path,title,metaTitle,h1,category,primaryKeyword,indexable,sitemapUrl
/,다옴법무사사무소,부산 법무사 | 다옴법무사사무소 안윤정,부산 법무사 안윤정,core,부산 법무사,yes,https://xn--2j1br1na42lvxja38mk8r.kr
/about,안윤정 법무사 소개,안윤정 법무사 소개,안윤정 법무사 소개,core,안윤정 법무사,yes,https://xn--2j1br1na42lvxja38mk8r.kr/about
/office,해운대·센텀 법무사 사무소,해운대·센텀 법무사 사무소 | 다옴법무사사무소,해운대·센텀 법무사 사무소,core,해운대 법무사,yes,https://xn--2j1br1na42lvxja38mk8r.kr/office
/services,부산 등기·상속·회생 업무안내,부산 등기·상속·회생 업무안내 | 다옴법무사사무소,부산 등기·상속·회생 업무안내,core,부산 상속등기,yes,https://xn--2j1br1na42lvxja38mk8r.kr/services
/blog,다옴법무사사무소 네이버 블로그 안내,다옴법무사사무소 네이버 블로그 안내,다옴법무사사무소 네이버 블로그,core,다옴법무사사무소,yes,https://xn--2j1br1na42lvxja38mk8r.kr/blog
/reviews,고객후기,고객후기 | 다옴법무사사무소,고객후기,core,부산 법무사,yes,https://xn--2j1br1na42lvxja38mk8r.kr/reviews
/faq,부산 법무사 FAQ,부산 법무사 FAQ | 다옴법무사사무소,부산 법무사 FAQ,core,부산 법무사,yes,https://xn--2j1br1na42lvxja38mk8r.kr/faq
/공지사항,공지사항,공지사항 | 다옴법무사사무소,공지사항,core,다옴법무사사무소,yes,https://xn--2j1br1na42lvxja38mk8r.kr/%EA%B3%B5%EC%A7%80%EC%82%AC%ED%95%AD
/media,언론·활동,언론·활동 | 다옴법무사사무소,언론·활동,core,안윤정 법무사,yes,https://xn--2j1br1na42lvxja38mk8r.kr/media
/contact,상담 문의 · 해운대·센텀,상담 문의 · 해운대·센텀 | 다옴법무사사무소,상담 문의,core,해운대 법무사,yes,https://xn--2j1br1na42lvxja38mk8r.kr/contact
/location,오시는 길 · 센텀,오시는 길 · 센텀 | 다옴법무사사무소,오시는 길 · 센텀,core,해운대 법무사,yes,https://xn--2j1br1na42lvxja38mk8r.kr/location
/search-guides,검색의도 안내 — 추천·비용·서류·기한,검색의도 안내 — 추천·비용·서류·기한 | 다옴법무사사무소,검색의도 SEO 안내,core,부산 법무사 추천,yes,https://xn--2j1br1na42lvxja38mk8r.kr/search-guides
/contact/inquiry,상담 문의 · 해운대·센텀,상담 문의 · 해운대·센텀 | 다옴법무사사무소,상담 문의,core,해운대 법무사,yes,https://xn--2j1br1na42lvxja38mk8r.kr/contact/inquiry
/개인정보처리방침,개인정보처리방침,개인정보처리방침 | 다옴법무사사무소,개인정보처리방침,core,개인정보처리방침,yes,https://xn--2j1br1na42lvxja38mk8r.kr/%EA%B0%9C%EC%9D%B8%EC%A0%95%EB%B3%B4%EC%B2%98%EB%A6%AC%EB%B0%A9%EC%B9%A8
/이용약관,이용약관,이용약관 | 다옴법무사사무소,이용약관,core,이용약관,yes,https://xn--2j1br1na42lvxja38mk8r.kr/%EC%9D%B4%EC%9A%A9%EC%95%BD%EA%B4%80
/자가진단,부산 업무별 자가진단 모음,부산 업무별 자가진단 모음 | 상속·… | 다옴법무사사무소,부산 법무사 업무별 자가진단,diagnosis,부산 법무사,yes,https://xn--2j1br1na42lvxja38mk8r.kr/%EC%9E%90%EA%B0%80%EC%A7%84%EB%8B%A8
/상속등기자가진단,부모님 사망 후 집 명의변경·상속등기 자가진단,부모님 사망 후 집 명의변경·상속등기… | 다옴법무사사무소,부산 상속등기 자가진단 — 부모님 사망 후 집 명의변경·필요서류·기간,diagnosis,상속등기,yes,https://xn--2j1br1na42lvxja38mk8r.kr/%EC%83%81%EC%86%8D%EB%93%B1%EA%B8%B0%EC%9E%90%EA%B0%80%EC%A7%84%EB%8B%A8
/상속포기자가진단,상속포기 3개월·빚 상속포기 자가진단,상속포기 3개월·빚 상속포기 자가진단 | 다옴법무사사무소,부산 상속포기 자가진단 — 3개월 기한·빚·필요서류,diagnosis,상속포기,yes,https://xn--2j1br1na42lvxja38mk8r.kr/%EC%83%81%EC%86%8D%ED%8F%AC%EA%B8%B0%EC%9E%90%EA%B0%80%EC%A7%84%EB%8B%A8
/한정승인자가진단,한정승인 절차·상속채무 자가진단,한정승인 절차·상속채무 자가진단 | … | 다옴법무사사무소,부산 한정승인 자가진단 — 상속채무·절차·상속포기와의 차이,diagnosis,한정승인,yes,https://xn--2j1br1na42lvxja38mk8r.kr/%ED%95%9C%EC%A0%95%EC%8A%B9%EC%9D%B8%EC%9E%90%EA%B0%80%EC%A7%84%EB%8B%A8
/법인등기자가진단,법인 변경등기·대표 변경·본점이전,법인 변경등기·대표 변경·본점이전 |… | 다옴법무사사무소,부산 법인등기 자가진단 — 법인 변경등기·대표 변경·본점이전,diagnosis,법인등기,yes,https://xn--2j1br1na42lvxja38mk8r.kr/%EB%B2%95%EC%9D%B8%EB%93%B1%EA%B8%B0%EC%9E%90%EA%B0%80%EC%A7%84%EB%8B%A8
/법인설립자가진단,법인설립등기 자가진단,법인설립등기 자가진단 | 부산 주식회… | 다옴법무사사무소,부산 법인설립등기 자가진단 — 정관·자본금·임원,diagnosis,법인설립등기,yes,https://xn--2j1br1na42lvxja38mk8r.kr/%EB%B2%95%EC%9D%B8%EC%84%A4%EB%A6%BD%EC%9E%90%EA%B0%80%EC%A7%84%EB%8B%A8
/임원변경등기자가진단,임원변경등기 과태료·대표이사 변경등기,임원변경등기 과태료·대표이사 변경등기… | 다옴법무사사무소,부산 임원변경등기 자가진단 — 대표이사 변경·2주 기한·과태료,diagnosis,임원변경등기,yes,https://xn--2j1br1na42lvxja38mk8r.kr/%EC%9E%84%EC%9B%90%EB%B3%80%EA%B2%BD%EB%93%B1%EA%B8%B0%EC%9E%90%EA%B0%80%EC%A7%84%EB%8B%A8
/부동산등기자가진단,잔금 후 등기·부산 부동산등기 자가진단,잔금 후 등기·부산 부동산등기 자가진… | 다옴법무사사무소,부산 부동산등기 자가진단 — 잔금 후 등기·근저당 말소·서류,diagnosis,부동산등기,yes,https://xn--2j1br1na42lvxja38mk8r.kr/%EB%B6%80%EB%8F%99%EC%82%B0%EB%93%B1%EA%B8%B0%EC%9E%90%EA%B0%80%EC%A7%84%EB%8B%A8
/소유권이전등기자가진단,소유권이전등기 서류·비용 자가진단,소유권이전등기 서류·비용 자가진단 |… | 다옴법무사사무소,부산 소유권이전등기 자가진단 — 서류·비용·절차,diagnosis,소유권이전등기,yes,https://xn--2j1br1na42lvxja38mk8r.kr/%EC%86%8C%EC%9C%A0%EA%B6%8C%EC%9D%B4%EC%A0%84%EB%93%B1%EA%B8%B0%EC%9E%90%EA%B0%80%EC%A7%84%EB%8B%A8
/개인회생자가진단,개인회생 가능성·급여압류 자가진단,개인회생 가능성·급여압류 자가진단 |… | 다옴법무사사무소,부산 개인회생 자가진단 — 가능성·급여압류·카드 연체,diagnosis,개인회생,yes,https://xn--2j1br1na42lvxja38mk8r.kr/%EA%B0%9C%EC%9D%B8%ED%9A%8C%EC%83%9D%EC%9E%90%EA%B0%80%EC%A7%84%EB%8B%A8
/개인파산자가진단,개인파산 면책·신청 자격 자가진단,개인파산 면책·신청 자격 자가진단 |… | 다옴법무사사무소,부산 개인파산 자가진단 — 면책·신청 자격·소득 없는 채무자,diagnosis,개인파산,yes,https://xn--2j1br1na42lvxja38mk8r.kr/%EA%B0%9C%EC%9D%B8%ED%8C%8C%EC%82%B0%EC%9E%90%EA%B0%80%EC%A7%84%EB%8B%A8
/전세보증금자가진단,전세보증금 반환·집주인 연락두절 자가진단,전세보증금 반환·집주인 연락두절 자가… | 다옴법무사사무소,부산 전세보증금 자가진단 — 반환·연락두절·임차권등기명령,diagnosis,전세보증금,yes,https://xn--2j1br1na42lvxja38mk8r.kr/%EC%A0%84%EC%84%B8%EB%B3%B4%EC%A6%9D%EA%B8%88%EC%9E%90%EA%B0%80%EC%A7%84%EB%8B%A8
/임차권등기명령자가진단,임차권등기명령 자가진단,임차권등기명령 자가진단 | 전세보증금 보호·부산 | 다옴법무사사무소,부산 임차권등기명령 자가진단 — 요건·시기·보증금 보호,diagnosis,임차권등기명령,yes,https://xn--2j1br1na42lvxja38mk8r.kr/%EC%9E%84%EC%B0%A8%EA%B6%8C%EB%93%B1%EA%B8%B0%EB%AA%85%EB%A0%B9%EC%9E%90%EA%B0%80%EC%A7%84%EB%8B%A8
/지급명령자가진단,돈 못 받았을 때 지급명령 자가진단,돈 못 받았을 때 지급명령 자가진단 … | 다옴법무사사무소,부산 지급명령 자가진단 — 돈 못 받았을 때·차용증·신청 요건,diagnosis,지급명령,yes,https://xn--2j1br1na42lvxja38mk8r.kr/%EC%A7%80%EA%B8%89%EB%AA%85%EB%A0%B9%EC%9E%90%EA%B0%80%EC%A7%84%EB%8B%A8
/내용증명자가진단,내용증명 자가진단,내용증명 자가진단 | 계약 해지·채무 독촉·부산 | 다옴법무사사무소,부산 내용증명 자가진단 — 계약 해지·독촉·의사표시,diagnosis,내용증명,yes,https://xn--2j1br1na42lvxja38mk8r.kr/%EB%82%B4%EC%9A%A9%EC%A6%9D%EB%AA%85%EC%9E%90%EA%B0%80%EC%A7%84%EB%8B%A8
/공탁자가진단,공탁 자가진단,공탁 자가진단 | 부산 채권·보증금 공탁 | 다옴법무사사무소,부산 공탁 자가진단 — 채권·보증금 공탁 절차,diagnosis,공탁,yes,https://xn--2j1br1na42lvxja38mk8r.kr/%EA%B3%B5%ED%83%81%EC%9E%90%EA%B0%80%EC%A7%84%EB%8B%A8
/성년후견자가진단,성년후견 자가진단,성년후견 자가진단 | 부산 가정법원·의사·재산관리 | 다옴법무사사무소,부산 성년후견 자가진단 — 가정법원·감정·재산관리,diagnosis,성년후견,yes,https://xn--2j1br1na42lvxja38mk8r.kr/%EC%84%B1%EB%85%84%ED%9B%84%EA%B2%AC%EC%9E%90%EA%B0%80%EC%A7%84%EB%8B%A8
/특별대리인자가진단,특별대리인 자가진단,특별대리인 자가진단 | 부산 가정법원·이혼·상속 | 다옴법무사사무소,부산 특별대리인 자가진단 — 가정법원 선임,diagnosis,특별대리인,yes,https://xn--2j1br1na42lvxja38mk8r.kr/%ED%8A%B9%EB%B3%84%EB%8C%80%EB%A6%AC%EC%9D%B8%EC%9E%90%EA%B0%80%EC%A7%84%EB%8B%A8
/선박등기자가진단,선박등기 자가진단,선박등기 자가진단 | 부산 항만·어선·요트 | 다옴법무사사무소,부산 선박등기 자가진단 — 소유권·저당·말소,diagnosis,선박등기,yes,https://xn--2j1br1na42lvxja38mk8r.kr/%EC%84%A0%EB%B0%95%EB%93%B1%EA%B8%B0%EC%9E%90%EA%B0%80%EC%A7%84%EB%8B%A8
/부산상속등기,부산 상속등기 법무사,부산 상속등기 법무사｜상속인 구성에 따라 달라지는 서류와 진행 순서,"부산 상속등기 법무사, 명의이전 서류와 진행 순서",local,부산 상속등기 법무사,yes,https://xn--2j1br1na42lvxja38mk8r.kr/%EB%B6%80%EC%82%B0%EC%83%81%EC%86%8D%EB%93%B1%EA%B8%B0
/부산상속포기,부산 상속포기 법무사,부산 상속포기 법무사｜3개월 기한과 후순위 상속 효과를 먼저 확인,"부산 상속포기 법무사, 기한과 후순위부터 확인하세요",local,부산 상속포기 법무사,yes,https://xn--2j1br1na42lvxja38mk8r.kr/%EB%B6%80%EC%82%B0%EC%83%81%EC%86%8D%ED%8F%AC%EA%B8%B0
/부산한정승인,부산 한정승인 법무사,부산 한정승인 법무사｜상속채무가 걱정될 때 3개월 안에 확인할 절차,"부산 한정승인 법무사, 상속채무가 불확실할 때 먼저 볼 기준",local,부산 한정승인 법무사,yes,https://xn--2j1br1na42lvxja38mk8r.kr/%EB%B6%80%EC%82%B0%ED%95%9C%EC%A0%95%EC%8A%B9%EC%9D%B8
/부산법인설립등기,부산 법인설립 법무사,부산 법인설립 법무사｜정관·임원·자본금부터 맞추는 설립등기,"부산 법인설립 법무사, 정관과 설립총회부터 정리",local,부산 법인설립 법무사,yes,https://xn--2j1br1na42lvxja38mk8r.kr/%EB%B6%80%EC%82%B0%EB%B2%95%EC%9D%B8%EC%84%A4%EB%A6%BD%EB%93%B1%EA%B8%B0
/부산임원변경등기,부산 임원변경등기,부산 임원변경등기｜대표이사·이사 임기와 과태료 확인사항,"부산 임원변경등기, 대표이사 임기와 과태료부터 확인",local,부산 임원변경등기,yes,https://xn--2j1br1na42lvxja38mk8r.kr/%EB%B6%80%EC%82%B0%EC%9E%84%EC%9B%90%EB%B3%80%EA%B2%BD%EB%93%B1%EA%B8%B0
/부산부동산등기,부산 부동산등기 법무사,부산 부동산등기 법무사｜잔금·말소·소유권이전 순서를 맞추려면,"부산 부동산등기 법무사, 매매·증여 이전 순서 정리",local,부산 부동산등기 법무사,yes,https://xn--2j1br1na42lvxja38mk8r.kr/%EB%B6%80%EC%82%B0%EB%B6%80%EB%8F%99%EC%82%B0%EB%93%B1%EA%B8%B0
/부산법인등기,부산 법인등기 법무사,부산 법인등기 법무사｜임원·본점·사업목적 변경을 놓치지 않으려면,"부산 법인등기 법무사, 설립부터 임원·본점 변경까지",local,부산 법인등기 법무사,yes,https://xn--2j1br1na42lvxja38mk8r.kr/%EB%B6%80%EC%82%B0%EB%B2%95%EC%9D%B8%EB%93%B1%EA%B8%B0
/부산소유권이전등기,부산 소유권이전등기,부산 소유권이전등기｜매매·증여·상속 원인별,부산 소유권이전등기 — 매매·증여·상속 원인별 안내,local,부산 소유권이전등기,yes,https://xn--2j1br1na42lvxja38mk8r.kr/%EB%B6%80%EC%82%B0%EC%86%8C%EC%9C%A0%EA%B6%8C%EC%9D%B4%EC%A0%84%EB%93%B1%EA%B8%B0
/부산개인회생,부산 개인회생,부산 개인회생 안내 | 다옴법무사사무소,부산 개인회생 법무사 상담,local,부산,yes,https://xn--2j1br1na42lvxja38mk8r.kr/%EB%B6%80%EC%82%B0%EA%B0%9C%EC%9D%B8%ED%9A%8C%EC%83%9D
/부산파산,부산파산,부산파산 안내 | 다옴법무사사무소,부산 개인파산 법무사 상담,local,부산,yes,https://xn--2j1br1na42lvxja38mk8r.kr/%EB%B6%80%EC%82%B0%ED%8C%8C%EC%82%B0
/해운대구상속등기,해운대구 상속등기,해운대구 상속등기 안내 | 다옴법무사사무소,해운대구 상속등기 법무사 상담,local,해운대구,yes,https://xn--2j1br1na42lvxja38mk8r.kr/%ED%95%B4%EC%9A%B4%EB%8C%80%EA%B5%AC%EC%83%81%EC%86%8D%EB%93%B1%EA%B8%B0
/해운대구상속포기,해운대구 상속포기,해운대구 상속포기 안내 | 다옴법무사사무소,해운대구 상속포기 법무사 상담,local,해운대구,yes,https://xn--2j1br1na42lvxja38mk8r.kr/%ED%95%B4%EC%9A%B4%EB%8C%80%EA%B5%AC%EC%83%81%EC%86%8D%ED%8F%AC%EA%B8%B0
/해운대구한정승인,해운대구 한정승인,해운대구 한정승인 안내 | 다옴법무사사무소,해운대구 한정승인 법무사 상담,local,해운대구,yes,https://xn--2j1br1na42lvxja38mk8r.kr/%ED%95%B4%EC%9A%B4%EB%8C%80%EA%B5%AC%ED%95%9C%EC%A0%95%EC%8A%B9%EC%9D%B8
/해운대구법인등기,해운대구 법인등기,해운대구 법인등기 안내 | 다옴법무사사무소,해운대구 법인등기 법무사 상담,local,해운대구,yes,https://xn--2j1br1na42lvxja38mk8r.kr/%ED%95%B4%EC%9A%B4%EB%8C%80%EA%B5%AC%EB%B2%95%EC%9D%B8%EB%93%B1%EA%B8%B0
/해운대구부동산등기,해운대구 부동산등기,해운대구 부동산등기 안내 | 다옴법무사사무소,해운대구 부동산등기 법무사 상담,local,해운대구,yes,https://xn--2j1br1na42lvxja38mk8r.kr/%ED%95%B4%EC%9A%B4%EB%8C%80%EA%B5%AC%EB%B6%80%EB%8F%99%EC%82%B0%EB%93%B1%EA%B8%B0
/연제구상속등기,연제구 상속등기,연제구 상속등기 안내 | 다옴법무사사무소,연제구 상속등기 법무사 상담,local,연제구,yes,https://xn--2j1br1na42lvxja38mk8r.kr/%EC%97%B0%EC%A0%9C%EA%B5%AC%EC%83%81%EC%86%8D%EB%93%B1%EA%B8%B0
/연제구상속포기,연제구 상속포기,연제구 상속포기 안내 | 다옴법무사사무소,연제구 상속포기 법무사 상담,local,연제구,yes,https://xn--2j1br1na42lvxja38mk8r.kr/%EC%97%B0%EC%A0%9C%EA%B5%AC%EC%83%81%EC%86%8D%ED%8F%AC%EA%B8%B0
/연제구법인등기,연제구 법인등기,연제구 법인등기 안내 | 다옴법무사사무소,연제구 법인등기 법무사 상담,local,연제구,yes,https://xn--2j1br1na42lvxja38mk8r.kr/%EC%97%B0%EC%A0%9C%EA%B5%AC%EB%B2%95%EC%9D%B8%EB%93%B1%EA%B8%B0
/연제구임원변경등기,연제구 임원변경등기,연제구 임원변경등기 안내 | 다옴법무사사무소,연제구 임원변경등기 법무사 상담,local,연제구,yes,https://xn--2j1br1na42lvxja38mk8r.kr/%EC%97%B0%EC%A0%9C%EA%B5%AC%EC%9E%84%EC%9B%90%EB%B3%80%EA%B2%BD%EB%93%B1%EA%B8%B0
/수영구상속등기,수영구 상속등기,수영구 상속등기 안내 | 다옴법무사사무소,수영구 상속등기 법무사 상담,local,수영구,yes,https://xn--2j1br1na42lvxja38mk8r.kr/%EC%88%98%EC%98%81%EA%B5%AC%EC%83%81%EC%86%8D%EB%93%B1%EA%B8%B0
/수영구부동산등기,수영구 부동산등기,수영구 부동산등기 안내 | 다옴법무사사무소,수영구 부동산등기 법무사 상담,local,수영구,yes,https://xn--2j1br1na42lvxja38mk8r.kr/%EC%88%98%EC%98%81%EA%B5%AC%EB%B6%80%EB%8F%99%EC%82%B0%EB%93%B1%EA%B8%B0
/수영구법인등기,수영구 법인등기,수영구 법인등기 안내 | 다옴법무사사무소,수영구 법인등기 법무사 상담,local,수영구,yes,https://xn--2j1br1na42lvxja38mk8r.kr/%EC%88%98%EC%98%81%EA%B5%AC%EB%B2%95%EC%9D%B8%EB%93%B1%EA%B8%B0
/수영구개인회생,수영구 개인회생,수영구 개인회생 안내 | 다옴법무사사무소,수영구 개인회생 법무사 상담,local,수영구,yes,https://xn--2j1br1na42lvxja38mk8r.kr/%EC%88%98%EC%98%81%EA%B5%AC%EA%B0%9C%EC%9D%B8%ED%9A%8C%EC%83%9D
/동래구상속등기,동래구 상속등기,동래구 상속등기 안내 | 다옴법무사사무소,동래구 상속등기 법무사 상담,local,동래구,yes,https://xn--2j1br1na42lvxja38mk8r.kr/%EB%8F%99%EB%9E%98%EA%B5%AC%EC%83%81%EC%86%8D%EB%93%B1%EA%B8%B0
/동래구법인등기,동래구 법인등기,동래구 법인등기 안내 | 다옴법무사사무소,동래구 법인등기 법무사 상담,local,동래구,yes,https://xn--2j1br1na42lvxja38mk8r.kr/%EB%8F%99%EB%9E%98%EA%B5%AC%EB%B2%95%EC%9D%B8%EB%93%B1%EA%B8%B0
/동래구한정승인,동래구 한정승인,동래구 한정승인 안내 | 다옴법무사사무소,동래구 한정승인 법무사 상담,local,동래구,yes,https://xn--2j1br1na42lvxja38mk8r.kr/%EB%8F%99%EB%9E%98%EA%B5%AC%ED%95%9C%EC%A0%95%EC%8A%B9%EC%9D%B8
/동래구임원변경등기,동래구 임원변경등기,동래구 임원변경등기 안내 | 다옴법무사사무소,동래구 임원변경등기 법무사 상담,local,동래구,yes,https://xn--2j1br1na42lvxja38mk8r.kr/%EB%8F%99%EB%9E%98%EA%B5%AC%EC%9E%84%EC%9B%90%EB%B3%80%EA%B2%BD%EB%93%B1%EA%B8%B0
/기장군상속등기,기장군 상속등기,기장군 상속등기 안내 | 다옴법무사사무소,기장군 상속등기 법무사 상담,local,기장군,yes,https://xn--2j1br1na42lvxja38mk8r.kr/%EA%B8%B0%EC%9E%A5%EA%B5%B0%EC%83%81%EC%86%8D%EB%93%B1%EA%B8%B0
/기장군상속포기,기장군 상속포기,기장군 상속포기 안내 | 다옴법무사사무소,기장군 상속포기 법무사 상담,local,기장군,yes,https://xn--2j1br1na42lvxja38mk8r.kr/%EA%B8%B0%EC%9E%A5%EA%B5%B0%EC%83%81%EC%86%8D%ED%8F%AC%EA%B8%B0
/기장군한정승인,기장군 한정승인,기장군 한정승인 안내 | 다옴법무사사무소,기장군 한정승인 법무사 상담,local,기장군,yes,https://xn--2j1br1na42lvxja38mk8r.kr/%EA%B8%B0%EC%9E%A5%EA%B5%B0%ED%95%9C%EC%A0%95%EC%8A%B9%EC%9D%B8
/기장군법인등기,기장군 법인등기,기장군 법인등기 안내 | 다옴법무사사무소,기장군 법인등기 법무사 상담,local,기장군,yes,https://xn--2j1br1na42lvxja38mk8r.kr/%EA%B8%B0%EC%9E%A5%EA%B5%B0%EB%B2%95%EC%9D%B8%EB%93%B1%EA%B8%B0
/기장군부동산등기,기장군 부동산등기,기장군 부동산등기 안내 | 다옴법무사사무소,기장군 부동산등기 법무사 상담,local,기장군,yes,https://xn--2j1br1na42lvxja38mk8r.kr/%EA%B8%B0%EC%9E%A5%EA%B5%B0%EB%B6%80%EB%8F%99%EC%82%B0%EB%93%B1%EA%B8%B0
/북구상속등기,북구 상속등기,북구 상속등기 안내 | 다옴법무사사무소,북구 상속등기 법무사 상담,local,북구,yes,https://xn--2j1br1na42lvxja38mk8r.kr/%EB%B6%81%EA%B5%AC%EC%83%81%EC%86%8D%EB%93%B1%EA%B8%B0
/북구부동산등기,북구 부동산등기,북구 부동산등기 안내 | 다옴법무사사무소,북구 부동산등기 법무사 상담,local,북구,yes,https://xn--2j1br1na42lvxja38mk8r.kr/%EB%B6%81%EA%B5%AC%EB%B6%80%EB%8F%99%EC%82%B0%EB%93%B1%EA%B8%B0
/북구개인회생,북구 개인회생,북구 개인회생 안내 | 다옴법무사사무소,북구 개인회생 법무사 상담,local,북구,yes,https://xn--2j1br1na42lvxja38mk8r.kr/%EB%B6%81%EA%B5%AC%EA%B0%9C%EC%9D%B8%ED%9A%8C%EC%83%9D
/북구상속포기,북구 상속포기,북구 상속포기 안내 | 다옴법무사사무소,북구 상속포기 법무사 상담,local,북구,yes,https://xn--2j1br1na42lvxja38mk8r.kr/%EB%B6%81%EA%B5%AC%EC%83%81%EC%86%8D%ED%8F%AC%EA%B8%B0
/사상구상속등기,사상구 상속등기,사상구 상속등기 안내 | 다옴법무사사무소,사상구 상속등기 법무사 상담,local,사상구,yes,https://xn--2j1br1na42lvxja38mk8r.kr/%EC%82%AC%EC%83%81%EA%B5%AC%EC%83%81%EC%86%8D%EB%93%B1%EA%B8%B0
/사상구부동산등기,사상구 부동산등기,사상구 부동산등기 안내 | 다옴법무사사무소,사상구 부동산등기 법무사 상담,local,사상구,yes,https://xn--2j1br1na42lvxja38mk8r.kr/%EC%82%AC%EC%83%81%EA%B5%AC%EB%B6%80%EB%8F%99%EC%82%B0%EB%93%B1%EA%B8%B0
/사상구상속포기,사상구 상속포기,사상구 상속포기 안내 | 다옴법무사사무소,사상구 상속포기 법무사 상담,local,사상구,yes,https://xn--2j1br1na42lvxja38mk8r.kr/%EC%82%AC%EC%83%81%EA%B5%AC%EC%83%81%EC%86%8D%ED%8F%AC%EA%B8%B0
/사상구개인회생,사상구 개인회생,사상구 개인회생 안내 | 다옴법무사사무소,사상구 개인회생 법무사 상담,local,사상구,yes,https://xn--2j1br1na42lvxja38mk8r.kr/%EC%82%AC%EC%83%81%EA%B5%AC%EA%B0%9C%EC%9D%B8%ED%9A%8C%EC%83%9D
/금정구상속등기,금정구 상속등기,금정구 상속등기 안내 | 다옴법무사사무소,금정구 상속등기 법무사 상담,local,금정구,yes,https://xn--2j1br1na42lvxja38mk8r.kr/%EA%B8%88%EC%A0%95%EA%B5%AC%EC%83%81%EC%86%8D%EB%93%B1%EA%B8%B0
/금정구한정승인,금정구 한정승인,금정구 한정승인 안내 | 다옴법무사사무소,금정구 한정승인 법무사 상담,local,금정구,yes,https://xn--2j1br1na42lvxja38mk8r.kr/%EA%B8%88%EC%A0%95%EA%B5%AC%ED%95%9C%EC%A0%95%EC%8A%B9%EC%9D%B8
/금정구부동산등기,금정구 부동산등기,금정구 부동산등기 안내 | 다옴법무사사무소,금정구 부동산등기 법무사 상담,local,금정구,yes,https://xn--2j1br1na42lvxja38mk8r.kr/%EA%B8%88%EC%A0%95%EA%B5%AC%EB%B6%80%EB%8F%99%EC%82%B0%EB%93%B1%EA%B8%B0
/센텀법인설립등기,센텀 법인설립등기,센텀 법인설립등기 안내 | 다옴법무사사무소,센텀 법인설립등기 법무사 상담,local,센텀,yes,https://xn--2j1br1na42lvxja38mk8r.kr/%EC%84%BC%ED%85%80%EB%B2%95%EC%9D%B8%EC%84%A4%EB%A6%BD%EB%93%B1%EA%B8%B0
/센텀임원변경등기,센텀 임원변경등기,센텀 임원변경등기 안내 | 다옴법무사사무소,센텀 임원변경등기 법무사 상담,local,센텀,yes,https://xn--2j1br1na42lvxja38mk8r.kr/%EC%84%BC%ED%85%80%EC%9E%84%EC%9B%90%EB%B3%80%EA%B2%BD%EB%93%B1%EA%B8%B0
/센텀부동산등기,센텀 부동산등기,센텀 부동산등기 안내 | 다옴법무사사무소,센텀 부동산등기 법무사 상담,local,센텀,yes,https://xn--2j1br1na42lvxja38mk8r.kr/%EC%84%BC%ED%85%80%EB%B6%80%EB%8F%99%EC%82%B0%EB%93%B1%EA%B8%B0
/해운대구법인설립등기,해운대구 법인설립등기,해운대구 법인설립등기 안내 | 다옴법무사사무소,해운대구 법인설립등기 법무사 상담,local,해운대구,yes,https://xn--2j1br1na42lvxja38mk8r.kr/%ED%95%B4%EC%9A%B4%EB%8C%80%EA%B5%AC%EB%B2%95%EC%9D%B8%EC%84%A4%EB%A6%BD%EB%93%B1%EA%B8%B0
/해운대구임원변경등기,해운대구 임원변경등기,해운대구 임원변경등기 안내 | 다옴법무사사무소,해운대구 임원변경등기 법무사 상담,local,해운대구,yes,https://xn--2j1br1na42lvxja38mk8r.kr/%ED%95%B4%EC%9A%B4%EB%8C%80%EA%B5%AC%EC%9E%84%EC%9B%90%EB%B3%80%EA%B2%BD%EB%93%B1%EA%B8%B0
/연제구부동산등기,연제구 부동산등기,연제구 부동산등기 안내 | 다옴법무사사무소,연제구 부동산등기 법무사 상담,local,연제구,yes,https://xn--2j1br1na42lvxja38mk8r.kr/%EC%97%B0%EC%A0%9C%EA%B5%AC%EB%B6%80%EB%8F%99%EC%82%B0%EB%93%B1%EA%B8%B0
/연제구한정승인,연제구 한정승인,연제구 한정승인 안내 | 다옴법무사사무소,연제구 한정승인 법무사 상담,local,연제구,yes,https://xn--2j1br1na42lvxja38mk8r.kr/%EC%97%B0%EC%A0%9C%EA%B5%AC%ED%95%9C%EC%A0%95%EC%8A%B9%EC%9D%B8
/수영구상속포기,수영구 상속포기,수영구 상속포기 안내 | 다옴법무사사무소,수영구 상속포기 법무사 상담,local,수영구,yes,https://xn--2j1br1na42lvxja38mk8r.kr/%EC%88%98%EC%98%81%EA%B5%AC%EC%83%81%EC%86%8D%ED%8F%AC%EA%B8%B0
/동래구부동산등기,동래구 부동산등기,동래구 부동산등기 안내 | 다옴법무사사무소,동래구 부동산등기 법무사 상담,local,동래구,yes,https://xn--2j1br1na42lvxja38mk8r.kr/%EB%8F%99%EB%9E%98%EA%B5%AC%EB%B6%80%EB%8F%99%EC%82%B0%EB%93%B1%EA%B8%B0
/사하구부동산등기,사하구 부동산등기,사하구 부동산등기 안내 | 다옴법무사사무소,사하구 부동산등기 법무사 상담,local,사하구,yes,https://xn--2j1br1na42lvxja38mk8r.kr/%EC%82%AC%ED%95%98%EA%B5%AC%EB%B6%80%EB%8F%99%EC%82%B0%EB%93%B1%EA%B8%B0
/서구부동산등기,서구 부동산등기,서구 부동산등기 안내 | 다옴법무사사무소,서구 부동산등기 법무사 상담,local,서구,yes,https://xn--2j1br1na42lvxja38mk8r.kr/%EC%84%9C%EA%B5%AC%EB%B6%80%EB%8F%99%EC%82%B0%EB%93%B1%EA%B8%B0
/영도구부동산등기,영도구 부동산등기,영도구 부동산등기 안내 | 다옴법무사사무소,영도구 부동산등기 법무사 상담,local,영도구,yes,https://xn--2j1br1na42lvxja38mk8r.kr/%EC%98%81%EB%8F%84%EA%B5%AC%EB%B6%80%EB%8F%99%EC%82%B0%EB%93%B1%EA%B8%B0
/부산법무사,부산에서 법무사 찾을 때 확인사항,부산에서 법무사 찾을 때 확인할 업무·비용·상담 기준 | 다옴법무사사무소,부산에서 법무사를 찾을 때 먼저 확인할 기준,local,부산 법무사 선택 기준,yes,https://xn--2j1br1na42lvxja38mk8r.kr/%EB%B6%80%EC%82%B0%EB%B2%95%EB%AC%B4%EC%82%AC
/해운대법무사,해운대 법무사,해운대 법무사 안내 | 다옴법무사사무소,해운대 법무사 상담 — 다옴법무사사무소,local,해운대 법무사,yes,https://xn--2j1br1na42lvxja38mk8r.kr/%ED%95%B4%EC%9A%B4%EB%8C%80%EB%B2%95%EB%AC%B4%EC%82%AC
/센텀법무사,센텀 법무사,센텀 법무사 안내 | 다옴법무사사무소,센텀 법무사 상담 — 다옴법무사사무소,local,센텀 법무사,yes,https://xn--2j1br1na42lvxja38mk8r.kr/%EC%84%BC%ED%85%80%EB%B2%95%EB%AC%B4%EC%82%AC
/재송동법무사,재송동 법무사,재송동 법무사 안내 | 다옴법무사사무소,재송동 법무사 상담 — 다옴법무사사무소,local,재송동 법무사,yes,https://xn--2j1br1na42lvxja38mk8r.kr/%EC%9E%AC%EC%86%A1%EB%8F%99%EB%B2%95%EB%AC%B4%EC%82%AC
/반여동법무사,반여동 법무사,반여동 법무사 안내 | 다옴법무사사무소,반여동 법무사 상담 — 다옴법무사사무소,local,반여동 법무사,yes,https://xn--2j1br1na42lvxja38mk8r.kr/%EB%B0%98%EC%97%AC%EB%8F%99%EB%B2%95%EB%AC%B4%EC%82%AC
/수영구법무사,수영구 법무사,수영구 법무사 안내 | 다옴법무사사무소,수영구 법무사 상담 — 다옴법무사사무소,local,수영구 법무사,yes,https://xn--2j1br1na42lvxja38mk8r.kr/%EC%88%98%EC%98%81%EA%B5%AC%EB%B2%95%EB%AC%B4%EC%82%AC
/연제구법무사,연제구 법무사,연제구 법무사 안내 | 다옴법무사사무소,연제구 법무사 상담 — 다옴법무사사무소,local,연제구 법무사,yes,https://xn--2j1br1na42lvxja38mk8r.kr/%EC%97%B0%EC%A0%9C%EA%B5%AC%EB%B2%95%EB%AC%B4%EC%82%AC
/동래구법무사,동래구 법무사,동래구 법무사 안내 | 다옴법무사사무소,동래구 법무사 상담 — 다옴법무사사무소,local,동래구 법무사,yes,https://xn--2j1br1na42lvxja38mk8r.kr/%EB%8F%99%EB%9E%98%EA%B5%AC%EB%B2%95%EB%AC%B4%EC%82%AC
/부산진구법무사,부산진구 법무사,부산진구 법무사 안내 | 다옴법무사사무소,부산진구 법무사 상담 — 다옴법무사사무소,local,부산진구 법무사,yes,https://xn--2j1br1na42lvxja38mk8r.kr/%EB%B6%80%EC%82%B0%EC%A7%84%EA%B5%AC%EB%B2%95%EB%AC%B4%EC%82%AC
/남구법무사,남구 법무사,남구 법무사 안내 | 다옴법무사사무소,남구 법무사 상담 — 다옴법무사사무소,local,남구 법무사,yes,https://xn--2j1br1na42lvxja38mk8r.kr/%EB%82%A8%EA%B5%AC%EB%B2%95%EB%AC%B4%EC%82%AC
/금정구법무사,금정구 법무사,금정구 법무사 안내 | 다옴법무사사무소,금정구 법무사 상담 — 다옴법무사사무소,local,금정구 법무사,yes,https://xn--2j1br1na42lvxja38mk8r.kr/%EA%B8%88%EC%A0%95%EA%B5%AC%EB%B2%95%EB%AC%B4%EC%82%AC
/북구법무사,북구 법무사,북구 법무사 안내 | 다옴법무사사무소,북구 법무사 상담 — 다옴법무사사무소,local,북구 법무사,yes,https://xn--2j1br1na42lvxja38mk8r.kr/%EB%B6%81%EA%B5%AC%EB%B2%95%EB%AC%B4%EC%82%AC
/기장군법무사,기장군 법무사,기장군 법무사 안내 | 다옴법무사사무소,기장군 법무사 상담 — 다옴법무사사무소,local,기장군 법무사,yes,https://xn--2j1br1na42lvxja38mk8r.kr/%EA%B8%B0%EC%9E%A5%EA%B5%B0%EB%B2%95%EB%AC%B4%EC%82%AC
/사상구법무사,사상구 법무사,사상구 법무사 안내 | 다옴법무사사무소,사상구 법무사 상담 — 다옴법무사사무소,local,사상구 법무사,yes,https://xn--2j1br1na42lvxja38mk8r.kr/%EC%82%AC%EC%83%81%EA%B5%AC%EB%B2%95%EB%AC%B4%EC%82%AC
/사하구법무사,사하구 법무사,사하구 법무사 안내 | 다옴법무사사무소,사하구 법무사 상담 — 다옴법무사사무소,local,사하구 법무사,yes,https://xn--2j1br1na42lvxja38mk8r.kr/%EC%82%AC%ED%95%98%EA%B5%AC%EB%B2%95%EB%AC%B4%EC%82%AC
/중구법무사,중구 법무사,중구 법무사 안내 | 다옴법무사사무소,중구 법무사 상담 — 다옴법무사사무소,local,중구 법무사,yes,https://xn--2j1br1na42lvxja38mk8r.kr/%EC%A4%91%EA%B5%AC%EB%B2%95%EB%AC%B4%EC%82%AC
/서구법무사,서구 법무사,서구 법무사 안내 | 다옴법무사사무소,서구 법무사 상담 — 다옴법무사사무소,local,서구 법무사,yes,https://xn--2j1br1na42lvxja38mk8r.kr/%EC%84%9C%EA%B5%AC%EB%B2%95%EB%AC%B4%EC%82%AC
/영도구법무사,영도구 법무사,영도구 법무사 안내 | 다옴법무사사무소,영도구 법무사 상담 — 다옴법무사사무소,local,영도구 법무사,yes,https://xn--2j1br1na42lvxja38mk8r.kr/%EC%98%81%EB%8F%84%EA%B5%AC%EB%B2%95%EB%AC%B4%EC%82%AC
/강서구법무사,강서구 법무사,강서구 법무사 안내 | 다옴법무사사무소,강서구 법무사 상담 — 다옴법무사사무소,local,강서구 법무사,yes,https://xn--2j1br1na42lvxja38mk8r.kr/%EA%B0%95%EC%84%9C%EA%B5%AC%EB%B2%95%EB%AC%B4%EC%82%AC
/동구법무사,동구 법무사,동구 법무사 안내 | 다옴법무사사무소,동구 법무사 상담 — 다옴법무사사무소,local,동구 법무사,yes,https://xn--2j1br1na42lvxja38mk8r.kr/%EB%8F%99%EA%B5%AC%EB%B2%95%EB%AC%B4%EC%82%AC
/부산법무사비용,부산 법무사 비용·수임료,부산 법무사 비용은 어떻게 정해질까｜보수·세금·공과금을 구분해서 확인하세요,부산 법무사 비용은 어떻게 정해질까,cost,부산,yes,https://xn--2j1br1na42lvxja38mk8r.kr/%EB%B6%80%EC%82%B0%EB%B2%95%EB%AC%B4%EC%82%AC%EB%B9%84%EC%9A%A9
/부산법무사보수표,부산 법무사 보수표,부산 법무사 보수표 안내 | 다옴법무사사무소,부산 법무사 보수표 안내 — 부산 다옴법무사사무소,cost,부산,yes,https://xn--2j1br1na42lvxja38mk8r.kr/%EB%B6%80%EC%82%B0%EB%B2%95%EB%AC%B4%EC%82%AC%EB%B3%B4%EC%88%98%ED%91%9C
/상속등기비용,상속등기 비용,상속등기 비용 안내 | 다옴법무사사무소,상속등기 비용 안내 — 부산 다옴법무사사무소,cost,부산,yes,https://xn--2j1br1na42lvxja38mk8r.kr/%EC%83%81%EC%86%8D%EB%93%B1%EA%B8%B0%EB%B9%84%EC%9A%A9
/상속포기비용,상속포기 비용,상속포기 비용 안내 | 다옴법무사사무소,상속포기 비용 안내 — 부산 다옴법무사사무소,cost,부산,yes,https://xn--2j1br1na42lvxja38mk8r.kr/%EC%83%81%EC%86%8D%ED%8F%AC%EA%B8%B0%EB%B9%84%EC%9A%A9
/한정승인비용,한정승인 비용,한정승인 비용 안내 | 다옴법무사사무소,한정승인 비용 안내 — 부산 다옴법무사사무소,cost,부산,yes,https://xn--2j1br1na42lvxja38mk8r.kr/%ED%95%9C%EC%A0%95%EC%8A%B9%EC%9D%B8%EB%B9%84%EC%9A%A9
/법인설립등기비용,법인설립등기 비용,법인설립등기 비용 안내 | 다옴법무사사무소,법인설립등기 비용 안내 — 부산 다옴법무사사무소,cost,센텀,yes,https://xn--2j1br1na42lvxja38mk8r.kr/%EB%B2%95%EC%9D%B8%EC%84%A4%EB%A6%BD%EB%93%B1%EA%B8%B0%EB%B9%84%EC%9A%A9
/임원변경등기과태료,임원변경등기 과태료,임원변경등기 과태료 안내 | 다옴법무사사무소,임원변경등기 과태료 안내 — 부산 다옴법무사사무소,cost,부산,yes,https://xn--2j1br1na42lvxja38mk8r.kr/%EC%9E%84%EC%9B%90%EB%B3%80%EA%B2%BD%EB%93%B1%EA%B8%B0%EA%B3%BC%ED%83%9C%EB%A3%8C
/소유권이전등기서류,소유권이전등기 서류,소유권이전등기 서류 안내 | 다옴법무사사무소,소유권이전등기 서류 안내 — 부산 다옴법무사사무소,cost,부산,yes,https://xn--2j1br1na42lvxja38mk8r.kr/%EC%86%8C%EC%9C%A0%EA%B6%8C%EC%9D%B4%EC%A0%84%EB%93%B1%EA%B8%B0%EC%84%9C%EB%A5%98
/상속등기필요서류,상속등기 필요서류,상속등기 필요서류 안내 | 다옴법무사사무소,상속등기 필요서류 안내 — 부산 다옴법무사사무소,cost,부산,yes,https://xn--2j1br1na42lvxja38mk8r.kr/%EC%83%81%EC%86%8D%EB%93%B1%EA%B8%B0%ED%95%84%EC%9A%94%EC%84%9C%EB%A5%98
/상속등기기간,상속등기 기간,상속등기 기간 안내 | 다옴법무사사무소,상속등기 기간 안내 — 부산 다옴법무사사무소,cost,부산,yes,https://xn--2j1br1na42lvxja38mk8r.kr/%EC%83%81%EC%86%8D%EB%93%B1%EA%B8%B0%EA%B8%B0%EA%B0%84
/부산지방법원법무사,부산지방법원 상속등기,부산지방법원 법무사 안내 | 다옴법무사사무소,부산지방법원 — 접수 절차·서류 안내,court,부산,yes,https://xn--2j1br1na42lvxja38mk8r.kr/%EB%B6%80%EC%82%B0%EC%A7%80%EB%B0%A9%EB%B2%95%EC%9B%90%EB%B2%95%EB%AC%B4%EC%82%AC
/부산지방법원등기국,부산지방법원 등기국 부동산등기,부산지방법원 등기국 부동산등기 안내 | 다옴법무사사무소,부산지방법원 등기국 — 접수 절차·서류 안내,court,부산,yes,https://xn--2j1br1na42lvxja38mk8r.kr/%EB%B6%80%EC%82%B0%EC%A7%80%EB%B0%A9%EB%B2%95%EC%9B%90%EB%93%B1%EA%B8%B0%EA%B5%AD
/부산지방법원동부지원법무사,부산지방법원 동부지원 개인회생,부산지방법원동부지원 법무사 안내 | 다옴법무사사무소,부산지방법원 동부지원 — 접수 절차·서류 안내,court,해운대,yes,https://xn--2j1br1na42lvxja38mk8r.kr/%EB%B6%80%EC%82%B0%EC%A7%80%EB%B0%A9%EB%B2%95%EC%9B%90%EB%8F%99%EB%B6%80%EC%A7%80%EC%9B%90%EB%B2%95%EB%AC%B4%EC%82%AC
/부산지방법원동부지원등기과,부산지방법원 동부지원 등기과 법인등기,부산지방법원 동부지원 등기과 법인등기 안내 | 다옴법무사사무소,부산지방법원 동부지원 등기과 — 접수 절차·서류 안내,court,센텀,yes,https://xn--2j1br1na42lvxja38mk8r.kr/%EB%B6%80%EC%82%B0%EC%A7%80%EB%B0%A9%EB%B2%95%EC%9B%90%EB%8F%99%EB%B6%80%EC%A7%80%EC%9B%90%EB%93%B1%EA%B8%B0%EA%B3%BC
/부산회생법원법무사,부산회생법원 개인회생,부산회생법원 법무사 안내 | 다옴법무사사무소,부산회생법원 — 접수 절차·서류 안내,court,부산,yes,https://xn--2j1br1na42lvxja38mk8r.kr/%EB%B6%80%EC%82%B0%ED%9A%8C%EC%83%9D%EB%B2%95%EC%9B%90%EB%B2%95%EB%AC%B4%EC%82%AC
/부산가정법원상속,부산가정법원 상속포기,부산가정법원 상속포기 안내 | 다옴법무사사무소,부산가정법원 — 접수 절차·서류 안내,court,부산,yes,https://xn--2j1br1na42lvxja38mk8r.kr/%EB%B6%80%EC%82%B0%EA%B0%80%EC%A0%95%EB%B2%95%EC%9B%90%EC%83%81%EC%86%8D
/남부산등기소법무사,남부산등기소 소유권이전등기,남부산등기소 법무사 안내 | 다옴법무사사무소,남부산등기소 — 접수 절차·서류 안내,court,남구,yes,https://xn--2j1br1na42lvxja38mk8r.kr/%EB%82%A8%EB%B6%80%EC%82%B0%EB%93%B1%EA%B8%B0%EC%86%8C%EB%B2%95%EB%AC%B4%EC%82%AC
/북부산등기소법무사,북부산등기소 상속등기,북부산등기소 법무사 안내 | 다옴법무사사무소,북부산등기소 — 접수 절차·서류 안내,court,북구,yes,https://xn--2j1br1na42lvxja38mk8r.kr/%EB%B6%81%EB%B6%80%EC%82%B0%EB%93%B1%EA%B8%B0%EC%86%8C%EB%B2%95%EB%AC%B4%EC%82%AC
/중부산등기소법무사,중부산등기소 임원변경등기,중부산등기소 법무사 안내 | 다옴법무사사무소,중부산등기소 — 접수 절차·서류 안내,court,동래구,yes,https://xn--2j1br1na42lvxja38mk8r.kr/%EC%A4%91%EB%B6%80%EC%82%B0%EB%93%B1%EA%B8%B0%EC%86%8C%EB%B2%95%EB%AC%B4%EC%82%AC
/부산진등기소법무사,부산진등기소 소유권이전등기,부산진등기소 법무사 안내 | 다옴법무사사무소,부산진등기소 — 접수 절차·서류 안내,court,부산진구,yes,https://xn--2j1br1na42lvxja38mk8r.kr/%EB%B6%80%EC%82%B0%EC%A7%84%EB%93%B1%EA%B8%B0%EC%86%8C%EB%B2%95%EB%AC%B4%EC%82%AC
/센텀법인등기,센텀 법인등기,센텀 법인등기 안내 | 다옴법무사사무소,센텀 법인등기 — 센텀 법무사 상담,businessDistrict,센텀,yes,https://xn--2j1br1na42lvxja38mk8r.kr/%EC%84%BC%ED%85%80%EB%B2%95%EC%9D%B8%EB%93%B1%EA%B8%B0
/문현금융단지법인등기,문현금융단지 법인등기,문현금융단지 법인등기 안내 | 다옴법무사사무소,문현금융단지 법인등기 — 문현금융단지 법무사 상담,businessDistrict,문현동,yes,https://xn--2j1br1na42lvxja38mk8r.kr/%EB%AC%B8%ED%98%84%EA%B8%88%EC%9C%B5%EB%8B%A8%EC%A7%80%EB%B2%95%EC%9D%B8%EB%93%B1%EA%B8%B0
/부산국제금융센터법인등기,부산국제금융센터 법인등기,부산국제금융센터 법인등기 안내 | 다옴법무사사무소,부산국제금융센터 법인등기 — 부산국제금융센터 법무사 상담,businessDistrict,문현동,yes,https://xn--2j1br1na42lvxja38mk8r.kr/%EB%B6%80%EC%82%B0%EA%B5%AD%EC%A0%9C%EA%B8%88%EC%9C%B5%EC%84%BC%ED%84%B0%EB%B2%95%EC%9D%B8%EB%93%B1%EA%B8%B0
/명지국제신도시법인등기,명지국제신도시 법인등기,명지국제신도시 법인등기 안내 | 다옴법무사사무소,명지국제신도시 법인등기 — 명지국제신도시 법무사 상담,businessDistrict,명지,yes,https://xn--2j1br1na42lvxja38mk8r.kr/%EB%AA%85%EC%A7%80%EA%B5%AD%EC%A0%9C%EC%8B%A0%EB%8F%84%EC%8B%9C%EB%B2%95%EC%9D%B8%EB%93%B1%EA%B8%B0
/에코델타시티법인등기,에코델타시티 법인등기,에코델타시티 법인등기 안내 | 다옴법무사사무소,에코델타시티 법인등기 — 에코델타시티 법무사 상담,businessDistrict,에코델타시티,yes,https://xn--2j1br1na42lvxja38mk8r.kr/%EC%97%90%EC%BD%94%EB%8D%B8%ED%83%80%EC%8B%9C%ED%8B%B0%EB%B2%95%EC%9D%B8%EB%93%B1%EA%B8%B0
/정관법인등기,정관 법인등기,정관 법인등기 안내 | 다옴법무사사무소,정관 법인등기 — 정관·정관신도시 법무사 상담,businessDistrict,정관,yes,https://xn--2j1br1na42lvxja38mk8r.kr/%EC%A0%95%EA%B4%80%EB%B2%95%EC%9D%B8%EB%93%B1%EA%B8%B0
/명례산업단지법인등기,명례산업단지 법인등기,명례산업단지 법인등기 안내 | 다옴법무사사무소,명례산업단지 법인등기 — 명례일반산업단지 법무사 상담,businessDistrict,명례일반산업단지,yes,https://xn--2j1br1na42lvxja38mk8r.kr/%EB%AA%85%EB%A1%80%EC%82%B0%EC%97%85%EB%8B%A8%EC%A7%80%EB%B2%95%EC%9D%B8%EB%93%B1%EA%B8%B0
/부산재개발등기,부산 재개발등기,부산 재개발등기 안내 | 다옴법무사사무소,부산 재개발등기 절차·서류 안내,realEstate,부산,yes,https://xn--2j1br1na42lvxja38mk8r.kr/%EB%B6%80%EC%82%B0%EC%9E%AC%EA%B0%9C%EB%B0%9C%EB%93%B1%EA%B8%B0
/부산재건축등기,부산 재건축등기,부산 재건축등기 안내 | 다옴법무사사무소,부산 재건축등기 절차·서류 안내,realEstate,동래구,yes,https://xn--2j1br1na42lvxja38mk8r.kr/%EB%B6%80%EC%82%B0%EC%9E%AC%EA%B1%B4%EC%B6%95%EB%93%B1%EA%B8%B0
/부산신축아파트소유권이전등기,부산 신축아파트 소유권이전등기,부산 신축아파트 소유권이전등기 안내 | 다옴법무사사무소,부산 신축아파트 소유권이전등기 절차·서류 안내,realEstate,부산,yes,https://xn--2j1br1na42lvxja38mk8r.kr/%EB%B6%80%EC%82%B0%EC%8B%A0%EC%B6%95%EC%95%84%ED%8C%8C%ED%8A%B8%EC%86%8C%EC%9C%A0%EA%B6%8C%EC%9D%B4%EC%A0%84%EB%93%B1%EA%B8%B0
/부산오피스텔소유권이전등기,부산 오피스텔 소유권이전등기,부산 오피스텔 소유권이전등기 안내 | 다옴법무사사무소,부산 오피스텔 소유권이전등기 절차·서류 안내,realEstate,부산진구,yes,https://xn--2j1br1na42lvxja38mk8r.kr/%EB%B6%80%EC%82%B0%EC%98%A4%ED%94%BC%EC%8A%A4%ED%85%94%EC%86%8C%EC%9C%A0%EA%B6%8C%EC%9D%B4%EC%A0%84%EB%93%B1%EA%B8%B0
/부산상가등기,부산 상가등기,부산 상가등기 안내 | 다옴법무사사무소,부산 상가등기 절차·서류 안내,realEstate,중구,yes,https://xn--2j1br1na42lvxja38mk8r.kr/%EB%B6%80%EC%82%B0%EC%83%81%EA%B0%80%EB%93%B1%EA%B8%B0
/부산토지상속등기,부산 토지상속등기,부산 토지상속등기 안내 | 다옴법무사사무소,부산 토지상속등기 절차·서류 안내,realEstate,부산,yes,https://xn--2j1br1na42lvxja38mk8r.kr/%EB%B6%80%EC%82%B0%ED%86%A0%EC%A7%80%EC%83%81%EC%86%8D%EB%93%B1%EA%B8%B0
/기장토지상속등기,기장 토지상속등기,기장 토지상속등기 안내 | 다옴법무사사무소,기장 토지상속등기 절차·서류 안내,realEstate,기장군,yes,https://xn--2j1br1na42lvxja38mk8r.kr/%EA%B8%B0%EC%9E%A5%ED%86%A0%EC%A7%80%EC%83%81%EC%86%8D%EB%93%B1%EA%B8%B0
/해운대재개발상속등기,해운대 재개발 상속등기,해운대 재개발 상속등기 안내 | 다옴법무사사무소,해운대 재개발 상속등기 절차·서류 안내,realEstate,해운대,yes,https://xn--2j1br1na42lvxja38mk8r.kr/%ED%95%B4%EC%9A%B4%EB%8C%80%EC%9E%AC%EA%B0%9C%EB%B0%9C%EC%83%81%EC%86%8D%EB%93%B1%EA%B8%B0
/부산개인파산,부산 개인파산,부산 개인파산 안내 | 다옴법무사사무소,부산 개인파산 법무사 상담,local,부산,yes,https://xn--2j1br1na42lvxja38mk8r.kr/%EB%B6%80%EC%82%B0%EA%B0%9C%EC%9D%B8%ED%8C%8C%EC%82%B0
/부산등기법무사,부산 등기 법무사,부산 등기 법무사 | 부동산·상속·법인등기 상담 - 다옴법무사사무소,"부산 등기 법무사, 어떤 등기부터 준비해야 할까요?",local,부산 등기 법무사,yes,https://xn--2j1br1na42lvxja38mk8r.kr/%EB%B6%80%EC%82%B0%EB%93%B1%EA%B8%B0%EB%B2%95%EB%AC%B4%EC%82%AC
/부산부동산등기법무사,부산 부동산등기 법무사,부산 부동산등기 법무사｜상담 전 확인·부산 부동산등기 연결,부산 부동산등기 법무사 — 절차는 부산 부동산등기에서,local,부산 부동산등기 법무사,yes,https://xn--2j1br1na42lvxja38mk8r.kr/%EB%B6%80%EC%82%B0%EB%B6%80%EB%8F%99%EC%82%B0%EB%93%B1%EA%B8%B0%EB%B2%95%EB%AC%B4%EC%82%AC
/부산상속법무사,부산 상속 법무사,부산 상속 법무사｜상속등기·상속포기·한정승인 중 무엇이 필요할까,"부산 상속 법무사, 등기·포기·한정승인 중 무엇부터 볼까",local,부산 상속 법무사,yes,https://xn--2j1br1na42lvxja38mk8r.kr/%EB%B6%80%EC%82%B0%EC%83%81%EC%86%8D%EB%B2%95%EB%AC%B4%EC%82%AC
/부산법인법무사,부산 법무사 법인 업무,부산 법무사 법인 업무｜비용·절차·준비서류 총정리,"부산 법인 업무, 설립부터 변경·해산까지 한 번에 확인하기",local,부산 법무사 법인 업무,yes,https://xn--2j1br1na42lvxja38mk8r.kr/%EB%B6%80%EC%82%B0%EB%B2%95%EC%9D%B8%EB%B2%95%EB%AC%B4%EC%82%AC
/부산기업법무사,부산 기업 법무사,부산 기업 법무사｜법인등기·채권·기업 실무 지원,부산 기업 법무사가 정리하는 법인·채권·등기 실무,local,부산 기업 법무사,yes,https://xn--2j1br1na42lvxja38mk8r.kr/%EB%B6%80%EC%82%B0%EA%B8%B0%EC%97%85%EB%B2%95%EB%AC%B4%EC%82%AC
/부산스타트업법무사,부산 스타트업 법무사,부산 스타트업 법무사｜법인설립·지분·임원등기,부산 스타트업 법무사가 짚는 설립·지분·등기 실수,local,부산 스타트업 법무사,yes,https://xn--2j1br1na42lvxja38mk8r.kr/%EB%B6%80%EC%82%B0%EC%8A%A4%ED%83%80%ED%8A%B8%EC%97%85%EB%B2%95%EB%AC%B4%EC%82%AC
/부산상속재산분할법무사,부산 상속재산분할 법무사,부산 상속재산분할 법무사｜협의분할·단독명의 등기,"부산 상속재산분할, 협의부터 상속등기까지",local,부산 상속재산분할 법무사,yes,https://xn--2j1br1na42lvxja38mk8r.kr/%EB%B6%80%EC%82%B0%EC%83%81%EC%86%8D%EC%9E%AC%EC%82%B0%EB%B6%84%ED%95%A0%EB%B2%95%EB%AC%B4%EC%82%AC
/부산법인등기비용,부산 법인등기 비용,부산 법인등기 비용｜설립·임원·본점·등록면허세,"부산 법인등기 비용, 공과금과 보수를 구분해 보세요",local,부산 법인등기 비용,yes,https://xn--2j1br1na42lvxja38mk8r.kr/%EB%B6%80%EC%82%B0%EB%B2%95%EC%9D%B8%EB%93%B1%EA%B8%B0%EB%B9%84%EC%9A%A9
/부산근저당설정등기,부산 근저당설정등기,부산 근저당설정등기｜채권최고액·담보등기,부산 근저당설정등기 — 대출 담보 등기 안내,local,부산 근저당설정등기,yes,https://xn--2j1br1na42lvxja38mk8r.kr/%EB%B6%80%EC%82%B0%EA%B7%BC%EC%A0%80%EB%8B%B9%EC%84%A4%EC%A0%95%EB%93%B1%EA%B8%B0
/부산근저당말소등기,부산 근저당말소등기,부산 근저당말소｜대출상환·매매 전 말소,부산 근저당말소등기 — 대출상환·매매 전 말소 안내,local,부산 근저당말소,yes,https://xn--2j1br1na42lvxja38mk8r.kr/%EB%B6%80%EC%82%B0%EA%B7%BC%EC%A0%80%EB%8B%B9%EB%A7%90%EC%86%8C%EB%93%B1%EA%B8%B0
/부산전세권설정등기,부산 전세권설정등기,부산 전세권설정등기｜비용·서류·임차권등기명령,부산 전세권설정등기 — 전세금 보호 등기 안내,local,부산 전세권설정등기,yes,https://xn--2j1br1na42lvxja38mk8r.kr/%EB%B6%80%EC%82%B0%EC%A0%84%EC%84%B8%EA%B6%8C%EC%84%A4%EC%A0%95%EB%93%B1%EA%B8%B0
/부산전세권말소등기,부산 전세권말소등기,부산 전세권말소｜보증금 반환 후 해지 등기,부산 전세권말소등기 — 보증금 반환 후 해지 안내,local,부산 전세권말소,yes,https://xn--2j1br1na42lvxja38mk8r.kr/%EB%B6%80%EC%82%B0%EC%A0%84%EC%84%B8%EA%B6%8C%EB%A7%90%EC%86%8C%EB%93%B1%EA%B8%B0
/부산신축건물보존등기,부산 신축건물 보존등기,부산 신축건물 보존등기｜건물·집합건물·상가·오피스텔 보존등기 절차,부산 신축건물 보존등기｜건축주가 알아야 할 절차와 준비서류,local,부산 신축건물 보존등기,yes,https://xn--2j1br1na42lvxja38mk8r.kr/%EB%B6%80%EC%82%B0%EC%8B%A0%EC%B6%95%EA%B1%B4%EB%AC%BC%EB%B3%B4%EC%A1%B4%EB%93%B1%EA%B8%B0
/공공기관등기업무,공공기관 등기업무,공공기관 등기업무｜공기업·공공기관 법인등기·부동산등기·촉탁등기 안내,공공기관 등기업무｜공기업·공공기관 법인등기·부동산등기·촉탁등기 안내,local,공공기관 등기업무,yes,https://xn--2j1br1na42lvxja38mk8r.kr/%EA%B3%B5%EA%B3%B5%EA%B8%B0%EA%B4%80%EB%93%B1%EA%B8%B0%EC%97%85%EB%AC%B4
/부산법무사추천,부산 법무사 추천 선택 기준,부산 법무사 추천 | 선택 기준·상담 전 확인 - 다옴법무사사무소,"부산 법무사 추천, 검색 전에 확인할 선택 기준",local,부산 법무사 추천,yes,https://xn--2j1br1na42lvxja38mk8r.kr/%EB%B6%80%EC%82%B0%EB%B2%95%EB%AC%B4%EC%82%AC%EC%B6%94%EC%B2%9C
/부산등기법무사추천,부산 등기 법무사 추천 선택 기준,부산 등기 법무사 추천｜선택 기준·상담 전 확인사항,"부산 등기 법무사 추천, 어떤 기준으로 고를까요?",local,부산 등기 법무사 추천,yes,https://xn--2j1br1na42lvxja38mk8r.kr/%EB%B6%80%EC%82%B0%EB%93%B1%EA%B8%B0%EB%B2%95%EB%AC%B4%EC%82%AC%EC%B6%94%EC%B2%9C
/부산상속등기전문,부산 상속등기 실무 안내,부산 상속등기 실무 안내｜상속 법무사 상담 전 확인사항,부산 상속등기 상담 전 꼭 확인해야 할 절차와 서류,local,부산 상속등기,yes,https://xn--2j1br1na42lvxja38mk8r.kr/%EB%B6%80%EC%82%B0%EC%83%81%EC%86%8D%EB%93%B1%EA%B8%B0%EC%A0%84%EB%AC%B8
/부산부동산등기전문,부산 부동산등기 실무 안내,부산 부동산등기 실무 안내｜매매·증여·보존·말소 상담 확인,부산 부동산등기 상담 전 확인해야 할 절차와 서류,local,부산 부동산등기,yes,https://xn--2j1br1na42lvxja38mk8r.kr/%EB%B6%80%EC%82%B0%EB%B6%80%EB%8F%99%EC%82%B0%EB%93%B1%EA%B8%B0%EC%A0%84%EB%AC%B8
/부산법인등기전문,부산 법인등기 실무 안내,부산 법인등기 실무 안내｜법인설립·임원변경·본점이전,부산 법인등기 상담 전 확인해야 할 변경사항과 기한,local,부산 법인등기,yes,https://xn--2j1br1na42lvxja38mk8r.kr/%EB%B6%80%EC%82%B0%EB%B2%95%EC%9D%B8%EB%93%B1%EA%B8%B0%EC%A0%84%EB%AC%B8
/부산법무사상담,부산 법무사 상담 안내,부산 법무사 상담 | 전화·카카오톡·방문 - 다옴법무사사무소,"부산 법무사 상담, 현재 상황부터 알려주세요",local,부산 법무사 상담,yes,https://xn--2j1br1na42lvxja38mk8r.kr/%EB%B6%80%EC%82%B0%EB%B2%95%EB%AC%B4%EC%82%AC%EC%83%81%EB%8B%B4
/부산법무사후기,부산 법무사 후기 확인 기준,부산 법무사 후기｜상담 전 확인하면 좋은 실제 업무 기준,부산 법무사 후기를 찾기 전 확인하면 좋은 기준,local,부산 법무사 후기,yes,https://xn--2j1br1na42lvxja38mk8r.kr/%EB%B6%80%EC%82%B0%EB%B2%95%EB%AC%B4%EC%82%AC%ED%9B%84%EA%B8%B0
/부산법무사비교,부산 법무사 비교 기준,부산 법무사 비교｜비용·업무범위·상담방식 선택 기준,부산 법무사 비교 전 확인해야 할 비용과 업무 기준,local,부산 법무사 비교,yes,https://xn--2j1br1na42lvxja38mk8r.kr/%EB%B6%80%EC%82%B0%EB%B2%95%EB%AC%B4%EC%82%AC%EB%B9%84%EA%B5%90
/부산법무사무소,부산 법무사무소·사무실 안내,부산 법무사무소｜해운대·센텀 위치·업무·상담 - 다옴법무사사무소,부산 법무사무소는 어디에 있고 무엇을 하나요?,local,부산 법무사 사무실,yes,https://xn--2j1br1na42lvxja38mk8r.kr/%EB%B6%80%EC%82%B0%EB%B2%95%EB%AC%B4%EC%82%AC%EB%AC%B4%EC%86%8C
/부산법무사서류준비,부산 법무사 서류 준비,부산 법무사 서류 준비｜상속·등기·법인·회생 체크리스트,"부산 법무사에게 맡기기 전, 서류는 무엇을 준비하나요?",local,부산 법무사 서류,yes,https://xn--2j1br1na42lvxja38mk8r.kr/%EB%B6%80%EC%82%B0%EB%B2%95%EB%AC%B4%EC%82%AC%EC%84%9C%EB%A5%98%EC%A4%80%EB%B9%84
/부산법무사방문상담,부산 법무사 방문상담,부산 법무사 방문상담｜센텀·해운대 예약·준비물·오시는 길,"부산 법무사 방문상담, 어떻게 예약하고 무엇을 가져가나요?",local,부산 법무사 방문상담,yes,https://xn--2j1br1na42lvxja38mk8r.kr/%EB%B6%80%EC%82%B0%EB%B2%95%EB%AC%B4%EC%82%AC%EB%B0%A9%EB%AC%B8%EC%83%81%EB%8B%B4
/부산법무사비대면상담,부산 법무사 비대면상담,부산 법무사 비대면상담｜카카오톡·우편·원격 진행 가능 업무,"부산 법무사 비대면상담, 어떤 업무까지 가능한가요?",local,부산 법무사 비대면,yes,https://xn--2j1br1na42lvxja38mk8r.kr/%EB%B6%80%EC%82%B0%EB%B2%95%EB%AC%B4%EC%82%AC%EB%B9%84%EB%8C%80%EB%A9%B4%EC%83%81%EB%8B%B4
/부산상속법무사추천,부산 상속 법무사 추천,부산 상속 법무사 추천｜다옴법무사사무소,부산 상속 법무사 추천 — 상담 전 확인 가이드,local,부산 상속 법무사 추천,yes,https://xn--2j1br1na42lvxja38mk8r.kr/%EB%B6%80%EC%82%B0%EC%83%81%EC%86%8D%EB%B2%95%EB%AC%B4%EC%82%AC%EC%B6%94%EC%B2%9C
/부산개인회생법무사추천,부산 개인회생 법무사 추천,부산 개인회생 법무사 추천｜다옴법무사사무소,부산 개인회생 법무사 추천 — 상담 전 확인 가이드,local,부산 개인회생 법무사 추천,yes,https://xn--2j1br1na42lvxja38mk8r.kr/%EB%B6%80%EC%82%B0%EA%B0%9C%EC%9D%B8%ED%9A%8C%EC%83%9D%EB%B2%95%EB%AC%B4%EC%82%AC%EC%B6%94%EC%B2%9C
/부산개인파산법무사추천,부산 개인파산 법무사 추천,부산 개인파산 법무사 추천｜다옴법무사사무소,부산 개인파산 법무사 추천 — 상담 전 확인 가이드,local,부산 개인파산 법무사 추천,yes,https://xn--2j1br1na42lvxja38mk8r.kr/%EB%B6%80%EC%82%B0%EA%B0%9C%EC%9D%B8%ED%8C%8C%EC%82%B0%EB%B2%95%EB%AC%B4%EC%82%AC%EC%B6%94%EC%B2%9C
/부산법무사수임료,부산 법무사 수임료,부산 법무사 수임료｜다옴법무사사무소,부산 법무사 수임료 — 상담 전 확인 가이드,local,부산 법무사 수임료,yes,https://xn--2j1br1na42lvxja38mk8r.kr/%EB%B6%80%EC%82%B0%EB%B2%95%EB%AC%B4%EC%82%AC%EC%88%98%EC%9E%84%EB%A3%8C
/부산법무사보수,부산 법무사 보수,부산 법무사 보수｜다옴법무사사무소,부산 법무사 보수 — 상담 전 확인 가이드,local,부산 법무사 보수,yes,https://xn--2j1br1na42lvxja38mk8r.kr/%EB%B6%80%EC%82%B0%EB%B2%95%EB%AC%B4%EC%82%AC%EB%B3%B4%EC%88%98
/부산법무사잘하는곳,부산 법무사 잘하는 곳,부산 법무사 잘하는 곳｜다옴법무사사무소,부산 법무사 잘하는 곳 — 상담 전 확인 가이드,local,부산 법무사 잘하는 곳,yes,https://xn--2j1br1na42lvxja38mk8r.kr/%EB%B6%80%EC%82%B0%EB%B2%95%EB%AC%B4%EC%82%AC%EC%9E%98%ED%95%98%EB%8A%94%EA%B3%B3
/부산등기전문법무사,부산 등기전문 법무사,부산 등기전문 법무사｜부동산·상속·법인 등기 먼저 가르기,"부산 등기전문 법무사, 등기 종류부터 가르는 순서",local,부산 등기전문 법무사,yes,https://xn--2j1br1na42lvxja38mk8r.kr/%EB%B6%80%EC%82%B0%EB%93%B1%EA%B8%B0%EC%A0%84%EB%AC%B8%EB%B2%95%EB%AC%B4%EC%82%AC
/부산상속전문법무사,부산 상속전문 법무사,부산 상속전문 법무사｜등기·포기·한정승인 첫 분기,부산 상속전문 법무사 — 상속 절차 첫 분기 안내,local,부산 상속전문 법무사,yes,https://xn--2j1br1na42lvxja38mk8r.kr/%EB%B6%80%EC%82%B0%EC%83%81%EC%86%8D%EC%A0%84%EB%AC%B8%EB%B2%95%EB%AC%B4%EC%82%AC
/부산법인전문법무사,부산 법인전문 법무사,부산 법인전문 법무사｜설립·변경등기 갈림길 확인,부산 법인전문 법무사 — 설립과 변경등기 갈림길,local,부산 법인전문 법무사,yes,https://xn--2j1br1na42lvxja38mk8r.kr/%EB%B6%80%EC%82%B0%EB%B2%95%EC%9D%B8%EC%A0%84%EB%AC%B8%EB%B2%95%EB%AC%B4%EC%82%AC
/부산부동산등기전문법무사,부산 부동산등기전문 법무사,부산 부동산등기전문 법무사｜원인별 절차·선택 기준 구분,"부산 부동산등기전문 법무사, 원인별 절차와 선택 기준 구분",local,부산 부동산등기전문 법무사,yes,https://xn--2j1br1na42lvxja38mk8r.kr/%EB%B6%80%EC%82%B0%EB%B6%80%EB%8F%99%EC%82%B0%EB%93%B1%EA%B8%B0%EC%A0%84%EB%AC%B8%EB%B2%95%EB%AC%B4%EC%82%AC
/부산개인회생전문법무사,부산 개인회생전문 법무사,부산 개인회생전문 법무사｜소득·지출·변제여력표 먼저,"부산 개인회생전문 법무사, 소득·지출·변제여력표로 시작",local,부산 개인회생전문 법무사,yes,https://xn--2j1br1na42lvxja38mk8r.kr/%EB%B6%80%EC%82%B0%EA%B0%9C%EC%9D%B8%ED%9A%8C%EC%83%9D%EC%A0%84%EB%AC%B8%EB%B2%95%EB%AC%B4%EC%82%AC
/부산개인파산전문법무사,부산 개인파산전문 법무사,부산 개인파산전문 법무사｜변제여력·면책 함께 점검,부산 개인파산전문 법무사 — 변제여력 부족 시 점검 순서,local,부산 개인파산전문 법무사,yes,https://xn--2j1br1na42lvxja38mk8r.kr/%EB%B6%80%EC%82%B0%EA%B0%9C%EC%9D%B8%ED%8C%8C%EC%82%B0%EC%A0%84%EB%AC%B8%EB%B2%95%EB%AC%B4%EC%82%AC
/부산근저당전문법무사,부산 근저당전문 법무사,부산 근저당전문 법무사｜설정·말소·채권최고액 구분,"부산 근저당전문 법무사, 설정·말소·선순위 구분표",local,부산 근저당전문 법무사,yes,https://xn--2j1br1na42lvxja38mk8r.kr/%EB%B6%80%EC%82%B0%EA%B7%BC%EC%A0%80%EB%8B%B9%EC%A0%84%EB%AC%B8%EB%B2%95%EB%AC%B4%EC%82%AC
/부산전세전문법무사,부산 전세전문 법무사,부산 전세전문 법무사｜확정일자·전세권·임차권 구분,부산 전세전문 법무사 — 확정일자·전세권·임차권 갈림길,local,부산 전세전문 법무사,yes,https://xn--2j1br1na42lvxja38mk8r.kr/%EB%B6%80%EC%82%B0%EC%A0%84%EC%84%B8%EC%A0%84%EB%AC%B8%EB%B2%95%EB%AC%B4%EC%82%AC
/부산임원변경전문법무사,부산 임원변경전문 법무사,부산 임원변경전문 법무사｜임기·결의일·과태료 기한,"부산 임원변경전문 법무사, 임기·결의일부터 계산하기",local,부산 임원변경전문 법무사,yes,https://xn--2j1br1na42lvxja38mk8r.kr/%EB%B6%80%EC%82%B0%EC%9E%84%EC%9B%90%EB%B3%80%EA%B2%BD%EC%A0%84%EB%AC%B8%EB%B2%95%EB%AC%B4%EC%82%AC
/부산매매등기전문법무사,부산 매매등기전문 법무사,부산 매매등기전문 법무사｜잔금일 매수·매도·은행 순서,부산 매매등기전문 법무사 — 잔금일 세 주체 순서 점검,local,부산 매매등기전문 법무사,yes,https://xn--2j1br1na42lvxja38mk8r.kr/%EB%B6%80%EC%82%B0%EB%A7%A4%EB%A7%A4%EB%93%B1%EA%B8%B0%EC%A0%84%EB%AC%B8%EB%B2%95%EB%AC%B4%EC%82%AC
/부산소유권이전전문법무사,부산 소유권이전전문 법무사,부산 소유권이전전문 법무사｜매매·증여·상속 원인 구분,"부산 소유권이전전문 법무사, 매매·증여·상속 원인 가르기",local,부산 소유권이전전문 법무사,yes,https://xn--2j1br1na42lvxja38mk8r.kr/%EB%B6%80%EC%82%B0%EC%86%8C%EC%9C%A0%EA%B6%8C%EC%9D%B4%EC%A0%84%EC%A0%84%EB%AC%B8%EB%B2%95%EB%AC%B4%EC%82%AC
/부산한정승인전문법무사,부산 한정승인전문 법무사,부산 한정승인전문 법무사｜3개월 기한·재산범위 확인,부산 한정승인전문 법무사 — 3개월 시계와 재산목록,local,부산 한정승인전문 법무사,yes,https://xn--2j1br1na42lvxja38mk8r.kr/%EB%B6%80%EC%82%B0%ED%95%9C%EC%A0%95%EC%8A%B9%EC%9D%B8%EC%A0%84%EB%AC%B8%EB%B2%95%EB%AC%B4%EC%82%AC
/부산회생전문법무사,부산 회생전문 법무사,부산 회생전문 법무사｜짧은 검색어 개인회생 연결,"부산 회생전문 법무사, 짧은 검색어를 개인회생으로 연결",local,부산 회생전문 법무사,yes,https://xn--2j1br1na42lvxja38mk8r.kr/%EB%B6%80%EC%82%B0%ED%9A%8C%EC%83%9D%EC%A0%84%EB%AC%B8%EB%B2%95%EB%AC%B4%EC%82%AC
/부산파산전문법무사,부산 파산전문 법무사,부산 파산전문 법무사｜짧은 검색어 개인파산 연결,부산 파산전문 법무사 — 짧은 검색어와 면책 갈림길,local,부산 파산전문 법무사,yes,https://xn--2j1br1na42lvxja38mk8r.kr/%EB%B6%80%EC%82%B0%ED%8C%8C%EC%82%B0%EC%A0%84%EB%AC%B8%EB%B2%95%EB%AC%B4%EC%82%AC
/부산면책전문법무사,부산 면책전문 법무사,부산 면책전문 법무사｜파산 신청·면책 심사 구분,"부산 면책전문 법무사, 파산 신청과 면책 심사 나누기",local,부산 면책전문 법무사,yes,https://xn--2j1br1na42lvxja38mk8r.kr/%EB%B6%80%EC%82%B0%EB%A9%B4%EC%B1%85%EC%A0%84%EB%AC%B8%EB%B2%95%EB%AC%B4%EC%82%AC
/부산상속포기전문법무사,부산 상속포기전문 법무사,부산 상속포기전문 법무사｜채무 과다·3개월 기한,부산 상속포기전문 법무사 — 채무 과다일 때 먼저 볼 순서,local,부산 상속포기전문 법무사,yes,https://xn--2j1br1na42lvxja38mk8r.kr/%EB%B6%80%EC%82%B0%EC%83%81%EC%86%8D%ED%8F%AC%EA%B8%B0%EC%A0%84%EB%AC%B8%EB%B2%95%EB%AC%B4%EC%82%AC
/부산상속등기전문법무사,부산 상속등기전문 법무사,부산 상속등기전문 법무사｜협의분할·지분 서류 정리,"부산 상속등기전문 법무사, 협의분할·지분부터 정리",local,부산 상속등기전문 법무사,yes,https://xn--2j1br1na42lvxja38mk8r.kr/%EB%B6%80%EC%82%B0%EC%83%81%EC%86%8D%EB%93%B1%EA%B8%B0%EC%A0%84%EB%AC%B8%EB%B2%95%EB%AC%B4%EC%82%AC
/부산증여등기전문법무사,부산 증여등기전문 법무사,부산 증여등기전문 법무사｜부모자녀·부담부 증여 구분,부산 증여등기전문 법무사 — 부모자녀·부담부·지분 구분,local,부산 증여등기전문 법무사,yes,https://xn--2j1br1na42lvxja38mk8r.kr/%EB%B6%80%EC%82%B0%EC%A6%9D%EC%97%AC%EB%93%B1%EA%B8%B0%EC%A0%84%EB%AC%B8%EB%B2%95%EB%AC%B4%EC%82%AC
/부산법인설립전문법무사,부산 법인설립전문 법무사,부산 법인설립전문 법무사｜상호·자본·임원 준비,"부산 법인설립전문 법무사, 상호·자본·임원부터 확정",local,부산 법인설립전문 법무사,yes,https://xn--2j1br1na42lvxja38mk8r.kr/%EB%B6%80%EC%82%B0%EB%B2%95%EC%9D%B8%EC%84%A4%EB%A6%BD%EC%A0%84%EB%AC%B8%EB%B2%95%EB%AC%B4%EC%82%AC
/부산부동산전문법무사,부산 부동산전문 법무사,부산 부동산전문 법무사｜짧은 검색어 원인 분류,부산 부동산전문 법무사 — 짧은 검색어의 원인 분류,local,부산 부동산전문 법무사,yes,https://xn--2j1br1na42lvxja38mk8r.kr/%EB%B6%80%EC%82%B0%EB%B6%80%EB%8F%99%EC%82%B0%EC%A0%84%EB%AC%B8%EB%B2%95%EB%AC%B4%EC%82%AC
/부산개인회생법무사,부산 개인회생 법무사,부산 개인회생 법무사｜소득·채무·재산으로 보는 신청 가능성,"부산 개인회생 법무사, 소득·채무·재산으로 신청 가능성 보기",local,부산 개인회생 법무사,yes,https://xn--2j1br1na42lvxja38mk8r.kr/%EB%B6%80%EC%82%B0%EA%B0%9C%EC%9D%B8%ED%9A%8C%EC%83%9D%EB%B2%95%EB%AC%B4%EC%82%AC
/부산개인파산법무사,부산 개인파산 법무사,부산 개인파산 법무사｜다옴법무사사무소,부산 개인파산 법무사 — 상담 전 확인 가이드,local,부산 개인파산 법무사,yes,https://xn--2j1br1na42lvxja38mk8r.kr/%EB%B6%80%EC%82%B0%EA%B0%9C%EC%9D%B8%ED%8C%8C%EC%82%B0%EB%B2%95%EB%AC%B4%EC%82%AC
/부산회생법무사,부산 회생 법무사,부산 회생 법무사｜개인회생 연결·상담 전 확인,부산 회생 법무사 — 개인회생 상담으로 연결,local,부산 회생 법무사,yes,https://xn--2j1br1na42lvxja38mk8r.kr/%EB%B6%80%EC%82%B0%ED%9A%8C%EC%83%9D%EB%B2%95%EB%AC%B4%EC%82%AC
/부산파산법무사,부산 파산 법무사,부산 파산 법무사｜다옴법무사사무소,부산 파산 법무사 — 상담 전 확인 가이드,local,부산 파산 법무사,yes,https://xn--2j1br1na42lvxja38mk8r.kr/%EB%B6%80%EC%82%B0%ED%8C%8C%EC%82%B0%EB%B2%95%EB%AC%B4%EC%82%AC
/부산등기복대리,부산 등기 복대리,부산 등기 복대리｜부산 등기소 접수·보정·완료서류 지원,부산 등기 복대리 및 등기소 접수 지원,local,부산 등기 복대리,yes,https://xn--2j1br1na42lvxja38mk8r.kr/%EB%B6%80%EC%82%B0%EB%93%B1%EA%B8%B0%EB%B3%B5%EB%8C%80%EB%A6%AC
/복대리등기,복대리 등기,복대리 등기｜다옴법무사사무소,복대리 등기 — 상담 전 확인 가이드,local,복대리 등기,yes,https://xn--2j1br1na42lvxja38mk8r.kr/%EB%B3%B5%EB%8C%80%EB%A6%AC%EB%93%B1%EA%B8%B0
/등기복대리,등기 복대리,등기 복대리｜다옴법무사사무소,등기 복대리 — 상담 전 확인 가이드,local,등기 복대리,yes,https://xn--2j1br1na42lvxja38mk8r.kr/%EB%93%B1%EA%B8%B0%EB%B3%B5%EB%8C%80%EB%A6%AC
/부산집단등기,부산 집단등기,부산 집단등기·대량등기｜오피스텔·빌라·상가 프로젝트 상담,여러 건의 등기는 한 건의 등기와 다른 방식으로 준비해야 합니다,local,부산 집단등기,yes,https://xn--2j1br1na42lvxja38mk8r.kr/%EB%B6%80%EC%82%B0%EC%A7%91%EB%8B%A8%EB%93%B1%EA%B8%B0
/집단등기,집단등기,집단등기｜다옴법무사사무소,집단등기 — 상담 전 확인 가이드,local,집단등기,yes,https://xn--2j1br1na42lvxja38mk8r.kr/%EC%A7%91%EB%8B%A8%EB%93%B1%EA%B8%B0
/아파트집단등기,아파트 집단등기,아파트 집단등기｜다옴법무사사무소,아파트 집단등기 — 상담 전 확인 가이드,local,아파트 집단등기,yes,https://xn--2j1br1na42lvxja38mk8r.kr/%EC%95%84%ED%8C%8C%ED%8A%B8%EC%A7%91%EB%8B%A8%EB%93%B1%EA%B8%B0
/오피스텔집단등기,오피스텔 집단등기,오피스텔 집단등기｜다옴법무사사무소,오피스텔 집단등기 — 상담 전 확인 가이드,local,오피스텔 집단등기,yes,https://xn--2j1br1na42lvxja38mk8r.kr/%EC%98%A4%ED%94%BC%EC%8A%A4%ED%85%94%EC%A7%91%EB%8B%A8%EB%93%B1%EA%B8%B0
/신축집단등기,신축 집단등기,신축 집단등기｜다옴법무사사무소,신축 집단등기 — 상담 전 확인 가이드,local,신축 집단등기,yes,https://xn--2j1br1na42lvxja38mk8r.kr/%EC%8B%A0%EC%B6%95%EC%A7%91%EB%8B%A8%EB%93%B1%EA%B8%B0
/법무사수임료,법무사 수임료,법무사 수임료｜다옴법무사사무소,법무사 수임료 — 상담 전 확인 가이드,local,법무사 수임료,yes,https://xn--2j1br1na42lvxja38mk8r.kr/%EB%B2%95%EB%AC%B4%EC%82%AC%EC%88%98%EC%9E%84%EB%A3%8C
/법무사비용,법무사 비용,법무사 비용｜다옴법무사사무소,법무사 비용 — 상담 전 확인 가이드,local,법무사 비용,yes,https://xn--2j1br1na42lvxja38mk8r.kr/%EB%B2%95%EB%AC%B4%EC%82%AC%EB%B9%84%EC%9A%A9
/법무사보수,법무사 보수,법무사 보수｜다옴법무사사무소,법무사 보수 — 상담 전 확인 가이드,local,법무사 보수,yes,https://xn--2j1br1na42lvxja38mk8r.kr/%EB%B2%95%EB%AC%B4%EC%82%AC%EB%B3%B4%EC%88%98
/등기비용,등기 비용,등기 비용｜다옴법무사사무소,등기 비용 — 상담 전 확인 가이드,local,등기 비용,yes,https://xn--2j1br1na42lvxja38mk8r.kr/%EB%93%B1%EA%B8%B0%EB%B9%84%EC%9A%A9
/등록면허세,등록면허세,등록면허세｜다옴법무사사무소,등록면허세 — 상담 전 확인 가이드,local,등록면허세,yes,https://xn--2j1br1na42lvxja38mk8r.kr/%EB%93%B1%EB%A1%9D%EB%A9%B4%ED%97%88%EC%84%B8
/국민주택채권,국민주택채권,국민주택채권｜다옴법무사사무소,국민주택채권 — 상담 전 확인 가이드,local,국민주택채권,yes,https://xn--2j1br1na42lvxja38mk8r.kr/%EA%B5%AD%EB%AF%BC%EC%A3%BC%ED%83%9D%EC%B1%84%EA%B6%8C
/취득세,취득세,취득세｜다옴법무사사무소,취득세 — 상담 전 확인 가이드,local,취득세,yes,https://xn--2j1br1na42lvxja38mk8r.kr/%EC%B7%A8%EB%93%9D%EC%84%B8
/등기신청대행,등기신청 대행,등기신청 대행｜다옴법무사사무소,등기신청 대행 — 상담 전 확인 가이드,local,등기신청 대행,yes,https://xn--2j1br1na42lvxja38mk8r.kr/%EB%93%B1%EA%B8%B0%EC%8B%A0%EC%B2%AD%EB%8C%80%ED%96%89
/전자등기,전자등기,전자등기｜다옴법무사사무소,전자등기 — 상담 전 확인 가이드,local,전자등기,yes,https://xn--2j1br1na42lvxja38mk8r.kr/%EC%A0%84%EC%9E%90%EB%93%B1%EA%B8%B0
/전자신청,전자신청,전자신청｜다옴법무사사무소,전자신청 — 상담 전 확인 가이드,local,전자신청,yes,https://xn--2j1br1na42lvxja38mk8r.kr/%EC%A0%84%EC%9E%90%EC%8B%A0%EC%B2%AD
/등기소제출,등기소 제출,등기소 제출｜다옴법무사사무소,등기소 제출 — 상담 전 확인 가이드,local,등기소 제출,yes,https://xn--2j1br1na42lvxja38mk8r.kr/%EB%93%B1%EA%B8%B0%EC%86%8C%EC%A0%9C%EC%B6%9C
/등기보정,등기 보정,등기 보정｜다옴법무사사무소,등기 보정 — 상담 전 확인 가이드,local,등기 보정,yes,https://xn--2j1br1na42lvxja38mk8r.kr/%EB%93%B1%EA%B8%B0%EB%B3%B4%EC%A0%95
/등기완료기간,등기 완료기간,등기 완료기간｜다옴법무사사무소,등기 완료기간 — 상담 전 확인 가이드,local,등기 완료기간,yes,https://xn--2j1br1na42lvxja38mk8r.kr/%EB%93%B1%EA%B8%B0%EC%99%84%EB%A3%8C%EA%B8%B0%EA%B0%84
/등기접수,등기 접수,등기 접수｜다옴법무사사무소,등기 접수 — 상담 전 확인 가이드,local,등기 접수,yes,https://xn--2j1br1na42lvxja38mk8r.kr/%EB%93%B1%EA%B8%B0%EC%A0%91%EC%88%98
/등기처리기간,등기 처리기간,등기 처리기간｜다옴법무사사무소,등기 처리기간 — 상담 전 확인 가이드,local,등기 처리기간,yes,https://xn--2j1br1na42lvxja38mk8r.kr/%EB%93%B1%EA%B8%B0%EC%B2%98%EB%A6%AC%EA%B8%B0%EA%B0%84
/부산개인회생상담,부산 개인회생 상담,부산 개인회생 상담｜다옴법무사사무소,부산 개인회생 상담 — 상담 전 확인 가이드,local,부산 개인회생 상담,yes,https://xn--2j1br1na42lvxja38mk8r.kr/%EB%B6%80%EC%82%B0%EA%B0%9C%EC%9D%B8%ED%9A%8C%EC%83%9D%EC%83%81%EB%8B%B4
/부산개인회생신청,부산 개인회생 신청,부산 개인회생 신청｜다옴법무사사무소,부산 개인회생 신청 — 상담 전 확인 가이드,local,부산 개인회생 신청,yes,https://xn--2j1br1na42lvxja38mk8r.kr/%EB%B6%80%EC%82%B0%EA%B0%9C%EC%9D%B8%ED%9A%8C%EC%83%9D%EC%8B%A0%EC%B2%AD
/부산파산신청,부산 파산신청,부산 파산신청｜다옴법무사사무소,부산 파산신청 — 상담 전 확인 가이드,local,부산 파산신청,yes,https://xn--2j1br1na42lvxja38mk8r.kr/%EB%B6%80%EC%82%B0%ED%8C%8C%EC%82%B0%EC%8B%A0%EC%B2%AD
/부산개인파산상담,부산 개인파산 상담,부산 개인파산 상담｜다옴법무사사무소,부산 개인파산 상담 — 상담 전 확인 가이드,local,부산 개인파산 상담,yes,https://xn--2j1br1na42lvxja38mk8r.kr/%EB%B6%80%EC%82%B0%EA%B0%9C%EC%9D%B8%ED%8C%8C%EC%82%B0%EC%83%81%EB%8B%B4
/부산면책신청,부산 면책신청,부산 면책신청｜다옴법무사사무소,부산 면책신청 — 상담 전 확인 가이드,local,부산 면책신청,yes,https://xn--2j1br1na42lvxja38mk8r.kr/%EB%B6%80%EC%82%B0%EB%A9%B4%EC%B1%85%EC%8B%A0%EC%B2%AD
/부산회생상담,부산 회생 상담,부산 회생 상담｜다옴법무사사무소,부산 회생 상담 — 상담 전 확인 가이드,local,부산 회생 상담,yes,https://xn--2j1br1na42lvxja38mk8r.kr/%EB%B6%80%EC%82%B0%ED%9A%8C%EC%83%9D%EC%83%81%EB%8B%B4
/법무사상담전준비,법무사 상담 전 준비,법무사 상담 전 준비｜다옴법무사사무소,법무사 상담 전 준비 — 상담 전 확인 가이드,local,법무사 상담 전 준비,yes,https://xn--2j1br1na42lvxja38mk8r.kr/%EB%B2%95%EB%AC%B4%EC%82%AC%EC%83%81%EB%8B%B4%EC%A0%84%EC%A4%80%EB%B9%84
/법무사방문전준비,법무사 방문 전 준비,법무사 방문 전 준비｜다옴법무사사무소,법무사 방문 전 준비 — 상담 전 확인 가이드,local,법무사 방문 전 준비,yes,https://xn--2j1br1na42lvxja38mk8r.kr/%EB%B2%95%EB%AC%B4%EC%82%AC%EB%B0%A9%EB%AC%B8%EC%A0%84%EC%A4%80%EB%B9%84
/등기준비서류,등기 준비서류,등기 준비서류｜다옴법무사사무소,등기 준비서류 — 상담 전 확인 가이드,local,등기 준비서류,yes,https://xn--2j1br1na42lvxja38mk8r.kr/%EB%93%B1%EA%B8%B0%EC%A4%80%EB%B9%84%EC%84%9C%EB%A5%98
/등기얼마나걸리나요,등기 얼마나 걸리나요,등기 얼마나 걸리나요｜다옴법무사사무소,등기 얼마나 걸리나요 — 상담 전 확인 가이드,local,등기 얼마나 걸리나요,yes,https://xn--2j1br1na42lvxja38mk8r.kr/%EB%93%B1%EA%B8%B0%EC%96%BC%EB%A7%88%EB%82%98%EA%B1%B8%EB%A6%AC%EB%82%98%EC%9A%94
/등기언제끝나나요,등기 언제 끝나나요,등기 언제 끝나나요｜다옴법무사사무소,등기 언제 끝나나요 — 상담 전 확인 가이드,local,등기 언제 끝나나요,yes,https://xn--2j1br1na42lvxja38mk8r.kr/%EB%93%B1%EA%B8%B0%EC%96%B8%EC%A0%9C%EB%81%9D%EB%82%98%EB%82%98%EC%9A%94
/등기어디서하나요,등기 어디서 하나요,등기 어디서 하나요｜다옴법무사사무소,등기 어디서 하나요 — 상담 전 확인 가이드,local,등기 어디서 하나요,yes,https://xn--2j1br1na42lvxja38mk8r.kr/%EB%93%B1%EA%B8%B0%EC%96%B4%EB%94%94%EC%84%9C%ED%95%98%EB%82%98%EC%9A%94
/등기소어디인가요,등기소 어디인가요,등기소 어디인가요｜다옴법무사사무소,등기소 어디인가요 — 상담 전 확인 가이드,local,등기소 어디인가요,yes,https://xn--2j1br1na42lvxja38mk8r.kr/%EB%93%B1%EA%B8%B0%EC%86%8C%EC%96%B4%EB%94%94%EC%9D%B8%EA%B0%80%EC%9A%94
/법무사맡기면달라지는점,법무사에게 맡기면 뭐가 달라지나요,법무사에게 맡기면 뭐가 달라지나요｜다옴법무사사무소,법무사에게 맡기면 뭐가 달라지나요 — 상담 전 확인 가이드,local,법무사에게 맡기면 뭐가 달라지나요,yes,https://xn--2j1br1na42lvxja38mk8r.kr/%EB%B2%95%EB%AC%B4%EC%82%AC%EB%A7%A1%EA%B8%B0%EB%A9%B4%EB%8B%AC%EB%9D%BC%EC%A7%80%EB%8A%94%EC%A0%90
/공공기관법인등기,공공기관 법인등기,공공기관 법인등기｜다옴법무사사무소,공공기관 법인등기 — 상담 전 확인 가이드,local,공공기관 법인등기,yes,https://xn--2j1br1na42lvxja38mk8r.kr/%EA%B3%B5%EA%B3%B5%EA%B8%B0%EA%B4%80%EB%B2%95%EC%9D%B8%EB%93%B1%EA%B8%B0
/공공기관부동산등기,공공기관 부동산등기,공공기관 부동산등기｜다옴법무사사무소,공공기관 부동산등기 — 상담 전 확인 가이드,local,공공기관 부동산등기,yes,https://xn--2j1br1na42lvxja38mk8r.kr/%EA%B3%B5%EA%B3%B5%EA%B8%B0%EA%B4%80%EB%B6%80%EB%8F%99%EC%82%B0%EB%93%B1%EA%B8%B0
/공기업등기,공기업 등기,공기업 등기｜다옴법무사사무소,공기업 등기 — 상담 전 확인 가이드,local,공기업 등기,yes,https://xn--2j1br1na42lvxja38mk8r.kr/%EA%B3%B5%EA%B8%B0%EC%97%85%EB%93%B1%EA%B8%B0
/촉탁등기,촉탁등기,촉탁등기｜다옴법무사사무소,촉탁등기 — 상담 전 확인 가이드,local,촉탁등기,yes,https://xn--2j1br1na42lvxja38mk8r.kr/%EC%B4%89%ED%83%81%EB%93%B1%EA%B8%B0
/공공기관촉탁등기,공공기관 촉탁등기,공공기관 촉탁등기｜다옴법무사사무소,공공기관 촉탁등기 — 상담 전 확인 가이드,local,공공기관 촉탁등기,yes,https://xn--2j1br1na42lvxja38mk8r.kr/%EA%B3%B5%EA%B3%B5%EA%B8%B0%EA%B4%80%EC%B4%89%ED%83%81%EB%93%B1%EA%B8%B0
/지방공기업등기,지방공기업 등기,지방공기업 등기｜다옴법무사사무소,지방공기업 등기 — 상담 전 확인 가이드,local,지방공기업 등기,yes,https://xn--2j1br1na42lvxja38mk8r.kr/%EC%A7%80%EB%B0%A9%EA%B3%B5%EA%B8%B0%EC%97%85%EB%93%B1%EA%B8%B0
/공공기관이전등기,공공기관 이전등기,공공기관 이전등기｜다옴법무사사무소,공공기관 이전등기 — 상담 전 확인 가이드,local,공공기관 이전등기,yes,https://xn--2j1br1na42lvxja38mk8r.kr/%EA%B3%B5%EA%B3%B5%EA%B8%B0%EA%B4%80%EC%9D%B4%EC%A0%84%EB%93%B1%EA%B8%B0
/신축보존등기,신축 보존등기,신축 보존등기｜다옴법무사사무소,신축 보존등기 — 상담 전 확인 가이드,local,신축 보존등기,yes,https://xn--2j1br1na42lvxja38mk8r.kr/%EC%8B%A0%EC%B6%95%EB%B3%B4%EC%A1%B4%EB%93%B1%EA%B8%B0
/건물보존등기,건물 보존등기,건물 보존등기｜다옴법무사사무소,건물 보존등기 — 상담 전 확인 가이드,local,건물 보존등기,yes,https://xn--2j1br1na42lvxja38mk8r.kr/%EA%B1%B4%EB%AC%BC%EB%B3%B4%EC%A1%B4%EB%93%B1%EA%B8%B0
/집합건물보존등기,집합건물 보존등기,집합건물 보존등기｜다옴법무사사무소,집합건물 보존등기 — 상담 전 확인 가이드,local,집합건물 보존등기,yes,https://xn--2j1br1na42lvxja38mk8r.kr/%EC%A7%91%ED%95%A9%EA%B1%B4%EB%AC%BC%EB%B3%B4%EC%A1%B4%EB%93%B1%EA%B8%B0
/오피스텔보존등기,오피스텔 보존등기,오피스텔 보존등기｜다옴법무사사무소,오피스텔 보존등기 — 상담 전 확인 가이드,local,오피스텔 보존등기,yes,https://xn--2j1br1na42lvxja38mk8r.kr/%EC%98%A4%ED%94%BC%EC%8A%A4%ED%85%94%EB%B3%B4%EC%A1%B4%EB%93%B1%EA%B8%B0
/상가보존등기,상가 보존등기,상가 보존등기｜다옴법무사사무소,상가 보존등기 — 상담 전 확인 가이드,local,상가 보존등기,yes,https://xn--2j1br1na42lvxja38mk8r.kr/%EC%83%81%EA%B0%80%EB%B3%B4%EC%A1%B4%EB%93%B1%EA%B8%B0
/건축주준비서류,건축주 준비서류,건축주 준비서류｜다옴법무사사무소,건축주 준비서류 — 상담 전 확인 가이드,local,건축주 준비서류,yes,https://xn--2j1br1na42lvxja38mk8r.kr/%EA%B1%B4%EC%B6%95%EC%A3%BC%EC%A4%80%EB%B9%84%EC%84%9C%EB%A5%98
/사용승인후등기,사용승인 후 등기,사용승인 후 등기｜다옴법무사사무소,사용승인 후 등기 — 상담 전 확인 가이드,local,사용승인 후 등기,yes,https://xn--2j1br1na42lvxja38mk8r.kr/%EC%82%AC%EC%9A%A9%EC%8A%B9%EC%9D%B8%ED%9B%84%EB%93%B1%EA%B8%B0
/상속등기실수모음,상속등기에서 많이 하는 실수,상속등기에서 많이 하는 실수｜다옴법무사사무소,상속등기에서 많이 하는 실수 — 상담 전 확인 가이드,local,상속등기 실수,yes,https://xn--2j1br1na42lvxja38mk8r.kr/%EC%83%81%EC%86%8D%EB%93%B1%EA%B8%B0%EC%8B%A4%EC%88%98%EB%AA%A8%EC%9D%8C
/법인등기실수모음,법인등기에서 많이 하는 실수,법인등기에서 많이 하는 실수｜다옴법무사사무소,법인등기에서 많이 하는 실수 — 상담 전 확인 가이드,local,법인등기 실수,yes,https://xn--2j1br1na42lvxja38mk8r.kr/%EB%B2%95%EC%9D%B8%EB%93%B1%EA%B8%B0%EC%8B%A4%EC%88%98%EB%AA%A8%EC%9D%8C
/개인회생실수모음,개인회생에서 많이 하는 실수,개인회생에서 많이 하는 실수｜다옴법무사사무소,개인회생에서 많이 하는 실수 — 상담 전 확인 가이드,local,개인회생 실수,yes,https://xn--2j1br1na42lvxja38mk8r.kr/%EA%B0%9C%EC%9D%B8%ED%9A%8C%EC%83%9D%EC%8B%A4%EC%88%98%EB%AA%A8%EC%9D%8C
/부동산등기실수모음,부동산등기에서 많이 하는 실수,부동산등기에서 많이 하는 실수｜다옴법무사사무소,부동산등기에서 많이 하는 실수 — 상담 전 확인 가이드,local,부동산등기 실수,yes,https://xn--2j1br1na42lvxja38mk8r.kr/%EB%B6%80%EB%8F%99%EC%82%B0%EB%93%B1%EA%B8%B0%EC%8B%A4%EC%88%98%EB%AA%A8%EC%9D%8C
/집단등기실수모음,집단등기에서 많이 하는 실수,집단등기에서 많이 하는 실수｜다옴법무사사무소,집단등기에서 많이 하는 실수 — 상담 전 확인 가이드,local,집단등기 실수,yes,https://xn--2j1br1na42lvxja38mk8r.kr/%EC%A7%91%EB%8B%A8%EB%93%B1%EA%B8%B0%EC%8B%A4%EC%88%98%EB%AA%A8%EC%9D%8C
/상속등기체크리스트,상속등기 체크리스트,상속등기 체크리스트｜다옴법무사사무소,상속등기 체크리스트 — 상담 전 확인 가이드,local,상속등기 체크리스트,yes,https://xn--2j1br1na42lvxja38mk8r.kr/%EC%83%81%EC%86%8D%EB%93%B1%EA%B8%B0%EC%B2%B4%ED%81%AC%EB%A6%AC%EC%8A%A4%ED%8A%B8
/법인등기체크리스트,법인등기 체크리스트,법인등기 체크리스트｜다옴법무사사무소,법인등기 체크리스트 — 상담 전 확인 가이드,local,법인등기 체크리스트,yes,https://xn--2j1br1na42lvxja38mk8r.kr/%EB%B2%95%EC%9D%B8%EB%93%B1%EA%B8%B0%EC%B2%B4%ED%81%AC%EB%A6%AC%EC%8A%A4%ED%8A%B8
/개인회생체크리스트,개인회생 체크리스트,개인회생 체크리스트｜다옴법무사사무소,개인회생 체크리스트 — 상담 전 확인 가이드,local,개인회생 체크리스트,yes,https://xn--2j1br1na42lvxja38mk8r.kr/%EA%B0%9C%EC%9D%B8%ED%9A%8C%EC%83%9D%EC%B2%B4%ED%81%AC%EB%A6%AC%EC%8A%A4%ED%8A%B8
/부동산등기체크리스트,부동산등기 체크리스트,부동산등기 체크리스트｜다옴법무사사무소,부동산등기 체크리스트 — 상담 전 확인 가이드,local,부동산등기 체크리스트,yes,https://xn--2j1br1na42lvxja38mk8r.kr/%EB%B6%80%EB%8F%99%EC%82%B0%EB%93%B1%EA%B8%B0%EC%B2%B4%ED%81%AC%EB%A6%AC%EC%8A%A4%ED%8A%B8
/신축보존등기체크리스트,신축 보존등기 체크리스트,신축 보존등기 체크리스트｜다옴법무사사무소,신축 보존등기 체크리스트 — 상담 전 확인 가이드,local,신축 보존등기 체크리스트,yes,https://xn--2j1br1na42lvxja38mk8r.kr/%EC%8B%A0%EC%B6%95%EB%B3%B4%EC%A1%B4%EB%93%B1%EA%B8%B0%EC%B2%B4%ED%81%AC%EB%A6%AC%EC%8A%A4%ED%8A%B8
/왜상속등기비용이다를까,왜 상속등기 비용이 다를까,왜 상속등기 비용이 다를까｜다옴법무사사무소,왜 상속등기 비용이 다를까 — 상담 전 확인 가이드,local,상속등기 비용,yes,https://xn--2j1br1na42lvxja38mk8r.kr/%EC%99%9C%EC%83%81%EC%86%8D%EB%93%B1%EA%B8%B0%EB%B9%84%EC%9A%A9%EC%9D%B4%EB%8B%A4%EB%A5%BC%EA%B9%8C
/왜법인등기비용이다를까,왜 법인등기 비용이 다를까,왜 법인등기 비용이 다를까｜다옴법무사사무소,왜 법인등기 비용이 다를까 — 상담 전 확인 가이드,local,법인등기 비용,yes,https://xn--2j1br1na42lvxja38mk8r.kr/%EC%99%9C%EB%B2%95%EC%9D%B8%EB%93%B1%EA%B8%B0%EB%B9%84%EC%9A%A9%EC%9D%B4%EB%8B%A4%EB%A5%BC%EA%B9%8C
/왜개인회생비용이다를까,왜 개인회생 비용이 다를까,왜 개인회생 비용이 다를까｜다옴법무사사무소,왜 개인회생 비용이 다를까 — 상담 전 확인 가이드,local,개인회생 비용,yes,https://xn--2j1br1na42lvxja38mk8r.kr/%EC%99%9C%EA%B0%9C%EC%9D%B8%ED%9A%8C%EC%83%9D%EB%B9%84%EC%9A%A9%EC%9D%B4%EB%8B%A4%EB%A5%BC%EA%B9%8C
/등기실무,등기 실무 안내,등기 실무 안내｜다옴법무사사무소,등기 실무 안내 — 상담 전 확인 가이드,local,등기 실무,yes,https://xn--2j1br1na42lvxja38mk8r.kr/%EB%93%B1%EA%B8%B0%EC%8B%A4%EB%AC%B4
/특수등기의뢰,특수 등기 의뢰,특수 등기 의뢰｜다옴법무사사무소,특수 등기 의뢰 — 상담 전 확인 가이드,local,특수 등기 의뢰,yes,https://xn--2j1br1na42lvxja38mk8r.kr/%ED%8A%B9%EC%88%98%EB%93%B1%EA%B8%B0%EC%9D%98%EB%A2%B0
/법무사협업,법무사 협업,법무사 협업｜다옴법무사사무소,법무사 협업 — 상담 전 확인 가이드,local,법무사 협업,yes,https://xn--2j1br1na42lvxja38mk8r.kr/%EB%B2%95%EB%AC%B4%EC%82%AC%ED%98%91%EC%97%85
/부산잔금일법무사,부산 잔금일 법무사,부산 잔금일 법무사｜다옴법무사사무소,부산 잔금일 법무사 — 상담 전 확인 가이드,local,부산 잔금일 법무사,yes,https://xn--2j1br1na42lvxja38mk8r.kr/%EB%B6%80%EC%82%B0%EC%9E%94%EA%B8%88%EC%9D%BC%EB%B2%95%EB%AC%B4%EC%82%AC
/부산매매등기법무사,부산 매매등기 법무사,부산 매매등기 법무사｜계약·잔금·소유권이전 절차 안내,"부산 매매등기, 계약부터 잔금·소유권이전까지 확인할 기준",local,부산 매매등기 법무사,yes,https://xn--2j1br1na42lvxja38mk8r.kr/%EB%B6%80%EC%82%B0%EB%A7%A4%EB%A7%A4%EB%93%B1%EA%B8%B0%EB%B2%95%EB%AC%B4%EC%82%AC
/부산증여등기,부산 증여등기,부산 증여등기 법무사｜부모·자녀·부부 간 부동산을 이전하기 전 확인할 사항,"부산 부동산 증여등기, 계약 전에 확인할 절차와 준비서류",local,부산 증여 법무사,yes,https://xn--2j1br1na42lvxja38mk8r.kr/%EB%B6%80%EC%82%B0%EC%A6%9D%EC%97%AC%EB%93%B1%EA%B8%B0
/부산부모자녀아파트증여등기,부산 부모자녀 아파트 증여등기,부산 부모 자녀 아파트 증여등기｜이전 전에 확인할 서류와 세금 구분,"부모 자녀 아파트 증여등기, 이전 전에 확인할 사항",local,부산 부모 자녀 아파트 증여등기,yes,https://xn--2j1br1na42lvxja38mk8r.kr/%EB%B6%80%EC%82%B0%EB%B6%80%EB%AA%A8%EC%9E%90%EB%85%80%EC%95%84%ED%8C%8C%ED%8A%B8%EC%A6%9D%EC%97%AC%EB%93%B1%EA%B8%B0
/부산부부간증여등기,부산 부부간 증여등기,부산 부부간 증여등기｜공동명의 변경 전에 살펴볼 서류와 세금,"부부 간 증여등기, 공동명의를 바꾸기 전에 확인할 사항",local,부산 부부간 증여등기,yes,https://xn--2j1br1na42lvxja38mk8r.kr/%EB%B6%80%EC%82%B0%EB%B6%80%EB%B6%80%EA%B0%84%EC%A6%9D%EC%97%AC%EB%93%B1%EA%B8%B0
/부산부담부증여등기,부산 부담부증여등기,부산 부담부증여 등기｜대출과 임대차보증금이 있는 부동산이라면,"부담부증여 등기, 대출·전세가 있을 때 먼저 볼 권리관계",local,부산 부담부증여 등기,yes,https://xn--2j1br1na42lvxja38mk8r.kr/%EB%B6%80%EC%82%B0%EB%B6%80%EB%8B%B4%EB%B6%80%EC%A6%9D%EC%97%AC%EB%93%B1%EA%B8%B0
/부산공동명의지분증여등기,부산 공동명의 지분 증여등기,부산 아파트 지분 증여｜일부 지분만 자녀·배우자에게 이전할 때,"공동명의 지분 증여, 일부만 이전할 때 확인할 사항",local,부산 지분 증여등기,yes,https://xn--2j1br1na42lvxja38mk8r.kr/%EB%B6%80%EC%82%B0%EA%B3%B5%EB%8F%99%EB%AA%85%EC%9D%98%EC%A7%80%EB%B6%84%EC%A6%9D%EC%97%AC%EB%93%B1%EA%B8%B0
/부산명의변경등기,부산 명의변경 등기,부산 명의변경 등기｜실제 등기원인(매매·증여·상속) 먼저 확인,"부산 명의변경 등기, 실제 등기원인부터 정확히 구분하기",local,부산 명의변경 등기,yes,https://xn--2j1br1na42lvxja38mk8r.kr/%EB%B6%80%EC%82%B0%EB%AA%85%EC%9D%98%EB%B3%80%EA%B2%BD%EB%93%B1%EA%B8%B0
/부산아파트매매등기,부산 아파트 매매등기,부산 아파트 매매등기｜집합건물·관리비·전세낀 매매·대출 안내,"부산 아파트 매매등기, 집합건물·관리비·대출까지 확인하기",local,부산 아파트 매매등기,yes,https://xn--2j1br1na42lvxja38mk8r.kr/%EB%B6%80%EC%82%B0%EC%95%84%ED%8C%8C%ED%8A%B8%EB%A7%A4%EB%A7%A4%EB%93%B1%EA%B8%B0
/부산전세보증금반환법무사,부산 전세보증금 반환 법무사,부산 전세보증금 반환 법무사｜미반환 상황 점검·등기 안내,"부산 전세보증금 반환, 상황 점검과 등기 절차부터 확인",local,부산 전세보증금 반환,yes,https://xn--2j1br1na42lvxja38mk8r.kr/%EB%B6%80%EC%82%B0%EC%A0%84%EC%84%B8%EB%B3%B4%EC%A6%9D%EA%B8%88%EB%B0%98%ED%99%98%EB%B2%95%EB%AC%B4%EC%82%AC
/부산임차권등기명령,부산 임차권등기명령,부산 임차권등기명령｜신청 요건·서류·이사 전후 안내,"부산 임차권등기명령, 요건·서류·이사 시점 정리",local,부산 임차권등기명령,yes,https://xn--2j1br1na42lvxja38mk8r.kr/%EB%B6%80%EC%82%B0%EC%9E%84%EC%B0%A8%EA%B6%8C%EB%93%B1%EA%B8%B0%EB%AA%85%EB%A0%B9
/부산매수인법무사,부산 매수인 법무사,부산 매수인 법무사｜매수인이 직접 선택하는 등기 점검 안내,"부산 매수인 법무사, 매수인 관점에서 확인할 점검 항목",local,부산 매수인 법무사,yes,https://xn--2j1br1na42lvxja38mk8r.kr/%EB%B6%80%EC%82%B0%EB%A7%A4%EC%88%98%EC%9D%B8%EB%B2%95%EB%AC%B4%EC%82%AC
/부산경매낙찰등기,부산 경매 낙찰 등기,부산 경매낙찰등기｜대금 납부 후 소유권이전·촉탁·취득세 안내,부산 경매 낙찰 후 소유권이전·촉탁등기에서 확인할 사항,local,부산 경매낙찰등기,yes,https://xn--2j1br1na42lvxja38mk8r.kr/%EB%B6%80%EC%82%B0%EA%B2%BD%EB%A7%A4%EB%82%99%EC%B0%B0%EB%93%B1%EA%B8%B0
/부산공동명의등기,부산 공동명의 등기,부산 공동명의등기｜부부·가족 공동소유·지분 변경 실무 안내,부산 공동명의등기 — 공동소유·명의 전환 전 확인할 사항,local,부산 공동명의등기,yes,https://xn--2j1br1na42lvxja38mk8r.kr/%EB%B6%80%EC%82%B0%EA%B3%B5%EB%8F%99%EB%AA%85%EC%9D%98%EB%93%B1%EA%B8%B0
/부산지분이전등기,부산 지분이전 등기,부산 지분이전등기｜지분 매매·증여·상속 지분 정리 안내,부산 지분이전등기 — 일부 지분 이전 전 확인할 사항,local,부산 지분이전등기,yes,https://xn--2j1br1na42lvxja38mk8r.kr/%EB%B6%80%EC%82%B0%EC%A7%80%EB%B6%84%EC%9D%B4%EC%A0%84%EB%93%B1%EA%B8%B0
/부산이혼재산분할등기,부산 이혼 재산분할 등기,부산 이혼재산분할등기｜협의·판결 후 명의이전·근저당 정리 안내,부산 이혼 재산분할 후 부동산등기에서 확인할 사항,local,부산 이혼재산분할등기,yes,https://xn--2j1br1na42lvxja38mk8r.kr/%EB%B6%80%EC%82%B0%EC%9D%B4%ED%98%BC%EC%9E%AC%EC%82%B0%EB%B6%84%ED%95%A0%EB%93%B1%EA%B8%B0
/부산입주등기,부산 입주 등기,부산 입주등기｜분양·신축 아파트 소유권이전(개인 입주) 안내,부산 입주등기 — 개인 수분양자·매수인 관점에서 확인할 사항,local,부산 입주등기,yes,https://xn--2j1br1na42lvxja38mk8r.kr/%EB%B6%80%EC%82%B0%EC%9E%85%EC%A3%BC%EB%93%B1%EA%B8%B0
/부산셀프등기,부산 셀프 등기,부산 셀프등기｜직접 신청 vs 법무사 검토 비교·실수 체크,부산 셀프등기 — 직접 신청과 검토가 필요할 때 체크리스트,local,부산 셀프등기,yes,https://xn--2j1br1na42lvxja38mk8r.kr/%EB%B6%80%EC%82%B0%EC%85%80%ED%94%84%EB%93%B1%EA%B8%B0
/부산등기권리증분실,부산 등기권리증 분실,부산 등기권리증 분실｜확인서면·매도 시 실무 안내,부산 등기권리증 분실 시 매도·이전등기에서 확인할 사항,local,부산 등기권리증 분실,yes,https://xn--2j1br1na42lvxja38mk8r.kr/%EB%B6%80%EC%82%B0%EB%93%B1%EA%B8%B0%EA%B6%8C%EB%A6%AC%EC%A6%9D%EB%B6%84%EC%8B%A4
/부산빌라매매등기,부산 빌라 매매등기,부산 빌라 매매등기｜잔금·소유권이전·서류 확인,부산 빌라 매매등기에서 잔금 전 확인할 등기·서류·비용 항목,local,부산 빌라 매매등기,yes,https://xn--2j1br1na42lvxja38mk8r.kr/%EB%B6%80%EC%82%B0%EB%B9%8C%EB%9D%BC%EB%A7%A4%EB%A7%A4%EB%93%B1%EA%B8%B0
/부산오피스텔매매등기,부산 오피스텔 매매등기,부산 오피스텔 매매등기｜잔금·소유권이전·서류 확인,부산 오피스텔 매매등기에서 잔금 전 확인할 등기·서류·비용 항목,local,부산 오피스텔 매매등기,yes,https://xn--2j1br1na42lvxja38mk8r.kr/%EB%B6%80%EC%82%B0%EC%98%A4%ED%94%BC%EC%8A%A4%ED%85%94%EB%A7%A4%EB%A7%A4%EB%93%B1%EA%B8%B0
/부산상가매매등기,부산 상가 매매등기,부산 상가 매매등기｜잔금·소유권이전·서류 확인,부산 상가 매매등기에서 잔금 전 확인할 등기·서류·비용 항목,local,부산 상가 매매등기,yes,https://xn--2j1br1na42lvxja38mk8r.kr/%EB%B6%80%EC%82%B0%EC%83%81%EA%B0%80%EB%A7%A4%EB%A7%A4%EB%93%B1%EA%B8%B0
/부산토지매매등기,부산 토지 매매등기,부산 토지 매매등기｜잔금·소유권이전·서류 확인,부산 토지 매매등기에서 잔금 전 확인할 등기·서류·비용 항목,local,부산 토지 매매등기,yes,https://xn--2j1br1na42lvxja38mk8r.kr/%EB%B6%80%EC%82%B0%ED%86%A0%EC%A7%80%EB%A7%A4%EB%A7%A4%EB%93%B1%EA%B8%B0
/부산가압류말소등기,부산 가압류말소등기,부산 가압류말소등기｜변제·판결 후 등기부 가압류 정리,부산 가압류말소등기에서 먼저 확인할 권리관계와 서류,local,부산 가압류말소등기,yes,https://xn--2j1br1na42lvxja38mk8r.kr/%EB%B6%80%EC%82%B0%EA%B0%80%EC%95%95%EB%A5%98%EB%A7%90%EC%86%8C%EB%93%B1%EA%B8%B0
/부산압류말소등기,부산 압류말소등기,부산 압류말소등기｜세금·체납 압류 해제 후 등기 정리,부산 압류말소등기에서 기관 해제와 등기부 반영 확인하기,local,부산 압류말소등기,yes,https://xn--2j1br1na42lvxja38mk8r.kr/%EB%B6%80%EC%82%B0%EC%95%95%EB%A5%98%EB%A7%90%EC%86%8C%EB%93%B1%EA%B8%B0
/부산중도금대출근저당,부산 중도금대출 근저당,부산 중도금대출 근저당｜대출 실행·근저당 설정 서류와 등기 순서,부산 중도금대출 근저당에서 대출 실행과 근저당 설정을 맞추는 방법,local,부산 중도금대출 근저당,yes,https://xn--2j1br1na42lvxja38mk8r.kr/%EB%B6%80%EC%82%B0%EC%A4%91%EB%8F%84%EA%B8%88%EB%8C%80%EC%B6%9C%EA%B7%BC%EC%A0%80%EB%8B%B9
/부산잔금대출근저당,부산 잔금대출 근저당,부산 잔금대출 근저당｜대출 실행·근저당 설정 서류와 등기 순서,부산 잔금대출 근저당에서 대출 실행과 근저당 설정을 맞추는 방법,local,부산 잔금대출 근저당,yes,https://xn--2j1br1na42lvxja38mk8r.kr/%EB%B6%80%EC%82%B0%EC%9E%94%EA%B8%88%EB%8C%80%EC%B6%9C%EA%B7%BC%EC%A0%80%EB%8B%B9
/부산상속후매매등기,부산 상속 후 매매등기,부산 상속 후 매매등기｜상속등기와 매매 소유권이전 순서,부산 상속받은 부동산을 매매할 때 등기 순서 확인하기,local,부산 상속 후 매매등기,yes,https://xn--2j1br1na42lvxja38mk8r.kr/%EB%B6%80%EC%82%B0%EC%83%81%EC%86%8D%ED%9B%84%EB%A7%A4%EB%A7%A4%EB%93%B1%EA%B8%B0
/부산확정일자전세권비교,부산 확정일자 전세권 비교,부산 확정일자·전세권 비교｜전입신고·전세권설정·임차권 차이,"부산 확정일자와 전세권설정, 내 상황에 맞게 비교하기",local,부산 확정일자 전세권 비교,yes,https://xn--2j1br1na42lvxja38mk8r.kr/%EB%B6%80%EC%82%B0%ED%99%95%EC%A0%95%EC%9D%BC%EC%9E%90%EC%A0%84%EC%84%B8%EA%B6%8C%EB%B9%84%EA%B5%90
/부산외국인부동산등기,부산 외국인 부동산등기,부산 외국인 부동산등기｜매매·위임장·취득신고 서류 안내,부산 외국인 부동산등기에서 확인할 신분·위임·신고 서류,local,부산 외국인 부동산등기,yes,https://xn--2j1br1na42lvxja38mk8r.kr/%EB%B6%80%EC%82%B0%EC%99%B8%EA%B5%AD%EC%9D%B8%EB%B6%80%EB%8F%99%EC%82%B0%EB%93%B1%EA%B8%B0
/부산등기명의인표시변경,부산 등기명의인 표시변경,부산 등기명의인 표시변경｜주소·성명·법인명 변경등기,부산 등기명의인 표시변경과 명의변경의 차이,local,부산 등기명의인 표시변경,yes,https://xn--2j1br1na42lvxja38mk8r.kr/%EB%B6%80%EC%82%B0%EB%93%B1%EA%B8%B0%EB%AA%85%EC%9D%98%EC%9D%B8%ED%91%9C%EC%8B%9C%EB%B3%80%EA%B2%BD
/부산공매낙찰등기,부산 공매 낙찰등기,부산 공매낙찰등기｜온비드·캠코 낙찰 후 소유권이전,부산 공매 낙찰 후 소유권이전등기에서 확인할 사항,local,부산 공매낙찰등기,yes,https://xn--2j1br1na42lvxja38mk8r.kr/%EB%B6%80%EC%82%B0%EA%B3%B5%EB%A7%A4%EB%82%99%EC%B0%B0%EB%93%B1%EA%B8%B0
/부산신탁등기,부산 신탁등기,부산 신탁등기｜신탁원부·담보신탁·신탁부동산 매매 안내,부산 신탁등기와 신탁부동산 거래 전 확인할 사항,local,부산 신탁등기,yes,https://xn--2j1br1na42lvxja38mk8r.kr/%EB%B6%80%EC%82%B0%EC%8B%A0%ED%83%81%EB%93%B1%EA%B8%B0
/부모님사망후해야할일,부모님 사망 후 해야 할 일,부모님 사망 후 해야 할 일｜장례가 끝난 뒤 재산과 채무를 확인하는 순서,"부모님 사망 후 해야 할 일, 장례가 끝난 뒤부터 정리하기",local,부모님 사망 후 해야 할 일,yes,https://xn--2j1br1na42lvxja38mk8r.kr/%EB%B6%80%EB%AA%A8%EB%8B%98%EC%82%AC%EB%A7%9D%ED%9B%84%ED%95%B4%EC%95%BC%ED%95%A0%EC%9D%BC
/장례후재산채무정리,장례 후 재산·채무 정리,장례 후 재산·채무 정리 순서｜예금·부동산·빚을 어디서부터 확인할까,"장례 후 재산과 채무, 어디서부터 정리할까요",local,장례 후 재산정리,yes,https://xn--2j1br1na42lvxja38mk8r.kr/%EC%9E%A5%EB%A1%80%ED%9B%84%EC%9E%AC%EC%82%B0%EC%B1%84%EB%AC%B4%EC%A0%95%EB%A6%AC
/사망신고와상속등기차이,사망신고와 상속등기의 차이,사망신고 후 상속등기는 자동으로 될까｜부동산 명의를 정리하는 방법,"사망신고와 상속등기, 무엇이 다른가요",local,사망신고와 상속등기,yes,https://xn--2j1br1na42lvxja38mk8r.kr/%EC%82%AC%EB%A7%9D%EC%8B%A0%EA%B3%A0%EC%99%80%EC%83%81%EC%86%8D%EB%93%B1%EA%B8%B0%EC%B0%A8%EC%9D%B4
/안심상속원스톱서비스이후,안심상속 원스톱서비스 이후,안심상속 원스톱서비스 신청 후｜결과를 받기 전에 해야 할 일,"안심상속 원스톱서비스 신청 후, 결과 전에 확인할 일",local,안심상속 원스톱서비스 이후,yes,https://xn--2j1br1na42lvxja38mk8r.kr/%EC%95%88%EC%8B%AC%EC%83%81%EC%86%8D%EC%9B%90%EC%8A%A4%ED%86%B1%EC%84%9C%EB%B9%84%EC%8A%A4%EC%9D%B4%ED%9B%84
/사망자재산채무조회,사망자 재산·채무 조회,사망자 재산·채무 조회｜예금·부동산·보험·빚을 확인하는 방법,"사망자 재산과 채무, 어떻게 확인할까요",local,사망자 재산조회,yes,https://xn--2j1br1na42lvxja38mk8r.kr/%EC%82%AC%EB%A7%9D%EC%9E%90%EC%9E%AC%EC%82%B0%EC%B1%84%EB%AC%B4%EC%A1%B0%ED%9A%8C
/부모빚상속방법,부모 빚이 있는 경우 상속방법,부모님 빚을 뒤늦게 알았다면｜상속포기와 한정승인 전 확인사항,"부모 빚이 있을 때, 상속·포기·한정승인 중 무엇부터",local,부모 빚 상속,yes,https://xn--2j1br1na42lvxja38mk8r.kr/%EB%B6%80%EB%AA%A8%EB%B9%9A%EC%83%81%EC%86%8D%EB%B0%A9%EB%B2%95
/방문없이준비하는상속등기,방문 없이 준비하는 상속등기,법무사 사무소에 방문하기 어렵다면｜상속등기를 서류로 준비하는 순서,방문 없이 상속등기를 준비할 때 확인하는 순서,local,방문 없는 상속등기,yes,https://xn--2j1br1na42lvxja38mk8r.kr/%EB%B0%A9%EB%AC%B8%EC%97%86%EC%9D%B4%EC%A4%80%EB%B9%84%ED%95%98%EB%8A%94%EC%83%81%EC%86%8D%EB%93%B1%EA%B8%B0
/상속상담전준비서류와비용,상속 상담 전 준비서류와 비용,부산 상속 법무사 상담 전｜사망일·가족관계·재산자료를 준비하는 방법,"상속 상담 전, 사망일과 가족관계부터 준비하기",local,상속 상담 전 준비서류,yes,https://xn--2j1br1na42lvxja38mk8r.kr/%EC%83%81%EC%86%8D%EC%83%81%EB%8B%B4%EC%A0%84%EC%A4%80%EB%B9%84%EC%84%9C%EB%A5%98%EC%99%80%EB%B9%84%EC%9A%A9
/오래된상속토지정리,오래된 상속토지 정리,할아버지 명의 토지가 남아 있다면｜여러 세대가 지난 상속등기 절차,"오래된 상속토지, 여러 세대가 지났을 때 확인 순서",local,오래된 상속등기,yes,https://xn--2j1br1na42lvxja38mk8r.kr/%EC%98%A4%EB%9E%98%EB%90%9C%EC%83%81%EC%86%8D%ED%86%A0%EC%A7%80%EC%A0%95%EB%A6%AC
/연락두절상속인,연락두절 상속인이 있는 경우,연락되지 않는 상속인이 있다면｜상속등기·포기를 진행하기 전 확인사항,연락두절 상속인이 있을 때 먼저 확인할 사항,local,연락두절 상속인,yes,https://xn--2j1br1na42lvxja38mk8r.kr/%EC%97%B0%EB%9D%BD%EB%91%90%EC%A0%88%EC%83%81%EC%86%8D%EC%9D%B8
/미성년상속인,미성년 상속인이 있는 경우,미성년 상속인이 있는 상속｜법정대리와 준비서류를 확인하세요,미성년 상속인이 있을 때 확인하는 서류와 절차,local,미성년 상속인,yes,https://xn--2j1br1na42lvxja38mk8r.kr/%EB%AF%B8%EC%84%B1%EB%85%84%EC%83%81%EC%86%8D%EC%9D%B8
/재혼가정상속,재혼가정의 상속,재혼한 부모님의 상속관계｜전혼 자녀와 현재 배우자를 함께 확인할 때,"재혼가정 상속, 전혼 자녀와 현재 배우자를 함께 볼 때",local,재혼가정 상속,yes,https://xn--2j1br1na42lvxja38mk8r.kr/%EC%9E%AC%ED%98%BC%EA%B0%80%EC%A0%95%EC%83%81%EC%86%8D
/고인계좌장례비사용,고인 계좌에서 장례비를 사용한 경우,사망자 계좌에서 장례비를 사용했다면｜상속절차에 미치는 영향,고인 계좌에서 장례비를 썼다면 무엇을 확인할까요,local,고인 계좌 장례비,yes,https://xn--2j1br1na42lvxja38mk8r.kr/%EA%B3%A0%EC%9D%B8%EA%B3%84%EC%A2%8C%EC%9E%A5%EB%A1%80%EB%B9%84%EC%82%AC%EC%9A%A9
/사망후3개월지난상속,사망 후 3개월이 지난 경우,상속재산보다 채무가 많다면｜3개월 안에 확인할 선택지와 기한 경과 시,"사망 후 3개월, 기한 안과 기한 후에 확인할 선택",local,사망 후 3개월,yes,https://xn--2j1br1na42lvxja38mk8r.kr/%EC%82%AC%EB%A7%9D%ED%9B%843%EA%B0%9C%EC%9B%94%EC%A7%80%EB%82%9C%EC%83%81%EC%86%8D
/해외거주상속인,해외 거주 상속인이 있는 경우,해외 거주 상속인이 있는 상속등기｜서명·위임서류를 준비하는 순서,해외 거주 상속인이 있을 때 서류와 진행 순서,local,해외 거주 상속인,yes,https://xn--2j1br1na42lvxja38mk8r.kr/%ED%95%B4%EC%99%B8%EA%B1%B0%EC%A3%BC%EC%83%81%EC%86%8D%EC%9D%B8
/임대인사망전세계약,임대인이 사망한 전세계약,임대인이 사망한 전세계약｜보증금과 상속인 확인방법,"임대인이 사망했다면, 전세보증금은 누구에게 확인하나요",local,임대인 사망 전세,yes,https://xn--2j1br1na42lvxja38mk8r.kr/%EC%9E%84%EB%8C%80%EC%9D%B8%EC%82%AC%EB%A7%9D%EC%A0%84%EC%84%B8%EA%B3%84%EC%95%BD
/경상도비대면상속등기,경상도 비대면 상속등기,"경상도 비대면 상속등기｜경남·울산·경북 부동산, 방문 없이 준비하는 방법","경상도 상속등기, 방문 없이 준비하는 방법과 한계",local,경상도 비대면 상속등기,yes,https://xn--2j1br1na42lvxja38mk8r.kr/%EA%B2%BD%EC%83%81%EB%8F%84%EB%B9%84%EB%8C%80%EB%A9%B4%EC%83%81%EC%86%8D%EB%93%B1%EA%B8%B0
/타지역상속인경상도부동산,타지역 상속인과 경상도 부동산,"상속인은 부산·수도권에, 부동산은 경남·울산·경북에 있다면","상속인은 다른 지역에, 부동산은 경상도에 있을 때",local,타지역 상속인 경상도 부동산,yes,https://xn--2j1br1na42lvxja38mk8r.kr/%ED%83%80%EC%A7%80%EC%97%AD%EC%83%81%EC%86%8D%EC%9D%B8%EA%B2%BD%EC%83%81%EB%8F%84%EB%B6%80%EB%8F%99%EC%82%B0
/방문없이준비하는법무사업무,방문 없이 준비하는 법무사 업무,방문 없이 준비할 수 있는 법무사 업무｜상속·등기·법인 절차 안내,"법무사 사무소에 방문하기 어렵다면, 서류와 전화로 먼저 확인할 수 있는 업무",local,방문 없는 법무사,yes,https://xn--2j1br1na42lvxja38mk8r.kr/%EB%B0%A9%EB%AC%B8%EC%97%86%EC%9D%B4%EC%A4%80%EB%B9%84%ED%95%98%EB%8A%94%EB%B2%95%EB%AC%B4%EC%82%AC%EC%97%85%EB%AC%B4
/상속인이여러지역에있는경우,상속인이 여러 지역에 있는 경우,상속인이 전국에 흩어져 있다면｜한곳에 모이지 않고 상속등기를 준비하는 방법,"상속인이 전국에 흩어져 있다면, 한곳에 모이지 않고 준비하는 순서",local,상속인이 여러 지역에 있는 경우,yes,https://xn--2j1br1na42lvxja38mk8r.kr/%EC%83%81%EC%86%8D%EC%9D%B8%EC%9D%B4%EC%97%AC%EB%9F%AC%EC%A7%80%EC%97%AD%EC%97%90%EC%9E%88%EB%8A%94%EA%B2%BD%EC%9A%B0
/부동산과거주지가다른상속등기,부동산과 거주지가 다른 상속등기,부동산과 거주지가 다른 경우｜타지역 상속등기를 맡기기 전 확인할 사항,부동산과 거주지가 달라도 상속등기를 진행할 수 있을까,local,부동산과 거주지 다른 상속등기,yes,https://xn--2j1br1na42lvxja38mk8r.kr/%EB%B6%80%EB%8F%99%EC%82%B0%EA%B3%BC%EA%B1%B0%EC%A3%BC%EC%A7%80%EA%B0%80%EB%8B%A4%EB%A5%B8%EC%83%81%EC%86%8D%EB%93%B1%EA%B8%B0
/방문없이준비하는상속포기한정승인,방문 없이 준비하는 상속포기·한정승인,상속포기 기한이 얼마 남지 않았다면｜타지역에서도 먼저 준비할 사항,방문 없이 상속포기·한정승인을 준비할 때 먼저 확인할 사항,local,방문 없는 상속포기,yes,https://xn--2j1br1na42lvxja38mk8r.kr/%EB%B0%A9%EB%AC%B8%EC%97%86%EC%9D%B4%EC%A4%80%EB%B9%84%ED%95%98%EB%8A%94%EC%83%81%EC%86%8D%ED%8F%AC%EA%B8%B0%ED%95%9C%EC%A0%95%EC%8A%B9%EC%9D%B8
/사진전자파일우편으로서류전달,사진·전자파일·우편으로 서류 전달하기,등기서류를 사진·우편으로 보내는 방법｜원본이 필요한 단계까지,"사진으로 먼저 확인하고, 원본은 단계에서 전달하는 방법",local,등기서류 우편,yes,https://xn--2j1br1na42lvxja38mk8r.kr/%EC%82%AC%EC%A7%84%EC%A0%84%EC%9E%90%ED%8C%8C%EC%9D%BC%EC%9A%B0%ED%8E%B8%EC%9C%BC%EB%A1%9C%EC%84%9C%EB%A5%98%EC%A0%84%EB%8B%AC
/법무사비용먼저확인하는방법,법무사 비용을 먼저 확인하는 방법,법무사 비용을 먼저 확인하려면｜업무별로 준비할 기본 정보,"법무사 비용을 먼저 확인하려면, 업무별로 남겨 주시면 좋은 정보",local,법무사 비용 먼저 확인,yes,https://xn--2j1br1na42lvxja38mk8r.kr/%EB%B2%95%EB%AC%B4%EC%82%AC%EB%B9%84%EC%9A%A9%EB%A8%BC%EC%A0%80%ED%99%95%EC%9D%B8%ED%95%98%EB%8A%94%EB%B0%A9%EB%B2%95
/방문없이준비하는법인설립,방문 없이 준비하는 법인설립,공동창업자가 서로 다른 지역에 있다면｜법인설립 서류를 준비하는 순서,방문 없이 법인설립을 준비할 때 먼저 확인할 사항,local,방문 없는 법인설립,yes,https://xn--2j1br1na42lvxja38mk8r.kr/%EB%B0%A9%EB%AC%B8%EC%97%86%EC%9D%B4%EC%A4%80%EB%B9%84%ED%95%98%EB%8A%94%EB%B2%95%EC%9D%B8%EC%84%A4%EB%A6%BD
/방문없이준비하는임원변경,방문 없이 준비하는 임원변경등기,법인 임원들이 서로 다른 지역에 있다면｜변경등기 서류를 준비하는 순서,방문 없이 임원변경등기를 준비할 때 확인하는 순서,local,방문 없는 임원변경등기,yes,https://xn--2j1br1na42lvxja38mk8r.kr/%EB%B0%A9%EB%AC%B8%EC%97%86%EC%9D%B4%EC%A4%80%EB%B9%84%ED%95%98%EB%8A%94%EC%9E%84%EC%9B%90%EB%B3%80%EA%B2%BD
/해외대표이사주주법인등기,해외 대표이사·주주가 있는 법인등기,대표이사가 해외에 있는 법인등기｜서명·위임서류 확인사항,해외 거주 대표이사·주주가 있을 때 법인등기 서류 준비,local,해외 대표이사 법인등기,yes,https://xn--2j1br1na42lvxja38mk8r.kr/%ED%95%B4%EC%99%B8%EB%8C%80%ED%91%9C%EC%9D%B4%EC%82%AC%EC%A3%BC%EC%A3%BC%EB%B2%95%EC%9D%B8%EB%93%B1%EA%B8%B0
/부모자녀다른지역증여등기,부모와 자녀가 다른 지역에 사는 증여등기,부모와 자녀가 다른 지역에 사는 증여｜방문 전 준비할 서류,부모와 자녀가 다른 지역에 살아도 증여등기를 준비할 수 있을까,local,부모 자녀 다른 지역 증여,yes,https://xn--2j1br1na42lvxja38mk8r.kr/%EB%B6%80%EB%AA%A8%EC%9E%90%EB%85%80%EB%8B%A4%EB%A5%B8%EC%A7%80%EC%97%AD%EC%A6%9D%EC%97%AC%EB%93%B1%EA%B8%B0
/방문없이준비하는근저당말소,방문 없이 준비하는 근저당권 말소,대출을 갚은 뒤 근저당권 말소｜은행서류를 받은 다음 절차,"대출 상환 후 근저당권 말소, 은행서류를 받은 다음 준비",local,근저당권 말소 비대면,yes,https://xn--2j1br1na42lvxja38mk8r.kr/%EB%B0%A9%EB%AC%B8%EC%97%86%EC%9D%B4%EC%A4%80%EB%B9%84%ED%95%98%EB%8A%94%EA%B7%BC%EC%A0%80%EB%8B%B9%EB%A7%90%EC%86%8C
/이사후임차권등기명령준비,이사 후 임차권등기명령 준비,임차권등기명령을 타지역에서 준비한다면｜이사 전후 확인할 자료,이사 후·타지역에서도 임차권등기명령 자료를 먼저 정리하는 방법,local,이사 후 임차권등기명령,yes,https://xn--2j1br1na42lvxja38mk8r.kr/%EC%9D%B4%EC%82%AC%ED%9B%84%EC%9E%84%EC%B0%A8%EA%B6%8C%EB%93%B1%EA%B8%B0%EB%AA%85%EB%A0%B9%EC%A4%80%EB%B9%84
/방문없이준비하는지급명령서류,방문 없이 준비하는 지급명령 서류,지급명령을 방문 없이 준비하려면｜계약서와 입금내역 정리방법,지급명령 서류를 방문 없이 준비할 때 정리할 자료,local,지급명령 방문 없이 준비,yes,https://xn--2j1br1na42lvxja38mk8r.kr/%EB%B0%A9%EB%AC%B8%EC%97%86%EC%9D%B4%EC%A4%80%EB%B9%84%ED%95%98%EB%8A%94%EC%A7%80%EA%B8%89%EB%AA%85%EB%A0%B9%EC%84%9C%EB%A5%98
/사업자폐업후법인정리,사업자 폐업 후 법인 정리,사업자는 폐업했는데 법인이 남아 있다면｜해산·청산과 휴면 계속을 나누는 방법,"사업자는 폐업했는데 법인이 남아 있다면, 무엇을 먼저 확인할까",local,사업자 폐업 후 법인 정리,yes,https://xn--2j1br1na42lvxja38mk8r.kr/%EC%82%AC%EC%97%85%EC%9E%90%ED%8F%90%EC%97%85%ED%9B%84%EB%B2%95%EC%9D%B8%EC%A0%95%EB%A6%AC
/등기권리증없이소유권이전,등기권리증 없이 소유권이전하기,등기권리증을 찾지 못했다면｜확인서면으로 매도·이전을 준비하는 순서,등기권리증이 없어도 소유권이전을 준비할 수 있을까,local,등기권리증 없이 소유권이전,yes,https://xn--2j1br1na42lvxja38mk8r.kr/%EB%93%B1%EA%B8%B0%EA%B6%8C%EB%A6%AC%EC%A6%9D%EC%97%86%EC%9D%B4%EC%86%8C%EC%9C%A0%EA%B6%8C%EC%9D%B4%EC%A0%84
/해외서류가필요한증여등기,해외서류가 필요한 증여등기,해외 거주 자녀에게 부동산 증여｜서명·공증·번역을 나누는 순서,"해외 서류가 필요할 때, 증여등기를 국내·해외로 나누는 방법",local,해외 거주 자녀 증여등기,yes,https://xn--2j1br1na42lvxja38mk8r.kr/%ED%95%B4%EC%99%B8%EC%84%9C%EB%A5%98%EA%B0%80%ED%95%84%EC%9A%94%ED%95%9C%EC%A6%9D%EC%97%AC%EB%93%B1%EA%B8%B0
/방문없이준비하는부담부증여,방문 없이 준비하는 부담부증여,대출·전세가 있는 부동산 증여｜채무·보증금 인수 범위를 먼저 확인하는 방법,"대출·전세가 있는 증여, 방문 전에 권리관계부터 나누는 방법",local,부담부증여 원격 준비,yes,https://xn--2j1br1na42lvxja38mk8r.kr/%EB%B0%A9%EB%AC%B8%EC%97%86%EC%9D%B4%EC%A4%80%EB%B9%84%ED%95%98%EB%8A%94%EB%B6%80%EB%8B%B4%EB%B6%80%EC%A6%9D%EC%97%AC
/방문없이준비하는전세권말소,방문 없이 준비하는 전세권 말소,전세 계약이 끝난 뒤 전세권 말소｜서류 목록을 먼저 확인하는 방법,"전세권이 등기부에 남아 있다면, 말소 전에 확인할 서류",local,전세권 말소 원격 준비,yes,https://xn--2j1br1na42lvxja38mk8r.kr/%EB%B0%A9%EB%AC%B8%EC%97%86%EC%9D%B4%EC%A4%80%EB%B9%84%ED%95%98%EB%8A%94%EC%A0%84%EC%84%B8%EA%B6%8C%EB%A7%90%EC%86%8C
/공유물분할등기서류준비,공유물분할등기 서류 준비,공유 부동산을 나누어 등기하려면｜협의·판결 서류와 공유자 분산 시 준비,"공유물분할등기, 원인 서류와 공유자 준비부터 나누기",local,공유물분할등기 서류,yes,https://xn--2j1br1na42lvxja38mk8r.kr/%EA%B3%B5%EC%9C%A0%EB%AC%BC%EB%B6%84%ED%95%A0%EB%93%B1%EA%B8%B0%EC%84%9C%EB%A5%98%EC%A4%80%EB%B9%84
/가압류신청서류준비,가압류 신청 서류 준비,가압류 신청 전 준비서류｜채권·담보·관할을 먼저 정리하는 방법,"가압류를 신청하기 전, 서류와 관할부터 정리하는 방법",local,가압류 신청 서류,yes,https://xn--2j1br1na42lvxja38mk8r.kr/%EA%B0%80%EC%95%95%EB%A5%98%EC%8B%A0%EC%B2%AD%EC%84%9C%EB%A5%98%EC%A4%80%EB%B9%84
/내용증명작성준비,내용증명 작성 준비,내용증명을 보내기 전｜사실·금액·기한을 정리하는 방법,"내용증명을 보내기 전, 사실과 자료를 먼저 정리하는 방법",local,내용증명 작성 준비,yes,https://xn--2j1br1na42lvxja38mk8r.kr/%EB%82%B4%EC%9A%A9%EC%A6%9D%EB%AA%85%EC%9E%91%EC%84%B1%EC%A4%80%EB%B9%84
/방문없이준비하는유상증자,방문 없이 준비하는 유상증자등기,유상증자 후 자본금 등기｜결의·납입·등기부를 원격으로 확인하는 순서,"유상증자등기, 방문 전에 결의와 납입부터 맞추는 방법",local,유상증자등기 원격 준비,yes,https://xn--2j1br1na42lvxja38mk8r.kr/%EB%B0%A9%EB%AC%B8%EC%97%86%EC%9D%B4%EC%A4%80%EB%B9%84%ED%95%98%EB%8A%94%EC%9C%A0%EC%83%81%EC%A6%9D%EC%9E%90
/휴면법인계속등기준비,휴면법인 계속등기 준비,휴면법인 통지를 받았다면｜계속등기와 해산을 나누어 준비하는 방법,"휴면법인 계속등기, 해산과 무엇을 다르게 보나",local,휴면법인 계속등기 준비,yes,https://xn--2j1br1na42lvxja38mk8r.kr/%ED%9C%B4%EB%A9%B4%EB%B2%95%EC%9D%B8%EA%B3%84%EC%86%8D%EB%93%B1%EA%B8%B0%EC%A4%80%EB%B9%84
/제주타지역상속인부동산,제주 부동산과 타지역 상속인,"상속인은 육지, 부동산은 제주라면｜필지·거주지를 나눠 준비하는 방법",상속인은 육지에 있고 부동산은 제주에 있을 때,local,제주 부동산 타지역 상속인,yes,https://xn--2j1br1na42lvxja38mk8r.kr/%EC%A0%9C%EC%A3%BC%ED%83%80%EC%A7%80%EC%97%AD%EC%83%81%EC%86%8D%EC%9D%B8%EB%B6%80%EB%8F%99%EC%82%B0
/가처분신청서류준비,가처분 신청 서류 준비,가처분 신청 전 준비서류｜점유·처분금지 등 보전 자료를 먼저 정리하는 방법,"가처분을 신청하기 전, 피보전권리와 목적물부터 정리하는 방법",local,가처분 신청 서류,yes,https://xn--2j1br1na42lvxja38mk8r.kr/%EA%B0%80%EC%B2%98%EB%B6%84%EC%8B%A0%EC%B2%AD%EC%84%9C%EB%A5%98%EC%A4%80%EB%B9%84
/채권압류추심서류준비,채권압류·추심 서류 준비,채권압류·추심명령 서류 준비｜판결·지급명령 확정 후 집행 자료를 정리하는 방법,"판결·지급명령 확정 후, 채권압류·추심 서류를 준비하는 방법",local,채권압류 추심 서류,yes,https://xn--2j1br1na42lvxja38mk8r.kr/%EC%B1%84%EA%B6%8C%EC%95%95%EB%A5%98%EC%B6%94%EC%8B%AC%EC%84%9C%EB%A5%98%EC%A4%80%EB%B9%84
/변제공탁서류준비,변제공탁 서류 준비,변제공탁 서류 준비｜채권자 수령거부·불명 시 공탁 자료를 먼저 정리하는 방법,"변제공탁을 검토할 때, 채무·채권자·사유부터 정리하는 방법",local,변제공탁 서류,yes,https://xn--2j1br1na42lvxja38mk8r.kr/%EB%B3%80%EC%A0%9C%EA%B3%B5%ED%83%81%EC%84%9C%EB%A5%98%EC%A4%80%EB%B9%84
/이혼재산분할등기서류준비,이혼 재산분할등기 서류 준비,이혼 재산분할등기 서류 준비｜협의·판결 후 명의이전 자료를 먼저 정리하는 방법,"이혼 재산분할 후, 부동산등기 서류를 방문 전에 정리하는 방법",local,이혼 재산분할등기 서류,yes,https://xn--2j1br1na42lvxja38mk8r.kr/%EC%9D%B4%ED%98%BC%EC%9E%AC%EC%82%B0%EB%B6%84%ED%95%A0%EB%93%B1%EA%B8%B0%EC%84%9C%EB%A5%98%EC%A4%80%EB%B9%84
/압류말소등기서류준비,압류말소등기 서류 준비,압류말소등기 서류 준비｜세금·체납·집행 압류 해제 후 등기 자료를 정리하는 방법,"압류 해제 후, 등기부 말소 서류를 방문 전에 정리하는 방법",local,압류말소등기 서류,yes,https://xn--2j1br1na42lvxja38mk8r.kr/%EC%95%95%EB%A5%98%EB%A7%90%EC%86%8C%EB%93%B1%EA%B8%B0%EC%84%9C%EB%A5%98%EC%A4%80%EB%B9%84
/상속등기후매매서류준비,상속등기 후 매매 서류 준비,상속등기 후 매매 서류 준비｜잔금일 전 상속·협의분할·소유권이전 순서를 정리하는 방법,"상속받은 부동산을 매도할 때, 상속등기와 매매 서류를 함께 정리하는 방법",local,상속등기 후 매매 서류,yes,https://xn--2j1br1na42lvxja38mk8r.kr/%EC%83%81%EC%86%8D%EB%93%B1%EA%B8%B0%ED%9B%84%EB%A7%A4%EB%A7%A4%EC%84%9C%EB%A5%98%EC%A4%80%EB%B9%84
/특별한정승인,특별한정승인,특별한정승인｜기한 경과·뒤늦은 채무 발견 시 확인할 절차·서류,"특별한정승인, 기한이 지났거나 빚을 뒤늦게 알았을 때",local,특별한정승인,yes,https://xn--2j1br1na42lvxja38mk8r.kr/%ED%8A%B9%EB%B3%84%ED%95%9C%EC%A0%95%EC%8A%B9%EC%9D%B8
/대습상속등기,대습상속등기,대습상속등기｜중간 세대가 먼저 사망한 경우 명의이전 준비,"대습상속등기, 중간 세대가 먼저 사망했을 때 명의를 정리하는 순서",local,대습상속등기,yes,https://xn--2j1br1na42lvxja38mk8r.kr/%EB%8C%80%EC%8A%B5%EC%83%81%EC%86%8D%EB%93%B1%EA%B8%B0
/유류분과상속등기,유류분과 상속등기,유류분과 상속등기｜협의·유언이 있을 때 등기 전에 확인할 점,"유류분이 걱정될 때, 상속등기 전에 확인할 순서",local,유류분 상속등기,yes,https://xn--2j1br1na42lvxja38mk8r.kr/%EC%9C%A0%EB%A5%98%EB%B6%84%EA%B3%BC%EC%83%81%EC%86%8D%EB%93%B1%EA%B8%B0
/상속취득세와등기순서,상속 취득세와 등기 순서,상속 취득세와 등기 순서｜신고·납부·명의이전을 어떤 순서로 맞출까,"상속 취득세와 등기, 어떤 순서로 맞출까",local,상속 취득세,yes,https://xn--2j1br1na42lvxja38mk8r.kr/%EC%83%81%EC%86%8D%EC%B7%A8%EB%93%9D%EC%84%B8%EC%99%80%EB%93%B1%EA%B8%B0%EC%88%9C%EC%84%9C
/신용회복과개인회생차이,신용회복과 개인회생 차이,신용회복과 개인회생 차이｜워크아웃·회생·파산 중 무엇을 먼저 볼까,"신용회복과 개인회생, 무엇이 다르고 무엇을 먼저 볼까",local,신용회복 개인회생 차이,yes,https://xn--2j1br1na42lvxja38mk8r.kr/%EC%8B%A0%EC%9A%A9%ED%9A%8C%EB%B3%B5%EA%B3%BC%EA%B0%9C%EC%9D%B8%ED%9A%8C%EC%83%9D%EC%B0%A8%EC%9D%B4
/전세사기피해대응절차,전세사기 피해 대응 절차,부산 전세사기 법무사 | 보증금 미반환·임차권등기 - 다옴법무사사무소,"부산 전세사기·전세보증금 미반환, 지금 무엇부터 해야 할까요?",local,부산 전세사기 법무사,yes,https://xn--2j1br1na42lvxja38mk8r.kr/%EC%A0%84%EC%84%B8%EC%82%AC%EA%B8%B0%ED%94%BC%ED%95%B4%EB%8C%80%EC%9D%91%EC%A0%88%EC%B0%A8
/분양권명의이전등기,분양권 명의이전등기,분양권·입주권 명의이전｜입주 전 전매·승계 등기에서 확인할 점,"분양권·입주권 명의이전, 입주 전과 입주 후를 나누어 보기",local,분양권 명의이전,yes,https://xn--2j1br1na42lvxja38mk8r.kr/%EB%B6%84%EC%96%91%EA%B6%8C%EB%AA%85%EC%9D%98%EC%9D%B4%EC%A0%84%EB%93%B1%EA%B8%B0
/지급명령이의신청준비,지급명령 이의신청 준비,지급명령 이의신청을 준비한다면｜기간·서류·다음에 확인할 점,"지급명령을 받았다면, 이의신청 전에 무엇을 확인할까",local,지급명령 이의신청,yes,https://xn--2j1br1na42lvxja38mk8r.kr/%EC%A7%80%EA%B8%89%EB%AA%85%EB%A0%B9%EC%9D%B4%EC%9D%98%EC%8B%A0%EC%B2%AD%EC%A4%80%EB%B9%84
/해산간주확인절차,해산간주 확인 절차,해산간주 통지를 받았거나 의되면｜계속등기·해산 중 무엇을 보나,"해산간주가 걱정될 때, 계속등기와 해산 중 무엇을 먼저 볼까",local,해산간주,yes,https://xn--2j1br1na42lvxja38mk8r.kr/%ED%95%B4%EC%82%B0%EA%B0%84%EC%A3%BC%ED%99%95%EC%9D%B8%EC%A0%88%EC%B0%A8
/등기신청반려와보정,등기신청 반려와 보정,등기 신청이 반려되거나 보정명령을 받았다면｜다시 접수 전 점검,"등기 신청이 반려·보정되었다면, 다시 내기 전에 확인할 것",local,등기 반려,yes,https://xn--2j1br1na42lvxja38mk8r.kr/%EB%93%B1%EA%B8%B0%EC%8B%A0%EC%B2%AD%EB%B0%98%EB%A0%A4%EC%99%80%EB%B3%B4%EC%A0%95
/상속재산분할협의서준비,상속재산분할협의서 준비,상속재산분할협의서를 준비한다면｜등기·합의 전에 맞출 항목,"형제·배우자와 상속을 나눌 때, 분할협의서에 무엇을 담을까",local,상속재산분할협의서,yes,https://xn--2j1br1na42lvxja38mk8r.kr/%EC%83%81%EC%86%8D%EC%9E%AC%EC%82%B0%EB%B6%84%ED%95%A0%ED%98%91%EC%9D%98%EC%84%9C%EC%A4%80%EB%B9%84
/대표이사한명만남는경우,대표이사만 남는 경우,이사·감사가 사임하고 대표만 남는다면｜임원변경등기에서 확인할 점,"법인 이사가 사임하고 대표만 남는다면, 등기 전에 볼 것",local,대표이사만 남는 경우,yes,https://xn--2j1br1na42lvxja38mk8r.kr/%EB%8C%80%ED%91%9C%EC%9D%B4%EC%82%AC%ED%95%9C%EB%AA%85%EB%A7%8C%EB%82%A8%EB%8A%94%EA%B2%BD%EC%9A%B0
/경매낙찰후전세권확인,경매 낙찰 후 전세권 확인,경매 낙찰 후 전세권이 남아 있다면｜말소·인수 여부를 가늠하는 순서,경매에 낙찰받았는데 전세권이 남아 있다면,local,경매 낙찰 전세권,yes,https://xn--2j1br1na42lvxja38mk8r.kr/%EA%B2%BD%EB%A7%A4%EB%82%99%EC%B0%B0%ED%9B%84%EC%A0%84%EC%84%B8%EA%B6%8C%ED%99%95%EC%9D%B8
/본점이전후사업자등록순서,본점이전 후 사업자등록 순서,회사 주소를 옮긴 뒤｜본점이전등기와 사업자등록은 어떤 순서로,"회사 주소를 바꿨다면, 등기와 사업자등록을 어떤 순서로 맞출까",local,본점이전 후 사업자등록,yes,https://xn--2j1br1na42lvxja38mk8r.kr/%EB%B3%B8%EC%A0%90%EC%9D%B4%EC%A0%84%ED%9B%84%EC%82%AC%EC%97%85%EC%9E%90%EB%93%B1%EB%A1%9D%EC%88%9C%EC%84%9C
/상속포기후다음순위확인,상속포기 후 다음 순위 확인,상속포기를 하면 다음 순위는 누가 될까｜포기 전·후에 확인할 점,"상속포기를 결정하기 전, 다음 순위 상속인을 확인해야 하는 이유",local,상속포기 다음 순위,yes,https://xn--2j1br1na42lvxja38mk8r.kr/%EC%83%81%EC%86%8D%ED%8F%AC%EA%B8%B0%ED%9B%84%EB%8B%A4%EC%9D%8C%EC%88%9C%EC%9C%84%ED%99%95%EC%9D%B8
/부산가등기,부산 가등기,부산 가등기｜소유권이전청구권·담보가등기 설정·말소 확인,"부산 가등기, 설정·말소·본등기 전환 전에 확인할 점",local,부산 가등기,yes,https://xn--2j1br1na42lvxja38mk8r.kr/%EB%B6%80%EC%82%B0%EA%B0%80%EB%93%B1%EA%B8%B0
/부산유언검인,부산 유언검인,부산 유언검인｜자필·녹음 유언 검인 신청 전 확인 사항,"부산 유언검인, 상속등기 전에 확인할 검인 절차",local,부산 유언검인,yes,https://xn--2j1br1na42lvxja38mk8r.kr/%EB%B6%80%EC%82%B0%EC%9C%A0%EC%96%B8%EA%B2%80%EC%9D%B8
/부동산실권리자명의등기,부동산 실권리자명의등기,부동산 실권리자명의등기｜명의신탁 해소·진정명의회복 등기 확인,"부동산 실권리자명의등기, 명의신탁을 풀 때 확인할 점",local,부동산 실권리자명의등기,yes,https://xn--2j1br1na42lvxja38mk8r.kr/%EB%B6%80%EB%8F%99%EC%82%B0%EC%8B%A4%EA%B6%8C%EB%A6%AC%EC%9E%90%EB%AA%85%EC%9D%98%EB%93%B1%EA%B8%B0
/부산경매권리분석,부산 경매 권리분석,부산 경매 권리분석｜입찰 전 등기부·말소기준권리 확인 안내,"부산 경매 권리분석, 입찰 전 등기부에서 확인할 점",local,부산 경매 권리분석,yes,https://xn--2j1br1na42lvxja38mk8r.kr/%EB%B6%80%EC%82%B0%EA%B2%BD%EB%A7%A4%EA%B6%8C%EB%A6%AC%EB%B6%84%EC%84%9D
/부산개명허가,부산 개명허가,부산 개명허가｜가정법원 개명·성본변경 신청 전 서류 확인,"부산 개명허가, 가정법원 신청 전에 확인할 서류",local,부산 개명허가,yes,https://xn--2j1br1na42lvxja38mk8r.kr/%EB%B6%80%EC%82%B0%EA%B0%9C%EB%AA%85%ED%97%88%EA%B0%80
/상담,법무사 상담 안내,법무사 상담｜상황만 선택하는 약 1분 간편 상담,"법무사 상담, 상황만 선택해도 시작할 수 있습니다",local,법무사 상담 안내,yes,https://xn--2j1br1na42lvxja38mk8r.kr/%EC%83%81%EB%8B%B4
/1분간편상담,1분 간편 상담,1분 간편 상담｜법무사 상황 선택형 문의,약 1분 간편 상담으로 문의를 남겨 보세요,local,1분 간편 상담,yes,https://xn--2j1br1na42lvxja38mk8r.kr/1%EB%B6%84%EA%B0%84%ED%8E%B8%EC%83%81%EB%8B%B4
/법무사상담,법무사 상담이란,법무사 상담｜등기·상속·법인·회생 문의 안내,법무사 상담에서 확인할 수 있는 것,local,법무사 상담이란,yes,https://xn--2j1br1na42lvxja38mk8r.kr/%EB%B2%95%EB%AC%B4%EC%82%AC%EC%83%81%EB%8B%B4
/상속등기상담,상속등기 상담,상속등기 상담｜서류·절차·기한 문의,"상속등기, 지금 상담이 필요한지 확인해 보세요",local,상속등기 상담,yes,https://xn--2j1br1na42lvxja38mk8r.kr/%EC%83%81%EC%86%8D%EB%93%B1%EA%B8%B0%EC%83%81%EB%8B%B4
/상속포기상담,상속포기 상담,상속포기 상담｜3개월 기한·서류 문의,"상속포기, 기한 안에 상담이 필요할 수 있습니다",local,상속포기 상담,yes,https://xn--2j1br1na42lvxja38mk8r.kr/%EC%83%81%EC%86%8D%ED%8F%AC%EA%B8%B0%EC%83%81%EB%8B%B4
/한정승인상담,한정승인 상담,한정승인 상담｜채무 불확실 시 상속 문의,"한정승인, 채무를 모를 때 상담해 보세요",local,한정승인 상담,yes,https://xn--2j1br1na42lvxja38mk8r.kr/%ED%95%9C%EC%A0%95%EC%8A%B9%EC%9D%B8%EC%83%81%EB%8B%B4
/부동산등기상담,부동산등기 상담,부동산등기 상담｜매매·증여·이전 문의,"부동산등기, 잔금·서류가 막힐 때 상담하세요",local,부동산등기 상담,yes,https://xn--2j1br1na42lvxja38mk8r.kr/%EB%B6%80%EB%8F%99%EC%82%B0%EB%93%B1%EA%B8%B0%EC%83%81%EB%8B%B4
/법인등기상담,법인등기 상담,법인등기 상담｜설립·임원변경·본점이전,"법인등기, 기한이 걱정될 때 상담하세요",local,법인등기 상담,yes,https://xn--2j1br1na42lvxja38mk8r.kr/%EB%B2%95%EC%9D%B8%EB%93%B1%EA%B8%B0%EC%83%81%EB%8B%B4
/전세보증금상담,전세보증금 상담,전세보증금 상담｜반환·임차권등기 문의,전세보증금을 받지 못할 때 상담해 보세요,local,전세보증금 상담,yes,https://xn--2j1br1na42lvxja38mk8r.kr/%EC%A0%84%EC%84%B8%EB%B3%B4%EC%A6%9D%EA%B8%88%EC%83%81%EB%8B%B4
/개인회생상담,개인회생 상담,개인회생 상담｜자격·서류·파산과의 차이,개인회생이 맞는지 상황부터 상담해 보세요,local,개인회생 상담,yes,https://xn--2j1br1na42lvxja38mk8r.kr/%EA%B0%9C%EC%9D%B8%ED%9A%8C%EC%83%9D%EC%83%81%EB%8B%B4
/등기서류상담,등기 서류 상담,등기 서류 상담｜무엇을 준비할지 모를 때,"등기 서류, 무엇을 준비해야 할지 모를 때",local,등기 서류 상담,yes,https://xn--2j1br1na42lvxja38mk8r.kr/%EB%93%B1%EA%B8%B0%EC%84%9C%EB%A5%98%EC%83%81%EB%8B%B4
/무슨법률업무인지모를때,무슨 법률 업무인지 모를 때,어떤 법무사 업무인지 모르겠다면｜상황부터 설명해도 괜찮습니다,"어떤 법무사 업무인지 모르겠다면, 상황부터 설명해도 괜찮습니다",local,무슨 법률 업무인지 모를 때,yes,https://xn--2j1br1na42lvxja38mk8r.kr/%EB%AC%B4%EC%8A%A8%EB%B2%95%EB%A5%A0%EC%97%85%EB%AC%B4%EC%9D%B8%EC%A7%80%EB%AA%A8%EB%A5%BC%EB%95%8C
/서류가없어도상담가능,서류가 없어도 상담 가능,서류가 없어도 상담 가능｜법무사 간편 문의,서류가 없어도 상담 문의를 남길 수 있습니다,local,서류가 없어도 상담 가능,yes,https://xn--2j1br1na42lvxja38mk8r.kr/%EC%84%9C%EB%A5%98%EA%B0%80%EC%97%86%EC%96%B4%EB%8F%84%EC%83%81%EB%8B%B4%EA%B0%80%EB%8A%A5
/전화가어려울때법률상담,전화가 어려울 때 법률 상담,전화가 어려울 때 법률 상담｜문자·이메일 문의,전화가 어려울 때도 상담을 남길 수 있습니다,local,전화가 어려울 때 법률 상담,yes,https://xn--2j1br1na42lvxja38mk8r.kr/%EC%A0%84%ED%99%94%EA%B0%80%EC%96%B4%EB%A0%A4%EC%9A%B8%EB%95%8C%EB%B2%95%EB%A5%A0%EC%83%81%EB%8B%B4
/부산역법무사,부산역 법무사,부산역 법무사｜동구·초량동 등기 상담,부산역 법무사 — 동구·초량동 등기·채권 상담,local,부산역 법무사,yes,https://xn--2j1br1na42lvxja38mk8r.kr/%EB%B6%80%EC%82%B0%EC%97%AD%EB%B2%95%EB%AC%B4%EC%82%AC
/서면법무사,서면 법무사,서면 법무사｜부산진구·부전동 상가등기,서면 법무사 — 부산진구 상가·법인 등기 상담,local,서면 법무사,yes,https://xn--2j1br1na42lvxja38mk8r.kr/%EC%84%9C%EB%A9%B4%EB%B2%95%EB%AC%B4%EC%82%AC
/광안리법무사,광안리 법무사,광안리 법무사｜광안동·수영구 전세·등기,광안리 법무사 — 광안동·수영구 부동산·전세 등기,local,광안리 법무사,yes,https://xn--2j1br1na42lvxja38mk8r.kr/%EA%B4%91%EC%95%88%EB%A6%AC%EB%B2%95%EB%AC%B4%EC%82%AC
/동래역법무사,동래역 법무사,동래역 법무사｜동래·낙민동 등기 상담,동래역 법무사 — 동래·낙민동 상속·등기 상담,local,동래역 법무사,yes,https://xn--2j1br1na42lvxja38mk8r.kr/%EB%8F%99%EB%9E%98%EC%97%AD%EB%B2%95%EB%AC%B4%EC%82%AC
/연산동법무사,연산동 법무사,연산동 법무사｜등기국 인근 법인·부동산등기,연산동 법무사 — 등기국 인근 법인·부동산 상담,local,연산동 법무사,yes,https://xn--2j1br1na42lvxja38mk8r.kr/%EC%97%B0%EC%82%B0%EB%8F%99%EB%B2%95%EB%AC%B4%EC%82%AC
/남천동법무사,남천동 법무사,남천동 법무사｜수영구 전세·등기,남천동 법무사 — 수영구 전세·부동산 등기,local,남천동 법무사,yes,https://xn--2j1br1na42lvxja38mk8r.kr/%EB%82%A8%EC%B2%9C%EB%8F%99%EB%B2%95%EB%AC%B4%EC%82%AC
/대연동법무사,대연동 법무사,대연동 법무사｜남구 아파트·전세 등기,대연동 법무사 — 남구 아파트·전세 등기 상담,local,대연동 법무사,yes,https://xn--2j1br1na42lvxja38mk8r.kr/%EB%8C%80%EC%97%B0%EB%8F%99%EB%B2%95%EB%AC%B4%EC%82%AC
/덕천동법무사,덕천동 법무사,덕천동 법무사｜북구·개인회생·등기,덕천동 법무사 — 북구 등기·개인회생 상담,local,덕천동 법무사,yes,https://xn--2j1br1na42lvxja38mk8r.kr/%EB%8D%95%EC%B2%9C%EB%8F%99%EB%B2%95%EB%AC%B4%EC%82%AC
/명지법무사,명지 법무사,명지 법무사｜강서구·에코델타 법인등기,명지 법무사 — 강서구·신도시 법인·신축 등기,local,명지 법무사,yes,https://xn--2j1br1na42lvxja38mk8r.kr/%EB%AA%85%EC%A7%80%EB%B2%95%EB%AC%B4%EC%82%AC
/정관법무사,정관 법무사,정관 법무사｜기장군·토지상속 등기,정관 법무사 — 기장군 토지·주택·법인 등기,local,정관 법무사,yes,https://xn--2j1br1na42lvxja38mk8r.kr/%EC%A0%95%EA%B4%80%EB%B2%95%EB%AC%B4%EC%82%AC
/사상법무사,사상 법무사,사상 법무사｜괘법동·공장·상가 등기,사상 법무사 — 공장·상가·근저당 등기 상담,local,사상 법무사,yes,https://xn--2j1br1na42lvxja38mk8r.kr/%EC%82%AC%EC%83%81%EB%B2%95%EB%AC%B4%EC%82%AC
/하단법무사,하단 법무사,하단 법무사｜사하구 등기·지급명령,하단 법무사 — 사하구 부동산·상속 등기,local,하단 법무사,yes,https://xn--2j1br1na42lvxja38mk8r.kr/%ED%95%98%EB%8B%A8%EB%B2%95%EB%AC%B4%EC%82%AC
/우동법무사,우동 법무사,우동 법무사｜마린시티·해운대 등기 상담,우동 법무사 — 마린시티 고급 주거와 해변 상가 상담,local,우동 법무사,yes,https://xn--2j1br1na42lvxja38mk8r.kr/%EC%9A%B0%EB%8F%99%EB%B2%95%EB%AC%B4%EC%82%AC
/좌동법무사,좌동 법무사,좌동 법무사｜장산역·신시가지 상속 상담,좌동 법무사 — 장산역 신시가지의 대단지 아파트 상담,local,좌동 법무사,yes,https://xn--2j1br1na42lvxja38mk8r.kr/%EC%A2%8C%EB%8F%99%EB%B2%95%EB%AC%B4%EC%82%AC
/사직동법무사,사직동 법무사,사직동 법무사｜야구장·구축아파트 상속,사직동 법무사 — 사직야구장 인근 구축 아파트와 단독주택 상담,local,사직동 법무사,yes,https://xn--2j1br1na42lvxja38mk8r.kr/%EC%82%AC%EC%A7%81%EB%8F%99%EB%B2%95%EB%AC%B4%EC%82%AC
/화명동법무사,화명동 법무사,화명동 법무사｜신도시 아파트 매매·상속,화명동 법무사 — 화명신도시 대단지 실거주 아파트 상담,local,화명동 법무사,yes,https://xn--2j1br1na42lvxja38mk8r.kr/%ED%99%94%EB%AA%85%EB%8F%99%EB%B2%95%EB%AC%B4%EC%82%AC
/부곡동법무사,부곡동 법무사,부곡동 법무사｜부산대 원룸·한정승인,부곡동 법무사 — 부산대 인근 원룸·다가구 임대 주택 상담,local,부곡동 법무사,yes,https://xn--2j1br1na42lvxja38mk8r.kr/%EB%B6%80%EA%B3%A1%EB%8F%99%EB%B2%95%EB%AC%B4%EC%82%AC
/거제동법무사,거제동 법무사,거제동 법무사｜부산지법·회생 상담,거제동 법무사 — 부산지방법원·부산회생법원 인근 주거와 법조 생활권 상담,local,거제동 법무사,yes,https://xn--2j1br1na42lvxja38mk8r.kr/%EA%B1%B0%EC%A0%9C%EB%8F%99%EB%B2%95%EB%AC%B4%EC%82%AC
/전포동법무사,전포동 법무사,전포동 법무사｜카페거리 상가 등기 상담,전포동 법무사 — 전포카페거리의 소형 상가와 꼬마빌딩 상담,local,전포동 법무사,yes,https://xn--2j1br1na42lvxja38mk8r.kr/%EC%A0%84%ED%8F%AC%EB%8F%99%EB%B2%95%EB%AC%B4%EC%82%AC
/문현동법무사,문현동 법무사,문현동 법무사｜금융단지 법인·주거 등기,문현동 법무사 — 문현금융단지 업무시설과 인접 주거 부동산 상담,local,문현동 법무사,yes,https://xn--2j1br1na42lvxja38mk8r.kr/%EB%AC%B8%ED%98%84%EB%8F%99%EB%B2%95%EB%AC%B4%EC%82%AC
/용호동법무사,용호동 법무사,용호동 법무사｜이기대·오륙도 주거 등기,용호동 법무사 — 이기대·오륙도 해안 생활권의 아파트와 주택 상담,local,용호동 법무사,yes,https://xn--2j1br1na42lvxja38mk8r.kr/%EC%9A%A9%ED%98%B8%EB%8F%99%EB%B2%95%EB%AC%B4%EC%82%AC
/망미동법무사,망미동 법무사,망미동 법무사｜망미역·수영강 등기,망미동 법무사 — 망미역·수영강 주변의 빌라·다세대와 아파트 상담,local,망미동 법무사,yes,https://xn--2j1br1na42lvxja38mk8r.kr/%EB%A7%9D%EB%AF%B8%EB%8F%99%EB%B2%95%EB%AC%B4%EC%82%AC
/일광읍법무사,일광읍 법무사,일광읍 법무사｜해수욕장·신축 상속 상담,일광읍 법무사 — 일광해수욕장 관광 상가와 신축·전원 주거 상담,local,일광읍 법무사,yes,https://xn--2j1br1na42lvxja38mk8r.kr/%EC%9D%BC%EA%B4%91%EC%9D%8D%EB%B2%95%EB%AC%B4%EC%82%AC
/남포동법무사,남포동 법무사,남포동 법무사｜원도심 상가·상속 등기,남포동 법무사 — 자갈치·원도심의 다수 임차인 상가와 오래된 건물 상담,local,남포동 법무사,yes,https://xn--2j1br1na42lvxja38mk8r.kr/%EB%82%A8%ED%8F%AC%EB%8F%99%EB%B2%95%EB%AC%B4%EC%82%AC
/초량동법무사,초량동 법무사,초량동 법무사｜좌천·수정동 상속·등기,초량동 법무사 — 부산역 배후 주거·다가구와 항만 인접 상가 상담,local,초량동 법무사,yes,https://xn--2j1br1na42lvxja38mk8r.kr/%EC%B4%88%EB%9F%89%EB%8F%99%EB%B2%95%EB%AC%B4%EC%82%AC
/범일동법무사,범일동 법무사,범일동 법무사｜범천동 상가·등기 상담,범일동 법무사 — 범일·범천 물류·공구상가와 배후 주거 상담,local,범일동 법무사,yes,https://xn--2j1br1na42lvxja38mk8r.kr/%EB%B2%94%EC%9D%BC%EB%8F%99%EB%B2%95%EB%AC%B4%EC%82%AC
/구포동법무사,구포동 법무사,구포동 법무사｜만덕동 회생·상속 상담,구포동 법무사 — 구포역·만덕터널 생활권의 구축 아파트와 주택 상담,local,구포동 법무사,yes,https://xn--2j1br1na42lvxja38mk8r.kr/%EA%B5%AC%ED%8F%AC%EB%8F%99%EB%B2%95%EB%AC%B4%EC%82%AC
/다대동법무사,다대동 법무사,다대동 법무사｜장림·감천 상속·등기,다대동 법무사 — 다대포·장림·감천 해안 주거와 산업단지 배후 주택 상담,local,다대동 법무사,yes,https://xn--2j1br1na42lvxja38mk8r.kr/%EB%8B%A4%EB%8C%80%EB%8F%99%EB%B2%95%EB%AC%B4%EC%82%AC
/괴정동법무사,괴정동 법무사,괴정동 법무사｜당리·신평 매매·전세 등기,괴정동 법무사 — 괴정·당리·신평 역세권 아파트와 다세대 상담,local,괴정동 법무사,yes,https://xn--2j1br1na42lvxja38mk8r.kr/%EA%B4%B4%EC%A0%95%EB%8F%99%EB%B2%95%EB%AC%B4%EC%82%AC
/개금동법무사,개금동 법무사,개금동 법무사｜가야·당감 상속·등기,개금동 법무사 — 개금·가야·당감의 구축 아파트와 다세대 주거 상담,local,개금동 법무사,yes,https://xn--2j1br1na42lvxja38mk8r.kr/%EA%B0%9C%EA%B8%88%EB%8F%99%EB%B2%95%EB%AC%B4%EC%82%AC
/안락동법무사,안락동 법무사,안락동 법무사｜명장·수안 상속등기,안락동 법무사 — 안락·명장·수안의 동래 동부 주거와 온천천 생활권 상담,local,안락동 법무사,yes,https://xn--2j1br1na42lvxja38mk8r.kr/%EC%95%88%EB%9D%BD%EB%8F%99%EB%B2%95%EB%AC%B4%EC%82%AC
/구서동법무사,구서동 법무사,구서동 법무사｜서동·청룡 상속·한정승인,구서동 법무사 — 구서·서동·청룡의 금정 남부 주거와 역세권 아파트 상담,local,구서동 법무사,yes,https://xn--2j1br1na42lvxja38mk8r.kr/%EA%B5%AC%EC%84%9C%EB%8F%99%EB%B2%95%EB%AC%B4%EC%82%AC
/반송동법무사,반송동 법무사,반송동 법무사｜석대·회동 상속·등기,반송동 법무사 — 반송·석대·회동의 해운대 서부 주거와 산업·물류 배후 상담,local,반송동 법무사,yes,https://xn--2j1br1na42lvxja38mk8r.kr/%EB%B0%98%EC%86%A1%EB%8F%99%EB%B2%95%EB%AC%B4%EC%82%AC
/주례동법무사,주례동 법무사,주례동 법무사｜학장·모라 상속·등기,주례동 법무사 — 주례·학장·모라의 사상 내륙 주거와 학교·단지 생활권 상담,local,주례동 법무사,yes,https://xn--2j1br1na42lvxja38mk8r.kr/%EC%A3%BC%EB%A1%80%EB%8F%99%EB%B2%95%EB%AC%B4%EC%82%AC
/동삼동법무사,동삼동 법무사,동삼동 법무사｜영선·청학 상속·등기,동삼동 법무사 — 동삼·영선·청학의 영도 주거와 해양·조선 배후 생활권 상담,local,동삼동 법무사,yes,https://xn--2j1br1na42lvxja38mk8r.kr/%EB%8F%99%EC%82%BC%EB%8F%99%EB%B2%95%EB%AC%B4%EC%82%AC
/우암동법무사,우암동 법무사,우암동 법무사｜감만·용당 상속·등기,우암동 법무사 — 우암·감만·용당의 남구 항만 배후 주거와 소규모 상가 상담,local,우암동 법무사,yes,https://xn--2j1br1na42lvxja38mk8r.kr/%EC%9A%B0%EC%95%94%EB%8F%99%EB%B2%95%EB%AC%B4%EC%82%AC
/기장읍법무사,기장읍 법무사,기장읍 법무사｜장안·철마 토지 상속등기,기장읍 법무사 — 기장읍·장안읍·철마면의 읍면 토지·전원주택 상담,local,기장읍 법무사,yes,https://xn--2j1br1na42lvxja38mk8r.kr/%EA%B8%B0%EC%9E%A5%EC%9D%8D%EB%B2%95%EB%AC%B4%EC%82%AC
/연지동법무사,연지동 법무사,연지동 법무사｜초읍동 상속·매매 등기,연지동 법무사 — 연지·초읍의 부산진 북부 주거와 공원·학교 생활권 상담,local,연지동 법무사,yes,https://xn--2j1br1na42lvxja38mk8r.kr/%EC%97%B0%EC%A7%80%EB%8F%99%EB%B2%95%EB%AC%B4%EC%82%AC
/오시리아법무사,오시리아 법무사,오시리아 법무사｜동부산 분양·상속 등기,오시리아 법무사 — 오시리아·동부산 관광·레저 단지와 기장 배후 부동산 상담,local,오시리아 법무사,yes,https://xn--2j1br1na42lvxja38mk8r.kr/%EC%98%A4%EC%8B%9C%EB%A6%AC%EC%95%84%EB%B2%95%EB%AC%B4%EC%82%AC
/부산법률전문가,부산 법률 전문가,부산 법률 전문가 안윤정 법무사 | 기업·기관 강의·전문가 활동,부산에서 법률 전문가를 찾고 계신가요?,local,부산 법률 전문가,yes,https://xn--2j1br1na42lvxja38mk8r.kr/%EB%B6%80%EC%82%B0%EB%B2%95%EB%A5%A0%EC%A0%84%EB%AC%B8%EA%B0%80
/법률강의,부산 법률 강의·특강,부산 법률 강의·특강｜기관·도서관·학교·기업 맞춤 법률교육,부산 법률 강의·특강｜기관·도서관·학교·기업 맞춤 생활법률 교육,local,부산 법률 강의,yes,https://xn--2j1br1na42lvxja38mk8r.kr/%EB%B2%95%EB%A5%A0%EA%B0%95%EC%9D%98
/부산법률강사,부산 강사 초빙,부산 강사 초빙｜기관·기업·청년 대상 사례 중심 실무 특강,부산에서 실무형 특강 강사를 찾고 계신가요?,local,부산 강사 초빙,yes,https://xn--2j1br1na42lvxja38mk8r.kr/%EB%B6%80%EC%82%B0%EB%B2%95%EB%A5%A0%EA%B0%95%EC%82%AC
/전세사기예방교육,부산 전세사기 예방교육,부산 전세사기 예방교육｜청년·신혼부부·기관 맞춤형 법률특강,부산 전세사기 예방교육｜계약 전 확인부터 보증금 보호까지,local,부산 전세사기 예방교육,yes,https://xn--2j1br1na42lvxja38mk8r.kr/%EC%A0%84%EC%84%B8%EC%82%AC%EA%B8%B0%EC%98%88%EB%B0%A9%EA%B5%90%EC%9C%A1
/청년생활법률특강,부산 청년 특강 강사,부산 청년 특강 강사｜주거·돈거래·계약에서 나를 지키는 실전교육,부산 청년 특강 강사｜주거·돈거래·계약에서 나를 지키는 방법,local,부산 청년 특강 강사,yes,https://xn--2j1br1na42lvxja38mk8r.kr/%EC%B2%AD%EB%85%84%EC%83%9D%ED%99%9C%EB%B2%95%EB%A5%A0%ED%8A%B9%EA%B0%95
/창업법률교육,부산 창업교육 강사,부산 창업교육 강사｜예비창업자가 놓치기 쉬운 계약·법인·채권관리,부산 창업교육 강사｜예비창업자가 놓치기 쉬운 법률 실수,local,부산 창업교육 강사,yes,https://xn--2j1br1na42lvxja38mk8r.kr/%EC%B0%BD%EC%97%85%EB%B2%95%EB%A5%A0%EA%B5%90%EC%9C%A1
/기업법률교육,부산 기업 특강,부산 기업 특강 | 계약·채권·법인 실무 법률교육 - 안윤정 법무사,"부산 기업 법률특강, 임직원이 놓치기 쉬운 실무부터",local,부산 기업 특강,yes,https://xn--2j1br1na42lvxja38mk8r.kr/%EA%B8%B0%EC%97%85%EB%B2%95%EB%A5%A0%EA%B5%90%EC%9C%A1
/강사소개,안윤정 법무사 강사 소개,안윤정 법무사 강사 소개｜부산 법률특강·전세사기·창업 강의,"기관이 먼저 찾는 부산 법률 강사, 안윤정 법무사",local,법률 강사 프로필,yes,https://xn--2j1br1na42lvxja38mk8r.kr/%EA%B0%95%EC%82%AC%EC%86%8C%EA%B0%9C
/강의문의,법률 강의 문의,부산 법률 강의 문의｜기관·단체 특강·강사 섭외 일정 협의,기관·단체 담당자를 위한 부산 법률 강의 문의,local,법률 강의 문의,yes,https://xn--2j1br1na42lvxja38mk8r.kr/%EA%B0%95%EC%9D%98%EB%AC%B8%EC%9D%98
/디지털법률교육,부산 디지털 법률교육,부산 디지털 법률교육｜개인정보·명예훼손·온라인 범죄 예방특강,부산 디지털 법률교육｜온라인 활동에서 꼭 알아야 할 법률 기준,local,부산 디지털 법률교육,yes,https://xn--2j1br1na42lvxja38mk8r.kr/%EB%94%94%EC%A7%80%ED%84%B8%EB%B2%95%EB%A5%A0%EA%B5%90%EC%9C%A1
/학교법률교육,부산 학교·대학 법률교육,부산 학교·대학 법률교육｜청소년·대학생 생활법률 특강,부산 학교·대학 법률교육｜학생 눈높이에 맞춘 사례 중심 특강,local,부산 학교 법률교육,yes,https://xn--2j1br1na42lvxja38mk8r.kr/%ED%95%99%EA%B5%90%EB%B2%95%EB%A5%A0%EA%B5%90%EC%9C%A1
/공공기관법률교육,부산 공공기관 강사,부산 공공기관 강사｜직원·상담사·시민 대상 사례 중심 실무교육,부산 공공기관 강사｜직원·상담사·시민을 위한 실무교육,local,부산 공공기관 강사,yes,https://xn--2j1br1na42lvxja38mk8r.kr/%EA%B3%B5%EA%B3%B5%EA%B8%B0%EA%B4%80%EB%B2%95%EB%A5%A0%EA%B5%90%EC%9C%A1
/법무사진로특강,법무사 진로특강,법무사 진로특강｜법무사의 업무와 법률전문직 진로 이야기,법무사 진로특강｜일·자격·현장에서 보는 법률전문직,local,법무사 진로특강,yes,https://xn--2j1br1na42lvxja38mk8r.kr/%EB%B2%95%EB%AC%B4%EC%82%AC%EC%A7%84%EB%A1%9C%ED%8A%B9%EA%B0%95
/부산도서관법률특강,부산 도서관·시민강좌 강사,부산 도서관·시민강좌 강사｜일상에서 바로 쓰는 생활법률 교육,부산 도서관·시민강좌 강사｜시민이 바로 활용하는 생활법률 강좌,local,부산 도서관 법률특강,yes,https://xn--2j1br1na42lvxja38mk8r.kr/%EB%B6%80%EC%82%B0%EB%8F%84%EC%84%9C%EA%B4%80%EB%B2%95%EB%A5%A0%ED%8A%B9%EA%B0%95
/부산법무사강의,부산 법무사 강의,부산 법무사 강의｜실무 기반 법률특강·기관 출강,부산 법무사 강의｜실무로 설명하는 법률특강·기관 출강,local,부산 법무사 강의,yes,https://xn--2j1br1na42lvxja38mk8r.kr/%EB%B6%80%EC%82%B0%EB%B2%95%EB%AC%B4%EC%82%AC%EA%B0%95%EC%9D%98
/부산기관법률특강,부산 기관 법률특강,부산 기관 법률특강｜단체·협회·업체·복지기관 맞춤 교육,부산 기관 법률특강｜단체·협회·업체에 맞춘 생활법률 교육,local,부산 기관 법률특강,yes,https://xn--2j1br1na42lvxja38mk8r.kr/%EB%B6%80%EC%82%B0%EA%B8%B0%EA%B4%80%EB%B2%95%EB%A5%A0%ED%8A%B9%EA%B0%95
/부산사회복지기관강사,부산 사회복지기관 강사,부산 사회복지기관 강사｜종사자·이용자 생활법률·분쟁예방 교육,부산 사회복지기관 강사｜현장 종사자를 위한 가족·재산·생활분쟁 교육,local,부산 사회복지기관 강사,yes,https://xn--2j1br1na42lvxja38mk8r.kr/%EB%B6%80%EC%82%B0%EC%82%AC%ED%9A%8C%EB%B3%B5%EC%A7%80%EA%B8%B0%EA%B4%80%EA%B0%95%EC%82%AC
/부산강사섭외비용,부산 강사 섭외 비용,부산 강사 섭외 비용｜출강료·견적에 영향을 주는 요소 안내,부산 강사 섭외 비용｜견적 전에 알아두면 좋은 요소,local,부산 강사 섭외 비용,yes,https://xn--2j1br1na42lvxja38mk8r.kr/%EB%B6%80%EC%82%B0%EA%B0%95%EC%82%AC%EC%84%AD%EC%99%B8%EB%B9%84%EC%9A%A9
/부산강사섭외체크리스트,부산 강사 섭외 체크리스트,부산 강사 섭외 체크리스트｜외부강사·프로필·강의안 준비 항목,부산 강사 섭외 체크리스트｜담당자가 먼저 정리할 항목,local,부산 강사 섭외 체크리스트,yes,https://xn--2j1br1na42lvxja38mk8r.kr/%EB%B6%80%EC%82%B0%EA%B0%95%EC%82%AC%EC%84%AD%EC%99%B8%EC%B2%B4%ED%81%AC%EB%A6%AC%EC%8A%A4%ED%8A%B8
/기관특강주제추천,부산 기관 특강 주제 추천,부산 기관 특강 주제 추천｜청년·직원·시민 교육 기획 가이드,부산 기관 특강 주제 추천｜청년·직원·시민 교육 기획 가이드,local,부산 기관 특강 주제 추천,yes,https://xn--2j1br1na42lvxja38mk8r.kr/%EA%B8%B0%EA%B4%80%ED%8A%B9%EA%B0%95%EC%A3%BC%EC%A0%9C%EC%B6%94%EC%B2%9C
/강의시간별구성,강의시간별 구성,강의시간별 구성｜60·90·120분·반일 특강 목차 차이,강의시간별 구성｜60분부터 반일까지 목차와 진행 차이,local,1시간 특강 주제,yes,https://xn--2j1br1na42lvxja38mk8r.kr/%EA%B0%95%EC%9D%98%EC%8B%9C%EA%B0%84%EB%B3%84%EA%B5%AC%EC%84%B1
/부산기업법률자문,부산 기업 법률실무 지원,부산 기업 법률자문 검색 전 확인할 법인등기·채권·기업 법률실무,부산 기업 법률실무 지원｜법인등기·채권서류·기업 등기 관리,local,부산 기업 법률자문,yes,https://xn--2j1br1na42lvxja38mk8r.kr/%EB%B6%80%EC%82%B0%EA%B8%B0%EC%97%85%EB%B2%95%EB%A5%A0%EC%9E%90%EB%AC%B8
/부산기업채권관리,부산 기업 미수금·채권관리 실무,부산 기업 채권관리｜미수금 내용증명·지급명령 준비 안내,부산 기업 미수금·채권관리 실무 안내,local,부산 기업 채권관리,yes,https://xn--2j1br1na42lvxja38mk8r.kr/%EB%B6%80%EC%82%B0%EA%B8%B0%EC%97%85%EC%B1%84%EA%B6%8C%EA%B4%80%EB%A6%AC
/부산기업부동산등기,부산 기업 부동산등기 실무,부산 기업 부동산등기｜공장·창고·상가 매매·근저당 등기,부산 기업 부동산등기 실무 안내,local,부산 기업 부동산등기,yes,https://xn--2j1br1na42lvxja38mk8r.kr/%EB%B6%80%EC%82%B0%EA%B8%B0%EC%97%85%EB%B6%80%EB%8F%99%EC%82%B0%EB%93%B1%EA%B8%B0
/기업업무문의,기업 업무 문의,기업 업무 문의｜법인등기·채권서류·기업 부동산등기,기업 업무 문의,local,기업 업무 문의,yes,https://xn--2j1br1na42lvxja38mk8r.kr/%EA%B8%B0%EC%97%85%EC%97%85%EB%AC%B4%EB%AC%B8%EC%9D%98
/부산법률상담,부산 법률상담 — 법무사가 지원하는 절차 안내,부산에서 법률상담을 찾을 때｜공공 상담과 법무사 업무의 차이,부산에서 법률상담을 찾을 때 확인할 곳,local,부산 법률상담,yes,https://xn--2j1br1na42lvxja38mk8r.kr/%EB%B6%80%EC%82%B0%EB%B2%95%EB%A5%A0%EC%83%81%EB%8B%B4
/법인변경등기,법인 변경등기 안내,법인 변경등기｜임원·본점·목적·증자·해산 절차별 안내,법인 변경등기 — 어떤 변경이 필요한지부터 확인하세요,local,법인 변경등기,yes,https://xn--2j1br1na42lvxja38mk8r.kr/%EB%B2%95%EC%9D%B8%EB%B3%80%EA%B2%BD%EB%93%B1%EA%B8%B0
/부산대표이사변경등기,부산 대표이사 변경등기,부산 대표이사 변경등기｜취임·사임·은행 연계 정리,부산 대표이사 변경등기 — 대표권 이전 후 등기부터 정리하세요,local,부산 대표이사 변경등기,yes,https://xn--2j1br1na42lvxja38mk8r.kr/%EB%B6%80%EC%82%B0%EB%8C%80%ED%91%9C%EC%9D%B4%EC%82%AC%EB%B3%80%EA%B2%BD%EB%93%B1%EA%B8%B0
/부산임원임기만료등기,부산 임원 임기만료 등기,부산 임원 임기만료 등기｜중임·퇴임·과태료 예방,임기가 끝났는데 등기를 안 했다면 — 중임·퇴임부터 정리하세요,local,부산 임원 임기만료 등기,yes,https://xn--2j1br1na42lvxja38mk8r.kr/%EB%B6%80%EC%82%B0%EC%9E%84%EC%9B%90%EC%9E%84%EA%B8%B0%EB%A7%8C%EB%A3%8C%EB%93%B1%EA%B8%B0
/부산본점이전등기,부산 법인 본점이전등기,부산 법인 본점이전등기｜관할 내·외 이전 차이,부산 법인 본점이전등기 — 관할이 바뀌는지부터 확인하세요,local,부산 본점이전등기,yes,https://xn--2j1br1na42lvxja38mk8r.kr/%EB%B6%80%EC%82%B0%EB%B3%B8%EC%A0%90%EC%9D%B4%EC%A0%84%EB%93%B1%EA%B8%B0
/부산사업목적변경등기,부산 사업목적 변경등기,부산 사업목적 변경등기｜업종 추가·정관 개정,새 사업을 추가하려면 — 사업목적 변경등기가 필요할 수 있습니다,local,부산 사업목적 변경등기,yes,https://xn--2j1br1na42lvxja38mk8r.kr/%EB%B6%80%EC%82%B0%EC%82%AC%EC%97%85%EB%AA%A9%EC%A0%81%EB%B3%80%EA%B2%BD%EB%93%B1%EA%B8%B0
/부산유상증자등기,부산 유상증자 등기,부산 유상증자 등기｜신주발행·납입·등기 순서,유상증자 후에는 — 자본금·주식 수 등기사항 변경이 필요합니다,local,부산 유상증자 등기,yes,https://xn--2j1br1na42lvxja38mk8r.kr/%EB%B6%80%EC%82%B0%EC%9C%A0%EC%83%81%EC%A6%9D%EC%9E%90%EB%93%B1%EA%B8%B0
/부산법인해산청산등기,부산 법인 해산·청산등기,부산 법인 해산·청산등기｜폐업과 법인 말소 차이,법인을 없애려면 — 해산등기와 청산등기가 필요합니다,local,부산 법인 해산등기,yes,https://xn--2j1br1na42lvxja38mk8r.kr/%EB%B6%80%EC%82%B0%EB%B2%95%EC%9D%B8%ED%95%B4%EC%82%B0%EC%B2%AD%EC%82%B0%EB%93%B1%EA%B8%B0
/부산법인등기과태료,부산 법인등기 과태료,부산 법인등기 과태료｜지연 등기·예방 체크,법인등기 과태료 — 결의일과 접수일 사이가 핵심입니다,local,부산 법인등기 과태료,yes,https://xn--2j1br1na42lvxja38mk8r.kr/%EB%B6%80%EC%82%B0%EB%B2%95%EC%9D%B8%EB%93%B1%EA%B8%B0%EA%B3%BC%ED%83%9C%EB%A3%8C
/대표자사망시법인등기,대표자 사망 시 법인등기,대표자 사망 시 법인등기｜승계·임원 정비 순서,대표자 사망 후 — 법인 운영을 위해 임원·대표 등기를 정비해야 합니다,local,대표자 사망 시 법인등기,yes,https://xn--2j1br1na42lvxja38mk8r.kr/%EB%8C%80%ED%91%9C%EC%9E%90%EC%82%AC%EB%A7%9D%EC%8B%9C%EB%B2%95%EC%9D%B8%EB%93%B1%EA%B8%B0
/부산상호변경등기,부산 상호변경등기,부산 상호변경등기｜회사명 변경·정관·대외 정리,부산 상호변경등기 — 회사 이름을 바꾸려면 등기부터 맞추세요,local,부산 상호변경등기,yes,https://xn--2j1br1na42lvxja38mk8r.kr/%EB%B6%80%EC%82%B0%EC%83%81%ED%98%B8%EB%B3%80%EA%B2%BD%EB%93%B1%EA%B8%B0
/부산지점설치등기,부산 지점설치등기,부산 지점설치등기｜본점과 다른 영업소 등기,부산 지점설치등기 — 새 영업소를 열면 지점등기가 필요할 수 있습니다,local,부산 지점설치등기,yes,https://xn--2j1br1na42lvxja38mk8r.kr/%EB%B6%80%EC%82%B0%EC%A7%80%EC%A0%90%EC%84%A4%EC%B9%98%EB%93%B1%EA%B8%B0
/부산지점폐지등기,부산 지점폐지등기,부산 지점폐지등기｜영업소 폐쇄·등기 말소,부산 지점폐지등기 — 영업소를 닫으면 지점등기도 정리하세요,local,부산 지점폐지등기,yes,https://xn--2j1br1na42lvxja38mk8r.kr/%EB%B6%80%EC%82%B0%EC%A7%80%EC%A0%90%ED%8F%90%EC%A7%80%EB%93%B1%EA%B8%B0
/부산감자등기,부산 감자등기,부산 감자등기｜자본금 감소·채권자 보호,부산 감자등기 — 자본금을 줄일 때는 증자와 다른 절차입니다,local,부산 감자등기,yes,https://xn--2j1br1na42lvxja38mk8r.kr/%EB%B6%80%EC%82%B0%EA%B0%90%EC%9E%90%EB%93%B1%EA%B8%B0
/부산무상증자등기,부산 무상증자등기,부산 무상증자등기｜납입 없는 자본·주식 증가,부산 무상증자등기 — 납입 없이 자본·주식을 늘릴 때의 등기,local,부산 무상증자등기,yes,https://xn--2j1br1na42lvxja38mk8r.kr/%EB%B6%80%EC%82%B0%EB%AC%B4%EC%83%81%EC%A6%9D%EC%9E%90%EB%93%B1%EA%B8%B0
/부산휴면법인계속등기,부산 휴면법인 계속등기,부산 휴면법인 계속등기｜해산·청산과 구분,부산 휴면법인 계속등기 — 없애지 않고 다시 움직이려면,local,부산 휴면법인 계속등기,yes,https://xn--2j1br1na42lvxja38mk8r.kr/%EB%B6%80%EC%82%B0%ED%9C%B4%EB%A9%B4%EB%B2%95%EC%9D%B8%EA%B3%84%EC%86%8D%EB%93%B1%EA%B8%B0
/부산공동대표변경등기,부산 공동대표 변경등기,부산 공동대표 변경등기｜공동대표·단독대표 전환,부산 공동대표 변경등기 — 공동대표 구조가 바뀌면 등기가 필요합니다,local,부산 공동대표 변경등기,yes,https://xn--2j1br1na42lvxja38mk8r.kr/%EB%B6%80%EC%82%B0%EA%B3%B5%EB%8F%99%EB%8C%80%ED%91%9C%EB%B3%80%EA%B2%BD%EB%93%B1%EA%B8%B0
/부산임원사임해임등기,부산 임원 사임·해임등기,부산 임원 사임·해임등기｜임기만료와 구분,부산 임원 사임·해임등기 — 임기 전이라도 물러나면 등기가 필요합니다,local,부산 임원 사임 해임등기,yes,https://xn--2j1br1na42lvxja38mk8r.kr/%EB%B6%80%EC%82%B0%EC%9E%84%EC%9B%90%EC%82%AC%EC%9E%84%ED%95%B4%EC%9E%84%EB%93%B1%EA%B8%B0
/부산개인사업자법인전환,부산 개인사업자 법인전환,부산 개인사업자 법인전환｜일반 설립과 다른 점,부산 개인사업자 법인전환 — 새로 만드는 설립과 준비물이 다릅니다,local,부산 개인사업자 법인전환,yes,https://xn--2j1br1na42lvxja38mk8r.kr/%EB%B6%80%EC%82%B0%EA%B0%9C%EC%9D%B8%EC%82%AC%EC%97%85%EC%9E%90%EB%B2%95%EC%9D%B8%EC%A0%84%ED%99%98
/부산법인해산전확인사항,부산 법인 해산 전 확인사항,부산 법인 해산 전 확인사항｜해산등기 전 체크리스트,부산 법인 해산 전 확인사항 — 해산등기 전에 이것부터 보세요,local,부산 법인 해산 전 확인사항,yes,https://xn--2j1br1na42lvxja38mk8r.kr/%EB%B6%80%EC%82%B0%EB%B2%95%EC%9D%B8%ED%95%B4%EC%82%B0%EC%A0%84%ED%99%95%EC%9D%B8%EC%82%AC%ED%95%AD
/녹산산단법인본점지점,녹산산단 법인 본점·지점,녹산산단 법인 본점·지점｜공장 이전과 등기,녹산산단 법인 본점·지점 — 공장 이전과 본점·지점등기를 같이 보세요,local,녹산산단 법인 본점 지점,yes,https://xn--2j1br1na42lvxja38mk8r.kr/%EB%85%B9%EC%82%B0%EC%82%B0%EB%8B%A8%EB%B2%95%EC%9D%B8%EB%B3%B8%EC%A0%90%EC%A7%80%EC%A0%90
/부산법인정기점검,부산 법인등기 정기점검,부산 법인 정기점검｜임원임기·본점·목적·지점 확인표,부산 법인등기 정기점검 — 임원임기부터 본점·목적까지 확인표,local,부산 법인 정기점검,yes,https://xn--2j1br1na42lvxja38mk8r.kr/%EB%B6%80%EC%82%B0%EB%B2%95%EC%9D%B8%EC%A0%95%EA%B8%B0%EC%A0%90%EA%B2%80
/법인정관업무,법인 정관 업무 안내,부산 법인 정관｜작성·변경·등기 전 확인사항,부산 법인 정관 업무 — 작성·변경·등기 절차를 한눈에,local,법인 정관,yes,https://xn--2j1br1na42lvxja38mk8r.kr/%EB%B2%95%EC%9D%B8%EC%A0%95%EA%B4%80%EC%97%85%EB%AC%B4
/법인정관변경,법인 정관 변경 필요 여부,법인 정관 변경은 언제?｜본점·목적·상호 체크,법인 정관 변경은 언제 필요할까 — 본점·목적·상호부터 체크,local,정관 변경,yes,https://xn--2j1br1na42lvxja38mk8r.kr/%EB%B2%95%EC%9D%B8%EC%A0%95%EA%B4%80%EB%B3%80%EA%B2%BD
/법인공증준비,법인 공증 준비 안내,부산 법인 공증 준비｜정관·의사록·등기 전 확인,법인 공증을 준비할 때 먼저 확인할 정관·의사록·등기절차,local,부산 법인 공증 준비,yes,https://xn--2j1br1na42lvxja38mk8r.kr/%EB%B2%95%EC%9D%B8%EA%B3%B5%EC%A6%9D%EC%A4%80%EB%B9%84
/법인정관인증확인,법인 정관 인증 필요 여부,법인 정관 공증이 필요한 경우｜설립 전 확인 기준,법인 정관 공증이 필요한 경우 — 설립 전에 확인할 기준,local,정관 공증,yes,https://xn--2j1br1na42lvxja38mk8r.kr/%EB%B2%95%EC%9D%B8%EC%A0%95%EA%B4%80%EC%9D%B8%EC%A6%9D%ED%99%95%EC%9D%B8
/법인의사록공증준비,법인 의사록 공증 준비,법인 의사록 공증은 언제?｜주주총회·이사회 준비,법인 의사록 공증은 언제 필요할까 — 주주총회·이사회 준비서류,local,의사록 공증,yes,https://xn--2j1br1na42lvxja38mk8r.kr/%EB%B2%95%EC%9D%B8%EC%9D%98%EC%82%AC%EB%A1%9D%EA%B3%B5%EC%A6%9D%EC%A4%80%EB%B9%84
/부산건물등기,부산 건물등기 종합,부산 건물등기｜신축보존·멸실·표시변경·집합·공장 유형별 안내,부산 건물등기 — 건축물대장과 등기부부터 맞춰 보세요,local,부산 건물등기,yes,https://xn--2j1br1na42lvxja38mk8r.kr/%EB%B6%80%EC%82%B0%EA%B1%B4%EB%AC%BC%EB%93%B1%EA%B8%B0
/부산건축물등기법무사,부산 건축물등기 법무사,부산 건축물등기 법무사｜보존·멸실·표시변경 상담 범위,부산 건축물등기 법무사 — 등기 지원 범위부터 확인하세요,local,부산 건축물등기 법무사,yes,https://xn--2j1br1na42lvxja38mk8r.kr/%EB%B6%80%EC%82%B0%EA%B1%B4%EC%B6%95%EB%AC%BC%EB%93%B1%EA%B8%B0%EB%B2%95%EB%AC%B4%EC%82%AC
/부산건물멸실등기,부산 건물멸실등기,부산 건물멸실등기｜철거·소실 후 등기부 정리와 상황별 안내,부산 건물멸실등기 — 철거·소실 후에도 등기부는 남을 수 있습니다,local,부산 건물멸실등기,yes,https://xn--2j1br1na42lvxja38mk8r.kr/%EB%B6%80%EC%82%B0%EA%B1%B4%EB%AC%BC%EB%A9%B8%EC%8B%A4%EB%93%B1%EA%B8%B0
/부산건물표시변경등기,부산 건물표시변경등기,부산 건물표시변경등기｜면적·구조·용도 표시 정비 안내,부산 건물표시변경등기 — 대장과 등기부 표시가 다르면 정비가 필요합니다,local,부산 건물표시변경등기,yes,https://xn--2j1br1na42lvxja38mk8r.kr/%EB%B6%80%EC%82%B0%EA%B1%B4%EB%AC%BC%ED%91%9C%EC%8B%9C%EB%B3%80%EA%B2%BD%EB%93%B1%EA%B8%B0
/부산집합건물등기,부산 집합건물등기,부산 집합건물등기｜전유·공용·대지권 등기 포인트,부산 집합건물등기 — 전유·공용·대지권을 함께 보세요,local,부산 집합건물등기,yes,https://xn--2j1br1na42lvxja38mk8r.kr/%EB%B6%80%EC%82%B0%EC%A7%91%ED%95%A9%EA%B1%B4%EB%AC%BC%EB%93%B1%EA%B8%B0
/부산공장창고등기,부산 공장·창고 등기,부산 공장·창고 등기｜산업·물류 시설 보존·멸실·표시,부산 공장·창고 등기 — 산업·물류 시설은 용도·부속 표시를 더 봅니다,local,부산 공장창고 등기,yes,https://xn--2j1br1na42lvxja38mk8r.kr/%EB%B6%80%EC%82%B0%EA%B3%B5%EC%9E%A5%EC%B0%BD%EA%B3%A0%EB%93%B1%EA%B8%B0
/건물등기상황별안내,건물등기 상황별 안내,건물등기 상황별 안내｜상속·공유·미등기·소유자 상이,건물등기 상황별 안내 — 유형보다 ‘지금 막힌 지점’부터 보세요,local,건물등기 상황별 안내,yes,https://xn--2j1br1na42lvxja38mk8r.kr/%EA%B1%B4%EB%AC%BC%EB%93%B1%EA%B8%B0%EC%83%81%ED%99%A9%EB%B3%84%EC%95%88%EB%82%B4
/철거후건물멸실등기,철거 후 건물멸실등기,철거 끝난 뒤 건물멸실등기｜대장·등기 순서,철거가 끝났다면 — 건물멸실등기로 등기부를 비우세요,local,철거 후 건물멸실등기,yes,https://xn--2j1br1na42lvxja38mk8r.kr/%EC%B2%A0%EA%B1%B0%ED%9B%84%EA%B1%B4%EB%AC%BC%EB%A9%B8%EC%8B%A4%EB%93%B1%EA%B8%B0
/건축물대장말소와멸실등기차이,건축물대장 말소와 멸실등기 차이,건축물대장 말소 vs 멸실등기｜무엇이 다른지,건축물대장 말소 ≠ 멸실등기 — 역할부터 구분하세요,local,건축물대장 말소와 멸실등기 차이,yes,https://xn--2j1br1na42lvxja38mk8r.kr/%EA%B1%B4%EC%B6%95%EB%AC%BC%EB%8C%80%EC%9E%A5%EB%A7%90%EC%86%8C%EC%99%80%EB%A9%B8%EC%8B%A4%EB%93%B1%EA%B8%B0%EC%B0%A8%EC%9D%B4
/멸실등기없이토지매도,멸실등기 없이 토지 매도,멸실등기 없이 토지 매도｜잔존 건물 리스크,건물은 없는데 등기만 남은 토지 — 매도 전 멸실을 점검하세요,local,멸실등기 없이 토지 매도,yes,https://xn--2j1br1na42lvxja38mk8r.kr/%EB%A9%B8%EC%8B%A4%EB%93%B1%EA%B8%B0%EC%97%86%EC%9D%B4%ED%86%A0%EC%A7%80%EB%A7%A4%EB%8F%84
/신축전기존건물철거등기순서,신축 전 기존건물 철거·등기 순서,신축 전 기존건물 철거 등기 순서｜보존 전 정리,신축 전에 기존 건물 등기부터 — 철거·멸실·보존 순서를 맞추세요,local,신축 전 기존건물 철거 등기 순서,yes,https://xn--2j1br1na42lvxja38mk8r.kr/%EC%8B%A0%EC%B6%95%EC%A0%84%EA%B8%B0%EC%A1%B4%EA%B1%B4%EB%AC%BC%EC%B2%A0%EA%B1%B0%EB%93%B1%EA%B8%B0%EC%88%9C%EC%84%9C
/화재소실건물멸실등기,화재·소실 건물 멸실등기,화재·소실 건물 멸실등기｜소실 증명과 접수,화재로 건물이 소실됐다면 — 멸실등기로 공시를 맞추세요,local,화재 소실 건물 멸실등기,yes,https://xn--2j1br1na42lvxja38mk8r.kr/%ED%99%94%EC%9E%AC%EC%86%8C%EC%8B%A4%EA%B1%B4%EB%AC%BC%EB%A9%B8%EC%8B%A4%EB%93%B1%EA%B8%B0
/건물일부철거표시변경,건물 일부 철거 후 표시변경,건물 일부 철거 후 표시변경｜전멸실과 다른 등기,일부만 허물었다면 — 멸실이 아니라 표시변경일 수 있습니다,local,건물 일부 철거 표시변경등기,yes,https://xn--2j1br1na42lvxja38mk8r.kr/%EA%B1%B4%EB%AC%BC%EC%9D%BC%EB%B6%80%EC%B2%A0%EA%B1%B0%ED%91%9C%EC%8B%9C%EB%B3%80%EA%B2%BD
/공장철거후멸실등기,공장 철거 후 멸실등기,공장 철거 후 멸실등기｜공장재단·담보 점검,공장·창고를 허물 때 — 건물 멸실과 공장재단·담보를 같이 보세요,local,공장 철거 후 멸실등기,yes,https://xn--2j1br1na42lvxja38mk8r.kr/%EA%B3%B5%EC%9E%A5%EC%B2%A0%EA%B1%B0%ED%9B%84%EB%A9%B8%EC%8B%A4%EB%93%B1%EA%B8%B0
/상속건물멸실등기,상속 건물 멸실등기,상속받은 건물 멸실등기｜상속등기 후 정리,상속받은 건물을 허문다면 — 누가 멸실등기를 신청하는지부터,local,상속 건물 멸실등기,yes,https://xn--2j1br1na42lvxja38mk8r.kr/%EC%83%81%EC%86%8D%EA%B1%B4%EB%AC%BC%EB%A9%B8%EC%8B%A4%EB%93%B1%EA%B8%B0
/건축물대장말소등기부잔존,건축물대장 말소·등기부 잔존,대장만 말소됐는데 등기부 남음｜잔존등기 정리,대장은 비었는데 등기부만 남았다 — 잔존 멸실등기로 맞추세요,local,건축물대장 말소 등기부 잔존,yes,https://xn--2j1br1na42lvxja38mk8r.kr/%EA%B1%B4%EC%B6%95%EB%AC%BC%EB%8C%80%EC%9E%A5%EB%A7%90%EC%86%8C%EB%93%B1%EA%B8%B0%EB%B6%80%EC%9E%94%EC%A1%B4
/등기부존재실제건물없음,등기부 존재·실제 건물 없음,등기부만 있고 실제 건물 없음｜공시 불일치 해소,현장은 비었는데 등기부만 있다 — 공시부터 사실에 맞추세요,local,등기부만 있고 실제 건물 없음,yes,https://xn--2j1br1na42lvxja38mk8r.kr/%EB%93%B1%EA%B8%B0%EB%B6%80%EC%A1%B4%EC%9E%AC%EC%8B%A4%EC%A0%9C%EA%B1%B4%EB%AC%BC%EC%97%86%EC%9D%8C
/공유자연락두절멸실등기,공유자 연락 두절 시 멸실등기,공유자 연락 두절 시 멸실등기｜동의·절차 확인,공유자를 찾을 수 없다면 — 멸실등기 전에 협조 구조를 확인하세요,local,공유자 연락 두절 멸실등기,yes,https://xn--2j1br1na42lvxja38mk8r.kr/%EA%B3%B5%EC%9C%A0%EC%9E%90%EC%97%B0%EB%9D%BD%EB%91%90%EC%A0%88%EB%A9%B8%EC%8B%A4%EB%93%B1%EA%B8%B0
/건물토지소유자상이멸실,건물·토지 소유자 상이 시 멸실,건물·토지 소유자가 다를 때 멸실｜신청권자 확인,건물 주인과 땅 주인이 다르면 — 멸실 신청권자부터 확인하세요,local,건물 토지 소유자 상이 멸실등기,yes,https://xn--2j1br1na42lvxja38mk8r.kr/%EA%B1%B4%EB%AC%BC%ED%86%A0%EC%A7%80%EC%86%8C%EC%9C%A0%EC%9E%90%EC%83%81%EC%9D%B4%EB%A9%B8%EC%8B%A4
/토지소유자와건축주다른보존등기,토지 소유자와 건축주가 다른 보존등기,토지소유자와 건축주가 다른 보존등기｜대지권·사용승낙·부산 신축,토지 소유자와 건축주가 다른 보존등기 — 대지사용 관계를 먼저 맞춥니다,local,토지소유자와 건축주가 다른 보존등기,yes,https://xn--2j1br1na42lvxja38mk8r.kr/%ED%86%A0%EC%A7%80%EC%86%8C%EC%9C%A0%EC%9E%90%EC%99%80%EA%B1%B4%EC%B6%95%EC%A3%BC%EB%8B%A4%EB%A5%B8%EB%B3%B4%EC%A1%B4%EB%93%B1%EA%B8%B0
/건축주법인신축보존등기,건축주가 법인인 신축 보존등기,건축주 법인 신축 보존등기｜법인 건축주 서류·부산 공장·상가,건축주가 법인인 신축 보존등기 — 법인 명의와 대표 권한을 맞춥니다,local,건축주 법인 신축 보존등기,yes,https://xn--2j1br1na42lvxja38mk8r.kr/%EA%B1%B4%EC%B6%95%EC%A3%BC%EB%B2%95%EC%9D%B8%EC%8B%A0%EC%B6%95%EB%B3%B4%EC%A1%B4%EB%93%B1%EA%B8%B0
/보존등기후근저당설정,보존등기 후 근저당 설정,보존등기 후 근저당 설정｜신축 직후 담보대출·부산 등기 순서,보존등기 후 근저당 설정 — 등기부가 생긴 뒤 담보를 올립니다,local,보존등기 후 근저당 설정,yes,https://xn--2j1br1na42lvxja38mk8r.kr/%EB%B3%B4%EC%A1%B4%EB%93%B1%EA%B8%B0%ED%9B%84%EA%B7%BC%EC%A0%80%EB%8B%B9%EC%84%A4%EC%A0%95
/지식산업센터보존등기,지식산업센터 보존등기,지식산업센터 보존등기｜집합형 산업시설·전유·부산 등기,지식산업센터 보존등기 — 전유·공용·산업시설 표시를 맞춥니다,local,지식산업센터 보존등기,yes,https://xn--2j1br1na42lvxja38mk8r.kr/%EC%A7%80%EC%8B%9D%EC%82%B0%EC%97%85%EC%84%BC%ED%84%B0%EB%B3%B4%EC%A1%B4%EB%93%B1%EA%B8%B0
/증축후건물표시변경등기,증축 후 건물표시변경등기,증축 후 건물표시변경등기｜면적·층수 반영·부산 등기,증축 후 건물표시변경등기 — 늘어난 면적·층수를 등기부에 맞춥니다,local,증축 후 건물표시변경등기,yes,https://xn--2j1br1na42lvxja38mk8r.kr/%EC%A6%9D%EC%B6%95%ED%9B%84%EA%B1%B4%EB%AC%BC%ED%91%9C%EC%8B%9C%EB%B3%80%EA%B2%BD%EB%93%B1%EA%B8%B0
/건물용도변경등기,건물 용도변경등기,건물 용도변경등기｜주택·상가 용도 표시·부산 등기,건물 용도변경등기 — 대장상 용도를 등기부 표시에 반영합니다,local,건물 용도변경등기,yes,https://xn--2j1br1na42lvxja38mk8r.kr/%EA%B1%B4%EB%AC%BC%EC%9A%A9%EB%8F%84%EB%B3%80%EA%B2%BD%EB%93%B1%EA%B8%B0
/건물면적상이경정등기,건물 면적 상이 경정등기,건물 면적 상이 경정등기｜대장·등기부 면적 불일치·부산,건물 면적 상이 경정등기 — 숫자부터 맞추고 거래를 이어갑니다,local,건물 면적 상이 경정등기,yes,https://xn--2j1br1na42lvxja38mk8r.kr/%EA%B1%B4%EB%AC%BC%EB%A9%B4%EC%A0%81%EC%83%81%EC%9D%B4%EA%B2%BD%EC%A0%95%EB%93%B1%EA%B8%B0
/도로명주소등기부상이,도로명주소와 등기부 주소 상이,도로명주소 등기부 상이｜건물 소재지 표시 정리·부산,도로명주소와 등기부 상이 — 건물 소재지 표시를 정리합니다,local,도로명주소 등기부 상이,yes,https://xn--2j1br1na42lvxja38mk8r.kr/%EB%8F%84%EB%A1%9C%EB%AA%85%EC%A3%BC%EC%86%8C%EB%93%B1%EA%B8%B0%EB%B6%80%EC%83%81%EC%9D%B4
/건축물대장등기부불일치,건축물대장과 등기부 불일치,건축물대장 등기부 불일치｜원인별 정리·부산 건물등기,건축물대장과 등기부 불일치 — 항목별로 고치는 축이 다릅니다,local,건축물대장 등기부 불일치,yes,https://xn--2j1br1na42lvxja38mk8r.kr/%EA%B1%B4%EC%B6%95%EB%AC%BC%EB%8C%80%EC%9E%A5%EB%93%B1%EA%B8%B0%EB%B6%80%EB%B6%88%EC%9D%BC%EC%B9%98
/불법증축후등기가능여부,불법증축 후 등기 가능 여부,불법증축 후 등기 가능 여부｜미승인 증축·표시변경 한계·부산,불법증축 후 등기 가능 여부 — 등기로 위법을 ‘덮지’ 않습니다,local,불법증축 후 등기 가능 여부,yes,https://xn--2j1br1na42lvxja38mk8r.kr/%EB%B6%88%EB%B2%95%EC%A6%9D%EC%B6%95%ED%9B%84%EB%93%B1%EA%B8%B0%EA%B0%80%EB%8A%A5%EC%97%AC%EB%B6%80
/건물분할등기,건물분할등기,건물분할등기｜1동을 나누는 표시·부산 건물등기,건물분할등기 — 한 건물 표시를 나누어 각각 공시합니다,local,건물분할등기,yes,https://xn--2j1br1na42lvxja38mk8r.kr/%EA%B1%B4%EB%AC%BC%EB%B6%84%ED%95%A0%EB%93%B1%EA%B8%B0
/건물합병등기,건물합병등기,건물합병등기｜여러 건물 등기를 합치기·부산,건물합병등기 — 나뉜 건물 표시를 하나로 합칩니다,local,건물합병등기,yes,https://xn--2j1br1na42lvxja38mk8r.kr/%EA%B1%B4%EB%AC%BC%ED%95%A9%EB%B3%91%EB%93%B1%EA%B8%B0
/일반건물집합건물전환등기,일반건물에서 집합건물로 전환등기,일반건물 집합건물 전환등기｜구분소유·전유 표시·부산,일반건물→집합건물 전환등기 — 구분소유 구조로 바꿉니다,local,일반건물 집합건물 전환등기,yes,https://xn--2j1br1na42lvxja38mk8r.kr/%EC%9D%BC%EB%B0%98%EA%B1%B4%EB%AC%BC%EC%A7%91%ED%95%A9%EA%B1%B4%EB%AC%BC%EC%A0%84%ED%99%98%EB%93%B1%EA%B8%B0
/미등기건물소유권보존등기,미등기건물 소유권보존등기,미등기건물 소유권보존등기｜등기부 없는 건물·부산,미등기건물 소유권보존등기 — 등기부가 없는 건물을 공시합니다,local,미등기건물 소유권보존등기,yes,https://xn--2j1br1na42lvxja38mk8r.kr/%EB%AF%B8%EB%93%B1%EA%B8%B0%EA%B1%B4%EB%AC%BC%EC%86%8C%EC%9C%A0%EA%B6%8C%EB%B3%B4%EC%A1%B4%EB%93%B1%EA%B8%B0
/가설컨테이너등기가능여부,가설·컨테이너 등기 가능 여부,가설건축물·컨테이너 등기 가능 여부｜부산 건물등기,가설·컨테이너 등기 가능 여부 — ‘올려져 있다’고 곧 등기는 아닙니다,local,가설건축물 컨테이너 등기 가능 여부,yes,https://xn--2j1br1na42lvxja38mk8r.kr/%EA%B0%80%EC%84%A4%EC%BB%A8%ED%85%8C%EC%9D%B4%EB%84%88%EB%93%B1%EA%B8%B0%EA%B0%80%EB%8A%A5%EC%97%AC%EB%B6%80
/강서구공장멸실등기,강서구 공장 멸실등기,강서구 공장 멸실등기｜산업단지·공장 철거 후 등기·부산,강서구 공장 멸실등기 — 산업지역 공장 철거 후 등기를 정리합니다,local,강서구 공장 멸실등기,yes,https://xn--2j1br1na42lvxja38mk8r.kr/%EA%B0%95%EC%84%9C%EA%B5%AC%EA%B3%B5%EC%9E%A5%EB%A9%B8%EC%8B%A4%EB%93%B1%EA%B8%B0
/사상구공장창고등기,사상구 공장·창고 등기,사상구 공장·창고 등기｜보존·표시·멸실·부산 사상,사상구 공장·창고 등기 — 물류·준공업 권역 건물등기를 정리합니다,local,사상구 공장 창고 등기,yes,https://xn--2j1br1na42lvxja38mk8r.kr/%EC%82%AC%EC%83%81%EA%B5%AC%EA%B3%B5%EC%9E%A5%EC%B0%BD%EA%B3%A0%EB%93%B1%EA%B8%B0
/기장신축건물보존등기,기장 신축건물 보존등기,기장 신축건물 보존등기｜기장군 주택·상가 신축 등기,기장 신축건물 보존등기 — 기장군 신축의 최초 등기부를 만듭니다,local,기장 신축건물 보존등기,yes,https://xn--2j1br1na42lvxja38mk8r.kr/%EA%B8%B0%EC%9E%A5%EC%8B%A0%EC%B6%95%EA%B1%B4%EB%AC%BC%EB%B3%B4%EC%A1%B4%EB%93%B1%EA%B8%B0
/해운대상가오피스텔건물등기,해운대 상가·오피스텔 건물등기,해운대 상가·오피스텔 건물등기｜센텀·해운대 보존·표시·이전,해운대 상가·오피스텔 건물등기 — 센텀·해운대 집합·근린을 다룹니다,local,해운대 상가 오피스텔 건물등기,yes,https://xn--2j1br1na42lvxja38mk8r.kr/%ED%95%B4%EC%9A%B4%EB%8C%80%EC%83%81%EA%B0%80%EC%98%A4%ED%94%BC%EC%8A%A4%ED%85%94%EA%B1%B4%EB%AC%BC%EB%93%B1%EA%B8%B0
/특수비영리법인등기,특수·비영리법인 등기 종합 안내,특수·비영리법인 등기｜사단·재단·협동조합·농업법인 유형별 안내,특수·비영리법인 등기 — 법인 유형부터 설립·변경 절차를 구분하세요,local,특수법인 등기,yes,https://xn--2j1br1na42lvxja38mk8r.kr/%ED%8A%B9%EC%88%98%EB%B9%84%EC%98%81%EB%A6%AC%EB%B2%95%EC%9D%B8%EB%93%B1%EA%B8%B0
/부산비영리법인설립등기,부산 비영리법인 설립등기,부산 비영리법인 설립등기｜사단·재단 허가와 등기 절차 구분,부산 비영리법인 설립등기 — 허가 단계와 등기 단계를 나눠 이해하세요,local,부산 비영리법인 설립등기,yes,https://xn--2j1br1na42lvxja38mk8r.kr/%EB%B6%80%EC%82%B0%EB%B9%84%EC%98%81%EB%A6%AC%EB%B2%95%EC%9D%B8%EC%84%A4%EB%A6%BD%EB%93%B1%EA%B8%B0
/부산특수법인등기,부산 특수법인 등기,부산 특수법인 등기｜비영리·협동조합·농업·전문직 법인 안내,부산 특수법인 등기 — 주식회사와 다른 법인 유형을 구분하세요,local,부산 특수법인 등기,yes,https://xn--2j1br1na42lvxja38mk8r.kr/%EB%B6%80%EC%82%B0%ED%8A%B9%EC%88%98%EB%B2%95%EC%9D%B8%EB%93%B1%EA%B8%B0
/부산조합협동조합등기,부산 조합·협동조합 등기,부산 조합·협동조합 등기｜일반·사회적협동조합 설립·변경,부산 조합·협동조합 등기 — 일반협동조합과 사회적협동조합을 구분하세요,local,부산 협동조합 등기,yes,https://xn--2j1br1na42lvxja38mk8r.kr/%EB%B6%80%EC%82%B0%EC%A1%B0%ED%95%A9%ED%98%91%EB%8F%99%EC%A1%B0%ED%95%A9%EB%93%B1%EA%B8%B0
/부산비영리법인변경등기,부산 비영리법인 변경등기,부산 비영리법인 변경등기｜임원·목적·주사무소·해산,부산 비영리법인 변경등기 — 승인·결의 후 등기 순서를 확인하세요,local,부산 비영리법인 변경등기,yes,https://xn--2j1br1na42lvxja38mk8r.kr/%EB%B6%80%EC%82%B0%EB%B9%84%EC%98%81%EB%A6%AC%EB%B2%95%EC%9D%B8%EB%B3%80%EA%B2%BD%EB%93%B1%EA%B8%B0
/특별법법인설립등기,특별법 법인 설립등기,특별법 법인 설립등기｜사회복지·학교·의료·공익법인 인가 후 등기,특별법 법인 설립등기 — 민법 사단·재단과 절차가 다릅니다,local,특별법 법인 설립등기,yes,https://xn--2j1br1na42lvxja38mk8r.kr/%ED%8A%B9%EB%B3%84%EB%B2%95%EB%B2%95%EC%9D%B8%EC%84%A4%EB%A6%BD%EB%93%B1%EA%B8%B0
/전문직법인등기,전문직 법인 등기,전문직 법인 등기｜법무사·세무·노무·회계·특허·관세·감정(등기만),전문직 법인 등기 — 등록·인가와 법인설립등기를 구분하세요,local,전문직 법인 등기,yes,https://xn--2j1br1na42lvxja38mk8r.kr/%EC%A0%84%EB%AC%B8%EC%A7%81%EB%B2%95%EC%9D%B8%EB%93%B1%EA%B8%B0
/농어업법인설립등기,농·어업 법인 설립등기,농·어업 법인 설립등기｜농업회사·영농조합·영어조합·어업회사,농·어업 법인 설립등기 — 법인 유형별 인증·인가를 구분하세요,local,농어업 법인 설립등기,yes,https://xn--2j1br1na42lvxja38mk8r.kr/%EB%86%8D%EC%96%B4%EC%97%85%EB%B2%95%EC%9D%B8%EC%84%A4%EB%A6%BD%EB%93%B1%EA%B8%B0
/부산사단법인설립,부산 사단법인 설립,부산 사단법인 설립｜협회·학회 법인화 전 확인할 허가와 등기 절차,부산 사단법인 설립 — 협회·학회·단체의 허가와 등기를 단계별로,local,부산 사단법인 설립,yes,https://xn--2j1br1na42lvxja38mk8r.kr/%EB%B6%80%EC%82%B0%EC%82%AC%EB%8B%A8%EB%B2%95%EC%9D%B8%EC%84%A4%EB%A6%BD
/부산재단법인설립,부산 재단법인 설립,부산 재단법인 설립등기｜출연재산·정관·임원 구성에서 자주 막히는 부분,부산 재단법인 설립 — 출연재산과 기본재산부터 정리하세요,local,부산 재단법인 설립,yes,https://xn--2j1br1na42lvxja38mk8r.kr/%EB%B6%80%EC%82%B0%EC%9E%AC%EB%8B%A8%EB%B2%95%EC%9D%B8%EC%84%A4%EB%A6%BD
/부산사회적협동조합설립,부산 사회적협동조합 설립,사회적협동조합 인가 후 설립등기｜기한과 준비서류를 놓치지 않으려면,부산 사회적협동조합 설립 — 인가와 등기를 구분하세요,local,부산 사회적협동조합 설립,yes,https://xn--2j1br1na42lvxja38mk8r.kr/%EB%B6%80%EC%82%B0%EC%82%AC%ED%9A%8C%EC%A0%81%ED%98%91%EB%8F%99%EC%A1%B0%ED%95%A9%EC%84%A4%EB%A6%BD
/부산협동조합설립등기,부산 협동조합 설립등기,부산 협동조합 설립등기｜창립총회 후 2주 이내 등기,부산 협동조합 설립등기 — 창립총회 다음이 등기입니다,local,부산 협동조합 설립등기,yes,https://xn--2j1br1na42lvxja38mk8r.kr/%EB%B6%80%EC%82%B0%ED%98%91%EB%8F%99%EC%A1%B0%ED%95%A9%EC%84%A4%EB%A6%BD%EB%93%B1%EA%B8%B0
/부산농업회사법인설립,부산 농업회사법인 설립,부산 농업회사법인 설립｜인증과 설립등기 순서,부산 농업회사법인 설립 — 인증과 등기는 별도 단계입니다,local,부산 농업회사법인 설립,yes,https://xn--2j1br1na42lvxja38mk8r.kr/%EB%B6%80%EC%82%B0%EB%86%8D%EC%97%85%ED%9A%8C%EC%82%AC%EB%B2%95%EC%9D%B8%EC%84%A4%EB%A6%BD
/부산협회단체법인설립,부산 협회·단체 법인설립,부산 협회·단체 법인설립｜임의단체에서 사단법인으로,부산 협회·단체 법인설립 — 임의단체와 사단법인을 구분하세요,local,부산 협회 법인설립,yes,https://xn--2j1br1na42lvxja38mk8r.kr/%EB%B6%80%EC%82%B0%ED%98%91%ED%9A%8C%EB%8B%A8%EC%B2%B4%EB%B2%95%EC%9D%B8%EC%84%A4%EB%A6%BD
/협회사단법인설립,협회 사단법인 설립,협회를 사단법인으로 설립하는 방법｜허가·정관·등기,협회를 사단법인으로 — 회원 협회에 맞는 설립 절차,local,협회 사단법인 설립,yes,https://xn--2j1br1na42lvxja38mk8r.kr/%ED%98%91%ED%9A%8C%EC%82%AC%EB%8B%A8%EB%B2%95%EC%9D%B8%EC%84%A4%EB%A6%BD
/장학재단설립,장학재단 설립,장학재단 설립｜출연재산·이사·감사와 설립등기,장학재단 설립 — 재단법인 구조와 등기를 먼저 이해하세요,local,장학재단 설립,yes,https://xn--2j1br1na42lvxja38mk8r.kr/%EC%9E%A5%ED%95%99%EC%9E%AC%EB%8B%A8%EC%84%A4%EB%A6%BD
/비영리법인임원변경등기,비영리법인 임원변경등기,비영리법인 임원변경등기｜주무관청 승인과 등기 순서를 확인하세요,비영리법인 임원변경등기 — 취임·사임·중임을 등기부에 반영하세요,local,비영리법인 임원변경등기,yes,https://xn--2j1br1na42lvxja38mk8r.kr/%EB%B9%84%EC%98%81%EB%A6%AC%EB%B2%95%EC%9D%B8%EC%9E%84%EC%9B%90%EB%B3%80%EA%B2%BD%EB%93%B1%EA%B8%B0
/주무관청허가후설립등기,주무관청 허가 후 설립등기,주무관청 허가 후 설립등기｜행정 허가와 법인등기 구분,주무관청 허가를 받았다면 — 이제 설립등기를 준비하세요,local,주무관청 허가 후 설립등기,yes,https://xn--2j1br1na42lvxja38mk8r.kr/%EC%A3%BC%EB%AC%B4%EA%B4%80%EC%B2%AD%ED%97%88%EA%B0%80%ED%9B%84%EC%84%A4%EB%A6%BD%EB%93%B1%EA%B8%B0
/사회복지법인설립등기,사회복지법인 설립등기,사회복지법인 설립등기｜시·도지사 인가 후 1월 이내 등기,사회복지법인 설립등기 — 인가와 등기는 별도 단계입니다,local,사회복지법인 설립등기,yes,https://xn--2j1br1na42lvxja38mk8r.kr/%EC%82%AC%ED%9A%8C%EB%B3%B5%EC%A7%80%EB%B2%95%EC%9D%B8%EC%84%A4%EB%A6%BD%EB%93%B1%EA%B8%B0
/부산사회복지법인등기,부산 사회복지법인 등기,부산 사회복지법인 등기｜설립·임원변경·주사무소 이전,부산 사회복지법인 등기 — 시장 인가와 등기소 관할을 확인하세요,local,부산 사회복지법인 등기,yes,https://xn--2j1br1na42lvxja38mk8r.kr/%EB%B6%80%EC%82%B0%EC%82%AC%ED%9A%8C%EB%B3%B5%EC%A7%80%EB%B2%95%EC%9D%B8%EB%93%B1%EA%B8%B0
/사회복지법인임원변경등기,사회복지법인 임원변경등기,사회복지법인 임원변경등기｜취임·사임·이사회 결의 후 등기,사회복지법인 임원변경등기 — 변경인가와 등기 순서를 확인하세요,local,사회복지법인 임원변경등기,yes,https://xn--2j1br1na42lvxja38mk8r.kr/%EC%82%AC%ED%9A%8C%EB%B3%B5%EC%A7%80%EB%B2%95%EC%9D%B8%EC%9E%84%EC%9B%90%EB%B3%80%EA%B2%BD%EB%93%B1%EA%B8%B0
/사회복지법인해산청산등기,사회복지법인 해산·청산등기,사회복지법인 해산·청산등기｜결의·인가·청산인 등기,사회복지법인 해산·청산 — 행정 보고와 등기를 순서대로,local,사회복지법인 해산 청산등기,yes,https://xn--2j1br1na42lvxja38mk8r.kr/%EC%82%AC%ED%9A%8C%EB%B3%B5%EC%A7%80%EB%B2%95%EC%9D%B8%ED%95%B4%EC%82%B0%EC%B2%AD%EC%82%B0%EB%93%B1%EA%B8%B0
/학교법인설립등기,학교법인 설립등기,학교법인 설립등기｜교육감 인가·정관·기본재산 후 등기,학교법인 설립등기 — 교육감 인가가 먼저입니다,local,학교법인 설립등기,yes,https://xn--2j1br1na42lvxja38mk8r.kr/%ED%95%99%EA%B5%90%EB%B2%95%EC%9D%B8%EC%84%A4%EB%A6%BD%EB%93%B1%EA%B8%B0
/부산학교법인등기,부산 학교법인 등기,부산 학교법인 등기｜교육감 인가 후 설립·변경등기,부산 학교법인 등기 — 부산교육청 인가와 등기소 관할,local,부산 학교법인 등기,yes,https://xn--2j1br1na42lvxja38mk8r.kr/%EB%B6%80%EC%82%B0%ED%95%99%EA%B5%90%EB%B2%95%EC%9D%B8%EB%93%B1%EA%B8%B0
/학교법인임원변경등기,학교법인 임원변경등기,학교법인 임원변경등기｜이사·이사장·감사 변경과 교육감 승인,학교법인 임원변경등기 — 교육감 승인과 등기,local,학교법인 임원변경등기,yes,https://xn--2j1br1na42lvxja38mk8r.kr/%ED%95%99%EA%B5%90%EB%B2%95%EC%9D%B8%EC%9E%84%EC%9B%90%EB%B3%80%EA%B2%BD%EB%93%B1%EA%B8%B0
/의료법인설립등기,의료법인 설립등기,의료법인 설립등기｜허가 후 1월 이내 등기·정관·출자,의료법인 설립등기 — 의료기관 허가와 법인 등기는 별개입니다,local,의료법인 설립등기,yes,https://xn--2j1br1na42lvxja38mk8r.kr/%EC%9D%98%EB%A3%8C%EB%B2%95%EC%9D%B8%EC%84%A4%EB%A6%BD%EB%93%B1%EA%B8%B0
/부산의료법인등기,부산 의료법인 등기,부산 의료법인 등기｜설립·임원·주사무소 이전등기,부산 의료법인 등기 — 병원·의원 법인 설립과 변경,local,부산 의료법인 등기,yes,https://xn--2j1br1na42lvxja38mk8r.kr/%EB%B6%80%EC%82%B0%EC%9D%98%EB%A3%8C%EB%B2%95%EC%9D%B8%EB%93%B1%EA%B8%B0
/의료법인임원변경등기,의료법인 임원변경등기,의료법인 임원변경등기｜대표·이사·의료인 자격 확인,의료법인 임원변경등기 — 의료인 자격과 등기를 함께 확인,local,의료법인 임원변경등기,yes,https://xn--2j1br1na42lvxja38mk8r.kr/%EC%9D%98%EB%A3%8C%EB%B2%95%EC%9D%B8%EC%9E%84%EC%9B%90%EB%B3%80%EA%B2%BD%EB%93%B1%EA%B8%B0
/의료법인주사무소이전등기,의료법인 주사무소 이전등기,의료법인 주사무소 이전등기｜허가·관할 변경과 등기,의료법인 주사무소 이전 — 허가 변경과 등기소 관할이 바뀝니다,local,의료법인 주사무소 이전등기,yes,https://xn--2j1br1na42lvxja38mk8r.kr/%EC%9D%98%EB%A3%8C%EB%B2%95%EC%9D%B8%EC%A3%BC%EC%82%AC%EB%AC%B4%EC%86%8C%EC%9D%B4%EC%A0%84%EB%93%B1%EA%B8%B0
/공익법인설립등기,공익법인 설립등기,공익법인 설립등기｜공익법인 등에 관한 법률 체계 안내,공익법인 설립등기 — 새로운 공익법인 제도를 확인하세요,local,공익법인 설립등기,yes,https://xn--2j1br1na42lvxja38mk8r.kr/%EA%B3%B5%EC%9D%B5%EB%B2%95%EC%9D%B8%EC%84%A4%EB%A6%BD%EB%93%B1%EA%B8%B0
/공익법인임원변경등기,공익법인 임원변경등기,공익법인 임원변경등기｜승인·결의 후 등기,공익법인 임원변경등기 — 승인과 등기,local,공익법인 임원변경등기,yes,https://xn--2j1br1na42lvxja38mk8r.kr/%EA%B3%B5%EC%9D%B5%EB%B2%95%EC%9D%B8%EC%9E%84%EC%9B%90%EB%B3%80%EA%B2%BD%EB%93%B1%EA%B8%B0
/영농조합법인설립,영농조합법인 설립,영농조합법인 설립｜영농조합 전환·설립과 등기,영농조합법인 설립 — 조합 체계와 등기 절차,local,영농조합법인 설립,yes,https://xn--2j1br1na42lvxja38mk8r.kr/%EC%98%81%EB%86%8D%EC%A1%B0%ED%95%A9%EB%B2%95%EC%9D%B8%EC%84%A4%EB%A6%BD
/영어조합법인설립,영어조합법인 설립,영어조합법인 설립｜수산업협동조합법 체계와 등기,영어조합법인 설립 — 어업 조합의 법인화,local,영어조합법인 설립,yes,https://xn--2j1br1na42lvxja38mk8r.kr/%EC%98%81%EC%96%B4%EC%A1%B0%ED%95%A9%EB%B2%95%EC%9D%B8%EC%84%A4%EB%A6%BD
/어업회사법인설립,어업회사법인 설립,어업회사법인 설립｜수산 가공·유통 법인 인증과 등기,어업회사법인 설립 — 수산 사업 구조에 맞는 법인,local,어업회사법인 설립,yes,https://xn--2j1br1na42lvxja38mk8r.kr/%EC%96%B4%EC%97%85%ED%9A%8C%EC%82%AC%EB%B2%95%EC%9D%B8%EC%84%A4%EB%A6%BD
/법무사법인설립등기,법무사법인 설립등기,법무사법인 설립등기｜법무사법상 법인 설립 요건과 등기,법무사법인 설립등기 — 법무사법상 요건을 먼저 확인하세요,local,법무사법인 설립등기,yes,https://xn--2j1br1na42lvxja38mk8r.kr/%EB%B2%95%EB%AC%B4%EC%82%AC%EB%B2%95%EC%9D%B8%EC%84%A4%EB%A6%BD%EB%93%B1%EA%B8%B0
/세무법인설립등기,세무법인 설립등기,세무법인 설립등기｜세무사법인 설립 인가와 등기,세무법인 설립등기 — 세무사법인 설립과 등기,local,세무법인 설립등기,yes,https://xn--2j1br1na42lvxja38mk8r.kr/%EC%84%B8%EB%AC%B4%EB%B2%95%EC%9D%B8%EC%84%A4%EB%A6%BD%EB%93%B1%EA%B8%B0
/노무법인설립등기,노무법인 설립등기,노무법인 설립등기｜공인노무사 법인 설립과 등기,노무법인 설립등기 — 공인노무사법인 설립,local,노무법인 설립등기,yes,https://xn--2j1br1na42lvxja38mk8r.kr/%EB%85%B8%EB%AC%B4%EB%B2%95%EC%9D%B8%EC%84%A4%EB%A6%BD%EB%93%B1%EA%B8%B0
/회계법인설립등기,회계법인 설립등기,회계법인 설립등기｜인가·등록 후 등기만 안내,회계법인 설립등기 — 인가·등록 다음이 등기입니다,local,회계법인 설립등기,yes,https://xn--2j1br1na42lvxja38mk8r.kr/%ED%9A%8C%EA%B3%84%EB%B2%95%EC%9D%B8%EC%84%A4%EB%A6%BD%EB%93%B1%EA%B8%B0
/특허법인설립등기,특허법인 설립등기,특허법인 설립등기｜변리사법인 인가 후 등기만,특허법인 설립등기 — 변리사 인가와 등기를 구분하세요,local,특허법인 설립등기,yes,https://xn--2j1br1na42lvxja38mk8r.kr/%ED%8A%B9%ED%97%88%EB%B2%95%EC%9D%B8%EC%84%A4%EB%A6%BD%EB%93%B1%EA%B8%B0
/관세법인설립등기,관세법인 설립등기,관세법인 설립등기｜관세사법인 등록 후 등기만,관세법인 설립등기 — 통관 업무와 등기는 다릅니다,local,관세법인 설립등기,yes,https://xn--2j1br1na42lvxja38mk8r.kr/%EA%B4%80%EC%84%B8%EB%B2%95%EC%9D%B8%EC%84%A4%EB%A6%BD%EB%93%B1%EA%B8%B0
/감정평가법인설립등기,감정평가법인 설립등기,감정평가법인 설립등기｜인가·등록 후 등기만,감정평가법인 설립등기 — 감정 업무와 등기를 구분하세요,local,감정평가법인 설립등기,yes,https://xn--2j1br1na42lvxja38mk8r.kr/%EA%B0%90%EC%A0%95%ED%8F%89%EA%B0%80%EB%B2%95%EC%9D%B8%EC%84%A4%EB%A6%BD%EB%93%B1%EA%B8%B0
/기타전문직법인설립등기,기타 전문직 법인 설립등기 안내,기타 전문직 법인 설립등기｜회계·특허·관세·감정 — 등기만 안내,기타 전문직 법인 — 법무사는 등기 단계만 지원합니다,local,전문직 법인 설립등기,yes,https://xn--2j1br1na42lvxja38mk8r.kr/%EA%B8%B0%ED%83%80%EC%A0%84%EB%AC%B8%EC%A7%81%EB%B2%95%EC%9D%B8%EC%84%A4%EB%A6%BD%EB%93%B1%EA%B8%B0
/문화예술단체사단법인설립,문화예술단체 사단법인 설립,문화예술단체 사단법인 설립｜예술인 협회·단체 법인화,문화예술단체 사단법인 — 공연·창작·전시 단체의 법인화,local,문화예술단체 사단법인 설립,yes,https://xn--2j1br1na42lvxja38mk8r.kr/%EB%AC%B8%ED%99%94%EC%98%88%EC%88%A0%EB%8B%A8%EC%B2%B4%EC%82%AC%EB%8B%A8%EB%B2%95%EC%9D%B8%EC%84%A4%EB%A6%BD
/체육단체사단법인설립,체육단체 사단법인 설립,체육단체 사단법인 설립｜종목·생활체육 협회 법인화,체육단체 사단법인 — 종목·지역 체육 협회 설립,local,체육단체 사단법인 설립,yes,https://xn--2j1br1na42lvxja38mk8r.kr/%EC%B2%B4%EC%9C%A1%EB%8B%A8%EC%B2%B4%EC%82%AC%EB%8B%A8%EB%B2%95%EC%9D%B8%EC%84%A4%EB%A6%BD
/환경단체사단법인설립,환경단체 사단법인 설립,환경보호단체 사단법인 설립｜환경·생태 단체 법인화,환경단체 사단법인 — 환경·생태 목적 단체의 법인화,local,환경단체 사단법인 설립,yes,https://xn--2j1br1na42lvxja38mk8r.kr/%ED%99%98%EA%B2%BD%EB%8B%A8%EC%B2%B4%EC%82%AC%EB%8B%A8%EB%B2%95%EC%9D%B8%EC%84%A4%EB%A6%BD
/복지단체사단법인설립,복지단체 사단법인 설립,복지단체 사단법인 설립｜사회복지법인과 구분,복지단체 사단법인 — 사회복지법인과 언제 다른가요,local,복지단체 사단법인 설립,yes,https://xn--2j1br1na42lvxja38mk8r.kr/%EB%B3%B5%EC%A7%80%EB%8B%A8%EC%B2%B4%EC%82%AC%EB%8B%A8%EB%B2%95%EC%9D%B8%EC%84%A4%EB%A6%BD
/사단법인주사무소이전등기,사단법인 주사무소 이전등기,사단법인 주사무소 이전등기｜변경허가와 관할 등기소,사단법인 주사무소 이전 — 변경허가 후 등기하세요,local,사단법인 주사무소 이전등기,yes,https://xn--2j1br1na42lvxja38mk8r.kr/%EC%82%AC%EB%8B%A8%EB%B2%95%EC%9D%B8%EC%A3%BC%EC%82%AC%EB%AC%B4%EC%86%8C%EC%9D%B4%EC%A0%84%EB%93%B1%EA%B8%B0
/사단법인목적변경등기,사단법인 목적변경등기,사단법인 목적변경등기｜정관 변경허가 후 등기,사단법인 목적변경 — 정관과 허가서를 함께 맞추세요,local,사단법인 목적변경등기,yes,https://xn--2j1br1na42lvxja38mk8r.kr/%EC%82%AC%EB%8B%A8%EB%B2%95%EC%9D%B8%EB%AA%A9%EC%A0%81%EB%B3%80%EA%B2%BD%EB%93%B1%EA%B8%B0
/비영리법인해산청산등기,비영리법인 해산·청산등기,비영리법인 해산·청산등기｜사단·재단 해산결의와 청산인 등기,비영리법인 해산·청산 — 결의부터 청산종결등기까지,local,비영리법인 해산 청산등기,yes,https://xn--2j1br1na42lvxja38mk8r.kr/%EB%B9%84%EC%98%81%EB%A6%AC%EB%B2%95%EC%9D%B8%ED%95%B4%EC%82%B0%EC%B2%AD%EC%82%B0%EB%93%B1%EA%B8%B0
/재단법인기본재산변경등기,재단법인 기본재산 변경등기,재단법인 기본재산 변경 후 등기｜허가와 등기부 반영 순서,재단법인 기본재산 변경 — 허가 후 등기부에 반영하세요,local,재단법인 기본재산 변경등기,yes,https://xn--2j1br1na42lvxja38mk8r.kr/%EC%9E%AC%EB%8B%A8%EB%B2%95%EC%9D%B8%EA%B8%B0%EB%B3%B8%EC%9E%AC%EC%82%B0%EB%B3%80%EA%B2%BD%EB%93%B1%EA%B8%B0
/협동조합임원변경등기,협동조합 임원변경등기,협동조합 임원변경등기｜이사·대표 조합원 변경,협동조합 임원변경 — 취임·사임 등기,local,협동조합 임원변경등기,yes,https://xn--2j1br1na42lvxja38mk8r.kr/%ED%98%91%EB%8F%99%EC%A1%B0%ED%95%A9%EC%9E%84%EC%9B%90%EB%B3%80%EA%B2%BD%EB%93%B1%EA%B8%B0
/협동조합해산청산등기,협동조합 해산·청산등기,협동조합 해산·청산등기｜총회 결의와 청산,협동조합 해산·청산 — 총회 결의 후 등기,local,협동조합 해산 청산등기,yes,https://xn--2j1br1na42lvxja38mk8r.kr/%ED%98%91%EB%8F%99%EC%A1%B0%ED%95%A9%ED%95%B4%EC%82%B0%EC%B2%AD%EC%82%B0%EB%93%B1%EA%B8%B0
/종교단체사단법인설립,종교단체 사단법인 설립,종교단체 사단법인 설립｜종교단체법과 민법 비영리 구분,종교단체 사단법인 — 종교단체법과 비영리법인을 구분하세요,local,종교단체 사단법인 설립,yes,https://xn--2j1br1na42lvxja38mk8r.kr/%EC%A2%85%EA%B5%90%EB%8B%A8%EC%B2%B4%EC%82%AC%EB%8B%A8%EB%B2%95%EC%9D%B8%EC%84%A4%EB%A6%BD
/교회사단법인설립,교회 사단법인 설립,교회 사단법인 설립｜교회 재산·등기와 비영리법인 구분,교회 사단법인 — 재산·등기 구조부터 정리하세요,local,교회 사단법인 설립,yes,https://xn--2j1br1na42lvxja38mk8r.kr/%EA%B5%90%ED%9A%8C%EC%82%AC%EB%8B%A8%EB%B2%95%EC%9D%B8%EC%84%A4%EB%A6%BD
/종교재단설립,종교재단 설립,종교재단 설립｜출연재산·기본재산과 설립등기,종교재단 설립 — 출연재산과 재단법인을 먼저 구분하세요,local,종교재단 설립,yes,https://xn--2j1br1na42lvxja38mk8r.kr/%EC%A2%85%EA%B5%90%EC%9E%AC%EB%8B%A8%EC%84%A4%EB%A6%BD
/국제교류단체사단법인설립,국제교류단체 사단법인 설립,국제교류단체 사단법인 설립｜허가·정관·설립등기,국제교류단체 사단법인 — 목적과 주무관청부터 확인하세요,local,국제교류단체 사단법인 설립,yes,https://xn--2j1br1na42lvxja38mk8r.kr/%EA%B5%AD%EC%A0%9C%EA%B5%90%EB%A5%98%EB%8B%A8%EC%B2%B4%EC%82%AC%EB%8B%A8%EB%B2%95%EC%9D%B8%EC%84%A4%EB%A6%BD
/해운대비영리법인설립,해운대 비영리법인 설립,해운대 비영리법인 설립｜센텀·해운대 사단·재단 허가와 등기,해운대 비영리법인 — 센텀·해운대 단체의 허가와 등기,local,해운대 비영리법인 설립,yes,https://xn--2j1br1na42lvxja38mk8r.kr/%ED%95%B4%EC%9A%B4%EB%8C%80%EB%B9%84%EC%98%81%EB%A6%AC%EB%B2%95%EC%9D%B8%EC%84%A4%EB%A6%BD
/수영구비영리법인설립,수영구 비영리법인 설립,수영구 비영리법인 설립｜광안·민락 사단·재단 허가와 등기,수영구 비영리법인 — 광안·민락 단체의 허가와 등기,local,수영구 비영리법인 설립,yes,https://xn--2j1br1na42lvxja38mk8r.kr/%EC%88%98%EC%98%81%EA%B5%AC%EB%B9%84%EC%98%81%EB%A6%AC%EB%B2%95%EC%9D%B8%EC%84%A4%EB%A6%BD
/부산진구비영리법인설립,부산진구 비영리법인 설립,부산진구 비영리법인 설립｜서면·전포 협회·단체 법인화,부산진구 비영리법인 — 서면·전포 협회·단체의 법인화,local,부산진구 비영리법인 설립,yes,https://xn--2j1br1na42lvxja38mk8r.kr/%EB%B6%80%EC%82%B0%EC%A7%84%EA%B5%AC%EB%B9%84%EC%98%81%EB%A6%AC%EB%B2%95%EC%9D%B8%EC%84%A4%EB%A6%BD
/부산문화예술단체법인설립,부산 문화예술단체 법인설립,부산 문화예술단체 법인설립｜공연·미술·영상 사단법인,부산 문화예술단체 법인설립 — 공연·창작 단체의 법인화,local,부산 문화예술단체 법인설립,yes,https://xn--2j1br1na42lvxja38mk8r.kr/%EB%B6%80%EC%82%B0%EB%AC%B8%ED%99%94%EC%98%88%EC%88%A0%EB%8B%A8%EC%B2%B4%EB%B2%95%EC%9D%B8%EC%84%A4%EB%A6%BD
/부산체육단체법인설립,부산 체육단체 법인설립,부산 체육단체 법인설립｜종목·생활체육 사단법인,부산 체육단체 법인설립 — 종목·생활체육 협회 법인화,local,부산 체육단체 법인설립,yes,https://xn--2j1br1na42lvxja38mk8r.kr/%EB%B6%80%EC%82%B0%EC%B2%B4%EC%9C%A1%EB%8B%A8%EC%B2%B4%EB%B2%95%EC%9D%B8%EC%84%A4%EB%A6%BD
/경남사단법인설립,경남 사단법인 설립,경남 사단법인 설립｜창원·김해·양산 주무관청과 등기소,경남 사단법인 설립 — 시·군별 주무관청을 먼저 확인하세요,local,경남 사단법인 설립,yes,https://xn--2j1br1na42lvxja38mk8r.kr/%EA%B2%BD%EB%82%A8%EC%82%AC%EB%8B%A8%EB%B2%95%EC%9D%B8%EC%84%A4%EB%A6%BD
/경남재단법인설립,경남 재단법인 설립,경남 재단법인 설립｜출연재산·기본재산과 창원 등기,경남 재단법인 — 출연과 관할부터 정리하세요,local,경남 재단법인 설립,yes,https://xn--2j1br1na42lvxja38mk8r.kr/%EA%B2%BD%EB%82%A8%EC%9E%AC%EB%8B%A8%EB%B2%95%EC%9D%B8%EC%84%A4%EB%A6%BD
/창원비영리법인설립,창원 비영리법인 설립,창원 비영리법인 설립｜창원시 주무관청·창원 등기국,창원 비영리법인 — 행정도시·교육·산업 단체의 관할,local,창원 비영리법인 설립,yes,https://xn--2j1br1na42lvxja38mk8r.kr/%EC%B0%BD%EC%9B%90%EB%B9%84%EC%98%81%EB%A6%AC%EB%B2%95%EC%9D%B8%EC%84%A4%EB%A6%BD
/사회적기업과법인설립차이,사회적기업과 법인 설립 차이,사회적기업과 법인 설립 차이｜인증·지정 vs 설립등기,사회적기업 ≠ 법인 종류 — 인증과 설립을 나누세요,local,사회적기업과 법인 설립 차이,yes,https://xn--2j1br1na42lvxja38mk8r.kr/%EC%82%AC%ED%9A%8C%EC%A0%81%EA%B8%B0%EC%97%85%EA%B3%BC%EB%B2%95%EC%9D%B8%EC%84%A4%EB%A6%BD%EC%B0%A8%EC%9D%B4
/재단법인과공익법인차이,재단법인과 공익법인 차이,재단법인과 공익법인 차이｜민법 재단 vs 공익법인법,재단법인 vs 공익법인 — 근거법이 다릅니다,local,재단법인과 공익법인 차이,yes,https://xn--2j1br1na42lvxja38mk8r.kr/%EC%9E%AC%EB%8B%A8%EB%B2%95%EC%9D%B8%EA%B3%BC%EA%B3%B5%EC%9D%B5%EB%B2%95%EC%9D%B8%EC%B0%A8%EC%9D%B4
/재건축조합임원변경등기,재건축조합 임원변경등기,재건축조합 임원변경등기｜총회 결의와 등기만 안내,재건축조합 임원변경 — 정비사업과 등기를 구분하세요,local,재건축조합 임원변경등기,yes,https://xn--2j1br1na42lvxja38mk8r.kr/%EC%9E%AC%EA%B1%B4%EC%B6%95%EC%A1%B0%ED%95%A9%EC%9E%84%EC%9B%90%EB%B3%80%EA%B2%BD%EB%93%B1%EA%B8%B0
/사단법인과재단법인차이,사단법인과 재단법인 차이,사단법인과 재단법인 차이｜회원 중심 단체와 재산 중심 조직의 선택 기준,사단법인과 재단법인 차이 — 회원형과 재산형 중 무엇이 맞을까요,local,사단법인과 재단법인 차이,yes,https://xn--2j1br1na42lvxja38mk8r.kr/%EC%82%AC%EB%8B%A8%EB%B2%95%EC%9D%B8%EA%B3%BC%EC%9E%AC%EB%8B%A8%EB%B2%95%EC%9D%B8%EC%B0%A8%EC%9D%B4
/비영리민간단체와사단법인차이,비영리민간단체와 사단법인 차이,비영리민간단체와 사단법인 차이｜등록 단체와 법인격,비영리민간단체와 사단법인 — 등록과 설립등기는 다릅니다,local,비영리민간단체와 사단법인 차이,yes,https://xn--2j1br1na42lvxja38mk8r.kr/%EB%B9%84%EC%98%81%EB%A6%AC%EB%AF%BC%EA%B0%84%EB%8B%A8%EC%B2%B4%EC%99%80%EC%82%AC%EB%8B%A8%EB%B2%95%EC%9D%B8%EC%B0%A8%EC%9D%B4
/농업회사법인과영농조합법인차이,농업회사법인과 영농조합법인 차이,농업회사법인과 영농조합법인｜사업 구조에 따라 달라지는 설립 방식,농업회사법인 vs 영농조합법인 — 사업 구조로 선택하세요,local,농업회사법인과 영농조합법인 차이,yes,https://xn--2j1br1na42lvxja38mk8r.kr/%EB%86%8D%EC%97%85%ED%9A%8C%EC%82%AC%EB%B2%95%EC%9D%B8%EA%B3%BC%EC%98%81%EB%86%8D%EC%A1%B0%ED%95%A9%EB%B2%95%EC%9D%B8%EC%B0%A8%EC%9D%B4
/사회적협동조합과사단법인차이,사회적협동조합과 사단법인 차이,사회적협동조합과 사단법인 차이｜조합원 사업 vs 회원 단체,사회적협동조합 vs 사단법인 — 무엇이 다른가요,local,사회적협동조합과 사단법인 차이,yes,https://xn--2j1br1na42lvxja38mk8r.kr/%EC%82%AC%ED%9A%8C%EC%A0%81%ED%98%91%EB%8F%99%EC%A1%B0%ED%95%A9%EA%B3%BC%EC%82%AC%EB%8B%A8%EB%B2%95%EC%9D%B8%EC%B0%A8%EC%9D%B4
/협동조합과주식회사차이,협동조합과 주식회사 차이,협동조합과 주식회사 차이｜조합원 vs 주주 구조,협동조합 vs 주식회사 — 출자와 의사결정 구조,local,협동조합과 주식회사 차이,yes,https://xn--2j1br1na42lvxja38mk8r.kr/%ED%98%91%EB%8F%99%EC%A1%B0%ED%95%A9%EA%B3%BC%EC%A3%BC%EC%8B%9D%ED%9A%8C%EC%82%AC%EC%B0%A8%EC%9D%B4
/사회적기업과사회적협동조합차이,사회적기업과 사회적협동조합 차이,사회적기업과 사회적협동조합 차이｜인증 vs 법인 설립,사회적기업 vs 사회적협동조합 — 인증과 법인을 구분하세요,local,사회적기업과 사회적협동조합 차이,yes,https://xn--2j1br1na42lvxja38mk8r.kr/%EC%82%AC%ED%9A%8C%EC%A0%81%EA%B8%B0%EC%97%85%EA%B3%BC%EC%82%AC%ED%9A%8C%EC%A0%81%ED%98%91%EB%8F%99%EC%A1%B0%ED%95%A9%EC%B0%A8%EC%9D%B4
/사단법인과협동조합차이,사단법인과 협동조합 차이,사단법인과 협동조합 차이｜회원 단체 vs 조합원 사업,사단법인 vs 협동조합 — 단체와 사업의 구분,local,사단법인과 협동조합 차이,yes,https://xn--2j1br1na42lvxja38mk8r.kr/%EC%82%AC%EB%8B%A8%EB%B2%95%EC%9D%B8%EA%B3%BC%ED%98%91%EB%8F%99%EC%A1%B0%ED%95%A9%EC%B0%A8%EC%9D%B4
/partners,"부산에서 필요한 등기 업무, 협업 방식부터 확인합니다",부산 법무사 협업문의｜복대리·부동산·건축·기업·기관 등기업무,"부산에서 필요한 등기 업무, 협업 방식부터 확인합니다",local,부산 법무사 협업문의,yes,https://xn--2j1br1na42lvxja38mk8r.kr/partners
/부산법무사복대리,부산에서 필요한 등기 실무를 함께 확인합니다,부산 법무사 복대리｜등기 접수·보정·현지 업무 협업 안내,부산에서 필요한 등기 실무를 함께 확인합니다,local,부산 복대리,yes,https://xn--2j1br1na42lvxja38mk8r.kr/%EB%B6%80%EC%82%B0%EB%B2%95%EB%AC%B4%EC%82%AC%EB%B3%B5%EB%8C%80%EB%A6%AC
/부산부동산협력법무사,부동산 계약 이후의 등기 절차를 안정적으로 연결합니다,부산 부동산 협력 법무사｜매매·잔금·소유권이전등기 협업,부동산 계약 이후의 등기 절차를 안정적으로 연결합니다,local,부산 부동산 협력 법무사,yes,https://xn--2j1br1na42lvxja38mk8r.kr/%EB%B6%80%EC%82%B0%EB%B6%80%EB%8F%99%EC%82%B0%ED%98%91%EB%A0%A5%EB%B2%95%EB%AC%B4%EC%82%AC
/협업문의,협업·복대리·프로젝트 문의서를 작성해 주세요,협업·복대리·프로젝트 문의서｜다옴법무사사무소,협업·복대리·프로젝트 문의서를 작성해 주세요,local,부산 법무사 협업 문의,yes,https://xn--2j1br1na42lvxja38mk8r.kr/%ED%98%91%EC%97%85%EB%AC%B8%EC%9D%98
/부산부동산등기복대리,"부산 부동산등기, 관할과 서류를 먼저 맞춰 봅니다",부산 부동산등기 복대리｜접수·보정·현지업무 협업,"부산 부동산등기, 관할과 서류를 먼저 맞춰 봅니다",local,부산 부동산등기 복대리,yes,https://xn--2j1br1na42lvxja38mk8r.kr/%EB%B6%80%EC%82%B0%EB%B6%80%EB%8F%99%EC%82%B0%EB%93%B1%EA%B8%B0%EB%B3%B5%EB%8C%80%EB%A6%AC
/부산법인등기복대리,"부산 관할 법인등기, 의사록과 첨부를 맞춰 진행합니다",부산 법인등기 복대리｜임원·본점·변경등기 현지 협업,"부산 관할 법인등기, 의사록과 첨부를 맞춰 진행합니다",local,부산 법인등기 복대리,yes,https://xn--2j1br1na42lvxja38mk8r.kr/%EB%B6%80%EC%82%B0%EB%B2%95%EC%9D%B8%EB%93%B1%EA%B8%B0%EB%B3%B5%EB%8C%80%EB%A6%AC
/부산등기접수협업,접수 직전에 맞춰야 할 것들을 먼저 정리합니다,부산 등기 접수 협업｜신청서 점검·접수증 공유,접수 직전에 맞춰야 할 것들을 먼저 정리합니다,local,부산 등기 접수 협업,yes,https://xn--2j1br1na42lvxja38mk8r.kr/%EB%B6%80%EC%82%B0%EB%93%B1%EA%B8%B0%EC%A0%91%EC%88%98%ED%98%91%EC%97%85
/부산등기보정업무,"보정 통지 이후, 기한과 보완 방향을 함께 맞춥니다",부산 등기 보정 업무｜통지 공유·보완·재진행 협업,"보정 통지 이후, 기한과 보완 방향을 함께 맞춥니다",local,부산 등기 보정,yes,https://xn--2j1br1na42lvxja38mk8r.kr/%EB%B6%80%EC%82%B0%EB%93%B1%EA%B8%B0%EB%B3%B4%EC%A0%95%EC%97%85%EB%AC%B4
/부산등기소현지업무,"등기소에서만 되는 일, 현지에서 맞춰 확인합니다",부산 등기소 현지업무｜방문·제출·진행 확인 협업,"등기소에서만 되는 일, 현지에서 맞춰 확인합니다",local,부산 등기소 현지업무,yes,https://xn--2j1br1na42lvxja38mk8r.kr/%EB%B6%80%EC%82%B0%EB%93%B1%EA%B8%B0%EC%86%8C%ED%98%84%EC%A7%80%EC%97%85%EB%AC%B4
/부산원거리등기협업,"멀리서도 빠지지 않게, 전달과 연락부터 맞춥니다",부산 원거리 등기 협업｜서류 이동·연락 창구·현지 조율,"멀리서도 빠지지 않게, 전달과 연락부터 맞춥니다",local,부산 원거리 등기,yes,https://xn--2j1br1na42lvxja38mk8r.kr/%EB%B6%80%EC%82%B0%EC%9B%90%EA%B1%B0%EB%A6%AC%EB%93%B1%EA%B8%B0%ED%98%91%EC%97%85
/부산잔금등기협업,잔금일에 맞춰야 할 등기 일정부터 나눠 봅니다,부산 잔금일 등기 협업｜매도·매수 서류·담보 일정 조율,잔금일에 맞춰야 할 등기 일정부터 나눠 봅니다,local,부산 잔금일 등기,yes,https://xn--2j1br1na42lvxja38mk8r.kr/%EB%B6%80%EC%82%B0%EC%9E%94%EA%B8%88%EB%93%B1%EA%B8%B0%ED%98%91%EC%97%85
/부산건축사등기협업,"사용승인 이후, 대장과 보존등기 사이를 잇습니다",부산 건축사 등기 협업｜사용승인·대장·보존등기 역할 구분,"사용승인 이후, 대장과 보존등기 사이를 잇습니다",local,부산 건축사 등기 협업,yes,https://xn--2j1br1na42lvxja38mk8r.kr/%EB%B6%80%EC%82%B0%EA%B1%B4%EC%B6%95%EC%82%AC%EB%93%B1%EA%B8%B0%ED%98%91%EC%97%85
/부산시행사등기,"보존에서 분양·담보까지, 프로젝트 일정을 맞춥니다",부산 시행사 등기｜보존·분양·담보 연결 프로젝트 협업,"보존에서 분양·담보까지, 프로젝트 일정을 맞춥니다",local,부산 시행사 등기,yes,https://xn--2j1br1na42lvxja38mk8r.kr/%EB%B6%80%EC%82%B0%EC%8B%9C%ED%96%89%EC%82%AC%EB%93%B1%EA%B8%B0
/부산건설사등기,도급과 건축주 구조에 맞춰 등기 경계를 확인합니다,부산 건설사 등기｜도급·건축주 구조에 따른 보존·법인 협업,도급과 건축주 구조에 맞춰 등기 경계를 확인합니다,local,부산 건설사 등기,yes,https://xn--2j1br1na42lvxja38mk8r.kr/%EB%B6%80%EC%82%B0%EA%B1%B4%EC%84%A4%EC%82%AC%EB%93%B1%EA%B8%B0
/부산분양등기,"보존 이후 수분양자 이전, 목록과 잔금부터 맞춥니다",부산 분양등기｜수분양자 이전·잔금·담보 일정 협업,"보존 이후 수분양자 이전, 목록과 잔금부터 맞춥니다",local,부산 분양등기,yes,https://xn--2j1br1na42lvxja38mk8r.kr/%EB%B6%80%EC%82%B0%EB%B6%84%EC%96%91%EB%93%B1%EA%B8%B0
/부산법인등기아웃소싱,"반복되는 법인 변경등기, 창구와 일정부터 맞춥니다",부산 법인등기 아웃소싱｜임원·본점·변경등기 일정 관리,"반복되는 법인 변경등기, 창구와 일정부터 맞춥니다",local,부산 법인등기 아웃소싱,yes,https://xn--2j1br1na42lvxja38mk8r.kr/%EB%B6%80%EC%82%B0%EB%B2%95%EC%9D%B8%EB%93%B1%EA%B8%B0%EC%95%84%EC%9B%83%EC%86%8C%EC%8B%B1
/부산진구상속등기,부산진구 상속등기,부산진구 상속등기 안내 | 다옴법무사사무소,부산진구 상속등기 안내,local,부산진구상속등기,yes,https://xn--2j1br1na42lvxja38mk8r.kr/%EB%B6%80%EC%82%B0%EC%A7%84%EA%B5%AC%EC%83%81%EC%86%8D%EB%93%B1%EA%B8%B0
/부산진구부동산등기,부산진구 부동산등기,부산진구 부동산등기 안내 | 다옴법무사사무소,부산진구 부동산등기 안내,local,부산진구부동산등기,yes,https://xn--2j1br1na42lvxja38mk8r.kr/%EB%B6%80%EC%82%B0%EC%A7%84%EA%B5%AC%EB%B6%80%EB%8F%99%EC%82%B0%EB%93%B1%EA%B8%B0
/서면부동산등기,서면 부동산등기,서면 부동산등기 안내 | 다옴법무사사무소,서면 부동산등기 안내,local,서면부동산등기,yes,https://xn--2j1br1na42lvxja38mk8r.kr/%EC%84%9C%EB%A9%B4%EB%B6%80%EB%8F%99%EC%82%B0%EB%93%B1%EA%B8%B0
/부동산등기비용,부동산등기 비용,부동산등기 비용 안내 | 다옴법무사사무소,부동산등기 비용 안내,cost,부동산등기비용,yes,https://xn--2j1br1na42lvxja38mk8r.kr/%EB%B6%80%EB%8F%99%EC%82%B0%EB%93%B1%EA%B8%B0%EB%B9%84%EC%9A%A9
/개인회생비용,개인회생 비용,개인회생 비용 안내 | 다옴법무사사무소,개인회생 비용 안내,cost,개인회생비용,yes,https://xn--2j1br1na42lvxja38mk8r.kr/%EA%B0%9C%EC%9D%B8%ED%9A%8C%EC%83%9D%EB%B9%84%EC%9A%A9
/부산진구법인등기,부산진구 법인등기,부산진구 법인등기 안내 | 다옴법무사사무소,부산진구 법인등기 안내,local,부산진구법인등기,yes,https://xn--2j1br1na42lvxja38mk8r.kr/%EB%B6%80%EC%82%B0%EC%A7%84%EA%B5%AC%EB%B2%95%EC%9D%B8%EB%93%B1%EA%B8%B0
/부산진구소유권이전등기,부산진구 소유권이전등기,부산진구 소유권이전등기 안내 | 다옴법무사사무소,부산진구 소유권이전등기 안내,local,부산진구소유권이전등기,yes,https://xn--2j1br1na42lvxja38mk8r.kr/%EB%B6%80%EC%82%B0%EC%A7%84%EA%B5%AC%EC%86%8C%EC%9C%A0%EA%B6%8C%EC%9D%B4%EC%A0%84%EB%93%B1%EA%B8%B0
/서면법인등기,서면 법인등기,서면 법인등기 안내 | 다옴법무사사무소,서면 법인등기 안내,local,서면법인등기,yes,https://xn--2j1br1na42lvxja38mk8r.kr/%EC%84%9C%EB%A9%B4%EB%B2%95%EC%9D%B8%EB%93%B1%EA%B8%B0
/상속등기보수표,상속등기 보수표,상속등기 보수표 안내 | 다옴법무사사무소,상속등기 보수표 안내,cost,상속등기보수표,yes,https://xn--2j1br1na42lvxja38mk8r.kr/%EC%83%81%EC%86%8D%EB%93%B1%EA%B8%B0%EB%B3%B4%EC%88%98%ED%91%9C
/상속등기기한,상속등기 기한,상속등기 기한 안내 | 다옴법무사사무소,상속등기 기한 안내,local,상속등기기한,yes,https://xn--2j1br1na42lvxja38mk8r.kr/%EC%83%81%EC%86%8D%EB%93%B1%EA%B8%B0%EA%B8%B0%ED%95%9C
/법인등기비용,법인등기 비용,법인등기 비용 안내 | 다옴법무사사무소,법인등기 비용 안내,cost,법인등기비용,yes,https://xn--2j1br1na42lvxja38mk8r.kr/%EB%B2%95%EC%9D%B8%EB%93%B1%EA%B8%B0%EB%B9%84%EC%9A%A9
/부동산등기필요서류,부동산등기 필요서류,부동산등기 필요서류 안내 | 다옴법무사사무소,부동산등기 필요서류 안내,local,부동산등기필요서류,yes,https://xn--2j1br1na42lvxja38mk8r.kr/%EB%B6%80%EB%8F%99%EC%82%B0%EB%93%B1%EA%B8%B0%ED%95%84%EC%9A%94%EC%84%9C%EB%A5%98
/소유권이전등기비용,소유권이전등기 비용,소유권이전등기 비용 안내 | 다옴법무사사무소,소유권이전등기 비용 안내,cost,소유권이전등기비용,yes,https://xn--2j1br1na42lvxja38mk8r.kr/%EC%86%8C%EC%9C%A0%EA%B6%8C%EC%9D%B4%EC%A0%84%EB%93%B1%EA%B8%B0%EB%B9%84%EC%9A%A9
/개인회생필요서류,개인회생 필요서류,개인회생 필요서류 안내 | 다옴법무사사무소,개인회생 필요서류 안내,local,개인회생필요서류,yes,https://xn--2j1br1na42lvxja38mk8r.kr/%EA%B0%9C%EC%9D%B8%ED%9A%8C%EC%83%9D%ED%95%84%EC%9A%94%EC%84%9C%EB%A5%98
/부산지방법원등기국상속등기,부산지방법원 등기국 상속등기,부산지방법원등기국 상속등기 절차 | 다옴법무사사무소,부산지방법원등기국 상속등기,court,부산지방법원등기국상속등기,yes,https://xn--2j1br1na42lvxja38mk8r.kr/%EB%B6%80%EC%82%B0%EC%A7%80%EB%B0%A9%EB%B2%95%EC%9B%90%EB%93%B1%EA%B8%B0%EA%B5%AD%EC%83%81%EC%86%8D%EB%93%B1%EA%B8%B0
/부산회생법원개인회생,부산회생법원 개인회생,부산회생법원 개인회생 절차 | 다옴법무사사무소,부산회생법원 개인회생,court,부산회생법원개인회생,yes,https://xn--2j1br1na42lvxja38mk8r.kr/%EB%B6%80%EC%82%B0%ED%9A%8C%EC%83%9D%EB%B2%95%EC%9B%90%EA%B0%9C%EC%9D%B8%ED%9A%8C%EC%83%9D
/부산여성법무사,부산 여성 법무사,부산 여성 법무사 | 다옴법무사사무소,부산 여성 법무사,local,부산 여성 법무사,yes,https://xn--2j1br1na42lvxja38mk8r.kr/%EB%B6%80%EC%82%B0%EC%97%AC%EC%84%B1%EB%B2%95%EB%AC%B4%EC%82%AC
/중구상속등기,중구 상속등기,중구 상속등기 안내 | 다옴법무사사무소,중구 상속등기 안내,local,중구상속등기,yes,https://xn--2j1br1na42lvxja38mk8r.kr/%EC%A4%91%EA%B5%AC%EC%83%81%EC%86%8D%EB%93%B1%EA%B8%B0
/서구상속등기,서구 상속등기,서구 상속등기 안내 | 다옴법무사사무소,서구 상속등기 안내,local,서구상속등기,yes,https://xn--2j1br1na42lvxja38mk8r.kr/%EC%84%9C%EA%B5%AC%EC%83%81%EC%86%8D%EB%93%B1%EA%B8%B0
/동구상속등기,동구 상속등기,동구 상속등기 안내 | 다옴법무사사무소,동구 상속등기 안내,local,동구상속등기,yes,https://xn--2j1br1na42lvxja38mk8r.kr/%EB%8F%99%EA%B5%AC%EC%83%81%EC%86%8D%EB%93%B1%EA%B8%B0
/영도구상속등기,영도구 상속등기,영도구 상속등기 안내 | 다옴법무사사무소,영도구 상속등기 안내,local,영도구상속등기,yes,https://xn--2j1br1na42lvxja38mk8r.kr/%EC%98%81%EB%8F%84%EA%B5%AC%EC%83%81%EC%86%8D%EB%93%B1%EA%B8%B0
/부산진구상속포기,부산진구 상속포기,부산진구 상속포기 안내 | 다옴법무사사무소,부산진구 상속포기 안내,local,부산진구상속포기,yes,https://xn--2j1br1na42lvxja38mk8r.kr/%EB%B6%80%EC%82%B0%EC%A7%84%EA%B5%AC%EC%83%81%EC%86%8D%ED%8F%AC%EA%B8%B0
/부산진구한정승인,부산진구 한정승인,부산진구 한정승인 안내 | 다옴법무사사무소,부산진구 한정승인 안내,local,부산진구한정승인,yes,https://xn--2j1br1na42lvxja38mk8r.kr/%EB%B6%80%EC%82%B0%EC%A7%84%EA%B5%AC%ED%95%9C%EC%A0%95%EC%8A%B9%EC%9D%B8
/남구상속등기,남구 상속등기,남구 상속등기 안내 | 다옴법무사사무소,남구 상속등기 안내,local,남구상속등기,yes,https://xn--2j1br1na42lvxja38mk8r.kr/%EB%82%A8%EA%B5%AC%EC%83%81%EC%86%8D%EB%93%B1%EA%B8%B0
/사하구상속등기,사하구 상속등기,사하구 상속등기 안내 | 다옴법무사사무소,사하구 상속등기 안내,local,사하구상속등기,yes,https://xn--2j1br1na42lvxja38mk8r.kr/%EC%82%AC%ED%95%98%EA%B5%AC%EC%83%81%EC%86%8D%EB%93%B1%EA%B8%B0
/강서구상속등기,강서구 상속등기,강서구 상속등기 안내 | 다옴법무사사무소,강서구 상속등기 안내,local,강서구상속등기,yes,https://xn--2j1br1na42lvxja38mk8r.kr/%EA%B0%95%EC%84%9C%EA%B5%AC%EC%83%81%EC%86%8D%EB%93%B1%EA%B8%B0
/센텀시티역상속등기,센텀시티역 상속등기,센텀시티역 상속등기 안내 | 다옴법무사사무소,센텀시티역 상속등기 안내,local,센텀시티역상속등기,yes,https://xn--2j1br1na42lvxja38mk8r.kr/%EC%84%BC%ED%85%80%EC%8B%9C%ED%8B%B0%EC%97%AD%EC%83%81%EC%86%8D%EB%93%B1%EA%B8%B0
/서면역부동산등기,서면역 부동산등기,서면역 부동산등기 안내 | 다옴법무사사무소,서면역 부동산등기 안내,local,서면역부동산등기,yes,https://xn--2j1br1na42lvxja38mk8r.kr/%EC%84%9C%EB%A9%B4%EC%97%AD%EB%B6%80%EB%8F%99%EC%82%B0%EB%93%B1%EA%B8%B0
/상속등기준비서류,상속등기 준비서류,상속등기 준비서류 안내 | 다옴법무사사무소,상속등기 준비서류 안내,local,상속등기준비서류,yes,https://xn--2j1br1na42lvxja38mk8r.kr/%EC%83%81%EC%86%8D%EB%93%B1%EA%B8%B0%EC%A4%80%EB%B9%84%EC%84%9C%EB%A5%98
/법인등기필요서류,법인등기 필요서류,법인등기 필요서류 안내 | 다옴법무사사무소,법인등기 필요서류 안내,local,법인등기필요서류,yes,https://xn--2j1br1na42lvxja38mk8r.kr/%EB%B2%95%EC%9D%B8%EB%93%B1%EA%B8%B0%ED%95%84%EC%9A%94%EC%84%9C%EB%A5%98
/부동산등기보수표,부동산등기 보수표,부동산등기 보수표 안내 | 다옴법무사사무소,부동산등기 보수표 안내,cost,부동산등기보수표,yes,https://xn--2j1br1na42lvxja38mk8r.kr/%EB%B6%80%EB%8F%99%EC%82%B0%EB%93%B1%EA%B8%B0%EB%B3%B4%EC%88%98%ED%91%9C
/부동산등기기한,부동산등기 기한,부동산등기 기한 안내 | 다옴법무사사무소,부동산등기 기한 안내,local,부동산등기기한,yes,https://xn--2j1br1na42lvxja38mk8r.kr/%EB%B6%80%EB%8F%99%EC%82%B0%EB%93%B1%EA%B8%B0%EA%B8%B0%ED%95%9C
/소유권이전등기필요서류,소유권이전등기 필요서류,소유권이전등기 필요서류 안내 | 다옴법무사사무소,소유권이전등기 필요서류 안내,local,소유권이전등기필요서류,yes,https://xn--2j1br1na42lvxja38mk8r.kr/%EC%86%8C%EC%9C%A0%EA%B6%8C%EC%9D%B4%EC%A0%84%EB%93%B1%EA%B8%B0%ED%95%84%EC%9A%94%EC%84%9C%EB%A5%98
/개인회생보수표,개인회생 보수표,개인회생 보수표 안내 | 다옴법무사사무소,개인회생 보수표 안내,cost,개인회생보수표,yes,https://xn--2j1br1na42lvxja38mk8r.kr/%EA%B0%9C%EC%9D%B8%ED%9A%8C%EC%83%9D%EB%B3%B4%EC%88%98%ED%91%9C
/개인회생기한,개인회생 기한,개인회생 기한 안내 | 다옴법무사사무소,개인회생 기한 안내,local,개인회생기한,yes,https://xn--2j1br1na42lvxja38mk8r.kr/%EA%B0%9C%EC%9D%B8%ED%9A%8C%EC%83%9D%EA%B8%B0%ED%95%9C
/부산지방법원상속등기,부산지방법원 상속등기,부산지방법원 상속등기 절차 | 다옴법무사사무소,부산지방법원 상속등기,court,부산지방법원상속등기,yes,https://xn--2j1br1na42lvxja38mk8r.kr/%EB%B6%80%EC%82%B0%EC%A7%80%EB%B0%A9%EB%B2%95%EC%9B%90%EC%83%81%EC%86%8D%EB%93%B1%EA%B8%B0
/부산지방법원등기국부동산등기,부산지방법원 등기국 부동산등기,부산지방법원등기국 부동산등기 절차 | 다옴법무사사무소,부산지방법원등기국 부동산등기,court,부산지방법원등기국부동산등기,yes,https://xn--2j1br1na42lvxja38mk8r.kr/%EB%B6%80%EC%82%B0%EC%A7%80%EB%B0%A9%EB%B2%95%EC%9B%90%EB%93%B1%EA%B8%B0%EA%B5%AD%EB%B6%80%EB%8F%99%EC%82%B0%EB%93%B1%EA%B8%B0
/중구부동산등기,중구 부동산등기,중구 부동산등기 안내 | 다옴법무사사무소,중구 부동산등기 안내,local,중구부동산등기,yes,https://xn--2j1br1na42lvxja38mk8r.kr/%EC%A4%91%EA%B5%AC%EB%B6%80%EB%8F%99%EC%82%B0%EB%93%B1%EA%B8%B0
/동구부동산등기,동구 부동산등기,동구 부동산등기 안내 | 다옴법무사사무소,동구 부동산등기 안내,local,동구부동산등기,yes,https://xn--2j1br1na42lvxja38mk8r.kr/%EB%8F%99%EA%B5%AC%EB%B6%80%EB%8F%99%EC%82%B0%EB%93%B1%EA%B8%B0
/부산진구법인설립등기,부산진구 법인설립등기,부산진구 법인설립등기 안내 | 다옴법무사사무소,부산진구 법인설립등기 안내,local,부산진구법인설립등기,yes,https://xn--2j1br1na42lvxja38mk8r.kr/%EB%B6%80%EC%82%B0%EC%A7%84%EA%B5%AC%EB%B2%95%EC%9D%B8%EC%84%A4%EB%A6%BD%EB%93%B1%EA%B8%B0
/남구부동산등기,남구 부동산등기,남구 부동산등기 안내 | 다옴법무사사무소,남구 부동산등기 안내,local,남구부동산등기,yes,https://xn--2j1br1na42lvxja38mk8r.kr/%EB%82%A8%EA%B5%AC%EB%B6%80%EB%8F%99%EC%82%B0%EB%93%B1%EA%B8%B0
/북구법인등기,북구 법인등기,북구 법인등기 안내 | 다옴법무사사무소,북구 법인등기 안내,local,북구법인등기,yes,https://xn--2j1br1na42lvxja38mk8r.kr/%EB%B6%81%EA%B5%AC%EB%B2%95%EC%9D%B8%EB%93%B1%EA%B8%B0
/강서구부동산등기,강서구 부동산등기,강서구 부동산등기 안내 | 다옴법무사사무소,강서구 부동산등기 안내,local,강서구부동산등기,yes,https://xn--2j1br1na42lvxja38mk8r.kr/%EA%B0%95%EC%84%9C%EA%B5%AC%EB%B6%80%EB%8F%99%EC%82%B0%EB%93%B1%EA%B8%B0
/수영구한정승인,수영구 한정승인,수영구 한정승인 안내 | 다옴법무사사무소,수영구 한정승인 안내,local,수영구한정승인,yes,https://xn--2j1br1na42lvxja38mk8r.kr/%EC%88%98%EC%98%81%EA%B5%AC%ED%95%9C%EC%A0%95%EC%8A%B9%EC%9D%B8
/연산동상속등기,연산동 상속등기,연산동 상속등기 안내 | 다옴법무사사무소,연산동 상속등기 안내,local,연산동상속등기,yes,https://xn--2j1br1na42lvxja38mk8r.kr/%EC%97%B0%EC%82%B0%EB%8F%99%EC%83%81%EC%86%8D%EB%93%B1%EA%B8%B0
/서면역법인등기,서면역 법인등기,서면역 법인등기 안내 | 다옴법무사사무소,서면역 법인등기 안내,local,서면역법인등기,yes,https://xn--2j1br1na42lvxja38mk8r.kr/%EC%84%9C%EB%A9%B4%EC%97%AD%EB%B2%95%EC%9D%B8%EB%93%B1%EA%B8%B0
/상속포기필요서류,상속포기 필요서류,상속포기 필요서류 안내 | 다옴법무사사무소,상속포기 필요서류 안내,local,상속포기필요서류,yes,https://xn--2j1br1na42lvxja38mk8r.kr/%EC%83%81%EC%86%8D%ED%8F%AC%EA%B8%B0%ED%95%84%EC%9A%94%EC%84%9C%EB%A5%98
/한정승인필요서류,한정승인 필요서류,한정승인 필요서류 안내 | 다옴법무사사무소,한정승인 필요서류 안내,local,한정승인필요서류,yes,https://xn--2j1br1na42lvxja38mk8r.kr/%ED%95%9C%EC%A0%95%EC%8A%B9%EC%9D%B8%ED%95%84%EC%9A%94%EC%84%9C%EB%A5%98
/법인등기보수표,법인등기 보수표,법인등기 보수표 안내 | 다옴법무사사무소,법인등기 보수표 안내,cost,법인등기보수표,yes,https://xn--2j1br1na42lvxja38mk8r.kr/%EB%B2%95%EC%9D%B8%EB%93%B1%EA%B8%B0%EB%B3%B4%EC%88%98%ED%91%9C
/법인등기기한,법인등기 기한,법인등기 기한 안내 | 다옴법무사사무소,법인등기 기한 안내,local,법인등기기한,yes,https://xn--2j1br1na42lvxja38mk8r.kr/%EB%B2%95%EC%9D%B8%EB%93%B1%EA%B8%B0%EA%B8%B0%ED%95%9C
/부동산등기준비서류,부동산등기 준비서류,부동산등기 준비서류 안내 | 다옴법무사사무소,부동산등기 준비서류 안내,local,부동산등기준비서류,yes,https://xn--2j1br1na42lvxja38mk8r.kr/%EB%B6%80%EB%8F%99%EC%82%B0%EB%93%B1%EA%B8%B0%EC%A4%80%EB%B9%84%EC%84%9C%EB%A5%98
/소유권이전등기보수표,소유권이전등기 보수표,소유권이전등기 보수표 안내 | 다옴법무사사무소,소유권이전등기 보수표 안내,cost,소유권이전등기보수표,yes,https://xn--2j1br1na42lvxja38mk8r.kr/%EC%86%8C%EC%9C%A0%EA%B6%8C%EC%9D%B4%EC%A0%84%EB%93%B1%EA%B8%B0%EB%B3%B4%EC%88%98%ED%91%9C
/소유권이전등기기한,소유권이전등기 기한,소유권이전등기 기한 안내 | 다옴법무사사무소,소유권이전등기 기한 안내,local,소유권이전등기기한,yes,https://xn--2j1br1na42lvxja38mk8r.kr/%EC%86%8C%EC%9C%A0%EA%B6%8C%EC%9D%B4%EC%A0%84%EB%93%B1%EA%B8%B0%EA%B8%B0%ED%95%9C
/개인회생준비서류,개인회생 준비서류,개인회생 준비서류 안내 | 다옴법무사사무소,개인회생 준비서류 안내,local,개인회생준비서류,yes,https://xn--2j1br1na42lvxja38mk8r.kr/%EA%B0%9C%EC%9D%B8%ED%9A%8C%EC%83%9D%EC%A4%80%EB%B9%84%EC%84%9C%EB%A5%98
/개인파산비용,개인파산 비용,개인파산 비용 안내 | 다옴법무사사무소,개인파산 비용 안내,cost,개인파산비용,yes,https://xn--2j1br1na42lvxja38mk8r.kr/%EA%B0%9C%EC%9D%B8%ED%8C%8C%EC%82%B0%EB%B9%84%EC%9A%A9
/부산지방법원등기국법인등기,부산지방법원 등기국 법인등기,부산지방법원등기국 법인등기 절차 | 다옴법무사사무소,부산지방법원등기국 법인등기,court,부산지방법원등기국법인등기,yes,https://xn--2j1br1na42lvxja38mk8r.kr/%EB%B6%80%EC%82%B0%EC%A7%80%EB%B0%A9%EB%B2%95%EC%9B%90%EB%93%B1%EA%B8%B0%EA%B5%AD%EB%B2%95%EC%9D%B8%EB%93%B1%EA%B8%B0
/부산진등기소부동산등기,부산진등기소 부동산등기,부산진등기소 부동산등기 절차 | 다옴법무사사무소,부산진등기소 부동산등기,court,부산진등기소부동산등기,yes,https://xn--2j1br1na42lvxja38mk8r.kr/%EB%B6%80%EC%82%B0%EC%A7%84%EB%93%B1%EA%B8%B0%EC%86%8C%EB%B6%80%EB%8F%99%EC%82%B0%EB%93%B1%EA%B8%B0
/해운대여성법무사,해운대 여성 법무사,해운대 여성 법무사 | 다옴법무사사무소,해운대 여성 법무사,local,해운대 여성 법무사,yes,https://xn--2j1br1na42lvxja38mk8r.kr/%ED%95%B4%EC%9A%B4%EB%8C%80%EC%97%AC%EC%84%B1%EB%B2%95%EB%AC%B4%EC%82%AC
/센텀여성법무사,센텀 여성 법무사,센텀 여성 법무사 | 다옴법무사사무소,센텀 여성 법무사,local,센텀 여성 법무사,yes,https://xn--2j1br1na42lvxja38mk8r.kr/%EC%84%BC%ED%85%80%EC%97%AC%EC%84%B1%EB%B2%95%EB%AC%B4%EC%82%AC
/중구법인등기,중구 법인등기,중구 법인등기 안내 | 다옴법무사사무소,중구 법인등기 안내,local,중구법인등기,yes,https://xn--2j1br1na42lvxja38mk8r.kr/%EC%A4%91%EA%B5%AC%EB%B2%95%EC%9D%B8%EB%93%B1%EA%B8%B0
/서구소유권이전등기,서구 소유권이전등기,서구 소유권이전등기 안내 | 다옴법무사사무소,서구 소유권이전등기 안내,local,서구소유권이전등기,yes,https://xn--2j1br1na42lvxja38mk8r.kr/%EC%84%9C%EA%B5%AC%EC%86%8C%EC%9C%A0%EA%B6%8C%EC%9D%B4%EC%A0%84%EB%93%B1%EA%B8%B0
/서구법인등기,서구 법인등기,서구 법인등기 안내 | 다옴법무사사무소,서구 법인등기 안내,local,서구법인등기,yes,https://xn--2j1br1na42lvxja38mk8r.kr/%EC%84%9C%EA%B5%AC%EB%B2%95%EC%9D%B8%EB%93%B1%EA%B8%B0
/동구법인등기,동구 법인등기,동구 법인등기 안내 | 다옴법무사사무소,동구 법인등기 안내,local,동구법인등기,yes,https://xn--2j1br1na42lvxja38mk8r.kr/%EB%8F%99%EA%B5%AC%EB%B2%95%EC%9D%B8%EB%93%B1%EA%B8%B0
/영도구법인등기,영도구 법인등기,영도구 법인등기 안내 | 다옴법무사사무소,영도구 법인등기 안내,local,영도구법인등기,yes,https://xn--2j1br1na42lvxja38mk8r.kr/%EC%98%81%EB%8F%84%EA%B5%AC%EB%B2%95%EC%9D%B8%EB%93%B1%EA%B8%B0
/부산진구임원변경등기,부산진구 임원변경등기,부산진구 임원변경등기 안내 | 다옴법무사사무소,부산진구 임원변경등기 안내,local,부산진구임원변경등기,yes,https://xn--2j1br1na42lvxja38mk8r.kr/%EB%B6%80%EC%82%B0%EC%A7%84%EA%B5%AC%EC%9E%84%EC%9B%90%EB%B3%80%EA%B2%BD%EB%93%B1%EA%B8%B0
/동래구상속포기,동래구 상속포기,동래구 상속포기 안내 | 다옴법무사사무소,동래구 상속포기 안내,local,동래구상속포기,yes,https://xn--2j1br1na42lvxja38mk8r.kr/%EB%8F%99%EB%9E%98%EA%B5%AC%EC%83%81%EC%86%8D%ED%8F%AC%EA%B8%B0
/남구법인등기,남구 법인등기,남구 법인등기 안내 | 다옴법무사사무소,남구 법인등기 안내,local,남구법인등기,yes,https://xn--2j1br1na42lvxja38mk8r.kr/%EB%82%A8%EA%B5%AC%EB%B2%95%EC%9D%B8%EB%93%B1%EA%B8%B0
/북구한정승인,북구 한정승인,북구 한정승인 안내 | 다옴법무사사무소,북구 한정승인 안내,local,북구한정승인,yes,https://xn--2j1br1na42lvxja38mk8r.kr/%EB%B6%81%EA%B5%AC%ED%95%9C%EC%A0%95%EC%8A%B9%EC%9D%B8
/사하구법인등기,사하구 법인등기,사하구 법인등기 안내 | 다옴법무사사무소,사하구 법인등기 안내,local,사하구법인등기,yes,https://xn--2j1br1na42lvxja38mk8r.kr/%EC%82%AC%ED%95%98%EA%B5%AC%EB%B2%95%EC%9D%B8%EB%93%B1%EA%B8%B0
/금정구법인등기,금정구 법인등기,금정구 법인등기 안내 | 다옴법무사사무소,금정구 법인등기 안내,local,금정구법인등기,yes,https://xn--2j1br1na42lvxja38mk8r.kr/%EA%B8%88%EC%A0%95%EA%B5%AC%EB%B2%95%EC%9D%B8%EB%93%B1%EA%B8%B0
/강서구법인등기,강서구 법인등기,강서구 법인등기 안내 | 다옴법무사사무소,강서구 법인등기 안내,local,강서구법인등기,yes,https://xn--2j1br1na42lvxja38mk8r.kr/%EA%B0%95%EC%84%9C%EA%B5%AC%EB%B2%95%EC%9D%B8%EB%93%B1%EA%B8%B0
/연제구법인설립등기,연제구 법인설립등기,연제구 법인설립등기 안내 | 다옴법무사사무소,연제구 법인설립등기 안내,local,연제구법인설립등기,yes,https://xn--2j1br1na42lvxja38mk8r.kr/%EC%97%B0%EC%A0%9C%EA%B5%AC%EB%B2%95%EC%9D%B8%EC%84%A4%EB%A6%BD%EB%93%B1%EA%B8%B0
/수영구법인설립등기,수영구 법인설립등기,수영구 법인설립등기 안내 | 다옴법무사사무소,수영구 법인설립등기 안내,local,수영구법인설립등기,yes,https://xn--2j1br1na42lvxja38mk8r.kr/%EC%88%98%EC%98%81%EA%B5%AC%EB%B2%95%EC%9D%B8%EC%84%A4%EB%A6%BD%EB%93%B1%EA%B8%B0
/사상구법인등기,사상구 법인등기,사상구 법인등기 안내 | 다옴법무사사무소,사상구 법인등기 안내,local,사상구법인등기,yes,https://xn--2j1br1na42lvxja38mk8r.kr/%EC%82%AC%EC%83%81%EA%B5%AC%EB%B2%95%EC%9D%B8%EB%93%B1%EA%B8%B0
/광안동부동산등기,광안동 부동산등기,광안동 부동산등기 안내 | 다옴법무사사무소,광안동 부동산등기 안내,local,광안동부동산등기,yes,https://xn--2j1br1na42lvxja38mk8r.kr/%EA%B4%91%EC%95%88%EB%8F%99%EB%B6%80%EB%8F%99%EC%82%B0%EB%93%B1%EA%B8%B0
/덕천동상속등기,덕천동 상속등기,덕천동 상속등기 안내 | 다옴법무사사무소,덕천동 상속등기 안내,local,덕천동상속등기,yes,https://xn--2j1br1na42lvxja38mk8r.kr/%EB%8D%95%EC%B2%9C%EB%8F%99%EC%83%81%EC%86%8D%EB%93%B1%EA%B8%B0
/센텀시티역법인등기,센텀시티역 법인등기,센텀시티역 법인등기 안내 | 다옴법무사사무소,센텀시티역 법인등기 안내,local,센텀시티역법인등기,yes,https://xn--2j1br1na42lvxja38mk8r.kr/%EC%84%BC%ED%85%80%EC%8B%9C%ED%8B%B0%EC%97%AD%EB%B2%95%EC%9D%B8%EB%93%B1%EA%B8%B0
/상속등기과태료,상속등기 과태료,상속등기 과태료 안내 | 다옴법무사사무소,상속등기 과태료 안내,cost,상속등기과태료,yes,https://xn--2j1br1na42lvxja38mk8r.kr/%EC%83%81%EC%86%8D%EB%93%B1%EA%B8%B0%EA%B3%BC%ED%83%9C%EB%A3%8C
/상속포기보수표,상속포기 보수표,상속포기 보수표 안내 | 다옴법무사사무소,상속포기 보수표 안내,cost,상속포기보수표,yes,https://xn--2j1br1na42lvxja38mk8r.kr/%EC%83%81%EC%86%8D%ED%8F%AC%EA%B8%B0%EB%B3%B4%EC%88%98%ED%91%9C
/상속포기기한,상속포기 기한,상속포기 기한 안내 | 다옴법무사사무소,상속포기 기한 안내,local,상속포기기한,yes,https://xn--2j1br1na42lvxja38mk8r.kr/%EC%83%81%EC%86%8D%ED%8F%AC%EA%B8%B0%EA%B8%B0%ED%95%9C
/한정승인보수표,한정승인 보수표,한정승인 보수표 안내 | 다옴법무사사무소,한정승인 보수표 안내,cost,한정승인보수표,yes,https://xn--2j1br1na42lvxja38mk8r.kr/%ED%95%9C%EC%A0%95%EC%8A%B9%EC%9D%B8%EB%B3%B4%EC%88%98%ED%91%9C
/한정승인기한,한정승인 기한,한정승인 기한 안내 | 다옴법무사사무소,한정승인 기한 안내,local,한정승인기한,yes,https://xn--2j1br1na42lvxja38mk8r.kr/%ED%95%9C%EC%A0%95%EC%8A%B9%EC%9D%B8%EA%B8%B0%ED%95%9C
/법인등기준비서류,법인등기 준비서류,법인등기 준비서류 안내 | 다옴법무사사무소,법인등기 준비서류 안내,local,법인등기준비서류,yes,https://xn--2j1br1na42lvxja38mk8r.kr/%EB%B2%95%EC%9D%B8%EB%93%B1%EA%B8%B0%EC%A4%80%EB%B9%84%EC%84%9C%EB%A5%98
/법인설립등기필요서류,법인설립등기 필요서류,법인설립등기 필요서류 안내 | 다옴법무사사무소,법인설립등기 필요서류 안내,local,법인설립등기필요서류,yes,https://xn--2j1br1na42lvxja38mk8r.kr/%EB%B2%95%EC%9D%B8%EC%84%A4%EB%A6%BD%EB%93%B1%EA%B8%B0%ED%95%84%EC%9A%94%EC%84%9C%EB%A5%98
/임원변경등기비용,임원변경등기 비용,임원변경등기 비용 안내 | 다옴법무사사무소,임원변경등기 비용 안내,cost,임원변경등기비용,yes,https://xn--2j1br1na42lvxja38mk8r.kr/%EC%9E%84%EC%9B%90%EB%B3%80%EA%B2%BD%EB%93%B1%EA%B8%B0%EB%B9%84%EC%9A%A9
/부동산등기기간,부동산등기 기간,부동산등기 기간 안내 | 다옴법무사사무소,부동산등기 기간 안내,local,부동산등기기간,yes,https://xn--2j1br1na42lvxja38mk8r.kr/%EB%B6%80%EB%8F%99%EC%82%B0%EB%93%B1%EA%B8%B0%EA%B8%B0%EA%B0%84
/소유권이전등기준비서류,소유권이전등기 준비서류,소유권이전등기 준비서류 안내 | 다옴법무사사무소,소유권이전등기 준비서류 안내,local,소유권이전등기준비서류,yes,https://xn--2j1br1na42lvxja38mk8r.kr/%EC%86%8C%EC%9C%A0%EA%B6%8C%EC%9D%B4%EC%A0%84%EB%93%B1%EA%B8%B0%EC%A4%80%EB%B9%84%EC%84%9C%EB%A5%98
/개인회생기간,개인회생 기간,개인회생 기간 안내 | 다옴법무사사무소,개인회생 기간 안내,local,개인회생기간,yes,https://xn--2j1br1na42lvxja38mk8r.kr/%EA%B0%9C%EC%9D%B8%ED%9A%8C%EC%83%9D%EA%B8%B0%EA%B0%84
/개인파산필요서류,개인파산 필요서류,개인파산 필요서류 안내 | 다옴법무사사무소,개인파산 필요서류 안내,local,개인파산필요서류,yes,https://xn--2j1br1na42lvxja38mk8r.kr/%EA%B0%9C%EC%9D%B8%ED%8C%8C%EC%82%B0%ED%95%84%EC%9A%94%EC%84%9C%EB%A5%98
/부산회생법원개인파산,부산회생법원 개인파산,부산회생법원 개인파산 절차 | 다옴법무사사무소,부산회생법원 개인파산,court,부산회생법원개인파산,yes,https://xn--2j1br1na42lvxja38mk8r.kr/%EB%B6%80%EC%82%B0%ED%9A%8C%EC%83%9D%EB%B2%95%EC%9B%90%EA%B0%9C%EC%9D%B8%ED%8C%8C%EC%82%B0
/부산가정법원상속포기,부산가정법원 상속포기,부산가정법원 상속포기 절차 | 다옴법무사사무소,부산가정법원 상속포기,court,부산가정법원상속포기,yes,https://xn--2j1br1na42lvxja38mk8r.kr/%EB%B6%80%EC%82%B0%EA%B0%80%EC%A0%95%EB%B2%95%EC%9B%90%EC%83%81%EC%86%8D%ED%8F%AC%EA%B8%B0
/부산가정법원한정승인,부산가정법원 한정승인,부산가정법원 한정승인 절차 | 다옴법무사사무소,부산가정법원 한정승인,court,부산가정법원한정승인,yes,https://xn--2j1br1na42lvxja38mk8r.kr/%EB%B6%80%EC%82%B0%EA%B0%80%EC%A0%95%EB%B2%95%EC%9B%90%ED%95%9C%EC%A0%95%EC%8A%B9%EC%9D%B8
/남부산등기소부동산등기,남부산등기소 부동산등기,남부산등기소 부동산등기 절차 | 다옴법무사사무소,남부산등기소 부동산등기,court,남부산등기소부동산등기,yes,https://xn--2j1br1na42lvxja38mk8r.kr/%EB%82%A8%EB%B6%80%EC%82%B0%EB%93%B1%EA%B8%B0%EC%86%8C%EB%B6%80%EB%8F%99%EC%82%B0%EB%93%B1%EA%B8%B0
/북부산등기소상속등기,북부산등기소 상속등기,북부산등기소 상속등기 절차 | 다옴법무사사무소,북부산등기소 상속등기,court,북부산등기소상속등기,yes,https://xn--2j1br1na42lvxja38mk8r.kr/%EB%B6%81%EB%B6%80%EC%82%B0%EB%93%B1%EA%B8%B0%EC%86%8C%EC%83%81%EC%86%8D%EB%93%B1%EA%B8%B0
/부산진등기소소유권이전등기,부산진등기소 소유권이전등기,부산진등기소 소유권이전등기 절차 | 다옴법무사사무소,부산진등기소 소유권이전등기,court,부산진등기소소유권이전등기,yes,https://xn--2j1br1na42lvxja38mk8r.kr/%EB%B6%80%EC%82%B0%EC%A7%84%EB%93%B1%EA%B8%B0%EC%86%8C%EC%86%8C%EC%9C%A0%EA%B6%8C%EC%9D%B4%EC%A0%84%EB%93%B1%EA%B8%B0
/중구상속포기,중구 상속포기,중구 상속포기 안내 | 다옴법무사사무소,중구 상속포기 안내,local,중구상속포기,yes,https://xn--2j1br1na42lvxja38mk8r.kr/%EC%A4%91%EA%B5%AC%EC%83%81%EC%86%8D%ED%8F%AC%EA%B8%B0
/중구한정승인,중구 한정승인,중구 한정승인 안내 | 다옴법무사사무소,중구 한정승인 안내,local,중구한정승인,yes,https://xn--2j1br1na42lvxja38mk8r.kr/%EC%A4%91%EA%B5%AC%ED%95%9C%EC%A0%95%EC%8A%B9%EC%9D%B8
/서구상속포기,서구 상속포기,서구 상속포기 안내 | 다옴법무사사무소,서구 상속포기 안내,local,서구상속포기,yes,https://xn--2j1br1na42lvxja38mk8r.kr/%EC%84%9C%EA%B5%AC%EC%83%81%EC%86%8D%ED%8F%AC%EA%B8%B0
/서구한정승인,서구 한정승인,서구 한정승인 안내 | 다옴법무사사무소,서구 한정승인 안내,local,서구한정승인,yes,https://xn--2j1br1na42lvxja38mk8r.kr/%EC%84%9C%EA%B5%AC%ED%95%9C%EC%A0%95%EC%8A%B9%EC%9D%B8
/동구상속포기,동구 상속포기,동구 상속포기 안내 | 다옴법무사사무소,동구 상속포기 안내,local,동구상속포기,yes,https://xn--2j1br1na42lvxja38mk8r.kr/%EB%8F%99%EA%B5%AC%EC%83%81%EC%86%8D%ED%8F%AC%EA%B8%B0
/동구한정승인,동구 한정승인,동구 한정승인 안내 | 다옴법무사사무소,동구 한정승인 안내,local,동구한정승인,yes,https://xn--2j1br1na42lvxja38mk8r.kr/%EB%8F%99%EA%B5%AC%ED%95%9C%EC%A0%95%EC%8A%B9%EC%9D%B8
/영도구상속포기,영도구 상속포기,영도구 상속포기 안내 | 다옴법무사사무소,영도구 상속포기 안내,local,영도구상속포기,yes,https://xn--2j1br1na42lvxja38mk8r.kr/%EC%98%81%EB%8F%84%EA%B5%AC%EC%83%81%EC%86%8D%ED%8F%AC%EA%B8%B0
/영도구한정승인,영도구 한정승인,영도구 한정승인 안내 | 다옴법무사사무소,영도구 한정승인 안내,local,영도구한정승인,yes,https://xn--2j1br1na42lvxja38mk8r.kr/%EC%98%81%EB%8F%84%EA%B5%AC%ED%95%9C%EC%A0%95%EC%8A%B9%EC%9D%B8
/동래구법인설립등기,동래구 법인설립등기,동래구 법인설립등기 안내 | 다옴법무사사무소,동래구 법인설립등기 안내,local,동래구법인설립등기,yes,https://xn--2j1br1na42lvxja38mk8r.kr/%EB%8F%99%EB%9E%98%EA%B5%AC%EB%B2%95%EC%9D%B8%EC%84%A4%EB%A6%BD%EB%93%B1%EA%B8%B0
/남구상속포기,남구 상속포기,남구 상속포기 안내 | 다옴법무사사무소,남구 상속포기 안내,local,남구상속포기,yes,https://xn--2j1br1na42lvxja38mk8r.kr/%EB%82%A8%EA%B5%AC%EC%83%81%EC%86%8D%ED%8F%AC%EA%B8%B0
/남구한정승인,남구 한정승인,남구 한정승인 안내 | 다옴법무사사무소,남구 한정승인 안내,local,남구한정승인,yes,https://xn--2j1br1na42lvxja38mk8r.kr/%EB%82%A8%EA%B5%AC%ED%95%9C%EC%A0%95%EC%8A%B9%EC%9D%B8
/북구법인설립등기,북구 법인설립등기,북구 법인설립등기 안내 | 다옴법무사사무소,북구 법인설립등기 안내,local,북구법인설립등기,yes,https://xn--2j1br1na42lvxja38mk8r.kr/%EB%B6%81%EA%B5%AC%EB%B2%95%EC%9D%B8%EC%84%A4%EB%A6%BD%EB%93%B1%EA%B8%B0
/사하구상속포기,사하구 상속포기,사하구 상속포기 안내 | 다옴법무사사무소,사하구 상속포기 안내,local,사하구상속포기,yes,https://xn--2j1br1na42lvxja38mk8r.kr/%EC%82%AC%ED%95%98%EA%B5%AC%EC%83%81%EC%86%8D%ED%8F%AC%EA%B8%B0
/사하구한정승인,사하구 한정승인,사하구 한정승인 안내 | 다옴법무사사무소,사하구 한정승인 안내,local,사하구한정승인,yes,https://xn--2j1br1na42lvxja38mk8r.kr/%EC%82%AC%ED%95%98%EA%B5%AC%ED%95%9C%EC%A0%95%EC%8A%B9%EC%9D%B8
/금정구상속포기,금정구 상속포기,금정구 상속포기 안내 | 다옴법무사사무소,금정구 상속포기 안내,local,금정구상속포기,yes,https://xn--2j1br1na42lvxja38mk8r.kr/%EA%B8%88%EC%A0%95%EA%B5%AC%EC%83%81%EC%86%8D%ED%8F%AC%EA%B8%B0
/강서구상속포기,강서구 상속포기,강서구 상속포기 안내 | 다옴법무사사무소,강서구 상속포기 안내,local,강서구상속포기,yes,https://xn--2j1br1na42lvxja38mk8r.kr/%EA%B0%95%EC%84%9C%EA%B5%AC%EC%83%81%EC%86%8D%ED%8F%AC%EA%B8%B0
/강서구한정승인,강서구 한정승인,강서구 한정승인 안내 | 다옴법무사사무소,강서구 한정승인 안내,local,강서구한정승인,yes,https://xn--2j1br1na42lvxja38mk8r.kr/%EA%B0%95%EC%84%9C%EA%B5%AC%ED%95%9C%EC%A0%95%EC%8A%B9%EC%9D%B8
/수영구임원변경등기,수영구 임원변경등기,수영구 임원변경등기 안내 | 다옴법무사사무소,수영구 임원변경등기 안내,local,수영구임원변경등기,yes,https://xn--2j1br1na42lvxja38mk8r.kr/%EC%88%98%EC%98%81%EA%B5%AC%EC%9E%84%EC%9B%90%EB%B3%80%EA%B2%BD%EB%93%B1%EA%B8%B0
/사상구한정승인,사상구 한정승인,사상구 한정승인 안내 | 다옴법무사사무소,사상구 한정승인 안내,local,사상구한정승인,yes,https://xn--2j1br1na42lvxja38mk8r.kr/%EC%82%AC%EC%83%81%EA%B5%AC%ED%95%9C%EC%A0%95%EC%8A%B9%EC%9D%B8
/연산동법인등기,연산동 법인등기,연산동 법인등기 안내 | 다옴법무사사무소,연산동 법인등기 안내,local,연산동법인등기,yes,https://xn--2j1br1na42lvxja38mk8r.kr/%EC%97%B0%EC%82%B0%EB%8F%99%EB%B2%95%EC%9D%B8%EB%93%B1%EA%B8%B0
/문현동법인등기,문현동 법인등기,문현동 법인등기 안내 | 다옴법무사사무소,문현동 법인등기 안내,local,문현동법인등기,yes,https://xn--2j1br1na42lvxja38mk8r.kr/%EB%AC%B8%ED%98%84%EB%8F%99%EB%B2%95%EC%9D%B8%EB%93%B1%EA%B8%B0
/덕천동개인회생,덕천동 개인회생,덕천동 개인회생 안내 | 다옴법무사사무소,덕천동 개인회생 안내,local,덕천동개인회생,yes,https://xn--2j1br1na42lvxja38mk8r.kr/%EB%8D%95%EC%B2%9C%EB%8F%99%EA%B0%9C%EC%9D%B8%ED%9A%8C%EC%83%9D
/상속포기준비서류,상속포기 준비서류,상속포기 준비서류 안내 | 다옴법무사사무소,상속포기 준비서류 안내,local,상속포기준비서류,yes,https://xn--2j1br1na42lvxja38mk8r.kr/%EC%83%81%EC%86%8D%ED%8F%AC%EA%B8%B0%EC%A4%80%EB%B9%84%EC%84%9C%EB%A5%98
/한정승인준비서류,한정승인 준비서류,한정승인 준비서류 안내 | 다옴법무사사무소,한정승인 준비서류 안내,local,한정승인준비서류,yes,https://xn--2j1br1na42lvxja38mk8r.kr/%ED%95%9C%EC%A0%95%EC%8A%B9%EC%9D%B8%EC%A4%80%EB%B9%84%EC%84%9C%EB%A5%98
/법인등기기간,법인등기 기간,법인등기 기간 안내 | 다옴법무사사무소,법인등기 기간 안내,local,법인등기기간,yes,https://xn--2j1br1na42lvxja38mk8r.kr/%EB%B2%95%EC%9D%B8%EB%93%B1%EA%B8%B0%EA%B8%B0%EA%B0%84
/법인설립등기보수표,법인설립등기 보수표,법인설립등기 보수표 안내 | 다옴법무사사무소,법인설립등기 보수표 안내,cost,법인설립등기보수표,yes,https://xn--2j1br1na42lvxja38mk8r.kr/%EB%B2%95%EC%9D%B8%EC%84%A4%EB%A6%BD%EB%93%B1%EA%B8%B0%EB%B3%B4%EC%88%98%ED%91%9C
/법인설립등기기한,법인설립등기 기한,법인설립등기 기한 안내 | 다옴법무사사무소,법인설립등기 기한 안내,local,법인설립등기기한,yes,https://xn--2j1br1na42lvxja38mk8r.kr/%EB%B2%95%EC%9D%B8%EC%84%A4%EB%A6%BD%EB%93%B1%EA%B8%B0%EA%B8%B0%ED%95%9C
/임원변경등기필요서류,임원변경등기 필요서류,임원변경등기 필요서류 안내 | 다옴법무사사무소,임원변경등기 필요서류 안내,local,임원변경등기필요서류,yes,https://xn--2j1br1na42lvxja38mk8r.kr/%EC%9E%84%EC%9B%90%EB%B3%80%EA%B2%BD%EB%93%B1%EA%B8%B0%ED%95%84%EC%9A%94%EC%84%9C%EB%A5%98
/본점이전등기비용,본점이전등기 비용,본점이전등기 비용 안내 | 다옴법무사사무소,본점이전등기 비용 안내,cost,본점이전등기비용,yes,https://xn--2j1br1na42lvxja38mk8r.kr/%EB%B3%B8%EC%A0%90%EC%9D%B4%EC%A0%84%EB%93%B1%EA%B8%B0%EB%B9%84%EC%9A%A9
/부동산등기과태료,부동산등기 과태료,부동산등기 과태료 안내 | 다옴법무사사무소,부동산등기 과태료 안내,cost,부동산등기과태료,yes,https://xn--2j1br1na42lvxja38mk8r.kr/%EB%B6%80%EB%8F%99%EC%82%B0%EB%93%B1%EA%B8%B0%EA%B3%BC%ED%83%9C%EB%A3%8C
/소유권이전등기기간,소유권이전등기 기간,소유권이전등기 기간 안내 | 다옴법무사사무소,소유권이전등기 기간 안내,local,소유권이전등기기간,yes,https://xn--2j1br1na42lvxja38mk8r.kr/%EC%86%8C%EC%9C%A0%EA%B6%8C%EC%9D%B4%EC%A0%84%EB%93%B1%EA%B8%B0%EA%B8%B0%EA%B0%84
/개인회생과태료,개인회생 과태료,개인회생 과태료 안내 | 다옴법무사사무소,개인회생 과태료 안내,cost,개인회생과태료,yes,https://xn--2j1br1na42lvxja38mk8r.kr/%EA%B0%9C%EC%9D%B8%ED%9A%8C%EC%83%9D%EA%B3%BC%ED%83%9C%EB%A3%8C
/개인파산보수표,개인파산 보수표,개인파산 보수표 안내 | 다옴법무사사무소,개인파산 보수표 안내,cost,개인파산보수표,yes,https://xn--2j1br1na42lvxja38mk8r.kr/%EA%B0%9C%EC%9D%B8%ED%8C%8C%EC%82%B0%EB%B3%B4%EC%88%98%ED%91%9C
/개인파산기한,개인파산 기한,개인파산 기한 안내 | 다옴법무사사무소,개인파산 기한 안내,local,개인파산기한,yes,https://xn--2j1br1na42lvxja38mk8r.kr/%EA%B0%9C%EC%9D%B8%ED%8C%8C%EC%82%B0%EA%B8%B0%ED%95%9C
/부산지방법원동부지원등기과부동산등기,동부지원 등기과 부동산등기,부산지방법원동부지원등기과 부동산등기 절차 | 다옴법무사사무소,부산지방법원동부지원등기과 부동산등기,court,부산지방법원동부지원등기과부동산등기,yes,https://xn--2j1br1na42lvxja38mk8r.kr/%EB%B6%80%EC%82%B0%EC%A7%80%EB%B0%A9%EB%B2%95%EC%9B%90%EB%8F%99%EB%B6%80%EC%A7%80%EC%9B%90%EB%93%B1%EA%B8%B0%EA%B3%BC%EB%B6%80%EB%8F%99%EC%82%B0%EB%93%B1%EA%B8%B0
/남부산등기소소유권이전등기,남부산등기소 소유권이전등기,남부산등기소 소유권이전등기 절차 | 다옴법무사사무소,남부산등기소 소유권이전등기,court,남부산등기소소유권이전등기,yes,https://xn--2j1br1na42lvxja38mk8r.kr/%EB%82%A8%EB%B6%80%EC%82%B0%EB%93%B1%EA%B8%B0%EC%86%8C%EC%86%8C%EC%9C%A0%EA%B6%8C%EC%9D%B4%EC%A0%84%EB%93%B1%EA%B8%B0
/북부산등기소부동산등기,북부산등기소 부동산등기,북부산등기소 부동산등기 절차 | 다옴법무사사무소,북부산등기소 부동산등기,court,북부산등기소부동산등기,yes,https://xn--2j1br1na42lvxja38mk8r.kr/%EB%B6%81%EB%B6%80%EC%82%B0%EB%93%B1%EA%B8%B0%EC%86%8C%EB%B6%80%EB%8F%99%EC%82%B0%EB%93%B1%EA%B8%B0
/중부산등기소부동산등기,중부산등기소 부동산등기,중부산등기소 부동산등기 절차 | 다옴법무사사무소,중부산등기소 부동산등기,court,중부산등기소부동산등기,yes,https://xn--2j1br1na42lvxja38mk8r.kr/%EC%A4%91%EB%B6%80%EC%82%B0%EB%93%B1%EA%B8%B0%EC%86%8C%EB%B6%80%EB%8F%99%EC%82%B0%EB%93%B1%EA%B8%B0
/상속여성법무사,상속 여성 법무사,상속 여성 법무사 | 다옴법무사사무소,상속 여성 법무사,local,상속 여성 법무사,yes,https://xn--2j1br1na42lvxja38mk8r.kr/%EC%83%81%EC%86%8D%EC%97%AC%EC%84%B1%EB%B2%95%EB%AC%B4%EC%82%AC
/부산법원근처법무사,부산 법원 근처 법무사,부산 법원 근처 법무사 | 다옴법무사사무소,부산 법원 근처 법무사,local,부산 법원 근처 법무사,yes,https://xn--2j1br1na42lvxja38mk8r.kr/%EB%B6%80%EC%82%B0%EB%B2%95%EC%9B%90%EA%B7%BC%EC%B2%98%EB%B2%95%EB%AC%B4%EC%82%AC
/등기소근처법무사,등기소 근처 법무사,등기소 근처 법무사 | 관할·위치 확인 - 다옴법무사사무소,등기소 근처 법무사를 찾을 때 먼저 확인할 것,local,등기소 근처 법무사,yes,https://xn--2j1br1na42lvxja38mk8r.kr/%EB%93%B1%EA%B8%B0%EC%86%8C%EA%B7%BC%EC%B2%98%EB%B2%95%EB%AC%B4%EC%82%AC
/중구법인설립등기,중구 법인설립등기,중구 법인설립등기 안내 | 다옴법무사사무소,중구 법인설립등기 안내,local,중구법인설립등기,yes,https://xn--2j1br1na42lvxja38mk8r.kr/%EC%A4%91%EA%B5%AC%EB%B2%95%EC%9D%B8%EC%84%A4%EB%A6%BD%EB%93%B1%EA%B8%B0
/서구법인설립등기,서구 법인설립등기,서구 법인설립등기 안내 | 다옴법무사사무소,서구 법인설립등기 안내,local,서구법인설립등기,yes,https://xn--2j1br1na42lvxja38mk8r.kr/%EC%84%9C%EA%B5%AC%EB%B2%95%EC%9D%B8%EC%84%A4%EB%A6%BD%EB%93%B1%EA%B8%B0
/동구법인설립등기,동구 법인설립등기,동구 법인설립등기 안내 | 다옴법무사사무소,동구 법인설립등기 안내,local,동구법인설립등기,yes,https://xn--2j1br1na42lvxja38mk8r.kr/%EB%8F%99%EA%B5%AC%EB%B2%95%EC%9D%B8%EC%84%A4%EB%A6%BD%EB%93%B1%EA%B8%B0
/영도구법인설립등기,영도구 법인설립등기,영도구 법인설립등기 안내 | 다옴법무사사무소,영도구 법인설립등기 안내,local,영도구법인설립등기,yes,https://xn--2j1br1na42lvxja38mk8r.kr/%EC%98%81%EB%8F%84%EA%B5%AC%EB%B2%95%EC%9D%B8%EC%84%A4%EB%A6%BD%EB%93%B1%EA%B8%B0
/남구법인설립등기,남구 법인설립등기,남구 법인설립등기 안내 | 다옴법무사사무소,남구 법인설립등기 안내,local,남구법인설립등기,yes,https://xn--2j1br1na42lvxja38mk8r.kr/%EB%82%A8%EA%B5%AC%EB%B2%95%EC%9D%B8%EC%84%A4%EB%A6%BD%EB%93%B1%EA%B8%B0
/북구임원변경등기,북구 임원변경등기,북구 임원변경등기 안내 | 다옴법무사사무소,북구 임원변경등기 안내,local,북구임원변경등기,yes,https://xn--2j1br1na42lvxja38mk8r.kr/%EB%B6%81%EA%B5%AC%EC%9E%84%EC%9B%90%EB%B3%80%EA%B2%BD%EB%93%B1%EA%B8%B0
/사하구법인설립등기,사하구 법인설립등기,사하구 법인설립등기 안내 | 다옴법무사사무소,사하구 법인설립등기 안내,local,사하구법인설립등기,yes,https://xn--2j1br1na42lvxja38mk8r.kr/%EC%82%AC%ED%95%98%EA%B5%AC%EB%B2%95%EC%9D%B8%EC%84%A4%EB%A6%BD%EB%93%B1%EA%B8%B0
/금정구법인설립등기,금정구 법인설립등기,금정구 법인설립등기 안내 | 다옴법무사사무소,금정구 법인설립등기 안내,local,금정구법인설립등기,yes,https://xn--2j1br1na42lvxja38mk8r.kr/%EA%B8%88%EC%A0%95%EA%B5%AC%EB%B2%95%EC%9D%B8%EC%84%A4%EB%A6%BD%EB%93%B1%EA%B8%B0
/강서구법인설립등기,강서구 법인설립등기,강서구 법인설립등기 안내 | 다옴법무사사무소,강서구 법인설립등기 안내,local,강서구법인설립등기,yes,https://xn--2j1br1na42lvxja38mk8r.kr/%EA%B0%95%EC%84%9C%EA%B5%AC%EB%B2%95%EC%9D%B8%EC%84%A4%EB%A6%BD%EB%93%B1%EA%B8%B0
/사상구법인설립등기,사상구 법인설립등기,사상구 법인설립등기 안내 | 다옴법무사사무소,사상구 법인설립등기 안내,local,사상구법인설립등기,yes,https://xn--2j1br1na42lvxja38mk8r.kr/%EC%82%AC%EC%83%81%EA%B5%AC%EB%B2%95%EC%9D%B8%EC%84%A4%EB%A6%BD%EB%93%B1%EA%B8%B0
/기장군법인설립등기,기장군 법인설립등기,기장군 법인설립등기 안내 | 다옴법무사사무소,기장군 법인설립등기 안내,local,기장군법인설립등기,yes,https://xn--2j1br1na42lvxja38mk8r.kr/%EA%B8%B0%EC%9E%A5%EA%B5%B0%EB%B2%95%EC%9D%B8%EC%84%A4%EB%A6%BD%EB%93%B1%EA%B8%B0
/연산역상속등기,연산역 상속등기,연산역 상속등기 안내 | 다옴법무사사무소,연산역 상속등기 안내,local,연산역상속등기,yes,https://xn--2j1br1na42lvxja38mk8r.kr/%EC%97%B0%EC%82%B0%EC%97%AD%EC%83%81%EC%86%8D%EB%93%B1%EA%B8%B0
/명지법인등기,명지 법인등기,명지 법인등기 안내 | 다옴법무사사무소,명지 법인등기 안내,local,명지법인등기,yes,https://xn--2j1br1na42lvxja38mk8r.kr/%EB%AA%85%EC%A7%80%EB%B2%95%EC%9D%B8%EB%93%B1%EA%B8%B0
/상속포기기간,상속포기 기간,상속포기 기간 안내 | 다옴법무사사무소,상속포기 기간 안내,local,상속포기기간,yes,https://xn--2j1br1na42lvxja38mk8r.kr/%EC%83%81%EC%86%8D%ED%8F%AC%EA%B8%B0%EA%B8%B0%EA%B0%84
/한정승인기간,한정승인 기간,한정승인 기간 안내 | 다옴법무사사무소,한정승인 기간 안내,local,한정승인기간,yes,https://xn--2j1br1na42lvxja38mk8r.kr/%ED%95%9C%EC%A0%95%EC%8A%B9%EC%9D%B8%EA%B8%B0%EA%B0%84
/법인등기과태료,법인등기 과태료,법인등기 과태료 안내 | 다옴법무사사무소,법인등기 과태료 안내,cost,법인등기과태료,yes,https://xn--2j1br1na42lvxja38mk8r.kr/%EB%B2%95%EC%9D%B8%EB%93%B1%EA%B8%B0%EA%B3%BC%ED%83%9C%EB%A3%8C
/법인설립등기준비서류,법인설립등기 준비서류,법인설립등기 준비서류 안내 | 다옴법무사사무소,법인설립등기 준비서류 안내,local,법인설립등기준비서류,yes,https://xn--2j1br1na42lvxja38mk8r.kr/%EB%B2%95%EC%9D%B8%EC%84%A4%EB%A6%BD%EB%93%B1%EA%B8%B0%EC%A4%80%EB%B9%84%EC%84%9C%EB%A5%98
/임원변경등기보수표,임원변경등기 보수표,임원변경등기 보수표 안내 | 다옴법무사사무소,임원변경등기 보수표 안내,cost,임원변경등기보수표,yes,https://xn--2j1br1na42lvxja38mk8r.kr/%EC%9E%84%EC%9B%90%EB%B3%80%EA%B2%BD%EB%93%B1%EA%B8%B0%EB%B3%B4%EC%88%98%ED%91%9C
/임원변경등기기한,임원변경등기 기한,임원변경등기 기한 안내 | 다옴법무사사무소,임원변경등기 기한 안내,local,임원변경등기기한,yes,https://xn--2j1br1na42lvxja38mk8r.kr/%EC%9E%84%EC%9B%90%EB%B3%80%EA%B2%BD%EB%93%B1%EA%B8%B0%EA%B8%B0%ED%95%9C
/본점이전등기필요서류,본점이전등기 필요서류,본점이전등기 필요서류 안내 | 다옴법무사사무소,본점이전등기 필요서류 안내,local,본점이전등기필요서류,yes,https://xn--2j1br1na42lvxja38mk8r.kr/%EB%B3%B8%EC%A0%90%EC%9D%B4%EC%A0%84%EB%93%B1%EA%B8%B0%ED%95%84%EC%9A%94%EC%84%9C%EB%A5%98
/소유권이전등기과태료,소유권이전등기 과태료,소유권이전등기 과태료 안내 | 다옴법무사사무소,소유권이전등기 과태료 안내,cost,소유권이전등기과태료,yes,https://xn--2j1br1na42lvxja38mk8r.kr/%EC%86%8C%EC%9C%A0%EA%B6%8C%EC%9D%B4%EC%A0%84%EB%93%B1%EA%B8%B0%EA%B3%BC%ED%83%9C%EB%A3%8C
/증여등기비용,증여등기 비용,증여등기 비용 안내 | 다옴법무사사무소,증여등기 비용 안내,cost,증여등기비용,yes,https://xn--2j1br1na42lvxja38mk8r.kr/%EC%A6%9D%EC%97%AC%EB%93%B1%EA%B8%B0%EB%B9%84%EC%9A%A9
/개인파산준비서류,개인파산 준비서류,개인파산 준비서류 안내 | 다옴법무사사무소,개인파산 준비서류 안내,local,개인파산준비서류,yes,https://xn--2j1br1na42lvxja38mk8r.kr/%EA%B0%9C%EC%9D%B8%ED%8C%8C%EC%82%B0%EC%A4%80%EB%B9%84%EC%84%9C%EB%A5%98
/부산지방법원동부지원등기과법인등기,동부지원 등기과 법인등기,부산지방법원동부지원등기과 법인등기 절차 | 다옴법무사사무소,부산지방법원동부지원등기과 법인등기,court,부산지방법원동부지원등기과법인등기,yes,https://xn--2j1br1na42lvxja38mk8r.kr/%EB%B6%80%EC%82%B0%EC%A7%80%EB%B0%A9%EB%B2%95%EC%9B%90%EB%8F%99%EB%B6%80%EC%A7%80%EC%9B%90%EB%93%B1%EA%B8%B0%EA%B3%BC%EB%B2%95%EC%9D%B8%EB%93%B1%EA%B8%B0
/중부산등기소법인등기,중부산등기소 법인등기,중부산등기소 법인등기 절차 | 다옴법무사사무소,중부산등기소 법인등기,court,중부산등기소법인등기,yes,https://xn--2j1br1na42lvxja38mk8r.kr/%EC%A4%91%EB%B6%80%EC%82%B0%EB%93%B1%EA%B8%B0%EC%86%8C%EB%B2%95%EC%9D%B8%EB%93%B1%EA%B8%B0
/서면역법무사,서면역 법무사,서면역 법무사 상담 | 다옴법무사사무소,서면역 법무사 상담,local,서면역 법무사,yes,https://xn--2j1br1na42lvxja38mk8r.kr/%EC%84%9C%EB%A9%B4%EC%97%AD%EB%B2%95%EB%AC%B4%EC%82%AC
/중구임원변경등기,중구 임원변경등기,중구 임원변경등기 안내 | 다옴법무사사무소,중구 임원변경등기 안내,local,중구임원변경등기,yes,https://xn--2j1br1na42lvxja38mk8r.kr/%EC%A4%91%EA%B5%AC%EC%9E%84%EC%9B%90%EB%B3%80%EA%B2%BD%EB%93%B1%EA%B8%B0
/서구임원변경등기,서구 임원변경등기,서구 임원변경등기 안내 | 다옴법무사사무소,서구 임원변경등기 안내,local,서구임원변경등기,yes,https://xn--2j1br1na42lvxja38mk8r.kr/%EC%84%9C%EA%B5%AC%EC%9E%84%EC%9B%90%EB%B3%80%EA%B2%BD%EB%93%B1%EA%B8%B0
/동구임원변경등기,동구 임원변경등기,동구 임원변경등기 안내 | 다옴법무사사무소,동구 임원변경등기 안내,local,동구임원변경등기,yes,https://xn--2j1br1na42lvxja38mk8r.kr/%EB%8F%99%EA%B5%AC%EC%9E%84%EC%9B%90%EB%B3%80%EA%B2%BD%EB%93%B1%EA%B8%B0
/영도구임원변경등기,영도구 임원변경등기,영도구 임원변경등기 안내 | 다옴법무사사무소,영도구 임원변경등기 안내,local,영도구임원변경등기,yes,https://xn--2j1br1na42lvxja38mk8r.kr/%EC%98%81%EB%8F%84%EA%B5%AC%EC%9E%84%EC%9B%90%EB%B3%80%EA%B2%BD%EB%93%B1%EA%B8%B0
/남구임원변경등기,남구 임원변경등기,남구 임원변경등기 안내 | 다옴법무사사무소,남구 임원변경등기 안내,local,남구임원변경등기,yes,https://xn--2j1br1na42lvxja38mk8r.kr/%EB%82%A8%EA%B5%AC%EC%9E%84%EC%9B%90%EB%B3%80%EA%B2%BD%EB%93%B1%EA%B8%B0
/사하구임원변경등기,사하구 임원변경등기,사하구 임원변경등기 안내 | 다옴법무사사무소,사하구 임원변경등기 안내,local,사하구임원변경등기,yes,https://xn--2j1br1na42lvxja38mk8r.kr/%EC%82%AC%ED%95%98%EA%B5%AC%EC%9E%84%EC%9B%90%EB%B3%80%EA%B2%BD%EB%93%B1%EA%B8%B0
/금정구임원변경등기,금정구 임원변경등기,금정구 임원변경등기 안내 | 다옴법무사사무소,금정구 임원변경등기 안내,local,금정구임원변경등기,yes,https://xn--2j1br1na42lvxja38mk8r.kr/%EA%B8%88%EC%A0%95%EA%B5%AC%EC%9E%84%EC%9B%90%EB%B3%80%EA%B2%BD%EB%93%B1%EA%B8%B0
/강서구임원변경등기,강서구 임원변경등기,강서구 임원변경등기 안내 | 다옴법무사사무소,강서구 임원변경등기 안내,local,강서구임원변경등기,yes,https://xn--2j1br1na42lvxja38mk8r.kr/%EA%B0%95%EC%84%9C%EA%B5%AC%EC%9E%84%EC%9B%90%EB%B3%80%EA%B2%BD%EB%93%B1%EA%B8%B0
/사상구임원변경등기,사상구 임원변경등기,사상구 임원변경등기 안내 | 다옴법무사사무소,사상구 임원변경등기 안내,local,사상구임원변경등기,yes,https://xn--2j1br1na42lvxja38mk8r.kr/%EC%82%AC%EC%83%81%EA%B5%AC%EC%9E%84%EC%9B%90%EB%B3%80%EA%B2%BD%EB%93%B1%EA%B8%B0
/기장군임원변경등기,기장군 임원변경등기,기장군 임원변경등기 안내 | 다옴법무사사무소,기장군 임원변경등기 안내,local,기장군임원변경등기,yes,https://xn--2j1br1na42lvxja38mk8r.kr/%EA%B8%B0%EC%9E%A5%EA%B5%B0%EC%9E%84%EC%9B%90%EB%B3%80%EA%B2%BD%EB%93%B1%EA%B8%B0
/재송동상속등기,재송동 상속등기,재송동 상속등기 안내 | 다옴법무사사무소,재송동 상속등기 안내,local,재송동상속등기,yes,https://xn--2j1br1na42lvxja38mk8r.kr/%EC%9E%AC%EC%86%A1%EB%8F%99%EC%83%81%EC%86%8D%EB%93%B1%EA%B8%B0
/반여동상속등기,반여동 상속등기,반여동 상속등기 안내 | 다옴법무사사무소,반여동 상속등기 안내,local,반여동상속등기,yes,https://xn--2j1br1na42lvxja38mk8r.kr/%EB%B0%98%EC%97%AC%EB%8F%99%EC%83%81%EC%86%8D%EB%93%B1%EA%B8%B0
/좌동상속등기,좌동 상속등기,좌동 상속등기 안내 | 다옴법무사사무소,좌동 상속등기 안내,local,좌동상속등기,yes,https://xn--2j1br1na42lvxja38mk8r.kr/%EC%A2%8C%EB%8F%99%EC%83%81%EC%86%8D%EB%93%B1%EA%B8%B0
/송정동상속등기,송정동 상속등기,송정동 상속등기 안내 | 다옴법무사사무소,송정동 상속등기 안내,local,송정동상속등기,yes,https://xn--2j1br1na42lvxja38mk8r.kr/%EC%86%A1%EC%A0%95%EB%8F%99%EC%83%81%EC%86%8D%EB%93%B1%EA%B8%B0
/남천동상속등기,남천동 상속등기,남천동 상속등기 안내 | 다옴법무사사무소,남천동 상속등기 안내,local,남천동상속등기,yes,https://xn--2j1br1na42lvxja38mk8r.kr/%EB%82%A8%EC%B2%9C%EB%8F%99%EC%83%81%EC%86%8D%EB%93%B1%EA%B8%B0
/거제동상속등기,거제동 상속등기,거제동 상속등기 안내 | 다옴법무사사무소,거제동 상속등기 안내,local,거제동상속등기,yes,https://xn--2j1br1na42lvxja38mk8r.kr/%EA%B1%B0%EC%A0%9C%EB%8F%99%EC%83%81%EC%86%8D%EB%93%B1%EA%B8%B0
/양정동상속등기,양정동 상속등기,양정동 상속등기 안내 | 다옴법무사사무소,양정동 상속등기 안내,local,양정동상속등기,yes,https://xn--2j1br1na42lvxja38mk8r.kr/%EC%96%91%EC%A0%95%EB%8F%99%EC%83%81%EC%86%8D%EB%93%B1%EA%B8%B0
/대연동상속등기,대연동 상속등기,대연동 상속등기 안내 | 다옴법무사사무소,대연동 상속등기 안내,local,대연동상속등기,yes,https://xn--2j1br1na42lvxja38mk8r.kr/%EB%8C%80%EC%97%B0%EB%8F%99%EC%83%81%EC%86%8D%EB%93%B1%EA%B8%B0
/기장상속등기,기장 상속등기,기장 상속등기 안내 | 다옴법무사사무소,기장 상속등기 안내,local,기장상속등기,yes,https://xn--2j1br1na42lvxja38mk8r.kr/%EA%B8%B0%EC%9E%A5%EC%83%81%EC%86%8D%EB%93%B1%EA%B8%B0
/사직동상속등기,사직동 상속등기,사직동 상속등기 안내 | 다옴법무사사무소,사직동 상속등기 안내,local,사직동상속등기,yes,https://xn--2j1br1na42lvxja38mk8r.kr/%EC%82%AC%EC%A7%81%EB%8F%99%EC%83%81%EC%86%8D%EB%93%B1%EA%B8%B0
/온천동상속등기,온천동 상속등기,온천동 상속등기 안내 | 다옴법무사사무소,온천동 상속등기 안내,local,온천동상속등기,yes,https://xn--2j1br1na42lvxja38mk8r.kr/%EC%98%A8%EC%B2%9C%EB%8F%99%EC%83%81%EC%86%8D%EB%93%B1%EA%B8%B0
/부곡동상속등기,부곡동 상속등기,부곡동 상속등기 안내 | 다옴법무사사무소,부곡동 상속등기 안내,local,부곡동상속등기,yes,https://xn--2j1br1na42lvxja38mk8r.kr/%EB%B6%80%EA%B3%A1%EB%8F%99%EC%83%81%EC%86%8D%EB%93%B1%EA%B8%B0
/해운대역부동산등기,해운대역 부동산등기,해운대역 부동산등기 안내 | 다옴법무사사무소,해운대역 부동산등기 안내,local,해운대역부동산등기,yes,https://xn--2j1br1na42lvxja38mk8r.kr/%ED%95%B4%EC%9A%B4%EB%8C%80%EC%97%AD%EB%B6%80%EB%8F%99%EC%82%B0%EB%93%B1%EA%B8%B0
/사상역개인회생,사상역 개인회생,사상역 개인회생 안내 | 다옴법무사사무소,사상역 개인회생 안내,local,사상역개인회생,yes,https://xn--2j1br1na42lvxja38mk8r.kr/%EC%82%AC%EC%83%81%EC%97%AD%EA%B0%9C%EC%9D%B8%ED%9A%8C%EC%83%9D
/부산역부동산등기,부산역 부동산등기,부산역 부동산등기 안내 | 다옴법무사사무소,부산역 부동산등기 안내,local,부산역부동산등기,yes,https://xn--2j1br1na42lvxja38mk8r.kr/%EB%B6%80%EC%82%B0%EC%97%AD%EB%B6%80%EB%8F%99%EC%82%B0%EB%93%B1%EA%B8%B0
/녹산국가산단법인등기,녹산국가산단 법인등기,녹산국가산단 법인등기 안내 | 다옴법무사사무소,녹산국가산단 법인등기 안내,local,녹산국가산단법인등기,yes,https://xn--2j1br1na42lvxja38mk8r.kr/%EB%85%B9%EC%82%B0%EA%B5%AD%EA%B0%80%EC%82%B0%EB%8B%A8%EB%B2%95%EC%9D%B8%EB%93%B1%EA%B8%B0
/상속포기과태료,상속포기 과태료,상속포기 과태료 안내 | 다옴법무사사무소,상속포기 과태료 안내,cost,상속포기과태료,yes,https://xn--2j1br1na42lvxja38mk8r.kr/%EC%83%81%EC%86%8D%ED%8F%AC%EA%B8%B0%EA%B3%BC%ED%83%9C%EB%A3%8C
/한정승인과태료,한정승인 과태료,한정승인 과태료 안내 | 다옴법무사사무소,한정승인 과태료 안내,cost,한정승인과태료,yes,https://xn--2j1br1na42lvxja38mk8r.kr/%ED%95%9C%EC%A0%95%EC%8A%B9%EC%9D%B8%EA%B3%BC%ED%83%9C%EB%A3%8C
/법인설립등기기간,법인설립등기 기간,법인설립등기 기간 안내 | 다옴법무사사무소,법인설립등기 기간 안내,local,법인설립등기기간,yes,https://xn--2j1br1na42lvxja38mk8r.kr/%EB%B2%95%EC%9D%B8%EC%84%A4%EB%A6%BD%EB%93%B1%EA%B8%B0%EA%B8%B0%EA%B0%84
/임원변경등기준비서류,임원변경등기 준비서류,임원변경등기 준비서류 안내 | 다옴법무사사무소,임원변경등기 준비서류 안내,local,임원변경등기준비서류,yes,https://xn--2j1br1na42lvxja38mk8r.kr/%EC%9E%84%EC%9B%90%EB%B3%80%EA%B2%BD%EB%93%B1%EA%B8%B0%EC%A4%80%EB%B9%84%EC%84%9C%EB%A5%98
/본점이전등기보수표,본점이전등기 보수표,본점이전등기 보수표 안내 | 다옴법무사사무소,본점이전등기 보수표 안내,cost,본점이전등기보수표,yes,https://xn--2j1br1na42lvxja38mk8r.kr/%EB%B3%B8%EC%A0%90%EC%9D%B4%EC%A0%84%EB%93%B1%EA%B8%B0%EB%B3%B4%EC%88%98%ED%91%9C
/본점이전등기기한,본점이전등기 기한,본점이전등기 기한 안내 | 다옴법무사사무소,본점이전등기 기한 안내,local,본점이전등기기한,yes,https://xn--2j1br1na42lvxja38mk8r.kr/%EB%B3%B8%EC%A0%90%EC%9D%B4%EC%A0%84%EB%93%B1%EA%B8%B0%EA%B8%B0%ED%95%9C
/증여등기필요서류,증여등기 필요서류,증여등기 필요서류 안내 | 다옴법무사사무소,증여등기 필요서류 안내,local,증여등기필요서류,yes,https://xn--2j1br1na42lvxja38mk8r.kr/%EC%A6%9D%EC%97%AC%EB%93%B1%EA%B8%B0%ED%95%84%EC%9A%94%EC%84%9C%EB%A5%98
/근저당말소비용,근저당말소 비용,근저당말소 비용 안내 | 다옴법무사사무소,근저당말소 비용 안내,cost,근저당말소비용,yes,https://xn--2j1br1na42lvxja38mk8r.kr/%EA%B7%BC%EC%A0%80%EB%8B%B9%EB%A7%90%EC%86%8C%EB%B9%84%EC%9A%A9
/개인파산기간,개인파산 기간,개인파산 기간 안내 | 다옴법무사사무소,개인파산 기간 안내,local,개인파산기간,yes,https://xn--2j1br1na42lvxja38mk8r.kr/%EA%B0%9C%EC%9D%B8%ED%8C%8C%EC%82%B0%EA%B8%B0%EA%B0%84
/선박등기비용,선박등기 비용,선박등기 비용 안내 | 다옴법무사사무소,선박등기 비용 안내,cost,선박등기비용,yes,https://xn--2j1br1na42lvxja38mk8r.kr/%EC%84%A0%EB%B0%95%EB%93%B1%EA%B8%B0%EB%B9%84%EC%9A%A9
/부산지방법원등기국법무사,부산지방법원 등기국 법무사,부산지방법원등기국 법무사 상담 | 다옴법무사사무소,부산지방법원 등기국 인근 법무사,court,부산지방법원등기국 법무사,yes,https://xn--2j1br1na42lvxja38mk8r.kr/%EB%B6%80%EC%82%B0%EC%A7%80%EB%B0%A9%EB%B2%95%EC%9B%90%EB%93%B1%EA%B8%B0%EA%B5%AD%EB%B2%95%EB%AC%B4%EC%82%AC
/부산가정법원법무사,부산가정법원 법무사,부산가정법원 법무사 상담 | 다옴법무사사무소,부산가정법원 인근 법무사,court,부산가정법원 법무사,yes,https://xn--2j1br1na42lvxja38mk8r.kr/%EB%B6%80%EC%82%B0%EA%B0%80%EC%A0%95%EB%B2%95%EC%9B%90%EB%B2%95%EB%AC%B4%EC%82%AC
/개인회생여성법무사,개인회생 여성 법무사,개인회생 여성 법무사 | 다옴법무사사무소,개인회생 여성 법무사,local,개인회생 여성 법무사,yes,https://xn--2j1br1na42lvxja38mk8r.kr/%EA%B0%9C%EC%9D%B8%ED%9A%8C%EC%83%9D%EC%97%AC%EC%84%B1%EB%B2%95%EB%AC%B4%EC%82%AC
/반여동부동산등기,반여동 부동산등기,반여동 부동산등기 안내 | 다옴법무사사무소,반여동 부동산등기 안내,local,반여동부동산등기,yes,https://xn--2j1br1na42lvxja38mk8r.kr/%EB%B0%98%EC%97%AC%EB%8F%99%EB%B6%80%EB%8F%99%EC%82%B0%EB%93%B1%EA%B8%B0
/우동부동산등기,우동 부동산등기,우동 부동산등기 안내 | 다옴법무사사무소,우동 부동산등기 안내,local,우동부동산등기,yes,https://xn--2j1br1na42lvxja38mk8r.kr/%EC%9A%B0%EB%8F%99%EB%B6%80%EB%8F%99%EC%82%B0%EB%93%B1%EA%B8%B0
/중동부동산등기,중동 부동산등기,중동 부동산등기 안내 | 다옴법무사사무소,중동 부동산등기 안내,local,중동부동산등기,yes,https://xn--2j1br1na42lvxja38mk8r.kr/%EC%A4%91%EB%8F%99%EB%B6%80%EB%8F%99%EC%82%B0%EB%93%B1%EA%B8%B0
/민락동부동산등기,민락동 부동산등기,민락동 부동산등기 안내 | 다옴법무사사무소,민락동 부동산등기 안내,local,민락동부동산등기,yes,https://xn--2j1br1na42lvxja38mk8r.kr/%EB%AF%BC%EB%9D%BD%EB%8F%99%EB%B6%80%EB%8F%99%EC%82%B0%EB%93%B1%EA%B8%B0
/전포동부동산등기,전포동 부동산등기,전포동 부동산등기 안내 | 다옴법무사사무소,전포동 부동산등기 안내,local,전포동부동산등기,yes,https://xn--2j1br1na42lvxja38mk8r.kr/%EC%A0%84%ED%8F%AC%EB%8F%99%EB%B6%80%EB%8F%99%EC%82%B0%EB%93%B1%EA%B8%B0
/명지동부동산등기,명지동 부동산등기,명지동 부동산등기 안내 | 다옴법무사사무소,명지동 부동산등기 안내,local,명지동부동산등기,yes,https://xn--2j1br1na42lvxja38mk8r.kr/%EB%AA%85%EC%A7%80%EB%8F%99%EB%B6%80%EB%8F%99%EC%82%B0%EB%93%B1%EA%B8%B0
/에코델타시티법인설립등기,에코델타시티 법인설립등기,에코델타시티 법인설립등기 안내 | 다옴법무사사무소,에코델타시티 법인설립등기 안내,local,에코델타시티법인설립등기,yes,https://xn--2j1br1na42lvxja38mk8r.kr/%EC%97%90%EC%BD%94%EB%8D%B8%ED%83%80%EC%8B%9C%ED%8B%B0%EB%B2%95%EC%9D%B8%EC%84%A4%EB%A6%BD%EB%93%B1%EA%B8%B0
/화명동부동산등기,화명동 부동산등기,화명동 부동산등기 안내 | 다옴법무사사무소,화명동 부동산등기 안내,local,화명동부동산등기,yes,https://xn--2j1br1na42lvxja38mk8r.kr/%ED%99%94%EB%AA%85%EB%8F%99%EB%B6%80%EB%8F%99%EC%82%B0%EB%93%B1%EA%B8%B0
/장전동부동산등기,장전동 부동산등기,장전동 부동산등기 안내 | 다옴법무사사무소,장전동 부동산등기 안내,local,장전동부동산등기,yes,https://xn--2j1br1na42lvxja38mk8r.kr/%EC%9E%A5%EC%A0%84%EB%8F%99%EB%B6%80%EB%8F%99%EC%82%B0%EB%93%B1%EA%B8%B0
/명지법인설립등기,명지 법인설립등기,명지 법인설립등기 안내 | 다옴법무사사무소,명지 법인설립등기 안내,local,명지법인설립등기,yes,https://xn--2j1br1na42lvxja38mk8r.kr/%EB%AA%85%EC%A7%80%EB%B2%95%EC%9D%B8%EC%84%A4%EB%A6%BD%EB%93%B1%EA%B8%B0
/문현금융단지임원변경등기,문현금융단지 임원변경등기,문현금융단지 임원변경등기 안내 | 다옴법무사사무소,문현금융단지 임원변경등기 안내,local,문현금융단지임원변경등기,yes,https://xn--2j1br1na42lvxja38mk8r.kr/%EB%AC%B8%ED%98%84%EA%B8%88%EC%9C%B5%EB%8B%A8%EC%A7%80%EC%9E%84%EC%9B%90%EB%B3%80%EA%B2%BD%EB%93%B1%EA%B8%B0
/법인설립등기과태료,법인설립등기 과태료,법인설립등기 과태료 안내 | 다옴법무사사무소,법인설립등기 과태료 안내,cost,법인설립등기과태료,yes,https://xn--2j1br1na42lvxja38mk8r.kr/%EB%B2%95%EC%9D%B8%EC%84%A4%EB%A6%BD%EB%93%B1%EA%B8%B0%EA%B3%BC%ED%83%9C%EB%A3%8C
/임원변경등기기간,임원변경등기 기간,임원변경등기 기간 안내 | 다옴법무사사무소,임원변경등기 기간 안내,local,임원변경등기기간,yes,https://xn--2j1br1na42lvxja38mk8r.kr/%EC%9E%84%EC%9B%90%EB%B3%80%EA%B2%BD%EB%93%B1%EA%B8%B0%EA%B8%B0%EA%B0%84
/본점이전등기준비서류,본점이전등기 준비서류,본점이전등기 준비서류 안내 | 다옴법무사사무소,본점이전등기 준비서류 안내,local,본점이전등기준비서류,yes,https://xn--2j1br1na42lvxja38mk8r.kr/%EB%B3%B8%EC%A0%90%EC%9D%B4%EC%A0%84%EB%93%B1%EA%B8%B0%EC%A4%80%EB%B9%84%EC%84%9C%EB%A5%98
/증여등기보수표,증여등기 보수표,증여등기 보수표 안내 | 다옴법무사사무소,증여등기 보수표 안내,cost,증여등기보수표,yes,https://xn--2j1br1na42lvxja38mk8r.kr/%EC%A6%9D%EC%97%AC%EB%93%B1%EA%B8%B0%EB%B3%B4%EC%88%98%ED%91%9C
/증여등기기한,증여등기 기한,증여등기 기한 안내 | 다옴법무사사무소,증여등기 기한 안내,local,증여등기기한,yes,https://xn--2j1br1na42lvxja38mk8r.kr/%EC%A6%9D%EC%97%AC%EB%93%B1%EA%B8%B0%EA%B8%B0%ED%95%9C
/근저당말소필요서류,근저당말소 필요서류,근저당말소 필요서류 안내 | 다옴법무사사무소,근저당말소 필요서류 안내,local,근저당말소필요서류,yes,https://xn--2j1br1na42lvxja38mk8r.kr/%EA%B7%BC%EC%A0%80%EB%8B%B9%EB%A7%90%EC%86%8C%ED%95%84%EC%9A%94%EC%84%9C%EB%A5%98
/전세권설정비용,전세권설정 비용,전세권설정 비용 안내 | 다옴법무사사무소,전세권설정 비용 안내,cost,전세권설정비용,yes,https://xn--2j1br1na42lvxja38mk8r.kr/%EC%A0%84%EC%84%B8%EA%B6%8C%EC%84%A4%EC%A0%95%EB%B9%84%EC%9A%A9
/개인파산과태료,개인파산 과태료,개인파산 과태료 안내 | 다옴법무사사무소,개인파산 과태료 안내,cost,개인파산과태료,yes,https://xn--2j1br1na42lvxja38mk8r.kr/%EA%B0%9C%EC%9D%B8%ED%8C%8C%EC%82%B0%EA%B3%BC%ED%83%9C%EB%A3%8C
/선박등기필요서류,선박등기 필요서류,선박등기 필요서류 안내 | 다옴법무사사무소,선박등기 필요서류 안내,local,선박등기필요서류,yes,https://xn--2j1br1na42lvxja38mk8r.kr/%EC%84%A0%EB%B0%95%EB%93%B1%EA%B8%B0%ED%95%84%EC%9A%94%EC%84%9C%EB%A5%98
/재개발등기비용,재개발등기 비용,재개발등기 비용 안내 | 다옴법무사사무소,재개발등기 비용 안내,cost,재개발등기비용,yes,https://xn--2j1br1na42lvxja38mk8r.kr/%EC%9E%AC%EA%B0%9C%EB%B0%9C%EB%93%B1%EA%B8%B0%EB%B9%84%EC%9A%A9
/재건축등기비용,재건축등기 비용,재건축등기 비용 안내 | 다옴법무사사무소,재건축등기 비용 안내,cost,재건축등기비용,yes,https://xn--2j1br1na42lvxja38mk8r.kr/%EC%9E%AC%EA%B1%B4%EC%B6%95%EB%93%B1%EA%B8%B0%EB%B9%84%EC%9A%A9
/센텀시티역법무사,센텀시티역 법무사,센텀시티역 법무사 상담 | 다옴법무사사무소,센텀시티역 법무사 상담,local,센텀시티역 법무사,yes,https://xn--2j1br1na42lvxja38mk8r.kr/%EC%84%BC%ED%85%80%EC%8B%9C%ED%8B%B0%EC%97%AD%EB%B2%95%EB%AC%B4%EC%82%AC
/수영구전세권설정,수영구 전세권설정,수영구 전세권설정 안내 | 다옴법무사사무소,수영구 전세권설정 안내,local,수영구전세권설정,yes,https://xn--2j1br1na42lvxja38mk8r.kr/%EC%88%98%EC%98%81%EA%B5%AC%EC%A0%84%EC%84%B8%EA%B6%8C%EC%84%A4%EC%A0%95
/재송동소유권이전등기,재송동 소유권이전등기,재송동 소유권이전등기 안내 | 다옴법무사사무소,재송동 소유권이전등기 안내,local,재송동소유권이전등기,yes,https://xn--2j1br1na42lvxja38mk8r.kr/%EC%9E%AC%EC%86%A1%EB%8F%99%EC%86%8C%EC%9C%A0%EA%B6%8C%EC%9D%B4%EC%A0%84%EB%93%B1%EA%B8%B0
/우동소유권이전등기,우동 소유권이전등기,우동 소유권이전등기 안내 | 다옴법무사사무소,우동 소유권이전등기 안내,local,우동소유권이전등기,yes,https://xn--2j1br1na42lvxja38mk8r.kr/%EC%9A%B0%EB%8F%99%EC%86%8C%EC%9C%A0%EA%B6%8C%EC%9D%B4%EC%A0%84%EB%93%B1%EA%B8%B0
/좌동소유권이전등기,좌동 소유권이전등기,좌동 소유권이전등기 안내 | 다옴법무사사무소,좌동 소유권이전등기 안내,local,좌동소유권이전등기,yes,https://xn--2j1br1na42lvxja38mk8r.kr/%EC%A2%8C%EB%8F%99%EC%86%8C%EC%9C%A0%EA%B6%8C%EC%9D%B4%EC%A0%84%EB%93%B1%EA%B8%B0
/부전동소유권이전등기,부전동 소유권이전등기,부전동 소유권이전등기 안내 | 다옴법무사사무소,부전동 소유권이전등기 안내,local,부전동소유권이전등기,yes,https://xn--2j1br1na42lvxja38mk8r.kr/%EB%B6%80%EC%A0%84%EB%8F%99%EC%86%8C%EC%9C%A0%EA%B6%8C%EC%9D%B4%EC%A0%84%EB%93%B1%EA%B8%B0
/문현동본점이전등기,문현동 본점이전등기,문현동 본점이전등기 안내 | 다옴법무사사무소,문현동 본점이전등기 안내,local,문현동본점이전등기,yes,https://xn--2j1br1na42lvxja38mk8r.kr/%EB%AC%B8%ED%98%84%EB%8F%99%EB%B3%B8%EC%A0%90%EC%9D%B4%EC%A0%84%EB%93%B1%EA%B8%B0
/명례산업단지임원변경등기,명례산업단지 임원변경등기,명례산업단지 임원변경등기 안내 | 다옴법무사사무소,명례산업단지 임원변경등기 안내,local,명례산업단지임원변경등기,yes,https://xn--2j1br1na42lvxja38mk8r.kr/%EB%AA%85%EB%A1%80%EC%82%B0%EC%97%85%EB%8B%A8%EC%A7%80%EC%9E%84%EC%9B%90%EB%B3%80%EA%B2%BD%EB%93%B1%EA%B8%B0
/녹산국가산단법인설립등기,녹산국가산단 법인설립등기,녹산국가산단 법인설립등기 안내 | 다옴법무사사무소,녹산국가산단 법인설립등기 안내,local,녹산국가산단법인설립등기,yes,https://xn--2j1br1na42lvxja38mk8r.kr/%EB%85%B9%EC%82%B0%EA%B5%AD%EA%B0%80%EC%82%B0%EB%8B%A8%EB%B2%95%EC%9D%B8%EC%84%A4%EB%A6%BD%EB%93%B1%EA%B8%B0
/본점이전등기기간,본점이전등기 기간,본점이전등기 기간 안내 | 다옴법무사사무소,본점이전등기 기간 안내,local,본점이전등기기간,yes,https://xn--2j1br1na42lvxja38mk8r.kr/%EB%B3%B8%EC%A0%90%EC%9D%B4%EC%A0%84%EB%93%B1%EA%B8%B0%EA%B8%B0%EA%B0%84
/증여등기준비서류,증여등기 준비서류,증여등기 준비서류 안내 | 다옴법무사사무소,증여등기 준비서류 안내,local,증여등기준비서류,yes,https://xn--2j1br1na42lvxja38mk8r.kr/%EC%A6%9D%EC%97%AC%EB%93%B1%EA%B8%B0%EC%A4%80%EB%B9%84%EC%84%9C%EB%A5%98
/근저당말소보수표,근저당말소 보수표,근저당말소 보수표 안내 | 다옴법무사사무소,근저당말소 보수표 안내,cost,근저당말소보수표,yes,https://xn--2j1br1na42lvxja38mk8r.kr/%EA%B7%BC%EC%A0%80%EB%8B%B9%EB%A7%90%EC%86%8C%EB%B3%B4%EC%88%98%ED%91%9C
/근저당말소기한,근저당말소 기한,근저당말소 기한 안내 | 다옴법무사사무소,근저당말소 기한 안내,local,근저당말소기한,yes,https://xn--2j1br1na42lvxja38mk8r.kr/%EA%B7%BC%EC%A0%80%EB%8B%B9%EB%A7%90%EC%86%8C%EA%B8%B0%ED%95%9C
/전세권설정필요서류,전세권설정 필요서류,전세권설정 필요서류 안내 | 다옴법무사사무소,전세권설정 필요서류 안내,local,전세권설정필요서류,yes,https://xn--2j1br1na42lvxja38mk8r.kr/%EC%A0%84%EC%84%B8%EA%B6%8C%EC%84%A4%EC%A0%95%ED%95%84%EC%9A%94%EC%84%9C%EB%A5%98
/임차권등기명령비용,임차권등기명령 비용,임차권등기명령 비용 안내 | 다옴법무사사무소,임차권등기명령 비용 안내,cost,임차권등기명령비용,yes,https://xn--2j1br1na42lvxja38mk8r.kr/%EC%9E%84%EC%B0%A8%EA%B6%8C%EB%93%B1%EA%B8%B0%EB%AA%85%EB%A0%B9%EB%B9%84%EC%9A%A9
/선박등기보수표,선박등기 보수표,선박등기 보수표 안내 | 다옴법무사사무소,선박등기 보수표 안내,cost,선박등기보수표,yes,https://xn--2j1br1na42lvxja38mk8r.kr/%EC%84%A0%EB%B0%95%EB%93%B1%EA%B8%B0%EB%B3%B4%EC%88%98%ED%91%9C
/선박등기기한,선박등기 기한,선박등기 기한 안내 | 다옴법무사사무소,선박등기 기한 안내,local,선박등기기한,yes,https://xn--2j1br1na42lvxja38mk8r.kr/%EC%84%A0%EB%B0%95%EB%93%B1%EA%B8%B0%EA%B8%B0%ED%95%9C
/재개발등기필요서류,재개발등기 필요서류,재개발등기 필요서류 안내 | 다옴법무사사무소,재개발등기 필요서류 안내,local,재개발등기필요서류,yes,https://xn--2j1br1na42lvxja38mk8r.kr/%EC%9E%AC%EA%B0%9C%EB%B0%9C%EB%93%B1%EA%B8%B0%ED%95%84%EC%9A%94%EC%84%9C%EB%A5%98
/재건축등기필요서류,재건축등기 필요서류,재건축등기 필요서류 안내 | 다옴법무사사무소,재건축등기 필요서류 안내,local,재건축등기필요서류,yes,https://xn--2j1br1na42lvxja38mk8r.kr/%EC%9E%AC%EA%B1%B4%EC%B6%95%EB%93%B1%EA%B8%B0%ED%95%84%EC%9A%94%EC%84%9C%EB%A5%98
/중부산등기소임원변경등기,중부산등기소 임원변경등기,중부산등기소 임원변경등기 절차 | 다옴법무사사무소,중부산등기소 임원변경등기,court,중부산등기소임원변경등기,yes,https://xn--2j1br1na42lvxja38mk8r.kr/%EC%A4%91%EB%B6%80%EC%82%B0%EB%93%B1%EA%B8%B0%EC%86%8C%EC%9E%84%EC%9B%90%EB%B3%80%EA%B2%BD%EB%93%B1%EA%B8%B0
/부산선박등기,부산 선박등기,부산 선박등기 | 다옴법무사사무소,부산 선박등기,realEstate,부산 선박등기,yes,https://xn--2j1br1na42lvxja38mk8r.kr/%EB%B6%80%EC%82%B0%EC%84%A0%EB%B0%95%EB%93%B1%EA%B8%B0
/녹산산업단지법인등기,녹산산업단지 법인등기,녹산산업단지 법인등기 | 다옴법무사사무소,녹산산업단지 법인등기,businessDistrict,녹산산업단지법인등기,yes,https://xn--2j1br1na42lvxja38mk8r.kr/%EB%85%B9%EC%82%B0%EC%82%B0%EC%97%85%EB%8B%A8%EC%A7%80%EB%B2%95%EC%9D%B8%EB%93%B1%EA%B8%B0
/동부지원상속등기,동부지원 상속등기,동부지원 상속등기 | 다옴법무사사무소,동부지원 상속등기,court,동부지원상속등기,yes,https://xn--2j1br1na42lvxja38mk8r.kr/%EB%8F%99%EB%B6%80%EC%A7%80%EC%9B%90%EC%83%81%EC%86%8D%EB%93%B1%EA%B8%B0
/영도구선박등기,영도구 선박등기,영도구 선박등기 안내 | 다옴법무사사무소,영도구 선박등기 안내,local,영도구선박등기,yes,https://xn--2j1br1na42lvxja38mk8r.kr/%EC%98%81%EB%8F%84%EA%B5%AC%EC%84%A0%EB%B0%95%EB%93%B1%EA%B8%B0
/동래구재건축등기,동래구 재건축등기,동래구 재건축등기 안내 | 다옴법무사사무소,동래구 재건축등기 안내,local,동래구재건축등기,yes,https://xn--2j1br1na42lvxja38mk8r.kr/%EB%8F%99%EB%9E%98%EA%B5%AC%EC%9E%AC%EA%B1%B4%EC%B6%95%EB%93%B1%EA%B8%B0
/강서구선박등기,강서구 선박등기,강서구 선박등기 안내 | 다옴법무사사무소,강서구 선박등기 안내,local,강서구선박등기,yes,https://xn--2j1br1na42lvxja38mk8r.kr/%EA%B0%95%EC%84%9C%EA%B5%AC%EC%84%A0%EB%B0%95%EB%93%B1%EA%B8%B0
/부곡동한정승인,부곡동 한정승인,부곡동 한정승인 안내 | 다옴법무사사무소,부곡동 한정승인 안내,local,부곡동한정승인,yes,https://xn--2j1br1na42lvxja38mk8r.kr/%EB%B6%80%EA%B3%A1%EB%8F%99%ED%95%9C%EC%A0%95%EC%8A%B9%EC%9D%B8
/명지역법인설립등기,명지역 법인설립등기,명지역 법인설립등기 안내 | 다옴법무사사무소,명지역 법인설립등기 안내,local,명지역법인설립등기,yes,https://xn--2j1br1na42lvxja38mk8r.kr/%EB%AA%85%EC%A7%80%EC%97%AD%EB%B2%95%EC%9D%B8%EC%84%A4%EB%A6%BD%EB%93%B1%EA%B8%B0
/본점이전등기과태료,본점이전등기 과태료,본점이전등기 과태료 안내 | 다옴법무사사무소,본점이전등기 과태료 안내,cost,본점이전등기과태료,yes,https://xn--2j1br1na42lvxja38mk8r.kr/%EB%B3%B8%EC%A0%90%EC%9D%B4%EC%A0%84%EB%93%B1%EA%B8%B0%EA%B3%BC%ED%83%9C%EB%A3%8C
/증여등기기간,증여등기 기간,증여등기 기간 안내 | 다옴법무사사무소,증여등기 기간 안내,local,증여등기기간,yes,https://xn--2j1br1na42lvxja38mk8r.kr/%EC%A6%9D%EC%97%AC%EB%93%B1%EA%B8%B0%EA%B8%B0%EA%B0%84
/근저당말소준비서류,근저당말소 준비서류,근저당말소 준비서류 안내 | 다옴법무사사무소,근저당말소 준비서류 안내,local,근저당말소준비서류,yes,https://xn--2j1br1na42lvxja38mk8r.kr/%EA%B7%BC%EC%A0%80%EB%8B%B9%EB%A7%90%EC%86%8C%EC%A4%80%EB%B9%84%EC%84%9C%EB%A5%98
/전세권설정보수표,전세권설정 보수표,전세권설정 보수표 안내 | 다옴법무사사무소,전세권설정 보수표 안내,cost,전세권설정보수표,yes,https://xn--2j1br1na42lvxja38mk8r.kr/%EC%A0%84%EC%84%B8%EA%B6%8C%EC%84%A4%EC%A0%95%EB%B3%B4%EC%88%98%ED%91%9C
/전세권설정기한,전세권설정 기한,전세권설정 기한 안내 | 다옴법무사사무소,전세권설정 기한 안내,local,전세권설정기한,yes,https://xn--2j1br1na42lvxja38mk8r.kr/%EC%A0%84%EC%84%B8%EA%B6%8C%EC%84%A4%EC%A0%95%EA%B8%B0%ED%95%9C
/임차권등기명령필요서류,임차권등기명령 필요서류,임차권등기명령 필요서류 안내 | 다옴법무사사무소,임차권등기명령 필요서류 안내,local,임차권등기명령필요서류,yes,https://xn--2j1br1na42lvxja38mk8r.kr/%EC%9E%84%EC%B0%A8%EA%B6%8C%EB%93%B1%EA%B8%B0%EB%AA%85%EB%A0%B9%ED%95%84%EC%9A%94%EC%84%9C%EB%A5%98
/선박등기준비서류,선박등기 준비서류,선박등기 준비서류 안내 | 다옴법무사사무소,선박등기 준비서류 안내,local,선박등기준비서류,yes,https://xn--2j1br1na42lvxja38mk8r.kr/%EC%84%A0%EB%B0%95%EB%93%B1%EA%B8%B0%EC%A4%80%EB%B9%84%EC%84%9C%EB%A5%98
/재개발등기보수표,재개발등기 보수표,재개발등기 보수표 안내 | 다옴법무사사무소,재개발등기 보수표 안내,cost,재개발등기보수표,yes,https://xn--2j1br1na42lvxja38mk8r.kr/%EC%9E%AC%EA%B0%9C%EB%B0%9C%EB%93%B1%EA%B8%B0%EB%B3%B4%EC%88%98%ED%91%9C
/재개발등기기한,재개발등기 기한,재개발등기 기한 안내 | 다옴법무사사무소,재개발등기 기한 안내,local,재개발등기기한,yes,https://xn--2j1br1na42lvxja38mk8r.kr/%EC%9E%AC%EA%B0%9C%EB%B0%9C%EB%93%B1%EA%B8%B0%EA%B8%B0%ED%95%9C
/재건축등기보수표,재건축등기 보수표,재건축등기 보수표 안내 | 다옴법무사사무소,재건축등기 보수표 안내,cost,재건축등기보수표,yes,https://xn--2j1br1na42lvxja38mk8r.kr/%EC%9E%AC%EA%B1%B4%EC%B6%95%EB%93%B1%EA%B8%B0%EB%B3%B4%EC%88%98%ED%91%9C
/재건축등기기한,재건축등기 기한,재건축등기 기한 안내 | 다옴법무사사무소,재건축등기 기한 안내,local,재건축등기기한,yes,https://xn--2j1br1na42lvxja38mk8r.kr/%EC%9E%AC%EA%B1%B4%EC%B6%95%EB%93%B1%EA%B8%B0%EA%B8%B0%ED%95%9C
/광안동법무사,광안동 법무사,광안동 법무사 상담 | 다옴법무사사무소,광안동 법무사 상담,local,광안동 법무사,yes,https://xn--2j1br1na42lvxja38mk8r.kr/%EA%B4%91%EC%95%88%EB%8F%99%EB%B2%95%EB%AC%B4%EC%82%AC
/사하구전세권설정,사하구 전세권설정,사하구 전세권설정 안내 | 다옴법무사사무소,사하구 전세권설정 안내,local,사하구전세권설정,yes,https://xn--2j1br1na42lvxja38mk8r.kr/%EC%82%AC%ED%95%98%EA%B5%AC%EC%A0%84%EC%84%B8%EA%B6%8C%EC%84%A4%EC%A0%95
/기장군재개발등기,기장군 재개발등기,기장군 재개발등기 안내 | 다옴법무사사무소,기장군 재개발등기 안내,local,기장군재개발등기,yes,https://xn--2j1br1na42lvxja38mk8r.kr/%EA%B8%B0%EC%9E%A5%EA%B5%B0%EC%9E%AC%EA%B0%9C%EB%B0%9C%EB%93%B1%EA%B8%B0
/명지동법인설립등기,명지동 법인설립등기,명지동 법인설립등기 안내 | 다옴법무사사무소,명지동 법인설립등기 안내,local,명지동법인설립등기,yes,https://xn--2j1br1na42lvxja38mk8r.kr/%EB%AA%85%EC%A7%80%EB%8F%99%EB%B2%95%EC%9D%B8%EC%84%A4%EB%A6%BD%EB%93%B1%EA%B8%B0
/정관법인설립등기,정관 법인설립등기,정관 법인설립등기 안내 | 다옴법무사사무소,정관 법인설립등기 안내,local,정관법인설립등기,yes,https://xn--2j1br1na42lvxja38mk8r.kr/%EC%A0%95%EA%B4%80%EB%B2%95%EC%9D%B8%EC%84%A4%EB%A6%BD%EB%93%B1%EA%B8%B0
/증여등기과태료,증여등기 과태료,증여등기 과태료 안내 | 다옴법무사사무소,증여등기 과태료 안내,cost,증여등기과태료,yes,https://xn--2j1br1na42lvxja38mk8r.kr/%EC%A6%9D%EC%97%AC%EB%93%B1%EA%B8%B0%EA%B3%BC%ED%83%9C%EB%A3%8C
/근저당말소기간,근저당말소 기간,근저당말소 기간 안내 | 다옴법무사사무소,근저당말소 기간 안내,local,근저당말소기간,yes,https://xn--2j1br1na42lvxja38mk8r.kr/%EA%B7%BC%EC%A0%80%EB%8B%B9%EB%A7%90%EC%86%8C%EA%B8%B0%EA%B0%84
/전세권설정준비서류,전세권설정 준비서류,전세권설정 준비서류 안내 | 다옴법무사사무소,전세권설정 준비서류 안내,local,전세권설정준비서류,yes,https://xn--2j1br1na42lvxja38mk8r.kr/%EC%A0%84%EC%84%B8%EA%B6%8C%EC%84%A4%EC%A0%95%EC%A4%80%EB%B9%84%EC%84%9C%EB%A5%98
/임차권등기명령보수표,임차권등기명령 보수표,임차권등기명령 보수표 안내 | 다옴법무사사무소,임차권등기명령 보수표 안내,cost,임차권등기명령보수표,yes,https://xn--2j1br1na42lvxja38mk8r.kr/%EC%9E%84%EC%B0%A8%EA%B6%8C%EB%93%B1%EA%B8%B0%EB%AA%85%EB%A0%B9%EB%B3%B4%EC%88%98%ED%91%9C
/임차권등기명령기한,임차권등기명령 기한,임차권등기명령 기한 안내 | 다옴법무사사무소,임차권등기명령 기한 안내,local,임차권등기명령기한,yes,https://xn--2j1br1na42lvxja38mk8r.kr/%EC%9E%84%EC%B0%A8%EA%B6%8C%EB%93%B1%EA%B8%B0%EB%AA%85%EB%A0%B9%EA%B8%B0%ED%95%9C
/선박등기기간,선박등기 기간,선박등기 기간 안내 | 다옴법무사사무소,선박등기 기간 안내,local,선박등기기간,yes,https://xn--2j1br1na42lvxja38mk8r.kr/%EC%84%A0%EB%B0%95%EB%93%B1%EA%B8%B0%EA%B8%B0%EA%B0%84
/재개발등기준비서류,재개발등기 준비서류,재개발등기 준비서류 안내 | 다옴법무사사무소,재개발등기 준비서류 안내,local,재개발등기준비서류,yes,https://xn--2j1br1na42lvxja38mk8r.kr/%EC%9E%AC%EA%B0%9C%EB%B0%9C%EB%93%B1%EA%B8%B0%EC%A4%80%EB%B9%84%EC%84%9C%EB%A5%98
/재건축등기준비서류,재건축등기 준비서류,재건축등기 준비서류 안내 | 다옴법무사사무소,재건축등기 준비서류 안내,local,재건축등기준비서류,yes,https://xn--2j1br1na42lvxja38mk8r.kr/%EC%9E%AC%EA%B1%B4%EC%B6%95%EB%93%B1%EA%B8%B0%EC%A4%80%EB%B9%84%EC%84%9C%EB%A5%98
/해운회사법인등기,해운회사 법인등기,해운회사 법인등기 | 다옴법무사사무소,해운회사 법인등기,realEstate,해운회사 법인등기,yes,https://xn--2j1br1na42lvxja38mk8r.kr/%ED%95%B4%EC%9A%B4%ED%9A%8C%EC%82%AC%EB%B2%95%EC%9D%B8%EB%93%B1%EA%B8%B0
/산업단지법인등기,산업단지 법인등기,산업단지 법인등기 | 다옴법무사사무소,산업단지 법인등기,realEstate,산업단지 법인등기,yes,https://xn--2j1br1na42lvxja38mk8r.kr/%EC%82%B0%EC%97%85%EB%8B%A8%EC%A7%80%EB%B2%95%EC%9D%B8%EB%93%B1%EA%B8%B0
/광안동전세권설정,광안동 전세권설정,광안동 전세권설정 안내 | 다옴법무사사무소,광안동 전세권설정 안내,local,광안동전세권설정,yes,https://xn--2j1br1na42lvxja38mk8r.kr/%EA%B4%91%EC%95%88%EB%8F%99%EC%A0%84%EC%84%B8%EA%B6%8C%EC%84%A4%EC%A0%95
/근저당말소과태료,근저당말소 과태료,근저당말소 과태료 안내 | 다옴법무사사무소,근저당말소 과태료 안내,cost,근저당말소과태료,yes,https://xn--2j1br1na42lvxja38mk8r.kr/%EA%B7%BC%EC%A0%80%EB%8B%B9%EB%A7%90%EC%86%8C%EA%B3%BC%ED%83%9C%EB%A3%8C
/전세권설정기간,전세권설정 기간,전세권설정 기간 안내 | 다옴법무사사무소,전세권설정 기간 안내,local,전세권설정기간,yes,https://xn--2j1br1na42lvxja38mk8r.kr/%EC%A0%84%EC%84%B8%EA%B6%8C%EC%84%A4%EC%A0%95%EA%B8%B0%EA%B0%84
/임차권등기명령준비서류,임차권등기명령 준비서류,임차권등기명령 준비서류 안내 | 다옴법무사사무소,임차권등기명령 준비서류 안내,local,임차권등기명령준비서류,yes,https://xn--2j1br1na42lvxja38mk8r.kr/%EC%9E%84%EC%B0%A8%EA%B6%8C%EB%93%B1%EA%B8%B0%EB%AA%85%EB%A0%B9%EC%A4%80%EB%B9%84%EC%84%9C%EB%A5%98
/선박등기과태료,선박등기 과태료,선박등기 과태료 안내 | 다옴법무사사무소,선박등기 과태료 안내,cost,선박등기과태료,yes,https://xn--2j1br1na42lvxja38mk8r.kr/%EC%84%A0%EB%B0%95%EB%93%B1%EA%B8%B0%EA%B3%BC%ED%83%9C%EB%A3%8C
/재개발등기기간,재개발등기 기간,재개발등기 기간 안내 | 다옴법무사사무소,재개발등기 기간 안내,local,재개발등기기간,yes,https://xn--2j1br1na42lvxja38mk8r.kr/%EC%9E%AC%EA%B0%9C%EB%B0%9C%EB%93%B1%EA%B8%B0%EA%B8%B0%EA%B0%84
/재건축등기기간,재건축등기 기간,재건축등기 기간 안내 | 다옴법무사사무소,재건축등기 기간 안내,local,재건축등기기간,yes,https://xn--2j1br1na42lvxja38mk8r.kr/%EC%9E%AC%EA%B1%B4%EC%B6%95%EB%93%B1%EA%B8%B0%EA%B8%B0%EA%B0%84
/전세권설정과태료,전세권설정 과태료,전세권설정 과태료 안내 | 다옴법무사사무소,전세권설정 과태료 안내,cost,전세권설정과태료,yes,https://xn--2j1br1na42lvxja38mk8r.kr/%EC%A0%84%EC%84%B8%EA%B6%8C%EC%84%A4%EC%A0%95%EA%B3%BC%ED%83%9C%EB%A3%8C
/임차권등기명령기간,임차권등기명령 기간,임차권등기명령 기간 안내 | 다옴법무사사무소,임차권등기명령 기간 안내,local,임차권등기명령기간,yes,https://xn--2j1br1na42lvxja38mk8r.kr/%EC%9E%84%EC%B0%A8%EA%B6%8C%EB%93%B1%EA%B8%B0%EB%AA%85%EB%A0%B9%EA%B8%B0%EA%B0%84
/재개발등기과태료,재개발등기 과태료,재개발등기 과태료 안내 | 다옴법무사사무소,재개발등기 과태료 안내,cost,재개발등기과태료,yes,https://xn--2j1br1na42lvxja38mk8r.kr/%EC%9E%AC%EA%B0%9C%EB%B0%9C%EB%93%B1%EA%B8%B0%EA%B3%BC%ED%83%9C%EB%A3%8C
/재건축등기과태료,재건축등기 과태료,재건축등기 과태료 안내 | 다옴법무사사무소,재건축등기 과태료 안내,cost,재건축등기과태료,yes,https://xn--2j1br1na42lvxja38mk8r.kr/%EC%9E%AC%EA%B1%B4%EC%B6%95%EB%93%B1%EA%B8%B0%EA%B3%BC%ED%83%9C%EB%A3%8C
/부산지방법원동부지원등기과법무사,동부지원 등기과 법무사,부산지방법원동부지원등기과 법무사 상담 | 다옴법무사사무소,동부지원 등기과 인근 법무사,court,부산지방법원동부지원등기과 법무사,yes,https://xn--2j1br1na42lvxja38mk8r.kr/%EB%B6%80%EC%82%B0%EC%A7%80%EB%B0%A9%EB%B2%95%EC%9B%90%EB%8F%99%EB%B6%80%EC%A7%80%EC%9B%90%EB%93%B1%EA%B8%B0%EA%B3%BC%EB%B2%95%EB%AC%B4%EC%82%AC
/부산지방법원채권회수,부산지방법원 채권회수,부산지방법원 채권회수 절차 | 다옴법무사사무소,부산지방법원 채권회수,court,부산지방법원채권회수,yes,https://xn--2j1br1na42lvxja38mk8r.kr/%EB%B6%80%EC%82%B0%EC%A7%80%EB%B0%A9%EB%B2%95%EC%9B%90%EC%B1%84%EA%B6%8C%ED%9A%8C%EC%88%98
/부산가정법원성년후견,부산가정법원 성년후견,부산가정법원 성년후견 절차 | 다옴법무사사무소,부산가정법원 성년후견,court,부산가정법원성년후견,yes,https://xn--2j1br1na42lvxja38mk8r.kr/%EB%B6%80%EC%82%B0%EA%B0%80%EC%A0%95%EB%B2%95%EC%9B%90%EC%84%B1%EB%85%84%ED%9B%84%EA%B2%AC
/물류회사법인등기,물류회사 법인등기,물류회사 법인등기 | 다옴법무사사무소,물류회사 법인등기,realEstate,물류회사 법인등기,yes,https://xn--2j1br1na42lvxja38mk8r.kr/%EB%AC%BC%EB%A5%98%ED%9A%8C%EC%82%AC%EB%B2%95%EC%9D%B8%EB%93%B1%EA%B8%B0
/임차권등기명령과태료,임차권등기명령 과태료,임차권등기명령 과태료 안내 | 다옴법무사사무소,임차권등기명령 과태료 안내,cost,임차권등기명령과태료,yes,https://xn--2j1br1na42lvxja38mk8r.kr/%EC%9E%84%EC%B0%A8%EA%B6%8C%EB%93%B1%EA%B8%B0%EB%AA%85%EB%A0%B9%EA%B3%BC%ED%83%9C%EB%A3%8C
/부산지방법원지급명령,부산지방법원 지급명령,부산지방법원 지급명령 절차 | 다옴법무사사무소,부산지방법원 지급명령,court,부산지방법원지급명령,yes,https://xn--2j1br1na42lvxja38mk8r.kr/%EB%B6%80%EC%82%B0%EC%A7%80%EB%B0%A9%EB%B2%95%EC%9B%90%EC%A7%80%EA%B8%89%EB%AA%85%EB%A0%B9
/부산지방법원동부지원채권회수,부산지방법원 동부지원 채권회수,부산지방법원동부지원 채권회수 절차 | 다옴법무사사무소,부산지방법원동부지원 채권회수,court,부산지방법원동부지원채권회수,yes,https://xn--2j1br1na42lvxja38mk8r.kr/%EB%B6%80%EC%82%B0%EC%A7%80%EB%B0%A9%EB%B2%95%EC%9B%90%EB%8F%99%EB%B6%80%EC%A7%80%EC%9B%90%EC%B1%84%EA%B6%8C%ED%9A%8C%EC%88%98
/광안역전세권설정,광안역 전세권설정,광안역 전세권설정 안내 | 다옴법무사사무소,광안역 전세권설정 안내,local,광안역전세권설정,yes,https://xn--2j1br1na42lvxja38mk8r.kr/%EA%B4%91%EC%95%88%EC%97%AD%EC%A0%84%EC%84%B8%EA%B6%8C%EC%84%A4%EC%A0%95
/부산지방법원동부지원지급명령,부산지방법원 동부지원 지급명령,부산지방법원동부지원 지급명령 절차 | 다옴법무사사무소,부산지방법원동부지원 지급명령,court,부산지방법원동부지원지급명령,yes,https://xn--2j1br1na42lvxja38mk8r.kr/%EB%B6%80%EC%82%B0%EC%A7%80%EB%B0%A9%EB%B2%95%EC%9B%90%EB%8F%99%EB%B6%80%EC%A7%80%EC%9B%90%EC%A7%80%EA%B8%89%EB%AA%85%EB%A0%B9
/사직동재건축등기,사직동 재건축등기,사직동 재건축등기 안내 | 다옴법무사사무소,사직동 재건축등기 안내,local,사직동재건축등기,yes,https://xn--2j1br1na42lvxja38mk8r.kr/%EC%82%AC%EC%A7%81%EB%8F%99%EC%9E%AC%EA%B1%B4%EC%B6%95%EB%93%B1%EA%B8%B0
/해운대역법무사,해운대역 법무사,해운대역 법무사 상담 | 다옴법무사사무소,해운대역 법무사 상담,local,해운대역 법무사,yes,https://xn--2j1br1na42lvxja38mk8r.kr/%ED%95%B4%EC%9A%B4%EB%8C%80%EC%97%AD%EB%B2%95%EB%AC%B4%EC%82%AC
/광안역법무사,광안역 법무사,광안역 법무사 상담 | 다옴법무사사무소,광안역 법무사 상담,local,광안역 법무사,yes,https://xn--2j1br1na42lvxja38mk8r.kr/%EA%B4%91%EC%95%88%EC%97%AD%EB%B2%95%EB%AC%B4%EC%82%AC
/연산역법무사,연산역 법무사,연산역 법무사 상담 | 다옴법무사사무소,연산역 법무사 상담,local,연산역 법무사,yes,https://xn--2j1br1na42lvxja38mk8r.kr/%EC%97%B0%EC%82%B0%EC%97%AD%EB%B2%95%EB%AC%B4%EC%82%AC
/사상역법무사,사상역 법무사,사상역 법무사 상담 | 다옴법무사사무소,사상역 법무사 상담,local,사상역 법무사,yes,https://xn--2j1br1na42lvxja38mk8r.kr/%EC%82%AC%EC%83%81%EC%97%AD%EB%B2%95%EB%AC%B4%EC%82%AC
/명지역법무사,명지역 법무사,명지역 법무사 상담 | 다옴법무사사무소,명지역 법무사 상담,local,명지역 법무사,yes,https://xn--2j1br1na42lvxja38mk8r.kr/%EB%AA%85%EC%A7%80%EC%97%AD%EB%B2%95%EB%AC%B4%EC%82%AC
/중동법무사,중동 법무사,중동 법무사 상담 | 다옴법무사사무소,중동 법무사 상담,local,중동 법무사,yes,https://xn--2j1br1na42lvxja38mk8r.kr/%EC%A4%91%EB%8F%99%EB%B2%95%EB%AC%B4%EC%82%AC
/송정동법무사,송정동 법무사,송정동 법무사 상담 | 다옴법무사사무소,송정동 법무사 상담,local,송정동 법무사,yes,https://xn--2j1br1na42lvxja38mk8r.kr/%EC%86%A1%EC%A0%95%EB%8F%99%EB%B2%95%EB%AC%B4%EC%82%AC
/민락동법무사,민락동 법무사,민락동 법무사 상담 | 다옴법무사사무소,민락동 법무사 상담,local,민락동 법무사,yes,https://xn--2j1br1na42lvxja38mk8r.kr/%EB%AF%BC%EB%9D%BD%EB%8F%99%EB%B2%95%EB%AC%B4%EC%82%AC
/부전동법무사,부전동 법무사,부전동 법무사 상담 | 다옴법무사사무소,부전동 법무사 상담,local,부전동 법무사,yes,https://xn--2j1br1na42lvxja38mk8r.kr/%EB%B6%80%EC%A0%84%EB%8F%99%EB%B2%95%EB%AC%B4%EC%82%AC
/양정동법무사,양정동 법무사,양정동 법무사 상담 | 다옴법무사사무소,양정동 법무사 상담,local,양정동 법무사,yes,https://xn--2j1br1na42lvxja38mk8r.kr/%EC%96%91%EC%A0%95%EB%8F%99%EB%B2%95%EB%AC%B4%EC%82%AC
/명지동법무사,명지동 법무사,명지동 법무사 상담 | 다옴법무사사무소,명지동 법무사 상담,local,명지동 법무사,yes,https://xn--2j1br1na42lvxja38mk8r.kr/%EB%AA%85%EC%A7%80%EB%8F%99%EB%B2%95%EB%AC%B4%EC%82%AC
/기장법무사,기장 법무사,기장 법무사 상담 | 다옴법무사사무소,기장 법무사 상담,local,기장 법무사,yes,https://xn--2j1br1na42lvxja38mk8r.kr/%EA%B8%B0%EC%9E%A5%EB%B2%95%EB%AC%B4%EC%82%AC
/온천동법무사,온천동 법무사,온천동 법무사 상담 | 다옴법무사사무소,온천동 법무사 상담,local,온천동 법무사,yes,https://xn--2j1br1na42lvxja38mk8r.kr/%EC%98%A8%EC%B2%9C%EB%8F%99%EB%B2%95%EB%AC%B4%EC%82%AC
/장전동법무사,장전동 법무사,장전동 법무사 상담 | 다옴법무사사무소,장전동 법무사 상담,local,장전동 법무사,yes,https://xn--2j1br1na42lvxja38mk8r.kr/%EC%9E%A5%EC%A0%84%EB%8F%99%EB%B2%95%EB%AC%B4%EC%82%AC
/상속,상속등기·포기·한정승인｜전국·부산 상담,상속등기·포기·한정승인｜전국·부산 상담 | 다옴법무사사무소,상속등기·상속포기·한정승인·전국 상속 상담,pillar,상속등기·포기·한정승인｜전국·부산 상담,yes,https://xn--2j1br1na42lvxja38mk8r.kr/%EC%83%81%EC%86%8D
/법인등기,법인설립·임원변경·본점이전｜부산 법인등기,법인설립·임원변경·본점이전｜부산 법인등기 | 다옴법무사사무소,부산 법인설립·임원변경·본점이전 등기 상담,pillar,법인설립·임원변경·본점이전｜부산 법인등기,yes,https://xn--2j1br1na42lvxja38mk8r.kr/%EB%B2%95%EC%9D%B8%EB%93%B1%EA%B8%B0
/부동산등기,부동산등기·소유권이전｜매매·증여 절차,부동산등기·소유권이전｜매매·증여 절차 | 다옴법무사사무소,부산 부동산등기·소유권이전·매매등기 상담,pillar,부동산등기·소유권이전｜매매·증여 절차,yes,https://xn--2j1br1na42lvxja38mk8r.kr/%EB%B6%80%EB%8F%99%EC%82%B0%EB%93%B1%EA%B8%B0
/개인회생파산,개인회생·파산·면책｜소득·채무별 선택,개인회생·파산·면책｜소득·채무별 선택 | 다옴법무사사무소,부산 개인회생·개인파산·면책 상담,pillar,개인회생·파산·면책｜소득·채무별 선택,yes,https://xn--2j1br1na42lvxja38mk8r.kr/%EA%B0%9C%EC%9D%B8%ED%9A%8C%EC%83%9D%ED%8C%8C%EC%82%B0
/민사소송,지급명령·가압류·소장｜채권 회수 절차,지급명령·가압류·소장｜채권 회수 절차 | 다옴법무사사무소,부산 지급명령·소장·가압류·가처분 상담,pillar,지급명령·가압류·소장｜채권 회수 절차,yes,https://xn--2j1br1na42lvxja38mk8r.kr/%EB%AF%BC%EC%82%AC%EC%86%8C%EC%86%A1
/임대차전세,전세보증금·임차권등기명령｜미반환 대응,전세보증금·임차권등기명령｜미반환 대응 | 다옴법무사사무소,부산 전세보증금반환·임차권등기명령 상담,pillar,전세보증금·임차권등기명령｜미반환 대응,yes,https://xn--2j1br1na42lvxja38mk8r.kr/%EC%9E%84%EB%8C%80%EC%B0%A8%EC%A0%84%EC%84%B8
/공탁채권회수,공탁·채권압류·추심｜회수 절차 안내,공탁·채권압류·추심｜회수 절차 안내 | 다옴법무사사무소,부산 변제공탁·채권압류·추심명령 상담,pillar,공탁·채권압류·추심｜회수 절차 안내,yes,https://xn--2j1br1na42lvxja38mk8r.kr/%EA%B3%B5%ED%83%81%EC%B1%84%EA%B6%8C%ED%9A%8C%EC%88%98
/가족후견,성년후견·가사비송｜가족·상속 특별대리,성년후견·가사비송｜가족·상속 특별대리 | 다옴법무사사무소,부산 성년후견·가사비송·상속특별대리인 상담,pillar,성년후견·가사비송｜가족·상속 특별대리,yes,https://xn--2j1br1na42lvxja38mk8r.kr/%EA%B0%80%EC%A1%B1%ED%9B%84%EA%B2%AC
/특수등기,선박·비영리·종중·외국인｜특수등기 안내,선박·비영리·종중·외국인｜특수등기 안내 | 다옴법무사사무소,부산 선박·비영리법인·종중·외국인 부동산등기 상담,pillar,선박·비영리·종중·외국인｜특수등기 안내,yes,https://xn--2j1br1na42lvxja38mk8r.kr/%ED%8A%B9%EC%88%98%EB%93%B1%EA%B8%B0
/창업법무,스타트업·소상공인｜법인설립·운영 법무,스타트업·소상공인｜법인설립·운영 법무 | 다옴법무사사무소,부산 스타트업·소상공인·법인설립 법무 상담,pillar,스타트업·소상공인｜법인설립·운영 법무,yes,https://xn--2j1br1na42lvxja38mk8r.kr/%EC%B0%BD%EC%97%85%EB%B2%95%EB%AC%B4
/situations,상황별 법률문제,상황별 법률문제｜상속·전세·법인·채무 | 다옴법무사사무소,"지금 겪는 문제, 어디서부터 확인해야 할까요?",situation,상황별 법률문제,yes,https://xn--2j1br1na42lvxja38mk8r.kr/situations
/situations/분류/가족-사망-상속,가족 사망·상속,가족 사망·상속｜상속등기·포기·한정승인 상황별 | 다옴법무사사무소,가족 사망·상속 — 지금 겪는 문제부터 확인하기,situation,가족 사망·상속,yes,https://xn--2j1br1na42lvxja38mk8r.kr/situations/%EB%B6%84%EB%A5%98/%EA%B0%80%EC%A1%B1-%EC%82%AC%EB%A7%9D-%EC%83%81%EC%86%8D
/situations/분류/전세-임대차-보증금,전세·임대차·보증금,전세·보증금｜미반환·임차권등기명령 상황별 | 다옴법무사사무소,전세·임대차·보증금 — 지금 겪는 문제부터 확인하기,situation,전세·임대차·보증금,yes,https://xn--2j1br1na42lvxja38mk8r.kr/situations/%EB%B6%84%EB%A5%98/%EC%A0%84%EC%84%B8-%EC%9E%84%EB%8C%80%EC%B0%A8-%EB%B3%B4%EC%A6%9D%EA%B8%88
/situations/분류/부동산-매매-증여-등기,부동산 매매·증여·등기,부동산 매매·증여·등기｜잔금·말소·명의 상황별 | 다옴법무사사무소,부동산 매매·증여·등기 — 지금 겪는 문제부터 확인하기,situation,부동산 매매·증여·등기,yes,https://xn--2j1br1na42lvxja38mk8r.kr/situations/%EB%B6%84%EB%A5%98/%EB%B6%80%EB%8F%99%EC%82%B0-%EB%A7%A4%EB%A7%A4-%EC%A6%9D%EC%97%AC-%EB%93%B1%EA%B8%B0
/situations/분류/개인채무-회생-파산,개인채무·회생·파산,개인채무·회생·파산｜빚·압류·신청 가능 여부 | 다옴법무사사무소,개인채무·회생·파산 — 지금 겪는 문제부터 확인하기,situation,개인채무·회생·파산,yes,https://xn--2j1br1na42lvxja38mk8r.kr/situations/%EB%B6%84%EB%A5%98/%EA%B0%9C%EC%9D%B8%EC%B1%84%EB%AC%B4-%ED%9A%8C%EC%83%9D-%ED%8C%8C%EC%82%B0
/situations/분류/법인-사업-운영,법인·사업 운영,법인·사업 운영｜설립·임원·본점이전 상황별 | 다옴법무사사무소,법인·사업 운영 — 지금 겪는 문제부터 확인하기,situation,법인·사업 운영,yes,https://xn--2j1br1na42lvxja38mk8r.kr/situations/%EB%B6%84%EB%A5%98/%EB%B2%95%EC%9D%B8-%EC%82%AC%EC%97%85-%EC%9A%B4%EC%98%81
/situations/분류/돈을-받지-못한-경우,돈을 받지 못한 경우,돈을 받지 못한 경우｜지급명령·강제집행 상황별 | 다옴법무사사무소,돈을 받지 못한 경우 — 지금 겪는 문제부터 확인하기,situation,돈을 받지 못한 경우,yes,https://xn--2j1br1na42lvxja38mk8r.kr/situations/%EB%B6%84%EB%A5%98/%EB%8F%88%EC%9D%84-%EB%B0%9B%EC%A7%80-%EB%AA%BB%ED%95%9C-%EA%B2%BD%EC%9A%B0
/situations/분류/계약-일상-분쟁,계약·일상 분쟁,계약·일상 분쟁｜계약금·내용증명·합의 상황별 | 다옴법무사사무소,계약·일상 분쟁 — 지금 겪는 문제부터 확인하기,situation,계약·일상 분쟁,yes,https://xn--2j1br1na42lvxja38mk8r.kr/situations/%EB%B6%84%EB%A5%98/%EA%B3%84%EC%95%BD-%EC%9D%BC%EC%83%81-%EB%B6%84%EC%9F%81
/situations/parent-passed-away,부모님이 돌아가셨을 때,"부모님이 돌아가셨을 때｜상속인 확인,… | 다옴법무사사무소",부모님이 돌아가셨는데 상속등기는 언제·어떻게 해야 하나요?,situation,부모님이 돌아가셨을 때,yes,https://xn--2j1br1na42lvxja38mk8r.kr/situations/parent-passed-away
/situations/siblings-not-cooperating,형제자매가 상속 협조를 안 할 때,형제자매가 상속 협조를 안 할 때｜연… | 다옴법무사사무소,형제자매가 상속 서류에 협조하지 않으면 어떻게 해야 하나요?,situation,형제자매가 상속 협조를 안 할 때,yes,https://xn--2j1br1na42lvxja38mk8r.kr/situations/siblings-not-cooperating
/situations/inheritance-unknown-debt,빚이 있는지 모르는 상속 문제,빚이 있는지 모르는 상속 문제｜채무 … | 다옴법무사사무소,부모님 빚이 있는지 모르는데 상속을 받아도 될까요?,situation,빚이 있는지 모르는 상속 문제,yes,https://xn--2j1br1na42lvxja38mk8r.kr/situations/inheritance-unknown-debt
/situations/real-estate-sale-registration,부동산 매매 후 등기 문제,부동산 매매 후 등기 문제｜소유권이전… | 다옴법무사사무소,집을 샀는데 소유권이전등기가 안 되거나 문제가 생겼어요,situation,부동산 매매 후 등기 문제,yes,https://xn--2j1br1na42lvxja38mk8r.kr/situations/real-estate-sale-registration
/situations/jeonse-deposit-unpaid,전세보증금을 못 받았을 때,전세보증금을 못 받았을 때｜임차권등기… | 다옴법무사사무소,전세보증금을 돌려받지 못했는데 어떻게 해야 하나요?,situation,전세보증금을 못 받았을 때,yes,https://xn--2j1br1na42lvxja38mk8r.kr/situations/jeonse-deposit-unpaid
/situations/corporate-officer-address-change,법인 임원·주소·본점 변경,법인 임원·주소·본점 변경｜임기 만료… | 다옴법무사사무소,법인 임원 임기가 지났거나 주소·본점을 바꿔야 할 때 무엇부터 하나요?,situation,법인 임원·주소·본점 변경,yes,https://xn--2j1br1na42lvxja38mk8r.kr/situations/corporate-officer-address-change
/situations/payment-order-certified-mail,지급명령·내용증명·소장,지급명령·내용증명·소장｜채권 회수·분… | 다옴법무사사무소,돈을 못 받았는데 지급명령·내용증명·소장 중 무엇부터 해야 하나요?,situation,지급명령·내용증명·소장,yes,https://xn--2j1br1na42lvxja38mk8r.kr/situations/payment-order-certified-mail
/situations/personal-rehabilitation-bankruptcy,개인회생·파산 고민,개인회생·파산 고민｜채무 정리·신청 자격·절차 | 다옴법무사사무소,빚 때문에 개인회생·파산을 고민 중인데 나에게 맞는지 어떻게 알 수 있나요?,situation,개인회생·파산 고민,yes,https://xn--2j1br1na42lvxja38mk8r.kr/situations/personal-rehabilitation-bankruptcy
/situations/상속재산-조회,상속재산이 뭔지 모를 때,상속재산이 뭔지 모를 때｜상속재산 조회 방법 | 다옴법무사사무소,부모님이 남긴 재산이 뭔지 어떻게 찾나요?,situation,상속재산이 뭔지 모를 때,yes,https://xn--2j1br1na42lvxja38mk8r.kr/situations/%EC%83%81%EC%86%8D%EC%9E%AC%EC%82%B0-%EC%A1%B0%ED%9A%8C
/situations/상속포기-한정승인-선택,상속포기 vs 한정승인,상속포기 vs 한정승인｜상속포기 한정승인 선택 | 다옴법무사사무소,"상속포기와 한정승인, 3개월 안에 어떻게 선택하나요?",situation,상속포기 vs 한정승인,yes,https://xn--2j1br1na42lvxja38mk8r.kr/situations/%EC%83%81%EC%86%8D%ED%8F%AC%EA%B8%B0-%ED%95%9C%EC%A0%95%EC%8A%B9%EC%9D%B8-%EC%84%A0%ED%83%9D
/situations/상속등기-지연-과태료,상속등기 미루면 과태료,상속등기 미루면 과태료｜상속등기 지연 과태료 | 다옴법무사사무소,상속등기를 늦게 하면 과태료가 부과되나요?,situation,상속등기 미루면 과태료,yes,https://xn--2j1br1na42lvxja38mk8r.kr/situations/%EC%83%81%EC%86%8D%EB%93%B1%EA%B8%B0-%EC%A7%80%EC%97%B0-%EA%B3%BC%ED%83%9C%EB%A3%8C
/situations/해외-거주-상속인,해외 거주 상속인,해외 거주 상속인｜해외 거주 상속인 등기 | 다옴법무사사무소,해외에 사는 상속인은 상속등기를 어떻게 하나요?,situation,해외 거주 상속인,yes,https://xn--2j1br1na42lvxja38mk8r.kr/situations/%ED%95%B4%EC%99%B8-%EA%B1%B0%EC%A3%BC-%EC%83%81%EC%86%8D%EC%9D%B8
/situations/상속-후-첫-절차,상속 후 무엇을 먼저?,상속 후 무엇을 먼저?｜상속 후 첫 절차 | 다옴법무사사무소,"부모님 사망 후, 상속 절차는 무엇을 먼저 해야 하나요?",situation,상속 후 무엇을 먼저?,yes,https://xn--2j1br1na42lvxja38mk8r.kr/situations/%EC%83%81%EC%86%8D-%ED%9B%84-%EC%B2%AB-%EC%A0%88%EC%B0%A8
/situations/집주인-연락-두절,집주인 연락이 안 될 때,집주인 연락이 안 될 때｜전세 집주인 연락두절 | 다옴법무사사무소,전세 계약이 끝났는데 집주인 연락이 두절됐어요,situation,집주인 연락이 안 될 때,yes,https://xn--2j1br1na42lvxja38mk8r.kr/situations/%EC%A7%91%EC%A3%BC%EC%9D%B8-%EC%97%B0%EB%9D%BD-%EB%91%90%EC%A0%88
/situations/임차권등기명령-필요할-때,임차권등기명령이 필요할 때,임차권등기명령이 필요할 때｜임차권등기… | 다옴법무사사무소,전세 보증금을 지키려면 임차권등기명령이 필요한가요?,situation,임차권등기명령이 필요할 때,yes,https://xn--2j1br1na42lvxja38mk8r.kr/situations/%EC%9E%84%EC%B0%A8%EA%B6%8C%EB%93%B1%EA%B8%B0%EB%AA%85%EB%A0%B9-%ED%95%84%EC%9A%94%ED%95%A0-%EB%95%8C
/situations/전세-경매-진행,전세 집 경매가 진행될 때,전세 집 경매가 진행될 때｜전세 경매 진행 대응 | 다옴법무사사무소,살고 있는 집에 경매가 진행되면 전세 보증금은 어떻게 되나요?,situation,전세 집 경매가 진행될 때,yes,https://xn--2j1br1na42lvxja38mk8r.kr/situations/%EC%A0%84%EC%84%B8-%EA%B2%BD%EB%A7%A4-%EC%A7%84%ED%96%89
/situations/전입신고-확정일자-없음,전입신고·확정일자 안 했을 때,전입신고·확정일자 안 했을 때｜전입신… | 다옴법무사사무소,전입신고나 확정일자를 안 했는데 전세 보증금이 위험한가요?,situation,전입신고·확정일자 안 했을 때,yes,https://xn--2j1br1na42lvxja38mk8r.kr/situations/%EC%A0%84%EC%9E%85%EC%8B%A0%EA%B3%A0-%ED%99%95%EC%A0%95%EC%9D%BC%EC%9E%90-%EC%97%86%EC%9D%8C
/situations/잔금-후-소유권이전-거부,잔금 후 등기 협조 거부,잔금 후 등기 협조 거부｜잔금 후 소유권이전 거부 | 다옴법무사사무소,잔금을 치렀는데 매도인이 소유권이전등기를 거부해요,situation,잔금 후 등기 협조 거부,yes,https://xn--2j1br1na42lvxja38mk8r.kr/situations/%EC%9E%94%EA%B8%88-%ED%9B%84-%EC%86%8C%EC%9C%A0%EA%B6%8C%EC%9D%B4%EC%A0%84-%EA%B1%B0%EB%B6%80
/situations/공동명의-정리,부동산 공동명의 정리,부동산 공동명의 정리｜공동명의 부동산 정리 | 다옴법무사사무소,공동명의 부동산을 한 명 명의로 정리하려면?,situation,부동산 공동명의 정리,yes,https://xn--2j1br1na42lvxja38mk8r.kr/situations/%EA%B3%B5%EB%8F%99%EB%AA%85%EC%9D%98-%EC%A0%95%EB%A6%AC
/situations/근저당-말소-지연,근저당 말소가 지연될 때,근저당 말소가 지연될 때｜근저당 말소 지연 | 다옴법무사사무소,집 매매·대환인데 근저당 말소가 늦어지면 어떻게 하나요?,situation,근저당 말소가 지연될 때,yes,https://xn--2j1br1na42lvxja38mk8r.kr/situations/%EA%B7%BC%EC%A0%80%EB%8B%B9-%EB%A7%90%EC%86%8C-%EC%A7%80%EC%97%B0
/situations/셀프등기-실수,셀프등기 실수·보정,셀프등기 실수·보정｜셀프등기 실수 보정 | 다옴법무사사무소,인터넷 등기(셀프등기)를 잘못 냈는데 어떻게 고치나요?,situation,셀프등기 실수·보정,yes,https://xn--2j1br1na42lvxja38mk8r.kr/situations/%EC%85%80%ED%94%84%EB%93%B1%EA%B8%B0-%EC%8B%A4%EC%88%98
/situations/잔금일-소유권이전,잔금일 소유권이전,잔금일 소유권이전｜잔금일 소유권이전등기 | 다옴법무사사무소,"잔금일에 소유권이전등기, 어떤 순서로 진행하나요?",situation,잔금일 소유권이전,yes,https://xn--2j1br1na42lvxja38mk8r.kr/situations/%EC%9E%94%EA%B8%88%EC%9D%BC-%EC%86%8C%EC%9C%A0%EA%B6%8C%EC%9D%B4%EC%A0%84
/situations/급여-압류-빚,급여가 압류됐을 때,급여가 압류됐을 때｜급여 압류 대응 | 다옴법무사사무소,급여가 압류됐는데 생활비는 어떻게 하나요?,situation,급여가 압류됐을 때,yes,https://xn--2j1br1na42lvxja38mk8r.kr/situations/%EA%B8%89%EC%97%AC-%EC%95%95%EB%A5%98-%EB%B9%9A
/situations/개인회생-가능-여부,개인회생 가능한지 확인,개인회생 가능한지 확인｜개인회생 가능 여부 | 다옴법무사사무소,내가 개인회생 대상인지 어떻게 알 수 있나요?,situation,개인회생 가능한지 확인,yes,https://xn--2j1br1na42lvxja38mk8r.kr/situations/%EA%B0%9C%EC%9D%B8%ED%9A%8C%EC%83%9D-%EA%B0%80%EB%8A%A5-%EC%97%AC%EB%B6%80
/situations/보증채무-부담,보증으로 생긴 빚,보증으로 생긴 빚｜보증채무 대응 | 다옴법무사사무소,보증 서명 때문에 빚을 떠안게 됐어요,situation,보증으로 생긴 빚,yes,https://xn--2j1br1na42lvxja38mk8r.kr/situations/%EB%B3%B4%EC%A6%9D%EC%B1%84%EB%AC%B4-%EB%B6%80%EB%8B%B4
/situations/빚-감당-어려울-때,빚이 감당이 안 될 때,빚이 감당이 안 될 때｜빚 감당 어려울 때 | 다옴법무사사무소,빚이 너무 많아 어디서부터 정리해야 할까요?,situation,빚이 감당이 안 될 때,yes,https://xn--2j1br1na42lvxja38mk8r.kr/situations/%EB%B9%9A-%EA%B0%90%EB%8B%B9-%EC%96%B4%EB%A0%A4%EC%9A%B8-%EB%95%8C
/situations/회생-파산-선택-고민,회생 vs 파산 고민,회생 vs 파산 고민｜개인회생 파산 선택 | 다옴법무사사무소,"개인회생과 파산, 나에게 맞는 쪽은 무엇인가요?",situation,회생 vs 파산 고민,yes,https://xn--2j1br1na42lvxja38mk8r.kr/situations/%ED%9A%8C%EC%83%9D-%ED%8C%8C%EC%82%B0-%EC%84%A0%ED%83%9D-%EA%B3%A0%EB%AF%BC
/situations/임원-임기-만료,법인 임원 임기 만료,법인 임원 임기 만료｜임원 임기 만료 등기 | 다옴법무사사무소,대표이사·이사 임기가 지났는데 등기를 안 하면?,situation,법인 임원 임기 만료,yes,https://xn--2j1br1na42lvxja38mk8r.kr/situations/%EC%9E%84%EC%9B%90-%EC%9E%84%EA%B8%B0-%EB%A7%8C%EB%A3%8C
/situations/법인-설립-처음,법인 설립 처음,법인 설립 처음｜법인 설립 처음 | 다옴법무사사무소,법인을 처음 설립하려면 어떤 순서로 진행하나요?,situation,법인 설립 처음,yes,https://xn--2j1br1na42lvxja38mk8r.kr/situations/%EB%B2%95%EC%9D%B8-%EC%84%A4%EB%A6%BD-%EC%B2%98%EC%9D%8C
/situations/대표자-사망-법인,대표자 사망 후 법인,대표자 사망 후 법인｜대표자 사망 법인 | 다옴법무사사무소,법인 대표이사(대표자)가 사망하면 회사는 어떻게 하나요?,situation,대표자 사망 후 법인,yes,https://xn--2j1br1na42lvxja38mk8r.kr/situations/%EB%8C%80%ED%91%9C%EC%9E%90-%EC%82%AC%EB%A7%9D-%EB%B2%95%EC%9D%B8
/situations/본점-이전-등기,법인 본점 이전 등기,법인 본점 이전 등기｜법인 본점 이전 등기 | 다옴법무사사무소,법인 본점(사무실)을 옮기면 등기를 꼭 해야 하나요?,situation,법인 본점 이전 등기,yes,https://xn--2j1br1na42lvxja38mk8r.kr/situations/%EB%B3%B8%EC%A0%90-%EC%9D%B4%EC%A0%84-%EB%93%B1%EA%B8%B0
/situations/임원변경-기한-임박,임원변경 기한 임박,임원변경 기한 임박｜임원변경 등기 기한 임박 | 다옴법무사사무소,법인 임원변경 등기 기한이 임박했는데 어떻게 하나요?,situation,임원변경 기한 임박,yes,https://xn--2j1br1na42lvxja38mk8r.kr/situations/%EC%9E%84%EC%9B%90%EB%B3%80%EA%B2%BD-%EA%B8%B0%ED%95%9C-%EC%9E%84%EB%B0%95
/situations/대여금-못-받음,빌려준 돈을 못 받을 때,빌려준 돈을 못 받을 때｜대여금 못 받을 때 | 다옴법무사사무소,친구·지인에게 빌려준 돈을 돌려받지 못하면?,situation,빌려준 돈을 못 받을 때,yes,https://xn--2j1br1na42lvxja38mk8r.kr/situations/%EB%8C%80%EC%97%AC%EA%B8%88-%EB%AA%BB-%EB%B0%9B%EC%9D%8C
/situations/채무자-재산-모름,채무자 재산을 모를 때,채무자 재산을 모를 때｜채무자 재산 조회 | 다옴법무사사무소,돈을 못 받는데 상대방 재산이 있는지 어떻게 알죠?,situation,채무자 재산을 모를 때,yes,https://xn--2j1br1na42lvxja38mk8r.kr/situations/%EC%B1%84%EB%AC%B4%EC%9E%90-%EC%9E%AC%EC%82%B0-%EB%AA%A8%EB%A6%84
/situations/공사대금-못-받음,공사대금·용역비 미수,공사대금·용역비 미수｜공사대금 못 받을 때 | 다옴법무사사무소,공사·용역 대금을 받지 못하면 어떻게 해야 하나요?,situation,공사대금·용역비 미수,yes,https://xn--2j1br1na42lvxja38mk8r.kr/situations/%EA%B3%B5%EC%82%AC%EB%8C%80%EA%B8%88-%EB%AA%BB-%EB%B0%9B%EC%9D%8C
/situations/판결-후-강제집행,판결 후 돈 안 들어올 때,판결 후 돈 안 들어올 때｜판결 후 강제집행 | 다옴법무사사무소,판결은 받았는데 돈이 들어오지 않으면?,situation,판결 후 돈 안 들어올 때,yes,https://xn--2j1br1na42lvxja38mk8r.kr/situations/%ED%8C%90%EA%B2%B0-%ED%9B%84-%EA%B0%95%EC%A0%9C%EC%A7%91%ED%96%89
/situations/계약금-반환-분쟁,계약금 반환 분쟁,계약금 반환 분쟁｜계약금 반환 분쟁 | 다옴법무사사무소,계약금만 받고 거래가 깨졌을 때 돌려줘야 하나요?,situation,계약금 반환 분쟁,yes,https://xn--2j1br1na42lvxja38mk8r.kr/situations/%EA%B3%84%EC%95%BD%EA%B8%88-%EB%B0%98%ED%99%98-%EB%B6%84%EC%9F%81
/situations/중고거래-분쟁,중고거래·직거래 분쟁,중고거래·직거래 분쟁｜중고거래 분쟁 | 다옴법무사사무소,중고거래에서 사기·하자·환불 문제가 생겼어요,situation,중고거래·직거래 분쟁,yes,https://xn--2j1br1na42lvxja38mk8r.kr/situations/%EC%A4%91%EA%B3%A0%EA%B1%B0%EB%9E%98-%EB%B6%84%EC%9F%81
/situations/내용증명-받았을-때,내용증명을 받았을 때,내용증명을 받았을 때｜내용증명 받았을 때 대응 | 다옴법무사사무소,내용증명을 받았는데 어떻게 대응해야 하나요?,situation,내용증명을 받았을 때,yes,https://xn--2j1br1na42lvxja38mk8r.kr/situations/%EB%82%B4%EC%9A%A9%EC%A6%9D%EB%AA%85-%EB%B0%9B%EC%95%98%EC%9D%84-%EB%95%8C
/situations/손해배상-청구,손해배상 청구·피청구,손해배상 청구·피청구｜손해배상 청구 | 다옴법무사사무소,손해배상을 청구(또는 당)하려면 무엇을 준비해야 하나요?,situation,손해배상 청구·피청구,yes,https://xn--2j1br1na42lvxja38mk8r.kr/situations/%EC%86%90%ED%95%B4%EB%B0%B0%EC%83%81-%EC%B2%AD%EA%B5%AC
/tools,법률 계산기,법률 계산기 — 기한·비용 검토 | 다옴법무사사무소,법률 계산기 — 기한·비용·서류를 대략 검토,tool,법률 계산기,yes,https://xn--2j1br1na42lvxja38mk8r.kr/tools
/tools/inheritance-registration-deadline,상속등기 기한 계산기,상속등기 기한은 언제까지 확인해야 할까요 | 다옴법무사사무소,상속등기 기한은 언제까지 확인해야 할까요?,tool,상속등기 기한,yes,https://xn--2j1br1na42lvxja38mk8r.kr/tools/inheritance-registration-deadline
/tools/inheritance-renunciation-deadline,상속포기·한정승인 3개월 기한,상속포기·한정승인 3개월 기한은 언제까지인가요 | 다옴법무사사무소,상속포기·한정승인 3개월 기한은 언제까지인가요?,tool,상속포기 3개월,yes,https://xn--2j1br1na42lvxja38mk8r.kr/tools/inheritance-renunciation-deadline
/tools/director-change-penalty-deadline,임원변경등기 과태료 위험일,법인 임원변경등기 과태료 위험일은 언제인가요 | 다옴법무사사무소,법인 임원변경등기 과태료 위험일은 언제인가요?,tool,임원변경등기 기한,yes,https://xn--2j1br1na42lvxja38mk8r.kr/tools/director-change-penalty-deadline
/tools/head-office-move-deadline,본점이전등기 기한,본점이전등기 기한은 언제까지인가요 | 다옴법무사사무소,본점이전등기 기한은 언제까지인가요?,tool,본점이전등기 기간,yes,https://xn--2j1br1na42lvxja38mk8r.kr/tools/head-office-move-deadline
/tools/jeonse-deposit-timeline,전세보증금 반환 대응 일정,전세보증금 반환 대응 일정은 어떻게 잡을까요 | 다옴법무사사무소,전세보증금 반환 대응 일정은 어떻게 잡을까요?,tool,전세보증금,yes,https://xn--2j1br1na42lvxja38mk8r.kr/tools/jeonse-deposit-timeline
/tools/payment-order-fee-check,지급명령 준비금액 체크,지급명령 신청 전 준비금액은 얼마나 될까요 | 다옴법무사사무소,지급명령 신청 전 준비금액은 얼마나 될까요?,tool,지급명령,yes,https://xn--2j1br1na42lvxja38mk8r.kr/tools/payment-order-fee-check
/tools/real-estate-documents-check,부동산등기 준비서류 체크,부동산등기에 어떤 서류가 필요할까요 | 다옴법무사사무소,부동산등기에 어떤 서류가 필요할까요?,tool,부동산등기,yes,https://xn--2j1br1na42lvxja38mk8r.kr/tools/real-estate-documents-check
/tools/rehab-income-debt-check,개인회생 소득·채무 체크,개인회생 상담 전 월 소득·채무를 점검해 볼까요 | 다옴법무사사무소,개인회생 상담 전 월 소득·채무를 점검해 볼까요?,tool,개인회생,yes,https://xn--2j1br1na42lvxja38mk8r.kr/tools/rehab-income-debt-check
/services/inheritance-registration,상속등기,전국 상속등기 법무사｜부산 방문 없이… | 다옴법무사사무소,전국 상속등기 상담,service,부산 상속등기,yes,https://xn--2j1br1na42lvxja38mk8r.kr/services/inheritance-registration
/services/inheritance-renunciation,상속포기,상속포기 절차·3개월 기한｜가정법원 신고·주의사항 | 다옴법무사사무소,상속포기 — 3개월 기한·채무 승계 차단,service,부산 상속포기,yes,https://xn--2j1br1na42lvxja38mk8r.kr/services/inheritance-renunciation
/services/qualified-acceptance,한정승인,한정승인 절차｜재산 범위 내 채무·재산목록 | 다옴법무사사무소,한정승인 — 재산 범위 내 채무만 책임질 때,service,부산 한정승인,yes,https://xn--2j1br1na42lvxja38mk8r.kr/services/qualified-acceptance
/services/real-estate-registration,부동산등기,부동산등기 절차·서류｜소유권·담보·말소 | 다옴법무사사무소,부동산등기 — 소유권·담보·말소 상담,service,부산 부동산등기,yes,https://xn--2j1br1na42lvxja38mk8r.kr/services/real-estate-registration
/services/ownership-transfer,소유권이전등기,소유권이전등기｜매매·잔금 후 명의이전 서류 | 다옴법무사사무소,소유권이전등기 — 매매·증여 명의변경,service,부산 소유권이전등기,yes,https://xn--2j1br1na42lvxja38mk8r.kr/services/ownership-transfer
/services/corporate-registration,법인등기,법인등기｜설립·임원변경·본점이전 절차 | 다옴법무사사무소,법인등기 — 설립·임원·본점 변경 상담,service,부산 법인등기,yes,https://xn--2j1br1na42lvxja38mk8r.kr/services/corporate-registration
/services/company-establishment,법인설립등기,법인설립등기 서류·절차｜정관·납입·인감 | 다옴법무사사무소,법인설립등기 — 준비서류와 설립 순서,service,부산 법인설립등기,yes,https://xn--2j1br1na42lvxja38mk8r.kr/services/company-establishment
/services/director-change,임원변경등기,임원변경등기 기한·과태료｜대표이사·이사 변경 | 다옴법무사사무소,임원변경등기 — 임기 만료·과태료 주의,service,부산 임원변경등기,yes,https://xn--2j1br1na42lvxja38mk8r.kr/services/director-change
/services/personal-rehabilitation,개인회생,개인회생 가능 여부｜소득·채무·변제계획 기준 | 다옴법무사사무소,개인회생 — 빚을 감당하기 어려울 때 판단 기준,service,부산 개인회생,yes,https://xn--2j1br1na42lvxja38mk8r.kr/services/personal-rehabilitation
/services/bankruptcy,파산,개인파산·면책｜신청 자격·회생과의 선택 | 다옴법무사사무소,개인파산·면책 — 신청 자격과 절차,service,부산 파산,yes,https://xn--2j1br1na42lvxja38mk8r.kr/services/bankruptcy
/blog/bankruptcy-vs-discharge-difference,개인파산과 면책의 차이,개인파산과 면책 차이｜부산 법무사 | 다옴법무사사무소,개인파산과 면책의 차이,blog,개인파산,yes,https://xn--2j1br1na42lvxja38mk8r.kr/blog/bankruptcy-vs-discharge-difference
/blog/bankruptcy-vs-personal-rehabilitation,파산과 개인회생의 차이,파산과 개인회생 차이 | 다옴법무사사무소,파산과 개인회생의 차이,blog,파산,yes,https://xn--2j1br1na42lvxja38mk8r.kr/blog/bankruptcy-vs-personal-rehabilitation
/blog/busan-company-establishment-documents,부산 법인설립등기 준비서류,부산 법인설립등기 준비서류｜센텀 법무사 | 다옴법무사사무소,부산 법인설립등기 준비서류,blog,법인설립,yes,https://xn--2j1br1na42lvxja38mk8r.kr/blog/busan-company-establishment-documents
/blog/busan-inheritance-consultation-prep,부산 상속등기 상담 전 준비사항,부산 상속등기 상담 전 준비｜해운대 법무사 | 다옴법무사사무소,부산 상속등기 상담 전 준비사항,blog,상속 상담,yes,https://xn--2j1br1na42lvxja38mk8r.kr/blog/busan-inheritance-consultation-prep
/blog/busan-inheritance-registration-procedure-documents,부산 상속등기 절차와 준비서류,부산 상속등기 절차·준비서류 | 다옴법무사사무소,부산 상속등기 절차와 준비서류,blog,상속등기,yes,https://xn--2j1br1na42lvxja38mk8r.kr/blog/busan-inheritance-registration-procedure-documents
/blog/busan-lawyer-consultation-documents,부산 법무사 상담 전 준비하면 좋은 서류,부산 법무사 상담 준비서류 | 다옴법무사사무소,부산 법무사 상담 전 준비하면 좋은 서류,blog,법무사 상담,yes,https://xn--2j1br1na42lvxja38mk8r.kr/blog/busan-lawyer-consultation-documents
/blog/busan-lawyer-jurisdiction-checklist,부산 법무사 고를 때 관할 등기소·법원부터 확인하는 이유,부산 법무사 관할 확인｜등기소·가정법원·회생법원 | 다옴법무사사무소,부산 법무사 고를 때 관할 등기소·법원부터 확인하는 이유,blog,부산 법무사,yes,https://xn--2j1br1na42lvxja38mk8r.kr/blog/busan-lawyer-jurisdiction-checklist
/blog/busan-lawyer-recommend-office-consult,"부산 법무사 추천·사무실·상담, 검색 전에 구분하는 방법",부산 법무사 추천·사무실·상담 구분 가이드 | 다옴법무사사무소,"부산 법무사 추천·사무실·상담, 검색 전에 구분하는 방법",blog,부산 법무사 추천,yes,https://xn--2j1br1na42lvxja38mk8r.kr/blog/busan-lawyer-recommend-office-consult
/blog/busan-real-estate-registration-documents,부산 부동산등기 준비서류,부산 부동산등기 준비서류｜해운대 법무사 | 다옴법무사사무소,부산 부동산등기 준비서류,blog,부동산등기 서류,yes,https://xn--2j1br1na42lvxja38mk8r.kr/blog/busan-real-estate-registration-documents
/blog/business-owner-rehabilitation-pre-check,사업자 개인회생 상담 전 확인사항,사업자 개인회생 상담 전 확인｜부산 법무사 | 다옴법무사사무소,사업자 개인회생 상담 전 확인사항,blog,사업자,yes,https://xn--2j1br1na42lvxja38mk8r.kr/blog/business-owner-rehabilitation-pre-check
/blog/centum-lawyer-visit-day-flow,"센텀 법무사 방문 상담, 하루 흐름과 준비물",센텀 법무사 방문상담 하루 흐름｜예약·준비물·후속 | 다옴법무사사무소,"센텀 법무사 방문 상담, 하루 흐름과 준비물",blog,센텀 법무사,yes,https://xn--2j1br1na42lvxja38mk8r.kr/blog/centum-lawyer-visit-day-flow
/blog/ceo-address-change-registration,대표이사 주소 변경등기,대표이사 주소 변경등기｜부산 법무사 | 다옴법무사사무소,대표이사 주소 변경등기,blog,대표이사,yes,https://xn--2j1br1na42lvxja38mk8r.kr/blog/ceo-address-change-registration
/blog/certified-mail-before-sending,내용증명 보내기 전 주의사항,내용증명 보내기 전 주의｜부산 법무사 | 다옴법무사사무소,내용증명 보내기 전 주의사항,blog,내용증명,yes,https://xn--2j1br1na42lvxja38mk8r.kr/blog/certified-mail-before-sending
/blog/company-establishment-registration-checklist,법인설립등기 전 확인할 사항,법인설립등기 전 확인사항 | 다옴법무사사무소,법인설립등기 전 확인할 사항,blog,법인설립,yes,https://xn--2j1br1na42lvxja38mk8r.kr/blog/company-establishment-registration-checklist
/blog/complaint-filing-required-materials,소장 작성 전 필요한 자료,소장 작성 전 필요 자료｜부산 법무사 | 다옴법무사사무소,소장 작성 전 필요한 자료,blog,소장,yes,https://xn--2j1br1na42lvxja38mk8r.kr/blog/complaint-filing-required-materials
/blog/corporate-name-change-registration,법인 상호변경등기,법인 상호변경등기｜부산 법무사 | 다옴법무사사무소,법인 상호변경등기,blog,상호변경,yes,https://xn--2j1br1na42lvxja38mk8r.kr/blog/corporate-name-change-registration
/blog/corporate-purpose-change-registration,법인 목적변경등기,법인 목적변경등기 절차｜부산 법무사 | 다옴법무사사무소,법인 목적변경등기,blog,목적변경,yes,https://xn--2j1br1na42lvxja38mk8r.kr/blog/corporate-purpose-change-registration
/blog/corporate-registration-penalty-cases,법인등기 과태료가 나오는 경우,법인등기 과태료 나는 경우｜부산 법무사 | 다옴법무사사무소,법인등기 과태료가 나오는 경우,blog,법인등기 과태료,yes,https://xn--2j1br1na42lvxja38mk8r.kr/blog/corporate-registration-penalty-cases
/blog/debt-collection-response-guide,채권추심이 올 때 대응,채권추심 대응 방법｜부산 법무사 | 다옴법무사사무소,채권추심이 올 때 대응,blog,채권추심,yes,https://xn--2j1br1na42lvxja38mk8r.kr/blog/debt-collection-response-guide
/blog/delayed-ownership-transfer-after-balance,잔금 후 소유권이전등기가 지연될 때,잔금 후 소유권이전등기 지연 대응｜부산 법무사 | 다옴법무사사무소,잔금 후 소유권이전등기가 지연될 때,blog,소유권이전등기,yes,https://xn--2j1br1na42lvxja38mk8r.kr/blog/delayed-ownership-transfer-after-balance
/blog/delaying-inheritance-registration-risks,상속등기를 미루면 생기는 문제,상속등기 미루면 생기는 문제 | 다옴법무사사무소,상속등기를 미루면 생기는 문제,blog,상속등기,yes,https://xn--2j1br1na42lvxja38mk8r.kr/blog/delaying-inheritance-registration-risks
/blog/director-change-registration-deadline-guide,법인 임원변경등기 기한과 준비,법인 임원변경등기 기한｜부산 법무사 | 다옴법무사사무소,법인 임원변경등기 기한과 준비,blog,임원변경등기,yes,https://xn--2j1br1na42lvxja38mk8r.kr/blog/director-change-registration-deadline-guide
/blog/director-change-registration-deadline-penalty,임원변경등기 기한과 과태료,임원변경등기 기한·과태료 | 다옴법무사사무소,임원변경등기 기한과 과태료,blog,임원변경,yes,https://xn--2j1br1na42lvxja38mk8r.kr/blog/director-change-registration-deadline-penalty
/blog/gift-registration-pre-check,증여등기 전에 확인할 사항,증여등기 전 확인사항｜부산 법무사 | 다옴법무사사무소,증여등기 전에 확인할 사항,blog,증여등기,yes,https://xn--2j1br1na42lvxja38mk8r.kr/blog/gift-registration-pre-check
/blog/head-office-move-in-out-district,본점이전등기 관내·관외 차이,본점이전등기 관내·관외 차이｜부산 법무사 | 다옴법무사사무소,본점이전등기 관내·관외 차이,blog,본점이전등기,yes,https://xn--2j1br1na42lvxja38mk8r.kr/blog/head-office-move-in-out-district
/blog/how-to-check-deceased-parent-debt,돌아가신 부모님 빚 확인 방법,돌아가신 부모님 빚 확인 방법｜부산 상속 법무사 | 다옴법무사사무소,돌아가신 부모님 빚 확인 방법,blog,상속 채무,yes,https://xn--2j1br1na42lvxja38mk8r.kr/blog/how-to-check-deceased-parent-debt
/blog/inheritance-division-agreement-cautions,상속재산분할협의서 작성 전 주의사항,상속재산분할협의서 작성 주의｜부산 법무사 | 다옴법무사사무소,상속재산분할협의서 작성 전 주의사항,blog,상속재산분할,yes,https://xn--2j1br1na42lvxja38mk8r.kr/blog/inheritance-division-agreement-cautions
/blog/inheritance-registration-documents-checklist,상속등기 필요서류 한눈에 보기,상속등기 필요서류 목록｜부산 법무사 | 다옴법무사사무소,상속등기 필요서류 한눈에 보기,blog,상속등기 서류,yes,https://xn--2j1br1na42lvxja38mk8r.kr/blog/inheritance-registration-documents-checklist
/blog/inheritance-registration-priority-after-parent-death,부모님 사망 후 상속등기를 먼저 해야 하나요,부모님 사망 후 상속등기 먼저? 순서… | 다옴법무사사무소,부모님 사망 후 상속등기를 먼저 해야 하나요,blog,상속등기,yes,https://xn--2j1br1na42lvxja38mk8r.kr/blog/inheritance-registration-priority-after-parent-death
/blog/inheritance-renunciation-vs-qualified-acceptance,상속포기와 한정승인의 차이,부산 상속포기·한정승인 비교 | 다옴법무사사무소,상속포기와 한정승인의 차이,blog,상속포기,yes,https://xn--2j1br1na42lvxja38mk8r.kr/blog/inheritance-renunciation-vs-qualified-acceptance
/blog/jeonse-deposit-return-certified-mail,전세보증금 반환 내용증명,전세보증금 반환 내용증명｜부산 법무사 | 다옴법무사사무소,전세보증금 반환 내용증명,blog,전세보증금,yes,https://xn--2j1br1na42lvxja38mk8r.kr/blog/jeonse-deposit-return-certified-mail
/blog/jeonse-right-cancellation-procedure,전세권 말소 절차,전세권 말소 절차｜부산 법무사 | 다옴법무사사무소,전세권 말소 절차,blog,전세권 말소,yes,https://xn--2j1br1na42lvxja38mk8r.kr/blog/jeonse-right-cancellation-procedure
/blog/jeonse-right-vs-lease-registration-order,전세권설정등기와 임차권등기명령 차이,전세권설정등기 vs 임차권등기명령 | 다옴법무사사무소,전세권설정등기와 임차권등기명령 차이,blog,전세권,yes,https://xn--2j1br1na42lvxja38mk8r.kr/blog/jeonse-right-vs-lease-registration-order
/blog/joint-ownership-registration-cautions,공동명의 등기 시 주의사항,공동명의 등기 주의사항｜부산 법무사 | 다옴법무사사무소,공동명의 등기 시 주의사항,blog,공동명의,yes,https://xn--2j1br1na42lvxja38mk8r.kr/blog/joint-ownership-registration-cautions
/blog/loan-repayment-claim-documents,대여금 반환청구 준비서류,대여금 반환청구 준비서류｜부산 법무사 | 다옴법무사사무소,대여금 반환청구 준비서류,blog,대여금,yes,https://xn--2j1br1na42lvxja38mk8r.kr/blog/loan-repayment-claim-documents
/blog/minor-heir-inheritance-guide,미성년자가 상속인일 때,미성년자 상속인 절차｜부산 법무사 | 다옴법무사사무소,미성년자가 상속인일 때,blog,미성년 상속인,yes,https://xn--2j1br1na42lvxja38mk8r.kr/blog/minor-heir-inheritance-guide
/blog/missed-director-term-expiry,임원 임기 만료를 놓쳤을 때,임원 임기 만료 놓쳤을 때｜부산 법무사 | 다옴법무사사무소,임원 임기 만료를 놓쳤을 때,blog,임원 임기,yes,https://xn--2j1br1na42lvxja38mk8r.kr/blog/missed-director-term-expiry
/blog/mortgage-cancellation-risks,근저당 말소를 안 하면 생기는 문제,근저당 말소 안 할 때 문제｜부산 법무사 | 다옴법무사사무소,근저당 말소를 안 하면 생기는 문제,blog,근저당 말소,yes,https://xn--2j1br1na42lvxja38mk8r.kr/blog/mortgage-cancellation-risks
/blog/new-apartment-ownership-transfer,신축아파트 소유권이전등기,신축아파트 소유권이전등기｜부산 법무사 | 다옴법무사사무소,신축아파트 소유권이전등기,blog,신축아파트,yes,https://xn--2j1br1na42lvxja38mk8r.kr/blog/new-apartment-ownership-transfer
/blog/one-person-company-establishment-checklist,1인 법인설립 체크리스트,1인 법인설립 체크리스트｜부산 법무사 | 다옴법무사사무소,1인 법인설립 체크리스트,blog,1인 법인,yes,https://xn--2j1br1na42lvxja38mk8r.kr/blog/one-person-company-establishment-checklist
/blog/overseas-heir-inheritance-busan,해외 거주 상속인이 있을 때,해외 거주 상속인 상속등기｜부산 법무사 | 다옴법무사사무소,해외 거주 상속인이 있을 때,blog,해외 상속인,yes,https://xn--2j1br1na42lvxja38mk8r.kr/blog/overseas-heir-inheritance-busan
/blog/payment-order-application-pre-check,지급명령 신청 전 확인사항,지급명령 신청 전 확인｜부산 법무사 | 다옴법무사사무소,지급명령 신청 전 확인사항,blog,지급명령,yes,https://xn--2j1br1na42lvxja38mk8r.kr/blog/payment-order-application-pre-check
/blog/personal-rehabilitation-before-application,개인회생 신청 전 확인할 점,개인회생 신청 전 확인사항 | 다옴법무사사무소,개인회생 신청 전 확인할 점,blog,개인회생,yes,https://xn--2j1br1na42lvxja38mk8r.kr/blog/personal-rehabilitation-before-application
/blog/personal-rehabilitation-consultation-documents,개인회생 상담 전 준비서류,개인회생 상담 전 준비서류｜부산 법무사 | 다옴법무사사무소,개인회생 상담 전 준비서류,blog,개인회생,yes,https://xn--2j1br1na42lvxja38mk8r.kr/blog/personal-rehabilitation-consultation-documents
/blog/real-estate-ownership-transfer-procedure,부동산 소유권이전등기 진행 절차,부동산 소유권이전등기 절차 | 다옴법무사사무소,부동산 소유권이전등기 진행 절차,blog,소유권이전등기,yes,https://xn--2j1br1na42lvxja38mk8r.kr/blog/real-estate-ownership-transfer-procedure
/blog/salaried-worker-rehabilitation-eligibility,급여소득자 개인회생 가능성,급여소득자 개인회생 가능성｜부산 법무사 | 다옴법무사사무소,급여소득자 개인회생 가능성,blog,급여소득자,yes,https://xn--2j1br1na42lvxja38mk8r.kr/blog/salaried-worker-rehabilitation-eligibility
/blog/startup-corporate-registration-checklist,스타트업 법인등기 실무 체크,스타트업 법인등기 실무 체크｜센텀 법무사 | 다옴법무사사무소,스타트업 법인등기 실무 체크,blog,스타트업,yes,https://xn--2j1br1na42lvxja38mk8r.kr/blog/startup-corporate-registration-checklist
/blog/three-months-after-death-inheritance,사망 후 3개월이 지났을 때,사망 후 3개월 지나면?｜부산 상속 법무사 | 다옴법무사사무소,사망 후 3개월이 지났을 때,blog,상속 3개월,yes,https://xn--2j1br1na42lvxja38mk8r.kr/blog/three-months-after-death-inheritance
/blog/when-jeonse-right-registration-needed,전세권 설정이 필요한 경우,전세권 설정이 필요한 경우｜부산 법무사 | 다옴법무사사무소,전세권 설정이 필요한 경우,blog,전세권,yes,https://xn--2j1br1na42lvxja38mk8r.kr/blog/when-jeonse-right-registration-needed
/blog/when-seller-withholds-registration-documents,매도인이 등기서류를 안 줄 때,매도인 등기서류 거부 대응｜부산 법무사 | 다옴법무사사무소,매도인이 등기서류를 안 줄 때,blog,매도인,yes,https://xn--2j1br1na42lvxja38mk8r.kr/blog/when-seller-withholds-registration-documents
/blog/when-siblings-refuse-inheritance-registration,형제가 상속등기 협조를 안 할 때,형제 상속등기 협조 거부 대응｜부산 법무사 | 다옴법무사사무소,형제가 상속등기 협조를 안 할 때,blog,공동상속,yes,https://xn--2j1br1na42lvxja38mk8r.kr/blog/when-siblings-refuse-inheritance-registration
/blog/when-to-consult-real-estate-registration-lawyer,부동산등기 법무사 상담이 필요한 경우,부동산등기 법무사 상담이 필요한 때｜부산 | 다옴법무사사무소,부동산등기 법무사 상담이 필요한 경우,blog,부동산등기 상담,yes,https://xn--2j1br1na42lvxja38mk8r.kr/blog/when-to-consult-real-estate-registration-lawyer
/services/cases/busan-personal-rehabilitation-consultation,부산 개인회생 상담 사례,부산 개인회생 상담 사례 | 다옴법무사사무소,부산 개인회생 상담 사례,case,개인회생,yes,https://xn--2j1br1na42lvxja38mk8r.kr/services/cases/busan-personal-rehabilitation-consultation
/services/cases/centum-ownership-transfer-case,센텀 부동산 소유권이전등기 사례,센텀 소유권이전등기 사례 | 다옴법무사사무소,센텀 부동산 소유권이전등기 사례,case,소유권이전등기,yes,https://xn--2j1br1na42lvxja38mk8r.kr/services/cases/centum-ownership-transfer-case
/services/cases/dongnae-qualified-acceptance-consultation,동래구 한정승인 상담 사례,동래구 한정승인 상담 사례 | 다옴법무사사무소,동래구 한정승인 상담 사례,case,한정승인,yes,https://xn--2j1br1na42lvxja38mk8r.kr/services/cases/dongnae-qualified-acceptance-consultation
/services/cases/gijang-land-inheritance-case,기장군 토지 상속등기 사례,기장군 토지 상속등기 사례 | 다옴법무사사무소,기장군 토지 상속등기 사례,case,상속등기,yes,https://xn--2j1br1na42lvxja38mk8r.kr/services/cases/gijang-land-inheritance-case
/services/cases/haeundae-inheritance-registration-case,해운대구 상속등기 사례,해운대구 상속등기 사례 | 다옴법무사사무소,해운대구 상속등기 사례,case,상속등기,yes,https://xn--2j1br1na42lvxja38mk8r.kr/services/cases/haeundae-inheritance-registration-case
/services/cases/jaesong-inheritance-renunciation-consultation,재송동 상속포기 상담 사례,재송동 상속포기 상담 사례 | 다옴법무사사무소,재송동 상속포기 상담 사례,case,상속포기,yes,https://xn--2j1br1na42lvxja38mk8r.kr/services/cases/jaesong-inheritance-renunciation-consultation
/services/cases/suyeong-company-establishment-case,수영구 법인설립등기 사례,수영구 법인설립등기 사례 | 다옴법무사사무소,수영구 법인설립등기 사례,case,법인설립,yes,https://xn--2j1br1na42lvxja38mk8r.kr/services/cases/suyeong-company-establishment-case
/services/cases/yeonje-director-change-case,연제구 임원변경등기 사례,연제구 임원변경등기 사례 | 다옴법무사사무소,연제구 임원변경등기 사례,case,임원변경,yes,https://xn--2j1br1na42lvxja38mk8r.kr/services/cases/yeonje-director-change-case
/faq/bankruptcy-discharge-faq,파산 면책이 되면 채무는 어떻게 되나요?,파산 면책이란｜면책 불허가 사유 | 다옴법무사사무소,파산 면책이 되면 채무는 어떻게 되나요?,faq,파산,yes,https://xn--2j1br1na42lvxja38mk8r.kr/faq/bankruptcy-discharge-faq
/faq/bankruptcy-vs-rehabilitation-faq,파산과 개인회생 중 무엇을 선택해야 하나요?,개인회생 vs 파산｜소득·재산별 선택 | 다옴법무사사무소,파산과 개인회생 중 무엇을 선택해야 하나요?,faq,파산,yes,https://xn--2j1br1na42lvxja38mk8r.kr/faq/bankruptcy-vs-rehabilitation-faq
/faq/capital-increase-registration-faq,유상증자 등기는 어떻게 하나요?,유상증자 등기｜절차·서류·등록면허세 | 다옴법무사사무소,유상증자 등기는 어떻게 하나요?,faq,유상증자,yes,https://xn--2j1br1na42lvxja38mk8r.kr/faq/capital-increase-registration-faq
/faq/company-establishment-documents-faq,법인설립등기에 필요한 서류는?,법인설립등기 필요서류｜정관·납입·인감 | 다옴법무사사무소,법인설립등기에 필요한 서류는?,faq,법인설립,yes,https://xn--2j1br1na42lvxja38mk8r.kr/faq/company-establishment-documents-faq
/faq/corporate-address-change-faq,법인 본점 이전 등기는 어떻게 하나요?,법인 본점이전등기｜관할·서류·절차 | 다옴법무사사무소,법인 본점 이전 등기는 어떻게 하나요?,faq,본점이전,yes,https://xn--2j1br1na42lvxja38mk8r.kr/faq/corporate-address-change-faq
/faq/director-change-deadline-faq,임원변경등기는 언제까지 해야 하나요?,임원변경등기 기한｜과태료·결의 후 신청 | 다옴법무사사무소,임원변경등기는 언제까지 해야 하나요?,faq,임원변경,yes,https://xn--2j1br1na42lvxja38mk8r.kr/faq/director-change-deadline-faq
/faq/gift-registration-faq,증여로 받은 부동산도 등기가 필요한가요?,증여등기 절차｜세금·서류·명의변경 | 다옴법무사사무소,증여로 받은 부동산도 등기가 필요한가요?,faq,증여,yes,https://xn--2j1br1na42lvxja38mk8r.kr/faq/gift-registration-faq
/faq/how-to-book-consultation-faq,상담은 어떻게 예약하나요?,법무사 상담 예약｜전화·카카오·방문 | 다옴법무사사무소,상담은 어떻게 예약하나요?,faq,상담,yes,https://xn--2j1br1na42lvxja38mk8r.kr/faq/how-to-book-consultation-faq
/faq/inheritance-registration-cost,상속등기 비용은 얼마나 드나요?,상속등기 비용｜전국 비대면 상담으로 … | 다옴법무사사무소,상속등기 비용은 얼마나 드나요?,faq,상속등기,yes,https://xn--2j1br1na42lvxja38mk8r.kr/faq/inheritance-registration-cost
/faq/inheritance-registration-with-mortgage,대출(저당권)이 있는 부동산도 상속등기가 되나요?,근저당 있는 부동산 상속등기｜대출·말소 확인 | 다옴법무사사무소,대출(저당권)이 있는 부동산도 상속등기가 되나요?,faq,상속등기,yes,https://xn--2j1br1na42lvxja38mk8r.kr/faq/inheritance-registration-with-mortgage
/faq/inheritance-renunciation-deadline,상속포기 신고 기한은 언제인가요?,상속포기 기한 3개월｜안 날부터 신고 절차 | 다옴법무사사무소,상속포기 신고 기한은 언제인가요?,faq,상속포기,yes,https://xn--2j1br1na42lvxja38mk8r.kr/faq/inheritance-renunciation-deadline
/faq/inheritance-renunciation-family-effect,상속포기하면 배우자·자녀에게 어떤 영향이 있나요?,상속포기 후 배우자·자녀 영향｜대습상속 주의 | 다옴법무사사무소,상속포기하면 배우자·자녀에게 어떤 영향이 있나요?,faq,상속포기,yes,https://xn--2j1br1na42lvxja38mk8r.kr/faq/inheritance-renunciation-family-effect
/faq/jeonse-registration-faq,전세권설정등기와 임차권등기명령 중 무엇이 좋나요?,전세권설정 vs 임차권등기명령｜차이·선택 | 다옴법무사사무소,전세권설정등기와 임차권등기명령 중 무엇이 좋나요?,faq,전세권,yes,https://xn--2j1br1na42lvxja38mk8r.kr/faq/jeonse-registration-faq
/faq/lawyer-fee-and-remote-faq,법무사 수임료는 어떻게 되나요?,법무사 수임료｜전국 비대면 상담 견적 | 다옴법무사사무소,법무사 수임료는 어떻게 되나요?,faq,상담,yes,https://xn--2j1br1na42lvxja38mk8r.kr/faq/lawyer-fee-and-remote-faq
/faq/multiple-heirs-inheritance-registration,상속인이 여러 명이면 어떻게 하나요?,상속인이 여럿일 때 상속등기｜협의분할·지분 | 다옴법무사사무소,상속인이 여러 명이면 어떻게 하나요?,faq,상속등기,yes,https://xn--2j1br1na42lvxja38mk8r.kr/faq/multiple-heirs-inheritance-registration
/faq/ownership-transfer-documents,소유권이전등기에 필요한 서류는?,소유권이전등기 서류｜매매·잔금 후 확인 | 다옴법무사사무소,소유권이전등기에 필요한 서류는?,faq,소유권이전등기,yes,https://xn--2j1br1na42lvxja38mk8r.kr/faq/ownership-transfer-documents
/faq/personal-rehabilitation-credit-faq,개인회생 후 신용에는 어떤 영향이 있나요?,개인회생 후 신용｜면책·거래 영향 | 다옴법무사사무소,개인회생 후 신용에는 어떤 영향이 있나요?,faq,개인회생,yes,https://xn--2j1br1na42lvxja38mk8r.kr/faq/personal-rehabilitation-credit-faq
/faq/personal-rehabilitation-documents-faq,개인회생 신청 시 필요한 서류는?,개인회생 필요서류｜급여·채무목록·재산 | 다옴법무사사무소,개인회생 신청 시 필요한 서류는?,faq,개인회생,yes,https://xn--2j1br1na42lvxja38mk8r.kr/faq/personal-rehabilitation-documents-faq
/faq/personal-rehabilitation-duration-faq,개인회생 절차는 얼마나 걸리나요?,개인회생 기간｜변제계획 3~5년 기준 | 다옴법무사사무소,개인회생 절차는 얼마나 걸리나요?,faq,개인회생,yes,https://xn--2j1br1na42lvxja38mk8r.kr/faq/personal-rehabilitation-duration-faq
/faq/personal-rehabilitation-eligibility-faq,개인회생 신청 자격은 어떻게 되나요?,개인회생 신청 자격｜소득·채무·재산 기준 | 다옴법무사사무소,개인회생 신청 자격은 어떻게 되나요?,faq,개인회생,yes,https://xn--2j1br1na42lvxja38mk8r.kr/faq/personal-rehabilitation-eligibility-faq
/faq/preservation-registration-faq,신축건물 보존등기는 언제 하나요?,보존등기란｜신축건물 소유권보존 | 다옴법무사사무소,신축건물 보존등기는 언제 하나요?,faq,보존등기,yes,https://xn--2j1br1na42lvxja38mk8r.kr/faq/preservation-registration-faq
/faq/public-agency-registration-faq,공공기관 등기업무도 법무사에게 맡길 수 있나요?,공공기관 관련 등기｜서류·절차 확인 | 다옴법무사사무소,공공기관 등기업무도 법무사에게 맡길 수 있나요?,faq,공공기관,yes,https://xn--2j1br1na42lvxja38mk8r.kr/faq/public-agency-registration-faq
/faq/qualified-acceptance-procedure,한정승인 절차는 어떻게 되나요?,한정승인 절차｜재산목록·가정법원 신고 | 다옴법무사사무소,한정승인 절차는 어떻게 되나요?,faq,한정승인,yes,https://xn--2j1br1na42lvxja38mk8r.kr/faq/qualified-acceptance-procedure
/faq/qualified-acceptance-vs-simple-acceptance,한정승인과 단순승인의 차이는?,한정승인 vs 단순승인｜채무 승계 차이 | 다옴법무사사무소,한정승인과 단순승인의 차이는?,faq,한정승인,yes,https://xn--2j1br1na42lvxja38mk8r.kr/faq/qualified-acceptance-vs-simple-acceptance
/faq/real-estate-divorce-registration,이혼 후 부동산 명의 변경은 어떻게 하나요?,이혼 후 부동산 명의변경｜재산분할등기 | 다옴법무사사무소,이혼 후 부동산 명의 변경은 어떻게 하나요?,faq,이혼,yes,https://xn--2j1br1na42lvxja38mk8r.kr/faq/real-estate-divorce-registration
/faq/renouncing-share-vs-full-renunciation,상속분 포기와 상속포기는 다른가요?,상속분 포기 vs 상속포기｜차이·선택 기준 | 다옴법무사사무소,상속분 포기와 상속포기는 다른가요?,faq,상속포기,yes,https://xn--2j1br1na42lvxja38mk8r.kr/faq/renouncing-share-vs-full-renunciation
/faq/what-is-inheritance-renunciation,상속포기란 무엇인가요?,상속포기란｜채무 승계 차단·가정법원 신고 | 다옴법무사사무소,상속포기란 무엇인가요?,faq,상속포기,yes,https://xn--2j1br1na42lvxja38mk8r.kr/faq/what-is-inheritance-renunciation
/faq/what-is-qualified-acceptance,한정승인이란 무엇인가요?,한정승인이란｜재산 범위 내 채무만 책임 | 다옴법무사사무소,한정승인이란 무엇인가요?,faq,한정승인,yes,https://xn--2j1br1na42lvxja38mk8r.kr/faq/what-is-qualified-acceptance
/faq/when-to-choose-qualified-acceptance,언제 한정승인을 선택하나요?,한정승인 선택 시기｜채무 불분명할 때 | 다옴법무사사무소,언제 한정승인을 선택하나요?,faq,한정승인,yes,https://xn--2j1br1na42lvxja38mk8r.kr/faq/when-to-choose-qualified-acceptance
/faq/when-to-file-inheritance-registration,상속등기는 언제까지 해야 하나요?,상속등기 기한｜사망 후 언제까지｜절차·과태료 | 다옴법무사사무소,상속등기는 언제까지 해야 하나요?,faq,상속등기,yes,https://xn--2j1br1na42lvxja38mk8r.kr/faq/when-to-file-inheritance-registration
/faq/who-can-file-bankruptcy-faq,누가 파산을 신청할 수 있나요?,개인파산 신청 자격｜면책 가능 여부 | 다옴법무사사무소,누가 파산을 신청할 수 있나요?,faq,파산,yes,https://xn--2j1br1na42lvxja38mk8r.kr/faq/who-can-file-bankruptcy-faq
/faq/who-needs-inheritance-registration,누가 상속등기를 해야 하나요?,상속등기가 필요한 경우｜공동상속·명의변경 | 다옴법무사사무소,누가 상속등기를 해야 하나요?,faq,상속등기,yes,https://xn--2j1br1na42lvxja38mk8r.kr/faq/who-needs-inheritance-registration
/media/weeklypeople-youth-judicial-scrivener-ahn,지역 법조계에 활력이 되는 청년 법무사! - 안윤정 다옴법무사사무소 대표 법무사,주간인물 — 지역 법조계에 활력이 되… | 다옴법무사사무소,지역 법조계에 활력이 되는 청년 법무사! - 안윤정 다옴법무사사무소 대표 법무사,media,주간인물,yes,https://xn--2j1br1na42lvxja38mk8r.kr/media/weeklypeople-youth-judicial-scrivener-ahn
/media/busan-mbc-news-fuel-price-relief-expert,부산 MBC NEWS 전문가 출연,부산 MBC NEWS — 부산 MBC… | 다옴법무사사무소,부산 MBC NEWS 전문가 출연,media,부산 MBC NEWS,yes,https://xn--2j1br1na42lvxja38mk8r.kr/media/busan-mbc-news-fuel-price-relief-expert
/media/busan-ilbo-bar-association-64th-general-assembly,부산지방법무사회 제64회 정기총회 개최,부산일보 — 부산지방법무사회 제64회… | 다옴법무사사무소,부산지방법무사회 제64회 정기총회 개최,media,부산일보,yes,https://xn--2j1br1na42lvxja38mk8r.kr/media/busan-ilbo-bar-association-64th-general-assembly
/media/kukje-sinmun-bar-association-64th-general-assembly,부산지방법무사회 정기총회 “공익 법률서비스 확대 강화”,국제신문 — 부산지방법무사회 정기총회… | 다옴법무사사무소,부산지방법무사회 정기총회 “공익 법률서비스 확대 강화”,media,국제신문,yes,https://xn--2j1br1na42lvxja38mk8r.kr/media/kukje-sinmun-bar-association-64th-general-assembly
/media/beopryul-sinmun-bar-association-64th-general-assembly,"부산지방법무사회, 제64회 정기총회 개최","법률신문 — 부산지방법무사회, 제64… | 다옴법무사사무소","부산지방법무사회, 제64회 정기총회 개최",media,법률신문,yes,https://xn--2j1br1na42lvxja38mk8r.kr/media/beopryul-sinmun-bar-association-64th-general-assembly
/cases,사례 탐색기,사례 탐색기 — 부산 법무사 실무 사례 | 다옴법무사사무소,나와 비슷한 사례를 찾아보세요,core,부산 법무사 사례,no,https://xn--2j1br1na42lvxja38mk8r.kr/cases
/업무사례,업무 사례,업무 사례｜부산 법무사 지역·업무별 안내 | 다옴법무사사무소,부산 법무사 업무 사례를 지역과 업무로 찾아보세요,case,부산 법무사 사례,yes,https://xn--2j1br1na42lvxja38mk8r.kr/%EC%97%85%EB%AC%B4%EC%82%AC%EB%A1%80
/업무사례/지역별,지역별 업무 사례,지역별 업무 사례｜부산 구·군·동·생… | 다옴법무사사무소,부산 지역별 법무사 업무 사례 찾기,case,부산 지역별 법무사,yes,https://xn--2j1br1na42lvxja38mk8r.kr/%EC%97%85%EB%AC%B4%EC%82%AC%EB%A1%80/%EC%A7%80%EC%97%AD%EB%B3%84
/업무사례/업무별,업무별 업무 사례,업무별 업무 사례｜상속·부동산·법인·회생 | 다옴법무사사무소,업무별로 사례와 안내를 찾아보세요,case,부산 법무사 업무별 사례,yes,https://xn--2j1br1na42lvxja38mk8r.kr/%EC%97%85%EB%AC%B4%EC%82%AC%EB%A1%80/%EC%97%85%EB%AC%B4%EB%B3%84
/업무사례/부산법무사,부산 법무사 업무 사례,부산 법무사 업무 사례 | 상속등기·… | 다옴법무사사무소,부산 법무사 업무 사례 | 상속등기·부동산등기 상담 안내,case,부산 법무사,yes,https://xn--2j1br1na42lvxja38mk8r.kr/%EC%97%85%EB%AC%B4%EC%82%AC%EB%A1%80/%EB%B6%80%EC%82%B0%EB%B2%95%EB%AC%B4%EC%82%AC
/업무사례/중구법무사,중구 법무사 업무 사례,중구 법무사 업무 사례 | 상속등기·… | 다옴법무사사무소,중구 법무사 업무 사례 | 상속등기·부동산등기 상담 안내,case,중구 법무사,yes,https://xn--2j1br1na42lvxja38mk8r.kr/%EC%97%85%EB%AC%B4%EC%82%AC%EB%A1%80/%EC%A4%91%EA%B5%AC%EB%B2%95%EB%AC%B4%EC%82%AC
/업무사례/부산영주동법무사,부산 영주동 법무사 업무 사례,부산 영주동 법무사 업무 사례 | 상… | 다옴법무사사무소,부산 영주동 법무사 업무 사례 | 상속등기·부동산등기 상담 안내,case,부산 영주동 법무사,yes,https://xn--2j1br1na42lvxja38mk8r.kr/%EC%97%85%EB%AC%B4%EC%82%AC%EB%A1%80/%EB%B6%80%EC%82%B0%EC%98%81%EC%A3%BC%EB%8F%99%EB%B2%95%EB%AC%B4%EC%82%AC
/업무사례/부산대청동법무사,부산 대청동 법무사 업무 사례,부산 대청동 법무사 업무 사례 | 상… | 다옴법무사사무소,부산 대청동 법무사 업무 사례 | 상속등기·부동산등기 상담 안내,case,부산 대청동 법무사,yes,https://xn--2j1br1na42lvxja38mk8r.kr/%EC%97%85%EB%AC%B4%EC%82%AC%EB%A1%80/%EB%B6%80%EC%82%B0%EB%8C%80%EC%B2%AD%EB%8F%99%EB%B2%95%EB%AC%B4%EC%82%AC
/업무사례/부산동광동법무사,부산 동광동 법무사 업무 사례,부산 동광동 법무사 업무 사례 | 상… | 다옴법무사사무소,부산 동광동 법무사 업무 사례 | 상속등기·부동산등기 상담 안내,case,부산 동광동 법무사,yes,https://xn--2j1br1na42lvxja38mk8r.kr/%EC%97%85%EB%AC%B4%EC%82%AC%EB%A1%80/%EB%B6%80%EC%82%B0%EB%8F%99%EA%B4%91%EB%8F%99%EB%B2%95%EB%AC%B4%EC%82%AC
/업무사례/부산보수동법무사,부산 보수동 법무사 업무 사례,부산 보수동 법무사 업무 사례 | 상… | 다옴법무사사무소,부산 보수동 법무사 업무 사례 | 상속등기·부동산등기 상담 안내,case,부산 보수동 법무사,yes,https://xn--2j1br1na42lvxja38mk8r.kr/%EC%97%85%EB%AC%B4%EC%82%AC%EB%A1%80/%EB%B6%80%EC%82%B0%EB%B3%B4%EC%88%98%EB%8F%99%EB%B2%95%EB%AC%B4%EC%82%AC
/업무사례/부산신창동법무사,부산 신창동 법무사 업무 사례,부산 신창동 법무사 업무 사례 | 상… | 다옴법무사사무소,부산 신창동 법무사 업무 사례 | 상속등기·부동산등기 상담 안내,case,부산 신창동 법무사,yes,https://xn--2j1br1na42lvxja38mk8r.kr/%EC%97%85%EB%AC%B4%EC%82%AC%EB%A1%80/%EB%B6%80%EC%82%B0%EC%8B%A0%EC%B0%BD%EB%8F%99%EB%B2%95%EB%AC%B4%EC%82%AC
/업무사례/부산창선동법무사,부산 창선동 법무사 업무 사례,부산 창선동 법무사 업무 사례 | 상… | 다옴법무사사무소,부산 창선동 법무사 업무 사례 | 상속등기·부동산등기 상담 안내,case,부산 창선동 법무사,yes,https://xn--2j1br1na42lvxja38mk8r.kr/%EC%97%85%EB%AC%B4%EC%82%AC%EB%A1%80/%EB%B6%80%EC%82%B0%EC%B0%BD%EC%84%A0%EB%8F%99%EB%B2%95%EB%AC%B4%EC%82%AC
/업무사례/부산대창동법무사,부산 대창동 법무사 업무 사례,부산 대창동 법무사 업무 사례 | 상… | 다옴법무사사무소,부산 대창동 법무사 업무 사례 | 상속등기·부동산등기 상담 안내,case,부산 대창동 법무사,yes,https://xn--2j1br1na42lvxja38mk8r.kr/%EC%97%85%EB%AC%B4%EC%82%AC%EB%A1%80/%EB%B6%80%EC%82%B0%EB%8C%80%EC%B0%BD%EB%8F%99%EB%B2%95%EB%AC%B4%EC%82%AC
/업무사례/부산남포동법무사,부산 남포동 법무사 업무 사례,부산 남포동 법무사 업무 사례 | 상… | 다옴법무사사무소,부산 남포동 법무사 업무 사례 | 상속등기·부동산등기 상담 안내,case,부산 남포동 법무사,yes,https://xn--2j1br1na42lvxja38mk8r.kr/%EC%97%85%EB%AC%B4%EC%82%AC%EB%A1%80/%EB%B6%80%EC%82%B0%EB%82%A8%ED%8F%AC%EB%8F%99%EB%B2%95%EB%AC%B4%EC%82%AC
/업무사례/부산광복동법무사,부산 광복동 법무사 업무 사례,부산 광복동 법무사 업무 사례 | 상… | 다옴법무사사무소,부산 광복동 법무사 업무 사례 | 상속등기·부동산등기 상담 안내,case,부산 광복동 법무사,yes,https://xn--2j1br1na42lvxja38mk8r.kr/%EC%97%85%EB%AC%B4%EC%82%AC%EB%A1%80/%EB%B6%80%EC%82%B0%EA%B4%91%EB%B3%B5%EB%8F%99%EB%B2%95%EB%AC%B4%EC%82%AC
/업무사례/부산부평동법무사,부산 부평동 법무사 업무 사례,부산 부평동 법무사 업무 사례 | 상… | 다옴법무사사무소,부산 부평동 법무사 업무 사례 | 상속등기·부동산등기 상담 안내,case,부산 부평동 법무사,yes,https://xn--2j1br1na42lvxja38mk8r.kr/%EC%97%85%EB%AC%B4%EC%82%AC%EB%A1%80/%EB%B6%80%EC%82%B0%EB%B6%80%ED%8F%89%EB%8F%99%EB%B2%95%EB%AC%B4%EC%82%AC
/업무사례/부산중앙동법무사,부산 중앙동 법무사 업무 사례,부산 중앙동 법무사 업무 사례 | 상… | 다옴법무사사무소,부산 중앙동 법무사 업무 사례 | 상속등기·부동산등기 상담 안내,case,부산 중앙동 법무사,yes,https://xn--2j1br1na42lvxja38mk8r.kr/%EC%97%85%EB%AC%B4%EC%82%AC%EB%A1%80/%EB%B6%80%EC%82%B0%EC%A4%91%EC%95%99%EB%8F%99%EB%B2%95%EB%AC%B4%EC%82%AC
/업무사례/서구법무사,서구 법무사 업무 사례,서구 법무사 업무 사례 | 상속등기·… | 다옴법무사사무소,서구 법무사 업무 사례 | 상속등기·부동산등기 상담 안내,case,서구 법무사,yes,https://xn--2j1br1na42lvxja38mk8r.kr/%EC%97%85%EB%AC%B4%EC%82%AC%EB%A1%80/%EC%84%9C%EA%B5%AC%EB%B2%95%EB%AC%B4%EC%82%AC
/업무사례/부산남부민동법무사,부산 남부민동 법무사 업무 사례,부산 남부민동 법무사 업무 사례 | … | 다옴법무사사무소,부산 남부민동 법무사 업무 사례 | 상속등기·부동산등기 상담 안내,case,부산 남부민동 법무사,yes,https://xn--2j1br1na42lvxja38mk8r.kr/%EC%97%85%EB%AC%B4%EC%82%AC%EB%A1%80/%EB%B6%80%EC%82%B0%EB%82%A8%EB%B6%80%EB%AF%BC%EB%8F%99%EB%B2%95%EB%AC%B4%EC%82%AC
/업무사례/부산부민동법무사,부산 부민동 법무사 업무 사례,부산 부민동 법무사 업무 사례 | 상… | 다옴법무사사무소,부산 부민동 법무사 업무 사례 | 상속등기·부동산등기 상담 안내,case,부산 부민동 법무사,yes,https://xn--2j1br1na42lvxja38mk8r.kr/%EC%97%85%EB%AC%B4%EC%82%AC%EB%A1%80/%EB%B6%80%EC%82%B0%EB%B6%80%EB%AF%BC%EB%8F%99%EB%B2%95%EB%AC%B4%EC%82%AC
/업무사례/부산부용동법무사,부산 부용동 법무사 업무 사례,부산 부용동 법무사 업무 사례 | 상… | 다옴법무사사무소,부산 부용동 법무사 업무 사례 | 상속등기·부동산등기 상담 안내,case,부산 부용동 법무사,yes,https://xn--2j1br1na42lvxja38mk8r.kr/%EC%97%85%EB%AC%B4%EC%82%AC%EB%A1%80/%EB%B6%80%EC%82%B0%EB%B6%80%EC%9A%A9%EB%8F%99%EB%B2%95%EB%AC%B4%EC%82%AC
/업무사례/부산아미동법무사,부산 아미동 법무사 업무 사례,부산 아미동 법무사 업무 사례 | 상… | 다옴법무사사무소,부산 아미동 법무사 업무 사례 | 상속등기·부동산등기 상담 안내,case,부산 아미동 법무사,yes,https://xn--2j1br1na42lvxja38mk8r.kr/%EC%97%85%EB%AC%B4%EC%82%AC%EB%A1%80/%EB%B6%80%EC%82%B0%EC%95%84%EB%AF%B8%EB%8F%99%EB%B2%95%EB%AC%B4%EC%82%AC
/업무사례/부산초장동법무사,부산 초장동 법무사 업무 사례,부산 초장동 법무사 업무 사례 | 상… | 다옴법무사사무소,부산 초장동 법무사 업무 사례 | 상속등기·부동산등기 상담 안내,case,부산 초장동 법무사,yes,https://xn--2j1br1na42lvxja38mk8r.kr/%EC%97%85%EB%AC%B4%EC%82%AC%EB%A1%80/%EB%B6%80%EC%82%B0%EC%B4%88%EC%9E%A5%EB%8F%99%EB%B2%95%EB%AC%B4%EC%82%AC
/업무사례/부산충무동법무사,부산 충무동 법무사 업무 사례,부산 충무동 법무사 업무 사례 | 상… | 다옴법무사사무소,부산 충무동 법무사 업무 사례 | 상속등기·부동산등기 상담 안내,case,부산 충무동 법무사,yes,https://xn--2j1br1na42lvxja38mk8r.kr/%EC%97%85%EB%AC%B4%EC%82%AC%EB%A1%80/%EB%B6%80%EC%82%B0%EC%B6%A9%EB%AC%B4%EB%8F%99%EB%B2%95%EB%AC%B4%EC%82%AC
/업무사례/부산토성동법무사,부산 토성동 법무사 업무 사례,부산 토성동 법무사 업무 사례 | 상… | 다옴법무사사무소,부산 토성동 법무사 업무 사례 | 상속등기·부동산등기 상담 안내,case,부산 토성동 법무사,yes,https://xn--2j1br1na42lvxja38mk8r.kr/%EC%97%85%EB%AC%B4%EC%82%AC%EB%A1%80/%EB%B6%80%EC%82%B0%ED%86%A0%EC%84%B1%EB%8F%99%EB%B2%95%EB%AC%B4%EC%82%AC
/업무사례/부산서대신동법무사,부산 서대신동 법무사 업무 사례,부산 서대신동 법무사 업무 사례 | … | 다옴법무사사무소,부산 서대신동 법무사 업무 사례 | 상속등기·부동산등기 상담 안내,case,부산 서대신동 법무사,yes,https://xn--2j1br1na42lvxja38mk8r.kr/%EC%97%85%EB%AC%B4%EC%82%AC%EB%A1%80/%EB%B6%80%EC%82%B0%EC%84%9C%EB%8C%80%EC%8B%A0%EB%8F%99%EB%B2%95%EB%AC%B4%EC%82%AC
/업무사례/부산동대신동법무사,부산 동대신동 법무사 업무 사례,부산 동대신동 법무사 업무 사례 | … | 다옴법무사사무소,부산 동대신동 법무사 업무 사례 | 상속등기·부동산등기 상담 안내,case,부산 동대신동 법무사,yes,https://xn--2j1br1na42lvxja38mk8r.kr/%EC%97%85%EB%AC%B4%EC%82%AC%EB%A1%80/%EB%B6%80%EC%82%B0%EB%8F%99%EB%8C%80%EC%8B%A0%EB%8F%99%EB%B2%95%EB%AC%B4%EC%82%AC
/업무사례/부산암남동법무사,부산 암남동 법무사 업무 사례,부산 암남동 법무사 업무 사례 | 상… | 다옴법무사사무소,부산 암남동 법무사 업무 사례 | 상속등기·부동산등기 상담 안내,case,부산 암남동 법무사,yes,https://xn--2j1br1na42lvxja38mk8r.kr/%EC%97%85%EB%AC%B4%EC%82%AC%EB%A1%80/%EB%B6%80%EC%82%B0%EC%95%94%EB%82%A8%EB%8F%99%EB%B2%95%EB%AC%B4%EC%82%AC
/업무사례/동구법무사,동구 법무사 업무 사례,동구 법무사 업무 사례 | 상속등기·… | 다옴법무사사무소,동구 법무사 업무 사례 | 상속등기·부동산등기 상담 안내,case,동구 법무사,yes,https://xn--2j1br1na42lvxja38mk8r.kr/%EC%97%85%EB%AC%B4%EC%82%AC%EB%A1%80/%EB%8F%99%EA%B5%AC%EB%B2%95%EB%AC%B4%EC%82%AC
/업무사례/부산초량동법무사,부산 초량동 법무사 업무 사례,부산 초량동 법무사 업무 사례 | 상… | 다옴법무사사무소,부산 초량동 법무사 업무 사례 | 상속등기·부동산등기 상담 안내,case,부산 초량동 법무사,yes,https://xn--2j1br1na42lvxja38mk8r.kr/%EC%97%85%EB%AC%B4%EC%82%AC%EB%A1%80/%EB%B6%80%EC%82%B0%EC%B4%88%EB%9F%89%EB%8F%99%EB%B2%95%EB%AC%B4%EC%82%AC
/업무사례/부산수정동법무사,부산 수정동 법무사 업무 사례,부산 수정동 법무사 업무 사례 | 상… | 다옴법무사사무소,부산 수정동 법무사 업무 사례 | 상속등기·부동산등기 상담 안내,case,부산 수정동 법무사,yes,https://xn--2j1br1na42lvxja38mk8r.kr/%EC%97%85%EB%AC%B4%EC%82%AC%EB%A1%80/%EB%B6%80%EC%82%B0%EC%88%98%EC%A0%95%EB%8F%99%EB%B2%95%EB%AC%B4%EC%82%AC
/업무사례/부산좌천동법무사,부산 좌천동 법무사 업무 사례,부산 좌천동 법무사 업무 사례 | 상… | 다옴법무사사무소,부산 좌천동 법무사 업무 사례 | 상속등기·부동산등기 상담 안내,case,부산 좌천동 법무사,yes,https://xn--2j1br1na42lvxja38mk8r.kr/%EC%97%85%EB%AC%B4%EC%82%AC%EB%A1%80/%EB%B6%80%EC%82%B0%EC%A2%8C%EC%B2%9C%EB%8F%99%EB%B2%95%EB%AC%B4%EC%82%AC
/업무사례/부산범일동법무사,부산 범일동 법무사 업무 사례,부산 범일동 법무사 업무 사례 | 상… | 다옴법무사사무소,부산 범일동 법무사 업무 사례 | 상속등기·부동산등기 상담 안내,case,부산 범일동 법무사,yes,https://xn--2j1br1na42lvxja38mk8r.kr/%EC%97%85%EB%AC%B4%EC%82%AC%EB%A1%80/%EB%B6%80%EC%82%B0%EB%B2%94%EC%9D%BC%EB%8F%99%EB%B2%95%EB%AC%B4%EC%82%AC
/업무사례/영도구법무사,영도구 법무사 업무 사례,영도구 법무사 업무 사례 | 상속등기… | 다옴법무사사무소,영도구 법무사 업무 사례 | 상속등기·부동산등기 상담 안내,case,영도구 법무사,yes,https://xn--2j1br1na42lvxja38mk8r.kr/%EC%97%85%EB%AC%B4%EC%82%AC%EB%A1%80/%EC%98%81%EB%8F%84%EA%B5%AC%EB%B2%95%EB%AC%B4%EC%82%AC
/업무사례/부산남항동법무사,부산 남항동 법무사 업무 사례,부산 남항동 법무사 업무 사례 | 상… | 다옴법무사사무소,부산 남항동 법무사 업무 사례 | 상속등기·부동산등기 상담 안내,case,부산 남항동 법무사,yes,https://xn--2j1br1na42lvxja38mk8r.kr/%EC%97%85%EB%AC%B4%EC%82%AC%EB%A1%80/%EB%B6%80%EC%82%B0%EB%82%A8%ED%95%AD%EB%8F%99%EB%B2%95%EB%AC%B4%EC%82%AC
/업무사례/부산대교동법무사,부산 대교동 법무사 업무 사례,부산 대교동 법무사 업무 사례 | 상… | 다옴법무사사무소,부산 대교동 법무사 업무 사례 | 상속등기·부동산등기 상담 안내,case,부산 대교동 법무사,yes,https://xn--2j1br1na42lvxja38mk8r.kr/%EC%97%85%EB%AC%B4%EC%82%AC%EB%A1%80/%EB%B6%80%EC%82%B0%EB%8C%80%EA%B5%90%EB%8F%99%EB%B2%95%EB%AC%B4%EC%82%AC
/업무사례/부산대평동법무사,부산 대평동 법무사 업무 사례,부산 대평동 법무사 업무 사례 | 상… | 다옴법무사사무소,부산 대평동 법무사 업무 사례 | 상속등기·부동산등기 상담 안내,case,부산 대평동 법무사,yes,https://xn--2j1br1na42lvxja38mk8r.kr/%EC%97%85%EB%AC%B4%EC%82%AC%EB%A1%80/%EB%B6%80%EC%82%B0%EB%8C%80%ED%8F%89%EB%8F%99%EB%B2%95%EB%AC%B4%EC%82%AC
/업무사례/부산동삼동법무사,부산 동삼동 법무사 업무 사례,부산 동삼동 법무사 업무 사례 | 상… | 다옴법무사사무소,부산 동삼동 법무사 업무 사례 | 상속등기·부동산등기 상담 안내,case,부산 동삼동 법무사,yes,https://xn--2j1br1na42lvxja38mk8r.kr/%EC%97%85%EB%AC%B4%EC%82%AC%EB%A1%80/%EB%B6%80%EC%82%B0%EB%8F%99%EC%82%BC%EB%8F%99%EB%B2%95%EB%AC%B4%EC%82%AC
/업무사례/부산봉래동법무사,부산 봉래동 법무사 업무 사례,부산 봉래동 법무사 업무 사례 | 상… | 다옴법무사사무소,부산 봉래동 법무사 업무 사례 | 상속등기·부동산등기 상담 안내,case,부산 봉래동 법무사,yes,https://xn--2j1br1na42lvxja38mk8r.kr/%EC%97%85%EB%AC%B4%EC%82%AC%EB%A1%80/%EB%B6%80%EC%82%B0%EB%B4%89%EB%9E%98%EB%8F%99%EB%B2%95%EB%AC%B4%EC%82%AC
/업무사례/부산신선동법무사,부산 신선동 법무사 업무 사례,부산 신선동 법무사 업무 사례 | 상… | 다옴법무사사무소,부산 신선동 법무사 업무 사례 | 상속등기·부동산등기 상담 안내,case,부산 신선동 법무사,yes,https://xn--2j1br1na42lvxja38mk8r.kr/%EC%97%85%EB%AC%B4%EC%82%AC%EB%A1%80/%EB%B6%80%EC%82%B0%EC%8B%A0%EC%84%A0%EB%8F%99%EB%B2%95%EB%AC%B4%EC%82%AC
/업무사례/부산영선동법무사,부산 영선동 법무사 업무 사례,부산 영선동 법무사 업무 사례 | 상… | 다옴법무사사무소,부산 영선동 법무사 업무 사례 | 상속등기·부동산등기 상담 안내,case,부산 영선동 법무사,yes,https://xn--2j1br1na42lvxja38mk8r.kr/%EC%97%85%EB%AC%B4%EC%82%AC%EB%A1%80/%EB%B6%80%EC%82%B0%EC%98%81%EC%84%A0%EB%8F%99%EB%B2%95%EB%AC%B4%EC%82%AC
/업무사례/부산청학동법무사,부산 청학동 법무사 업무 사례,부산 청학동 법무사 업무 사례 | 상… | 다옴법무사사무소,부산 청학동 법무사 업무 사례 | 상속등기·부동산등기 상담 안내,case,부산 청학동 법무사,yes,https://xn--2j1br1na42lvxja38mk8r.kr/%EC%97%85%EB%AC%B4%EC%82%AC%EB%A1%80/%EB%B6%80%EC%82%B0%EC%B2%AD%ED%95%99%EB%8F%99%EB%B2%95%EB%AC%B4%EC%82%AC
/업무사례/부산진구법무사,부산진구 법무사 업무 사례,부산진구 법무사 업무 사례 | 상속등… | 다옴법무사사무소,부산진구 법무사 업무 사례 | 상속등기·부동산등기 상담 안내,case,부산진구 법무사,yes,https://xn--2j1br1na42lvxja38mk8r.kr/%EC%97%85%EB%AC%B4%EC%82%AC%EB%A1%80/%EB%B6%80%EC%82%B0%EC%A7%84%EA%B5%AC%EB%B2%95%EB%AC%B4%EC%82%AC
/업무사례/부산가야동법무사,부산 가야동 법무사 업무 사례,부산 가야동 법무사 업무 사례 | 상… | 다옴법무사사무소,부산 가야동 법무사 업무 사례 | 상속등기·부동산등기 상담 안내,case,부산 가야동 법무사,yes,https://xn--2j1br1na42lvxja38mk8r.kr/%EC%97%85%EB%AC%B4%EC%82%AC%EB%A1%80/%EB%B6%80%EC%82%B0%EA%B0%80%EC%95%BC%EB%8F%99%EB%B2%95%EB%AC%B4%EC%82%AC
/업무사례/부산개금동법무사,부산 개금동 법무사 업무 사례,부산 개금동 법무사 업무 사례 | 상… | 다옴법무사사무소,부산 개금동 법무사 업무 사례 | 상속등기·부동산등기 상담 안내,case,부산 개금동 법무사,yes,https://xn--2j1br1na42lvxja38mk8r.kr/%EC%97%85%EB%AC%B4%EC%82%AC%EB%A1%80/%EB%B6%80%EC%82%B0%EA%B0%9C%EA%B8%88%EB%8F%99%EB%B2%95%EB%AC%B4%EC%82%AC
/업무사례/부산당감동법무사,부산 당감동 법무사 업무 사례,부산 당감동 법무사 업무 사례 | 상… | 다옴법무사사무소,부산 당감동 법무사 업무 사례 | 상속등기·부동산등기 상담 안내,case,부산 당감동 법무사,yes,https://xn--2j1br1na42lvxja38mk8r.kr/%EC%97%85%EB%AC%B4%EC%82%AC%EB%A1%80/%EB%B6%80%EC%82%B0%EB%8B%B9%EA%B0%90%EB%8F%99%EB%B2%95%EB%AC%B4%EC%82%AC
/업무사례/부산범전동법무사,부산 범전동 법무사 업무 사례,부산 범전동 법무사 업무 사례 | 상… | 다옴법무사사무소,부산 범전동 법무사 업무 사례 | 상속등기·부동산등기 상담 안내,case,부산 범전동 법무사,yes,https://xn--2j1br1na42lvxja38mk8r.kr/%EC%97%85%EB%AC%B4%EC%82%AC%EB%A1%80/%EB%B6%80%EC%82%B0%EB%B2%94%EC%A0%84%EB%8F%99%EB%B2%95%EB%AC%B4%EC%82%AC
/업무사례/부산범천동법무사,부산 범천동 법무사 업무 사례,부산 범천동 법무사 업무 사례 | 상… | 다옴법무사사무소,부산 범천동 법무사 업무 사례 | 상속등기·부동산등기 상담 안내,case,부산 범천동 법무사,yes,https://xn--2j1br1na42lvxja38mk8r.kr/%EC%97%85%EB%AC%B4%EC%82%AC%EB%A1%80/%EB%B6%80%EC%82%B0%EB%B2%94%EC%B2%9C%EB%8F%99%EB%B2%95%EB%AC%B4%EC%82%AC
/업무사례/부산부암동법무사,부산 부암동 법무사 업무 사례,부산 부암동 법무사 업무 사례 | 상… | 다옴법무사사무소,부산 부암동 법무사 업무 사례 | 상속등기·부동산등기 상담 안내,case,부산 부암동 법무사,yes,https://xn--2j1br1na42lvxja38mk8r.kr/%EC%97%85%EB%AC%B4%EC%82%AC%EB%A1%80/%EB%B6%80%EC%82%B0%EB%B6%80%EC%95%94%EB%8F%99%EB%B2%95%EB%AC%B4%EC%82%AC
/업무사례/부산부전동법무사,부산 부전동 법무사 업무 사례,부산 부전동 법무사 업무 사례 | 상… | 다옴법무사사무소,부산 부전동 법무사 업무 사례 | 상속등기·부동산등기 상담 안내,case,부산 부전동 법무사,yes,https://xn--2j1br1na42lvxja38mk8r.kr/%EC%97%85%EB%AC%B4%EC%82%AC%EB%A1%80/%EB%B6%80%EC%82%B0%EB%B6%80%EC%A0%84%EB%8F%99%EB%B2%95%EB%AC%B4%EC%82%AC
/업무사례/부산양정동법무사,부산 양정동 법무사 업무 사례,부산 양정동 법무사 업무 사례 | 상… | 다옴법무사사무소,부산 양정동 법무사 업무 사례 | 상속등기·부동산등기 상담 안내,case,부산 양정동 법무사,yes,https://xn--2j1br1na42lvxja38mk8r.kr/%EC%97%85%EB%AC%B4%EC%82%AC%EB%A1%80/%EB%B6%80%EC%82%B0%EC%96%91%EC%A0%95%EB%8F%99%EB%B2%95%EB%AC%B4%EC%82%AC
/업무사례/부산연지동법무사,부산 연지동 법무사 업무 사례,부산 연지동 법무사 업무 사례 | 상… | 다옴법무사사무소,부산 연지동 법무사 업무 사례 | 상속등기·부동산등기 상담 안내,case,부산 연지동 법무사,yes,https://xn--2j1br1na42lvxja38mk8r.kr/%EC%97%85%EB%AC%B4%EC%82%AC%EB%A1%80/%EB%B6%80%EC%82%B0%EC%97%B0%EC%A7%80%EB%8F%99%EB%B2%95%EB%AC%B4%EC%82%AC
/업무사례/부산전포동법무사,부산 전포동 법무사 업무 사례,부산 전포동 법무사 업무 사례 | 상… | 다옴법무사사무소,부산 전포동 법무사 업무 사례 | 상속등기·부동산등기 상담 안내,case,부산 전포동 법무사,yes,https://xn--2j1br1na42lvxja38mk8r.kr/%EC%97%85%EB%AC%B4%EC%82%AC%EB%A1%80/%EB%B6%80%EC%82%B0%EC%A0%84%ED%8F%AC%EB%8F%99%EB%B2%95%EB%AC%B4%EC%82%AC
/업무사례/부산초읍동법무사,부산 초읍동 법무사 업무 사례,부산 초읍동 법무사 업무 사례 | 상… | 다옴법무사사무소,부산 초읍동 법무사 업무 사례 | 상속등기·부동산등기 상담 안내,case,부산 초읍동 법무사,yes,https://xn--2j1br1na42lvxja38mk8r.kr/%EC%97%85%EB%AC%B4%EC%82%AC%EB%A1%80/%EB%B6%80%EC%82%B0%EC%B4%88%EC%9D%8D%EB%8F%99%EB%B2%95%EB%AC%B4%EC%82%AC
/업무사례/동래구법무사,동래구 법무사 업무 사례,동래구 법무사 업무 사례 | 상속등기… | 다옴법무사사무소,동래구 법무사 업무 사례 | 상속등기·부동산등기 상담 안내,case,동래구 법무사,yes,https://xn--2j1br1na42lvxja38mk8r.kr/%EC%97%85%EB%AC%B4%EC%82%AC%EB%A1%80/%EB%8F%99%EB%9E%98%EA%B5%AC%EB%B2%95%EB%AC%B4%EC%82%AC
/업무사례/부산낙민동법무사,부산 낙민동 법무사 업무 사례,부산 낙민동 법무사 업무 사례 | 상… | 다옴법무사사무소,부산 낙민동 법무사 업무 사례 | 상속등기·부동산등기 상담 안내,case,부산 낙민동 법무사,yes,https://xn--2j1br1na42lvxja38mk8r.kr/%EC%97%85%EB%AC%B4%EC%82%AC%EB%A1%80/%EB%B6%80%EC%82%B0%EB%82%99%EB%AF%BC%EB%8F%99%EB%B2%95%EB%AC%B4%EC%82%AC
/업무사례/부산명장동법무사,부산 명장동 법무사 업무 사례,부산 명장동 법무사 업무 사례 | 상… | 다옴법무사사무소,부산 명장동 법무사 업무 사례 | 상속등기·부동산등기 상담 안내,case,부산 명장동 법무사,yes,https://xn--2j1br1na42lvxja38mk8r.kr/%EC%97%85%EB%AC%B4%EC%82%AC%EB%A1%80/%EB%B6%80%EC%82%B0%EB%AA%85%EC%9E%A5%EB%8F%99%EB%B2%95%EB%AC%B4%EC%82%AC
/업무사례/부산명륜동법무사,부산 명륜동 법무사 업무 사례,부산 명륜동 법무사 업무 사례 | 상… | 다옴법무사사무소,부산 명륜동 법무사 업무 사례 | 상속등기·부동산등기 상담 안내,case,부산 명륜동 법무사,yes,https://xn--2j1br1na42lvxja38mk8r.kr/%EC%97%85%EB%AC%B4%EC%82%AC%EB%A1%80/%EB%B6%80%EC%82%B0%EB%AA%85%EB%A5%9C%EB%8F%99%EB%B2%95%EB%AC%B4%EC%82%AC
/업무사례/부산복천동법무사,부산 복천동 법무사 업무 사례,부산 복천동 법무사 업무 사례 | 상… | 다옴법무사사무소,부산 복천동 법무사 업무 사례 | 상속등기·부동산등기 상담 안내,case,부산 복천동 법무사,yes,https://xn--2j1br1na42lvxja38mk8r.kr/%EC%97%85%EB%AC%B4%EC%82%AC%EB%A1%80/%EB%B6%80%EC%82%B0%EB%B3%B5%EC%B2%9C%EB%8F%99%EB%B2%95%EB%AC%B4%EC%82%AC
/업무사례/부산수안동법무사,부산 수안동 법무사 업무 사례,부산 수안동 법무사 업무 사례 | 상… | 다옴법무사사무소,부산 수안동 법무사 업무 사례 | 상속등기·부동산등기 상담 안내,case,부산 수안동 법무사,yes,https://xn--2j1br1na42lvxja38mk8r.kr/%EC%97%85%EB%AC%B4%EC%82%AC%EB%A1%80/%EB%B6%80%EC%82%B0%EC%88%98%EC%95%88%EB%8F%99%EB%B2%95%EB%AC%B4%EC%82%AC
/업무사례/부산사직동법무사,부산 사직동 법무사 업무 사례,부산 사직동 법무사 업무 사례 | 상… | 다옴법무사사무소,부산 사직동 법무사 업무 사례 | 상속등기·부동산등기 상담 안내,case,부산 사직동 법무사,yes,https://xn--2j1br1na42lvxja38mk8r.kr/%EC%97%85%EB%AC%B4%EC%82%AC%EB%A1%80/%EB%B6%80%EC%82%B0%EC%82%AC%EC%A7%81%EB%8F%99%EB%B2%95%EB%AC%B4%EC%82%AC
/업무사례/부산안락동법무사,부산 안락동 법무사 업무 사례,부산 안락동 법무사 업무 사례 | 상… | 다옴법무사사무소,부산 안락동 법무사 업무 사례 | 상속등기·부동산등기 상담 안내,case,부산 안락동 법무사,yes,https://xn--2j1br1na42lvxja38mk8r.kr/%EC%97%85%EB%AC%B4%EC%82%AC%EB%A1%80/%EB%B6%80%EC%82%B0%EC%95%88%EB%9D%BD%EB%8F%99%EB%B2%95%EB%AC%B4%EC%82%AC
/업무사례/부산온천동법무사,부산 온천동 법무사 업무 사례,부산 온천동 법무사 업무 사례 | 상… | 다옴법무사사무소,부산 온천동 법무사 업무 사례 | 상속등기·부동산등기 상담 안내,case,부산 온천동 법무사,yes,https://xn--2j1br1na42lvxja38mk8r.kr/%EC%97%85%EB%AC%B4%EC%82%AC%EB%A1%80/%EB%B6%80%EC%82%B0%EC%98%A8%EC%B2%9C%EB%8F%99%EB%B2%95%EB%AC%B4%EC%82%AC
/업무사례/부산칠산동법무사,부산 칠산동 법무사 업무 사례,부산 칠산동 법무사 업무 사례 | 상… | 다옴법무사사무소,부산 칠산동 법무사 업무 사례 | 상속등기·부동산등기 상담 안내,case,부산 칠산동 법무사,yes,https://xn--2j1br1na42lvxja38mk8r.kr/%EC%97%85%EB%AC%B4%EC%82%AC%EB%A1%80/%EB%B6%80%EC%82%B0%EC%B9%A0%EC%82%B0%EB%8F%99%EB%B2%95%EB%AC%B4%EC%82%AC
/업무사례/남구법무사,남구 법무사 업무 사례,남구 법무사 업무 사례 | 상속등기·… | 다옴법무사사무소,남구 법무사 업무 사례 | 상속등기·부동산등기 상담 안내,case,남구 법무사,yes,https://xn--2j1br1na42lvxja38mk8r.kr/%EC%97%85%EB%AC%B4%EC%82%AC%EB%A1%80/%EB%82%A8%EA%B5%AC%EB%B2%95%EB%AC%B4%EC%82%AC
/업무사례/부산감만동법무사,부산 감만동 법무사 업무 사례,부산 감만동 법무사 업무 사례 | 상… | 다옴법무사사무소,부산 감만동 법무사 업무 사례 | 상속등기·부동산등기 상담 안내,case,부산 감만동 법무사,yes,https://xn--2j1br1na42lvxja38mk8r.kr/%EC%97%85%EB%AC%B4%EC%82%AC%EB%A1%80/%EB%B6%80%EC%82%B0%EA%B0%90%EB%A7%8C%EB%8F%99%EB%B2%95%EB%AC%B4%EC%82%AC
/업무사례/부산대연동법무사,부산 대연동 법무사 업무 사례,부산 대연동 법무사 업무 사례 | 상… | 다옴법무사사무소,부산 대연동 법무사 업무 사례 | 상속등기·부동산등기 상담 안내,case,부산 대연동 법무사,yes,https://xn--2j1br1na42lvxja38mk8r.kr/%EC%97%85%EB%AC%B4%EC%82%AC%EB%A1%80/%EB%B6%80%EC%82%B0%EB%8C%80%EC%97%B0%EB%8F%99%EB%B2%95%EB%AC%B4%EC%82%AC
/업무사례/부산용호동법무사,부산 용호동 법무사 업무 사례,부산 용호동 법무사 업무 사례 | 상… | 다옴법무사사무소,부산 용호동 법무사 업무 사례 | 상속등기·부동산등기 상담 안내,case,부산 용호동 법무사,yes,https://xn--2j1br1na42lvxja38mk8r.kr/%EC%97%85%EB%AC%B4%EC%82%AC%EB%A1%80/%EB%B6%80%EC%82%B0%EC%9A%A9%ED%98%B8%EB%8F%99%EB%B2%95%EB%AC%B4%EC%82%AC
/업무사례/부산용당동법무사,부산 용당동 법무사 업무 사례,부산 용당동 법무사 업무 사례 | 상… | 다옴법무사사무소,부산 용당동 법무사 업무 사례 | 상속등기·부동산등기 상담 안내,case,부산 용당동 법무사,yes,https://xn--2j1br1na42lvxja38mk8r.kr/%EC%97%85%EB%AC%B4%EC%82%AC%EB%A1%80/%EB%B6%80%EC%82%B0%EC%9A%A9%EB%8B%B9%EB%8F%99%EB%B2%95%EB%AC%B4%EC%82%AC
/업무사례/부산문현동법무사,부산 문현동 법무사 업무 사례,부산 문현동 법무사 업무 사례 | 상… | 다옴법무사사무소,부산 문현동 법무사 업무 사례 | 상속등기·부동산등기 상담 안내,case,부산 문현동 법무사,yes,https://xn--2j1br1na42lvxja38mk8r.kr/%EC%97%85%EB%AC%B4%EC%82%AC%EB%A1%80/%EB%B6%80%EC%82%B0%EB%AC%B8%ED%98%84%EB%8F%99%EB%B2%95%EB%AC%B4%EC%82%AC
/업무사례/부산우암동법무사,부산 우암동 법무사 업무 사례,부산 우암동 법무사 업무 사례 | 상… | 다옴법무사사무소,부산 우암동 법무사 업무 사례 | 상속등기·부동산등기 상담 안내,case,부산 우암동 법무사,yes,https://xn--2j1br1na42lvxja38mk8r.kr/%EC%97%85%EB%AC%B4%EC%82%AC%EB%A1%80/%EB%B6%80%EC%82%B0%EC%9A%B0%EC%95%94%EB%8F%99%EB%B2%95%EB%AC%B4%EC%82%AC
/업무사례/북구법무사,북구 법무사 업무 사례,북구 법무사 업무 사례 | 상속등기·… | 다옴법무사사무소,북구 법무사 업무 사례 | 상속등기·부동산등기 상담 안내,case,북구 법무사,yes,https://xn--2j1br1na42lvxja38mk8r.kr/%EC%97%85%EB%AC%B4%EC%82%AC%EB%A1%80/%EB%B6%81%EA%B5%AC%EB%B2%95%EB%AC%B4%EC%82%AC
/업무사례/부산구포동법무사,부산 구포동 법무사 업무 사례,부산 구포동 법무사 업무 사례 | 상… | 다옴법무사사무소,부산 구포동 법무사 업무 사례 | 상속등기·부동산등기 상담 안내,case,부산 구포동 법무사,yes,https://xn--2j1br1na42lvxja38mk8r.kr/%EC%97%85%EB%AC%B4%EC%82%AC%EB%A1%80/%EB%B6%80%EC%82%B0%EA%B5%AC%ED%8F%AC%EB%8F%99%EB%B2%95%EB%AC%B4%EC%82%AC
/업무사례/부산금곡동법무사,부산 금곡동 법무사 업무 사례,부산 금곡동 법무사 업무 사례 | 상… | 다옴법무사사무소,부산 금곡동 법무사 업무 사례 | 상속등기·부동산등기 상담 안내,case,부산 금곡동 법무사,yes,https://xn--2j1br1na42lvxja38mk8r.kr/%EC%97%85%EB%AC%B4%EC%82%AC%EB%A1%80/%EB%B6%80%EC%82%B0%EA%B8%88%EA%B3%A1%EB%8F%99%EB%B2%95%EB%AC%B4%EC%82%AC
/업무사례/부산덕천동법무사,부산 덕천동 법무사 업무 사례,부산 덕천동 법무사 업무 사례 | 상… | 다옴법무사사무소,부산 덕천동 법무사 업무 사례 | 상속등기·부동산등기 상담 안내,case,부산 덕천동 법무사,yes,https://xn--2j1br1na42lvxja38mk8r.kr/%EC%97%85%EB%AC%B4%EC%82%AC%EB%A1%80/%EB%B6%80%EC%82%B0%EB%8D%95%EC%B2%9C%EB%8F%99%EB%B2%95%EB%AC%B4%EC%82%AC
/업무사례/부산만덕동법무사,부산 만덕동 법무사 업무 사례,부산 만덕동 법무사 업무 사례 | 상… | 다옴법무사사무소,부산 만덕동 법무사 업무 사례 | 상속등기·부동산등기 상담 안내,case,부산 만덕동 법무사,yes,https://xn--2j1br1na42lvxja38mk8r.kr/%EC%97%85%EB%AC%B4%EC%82%AC%EB%A1%80/%EB%B6%80%EC%82%B0%EB%A7%8C%EB%8D%95%EB%8F%99%EB%B2%95%EB%AC%B4%EC%82%AC
/업무사례/부산화명동법무사,부산 화명동 법무사 업무 사례,부산 화명동 법무사 업무 사례 | 상… | 다옴법무사사무소,부산 화명동 법무사 업무 사례 | 상속등기·부동산등기 상담 안내,case,부산 화명동 법무사,yes,https://xn--2j1br1na42lvxja38mk8r.kr/%EC%97%85%EB%AC%B4%EC%82%AC%EB%A1%80/%EB%B6%80%EC%82%B0%ED%99%94%EB%AA%85%EB%8F%99%EB%B2%95%EB%AC%B4%EC%82%AC
/업무사례/해운대구법무사,해운대구 법무사 업무 사례,해운대구 법무사 업무 사례 | 상속등… | 다옴법무사사무소,해운대구 법무사 업무 사례 | 상속등기·부동산등기 상담 안내,case,해운대구 법무사,yes,https://xn--2j1br1na42lvxja38mk8r.kr/%EC%97%85%EB%AC%B4%EC%82%AC%EB%A1%80/%ED%95%B4%EC%9A%B4%EB%8C%80%EA%B5%AC%EB%B2%95%EB%AC%B4%EC%82%AC
/업무사례/부산우동법무사,부산 우동 법무사 업무 사례,부산 우동 법무사 업무 사례 | 상속… | 다옴법무사사무소,부산 우동 법무사 업무 사례 | 상속등기·부동산등기 상담 안내,case,부산 우동 법무사,yes,https://xn--2j1br1na42lvxja38mk8r.kr/%EC%97%85%EB%AC%B4%EC%82%AC%EB%A1%80/%EB%B6%80%EC%82%B0%EC%9A%B0%EB%8F%99%EB%B2%95%EB%AC%B4%EC%82%AC
/업무사례/부산중동법무사,부산 중동 법무사 업무 사례,부산 중동 법무사 업무 사례 | 상속… | 다옴법무사사무소,부산 중동 법무사 업무 사례 | 상속등기·부동산등기 상담 안내,case,부산 중동 법무사,yes,https://xn--2j1br1na42lvxja38mk8r.kr/%EC%97%85%EB%AC%B4%EC%82%AC%EB%A1%80/%EB%B6%80%EC%82%B0%EC%A4%91%EB%8F%99%EB%B2%95%EB%AC%B4%EC%82%AC
/업무사례/부산좌동법무사,부산 좌동 법무사 업무 사례,부산 좌동 법무사 업무 사례 | 상속… | 다옴법무사사무소,부산 좌동 법무사 업무 사례 | 상속등기·부동산등기 상담 안내,case,부산 좌동 법무사,yes,https://xn--2j1br1na42lvxja38mk8r.kr/%EC%97%85%EB%AC%B4%EC%82%AC%EB%A1%80/%EB%B6%80%EC%82%B0%EC%A2%8C%EB%8F%99%EB%B2%95%EB%AC%B4%EC%82%AC
/업무사례/부산송정동법무사,부산 송정동 법무사 업무 사례,부산 송정동 법무사 업무 사례 | 상… | 다옴법무사사무소,부산 송정동 법무사 업무 사례 | 상속등기·부동산등기 상담 안내,case,부산 송정동 법무사,yes,https://xn--2j1br1na42lvxja38mk8r.kr/%EC%97%85%EB%AC%B4%EC%82%AC%EB%A1%80/%EB%B6%80%EC%82%B0%EC%86%A1%EC%A0%95%EB%8F%99%EB%B2%95%EB%AC%B4%EC%82%AC
/업무사례/부산반여동법무사,부산 반여동 법무사 업무 사례,부산 반여동 법무사 업무 사례 | 상… | 다옴법무사사무소,부산 반여동 법무사 업무 사례 | 상속등기·부동산등기 상담 안내,case,부산 반여동 법무사,yes,https://xn--2j1br1na42lvxja38mk8r.kr/%EC%97%85%EB%AC%B4%EC%82%AC%EB%A1%80/%EB%B6%80%EC%82%B0%EB%B0%98%EC%97%AC%EB%8F%99%EB%B2%95%EB%AC%B4%EC%82%AC
/업무사례/부산반송동법무사,부산 반송동 법무사 업무 사례,부산 반송동 법무사 업무 사례 | 상… | 다옴법무사사무소,부산 반송동 법무사 업무 사례 | 상속등기·부동산등기 상담 안내,case,부산 반송동 법무사,yes,https://xn--2j1br1na42lvxja38mk8r.kr/%EC%97%85%EB%AC%B4%EC%82%AC%EB%A1%80/%EB%B6%80%EC%82%B0%EB%B0%98%EC%86%A1%EB%8F%99%EB%B2%95%EB%AC%B4%EC%82%AC
/업무사례/부산재송동법무사,부산 재송동 법무사 업무 사례,부산 재송동 법무사 업무 사례 | 상… | 다옴법무사사무소,부산 재송동 법무사 업무 사례 | 상속등기·부동산등기 상담 안내,case,부산 재송동 법무사,yes,https://xn--2j1br1na42lvxja38mk8r.kr/%EC%97%85%EB%AC%B4%EC%82%AC%EB%A1%80/%EB%B6%80%EC%82%B0%EC%9E%AC%EC%86%A1%EB%8F%99%EB%B2%95%EB%AC%B4%EC%82%AC
/업무사례/부산석대동법무사,부산 석대동 법무사 업무 사례,부산 석대동 법무사 업무 사례 | 상… | 다옴법무사사무소,부산 석대동 법무사 업무 사례 | 상속등기·부동산등기 상담 안내,case,부산 석대동 법무사,yes,https://xn--2j1br1na42lvxja38mk8r.kr/%EC%97%85%EB%AC%B4%EC%82%AC%EB%A1%80/%EB%B6%80%EC%82%B0%EC%84%9D%EB%8C%80%EB%8F%99%EB%B2%95%EB%AC%B4%EC%82%AC
/업무사례/부산반여1동법무사,부산 반여1동 법무사 업무 사례,부산 반여1동 법무사 업무 사례 | … | 다옴법무사사무소,부산 반여1동 법무사 업무 사례 | 상속등기·부동산등기 상담 안내,case,부산 반여1동 법무사,no,https://xn--2j1br1na42lvxja38mk8r.kr/%EC%97%85%EB%AC%B4%EC%82%AC%EB%A1%80/%EB%B6%80%EC%82%B0%EB%B0%98%EC%97%AC1%EB%8F%99%EB%B2%95%EB%AC%B4%EC%82%AC
/업무사례/부산반여2동법무사,부산 반여2동 법무사 업무 사례,부산 반여2동 법무사 업무 사례 | … | 다옴법무사사무소,부산 반여2동 법무사 업무 사례 | 상속등기·부동산등기 상담 안내,case,부산 반여2동 법무사,no,https://xn--2j1br1na42lvxja38mk8r.kr/%EC%97%85%EB%AC%B4%EC%82%AC%EB%A1%80/%EB%B6%80%EC%82%B0%EB%B0%98%EC%97%AC2%EB%8F%99%EB%B2%95%EB%AC%B4%EC%82%AC
/업무사례/부산반여3동법무사,부산 반여3동 법무사 업무 사례,부산 반여3동 법무사 업무 사례 | … | 다옴법무사사무소,부산 반여3동 법무사 업무 사례 | 상속등기·부동산등기 상담 안내,case,부산 반여3동 법무사,no,https://xn--2j1br1na42lvxja38mk8r.kr/%EC%97%85%EB%AC%B4%EC%82%AC%EB%A1%80/%EB%B6%80%EC%82%B0%EB%B0%98%EC%97%AC3%EB%8F%99%EB%B2%95%EB%AC%B4%EC%82%AC
/업무사례/부산반여4동법무사,부산 반여4동 법무사 업무 사례,부산 반여4동 법무사 업무 사례 | … | 다옴법무사사무소,부산 반여4동 법무사 업무 사례 | 상속등기·부동산등기 상담 안내,case,부산 반여4동 법무사,no,https://xn--2j1br1na42lvxja38mk8r.kr/%EC%97%85%EB%AC%B4%EC%82%AC%EB%A1%80/%EB%B6%80%EC%82%B0%EB%B0%98%EC%97%AC4%EB%8F%99%EB%B2%95%EB%AC%B4%EC%82%AC
/업무사례/부산재송1동법무사,부산 재송1동 법무사 업무 사례,부산 재송1동 법무사 업무 사례 | … | 다옴법무사사무소,부산 재송1동 법무사 업무 사례 | 상속등기·부동산등기 상담 안내,case,부산 재송1동 법무사,no,https://xn--2j1br1na42lvxja38mk8r.kr/%EC%97%85%EB%AC%B4%EC%82%AC%EB%A1%80/%EB%B6%80%EC%82%B0%EC%9E%AC%EC%86%A11%EB%8F%99%EB%B2%95%EB%AC%B4%EC%82%AC
/업무사례/부산재송2동법무사,부산 재송2동 법무사 업무 사례,부산 재송2동 법무사 업무 사례 | … | 다옴법무사사무소,부산 재송2동 법무사 업무 사례 | 상속등기·부동산등기 상담 안내,case,부산 재송2동 법무사,no,https://xn--2j1br1na42lvxja38mk8r.kr/%EC%97%85%EB%AC%B4%EC%82%AC%EB%A1%80/%EB%B6%80%EC%82%B0%EC%9E%AC%EC%86%A12%EB%8F%99%EB%B2%95%EB%AC%B4%EC%82%AC
/업무사례/부산반송1동법무사,부산 반송1동 법무사 업무 사례,부산 반송1동 법무사 업무 사례 | … | 다옴법무사사무소,부산 반송1동 법무사 업무 사례 | 상속등기·부동산등기 상담 안내,case,부산 반송1동 법무사,no,https://xn--2j1br1na42lvxja38mk8r.kr/%EC%97%85%EB%AC%B4%EC%82%AC%EB%A1%80/%EB%B6%80%EC%82%B0%EB%B0%98%EC%86%A11%EB%8F%99%EB%B2%95%EB%AC%B4%EC%82%AC
/업무사례/부산반송2동법무사,부산 반송2동 법무사 업무 사례,부산 반송2동 법무사 업무 사례 | … | 다옴법무사사무소,부산 반송2동 법무사 업무 사례 | 상속등기·부동산등기 상담 안내,case,부산 반송2동 법무사,no,https://xn--2j1br1na42lvxja38mk8r.kr/%EC%97%85%EB%AC%B4%EC%82%AC%EB%A1%80/%EB%B6%80%EC%82%B0%EB%B0%98%EC%86%A12%EB%8F%99%EB%B2%95%EB%AC%B4%EC%82%AC
/업무사례/부산좌1동법무사,부산 좌1동 법무사 업무 사례,부산 좌1동 법무사 업무 사례 | 상… | 다옴법무사사무소,부산 좌1동 법무사 업무 사례 | 상속등기·부동산등기 상담 안내,case,부산 좌1동 법무사,no,https://xn--2j1br1na42lvxja38mk8r.kr/%EC%97%85%EB%AC%B4%EC%82%AC%EB%A1%80/%EB%B6%80%EC%82%B0%EC%A2%8C1%EB%8F%99%EB%B2%95%EB%AC%B4%EC%82%AC
/업무사례/부산좌2동법무사,부산 좌2동 법무사 업무 사례,부산 좌2동 법무사 업무 사례 | 상… | 다옴법무사사무소,부산 좌2동 법무사 업무 사례 | 상속등기·부동산등기 상담 안내,case,부산 좌2동 법무사,no,https://xn--2j1br1na42lvxja38mk8r.kr/%EC%97%85%EB%AC%B4%EC%82%AC%EB%A1%80/%EB%B6%80%EC%82%B0%EC%A2%8C2%EB%8F%99%EB%B2%95%EB%AC%B4%EC%82%AC
/업무사례/부산좌3동법무사,부산 좌3동 법무사 업무 사례,부산 좌3동 법무사 업무 사례 | 상… | 다옴법무사사무소,부산 좌3동 법무사 업무 사례 | 상속등기·부동산등기 상담 안내,case,부산 좌3동 법무사,no,https://xn--2j1br1na42lvxja38mk8r.kr/%EC%97%85%EB%AC%B4%EC%82%AC%EB%A1%80/%EB%B6%80%EC%82%B0%EC%A2%8C3%EB%8F%99%EB%B2%95%EB%AC%B4%EC%82%AC
/업무사례/부산좌4동법무사,부산 좌4동 법무사 업무 사례,부산 좌4동 법무사 업무 사례 | 상… | 다옴법무사사무소,부산 좌4동 법무사 업무 사례 | 상속등기·부동산등기 상담 안내,case,부산 좌4동 법무사,no,https://xn--2j1br1na42lvxja38mk8r.kr/%EC%97%85%EB%AC%B4%EC%82%AC%EB%A1%80/%EB%B6%80%EC%82%B0%EC%A2%8C4%EB%8F%99%EB%B2%95%EB%AC%B4%EC%82%AC
/업무사례/부산우1동법무사,부산 우1동 법무사 업무 사례,부산 우1동 법무사 업무 사례 | 상… | 다옴법무사사무소,부산 우1동 법무사 업무 사례 | 상속등기·부동산등기 상담 안내,case,부산 우1동 법무사,no,https://xn--2j1br1na42lvxja38mk8r.kr/%EC%97%85%EB%AC%B4%EC%82%AC%EB%A1%80/%EB%B6%80%EC%82%B0%EC%9A%B01%EB%8F%99%EB%B2%95%EB%AC%B4%EC%82%AC
/업무사례/부산우2동법무사,부산 우2동 법무사 업무 사례,부산 우2동 법무사 업무 사례 | 상… | 다옴법무사사무소,부산 우2동 법무사 업무 사례 | 상속등기·부동산등기 상담 안내,case,부산 우2동 법무사,no,https://xn--2j1br1na42lvxja38mk8r.kr/%EC%97%85%EB%AC%B4%EC%82%AC%EB%A1%80/%EB%B6%80%EC%82%B0%EC%9A%B02%EB%8F%99%EB%B2%95%EB%AC%B4%EC%82%AC
/업무사례/부산우3동법무사,부산 우3동 법무사 업무 사례,부산 우3동 법무사 업무 사례 | 상… | 다옴법무사사무소,부산 우3동 법무사 업무 사례 | 상속등기·부동산등기 상담 안내,case,부산 우3동 법무사,no,https://xn--2j1br1na42lvxja38mk8r.kr/%EC%97%85%EB%AC%B4%EC%82%AC%EB%A1%80/%EB%B6%80%EC%82%B0%EC%9A%B03%EB%8F%99%EB%B2%95%EB%AC%B4%EC%82%AC
/업무사례/부산중1동법무사,부산 중1동 법무사 업무 사례,부산 중1동 법무사 업무 사례 | 상… | 다옴법무사사무소,부산 중1동 법무사 업무 사례 | 상속등기·부동산등기 상담 안내,case,부산 중1동 법무사,no,https://xn--2j1br1na42lvxja38mk8r.kr/%EC%97%85%EB%AC%B4%EC%82%AC%EB%A1%80/%EB%B6%80%EC%82%B0%EC%A4%911%EB%8F%99%EB%B2%95%EB%AC%B4%EC%82%AC
/업무사례/부산중2동법무사,부산 중2동 법무사 업무 사례,부산 중2동 법무사 업무 사례 | 상… | 다옴법무사사무소,부산 중2동 법무사 업무 사례 | 상속등기·부동산등기 상담 안내,case,부산 중2동 법무사,no,https://xn--2j1br1na42lvxja38mk8r.kr/%EC%97%85%EB%AC%B4%EC%82%AC%EB%A1%80/%EB%B6%80%EC%82%B0%EC%A4%912%EB%8F%99%EB%B2%95%EB%AC%B4%EC%82%AC
/업무사례/사하구법무사,사하구 법무사 업무 사례,사하구 법무사 업무 사례 | 상속등기… | 다옴법무사사무소,사하구 법무사 업무 사례 | 상속등기·부동산등기 상담 안내,case,사하구 법무사,yes,https://xn--2j1br1na42lvxja38mk8r.kr/%EC%97%85%EB%AC%B4%EC%82%AC%EB%A1%80/%EC%82%AC%ED%95%98%EA%B5%AC%EB%B2%95%EB%AC%B4%EC%82%AC
/업무사례/부산감천동법무사,부산 감천동 법무사 업무 사례,부산 감천동 법무사 업무 사례 | 상… | 다옴법무사사무소,부산 감천동 법무사 업무 사례 | 상속등기·부동산등기 상담 안내,case,부산 감천동 법무사,yes,https://xn--2j1br1na42lvxja38mk8r.kr/%EC%97%85%EB%AC%B4%EC%82%AC%EB%A1%80/%EB%B6%80%EC%82%B0%EA%B0%90%EC%B2%9C%EB%8F%99%EB%B2%95%EB%AC%B4%EC%82%AC
/업무사례/부산구평동법무사,부산 구평동 법무사 업무 사례,부산 구평동 법무사 업무 사례 | 상… | 다옴법무사사무소,부산 구평동 법무사 업무 사례 | 상속등기·부동산등기 상담 안내,case,부산 구평동 법무사,yes,https://xn--2j1br1na42lvxja38mk8r.kr/%EC%97%85%EB%AC%B4%EC%82%AC%EB%A1%80/%EB%B6%80%EC%82%B0%EA%B5%AC%ED%8F%89%EB%8F%99%EB%B2%95%EB%AC%B4%EC%82%AC
/업무사례/부산괴정동법무사,부산 괴정동 법무사 업무 사례,부산 괴정동 법무사 업무 사례 | 상… | 다옴법무사사무소,부산 괴정동 법무사 업무 사례 | 상속등기·부동산등기 상담 안내,case,부산 괴정동 법무사,yes,https://xn--2j1br1na42lvxja38mk8r.kr/%EC%97%85%EB%AC%B4%EC%82%AC%EB%A1%80/%EB%B6%80%EC%82%B0%EA%B4%B4%EC%A0%95%EB%8F%99%EB%B2%95%EB%AC%B4%EC%82%AC
/업무사례/부산하단동법무사,부산 하단동 법무사 업무 사례,부산 하단동 법무사 업무 사례 | 상… | 다옴법무사사무소,부산 하단동 법무사 업무 사례 | 상속등기·부동산등기 상담 안내,case,부산 하단동 법무사,yes,https://xn--2j1br1na42lvxja38mk8r.kr/%EC%97%85%EB%AC%B4%EC%82%AC%EB%A1%80/%EB%B6%80%EC%82%B0%ED%95%98%EB%8B%A8%EB%8F%99%EB%B2%95%EB%AC%B4%EC%82%AC
/업무사례/부산당리동법무사,부산 당리동 법무사 업무 사례,부산 당리동 법무사 업무 사례 | 상… | 다옴법무사사무소,부산 당리동 법무사 업무 사례 | 상속등기·부동산등기 상담 안내,case,부산 당리동 법무사,yes,https://xn--2j1br1na42lvxja38mk8r.kr/%EC%97%85%EB%AC%B4%EC%82%AC%EB%A1%80/%EB%B6%80%EC%82%B0%EB%8B%B9%EB%A6%AC%EB%8F%99%EB%B2%95%EB%AC%B4%EC%82%AC
/업무사례/부산다대동법무사,부산 다대동 법무사 업무 사례,부산 다대동 법무사 업무 사례 | 상… | 다옴법무사사무소,부산 다대동 법무사 업무 사례 | 상속등기·부동산등기 상담 안내,case,부산 다대동 법무사,yes,https://xn--2j1br1na42lvxja38mk8r.kr/%EC%97%85%EB%AC%B4%EC%82%AC%EB%A1%80/%EB%B6%80%EC%82%B0%EB%8B%A4%EB%8C%80%EB%8F%99%EB%B2%95%EB%AC%B4%EC%82%AC
/업무사례/부산장림동법무사,부산 장림동 법무사 업무 사례,부산 장림동 법무사 업무 사례 | 상… | 다옴법무사사무소,부산 장림동 법무사 업무 사례 | 상속등기·부동산등기 상담 안내,case,부산 장림동 법무사,yes,https://xn--2j1br1na42lvxja38mk8r.kr/%EC%97%85%EB%AC%B4%EC%82%AC%EB%A1%80/%EB%B6%80%EC%82%B0%EC%9E%A5%EB%A6%BC%EB%8F%99%EB%B2%95%EB%AC%B4%EC%82%AC
/업무사례/부산신평동법무사,부산 신평동 법무사 업무 사례,부산 신평동 법무사 업무 사례 | 상… | 다옴법무사사무소,부산 신평동 법무사 업무 사례 | 상속등기·부동산등기 상담 안내,case,부산 신평동 법무사,yes,https://xn--2j1br1na42lvxja38mk8r.kr/%EC%97%85%EB%AC%B4%EC%82%AC%EB%A1%80/%EB%B6%80%EC%82%B0%EC%8B%A0%ED%8F%89%EB%8F%99%EB%B2%95%EB%AC%B4%EC%82%AC
/업무사례/금정구법무사,금정구 법무사 업무 사례,금정구 법무사 업무 사례 | 상속등기… | 다옴법무사사무소,금정구 법무사 업무 사례 | 상속등기·부동산등기 상담 안내,case,금정구 법무사,yes,https://xn--2j1br1na42lvxja38mk8r.kr/%EC%97%85%EB%AC%B4%EC%82%AC%EB%A1%80/%EA%B8%88%EC%A0%95%EA%B5%AC%EB%B2%95%EB%AC%B4%EC%82%AC
/업무사례/부산금사동법무사,부산 금사동 법무사 업무 사례,부산 금사동 법무사 업무 사례 | 상… | 다옴법무사사무소,부산 금사동 법무사 업무 사례 | 상속등기·부동산등기 상담 안내,case,부산 금사동 법무사,yes,https://xn--2j1br1na42lvxja38mk8r.kr/%EC%97%85%EB%AC%B4%EC%82%AC%EB%A1%80/%EB%B6%80%EC%82%B0%EA%B8%88%EC%82%AC%EB%8F%99%EB%B2%95%EB%AC%B4%EC%82%AC
/업무사례/부산금성동법무사,부산 금성동 법무사 업무 사례,부산 금성동 법무사 업무 사례 | 상… | 다옴법무사사무소,부산 금성동 법무사 업무 사례 | 상속등기·부동산등기 상담 안내,case,부산 금성동 법무사,yes,https://xn--2j1br1na42lvxja38mk8r.kr/%EC%97%85%EB%AC%B4%EC%82%AC%EB%A1%80/%EB%B6%80%EC%82%B0%EA%B8%88%EC%84%B1%EB%8F%99%EB%B2%95%EB%AC%B4%EC%82%AC
/업무사례/부산구서동법무사,부산 구서동 법무사 업무 사례,부산 구서동 법무사 업무 사례 | 상… | 다옴법무사사무소,부산 구서동 법무사 업무 사례 | 상속등기·부동산등기 상담 안내,case,부산 구서동 법무사,yes,https://xn--2j1br1na42lvxja38mk8r.kr/%EC%97%85%EB%AC%B4%EC%82%AC%EB%A1%80/%EB%B6%80%EC%82%B0%EA%B5%AC%EC%84%9C%EB%8F%99%EB%B2%95%EB%AC%B4%EC%82%AC
/업무사례/부산남산동법무사,부산 남산동 법무사 업무 사례,부산 남산동 법무사 업무 사례 | 상… | 다옴법무사사무소,부산 남산동 법무사 업무 사례 | 상속등기·부동산등기 상담 안내,case,부산 남산동 법무사,yes,https://xn--2j1br1na42lvxja38mk8r.kr/%EC%97%85%EB%AC%B4%EC%82%AC%EB%A1%80/%EB%B6%80%EC%82%B0%EB%82%A8%EC%82%B0%EB%8F%99%EB%B2%95%EB%AC%B4%EC%82%AC
/업무사례/부산노포동법무사,부산 노포동 법무사 업무 사례,부산 노포동 법무사 업무 사례 | 상… | 다옴법무사사무소,부산 노포동 법무사 업무 사례 | 상속등기·부동산등기 상담 안내,case,부산 노포동 법무사,yes,https://xn--2j1br1na42lvxja38mk8r.kr/%EC%97%85%EB%AC%B4%EC%82%AC%EB%A1%80/%EB%B6%80%EC%82%B0%EB%85%B8%ED%8F%AC%EB%8F%99%EB%B2%95%EB%AC%B4%EC%82%AC
/업무사례/부산두구동법무사,부산 두구동 법무사 업무 사례,부산 두구동 법무사 업무 사례 | 상… | 다옴법무사사무소,부산 두구동 법무사 업무 사례 | 상속등기·부동산등기 상담 안내,case,부산 두구동 법무사,yes,https://xn--2j1br1na42lvxja38mk8r.kr/%EC%97%85%EB%AC%B4%EC%82%AC%EB%A1%80/%EB%B6%80%EC%82%B0%EB%91%90%EA%B5%AC%EB%8F%99%EB%B2%95%EB%AC%B4%EC%82%AC
/업무사례/부산부곡동법무사,부산 부곡동 법무사 업무 사례,부산 부곡동 법무사 업무 사례 | 상… | 다옴법무사사무소,부산 부곡동 법무사 업무 사례 | 상속등기·부동산등기 상담 안내,case,부산 부곡동 법무사,yes,https://xn--2j1br1na42lvxja38mk8r.kr/%EC%97%85%EB%AC%B4%EC%82%AC%EB%A1%80/%EB%B6%80%EC%82%B0%EB%B6%80%EA%B3%A1%EB%8F%99%EB%B2%95%EB%AC%B4%EC%82%AC
/업무사례/부산서동법무사,부산 서동 법무사 업무 사례,부산 서동 법무사 업무 사례 | 상속… | 다옴법무사사무소,부산 서동 법무사 업무 사례 | 상속등기·부동산등기 상담 안내,case,부산 서동 법무사,yes,https://xn--2j1br1na42lvxja38mk8r.kr/%EC%97%85%EB%AC%B4%EC%82%AC%EB%A1%80/%EB%B6%80%EC%82%B0%EC%84%9C%EB%8F%99%EB%B2%95%EB%AC%B4%EC%82%AC
/업무사례/부산선동법무사,부산 선동 법무사 업무 사례,부산 선동 법무사 업무 사례 | 상속… | 다옴법무사사무소,부산 선동 법무사 업무 사례 | 상속등기·부동산등기 상담 안내,case,부산 선동 법무사,yes,https://xn--2j1br1na42lvxja38mk8r.kr/%EC%97%85%EB%AC%B4%EC%82%AC%EB%A1%80/%EB%B6%80%EC%82%B0%EC%84%A0%EB%8F%99%EB%B2%95%EB%AC%B4%EC%82%AC
/업무사례/부산오륜동법무사,부산 오륜동 법무사 업무 사례,부산 오륜동 법무사 업무 사례 | 상… | 다옴법무사사무소,부산 오륜동 법무사 업무 사례 | 상속등기·부동산등기 상담 안내,case,부산 오륜동 법무사,yes,https://xn--2j1br1na42lvxja38mk8r.kr/%EC%97%85%EB%AC%B4%EC%82%AC%EB%A1%80/%EB%B6%80%EC%82%B0%EC%98%A4%EB%A5%9C%EB%8F%99%EB%B2%95%EB%AC%B4%EC%82%AC
/업무사례/부산장전동법무사,부산 장전동 법무사 업무 사례,부산 장전동 법무사 업무 사례 | 상… | 다옴법무사사무소,부산 장전동 법무사 업무 사례 | 상속등기·부동산등기 상담 안내,case,부산 장전동 법무사,yes,https://xn--2j1br1na42lvxja38mk8r.kr/%EC%97%85%EB%AC%B4%EC%82%AC%EB%A1%80/%EB%B6%80%EC%82%B0%EC%9E%A5%EC%A0%84%EB%8F%99%EB%B2%95%EB%AC%B4%EC%82%AC
/업무사례/부산청룡동법무사,부산 청룡동 법무사 업무 사례,부산 청룡동 법무사 업무 사례 | 상… | 다옴법무사사무소,부산 청룡동 법무사 업무 사례 | 상속등기·부동산등기 상담 안내,case,부산 청룡동 법무사,yes,https://xn--2j1br1na42lvxja38mk8r.kr/%EC%97%85%EB%AC%B4%EC%82%AC%EB%A1%80/%EB%B6%80%EC%82%B0%EC%B2%AD%EB%A3%A1%EB%8F%99%EB%B2%95%EB%AC%B4%EC%82%AC
/업무사례/부산회동동법무사,부산 회동동 법무사 업무 사례,부산 회동동 법무사 업무 사례 | 상… | 다옴법무사사무소,부산 회동동 법무사 업무 사례 | 상속등기·부동산등기 상담 안내,case,부산 회동동 법무사,yes,https://xn--2j1br1na42lvxja38mk8r.kr/%EC%97%85%EB%AC%B4%EC%82%AC%EB%A1%80/%EB%B6%80%EC%82%B0%ED%9A%8C%EB%8F%99%EB%8F%99%EB%B2%95%EB%AC%B4%EC%82%AC
/업무사례/강서구법무사,강서구 법무사 업무 사례,강서구 법무사 업무 사례 | 상속등기… | 다옴법무사사무소,강서구 법무사 업무 사례 | 상속등기·부동산등기 상담 안내,case,강서구 법무사,yes,https://xn--2j1br1na42lvxja38mk8r.kr/%EC%97%85%EB%AC%B4%EC%82%AC%EB%A1%80/%EA%B0%95%EC%84%9C%EA%B5%AC%EB%B2%95%EB%AC%B4%EC%82%AC
/업무사례/부산강동동법무사,부산 강동동 법무사 업무 사례,부산 강동동 법무사 업무 사례 | 상… | 다옴법무사사무소,부산 강동동 법무사 업무 사례 | 상속등기·부동산등기 상담 안내,case,부산 강동동 법무사,yes,https://xn--2j1br1na42lvxja38mk8r.kr/%EC%97%85%EB%AC%B4%EC%82%AC%EB%A1%80/%EB%B6%80%EC%82%B0%EA%B0%95%EB%8F%99%EB%8F%99%EB%B2%95%EB%AC%B4%EC%82%AC
/업무사례/부산구랑동법무사,부산 구랑동 법무사 업무 사례,부산 구랑동 법무사 업무 사례 | 상… | 다옴법무사사무소,부산 구랑동 법무사 업무 사례 | 상속등기·부동산등기 상담 안내,case,부산 구랑동 법무사,yes,https://xn--2j1br1na42lvxja38mk8r.kr/%EC%97%85%EB%AC%B4%EC%82%AC%EB%A1%80/%EB%B6%80%EC%82%B0%EA%B5%AC%EB%9E%91%EB%8F%99%EB%B2%95%EB%AC%B4%EC%82%AC
/업무사례/부산눌차동법무사,부산 눌차동 법무사 업무 사례,부산 눌차동 법무사 업무 사례 | 상… | 다옴법무사사무소,부산 눌차동 법무사 업무 사례 | 상속등기·부동산등기 상담 안내,case,부산 눌차동 법무사,yes,https://xn--2j1br1na42lvxja38mk8r.kr/%EC%97%85%EB%AC%B4%EC%82%AC%EB%A1%80/%EB%B6%80%EC%82%B0%EB%88%8C%EC%B0%A8%EB%8F%99%EB%B2%95%EB%AC%B4%EC%82%AC
/업무사례/부산대저동법무사,부산 대저동 법무사 업무 사례,부산 대저동 법무사 업무 사례 | 상… | 다옴법무사사무소,부산 대저동 법무사 업무 사례 | 상속등기·부동산등기 상담 안내,case,부산 대저동 법무사,yes,https://xn--2j1br1na42lvxja38mk8r.kr/%EC%97%85%EB%AC%B4%EC%82%AC%EB%A1%80/%EB%B6%80%EC%82%B0%EB%8C%80%EC%A0%80%EB%8F%99%EB%B2%95%EB%AC%B4%EC%82%AC
/업무사례/부산대항동법무사,부산 대항동 법무사 업무 사례,부산 대항동 법무사 업무 사례 | 상… | 다옴법무사사무소,부산 대항동 법무사 업무 사례 | 상속등기·부동산등기 상담 안내,case,부산 대항동 법무사,yes,https://xn--2j1br1na42lvxja38mk8r.kr/%EC%97%85%EB%AC%B4%EC%82%AC%EB%A1%80/%EB%B6%80%EC%82%B0%EB%8C%80%ED%95%AD%EB%8F%99%EB%B2%95%EB%AC%B4%EC%82%AC
/업무사례/부산동선동법무사,부산 동선동 법무사 업무 사례,부산 동선동 법무사 업무 사례 | 상… | 다옴법무사사무소,부산 동선동 법무사 업무 사례 | 상속등기·부동산등기 상담 안내,case,부산 동선동 법무사,yes,https://xn--2j1br1na42lvxja38mk8r.kr/%EC%97%85%EB%AC%B4%EC%82%AC%EB%A1%80/%EB%B6%80%EC%82%B0%EB%8F%99%EC%84%A0%EB%8F%99%EB%B2%95%EB%AC%B4%EC%82%AC
/업무사례/부산명지동법무사,부산 명지동 법무사 업무 사례,부산 명지동 법무사 업무 사례 | 상… | 다옴법무사사무소,부산 명지동 법무사 업무 사례 | 상속등기·부동산등기 상담 안내,case,부산 명지동 법무사,yes,https://xn--2j1br1na42lvxja38mk8r.kr/%EC%97%85%EB%AC%B4%EC%82%AC%EB%A1%80/%EB%B6%80%EC%82%B0%EB%AA%85%EC%A7%80%EB%8F%99%EB%B2%95%EB%AC%B4%EC%82%AC
/업무사례/부산미음동법무사,부산 미음동 법무사 업무 사례,부산 미음동 법무사 업무 사례 | 상… | 다옴법무사사무소,부산 미음동 법무사 업무 사례 | 상속등기·부동산등기 상담 안내,case,부산 미음동 법무사,yes,https://xn--2j1br1na42lvxja38mk8r.kr/%EC%97%85%EB%AC%B4%EC%82%AC%EB%A1%80/%EB%B6%80%EC%82%B0%EB%AF%B8%EC%9D%8C%EB%8F%99%EB%B2%95%EB%AC%B4%EC%82%AC
/업무사례/부산범방동법무사,부산 범방동 법무사 업무 사례,부산 범방동 법무사 업무 사례 | 상… | 다옴법무사사무소,부산 범방동 법무사 업무 사례 | 상속등기·부동산등기 상담 안내,case,부산 범방동 법무사,yes,https://xn--2j1br1na42lvxja38mk8r.kr/%EC%97%85%EB%AC%B4%EC%82%AC%EB%A1%80/%EB%B6%80%EC%82%B0%EB%B2%94%EB%B0%A9%EB%8F%99%EB%B2%95%EB%AC%B4%EC%82%AC
/업무사례/부산봉림동법무사,부산 봉림동 법무사 업무 사례,부산 봉림동 법무사 업무 사례 | 상… | 다옴법무사사무소,부산 봉림동 법무사 업무 사례 | 상속등기·부동산등기 상담 안내,case,부산 봉림동 법무사,yes,https://xn--2j1br1na42lvxja38mk8r.kr/%EC%97%85%EB%AC%B4%EC%82%AC%EB%A1%80/%EB%B6%80%EC%82%B0%EB%B4%89%EB%A6%BC%EB%8F%99%EB%B2%95%EB%AC%B4%EC%82%AC
/업무사례/부산생곡동법무사,부산 생곡동 법무사 업무 사례,부산 생곡동 법무사 업무 사례 | 상… | 다옴법무사사무소,부산 생곡동 법무사 업무 사례 | 상속등기·부동산등기 상담 안내,case,부산 생곡동 법무사,yes,https://xn--2j1br1na42lvxja38mk8r.kr/%EC%97%85%EB%AC%B4%EC%82%AC%EB%A1%80/%EB%B6%80%EC%82%B0%EC%83%9D%EA%B3%A1%EB%8F%99%EB%B2%95%EB%AC%B4%EC%82%AC
/업무사례/부산성북동법무사,부산 성북동 법무사 업무 사례,부산 성북동 법무사 업무 사례 | 상… | 다옴법무사사무소,부산 성북동 법무사 업무 사례 | 상속등기·부동산등기 상담 안내,case,부산 성북동 법무사,yes,https://xn--2j1br1na42lvxja38mk8r.kr/%EC%97%85%EB%AC%B4%EC%82%AC%EB%A1%80/%EB%B6%80%EC%82%B0%EC%84%B1%EB%B6%81%EB%8F%99%EB%B2%95%EB%AC%B4%EC%82%AC
/업무사례/부산식만동법무사,부산 식만동 법무사 업무 사례,부산 식만동 법무사 업무 사례 | 상… | 다옴법무사사무소,부산 식만동 법무사 업무 사례 | 상속등기·부동산등기 상담 안내,case,부산 식만동 법무사,yes,https://xn--2j1br1na42lvxja38mk8r.kr/%EC%97%85%EB%AC%B4%EC%82%AC%EB%A1%80/%EB%B6%80%EC%82%B0%EC%8B%9D%EB%A7%8C%EB%8F%99%EB%B2%95%EB%AC%B4%EC%82%AC
/업무사례/부산신호동법무사,부산 신호동 법무사 업무 사례,부산 신호동 법무사 업무 사례 | 상… | 다옴법무사사무소,부산 신호동 법무사 업무 사례 | 상속등기·부동산등기 상담 안내,case,부산 신호동 법무사,yes,https://xn--2j1br1na42lvxja38mk8r.kr/%EC%97%85%EB%AC%B4%EC%82%AC%EB%A1%80/%EB%B6%80%EC%82%B0%EC%8B%A0%ED%98%B8%EB%8F%99%EB%B2%95%EB%AC%B4%EC%82%AC
/업무사례/부산죽동동법무사,부산 죽동동 법무사 업무 사례,부산 죽동동 법무사 업무 사례 | 상… | 다옴법무사사무소,부산 죽동동 법무사 업무 사례 | 상속등기·부동산등기 상담 안내,case,부산 죽동동 법무사,yes,https://xn--2j1br1na42lvxja38mk8r.kr/%EC%97%85%EB%AC%B4%EC%82%AC%EB%A1%80/%EB%B6%80%EC%82%B0%EC%A3%BD%EB%8F%99%EB%8F%99%EB%B2%95%EB%AC%B4%EC%82%AC
/업무사례/부산죽림동법무사,부산 죽림동 법무사 업무 사례,부산 죽림동 법무사 업무 사례 | 상… | 다옴법무사사무소,부산 죽림동 법무사 업무 사례 | 상속등기·부동산등기 상담 안내,case,부산 죽림동 법무사,yes,https://xn--2j1br1na42lvxja38mk8r.kr/%EC%97%85%EB%AC%B4%EC%82%AC%EB%A1%80/%EB%B6%80%EC%82%B0%EC%A3%BD%EB%A6%BC%EB%8F%99%EB%B2%95%EB%AC%B4%EC%82%AC
/업무사례/부산지사동법무사,부산 지사동 법무사 업무 사례,부산 지사동 법무사 업무 사례 | 상… | 다옴법무사사무소,부산 지사동 법무사 업무 사례 | 상속등기·부동산등기 상담 안내,case,부산 지사동 법무사,yes,https://xn--2j1br1na42lvxja38mk8r.kr/%EC%97%85%EB%AC%B4%EC%82%AC%EB%A1%80/%EB%B6%80%EC%82%B0%EC%A7%80%EC%82%AC%EB%8F%99%EB%B2%95%EB%AC%B4%EC%82%AC
/업무사례/부산천성동법무사,부산 천성동 법무사 업무 사례,부산 천성동 법무사 업무 사례 | 상… | 다옴법무사사무소,부산 천성동 법무사 업무 사례 | 상속등기·부동산등기 상담 안내,case,부산 천성동 법무사,yes,https://xn--2j1br1na42lvxja38mk8r.kr/%EC%97%85%EB%AC%B4%EC%82%AC%EB%A1%80/%EB%B6%80%EC%82%B0%EC%B2%9C%EC%84%B1%EB%8F%99%EB%B2%95%EB%AC%B4%EC%82%AC
/업무사례/부산화전동법무사,부산 화전동 법무사 업무 사례,부산 화전동 법무사 업무 사례 | 상… | 다옴법무사사무소,부산 화전동 법무사 업무 사례 | 상속등기·부동산등기 상담 안내,case,부산 화전동 법무사,yes,https://xn--2j1br1na42lvxja38mk8r.kr/%EC%97%85%EB%AC%B4%EC%82%AC%EB%A1%80/%EB%B6%80%EC%82%B0%ED%99%94%EC%A0%84%EB%8F%99%EB%B2%95%EB%AC%B4%EC%82%AC
/업무사례/부산녹산동법무사,부산 녹산동 법무사 업무 사례,부산 녹산동 법무사 업무 사례 | 상… | 다옴법무사사무소,부산 녹산동 법무사 업무 사례 | 상속등기·부동산등기 상담 안내,case,부산 녹산동 법무사,yes,https://xn--2j1br1na42lvxja38mk8r.kr/%EC%97%85%EB%AC%B4%EC%82%AC%EB%A1%80/%EB%B6%80%EC%82%B0%EB%85%B9%EC%82%B0%EB%8F%99%EB%B2%95%EB%AC%B4%EC%82%AC
/업무사례/부산가락동법무사,부산 가락동 법무사 업무 사례,부산 가락동 법무사 업무 사례 | 상… | 다옴법무사사무소,부산 가락동 법무사 업무 사례 | 상속등기·부동산등기 상담 안내,case,부산 가락동 법무사,yes,https://xn--2j1br1na42lvxja38mk8r.kr/%EC%97%85%EB%AC%B4%EC%82%AC%EB%A1%80/%EB%B6%80%EC%82%B0%EA%B0%80%EB%9D%BD%EB%8F%99%EB%B2%95%EB%AC%B4%EC%82%AC
/업무사례/연제구법무사,연제구 법무사 업무 사례,연제구 법무사 업무 사례 | 상속등기… | 다옴법무사사무소,연제구 법무사 업무 사례 | 상속등기·부동산등기 상담 안내,case,연제구 법무사,yes,https://xn--2j1br1na42lvxja38mk8r.kr/%EC%97%85%EB%AC%B4%EC%82%AC%EB%A1%80/%EC%97%B0%EC%A0%9C%EA%B5%AC%EB%B2%95%EB%AC%B4%EC%82%AC
/업무사례/부산거제동법무사,부산 거제동 법무사 업무 사례,부산 거제동 법무사 업무 사례 | 상… | 다옴법무사사무소,부산 거제동 법무사 업무 사례 | 상속등기·부동산등기 상담 안내,case,부산 거제동 법무사,yes,https://xn--2j1br1na42lvxja38mk8r.kr/%EC%97%85%EB%AC%B4%EC%82%AC%EB%A1%80/%EB%B6%80%EC%82%B0%EA%B1%B0%EC%A0%9C%EB%8F%99%EB%B2%95%EB%AC%B4%EC%82%AC
/업무사례/부산연산동법무사,부산 연산동 법무사 업무 사례,부산 연산동 법무사 업무 사례 | 상… | 다옴법무사사무소,부산 연산동 법무사 업무 사례 | 상속등기·부동산등기 상담 안내,case,부산 연산동 법무사,yes,https://xn--2j1br1na42lvxja38mk8r.kr/%EC%97%85%EB%AC%B4%EC%82%AC%EB%A1%80/%EB%B6%80%EC%82%B0%EC%97%B0%EC%82%B0%EB%8F%99%EB%B2%95%EB%AC%B4%EC%82%AC
/업무사례/부산거제1동법무사,부산 거제1동 법무사 업무 사례,부산 거제1동 법무사 업무 사례 | … | 다옴법무사사무소,부산 거제1동 법무사 업무 사례 | 상속등기·부동산등기 상담 안내,case,부산 거제1동 법무사,no,https://xn--2j1br1na42lvxja38mk8r.kr/%EC%97%85%EB%AC%B4%EC%82%AC%EB%A1%80/%EB%B6%80%EC%82%B0%EA%B1%B0%EC%A0%9C1%EB%8F%99%EB%B2%95%EB%AC%B4%EC%82%AC
/업무사례/부산거제2동법무사,부산 거제2동 법무사 업무 사례,부산 거제2동 법무사 업무 사례 | … | 다옴법무사사무소,부산 거제2동 법무사 업무 사례 | 상속등기·부동산등기 상담 안내,case,부산 거제2동 법무사,no,https://xn--2j1br1na42lvxja38mk8r.kr/%EC%97%85%EB%AC%B4%EC%82%AC%EB%A1%80/%EB%B6%80%EC%82%B0%EA%B1%B0%EC%A0%9C2%EB%8F%99%EB%B2%95%EB%AC%B4%EC%82%AC
/업무사례/부산거제3동법무사,부산 거제3동 법무사 업무 사례,부산 거제3동 법무사 업무 사례 | … | 다옴법무사사무소,부산 거제3동 법무사 업무 사례 | 상속등기·부동산등기 상담 안내,case,부산 거제3동 법무사,no,https://xn--2j1br1na42lvxja38mk8r.kr/%EC%97%85%EB%AC%B4%EC%82%AC%EB%A1%80/%EB%B6%80%EC%82%B0%EA%B1%B0%EC%A0%9C3%EB%8F%99%EB%B2%95%EB%AC%B4%EC%82%AC
/업무사례/부산거제4동법무사,부산 거제4동 법무사 업무 사례,부산 거제4동 법무사 업무 사례 | … | 다옴법무사사무소,부산 거제4동 법무사 업무 사례 | 상속등기·부동산등기 상담 안내,case,부산 거제4동 법무사,no,https://xn--2j1br1na42lvxja38mk8r.kr/%EC%97%85%EB%AC%B4%EC%82%AC%EB%A1%80/%EB%B6%80%EC%82%B0%EA%B1%B0%EC%A0%9C4%EB%8F%99%EB%B2%95%EB%AC%B4%EC%82%AC
/업무사례/부산연산1동법무사,부산 연산1동 법무사 업무 사례,부산 연산1동 법무사 업무 사례 | … | 다옴법무사사무소,부산 연산1동 법무사 업무 사례 | 상속등기·부동산등기 상담 안내,case,부산 연산1동 법무사,no,https://xn--2j1br1na42lvxja38mk8r.kr/%EC%97%85%EB%AC%B4%EC%82%AC%EB%A1%80/%EB%B6%80%EC%82%B0%EC%97%B0%EC%82%B01%EB%8F%99%EB%B2%95%EB%AC%B4%EC%82%AC
/업무사례/부산연산2동법무사,부산 연산2동 법무사 업무 사례,부산 연산2동 법무사 업무 사례 | … | 다옴법무사사무소,부산 연산2동 법무사 업무 사례 | 상속등기·부동산등기 상담 안내,case,부산 연산2동 법무사,no,https://xn--2j1br1na42lvxja38mk8r.kr/%EC%97%85%EB%AC%B4%EC%82%AC%EB%A1%80/%EB%B6%80%EC%82%B0%EC%97%B0%EC%82%B02%EB%8F%99%EB%B2%95%EB%AC%B4%EC%82%AC
/업무사례/부산연산3동법무사,부산 연산3동 법무사 업무 사례,부산 연산3동 법무사 업무 사례 | … | 다옴법무사사무소,부산 연산3동 법무사 업무 사례 | 상속등기·부동산등기 상담 안내,case,부산 연산3동 법무사,no,https://xn--2j1br1na42lvxja38mk8r.kr/%EC%97%85%EB%AC%B4%EC%82%AC%EB%A1%80/%EB%B6%80%EC%82%B0%EC%97%B0%EC%82%B03%EB%8F%99%EB%B2%95%EB%AC%B4%EC%82%AC
/업무사례/부산연산4동법무사,부산 연산4동 법무사 업무 사례,부산 연산4동 법무사 업무 사례 | … | 다옴법무사사무소,부산 연산4동 법무사 업무 사례 | 상속등기·부동산등기 상담 안내,case,부산 연산4동 법무사,no,https://xn--2j1br1na42lvxja38mk8r.kr/%EC%97%85%EB%AC%B4%EC%82%AC%EB%A1%80/%EB%B6%80%EC%82%B0%EC%97%B0%EC%82%B04%EB%8F%99%EB%B2%95%EB%AC%B4%EC%82%AC
/업무사례/부산연산5동법무사,부산 연산5동 법무사 업무 사례,부산 연산5동 법무사 업무 사례 | … | 다옴법무사사무소,부산 연산5동 법무사 업무 사례 | 상속등기·부동산등기 상담 안내,case,부산 연산5동 법무사,no,https://xn--2j1br1na42lvxja38mk8r.kr/%EC%97%85%EB%AC%B4%EC%82%AC%EB%A1%80/%EB%B6%80%EC%82%B0%EC%97%B0%EC%82%B05%EB%8F%99%EB%B2%95%EB%AC%B4%EC%82%AC
/업무사례/부산연산6동법무사,부산 연산6동 법무사 업무 사례,부산 연산6동 법무사 업무 사례 | … | 다옴법무사사무소,부산 연산6동 법무사 업무 사례 | 상속등기·부동산등기 상담 안내,case,부산 연산6동 법무사,no,https://xn--2j1br1na42lvxja38mk8r.kr/%EC%97%85%EB%AC%B4%EC%82%AC%EB%A1%80/%EB%B6%80%EC%82%B0%EC%97%B0%EC%82%B06%EB%8F%99%EB%B2%95%EB%AC%B4%EC%82%AC
/업무사례/부산연산8동법무사,부산 연산8동 법무사 업무 사례,부산 연산8동 법무사 업무 사례 | … | 다옴법무사사무소,부산 연산8동 법무사 업무 사례 | 상속등기·부동산등기 상담 안내,case,부산 연산8동 법무사,no,https://xn--2j1br1na42lvxja38mk8r.kr/%EC%97%85%EB%AC%B4%EC%82%AC%EB%A1%80/%EB%B6%80%EC%82%B0%EC%97%B0%EC%82%B08%EB%8F%99%EB%B2%95%EB%AC%B4%EC%82%AC
/업무사례/부산연산9동법무사,부산 연산9동 법무사 업무 사례,부산 연산9동 법무사 업무 사례 | … | 다옴법무사사무소,부산 연산9동 법무사 업무 사례 | 상속등기·부동산등기 상담 안내,case,부산 연산9동 법무사,no,https://xn--2j1br1na42lvxja38mk8r.kr/%EC%97%85%EB%AC%B4%EC%82%AC%EB%A1%80/%EB%B6%80%EC%82%B0%EC%97%B0%EC%82%B09%EB%8F%99%EB%B2%95%EB%AC%B4%EC%82%AC
/업무사례/수영구법무사,수영구 법무사 업무 사례,수영구 법무사 업무 사례 | 상속등기… | 다옴법무사사무소,수영구 법무사 업무 사례 | 상속등기·부동산등기 상담 안내,case,수영구 법무사,yes,https://xn--2j1br1na42lvxja38mk8r.kr/%EC%97%85%EB%AC%B4%EC%82%AC%EB%A1%80/%EC%88%98%EC%98%81%EA%B5%AC%EB%B2%95%EB%AC%B4%EC%82%AC
/업무사례/부산광안동법무사,부산 광안동 법무사 업무 사례,부산 광안동 법무사 업무 사례 | 상… | 다옴법무사사무소,부산 광안동 법무사 업무 사례 | 상속등기·부동산등기 상담 안내,case,부산 광안동 법무사,yes,https://xn--2j1br1na42lvxja38mk8r.kr/%EC%97%85%EB%AC%B4%EC%82%AC%EB%A1%80/%EB%B6%80%EC%82%B0%EA%B4%91%EC%95%88%EB%8F%99%EB%B2%95%EB%AC%B4%EC%82%AC
/업무사례/부산남천동법무사,부산 남천동 법무사 업무 사례,부산 남천동 법무사 업무 사례 | 상… | 다옴법무사사무소,부산 남천동 법무사 업무 사례 | 상속등기·부동산등기 상담 안내,case,부산 남천동 법무사,yes,https://xn--2j1br1na42lvxja38mk8r.kr/%EC%97%85%EB%AC%B4%EC%82%AC%EB%A1%80/%EB%B6%80%EC%82%B0%EB%82%A8%EC%B2%9C%EB%8F%99%EB%B2%95%EB%AC%B4%EC%82%AC
/업무사례/부산망미동법무사,부산 망미동 법무사 업무 사례,부산 망미동 법무사 업무 사례 | 상… | 다옴법무사사무소,부산 망미동 법무사 업무 사례 | 상속등기·부동산등기 상담 안내,case,부산 망미동 법무사,yes,https://xn--2j1br1na42lvxja38mk8r.kr/%EC%97%85%EB%AC%B4%EC%82%AC%EB%A1%80/%EB%B6%80%EC%82%B0%EB%A7%9D%EB%AF%B8%EB%8F%99%EB%B2%95%EB%AC%B4%EC%82%AC
/업무사례/부산민락동법무사,부산 민락동 법무사 업무 사례,부산 민락동 법무사 업무 사례 | 상… | 다옴법무사사무소,부산 민락동 법무사 업무 사례 | 상속등기·부동산등기 상담 안내,case,부산 민락동 법무사,yes,https://xn--2j1br1na42lvxja38mk8r.kr/%EC%97%85%EB%AC%B4%EC%82%AC%EB%A1%80/%EB%B6%80%EC%82%B0%EB%AF%BC%EB%9D%BD%EB%8F%99%EB%B2%95%EB%AC%B4%EC%82%AC
/업무사례/부산수영동법무사,부산 수영동 법무사 업무 사례,부산 수영동 법무사 업무 사례 | 상… | 다옴법무사사무소,부산 수영동 법무사 업무 사례 | 상속등기·부동산등기 상담 안내,case,부산 수영동 법무사,yes,https://xn--2j1br1na42lvxja38mk8r.kr/%EC%97%85%EB%AC%B4%EC%82%AC%EB%A1%80/%EB%B6%80%EC%82%B0%EC%88%98%EC%98%81%EB%8F%99%EB%B2%95%EB%AC%B4%EC%82%AC
/업무사례/부산광안1동법무사,부산 광안1동 법무사 업무 사례,부산 광안1동 법무사 업무 사례 | … | 다옴법무사사무소,부산 광안1동 법무사 업무 사례 | 상속등기·부동산등기 상담 안내,case,부산 광안1동 법무사,no,https://xn--2j1br1na42lvxja38mk8r.kr/%EC%97%85%EB%AC%B4%EC%82%AC%EB%A1%80/%EB%B6%80%EC%82%B0%EA%B4%91%EC%95%881%EB%8F%99%EB%B2%95%EB%AC%B4%EC%82%AC
/업무사례/부산광안2동법무사,부산 광안2동 법무사 업무 사례,부산 광안2동 법무사 업무 사례 | … | 다옴법무사사무소,부산 광안2동 법무사 업무 사례 | 상속등기·부동산등기 상담 안내,case,부산 광안2동 법무사,no,https://xn--2j1br1na42lvxja38mk8r.kr/%EC%97%85%EB%AC%B4%EC%82%AC%EB%A1%80/%EB%B6%80%EC%82%B0%EA%B4%91%EC%95%882%EB%8F%99%EB%B2%95%EB%AC%B4%EC%82%AC
/업무사례/부산광안3동법무사,부산 광안3동 법무사 업무 사례,부산 광안3동 법무사 업무 사례 | … | 다옴법무사사무소,부산 광안3동 법무사 업무 사례 | 상속등기·부동산등기 상담 안내,case,부산 광안3동 법무사,no,https://xn--2j1br1na42lvxja38mk8r.kr/%EC%97%85%EB%AC%B4%EC%82%AC%EB%A1%80/%EB%B6%80%EC%82%B0%EA%B4%91%EC%95%883%EB%8F%99%EB%B2%95%EB%AC%B4%EC%82%AC
/업무사례/부산광안4동법무사,부산 광안4동 법무사 업무 사례,부산 광안4동 법무사 업무 사례 | … | 다옴법무사사무소,부산 광안4동 법무사 업무 사례 | 상속등기·부동산등기 상담 안내,case,부산 광안4동 법무사,no,https://xn--2j1br1na42lvxja38mk8r.kr/%EC%97%85%EB%AC%B4%EC%82%AC%EB%A1%80/%EB%B6%80%EC%82%B0%EA%B4%91%EC%95%884%EB%8F%99%EB%B2%95%EB%AC%B4%EC%82%AC
/업무사례/부산남천1동법무사,부산 남천1동 법무사 업무 사례,부산 남천1동 법무사 업무 사례 | … | 다옴법무사사무소,부산 남천1동 법무사 업무 사례 | 상속등기·부동산등기 상담 안내,case,부산 남천1동 법무사,no,https://xn--2j1br1na42lvxja38mk8r.kr/%EC%97%85%EB%AC%B4%EC%82%AC%EB%A1%80/%EB%B6%80%EC%82%B0%EB%82%A8%EC%B2%9C1%EB%8F%99%EB%B2%95%EB%AC%B4%EC%82%AC
/업무사례/부산남천2동법무사,부산 남천2동 법무사 업무 사례,부산 남천2동 법무사 업무 사례 | … | 다옴법무사사무소,부산 남천2동 법무사 업무 사례 | 상속등기·부동산등기 상담 안내,case,부산 남천2동 법무사,no,https://xn--2j1br1na42lvxja38mk8r.kr/%EC%97%85%EB%AC%B4%EC%82%AC%EB%A1%80/%EB%B6%80%EC%82%B0%EB%82%A8%EC%B2%9C2%EB%8F%99%EB%B2%95%EB%AC%B4%EC%82%AC
/업무사례/부산망미1동법무사,부산 망미1동 법무사 업무 사례,부산 망미1동 법무사 업무 사례 | … | 다옴법무사사무소,부산 망미1동 법무사 업무 사례 | 상속등기·부동산등기 상담 안내,case,부산 망미1동 법무사,no,https://xn--2j1br1na42lvxja38mk8r.kr/%EC%97%85%EB%AC%B4%EC%82%AC%EB%A1%80/%EB%B6%80%EC%82%B0%EB%A7%9D%EB%AF%B81%EB%8F%99%EB%B2%95%EB%AC%B4%EC%82%AC
/업무사례/부산망미2동법무사,부산 망미2동 법무사 업무 사례,부산 망미2동 법무사 업무 사례 | … | 다옴법무사사무소,부산 망미2동 법무사 업무 사례 | 상속등기·부동산등기 상담 안내,case,부산 망미2동 법무사,no,https://xn--2j1br1na42lvxja38mk8r.kr/%EC%97%85%EB%AC%B4%EC%82%AC%EB%A1%80/%EB%B6%80%EC%82%B0%EB%A7%9D%EB%AF%B82%EB%8F%99%EB%B2%95%EB%AC%B4%EC%82%AC
/업무사례/사상구법무사,사상구 법무사 업무 사례,사상구 법무사 업무 사례 | 상속등기… | 다옴법무사사무소,사상구 법무사 업무 사례 | 상속등기·부동산등기 상담 안내,case,사상구 법무사,yes,https://xn--2j1br1na42lvxja38mk8r.kr/%EC%97%85%EB%AC%B4%EC%82%AC%EB%A1%80/%EC%82%AC%EC%83%81%EA%B5%AC%EB%B2%95%EB%AC%B4%EC%82%AC
/업무사례/부산감전동법무사,부산 감전동 법무사 업무 사례,부산 감전동 법무사 업무 사례 | 상… | 다옴법무사사무소,부산 감전동 법무사 업무 사례 | 상속등기·부동산등기 상담 안내,case,부산 감전동 법무사,yes,https://xn--2j1br1na42lvxja38mk8r.kr/%EC%97%85%EB%AC%B4%EC%82%AC%EB%A1%80/%EB%B6%80%EC%82%B0%EA%B0%90%EC%A0%84%EB%8F%99%EB%B2%95%EB%AC%B4%EC%82%AC
/업무사례/부산괘법동법무사,부산 괘법동 법무사 업무 사례,부산 괘법동 법무사 업무 사례 | 상… | 다옴법무사사무소,부산 괘법동 법무사 업무 사례 | 상속등기·부동산등기 상담 안내,case,부산 괘법동 법무사,yes,https://xn--2j1br1na42lvxja38mk8r.kr/%EC%97%85%EB%AC%B4%EC%82%AC%EB%A1%80/%EB%B6%80%EC%82%B0%EA%B4%98%EB%B2%95%EB%8F%99%EB%B2%95%EB%AC%B4%EC%82%AC
/업무사례/부산덕포동법무사,부산 덕포동 법무사 업무 사례,부산 덕포동 법무사 업무 사례 | 상… | 다옴법무사사무소,부산 덕포동 법무사 업무 사례 | 상속등기·부동산등기 상담 안내,case,부산 덕포동 법무사,yes,https://xn--2j1br1na42lvxja38mk8r.kr/%EC%97%85%EB%AC%B4%EC%82%AC%EB%A1%80/%EB%B6%80%EC%82%B0%EB%8D%95%ED%8F%AC%EB%8F%99%EB%B2%95%EB%AC%B4%EC%82%AC
/업무사례/부산모라동법무사,부산 모라동 법무사 업무 사례,부산 모라동 법무사 업무 사례 | 상… | 다옴법무사사무소,부산 모라동 법무사 업무 사례 | 상속등기·부동산등기 상담 안내,case,부산 모라동 법무사,yes,https://xn--2j1br1na42lvxja38mk8r.kr/%EC%97%85%EB%AC%B4%EC%82%AC%EB%A1%80/%EB%B6%80%EC%82%B0%EB%AA%A8%EB%9D%BC%EB%8F%99%EB%B2%95%EB%AC%B4%EC%82%AC
/업무사례/부산삼락동법무사,부산 삼락동 법무사 업무 사례,부산 삼락동 법무사 업무 사례 | 상… | 다옴법무사사무소,부산 삼락동 법무사 업무 사례 | 상속등기·부동산등기 상담 안내,case,부산 삼락동 법무사,yes,https://xn--2j1br1na42lvxja38mk8r.kr/%EC%97%85%EB%AC%B4%EC%82%AC%EB%A1%80/%EB%B6%80%EC%82%B0%EC%82%BC%EB%9D%BD%EB%8F%99%EB%B2%95%EB%AC%B4%EC%82%AC
/업무사례/부산엄궁동법무사,부산 엄궁동 법무사 업무 사례,부산 엄궁동 법무사 업무 사례 | 상… | 다옴법무사사무소,부산 엄궁동 법무사 업무 사례 | 상속등기·부동산등기 상담 안내,case,부산 엄궁동 법무사,yes,https://xn--2j1br1na42lvxja38mk8r.kr/%EC%97%85%EB%AC%B4%EC%82%AC%EB%A1%80/%EB%B6%80%EC%82%B0%EC%97%84%EA%B6%81%EB%8F%99%EB%B2%95%EB%AC%B4%EC%82%AC
/업무사례/부산주례동법무사,부산 주례동 법무사 업무 사례,부산 주례동 법무사 업무 사례 | 상… | 다옴법무사사무소,부산 주례동 법무사 업무 사례 | 상속등기·부동산등기 상담 안내,case,부산 주례동 법무사,yes,https://xn--2j1br1na42lvxja38mk8r.kr/%EC%97%85%EB%AC%B4%EC%82%AC%EB%A1%80/%EB%B6%80%EC%82%B0%EC%A3%BC%EB%A1%80%EB%8F%99%EB%B2%95%EB%AC%B4%EC%82%AC
/업무사례/부산학장동법무사,부산 학장동 법무사 업무 사례,부산 학장동 법무사 업무 사례 | 상… | 다옴법무사사무소,부산 학장동 법무사 업무 사례 | 상속등기·부동산등기 상담 안내,case,부산 학장동 법무사,yes,https://xn--2j1br1na42lvxja38mk8r.kr/%EC%97%85%EB%AC%B4%EC%82%AC%EB%A1%80/%EB%B6%80%EC%82%B0%ED%95%99%EC%9E%A5%EB%8F%99%EB%B2%95%EB%AC%B4%EC%82%AC
/업무사례/기장군법무사,기장군 법무사 업무 사례,기장군 법무사 업무 사례 | 상속등기… | 다옴법무사사무소,기장군 법무사 업무 사례 | 상속등기·부동산등기 상담 안내,case,기장군 법무사,yes,https://xn--2j1br1na42lvxja38mk8r.kr/%EC%97%85%EB%AC%B4%EC%82%AC%EB%A1%80/%EA%B8%B0%EC%9E%A5%EA%B5%B0%EB%B2%95%EB%AC%B4%EC%82%AC
/업무사례/부산기장읍법무사,부산 기장읍 법무사 업무 사례,부산 기장읍 법무사 업무 사례 | 상… | 다옴법무사사무소,부산 기장읍 법무사 업무 사례 | 상속등기·부동산등기 상담 안내,case,부산 기장읍 법무사,yes,https://xn--2j1br1na42lvxja38mk8r.kr/%EC%97%85%EB%AC%B4%EC%82%AC%EB%A1%80/%EB%B6%80%EC%82%B0%EA%B8%B0%EC%9E%A5%EC%9D%8D%EB%B2%95%EB%AC%B4%EC%82%AC
/업무사례/부산정관읍법무사,부산 정관읍 법무사 업무 사례,부산 정관읍 법무사 업무 사례 | 상… | 다옴법무사사무소,부산 정관읍 법무사 업무 사례 | 상속등기·부동산등기 상담 안내,case,부산 정관읍 법무사,yes,https://xn--2j1br1na42lvxja38mk8r.kr/%EC%97%85%EB%AC%B4%EC%82%AC%EB%A1%80/%EB%B6%80%EC%82%B0%EC%A0%95%EA%B4%80%EC%9D%8D%EB%B2%95%EB%AC%B4%EC%82%AC
/업무사례/부산장안읍법무사,부산 장안읍 법무사 업무 사례,부산 장안읍 법무사 업무 사례 | 상… | 다옴법무사사무소,부산 장안읍 법무사 업무 사례 | 상속등기·부동산등기 상담 안내,case,부산 장안읍 법무사,yes,https://xn--2j1br1na42lvxja38mk8r.kr/%EC%97%85%EB%AC%B4%EC%82%AC%EB%A1%80/%EB%B6%80%EC%82%B0%EC%9E%A5%EC%95%88%EC%9D%8D%EB%B2%95%EB%AC%B4%EC%82%AC
/업무사례/부산일광읍법무사,부산 일광읍 법무사 업무 사례,부산 일광읍 법무사 업무 사례 | 상… | 다옴법무사사무소,부산 일광읍 법무사 업무 사례 | 상속등기·부동산등기 상담 안내,case,부산 일광읍 법무사,yes,https://xn--2j1br1na42lvxja38mk8r.kr/%EC%97%85%EB%AC%B4%EC%82%AC%EB%A1%80/%EB%B6%80%EC%82%B0%EC%9D%BC%EA%B4%91%EC%9D%8D%EB%B2%95%EB%AC%B4%EC%82%AC
/업무사례/부산철마면법무사,부산 철마면 법무사 업무 사례,부산 철마면 법무사 업무 사례 | 상… | 다옴법무사사무소,부산 철마면 법무사 업무 사례 | 상속등기·부동산등기 상담 안내,case,부산 철마면 법무사,yes,https://xn--2j1br1na42lvxja38mk8r.kr/%EC%97%85%EB%AC%B4%EC%82%AC%EB%A1%80/%EB%B6%80%EC%82%B0%EC%B2%A0%EB%A7%88%EB%A9%B4%EB%B2%95%EB%AC%B4%EC%82%AC
/업무사례/부산국제시장법무사,부산 국제시장 법무사 업무 사례,부산 국제시장 법무사 업무 사례 | … | 다옴법무사사무소,부산 국제시장 법무사 업무 사례 | 상속등기·부동산등기 상담 안내,case,부산 국제시장 법무사,yes,https://xn--2j1br1na42lvxja38mk8r.kr/%EC%97%85%EB%AC%B4%EC%82%AC%EB%A1%80/%EB%B6%80%EC%82%B0%EA%B5%AD%EC%A0%9C%EC%8B%9C%EC%9E%A5%EB%B2%95%EB%AC%B4%EC%82%AC
/업무사례/부산자갈치시장법무사,부산 자갈치시장 법무사 업무 사례,부산 자갈치시장 법무사 업무 사례 |… | 다옴법무사사무소,부산 자갈치시장 법무사 업무 사례 | 상속등기·부동산등기 상담 안내,case,부산 자갈치시장 법무사,yes,https://xn--2j1br1na42lvxja38mk8r.kr/%EC%97%85%EB%AC%B4%EC%82%AC%EB%A1%80/%EB%B6%80%EC%82%B0%EC%9E%90%EA%B0%88%EC%B9%98%EC%8B%9C%EC%9E%A5%EB%B2%95%EB%AC%B4%EC%82%AC
/업무사례/부산부평깡통시장법무사,부산 부평깡통시장 법무사 업무 사례,부산 부평깡통시장 법무사 업무 사례 … | 다옴법무사사무소,부산 부평깡통시장 법무사 업무 사례 | 상속등기·부동산등기 상담 안내,case,부산 부평깡통시장 법무사,yes,https://xn--2j1br1na42lvxja38mk8r.kr/%EC%97%85%EB%AC%B4%EC%82%AC%EB%A1%80/%EB%B6%80%EC%82%B0%EB%B6%80%ED%8F%89%EA%B9%A1%ED%86%B5%EC%8B%9C%EC%9E%A5%EB%B2%95%EB%AC%B4%EC%82%AC
/업무사례/부산근대역사관법무사,부산 부산근대역사관 법무사 업무 사례,부산 부산근대역사관 법무사 업무 사례… | 다옴법무사사무소,부산 부산근대역사관 법무사 업무 사례 | 상속등기·부동산등기 상담 안내,case,부산 부산근대역사관 법무사,no,https://xn--2j1br1na42lvxja38mk8r.kr/%EC%97%85%EB%AC%B4%EC%82%AC%EB%A1%80/%EB%B6%80%EC%82%B0%EA%B7%BC%EB%8C%80%EC%97%AD%EC%82%AC%EA%B4%80%EB%B2%95%EB%AC%B4%EC%82%AC
/업무사례/부산대학병원법무사,부산 부산대학병원 법무사 업무 사례,부산 부산대학병원 법무사 업무 사례 … | 다옴법무사사무소,부산 부산대학병원 법무사 업무 사례 | 상속등기·부동산등기 상담 안내,case,부산 부산대학병원 법무사,yes,https://xn--2j1br1na42lvxja38mk8r.kr/%EC%97%85%EB%AC%B4%EC%82%AC%EB%A1%80/%EB%B6%80%EC%82%B0%EB%8C%80%ED%95%99%EB%B3%91%EC%9B%90%EB%B2%95%EB%AC%B4%EC%82%AC
/업무사례/부산동아대병원법무사,부산 동아대병원 법무사 업무 사례,부산 동아대병원 법무사 업무 사례 |… | 다옴법무사사무소,부산 동아대병원 법무사 업무 사례 | 상속등기·부동산등기 상담 안내,case,부산 동아대병원 법무사,no,https://xn--2j1br1na42lvxja38mk8r.kr/%EC%97%85%EB%AC%B4%EC%82%AC%EB%A1%80/%EB%B6%80%EC%82%B0%EB%8F%99%EC%95%84%EB%8C%80%EB%B3%91%EC%9B%90%EB%B2%95%EB%AC%B4%EC%82%AC
/업무사례/부산송도해수욕장법무사,부산 송도해수욕장 법무사 업무 사례,부산 송도해수욕장 법무사 업무 사례 … | 다옴법무사사무소,부산 송도해수욕장 법무사 업무 사례 | 상속등기·부동산등기 상담 안내,case,부산 송도해수욕장 법무사,yes,https://xn--2j1br1na42lvxja38mk8r.kr/%EC%97%85%EB%AC%B4%EC%82%AC%EB%A1%80/%EB%B6%80%EC%82%B0%EC%86%A1%EB%8F%84%ED%95%B4%EC%88%98%EC%9A%95%EC%9E%A5%EB%B2%95%EB%AC%B4%EC%82%AC
/업무사례/부산송도해상케이블카법무사,부산 송도해상케이블카 법무사 업무 사례,부산 송도해상케이블카 법무사 업무 사… | 다옴법무사사무소,부산 송도해상케이블카 법무사 업무 사례 | 상속등기·부동산등기 상담 안내,case,부산 송도해상케이블카 법무사,no,https://xn--2j1br1na42lvxja38mk8r.kr/%EC%97%85%EB%AC%B4%EC%82%AC%EB%A1%80/%EB%B6%80%EC%82%B0%EC%86%A1%EB%8F%84%ED%95%B4%EC%83%81%EC%BC%80%EC%9D%B4%EB%B8%94%EC%B9%B4%EB%B2%95%EB%AC%B4%EC%82%AC
/업무사례/부산역법무사,부산 부산역 법무사 업무 사례,부산 부산역 법무사 업무 사례 | 상… | 다옴법무사사무소,부산 부산역 법무사 업무 사례 | 상속등기·부동산등기 상담 안내,case,부산 부산역 법무사,yes,https://xn--2j1br1na42lvxja38mk8r.kr/%EC%97%85%EB%AC%B4%EC%82%AC%EB%A1%80/%EB%B6%80%EC%82%B0%EC%97%AD%EB%B2%95%EB%AC%B4%EC%82%AC
/업무사례/부산초량역법무사,부산 초량역 법무사 업무 사례,부산 초량역 법무사 업무 사례 | 상… | 다옴법무사사무소,부산 초량역 법무사 업무 사례 | 상속등기·부동산등기 상담 안내,case,부산 초량역 법무사,no,https://xn--2j1br1na42lvxja38mk8r.kr/%EC%97%85%EB%AC%B4%EC%82%AC%EB%A1%80/%EB%B6%80%EC%82%B0%EC%B4%88%EB%9F%89%EC%97%AD%EB%B2%95%EB%AC%B4%EC%82%AC
/업무사례/부산진역법무사,부산 부산진역 법무사 업무 사례,부산 부산진역 법무사 업무 사례 | … | 다옴법무사사무소,부산 부산진역 법무사 업무 사례 | 상속등기·부동산등기 상담 안내,case,부산 부산진역 법무사,no,https://xn--2j1br1na42lvxja38mk8r.kr/%EC%97%85%EB%AC%B4%EC%82%AC%EB%A1%80/%EB%B6%80%EC%82%B0%EC%A7%84%EC%97%AD%EB%B2%95%EB%AC%B4%EC%82%AC
/업무사례/부산북항법무사,부산 북항 법무사 업무 사례,부산 북항 법무사 업무 사례 | 상속… | 다옴법무사사무소,부산 북항 법무사 업무 사례 | 상속등기·부동산등기 상담 안내,case,부산 북항 법무사,yes,https://xn--2j1br1na42lvxja38mk8r.kr/%EC%97%85%EB%AC%B4%EC%82%AC%EB%A1%80/%EB%B6%80%EC%82%B0%EB%B6%81%ED%95%AD%EB%B2%95%EB%AC%B4%EC%82%AC
/업무사례/부산항법무사,부산 부산항 법무사 업무 사례,부산 부산항 법무사 업무 사례 | 상… | 다옴법무사사무소,부산 부산항 법무사 업무 사례 | 상속등기·부동산등기 상담 안내,case,부산 부산항 법무사,yes,https://xn--2j1br1na42lvxja38mk8r.kr/%EC%97%85%EB%AC%B4%EC%82%AC%EB%A1%80/%EB%B6%80%EC%82%B0%ED%95%AD%EB%B2%95%EB%AC%B4%EC%82%AC
/업무사례/부산항국제여객터미널법무사,부산 부산항국제여객터미널 법무사 업무 사례,부산 부산항국제여객터미널 법무사 업무… | 다옴법무사사무소,부산 부산항국제여객터미널 법무사 업무 사례 | 상속등기·부동산등기 상담 안내,case,부산 부산항국제여객터미널 법무사,no,https://xn--2j1br1na42lvxja38mk8r.kr/%EC%97%85%EB%AC%B4%EC%82%AC%EB%A1%80/%EB%B6%80%EC%82%B0%ED%95%AD%EA%B5%AD%EC%A0%9C%EC%97%AC%EA%B0%9D%ED%84%B0%EB%AF%B8%EB%84%90%EB%B2%95%EB%AC%B4%EC%82%AC
/업무사례/부산차이나타운법무사,부산 차이나타운 법무사 업무 사례,부산 차이나타운 법무사 업무 사례 |… | 다옴법무사사무소,부산 차이나타운 법무사 업무 사례 | 상속등기·부동산등기 상담 안내,case,부산 차이나타운 법무사,yes,https://xn--2j1br1na42lvxja38mk8r.kr/%EC%97%85%EB%AC%B4%EC%82%AC%EB%A1%80/%EB%B6%80%EC%82%B0%EC%B0%A8%EC%9D%B4%EB%82%98%ED%83%80%EC%9A%B4%EB%B2%95%EB%AC%B4%EC%82%AC
/업무사례/부산영도대교법무사,부산 영도대교 법무사 업무 사례,부산 영도대교 법무사 업무 사례 | … | 다옴법무사사무소,부산 영도대교 법무사 업무 사례 | 상속등기·부동산등기 상담 안내,case,부산 영도대교 법무사,no,https://xn--2j1br1na42lvxja38mk8r.kr/%EC%97%85%EB%AC%B4%EC%82%AC%EB%A1%80/%EB%B6%80%EC%82%B0%EC%98%81%EB%8F%84%EB%8C%80%EA%B5%90%EB%B2%95%EB%AC%B4%EC%82%AC
/업무사례/부산태종대법무사,부산 태종대 법무사 업무 사례,부산 태종대 법무사 업무 사례 | 상… | 다옴법무사사무소,부산 태종대 법무사 업무 사례 | 상속등기·부동산등기 상담 안내,case,부산 태종대 법무사,yes,https://xn--2j1br1na42lvxja38mk8r.kr/%EC%97%85%EB%AC%B4%EC%82%AC%EB%A1%80/%EB%B6%80%EC%82%B0%ED%83%9C%EC%A2%85%EB%8C%80%EB%B2%95%EB%AC%B4%EC%82%AC
/업무사례/부산흰여울문화마을법무사,부산 흰여울문화마을 법무사 업무 사례,부산 흰여울문화마을 법무사 업무 사례… | 다옴법무사사무소,부산 흰여울문화마을 법무사 업무 사례 | 상속등기·부동산등기 상담 안내,case,부산 흰여울문화마을 법무사,yes,https://xn--2j1br1na42lvxja38mk8r.kr/%EC%97%85%EB%AC%B4%EC%82%AC%EB%A1%80/%EB%B6%80%EC%82%B0%ED%9D%B0%EC%97%AC%EC%9A%B8%EB%AC%B8%ED%99%94%EB%A7%88%EC%9D%84%EB%B2%95%EB%AC%B4%EC%82%AC
/업무사례/부산동삼혁신지구법무사,부산 동삼혁신지구 법무사 업무 사례,부산 동삼혁신지구 법무사 업무 사례 … | 다옴법무사사무소,부산 동삼혁신지구 법무사 업무 사례 | 상속등기·부동산등기 상담 안내,case,부산 동삼혁신지구 법무사,yes,https://xn--2j1br1na42lvxja38mk8r.kr/%EC%97%85%EB%AC%B4%EC%82%AC%EB%A1%80/%EB%B6%80%EC%82%B0%EB%8F%99%EC%82%BC%ED%98%81%EC%8B%A0%EC%A7%80%EA%B5%AC%EB%B2%95%EB%AC%B4%EC%82%AC
/업무사례/부산국립해양박물관법무사,부산 국립해양박물관 법무사 업무 사례,부산 국립해양박물관 법무사 업무 사례… | 다옴법무사사무소,부산 국립해양박물관 법무사 업무 사례 | 상속등기·부동산등기 상담 안내,case,부산 국립해양박물관 법무사,no,https://xn--2j1br1na42lvxja38mk8r.kr/%EC%97%85%EB%AC%B4%EC%82%AC%EB%A1%80/%EB%B6%80%EC%82%B0%EA%B5%AD%EB%A6%BD%ED%95%B4%EC%96%91%EB%B0%95%EB%AC%BC%EA%B4%80%EB%B2%95%EB%AC%B4%EC%82%AC
/업무사례/부산서면법무사,부산 서면 법무사 업무 사례,부산 서면 법무사 업무 사례 | 상속… | 다옴법무사사무소,부산 서면 법무사 업무 사례 | 상속등기·부동산등기 상담 안내,case,부산 서면 법무사,yes,https://xn--2j1br1na42lvxja38mk8r.kr/%EC%97%85%EB%AC%B4%EC%82%AC%EB%A1%80/%EB%B6%80%EC%82%B0%EC%84%9C%EB%A9%B4%EB%B2%95%EB%AC%B4%EC%82%AC
/업무사례/부산서면1번가법무사,부산 서면1번가 법무사 업무 사례,부산 서면1번가 법무사 업무 사례 |… | 다옴법무사사무소,부산 서면1번가 법무사 업무 사례 | 상속등기·부동산등기 상담 안내,case,부산 서면1번가 법무사,no,https://xn--2j1br1na42lvxja38mk8r.kr/%EC%97%85%EB%AC%B4%EC%82%AC%EB%A1%80/%EB%B6%80%EC%82%B0%EC%84%9C%EB%A9%B41%EB%B2%88%EA%B0%80%EB%B2%95%EB%AC%B4%EC%82%AC
/업무사례/부산전포카페거리법무사,부산 전포카페거리 법무사 업무 사례,부산 전포카페거리 법무사 업무 사례 … | 다옴법무사사무소,부산 전포카페거리 법무사 업무 사례 | 상속등기·부동산등기 상담 안내,case,부산 전포카페거리 법무사,no,https://xn--2j1br1na42lvxja38mk8r.kr/%EC%97%85%EB%AC%B4%EC%82%AC%EB%A1%80/%EB%B6%80%EC%82%B0%EC%A0%84%ED%8F%AC%EC%B9%B4%ED%8E%98%EA%B1%B0%EB%A6%AC%EB%B2%95%EB%AC%B4%EC%82%AC
/업무사례/부산시민공원법무사,부산 부산시민공원 법무사 업무 사례,부산 부산시민공원 법무사 업무 사례 … | 다옴법무사사무소,부산 부산시민공원 법무사 업무 사례 | 상속등기·부동산등기 상담 안내,case,부산 부산시민공원 법무사,yes,https://xn--2j1br1na42lvxja38mk8r.kr/%EC%97%85%EB%AC%B4%EC%82%AC%EB%A1%80/%EB%B6%80%EC%82%B0%EC%8B%9C%EB%AF%BC%EA%B3%B5%EC%9B%90%EB%B2%95%EB%AC%B4%EC%82%AC
/업무사례/부산부전시장법무사,부산 부전시장 법무사 업무 사례,부산 부전시장 법무사 업무 사례 | … | 다옴법무사사무소,부산 부전시장 법무사 업무 사례 | 상속등기·부동산등기 상담 안내,case,부산 부전시장 법무사,yes,https://xn--2j1br1na42lvxja38mk8r.kr/%EC%97%85%EB%AC%B4%EC%82%AC%EB%A1%80/%EB%B6%80%EC%82%B0%EB%B6%80%EC%A0%84%EC%8B%9C%EC%9E%A5%EB%B2%95%EB%AC%B4%EC%82%AC
/업무사례/부산부전역법무사,부산 부전역 법무사 업무 사례,부산 부전역 법무사 업무 사례 | 상… | 다옴법무사사무소,부산 부전역 법무사 업무 사례 | 상속등기·부동산등기 상담 안내,case,부산 부전역 법무사,no,https://xn--2j1br1na42lvxja38mk8r.kr/%EC%97%85%EB%AC%B4%EC%82%AC%EB%A1%80/%EB%B6%80%EC%82%B0%EB%B6%80%EC%A0%84%EC%97%AD%EB%B2%95%EB%AC%B4%EC%82%AC
/업무사례/부산양정역법무사,부산 양정역 법무사 업무 사례,부산 양정역 법무사 업무 사례 | 상… | 다옴법무사사무소,부산 양정역 법무사 업무 사례 | 상속등기·부동산등기 상담 안내,case,부산 양정역 법무사,no,https://xn--2j1br1na42lvxja38mk8r.kr/%EC%97%85%EB%AC%B4%EC%82%AC%EB%A1%80/%EB%B6%80%EC%82%B0%EC%96%91%EC%A0%95%EC%97%AD%EB%B2%95%EB%AC%B4%EC%82%AC
/업무사례/부산가야역법무사,부산 가야역 법무사 업무 사례,부산 가야역 법무사 업무 사례 | 상… | 다옴법무사사무소,부산 가야역 법무사 업무 사례 | 상속등기·부동산등기 상담 안내,case,부산 가야역 법무사,no,https://xn--2j1br1na42lvxja38mk8r.kr/%EC%97%85%EB%AC%B4%EC%82%AC%EB%A1%80/%EB%B6%80%EC%82%B0%EA%B0%80%EC%95%BC%EC%97%AD%EB%B2%95%EB%AC%B4%EC%82%AC
/업무사례/부산동의대역법무사,부산 동의대역 법무사 업무 사례,부산 동의대역 법무사 업무 사례 | … | 다옴법무사사무소,부산 동의대역 법무사 업무 사례 | 상속등기·부동산등기 상담 안내,case,부산 동의대역 법무사,yes,https://xn--2j1br1na42lvxja38mk8r.kr/%EC%97%85%EB%AC%B4%EC%82%AC%EB%A1%80/%EB%B6%80%EC%82%B0%EB%8F%99%EC%9D%98%EB%8C%80%EC%97%AD%EB%B2%95%EB%AC%B4%EC%82%AC
/업무사례/부산개금역법무사,부산 개금역 법무사 업무 사례,부산 개금역 법무사 업무 사례 | 상… | 다옴법무사사무소,부산 개금역 법무사 업무 사례 | 상속등기·부동산등기 상담 안내,case,부산 개금역 법무사,no,https://xn--2j1br1na42lvxja38mk8r.kr/%EC%97%85%EB%AC%B4%EC%82%AC%EB%A1%80/%EB%B6%80%EC%82%B0%EA%B0%9C%EA%B8%88%EC%97%AD%EB%B2%95%EB%AC%B4%EC%82%AC
/업무사례/부산동래역법무사,부산 동래역 법무사 업무 사례,부산 동래역 법무사 업무 사례 | 상… | 다옴법무사사무소,부산 동래역 법무사 업무 사례 | 상속등기·부동산등기 상담 안내,case,부산 동래역 법무사,yes,https://xn--2j1br1na42lvxja38mk8r.kr/%EC%97%85%EB%AC%B4%EC%82%AC%EB%A1%80/%EB%B6%80%EC%82%B0%EB%8F%99%EB%9E%98%EC%97%AD%EB%B2%95%EB%AC%B4%EC%82%AC
/업무사례/부산미남역법무사,부산 미남역 법무사 업무 사례,부산 미남역 법무사 업무 사례 | 상… | 다옴법무사사무소,부산 미남역 법무사 업무 사례 | 상속등기·부동산등기 상담 안내,case,부산 미남역 법무사,yes,https://xn--2j1br1na42lvxja38mk8r.kr/%EC%97%85%EB%AC%B4%EC%82%AC%EB%A1%80/%EB%B6%80%EC%82%B0%EB%AF%B8%EB%82%A8%EC%97%AD%EB%B2%95%EB%AC%B4%EC%82%AC
/업무사례/부산사직역법무사,부산 사직역 법무사 업무 사례,부산 사직역 법무사 업무 사례 | 상… | 다옴법무사사무소,부산 사직역 법무사 업무 사례 | 상속등기·부동산등기 상담 안내,case,부산 사직역 법무사,no,https://xn--2j1br1na42lvxja38mk8r.kr/%EC%97%85%EB%AC%B4%EC%82%AC%EB%A1%80/%EB%B6%80%EC%82%B0%EC%82%AC%EC%A7%81%EC%97%AD%EB%B2%95%EB%AC%B4%EC%82%AC
/업무사례/부산온천장법무사,부산 온천장 법무사 업무 사례,부산 온천장 법무사 업무 사례 | 상… | 다옴법무사사무소,부산 온천장 법무사 업무 사례 | 상속등기·부동산등기 상담 안내,case,부산 온천장 법무사,yes,https://xn--2j1br1na42lvxja38mk8r.kr/%EC%97%85%EB%AC%B4%EC%82%AC%EB%A1%80/%EB%B6%80%EC%82%B0%EC%98%A8%EC%B2%9C%EC%9E%A5%EB%B2%95%EB%AC%B4%EC%82%AC
/업무사례/부산온천장역법무사,부산 온천장역 법무사 업무 사례,부산 온천장역 법무사 업무 사례 | … | 다옴법무사사무소,부산 온천장역 법무사 업무 사례 | 상속등기·부동산등기 상담 안내,case,부산 온천장역 법무사,no,https://xn--2j1br1na42lvxja38mk8r.kr/%EC%97%85%EB%AC%B4%EC%82%AC%EB%A1%80/%EB%B6%80%EC%82%B0%EC%98%A8%EC%B2%9C%EC%9E%A5%EC%97%AD%EB%B2%95%EB%AC%B4%EC%82%AC
/업무사례/부산동래시장법무사,부산 동래시장 법무사 업무 사례,부산 동래시장 법무사 업무 사례 | … | 다옴법무사사무소,부산 동래시장 법무사 업무 사례 | 상속등기·부동산등기 상담 안내,case,부산 동래시장 법무사,yes,https://xn--2j1br1na42lvxja38mk8r.kr/%EC%97%85%EB%AC%B4%EC%82%AC%EB%A1%80/%EB%B6%80%EC%82%B0%EB%8F%99%EB%9E%98%EC%8B%9C%EC%9E%A5%EB%B2%95%EB%AC%B4%EC%82%AC
/업무사례/부산사직야구장법무사,부산 사직야구장 법무사 업무 사례,부산 사직야구장 법무사 업무 사례 |… | 다옴법무사사무소,부산 사직야구장 법무사 업무 사례 | 상속등기·부동산등기 상담 안내,case,부산 사직야구장 법무사,no,https://xn--2j1br1na42lvxja38mk8r.kr/%EC%97%85%EB%AC%B4%EC%82%AC%EB%A1%80/%EB%B6%80%EC%82%B0%EC%82%AC%EC%A7%81%EC%95%BC%EA%B5%AC%EC%9E%A5%EB%B2%95%EB%AC%B4%EC%82%AC
/업무사례/부산동래구청법무사,부산 동래구청 법무사 업무 사례,부산 동래구청 법무사 업무 사례 | … | 다옴법무사사무소,부산 동래구청 법무사 업무 사례 | 상속등기·부동산등기 상담 안내,case,부산 동래구청 법무사,no,https://xn--2j1br1na42lvxja38mk8r.kr/%EC%97%85%EB%AC%B4%EC%82%AC%EB%A1%80/%EB%B6%80%EC%82%B0%EB%8F%99%EB%9E%98%EA%B5%AC%EC%B2%AD%EB%B2%95%EB%AC%B4%EC%82%AC
/업무사례/부산동래문화회관법무사,부산 동래문화회관 법무사 업무 사례,부산 동래문화회관 법무사 업무 사례 … | 다옴법무사사무소,부산 동래문화회관 법무사 업무 사례 | 상속등기·부동산등기 상담 안내,case,부산 동래문화회관 법무사,no,https://xn--2j1br1na42lvxja38mk8r.kr/%EC%97%85%EB%AC%B4%EC%82%AC%EB%A1%80/%EB%B6%80%EC%82%B0%EB%8F%99%EB%9E%98%EB%AC%B8%ED%99%94%ED%9A%8C%EA%B4%80%EB%B2%95%EB%AC%B4%EC%82%AC
/업무사례/부산문현금융단지법무사,부산 문현금융단지 법무사 업무 사례,부산 문현금융단지 법무사 업무 사례 … | 다옴법무사사무소,부산 문현금융단지 법무사 업무 사례 | 상속등기·부동산등기 상담 안내,case,부산 문현금융단지 법무사,yes,https://xn--2j1br1na42lvxja38mk8r.kr/%EC%97%85%EB%AC%B4%EC%82%AC%EB%A1%80/%EB%B6%80%EC%82%B0%EB%AC%B8%ED%98%84%EA%B8%88%EC%9C%B5%EB%8B%A8%EC%A7%80%EB%B2%95%EB%AC%B4%EC%82%AC
/업무사례/부산국제금융센터법무사,부산 부산국제금융센터 법무사 업무 사례,부산 부산국제금융센터 법무사 업무 사… | 다옴법무사사무소,부산 부산국제금융센터 법무사 업무 사례 | 상속등기·부동산등기 상담 안내,case,부산 부산국제금융센터 법무사,yes,https://xn--2j1br1na42lvxja38mk8r.kr/%EC%97%85%EB%AC%B4%EC%82%AC%EB%A1%80/%EB%B6%80%EC%82%B0%EA%B5%AD%EC%A0%9C%EA%B8%88%EC%9C%B5%EC%84%BC%ED%84%B0%EB%B2%95%EB%AC%B4%EC%82%AC
/업무사례/부산BIFC법무사,부산 BIFC 법무사 업무 사례,부산 BIFC 법무사 업무 사례 | … | 다옴법무사사무소,부산 BIFC 법무사 업무 사례 | 상속등기·부동산등기 상담 안내,case,부산 BIFC 법무사,no,https://xn--2j1br1na42lvxja38mk8r.kr/%EC%97%85%EB%AC%B4%EC%82%AC%EB%A1%80/%EB%B6%80%EC%82%B0BIFC%EB%B2%95%EB%AC%B4%EC%82%AC
/업무사례/부산대연혁신지구법무사,부산 대연혁신지구 법무사 업무 사례,부산 대연혁신지구 법무사 업무 사례 … | 다옴법무사사무소,부산 대연혁신지구 법무사 업무 사례 | 상속등기·부동산등기 상담 안내,case,부산 대연혁신지구 법무사,yes,https://xn--2j1br1na42lvxja38mk8r.kr/%EC%97%85%EB%AC%B4%EC%82%AC%EB%A1%80/%EB%B6%80%EC%82%B0%EB%8C%80%EC%97%B0%ED%98%81%EC%8B%A0%EC%A7%80%EA%B5%AC%EB%B2%95%EB%AC%B4%EC%82%AC
/업무사례/부산경성대법무사,부산 경성대 법무사 업무 사례,부산 경성대 법무사 업무 사례 | 상… | 다옴법무사사무소,부산 경성대 법무사 업무 사례 | 상속등기·부동산등기 상담 안내,case,부산 경성대 법무사,yes,https://xn--2j1br1na42lvxja38mk8r.kr/%EC%97%85%EB%AC%B4%EC%82%AC%EB%A1%80/%EB%B6%80%EC%82%B0%EA%B2%BD%EC%84%B1%EB%8C%80%EB%B2%95%EB%AC%B4%EC%82%AC
/업무사례/부산부경대법무사,부산 부경대 법무사 업무 사례,부산 부경대 법무사 업무 사례 | 상… | 다옴법무사사무소,부산 부경대 법무사 업무 사례 | 상속등기·부동산등기 상담 안내,case,부산 부경대 법무사,yes,https://xn--2j1br1na42lvxja38mk8r.kr/%EC%97%85%EB%AC%B4%EC%82%AC%EB%A1%80/%EB%B6%80%EC%82%B0%EB%B6%80%EA%B2%BD%EB%8C%80%EB%B2%95%EB%AC%B4%EC%82%AC
/업무사례/부산용호만법무사,부산 용호만 법무사 업무 사례,부산 용호만 법무사 업무 사례 | 상… | 다옴법무사사무소,부산 용호만 법무사 업무 사례 | 상속등기·부동산등기 상담 안내,case,부산 용호만 법무사,yes,https://xn--2j1br1na42lvxja38mk8r.kr/%EC%97%85%EB%AC%B4%EC%82%AC%EB%A1%80/%EB%B6%80%EC%82%B0%EC%9A%A9%ED%98%B8%EB%A7%8C%EB%B2%95%EB%AC%B4%EC%82%AC
/업무사례/부산이기대법무사,부산 이기대 법무사 업무 사례,부산 이기대 법무사 업무 사례 | 상… | 다옴법무사사무소,부산 이기대 법무사 업무 사례 | 상속등기·부동산등기 상담 안내,case,부산 이기대 법무사,no,https://xn--2j1br1na42lvxja38mk8r.kr/%EC%97%85%EB%AC%B4%EC%82%AC%EB%A1%80/%EB%B6%80%EC%82%B0%EC%9D%B4%EA%B8%B0%EB%8C%80%EB%B2%95%EB%AC%B4%EC%82%AC
/업무사례/부산문현역법무사,부산 문현역 법무사 업무 사례,부산 문현역 법무사 업무 사례 | 상… | 다옴법무사사무소,부산 문현역 법무사 업무 사례 | 상속등기·부동산등기 상담 안내,case,부산 문현역 법무사,no,https://xn--2j1br1na42lvxja38mk8r.kr/%EC%97%85%EB%AC%B4%EC%82%AC%EB%A1%80/%EB%B6%80%EC%82%B0%EB%AC%B8%ED%98%84%EC%97%AD%EB%B2%95%EB%AC%B4%EC%82%AC
/업무사례/부산못골역법무사,부산 못골역 법무사 업무 사례,부산 못골역 법무사 업무 사례 | 상… | 다옴법무사사무소,부산 못골역 법무사 업무 사례 | 상속등기·부동산등기 상담 안내,case,부산 못골역 법무사,yes,https://xn--2j1br1na42lvxja38mk8r.kr/%EC%97%85%EB%AC%B4%EC%82%AC%EB%A1%80/%EB%B6%80%EC%82%B0%EB%AA%BB%EA%B3%A8%EC%97%AD%EB%B2%95%EB%AC%B4%EC%82%AC
/업무사례/부산대연역법무사,부산 대연역 법무사 업무 사례,부산 대연역 법무사 업무 사례 | 상… | 다옴법무사사무소,부산 대연역 법무사 업무 사례 | 상속등기·부동산등기 상담 안내,case,부산 대연역 법무사,no,https://xn--2j1br1na42lvxja38mk8r.kr/%EC%97%85%EB%AC%B4%EC%82%AC%EB%A1%80/%EB%B6%80%EC%82%B0%EB%8C%80%EC%97%B0%EC%97%AD%EB%B2%95%EB%AC%B4%EC%82%AC
/업무사례/부산화명신도시법무사,부산 화명신도시 법무사 업무 사례,부산 화명신도시 법무사 업무 사례 |… | 다옴법무사사무소,부산 화명신도시 법무사 업무 사례 | 상속등기·부동산등기 상담 안내,case,부산 화명신도시 법무사,yes,https://xn--2j1br1na42lvxja38mk8r.kr/%EC%97%85%EB%AC%B4%EC%82%AC%EB%A1%80/%EB%B6%80%EC%82%B0%ED%99%94%EB%AA%85%EC%8B%A0%EB%8F%84%EC%8B%9C%EB%B2%95%EB%AC%B4%EC%82%AC
/업무사례/부산구포역법무사,부산 구포역 법무사 업무 사례,부산 구포역 법무사 업무 사례 | 상… | 다옴법무사사무소,부산 구포역 법무사 업무 사례 | 상속등기·부동산등기 상담 안내,case,부산 구포역 법무사,yes,https://xn--2j1br1na42lvxja38mk8r.kr/%EC%97%85%EB%AC%B4%EC%82%AC%EB%A1%80/%EB%B6%80%EC%82%B0%EA%B5%AC%ED%8F%AC%EC%97%AD%EB%B2%95%EB%AC%B4%EC%82%AC
/업무사례/부산구포시장법무사,부산 구포시장 법무사 업무 사례,부산 구포시장 법무사 업무 사례 | … | 다옴법무사사무소,부산 구포시장 법무사 업무 사례 | 상속등기·부동산등기 상담 안내,case,부산 구포시장 법무사,no,https://xn--2j1br1na42lvxja38mk8r.kr/%EC%97%85%EB%AC%B4%EC%82%AC%EB%A1%80/%EB%B6%80%EC%82%B0%EA%B5%AC%ED%8F%AC%EC%8B%9C%EC%9E%A5%EB%B2%95%EB%AC%B4%EC%82%AC
/업무사례/부산만덕역법무사,부산 만덕역 법무사 업무 사례,부산 만덕역 법무사 업무 사례 | 상… | 다옴법무사사무소,부산 만덕역 법무사 업무 사례 | 상속등기·부동산등기 상담 안내,case,부산 만덕역 법무사,no,https://xn--2j1br1na42lvxja38mk8r.kr/%EC%97%85%EB%AC%B4%EC%82%AC%EB%A1%80/%EB%B6%80%EC%82%B0%EB%A7%8C%EB%8D%95%EC%97%AD%EB%B2%95%EB%AC%B4%EC%82%AC
/업무사례/부산화명역법무사,부산 화명역 법무사 업무 사례,부산 화명역 법무사 업무 사례 | 상… | 다옴법무사사무소,부산 화명역 법무사 업무 사례 | 상속등기·부동산등기 상담 안내,case,부산 화명역 법무사,no,https://xn--2j1br1na42lvxja38mk8r.kr/%EC%97%85%EB%AC%B4%EC%82%AC%EB%A1%80/%EB%B6%80%EC%82%B0%ED%99%94%EB%AA%85%EC%97%AD%EB%B2%95%EB%AC%B4%EC%82%AC
/업무사례/부산율리역법무사,부산 율리역 법무사 업무 사례,부산 율리역 법무사 업무 사례 | 상… | 다옴법무사사무소,부산 율리역 법무사 업무 사례 | 상속등기·부동산등기 상담 안내,case,부산 율리역 법무사,yes,https://xn--2j1br1na42lvxja38mk8r.kr/%EC%97%85%EB%AC%B4%EC%82%AC%EB%A1%80/%EB%B6%80%EC%82%B0%EC%9C%A8%EB%A6%AC%EC%97%AD%EB%B2%95%EB%AC%B4%EC%82%AC
/업무사례/부산금곡역법무사,부산 금곡역 법무사 업무 사례,부산 금곡역 법무사 업무 사례 | 상… | 다옴법무사사무소,부산 금곡역 법무사 업무 사례 | 상속등기·부동산등기 상담 안내,case,부산 금곡역 법무사,no,https://xn--2j1br1na42lvxja38mk8r.kr/%EC%97%85%EB%AC%B4%EC%82%AC%EB%A1%80/%EB%B6%80%EC%82%B0%EA%B8%88%EA%B3%A1%EC%97%AD%EB%B2%95%EB%AC%B4%EC%82%AC
/업무사례/부산덕천역법무사,부산 덕천역 법무사 업무 사례,부산 덕천역 법무사 업무 사례 | 상… | 다옴법무사사무소,부산 덕천역 법무사 업무 사례 | 상속등기·부동산등기 상담 안내,case,부산 덕천역 법무사,yes,https://xn--2j1br1na42lvxja38mk8r.kr/%EC%97%85%EB%AC%B4%EC%82%AC%EB%A1%80/%EB%B6%80%EC%82%B0%EB%8D%95%EC%B2%9C%EC%97%AD%EB%B2%95%EB%AC%B4%EC%82%AC
/업무사례/부산북구청법무사,부산 북구청 법무사 업무 사례,부산 북구청 법무사 업무 사례 | 상… | 다옴법무사사무소,부산 북구청 법무사 업무 사례 | 상속등기·부동산등기 상담 안내,case,부산 북구청 법무사,no,https://xn--2j1br1na42lvxja38mk8r.kr/%EC%97%85%EB%AC%B4%EC%82%AC%EB%A1%80/%EB%B6%80%EC%82%B0%EB%B6%81%EA%B5%AC%EC%B2%AD%EB%B2%95%EB%AC%B4%EC%82%AC
/업무사례/부산과학기술대학교법무사,부산 부산과학기술대학교 법무사 업무 사례,부산 부산과학기술대학교 법무사 업무 … | 다옴법무사사무소,부산 부산과학기술대학교 법무사 업무 사례 | 상속등기·부동산등기 상담 안내,case,부산 부산과학기술대학교 법무사,yes,https://xn--2j1br1na42lvxja38mk8r.kr/%EC%97%85%EB%AC%B4%EC%82%AC%EB%A1%80/%EB%B6%80%EC%82%B0%EA%B3%BC%ED%95%99%EA%B8%B0%EC%88%A0%EB%8C%80%ED%95%99%EA%B5%90%EB%B2%95%EB%AC%B4%EC%82%AC
/업무사례/부산해운대법무사,부산 해운대 법무사 업무 사례,부산 해운대 법무사 업무 사례 | 상… | 다옴법무사사무소,부산 해운대 법무사 업무 사례 | 상속등기·부동산등기 상담 안내,case,부산 해운대 법무사,yes,https://xn--2j1br1na42lvxja38mk8r.kr/%EC%97%85%EB%AC%B4%EC%82%AC%EB%A1%80/%EB%B6%80%EC%82%B0%ED%95%B4%EC%9A%B4%EB%8C%80%EB%B2%95%EB%AC%B4%EC%82%AC
/업무사례/부산센텀법무사,부산 센텀 법무사 업무 사례,부산 센텀 법무사 업무 사례 | 상속… | 다옴법무사사무소,부산 센텀 법무사 업무 사례 | 상속등기·부동산등기 상담 안내,case,부산 센텀 법무사,yes,https://xn--2j1br1na42lvxja38mk8r.kr/%EC%97%85%EB%AC%B4%EC%82%AC%EB%A1%80/%EB%B6%80%EC%82%B0%EC%84%BC%ED%85%80%EB%B2%95%EB%AC%B4%EC%82%AC
/업무사례/부산센텀시티법무사,부산 센텀시티 법무사 업무 사례,부산 센텀시티 법무사 업무 사례 | … | 다옴법무사사무소,부산 센텀시티 법무사 업무 사례 | 상속등기·부동산등기 상담 안내,case,부산 센텀시티 법무사,no,https://xn--2j1br1na42lvxja38mk8r.kr/%EC%97%85%EB%AC%B4%EC%82%AC%EB%A1%80/%EB%B6%80%EC%82%B0%EC%84%BC%ED%85%80%EC%8B%9C%ED%8B%B0%EB%B2%95%EB%AC%B4%EC%82%AC
/업무사례/부산마린시티법무사,부산 마린시티 법무사 업무 사례,부산 마린시티 법무사 업무 사례 | … | 다옴법무사사무소,부산 마린시티 법무사 업무 사례 | 상속등기·부동산등기 상담 안내,case,부산 마린시티 법무사,yes,https://xn--2j1br1na42lvxja38mk8r.kr/%EC%97%85%EB%AC%B4%EC%82%AC%EB%A1%80/%EB%B6%80%EC%82%B0%EB%A7%88%EB%A6%B0%EC%8B%9C%ED%8B%B0%EB%B2%95%EB%AC%B4%EC%82%AC
/업무사례/부산엘시티법무사,부산 엘시티 법무사 업무 사례,부산 엘시티 법무사 업무 사례 | 상… | 다옴법무사사무소,부산 엘시티 법무사 업무 사례 | 상속등기·부동산등기 상담 안내,case,부산 엘시티 법무사,yes,https://xn--2j1br1na42lvxja38mk8r.kr/%EC%97%85%EB%AC%B4%EC%82%AC%EB%A1%80/%EB%B6%80%EC%82%B0%EC%97%98%EC%8B%9C%ED%8B%B0%EB%B2%95%EB%AC%B4%EC%82%AC
/업무사례/부산벡스코법무사,부산 벡스코 법무사 업무 사례,부산 벡스코 법무사 업무 사례 | 상… | 다옴법무사사무소,부산 벡스코 법무사 업무 사례 | 상속등기·부동산등기 상담 안내,case,부산 벡스코 법무사,no,https://xn--2j1br1na42lvxja38mk8r.kr/%EC%97%85%EB%AC%B4%EC%82%AC%EB%A1%80/%EB%B6%80%EC%82%B0%EB%B2%A1%EC%8A%A4%EC%BD%94%EB%B2%95%EB%AC%B4%EC%82%AC
/업무사례/부산센텀역법무사,부산 센텀역 법무사 업무 사례,부산 센텀역 법무사 업무 사례 | 상… | 다옴법무사사무소,부산 센텀역 법무사 업무 사례 | 상속등기·부동산등기 상담 안내,case,부산 센텀역 법무사,no,https://xn--2j1br1na42lvxja38mk8r.kr/%EC%97%85%EB%AC%B4%EC%82%AC%EB%A1%80/%EB%B6%80%EC%82%B0%EC%84%BC%ED%85%80%EC%97%AD%EB%B2%95%EB%AC%B4%EC%82%AC
/업무사례/부산재송역법무사,부산 재송역 법무사 업무 사례,부산 재송역 법무사 업무 사례 | 상… | 다옴법무사사무소,부산 재송역 법무사 업무 사례 | 상속등기·부동산등기 상담 안내,case,부산 재송역 법무사,no,https://xn--2j1br1na42lvxja38mk8r.kr/%EC%97%85%EB%AC%B4%EC%82%AC%EB%A1%80/%EB%B6%80%EC%82%B0%EC%9E%AC%EC%86%A1%EC%97%AD%EB%B2%95%EB%AC%B4%EC%82%AC
/업무사례/부산해운대역법무사,부산 해운대역 법무사 업무 사례,부산 해운대역 법무사 업무 사례 | … | 다옴법무사사무소,부산 해운대역 법무사 업무 사례 | 상속등기·부동산등기 상담 안내,case,부산 해운대역 법무사,no,https://xn--2j1br1na42lvxja38mk8r.kr/%EC%97%85%EB%AC%B4%EC%82%AC%EB%A1%80/%EB%B6%80%EC%82%B0%ED%95%B4%EC%9A%B4%EB%8C%80%EC%97%AD%EB%B2%95%EB%AC%B4%EC%82%AC
/업무사례/부산중동역법무사,부산 중동역 법무사 업무 사례,부산 중동역 법무사 업무 사례 | 상… | 다옴법무사사무소,부산 중동역 법무사 업무 사례 | 상속등기·부동산등기 상담 안내,case,부산 중동역 법무사,no,https://xn--2j1br1na42lvxja38mk8r.kr/%EC%97%85%EB%AC%B4%EC%82%AC%EB%A1%80/%EB%B6%80%EC%82%B0%EC%A4%91%EB%8F%99%EC%97%AD%EB%B2%95%EB%AC%B4%EC%82%AC
/업무사례/부산장산역법무사,부산 장산역 법무사 업무 사례,부산 장산역 법무사 업무 사례 | 상… | 다옴법무사사무소,부산 장산역 법무사 업무 사례 | 상속등기·부동산등기 상담 안내,case,부산 장산역 법무사,yes,https://xn--2j1br1na42lvxja38mk8r.kr/%EC%97%85%EB%AC%B4%EC%82%AC%EB%A1%80/%EB%B6%80%EC%82%B0%EC%9E%A5%EC%82%B0%EC%97%AD%EB%B2%95%EB%AC%B4%EC%82%AC
/업무사례/부산송정역법무사,부산 송정역 법무사 업무 사례,부산 송정역 법무사 업무 사례 | 상… | 다옴법무사사무소,부산 송정역 법무사 업무 사례 | 상속등기·부동산등기 상담 안내,case,부산 송정역 법무사,no,https://xn--2j1br1na42lvxja38mk8r.kr/%EC%97%85%EB%AC%B4%EC%82%AC%EB%A1%80/%EB%B6%80%EC%82%B0%EC%86%A1%EC%A0%95%EC%97%AD%EB%B2%95%EB%AC%B4%EC%82%AC
/업무사례/부산반여농산물시장법무사,부산 반여농산물시장 법무사 업무 사례,부산 반여농산물시장 법무사 업무 사례… | 다옴법무사사무소,부산 반여농산물시장 법무사 업무 사례 | 상속등기·부동산등기 상담 안내,case,부산 반여농산물시장 법무사,yes,https://xn--2j1br1na42lvxja38mk8r.kr/%EC%97%85%EB%AC%B4%EC%82%AC%EB%A1%80/%EB%B6%80%EC%82%B0%EB%B0%98%EC%97%AC%EB%86%8D%EC%82%B0%EB%AC%BC%EC%8B%9C%EC%9E%A5%EB%B2%95%EB%AC%B4%EC%82%AC
/업무사례/부산달맞이길법무사,부산 달맞이길 법무사 업무 사례,부산 달맞이길 법무사 업무 사례 | … | 다옴법무사사무소,부산 달맞이길 법무사 업무 사례 | 상속등기·부동산등기 상담 안내,case,부산 달맞이길 법무사,yes,https://xn--2j1br1na42lvxja38mk8r.kr/%EC%97%85%EB%AC%B4%EC%82%AC%EB%A1%80/%EB%B6%80%EC%82%B0%EB%8B%AC%EB%A7%9E%EC%9D%B4%EA%B8%B8%EB%B2%95%EB%AC%B4%EC%82%AC
/업무사례/부산미포법무사,부산 미포 법무사 업무 사례,부산 미포 법무사 업무 사례 | 상속… | 다옴법무사사무소,부산 미포 법무사 업무 사례 | 상속등기·부동산등기 상담 안내,case,부산 미포 법무사,no,https://xn--2j1br1na42lvxja38mk8r.kr/%EC%97%85%EB%AC%B4%EC%82%AC%EB%A1%80/%EB%B6%80%EC%82%B0%EB%AF%B8%ED%8F%AC%EB%B2%95%EB%AC%B4%EC%82%AC
/업무사례/부산청사포법무사,부산 청사포 법무사 업무 사례,부산 청사포 법무사 업무 사례 | 상… | 다옴법무사사무소,부산 청사포 법무사 업무 사례 | 상속등기·부동산등기 상담 안내,case,부산 청사포 법무사,yes,https://xn--2j1br1na42lvxja38mk8r.kr/%EC%97%85%EB%AC%B4%EC%82%AC%EB%A1%80/%EB%B6%80%EC%82%B0%EC%B2%AD%EC%82%AC%ED%8F%AC%EB%B2%95%EB%AC%B4%EC%82%AC
/업무사례/부산해운대해수욕장법무사,부산 해운대해수욕장 법무사 업무 사례,부산 해운대해수욕장 법무사 업무 사례… | 다옴법무사사무소,부산 해운대해수욕장 법무사 업무 사례 | 상속등기·부동산등기 상담 안내,case,부산 해운대해수욕장 법무사,no,https://xn--2j1br1na42lvxja38mk8r.kr/%EC%97%85%EB%AC%B4%EC%82%AC%EB%A1%80/%EB%B6%80%EC%82%B0%ED%95%B4%EC%9A%B4%EB%8C%80%ED%95%B4%EC%88%98%EC%9A%95%EC%9E%A5%EB%B2%95%EB%AC%B4%EC%82%AC
/업무사례/부산송정해수욕장법무사,부산 송정해수욕장 법무사 업무 사례,부산 송정해수욕장 법무사 업무 사례 … | 다옴법무사사무소,부산 송정해수욕장 법무사 업무 사례 | 상속등기·부동산등기 상담 안내,case,부산 송정해수욕장 법무사,no,https://xn--2j1br1na42lvxja38mk8r.kr/%EC%97%85%EB%AC%B4%EC%82%AC%EB%A1%80/%EB%B6%80%EC%82%B0%EC%86%A1%EC%A0%95%ED%95%B4%EC%88%98%EC%9A%95%EC%9E%A5%EB%B2%95%EB%AC%B4%EC%82%AC
/업무사례/부산광안리법무사,부산 광안리 법무사 업무 사례,부산 광안리 법무사 업무 사례 | 상… | 다옴법무사사무소,부산 광안리 법무사 업무 사례 | 상속등기·부동산등기 상담 안내,case,부산 광안리 법무사,yes,https://xn--2j1br1na42lvxja38mk8r.kr/%EC%97%85%EB%AC%B4%EC%82%AC%EB%A1%80/%EB%B6%80%EC%82%B0%EA%B4%91%EC%95%88%EB%A6%AC%EB%B2%95%EB%AC%B4%EC%82%AC
/업무사례/부산광안대교법무사,부산 광안대교 법무사 업무 사례,부산 광안대교 법무사 업무 사례 | … | 다옴법무사사무소,부산 광안대교 법무사 업무 사례 | 상속등기·부동산등기 상담 안내,case,부산 광안대교 법무사,no,https://xn--2j1br1na42lvxja38mk8r.kr/%EC%97%85%EB%AC%B4%EC%82%AC%EB%A1%80/%EB%B6%80%EC%82%B0%EA%B4%91%EC%95%88%EB%8C%80%EA%B5%90%EB%B2%95%EB%AC%B4%EC%82%AC
/업무사례/부산광안역법무사,부산 광안역 법무사 업무 사례,부산 광안역 법무사 업무 사례 | 상… | 다옴법무사사무소,부산 광안역 법무사 업무 사례 | 상속등기·부동산등기 상담 안내,case,부산 광안역 법무사,no,https://xn--2j1br1na42lvxja38mk8r.kr/%EC%97%85%EB%AC%B4%EC%82%AC%EB%A1%80/%EB%B6%80%EC%82%B0%EA%B4%91%EC%95%88%EC%97%AD%EB%B2%95%EB%AC%B4%EC%82%AC
/업무사례/부산금련산역법무사,부산 금련산역 법무사 업무 사례,부산 금련산역 법무사 업무 사례 | … | 다옴법무사사무소,부산 금련산역 법무사 업무 사례 | 상속등기·부동산등기 상담 안내,case,부산 금련산역 법무사,yes,https://xn--2j1br1na42lvxja38mk8r.kr/%EC%97%85%EB%AC%B4%EC%82%AC%EB%A1%80/%EB%B6%80%EC%82%B0%EA%B8%88%EB%A0%A8%EC%82%B0%EC%97%AD%EB%B2%95%EB%AC%B4%EC%82%AC
/업무사례/부산남천역법무사,부산 남천역 법무사 업무 사례,부산 남천역 법무사 업무 사례 | 상… | 다옴법무사사무소,부산 남천역 법무사 업무 사례 | 상속등기·부동산등기 상담 안내,case,부산 남천역 법무사,no,https://xn--2j1br1na42lvxja38mk8r.kr/%EC%97%85%EB%AC%B4%EC%82%AC%EB%A1%80/%EB%B6%80%EC%82%B0%EB%82%A8%EC%B2%9C%EC%97%AD%EB%B2%95%EB%AC%B4%EC%82%AC
/업무사례/부산수영역법무사,부산 수영역 법무사 업무 사례,부산 수영역 법무사 업무 사례 | 상… | 다옴법무사사무소,부산 수영역 법무사 업무 사례 | 상속등기·부동산등기 상담 안내,case,부산 수영역 법무사,yes,https://xn--2j1br1na42lvxja38mk8r.kr/%EC%97%85%EB%AC%B4%EC%82%AC%EB%A1%80/%EB%B6%80%EC%82%B0%EC%88%98%EC%98%81%EC%97%AD%EB%B2%95%EB%AC%B4%EC%82%AC
/업무사례/부산망미역법무사,부산 망미역 법무사 업무 사례,부산 망미역 법무사 업무 사례 | 상… | 다옴법무사사무소,부산 망미역 법무사 업무 사례 | 상속등기·부동산등기 상담 안내,case,부산 망미역 법무사,no,https://xn--2j1br1na42lvxja38mk8r.kr/%EC%97%85%EB%AC%B4%EC%82%AC%EB%A1%80/%EB%B6%80%EC%82%B0%EB%A7%9D%EB%AF%B8%EC%97%AD%EB%B2%95%EB%AC%B4%EC%82%AC
/업무사례/부산민락수변공원법무사,부산 민락수변공원 법무사 업무 사례,부산 민락수변공원 법무사 업무 사례 … | 다옴법무사사무소,부산 민락수변공원 법무사 업무 사례 | 상속등기·부동산등기 상담 안내,case,부산 민락수변공원 법무사,no,https://xn--2j1br1na42lvxja38mk8r.kr/%EC%97%85%EB%AC%B4%EC%82%AC%EB%A1%80/%EB%B6%80%EC%82%B0%EB%AF%BC%EB%9D%BD%EC%88%98%EB%B3%80%EA%B3%B5%EC%9B%90%EB%B2%95%EB%AC%B4%EC%82%AC
/업무사례/부산민락항법무사,부산 민락항 법무사 업무 사례,부산 민락항 법무사 업무 사례 | 상… | 다옴법무사사무소,부산 민락항 법무사 업무 사례 | 상속등기·부동산등기 상담 안내,case,부산 민락항 법무사,no,https://xn--2j1br1na42lvxja38mk8r.kr/%EC%97%85%EB%AC%B4%EC%82%AC%EB%A1%80/%EB%B6%80%EC%82%B0%EB%AF%BC%EB%9D%BD%ED%95%AD%EB%B2%95%EB%AC%B4%EC%82%AC
/업무사례/부산망미단길법무사,부산 망미단길 법무사 업무 사례,부산 망미단길 법무사 업무 사례 | … | 다옴법무사사무소,부산 망미단길 법무사 업무 사례 | 상속등기·부동산등기 상담 안내,case,부산 망미단길 법무사,yes,https://xn--2j1br1na42lvxja38mk8r.kr/%EC%97%85%EB%AC%B4%EC%82%AC%EB%A1%80/%EB%B6%80%EC%82%B0%EB%A7%9D%EB%AF%B8%EB%8B%A8%EA%B8%B8%EB%B2%95%EB%AC%B4%EC%82%AC
/업무사례/부산수영교차로법무사,부산 수영교차로 법무사 업무 사례,부산 수영교차로 법무사 업무 사례 |… | 다옴법무사사무소,부산 수영교차로 법무사 업무 사례 | 상속등기·부동산등기 상담 안내,case,부산 수영교차로 법무사,no,https://xn--2j1br1na42lvxja38mk8r.kr/%EC%97%85%EB%AC%B4%EC%82%AC%EB%A1%80/%EB%B6%80%EC%82%B0%EC%88%98%EC%98%81%EA%B5%90%EC%B0%A8%EB%A1%9C%EB%B2%95%EB%AC%B4%EC%82%AC
/업무사례/부산다대포법무사,부산 다대포 법무사 업무 사례,부산 다대포 법무사 업무 사례 | 상… | 다옴법무사사무소,부산 다대포 법무사 업무 사례 | 상속등기·부동산등기 상담 안내,case,부산 다대포 법무사,yes,https://xn--2j1br1na42lvxja38mk8r.kr/%EC%97%85%EB%AC%B4%EC%82%AC%EB%A1%80/%EB%B6%80%EC%82%B0%EB%8B%A4%EB%8C%80%ED%8F%AC%EB%B2%95%EB%AC%B4%EC%82%AC
/업무사례/부산감천문화마을법무사,부산 감천문화마을 법무사 업무 사례,부산 감천문화마을 법무사 업무 사례 … | 다옴법무사사무소,부산 감천문화마을 법무사 업무 사례 | 상속등기·부동산등기 상담 안내,case,부산 감천문화마을 법무사,yes,https://xn--2j1br1na42lvxja38mk8r.kr/%EC%97%85%EB%AC%B4%EC%82%AC%EB%A1%80/%EB%B6%80%EC%82%B0%EA%B0%90%EC%B2%9C%EB%AC%B8%ED%99%94%EB%A7%88%EC%9D%84%EB%B2%95%EB%AC%B4%EC%82%AC
/업무사례/부산하단오거리법무사,부산 하단오거리 법무사 업무 사례,부산 하단오거리 법무사 업무 사례 |… | 다옴법무사사무소,부산 하단오거리 법무사 업무 사례 | 상속등기·부동산등기 상담 안내,case,부산 하단오거리 법무사,yes,https://xn--2j1br1na42lvxja38mk8r.kr/%EC%97%85%EB%AC%B4%EC%82%AC%EB%A1%80/%EB%B6%80%EC%82%B0%ED%95%98%EB%8B%A8%EC%98%A4%EA%B1%B0%EB%A6%AC%EB%B2%95%EB%AC%B4%EC%82%AC
/업무사례/부산다대포해수욕장역법무사,부산 다대포해수욕장역 법무사 업무 사례,부산 다대포해수욕장역 법무사 업무 사… | 다옴법무사사무소,부산 다대포해수욕장역 법무사 업무 사례 | 상속등기·부동산등기 상담 안내,case,부산 다대포해수욕장역 법무사,no,https://xn--2j1br1na42lvxja38mk8r.kr/%EC%97%85%EB%AC%B4%EC%82%AC%EB%A1%80/%EB%B6%80%EC%82%B0%EB%8B%A4%EB%8C%80%ED%8F%AC%ED%95%B4%EC%88%98%EC%9A%95%EC%9E%A5%EC%97%AD%EB%B2%95%EB%AC%B4%EC%82%AC
/업무사례/부산신평역법무사,부산 신평역 법무사 업무 사례,부산 신평역 법무사 업무 사례 | 상… | 다옴법무사사무소,부산 신평역 법무사 업무 사례 | 상속등기·부동산등기 상담 안내,case,부산 신평역 법무사,no,https://xn--2j1br1na42lvxja38mk8r.kr/%EC%97%85%EB%AC%B4%EC%82%AC%EB%A1%80/%EB%B6%80%EC%82%B0%EC%8B%A0%ED%8F%89%EC%97%AD%EB%B2%95%EB%AC%B4%EC%82%AC
/업무사례/부산장림역법무사,부산 장림역 법무사 업무 사례,부산 장림역 법무사 업무 사례 | 상… | 다옴법무사사무소,부산 장림역 법무사 업무 사례 | 상속등기·부동산등기 상담 안내,case,부산 장림역 법무사,no,https://xn--2j1br1na42lvxja38mk8r.kr/%EC%97%85%EB%AC%B4%EC%82%AC%EB%A1%80/%EB%B6%80%EC%82%B0%EC%9E%A5%EB%A6%BC%EC%97%AD%EB%B2%95%EB%AC%B4%EC%82%AC
/업무사례/부산낫개역법무사,부산 낫개역 법무사 업무 사례,부산 낫개역 법무사 업무 사례 | 상… | 다옴법무사사무소,부산 낫개역 법무사 업무 사례 | 상속등기·부동산등기 상담 안내,case,부산 낫개역 법무사,yes,https://xn--2j1br1na42lvxja38mk8r.kr/%EC%97%85%EB%AC%B4%EC%82%AC%EB%A1%80/%EB%B6%80%EC%82%B0%EB%82%AB%EA%B0%9C%EC%97%AD%EB%B2%95%EB%AC%B4%EC%82%AC
/업무사례/부산동매역법무사,부산 동매역 법무사 업무 사례,부산 동매역 법무사 업무 사례 | 상… | 다옴법무사사무소,부산 동매역 법무사 업무 사례 | 상속등기·부동산등기 상담 안내,case,부산 동매역 법무사,yes,https://xn--2j1br1na42lvxja38mk8r.kr/%EC%97%85%EB%AC%B4%EC%82%AC%EB%A1%80/%EB%B6%80%EC%82%B0%EB%8F%99%EB%A7%A4%EC%97%AD%EB%B2%95%EB%AC%B4%EC%82%AC
/업무사례/부산하단역법무사,부산 하단역 법무사 업무 사례,부산 하단역 법무사 업무 사례 | 상… | 다옴법무사사무소,부산 하단역 법무사 업무 사례 | 상속등기·부동산등기 상담 안내,case,부산 하단역 법무사,no,https://xn--2j1br1na42lvxja38mk8r.kr/%EC%97%85%EB%AC%B4%EC%82%AC%EB%A1%80/%EB%B6%80%EC%82%B0%ED%95%98%EB%8B%A8%EC%97%AD%EB%B2%95%EB%AC%B4%EC%82%AC
/업무사례/부산현대미술관법무사,부산 부산현대미술관 법무사 업무 사례,부산 부산현대미술관 법무사 업무 사례… | 다옴법무사사무소,부산 부산현대미술관 법무사 업무 사례 | 상속등기·부동산등기 상담 안내,case,부산 부산현대미술관 법무사,no,https://xn--2j1br1na42lvxja38mk8r.kr/%EC%97%85%EB%AC%B4%EC%82%AC%EB%A1%80/%EB%B6%80%EC%82%B0%ED%98%84%EB%8C%80%EB%AF%B8%EC%88%A0%EA%B4%80%EB%B2%95%EB%AC%B4%EC%82%AC
/업무사례/부산사상역법무사,부산 사상역 법무사 업무 사례,부산 사상역 법무사 업무 사례 | 상… | 다옴법무사사무소,부산 사상역 법무사 업무 사례 | 상속등기·부동산등기 상담 안내,case,부산 사상역 법무사,yes,https://xn--2j1br1na42lvxja38mk8r.kr/%EC%97%85%EB%AC%B4%EC%82%AC%EB%A1%80/%EB%B6%80%EC%82%B0%EC%82%AC%EC%83%81%EC%97%AD%EB%B2%95%EB%AC%B4%EC%82%AC
/업무사례/부산서부버스터미널법무사,부산 부산서부버스터미널 법무사 업무 사례,부산 부산서부버스터미널 법무사 업무 … | 다옴법무사사무소,부산 부산서부버스터미널 법무사 업무 사례 | 상속등기·부동산등기 상담 안내,case,부산 부산서부버스터미널 법무사,no,https://xn--2j1br1na42lvxja38mk8r.kr/%EC%97%85%EB%AC%B4%EC%82%AC%EB%A1%80/%EB%B6%80%EC%82%B0%EC%84%9C%EB%B6%80%EB%B2%84%EC%8A%A4%ED%84%B0%EB%AF%B8%EB%84%90%EB%B2%95%EB%AC%B4%EC%82%AC
/업무사례/부산서부시외버스터미널법무사,부산 서부시외버스터미널 법무사 업무 사례,부산 서부시외버스터미널 법무사 업무 … | 다옴법무사사무소,부산 서부시외버스터미널 법무사 업무 사례 | 상속등기·부동산등기 상담 안내,case,부산 서부시외버스터미널 법무사,no,https://xn--2j1br1na42lvxja38mk8r.kr/%EC%97%85%EB%AC%B4%EC%82%AC%EB%A1%80/%EB%B6%80%EC%82%B0%EC%84%9C%EB%B6%80%EC%8B%9C%EC%99%B8%EB%B2%84%EC%8A%A4%ED%84%B0%EB%AF%B8%EB%84%90%EB%B2%95%EB%AC%B4%EC%82%AC
/업무사례/부산주례역법무사,부산 주례역 법무사 업무 사례,부산 주례역 법무사 업무 사례 | 상… | 다옴법무사사무소,부산 주례역 법무사 업무 사례 | 상속등기·부동산등기 상담 안내,case,부산 주례역 법무사,no,https://xn--2j1br1na42lvxja38mk8r.kr/%EC%97%85%EB%AC%B4%EC%82%AC%EB%A1%80/%EB%B6%80%EC%82%B0%EC%A3%BC%EB%A1%80%EC%97%AD%EB%B2%95%EB%AC%B4%EC%82%AC
/업무사례/부산냉정역법무사,부산 냉정역 법무사 업무 사례,부산 냉정역 법무사 업무 사례 | 상… | 다옴법무사사무소,부산 냉정역 법무사 업무 사례 | 상속등기·부동산등기 상담 안내,case,부산 냉정역 법무사,yes,https://xn--2j1br1na42lvxja38mk8r.kr/%EC%97%85%EB%AC%B4%EC%82%AC%EB%A1%80/%EB%B6%80%EC%82%B0%EB%83%89%EC%A0%95%EC%97%AD%EB%B2%95%EB%AC%B4%EC%82%AC
/업무사례/부산괘법르네시떼역법무사,부산 괘법르네시떼역 법무사 업무 사례,부산 괘법르네시떼역 법무사 업무 사례… | 다옴법무사사무소,부산 괘법르네시떼역 법무사 업무 사례 | 상속등기·부동산등기 상담 안내,case,부산 괘법르네시떼역 법무사,no,https://xn--2j1br1na42lvxja38mk8r.kr/%EC%97%85%EB%AC%B4%EC%82%AC%EB%A1%80/%EB%B6%80%EC%82%B0%EA%B4%98%EB%B2%95%EB%A5%B4%EB%84%A4%EC%8B%9C%EB%96%BC%EC%97%AD%EB%B2%95%EB%AC%B4%EC%82%AC
/업무사례/부산삼락생태공원법무사,부산 삼락생태공원 법무사 업무 사례,부산 삼락생태공원 법무사 업무 사례 … | 다옴법무사사무소,부산 삼락생태공원 법무사 업무 사례 | 상속등기·부동산등기 상담 안내,case,부산 삼락생태공원 법무사,no,https://xn--2j1br1na42lvxja38mk8r.kr/%EC%97%85%EB%AC%B4%EC%82%AC%EB%A1%80/%EB%B6%80%EC%82%B0%EC%82%BC%EB%9D%BD%EC%83%9D%ED%83%9C%EA%B3%B5%EC%9B%90%EB%B2%95%EB%AC%B4%EC%82%AC
/업무사례/부산사상공업지역법무사,부산 사상공업지역 법무사 업무 사례,부산 사상공업지역 법무사 업무 사례 … | 다옴법무사사무소,부산 사상공업지역 법무사 업무 사례 | 상속등기·부동산등기 상담 안내,case,부산 사상공업지역 법무사,yes,https://xn--2j1br1na42lvxja38mk8r.kr/%EC%97%85%EB%AC%B4%EC%82%AC%EB%A1%80/%EB%B6%80%EC%82%B0%EC%82%AC%EC%83%81%EA%B3%B5%EC%97%85%EC%A7%80%EC%97%AD%EB%B2%95%EB%AC%B4%EC%82%AC
/업무사례/부산학장공단법무사,부산 학장공단 법무사 업무 사례,부산 학장공단 법무사 업무 사례 | … | 다옴법무사사무소,부산 학장공단 법무사 업무 사례 | 상속등기·부동산등기 상담 안내,case,부산 학장공단 법무사,yes,https://xn--2j1br1na42lvxja38mk8r.kr/%EC%97%85%EB%AC%B4%EC%82%AC%EB%A1%80/%EB%B6%80%EC%82%B0%ED%95%99%EC%9E%A5%EA%B3%B5%EB%8B%A8%EB%B2%95%EB%AC%B4%EC%82%AC
/업무사례/부산대법무사,부산 부산대 법무사 업무 사례,부산 부산대 법무사 업무 사례 | 상… | 다옴법무사사무소,부산 부산대 법무사 업무 사례 | 상속등기·부동산등기 상담 안내,case,부산 부산대 법무사,yes,https://xn--2j1br1na42lvxja38mk8r.kr/%EC%97%85%EB%AC%B4%EC%82%AC%EB%A1%80/%EB%B6%80%EC%82%B0%EB%8C%80%EB%B2%95%EB%AC%B4%EC%82%AC
/업무사례/부산대역법무사,부산 부산대역 법무사 업무 사례,부산 부산대역 법무사 업무 사례 | … | 다옴법무사사무소,부산 부산대역 법무사 업무 사례 | 상속등기·부동산등기 상담 안내,case,부산 부산대역 법무사,no,https://xn--2j1br1na42lvxja38mk8r.kr/%EC%97%85%EB%AC%B4%EC%82%AC%EB%A1%80/%EB%B6%80%EC%82%B0%EB%8C%80%EC%97%AD%EB%B2%95%EB%AC%B4%EC%82%AC
/업무사례/부산장전역법무사,부산 장전역 법무사 업무 사례,부산 장전역 법무사 업무 사례 | 상… | 다옴법무사사무소,부산 장전역 법무사 업무 사례 | 상속등기·부동산등기 상담 안내,case,부산 장전역 법무사,no,https://xn--2j1br1na42lvxja38mk8r.kr/%EC%97%85%EB%AC%B4%EC%82%AC%EB%A1%80/%EB%B6%80%EC%82%B0%EC%9E%A5%EC%A0%84%EC%97%AD%EB%B2%95%EB%AC%B4%EC%82%AC
/업무사례/부산구서역법무사,부산 구서역 법무사 업무 사례,부산 구서역 법무사 업무 사례 | 상… | 다옴법무사사무소,부산 구서역 법무사 업무 사례 | 상속등기·부동산등기 상담 안내,case,부산 구서역 법무사,no,https://xn--2j1br1na42lvxja38mk8r.kr/%EC%97%85%EB%AC%B4%EC%82%AC%EB%A1%80/%EB%B6%80%EC%82%B0%EA%B5%AC%EC%84%9C%EC%97%AD%EB%B2%95%EB%AC%B4%EC%82%AC
/업무사례/부산두실역법무사,부산 두실역 법무사 업무 사례,부산 두실역 법무사 업무 사례 | 상… | 다옴법무사사무소,부산 두실역 법무사 업무 사례 | 상속등기·부동산등기 상담 안내,case,부산 두실역 법무사,yes,https://xn--2j1br1na42lvxja38mk8r.kr/%EC%97%85%EB%AC%B4%EC%82%AC%EB%A1%80/%EB%B6%80%EC%82%B0%EB%91%90%EC%8B%A4%EC%97%AD%EB%B2%95%EB%AC%B4%EC%82%AC
/업무사례/부산남산역법무사,부산 남산역 법무사 업무 사례,부산 남산역 법무사 업무 사례 | 상… | 다옴법무사사무소,부산 남산역 법무사 업무 사례 | 상속등기·부동산등기 상담 안내,case,부산 남산역 법무사,no,https://xn--2j1br1na42lvxja38mk8r.kr/%EC%97%85%EB%AC%B4%EC%82%AC%EB%A1%80/%EB%B6%80%EC%82%B0%EB%82%A8%EC%82%B0%EC%97%AD%EB%B2%95%EB%AC%B4%EC%82%AC
/업무사례/부산범어사역법무사,부산 범어사역 법무사 업무 사례,부산 범어사역 법무사 업무 사례 | … | 다옴법무사사무소,부산 범어사역 법무사 업무 사례 | 상속등기·부동산등기 상담 안내,case,부산 범어사역 법무사,yes,https://xn--2j1br1na42lvxja38mk8r.kr/%EC%97%85%EB%AC%B4%EC%82%AC%EB%A1%80/%EB%B6%80%EC%82%B0%EB%B2%94%EC%96%B4%EC%82%AC%EC%97%AD%EB%B2%95%EB%AC%B4%EC%82%AC
/업무사례/부산노포역법무사,부산 노포역 법무사 업무 사례,부산 노포역 법무사 업무 사례 | 상… | 다옴법무사사무소,부산 노포역 법무사 업무 사례 | 상속등기·부동산등기 상담 안내,case,부산 노포역 법무사,yes,https://xn--2j1br1na42lvxja38mk8r.kr/%EC%97%85%EB%AC%B4%EC%82%AC%EB%A1%80/%EB%B6%80%EC%82%B0%EB%85%B8%ED%8F%AC%EC%97%AD%EB%B2%95%EB%AC%B4%EC%82%AC
/업무사례/부산금정구청법무사,부산 금정구청 법무사 업무 사례,부산 금정구청 법무사 업무 사례 | … | 다옴법무사사무소,부산 금정구청 법무사 업무 사례 | 상속등기·부동산등기 상담 안내,case,부산 금정구청 법무사,no,https://xn--2j1br1na42lvxja38mk8r.kr/%EC%97%85%EB%AC%B4%EC%82%AC%EB%A1%80/%EB%B6%80%EC%82%B0%EA%B8%88%EC%A0%95%EA%B5%AC%EC%B2%AD%EB%B2%95%EB%AC%B4%EC%82%AC
/업무사례/부산금사공업지역법무사,부산 금사공업지역 법무사 업무 사례,부산 금사공업지역 법무사 업무 사례 … | 다옴법무사사무소,부산 금사공업지역 법무사 업무 사례 | 상속등기·부동산등기 상담 안내,case,부산 금사공업지역 법무사,yes,https://xn--2j1br1na42lvxja38mk8r.kr/%EC%97%85%EB%AC%B4%EC%82%AC%EB%A1%80/%EB%B6%80%EC%82%B0%EA%B8%88%EC%82%AC%EA%B3%B5%EC%97%85%EC%A7%80%EC%97%AD%EB%B2%95%EB%AC%B4%EC%82%AC
/업무사례/부산명지법무사,부산 명지 법무사 업무 사례,부산 명지 법무사 업무 사례 | 상속… | 다옴법무사사무소,부산 명지 법무사 업무 사례 | 상속등기·부동산등기 상담 안내,case,부산 명지 법무사,yes,https://xn--2j1br1na42lvxja38mk8r.kr/%EC%97%85%EB%AC%B4%EC%82%AC%EB%A1%80/%EB%B6%80%EC%82%B0%EB%AA%85%EC%A7%80%EB%B2%95%EB%AC%B4%EC%82%AC
/업무사례/부산명지국제신도시법무사,부산 명지국제신도시 법무사 업무 사례,부산 명지국제신도시 법무사 업무 사례… | 다옴법무사사무소,부산 명지국제신도시 법무사 업무 사례 | 상속등기·부동산등기 상담 안내,case,부산 명지국제신도시 법무사,no,https://xn--2j1br1na42lvxja38mk8r.kr/%EC%97%85%EB%AC%B4%EC%82%AC%EB%A1%80/%EB%B6%80%EC%82%B0%EB%AA%85%EC%A7%80%EA%B5%AD%EC%A0%9C%EC%8B%A0%EB%8F%84%EC%8B%9C%EB%B2%95%EB%AC%B4%EC%82%AC
/업무사례/부산에코델타시티법무사,부산 에코델타시티 법무사 업무 사례,부산 에코델타시티 법무사 업무 사례 … | 다옴법무사사무소,부산 에코델타시티 법무사 업무 사례 | 상속등기·부동산등기 상담 안내,case,부산 에코델타시티 법무사,yes,https://xn--2j1br1na42lvxja38mk8r.kr/%EC%97%85%EB%AC%B4%EC%82%AC%EB%A1%80/%EB%B6%80%EC%82%B0%EC%97%90%EC%BD%94%EB%8D%B8%ED%83%80%EC%8B%9C%ED%8B%B0%EB%B2%95%EB%AC%B4%EC%82%AC
/업무사례/부산가덕도법무사,부산 가덕도 법무사 업무 사례,부산 가덕도 법무사 업무 사례 | 상… | 다옴법무사사무소,부산 가덕도 법무사 업무 사례 | 상속등기·부동산등기 상담 안내,case,부산 가덕도 법무사,yes,https://xn--2j1br1na42lvxja38mk8r.kr/%EC%97%85%EB%AC%B4%EC%82%AC%EB%A1%80/%EB%B6%80%EC%82%B0%EA%B0%80%EB%8D%95%EB%8F%84%EB%B2%95%EB%AC%B4%EC%82%AC
/업무사례/부산신항법무사,부산 부산신항 법무사 업무 사례,부산 부산신항 법무사 업무 사례 | … | 다옴법무사사무소,부산 부산신항 법무사 업무 사례 | 상속등기·부동산등기 상담 안내,case,부산 부산신항 법무사,yes,https://xn--2j1br1na42lvxja38mk8r.kr/%EC%97%85%EB%AC%B4%EC%82%AC%EB%A1%80/%EB%B6%80%EC%82%B0%EC%8B%A0%ED%95%AD%EB%B2%95%EB%AC%B4%EC%82%AC
/업무사례/부산가덕도신공항법무사,부산 가덕도신공항 법무사 업무 사례,부산 가덕도신공항 법무사 업무 사례 … | 다옴법무사사무소,부산 가덕도신공항 법무사 업무 사례 | 상속등기·부동산등기 상담 안내,case,부산 가덕도신공항 법무사,yes,https://xn--2j1br1na42lvxja38mk8r.kr/%EC%97%85%EB%AC%B4%EC%82%AC%EB%A1%80/%EB%B6%80%EC%82%B0%EA%B0%80%EB%8D%95%EB%8F%84%EC%8B%A0%EA%B3%B5%ED%95%AD%EB%B2%95%EB%AC%B4%EC%82%AC
/업무사례/부산서부산권법무사,부산 서부산권 법무사 업무 사례,부산 서부산권 법무사 업무 사례 | … | 다옴법무사사무소,부산 서부산권 법무사 업무 사례 | 상속등기·부동산등기 상담 안내,case,부산 서부산권 법무사,yes,https://xn--2j1br1na42lvxja38mk8r.kr/%EC%97%85%EB%AC%B4%EC%82%AC%EB%A1%80/%EB%B6%80%EC%82%B0%EC%84%9C%EB%B6%80%EC%82%B0%EA%B6%8C%EB%B2%95%EB%AC%B4%EC%82%AC
/업무사례/부산국제산업물류도시법무사,부산 국제산업물류도시 법무사 업무 사례,부산 국제산업물류도시 법무사 업무 사… | 다옴법무사사무소,부산 국제산업물류도시 법무사 업무 사례 | 상속등기·부동산등기 상담 안내,case,부산 국제산업물류도시 법무사,yes,https://xn--2j1br1na42lvxja38mk8r.kr/%EC%97%85%EB%AC%B4%EC%82%AC%EB%A1%80/%EB%B6%80%EC%82%B0%EA%B5%AD%EC%A0%9C%EC%82%B0%EC%97%85%EB%AC%BC%EB%A5%98%EB%8F%84%EC%8B%9C%EB%B2%95%EB%AC%B4%EC%82%AC
/업무사례/부산연구개발특구법무사,부산 부산연구개발특구 법무사 업무 사례,부산 부산연구개발특구 법무사 업무 사… | 다옴법무사사무소,부산 부산연구개발특구 법무사 업무 사례 | 상속등기·부동산등기 상담 안내,case,부산 부산연구개발특구 법무사,yes,https://xn--2j1br1na42lvxja38mk8r.kr/%EC%97%85%EB%AC%B4%EC%82%AC%EB%A1%80/%EB%B6%80%EC%82%B0%EC%97%B0%EA%B5%AC%EA%B0%9C%EB%B0%9C%ED%8A%B9%EA%B5%AC%EB%B2%95%EB%AC%B4%EC%82%AC
/업무사례/부산녹산국가산업단지법무사,부산 녹산국가산업단지 법무사 업무 사례,부산 녹산국가산업단지 법무사 업무 사… | 다옴법무사사무소,부산 녹산국가산업단지 법무사 업무 사례 | 상속등기·부동산등기 상담 안내,case,부산 녹산국가산업단지 법무사,yes,https://xn--2j1br1na42lvxja38mk8r.kr/%EC%97%85%EB%AC%B4%EC%82%AC%EB%A1%80/%EB%B6%80%EC%82%B0%EB%85%B9%EC%82%B0%EA%B5%AD%EA%B0%80%EC%82%B0%EC%97%85%EB%8B%A8%EC%A7%80%EB%B2%95%EB%AC%B4%EC%82%AC
/업무사례/부산시청법무사,부산 부산시청 법무사 업무 사례,부산 부산시청 법무사 업무 사례 | … | 다옴법무사사무소,부산 부산시청 법무사 업무 사례 | 상속등기·부동산등기 상담 안내,case,부산 부산시청 법무사,yes,https://xn--2j1br1na42lvxja38mk8r.kr/%EC%97%85%EB%AC%B4%EC%82%AC%EB%A1%80/%EB%B6%80%EC%82%B0%EC%8B%9C%EC%B2%AD%EB%B2%95%EB%AC%B4%EC%82%AC
/업무사례/부산법원법무사,부산 부산법원 법무사 업무 사례,부산 부산법원 법무사 업무 사례 | … | 다옴법무사사무소,부산 부산법원 법무사 업무 사례 | 상속등기·부동산등기 상담 안내,case,부산 부산법원 법무사,no,https://xn--2j1br1na42lvxja38mk8r.kr/%EC%97%85%EB%AC%B4%EC%82%AC%EB%A1%80/%EB%B6%80%EC%82%B0%EB%B2%95%EC%9B%90%EB%B2%95%EB%AC%B4%EC%82%AC
/업무사례/부산거제역법무사,부산 거제역 법무사 업무 사례,부산 거제역 법무사 업무 사례 | 상… | 다옴법무사사무소,부산 거제역 법무사 업무 사례 | 상속등기·부동산등기 상담 안내,case,부산 거제역 법무사,no,https://xn--2j1br1na42lvxja38mk8r.kr/%EC%97%85%EB%AC%B4%EC%82%AC%EB%A1%80/%EB%B6%80%EC%82%B0%EA%B1%B0%EC%A0%9C%EC%97%AD%EB%B2%95%EB%AC%B4%EC%82%AC
/업무사례/부산교대역법무사,부산 교대역 법무사 업무 사례,부산 교대역 법무사 업무 사례 | 상… | 다옴법무사사무소,부산 교대역 법무사 업무 사례 | 상속등기·부동산등기 상담 안내,case,부산 교대역 법무사,yes,https://xn--2j1br1na42lvxja38mk8r.kr/%EC%97%85%EB%AC%B4%EC%82%AC%EB%A1%80/%EB%B6%80%EC%82%B0%EA%B5%90%EB%8C%80%EC%97%AD%EB%B2%95%EB%AC%B4%EC%82%AC
/업무사례/부산연산역법무사,부산 연산역 법무사 업무 사례,부산 연산역 법무사 업무 사례 | 상… | 다옴법무사사무소,부산 연산역 법무사 업무 사례 | 상속등기·부동산등기 상담 안내,case,부산 연산역 법무사,yes,https://xn--2j1br1na42lvxja38mk8r.kr/%EC%97%85%EB%AC%B4%EC%82%AC%EB%A1%80/%EB%B6%80%EC%82%B0%EC%97%B0%EC%82%B0%EC%97%AD%EB%B2%95%EB%AC%B4%EC%82%AC
/업무사례/부산시청역법무사,부산 시청역 법무사 업무 사례,부산 시청역 법무사 업무 사례 | 상… | 다옴법무사사무소,부산 시청역 법무사 업무 사례 | 상속등기·부동산등기 상담 안내,case,부산 시청역 법무사,no,https://xn--2j1br1na42lvxja38mk8r.kr/%EC%97%85%EB%AC%B4%EC%82%AC%EB%A1%80/%EB%B6%80%EC%82%B0%EC%8B%9C%EC%B2%AD%EC%97%AD%EB%B2%95%EB%AC%B4%EC%82%AC
/업무사례/부산연제구청법무사,부산 연제구청 법무사 업무 사례,부산 연제구청 법무사 업무 사례 | … | 다옴법무사사무소,부산 연제구청 법무사 업무 사례 | 상속등기·부동산등기 상담 안내,case,부산 연제구청 법무사,no,https://xn--2j1br1na42lvxja38mk8r.kr/%EC%97%85%EB%AC%B4%EC%82%AC%EB%A1%80/%EB%B6%80%EC%82%B0%EC%97%B0%EC%A0%9C%EA%B5%AC%EC%B2%AD%EB%B2%95%EB%AC%B4%EC%82%AC
/업무사례/부산정관신도시법무사,부산 정관신도시 법무사 업무 사례,부산 정관신도시 법무사 업무 사례 |… | 다옴법무사사무소,부산 정관신도시 법무사 업무 사례 | 상속등기·부동산등기 상담 안내,case,부산 정관신도시 법무사,yes,https://xn--2j1br1na42lvxja38mk8r.kr/%EC%97%85%EB%AC%B4%EC%82%AC%EB%A1%80/%EB%B6%80%EC%82%B0%EC%A0%95%EA%B4%80%EC%8B%A0%EB%8F%84%EC%8B%9C%EB%B2%95%EB%AC%B4%EC%82%AC
/업무사례/부산일광신도시법무사,부산 일광신도시 법무사 업무 사례,부산 일광신도시 법무사 업무 사례 |… | 다옴법무사사무소,부산 일광신도시 법무사 업무 사례 | 상속등기·부동산등기 상담 안내,case,부산 일광신도시 법무사,yes,https://xn--2j1br1na42lvxja38mk8r.kr/%EC%97%85%EB%AC%B4%EC%82%AC%EB%A1%80/%EB%B6%80%EC%82%B0%EC%9D%BC%EA%B4%91%EC%8B%A0%EB%8F%84%EC%8B%9C%EB%B2%95%EB%AC%B4%EC%82%AC
/업무사례/부산오시리아법무사,부산 오시리아 법무사 업무 사례,부산 오시리아 법무사 업무 사례 | … | 다옴법무사사무소,부산 오시리아 법무사 업무 사례 | 상속등기·부동산등기 상담 안내,case,부산 오시리아 법무사,yes,https://xn--2j1br1na42lvxja38mk8r.kr/%EC%97%85%EB%AC%B4%EC%82%AC%EB%A1%80/%EB%B6%80%EC%82%B0%EC%98%A4%EC%8B%9C%EB%A6%AC%EC%95%84%EB%B2%95%EB%AC%B4%EC%82%AC
/업무사례/부산동부산관광단지법무사,부산 동부산관광단지 법무사 업무 사례,부산 동부산관광단지 법무사 업무 사례… | 다옴법무사사무소,부산 동부산관광단지 법무사 업무 사례 | 상속등기·부동산등기 상담 안내,case,부산 동부산관광단지 법무사,no,https://xn--2j1br1na42lvxja38mk8r.kr/%EC%97%85%EB%AC%B4%EC%82%AC%EB%A1%80/%EB%B6%80%EC%82%B0%EB%8F%99%EB%B6%80%EC%82%B0%EA%B4%80%EA%B4%91%EB%8B%A8%EC%A7%80%EB%B2%95%EB%AC%B4%EC%82%AC
/업무사례/부산기장시장법무사,부산 기장시장 법무사 업무 사례,부산 기장시장 법무사 업무 사례 | … | 다옴법무사사무소,부산 기장시장 법무사 업무 사례 | 상속등기·부동산등기 상담 안내,case,부산 기장시장 법무사,yes,https://xn--2j1br1na42lvxja38mk8r.kr/%EC%97%85%EB%AC%B4%EC%82%AC%EB%A1%80/%EB%B6%80%EC%82%B0%EA%B8%B0%EC%9E%A5%EC%8B%9C%EC%9E%A5%EB%B2%95%EB%AC%B4%EC%82%AC
/업무사례/부산기장역법무사,부산 기장역 법무사 업무 사례,부산 기장역 법무사 업무 사례 | 상… | 다옴법무사사무소,부산 기장역 법무사 업무 사례 | 상속등기·부동산등기 상담 안내,case,부산 기장역 법무사,yes,https://xn--2j1br1na42lvxja38mk8r.kr/%EC%97%85%EB%AC%B4%EC%82%AC%EB%A1%80/%EB%B6%80%EC%82%B0%EA%B8%B0%EC%9E%A5%EC%97%AD%EB%B2%95%EB%AC%B4%EC%82%AC
/업무사례/부산일광역법무사,부산 일광역 법무사 업무 사례,부산 일광역 법무사 업무 사례 | 상… | 다옴법무사사무소,부산 일광역 법무사 업무 사례 | 상속등기·부동산등기 상담 안내,case,부산 일광역 법무사,no,https://xn--2j1br1na42lvxja38mk8r.kr/%EC%97%85%EB%AC%B4%EC%82%AC%EB%A1%80/%EB%B6%80%EC%82%B0%EC%9D%BC%EA%B4%91%EC%97%AD%EB%B2%95%EB%AC%B4%EC%82%AC
/업무사례/부산일광해수욕장법무사,부산 일광해수욕장 법무사 업무 사례,부산 일광해수욕장 법무사 업무 사례 … | 다옴법무사사무소,부산 일광해수욕장 법무사 업무 사례 | 상속등기·부동산등기 상담 안내,case,부산 일광해수욕장 법무사,yes,https://xn--2j1br1na42lvxja38mk8r.kr/%EC%97%85%EB%AC%B4%EC%82%AC%EB%A1%80/%EB%B6%80%EC%82%B0%EC%9D%BC%EA%B4%91%ED%95%B4%EC%88%98%EC%9A%95%EC%9E%A5%EB%B2%95%EB%AC%B4%EC%82%AC
/업무사례/부산롯데월드어드벤처법무사,부산 롯데월드어드벤처부산 법무사 업무 사례,부산 롯데월드어드벤처부산 법무사 업무… | 다옴법무사사무소,부산 롯데월드어드벤처부산 법무사 업무 사례 | 상속등기·부동산등기 상담 안내,case,부산 롯데월드어드벤처부산 법무사,no,https://xn--2j1br1na42lvxja38mk8r.kr/%EC%97%85%EB%AC%B4%EC%82%AC%EB%A1%80/%EB%B6%80%EC%82%B0%EB%A1%AF%EB%8D%B0%EC%9B%94%EB%93%9C%EC%96%B4%EB%93%9C%EB%B2%A4%EC%B2%98%EB%B2%95%EB%AC%B4%EC%82%AC
/업무사례/부산동부산롯데아울렛법무사,부산 동부산롯데아울렛 법무사 업무 사례,부산 동부산롯데아울렛 법무사 업무 사… | 다옴법무사사무소,부산 동부산롯데아울렛 법무사 업무 사례 | 상속등기·부동산등기 상담 안내,case,부산 동부산롯데아울렛 법무사,no,https://xn--2j1br1na42lvxja38mk8r.kr/%EC%97%85%EB%AC%B4%EC%82%AC%EB%A1%80/%EB%B6%80%EC%82%B0%EB%8F%99%EB%B6%80%EC%82%B0%EB%A1%AF%EB%8D%B0%EC%95%84%EC%9A%B8%EB%A0%9B%EB%B2%95%EB%AC%B4%EC%82%AC
/업무사례/부산기장군청법무사,부산 기장군청 법무사 업무 사례,부산 기장군청 법무사 업무 사례 | … | 다옴법무사사무소,부산 기장군청 법무사 업무 사례 | 상속등기·부동산등기 상담 안내,case,부산 기장군청 법무사,no,https://xn--2j1br1na42lvxja38mk8r.kr/%EC%97%85%EB%AC%B4%EC%82%AC%EB%A1%80/%EB%B6%80%EC%82%B0%EA%B8%B0%EC%9E%A5%EA%B5%B0%EC%B2%AD%EB%B2%95%EB%AC%B4%EC%82%AC
/업무사례/부산정관산업단지법무사,부산 정관산업단지 법무사 업무 사례,부산 정관산업단지 법무사 업무 사례 … | 다옴법무사사무소,부산 정관산업단지 법무사 업무 사례 | 상속등기·부동산등기 상담 안내,case,부산 정관산업단지 법무사,yes,https://xn--2j1br1na42lvxja38mk8r.kr/%EC%97%85%EB%AC%B4%EC%82%AC%EB%A1%80/%EB%B6%80%EC%82%B0%EC%A0%95%EA%B4%80%EC%82%B0%EC%97%85%EB%8B%A8%EC%A7%80%EB%B2%95%EB%AC%B4%EC%82%AC
/업무사례/부산장안산업단지법무사,부산 장안산업단지 법무사 업무 사례,부산 장안산업단지 법무사 업무 사례 … | 다옴법무사사무소,부산 장안산업단지 법무사 업무 사례 | 상속등기·부동산등기 상담 안내,case,부산 장안산업단지 법무사,yes,https://xn--2j1br1na42lvxja38mk8r.kr/%EC%97%85%EB%AC%B4%EC%82%AC%EB%A1%80/%EB%B6%80%EC%82%B0%EC%9E%A5%EC%95%88%EC%82%B0%EC%97%85%EB%8B%A8%EC%A7%80%EB%B2%95%EB%AC%B4%EC%82%AC
/업무사례/부산명례산업단지법무사,부산 명례산업단지 법무사 업무 사례,부산 명례산업단지 법무사 업무 사례 … | 다옴법무사사무소,부산 명례산업단지 법무사 업무 사례 | 상속등기·부동산등기 상담 안내,case,부산 명례산업단지 법무사,yes,https://xn--2j1br1na42lvxja38mk8r.kr/%EC%97%85%EB%AC%B4%EC%82%AC%EB%A1%80/%EB%B6%80%EC%82%B0%EB%AA%85%EB%A1%80%EC%82%B0%EC%97%85%EB%8B%A8%EC%A7%80%EB%B2%95%EB%AC%B4%EC%82%AC
/업무사례/부산센텀2지구법무사,부산 센텀2지구 법무사 업무 사례,부산 센텀2지구 법무사 업무 사례 |… | 다옴법무사사무소,부산 센텀2지구 법무사 업무 사례 | 상속등기·부동산등기 상담 안내,case,부산 센텀2지구 법무사,yes,https://xn--2j1br1na42lvxja38mk8r.kr/%EC%97%85%EB%AC%B4%EC%82%AC%EB%A1%80/%EB%B6%80%EC%82%B0%EC%84%BC%ED%85%802%EC%A7%80%EA%B5%AC%EB%B2%95%EB%AC%B4%EC%82%AC
/업무사례/부산센텀2지구도시첨단산업단지법무사,부산 센텀2지구도시첨단산업단지 법무사 업무 사례,부산 센텀2지구도시첨단산업단지 법무사… | 다옴법무사사무소,부산 센텀2지구도시첨단산업단지 법무사 업무 사례 | 상속등기·부동산등기 상담 안내,case,부산 센텀2지구도시첨단산업단지 법무사,no,https://xn--2j1br1na42lvxja38mk8r.kr/%EC%97%85%EB%AC%B4%EC%82%AC%EB%A1%80/%EB%B6%80%EC%82%B0%EC%84%BC%ED%85%802%EC%A7%80%EA%B5%AC%EB%8F%84%EC%8B%9C%EC%B2%A8%EB%8B%A8%EC%82%B0%EC%97%85%EB%8B%A8%EC%A7%80%EB%B2%95%EB%AC%B4%EC%82%AC
/업무사례/부산회동석대산업단지법무사,부산 회동석대산업단지 법무사 업무 사례,부산 회동석대산업단지 법무사 업무 사… | 다옴법무사사무소,부산 회동석대산업단지 법무사 업무 사례 | 상속등기·부동산등기 상담 안내,case,부산 회동석대산업단지 법무사,yes,https://xn--2j1br1na42lvxja38mk8r.kr/%EC%97%85%EB%AC%B4%EC%82%AC%EB%A1%80/%EB%B6%80%EC%82%B0%ED%9A%8C%EB%8F%99%EC%84%9D%EB%8C%80%EC%82%B0%EC%97%85%EB%8B%A8%EC%A7%80%EB%B2%95%EB%AC%B4%EC%82%AC
/업무사례/부산회동석대도시첨단산업단지법무사,부산 회동석대도시첨단산업단지 법무사 업무 사례,부산 회동석대도시첨단산업단지 법무사 … | 다옴법무사사무소,부산 회동석대도시첨단산업단지 법무사 업무 사례 | 상속등기·부동산등기 상담 안내,case,부산 회동석대도시첨단산업단지 법무사,no,https://xn--2j1br1na42lvxja38mk8r.kr/%EC%97%85%EB%AC%B4%EC%82%AC%EB%A1%80/%EB%B6%80%EC%82%B0%ED%9A%8C%EB%8F%99%EC%84%9D%EB%8C%80%EB%8F%84%EC%8B%9C%EC%B2%A8%EB%8B%A8%EC%82%B0%EC%97%85%EB%8B%A8%EC%A7%80%EB%B2%95%EB%AC%B4%EC%82%AC
/업무사례/부산진해경제자유구역법무사,부산 부산진해경제자유구역 법무사 업무 사례,부산 부산진해경제자유구역 법무사 업무… | 다옴법무사사무소,부산 부산진해경제자유구역 법무사 업무 사례 | 상속등기·부동산등기 상담 안내,case,부산 부산진해경제자유구역 법무사,yes,https://xn--2j1br1na42lvxja38mk8r.kr/%EC%97%85%EB%AC%B4%EC%82%AC%EB%A1%80/%EB%B6%80%EC%82%B0%EC%A7%84%ED%95%B4%EA%B2%BD%EC%A0%9C%EC%9E%90%EC%9C%A0%EA%B5%AC%EC%97%AD%EB%B2%95%EB%AC%B4%EC%82%AC
/업무사례/부산미음산업단지법무사,부산 미음산업단지 법무사 업무 사례,부산 미음산업단지 법무사 업무 사례 … | 다옴법무사사무소,부산 미음산업단지 법무사 업무 사례 | 상속등기·부동산등기 상담 안내,case,부산 미음산업단지 법무사,yes,https://xn--2j1br1na42lvxja38mk8r.kr/%EC%97%85%EB%AC%B4%EC%82%AC%EB%A1%80/%EB%B6%80%EC%82%B0%EB%AF%B8%EC%9D%8C%EC%82%B0%EC%97%85%EB%8B%A8%EC%A7%80%EB%B2%95%EB%AC%B4%EC%82%AC
/업무사례/부산화전산업단지법무사,부산 화전산업단지 법무사 업무 사례,부산 화전산업단지 법무사 업무 사례 … | 다옴법무사사무소,부산 화전산업단지 법무사 업무 사례 | 상속등기·부동산등기 상담 안내,case,부산 화전산업단지 법무사,yes,https://xn--2j1br1na42lvxja38mk8r.kr/%EC%97%85%EB%AC%B4%EC%82%AC%EB%A1%80/%EB%B6%80%EC%82%B0%ED%99%94%EC%A0%84%EC%82%B0%EC%97%85%EB%8B%A8%EC%A7%80%EB%B2%95%EB%AC%B4%EC%82%AC
/업무사례/부산생곡산업단지법무사,부산 생곡산업단지 법무사 업무 사례,부산 생곡산업단지 법무사 업무 사례 … | 다옴법무사사무소,부산 생곡산업단지 법무사 업무 사례 | 상속등기·부동산등기 상담 안내,case,부산 생곡산업단지 법무사,yes,https://xn--2j1br1na42lvxja38mk8r.kr/%EC%97%85%EB%AC%B4%EC%82%AC%EB%A1%80/%EB%B6%80%EC%82%B0%EC%83%9D%EA%B3%A1%EC%82%B0%EC%97%85%EB%8B%A8%EC%A7%80%EB%B2%95%EB%AC%B4%EC%82%AC
/업무사례/부산지사과학산업단지법무사,부산 지사과학산업단지 법무사 업무 사례,부산 지사과학산업단지 법무사 업무 사… | 다옴법무사사무소,부산 지사과학산업단지 법무사 업무 사례 | 상속등기·부동산등기 상담 안내,case,부산 지사과학산업단지 법무사,yes,https://xn--2j1br1na42lvxja38mk8r.kr/%EC%97%85%EB%AC%B4%EC%82%AC%EB%A1%80/%EB%B6%80%EC%82%B0%EC%A7%80%EC%82%AC%EA%B3%BC%ED%95%99%EC%82%B0%EC%97%85%EB%8B%A8%EC%A7%80%EB%B2%95%EB%AC%B4%EC%82%AC
/업무사례/부산지사글로벌산업단지법무사,부산 지사글로벌산업단지 법무사 업무 사례,부산 지사글로벌산업단지 법무사 업무 … | 다옴법무사사무소,부산 지사글로벌산업단지 법무사 업무 사례 | 상속등기·부동산등기 상담 안내,case,부산 지사글로벌산업단지 법무사,no,https://xn--2j1br1na42lvxja38mk8r.kr/%EC%97%85%EB%AC%B4%EC%82%AC%EB%A1%80/%EB%B6%80%EC%82%B0%EC%A7%80%EC%82%AC%EA%B8%80%EB%A1%9C%EB%B2%8C%EC%82%B0%EC%97%85%EB%8B%A8%EC%A7%80%EB%B2%95%EB%AC%B4%EC%82%AC
/업무사례/부산서부산복합산업단지법무사,부산 서부산복합산업단지 법무사 업무 사례,부산 서부산복합산업단지 법무사 업무 … | 다옴법무사사무소,부산 서부산복합산업단지 법무사 업무 사례 | 상속등기·부동산등기 상담 안내,case,부산 서부산복합산업단지 법무사,yes,https://xn--2j1br1na42lvxja38mk8r.kr/%EC%97%85%EB%AC%B4%EC%82%AC%EB%A1%80/%EB%B6%80%EC%82%B0%EC%84%9C%EB%B6%80%EC%82%B0%EB%B3%B5%ED%95%A9%EC%82%B0%EC%97%85%EB%8B%A8%EC%A7%80%EB%B2%95%EB%AC%B4%EC%82%AC
/업무사례/부산강서해성산업단지법무사,부산 강서해성산업단지 법무사 업무 사례,부산 강서해성산업단지 법무사 업무 사… | 다옴법무사사무소,부산 강서해성산업단지 법무사 업무 사례 | 상속등기·부동산등기 상담 안내,case,부산 강서해성산업단지 법무사,yes,https://xn--2j1br1na42lvxja38mk8r.kr/%EC%97%85%EB%AC%B4%EC%82%AC%EB%A1%80/%EB%B6%80%EC%82%B0%EA%B0%95%EC%84%9C%ED%95%B4%EC%84%B1%EC%82%B0%EC%97%85%EB%8B%A8%EC%A7%80%EB%B2%95%EB%AC%B4%EC%82%AC
/업무사례/부산명동산업단지법무사,부산 명동산업단지 법무사 업무 사례,부산 명동산업단지 법무사 업무 사례 … | 다옴법무사사무소,부산 명동산업단지 법무사 업무 사례 | 상속등기·부동산등기 상담 안내,case,부산 명동산업단지 법무사,yes,https://xn--2j1br1na42lvxja38mk8r.kr/%EC%97%85%EB%AC%B4%EC%82%AC%EB%A1%80/%EB%B6%80%EC%82%B0%EB%AA%85%EB%8F%99%EC%82%B0%EC%97%85%EB%8B%A8%EC%A7%80%EB%B2%95%EB%AC%B4%EC%82%AC
/업무사례/부산명서산업단지법무사,부산 명서산업단지 법무사 업무 사례,부산 명서산업단지 법무사 업무 사례 … | 다옴법무사사무소,부산 명서산업단지 법무사 업무 사례 | 상속등기·부동산등기 상담 안내,case,부산 명서산업단지 법무사,yes,https://xn--2j1br1na42lvxja38mk8r.kr/%EC%97%85%EB%AC%B4%EC%82%AC%EB%A1%80/%EB%B6%80%EC%82%B0%EB%AA%85%EC%84%9C%EC%82%B0%EC%97%85%EB%8B%A8%EC%A7%80%EB%B2%95%EB%AC%B4%EC%82%AC
/업무사례/부산신평장림산업단지법무사,부산 신평장림산업단지 법무사 업무 사례,부산 신평장림산업단지 법무사 업무 사… | 다옴법무사사무소,부산 신평장림산업단지 법무사 업무 사례 | 상속등기·부동산등기 상담 안내,case,부산 신평장림산업단지 법무사,yes,https://xn--2j1br1na42lvxja38mk8r.kr/%EC%97%85%EB%AC%B4%EC%82%AC%EB%A1%80/%EB%B6%80%EC%82%B0%EC%8B%A0%ED%8F%89%EC%9E%A5%EB%A6%BC%EC%82%B0%EC%97%85%EB%8B%A8%EC%A7%80%EB%B2%95%EB%AC%B4%EC%82%AC
/업무사례/부산서부산스마트밸리법무사,부산 서부산스마트밸리 법무사 업무 사례,부산 서부산스마트밸리 법무사 업무 사… | 다옴법무사사무소,부산 서부산스마트밸리 법무사 업무 사례 | 상속등기·부동산등기 상담 안내,case,부산 서부산스마트밸리 법무사,yes,https://xn--2j1br1na42lvxja38mk8r.kr/%EC%97%85%EB%AC%B4%EC%82%AC%EB%A1%80/%EB%B6%80%EC%82%B0%EC%84%9C%EB%B6%80%EC%82%B0%EC%8A%A4%EB%A7%88%ED%8A%B8%EB%B0%B8%EB%A6%AC%EB%B2%95%EB%AC%B4%EC%82%AC
/업무사례/부산산양산업단지법무사,부산 산양산업단지 법무사 업무 사례,부산 산양산업단지 법무사 업무 사례 … | 다옴법무사사무소,부산 산양산업단지 법무사 업무 사례 | 상속등기·부동산등기 상담 안내,case,부산 산양산업단지 법무사,yes,https://xn--2j1br1na42lvxja38mk8r.kr/%EC%97%85%EB%AC%B4%EC%82%AC%EB%A1%80/%EB%B6%80%EC%82%B0%EC%82%B0%EC%96%91%EC%82%B0%EC%97%85%EB%8B%A8%EC%A7%80%EB%B2%95%EB%AC%B4%EC%82%AC
/업무사례/부산사상산업단지법무사,부산 사상산업단지 법무사 업무 사례,부산 사상산업단지 법무사 업무 사례 … | 다옴법무사사무소,부산 사상산업단지 법무사 업무 사례 | 상속등기·부동산등기 상담 안내,case,부산 사상산업단지 법무사,no,https://xn--2j1br1na42lvxja38mk8r.kr/%EC%97%85%EB%AC%B4%EC%82%AC%EB%A1%80/%EB%B6%80%EC%82%B0%EC%82%AC%EC%83%81%EC%82%B0%EC%97%85%EB%8B%A8%EC%A7%80%EB%B2%95%EB%AC%B4%EC%82%AC
/업무사례/부산사상재생사업지구법무사,부산 사상재생사업지구 법무사 업무 사례,부산 사상재생사업지구 법무사 업무 사… | 다옴법무사사무소,부산 사상재생사업지구 법무사 업무 사례 | 상속등기·부동산등기 상담 안내,case,부산 사상재생사업지구 법무사,yes,https://xn--2j1br1na42lvxja38mk8r.kr/%EC%97%85%EB%AC%B4%EC%82%AC%EB%A1%80/%EB%B6%80%EC%82%B0%EC%82%AC%EC%83%81%EC%9E%AC%EC%83%9D%EC%82%AC%EC%97%85%EC%A7%80%EA%B5%AC%EB%B2%95%EB%AC%B4%EC%82%AC
/업무사례/부산모라도시첨단산업단지법무사,부산 모라도시첨단산업단지 법무사 업무 사례,부산 모라도시첨단산업단지 법무사 업무… | 다옴법무사사무소,부산 모라도시첨단산업단지 법무사 업무 사례 | 상속등기·부동산등기 상담 안내,case,부산 모라도시첨단산업단지 법무사,yes,https://xn--2j1br1na42lvxja38mk8r.kr/%EC%97%85%EB%AC%B4%EC%82%AC%EB%A1%80/%EB%B6%80%EC%82%B0%EB%AA%A8%EB%9D%BC%EB%8F%84%EC%8B%9C%EC%B2%A8%EB%8B%A8%EC%82%B0%EC%97%85%EB%8B%A8%EC%A7%80%EB%B2%95%EB%AC%B4%EC%82%AC
/업무사례/부산금곡도시첨단산업단지법무사,부산 금곡도시첨단산업단지 법무사 업무 사례,부산 금곡도시첨단산업단지 법무사 업무… | 다옴법무사사무소,부산 금곡도시첨단산업단지 법무사 업무 사례 | 상속등기·부동산등기 상담 안내,case,부산 금곡도시첨단산업단지 법무사,yes,https://xn--2j1br1na42lvxja38mk8r.kr/%EC%97%85%EB%AC%B4%EC%82%AC%EB%A1%80/%EB%B6%80%EC%82%B0%EA%B8%88%EA%B3%A1%EB%8F%84%EC%8B%9C%EC%B2%A8%EB%8B%A8%EC%82%B0%EC%97%85%EB%8B%A8%EC%A7%80%EB%B2%95%EB%AC%B4%EC%82%AC
/업무사례/부산정관농공단지법무사,부산 정관농공단지 법무사 업무 사례,부산 정관농공단지 법무사 업무 사례 … | 다옴법무사사무소,부산 정관농공단지 법무사 업무 사례 | 상속등기·부동산등기 상담 안내,case,부산 정관농공단지 법무사,no,https://xn--2j1br1na42lvxja38mk8r.kr/%EC%97%85%EB%AC%B4%EC%82%AC%EB%A1%80/%EB%B6%80%EC%82%B0%EC%A0%95%EA%B4%80%EB%86%8D%EA%B3%B5%EB%8B%A8%EC%A7%80%EB%B2%95%EB%AC%B4%EC%82%AC
/업무사례/부산반룡산업단지법무사,부산 반룡산업단지 법무사 업무 사례,부산 반룡산업단지 법무사 업무 사례 … | 다옴법무사사무소,부산 반룡산업단지 법무사 업무 사례 | 상속등기·부동산등기 상담 안내,case,부산 반룡산업단지 법무사,yes,https://xn--2j1br1na42lvxja38mk8r.kr/%EC%97%85%EB%AC%B4%EC%82%AC%EB%A1%80/%EB%B6%80%EC%82%B0%EB%B0%98%EB%A3%A1%EC%82%B0%EC%97%85%EB%8B%A8%EC%A7%80%EB%B2%95%EB%AC%B4%EC%82%AC
/업무사례/부산에코장안산업단지법무사,부산 에코장안산업단지 법무사 업무 사례,부산 에코장안산업단지 법무사 업무 사… | 다옴법무사사무소,부산 에코장안산업단지 법무사 업무 사례 | 상속등기·부동산등기 상담 안내,case,부산 에코장안산업단지 법무사,yes,https://xn--2j1br1na42lvxja38mk8r.kr/%EC%97%85%EB%AC%B4%EC%82%AC%EB%A1%80/%EB%B6%80%EC%82%B0%EC%97%90%EC%BD%94%EC%9E%A5%EC%95%88%EC%82%B0%EC%97%85%EB%8B%A8%EC%A7%80%EB%B2%95%EB%AC%B4%EC%82%AC
/업무사례/부산동남권방사선의과학산업단지법무사,부산 동남권방사선의과학산업단지 법무사 업무 사례,부산 동남권방사선의과학산업단지 법무사… | 다옴법무사사무소,부산 동남권방사선의과학산업단지 법무사 업무 사례 | 상속등기·부동산등기 상담 안내,case,부산 동남권방사선의과학산업단지 법무사,yes,https://xn--2j1br1na42lvxja38mk8r.kr/%EC%97%85%EB%AC%B4%EC%82%AC%EB%A1%80/%EB%B6%80%EC%82%B0%EB%8F%99%EB%82%A8%EA%B6%8C%EB%B0%A9%EC%82%AC%EC%84%A0%EC%9D%98%EA%B3%BC%ED%95%99%EC%82%B0%EC%97%85%EB%8B%A8%EC%A7%80%EB%B2%95%EB%AC%B4%EC%82%AC
/업무사례/부산지방법원법무사,부산지방법원 법무사 업무 사례,부산지방법원 법무사 업무 사례 | 상… | 다옴법무사사무소,부산지방법원 법무사 업무 사례 | 상속등기·부동산등기 상담 안내,case,부산지방법원 법무사,yes,https://xn--2j1br1na42lvxja38mk8r.kr/%EC%97%85%EB%AC%B4%EC%82%AC%EB%A1%80/%EB%B6%80%EC%82%B0%EC%A7%80%EB%B0%A9%EB%B2%95%EC%9B%90%EB%B2%95%EB%AC%B4%EC%82%AC
/업무사례/부산고등법원법무사,부산고등법원 법무사 업무 사례,부산고등법원 법무사 업무 사례 | 상… | 다옴법무사사무소,부산고등법원 법무사 업무 사례 | 상속등기·부동산등기 상담 안내,case,부산고등법원 법무사,no,https://xn--2j1br1na42lvxja38mk8r.kr/%EC%97%85%EB%AC%B4%EC%82%AC%EB%A1%80/%EB%B6%80%EC%82%B0%EA%B3%A0%EB%93%B1%EB%B2%95%EC%9B%90%EB%B2%95%EB%AC%B4%EC%82%AC
/업무사례/부산가정법원법무사,부산가정법원 법무사 업무 사례,부산가정법원 법무사 업무 사례 | 상… | 다옴법무사사무소,부산가정법원 법무사 업무 사례 | 상속등기·부동산등기 상담 안내,case,부산가정법원 법무사,yes,https://xn--2j1br1na42lvxja38mk8r.kr/%EC%97%85%EB%AC%B4%EC%82%AC%EB%A1%80/%EB%B6%80%EC%82%B0%EA%B0%80%EC%A0%95%EB%B2%95%EC%9B%90%EB%B2%95%EB%AC%B4%EC%82%AC
/업무사례/부산회생법원법무사,부산회생법원 법무사 업무 사례,부산회생법원 법무사 업무 사례 | 상… | 다옴법무사사무소,부산회생법원 법무사 업무 사례 | 상속등기·부동산등기 상담 안내,case,부산회생법원 법무사,yes,https://xn--2j1br1na42lvxja38mk8r.kr/%EC%97%85%EB%AC%B4%EC%82%AC%EB%A1%80/%EB%B6%80%EC%82%B0%ED%9A%8C%EC%83%9D%EB%B2%95%EC%9B%90%EB%B2%95%EB%AC%B4%EC%82%AC
/업무사례/부산지방법원등기국법무사,부산지방법원등기국 법무사 업무 사례,부산지방법원등기국 법무사 업무 사례 … | 다옴법무사사무소,부산지방법원등기국 법무사 업무 사례 | 상속등기·부동산등기 상담 안내,case,부산지방법원등기국 법무사,yes,https://xn--2j1br1na42lvxja38mk8r.kr/%EC%97%85%EB%AC%B4%EC%82%AC%EB%A1%80/%EB%B6%80%EC%82%B0%EC%A7%80%EB%B0%A9%EB%B2%95%EC%9B%90%EB%93%B1%EA%B8%B0%EA%B5%AD%EB%B2%95%EB%AC%B4%EC%82%AC
/업무사례/부산거제동법원법무사,부산 거제동법원 법무사 업무 사례,부산 거제동법원 법무사 업무 사례 |… | 다옴법무사사무소,부산 거제동법원 법무사 업무 사례 | 상속등기·부동산등기 상담 안내,case,부산 거제동법원 법무사,no,https://xn--2j1br1na42lvxja38mk8r.kr/%EC%97%85%EB%AC%B4%EC%82%AC%EB%A1%80/%EB%B6%80%EC%82%B0%EA%B1%B0%EC%A0%9C%EB%8F%99%EB%B2%95%EC%9B%90%EB%B2%95%EB%AC%B4%EC%82%AC
/업무사례/부산동부지원법무사,부산동부지원 법무사 업무 사례,부산동부지원 법무사 업무 사례 | 상… | 다옴법무사사무소,부산동부지원 법무사 업무 사례 | 상속등기·부동산등기 상담 안내,case,부산동부지원 법무사,yes,https://xn--2j1br1na42lvxja38mk8r.kr/%EC%97%85%EB%AC%B4%EC%82%AC%EB%A1%80/%EB%B6%80%EC%82%B0%EB%8F%99%EB%B6%80%EC%A7%80%EC%9B%90%EB%B2%95%EB%AC%B4%EC%82%AC
/업무사례/부산해운대동부지원법무사,부산 해운대동부지원 법무사 업무 사례,부산 해운대동부지원 법무사 업무 사례… | 다옴법무사사무소,부산 해운대동부지원 법무사 업무 사례 | 상속등기·부동산등기 상담 안내,case,부산 해운대동부지원 법무사,no,https://xn--2j1br1na42lvxja38mk8r.kr/%EC%97%85%EB%AC%B4%EC%82%AC%EB%A1%80/%EB%B6%80%EC%82%B0%ED%95%B4%EC%9A%B4%EB%8C%80%EB%8F%99%EB%B6%80%EC%A7%80%EC%9B%90%EB%B2%95%EB%AC%B4%EC%82%AC
/업무사례/부산서부지원법무사,부산서부지원 법무사 업무 사례,부산서부지원 법무사 업무 사례 | 상… | 다옴법무사사무소,부산서부지원 법무사 업무 사례 | 상속등기·부동산등기 상담 안내,case,부산서부지원 법무사,yes,https://xn--2j1br1na42lvxja38mk8r.kr/%EC%97%85%EB%AC%B4%EC%82%AC%EB%A1%80/%EB%B6%80%EC%82%B0%EC%84%9C%EB%B6%80%EC%A7%80%EC%9B%90%EB%B2%95%EB%AC%B4%EC%82%AC
/업무사례/부산강서서부지원법무사,부산 강서서부지원 법무사 업무 사례,부산 강서서부지원 법무사 업무 사례 … | 다옴법무사사무소,부산 강서서부지원 법무사 업무 사례 | 상속등기·부동산등기 상담 안내,case,부산 강서서부지원 법무사,no,https://xn--2j1br1na42lvxja38mk8r.kr/%EC%97%85%EB%AC%B4%EC%82%AC%EB%A1%80/%EB%B6%80%EC%82%B0%EA%B0%95%EC%84%9C%EC%84%9C%EB%B6%80%EC%A7%80%EC%9B%90%EB%B2%95%EB%AC%B4%EC%82%AC
/업무사례/부산서부지원등기과법무사,부산서부지원등기과 법무사 업무 사례,부산서부지원등기과 법무사 업무 사례 … | 다옴법무사사무소,부산서부지원등기과 법무사 업무 사례 | 상속등기·부동산등기 상담 안내,case,부산서부지원등기과 법무사,no,https://xn--2j1br1na42lvxja38mk8r.kr/%EC%97%85%EB%AC%B4%EC%82%AC%EB%A1%80/%EB%B6%80%EC%82%B0%EC%84%9C%EB%B6%80%EC%A7%80%EC%9B%90%EB%93%B1%EA%B8%B0%EA%B3%BC%EB%B2%95%EB%AC%B4%EC%82%AC
/업무사례/부산등기국법무사,부산등기국 법무사 업무 사례,부산등기국 법무사 업무 사례 | 상속… | 다옴법무사사무소,부산등기국 법무사 업무 사례 | 상속등기·부동산등기 상담 안내,case,부산등기국 법무사,no,https://xn--2j1br1na42lvxja38mk8r.kr/%EC%97%85%EB%AC%B4%EC%82%AC%EB%A1%80/%EB%B6%80%EC%82%B0%EB%93%B1%EA%B8%B0%EA%B5%AD%EB%B2%95%EB%AC%B4%EC%82%AC
/전국업무,전국 법무사 업무 안내,전국 법무사 업무｜지역이 달라도 비대… | 다옴법무사사무소,부산에 방문하지 않아도 맡길 수 있는 전국 법무사 업무,pillar,전국 법무사,yes,https://xn--2j1br1na42lvxja38mk8r.kr/%EC%A0%84%EA%B5%AD%EC%97%85%EB%AC%B4
/전국상속등기,전국 상속등기,전국 상속등기 법무사｜지역이 달라도 … | 다옴법무사사무소,전국 어디서나 맡길 수 있는 상속등기,pillar,전국 상속등기,yes,https://xn--2j1br1na42lvxja38mk8r.kr/%EC%A0%84%EA%B5%AD%EC%83%81%EC%86%8D%EB%93%B1%EA%B8%B0
/전국유증등기,전국 유증등기,전국 유증등기 법무사｜유언에 따른 부… | 다옴법무사사무소,부동산 소재지가 달라도 진행할 수 있는 유증등기,pillar,전국 유증등기,yes,https://xn--2j1br1na42lvxja38mk8r.kr/%EC%A0%84%EA%B5%AD%EC%9C%A0%EC%A6%9D%EB%93%B1%EA%B8%B0
/여러지역상속부동산등기,여러 지역 상속부동산 등기,전국에 흩어진 상속부동산 등기｜여러 … | 다옴법무사사무소,서울·부산·경기·제주에 흩어진 상속부동산을 한 번에 정리하려면,pillar,여러 지역 상속부동산,yes,https://xn--2j1br1na42lvxja38mk8r.kr/%EC%97%AC%EB%9F%AC%EC%A7%80%EC%97%AD%EC%83%81%EC%86%8D%EB%B6%80%EB%8F%99%EC%82%B0%EB%93%B1%EA%B8%B0
/전국법인본점이전등기,전국 법인 본점이전등기,전국 법인 본점이전등기｜서울·경기·부… | 다옴법무사사무소,지역이 달라지는 법인 본점이전등기,pillar,전국 본점이전등기,yes,https://xn--2j1br1na42lvxja38mk8r.kr/%EC%A0%84%EA%B5%AD%EB%B2%95%EC%9D%B8%EB%B3%B8%EC%A0%90%EC%9D%B4%EC%A0%84%EB%93%B1%EA%B8%B0
/전국공동담보등기,전국 공동담보등기,전국 공동근저당권 등기｜여러 지역 부… | 다옴법무사사무소,서로 다른 지역의 부동산을 공동담보로 제공하는 경우,pillar,전국 공동근저당권,yes,https://xn--2j1br1na42lvxja38mk8r.kr/%EC%A0%84%EA%B5%AD%EA%B3%B5%EB%8F%99%EB%8B%B4%EB%B3%B4%EB%93%B1%EA%B8%B0
/업무사례/전국업무사례,전국 법무사 업무사례,전국 법무사 업무사례｜상속등기·유증등… | 다옴법무사사무소,부산에 방문하지 않아도 맡길 수 있는 전국 법무사 업무,case,전국 법무사 업무사례,yes,https://xn--2j1br1na42lvxja38mk8r.kr/%EC%97%85%EB%AC%B4%EC%82%AC%EB%A1%80/%EC%A0%84%EA%B5%AD%EC%97%85%EB%AC%B4%EC%82%AC%EB%A1%80
/업무사례/전국상속등기법무사,전국 상속등기 법무사,전국 상속등기 법무사｜타지역 부동산도 비대면 진행 | 다옴법무사사무소,전국 어디서나 맡길 수 있는 상속등기,case,전국 상속등기 법무사,yes,https://xn--2j1br1na42lvxja38mk8r.kr/%EC%97%85%EB%AC%B4%EC%82%AC%EB%A1%80/%EC%A0%84%EA%B5%AD%EC%83%81%EC%86%8D%EB%93%B1%EA%B8%B0%EB%B2%95%EB%AC%B4%EC%82%AC
/업무사례/전국유증등기법무사,전국 유증등기,전국 유증등기 법무사｜유언에 따른 부… | 다옴법무사사무소,부동산 소재지가 달라도 상담할 수 있는 유증등기,case,전국 유증등기,yes,https://xn--2j1br1na42lvxja38mk8r.kr/%EC%97%85%EB%AC%B4%EC%82%AC%EB%A1%80/%EC%A0%84%EA%B5%AD%EC%9C%A0%EC%A6%9D%EB%93%B1%EA%B8%B0%EB%B2%95%EB%AC%B4%EC%82%AC
/업무사례/전국상속부동산일괄등기,여러 지역에 흩어진 상속부동산 등기,전국 상속부동산 일괄등기｜여러 지역 … | 다옴법무사사무소,전국에 흩어진 상속부동산을 한 번에 정리하려면,case,여러 지역에 흩어진 상속부동산 등기,yes,https://xn--2j1br1na42lvxja38mk8r.kr/%EC%97%85%EB%AC%B4%EC%82%AC%EB%A1%80/%EC%A0%84%EA%B5%AD%EC%83%81%EC%86%8D%EB%B6%80%EB%8F%99%EC%82%B0%EC%9D%BC%EA%B4%84%EB%93%B1%EA%B8%B0
/업무사례/전국법인본점이전등기,전국 법인 본점이전등기,전국 법인 본점이전등기｜서울·경기·부… | 다옴법무사사무소,지역이 달라지는 법인 본점이전등기,case,전국 법인 본점이전등기,yes,https://xn--2j1br1na42lvxja38mk8r.kr/%EC%97%85%EB%AC%B4%EC%82%AC%EB%A1%80/%EC%A0%84%EA%B5%AD%EB%B2%95%EC%9D%B8%EB%B3%B8%EC%A0%90%EC%9D%B4%EC%A0%84%EB%93%B1%EA%B8%B0
/업무사례/전국공동근저당권등기,전국 공동근저당권등기,전국 공동근저당권등기｜여러 지역 부동… | 다옴법무사사무소,서로 다른 지역의 부동산을 공동담보로 제공하는 경우,case,전국 공동근저당권등기,yes,https://xn--2j1br1na42lvxja38mk8r.kr/%EC%97%85%EB%AC%B4%EC%82%AC%EB%A1%80/%EC%A0%84%EA%B5%AD%EA%B3%B5%EB%8F%99%EA%B7%BC%EC%A0%80%EB%8B%B9%EA%B6%8C%EB%93%B1%EA%B8%B0
/업무사례/전국비대면법무사,전국 비대면 법무사,전국 비대면 법무사｜방문 없이 가능한… | 다옴법무사사무소,부산까지 방문하지 않고 진행할 수 있는 법무사 업무,case,전국 비대면 법무사,yes,https://xn--2j1br1na42lvxja38mk8r.kr/%EC%97%85%EB%AC%B4%EC%82%AC%EB%A1%80/%EC%A0%84%EA%B5%AD%EB%B9%84%EB%8C%80%EB%A9%B4%EB%B2%95%EB%AC%B4%EC%82%AC
/업무사례/타지역법무사의뢰,타지역 법무사 의뢰,타지역 법무사 의뢰｜거리가 있어도 맡… | 다옴법무사사무소,거리가 있는 법무사에게 업무를 맡기기 전 확인할 사항,case,타지역 법무사 의뢰,yes,https://xn--2j1br1na42lvxja38mk8r.kr/%EC%97%85%EB%AC%B4%EC%82%AC%EB%A1%80/%ED%83%80%EC%A7%80%EC%97%AD%EB%B2%95%EB%AC%B4%EC%82%AC%EC%9D%98%EB%A2%B0
/업무사례/지역별상속등기법무사,지역별 상속등기 법무사,지역별 상속등기 법무사｜서울·경기·인… | 다옴법무사사무소,지역이 달라도 맡길 수 있는 전국 상속등기,case,지역별 상속등기 법무사,yes,https://xn--2j1br1na42lvxja38mk8r.kr/%EC%97%85%EB%AC%B4%EC%82%AC%EB%A1%80/%EC%A7%80%EC%97%AD%EB%B3%84%EC%83%81%EC%86%8D%EB%93%B1%EA%B8%B0%EB%B2%95%EB%AC%B4%EC%82%AC
/업무사례/서울상속등기법무사,서울 상속등기 법무사,서울 법무사 상속등기 알아볼 때｜타지… | 다옴법무사사무소,서울에 있는 상속부동산도 부산 법무사에게 맡길 수 있을까,case,서울 상속등기 법무사,yes,https://xn--2j1br1na42lvxja38mk8r.kr/%EC%97%85%EB%AC%B4%EC%82%AC%EB%A1%80/%EC%84%9C%EC%9A%B8%EC%83%81%EC%86%8D%EB%93%B1%EA%B8%B0%EB%B2%95%EB%AC%B4%EC%82%AC
/업무사례/경기상속등기법무사,경기 상속등기 법무사,경기 상속등기 법무사｜여러 시·군 부… | 다옴법무사사무소,경기도에 흩어진 상속부동산을 한 번에 정리하려면,case,경기 상속등기 법무사,yes,https://xn--2j1br1na42lvxja38mk8r.kr/%EC%97%85%EB%AC%B4%EC%82%AC%EB%A1%80/%EA%B2%BD%EA%B8%B0%EC%83%81%EC%86%8D%EB%93%B1%EA%B8%B0%EB%B2%95%EB%AC%B4%EC%82%AC
/업무사례/인천상속등기법무사,인천 상속등기 법무사,인천 상속등기 법무사｜송도·청라·영종… | 다옴법무사사무소,인천 상속부동산을 방문 없이 진행하는 방법,case,인천 상속등기 법무사,yes,https://xn--2j1br1na42lvxja38mk8r.kr/%EC%97%85%EB%AC%B4%EC%82%AC%EB%A1%80/%EC%9D%B8%EC%B2%9C%EC%83%81%EC%86%8D%EB%93%B1%EA%B8%B0%EB%B2%95%EB%AC%B4%EC%82%AC
/업무사례/경남상속등기법무사,경남 상속등기 법무사,경남 상속등기 법무사｜김해·양산·창원… | 다옴법무사사무소,경남에 있는 상속부동산도 부산 법무사에게 맡길 수 있습니다,case,경남 상속등기 법무사,yes,https://xn--2j1br1na42lvxja38mk8r.kr/%EC%97%85%EB%AC%B4%EC%82%AC%EB%A1%80/%EA%B2%BD%EB%82%A8%EC%83%81%EC%86%8D%EB%93%B1%EA%B8%B0%EB%B2%95%EB%AC%B4%EC%82%AC
/업무사례/울산상속등기법무사,울산 상속등기 법무사,울산 상속등기 법무사｜아파트·토지 비대면 상속등기 | 다옴법무사사무소,울산 상속부동산을 부산 방문 없이 맡기는 방법,case,울산 상속등기 법무사,yes,https://xn--2j1br1na42lvxja38mk8r.kr/%EC%97%85%EB%AC%B4%EC%82%AC%EB%A1%80/%EC%9A%B8%EC%82%B0%EC%83%81%EC%86%8D%EB%93%B1%EA%B8%B0%EB%B2%95%EB%AC%B4%EC%82%AC
/업무사례/대구상속등기법무사,대구 상속등기 법무사,대구 상속등기 법무사｜아파트·상가·토지 상속 절차 | 다옴법무사사무소,대구 부동산 상속등기 비용과 필요서류,case,대구 상속등기 법무사,yes,https://xn--2j1br1na42lvxja38mk8r.kr/%EC%97%85%EB%AC%B4%EC%82%AC%EB%A1%80/%EB%8C%80%EA%B5%AC%EC%83%81%EC%86%8D%EB%93%B1%EA%B8%B0%EB%B2%95%EB%AC%B4%EC%82%AC
/업무사례/대전상속등기법무사,대전 상속등기 법무사,대전 상속등기 법무사｜상속인이 다른 … | 다옴법무사사무소,대전 상속부동산을 비대면으로 정리하려면,case,대전 상속등기 법무사,yes,https://xn--2j1br1na42lvxja38mk8r.kr/%EC%97%85%EB%AC%B4%EC%82%AC%EB%A1%80/%EB%8C%80%EC%A0%84%EC%83%81%EC%86%8D%EB%93%B1%EA%B8%B0%EB%B2%95%EB%AC%B4%EC%82%AC
/업무사례/세종상속등기법무사,세종 상속등기 법무사,세종 상속등기 법무사｜아파트·상가 상… | 다옴법무사사무소,세종시 상속부동산을 방문 없이 진행하는 방법,case,세종 상속등기 법무사,yes,https://xn--2j1br1na42lvxja38mk8r.kr/%EC%97%85%EB%AC%B4%EC%82%AC%EB%A1%80/%EC%84%B8%EC%A2%85%EC%83%81%EC%86%8D%EB%93%B1%EA%B8%B0%EB%B2%95%EB%AC%B4%EC%82%AC
/업무사례/충남상속등기법무사,충남 상속등기 법무사,충남 상속등기 법무사｜천안·아산·당진… | 다옴법무사사무소,충남 여러 시·군의 상속부동산을 정리하려면,case,충남 상속등기 법무사,yes,https://xn--2j1br1na42lvxja38mk8r.kr/%EC%97%85%EB%AC%B4%EC%82%AC%EB%A1%80/%EC%B6%A9%EB%82%A8%EC%83%81%EC%86%8D%EB%93%B1%EA%B8%B0%EB%B2%95%EB%AC%B4%EC%82%AC
/업무사례/충북상속등기법무사,충북 상속등기 법무사,충북 상속등기 법무사｜청주·충주·제천 비대면 진행 | 다옴법무사사무소,충북 상속부동산의 등기 절차와 준비서류,case,충북 상속등기 법무사,yes,https://xn--2j1br1na42lvxja38mk8r.kr/%EC%97%85%EB%AC%B4%EC%82%AC%EB%A1%80/%EC%B6%A9%EB%B6%81%EC%83%81%EC%86%8D%EB%93%B1%EA%B8%B0%EB%B2%95%EB%AC%B4%EC%82%AC
/업무사례/광주상속등기법무사,광주 상속등기 법무사,광주 상속등기 법무사｜상속부동산 비용… | 다옴법무사사무소,광주광역시 상속등기를 비대면으로 맡기는 방법,case,광주 상속등기 법무사,yes,https://xn--2j1br1na42lvxja38mk8r.kr/%EC%97%85%EB%AC%B4%EC%82%AC%EB%A1%80/%EA%B4%91%EC%A3%BC%EC%83%81%EC%86%8D%EB%93%B1%EA%B8%B0%EB%B2%95%EB%AC%B4%EC%82%AC
/업무사례/전남상속등기법무사,전남 상속등기 법무사,전남 상속등기 법무사｜여수·순천·목포… | 다옴법무사사무소,전남 여러 지역의 상속부동산을 한 번에 정리하려면,case,전남 상속등기 법무사,yes,https://xn--2j1br1na42lvxja38mk8r.kr/%EC%97%85%EB%AC%B4%EC%82%AC%EB%A1%80/%EC%A0%84%EB%82%A8%EC%83%81%EC%86%8D%EB%93%B1%EA%B8%B0%EB%B2%95%EB%AC%B4%EC%82%AC
/업무사례/전북상속등기법무사,전북 상속등기 법무사,전북 상속등기 법무사｜전주·익산·군산… | 다옴법무사사무소,전북 상속부동산의 필요서류와 비용,case,전북 상속등기 법무사,yes,https://xn--2j1br1na42lvxja38mk8r.kr/%EC%97%85%EB%AC%B4%EC%82%AC%EB%A1%80/%EC%A0%84%EB%B6%81%EC%83%81%EC%86%8D%EB%93%B1%EA%B8%B0%EB%B2%95%EB%AC%B4%EC%82%AC
/업무사례/경북상속등기법무사,경북 상속등기 법무사,경북 상속등기 법무사｜포항·구미·경산… | 다옴법무사사무소,경북 아파트·토지 상속등기를 한 사무소에서 진행하려면,case,경북 상속등기 법무사,yes,https://xn--2j1br1na42lvxja38mk8r.kr/%EC%97%85%EB%AC%B4%EC%82%AC%EB%A1%80/%EA%B2%BD%EB%B6%81%EC%83%81%EC%86%8D%EB%93%B1%EA%B8%B0%EB%B2%95%EB%AC%B4%EC%82%AC
/업무사례/강원상속등기법무사,강원 상속등기 법무사,강원 상속등기 법무사｜원주·춘천·강릉… | 다옴법무사사무소,강원도 상속부동산을 비대면으로 정리하는 방법,case,강원 상속등기 법무사,yes,https://xn--2j1br1na42lvxja38mk8r.kr/%EC%97%85%EB%AC%B4%EC%82%AC%EB%A1%80/%EA%B0%95%EC%9B%90%EC%83%81%EC%86%8D%EB%93%B1%EA%B8%B0%EB%B2%95%EB%AC%B4%EC%82%AC
/업무사례/제주상속등기법무사,제주 상속등기 법무사,제주 상속등기 법무사｜육지에 살아도 … | 다옴법무사사무소,제주 상속부동산을 부산 법무사에게 맡기는 방법,case,제주 상속등기 법무사,yes,https://xn--2j1br1na42lvxja38mk8r.kr/%EC%97%85%EB%AC%B4%EC%82%AC%EB%A1%80/%EC%A0%9C%EC%A3%BC%EC%83%81%EC%86%8D%EB%93%B1%EA%B8%B0%EB%B2%95%EB%AC%B4%EC%82%AC
/업무사례/강남구상속등기법무사,강남구 상속등기 법무사,강남구 상속등기 법무사｜아파트·상가 … | 다옴법무사사무소,강남구 상속부동산을 부산 방문 없이 맡기는 방법,case,강남구 상속등기 법무사,yes,https://xn--2j1br1na42lvxja38mk8r.kr/%EC%97%85%EB%AC%B4%EC%82%AC%EB%A1%80/%EA%B0%95%EB%82%A8%EA%B5%AC%EC%83%81%EC%86%8D%EB%93%B1%EA%B8%B0%EB%B2%95%EB%AC%B4%EC%82%AC
/업무사례/서초구상속등기법무사,서초구 상속등기 법무사,서초구 상속등기 법무사｜상속인이 다른… | 다옴법무사사무소,서초구 상속등기 비용과 필요서류부터 확인하기,case,서초구 상속등기 법무사,yes,https://xn--2j1br1na42lvxja38mk8r.kr/%EC%97%85%EB%AC%B4%EC%82%AC%EB%A1%80/%EC%84%9C%EC%B4%88%EA%B5%AC%EC%83%81%EC%86%8D%EB%93%B1%EA%B8%B0%EB%B2%95%EB%AC%B4%EC%82%AC
/업무사례/송파구상속등기법무사,송파구 상속등기 법무사,송파구 아파트 상속등기｜비대면 서류 준비와 취득세 | 다옴법무사사무소,"송파구 부동산 상속등기, 관할 특례부터 검토하기",case,송파구 상속등기 법무사,yes,https://xn--2j1br1na42lvxja38mk8r.kr/%EC%97%85%EB%AC%B4%EC%82%AC%EB%A1%80/%EC%86%A1%ED%8C%8C%EA%B5%AC%EC%83%81%EC%86%8D%EB%93%B1%EA%B8%B0%EB%B2%95%EB%AC%B4%EC%82%AC
/업무사례/마포구상속등기법무사,마포구 상속등기 법무사,마포구 상속등기 법무사｜주택·상가 상… | 다옴법무사사무소,"마포구에 있는 아파트·토지, 어디서 상속등기를 받을까",case,마포구 상속등기 법무사,yes,https://xn--2j1br1na42lvxja38mk8r.kr/%EC%97%85%EB%AC%B4%EC%82%AC%EB%A1%80/%EB%A7%88%ED%8F%AC%EA%B5%AC%EC%83%81%EC%86%8D%EB%93%B1%EA%B8%B0%EB%B2%95%EB%AC%B4%EC%82%AC
/업무사례/용산구상속등기법무사,용산구 상속등기 법무사,용산구 상속부동산 등기｜여러 상속인의… | 다옴법무사사무소,용산구 상속인이 여러 지역에 살아도 진행 가능한가,case,용산구 상속등기 법무사,yes,https://xn--2j1br1na42lvxja38mk8r.kr/%EC%97%85%EB%AC%B4%EC%82%AC%EB%A1%80/%EC%9A%A9%EC%82%B0%EA%B5%AC%EC%83%81%EC%86%8D%EB%93%B1%EA%B8%B0%EB%B2%95%EB%AC%B4%EC%82%AC
/업무사례/영등포구상속등기법무사,영등포구 상속등기 법무사,영등포구 상속등기｜아파트·오피스텔 비대면 진행 | 다옴법무사사무소,영등포구 상속부동산을 부산 방문 없이 맡기는 방법,case,영등포구 상속등기 법무사,yes,https://xn--2j1br1na42lvxja38mk8r.kr/%EC%97%85%EB%AC%B4%EC%82%AC%EB%A1%80/%EC%98%81%EB%93%B1%ED%8F%AC%EA%B5%AC%EC%83%81%EC%86%8D%EB%93%B1%EA%B8%B0%EB%B2%95%EB%AC%B4%EC%82%AC
/업무사례/성동구상속등기법무사,성동구 상속등기 법무사,성동구 상속등기 법무사｜부동산이 여러 곳인 경우 | 다옴법무사사무소,성동구 상속등기 비용과 필요서류부터 확인하기,case,성동구 상속등기 법무사,yes,https://xn--2j1br1na42lvxja38mk8r.kr/%EC%97%85%EB%AC%B4%EC%82%AC%EB%A1%80/%EC%84%B1%EB%8F%99%EA%B5%AC%EC%83%81%EC%86%8D%EB%93%B1%EA%B8%B0%EB%B2%95%EB%AC%B4%EC%82%AC
/업무사례/강서구상속등기법무사,강서구 상속등기 법무사,서울 강서구 상속등기｜필요서류와 법무사 비용 안내 | 다옴법무사사무소,"강서구 부동산 상속등기, 관할 특례부터 검토하기",case,강서구 상속등기 법무사,yes,https://xn--2j1br1na42lvxja38mk8r.kr/%EC%97%85%EB%AC%B4%EC%82%AC%EB%A1%80/%EA%B0%95%EC%84%9C%EA%B5%AC%EC%83%81%EC%86%8D%EB%93%B1%EA%B8%B0%EB%B2%95%EB%AC%B4%EC%82%AC
/업무사례/노원구상속등기법무사,노원구 상속등기 법무사,노원구 아파트 상속등기｜상속재산분할협… | 다옴법무사사무소,"노원구에 있는 아파트·토지, 어디서 상속등기를 받을까",case,노원구 상속등기 법무사,yes,https://xn--2j1br1na42lvxja38mk8r.kr/%EC%97%85%EB%AC%B4%EC%82%AC%EB%A1%80/%EB%85%B8%EC%9B%90%EA%B5%AC%EC%83%81%EC%86%8D%EB%93%B1%EA%B8%B0%EB%B2%95%EB%AC%B4%EC%82%AC
/업무사례/은평구상속등기법무사,은평구 상속등기 법무사,은평구 상속등기 법무사｜방문 없이 진… | 다옴법무사사무소,은평구 상속인이 여러 지역에 살아도 진행 가능한가,case,은평구 상속등기 법무사,yes,https://xn--2j1br1na42lvxja38mk8r.kr/%EC%97%85%EB%AC%B4%EC%82%AC%EB%A1%80/%EC%9D%80%ED%8F%89%EA%B5%AC%EC%83%81%EC%86%8D%EB%93%B1%EA%B8%B0%EB%B2%95%EB%AC%B4%EC%82%AC
/업무사례/수원상속등기법무사,수원 상속등기 법무사,수원 상속등기 법무사｜아파트·토지 상… | 다옴법무사사무소,수원 상속부동산을 부산 방문 없이 맡기는 방법,case,수원 상속등기 법무사,yes,https://xn--2j1br1na42lvxja38mk8r.kr/%EC%97%85%EB%AC%B4%EC%82%AC%EB%A1%80/%EC%88%98%EC%9B%90%EC%83%81%EC%86%8D%EB%93%B1%EA%B8%B0%EB%B2%95%EB%AC%B4%EC%82%AC
/업무사례/성남상속등기법무사,성남 상속등기 법무사,성남 상속등기 법무사｜분당 아파트 비대면 상속등기 | 다옴법무사사무소,성남 상속등기 비용과 필요서류부터 확인하기,case,성남 상속등기 법무사,yes,https://xn--2j1br1na42lvxja38mk8r.kr/%EC%97%85%EB%AC%B4%EC%82%AC%EB%A1%80/%EC%84%B1%EB%82%A8%EC%83%81%EC%86%8D%EB%93%B1%EA%B8%B0%EB%B2%95%EB%AC%B4%EC%82%AC
/업무사례/분당상속등기법무사,분당 상속등기 법무사,분당 상속등기 법무사｜아파트 상속인이… | 다옴법무사사무소,"분당 부동산 상속등기, 관할 특례부터 검토하기",case,분당 상속등기 법무사,yes,https://xn--2j1br1na42lvxja38mk8r.kr/%EC%97%85%EB%AC%B4%EC%82%AC%EB%A1%80/%EB%B6%84%EB%8B%B9%EC%83%81%EC%86%8D%EB%93%B1%EA%B8%B0%EB%B2%95%EB%AC%B4%EC%82%AC
/업무사례/용인상속등기법무사,용인 상속등기 법무사,용인 상속부동산 등기｜아파트와 토지를… | 다옴법무사사무소,"용인에 있는 아파트·토지, 어디서 상속등기를 받을까",case,용인 상속등기 법무사,yes,https://xn--2j1br1na42lvxja38mk8r.kr/%EC%97%85%EB%AC%B4%EC%82%AC%EB%A1%80/%EC%9A%A9%EC%9D%B8%EC%83%81%EC%86%8D%EB%93%B1%EA%B8%B0%EB%B2%95%EB%AC%B4%EC%82%AC
/업무사례/고양상속등기법무사,고양 상속등기 법무사,고양 상속등기 법무사｜일산 부동산 방문 없이 진행 | 다옴법무사사무소,고양 상속인이 여러 지역에 살아도 진행 가능한가,case,고양 상속등기 법무사,yes,https://xn--2j1br1na42lvxja38mk8r.kr/%EC%97%85%EB%AC%B4%EC%82%AC%EB%A1%80/%EA%B3%A0%EC%96%91%EC%83%81%EC%86%8D%EB%93%B1%EA%B8%B0%EB%B2%95%EB%AC%B4%EC%82%AC
/업무사례/일산상속등기법무사,일산 상속등기 법무사,일산 상속등기｜아파트·상가 필요서류와 비용 | 다옴법무사사무소,일산 상속부동산을 부산 방문 없이 맡기는 방법,case,일산 상속등기 법무사,yes,https://xn--2j1br1na42lvxja38mk8r.kr/%EC%97%85%EB%AC%B4%EC%82%AC%EB%A1%80/%EC%9D%BC%EC%82%B0%EC%83%81%EC%86%8D%EB%93%B1%EA%B8%B0%EB%B2%95%EB%AC%B4%EC%82%AC
/업무사례/화성상속등기법무사,화성 상속등기 법무사,화성 상속등기 법무사｜동탄 아파트와 … | 다옴법무사사무소,화성 상속등기 비용과 필요서류부터 확인하기,case,화성 상속등기 법무사,yes,https://xn--2j1br1na42lvxja38mk8r.kr/%EC%97%85%EB%AC%B4%EC%82%AC%EB%A1%80/%ED%99%94%EC%84%B1%EC%83%81%EC%86%8D%EB%93%B1%EA%B8%B0%EB%B2%95%EB%AC%B4%EC%82%AC
/업무사례/동탄상속등기법무사,동탄 상속등기 법무사,동탄 아파트 상속등기｜상속인이 타지역… | 다옴법무사사무소,"동탄 부동산 상속등기, 관할 특례부터 검토하기",case,동탄 상속등기 법무사,yes,https://xn--2j1br1na42lvxja38mk8r.kr/%EC%97%85%EB%AC%B4%EC%82%AC%EB%A1%80/%EB%8F%99%ED%83%84%EC%83%81%EC%86%8D%EB%93%B1%EA%B8%B0%EB%B2%95%EB%AC%B4%EC%82%AC
/업무사례/부천상속등기법무사,부천 상속등기 법무사,부천 상속등기 법무사｜상속재산분할과 취득세 안내 | 다옴법무사사무소,"부천에 있는 아파트·토지, 어디서 상속등기를 받을까",case,부천 상속등기 법무사,yes,https://xn--2j1br1na42lvxja38mk8r.kr/%EC%97%85%EB%AC%B4%EC%82%AC%EB%A1%80/%EB%B6%80%EC%B2%9C%EC%83%81%EC%86%8D%EB%93%B1%EA%B8%B0%EB%B2%95%EB%AC%B4%EC%82%AC
/업무사례/안양상속등기법무사,안양 상속등기 법무사,안양 상속등기｜비대면 진행 절차와 법무사 비용 | 다옴법무사사무소,안양 상속인이 여러 지역에 살아도 진행 가능한가,case,안양 상속등기 법무사,yes,https://xn--2j1br1na42lvxja38mk8r.kr/%EC%97%85%EB%AC%B4%EC%82%AC%EB%A1%80/%EC%95%88%EC%96%91%EC%83%81%EC%86%8D%EB%93%B1%EA%B8%B0%EB%B2%95%EB%AC%B4%EC%82%AC
/업무사례/안산상속등기법무사,안산 상속등기 법무사,안산 상속부동산 등기｜아파트·토지 한 번에 정리 | 다옴법무사사무소,안산 상속부동산을 부산 방문 없이 맡기는 방법,case,안산 상속등기 법무사,yes,https://xn--2j1br1na42lvxja38mk8r.kr/%EC%97%85%EB%AC%B4%EC%82%AC%EB%A1%80/%EC%95%88%EC%82%B0%EC%83%81%EC%86%8D%EB%93%B1%EA%B8%B0%EB%B2%95%EB%AC%B4%EC%82%AC
/업무사례/평택상속등기법무사,평택 상속등기 법무사,평택 상속등기 법무사｜토지와 주택 상속 필요서류 | 다옴법무사사무소,평택 상속등기 비용과 필요서류부터 확인하기,case,평택 상속등기 법무사,yes,https://xn--2j1br1na42lvxja38mk8r.kr/%EC%97%85%EB%AC%B4%EC%82%AC%EB%A1%80/%ED%8F%89%ED%83%9D%EC%83%81%EC%86%8D%EB%93%B1%EA%B8%B0%EB%B2%95%EB%AC%B4%EC%82%AC
/업무사례/김포상속등기법무사,김포 상속등기 법무사,김포 상속등기｜서울 거주 상속인의 비… | 다옴법무사사무소,"김포 부동산 상속등기, 관할 특례부터 검토하기",case,김포 상속등기 법무사,yes,https://xn--2j1br1na42lvxja38mk8r.kr/%EC%97%85%EB%AC%B4%EC%82%AC%EB%A1%80/%EA%B9%80%ED%8F%AC%EC%83%81%EC%86%8D%EB%93%B1%EA%B8%B0%EB%B2%95%EB%AC%B4%EC%82%AC
/업무사례/남양주상속등기법무사,남양주 상속등기 법무사,남양주 상속등기 법무사｜여러 필지 토지 상속 절차 | 다옴법무사사무소,"남양주에 있는 아파트·토지, 어디서 상속등기를 받을까",case,남양주 상속등기 법무사,yes,https://xn--2j1br1na42lvxja38mk8r.kr/%EC%97%85%EB%AC%B4%EC%82%AC%EB%A1%80/%EB%82%A8%EC%96%91%EC%A3%BC%EC%83%81%EC%86%8D%EB%93%B1%EA%B8%B0%EB%B2%95%EB%AC%B4%EC%82%AC
/업무사례/하남상속등기법무사,하남 상속등기 법무사,하남 아파트 상속등기｜비용·서류·처리기간 안내 | 다옴법무사사무소,하남 상속인이 여러 지역에 살아도 진행 가능한가,case,하남 상속등기 법무사,yes,https://xn--2j1br1na42lvxja38mk8r.kr/%EC%97%85%EB%AC%B4%EC%82%AC%EB%A1%80/%ED%95%98%EB%82%A8%EC%83%81%EC%86%8D%EB%93%B1%EA%B8%B0%EB%B2%95%EB%AC%B4%EC%82%AC
/업무사례/파주상속등기법무사,파주 상속등기 법무사,파주 상속부동산 등기｜토지와 주택이 … | 다옴법무사사무소,파주 상속부동산을 부산 방문 없이 맡기는 방법,case,파주 상속등기 법무사,yes,https://xn--2j1br1na42lvxja38mk8r.kr/%EC%97%85%EB%AC%B4%EC%82%AC%EB%A1%80/%ED%8C%8C%EC%A3%BC%EC%83%81%EC%86%8D%EB%93%B1%EA%B8%B0%EB%B2%95%EB%AC%B4%EC%82%AC
/업무사례/의정부상속등기법무사,의정부 상속등기 법무사,의정부 상속등기 법무사｜상속인이 전국… | 다옴법무사사무소,의정부 상속등기 비용과 필요서류부터 확인하기,case,의정부 상속등기 법무사,yes,https://xn--2j1br1na42lvxja38mk8r.kr/%EC%97%85%EB%AC%B4%EC%82%AC%EB%A1%80/%EC%9D%98%EC%A0%95%EB%B6%80%EC%83%81%EC%86%8D%EB%93%B1%EA%B8%B0%EB%B2%95%EB%AC%B4%EC%82%AC
/업무사례/광명상속등기법무사,광명 상속등기 법무사,광명 상속등기｜아파트 상속과 협의분할 진행 방법 | 다옴법무사사무소,"광명 부동산 상속등기, 관할 특례부터 검토하기",case,광명 상속등기 법무사,yes,https://xn--2j1br1na42lvxja38mk8r.kr/%EC%97%85%EB%AC%B4%EC%82%AC%EB%A1%80/%EA%B4%91%EB%AA%85%EC%83%81%EC%86%8D%EB%93%B1%EA%B8%B0%EB%B2%95%EB%AC%B4%EC%82%AC
/업무사례/송도상속등기법무사,송도 상속등기 법무사,송도 상속등기 법무사｜아파트·오피스텔 비대면 진행 | 다옴법무사사무소,"송도에 있는 아파트·토지, 어디서 상속등기를 받을까",case,송도 상속등기 법무사,yes,https://xn--2j1br1na42lvxja38mk8r.kr/%EC%97%85%EB%AC%B4%EC%82%AC%EB%A1%80/%EC%86%A1%EB%8F%84%EC%83%81%EC%86%8D%EB%93%B1%EA%B8%B0%EB%B2%95%EB%AC%B4%EC%82%AC
/업무사례/청라상속등기법무사,청라 상속등기 법무사,청라 상속등기｜아파트 상속 필요서류와 비용 | 다옴법무사사무소,청라 상속인이 여러 지역에 살아도 진행 가능한가,case,청라 상속등기 법무사,yes,https://xn--2j1br1na42lvxja38mk8r.kr/%EC%97%85%EB%AC%B4%EC%82%AC%EB%A1%80/%EC%B2%AD%EB%9D%BC%EC%83%81%EC%86%8D%EB%93%B1%EA%B8%B0%EB%B2%95%EB%AC%B4%EC%82%AC
/업무사례/부평구상속등기법무사,부평구 상속등기 법무사,부평구 상속등기 법무사｜상속인이 타지… | 다옴법무사사무소,부평구 상속부동산을 부산 방문 없이 맡기는 방법,case,부평구 상속등기 법무사,yes,https://xn--2j1br1na42lvxja38mk8r.kr/%EC%97%85%EB%AC%B4%EC%82%AC%EB%A1%80/%EB%B6%80%ED%8F%89%EA%B5%AC%EC%83%81%EC%86%8D%EB%93%B1%EA%B8%B0%EB%B2%95%EB%AC%B4%EC%82%AC
/업무사례/남동구상속등기법무사,남동구 상속등기 법무사,인천 남동구 상속등기｜아파트·상가 상속 절차 | 다옴법무사사무소,남동구 상속등기 비용과 필요서류부터 확인하기,case,남동구 상속등기 법무사,yes,https://xn--2j1br1na42lvxja38mk8r.kr/%EC%97%85%EB%AC%B4%EC%82%AC%EB%A1%80/%EB%82%A8%EB%8F%99%EA%B5%AC%EC%83%81%EC%86%8D%EB%93%B1%EA%B8%B0%EB%B2%95%EB%AC%B4%EC%82%AC
/업무사례/영종도상속등기법무사,영종도 상속등기 법무사,영종도 상속부동산 등기｜육지 거주 상… | 다옴법무사사무소,"영종도 부동산 상속등기, 관할 특례부터 검토하기",case,영종도 상속등기 법무사,yes,https://xn--2j1br1na42lvxja38mk8r.kr/%EC%97%85%EB%AC%B4%EC%82%AC%EB%A1%80/%EC%98%81%EC%A2%85%EB%8F%84%EC%83%81%EC%86%8D%EB%93%B1%EA%B8%B0%EB%B2%95%EB%AC%B4%EC%82%AC
/업무사례/강화도상속등기법무사,강화도 상속등기 법무사,강화도 토지 상속등기｜여러 필지와 공동상속 정리 | 다옴법무사사무소,"강화도에 있는 아파트·토지, 어디서 상속등기를 받을까",case,강화도 상속등기 법무사,yes,https://xn--2j1br1na42lvxja38mk8r.kr/%EC%97%85%EB%AC%B4%EC%82%AC%EB%A1%80/%EA%B0%95%ED%99%94%EB%8F%84%EC%83%81%EC%86%8D%EB%93%B1%EA%B8%B0%EB%B2%95%EB%AC%B4%EC%82%AC
/업무사례/창원상속등기법무사,창원 상속등기 법무사,창원 상속등기 법무사｜의창·성산·마산… | 다옴법무사사무소,창원 5개 구의 상속부동산을 한 번에 정리하려면,case,창원 상속등기 법무사,yes,https://xn--2j1br1na42lvxja38mk8r.kr/%EC%97%85%EB%AC%B4%EC%82%AC%EB%A1%80/%EC%B0%BD%EC%9B%90%EC%83%81%EC%86%8D%EB%93%B1%EA%B8%B0%EB%B2%95%EB%AC%B4%EC%82%AC
/업무사례/김해상속등기법무사,김해 상속등기 법무사,김해 상속등기 법무사｜장유·율하·진영… | 다옴법무사사무소,김해 상속부동산을 부산 법무사에게 맡기는 방법,case,김해 상속등기 법무사,yes,https://xn--2j1br1na42lvxja38mk8r.kr/%EC%97%85%EB%AC%B4%EC%82%AC%EB%A1%80/%EA%B9%80%ED%95%B4%EC%83%81%EC%86%8D%EB%93%B1%EA%B8%B0%EB%B2%95%EB%AC%B4%EC%82%AC
/업무사례/양산상속등기법무사,양산 상속등기 법무사,양산 상속등기 법무사｜물금·증산·사송… | 다옴법무사사무소,양산 상속등기를 부산에서 방문 또는 비대면으로 진행하려면,case,양산 상속등기 법무사,yes,https://xn--2j1br1na42lvxja38mk8r.kr/%EC%97%85%EB%AC%B4%EC%82%AC%EB%A1%80/%EC%96%91%EC%82%B0%EC%83%81%EC%86%8D%EB%93%B1%EA%B8%B0%EB%B2%95%EB%AC%B4%EC%82%AC
/업무사례/진주상속등기법무사,진주 상속등기 법무사,진주 상속등기｜상속인이 다른 지역에 … | 다옴법무사사무소,"진주 부동산 상속등기, 관할 특례부터 검토하기",case,진주 상속등기 법무사,yes,https://xn--2j1br1na42lvxja38mk8r.kr/%EC%97%85%EB%AC%B4%EC%82%AC%EB%A1%80/%EC%A7%84%EC%A3%BC%EC%83%81%EC%86%8D%EB%93%B1%EA%B8%B0%EB%B2%95%EB%AC%B4%EC%82%AC
/업무사례/거제상속등기법무사,거제 상속등기 법무사,거제 상속부동산 등기｜아파트·토지 필요서류와 비용 | 다옴법무사사무소,"거제에 있는 아파트·토지, 어디서 상속등기를 받을까",case,거제 상속등기 법무사,yes,https://xn--2j1br1na42lvxja38mk8r.kr/%EC%97%85%EB%AC%B4%EC%82%AC%EB%A1%80/%EA%B1%B0%EC%A0%9C%EC%83%81%EC%86%8D%EB%93%B1%EA%B8%B0%EB%B2%95%EB%AC%B4%EC%82%AC
/업무사례/울산남구상속등기법무사,울산남구 상속등기 법무사,울산 남구 상속등기｜아파트·상가 비대면 진행 | 다옴법무사사무소,울산남구 상속인이 여러 지역에 살아도 진행 가능한가,case,울산남구 상속등기 법무사,yes,https://xn--2j1br1na42lvxja38mk8r.kr/%EC%97%85%EB%AC%B4%EC%82%AC%EB%A1%80/%EC%9A%B8%EC%82%B0%EB%82%A8%EA%B5%AC%EC%83%81%EC%86%8D%EB%93%B1%EA%B8%B0%EB%B2%95%EB%AC%B4%EC%82%AC
/업무사례/울주군상속등기법무사,울주군 상속등기 법무사,울주군 토지 상속등기｜농지·임야·주택 상속 절차 | 다옴법무사사무소,울주군 상속부동산을 부산 방문 없이 맡기는 방법,case,울주군 상속등기 법무사,yes,https://xn--2j1br1na42lvxja38mk8r.kr/%EC%97%85%EB%AC%B4%EC%82%AC%EB%A1%80/%EC%9A%B8%EC%A3%BC%EA%B5%B0%EC%83%81%EC%86%8D%EB%93%B1%EA%B8%B0%EB%B2%95%EB%AC%B4%EC%82%AC
/업무사례/대구수성구상속등기법무사,대구수성구 상속등기 법무사,대구 수성구 상속등기 법무사｜아파트 … | 다옴법무사사무소,대구수성구 상속등기 비용과 필요서류부터 확인하기,case,대구수성구 상속등기 법무사,yes,https://xn--2j1br1na42lvxja38mk8r.kr/%EC%97%85%EB%AC%B4%EC%82%AC%EB%A1%80/%EB%8C%80%EA%B5%AC%EC%88%98%EC%84%B1%EA%B5%AC%EC%83%81%EC%86%8D%EB%93%B1%EA%B8%B0%EB%B2%95%EB%AC%B4%EC%82%AC
/업무사례/대구달서구상속등기법무사,대구달서구 상속등기 법무사,대구 달서구 상속등기｜상속재산분할과 취득세 안내 | 다옴법무사사무소,"대구달서구 부동산 상속등기, 관할 특례부터 검토하기",case,대구달서구 상속등기 법무사,yes,https://xn--2j1br1na42lvxja38mk8r.kr/%EC%97%85%EB%AC%B4%EC%82%AC%EB%A1%80/%EB%8C%80%EA%B5%AC%EB%8B%AC%EC%84%9C%EA%B5%AC%EC%83%81%EC%86%8D%EB%93%B1%EA%B8%B0%EB%B2%95%EB%AC%B4%EC%82%AC
/업무사례/포항상속등기법무사,포항 상속등기 법무사,포항 상속등기 법무사｜아파트·토지 한 번에 정리 | 다옴법무사사무소,"포항에 있는 아파트·토지, 어디서 상속등기를 받을까",case,포항 상속등기 법무사,yes,https://xn--2j1br1na42lvxja38mk8r.kr/%EC%97%85%EB%AC%B4%EC%82%AC%EB%A1%80/%ED%8F%AC%ED%95%AD%EC%83%81%EC%86%8D%EB%93%B1%EA%B8%B0%EB%B2%95%EB%AC%B4%EC%82%AC
/업무사례/구미상속등기법무사,구미 상속등기 법무사,구미 상속등기｜상속인이 타지역에 살아… | 다옴법무사사무소,구미 상속인이 여러 지역에 살아도 진행 가능한가,case,구미 상속등기 법무사,yes,https://xn--2j1br1na42lvxja38mk8r.kr/%EC%97%85%EB%AC%B4%EC%82%AC%EB%A1%80/%EA%B5%AC%EB%AF%B8%EC%83%81%EC%86%8D%EB%93%B1%EA%B8%B0%EB%B2%95%EB%AC%B4%EC%82%AC
/업무사례/경산상속등기법무사,경산 상속등기 법무사,경산 상속부동산 등기｜대구 거주 상속… | 다옴법무사사무소,경산 상속부동산을 부산 방문 없이 맡기는 방법,case,경산 상속등기 법무사,yes,https://xn--2j1br1na42lvxja38mk8r.kr/%EC%97%85%EB%AC%B4%EC%82%AC%EB%A1%80/%EA%B2%BD%EC%82%B0%EC%83%81%EC%86%8D%EB%93%B1%EA%B8%B0%EB%B2%95%EB%AC%B4%EC%82%AC
/업무사례/경주상속등기법무사,경주 상속등기 법무사,경주 토지·주택 상속등기｜필요서류와 비용 안내 | 다옴법무사사무소,경주 상속등기 비용과 필요서류부터 확인하기,case,경주 상속등기 법무사,yes,https://xn--2j1br1na42lvxja38mk8r.kr/%EC%97%85%EB%AC%B4%EC%82%AC%EB%A1%80/%EA%B2%BD%EC%A3%BC%EC%83%81%EC%86%8D%EB%93%B1%EA%B8%B0%EB%B2%95%EB%AC%B4%EC%82%AC
/업무사례/대전유성구상속등기법무사,대전유성구 상속등기 법무사,대전 유성구 상속등기｜아파트·상가 비대면 진행 | 다옴법무사사무소,"대전유성구 부동산 상속등기, 관할 특례부터 검토하기",case,대전유성구 상속등기 법무사,yes,https://xn--2j1br1na42lvxja38mk8r.kr/%EC%97%85%EB%AC%B4%EC%82%AC%EB%A1%80/%EB%8C%80%EC%A0%84%EC%9C%A0%EC%84%B1%EA%B5%AC%EC%83%81%EC%86%8D%EB%93%B1%EA%B8%B0%EB%B2%95%EB%AC%B4%EC%82%AC
/업무사례/천안상속등기법무사,천안 상속등기 법무사,천안 상속등기 법무사｜아파트와 토지 상속 절차 | 다옴법무사사무소,"천안에 있는 아파트·토지, 어디서 상속등기를 받을까",case,천안 상속등기 법무사,yes,https://xn--2j1br1na42lvxja38mk8r.kr/%EC%97%85%EB%AC%B4%EC%82%AC%EB%A1%80/%EC%B2%9C%EC%95%88%EC%83%81%EC%86%8D%EB%93%B1%EA%B8%B0%EB%B2%95%EB%AC%B4%EC%82%AC
/업무사례/아산상속등기법무사,아산 상속등기 법무사,아산 상속등기｜상속인이 다른 지역에 사는 경우 | 다옴법무사사무소,아산 상속인이 여러 지역에 살아도 진행 가능한가,case,아산 상속등기 법무사,yes,https://xn--2j1br1na42lvxja38mk8r.kr/%EC%97%85%EB%AC%B4%EC%82%AC%EB%A1%80/%EC%95%84%EC%82%B0%EC%83%81%EC%86%8D%EB%93%B1%EA%B8%B0%EB%B2%95%EB%AC%B4%EC%82%AC
/업무사례/청주상속등기법무사,청주 상속등기 법무사,청주 상속등기 법무사｜부동산 상속 비… | 다옴법무사사무소,청주 상속부동산을 부산 방문 없이 맡기는 방법,case,청주 상속등기 법무사,yes,https://xn--2j1br1na42lvxja38mk8r.kr/%EC%97%85%EB%AC%B4%EC%82%AC%EB%A1%80/%EC%B2%AD%EC%A3%BC%EC%83%81%EC%86%8D%EB%93%B1%EA%B8%B0%EB%B2%95%EB%AC%B4%EC%82%AC
/업무사례/충주상속등기법무사,충주 상속등기 법무사,충주 상속부동산 등기｜토지와 주택 일괄 검토 | 다옴법무사사무소,충주 상속등기 비용과 필요서류부터 확인하기,case,충주 상속등기 법무사,yes,https://xn--2j1br1na42lvxja38mk8r.kr/%EC%97%85%EB%AC%B4%EC%82%AC%EB%A1%80/%EC%B6%A9%EC%A3%BC%EC%83%81%EC%86%8D%EB%93%B1%EA%B8%B0%EB%B2%95%EB%AC%B4%EC%82%AC
/업무사례/전주상속등기법무사,전주 상속등기 법무사,전주 상속등기 법무사｜아파트·토지 비대면 진행 | 다옴법무사사무소,"전주 부동산 상속등기, 관할 특례부터 검토하기",case,전주 상속등기 법무사,yes,https://xn--2j1br1na42lvxja38mk8r.kr/%EC%97%85%EB%AC%B4%EC%82%AC%EB%A1%80/%EC%A0%84%EC%A3%BC%EC%83%81%EC%86%8D%EB%93%B1%EA%B8%B0%EB%B2%95%EB%AC%B4%EC%82%AC
/업무사례/익산상속등기법무사,익산 상속등기 법무사,익산 상속등기｜상속인이 전국에 흩어진 경우 | 다옴법무사사무소,"익산에 있는 아파트·토지, 어디서 상속등기를 받을까",case,익산 상속등기 법무사,yes,https://xn--2j1br1na42lvxja38mk8r.kr/%EC%97%85%EB%AC%B4%EC%82%AC%EB%A1%80/%EC%9D%B5%EC%82%B0%EC%83%81%EC%86%8D%EB%93%B1%EA%B8%B0%EB%B2%95%EB%AC%B4%EC%82%AC
/업무사례/군산상속등기법무사,군산 상속등기 법무사,군산 상속부동산 등기｜주택·상가·토지 상속 절차 | 다옴법무사사무소,군산 상속인이 여러 지역에 살아도 진행 가능한가,case,군산 상속등기 법무사,yes,https://xn--2j1br1na42lvxja38mk8r.kr/%EC%97%85%EB%AC%B4%EC%82%AC%EB%A1%80/%EA%B5%B0%EC%82%B0%EC%83%81%EC%86%8D%EB%93%B1%EA%B8%B0%EB%B2%95%EB%AC%B4%EC%82%AC
/업무사례/순천상속등기법무사,순천 상속등기 법무사,순천 상속등기 법무사｜아파트와 토지 일괄 진행 | 다옴법무사사무소,순천 상속부동산을 부산 방문 없이 맡기는 방법,case,순천 상속등기 법무사,yes,https://xn--2j1br1na42lvxja38mk8r.kr/%EC%97%85%EB%AC%B4%EC%82%AC%EB%A1%80/%EC%88%9C%EC%B2%9C%EC%83%81%EC%86%8D%EB%93%B1%EA%B8%B0%EB%B2%95%EB%AC%B4%EC%82%AC
/업무사례/여수상속등기법무사,여수 상속등기 법무사,여수 상속등기｜상속인이 타지역에 살아… | 다옴법무사사무소,여수 상속등기 비용과 필요서류부터 확인하기,case,여수 상속등기 법무사,yes,https://xn--2j1br1na42lvxja38mk8r.kr/%EC%97%85%EB%AC%B4%EC%82%AC%EB%A1%80/%EC%97%AC%EC%88%98%EC%83%81%EC%86%8D%EB%93%B1%EA%B8%B0%EB%B2%95%EB%AC%B4%EC%82%AC
/업무사례/목포상속등기법무사,목포 상속등기 법무사,목포 상속부동산 등기｜필요서류와 법무사 비용 | 다옴법무사사무소,"목포 부동산 상속등기, 관할 특례부터 검토하기",case,목포 상속등기 법무사,yes,https://xn--2j1br1na42lvxja38mk8r.kr/%EC%97%85%EB%AC%B4%EC%82%AC%EB%A1%80/%EB%AA%A9%ED%8F%AC%EC%83%81%EC%86%8D%EB%93%B1%EA%B8%B0%EB%B2%95%EB%AC%B4%EC%82%AC
/업무사례/원주상속등기법무사,원주 상속등기 법무사,원주 상속등기 법무사｜아파트·토지 비대면 진행 | 다옴법무사사무소,"원주에 있는 아파트·토지, 어디서 상속등기를 받을까",case,원주 상속등기 법무사,yes,https://xn--2j1br1na42lvxja38mk8r.kr/%EC%97%85%EB%AC%B4%EC%82%AC%EB%A1%80/%EC%9B%90%EC%A3%BC%EC%83%81%EC%86%8D%EB%93%B1%EA%B8%B0%EB%B2%95%EB%AC%B4%EC%82%AC
/업무사례/춘천상속등기법무사,춘천 상속등기 법무사,춘천 상속등기｜상속인이 수도권에 거주하는 경우 | 다옴법무사사무소,춘천 상속인이 여러 지역에 살아도 진행 가능한가,case,춘천 상속등기 법무사,yes,https://xn--2j1br1na42lvxja38mk8r.kr/%EC%97%85%EB%AC%B4%EC%82%AC%EB%A1%80/%EC%B6%98%EC%B2%9C%EC%83%81%EC%86%8D%EB%93%B1%EA%B8%B0%EB%B2%95%EB%AC%B4%EC%82%AC
/업무사례/강릉상속등기법무사,강릉 상속등기 법무사,강릉 상속부동산 등기｜주택·토지 상속 절차와 비용 | 다옴법무사사무소,강릉 상속부동산을 부산 방문 없이 맡기는 방법,case,강릉 상속등기 법무사,yes,https://xn--2j1br1na42lvxja38mk8r.kr/%EC%97%85%EB%AC%B4%EC%82%AC%EB%A1%80/%EA%B0%95%EB%A6%89%EC%83%81%EC%86%8D%EB%93%B1%EA%B8%B0%EB%B2%95%EB%AC%B4%EC%82%AC
/업무사례/제주시상속등기법무사,제주시 상속등기 법무사,제주시 상속등기 법무사｜육지 거주 상… | 다옴법무사사무소,제주시 상속등기 비용과 필요서류부터 확인하기,case,제주시 상속등기 법무사,yes,https://xn--2j1br1na42lvxja38mk8r.kr/%EC%97%85%EB%AC%B4%EC%82%AC%EB%A1%80/%EC%A0%9C%EC%A3%BC%EC%8B%9C%EC%83%81%EC%86%8D%EB%93%B1%EA%B8%B0%EB%B2%95%EB%AC%B4%EC%82%AC
/업무사례/서귀포상속등기법무사,서귀포 상속등기 법무사,서귀포 상속부동산 등기｜토지·주택 상속 필요서류 | 다옴법무사사무소,"서귀포 부동산 상속등기, 관할 특례부터 검토하기",case,서귀포 상속등기 법무사,yes,https://xn--2j1br1na42lvxja38mk8r.kr/%EC%97%85%EB%AC%B4%EC%82%AC%EB%A1%80/%EC%84%9C%EA%B7%80%ED%8F%AC%EC%83%81%EC%86%8D%EB%93%B1%EA%B8%B0%EB%B2%95%EB%AC%B4%EC%82%AC
/업무사례/시흥상속등기법무사,시흥 상속등기 법무사,시흥 상속등기｜배곧 아파트와 정왕 공… | 다옴법무사사무소,"시흥 배곧·정왕, 아파트와 공장이 섞인 상속을 정리하는 순서",case,시흥 상속등기 법무사,yes,https://xn--2j1br1na42lvxja38mk8r.kr/%EC%97%85%EB%AC%B4%EC%82%AC%EB%A1%80/%EC%8B%9C%ED%9D%A5%EC%83%81%EC%86%8D%EB%93%B1%EA%B8%B0%EB%B2%95%EB%AC%B4%EC%82%AC
/업무사례/경기광주상속등기법무사,경기 광주 상속등기 법무사,경기도 광주 상속등기｜광주광역시와 헷… | 다옴법무사사무소,"경기도 광주시 상속부동산, 광주광역시와 다른 절차인가요",case,경기 광주 상속등기 법무사,yes,https://xn--2j1br1na42lvxja38mk8r.kr/%EC%97%85%EB%AC%B4%EC%82%AC%EB%A1%80/%EA%B2%BD%EA%B8%B0%EA%B4%91%EC%A3%BC%EC%83%81%EC%86%8D%EB%93%B1%EA%B8%B0%EB%B2%95%EB%AC%B4%EC%82%AC
/업무사례/판교상속등기법무사,판교 상속등기 법무사,판교 상속등기｜테크노밸리 오피스와 아… | 다옴법무사사무소,"판교 아파트와 오피스, 두 가지 부동산을 한 번에 정리하려면",case,판교 상속등기 법무사,yes,https://xn--2j1br1na42lvxja38mk8r.kr/%EC%97%85%EB%AC%B4%EC%82%AC%EB%A1%80/%ED%8C%90%EA%B5%90%EC%83%81%EC%86%8D%EB%93%B1%EA%B8%B0%EB%B2%95%EB%AC%B4%EC%82%AC
/업무사례/광교상속등기법무사,광교 상속등기 법무사,광교 상속등기｜수원과 용인에 걸친 생… | 다옴법무사사무소,광교 신도시가 수원·용인에 걸쳐 있어도 진행 절차는 같을까,case,광교 상속등기 법무사,yes,https://xn--2j1br1na42lvxja38mk8r.kr/%EC%97%85%EB%AC%B4%EC%82%AC%EB%A1%80/%EA%B4%91%EA%B5%90%EC%83%81%EC%86%8D%EB%93%B1%EA%B8%B0%EB%B2%95%EB%AC%B4%EC%82%AC
/업무사례/이천상속등기법무사,이천 상속등기 법무사,이천 상속등기｜물류창고·공장 부지 상… | 다옴법무사사무소,이천 물류센터와 농지가 함께 상속됐다면 무엇부터 볼까,case,이천 상속등기 법무사,yes,https://xn--2j1br1na42lvxja38mk8r.kr/%EC%97%85%EB%AC%B4%EC%82%AC%EB%A1%80/%EC%9D%B4%EC%B2%9C%EC%83%81%EC%86%8D%EB%93%B1%EA%B8%B0%EB%B2%95%EB%AC%B4%EC%82%AC
/업무사례/구리상속등기법무사,구리 상속등기 법무사,구리 상속등기｜서울과 붙어 있는 소형… | 다옴법무사사무소,"구리 소형 주택·다세대 상속, 서울 상속등기와 무엇이 다를까",case,구리 상속등기 법무사,yes,https://xn--2j1br1na42lvxja38mk8r.kr/%EC%97%85%EB%AC%B4%EC%82%AC%EB%A1%80/%EA%B5%AC%EB%A6%AC%EC%83%81%EC%86%8D%EB%93%B1%EA%B8%B0%EB%B2%95%EB%AC%B4%EC%82%AC
/업무사례/양주상속등기법무사,양주 상속등기 법무사,양주 상속등기｜옥정 신도시 아파트와 … | 다옴법무사사무소,"양주 옥정·회천 아파트와 외곽 농지, 서류가 왜 다를까",case,양주 상속등기 법무사,yes,https://xn--2j1br1na42lvxja38mk8r.kr/%EC%97%85%EB%AC%B4%EC%82%AC%EB%A1%80/%EC%96%91%EC%A3%BC%EC%83%81%EC%86%8D%EB%93%B1%EA%B8%B0%EB%B2%95%EB%AC%B4%EC%82%AC
/업무사례/강동구상속등기법무사,강동구 상속등기 법무사,강동구 상속등기｜고덕·강일 대단지 입… | 다옴법무사사무소,"강동구 고덕·강일 신축 대단지, 입주 시기별로 다른 확인사항",case,강동구 상속등기 법무사,yes,https://xn--2j1br1na42lvxja38mk8r.kr/%EC%97%85%EB%AC%B4%EC%82%AC%EB%A1%80/%EA%B0%95%EB%8F%99%EA%B5%AC%EC%83%81%EC%86%8D%EB%93%B1%EA%B8%B0%EB%B2%95%EB%AC%B4%EC%82%AC
/업무사례/관악구상속등기법무사,관악구 빌라 상속등기,관악구 빌라 상속등기｜다세대 공동상속… | 다옴법무사사무소,"관악구 다세대·빌라, 공동상속인이 많을 때 협의 순서",case,관악구 빌라 상속등기,yes,https://xn--2j1br1na42lvxja38mk8r.kr/%EC%97%85%EB%AC%B4%EC%82%AC%EB%A1%80/%EA%B4%80%EC%95%85%EA%B5%AC%EC%83%81%EC%86%8D%EB%93%B1%EA%B8%B0%EB%B2%95%EB%AC%B4%EC%82%AC
/업무사례/구로구상속등기법무사,구로구 상속등기법무사,구로구 상속등기법무사｜공단 인근 건물… | 다옴법무사사무소,"구로 공단 건물과 주거용 아파트, 상속 시 확인이 다른가요",case,구로구 상속등기법무사,yes,https://xn--2j1br1na42lvxja38mk8r.kr/%EC%97%85%EB%AC%B4%EC%82%AC%EB%A1%80/%EA%B5%AC%EB%A1%9C%EA%B5%AC%EC%83%81%EC%86%8D%EB%93%B1%EA%B8%B0%EB%B2%95%EB%AC%B4%EC%82%AC
/업무사례/대전서구상속등기법무사,대전 서구 상속등기,대전 서구 상속등기｜둔산 상권과 유성… | 다옴법무사사무소,"대전 서구 둔산 아파트·상가, 유성구와는 어떻게 다른가",case,대전 서구 상속등기,yes,https://xn--2j1br1na42lvxja38mk8r.kr/%EC%97%85%EB%AC%B4%EC%82%AC%EB%A1%80/%EB%8C%80%EC%A0%84%EC%84%9C%EA%B5%AC%EC%83%81%EC%86%8D%EB%93%B1%EA%B8%B0%EB%B2%95%EB%AC%B4%EC%82%AC
/업무사례/당진상속등기법무사,당진 상속등기 법무사,당진 상속등기｜산업단지·항만 부동산 … | 다옴법무사사무소,"당진 공장·항만 부지 상속, 등기부 확인부터 다른 이유",case,당진 상속등기 법무사,yes,https://xn--2j1br1na42lvxja38mk8r.kr/%EC%97%85%EB%AC%B4%EC%82%AC%EB%A1%80/%EB%8B%B9%EC%A7%84%EC%83%81%EC%86%8D%EB%93%B1%EA%B8%B0%EB%B2%95%EB%AC%B4%EC%82%AC
/업무사례/제천상속등기법무사,제천 상속등기 법무사,제천 상속등기｜전원주택과 임야가 함께 있는 경우 | 다옴법무사사무소,"제천 전원주택·임야 상속, 지목별로 준비할 서류가 다릅니다",case,제천 상속등기 법무사,yes,https://xn--2j1br1na42lvxja38mk8r.kr/%EC%97%85%EB%AC%B4%EC%82%AC%EB%A1%80/%EC%A0%9C%EC%B2%9C%EC%83%81%EC%86%8D%EB%93%B1%EA%B8%B0%EB%B2%95%EB%AC%B4%EC%82%AC
/업무사례/속초상속등기법무사,속초 비대면 상속등기,속초 비대면 상속등기｜별장·펜션 상속… | 다옴법무사사무소,속초 별장·펜션을 수도권 상속인이 방문 없이 정리하는 방법,case,속초 비대면 상속등기,yes,https://xn--2j1br1na42lvxja38mk8r.kr/%EC%97%85%EB%AC%B4%EC%82%AC%EB%A1%80/%EC%86%8D%EC%B4%88%EC%83%81%EC%86%8D%EB%93%B1%EA%B8%B0%EB%B2%95%EB%AC%B4%EC%82%AC
/업무사례/광양상속등기법무사,광양 상속등기 법무사,광양 상속등기｜제철·공단 부동산과 여… | 다옴법무사사무소,"광양 제철·공단 부지 상속, 여수·순천과 무엇이 다른가요",case,광양 상속등기 법무사,yes,https://xn--2j1br1na42lvxja38mk8r.kr/%EC%97%85%EB%AC%B4%EC%82%AC%EB%A1%80/%EA%B4%91%EC%96%91%EC%83%81%EC%86%8D%EB%93%B1%EA%B8%B0%EB%B2%95%EB%AC%B4%EC%82%AC
/업무사례/군포상속등기법무사,군포 상속등기 법무사,군포 상속등기｜산본 대단지 아파트와 … | 다옴법무사사무소,"군포·산본 아파트와 다가구, 상속등기를 한 번에 정리하는 순서",case,군포 상속등기 법무사,yes,https://xn--2j1br1na42lvxja38mk8r.kr/%EC%97%85%EB%AC%B4%EC%82%AC%EB%A1%80/%EA%B5%B0%ED%8F%AC%EC%83%81%EC%86%8D%EB%93%B1%EA%B8%B0%EB%B2%95%EB%AC%B4%EC%82%AC
/업무사례/의왕과천상속등기법무사,의왕 과천 상속등기 법무사,의왕·과천 상속등기｜인덕원 생활권 경… | 다옴법무사사무소,"의왕·과천·인덕원, 생활권은 한데인데 등기 관할은 다를까",case,의왕 과천 상속등기 법무사,yes,https://xn--2j1br1na42lvxja38mk8r.kr/%EC%97%85%EB%AC%B4%EC%82%AC%EB%A1%80/%EC%9D%98%EC%99%95%EA%B3%BC%EC%B2%9C%EC%83%81%EC%86%8D%EB%93%B1%EA%B8%B0%EB%B2%95%EB%AC%B4%EC%82%AC
/업무사례/오산안성상속등기법무사,오산 안성 상속등기 법무사,오산·안성 상속등기｜신도시 아파트와 … | 다옴법무사사무소,"오산 아파트와 안성 농지, 한 상속으로 묶였다면 무엇부터",case,오산 안성 상속등기 법무사,yes,https://xn--2j1br1na42lvxja38mk8r.kr/%EC%97%85%EB%AC%B4%EC%82%AC%EB%A1%80/%EC%98%A4%EC%82%B0%EC%95%88%EC%84%B1%EC%83%81%EC%86%8D%EB%93%B1%EA%B8%B0%EB%B2%95%EB%AC%B4%EC%82%AC
/업무사례/여주양평상속등기법무사,여주 양평 상속등기 법무사,여주·양평 상속등기｜전원주택·농지·임… | 다옴법무사사무소,"여주·양평 전원주택과 농지, 원격 상속인이 정리하는 법",case,여주 양평 상속등기 법무사,yes,https://xn--2j1br1na42lvxja38mk8r.kr/%EC%97%85%EB%AC%B4%EC%82%AC%EB%A1%80/%EC%97%AC%EC%A3%BC%EC%96%91%ED%8F%89%EC%83%81%EC%86%8D%EB%93%B1%EA%B8%B0%EB%B2%95%EB%AC%B4%EC%82%AC
/업무사례/포천동두천상속등기법무사,포천 동두천 상속등기 법무사,포천·동두천 상속등기｜북부 농지와 소… | 다옴법무사사무소,"포천 농지와 동두천 주택, 북부 경기 상속등기 정리 순서",case,포천 동두천 상속등기 법무사,yes,https://xn--2j1br1na42lvxja38mk8r.kr/%EC%97%85%EB%AC%B4%EC%82%AC%EB%A1%80/%ED%8F%AC%EC%B2%9C%EB%8F%99%EB%91%90%EC%B2%9C%EC%83%81%EC%86%8D%EB%93%B1%EA%B8%B0%EB%B2%95%EB%AC%B4%EC%82%AC
/업무사례/가평상속등기법무사,가평 상속등기 법무사,가평 상속등기｜펜션·임야·전원주택을 … | 다옴법무사사무소,"가평 펜션과 임야 상속, 타지역 상속인이 확인할 서류",case,가평 상속등기 법무사,yes,https://xn--2j1br1na42lvxja38mk8r.kr/%EC%97%85%EB%AC%B4%EC%82%AC%EB%A1%80/%EA%B0%80%ED%8F%89%EC%83%81%EC%86%8D%EB%93%B1%EA%B8%B0%EB%B2%95%EB%AC%B4%EC%82%AC
/업무사례/서산보령상속등기법무사,서산 보령 상속등기 법무사,서산·보령 상속등기｜서해안 아파트·상… | 다옴법무사사무소,"서산·보령 서해안 부동산 상속, 원격으로 서류 맞추는 법",case,서산 보령 상속등기 법무사,yes,https://xn--2j1br1na42lvxja38mk8r.kr/%EC%97%85%EB%AC%B4%EC%82%AC%EB%A1%80/%EC%84%9C%EC%82%B0%EB%B3%B4%EB%A0%B9%EC%83%81%EC%86%8D%EB%93%B1%EA%B8%B0%EB%B2%95%EB%AC%B4%EC%82%AC
/업무사례/공주상속등기법무사,공주 상속등기 법무사,공주 상속등기｜구도심 주택과 외곽 농… | 다옴법무사사무소,"공주 구도심 주택과 외곽 농지, 상속등기 서류가 다른 이유",case,공주 상속등기 법무사,yes,https://xn--2j1br1na42lvxja38mk8r.kr/%EC%97%85%EB%AC%B4%EC%82%AC%EB%A1%80/%EA%B3%B5%EC%A3%BC%EC%83%81%EC%86%8D%EB%93%B1%EA%B8%B0%EB%B2%95%EB%AC%B4%EC%82%AC
/업무사례/나주정읍상속등기법무사,나주 정읍 상속등기 법무사,나주·정읍 상속등기｜혁신도시 아파트와… | 다옴법무사사무소,"나주·정읍 호남 부동산 상속, 원격 상속인이 맞출 서류",case,나주 정읍 상속등기 법무사,yes,https://xn--2j1br1na42lvxja38mk8r.kr/%EC%97%85%EB%AC%B4%EC%82%AC%EB%A1%80/%EB%82%98%EC%A3%BC%EC%A0%95%EC%9D%8D%EC%83%81%EC%86%8D%EB%93%B1%EA%B8%B0%EB%B2%95%EB%AC%B4%EC%82%AC
/업무사례/남원상속등기법무사,남원 상속등기 법무사,남원 상속등기｜시내 주택과 지리산 인… | 다옴법무사사무소,"남원 시내 주택과 외곽 농지, 타지역 상속등기 진행 순서",case,남원 상속등기 법무사,yes,https://xn--2j1br1na42lvxja38mk8r.kr/%EC%97%85%EB%AC%B4%EC%82%AC%EB%A1%80/%EB%82%A8%EC%9B%90%EC%83%81%EC%86%8D%EB%93%B1%EA%B8%B0%EB%B2%95%EB%AC%B4%EC%82%AC
/업무사례/동해삼척상속등기법무사,동해 삼척 상속등기 법무사,동해·삼척 상속등기｜동해안 아파트·주… | 다옴법무사사무소,"동해·삼척 동해안 부동산 상속, 원격으로 정리하는 순서",case,동해 삼척 상속등기 법무사,yes,https://xn--2j1br1na42lvxja38mk8r.kr/%EC%97%85%EB%AC%B4%EC%82%AC%EB%A1%80/%EB%8F%99%ED%95%B4%EC%82%BC%EC%B2%99%EC%83%81%EC%86%8D%EB%93%B1%EA%B8%B0%EB%B2%95%EB%AC%B4%EC%82%AC
/업무사례/홍천상속등기법무사,홍천 상속등기 법무사,홍천 상속등기｜농지·임야·전원주택을 … | 다옴법무사사무소,"홍천 농지와 임야 상속, 타지역에서 서류를 맞추는 법",case,홍천 상속등기 법무사,yes,https://xn--2j1br1na42lvxja38mk8r.kr/%EC%97%85%EB%AC%B4%EC%82%AC%EB%A1%80/%ED%99%8D%EC%B2%9C%EC%83%81%EC%86%8D%EB%93%B1%EA%B8%B0%EB%B2%95%EB%AC%B4%EC%82%AC
/업무사례/경남법무사업무,경남 법무사 업무,경남 법무사 업무 안내｜김해·양산·창… | 다옴법무사사무소,김해·양산·창원 등 경남에서도 맡길 수 있는 법무사 업무,case,경남 법무사 업무,yes,https://xn--2j1br1na42lvxja38mk8r.kr/%EC%97%85%EB%AC%B4%EC%82%AC%EB%A1%80/%EA%B2%BD%EB%82%A8%EB%B2%95%EB%AC%B4%EC%82%AC%EC%97%85%EB%AC%B4
/업무사례/장유상속등기법무사,장유 상속등기 법무사,장유 상속등기 법무사｜아파트·상가 비대면 상담 | 다옴법무사사무소,김해 장유 아파트·상가 상속등기를 어디에 맡길까,case,장유 상속등기 법무사,yes,https://xn--2j1br1na42lvxja38mk8r.kr/%EC%97%85%EB%AC%B4%EC%82%AC%EB%A1%80/%EC%9E%A5%EC%9C%A0%EC%83%81%EC%86%8D%EB%93%B1%EA%B8%B0%EB%B2%95%EB%AC%B4%EC%82%AC
/업무사례/율하상속등기법무사,율하 상속등기,김해 율하 상속등기｜아파트 상속 비용과 필요서류 | 다옴법무사사무소,김해 율하 아파트 상속등기 비용과 필요서류,case,율하 상속등기,yes,https://xn--2j1br1na42lvxja38mk8r.kr/%EC%97%85%EB%AC%B4%EC%82%AC%EB%A1%80/%EC%9C%A8%ED%95%98%EC%83%81%EC%86%8D%EB%93%B1%EA%B8%B0%EB%B2%95%EB%AC%B4%EC%82%AC
/업무사례/물금상속등기법무사,물금 상속등기 법무사,양산 물금 상속등기 법무사｜아파트 상속 비용·서류 | 다옴법무사사무소,양산 물금 아파트 상속등기 비용과 서류 정리,case,물금 상속등기 법무사,yes,https://xn--2j1br1na42lvxja38mk8r.kr/%EC%97%85%EB%AC%B4%EC%82%AC%EB%A1%80/%EB%AC%BC%EA%B8%88%EC%83%81%EC%86%8D%EB%93%B1%EA%B8%B0%EB%B2%95%EB%AC%B4%EC%82%AC
/업무사례/증산상속등기법무사,증산 상속등기,양산 증산 상속등기｜신도시 아파트 비대면 진행 | 다옴법무사사무소,양산 증산 신도시 아파트 상속등기 절차,case,증산 상속등기,yes,https://xn--2j1br1na42lvxja38mk8r.kr/%EC%97%85%EB%AC%B4%EC%82%AC%EB%A1%80/%EC%A6%9D%EC%82%B0%EC%83%81%EC%86%8D%EB%93%B1%EA%B8%B0%EB%B2%95%EB%AC%B4%EC%82%AC
/업무사례/사송상속등기법무사,사송 상속등기,양산 사송 상속등기｜신축 아파트 상속 절차와 비용 | 다옴법무사사무소,양산 사송 신축 아파트 상속등기 절차와 비용,case,사송 상속등기,yes,https://xn--2j1br1na42lvxja38mk8r.kr/%EC%97%85%EB%AC%B4%EC%82%AC%EB%A1%80/%EC%82%AC%EC%86%A1%EC%83%81%EC%86%8D%EB%93%B1%EA%B8%B0%EB%B2%95%EB%AC%B4%EC%82%AC
/업무사례/창원의창구상속등기법무사,창원 의창구 상속등기,창원 의창구 상속등기｜북면·동읍·팔용 부동산 상담 | 다옴법무사사무소,창원 의창구·북면·동읍·팔용 부동산 상속등기,case,창원 의창구 상속등기,yes,https://xn--2j1br1na42lvxja38mk8r.kr/%EC%97%85%EB%AC%B4%EC%82%AC%EB%A1%80/%EC%B0%BD%EC%9B%90%EC%9D%98%EC%B0%BD%EA%B5%AC%EC%83%81%EC%86%8D%EB%93%B1%EA%B8%B0%EB%B2%95%EB%AC%B4%EC%82%AC
/업무사례/창원성산구상속등기법무사,창원 성산구 상속등기,창원 성산구 상속등기｜상남·용호·사파 아파트 상속 | 다옴법무사사무소,창원 성산구 상남·용호·사파 아파트 상속등기,case,창원 성산구 상속등기,yes,https://xn--2j1br1na42lvxja38mk8r.kr/%EC%97%85%EB%AC%B4%EC%82%AC%EB%A1%80/%EC%B0%BD%EC%9B%90%EC%84%B1%EC%82%B0%EA%B5%AC%EC%83%81%EC%86%8D%EB%93%B1%EA%B8%B0%EB%B2%95%EB%AC%B4%EC%82%AC
/업무사례/마산합포구상속등기법무사,마산합포구 상속등기,마산합포구 상속등기｜월영·현동·진동 주택과 토지 | 다옴법무사사무소,마산합포구 월영·현동·진동 주택·토지 상속등기,case,마산합포구 상속등기,yes,https://xn--2j1br1na42lvxja38mk8r.kr/%EC%97%85%EB%AC%B4%EC%82%AC%EB%A1%80/%EB%A7%88%EC%82%B0%ED%95%A9%ED%8F%AC%EA%B5%AC%EC%83%81%EC%86%8D%EB%93%B1%EA%B8%B0%EB%B2%95%EB%AC%B4%EC%82%AC
/업무사례/마산회원구상속등기법무사,마산회원구 상속등기,마산회원구 상속등기｜양덕·합성·내서 부동산 정리 | 다옴법무사사무소,마산회원구 양덕·합성·내서 부동산 상속 정리,case,마산회원구 상속등기,yes,https://xn--2j1br1na42lvxja38mk8r.kr/%EC%97%85%EB%AC%B4%EC%82%AC%EB%A1%80/%EB%A7%88%EC%82%B0%ED%9A%8C%EC%9B%90%EA%B5%AC%EC%83%81%EC%86%8D%EB%93%B1%EA%B8%B0%EB%B2%95%EB%AC%B4%EC%82%AC
/업무사례/진해구상속등기법무사,진해구 상속등기 법무사,진해구 상속등기 법무사｜석동·용원·웅… | 다옴법무사사무소,진해구 석동·용원·웅천 부동산 상속등기 상담,case,진해구 상속등기 법무사,yes,https://xn--2j1br1na42lvxja38mk8r.kr/%EC%97%85%EB%AC%B4%EC%82%AC%EB%A1%80/%EC%A7%84%ED%95%B4%EA%B5%AC%EC%83%81%EC%86%8D%EB%93%B1%EA%B8%B0%EB%B2%95%EB%AC%B4%EC%82%AC
/업무사례/경남상속등기비용,경남 상속등기 비용,경남 상속등기 비용｜법무사 보수·취득세·채권 구분 | 다옴법무사사무소,경남 상속등기 비용 — 보수·취득세·채권 구분,case,경남 상속등기 비용,yes,https://xn--2j1br1na42lvxja38mk8r.kr/%EC%97%85%EB%AC%B4%EC%82%AC%EB%A1%80/%EA%B2%BD%EB%82%A8%EC%83%81%EC%86%8D%EB%93%B1%EA%B8%B0%EB%B9%84%EC%9A%A9
/업무사례/김해상속등기비용,김해 상속등기 비용,김해 상속등기 비용｜취득세·채권·법무사 보수 구분 | 다옴법무사사무소,김해 상속등기 비용 — 취득세·채권·보수,case,김해 상속등기 비용,yes,https://xn--2j1br1na42lvxja38mk8r.kr/%EC%97%85%EB%AC%B4%EC%82%AC%EB%A1%80/%EA%B9%80%ED%95%B4%EC%83%81%EC%86%8D%EB%93%B1%EA%B8%B0%EB%B9%84%EC%9A%A9
/업무사례/양산상속등기비용,양산 상속등기 비용,양산 상속등기 비용｜법무사 보수와 공과금 안내 | 다옴법무사사무소,양산 상속등기 비용 — 보수와 공과금,case,양산 상속등기 비용,yes,https://xn--2j1br1na42lvxja38mk8r.kr/%EC%97%85%EB%AC%B4%EC%82%AC%EB%A1%80/%EC%96%91%EC%82%B0%EC%83%81%EC%86%8D%EB%93%B1%EA%B8%B0%EB%B9%84%EC%9A%A9
/업무사례/창원상속등기비용,창원 상속등기 비용,창원 상속등기 비용｜5개 구 부동산 … | 다옴법무사사무소,창원 5개 구 상속등기 비용 항목 정리,case,창원 상속등기 비용,yes,https://xn--2j1br1na42lvxja38mk8r.kr/%EC%97%85%EB%AC%B4%EC%82%AC%EB%A1%80/%EC%B0%BD%EC%9B%90%EC%83%81%EC%86%8D%EB%93%B1%EA%B8%B0%EB%B9%84%EC%9A%A9
/업무사례/김해상속등기필요서류,김해 상속등기 필요서류,김해 상속등기 필요서류｜상속인별 준비자료 정리 | 다옴법무사사무소,김해 상속등기 필요서류 — 상속인별 준비,case,김해 상속등기 필요서류,yes,https://xn--2j1br1na42lvxja38mk8r.kr/%EC%97%85%EB%AC%B4%EC%82%AC%EB%A1%80/%EA%B9%80%ED%95%B4%EC%83%81%EC%86%8D%EB%93%B1%EA%B8%B0%ED%95%84%EC%9A%94%EC%84%9C%EB%A5%98
/업무사례/양산상속등기필요서류,양산 상속등기 필요서류,양산 상속등기 필요서류｜협의분할과 법정지분 비교 | 다옴법무사사무소,양산 상속등기 필요서류 — 협의분할 vs 법정지분,case,양산 상속등기 필요서류,yes,https://xn--2j1br1na42lvxja38mk8r.kr/%EC%97%85%EB%AC%B4%EC%82%AC%EB%A1%80/%EC%96%91%EC%82%B0%EC%83%81%EC%86%8D%EB%93%B1%EA%B8%B0%ED%95%84%EC%9A%94%EC%84%9C%EB%A5%98
/업무사례/창원상속등기필요서류,창원 상속등기 필요서류,창원 상속등기 필요서류｜상속인이 여러 명인 경우 | 다옴법무사사무소,창원 상속등기 필요서류 — 상속인이 여러 명일 때,case,창원 상속등기 필요서류,yes,https://xn--2j1br1na42lvxja38mk8r.kr/%EC%97%85%EB%AC%B4%EC%82%AC%EB%A1%80/%EC%B0%BD%EC%9B%90%EC%83%81%EC%86%8D%EB%93%B1%EA%B8%B0%ED%95%84%EC%9A%94%EC%84%9C%EB%A5%98
/업무사례/부산거주김해부동산상속,부산 거주 김해 부동산 상속,부산 거주자의 김해 부동산 상속등기｜… | 다옴법무사사무소,부산에 사는데 김해 부동산만 상속받는 경우,case,부산 거주 김해 부동산 상속,yes,https://xn--2j1br1na42lvxja38mk8r.kr/%EC%97%85%EB%AC%B4%EC%82%AC%EB%A1%80/%EB%B6%80%EC%82%B0%EA%B1%B0%EC%A3%BC%EA%B9%80%ED%95%B4%EB%B6%80%EB%8F%99%EC%82%B0%EC%83%81%EC%86%8D
/업무사례/김해거주부산부동산상속,김해 거주 부산 부동산 상속,김해 거주자의 부산 상속부동산｜부산 … | 다옴법무사사무소,김해에 사는데 부산 부동산만 상속받는 경우,case,김해 거주 부산 부동산 상속,yes,https://xn--2j1br1na42lvxja38mk8r.kr/%EC%97%85%EB%AC%B4%EC%82%AC%EB%A1%80/%EA%B9%80%ED%95%B4%EA%B1%B0%EC%A3%BC%EB%B6%80%EC%82%B0%EB%B6%80%EB%8F%99%EC%82%B0%EC%83%81%EC%86%8D
/업무사례/부산거주양산부동산상속,부산 거주 양산 부동산 상속,부산 거주자의 양산 부동산 상속등기｜… | 다옴법무사사무소,부산에 사는데 양산 부동산만 상속받을 때,case,부산 거주 양산 부동산 상속,yes,https://xn--2j1br1na42lvxja38mk8r.kr/%EC%97%85%EB%AC%B4%EC%82%AC%EB%A1%80/%EB%B6%80%EC%82%B0%EA%B1%B0%EC%A3%BC%EC%96%91%EC%82%B0%EB%B6%80%EB%8F%99%EC%82%B0%EC%83%81%EC%86%8D
/업무사례/양산거주부산부동산상속,양산 거주 부산 부동산 상속,양산 거주자의 부산 상속부동산｜가까운… | 다옴법무사사무소,양산에 사는데 부산 부동산만 상속받는 경우,case,양산 거주 부산 부동산 상속,yes,https://xn--2j1br1na42lvxja38mk8r.kr/%EC%97%85%EB%AC%B4%EC%82%AC%EB%A1%80/%EC%96%91%EC%82%B0%EA%B1%B0%EC%A3%BC%EB%B6%80%EC%82%B0%EB%B6%80%EB%8F%99%EC%82%B0%EC%83%81%EC%86%8D
/업무사례/경남오래된상속등기,경남 오래된 상속등기,경남 오래된 상속등기｜수십 년 전 부… | 다옴법무사사무소,경남에서 수십 년 전 부모·조부모 명의 부동산 상속등기,case,경남 오래된 상속등기,yes,https://xn--2j1br1na42lvxja38mk8r.kr/%EC%97%85%EB%AC%B4%EC%82%AC%EB%A1%80/%EA%B2%BD%EB%82%A8%EC%98%A4%EB%9E%98%EB%90%9C%EC%83%81%EC%86%8D%EB%93%B1%EA%B8%B0
/업무사례/경남조부모명의토지상속,경남 조부모 명의 토지 상속,경남 조부모 명의 토지 상속등기｜부모… | 다옴법무사사무소,경남 조부모 명의 토지 — 부모님도 돌아가신 경우,case,경남 조부모 명의 토지 상속,yes,https://xn--2j1br1na42lvxja38mk8r.kr/%EC%97%85%EB%AC%B4%EC%82%AC%EB%A1%80/%EA%B2%BD%EB%82%A8%EC%A1%B0%EB%B6%80%EB%AA%A8%EB%AA%85%EC%9D%98%ED%86%A0%EC%A7%80%EC%83%81%EC%86%8D
/업무사례/경남여러필지토지상속,경남 여러 필지 토지 상속,경남 여러 필지 토지 상속등기｜부동산… | 다옴법무사사무소,경남 여러 필지 토지 상속 — 누락 없이 정리하기,case,경남 여러 필지 토지 상속,yes,https://xn--2j1br1na42lvxja38mk8r.kr/%EC%97%85%EB%AC%B4%EC%82%AC%EB%A1%80/%EA%B2%BD%EB%82%A8%EC%97%AC%EB%9F%AC%ED%95%84%EC%A7%80%ED%86%A0%EC%A7%80%EC%83%81%EC%86%8D
/업무사례/경남유증등기법무사,경남 유증등기 법무사,경남 유증등기 법무사｜유언공정증서에 … | 다옴법무사사무소,경남 부동산 유증등기 — 유언공정증서에 따른 이전,case,경남 유증등기 법무사,yes,https://xn--2j1br1na42lvxja38mk8r.kr/%EC%97%85%EB%AC%B4%EC%82%AC%EB%A1%80/%EA%B2%BD%EB%82%A8%EC%9C%A0%EC%A6%9D%EB%93%B1%EA%B8%B0%EB%B2%95%EB%AC%B4%EC%82%AC
/업무사례/경남법인등기법무사,경남 법인등기 법무사,경남 법인등기 법무사｜김해·양산·창원… | 다옴법무사사무소,경남 김해·양산·창원 기업 법인등기 상담,case,경남 법인등기 법무사,yes,https://xn--2j1br1na42lvxja38mk8r.kr/%EC%97%85%EB%AC%B4%EC%82%AC%EB%A1%80/%EA%B2%BD%EB%82%A8%EB%B2%95%EC%9D%B8%EB%93%B1%EA%B8%B0%EB%B2%95%EB%AC%B4%EC%82%AC
/업무사례/김해법인등기법무사,김해 법인등기 법무사,김해 법인등기 법무사｜설립·임원변경·본점이전 | 다옴법무사사무소,김해 법인 설립·임원변경·본점이전 등기,case,김해 법인등기 법무사,yes,https://xn--2j1br1na42lvxja38mk8r.kr/%EC%97%85%EB%AC%B4%EC%82%AC%EB%A1%80/%EA%B9%80%ED%95%B4%EB%B2%95%EC%9D%B8%EB%93%B1%EA%B8%B0%EB%B2%95%EB%AC%B4%EC%82%AC
/업무사례/양산법인등기법무사,양산 법인등기 법무사,양산 법인등기 법무사｜설립부터 임원·… | 다옴법무사사무소,"양산 법인의 설립과 변경등기, 놓치기 쉬운 사항",case,양산 법인등기 법무사,yes,https://xn--2j1br1na42lvxja38mk8r.kr/%EC%97%85%EB%AC%B4%EC%82%AC%EB%A1%80/%EC%96%91%EC%82%B0%EB%B2%95%EC%9D%B8%EB%93%B1%EA%B8%B0%EB%B2%95%EB%AC%B4%EC%82%AC
/업무사례/창원법인등기법무사,창원 법인등기 법무사,창원 법인등기 법무사｜기업 임원·목적·본점 변경 | 다옴법무사사무소,창원 기업 임원·목적·본점 변경 등기,case,창원 법인등기 법무사,yes,https://xn--2j1br1na42lvxja38mk8r.kr/%EC%97%85%EB%AC%B4%EC%82%AC%EB%A1%80/%EC%B0%BD%EC%9B%90%EB%B2%95%EC%9D%B8%EB%93%B1%EA%B8%B0%EB%B2%95%EB%AC%B4%EC%82%AC
/업무사례/김해에서부산법인본점이전,김해에서 부산 법인 본점이전,김해에서 부산 법인 본점이전｜등기·세무 절차 안내 | 다옴법무사사무소,김해 본점 법인을 부산으로 옮기는 등기,case,김해에서 부산 법인 본점이전,yes,https://xn--2j1br1na42lvxja38mk8r.kr/%EC%97%85%EB%AC%B4%EC%82%AC%EB%A1%80/%EA%B9%80%ED%95%B4%EC%97%90%EC%84%9C%EB%B6%80%EC%82%B0%EB%B2%95%EC%9D%B8%EB%B3%B8%EC%A0%90%EC%9D%B4%EC%A0%84
/업무사례/부산에서김해법인본점이전,부산에서 김해 법인 본점이전,부산에서 김해 법인 본점이전｜등기소·… | 다옴법무사사무소,부산 본점 법인을 김해로 옮기는 등기,case,부산에서 김해 법인 본점이전,yes,https://xn--2j1br1na42lvxja38mk8r.kr/%EC%97%85%EB%AC%B4%EC%82%AC%EB%A1%80/%EB%B6%80%EC%82%B0%EC%97%90%EC%84%9C%EA%B9%80%ED%95%B4%EB%B2%95%EC%9D%B8%EB%B3%B8%EC%A0%90%EC%9D%B4%EC%A0%84
/업무사례/양산에서부산법인본점이전,양산에서 부산 법인 본점이전,양산에서 부산 법인 본점이전｜관할 등… | 다옴법무사사무소,양산 본점 법인을 부산으로 옮기는 절차,case,양산에서 부산 법인 본점이전,yes,https://xn--2j1br1na42lvxja38mk8r.kr/%EC%97%85%EB%AC%B4%EC%82%AC%EB%A1%80/%EC%96%91%EC%82%B0%EC%97%90%EC%84%9C%EB%B6%80%EC%82%B0%EB%B2%95%EC%9D%B8%EB%B3%B8%EC%A0%90%EC%9D%B4%EC%A0%84
/업무사례/부산에서양산법인본점이전,부산에서 양산 법인 본점이전,부산에서 양산 법인 본점이전｜세무·등기 순서 안내 | 다옴법무사사무소,부산 본점 법인을 양산으로 옮기는 등기,case,부산에서 양산 법인 본점이전,yes,https://xn--2j1br1na42lvxja38mk8r.kr/%EC%97%85%EB%AC%B4%EC%82%AC%EB%A1%80/%EB%B6%80%EC%82%B0%EC%97%90%EC%84%9C%EC%96%91%EC%82%B0%EB%B2%95%EC%9D%B8%EB%B3%B8%EC%A0%90%EC%9D%B4%EC%A0%84
/업무사례/창원에서부산법인본점이전,창원에서 부산 법인 본점이전,창원에서 부산 법인 본점이전｜등기·세무 관할 변경 | 다옴법무사사무소,창원 본점 법인을 부산으로 옮기는 등기,case,창원에서 부산 법인 본점이전,yes,https://xn--2j1br1na42lvxja38mk8r.kr/%EC%97%85%EB%AC%B4%EC%82%AC%EB%A1%80/%EC%B0%BD%EC%9B%90%EC%97%90%EC%84%9C%EB%B6%80%EC%82%B0%EB%B2%95%EC%9D%B8%EB%B3%B8%EC%A0%90%EC%9D%B4%EC%A0%84
/업무사례/부산에서창원법인본점이전,부산에서 창원 법인 본점이전,부산에서 창원 법인 본점이전｜관할 등… | 다옴법무사사무소,부산 본점 법인을 창원으로 옮기는 등기,case,부산에서 창원 법인 본점이전,yes,https://xn--2j1br1na42lvxja38mk8r.kr/%EC%97%85%EB%AC%B4%EC%82%AC%EB%A1%80/%EB%B6%80%EC%82%B0%EC%97%90%EC%84%9C%EC%B0%BD%EC%9B%90%EB%B2%95%EC%9D%B8%EB%B3%B8%EC%A0%90%EC%9D%B4%EC%A0%84
/업무사례/부산김해양산공동근저당권,부산 김해 양산 공동근저당권,부산·김해·양산 공동근저당권 설정｜여… | 다옴법무사사무소,부산·김해·양산 여러 부동산 공동근저당권,case,부산 김해 양산 공동근저당권,yes,https://xn--2j1br1na42lvxja38mk8r.kr/%EC%97%85%EB%AC%B4%EC%82%AC%EB%A1%80/%EB%B6%80%EC%82%B0%EA%B9%80%ED%95%B4%EC%96%91%EC%82%B0%EA%B3%B5%EB%8F%99%EA%B7%BC%EC%A0%80%EB%8B%B9%EA%B6%8C
/업무사례/경남공장공동근저당권,경남 공장 공동근저당권,경남 여러 공장 공동근저당권｜추가설정과 일부해지 | 다옴법무사사무소,경남 여러 공장 공동근저당권 — 추가·해지,case,경남 공장 공동근저당권,yes,https://xn--2j1br1na42lvxja38mk8r.kr/%EC%97%85%EB%AC%B4%EC%82%AC%EB%A1%80/%EA%B2%BD%EB%82%A8%EA%B3%B5%EC%9E%A5%EA%B3%B5%EB%8F%99%EA%B7%BC%EC%A0%80%EB%8B%B9%EA%B6%8C
/업무사례/양산법무사업무,양산 법무사,양산 법무사｜상속·부동산·법인 업무 … | 다옴법무사사무소,양산에서 법무사 업무가 필요할 때 먼저 확인할 것,case,양산 법무사,yes,https://xn--2j1br1na42lvxja38mk8r.kr/%EC%97%85%EB%AC%B4%EC%82%AC%EB%A1%80/%EC%96%91%EC%82%B0%EB%B2%95%EB%AC%B4%EC%82%AC%EC%97%85%EB%AC%B4
/업무사례/양산상속포기한정승인,양산 상속포기 법무사,양산 상속포기｜부모님 빚이 걱정된다면… | 다옴법무사사무소,양산에서 부모님 채무가 걱정될 때 먼저 확인할 것,case,양산 상속포기 법무사,yes,https://xn--2j1br1na42lvxja38mk8r.kr/%EC%97%85%EB%AC%B4%EC%82%AC%EB%A1%80/%EC%96%91%EC%82%B0%EC%83%81%EC%86%8D%ED%8F%AC%EA%B8%B0%ED%95%9C%EC%A0%95%EC%8A%B9%EC%9D%B8
/업무사례/양산증여등기법무사,양산 증여등기 법무사,양산 증여등기 법무사｜부모·자녀·부부… | 다옴법무사사무소,양산 부동산을 가족에게 이전하기 전에 확인할 사항,case,양산 증여등기 법무사,yes,https://xn--2j1br1na42lvxja38mk8r.kr/%EC%97%85%EB%AC%B4%EC%82%AC%EB%A1%80/%EC%96%91%EC%82%B0%EC%A6%9D%EC%97%AC%EB%93%B1%EA%B8%B0%EB%B2%95%EB%AC%B4%EC%82%AC
/업무사례/양산부동산등기법무사,양산 부동산등기 법무사,양산 부동산등기 법무사｜매매·증여·말… | 다옴법무사사무소,"양산 부동산등기, 원인부터 가려야 서류가 맞습니다",case,양산 부동산등기 법무사,yes,https://xn--2j1br1na42lvxja38mk8r.kr/%EC%97%85%EB%AC%B4%EC%82%AC%EB%A1%80/%EC%96%91%EC%82%B0%EB%B6%80%EB%8F%99%EC%82%B0%EB%93%B1%EA%B8%B0%EB%B2%95%EB%AC%B4%EC%82%AC
/업무사례/양산근저당말소,양산 근저당 말소,양산 근저당권 말소｜대출을 다 갚아도… | 다옴법무사사무소,양산 대출을 갚았는데 등기부에 근저당이 남아 있다면,case,양산 근저당 말소,yes,https://xn--2j1br1na42lvxja38mk8r.kr/%EC%97%85%EB%AC%B4%EC%82%AC%EB%A1%80/%EC%96%91%EC%82%B0%EA%B7%BC%EC%A0%80%EB%8B%B9%EB%A7%90%EC%86%8C
/업무사례/양산건물멸실등기,양산 건물멸실등기,양산 건물멸실등기｜철거 후 등기부에 … | 다옴법무사사무소,양산에서 건물을 철거했는데 등기부에 그대로라면,case,양산 건물멸실등기,yes,https://xn--2j1br1na42lvxja38mk8r.kr/%EC%97%85%EB%AC%B4%EC%82%AC%EB%A1%80/%EC%96%91%EC%82%B0%EA%B1%B4%EB%AC%BC%EB%A9%B8%EC%8B%A4%EB%93%B1%EA%B8%B0
/업무사례/양산신축건물보존등기,양산 소유권보존등기,양산 신축건물 보존등기｜사용승인 후 … | 다옴법무사사무소,"양산 신축 후 첫 등기, 사용승인 다음을 확인하세요",case,양산 소유권보존등기,yes,https://xn--2j1br1na42lvxja38mk8r.kr/%EC%97%85%EB%AC%B4%EC%82%AC%EB%A1%80/%EC%96%91%EC%82%B0%EC%8B%A0%EC%B6%95%EA%B1%B4%EB%AC%BC%EB%B3%B4%EC%A1%B4%EB%93%B1%EA%B8%B0
/업무사례/양산개인회생법무사,양산 개인회생 법무사,양산 개인회생 법무사｜월소득·채무·재… | 다옴법무사사무소,양산에서 개인회생을 생각할 때 소득·채무·재산부터,case,양산 개인회생 법무사,yes,https://xn--2j1br1na42lvxja38mk8r.kr/%EC%97%85%EB%AC%B4%EC%82%AC%EB%A1%80/%EC%96%91%EC%82%B0%EA%B0%9C%EC%9D%B8%ED%9A%8C%EC%83%9D%EB%B2%95%EB%AC%B4%EC%82%AC
/업무사례/통영상속등기법무사,통영 상속등기 법무사,통영 상속등기 법무사｜상속인이 타지역… | 다옴법무사사무소,"통영 상속부동산, 상속인이 타지역에 있어도 준비하는 순서",case,통영 상속등기 법무사,yes,https://xn--2j1br1na42lvxja38mk8r.kr/%EC%97%85%EB%AC%B4%EC%82%AC%EB%A1%80/%ED%86%B5%EC%98%81%EC%83%81%EC%86%8D%EB%93%B1%EA%B8%B0%EB%B2%95%EB%AC%B4%EC%82%AC
/업무사례/통영상속포기한정승인,통영 상속포기 법무사,통영 상속포기·한정승인｜부모님 채무가… | 다옴법무사사무소,통영에서 상속포기·한정승인을 검토하는 순서,case,통영 상속포기 법무사,yes,https://xn--2j1br1na42lvxja38mk8r.kr/%EC%97%85%EB%AC%B4%EC%82%AC%EB%A1%80/%ED%86%B5%EC%98%81%EC%83%81%EC%86%8D%ED%8F%AC%EA%B8%B0%ED%95%9C%EC%A0%95%EC%8A%B9%EC%9D%B8
/업무사례/거제상속포기법무사,거제 상속포기 법무사,거제 상속포기 법무사｜섬 지역 부동산… | 다옴법무사사무소,"거제 부동산과 채무, 상속포기·한정승인부터 볼 때",case,거제 상속포기 법무사,yes,https://xn--2j1br1na42lvxja38mk8r.kr/%EC%97%85%EB%AC%B4%EC%82%AC%EB%A1%80/%EA%B1%B0%EC%A0%9C%EC%83%81%EC%86%8D%ED%8F%AC%EA%B8%B0%EB%B2%95%EB%AC%B4%EC%82%AC
/업무사례/경남비대면상속안내,경남 비대면 상속등기,경남 비대면 상속등기｜김해·양산·창원… | 다옴법무사사무소,"경남 상속등기, 방문 부담을 줄이는 준비 순서",case,경남 비대면 상속등기,yes,https://xn--2j1br1na42lvxja38mk8r.kr/%EC%97%85%EB%AC%B4%EC%82%AC%EB%A1%80/%EA%B2%BD%EB%82%A8%EB%B9%84%EB%8C%80%EB%A9%B4%EC%83%81%EC%86%8D%EC%95%88%EB%82%B4
/업무사례/사천상속등기법무사,사천 상속등기 법무사,사천 상속등기 법무사｜삼천포 생활권 … | 다옴법무사사무소,"사천 상속부동산, 삼천포 생활권까지 정리하는 방법",case,사천 상속등기 법무사,yes,https://xn--2j1br1na42lvxja38mk8r.kr/%EC%97%85%EB%AC%B4%EC%82%AC%EB%A1%80/%EC%82%AC%EC%B2%9C%EC%83%81%EC%86%8D%EB%93%B1%EA%B8%B0%EB%B2%95%EB%AC%B4%EC%82%AC
/업무사례/고성군상속등기법무사,경남 고성 상속등기 법무사,경남 고성 상속등기 법무사｜강원 고성… | 다옴법무사사무소,"경남 고성 상속부동산, 강원 고성과 헷갈리지 않게 정리하기",case,경남 고성 상속등기 법무사,yes,https://xn--2j1br1na42lvxja38mk8r.kr/%EC%97%85%EB%AC%B4%EC%82%AC%EB%A1%80/%EA%B3%A0%EC%84%B1%EA%B5%B0%EC%83%81%EC%86%8D%EB%93%B1%EA%B8%B0%EB%B2%95%EB%AC%B4%EC%82%AC
/업무사례/남해상속등기법무사,남해 상속등기 법무사,남해 상속등기 법무사｜섬 지역 토지·… | 다옴법무사사무소,"남해 상속부동산, 방문 부담부터 줄이는 준비 순서",case,남해 상속등기 법무사,yes,https://xn--2j1br1na42lvxja38mk8r.kr/%EC%97%85%EB%AC%B4%EC%82%AC%EB%A1%80/%EB%82%A8%ED%95%B4%EC%83%81%EC%86%8D%EB%93%B1%EA%B8%B0%EB%B2%95%EB%AC%B4%EC%82%AC
/업무사례/밀양상속등기법무사,밀양 상속등기 법무사,밀양 상속등기 법무사｜농지·주택과 인… | 다옴법무사사무소,"밀양 상속부동산, 인접 지역 필지까지 함께 정리하는 방법",case,밀양 상속등기 법무사,yes,https://xn--2j1br1na42lvxja38mk8r.kr/%EC%97%85%EB%AC%B4%EC%82%AC%EB%A1%80/%EB%B0%80%EC%96%91%EC%83%81%EC%86%8D%EB%93%B1%EA%B8%B0%EB%B2%95%EB%AC%B4%EC%82%AC
/업무사례/하동상속등기법무사,하동 상속등기 법무사,하동 상속등기 법무사｜섬진강 인근 농… | 다옴법무사사무소,"하동 상속부동산, 섬진강 유역 필지까지 정리하는 방법",case,하동 상속등기 법무사,yes,https://xn--2j1br1na42lvxja38mk8r.kr/%EC%97%85%EB%AC%B4%EC%82%AC%EB%A1%80/%ED%95%98%EB%8F%99%EC%83%81%EC%86%8D%EB%93%B1%EA%B8%B0%EB%B2%95%EB%AC%B4%EC%82%AC
/업무사례/진주상속포기한정승인,진주 상속포기 법무사,진주 상속포기 법무사｜부모님 채무가 … | 다옴법무사사무소,진주에서 상속포기·한정승인을 검토하는 순서,case,진주 상속포기 법무사,yes,https://xn--2j1br1na42lvxja38mk8r.kr/%EC%97%85%EB%AC%B4%EC%82%AC%EB%A1%80/%EC%A7%84%EC%A3%BC%EC%83%81%EC%86%8D%ED%8F%AC%EA%B8%B0%ED%95%9C%EC%A0%95%EC%8A%B9%EC%9D%B8
/업무사례/창녕상속등기법무사,창녕 상속등기 법무사,창녕 상속등기 법무사｜우포늪 인근 농… | 다옴법무사사무소,"창녕 상속부동산, 우포늪 농지와 창녕읍 주택을 함께 정리하는 순서",case,창녕 상속등기 법무사,yes,https://xn--2j1br1na42lvxja38mk8r.kr/%EC%97%85%EB%AC%B4%EC%82%AC%EB%A1%80/%EC%B0%BD%EB%85%95%EC%83%81%EC%86%8D%EB%93%B1%EA%B8%B0%EB%B2%95%EB%AC%B4%EC%82%AC
/업무사례/함안상속등기법무사,함안 상속등기 법무사,함안 상속등기 법무사｜창원·마산 출퇴… | 다옴법무사사무소,"함안 농지·공장부지 상속, 창원 출퇴근 상속인이 챙기는 순서",case,함안 상속등기 법무사,yes,https://xn--2j1br1na42lvxja38mk8r.kr/%EC%97%85%EB%AC%B4%EC%82%AC%EB%A1%80/%ED%95%A8%EC%95%88%EC%83%81%EC%86%8D%EB%93%B1%EA%B8%B0%EB%B2%95%EB%AC%B4%EC%82%AC
/업무사례/산청상속등기법무사,산청 임야 상속등기,산청 임야 상속등기｜지리산 서남 자락… | 다옴법무사사무소,"산청 임야·농지 상속, 제적등본부터 확인하는 이유",case,산청 임야 상속등기,yes,https://xn--2j1br1na42lvxja38mk8r.kr/%EC%97%85%EB%AC%B4%EC%82%AC%EB%A1%80/%EC%82%B0%EC%B2%AD%EC%83%81%EC%86%8D%EB%93%B1%EA%B8%B0%EB%B2%95%EB%AC%B4%EC%82%AC
/업무사례/함양상속등기법무사,함양 상속등기 법무사,함양 상속등기 법무사｜함양읍·안의 생… | 다옴법무사사무소,"함양 상속부동산, 함양읍·안의로 나뉜 필지부터 정리하는 방법",case,함양 상속등기 법무사,yes,https://xn--2j1br1na42lvxja38mk8r.kr/%EC%97%85%EB%AC%B4%EC%82%AC%EB%A1%80/%ED%95%A8%EC%96%91%EC%83%81%EC%86%8D%EB%93%B1%EA%B8%B0%EB%B2%95%EB%AC%B4%EC%82%AC
/업무사례/거창상속등기법무사,거창 비대면 상속등기,거창 비대면 상속등기｜경남 북부 내륙… | 다옴법무사사무소,"거창 상속등기, 방문 횟수를 미리 정하고 시작하는 이유",case,거창 비대면 상속등기,yes,https://xn--2j1br1na42lvxja38mk8r.kr/%EC%97%85%EB%AC%B4%EC%82%AC%EB%A1%80/%EA%B1%B0%EC%B0%BD%EC%83%81%EC%86%8D%EB%93%B1%EA%B8%B0%EB%B2%95%EB%AC%B4%EC%82%AC
/업무사례/합천상속등기법무사,합천 농지 상속등기,합천 농지 상속등기｜합천호 인근 필지… | 다옴법무사사무소,"합천 농지·임야 상속, 합천호 인근 필지 목록부터 만드는 이유",case,합천 농지 상속등기,yes,https://xn--2j1br1na42lvxja38mk8r.kr/%EC%97%85%EB%AC%B4%EC%82%AC%EB%A1%80/%ED%95%A9%EC%B2%9C%EC%83%81%EC%86%8D%EB%93%B1%EA%B8%B0%EB%B2%95%EB%AC%B4%EC%82%AC
/업무사례/의령상속등기법무사,의령 상속등기 법무사,의령 상속등기 법무사｜남강 유역 농지… | 다옴법무사사무소,"의령 남강 유역 농지·주택 상속, 타지역 상속인이 확인할 순서",case,의령 상속등기 법무사,yes,https://xn--2j1br1na42lvxja38mk8r.kr/%EC%97%85%EB%AC%B4%EC%82%AC%EB%A1%80/%EC%9D%98%EB%A0%B9%EC%83%81%EC%86%8D%EB%93%B1%EA%B8%B0%EB%B2%95%EB%AC%B4%EC%82%AC
/업무사례/울산법무사업무,울산 법무사 업무,울산 법무사 업무 안내｜상속등기·법인… | 다옴법무사사무소,울산에서도 맡길 수 있는 상속·부동산·법인등기 업무,case,울산 법무사 업무,yes,https://xn--2j1br1na42lvxja38mk8r.kr/%EC%97%85%EB%AC%B4%EC%82%AC%EB%A1%80/%EC%9A%B8%EC%82%B0%EB%B2%95%EB%AC%B4%EC%82%AC%EC%97%85%EB%AC%B4
/업무사례/울산중구상속등기법무사,울산 중구 상속등기 법무사,울산 중구 상속등기 법무사｜태화·우정… | 다옴법무사사무소,울산 중구 상속부동산의 비용과 필요서류,case,울산 중구 상속등기 법무사,yes,https://xn--2j1br1na42lvxja38mk8r.kr/%EC%97%85%EB%AC%B4%EC%82%AC%EB%A1%80/%EC%9A%B8%EC%82%B0%EC%A4%91%EA%B5%AC%EC%83%81%EC%86%8D%EB%93%B1%EA%B8%B0%EB%B2%95%EB%AC%B4%EC%82%AC
/업무사례/울산동구상속등기법무사,울산 동구 상속등기 법무사,울산 동구 상속등기 법무사｜방어·일산… | 다옴법무사사무소,울산 동구의 주택·아파트 상속등기,case,울산 동구 상속등기 법무사,yes,https://xn--2j1br1na42lvxja38mk8r.kr/%EC%97%85%EB%AC%B4%EC%82%AC%EB%A1%80/%EC%9A%B8%EC%82%B0%EB%8F%99%EA%B5%AC%EC%83%81%EC%86%8D%EB%93%B1%EA%B8%B0%EB%B2%95%EB%AC%B4%EC%82%AC
/업무사례/울산북구상속등기법무사,울산 북구 상속등기 법무사,울산 북구 상속등기 법무사｜송정·매곡… | 다옴법무사사무소,울산 북구 신축 아파트와 토지 상속등기,case,울산 북구 상속등기 법무사,yes,https://xn--2j1br1na42lvxja38mk8r.kr/%EC%97%85%EB%AC%B4%EC%82%AC%EB%A1%80/%EC%9A%B8%EC%82%B0%EB%B6%81%EA%B5%AC%EC%83%81%EC%86%8D%EB%93%B1%EA%B8%B0%EB%B2%95%EB%AC%B4%EC%82%AC
/업무사례/울산삼산동상속등기,울산 삼산동 상속등기,울산 삼산동 상속등기｜아파트·상가 비용과 절차 | 다옴법무사사무소,울산 삼산동 아파트·상가 상속등기 비용과 절차,case,울산 삼산동 상속등기,yes,https://xn--2j1br1na42lvxja38mk8r.kr/%EC%97%85%EB%AC%B4%EC%82%AC%EB%A1%80/%EC%9A%B8%EC%82%B0%EC%82%BC%EC%82%B0%EB%8F%99%EC%83%81%EC%86%8D%EB%93%B1%EA%B8%B0
/업무사례/울산달동상속등기,울산 달동 상속등기,울산 달동 상속등기｜상속 후 매도 예정인 경우 | 다옴법무사사무소,울산 달동 상속등기 — 상속 후 매도 예정인 경우,case,울산 달동 상속등기,yes,https://xn--2j1br1na42lvxja38mk8r.kr/%EC%97%85%EB%AC%B4%EC%82%AC%EB%A1%80/%EC%9A%B8%EC%82%B0%EB%8B%AC%EB%8F%99%EC%83%81%EC%86%8D%EB%93%B1%EA%B8%B0
/업무사례/울산옥동상속등기,울산 옥동 상속등기,울산 옥동 상속등기｜공동상속인 필요서류 | 다옴법무사사무소,울산 옥동 공동상속인 상속등기 필요서류,case,울산 옥동 상속등기,yes,https://xn--2j1br1na42lvxja38mk8r.kr/%EC%97%85%EB%AC%B4%EC%82%AC%EB%A1%80/%EC%9A%B8%EC%82%B0%EC%98%A5%EB%8F%99%EC%83%81%EC%86%8D%EB%93%B1%EA%B8%B0
/업무사례/울산송정동상속등기,울산 송정동 상속등기,울산 송정동 상속등기｜신축 아파트 비용과 서류 | 다옴법무사사무소,울산 송정동 신축 아파트 상속등기 비용과 서류,case,울산 송정동 상속등기,yes,https://xn--2j1br1na42lvxja38mk8r.kr/%EC%97%85%EB%AC%B4%EC%82%AC%EB%A1%80/%EC%9A%B8%EC%82%B0%EC%86%A1%EC%A0%95%EB%8F%99%EC%83%81%EC%86%8D%EB%93%B1%EA%B8%B0
/업무사례/울산매곡동상속등기,울산 매곡동 상속등기,울산 매곡동 상속등기｜아파트와 공장 부동산 상속 | 다옴법무사사무소,울산 매곡동 아파트·공장 부동산 상속등기,case,울산 매곡동 상속등기,yes,https://xn--2j1br1na42lvxja38mk8r.kr/%EC%97%85%EB%AC%B4%EC%82%AC%EB%A1%80/%EC%9A%B8%EC%82%B0%EB%A7%A4%EA%B3%A1%EB%8F%99%EC%83%81%EC%86%8D%EB%93%B1%EA%B8%B0
/업무사례/울주범서상속등기,울주군 범서 상속등기,울주군 범서 상속등기｜구영·천상 아파트와 토지 | 다옴법무사사무소,울주군 범서 구영·천상 아파트·토지 상속등기,case,울주군 범서 상속등기,yes,https://xn--2j1br1na42lvxja38mk8r.kr/%EC%97%85%EB%AC%B4%EC%82%AC%EB%A1%80/%EC%9A%B8%EC%A3%BC%EB%B2%94%EC%84%9C%EC%83%81%EC%86%8D%EB%93%B1%EA%B8%B0
/업무사례/울주언양상속등기,울주군 언양 상속등기,울주군 언양 상속등기｜주택·상가·토지 필요서류 | 다옴법무사사무소,울주군 언양 주택·상가·토지 상속등기 서류,case,울주군 언양 상속등기,yes,https://xn--2j1br1na42lvxja38mk8r.kr/%EC%97%85%EB%AC%B4%EC%82%AC%EB%A1%80/%EC%9A%B8%EC%A3%BC%EC%96%B8%EC%96%91%EC%83%81%EC%86%8D%EB%93%B1%EA%B8%B0
/업무사례/울주삼남상속등기,울주군 삼남 상속등기,울주군 삼남 상속등기｜울산역 인근 아파트와 토지 | 다옴법무사사무소,울주군 삼남 울산역 인근 아파트·토지 상속등기,case,울주군 삼남 상속등기,yes,https://xn--2j1br1na42lvxja38mk8r.kr/%EC%97%85%EB%AC%B4%EC%82%AC%EB%A1%80/%EC%9A%B8%EC%A3%BC%EC%82%BC%EB%82%A8%EC%83%81%EC%86%8D%EB%93%B1%EA%B8%B0
/업무사례/울산상속등기비용,울산 상속등기 비용,울산 상속등기 비용｜취득세·채권·법무사 보수 구분 | 다옴법무사사무소,울산 상속등기 비용 — 취득세·채권·법무사 보수 구분,case,울산 상속등기 비용,yes,https://xn--2j1br1na42lvxja38mk8r.kr/%EC%97%85%EB%AC%B4%EC%82%AC%EB%A1%80/%EC%9A%B8%EC%82%B0%EC%83%81%EC%86%8D%EB%93%B1%EA%B8%B0%EB%B9%84%EC%9A%A9
/업무사례/울산상속등기필요서류,울산 상속등기 필요서류,울산 상속등기 필요서류｜상속인별 준비자료 정리 | 다옴법무사사무소,울산 상속등기 필요서류 — 상속인별 준비자료,case,울산 상속등기 필요서류,yes,https://xn--2j1br1na42lvxja38mk8r.kr/%EC%97%85%EB%AC%B4%EC%82%AC%EB%A1%80/%EC%9A%B8%EC%82%B0%EC%83%81%EC%86%8D%EB%93%B1%EA%B8%B0%ED%95%84%EC%9A%94%EC%84%9C%EB%A5%98
/업무사례/울산아파트상속등기,울산 아파트 상속등기,울산 아파트 상속등기｜협의분할부터 취득세까지 | 다옴법무사사무소,울산 아파트 상속등기 — 협의분할부터 취득세까지,case,울산 아파트 상속등기,yes,https://xn--2j1br1na42lvxja38mk8r.kr/%EC%97%85%EB%AC%B4%EC%82%AC%EB%A1%80/%EC%9A%B8%EC%82%B0%EC%95%84%ED%8C%8C%ED%8A%B8%EC%83%81%EC%86%8D%EB%93%B1%EA%B8%B0
/업무사례/울산토지상속등기,울산 토지 상속등기,울산 토지 상속등기｜울주군 농지·임야 여러 필지 | 다옴법무사사무소,울산·울주군 토지 상속등기 — 농지·임야 여러 필지,case,울산 토지 상속등기,yes,https://xn--2j1br1na42lvxja38mk8r.kr/%EC%97%85%EB%AC%B4%EC%82%AC%EB%A1%80/%EC%9A%B8%EC%82%B0%ED%86%A0%EC%A7%80%EC%83%81%EC%86%8D%EB%93%B1%EA%B8%B0
/업무사례/울산공장상속등기,울산 공장 상속등기,울산 공장 상속등기｜산업단지 토지·건물과 사업승계 | 다옴법무사사무소,울산 공장 상속등기 — 산업단지 토지·건물과 사업승계,case,울산 공장 상속등기,yes,https://xn--2j1br1na42lvxja38mk8r.kr/%EC%97%85%EB%AC%B4%EC%82%AC%EB%A1%80/%EC%9A%B8%EC%82%B0%EA%B3%B5%EC%9E%A5%EC%83%81%EC%86%8D%EB%93%B1%EA%B8%B0
/업무사례/울산유증등기법무사,울산 유증등기 법무사,울산 유증등기 법무사｜유언공정증서 부동산 이전 | 다옴법무사사무소,울산 유증등기 — 유언공정증서 부동산 이전,case,울산 유증등기 법무사,yes,https://xn--2j1br1na42lvxja38mk8r.kr/%EC%97%85%EB%AC%B4%EC%82%AC%EB%A1%80/%EC%9A%B8%EC%82%B0%EC%9C%A0%EC%A6%9D%EB%93%B1%EA%B8%B0%EB%B2%95%EB%AC%B4%EC%82%AC
/업무사례/울산에서부산법인본점이전,울산에서 부산 법인 본점이전,울산에서 부산 법인 본점이전｜타관할 이전등기 절차 | 다옴법무사사무소,울산 본점 법인을 부산으로 옮기는 등기,case,울산에서 부산 법인 본점이전,yes,https://xn--2j1br1na42lvxja38mk8r.kr/%EC%97%85%EB%AC%B4%EC%82%AC%EB%A1%80/%EC%9A%B8%EC%82%B0%EC%97%90%EC%84%9C%EB%B6%80%EC%82%B0%EB%B2%95%EC%9D%B8%EB%B3%B8%EC%A0%90%EC%9D%B4%EC%A0%84
/업무사례/부산에서울산법인본점이전,부산에서 울산 법인 본점이전,부산에서 울산 법인 본점이전｜등록면허세와 결의서류 | 다옴법무사사무소,부산 본점 법인을 울산으로 옮기는 등기,case,부산에서 울산 법인 본점이전,yes,https://xn--2j1br1na42lvxja38mk8r.kr/%EC%97%85%EB%AC%B4%EC%82%AC%EB%A1%80/%EB%B6%80%EC%82%B0%EC%97%90%EC%84%9C%EC%9A%B8%EC%82%B0%EB%B2%95%EC%9D%B8%EB%B3%B8%EC%A0%90%EC%9D%B4%EC%A0%84
/업무사례/부산울산공동근저당권,부산 울산 공동근저당권,부산·울산 부동산 공동근저당권 설정 | 다옴법무사사무소,부산·울산 여러 부동산 공동근저당권,case,부산 울산 공동근저당권,yes,https://xn--2j1br1na42lvxja38mk8r.kr/%EC%97%85%EB%AC%B4%EC%82%AC%EB%A1%80/%EB%B6%80%EC%82%B0%EC%9A%B8%EC%82%B0%EA%B3%B5%EB%8F%99%EA%B7%BC%EC%A0%80%EB%8B%B9%EA%B6%8C
/업무사례/울주군상속포기한정승인,울주 상속포기 법무사,울주 상속포기 법무사｜사망 후 3개월… | 다옴법무사사무소,"울산 울주군 상속포기·한정승인, 사망 후 확인할 순서",case,울주 상속포기 법무사,yes,https://xn--2j1br1na42lvxja38mk8r.kr/%EC%97%85%EB%AC%B4%EC%82%AC%EB%A1%80/%EC%9A%B8%EC%A3%BC%EA%B5%B0%EC%83%81%EC%86%8D%ED%8F%AC%EA%B8%B0%ED%95%9C%EC%A0%95%EC%8A%B9%EC%9D%B8
/업무사례/대구법무사업무,대구 법무사 업무,대구 법무사 업무 안내｜상속등기·법인… | 다옴법무사사무소,대구 전 지역에서 맡길 수 있는 법무사 업무,case,대구 법무사 업무,yes,https://xn--2j1br1na42lvxja38mk8r.kr/%EC%97%85%EB%AC%B4%EC%82%AC%EB%A1%80/%EB%8C%80%EA%B5%AC%EB%B2%95%EB%AC%B4%EC%82%AC%EC%97%85%EB%AC%B4
/업무사례/대구중구상속등기법무사,대구 중구 상속등기 법무사,대구 중구 상속등기 법무사｜아파트·상… | 다옴법무사사무소,대구 중구 아파트·상가 상속등기를 어디에 맡길까,case,대구 중구 상속등기 법무사,yes,https://xn--2j1br1na42lvxja38mk8r.kr/%EC%97%85%EB%AC%B4%EC%82%AC%EB%A1%80/%EB%8C%80%EA%B5%AC%EC%A4%91%EA%B5%AC%EC%83%81%EC%86%8D%EB%93%B1%EA%B8%B0%EB%B2%95%EB%AC%B4%EC%82%AC
/업무사례/대구동구상속등기법무사,대구 동구 상속등기 법무사,대구 동구 상속등기 법무사｜주택·아파트 상속 절차 | 다옴법무사사무소,대구 동구 주택·아파트 상속등기 절차 정리,case,대구 동구 상속등기 법무사,yes,https://xn--2j1br1na42lvxja38mk8r.kr/%EC%97%85%EB%AC%B4%EC%82%AC%EB%A1%80/%EB%8C%80%EA%B5%AC%EB%8F%99%EA%B5%AC%EC%83%81%EC%86%8D%EB%93%B1%EA%B8%B0%EB%B2%95%EB%AC%B4%EC%82%AC
/업무사례/대구서구상속등기법무사,대구 서구 상속등기 법무사,대구 서구 상속등기 법무사｜아파트·토… | 다옴법무사사무소,대구 서구 아파트·토지 상속등기 상담,case,대구 서구 상속등기 법무사,yes,https://xn--2j1br1na42lvxja38mk8r.kr/%EC%97%85%EB%AC%B4%EC%82%AC%EB%A1%80/%EB%8C%80%EA%B5%AC%EC%84%9C%EA%B5%AC%EC%83%81%EC%86%8D%EB%93%B1%EA%B8%B0%EB%B2%95%EB%AC%B4%EC%82%AC
/업무사례/대구남구상속등기법무사,대구 남구 상속등기 법무사,대구 남구 상속등기 법무사｜아파트·주택 상속 안내 | 다옴법무사사무소,대구 남구 아파트·주택 상속등기 안내,case,대구 남구 상속등기 법무사,yes,https://xn--2j1br1na42lvxja38mk8r.kr/%EC%97%85%EB%AC%B4%EC%82%AC%EB%A1%80/%EB%8C%80%EA%B5%AC%EB%82%A8%EA%B5%AC%EC%83%81%EC%86%8D%EB%93%B1%EA%B8%B0%EB%B2%95%EB%AC%B4%EC%82%AC
/업무사례/대구북구상속등기법무사,대구 북구 상속등기 법무사,대구 북구 상속등기 법무사｜아파트·토지 상속 절차 | 다옴법무사사무소,대구 북구 아파트·토지 상속등기 절차,case,대구 북구 상속등기 법무사,yes,https://xn--2j1br1na42lvxja38mk8r.kr/%EC%97%85%EB%AC%B4%EC%82%AC%EB%A1%80/%EB%8C%80%EA%B5%AC%EB%B6%81%EA%B5%AC%EC%83%81%EC%86%8D%EB%93%B1%EA%B8%B0%EB%B2%95%EB%AC%B4%EC%82%AC
/업무사례/대구달성군상속등기법무사,대구 달성군 상속등기 법무사,대구 달성군 상속등기 법무사｜토지·아… | 다옴법무사사무소,대구 달성군 토지·아파트 상속등기 안내,case,대구 달성군 상속등기 법무사,yes,https://xn--2j1br1na42lvxja38mk8r.kr/%EC%97%85%EB%AC%B4%EC%82%AC%EB%A1%80/%EB%8C%80%EA%B5%AC%EB%8B%AC%EC%84%B1%EA%B5%B0%EC%83%81%EC%86%8D%EB%93%B1%EA%B8%B0%EB%B2%95%EB%AC%B4%EC%82%AC
/업무사례/대구군위군상속등기법무사,대구 군위군 상속등기 법무사,대구 군위군 상속등기 법무사｜토지·주택 상속 안내 | 다옴법무사사무소,대구 군위군 토지·주택 상속등기 — 대구 기준 안내,case,대구 군위군 상속등기 법무사,yes,https://xn--2j1br1na42lvxja38mk8r.kr/%EC%97%85%EB%AC%B4%EC%82%AC%EB%A1%80/%EB%8C%80%EA%B5%AC%EA%B5%B0%EC%9C%84%EA%B5%B0%EC%83%81%EC%86%8D%EB%93%B1%EA%B8%B0%EB%B2%95%EB%AC%B4%EC%82%AC
/업무사례/대구범어동상속등기,대구 범어 상속등기,대구 범어동 상속등기｜수성구 아파트 … | 다옴법무사사무소,대구 범어동 아파트 상속등기 비용과 필요서류,case,대구 범어 상속등기,yes,https://xn--2j1br1na42lvxja38mk8r.kr/%EC%97%85%EB%AC%B4%EC%82%AC%EB%A1%80/%EB%8C%80%EA%B5%AC%EB%B2%94%EC%96%B4%EB%8F%99%EC%83%81%EC%86%8D%EB%93%B1%EA%B8%B0
/업무사례/대구만촌동상속등기,대구 만촌 상속등기,대구 만촌동 상속등기｜아파트 상속 절차와 비용 | 다옴법무사사무소,대구 만촌동 아파트 상속등기 절차와 비용,case,대구 만촌 상속등기,yes,https://xn--2j1br1na42lvxja38mk8r.kr/%EC%97%85%EB%AC%B4%EC%82%AC%EB%A1%80/%EB%8C%80%EA%B5%AC%EB%A7%8C%EC%B4%8C%EB%8F%99%EC%83%81%EC%86%8D%EB%93%B1%EA%B8%B0
/업무사례/대구시지상속등기,대구 시지 상속등기,대구 시지 상속등기｜신축·구축 아파트 상속 안내 | 다옴법무사사무소,대구 시지 아파트 상속등기 — 신축·구축 구분,case,대구 시지 상속등기,yes,https://xn--2j1br1na42lvxja38mk8r.kr/%EC%97%85%EB%AC%B4%EC%82%AC%EB%A1%80/%EB%8C%80%EA%B5%AC%EC%8B%9C%EC%A7%80%EC%83%81%EC%86%8D%EB%93%B1%EA%B8%B0
/업무사례/대구월성동상속등기,대구 월성 상속등기,대구 월성동 상속등기｜달서구 아파트 상속 절차 | 다옴법무사사무소,대구 월성동 아파트 상속등기 절차,case,대구 월성 상속등기,yes,https://xn--2j1br1na42lvxja38mk8r.kr/%EC%97%85%EB%AC%B4%EC%82%AC%EB%A1%80/%EB%8C%80%EA%B5%AC%EC%9B%94%EC%84%B1%EB%8F%99%EC%83%81%EC%86%8D%EB%93%B1%EA%B8%B0
/업무사례/대구상인동상속등기,대구 상인 상속등기,대구 상인동 상속등기｜아파트·상가 상속 안내 | 다옴법무사사무소,대구 상인동 아파트·상가 상속등기 안내,case,대구 상인 상속등기,yes,https://xn--2j1br1na42lvxja38mk8r.kr/%EC%97%85%EB%AC%B4%EC%82%AC%EB%A1%80/%EB%8C%80%EA%B5%AC%EC%83%81%EC%9D%B8%EB%8F%99%EC%83%81%EC%86%8D%EB%93%B1%EA%B8%B0
/업무사례/대구성서상속등기,대구 성서 상속등기,대구 성서 상속등기｜신도시 아파트 상속 절차 | 다옴법무사사무소,대구 성서 신도시 아파트 상속등기 절차,case,대구 성서 상속등기,yes,https://xn--2j1br1na42lvxja38mk8r.kr/%EC%97%85%EB%AC%B4%EC%82%AC%EB%A1%80/%EB%8C%80%EA%B5%AC%EC%84%B1%EC%84%9C%EC%83%81%EC%86%8D%EB%93%B1%EA%B8%B0
/업무사례/대구다사상속등기,대구 다사 상속등기,대구 다사 상속등기｜아파트·토지 상속 안내 | 다옴법무사사무소,대구 다사 아파트·토지 상속등기 안내,case,대구 다사 상속등기,yes,https://xn--2j1br1na42lvxja38mk8r.kr/%EC%97%85%EB%AC%B4%EC%82%AC%EB%A1%80/%EB%8C%80%EA%B5%AC%EB%8B%A4%EC%82%AC%EC%83%81%EC%86%8D%EB%93%B1%EA%B8%B0
/업무사례/대구현풍상속등기,대구 현풍 상속등기,대구 현풍 상속등기｜토지·농지 상속 절차 | 다옴법무사사무소,대구 현풍 토지·농지 상속등기 절차,case,대구 현풍 상속등기,yes,https://xn--2j1br1na42lvxja38mk8r.kr/%EC%97%85%EB%AC%B4%EC%82%AC%EB%A1%80/%EB%8C%80%EA%B5%AC%ED%98%84%ED%92%8D%EC%83%81%EC%86%8D%EB%93%B1%EA%B8%B0
/업무사례/대구상속등기비용,대구 상속등기 비용,대구 상속등기 비용｜법무사 보수·취득세·채권 구분 | 다옴법무사사무소,대구 상속등기 비용 — 보수·취득세·채권 구분,case,대구 상속등기 비용,yes,https://xn--2j1br1na42lvxja38mk8r.kr/%EC%97%85%EB%AC%B4%EC%82%AC%EB%A1%80/%EB%8C%80%EA%B5%AC%EC%83%81%EC%86%8D%EB%93%B1%EA%B8%B0%EB%B9%84%EC%9A%A9
/업무사례/대구상속등기필요서류,대구 상속등기 필요서류,대구 상속등기 필요서류｜가족관계·인감… | 다옴법무사사무소,대구 상속등기 필요서류 — 가족관계·인감·협의서,case,대구 상속등기 필요서류,yes,https://xn--2j1br1na42lvxja38mk8r.kr/%EC%97%85%EB%AC%B4%EC%82%AC%EB%A1%80/%EB%8C%80%EA%B5%AC%EC%83%81%EC%86%8D%EB%93%B1%EA%B8%B0%ED%95%84%EC%9A%94%EC%84%9C%EB%A5%98
/업무사례/대구아파트상속등기,대구 아파트 상속등기,대구 아파트 상속등기｜협의분할·취득세·국민주택채권 | 다옴법무사사무소,대구 아파트 상속등기 — 협의분할과 취득세,case,대구 아파트 상속등기,yes,https://xn--2j1br1na42lvxja38mk8r.kr/%EC%97%85%EB%AC%B4%EC%82%AC%EB%A1%80/%EB%8C%80%EA%B5%AC%EC%95%84%ED%8C%8C%ED%8A%B8%EC%83%81%EC%86%8D%EB%93%B1%EA%B8%B0
/업무사례/대구토지상속등기,대구 토지 상속등기,대구 토지 상속등기｜다필지·농지·지목별 취득세 | 다옴법무사사무소,대구 토지 상속등기 — 다필지·지목별 정리,case,대구 토지 상속등기,yes,https://xn--2j1br1na42lvxja38mk8r.kr/%EC%97%85%EB%AC%B4%EC%82%AC%EB%A1%80/%EB%8C%80%EA%B5%AC%ED%86%A0%EC%A7%80%EC%83%81%EC%86%8D%EB%93%B1%EA%B8%B0
/업무사례/대구유증등기법무사,대구 유증등기 법무사,대구 유증등기 법무사｜유언공정증서에 … | 다옴법무사사무소,대구 부동산 유증등기 — 유언공정증서에 따른 이전,case,대구 유증등기 법무사,yes,https://xn--2j1br1na42lvxja38mk8r.kr/%EC%97%85%EB%AC%B4%EC%82%AC%EB%A1%80/%EB%8C%80%EA%B5%AC%EC%9C%A0%EC%A6%9D%EB%93%B1%EA%B8%B0%EB%B2%95%EB%AC%B4%EC%82%AC
/업무사례/대구에서부산법인본점이전,대구에서 부산 법인 본점이전,대구에서 부산 법인 본점이전｜등기·세무 절차 안내 | 다옴법무사사무소,대구 본점 법인을 부산으로 옮기는 등기,case,대구에서 부산 법인 본점이전,yes,https://xn--2j1br1na42lvxja38mk8r.kr/%EC%97%85%EB%AC%B4%EC%82%AC%EB%A1%80/%EB%8C%80%EA%B5%AC%EC%97%90%EC%84%9C%EB%B6%80%EC%82%B0%EB%B2%95%EC%9D%B8%EB%B3%B8%EC%A0%90%EC%9D%B4%EC%A0%84
/업무사례/부산에서대구법인본점이전,부산에서 대구 법인 본점이전,부산에서 대구 법인 본점이전｜등기소·… | 다옴법무사사무소,부산 본점 법인을 대구로 옮기는 등기,case,부산에서 대구 법인 본점이전,yes,https://xn--2j1br1na42lvxja38mk8r.kr/%EC%97%85%EB%AC%B4%EC%82%AC%EB%A1%80/%EB%B6%80%EC%82%B0%EC%97%90%EC%84%9C%EB%8C%80%EA%B5%AC%EB%B2%95%EC%9D%B8%EB%B3%B8%EC%A0%90%EC%9D%B4%EC%A0%84
/업무사례/대구부산공동근저당권,대구 부산 공동근저당권,대구·부산 공동근저당권 설정｜여러 지… | 다옴법무사사무소,대구·부산 여러 부동산 공동근저당권,case,대구 부산 공동근저당권,yes,https://xn--2j1br1na42lvxja38mk8r.kr/%EC%97%85%EB%AC%B4%EC%82%AC%EB%A1%80/%EB%8C%80%EA%B5%AC%EB%B6%80%EC%82%B0%EA%B3%B5%EB%8F%99%EA%B7%BC%EC%A0%80%EB%8B%B9%EA%B6%8C
/업무사례/경북법무사업무,경북 법무사 업무,경북 법무사 업무 안내｜상속등기·토지… | 다옴법무사사무소,경북 22개 시·군의 상속·부동산·법인 업무,case,경북 법무사 업무,yes,https://xn--2j1br1na42lvxja38mk8r.kr/%EC%97%85%EB%AC%B4%EC%82%AC%EB%A1%80/%EA%B2%BD%EB%B6%81%EB%B2%95%EB%AC%B4%EC%82%AC%EC%97%85%EB%AC%B4
/업무사례/안동상속등기법무사,안동 상속등기 법무사,안동 상속등기 법무사｜토지·농지·주택 비대면 상담 | 다옴법무사사무소,안동 토지·농지·주택 상속등기를 어디에 맡길까,case,안동 상속등기 법무사,yes,https://xn--2j1br1na42lvxja38mk8r.kr/%EC%97%85%EB%AC%B4%EC%82%AC%EB%A1%80/%EC%95%88%EB%8F%99%EC%83%81%EC%86%8D%EB%93%B1%EA%B8%B0%EB%B2%95%EB%AC%B4%EC%82%AC
/업무사례/예천상속등기법무사,예천 상속등기 법무사,예천 상속등기 법무사｜농지·답·임야 상속 절차 | 다옴법무사사무소,예천군 농지·답·임야 상속등기 절차,case,예천 상속등기 법무사,yes,https://xn--2j1br1na42lvxja38mk8r.kr/%EC%97%85%EB%AC%B4%EC%82%AC%EB%A1%80/%EC%98%88%EC%B2%9C%EC%83%81%EC%86%8D%EB%93%B1%EA%B8%B0%EB%B2%95%EB%AC%B4%EC%82%AC
/업무사례/김천상속등기법무사,김천 상속등기 법무사,김천 상속등기 법무사｜아파트·토지·공장 상속 안내 | 다옴법무사사무소,김천 아파트·토지·공장 상속등기 안내,case,김천 상속등기 법무사,yes,https://xn--2j1br1na42lvxja38mk8r.kr/%EC%97%85%EB%AC%B4%EC%82%AC%EB%A1%80/%EA%B9%80%EC%B2%9C%EC%83%81%EC%86%8D%EB%93%B1%EA%B8%B0%EB%B2%95%EB%AC%B4%EC%82%AC
/업무사례/칠곡상속등기법무사,칠곡 상속등기 법무사,칠곡 상속등기 법무사｜아파트·토지·농지 상속 절차 | 다옴법무사사무소,칠곡군 아파트·토지·농지 상속등기 절차,case,칠곡 상속등기 법무사,yes,https://xn--2j1br1na42lvxja38mk8r.kr/%EC%97%85%EB%AC%B4%EC%82%AC%EB%A1%80/%EC%B9%A0%EA%B3%A1%EC%83%81%EC%86%8D%EB%93%B1%EA%B8%B0%EB%B2%95%EB%AC%B4%EC%82%AC
/업무사례/경북상속등기비용,경북 상속등기 비용,경북 상속등기 비용｜법무사 보수·취득세·채권 구분 | 다옴법무사사무소,경북 상속등기 비용 — 보수·취득세·채권 구분,case,경북 상속등기 비용,yes,https://xn--2j1br1na42lvxja38mk8r.kr/%EC%97%85%EB%AC%B4%EC%82%AC%EB%A1%80/%EA%B2%BD%EB%B6%81%EC%83%81%EC%86%8D%EB%93%B1%EA%B8%B0%EB%B9%84%EC%9A%A9
/업무사례/경북상속등기필요서류,경북 상속등기 필요서류,경북 상속등기 필요서류｜가족관계·인감… | 다옴법무사사무소,경북 상속등기 필요서류 — 가족관계·인감·협의서,case,경북 상속등기 필요서류,yes,https://xn--2j1br1na42lvxja38mk8r.kr/%EC%97%85%EB%AC%B4%EC%82%AC%EB%A1%80/%EA%B2%BD%EB%B6%81%EC%83%81%EC%86%8D%EB%93%B1%EA%B8%B0%ED%95%84%EC%9A%94%EC%84%9C%EB%A5%98
/업무사례/경북토지상속등기,경북 토지 상속등기,경북 토지 상속등기｜다필지·지목별 취득세 정리 | 다옴법무사사무소,경북 토지 상속등기 — 다필지·지목별 정리,case,경북 토지 상속등기,yes,https://xn--2j1br1na42lvxja38mk8r.kr/%EC%97%85%EB%AC%B4%EC%82%AC%EB%A1%80/%EA%B2%BD%EB%B6%81%ED%86%A0%EC%A7%80%EC%83%81%EC%86%8D%EB%93%B1%EA%B8%B0
/업무사례/경북농지상속등기,경북 농지 상속등기,경북 농지 상속등기｜답·과수원·지목별 취득세 | 다옴법무사사무소,경북 농지 상속등기 — 답·과수원·지목별 취득세,case,경북 농지 상속등기,yes,https://xn--2j1br1na42lvxja38mk8r.kr/%EC%97%85%EB%AC%B4%EC%82%AC%EB%A1%80/%EA%B2%BD%EB%B6%81%EB%86%8D%EC%A7%80%EC%83%81%EC%86%8D%EB%93%B1%EA%B8%B0
/업무사례/경북임야상속등기,경북 임야 상속등기,경북 임야 상속등기｜산림·다필지·지목별 정리 | 다옴법무사사무소,경북 임야 상속등기 — 산림·다필지 정리,case,경북 임야 상속등기,yes,https://xn--2j1br1na42lvxja38mk8r.kr/%EC%97%85%EB%AC%B4%EC%82%AC%EB%A1%80/%EA%B2%BD%EB%B6%81%EC%9E%84%EC%95%BC%EC%83%81%EC%86%8D%EB%93%B1%EA%B8%B0
/업무사례/경북오래된상속등기,경북 오래된 상속등기,경북 오래된 상속등기｜미등기·오래된 … | 다옴법무사사무소,경북 오래된 상속등기 — 미등기·오래된 사망 정리,case,경북 오래된 상속등기,yes,https://xn--2j1br1na42lvxja38mk8r.kr/%EC%97%85%EB%AC%B4%EC%82%AC%EB%A1%80/%EA%B2%BD%EB%B6%81%EC%98%A4%EB%9E%98%EB%90%9C%EC%83%81%EC%86%8D%EB%93%B1%EA%B8%B0
/업무사례/경북조부모명의토지상속,경북 조부모 명의 토지 상속,경북 조부모 명의 토지 상속｜등기부·… | 다옴법무사사무소,경북 조부모 명의 토지 상속 — 등기부·지적 정리,case,경북 조부모 명의 토지 상속,yes,https://xn--2j1br1na42lvxja38mk8r.kr/%EC%97%85%EB%AC%B4%EC%82%AC%EB%A1%80/%EA%B2%BD%EB%B6%81%EC%A1%B0%EB%B6%80%EB%AA%A8%EB%AA%85%EC%9D%98%ED%86%A0%EC%A7%80%EC%83%81%EC%86%8D
/업무사례/경북법인등기법무사,경북 법인등기 법무사,경북 법인등기 법무사｜포항·구미·안동… | 다옴법무사사무소,경북 포항·구미·안동 기업 법인등기 상담,case,경북 법인등기 법무사,yes,https://xn--2j1br1na42lvxja38mk8r.kr/%EC%97%85%EB%AC%B4%EC%82%AC%EB%A1%80/%EA%B2%BD%EB%B6%81%EB%B2%95%EC%9D%B8%EB%93%B1%EA%B8%B0%EB%B2%95%EB%AC%B4%EC%82%AC
/업무사례/포항에서부산법인본점이전,포항에서 부산 법인 본점이전,포항에서 부산 법인 본점이전｜등기·세무 절차 안내 | 다옴법무사사무소,포항 본점 법인을 부산으로 옮기는 등기,case,포항에서 부산 법인 본점이전,yes,https://xn--2j1br1na42lvxja38mk8r.kr/%EC%97%85%EB%AC%B4%EC%82%AC%EB%A1%80/%ED%8F%AC%ED%95%AD%EC%97%90%EC%84%9C%EB%B6%80%EC%82%B0%EB%B2%95%EC%9D%B8%EB%B3%B8%EC%A0%90%EC%9D%B4%EC%A0%84
/업무사례/구미에서부산법인본점이전,구미에서 부산 법인 본점이전,구미에서 부산 법인 본점이전｜등기소·… | 다옴법무사사무소,구미 본점 법인을 부산으로 옮기는 등기,case,구미에서 부산 법인 본점이전,yes,https://xn--2j1br1na42lvxja38mk8r.kr/%EC%97%85%EB%AC%B4%EC%82%AC%EB%A1%80/%EA%B5%AC%EB%AF%B8%EC%97%90%EC%84%9C%EB%B6%80%EC%82%B0%EB%B2%95%EC%9D%B8%EB%B3%B8%EC%A0%90%EC%9D%B4%EC%A0%84
/업무사례/대구경북공동담보등기,대구 경북 공동담보등기,대구·경북 공동담보등기｜여러 지역 부… | 다옴법무사사무소,대구·경북 여러 부동산 공동담보등기,case,대구 경북 공동담보등기,yes,https://xn--2j1br1na42lvxja38mk8r.kr/%EC%97%85%EB%AC%B4%EC%82%AC%EB%A1%80/%EB%8C%80%EA%B5%AC%EA%B2%BD%EB%B6%81%EA%B3%B5%EB%8F%99%EB%8B%B4%EB%B3%B4%EB%93%B1%EA%B8%B0
/업무사례/영천상속등기법무사,영천 상속등기 법무사,영천 상속등기 법무사｜과수원·농지·주택 상속 정리 | 다옴법무사사무소,"영천 상속부동산, 과수원·농지부터 정리하는 방법",case,영천 상속등기 법무사,yes,https://xn--2j1br1na42lvxja38mk8r.kr/%EC%97%85%EB%AC%B4%EC%82%AC%EB%A1%80/%EC%98%81%EC%B2%9C%EC%83%81%EC%86%8D%EB%93%B1%EA%B8%B0%EB%B2%95%EB%AC%B4%EC%82%AC
/업무사례/안동오래된토지상속등기,안동 오래된 토지 상속등기,안동 오래된 토지 상속등기｜조부모 명… | 다옴법무사사무소,"안동 조부모 명의 토지, 제적등본부터 확인하는 이유",case,안동 오래된 토지 상속등기,yes,https://xn--2j1br1na42lvxja38mk8r.kr/%EC%97%85%EB%AC%B4%EC%82%AC%EB%A1%80/%EC%95%88%EB%8F%99%EC%98%A4%EB%9E%98%EB%90%9C%ED%86%A0%EC%A7%80%EC%83%81%EC%86%8D%EB%93%B1%EA%B8%B0
/업무사례/경주오래된토지상속등기,경주 오래된 토지 상속등기,경주 오래된 토지 상속등기｜조부모 명… | 다옴법무사사무소,"경주 조부모 명의 토지, 여러 세대에 걸쳐 정리하는 방법",case,경주 오래된 토지 상속등기,yes,https://xn--2j1br1na42lvxja38mk8r.kr/%EC%97%85%EB%AC%B4%EC%82%AC%EB%A1%80/%EA%B2%BD%EC%A3%BC%EC%98%A4%EB%9E%98%EB%90%9C%ED%86%A0%EC%A7%80%EC%83%81%EC%86%8D%EB%93%B1%EA%B8%B0
/업무사례/포항상속포기한정승인,포항 상속포기 법무사,포항 상속포기 법무사｜부모님 채무가 … | 다옴법무사사무소,포항에서 상속포기·한정승인을 검토하는 순서,case,포항 상속포기 법무사,yes,https://xn--2j1br1na42lvxja38mk8r.kr/%EC%97%85%EB%AC%B4%EC%82%AC%EB%A1%80/%ED%8F%AC%ED%95%AD%EC%83%81%EC%86%8D%ED%8F%AC%EA%B8%B0%ED%95%9C%EC%A0%95%EC%8A%B9%EC%9D%B8
/업무사례/문경상속등기법무사,문경 상속등기 법무사,문경 상속등기 법무사｜문경새재 인근 … | 다옴법무사사무소,"문경 전원주택·농지 상속, 충북 거주 상속인이 확인할 순서",case,문경 상속등기 법무사,yes,https://xn--2j1br1na42lvxja38mk8r.kr/%EC%97%85%EB%AC%B4%EC%82%AC%EB%A1%80/%EB%AC%B8%EA%B2%BD%EC%83%81%EC%86%8D%EB%93%B1%EA%B8%B0%EB%B2%95%EB%AC%B4%EC%82%AC
/업무사례/상주상속등기법무사,상주 농지 상속등기,상주 농지 상속등기｜넓은 농지 여러 … | 다옴법무사사무소,"상주 넓은 농지 상속, 여러 필지를 한 번에 정리하는 순서",case,상주 농지 상속등기,yes,https://xn--2j1br1na42lvxja38mk8r.kr/%EC%97%85%EB%AC%B4%EC%82%AC%EB%A1%80/%EC%83%81%EC%A3%BC%EC%83%81%EC%86%8D%EB%93%B1%EA%B8%B0%EB%B2%95%EB%AC%B4%EC%82%AC
/업무사례/청도상속등기법무사,청도 상속등기 법무사,청도 상속등기 법무사｜대구 거주 상속… | 다옴법무사사무소,"청도 농지·과수원 상속, 대구 거주 상속인이 확인할 순서",case,청도 상속등기 법무사,yes,https://xn--2j1br1na42lvxja38mk8r.kr/%EC%97%85%EB%AC%B4%EC%82%AC%EB%A1%80/%EC%B2%AD%EB%8F%84%EC%83%81%EC%86%8D%EB%93%B1%EA%B8%B0%EB%B2%95%EB%AC%B4%EC%82%AC
/업무사례/울진상속등기법무사,울진 비대면 상속등기,울진 비대면 상속등기｜동해안 원거리 … | 다옴법무사사무소,"울진 상속등기, 동해안 원거리 방문 부담부터 줄이는 방법",case,울진 비대면 상속등기,yes,https://xn--2j1br1na42lvxja38mk8r.kr/%EC%97%85%EB%AC%B4%EC%82%AC%EB%A1%80/%EC%9A%B8%EC%A7%84%EC%83%81%EC%86%8D%EB%93%B1%EA%B8%B0%EB%B2%95%EB%AC%B4%EC%82%AC
/업무사례/영주상속등기법무사,영주 상속등기 법무사,영주 상속등기 법무사｜경북 영주시 주… | 다옴법무사사무소,"경북 영주 상속부동산, 부산 영주동과 헷갈리지 않게 정리하기",case,영주 상속등기 법무사,yes,https://xn--2j1br1na42lvxja38mk8r.kr/%EC%97%85%EB%AC%B4%EC%82%AC%EB%A1%80/%EC%98%81%EC%A3%BC%EC%83%81%EC%86%8D%EB%93%B1%EA%B8%B0%EB%B2%95%EB%AC%B4%EC%82%AC
/업무사례/의성상속등기법무사,의성 상속등기 법무사,의성 상속등기 법무사｜마늘 농지·전원… | 다옴법무사사무소,"의성 마늘 농지·전원주택 상속, 타지역 상속인이 확인할 순서",case,의성 상속등기 법무사,yes,https://xn--2j1br1na42lvxja38mk8r.kr/%EC%97%85%EB%AC%B4%EC%82%AC%EB%A1%80/%EC%9D%98%EC%84%B1%EC%83%81%EC%86%8D%EB%93%B1%EA%B8%B0%EB%B2%95%EB%AC%B4%EC%82%AC
/업무사례/영덕봉화상속등기법무사,영덕 봉화 상속등기 법무사,영덕·봉화 상속등기 법무사｜해안 어촌… | 다옴법무사사무소,"영덕 해안·봉화 산간 상속, 두 군 부동를 한 번에 보는 순서",case,영덕 봉화 상속등기 법무사,yes,https://xn--2j1br1na42lvxja38mk8r.kr/%EC%97%85%EB%AC%B4%EC%82%AC%EB%A1%80/%EC%98%81%EB%8D%95%EB%B4%89%ED%99%94%EC%83%81%EC%86%8D%EB%93%B1%EA%B8%B0%EB%B2%95%EB%AC%B4%EC%82%AC
/업무사례/청송영양상속등기법무사,청송 영양 상속등기 법무사,청송·영양 상속등기 법무사｜사과 과수… | 다옴법무사사무소,"청송 사과·영양 고원 상속, 두 군 과수원·농지를 묶는 순서",case,청송 영양 상속등기 법무사,yes,https://xn--2j1br1na42lvxja38mk8r.kr/%EC%97%85%EB%AC%B4%EC%82%AC%EB%A1%80/%EC%B2%AD%EC%86%A1%EC%98%81%EC%96%91%EC%83%81%EC%86%8D%EB%93%B1%EA%B8%B0%EB%B2%95%EB%AC%B4%EC%82%AC
/업무사례/고령성주상속등기법무사,고령 성주 상속등기 법무사,고령·성주 상속등기 법무사｜딸기·참외… | 다옴법무사사무소,"고령 딸기·성주 참외 상속, 두 군 농지를 묶어서 보는 순서",case,고령 성주 상속등기 법무사,yes,https://xn--2j1br1na42lvxja38mk8r.kr/%EC%97%85%EB%AC%B4%EC%82%AC%EB%A1%80/%EA%B3%A0%EB%A0%B9%EC%84%B1%EC%A3%BC%EC%83%81%EC%86%8D%EB%93%B1%EA%B8%B0%EB%B2%95%EB%AC%B4%EC%82%AC
/busan-legal-map,부산 법률지도,부산 법률지도 — 구·군별 상담 주제 | 다옴법무사사무소,부산 어디에서 어떤 법률 문제가 많을까요?,pillar,부산 법률지도,yes,https://xn--2j1br1na42lvxja38mk8r.kr/busan-legal-map
/glossary,법률 용어사전,법률 용어사전 — 상속·등기·민사 용어 쉽게 | 다옴법무사사무소,법률 용어사전,glossary,법률 용어사전,yes,https://xn--2j1br1na42lvxja38mk8r.kr/glossary
/glossary/inheritance-registration,상속등기,상속등기 뜻과 절차｜부산 법무사가 쉽게 설명 | 다옴법무사사무소,상속등기 뜻과 절차,glossary,상속등기,yes,https://xn--2j1br1na42lvxja38mk8r.kr/glossary/inheritance-registration
/glossary/inheritance-renunciation,상속포기,상속포기 뜻과 절차｜부산 법무사가 쉽게 설명 | 다옴법무사사무소,상속포기 뜻과 절차,glossary,상속포기,yes,https://xn--2j1br1na42lvxja38mk8r.kr/glossary/inheritance-renunciation
/glossary/qualified-acceptance,한정승인,한정승인 뜻과 절차｜부산 법무사가 쉽게 설명 | 다옴법무사사무소,한정승인 뜻과 절차,glossary,한정승인,yes,https://xn--2j1br1na42lvxja38mk8r.kr/glossary/qualified-acceptance
/glossary/special-qualified-acceptance,특별한정승인,특별한정승인 뜻과 절차｜부산 법무사가 쉽게 설명 | 다옴법무사사무소,특별한정승인 뜻과 절차,glossary,특별한정승인,yes,https://xn--2j1br1na42lvxja38mk8r.kr/glossary/special-qualified-acceptance
/glossary/inheritance-division-agreement,상속재산분할협의서,상속재산분할협의서 뜻과 절차｜부산 법무사가 쉽게 설명 | 다옴법무사사무소,상속재산분할협의서 뜻과 절차,glossary,상속재산분할협의서,yes,https://xn--2j1br1na42lvxja38mk8r.kr/glossary/inheritance-division-agreement
/glossary/statutory-reserve-share,유류분,유류분 뜻과 절차｜부산 법무사가 쉽게 설명 | 다옴법무사사무소,유류분 뜻과 절차,glossary,유류분,yes,https://xn--2j1br1na42lvxja38mk8r.kr/glossary/statutory-reserve-share
/glossary/legal-inheritance-order,법정상속순위,법정상속순위 뜻과 절차｜부산 법무사가 쉽게 설명 | 다옴법무사사무소,법정상속순위 뜻과 절차,glossary,법정상속순위,yes,https://xn--2j1br1na42lvxja38mk8r.kr/glossary/legal-inheritance-order
/glossary/subrogation-inheritance,대습상속,대습상속 뜻과 절차｜부산 법무사가 쉽게 설명 | 다옴법무사사무소,대습상속 뜻과 절차,glossary,대습상속,yes,https://xn--2j1br1na42lvxja38mk8r.kr/glossary/subrogation-inheritance
/glossary/mortgage,근저당,근저당 뜻과 절차｜부산 법무사가 쉽게 설명 | 다옴법무사사무소,근저당 뜻과 절차,glossary,근저당,yes,https://xn--2j1br1na42lvxja38mk8r.kr/glossary/mortgage
/glossary/provisional-attachment,가압류,가압류 뜻과 절차｜부산 법무사가 쉽게 설명 | 다옴법무사사무소,가압류 뜻과 절차,glossary,가압류,yes,https://xn--2j1br1na42lvxja38mk8r.kr/glossary/provisional-attachment
/glossary/attachment,압류,압류 뜻과 절차｜부산 법무사가 쉽게 설명 | 다옴법무사사무소,압류 뜻과 절차,glossary,압류,yes,https://xn--2j1br1na42lvxja38mk8r.kr/glossary/attachment
/glossary/pledge,질권,질권 뜻과 절차｜부산 법무사가 쉽게 설명 | 다옴법무사사무소,질권 뜻과 절차,glossary,질권,yes,https://xn--2j1br1na42lvxja38mk8r.kr/glossary/pledge
/glossary/jeonse-right,전세권,전세권 뜻과 절차｜부산 법무사가 쉽게 설명 | 다옴법무사사무소,전세권 뜻과 절차,glossary,전세권,yes,https://xn--2j1br1na42lvxja38mk8r.kr/glossary/jeonse-right
/glossary/lease-registration-order,임차권등기명령,임차권등기명령 뜻과 절차｜부산 법무사가 쉽게 설명 | 다옴법무사사무소,임차권등기명령 뜻과 절차,glossary,임차권등기명령,yes,https://xn--2j1br1na42lvxja38mk8r.kr/glossary/lease-registration-order
/glossary/ownership-transfer-registration,소유권이전등기,소유권이전등기 뜻과 절차｜부산 법무사가 쉽게 설명 | 다옴법무사사무소,소유권이전등기 뜻과 절차,glossary,소유권이전등기,yes,https://xn--2j1br1na42lvxja38mk8r.kr/glossary/ownership-transfer-registration
/glossary/ownership-preservation-registration,소유권보존등기,소유권보존등기 뜻과 절차｜부산 법무사가 쉽게 설명 | 다옴법무사사무소,소유권보존등기 뜻과 절차,glossary,소유권보존등기,yes,https://xn--2j1br1na42lvxja38mk8r.kr/glossary/ownership-preservation-registration
/glossary/registration-license-tax,등록면허세,등록면허세 뜻과 절차｜부산 법무사가 쉽게 설명 | 다옴법무사사무소,등록면허세 뜻과 절차,glossary,등록면허세,yes,https://xn--2j1br1na42lvxja38mk8r.kr/glossary/registration-license-tax
/glossary/acquisition-tax,취득세,취득세 뜻과 절차｜부산 법무사가 쉽게 설명 | 다옴법무사사무소,취득세 뜻과 절차,glossary,취득세,yes,https://xn--2j1br1na42lvxja38mk8r.kr/glossary/acquisition-tax
/glossary/stamp-duty,인지대,인지대 뜻과 절차｜부산 법무사가 쉽게 설명 | 다옴법무사사무소,인지대 뜻과 절차,glossary,인지대,yes,https://xn--2j1br1na42lvxja38mk8r.kr/glossary/stamp-duty
/glossary/service-fee,송달료,송달료 뜻과 절차｜부산 법무사가 쉽게 설명 | 다옴법무사사무소,송달료 뜻과 절차,glossary,송달료,yes,https://xn--2j1br1na42lvxja38mk8r.kr/glossary/service-fee
/glossary/payment-order,지급명령,지급명령 뜻과 절차｜부산 법무사가 쉽게 설명 | 다옴법무사사무소,지급명령 뜻과 절차,glossary,지급명령,yes,https://xn--2j1br1na42lvxja38mk8r.kr/glossary/payment-order
/glossary/certified-mail,내용증명,내용증명 뜻과 절차｜부산 법무사가 쉽게 설명 | 다옴법무사사무소,내용증명 뜻과 절차,glossary,내용증명,yes,https://xn--2j1br1na42lvxja38mk8r.kr/glossary/certified-mail
/glossary/complaint,소장,소장 뜻과 절차｜부산 법무사가 쉽게 설명 | 다옴법무사사무소,소장 뜻과 절차,glossary,소장,yes,https://xn--2j1br1na42lvxja38mk8r.kr/glossary/complaint
/glossary/answer-brief,답변서,답변서 뜻과 절차｜부산 법무사가 쉽게 설명 | 다옴법무사사무소,답변서 뜻과 절차,glossary,답변서,yes,https://xn--2j1br1na42lvxja38mk8r.kr/glossary/answer-brief
/glossary/personal-rehabilitation,개인회생,개인회생 뜻과 절차｜부산 법무사가 쉽게 설명 | 다옴법무사사무소,개인회생 뜻과 절차,glossary,개인회생,yes,https://xn--2j1br1na42lvxja38mk8r.kr/glossary/personal-rehabilitation
/glossary/personal-bankruptcy,개인파산,개인파산 뜻과 절차｜부산 법무사가 쉽게 설명 | 다옴법무사사무소,개인파산 뜻과 절차,glossary,개인파산,yes,https://xn--2j1br1na42lvxja38mk8r.kr/glossary/personal-bankruptcy
/glossary/discharge,면책,면책 뜻과 절차｜부산 법무사가 쉽게 설명 | 다옴법무사사무소,면책 뜻과 절차,glossary,면책,yes,https://xn--2j1br1na42lvxja38mk8r.kr/glossary/discharge
/glossary/company-establishment-registration,법인설립등기,법인설립등기 뜻과 절차｜부산 법무사가 쉽게 설명 | 다옴법무사사무소,법인설립등기 뜻과 절차,glossary,법인설립등기,yes,https://xn--2j1br1na42lvxja38mk8r.kr/glossary/company-establishment-registration
/glossary/director-change-registration,임원변경등기,임원변경등기 뜻과 절차｜부산 법무사가 쉽게 설명 | 다옴법무사사무소,임원변경등기 뜻과 절차,glossary,임원변경등기,yes,https://xn--2j1br1na42lvxja38mk8r.kr/glossary/director-change-registration
/glossary/head-office-move-registration,본점이전등기,본점이전등기 뜻과 절차｜부산 법무사가 쉽게 설명 | 다옴법무사사무소,본점이전등기 뜻과 절차,glossary,본점이전등기,yes,https://xn--2j1br1na42lvxja38mk8r.kr/glossary/head-office-move-registration
/glossary/purpose-change-registration,목적변경등기,목적변경등기 뜻과 절차｜부산 법무사가 쉽게 설명 | 다옴법무사사무소,목적변경등기 뜻과 절차,glossary,목적변경등기,yes,https://xn--2j1br1na42lvxja38mk8r.kr/glossary/purpose-change-registration
/glossary/dissolution-registration,해산등기,해산등기 뜻과 절차｜부산 법무사가 쉽게 설명 | 다옴법무사사무소,해산등기 뜻과 절차,glossary,해산등기,yes,https://xn--2j1br1na42lvxja38mk8r.kr/glossary/dissolution-registration
/glossary/liquidation-registration,청산등기,청산등기 뜻과 절차｜부산 법무사가 쉽게 설명 | 다옴법무사사무소,청산등기 뜻과 절차,glossary,청산등기,yes,https://xn--2j1br1na42lvxja38mk8r.kr/glossary/liquidation-registration
/강의이력,안윤정 법무사 강의 이력｜생활법률·전세사기·청년·창업 특강,안윤정 법무사 강의 이력｜생활법률·전세사기·청년·창업 특강,안윤정 법무사 강의·특강 이력,pillar,안윤정 법무사 강의 이력,yes,https://xn--2j1br1na42lvxja38mk8r.kr/%EA%B0%95%EC%9D%98%EC%9D%B4%EB%A0%A5
/강의이력/busan-citizen-library-life-law,시민도서관 생활법률 특강｜안윤정 법무사 강의 이력,시민도서관 생활법률 특강｜안윤정 법무사 강의 이력,부산광역시립시민도서관 생활법률 특강,pillar,부산광역시립시민도서관,yes,https://xn--2j1br1na42lvxja38mk8r.kr/%EA%B0%95%EC%9D%98%EC%9D%B4%EB%A0%A5/busan-citizen-library-life-law
/강의이력/busan-self-support-jeonse-prevention,자립지원전담기관 전세사기 예방｜안윤정 법무사 강의 이력,자립지원전담기관 전세사기 예방｜안윤정 법무사 강의 이력,부산광역시 자립지원전담기관 전세사기 예방 특강,pillar,부산광역시 자립지원전담기관,yes,https://xn--2j1br1na42lvxja38mk8r.kr/%EA%B0%95%EC%9D%98%EC%9D%B4%EB%A0%A5/busan-self-support-jeonse-prevention
/강의이력/busan-self-support-daily-dispute-survival,자립지원전담기관 일상분쟁 생존법｜안윤정 법무사 강의 이력,자립지원전담기관 일상분쟁 생존법｜안윤정 법무사 강의 이력,부산광역시 자립지원전담기관 일상분쟁 생존법 특강,pillar,부산광역시 자립지원전담기관,yes,https://xn--2j1br1na42lvxja38mk8r.kr/%EA%B0%95%EC%9D%98%EC%9D%B4%EB%A0%A5/busan-self-support-daily-dispute-survival
/강의이력/haeundae-youth-space-startup-law-2026-07,해운대청년채움공간 창업법률｜안윤정 법무사 강의 이력,해운대청년채움공간 창업법률｜안윤정 법무사 강의 이력,해운대청년채움공간 창업법률 특강,pillar,해운대청년채움공간,yes,https://xn--2j1br1na42lvxja38mk8r.kr/%EA%B0%95%EC%9D%98%EC%9D%B4%EB%A0%A5/haeundae-youth-space-startup-law-2026-07
/강의이력/changwon-youth-vision-center,창원청년비전센터 생활법률｜안윤정 법무사 강의 이력,창원청년비전센터 생활법률｜안윤정 법무사 강의 이력,창원청년비전센터 청년 생활법률 특강,pillar,창원청년비전센터,yes,https://xn--2j1br1na42lvxja38mk8r.kr/%EA%B0%95%EC%9D%98%EC%9D%B4%EB%A0%A5/changwon-youth-vision-center
/강의이력/yangsan-jeil-high-career-talk,양산제일고 진로특강｜안윤정 법무사 강의 이력,양산제일고 진로특강｜안윤정 법무사 강의 이력,양산제일고 법무사 진로특강,pillar,양산제일고,yes,https://xn--2j1br1na42lvxja38mk8r.kr/%EA%B0%95%EC%9D%98%EC%9D%B4%EB%A0%A5/yangsan-jeil-high-career-talk
/강의이력/haeundae-youth-job-growth-cafe,해운대 청년 JOB성장카페 강의｜안윤정 법무사 강의 이력,해운대 청년 JOB성장카페 강의｜안윤정 법무사 강의 이력,해운대 청년 JOB성장카페 청년 맞춤 법률 강의,pillar,해운대 청년 JOB성장카페,yes,https://xn--2j1br1na42lvxja38mk8r.kr/%EA%B0%95%EC%9D%98%EC%9D%B4%EB%A0%A5/haeundae-youth-job-growth-cafe
/강의이력/lh-busan-ccei-life-law,LH·창경 생활법률 프로그램｜안윤정 법무사 강의 이력,LH·창경 생활법률 프로그램｜안윤정 법무사 강의 이력,LH·부산창조경제혁신센터 청년·시민 생활법률 프로그램,pillar,LH · 부산창조경제혁신센터,yes,https://xn--2j1br1na42lvxja38mk8r.kr/%EA%B0%95%EC%9D%98%EC%9D%B4%EB%A0%A5/lh-busan-ccei-life-law
/강의이력/youth-jeonse-prevention-series,청년 전세사기 예방 시리즈｜안윤정 법무사 강의 이력,청년 전세사기 예방 시리즈｜안윤정 법무사 강의 이력,청년 전세사기 예방 오프라인 강의 시리즈,pillar,부산 지역 청년·기관 대상 출강,yes,https://xn--2j1br1na42lvxja38mk8r.kr/%EA%B0%95%EC%9D%98%EC%9D%B4%EB%A0%A5/youth-jeonse-prevention-series
/강의이력/youth-digital-law-guide,디지털 법률 가이드｜안윤정 법무사 강의 이력,디지털 법률 가이드｜안윤정 법무사 강의 이력,청년 디지털 법률 가이드 강의,pillar,부산 지역 청년·기관 대상 출강,yes,https://xn--2j1br1na42lvxja38mk8r.kr/%EA%B0%95%EC%9D%98%EC%9D%B4%EB%A0%A5/youth-digital-law-guide
/강의이력/youth-mistake-crime-lecture,실수로 범죄가 되는 순간들｜안윤정 법무사 강의 이력,실수로 범죄가 되는 순간들｜안윤정 법무사 강의 이력,청년 대상 생활 속 형사 리스크 예방 강의,pillar,부산 지역 청년·기관 대상 출강,yes,https://xn--2j1br1na42lvxja38mk8r.kr/%EA%B0%95%EC%9D%98%EC%9D%B4%EB%A0%A5/youth-mistake-crime-lecture
/강의이력/youth-life-law-basics,생활법률 기초｜안윤정 법무사 강의 이력,생활법률 기초｜안윤정 법무사 강의 이력,청년 대상 생활법률 기초 강의,pillar,부산 지역 청년·기관 대상 출강,yes,https://xn--2j1br1na42lvxja38mk8r.kr/%EA%B0%95%EC%9D%98%EC%9D%B4%EB%A0%A5/youth-life-law-basics
/강의이력/youth-housing-contract-guide,주거계약 실전 가이드｜안윤정 법무사 강의 이력,주거계약 실전 가이드｜안윤정 법무사 강의 이력,청년 주거계약 실전 가이드 강의,pillar,부산 지역 청년·기관 대상 출강,yes,https://xn--2j1br1na42lvxja38mk8r.kr/%EA%B0%95%EC%9D%98%EC%9D%B4%EB%A0%A5/youth-housing-contract-guide
/강의이력/busan-citizen-library-week-1,시민도서관 1회차 · 전·월세계약｜안윤정 법무사 강의 이력,시민도서관 1회차 · 전·월세계약｜안윤정 법무사 강의 이력,시민도서관 생활법률 1회차 · 전·월세계약,pillar,부산광역시립시민도서관,yes,https://xn--2j1br1na42lvxja38mk8r.kr/%EA%B0%95%EC%9D%98%EC%9D%B4%EB%A0%A5/busan-citizen-library-week-1
/강의이력/busan-citizen-library-week-2,시민도서관 2회차 · 분쟁 예방｜안윤정 법무사 강의 이력,시민도서관 2회차 · 분쟁 예방｜안윤정 법무사 강의 이력,시민도서관 생활법률 2회차 · 생활 분쟁 예방,pillar,부산광역시립시민도서관,yes,https://xn--2j1br1na42lvxja38mk8r.kr/%EA%B0%95%EC%9D%98%EC%9D%B4%EB%A0%A5/busan-citizen-library-week-2
/강의이력/busan-citizen-library-week-3,시민도서관 3회차 · 디지털 예방｜안윤정 법무사 강의 이력,시민도서관 3회차 · 디지털 예방｜안윤정 법무사 강의 이력,시민도서관 생활법률 3회차 · 디지털·형사 예방,pillar,부산광역시립시민도서관,yes,https://xn--2j1br1na42lvxja38mk8r.kr/%EA%B0%95%EC%9D%98%EC%9D%B4%EB%A0%A5/busan-citizen-library-week-3
/강의이력/busan-citizen-library-week-4,시민도서관 4회차 · 종합 정리｜안윤정 법무사 강의 이력,시민도서관 4회차 · 종합 정리｜안윤정 법무사 강의 이력,시민도서관 생활법률 4회차 · 종합 정리,pillar,부산광역시립시민도서관,yes,https://xn--2j1br1na42lvxja38mk8r.kr/%EA%B0%95%EC%9D%98%EC%9D%B4%EB%A0%A5/busan-citizen-library-week-4
/강의이력/youth-money-property-dispute,돈·부동산·관계 분쟁 예방｜안윤정 법무사 강의 이력,돈·부동산·관계 분쟁 예방｜안윤정 법무사 강의 이력,청년 돈·부동산·관계 분쟁 예방 특강,pillar,해운대·수영·동래 청년 대상 출강,yes,https://xn--2j1br1na42lvxja38mk8r.kr/%EA%B0%95%EC%9D%98%EC%9D%B4%EB%A0%A5/youth-money-property-dispute
/강의이력/youth-jeonse-legal-education,전세사기 예방 · 등기부·확정일자｜안윤정 법무사 강의 이력,전세사기 예방 · 등기부·확정일자｜안윤정 법무사 강의 이력,청년 전세사기 예방 법률교육 · 등기부·확정일자,pillar,부산 지역 청년·기관 대상 출강,yes,https://xn--2j1br1na42lvxja38mk8r.kr/%EA%B0%95%EC%9D%98%EC%9D%B4%EB%A0%A5/youth-jeonse-legal-education
/강의이력/youth-jeonse-most-sought,청년 전세사기 예방 · FAQ 중심｜안윤정 법무사 강의 이력,청년 전세사기 예방 · FAQ 중심｜안윤정 법무사 강의 이력,청년 전세사기 예방 강의 · 자주 묻는 질문 중심,pillar,부산 지역 청년·기관 대상 출강,yes,https://xn--2j1br1na42lvxja38mk8r.kr/%EA%B0%95%EC%9D%98%EC%9D%B4%EB%A0%A5/youth-jeonse-most-sought
/강의이력/youth-jeonse-offline-session,청년 전세사기 예방특강｜안윤정 법무사 강의 이력,청년 전세사기 예방특강｜안윤정 법무사 강의 이력,청년 전세사기 예방특강 오프라인 성료,pillar,부산 지역 청년·기관 대상 출강,yes,https://xn--2j1br1na42lvxja38mk8r.kr/%EA%B0%95%EC%9D%98%EC%9D%B4%EB%A0%A5/youth-jeonse-offline-session
/강의이력/youth-jeonse-vaccination,전세사기 예방접종 특강｜안윤정 법무사 강의 이력,전세사기 예방접종 특강｜안윤정 법무사 강의 이력,청년 전세사기 예방접종 특강,pillar,부산 지역 청년·기관 대상 출강,yes,https://xn--2j1br1na42lvxja38mk8r.kr/%EA%B0%95%EC%9D%98%EC%9D%B4%EB%A0%A5/youth-jeonse-vaccination
/cases/busan-personal-rehabilitation-consultation,사례 상세,사례 상세 | 다옴법무사사무소,사례 상세,core,다옴법무사사무소,no,https://xn--2j1br1na42lvxja38mk8r.kr/cases/busan-personal-rehabilitation-consultation
/cases/centum-ownership-transfer-case,사례 상세,사례 상세 | 다옴법무사사무소,사례 상세,core,다옴법무사사무소,no,https://xn--2j1br1na42lvxja38mk8r.kr/cases/centum-ownership-transfer-case
/cases/dongnae-qualified-acceptance-consultation,사례 상세,사례 상세 | 다옴법무사사무소,사례 상세,core,다옴법무사사무소,no,https://xn--2j1br1na42lvxja38mk8r.kr/cases/dongnae-qualified-acceptance-consultation
/cases/gijang-land-inheritance-case,사례 상세,사례 상세 | 다옴법무사사무소,사례 상세,core,다옴법무사사무소,no,https://xn--2j1br1na42lvxja38mk8r.kr/cases/gijang-land-inheritance-case
/cases/haeundae-inheritance-registration-case,사례 상세,사례 상세 | 다옴법무사사무소,사례 상세,core,다옴법무사사무소,no,https://xn--2j1br1na42lvxja38mk8r.kr/cases/haeundae-inheritance-registration-case
/cases/jaesong-inheritance-renunciation-consultation,사례 상세,사례 상세 | 다옴법무사사무소,사례 상세,core,다옴법무사사무소,no,https://xn--2j1br1na42lvxja38mk8r.kr/cases/jaesong-inheritance-renunciation-consultation
/cases/suyeong-company-establishment-case,사례 상세,사례 상세 | 다옴법무사사무소,사례 상세,core,다옴법무사사무소,no,https://xn--2j1br1na42lvxja38mk8r.kr/cases/suyeong-company-establishment-case
/cases/yeonje-director-change-case,사례 상세,사례 상세 | 다옴법무사사무소,사례 상세,core,다옴법무사사무소,no,https://xn--2j1br1na42lvxja38mk8r.kr/cases/yeonje-director-change-case
/press,언론·활동,언론·활동 | 다옴법무사사무소,언론·활동,core,다옴법무사사무소,no,https://xn--2j1br1na42lvxja38mk8r.kr/press
/press/weeklypeople-youth-judicial-scrivener-ahn,지역 법조계에 활력이 되는 청년 법무사! - 안윤정 다옴법무사사무소 대표 법무사,지역 법조계에 활력이 되는 청년 법무… | 다옴법무사사무소,지역 법조계에 활력이 되는 청년 법무사! - 안윤정 다옴법무사사무소 대표 법무사,core,다옴법무사사무소,no,https://xn--2j1br1na42lvxja38mk8r.kr/press/weeklypeople-youth-judicial-scrivener-ahn
/press/busan-mbc-news-fuel-price-relief-expert,부산 MBC NEWS 전문가 출연,부산 MBC NEWS 전문가 출연 | 다옴법무사사무소,부산 MBC NEWS 전문가 출연,core,다옴법무사사무소,no,https://xn--2j1br1na42lvxja38mk8r.kr/press/busan-mbc-news-fuel-price-relief-expert
/press/busan-ilbo-bar-association-64th-general-assembly,부산지방법무사회 제64회 정기총회 개최,부산지방법무사회 제64회 정기총회 개최 | 다옴법무사사무소,부산지방법무사회 제64회 정기총회 개최,core,다옴법무사사무소,no,https://xn--2j1br1na42lvxja38mk8r.kr/press/busan-ilbo-bar-association-64th-general-assembly
/press/kukje-sinmun-bar-association-64th-general-assembly,부산지방법무사회 정기총회 “공익 법률서비스 확대 강화”,부산지방법무사회 정기총회 “공익 법률… | 다옴법무사사무소,부산지방법무사회 정기총회 “공익 법률서비스 확대 강화”,core,다옴법무사사무소,no,https://xn--2j1br1na42lvxja38mk8r.kr/press/kukje-sinmun-bar-association-64th-general-assembly
/press/beopryul-sinmun-bar-association-64th-general-assembly,"부산지방법무사회, 제64회 정기총회 개최","부산지방법무사회, 제64회 정기총회 개최 | 다옴법무사사무소","부산지방법무사회, 제64회 정기총회 개최",core,다옴법무사사무소,no,https://xn--2j1br1na42lvxja38mk8r.kr/press/beopryul-sinmun-bar-association-64th-general-assembly
