url,first_500,main_body_word_count,fingerprint
/,"부산 법무사 다옴법무사사무소입니다. 안윤정 법무사가 상속등기·부동산등기·법인등기·개인회생·파산 등 필요한 절차와 준비서류를 직접 상담·안내합니다. 부산 법무사 다옴법무사사무소입니다. 안윤정 법무사가 상속등기·부동산등기·법인등기·개인회생·파산 등 필요한 절차와 준비서류를 직접 상담·안내합니다. 부산 해운대구·센텀에 위치한 다옴법무사사무소 안윤정 법무사가 절차·서류·비용을 항목별로 설명드립니다. 막막할수록 지금 무엇부터 해야 하는지부터 정리하는 것이 우선이라고 생각합니다. 주요 업무 상속등기·부동산등기·법인등기·개인회생·파산 등 부산 전역 사건을 상담합니다. 상속등기·상속포기·한정승인 부동산등기·소유권이전등기 법인설립·임원변경등기 개인회생·파산 상담 시 확인하는 내용 다옴법무사사무소 사건은 서류·관할·기한에 따라 진행 순서가 달라집니다. 다옴법무사사무소는 부산 해운대구·센텀에서 상속등기·부동산등기·법인등기·개인회생·파산 등을 다루며, 의뢰인 상황에 맞춰 절차와 비용을 알기 쉽게 설명합니",156,5344af6420d8626b
/1분간편상담,"선택 카드로 상황을 고르고 연락처만 남기면 됩니다. 자세히 정리하지 않으셔도 확인에 도움이 됩니다. 선택 카드로 상황을 고르고 연락처만 남기면 됩니다. 자세히 정리하지 않으셔도 확인에 도움이 됩니다. 선택 카드로 상황을 고르고 연락처만 남기면 됩니다. 자세히 정리하지 않으셔도 확인에 도움이 됩니다. 비용 안내 상담 문의 자체는 상황 확인을 위한 것이며, 수임료·공과금은 사건 확인 후 구분해 안내합니다. 관할·접근 안내 남겨주신 상황을 확인한 뒤 관할·서류·절차를 안내합니다. 확정 견적은 사건 확인 후입니다. 연락처 대략적인 상황 법무사 의견 업무명을 몰라도, 서류가 없어도 현재 상황만 알려 주시면 됩니다. 필요한 절차를 확인한 뒤 안내드립니다. 상담 시 확인하는 내용 1분 간편 상담 사건은 서류·관할·기한에 따라 진행 순서가 달라집니다. 다옴법무사사무소는 부산 해운대구·센텀에서 상속등기·부동산등기·법인등기·개인회생·파산 등을 다루며, 의뢰인 상황에 맞춰 절차와 비용을 알기 쉽게 설명",185,56d30899c5a9e2cc
/가설컨테이너등기가능여부,"가설·컨테이너는 건축물대장·존치 성격을 본 뒤 등기 검토 여부를 가립니다. 현장 설치만으로 보존등기가 되지는 않습니다. 가설·컨테이너는 건축물대장·존치 성격을 본 뒤 등기 검토 여부를 가립니다. 현장 설치만으로 보존등기가 되지는 않습니다. 임시·가설·컨테이너 시설은 영구건물 보존등기와 전제가 다릅니다. 대장·허가 성격부터 확인해야 합니다. 비용 안내 비용은 등기 실익 여부, 행정 전환(일반건축) 비용은 등기 외 등에 따라 달라질 수 있습니다. 관할·접근 안내 부동산 소재지 관할 등기소 기준으로 접수하며, 부산 해운대·센텀 다옴법무사사무소에서 상담·수임을 진행합니다. 사무소: 부산광역시 해운대구 센텀동로 200 D동 1층 LAB9호 법무사는 부동산등기(건물·토지) 신청·서류 작성·접수 대리 등 등기 관련 업무를 지원합니다. 건축 인허가·철거 공사·세무·소송대리는 별도 전문 영역이며, 사안별로 지원 범위를 확인합니다. 결과를 보장하거나 ‘무조건 해결’로 안내하지 않습니다. 법무사 의견 ",216,462efa53ae80ae54
/가압류신청서류준비,"상대방 재산에 가압류를 검토할 때는 ‘무엇을 청구하는지’, ‘어떤 재산을 대상으로 하는지’, ‘관할·담보·입증자료가 있는지’를 먼저 모아야 합니다. 이 페이지는 가압류 신청 서류 준비에 초점을 두며, 부산 가압류말소등기(이미 찍힌 가압류를 지우는 등기)와 목적이 다릅니다. 상대방 재산에 가압류를 검토할 때는 ‘무엇을 청구하는지’, ‘어떤 재산을 대상으로 하는지’, ‘관할·담보·입증자료가 있는지’를 먼저 모아야 합니다. 이 페이지는 가압류 신청 서류 준비에 초점을 두며, 부산 가압류말소등기(이미 찍힌 가압류를 지우는 등기)와 목적이 다릅니다. 상대방 재산에 가압류를 검토할 때는 ‘무엇을 청구하는지’, ‘어떤 재산을 대상으로 하는지’, ‘관할·담보·입증자료가 있는지’를 먼저 모아야 합니다. 이 페이지는 가압류 신청 서류 준비에 초점을 두며, 부산 가압류말소등기(이미 찍힌 가압류를 지우는 등기)와 목적이 다릅니다. 상담 시 확인하는 내용 가압류 신청 서류 준비 사건은 서류·관할·기한에 따",215,f63cdc008f4e2853
/가족후견,"성년후견·한정후견·임의후견은 가정법원 가사 사건으로, 신청 사유와 감정·조사 절차에 따라 소요 기간이 달라집니다. 상속이 진행 중인데 상속인이 행방불명이거나 미성년자인 경우 상속특별대리인·미성년자특별대리인 선임이 필요할 수 있습니다. 가족관계등록 정정·개명·실종선고 등도 가사비송 절차입니다. 다옴법무사사무소는 부산가정법원 관할과 준비서류를 안내합니다. 성년후견·한정후견·임의후견은 가정법원 가사 사건으로, 신청 사유와 감정·조사 절차에 따라 소요 기간이 달라집니다. 상속이 진행 중인데 상속인이 행방불명이거나 미성년자인 경우 상속특별대리인·미성년자특별대리인 선임이 필요할 수 있습니다. 가족관계등록 정정·개명·실종선고 등도 가사비송 절차입니다. 다옴법무사사무소는 부산가정법원 관할과 준비서류를 안내합니다. 후견·가사 사건은 가족 관계와 피성년·피후견인 상황에 따라 신청 요건이 달라집니다. 상담 시 기본 사실관계를 확인해드리겠습니다. 후견·특별대리인 후견 개시는 가정법원 심판으로, 신청서와 ",293,50789b3f17f1e73d
/가처분신청서류준비,"가처분은 금전채권을 잡는 가압류와 목적이 다릅니다. 점유이전금지·처분금지·건축금지처럼 ‘현상·권리 상태’를 임시로 고정하려는 보전처분이며, 무엇을 보전하려는지·왜 지금 필요한지·대상이 무엇인지가 서류의 중심입니다. 가처분은 금전채권을 잡는 가압류와 목적이 다릅니다. 점유이전금지·처분금지·건축금지처럼 ‘현상·권리 상태’를 임시로 고정하려는 보전처분이며, 무엇을 보전하려는지·왜 지금 필요한지·대상이 무엇인지가 서류의 중심입니다. 가처분은 금전채권을 잡는 가압류와 목적이 다릅니다. 점유이전금지·처분금지·건축금지처럼 ‘현상·권리 상태’를 임시로 고정하려는 보전처분이며, 무엇을 보전하려는지·왜 지금 필요한지·대상이 무엇인지가 서류의 중심입니다. 상담 시 확인하는 내용 가처분 신청 서류 준비 사건은 서류·관할·기한에 따라 진행 순서가 달라집니다. 다옴법무사사무소는 부산 해운대구·센텀에서 상속등기·부동산등기·법인등기·개인회생·파산 등을 다루며, 의뢰인 상황에 맞춰 절차와 비용을 알기 쉽게 설명합",163,c848798820965e40
/감정평가법인설립등기,"감정평가법인 설립등기는 설립 인가·등록 후 관할 등기소에 접수합니다. 법무사는 등기 단계만 지원합니다. 감정평가법인 설립등기는 설립 인가·등록 후 관할 등기소에 접수합니다. 법무사는 등기 단계만 지원합니다. 감정평가법인은 감정평가 및 감정평가사에 관한 법률에 따른 법인으로, 설립 인가·등록 후 설립등기를 합니다. 상담 시 확인하는 내용 감정평가법인 설립등기 사건은 서류·관할·기한에 따라 진행 순서가 달라집니다. 다옴법무사사무소는 부산 해운대구·센텀에서 상속등기·부동산등기·법인등기·개인회생·파산 등을 다루며, 의뢰인 상황에 맞춰 절차와 비용을 알기 쉽게 설명합니다. 불확실한 부분은 추측으로 단정하지 않고, 확인된 사실을 바탕으로 안내드립니다. 전화·카카오톡·네이버 톡톡으로 간단히 상황을 남겨 주시면 필요한 준비부터 차분히 정리해 드리겠습니다. 감정평가도 법무사가 하나요? 하지 않습니다. 감정평가는 감정평가사 영역입니다. 법무사는 법인 등기만 지원합니다. 감정평가법인 설립등기 상담은 어",132,481cef28d8ccd92a
/강사소개,"현직 법무사로서 법률 실무와 교육 경험을 바탕으로, 공공기관·도서관·청년기관·학교 대상 생활법률 특강을 구성합니다. 확인된 출강 이력만 공개합니다. 현직 법무사로서 법률 실무와 교육 경험을 바탕으로, 공공기관·도서관·청년기관·학교 대상 생활법률 특강을 구성합니다. 확인된 출강 이력만 공개합니다. 현직 법무사로서 법률 실무와 교육 경험을 바탕으로, 공공기관·도서관·청년기관·학교 대상 생활법률 특강을 구성합니다. 확인된 출강 이력만 공개합니다. 상담 시 확인하는 내용 안윤정 법무사 강사 소개 사건은 서류·관할·기한에 따라 진행 순서가 달라집니다. 다옴법무사사무소는 부산 해운대구·센텀에서 상속등기·부동산등기·법인등기·개인회생·파산 등을 다루며, 의뢰인 상황에 맞춰 절차와 비용을 알기 쉽게 설명합니다. 불확실한 부분은 추측으로 단정하지 않고, 확인된 사실을 바탕으로 안내드립니다. 전화·카카오톡·네이버 톡톡으로 간단히 상황을 남겨 주시면 필요한 준비부터 차분히 정리해 드리겠습니다. 법무사 소",157,c14878958de3f814
/강서구공장멸실등기,"강서구 공장 멸실등기는 산업용 다동·담보·토지 매도 일정과 맞춰, 철거 범위만큼 등기부를 정리하는 것이 핵심입니다. 강서구 공장 멸실등기는 산업용 다동·담보·토지 매도 일정과 맞춰, 철거 범위만큼 등기부를 정리하는 것이 핵심입니다. 강서구는 부산의 대표적 산업·물류 권역으로, 공장·창고용 건축물의 신축·이전·철거와 맞물린 멸실등기 상담이 이어집니다. 비용 안내 비용은 동 수·면적, 담보·가압류 정리, 법인·공동소유 등에 따라 달라질 수 있습니다. 관할·접근 안내 부동산 소재지 관할 등기소 기준으로 접수하며, 부산 해운대·센텀 다옴법무사사무소에서 상담·수임을 진행합니다. 사무소: 부산광역시 해운대구 센텀동로 200 D동 1층 LAB9호 법무사는 부동산등기(건물·토지) 신청·서류 작성·접수 대리 등 등기 관련 업무를 지원합니다. 건축 인허가·철거 공사·세무·소송대리는 별도 전문 영역이며, 사안별로 지원 범위를 확인합니다. 결과를 보장하거나 ‘무조건 해결’로 안내하지 않습니다. 법무사 의",214,7fbc710f71cf9117
/강서구법무사,강서구에서 법무사를 찾으시면 명지 신도시 주거·법인과 녹산·신항 산업단지 공장 부동산을 나눠 보시면 됩니다. 이 페이지에서는 법인설립·공장·신축 등기를 중심으로 설명합니다. 다옴법무사사무소는 해운대 센텀에서 강서구 사건을 상담합니다. 강서구에서 법무사를 찾으시면 명지 신도시 주거·법인과 녹산·신항 산업단지 공장 부동산을 나눠 보시면 됩니다. 이 페이지에서는 법인설립·공장·신축 등기를 중심으로 설명합니다. 다옴법무사사무소는 해운대 센텀에서 강서구 사건을 상담합니다. 강서구 부동산등기는 서부지원 등기과 관할입니다. 에코델타·명지국제신도시 법인 안내는 해당 페이지로 이어집니다. 공장 부지는 토지·건물 명의가 어긋난 경우가 있어 등기부부터 대조합니다. 이 페이지에서 다루는 강서구 업무 통계로 ‘많다’고 단정하지 않습니다. 강서구 검색 의도에 맞춰 아래 업무를 중심으로 안내합니다. 법인설립: 신도시·산업단지 본점 명지: 명지 생활권 신축 보존: 사용승인 후 등기부 부동산등기: 공장·주택 이전,406,f127afd3b3e9616c
/강서구법인등기,강서구 법인등기 문의는 소재지·채무·협의 상태에 따라 준비 순서가 달라집니다. 대저·명지·녹산 일대 신도시·산업단지 인근 법인·부동산 등기 수요가 있는 구입니다. 주식회사·유한회사 등 법인의 설립 이후 변경·이전 등기를 처리합니다. 센텀·서면 일대 법인 설립·임원변경·본점이전을 안내합니다. 상담 시 서류·일정·비용 범위를 항목별로 안내합니다. 강서구 법인등기 문의는 소재지·채무·협의 상태에 따라 준비 순서가 달라집니다. 대저·명지·녹산 일대 신도시·산업단지 인근 법인·부동산 등기 수요가 있는 구입니다. 주식회사·유한회사 등 법인의 설립 이후 변경·이전 등기를 처리합니다. 센텀·서면 일대 법인 설립·임원변경·본점이전을 안내합니다. 상담 시 서류·일정·비용 범위를 항목별로 안내합니다. 대저·명지·녹산 일대 신도시·산업단지 인근 법인·부동산 등기 수요가 있는 구입니다. 주식회사·유한회사 등 법인의 설립 이후 변경·이전 등기를 처리합니다. 센텀·서면 일대 법인 설립·임원변경·본점이전을 안내,483,3192212c50c97894
/강서구법인설립등기,법인설립등기을(를) 강서구 기준으로 볼 때는 동일 절차라도 등기소·법원 창구가 사건별로 갈릴 수 있습니다. 대저·명지·녹산 일대 신도시·산업단지 인근 법인·부동산 등기 수요가 있는 구입니다. 정관 작성·자본금 납입·설립 등기까지 창업 초기 법인 설립 절차를 지원합니다. 상담 시 서류·일정·비용 범위를 항목별로 안내합니다. 법인설립등기을(를) 강서구 기준으로 볼 때는 동일 절차라도 등기소·법원 창구가 사건별로 갈릴 수 있습니다. 대저·명지·녹산 일대 신도시·산업단지 인근 법인·부동산 등기 수요가 있는 구입니다. 정관 작성·자본금 납입·설립 등기까지 창업 초기 법인 설립 절차를 지원합니다. 상담 시 서류·일정·비용 범위를 항목별로 안내합니다. 대저·명지·녹산 일대 신도시·산업단지 인근 법인·부동산 등기 수요가 있는 구입니다. 정관 작성·자본금 납입·설립 등기까지 창업 초기 법인 설립 절차를 지원합니다. 지역별 업무 상황 전자등기 가능 사건과 방문 열람이 필요한 사건을 분리해 일정을 잡습,487,cacbab5f8dafe170
/강서구부동산등기,"강서구(명지·대저·가락·녹산 일대) 부동산등기는 신도시·산업·농지·물류 성격이 섞여 있습니다. 택지·공장·창고·아파트마다 준비 포인트가 달라 원인과 지목을 먼저 확인합니다. 강서구(명지·대저·가락·녹산 일대) 부동산등기는 신도시·산업·농지·물류 성격이 섞여 있습니다. 택지·공장·창고·아파트마다 준비 포인트가 달라 원인과 지목을 먼저 확인합니다. 강서구(명지·대저·가락·녹산 일대) 부동산등기는 신도시·산업·농지·물류 성격이 섞여 있습니다. 택지·공장·창고·아파트마다 준비 포인트가 달라 원인과 지목을 먼저 확인합니다. 강서구 부동산등기에서 먼저 가르는 것 주거(명지 아파트·오피스텔)인지, 산업·물류(녹산·지사)인지, 농지·임야인지에 따라 계약·인허가·등기 서류가 달라집니다. 주소와 부동산 종류만 알려 주셔도 1차 분기가 가능합니다. 산업단지·신도시 일정 공장·창고는 법인 본점·지점 등기와 맞물리는 경우가 있습니다. 신도시 잔금은 분양·중도금·대출 실행일과 소유권이전을 연동해 안내합니다.",247,d8e14582b3cb36f8
/강서구상속등기,"강서구 상속등기는 명지 신도시 아파트, 대저·가락 농지·창고, 녹산 산업 재산이 섞일 수 있습니다. 부동산 유형을 먼저 나눠야 서류와 관할이 정리됩니다. 강서구 상속등기는 명지 신도시 아파트, 대저·가락 농지·창고, 녹산 산업 재산이 섞일 수 있습니다. 부동산 유형을 먼저 나눠야 서류와 관할이 정리됩니다. 강서구 상속등기는 명지 신도시 아파트, 대저·가락 농지·창고, 녹산 산업 재산이 섞일 수 있습니다. 부동산 유형을 먼저 나눠야 서류와 관할이 정리됩니다. 강서구 상속재산 유형 분기 아파트·오피스텔인지, 농지·임야인지, 공장·창고인지에 따라 준비 서류가 달라집니다. 여러 유형이 함께 있으면 목록을 분리합니다. 신도시·산업·농지 명지 아파트는 협의·취득세·등기 순으로 진행하고, 녹산·지사 재산은 법인·인허가 연동을 봅니다. 비용·기한 필지 수·유형·상속인 수에 따라 달라집니다. 포기·한정승인 기한은 별도입니다. 관련 허브로 이어가기 강서구 상속등기 세부 안내는 이 페이지에서, 업무 선",251,6a1e2a8657ea22ba
/강서구상속포기,상속포기을(를) 강서구 기준으로 볼 때는 동일 절차라도 등기소·법원 창구가 사건별로 갈릴 수 있습니다. 대저·명지·녹산 일대 신도시·산업단지 인근 법인·부동산 등기 수요가 있는 구입니다. 상속 재산보다 채무가 많을 때 상속을 포기하는 가사 신고 절차입니다. 부산가정법원 관할 사건을 안내합니다. 상담 시 서류·일정·비용 범위를 항목별로 안내합니다. 상속포기을(를) 강서구 기준으로 볼 때는 동일 절차라도 등기소·법원 창구가 사건별로 갈릴 수 있습니다. 대저·명지·녹산 일대 신도시·산업단지 인근 법인·부동산 등기 수요가 있는 구입니다. 상속 재산보다 채무가 많을 때 상속을 포기하는 가사 신고 절차입니다. 부산가정법원 관할 사건을 안내합니다. 상담 시 서류·일정·비용 범위를 항목별로 안내합니다. 대저·명지·녹산 일대 신도시·산업단지 인근 법인·부동산 등기 수요가 있는 구입니다. 상속 재산보다 채무가 많을 때 상속을 포기하는 가사 신고 절차입니다. 부산가정법원 관할 사건을 안내합니다. 지역별,502,58c58367aa393f9a
/강서구선박등기,강서구 선박등기 문의는 소재지·채무·협의 상태에 따라 준비 순서가 달라집니다. 대저·명지·녹산 일대 신도시·산업단지 인근 법인·부동산 등기 수요가 있는 구입니다. 선박·어선 소유권 이전·저당 등 선박 등기를 지원합니다. 부산 항만·해운 업체 상담을 안내합니다. 상담 시 서류·일정·비용 범위를 항목별로 안내합니다. 강서구 선박등기 문의는 소재지·채무·협의 상태에 따라 준비 순서가 달라집니다. 대저·명지·녹산 일대 신도시·산업단지 인근 법인·부동산 등기 수요가 있는 구입니다. 선박·어선 소유권 이전·저당 등 선박 등기를 지원합니다. 부산 항만·해운 업체 상담을 안내합니다. 상담 시 서류·일정·비용 범위를 항목별로 안내합니다. 대저·명지·녹산 일대 신도시·산업단지 인근 법인·부동산 등기 수요가 있는 구입니다. 선박·어선 소유권 이전·저당 등 선박 등기를 지원합니다. 부산 항만·해운 업체 상담을 안내합니다. 선박등기 회생·파산 경로에서는 소득·재산·채무 목록 정합성을 신청서 품질의 기준으로,471,0aa3a8726436396d
/강서구임원변경등기,강서구 임원변경등기 문의는 소재지·채무·협의 상태에 따라 준비 순서가 달라집니다. 대저·명지·녹산 일대 신도시·산업단지 인근 법인·부동산 등기 수요가 있는 구입니다. 대표이사·이사·감사 변경에 따른 법인 등기입니다. 결의일로부터 등기 기한 준수가 중요합니다. 상담 시 서류·일정·비용 범위를 항목별로 안내합니다. 강서구 임원변경등기 문의는 소재지·채무·협의 상태에 따라 준비 순서가 달라집니다. 대저·명지·녹산 일대 신도시·산업단지 인근 법인·부동산 등기 수요가 있는 구입니다. 대표이사·이사·감사 변경에 따른 법인 등기입니다. 결의일로부터 등기 기한 준수가 중요합니다. 상담 시 서류·일정·비용 범위를 항목별로 안내합니다. 대저·명지·녹산 일대 신도시·산업단지 인근 법인·부동산 등기 수요가 있는 구입니다. 대표이사·이사·감사 변경에 따른 법인 등기입니다. 결의일로부터 등기 기한 준수가 중요합니다. 지역별 업무 상황 등기원인 문구와 검인·취득세 완납 증빙이 일치하는지 접수 직전에 재확인합니,462,1d68cd2cd1d4af53
/강서구한정승인,한정승인을(를) 강서구 기준으로 볼 때는 동일 절차라도 등기소·법원 창구가 사건별로 갈릴 수 있습니다. 대저·명지·녹산 일대 신도시·산업단지 인근 법인·부동산 등기 수요가 있는 구입니다. 상속 재산 범위 내에서만 채무를 변제하고 상속을 승인하는 절차입니다. 채무 조사 후 상속등기와 연계됩니다. 상담 시 서류·일정·비용 범위를 항목별로 안내합니다. 한정승인을(를) 강서구 기준으로 볼 때는 동일 절차라도 등기소·법원 창구가 사건별로 갈릴 수 있습니다. 대저·명지·녹산 일대 신도시·산업단지 인근 법인·부동산 등기 수요가 있는 구입니다. 상속 재산 범위 내에서만 채무를 변제하고 상속을 승인하는 절차입니다. 채무 조사 후 상속등기와 연계됩니다. 상담 시 서류·일정·비용 범위를 항목별로 안내합니다. 대저·명지·녹산 일대 신도시·산업단지 인근 법인·부동산 등기 수요가 있는 구입니다. 상속 재산 범위 내에서만 채무를 변제하고 상속을 승인하는 절차입니다. 채무 조사 후 상속등기와 연계됩니다. 지역별,504,1a8f0d398c667cda
/강의문의,"공공기관·기업·도서관·청년기관·학교에서 생활법률·전세사기·창업법률 특강이 필요할 때, 안윤정 법무사가 대상과 시간에 맞춰 구성합니다. 공공기관·기업·도서관·청년기관·학교에서 생활법률·전세사기·창업법률 특강이 필요할 때, 안윤정 법무사가 대상과 시간에 맞춰 구성합니다. 공공기관·기업·도서관·청년기관·학교에서 생활법률·전세사기·창업법률 특강이 필요할 때, 안윤정 법무사가 대상과 시간에 맞춰 구성합니다. 상담 시 확인하는 내용 부산 강의 문의 사건은 서류·관할·기한에 따라 진행 순서가 달라집니다. 다옴법무사사무소는 부산 해운대구·센텀에서 상속등기·부동산등기·법인등기·개인회생·파산 등을 다루며, 의뢰인 상황에 맞춰 절차와 비용을 알기 쉽게 설명합니다. 불확실한 부분은 추측으로 단정하지 않고, 확인된 사실을 바탕으로 안내드립니다. 전화·카카오톡·네이버 톡톡으로 간단히 상황을 남겨 주시면 필요한 준비부터 차분히 정리해 드리겠습니다. 어떤 주제가 가능한가요? 생활법률, 전세사기 예방, 청년 주거",289,2fc8509a69cb6fe5
/강의시간별구성,"같은 주제라도 60분과 3~4시간은 전혀 다른 강의가 됩니다. 시간에 맞춰 무엇을 넣고 무엇을 줄일지 기준을 정리했고, 페이지 하단 형식 가이드에서 시간대별 적합 상황도 함께 확인하실 수 있습니다. 순수 강의 시간을 기준으로 목차를 설계해 주세요. 개회·휴식은 별도로 계산합니다. 시간만 정해져 있어도 주제 후보를 제안할 수 있습니다. 같은 주제라도 60분과 3~4시간은 전혀 다른 강의가 됩니다. 시간에 맞춰 무엇을 넣고 무엇을 줄일지 기준을 정리했고, 페이지 하단 형식 가이드에서 시간대별 적합 상황도 함께 확인하실 수 있습니다. 순수 강의 시간을 기준으로 목차를 설계해 주세요. 개회·휴식은 별도로 계산합니다. 시간만 정해져 있어도 주제 후보를 제안할 수 있습니다. 같은 주제라도 60분과 3~4시간은 전혀 다른 강의가 됩니다. 시간에 맞춰 무엇을 넣고 무엇을 줄일지 기준을 정리했고, 페이지 하단 형식 가이드에서 시간대별 적합 상황도 함께 확인하실 수 있습니다. 순수 강의 시간을 기준으",307,3e8071ab974ab90a
/강의이력,"확인된 기관·일정·현장 사진만 바탕으로 강의 이력을 정리합니다. 네이버 블로그 원문은 참고 링크로만 연결하며, 본문을 복제하지 않습니다. 확인된 기관·일정·현장 사진만 바탕으로 강의 이력을 정리합니다. 네이버 블로그 원문은 참고 링크로만 연결하며, 본문을 복제하지 않습니다. 확인된 강의 이력 22건을 기관·주제·대상별로 살펴볼 수 있습니다. 상담 시 확인하는 내용 안윤정 법무사 강의 이력 사건은 서류·관할·기한에 따라 진행 순서가 달라집니다. 다옴법무사사무소는 부산 해운대구·센텀에서 상속등기·부동산등기·법인등기·개인회생·파산 등을 다루며, 의뢰인 상황에 맞춰 절차와 비용을 알기 쉽게 설명합니다. 불확실한 부분은 추측으로 단정하지 않고, 확인된 사실을 바탕으로 안내드립니다. 전화·카카오톡·네이버 톡톡으로 간단히 상황을 남겨 주시면 필요한 준비부터 차분히 정리해 드리겠습니다. 안윤정 법무사 강의 이력 상담은 어디서 받을 수 있나요? 다옴법무사사무소는 해운대구 센텀에 있으며, 부산 전역 ",148,db94e5fbaf8cfa27
/강의이력/busan-citizen-library-life-law,"부산광역시립시민도서관에서 진행한 성인 야간 생활법률 특강입니다. 전·월세계약, 생활 속 분쟁, 디지털·형사 예방 주제를 회차로 나누어 사례 중심으로 안내했습니다. 부산광역시립시민도서관에서 진행한 성인 야간 생활법률 특강입니다. 전·월세계약, 생활 속 분쟁, 디지털·형사 예방 주제를 회차로 나누어 사례 중심으로 안내했습니다. 부산광역시립시민도서관 · 2025~2026 · 시민·성인 수강생 상담 시 확인하는 내용 시민도서관 생활법률 특강｜안윤정 법무사 강의 이력 사건은 서류·관할·기한에 따라 진행 순서가 달라집니다. 다옴법무사사무소는 부산 해운대구·센텀에서 상속등기·부동산등기·법인등기·개인회생·파산 등을 다루며, 의뢰인 상황에 맞춰 절차와 비용을 알기 쉽게 설명합니다. 불확실한 부분은 추측으로 단정하지 않고, 확인된 사실을 바탕으로 안내드립니다. 전화·카카오톡·네이버 톡톡으로 간단히 상황을 남겨 주시면 필요한 준비부터 차분히 정리해 드리겠습니다. 시민도서관 생활법률 특강｜안윤정 법무사 ",154,14c16f6f05b94e84
/강의이력/busan-citizen-library-week-1,"부산광역시립시민도서관 생활법률 시리즈 1회차로, 전·월세계약에서 꼭 확인할 서류를 사례로 안내했습니다. 부산광역시립시민도서관 생활법률 시리즈 1회차로, 전·월세계약에서 꼭 확인할 서류를 사례로 안내했습니다. 부산광역시립시민도서관 · 2026-06 · 시민·성인 수강생 상담 시 확인하는 내용 시민도서관 1회차 · 전·월세계약｜안윤정 법무사 강의 이력 사건은 서류·관할·기한에 따라 진행 순서가 달라집니다. 다옴법무사사무소는 부산 해운대구·센텀에서 상속등기·부동산등기·법인등기·개인회생·파산 등을 다루며, 의뢰인 상황에 맞춰 절차와 비용을 알기 쉽게 설명합니다. 불확실한 부분은 추측으로 단정하지 않고, 확인된 사실을 바탕으로 안내드립니다. 전화·카카오톡·네이버 톡톡으로 간단히 상황을 남겨 주시면 필요한 준비부터 차분히 정리해 드리겠습니다. 시민도서관 1회차 · 전·월세계약｜안윤정 법무사 강의 이력 상담은 어디서 받을 수 있나요? 다옴법무사사무소는 해운대구 센텀에 있으며, 부산 전역 사건을 ",140,c8bfc4446ca6bbc7
/강의이력/busan-citizen-library-week-2,"일상에서 자주 생기는 금전·관계 분쟁을 예방 관점에서 정리한 시민도서관 2회차 특강입니다. 일상에서 자주 생기는 금전·관계 분쟁을 예방 관점에서 정리한 시민도서관 2회차 특강입니다. 부산광역시립시민도서관 · 2026-06 · 시민·성인 수강생 상담 시 확인하는 내용 시민도서관 2회차 · 분쟁 예방｜안윤정 법무사 강의 이력 사건은 서류·관할·기한에 따라 진행 순서가 달라집니다. 다옴법무사사무소는 부산 해운대구·센텀에서 상속등기·부동산등기·법인등기·개인회생·파산 등을 다루며, 의뢰인 상황에 맞춰 절차와 비용을 알기 쉽게 설명합니다. 불확실한 부분은 추측으로 단정하지 않고, 확인된 사실을 바탕으로 안내드립니다. 전화·카카오톡·네이버 톡톡으로 간단히 상황을 남겨 주시면 필요한 준비부터 차분히 정리해 드리겠습니다. 시민도서관 2회차 · 분쟁 예방｜안윤정 법무사 강의 이력 상담은 어디서 받을 수 있나요? 다옴법무사사무소는 해운대구 센텀에 있으며, 부산 전역 사건을 전화·카카오톡·네이버 톡톡·방",144,e5470e309930b40c
/강의이력/busan-citizen-library-week-3,"온라인·일상에서 쉽게 놓치는 명예훼손·개인정보·형사 리스크를 예방 중심으로 안내한 3회차입니다. 온라인·일상에서 쉽게 놓치는 명예훼손·개인정보·형사 리스크를 예방 중심으로 안내한 3회차입니다. 부산광역시립시민도서관 · 2026-06 · 시민·성인 수강생 상담 시 확인하는 내용 시민도서관 3회차 · 디지털 예방｜안윤정 법무사 강의 이력 사건은 서류·관할·기한에 따라 진행 순서가 달라집니다. 다옴법무사사무소는 부산 해운대구·센텀에서 상속등기·부동산등기·법인등기·개인회생·파산 등을 다루며, 의뢰인 상황에 맞춰 절차와 비용을 알기 쉽게 설명합니다. 불확실한 부분은 추측으로 단정하지 않고, 확인된 사실을 바탕으로 안내드립니다. 전화·카카오톡·네이버 톡톡으로 간단히 상황을 남겨 주시면 필요한 준비부터 차분히 정리해 드리겠습니다. 시민도서관 3회차 · 디지털 예방｜안윤정 법무사 강의 이력 상담은 어디서 받을 수 있나요? 다옴법무사사무소는 해운대구 센텀에 있으며, 부산 전역 사건을 전화·카카오톡·",140,a7821fdd6c3ab9ff
/강의이력/busan-citizen-library-week-4,"4주 과정의 핵심 체크리스트를 다시 정리하며, 현장에서 바로 적용할 순서를 복습한 마무리 회차입니다. 4주 과정의 핵심 체크리스트를 다시 정리하며, 현장에서 바로 적용할 순서를 복습한 마무리 회차입니다. 부산광역시립시민도서관 · 2026-06 · 시민·성인 수강생 상담 시 확인하는 내용 시민도서관 4회차 · 종합 정리｜안윤정 법무사 강의 이력 사건은 서류·관할·기한에 따라 진행 순서가 달라집니다. 다옴법무사사무소는 부산 해운대구·센텀에서 상속등기·부동산등기·법인등기·개인회생·파산 등을 다루며, 의뢰인 상황에 맞춰 절차와 비용을 알기 쉽게 설명합니다. 불확실한 부분은 추측으로 단정하지 않고, 확인된 사실을 바탕으로 안내드립니다. 전화·카카오톡·네이버 톡톡으로 간단히 상황을 남겨 주시면 필요한 준비부터 차분히 정리해 드리겠습니다. 시민도서관 4회차 · 종합 정리｜안윤정 법무사 강의 이력 상담은 어디서 받을 수 있나요? 다옴법무사사무소는 해운대구 센텀에 있으며, 부산 전역 사건을 전화·카",148,63a231e9f2465ca7
/강의이력/busan-self-support-daily-dispute-survival,"일상에서 자주 마주치는 분쟁 상황을 예방·대응 관점에서 정리한 특강입니다. 계약·금전·관계 이슈의 확인 포인트를 사례 중심으로 안내했습니다. 일상에서 자주 마주치는 분쟁 상황을 예방·대응 관점에서 정리한 특강입니다. 계약·금전·관계 이슈의 확인 포인트를 사례 중심으로 안내했습니다. 부산광역시 자립지원전담기관 · 2026-07-24 · 자립준비청년·청년 상담 시 확인하는 내용 자립지원전담기관 일상분쟁 생존법｜안윤정 법무사 강의 이력 사건은 서류·관할·기한에 따라 진행 순서가 달라집니다. 다옴법무사사무소는 부산 해운대구·센텀에서 상속등기·부동산등기·법인등기·개인회생·파산 등을 다루며, 의뢰인 상황에 맞춰 절차와 비용을 알기 쉽게 설명합니다. 불확실한 부분은 추측으로 단정하지 않고, 확인된 사실을 바탕으로 안내드립니다. 전화·카카오톡·네이버 톡톡으로 간단히 상황을 남겨 주시면 필요한 준비부터 차분히 정리해 드리겠습니다. 자립지원전담기관 일상분쟁 생존법｜안윤정 법무사 강의 이력 상담은 어디",150,cccdf22c02979fb6
/강의이력/busan-self-support-jeonse-prevention,"부산광역시 자립지원전담기관에서 자립준비청년을 대상으로 전·월세 계약과 전세사기 예방을 안내한 특강입니다. 첫 보금자리를 마련할 때 확인해야 할 계약·등기부 포인트를 중심으로 구성했습니다. 부산광역시 자립지원전담기관에서 자립준비청년을 대상으로 전·월세 계약과 전세사기 예방을 안내한 특강입니다. 첫 보금자리를 마련할 때 확인해야 할 계약·등기부 포인트를 중심으로 구성했습니다. 부산광역시 자립지원전담기관 · 2026-05-22 · 자립준비청년·청년 상담 시 확인하는 내용 자립지원전담기관 전세사기 예방｜안윤정 법무사 강의 이력 사건은 서류·관할·기한에 따라 진행 순서가 달라집니다. 다옴법무사사무소는 부산 해운대구·센텀에서 상속등기·부동산등기·법인등기·개인회생·파산 등을 다루며, 의뢰인 상황에 맞춰 절차와 비용을 알기 쉽게 설명합니다. 불확실한 부분은 추측으로 단정하지 않고, 확인된 사실을 바탕으로 안내드립니다. 전화·카카오톡·네이버 톡톡으로 간단히 상황을 남겨 주시면 필요한 준비부터 차분히",158,cedad1346b12efd5
/강의이력/changwon-youth-vision-center,"창원청년비전센터에서 청년을 대상으로 진행한 생활법률 특강입니다. 주거·계약·금전·온라인 상황에서 자주 마주치는 확인 포인트를 사례 중심으로 안내했습니다. 창원청년비전센터에서 청년을 대상으로 진행한 생활법률 특강입니다. 주거·계약·금전·온라인 상황에서 자주 마주치는 확인 포인트를 사례 중심으로 안내했습니다. 창원청년비전센터 · 2026-07-02 · 청년 상담 시 확인하는 내용 창원청년비전센터 생활법률｜안윤정 법무사 강의 이력 사건은 서류·관할·기한에 따라 진행 순서가 달라집니다. 다옴법무사사무소는 부산 해운대구·센텀에서 상속등기·부동산등기·법인등기·개인회생·파산 등을 다루며, 의뢰인 상황에 맞춰 절차와 비용을 알기 쉽게 설명합니다. 불확실한 부분은 추측으로 단정하지 않고, 확인된 사실을 바탕으로 안내드립니다. 전화·카카오톡·네이버 톡톡으로 간단히 상황을 남겨 주시면 필요한 준비부터 차분히 정리해 드리겠습니다. 창원청년비전센터 생활법률｜안윤정 법무사 강의 이력 상담은 어디서 받을 수 ",145,42f78c4426770195
/강의이력/haeundae-youth-job-growth-cafe,"해운대 청년채움공간(청년 JOB성장카페)과 연계해 청년의 취업·주거 상황에 맞춘 생활법률을 안내한 강의입니다. 해운대·수영·동래 청년을 대상으로 전세계약·등기부 확인과 분쟁 예방을 다루었습니다. 해운대 청년채움공간(청년 JOB성장카페)과 연계해 청년의 취업·주거 상황에 맞춘 생활법률을 안내한 강의입니다. 해운대·수영·동래 청년을 대상으로 전세계약·등기부 확인과 분쟁 예방을 다루었습니다. 해운대 청년 JOB성장카페 · 2025~2026 · 청년·사회초년생 상담 시 확인하는 내용 해운대 청년 JOB성장카페 강의｜안윤정 법무사 강의 이력 사건은 서류·관할·기한에 따라 진행 순서가 달라집니다. 다옴법무사사무소는 부산 해운대구·센텀에서 상속등기·부동산등기·법인등기·개인회생·파산 등을 다루며, 의뢰인 상황에 맞춰 절차와 비용을 알기 쉽게 설명합니다. 불확실한 부분은 추측으로 단정하지 않고, 확인된 사실을 바탕으로 안내드립니다. 전화·카카오톡·네이버 톡톡으로 간단히 상황을 남겨 주시면 필요한 준",159,cb7efefdb3bc0bdc
/강의이력/haeundae-youth-space-startup-law-2026-07,"해운대청년채움공간에서 창업 과정에서 확인해야 할 계약·법인·분쟁 예방 포인트를 안내한 특강입니다. 해운대청년채움공간에서 창업 과정에서 확인해야 할 계약·법인·분쟁 예방 포인트를 안내한 특강입니다. 해운대청년채움공간 · 2026-07-16 · 청년·예비창업자 상담 시 확인하는 내용 해운대청년채움공간 창업법률｜안윤정 법무사 강의 이력 사건은 서류·관할·기한에 따라 진행 순서가 달라집니다. 다옴법무사사무소는 부산 해운대구·센텀에서 상속등기·부동산등기·법인등기·개인회생·파산 등을 다루며, 의뢰인 상황에 맞춰 절차와 비용을 알기 쉽게 설명합니다. 불확실한 부분은 추측으로 단정하지 않고, 확인된 사실을 바탕으로 안내드립니다. 전화·카카오톡·네이버 톡톡으로 간단히 상황을 남겨 주시면 필요한 준비부터 차분히 정리해 드리겠습니다. 해운대청년채움공간 창업법률｜안윤정 법무사 강의 이력 상담은 어디서 받을 수 있나요? 다옴법무사사무소는 해운대구 센텀에 있으며, 부산 전역 사건을 전화·카카오톡·네이버 톡톡",135,cd725ac6f13e3cec
/강의이력/lh-busan-ccei-life-law,"LH(한국토지주택공사)·부산창조경제혁신센터와 협업한 프로그램에서 청년·시민을 대상으로 생활법률 강의·상담을 진행했습니다. LH(한국토지주택공사)·부산창조경제혁신센터와 협업한 프로그램에서 청년·시민을 대상으로 생활법률 강의·상담을 진행했습니다. LH · 부산창조경제혁신센터 · 2025 · 청년·시민 상담 시 확인하는 내용 LH·창경 생활법률 프로그램｜안윤정 법무사 강의 이력 사건은 서류·관할·기한에 따라 진행 순서가 달라집니다. 다옴법무사사무소는 부산 해운대구·센텀에서 상속등기·부동산등기·법인등기·개인회생·파산 등을 다루며, 의뢰인 상황에 맞춰 절차와 비용을 알기 쉽게 설명합니다. 불확실한 부분은 추측으로 단정하지 않고, 확인된 사실을 바탕으로 안내드립니다. 전화·카카오톡·네이버 톡톡으로 간단히 상황을 남겨 주시면 필요한 준비부터 차분히 정리해 드리겠습니다. LH·창경 생활법률 프로그램｜안윤정 법무사 강의 이력 상담은 어디서 받을 수 있나요? 다옴법무사사무소는 해운대구 센텀에 있으며,",135,23b9a108694188b2
/강의이력/yangsan-jeil-high-career-talk,"양산제일고 학생들을 대상으로 법무사 업무와 자격 준비 과정, 실제 업무 경험을 나눈 진로특강입니다. 양산제일고 학생들을 대상으로 법무사 업무와 자격 준비 과정, 실제 업무 경험을 나눈 진로특강입니다. 양산제일고 · 2026-05-21 · 고등학생 상담 시 확인하는 내용 양산제일고 진로특강｜안윤정 법무사 강의 이력 사건은 서류·관할·기한에 따라 진행 순서가 달라집니다. 다옴법무사사무소는 부산 해운대구·센텀에서 상속등기·부동산등기·법인등기·개인회생·파산 등을 다루며, 의뢰인 상황에 맞춰 절차와 비용을 알기 쉽게 설명합니다. 불확실한 부분은 추측으로 단정하지 않고, 확인된 사실을 바탕으로 안내드립니다. 전화·카카오톡·네이버 톡톡으로 간단히 상황을 남겨 주시면 필요한 준비부터 차분히 정리해 드리겠습니다. 양산제일고 진로특강｜안윤정 법무사 강의 이력 상담은 어디서 받을 수 있나요? 다옴법무사사무소는 해운대구 센텀에 있으며, 부산 전역 사건을 전화·카카오톡·네이버 톡톡·방문(예약)으로 상담합니",141,5474b6f6d33ebfc9
/강의이력/youth-digital-law-guide,"온라인에서 마주치는 법적 위험을 다룬 청년 대상 디지털 법률 가이드 강의입니다. 명예훼손·모욕·개인정보·온라인 사기 예방을 사례로 안내했습니다. 온라인에서 마주치는 법적 위험을 다룬 청년 대상 디지털 법률 가이드 강의입니다. 명예훼손·모욕·개인정보·온라인 사기 예방을 사례로 안내했습니다. 부산 지역 청년·기관 대상 출강 · 2025-08-31 · 청년 상담 시 확인하는 내용 디지털 법률 가이드｜안윤정 법무사 강의 이력 사건은 서류·관할·기한에 따라 진행 순서가 달라집니다. 다옴법무사사무소는 부산 해운대구·센텀에서 상속등기·부동산등기·법인등기·개인회생·파산 등을 다루며, 의뢰인 상황에 맞춰 절차와 비용을 알기 쉽게 설명합니다. 불확실한 부분은 추측으로 단정하지 않고, 확인된 사실을 바탕으로 안내드립니다. 전화·카카오톡·네이버 톡톡으로 간단히 상황을 남겨 주시면 필요한 준비부터 차분히 정리해 드리겠습니다. 디지털 법률 가이드｜안윤정 법무사 강의 이력 상담은 어디서 받을 수 있나요? 다옴",153,505477172c381051
/강의이력/youth-housing-contract-guide,"청년을 위한 주거계약 실전 가이드 강의로, 계약 전후 확인해야 할 실무 체크포인트를 안내했습니다. 청년을 위한 주거계약 실전 가이드 강의로, 계약 전후 확인해야 할 실무 체크포인트를 안내했습니다. 부산 지역 청년·기관 대상 출강 · 2025-07-02 · 청년 상담 시 확인하는 내용 주거계약 실전 가이드｜안윤정 법무사 강의 이력 사건은 서류·관할·기한에 따라 진행 순서가 달라집니다. 다옴법무사사무소는 부산 해운대구·센텀에서 상속등기·부동산등기·법인등기·개인회생·파산 등을 다루며, 의뢰인 상황에 맞춰 절차와 비용을 알기 쉽게 설명합니다. 불확실한 부분은 추측으로 단정하지 않고, 확인된 사실을 바탕으로 안내드립니다. 전화·카카오톡·네이버 톡톡으로 간단히 상황을 남겨 주시면 필요한 준비부터 차분히 정리해 드리겠습니다. 주거계약 실전 가이드｜안윤정 법무사 강의 이력 상담은 어디서 받을 수 있나요? 다옴법무사사무소는 해운대구 센텀에 있으며, 부산 전역 사건을 전화·카카오톡·네이버 톡톡·방문(",147,fe97ca7be00ed422
/강의이력/youth-jeonse-legal-education,"등기부등본·확정일자 등 전세 계약 전 확인 순서를 중심으로 구성한 청년 전세사기 예방 법률교육입니다. 등기부등본·확정일자 등 전세 계약 전 확인 순서를 중심으로 구성한 청년 전세사기 예방 법률교육입니다. 부산 지역 청년·기관 대상 출강 · 2026-01-15 · 청년 상담 시 확인하는 내용 전세사기 예방 · 등기부·확정일자｜안윤정 법무사 강의 이력 사건은 서류·관할·기한에 따라 진행 순서가 달라집니다. 다옴법무사사무소는 부산 해운대구·센텀에서 상속등기·부동산등기·법인등기·개인회생·파산 등을 다루며, 의뢰인 상황에 맞춰 절차와 비용을 알기 쉽게 설명합니다. 불확실한 부분은 추측으로 단정하지 않고, 확인된 사실을 바탕으로 안내드립니다. 전화·카카오톡·네이버 톡톡으로 간단히 상황을 남겨 주시면 필요한 준비부터 차분히 정리해 드리겠습니다. 전세사기 예방 · 등기부·확정일자｜안윤정 법무사 강의 이력 상담은 어디서 받을 수 있나요? 다옴법무사사무소는 해운대구 센텀에 있으며, 부산 전역 사건을 ",149,d4475d11d621e79a
/강의이력/youth-jeonse-most-sought,"청년들이 가장 많이 묻는 전세 계약·보증금 보호 질문을 모아 예방 체크리스트로 안내한 강의입니다. 청년들이 가장 많이 묻는 전세 계약·보증금 보호 질문을 모아 예방 체크리스트로 안내한 강의입니다. 부산 지역 청년·기관 대상 출강 · 2025-09-26 · 청년 상담 시 확인하는 내용 청년 전세사기 예방 · FAQ 중심｜안윤정 법무사 강의 이력 사건은 서류·관할·기한에 따라 진행 순서가 달라집니다. 다옴법무사사무소는 부산 해운대구·센텀에서 상속등기·부동산등기·법인등기·개인회생·파산 등을 다루며, 의뢰인 상황에 맞춰 절차와 비용을 알기 쉽게 설명합니다. 불확실한 부분은 추측으로 단정하지 않고, 확인된 사실을 바탕으로 안내드립니다. 전화·카카오톡·네이버 톡톡으로 간단히 상황을 남겨 주시면 필요한 준비부터 차분히 정리해 드리겠습니다. 청년 전세사기 예방 · FAQ 중심｜안윤정 법무사 강의 이력 상담은 어디서 받을 수 있나요? 다옴법무사사무소는 해운대구 센텀에 있으며, 부산 전역 사건을 전화",153,435eb724a930ccb2
/강의이력/youth-jeonse-offline-session,"부산 청년 대상 전세사기 예방특강을 오프라인으로 진행하며, 계약 전후 확인 순서를 실전적으로 안내했습니다. 부산 청년 대상 전세사기 예방특강을 오프라인으로 진행하며, 계약 전후 확인 순서를 실전적으로 안내했습니다. 부산 지역 청년·기관 대상 출강 · 2025-09-01 · 청년 상담 시 확인하는 내용 청년 전세사기 예방특강｜안윤정 법무사 강의 이력 사건은 서류·관할·기한에 따라 진행 순서가 달라집니다. 다옴법무사사무소는 부산 해운대구·센텀에서 상속등기·부동산등기·법인등기·개인회생·파산 등을 다루며, 의뢰인 상황에 맞춰 절차와 비용을 알기 쉽게 설명합니다. 불확실한 부분은 추측으로 단정하지 않고, 확인된 사실을 바탕으로 안내드립니다. 전화·카카오톡·네이버 톡톡으로 간단히 상황을 남겨 주시면 필요한 준비부터 차분히 정리해 드리겠습니다. 청년 전세사기 예방특강｜안윤정 법무사 강의 이력 상담은 어디서 받을 수 있나요? 다옴법무사사무소는 해운대구 센텀에 있으며, 부산 전역 사건을 전화·카카오",147,161c55bbe3a06a21
/강의이력/youth-jeonse-prevention-series,"청년을 대상으로 전세사기 예방 주제의 오프라인 강의를 여러 회차로 진행했습니다. 등기부등본 확인·확정일자 등 실전 체크포인트를 중심으로 구성했습니다. 청년을 대상으로 전세사기 예방 주제의 오프라인 강의를 여러 회차로 진행했습니다. 등기부등본 확인·확정일자 등 실전 체크포인트를 중심으로 구성했습니다. 부산 지역 청년·기관 대상 출강 · 2025~2026 · 청년 상담 시 확인하는 내용 청년 전세사기 예방 시리즈｜안윤정 법무사 강의 이력 사건은 서류·관할·기한에 따라 진행 순서가 달라집니다. 다옴법무사사무소는 부산 해운대구·센텀에서 상속등기·부동산등기·법인등기·개인회생·파산 등을 다루며, 의뢰인 상황에 맞춰 절차와 비용을 알기 쉽게 설명합니다. 불확실한 부분은 추측으로 단정하지 않고, 확인된 사실을 바탕으로 안내드립니다. 전화·카카오톡·네이버 톡톡으로 간단히 상황을 남겨 주시면 필요한 준비부터 차분히 정리해 드리겠습니다. 청년 전세사기 예방 시리즈｜안윤정 법무사 강의 이력 상담은 어디서",157,2537514ce1793df7
/강의이력/youth-jeonse-vaccination,"계약 전 ‘예방접종’처럼 확인해야 할 항목을 짧게 정리한 청년 전세사기 예방 특강입니다. 계약 전 ‘예방접종’처럼 확인해야 할 항목을 짧게 정리한 청년 전세사기 예방 특강입니다. 부산 지역 청년·기관 대상 출강 · 2025-08-20 · 청년 상담 시 확인하는 내용 전세사기 예방접종 특강｜안윤정 법무사 강의 이력 사건은 서류·관할·기한에 따라 진행 순서가 달라집니다. 다옴법무사사무소는 부산 해운대구·센텀에서 상속등기·부동산등기·법인등기·개인회생·파산 등을 다루며, 의뢰인 상황에 맞춰 절차와 비용을 알기 쉽게 설명합니다. 불확실한 부분은 추측으로 단정하지 않고, 확인된 사실을 바탕으로 안내드립니다. 전화·카카오톡·네이버 톡톡으로 간단히 상황을 남겨 주시면 필요한 준비부터 차분히 정리해 드리겠습니다. 전세사기 예방접종 특강｜안윤정 법무사 강의 이력 상담은 어디서 받을 수 있나요? 다옴법무사사무소는 해운대구 센텀에 있으며, 부산 전역 사건을 전화·카카오톡·네이버 톡톡·방문(예약)으로 상담",145,0442464d12af067e
/강의이력/youth-life-law-basics,"일상 곳곳에 스며 있는 법률 문제를 기초부터 짚어본 청년 대상 강의입니다. 일상 곳곳에 스며 있는 법률 문제를 기초부터 짚어본 청년 대상 강의입니다. 부산 지역 청년·기관 대상 출강 · 2025-07-26 · 청년 상담 시 확인하는 내용 생활법률 기초｜안윤정 법무사 강의 이력 사건은 서류·관할·기한에 따라 진행 순서가 달라집니다. 다옴법무사사무소는 부산 해운대구·센텀에서 상속등기·부동산등기·법인등기·개인회생·파산 등을 다루며, 의뢰인 상황에 맞춰 절차와 비용을 알기 쉽게 설명합니다. 불확실한 부분은 추측으로 단정하지 않고, 확인된 사실을 바탕으로 안내드립니다. 전화·카카오톡·네이버 톡톡으로 간단히 상황을 남겨 주시면 필요한 준비부터 차분히 정리해 드리겠습니다. 생활법률 기초｜안윤정 법무사 강의 이력 상담은 어디서 받을 수 있나요? 다옴법무사사무소는 해운대구 센텀에 있으며, 부산 전역 사건을 전화·카카오톡·네이버 톡톡·방문(예약)으로 상담합니다. 비용은 어떻게 안내되나요? 사건 복잡도",141,eda5990f14c8718c
/강의이력/youth-mistake-crime-lecture,"청년들이 일상에서 모르고 저지를 수 있는 형사 리스크를 사례로 짚어본 강의입니다. 온라인·일상 행동과 법적 책임의 경계를 예방 관점에서 안내했습니다. 청년들이 일상에서 모르고 저지를 수 있는 형사 리스크를 사례로 짚어본 강의입니다. 온라인·일상 행동과 법적 책임의 경계를 예방 관점에서 안내했습니다. 부산 지역 청년·기관 대상 출강 · 2025-08-01 · 청년 상담 시 확인하는 내용 실수로 범죄가 되는 순간들｜안윤정 법무사 강의 이력 사건은 서류·관할·기한에 따라 진행 순서가 달라집니다. 다옴법무사사무소는 부산 해운대구·센텀에서 상속등기·부동산등기·법인등기·개인회생·파산 등을 다루며, 의뢰인 상황에 맞춰 절차와 비용을 알기 쉽게 설명합니다. 불확실한 부분은 추측으로 단정하지 않고, 확인된 사실을 바탕으로 안내드립니다. 전화·카카오톡·네이버 톡톡으로 간단히 상황을 남겨 주시면 필요한 준비부터 차분히 정리해 드리겠습니다. 실수로 범죄가 되는 순간들｜안윤정 법무사 강의 이력 상담은 어디",161,3bec4ecc0f5a5281
/강의이력/youth-money-property-dispute,"청년의 일상에서 자주 생기는 금전·부동산·관계 분쟁을 예방 관점으로 정리한 특강입니다. 청년의 일상에서 자주 생기는 금전·부동산·관계 분쟁을 예방 관점으로 정리한 특강입니다. 해운대·수영·동래 청년 대상 출강 · 2026-01-30 · 청년·사회초년생 상담 시 확인하는 내용 돈·부동산·관계 분쟁 예방｜안윤정 법무사 강의 이력 사건은 서류·관할·기한에 따라 진행 순서가 달라집니다. 다옴법무사사무소는 부산 해운대구·센텀에서 상속등기·부동산등기·법인등기·개인회생·파산 등을 다루며, 의뢰인 상황에 맞춰 절차와 비용을 알기 쉽게 설명합니다. 불확실한 부분은 추측으로 단정하지 않고, 확인된 사실을 바탕으로 안내드립니다. 전화·카카오톡·네이버 톡톡으로 간단히 상황을 남겨 주시면 필요한 준비부터 차분히 정리해 드리겠습니다. 돈·부동산·관계 분쟁 예방｜안윤정 법무사 강의 이력 상담은 어디서 받을 수 있나요? 다옴법무사사무소는 해운대구 센텀에 있으며, 부산 전역 사건을 전화·카카오톡·네이버 톡톡·방문",140,9f48889fb0db03c9
/개금동법무사,"개금동에서는 ‘형은 실거주하고 나는 서울인데 지분을 어떻게 하냐’, ‘가야동 다세대를 팔려는데 공유지분이 있다’, ‘당감동 아파트 대출을 상속인이 이어받을 수 있냐’는 질문이 나옵니다. 실거주자와 비거주자의 이해관계가 다르면 협의서에 정산 조건을 명확히 해야 이후 분쟁을 줄입니다. 공유지분 매매는 다른 공유자의 동의·우선매수 이슈를 확인할 수 있습니다. 대출 승계는 금융기관 심사 영역이므로 등기 상담과 별도로 안내합니다. 개금동에서는 개금·가야·당감의 구축 아파트와 다세대 주거를 볼 때 형제 상속 협의와 실거주자·비거주자의 정산를 협의서·등기부·임대차·대출 잔액 자료와 맞춰 확인합니다. 다옴법무사사무소는 해운대 센텀에서 상담합니다. 개금동에서는 ‘형은 실거주하고 나는 서울인데 지분을 어떻게 하냐’, ‘가야동 다세대를 팔려는데 공유지분이 있다’, ‘당감동 아파트 대출을 상속인이 이어받을 수 있냐’는 질문이 나옵니다. 실거주자와 비거주자의 이해관계가 다르면 협의서에 정산 조건을 명확히 ",451,dcb71ede4a2ec861
/개인정보처리방침,"다옴법무사사무소 개인정보처리방침. 문의·상담 시 수집 항목, 이용 목적, 보유 기간, 제3자 제공, 파기, 정보주체 권리를 안내합니다. 다옴법무사사무소 개인정보처리방침. 문의·상담 시 수집 항목, 이용 목적, 보유 기간, 제3자 제공, 파기, 정보주체 권리를 안내합니다. 부산 해운대구·센텀에 위치한 다옴법무사사무소 안윤정 법무사가 절차·서류·비용을 항목별로 설명드립니다. 막막할수록 지금 무엇부터 해야 하는지부터 정리하는 것이 우선이라고 생각합니다. 개인정보처리방침 다옴법무사사무소 개인정보처리방침. 문의·상담 시 수집 항목, 이용 목적, 보유 기간, 제3자 제공, 파기, 정보주체 권리를 안내합니다. 개인정보처리방침 부산 법무사 다옴법무사사무소 상담 시 확인하는 내용 개인정보처리방침 사건은 서류·관할·기한에 따라 진행 순서가 달라집니다. 다옴법무사사무소는 부산 해운대구·센텀에서 상속등기·부동산등기·법인등기·개인회생·파산 등을 다루며, 의뢰인 상황에 맞춰 절차와 비용을 알기 쉽게 설명합니",173,b0323fb59aed53ed
/개인파산과태료,"과태료만 보고 단정하기보다, 개인파산의 사실관계·기한·관할을 먼저 나눠 보는 것이 실무적입니다. 채무 전액 면책이 필요한 경우 개인파산 절차를 검토합니다. 회생과 비교 상담이 가능합니다. 다옴법무사사무소는 부산 전역 사건을 다루며 과태료 관련 범위를 항목별로 정리합니다. 과태료만 보고 단정하기보다, 개인파산의 사실관계·기한·관할을 먼저 나눠 보는 것이 실무적입니다. 채무 전액 면책이 필요한 경우 개인파산 절차를 검토합니다. 회생과 비교 상담이 가능합니다. 다옴법무사사무소는 부산 전역 사건을 다루며 과태료 관련 범위를 항목별로 정리합니다. 부산은 관할 법원·등기소가 사건별로 달라 사전 정리가 중요한 지역입니다. 채무 전액 면책이 필요한 경우 개인파산 절차를 검토합니다. 회생과 비교 상담이 가능합니다. 비용이 달라지는 이유 말소할 근저당·전세권 목록을 본등기 신청서와 같은 묶음으로 준비합니다. 채권자 협의 필요 여부를 표시합니다. 미성년·해외·연락두절 당사자가 있으면 위임·특별대리·공시",477,c6498b4cbd740818
/개인파산기간,"기간만 보고 단정하기보다, 개인파산의 사실관계·기한·관할을 먼저 나눠 보는 것이 실무적입니다. 채무 전액 면책이 필요한 경우 개인파산 절차를 검토합니다. 회생과 비교 상담이 가능합니다. 다옴법무사사무소는 부산 전역 사건을 다루며 기간 관련 범위를 항목별로 정리합니다. 기간만 보고 단정하기보다, 개인파산의 사실관계·기한·관할을 먼저 나눠 보는 것이 실무적입니다. 채무 전액 면책이 필요한 경우 개인파산 절차를 검토합니다. 회생과 비교 상담이 가능합니다. 다옴법무사사무소는 부산 전역 사건을 다루며 기간 관련 범위를 항목별로 정리합니다. 부산은 관할 법원·등기소가 사건별로 달라 사전 정리가 중요한 지역입니다. 채무 전액 면책이 필요한 경우 개인파산 절차를 검토합니다. 회생과 비교 상담이 가능합니다. 법정 기한 회생·파산 경로에서는 소득·재산·채무 목록 정합성을 신청서 품질의 기준으로 둡니다. 등기원인 문구와 검인·취득세 완납 증빙이 일치하는지 접수 직전에 재확인합니다. 공동매수면 지분 표기",498,2cad8b51c1b5e4c8
/개인파산기한,개인파산 기한 안내는 법정·실무상 놓치기 쉬운 날짜(결의일·상속 개시·잔금일)를 중심으로 정리합니다. 기한이 임박하면 서류 완비보다 우선순위 절차부터 안내합니다. 채무 전액 면책이 필요한 경우 개인파산 절차를 검토합니다. 회생과 비교 상담이 가능합니다. 다옴법무사사무소는 부산 전역 사건을 다루며 기한 관련 범위를 항목별로 정리합니다. 개인파산 기한 안내는 법정·실무상 놓치기 쉬운 날짜(결의일·상속 개시·잔금일)를 중심으로 정리합니다. 기한이 임박하면 서류 완비보다 우선순위 절차부터 안내합니다. 채무 전액 면책이 필요한 경우 개인파산 절차를 검토합니다. 회생과 비교 상담이 가능합니다. 다옴법무사사무소는 부산 전역 사건을 다루며 기한 관련 범위를 항목별로 정리합니다. 부산은 관할 법원·등기소가 사건별로 달라 사전 정리가 중요한 지역입니다. 채무 전액 면책이 필요한 경우 개인파산 절차를 검토합니다. 회생과 비교 상담이 가능합니다. 법정 기한 상속 승인 방식(단순·한정·포기)을 등기 일정과,510,4d0c35dceccc1021
/개인파산보수표,"개인파산 보수표 검색은 개인파산 비용과 같은 의도인 경우가 많습니다. 회생 비용과 한 표로 묶지 않습니다. 개인파산 보수표 검색은 개인파산 비용과 같은 의도인 경우가 많습니다. 회생 비용과 한 표로 묶지 않습니다. 개인파산 보수표 검색은 개인파산 비용과 같은 의도인 경우가 많습니다. 회생 비용과 한 표로 묶지 않습니다. 대표 비용 안내로 이어가기 검색어만 수임료·수수료·보수표로 달라도, 알고 싶은 내용은 대개 실비와 보수를 나누는 일입니다. 검색 의도별 다음 안내 개인파산 보수표 관련해서는 허브 페이지에서 절차를 고른 뒤, 필요하면 상담으로 이어가면 됩니다. 상담 시 확인하는 내용 개인파산 보수표 사건은 서류·관할·기한에 따라 진행 순서가 달라집니다. 다옴법무사사무소는 부산 해운대구·센텀에서 상속등기·부동산등기·법인등기·개인회생·파산 등을 다루며, 의뢰인 상황에 맞춰 절차와 비용을 알기 쉽게 설명합니다. 불확실한 부분은 추측으로 단정하지 않고, 확인된 사실을 바탕으로 안내드립니다. ",224,b1f7cede1023dc68
/개인파산비용,"개인파산 비용은 회생과 한 가격으로 묶지 않습니다. 변제 여력이 거의 없는 면책 절차는 재산 조사·면제재산·최근 처분 확인 범위가 달라 실비와 보수 구성이 바뀝니다. 개인파산 비용은 회생과 한 가격으로 묶지 않습니다. 변제 여력이 거의 없는 면책 절차는 재산 조사·면제재산·최근 처분 확인 범위가 달라 실비와 보수 구성이 바뀝니다. 개인파산 비용은 회생과 한 가격으로 묶지 않습니다. 변제 여력이 거의 없는 면책 절차는 재산 조사·면제재산·최근 처분 확인 범위가 달라 실비와 보수 구성이 바뀝니다. 파산 비용이 회생과 다른 이유 회생은 변제계획·송달 범위가, 파산은 재산 목록과 면책 준비 범위가 중심입니다. 비교 허브에서 절차를 고른 뒤 이 페이지에서 항목을 보시면 됩니다. 견적에 필요한 정보 채무 규모, 재산 유무, 최근 처분, 소득 여부만 남겨 주셔도 법원 실비와 보수 항목을 나눠 볼 수 있습니다. 검색 의도별 다음 안내 개인파산 비용 관련해서는 허브 페이지에서 절차를 고른 뒤, 필요",272,7c3cd79abc990127
/개인파산자가진단,"소득이 없거나 회생이 어렵다고 느껴질 때 개인파산 면책 가능성을 먼저 정리해 볼 수 있습니다. 소득이 없거나 회생이 어렵다고 느껴질 때 개인파산 면책 가능성을 먼저 정리해 볼 수 있습니다. 소득이 없거나 회생이 어렵다고 느껴질 때 개인파산 면책 가능성을 먼저 정리해 볼 수 있습니다. 개인파산은 채무자가 재산을 정리하고 법원 면책 결정을 받아 남은 채무를 면제받는 절차입니다. 부산 개인파산 사건은 부산회생법원 관할이 많습니다. 자가진단 결과 안내 개인파산 자가진단은 소득 유무·채무 규모·면책 불허가 사유(최근 고액 대출·사기 등) 태그를 반영합니다. 회생 대비 파산이 나을 수 있다는 방향만 안내하며, 법원 심사 결과를 보장하지 않습니다. 개인파산 기본 개념 개인파산은 채무자가 재산을 정리하고 법원 면책 결정을 받아 남은 채무를 면제받는 절차입니다. 부산 개인파산 사건은 부산회생법원 관할이 많습니다. 개인파산 신청 자격은 채무 초과·지급 불능 상태 등을 요건으로 하며, 소득 없는 채무자",498,057857d18955f206
/개인파산준비서류,"개인파산 ‘준비서류’ 안내는 상담 전에 모아 두면 좋은 참고 자료(등기부·계약서 사본·가족관계·잔고 등) 중심입니다. 필수 접수 서류와 달리, 준비서류는 사건 파악용으로 먼저 모아 두면 체크리스트가 짧아집니다. 이 페이지는 ‘상담 전 미리 챙기면 좋은 것’에 초점을 둡니다. 접수 필수 목록은 필요서류 안내와 역할을 나눕니다. 채무 전액 면책이 필요한 경우 개인파산 절차를 검토합니다. 회생과 비교 상담이 가능합니다. 다옴법무사사무소는 부산 전역 사건을 다루며 준비서류 관련 범위를 항목별로 정리합니다. 개인파산 ‘준비서류’ 안내는 상담 전에 모아 두면 좋은 참고 자료(등기부·계약서 사본·가족관계·잔고 등) 중심입니다. 필수 접수 서류와 달리, 준비서류는 사건 파악용으로 먼저 모아 두면 체크리스트가 짧아집니다. 이 페이지는 ‘상담 전 미리 챙기면 좋은 것’에 초점을 둡니다. 접수 필수 목록은 필요서류 안내와 역할을 나눕니다. 채무 전액 면책이 필요한 경우 개인파산 절차를 검토합니다. 회생",574,13d66ccba4f74e8a
/개인파산필요서류,"개인파산 ‘필요서류’ 안내는 접수에 반드시 붙는 핵심 서류(신분·인감·원인서류·관할 확인용 주소) 중심으로 정리합니다. 없어도 상담은 가능하지만, 접수 단계로 가려면 목록의 ★ 표시 항목부터 채우는 편이 빠릅니다. 이 페이지는 ‘무엇을 준비해야 접수가 되는지’에 초점을 둡니다. 일정·비용은 별도 안내를 참고하세요. 채무 전액 면책이 필요한 경우 개인파산 절차를 검토합니다. 회생과 비교 상담이 가능합니다. 다옴법무사사무소는 부산 전역 사건을 다루며 필요서류 관련 범위를 항목별로 정리합니다. 개인파산 ‘필요서류’ 안내는 접수에 반드시 붙는 핵심 서류(신분·인감·원인서류·관할 확인용 주소) 중심으로 정리합니다. 없어도 상담은 가능하지만, 접수 단계로 가려면 목록의 ★ 표시 항목부터 채우는 편이 빠릅니다. 이 페이지는 ‘무엇을 준비해야 접수가 되는지’에 초점을 둡니다. 일정·비용은 별도 안내를 참고하세요. 채무 전액 면책이 필요한 경우 개인파산 절차를 검토합니다. 회생과 비교 상담이 가능합",542,4a2e43e5e2b1e24a
/개인회생과태료,개인회생 과태료 관련 안내는 지연 등기·신고가 문제될 수 있는 조건을 중심으로 봅니다. 이미 기한이 지난 경우에도 다음 조치 선택지를 상담에서 정리합니다. 부산회생법원 관할 개인회생 신청·변제계획 수립을 지원합니다. 소득·재산 구조에 맞는 절차를 안내합니다. 다옴법무사사무소는 부산 전역 사건을 다루며 과태료 관련 범위를 항목별로 정리합니다. 개인회생 과태료 관련 안내는 지연 등기·신고가 문제될 수 있는 조건을 중심으로 봅니다. 이미 기한이 지난 경우에도 다음 조치 선택지를 상담에서 정리합니다. 부산회생법원 관할 개인회생 신청·변제계획 수립을 지원합니다. 소득·재산 구조에 맞는 절차를 안내합니다. 다옴법무사사무소는 부산 전역 사건을 다루며 과태료 관련 범위를 항목별로 정리합니다. 부산은 관할 법원·등기소가 사건별로 달라 사전 정리가 중요한 지역입니다. 부산회생법원 관할 개인회생 신청·변제계획 수립을 지원합니다. 소득·재산 구조에 맞는 절차를 안내합니다. 비용이 달라지는 이유 상속 승인,519,db57cde1e8bbeb28
/개인회생기간,"개인회생 소요 기간 안내는 서류 수집·접수·보정·완료까지 일반적인 흐름을 구간별로 설명합니다. 사건마다 달라 단정 일정을 약속하지 않으며, 병목 구간을 미리 알려 드립니다. 부산회생법원 관할 개인회생 신청·변제계획 수립을 지원합니다. 소득·재산 구조에 맞는 절차를 안내합니다. 다옴법무사사무소는 부산 전역 사건을 다루며 기간 관련 범위를 항목별로 정리합니다. 개인회생 소요 기간 안내는 서류 수집·접수·보정·완료까지 일반적인 흐름을 구간별로 설명합니다. 사건마다 달라 단정 일정을 약속하지 않으며, 병목 구간을 미리 알려 드립니다. 부산회생법원 관할 개인회생 신청·변제계획 수립을 지원합니다. 소득·재산 구조에 맞는 절차를 안내합니다. 다옴법무사사무소는 부산 전역 사건을 다루며 기간 관련 범위를 항목별로 정리합니다. 부산은 관할 법원·등기소가 사건별로 달라 사전 정리가 중요한 지역입니다. 부산회생법원 관할 개인회생 신청·변제계획 수립을 지원합니다. 소득·재산 구조에 맞는 절차를 안내합니다.",530,24a19bdcde35933a
/개인회생기한,"기한만 보고 단정하기보다, 개인회생의 사실관계·기한·관할을 먼저 나눠 보는 것이 실무적입니다. 부산회생법원 관할 개인회생 신청·변제계획 수립을 지원합니다. 소득·재산 구조에 맞는 절차를 안내합니다. 다옴법무사사무소는 부산 전역 사건을 다루며 기한 관련 범위를 항목별로 정리합니다. 기한만 보고 단정하기보다, 개인회생의 사실관계·기한·관할을 먼저 나눠 보는 것이 실무적입니다. 부산회생법원 관할 개인회생 신청·변제계획 수립을 지원합니다. 소득·재산 구조에 맞는 절차를 안내합니다. 다옴법무사사무소는 부산 전역 사건을 다루며 기한 관련 범위를 항목별로 정리합니다. 부산은 관할 법원·등기소가 사건별로 달라 사전 정리가 중요한 지역입니다. 부산회생법원 관할 개인회생 신청·변제계획 수립을 지원합니다. 소득·재산 구조에 맞는 절차를 안내합니다. 법정 기한 다수 필지·다수 계좌면 목록 번호를 매겨 누락을 줄입니다. 완료 후 등기필정보 전달 방식을 정합니다. 상속 승인 방식(단순·한정·포기)을 등기 일",506,ad6cbad5144eecea
/개인회생보수표,"개인회생 보수표 검색은 개인회생 비용과 같은 의도인 경우가 많습니다. 대표 구조는 개인회생 비용 페이지에서 안내합니다. 개인회생 보수표 검색은 개인회생 비용과 같은 의도인 경우가 많습니다. 대표 구조는 개인회생 비용 페이지에서 안내합니다. 개인회생 보수표 검색은 개인회생 비용과 같은 의도인 경우가 많습니다. 대표 구조는 개인회생 비용 페이지에서 안내합니다. 회생 비용의 실제 구성 인지·송달료 등 법원 실비와 서류 준비 보수를 구분합니다. 채권자 수·소득 형태가 핵심 변수입니다. 검색 의도별 다음 안내 개인회생 보수표 관련해서는 허브 페이지에서 절차를 고른 뒤, 필요하면 상담으로 이어가면 됩니다. 상담 시 확인하는 내용 개인회생 보수표 사건은 서류·관할·기한에 따라 진행 순서가 달라집니다. 다옴법무사사무소는 부산 해운대구·센텀에서 상속등기·부동산등기·법인등기·개인회생·파산 등을 다루며, 의뢰인 상황에 맞춰 절차와 비용을 알기 쉽게 설명합니다. 불확실한 부분은 추측으로 단정하지 않고, ",222,0e5a222e0bdb5791
/개인회생비용,"개인회생 비용·수임료·수수료는 대부분 같은 질문입니다. 법원에 내는 인지·송달료와 신청 서류·변제계획 준비 보수를 구분해 보는 것이 출발점입니다. 개인회생 비용·수임료·수수료는 대부분 같은 질문입니다. 법원에 내는 인지·송달료와 신청 서류·변제계획 준비 보수를 구분해 보는 것이 출발점입니다. 개인회생 비용·수임료·수수료는 대부분 같은 질문입니다. 법원에 내는 인지·송달료와 신청 서류·변제계획 준비 보수를 구분해 보는 것이 출발점입니다. 개인회생 비용을 좌우하는 요소 송달료는 채권자 수에 따라 달라질 수 있고, 영업소득자는 외부회생위원 비용이 있는 경우가 있습니다. 보수는 목록 작성과 보정 대응 범위에 영향을 받습니다. 채권자 수·송달 범위 급여소득 / 사업소득 입증 방법 재산·보증채무·압류 보정·추가 소명 가능성 견적에 필요한 정보 채권자 수, 채무액 대략, 소득 형태, 재산 종류만 남겨 주셔도 법원 실비와 보수 항목을 나눠 안내할 수 있습니다. 검색 의도별 다음 안내 개인회생 비용",264,a6b7334116f39efc
/개인회생상담,"소득·재산·채무 구조에 따라 회생과 파산이 달라집니다. 정확한 금액이 없어도 개요만으로 1차 안내가 가능합니다. 소득·재산·채무 구조에 따라 회생과 파산이 달라집니다. 정확한 금액이 없어도 개요만으로 1차 안내가 가능합니다. 소득·재산·채무 구조에 따라 회생과 파산이 달라집니다. 정확한 금액이 없어도 개요만으로 1차 안내가 가능합니다. 비용 안내 상담 문의 자체는 상황 확인을 위한 것이며, 수임료·공과금은 사건 확인 후 구분해 안내합니다. 관할·접근 안내 남겨주신 상황을 확인한 뒤 관할·서류·절차를 안내합니다. 확정 견적은 사건 확인 후입니다. 채무 대략액 소득 유무 연락처 법무사 의견 업무명을 몰라도, 서류가 없어도 현재 상황만 알려 주시면 됩니다. 필요한 절차를 확인한 뒤 안내드립니다. 상담 시 확인하는 내용 개인회생 상담 사건은 서류·관할·기한에 따라 진행 순서가 달라집니다. 다옴법무사사무소는 부산 해운대구·센텀에서 상속등기·부동산등기·법인등기·개인회생·파산 등을 다루며, 의뢰",180,70c9a5848be5e131
/개인회생실수모음,"개인회생에서 많이 하는 실수 검색 시, 키워드만 보고 결정하기보다 개인회생 실수 예방에 맞는 서류·기한·관할·비용을 먼저 확인하는 것이 안전합니다. 개인회생에서 많이 하는 실수 검색 시, 키워드만 보고 결정하기보다 개인회생 실수 예방에 맞는 서류·기한·관할·비용을 먼저 확인하는 것이 안전합니다. 개인회생에서 많이 하는 실수 검색 시, 키워드만 보고 결정하기보다 개인회생 실수 예방에 맞는 서류·기한·관할·비용을 먼저 확인하는 것이 안전합니다. 상담 시 확인하는 내용 개인회생에서 많이 하는 실수 사건은 서류·관할·기한에 따라 진행 순서가 달라집니다. 다옴법무사사무소는 부산 해운대구·센텀에서 상속등기·부동산등기·법인등기·개인회생·파산 등을 다루며, 의뢰인 상황에 맞춰 절차와 비용을 알기 쉽게 설명합니다. 불확실한 부분은 추측으로 단정하지 않고, 확인된 사실을 바탕으로 안내드립니다. 전화·카카오톡·네이버 톡톡으로 간단히 상황을 남겨 주시면 필요한 준비부터 차분히 정리해 드리겠습니다. 개인회",296,357d13d531359414
/개인회생여성법무사,개인회생 여성 법무사 관련 문의는 검색 키워드만으로 절차가 결정되지 않는 경우가 많습니다. 부산회생법원 관할 개인회생 신청·변제계획 수립을 지원합니다. 소득·재산 구조에 맞는 절차를 안내합니다. 부산광역시 전역 상속등기·부동산등기·법인등기·개인회생·파산 등 법무사 업무를 다루는 핵심 지역입니다. 다옴법무사사무소는 상황을 듣고 다음 단계부터 정리합니다. 개인회생 여성 법무사 관련 문의는 검색 키워드만으로 절차가 결정되지 않는 경우가 많습니다. 부산회생법원 관할 개인회생 신청·변제계획 수립을 지원합니다. 소득·재산 구조에 맞는 절차를 안내합니다. 부산광역시 전역 상속등기·부동산등기·법인등기·개인회생·파산 등 법무사 업무를 다루는 핵심 지역입니다. 다옴법무사사무소는 상황을 듣고 다음 단계부터 정리합니다. 부산광역시 전역 상속등기·부동산등기·법인등기·개인회생·파산 등 법무사 업무를 다루는 핵심 지역입니다. 부산회생법원 관할 개인회생 신청·변제계획 수립을 지원합니다. 소득·재산 구조에 맞는 ,485,7453babfd69b965d
/개인회생자가진단,급여압류 통지를 받았거나 카드값 연체가 쌓였다면 개인회생 가능성을 서류 기준으로 먼저 짚어 볼 수 있습니다. 급여압류 통지를 받았거나 카드값 연체가 쌓였다면 개인회생 가능성을 서류 기준으로 먼저 짚어 볼 수 있습니다. 급여압류 통지를 받았거나 카드값 연체가 쌓였다면 개인회생 가능성을 서류 기준으로 먼저 짚어 볼 수 있습니다. 개인회생은 일정 소득이 있는 채무자가 법원 인가를 받아 3~5년 변제계획으로 채무를 조정하는 절차입니다. 부산 개인회생 법무사 상담은 급여소득자·자영업자 모두에서 이어집니다. 자가진단 결과 안내 개인회생 자가진단은 채무 규모·소득·압류·추심 여부를 태그로 반영합니다. 가능·불가를 단정하지 않고 ‘검토 필요·상담 권장’으로 안내합니다. 급여압류 답변이 있으면 신속한 절차 검토 쪽으로 가중치가 붙습니다. 최근 대출이 많거나 사업자 채무가 있으면 소득 증빙·채무 목록 정리가 선행되어야 합니다. 개인회생 기본 개념 개인회생은 일정 소득이 있는 채무자가 법원 인가를 받아,493,9ec86645dc37eb1f
/개인회생준비서류,"준비서류만 보고 단정하기보다, 개인회생의 사실관계·기한·관할을 먼저 나눠 보는 것이 실무적입니다. 부산회생법원 관할 개인회생 신청·변제계획 수립을 지원합니다. 소득·재산 구조에 맞는 절차를 안내합니다. 다옴법무사사무소는 부산 전역 사건을 다루며 준비서류 관련 범위를 항목별로 정리합니다. 준비서류만 보고 단정하기보다, 개인회생의 사실관계·기한·관할을 먼저 나눠 보는 것이 실무적입니다. 부산회생법원 관할 개인회생 신청·변제계획 수립을 지원합니다. 소득·재산 구조에 맞는 절차를 안내합니다. 다옴법무사사무소는 부산 전역 사건을 다루며 준비서류 관련 범위를 항목별로 정리합니다. 부산은 관할 법원·등기소가 사건별로 달라 사전 정리가 중요한 지역입니다. 부산회생법원 관할 개인회생 신청·변제계획 수립을 지원합니다. 소득·재산 구조에 맞는 절차를 안내합니다. 필수 서류 말소할 근저당·전세권 목록을 본등기 신청서와 같은 묶음으로 준비합니다. 채권자 협의 필요 여부를 표시합니다. 미성년·해외·연락두절 ",524,85913629c6c6acfa
/개인회생체크리스트,"개인회생 체크리스트 검색 시, 키워드만 보고 결정하기보다 개인회생 체크리스트에 맞는 서류·기한·관할·비용을 먼저 확인하는 것이 안전합니다. 개인회생 체크리스트 검색 시, 키워드만 보고 결정하기보다 개인회생 체크리스트에 맞는 서류·기한·관할·비용을 먼저 확인하는 것이 안전합니다. 개인회생 체크리스트 검색 시, 키워드만 보고 결정하기보다 개인회생 체크리스트에 맞는 서류·기한·관할·비용을 먼저 확인하는 것이 안전합니다. 상담 시 확인하는 내용 개인회생 체크리스트 사건은 서류·관할·기한에 따라 진행 순서가 달라집니다. 다옴법무사사무소는 부산 해운대구·센텀에서 상속등기·부동산등기·법인등기·개인회생·파산 등을 다루며, 의뢰인 상황에 맞춰 절차와 비용을 알기 쉽게 설명합니다. 불확실한 부분은 추측으로 단정하지 않고, 확인된 사실을 바탕으로 안내드립니다. 전화·카카오톡·네이버 톡톡으로 간단히 상황을 남겨 주시면 필요한 준비부터 차분히 정리해 드리겠습니다. 개인회생 체크리스트 검색 시 무엇을 먼저 ",276,af6d4a69b6c29ab4
/개인회생파산,"카드값·여러 곳 대출이 감당되지 않거나 급여압류가 들어왔을 때, 개인회생과 개인파산 중 어디부터 볼지 헷갈리는 경우가 많습니다. 소득으로 변제 계획을 세울 여지가 있으면 개인회생을, 변제 여력이 거의 없으면 개인파산·면책을 먼저 비교합니다. 부산·경남 일대는 부산회생법원 관할인 경우가 많고, 목록 누락은 보정·기각으로 이어질 수 있습니다. 이 페이지는 비교 허브이며, 개인회생 신청·서류는 개인회생 안내에서, 상담 전 가능성 판단은 개인회생 법무사 안내에서 이어집니다. 카드값·여러 곳 대출이 감당되지 않거나 급여압류가 들어왔을 때, 개인회생과 개인파산 중 어디부터 볼지 헷갈리는 경우가 많습니다. 소득으로 변제 계획을 세울 여지가 있으면 개인회생을, 변제 여력이 거의 없으면 개인파산·면책을 먼저 비교합니다. 부산·경남 일대는 부산회생법원 관할인 경우가 많고, 목록 누락은 보정·기각으로 이어질 수 있습니다. 이 페이지는 비교 허브이며, 개인회생 신청·서류는 개인회생 안내에서, 상담 전 가",405,a38900164e929f4f
/개인회생필요서류,"필요서류만 보고 단정하기보다, 개인회생의 사실관계·기한·관할을 먼저 나눠 보는 것이 실무적입니다. 부산회생법원 관할 개인회생 신청·변제계획 수립을 지원합니다. 소득·재산 구조에 맞는 절차를 안내합니다. 다옴법무사사무소는 부산 전역 사건을 다루며 필요서류 관련 범위를 항목별로 정리합니다. 필요서류만 보고 단정하기보다, 개인회생의 사실관계·기한·관할을 먼저 나눠 보는 것이 실무적입니다. 부산회생법원 관할 개인회생 신청·변제계획 수립을 지원합니다. 소득·재산 구조에 맞는 절차를 안내합니다. 다옴법무사사무소는 부산 전역 사건을 다루며 필요서류 관련 범위를 항목별로 정리합니다. 부산은 관할 법원·등기소가 사건별로 달라 사전 정리가 중요한 지역입니다. 부산회생법원 관할 개인회생 신청·변제계획 수립을 지원합니다. 소득·재산 구조에 맞는 절차를 안내합니다. 필수 서류 법인 결의·취임승낙·인감 원본을 대조하고, 과태료 기한을 결의일부터 역산합니다. 산업단지·재개발·재건축처럼 특수한 권리관계는 일반 ",499,e2c04a6a47fc017a
/거제동법무사,"거제동에서 개인회생을 알아보는 분들은 카드·대출·보증채무를 한 번에 정리하지 못해 일부 채권만 적거나, 소득 변동과 재산 처분 계획을 설명하기 어려워하는 경우가 있습니다. 개인회생은 누구에게나 같은 결과를 보장하는 절차가 아니며, 채무·재산·소득과 법원 판단을 바탕으로 검토해야 합니다. 지급명령은 상대방 주소와 증거가 중요하고, 받은 사람은 정해진 기한 안에 대응 여부를 판단해야 하므로 우편물을 방치하는 것이 위험합니다. 거제동 아파트나 주택이 있으면 회생 신청 자체와 별도로 담보권, 가압류, 임대차, 처분 가능성에 관한 확인이 필요할 수 있습니다. 법조타운 인근이라는 이유로 당일 해결을 기대하기보다, 필요한 자료를 빠짐없이 준비해 부산회생법원·부산지방법원에 맞는 절차를 선택하는 것이 현실적입니다. 상담에서는 거제시 사건과 혼동하지 않도록 부산 연제구 거제동의 주소를 기준으로 안내합니다. 거제동에서는 부산지방법원·부산회생법원 인근 주거와 법조 생활권를 볼 때 개인회생 자료 제출과 지",700,6cde7c764ae2dd83
/거제동상속등기,거제동 상속등기 문의는 소재지·채무·협의 상태에 따라 준비 순서가 달라집니다. 거제동 주택·상가 상속·등기 문의가 있는 동입니다. 피상속인 사망 후 부동산·토지 등기명의를 상속인 명의로 이전하는 절차입니다. 부산 전역 아파트·상가·토지 상속 사건을 다룹니다. 상담 시 서류·일정·비용 범위를 항목별로 안내합니다. 거제동 상속등기 문의는 소재지·채무·협의 상태에 따라 준비 순서가 달라집니다. 거제동 주택·상가 상속·등기 문의가 있는 동입니다. 피상속인 사망 후 부동산·토지 등기명의를 상속인 명의로 이전하는 절차입니다. 부산 전역 아파트·상가·토지 상속 사건을 다룹니다. 상담 시 서류·일정·비용 범위를 항목별로 안내합니다. 거제동 주택·상가 상속·등기 문의가 있는 동입니다. 피상속인 사망 후 부동산·토지 등기명의를 상속인 명의로 이전하는 절차입니다. 부산 전역 아파트·상가·토지 상속 사건을 다룹니다. 지역별 업무 상황 이미 소송·가압류가 있으면 등기 가능 시점부터 다시 설계합니다. 단순 ,480,b2858665cfb8f20b
/건물등기상황별안내,"건물등기는 유형뿐 아니라 상속·공유·장부 불일치·소유자 상이 같은 상황에 따라 순서가 달라집니다. 막힌 지점을 기준으로 세부 안내와 대장·등기부 확인을 진행하고, 소송이 필요한 사안은 등기 범위와 구분해 상담하세요. 건물등기는 유형뿐 아니라 상속·공유·장부 불일치·소유자 상이 같은 상황에 따라 순서가 달라집니다. 막힌 지점을 기준으로 세부 안내와 대장·등기부 확인을 진행하고, 소송이 필요한 사안은 등기 범위와 구분해 상담하세요. 같은 멸실·표시변경이라도 상속·공유·소유자 상이·대장과 등기부 불일치가 있으면 준비 서류와 순서가 달라집니다. 비용 안내 비용은 상황 복잡도(상속·공유 수), 등기 유형 개수, 추가 증명·보정, 공과금 등에 따라 달라질 수 있습니다. 관할·접근 안내 부동산 소재지 관할 등기소 기준으로 접수하며, 부산 해운대·센텀 다옴법무사사무소에서 상담·수임을 진행합니다. 사무소: 부산광역시 해운대구 센텀동로 200 D동 1층 LAB9호 법무사는 부동산등기(건물·토지) 신청",273,a7e28b1c4b41b748
/건물면적상이경정등기,"면적이 다르면 증축·오류·안분 중 원인을 가린 뒤 표시변경 또는 경정으로 등기부를 맞추세요. 면적이 다르면 증축·오류·안분 중 원인을 가린 뒤 표시변경 또는 경정으로 등기부를 맞추세요. 등기부 면적과 건축물대장·실측이 다르면 매매·담보·감정에서 바로 걸립니다. 원인에 따라 표시변경·경정 축이 달라집니다. 비용 안내 비용은 원인 소명 범위, 측량·도면 보완, 집합 다수 호실 일괄 등에 따라 달라질 수 있습니다. 관할·접근 안내 부동산 소재지 관할 등기소 기준으로 접수하며, 부산 해운대·센텀 다옴법무사사무소에서 상담·수임을 진행합니다. 사무소: 부산광역시 해운대구 센텀동로 200 D동 1층 LAB9호 법무사는 부동산등기(건물·토지) 신청·서류 작성·접수 대리 등 등기 관련 업무를 지원합니다. 건축 인허가·철거 공사·세무·소송대리는 별도 전문 영역이며, 사안별로 지원 범위를 확인합니다. 결과를 보장하거나 ‘무조건 해결’로 안내하지 않습니다. 법무사 의견 면적이 다르면 증축·오류·안분 중 ",215,be90d9cfbec77ddf
/건물보존등기,"건물 보존등기 검색 시, 키워드만 보고 결정하기보다 건물 보존등기에 맞는 서류·기한·관할·비용을 먼저 확인하는 것이 안전합니다. 건물 보존등기 검색 시, 키워드만 보고 결정하기보다 건물 보존등기에 맞는 서류·기한·관할·비용을 먼저 확인하는 것이 안전합니다. 건물 보존등기 검색 시, 키워드만 보고 결정하기보다 건물 보존등기에 맞는 서류·기한·관할·비용을 먼저 확인하는 것이 안전합니다. 상담 시 확인하는 내용 건물 보존등기 사건은 서류·관할·기한에 따라 진행 순서가 달라집니다. 다옴법무사사무소는 부산 해운대구·센텀에서 상속등기·부동산등기·법인등기·개인회생·파산 등을 다루며, 의뢰인 상황에 맞춰 절차와 비용을 알기 쉽게 설명합니다. 불확실한 부분은 추측으로 단정하지 않고, 확인된 사실을 바탕으로 안내드립니다. 전화·카카오톡·네이버 톡톡으로 간단히 상황을 남겨 주시면 필요한 준비부터 차분히 정리해 드리겠습니다. 건물 보존등기 검색 시 무엇을 먼저 확인해야 하나요? 건물 보존등기는 보통 ‘견",276,58cf92da7ec51b73
/건물분할등기,"건물분할등기는 대장·현황상 분할 단위를 맞춘 뒤 등기부 표시를 나눕니다. 토지분할·집합 구분과 혼동하지 마세요. 건물분할등기는 대장·현황상 분할 단위를 맞춘 뒤 등기부 표시를 나눕니다. 토지분할·집합 구분과 혼동하지 마세요. 하나의 건물로 등기된 것을 구조·이용상 독립된 부분으로 나누어 각각 등기부를 만드는 것이 건물분할등기입니다. 비용 안내 비용은 분할 개수, 담보·가압류 등 권리 정리, 대장 선행 정비 등에 따라 달라질 수 있습니다. 관할·접근 안내 부동산 소재지 관할 등기소 기준으로 접수하며, 부산 해운대·센텀 다옴법무사사무소에서 상담·수임을 진행합니다. 사무소: 부산광역시 해운대구 센텀동로 200 D동 1층 LAB9호 법무사는 부동산등기(건물·토지) 신청·서류 작성·접수 대리 등 등기 관련 업무를 지원합니다. 건축 인허가·철거 공사·세무·소송대리는 별도 전문 영역이며, 사안별로 지원 범위를 확인합니다. 결과를 보장하거나 ‘무조건 해결’로 안내하지 않습니다. 법무사 의견 건물분",211,730f300bdd50c036
/건물용도변경등기,"용도변경은 건축물대장 반영이 선행되고, 이후 등기부 건물 표시의 용도를 맞추는 표시변경으로 이어집니다. 용도변경은 건축물대장 반영이 선행되고, 이후 등기부 건물 표시의 용도를 맞추는 표시변경으로 이어집니다. 주택을 근린생활시설로, 또는 그 반대로 용도를 바꾼 뒤에는 건축물대장과 등기부 건물 표시의 용도란을 맞춰야 합니다. 비용 안내 비용은 층·호 일부만 변경인지, 집합건물 전유 용도인지, 면적변경 동반 여부 등에 따라 달라질 수 있습니다. 관할·접근 안내 부동산 소재지 관할 등기소 기준으로 접수하며, 부산 해운대·센텀 다옴법무사사무소에서 상담·수임을 진행합니다. 사무소: 부산광역시 해운대구 센텀동로 200 D동 1층 LAB9호 법무사는 부동산등기(건물·토지) 신청·서류 작성·접수 대리 등 등기 관련 업무를 지원합니다. 건축 인허가·철거 공사·세무·소송대리는 별도 전문 영역이며, 사안별로 지원 범위를 확인합니다. 결과를 보장하거나 ‘무조건 해결’로 안내하지 않습니다. 법무사 의견 용도",210,19df32e1470cb702
/건물일부철거표시변경,"일부 철거는 전면 멸실등기가 아니라 건물표시변경등기 이슈인 경우가 많습니다. 잔존 건물과 대장·등기 표제부 차이를 기준으로 유형을 가릅니다. 일부 철거는 전면 멸실등기가 아니라 건물표시변경등기 이슈인 경우가 많습니다. 잔존 건물과 대장·등기 표제부 차이를 기준으로 유형을 가릅니다. 건물 전부를 없앤 경우가 아니라 일부만 철거했다면, 등기 유형은 멸실이 아니라 건물표시변경으로 갈리는 경우가 많습니다. 비용 안내 비용은 변경 항목(면적·구조·종류 등) 수, 대장·측량·도면 보완 필요 여부 등에 따라 달라질 수 있습니다. 관할·접근 안내 부동산 소재지 관할 등기소 기준으로 접수하며, 부산 해운대·센텀 다옴법무사사무소에서 상담·수임을 진행합니다. 사무소: 부산광역시 해운대구 센텀동로 200 D동 1층 LAB9호 법무사는 부동산등기(건물·토지) 신청·서류 작성·접수 대리 등 등기 관련 업무를 지원합니다. 건축 인허가·철거 공사·세무·소송대리는 별도 전문 영역이며, 사안별로 지원 범위를 확인합",240,1d1d83af03129259
/건물토지소유자상이멸실,"건물·토지 소유자가 다르면 멸실등기 신청권자와 협조·권리 정리를 먼저 확인해야 합니다. 토지 명의만으로 건물 등기를 임의 말소할 수 있다고 단정하지 않습니다. 건물·토지 소유자가 다르면 멸실등기 신청권자와 협조·권리 정리를 먼저 확인해야 합니다. 토지 명의만으로 건물 등기를 임의 말소할 수 있다고 단정하지 않습니다. 건물 명의인과 토지 명의인이 다르면, 누가 멸실등기를 신청하고 어떤 협조가 필요한지가 단독 소유와 달라질 수 있습니다. 비용 안내 비용은 소유자 간 합의·위임 난이도, 추가 권리(지상권 등) 정리 여부, 분쟁·법률 절차 병행 여부 등에 따라 달라질 수 있습니다. 관할·접근 안내 부동산 소재지 관할 등기소 기준으로 접수하며, 부산 해운대·센텀 다옴법무사사무소에서 상담·수임을 진행합니다. 사무소: 부산광역시 해운대구 센텀동로 200 D동 1층 LAB9호 법무사는 부동산등기(건물·토지) 신청·서류 작성·접수 대리 등 등기 관련 업무를 지원합니다. 건축 인허가·철거 공사·세무·",268,e239759973b915c0
/건물합병등기,"건물합병등기는 대장·소유·담보 관계가 합쳐질 수 있는 상태에서 진행합니다. 권리 불일치는 선행 정리합니다. 건물합병등기는 대장·소유·담보 관계가 합쳐질 수 있는 상태에서 진행합니다. 권리 불일치는 선행 정리합니다. 별개의 건물로 등기된 것을 하나의 건물 표시로 합치는 절차가 건물합병등기입니다. 증축·연결·이용 통합 후에 검토합니다. 비용 안내 비용은 권리 정리 범위, 등기부 개수, 표시변경 동반 등에 따라 달라질 수 있습니다. 관할·접근 안내 부동산 소재지 관할 등기소 기준으로 접수하며, 부산 해운대·센텀 다옴법무사사무소에서 상담·수임을 진행합니다. 사무소: 부산광역시 해운대구 센텀동로 200 D동 1층 LAB9호 법무사는 부동산등기(건물·토지) 신청·서류 작성·접수 대리 등 등기 관련 업무를 지원합니다. 건축 인허가·철거 공사·세무·소송대리는 별도 전문 영역이며, 사안별로 지원 범위를 확인합니다. 결과를 보장하거나 ‘무조건 해결’로 안내하지 않습니다. 법무사 의견 건물합병등기는 대",208,4a6307ee4baf12fb
/건축물대장등기부불일치,"대장·등기부 불일치는 항목별로 표시변경·경정·보존·멸실 중 어디로 갈지 나눈 뒤 진행하세요. 대장·등기부 불일치는 항목별로 표시변경·경정·보존·멸실 중 어디로 갈지 나눈 뒤 진행하세요. ‘대장이랑 등기부가 다르다’는 한 문장이라도, 면적·용도·구조·층수·주소·건물번호 중 무엇이 다른지에 따라 절차가 갈립니다. 비용 안내 비용은 불일치 항목 수, 행정 정정 동반, 소송·분쟁 여부(별도) 등에 따라 달라질 수 있습니다. 관할·접근 안내 부동산 소재지 관할 등기소 기준으로 접수하며, 부산 해운대·센텀 다옴법무사사무소에서 상담·수임을 진행합니다. 사무소: 부산광역시 해운대구 센텀동로 200 D동 1층 LAB9호 법무사는 부동산등기(건물·토지) 신청·서류 작성·접수 대리 등 등기 관련 업무를 지원합니다. 건축 인허가·철거 공사·세무·소송대리는 별도 전문 영역이며, 사안별로 지원 범위를 확인합니다. 결과를 보장하거나 ‘무조건 해결’로 안내하지 않습니다. 법무사 의견 대장·등기부 불일치는 항목별",201,729f0208af9e3df0
/건축물대장말소등기부잔존,"대장만 말소되고 등기부가 남은 경우에는 멸실등기로 잔존 공시를 정리하는 것이 핵심입니다. 상태 확인 후 담보 등 을구 권리까지 함께 봅니다. 대장만 말소되고 등기부가 남은 경우에는 멸실등기로 잔존 공시를 정리하는 것이 핵심입니다. 상태 확인 후 담보 등 을구 권리까지 함께 봅니다. 건축물대장은 말소됐지만 등기부에 건물이 남아 있는 상태는 매매·담보·행정 서류에서 반복적으로 지적됩니다. 비용 안내 비용은 말소 경위 증빙 보완 필요 여부, 잔존 담보 말소 동반 여부 등에 따라 달라질 수 있습니다. 관할·접근 안내 부동산 소재지 관할 등기소 기준으로 접수하며, 부산 해운대·센텀 다옴법무사사무소에서 상담·수임을 진행합니다. 사무소: 부산광역시 해운대구 센텀동로 200 D동 1층 LAB9호 법무사는 부동산등기(건물·토지) 신청·서류 작성·접수 대리 등 등기 관련 업무를 지원합니다. 건축 인허가·철거 공사·세무·소송대리는 별도 전문 영역이며, 사안별로 지원 범위를 확인합니다. 결과를 보장하거나",256,faa37872f5bc50c3
/건축물대장말소와멸실등기차이,"건축물대장 말소는 행정 기록 정리이고, 멸실등기는 등기부 건물 공시 폐쇄입니다. 둘은 대체 관계가 아니므로, 현재 어디에 잔존 기록이 있는지부터 확인해야 합니다. 건축물대장 말소는 행정 기록 정리이고, 멸실등기는 등기부 건물 공시 폐쇄입니다. 둘은 대체 관계가 아니므로, 현재 어디에 잔존 기록이 있는지부터 확인해야 합니다. 건축물대장을 말소했다고 등기부 건물이 사라지지는 않습니다. 대장 말소와 멸실등기는 담당·효과·서류가 다릅니다. 비용 안내 비용은 대장·등기 중 어느 쪽이 미정리인지, 불일치 보정에 필요한 추가 증빙 등에 따라 달라질 수 있습니다. 관할·접근 안내 부동산 소재지 관할 등기소 기준으로 접수하며, 부산 해운대·센텀 다옴법무사사무소에서 상담·수임을 진행합니다. 사무소: 부산광역시 해운대구 센텀동로 200 D동 1층 LAB9호 법무사는 부동산등기(건물·토지) 신청·서류 작성·접수 대리 등 등기 관련 업무를 지원합니다. 건축 인허가·철거 공사·세무·소송대리는 별도 전문 영역",249,57aac92b85617a6b
/건축주법인신축보존등기,"법인 건축주 보존등기는 법인 등기부·건축물대장·대표 권한·인감을 일치시킨 뒤 접수하고, 대출·분양이 있으면 일정을 함께 잡으세요. 법인 건축주 보존등기는 법인 등기부·건축물대장·대표 권한·인감을 일치시킨 뒤 접수하고, 대출·분양이 있으면 일정을 함께 잡으세요. 법인이 건축주로 신축한 공장·창고·상가·오피스텔은 개인 건축주 보존과 서류·의사결정 구조가 다릅니다. 비용 안내 비용은 일반건물 vs 집합건물, 공동건축·다수 건축주, 담보 설정 동시 진행, 법인 결의 서류 범위 등에 따라 달라질 수 있습니다. 관할·접근 안내 부동산 소재지 관할 등기소 기준으로 접수하며, 부산 해운대·센텀 다옴법무사사무소에서 상담·수임을 진행합니다. 사무소: 부산광역시 해운대구 센텀동로 200 D동 1층 LAB9호 법무사는 부동산등기(건물·토지) 신청·서류 작성·접수 대리 등 등기 관련 업무를 지원합니다. 건축 인허가·철거 공사·세무·소송대리는 별도 전문 영역이며, 사안별로 지원 범위를 확인합니다. 결과를 보",243,969715020884a706
/건축주준비서류,"건축주 준비서류 검색 시, 키워드만 보고 결정하기보다 건축주 서류 준비에 맞는 서류·기한·관할·비용을 먼저 확인하는 것이 안전합니다. 건축주 준비서류 검색 시, 키워드만 보고 결정하기보다 건축주 서류 준비에 맞는 서류·기한·관할·비용을 먼저 확인하는 것이 안전합니다. 건축주 준비서류 검색 시, 키워드만 보고 결정하기보다 건축주 서류 준비에 맞는 서류·기한·관할·비용을 먼저 확인하는 것이 안전합니다. 상담 시 확인하는 내용 건축주 준비서류 사건은 서류·관할·기한에 따라 진행 순서가 달라집니다. 다옴법무사사무소는 부산 해운대구·센텀에서 상속등기·부동산등기·법인등기·개인회생·파산 등을 다루며, 의뢰인 상황에 맞춰 절차와 비용을 알기 쉽게 설명합니다. 불확실한 부분은 추측으로 단정하지 않고, 확인된 사실을 바탕으로 안내드립니다. 전화·카카오톡·네이버 톡톡으로 간단히 상황을 남겨 주시면 필요한 준비부터 차분히 정리해 드리겠습니다. 건축주 준비서류 검색 시 무엇을 먼저 확인해야 하나요? 건축주",282,23b7e15eaa4806ac
/경남사단법인설립,"경남 사단법인은 해당 시·군·도 주무관청 허가 후 3주 이내 관할 등기소에 설립등기합니다. 경남 사단법인은 해당 시·군·도 주무관청 허가 후 3주 이내 관할 등기소에 설립등기합니다. 경상남도에 주사무소를 두는 사단법인은 목적에 따라 경남도·시·군·교육청이 주무관청이 될 수 있습니다. 상담 시 확인하는 내용 경남 사단법인 설립 사건은 서류·관할·기한에 따라 진행 순서가 달라집니다. 다옴법무사사무소는 부산 해운대구·센텀에서 상속등기·부동산등기·법인등기·개인회생·파산 등을 다루며, 의뢰인 상황에 맞춰 절차와 비용을 알기 쉽게 설명합니다. 불확실한 부분은 추측으로 단정하지 않고, 확인된 사실을 바탕으로 안내드립니다. 전화·카카오톡·네이버 톡톡으로 간단히 상황을 남겨 주시면 필요한 준비부터 차분히 정리해 드리겠습니다. 부산 사무소에서 경남 법인 등기를 하나요? 상담·서류 작성은 가능하나 접수는 주사무소 관할 등기소입니다. `/부산사단법인설립`과 관할이 다릅니다. 경남 사단법인 설립 상담은 어",136,5dc7e2d4f16c7e6d
/경남재단법인설립,"경남 재단법인은 허가 후 3주 이내 관할 등기소에 설립등기합니다. 경남 재단법인은 허가 후 3주 이내 관할 등기소에 설립등기합니다. 경남에 기본재산·주사무소를 두는 재단법인은 목적별 주무관청 허가 후 설립등기합니다. 상담 시 확인하는 내용 경남 재단법인 설립 사건은 서류·관할·기한에 따라 진행 순서가 달라집니다. 다옴법무사사무소는 부산 해운대구·센텀에서 상속등기·부동산등기·법인등기·개인회생·파산 등을 다루며, 의뢰인 상황에 맞춰 절차와 비용을 알기 쉽게 설명합니다. 불확실한 부분은 추측으로 단정하지 않고, 확인된 사실을 바탕으로 안내드립니다. 전화·카카오톡·네이버 톡톡으로 간단히 상황을 남겨 주시면 필요한 준비부터 차분히 정리해 드리겠습니다. 경남 재단법인 설립 상담은 어디서 받을 수 있나요? 다옴법무사사무소는 해운대구 센텀에 있으며, 부산 전역 사건을 전화·카카오톡·네이버 톡톡·방문(예약)으로 상담합니다. 비용은 어떻게 안내되나요? 사건 복잡도·부동산 가액·상속인 수·채무 규모 등",133,32fc76c22ece12ae
/경매낙찰후전세권확인,"낙찰 후 소유권이전만 검색하다가 등기부의 전세권·임차권 때문에 막히는 경우가 있습니다. 이 페이지는 ‘무조건 말소’ 또는 ‘무조건 인수’를 단정하지 않고, 확인 순서와 등기 연계를 안내합니다. 낙찰 후 소유권이전만 검색하다가 등기부의 전세권·임차권 때문에 막히는 경우가 있습니다. 이 페이지는 ‘무조건 말소’ 또는 ‘무조건 인수’를 단정하지 않고, 확인 순서와 등기 연계를 안내합니다. 낙찰 후 소유권이전만 검색하다가 등기부의 전세권·임차권 때문에 막히는 경우가 있습니다. 이 페이지는 ‘무조건 말소’ 또는 ‘무조건 인수’를 단정하지 않고, 확인 순서와 등기 연계를 안내합니다. 상담 시 확인하는 내용 경매 낙찰 후 전세권 확인 사건은 서류·관할·기한에 따라 진행 순서가 달라집니다. 다옴법무사사무소는 부산 해운대구·센텀에서 상속등기·부동산등기·법인등기·개인회생·파산 등을 다루며, 의뢰인 상황에 맞춰 절차와 비용을 알기 쉽게 설명합니다. 불확실한 부분은 추측으로 단정하지 않고, 확인된 사실을",203,c2a6bc370dc2bc95
/경상도비대면상속등기,"경남·울산·경북처럼 부산과 거리가 있는 지역에 상속부동산이 있으면 '방문을 몇 번이나 해야 하는지'가 가장 먼저 궁금한 지점입니다. 이 페이지는 경상도 전역을 대상으로, 방문 없이 준비할 수 있는 단계와 원본이 필요한 단계를 구분해 안내합니다. 경남·울산·경북처럼 부산과 거리가 있는 지역에 상속부동산이 있으면 '방문을 몇 번이나 해야 하는지'가 가장 먼저 궁금한 지점입니다. 이 페이지는 경상도 전역을 대상으로, 방문 없이 준비할 수 있는 단계와 원본이 필요한 단계를 구분해 안내합니다. 경남·울산·경북처럼 부산과 거리가 있는 지역에 상속부동산이 있으면 '방문을 몇 번이나 해야 하는지'가 가장 먼저 궁금한 지점입니다. 이 페이지는 경상도 전역을 대상으로, 방문 없이 준비할 수 있는 단계와 원본이 필요한 단계를 구분해 안내합니다. 상담 시 확인하는 내용 경상도 비대면 상속등기 사건은 서류·관할·기한에 따라 진행 순서가 달라집니다. 다옴법무사사무소는 부산 해운대구·센텀에서 상속등기·부동산등",202,6d372f7e5307ca1d
/고인계좌장례비사용,"장례비 마련을 위해 고인 계좌에서 인출하는 경우가 있습니다. 이 행위가 상속 선택에 어떤 영향을 주는지는 금액·목적·시점·다른 처분 여부에 따라 달라질 수 있어, 일률적으로 ‘괜찮다/안 된다’고 단정하지 않습니다. 장례비 마련을 위해 고인 계좌에서 인출하는 경우가 있습니다. 이 행위가 상속 선택에 어떤 영향을 주는지는 금액·목적·시점·다른 처분 여부에 따라 달라질 수 있어, 일률적으로 ‘괜찮다/안 된다’고 단정하지 않습니다. 장례비 마련을 위해 고인 계좌에서 인출하는 경우가 있습니다. 이 행위가 상속 선택에 어떤 영향을 주는지는 금액·목적·시점·다른 처분 여부에 따라 달라질 수 있어, 일률적으로 ‘괜찮다/안 된다’고 단정하지 않습니다. 상담 시 확인하는 내용 고인 계좌에서 장례비를 사용한 경우 사건은 서류·관할·기한에 따라 진행 순서가 달라집니다. 다옴법무사사무소는 부산 해운대구·센텀에서 상속등기·부동산등기·법인등기·개인회생·파산 등을 다루며, 의뢰인 상황에 맞춰 절차와 비용을 알기",185,961668debb93463e
/공공기관등기업무,"공공기관 등기업무란 공공기관이 등기권리자 또는 등기의무자가 되어 법인 자체 변경사항을 등기하거나, 공유재산·공공사업·보상·기부채납·도시개발·산업단지 관련 부동산 권리를 등기부에 반영하는 업무를 말합니다. 기관의 법적 성격과 근거 법령에 따라 필요한 절차가 달라질 수 있습니다. 등기 촉탁은 등기소에 등기를 신청하는 방식 중 하나로, 일반 등기신청과 제출 주체·문서·실무 흐름이 다를 수 있습니다. 촉탁등기에 해당하는지는 기관 성격, 등기 원인, 관련 법령, 관할 등기소 실무에 따라 달라질 수 있으므로 사전 검토가 필요합니다. 공기업·지방공기업·출자·출연기관은 임원변경·본점이전·명칭·목적 변경 등 법인등기 수요가 지속적으로 발생하고, 부동산 취득·처분·신축 보존·근저당 말소 등 부동산등기도 함께 검토되는 경우가 많습니다. 내부 결재와 등기 실무가 맞지 않으면 보정·지연이 생길 수 있습니다. 공공기관 등기업무란 공공기관이 등기권리자 또는 등기의무자가 되어 법인 자체 변경사항을 등기하거나, ",700,4bd22532e756922c
/공공기관법률교육,"공공기관 담당자가 외부강사를 찾을 때 먼저 확인하는 것은 직원교육인지 시민교육인지, 그리고 법정 지정교육과 겹치지 않는지입니다. 본 안내는 생활·실무 예방교육 범위로, 청렴·이해충돌·청탁금지 등 별도 지정교육은 다루지 않습니다. 공공기관 담당자가 외부강사를 찾을 때 먼저 확인하는 것은 직원교육인지 시민교육인지, 그리고 법정 지정교육과 겹치지 않는지입니다. 본 안내는 생활·실무 예방교육 범위로, 청렴·이해충돌·청탁금지 등 별도 지정교육은 다루지 않습니다. 공공기관 담당자가 외부강사를 찾을 때 먼저 확인하는 것은 직원교육인지 시민교육인지, 그리고 법정 지정교육과 겹치지 않는지입니다. 본 안내는 생활·실무 예방교육 범위로, 청렴·이해충돌·청탁금지 등 별도 지정교육은 다루지 않습니다. 상담 시 확인하는 내용 부산 공공기관 강사 사건은 서류·관할·기한에 따라 진행 순서가 달라집니다. 다옴법무사사무소는 부산 해운대구·센텀에서 상속등기·부동산등기·법인등기·개인회생·파산 등을 다루며, 의뢰인 상황",252,badd395e69498d81
/공공기관법인등기,"공공기관 법인등기 검색 시, 키워드만 보고 결정하기보다 공공기관 법인등기 실무에 맞는 서류·기한·관할·비용을 먼저 확인하는 것이 안전합니다. 공공기관 법인등기 검색 시, 키워드만 보고 결정하기보다 공공기관 법인등기 실무에 맞는 서류·기한·관할·비용을 먼저 확인하는 것이 안전합니다. 공공기관 법인등기 검색 시, 키워드만 보고 결정하기보다 공공기관 법인등기 실무에 맞는 서류·기한·관할·비용을 먼저 확인하는 것이 안전합니다. 상담 시 확인하는 내용 공공기관 법인등기 사건은 서류·관할·기한에 따라 진행 순서가 달라집니다. 다옴법무사사무소는 부산 해운대구·센텀에서 상속등기·부동산등기·법인등기·개인회생·파산 등을 다루며, 의뢰인 상황에 맞춰 절차와 비용을 알기 쉽게 설명합니다. 불확실한 부분은 추측으로 단정하지 않고, 확인된 사실을 바탕으로 안내드립니다. 전화·카카오톡·네이버 톡톡으로 간단히 상황을 남겨 주시면 필요한 준비부터 차분히 정리해 드리겠습니다. 공공기관 법인등기 검색 시 무엇을 먼저",292,e1fb606ceb7d634e
/공공기관부동산등기,"공공기관 부동산등기 검색 시, 키워드만 보고 결정하기보다 공공기관 부동산등기 실무에 맞는 서류·기한·관할·비용을 먼저 확인하는 것이 안전합니다. 공공기관 부동산등기 검색 시, 키워드만 보고 결정하기보다 공공기관 부동산등기 실무에 맞는 서류·기한·관할·비용을 먼저 확인하는 것이 안전합니다. 공공기관 부동산등기 검색 시, 키워드만 보고 결정하기보다 공공기관 부동산등기 실무에 맞는 서류·기한·관할·비용을 먼저 확인하는 것이 안전합니다. 상담 시 확인하는 내용 공공기관 부동산등기 사건은 서류·관할·기한에 따라 진행 순서가 달라집니다. 다옴법무사사무소는 부산 해운대구·센텀에서 상속등기·부동산등기·법인등기·개인회생·파산 등을 다루며, 의뢰인 상황에 맞춰 절차와 비용을 알기 쉽게 설명합니다. 불확실한 부분은 추측으로 단정하지 않고, 확인된 사실을 바탕으로 안내드립니다. 전화·카카오톡·네이버 톡톡으로 간단히 상황을 남겨 주시면 필요한 준비부터 차분히 정리해 드리겠습니다. 공공기관 부동산등기 검색 ",260,c02ba59c3cb74d45
/공공기관이전등기,"공공기관 이전등기 검색 시, 키워드만 보고 결정하기보다 공공기관 이전등기에 맞는 서류·기한·관할·비용을 먼저 확인하는 것이 안전합니다. 공공기관 이전등기 검색 시, 키워드만 보고 결정하기보다 공공기관 이전등기에 맞는 서류·기한·관할·비용을 먼저 확인하는 것이 안전합니다. 공공기관 이전등기 검색 시, 키워드만 보고 결정하기보다 공공기관 이전등기에 맞는 서류·기한·관할·비용을 먼저 확인하는 것이 안전합니다. 상담 시 확인하는 내용 공공기관 이전등기 사건은 서류·관할·기한에 따라 진행 순서가 달라집니다. 다옴법무사사무소는 부산 해운대구·센텀에서 상속등기·부동산등기·법인등기·개인회생·파산 등을 다루며, 의뢰인 상황에 맞춰 절차와 비용을 알기 쉽게 설명합니다. 불확실한 부분은 추측으로 단정하지 않고, 확인된 사실을 바탕으로 안내드립니다. 전화·카카오톡·네이버 톡톡으로 간단히 상황을 남겨 주시면 필요한 준비부터 차분히 정리해 드리겠습니다. 공공기관 이전등기 검색 시 무엇을 먼저 확인해야 하나요",257,eeea0762fdb1f037
/공공기관촉탁등기,"공공기관 촉탁등기 검색 시, 키워드만 보고 결정하기보다 공공기관 촉탁등기에 맞는 서류·기한·관할·비용을 먼저 확인하는 것이 안전합니다. 공공기관 촉탁등기 검색 시, 키워드만 보고 결정하기보다 공공기관 촉탁등기에 맞는 서류·기한·관할·비용을 먼저 확인하는 것이 안전합니다. 공공기관 촉탁등기 검색 시, 키워드만 보고 결정하기보다 공공기관 촉탁등기에 맞는 서류·기한·관할·비용을 먼저 확인하는 것이 안전합니다. 상담 시 확인하는 내용 공공기관 촉탁등기 사건은 서류·관할·기한에 따라 진행 순서가 달라집니다. 다옴법무사사무소는 부산 해운대구·센텀에서 상속등기·부동산등기·법인등기·개인회생·파산 등을 다루며, 의뢰인 상황에 맞춰 절차와 비용을 알기 쉽게 설명합니다. 불확실한 부분은 추측으로 단정하지 않고, 확인된 사실을 바탕으로 안내드립니다. 전화·카카오톡·네이버 톡톡으로 간단히 상황을 남겨 주시면 필요한 준비부터 차분히 정리해 드리겠습니다. 공공기관 촉탁등기 검색 시 무엇을 먼저 확인해야 하나요",233,df95764a9658e0c8
/공기업등기,"공기업 등기 검색 시, 키워드만 보고 결정하기보다 공기업 등기에 맞는 서류·기한·관할·비용을 먼저 확인하는 것이 안전합니다. 공기업 등기 검색 시, 키워드만 보고 결정하기보다 공기업 등기에 맞는 서류·기한·관할·비용을 먼저 확인하는 것이 안전합니다. 공기업 등기 검색 시, 키워드만 보고 결정하기보다 공기업 등기에 맞는 서류·기한·관할·비용을 먼저 확인하는 것이 안전합니다. 상담 시 확인하는 내용 공기업 등기 사건은 서류·관할·기한에 따라 진행 순서가 달라집니다. 다옴법무사사무소는 부산 해운대구·센텀에서 상속등기·부동산등기·법인등기·개인회생·파산 등을 다루며, 의뢰인 상황에 맞춰 절차와 비용을 알기 쉽게 설명합니다. 불확실한 부분은 추측으로 단정하지 않고, 확인된 사실을 바탕으로 안내드립니다. 전화·카카오톡·네이버 톡톡으로 간단히 상황을 남겨 주시면 필요한 준비부터 차분히 정리해 드리겠습니다. 공기업 임원이 바뀌면 항상 등기를 하나요? 법인등기 대상 공기업이면 대표·이사 변경이 등기 ",148,2e91ae682c7aab09
/공유물분할등기서류준비,"여러 사람이 공유하는 토지·건물을 각자의 단독 명의나 지분으로 나누려면, 합의만으로는 부족하고 등기원인에 맞는 서류가 필요합니다. 협의분할인지, 조정·화해인지, 판결에 따른 분할인지에 따라 준비목록이 달라집니다. 여러 사람이 공유하는 토지·건물을 각자의 단독 명의나 지분으로 나누려면, 합의만으로는 부족하고 등기원인에 맞는 서류가 필요합니다. 협의분할인지, 조정·화해인지, 판결에 따른 분할인지에 따라 준비목록이 달라집니다. 여러 사람이 공유하는 토지·건물을 각자의 단독 명의나 지분으로 나누려면, 합의만으로는 부족하고 등기원인에 맞는 서류가 필요합니다. 협의분할인지, 조정·화해인지, 판결에 따른 분할인지에 따라 준비목록이 달라집니다. 상담 시 확인하는 내용 공유물분할등기 서류 준비 사건은 서류·관할·기한에 따라 진행 순서가 달라집니다. 다옴법무사사무소는 부산 해운대구·센텀에서 상속등기·부동산등기·법인등기·개인회생·파산 등을 다루며, 의뢰인 상황에 맞춰 절차와 비용을 알기 쉽게 설명합니다",182,e4eb0c5e4b09b8de
/공유자연락두절멸실등기,"공유자 연락 두절 시 멸실등기는 지분·신청 자격·협조 범위를 먼저 확인해야 합니다. 연락되는 공유자의 서류만으로 부족한 경우가 많아, 가능한 등기 조치와 법률 절차 경계를 나눕니다. 공유자 연락 두절 시 멸실등기는 지분·신청 자격·협조 범위를 먼저 확인해야 합니다. 연락되는 공유자의 서류만으로 부족한 경우가 많아, 가능한 등기 조치와 법률 절차 경계를 나눕니다. 건물 공유자 중 일부가 연락되지 않으면 멸실등기 위임·동의 준비가 막힐 수 있습니다. 등기 신청 전에 지분·협조 범위를 점검합니다. 비용 안내 비용은 공유자 수·해외 위임 여부, 법률 절차 병행 필요 여부, 철거·매도 일정 압박 등에 따라 달라질 수 있습니다. 관할·접근 안내 부동산 소재지 관할 등기소 기준으로 접수하며, 부산 해운대·센텀 다옴법무사사무소에서 상담·수임을 진행합니다. 사무소: 부산광역시 해운대구 센텀동로 200 D동 1층 LAB9호 법무사는 부동산등기(건물·토지) 신청·서류 작성·접수 대리 등 등기 관련 업무",272,72d4136363abaf3a
/공익법인설립등기,"공익법인 설립은 법률상 설립 인가·허가 후 설립등기가 필요합니다. 법무사는 등기 단계를 지원하며, 공익 목적·기본재산 요건은 행정 절차에서 확인합니다. 공익법인 설립은 법률상 설립 인가·허가 후 설립등기가 필요합니다. 법무사는 등기 단계를 지원하며, 공익 목적·기본재산 요건은 행정 절차에서 확인합니다. 공익법인은 공익법인 등에 관한 법률에 따른 법인으로, 공익 목적 사업을 수행합니다. 상담 시 확인하는 내용 공익법인 설립등기 사건은 서류·관할·기한에 따라 진행 순서가 달라집니다. 다옴법무사사무소는 부산 해운대구·센텀에서 상속등기·부동산등기·법인등기·개인회생·파산 등을 다루며, 의뢰인 상황에 맞춰 절차와 비용을 알기 쉽게 설명합니다. 불확실한 부분은 추측으로 단정하지 않고, 확인된 사실을 바탕으로 안내드립니다. 전화·카카오톡·네이버 톡톡으로 간단히 상황을 남겨 주시면 필요한 준비부터 차분히 정리해 드리겠습니다. 재단법인과 공익법인 차이는? 민법상 재단법인과 공익법인 등에 관한 법률상 ",149,32338fe9a8ca52f8
/공익법인임원변경등기,"공익법인 임원변경은 결의·승인 후 등기 기한 내 접수해야 합니다. 공익법인 임원변경은 결의·승인 후 등기 기한 내 접수해야 합니다. 공익법인 임원 변경도 결의·승인 후 등기가 필요합니다. 상담 시 확인하는 내용 공익법인 임원변경등기 사건은 서류·관할·기한에 따라 진행 순서가 달라집니다. 다옴법무사사무소는 부산 해운대구·센텀에서 상속등기·부동산등기·법인등기·개인회생·파산 등을 다루며, 의뢰인 상황에 맞춰 절차와 비용을 알기 쉽게 설명합니다. 불확실한 부분은 추측으로 단정하지 않고, 확인된 사실을 바탕으로 안내드립니다. 전화·카카오톡·네이버 톡톡으로 간단히 상황을 남겨 주시면 필요한 준비부터 차분히 정리해 드리겠습니다. 공익법인 임원변경등기 상담은 어디서 받을 수 있나요? 다옴법무사사무소는 해운대구 센텀에 있으며, 부산 전역 사건을 전화·카카오톡·네이버 톡톡·방문(예약)으로 상담합니다. 비용은 어떻게 안내되나요? 사건 복잡도·부동산 가액·상속인 수·채무 규모 등에 따라 달라집니다. 서류",129,e2f6e2931527cf1f
/공장철거후멸실등기,"공장 철거 후 멸실등기는 건물 공시 폐쇄와 함께 공장재단·담보 잔존 여부를 점검해야 합니다. 일부 동만 철거하면 표시변경 분기가 될 수 있습니다. 공장 철거 후 멸실등기는 건물 공시 폐쇄와 함께 공장재단·담보 잔존 여부를 점검해야 합니다. 일부 동만 철거하면 표시변경 분기가 될 수 있습니다. 공장 건물을 철거해도 등기·공장재단·담보가 남아 있으면 부지 매각·이전·재건축 일정이 막힐 수 있습니다. 비용 안내 비용은 재단·담보 말소 동반 여부, 다수 동·다수 필지 일괄 처리 여부, 법인·개인 신청인 구조 등에 따라 달라질 수 있습니다. 관할·접근 안내 부동산 소재지 관할 등기소 기준으로 접수하며, 부산 해운대·센텀 다옴법무사사무소에서 상담·수임을 진행합니다. 사무소: 부산광역시 해운대구 센텀동로 200 D동 1층 LAB9호 법무사는 부동산등기(건물·토지) 신청·서류 작성·접수 대리 등 등기 관련 업무를 지원합니다. 건축 인허가·철거 공사·세무·소송대리는 별도 전문 영역이며, 사안별로 지",254,43f813999fbc0556
/공지사항,"다옴법무사사무소 운영 공지, 휴무·일정 변경 등 안내사항을 확인하실 수 있습니다. 다옴법무사사무소 운영 공지, 휴무·일정 변경 등 안내사항을 확인하실 수 있습니다. 부산 해운대구·센텀에 위치한 다옴법무사사무소 안윤정 법무사가 절차·서류·비용을 항목별로 설명드립니다. 막막할수록 지금 무엇부터 해야 하는지부터 정리하는 것이 우선이라고 생각합니다. 공지사항 다옴법무사사무소 운영 공지, 휴무·일정 변경 등 안내사항을 확인하실 수 있습니다. 다옴법무사사무소 공지사항 다옴법무사사무소 상담 시 확인하는 내용 공지사항 사건은 서류·관할·기한에 따라 진행 순서가 달라집니다. 다옴법무사사무소는 부산 해운대구·센텀에서 상속등기·부동산등기·법인등기·개인회생·파산 등을 다루며, 의뢰인 상황에 맞춰 절차와 비용을 알기 쉽게 설명합니다. 불확실한 부분은 추측으로 단정하지 않고, 확인된 사실을 바탕으로 안내드립니다. 전화·카카오톡·네이버 톡톡으로 간단히 상황을 남겨 주시면 필요한 준비부터 차분히 정리해 드리겠습",154,89acc6ee9e132fa9
/공탁자가진단,"공탁이 필요한지, 어떤 서류가 있는지 먼저 확인해 보세요. 공탁이 필요한지, 어떤 서류가 있는지 먼저 확인해 보세요. 공탁이 필요한지, 어떤 서류가 있는지 먼저 확인해 보세요. 공탁은 법률·행정 절차상 요건과 서류가 맞아야 진행할 수 있습니다. 부산·해운대·센텀에서 공탁 관련 상담은 관할·기한·비용을 함께 묻는 경우가 많습니다. 자가진단 결과 안내 공탁 자가진단 결과는 점수와 답변 태그를 바탕으로 사전 정보 확인·검토 필요·상담 권장·긴급 확인 필요 방향을 안내합니다. 특정 절차의 성공·실패를 단정하지 않습니다. 사전 정보 확인은 서류·관할·기한을 정리하는 단계입니다. 검토 필요는 사실관계가 복잡하거나 추가 확인이 필요할 때, 상담 권장·긴급은 기한·분쟁·권리 침해 우려가 클 때 나타납니다. 진단 후에도 등기부·계약서·가족관계증명서 등 원본 서류 확인이 필요합니다. 부산·해운대·센텀 사무소로 서류를 먼저 보내주시면 상담 시간을 줄일 수 있습니다. 긴급 확인 필요 결과가 나와도 당황하",461,ea03115d2b60c5da
/공탁채권회수,채무 변제 공탁·집행 공탁·해방 공탁은 채권·채무 관계와 소송 진행 상황에 따라 서류와 순서가 달라집니다. 미수금·대여금·공사대금 회수는 지급명령·본안 소송·가압류·추심명령·강제집행까지 단계별 전략이 필요합니다. 부산지방법원 공탁 사무와 민사집행 절차는 관할과 신청서 양식을 사전에 확인하는 것이 좋습니다. 다옴법무사사무소는 채권 회수 경로를 정리해 드립니다. 채무 변제 공탁·집행 공탁·해방 공탁은 채권·채무 관계와 소송 진행 상황에 따라 서류와 순서가 달라집니다. 미수금·대여금·공사대금 회수는 지급명령·본안 소송·가압류·추심명령·강제집행까지 단계별 전략이 필요합니다. 부산지방법원 공탁 사무와 민사집행 절차는 관할과 신청서 양식을 사전에 확인하는 것이 좋습니다. 다옴법무사사무소는 채권 회수 경로를 정리해 드립니다. 공탁·채권회수는 채권 성격과 상대방 재산 상황에 따라 절차가 달라집니다. 관련 서류를 확인해드리겠습니다. 공탁 절차 변제공탁·집행공탁·해방공탁은 사건별 양식과 제출 부수가 ,260,b7fb2d679eaf026b
/관세법인설립등기,"관세법인 설립등기는 관세사법상 등록·인가 후 관할 등기소에 접수합니다. 관세법인 설립등기는 관세사법상 등록·인가 후 관할 등기소에 접수합니다. 관세법인은 관세사법에 따른 관세사법인으로, 설립 등록·인가 후 설립등기를 합니다. 상담 시 확인하는 내용 관세법인 설립등기 사건은 서류·관할·기한에 따라 진행 순서가 달라집니다. 다옴법무사사무소는 부산 해운대구·센텀에서 상속등기·부동산등기·법인등기·개인회생·파산 등을 다루며, 의뢰인 상황에 맞춰 절차와 비용을 알기 쉽게 설명합니다. 불확실한 부분은 추측으로 단정하지 않고, 확인된 사실을 바탕으로 안내드립니다. 전화·카카오톡·네이버 톡톡으로 간단히 상황을 남겨 주시면 필요한 준비부터 차분히 정리해 드리겠습니다. 통관 업무도 하나요? 하지 않습니다. 통관·관세는 관세사 영역입니다. 법무사는 법인 등기만 지원합니다. 관세법인 설립등기 상담은 어디서 받을 수 있나요? 다옴법무사사무소는 해운대구 센텀에 있으며, 부산 전역 사건을 전화·카카오톡·네이버 ",120,cd9f7118da5640f7
/광안동법무사,"광안동 법무사를 찾으시면 광안1·2·3동 등 행정동 실거주 아파트·다가구·내륙 골목 상가의 매매·상속을 이 페이지에서 보시면 됩니다. 광안리 해변·전세권 히어로 안내는 광안리 페이지가 담당합니다. 광안동 법무사를 찾으시면 광안1·2·3동 등 행정동 실거주 아파트·다가구·내륙 골목 상가의 매매·상속을 이 페이지에서 보시면 됩니다. 광안리 해변·전세권 히어로 안내는 광안리 페이지가 담당합니다. 광안동 법무사를 찾으시면 광안1·2·3동 등 행정동 실거주 아파트·다가구·내륙 골목 상가의 매매·상속을 이 페이지에서 보시면 됩니다. 광안리 해변·전세권 히어로 안내는 광안리 페이지가 담당합니다. 광안동 행정동 실거주에서 먼저 확인할 업무 광안1~3동 아파트·다가구 매매, 공동상속 후 명의 정리, 골목 근린상가 이전이 중심입니다. 해수욕장 전세권·상가 권리금 히어로는 광안리 안내를 보시면 됩니다. 광안리 안내와의 구분 (겹치지 않게) 광안리 페이지는 해변·전세권·상가 권리금 각도입니다. 이 페이지",284,db75989fc55a5ac9
/광안동부동산등기,광안동 부동산등기 문의는 소재지·채무·협의 상태에 따라 준비 순서가 달라집니다. 광안리 해변 인근 아파트·상가 전세·매매·상속 등기를 안내하는 동입니다. 매매·증여·상속 등 원인별 부동산 등기 전반을 다룹니다. 관할 등기소 확인이 우선입니다. 상담 시 서류·일정·비용 범위를 항목별로 안내합니다. 광안동 부동산등기 문의는 소재지·채무·협의 상태에 따라 준비 순서가 달라집니다. 광안리 해변 인근 아파트·상가 전세·매매·상속 등기를 안내하는 동입니다. 매매·증여·상속 등 원인별 부동산 등기 전반을 다룹니다. 관할 등기소 확인이 우선입니다. 상담 시 서류·일정·비용 범위를 항목별로 안내합니다. 광안리 해변 인근 아파트·상가 전세·매매·상속 등기를 안내하는 동입니다. 매매·증여·상속 등 원인별 부동산 등기 전반을 다룹니다. 관할 등기소 확인이 우선입니다. 지역별 업무 상황 이미 소송·가압류가 있으면 등기 가능 시점부터 다시 설계합니다. 단순 매매 일정과 섞지 않습니다. 회생·파산 경로에서는 ,481,07ca946155961f02
/광안동전세권설정,광안동 전세권설정 문의는 소재지·채무·협의 상태에 따라 준비 순서가 달라집니다. 광안리 해변 인근 아파트·상가 전세·매매·상속 등기를 안내하는 동입니다. 전세금 보호를 위한 전세권 설정 등기입니다. 임대차 계약·확정일자와 함께 검토합니다. 상담 시 서류·일정·비용 범위를 항목별로 안내합니다. 광안동 전세권설정 문의는 소재지·채무·협의 상태에 따라 준비 순서가 달라집니다. 광안리 해변 인근 아파트·상가 전세·매매·상속 등기를 안내하는 동입니다. 전세금 보호를 위한 전세권 설정 등기입니다. 임대차 계약·확정일자와 함께 검토합니다. 상담 시 서류·일정·비용 범위를 항목별로 안내합니다. 광안리 해변 인근 아파트·상가 전세·매매·상속 등기를 안내하는 동입니다. 전세금 보호를 위한 전세권 설정 등기입니다. 임대차 계약·확정일자와 함께 검토합니다. 지역별 업무 상황 수임·등록면허세·지방교육세·수수료 칸을 나눈 견적 초안을 상담 후 공유합니다. 추가 보정 비용은 별도 줄입니다. 이미 소송·가압류가,458,31e7436392a69b69
/광안리법무사,"광안리 인근에서 ‘전세 계약은 했는데 전세권 설정을 해야 하나’, ‘부모님 광안동 아파트를 형제가 나눠 상속하려 한다’는 문의가 많습니다. 해변 생활권에서는 단순 매매뿐 아니라 전세 사기 예방·임대인 동의 여부·선순위 근저당 잔액을 함께 봐야 합니다. 광안동 상가는 권리금·임대차 승계가 매매 등기와 연결됩니다. 광안리 인근에서 ‘전세 계약은 했는데 전세권 설정을 해야 하나’, ‘부모님 광안동 아파트를 형제가 나눠 상속하려 한다’는 문의가 많습니다. 해변 생활권에서는 단순 매매뿐 아니라 전세 사기 예방·임대인 동의 여부·선순위 근저당 잔액을 함께 봐야 합니다. 광안동 상가는 권리금·임대차 승계가 매매 등기와 연결됩니다. 광안리 법무사 상담은 해변 인근 아파트·상가·카페 거리의 매매·전세·상속 사건이 많은 수영구 해안 상권에 맞춰 진행합니다. 여름철·방학 시즌 전후로 전세 갱신·매매가 몰리면서 전세권 설정·말소 문의가 늘어납니다. 행정동 실거주(광안1~3동) 아파트·다가구만 보시면 광안",420,da7c540c55aa7657
/광안역법무사,"광안역 법무사를 찾으시면 광안역 인근으로 오시는 동선의 전세·매매 등기를 이 역세권 안내에서 연결하시면 됩니다. 해변·전세권 본문은 광안리 안내, 행정동 실거주는 광안동 안내가 Primary에 가깝습니다. 광안역 법무사를 찾으시면 광안역 인근으로 오시는 동선의 전세·매매 등기를 이 역세권 안내에서 연결하시면 됩니다. 해변·전세권 본문은 광안리 안내, 행정동 실거주는 광안동 안내가 Primary에 가깝습니다. 광안역 법무사를 찾으시면 광안역 인근으로 오시는 동선의 전세·매매 등기를 이 역세권 안내에서 연결하시면 됩니다. 해변·전세권 본문은 광안리 안내, 행정동 실거주는 광안동 안내가 Primary에 가깝습니다. 광안역과 광안리·광안동 안내 역 검색은 접근 동선입니다. 해변·전세권은 광안리, 광안1~3동 실거주 매매·상속은 광안동 안내를 보시면 각도가 겹치지 않습니다. 전세만 급할 때 전세권 설정·말소·보증금 이슈는 광안리·전세권 안내와 수영구 안내를 이어서 보시면 됩니다. 상담 시 확",250,884289b5cee373c6
/광안역전세권설정,광안역 전세권설정 문의는 소재지·채무·협의 상태에 따라 준비 순서가 달라집니다. 광안역·광안리 인근 전세·매매 등기 수요가 있습니다. 전세금 보호를 위한 전세권 설정 등기입니다. 임대차 계약·확정일자와 함께 검토합니다. 상담 시 서류·일정·비용 범위를 항목별로 안내합니다. 광안역 전세권설정 문의는 소재지·채무·협의 상태에 따라 준비 순서가 달라집니다. 광안역·광안리 인근 전세·매매 등기 수요가 있습니다. 전세금 보호를 위한 전세권 설정 등기입니다. 임대차 계약·확정일자와 함께 검토합니다. 상담 시 서류·일정·비용 범위를 항목별로 안내합니다. 광안역·광안리 인근 전세·매매 등기 수요가 있습니다. 전세금 보호를 위한 전세권 설정 등기입니다. 임대차 계약·확정일자와 함께 검토합니다. 지역별 업무 상황 이미 소송·가압류가 있으면 등기 가능 시점부터 다시 설계합니다. 단순 매매 일정과 섞지 않습니다. 회생·파산 경로에서는 소득·재산·채무 목록 정합성을 신청서 품질의 기준으로 둡니다. 등기원인,464,ae2529c7626b77c8
/괴정동법무사,"괴정동에서는 ‘전세 끼고 매수하는데 잔금일에 무엇을 말소해야 하냐’, ‘당리동 아파트를 부부 공동명의로 바꾸려 한다’, ‘신평동 집을 상속받았는데 대출이 남아 있다’는 문의가 많습니다. 전세 승계와 소유권이전을 같은 날 처리하려면 임대인·임차인·은행 일정이 맞아야 합니다. 공동명의는 매매·증여 등 원인에 따라 세금·서류가 달라집니다. 하단 페이지의 상속 중심 안내와 중복되지 않게, 괴정·당리·신평은 실거래·전세·대출 일정에 무게를 둡니다. 괴정동에서는 괴정·당리·신평 역세권 아파트와 다세대를 볼 때 잔금일 대출 실행과 전세 세입자 승계의 조율를 매매계약서·전세계약서·말소·인감 서류와 맞춰 확인합니다. 다옴법무사사무소는 해운대 센텀에서 상담합니다. 괴정동에서는 ‘전세 끼고 매수하는데 잔금일에 무엇을 말소해야 하냐’, ‘당리동 아파트를 부부 공동명의로 바꾸려 한다’, ‘신평동 집을 상속받았는데 대출이 남아 있다’는 문의가 많습니다. 전세 승계와 소유권이전을 같은 날 처리하려면 임대인·임",462,3fe93440356c6e47
/교회사단법인설립,"교회 사단법인 설립은 주무관청 허가 후 설립등기합니다. 교회 building·토지 등기는 별도 부동산등기 절차입니다. 교회 사단법인 설립은 주무관청 허가 후 설립등기합니다. 교회 building·토지 등기는 별도 부동산등기 절차입니다. 교회 관련 organization의 법인화는 종교단체 등록, 사단법인 설립, 교회 재산 등기가 각각 다른 문제입니다. 상담 시 확인하는 내용 교회 사단법인 설립 사건은 서류·관할·기한에 따라 진행 순서가 달라집니다. 다옴법무사사무소는 부산 해운대구·센텀에서 상속등기·부동산등기·법인등기·개인회생·파산 등을 다루며, 의뢰인 상황에 맞춰 절차와 비용을 알기 쉽게 설명합니다. 불확실한 부분은 추측으로 단정하지 않고, 확인된 사실을 바탕으로 안내드립니다. 전화·카카오톡·네이버 톡톡으로 간단히 상황을 남겨 주시면 필요한 준비부터 차분히 정리해 드리겠습니다. 교회 사단법인 설립 상담은 어디서 받을 수 있나요? 다옴법무사사무소는 해운대구 센텀에 있으며, 부산 전역 ",146,93ff9939df928bb8
/구서동법무사,"구서동에서는 ‘임대보증금이 빚인지 헷갈린다’, ‘서동 다가구를 상속받으면 세입자를 다 내보내야 하냐’, ‘피상속인 카드 빚이 있어 한정승인을 고민한다’는 문의가 있습니다. 임대보증금은 반환 채무 성격이 있어 상속 재산 목록에 반영해 검토해야 할 수 있습니다. 한정승인은 기간과 방식에 엄격한 요건이 있어, 상속등기만 먼저 하는 것이 항상 유리하지 않습니다. 부곡동 페이지의 한정승인 각도와 겹치지 않게, 구서·서동·청룡은 역세권·구릉 주거의 임대·채무 결합 사례에 맞춰 설명합니다. 구서동에서는 구서·서동·청룡의 금정 남부 주거와 역세권 아파트를 볼 때 임대 수익형 주택의 상속과 임차인 보증금 정산를 임대차 목록·상속 협의서·등기부·소득·채무 자료와 맞춰 확인합니다. 다옴법무사사무소는 해운대 센텀에서 상담합니다. 구서동에서는 ‘임대보증금이 빚인지 헷갈린다’, ‘서동 다가구를 상속받으면 세입자를 다 내보내야 하냐’, ‘피상속인 카드 빚이 있어 한정승인을 고민한다’는 문의가 있습니다. 임대보",486,3869c5f2a82be7f8
/구포동법무사,"구포동·만덕동에서는 ‘카드·대출을 합치면 상환이 어렵다’, ‘만덕동 집이 있어 회생이 불가능한가’, ‘구포동 아파트를 형제와 상속받았는데 한 명이 반대한다’는 문의가 있습니다. 담보 주택이 있다고 해서 회생 상담 자체가 불가능한 것은 아니며, 재산·소득·채권자 구성에 따라 검토합니다. 상속인 협의가 안 된 상태에서 매도 계약만 먼저 쓰면 잔금일에 명의 문제가 불거질 수 있습니다. 덕천동 페이지의 직장인 회생 사례와 혼동하지 않도록, 구포·만덕의 거주·담보·가족 관계를 기준으로 자료를 모읍니다. 구포동에서는 구포역·만덕터널 생활권의 구축 아파트와 주택를 볼 때 직장인 개인회생 자료와 주거 담보의 구분를 채권자 목록·소득증빙·등기부 담보 현황와 맞춰 확인합니다. 다옴법무사사무소는 해운대 센텀에서 상담합니다. 구포동·만덕동에서는 ‘카드·대출을 합치면 상환이 어렵다’, ‘만덕동 집이 있어 회생이 불가능한가’, ‘구포동 아파트를 형제와 상속받았는데 한 명이 반대한다’는 문의가 있습니다. 담보",510,7eb2a50da2aa4e16
/국민주택채권,"국민주택채권 검색 시, 키워드만 보고 결정하기보다 국민주택채권 매입에 맞는 서류·기한·관할·비용을 먼저 확인하는 것이 안전합니다. 국민주택채권 검색 시, 키워드만 보고 결정하기보다 국민주택채권 매입에 맞는 서류·기한·관할·비용을 먼저 확인하는 것이 안전합니다. 국민주택채권 검색 시, 키워드만 보고 결정하기보다 국민주택채권 매입에 맞는 서류·기한·관할·비용을 먼저 확인하는 것이 안전합니다. 상담 시 확인하는 내용 국민주택채권 사건은 서류·관할·기한에 따라 진행 순서가 달라집니다. 다옴법무사사무소는 부산 해운대구·센텀에서 상속등기·부동산등기·법인등기·개인회생·파산 등을 다루며, 의뢰인 상황에 맞춰 절차와 비용을 알기 쉽게 설명합니다. 불확실한 부분은 추측으로 단정하지 않고, 확인된 사실을 바탕으로 안내드립니다. 전화·카카오톡·네이버 톡톡으로 간단히 상황을 남겨 주시면 필요한 준비부터 차분히 정리해 드리겠습니다. 국민주택채권 검색 시 무엇을 먼저 확인해야 하나요? 국민주택채권는 보통 ‘견",269,af63cee556750ef8
/국제교류단체사단법인설립,"국제교류단체 사단법인은 주무관청 허가 후 3주 이내 설립등기합니다. 법무사는 허가 이후 등기를 지원합니다. 국제교류단체 사단법인은 주무관청 허가 후 3주 이내 설립등기합니다. 법무사는 허가 이후 등기를 지원합니다. 국제교류·문화교류·유학생·해외동포·자매도시 관련 단체는 사단법인으로 법인화하는 경우가 많습니다. 상담 시 확인하는 내용 국제교류단체 사단법인 설립 사건은 서류·관할·기한에 따라 진행 순서가 달라집니다. 다옴법무사사무소는 부산 해운대구·센텀에서 상속등기·부동산등기·법인등기·개인회생·파산 등을 다루며, 의뢰인 상황에 맞춰 절차와 비용을 알기 쉽게 설명합니다. 불확실한 부분은 추측으로 단정하지 않고, 확인된 사실을 바탕으로 안내드립니다. 전화·카카오톡·네이버 톡톡으로 간단히 상황을 남겨 주시면 필요한 준비부터 차분히 정리해 드리겠습니다. 국제교류단체 사단법인 설립 상담은 어디서 받을 수 있나요? 다옴법무사사무소는 해운대구 센텀에 있으며, 부산 전역 사건을 전화·카카오톡·네이버 ",139,5c9403f0e2e235d0
/근저당말소과태료,근저당말소 과태료 관련 안내는 지연 등기·신고가 문제될 수 있는 조건을 중심으로 봅니다. 이미 기한이 지난 경우에도 다음 조치 선택지를 상담에서 정리합니다. 대출 상환 후 근저당권 말소 등기를 진행합니다. 매매·상속 등기와 순서를 조율합니다. 다옴법무사사무소는 부산 전역 사건을 다루며 과태료 관련 범위를 항목별로 정리합니다. 근저당말소 과태료 관련 안내는 지연 등기·신고가 문제될 수 있는 조건을 중심으로 봅니다. 이미 기한이 지난 경우에도 다음 조치 선택지를 상담에서 정리합니다. 대출 상환 후 근저당권 말소 등기를 진행합니다. 매매·상속 등기와 순서를 조율합니다. 다옴법무사사무소는 부산 전역 사건을 다루며 과태료 관련 범위를 항목별로 정리합니다. 부산은 관할 법원·등기소가 사건별로 달라 사전 정리가 중요한 지역입니다. 대출 상환 후 근저당권 말소 등기를 진행합니다. 매매·상속 등기와 순서를 조율합니다. 비용이 달라지는 이유 전자등기 가능 사건과 방문 열람이 필요한 사건을 분리해 일정,518,80779e11baf7d005
/근저당말소기간,"근저당말소 소요 기간 안내는 서류 수집·접수·보정·완료까지 일반적인 흐름을 구간별로 설명합니다. 사건마다 달라 단정 일정을 약속하지 않으며, 병목 구간을 미리 알려 드립니다. 대출 상환 후 근저당권 말소 등기를 진행합니다. 매매·상속 등기와 순서를 조율합니다. 다옴법무사사무소는 부산 전역 사건을 다루며 기간 관련 범위를 항목별로 정리합니다. 근저당말소 소요 기간 안내는 서류 수집·접수·보정·완료까지 일반적인 흐름을 구간별로 설명합니다. 사건마다 달라 단정 일정을 약속하지 않으며, 병목 구간을 미리 알려 드립니다. 대출 상환 후 근저당권 말소 등기를 진행합니다. 매매·상속 등기와 순서를 조율합니다. 다옴법무사사무소는 부산 전역 사건을 다루며 기간 관련 범위를 항목별로 정리합니다. 부산은 관할 법원·등기소가 사건별로 달라 사전 정리가 중요한 지역입니다. 대출 상환 후 근저당권 말소 등기를 진행합니다. 매매·상속 등기와 순서를 조율합니다. 법정 기한 상속 승인 방식(단순·한정·포기)을 등",508,287b4bd2f7753e92
/근저당말소기한,"기한만 보고 단정하기보다, 근저당말소의 사실관계·기한·관할을 먼저 나눠 보는 것이 실무적입니다. 대출 상환 후 근저당권 말소 등기를 진행합니다. 매매·상속 등기와 순서를 조율합니다. 다옴법무사사무소는 부산 전역 사건을 다루며 기한 관련 범위를 항목별로 정리합니다. 기한만 보고 단정하기보다, 근저당말소의 사실관계·기한·관할을 먼저 나눠 보는 것이 실무적입니다. 대출 상환 후 근저당권 말소 등기를 진행합니다. 매매·상속 등기와 순서를 조율합니다. 다옴법무사사무소는 부산 전역 사건을 다루며 기한 관련 범위를 항목별로 정리합니다. 부산은 관할 법원·등기소가 사건별로 달라 사전 정리가 중요한 지역입니다. 대출 상환 후 근저당권 말소 등기를 진행합니다. 매매·상속 등기와 순서를 조율합니다. 법정 기한 법인 결의·취임승낙·인감 원본을 대조하고, 과태료 기한을 결의일부터 역산합니다. 산업단지·재개발·재건축처럼 특수한 권리관계는 일반 매매 체크리스트와 항목을 나눕니다. 말소할 근저당·전세권 목록을 ",473,bdf6e0cc84d00a82
/근저당말소보수표,"근저당 말소 보수표 검색은 근저당 말소 비용과 같은 의도인 경우가 많습니다. 협회 표 숫자를 이 페이지에 복사하지 않습니다. 근저당 말소 보수표 검색은 근저당 말소 비용과 같은 의도인 경우가 많습니다. 협회 표 숫자를 이 페이지에 복사하지 않습니다. 근저당 말소 보수표 검색은 근저당 말소 비용과 같은 의도인 경우가 많습니다. 협회 표 숫자를 이 페이지에 복사하지 않습니다. 대표 비용 안내로 이어가기 검색어만 수임료·수수료·보수표로 달라도, 알고 싶은 내용은 대개 실비와 보수를 나누는 일입니다. 검색 의도별 다음 안내 근저당말소 보수표 관련해서는 허브 페이지에서 절차를 고른 뒤, 필요하면 상담으로 이어가면 됩니다. 상담 시 확인하는 내용 근저당말소 보수표 사건은 서류·관할·기한에 따라 진행 순서가 달라집니다. 다옴법무사사무소는 부산 해운대구·센텀에서 상속등기·부동산등기·법인등기·개인회생·파산 등을 다루며, 의뢰인 상황에 맞춰 절차와 비용을 알기 쉽게 설명합니다. 불확실한 부분은 추측으",233,bb966cf65ba988e0
/근저당말소비용,"근저당 말소 비용·수임료·수수료는 대개 같은 질문입니다. 대출을 갚아도 등기부 근저당은 자동으로 지워지지 않고, 말소등기 접수와 말소증명 서류가 필요합니다. 근저당 말소 비용·수임료·수수료는 대개 같은 질문입니다. 대출을 갚아도 등기부 근저당은 자동으로 지워지지 않고, 말소등기 접수와 말소증명 서류가 필요합니다. 근저당 말소 비용·수임료·수수료는 대개 같은 질문입니다. 대출을 갚아도 등기부 근저당은 자동으로 지워지지 않고, 말소등기 접수와 말소증명 서류가 필요합니다. 근저당 말소 비용을 좌우하는 요소 피담보채무 소멸 증명, 설정 건수, 공동담보·공동명의, 매매 잔금일과 같은 날 처리할지가 준비 범위와 보수를 바꿉니다. 세금과 보수를 한 금액으로 보지 마세요. 말소할 근저당 건수·순위 공동담보·공동명의 여부 상환 증빙·말소증명 준비 잔금일·이전등기와 같은 날인지 견적에 필요한 정보 부동산 주소, 말소할 근저당 건수, 대출 상환 여부, 잔금일 동시 처리 여부만 알려 주셔도 수수료와 보수",274,a5096b45ef0170c5
/근저당말소준비서류,"준비서류만 보고 단정하기보다, 근저당말소의 사실관계·기한·관할을 먼저 나눠 보는 것이 실무적입니다. 대출 상환 후 근저당권 말소 등기를 진행합니다. 매매·상속 등기와 순서를 조율합니다. 다옴법무사사무소는 부산 전역 사건을 다루며 준비서류 관련 범위를 항목별로 정리합니다. 준비서류만 보고 단정하기보다, 근저당말소의 사실관계·기한·관할을 먼저 나눠 보는 것이 실무적입니다. 대출 상환 후 근저당권 말소 등기를 진행합니다. 매매·상속 등기와 순서를 조율합니다. 다옴법무사사무소는 부산 전역 사건을 다루며 준비서류 관련 범위를 항목별로 정리합니다. 부산은 관할 법원·등기소가 사건별로 달라 사전 정리가 중요한 지역입니다. 대출 상환 후 근저당권 말소 등기를 진행합니다. 매매·상속 등기와 순서를 조율합니다. 필수 서류 잔금·인도·대출 실행 일정을 한 줄에 두고 등기 접수를 맞춥니다. 중도금 연체가 있으면 계약 특약을 먼저 확인합니다. 전자등기 가능 사건과 방문 열람이 필요한 사건을 분리해 일정을 ",512,cb1ee6c5cd914083
/근저당말소필요서류,"필요서류만 보고 단정하기보다, 근저당말소의 사실관계·기한·관할을 먼저 나눠 보는 것이 실무적입니다. 대출 상환 후 근저당권 말소 등기를 진행합니다. 매매·상속 등기와 순서를 조율합니다. 다옴법무사사무소는 부산 전역 사건을 다루며 필요서류 관련 범위를 항목별로 정리합니다. 필요서류만 보고 단정하기보다, 근저당말소의 사실관계·기한·관할을 먼저 나눠 보는 것이 실무적입니다. 대출 상환 후 근저당권 말소 등기를 진행합니다. 매매·상속 등기와 순서를 조율합니다. 다옴법무사사무소는 부산 전역 사건을 다루며 필요서류 관련 범위를 항목별로 정리합니다. 부산은 관할 법원·등기소가 사건별로 달라 사전 정리가 중요한 지역입니다. 대출 상환 후 근저당권 말소 등기를 진행합니다. 매매·상속 등기와 순서를 조율합니다. 필수 서류 다수 필지·다수 계좌면 목록 번호를 매겨 누락을 줄입니다. 완료 후 등기필정보 전달 방식을 정합니다. 상속 승인 방식(단순·한정·포기)을 등기 일정과 분리해 먼저 가립니다. 3개월 ",502,27b751e3b778bab6
/금정구법무사,금정구에서 법무사를 찾으시면 부곡·장전·구서 다가구·상가의 상속과 한정승인을 이 페이지에서 먼저 나누시면 됩니다. 부산대 인근 임대·매매는 부동산등기 안내로 이어집니다. 다옴법무사사무소는 해운대 센텀에서 금정구 사건을 상담합니다. 금정구에서 법무사를 찾으시면 부곡·장전·구서 다가구·상가의 상속과 한정승인을 이 페이지에서 먼저 나누시면 됩니다. 부산대 인근 임대·매매는 부동산등기 안내로 이어집니다. 다옴법무사사무소는 해운대 센텀에서 금정구 사건을 상담합니다. 다가구·상가는 토지·건물 명의가 어긋난 경우가 있어 등기부부터 대조합니다. 금정구 부동산등기는 부산지방법원 등기국 관할입니다. 장전·구서 생활권 페이지가 있으면 동 안내를 함께 보시면 됩니다. 이 페이지에서 다루는 금정구 업무 통계로 ‘많다’고 단정하지 않습니다. 금정구 검색 의도에 맞춰 아래 업무를 중심으로 안내합니다. 상속등기: 다가구·상가 명의 한정승인: 채무 조사 후 선택 부동산등기: 매매·증여 부곡동: 부곡 생활권 금정구,376,7a888f2355785777
/금정구법인등기,법인등기을(를) 금정구 기준으로 볼 때는 동일 절차라도 등기소·법원 창구가 사건별로 갈릴 수 있습니다. 부곡·장전·서동 일대 주택·다가구 상속·한정승인 사건이 있는 구입니다. 주식회사·유한회사 등 법인의 설립 이후 변경·이전 등기를 처리합니다. 센텀·서면 일대 법인 설립·임원변경·본점이전을 안내합니다. 상담 시 서류·일정·비용 범위를 항목별로 안내합니다. 법인등기을(를) 금정구 기준으로 볼 때는 동일 절차라도 등기소·법원 창구가 사건별로 갈릴 수 있습니다. 부곡·장전·서동 일대 주택·다가구 상속·한정승인 사건이 있는 구입니다. 주식회사·유한회사 등 법인의 설립 이후 변경·이전 등기를 처리합니다. 센텀·서면 일대 법인 설립·임원변경·본점이전을 안내합니다. 상담 시 서류·일정·비용 범위를 항목별로 안내합니다. 부곡·장전·서동 일대 주택·다가구 상속·한정승인 사건이 있는 구입니다. 주식회사·유한회사 등 법인의 설립 이후 변경·이전 등기를 처리합니다. 센텀·서면 일대 법인 설립·임원변경·본,502,a0772c22871e5158
/금정구법인설립등기,금정구 법인설립등기 문의는 소재지·채무·협의 상태에 따라 준비 순서가 달라집니다. 부곡·장전·서동 일대 주택·다가구 상속·한정승인 사건이 있는 구입니다. 정관 작성·자본금 납입·설립 등기까지 창업 초기 법인 설립 절차를 지원합니다. 상담 시 서류·일정·비용 범위를 항목별로 안내합니다. 금정구 법인설립등기 문의는 소재지·채무·협의 상태에 따라 준비 순서가 달라집니다. 부곡·장전·서동 일대 주택·다가구 상속·한정승인 사건이 있는 구입니다. 정관 작성·자본금 납입·설립 등기까지 창업 초기 법인 설립 절차를 지원합니다. 상담 시 서류·일정·비용 범위를 항목별로 안내합니다. 부곡·장전·서동 일대 주택·다가구 상속·한정승인 사건이 있는 구입니다. 정관 작성·자본금 납입·설립 등기까지 창업 초기 법인 설립 절차를 지원합니다. 지역별 업무 상황 회생·파산 경로에서는 소득·재산·채무 목록 정합성을 신청서 품질의 기준으로 둡니다. 등기원인 문구와 검인·취득세 완납 증빙이 일치하는지 접수 직전에 재확인,466,d0aebcff35f7b01f
/금정구부동산등기,"금정구는 부곡·서동·금사 일대 주택·다가구·상가의 상속등기와 한정승인 사건이 발생하며, 부산대 인근 임대·매매 등기도 있습니다. 금정구 서동, 부곡동, 금사동에서 부동산등기를 진행할 때는 부동산·법인 소재지와 당사자 서류를 기준으로 관할과 순서를 맞춥니다. 이 페이지는 부동산등기만 다루며, 상담은 해운대 센텀 다옴법무사사무소에서 이어집니다. 금정구는 부곡·서동·금사 일대 주택·다가구·상가의 상속등기와 한정승인 사건이 발생하며, 부산대 인근 임대·매매 등기도 있습니다. 금정구 서동, 부곡동, 금사동에서 부동산등기를 진행할 때는 부동산·법인 소재지와 당사자 서류를 기준으로 관할과 순서를 맞춥니다. 이 페이지는 부동산등기만 다루며, 상담은 해운대 센텀 다옴법무사사무소에서 이어집니다. 금정구 부동산등기 실무 안내 — 다옴법무사사무소 안윤정 법무사. 서동, 부곡동, 금사동 일대 상담·서류·등기 대리. 전화·카카오톡 상담 가능. 비용 안내 부동산등기 비용은 거래 유형·가액·저당권 말소 여부에 ",292,17afa21f3250d812
/금정구상속등기,"금정구는 부곡·서동·금사 일대 주택·다가구·상가의 상속등기와 한정승인 사건이 발생하며, 부산대 인근 임대·매매 등기도 있습니다. 금정구 부곡동, 서동, 금사동에서 상속등기를 진행할 때는 부동산·법인 소재지와 당사자 서류를 기준으로 관할과 순서를 맞춥니다. 이 페이지는 상속등기만 다루며, 상담은 해운대 센텀 다옴법무사사무소에서 이어집니다. 금정구는 부곡·서동·금사 일대 주택·다가구·상가의 상속등기와 한정승인 사건이 발생하며, 부산대 인근 임대·매매 등기도 있습니다. 금정구 부곡동, 서동, 금사동에서 상속등기를 진행할 때는 부동산·법인 소재지와 당사자 서류를 기준으로 관할과 순서를 맞춥니다. 이 페이지는 상속등기만 다루며, 상담은 해운대 센텀 다옴법무사사무소에서 이어집니다. 금정구 상속등기 실무 안내 — 다옴법무사사무소 안윤정 법무사. 부곡동, 서동, 금사동 일대 상담·서류·등기 대리. 전화·카카오톡 상담 가능. 금정구 부곡동·서동 일대에서 해당 업무의 서류·기한·관할을 상담합니다. 비",306,1326411b1ad98121
/금정구상속포기,금정구 상속포기 문의는 소재지·채무·협의 상태에 따라 준비 순서가 달라집니다. 부곡·장전·서동 일대 주택·다가구 상속·한정승인 사건이 있는 구입니다. 상속 재산보다 채무가 많을 때 상속을 포기하는 가사 신고 절차입니다. 부산가정법원 관할 사건을 안내합니다. 상담 시 서류·일정·비용 범위를 항목별로 안내합니다. 금정구 상속포기 문의는 소재지·채무·협의 상태에 따라 준비 순서가 달라집니다. 부곡·장전·서동 일대 주택·다가구 상속·한정승인 사건이 있는 구입니다. 상속 재산보다 채무가 많을 때 상속을 포기하는 가사 신고 절차입니다. 부산가정법원 관할 사건을 안내합니다. 상담 시 서류·일정·비용 범위를 항목별로 안내합니다. 부곡·장전·서동 일대 주택·다가구 상속·한정승인 사건이 있는 구입니다. 상속 재산보다 채무가 많을 때 상속을 포기하는 가사 신고 절차입니다. 부산가정법원 관할 사건을 안내합니다. 지역별 업무 상황 등기원인 문구와 검인·취득세 완납 증빙이 일치하는지 접수 직전에 재확인합니다,471,358b3a031462fd35
/금정구임원변경등기,금정구 임원변경등기 문의는 소재지·채무·협의 상태에 따라 준비 순서가 달라집니다. 부곡·장전·서동 일대 주택·다가구 상속·한정승인 사건이 있는 구입니다. 대표이사·이사·감사 변경에 따른 법인 등기입니다. 결의일로부터 등기 기한 준수가 중요합니다. 상담 시 서류·일정·비용 범위를 항목별로 안내합니다. 금정구 임원변경등기 문의는 소재지·채무·협의 상태에 따라 준비 순서가 달라집니다. 부곡·장전·서동 일대 주택·다가구 상속·한정승인 사건이 있는 구입니다. 대표이사·이사·감사 변경에 따른 법인 등기입니다. 결의일로부터 등기 기한 준수가 중요합니다. 상담 시 서류·일정·비용 범위를 항목별로 안내합니다. 부곡·장전·서동 일대 주택·다가구 상속·한정승인 사건이 있는 구입니다. 대표이사·이사·감사 변경에 따른 법인 등기입니다. 결의일로부터 등기 기한 준수가 중요합니다. 지역별 업무 상황 수임·등록면허세·지방교육세·수수료 칸을 나눈 견적 초안을 상담 후 공유합니다. 추가 보정 비용은 별도 줄입니다.,452,2310e5ff839b0256
/금정구한정승인,"금정구는 부곡·서동·금사 일대 주택·다가구·상가의 상속등기와 한정승인 사건이 발생하며, 부산대 인근 임대·매매 등기도 있습니다. 금정구 금사동, 부곡동, 서동에서 한정승인를 진행할 때는 부동산·법인 소재지와 당사자 서류를 기준으로 관할과 순서를 맞춥니다. 이 페이지는 한정승인만 다루며, 상담은 해운대 센텀 다옴법무사사무소에서 이어집니다. 금정구는 부곡·서동·금사 일대 주택·다가구·상가의 상속등기와 한정승인 사건이 발생하며, 부산대 인근 임대·매매 등기도 있습니다. 금정구 금사동, 부곡동, 서동에서 한정승인를 진행할 때는 부동산·법인 소재지와 당사자 서류를 기준으로 관할과 순서를 맞춥니다. 이 페이지는 한정승인만 다루며, 상담은 해운대 센텀 다옴법무사사무소에서 이어집니다. 금정구 한정승인 실무 안내 — 다옴법무사사무소 안윤정 법무사. 금사동, 부곡동, 서동 일대 상담·서류·등기 대리. 전화·카카오톡 상담 가능. 비용 안내 한정승인은 재산·채무 조사 범위에 따라 수임료가 달라집니다. 이",296,c24fb8c9d49f5b8a
/기관특강주제추천,"주제를 정하기 어려울 때는 ‘누가, 무엇을 실천하게 할지’부터 고르면 됩니다. 대상별로 자주 맞는 생활법률·예방 특강 주제를 정리했고, 법정교육·리더십·마케팅·세무·노무는 범위 밖으로 두었습니다. 확인된 이력과 연결되는 주제부터 보시면 기획이 안정적이며, 나머지는 모듈 재조합으로 협의합니다. 주제를 정하기 어려울 때는 ‘누가, 무엇을 실천하게 할지’부터 고르면 됩니다. 대상별로 자주 맞는 생활법률·예방 특강 주제를 정리했고, 법정교육·리더십·마케팅·세무·노무는 범위 밖으로 두었습니다. 확인된 이력과 연결되는 주제부터 보시면 기획이 안정적이며, 나머지는 모듈 재조합으로 협의합니다. 주제를 정하기 어려울 때는 ‘누가, 무엇을 실천하게 할지’부터 고르면 됩니다. 대상별로 자주 맞는 생활법률·예방 특강 주제를 정리했고, 법정교육·리더십·마케팅·세무·노무는 범위 밖으로 두었습니다. 확인된 이력과 연결되는 주제부터 보시면 기획이 안정적이며, 나머지는 모듈 재조합으로 협의합니다. 상담 시 확인하",273,2007d68a172e73fb
/기업법률교육,"계약·미수금·증거관리·법인 실무를 임직원이 실제 업무에서 놓치기 쉬운 사례 중심으로 정리합니다. 안윤정 법무사가 법무사 실무와 확인된 기업·창업 협업을 바탕으로 구성합니다. 계약·미수금·증거관리·법인 실무를 임직원이 실제 업무에서 놓치기 쉬운 사례 중심으로 정리합니다. 안윤정 법무사가 법무사 실무와 확인된 기업·창업 협업을 바탕으로 구성합니다. 계약·미수금·증거관리·법인 실무를 임직원이 실제 업무에서 놓치기 쉬운 사례 중심으로 정리합니다. 안윤정 법무사가 법무사 실무와 확인된 기업·창업 협업을 바탕으로 구성합니다. 상담 시 확인하는 내용 부산 기업 특강 사건은 서류·관할·기한에 따라 진행 순서가 달라집니다. 다옴법무사사무소는 부산 해운대구·센텀에서 상속등기·부동산등기·법인등기·개인회생·파산 등을 다루며, 의뢰인 상황에 맞춰 절차와 비용을 알기 쉽게 설명합니다. 불확실한 부분은 추측으로 단정하지 않고, 확인된 사실을 바탕으로 안내드립니다. 전화·카카오톡·네이버 톡톡으로 간단히 상황을 ",232,2f67ed080e16574f
/기업업무문의,"회사명, 문의 업무, 기한만 정리해 주시면 등기·신청서류 지원 가능 여부를 안내합니다. 회사명, 문의 업무, 기한만 정리해 주시면 등기·신청서류 지원 가능 여부를 안내합니다. 회사명, 문의 업무, 기한만 정리해 주시면 등기·신청서류 지원 가능 여부를 안내합니다. 상담 시 확인하는 내용 기업 업무 문의 사건은 서류·관할·기한에 따라 진행 순서가 달라집니다. 다옴법무사사무소는 부산 해운대구·센텀에서 상속등기·부동산등기·법인등기·개인회생·파산 등을 다루며, 의뢰인 상황에 맞춰 절차와 비용을 알기 쉽게 설명합니다. 불확실한 부분은 추측으로 단정하지 않고, 확인된 사실을 바탕으로 안내드립니다. 전화·카카오톡·네이버 톡톡으로 간단히 상황을 남겨 주시면 필요한 준비부터 차분히 정리해 드리겠습니다. 어떤 정보를 먼저 보내면 좋나요? 회사명, 담당자 연락처, 문의 업무, 관련 기한, 보유 서류 종류면 충분합니다. 민감정보는 보내지 마세요. 개인정보 동의는 왜 필요한가요? 상담 연락과 문의 내용 확인",136,778f4d528d3e1bf1
/기장군법무사,"기장군에서 법무사를 찾으시면 기장읍 해안 주거, 정관 신도시, 일광·오시리아 생활권을 나눠 보시면 됩니다. 이 페이지에서는 토지·주택 상속등기와 매매를 중심으로 설명합니다. 다옴법무사사무소는 해운대 센텀에서 기장군 사건을 상담합니다. 기장군에서 법무사를 찾으시면 기장읍 해안 주거, 정관 신도시, 일광·오시리아 생활권을 나눠 보시면 됩니다. 이 페이지에서는 토지·주택 상속등기와 매매를 중심으로 설명합니다. 다옴법무사사무소는 해운대 센텀에서 기장군 사건을 상담합니다. 기장군 부동산등기는 동부지원 등기과 관할입니다. 정관·일광·기장읍·오시리아는 각 생활권 페이지가 있습니다. ‘기장 법무사’ 검색도 이 군 허브가 대표 안내입니다. 토지·농지 상속은 지목·지분이 복잡할 수 있어 등기부와 토지대장을 함께 봅니다. 추정 통계는 사용하지 않습니다. 이 페이지에서 다루는 기장군 업무 통계로 ‘많다’고 단정하지 않습니다. 기장군 검색 의도에 맞춰 아래 업무를 중심으로 안내합니다. 상속등기: 토지·주택",416,be614b9ac7da0100
/기장군법인등기,"기장군은 토지·전원주택·농지 관련 상속과 법인 사옥 이전 등기 문의가 있으며, 관할 등기소와 거리를 고려한 일정 조율이 필요합니다. 기장군 정관읍, 일광읍, 기장읍에서 법인등기를 진행할 때는 부동산·법인 소재지와 당사자 서류를 기준으로 관할과 순서를 맞춥니다. 이 페이지는 법인등기만 다루며, 상담은 해운대 센텀 다옴법무사사무소에서 이어집니다. 기장군은 토지·전원주택·농지 관련 상속과 법인 사옥 이전 등기 문의가 있으며, 관할 등기소와 거리를 고려한 일정 조율이 필요합니다. 기장군 정관읍, 일광읍, 기장읍에서 법인등기를 진행할 때는 부동산·법인 소재지와 당사자 서류를 기준으로 관할과 순서를 맞춥니다. 이 페이지는 법인등기만 다루며, 상담은 해운대 센텀 다옴법무사사무소에서 이어집니다. 기장군 법인등기 실무 안내 — 다옴법무사사무소 안윤정 법무사. 정관읍, 일광읍, 기장읍 일대 상담·서류·등기 대리. 전화·카카오톡 상담 가능. 비용 안내 법인등기(본점이전·목적변경·증자 등)는 사건 유형별",283,b4a3b6703027184d
/기장군법인설립등기,기장군 법인설립등기 문의는 소재지·채무·협의 상태에 따라 준비 순서가 달라집니다. 기장·정관·일광 일대 토지·전원주택 상속과 산업단지 법인 등기 수요가 있습니다. 정관 작성·자본금 납입·설립 등기까지 창업 초기 법인 설립 절차를 지원합니다. 상담 시 서류·일정·비용 범위를 항목별로 안내합니다. 기장군 법인설립등기 문의는 소재지·채무·협의 상태에 따라 준비 순서가 달라집니다. 기장·정관·일광 일대 토지·전원주택 상속과 산업단지 법인 등기 수요가 있습니다. 정관 작성·자본금 납입·설립 등기까지 창업 초기 법인 설립 절차를 지원합니다. 상담 시 서류·일정·비용 범위를 항목별로 안내합니다. 기장·정관·일광 일대 토지·전원주택 상속과 산업단지 법인 등기 수요가 있습니다. 정관 작성·자본금 납입·설립 등기까지 창업 초기 법인 설립 절차를 지원합니다. 지역별 업무 상황 이미 소송·가압류가 있으면 등기 가능 시점부터 다시 설계합니다. 단순 매매 일정과 섞지 않습니다. 회생·파산 경로에서는 소득·재,467,685390e672a8736e
/기장군부동산등기,"기장군은 토지·전원주택·농지 관련 상속과 법인 사옥 이전 등기 문의가 있으며, 관할 등기소와 거리를 고려한 일정 조율이 필요합니다. 기장군 기장읍, 정관읍, 일광읍에서 부동산등기를 진행할 때는 부동산·법인 소재지와 당사자 서류를 기준으로 관할과 순서를 맞춥니다. 이 페이지는 부동산등기만 다루며, 상담은 해운대 센텀 다옴법무사사무소에서 이어집니다. 기장군은 토지·전원주택·농지 관련 상속과 법인 사옥 이전 등기 문의가 있으며, 관할 등기소와 거리를 고려한 일정 조율이 필요합니다. 기장군 기장읍, 정관읍, 일광읍에서 부동산등기를 진행할 때는 부동산·법인 소재지와 당사자 서류를 기준으로 관할과 순서를 맞춥니다. 이 페이지는 부동산등기만 다루며, 상담은 해운대 센텀 다옴법무사사무소에서 이어집니다. 기장군 부동산등기 실무 안내 — 다옴법무사사무소 안윤정 법무사. 기장읍, 정관읍, 일광읍 일대 상담·서류·등기 대리. 전화·카카오톡 상담 가능. 비용 안내 부동산등기 비용은 거래 유형·가액·저당권 ",298,484bad6d2be524df
/기장군상속등기,"기장군은 토지·전원주택·농지 관련 상속과 법인 사옥 이전 등기 문의가 있으며, 관할 등기소와 거리를 고려한 일정 조율이 필요합니다. 기장군 기장읍, 정관읍, 일광읍에서 상속등기를 진행할 때는 부동산·법인 소재지와 당사자 서류를 기준으로 관할과 순서를 맞춥니다. 이 페이지는 상속등기만 다루며, 상담은 해운대 센텀 다옴법무사사무소에서 이어집니다. 기장군은 토지·전원주택·농지 관련 상속과 법인 사옥 이전 등기 문의가 있으며, 관할 등기소와 거리를 고려한 일정 조율이 필요합니다. 기장군 기장읍, 정관읍, 일광읍에서 상속등기를 진행할 때는 부동산·법인 소재지와 당사자 서류를 기준으로 관할과 순서를 맞춥니다. 이 페이지는 상속등기만 다루며, 상담은 해운대 센텀 다옴법무사사무소에서 이어집니다. 기장군 상속등기 실무 안내 — 다옴법무사사무소 안윤정 법무사. 기장읍, 정관읍, 일광읍 일대 상담·서류·등기 대리. 전화·카카오톡 상담 가능. 기장군 기장읍·정관읍 일대에서 해당 업무의 서류·기한·관할을 ",312,e6ae4d85cda5b0c4
/기장군상속포기,"기장군은 토지·전원주택·농지 관련 상속과 법인 사옥 이전 등기 문의가 있으며, 관할 등기소와 거리를 고려한 일정 조율이 필요합니다. 기장군 기장읍, 정관읍, 일광읍에서 상속포기를 진행할 때는 부동산·법인 소재지와 당사자 서류를 기준으로 관할과 순서를 맞춥니다. 이 페이지는 상속포기만 다루며, 상담은 해운대 센텀 다옴법무사사무소에서 이어집니다. 기장군은 토지·전원주택·농지 관련 상속과 법인 사옥 이전 등기 문의가 있으며, 관할 등기소와 거리를 고려한 일정 조율이 필요합니다. 기장군 기장읍, 정관읍, 일광읍에서 상속포기를 진행할 때는 부동산·법인 소재지와 당사자 서류를 기준으로 관할과 순서를 맞춥니다. 이 페이지는 상속포기만 다루며, 상담은 해운대 센텀 다옴법무사사무소에서 이어집니다. 기장군 상속포기 실무 안내 — 다옴법무사사무소 안윤정 법무사. 기장읍, 정관읍, 일광읍 일대 상담·서류·등기 대리. 전화·카카오톡 상담 가능. 비용 안내 상속포기는 가정법원 신고 사건으로, 사건 복잡도에 ",310,febdd10618b2b3ba
/기장군임원변경등기,기장군에서 임원변경등기을(를) 진행하려면 관할 확인 후 서류 체크리스트부터 잡는 편이 안전합니다. 기장·정관·일광 일대 토지·전원주택 상속과 산업단지 법인 등기 수요가 있습니다. 대표이사·이사·감사 변경에 따른 법인 등기입니다. 결의일로부터 등기 기한 준수가 중요합니다. 상담 시 서류·일정·비용 범위를 항목별로 안내합니다. 기장군에서 임원변경등기을(를) 진행하려면 관할 확인 후 서류 체크리스트부터 잡는 편이 안전합니다. 기장·정관·일광 일대 토지·전원주택 상속과 산업단지 법인 등기 수요가 있습니다. 대표이사·이사·감사 변경에 따른 법인 등기입니다. 결의일로부터 등기 기한 준수가 중요합니다. 상담 시 서류·일정·비용 범위를 항목별로 안내합니다. 기장·정관·일광 일대 토지·전원주택 상속과 산업단지 법인 등기 수요가 있습니다. 대표이사·이사·감사 변경에 따른 법인 등기입니다. 결의일로부터 등기 기한 준수가 중요합니다. 지역별 업무 상황 미성년·해외·연락두절 당사자가 있으면 위임·특별대리·,458,f622ce3b0e479283
/기장군재개발등기,"기장군에서 재개발등기을(를) 진행하려면 관할 확인 후 서류 체크리스트부터 잡는 편이 안전합니다. 기장·정관·일광 일대 토지·전원주택 상속과 산업단지 법인 등기 수요가 있습니다. 재개발 조합원 지위·분양권·신축 아파트 등기를 지원합니다. 상담 시 서류·일정·비용 범위를 항목별로 안내합니다. 기장군에서 재개발등기을(를) 진행하려면 관할 확인 후 서류 체크리스트부터 잡는 편이 안전합니다. 기장·정관·일광 일대 토지·전원주택 상속과 산업단지 법인 등기 수요가 있습니다. 재개발 조합원 지위·분양권·신축 아파트 등기를 지원합니다. 상담 시 서류·일정·비용 범위를 항목별로 안내합니다. 기장·정관·일광 일대 토지·전원주택 상속과 산업단지 법인 등기 수요가 있습니다. 재개발 조합원 지위·분양권·신축 아파트 등기를 지원합니다. 지역별 업무 상황 법인 결의·취임승낙·인감 원본을 대조하고, 과태료 기한을 결의일부터 역산합니다. 산업단지·재개발·재건축처럼 특수한 권리관계는 일반 매매 체크리스트와 항목을 나",451,9b9250975a3e138b
/기장군한정승인,"기장군은 토지·전원주택·농지 관련 상속과 법인 사옥 이전 등기 문의가 있으며, 관할 등기소와 거리를 고려한 일정 조율이 필요합니다. 기장군 기장읍, 정관읍, 일광읍에서 한정승인를 진행할 때는 부동산·법인 소재지와 당사자 서류를 기준으로 관할과 순서를 맞춥니다. 이 페이지는 한정승인만 다루며, 상담은 해운대 센텀 다옴법무사사무소에서 이어집니다. 기장군은 토지·전원주택·농지 관련 상속과 법인 사옥 이전 등기 문의가 있으며, 관할 등기소와 거리를 고려한 일정 조율이 필요합니다. 기장군 기장읍, 정관읍, 일광읍에서 한정승인를 진행할 때는 부동산·법인 소재지와 당사자 서류를 기준으로 관할과 순서를 맞춥니다. 이 페이지는 한정승인만 다루며, 상담은 해운대 센텀 다옴법무사사무소에서 이어집니다. 기장군 한정승인 실무 안내 — 다옴법무사사무소 안윤정 법무사. 기장읍, 정관읍, 일광읍 일대 상담·서류·등기 대리. 전화·카카오톡 상담 가능. 비용 안내 한정승인은 재산·채무 조사 범위에 따라 수임료가 달",302,8dc5b180da24f305
/기장법무사,"기장 법무사를 찾으시면 기장읍 생활권의 토지·주택 상속·매매를 이 페이지에서 기장읍·기장군 안내로 연결하시면 됩니다. 정관신도시·일광·오시리아는 각 생활권 페이지가 있습니다. 기장 법무사를 찾으시면 기장읍 생활권의 토지·주택 상속·매매를 이 페이지에서 기장읍·기장군 안내로 연결하시면 됩니다. 정관신도시·일광·오시리아는 각 생활권 페이지가 있습니다. 기장 법무사를 찾으시면 기장읍 생활권의 토지·주택 상속·매매를 이 페이지에서 기장읍·기장군 안내로 연결하시면 됩니다. 정관신도시·일광·오시리아는 각 생활권 페이지가 있습니다. 기장 검색을 생활권으로 나누는 방법 기장읍 토지·주택은 기장읍 안내, 정관·일광·오시리아는 각 페이지, 군 전체 분기는 기장군 안내를 보시면 됩니다. 기장군 부동산·상속 실무 토지·농지 상속은 기장 토지상속·기장군 상속등기 안내, 매매·담보는 기장군 부동산등기 안내를 이어서 보시면 됩니다. 상담 시 확인하는 내용 기장읍 생활권 법무사 사건은 서류·관할·기한에 따라 진",242,2a93e308f9da0978
/기장상속등기,기장 상속등기 문의는 소재지·채무·협의 상태에 따라 준비 순서가 달라집니다. 기장읍 토지·전원주택 상속등기 수요가 있는 지역입니다. 피상속인 사망 후 부동산·토지 등기명의를 상속인 명의로 이전하는 절차입니다. 부산 전역 아파트·상가·토지 상속 사건을 다룹니다. 상담 시 서류·일정·비용 범위를 항목별로 안내합니다. 기장 상속등기 문의는 소재지·채무·협의 상태에 따라 준비 순서가 달라집니다. 기장읍 토지·전원주택 상속등기 수요가 있는 지역입니다. 피상속인 사망 후 부동산·토지 등기명의를 상속인 명의로 이전하는 절차입니다. 부산 전역 아파트·상가·토지 상속 사건을 다룹니다. 상담 시 서류·일정·비용 범위를 항목별로 안내합니다. 기장읍 토지·전원주택 상속등기 수요가 있는 지역입니다. 피상속인 사망 후 부동산·토지 등기명의를 상속인 명의로 이전하는 절차입니다. 부산 전역 아파트·상가·토지 상속 사건을 다룹니다. 지역별 업무 상황 회생·파산 경로에서는 소득·재산·채무 목록 정합성을 신청서 품질,491,4f79658338e92ff8
/기장신축건물보존등기,"기장 신축 보존등기는 사용승인·대장 후 건축주 명의로 최초 등기부를 만드는 절차입니다. 부산 신축 보존 허브와 함께 보세요. 사용승인일과 대출·잔금 일정을 알려주시면 접수 순서를 맞춰 안내합니다. 기장 신축 보존등기는 사용승인·대장 후 건축주 명의로 최초 등기부를 만드는 절차입니다. 부산 신축 보존 허브와 함께 보세요. 사용승인일과 대출·잔금 일정을 알려주시면 접수 순서를 맞춰 안내합니다. 기장군 주택·상가·근린시설 신축 후에는 사용승인·건축물대장 정리와 소유권보존등기가 매매·담보의 출발점이 됩니다. 비용 안내 비용은 일반 vs 집합, 토지·건축주 상이 소명, 담보 동반 등에 따라 달라질 수 있습니다. 관할·접근 안내 부동산 소재지 관할 등기소 기준으로 접수하며, 부산 해운대·센텀 다옴법무사사무소에서 상담·수임을 진행합니다. 사무소: 부산광역시 해운대구 센텀동로 200 D동 1층 LAB9호 법무사는 부동산등기(건물·토지) 신청·서류 작성·접수 대리 등 등기 관련 업무를 지원합니다. ",238,740d3d7367319072
/기장읍법무사,"기장읍에서는 ‘정관으로 검색했는데 주소는 기장읍이다’, ‘장안읍 땅을 형제 네 명이 상속받았다’, ‘철마면 임야를 서울에서 정리하고 싶다’는 문의가 있습니다. 행정구역을 바로잡고, 공유자 전원 서류를 확보하는 데 시간이 가장 오래 걸립니다. 농지·임야는 매수인 자격·신고 이슈가 있을 수 있어 등기만으로 단정하지 않습니다. 원거리 상속인은 위임·인감 발급 일정을 초기에 잡고, 현지 형제·중개사가 현장 확인을 맡는 식으로 역할을 나누면 왕복을 줄일 수 있습니다. 기장읍에서는 기장읍·장안읍·철마면의 읍면 토지·전원주택를 볼 때 원거리 상속인의 비대면 서류 준비와 관할 확인를 토지·건물 등기부·가족관계·협의서·위임장와 맞춰 확인합니다. 다옴법무사사무소는 해운대 센텀에서 상담합니다. 기장읍에서는 ‘정관으로 검색했는데 주소는 기장읍이다’, ‘장안읍 땅을 형제 네 명이 상속받았다’, ‘철마면 임야를 서울에서 정리하고 싶다’는 문의가 있습니다. 행정구역을 바로잡고, 공유자 전원 서류를 확보하는 데",466,cd028723619d8031
/기장토지상속등기,"부산에서 기장 토지상속등기 관련 문의가 늘고 있습니다. 기장군 토지·전원주택 상속 재개발·재건축·신축 분양·토지 상속 등은 일반 매매와 권리 관계가 다릅니다. 기장읍, 정관읍 일대 사건도 조합원 지위·분양권·저당권·상속인 협의가 겹치면 절차가 복잡해집니다. 다옴법무사사무소는 관할 등기소 거리 농지·임야 특수 규정 등 실무 포인트를 중심으로 상담·진행합니다. 부산에서 기장 토지상속등기 관련 문의가 늘고 있습니다. 기장군 토지·전원주택 상속 재개발·재건축·신축 분양·토지 상속 등은 일반 매매와 권리 관계가 다릅니다. 기장읍, 정관읍 일대 사건도 조합원 지위·분양권·저당권·상속인 협의가 겹치면 절차가 복잡해집니다. 다옴법무사사무소는 관할 등기소 거리 농지·임야 특수 규정 등 실무 포인트를 중심으로 상담·진행합니다. 부산 기장 토지상속등기 — 기장군 토지·전원주택 상속. 다옴법무사사무소 안윤정 법무사. 기장읍, 정관읍 상담. 비용 안내 기장 토지상속등기 비용은 부동산 가액·말소 등기·상속인",292,77dd9ad45f37daa1
/기타전문직법인설립등기,"회계·특허·관세·감정평가·건축사 등 전문직 법인도 설립 인가·등록 후 설립등기가 필요한 경우가 있습니다. 법무사는 등기와 직접 관련된 서류·접수만 지원하며, 각 전문직법상 인가·등록 절차는 해당 기관·협회 안내를 따릅니다. 회계·특허·관세·감정평가·건축사 등 전문직 법인도 설립 인가·등록 후 설립등기가 필요한 경우가 있습니다. 법무사는 등기와 직접 관련된 서류·접수만 지원하며, 각 전문직법상 인가·등록 절차는 해당 기관·협회 안내를 따릅니다. 회계법인·특허법인·관세법인·감정평가법인·건축사법인 등은 각 전문직법에 따른 별도 제도입니다. 상담 시 확인하는 내용 기타 전문직 법인 설립등기 안내 사건은 서류·관할·기한에 따라 진행 순서가 달라집니다. 다옴법무사사무소는 부산 해운대구·센텀에서 상속등기·부동산등기·법인등기·개인회생·파산 등을 다루며, 의뢰인 상황에 맞춰 절차와 비용을 알기 쉽게 설명합니다. 불확실한 부분은 추측으로 단정하지 않고, 확인된 사실을 바탕으로 안내드립니다. 전화·카카",155,b8ddc4a44ae638a6
/남구법무사,"남구에서 법무사를 찾으시면 대연·용호 주거와 문현금융단지 법인 사무를 나눠 보시면 됩니다. 이 페이지에서는 법인등기·부동산등기·상속을 구 허브로 연결합니다. 다옴법무사사무소는 해운대 센텀에서 남구 사건을 상담합니다. 남구에서 법무사를 찾으시면 대연·용호 주거와 문현금융단지 법인 사무를 나눠 보시면 됩니다. 이 페이지에서는 법인등기·부동산등기·상속을 구 허브로 연결합니다. 다옴법무사사무소는 해운대 센텀에서 남구 사건을 상담합니다. 문현 법인은 임원변경·본점 주소가 핵심이고, 대연·용호는 아파트 매매·상속이 중심입니다. 남구 부동산등기 관할은 남부산등기소입니다. BIFC·문현금융단지 전용 안내는 해당 법인등기 페이지로 이어집니다. 이 페이지에서 다루는 남구 업무 통계로 ‘많다’고 단정하지 않습니다. 남구 검색 의도에 맞춰 아래 업무를 중심으로 안내합니다. 문현 법인: 금융단지·업무시설 대연동: 주거·대학가 생활권 용호동: 해안 주거 부동산등기: 매매·이전 남구에서 먼저 확인할 사항 상담",369,3e63657c252c1c65
/남구법인등기,남구 법인등기 문의는 소재지·채무·협의 상태에 따라 준비 순서가 달라집니다. 대연·용호·문현 일대 아파트·상가 상속·매매 등기와 법인 사무소 수요가 있습니다. 주식회사·유한회사 등 법인의 설립 이후 변경·이전 등기를 처리합니다. 센텀·서면 일대 법인 설립·임원변경·본점이전을 안내합니다. 상담 시 서류·일정·비용 범위를 항목별로 안내합니다. 남구 법인등기 문의는 소재지·채무·협의 상태에 따라 준비 순서가 달라집니다. 대연·용호·문현 일대 아파트·상가 상속·매매 등기와 법인 사무소 수요가 있습니다. 주식회사·유한회사 등 법인의 설립 이후 변경·이전 등기를 처리합니다. 센텀·서면 일대 법인 설립·임원변경·본점이전을 안내합니다. 상담 시 서류·일정·비용 범위를 항목별로 안내합니다. 대연·용호·문현 일대 아파트·상가 상속·매매 등기와 법인 사무소 수요가 있습니다. 주식회사·유한회사 등 법인의 설립 이후 변경·이전 등기를 처리합니다. 센텀·서면 일대 법인 설립·임원변경·본점이전을 안내합니다. ,481,1ba7a867901f9c51
/남구법인설립등기,남구 법인설립등기 문의는 소재지·채무·협의 상태에 따라 준비 순서가 달라집니다. 대연·용호·문현 일대 아파트·상가 상속·매매 등기와 법인 사무소 수요가 있습니다. 정관 작성·자본금 납입·설립 등기까지 창업 초기 법인 설립 절차를 지원합니다. 상담 시 서류·일정·비용 범위를 항목별로 안내합니다. 남구 법인설립등기 문의는 소재지·채무·협의 상태에 따라 준비 순서가 달라집니다. 대연·용호·문현 일대 아파트·상가 상속·매매 등기와 법인 사무소 수요가 있습니다. 정관 작성·자본금 납입·설립 등기까지 창업 초기 법인 설립 절차를 지원합니다. 상담 시 서류·일정·비용 범위를 항목별로 안내합니다. 대연·용호·문현 일대 아파트·상가 상속·매매 등기와 법인 사무소 수요가 있습니다. 정관 작성·자본금 납입·설립 등기까지 창업 초기 법인 설립 절차를 지원합니다. 지역별 업무 상황 이미 소송·가압류가 있으면 등기 가능 시점부터 다시 설계합니다. 단순 매매 일정과 섞지 않습니다. 회생·파산 경로에서는 소득·,464,3ddd75e2b4a8da2d
/남구부동산등기,"남구(대연·용호·감만·우암 일대) 부동산등기는 대학·항만·주거가 섞인 매매·전세·증여가 많습니다. 생활권 검색과 실제 등기 관할(소재지)을 구분해 보는 것이 첫 단계입니다. 남구(대연·용호·감만·우암 일대) 부동산등기는 대학·항만·주거가 섞인 매매·전세·증여가 많습니다. 생활권 검색과 실제 등기 관할(소재지)을 구분해 보는 것이 첫 단계입니다. 남구(대연·용호·감만·우암 일대) 부동산등기는 대학·항만·주거가 섞인 매매·전세·증여가 많습니다. 생활권 검색과 실제 등기 관할(소재지)을 구분해 보는 것이 첫 단계입니다. 남구에서 부동산등기를 찾는 경우 매매 잔금일 소유권이전, 전세권 설정·말소, 증여·교환, 상속 후 명의이전이 목적이 다릅니다. 남구 주소만으로도 관할 등기소와 1차 서류 목록을 잡을 수 있습니다. 항만·대학 생활권에서 자주 묻는 점 감만·우암 일대 토지·창고, 대연 원룸·오피스텔은 임대차 승계·권리금·근저당 유무를 등기부와 함께 봅니다. ‘남구 법무사’ 검색으로 들어왔더라",270,f164849cf4bb4458
/남구상속등기,남구에서 상속등기을(를) 진행하려면 관할 확인 후 서류 체크리스트부터 잡는 편이 안전합니다. 대연·용호·문현 일대 아파트·상가 상속·매매 등기와 법인 사무소 수요가 있습니다. 피상속인 사망 후 부동산·토지 등기명의를 상속인 명의로 이전하는 절차입니다. 부산 전역 아파트·상가·토지 상속 사건을 다룹니다. 상담 시 서류·일정·비용 범위를 항목별로 안내합니다. 남구에서 상속등기을(를) 진행하려면 관할 확인 후 서류 체크리스트부터 잡는 편이 안전합니다. 대연·용호·문현 일대 아파트·상가 상속·매매 등기와 법인 사무소 수요가 있습니다. 피상속인 사망 후 부동산·토지 등기명의를 상속인 명의로 이전하는 절차입니다. 부산 전역 아파트·상가·토지 상속 사건을 다룹니다. 상담 시 서류·일정·비용 범위를 항목별로 안내합니다. 대연·용호·문현 일대 아파트·상가 상속·매매 등기와 법인 사무소 수요가 있습니다. 피상속인 사망 후 부동산·토지 등기명의를 상속인 명의로 이전하는 절차입니다. 부산 전역 아파트·상,483,c208249ac0b457a2
/남구상속포기,남구 상속포기 문의는 소재지·채무·협의 상태에 따라 준비 순서가 달라집니다. 대연·용호·문현 일대 아파트·상가 상속·매매 등기와 법인 사무소 수요가 있습니다. 상속 재산보다 채무가 많을 때 상속을 포기하는 가사 신고 절차입니다. 부산가정법원 관할 사건을 안내합니다. 상담 시 서류·일정·비용 범위를 항목별로 안내합니다. 남구 상속포기 문의는 소재지·채무·협의 상태에 따라 준비 순서가 달라집니다. 대연·용호·문현 일대 아파트·상가 상속·매매 등기와 법인 사무소 수요가 있습니다. 상속 재산보다 채무가 많을 때 상속을 포기하는 가사 신고 절차입니다. 부산가정법원 관할 사건을 안내합니다. 상담 시 서류·일정·비용 범위를 항목별로 안내합니다. 대연·용호·문현 일대 아파트·상가 상속·매매 등기와 법인 사무소 수요가 있습니다. 상속 재산보다 채무가 많을 때 상속을 포기하는 가사 신고 절차입니다. 부산가정법원 관할 사건을 안내합니다. 지역별 업무 상황 수임·등록면허세·지방교육세·수수료 칸을 나눈 견,492,dfa060ea7499d9a3
/남구임원변경등기,남구 임원변경등기 문의는 소재지·채무·협의 상태에 따라 준비 순서가 달라집니다. 대연·용호·문현 일대 아파트·상가 상속·매매 등기와 법인 사무소 수요가 있습니다. 대표이사·이사·감사 변경에 따른 법인 등기입니다. 결의일로부터 등기 기한 준수가 중요합니다. 상담 시 서류·일정·비용 범위를 항목별로 안내합니다. 남구 임원변경등기 문의는 소재지·채무·협의 상태에 따라 준비 순서가 달라집니다. 대연·용호·문현 일대 아파트·상가 상속·매매 등기와 법인 사무소 수요가 있습니다. 대표이사·이사·감사 변경에 따른 법인 등기입니다. 결의일로부터 등기 기한 준수가 중요합니다. 상담 시 서류·일정·비용 범위를 항목별로 안내합니다. 대연·용호·문현 일대 아파트·상가 상속·매매 등기와 법인 사무소 수요가 있습니다. 대표이사·이사·감사 변경에 따른 법인 등기입니다. 결의일로부터 등기 기한 준수가 중요합니다. 지역별 업무 상황 등기원인 문구와 검인·취득세 완납 증빙이 일치하는지 접수 직전에 재확인합니다. 공동,476,aee08d8e4e309dc7
/남구한정승인,남구 한정승인 문의는 소재지·채무·협의 상태에 따라 준비 순서가 달라집니다. 대연·용호·문현 일대 아파트·상가 상속·매매 등기와 법인 사무소 수요가 있습니다. 상속 재산 범위 내에서만 채무를 변제하고 상속을 승인하는 절차입니다. 채무 조사 후 상속등기와 연계됩니다. 상담 시 서류·일정·비용 범위를 항목별로 안내합니다. 남구 한정승인 문의는 소재지·채무·협의 상태에 따라 준비 순서가 달라집니다. 대연·용호·문현 일대 아파트·상가 상속·매매 등기와 법인 사무소 수요가 있습니다. 상속 재산 범위 내에서만 채무를 변제하고 상속을 승인하는 절차입니다. 채무 조사 후 상속등기와 연계됩니다. 상담 시 서류·일정·비용 범위를 항목별로 안내합니다. 대연·용호·문현 일대 아파트·상가 상속·매매 등기와 법인 사무소 수요가 있습니다. 상속 재산 범위 내에서만 채무를 변제하고 상속을 승인하는 절차입니다. 채무 조사 후 상속등기와 연계됩니다. 지역별 업무 상황 회생·파산 경로에서는 소득·재산·채무 목록 정합,491,01173aab9edcdd62
/남부산등기소법무사,"남부산등기소 관련 절차를 앞두고 계신가요? 남구·수영구 부동산등기가 접수됩니다. 해운대구·기장군은 동부지원 등기과 관할입니다. 방문 전에 관할, 서류, 신청 순서를 미리 확인하는 것이 중요합니다. 다옴법무사사무소는 부산 해운대 센텀에 있으며, 대연동, 문현동 일대를 포함해 남부산등기소 접수 전 상담·서류 준비·대리 접수를 도와드립니다. 본 페이지는 공식 기관 사이트가 아니며, 실무상 접수 절차와 준비서류를 법무사 관점에서 안내합니다. 남부산등기소 관련 절차를 앞두고 계신가요? 남구·수영구 부동산등기가 접수됩니다. 해운대구·기장군은 동부지원 등기과 관할입니다. 방문 전에 관할, 서류, 신청 순서를 미리 확인하는 것이 중요합니다. 다옴법무사사무소는 부산 해운대 센텀에 있으며, 대연동, 문현동 일대를 포함해 남부산등기소 접수 전 상담·서류 준비·대리 접수를 도와드립니다. 본 페이지는 공식 기관 사이트가 아니며, 실무상 접수 절차와 준비서류를 법무사 관점에서 안내합니다. 방문 전에 관할, ",305,e04967cfb2a377c9
/남부산등기소부동산등기,남부산등기소와(과) 관련된 부동산등기 사건은 관할과 제출 서류를 먼저 맞추는 것이 중요합니다. 남구·수영·해운대 일부 부동산 관할 등기소입니다. 매매·증여·상속 등 원인별 부동산 등기 전반을 다룹니다. 관할 등기소 확인이 우선입니다. 남부산등기소와(과) 관련된 부동산등기 사건은 관할과 제출 서류를 먼저 맞추는 것이 중요합니다. 남구·수영·해운대 일부 부동산 관할 등기소입니다. 매매·증여·상속 등 원인별 부동산 등기 전반을 다룹니다. 관할 등기소 확인이 우선입니다. 부산광역시 전역 상속등기·부동산등기·법인등기·개인회생·파산 등 법무사 업무를 다루는 핵심 지역입니다. 매매·증여·상속 등 원인별 부동산 등기 전반을 다룹니다. 관할 등기소 확인이 우선입니다. 관할 확인 상속 승인 방식(단순·한정·포기)을 등기 일정과 분리해 먼저 가립니다. 3개월 기한을 별도 표시합니다. 잔금·인도·대출 실행 일정을 한 줄에 두고 등기 접수를 맞춥니다. 중도금 연체가 있으면 계약 특약을 먼저 확인합니다. 전,477,02a77d5d8a669ddf
/남부산등기소소유권이전등기,남부산등기소와(과) 관련된 소유권이전등기 사건은 관할과 제출 서류를 먼저 맞추는 것이 중요합니다. 남구·수영·해운대 일부 부동산 관할 등기소입니다. 부동산 매매·증여 등으로 소유권을 이전하는 등기입니다. 취득세 신고와 일정을 맞춥니다. 남부산등기소와(과) 관련된 소유권이전등기 사건은 관할과 제출 서류를 먼저 맞추는 것이 중요합니다. 남구·수영·해운대 일부 부동산 관할 등기소입니다. 부동산 매매·증여 등으로 소유권을 이전하는 등기입니다. 취득세 신고와 일정을 맞춥니다. 부산광역시 전역 상속등기·부동산등기·법인등기·개인회생·파산 등 법무사 업무를 다루는 핵심 지역입니다. 부동산 매매·증여 등으로 소유권을 이전하는 등기입니다. 취득세 신고와 일정을 맞춥니다. 관할 확인 이미 소송·가압류가 있으면 등기 가능 시점부터 다시 설계합니다. 단순 매매 일정과 섞지 않습니다. 회생·파산 경로에서는 소득·재산·채무 목록 정합성을 신청서 품질의 기준으로 둡니다. 등기원인 문구와 검인·취득세 완납 증빙이,445,87a27983dfbbf7f2
/남천동법무사,"남천동 아파트 전세는 보증금이 수억 원에 달하는 경우가 많아 전세권설정을 검토하시는 분들이 많습니다. 반대로 매도 전 임차인 전세권 말소 일정이 맞지 않아 잔금일이 밀리기도 합니다. 부모님 명의 남천동 집 상속 시 형제 간 협의가 안 되면 등기 자체가 지연됩니다. 남천동 아파트 전세는 보증금이 수억 원에 달하는 경우가 많아 전세권설정을 검토하시는 분들이 많습니다. 반대로 매도 전 임차인 전세권 말소 일정이 맞지 않아 잔금일이 밀리기도 합니다. 부모님 명의 남천동 집 상속 시 형제 간 협의가 안 되면 등기 자체가 지연됩니다. 남천동 법무사 상담은 남천역·수변공원·남천시장 인근 아파트·상가의 전세·매매·상속 사건에 맞춰 진행합니다. 광안리와 달리 가족 단위 실거주·전세 수요가 중심인 지역입니다. 지역 생활권 안내 남천동은 수영구 서쪽 끝에 위치한 주거 중심 동네로, 남천천·수변공원을 끼고 아파트·빌라·근린상가가 밀집합니다. 학군·생활 편의를 위해 장기 거주하는 가구가 많아 상속·증여·전",356,419f105c18c53c21
/남천동상속등기,남천동에서 상속등기을(를) 진행하려면 관할 확인 후 서류 체크리스트부터 잡는 편이 안전합니다. 남천동 실거주 아파트 상속·매매 등기가 있는 동입니다. 피상속인 사망 후 부동산·토지 등기명의를 상속인 명의로 이전하는 절차입니다. 부산 전역 아파트·상가·토지 상속 사건을 다룹니다. 상담 시 서류·일정·비용 범위를 항목별로 안내합니다. 남천동에서 상속등기을(를) 진행하려면 관할 확인 후 서류 체크리스트부터 잡는 편이 안전합니다. 남천동 실거주 아파트 상속·매매 등기가 있는 동입니다. 피상속인 사망 후 부동산·토지 등기명의를 상속인 명의로 이전하는 절차입니다. 부산 전역 아파트·상가·토지 상속 사건을 다룹니다. 상담 시 서류·일정·비용 범위를 항목별로 안내합니다. 남천동 실거주 아파트 상속·매매 등기가 있는 동입니다. 피상속인 사망 후 부동산·토지 등기명의를 상속인 명의로 이전하는 절차입니다. 부산 전역 아파트·상가·토지 상속 사건을 다룹니다. 지역별 업무 상황 말소할 근저당·전세권 목록을,478,a1d0ff936bf5505f
/남포동법무사,"남포동에서는 ‘부모님이 운영하던 점포 건물을 상속받았는데 토지는 다른 친족 명의다’, ‘자갈치 인근 상가를 사면서 기존 임차인과 권리금 계약을 어떻게 봐야 하나’, ‘공동상속인 중 일부가 연락되지 않아 매도를 못 한다’는 문제가 생깁니다. 상가 건물의 영업권·권리금은 상황에 따라 계약 대상이 될 수 있으나, 토지·건물 소유권의 등기 이전이나 임대차 보증금 책임을 자동으로 해결하지 않습니다. 상속은 상속인 전원의 범위와 분할 합의를 확인해야 하며, 오래된 원도심 건물은 토지·건물·대지권 등 대상이 여러 개일 수 있습니다. 매매에서는 매도인이 근저당을 말소할 의무가 있는지, 임차 보증금을 누가 승계하는지, 기존 점유자가 언제 인도하는지 계약서에 분명히 반영할 필요가 있습니다. 상담에서는 원도심 상가의 역사나 상권 가치를 평가하지 않고, 등기부·가족관계·임대차 자료를 기준으로 처분과 명의 정리에 필요한 절차를 안내합니다. 남포동에서는 자갈치·원도심의 다수 임차인 상가와 오래된 건물를 볼 ",706,8c9a18bbfb488d6f
/내용증명자가진단,"분쟁 전에 내용증명으로 의사표시를 남길지 점검해 보세요. 분쟁 전에 내용증명으로 의사표시를 남길지 점검해 보세요. 분쟁 전에 내용증명으로 의사표시를 남길지 점검해 보세요. 내용증명은 우체국을 통해 의사표시 내용을 공식적으로 전달·보존하는 제도입니다. 계약 해지·채무 독촉·이행 최고 등에 쓰입니다. 자가진단 결과 안내 내용증명 자가진단은 분쟁 단계·증거 보유·상대방 특정 가능 여부를 봅니다. 이미 소송 중이면 다른 절차가 우선일 수 있다는 안내가 나올 수 있습니다. 내용증명 기본 개념 내용증명은 우체국을 통해 의사표시 내용을 공식적으로 전달·보존하는 제도입니다. 계약 해지·채무 독촉·이행 최고 등에 쓰입니다. 내용증명만으로 돈을 바로 받을 수는 없지만, 이후 지급명령·소송에서 증거가 됩니다. 문안은 사실관계에 맞게 조심스럽게 작성해야 하며, 과장·모욕은 오히려 불리할 수 있습니다. 부산에서 원격 의뢰 시 초안 검토 후 우체국 발송을 대행하는 경우가 많습니다. 내용증명 문안은 사실만 적",460,e2f046b600a51fca
/내용증명작성준비,"상대방에게 이행을 촉구하거나 계약 해지·보증금 반환을 남기려 할 때 내용증명을 검토하는 경우가 많습니다. ‘내용증명을 받았을 때’ 상황 안내는 이미 있으나, 보내기 전 무엇을 모아야 하는지를 담은 작성 준비 페이지가 필요해 이 안내를 둡니다. 상대방에게 이행을 촉구하거나 계약 해지·보증금 반환을 남기려 할 때 내용증명을 검토하는 경우가 많습니다. ‘내용증명을 받았을 때’ 상황 안내는 이미 있으나, 보내기 전 무엇을 모아야 하는지를 담은 작성 준비 페이지가 필요해 이 안내를 둡니다. 상대방에게 이행을 촉구하거나 계약 해지·보증금 반환을 남기려 할 때 내용증명을 검토하는 경우가 많습니다. ‘내용증명을 받았을 때’ 상황 안내는 이미 있으나, 보내기 전 무엇을 모아야 하는지를 담은 작성 준비 페이지가 필요해 이 안내를 둡니다. 상담 시 확인하는 내용 내용증명 작성 준비 사건은 서류·관할·기한에 따라 진행 순서가 달라집니다. 다옴법무사사무소는 부산 해운대구·센텀에서 상속등기·부동산등기·법인등",198,94819e9915530cbc
/노무법인설립등기,"노무법인 설립은 공인노무사법상 요건·인가 후 설립등기가 필요합니다. 노무법인 설립은 공인노무사법상 요건·인가 후 설립등기가 필요합니다. 노무법인은 공인노무사법에 따른 공인노무사법인으로, 구성원 자격·출자 요건이 있습니다. 상담 시 확인하는 내용 노무법인 설립등기 사건은 서류·관할·기한에 따라 진행 순서가 달라집니다. 다옴법무사사무소는 부산 해운대구·센텀에서 상속등기·부동산등기·법인등기·개인회생·파산 등을 다루며, 의뢰인 상황에 맞춰 절차와 비용을 알기 쉽게 설명합니다. 불확실한 부분은 추측으로 단정하지 않고, 확인된 사실을 바탕으로 안내드립니다. 전화·카카오톡·네이버 톡톡으로 간단히 상황을 남겨 주시면 필요한 준비부터 차분히 정리해 드리겠습니다. 노무법인 설립등기 상담은 어디서 받을 수 있나요? 다옴법무사사무소는 해운대구 센텀에 있으며, 부산 전역 사건을 전화·카카오톡·네이버 톡톡·방문(예약)으로 상담합니다. 비용은 어떻게 안내되나요? 사건 복잡도·부동산 가액·상속인 수·채무 규모 ",126,3c5426e55b57e4e2
/녹산국가산단법인등기,녹산국가산단 법인등기 문의는 소재지·채무·협의 상태에 따라 준비 순서가 달라집니다. 녹산·강서구 일대 제조·물류 법인 설립·변경 등기 수요가 있습니다. 주식회사·유한회사 등 법인의 설립 이후 변경·이전 등기를 처리합니다. 센텀·서면 일대 법인 설립·임원변경·본점이전을 안내합니다. 상담 시 서류·일정·비용 범위를 항목별로 안내합니다. 녹산국가산단 법인등기 문의는 소재지·채무·협의 상태에 따라 준비 순서가 달라집니다. 녹산·강서구 일대 제조·물류 법인 설립·변경 등기 수요가 있습니다. 주식회사·유한회사 등 법인의 설립 이후 변경·이전 등기를 처리합니다. 센텀·서면 일대 법인 설립·임원변경·본점이전을 안내합니다. 상담 시 서류·일정·비용 범위를 항목별로 안내합니다. 녹산·강서구 일대 제조·물류 법인 설립·변경 등기 수요가 있습니다. 주식회사·유한회사 등 법인의 설립 이후 변경·이전 등기를 처리합니다. 센텀·서면 일대 법인 설립·임원변경·본점이전을 안내합니다. 지역별 업무 상황 수임·등록면,455,35c2f040e604e0fc
/녹산국가산단법인설립등기,법인설립등기을(를) 녹산국가산단 기준으로 볼 때는 동일 절차라도 등기소·법원 창구가 사건별로 갈릴 수 있습니다. 녹산·강서구 일대 제조·물류 법인 설립·변경 등기 수요가 있습니다. 정관 작성·자본금 납입·설립 등기까지 창업 초기 법인 설립 절차를 지원합니다. 상담 시 서류·일정·비용 범위를 항목별로 안내합니다. 법인설립등기을(를) 녹산국가산단 기준으로 볼 때는 동일 절차라도 등기소·법원 창구가 사건별로 갈릴 수 있습니다. 녹산·강서구 일대 제조·물류 법인 설립·변경 등기 수요가 있습니다. 정관 작성·자본금 납입·설립 등기까지 창업 초기 법인 설립 절차를 지원합니다. 상담 시 서류·일정·비용 범위를 항목별로 안내합니다. 녹산·강서구 일대 제조·물류 법인 설립·변경 등기 수요가 있습니다. 정관 작성·자본금 납입·설립 등기까지 창업 초기 법인 설립 절차를 지원합니다. 지역별 업무 상황 다수 필지·다수 계좌면 목록 번호를 매겨 누락을 줄입니다. 완료 후 등기필정보 전달 방식을 정합니다. 상,501,f9644b29f9fee326
/녹산산단법인본점지점,"녹산산단 공장·사업장 이전 시 본점이전과 지점설치·폐지를 구분해 함께 설계해야 합니다. 실제 공장 주소와 등기부·사업자등록 주소를 맞추는 것이 핵심입니다. 녹산산단 공장·사업장 이전 시 본점이전과 지점설치·폐지를 구분해 함께 설계해야 합니다. 실제 공장 주소와 등기부·사업자등록 주소를 맞추는 것이 핵심입니다. 녹산국가산업단지 공장·사업장 이전은 부동산·임대만의 문제가 아닙니다. 법인 본점이전등기와 지점설치·폐지를 함께 설계해야 합니다. 상담 시 확인하는 내용 녹산산단 법인 본점·지점 사건은 서류·관할·기한에 따라 진행 순서가 달라집니다. 다옴법무사사무소는 부산 해운대구·센텀에서 상속등기·부동산등기·법인등기·개인회생·파산 등을 다루며, 의뢰인 상황에 맞춰 절차와 비용을 알기 쉽게 설명합니다. 불확실한 부분은 추측으로 단정하지 않고, 확인된 사실을 바탕으로 안내드립니다. 전화·카카오톡·네이버 톡톡으로 간단히 상황을 남겨 주시면 필요한 준비부터 차분히 정리해 드리겠습니다. 공장을 녹산으로",141,137aad6c247dc822
/녹산산업단지법인등기,녹산산업단지 법인등기 관련 문의는 검색 키워드만으로 절차가 결정되지 않는 경우가 많습니다. 주식회사·유한회사 등 법인의 설립 이후 변경·이전 등기를 처리합니다. 센텀·서면 일대 법인 설립·임원변경·본점이전을 안내합니다. 부산광역시 전역 상속등기·부동산등기·법인등기·개인회생·파산 등 법무사 업무를 다루는 핵심 지역입니다. 다옴법무사사무소는 상황을 듣고 다음 단계부터 정리합니다. 녹산산업단지 법인등기 관련 문의는 검색 키워드만으로 절차가 결정되지 않는 경우가 많습니다. 주식회사·유한회사 등 법인의 설립 이후 변경·이전 등기를 처리합니다. 센텀·서면 일대 법인 설립·임원변경·본점이전을 안내합니다. 부산광역시 전역 상속등기·부동산등기·법인등기·개인회생·파산 등 법무사 업무를 다루는 핵심 지역입니다. 다옴법무사사무소는 상황을 듣고 다음 단계부터 정리합니다. 부산광역시 전역 상속등기·부동산등기·법인등기·개인회생·파산 등 법무사 업무를 다루는 핵심 지역입니다. 주식회사·유한회사 등 법인의 설립 ,470,239d6c1d462a59ec
/농어업법인설립등기,"농·어업 법인은 사업 구조에 따라 농업회사법인·영농조합법인·영어조합법인·어업회사법인 중 선택이 달라집니다. 인증·인가 후 등기 기한을 놓치지 않도록 행정 절차와 등기를 분리해 진행하세요. 농·어업 법인은 사업 구조에 따라 농업회사법인·영농조합법인·영어조합법인·어업회사법인 중 선택이 달라집니다. 인증·인가 후 등기 기한을 놓치지 않도록 행정 절차와 등기를 분리해 진행하세요. 농업·수산 분야 법인은 농업회사법인육성법·농업협동조합법·수산업협동조합법 등 서로 다른 법률이 적용됩니다. 상담 시 확인하는 내용 농·어업 법인 설립등기 사건은 서류·관할·기한에 따라 진행 순서가 달라집니다. 다옴법무사사무소는 부산 해운대구·센텀에서 상속등기·부동산등기·법인등기·개인회생·파산 등을 다루며, 의뢰인 상황에 맞춰 절차와 비용을 알기 쉽게 설명합니다. 불확실한 부분은 추측으로 단정하지 않고, 확인된 사실을 바탕으로 안내드립니다. 전화·카카오톡·네이버 톡톡으로 간단히 상황을 남겨 주시면 필요한 준비부터 차분",141,998df85e9c490c46
/농업회사법인과영농조합법인차이,"조합 기반·조합원 중심이면 영농조합법인, 출자자·회사형 구조면 농업회사법인을 검토합니다. 조합 기반·조합원 중심이면 영농조합법인, 출자자·회사형 구조면 농업회사법인을 검토합니다. 둘 다 농업 사업 법인이지만 근거 법률·조합원 구조·인증 절차가 다릅니다. 상담 시 확인하는 내용 농업회사법인과 영농조합법인 차이 사건은 서류·관할·기한에 따라 진행 순서가 달라집니다. 다옴법무사사무소는 부산 해운대구·센텀에서 상속등기·부동산등기·법인등기·개인회생·파산 등을 다루며, 의뢰인 상황에 맞춰 절차와 비용을 알기 쉽게 설명합니다. 불확실한 부분은 추측으로 단정하지 않고, 확인된 사실을 바탕으로 안내드립니다. 전화·카카오톡·네이버 톡톡으로 간단히 상황을 남겨 주시면 필요한 준비부터 차분히 정리해 드리겠습니다. 농업회사법인과 영농조합법인 차이 상담은 어디서 받을 수 있나요? 다옴법무사사무소는 해운대구 센텀에 있으며, 부산 전역 사건을 전화·카카오톡·네이버 톡톡·방문(예약)으로 상담합니다. 비용은 어떻게",132,baeeb27a564263d3
/다대동법무사,"다대동에서는 ‘해외에 있는 형제와 상속 협의를 어떻게 하냐’, ‘장림동 다가구를 팔려면 세입자를 모두 내보내야 하냐’, ‘감천동 집이 오래되어 서류가 불명확하다’는 문제가 나옵니다. 상속인 연락이 늦어지면 매도 잔금일을 먼저 잡기 어렵고, 세입자 있는 매매는 승계 특약이 핵심입니다. 오래된 건물은 토지·건물 등기부 명의가 다르거나 표시변경이 필요할 수 있어 사전 열람이 중요합니다. 다대동에서는 다대포·장림·감천 해안 주거와 산업단지 배후 주택를 볼 때 장기 보유 주택 상속과 매도 잔금일의 맞추기를 가족관계증명서·협의서·매매계약서·말소서류와 맞춰 확인합니다. 다옴법무사사무소는 해운대 센텀에서 상담합니다. 다대동에서는 ‘해외에 있는 형제와 상속 협의를 어떻게 하냐’, ‘장림동 다가구를 팔려면 세입자를 모두 내보내야 하냐’, ‘감천동 집이 오래되어 서류가 불명확하다’는 문제가 나옵니다. 상속인 연락이 늦어지면 매도 잔금일을 먼저 잡기 어렵고, 세입자 있는 매매는 승계 특약이 핵심입니다. ",468,8c909d5b0d092fd7
/대습상속등기,"대습상속등기는 ‘아버지보다 아들이 먼저 사망했고 손자가 있다’처럼 중간 세대가 비어 있는 부동산 명의 정리에서 검색됩니다. 용어 설명이 아니라, 등기신청에 필요한 상속인 확정·지분·서류 순서에 맞춥니다. 대습상속등기는 ‘아버지보다 아들이 먼저 사망했고 손자가 있다’처럼 중간 세대가 비어 있는 부동산 명의 정리에서 검색됩니다. 용어 설명이 아니라, 등기신청에 필요한 상속인 확정·지분·서류 순서에 맞춥니다. 대습상속등기는 ‘아버지보다 아들이 먼저 사망했고 손자가 있다’처럼 중간 세대가 비어 있는 부동산 명의 정리에서 검색됩니다. 용어 설명이 아니라, 등기신청에 필요한 상속인 확정·지분·서류 순서에 맞춥니다. 상담 시 확인하는 내용 대습상속등기 사건은 서류·관할·기한에 따라 진행 순서가 달라집니다. 다옴법무사사무소는 부산 해운대구·센텀에서 상속등기·부동산등기·법인등기·개인회생·파산 등을 다루며, 의뢰인 상황에 맞춰 절차와 비용을 알기 쉽게 설명합니다. 불확실한 부분은 추측으로 단정하지 않",218,aaf084b1bb1bb73c
/대연동법무사,"대연동 아파트 매매는 대출 실행·근저당 말소·잔금일을 맞추는 것이 핵심입니다. 상속의 경우 공동상속인이 해외에 있거나, 전세 세입자가 있어 말소·승계를 함께 봐야 합니다. 남구 법무사 상담 시 전세권과 근저당 순위를 등기부에서 먼저 읽어 드립니다. 대연동 아파트 매매는 대출 실행·근저당 말소·잔금일을 맞추는 것이 핵심입니다. 상속의 경우 공동상속인이 해외에 있거나, 전세 세입자가 있어 말소·승계를 함께 봐야 합니다. 남구 법무사 상담 시 전세권과 근저당 순위를 등기부에서 먼저 읽어 드립니다. 대연동 법무사 상담은 남구 대표 주거지인 대연·용호 일대 아파트 단지의 매매·상속·전세 사건에 특화되어 있습니다. 대연역·경성대 인근은 실거주·전세 수요가 높고, 문현금융단지와 가까워 직장인 의뢰인이 많습니다. 지역 생활권 안내 대연동·용호동은 남구 북부에 위치한 대단지 아파트 밀집 지역입니다. 2호선 대연역·경성대·부경대 인근으로 젊은 층 전·월세와 가족 상속·매매가 함께 이어집니다. 남부산등",344,0c1aa73464915ae9
/대연동상속등기,상속등기을(를) 대연동 기준으로 볼 때는 동일 절차라도 등기소·법원 창구가 사건별로 갈릴 수 있습니다. 대연동 아파트·다세대 상속·매매 등기가 있는 동입니다. 피상속인 사망 후 부동산·토지 등기명의를 상속인 명의로 이전하는 절차입니다. 부산 전역 아파트·상가·토지 상속 사건을 다룹니다. 상담 시 서류·일정·비용 범위를 항목별로 안내합니다. 상속등기을(를) 대연동 기준으로 볼 때는 동일 절차라도 등기소·법원 창구가 사건별로 갈릴 수 있습니다. 대연동 아파트·다세대 상속·매매 등기가 있는 동입니다. 피상속인 사망 후 부동산·토지 등기명의를 상속인 명의로 이전하는 절차입니다. 부산 전역 아파트·상가·토지 상속 사건을 다룹니다. 상담 시 서류·일정·비용 범위를 항목별로 안내합니다. 대연동 아파트·다세대 상속·매매 등기가 있는 동입니다. 피상속인 사망 후 부동산·토지 등기명의를 상속인 명의로 이전하는 절차입니다. 부산 전역 아파트·상가·토지 상속 사건을 다룹니다. 지역별 업무 상황 잔금·인도,499,7a056943e842b021
/대표이사한명만남는경우,"‘이사 두 명이 사임한다’, ‘대표만 남는다’는 검색은 일반 임원변경과 겹치지만, 남는 임원 수·정관 정원·감사 존재가 핵심 변수가 됩니다. 이 페이지는 그 구성 변화에 초점을 둡니다. ‘이사 두 명이 사임한다’, ‘대표만 남는다’는 검색은 일반 임원변경과 겹치지만, 남는 임원 수·정관 정원·감사 존재가 핵심 변수가 됩니다. 이 페이지는 그 구성 변화에 초점을 둡니다. ‘이사 두 명이 사임한다’, ‘대표만 남는다’는 검색은 일반 임원변경과 겹치지만, 남는 임원 수·정관 정원·감사 존재가 핵심 변수가 됩니다. 이 페이지는 그 구성 변화에 초점을 둡니다. 상담 시 확인하는 내용 대표이사만 남는 경우 사건은 서류·관할·기한에 따라 진행 순서가 달라집니다. 다옴법무사사무소는 부산 해운대구·센텀에서 상속등기·부동산등기·법인등기·개인회생·파산 등을 다루며, 의뢰인 상황에 맞춰 절차와 비용을 알기 쉽게 설명합니다. 불확실한 부분은 추측으로 단정하지 않고, 확인된 사실을 바탕으로 안내드립니다. 전",206,abd11edac1886b72
/대표자사망시법인등기,"대표이사 사망 시 사임·퇴임 등기와 후임 대표이사 취임 등기가 필요할 수 있습니다. 상속 등기와 법인 임원 등기는 별개이므로 각각의 절차를 구분해 진행해야 합니다. 대표이사 사망 시 사임·퇴임 등기와 후임 대표이사 취임 등기가 필요할 수 있습니다. 상속 등기와 법인 임원 등기는 별개이므로 각각의 절차를 구분해 진행해야 합니다. 대표이사 사망은 상속 절차와 별도로, 법인의 임원·대표 권한 정비가 필요한 상황입니다. 상담 시 확인하는 내용 대표자 사망 시 법인등기 사건은 서류·관할·기한에 따라 진행 순서가 달라집니다. 다옴법무사사무소는 부산 해운대구·센텀에서 상속등기·부동산등기·법인등기·개인회생·파산 등을 다루며, 의뢰인 상황에 맞춰 절차와 비용을 알기 쉽게 설명합니다. 불확실한 부분은 추측으로 단정하지 않고, 확인된 사실을 바탕으로 안내드립니다. 전화·카카오톡·네이버 톡톡으로 간단히 상황을 남겨 주시면 필요한 준비부터 차분히 정리해 드리겠습니다. 상속 상담과 함께 받을 수 있나요? 법",161,72abaef52ec54ff2
/덕천동개인회생,덕천동에서 개인회생을(를) 진행하려면 관할 확인 후 서류 체크리스트부터 잡는 편이 안전합니다. 덕천·구포 일대 아파트 상속·개인회생 상담이 많은 동입니다. 부산회생법원 관할 개인회생 신청·변제계획 수립을 지원합니다. 소득·재산 구조에 맞는 절차를 안내합니다. 상담 시 서류·일정·비용 범위를 항목별로 안내합니다. 덕천동에서 개인회생을(를) 진행하려면 관할 확인 후 서류 체크리스트부터 잡는 편이 안전합니다. 덕천·구포 일대 아파트 상속·개인회생 상담이 많은 동입니다. 부산회생법원 관할 개인회생 신청·변제계획 수립을 지원합니다. 소득·재산 구조에 맞는 절차를 안내합니다. 상담 시 서류·일정·비용 범위를 항목별로 안내합니다. 덕천·구포 일대 아파트 상속·개인회생 상담이 많은 동입니다. 부산회생법원 관할 개인회생 신청·변제계획 수립을 지원합니다. 소득·재산 구조에 맞는 절차를 안내합니다. 지역별 업무 상황 산업단지·재개발·재건축처럼 특수한 권리관계는 일반 매매 체크리스트와 항목을 나눕니다. ,454,5fe9daf087e086e3
/덕천동법무사,"덕천동에서 부동산을 상속받았는데 채무가 많아 한정승인·개인회생을 검토하시는 분들이 있습니다. 반대로 매매 등기를 진행하다가 채무로 가압류가 걸려 잔금일이 위태로운 경우도 있습니다. 채권자 입장에서는 거래처 미수금에 대한 지급명령을 문의하기도 합니다. 덕천동에서 부동산을 상속받았는데 채무가 많아 한정승인·개인회생을 검토하시는 분들이 있습니다. 반대로 매매 등기를 진행하다가 채무로 가압류가 걸려 잔금일이 위태로운 경우도 있습니다. 채권자 입장에서는 거래처 미수금에 대한 지급명령을 문의하기도 합니다. 덕천동 법무사 상담은 북구 대표 상권인 덕천·구포·화명 일대에서 부동산등기와 개인회생·채무(지급명령) 문의가 함께 이어지는 특징이 있습니다. 덕천역 환승역 인근 아파트·상가 매매와 자영업자·직장인 채무 정리 수요가 공존합니다. 지역 생활권 안내 덕천동·구포동·화명동은 북부산 생활·교통 중심지입니다. 덕천시장·롯데몰 인근 상가, 화명·구포 아파트 단지의 매매·상속과 함께 소상공인·프리랜서의 개",327,5902c252d39b8f2b
/덕천동상속등기,덕천동에서 상속등기을(를) 진행하려면 관할 확인 후 서류 체크리스트부터 잡는 편이 안전합니다. 덕천·구포 일대 아파트 상속·개인회생 상담이 많은 동입니다. 피상속인 사망 후 부동산·토지 등기명의를 상속인 명의로 이전하는 절차입니다. 부산 전역 아파트·상가·토지 상속 사건을 다룹니다. 상담 시 서류·일정·비용 범위를 항목별로 안내합니다. 덕천동에서 상속등기을(를) 진행하려면 관할 확인 후 서류 체크리스트부터 잡는 편이 안전합니다. 덕천·구포 일대 아파트 상속·개인회생 상담이 많은 동입니다. 피상속인 사망 후 부동산·토지 등기명의를 상속인 명의로 이전하는 절차입니다. 부산 전역 아파트·상가·토지 상속 사건을 다룹니다. 상담 시 서류·일정·비용 범위를 항목별로 안내합니다. 덕천·구포 일대 아파트 상속·개인회생 상담이 많은 동입니다. 피상속인 사망 후 부동산·토지 등기명의를 상속인 명의로 이전하는 절차입니다. 부산 전역 아파트·상가·토지 상속 사건을 다룹니다. 지역별 업무 상황 미성년·해외,483,0f53ceca8f177a20
/도로명주소등기부상이,"도로명·지번과 등기부 소재지 표시가 다르면 건물표시 정리인지 명의인 주소변경인지부터 나누세요. 도로명·지번과 등기부 소재지 표시가 다르면 건물표시 정리인지 명의인 주소변경인지부터 나누세요. 도로명주소 전환·건물번호 정리 후에도 등기부 소재지 표시가 옛 지번·옛 표기로 남아 있으면 금융·공문서에서 혼선이 납니다. 비용 안내 비용은 소명 자료 범위, 집합 다수 호실 일괄 표기 등에 따라 달라질 수 있습니다. 관할·접근 안내 부동산 소재지 관할 등기소 기준으로 접수하며, 부산 해운대·센텀 다옴법무사사무소에서 상담·수임을 진행합니다. 사무소: 부산광역시 해운대구 센텀동로 200 D동 1층 LAB9호 법무사는 부동산등기(건물·토지) 신청·서류 작성·접수 대리 등 등기 관련 업무를 지원합니다. 건축 인허가·철거 공사·세무·소송대리는 별도 전문 영역이며, 사안별로 지원 범위를 확인합니다. 결과를 보장하거나 ‘무조건 해결’로 안내하지 않습니다. 법무사 의견 도로명·지번과 등기부 소재지 표시가 다르",214,7100f1486af7d02d
/동구법무사,"동구에서 법무사를 찾으시면 부산역·초량 역세권 상가·오피스와 범일·수정 주거를 나눠 보시면 됩니다. 이 페이지에서는 역세권 부동산등기와 상속을 중심으로 설명합니다. 다옴법무사사무소는 해운대 센텀에서 동구 사건을 상담합니다. 동구에서 법무사를 찾으시면 부산역·초량 역세권 상가·오피스와 범일·수정 주거를 나눠 보시면 됩니다. 이 페이지에서는 역세권 부동산등기와 상속을 중심으로 설명합니다. 다옴법무사사무소는 해운대 센텀에서 동구 사건을 상담합니다. 동구 부동산등기는 부산지방법원 등기국 관할입니다. 부산역 전용 안내는 부산역 페이지, 초량·범일은 각 생활권 페이지로 이어집니다. 역세권 상가는 임대차·상속·법인 사무실이 겹쳐 업무를 먼저 나누는 것이 좋습니다. 이 페이지에서 다루는 동구 업무 통계로 ‘많다’고 단정하지 않습니다. 동구 검색 의도에 맞춰 아래 업무를 중심으로 안내합니다. 부산역: KTX 역세권 상가·주택 부동산등기: 매매·이전 초량동: 초량 생활권 범일동: 범일 생활권 동구에서",426,d6ceee96c538db96
/동구법인등기,법인등기을(를) 동구 기준으로 볼 때는 동일 절차라도 등기소·법원 창구가 사건별로 갈릴 수 있습니다. 초량·범일동·수정동 일대 오래된 주택·상가의 상속·등기 사건이 있는 구입니다. 주식회사·유한회사 등 법인의 설립 이후 변경·이전 등기를 처리합니다. 센텀·서면 일대 법인 설립·임원변경·본점이전을 안내합니다. 상담 시 서류·일정·비용 범위를 항목별로 안내합니다. 법인등기을(를) 동구 기준으로 볼 때는 동일 절차라도 등기소·법원 창구가 사건별로 갈릴 수 있습니다. 초량·범일동·수정동 일대 오래된 주택·상가의 상속·등기 사건이 있는 구입니다. 주식회사·유한회사 등 법인의 설립 이후 변경·이전 등기를 처리합니다. 센텀·서면 일대 법인 설립·임원변경·본점이전을 안내합니다. 상담 시 서류·일정·비용 범위를 항목별로 안내합니다. 초량·범일동·수정동 일대 오래된 주택·상가의 상속·등기 사건이 있는 구입니다. 주식회사·유한회사 등 법인의 설립 이후 변경·이전 등기를 처리합니다. 센텀·서면 일대 법인,483,99272c1685646962
/동구법인설립등기,동구 법인설립등기 문의는 소재지·채무·협의 상태에 따라 준비 순서가 달라집니다. 초량·범일동·수정동 일대 오래된 주택·상가의 상속·등기 사건이 있는 구입니다. 정관 작성·자본금 납입·설립 등기까지 창업 초기 법인 설립 절차를 지원합니다. 상담 시 서류·일정·비용 범위를 항목별로 안내합니다. 동구 법인설립등기 문의는 소재지·채무·협의 상태에 따라 준비 순서가 달라집니다. 초량·범일동·수정동 일대 오래된 주택·상가의 상속·등기 사건이 있는 구입니다. 정관 작성·자본금 납입·설립 등기까지 창업 초기 법인 설립 절차를 지원합니다. 상담 시 서류·일정·비용 범위를 항목별로 안내합니다. 초량·범일동·수정동 일대 오래된 주택·상가의 상속·등기 사건이 있는 구입니다. 정관 작성·자본금 납입·설립 등기까지 창업 초기 법인 설립 절차를 지원합니다. 지역별 업무 상황 등기원인 문구와 검인·취득세 완납 증빙이 일치하는지 접수 직전에 재확인합니다. 공동매수면 지분 표기를 맞춥니다. 수임·등록면허세·지방교육,472,093f61be8cb1f69d
/동구부동산등기,"동구(초량·수정·좌천·범일 일대) 부동산등기는 원도심·역세권·재개발 이슈가 겹칠 수 있습니다. 매매·상속·증여 원인과 재개발·수용 관련 여부를 초기에 확인합니다. 동구(초량·수정·좌천·범일 일대) 부동산등기는 원도심·역세권·재개발 이슈가 겹칠 수 있습니다. 매매·상속·증여 원인과 재개발·수용 관련 여부를 초기에 확인합니다. 동구(초량·수정·좌천·범일 일대) 부동산등기는 원도심·역세권·재개발 이슈가 겹칠 수 있습니다. 매매·상속·증여 원인과 재개발·수용 관련 여부를 초기에 확인합니다. 동구 부동산등기에서 확인할 것 일반 매매인지, 상속·증여인지, 재개발·수용 관련인지 먼저 가릅니다. 주소와 등기부 갑구·을구만 있어도 1차 방향을 잡을 수 있습니다. 원도심·역세권 포인트 오래된 건물·다가구는 권리관계·건축물대장과 등기부 일치 여부를 함께 봅니다. 잔금 전 하자·권리 제한을 체크리스트로 정리합니다. 비용·기한 가액·필지 수·말소 건수에 따라 수임·세금이 달라집니다. 기한은 잔금·인도 기준",243,b2e4eb3282ce0309
/동구상속등기,동구에서 상속등기을(를) 진행하려면 관할 확인 후 서류 체크리스트부터 잡는 편이 안전합니다. 초량·범일동·수정동 일대 오래된 주택·상가의 상속·등기 사건이 있는 구입니다. 피상속인 사망 후 부동산·토지 등기명의를 상속인 명의로 이전하는 절차입니다. 부산 전역 아파트·상가·토지 상속 사건을 다룹니다. 상담 시 서류·일정·비용 범위를 항목별로 안내합니다. 동구에서 상속등기을(를) 진행하려면 관할 확인 후 서류 체크리스트부터 잡는 편이 안전합니다. 초량·범일동·수정동 일대 오래된 주택·상가의 상속·등기 사건이 있는 구입니다. 피상속인 사망 후 부동산·토지 등기명의를 상속인 명의로 이전하는 절차입니다. 부산 전역 아파트·상가·토지 상속 사건을 다룹니다. 상담 시 서류·일정·비용 범위를 항목별로 안내합니다. 초량·범일동·수정동 일대 오래된 주택·상가의 상속·등기 사건이 있는 구입니다. 피상속인 사망 후 부동산·토지 등기명의를 상속인 명의로 이전하는 절차입니다. 부산 전역 아파트·상가·토지 상,455,31af1a8a026c6b0e
/동구상속포기,동구 상속포기 문의는 소재지·채무·협의 상태에 따라 준비 순서가 달라집니다. 초량·범일동·수정동 일대 오래된 주택·상가의 상속·등기 사건이 있는 구입니다. 상속 재산보다 채무가 많을 때 상속을 포기하는 가사 신고 절차입니다. 부산가정법원 관할 사건을 안내합니다. 상담 시 서류·일정·비용 범위를 항목별로 안내합니다. 동구 상속포기 문의는 소재지·채무·협의 상태에 따라 준비 순서가 달라집니다. 초량·범일동·수정동 일대 오래된 주택·상가의 상속·등기 사건이 있는 구입니다. 상속 재산보다 채무가 많을 때 상속을 포기하는 가사 신고 절차입니다. 부산가정법원 관할 사건을 안내합니다. 상담 시 서류·일정·비용 범위를 항목별로 안내합니다. 초량·범일동·수정동 일대 오래된 주택·상가의 상속·등기 사건이 있는 구입니다. 상속 재산보다 채무가 많을 때 상속을 포기하는 가사 신고 절차입니다. 부산가정법원 관할 사건을 안내합니다. 지역별 업무 상황 회생·파산 경로에서는 소득·재산·채무 목록 정합성을 신청서,484,8acc2d992dd0e9ed
/동구임원변경등기,동구에서 임원변경등기을(를) 진행하려면 관할 확인 후 서류 체크리스트부터 잡는 편이 안전합니다. 초량·범일동·수정동 일대 오래된 주택·상가의 상속·등기 사건이 있는 구입니다. 대표이사·이사·감사 변경에 따른 법인 등기입니다. 결의일로부터 등기 기한 준수가 중요합니다. 상담 시 서류·일정·비용 범위를 항목별로 안내합니다. 동구에서 임원변경등기을(를) 진행하려면 관할 확인 후 서류 체크리스트부터 잡는 편이 안전합니다. 초량·범일동·수정동 일대 오래된 주택·상가의 상속·등기 사건이 있는 구입니다. 대표이사·이사·감사 변경에 따른 법인 등기입니다. 결의일로부터 등기 기한 준수가 중요합니다. 상담 시 서류·일정·비용 범위를 항목별로 안내합니다. 초량·범일동·수정동 일대 오래된 주택·상가의 상속·등기 사건이 있는 구입니다. 대표이사·이사·감사 변경에 따른 법인 등기입니다. 결의일로부터 등기 기한 준수가 중요합니다. 지역별 업무 상황 산업단지·재개발·재건축처럼 특수한 권리관계는 일반 매매 체크리,469,322991a3bac654dd
/동구한정승인,동구에서 한정승인을(를) 진행하려면 관할 확인 후 서류 체크리스트부터 잡는 편이 안전합니다. 초량·범일동·수정동 일대 오래된 주택·상가의 상속·등기 사건이 있는 구입니다. 상속 재산 범위 내에서만 채무를 변제하고 상속을 승인하는 절차입니다. 채무 조사 후 상속등기와 연계됩니다. 상담 시 서류·일정·비용 범위를 항목별로 안내합니다. 동구에서 한정승인을(를) 진행하려면 관할 확인 후 서류 체크리스트부터 잡는 편이 안전합니다. 초량·범일동·수정동 일대 오래된 주택·상가의 상속·등기 사건이 있는 구입니다. 상속 재산 범위 내에서만 채무를 변제하고 상속을 승인하는 절차입니다. 채무 조사 후 상속등기와 연계됩니다. 상담 시 서류·일정·비용 범위를 항목별로 안내합니다. 초량·범일동·수정동 일대 오래된 주택·상가의 상속·등기 사건이 있는 구입니다. 상속 재산 범위 내에서만 채무를 변제하고 상속을 승인하는 절차입니다. 채무 조사 후 상속등기와 연계됩니다. 지역별 업무 상황 법인 결의·취임승낙·인감 ,489,645d6f70e96a4157
/동래구법무사,"동래구에서 법무사를 찾으시면 사직·온천·명륜·안락 중 어느 생활권인지, 상속인지 매매·재건축 명의인지를 먼저 나누는 것이 좋습니다. 구축 아파트와 단독주택이 많아 명의 정리 뒤에야 매도·담보가 가능한 사건이 있습니다. 다옴법무사사무소는 해운대 센텀에서 동래구 사건을 상담합니다. 동래구에서 법무사를 찾으시면 사직·온천·명륜·안락 중 어느 생활권인지, 상속인지 매매·재건축 명의인지를 먼저 나누는 것이 좋습니다. 구축 아파트와 단독주택이 많아 명의 정리 뒤에야 매도·담보가 가능한 사건이 있습니다. 다옴법무사사무소는 해운대 센텀에서 동래구 사건을 상담합니다. 사직동·동래역·안락은 생활권 페이지가 있습니다. 온천·명륜·명장·수안은 이 동래구 허브와 온천동 안내에서 소재지 기준으로 보시면 됩니다. 동래구 부동산등기는 부산지방법원 등기국 관할입니다. 재건축 조합원 지위와 일반 상속등기는 서류가 다릅니다. 이 페이지에서 다루는 동래구 업무 통계로 ‘많다’고 단정하지 않습니다. 동래구 검색 의도에 ",501,db4297a3513f5412
/동래구법인등기,"동래구는 온천·사직·명륜 일대 오래된 주택과 재건축·재개발 이슈가 있는 부동산의 상속·등기 사건이 꾸준히 발생합니다. 동래구 명륜동, 온천동, 사직동에서 법인등기를 진행할 때는 부동산·법인 소재지와 당사자 서류를 기준으로 관할과 순서를 맞춥니다. 이 페이지는 법인등기만 다루며, 상담은 해운대 센텀 다옴법무사사무소에서 이어집니다. 동래구는 온천·사직·명륜 일대 오래된 주택과 재건축·재개발 이슈가 있는 부동산의 상속·등기 사건이 꾸준히 발생합니다. 동래구 명륜동, 온천동, 사직동에서 법인등기를 진행할 때는 부동산·법인 소재지와 당사자 서류를 기준으로 관할과 순서를 맞춥니다. 이 페이지는 법인등기만 다루며, 상담은 해운대 센텀 다옴법무사사무소에서 이어집니다. 동래구 법인등기 실무 안내 — 다옴법무사사무소 안윤정 법무사. 명륜동, 온천동, 사직동 일대 상담·서류·등기 대리. 전화·카카오톡 상담 가능. 비용 안내 법인등기(본점이전·목적변경·증자 등)는 사건 유형별로 수임료가 다릅니다. 정관·",277,d33dc20c6030aba3
/동래구법인설립등기,동래구에서 법인설립등기을(를) 진행하려면 관할 확인 후 서류 체크리스트부터 잡는 편이 안전합니다. 온천·사직·명륜 일대 재건축·주택 상속·한정승인 사건이 꾸준한 구입니다. 정관 작성·자본금 납입·설립 등기까지 창업 초기 법인 설립 절차를 지원합니다. 상담 시 서류·일정·비용 범위를 항목별로 안내합니다. 동래구에서 법인설립등기을(를) 진행하려면 관할 확인 후 서류 체크리스트부터 잡는 편이 안전합니다. 온천·사직·명륜 일대 재건축·주택 상속·한정승인 사건이 꾸준한 구입니다. 정관 작성·자본금 납입·설립 등기까지 창업 초기 법인 설립 절차를 지원합니다. 상담 시 서류·일정·비용 범위를 항목별로 안내합니다. 온천·사직·명륜 일대 재건축·주택 상속·한정승인 사건이 꾸준한 구입니다. 정관 작성·자본금 납입·설립 등기까지 창업 초기 법인 설립 절차를 지원합니다. 지역별 업무 상황 산업단지·재개발·재건축처럼 특수한 권리관계는 일반 매매 체크리스트와 항목을 나눕니다. 말소할 근저당·전세권 목록을 본,476,20eb1fffe7413d09
/동래구부동산등기,"동래구는 온천·사직·명륜 일대 오래된 주택과 재건축·재개발 이슈가 있는 부동산의 상속·등기 사건이 꾸준히 발생합니다. 동래구 온천동, 사직동, 명륜동에서 부동산등기를 진행할 때는 부동산·법인 소재지와 당사자 서류를 기준으로 관할과 순서를 맞춥니다. 이 페이지는 부동산등기만 다루며, 상담은 해운대 센텀 다옴법무사사무소에서 이어집니다. 동래구는 온천·사직·명륜 일대 오래된 주택과 재건축·재개발 이슈가 있는 부동산의 상속·등기 사건이 꾸준히 발생합니다. 동래구 온천동, 사직동, 명륜동에서 부동산등기를 진행할 때는 부동산·법인 소재지와 당사자 서류를 기준으로 관할과 순서를 맞춥니다. 이 페이지는 부동산등기만 다루며, 상담은 해운대 센텀 다옴법무사사무소에서 이어집니다. 동래구 부동산등기 실무 안내 — 다옴법무사사무소 안윤정 법무사. 온천동, 사직동, 명륜동 일대 상담·서류·등기 대리. 전화·카카오톡 상담 가능. 비용 안내 부동산등기 비용은 거래 유형·가액·저당권 말소 여부에 따라 달라집니다.",292,94ee1c4d0ccd6ee2
/동래구상속등기,"동래구는 온천·사직·명륜 일대 오래된 주택과 재건축·재개발 이슈가 있는 부동산의 상속·등기 사건이 꾸준히 발생합니다. 동래구 온천동, 사직동, 명륜동에서 상속등기를 진행할 때는 부동산·법인 소재지와 당사자 서류를 기준으로 관할과 순서를 맞춥니다. 이 페이지는 상속등기만 다루며, 상담은 해운대 센텀 다옴법무사사무소에서 이어집니다. 동래구는 온천·사직·명륜 일대 오래된 주택과 재건축·재개발 이슈가 있는 부동산의 상속·등기 사건이 꾸준히 발생합니다. 동래구 온천동, 사직동, 명륜동에서 상속등기를 진행할 때는 부동산·법인 소재지와 당사자 서류를 기준으로 관할과 순서를 맞춥니다. 이 페이지는 상속등기만 다루며, 상담은 해운대 센텀 다옴법무사사무소에서 이어집니다. 동래구 상속등기 실무 안내 — 다옴법무사사무소 안윤정 법무사. 온천동, 사직동, 명륜동 일대 상담·서류·등기 대리. 전화·카카오톡 상담 가능. 동래구 온천동·사직동 일대에서 해당 업무의 서류·기한·관할을 상담합니다. 비용 안내 상속등",306,1a15da6274698124
/동래구상속포기,동래구 상속포기 문의는 소재지·채무·협의 상태에 따라 준비 순서가 달라집니다. 온천·사직·명륜 일대 재건축·주택 상속·한정승인 사건이 꾸준한 구입니다. 상속 재산보다 채무가 많을 때 상속을 포기하는 가사 신고 절차입니다. 부산가정법원 관할 사건을 안내합니다. 상담 시 서류·일정·비용 범위를 항목별로 안내합니다. 동래구 상속포기 문의는 소재지·채무·협의 상태에 따라 준비 순서가 달라집니다. 온천·사직·명륜 일대 재건축·주택 상속·한정승인 사건이 꾸준한 구입니다. 상속 재산보다 채무가 많을 때 상속을 포기하는 가사 신고 절차입니다. 부산가정법원 관할 사건을 안내합니다. 상담 시 서류·일정·비용 범위를 항목별로 안내합니다. 온천·사직·명륜 일대 재건축·주택 상속·한정승인 사건이 꾸준한 구입니다. 상속 재산보다 채무가 많을 때 상속을 포기하는 가사 신고 절차입니다. 부산가정법원 관할 사건을 안내합니다. 지역별 업무 상황 수임·등록면허세·지방교육세·수수료 칸을 나눈 견적 초안을 상담 후 공유,478,d2d2ef588c446977
/동래구임원변경등기,"동래구는 온천·사직·명륜 일대 오래된 주택과 재건축·재개발 이슈가 있는 부동산의 상속·등기 사건이 꾸준히 발생합니다. 동래구 온천동, 사직동, 명륜동에서 임원변경등기를 진행할 때는 부동산·법인 소재지와 당사자 서류를 기준으로 관할과 순서를 맞춥니다. 이 페이지는 임원변경등기만 다루며, 상담은 해운대 센텀 다옴법무사사무소에서 이어집니다. 동래구는 온천·사직·명륜 일대 오래된 주택과 재건축·재개발 이슈가 있는 부동산의 상속·등기 사건이 꾸준히 발생합니다. 동래구 온천동, 사직동, 명륜동에서 임원변경등기를 진행할 때는 부동산·법인 소재지와 당사자 서류를 기준으로 관할과 순서를 맞춥니다. 이 페이지는 임원변경등기만 다루며, 상담은 해운대 센텀 다옴법무사사무소에서 이어집니다. 동래구 임원변경등기 실무 안내 — 다옴법무사사무소 안윤정 법무사. 온천동, 사직동, 명륜동 일대 상담·서류·등기 대리. 전화·카카오톡 상담 가능. 비용 안내 임원변경등기는 변경 항목 수(대표·이사·감사·주소 등)에 따라",287,183e5e7dd5b298f6
/동래구재건축등기,동래구에서 재건축등기을(를) 진행하려면 관할 확인 후 서류 체크리스트부터 잡는 편이 안전합니다. 온천·사직·명륜 일대 재건축·주택 상속·한정승인 사건이 꾸준한 구입니다. 재건축 사업 후 신축 아파트 소유권 이전 등기를 지원합니다. 상담 시 서류·일정·비용 범위를 항목별로 안내합니다. 동래구에서 재건축등기을(를) 진행하려면 관할 확인 후 서류 체크리스트부터 잡는 편이 안전합니다. 온천·사직·명륜 일대 재건축·주택 상속·한정승인 사건이 꾸준한 구입니다. 재건축 사업 후 신축 아파트 소유권 이전 등기를 지원합니다. 상담 시 서류·일정·비용 범위를 항목별로 안내합니다. 온천·사직·명륜 일대 재건축·주택 상속·한정승인 사건이 꾸준한 구입니다. 재건축 사업 후 신축 아파트 소유권 이전 등기를 지원합니다. 지역별 업무 상황 말소할 근저당·전세권 목록을 본등기 신청서와 같은 묶음으로 준비합니다. 채권자 협의 필요 여부를 표시합니다. 미성년·해외·연락두절 당사자가 있으면 위임·특별대리·공시송달 검토,469,12a8388c32efca42
/동래구한정승인,"동래구는 온천·사직·명륜 일대 오래된 주택과 재건축·재개발 이슈가 있는 부동산의 상속·등기 사건이 꾸준히 발생합니다. 동래구 사직동, 온천동, 명륜동에서 한정승인를 진행할 때는 부동산·법인 소재지와 당사자 서류를 기준으로 관할과 순서를 맞춥니다. 이 페이지는 한정승인만 다루며, 상담은 해운대 센텀 다옴법무사사무소에서 이어집니다. 동래구는 온천·사직·명륜 일대 오래된 주택과 재건축·재개발 이슈가 있는 부동산의 상속·등기 사건이 꾸준히 발생합니다. 동래구 사직동, 온천동, 명륜동에서 한정승인를 진행할 때는 부동산·법인 소재지와 당사자 서류를 기준으로 관할과 순서를 맞춥니다. 이 페이지는 한정승인만 다루며, 상담은 해운대 센텀 다옴법무사사무소에서 이어집니다. 동래구 한정승인 실무 안내 — 다옴법무사사무소 안윤정 법무사. 사직동, 온천동, 명륜동 일대 상담·서류·등기 대리. 전화·카카오톡 상담 가능. 비용 안내 한정승인은 재산·채무 조사 범위에 따라 수임료가 달라집니다. 이후 상속등기까지 ",296,6fab06c9ef92441e
/동래역법무사,동래역 인근에서 상속등기를 미루다가 상속포기·한정승인 3개월 기한을 놓치는 경우가 있습니다. 재건축 조합원 지위 승계·분양권 이슈는 일반 매매와 서류가 다릅니다. 동래 법무사 상담 시에는 등기와 별도로 미수 관리비·채무에 대한 지급명령 필요 여부도 함께 짚어 드립니다. 동래역 인근에서 상속등기를 미루다가 상속포기·한정승인 3개월 기한을 놓치는 경우가 있습니다. 재건축 조합원 지위 승계·분양권 이슈는 일반 매매와 서류가 다릅니다. 동래 법무사 상담 시에는 등기와 별도로 미수 관리비·채무에 대한 지급명령 필요 여부도 함께 짚어 드립니다. 동래역 법무사 상담은 1호선·동해선 환승역 인근 낙민동·온천동·명륜동 주거지의 상속·매매·재건축 관련 등기 수요에 맞춰 진행합니다. 온천장·사직야구장 인근 오래된 아파트는 상속과 재건축 단계가 겹치는 사례가 있습니다. 동래역 생활권에서는 채무 문제로 지급명령을 검토하면서 동시에 부모님 명의 부동산 상속을 준비하시는 경우도 있습니다. 다옴법무사사무소가 절,404,9a99c2fe47a9fd1d
/동부지원상속등기,동부지원 상속등기 관련 문의는 검색 키워드만으로 절차가 결정되지 않는 경우가 많습니다. 피상속인 사망 후 부동산·토지 등기명의를 상속인 명의로 이전하는 절차입니다. 부산 전역 아파트·상가·토지 상속 사건을 다룹니다. 부산광역시 전역 상속등기·부동산등기·법인등기·개인회생·파산 등 법무사 업무를 다루는 핵심 지역입니다. 다옴법무사사무소는 상황을 듣고 다음 단계부터 정리합니다. 동부지원 상속등기 관련 문의는 검색 키워드만으로 절차가 결정되지 않는 경우가 많습니다. 피상속인 사망 후 부동산·토지 등기명의를 상속인 명의로 이전하는 절차입니다. 부산 전역 아파트·상가·토지 상속 사건을 다룹니다. 부산광역시 전역 상속등기·부동산등기·법인등기·개인회생·파산 등 법무사 업무를 다루는 핵심 지역입니다. 다옴법무사사무소는 상황을 듣고 다음 단계부터 정리합니다. 부산광역시 전역 상속등기·부동산등기·법인등기·개인회생·파산 등 법무사 업무를 다루는 핵심 지역입니다. 피상속인 사망 후 부동산·토지 등기명의를 ,493,99862de48d6d3f67
/동삼동법무사,"동삼동에서는 ‘영도에 가야만 상속등기가 되냐’, ‘영선동 집을 팔려면 형제가 모두 와야 하냐’, ‘청학동 주택에 근저당이 남아 있다’는 문의가 있습니다. 많은 서류는 발급·위임으로 맞출 수 있고, 필수 방문은 사건별로 달라집니다. 공동상속 매도는 전원 서류가 맞아야 잔금이 가능합니다. 근저당이 남아 있으면 상속등기만으로 대출이 사라지지 않으므로, 말소·승계·매도 중 어떤 경로인지 금융기관과 맞춰 일정을 잡습니다. 동삼동에서는 동삼·영선·청학의 영도 주거와 해양·조선 배후 생활권를 볼 때 섬·연륙 주거의 상속과 원격 서류 준비를 가족관계·협의서·등기부·위임·인감 서류와 맞춰 확인합니다. 다옴법무사사무소는 해운대 센텀에서 상담합니다. 동삼동에서는 ‘영도에 가야만 상속등기가 되냐’, ‘영선동 집을 팔려면 형제가 모두 와야 하냐’, ‘청학동 주택에 근저당이 남아 있다’는 문의가 있습니다. 많은 서류는 발급·위임으로 맞출 수 있고, 필수 방문은 사건별로 달라집니다. 공동상속 매도는 전원 서류",462,a10689e5b161031b
/등기관할과사무소위치,"다른 구에 사시거나, 부동산만 기장·서구·영도에 있는 경우 ‘우리 동네 법무사를 찾아야 하나’가 먼저 걸립니다. 등기 신청은 의뢰인 거주지보다 부동산 소재지·법인 본점 소재지를 기준으로 관할 등기소가 정해지는 경우가 많습니다. 법무사 사무소가 그 등기소 건물에 있어야 접수가 되는 것은 아닙니다. 다른 구에 사시거나, 부동산만 기장·서구·영도에 있는 경우 ‘우리 동네 법무사를 찾아야 하나’가 먼저 걸립니다. 등기 신청은 의뢰인 거주지보다 부동산 소재지·법인 본점 소재지를 기준으로 관할 등기소가 정해지는 경우가 많습니다. 법무사 사무소가 그 등기소 건물에 있어야 접수가 되는 것은 아닙니다. 다른 구에 사시거나, 부동산만 기장·서구·영도에 있는 경우 ‘우리 동네 법무사를 찾아야 하나’가 먼저 걸립니다. 등기 신청은 의뢰인 거주지보다 부동산 소재지·법인 본점 소재지를 기준으로 관할 등기소가 정해지는 경우가 많습니다. 법무사 사무소가 그 등기소 건물에 있어야 접수가 되는 것은 아닙니다. 상담",308,e3ea3533a4184095
/등기권리증없이소유권이전,"매도 계약은 됐는데 등기권리증(등기필증)을 찾지 못하거나, 공동명의 중 누가 보관했는지 모를 때 ‘권리증 없으면 못 판다’고 검색하는 경우가 많습니다. 권리증 분실만으로 소유권이 사라지지는 않습니다. 다만 소유권이전등기 신청 실무에서 확인서면 등 대체 준비와 일정 조율이 필요할 수 있습니다. 매도 계약은 됐는데 등기권리증(등기필증)을 찾지 못하거나, 공동명의 중 누가 보관했는지 모를 때 ‘권리증 없으면 못 판다’고 검색하는 경우가 많습니다. 권리증 분실만으로 소유권이 사라지지는 않습니다. 다만 소유권이전등기 신청 실무에서 확인서면 등 대체 준비와 일정 조율이 필요할 수 있습니다. 매도 계약은 됐는데 등기권리증(등기필증)을 찾지 못하거나, 공동명의 중 누가 보관했는지 모를 때 ‘권리증 없으면 못 판다’고 검색하는 경우가 많습니다. 권리증 분실만으로 소유권이 사라지지는 않습니다. 다만 소유권이전등기 신청 실무에서 확인서면 등 대체 준비와 일정 조율이 필요할 수 있습니다. 상담 시 확인하",246,24296613ac1d9fe3
/등기보정,"등기 보정 검색 시, 키워드만 보고 결정하기보다 등기 보정 대응에 맞는 서류·기한·관할·비용을 먼저 확인하는 것이 안전합니다. 등기 보정 검색 시, 키워드만 보고 결정하기보다 등기 보정 대응에 맞는 서류·기한·관할·비용을 먼저 확인하는 것이 안전합니다. 등기 보정 검색 시, 키워드만 보고 결정하기보다 등기 보정 대응에 맞는 서류·기한·관할·비용을 먼저 확인하는 것이 안전합니다. 상담 시 확인하는 내용 등기 보정 사건은 서류·관할·기한에 따라 진행 순서가 달라집니다. 다옴법무사사무소는 부산 해운대구·센텀에서 상속등기·부동산등기·법인등기·개인회생·파산 등을 다루며, 의뢰인 상황에 맞춰 절차와 비용을 알기 쉽게 설명합니다. 불확실한 부분은 추측으로 단정하지 않고, 확인된 사실을 바탕으로 안내드립니다. 전화·카카오톡·네이버 톡톡으로 간단히 상황을 남겨 주시면 필요한 준비부터 차분히 정리해 드리겠습니다. 등기 보정 검색 시 무엇을 먼저 확인해야 하나요? 등기 보정는 보통 ‘견적만’이 아니라 ",282,bf0675ee6ff5f96c
/등기복대리,"등기 복대리 검색 시, 키워드만 보고 결정하기보다 등기 복대리 실무에 맞는 서류·기한·관할·비용을 먼저 확인하는 것이 안전합니다. 등기 복대리 검색 시, 키워드만 보고 결정하기보다 등기 복대리 실무에 맞는 서류·기한·관할·비용을 먼저 확인하는 것이 안전합니다. 등기 복대리 검색 시, 키워드만 보고 결정하기보다 등기 복대리 실무에 맞는 서류·기한·관할·비용을 먼저 확인하는 것이 안전합니다. 상담 시 확인하는 내용 등기 복대리 사건은 서류·관할·기한에 따라 진행 순서가 달라집니다. 다옴법무사사무소는 부산 해운대구·센텀에서 상속등기·부동산등기·법인등기·개인회생·파산 등을 다루며, 의뢰인 상황에 맞춰 절차와 비용을 알기 쉽게 설명합니다. 불확실한 부분은 추측으로 단정하지 않고, 확인된 사실을 바탕으로 안내드립니다. 전화·카카오톡·네이버 톡톡으로 간단히 상황을 남겨 주시면 필요한 준비부터 차분히 정리해 드리겠습니다. 등기 복대리 검색 시 무엇을 먼저 확인해야 하나요? 등기 복대리는 보통 ‘견",282,a23f4d4371a37bfc
/등기부존재실제건물없음,"실제 건물이 없는데 등기부만 남은 경우, 동일 부동산 여부부터 확정한 뒤 경위에 맞는 멸실등기로 공시를 맞춥니다. 거래·감정 전에 불일치를 해소하는 것이 안전합니다. 실제 건물이 없는데 등기부만 남은 경우, 동일 부동산 여부부터 확정한 뒤 경위에 맞는 멸실등기로 공시를 맞춥니다. 거래·감정 전에 불일치를 해소하는 것이 안전합니다. 실제 건물이 없는데 등기부 표제만 남은 상태는 매매·감정·담보·이웃 분쟁에서 ‘유령 건물’로 불립니다. 원인에 맞는 멸실·정리 절차가 필요합니다. 비용 안내 비용은 경위 증빙 확보 난이도, 장기 방치로 인한 추가 조사, 잔존 권리 말소 여부 등에 따라 달라질 수 있습니다. 관할·접근 안내 부동산 소재지 관할 등기소 기준으로 접수하며, 부산 해운대·센텀 다옴법무사사무소에서 상담·수임을 진행합니다. 사무소: 부산광역시 해운대구 센텀동로 200 D동 1층 LAB9호 법무사는 부동산등기(건물·토지) 신청·서류 작성·접수 대리 등 등기 관련 업무를 지원합니다. 건축",269,d3b9adb3c429c9f7
/등기비용,"등기비용은 매매 취득세 구조와 말소·표시변경이 같지 않습니다. 원인별 안내는 부동산등기 비용·소유권이전 비용 페이지로 이어갑니다. 등기비용은 매매 취득세 구조와 말소·표시변경이 같지 않습니다. 원인별 안내는 부동산등기 비용·소유권이전 비용 페이지로 이어갑니다. 등기비용은 매매 취득세 구조와 말소·표시변경이 같지 않습니다. 원인별 안내는 부동산등기 비용·소유권이전 비용 페이지로 이어갑니다. 등기 비용은 원인부터 나눠 보는 것이 정확합니다 매매 이전·상속·증여·말소는 세금·수수료 구조가 다릅니다. 전국형 검색어 ‘등기비용’의 대표 안내는 부동산등기 비용 페이지이며, 이 주소는 원인을 고르기 위한 보조 안내입니다. 상담 시 확인하는 내용 등기 비용 사건은 서류·관할·기한에 따라 진행 순서가 달라집니다. 다옴법무사사무소는 부산 해운대구·센텀에서 상속등기·부동산등기·법인등기·개인회생·파산 등을 다루며, 의뢰인 상황에 맞춰 절차와 비용을 알기 쉽게 설명합니다. 불확실한 부분은 추측으로 단정하지",314,6a77430efa828f99
/등기서류상담,"업무마다 서류가 다릅니다. 상황을 고르시면 체크리스트 방향으로 안내드립니다. 없어도 상담할 수 있습니다. 업무마다 서류가 다릅니다. 상황을 고르시면 체크리스트 방향으로 안내드립니다. 없어도 상담할 수 있습니다. 업무마다 서류가 다릅니다. 상황을 고르시면 체크리스트 방향으로 안내드립니다. 없어도 상담할 수 있습니다. 비용 안내 상담 문의 자체는 상황 확인을 위한 것이며, 수임료·공과금은 사건 확인 후 구분해 안내합니다. 관할·접근 안내 남겨주신 상황을 확인한 뒤 관할·서류·절차를 안내합니다. 확정 견적은 사건 확인 후입니다. 상담 목적 있으면 관련 서류 법무사 의견 업무명을 몰라도, 서류가 없어도 현재 상황만 알려 주시면 됩니다. 필요한 절차를 확인한 뒤 안내드립니다. 상담 시 확인하는 내용 등기 서류 상담 사건은 서류·관할·기한에 따라 진행 순서가 달라집니다. 다옴법무사사무소는 부산 해운대구·센텀에서 상속등기·부동산등기·법인등기·개인회생·파산 등을 다루며, 의뢰인 상황에 맞춰 절차와",180,5bfa81b76353378a
/등기소근처법무사,"등기소 근처 법무사를 찾는 경우에는 사무소가 등기소와 가까운지보다, 해당 부동산·법인의 관할 등기소와 전자등기 가능 여부를 먼저 확인하는 것이 실무에 맞습니다. 등기소 근처 법무사를 찾는 경우에는 사무소가 등기소와 가까운지보다, 해당 부동산·법인의 관할 등기소와 전자등기 가능 여부를 먼저 확인하는 것이 실무에 맞습니다. 부산에서 특정 등기소 위치가 아니라 실제 등기업무를 맡길 법무사를 찾고 있다면 부산 등기 법무사 종합 안내에서 업무별 절차를 확인할 수 있습니다. 등기업무를 맡길 법무사를 찾는다면 부산에서 특정 등기소 위치가 아니라 실제 등기업무를 맡길 법무사를 찾고 있다면 부산 등기 법무사 종합 안내에서 업무별 절차를 확인할 수 있습니다. 등기소와 가까워야 하나요 모든 등기가 등기소 방문으로 끝나지는 않습니다. 전자등기가 가능한 사건은 관할만 맞으면 방문 없이 접수할 수 있고, 보정·열람·당사자 확인이 있으면 방문이 필요할 수 있습니다. 위치보다 관할·서류·접수 방식이 먼저입니다.",278,7460f543d440d0fd
/등기소어디인가요,"등기소 어디인가요 검색 시, 키워드만 보고 결정하기보다 관할 등기소 확인에 맞는 서류·기한·관할·비용을 먼저 확인하는 것이 안전합니다. 등기소 어디인가요 검색 시, 키워드만 보고 결정하기보다 관할 등기소 확인에 맞는 서류·기한·관할·비용을 먼저 확인하는 것이 안전합니다. 등기소 어디인가요 검색 시, 키워드만 보고 결정하기보다 관할 등기소 확인에 맞는 서류·기한·관할·비용을 먼저 확인하는 것이 안전합니다. 상담 시 확인하는 내용 등기소 어디인가요 사건은 서류·관할·기한에 따라 진행 순서가 달라집니다. 다옴법무사사무소는 부산 해운대구·센텀에서 상속등기·부동산등기·법인등기·개인회생·파산 등을 다루며, 의뢰인 상황에 맞춰 절차와 비용을 알기 쉽게 설명합니다. 불확실한 부분은 추측으로 단정하지 않고, 확인된 사실을 바탕으로 안내드립니다. 전화·카카오톡·네이버 톡톡으로 간단히 상황을 남겨 주시면 필요한 준비부터 차분히 정리해 드리겠습니다. 등기소 어디인가요 검색 시 무엇을 먼저 확인해야 하나요",282,3de60d30062eca18
/등기소제출,"등기소 제출 검색 시, 키워드만 보고 결정하기보다 등기소 제출·접수에 맞는 서류·기한·관할·비용을 먼저 확인하는 것이 안전합니다. 등기소 제출 검색 시, 키워드만 보고 결정하기보다 등기소 제출·접수에 맞는 서류·기한·관할·비용을 먼저 확인하는 것이 안전합니다. 등기소 제출 검색 시, 키워드만 보고 결정하기보다 등기소 제출·접수에 맞는 서류·기한·관할·비용을 먼저 확인하는 것이 안전합니다. 상담 시 확인하는 내용 등기소 제출 사건은 서류·관할·기한에 따라 진행 순서가 달라집니다. 다옴법무사사무소는 부산 해운대구·센텀에서 상속등기·부동산등기·법인등기·개인회생·파산 등을 다루며, 의뢰인 상황에 맞춰 절차와 비용을 알기 쉽게 설명합니다. 불확실한 부분은 추측으로 단정하지 않고, 확인된 사실을 바탕으로 안내드립니다. 전화·카카오톡·네이버 톡톡으로 간단히 상황을 남겨 주시면 필요한 준비부터 차분히 정리해 드리겠습니다. 등기소 제출 검색 시 무엇을 먼저 확인해야 하나요? 등기소 제출는 보통 ‘견",276,6069009b33bc45eb
/등기신청대행,"등기신청 대행 검색 시, 키워드만 보고 결정하기보다 등기신청 대행에 맞는 서류·기한·관할·비용을 먼저 확인하는 것이 안전합니다. 등기신청 대행 검색 시, 키워드만 보고 결정하기보다 등기신청 대행에 맞는 서류·기한·관할·비용을 먼저 확인하는 것이 안전합니다. 등기신청 대행 검색 시, 키워드만 보고 결정하기보다 등기신청 대행에 맞는 서류·기한·관할·비용을 먼저 확인하는 것이 안전합니다. 상담 시 확인하는 내용 등기신청 대행 사건은 서류·관할·기한에 따라 진행 순서가 달라집니다. 다옴법무사사무소는 부산 해운대구·센텀에서 상속등기·부동산등기·법인등기·개인회생·파산 등을 다루며, 의뢰인 상황에 맞춰 절차와 비용을 알기 쉽게 설명합니다. 불확실한 부분은 추측으로 단정하지 않고, 확인된 사실을 바탕으로 안내드립니다. 전화·카카오톡·네이버 톡톡으로 간단히 상황을 남겨 주시면 필요한 준비부터 차분히 정리해 드리겠습니다. 등기신청 대행 검색 시 무엇을 먼저 확인해야 하나요? 등기신청 대행는 보통 ‘견",276,4fb7655eb2dda683
/등기신청반려와보정,"등기를 넣었는데 보정명령·반려 통지를 받으면 당황하기 쉽습니다. ‘셀프가 틀렸다’는 자책보다, 어떤 항목이 지적됐는지 표로 나누는 것이 빠릅니다. 등기를 넣었는데 보정명령·반려 통지를 받으면 당황하기 쉽습니다. ‘셀프가 틀렸다’는 자책보다, 어떤 항목이 지적됐는지 표로 나누는 것이 빠릅니다. 등기를 넣었는데 보정명령·반려 통지를 받으면 당황하기 쉽습니다. ‘셀프가 틀렸다’는 자책보다, 어떤 항목이 지적됐는지 표로 나누는 것이 빠릅니다. 상담 시 확인하는 내용 등기신청 반려와 보정 사건은 서류·관할·기한에 따라 진행 순서가 달라집니다. 다옴법무사사무소는 부산 해운대구·센텀에서 상속등기·부동산등기·법인등기·개인회생·파산 등을 다루며, 의뢰인 상황에 맞춰 절차와 비용을 알기 쉽게 설명합니다. 불확실한 부분은 추측으로 단정하지 않고, 확인된 사실을 바탕으로 안내드립니다. 전화·카카오톡·네이버 톡톡으로 간단히 상황을 남겨 주시면 필요한 준비부터 차분히 정리해 드리겠습니다. 보정과 반려는 같은",183,6283c01624e13206
/등기실무,"등기 실무 안내 검색 시, 키워드만 보고 결정하기보다 등기 실무 허브에 맞는 서류·기한·관할·비용을 먼저 확인하는 것이 안전합니다. 등기 실무 안내 검색 시, 키워드만 보고 결정하기보다 등기 실무 허브에 맞는 서류·기한·관할·비용을 먼저 확인하는 것이 안전합니다. 등기 실무 안내 검색 시, 키워드만 보고 결정하기보다 등기 실무 허브에 맞는 서류·기한·관할·비용을 먼저 확인하는 것이 안전합니다. 상담 시 확인하는 내용 등기 실무 안내 사건은 서류·관할·기한에 따라 진행 순서가 달라집니다. 다옴법무사사무소는 부산 해운대구·센텀에서 상속등기·부동산등기·법인등기·개인회생·파산 등을 다루며, 의뢰인 상황에 맞춰 절차와 비용을 알기 쉽게 설명합니다. 불확실한 부분은 추측으로 단정하지 않고, 확인된 사실을 바탕으로 안내드립니다. 전화·카카오톡·네이버 톡톡으로 간단히 상황을 남겨 주시면 필요한 준비부터 차분히 정리해 드리겠습니다. 등기 실무 안내 검색 시 무엇을 먼저 확인해야 하나요? 등기 실무 ",289,7cde6820e8a895fa
/등기어디서하나요,"등기 어디서 하나요 검색 시, 키워드만 보고 결정하기보다 등기 관할·장소에 맞는 서류·기한·관할·비용을 먼저 확인하는 것이 안전합니다. 등기 어디서 하나요 검색 시, 키워드만 보고 결정하기보다 등기 관할·장소에 맞는 서류·기한·관할·비용을 먼저 확인하는 것이 안전합니다. 등기 어디서 하나요 검색 시, 키워드만 보고 결정하기보다 등기 관할·장소에 맞는 서류·기한·관할·비용을 먼저 확인하는 것이 안전합니다. 상담 시 확인하는 내용 등기 어디서 하나요 사건은 서류·관할·기한에 따라 진행 순서가 달라집니다. 다옴법무사사무소는 부산 해운대구·센텀에서 상속등기·부동산등기·법인등기·개인회생·파산 등을 다루며, 의뢰인 상황에 맞춰 절차와 비용을 알기 쉽게 설명합니다. 불확실한 부분은 추측으로 단정하지 않고, 확인된 사실을 바탕으로 안내드립니다. 전화·카카오톡·네이버 톡톡으로 간단히 상황을 남겨 주시면 필요한 준비부터 차분히 정리해 드리겠습니다. 등기 어디서 하나요 검색 시 무엇을 먼저 확인해야 하",283,e848e6d6ce51ecb5
/등기언제끝나나요,"등기 언제 끝나나요 검색 시, 키워드만 보고 결정하기보다 등기 완료 시점에 맞는 서류·기한·관할·비용을 먼저 확인하는 것이 안전합니다. 등기 언제 끝나나요 검색 시, 키워드만 보고 결정하기보다 등기 완료 시점에 맞는 서류·기한·관할·비용을 먼저 확인하는 것이 안전합니다. 등기 언제 끝나나요 검색 시, 키워드만 보고 결정하기보다 등기 완료 시점에 맞는 서류·기한·관할·비용을 먼저 확인하는 것이 안전합니다. 상담 시 확인하는 내용 등기 언제 끝나나요 사건은 서류·관할·기한에 따라 진행 순서가 달라집니다. 다옴법무사사무소는 부산 해운대구·센텀에서 상속등기·부동산등기·법인등기·개인회생·파산 등을 다루며, 의뢰인 상황에 맞춰 절차와 비용을 알기 쉽게 설명합니다. 불확실한 부분은 추측으로 단정하지 않고, 확인된 사실을 바탕으로 안내드립니다. 전화·카카오톡·네이버 톡톡으로 간단히 상황을 남겨 주시면 필요한 준비부터 차분히 정리해 드리겠습니다. 등기 언제 끝나나요 검색 시 무엇을 먼저 확인해야 하",289,36fc5fa204cf8106
/등기얼마나걸리나요,"등기 얼마나 걸리나요 검색 시, 키워드만 보고 결정하기보다 등기 소요 기간에 맞는 서류·기한·관할·비용을 먼저 확인하는 것이 안전합니다. 등기 얼마나 걸리나요 검색 시, 키워드만 보고 결정하기보다 등기 소요 기간에 맞는 서류·기한·관할·비용을 먼저 확인하는 것이 안전합니다. 등기 얼마나 걸리나요 검색 시, 키워드만 보고 결정하기보다 등기 소요 기간에 맞는 서류·기한·관할·비용을 먼저 확인하는 것이 안전합니다. 상담 시 확인하는 내용 등기 얼마나 걸리나요 사건은 서류·관할·기한에 따라 진행 순서가 달라집니다. 다옴법무사사무소는 부산 해운대구·센텀에서 상속등기·부동산등기·법인등기·개인회생·파산 등을 다루며, 의뢰인 상황에 맞춰 절차와 비용을 알기 쉽게 설명합니다. 불확실한 부분은 추측으로 단정하지 않고, 확인된 사실을 바탕으로 안내드립니다. 전화·카카오톡·네이버 톡톡으로 간단히 상황을 남겨 주시면 필요한 준비부터 차분히 정리해 드리겠습니다. 등기 얼마나 걸리나요 검색 시 무엇을 먼저 확",289,de08ced0e6df9240
/등기완료기간,"등기 완료기간 검색 시, 키워드만 보고 결정하기보다 등기 완료·처리 기간에 맞는 서류·기한·관할·비용을 먼저 확인하는 것이 안전합니다. 등기 완료기간 검색 시, 키워드만 보고 결정하기보다 등기 완료·처리 기간에 맞는 서류·기한·관할·비용을 먼저 확인하는 것이 안전합니다. 등기 완료기간 검색 시, 키워드만 보고 결정하기보다 등기 완료·처리 기간에 맞는 서류·기한·관할·비용을 먼저 확인하는 것이 안전합니다. 상담 시 확인하는 내용 등기 완료기간 사건은 서류·관할·기한에 따라 진행 순서가 달라집니다. 다옴법무사사무소는 부산 해운대구·센텀에서 상속등기·부동산등기·법인등기·개인회생·파산 등을 다루며, 의뢰인 상황에 맞춰 절차와 비용을 알기 쉽게 설명합니다. 불확실한 부분은 추측으로 단정하지 않고, 확인된 사실을 바탕으로 안내드립니다. 전화·카카오톡·네이버 톡톡으로 간단히 상황을 남겨 주시면 필요한 준비부터 차분히 정리해 드리겠습니다. 등기 완료기간 검색 시 무엇을 먼저 확인해야 하나요? 등기",282,160fe86a9a91c2e6
/등기접수,"등기 접수 검색 시, 키워드만 보고 결정하기보다 등기 접수 절차에 맞는 서류·기한·관할·비용을 먼저 확인하는 것이 안전합니다. 등기 접수 검색 시, 키워드만 보고 결정하기보다 등기 접수 절차에 맞는 서류·기한·관할·비용을 먼저 확인하는 것이 안전합니다. 등기 접수 검색 시, 키워드만 보고 결정하기보다 등기 접수 절차에 맞는 서류·기한·관할·비용을 먼저 확인하는 것이 안전합니다. 상담 시 확인하는 내용 등기 접수 사건은 서류·관할·기한에 따라 진행 순서가 달라집니다. 다옴법무사사무소는 부산 해운대구·센텀에서 상속등기·부동산등기·법인등기·개인회생·파산 등을 다루며, 의뢰인 상황에 맞춰 절차와 비용을 알기 쉽게 설명합니다. 불확실한 부분은 추측으로 단정하지 않고, 확인된 사실을 바탕으로 안내드립니다. 전화·카카오톡·네이버 톡톡으로 간단히 상황을 남겨 주시면 필요한 준비부터 차분히 정리해 드리겠습니다. 등기 접수 검색 시 무엇을 먼저 확인해야 하나요? 등기 접수는 보통 ‘견적만’이 아니라 ",282,87bed1e002377207
/등기준비서류,"등기 준비서류 검색 시, 키워드만 보고 결정하기보다 등기 준비서류에 맞는 서류·기한·관할·비용을 먼저 확인하는 것이 안전합니다. 등기 준비서류 검색 시, 키워드만 보고 결정하기보다 등기 준비서류에 맞는 서류·기한·관할·비용을 먼저 확인하는 것이 안전합니다. 등기 준비서류 검색 시, 키워드만 보고 결정하기보다 등기 준비서류에 맞는 서류·기한·관할·비용을 먼저 확인하는 것이 안전합니다. 상담 시 확인하는 내용 등기 준비서류 사건은 서류·관할·기한에 따라 진행 순서가 달라집니다. 다옴법무사사무소는 부산 해운대구·센텀에서 상속등기·부동산등기·법인등기·개인회생·파산 등을 다루며, 의뢰인 상황에 맞춰 절차와 비용을 알기 쉽게 설명합니다. 불확실한 부분은 추측으로 단정하지 않고, 확인된 사실을 바탕으로 안내드립니다. 전화·카카오톡·네이버 톡톡으로 간단히 상황을 남겨 주시면 필요한 준비부터 차분히 정리해 드리겠습니다. 등기 준비서류 검색 시 무엇을 먼저 확인해야 하나요? 등기 준비서류는 보통 ‘견",276,2b94e0583f411795
/등기처리기간,"등기 처리기간 검색 시, 키워드만 보고 결정하기보다 등기 처리기간에 맞는 서류·기한·관할·비용을 먼저 확인하는 것이 안전합니다. 등기 처리기간 검색 시, 키워드만 보고 결정하기보다 등기 처리기간에 맞는 서류·기한·관할·비용을 먼저 확인하는 것이 안전합니다. 등기 처리기간 검색 시, 키워드만 보고 결정하기보다 등기 처리기간에 맞는 서류·기한·관할·비용을 먼저 확인하는 것이 안전합니다. 상담 시 확인하는 내용 등기 처리기간 사건은 서류·관할·기한에 따라 진행 순서가 달라집니다. 다옴법무사사무소는 부산 해운대구·센텀에서 상속등기·부동산등기·법인등기·개인회생·파산 등을 다루며, 의뢰인 상황에 맞춰 절차와 비용을 알기 쉽게 설명합니다. 불확실한 부분은 추측으로 단정하지 않고, 확인된 사실을 바탕으로 안내드립니다. 전화·카카오톡·네이버 톡톡으로 간단히 상황을 남겨 주시면 필요한 준비부터 차분히 정리해 드리겠습니다. 등기 처리기간 검색 시 무엇을 먼저 확인해야 하나요? 등기 처리기간는 보통 ‘견",276,26fbd359c2584fee
/등록면허세,"등록면허세 검색 시, 키워드만 보고 결정하기보다 등록면허세 납부에 맞는 서류·기한·관할·비용을 먼저 확인하는 것이 안전합니다. 등록면허세 검색 시, 키워드만 보고 결정하기보다 등록면허세 납부에 맞는 서류·기한·관할·비용을 먼저 확인하는 것이 안전합니다. 등록면허세 검색 시, 키워드만 보고 결정하기보다 등록면허세 납부에 맞는 서류·기한·관할·비용을 먼저 확인하는 것이 안전합니다. 상담 시 확인하는 내용 등록면허세 사건은 서류·관할·기한에 따라 진행 순서가 달라집니다. 다옴법무사사무소는 부산 해운대구·센텀에서 상속등기·부동산등기·법인등기·개인회생·파산 등을 다루며, 의뢰인 상황에 맞춰 절차와 비용을 알기 쉽게 설명합니다. 불확실한 부분은 추측으로 단정하지 않고, 확인된 사실을 바탕으로 안내드립니다. 전화·카카오톡·네이버 톡톡으로 간단히 상황을 남겨 주시면 필요한 준비부터 차분히 정리해 드리겠습니다. 등록면허세 검색 시 무엇을 먼저 확인해야 하나요? 등록면허세는 보통 ‘견적만’이 아니라 ",269,b62cbbf8fbc128fc
/디지털법률교육,"게시글·채팅·거래·AI 사용에서 생길 수 있는 법적 리스크를 예방 관점으로 안내합니다. 게시글·채팅·거래·AI 사용에서 생길 수 있는 법적 리스크를 예방 관점으로 안내합니다. 게시글·채팅·거래·AI 사용에서 생길 수 있는 법적 리스크를 예방 관점으로 안내합니다. 상담 시 확인하는 내용 부산 디지털 법률교육 사건은 서류·관할·기한에 따라 진행 순서가 달라집니다. 다옴법무사사무소는 부산 해운대구·센텀에서 상속등기·부동산등기·법인등기·개인회생·파산 등을 다루며, 의뢰인 상황에 맞춰 절차와 비용을 알기 쉽게 설명합니다. 불확실한 부분은 추측으로 단정하지 않고, 확인된 사실을 바탕으로 안내드립니다. 전화·카카오톡·네이버 톡톡으로 간단히 상황을 남겨 주시면 필요한 준비부터 차분히 정리해 드리겠습니다. 경찰·공공 공식 예방교육을 대체하나요? 아니요. 생활법률 예방 안내입니다. 딥페이크·AI까지 다루나요? 기초 주의점 수준으로 다룰 수 있으며, 기술·법령 변화는 시점 기준으로 설명합니다. 청소년용",147,98e13ca2f9fa01bb
/망미동법무사,"망미동의 부동산 상담에서는 ‘부모님 빌라를 상속받았는데 토지 지분이 복잡하다’, ‘망미역 근처 아파트를 팔면서 대출을 먼저 갚아야 하나’, ‘형제 공동명의를 정리한 뒤 임대할지 매도할지 고민된다’는 질문이 나옵니다. 다세대·빌라는 건물만 보지 않고 대지권과 등기부 표시를 확인해야 하며, 오래된 부동산일수록 과거 주소·명의 변동이 서류와 맞지 않는 경우가 있습니다. 상속인 사이에서 바로 매도하기로 하더라도 등기상 처분 권한을 갖추는 절차를 검토해야 하고, 임차인이 있으면 보증금 반환·계약 승계 조건도 계약서에 반영되어야 합니다. 근저당이 남은 매매는 매수인에게 이전될 위험을 줄이기 위해 말소 시점과 서류를 확인합니다. 상담은 수영구 내 다른 해안 상권과 구별하여 망미동 주거 부동산의 실제 권리관계, 가족 협의, 매도 일정에 맞춰 진행합니다. 망미동에서는 망미역·수영강 주변의 빌라·다세대와 아파트를 볼 때 토지 지분 확인과 공동명의 처분 계획의 결정를 토지·건물 등기부·임대차계약서·지분",648,d75461aa919ad9fa
/멸실등기없이토지매도,"멸실등기 없이 토지만 이전하려 하면 잔존 건물 공시가 매매·대출을 막을 수 있습니다. 잔금 일정에 맞춰 멸실(및 필요 시 담보 말소)을 먼저 또는 동시에 설계하는 것이 안전합니다. 멸실등기 없이 토지만 이전하려 하면 잔존 건물 공시가 매매·대출을 막을 수 있습니다. 잔금 일정에 맞춰 멸실(및 필요 시 담보 말소)을 먼저 또는 동시에 설계하는 것이 안전합니다. 철거된 토지를 매도할 때 건물 등기부가 살아 있으면, 잔금·소유권이전 단계에서 매수인·대출 심사가 걸릴 수 있습니다. 비용 안내 비용은 잔금일까지 남은 기간, 담보 말소 동반 여부, 특약 위반·일정 변경 리스크에 따른 긴급 처리 등에 따라 달라질 수 있습니다. 관할·접근 안내 부동산 소재지 관할 등기소 기준으로 접수하며, 부산 해운대·센텀 다옴법무사사무소에서 상담·수임을 진행합니다. 사무소: 부산광역시 해운대구 센텀동로 200 D동 1층 LAB9호 법무사는 부동산등기(건물·토지) 신청·서류 작성·접수 대리 등 등기 관련 업무를 ",281,34a76f6ecf4ca565
/명례산업단지법인등기,"명례일반산업단지 일대에서 명례산업단지 법인등기 수요가 꾸준합니다. 기장군 명례 일반산업단지 80여 개 기업 창업·입주·투자 유치 과정에서 법인 설립등기·임원변경·본점 이전등기가 필요한 경우가 많습니다. 명례일반산업단지, 기장군 인근 기업·스타트업·전문서비스 업체가 문의하시는 법인등기 절차를 다옴법무사사무소가 상담·진행합니다. 정관·주주총회 결의·등기신청서 작성 오류는 보정과 지연으로 이어질 수 있어 사전 점검이 중요합니다. 명례일반산업단지 일대에서 명례산업단지 법인등기 수요가 꾸준합니다. 기장군 명례 일반산업단지 80여 개 기업 창업·입주·투자 유치 과정에서 법인 설립등기·임원변경·본점 이전등기가 필요한 경우가 많습니다. 명례일반산업단지, 기장군 인근 기업·스타트업·전문서비스 업체가 문의하시는 법인등기 절차를 다옴법무사사무소가 상담·진행합니다. 정관·주주총회 결의·등기신청서 작성 오류는 보정과 지연으로 이어질 수 있어 사전 점검이 중요합니다. 명례일반산업단지, 기장군 인근 기업·스타",270,ce2ee255203123e8
/명례산업단지임원변경등기,명례산업단지 임원변경등기 문의는 소재지·채무·협의 상태에 따라 준비 순서가 달라집니다. 기장군 명례일반산업단지 제조·물류 법인 등기 수요가 있습니다. 대표이사·이사·감사 변경에 따른 법인 등기입니다. 결의일로부터 등기 기한 준수가 중요합니다. 상담 시 서류·일정·비용 범위를 항목별로 안내합니다. 명례산업단지 임원변경등기 문의는 소재지·채무·협의 상태에 따라 준비 순서가 달라집니다. 기장군 명례일반산업단지 제조·물류 법인 등기 수요가 있습니다. 대표이사·이사·감사 변경에 따른 법인 등기입니다. 결의일로부터 등기 기한 준수가 중요합니다. 상담 시 서류·일정·비용 범위를 항목별로 안내합니다. 기장군 명례일반산업단지 제조·물류 법인 등기 수요가 있습니다. 대표이사·이사·감사 변경에 따른 법인 등기입니다. 결의일로부터 등기 기한 준수가 중요합니다. 법인설립·등기 이미 소송·가압류가 있으면 등기 가능 시점부터 다시 설계합니다. 단순 매매 일정과 섞지 않습니다. 회생·파산 경로에서는 소득·재산·,449,e5b02cccbd5bafce
/명지국제신도시법인등기,명지국제신도시 일대에서 명지국제신도시 법인등기 수요가 꾸준합니다. 신도시 입주 기업·상가 법인 창업·입주·투자 유치 과정에서 법인 설립등기·임원변경·본점 이전등기가 필요한 경우가 많습니다. 명지국제신도시 인근 기업·스타트업·전문서비스 업체가 문의하시는 법인설립등기 절차를 다옴법무사사무소가 상담·진행합니다. 정관·주주총회 결의·등기신청서 작성 오류는 보정과 지연으로 이어질 수 있어 사전 점검이 중요합니다. 명지국제신도시 일대에서 명지국제신도시 법인등기 수요가 꾸준합니다. 신도시 입주 기업·상가 법인 창업·입주·투자 유치 과정에서 법인 설립등기·임원변경·본점 이전등기가 필요한 경우가 많습니다. 명지국제신도시 인근 기업·스타트업·전문서비스 업체가 문의하시는 법인설립등기 절차를 다옴법무사사무소가 상담·진행합니다. 정관·주주총회 결의·등기신청서 작성 오류는 보정과 지연으로 이어질 수 있어 사전 점검이 중요합니다. 명지국제신도시 인근 기업·스타트업·전문서비스 업체가 문의하시는 법인설립등기 절차,297,b5f53972b2e4b191
/명지동법무사,"명지동 법무사를 찾으시면 기존 명지 주거·토지·어촌 생활권의 매매·상속등기를 이 페이지에서 연결하시면 됩니다. 명지국제신도시·에코델타 입주·법인설립 히어로는 명지 법무사·에코델타 법인등기 안내가 담당합니다. 명지동 법무사를 찾으시면 기존 명지 주거·토지·어촌 생활권의 매매·상속등기를 이 페이지에서 연결하시면 됩니다. 명지국제신도시·에코델타 입주·법인설립 히어로는 명지 법무사·에코델타 법인등기 안내가 담당합니다. 명지동 법무사를 찾으시면 기존 명지 주거·토지·어촌 생활권의 매매·상속등기를 이 페이지에서 연결하시면 됩니다. 명지국제신도시·에코델타 입주·법인설립 히어로는 명지 법무사·에코델타 법인등기 안내가 담당합니다. 기존 명지동 주거·토지에서 자주 보는 등기 구축 주택·다가구 상속, 토지·농지성 지번 매매, 근저당 말소 후 이전이 이어집니다. 신축 분양 입주·법인 창업 일정은 명지 허브·신도시 법인등기 안내를 보시면 됩니다. 명지 법무사(신도시) 안내와의 구분 명지 허브는 명지국제신도",281,e17699eac9d33b93
/명지동법인설립등기,법인설립등기을(를) 명지동 기준으로 볼 때는 동일 절차라도 등기소·법원 창구가 사건별로 갈릴 수 있습니다. 명지국제신도시 인근 법인 설립·부동산 등기 수요가 있는 동입니다. 정관 작성·자본금 납입·설립 등기까지 창업 초기 법인 설립 절차를 지원합니다. 상담 시 서류·일정·비용 범위를 항목별로 안내합니다. 법인설립등기을(를) 명지동 기준으로 볼 때는 동일 절차라도 등기소·법원 창구가 사건별로 갈릴 수 있습니다. 명지국제신도시 인근 법인 설립·부동산 등기 수요가 있는 동입니다. 정관 작성·자본금 납입·설립 등기까지 창업 초기 법인 설립 절차를 지원합니다. 상담 시 서류·일정·비용 범위를 항목별로 안내합니다. 명지국제신도시 인근 법인 설립·부동산 등기 수요가 있는 동입니다. 정관 작성·자본금 납입·설립 등기까지 창업 초기 법인 설립 절차를 지원합니다. 지역별 업무 상황 잔금·인도·대출 실행 일정을 한 줄에 두고 등기 접수를 맞춥니다. 중도금 연체가 있으면 계약 특약을 먼저 확인합니다. 전,495,344e72c694ca2182
/명지동부동산등기,명지동 부동산등기 문의는 소재지·채무·협의 상태에 따라 준비 순서가 달라집니다. 명지국제신도시 인근 법인 설립·부동산 등기 수요가 있는 동입니다. 매매·증여·상속 등 원인별 부동산 등기 전반을 다룹니다. 관할 등기소 확인이 우선입니다. 상담 시 서류·일정·비용 범위를 항목별로 안내합니다. 명지동 부동산등기 문의는 소재지·채무·협의 상태에 따라 준비 순서가 달라집니다. 명지국제신도시 인근 법인 설립·부동산 등기 수요가 있는 동입니다. 매매·증여·상속 등 원인별 부동산 등기 전반을 다룹니다. 관할 등기소 확인이 우선입니다. 상담 시 서류·일정·비용 범위를 항목별로 안내합니다. 명지국제신도시 인근 법인 설립·부동산 등기 수요가 있는 동입니다. 매매·증여·상속 등 원인별 부동산 등기 전반을 다룹니다. 관할 등기소 확인이 우선입니다. 지역별 업무 상황 수임·등록면허세·지방교육세·수수료 칸을 나눈 견적 초안을 상담 후 공유합니다. 추가 보정 비용은 별도 줄입니다. 이미 소송·가압류가 있으면 등,468,e97001810624b8de
/명지법무사,"명지 신도시 아파트는 입주·대출·취득세·소유권이전등기 일정이 한꺼번에 몰립니다. 에코델타시티 입주 기업은 정관·임대차·본점 주소를 맞춰 설립등기를 해야 합니다. 강서구 법무사 상담 시 관할 등기소(북부산·남부산)를 소재지별로 확인합니다. 명지 신도시 아파트는 입주·대출·취득세·소유권이전등기 일정이 한꺼번에 몰립니다. 에코델타시티 입주 기업은 정관·임대차·본점 주소를 맞춰 설립등기를 해야 합니다. 강서구 법무사 상담 시 관할 등기소(북부산·남부산)를 소재지별로 확인합니다. 명지 법무사 상담은 강서구 명지국제신도시·에코델타시티 일대 신축 아파트·상가·입주 기업의 법인설립·본점이전·소유권이전등기 수요에 맞춰 진행합니다. 신도시 특성상 설립과 등기 일정이 입주·사업자등록과 맞물립니다. 지역 생활권 안내 명지국제신도시·에코델타시티는 강서구 서쪽 신흥 주거·산업·스마트시티 권역입니다. 신축 아파트 입주 후 최초 등기, 스타트업·중소기업 법인 설립, 본점을 명지로 이전하는 등기 수요가 빠르게 늘",328,de4262b8f7dcd2f5
/명지법인등기,명지에서 법인등기을(를) 진행하려면 관할 확인 후 서류 체크리스트부터 잡는 편이 안전합니다. 명지국제신도시 입주 기업·상가 법인 설립·등기 수요가 있는 신도시입니다. 주식회사·유한회사 등 법인의 설립 이후 변경·이전 등기를 처리합니다. 센텀·서면 일대 법인 설립·임원변경·본점이전을 안내합니다. 상담 시 서류·일정·비용 범위를 항목별로 안내합니다. 명지에서 법인등기을(를) 진행하려면 관할 확인 후 서류 체크리스트부터 잡는 편이 안전합니다. 명지국제신도시 입주 기업·상가 법인 설립·등기 수요가 있는 신도시입니다. 주식회사·유한회사 등 법인의 설립 이후 변경·이전 등기를 처리합니다. 센텀·서면 일대 법인 설립·임원변경·본점이전을 안내합니다. 상담 시 서류·일정·비용 범위를 항목별로 안내합니다. 명지국제신도시 입주 기업·상가 법인 설립·등기 수요가 있는 신도시입니다. 주식회사·유한회사 등 법인의 설립 이후 변경·이전 등기를 처리합니다. 센텀·서면 일대 법인 설립·임원변경·본점이전을 안내합니,468,ea50afcf930c8c81
/명지법인설립등기,명지 법인설립등기 문의는 소재지·채무·협의 상태에 따라 준비 순서가 달라집니다. 명지국제신도시 입주 기업·상가 법인 설립·등기 수요가 있는 신도시입니다. 정관 작성·자본금 납입·설립 등기까지 창업 초기 법인 설립 절차를 지원합니다. 상담 시 서류·일정·비용 범위를 항목별로 안내합니다. 명지 법인설립등기 문의는 소재지·채무·협의 상태에 따라 준비 순서가 달라집니다. 명지국제신도시 입주 기업·상가 법인 설립·등기 수요가 있는 신도시입니다. 정관 작성·자본금 납입·설립 등기까지 창업 초기 법인 설립 절차를 지원합니다. 상담 시 서류·일정·비용 범위를 항목별로 안내합니다. 명지국제신도시 입주 기업·상가 법인 설립·등기 수요가 있는 신도시입니다. 정관 작성·자본금 납입·설립 등기까지 창업 초기 법인 설립 절차를 지원합니다. 지역별 업무 상황 수임·등록면허세·지방교육세·수수료 칸을 나눈 견적 초안을 상담 후 공유합니다. 추가 보정 비용은 별도 줄입니다. 이미 소송·가압류가 있으면 등기 가능 시,464,7c5ada93588ed473
/명지역법무사,"명지역 법무사를 찾으시면 명지역 인근으로 오시는 동선의 신도시·법인·부동산 등기를 이 역세권 안내에서 연결하시면 됩니다. 신도시·법인 본문은 명지 법무사 안내, 기존 명지동 지번은 명지동 안내가 Primary에 가깝습니다. 명지역 법무사를 찾으시면 명지역 인근으로 오시는 동선의 신도시·법인·부동산 등기를 이 역세권 안내에서 연결하시면 됩니다. 신도시·법인 본문은 명지 법무사 안내, 기존 명지동 지번은 명지동 안내가 Primary에 가깝습니다. 명지역 법무사를 찾으시면 명지역 인근으로 오시는 동선의 신도시·법인·부동산 등기를 이 역세권 안내에서 연결하시면 됩니다. 신도시·법인 본문은 명지 법무사 안내, 기존 명지동 지번은 명지동 안내가 Primary에 가깝습니다. 명지역과 명지·명지동 안내 역 검색은 접근 동선입니다. 신도시·법인·신축은 명지 허브, 기존 명지동 주거·토지는 명지동 안내를 보시면 각도가 겹치지 않습니다. 에코델타·강서구와의 연결 에코델타 설립·본점이전은 에코델타 법인등",259,02aba26ef545641c
/명지역법인설립등기,명지역에서 법인설립등기을(를) 진행하려면 관할 확인 후 서류 체크리스트부터 잡는 편이 안전합니다. 명지역·신도시 인근 법인·부동산 등기 수요가 있습니다. 정관 작성·자본금 납입·설립 등기까지 창업 초기 법인 설립 절차를 지원합니다. 상담 시 서류·일정·비용 범위를 항목별로 안내합니다. 명지역에서 법인설립등기을(를) 진행하려면 관할 확인 후 서류 체크리스트부터 잡는 편이 안전합니다. 명지역·신도시 인근 법인·부동산 등기 수요가 있습니다. 정관 작성·자본금 납입·설립 등기까지 창업 초기 법인 설립 절차를 지원합니다. 상담 시 서류·일정·비용 범위를 항목별로 안내합니다. 명지역·신도시 인근 법인·부동산 등기 수요가 있습니다. 정관 작성·자본금 납입·설립 등기까지 창업 초기 법인 설립 절차를 지원합니다. 지역별 업무 상황 산업단지·재개발·재건축처럼 특수한 권리관계는 일반 매매 체크리스트와 항목을 나눕니다. 말소할 근저당·전세권 목록을 본등기 신청서와 같은 묶음으로 준비합니다. 채권자 협의 ,442,a15ac55a6d2a0176
/무슨법률업무인지모를때,"검색어와 실제 필요한 절차가 다를 수 있습니다. ‘상속등기’ ‘증여등기’처럼 정확한 이름을 몰라도, 지금 겪고 있는 일만 설명해 주시면 관련 업무와 준비서류를 연결해 드립니다. 검색어와 실제 필요한 절차가 다를 수 있습니다. ‘상속등기’ ‘증여등기’처럼 정확한 이름을 몰라도, 지금 겪고 있는 일만 설명해 주시면 관련 업무와 준비서류를 연결해 드립니다. 검색어와 실제 필요한 절차가 다를 수 있습니다. ‘상속등기’ ‘증여등기’처럼 정확한 이름을 몰라도, 지금 겪고 있는 일만 설명해 주시면 관련 업무와 준비서류를 연결해 드립니다. 비용 안내 상담 문의 자체는 상황 확인을 위한 것이며, 수임료·공과금은 사건 확인 후 구분해 안내합니다. 관할·접근 안내 남겨주신 상황을 확인한 뒤 관할·서류·절차를 안내합니다. 확정 견적은 사건 확인 후입니다. 현재 상황 한 줄 요약 기한(사망일·잔금일·취임일 등) 보유 서류(없어도 가능) 연락처 법무사 의견 업무명을 몰라도, 서류가 없어도 현재 상황만 알려 ",213,769a9fbd6099c038
/문현금융단지법인등기,"문현금융단지 일대에서 문현금융단지 법인등기 수요가 꾸준합니다. 금융·법률·전문서비스 업체 집중 창업·입주·투자 유치 과정에서 법인 설립등기·임원변경·본점 이전등기가 필요한 경우가 많습니다. 문현금융단지, 문현동 인근 기업·스타트업·전문서비스 업체가 문의하시는 법인등기 절차를 다옴법무사사무소가 상담·진행합니다. 정관·주주총회 결의·등기신청서 작성 오류는 보정과 지연으로 이어질 수 있어 사전 점검이 중요합니다. 문현금융단지 일대에서 문현금융단지 법인등기 수요가 꾸준합니다. 금융·법률·전문서비스 업체 집중 창업·입주·투자 유치 과정에서 법인 설립등기·임원변경·본점 이전등기가 필요한 경우가 많습니다. 문현금융단지, 문현동 인근 기업·스타트업·전문서비스 업체가 문의하시는 법인등기 절차를 다옴법무사사무소가 상담·진행합니다. 정관·주주총회 결의·등기신청서 작성 오류는 보정과 지연으로 이어질 수 있어 사전 점검이 중요합니다. 문현금융단지, 문현동 인근 기업·스타트업·전문서비스 업체가 문의하시는 법",286,e53163a05af318f3
/문현금융단지임원변경등기,문현금융단지에서 임원변경등기을(를) 진행하려면 관할 확인 후 서류 체크리스트부터 잡는 편이 안전합니다. 금융·법률·전문서비스 업체가 밀집한 문현금융단지 법인 등기 수요가 있습니다. 대표이사·이사·감사 변경에 따른 법인 등기입니다. 결의일로부터 등기 기한 준수가 중요합니다. 상담 시 서류·일정·비용 범위를 항목별로 안내합니다. 문현금융단지에서 임원변경등기을(를) 진행하려면 관할 확인 후 서류 체크리스트부터 잡는 편이 안전합니다. 금융·법률·전문서비스 업체가 밀집한 문현금융단지 법인 등기 수요가 있습니다. 대표이사·이사·감사 변경에 따른 법인 등기입니다. 결의일로부터 등기 기한 준수가 중요합니다. 상담 시 서류·일정·비용 범위를 항목별로 안내합니다. 금융·법률·전문서비스 업체가 밀집한 문현금융단지 법인 등기 수요가 있습니다. 대표이사·이사·감사 변경에 따른 법인 등기입니다. 결의일로부터 등기 기한 준수가 중요합니다. 지역별 업무 상황 말소할 근저당·전세권 목록을 본등기 신청서와 같은 묶,481,e7ea7c4a8c3ea68c
/문현동법무사,"문현동 금융단지 인근 기업은 임원 임기가 끝났거나 대표가 바뀌었는데 변경등기를 미루다가 필요한 투자·계약 시점에 법인등기사항이 실제와 맞지 않는 문제를 겪을 수 있습니다. 단순히 회사 내부에서 결정했다는 사실만으로 등기가 완료되는 것이 아니며, 정관 규정과 결의 요건, 취임·사임 관련 서류를 확인해야 합니다. 반면 문현동 주거 부동산은 법인등기와 아무 관계 없이 매매·상속 원인에 따른 소유권이전 절차를 밟습니다. 법인 명의로 주택이나 상가를 보유한 경우에도 법인 등기 변경과 부동산 처분등기를 하나의 서류로 처리할 수는 없습니다. 상담에서는 회사의 현재 등기사항, 본점 주소, 의사록 작성 여부와 부동산의 권리관계를 나눠 살펴보고, 접수 기한이 있는 변경등기와 잔금일이 있는 부동산등기의 우선순위를 안내합니다. 문현동에서는 문현금융단지 업무시설과 인접 주거 부동산를 볼 때 법인 결의·등기 기한과 개인 부동산 잔금의 구분를 정관·의사록·취임 서류와 부동산 계약서와 맞춰 확인합니다. 다옴법무",629,eacabf70c6ee48ac
/문현동법인등기,문현동에서 법인등기을(를) 진행하려면 관할 확인 후 서류 체크리스트부터 잡는 편이 안전합니다. 문현금융단지·전포 인근 법인·부동산 등기 수요가 있습니다. 주식회사·유한회사 등 법인의 설립 이후 변경·이전 등기를 처리합니다. 센텀·서면 일대 법인 설립·임원변경·본점이전을 안내합니다. 상담 시 서류·일정·비용 범위를 항목별로 안내합니다. 문현동에서 법인등기을(를) 진행하려면 관할 확인 후 서류 체크리스트부터 잡는 편이 안전합니다. 문현금융단지·전포 인근 법인·부동산 등기 수요가 있습니다. 주식회사·유한회사 등 법인의 설립 이후 변경·이전 등기를 처리합니다. 센텀·서면 일대 법인 설립·임원변경·본점이전을 안내합니다. 상담 시 서류·일정·비용 범위를 항목별로 안내합니다. 문현금융단지·전포 인근 법인·부동산 등기 수요가 있습니다. 주식회사·유한회사 등 법인의 설립 이후 변경·이전 등기를 처리합니다. 센텀·서면 일대 법인 설립·임원변경·본점이전을 안내합니다. 지역별 업무 상황 산업단지·재개발·,477,e98d72c99480a1d9
/문현동본점이전등기,문현동 본점이전등기 문의는 소재지·채무·협의 상태에 따라 준비 순서가 달라집니다. 문현금융단지·전포 인근 법인·부동산 등기 수요가 있습니다. 법인 본점 주소 변경에 따른 등기입니다. 관할 등기소·사업자등록 변경을 함께 검토합니다. 상담 시 서류·일정·비용 범위를 항목별로 안내합니다. 문현동 본점이전등기 문의는 소재지·채무·협의 상태에 따라 준비 순서가 달라집니다. 문현금융단지·전포 인근 법인·부동산 등기 수요가 있습니다. 법인 본점 주소 변경에 따른 등기입니다. 관할 등기소·사업자등록 변경을 함께 검토합니다. 상담 시 서류·일정·비용 범위를 항목별로 안내합니다. 문현금융단지·전포 인근 법인·부동산 등기 수요가 있습니다. 법인 본점 주소 변경에 따른 등기입니다. 관할 등기소·사업자등록 변경을 함께 검토합니다. 지역별 업무 상황 등기원인 문구와 검인·취득세 완납 증빙이 일치하는지 접수 직전에 재확인합니다. 공동매수면 지분 표기를 맞춥니다. 수임·등록면허세·지방교육세·수수료 칸을 나눈 견,462,2800f25a3cba4a5e
/문화예술단체사단법인설립,"문화예술단체 사단법인은 민법상 비영리 사단법인으로, 주무관청 허가 후 3주 이내 설립등기가 필요합니다. 문화예술단체 사단법인은 민법상 비영리 사단법인으로, 주무관청 허가 후 3주 이내 설립등기가 필요합니다. 공연·음악·미술·문학·영상 등 문화예술 분야 단체는 사단법인으로 법인화하는 경우가 많습니다. 상담 시 확인하는 내용 문화예술단체 사단법인 설립 사건은 서류·관할·기한에 따라 진행 순서가 달라집니다. 다옴법무사사무소는 부산 해운대구·센텀에서 상속등기·부동산등기·법인등기·개인회생·파산 등을 다루며, 의뢰인 상황에 맞춰 절차와 비용을 알기 쉽게 설명합니다. 불확실한 부분은 추측으로 단정하지 않고, 확인된 사실을 바탕으로 안내드립니다. 전화·카카오톡·네이버 톡톡으로 간단히 상황을 남겨 주시면 필요한 준비부터 차분히 정리해 드리겠습니다. 문화예술단체 사단법인 설립 상담은 어디서 받을 수 있나요? 다옴법무사사무소는 해운대구 센텀에 있으며, 부산 전역 사건을 전화·카카오톡·네이버 톡톡·방문(",139,f81e5a768d6ab999
/물류회사법인등기,물류회사 법인등기 관련 문의는 검색 키워드만으로 절차가 결정되지 않는 경우가 많습니다. 주식회사·유한회사 등 법인의 설립 이후 변경·이전 등기를 처리합니다. 센텀·서면 일대 법인 설립·임원변경·본점이전을 안내합니다. 부산광역시 전역 상속등기·부동산등기·법인등기·개인회생·파산 등 법무사 업무를 다루는 핵심 지역입니다. 다옴법무사사무소는 상황을 듣고 다음 단계부터 정리합니다. 물류회사 법인등기 관련 문의는 검색 키워드만으로 절차가 결정되지 않는 경우가 많습니다. 주식회사·유한회사 등 법인의 설립 이후 변경·이전 등기를 처리합니다. 센텀·서면 일대 법인 설립·임원변경·본점이전을 안내합니다. 부산광역시 전역 상속등기·부동산등기·법인등기·개인회생·파산 등 법무사 업무를 다루는 핵심 지역입니다. 다옴법무사사무소는 상황을 듣고 다음 단계부터 정리합니다. 부산광역시 전역 상속등기·부동산등기·법인등기·개인회생·파산 등 법무사 업무를 다루는 핵심 지역입니다. 주식회사·유한회사 등 법인의 설립 이후 변,464,c91fccff91ae7f83
/미등기건물소유권보존등기,"미등기건물 보존은 건축물대장과 소유권원 소명이 핵심입니다. 일반 신축 직후 보존보다 서류 축이 무거울 수 있습니다. 보유 중인 계약·상속·납세 자료 목록만 알려주셔도 검토 방향을 잡을 수 있습니다. 미등기건물 보존은 건축물대장과 소유권원 소명이 핵심입니다. 일반 신축 직후 보존보다 서류 축이 무거울 수 있습니다. 보유 중인 계약·상속·납세 자료 목록만 알려주셔도 검토 방향을 잡을 수 있습니다. 건축물대장은 있는데 등기부가 없거나, 오래전 지어져 보존등기가 빠진 건물은 미등기건물 보존 이슈로 상담이 들어옵니다. 비용 안내 비용은 소명 자료 범위, 소송·확정 필요 여부(별도), 토지·건물 관계 등에 따라 달라질 수 있습니다. 관할·접근 안내 부동산 소재지 관할 등기소 기준으로 접수하며, 부산 해운대·센텀 다옴법무사사무소에서 상담·수임을 진행합니다. 사무소: 부산광역시 해운대구 센텀동로 200 D동 1층 LAB9호 법무사는 부동산등기(건물·토지) 신청·서류 작성·접수 대리 등 등기 관련 ",254,e523af105d8ee4e1
/미성년상속인,"상속인 중 미성년이 있으면 법정대리인 동의·서류가 추가로 필요합니다. 부모 일방이 상속인이자 대리인인 경우 이해상반이 문제될 수 있어, 단순 서류 목록만으로 단정하지 않습니다. 상속인 중 미성년이 있으면 법정대리인 동의·서류가 추가로 필요합니다. 부모 일방이 상속인이자 대리인인 경우 이해상반이 문제될 수 있어, 단순 서류 목록만으로 단정하지 않습니다. 상속인 중 미성년이 있으면 법정대리인 동의·서류가 추가로 필요합니다. 부모 일방이 상속인이자 대리인인 경우 이해상반이 문제될 수 있어, 단순 서류 목록만으로 단정하지 않습니다. 상담 시 확인하는 내용 미성년 상속인이 있는 경우 사건은 서류·관할·기한에 따라 진행 순서가 달라집니다. 다옴법무사사무소는 부산 해운대구·센텀에서 상속등기·부동산등기·법인등기·개인회생·파산 등을 다루며, 의뢰인 상황에 맞춰 절차와 비용을 알기 쉽게 설명합니다. 불확실한 부분은 추측으로 단정하지 않고, 확인된 사실을 바탕으로 안내드립니다. 전화·카카오톡·네이버 톡",168,a9147768f135cfc0
/민락동법무사,"민락동·민락역 생활권에서 법무사 업무를 찾을 때는 먼저 부동산 매매·전세인지, 상속 명의이전인지, 법인 변경인지부터 나누는 것이 좋습니다. 절차와 관할은 업무 종류에 따라 달라집니다. 민락동·민락역 생활권에서 법무사 업무를 찾을 때는 먼저 부동산 매매·전세인지, 상속 명의이전인지, 법인 변경인지부터 나누는 것이 좋습니다. 절차와 관할은 업무 종류에 따라 달라집니다. 민락동·민락역 생활권에서 법무사 업무를 찾을 때는 먼저 부동산 매매·전세인지, 상속 명의이전인지, 법인 변경인지부터 나누는 것이 좋습니다. 절차와 관할은 업무 종류에 따라 달라집니다. 이 지역의 도시철도·전철에서 찾는 경우 도시철도·광역전철 역 이름으로 법무사 업무를 검색하셨다면, 아래 역 안내에서 생활권과 연결되는 업무 페이지로 이어가면 됩니다. 법률 절차 본문은 업무별 안내에서 확인하고, 여기서는 지역·접근·준비 시작점만 정리합니다. 민락역·민락동에서 수영구 절차를 볼 때 2호선 민락역 인근에서 등기를 준비할 때는 민",374,9dd934df083f83a6
/민락동부동산등기,"민락동에서 부동산등기을(를) 진행하려면 관할 확인 후 서류 체크리스트부터 잡는 편이 안전합니다. 민락·수변공원 인근 주택·상가 등기 문의가 있는 동입니다. 매매·증여·상속 등 원인별 부동산 등기 전반을 다룹니다. 관할 등기소 확인이 우선입니다. 상담 시 서류·일정·비용 범위를 항목별로 안내합니다. 민락동에서 부동산등기을(를) 진행하려면 관할 확인 후 서류 체크리스트부터 잡는 편이 안전합니다. 민락·수변공원 인근 주택·상가 등기 문의가 있는 동입니다. 매매·증여·상속 등 원인별 부동산 등기 전반을 다룹니다. 관할 등기소 확인이 우선입니다. 상담 시 서류·일정·비용 범위를 항목별로 안내합니다. 민락·수변공원 인근 주택·상가 등기 문의가 있는 동입니다. 매매·증여·상속 등 원인별 부동산 등기 전반을 다룹니다. 관할 등기소 확인이 우선입니다. 지역별 업무 상황 법인 결의·취임승낙·인감 원본을 대조하고, 과태료 기한을 결의일부터 역산합니다. 산업단지·재개발·재건축처럼 특수한 권리관계는 일반 ",469,dc91ad1a32826eec
/민사소송,"채권 회수·분쟁 대응에서 지급명령·본안 소송·가압류·가처분 중 어떤 절차가 적합한지는 채권 종류·증거·상대방 주소에 따라 달라집니다. 부산지방법원·동부지원 관할은 사건 소재지와 당사자 주소를 기준으로 정해지며, 소장·답변서·준비서면 작성과 증거 정리가 결과에 큰 영향을 줍니다. 다옴법무사사무소는 소송 전략과 서류 작성·접수 절차를 실무 관점에서 안내합니다. 법원과 공식 제휴 관계가 아닌 민사 서류·절차 상담입니다. 채권 회수·분쟁 대응에서 지급명령·본안 소송·가압류·가처분 중 어떤 절차가 적합한지는 채권 종류·증거·상대방 주소에 따라 달라집니다. 부산지방법원·동부지원 관할은 사건 소재지와 당사자 주소를 기준으로 정해지며, 소장·답변서·준비서면 작성과 증거 정리가 결과에 큰 영향을 줍니다. 다옴법무사사무소는 소송 전략과 서류 작성·접수 절차를 실무 관점에서 안내합니다. 법원과 공식 제휴 관계가 아닌 민사 서류·절차 상담입니다. 다옴법무사사무소는 소송 전략과 서류 작성·접수 절차를 실무",286,3b1cc82d48ed7c24
/반송동법무사,"반송동에서는 ‘반여동으로 알고 계약했는데 주소는 반송동이다’, ‘석대동 토지를 상속받았는데 지분이 여럿이다’, ‘회동동 임야·대지를 어떻게 나누냐’는 문제가 있습니다. 동 이름 오류는 잔금·세금 계산에 영향을 줄 수 있습니다. 토지 공유는 분할·매도·증여 중 어떤 원인으로 정리할지 초기에 정해야 합니다. 정비사업 소문이 있어도 등기 신청의 기준은 현재 소유자와 권리이므로, 조합 서류와 상속등기·매매등기 서류를 혼동하지 않도록 안내합니다. 반송동에서는 반송·석대·회동의 해운대 서부 주거와 산업·물류 배후를 볼 때 반여동과 다른 구축 단지·택지 정비 관련 명의 정리를 등기부·협의서·매매계약서·조합·임대차 자료와 맞춰 확인합니다. 다옴법무사사무소는 해운대 센텀에서 상담합니다. 반송동에서는 ‘반여동으로 알고 계약했는데 주소는 반송동이다’, ‘석대동 토지를 상속받았는데 지분이 여럿이다’, ‘회동동 임야·대지를 어떻게 나누냐’는 문제가 있습니다. 동 이름 오류는 잔금·세금 계산에 영향을 줄 수",472,71bf2df39fae3f4c
/반여동법무사,반여동에서 법무사를 찾으시면 반여·반송 대단지 아파트의 상속·매매를 이 페이지에서 보시면 됩니다. 좌동과 맞닿아 있어도 등기는 주소 기준입니다. 다옴법무사사무소는 해운대 센텀에서 반여동 사건을 상담합니다. 반여동에서 법무사를 찾으시면 반여·반송 대단지 아파트의 상속·매매를 이 페이지에서 보시면 됩니다. 좌동과 맞닿아 있어도 등기는 주소 기준입니다. 다옴법무사사무소는 해운대 센텀에서 반여동 사건을 상담합니다. 반여1~4동 행정동 검색은 이 반여동 안내에서 흡수합니다. 구 전체는 해운대 허브입니다. 공동상속과 담보 대출이 겹치면 등기부를 먼저 봅니다. 이 페이지에서 다루는 반여동 업무 통계로 ‘많다’고 단정하지 않습니다. 반여동 검색 의도에 맞춰 아래 업무를 중심으로 안내합니다. 상속등기: 반여 아파트 명의 부동산등기: 매매·잔금 좌동: 인접 좌동 생활권 해운대 허브: 구 전체 반여동에서 먼저 확인할 사항 상담 전에 아래만 정리해 주셔도 다음 절차를 나눌 수 있습니다. 반여인지 반송·좌,360,0db189045d32e9af
/반여동부동산등기,부동산등기을(를) 반여동 기준으로 볼 때는 동일 절차라도 등기소·법원 창구가 사건별로 갈릴 수 있습니다. 반여·반송 일대 주택·상가 등기 문의가 이어지는 동입니다. 매매·증여·상속 등 원인별 부동산 등기 전반을 다룹니다. 관할 등기소 확인이 우선입니다. 상담 시 서류·일정·비용 범위를 항목별로 안내합니다. 부동산등기을(를) 반여동 기준으로 볼 때는 동일 절차라도 등기소·법원 창구가 사건별로 갈릴 수 있습니다. 반여·반송 일대 주택·상가 등기 문의가 이어지는 동입니다. 매매·증여·상속 등 원인별 부동산 등기 전반을 다룹니다. 관할 등기소 확인이 우선입니다. 상담 시 서류·일정·비용 범위를 항목별로 안내합니다. 반여·반송 일대 주택·상가 등기 문의가 이어지는 동입니다. 매매·증여·상속 등 원인별 부동산 등기 전반을 다룹니다. 관할 등기소 확인이 우선입니다. 지역별 업무 상황 다수 필지·다수 계좌면 목록 번호를 매겨 누락을 줄입니다. 완료 후 등기필정보 전달 방식을 정합니다. 상속 승인 ,484,2dcb13dafd208895
/반여동상속등기,상속등기을(를) 반여동 기준으로 볼 때는 동일 절차라도 등기소·법원 창구가 사건별로 갈릴 수 있습니다. 반여·반송 일대 주택·상가 등기 문의가 이어지는 동입니다. 피상속인 사망 후 부동산·토지 등기명의를 상속인 명의로 이전하는 절차입니다. 부산 전역 아파트·상가·토지 상속 사건을 다룹니다. 상담 시 서류·일정·비용 범위를 항목별로 안내합니다. 상속등기을(를) 반여동 기준으로 볼 때는 동일 절차라도 등기소·법원 창구가 사건별로 갈릴 수 있습니다. 반여·반송 일대 주택·상가 등기 문의가 이어지는 동입니다. 피상속인 사망 후 부동산·토지 등기명의를 상속인 명의로 이전하는 절차입니다. 부산 전역 아파트·상가·토지 상속 사건을 다룹니다. 상담 시 서류·일정·비용 범위를 항목별로 안내합니다. 반여·반송 일대 주택·상가 등기 문의가 이어지는 동입니다. 피상속인 사망 후 부동산·토지 등기명의를 상속인 명의로 이전하는 절차입니다. 부산 전역 아파트·상가·토지 상속 사건을 다룹니다. 지역별 업무 상황,507,d89d7dbfd7f02ae5
/방문없이준비하는근저당말소,"대출을 갚았는데 등기부에 근저당이 남아 있으면 매매·증여·추가 대출이 막힐 수 있습니다. 이 페이지는 부산 근저당말소등기 허브의 일반 절차와 달리, 은행 말소서류를 받은 뒤 방문 없이 무엇을 먼저 확인하는지를 안내합니다. 대출을 갚았는데 등기부에 근저당이 남아 있으면 매매·증여·추가 대출이 막힐 수 있습니다. 이 페이지는 부산 근저당말소등기 허브의 일반 절차와 달리, 은행 말소서류를 받은 뒤 방문 없이 무엇을 먼저 확인하는지를 안내합니다. 대출을 갚았는데 등기부에 근저당이 남아 있으면 매매·증여·추가 대출이 막힐 수 있습니다. 이 페이지는 부산 근저당말소등기 허브의 일반 절차와 달리, 은행 말소서류를 받은 뒤 방문 없이 무엇을 먼저 확인하는지를 안내합니다. 상담 시 확인하는 내용 방문 없이 준비하는 근저당권 말소 사건은 서류·관할·기한에 따라 진행 순서가 달라집니다. 다옴법무사사무소는 부산 해운대구·센텀에서 상속등기·부동산등기·법인등기·개인회생·파산 등을 다루며, 의뢰인 상황에 맞춰",189,5e45b04024d9032c
/방문없이준비하는법무사업무,"부산 해운대 다옴법무사사무소에 직접 오기 어려운 경우에도, 상속등기·상속포기·한정승인·법인등기·증여·근저당 말소·일부 법원 서류작성처럼 방문 전에 상황과 자료를 먼저 확인할 수 있는 업무가 있습니다. 이 페이지는 ‘전국 법무사’·‘비대면 법무사’로 검색하는 분께, 완전 비대면 광고가 아니라 실제로 원격으로 시작할 수 있는 범위와 추가 절차가 생길 수 있는 지점을 구분해서 안내합니다. 부산 해운대 다옴법무사사무소에 직접 오기 어려운 경우에도, 상속등기·상속포기·한정승인·법인등기·증여·근저당 말소·일부 법원 서류작성처럼 방문 전에 상황과 자료를 먼저 확인할 수 있는 업무가 있습니다. 이 페이지는 ‘전국 법무사’·‘비대면 법무사’로 검색하는 분께, 완전 비대면 광고가 아니라 실제로 원격으로 시작할 수 있는 범위와 추가 절차가 생길 수 있는 지점을 구분해서 안내합니다. 부산 해운대 다옴법무사사무소에 직접 오기 어려운 경우에도, 상속등기·상속포기·한정승인·법인등기·증여·근저당 말소·일부 법원",301,55a9145820cab1f4
/방문없이준비하는법인설립,"부산 사무소에 오지 않아도, 상호·목적·본점 예정지·임원·자본금 개요만 있으면 법인설립등기에 필요한 서류와 비용 구성을 먼저 안내할 수 있습니다. 이 페이지는 부산 법인설립등기 절차 허브와 달리, 방문이 어렵거나 공동창업자가 여러 지역에 있을 때의 준비 순서에 초점을 둡니다. 부산 사무소에 오지 않아도, 상호·목적·본점 예정지·임원·자본금 개요만 있으면 법인설립등기에 필요한 서류와 비용 구성을 먼저 안내할 수 있습니다. 이 페이지는 부산 법인설립등기 절차 허브와 달리, 방문이 어렵거나 공동창업자가 여러 지역에 있을 때의 준비 순서에 초점을 둡니다. 부산 사무소에 오지 않아도, 상호·목적·본점 예정지·임원·자본금 개요만 있으면 법인설립등기에 필요한 서류와 비용 구성을 먼저 안내할 수 있습니다. 이 페이지는 부산 법인설립등기 절차 허브와 달리, 방문이 어렵거나 공동창업자가 여러 지역에 있을 때의 준비 순서에 초점을 둡니다. 상담 시 확인하는 내용 방문 없이 준비하는 법인설립 사건은 서류",200,43bf1f2f9b7c7a7b
/방문없이준비하는부담부증여,"부동산을 가족에게 넘기려는데 등기부에 근저당이 남아 있거나 전세보증금 반환 의무가 있으면, 일반 증여와 준비 범위가 달라집니다. 흔히 부담부증여로 부르는 이 구조에서는 ‘소유권만 이전할지, 채무·보증금까지 함께 넘길지’를 먼저 정해야 합니다. 부동산을 가족에게 넘기려는데 등기부에 근저당이 남아 있거나 전세보증금 반환 의무가 있으면, 일반 증여와 준비 범위가 달라집니다. 흔히 부담부증여로 부르는 이 구조에서는 ‘소유권만 이전할지, 채무·보증금까지 함께 넘길지’를 먼저 정해야 합니다. 부동산을 가족에게 넘기려는데 등기부에 근저당이 남아 있거나 전세보증금 반환 의무가 있으면, 일반 증여와 준비 범위가 달라집니다. 흔히 부담부증여로 부르는 이 구조에서는 ‘소유권만 이전할지, 채무·보증금까지 함께 넘길지’를 먼저 정해야 합니다. 상담 시 확인하는 내용 방문 없이 준비하는 부담부증여 사건은 서류·관할·기한에 따라 진행 순서가 달라집니다. 다옴법무사사무소는 부산 해운대구·센텀에서 상속등기·부동산",195,c50c4f25cb80ba79
/방문없이준비하는상속등기,"해운대·센텀 사무소에 직접 오기 어려워도 사망일·상속인 구성·부동산 주소를 알려주시면 상속등기에 필요한 업무와 준비자료를 먼저 확인할 수 있습니다. 이 페이지는 상속등기 원격 준비의 공통 순서를 담당합니다. 해운대·센텀 사무소에 직접 오기 어려워도 사망일·상속인 구성·부동산 주소를 알려주시면 상속등기에 필요한 업무와 준비자료를 먼저 확인할 수 있습니다. 이 페이지는 상속등기 원격 준비의 공통 순서를 담당합니다. 해운대·센텀 사무소에 직접 오기 어려워도 사망일·상속인 구성·부동산 주소를 알려주시면 상속등기에 필요한 업무와 준비자료를 먼저 확인할 수 있습니다. 이 페이지는 상속등기 원격 준비의 공통 순서를 담당합니다. 상담 시 확인하는 내용 방문 없이 준비하는 상속등기 사건은 서류·관할·기한에 따라 진행 순서가 달라집니다. 다옴법무사사무소는 부산 해운대구·센텀에서 상속등기·부동산등기·법인등기·개인회생·파산 등을 다루며, 의뢰인 상황에 맞춰 절차와 비용을 알기 쉽게 설명합니다. 불확실한 ",174,f6fde4c5a72e7fa5
/방문없이준비하는상속포기한정승인,"상속포기·한정승인은 ‘등기’와 달리 가정법원 관할과 신고 기한이 핵심입니다. 상속인이 타지역·해외에 있거나 평일 방문이 어려워도, 사망일·최후 주소·상속인 구성·채무 윤곽을 먼저 알려주시면 준비서류와 일정부터 안내할 수 있습니다. 상속포기·한정승인은 ‘등기’와 달리 가정법원 관할과 신고 기한이 핵심입니다. 상속인이 타지역·해외에 있거나 평일 방문이 어려워도, 사망일·최후 주소·상속인 구성·채무 윤곽을 먼저 알려주시면 준비서류와 일정부터 안내할 수 있습니다. 상속포기·한정승인은 ‘등기’와 달리 가정법원 관할과 신고 기한이 핵심입니다. 상속인이 타지역·해외에 있거나 평일 방문이 어려워도, 사망일·최후 주소·상속인 구성·채무 윤곽을 먼저 알려주시면 준비서류와 일정부터 안내할 수 있습니다. 상담 시 확인하는 내용 방문 없이 준비하는 상속포기·한정승인 사건은 서류·관할·기한에 따라 진행 순서가 달라집니다. 다옴법무사사무소는 부산 해운대구·센텀에서 상속등기·부동산등기·법인등기·개인회생·파산 등",177,b6e6e176169c7846
/방문없이준비하는유상증자,"투자 유치나 유상증자로 신주를 발행·납입했다면, 자본금·발행주식 수가 등기부에 반영되도록 등기가 필요합니다. 주주 간 지분 양도와는 구조가 다릅니다. 이 페이지는 부산 유상증자등기 절차 허브와 달리, 주주·임원이 여러 지역에 있을 때 결의·납입·등기 서류를 원격으로 맞추는 순서에 초점을 둡니다. 투자 유치나 유상증자로 신주를 발행·납입했다면, 자본금·발행주식 수가 등기부에 반영되도록 등기가 필요합니다. 주주 간 지분 양도와는 구조가 다릅니다. 이 페이지는 부산 유상증자등기 절차 허브와 달리, 주주·임원이 여러 지역에 있을 때 결의·납입·등기 서류를 원격으로 맞추는 순서에 초점을 둡니다. 투자 유치나 유상증자로 신주를 발행·납입했다면, 자본금·발행주식 수가 등기부에 반영되도록 등기가 필요합니다. 주주 간 지분 양도와는 구조가 다릅니다. 이 페이지는 부산 유상증자등기 절차 허브와 달리, 주주·임원이 여러 지역에 있을 때 결의·납입·등기 서류를 원격으로 맞추는 순서에 초점을 둡니다. 상담",204,1a814c2dd8caf6a7
/방문없이준비하는임원변경,"임기 만료·사임·취임·대표이사 변경이 있을 때, 등기사항증명서와 정관만 보내 주셔도 변경 가능 범위와 준비서류를 먼저 확인할 수 있습니다. 이 페이지는 부산 임원변경등기 절차 안내와 역할이 다르며, 임원이 여러 지역에 있거나 방문이 어려운 경우의 서류 순서에 초점을 둡니다. 임기 만료·사임·취임·대표이사 변경이 있을 때, 등기사항증명서와 정관만 보내 주셔도 변경 가능 범위와 준비서류를 먼저 확인할 수 있습니다. 이 페이지는 부산 임원변경등기 절차 안내와 역할이 다르며, 임원이 여러 지역에 있거나 방문이 어려운 경우의 서류 순서에 초점을 둡니다. 임기 만료·사임·취임·대표이사 변경이 있을 때, 등기사항증명서와 정관만 보내 주셔도 변경 가능 범위와 준비서류를 먼저 확인할 수 있습니다. 이 페이지는 부산 임원변경등기 절차 안내와 역할이 다르며, 임원이 여러 지역에 있거나 방문이 어려운 경우의 서류 순서에 초점을 둡니다. 상담 시 확인하는 내용 방문 없이 준비하는 임원변경등기 사건은 서류·",209,f34e702d7991bb67
/방문없이준비하는전세권말소,"전세 계약을 끝내고 보증금을 정산했는데 등기부에 전세권이 남아 있으면 매도·신규 대출·후속 등기가 막힐 수 있습니다. 이 페이지는 부산 전세권말소등기 절차 허브와 달리, 방문 없이 계약서·말소 동의·신분 서류를 먼저 점검하는 순서에 초점을 둡니다. 전세 계약을 끝내고 보증금을 정산했는데 등기부에 전세권이 남아 있으면 매도·신규 대출·후속 등기가 막힐 수 있습니다. 이 페이지는 부산 전세권말소등기 절차 허브와 달리, 방문 없이 계약서·말소 동의·신분 서류를 먼저 점검하는 순서에 초점을 둡니다. 전세 계약을 끝내고 보증금을 정산했는데 등기부에 전세권이 남아 있으면 매도·신규 대출·후속 등기가 막힐 수 있습니다. 이 페이지는 부산 전세권말소등기 절차 허브와 달리, 방문 없이 계약서·말소 동의·신분 서류를 먼저 점검하는 순서에 초점을 둡니다. 상담 시 확인하는 내용 방문 없이 준비하는 전세권 말소 사건은 서류·관할·기한에 따라 진행 순서가 달라집니다. 다옴법무사사무소는 부산 해운대구·센텀에",199,897e14a758741654
/방문없이준비하는지급명령서류,"미수금·대여금처럼 금전 채권을 지급명령으로 검토할 때, 계약서·입금내역·카카오톡 기록만 있어도 서류 작성 범위를 먼저 확인할 수 있습니다. 부산지방법원 지급명령 안내가 관할·절차 중심이라면, 이 페이지는 방문 전 입증자료 정리에 초점을 둡니다. 미수금·대여금처럼 금전 채권을 지급명령으로 검토할 때, 계약서·입금내역·카카오톡 기록만 있어도 서류 작성 범위를 먼저 확인할 수 있습니다. 부산지방법원 지급명령 안내가 관할·절차 중심이라면, 이 페이지는 방문 전 입증자료 정리에 초점을 둡니다. 미수금·대여금처럼 금전 채권을 지급명령으로 검토할 때, 계약서·입금내역·카카오톡 기록만 있어도 서류 작성 범위를 먼저 확인할 수 있습니다. 부산지방법원 지급명령 안내가 관할·절차 중심이라면, 이 페이지는 방문 전 입증자료 정리에 초점을 둡니다. 상담 시 확인하는 내용 방문 없이 준비하는 지급명령 서류 사건은 서류·관할·기한에 따라 진행 순서가 달라집니다. 다옴법무사사무소는 부산 해운대구·센텀에서 상속등",190,d0c37789bddc2f6f
/범일동법무사,"범일동에서는 ‘권리금을 냈는데 건물 명의는 그대로다’, ‘범천동 상가에 임차인이 있는데 매수인이 승계를 거부한다’, ‘법인 소유 창고를 개인에게 팔려면 어떤 결의가 필요한가’ 같은 문제가 나옵니다. 권리금은 영업상 약정일 수 있고 소유권등기와는 별개입니다. 임차인이 있는 상가는 보증금·계약기간·업종 제한을 매매특약과 맞춰야 잔금일에 갈등이 줄어듭니다. 법인 소유라면 등기사항전부증명서와 의사록·정관 규정을 확인하지 않은 채 개인 인감만 준비하면 접수가 멈출 수 있습니다. 범일동에서는 범일·범천 물류·공구상가와 배후 주거를 볼 때 상가 매매와 권리금·임대차 승계의 분리를 상가 매매계약서·임대차 현황·법인 등기부와 맞춰 확인합니다. 다옴법무사사무소는 해운대 센텀에서 상담합니다. 범일동에서는 ‘권리금을 냈는데 건물 명의는 그대로다’, ‘범천동 상가에 임차인이 있는데 매수인이 승계를 거부한다’, ‘법인 소유 창고를 개인에게 팔려면 어떤 결의가 필요한가’ 같은 문제가 나옵니다. 권리금은 영업상",491,4038d7df106ee3bf
/법률강의,"안윤정 법무사가 생활법률·전세사기·창업·청년 법률교육을 부산 중심으로 출강합니다. 공공기관·도서관·기업·학교·청년·복지기관 담당자가 주제와 이력을 고른 뒤 문의하시면 됩니다. 안윤정 법무사가 생활법률·전세사기·창업·청년 법률교육을 부산 중심으로 출강합니다. 공공기관·도서관·기업·학교·청년·복지기관 담당자가 주제와 이력을 고른 뒤 문의하시면 됩니다. 안윤정 법무사가 생활법률·전세사기·창업·청년 법률교육을 부산 중심으로 출강합니다. 공공기관·도서관·기업·학교·청년·복지기관 담당자가 주제와 이력을 고른 뒤 문의하시면 됩니다. 상담 시 확인하는 내용 부산 법률 강의·특강 사건은 서류·관할·기한에 따라 진행 순서가 달라집니다. 다옴법무사사무소는 부산 해운대구·센텀에서 상속등기·부동산등기·법인등기·개인회생·파산 등을 다루며, 의뢰인 상황에 맞춰 절차와 비용을 알기 쉽게 설명합니다. 불확실한 부분은 추측으로 단정하지 않고, 확인된 사실을 바탕으로 안내드립니다. 전화·카카오톡·네이버 톡톡으로 간단",224,fc183d007129764f
/법무사맡기면달라지는점,"법무사에게 맡기면 뭐가 달라지나요 검색 시, 키워드만 보고 결정하기보다 직접 진행 vs 대행에 맞는 서류·기한·관할·비용을 먼저 확인하는 것이 안전합니다. 법무사에게 맡기면 뭐가 달라지나요 검색 시, 키워드만 보고 결정하기보다 직접 진행 vs 대행에 맞는 서류·기한·관할·비용을 먼저 확인하는 것이 안전합니다. 법무사에게 맡기면 뭐가 달라지나요 검색 시, 키워드만 보고 결정하기보다 직접 진행 vs 대행에 맞는 서류·기한·관할·비용을 먼저 확인하는 것이 안전합니다. 상담 시 확인하는 내용 법무사에게 맡기면 뭐가 달라지나요 사건은 서류·관할·기한에 따라 진행 순서가 달라집니다. 다옴법무사사무소는 부산 해운대구·센텀에서 상속등기·부동산등기·법인등기·개인회생·파산 등을 다루며, 의뢰인 상황에 맞춰 절차와 비용을 알기 쉽게 설명합니다. 불확실한 부분은 추측으로 단정하지 않고, 확인된 사실을 바탕으로 안내드립니다. 전화·카카오톡·네이버 톡톡으로 간단히 상황을 남겨 주시면 필요한 준비부터 차분히 ",336,189fe6d969650ffe
/법무사방문전준비,"법무사 방문 전 준비 검색 시, 키워드만 보고 결정하기보다 방문 상담 준비에 맞는 서류·기한·관할·비용을 먼저 확인하는 것이 안전합니다. 법무사 방문 전 준비 검색 시, 키워드만 보고 결정하기보다 방문 상담 준비에 맞는 서류·기한·관할·비용을 먼저 확인하는 것이 안전합니다. 법무사 방문 전 준비 검색 시, 키워드만 보고 결정하기보다 방문 상담 준비에 맞는 서류·기한·관할·비용을 먼저 확인하는 것이 안전합니다. 상담 시 확인하는 내용 법무사 방문 전 준비 사건은 서류·관할·기한에 따라 진행 순서가 달라집니다. 다옴법무사사무소는 부산 해운대구·센텀에서 상속등기·부동산등기·법인등기·개인회생·파산 등을 다루며, 의뢰인 상황에 맞춰 절차와 비용을 알기 쉽게 설명합니다. 불확실한 부분은 추측으로 단정하지 않고, 확인된 사실을 바탕으로 안내드립니다. 전화·카카오톡·네이버 톡톡으로 간단히 상황을 남겨 주시면 필요한 준비부터 차분히 정리해 드리겠습니다. 법무사 방문 전 준비 검색 시 무엇을 먼저 확",296,7c7e432114d70deb
/법무사법인설립등기,"법무사법인 설립은 법무사법상 법인 설립 요건·인가 후 설립등기가 필요합니다. 구성원 변경 시에도 등기가 필요할 수 있습니다. 법무사법인 설립은 법무사법상 법인 설립 요건·인가 후 설립등기가 필요합니다. 구성원 변경 시에도 등기가 필요할 수 있습니다. 법무사법인은 법무사법에 따라 둘 이상의 법무사가 법인으로 사무소를 운영하는 형태입니다. 상담 시 확인하는 내용 법무사법인 설립등기 사건은 서류·관할·기한에 따라 진행 순서가 달라집니다. 다옴법무사사무소는 부산 해운대구·센텀에서 상속등기·부동산등기·법인등기·개인회생·파산 등을 다루며, 의뢰인 상황에 맞춰 절차와 비용을 알기 쉽게 설명합니다. 불확실한 부분은 추측으로 단정하지 않고, 확인된 사실을 바탕으로 안내드립니다. 전화·카카오톡·네이버 톡톡으로 간단히 상황을 남겨 주시면 필요한 준비부터 차분히 정리해 드리겠습니다. 법무사법인 설립등기 상담은 어디서 받을 수 있나요? 다옴법무사사무소는 해운대구 센텀에 있으며, 부산 전역 사건을 전화·카카",146,65f3db8ad4d54889
/법무사보수,"보수와 실비를 한 단어로 섞어 검색하는 경우가 많습니다. 대표 구성 안내는 부산 법무사 비용 페이지입니다. 보수와 실비를 한 단어로 섞어 검색하는 경우가 많습니다. 대표 구성 안내는 부산 법무사 비용 페이지입니다. 보수와 실비를 한 단어로 섞어 검색하는 경우가 많습니다. 대표 구성 안내는 부산 법무사 비용 페이지입니다. 수임료·수수료·비용은 같은 질문을 가리키는 경우가 많습니다 검색어만 다르고 알고 싶은 내용은 ‘실제로 얼마가 들고, 무엇이 포함인가’인 경우가 많습니다. 대표 안내는 부산 법무사 비용 페이지에서 보수와 세금·공과금을 구분해 설명합니다. 이 페이지는 용어 혼동을 줄이기 위한 보조 안내입니다. 상담 시 확인하는 내용 법무사 보수 사건은 서류·관할·기한에 따라 진행 순서가 달라집니다. 다옴법무사사무소는 부산 해운대구·센텀에서 상속등기·부동산등기·법인등기·개인회생·파산 등을 다루며, 의뢰인 상황에 맞춰 절차와 비용을 알기 쉽게 설명합니다. 불확실한 부분은 추측으로 단정하지 ",327,0b2e98689d044660
/법무사비용,"전국형 검색어 ‘법무사 비용’도 실제로는 업무별 공과금 구조가 핵심입니다. 부산 사건은 부산 법무사 비용 안내에서 업무별로 이어갑니다. 전국형 검색어 ‘법무사 비용’도 실제로는 업무별 공과금 구조가 핵심입니다. 부산 사건은 부산 법무사 비용 안내에서 업무별로 이어갑니다. 전국형 검색어 ‘법무사 비용’도 실제로는 업무별 공과금 구조가 핵심입니다. 부산 사건은 부산 법무사 비용 안내에서 업무별로 이어갑니다. 수임료·수수료·비용은 같은 질문을 가리키는 경우가 많습니다 검색어만 다르고 알고 싶은 내용은 ‘실제로 얼마가 들고, 무엇이 포함인가’인 경우가 많습니다. 대표 안내는 부산 법무사 비용 페이지에서 보수와 세금·공과금을 구분해 설명합니다. 이 페이지는 용어 혼동을 줄이기 위한 보조 안내입니다. 상담 시 확인하는 내용 법무사 비용 사건은 서류·관할·기한에 따라 진행 순서가 달라집니다. 다옴법무사사무소는 부산 해운대구·센텀에서 상속등기·부동산등기·법인등기·개인회생·파산 등을 다루며, 의뢰인",336,8157a5ad40465266
/법무사비용먼저확인하는방법,"‘법무사 비용 먼저 확인’, ‘서류를 보내기 전 비용 확인’, ‘공과금과 법무사 보수 차이’를 찾는 분께, 업무마다 견적에 필요한 기본 정보가 다르다는 점부터 안내합니다. 상속 상담 전 서류·비용 페이지가 상속 특화라면, 이 페이지는 상속·법인·부동산·민사 신청을 가로지르는 비용 확인 방법입니다. ‘법무사 비용 먼저 확인’, ‘서류를 보내기 전 비용 확인’, ‘공과금과 법무사 보수 차이’를 찾는 분께, 업무마다 견적에 필요한 기본 정보가 다르다는 점부터 안내합니다. 상속 상담 전 서류·비용 페이지가 상속 특화라면, 이 페이지는 상속·법인·부동산·민사 신청을 가로지르는 비용 확인 방법입니다. ‘법무사 비용 먼저 확인’, ‘서류를 보내기 전 비용 확인’, ‘공과금과 법무사 보수 차이’를 찾는 분께, 업무마다 견적에 필요한 기본 정보가 다르다는 점부터 안내합니다. 상속 상담 전 서류·비용 페이지가 상속 특화라면, 이 페이지는 상속·법인·부동산·민사 신청을 가로지르는 비용 확인 방법입니다.",222,27203e92518aaa9c
/법무사상담,"법무사 상담은 상속·부동산·법인 등기와 개인회생·파산 서류 등 실무 절차를 정리하는 데 초점을 둡니다. 법무사 상담은 상속·부동산·법인 등기와 개인회생·파산 서류 등 실무 절차를 정리하는 데 초점을 둡니다. 법무사 상담은 상속·부동산·법인 등기와 개인회생·파산 서류 등 실무 절차를 정리하는 데 초점을 둡니다. 비용 안내 상담 문의 자체는 상황 확인을 위한 것이며, 수임료·공과금은 사건 확인 후 구분해 안내합니다. 관할·접근 안내 남겨주신 상황을 확인한 뒤 관할·서류·절차를 안내합니다. 확정 견적은 사건 확인 후입니다. 상담 목적 관련 서류(있으면) 연락처 법무사 의견 업무명을 몰라도, 서류가 없어도 현재 상황만 알려 주시면 됩니다. 필요한 절차를 확인한 뒤 안내드립니다. 상담 시 확인하는 내용 법무사 상담이란 사건은 서류·관할·기한에 따라 진행 순서가 달라집니다. 다옴법무사사무소는 부산 해운대구·센텀에서 상속등기·부동산등기·법인등기·개인회생·파산 등을 다루며, 의뢰인 상황에 맞춰 절",186,5687f962688e3091
/법무사상담전준비,"법무사 상담 전 준비 검색 시, 키워드만 보고 결정하기보다 상담 전 준비에 맞는 서류·기한·관할·비용을 먼저 확인하는 것이 안전합니다. 법무사 상담 전 준비 검색 시, 키워드만 보고 결정하기보다 상담 전 준비에 맞는 서류·기한·관할·비용을 먼저 확인하는 것이 안전합니다. 법무사 상담 전 준비 검색 시, 키워드만 보고 결정하기보다 상담 전 준비에 맞는 서류·기한·관할·비용을 먼저 확인하는 것이 안전합니다. 상담 시 확인하는 내용 법무사 상담 전 준비 사건은 서류·관할·기한에 따라 진행 순서가 달라집니다. 다옴법무사사무소는 부산 해운대구·센텀에서 상속등기·부동산등기·법인등기·개인회생·파산 등을 다루며, 의뢰인 상황에 맞춰 절차와 비용을 알기 쉽게 설명합니다. 불확실한 부분은 추측으로 단정하지 않고, 확인된 사실을 바탕으로 안내드립니다. 전화·카카오톡·네이버 톡톡으로 간단히 상황을 남겨 주시면 필요한 준비부터 차분히 정리해 드리겠습니다. 법무사 상담 전 준비 검색 시 무엇을 먼저 확인해야",296,4d8e2c90da41d2df
/법무사수임료,"법무사 수임료만 비교하면 세금·수수료가 빠진 금액을 총액으로 오해하기 쉽습니다. 지역 대표 안내는 부산 법무사 비용 페이지입니다. 법무사 수임료만 비교하면 세금·수수료가 빠진 금액을 총액으로 오해하기 쉽습니다. 지역 대표 안내는 부산 법무사 비용 페이지입니다. 법무사 수임료만 비교하면 세금·수수료가 빠진 금액을 총액으로 오해하기 쉽습니다. 지역 대표 안내는 부산 법무사 비용 페이지입니다. 수임료·수수료·비용은 같은 질문을 가리키는 경우가 많습니다 검색어만 다르고 알고 싶은 내용은 ‘실제로 얼마가 들고, 무엇이 포함인가’인 경우가 많습니다. 대표 안내는 부산 법무사 비용 페이지에서 보수와 세금·공과금을 구분해 설명합니다. 이 페이지는 용어 혼동을 줄이기 위한 보조 안내입니다. 상담 시 확인하는 내용 법무사 수임료 사건은 서류·관할·기한에 따라 진행 순서가 달라집니다. 다옴법무사사무소는 부산 해운대구·센텀에서 상속등기·부동산등기·법인등기·개인회생·파산 등을 다루며, 의뢰인 상황에 맞춰 ",330,be8427fc59aed4d6
/법무사진로특강,"법무사 시험 합격 경험과 실무·강의 경험을 바탕으로, 직업의 일과 준비 과정을 이야기합니다. 법무사 시험 합격 경험과 실무·강의 경험을 바탕으로, 직업의 일과 준비 과정을 이야기합니다. 법무사 시험 합격 경험과 실무·강의 경험을 바탕으로, 직업의 일과 준비 과정을 이야기합니다. 상담 시 확인하는 내용 법무사 진로특강 사건은 서류·관할·기한에 따라 진행 순서가 달라집니다. 다옴법무사사무소는 부산 해운대구·센텀에서 상속등기·부동산등기·법인등기·개인회생·파산 등을 다루며, 의뢰인 상황에 맞춰 절차와 비용을 알기 쉽게 설명합니다. 불확실한 부분은 추측으로 단정하지 않고, 확인된 사실을 바탕으로 안내드립니다. 전화·카카오톡·네이버 톡톡으로 간단히 상황을 남겨 주시면 필요한 준비부터 차분히 정리해 드리겠습니다. 합격 노하우만 강의하나요? 일과 현장 중심으로 이야기하며, 합격을 보장하지 않습니다. 중·고등 모두 가능한가요? 학년 눈높이에 맞게 조절합니다. 생활법률과 합반 가능한가요? 시간 배분에",141,50c8e75b27d3ae77
/법무사협업,"법무사 협업 검색 시, 키워드만 보고 결정하기보다 B2B 협업에 맞는 서류·기한·관할·비용을 먼저 확인하는 것이 안전합니다. 법무사 협업 검색 시, 키워드만 보고 결정하기보다 B2B 협업에 맞는 서류·기한·관할·비용을 먼저 확인하는 것이 안전합니다. 법무사 협업 검색 시, 키워드만 보고 결정하기보다 B2B 협업에 맞는 서류·기한·관할·비용을 먼저 확인하는 것이 안전합니다. 상담 시 확인하는 내용 법무사 협업 사건은 서류·관할·기한에 따라 진행 순서가 달라집니다. 다옴법무사사무소는 부산 해운대구·센텀에서 상속등기·부동산등기·법인등기·개인회생·파산 등을 다루며, 의뢰인 상황에 맞춰 절차와 비용을 알기 쉽게 설명합니다. 불확실한 부분은 추측으로 단정하지 않고, 확인된 사실을 바탕으로 안내드립니다. 전화·카카오톡·네이버 톡톡으로 간단히 상황을 남겨 주시면 필요한 준비부터 차분히 정리해 드리겠습니다. 법무사 협업 검색 시 무엇을 먼저 확인해야 하나요? 법무사 협업는 보통 ‘견적만’이 아니라 ",276,bca9bce0598b1aa5
/법인공증준비,"법인 공증 준비의 핵심은 ‘우리 사건에서 정관·의사록 인증이 필요한지’와 ‘인증 후 어떤 등기를 신청할지’를 나누는 것입니다. 공증은 공증인, 법인등기는 등기 절차로 진행합니다. 법인 공증 준비의 핵심은 ‘우리 사건에서 정관·의사록 인증이 필요한지’와 ‘인증 후 어떤 등기를 신청할지’를 나누는 것입니다. 공증은 공증인, 법인등기는 등기 절차로 진행합니다. 부산에서 법인설립이나 변경등기를 준비하다 보면 정관·주주총회의사록·이사회의사록에 공증(인증)이 필요한지 함께 확인하게 되는 경우가 있습니다. 상담 시 확인하는 내용 법인 공증 준비 안내 사건은 서류·관할·기한에 따라 진행 순서가 달라집니다. 다옴법무사사무소는 부산 해운대구·센텀에서 상속등기·부동산등기·법인등기·개인회생·파산 등을 다루며, 의뢰인 상황에 맞춰 절차와 비용을 알기 쉽게 설명합니다. 불확실한 부분은 추측으로 단정하지 않고, 확인된 사실을 바탕으로 안내드립니다. 전화·카카오톡·네이버 톡톡으로 간단히 상황을 남겨 주시면 필요",159,c28356992f1edfa6
/법인등기,"법인 설립·임원 변경·본점 이전·정관 변경은 주주총회·이사회 결의와 등기신청서 작성이 맞아야 합니다. 결의 후 등기 기한을 넘기면 과태료가 부과될 수 있고, 정관과 등기부 불일치는 거래·대출에서 문제가 됩니다. 부산 센텀·문현금융단지·명지·에코델타시티 등 법인 밀집 지역에서는 스타트업 설립과 투자 유치 후 임원변경 상담이 이어집니다. 다옴법무사사무소는 설립부터 변경·청산까지 단계별 서류와 비용을 안내합니다. 법인 설립·임원 변경·본점 이전·정관 변경은 주주총회·이사회 결의와 등기신청서 작성이 맞아야 합니다. 결의 후 등기 기한을 넘기면 과태료가 부과될 수 있고, 정관과 등기부 불일치는 거래·대출에서 문제가 됩니다. 부산 센텀·문현금융단지·명지·에코델타시티 등 법인 밀집 지역에서는 스타트업 설립과 투자 유치 후 임원변경 상담이 이어집니다. 다옴법무사사무소는 설립부터 변경·청산까지 단계별 서류와 비용을 안내합니다. 부산 센텀·문현금융단지·명지·에코델타시티 등 법인 밀집 지역에서는 스타트",346,3eeb22508d0b2124
/법인등기과태료,"과태료만 보고 단정하기보다, 법인등기의 사실관계·기한·관할을 먼저 나눠 보는 것이 실무적입니다. 주식회사·유한회사 등 법인의 설립 이후 변경·이전 등기를 처리합니다. 센텀·서면 일대 법인 설립·임원변경·본점이전을 안내합니다. 다옴법무사사무소는 부산 전역 사건을 다루며 과태료 관련 범위를 항목별로 정리합니다. 과태료만 보고 단정하기보다, 법인등기의 사실관계·기한·관할을 먼저 나눠 보는 것이 실무적입니다. 주식회사·유한회사 등 법인의 설립 이후 변경·이전 등기를 처리합니다. 센텀·서면 일대 법인 설립·임원변경·본점이전을 안내합니다. 다옴법무사사무소는 부산 전역 사건을 다루며 과태료 관련 범위를 항목별로 정리합니다. 부산은 관할 법원·등기소가 사건별로 달라 사전 정리가 중요한 지역입니다. 주식회사·유한회사 등 법인의 설립 이후 변경·이전 등기를 처리합니다. 센텀·서면 일대 법인 설립·임원변경·본점이전을 안내합니다. 비용이 달라지는 이유 말소할 근저당·전세권 목록을 본등기 신청서와 같은 묶",472,d14441a9a6edf94d
/법인등기기간,"기간만 보고 단정하기보다, 법인등기의 사실관계·기한·관할을 먼저 나눠 보는 것이 실무적입니다. 주식회사·유한회사 등 법인의 설립 이후 변경·이전 등기를 처리합니다. 센텀·서면 일대 법인 설립·임원변경·본점이전을 안내합니다. 다옴법무사사무소는 부산 전역 사건을 다루며 기간 관련 범위를 항목별로 정리합니다. 기간만 보고 단정하기보다, 법인등기의 사실관계·기한·관할을 먼저 나눠 보는 것이 실무적입니다. 주식회사·유한회사 등 법인의 설립 이후 변경·이전 등기를 처리합니다. 센텀·서면 일대 법인 설립·임원변경·본점이전을 안내합니다. 다옴법무사사무소는 부산 전역 사건을 다루며 기간 관련 범위를 항목별로 정리합니다. 부산은 관할 법원·등기소가 사건별로 달라 사전 정리가 중요한 지역입니다. 주식회사·유한회사 등 법인의 설립 이후 변경·이전 등기를 처리합니다. 센텀·서면 일대 법인 설립·임원변경·본점이전을 안내합니다. 법정 기한 회생·파산 경로에서는 소득·재산·채무 목록 정합성을 신청서 품질의 기준",509,6087eb3fb3024440
/법인등기기한,법인등기 기한 안내는 법정·실무상 놓치기 쉬운 날짜(결의일·상속 개시·잔금일)를 중심으로 정리합니다. 기한이 임박하면 서류 완비보다 우선순위 절차부터 안내합니다. 주식회사·유한회사 등 법인의 설립 이후 변경·이전 등기를 처리합니다. 센텀·서면 일대 법인 설립·임원변경·본점이전을 안내합니다. 다옴법무사사무소는 부산 전역 사건을 다루며 기한 관련 범위를 항목별로 정리합니다. 법인등기 기한 안내는 법정·실무상 놓치기 쉬운 날짜(결의일·상속 개시·잔금일)를 중심으로 정리합니다. 기한이 임박하면 서류 완비보다 우선순위 절차부터 안내합니다. 주식회사·유한회사 등 법인의 설립 이후 변경·이전 등기를 처리합니다. 센텀·서면 일대 법인 설립·임원변경·본점이전을 안내합니다. 다옴법무사사무소는 부산 전역 사건을 다루며 기한 관련 범위를 항목별로 정리합니다. 부산은 관할 법원·등기소가 사건별로 달라 사전 정리가 중요한 지역입니다. 주식회사·유한회사 등 법인의 설립 이후 변경·이전 등기를 처리합니다. 센텀,502,1d7e32ac1bc3c5a8
/법인등기보수표,"법인등기 보수표 검색은 법인등기 비용과 같은 의도인 경우가 많습니다. 설립과 변경을 한 표에 섞지 않습니다. 법인등기 보수표 검색은 법인등기 비용과 같은 의도인 경우가 많습니다. 설립과 변경을 한 표에 섞지 않습니다. 법인등기 보수표 검색은 법인등기 비용과 같은 의도인 경우가 많습니다. 설립과 변경을 한 표에 섞지 않습니다. 대표 비용 안내로 이어가기 검색어만 수임료·수수료·보수표로 달라도, 알고 싶은 내용은 대개 실비와 보수를 나누는 일입니다. 검색 의도별 다음 안내 법인등기 보수표 관련해서는 허브 페이지에서 절차를 고른 뒤, 필요하면 상담으로 이어가면 됩니다. 상담 시 확인하는 내용 법인등기 보수표 사건은 서류·관할·기한에 따라 진행 순서가 달라집니다. 다옴법무사사무소는 부산 해운대구·센텀에서 상속등기·부동산등기·법인등기·개인회생·파산 등을 다루며, 의뢰인 상황에 맞춰 절차와 비용을 알기 쉽게 설명합니다. 불확실한 부분은 추측으로 단정하지 않고, 확인된 사실을 바탕으로 안내드립니",222,b3d62f653819baba
/법인등기비용,"법인등기 비용은 설립과 변경(임원·본점·목적·증자·해산)을 한 표에 섞지 않습니다. 설립은 자본금·등록세 구조가, 변경은 결의 항목 수가 중심입니다. 법인등기 비용은 설립과 변경(임원·본점·목적·증자·해산)을 한 표에 섞지 않습니다. 설립은 자본금·등록세 구조가, 변경은 결의 항목 수가 중심입니다. 법인등기 비용은 설립과 변경(임원·본점·목적·증자·해산)을 한 표에 섞지 않습니다. 설립은 자본금·등록세 구조가, 변경은 결의 항목 수가 중심입니다. 설립과 변경을 나누는 이유 설립 전용 견적은 법인설립등기 비용 안내, 이미 운영 중인 회사의 변경은 이 페이지와 부산 법인등기 허브에서 이어갑니다. 검색 의도별 다음 안내 법인등기 비용 관련해서는 허브 페이지에서 절차를 고른 뒤, 필요하면 상담으로 이어가면 됩니다. 상담 시 확인하는 내용 법인등기 비용 사건은 서류·관할·기한에 따라 진행 순서가 달라집니다. 다옴법무사사무소는 부산 해운대구·센텀에서 상속등기·부동산등기·법인등기·개인회생·파산 ",226,502ac07ee4fabcde
/법인등기상담,"설립·임원변경·본점이전은 결의일과 기한이 중요합니다. 서류가 없어도 날짜부터 확인해 드립니다. 설립·임원변경·본점이전은 결의일과 기한이 중요합니다. 서류가 없어도 날짜부터 확인해 드립니다. 설립·임원변경·본점이전은 결의일과 기한이 중요합니다. 서류가 없어도 날짜부터 확인해 드립니다. 비용 안내 상담 문의 자체는 상황 확인을 위한 것이며, 수임료·공과금은 사건 확인 후 구분해 안내합니다. 관할·접근 안내 남겨주신 상황을 확인한 뒤 관할·서류·절차를 안내합니다. 확정 견적은 사건 확인 후입니다. 등기사항전부증명서(있으면) 변경 내용 취임일 법무사 의견 업무명을 몰라도, 서류가 없어도 현재 상황만 알려 주시면 됩니다. 필요한 절차를 확인한 뒤 안내드립니다. 상담 시 확인하는 내용 법인등기 상담 사건은 서류·관할·기한에 따라 진행 순서가 달라집니다. 다옴법무사사무소는 부산 해운대구·센텀에서 상속등기·부동산등기·법인등기·개인회생·파산 등을 다루며, 의뢰인 상황에 맞춰 절차와 비용을 알기 쉽게",168,85f5085245e055ac
/법인등기실수모음,"법인등기에서 많이 하는 실수 검색 시, 키워드만 보고 결정하기보다 법인등기 실수 예방에 맞는 서류·기한·관할·비용을 먼저 확인하는 것이 안전합니다. 법인등기에서 많이 하는 실수 검색 시, 키워드만 보고 결정하기보다 법인등기 실수 예방에 맞는 서류·기한·관할·비용을 먼저 확인하는 것이 안전합니다. 법인등기에서 많이 하는 실수 검색 시, 키워드만 보고 결정하기보다 법인등기 실수 예방에 맞는 서류·기한·관할·비용을 먼저 확인하는 것이 안전합니다. 상담 시 확인하는 내용 법인등기에서 많이 하는 실수 사건은 서류·관할·기한에 따라 진행 순서가 달라집니다. 다옴법무사사무소는 부산 해운대구·센텀에서 상속등기·부동산등기·법인등기·개인회생·파산 등을 다루며, 의뢰인 상황에 맞춰 절차와 비용을 알기 쉽게 설명합니다. 불확실한 부분은 추측으로 단정하지 않고, 확인된 사실을 바탕으로 안내드립니다. 전화·카카오톡·네이버 톡톡으로 간단히 상황을 남겨 주시면 필요한 준비부터 차분히 정리해 드리겠습니다. 법인등",296,4b1cdb4d2515523f
/법인등기자가진단,"대표 변경 등기나 본점이전 등기가 필요한지, 기한은 얼마나 남았는지 아래 진단으로 먼저 확인해 보세요. 대표 변경 등기나 본점이전 등기가 필요한지, 기한은 얼마나 남았는지 아래 진단으로 먼저 확인해 보세요. 대표 변경 등기나 본점이전 등기가 필요한지, 기한은 얼마나 남았는지 아래 진단으로 먼저 확인해 보세요. 법인등기는 설립·임원변경·본점이전·정관변경·증자·해산·청산 등 회사 상태를 등기부에 반영하는 절차입니다. 부산 법인등기 수요는 센텀·해운대 스타트업과 제조·물류 본사 이전 사례가 많습니다. 자가진단 결과 안내 법인등기 자가진단은 설립 등기뿐 아니라 변경등기 전반의 긴급도를 봅니다. 결의 요건 미충족·기한 경과 가능성이 있으면 상담 권장 단계로 안내됩니다. 사전 정보 확인은 ‘어떤 변경인지·정관상 요건은 맞는지’를 정리하는 단계입니다. 아직 이사회·주주총회 일정만 잡은 경우 여기에 해당할 수 있습니다. 검토 필요는 복수 변경(임원+본점이전 등)이 겹치거나, 구 등기가 안 된 취임",682,63ccc152715f617a
/법인등기준비서류,"법인등기 ‘준비서류’ 안내는 상담 전에 모아 두면 좋은 참고 자료(등기부·계약서 사본·가족관계·잔고 등) 중심입니다. 필수 접수 서류와 달리, 준비서류는 사건 파악용으로 먼저 모아 두면 체크리스트가 짧아집니다. 이 페이지는 ‘상담 전 미리 챙기면 좋은 것’에 초점을 둡니다. 접수 필수 목록은 필요서류 안내와 역할을 나눕니다. 주식회사·유한회사 등 법인의 설립 이후 변경·이전 등기를 처리합니다. 센텀·서면 일대 법인 설립·임원변경·본점이전을 안내합니다. 다옴법무사사무소는 부산 전역 사건을 다루며 준비서류 관련 범위를 항목별로 정리합니다. 법인등기 ‘준비서류’ 안내는 상담 전에 모아 두면 좋은 참고 자료(등기부·계약서 사본·가족관계·잔고 등) 중심입니다. 필수 접수 서류와 달리, 준비서류는 사건 파악용으로 먼저 모아 두면 체크리스트가 짧아집니다. 이 페이지는 ‘상담 전 미리 챙기면 좋은 것’에 초점을 둡니다. 접수 필수 목록은 필요서류 안내와 역할을 나눕니다. 주식회사·유한회사 등 법인",572,78ad17d5f579c96f
/법인등기체크리스트,"법인등기 체크리스트 검색 시, 키워드만 보고 결정하기보다 법인등기 체크리스트에 맞는 서류·기한·관할·비용을 먼저 확인하는 것이 안전합니다. 법인등기 체크리스트 검색 시, 키워드만 보고 결정하기보다 법인등기 체크리스트에 맞는 서류·기한·관할·비용을 먼저 확인하는 것이 안전합니다. 법인등기 체크리스트 검색 시, 키워드만 보고 결정하기보다 법인등기 체크리스트에 맞는 서류·기한·관할·비용을 먼저 확인하는 것이 안전합니다. 상담 시 확인하는 내용 법인등기 체크리스트 사건은 서류·관할·기한에 따라 진행 순서가 달라집니다. 다옴법무사사무소는 부산 해운대구·센텀에서 상속등기·부동산등기·법인등기·개인회생·파산 등을 다루며, 의뢰인 상황에 맞춰 절차와 비용을 알기 쉽게 설명합니다. 불확실한 부분은 추측으로 단정하지 않고, 확인된 사실을 바탕으로 안내드립니다. 전화·카카오톡·네이버 톡톡으로 간단히 상황을 남겨 주시면 필요한 준비부터 차분히 정리해 드리겠습니다. 법인등기 체크리스트 검색 시 무엇을 먼저 ",276,54e2916bcf6c0355
/법인등기필요서류,"법인등기 ‘필요서류’는 접수에 반드시 붙는 핵심 서류 목록에 초점을 둡니다. 상담 전 참고용 자료(준비서류)와 역할을 나눕니다. 법인등기 ‘필요서류’는 접수에 반드시 붙는 핵심 서류 목록에 초점을 둡니다. 상담 전 참고용 자료(준비서류)와 역할을 나눕니다. 법인등기 ‘필요서류’는 접수에 반드시 붙는 핵심 서류 목록에 초점을 둡니다. 상담 전 참고용 자료(준비서류)와 역할을 나눕니다. 필요서류와 준비서류의 차이 필요서류는 접수에 없으면 진행이 멈추는 항목입니다. 준비서류는 상담·견적용 참고 자료로, /법인등기준비서류 안내에 가깝습니다. 유형별 필수에 가까운 항목 공통으로 법인등기부·신청인 신분·위임장이 자주 쓰이고, 임원변경은 취임승낙·인감·의사록, 설립은 정관·잔고증명 등이 핵심입니다. 사건마다 ★ 표시를 다시 드립니다. 제출 전 체크 인감 유효기간·용도, 의사록 날인, 본점 주소 표기 일치 여부를 접수 직전에 봅니다. 검색 의도별 다음 안내 법인등기 필요서류 관련해서는 허브 페이지",248,f97abafe0392667e
/법인변경등기,"법인 변경등기는 변경 항목(임원·본점·목적·자본금·해산 등)별로 결의기관과 첨부서류가 다르며, 결의 후 법정 기한 내 등기하지 않으면 과태료가 부과될 수 있습니다. 먼저 등기사항증명서로 현재 등기 상태를 확인한 뒤 해당 유형 페이지를 참고하세요. 법인 변경등기는 변경 항목(임원·본점·목적·자본금·해산 등)별로 결의기관과 첨부서류가 다르며, 결의 후 법정 기한 내 등기하지 않으면 과태료가 부과될 수 있습니다. 먼저 등기사항증명서로 현재 등기 상태를 확인한 뒤 해당 유형 페이지를 참고하세요. 법인 변경등기는 ‘등기 한 번’이 아니라, 변경 사유마다 결의 방식·첨부서류·기한이 달라집니다. 상담 시 확인하는 내용 법인 변경등기 안내 사건은 서류·관할·기한에 따라 진행 순서가 달라집니다. 다옴법무사사무소는 부산 해운대구·센텀에서 상속등기·부동산등기·법인등기·개인회생·파산 등을 다루며, 의뢰인 상황에 맞춰 절차와 비용을 알기 쉽게 설명합니다. 불확실한 부분은 추측으로 단정하지 않고, 확인된 사",175,899ec357efff56db
/법인설립등기과태료,"과태료만 보고 단정하기보다, 법인설립등기의 사실관계·기한·관할을 먼저 나눠 보는 것이 실무적입니다. 정관 작성·자본금 납입·설립 등기까지 창업 초기 법인 설립 절차를 지원합니다. 다옴법무사사무소는 부산 전역 사건을 다루며 과태료 관련 범위를 항목별로 정리합니다. 과태료만 보고 단정하기보다, 법인설립등기의 사실관계·기한·관할을 먼저 나눠 보는 것이 실무적입니다. 정관 작성·자본금 납입·설립 등기까지 창업 초기 법인 설립 절차를 지원합니다. 다옴법무사사무소는 부산 전역 사건을 다루며 과태료 관련 범위를 항목별로 정리합니다. 부산은 관할 법원·등기소가 사건별로 달라 사전 정리가 중요한 지역입니다. 정관 작성·자본금 납입·설립 등기까지 창업 초기 법인 설립 절차를 지원합니다. 비용이 달라지는 이유 수임·등록면허세·지방교육세·수수료 칸을 나눈 견적 초안을 상담 후 공유합니다. 추가 보정 비용은 별도 줄입니다. 이미 소송·가압류가 있으면 등기 가능 시점부터 다시 설계합니다. 단순 매매 일정과 ",468,c1aa2f692460ded2
/법인설립등기기간,"기간만 보고 단정하기보다, 법인설립등기의 사실관계·기한·관할을 먼저 나눠 보는 것이 실무적입니다. 정관 작성·자본금 납입·설립 등기까지 창업 초기 법인 설립 절차를 지원합니다. 다옴법무사사무소는 부산 전역 사건을 다루며 기간 관련 범위를 항목별로 정리합니다. 기간만 보고 단정하기보다, 법인설립등기의 사실관계·기한·관할을 먼저 나눠 보는 것이 실무적입니다. 정관 작성·자본금 납입·설립 등기까지 창업 초기 법인 설립 절차를 지원합니다. 다옴법무사사무소는 부산 전역 사건을 다루며 기간 관련 범위를 항목별로 정리합니다. 부산은 관할 법원·등기소가 사건별로 달라 사전 정리가 중요한 지역입니다. 정관 작성·자본금 납입·설립 등기까지 창업 초기 법인 설립 절차를 지원합니다. 법정 기한 수임·등록면허세·지방교육세·수수료 칸을 나눈 견적 초안을 상담 후 공유합니다. 추가 보정 비용은 별도 줄입니다. 이미 소송·가압류가 있으면 등기 가능 시점부터 다시 설계합니다. 단순 매매 일정과 섞지 않습니다. 회",473,a6d602c72ec121c6
/법인설립등기기한,법인설립등기 기한 안내는 법정·실무상 놓치기 쉬운 날짜(결의일·상속 개시·잔금일)를 중심으로 정리합니다. 기한이 임박하면 서류 완비보다 우선순위 절차부터 안내합니다. 정관 작성·자본금 납입·설립 등기까지 창업 초기 법인 설립 절차를 지원합니다. 다옴법무사사무소는 부산 전역 사건을 다루며 기한 관련 범위를 항목별로 정리합니다. 법인설립등기 기한 안내는 법정·실무상 놓치기 쉬운 날짜(결의일·상속 개시·잔금일)를 중심으로 정리합니다. 기한이 임박하면 서류 완비보다 우선순위 절차부터 안내합니다. 정관 작성·자본금 납입·설립 등기까지 창업 초기 법인 설립 절차를 지원합니다. 다옴법무사사무소는 부산 전역 사건을 다루며 기한 관련 범위를 항목별로 정리합니다. 부산은 관할 법원·등기소가 사건별로 달라 사전 정리가 중요한 지역입니다. 정관 작성·자본금 납입·설립 등기까지 창업 초기 법인 설립 절차를 지원합니다. 법정 기한 전자등기 가능 사건과 방문 열람이 필요한 사건을 분리해 일정을 잡습니다. 보정,508,3f3f41b56b58cdcf
/법인설립등기보수표,"법인설립 보수표 검색은 법인설립 비용과 같은 의도인 경우가 많습니다. 법인설립 보수표 검색은 법인설립 비용과 같은 의도인 경우가 많습니다. 법인설립 보수표 검색은 법인설립 비용과 같은 의도인 경우가 많습니다. 대표 비용 안내로 이어가기 검색어만 수임료·수수료·보수표로 달라도, 알고 싶은 내용은 대개 실비와 보수를 나누는 일입니다. 검색 의도별 다음 안내 법인설립등기 보수표 관련해서는 허브 페이지에서 절차를 고른 뒤, 필요하면 상담으로 이어가면 됩니다. 상담 시 확인하는 내용 법인설립등기 보수표 사건은 서류·관할·기한에 따라 진행 순서가 달라집니다. 다옴법무사사무소는 부산 해운대구·센텀에서 상속등기·부동산등기·법인등기·개인회생·파산 등을 다루며, 의뢰인 상황에 맞춰 절차와 비용을 알기 쉽게 설명합니다. 불확실한 부분은 추측으로 단정하지 않고, 확인된 사실을 바탕으로 안내드립니다. 전화·카카오톡·네이버 톡톡으로 간단히 상황을 남겨 주시면 필요한 준비부터 차분히 정리해 드리겠습니다. 상담",203,037990719f427724
/법인설립등기비용,"법인설립 비용은 자본금과 임원 수, 정관·공과금 구성에 따라 달라집니다. 설립 수수료·수임료로 검색하셔도 견적에서는 보수와 등록세를 나눠 설명합니다. 설립 직후 변경이 예정돼 있으면 그 항목은 따로 안내합니다. 법인설립 비용은 자본금과 임원 수, 정관·공과금 구성에 따라 달라집니다. 설립 수수료·수임료로 검색하셔도 견적에서는 보수와 등록세를 나눠 설명합니다. 설립 직후 변경이 예정돼 있으면 그 항목은 따로 안내합니다. 부산 법인설립등기 비용 — 법무사 수임료·등기 수수료·세금 항목별 안내. 다옴법무사사무소 안윤정 법무사. 부산 센텀시티 상담 가능. 센텀시티 일대에서 해당 업무의 서류·기한·관할을 상담합니다. 법인설립 비용은 어떻게 정해질까요? 설립 견적은 자본금, 임원 수, 법인 형태, 본점 소재, 사업목적 기재, 정관 인증 필요 여부에 따라 달라집니다. 등록면허세 등 공과금과 법무사 보수를 구분해 안내하며, 설립 후 사업자등록·계좌는 별도 일정입니다. 자본금·회사 형태(주식·유한 ",391,3c4f96cef26c7d1b
/법인설립등기준비서류,"법인설립등기 ‘준비서류’ 안내는 상담 전에 모아 두면 좋은 참고 자료(등기부·계약서 사본·가족관계·잔고 등) 중심입니다. 필수 접수 서류와 달리, 준비서류는 사건 파악용으로 먼저 모아 두면 체크리스트가 짧아집니다. 이 페이지는 ‘상담 전 미리 챙기면 좋은 것’에 초점을 둡니다. 접수 필수 목록은 필요서류 안내와 역할을 나눕니다. 정관 작성·자본금 납입·설립 등기까지 창업 초기 법인 설립 절차를 지원합니다. 다옴법무사사무소는 부산 전역 사건을 다루며 준비서류 관련 범위를 항목별로 정리합니다. 법인설립등기 ‘준비서류’ 안내는 상담 전에 모아 두면 좋은 참고 자료(등기부·계약서 사본·가족관계·잔고 등) 중심입니다. 필수 접수 서류와 달리, 준비서류는 사건 파악용으로 먼저 모아 두면 체크리스트가 짧아집니다. 이 페이지는 ‘상담 전 미리 챙기면 좋은 것’에 초점을 둡니다. 접수 필수 목록은 필요서류 안내와 역할을 나눕니다. 정관 작성·자본금 납입·설립 등기까지 창업 초기 법인 설립 절차를 지",558,3af105652cf76f57
/법인설립등기필요서류,"법인설립등기 ‘필요서류’ 안내는 접수에 반드시 붙는 핵심 서류(신분·인감·원인서류·관할 확인용 주소) 중심으로 정리합니다. 없어도 상담은 가능하지만, 접수 단계로 가려면 목록의 ★ 표시 항목부터 채우는 편이 빠릅니다. 이 페이지는 ‘무엇을 준비해야 접수가 되는지’에 초점을 둡니다. 일정·비용은 별도 안내를 참고하세요. 정관 작성·자본금 납입·설립 등기까지 창업 초기 법인 설립 절차를 지원합니다. 다옴법무사사무소는 부산 전역 사건을 다루며 필요서류 관련 범위를 항목별로 정리합니다. 법인설립등기 ‘필요서류’ 안내는 접수에 반드시 붙는 핵심 서류(신분·인감·원인서류·관할 확인용 주소) 중심으로 정리합니다. 없어도 상담은 가능하지만, 접수 단계로 가려면 목록의 ★ 표시 항목부터 채우는 편이 빠릅니다. 이 페이지는 ‘무엇을 준비해야 접수가 되는지’에 초점을 둡니다. 일정·비용은 별도 안내를 참고하세요. 정관 작성·자본금 납입·설립 등기까지 창업 초기 법인 설립 절차를 지원합니다. 다옴법무사사",548,2d53f72a38a8144c
/법인설립자가진단,"주식회사·유한회사 설립을 앞두고 등기 순서가 막막하시면 아래에서 확인해 보세요. 주식회사·유한회사 설립을 앞두고 등기 순서가 막막하시면 아래에서 확인해 보세요. 주식회사·유한회사 설립을 앞두고 등기 순서가 막막하시면 아래에서 확인해 보세요. 법인설립등기은 법률·행정 절차상 요건과 서류가 맞아야 진행할 수 있습니다. 부산·해운대·센텀에서 법인설립등기 관련 상담은 관할·기한·비용을 함께 묻는 경우가 많습니다. 자가진단 결과 안내 법인설립등기 자가진단 결과는 점수와 답변 태그를 바탕으로 사전 정보 확인·검토 필요·상담 권장·긴급 확인 필요 방향을 안내합니다. 특정 절차의 성공·실패를 단정하지 않습니다. 사전 정보 확인은 서류·관할·기한을 정리하는 단계입니다. 검토 필요는 사실관계가 복잡하거나 추가 확인이 필요할 때, 상담 권장·긴급은 기한·분쟁·권리 침해 우려가 클 때 나타납니다. 진단 후에도 등기부·계약서·가족관계증명서 등 원본 서류 확인이 필요합니다. 부산·해운대·센텀 사무소로 서류를",437,919dbc2045b2b3c9
/법인의사록공증준비,"등기사항이 바뀌는 결의에는 의사록이 필요한 경우가 많고, 인증 여부는 회사 규모·주주 구성·결의 방식·등기 실무에 따라 달라질 수 있습니다. 단정하지 말고 사건별로 확인하세요. 등기사항이 바뀌는 결의에는 의사록이 필요한 경우가 많고, 인증 여부는 회사 규모·주주 구성·결의 방식·등기 실무에 따라 달라질 수 있습니다. 단정하지 말고 사건별로 확인하세요. 임원·목적·본점·자본금 등 등기사항을 바꾸면 주주총회나 이사회 의사록이 첨부되는 경우가 많습니다. 그 의사록에 인증이 필요한지는 별도 질문입니다. 상담 시 확인하는 내용 법인 의사록 공증 준비 사건은 서류·관할·기한에 따라 진행 순서가 달라집니다. 다옴법무사사무소는 부산 해운대구·센텀에서 상속등기·부동산등기·법인등기·개인회생·파산 등을 다루며, 의뢰인 상황에 맞춰 절차와 비용을 알기 쉽게 설명합니다. 불확실한 부분은 추측으로 단정하지 않고, 확인된 사실을 바탕으로 안내드립니다. 전화·카카오톡·네이버 톡톡으로 간단히 상황을 남겨 주시면 ",157,b91a6111678edd33
/법인정관변경,"정관 변경이 필요한지는 바꾸는 항목이 정관에 어떻게 적혀 있는지에 달립니다. 등기사항이 함께 바뀌면 결의·정관 개정·변경등기 순서를 맞추고, 의사록 인증이 필요한지는 별도로 확인합니다. 정관 변경이 필요한지는 바꾸는 항목이 정관에 어떻게 적혀 있는지에 달립니다. 등기사항이 함께 바뀌면 결의·정관 개정·변경등기 순서를 맞추고, 의사록 인증이 필요한지는 별도로 확인합니다. 회사 사항을 바꾸려 할 때 ‘등기만 하면 되는지’, ‘정관까지 고쳐야 하는지’가 헷갈리기 쉽습니다. 항목별로 정관 확인·변경·등기를 나눠 봅니다. 상담 시 확인하는 내용 법인 정관 변경 필요 여부 사건은 서류·관할·기한에 따라 진행 순서가 달라집니다. 다옴법무사사무소는 부산 해운대구·센텀에서 상속등기·부동산등기·법인등기·개인회생·파산 등을 다루며, 의뢰인 상황에 맞춰 절차와 비용을 알기 쉽게 설명합니다. 불확실한 부분은 추측으로 단정하지 않고, 확인된 사실을 바탕으로 안내드립니다. 전화·카카오톡·네이버 톡톡으로 간단히",172,921ce924d314b5f3
/법인정관업무,"법인 정관은 절대적 기재사항을 갖춘 회사의 근본규칙이며, 변경이 등기사항과 연결되면 결의·정관 개정·변경등기 순으로 진행합니다. 공증·인증이 필요한지는 설립·변경 유형별로 별도 확인합니다. 법인 정관은 절대적 기재사항을 갖춘 회사의 근본규칙이며, 변경이 등기사항과 연결되면 결의·정관 개정·변경등기 순으로 진행합니다. 공증·인증이 필요한지는 설립·변경 유형별로 별도 확인합니다. 정관은 회사의 조직·운영 기준입니다. 설립 때뿐 아니라 목적·상호·본점·주식 규칙을 바꿀 때도 정관과 등기를 함께 봐야 합니다. 상담 시 확인하는 내용 법인 정관 업무 안내 사건은 서류·관할·기한에 따라 진행 순서가 달라집니다. 다옴법무사사무소는 부산 해운대구·센텀에서 상속등기·부동산등기·법인등기·개인회생·파산 등을 다루며, 의뢰인 상황에 맞춰 절차와 비용을 알기 쉽게 설명합니다. 불확실한 부분은 추측으로 단정하지 않고, 확인된 사실을 바탕으로 안내드립니다. 전화·카카오톡·네이버 톡톡으로 간단히 상황을 남겨 주",164,1b0912e21db8b516
/법인정관인증확인,"설립 전 정관 인증이 필요한지는 회사 형태·설립방식·자본금 등을 기준으로 확인합니다. 10억 원 미만 발기설립 예외가 있어도 실무·외국인투자 등에서는 별도 확인이 필요할 수 있습니다. 설립 전 정관 인증이 필요한지는 회사 형태·설립방식·자본금 등을 기준으로 확인합니다. 10억 원 미만 발기설립 예외가 있어도 실무·외국인투자 등에서는 별도 확인이 필요할 수 있습니다. 정관 인증은 ‘법무사가 도장을 찍어 주는 절차’가 아니라, 공증인이 정관의 서명·기명날인을 확인하는 인증 절차입니다. 상담 시 확인하는 내용 법인 정관 인증 필요 여부 사건은 서류·관할·기한에 따라 진행 순서가 달라집니다. 다옴법무사사무소는 부산 해운대구·센텀에서 상속등기·부동산등기·법인등기·개인회생·파산 등을 다루며, 의뢰인 상황에 맞춰 절차와 비용을 알기 쉽게 설명합니다. 불확실한 부분은 추측으로 단정하지 않고, 확인된 사실을 바탕으로 안내드립니다. 전화·카카오톡·네이버 톡톡으로 간단히 상황을 남겨 주시면 필요한 준비",163,462e51acc16d0a0d
/변제공탁서류준비,"변제공탁은 채권자가 수령을 거부하거나 누구인지 불명한 경우 등, 채무자가 변제 준비를 공탁으로 고정하려는 절차입니다. 가압류·지급명령·채권압류와 원인·양식·관할이 다르며, ‘돈을 받기 위한 회수’ 페이지와도 방향이 반대인 경우가 많습니다. 변제공탁은 채권자가 수령을 거부하거나 누구인지 불명한 경우 등, 채무자가 변제 준비를 공탁으로 고정하려는 절차입니다. 가압류·지급명령·채권압류와 원인·양식·관할이 다르며, ‘돈을 받기 위한 회수’ 페이지와도 방향이 반대인 경우가 많습니다. 변제공탁은 채권자가 수령을 거부하거나 누구인지 불명한 경우 등, 채무자가 변제 준비를 공탁으로 고정하려는 절차입니다. 가압류·지급명령·채권압류와 원인·양식·관할이 다르며, ‘돈을 받기 위한 회수’ 페이지와도 방향이 반대인 경우가 많습니다. 상담 시 확인하는 내용 변제공탁 서류 준비 사건은 서류·관할·기한에 따라 진행 순서가 달라집니다. 다옴법무사사무소는 부산 해운대구·센텀에서 상속등기·부동산등기·법인등기·개인회생",179,74c25244b0c20f19
/보존등기후근저당설정,"보존등기로 건물 등기부를 만든 뒤 근저당을 설정하세요. 대출 실행일 전에 보존 완료와 설정 서류를 맞춰 두는 것이 핵심입니다. 보존등기로 건물 등기부를 만든 뒤 근저당을 설정하세요. 대출 실행일 전에 보존 완료와 설정 서류를 맞춰 두는 것이 핵심입니다. 신축 건물은 보존등기로 등기부가 생긴 뒤에야 근저당권설정등기가 가능한 경우가 많습니다. 대출 실행일과 순서를 맞춰야 합니다. 비용 안내 비용은 채권최고액·등록면허세, 토지·건물 일괄 여부, 선순위 말소 동반, 긴급 접수·보정 등에 따라 달라질 수 있습니다. 관할·접근 안내 부동산 소재지 관할 등기소 기준으로 접수하며, 부산 해운대·센텀 다옴법무사사무소에서 상담·수임을 진행합니다. 사무소: 부산광역시 해운대구 센텀동로 200 D동 1층 LAB9호 법무사는 부동산등기(건물·토지) 신청·서류 작성·접수 대리 등 등기 관련 업무를 지원합니다. 건축 인허가·철거 공사·세무·소송대리는 별도 전문 영역이며, 사안별로 지원 범위를 확인합니다. 결과",261,0ec74f07b7884763
/복대리등기,"복대리 등기 검색 시, 키워드만 보고 결정하기보다 복대리 등기 절차에 맞는 서류·기한·관할·비용을 먼저 확인하는 것이 안전합니다. 복대리 등기 검색 시, 키워드만 보고 결정하기보다 복대리 등기 절차에 맞는 서류·기한·관할·비용을 먼저 확인하는 것이 안전합니다. 복대리 등기 검색 시, 키워드만 보고 결정하기보다 복대리 등기 절차에 맞는 서류·기한·관할·비용을 먼저 확인하는 것이 안전합니다. 상담 시 확인하는 내용 복대리 등기 사건은 서류·관할·기한에 따라 진행 순서가 달라집니다. 다옴법무사사무소는 부산 해운대구·센텀에서 상속등기·부동산등기·법인등기·개인회생·파산 등을 다루며, 의뢰인 상황에 맞춰 절차와 비용을 알기 쉽게 설명합니다. 불확실한 부분은 추측으로 단정하지 않고, 확인된 사실을 바탕으로 안내드립니다. 전화·카카오톡·네이버 톡톡으로 간단히 상황을 남겨 주시면 필요한 준비부터 차분히 정리해 드리겠습니다. 복대리 등기 검색 시 무엇을 먼저 확인해야 하나요? 복대리 등기는 보통 ‘견",282,20851b6202c98b81
/복지단체사단법인설립,"복지 목적이지만 사회복지사업법상 사업이 아니면 사단법인을, 시설·사회복지사업이면 사회복지법인을 검토합니다. 복지 목적이지만 사회복지사업법상 사업이 아니면 사단법인을, 시설·사회복지사업이면 사회복지법인을 검토합니다. 일반 복지·자선·지역봉사 단체는 사단법인이 해당될 수 있고, 사회복지사업 시설 운영은 사회복지법인이 해당될 수 있습니다. 상담 시 확인하는 내용 복지단체 사단법인 설립 사건은 서류·관할·기한에 따라 진행 순서가 달라집니다. 다옴법무사사무소는 부산 해운대구·센텀에서 상속등기·부동산등기·법인등기·개인회생·파산 등을 다루며, 의뢰인 상황에 맞춰 절차와 비용을 알기 쉽게 설명합니다. 불확실한 부분은 추측으로 단정하지 않고, 확인된 사실을 바탕으로 안내드립니다. 전화·카카오톡·네이버 톡톡으로 간단히 상황을 남겨 주시면 필요한 준비부터 차분히 정리해 드리겠습니다. 사회복지법인이 필요한 경우는? 사회복지사업법상 사회복지사업·시설 운영이 주된 목적이면 사회복지법인을 검토합니다. `/사회",129,8f257b72031b6927
/본점이전등기과태료,"과태료만 보고 단정하기보다, 본점이전등기의 사실관계·기한·관할을 먼저 나눠 보는 것이 실무적입니다. 법인 본점 주소 변경에 따른 등기입니다. 관할 등기소·사업자등록 변경을 함께 검토합니다. 다옴법무사사무소는 부산 전역 사건을 다루며 과태료 관련 범위를 항목별로 정리합니다. 과태료만 보고 단정하기보다, 본점이전등기의 사실관계·기한·관할을 먼저 나눠 보는 것이 실무적입니다. 법인 본점 주소 변경에 따른 등기입니다. 관할 등기소·사업자등록 변경을 함께 검토합니다. 다옴법무사사무소는 부산 전역 사건을 다루며 과태료 관련 범위를 항목별로 정리합니다. 부산은 관할 법원·등기소가 사건별로 달라 사전 정리가 중요한 지역입니다. 법인 본점 주소 변경에 따른 등기입니다. 관할 등기소·사업자등록 변경을 함께 검토합니다. 비용이 달라지는 이유 잔금·인도·대출 실행 일정을 한 줄에 두고 등기 접수를 맞춥니다. 중도금 연체가 있으면 계약 특약을 먼저 확인합니다. 전자등기 가능 사건과 방문 열람이 필요한 사건",485,7248da78c9e6bfea
/본점이전등기기간,"기간만 보고 단정하기보다, 본점이전등기의 사실관계·기한·관할을 먼저 나눠 보는 것이 실무적입니다. 법인 본점 주소 변경에 따른 등기입니다. 관할 등기소·사업자등록 변경을 함께 검토합니다. 다옴법무사사무소는 부산 전역 사건을 다루며 기간 관련 범위를 항목별로 정리합니다. 기간만 보고 단정하기보다, 본점이전등기의 사실관계·기한·관할을 먼저 나눠 보는 것이 실무적입니다. 법인 본점 주소 변경에 따른 등기입니다. 관할 등기소·사업자등록 변경을 함께 검토합니다. 다옴법무사사무소는 부산 전역 사건을 다루며 기간 관련 범위를 항목별로 정리합니다. 부산은 관할 법원·등기소가 사건별로 달라 사전 정리가 중요한 지역입니다. 법인 본점 주소 변경에 따른 등기입니다. 관할 등기소·사업자등록 변경을 함께 검토합니다. 법정 기한 잔금·인도·대출 실행 일정을 한 줄에 두고 등기 접수를 맞춥니다. 중도금 연체가 있으면 계약 특약을 먼저 확인합니다. 전자등기 가능 사건과 방문 열람이 필요한 사건을 분리해 일정을 ",500,a4c5171a77fd8a1a
/본점이전등기기한,본점이전등기 기한 안내는 법정·실무상 놓치기 쉬운 날짜(결의일·상속 개시·잔금일)를 중심으로 정리합니다. 기한이 임박하면 서류 완비보다 우선순위 절차부터 안내합니다. 법인 본점 주소 변경에 따른 등기입니다. 관할 등기소·사업자등록 변경을 함께 검토합니다. 다옴법무사사무소는 부산 전역 사건을 다루며 기한 관련 범위를 항목별로 정리합니다. 본점이전등기 기한 안내는 법정·실무상 놓치기 쉬운 날짜(결의일·상속 개시·잔금일)를 중심으로 정리합니다. 기한이 임박하면 서류 완비보다 우선순위 절차부터 안내합니다. 법인 본점 주소 변경에 따른 등기입니다. 관할 등기소·사업자등록 변경을 함께 검토합니다. 다옴법무사사무소는 부산 전역 사건을 다루며 기한 관련 범위를 항목별로 정리합니다. 부산은 관할 법원·등기소가 사건별로 달라 사전 정리가 중요한 지역입니다. 법인 본점 주소 변경에 따른 등기입니다. 관할 등기소·사업자등록 변경을 함께 검토합니다. 법정 기한 전자등기 가능 사건과 방문 열람이 필요한 사건,502,dbb03eb0df373cb7
/본점이전등기보수표,"보수표만 보고 단정하기보다, 본점이전등기의 사실관계·기한·관할을 먼저 나눠 보는 것이 실무적입니다. 법인 본점 주소 변경에 따른 등기입니다. 관할 등기소·사업자등록 변경을 함께 검토합니다. 다옴법무사사무소는 부산 전역 사건을 다루며 보수표 관련 범위를 항목별로 정리합니다. 보수표만 보고 단정하기보다, 본점이전등기의 사실관계·기한·관할을 먼저 나눠 보는 것이 실무적입니다. 법인 본점 주소 변경에 따른 등기입니다. 관할 등기소·사업자등록 변경을 함께 검토합니다. 다옴법무사사무소는 부산 전역 사건을 다루며 보수표 관련 범위를 항목별로 정리합니다. 부산은 관할 법원·등기소가 사건별로 달라 사전 정리가 중요한 지역입니다. 법인 본점 주소 변경에 따른 등기입니다. 관할 등기소·사업자등록 변경을 함께 검토합니다. 비용이 달라지는 이유 말소할 근저당·전세권 목록을 본등기 신청서와 같은 묶음으로 준비합니다. 채권자 협의 필요 여부를 표시합니다. 미성년·해외·연락두절 당사자가 있으면 위임·특별대리·공",486,ad2dc0de0500b287
/본점이전등기비용,"본점이전등기 비용은 법인 변경등기 비용과 같은 가족입니다. 관할 이전 여부가 서류와 등록세 항목을 바꿉니다. 본점이전등기 비용은 법인 변경등기 비용과 같은 가족입니다. 관할 이전 여부가 서류와 등록세 항목을 바꿉니다. 본점이전등기 비용은 법인 변경등기 비용과 같은 가족입니다. 관할 이전 여부가 서류와 등록세 항목을 바꿉니다. 대표 비용 안내로 이어가기 검색어만 수임료·수수료·보수표로 달라도, 알고 싶은 내용은 대개 실비와 보수를 나누는 일입니다. 검색 의도별 다음 안내 본점이전등기 비용 관련해서는 허브 페이지에서 절차를 고른 뒤, 필요하면 상담으로 이어가면 됩니다. 상담 시 확인하는 내용 본점이전등기 비용 사건은 서류·관할·기한에 따라 진행 순서가 달라집니다. 다옴법무사사무소는 부산 해운대구·센텀에서 상속등기·부동산등기·법인등기·개인회생·파산 등을 다루며, 의뢰인 상황에 맞춰 절차와 비용을 알기 쉽게 설명합니다. 불확실한 부분은 추측으로 단정하지 않고, 확인된 사실을 바탕으로 안내드",219,2df83112bdf332c9
/본점이전등기준비서류,"본점이전등기 ‘준비서류’ 안내는 상담 전에 모아 두면 좋은 참고 자료(등기부·계약서 사본·가족관계·잔고 등) 중심입니다. 필수 접수 서류와 달리, 준비서류는 사건 파악용으로 먼저 모아 두면 체크리스트가 짧아집니다. 이 페이지는 ‘상담 전 미리 챙기면 좋은 것’에 초점을 둡니다. 접수 필수 목록은 필요서류 안내와 역할을 나눕니다. 법인 본점 주소 변경에 따른 등기입니다. 관할 등기소·사업자등록 변경을 함께 검토합니다. 다옴법무사사무소는 부산 전역 사건을 다루며 준비서류 관련 범위를 항목별로 정리합니다. 본점이전등기 ‘준비서류’ 안내는 상담 전에 모아 두면 좋은 참고 자료(등기부·계약서 사본·가족관계·잔고 등) 중심입니다. 필수 접수 서류와 달리, 준비서류는 사건 파악용으로 먼저 모아 두면 체크리스트가 짧아집니다. 이 페이지는 ‘상담 전 미리 챙기면 좋은 것’에 초점을 둡니다. 접수 필수 목록은 필요서류 안내와 역할을 나눕니다. 법인 본점 주소 변경에 따른 등기입니다. 관할 등기소·사업",542,07539f5c07851799
/본점이전등기필요서류,"본점이전등기 ‘필요서류’ 안내는 접수에 반드시 붙는 핵심 서류(신분·인감·원인서류·관할 확인용 주소) 중심으로 정리합니다. 없어도 상담은 가능하지만, 접수 단계로 가려면 목록의 ★ 표시 항목부터 채우는 편이 빠릅니다. 이 페이지는 ‘무엇을 준비해야 접수가 되는지’에 초점을 둡니다. 일정·비용은 별도 안내를 참고하세요. 법인 본점 주소 변경에 따른 등기입니다. 관할 등기소·사업자등록 변경을 함께 검토합니다. 다옴법무사사무소는 부산 전역 사건을 다루며 필요서류 관련 범위를 항목별로 정리합니다. 본점이전등기 ‘필요서류’ 안내는 접수에 반드시 붙는 핵심 서류(신분·인감·원인서류·관할 확인용 주소) 중심으로 정리합니다. 없어도 상담은 가능하지만, 접수 단계로 가려면 목록의 ★ 표시 항목부터 채우는 편이 빠릅니다. 이 페이지는 ‘무엇을 준비해야 접수가 되는지’에 초점을 둡니다. 일정·비용은 별도 안내를 참고하세요. 법인 본점 주소 변경에 따른 등기입니다. 관할 등기소·사업자등록 변경을 함께 검",529,3de56ea89143a091
/본점이전후사업자등록순서,"‘회사 주소 변경’ 검색은 본점이전등기에서 끝나지 않고, 사업자등록·인허가·거래처 통지로 이어집니다. 이 페이지는 등기 이후 연계 순서에 초점을 둡니다. ‘회사 주소 변경’ 검색은 본점이전등기에서 끝나지 않고, 사업자등록·인허가·거래처 통지로 이어집니다. 이 페이지는 등기 이후 연계 순서에 초점을 둡니다. ‘회사 주소 변경’ 검색은 본점이전등기에서 끝나지 않고, 사업자등록·인허가·거래처 통지로 이어집니다. 이 페이지는 등기 이후 연계 순서에 초점을 둡니다. 상담 시 확인하는 내용 본점이전 후 사업자등록 순서 사건은 서류·관할·기한에 따라 진행 순서가 달라집니다. 다옴법무사사무소는 부산 해운대구·센텀에서 상속등기·부동산등기·법인등기·개인회생·파산 등을 다루며, 의뢰인 상황에 맞춰 절차와 비용을 알기 쉽게 설명합니다. 불확실한 부분은 추측으로 단정하지 않고, 확인된 사실을 바탕으로 안내드립니다. 전화·카카오톡·네이버 톡톡으로 간단히 상황을 남겨 주시면 필요한 준비부터 차분히 정리해 드리",189,d4fc7c87abc87df2
/부곡동법무사,"부곡동에서 갑작스러운 상속을 맞으면 원룸 보증금과 담보대출 중 어느 것이 더 큰지 알기 어려워 상속등기를 먼저 해야 하는지 문의하는 경우가 많습니다. 상속포기·한정승인은 기간이 문제될 수 있으므로, 부동산 명의 이전이나 임차인과의 개별 합의보다 먼저 상속재산과 채무를 목록화하는 것이 필요합니다. 원룸 건물의 월세가 들어온다고 해서 순재산이 있다는 뜻은 아니며, 보증금 반환 의무·선순위 담보·세금 체납까지 함께 봐야 합니다. 반대로 한정승인을 검토하는 동안에도 임차인의 생활에 영향을 주는 긴급한 관리 문제가 생길 수 있어, 상속인 지위와 관리 행위를 구별해 대응할 필요가 있습니다. 상담에서는 부산대 인근이라는 지역 특성을 반영해 다수 임대차계약서, 보증금 현황, 건물 등기부를 한 장의 사건 개요로 정리하고 가정법원 절차와 이후 상속등기의 순서를 안내합니다. 부곡동에서는 부산대 인근 원룸·다가구 임대 주택를 볼 때 상속채무 판단과 다수 임차인 보증금 현황의 정리를 임대차계약서·대출 자료",657,40dcb79b0105e55c
/부곡동상속등기,상속등기을(를) 부곡동 기준으로 볼 때는 동일 절차라도 등기소·법원 창구가 사건별로 갈릴 수 있습니다. 부곡동 다가구·상가 상속·한정승인 사건이 있는 동입니다. 피상속인 사망 후 부동산·토지 등기명의를 상속인 명의로 이전하는 절차입니다. 부산 전역 아파트·상가·토지 상속 사건을 다룹니다. 상담 시 서류·일정·비용 범위를 항목별로 안내합니다. 상속등기을(를) 부곡동 기준으로 볼 때는 동일 절차라도 등기소·법원 창구가 사건별로 갈릴 수 있습니다. 부곡동 다가구·상가 상속·한정승인 사건이 있는 동입니다. 피상속인 사망 후 부동산·토지 등기명의를 상속인 명의로 이전하는 절차입니다. 부산 전역 아파트·상가·토지 상속 사건을 다룹니다. 상담 시 서류·일정·비용 범위를 항목별로 안내합니다. 부곡동 다가구·상가 상속·한정승인 사건이 있는 동입니다. 피상속인 사망 후 부동산·토지 등기명의를 상속인 명의로 이전하는 절차입니다. 부산 전역 아파트·상가·토지 상속 사건을 다룹니다. 지역별 업무 상황 전자,506,b016132c7edbd621
/부곡동한정승인,한정승인을(를) 부곡동 기준으로 볼 때는 동일 절차라도 등기소·법원 창구가 사건별로 갈릴 수 있습니다. 부곡동 다가구·상가 상속·한정승인 사건이 있는 동입니다. 상속 재산 범위 내에서만 채무를 변제하고 상속을 승인하는 절차입니다. 채무 조사 후 상속등기와 연계됩니다. 상담 시 서류·일정·비용 범위를 항목별로 안내합니다. 한정승인을(를) 부곡동 기준으로 볼 때는 동일 절차라도 등기소·법원 창구가 사건별로 갈릴 수 있습니다. 부곡동 다가구·상가 상속·한정승인 사건이 있는 동입니다. 상속 재산 범위 내에서만 채무를 변제하고 상속을 승인하는 절차입니다. 채무 조사 후 상속등기와 연계됩니다. 상담 시 서류·일정·비용 범위를 항목별로 안내합니다. 부곡동 다가구·상가 상속·한정승인 사건이 있는 동입니다. 상속 재산 범위 내에서만 채무를 변제하고 상속을 승인하는 절차입니다. 채무 조사 후 상속등기와 연계됩니다. 지역별 업무 상황 전자등기 가능 사건과 방문 열람이 필요한 사건을 분리해 일정을 잡습니,474,0943803c977e5876
/부동산과거주지가다른상속등기,"상속인이 거주하는 도시와 상속부동산 소재지가 다른 경우는 매우 흔합니다. ‘타지역 부동산 등기’, ‘거주지와 다른 지역 등기’로 검색하는 분께, 부동산이 멀리 있어도 법무사에게 맡길 수 있는지·무엇을 먼저 확인해야 하는지를 정리합니다. 상속인이 거주하는 도시와 상속부동산 소재지가 다른 경우는 매우 흔합니다. ‘타지역 부동산 등기’, ‘거주지와 다른 지역 등기’로 검색하는 분께, 부동산이 멀리 있어도 법무사에게 맡길 수 있는지·무엇을 먼저 확인해야 하는지를 정리합니다. 상속인이 거주하는 도시와 상속부동산 소재지가 다른 경우는 매우 흔합니다. ‘타지역 부동산 등기’, ‘거주지와 다른 지역 등기’로 검색하는 분께, 부동산이 멀리 있어도 법무사에게 맡길 수 있는지·무엇을 먼저 확인해야 하는지를 정리합니다. 상담 시 확인하는 내용 부동산과 거주지가 다른 상속등기 사건은 서류·관할·기한에 따라 진행 순서가 달라집니다. 다옴법무사사무소는 부산 해운대구·센텀에서 상속등기·부동산등기·법인등기·개인회",191,3622f5d79165e007
/부동산등기,"부동산 매매·증여·상속·신축 입주 후 등기는 원인별로 필요 서류와 세금 부담이 다릅니다. 전세권·근저당·가압류가 등기부에 남아 있으면 말소 순서를 등기 일정과 맞춰야 하고, 재개발·재건축 지역은 조합원 지위와 분양권 연결이 핵심입니다. 부산은 등기국·동부지원 등기과·남부산등기소·서부지원 등기과·북부산등기소로 관할이 나뉘므로 소재지 확인이 우선입니다. 다옴법무사사무소는 등기부 확인부터 접수·완료까지 안내합니다. 부동산 매매·증여·상속·신축 입주 후 등기는 원인별로 필요 서류와 세금 부담이 다릅니다. 전세권·근저당·가압류가 등기부에 남아 있으면 말소 순서를 등기 일정과 맞춰야 하고, 재개발·재건축 지역은 조합원 지위와 분양권 연결이 핵심입니다. 부산은 등기국·동부지원 등기과·남부산등기소·서부지원 등기과·북부산등기소로 관할이 나뉘므로 소재지 확인이 우선입니다. 다옴법무사사무소는 등기부 확인부터 접수·완료까지 안내합니다. 부산은 등기국·동부지원 등기과·남부산등기소·서부지원 등기과·북부산등기",278,532e2a8388ee5a6f
/부동산등기과태료,"과태료만 보고 단정하기보다, 부동산등기의 사실관계·기한·관할을 먼저 나눠 보는 것이 실무적입니다. 매매·증여·상속 등 원인별 부동산 등기 전반을 다룹니다. 관할 등기소 확인이 우선입니다. 다옴법무사사무소는 부산 전역 사건을 다루며 과태료 관련 범위를 항목별로 정리합니다. 과태료만 보고 단정하기보다, 부동산등기의 사실관계·기한·관할을 먼저 나눠 보는 것이 실무적입니다. 매매·증여·상속 등 원인별 부동산 등기 전반을 다룹니다. 관할 등기소 확인이 우선입니다. 다옴법무사사무소는 부산 전역 사건을 다루며 과태료 관련 범위를 항목별로 정리합니다. 부산은 관할 법원·등기소가 사건별로 달라 사전 정리가 중요한 지역입니다. 매매·증여·상속 등 원인별 부동산 등기 전반을 다룹니다. 관할 등기소 확인이 우선입니다. 비용이 달라지는 이유 법인 결의·취임승낙·인감 원본을 대조하고, 과태료 기한을 결의일부터 역산합니다. 산업단지·재개발·재건축처럼 특수한 권리관계는 일반 매매 체크리스트와 항목을 나눕니다. ",474,d1e4b30c754715ef
/부동산등기기간,"기간만 보고 단정하기보다, 부동산등기의 사실관계·기한·관할을 먼저 나눠 보는 것이 실무적입니다. 매매·증여·상속 등 원인별 부동산 등기 전반을 다룹니다. 관할 등기소 확인이 우선입니다. 다옴법무사사무소는 부산 전역 사건을 다루며 기간 관련 범위를 항목별로 정리합니다. 기간만 보고 단정하기보다, 부동산등기의 사실관계·기한·관할을 먼저 나눠 보는 것이 실무적입니다. 매매·증여·상속 등 원인별 부동산 등기 전반을 다룹니다. 관할 등기소 확인이 우선입니다. 다옴법무사사무소는 부산 전역 사건을 다루며 기간 관련 범위를 항목별로 정리합니다. 부산은 관할 법원·등기소가 사건별로 달라 사전 정리가 중요한 지역입니다. 매매·증여·상속 등 원인별 부동산 등기 전반을 다룹니다. 관할 등기소 확인이 우선입니다. 법정 기한 잔금·인도·대출 실행 일정을 한 줄에 두고 등기 접수를 맞춥니다. 중도금 연체가 있으면 계약 특약을 먼저 확인합니다. 전자등기 가능 사건과 방문 열람이 필요한 사건을 분리해 일정을 잡습",499,37466ce2490aaa90
/부동산등기기한,부동산등기 기한 안내는 법정·실무상 놓치기 쉬운 날짜(결의일·상속 개시·잔금일)를 중심으로 정리합니다. 기한이 임박하면 서류 완비보다 우선순위 절차부터 안내합니다. 매매·증여·상속 등 원인별 부동산 등기 전반을 다룹니다. 관할 등기소 확인이 우선입니다. 다옴법무사사무소는 부산 전역 사건을 다루며 기한 관련 범위를 항목별로 정리합니다. 부동산등기 기한 안내는 법정·실무상 놓치기 쉬운 날짜(결의일·상속 개시·잔금일)를 중심으로 정리합니다. 기한이 임박하면 서류 완비보다 우선순위 절차부터 안내합니다. 매매·증여·상속 등 원인별 부동산 등기 전반을 다룹니다. 관할 등기소 확인이 우선입니다. 다옴법무사사무소는 부산 전역 사건을 다루며 기한 관련 범위를 항목별로 정리합니다. 부산은 관할 법원·등기소가 사건별로 달라 사전 정리가 중요한 지역입니다. 매매·증여·상속 등 원인별 부동산 등기 전반을 다룹니다. 관할 등기소 확인이 우선입니다. 법정 기한 이미 소송·가압류가 있으면 등기 가능 시점부터 다,503,5acda729f907c32c
/부동산등기보수표,"부동산등기 보수표는 협회 기본보수 참고이며, 취득세·채권과 같은 금액이 아닙니다. 원인별 비용은 부동산등기 비용·소유권이전 비용 안내를 보세요. 부동산등기 보수표는 협회 기본보수 참고이며, 취득세·채권과 같은 금액이 아닙니다. 원인별 비용은 부동산등기 비용·소유권이전 비용 안내를 보세요. 부동산등기 보수표는 협회 기본보수 참고이며, 취득세·채권과 같은 금액이 아닙니다. 원인별 비용은 부동산등기 비용·소유권이전 비용 안내를 보세요. 표와 세금의 차이 보수표는 법무사 기본보수 산정 참고입니다. 매매 이전의 취득세는 지방세입니다. 검색 의도별 다음 안내 부동산등기 보수표 관련해서는 허브 페이지에서 절차를 고른 뒤, 필요하면 상담으로 이어가면 됩니다. 상담 시 확인하는 내용 부동산등기 보수표 사건은 서류·관할·기한에 따라 진행 순서가 달라집니다. 다옴법무사사무소는 부산 해운대구·센텀에서 상속등기·부동산등기·법인등기·개인회생·파산 등을 다루며, 의뢰인 상황에 맞춰 절차와 비용을 알기 쉽게 설",216,71a9e84aff09e7b0
/부동산등기비용,"부동산등기 비용은 원인(매매·증여·상속·말소·설정)마다 세금 구조가 다릅니다. 한 가격표로 모든 등기를 설명하지 않습니다. 부동산등기 비용은 원인(매매·증여·상속·말소·설정)마다 세금 구조가 다릅니다. 한 가격표로 모든 등기를 설명하지 않습니다. 부동산등기 비용은 원인(매매·증여·상속·말소·설정)마다 세금 구조가 다릅니다. 한 가격표로 모든 등기를 설명하지 않습니다. 등기 원인별 비용 안내 매매 이전은 취득세 비중이 클 수 있고, 말소는 취득세 구조가 아닙니다. 상속은 별도 비용 페이지가 있습니다. 검색 의도별 다음 안내 부동산등기 비용 관련해서는 허브 페이지에서 절차를 고른 뒤, 필요하면 상담으로 이어가면 됩니다. 상담 시 확인하는 내용 부동산등기 비용 사건은 서류·관할·기한에 따라 진행 순서가 달라집니다. 다옴법무사사무소는 부산 해운대구·센텀에서 상속등기·부동산등기·법인등기·개인회생·파산 등을 다루며, 의뢰인 상황에 맞춰 절차와 비용을 알기 쉽게 설명합니다. 불확실한 부분은 추측",215,103e9bcb1cfe8945
/부동산등기상담,"매매·증여·말소·이전 등 원인에 따라 서류와 일정이 달라집니다. 현재 상황만 선택해 주세요. 매매·증여·말소·이전 등 원인에 따라 서류와 일정이 달라집니다. 현재 상황만 선택해 주세요. 매매·증여·말소·이전 등 원인에 따라 서류와 일정이 달라집니다. 현재 상황만 선택해 주세요. 비용 안내 상담 문의 자체는 상황 확인을 위한 것이며, 수임료·공과금은 사건 확인 후 구분해 안내합니다. 관할·접근 안내 남겨주신 상황을 확인한 뒤 관할·서류·절차를 안내합니다. 확정 견적은 사건 확인 후입니다. 계약서(있으면) 등기부(있으면) 잔금일 법무사 의견 업무명을 몰라도, 서류가 없어도 현재 상황만 알려 주시면 됩니다. 필요한 절차를 확인한 뒤 안내드립니다. 상담 시 확인하는 내용 부동산등기 상담 사건은 서류·관할·기한에 따라 진행 순서가 달라집니다. 다옴법무사사무소는 부산 해운대구·센텀에서 상속등기·부동산등기·법인등기·개인회생·파산 등을 다루며, 의뢰인 상황에 맞춰 절차와 비용을 알기 쉽게 설명합니",176,a0e1e0889123efc6
/부동산등기실수모음,"부동산등기에서 많이 하는 실수 검색 시, 키워드만 보고 결정하기보다 부동산등기 실수 예방에 맞는 서류·기한·관할·비용을 먼저 확인하는 것이 안전합니다. 부동산등기에서 많이 하는 실수 검색 시, 키워드만 보고 결정하기보다 부동산등기 실수 예방에 맞는 서류·기한·관할·비용을 먼저 확인하는 것이 안전합니다. 부동산등기에서 많이 하는 실수 검색 시, 키워드만 보고 결정하기보다 부동산등기 실수 예방에 맞는 서류·기한·관할·비용을 먼저 확인하는 것이 안전합니다. 상담 시 확인하는 내용 부동산등기에서 많이 하는 실수 사건은 서류·관할·기한에 따라 진행 순서가 달라집니다. 다옴법무사사무소는 부산 해운대구·센텀에서 상속등기·부동산등기·법인등기·개인회생·파산 등을 다루며, 의뢰인 상황에 맞춰 절차와 비용을 알기 쉽게 설명합니다. 불확실한 부분은 추측으로 단정하지 않고, 확인된 사실을 바탕으로 안내드립니다. 전화·카카오톡·네이버 톡톡으로 간단히 상황을 남겨 주시면 필요한 준비부터 차분히 정리해 드리겠습",296,5de5b29cc856809e
/부동산등기자가진단,"잔금은 치렀는데 등기 순서가 헷갈리시나요? 매매·상속·증여 원인별로 아래에서 방향을 확인하세요. 잔금은 치렀는데 등기 순서가 헷갈리시나요? 매매·상속·증여 원인별로 아래에서 방향을 확인하세요. 잔금은 치렀는데 등기 순서가 헷갈리시나요? 매매·상속·증여 원인별로 아래에서 방향을 확인하세요. 부동산등기는 소유권·근저당권·전세권 등을 등기부에 기록하는 절차입니다. 부산 부동산등기는 해운대·수영·연제 아파트 매매와 기장·강서 토지 거래가 많습니다. 자가진단 결과 안내 부동산등기 자가진단은 원인(매매·상속·증여)·선순위 권리·잔금 후 경과 일수를 반영합니다. 근저당·가압류 답변이 있으면 말소·승낙 순서 검토 단계로 안내됩니다. 사전 정보 확인은 서류 수집 단계, 검토 필요는 말소·공동명의 정리가 필요한 단계, 긴급은 잔금 후 등기 지연·권리 침해 우려가 큰 경우입니다. 부동산등기 기본 개념 부동산등기는 소유권·근저당권·전세권 등을 등기부에 기록하는 절차입니다. 부산 부동산등기는 해운대·수영·",677,5d9740d32704e839
/부동산등기준비서류,"부동산등기 ‘준비서류’ 안내는 상담 전에 모아 두면 좋은 참고 자료(등기부·계약서 사본·가족관계·잔고 등) 중심입니다. 필수 접수 서류와 달리, 준비서류는 사건 파악용으로 먼저 모아 두면 체크리스트가 짧아집니다. 이 페이지는 ‘상담 전 미리 챙기면 좋은 것’에 초점을 둡니다. 접수 필수 목록은 필요서류 안내와 역할을 나눕니다. 매매·증여·상속 등 원인별 부동산 등기 전반을 다룹니다. 관할 등기소 확인이 우선입니다. 다옴법무사사무소는 부산 전역 사건을 다루며 준비서류 관련 범위를 항목별로 정리합니다. 부동산등기 ‘준비서류’ 안내는 상담 전에 모아 두면 좋은 참고 자료(등기부·계약서 사본·가족관계·잔고 등) 중심입니다. 필수 접수 서류와 달리, 준비서류는 사건 파악용으로 먼저 모아 두면 체크리스트가 짧아집니다. 이 페이지는 ‘상담 전 미리 챙기면 좋은 것’에 초점을 둡니다. 접수 필수 목록은 필요서류 안내와 역할을 나눕니다. 매매·증여·상속 등 원인별 부동산 등기 전반을 다룹니다. 관할",537,af2aa097130c8321
/부동산등기체크리스트,"부동산등기 체크리스트 검색 시, 키워드만 보고 결정하기보다 부동산등기 체크리스트에 맞는 서류·기한·관할·비용을 먼저 확인하는 것이 안전합니다. 부동산등기 체크리스트 검색 시, 키워드만 보고 결정하기보다 부동산등기 체크리스트에 맞는 서류·기한·관할·비용을 먼저 확인하는 것이 안전합니다. 부동산등기 체크리스트 검색 시, 키워드만 보고 결정하기보다 부동산등기 체크리스트에 맞는 서류·기한·관할·비용을 먼저 확인하는 것이 안전합니다. 상담 시 확인하는 내용 부동산등기 체크리스트 사건은 서류·관할·기한에 따라 진행 순서가 달라집니다. 다옴법무사사무소는 부산 해운대구·센텀에서 상속등기·부동산등기·법인등기·개인회생·파산 등을 다루며, 의뢰인 상황에 맞춰 절차와 비용을 알기 쉽게 설명합니다. 불확실한 부분은 추측으로 단정하지 않고, 확인된 사실을 바탕으로 안내드립니다. 전화·카카오톡·네이버 톡톡으로 간단히 상황을 남겨 주시면 필요한 준비부터 차분히 정리해 드리겠습니다. 부동산등기 체크리스트 검색 시",276,b72e1e9be6e7de1e
/부동산등기필요서류,"부동산등기 ‘필요서류’ 안내는 접수에 반드시 붙는 핵심 서류(신분·인감·원인서류·관할 확인용 주소) 중심으로 정리합니다. 없어도 상담은 가능하지만, 접수 단계로 가려면 목록의 ★ 표시 항목부터 채우는 편이 빠릅니다. 이 페이지는 ‘무엇을 준비해야 접수가 되는지’에 초점을 둡니다. 일정·비용은 별도 안내를 참고하세요. 매매·증여·상속 등 원인별 부동산 등기 전반을 다룹니다. 관할 등기소 확인이 우선입니다. 다옴법무사사무소는 부산 전역 사건을 다루며 필요서류 관련 범위를 항목별로 정리합니다. 부동산등기 ‘필요서류’ 안내는 접수에 반드시 붙는 핵심 서류(신분·인감·원인서류·관할 확인용 주소) 중심으로 정리합니다. 없어도 상담은 가능하지만, 접수 단계로 가려면 목록의 ★ 표시 항목부터 채우는 편이 빠릅니다. 이 페이지는 ‘무엇을 준비해야 접수가 되는지’에 초점을 둡니다. 일정·비용은 별도 안내를 참고하세요. 매매·증여·상속 등 원인별 부동산 등기 전반을 다룹니다. 관할 등기소 확인이 우선입",561,48c8a3acfc774a8b
/부동산실권리자명의등기,"등기명의인과 실제 권리자가 다른 부동산을 맞추려는 검색은 ‘실권리자명의등기’로 모입니다. 원인(명의신탁 해소, 원인무효, 진정명의회복)에 따라 서류와 리스크가 달라 매매이전·증여 페이지와 섞이면 안 됩니다. 등기명의인과 실제 권리자가 다른 부동산을 맞추려는 검색은 ‘실권리자명의등기’로 모입니다. 원인(명의신탁 해소, 원인무효, 진정명의회복)에 따라 서류와 리스크가 달라 매매이전·증여 페이지와 섞이면 안 됩니다. 등기명의인과 실제 권리자가 다른 부동산을 맞추려는 검색은 ‘실권리자명의등기’로 모입니다. 원인(명의신탁 해소, 원인무효, 진정명의회복)에 따라 서류와 리스크가 달라 매매이전·증여 페이지와 섞이면 안 됩니다. 상담 시 확인하는 내용 부동산 실권리자명의등기 사건은 서류·관할·기한에 따라 진행 순서가 달라집니다. 다옴법무사사무소는 부산 해운대구·센텀에서 상속등기·부동산등기·법인등기·개인회생·파산 등을 다루며, 의뢰인 상황에 맞춰 절차와 비용을 알기 쉽게 설명합니다. 불확실한 부분은",215,42315fcf817a2dc4
/부모님사망후해야할일,"가족이 돌아가시면 장례와 함께 ‘무엇을 먼저 해야 하는지’를 검색하는 경우가 많습니다. 이 페이지는 장례업체 안내가 아니라, 이후 상속재산 처분·채무 확인·상속포기·한정승인에 영향을 줄 수 있는 순서를 중심으로 정리합니다. 가족이 돌아가시면 장례와 함께 ‘무엇을 먼저 해야 하는지’를 검색하는 경우가 많습니다. 이 페이지는 장례업체 안내가 아니라, 이후 상속재산 처분·채무 확인·상속포기·한정승인에 영향을 줄 수 있는 순서를 중심으로 정리합니다. 가족이 돌아가시면 장례와 함께 ‘무엇을 먼저 해야 하는지’를 검색하는 경우가 많습니다. 이 페이지는 장례업체 안내가 아니라, 이후 상속재산 처분·채무 확인·상속포기·한정승인에 영향을 줄 수 있는 순서를 중심으로 정리합니다. 상담 시 확인하는 내용 부모님 사망 후 해야 할 일 사건은 서류·관할·기한에 따라 진행 순서가 달라집니다. 다옴법무사사무소는 부산 해운대구·센텀에서 상속등기·부동산등기·법인등기·개인회생·파산 등을 다루며, 의뢰인 상황에 맞춰",181,fabb4f791f44b6f4
/부모빚상속방법,"재산보다 채무가 많아 보이거나 빚을 뒤늦게 알게 되면 단순승인으로 등기만 진행하기 어렵습니다. 이 페이지는 ‘포기와 한정의 차이’만 반복하지 않고, 채무 불명확·일부 사용·후순위 효과처럼 선택에 영향을 주는 지점을 중심으로 안내합니다. 재산보다 채무가 많아 보이거나 빚을 뒤늦게 알게 되면 단순승인으로 등기만 진행하기 어렵습니다. 이 페이지는 ‘포기와 한정의 차이’만 반복하지 않고, 채무 불명확·일부 사용·후순위 효과처럼 선택에 영향을 주는 지점을 중심으로 안내합니다. 재산보다 채무가 많아 보이거나 빚을 뒤늦게 알게 되면 단순승인으로 등기만 진행하기 어렵습니다. 이 페이지는 ‘포기와 한정의 차이’만 반복하지 않고, 채무 불명확·일부 사용·후순위 효과처럼 선택에 영향을 주는 지점을 중심으로 안내합니다. 상담 시 확인하는 내용 부모 빚이 있는 경우 상속방법 사건은 서류·관할·기한에 따라 진행 순서가 달라집니다. 다옴법무사사무소는 부산 해운대구·센텀에서 상속등기·부동산등기·법인등기·개인회생",184,50d0366b5cf2b4fe
/부모자녀다른지역증여등기,"부모는 A시, 자녀는 B시, 부동산은 C시에 있는 증여는 흔합니다. 부산 부모자녀 아파트 증여등기 안내가 관계·아파트 권리관계에 초점을 둔다면, 이 페이지는 당사자·부동산의 지역이 어긋날 때의 준비 순서에 초점을 둡니다. 부모는 A시, 자녀는 B시, 부동산은 C시에 있는 증여는 흔합니다. 부산 부모자녀 아파트 증여등기 안내가 관계·아파트 권리관계에 초점을 둔다면, 이 페이지는 당사자·부동산의 지역이 어긋날 때의 준비 순서에 초점을 둡니다. 부모는 A시, 자녀는 B시, 부동산은 C시에 있는 증여는 흔합니다. 부산 부모자녀 아파트 증여등기 안내가 관계·아파트 권리관계에 초점을 둔다면, 이 페이지는 당사자·부동산의 지역이 어긋날 때의 준비 순서에 초점을 둡니다. 상담 시 확인하는 내용 부모와 자녀가 다른 지역에 사는 증여등기 사건은 서류·관할·기한에 따라 진행 순서가 달라집니다. 다옴법무사사무소는 부산 해운대구·센텀에서 상속등기·부동산등기·법인등기·개인회생·파산 등을 다루며, 의뢰인 상황",197,e66e791a1923e97d
/부산가등기,"가등기는 나중에 본등기를 할 자리를 등기부에 미리 잡아 두는 제도입니다. 매매·증여 약속을 지키는 소유권이전청구권 가등기와, 빚을 담보하는 담보가등기는 목적·말소·본등기 효과가 달라 같은 검색어로 묶이면 선택이 흐려집니다. 가등기는 나중에 본등기를 할 자리를 등기부에 미리 잡아 두는 제도입니다. 매매·증여 약속을 지키는 소유권이전청구권 가등기와, 빚을 담보하는 담보가등기는 목적·말소·본등기 효과가 달라 같은 검색어로 묶이면 선택이 흐려집니다. 가등기는 나중에 본등기를 할 자리를 등기부에 미리 잡아 두는 제도입니다. 매매·증여 약속을 지키는 소유권이전청구권 가등기와, 빚을 담보하는 담보가등기는 목적·말소·본등기 효과가 달라 같은 검색어로 묶이면 선택이 흐려집니다. 상담 시 확인하는 내용 부산 가등기 사건은 서류·관할·기한에 따라 진행 순서가 달라집니다. 다옴법무사사무소는 부산 해운대구·센텀에서 상속등기·부동산등기·법인등기·개인회생·파산 등을 다루며, 의뢰인 상황에 맞춰 절차와 비용을 ",277,41cfcc6d36125e04
/부산가압류말소등기,"부산 가압류말소등기는 등기부 가압류 말소을(를) 찾는 분이 상담 전 절차와 서류를 확인하기 위한 안내입니다. 부산 가압류말소등기는 등기부 가압류 말소을(를) 찾는 분이 상담 전 절차와 서류를 확인하기 위한 안내입니다. 부산 가압류말소등기는 등기부 가압류 말소을(를) 찾는 분이 상담 전 절차와 서류를 확인하기 위한 안내입니다. 상담 시 확인하는 내용 부산 가압류말소등기 사건은 서류·관할·기한에 따라 진행 순서가 달라집니다. 다옴법무사사무소는 부산 해운대구·센텀에서 상속등기·부동산등기·법인등기·개인회생·파산 등을 다루며, 의뢰인 상황에 맞춰 절차와 비용을 알기 쉽게 설명합니다. 불확실한 부분은 추측으로 단정하지 않고, 확인된 사실을 바탕으로 안내드립니다. 전화·카카오톡·네이버 톡톡으로 간단히 상황을 남겨 주시면 필요한 준비부터 차분히 정리해 드리겠습니다. 가압류 말소는 어떤 경우에 가능한가요? 변제·합의·취하·판결·결정 등 말소 근거가 있어야 합니다. 구체적인 방식은 서류와 사건 경과에",226,b4931b26e2b3a4df
/부산가정법원법무사,"부산가정법원 근처 검색으로 들어왔더라도, 실제 관할과 접수 방식이 맞는지가 핵심입니다. 상속포기·한정승인·성년후견 등 가사 사건을 관할하는 법원입니다. 방문 전 신청서·위임장·인감증명서를 정리해 두면 접수가 수월합니다. 부산가정법원 근처 검색으로 들어왔더라도, 실제 관할과 접수 방식이 맞는지가 핵심입니다. 상속포기·한정승인·성년후견 등 가사 사건을 관할하는 법원입니다. 방문 전 신청서·위임장·인감증명서를 정리해 두면 접수가 수월합니다. 부산광역시 전역 상속등기·부동산등기·법인등기·개인회생·파산 등 법무사 업무를 다루는 핵심 지역입니다. 상속 재산보다 채무가 많을 때 상속을 포기하는 가사 신고 절차입니다. 부산가정법원 관할 사건을 안내합니다. 관할 확인 상속 승인 방식(단순·한정·포기)을 등기 일정과 분리해 먼저 가립니다. 3개월 기한을 별도 표시합니다. 잔금·인도·대출 실행 일정을 한 줄에 두고 등기 접수를 맞춥니다. 중도금 연체가 있으면 계약 특약을 먼저 확인합니다. 전자등기 가능",470,25eb897608008224
/부산가정법원상속,"부산가정법원 관련 절차를 앞두고 계신가요? 상속포기·한정승인·유류분·이혼 등 가사 사건을 관할합니다. 피상속인 주소지 기준으로 관할이 정해집니다. 방문 전에 관할, 서류, 신청 순서를 미리 확인하는 것이 중요합니다. 다옴법무사사무소는 부산 해운대 센텀에 있으며, 연제구, 동래구 일대를 포함해 부산가정법원 접수 전 상담·서류 준비·대리 접수를 도와드립니다. 본 페이지는 공식 기관 사이트가 아니며, 실무상 접수 절차와 준비서류를 법무사 관점에서 안내합니다. 부산가정법원 관련 절차를 앞두고 계신가요? 상속포기·한정승인·유류분·이혼 등 가사 사건을 관할합니다. 피상속인 주소지 기준으로 관할이 정해집니다. 방문 전에 관할, 서류, 신청 순서를 미리 확인하는 것이 중요합니다. 다옴법무사사무소는 부산 해운대 센텀에 있으며, 연제구, 동래구 일대를 포함해 부산가정법원 접수 전 상담·서류 준비·대리 접수를 도와드립니다. 본 페이지는 공식 기관 사이트가 아니며, 실무상 접수 절차와 준비서류를 법무사 ",287,edcf588cd8c65bc3
/부산가정법원상속포기,부산가정법원와(과) 관련된 상속포기 사건은 관할과 제출 서류를 먼저 맞추는 것이 중요합니다. 상속포기·한정승인·성년후견 등 가사 사건을 관할하는 법원입니다. 상속 재산보다 채무가 많을 때 상속을 포기하는 가사 신고 절차입니다. 부산가정법원 관할 사건을 안내합니다. 부산가정법원와(과) 관련된 상속포기 사건은 관할과 제출 서류를 먼저 맞추는 것이 중요합니다. 상속포기·한정승인·성년후견 등 가사 사건을 관할하는 법원입니다. 상속 재산보다 채무가 많을 때 상속을 포기하는 가사 신고 절차입니다. 부산가정법원 관할 사건을 안내합니다. 부산광역시 전역 상속등기·부동산등기·법인등기·개인회생·파산 등 법무사 업무를 다루는 핵심 지역입니다. 상속 재산보다 채무가 많을 때 상속을 포기하는 가사 신고 절차입니다. 부산가정법원 관할 사건을 안내합니다. 관할 확인 회생·파산 경로에서는 소득·재산·채무 목록 정합성을 신청서 품질의 기준으로 둡니다. 등기원인 문구와 검인·취득세 완납 증빙이 일치하는지 접수 직전,474,9e1e708deb2fc14a
/부산가정법원성년후견,부산가정법원와(과) 관련된 성년후견 사건은 관할과 제출 서류를 먼저 맞추는 것이 중요합니다. 상속포기·한정승인·성년후견 등 가사 사건을 관할하는 법원입니다. 성년후견·한정후견·특정후견 신청 절차를 안내합니다. 가정법원 관할 사건입니다. 부산가정법원와(과) 관련된 성년후견 사건은 관할과 제출 서류를 먼저 맞추는 것이 중요합니다. 상속포기·한정승인·성년후견 등 가사 사건을 관할하는 법원입니다. 성년후견·한정후견·특정후견 신청 절차를 안내합니다. 가정법원 관할 사건입니다. 부산광역시 전역 상속등기·부동산등기·법인등기·개인회생·파산 등 법무사 업무를 다루는 핵심 지역입니다. 성년후견·한정후견·특정후견 신청 절차를 안내합니다. 가정법원 관할 사건입니다. 관할 확인 수임·등록면허세·지방교육세·수수료 칸을 나눈 견적 초안을 상담 후 공유합니다. 추가 보정 비용은 별도 줄입니다. 이미 소송·가압류가 있으면 등기 가능 시점부터 다시 설계합니다. 단순 매매 일정과 섞지 않습니다. 회생·파산 경로에서는,452,635d847bb7c4644a
/부산가정법원한정승인,"부산가정법원와(과) 관련된 한정승인 사건은 관할과 제출 서류를 먼저 맞추는 것이 중요합니다. 상속포기·한정승인·성년후견 등 가사 사건을 관할하는 법원입니다. 상속 재산 범위 내에서만 채무를 변제하고 상속을 승인하는 절차입니다. 채무 조사 후 상속등기와 연계됩니다. 부산가정법원와(과) 관련된 한정승인 사건은 관할과 제출 서류를 먼저 맞추는 것이 중요합니다. 상속포기·한정승인·성년후견 등 가사 사건을 관할하는 법원입니다. 상속 재산 범위 내에서만 채무를 변제하고 상속을 승인하는 절차입니다. 채무 조사 후 상속등기와 연계됩니다. 부산광역시 전역 상속등기·부동산등기·법인등기·개인회생·파산 등 법무사 업무를 다루는 핵심 지역입니다. 상속 재산 범위 내에서만 채무를 변제하고 상속을 승인하는 절차입니다. 채무 조사 후 상속등기와 연계됩니다. 관할 확인 법인 결의·취임승낙·인감 원본을 대조하고, 과태료 기한을 결의일부터 역산합니다. 산업단지·재개발·재건축처럼 특수한 권리관계는 일반 매매 체크리스트",476,446bcebcfa7b1a1f
/부산감자등기,"감자등기는 자본금 감소를 등기부에 반영하는 절차로, 유상증자와 반대입니다. 결의와 함께 채권자 보호 요건을 충족한 뒤 접수해야 합니다. 감자등기는 자본금 감소를 등기부에 반영하는 절차로, 유상증자와 반대입니다. 결의와 함께 채권자 보호 요건을 충족한 뒤 접수해야 합니다. 감자는 자본금을 감소시키는 등기입니다. 유상증자(/부산유상증자등기)와 방향이 반대이며, 채권자 보호 절차가 핵심입니다. 상담 시 확인하는 내용 부산 감자등기 사건은 서류·관할·기한에 따라 진행 순서가 달라집니다. 다옴법무사사무소는 부산 해운대구·센텀에서 상속등기·부동산등기·법인등기·개인회생·파산 등을 다루며, 의뢰인 상황에 맞춰 절차와 비용을 알기 쉽게 설명합니다. 불확실한 부분은 추측으로 단정하지 않고, 확인된 사실을 바탕으로 안내드립니다. 전화·카카오톡·네이버 톡톡으로 간단히 상황을 남겨 주시면 필요한 준비부터 차분히 정리해 드리겠습니다. 유상증자와 어떻게 다른가요? 유상증자는 신주 발행·납입으로 자본금을 늘리고",142,3464fe9e45210233
/부산강사섭외비용,"강의료는 기관 기준·시간·형식·자료 범위에 따라 달라집니다. 이 페이지는 고정 요금표를 제시하지 않고, 담당자가 견적을 요청할 때 정리하면 좋은 항목과, 문의에 남기면 회신이 빨라지는 정보를 안내합니다. 강의료는 기관 기준·시간·형식·자료 범위에 따라 달라집니다. 이 페이지는 고정 요금표를 제시하지 않고, 담당자가 견적을 요청할 때 정리하면 좋은 항목과, 문의에 남기면 회신이 빨라지는 정보를 안내합니다. 강의료는 기관 기준·시간·형식·자료 범위에 따라 달라집니다. 이 페이지는 고정 요금표를 제시하지 않고, 담당자가 견적을 요청할 때 정리하면 좋은 항목과, 문의에 남기면 회신이 빨라지는 정보를 안내합니다. 상담 시 확인하는 내용 부산 강사 섭외 비용 사건은 서류·관할·기한에 따라 진행 순서가 달라집니다. 다옴법무사사무소는 부산 해운대구·센텀에서 상속등기·부동산등기·법인등기·개인회생·파산 등을 다루며, 의뢰인 상황에 맞춰 절차와 비용을 알기 쉽게 설명합니다. 불확실한 부분은 추측으로 단",225,eb1845f588a53a0c
/부산강사섭외체크리스트,"강사 섭외는 ‘누구를 부를까’보다 ‘무엇을 배울지’를 먼저 고정하는 일이 많습니다. 아래 체크리스트 순서로 정리하면 문의·내부 결재·당일 운영이 한결 수월합니다. 빈칸이 남아 있어도 알려 주신 범위에서 구성안을 맞춰 볼 수 있으며, 법정 지정교육은 본 목록 밖으로 두세요. 생활·예방 특강 섭외를 기준으로 한 실무 안내입니다. 강사 섭외는 ‘누구를 부를까’보다 ‘무엇을 배울지’를 먼저 고정하는 일이 많습니다. 아래 체크리스트 순서로 정리하면 문의·내부 결재·당일 운영이 한결 수월합니다. 빈칸이 남아 있어도 알려 주신 범위에서 구성안을 맞춰 볼 수 있으며, 법정 지정교육은 본 목록 밖으로 두세요. 생활·예방 특강 섭외를 기준으로 한 실무 안내입니다. 강사 섭외는 ‘누구를 부를까’보다 ‘무엇을 배울지’를 먼저 고정하는 일이 많습니다. 아래 체크리스트 순서로 정리하면 문의·내부 결재·당일 운영이 한결 수월합니다. 빈칸이 남아 있어도 알려 주신 범위에서 구성안을 맞춰 볼 수 있으며, 법정 지",287,1b464039b8295d84
/부산개명허가,"개명허가는 가정법원 비송 사건입니다. 등기 허브나 상속 허브에 한 줄만 있으면 신청 서류·관할·허가 후 등록 순서가 보이지 않습니다. 성본변경도 가사비송이지만 요건이 달라 같은 URL 안의 별 절로 둡니다. 개명허가는 가정법원 비송 사건입니다. 등기 허브나 상속 허브에 한 줄만 있으면 신청 서류·관할·허가 후 등록 순서가 보이지 않습니다. 성본변경도 가사비송이지만 요건이 달라 같은 URL 안의 별 절로 둡니다. 개명허가는 가정법원 비송 사건입니다. 등기 허브나 상속 허브에 한 줄만 있으면 신청 서류·관할·허가 후 등록 순서가 보이지 않습니다. 성본변경도 가사비송이지만 요건이 달라 같은 URL 안의 별 절로 둡니다. 상담 시 확인하는 내용 부산 개명허가 사건은 서류·관할·기한에 따라 진행 순서가 달라집니다. 다옴법무사사무소는 부산 해운대구·센텀에서 상속등기·부동산등기·법인등기·개인회생·파산 등을 다루며, 의뢰인 상황에 맞춰 절차와 비용을 알기 쉽게 설명합니다. 불확실한 부분은 추측으로",249,c5f02292fe6baa7d
/부산개인사업자법인전환,"개인사업자 법인전환은 법인설립등기에 더해 기존 사업의 자산·계약·세무 이전을 설계하는 과정입니다. 일반 설립(/부산법인설립등기)과 준비 범위가 다릅니다. 개인사업자 법인전환은 법인설립등기에 더해 기존 사업의 자산·계약·세무 이전을 설계하는 과정입니다. 일반 설립(/부산법인설립등기)과 준비 범위가 다릅니다. 개인사업을 법인으로 옮기는 전환은, 처음부터 법인을 세우는 `/부산법인설립등기`와 달리 기존 자산·계약·세무를 함께 설계해야 합니다. 상담 시 확인하는 내용 부산 개인사업자 법인전환 사건은 서류·관할·기한에 따라 진행 순서가 달라집니다. 다옴법무사사무소는 부산 해운대구·센텀에서 상속등기·부동산등기·법인등기·개인회생·파산 등을 다루며, 의뢰인 상황에 맞춰 절차와 비용을 알기 쉽게 설명합니다. 불확실한 부분은 추측으로 단정하지 않고, 확인된 사실을 바탕으로 안내드립니다. 전화·카카오톡·네이버 톡톡으로 간단히 상황을 남겨 주시면 필요한 준비부터 차분히 정리해 드리겠습니다. 일반 법인설립",145,51fdf55582004f70
/부산개인파산,"부산에 거주하면서 개인파산을 찾는 경우, 이 페이지는 해당 구·동의 상담 진입점입니다. 신청 자격·서류·부산회생법원 준비의 전체 절차는 상위 안내에서 이어집니다. 등기소·상속·매매와는 다른 법원 절차입니다. 부산에 거주하면서 개인파산을 찾는 경우, 이 페이지는 해당 구·동의 상담 진입점입니다. 신청 자격·서류·부산회생법원 준비의 전체 절차는 상위 안내에서 이어집니다. 등기소·상속·매매와는 다른 법원 절차입니다. 부산 개인파산 상담 안내. 부산회생법원 관할. 소득·채무·재산 기준으로 준비 순서를 안내하며 인가·면책은 보장하지 않습니다. 부산에서 개인회생·파산은 부산회생법원 사건을 기준으로 상담합니다. 소득·채무·재산 현황만 알려 주셔도 1차 방향을 나눌 수 있습니다. 부산 개인파산 비용을 확인할 때 볼 항목 변제 여력이 거의 없는 파산·면책 절차는 회생과 송달·재산 조사 범위가 다릅니다. 법원 실비와 사무소 보수를 구분하고, 재산·면제재산·최근 처분이 준비 범위를 바꿉니다. 개인파산 ",347,2c226c0b9dee25cc
/부산개인파산법무사,"부산 개인파산 법무사 검색 시, 키워드만 보고 결정하기보다 개인파산·면책 실무에 맞는 서류·기한·관할·비용을 먼저 확인하는 것이 안전합니다. 부산 개인파산 법무사 검색 시, 키워드만 보고 결정하기보다 개인파산·면책 실무에 맞는 서류·기한·관할·비용을 먼저 확인하는 것이 안전합니다. 부산 개인파산 법무사 검색 시, 키워드만 보고 결정하기보다 개인파산·면책 실무에 맞는 서류·기한·관할·비용을 먼저 확인하는 것이 안전합니다. 상담 시 확인하는 내용 부산 개인파산 법무사 사건은 서류·관할·기한에 따라 진행 순서가 달라집니다. 다옴법무사사무소는 부산 해운대구·센텀에서 상속등기·부동산등기·법인등기·개인회생·파산 등을 다루며, 의뢰인 상황에 맞춰 절차와 비용을 알기 쉽게 설명합니다. 불확실한 부분은 추측으로 단정하지 않고, 확인된 사실을 바탕으로 안내드립니다. 전화·카카오톡·네이버 톡톡으로 간단히 상황을 남겨 주시면 필요한 준비부터 차분히 정리해 드리겠습니다. 부산 개인파산 법무사 검색 시 무엇",283,d430d7552dd3ecdf
/부산개인파산법무사추천,"부산 개인파산 법무사 추천 검색 시, 키워드만 보고 결정하기보다 개인파산·면책 상담에 맞는 서류·기한·관할·비용을 먼저 확인하는 것이 안전합니다. 부산 개인파산 법무사 추천 검색 시, 키워드만 보고 결정하기보다 개인파산·면책 상담에 맞는 서류·기한·관할·비용을 먼저 확인하는 것이 안전합니다. 부산 개인파산 법무사 추천 검색 시, 키워드만 보고 결정하기보다 개인파산·면책 상담에 맞는 서류·기한·관할·비용을 먼저 확인하는 것이 안전합니다. 상담 시 확인하는 내용 부산 개인파산 법무사 추천 사건은 서류·관할·기한에 따라 진행 순서가 달라집니다. 다옴법무사사무소는 부산 해운대구·센텀에서 상속등기·부동산등기·법인등기·개인회생·파산 등을 다루며, 의뢰인 상황에 맞춰 절차와 비용을 알기 쉽게 설명합니다. 불확실한 부분은 추측으로 단정하지 않고, 확인된 사실을 바탕으로 안내드립니다. 전화·카카오톡·네이버 톡톡으로 간단히 상황을 남겨 주시면 필요한 준비부터 차분히 정리해 드리겠습니다. 부산 개인파산",290,b8179113da08612a
/부산개인파산상담,"부산 개인파산 상담 검색 시, 키워드만 보고 결정하기보다 개인파산 상담에 맞는 서류·기한·관할·비용을 먼저 확인하는 것이 안전합니다. 부산 개인파산 상담 검색 시, 키워드만 보고 결정하기보다 개인파산 상담에 맞는 서류·기한·관할·비용을 먼저 확인하는 것이 안전합니다. 부산 개인파산 상담 검색 시, 키워드만 보고 결정하기보다 개인파산 상담에 맞는 서류·기한·관할·비용을 먼저 확인하는 것이 안전합니다. 상담 시 확인하는 내용 부산 개인파산 상담 사건은 서류·관할·기한에 따라 진행 순서가 달라집니다. 다옴법무사사무소는 부산 해운대구·센텀에서 상속등기·부동산등기·법인등기·개인회생·파산 등을 다루며, 의뢰인 상황에 맞춰 절차와 비용을 알기 쉽게 설명합니다. 불확실한 부분은 추측으로 단정하지 않고, 확인된 사실을 바탕으로 안내드립니다. 전화·카카오톡·네이버 톡톡으로 간단히 상황을 남겨 주시면 필요한 준비부터 차분히 정리해 드리겠습니다. 부산 개인파산 상담 검색 시 무엇을 먼저 확인해야 하나요?",283,6dc3b29b3053f264
/부산개인파산전문법무사,"부산 개인파산전문 법무사로 문의하는 분은 변제할 소득이 부족하다고 느끼는 경우가 많습니다. 다만 파산 신청과 면책은 같은 절차가 아니며, 변제 여력이 부족하다는 사실을 확인한 뒤에도 재산·소득·최근 거래를 각각 살펴야 합니다. 부산 개인파산전문 법무사로 문의하는 분은 변제할 소득이 부족하다고 느끼는 경우가 많습니다. 다만 파산 신청과 면책은 같은 절차가 아니며, 변제 여력이 부족하다는 사실을 확인한 뒤에도 재산·소득·최근 거래를 각각 살펴야 합니다. 부산 개인파산전문 법무사로 문의하는 분은 변제할 소득이 부족하다고 느끼는 경우가 많습니다. 다만 파산 신청과 면책은 같은 절차가 아니며, 변제 여력이 부족하다는 사실을 확인한 뒤에도 재산·소득·최근 거래를 각각 살펴야 합니다. 상담 시 확인하는 내용 부산 개인파산전문 법무사 사건은 서류·관할·기한에 따라 진행 순서가 달라집니다. 다옴법무사사무소는 부산 해운대구·센텀에서 상속등기·부동산등기·법인등기·개인회생·파산 등을 다루며, 의뢰인 상황",222,94fc86319053e944
/부산개인회생,"빚이 너무 많아 이자를 갚는 데 월급이 다 가거나, 자영업·프리랜서 수입이 들쭉날쭉해도 카드·대출이 늘어난 경우, 개인회생을 검색하는 경우가 많습니다. 개인회생은 장래에 계속·반복 수입이 있을 가능성이 있는 사람이, 지급불능이거나 그럴 염려가 있을 때 법원에 변제계획을 내는 절차입니다. 이 페이지에서는 자격 검토 포인트, 소득·채무·재산 정리, 부산회생법원 제출·보정, 급여압류·재산이 있는 경우의 주의점을 순서대로 봅니다. 등기소·상속·매매·법인 변경과는 다른 법원 절차이므로, 관할은 부동산 소재지가 아니라 부산회생법원 사건을 기준으로 안내합니다. 상담 전에는 월 소득, 채무 종류, 재산 유무, 압류 여부만 있어도 방향을 나눌 수 있습니다. 이해를 위한 예시이며 실제 결과는 개별 사정에 따라 달라집니다. 빚이 너무 많아 이자를 갚는 데 월급이 다 가거나, 자영업·프리랜서 수입이 들쭉날쭉해도 카드·대출이 늘어난 경우, 개인회생을 검색하는 경우가 많습니다. 개인회생은 장래에 계속·반복 ",1304,c173eb27b073055f
/부산개인회생법무사,"부산 개인회생 법무사를 검색하는 분들은 보통 ‘내가 신청할 수 있는지’부터 확인하고 싶어 합니다. 채무가 많아도 소득·재산·생계비 구조에 따라 변제계획과 인가 가능성이 달라집니다. 부산 개인회생 법무사를 검색하는 분들은 보통 ‘내가 신청할 수 있는지’부터 확인하고 싶어 합니다. 채무가 많아도 소득·재산·생계비 구조에 따라 변제계획과 인가 가능성이 달라집니다. 부산 개인회생 법무사를 검색하는 분들은 보통 ‘내가 신청할 수 있는지’부터 확인하고 싶어 합니다. 채무가 많아도 소득·재산·생계비 구조에 따라 변제계획과 인가 가능성이 달라집니다. 신청 가능성을 본 뒤 비용을 나누는 이유 소득·채무·재산이 정리되기 전에는 총액을 단정하기 어렵습니다. 가능성 판단 페이지에서는 자격·목록이 우선이고, 금액 항목은 개인회생 비용 안내에서 이어집니다. 상담 시 확인하는 내용 부산 개인회생 법무사 사건은 서류·관할·기한에 따라 진행 순서가 달라집니다. 다옴법무사사무소는 부산 해운대구·센텀에서 상속등기·부",361,afb1bb5d816640e2
/부산개인회생법무사추천,"부산 개인회생 법무사 추천 검색 시, 키워드만 보고 결정하기보다 개인회생 신청·서류·비용 상담에 맞는 서류·기한·관할·비용을 먼저 확인하는 것이 안전합니다. 부산 개인회생 법무사 추천 검색 시, 키워드만 보고 결정하기보다 개인회생 신청·서류·비용 상담에 맞는 서류·기한·관할·비용을 먼저 확인하는 것이 안전합니다. 부산 개인회생 법무사 추천 검색 시, 키워드만 보고 결정하기보다 개인회생 신청·서류·비용 상담에 맞는 서류·기한·관할·비용을 먼저 확인하는 것이 안전합니다. 상담 시 확인하는 내용 부산 개인회생 법무사 추천 사건은 서류·관할·기한에 따라 진행 순서가 달라집니다. 다옴법무사사무소는 부산 해운대구·센텀에서 상속등기·부동산등기·법인등기·개인회생·파산 등을 다루며, 의뢰인 상황에 맞춰 절차와 비용을 알기 쉽게 설명합니다. 불확실한 부분은 추측으로 단정하지 않고, 확인된 사실을 바탕으로 안내드립니다. 전화·카카오톡·네이버 톡톡으로 간단히 상황을 남겨 주시면 필요한 준비부터 차분히 정",296,6b2a3feeace1f36f
/부산개인회생상담,"부산 개인회생 상담 검색 시, 키워드만 보고 결정하기보다 개인회생 상담에 맞는 서류·기한·관할·비용을 먼저 확인하는 것이 안전합니다. 부산 개인회생 상담 검색 시, 키워드만 보고 결정하기보다 개인회생 상담에 맞는 서류·기한·관할·비용을 먼저 확인하는 것이 안전합니다. 부산 개인회생 상담 검색 시, 키워드만 보고 결정하기보다 개인회생 상담에 맞는 서류·기한·관할·비용을 먼저 확인하는 것이 안전합니다. 상담 시 확인하는 내용 부산 개인회생 상담 사건은 서류·관할·기한에 따라 진행 순서가 달라집니다. 다옴법무사사무소는 부산 해운대구·센텀에서 상속등기·부동산등기·법인등기·개인회생·파산 등을 다루며, 의뢰인 상황에 맞춰 절차와 비용을 알기 쉽게 설명합니다. 불확실한 부분은 추측으로 단정하지 않고, 확인된 사실을 바탕으로 안내드립니다. 전화·카카오톡·네이버 톡톡으로 간단히 상황을 남겨 주시면 필요한 준비부터 차분히 정리해 드리겠습니다. 부산 개인회생 상담 검색 시 무엇을 먼저 확인해야 하나요?",283,e170b3d29c5cdf00
/부산개인회생신청,"부산 개인회생 신청 검색 시, 키워드만 보고 결정하기보다 개인회생 신청에 맞는 서류·기한·관할·비용을 먼저 확인하는 것이 안전합니다. 부산 개인회생 신청 검색 시, 키워드만 보고 결정하기보다 개인회생 신청에 맞는 서류·기한·관할·비용을 먼저 확인하는 것이 안전합니다. 부산 개인회생 신청 검색 시, 키워드만 보고 결정하기보다 개인회생 신청에 맞는 서류·기한·관할·비용을 먼저 확인하는 것이 안전합니다. 상담 시 확인하는 내용 부산 개인회생 신청 사건은 서류·관할·기한에 따라 진행 순서가 달라집니다. 다옴법무사사무소는 부산 해운대구·센텀에서 상속등기·부동산등기·법인등기·개인회생·파산 등을 다루며, 의뢰인 상황에 맞춰 절차와 비용을 알기 쉽게 설명합니다. 불확실한 부분은 추측으로 단정하지 않고, 확인된 사실을 바탕으로 안내드립니다. 전화·카카오톡·네이버 톡톡으로 간단히 상황을 남겨 주시면 필요한 준비부터 차분히 정리해 드리겠습니다. 부산 개인회생 신청 검색 시 무엇을 먼저 확인해야 하나요?",283,20beb7d538a5525f
/부산개인회생전문법무사,"부산 개인회생전문 법무사로 문의하는 경우에도 채무 총액만으로는 방향이 정해지지 않습니다. 계속적·반복적인 소득이 있는지, 실제 생활에 필요한 지출과 부양가족은 어떤지, 보유 재산과 채무의 관계가 어떤지를 표로 정리하는 것이 먼저입니다. 부산 개인회생전문 법무사로 문의하는 경우에도 채무 총액만으로는 방향이 정해지지 않습니다. 계속적·반복적인 소득이 있는지, 실제 생활에 필요한 지출과 부양가족은 어떤지, 보유 재산과 채무의 관계가 어떤지를 표로 정리하는 것이 먼저입니다. 부산 개인회생전문 법무사로 문의하는 경우에도 채무 총액만으로는 방향이 정해지지 않습니다. 계속적·반복적인 소득이 있는지, 실제 생활에 필요한 지출과 부양가족은 어떤지, 보유 재산과 채무의 관계가 어떤지를 표로 정리하는 것이 먼저입니다. 상담 시 확인하는 내용 부산 개인회생전문 법무사 사건은 서류·관할·기한에 따라 진행 순서가 달라집니다. 다옴법무사사무소는 부산 해운대구·센텀에서 상속등기·부동산등기·법인등기·개인회생·파산",215,a8f3f7d402430a52
/부산건물등기,"부산 건물등기는 사유(신축·멸실·표시변경·집합·공장 등)마다 신청 유형과 서류가 다릅니다. 건축물대장과 등기부를 먼저 대조한 뒤, 해당 중형 허브에서 세부 절차를 확인하세요. 부산 건물등기는 사유(신축·멸실·표시변경·집합·공장 등)마다 신청 유형과 서류가 다릅니다. 건축물대장과 등기부를 먼저 대조한 뒤, 해당 중형 허브에서 세부 절차를 확인하세요. 건물등기는 매매·이전만이 아니라, 신축 보존·멸실·표시변경·집합·공장 등 사유마다 신청 유형과 첨부서류가 달라집니다. 비용 안내 비용은 등기 유형(보존·멸실·표시변경 등), 건물 종류·면적·집합건물 여부, 등록면허세·국민주택채권 등 공과금, 보정·추가 서류 발생 여부 등에 따라 달라질 수 있습니다. 관할·접근 안내 부동산 소재지 관할 등기소 기준으로 접수하며, 부산 해운대·센텀 다옴법무사사무소에서 상담·수임을 진행합니다. 사무소: 부산광역시 해운대구 센텀동로 200 D동 1층 LAB9호 법무사는 부동산등기(건물·토지) 신청·서류 작성·접수",250,bee63e530470b22e
/부산건물멸실등기,"건물멸실등기는 철거·소실 사실을 등기부에 반영하는 절차이며, 건축물대장 말소와는 별개입니다. 상황별 세부 안내를 확인한 뒤 대장·등기부를 대조해 상담하세요. 건물멸실등기는 철거·소실 사실을 등기부에 반영하는 절차이며, 건축물대장 말소와는 별개입니다. 상황별 세부 안내를 확인한 뒤 대장·등기부를 대조해 상담하세요. 건물이 없어져도 등기부가 남아 있으면 토지 매도·신축·담보에서 장애가 생길 수 있습니다. 멸실등기로 등기부를 정리하는 흐름을 상황별로 확인하세요. 비용 안내 비용은 전부 멸실 vs 일부 표시변경, 건물 규모·공장 여부, 상속·공유 등 권리관계 복잡성, 공과금·보정 발생 등에 따라 달라질 수 있습니다. 관할·접근 안내 부동산 소재지 관할 등기소 기준으로 접수하며, 부산 해운대·센텀 다옴법무사사무소에서 상담·수임을 진행합니다. 사무소: 부산광역시 해운대구 센텀동로 200 D동 1층 LAB9호 법무사는 부동산등기(건물·토지) 신청·서류 작성·접수 대리 등 등기 관련 업무를 지원합",244,9c81ab80c753bb6a
/부산건물표시변경등기,"건물표시변경등기는 소유권 이전 없이 건물 표시를 대장에 맞추는 절차입니다. 명의인 표시변경·멸실·보존과 구분한 뒤 건축물대장과 등기부를 대조하고, 변경 전후 항목을 목록으로 정리해 상담하세요. 건물표시변경등기는 소유권 이전 없이 건물 표시를 대장에 맞추는 절차입니다. 명의인 표시변경·멸실·보존과 구분한 뒤 건축물대장과 등기부를 대조하고, 변경 전후 항목을 목록으로 정리해 상담하세요. 소유자는 그대로인데 면적·층수·구조·용도 등 건물 표시만 바뀐 경우, 명의 변경이 아니라 표시변경등기를 검토합니다. 비용 안내 비용은 변경 항목 수·면적, 일반건물 vs 집합·공장, 등록면허세 등 공과금, 보정 발생 여부 등에 따라 달라질 수 있습니다. 관할·접근 안내 부동산 소재지 관할 등기소 기준으로 접수하며, 부산 해운대·센텀 다옴법무사사무소에서 상담·수임을 진행합니다. 사무소: 부산광역시 해운대구 센텀동로 200 D동 1층 LAB9호 법무사는 부동산등기(건물·토지) 신청·서류 작성·접수 대리 등 ",262,88f5c22f21c6ed6c
/부산건설사등기,"시공·도급 계약과 건축주·시행 관계가 얽힌 현장에서, 보존·법인·부동산등기 중 어디에 해당하는지부터 확인한 뒤 가능 범위를 안내합니다. 시공·도급 계약과 건축주·시행 관계가 얽힌 현장에서, 보존·법인·부동산등기 중 어디에 해당하는지부터 확인한 뒤 가능 범위를 안내합니다. 시공·도급 계약과 건축주·시행 관계가 얽힌 현장에서, 보존·법인·부동산등기 중 어디에 해당하는지부터 확인한 뒤 가능 범위를 안내합니다. 상담 시 확인하는 내용 도급과 건축주 구조에 맞춰 등기 경계를 확인합니다 사건은 서류·관할·기한에 따라 진행 순서가 달라집니다. 다옴법무사사무소는 부산 해운대구·센텀에서 상속등기·부동산등기·법인등기·개인회생·파산 등을 다루며, 의뢰인 상황에 맞춰 절차와 비용을 알기 쉽게 설명합니다. 불확실한 부분은 추측으로 단정하지 않고, 확인된 사실을 바탕으로 안내드립니다. 전화·카카오톡·네이버 톡톡으로 간단히 상황을 남겨 주시면 필요한 준비부터 차분히 정리해 드리겠습니다. 시공사가 보존등기를 신",146,a4a3017ee0a234ce
/부산건축물등기법무사,"부산 건축물등기 법무사는 등기 신청·서류·접수를 지원합니다. 건축·철거·세무·소송은 별도 영역이므로, 건축물대장과 등기부를 기준으로 필요한 등기 종류부터 확인하세요. 부산 건축물등기 법무사는 등기 신청·서류·접수를 지원합니다. 건축·철거·세무·소송은 별도 영역이므로, 건축물대장과 등기부를 기준으로 필요한 등기 종류부터 확인하세요. 건축물등기 상담은 ‘건물 관련 일’ 전체가 아니라, 등기 신청·서류·접수에 초점을 둔 안내입니다. 비용 안내 비용은 등기 종류·건물 규모, 등록면허세 등 공과금, 권리관계 복잡성(공유·상속·담보), 보정·추가 신청 여부 등에 따라 달라질 수 있습니다. 관할·접근 안내 부동산 소재지 관할 등기소 기준으로 접수하며, 부산 해운대·센텀 다옴법무사사무소에서 상담·수임을 진행합니다. 사무소: 부산광역시 해운대구 센텀동로 200 D동 1층 LAB9호 법무사는 부동산등기(건물·토지) 신청·서류 작성·접수 대리 등 등기 관련 업무를 지원합니다. 건축 인허가·철거 공사·세",245,cb7063da6d7930b0
/부산건축사등기협업,"사용승인과 건축물대장 정리가 끝난 뒤 보존등기가 필요할 때, 건축사·건축주·법무사의 자료·역할 경계를 확인한 뒤 가능 범위를 안내합니다. 사용승인과 건축물대장 정리가 끝난 뒤 보존등기가 필요할 때, 건축사·건축주·법무사의 자료·역할 경계를 확인한 뒤 가능 범위를 안내합니다. 사용승인과 건축물대장 정리가 끝난 뒤 보존등기가 필요할 때, 건축사·건축주·법무사의 자료·역할 경계를 확인한 뒤 가능 범위를 안내합니다. 상담 시 확인하는 내용 사용승인 이후, 대장과 보존등기 사이를 잇습니다 사건은 서류·관할·기한에 따라 진행 순서가 달라집니다. 다옴법무사사무소는 부산 해운대구·센텀에서 상속등기·부동산등기·법인등기·개인회생·파산 등을 다루며, 의뢰인 상황에 맞춰 절차와 비용을 알기 쉽게 설명합니다. 불확실한 부분은 추측으로 단정하지 않고, 확인된 사실을 바탕으로 안내드립니다. 전화·카카오톡·네이버 톡톡으로 간단히 상황을 남겨 주시면 필요한 준비부터 차분히 정리해 드리겠습니다. 건축물대장만 있으면",150,ce5e565e02a26b31
/부산경매권리분석,"경매 권리분석 검색은 입찰 전에 인수·말소될 권리를 가리려는 의도입니다. 낙찰 후 대금 납부와 소유권이전·촉탁은 다른 단계라, 낙찰등기 페이지에 권리분석을 섞으면 검색 의도가 충돌합니다. 경매 권리분석 검색은 입찰 전에 인수·말소될 권리를 가리려는 의도입니다. 낙찰 후 대금 납부와 소유권이전·촉탁은 다른 단계라, 낙찰등기 페이지에 권리분석을 섞으면 검색 의도가 충돌합니다. 경매 권리분석 검색은 입찰 전에 인수·말소될 권리를 가리려는 의도입니다. 낙찰 후 대금 납부와 소유권이전·촉탁은 다른 단계라, 낙찰등기 페이지에 권리분석을 섞으면 검색 의도가 충돌합니다. 상담 시 확인하는 내용 부산 경매 권리분석 사건은 서류·관할·기한에 따라 진행 순서가 달라집니다. 다옴법무사사무소는 부산 해운대구·센텀에서 상속등기·부동산등기·법인등기·개인회생·파산 등을 다루며, 의뢰인 상황에 맞춰 절차와 비용을 알기 쉽게 설명합니다. 불확실한 부분은 추측으로 단정하지 않고, 확인된 사실을 바탕으로 안내드립니다.",247,a9ebd5bb8e49a709
/부산경매낙찰등기,"부산 경매낙찰등기는 법원 경매에서 낙찰·대금 납부가 끝난 뒤, 소유권을 이전하고 등기부에 반영하는 단계를 가리키는 검색어입니다. 부산 경매낙찰등기는 법원 경매에서 낙찰·대금 납부가 끝난 뒤, 소유권을 이전하고 등기부에 반영하는 단계를 가리키는 검색어입니다. 부산 경매낙찰등기는 법원 경매에서 낙찰·대금 납부가 끝난 뒤, 소유권을 이전하고 등기부에 반영하는 단계를 가리키는 검색어입니다. 상담 시 확인하는 내용 부산 경매 낙찰 등기 사건은 서류·관할·기한에 따라 진행 순서가 달라집니다. 다옴법무사사무소는 부산 해운대구·센텀에서 상속등기·부동산등기·법인등기·개인회생·파산 등을 다루며, 의뢰인 상황에 맞춰 절차와 비용을 알기 쉽게 설명합니다. 불확실한 부분은 추측으로 단정하지 않고, 확인된 사실을 바탕으로 안내드립니다. 전화·카카오톡·네이버 톡톡으로 간단히 상황을 남겨 주시면 필요한 준비부터 차분히 정리해 드리겠습니다. 경매 낙찰등기는 일반 매매등기와 어떻게 다른가요? 매매는 매도인·매수인 ",284,ff9b3f4142d2b577
/부산공동대표변경등기,"공동대표 변경등기는 공동대표의 추가·사임·단독 전환 등 대표권 구조를 등기부에 맞추는 절차입니다. 일부만 바뀌어도 등기가 필요할 수 있습니다. 공동대표 변경등기는 공동대표의 추가·사임·단독 전환 등 대표권 구조를 등기부에 맞추는 절차입니다. 일부만 바뀌어도 등기가 필요할 수 있습니다. 공동대표 중 한 명만 바뀌어도 등기가 필요합니다. 단독대표로의 전환·공동대표 추가도 대표권 공시가 달라집니다. 상담 시 확인하는 내용 부산 공동대표 변경등기 사건은 서류·관할·기한에 따라 진행 순서가 달라집니다. 다옴법무사사무소는 부산 해운대구·센텀에서 상속등기·부동산등기·법인등기·개인회생·파산 등을 다루며, 의뢰인 상황에 맞춰 절차와 비용을 알기 쉽게 설명합니다. 불확실한 부분은 추측으로 단정하지 않고, 확인된 사실을 바탕으로 안내드립니다. 전화·카카오톡·네이버 톡톡으로 간단히 상황을 남겨 주시면 필요한 준비부터 차분히 정리해 드리겠습니다. 공동대표 중 한 명만 바뀌어도 등기하나요? 변경된 대표·대표",142,f49b8d266c1c50eb
/부산공동명의등기,"부산 공동명의등기는 부부·가족 등이 부동산을 공동으로 소유하거나, 단독명의와 공동명의를 바꾸는 등기를 찾을 때 쓰는 검색어입니다. 부산 공동명의등기는 부부·가족 등이 부동산을 공동으로 소유하거나, 단독명의와 공동명의를 바꾸는 등기를 찾을 때 쓰는 검색어입니다. 부산 공동명의등기는 부부·가족 등이 부동산을 공동으로 소유하거나, 단독명의와 공동명의를 바꾸는 등기를 찾을 때 쓰는 검색어입니다. 상담 시 확인하는 내용 부산 공동명의 등기 사건은 서류·관할·기한에 따라 진행 순서가 달라집니다. 다옴법무사사무소는 부산 해운대구·센텀에서 상속등기·부동산등기·법인등기·개인회생·파산 등을 다루며, 의뢰인 상황에 맞춰 절차와 비용을 알기 쉽게 설명합니다. 불확실한 부분은 추측으로 단정하지 않고, 확인된 사실을 바탕으로 안내드립니다. 전화·카카오톡·네이버 톡톡으로 간단히 상황을 남겨 주시면 필요한 준비부터 차분히 정리해 드리겠습니다. 공동명의등기란 무엇인가요? 둘 이상 명의로 부동산을 소유하거나, 그 ",279,4a28aaa18e3c0ecf
/부산공동명의지분증여등기,"부동산 전체가 아니라 일부 지분만을 자녀·배우자에게 넘기는 경우가 있습니다. 전체 소유권이전과 달리 이전 비율·잔여 지분·공유자 구성이 핵심입니다. ‘부산 아파트 지분 증여’ 검색 의도는 이 페이지가 담당합니다. 부동산 전체가 아니라 일부 지분만을 자녀·배우자에게 넘기는 경우가 있습니다. 전체 소유권이전과 달리 이전 비율·잔여 지분·공유자 구성이 핵심입니다. ‘부산 아파트 지분 증여’ 검색 의도는 이 페이지가 담당합니다. 부동산 전체가 아니라 일부 지분만을 자녀·배우자에게 넘기는 경우가 있습니다. 전체 소유권이전과 달리 이전 비율·잔여 지분·공유자 구성이 핵심입니다. ‘부산 아파트 지분 증여’ 검색 의도는 이 페이지가 담당합니다. 상담 시 확인하는 내용 부산 공동명의 지분 증여등기 사건은 서류·관할·기한에 따라 진행 순서가 달라집니다. 다옴법무사사무소는 부산 해운대구·센텀에서 상속등기·부동산등기·법인등기·개인회생·파산 등을 다루며, 의뢰인 상황에 맞춰 절차와 비용을 알기 쉽게 설명합",178,eba1e3435b001722
/부산공매낙찰등기,"부산 공매 낙찰등기는 공매 낙찰 후 소유권이전을(를) 찾는 분이 상담 전 절차와 서류를 확인하기 위한 안내입니다. 부산 공매 낙찰등기는 공매 낙찰 후 소유권이전을(를) 찾는 분이 상담 전 절차와 서류를 확인하기 위한 안내입니다. 부산 공매 낙찰등기는 공매 낙찰 후 소유권이전을(를) 찾는 분이 상담 전 절차와 서류를 확인하기 위한 안내입니다. 상담 시 확인하는 내용 부산 공매 낙찰등기 사건은 서류·관할·기한에 따라 진행 순서가 달라집니다. 다옴법무사사무소는 부산 해운대구·센텀에서 상속등기·부동산등기·법인등기·개인회생·파산 등을 다루며, 의뢰인 상황에 맞춰 절차와 비용을 알기 쉽게 설명합니다. 불확실한 부분은 추측으로 단정하지 않고, 확인된 사실을 바탕으로 안내드립니다. 전화·카카오톡·네이버 톡톡으로 간단히 상황을 남겨 주시면 필요한 준비부터 차분히 정리해 드리겠습니다. 공매 낙찰등기는 경매 낙찰등기와 다른가요? 기관·서류·매각조건이 다를 수 있습니다. 큰 틀은 소유권이전이지만 준비 자",223,4376cf017f84ea1a
/부산공장창고등기,"공장·창고 등기는 용도·부속·동별 현황을 건축물대장과 등기부에 맞춰 보는 것이 핵심입니다. 보존·표시변경·멸실을 구분한 뒤 산업·물류 시설 특성을 반영해 상담하고, 공장 등록·인허가와 등기를 혼동하지 마세요. 공장·창고 등기는 용도·부속·동별 현황을 건축물대장과 등기부에 맞춰 보는 것이 핵심입니다. 보존·표시변경·멸실을 구분한 뒤 산업·물류 시설 특성을 반영해 상담하고, 공장 등록·인허가와 등기를 혼동하지 마세요. 공장·창고는 일반 주택·상가와 달리 용도·부속건물·대지면적·산업단지 여부가 등기 서류에 더 자주 영향을 줍니다. 비용 안내 비용은 동 수·면적·부속건물, 등기 유형, 법인·담보 등 권리관계, 공과금·보정 등에 따라 달라질 수 있습니다. 관할·접근 안내 부동산 소재지 관할 등기소 기준으로 접수하며, 부산 해운대·센텀 다옴법무사사무소에서 상담·수임을 진행합니다. 사무소: 부산광역시 해운대구 센텀동로 200 D동 1층 LAB9호 법무사는 부동산등기(건물·토지) 신청·서류 작성·",265,33307e2876ac18a6
/부산국제금융센터법인등기,"부산국제금융센터 일대에서 부산국제금융센터 법인등기 수요가 꾸준합니다. BIFC 입주 금융·법인 사무소 창업·입주·투자 유치 과정에서 법인 설립등기·임원변경·본점 이전등기가 필요한 경우가 많습니다. 부산국제금융센터, BIFC 인근 기업·스타트업·전문서비스 업체가 문의하시는 법인등기 절차를 다옴법무사사무소가 상담·진행합니다. 정관·주주총회 결의·등기신청서 작성 오류는 보정과 지연으로 이어질 수 있어 사전 점검이 중요합니다. 부산국제금융센터 일대에서 부산국제금융센터 법인등기 수요가 꾸준합니다. BIFC 입주 금융·법인 사무소 창업·입주·투자 유치 과정에서 법인 설립등기·임원변경·본점 이전등기가 필요한 경우가 많습니다. 부산국제금융센터, BIFC 인근 기업·스타트업·전문서비스 업체가 문의하시는 법인등기 절차를 다옴법무사사무소가 상담·진행합니다. 정관·주주총회 결의·등기신청서 작성 오류는 보정과 지연으로 이어질 수 있어 사전 점검이 중요합니다. 부산국제금융센터, BIFC 인근 기업·스타트업·",288,ef2daf80f3367c3a
/부산근저당말소등기,"근저당말소를 안 하면 매수인·상속인이 깨끗한 소유권을 받을 수 없고, 새 대출도 어렵습니다. 부산에서 근저당권 말소등기를 검색하시는 분들은 ‘대출은 갚았는데 은행에서 말소 서류를 언제 주나’, ‘매도인이 말소 비용을 안 낸다’, ‘개인에게 빌린 돈 담보 근저당을 어떻게 말소하나’ 같은 문제를 겪습니다. 말소 등기는 채권자 협조 없이 임의로 할 수 없어, 서류 수령 일정이 핵심입니다. 근저당말소를 안 하면 매수인·상속인이 깨끗한 소유권을 받을 수 없고, 새 대출도 어렵습니다. 부산에서 근저당권 말소등기를 검색하시는 분들은 ‘대출은 갚았는데 은행에서 말소 서류를 언제 주나’, ‘매도인이 말소 비용을 안 낸다’, ‘개인에게 빌린 돈 담보 근저당을 어떻게 말소하나’ 같은 문제를 겪습니다. 말소 등기는 채권자 협조 없이 임의로 할 수 없어, 서류 수령 일정이 핵심입니다. 부산 근저당말소등기는 대출을 전액 상환하거나 채권자가 말소에 동의했을 때 등기부에서 근저당권을 지우는 절차입니다. 매매·증",569,6778bea0c621362e
/부산근저당설정등기,"근저당설정등기는 대출 실행 직전에 급하게 진행되는 경우가 많습니다. 채권최고액을 잘못 기재하거나, 설정계약서와 등기신청서 불일치, 국민주택채권 매입 누락, 인감·위임장 오류로 보정이 나오면 대출 실행일이 밀립니다. 부산 근저당 법무사는 은행에서 받은 설정 서류를 등기부·등록면허세와 대조해 접수 전 오류를 줄입니다. 근저당설정등기는 대출 실행 직전에 급하게 진행되는 경우가 많습니다. 채권최고액을 잘못 기재하거나, 설정계약서와 등기신청서 불일치, 국민주택채권 매입 누락, 인감·위임장 오류로 보정이 나오면 대출 실행일이 밀립니다. 부산 근저당 법무사는 은행에서 받은 설정 서류를 등기부·등록면허세와 대조해 접수 전 오류를 줄입니다. 부산 근저당설정등기는 은행·금융기관 대출 시 부동산을 담보로 제공하기 위해 등기부에 근저당권을 기록하는 절차입니다. 채권최고액·채무자·근저당권자(은행) 정보가 설정계약서와 일치해야 합니다. 등록면허세는 채권최고액 기준으로 부과되며, 국민주택채권 매입 의무가 있는",473,db96e88db5f92f00
/부산근저당전문법무사,"부산 근저당전문 법무사로 문의하는 경우에도 새로 설정하는 근저당과 기존 근저당을 말소하는 근저당은 서류와 순서가 다릅니다. 등기부에 이미 여러 권리가 있다면 선순위 관계와 채권최고액도 함께 확인해야 합니다. 부산 근저당전문 법무사로 문의하는 경우에도 새로 설정하는 근저당과 기존 근저당을 말소하는 근저당은 서류와 순서가 다릅니다. 등기부에 이미 여러 권리가 있다면 선순위 관계와 채권최고액도 함께 확인해야 합니다. 부산 근저당전문 법무사로 문의하는 경우에도 새로 설정하는 근저당과 기존 근저당을 말소하는 근저당은 서류와 순서가 다릅니다. 등기부에 이미 여러 권리가 있다면 선순위 관계와 채권최고액도 함께 확인해야 합니다. 상담 시 확인하는 내용 부산 근저당전문 법무사 사건은 서류·관할·기한에 따라 진행 순서가 달라집니다. 다옴법무사사무소는 부산 해운대구·센텀에서 상속등기·부동산등기·법인등기·개인회생·파산 등을 다루며, 의뢰인 상황에 맞춰 절차와 비용을 알기 쉽게 설명합니다. 불확실한 부분은",214,c74df79803098909
/부산기관법률특강,"교육담당자가 가장 먼저 확인하는 것—대상·목적·시간—에 맞춰 주제를 재조합합니다. 공공·민간·비영리 모두 협의 가능합니다. 교육담당자가 가장 먼저 확인하는 것—대상·목적·시간—에 맞춰 주제를 재조합합니다. 공공·민간·비영리 모두 협의 가능합니다. 교육담당자가 가장 먼저 확인하는 것—대상·목적·시간—에 맞춰 주제를 재조합합니다. 공공·민간·비영리 모두 협의 가능합니다. 상담 시 확인하는 내용 부산 기관 법률특강 사건은 서류·관할·기한에 따라 진행 순서가 달라집니다. 다옴법무사사무소는 부산 해운대구·센텀에서 상속등기·부동산등기·법인등기·개인회생·파산 등을 다루며, 의뢰인 상황에 맞춰 절차와 비용을 알기 쉽게 설명합니다. 불확실한 부분은 추측으로 단정하지 않고, 확인된 사실을 바탕으로 안내드립니다. 전화·카카오톡·네이버 톡톡으로 간단히 상황을 남겨 주시면 필요한 준비부터 차분히 정리해 드리겠습니다. 어떤 기관에서 의뢰할 수 있나요? 도서관·학교·청년·복지·공공·협회·업체·창업지원 등 교육",166,dba5dd86ed4c3b6d
/부산기업법률자문,"기업 운영 중 필요한 법인등기·채권서류·부동산등기 절차를 안윤정 법무사가 확인합니다. 기업 운영 중 필요한 법인등기·채권서류·부동산등기 절차를 안윤정 법무사가 확인합니다. 기업 운영 중 필요한 법인등기·채권서류·부동산등기 절차를 안윤정 법무사가 확인합니다. 상담 시 확인하는 내용 부산 기업 법률실무 지원 사건은 서류·관할·기한에 따라 진행 순서가 달라집니다. 다옴법무사사무소는 부산 해운대구·센텀에서 상속등기·부동산등기·법인등기·개인회생·파산 등을 다루며, 의뢰인 상황에 맞춰 절차와 비용을 알기 쉽게 설명합니다. 불확실한 부분은 추측으로 단정하지 않고, 확인된 사실을 바탕으로 안내드립니다. 전화·카카오톡·네이버 톡톡으로 간단히 상황을 남겨 주시면 필요한 준비부터 차분히 정리해 드리겠습니다. 대표이사와 임원의 임기는 어떻게 확인하나요? 법인 등기사항증명서(말소사항 포함)에서 취임·중임일과 임기를 확인할 수 있습니다. 임기만료가 다가오면 임원변경등기 필요 여부를 상담에서 점검합니다. 계약",146,70c9c7c9de78c9b4
/부산기업법무사,"부산 중소기업·회사 대표가 기업 법무사를 찾는 이유는 임원 임기 만료를 놓쳐 과태료가 걱정되거나, 본점이전·목적변경 후 사업자등록과 등기가 어긋나거나, 미수금 회수를 위해 내용증명·지급명령을 검토해야 하기 때문입니다. 공공기관·산업단지 협약 경험은 맥락 이해에 도움이 되지만, 개별 사건 결과는 보장하지 않습니다. 계약서·내용증명 작성은 법무사 업무 범위 내에서 지원하며, 소송 대리가 필요한 구간은 구분하여 안내합니다. 부산 중소기업·회사 대표가 기업 법무사를 찾는 이유는 임원 임기 만료를 놓쳐 과태료가 걱정되거나, 본점이전·목적변경 후 사업자등록과 등기가 어긋나거나, 미수금 회수를 위해 내용증명·지급명령을 검토해야 하기 때문입니다. 공공기관·산업단지 협약 경험은 맥락 이해에 도움이 되지만, 개별 사건 결과는 보장하지 않습니다. 계약서·내용증명 작성은 법무사 업무 범위 내에서 지원하며, 소송 대리가 필요한 구간은 구분하여 안내합니다. 부산 기업 법무사 상담은 ‘매달 자문 계약’보다 법",490,0746fa99d582fcf3
/부산기업부동산등기,"법인 명의로 공장·창고·상가·사업장을 취득·처분하거나 담보등기를 진행할 때 확인하는 절차를 정리합니다. 법인 명의로 공장·창고·상가·사업장을 취득·처분하거나 담보등기를 진행할 때 확인하는 절차를 정리합니다. 법인 명의로 공장·창고·상가·사업장을 취득·처분하거나 담보등기를 진행할 때 확인하는 절차를 정리합니다. 상담 시 확인하는 내용 부산 기업 부동산등기 실무 사건은 서류·관할·기한에 따라 진행 순서가 달라집니다. 다옴법무사사무소는 부산 해운대구·센텀에서 상속등기·부동산등기·법인등기·개인회생·파산 등을 다루며, 의뢰인 상황에 맞춰 절차와 비용을 알기 쉽게 설명합니다. 불확실한 부분은 추측으로 단정하지 않고, 확인된 사실을 바탕으로 안내드립니다. 전화·카카오톡·네이버 톡톡으로 간단히 상황을 남겨 주시면 필요한 준비부터 차분히 정리해 드리겠습니다. 법인 명의 부동산도 개인과 같이 등기하나요? 등기 신청 자체는 유사하지만, 법인 대표권·인감·의결 서류 확인이 추가되는 경우가 많습니다. 공장",129,14158cc82073a895
/부산기업채권관리,"미수금 발생 직후 확인할 자료부터 내용증명·지급명령 신청서류까지, 법무사가 지원할 수 있는 절차를 단계별로 정리합니다. 미수금 발생 직후 확인할 자료부터 내용증명·지급명령 신청서류까지, 법무사가 지원할 수 있는 절차를 단계별로 정리합니다. 미수금 발생 직후 확인할 자료부터 내용증명·지급명령 신청서류까지, 법무사가 지원할 수 있는 절차를 단계별로 정리합니다. 상담 시 확인하는 내용 부산 기업 미수금·채권관리 실무 사건은 서류·관할·기한에 따라 진행 순서가 달라집니다. 다옴법무사사무소는 부산 해운대구·센텀에서 상속등기·부동산등기·법인등기·개인회생·파산 등을 다루며, 의뢰인 상황에 맞춰 절차와 비용을 알기 쉽게 설명합니다. 불확실한 부분은 추측으로 단정하지 않고, 확인된 사실을 바탕으로 안내드립니다. 전화·카카오톡·네이버 톡톡으로 간단히 상황을 남겨 주시면 필요한 준비부터 차분히 정리해 드리겠습니다. 기업 미수금도 법무사에게 맡길 수 있나요? 내용증명 작성, 지급명령·가압류 등 신청서류 ",147,c65918a0c81765fe
/부산농업회사법인설립,"농업회사법인 설립은 인증 후 1월 이내 설립등기가 필요합니다. 법무사는 인증 이후 등기 서류 작성·접수를 지원하며, 인증 신청·농지 관련 행정은 별도 절차입니다. 농업회사법인 설립은 인증 후 1월 이내 설립등기가 필요합니다. 법무사는 인증 이후 등기 서류 작성·접수를 지원하며, 인증 신청·농지 관련 행정은 별도 절차입니다. 농업회사법인은 농업회사법인육성에 관한 법률에 따른 법인으로, 인증 후 설립등기를 합니다. 상담 시 확인하는 내용 부산 농업회사법인 설립 사건은 서류·관할·기한에 따라 진행 순서가 달라집니다. 다옴법무사사무소는 부산 해운대구·센텀에서 상속등기·부동산등기·법인등기·개인회생·파산 등을 다루며, 의뢰인 상황에 맞춰 절차와 비용을 알기 쉽게 설명합니다. 불확실한 부분은 추측으로 단정하지 않고, 확인된 사실을 바탕으로 안내드립니다. 전화·카카오톡·네이버 톡톡으로 간단히 상황을 남겨 주시면 필요한 준비부터 차분히 정리해 드리겠습니다. 영농조합법인과 무엇이 다른가요? 영농조합법",152,c709593c82e11453
/부산대표이사변경등기,"대표이사 변경은 정관상 결의(이사회·주주총회) 후 취임승낙서·사임서 등을 첨부해 등기해야 하며, 결의일로부터 법정 기한 내 접수하지 않으면 과태료가 부과될 수 있습니다. 등기 완료 전에는 등기부상 대표와 실제 서명권이 다를 수 있습니다. 대표이사 변경은 정관상 결의(이사회·주주총회) 후 취임승낙서·사임서 등을 첨부해 등기해야 하며, 결의일로부터 법정 기한 내 접수하지 않으면 과태료가 부과될 수 있습니다. 등기 완료 전에는 등기부상 대표와 실제 서명권이 다를 수 있습니다. 대표이사가 바뀌었는데 등기를 하지 않으면 은행·거래처·입찰 서류에서 등기부와 불일치가 발생할 수 있습니다. 상담 시 확인하는 내용 부산 대표이사 변경등기 사건은 서류·관할·기한에 따라 진행 순서가 달라집니다. 다옴법무사사무소는 부산 해운대구·센텀에서 상속등기·부동산등기·법인등기·개인회생·파산 등을 다루며, 의뢰인 상황에 맞춰 절차와 비용을 알기 쉽게 설명합니다. 불확실한 부분은 추측으로 단정하지 않고, 확인된 사실을",166,7580128febd7940c
/부산도서관법률특강,"도서관·평생학습관·문화센터에서 시민 대상으로 진행하는 생활법률·예방 특강입니다. 용어 나열이 아니라, 일상에서 바로 확인할 포인트를 중심으로 구성합니다. 도서관·평생학습관·문화센터에서 시민 대상으로 진행하는 생활법률·예방 특강입니다. 용어 나열이 아니라, 일상에서 바로 확인할 포인트를 중심으로 구성합니다. 도서관·평생학습관·문화센터에서 시민 대상으로 진행하는 생활법률·예방 특강입니다. 용어 나열이 아니라, 일상에서 바로 확인할 포인트를 중심으로 구성합니다. 상담 시 확인하는 내용 부산 도서관 법률특강 사건은 서류·관할·기한에 따라 진행 순서가 달라집니다. 다옴법무사사무소는 부산 해운대구·센텀에서 상속등기·부동산등기·법인등기·개인회생·파산 등을 다루며, 의뢰인 상황에 맞춰 절차와 비용을 알기 쉽게 설명합니다. 불확실한 부분은 추측으로 단정하지 않고, 확인된 사실을 바탕으로 안내드립니다. 전화·카카오톡·네이버 톡톡으로 간단히 상황을 남겨 주시면 필요한 준비부터 차분히 정리해 드리겠습니다",192,6f336905a68e4cf1
/부산등기권리증분실,"부산 등기권리증분실은 등기필증(흔히 말하는 등기권리증)을 잃어버린 매도인·소유자가 잔금·소유권이전 전에 많이 검색하는 주제입니다. 부산 등기권리증분실은 등기필증(흔히 말하는 등기권리증)을 잃어버린 매도인·소유자가 잔금·소유권이전 전에 많이 검색하는 주제입니다. 부산 등기권리증분실은 등기필증(흔히 말하는 등기권리증)을 잃어버린 매도인·소유자가 잔금·소유권이전 전에 많이 검색하는 주제입니다. 상담 시 확인하는 내용 부산 등기권리증 분실 사건은 서류·관할·기한에 따라 진행 순서가 달라집니다. 다옴법무사사무소는 부산 해운대구·센텀에서 상속등기·부동산등기·법인등기·개인회생·파산 등을 다루며, 의뢰인 상황에 맞춰 절차와 비용을 알기 쉽게 설명합니다. 불확실한 부분은 추측으로 단정하지 않고, 확인된 사실을 바탕으로 안내드립니다. 전화·카카오톡·네이버 톡톡으로 간단히 상황을 남겨 주시면 필요한 준비부터 차분히 정리해 드리겠습니다. 등기권리증을 잃어버리면 집이 남의 것이 되나요? 아니요. 등기권리증",271,dd8ae18509b84a52
/부산등기명의인표시변경,"부산 등기명의인 표시변경는 소유자 표시 변경등기을(를) 찾는 분이 상담 전 절차와 서류를 확인하기 위한 안내입니다. 부산 등기명의인 표시변경는 소유자 표시 변경등기을(를) 찾는 분이 상담 전 절차와 서류를 확인하기 위한 안내입니다. 부산 등기명의인 표시변경는 소유자 표시 변경등기을(를) 찾는 분이 상담 전 절차와 서류를 확인하기 위한 안내입니다. 상담 시 확인하는 내용 부산 등기명의인 표시변경 사건은 서류·관할·기한에 따라 진행 순서가 달라집니다. 다옴법무사사무소는 부산 해운대구·센텀에서 상속등기·부동산등기·법인등기·개인회생·파산 등을 다루며, 의뢰인 상황에 맞춰 절차와 비용을 알기 쉽게 설명합니다. 불확실한 부분은 추측으로 단정하지 않고, 확인된 사실을 바탕으로 안내드립니다. 전화·카카오톡·네이버 톡톡으로 간단히 상황을 남겨 주시면 필요한 준비부터 차분히 정리해 드리겠습니다. 명의변경등기와 표시변경은 무엇이 다른가요? 명의변경은 소유자가 바뀌는 일반 표현이고, 표시변경은 소유자는 ",219,0a6de1208b5d1009
/부산등기법무사,"부산에서 등기 법무사를 찾는 이유는 사람마다 다릅니다. 아파트 매매 잔금일 소유권이전, 부모님 부동산 상속, 가족 간 증여, 대출에 따른 근저당 설정·말소, 회사 설립 또는 임원변경, 신축건물 보존등기처럼 사건이 갈립니다. 다옴법무사사무소의 부산 등기업무 대표 페이지에서는 등기부를 기준으로 필요한 절차와 서류를 정리하고, 부동산·상속·법인 세부 안내로 이어집니다. 부산에서 등기 법무사를 찾는 이유는 사람마다 다릅니다. 아파트 매매 잔금일 소유권이전, 부모님 부동산 상속, 가족 간 증여, 대출에 따른 근저당 설정·말소, 회사 설립 또는 임원변경, 신축건물 보존등기처럼 사건이 갈립니다. 다옴법무사사무소의 부산 등기업무 대표 페이지에서는 등기부를 기준으로 필요한 절차와 서류를 정리하고, 부동산·상속·법인 세부 안내로 이어집니다. 부산에서 등기 법무사를 찾을 때는 부동산·상속·법인 중 어떤 등기인지부터 나눕니다. 매매·증여·근저당과 상속 명의이전, 법인설립·임원변경은 서류와 접수 순서가 다",667,f4b8900b0bf31e22
/부산등기법무사추천,"실제 등기업무 종류와 절차를 찾는 경우에는 부산 등기 법무사 안내를 먼저 보시면 됩니다. 이 페이지는 법무사를 고를 때 무엇을 비교할지에 집중합니다. 실제 등기업무 종류와 절차를 찾는 경우에는 부산 등기 법무사 안내를 먼저 보시면 됩니다. 이 페이지는 법무사를 고를 때 무엇을 비교할지에 집중합니다. 실제 등기업무 종류와 절차를 찾는 경우에는 부산 등기 법무사 안내를 먼저 보시면 됩니다. 이 페이지는 법무사를 고를 때 무엇을 비교할지에 집중합니다. 상담 시 확인하는 내용 부산 등기 법무사 추천 선택 기준 사건은 서류·관할·기한에 따라 진행 순서가 달라집니다. 다옴법무사사무소는 부산 해운대구·센텀에서 상속등기·부동산등기·법인등기·개인회생·파산 등을 다루며, 의뢰인 상황에 맞춰 절차와 비용을 알기 쉽게 설명합니다. 불확실한 부분은 추측으로 단정하지 않고, 확인된 사실을 바탕으로 안내드립니다. 전화·카카오톡·네이버 톡톡으로 간단히 상황을 남겨 주시면 필요한 준비부터 차분히 정리해 드리겠습니",206,06a14f5136a8c6ed
/부산등기보정업무,"보정 안내가 나왔거나 나올 가능성이 있을 때, 기한·보완 서류·연락 창구를 정리한 뒤 현지에서 도울 수 있는 범위를 안내합니다. 보정 안내가 나왔거나 나올 가능성이 있을 때, 기한·보완 서류·연락 창구를 정리한 뒤 현지에서 도울 수 있는 범위를 안내합니다. 보정 안내가 나왔거나 나올 가능성이 있을 때, 기한·보완 서류·연락 창구를 정리한 뒤 현지에서 도울 수 있는 범위를 안내합니다. 상담 시 확인하는 내용 보정 통지 이후, 기한과 보완 방향을 함께 맞춥니다 사건은 서류·관할·기한에 따라 진행 순서가 달라집니다. 다옴법무사사무소는 부산 해운대구·센텀에서 상속등기·부동산등기·법인등기·개인회생·파산 등을 다루며, 의뢰인 상황에 맞춰 절차와 비용을 알기 쉽게 설명합니다. 불확실한 부분은 추측으로 단정하지 않고, 확인된 사실을 바탕으로 안내드립니다. 전화·카카오톡·네이버 톡톡으로 간단히 상황을 남겨 주시면 필요한 준비부터 차분히 정리해 드리겠습니다. 보정 통지 원문을 처음부터 보내야 하나요?",158,18b77a7d8e2223d0
/부산등기복대리,"부산 등기 복대리는 타지역에서 부산 관할 등기소 접수가 필요할 때, 사전 협의된 범위에서 접수·보정 연락·완료서류 수령을 지원하는 실무 협업입니다. 부산 등기 복대리는 타지역에서 부산 관할 등기소 접수가 필요할 때, 사전 협의된 범위에서 접수·보정 연락·완료서류 수령을 지원하는 실무 협업입니다. 부산 등기 복대리는 타지역에서 부산 관할 등기소 접수가 필요할 때, 사전 협의된 범위에서 접수·보정 연락·완료서류 수령을 지원하는 실무 협업입니다. 상담 시 확인하는 내용 부산 등기 복대리 사건은 서류·관할·기한에 따라 진행 순서가 달라집니다. 다옴법무사사무소는 부산 해운대구·센텀에서 상속등기·부동산등기·법인등기·개인회생·파산 등을 다루며, 의뢰인 상황에 맞춰 절차와 비용을 알기 쉽게 설명합니다. 불확실한 부분은 추측으로 단정하지 않고, 확인된 사실을 바탕으로 안내드립니다. 전화·카카오톡·네이버 톡톡으로 간단히 상황을 남겨 주시면 필요한 준비부터 차분히 정리해 드리겠습니다. 부산 등기 복대리",302,d74fd0f8e54fadf2
/부산등기소현지업무,"창구 확인, 원본 제출, 진행 상태 확인처럼 부산 등기소에서의 현지 작업이 필요할 때, 목적과 일정을 확인한 뒤 가능 범위를 안내합니다. 창구 확인, 원본 제출, 진행 상태 확인처럼 부산 등기소에서의 현지 작업이 필요할 때, 목적과 일정을 확인한 뒤 가능 범위를 안내합니다. 창구 확인, 원본 제출, 진행 상태 확인처럼 부산 등기소에서의 현지 작업이 필요할 때, 목적과 일정을 확인한 뒤 가능 범위를 안내합니다. 상담 시 확인하는 내용 등기소에서만 되는 일, 현지에서 맞춰 확인합니다 사건은 서류·관할·기한에 따라 진행 순서가 달라집니다. 다옴법무사사무소는 부산 해운대구·센텀에서 상속등기·부동산등기·법인등기·개인회생·파산 등을 다루며, 의뢰인 상황에 맞춰 절차와 비용을 알기 쉽게 설명합니다. 불확실한 부분은 추측으로 단정하지 않고, 확인된 사실을 바탕으로 안내드립니다. 전화·카카오톡·네이버 톡톡으로 간단히 상황을 남겨 주시면 필요한 준비부터 차분히 정리해 드리겠습니다. 어떤 일이 현지 방",169,1568e5ee4eb946ba
/부산등기전문법무사,"부동산등기는 매매·근저당처럼 부동산 등기부를 바꾸는 일, 상속등기는 사망 이후 상속인 명의로 옮기는 일, 법인등기는 임원·상호·본점을 공시하는 일입니다. 세 가지가 한 번에 섞여 보이면, 지금 어느 등기부를 바꾸려는지부터 가릅니다. 이 페이지는 전문 자격을 평가하는 곳이 아닙니다. 부동산등기는 매매·근저당처럼 부동산 등기부를 바꾸는 일, 상속등기는 사망 이후 상속인 명의로 옮기는 일, 법인등기는 임원·상호·본점을 공시하는 일입니다. 세 가지가 한 번에 섞여 보이면, 지금 어느 등기부를 바꾸려는지부터 가릅니다. 이 페이지는 전문 자격을 평가하는 곳이 아닙니다. 부동산등기는 매매·근저당처럼 부동산 등기부를 바꾸는 일, 상속등기는 사망 이후 상속인 명의로 옮기는 일, 법인등기는 임원·상호·본점을 공시하는 일입니다. 세 가지가 한 번에 섞여 보이면, 지금 어느 등기부를 바꾸려는지부터 가릅니다. 이 페이지는 전문 자격을 평가하는 곳이 아닙니다. 상담 시 확인하는 내용 부산 등기전문 법무사 사",246,f5d2511b3dcab97d
/부산등기접수협업,"신청서는 준비됐는데 부산 현지 접수만 필요한 경우, 관할·접수 방식·납부·접수증 공유 방법을 확인한 뒤 가능 범위를 안내합니다. 신청서는 준비됐는데 부산 현지 접수만 필요한 경우, 관할·접수 방식·납부·접수증 공유 방법을 확인한 뒤 가능 범위를 안내합니다. 신청서는 준비됐는데 부산 현지 접수만 필요한 경우, 관할·접수 방식·납부·접수증 공유 방법을 확인한 뒤 가능 범위를 안내합니다. 상담 시 확인하는 내용 접수 직전에 맞춰야 할 것들을 먼저 정리합니다 사건은 서류·관할·기한에 따라 진행 순서가 달라집니다. 다옴법무사사무소는 부산 해운대구·센텀에서 상속등기·부동산등기·법인등기·개인회생·파산 등을 다루며, 의뢰인 상황에 맞춰 절차와 비용을 알기 쉽게 설명합니다. 불확실한 부분은 추측으로 단정하지 않고, 확인된 사실을 바탕으로 안내드립니다. 전화·카카오톡·네이버 톡톡으로 간단히 상황을 남겨 주시면 필요한 준비부터 차분히 정리해 드리겠습니다. 신청서가 거의 완성됐을 때만 문의하면 되나요? ",152,8beedb0ca874ce9b
/부산매매등기법무사,"부산 매매등기 법무사는 부동산 매매계약 체결 후 잔금 지급과 동시에 진행되는 소유권이전등기를 담당하는 실무를 가리키는 검색어입니다. 부산 매매등기 법무사는 부동산 매매계약 체결 후 잔금 지급과 동시에 진행되는 소유권이전등기를 담당하는 실무를 가리키는 검색어입니다. 부산 매매등기 법무사는 부동산 매매계약 체결 후 잔금 지급과 동시에 진행되는 소유권이전등기를 담당하는 실무를 가리키는 검색어입니다. 상담 시 확인하는 내용 부산 매매등기 법무사 사건은 서류·관할·기한에 따라 진행 순서가 달라집니다. 다옴법무사사무소는 부산 해운대구·센텀에서 상속등기·부동산등기·법인등기·개인회생·파산 등을 다루며, 의뢰인 상황에 맞춰 절차와 비용을 알기 쉽게 설명합니다. 불확실한 부분은 추측으로 단정하지 않고, 확인된 사실을 바탕으로 안내드립니다. 전화·카카오톡·네이버 톡톡으로 간단히 상황을 남겨 주시면 필요한 준비부터 차분히 정리해 드리겠습니다. 매매등기는 언제 진행하나요? 일반적으로 잔금 지급과 동시에 소",335,0c5230a0735f197d
/부산매매등기전문법무사,부산 매매등기전문 법무사로 문의하는 경우 매매등기는 매수인과 매도인만의 서류 문제가 아니라 은행·기존 담보권자 일정이 겹치는 경우가 많습니다. 이 페이지는 잔금일에 맞물리는 매수인·매도인·은행 세 주체의 순서를 점검하는 업무 선택 안내입니다. 부산 매매등기전문 법무사로 문의하는 경우 매매등기는 매수인과 매도인만의 서류 문제가 아니라 은행·기존 담보권자 일정이 겹치는 경우가 많습니다. 이 페이지는 잔금일에 맞물리는 매수인·매도인·은행 세 주체의 순서를 점검하는 업무 선택 안내입니다. 부산 매매등기전문 법무사로 문의하는 경우 매매등기는 매수인과 매도인만의 서류 문제가 아니라 은행·기존 담보권자 일정이 겹치는 경우가 많습니다. 이 페이지는 잔금일에 맞물리는 매수인·매도인·은행 세 주체의 순서를 점검하는 업무 선택 안내입니다. 상담 시 확인하는 내용 부산 매매등기전문 법무사 사건은 서류·관할·기한에 따라 진행 순서가 달라집니다. 다옴법무사사무소는 부산 해운대구·센텀에서 상속등기·부동산등기·,217,f79ae88cb72548ba
/부산매수인법무사,"부산 매수인 법무사는 부동산을 매수하는 사람이 직접 법무사를 선택해 소유권이전등기를 맡길 때 확인하는 검색어입니다. 부동산·은행 지정 법무사 대신 매수인이 선택할 수 있습니다. 부산 매수인 법무사는 부동산을 매수하는 사람이 직접 법무사를 선택해 소유권이전등기를 맡길 때 확인하는 검색어입니다. 부동산·은행 지정 법무사 대신 매수인이 선택할 수 있습니다. 부산 매수인 법무사는 부동산을 매수하는 사람이 직접 법무사를 선택해 소유권이전등기를 맡길 때 확인하는 검색어입니다. 부동산·은행 지정 법무사 대신 매수인이 선택할 수 있습니다. 매수인 관점에서는 계약서와 등기부(권리관계) 확인, 대출·근저당 점검, 잔금일 자금 흐름, 공동명의 구성 등을 미리 챙기는 것이 중요합니다. 이 페이지는 상담 전 체크포인트입니다. 법무사는 매수인이 직접 선택할 수 있나요? 네. 부동산·은행에서 안내하는 법무사와 별개로 매수인이 직접 선택할 수 있습니다. 서류·비용 항목을 기준으로 비교해 결정하실 수 있습니다. ",345,9f0b0353778e4ee2
/부산면책신청,"부산 면책신청 검색 시, 키워드만 보고 결정하기보다 면책 신청에 맞는 서류·기한·관할·비용을 먼저 확인하는 것이 안전합니다. 부산 면책신청 검색 시, 키워드만 보고 결정하기보다 면책 신청에 맞는 서류·기한·관할·비용을 먼저 확인하는 것이 안전합니다. 부산 면책신청 검색 시, 키워드만 보고 결정하기보다 면책 신청에 맞는 서류·기한·관할·비용을 먼저 확인하는 것이 안전합니다. 상담 시 확인하는 내용 부산 면책신청 사건은 서류·관할·기한에 따라 진행 순서가 달라집니다. 다옴법무사사무소는 부산 해운대구·센텀에서 상속등기·부동산등기·법인등기·개인회생·파산 등을 다루며, 의뢰인 상황에 맞춰 절차와 비용을 알기 쉽게 설명합니다. 불확실한 부분은 추측으로 단정하지 않고, 확인된 사실을 바탕으로 안내드립니다. 전화·카카오톡·네이버 톡톡으로 간단히 상황을 남겨 주시면 필요한 준비부터 차분히 정리해 드리겠습니다. 부산 면책신청 검색 시 무엇을 먼저 확인해야 하나요? 부산 면책신청는 보통 ‘견적만’이 아",276,d51e7d9ee2c37f49
/부산면책전문법무사,"부산 면책전문 법무사 검색은 채무에서 벗어나고 싶다는 의도가 강합니다. 이 페이지는 면책이라는 결과만 보지 않고, 그 전에 파산 절차에서 무엇을 확인하는지와 면책 심사가 따로 보는 자료를 나누어 설명하는 업무 선택 안내입니다. 부산 면책전문 법무사 검색은 채무에서 벗어나고 싶다는 의도가 강합니다. 이 페이지는 면책이라는 결과만 보지 않고, 그 전에 파산 절차에서 무엇을 확인하는지와 면책 심사가 따로 보는 자료를 나누어 설명하는 업무 선택 안내입니다. 부산 면책전문 법무사 검색은 채무에서 벗어나고 싶다는 의도가 강합니다. 이 페이지는 면책이라는 결과만 보지 않고, 그 전에 파산 절차에서 무엇을 확인하는지와 면책 심사가 따로 보는 자료를 나누어 설명하는 업무 선택 안내입니다. 상담 시 확인하는 내용 부산 면책전문 법무사 사건은 서류·관할·기한에 따라 진행 순서가 달라집니다. 다옴법무사사무소는 부산 해운대구·센텀에서 상속등기·부동산등기·법인등기·개인회생·파산 등을 다루며, 의뢰인 상황에 ",205,13a27dfcda79d51a
/부산명의변경등기,"‘명의변경’은 일상적으로 쓰는 말이지만, 등기부상으로는 그 자체가 독립된 등기원인이 아닙니다. 실제로는 매매·증여·상속·재산분할·판결 등 구체적 원인에 따라 소유권이 이전됩니다. ‘명의변경’은 일상적으로 쓰는 말이지만, 등기부상으로는 그 자체가 독립된 등기원인이 아닙니다. 실제로는 매매·증여·상속·재산분할·판결 등 구체적 원인에 따라 소유권이 이전됩니다. ‘명의변경’은 일상적으로 쓰는 말이지만, 등기부상으로는 그 자체가 독립된 등기원인이 아닙니다. 실제로는 매매·증여·상속·재산분할·판결 등 구체적 원인에 따라 소유권이 이전됩니다. 상담 시 확인하는 내용 부산 명의변경 등기 사건은 서류·관할·기한에 따라 진행 순서가 달라집니다. 다옴법무사사무소는 부산 해운대구·센텀에서 상속등기·부동산등기·법인등기·개인회생·파산 등을 다루며, 의뢰인 상황에 맞춰 절차와 비용을 알기 쉽게 설명합니다. 불확실한 부분은 추측으로 단정하지 않고, 확인된 사실을 바탕으로 안내드립니다. 전화·카카오톡·네이버 톡톡",319,9474bac1ed7a72af
/부산무상증자등기,"무상증자등기는 추가 납입 없이 자본금·주식을 증가시켜 등기하는 절차입니다. 유상증자·감자와 구분하고, 준비금·배정·정관 요건을 확인한 뒤 접수합니다. 최근 재무제표와 정관만 있어도 무상·유상 중 어느 쪽인지 먼저 가릴 수 있습니다. 무상증자등기는 추가 납입 없이 자본금·주식을 증가시켜 등기하는 절차입니다. 유상증자·감자와 구분하고, 준비금·배정·정관 요건을 확인한 뒤 접수합니다. 최근 재무제표와 정관만 있어도 무상·유상 중 어느 쪽인지 먼저 가릴 수 있습니다. 무상증자는 주주의 추가 납입 없이 자본금·발행주식을 늘리는 절차입니다. 유상증자(/부산유상증자등기)와 혼동하기 쉽습니다. 상담 시 확인하는 내용 부산 무상증자등기 사건은 서류·관할·기한에 따라 진행 순서가 달라집니다. 다옴법무사사무소는 부산 해운대구·센텀에서 상속등기·부동산등기·법인등기·개인회생·파산 등을 다루며, 의뢰인 상황에 맞춰 절차와 비용을 알기 쉽게 설명합니다. 불확실한 부분은 추측으로 단정하지 않고, 확인된 사실을 ",163,14ca08f307bbacaa
/부산문화예술단체법인설립,"부산 문화예술단체는 사단법인 허가 후 설립등기합니다. `/문화예술단체사단법인설립`과 절차가 같되, 부산 관할을 구체적으로 안내합니다. 부산 문화예술단체는 사단법인 허가 후 설립등기합니다. `/문화예술단체사단법인설립`과 절차가 같되, 부산 관할을 구체적으로 안내합니다. 부산의 공연·음악·미술·영상·문학 단체는 사단법인으로 법인화하는 경우가 많습니다. 상담 시 확인하는 내용 부산 문화예술단체 법인설립 사건은 서류·관할·기한에 따라 진행 순서가 달라집니다. 다옴법무사사무소는 부산 해운대구·센텀에서 상속등기·부동산등기·법인등기·개인회생·파산 등을 다루며, 의뢰인 상황에 맞춰 절차와 비용을 알기 쉽게 설명합니다. 불확실한 부분은 추측으로 단정하지 않고, 확인된 사실을 바탕으로 안내드립니다. 전화·카카오톡·네이버 톡톡으로 간단히 상황을 남겨 주시면 필요한 준비부터 차분히 정리해 드리겠습니다. 부산 문화예술단체 법인설립 상담은 어디서 받을 수 있나요? 다옴법무사사무소는 해운대구 센텀에 있으며, ",139,50faa68675dfe358
/부산법률강사,"외부강사·특강 강사를 고를 때는 광고 문구보다 강의 대상 경험, 확인된 출강 이력, 전문 분야, 강의계획서 제공 여부를 먼저 봅니다. 이 페이지는 그 기준과 안윤정 법무사의 검증 가능한 이력을 맞춰 보여 줍니다. 외부강사·특강 강사를 고를 때는 광고 문구보다 강의 대상 경험, 확인된 출강 이력, 전문 분야, 강의계획서 제공 여부를 먼저 봅니다. 이 페이지는 그 기준과 안윤정 법무사의 검증 가능한 이력을 맞춰 보여 줍니다. 외부강사·특강 강사를 고를 때는 광고 문구보다 강의 대상 경험, 확인된 출강 이력, 전문 분야, 강의계획서 제공 여부를 먼저 봅니다. 이 페이지는 그 기준과 안윤정 법무사의 검증 가능한 이력을 맞춰 보여 줍니다. 상담 시 확인하는 내용 부산 강사 섭외·초빙 사건은 서류·관할·기한에 따라 진행 순서가 달라집니다. 다옴법무사사무소는 부산 해운대구·센텀에서 상속등기·부동산등기·법인등기·개인회생·파산 등을 다루며, 의뢰인 상황에 맞춰 절차와 비용을 알기 쉽게 설명합니다. ",255,75d1c54a0d2bc2c8
/부산법률상담,"상담만 필요한지, 등기·서류·신청까지 필요한지에 따라 찾는 곳이 달라집니다. 상담만 필요한지, 등기·서류·신청까지 필요한지에 따라 찾는 곳이 달라집니다. 상담만 필요한지, 등기·서류·신청까지 필요한지에 따라 찾는 곳이 달라집니다. 상담 시 확인하는 내용 부산 법률상담 — 법무사가 지원하는 절차 안내 사건은 서류·관할·기한에 따라 진행 순서가 달라집니다. 다옴법무사사무소는 부산 해운대구·센텀에서 상속등기·부동산등기·법인등기·개인회생·파산 등을 다루며, 의뢰인 상황에 맞춰 절차와 비용을 알기 쉽게 설명합니다. 불확실한 부분은 추측으로 단정하지 않고, 확인된 사실을 바탕으로 안내드립니다. 전화·카카오톡·네이버 톡톡으로 간단히 상황을 남겨 주시면 필요한 준비부터 차분히 정리해 드리겠습니다. 공공 무료법률상담과 법무사 상담은 무엇이 다른가요? 공공 상담(예: 대한법률구조공단)은 자격·대상에 따라 법률상담·법률구조를 제공합니다. 법무사 상담은 등기·서류·신청 실무를 중심으로 접수 가능 여부·준",163,3fc1fbeabc1bda67
/부산법률전문가,"부산에서 법률 실무를 설명할 외부 전문가, 기업·기관 특강 강사, 세미나 패널이나 전문가 인터뷰 대상을 찾고 있다면 먼저 실제 자격과 활동 분야를 확인하는 것이 중요합니다. 다옴법무사사무소 안윤정 법무사는 법무사 실무와 기관·시민 대상 교육, 공공·정책 활동, 언론 출연 경험을 바탕으로 요청 목적에 맞는 범위를 확인합니다. 부산에서 법률 실무를 설명할 외부 전문가, 기업·기관 특강 강사, 세미나 패널이나 전문가 인터뷰 대상을 찾고 있다면 먼저 실제 자격과 활동 분야를 확인하는 것이 중요합니다. 다옴법무사사무소 안윤정 법무사는 법무사 실무와 기관·시민 대상 교육, 공공·정책 활동, 언론 출연 경험을 바탕으로 요청 목적에 맞는 범위를 확인합니다. 부산에서 법률 실무를 설명할 외부 전문가, 기업·기관 특강 강사, 세미나 패널이나 전문가 인터뷰 대상을 찾고 있다면 먼저 실제 자격과 활동 분야를 확인하는 것이 중요합니다. 다옴법무사사무소 안윤정 법무사는 법무사 실무와 기관·시민 대상 교육, ",318,a7d5cc711a30d214
/부산법무사,"부산에서 법무사를 찾는 이유는 사람마다 다릅니다. 부모님 사망 후 부동산·채무 정리, 아파트 매매 잔금 후 소유권이전, 법인 설립·임원변경, 카드·대출 누적에 따른 개인회생처럼 사건이 갈립니다. 이 페이지에서는 필요한 절차를 가린 뒤 상속·등기·법인·회생 안내로 이어집니다. 사무소·대표 안내는 다옴법무사사무소 홈에서 확인하시면 됩니다. 관할은 부동산·법인 본점 소재지에 따라 등기국·동부지원 등기과·남부산등기소·서부지원 등기과·북부산등기소와 부산가정법원·부산회생법원으로 나뉩니다. 처음 확인할 사실은 업무명이 아니라 지금 놓치면 안 되는 기한입니다. 부산에서 법무사를 찾는 이유는 사람마다 다릅니다. 부모님 사망 후 부동산·채무 정리, 아파트 매매 잔금 후 소유권이전, 법인 설립·임원변경, 카드·대출 누적에 따른 개인회생처럼 사건이 갈립니다. 이 페이지에서는 필요한 절차를 가린 뒤 상속·등기·법인·회생 안내로 이어집니다. 사무소·대표 안내는 다옴법무사사무소 홈에서 확인하시면 됩니다. 관할",479,a87716ac3a26782e
/부산법무사강의,"일반 교양 강연이 아니라, 법무사 사무소에서 실제로 다루는 계약·등기·서류·예방 포인트를 눈높이에 맞게 풀어내는 강의입니다. 일반 교양 강연이 아니라, 법무사 사무소에서 실제로 다루는 계약·등기·서류·예방 포인트를 눈높이에 맞게 풀어내는 강의입니다. 일반 교양 강연이 아니라, 법무사 사무소에서 실제로 다루는 계약·등기·서류·예방 포인트를 눈높이에 맞게 풀어내는 강의입니다. 상담 시 확인하는 내용 부산 법무사 강의 사건은 서류·관할·기한에 따라 진행 순서가 달라집니다. 다옴법무사사무소는 부산 해운대구·센텀에서 상속등기·부동산등기·법인등기·개인회생·파산 등을 다루며, 의뢰인 상황에 맞춰 절차와 비용을 알기 쉽게 설명합니다. 불확실한 부분은 추측으로 단정하지 않고, 확인된 사실을 바탕으로 안내드립니다. 전화·카카오톡·네이버 톡톡으로 간단히 상황을 남겨 주시면 필요한 준비부터 차분히 정리해 드리겠습니다. 변호사 강의와 무엇이 다른가요? 소송 대리 중심이 아니라, 등기·계약·서류·생활 예방처",173,e3e3653377fc6a3a
/부산법무사무소,"‘부산 법무사 사무실’ 또는 ‘부산 법무사무소’를 검색하실 때는 법무사 개인 추천보다, 사무소 주소·연락처·업무 범위·방문 방법을 먼저 확인하시는 경우가 많습니다. 등기·상속·법인·회생은 관할과 서류가 달라, 사무실이 어떤 사건을 다루는지부터 보는 편이 안전합니다. ‘부산 법무사 사무실’ 또는 ‘부산 법무사무소’를 검색하실 때는 법무사 개인 추천보다, 사무소 주소·연락처·업무 범위·방문 방법을 먼저 확인하시는 경우가 많습니다. 등기·상속·법인·회생은 관할과 서류가 달라, 사무실이 어떤 사건을 다루는지부터 보는 편이 안전합니다. ‘부산 법무사 사무실’ 또는 ‘부산 법무사무소’를 검색하실 때는 법무사 개인 추천보다, 사무소 주소·연락처·업무 범위·방문 방법을 먼저 확인하시는 경우가 많습니다. 등기·상속·법인·회생은 관할과 서류가 달라, 사무실이 어떤 사건을 다루는지부터 보는 편이 안전합니다. 상담 시 확인하는 내용 부산 법무사무소·사무실 안내 사건은 서류·관할·기한에 따라 진행 순서가 ",284,79b1fc1c506a691b
/부산법무사방문상담,"부산 법무사 방문상담을 검색하실 때는 위치보다 ‘예약 방법·준비물·방문이 꼭 필요한지’가 궁금한 경우가 많습니다. 서류가 많거나 대면 설명이 필요할 때 방문이 유리하고, 개요만 확인할 때는 전화·카카오톡으로 충분한 사건도 있습니다. 부산 법무사 방문상담을 검색하실 때는 위치보다 ‘예약 방법·준비물·방문이 꼭 필요한지’가 궁금한 경우가 많습니다. 서류가 많거나 대면 설명이 필요할 때 방문이 유리하고, 개요만 확인할 때는 전화·카카오톡으로 충분한 사건도 있습니다. 부산 법무사 방문상담을 검색하실 때는 위치보다 ‘예약 방법·준비물·방문이 꼭 필요한지’가 궁금한 경우가 많습니다. 서류가 많거나 대면 설명이 필요할 때 방문이 유리하고, 개요만 확인할 때는 전화·카카오톡으로 충분한 사건도 있습니다. 상담 시 확인하는 내용 부산 법무사 방문상담 사건은 서류·관할·기한에 따라 진행 순서가 달라집니다. 다옴법무사사무소는 부산 해운대구·센텀에서 상속등기·부동산등기·법인등기·개인회생·파산 등을 다루며,",243,6f7e41a91309014d
/부산법무사보수,"법무사 보수는 협회 기준상 기본보수·가산보수·기타 보수·실비로 나뉠 수 있습니다. 검색에서 말하는 ‘비용’에는 세금이 섞여 있는 경우가 많습니다. 법무사 보수는 협회 기준상 기본보수·가산보수·기타 보수·실비로 나뉠 수 있습니다. 검색에서 말하는 ‘비용’에는 세금이 섞여 있는 경우가 많습니다. 법무사 보수는 협회 기준상 기본보수·가산보수·기타 보수·실비로 나뉠 수 있습니다. 검색에서 말하는 ‘비용’에는 세금이 섞여 있는 경우가 많습니다. 수임료·수수료·비용은 같은 질문을 가리키는 경우가 많습니다 검색어만 다르고 알고 싶은 내용은 ‘실제로 얼마가 들고, 무엇이 포함인가’인 경우가 많습니다. 대표 안내는 부산 법무사 비용 페이지에서 보수와 세금·공과금을 구분해 설명합니다. 이 페이지는 용어 혼동을 줄이기 위한 보조 안내입니다. 상담 시 확인하는 내용 부산 법무사 보수 사건은 서류·관할·기한에 따라 진행 순서가 달라집니다. 다옴법무사사무소는 부산 해운대구·센텀에서 상속등기·부동산등기·법인등",340,2da43ecd0a2dac49
/부산법무사보수표,"부산에서 부산 법무사 보수표을(를) 검색하시는 분들은 대부분 실제 부담 금액과 준비 기간을 알고 싶어 하십니다. 법무사 보수표, 대한법무사협회, 수임료 기준 관련 비용은 사건마다 다릅니다. 부동산 가액·상속인 수·채무 규모·법인 규모·병행 업무 여부에 따라 법무사 보수와 등기신청 수수료·세금이 달라집니다. 다옴법무사사무소는 부산 센텀 일대를 포함한 부산 전역 의뢰인에게 항목별 견적을 투명하게 안내합니다. 숨겨진 비용 없이 상담 후 예상 범위를 설명해 드립니다. 부산에서 부산 법무사 보수표을(를) 검색하시는 분들은 대부분 실제 부담 금액과 준비 기간을 알고 싶어 하십니다. 법무사 보수표, 대한법무사협회, 수임료 기준 관련 비용은 사건마다 다릅니다. 부동산 가액·상속인 수·채무 규모·법인 규모·병행 업무 여부에 따라 법무사 보수와 등기신청 수수료·세금이 달라집니다. 다옴법무사사무소는 부산 센텀 일대를 포함한 부산 전역 의뢰인에게 항목별 견적을 투명하게 안내합니다. 숨겨진 비용 없이 상담",578,3418ea799526bb98
/부산법무사복대리,"부산 복대리·부산 등기 복대리·등기소 접수·보정·원거리 현지 업무가 필요할 때, 관할과 일정을 먼저 확인한 뒤 가능 범위를 안내합니다. 부산 복대리·부산 등기 복대리·등기소 접수·보정·원거리 현지 업무가 필요할 때, 관할과 일정을 먼저 확인한 뒤 가능 범위를 안내합니다. 부산 복대리·부산 등기 복대리·등기소 접수·보정·원거리 현지 업무가 필요할 때, 관할과 일정을 먼저 확인한 뒤 가능 범위를 안내합니다. 상담 시 확인하는 내용 부산에서 필요한 등기 실무를 함께 확인합니다 사건은 서류·관할·기한에 따라 진행 순서가 달라집니다. 다옴법무사사무소는 부산 해운대구·센텀에서 상속등기·부동산등기·법인등기·개인회생·파산 등을 다루며, 의뢰인 상황에 맞춰 절차와 비용을 알기 쉽게 설명합니다. 불확실한 부분은 추측으로 단정하지 않고, 확인된 사실을 바탕으로 안내드립니다. 전화·카카오톡·네이버 톡톡으로 간단히 상황을 남겨 주시면 필요한 준비부터 차분히 정리해 드리겠습니다. 모든 부산 등기소·모든 등기",169,58d66ba95393fb2b
/부산법무사비교,"부산 법무사 비교나 비용 비교를 검색하실 때 견적 숫자만 나열하기보다, 업무 범위·상담 방식·등기 진행 방식·서류 안내 방식을 같은 기준으로 맞춰 보시는 것이 좋습니다. 부산 법무사 비교나 비용 비교를 검색하실 때 견적 숫자만 나열하기보다, 업무 범위·상담 방식·등기 진행 방식·서류 안내 방식을 같은 기준으로 맞춰 보시는 것이 좋습니다. 부산 법무사 비교나 비용 비교를 검색하실 때 견적 숫자만 나열하기보다, 업무 범위·상담 방식·등기 진행 방식·서류 안내 방식을 같은 기준으로 맞춰 보시는 것이 좋습니다. 상담 시 확인하는 내용 부산 법무사 비교 기준 사건은 서류·관할·기한에 따라 진행 순서가 달라집니다. 다옴법무사사무소는 부산 해운대구·센텀에서 상속등기·부동산등기·법인등기·개인회생·파산 등을 다루며, 의뢰인 상황에 맞춰 절차와 비용을 알기 쉽게 설명합니다. 불확실한 부분은 추측으로 단정하지 않고, 확인된 사실을 바탕으로 안내드립니다. 전화·카카오톡·네이버 톡톡으로 간단히 상황을 남겨",228,0f25c21833523e66
/부산법무사비대면상담,"부산 법무사 비대면상담을 검색하시는 분들은 지방·해외 거주, 방문 시간 부족, 서류만 보내고 진행하고 싶은 경우가 많습니다. 모든 사건이 100% 비대면은 아니지만, 많은 등기·서류 업무는 카카오톡·이메일·우편으로 시작할 수 있습니다. 부산 법무사 비대면상담을 검색하시는 분들은 지방·해외 거주, 방문 시간 부족, 서류만 보내고 진행하고 싶은 경우가 많습니다. 모든 사건이 100% 비대면은 아니지만, 많은 등기·서류 업무는 카카오톡·이메일·우편으로 시작할 수 있습니다. 부산 법무사 비대면상담을 검색하시는 분들은 지방·해외 거주, 방문 시간 부족, 서류만 보내고 진행하고 싶은 경우가 많습니다. 모든 사건이 100% 비대면은 아니지만, 많은 등기·서류 업무는 카카오톡·이메일·우편으로 시작할 수 있습니다. 상담 시 확인하는 내용 부산 법무사 비대면상담 사건은 서류·관할·기한에 따라 진행 순서가 달라집니다. 다옴법무사사무소는 부산 해운대구·센텀에서 상속등기·부동산등기·법인등기·개인회생·파산 ",243,2fbb72aa00b4b16b
/부산법무사비용,"부산 법무사 비용·수수료를 검색하시는 분들은 대개 ‘얼마가 드는지’보다 ‘무엇을 내는 돈인지’를 먼저 알고 싶어 하십니다. 법무사 보수와 취득세·등록면허세·국민주택채권·증명서·등기신청수수료는 성격이 다릅니다. 같은 업무라도 부동산 가액, 상속인 수, 법인 변경사항, 채권자 수, 말소·보정 병행 여부에 따라 달라지며, 전화로는 대략적인 구성만 안내하고 확정 금액은 서류 확인 후에 안내하는 경우가 많습니다. 다옴법무사사무소는 부산 센텀, 해운대구 일대를 포함한 부산 전역 의뢰인에게 항목별 구성을 구분해 설명합니다. 근거 없는 고정 단가나 ‘최저’ 금액만으로 비교하도록 유도하지 않습니다. 부산 법무사 비용·수수료를 검색하시는 분들은 대개 ‘얼마가 드는지’보다 ‘무엇을 내는 돈인지’를 먼저 알고 싶어 하십니다. 법무사 보수와 취득세·등록면허세·국민주택채권·증명서·등기신청수수료는 성격이 다릅니다. 같은 업무라도 부동산 가액, 상속인 수, 법인 변경사항, 채권자 수, 말소·보정 병행 여부에 따",768,4f2555b90421d767
/부산법무사상담,"부산 법무사 상담 — 업무 이름을 몰라도 됩니다. 안윤정 법무사가 상속·부동산등기·법인등기·개인회생·파산을 전화·카카오톡·네이버 톡톡·예약 방문으로 직접 안내합니다. 부산 법무사 상담 — 업무 이름을 몰라도 됩니다. 안윤정 법무사가 상속·부동산등기·법인등기·개인회생·파산을 전화·카카오톡·네이버 톡톡·예약 방문으로 직접 안내합니다. 부산 법무사 상담 — 업무 이름을 몰라도 됩니다. 안윤정 법무사가 상속·부동산등기·법인등기·개인회생·파산을 전화·카카오톡·네이버 톡톡·예약 방문으로 직접 안내합니다. 상담 시 확인하는 내용 부산 법무사 상담 사건은 서류·관할·기한에 따라 진행 순서가 달라집니다. 다옴법무사사무소는 부산 해운대구·센텀에서 상속등기·부동산등기·법인등기·개인회생·파산 등을 다루며, 의뢰인 상황에 맞춰 절차와 비용을 알기 쉽게 설명합니다. 불확실한 부분은 추측으로 단정하지 않고, 확인된 사실을 바탕으로 안내드립니다. 전화·카카오톡·네이버 톡톡으로 간단히 상황을 남겨 주시면 필요한 ",365,a84b1b967ada0b19
/부산법무사서류준비,"부산 법무사 서류 준비를 검색하시는 분들은 상담 예약보다 ‘무엇을 가져가면 되는지’가 먼저인 경우가 많습니다. 상속·매매등기·법인변경·개인회생은 필요 서류가 달라, 한 번에 모든 원본을 준비하기보다 업무별로 나눠 보시면 됩니다. 부산 법무사 서류 준비를 검색하시는 분들은 상담 예약보다 ‘무엇을 가져가면 되는지’가 먼저인 경우가 많습니다. 상속·매매등기·법인변경·개인회생은 필요 서류가 달라, 한 번에 모든 원본을 준비하기보다 업무별로 나눠 보시면 됩니다. 부산 법무사 서류 준비를 검색하시는 분들은 상담 예약보다 ‘무엇을 가져가면 되는지’가 먼저인 경우가 많습니다. 상속·매매등기·법인변경·개인회생은 필요 서류가 달라, 한 번에 모든 원본을 준비하기보다 업무별로 나눠 보시면 됩니다. 상담 시 확인하는 내용 부산 법무사 서류 준비 사건은 서류·관할·기한에 따라 진행 순서가 달라집니다. 다옴법무사사무소는 부산 해운대구·센텀에서 상속등기·부동산등기·법인등기·개인회생·파산 등을 다루며, 의뢰인 ",241,4c4e2c57636940c0
/부산법무사수임료,"부산 법무사 수임료를 검색하셔도, 알고 싶은 내용은 대개 실제 부담 총액과 포함 범위입니다. 수임료는 위임 업무의 보수이고, 취득세·등록면허세·송달료 등은 다른 항목일 수 있습니다. 부산 법무사 수임료를 검색하셔도, 알고 싶은 내용은 대개 실제 부담 총액과 포함 범위입니다. 수임료는 위임 업무의 보수이고, 취득세·등록면허세·송달료 등은 다른 항목일 수 있습니다. 부산 법무사 수임료를 검색하셔도, 알고 싶은 내용은 대개 실제 부담 총액과 포함 범위입니다. 수임료는 위임 업무의 보수이고, 취득세·등록면허세·송달료 등은 다른 항목일 수 있습니다. 수임료·수수료·비용은 같은 질문을 가리키는 경우가 많습니다 검색어만 다르고 알고 싶은 내용은 ‘실제로 얼마가 들고, 무엇이 포함인가’인 경우가 많습니다. 대표 안내는 부산 법무사 비용 페이지에서 보수와 세금·공과금을 구분해 설명합니다. 이 페이지는 용어 혼동을 줄이기 위한 보조 안내입니다. 상담 시 확인하는 내용 부산 법무사 수임료 사건은 서류·",355,d685eed69f8711fd
/부산법무사잘하는곳,"부산 법무사 잘하는 곳 검색 시, 키워드만 보고 결정하기보다 업무 경험·설명력·기한 안내 기준에 맞는 서류·기한·관할·비용을 먼저 확인하는 것이 안전합니다. 부산 법무사 잘하는 곳 검색 시, 키워드만 보고 결정하기보다 업무 경험·설명력·기한 안내 기준에 맞는 서류·기한·관할·비용을 먼저 확인하는 것이 안전합니다. 부산 법무사 잘하는 곳 검색 시, 키워드만 보고 결정하기보다 업무 경험·설명력·기한 안내 기준에 맞는 서류·기한·관할·비용을 먼저 확인하는 것이 안전합니다. 상담 시 확인하는 내용 부산 법무사 잘하는 곳 사건은 서류·관할·기한에 따라 진행 순서가 달라집니다. 다옴법무사사무소는 부산 해운대구·센텀에서 상속등기·부동산등기·법인등기·개인회생·파산 등을 다루며, 의뢰인 상황에 맞춰 절차와 비용을 알기 쉽게 설명합니다. 불확실한 부분은 추측으로 단정하지 않고, 확인된 사실을 바탕으로 안내드립니다. 전화·카카오톡·네이버 톡톡으로 간단히 상황을 남겨 주시면 필요한 준비부터 차분히 정리해",336,8efba1fd21d80c40
/부산법무사추천,"법무사를 고를 때는 후기·순위보다, 내 사건(상속인·잔금일·임원 취임일·채무 규모)에 맞는 경험과 서류·기한 설명이 있는지가 더 중요합니다. 법무사를 고를 때는 후기·순위보다, 내 사건(상속인·잔금일·임원 취임일·채무 규모)에 맞는 경험과 서류·기한 설명이 있는지가 더 중요합니다. 법무사를 고를 때는 후기·순위보다, 내 사건(상속인·잔금일·임원 취임일·채무 규모)에 맞는 경험과 서류·기한 설명이 있는지가 더 중요합니다. 상담 시 확인하는 내용 부산 법무사 추천 선택 기준 사건은 서류·관할·기한에 따라 진행 순서가 달라집니다. 다옴법무사사무소는 부산 해운대구·센텀에서 상속등기·부동산등기·법인등기·개인회생·파산 등을 다루며, 의뢰인 상황에 맞춰 절차와 비용을 알기 쉽게 설명합니다. 불확실한 부분은 추측으로 단정하지 않고, 확인된 사실을 바탕으로 안내드립니다. 전화·카카오톡·네이버 톡톡으로 간단히 상황을 남겨 주시면 필요한 준비부터 차분히 정리해 드리겠습니다. 부산 법무사 추천을 어떻게 ",326,6e37b0d7585bc3dc
/부산법무사후기,"부산 법무사 후기나 추천 후기를 검색하실 때, 별점만 보기보다 ‘어떤 업무에서 무엇이 도움이 되었는지’가 구체적인지 확인하시는 편이 좋습니다. 이 페이지는 후기를 조작하거나 가짜 후기를 만들지 않으며, 후기를 읽을 때 적용할 기준을 정리한 안내입니다. 부산 법무사 후기나 추천 후기를 검색하실 때, 별점만 보기보다 ‘어떤 업무에서 무엇이 도움이 되었는지’가 구체적인지 확인하시는 편이 좋습니다. 이 페이지는 후기를 조작하거나 가짜 후기를 만들지 않으며, 후기를 읽을 때 적용할 기준을 정리한 안내입니다. 부산 법무사 후기나 추천 후기를 검색하실 때, 별점만 보기보다 ‘어떤 업무에서 무엇이 도움이 되었는지’가 구체적인지 확인하시는 편이 좋습니다. 이 페이지는 후기를 조작하거나 가짜 후기를 만들지 않으며, 후기를 읽을 때 적용할 기준을 정리한 안내입니다. 상담 시 확인하는 내용 부산 법무사 후기 확인 기준 사건은 서류·관할·기한에 따라 진행 순서가 달라집니다. 다옴법무사사무소는 부산 해운대구",264,c5e30ea902561d75
/부산법원근처법무사,부산 법원 근처 법무사 관련 문의는 검색 키워드만으로 절차가 결정되지 않는 경우가 많습니다. 금전 채권 회수를 위한 지급명령·소송 절차를 안내합니다. 관할 법원 확인이 필요합니다. 부산광역시 전역 상속등기·부동산등기·법인등기·개인회생·파산 등 법무사 업무를 다루는 핵심 지역입니다. 다옴법무사사무소는 상황을 듣고 다음 단계부터 정리합니다. 부산 법원 근처 법무사 관련 문의는 검색 키워드만으로 절차가 결정되지 않는 경우가 많습니다. 금전 채권 회수를 위한 지급명령·소송 절차를 안내합니다. 관할 법원 확인이 필요합니다. 부산광역시 전역 상속등기·부동산등기·법인등기·개인회생·파산 등 법무사 업무를 다루는 핵심 지역입니다. 다옴법무사사무소는 상황을 듣고 다음 단계부터 정리합니다. 부산광역시 전역 상속등기·부동산등기·법인등기·개인회생·파산 등 법무사 업무를 다루는 핵심 지역입니다. 금전 채권 회수를 위한 지급명령·소송 절차를 안내합니다. 관할 법원 확인이 필요합니다. 업무 안내 회생·파산 경로,459,45ae1b186644fce0
/부산법인등기,"‘부산 법인등기’를 검색하시면 설립 견적만 보고 오시는 경우도 있지만, 실제 상담에서는 이미 운영 중인 회사의 변경등기 문의가 많습니다. 임원 주소를 옮겼는데 등기를 안 한 경우, 대표이사가 바뀌었는데 은행·계약서만 고친 경우, 본점은 이전했는데 등기부 주소가 예전인 경우처럼 ‘거래는 됐는데 등기가 안 맞은’ 상태가 쌓입니다. 부산 법인등기 법무사 상담의 첫 단계는 최신 등기사항전부증명서와 정관을 대조해 무엇을 언제까지 접수해야 하는지 가리는 일입니다. 회사등기·기업등기·상업등기라는 검색어는 대체로 같은 실무를 가리키므로, 이 페이지를 대표 허브로 두고 설립·임원변경·본점이전 등 세부 안내는 하위 페이지로 연결합니다. 법무사 업무 범위 밖의 세무·인허가·소송은 해당 전문가 확인이 필요합니다. 직접 처리하기 비교적 단순한 경우는 이미 의사록·취임승낙서가 갖춰진 단건 임원 주소변경이고, 전문가 검토가 필요한 경우는 투자 계약과 임원 개편이 동시에 있거나 정관 전면 개정·해산 청산이 겹칠",628,674f0fd34bb381e2
/부산법인등기과태료,"법인등기 과태료는 변경 사유별 결의 후 등기 신청 기한을 넘긴 경우 부과될 수 있습니다. 임원변경·본점이전·목적변경 등 유형에 따라 검토 방식이 달라지므로 결의일과 접수일을 먼저 확인하세요. 법인등기 과태료는 변경 사유별 결의 후 등기 신청 기한을 넘긴 경우 부과될 수 있습니다. 임원변경·본점이전·목적변경 등 유형에 따라 검토 방식이 달라지므로 결의일과 접수일을 먼저 확인하세요. 법인 변경등기는 결의 후 일정 기한 내 접수해야 하며, 지연 시 과태료가 부과될 수 있습니다. 상담 시 확인하는 내용 부산 법인등기 과태료 사건은 서류·관할·기한에 따라 진행 순서가 달라집니다. 다옴법무사사무소는 부산 해운대구·센텀에서 상속등기·부동산등기·법인등기·개인회생·파산 등을 다루며, 의뢰인 상황에 맞춰 절차와 비용을 알기 쉽게 설명합니다. 불확실한 부분은 추측으로 단정하지 않고, 확인된 사실을 바탕으로 안내드립니다. 전화·카카오톡·네이버 톡톡으로 간단히 상황을 남겨 주시면 필요한 준비부터 차분히 정",160,1bc4720a60eaad48
/부산법인등기복대리,"부산에 본점·지점이 있는 법인의 변경등기가 필요할 때, 관할·의사록·첨부서류 상태를 확인한 뒤 접수와 보정 대응의 가능 범위를 안내합니다. 부산에 본점·지점이 있는 법인의 변경등기가 필요할 때, 관할·의사록·첨부서류 상태를 확인한 뒤 접수와 보정 대응의 가능 범위를 안내합니다. 부산에 본점·지점이 있는 법인의 변경등기가 필요할 때, 관할·의사록·첨부서류 상태를 확인한 뒤 접수와 보정 대응의 가능 범위를 안내합니다. 상담 시 확인하는 내용 부산 관할 법인등기, 의사록과 첨부를 맞춰 진행합니다 사건은 서류·관할·기한에 따라 진행 순서가 달라집니다. 다옴법무사사무소는 부산 해운대구·센텀에서 상속등기·부동산등기·법인등기·개인회생·파산 등을 다루며, 의뢰인 상황에 맞춰 절차와 비용을 알기 쉽게 설명합니다. 불확실한 부분은 추측으로 단정하지 않고, 확인된 사실을 바탕으로 안내드립니다. 전화·카카오톡·네이버 톡톡으로 간단히 상황을 남겨 주시면 필요한 준비부터 차분히 정리해 드리겠습니다. 임원변경",157,a3607189cfa80bf6
/부산법인등기비용,"검색 결과의 ‘정액 패키지’만 보고 진행하면 임원 수·자본금·본점 관할·공증·과태료 대응이 빠져 추가 비용이 생길 수 있습니다. 다옴법무사사무소는 항목별 견적을 안내하며, 성사·최저가를 보장하지 않습니다. 검색 결과의 ‘정액 패키지’만 보고 진행하면 임원 수·자본금·본점 관할·공증·과태료 대응이 빠져 추가 비용이 생길 수 있습니다. 다옴법무사사무소는 항목별 견적을 안내하며, 성사·최저가를 보장하지 않습니다. 부산 법인등기 비용은 법무사 보수와 등록면허세·수수료·공증비를 구분해 봐야 합니다. 최저가만 비교하면 포함 범위가 달라질 수 있습니다. 설립·임원변경·본점이전·목적·상호·증자·해산은 항목마다 세금·서류가 다릅니다. 확정 금액은 등기부와 변경 내용을 확인한 뒤 견적합니다. 부산 법인등기 비용을 확인할 때 부산 본점 기준 설립·변경등기는 등록세와 보수를 구분합니다. 같은 검색의도의 항목 안내는 법인등기 비용·법인설립등기 비용 페이지와 역할을 나눕니다. 이런 경우 필요한 절차입니다 부",411,02eecf6b6f18a50b
/부산법인등기아웃소싱,"임원변경·본점이전·목적변경처럼 해마다 반복되는 법인등기를 내부에서만 소화하기 어려울 때, 연락 창구와 자료 형식을 맞춘 뒤 가능 범위를 안내합니다. 임원변경·본점이전·목적변경처럼 해마다 반복되는 법인등기를 내부에서만 소화하기 어려울 때, 연락 창구와 자료 형식을 맞춘 뒤 가능 범위를 안내합니다. 임원변경·본점이전·목적변경처럼 해마다 반복되는 법인등기를 내부에서만 소화하기 어려울 때, 연락 창구와 자료 형식을 맞춘 뒤 가능 범위를 안내합니다. 상담 시 확인하는 내용 반복되는 법인 변경등기, 창구와 일정부터 맞춥니다 사건은 서류·관할·기한에 따라 진행 순서가 달라집니다. 다옴법무사사무소는 부산 해운대구·센텀에서 상속등기·부동산등기·법인등기·개인회생·파산 등을 다루며, 의뢰인 상황에 맞춰 절차와 비용을 알기 쉽게 설명합니다. 불확실한 부분은 추측으로 단정하지 않고, 확인된 사실을 바탕으로 안내드립니다. 전화·카카오톡·네이버 톡톡으로 간단히 상황을 남겨 주시면 필요한 준비부터 차분히 정리해",153,e711eb9153380c2b
/부산법인등기전문,"법인등기는 설립·임원변경·대표이사 변경·본점이전·목적·상호 변경·증자·해산·청산 등 변경 유형마다 필요 결의와 기한이 다릅니다. 검색 시 ‘전문’보다는 실무 경험과 기한·과태료 안내가 구체적인지 확인하시면 좋습니다. 법인등기는 설립·임원변경·대표이사 변경·본점이전·목적·상호 변경·증자·해산·청산 등 변경 유형마다 필요 결의와 기한이 다릅니다. 검색 시 ‘전문’보다는 실무 경험과 기한·과태료 안내가 구체적인지 확인하시면 좋습니다. 법인등기는 설립·임원변경·대표이사 변경·본점이전·목적·상호 변경·증자·해산·청산 등 변경 유형마다 필요 결의와 기한이 다릅니다. 검색 시 ‘전문’보다는 실무 경험과 기한·과태료 안내가 구체적인지 확인하시면 좋습니다. 상담 시 확인하는 내용 법인등기 상담 전 확인사항 사건은 서류·관할·기한에 따라 진행 순서가 달라집니다. 다옴법무사사무소는 부산 해운대구·센텀에서 상속등기·부동산등기·법인등기·개인회생·파산 등을 다루며, 의뢰인 상황에 맞춰 절차와 비용을 알기 쉽",232,b3e2200379384db0
/부산법인법무사,"부산에서 법인을 설립하거나 대표이사를 바꿀 때 법인 법무사에게 맡기는 이유는 정관 요건·결의 방식·등기신청서 작성이 한 번에 맞지 않으면 보정과 지연이 반복되기 때문입니다. 투자 유치 후 임원 개편, 센텀에서 다른 구로 본점이전, 업종 추가를 위한 목적변경, 상호 변경 후 사업자등록 정정까지 연결됩니다. 해산·청산 등기는 채무 정리·잔여재산 분배와 맞물려 복잡해질 수 있어 초기 상담이 중요합니다. 설립·임원변경·본점이전·목적변경 중 무엇을 볼지부터 고른 뒤, 부산 법인등기·임원변경·설립 등 해당 안내로 이어가면 됩니다. 부산에서 법인을 설립하거나 대표이사를 바꿀 때 법인 법무사에게 맡기는 이유는 정관 요건·결의 방식·등기신청서 작성이 한 번에 맞지 않으면 보정과 지연이 반복되기 때문입니다. 투자 유치 후 임원 개편, 센텀에서 다른 구로 본점이전, 업종 추가를 위한 목적변경, 상호 변경 후 사업자등록 정정까지 연결됩니다. 해산·청산 등기는 채무 정리·잔여재산 분배와 맞물려 복잡해질 수",750,dd505b151e445e8e
/부산법인설립등기,"법인설립을 검색하는 이유는 ‘사업자등록 전에 등기가 필요한지’, ‘1인으로 가능한지’, ‘자본금을 얼마로 할지’가 헷갈려서인 경우가 많습니다. 상담의 첫 확인은 회사 유형, 본점 주소의 등기 가능 여부, 임원 구성, 상호 중복입니다. 직접 처리하기 비교적 단순한 경우는 요건이 단순한 소규모 설립이고, 전문가 검토가 필요한 경우는 투자 유치 전 정관 설계·공동창업 지분·개인사업 자산 이전이 겹칠 때입니다. 서류가 없어도 상호·주소·임원·자본금만 있으면 체크리스트를 만들 수 있습니다. 상황을 단순화한 예시로, 목적에 인허가 업종을 넣으면 설립 후에도 별도 허가가 필요할 수 있어 업종 문구를 신중히 잡습니다. 설립 직후 임원 주소를 바꾸거나 본점을 옮기면 바로 변경등기가 이어질 수 있어, 처음 주소를 현실적으로 정하는 것이 좋습니다. 센텀·해운대 창업팀은 사업자등록·계좌·인감을 같은 주에 맞추면 거래·입찰이 막히지 않습니다. 다옴법무사사무소 안윤정 법무사는 설립 후 변경등기를 줄이는 방향",660,5349b3b107da86ef
/부산법인설립전문법무사,"부산 법인설립전문 법무사 검색은 창업·법인화 단계에서 자주 나옵니다. 설립등기는 상호, 목적, 본점 소재지, 자본금, 발행주식, 이사·감사·대표이사 구성을 정관과 설립 서류에 맞추는 일이므로, 사업 아이디어만 있는 상태와 서류 준비 가능 상태를 구분해야 합니다. 부산 법인설립전문 법무사 검색은 창업·법인화 단계에서 자주 나옵니다. 설립등기는 상호, 목적, 본점 소재지, 자본금, 발행주식, 이사·감사·대표이사 구성을 정관과 설립 서류에 맞추는 일이므로, 사업 아이디어만 있는 상태와 서류 준비 가능 상태를 구분해야 합니다. 부산 법인설립전문 법무사 검색은 창업·법인화 단계에서 자주 나옵니다. 설립등기는 상호, 목적, 본점 소재지, 자본금, 발행주식, 이사·감사·대표이사 구성을 정관과 설립 서류에 맞추는 일이므로, 사업 아이디어만 있는 상태와 서류 준비 가능 상태를 구분해야 합니다. 상담 시 확인하는 내용 부산 법인설립전문 법무사 사건은 서류·관할·기한에 따라 진행 순서가 달라집니다. 다",204,622cea4a240f75c2
/부산법인전문법무사,"부산 법인전문 법무사로 문의하는 경우에도 법인이 아직 없는 단계인지, 이미 설립된 회사의 임원·본점·상호를 바꾸는 단계인지에 따라 필요한 자료가 전혀 다릅니다. 이 페이지는 두 갈림길 중 어디에 있는지부터 확인하는 업무 선택 안내입니다. 부산 법인전문 법무사로 문의하는 경우에도 법인이 아직 없는 단계인지, 이미 설립된 회사의 임원·본점·상호를 바꾸는 단계인지에 따라 필요한 자료가 전혀 다릅니다. 이 페이지는 두 갈림길 중 어디에 있는지부터 확인하는 업무 선택 안내입니다. 부산 법인전문 법무사로 문의하는 경우에도 법인이 아직 없는 단계인지, 이미 설립된 회사의 임원·본점·상호를 바꾸는 단계인지에 따라 필요한 자료가 전혀 다릅니다. 이 페이지는 두 갈림길 중 어디에 있는지부터 확인하는 업무 선택 안내입니다. 상담 시 확인하는 내용 부산 법인전문 법무사 사건은 서류·관할·기한에 따라 진행 순서가 달라집니다. 다옴법무사사무소는 부산 해운대구·센텀에서 상속등기·부동산등기·법인등기·개인회생·파",235,99bff33fe96d9df6
/부산법인정기점검,"정기점검은 임원 임기·본점 주소·사업목적·지점·자본금 표시를 등기부와 실제 운영에 맞춰 보는 작업입니다. 불일치가 확인되면 결의일·서류·등기 기한을 해당 변경등기 안내에서 이어서 확인하세요. 정기점검은 임원 임기·본점 주소·사업목적·지점·자본금 표시를 등기부와 실제 운영에 맞춰 보는 작업입니다. 불일치가 확인되면 결의일·서류·등기 기한을 해당 변경등기 안내에서 이어서 확인하세요. 회사 내부에서는 인사·주소·업종 변경으로 보이지만, 등기부에는 반영되지 않으면 기한과 과태료·거래 문제가 생길 수 있습니다. 상담 시 확인하는 내용 부산 법인등기 정기점검 사건은 서류·관할·기한에 따라 진행 순서가 달라집니다. 다옴법무사사무소는 부산 해운대구·센텀에서 상속등기·부동산등기·법인등기·개인회생·파산 등을 다루며, 의뢰인 상황에 맞춰 절차와 비용을 알기 쉽게 설명합니다. 불확실한 부분은 추측으로 단정하지 않고, 확인된 사실을 바탕으로 안내드립니다. 전화·카카오톡·네이버 톡톡으로 간단히 상황을 남겨 ",170,8e50d7368d4b0962
/부산법인해산전확인사항,"법인 해산 전에는 채무·세무·자산·임원·유지 가치를 점검해야 합니다. 준비가 되면 `/부산법인해산청산등기` 절차로, 유지가 맞으면 계속등기를 검토합니다. 폐업만 한 상태라면 등기부 잔존 여부부터 확인하는 것이 안전합니다. 법인 해산 전에는 채무·세무·자산·임원·유지 가치를 점검해야 합니다. 준비가 되면 `/부산법인해산청산등기` 절차로, 유지가 맞으면 계속등기를 검토합니다. 폐업만 한 상태라면 등기부 잔존 여부부터 확인하는 것이 안전합니다. 해산등기를 신청하기 전에 채무·세무·자산·임원 상태를 확인해야 합니다. 확인 없이 해산만 하면 청산이 수년간 멈출 수 있습니다. 상담 시 확인하는 내용 부산 법인 해산 전 확인사항 사건은 서류·관할·기한에 따라 진행 순서가 달라집니다. 다옴법무사사무소는 부산 해운대구·센텀에서 상속등기·부동산등기·법인등기·개인회생·파산 등을 다루며, 의뢰인 상황에 맞춰 절차와 비용을 알기 쉽게 설명합니다. 불확실한 부분은 추측으로 단정하지 않고, 확인된 사실을 바탕",159,ea73df905505f26f
/부산법인해산청산등기,"법인 해산은 주주총회 결의 등을 거쳐 해산등기를 하고, 청산 절차를 마친 뒤 청산종결등기를 해야 법인이 소멸합니다. 사업자등록 폐업과는 별개입니다. 법인 해산은 주주총회 결의 등을 거쳐 해산등기를 하고, 청산 절차를 마친 뒤 청산종결등기를 해야 법인이 소멸합니다. 사업자등록 폐업과는 별개입니다. 사업자등록 폐업만으로 법인이 소멸하지 않습니다. 해산·청산·청산종결 등기를 거쳐야 법인격이 말소됩니다. 상담 시 확인하는 내용 부산 법인 해산·청산등기 사건은 서류·관할·기한에 따라 진행 순서가 달라집니다. 다옴법무사사무소는 부산 해운대구·센텀에서 상속등기·부동산등기·법인등기·개인회생·파산 등을 다루며, 의뢰인 상황에 맞춰 절차와 비용을 알기 쉽게 설명합니다. 불확실한 부분은 추측으로 단정하지 않고, 확인된 사실을 바탕으로 안내드립니다. 전화·카카오톡·네이버 톡톡으로 간단히 상황을 남겨 주시면 필요한 준비부터 차분히 정리해 드리겠습니다. 계속 유지할지 해산할지 어떻게 판단하나요? 채무·자산·",152,8e34e101bbda5e9d
/부산본점이전등기,"본점이전등기는 이사회·주주총회 결의 후 새 본점 주소로 변경등기를 신청합니다. 관할 등기소가 바뀌면 이전 관할과 신 관할 절차가 달라질 수 있으며, 사업자등록·세무·4대보험 주소도 연계 정리가 필요합니다. 결과는 개별 사정에 따라 달라질 수 있습니다. 검토일 2026-07-30. 본점이전등기는 이사회·주주총회 결의 후 새 본점 주소로 변경등기를 신청합니다. 관할 등기소가 바뀌면 이전 관할과 신 관할 절차가 달라질 수 있으며, 사업자등록·세무·4대보험 주소도 연계 정리가 필요합니다. 결과는 개별 사정에 따라 달라질 수 있습니다. 검토일 2026-07-30. 사무실을 옮겼다고 해서 자동으로 본점이전등기가 되지 않습니다. 새 주소의 등기 가능 여부와 관할 등기소 변경 여부를 먼저 봐야 합니다. 상담 시 확인하는 내용 부산 법인 본점이전등기 사건은 서류·관할·기한에 따라 진행 순서가 달라집니다. 다옴법무사사무소는 부산 해운대구·센텀에서 상속등기·부동산등기·법인등기·개인회생·파산 등을 다루며",180,cb05ba1e4274dfcc
/부산부담부증여등기,"부동산을 넘기면서 대출 채무나 전세보증금 반환 의무까지 함께 넘기는 구조를 부담부증여로 부르는 경우가 많습니다. 일반 증여와 달리 권리관계·세금·금융 확인이 함께 필요합니다. 이 페이지는 담보·임대차가 있는 이전에 초점을 둡니다. 부동산을 넘기면서 대출 채무나 전세보증금 반환 의무까지 함께 넘기는 구조를 부담부증여로 부르는 경우가 많습니다. 일반 증여와 달리 권리관계·세금·금융 확인이 함께 필요합니다. 이 페이지는 담보·임대차가 있는 이전에 초점을 둡니다. 부동산을 넘기면서 대출 채무나 전세보증금 반환 의무까지 함께 넘기는 구조를 부담부증여로 부르는 경우가 많습니다. 일반 증여와 달리 권리관계·세금·금융 확인이 함께 필요합니다. 이 페이지는 담보·임대차가 있는 이전에 초점을 둡니다. 상담 시 확인하는 내용 부산 부담부증여등기 사건은 서류·관할·기한에 따라 진행 순서가 달라집니다. 다옴법무사사무소는 부산 해운대구·센텀에서 상속등기·부동산등기·법인등기·개인회생·파산 등을 다루며, 의뢰인",191,24c675c2fd832a62
/부산부동산등기,"부동산등기를 검색하는 이유는 ‘계약을 했는데 등기부 명의가 그대로’이거나 ‘잔금 전에 말소·이전이 가능한지’가 불안해서인 경우가 많습니다. 부산은 수영·해운대·연제 등 아파트 거래가 많고, 관할 등기소가 소재지마다 다릅니다. 상담의 첫 확인은 등기부 선순위(근저당·가압류·전세권)와 잔금·대출 일정입니다. 직접 처리하기 비교적 단순한 경우는 권리관계가 깨끗하고 서류가 갖춰진 단건 이전이고, 전문가 검토가 필요한 경우는 말소 특약·공동명의·증여·잔금일 당일 연속 처리입니다. 서류를 다 모으지 못했어도 등기부와 계약 조건만 있으면 위험을 먼저 가릴 수 있습니다. 빌라·상가·토지는 집합건물과 달리 경계·지분·용도 이슈가 생길 수 있어 물건 유형을 알려주시면 좋습니다. 이해를 위한 가상 예시로, 매도인 대출 말소와 매수인 잔금대출 근저당 설정이 같은 날 이어지면 접수 순서를 미리 짜야 합니다. 취득세 60일 등 세무 기한과 등기 접수가 어긋나면 입주·전입·추가 대출이 밀릴 수 있어 달력으로 ",766,402f1d5207dcbb6f
/부산부동산등기법무사,"부산에서 부동산등기 법무사를 찾을 때는 ‘누구에게 맡길지’와 ‘어떤 등기가 필요한지’를 구분하는 것이 좋습니다. 아파트 매매는 대출 실행·근저당 말소·취득세·소유권이전등기가 한 줄로 이어지고, 신축은 보존등기 후 이전으로 이어지는 경우가 많습니다. 주 키워드 ‘부산 부동산등기’의 대표 URL은 부산 부동산등기이며, 이 페이지는 부동산등기 법무사 검색·상담 전 확인 의도로 분리합니다. 등기부 권리관계·순서·서류는 허브에서 유형별로 보시고, 법무사 비교·일정 조율은 여기서 상담하시면 됩니다. 부산에서 부동산등기 법무사를 찾을 때는 ‘누구에게 맡길지’와 ‘어떤 등기가 필요한지’를 구분하는 것이 좋습니다. 아파트 매매는 대출 실행·근저당 말소·취득세·소유권이전등기가 한 줄로 이어지고, 신축은 보존등기 후 이전으로 이어지는 경우가 많습니다. 주 키워드 ‘부산 부동산등기’의 대표 URL은 부산 부동산등기이며, 이 페이지는 부동산등기 법무사 검색·상담 전 확인 의도로 분리합니다. 등기부 권리관계",437,45bb02937887d702
/부산부동산등기복대리,"부산 소재 부동산의 이전·설정·말소 등기가 필요할 때, 관할 등기소와 신청서 상태를 확인한 뒤 접수·보정·현지 지원의 가능 범위를 안내합니다. 부산 소재 부동산의 이전·설정·말소 등기가 필요할 때, 관할 등기소와 신청서 상태를 확인한 뒤 접수·보정·현지 지원의 가능 범위를 안내합니다. 부산 소재 부동산의 이전·설정·말소 등기가 필요할 때, 관할 등기소와 신청서 상태를 확인한 뒤 접수·보정·현지 지원의 가능 범위를 안내합니다. 상담 시 확인하는 내용 부산 부동산등기, 관할과 서류를 먼저 맞춰 봅니다 사건은 서류·관할·기한에 따라 진행 순서가 달라집니다. 다옴법무사사무소는 부산 해운대구·센텀에서 상속등기·부동산등기·법인등기·개인회생·파산 등을 다루며, 의뢰인 상황에 맞춰 절차와 비용을 알기 쉽게 설명합니다. 불확실한 부분은 추측으로 단정하지 않고, 확인된 사실을 바탕으로 안내드립니다. 전화·카카오톡·네이버 톡톡으로 간단히 상황을 남겨 주시면 필요한 준비부터 차분히 정리해 드리겠습니다. ",176,fad0e39bd0c01bd0
/부산부동산등기전문,"부동산등기는 매매·증여·상속·신축 보존·근저당 설정·말소·전세권 설정·말소 등 원인과 목적에 따라 절차가 다릅니다. ‘전문’을 검색하실 때는 자격 표현보다 등기 실무 경험과 내 사건에 맞는 절차 안내를 확인하시는 편이 좋습니다. 부동산등기는 매매·증여·상속·신축 보존·근저당 설정·말소·전세권 설정·말소 등 원인과 목적에 따라 절차가 다릅니다. ‘전문’을 검색하실 때는 자격 표현보다 등기 실무 경험과 내 사건에 맞는 절차 안내를 확인하시는 편이 좋습니다. 부동산등기는 매매·증여·상속·신축 보존·근저당 설정·말소·전세권 설정·말소 등 원인과 목적에 따라 절차가 다릅니다. ‘전문’을 검색하실 때는 자격 표현보다 등기 실무 경험과 내 사건에 맞는 절차 안내를 확인하시는 편이 좋습니다. 상담 시 확인하는 내용 부동산등기 상담 전 확인사항 사건은 서류·관할·기한에 따라 진행 순서가 달라집니다. 다옴법무사사무소는 부산 해운대구·센텀에서 상속등기·부동산등기·법인등기·개인회생·파산 등을 다루며, 의",237,269c62a22a365b78
/부산부동산등기전문법무사,"부산 부동산등기전문 법무사를 찾는 이유는 매매·증여·상속·담보 설정처럼 서로 다른 원인이 한 검색어로 묶이기 때문입니다. 이 페이지는 원인별 절차를 먼저 가르고, 상담 상대를 고르는 체크리스트인 /부산부동산등기전문 페이지와 역할을 나누는 연결 안내입니다. 부산 부동산등기전문 법무사를 찾는 이유는 매매·증여·상속·담보 설정처럼 서로 다른 원인이 한 검색어로 묶이기 때문입니다. 이 페이지는 원인별 절차를 먼저 가르고, 상담 상대를 고르는 체크리스트인 /부산부동산등기전문 페이지와 역할을 나누는 연결 안내입니다. 부산 부동산등기전문 법무사를 찾는 이유는 매매·증여·상속·담보 설정처럼 서로 다른 원인이 한 검색어로 묶이기 때문입니다. 이 페이지는 원인별 절차를 먼저 가르고, 상담 상대를 고르는 체크리스트인 /부산부동산등기전문 페이지와 역할을 나누는 연결 안내입니다. 상담 시 확인하는 내용 부산 부동산등기전문 법무사 사건은 서류·관할·기한에 따라 진행 순서가 달라집니다. 다옴법무사사무소는 부산",229,42f77499a4132e86
/부산부동산전문법무사,"부산 부동산전문 법무사라는 검색어는 매매, 증여, 상속, 근저당, 전세권처럼 서로 다른 등기 원인을 한꺼번에 가리키는 경우가 많습니다. 이 페이지는 등기부 원인별 세부 콘텐츠를 새로 만드는 곳이 아니라, 부동산이라는 짧은 검색어를 원인별로 나누는 브리지입니다. 부산 부동산전문 법무사라는 검색어는 매매, 증여, 상속, 근저당, 전세권처럼 서로 다른 등기 원인을 한꺼번에 가리키는 경우가 많습니다. 이 페이지는 등기부 원인별 세부 콘텐츠를 새로 만드는 곳이 아니라, 부동산이라는 짧은 검색어를 원인별로 나누는 브리지입니다. 부산 부동산전문 법무사라는 검색어는 매매, 증여, 상속, 근저당, 전세권처럼 서로 다른 등기 원인을 한꺼번에 가리키는 경우가 많습니다. 이 페이지는 등기부 원인별 세부 콘텐츠를 새로 만드는 곳이 아니라, 부동산이라는 짧은 검색어를 원인별로 나누는 브리지입니다. 상담 시 확인하는 내용 부산 부동산전문 법무사 사건은 서류·관할·기한에 따라 진행 순서가 달라집니다. 다옴법무사",202,3ddd69b51dd5a497
/부산부동산협력법무사,"잔금일과 서류 준비 일정을 확인하고, 매도인·매수인 준비서류와 근저당 설정·말소 동시 진행 여부를 함께 정리합니다. 잔금일과 서류 준비 일정을 확인하고, 매도인·매수인 준비서류와 근저당 설정·말소 동시 진행 여부를 함께 정리합니다. 잔금일과 서류 준비 일정을 확인하고, 매도인·매수인 준비서류와 근저당 설정·말소 동시 진행 여부를 함께 정리합니다. 상담 시 확인하는 내용 부동산 계약 이후의 등기 절차를 안정적으로 연결합니다 사건은 서류·관할·기한에 따라 진행 순서가 달라집니다. 다옴법무사사무소는 부산 해운대구·센텀에서 상속등기·부동산등기·법인등기·개인회생·파산 등을 다루며, 의뢰인 상황에 맞춰 절차와 비용을 알기 쉽게 설명합니다. 불확실한 부분은 추측으로 단정하지 않고, 확인된 사실을 바탕으로 안내드립니다. 전화·카카오톡·네이버 톡톡으로 간단히 상황을 남겨 주시면 필요한 준비부터 차분히 정리해 드리겠습니다. 고객을 소개하면 대가를 지급하나요? 아니요. 소개비·알선료·리베이트를 전제로 ",160,975294bb29af8030
/부산부모자녀아파트증여등기,"부모가 자녀에게 부산 아파트를 넘길 때는 증여계약과 소유권이전등기를 함께 보는 것이 안전합니다. 이 페이지는 부모·자녀 아파트 이전에 특화된 확인사항이며, 부산 증여등기 대표 안내와 역할이 다릅니다. ‘부산 아파트 증여 법무사’처럼 표현만 다른 검색은 대표 페이지가 담당합니다. 부모가 자녀에게 부산 아파트를 넘길 때는 증여계약과 소유권이전등기를 함께 보는 것이 안전합니다. 이 페이지는 부모·자녀 아파트 이전에 특화된 확인사항이며, 부산 증여등기 대표 안내와 역할이 다릅니다. ‘부산 아파트 증여 법무사’처럼 표현만 다른 검색은 대표 페이지가 담당합니다. 부모가 자녀에게 부산 아파트를 넘길 때는 증여계약과 소유권이전등기를 함께 보는 것이 안전합니다. 이 페이지는 부모·자녀 아파트 이전에 특화된 확인사항이며, 부산 증여등기 대표 안내와 역할이 다릅니다. ‘부산 아파트 증여 법무사’처럼 표현만 다른 검색은 대표 페이지가 담당합니다. 상담 시 확인하는 내용 부산 부모자녀 아파트 증여등기 사건",206,a7f9df0959c123b1
/부산부부간증여등기,"부부 사이에 아파트나 주택 지분을 넘기거나 단독·공동명의를 바꿀 때는 ‘명의변경’이라는 일상 표현보다 실제 등기원인(증여·매매·재산분할)을 먼저 정해야 합니다. 이 페이지는 부부 간 증여·공동명의 변경에 초점을 둡니다. 부부 사이에 아파트나 주택 지분을 넘기거나 단독·공동명의를 바꿀 때는 ‘명의변경’이라는 일상 표현보다 실제 등기원인(증여·매매·재산분할)을 먼저 정해야 합니다. 이 페이지는 부부 간 증여·공동명의 변경에 초점을 둡니다. 부부 사이에 아파트나 주택 지분을 넘기거나 단독·공동명의를 바꿀 때는 ‘명의변경’이라는 일상 표현보다 실제 등기원인(증여·매매·재산분할)을 먼저 정해야 합니다. 이 페이지는 부부 간 증여·공동명의 변경에 초점을 둡니다. 상담 시 확인하는 내용 부산 부부간 증여등기 사건은 서류·관할·기한에 따라 진행 순서가 달라집니다. 다옴법무사사무소는 부산 해운대구·센텀에서 상속등기·부동산등기·법인등기·개인회생·파산 등을 다루며, 의뢰인 상황에 맞춰 절차와 비용을 알",172,e739d0612517a918
/부산부재자재산관리인,"상속·부동산 처분·계약 정리가 필요한데 당사자가 오랫동안 연락이 되지 않으면, ‘부재자재산관리인’ 선임을 검색하는 경우가 있습니다. 실종선고·상속인 부재의 상속재산관리인·미성년 특별대리와 목적이 달라, 같은 가사비송이라도 URL을 나누는 편이 안전합니다. 상속·부동산 처분·계약 정리가 필요한데 당사자가 오랫동안 연락이 되지 않으면, ‘부재자재산관리인’ 선임을 검색하는 경우가 있습니다. 실종선고·상속인 부재의 상속재산관리인·미성년 특별대리와 목적이 달라, 같은 가사비송이라도 URL을 나누는 편이 안전합니다. 상속·부동산 처분·계약 정리가 필요한데 당사자가 오랫동안 연락이 되지 않으면, ‘부재자재산관리인’ 선임을 검색하는 경우가 있습니다. 실종선고·상속인 부재의 상속재산관리인·미성년 특별대리와 목적이 달라, 같은 가사비송이라도 URL을 나누는 편이 안전합니다. 상담 시 확인하는 내용 부산 부재자재산관리인 사건은 서류·관할·기한에 따라 진행 순서가 달라집니다. 다옴법무사사무소는 부산 해운",225,f9b6ec885d244b4a
/부산분양등기,"보존등기 이후 수분양자 명의이전과 잔금·담보가 이어질 때, 호실 목록·일정·서류를 정리한 뒤 가능 범위를 안내합니다. 보존등기 이후 수분양자 명의이전과 잔금·담보가 이어질 때, 호실 목록·일정·서류를 정리한 뒤 가능 범위를 안내합니다. 보존등기 이후 수분양자 명의이전과 잔금·담보가 이어질 때, 호실 목록·일정·서류를 정리한 뒤 가능 범위를 안내합니다. 상담 시 확인하는 내용 보존 이후 수분양자 이전, 목록과 잔금부터 맞춥니다 사건은 서류·관할·기한에 따라 진행 순서가 달라집니다. 다옴법무사사무소는 부산 해운대구·센텀에서 상속등기·부동산등기·법인등기·개인회생·파산 등을 다루며, 의뢰인 상황에 맞춰 절차와 비용을 알기 쉽게 설명합니다. 불확실한 부분은 추측으로 단정하지 않고, 확인된 사실을 바탕으로 안내드립니다. 전화·카카오톡·네이버 톡톡으로 간단히 상황을 남겨 주시면 필요한 준비부터 차분히 정리해 드리겠습니다. 보존이 끝나지 않아도 분양등기를 문의할 수 있나요? 가능합니다. 다만 보존",141,016dfd309a441810
/부산비영리법인변경등기,"비영리법인 변경등기는 정관·민법·시행령에 따라 주무관청 승인·허가가 필요한 항목이 있으며, 승인 후 등기 기한 내 접수해야 합니다. 임원만 바뀌는 경우에도 취임·사임 등기가 필요합니다. 비영리법인 변경등기는 정관·민법·시행령에 따라 주무관청 승인·허가가 필요한 항목이 있으며, 승인 후 등기 기한 내 접수해야 합니다. 임원만 바뀌는 경우에도 취임·사임 등기가 필요합니다. 비영리법인도 임원·주소·목적이 바뀌면 등기가 필요하며, 많은 경우 주무관청 변경허가·승인이 선행됩니다. 상담 시 확인하는 내용 부산 비영리법인 변경등기 사건은 서류·관할·기한에 따라 진행 순서가 달라집니다. 다옴법무사사무소는 부산 해운대구·센텀에서 상속등기·부동산등기·법인등기·개인회생·파산 등을 다루며, 의뢰인 상황에 맞춰 절차와 비용을 알기 쉽게 설명합니다. 불확실한 부분은 추측으로 단정하지 않고, 확인된 사실을 바탕으로 안내드립니다. 전화·카카오톡·네이버 톡톡으로 간단히 상황을 남겨 주시면 필요한 준비부터 차분히 ",153,2850e382901bad83
/부산비영리법인설립등기,"부산 비영리법인 설립은 주무관청 설립허가 후 민법 시행령상 기한 내 설립등기가 필요합니다. 법무사는 허가 이후 등기서류 작성·검토·접수 대리를 지원하며, 허가 신청 자체는 발기인·단체와 주무관청 간 행정 절차입니다. 부산 비영리법인 설립은 주무관청 설립허가 후 민법 시행령상 기한 내 설립등기가 필요합니다. 법무사는 허가 이후 등기서류 작성·검토·접수 대리를 지원하며, 허가 신청 자체는 발기인·단체와 주무관청 간 행정 절차입니다. 부산에 주사무소를 두는 비영리 사단법인·재단법인은 목적에 따라 주무관청이 달라지며, 허가 후 별도로 설립등기를 해야 합니다. 상담 시 확인하는 내용 부산 비영리법인 설립등기 사건은 서류·관할·기한에 따라 진행 순서가 달라집니다. 다옴법무사사무소는 부산 해운대구·센텀에서 상속등기·부동산등기·법인등기·개인회생·파산 등을 다루며, 의뢰인 상황에 맞춰 절차와 비용을 알기 쉽게 설명합니다. 불확실한 부분은 추측으로 단정하지 않고, 확인된 사실을 바탕으로 안내드립니다.",179,d25fb089d2b17f7c
/부산빌라매매등기,"부산 빌라·다세대 매매등기는 집합건물인지, 다가구·다세대 구분이 맞는지부터 확인하는 안내입니다. 부산 빌라·다세대 매매등기는 집합건물인지, 다가구·다세대 구분이 맞는지부터 확인하는 안내입니다. 부산 빌라·다세대 매매등기는 집합건물인지, 다가구·다세대 구분이 맞는지부터 확인하는 안내입니다. 상담 시 확인하는 내용 부산 빌라 매매등기 사건은 서류·관할·기한에 따라 진행 순서가 달라집니다. 다옴법무사사무소는 부산 해운대구·센텀에서 상속등기·부동산등기·법인등기·개인회생·파산 등을 다루며, 의뢰인 상황에 맞춰 절차와 비용을 알기 쉽게 설명합니다. 불확실한 부분은 추측으로 단정하지 않고, 확인된 사실을 바탕으로 안내드립니다. 전화·카카오톡·네이버 톡톡으로 간단히 상황을 남겨 주시면 필요한 준비부터 차분히 정리해 드리겠습니다. 빌라·다세대 매매등기는 아파트와 무엇이 다른가요? 소유권이전 구조는 같더라도 건축물대장·전유부분·다가구/다세대 구분처럼 확인할 공부가 달라질 수 있습니다. 다가구와 다세대",196,e2307a7987cbb395
/부산사단법인설립,"부산 사단법인 설립은 주무관청 설립허가 후 3주 이내 설립등기가 필요합니다(민법 시행령 제4조). 창립총회에서 정관 확정·임원 선임 후 등기서류를 준비합니다. 부산 사단법인 설립은 주무관청 설립허가 후 3주 이내 설립등기가 필요합니다(민법 시행령 제4조). 창립총회에서 정관 확정·임원 선임 후 등기서류를 준비합니다. 사단법인은 회원을 기본으로 하는 비영리법인으로, 협회·학회·문화·체육·복지 단체가 법인화할 때 많이 선택합니다. 상담 시 확인하는 내용 부산 사단법인 설립 사건은 서류·관할·기한에 따라 진행 순서가 달라집니다. 다옴법무사사무소는 부산 해운대구·센텀에서 상속등기·부동산등기·법인등기·개인회생·파산 등을 다루며, 의뢰인 상황에 맞춰 절차와 비용을 알기 쉽게 설명합니다. 불확실한 부분은 추측으로 단정하지 않고, 확인된 사실을 바탕으로 안내드립니다. 전화·카카오톡·네이버 톡톡으로 간단히 상황을 남겨 주시면 필요한 준비부터 차분히 정리해 드리겠습니다. 사단법인 최소 회원 수가 있나",153,850fe7540b35592b
/부산사업목적변경등기,"사업목적을 추가·변경하려면 정관 개정 결의 후 목적변경등기를 신청해야 합니다. 등기부 목적과 실제 사업이 다르면 계약·인허가·투자 검토에서 불이익이 생길 수 있습니다. 사업목적을 추가·변경하려면 정관 개정 결의 후 목적변경등기를 신청해야 합니다. 등기부 목적과 실제 사업이 다르면 계약·인허가·투자 검토에서 불이익이 생길 수 있습니다. 실제 영업 업종과 정관·등기부의 사업목적이 다르면 입찰·대출·투자 실사에서 지적받을 수 있습니다. 상담 시 확인하는 내용 부산 사업목적 변경등기 사건은 서류·관할·기한에 따라 진행 순서가 달라집니다. 다옴법무사사무소는 부산 해운대구·센텀에서 상속등기·부동산등기·법인등기·개인회생·파산 등을 다루며, 의뢰인 상황에 맞춰 절차와 비용을 알기 쉽게 설명합니다. 불확실한 부분은 추측으로 단정하지 않고, 확인된 사실을 바탕으로 안내드립니다. 전화·카카오톡·네이버 톡톡으로 간단히 상황을 남겨 주시면 필요한 준비부터 차분히 정리해 드리겠습니다. 목적을 많이 넣어두면 ",158,77c5549a01c5d2eb
/부산사회복지기관강사,"복지·자립지원 현장에서 자주 마주치는 계약·주거·금전·관계 이슈를, 법령 나열이 아니라 ‘지금 확인할 포인트’ 중심으로 정리하는 교육입니다. 종사자와 이용자 눈높이가 다르다는 점을 전제로, 기관 프로그램 목적에 맞춰 모듈을 고릅니다. 복지·자립지원 현장에서 자주 마주치는 계약·주거·금전·관계 이슈를, 법령 나열이 아니라 ‘지금 확인할 포인트’ 중심으로 정리하는 교육입니다. 종사자와 이용자 눈높이가 다르다는 점을 전제로, 기관 프로그램 목적에 맞춰 모듈을 고릅니다. 복지·자립지원 현장에서 자주 마주치는 계약·주거·금전·관계 이슈를, 법령 나열이 아니라 ‘지금 확인할 포인트’ 중심으로 정리하는 교육입니다. 종사자와 이용자 눈높이가 다르다는 점을 전제로, 기관 프로그램 목적에 맞춰 모듈을 고릅니다. 상담 시 확인하는 내용 부산 사회복지기관 강사 사건은 서류·관할·기한에 따라 진행 순서가 달라집니다. 다옴법무사사무소는 부산 해운대구·센텀에서 상속등기·부동산등기·법인등기·개인회생·파산 등을 ",248,1d601c1cb3f7b3fd
/부산사회복지법인등기,"부산 사회복지법인은 부산광역시장 인가 후 부산 관할 등기소에 설립·변경등기를 합니다. 법무사는 등기 단계를 지원합니다. 부산 사회복지법인은 부산광역시장 인가 후 부산 관할 등기소에 설립·변경등기를 합니다. 법무사는 등기 단계를 지원합니다. 부산에 주사무소·시설을 두는 사회복지법인은 부산광역시장의 설립인가·변경인가 후 관할 등기소에 등기합니다. 상담 시 확인하는 내용 부산 사회복지법인 등기 사건은 서류·관할·기한에 따라 진행 순서가 달라집니다. 다옴법무사사무소는 부산 해운대구·센텀에서 상속등기·부동산등기·법인등기·개인회생·파산 등을 다루며, 의뢰인 상황에 맞춰 절차와 비용을 알기 쉽게 설명합니다. 불확실한 부분은 추측으로 단정하지 않고, 확인된 사실을 바탕으로 안내드립니다. 전화·카카오톡·네이버 톡톡으로 간단히 상황을 남겨 주시면 필요한 준비부터 차분히 정리해 드리겠습니다. 전국 단위 복지법인도 부산에서 등기하나요? 주사무소 소재지 관할 등기소에 접수합니다. 부산 사회복지법인 등기 상",133,17d0a2e596baa1a7
/부산사회적협동조합설립,"부산 사회적협동조합은 설립 인가 후 1월 이내 설립등기가 필요합니다. 법무사는 인가 이후 등기와 서류 작성·접수를 지원하며, 인가 신청은 조합 설립 준비위원회의 행정 절차입니다. 부산 사회적협동조합은 설립 인가 후 1월 이내 설립등기가 필요합니다. 법무사는 인가 이후 등기와 서류 작성·접수를 지원하며, 인가 신청은 조합 설립 준비위원회의 행정 절차입니다. 사회적협동조합은 사회적협동조합법에 따른 조합으로, 설립 인가 후 별도로 법인 설립등기를 해야 합니다. 상담 시 확인하는 내용 부산 사회적협동조합 설립 사건은 서류·관할·기한에 따라 진행 순서가 달라집니다. 다옴법무사사무소는 부산 해운대구·센텀에서 상속등기·부동산등기·법인등기·개인회생·파산 등을 다루며, 의뢰인 상황에 맞춰 절차와 비용을 알기 쉽게 설명합니다. 불확실한 부분은 추측으로 단정하지 않고, 확인된 사실을 바탕으로 안내드립니다. 전화·카카오톡·네이버 톡톡으로 간단히 상황을 남겨 주시면 필요한 준비부터 차분히 정리해 드리겠습니",159,8df2e8ddb580a263
/부산상가등기,"부산 상가등기 관련 문의가 늘고 있습니다. 상가·점포 매매·상속 재개발·재건축·신축 분양·토지 상속 등은 일반 매매와 권리 관계가 다릅니다. 남포동, 중앙동 일대 사건도 조합원 지위·분양권·저당권·상속인 협의가 겹치면 절차가 복잡해집니다. 다옴법무사사무소는 임대차·권리금·시설물 포함 여부 대지권·건물 지분 등 실무 포인트를 중심으로 상담·진행합니다. 부산 상가등기 관련 문의가 늘고 있습니다. 상가·점포 매매·상속 재개발·재건축·신축 분양·토지 상속 등은 일반 매매와 권리 관계가 다릅니다. 남포동, 중앙동 일대 사건도 조합원 지위·분양권·저당권·상속인 협의가 겹치면 절차가 복잡해집니다. 다옴법무사사무소는 임대차·권리금·시설물 포함 여부 대지권·건물 지분 등 실무 포인트를 중심으로 상담·진행합니다. 부산 상가등기 — 상가·점포 매매·상속. 다옴법무사사무소 안윤정 법무사. 남포동, 중앙동 상담. 비용 안내 부산 상가등기 비용은 부동산 가액·말소 등기·상속인 수에 따라 다릅니다. 상담 후 ",287,06edfcdc3a3b3e8b
/부산상가매매등기,"부산 상가 매매등기는 점포·집합상가의 소유권이전과 임대차·권리금 확인이 겹치는 안내입니다. 부산 상가 매매등기는 점포·집합상가의 소유권이전과 임대차·권리금 확인이 겹치는 안내입니다. 부산 상가 매매등기는 점포·집합상가의 소유권이전과 임대차·권리금 확인이 겹치는 안내입니다. 상담 시 확인하는 내용 부산 상가 매매등기 사건은 서류·관할·기한에 따라 진행 순서가 달라집니다. 다옴법무사사무소는 부산 해운대구·센텀에서 상속등기·부동산등기·법인등기·개인회생·파산 등을 다루며, 의뢰인 상황에 맞춰 절차와 비용을 알기 쉽게 설명합니다. 불확실한 부분은 추측으로 단정하지 않고, 확인된 사실을 바탕으로 안내드립니다. 전화·카카오톡·네이버 톡톡으로 간단히 상황을 남겨 주시면 필요한 준비부터 차분히 정리해 드리겠습니다. 상가 매매등기에서 권리금은 어떻게 다루나요? 권리금은 보통 등기 신청 필수사항이 아닙니다. 다만 계약·정산과 연결되므로 잔금 전 확인이 필요합니다. 임차인이 있는 상가도 이전이 되나요? ",192,b9fc6d0cba9bea83
/부산상속등기,"상속등기를 검색하는 이유는 ‘명의를 바꿔야 팔거나 담보·전세를 진행할 수 있어서’인 경우가 많습니다. 그런데 상속인 연락이 안 되거나, 일부만 포기하거나, 근저당·가압류가 남아 있으면 서류와 순서가 달라집니다. 부산 상속등기 상담의 첫 확인은 ①상속인 전원 ②부동산 권리관계 ③단순승인으로 봐도 되는지입니다. 채무가 걱정되면 등기 접수 전에 한정승인·포기를 검토하고, 등기 실무만 필요할 때 이 페이지의 서류·관할 안내를 따릅니다. 해외 거주 상속인은 위임·인증이 추가되고, 미성년은 특별대리 이슈가 있을 수 있습니다. 오래된 미등기 상속재산은 권리 확인이 길어질 수 있어 일정 단정을 피합니다. 토지·아파트·상가·농지는 취득세·농지법·임대차 승계 이슈가 달라질 수 있어 물건 유형을 먼저 말해주시면 서류 목록이 정확해집니다. 이해를 위한 가상 예시로, 형제 공동상속 아파트를 한 사람 명의로 모으려면 분할협의서와 인감이 맞아야 접수가 됩니다. 부산은 등기국·동부지원 등기과·남부산등기소·서부지",809,fd373f7df0c40103
/부산상속등기전문,"상속등기 상담 전에는 ‘전문’이라는 말보다 실무 경험, 사건 검토 방식, 절차 안내가 구체적인지 확인하시는 편이 좋습니다. 상속은 가족 구성·채무·부동산 권리관계에 따라 필요한 절차가 크게 달라집니다. 상속등기 상담 전에는 ‘전문’이라는 말보다 실무 경험, 사건 검토 방식, 절차 안내가 구체적인지 확인하시는 편이 좋습니다. 상속은 가족 구성·채무·부동산 권리관계에 따라 필요한 절차가 크게 달라집니다. 상속등기 상담 전에는 ‘전문’이라는 말보다 실무 경험, 사건 검토 방식, 절차 안내가 구체적인지 확인하시는 편이 좋습니다. 상속은 가족 구성·채무·부동산 권리관계에 따라 필요한 절차가 크게 달라집니다. 상담 시 확인하는 내용 상속등기 상담 전 확인사항 사건은 서류·관할·기한에 따라 진행 순서가 달라집니다. 다옴법무사사무소는 부산 해운대구·센텀에서 상속등기·부동산등기·법인등기·개인회생·파산 등을 다루며, 의뢰인 상황에 맞춰 절차와 비용을 알기 쉽게 설명합니다. 불확실한 부분은 추측으로 단",263,629b6e0723ccf430
/부산상속등기전문법무사,"부산 상속등기전문 법무사 검색은 부동산 명의를 바꾸는 일에 초점이 맞춰진 경우가 많습니다. 이 페이지는 등기 접수보다 먼저, 협의분할 내용과 상속인 지분이 정확히 정리되었는지부터 확인하는 업무 선택 안내입니다. 부산 상속등기전문 법무사 검색은 부동산 명의를 바꾸는 일에 초점이 맞춰진 경우가 많습니다. 이 페이지는 등기 접수보다 먼저, 협의분할 내용과 상속인 지분이 정확히 정리되었는지부터 확인하는 업무 선택 안내입니다. 부산 상속등기전문 법무사 검색은 부동산 명의를 바꾸는 일에 초점이 맞춰진 경우가 많습니다. 이 페이지는 등기 접수보다 먼저, 협의분할 내용과 상속인 지분이 정확히 정리되었는지부터 확인하는 업무 선택 안내입니다. 상담 시 확인하는 내용 부산 상속등기전문 법무사 사건은 서류·관할·기한에 따라 진행 순서가 달라집니다. 다옴법무사사무소는 부산 해운대구·센텀에서 상속등기·부동산등기·법인등기·개인회생·파산 등을 다루며, 의뢰인 상황에 맞춰 절차와 비용을 알기 쉽게 설명합니다. 불",196,4155bc0befb7ecb2
/부산상속법무사,"부산에서 상속 법무사를 찾는 이유는 대개 부모님 명의 아파트·토지·예금을 정리해야 하기 때문입니다. 그런데 상속등기만 생각하다가 모르는 채무로 단순승인해 버리면 나중에 변제 책임이 생길 수 있습니다. 반대로 상속포기를 서두르다가 남겨 둘 재산과 유류분·협의 문제를 놓치기도 합니다. 부산 상속전문 법무사를 찾을 때 확인할 점은 자격 표방이 아니라, 상속등기·포기·한정승인을 어떻게 고를지입니다. 가족관계·등기부·금융 채무를 함께 보며 어떤 조합이 맞는지 정리하고, 등기 실무는 부산 상속등기, 채무 한도 절차는 부산 한정승인, 포기만 볼 때는 부산 상속포기로 연결합니다. 첫 번째로 확인할 사실은 사망일(또는 인지일)과 상속인 범위입니다. 상황이 달라지는 조건은 채무 불명확, 상속인 연락두절, 해외·미성년 상속인, 재혼가정, 상속인 중 한 명의 사망(대습), 근저당이 있는 부동산입니다. 오래된 미등기 상속재산이나 30년 이상 방치된 토지는 권리관계 확인이 길어질 수 있어 등기만 따로 보지 ",1431,92f6ed6e0fa179f4
/부산상속법무사추천,"부산 상속 법무사 추천 검색 시, 키워드만 보고 결정하기보다 상속등기·포기·한정승인 상담에 맞는 서류·기한·관할·비용을 먼저 확인하는 것이 안전합니다. 부산 상속 법무사 추천 검색 시, 키워드만 보고 결정하기보다 상속등기·포기·한정승인 상담에 맞는 서류·기한·관할·비용을 먼저 확인하는 것이 안전합니다. 부산 상속 법무사 추천 검색 시, 키워드만 보고 결정하기보다 상속등기·포기·한정승인 상담에 맞는 서류·기한·관할·비용을 먼저 확인하는 것이 안전합니다. 상담 시 확인하는 내용 부산 상속 법무사 추천 사건은 서류·관할·기한에 따라 진행 순서가 달라집니다. 다옴법무사사무소는 부산 해운대구·센텀에서 상속등기·부동산등기·법인등기·개인회생·파산 등을 다루며, 의뢰인 상황에 맞춰 절차와 비용을 알기 쉽게 설명합니다. 불확실한 부분은 추측으로 단정하지 않고, 확인된 사실을 바탕으로 안내드립니다. 전화·카카오톡·네이버 톡톡으로 간단히 상황을 남겨 주시면 필요한 준비부터 차분히 정리해 드리겠습니다. ",324,f74dfa606dc3a68e
/부산상속재산관리인,"상속이 개시됐는데 상속인이 없거나, 있는지 불명확해 재산을 관리·청산할 사람이 필요할 때 ‘상속재산관리인’을 검색합니다. 상속포기·한정승인(상속인 선택이 있는 경우), 부재자재산관리인(특정 부재자), 상속재산 파산과는 목적이 다릅니다. 상속이 개시됐는데 상속인이 없거나, 있는지 불명확해 재산을 관리·청산할 사람이 필요할 때 ‘상속재산관리인’을 검색합니다. 상속포기·한정승인(상속인 선택이 있는 경우), 부재자재산관리인(특정 부재자), 상속재산 파산과는 목적이 다릅니다. 상속이 개시됐는데 상속인이 없거나, 있는지 불명확해 재산을 관리·청산할 사람이 필요할 때 ‘상속재산관리인’을 검색합니다. 상속포기·한정승인(상속인 선택이 있는 경우), 부재자재산관리인(특정 부재자), 상속재산 파산과는 목적이 다릅니다. 상담 시 확인하는 내용 부산 상속재산관리인 사건은 서류·관할·기한에 따라 진행 순서가 달라집니다. 다옴법무사사무소는 부산 해운대구·센텀에서 상속등기·부동산등기·법인등기·개인회생·파산 등을",199,31a7a970cef7b56f
/부산상속재산분할법무사,"연락되지 않는 상속인, 미성년 상속인, 해외 거주 상속인이 있으면 협의분할이 지연됩니다. 협의가 안 되면 가정법원 절차를 검토해야 할 수 있고, 법무사 안내와 소송 대리를 구분해야 합니다. 협의서 작성 시 부동산 표시·지분·정산금·인수 채무를 명확히 하지 않으면 등기·세금에서 보정이나 분쟁이 이어질 수 있습니다. 연락되지 않는 상속인, 미성년 상속인, 해외 거주 상속인이 있으면 협의분할이 지연됩니다. 협의가 안 되면 가정법원 절차를 검토해야 할 수 있고, 법무사 안내와 소송 대리를 구분해야 합니다. 협의서 작성 시 부동산 표시·지분·정산금·인수 채무를 명확히 하지 않으면 등기·세금에서 보정이나 분쟁이 이어질 수 있습니다. 부산 상속재산분할 상담은 형제·자매가 부동산을 누가 받을지, 현금으로 정산할지, 공동명의로 둘지를 정하지 못해 시작하는 경우가 많습니다. 이런 경우 필요한 절차입니다 부산에서 아래와 같은 상황이면 부산 상속재산분할 법무사 절차를 검토해 보시면 좋습니다. 등기부·계약",375,3ff39b33cdae9f2f
/부산상속전문법무사,"상속등기부터 떠올리기 쉽지만, 실제로는 상속포기·한정승인처럼 3개월 기한이 걸린 선택이 먼저일 수 있습니다. 이 페이지는 등기·포기·한정승인 중 어디가 지금 필요한지 가른 뒤 대표 안내로 연결합니다. 상속등기부터 떠올리기 쉽지만, 실제로는 상속포기·한정승인처럼 3개월 기한이 걸린 선택이 먼저일 수 있습니다. 이 페이지는 등기·포기·한정승인 중 어디가 지금 필요한지 가른 뒤 대표 안내로 연결합니다. 상속등기부터 떠올리기 쉽지만, 실제로는 상속포기·한정승인처럼 3개월 기한이 걸린 선택이 먼저일 수 있습니다. 이 페이지는 등기·포기·한정승인 중 어디가 지금 필요한지 가른 뒤 대표 안내로 연결합니다. 상담 시 확인하는 내용 상속등기·포기·한정승인 첫 분기 사건은 서류·관할·기한에 따라 진행 순서가 달라집니다. 다옴법무사사무소는 부산 해운대구·센텀에서 상속등기·부동산등기·법인등기·개인회생·파산 등을 다루며, 의뢰인 상황에 맞춰 절차와 비용을 알기 쉽게 설명합니다. 불확실한 부분은 추측으로 단",204,0fdac328fa7aca9a
/부산상속포기,"상속포기를 검색하는 이유는 보통 채무가 재산보다 크다고 느껴지거나, 가족 중 일부가 상속을 원치 않을 때입니다. 그런데 선순위가 모두 포기하면 부모·형제 등 후순위에게 채무가 넘어갈 수 있어, ‘나만 포기하면 끝’이 아닌 경우가 많습니다. 부산 상속포기 상담에서는 인지일·상속인 명단·확인된 채무·처분 이력을 보고, 포기와 한정승인 중 무엇을 할지 가립니다. 이미 예금을 쓰거나 부동산을 처분했다면 단순승인으로 볼 여지가 있는지 먼저 점검합니다. 미성년 상속인 포기는 특별대리 등 추가 절차가 필요할 수 있습니다. 해외 거주 상속인이 함께 있으면 위임·공증 일정이 3개월 기한과 겹치는지 확인합니다. 상황을 단순화한 예시로, 자녀가 모두 포기하면 피상속인의 부모·형제 순으로 넘어갈 수 있어 사전 안내가 중요합니다. 가정법원 신고와 부동산 등기는 접수처가 다르므로, 포기 후 다른 상속인이 등기할 때와 역할을 나눕니다. 기한이 임박하면 사실관계 확인과 서류 준비를 같은 주에 진행하는 것이 안전",901,bd650636a6c94e66
/부산상속포기전문법무사,"부산 상속포기전문 법무사 검색은 채무가 재산보다 크거나, 상속받을 실익이 거의 없다고 느껴질 때 자주 나타납니다. 이 페이지는 포기라는 결정을 서두르기 전에 먼저 확인할 순서를 정리한 업무 선택 안내입니다. 부산 상속포기전문 법무사 검색은 채무가 재산보다 크거나, 상속받을 실익이 거의 없다고 느껴질 때 자주 나타납니다. 이 페이지는 포기라는 결정을 서두르기 전에 먼저 확인할 순서를 정리한 업무 선택 안내입니다. 부산 상속포기전문 법무사 검색은 채무가 재산보다 크거나, 상속받을 실익이 거의 없다고 느껴질 때 자주 나타납니다. 이 페이지는 포기라는 결정을 서두르기 전에 먼저 확인할 순서를 정리한 업무 선택 안내입니다. 상담 시 확인하는 내용 부산 상속포기전문 법무사 사건은 서류·관할·기한에 따라 진행 순서가 달라집니다. 다옴법무사사무소는 부산 해운대구·센텀에서 상속등기·부동산등기·법인등기·개인회생·파산 등을 다루며, 의뢰인 상황에 맞춰 절차와 비용을 알기 쉽게 설명합니다. 불확실한 부분",210,2b4210f8f3186470
/부산상속후매매등기,"부산 상속 후 매매등기는 상속등기 후 매매 소유권이전을(를) 찾는 분이 상담 전 절차와 서류를 확인하기 위한 안내입니다. 부산 상속 후 매매등기는 상속등기 후 매매 소유권이전을(를) 찾는 분이 상담 전 절차와 서류를 확인하기 위한 안내입니다. 부산 상속 후 매매등기는 상속등기 후 매매 소유권이전을(를) 찾는 분이 상담 전 절차와 서류를 확인하기 위한 안내입니다. 상담 시 확인하는 내용 부산 상속 후 매매등기 사건은 서류·관할·기한에 따라 진행 순서가 달라집니다. 다옴법무사사무소는 부산 해운대구·센텀에서 상속등기·부동산등기·법인등기·개인회생·파산 등을 다루며, 의뢰인 상황에 맞춰 절차와 비용을 알기 쉽게 설명합니다. 불확실한 부분은 추측으로 단정하지 않고, 확인된 사실을 바탕으로 안내드립니다. 전화·카카오톡·네이버 톡톡으로 간단히 상황을 남겨 주시면 필요한 준비부터 차분히 정리해 드리겠습니다. 상속등기 없이 바로 매매할 수 있나요? 사안에 따라 상속등기 또는 상속관계 정리가 먼저 필요",229,005329cd4454f872
/부산상호변경등기,"상호변경등기는 주주총회 결의·정관 개정 후 새 상호를 등기부에 반영하는 절차입니다. 등기 전 상호 가용성을 확인하고, 등기 완료 후 사업자등록·금융·계약 명칭을 맞춰야 대외 불일치를 줄일 수 있습니다. 상호변경등기는 주주총회 결의·정관 개정 후 새 상호를 등기부에 반영하는 절차입니다. 등기 전 상호 가용성을 확인하고, 등기 완료 후 사업자등록·금융·계약 명칭을 맞춰야 대외 불일치를 줄일 수 있습니다. 상호(회사명)를 바꾸려면 정관 개정과 상호변경등기가 필요합니다. 간판·명함만 바꿔서는 등기부 상호가 바뀌지 않습니다. 상담 시 확인하는 내용 부산 상호변경등기 사건은 서류·관할·기한에 따라 진행 순서가 달라집니다. 다옴법무사사무소는 부산 해운대구·센텀에서 상속등기·부동산등기·법인등기·개인회생·파산 등을 다루며, 의뢰인 상황에 맞춰 절차와 비용을 알기 쉽게 설명합니다. 불확실한 부분은 추측으로 단정하지 않고, 확인된 사실을 바탕으로 안내드립니다. 전화·카카오톡·네이버 톡톡으로 간단히 상황",161,a7ed33ccece9172f
/부산선박등기,부산 선박등기 관련 문의는 검색 키워드만으로 절차가 결정되지 않는 경우가 많습니다. 선박·어선 소유권 이전·저당 등 선박 등기를 지원합니다. 부산 항만·해운 업체 상담을 안내합니다. 부산광역시 전역 상속등기·부동산등기·법인등기·개인회생·파산 등 법무사 업무를 다루는 핵심 지역입니다. 다옴법무사사무소는 상황을 듣고 다음 단계부터 정리합니다. 부산 선박등기 관련 문의는 검색 키워드만으로 절차가 결정되지 않는 경우가 많습니다. 선박·어선 소유권 이전·저당 등 선박 등기를 지원합니다. 부산 항만·해운 업체 상담을 안내합니다. 부산광역시 전역 상속등기·부동산등기·법인등기·개인회생·파산 등 법무사 업무를 다루는 핵심 지역입니다. 다옴법무사사무소는 상황을 듣고 다음 단계부터 정리합니다. 부산광역시 전역 상속등기·부동산등기·법인등기·개인회생·파산 등 법무사 업무를 다루는 핵심 지역입니다. 선박·어선 소유권 이전·저당 등 선박 등기를 지원합니다. 부산 항만·해운 업체 상담을 안내합니다. 선박등기 법,449,98028dcd31e5e154
/부산셀프등기,"부산 셀프등기는 인터넷등기소·창구 신청을 본인이 직접 하려는 분들이 찾는 검색어입니다. 모든 사건을 셀프로 하기 어렵거나, 반대로 단순한 사건은 직접 처리할 수도 있습니다. 부산 셀프등기는 인터넷등기소·창구 신청을 본인이 직접 하려는 분들이 찾는 검색어입니다. 모든 사건을 셀프로 하기 어렵거나, 반대로 단순한 사건은 직접 처리할 수도 있습니다. 부산 셀프등기는 인터넷등기소·창구 신청을 본인이 직접 하려는 분들이 찾는 검색어입니다. 모든 사건을 셀프로 하기 어렵거나, 반대로 단순한 사건은 직접 처리할 수도 있습니다. 상담 시 확인하는 내용 부산 셀프 등기 사건은 서류·관할·기한에 따라 진행 순서가 달라집니다. 다옴법무사사무소는 부산 해운대구·센텀에서 상속등기·부동산등기·법인등기·개인회생·파산 등을 다루며, 의뢰인 상황에 맞춰 절차와 비용을 알기 쉽게 설명합니다. 불확실한 부분은 추측으로 단정하지 않고, 확인된 사실을 바탕으로 안내드립니다. 전화·카카오톡·네이버 톡톡으로 간단히 상황을 ",280,817be5f6156b37e4
/부산소유권이전등기,"소유권이전등기는 부동산 거래·증여·상속의 마지막 단계이지만, 실무에서는 가장 자주 지연되는 부분이기도 합니다. 부산 아파트 소유권이전등기를 검색하시는 분들은 잔금 영수증은 있는데 등기부에 근저당이 남아 있다거나, 증여세 신고와 등기 일정이 맞지 않거나, 상속인 여럿이 협의서 없이 진행하려다 막히는 경우가 많습니다. 원인별로 등기 원인증서·세금·말소 순서가 다르므로 ‘부산 매매등기’만 보고 증여·상속 서류를 준비하면 보정이 발생합니다. 부동산등기 전반·유형별 안내는 부산 부동산등기 허브와 함께 보시면 순서를 잡기 쉽습니다. 소유권이전등기는 부동산 거래·증여·상속의 마지막 단계이지만, 실무에서는 가장 자주 지연되는 부분이기도 합니다. 부산 아파트 소유권이전등기를 검색하시는 분들은 잔금 영수증은 있는데 등기부에 근저당이 남아 있다거나, 증여세 신고와 등기 일정이 맞지 않거나, 상속인 여럿이 협의서 없이 진행하려다 막히는 경우가 많습니다. 원인별로 등기 원인증서·세금·말소 순서가 다르므로 ",555,7bd8517c49ef5671
/부산소유권이전전문법무사,"부산 소유권이전전문 법무사로 문의하는 경우에도 소유자가 바뀐다는 결과는 같지만 그 원인이 매매인지, 증여인지, 상속인지에 따라 필요한 자료와 선행 확인이 달라집니다. 이 페이지는 결과보다 원인을 먼저 가르는 업무 선택 안내입니다. 부산 소유권이전전문 법무사로 문의하는 경우에도 소유자가 바뀐다는 결과는 같지만 그 원인이 매매인지, 증여인지, 상속인지에 따라 필요한 자료와 선행 확인이 달라집니다. 이 페이지는 결과보다 원인을 먼저 가르는 업무 선택 안내입니다. 부산 소유권이전전문 법무사로 문의하는 경우에도 소유자가 바뀐다는 결과는 같지만 그 원인이 매매인지, 증여인지, 상속인지에 따라 필요한 자료와 선행 확인이 달라집니다. 이 페이지는 결과보다 원인을 먼저 가르는 업무 선택 안내입니다. 상담 시 확인하는 내용 부산 소유권이전전문 법무사 사건은 서류·관할·기한에 따라 진행 순서가 달라집니다. 다옴법무사사무소는 부산 해운대구·센텀에서 상속등기·부동산등기·법인등기·개인회생·파산 등을 다루며,",227,881df7cedab360a6
/부산스타트업법무사,"창업자가 자주 놓치는 법률 실수는 ①사업목적을 너무 좁게 적어 이후 변경등기가 반복되는 경우 ②공동창업 지분을 구두로만 정하는 경우 ③임원 구성을 실제 운영과 다르게 등기하는 경우입니다. 주주간 약정은 필요성을 안내하되, 고난도 계약 협상은 범위를 구분합니다. 다옴법무사사무소는 창업 법률교육·강의 경험도 있어 용어보다 행동 순서로 설명합니다. 창업자가 자주 놓치는 법률 실수는 ①사업목적을 너무 좁게 적어 이후 변경등기가 반복되는 경우 ②공동창업 지분을 구두로만 정하는 경우 ③임원 구성을 실제 운영과 다르게 등기하는 경우입니다. 주주간 약정은 필요성을 안내하되, 고난도 계약 협상은 범위를 구분합니다. 다옴법무사사무소는 창업 법률교육·강의 경험도 있어 용어보다 행동 순서로 설명합니다. 부산 스타트업 법무사 상담은 센텀·해운대 창업팀이 개인사업자와 법인 선택, 공동창업자 지분, 사업목적, 설립등기 순서를 물을 때 가장 많습니다. 이런 경우 필요한 절차입니다 부산에서 아래와 같은 상황이면 ",386,09dcee542635ad72
/부산시행사등기,"신축 보존, 수분양자 이전, 사업비·중도금 담보가 한 일정에 얽힐 때, 건수·권리구조·일정을 확인한 뒤 가능 범위를 안내합니다. 신축 보존, 수분양자 이전, 사업비·중도금 담보가 한 일정에 얽힐 때, 건수·권리구조·일정을 확인한 뒤 가능 범위를 안내합니다. 신축 보존, 수분양자 이전, 사업비·중도금 담보가 한 일정에 얽힐 때, 건수·권리구조·일정을 확인한 뒤 가능 범위를 안내합니다. 상담 시 확인하는 내용 보존에서 분양·담보까지, 프로젝트 일정을 맞춥니다 사건은 서류·관할·기한에 따라 진행 순서가 달라집니다. 다옴법무사사무소는 부산 해운대구·센텀에서 상속등기·부동산등기·법인등기·개인회생·파산 등을 다루며, 의뢰인 상황에 맞춰 절차와 비용을 알기 쉽게 설명합니다. 불확실한 부분은 추측으로 단정하지 않고, 확인된 사실을 바탕으로 안내드립니다. 전화·카카오톡·네이버 톡톡으로 간단히 상황을 남겨 주시면 필요한 준비부터 차분히 정리해 드리겠습니다. 보존과 분양 이전을 한곳에서 조율하나요? 연",147,a7776704dd8ffbd4
/부산신축건물보존등기,"보존등기(소유권보존등기)는 완공된 건물의 소유권을 처음 등기부에 기록하는 절차입니다. 기존 건물을 사고팔 때 진행하는 소유권이전등기와 달리, 신축·신설된 건물에 등기부가 아직 없거나 소유권 표시가 없을 때 건축주 명의로 최초 등기를 하는 흐름으로 이해하시면 됩니다. 아파트·오피스텔·상가 등 집합건물은 전유부분과 공용부분, 대지권 표시가 함께 검토됩니다. 단독주택·다가구·근린생활시설·공장·창고 등 일반건물은 건물 표시와 토지·대지권 관계를 중심으로 서류가 정리됩니다. 증축·개축으로 새로 생긴 부분만 보존등기가 필요한 경우도 있어, 건축허가·사용승인 내용과 건축물대장 표시를 대조하는 것이 중요합니다. 보존등기가 끝나야 이후 매매·증여·담보 설정 등기로 이어질 수 있는 경우가 많습니다. 보존등기(소유권보존등기)는 완공된 건물의 소유권을 처음 등기부에 기록하는 절차입니다. 기존 건물을 사고팔 때 진행하는 소유권이전등기와 달리, 신축·신설된 건물에 등기부가 아직 없거나 소유권 표시가 없을 때",449,c701d23a81fe87eb
/부산신축아파트소유권이전등기,"부산 신축아파트 소유권이전등기 관련 문의가 늘고 있습니다. 분양·입주 후 최초 등기 재개발·재건축·신축 분양·토지 상속 등은 일반 매매와 권리 관계가 다릅니다. 강서구, 기장군 일대 사건도 조합원 지위·분양권·저당권·상속인 협의가 겹치면 절차가 복잡해집니다. 다옴법무사사무소는 분양계약·대출·중도금 일정과 등기 연동 공동주택 대지권 확인 등 실무 포인트를 중심으로 상담·진행합니다. 부산 신축아파트 소유권이전등기 관련 문의가 늘고 있습니다. 분양·입주 후 최초 등기 재개발·재건축·신축 분양·토지 상속 등은 일반 매매와 권리 관계가 다릅니다. 강서구, 기장군 일대 사건도 조합원 지위·분양권·저당권·상속인 협의가 겹치면 절차가 복잡해집니다. 다옴법무사사무소는 분양계약·대출·중도금 일정과 등기 연동 공동주택 대지권 확인 등 실무 포인트를 중심으로 상담·진행합니다. 부산 신축아파트 소유권이전등기 — 분양·입주 후 최초 등기. 다옴법무사사무소 안윤정 법무사. 강서구, 기장군 상담. 비용 안내 부",270,715422fce7b0ba48
/부산신탁등기,"부산 신탁등기는 신탁부동산 등기와 이전·말소을(를) 찾는 분이 상담 전 절차와 서류를 확인하기 위한 안내입니다. 부산 신탁등기는 신탁부동산 등기와 이전·말소을(를) 찾는 분이 상담 전 절차와 서류를 확인하기 위한 안내입니다. 부산 신탁등기는 신탁부동산 등기와 이전·말소을(를) 찾는 분이 상담 전 절차와 서류를 확인하기 위한 안내입니다. 상담 시 확인하는 내용 부산 신탁등기 사건은 서류·관할·기한에 따라 진행 순서가 달라집니다. 다옴법무사사무소는 부산 해운대구·센텀에서 상속등기·부동산등기·법인등기·개인회생·파산 등을 다루며, 의뢰인 상황에 맞춰 절차와 비용을 알기 쉽게 설명합니다. 불확실한 부분은 추측으로 단정하지 않고, 확인된 사실을 바탕으로 안내드립니다. 전화·카카오톡·네이버 톡톡으로 간단히 상황을 남겨 주시면 필요한 준비부터 차분히 정리해 드리겠습니다. 신탁등기는 일반 소유권이전과 무엇이 다른가요? 신탁원부와 신탁계약, 수탁자 권한을 함께 확인해야 합니다. 일반 매매보다 서류 구",235,dbf7d68f687719ac
/부산아파트매매등기,"부산 아파트 매매등기는 아파트(집합건물)를 매매하고 잔금일에 소유권이전등기를 진행하는 실무를 가리키는 검색어입니다. 부산 아파트 매매등기는 아파트(집합건물)를 매매하고 잔금일에 소유권이전등기를 진행하는 실무를 가리키는 검색어입니다. 부산 아파트 매매등기는 아파트(집합건물)를 매매하고 잔금일에 소유권이전등기를 진행하는 실무를 가리키는 검색어입니다. 상담 시 확인하는 내용 부산 아파트 매매등기 사건은 서류·관할·기한에 따라 진행 순서가 달라집니다. 다옴법무사사무소는 부산 해운대구·센텀에서 상속등기·부동산등기·법인등기·개인회생·파산 등을 다루며, 의뢰인 상황에 맞춰 절차와 비용을 알기 쉽게 설명합니다. 불확실한 부분은 추측으로 단정하지 않고, 확인된 사실을 바탕으로 안내드립니다. 전화·카카오톡·네이버 톡톡으로 간단히 상황을 남겨 주시면 필요한 준비부터 차분히 정리해 드리겠습니다. 아파트 매매등기는 일반 매매등기와 무엇이 다른가요? 아파트는 집합건물이라 대지권이 함께 이전되는지, 관리비 정",325,0e198d8d82cd0352
/부산압류말소등기,"부산 압류말소등기는 세금·집행 압류 말소을(를) 찾는 분이 상담 전 절차와 서류를 확인하기 위한 안내입니다. 부산 압류말소등기는 세금·집행 압류 말소을(를) 찾는 분이 상담 전 절차와 서류를 확인하기 위한 안내입니다. 부산 압류말소등기는 세금·집행 압류 말소을(를) 찾는 분이 상담 전 절차와 서류를 확인하기 위한 안내입니다. 상담 시 확인하는 내용 부산 압류말소등기 사건은 서류·관할·기한에 따라 진행 순서가 달라집니다. 다옴법무사사무소는 부산 해운대구·센텀에서 상속등기·부동산등기·법인등기·개인회생·파산 등을 다루며, 의뢰인 상황에 맞춰 절차와 비용을 알기 쉽게 설명합니다. 불확실한 부분은 추측으로 단정하지 않고, 확인된 사실을 바탕으로 안내드립니다. 전화·카카오톡·네이버 톡톡으로 간단히 상황을 남겨 주시면 필요한 준비부터 차분히 정리해 드리겠습니다. 압류와 가압류는 무엇이 다른가요? 압류는 체납·집행과 연결되는 경우가 많고 가압류는 보전처분인 경우가 많습니다. 말소 기관과 서류가 달",224,9393737bb8aaaba5
/부산여성법무사,부산 여성 법무사 관련 문의는 검색 키워드만으로 절차가 결정되지 않는 경우가 많습니다. 피상속인 사망 후 부동산·토지 등기명의를 상속인 명의로 이전하는 절차입니다. 부산 전역 아파트·상가·토지 상속 사건을 다룹니다. 부산광역시 전역 상속등기·부동산등기·법인등기·개인회생·파산 등 법무사 업무를 다루는 핵심 지역입니다. 다옴법무사사무소는 상황을 듣고 다음 단계부터 정리합니다. 부산 여성 법무사 관련 문의는 검색 키워드만으로 절차가 결정되지 않는 경우가 많습니다. 피상속인 사망 후 부동산·토지 등기명의를 상속인 명의로 이전하는 절차입니다. 부산 전역 아파트·상가·토지 상속 사건을 다룹니다. 부산광역시 전역 상속등기·부동산등기·법인등기·개인회생·파산 등 법무사 업무를 다루는 핵심 지역입니다. 다옴법무사사무소는 상황을 듣고 다음 단계부터 정리합니다. 부산광역시 전역 상속등기·부동산등기·법인등기·개인회생·파산 등 법무사 업무를 다루는 핵심 지역입니다. 피상속인 사망 후 부동산·토지 등기명의를 ,536,88e4e885dad4a51a
/부산역법무사,"부산역 인근에서 법무사를 검색하시는 분들은 ‘역 앞 상가를 샀는데 등기가 안 된다’, ‘초량동 부모님 집 상속을 어디서부터 해야 하나’, ‘거래처 채무를 공탁·지급명령으로 받을 수 있나’처럼 서로 다른 사건을 한꺼번에 들고 오시는 경우가 많습니다. 역세권 상담은 부동산 등기와 민사(지급명령·공탁)를 분리해 순서를 정하는 데 초점을 둡니다. 초량동 다세대·상가는 등기부상 근저당·가압류가 남아 있는지 먼저 확인해야 매매·상속 일정을 잡을 수 있습니다. 부산역 인근에서 법무사를 검색하시는 분들은 ‘역 앞 상가를 샀는데 등기가 안 된다’, ‘초량동 부모님 집 상속을 어디서부터 해야 하나’, ‘거래처 채무를 공탁·지급명령으로 받을 수 있나’처럼 서로 다른 사건을 한꺼번에 들고 오시는 경우가 많습니다. 역세권 상담은 부동산 등기와 민사(지급명령·공탁)를 분리해 순서를 정하는 데 초점을 둡니다. 초량동 다세대·상가는 등기부상 근저당·가압류가 남아 있는지 먼저 확인해야 매매·상속 일정을 잡을 수 ",482,74bb7eaa80df9730
/부산역부동산등기,부산역 부동산등기 문의는 소재지·채무·협의 상태에 따라 준비 순서가 달라집니다. 부산역·초량 인근 상가·주택 등기 문의가 있습니다. 매매·증여·상속 등 원인별 부동산 등기 전반을 다룹니다. 관할 등기소 확인이 우선입니다. 상담 시 서류·일정·비용 범위를 항목별로 안내합니다. 부산역 부동산등기 문의는 소재지·채무·협의 상태에 따라 준비 순서가 달라집니다. 부산역·초량 인근 상가·주택 등기 문의가 있습니다. 매매·증여·상속 등 원인별 부동산 등기 전반을 다룹니다. 관할 등기소 확인이 우선입니다. 상담 시 서류·일정·비용 범위를 항목별로 안내합니다. 부산역·초량 인근 상가·주택 등기 문의가 있습니다. 매매·증여·상속 등 원인별 부동산 등기 전반을 다룹니다. 관할 등기소 확인이 우선입니다. 지역별 업무 상황 회생·파산 경로에서는 소득·재산·채무 목록 정합성을 신청서 품질의 기준으로 둡니다. 등기원인 문구와 검인·취득세 완납 증빙이 일치하는지 접수 직전에 재확인합니다. 공동매수면 지분 표기를,462,e4a81bd238a50789
/부산오피스텔매매등기,"부산 오피스텔 매매등기는 주거용·업무용 구분과 집합건물 전유부분 확인이 중요한 안내입니다. 부산 오피스텔 매매등기는 주거용·업무용 구분과 집합건물 전유부분 확인이 중요한 안내입니다. 부산 오피스텔 매매등기는 주거용·업무용 구분과 집합건물 전유부분 확인이 중요한 안내입니다. 상담 시 확인하는 내용 부산 오피스텔 매매등기 사건은 서류·관할·기한에 따라 진행 순서가 달라집니다. 다옴법무사사무소는 부산 해운대구·센텀에서 상속등기·부동산등기·법인등기·개인회생·파산 등을 다루며, 의뢰인 상황에 맞춰 절차와 비용을 알기 쉽게 설명합니다. 불확실한 부분은 추측으로 단정하지 않고, 확인된 사실을 바탕으로 안내드립니다. 전화·카카오톡·네이버 톡톡으로 간단히 상황을 남겨 주시면 필요한 준비부터 차분히 정리해 드리겠습니다. 오피스텔 매매등기에서 가장 먼저 볼 것은? 등기부 전유부분, 건축물대장 용도, 계약상 주거·업무 구분을 맞추는 것입니다. 주거용과 업무용이면 등기가 달라지나요? 소유권이전 자체보다 대",206,1dfaf00acf7b677a
/부산오피스텔소유권이전등기,"부산 오피스텔 소유권이전등기 관련 문의가 늘고 있습니다. 오피스텔·도시형생활주택 매매 재개발·재건축·신축 분양·토지 상속 등은 일반 매매와 권리 관계가 다릅니다. 서면, 전포동 일대 사건도 조합원 지위·분양권·저당권·상속인 협의가 겹치면 절차가 복잡해집니다. 다옴법무사사무소는 용도·전입·세금 처리가 주택과 다를 수 있음 등기부 권리 관계 확인 등 실무 포인트를 중심으로 상담·진행합니다. 부산 오피스텔 소유권이전등기 관련 문의가 늘고 있습니다. 오피스텔·도시형생활주택 매매 재개발·재건축·신축 분양·토지 상속 등은 일반 매매와 권리 관계가 다릅니다. 서면, 전포동 일대 사건도 조합원 지위·분양권·저당권·상속인 협의가 겹치면 절차가 복잡해집니다. 다옴법무사사무소는 용도·전입·세금 처리가 주택과 다를 수 있음 등기부 권리 관계 확인 등 실무 포인트를 중심으로 상담·진행합니다. 부산 오피스텔 소유권이전등기 — 오피스텔·도시형생활주택 매매. 다옴법무사사무소 안윤정 법무사. 서면, 전포동 상담.",305,e7fbfd72afe4a71a
/부산외국인부동산등기,"부산 외국인 부동산등기는 외국인·해외거주자 부동산등기을(를) 찾는 분이 상담 전 절차와 서류를 확인하기 위한 안내입니다. 부산 외국인 부동산등기는 외국인·해외거주자 부동산등기을(를) 찾는 분이 상담 전 절차와 서류를 확인하기 위한 안내입니다. 부산 외국인 부동산등기는 외국인·해외거주자 부동산등기을(를) 찾는 분이 상담 전 절차와 서류를 확인하기 위한 안내입니다. 상담 시 확인하는 내용 부산 외국인 부동산등기 사건은 서류·관할·기한에 따라 진행 순서가 달라집니다. 다옴법무사사무소는 부산 해운대구·센텀에서 상속등기·부동산등기·법인등기·개인회생·파산 등을 다루며, 의뢰인 상황에 맞춰 절차와 비용을 알기 쉽게 설명합니다. 불확실한 부분은 추측으로 단정하지 않고, 확인된 사실을 바탕으로 안내드립니다. 전화·카카오톡·네이버 톡톡으로 간단히 상황을 남겨 주시면 필요한 준비부터 차분히 정리해 드리겠습니다. 외국인도 부산 부동산 등기가 가능한가요? 가능한 경우가 있지만 신분·신고·세금·서류 요건을 ",210,13a18820b3368824
/부산원거리등기협업,"타지역에서 부산 사건을 진행할 때, 원본 이동·파일 규칙·담당자 창구·현지 일정을 먼저 맞춘 뒤 가능 범위를 안내합니다. 타지역에서 부산 사건을 진행할 때, 원본 이동·파일 규칙·담당자 창구·현지 일정을 먼저 맞춘 뒤 가능 범위를 안내합니다. 타지역에서 부산 사건을 진행할 때, 원본 이동·파일 규칙·담당자 창구·현지 일정을 먼저 맞춘 뒤 가능 범위를 안내합니다. 상담 시 확인하는 내용 멀리서도 빠지지 않게, 전달과 연락부터 맞춥니다 사건은 서류·관할·기한에 따라 진행 순서가 달라집니다. 다옴법무사사무소는 부산 해운대구·센텀에서 상속등기·부동산등기·법인등기·개인회생·파산 등을 다루며, 의뢰인 상황에 맞춰 절차와 비용을 알기 쉽게 설명합니다. 불확실한 부분은 추측으로 단정하지 않고, 확인된 사실을 바탕으로 안내드립니다. 전화·카카오톡·네이버 톡톡으로 간단히 상황을 남겨 주시면 필요한 준비부터 차분히 정리해 드리겠습니다. 퀵·등기우편·방문수령 중 무엇을 쓰나요? 서류 종류·일정·보안을 보",149,04fe5692996037d9
/부산유상증자등기,"유상증자는 주주총회 결의 등을 거쳐 신주를 발행·납입한 뒤 자본금 증가 등기(신주발행등기)를 해야 등기부에 반영됩니다. 주주 명부·주식 수와 등기부가 일치해야 합니다. 유상증자는 주주총회 결의 등을 거쳐 신주를 발행·납입한 뒤 자본금 증가 등기(신주발행등기)를 해야 등기부에 반영됩니다. 주주 명부·주식 수와 등기부가 일치해야 합니다. 투자 유치·유상증자는 주주 간 주식 양도와 다르게, 회사가 새 주식을 발행하고 납입을 받는 구조입니다. 상담 시 확인하는 내용 부산 유상증자 등기 사건은 서류·관할·기한에 따라 진행 순서가 달라집니다. 다옴법무사사무소는 부산 해운대구·센텀에서 상속등기·부동산등기·법인등기·개인회생·파산 등을 다루며, 의뢰인 상황에 맞춰 절차와 비용을 알기 쉽게 설명합니다. 불확실한 부분은 추측으로 단정하지 않고, 확인된 사실을 바탕으로 안내드립니다. 전화·카카오톡·네이버 톡톡으로 간단히 상황을 남겨 주시면 필요한 준비부터 차분히 정리해 드리겠습니다. 주주가 바뀌면 항상 ",156,241d9b33d7b5807b
/부산유언검인,"자필증서·녹음 유언 등은 가정법원 검인을 거친 뒤 상속 절차에 쓰는 경우가 많습니다. 공정증서 유언과 검인 대상이 달라, ‘유언이 있다’는 사실만으로 등기를 접수하면 보정·지연이 생깁니다. 자필증서·녹음 유언 등은 가정법원 검인을 거친 뒤 상속 절차에 쓰는 경우가 많습니다. 공정증서 유언과 검인 대상이 달라, ‘유언이 있다’는 사실만으로 등기를 접수하면 보정·지연이 생깁니다. 자필증서·녹음 유언 등은 가정법원 검인을 거친 뒤 상속 절차에 쓰는 경우가 많습니다. 공정증서 유언과 검인 대상이 달라, ‘유언이 있다’는 사실만으로 등기를 접수하면 보정·지연이 생깁니다. 상담 시 확인하는 내용 부산 유언검인 사건은 서류·관할·기한에 따라 진행 순서가 달라집니다. 다옴법무사사무소는 부산 해운대구·센텀에서 상속등기·부동산등기·법인등기·개인회생·파산 등을 다루며, 의뢰인 상황에 맞춰 절차와 비용을 알기 쉽게 설명합니다. 불확실한 부분은 추측으로 단정하지 않고, 확인된 사실을 바탕으로 안내드립니다.",272,8efc2c5805394caf
/부산의료법인등기,"부산 의료법인은 설립허가 후 등기하고, 변경 시 허가·승인과 등기 순서를 확인해야 합니다. 부산 의료법인은 설립허가 후 등기하고, 변경 시 허가·승인과 등기 순서를 확인해야 합니다. 부산에 의료기관·주사무소를 두는 의료법인은 관할 시장 허가 후 부산 등기소에 등기합니다. 상담 시 확인하는 내용 부산 의료법인 등기 사건은 서류·관할·기한에 따라 진행 순서가 달라집니다. 다옴법무사사무소는 부산 해운대구·센텀에서 상속등기·부동산등기·법인등기·개인회생·파산 등을 다루며, 의뢰인 상황에 맞춰 절차와 비용을 알기 쉽게 설명합니다. 불확실한 부분은 추측으로 단정하지 않고, 확인된 사실을 바탕으로 안내드립니다. 전화·카카오톡·네이버 톡톡으로 간단히 상황을 남겨 주시면 필요한 준비부터 차분히 정리해 드리겠습니다. 부산 의료법인 등기 상담은 어디서 받을 수 있나요? 다옴법무사사무소는 해운대구 센텀에 있으며, 부산 전역 사건을 전화·카카오톡·네이버 톡톡·방문(예약)으로 상담합니다. 비용은 어떻게 안내되",141,89758c5d92b2c433
/부산이혼재산분할등기,"부산 이혼재산분할등기는 이혼에 따른 재산분할로 부동산 명의·지분을 정리할 때 찾는 검색어입니다. 부산 이혼재산분할등기는 이혼에 따른 재산분할로 부동산 명의·지분을 정리할 때 찾는 검색어입니다. 부산 이혼재산분할등기는 이혼에 따른 재산분할로 부동산 명의·지분을 정리할 때 찾는 검색어입니다. 상담 시 확인하는 내용 부산 이혼 재산분할 등기 사건은 서류·관할·기한에 따라 진행 순서가 달라집니다. 다옴법무사사무소는 부산 해운대구·센텀에서 상속등기·부동산등기·법인등기·개인회생·파산 등을 다루며, 의뢰인 상황에 맞춰 절차와 비용을 알기 쉽게 설명합니다. 불확실한 부분은 추측으로 단정하지 않고, 확인된 사실을 바탕으로 안내드립니다. 전화·카카오톡·네이버 톡톡으로 간단히 상황을 남겨 주시면 필요한 준비부터 차분히 정리해 드리겠습니다. 이혼 재산분할등기란 무엇인가요? 이혼에 따른 재산분할로 부동산 명의·지분을 등기부에 반영하는 절차를 통칭합니다. 분할 근거가 마련된 뒤의 등기 실무가 중심입니다. 협",257,2fe889ec855ae901
/부산임원변경등기,"대표이사가 바뀌었는데 등기를 안 하면 은행·거래처·정부 사업 신청에서 문제가 됩니다. 부산 대표이사 변경등기를 찾으시는 분들은 ‘결의는 했는데 등기 기한이 언제까지인지’, ‘사임한 이사와 새로 취임한 이사를 한 번에 등기할 수 있는지’, ‘주소만 바뀐 경우에도 등기가 필요한지’를 묻습니다. 과태료는 결의 후 등기 지연 일수에 따라 누적될 수 있어 빠른 접수가 중요합니다. 법인등기 허브가 변경 유형 전반을 다룬다면, 이 페이지는 임원·대표이사 기한과 과태료에 집중합니다. 임기가 지났는데 중임 등기를 안 한 경우, 사임서만 받고 등기를 미룬 경우가 실무에서 잦습니다. 상황을 단순화한 예시로, 대표만 바꾸고 이사는 그대로여도 결의 기관과 첨부서류가 달라질 수 있어 정관 확인이 먼저입니다. 등기 완료 후에는 사업자등록·은행·계약서 대표자 표기도 맞춰야 거래가 막히지 않습니다. 센텀·해운대·연제 법인은 투자·경영권 이전에 따라 임원 변경이 잦아, 결의일·등기 기한을 캘린더에 표시해 두는 것이",670,6081d5d1ab279170
/부산임원변경전문법무사,"부산 임원변경전문 법무사로 문의하는 경우 대표이사 교체만 떠올리기 쉽지만, 이사·감사의 취임, 사임, 중임, 임기 만료는 각각 기준일이 다릅니다. 이 페이지는 임기와 결의일부터 계산해 과태료 기한을 놓치지 않도록 돕는 업무 선택 안내입니다. 부산 임원변경전문 법무사로 문의하는 경우 대표이사 교체만 떠올리기 쉽지만, 이사·감사의 취임, 사임, 중임, 임기 만료는 각각 기준일이 다릅니다. 이 페이지는 임기와 결의일부터 계산해 과태료 기한을 놓치지 않도록 돕는 업무 선택 안내입니다. 부산 임원변경전문 법무사로 문의하는 경우 대표이사 교체만 떠올리기 쉽지만, 이사·감사의 취임, 사임, 중임, 임기 만료는 각각 기준일이 다릅니다. 이 페이지는 임기와 결의일부터 계산해 과태료 기한을 놓치지 않도록 돕는 업무 선택 안내입니다. 상담 시 확인하는 내용 부산 임원변경전문 법무사 사건은 서류·관할·기한에 따라 진행 순서가 달라집니다. 다옴법무사사무소는 부산 해운대구·센텀에서 상속등기·부동산등기·법인등",231,9b815d601c3ff6cf
/부산임원사임해임등기,"임원 사임·해임등기는 임기만료와 다른 종료 사유로, 사임서·해임 결의 후 등기해야 합니다. 후임 선임과 대표권 공백을 함께 설계하는 것이 안전합니다. 임원 사임·해임등기는 임기만료와 다른 종료 사유로, 사임서·해임 결의 후 등기해야 합니다. 후임 선임과 대표권 공백을 함께 설계하는 것이 안전합니다. 사임·해임은 임기만료 전에 임원 지위를 끝내는 절차입니다. 임기가 다해 중임·퇴임하는 `/부산임원임기만료등기`와 사유가 다릅니다. 상담 시 확인하는 내용 부산 임원 사임·해임등기 사건은 서류·관할·기한에 따라 진행 순서가 달라집니다. 다옴법무사사무소는 부산 해운대구·센텀에서 상속등기·부동산등기·법인등기·개인회생·파산 등을 다루며, 의뢰인 상황에 맞춰 절차와 비용을 알기 쉽게 설명합니다. 불확실한 부분은 추측으로 단정하지 않고, 확인된 사실을 바탕으로 안내드립니다. 전화·카카오톡·네이버 톡톡으로 간단히 상황을 남겨 주시면 필요한 준비부터 차분히 정리해 드리겠습니다. 임기만료와 어떻게 다른가",138,6f6fbb0d8b20fa39
/부산임원임기만료등기,"임기만료 자체가 자동 퇴임을 의미하지는 않으며, 중임·사임·퇴임 결의 후 해당 내용을 등기해야 합니다. 결의 후 등기 기한을 넘기면 과태료가 부과될 수 있습니다. 임기만료 자체가 자동 퇴임을 의미하지는 않으며, 중임·사임·퇴임 결의 후 해당 내용을 등기해야 합니다. 결의 후 등기 기한을 넘기면 과태료가 부과될 수 있습니다. 임원 임기만료 후에도 업무를 계속해도, 등기부상 임기는 자동으로 갱신되지 않습니다. 상담 시 확인하는 내용 부산 임원 임기만료 등기 사건은 서류·관할·기한에 따라 진행 순서가 달라집니다. 다옴법무사사무소는 부산 해운대구·센텀에서 상속등기·부동산등기·법인등기·개인회생·파산 등을 다루며, 의뢰인 상황에 맞춰 절차와 비용을 알기 쉽게 설명합니다. 불확실한 부분은 추측으로 단정하지 않고, 확인된 사실을 바탕으로 안내드립니다. 전화·카카오톡·네이버 톡톡으로 간단히 상황을 남겨 주시면 필요한 준비부터 차분히 정리해 드리겠습니다. 임기가 지났는데 업무를 계속해도 되나요? 실무",153,7aa223c91a60472c
/부산임차권등기명령,"부산 임차권등기명령은 임대차가 끝났는데 보증금을 돌려받지 못한 임차인이, 대항력과 우선변제권을 유지하기 위해 신청하는 등기 절차를 가리키는 검색어입니다. 부산 임차권등기명령은 임대차가 끝났는데 보증금을 돌려받지 못한 임차인이, 대항력과 우선변제권을 유지하기 위해 신청하는 등기 절차를 가리키는 검색어입니다. 부산 임차권등기명령은 임대차가 끝났는데 보증금을 돌려받지 못한 임차인이, 대항력과 우선변제권을 유지하기 위해 신청하는 등기 절차를 가리키는 검색어입니다. 특히 이사(전출)를 앞두고 있을 때, 임차권등기가 마쳐진 뒤 이동하는지 여부가 권리 유지에 중요할 수 있어 시점 관리가 필요합니다. 법원에 신청만 했다고 해서 바로 전출해도 된다고 단정하지 않습니다. 이 페이지는 요건·서류·절차를 정리한 안내 허브입니다. 임차권등기명령 비용은 어떻게 정해질까요? 임차권등기명령은 보증금 미반환 상황에서 권리 유지를 위한 법원 절차입니다. 인지·송달료 등 법원 실비와 신청서 작성 보수를 구분하며, 전",417,889e5ec956fc141d
/부산입주등기,"부산 입주등기는 신축 아파트·오피스텔 등에 입주하면서 소유권이전을 진행할 때 많이 검색되는 말입니다. 이 페이지는 수분양자·매수인 개인 측 이전등기 관점에 맞춥니다. 부산 입주등기는 신축 아파트·오피스텔 등에 입주하면서 소유권이전을 진행할 때 많이 검색되는 말입니다. 이 페이지는 수분양자·매수인 개인 측 이전등기 관점에 맞춥니다. 부산 입주등기는 신축 아파트·오피스텔 등에 입주하면서 소유권이전을 진행할 때 많이 검색되는 말입니다. 이 페이지는 수분양자·매수인 개인 측 이전등기 관점에 맞춥니다. 상담 시 확인하는 내용 부산 입주 등기 사건은 서류·관할·기한에 따라 진행 순서가 달라집니다. 다옴법무사사무소는 부산 해운대구·센텀에서 상속등기·부동산등기·법인등기·개인회생·파산 등을 다루며, 의뢰인 상황에 맞춰 절차와 비용을 알기 쉽게 설명합니다. 불확실한 부분은 추측으로 단정하지 않고, 확인된 사실을 바탕으로 안내드립니다. 전화·카카오톡·네이버 톡톡으로 간단히 상황을 남겨 주시면 필요한 준",283,d9b48a192b210935
/부산잔금대출근저당,"부산 잔금대출 근저당은 잔금일 소유권이전과 담보 설정을 같은 흐름으로 맞추는 안내입니다. 부산 잔금대출 근저당은 잔금일 소유권이전과 담보 설정을 같은 흐름으로 맞추는 안내입니다. 부산 잔금대출 근저당은 잔금일 소유권이전과 담보 설정을 같은 흐름으로 맞추는 안내입니다. 이런 상황이라면 — 잔금·대출·등기 ‘부산 은행 법무사’·‘부산 은행 등기’처럼 검색하시는 경우, 특정 은행 지정 관계가 아니라 잔금·대출·소유권이전·근저당 설정·말소가 겹치는 실무 상황을 찾으시는 경우가 많습니다. 아래에서 가까운 상황을 고른 뒤 해당 안내로 이어가면 됩니다. 잔금대출이 있는 아파트 매매 — 잔금 실행·소유권이전·매도인 근저당 말소·매수인 신규 근저당 설정 순서를 은행과 맞춰야 합니다. 매도인 대출이 아직 남아 있음 — 잔금으로 상환·말소하는 구조가 흔합니다. 말소 서류와 이전등기 일정을 함께 확인합니다. 대출을 모두 갚았는데 근저당이 남아 있음 — 대출 상환만으로 등기부上的 근저당은 자동 소멸하지 않",359,0ff08a0e88cbcb1c
/부산잔금등기협업,"잔금일·대출 실행·말소가 같은 날 맞물릴 때, 매도·매수 준비서류와 담보 일정을 정리한 뒤 등기 협업의 가능 범위를 안내합니다. 잔금일·대출 실행·말소가 같은 날 맞물릴 때, 매도·매수 준비서류와 담보 일정을 정리한 뒤 등기 협업의 가능 범위를 안내합니다. 잔금일·대출 실행·말소가 같은 날 맞물릴 때, 매도·매수 준비서류와 담보 일정을 정리한 뒤 등기 협업의 가능 범위를 안내합니다. 상담 시 확인하는 내용 잔금일에 맞춰야 할 등기 일정부터 나눠 봅니다 사건은 서류·관할·기한에 따라 진행 순서가 달라집니다. 다옴법무사사무소는 부산 해운대구·센텀에서 상속등기·부동산등기·법인등기·개인회생·파산 등을 다루며, 의뢰인 상황에 맞춰 절차와 비용을 알기 쉽게 설명합니다. 불확실한 부분은 추측으로 단정하지 않고, 확인된 사실을 바탕으로 안내드립니다. 전화·카카오톡·네이버 톡톡으로 간단히 상황을 남겨 주시면 필요한 준비부터 차분히 정리해 드리겠습니다. 잔금 당일 등기가 항상 가능한가요? 서류·금융·",153,cbc01b6e3341860d
/부산잔금일법무사,"부산 잔금일 법무사 검색 시, 키워드만 보고 결정하기보다 잔금일·말소·이전 일정에 맞는 서류·기한·관할·비용을 먼저 확인하는 것이 안전합니다. 부산 잔금일 법무사 검색 시, 키워드만 보고 결정하기보다 잔금일·말소·이전 일정에 맞는 서류·기한·관할·비용을 먼저 확인하는 것이 안전합니다. 부산 잔금일 법무사 검색 시, 키워드만 보고 결정하기보다 잔금일·말소·이전 일정에 맞는 서류·기한·관할·비용을 먼저 확인하는 것이 안전합니다. 다옴법무사사무소(해운대·센텀)는 부산 전역 의뢰인의 등기·상속·법인·개인회생 상담을 진행합니다. 이런 상황이라면 — 잔금·대출·등기 ‘부산 은행 법무사’·‘부산 은행 등기’처럼 검색하시는 경우, 특정 은행 지정 관계가 아니라 잔금·대출·소유권이전·근저당 설정·말소가 겹치는 실무 상황을 찾으시는 경우가 많습니다. 아래에서 가까운 상황을 고른 뒤 해당 안내로 이어가면 됩니다. 잔금대출이 있는 아파트 매매 — 잔금 실행·소유권이전·매도인 근저당 말소·매수인 신규 근저",401,5276537a109e15cb
/부산재개발등기,"부산 재개발등기 관련 문의가 늘고 있습니다. 재개발 조합원 지위·분양권·신축 아파트 등기 재개발·재건축·신축 분양·토지 상속 등은 일반 매매와 권리 관계가 다릅니다. 해운대구, 동래구 일대 사건도 조합원 지위·분양권·저당권·상속인 협의가 겹치면 절차가 복잡해집니다. 다옴법무사사무소는 조합 설립·사업시행 단계별 권리 관계가 다릅니다. 종전 권리와 신축 분양 권리의 연결이 핵심입니다. 등 실무 포인트를 중심으로 상담·진행합니다. 부산 재개발등기 관련 문의가 늘고 있습니다. 재개발 조합원 지위·분양권·신축 아파트 등기 재개발·재건축·신축 분양·토지 상속 등은 일반 매매와 권리 관계가 다릅니다. 해운대구, 동래구 일대 사건도 조합원 지위·분양권·저당권·상속인 협의가 겹치면 절차가 복잡해집니다. 다옴법무사사무소는 조합 설립·사업시행 단계별 권리 관계가 다릅니다. 종전 권리와 신축 분양 권리의 연결이 핵심입니다. 등 실무 포인트를 중심으로 상담·진행합니다. 다옴법무사사무소는 조합 설립·사업시행",293,7395b53a782276f5
/부산재건축등기,"부산 재건축등기 관련 문의가 늘고 있습니다. 노후 아파트 재건축 후 소유권 이전 재개발·재건축·신축 분양·토지 상속 등은 일반 매매와 권리 관계가 다릅니다. 온천동, 사직동 일대 사건도 조합원 지위·분양권·저당권·상속인 협의가 겹치면 절차가 복잡해집니다. 다옴법무사사무소는 재건축 사업성·조합원 지위 확인 신축 입주 후 등기 일정 등 실무 포인트를 중심으로 상담·진행합니다. 부산 재건축등기 관련 문의가 늘고 있습니다. 노후 아파트 재건축 후 소유권 이전 재개발·재건축·신축 분양·토지 상속 등은 일반 매매와 권리 관계가 다릅니다. 온천동, 사직동 일대 사건도 조합원 지위·분양권·저당권·상속인 협의가 겹치면 절차가 복잡해집니다. 다옴법무사사무소는 재건축 사업성·조합원 지위 확인 신축 입주 후 등기 일정 등 실무 포인트를 중심으로 상담·진행합니다. 부산 재건축등기 — 노후 아파트 재건축 후 소유권 이전. 다옴법무사사무소 안윤정 법무사. 온천동, 사직동 상담. 비용 안내 부산 재건축등기 비용",311,9a158b82d5471806
/부산재단법인설립,"재단법인 설립은 출연재산의 기본재산 귀속과 설립허가 후 3주 이내 설립등기가 필요합니다. 법무사는 등기 단계 서류를 지원하며, 출연 계약·세무는 별도 확인이 필요합니다. 재단법인 설립은 출연재산의 기본재산 귀속과 설립허가 후 3주 이내 설립등기가 필요합니다. 법무사는 등기 단계 서류를 지원하며, 출연 계약·세무는 별도 확인이 필요합니다. 재단법인은 출연된 재산을 기본재산으로 하여 목적 사업을 수행하는 비영리법인입니다. 상담 시 확인하는 내용 부산 재단법인 설립 사건은 서류·관할·기한에 따라 진행 순서가 달라집니다. 다옴법무사사무소는 부산 해운대구·센텀에서 상속등기·부동산등기·법인등기·개인회생·파산 등을 다루며, 의뢰인 상황에 맞춰 절차와 비용을 알기 쉽게 설명합니다. 불확실한 부분은 추측으로 단정하지 않고, 확인된 사실을 바탕으로 안내드립니다. 전화·카카오톡·네이버 톡톡으로 간단히 상황을 남겨 주시면 필요한 준비부터 차분히 정리해 드리겠습니다. 장학재단도 재단법인인가요? 장학 목적 ",149,adabf3db6b48c0ca
/부산재산명시,"판결·지급명령 등 집행권원이 있어도 채무자 재산 소재를 모르면 압류·추심이 막힐 수 있습니다. 재산명시는 법원이 채무자에게 재산 목록 제출을 명하는 절차로, 가압류(본안 전 보전)나 채권압류·추심(이미 아는 채권을 집행)과 단계가 다릅니다. 판결·지급명령 등 집행권원이 있어도 채무자 재산 소재를 모르면 압류·추심이 막힐 수 있습니다. 재산명시는 법원이 채무자에게 재산 목록 제출을 명하는 절차로, 가압류(본안 전 보전)나 채권압류·추심(이미 아는 채권을 집행)과 단계가 다릅니다. 판결·지급명령 등 집행권원이 있어도 채무자 재산 소재를 모르면 압류·추심이 막힐 수 있습니다. 재산명시는 법원이 채무자에게 재산 목록 제출을 명하는 절차로, 가압류(본안 전 보전)나 채권압류·추심(이미 아는 채권을 집행)과 단계가 다릅니다. 상담 시 확인하는 내용 부산 재산명시 사건은 서류·관할·기한에 따라 진행 순서가 달라집니다. 다옴법무사사무소는 부산 해운대구·센텀에서 상속등기·부동산등기·법인등기·개인회생",228,d53527108ad76c6c
/부산전세권말소등기,"전세권말소를 하지 않으면 등기부에 전세권이 남아 다음 임차인·매수인에게 불이익이 됩니다. 임대인은 말소에 협조해야 하고, 보증금 분쟁이 있으면 말소가 지연됩니다. 부산 전세권 말소 법무사 상담은 ‘보증금은 받았는데 임대인이 말소 서류를 안 준다’, ‘공동신청을 어디서 하나’ 같은 실무 문제를 중심으로 안내합니다. 전세권말소를 하지 않으면 등기부에 전세권이 남아 다음 임차인·매수인에게 불이익이 됩니다. 임대인은 말소에 협조해야 하고, 보증금 분쟁이 있으면 말소가 지연됩니다. 부산 전세권 말소 법무사 상담은 ‘보증금은 받았는데 임대인이 말소 서류를 안 준다’, ‘공동신청을 어디서 하나’ 같은 실무 문제를 중심으로 안내합니다. 부산 전세권말소등기는 전세 계약이 끝나고 보증금을 돌려받은 뒤 등기부에 남은 전세권을 지우는 절차입니다. 임대인·임차인이 함께 신청하거나, 말소 승낙서로 진행합니다. 보증금을 전액 반환받기 전에 말소하면 임차인 보호가 약해지므로, 반환 확인 후 진행하는 것이 일반적",371,36e32856ea535b43
/부산전세권설정등기,"전세 사기·보증금 미반환 이슈로 부산 전세권설정등기 문의가 늘고 있습니다. 전세권은 임대인 협조가 필수이고, 등기부상 근저당 잔액을 빼야 설정 가능 금액이 나옵니다. 임차권등기명령은 집주인이 말소에 협조하지 않을 때 대안이 될 수 있으나, 소송·집행 절차가 따릅니다. 전세권 법무사는 계약 단계·입주 전·갱신 시점별로 어떤 보호 수단이 맞는지 비교 안내합니다. 전세 사기·보증금 미반환 이슈로 부산 전세권설정등기 문의가 늘고 있습니다. 전세권은 임대인 협조가 필수이고, 등기부상 근저당 잔액을 빼야 설정 가능 금액이 나옵니다. 임차권등기명령은 집주인이 말소에 협조하지 않을 때 대안이 될 수 있으나, 소송·집행 절차가 따릅니다. 전세권 법무사는 계약 단계·입주 전·갱신 시점별로 어떤 보호 수단이 맞는지 비교 안내합니다. 부산 전세권설정등기는 전세금을 등기부에 기록해 우선변제권을 확보하는 절차입니다. 임대인(소유자) 동의와 전세계약서·확정일자가 기본이며, 선순위 근저당이 크면 설정 한도가 제",400,4106c940e57fdbf0
/부산전세보증금반환법무사,"부산 전세보증금 반환 법무사는 계약이 끝났는데 보증금을 돌려받지 못했거나, 이사·전출을 앞두고 대항력·우선변제권 유지가 걱정되는 상황에서 찾는 검색어입니다. 부산 전세보증금 반환 법무사는 계약이 끝났는데 보증금을 돌려받지 못했거나, 이사·전출을 앞두고 대항력·우선변제권 유지가 걱정되는 상황에서 찾는 검색어입니다. 부산 전세보증금 반환 법무사는 계약이 끝났는데 보증금을 돌려받지 못했거나, 이사·전출을 앞두고 대항력·우선변제권 유지가 걱정되는 상황에서 찾는 검색어입니다. 상담 시 확인하는 내용 부산 전세보증금 반환 법무사 사건은 서류·관할·기한에 따라 진행 순서가 달라집니다. 다옴법무사사무소는 부산 해운대구·센텀에서 상속등기·부동산등기·법인등기·개인회생·파산 등을 다루며, 의뢰인 상황에 맞춰 절차와 비용을 알기 쉽게 설명합니다. 불확실한 부분은 추측으로 단정하지 않고, 확인된 사실을 바탕으로 안내드립니다. 전화·카카오톡·네이버 톡톡으로 간단히 상황을 남겨 주시면 필요한 준비부터 차분히 ",350,8f2fd08cf5ef114c
/부산전세전문법무사,"부산 전세전문 법무사로 들어오는 검색에는 확정일자, 전입신고와 점유, 전세권 설정등기, 임차권등기명령이 모두 섞여 있습니다. 이 페이지는 이 네 가지를 같은 제도로 보지 않고, 계약 단계와 현재 점유 상태에 따라 갈림길을 가르는 안내입니다. 부산 전세전문 법무사로 들어오는 검색에는 확정일자, 전입신고와 점유, 전세권 설정등기, 임차권등기명령이 모두 섞여 있습니다. 이 페이지는 이 네 가지를 같은 제도로 보지 않고, 계약 단계와 현재 점유 상태에 따라 갈림길을 가르는 안내입니다. 부산 전세전문 법무사로 들어오는 검색에는 확정일자, 전입신고와 점유, 전세권 설정등기, 임차권등기명령이 모두 섞여 있습니다. 이 페이지는 이 네 가지를 같은 제도로 보지 않고, 계약 단계와 현재 점유 상태에 따라 갈림길을 가르는 안내입니다. 상담 시 확인하는 내용 부산 전세전문 법무사 사건은 서류·관할·기한에 따라 진행 순서가 달라집니다. 다옴법무사사무소는 부산 해운대구·센텀에서 상속등기·부동산등기·법인등기·",229,9301d89eff5b4f7b
/부산조합협동조합등기,"부산 협동조합 설립은 창립총회 후 2주 이내 등기가 원칙이며(협동조합기본법 제12조), 사회적협동조합은 행정안전부 장관 인가 후 1월 이내 등기합니다(사회적협동조합법 제15조). 법무사는 등기와 서류 작성·접수를 지원합니다. 부산 협동조합 설립은 창립총회 후 2주 이내 등기가 원칙이며(협동조합기본법 제12조), 사회적협동조합은 행정안전부 장관 인가 후 1월 이내 등기합니다(사회적협동조합법 제15조). 법무사는 등기와 서류 작성·접수를 지원합니다. 협동조합은 협동조합기본법에 따른 자유설립이 원칙이고, 사회적협동조합은 별도 법에 따른 인가가 필요합니다. 상담 시 확인하는 내용 부산 조합·협동조합 등기 사건은 서류·관할·기한에 따라 진행 순서가 달라집니다. 다옴법무사사무소는 부산 해운대구·센텀에서 상속등기·부동산등기·법인등기·개인회생·파산 등을 다루며, 의뢰인 상황에 맞춰 절차와 비용을 알기 쉽게 설명합니다. 불확실한 부분은 추측으로 단정하지 않고, 확인된 사실을 바탕으로 안내드립니다. ",162,047225c98bc12822
/부산중도금대출근저당,"부산 중도금대출 근저당은 분양·입주 전 중도금 실행 시점에 담보 설정을 맞추는 안내입니다. 부산 중도금대출 근저당은 분양·입주 전 중도금 실행 시점에 담보 설정을 맞추는 안내입니다. 부산 중도금대출 근저당은 분양·입주 전 중도금 실행 시점에 담보 설정을 맞추는 안내입니다. 상담 시 확인하는 내용 부산 중도금대출 근저당 사건은 서류·관할·기한에 따라 진행 순서가 달라집니다. 다옴법무사사무소는 부산 해운대구·센텀에서 상속등기·부동산등기·법인등기·개인회생·파산 등을 다루며, 의뢰인 상황에 맞춰 절차와 비용을 알기 쉽게 설명합니다. 불확실한 부분은 추측으로 단정하지 않고, 확인된 사실을 바탕으로 안내드립니다. 전화·카카오톡·네이버 톡톡으로 간단히 상황을 남겨 주시면 필요한 준비부터 차분히 정리해 드리겠습니다. 중도금대출 근저당은 언제 설정하나요? 중도금 실행 일정에 맞춰 진행되는 경우가 많습니다. 회차·은행 요건을 기준으로 확인합니다. 소유권이전 전에도 근저당을 하나요? 분양·중도금 구조에",208,c30853297d49a723
/부산증여등기,"부산에서 부모·자녀·부부 사이에 아파트·토지·상가를 이전할 때 ‘부산 증여 법무사’ ‘부산 증여등기 법무사’로 검색하는 경우가 많습니다. 이 페이지는 표현만 다른 검색어를 하나의 대표 안내로 모으고, 상황별로 다른 확인사항은 하위 페이지로 연결합니다. 부산에서 부모·자녀·부부 사이에 아파트·토지·상가를 이전할 때 ‘부산 증여 법무사’ ‘부산 증여등기 법무사’로 검색하는 경우가 많습니다. 이 페이지는 표현만 다른 검색어를 하나의 대표 안내로 모으고, 상황별로 다른 확인사항은 하위 페이지로 연결합니다. 부산에서 부모·자녀·부부 사이에 아파트·토지·상가를 이전할 때 ‘부산 증여 법무사’ ‘부산 증여등기 법무사’로 검색하는 경우가 많습니다. 이 페이지는 표현만 다른 검색어를 하나의 대표 안내로 모으고, 상황별로 다른 확인사항은 하위 페이지로 연결합니다. 증여등기 법무사 비용을 확인할 때 볼 항목 이 페이지는 증여 원인 등기 절차가 중심입니다. 비용·수임료 검색은 같은 질문인 경우가 많아, ",327,25ebb64731ef2fa9
/부산증여등기전문법무사,"부산 증여등기전문 법무사 검색은 부모 자녀 아파트 증여, 부부 간 증여, 지분 일부 증여처럼 무상 이전에 가깝게 느껴지는 거래를 찾을 때 많습니다. 이 페이지는 이런 구조를 먼저 가른 뒤 유형별 허브로 연결하는 검색어 안내입니다. 부산 증여등기전문 법무사 검색은 부모 자녀 아파트 증여, 부부 간 증여, 지분 일부 증여처럼 무상 이전에 가깝게 느껴지는 거래를 찾을 때 많습니다. 이 페이지는 이런 구조를 먼저 가른 뒤 유형별 허브로 연결하는 검색어 안내입니다. 부산 증여등기전문 법무사 검색은 부모 자녀 아파트 증여, 부부 간 증여, 지분 일부 증여처럼 무상 이전에 가깝게 느껴지는 거래를 찾을 때 많습니다. 이 페이지는 이런 구조를 먼저 가른 뒤 유형별 허브로 연결하는 검색어 안내입니다. 상담 시 확인하는 내용 부산 증여등기전문 법무사 사건은 서류·관할·기한에 따라 진행 순서가 달라집니다. 다옴법무사사무소는 부산 해운대구·센텀에서 상속등기·부동산등기·법인등기·개인회생·파산 등을 다루며, ",218,baa7ebdf6aa72fe3
/부산지방법원동부지원등기과,"부산지방법원 동부지원 등기과 관련 절차를 앞두고 계신가요? 해운대구·기장군 부동산등기가 접수됩니다. 남구·수영구는 남부산등기소, 상업등기는 등기국 관할인 경우가 많습니다. 방문 전에 관할, 서류, 신청 순서를 미리 확인하는 것이 중요합니다. 다옴법무사사무소는 부산 해운대 센텀에 있으며, 센텀시티 일대를 포함해 부산지방법원 동부지원 등기과 접수 전 상담·서류 준비·대리 접수를 도와드립니다. 본 페이지는 공식 기관 사이트가 아니며, 실무상 접수 절차와 준비서류를 법무사 관점에서 안내합니다. 부산지방법원 동부지원 등기과 관련 절차를 앞두고 계신가요? 해운대구·기장군 부동산등기가 접수됩니다. 남구·수영구는 남부산등기소, 상업등기는 등기국 관할인 경우가 많습니다. 방문 전에 관할, 서류, 신청 순서를 미리 확인하는 것이 중요합니다. 다옴법무사사무소는 부산 해운대 센텀에 있으며, 센텀시티 일대를 포함해 부산지방법원 동부지원 등기과 접수 전 상담·서류 준비·대리 접수를 도와드립니다. 본 페이지는",338,3ec8e40717faa8f4
/부산지방법원동부지원등기과법무사,"동부지원 등기과 근처 검색으로 들어왔더라도, 실제 관할과 접수 방식이 맞는지가 핵심입니다. 부산지방법원 동부지원 내 등기 접수 창구입니다. 동부권 부동산·법인 등기가 접수됩니다. 방문 전 신청서·위임장·인감증명서를 정리해 두면 접수가 수월합니다. 동부지원 등기과 근처 검색으로 들어왔더라도, 실제 관할과 접수 방식이 맞는지가 핵심입니다. 부산지방법원 동부지원 내 등기 접수 창구입니다. 동부권 부동산·법인 등기가 접수됩니다. 방문 전 신청서·위임장·인감증명서를 정리해 두면 접수가 수월합니다. 부산광역시 전역 상속등기·부동산등기·법인등기·개인회생·파산 등 법무사 업무를 다루는 핵심 지역입니다. 매매·증여·상속 등 원인별 부동산 등기 전반을 다룹니다. 관할 등기소 확인이 우선입니다. 관할 확인 잔금·인도·대출 실행 일정을 한 줄에 두고 등기 접수를 맞춥니다. 중도금 연체가 있으면 계약 특약을 먼저 확인합니다. 전자등기 가능 사건과 방문 열람이 필요한 사건을 분리해 일정을 잡습니다. 보정 대",495,ff1d731c8881e249
/부산지방법원동부지원등기과법인등기,부산지방법원동부지원등기과와(과) 관련된 법인등기 사건은 관할과 제출 서류를 먼저 맞추는 것이 중요합니다. 부산지방법원 동부지원 내 등기 접수 창구입니다. 동부권 부동산·법인 등기가 접수됩니다. 주식회사·유한회사 등 법인의 설립 이후 변경·이전 등기를 처리합니다. 센텀·서면 일대 법인 설립·임원변경·본점이전을 안내합니다. 부산지방법원동부지원등기과와(과) 관련된 법인등기 사건은 관할과 제출 서류를 먼저 맞추는 것이 중요합니다. 부산지방법원 동부지원 내 등기 접수 창구입니다. 동부권 부동산·법인 등기가 접수됩니다. 주식회사·유한회사 등 법인의 설립 이후 변경·이전 등기를 처리합니다. 센텀·서면 일대 법인 설립·임원변경·본점이전을 안내합니다. 부산광역시 전역 상속등기·부동산등기·법인등기·개인회생·파산 등 법무사 업무를 다루는 핵심 지역입니다. 주식회사·유한회사 등 법인의 설립 이후 변경·이전 등기를 처리합니다. 센텀·서면 일대 법인 설립·임원변경·본점이전을 안내합니다. 관할 확인 법인 결의,451,528a12f39f9e8e1f
/부산지방법원동부지원등기과부동산등기,부산지방법원동부지원등기과와(과) 관련된 부동산등기 사건은 관할과 제출 서류를 먼저 맞추는 것이 중요합니다. 부산지방법원 동부지원 내 등기 접수 창구입니다. 동부권 부동산·법인 등기가 접수됩니다. 매매·증여·상속 등 원인별 부동산 등기 전반을 다룹니다. 관할 등기소 확인이 우선입니다. 부산지방법원동부지원등기과와(과) 관련된 부동산등기 사건은 관할과 제출 서류를 먼저 맞추는 것이 중요합니다. 부산지방법원 동부지원 내 등기 접수 창구입니다. 동부권 부동산·법인 등기가 접수됩니다. 매매·증여·상속 등 원인별 부동산 등기 전반을 다룹니다. 관할 등기소 확인이 우선입니다. 부산광역시 전역 상속등기·부동산등기·법인등기·개인회생·파산 등 법무사 업무를 다루는 핵심 지역입니다. 매매·증여·상속 등 원인별 부동산 등기 전반을 다룹니다. 관할 등기소 확인이 우선입니다. 관할 확인 다수 필지·다수 계좌면 목록 번호를 매겨 누락을 줄입니다. 완료 후 등기필정보 전달 방식을 정합니다. 상속 승인 방식(단순·,495,6afa73db332a3875
/부산지방법원동부지원법무사,"부산지방법원 동부지원 관련 절차를 앞두고 계신가요? 해운대·기장 등 동부 지역 관련 일부 민사·형사 사건이 관할됩니다. 정확한 관할은 사건 소재지·당사자 주소에 따라 달라집니다. 방문 전에 관할, 서류, 신청 순서를 미리 확인하는 것이 중요합니다. 다옴법무사사무소는 부산 해운대 센텀에 있으며, 센텀, 재송동 일대를 포함해 부산지방법원 동부지원 접수 전 상담·서류 준비·대리 접수를 도와드립니다. 본 페이지는 공식 기관 사이트가 아니며, 실무상 접수 절차와 준비서류를 법무사 관점에서 안내합니다. 부산지방법원 동부지원 관련 절차를 앞두고 계신가요? 해운대·기장 등 동부 지역 관련 일부 민사·형사 사건이 관할됩니다. 정확한 관할은 사건 소재지·당사자 주소에 따라 달라집니다. 방문 전에 관할, 서류, 신청 순서를 미리 확인하는 것이 중요합니다. 다옴법무사사무소는 부산 해운대 센텀에 있으며, 센텀, 재송동 일대를 포함해 부산지방법원 동부지원 접수 전 상담·서류 준비·대리 접수를 도와드립니다. ",319,0a60d451b8c57fed
/부산지방법원동부지원지급명령,"부산지방법원 동부지원 지급명령은 금전 채권을 비교적 간이한 절차로 청구할 때 검토하는 민사신청입니다. 관할·당사자·청구 원인·증거 자료를 먼저 맞춰야 보정·각하 위험을 줄일 수 있습니다. 부산지방법원 동부지원 지급명령은 금전 채권을 비교적 간이한 절차로 청구할 때 검토하는 민사신청입니다. 관할·당사자·청구 원인·증거 자료를 먼저 맞춰야 보정·각하 위험을 줄일 수 있습니다. 미수금·대여금·용역비처럼 다툼이 비교적 단순한 금전 청구에서 지급명령을 검토하는 경우가 많습니다. 상대방이 이의를 제기하면 소송으로 이행될 수 있어, 처음부터 ‘이의 가능성’을 함께 봅니다. 지급명령을 검토하는 경우 계약서·거래명세·입금 내역 등 증거가 있고, 상대방·청구액이 특정되며, 관할이 맞을 때 검토합니다. 복잡한 손해배상·감정적 분쟁만으로는 적합하지 않을 수 있습니다. 부산지방법원 동부지원 관할·접수 포인트 해운대·수영·기장 등 동부 지역 관련 일부 민사·형사 사건을 관할합니다. 상대방 주소지·사무소 소재",314,72c3c6907c85148c
/부산지방법원동부지원채권회수,부산지방법원동부지원와(과) 관련된 채권회수 사건은 관할과 제출 서류를 먼저 맞추는 것이 중요합니다. 해운대·수영·기장 등 동부 지역 관련 일부 민사·형사 사건을 관할합니다. 대여금·매매대금·임대료 등 채권 회수를 위한 내용증명·지급명령·소송을 지원합니다. 부산지방법원동부지원와(과) 관련된 채권회수 사건은 관할과 제출 서류를 먼저 맞추는 것이 중요합니다. 해운대·수영·기장 등 동부 지역 관련 일부 민사·형사 사건을 관할합니다. 대여금·매매대금·임대료 등 채권 회수를 위한 내용증명·지급명령·소송을 지원합니다. 부산광역시 전역 상속등기·부동산등기·법인등기·개인회생·파산 등 법무사 업무를 다루는 핵심 지역입니다. 대여금·매매대금·임대료 등 채권 회수를 위한 내용증명·지급명령·소송을 지원합니다. 관할 확인 회생·파산 경로에서는 소득·재산·채무 목록 정합성을 신청서 품질의 기준으로 둡니다. 등기원인 문구와 검인·취득세 완납 증빙이 일치하는지 접수 직전에 재확인합니다. 공동매수면 지분 표기를 맞,472,e095e008a8fb47b9
/부산지방법원등기국,"부산지방법원 등기국 관련 절차를 앞두고 계신가요? 부산 전역 상업등기·선박등기·동산·채권담보등기와 중구·서구·동구·영도구·부산진구·동래구·연제구·금정구 부동산등기가 접수됩니다. 해운대·기장은 동부지원 등기과, 남구·수영구는 남부산등기소, 사하·강서는 서부지원 등기과, 북구·사상은 북부산등기소입니다. 2021년 부산진등기소·중부산등기소 사무가 등기국으로 통합되었습니다. 방문 전에 관할, 서류, 신청 순서를 미리 확인하는 것이 중요합니다. 다옴법무사사무소는 부산 해운대 센텀에 있으며, 연제구, 동래구 일대를 포함해 부산지방법원 등기국 접수 전 상담·서류 준비·대리 접수를 도와드립니다. 본 페이지는 공식 기관 사이트가 아니며, 실무상 접수 절차와 준비서류를 법무사 관점에서 안내합니다. 부산지방법원 등기국 관련 절차를 앞두고 계신가요? 부산 전역 상업등기·선박등기·동산·채권담보등기와 중구·서구·동구·영도구·부산진구·동래구·연제구·금정구 부동산등기가 접수됩니다. 해운대·기장은 동부지원 등기과",311,8d2ee04655308e17
/부산지방법원등기국법무사,부산지방법원 등기국 인근에서 법무사를 찾을 때는 거리보다 사건 종류(등기·회생·가사)에 맞는 서류 준비가 우선입니다. 부산 연제구 법원로에 위치한 중앙 등기 접수 기관입니다. 관할에 따라 지원·지역 등기소로 분산됩니다. 방문 전 신청서·위임장·인감증명서를 정리해 두면 접수가 수월합니다. 부산지방법원 등기국 인근에서 법무사를 찾을 때는 거리보다 사건 종류(등기·회생·가사)에 맞는 서류 준비가 우선입니다. 부산 연제구 법원로에 위치한 중앙 등기 접수 기관입니다. 관할에 따라 지원·지역 등기소로 분산됩니다. 방문 전 신청서·위임장·인감증명서를 정리해 두면 접수가 수월합니다. 부산광역시 전역 상속등기·부동산등기·법인등기·개인회생·파산 등 법무사 업무를 다루는 핵심 지역입니다. 매매·증여·상속 등 원인별 부동산 등기 전반을 다룹니다. 관할 등기소 확인이 우선입니다. 관할 확인 이미 소송·가압류가 있으면 등기 가능 시점부터 다시 설계합니다. 단순 매매 일정과 섞지 않습니다. 회생·파산 경로에서,485,0c2553894b02fc37
/부산지방법원등기국법인등기,부산지방법원등기국와(과) 관련된 법인등기 사건은 관할과 제출 서류를 먼저 맞추는 것이 중요합니다. 부산 연제구 법원로에 위치한 중앙 등기 접수 기관입니다. 관할에 따라 지원·지역 등기소로 분산됩니다. 주식회사·유한회사 등 법인의 설립 이후 변경·이전 등기를 처리합니다. 센텀·서면 일대 법인 설립·임원변경·본점이전을 안내합니다. 부산지방법원등기국와(과) 관련된 법인등기 사건은 관할과 제출 서류를 먼저 맞추는 것이 중요합니다. 부산 연제구 법원로에 위치한 중앙 등기 접수 기관입니다. 관할에 따라 지원·지역 등기소로 분산됩니다. 주식회사·유한회사 등 법인의 설립 이후 변경·이전 등기를 처리합니다. 센텀·서면 일대 법인 설립·임원변경·본점이전을 안내합니다. 부산광역시 전역 상속등기·부동산등기·법인등기·개인회생·파산 등 법무사 업무를 다루는 핵심 지역입니다. 주식회사·유한회사 등 법인의 설립 이후 변경·이전 등기를 처리합니다. 센텀·서면 일대 법인 설립·임원변경·본점이전을 안내합니다. 관할 ,504,457370325301edb9
/부산지방법원등기국부동산등기,부산지방법원등기국와(과) 관련된 부동산등기 사건은 관할과 제출 서류를 먼저 맞추는 것이 중요합니다. 부산 연제구 법원로에 위치한 중앙 등기 접수 기관입니다. 관할에 따라 지원·지역 등기소로 분산됩니다. 매매·증여·상속 등 원인별 부동산 등기 전반을 다룹니다. 관할 등기소 확인이 우선입니다. 부산지방법원등기국와(과) 관련된 부동산등기 사건은 관할과 제출 서류를 먼저 맞추는 것이 중요합니다. 부산 연제구 법원로에 위치한 중앙 등기 접수 기관입니다. 관할에 따라 지원·지역 등기소로 분산됩니다. 매매·증여·상속 등 원인별 부동산 등기 전반을 다룹니다. 관할 등기소 확인이 우선입니다. 부산광역시 전역 상속등기·부동산등기·법인등기·개인회생·파산 등 법무사 업무를 다루는 핵심 지역입니다. 매매·증여·상속 등 원인별 부동산 등기 전반을 다룹니다. 관할 등기소 확인이 우선입니다. 관할 확인 이미 소송·가압류가 있으면 등기 가능 시점부터 다시 설계합니다. 단순 매매 일정과 섞지 않습니다. 회생·파산 ,483,93a9f56ad09ef99d
/부산지방법원등기국상속등기,부산지방법원등기국와(과) 관련된 상속등기 사건은 관할과 제출 서류를 먼저 맞추는 것이 중요합니다. 부산 연제구 법원로에 위치한 중앙 등기 접수 기관입니다. 관할에 따라 지원·지역 등기소로 분산됩니다. 피상속인 사망 후 부동산·토지 등기명의를 상속인 명의로 이전하는 절차입니다. 부산 전역 아파트·상가·토지 상속 사건을 다룹니다. 부산지방법원등기국와(과) 관련된 상속등기 사건은 관할과 제출 서류를 먼저 맞추는 것이 중요합니다. 부산 연제구 법원로에 위치한 중앙 등기 접수 기관입니다. 관할에 따라 지원·지역 등기소로 분산됩니다. 피상속인 사망 후 부동산·토지 등기명의를 상속인 명의로 이전하는 절차입니다. 부산 전역 아파트·상가·토지 상속 사건을 다룹니다. 부산광역시 전역 상속등기·부동산등기·법인등기·개인회생·파산 등 법무사 업무를 다루는 핵심 지역입니다. 피상속인 사망 후 부동산·토지 등기명의를 상속인 명의로 이전하는 절차입니다. 부산 전역 아파트·상가·토지 상속 사건을 다룹니다. 관할 ,485,c4e677758dfd94ad
/부산지방법원법무사,"부산지방법원 관련 절차를 앞두고 계신가요? 민사·형사 1심 및 보전처분 등 관련 서류 접수가 이뤄집니다. 해운대·기장 일부는 동부지원, 강서·사하 일부는 서부지원 관할일 수 있습니다. 방문 전에 관할, 서류, 신청 순서를 미리 확인하는 것이 중요합니다. 다옴법무사사무소는 부산 해운대 센텀에 있으며, 센텀, 해운대구 일대를 포함해 부산지방법원 접수 전 상담·서류 준비·대리 접수를 도와드립니다. 본 페이지는 공식 기관 사이트가 아니며, 실무상 접수 절차와 준비서류를 법무사 관점에서 안내합니다. 부산지방법원 관련 절차를 앞두고 계신가요? 민사·형사 1심 및 보전처분 등 관련 서류 접수가 이뤄집니다. 해운대·기장 일부는 동부지원, 강서·사하 일부는 서부지원 관할일 수 있습니다. 방문 전에 관할, 서류, 신청 순서를 미리 확인하는 것이 중요합니다. 다옴법무사사무소는 부산 해운대 센텀에 있으며, 센텀, 해운대구 일대를 포함해 부산지방법원 접수 전 상담·서류 준비·대리 접수를 도와드립니다. 본 ",343,612ab039195798cf
/부산지방법원상속등기,부산지방법원와(과) 관련된 상속등기 사건은 관할과 제출 서류를 먼저 맞추는 것이 중요합니다. 부산·울산·경남 일부 민사·형사 1심 관할 법원입니다. 지급명령·가압류 등 민사 절차와 연계됩니다. 피상속인 사망 후 부동산·토지 등기명의를 상속인 명의로 이전하는 절차입니다. 부산 전역 아파트·상가·토지 상속 사건을 다룹니다. 부산지방법원와(과) 관련된 상속등기 사건은 관할과 제출 서류를 먼저 맞추는 것이 중요합니다. 부산·울산·경남 일부 민사·형사 1심 관할 법원입니다. 지급명령·가압류 등 민사 절차와 연계됩니다. 피상속인 사망 후 부동산·토지 등기명의를 상속인 명의로 이전하는 절차입니다. 부산 전역 아파트·상가·토지 상속 사건을 다룹니다. 부산광역시 전역 상속등기·부동산등기·법인등기·개인회생·파산 등 법무사 업무를 다루는 핵심 지역입니다. 피상속인 사망 후 부동산·토지 등기명의를 상속인 명의로 이전하는 절차입니다. 부산 전역 아파트·상가·토지 상속 사건을 다룹니다. 관할 확인 다수 필지,520,de20296c77c42362
/부산지방법원지급명령,"부산지방법원 지급명령은 금전 채권을 비교적 간이한 절차로 청구할 때 검토하는 민사신청입니다. 관할·당사자·청구 원인·증거 자료를 먼저 맞춰야 보정·각하 위험을 줄일 수 있습니다. 부산지방법원 지급명령은 금전 채권을 비교적 간이한 절차로 청구할 때 검토하는 민사신청입니다. 관할·당사자·청구 원인·증거 자료를 먼저 맞춰야 보정·각하 위험을 줄일 수 있습니다. 미수금·대여금·용역비처럼 다툼이 비교적 단순한 금전 청구에서 지급명령을 검토하는 경우가 많습니다. 상대방이 이의를 제기하면 소송으로 이행될 수 있어, 처음부터 ‘이의 가능성’을 함께 봅니다. 지급명령을 검토하는 경우 계약서·거래명세·입금 내역 등 증거가 있고, 상대방·청구액이 특정되며, 관할이 맞을 때 검토합니다. 복잡한 손해배상·감정적 분쟁만으로는 적합하지 않을 수 있습니다. 부산지방법원 관할·접수 포인트 부산·울산·경남 일부 민사·형사 1심 관할 법원입니다. 지급명령·가압류 등 민사 절차와 연계됩니다. 상대방 주소지·사무소 소재",311,bac76324a714871b
/부산지방법원채권회수,부산지방법원와(과) 관련된 채권회수 사건은 관할과 제출 서류를 먼저 맞추는 것이 중요합니다. 부산·울산·경남 일부 민사·형사 1심 관할 법원입니다. 지급명령·가압류 등 민사 절차와 연계됩니다. 대여금·매매대금·임대료 등 채권 회수를 위한 내용증명·지급명령·소송을 지원합니다. 부산지방법원와(과) 관련된 채권회수 사건은 관할과 제출 서류를 먼저 맞추는 것이 중요합니다. 부산·울산·경남 일부 민사·형사 1심 관할 법원입니다. 지급명령·가압류 등 민사 절차와 연계됩니다. 대여금·매매대금·임대료 등 채권 회수를 위한 내용증명·지급명령·소송을 지원합니다. 부산광역시 전역 상속등기·부동산등기·법인등기·개인회생·파산 등 법무사 업무를 다루는 핵심 지역입니다. 대여금·매매대금·임대료 등 채권 회수를 위한 내용증명·지급명령·소송을 지원합니다. 관할 확인 잔금·인도·대출 실행 일정을 한 줄에 두고 등기 접수를 맞춥니다. 중도금 연체가 있으면 계약 특약을 먼저 확인합니다. 전자등기 가능 사건과 방문 열람,467,86c53c65a7cb7178
/부산지분이전등기,"부산 지분이전등기는 부동산 전체 소유권이 아니라, 공유 지분의 일부 또는 전부를 다른 사람에게 넘기는 등기를 찾을 때 쓰는 검색어입니다. 부산 지분이전등기는 부동산 전체 소유권이 아니라, 공유 지분의 일부 또는 전부를 다른 사람에게 넘기는 등기를 찾을 때 쓰는 검색어입니다. 부산 지분이전등기는 부동산 전체 소유권이 아니라, 공유 지분의 일부 또는 전부를 다른 사람에게 넘기는 등기를 찾을 때 쓰는 검색어입니다. 상담 시 확인하는 내용 부산 지분이전 등기 사건은 서류·관할·기한에 따라 진행 순서가 달라집니다. 다옴법무사사무소는 부산 해운대구·센텀에서 상속등기·부동산등기·법인등기·개인회생·파산 등을 다루며, 의뢰인 상황에 맞춰 절차와 비용을 알기 쉽게 설명합니다. 불확실한 부분은 추측으로 단정하지 않고, 확인된 사실을 바탕으로 안내드립니다. 전화·카카오톡·네이버 톡톡으로 간단히 상황을 남겨 주시면 필요한 준비부터 차분히 정리해 드리겠습니다. 지분이전등기와 소유권이전등기 차이는? 소유권이전",292,890dd11a4c08ef75
/부산지점설치등기,"지점설치등기는 본점을 유지한 채 추가 영업소를 등기하는 절차입니다. 본점이전과 구분하고, 결의·주소 증빙·사업자등록을 맞춰 접수해야 합니다. 지점설치등기는 본점을 유지한 채 추가 영업소를 등기하는 절차입니다. 본점이전과 구분하고, 결의·주소 증빙·사업자등록을 맞춰 접수해야 합니다. 본점과 별도로 영업소를 두려면 지점설치등기를 검토해야 합니다. 본점이전등기와는 절차와 효과가 다릅니다. 상담 시 확인하는 내용 부산 지점설치등기 사건은 서류·관할·기한에 따라 진행 순서가 달라집니다. 다옴법무사사무소는 부산 해운대구·센텀에서 상속등기·부동산등기·법인등기·개인회생·파산 등을 다루며, 의뢰인 상황에 맞춰 절차와 비용을 알기 쉽게 설명합니다. 불확실한 부분은 추측으로 단정하지 않고, 확인된 사실을 바탕으로 안내드립니다. 전화·카카오톡·네이버 톡톡으로 간단히 상황을 남겨 주시면 필요한 준비부터 차분히 정리해 드리겠습니다. 본점이전등기와 무엇이 다른가요? 본점이전은 본점 주소를 바꾸는 것이고, 지점",133,1d28e918dc2a7433
/부산지점폐지등기,"지점폐지등기는 등기부상 지점을 말소하는 절차로, 지점설치와 반대입니다. 결의 후 등기하고 지점 사업자등록·금융·대외 주소를 함께 정리해야 합니다. 폐지 대상 지점 주소만 알려주셔도 설치 등기와 구분되는 절차를 안내합니다. 지점폐지등기는 등기부상 지점을 말소하는 절차로, 지점설치와 반대입니다. 결의 후 등기하고 지점 사업자등록·금융·대외 주소를 함께 정리해야 합니다. 폐지 대상 지점 주소만 알려주셔도 설치 등기와 구분되는 절차를 안내합니다. 지점을 닫았는데 등기부에 지점이 남아 있으면 대외 주소·세금·계약에서 불일치가 생깁니다. 지점폐지등기로 공시를 맞춰야 합니다. 상담 시 확인하는 내용 부산 지점폐지등기 사건은 서류·관할·기한에 따라 진행 순서가 달라집니다. 다옴법무사사무소는 부산 해운대구·센텀에서 상속등기·부동산등기·법인등기·개인회생·파산 등을 다루며, 의뢰인 상황에 맞춰 절차와 비용을 알기 쉽게 설명합니다. 불확실한 부분은 추측으로 단정하지 않고, 확인된 사실을 바탕으로 안내드립",155,96459531e6047736
/부산진구법무사,"부산진구에서 법무사를 찾으시면 서면·부전 상권의 상가·오피스와 전포 소형 점포, 양정·연지·개금 주거를 한 구 안에서 나누어 보시면 됩니다. 이 페이지에서는 상가·오피스 부동산등기와 법인 변경을 중심으로 설명합니다. 다옴법무사사무소는 해운대 센텀에서 부산진구 사건을 상담합니다. 부산진구에서 법무사를 찾으시면 서면·부전 상권의 상가·오피스와 전포 소형 점포, 양정·연지·개금 주거를 한 구 안에서 나누어 보시면 됩니다. 이 페이지에서는 상가·오피스 부동산등기와 법인 변경을 중심으로 설명합니다. 다옴법무사사무소는 해운대 센텀에서 부산진구 사건을 상담합니다. 권리금과 건물 등기는 별개입니다. 점포 양수도와 소유권이전을 혼동하면 서류가 어긋납니다. 서면 전용 안내는 서면 페이지입니다. 부산진구 부동산등기는 부산지방법원 등기국 관할입니다. 예전 부산진등기소 명칭으로 검색하셔도 현재 접수는 등기국 기준입니다. 이 페이지에서 다루는 부산진구 업무 통계로 ‘많다’고 단정하지 않습니다. 부산진구 검색",482,0cf22e1d7c28a377
/부산진구법인등기,부산진구에서 법인등기을(를) 진행하려면 관할 확인 후 서류 체크리스트부터 잡는 편이 안전합니다. 서면·부전·전포·양정 일대 상가·오피스·주택 등기 수요가 집중되는 핵심 상권입니다. 주식회사·유한회사 등 법인의 설립 이후 변경·이전 등기를 처리합니다. 센텀·서면 일대 법인 설립·임원변경·본점이전을 안내합니다. 상담 시 서류·일정·비용 범위를 항목별로 안내합니다. 부산진구에서 법인등기을(를) 진행하려면 관할 확인 후 서류 체크리스트부터 잡는 편이 안전합니다. 서면·부전·전포·양정 일대 상가·오피스·주택 등기 수요가 집중되는 핵심 상권입니다. 주식회사·유한회사 등 법인의 설립 이후 변경·이전 등기를 처리합니다. 센텀·서면 일대 법인 설립·임원변경·본점이전을 안내합니다. 상담 시 서류·일정·비용 범위를 항목별로 안내합니다. 서면·부전·전포·양정 일대 상가·오피스·주택 등기 수요가 집중되는 핵심 상권입니다. 주식회사·유한회사 등 법인의 설립 이후 변경·이전 등기를 처리합니다. 센텀·서면 일대,489,d5b117f0c124463e
/부산진구법인설립등기,부산진구 법인설립등기 문의는 소재지·채무·협의 상태에 따라 준비 순서가 달라집니다. 서면·부전·전포·양정 일대 상가·오피스·주택 등기 수요가 집중되는 핵심 상권입니다. 정관 작성·자본금 납입·설립 등기까지 창업 초기 법인 설립 절차를 지원합니다. 상담 시 서류·일정·비용 범위를 항목별로 안내합니다. 부산진구 법인설립등기 문의는 소재지·채무·협의 상태에 따라 준비 순서가 달라집니다. 서면·부전·전포·양정 일대 상가·오피스·주택 등기 수요가 집중되는 핵심 상권입니다. 정관 작성·자본금 납입·설립 등기까지 창업 초기 법인 설립 절차를 지원합니다. 상담 시 서류·일정·비용 범위를 항목별로 안내합니다. 서면·부전·전포·양정 일대 상가·오피스·주택 등기 수요가 집중되는 핵심 상권입니다. 정관 작성·자본금 납입·설립 등기까지 창업 초기 법인 설립 절차를 지원합니다. 지역별 업무 상황 이미 소송·가압류가 있으면 등기 가능 시점부터 다시 설계합니다. 단순 매매 일정과 섞지 않습니다. 회생·파산 경로,463,8d0bc642c84f9360
/부산진구부동산등기,부동산등기을(를) 부산진구 기준으로 볼 때는 동일 절차라도 등기소·법원 창구가 사건별로 갈릴 수 있습니다. 서면·부전·전포·양정 일대 상가·오피스·주택 등기 수요가 집중되는 핵심 상권입니다. 매매·증여·상속 등 원인별 부동산 등기 전반을 다룹니다. 관할 등기소 확인이 우선입니다. 상담 시 서류·일정·비용 범위를 항목별로 안내합니다. 부동산등기을(를) 부산진구 기준으로 볼 때는 동일 절차라도 등기소·법원 창구가 사건별로 갈릴 수 있습니다. 서면·부전·전포·양정 일대 상가·오피스·주택 등기 수요가 집중되는 핵심 상권입니다. 매매·증여·상속 등 원인별 부동산 등기 전반을 다룹니다. 관할 등기소 확인이 우선입니다. 상담 시 서류·일정·비용 범위를 항목별로 안내합니다. 서면·부전·전포·양정 일대 상가·오피스·주택 등기 수요가 집중되는 핵심 상권입니다. 매매·증여·상속 등 원인별 부동산 등기 전반을 다룹니다. 관할 등기소 확인이 우선입니다. 지역별 업무 상황 상속 승인 방식(단순·한정·포기)을,486,f553c01d2943e907
/부산진구비영리법인설립,"부산진구 비영리법인은 허가 후 설립등기합니다. 협회형은 `/협회사단법인설립`을 함께 참고하세요. 부산진구 비영리법인은 허가 후 설립등기합니다. 협회형은 `/협회사단법인설립`을 함께 참고하세요. 서면·전포 등 부산진구에 사무실을 두는 업종 협회·학회·복지 단체는 사단법인 설립을 검토하는 경우가 많습니다. 상담 시 확인하는 내용 부산진구 비영리법인 설립 사건은 서류·관할·기한에 따라 진행 순서가 달라집니다. 다옴법무사사무소는 부산 해운대구·센텀에서 상속등기·부동산등기·법인등기·개인회생·파산 등을 다루며, 의뢰인 상황에 맞춰 절차와 비용을 알기 쉽게 설명합니다. 불확실한 부분은 추측으로 단정하지 않고, 확인된 사실을 바탕으로 안내드립니다. 전화·카카오톡·네이버 톡톡으로 간단히 상황을 남겨 주시면 필요한 준비부터 차분히 정리해 드리겠습니다. 부산진구 비영리법인 설립 상담은 어디서 받을 수 있나요? 다옴법무사사무소는 해운대구 센텀에 있으며, 부산 전역 사건을 전화·카카오톡·네이버 톡톡·방문(",137,3b312e539ab72afa
/부산진구상속등기,"부산진구(부전·전포·양정·개금 일대) 상속등기는 서면권·주거·상가가 섞인 명의이전이 많습니다. 구 단위로 검색했어도 등기 관할은 동·지번 주소로 확정합니다. 부산진구(부전·전포·양정·개금 일대) 상속등기는 서면권·주거·상가가 섞인 명의이전이 많습니다. 구 단위로 검색했어도 등기 관할은 동·지번 주소로 확정합니다. 부산진구(부전·전포·양정·개금 일대) 상속등기는 서면권·주거·상가가 섞인 명의이전이 많습니다. 구 단위로 검색했어도 등기 관할은 동·지번 주소로 확정합니다. 부산진구 상속등기 분기 채무 조사 → 승인 방식 → 협의 → 취득세·등기 순으로 안내합니다. 구 이름이 같아도 사건마다 서류가 다릅니다. 서면권·주거 밀집 지역 상가와 주택이 함께 상속되면 목록을 나눠 진행합니다. 연락두절 상속인이 있으면 절차가 길어질 수 있어 초기에 알립니다. 비용·기한 상속인·부동산 수, 포기·한정승인 병행 여부로 달라집니다. 관련 허브로 이어가기 부산진구 상속등기 세부 안내는 이 페이지에서, 업무",242,1732f82f8f22938e
/부산진구상속포기,상속포기을(를) 부산진구 기준으로 볼 때는 동일 절차라도 등기소·법원 창구가 사건별로 갈릴 수 있습니다. 서면·부전·전포·양정 일대 상가·오피스·주택 등기 수요가 집중되는 핵심 상권입니다. 상속 재산보다 채무가 많을 때 상속을 포기하는 가사 신고 절차입니다. 부산가정법원 관할 사건을 안내합니다. 상담 시 서류·일정·비용 범위를 항목별로 안내합니다. 상속포기을(를) 부산진구 기준으로 볼 때는 동일 절차라도 등기소·법원 창구가 사건별로 갈릴 수 있습니다. 서면·부전·전포·양정 일대 상가·오피스·주택 등기 수요가 집중되는 핵심 상권입니다. 상속 재산보다 채무가 많을 때 상속을 포기하는 가사 신고 절차입니다. 부산가정법원 관할 사건을 안내합니다. 상담 시 서류·일정·비용 범위를 항목별로 안내합니다. 서면·부전·전포·양정 일대 상가·오피스·주택 등기 수요가 집중되는 핵심 상권입니다. 상속 재산보다 채무가 많을 때 상속을 포기하는 가사 신고 절차입니다. 부산가정법원 관할 사건을 안내합니다. 지,502,0a3f24662acae399
/부산진구소유권이전등기,소유권이전등기을(를) 부산진구 기준으로 볼 때는 동일 절차라도 등기소·법원 창구가 사건별로 갈릴 수 있습니다. 서면·부전·전포·양정 일대 상가·오피스·주택 등기 수요가 집중되는 핵심 상권입니다. 부동산 매매·증여 등으로 소유권을 이전하는 등기입니다. 취득세 신고와 일정을 맞춥니다. 상담 시 서류·일정·비용 범위를 항목별로 안내합니다. 소유권이전등기을(를) 부산진구 기준으로 볼 때는 동일 절차라도 등기소·법원 창구가 사건별로 갈릴 수 있습니다. 서면·부전·전포·양정 일대 상가·오피스·주택 등기 수요가 집중되는 핵심 상권입니다. 부동산 매매·증여 등으로 소유권을 이전하는 등기입니다. 취득세 신고와 일정을 맞춥니다. 상담 시 서류·일정·비용 범위를 항목별로 안내합니다. 서면·부전·전포·양정 일대 상가·오피스·주택 등기 수요가 집중되는 핵심 상권입니다. 부동산 매매·증여 등으로 소유권을 이전하는 등기입니다. 취득세 신고와 일정을 맞춥니다. 지역별 업무 상황 전자등기 가능 사건과 방문 열람이,486,f442ab8058f67d2d
/부산진구임원변경등기,임원변경등기을(를) 부산진구 기준으로 볼 때는 동일 절차라도 등기소·법원 창구가 사건별로 갈릴 수 있습니다. 서면·부전·전포·양정 일대 상가·오피스·주택 등기 수요가 집중되는 핵심 상권입니다. 대표이사·이사·감사 변경에 따른 법인 등기입니다. 결의일로부터 등기 기한 준수가 중요합니다. 상담 시 서류·일정·비용 범위를 항목별로 안내합니다. 임원변경등기을(를) 부산진구 기준으로 볼 때는 동일 절차라도 등기소·법원 창구가 사건별로 갈릴 수 있습니다. 서면·부전·전포·양정 일대 상가·오피스·주택 등기 수요가 집중되는 핵심 상권입니다. 대표이사·이사·감사 변경에 따른 법인 등기입니다. 결의일로부터 등기 기한 준수가 중요합니다. 상담 시 서류·일정·비용 범위를 항목별로 안내합니다. 서면·부전·전포·양정 일대 상가·오피스·주택 등기 수요가 집중되는 핵심 상권입니다. 대표이사·이사·감사 변경에 따른 법인 등기입니다. 결의일로부터 등기 기한 준수가 중요합니다. 지역별 업무 상황 상속 승인 방식(단순,465,2a3ef98b4e28a1be
/부산진구한정승인,부산진구에서 한정승인을(를) 진행하려면 관할 확인 후 서류 체크리스트부터 잡는 편이 안전합니다. 서면·부전·전포·양정 일대 상가·오피스·주택 등기 수요가 집중되는 핵심 상권입니다. 상속 재산 범위 내에서만 채무를 변제하고 상속을 승인하는 절차입니다. 채무 조사 후 상속등기와 연계됩니다. 상담 시 서류·일정·비용 범위를 항목별로 안내합니다. 부산진구에서 한정승인을(를) 진행하려면 관할 확인 후 서류 체크리스트부터 잡는 편이 안전합니다. 서면·부전·전포·양정 일대 상가·오피스·주택 등기 수요가 집중되는 핵심 상권입니다. 상속 재산 범위 내에서만 채무를 변제하고 상속을 승인하는 절차입니다. 채무 조사 후 상속등기와 연계됩니다. 상담 시 서류·일정·비용 범위를 항목별로 안내합니다. 서면·부전·전포·양정 일대 상가·오피스·주택 등기 수요가 집중되는 핵심 상권입니다. 상속 재산 범위 내에서만 채무를 변제하고 상속을 승인하는 절차입니다. 채무 조사 후 상속등기와 연계됩니다. 지역별 업무 상황 말,478,337c74c69a469ece
/부산진등기소법무사,"부산진등기소(통합) 관련 절차를 앞두고 계신가요? 부산진등기소는 2021년부터 부산지방법원 등기국으로 통합되었습니다. 부산진구·서면 일대 부동산등기는 등기국에서 접수합니다. 이 페이지는 옛 명칭 검색자를 위한 안내입니다. 방문 전에 관할, 서류, 신청 순서를 미리 확인하는 것이 중요합니다. 다옴법무사사무소는 부산 해운대 센텀에 있으며, 서면, 부전동 일대를 포함해 부산진등기소(통합) 접수 전 상담·서류 준비·대리 접수를 도와드립니다. 본 페이지는 공식 기관 사이트가 아니며, 실무상 접수 절차와 준비서류를 법무사 관점에서 안내합니다. 부산진등기소(통합) 관련 절차를 앞두고 계신가요? 부산진등기소는 2021년부터 부산지방법원 등기국으로 통합되었습니다. 부산진구·서면 일대 부동산등기는 등기국에서 접수합니다. 이 페이지는 옛 명칭 검색자를 위한 안내입니다. 방문 전에 관할, 서류, 신청 순서를 미리 확인하는 것이 중요합니다. 다옴법무사사무소는 부산 해운대 센텀에 있으며, 서면, 부전동 일대",346,d0f0153df41c656c
/부산진등기소부동산등기,부산진등기소와(과) 관련된 부동산등기 사건은 관할과 제출 서류를 먼저 맞추는 것이 중요합니다. 부산진구·서면 일대 상가·오피스·주택 등기가 집중 접수되는 등기소입니다. 매매·증여·상속 등 원인별 부동산 등기 전반을 다룹니다. 관할 등기소 확인이 우선입니다. 부산진등기소와(과) 관련된 부동산등기 사건은 관할과 제출 서류를 먼저 맞추는 것이 중요합니다. 부산진구·서면 일대 상가·오피스·주택 등기가 집중 접수되는 등기소입니다. 매매·증여·상속 등 원인별 부동산 등기 전반을 다룹니다. 관할 등기소 확인이 우선입니다. 부산광역시 전역 상속등기·부동산등기·법인등기·개인회생·파산 등 법무사 업무를 다루는 핵심 지역입니다. 매매·증여·상속 등 원인별 부동산 등기 전반을 다룹니다. 관할 등기소 확인이 우선입니다. 관할 확인 산업단지·재개발·재건축처럼 특수한 권리관계는 일반 매매 체크리스트와 항목을 나눕니다. 말소할 근저당·전세권 목록을 본등기 신청서와 같은 묶음으로 준비합니다. 채권자 협의 필요 여,454,ae339b84204b7add
/부산진등기소소유권이전등기,부산진등기소와(과) 관련된 소유권이전등기 사건은 관할과 제출 서류를 먼저 맞추는 것이 중요합니다. 부산진구·서면 일대 상가·오피스·주택 등기가 집중 접수되는 등기소입니다. 부동산 매매·증여 등으로 소유권을 이전하는 등기입니다. 취득세 신고와 일정을 맞춥니다. 부산진등기소와(과) 관련된 소유권이전등기 사건은 관할과 제출 서류를 먼저 맞추는 것이 중요합니다. 부산진구·서면 일대 상가·오피스·주택 등기가 집중 접수되는 등기소입니다. 부동산 매매·증여 등으로 소유권을 이전하는 등기입니다. 취득세 신고와 일정을 맞춥니다. 부산광역시 전역 상속등기·부동산등기·법인등기·개인회생·파산 등 법무사 업무를 다루는 핵심 지역입니다. 부동산 매매·증여 등으로 소유권을 이전하는 등기입니다. 취득세 신고와 일정을 맞춥니다. 관할 확인 등기원인 문구와 검인·취득세 완납 증빙이 일치하는지 접수 직전에 재확인합니다. 공동매수면 지분 표기를 맞춥니다. 수임·등록면허세·지방교육세·수수료 칸을 나눈 견적 초안을 상담 ,460,64a6efd5e0689f5f
/부산집단등기,"부산 집단등기는 신축 아파트·오피스텔·상가 등에서 다수의 소유권이전·보존·근저당 설정이 한꺼번에 진행되는 일정을 가리키는 검색어입니다. 부산 집단등기는 신축 아파트·오피스텔·상가 등에서 다수의 소유권이전·보존·근저당 설정이 한꺼번에 진행되는 일정을 가리키는 검색어입니다. 부산 집단등기는 신축 아파트·오피스텔·상가 등에서 다수의 소유권이전·보존·근저당 설정이 한꺼번에 진행되는 일정을 가리키는 검색어입니다. 상담 시 확인하는 내용 부산 집단등기 사건은 서류·관할·기한에 따라 진행 순서가 달라집니다. 다옴법무사사무소는 부산 해운대구·센텀에서 상속등기·부동산등기·법인등기·개인회생·파산 등을 다루며, 의뢰인 상황에 맞춰 절차와 비용을 알기 쉽게 설명합니다. 불확실한 부분은 추측으로 단정하지 않고, 확인된 사실을 바탕으로 안내드립니다. 전화·카카오톡·네이버 톡톡으로 간단히 상황을 남겨 주시면 필요한 준비부터 차분히 정리해 드리겠습니다. 집단등기란 무엇인가요? 동일 단지·동일 일정으로 다수 세대",303,7c1085560933c02e
/부산집합건물등기,"집합건물등기는 전유·공용·대지권을 함께 검토해야 합니다. 일반건물 절차와 같다고 가정하지 말고, 집합 건축물대장과 전유부분 등기부를 기준으로 확인한 뒤 필요한 등기 유형을 고르세요. 집합건물등기는 전유·공용·대지권을 함께 검토해야 합니다. 일반건물 절차와 같다고 가정하지 말고, 집합 건축물대장과 전유부분 등기부를 기준으로 확인한 뒤 필요한 등기 유형을 고르세요. 집합건물은 일반 단독건물과 달리 전유부분·공용부분·대지권 표시가 등기 실무의 중심이 됩니다. 비용 안내 비용은 호실 수·면적·대지권 정리 범위, 보존 vs 개별 이전·표시, 공과금·채권 매입 여부 등에 따라 달라질 수 있습니다. 관할·접근 안내 부동산 소재지 관할 등기소 기준으로 접수하며, 부산 해운대·센텀 다옴법무사사무소에서 상담·수임을 진행합니다. 사무소: 부산광역시 해운대구 센텀동로 200 D동 1층 LAB9호 법무사는 부동산등기(건물·토지) 신청·서류 작성·접수 대리 등 등기 관련 업무를 지원합니다. 건축 인허가·철거",255,59e785a1fced5818
/부산체육단체법인설립,"부산 체육단체 사단법인은 허가 후 설립등기합니다. 대한체육회·종목단체 산하 관계는 별도 확인이 필요합니다. 부산 체육단체 사단법인은 허가 후 설립등기합니다. 대한체육회·종목단체 산하 관계는 별도 확인이 필요합니다. 부산 종목별 협회·생활체육·해양·구기 종목 단체는 사단법인 설립을 검토할 수 있습니다. 상담 시 확인하는 내용 부산 체육단체 법인설립 사건은 서류·관할·기한에 따라 진행 순서가 달라집니다. 다옴법무사사무소는 부산 해운대구·센텀에서 상속등기·부동산등기·법인등기·개인회생·파산 등을 다루며, 의뢰인 상황에 맞춰 절차와 비용을 알기 쉽게 설명합니다. 불확실한 부분은 추측으로 단정하지 않고, 확인된 사실을 바탕으로 안내드립니다. 전화·카카오톡·네이버 톡톡으로 간단히 상황을 남겨 주시면 필요한 준비부터 차분히 정리해 드리겠습니다. 부산 체육단체 법인설립 상담은 어디서 받을 수 있나요? 다옴법무사사무소는 해운대구 센텀에 있으며, 부산 전역 사건을 전화·카카오톡·네이버 톡톡·방문(예약)",140,eea2c9132d1b2af1
/부산토지매매등기,"부산 토지 매매등기는 지목·면적·분필·이용제한을 소유권이전보다 먼저 확인하는 안내입니다. 부산 토지 매매등기는 지목·면적·분필·이용제한을 소유권이전보다 먼저 확인하는 안내입니다. 부산 토지 매매등기는 지목·면적·분필·이용제한을 소유권이전보다 먼저 확인하는 안내입니다. 상담 시 확인하는 내용 부산 토지 매매등기 사건은 서류·관할·기한에 따라 진행 순서가 달라집니다. 다옴법무사사무소는 부산 해운대구·센텀에서 상속등기·부동산등기·법인등기·개인회생·파산 등을 다루며, 의뢰인 상황에 맞춰 절차와 비용을 알기 쉽게 설명합니다. 불확실한 부분은 추측으로 단정하지 않고, 확인된 사실을 바탕으로 안내드립니다. 전화·카카오톡·네이버 톡톡으로 간단히 상황을 남겨 주시면 필요한 준비부터 차분히 정리해 드리겠습니다. 토지 매매등기에서 가장 먼저 확인할 것은? 등기부·토지대장의 지목·면적·소유자, 계약 목적물과의 일치 여부입니다. 농지·임야면 등기 전에 허가가 필요한가요? 사안에 따라 다를 수 있어 단정하지",198,fdec219b4785f922
/부산토지상속등기,"부산 토지상속등기 관련 문의가 늘고 있습니다. 토지·임야·농지 상속 재개발·재건축·신축 분양·토지 상속 등은 일반 매매와 권리 관계가 다릅니다. 기장군, 금정구 일대 사건도 조합원 지위·분양권·저당권·상속인 협의가 겹치면 절차가 복잡해집니다. 다옴법무사사무소는 분할·협의 농지취득자격 다수 상속인 등 실무 포인트를 중심으로 상담·진행합니다. 부산 토지상속등기 관련 문의가 늘고 있습니다. 토지·임야·농지 상속 재개발·재건축·신축 분양·토지 상속 등은 일반 매매와 권리 관계가 다릅니다. 기장군, 금정구 일대 사건도 조합원 지위·분양권·저당권·상속인 협의가 겹치면 절차가 복잡해집니다. 다옴법무사사무소는 분할·협의 농지취득자격 다수 상속인 등 실무 포인트를 중심으로 상담·진행합니다. 부산 토지상속등기 — 토지·임야·농지 상속. 다옴법무사사무소 안윤정 법무사. 기장군, 금정구 상담. 비용 안내 부산 토지상속등기 비용은 부동산 가액·말소 등기·상속인 수에 따라 다릅니다. 상담 후 견적을 안내합니",252,ddd83a4d20e5febe
/부산특수법인등기,"부산 특수법인 등기는 법인 유형별 근거 법률과 주무관청·등기소 관할을 먼저 확인해야 합니다. 법무사는 등기와 관련 서류 작성·접수에 집중하며, 행정 허가·인가·세무는 별도 영역입니다. 부산 특수법인 등기는 법인 유형별 근거 법률과 주무관청·등기소 관할을 먼저 확인해야 합니다. 법무사는 등기와 관련 서류 작성·접수에 집중하며, 행정 허가·인가·세무는 별도 영역입니다. ‘특수법인’은 일상적으로 주식회사 외 법인을 통칭하는 말로, 실무에서는 근거 법률별로 절차가 완전히 다릅니다. 상담 시 확인하는 내용 부산 특수법인 등기 사건은 서류·관할·기한에 따라 진행 순서가 달라집니다. 다옴법무사사무소는 부산 해운대구·센텀에서 상속등기·부동산등기·법인등기·개인회생·파산 등을 다루며, 의뢰인 상황에 맞춰 절차와 비용을 알기 쉽게 설명합니다. 불확실한 부분은 추측으로 단정하지 않고, 확인된 사실을 바탕으로 안내드립니다. 전화·카카오톡·네이버 톡톡으로 간단히 상황을 남겨 주시면 필요한 준비부터 차분히 정",155,c132a0dc9ab1937a
/부산파산,"검색어의 ‘파산’은 기업 파산과 개인파산·면책을 한 말로 묶는 경우가 많습니다. 이 페이지는 그 차이만 가른 뒤, 개인 채무 정리는 부산 개인파산 대표 안내로 연결합니다. 등기소·상속·매매와는 다른 부산회생법원 절차입니다. 검색어의 ‘파산’은 기업 파산과 개인파산·면책을 한 말로 묶는 경우가 많습니다. 이 페이지는 그 차이만 가른 뒤, 개인 채무 정리는 부산 개인파산 대표 안내로 연결합니다. 등기소·상속·매매와는 다른 부산회생법원 절차입니다. 파산이라는 말과 개인파산·면책 신청을 구분하는 안내입니다. 자격·서류·부산회생법원 준비는 부산 개인파산 대표 페이지에서 이어집니다. 개인파산 페이지의 역할 이 페이지는 개인파산·면책을 검토할 때의 안내입니다. 회생과 파산 중 무엇을 볼지는 개인회생·파산 허브에서 비교하고, 소득이 있어 변제 계획을 볼 수 있으면 개인회생 안내로 이어집니다. 같은 문장으로 종합 키워드를 반복하지 않습니다. 비용 안내 개인파산도 사건 복잡도에 따라 수임료가 달라집니",290,a917755dbd0f8fc1
/부산파산법무사,"부산 파산 법무사 검색 시, 키워드만 보고 결정하기보다 파산 신청 실무에 맞는 서류·기한·관할·비용을 먼저 확인하는 것이 안전합니다. 부산 파산 법무사 검색 시, 키워드만 보고 결정하기보다 파산 신청 실무에 맞는 서류·기한·관할·비용을 먼저 확인하는 것이 안전합니다. 부산 파산 법무사 검색 시, 키워드만 보고 결정하기보다 파산 신청 실무에 맞는 서류·기한·관할·비용을 먼저 확인하는 것이 안전합니다. 상담 시 확인하는 내용 부산 파산 법무사 사건은 서류·관할·기한에 따라 진행 순서가 달라집니다. 다옴법무사사무소는 부산 해운대구·센텀에서 상속등기·부동산등기·법인등기·개인회생·파산 등을 다루며, 의뢰인 상황에 맞춰 절차와 비용을 알기 쉽게 설명합니다. 불확실한 부분은 추측으로 단정하지 않고, 확인된 사실을 바탕으로 안내드립니다. 전화·카카오톡·네이버 톡톡으로 간단히 상황을 남겨 주시면 필요한 준비부터 차분히 정리해 드리겠습니다. 부산 파산 법무사 검색 시 무엇을 먼저 확인해야 하나요? 부",289,b90cd921ea84ea1e
/부산파산신청,"부산 파산신청 검색 시, 키워드만 보고 결정하기보다 파산 신청에 맞는 서류·기한·관할·비용을 먼저 확인하는 것이 안전합니다. 부산 파산신청 검색 시, 키워드만 보고 결정하기보다 파산 신청에 맞는 서류·기한·관할·비용을 먼저 확인하는 것이 안전합니다. 부산 파산신청 검색 시, 키워드만 보고 결정하기보다 파산 신청에 맞는 서류·기한·관할·비용을 먼저 확인하는 것이 안전합니다. 상담 시 확인하는 내용 부산 파산신청 사건은 서류·관할·기한에 따라 진행 순서가 달라집니다. 다옴법무사사무소는 부산 해운대구·센텀에서 상속등기·부동산등기·법인등기·개인회생·파산 등을 다루며, 의뢰인 상황에 맞춰 절차와 비용을 알기 쉽게 설명합니다. 불확실한 부분은 추측으로 단정하지 않고, 확인된 사실을 바탕으로 안내드립니다. 전화·카카오톡·네이버 톡톡으로 간단히 상황을 남겨 주시면 필요한 준비부터 차분히 정리해 드리겠습니다. 부산 파산신청 검색 시 무엇을 먼저 확인해야 하나요? 부산 파산신청는 보통 ‘견적만’이 아",276,50041cac9ed804d7
/부산파산전문법무사,"부산 파산전문 법무사로 들어오는 검색은 대부분 개인파산·면책을 한꺼번에 떠올리는 짧은 검색어입니다. 이 페이지는 변제여력·면책 심사 내용을 새로 다루는 곳이 아니라, 파산이라는 짧은 말을 대표 절차로 연결하는 브리지입니다. 부산 파산전문 법무사로 들어오는 검색은 대부분 개인파산·면책을 한꺼번에 떠올리는 짧은 검색어입니다. 이 페이지는 변제여력·면책 심사 내용을 새로 다루는 곳이 아니라, 파산이라는 짧은 말을 대표 절차로 연결하는 브리지입니다. 부산 파산전문 법무사로 들어오는 검색은 대부분 개인파산·면책을 한꺼번에 떠올리는 짧은 검색어입니다. 이 페이지는 변제여력·면책 심사 내용을 새로 다루는 곳이 아니라, 파산이라는 짧은 말을 대표 절차로 연결하는 브리지입니다. 상담 시 확인하는 내용 부산 파산전문 법무사 사건은 서류·관할·기한에 따라 진행 순서가 달라집니다. 다옴법무사사무소는 부산 해운대구·센텀에서 상속등기·부동산등기·법인등기·개인회생·파산 등을 다루며, 의뢰인 상황에 맞춰 절차와",197,a3b28e8986284928
/부산학교법인등기,"부산 학교법인은 부산광역시교육감 설립·변경인가 후 등기합니다. 부산 학교법인은 부산광역시교육감 설립·변경인가 후 등기합니다. 부산에 주사무소·학교를 두는 학교법인은 부산광역시교육감 인가 후 부산 관할 등기소에 등기합니다. 상담 시 확인하는 내용 부산 학교법인 등기 사건은 서류·관할·기한에 따라 진행 순서가 달라집니다. 다옴법무사사무소는 부산 해운대구·센텀에서 상속등기·부동산등기·법인등기·개인회생·파산 등을 다루며, 의뢰인 상황에 맞춰 절차와 비용을 알기 쉽게 설명합니다. 불확실한 부분은 추측으로 단정하지 않고, 확인된 사실을 바탕으로 안내드립니다. 전화·카카오톡·네이버 톡톡으로 간단히 상황을 남겨 주시면 필요한 준비부터 차분히 정리해 드리겠습니다. 부산 학교법인 등기 상담은 어디서 받을 수 있나요? 다옴법무사사무소는 해운대구 센텀에 있으며, 부산 전역 사건을 전화·카카오톡·네이버 톡톡·방문(예약)으로 상담합니다. 비용은 어떻게 안내되나요? 사건 복잡도·부동산 가액·상속인 수·채무 규",129,743db903494182b8
/부산한정승인,"한정승인을 검색하는 이유는 보통 세 가지입니다. 첫째, 상속재산보다 채무가 많을 수 있다고 느껴질 때입니다. 둘째, 금융·보증·세금 채무를 아직 다 확인하지 못했는데 3개월 기한이 다가올 때입니다. 셋째, 이미 예금을 일부 쓰거나 물건을 처분한 뒤에도 절차가 가능한지 궁금할 때입니다. 부산 한정승인 상담에서는 사망일·인지일, 상속인 범위, 확인된 재산과 채무, 처분·변제 이력을 순서대로 봅니다. 상속포기와 달리 재산을 남길 여지가 있으면 한정승인이 맞는지, 후순위 상속인에게 채무가 넘어가는 포기가 맞는지부터 가릅니다. 이 페이지는 ‘부산 한정승인 법무사’ 검색 의도에 맞춘 대표 안내이며, 부모님 빚 상속 확인·3개월 경과·미성년 상속인 등은 관련 상황 안내와 연결됩니다. 비슷해 보이는 단순승인과 다른 점은 ‘상속은 하되 채무 부담을 상속재산 한도로 제한한다’는 점입니다. 상황이 달라지는 조건은 처분·인출 이력, 상속인별 선택 불일치, 해외·미성년 상속인, 이미 지난 인지일입니다. 서",878,fa44840a8a733e09
/부산한정승인전문법무사,"부산 한정승인전문 법무사로 문의하는 경우 핵심은 전문이라는 표현이 아니라 사망 사실과 상속 개시를 안 날을 기준으로 한 3개월 기한, 그리고 상속인·재산·채무를 빠르게 확인하는 일입니다. 상속등기를 먼저 할지 여부만으로 시간을 판단하면 중요한 기한을 놓칠 수 있습니다. 부산 한정승인전문 법무사로 문의하는 경우 핵심은 전문이라는 표현이 아니라 사망 사실과 상속 개시를 안 날을 기준으로 한 3개월 기한, 그리고 상속인·재산·채무를 빠르게 확인하는 일입니다. 상속등기를 먼저 할지 여부만으로 시간을 판단하면 중요한 기한을 놓칠 수 있습니다. 부산 한정승인전문 법무사로 문의하는 경우 핵심은 전문이라는 표현이 아니라 사망 사실과 상속 개시를 안 날을 기준으로 한 3개월 기한, 그리고 상속인·재산·채무를 빠르게 확인하는 일입니다. 상속등기를 먼저 할지 여부만으로 시간을 판단하면 중요한 기한을 놓칠 수 있습니다. 상담 시 확인하는 내용 부산 한정승인전문 법무사 사건은 서류·관할·기한에 따라 진행 ",243,4b79efb0b22d63ba
/부산협동조합설립등기,"부산 협동조합 설립등기는 창립총회일부터 2주 이내 관할 등기소에 접수해야 합니다. 법무사는 정관·의사록·등기신청서 작성·접수를 지원합니다. 부산 협동조합 설립등기는 창립총회일부터 2주 이내 관할 등기소에 접수해야 합니다. 법무사는 정관·의사록·등기신청서 작성·접수를 지원합니다. 일반협동조합은 협동조합기본법에 따라 창립총회 후 별도 인가 없이 설립등기를 진행합니다. 상담 시 확인하는 내용 부산 협동조합 설립등기 사건은 서류·관할·기한에 따라 진행 순서가 달라집니다. 다옴법무사사무소는 부산 해운대구·센텀에서 상속등기·부동산등기·법인등기·개인회생·파산 등을 다루며, 의뢰인 상황에 맞춰 절차와 비용을 알기 쉽게 설명합니다. 불확실한 부분은 추측으로 단정하지 않고, 확인된 사실을 바탕으로 안내드립니다. 전화·카카오톡·네이버 톡톡으로 간단히 상황을 남겨 주시면 필요한 준비부터 차분히 정리해 드리겠습니다. 협동조합 최소 조합원 수는? 협동조합기본법상 조합원 수 요건이 있으므로, 창립 전 법령과 ",137,bb5aabe36d3e3211
/부산협회단체법인설립,"부산 협회·단체의 법인설립은 사단법인 설립허가 후 등기가 일반적입니다. 협동조합·주식회사와 구조가 다르므로 `/협회사단법인설립`, `/사단법인과재단법인차이`도 함께 참고하세요. 부산 협회·단체의 법인설립은 사단법인 설립허가 후 등기가 일반적입니다. 협동조합·주식회사와 구조가 다르므로 `/협회사단법인설립`, `/사단법인과재단법인차이`도 함께 참고하세요. 부산의 협회·학회·동호회·업종단체가 법인격을 갖추려면 대개 민법상 사단법인 설립을 검토합니다. 상담 시 확인하는 내용 부산 협회·단체 법인설립 사건은 서류·관할·기한에 따라 진행 순서가 달라집니다. 다옴법무사사무소는 부산 해운대구·센텀에서 상속등기·부동산등기·법인등기·개인회생·파산 등을 다루며, 의뢰인 상황에 맞춰 절차와 비용을 알기 쉽게 설명합니다. 불확실한 부분은 추측으로 단정하지 않고, 확인된 사실을 바탕으로 안내드립니다. 전화·카카오톡·네이버 톡톡으로 간단히 상황을 남겨 주시면 필요한 준비부터 차분히 정리해 드리겠습니다. 협회는",138,446a4880234d376c
/부산확정일자전세권비교,"부산 확정일자 전세권 비교는 확정일자·전세권·임차권 비교을(를) 찾는 분이 상담 전 절차와 서류를 확인하기 위한 안내입니다. 부산 확정일자 전세권 비교는 확정일자·전세권·임차권 비교을(를) 찾는 분이 상담 전 절차와 서류를 확인하기 위한 안내입니다. 부산 확정일자 전세권 비교는 확정일자·전세권·임차권 비교을(를) 찾는 분이 상담 전 절차와 서류를 확인하기 위한 안내입니다. 상담 시 확인하는 내용 부산 확정일자 전세권 비교 사건은 서류·관할·기한에 따라 진행 순서가 달라집니다. 다옴법무사사무소는 부산 해운대구·센텀에서 상속등기·부동산등기·법인등기·개인회생·파산 등을 다루며, 의뢰인 상황에 맞춰 절차와 비용을 알기 쉽게 설명합니다. 불확실한 부분은 추측으로 단정하지 않고, 확인된 사실을 바탕으로 안내드립니다. 전화·카카오톡·네이버 톡톡으로 간단히 상황을 남겨 주시면 필요한 준비부터 차분히 정리해 드리겠습니다. 확정일자와 전세권은 같은가요? 다릅니다. 확정일자는 임대차계약서에 날짜를 부여",223,399a4ac0a7ae298a
/부산회생법무사,"부산에서 ‘회생 법무사’를 검색하는 분들은 대부분 개인회생 절차를 알아보는 경우가 많습니다. 법인회생·워크아웃과는 범위가 다르므로, 먼저 개인회생인지 확인하는 것이 좋습니다. 부산에서 ‘회생 법무사’를 검색하는 분들은 대부분 개인회생 절차를 알아보는 경우가 많습니다. 법인회생·워크아웃과는 범위가 다르므로, 먼저 개인회생인지 확인하는 것이 좋습니다. 부산에서 ‘회생 법무사’를 검색하는 분들은 대부분 개인회생 절차를 알아보는 경우가 많습니다. 법인회생·워크아웃과는 범위가 다르므로, 먼저 개인회생인지 확인하는 것이 좋습니다. 상담 시 확인하는 내용 부산 회생 법무사 사건은 서류·관할·기한에 따라 진행 순서가 달라집니다. 다옴법무사사무소는 부산 해운대구·센텀에서 상속등기·부동산등기·법인등기·개인회생·파산 등을 다루며, 의뢰인 상황에 맞춰 절차와 비용을 알기 쉽게 설명합니다. 불확실한 부분은 추측으로 단정하지 않고, 확인된 사실을 바탕으로 안내드립니다. 전화·카카오톡·네이버 톡톡으로 간단히 ",168,26c814af6d812c0f
/부산회생법원개인파산,부산회생법원와(과) 관련된 개인파산 사건은 관할과 제출 서류를 먼저 맞추는 것이 중요합니다. 부산·경남 일대 개인회생·개인파산·법인회생 사건을 관할하는 전문 법원입니다. 채무 전액 면책이 필요한 경우 개인파산 절차를 검토합니다. 회생과 비교 상담이 가능합니다. 부산회생법원와(과) 관련된 개인파산 사건은 관할과 제출 서류를 먼저 맞추는 것이 중요합니다. 부산·경남 일대 개인회생·개인파산·법인회생 사건을 관할하는 전문 법원입니다. 채무 전액 면책이 필요한 경우 개인파산 절차를 검토합니다. 회생과 비교 상담이 가능합니다. 부산광역시 전역 상속등기·부동산등기·법인등기·개인회생·파산 등 법무사 업무를 다루는 핵심 지역입니다. 채무 전액 면책이 필요한 경우 개인파산 절차를 검토합니다. 회생과 비교 상담이 가능합니다. 관할 확인 상속 승인 방식(단순·한정·포기)을 등기 일정과 분리해 먼저 가립니다. 3개월 기한을 별도 표시합니다. 잔금·인도·대출 실행 일정을 한 줄에 두고 등기 접수를 맞춥니다.,477,b5ec75d67878aedb
/부산회생법원개인회생,부산회생법원와(과) 관련된 개인회생 사건은 관할과 제출 서류를 먼저 맞추는 것이 중요합니다. 부산·경남 일대 개인회생·개인파산·법인회생 사건을 관할하는 전문 법원입니다. 부산회생법원 관할 개인회생 신청·변제계획 수립을 지원합니다. 소득·재산 구조에 맞는 절차를 안내합니다. 부산회생법원와(과) 관련된 개인회생 사건은 관할과 제출 서류를 먼저 맞추는 것이 중요합니다. 부산·경남 일대 개인회생·개인파산·법인회생 사건을 관할하는 전문 법원입니다. 부산회생법원 관할 개인회생 신청·변제계획 수립을 지원합니다. 소득·재산 구조에 맞는 절차를 안내합니다. 부산광역시 전역 상속등기·부동산등기·법인등기·개인회생·파산 등 법무사 업무를 다루는 핵심 지역입니다. 부산회생법원 관할 개인회생 신청·변제계획 수립을 지원합니다. 소득·재산 구조에 맞는 절차를 안내합니다. 관할 확인 수임·등록면허세·지방교육세·수수료 칸을 나눈 견적 초안을 상담 후 공유합니다. 추가 보정 비용은 별도 줄입니다. 이미 소송·가압류가,463,65089adc6c653683
/부산회생법원법무사,"부산회생법원 관련 절차를 앞두고 계신가요? 부산·경남 일대 개인회생·개인파산·법인회생 사건을 관할합니다. 신청 전 채무·소득·재산 현황 정리가 필요합니다. 방문 전에 관할, 서류, 신청 순서를 미리 확인하는 것이 중요합니다. 다옴법무사사무소는 부산 해운대 센텀에 있으며, 사상구, 북구 일대를 포함해 부산회생법원 접수 전 상담·서류 준비·대리 접수를 도와드립니다. 본 페이지는 공식 기관 사이트가 아니며, 실무상 접수 절차와 준비서류를 법무사 관점에서 안내합니다. 부산회생법원 관련 절차를 앞두고 계신가요? 부산·경남 일대 개인회생·개인파산·법인회생 사건을 관할합니다. 신청 전 채무·소득·재산 현황 정리가 필요합니다. 방문 전에 관할, 서류, 신청 순서를 미리 확인하는 것이 중요합니다. 다옴법무사사무소는 부산 해운대 센텀에 있으며, 사상구, 북구 일대를 포함해 부산회생법원 접수 전 상담·서류 준비·대리 접수를 도와드립니다. 본 페이지는 공식 기관 사이트가 아니며, 실무상 접수 절차와 준비",296,aa24a2fbb745345f
/부산회생상담,"부산 회생 상담 검색 시, 키워드만 보고 결정하기보다 회생 상담에 맞는 서류·기한·관할·비용을 먼저 확인하는 것이 안전합니다. 부산 회생 상담 검색 시, 키워드만 보고 결정하기보다 회생 상담에 맞는 서류·기한·관할·비용을 먼저 확인하는 것이 안전합니다. 부산 회생 상담 검색 시, 키워드만 보고 결정하기보다 회생 상담에 맞는 서류·기한·관할·비용을 먼저 확인하는 것이 안전합니다. 상담 시 확인하는 내용 부산 회생 상담 사건은 서류·관할·기한에 따라 진행 순서가 달라집니다. 다옴법무사사무소는 부산 해운대구·센텀에서 상속등기·부동산등기·법인등기·개인회생·파산 등을 다루며, 의뢰인 상황에 맞춰 절차와 비용을 알기 쉽게 설명합니다. 불확실한 부분은 추측으로 단정하지 않고, 확인된 사실을 바탕으로 안내드립니다. 전화·카카오톡·네이버 톡톡으로 간단히 상황을 남겨 주시면 필요한 준비부터 차분히 정리해 드리겠습니다. 부산 회생 상담 검색 시 무엇을 먼저 확인해야 하나요? 부산 회생 상담는 보통 ‘견",283,5e401c520b81858e
/부산회생전문법무사,"부산 회생전문 법무사라는 검색어는 보통 개인회생을 줄여 부르는 경우가 많습니다. 이 페이지는 소득·지출표를 새로 만드는 곳이 아니라, 짧은 회생 검색어를 대표 절차로 안전하게 연결하는 브리지입니다. 부산 회생전문 법무사라는 검색어는 보통 개인회생을 줄여 부르는 경우가 많습니다. 이 페이지는 소득·지출표를 새로 만드는 곳이 아니라, 짧은 회생 검색어를 대표 절차로 안전하게 연결하는 브리지입니다. 부산 회생전문 법무사라는 검색어는 보통 개인회생을 줄여 부르는 경우가 많습니다. 이 페이지는 소득·지출표를 새로 만드는 곳이 아니라, 짧은 회생 검색어를 대표 절차로 안전하게 연결하는 브리지입니다. 상담 시 확인하는 내용 부산 회생전문 법무사 사건은 서류·관할·기한에 따라 진행 순서가 달라집니다. 다옴법무사사무소는 부산 해운대구·센텀에서 상속등기·부동산등기·법인등기·개인회생·파산 등을 다루며, 의뢰인 상황에 맞춰 절차와 비용을 알기 쉽게 설명합니다. 불확실한 부분은 추측으로 단정하지 않고, 확",182,fc10b4c2337c75e7
/부산휴면법인계속등기,"휴면법인 계속등기는 법인을 유지·재가동하기 위한 등기 정비이며, 해산·청산으로 말소하는 절차와 구분됩니다. 임원·주소·과태료 상태를 함께 점검해야 합니다. 등기사항증명서만 가져오셔도 계속·해산 중 검토 방향을 나눌 수 있습니다. 휴면법인 계속등기는 법인을 유지·재가동하기 위한 등기 정비이며, 해산·청산으로 말소하는 절차와 구분됩니다. 임원·주소·과태료 상태를 함께 점검해야 합니다. 등기사항증명서만 가져오셔도 계속·해산 중 검토 방향을 나눌 수 있습니다. 휴면 상태 법인을 다시 운영하려면 계속등기·임원 정비를 검토합니다. 해산·청산(/부산법인해산청산등기)으로 없애는 것과는 반대 선택입니다. 상담 시 확인하는 내용 부산 휴면법인 계속등기 사건은 서류·관할·기한에 따라 진행 순서가 달라집니다. 다옴법무사사무소는 부산 해운대구·센텀에서 상속등기·부동산등기·법인등기·개인회생·파산 등을 다루며, 의뢰인 상황에 맞춰 절차와 비용을 알기 쉽게 설명합니다. 불확실한 부분은 추측으로 단정하지 않고, ",149,f7e55cff9fe167ff
/부전동법무사,"부전동 법무사를 찾으시면 부전 지번 상가·오피스텔의 매매등기·권리금과 소유권 구분을 이 페이지에서 보시면 됩니다. 서면 상권 브랜드·환승 허브 안내는 서면 페이지, 부산진구 전체는 부산진구 안내가 맞습니다. 부전동 법무사를 찾으시면 부전 지번 상가·오피스텔의 매매등기·권리금과 소유권 구분을 이 페이지에서 보시면 됩니다. 서면 상권 브랜드·환승 허브 안내는 서면 페이지, 부산진구 전체는 부산진구 안내가 맞습니다. 부전동 법무사를 찾으시면 부전 지번 상가·오피스텔의 매매등기·권리금과 소유권 구분을 이 페이지에서 보시면 됩니다. 서면 상권 브랜드·환승 허브 안내는 서면 페이지, 부산진구 전체는 부산진구 안내가 맞습니다. 부전동과 서면 안내의 관계 서면은 부전·전포를 아우르는 상권 허브이고, 부전동은 그 안의 행정동 생활권입니다. 서면 검색으로 오신 뒤 부전 지번만 확정되면 이 페이지의 상가·오피스텔 등기 실무를 보시면 됩니다. 부전 상가·오피스텔 잔금일 등기 매도인 근저당 말소, 소유권이",303,46b7765dfda8042c
/부전동소유권이전등기,부전동에서 소유권이전등기을(를) 진행하려면 관할 확인 후 서류 체크리스트부터 잡는 편이 안전합니다. 부전동 상가·오피스텔 매매 등기 수요가 있는 동입니다. 부동산 매매·증여 등으로 소유권을 이전하는 등기입니다. 취득세 신고와 일정을 맞춥니다. 상담 시 서류·일정·비용 범위를 항목별로 안내합니다. 부전동에서 소유권이전등기을(를) 진행하려면 관할 확인 후 서류 체크리스트부터 잡는 편이 안전합니다. 부전동 상가·오피스텔 매매 등기 수요가 있는 동입니다. 부동산 매매·증여 등으로 소유권을 이전하는 등기입니다. 취득세 신고와 일정을 맞춥니다. 상담 시 서류·일정·비용 범위를 항목별로 안내합니다. 부전동 상가·오피스텔 매매 등기 수요가 있는 동입니다. 부동산 매매·증여 등으로 소유권을 이전하는 등기입니다. 취득세 신고와 일정을 맞춥니다. 지역별 업무 상황 산업단지·재개발·재건축처럼 특수한 권리관계는 일반 매매 체크리스트와 항목을 나눕니다. 말소할 근저당·전세권 목록을 본등기 신청서와 같은 묶음,463,483f946087a760fa
/북구개인회생,"북구에 거주하면서 개인회생을 찾는 경우, 이 페이지는 해당 구·동의 상담 진입점입니다. 신청 자격·서류·부산회생법원 준비의 전체 절차는 상위 안내에서 이어집니다. 등기소·상속·매매와는 다른 법원 절차입니다. 북구에 거주하면서 개인회생을 찾는 경우, 이 페이지는 해당 구·동의 상담 진입점입니다. 신청 자격·서류·부산회생법원 준비의 전체 절차는 상위 안내에서 이어집니다. 등기소·상속·매매와는 다른 법원 절차입니다. 북구 개인회생 상담 안내. 부산회생법원 관할. 소득·채무·재산 기준으로 준비 순서를 안내하며 인가·면책은 보장하지 않습니다. 비용 안내 개인회생은 채무 규모·재산·소득에 따라 수임료가 책정됩니다. 법원 납부금과 변제 계획은 별도이며, 상담 시 총 부담 구조를 설명합니다. 북구 의뢰 사건도 동일한 기준으로 견적을 안내합니다. 관할·접근 안내 북구 개인회생은 부동산 등기소가 아니라 부산회생법원 사건을 기준으로 안내합니다. 접수·보정 일정은 사건마다 달라 확정하지 않습니다. 채무·",242,b5c56f4ab2e2d362
/북구법무사,북구에서 법무사를 찾으시면 화명·덕천·구포 실거주 아파트의 상속·매매와 개인회생 상담을 이 페이지에서 나누시면 됩니다. 이 페이지에서는 상속·개인회생·부동산등기를 중심으로 설명합니다. 다옴법무사사무소는 해운대 센텀에서 북구 사건을 상담합니다. 북구에서 법무사를 찾으시면 화명·덕천·구포 실거주 아파트의 상속·매매와 개인회생 상담을 이 페이지에서 나누시면 됩니다. 이 페이지에서는 상속·개인회생·부동산등기를 중심으로 설명합니다. 다옴법무사사무소는 해운대 센텀에서 북구 사건을 상담합니다. 대단지 아파트는 근저당·전세권이 남아 있는 경우가 많아 등기부를 먼저 봅니다. 개인회생은 부산회생법원 사건이며 등기소와 창구가 다릅니다. 북구 부동산등기 관할은 북부산등기소입니다. 이 페이지에서 다루는 북구 업무 통계로 ‘많다’고 단정하지 않습니다. 북구 검색 의도에 맞춰 아래 업무를 중심으로 안내합니다. 상속등기: 아파트 공동상속 개인회생: 소득·채무·재산 목록 화명동: 신도시 주거 덕천동: 역세권 주거,423,4ca396136328da5b
/북구법인등기,"북구(구포·덕천·화명·금곡 일대) 법인등기는 주거·근린상권 본점과 소규모 법인 설립·임원변경이 많습니다. 화명·덕천 상가 법인과 구포 일대 본점을 주소로 구분해 안내합니다. 북구(구포·덕천·화명·금곡 일대) 법인등기는 주거·근린상권 본점과 소규모 법인 설립·임원변경이 많습니다. 화명·덕천 상가 법인과 구포 일대 본점을 주소로 구분해 안내합니다. 북구(구포·덕천·화명·금곡 일대) 법인등기는 주거·근린상권 본점과 소규모 법인 설립·임원변경이 많습니다. 화명·덕천 상가 법인과 구포 일대 본점을 주소로 구분해 안내합니다. 북구 법인등기 안내 초점 신규 설립인지, 기존 법인 변경인지 먼저 나눕니다. 화명신도시·덕천 상권은 본점 임대차와 등기 일정을 함께 봅니다. 소규모 법인 실무 1인 회사·가족 법인은 취임승낙·인감·의사록 형식을 단순화해 안내하되, 법적 요건은 지킵니다. 비용·기한 설립과 변경의 비용 구성이 다릅니다. 견적은 서류 확인 후 항목별로 드립니다. 관련 허브로 이어가기 북구 법인",242,e42143f3396bd077
/북구법인설립등기,북구에서 법인설립등기을(를) 진행하려면 관할 확인 후 서류 체크리스트부터 잡는 편이 안전합니다. 덕천·화명·구포 일대 대단지 아파트 상속·개인회생 상담이 많은 구입니다. 정관 작성·자본금 납입·설립 등기까지 창업 초기 법인 설립 절차를 지원합니다. 상담 시 서류·일정·비용 범위를 항목별로 안내합니다. 북구에서 법인설립등기을(를) 진행하려면 관할 확인 후 서류 체크리스트부터 잡는 편이 안전합니다. 덕천·화명·구포 일대 대단지 아파트 상속·개인회생 상담이 많은 구입니다. 정관 작성·자본금 납입·설립 등기까지 창업 초기 법인 설립 절차를 지원합니다. 상담 시 서류·일정·비용 범위를 항목별로 안내합니다. 덕천·화명·구포 일대 대단지 아파트 상속·개인회생 상담이 많은 구입니다. 정관 작성·자본금 납입·설립 등기까지 창업 초기 법인 설립 절차를 지원합니다. 지역별 업무 상황 미성년·해외·연락두절 당사자가 있으면 위임·특별대리·공시송달 검토 여부를 체크합니다. 법인 결의·취임승낙·인감 원본을 대,462,ee53be0b55725569
/북구부동산등기,"북구는 덕천·구포·화명 일대 실거주 아파트와 상가가 많고, 상속·매매 등기와 개인회생 상담이 꾸준히 이어지는 지역입니다. 북구 화명동, 덕천동, 구포동에서 부동산등기를 진행할 때는 부동산·법인 소재지와 당사자 서류를 기준으로 관할과 순서를 맞춥니다. 이 페이지는 부동산등기만 다루며, 상담은 해운대 센텀 다옴법무사사무소에서 이어집니다. 북구는 덕천·구포·화명 일대 실거주 아파트와 상가가 많고, 상속·매매 등기와 개인회생 상담이 꾸준히 이어지는 지역입니다. 북구 화명동, 덕천동, 구포동에서 부동산등기를 진행할 때는 부동산·법인 소재지와 당사자 서류를 기준으로 관할과 순서를 맞춥니다. 이 페이지는 부동산등기만 다루며, 상담은 해운대 센텀 다옴법무사사무소에서 이어집니다. 북구 부동산등기 실무 안내 — 다옴법무사사무소 안윤정 법무사. 화명동, 덕천동, 구포동 일대 상담·서류·등기 대리. 전화·카카오톡 상담 가능. 비용 안내 부동산등기 비용은 거래 유형·가액·저당권 말소 여부에 따라 달라집니다",290,e9ce882be71a6980
/북구상속등기,"북구는 덕천·구포·화명 일대 실거주 아파트와 상가가 많고, 상속·매매 등기와 개인회생 상담이 꾸준히 이어지는 지역입니다. 북구 덕천동, 구포동, 화명동에서 상속등기를 진행할 때는 부동산·법인 소재지와 당사자 서류를 기준으로 관할과 순서를 맞춥니다. 이 페이지는 상속등기만 다루며, 상담은 해운대 센텀 다옴법무사사무소에서 이어집니다. 북구는 덕천·구포·화명 일대 실거주 아파트와 상가가 많고, 상속·매매 등기와 개인회생 상담이 꾸준히 이어지는 지역입니다. 북구 덕천동, 구포동, 화명동에서 상속등기를 진행할 때는 부동산·법인 소재지와 당사자 서류를 기준으로 관할과 순서를 맞춥니다. 이 페이지는 상속등기만 다루며, 상담은 해운대 센텀 다옴법무사사무소에서 이어집니다. 북구 상속등기 실무 안내 — 다옴법무사사무소 안윤정 법무사. 덕천동, 구포동, 화명동 일대 상담·서류·등기 대리. 전화·카카오톡 상담 가능. 북구 덕천동·구포동 일대에서 해당 업무의 서류·기한·관할을 상담합니다. 비용 안내 상속등",304,ebfec25a2611616c
/북구상속포기,"북구는 덕천·구포·화명 일대 실거주 아파트와 상가가 많고, 상속·매매 등기와 개인회생 상담이 꾸준히 이어지는 지역입니다. 북구 구포동, 덕천동, 화명동에서 상속포기를 진행할 때는 부동산·법인 소재지와 당사자 서류를 기준으로 관할과 순서를 맞춥니다. 이 페이지는 상속포기만 다루며, 상담은 해운대 센텀 다옴법무사사무소에서 이어집니다. 북구는 덕천·구포·화명 일대 실거주 아파트와 상가가 많고, 상속·매매 등기와 개인회생 상담이 꾸준히 이어지는 지역입니다. 북구 구포동, 덕천동, 화명동에서 상속포기를 진행할 때는 부동산·법인 소재지와 당사자 서류를 기준으로 관할과 순서를 맞춥니다. 이 페이지는 상속포기만 다루며, 상담은 해운대 센텀 다옴법무사사무소에서 이어집니다. 북구 상속포기 실무 안내 — 다옴법무사사무소 안윤정 법무사. 구포동, 덕천동, 화명동 일대 상담·서류·등기 대리. 전화·카카오톡 상담 가능. 비용 안내 상속포기는 가정법원 신고 사건으로, 사건 복잡도에 따라 수임료가 책정됩니다. ",302,26facd85d2ef7291
/북구임원변경등기,임원변경등기을(를) 북구 기준으로 볼 때는 동일 절차라도 등기소·법원 창구가 사건별로 갈릴 수 있습니다. 덕천·화명·구포 일대 대단지 아파트 상속·개인회생 상담이 많은 구입니다. 대표이사·이사·감사 변경에 따른 법인 등기입니다. 결의일로부터 등기 기한 준수가 중요합니다. 상담 시 서류·일정·비용 범위를 항목별로 안내합니다. 임원변경등기을(를) 북구 기준으로 볼 때는 동일 절차라도 등기소·법원 창구가 사건별로 갈릴 수 있습니다. 덕천·화명·구포 일대 대단지 아파트 상속·개인회생 상담이 많은 구입니다. 대표이사·이사·감사 변경에 따른 법인 등기입니다. 결의일로부터 등기 기한 준수가 중요합니다. 상담 시 서류·일정·비용 범위를 항목별로 안내합니다. 덕천·화명·구포 일대 대단지 아파트 상속·개인회생 상담이 많은 구입니다. 대표이사·이사·감사 변경에 따른 법인 등기입니다. 결의일로부터 등기 기한 준수가 중요합니다. 지역별 업무 상황 전자등기 가능 사건과 방문 열람이 필요한 사건을 분리해 일정,469,e8b9a853423a3407
/북구한정승인,한정승인을(를) 북구 기준으로 볼 때는 동일 절차라도 등기소·법원 창구가 사건별로 갈릴 수 있습니다. 덕천·화명·구포 일대 대단지 아파트 상속·개인회생 상담이 많은 구입니다. 상속 재산 범위 내에서만 채무를 변제하고 상속을 승인하는 절차입니다. 채무 조사 후 상속등기와 연계됩니다. 상담 시 서류·일정·비용 범위를 항목별로 안내합니다. 한정승인을(를) 북구 기준으로 볼 때는 동일 절차라도 등기소·법원 창구가 사건별로 갈릴 수 있습니다. 덕천·화명·구포 일대 대단지 아파트 상속·개인회생 상담이 많은 구입니다. 상속 재산 범위 내에서만 채무를 변제하고 상속을 승인하는 절차입니다. 채무 조사 후 상속등기와 연계됩니다. 상담 시 서류·일정·비용 범위를 항목별로 안내합니다. 덕천·화명·구포 일대 대단지 아파트 상속·개인회생 상담이 많은 구입니다. 상속 재산 범위 내에서만 채무를 변제하고 상속을 승인하는 절차입니다. 채무 조사 후 상속등기와 연계됩니다. 지역별 업무 상황 잔금·인도·대출 실행 일,497,0c7063952e84e919
/북부산등기소법무사,"북부산등기소 관련 절차를 앞두고 계신가요? 북구·사상구 부동산등기가 접수됩니다. 금정구는 등기국, 강서구는 서부지원 등기과 관할입니다. 방문 전에 관할, 서류, 신청 순서를 미리 확인하는 것이 중요합니다. 다옴법무사사무소는 부산 해운대 센텀에 있으며, 덕천동, 화명동 일대를 포함해 북부산등기소 접수 전 상담·서류 준비·대리 접수를 도와드립니다. 본 페이지는 공식 기관 사이트가 아니며, 실무상 접수 절차와 준비서류를 법무사 관점에서 안내합니다. 북부산등기소 관련 절차를 앞두고 계신가요? 북구·사상구 부동산등기가 접수됩니다. 금정구는 등기국, 강서구는 서부지원 등기과 관할입니다. 방문 전에 관할, 서류, 신청 순서를 미리 확인하는 것이 중요합니다. 다옴법무사사무소는 부산 해운대 센텀에 있으며, 덕천동, 화명동 일대를 포함해 북부산등기소 접수 전 상담·서류 준비·대리 접수를 도와드립니다. 본 페이지는 공식 기관 사이트가 아니며, 실무상 접수 절차와 준비서류를 법무사 관점에서 안내합니다. ",307,8db1216b5e4924b2
/북부산등기소부동산등기,북부산등기소와(과) 관련된 부동산등기 사건은 관할과 제출 서류를 먼저 맞추는 것이 중요합니다. 북구·금정·강서 일부 부동산 관할 등기소입니다. 매매·증여·상속 등 원인별 부동산 등기 전반을 다룹니다. 관할 등기소 확인이 우선입니다. 북부산등기소와(과) 관련된 부동산등기 사건은 관할과 제출 서류를 먼저 맞추는 것이 중요합니다. 북구·금정·강서 일부 부동산 관할 등기소입니다. 매매·증여·상속 등 원인별 부동산 등기 전반을 다룹니다. 관할 등기소 확인이 우선입니다. 부산광역시 전역 상속등기·부동산등기·법인등기·개인회생·파산 등 법무사 업무를 다루는 핵심 지역입니다. 매매·증여·상속 등 원인별 부동산 등기 전반을 다룹니다. 관할 등기소 확인이 우선입니다. 관할 확인 전자등기 가능 사건과 방문 열람이 필요한 사건을 분리해 일정을 잡습니다. 보정 대응 창구를 미리 적어 둡니다. 다수 필지·다수 계좌면 목록 번호를 매겨 누락을 줄입니다. 완료 후 등기필정보 전달 방식을 정합니다. 상속 승인 방식,486,585f25850df70b93
/북부산등기소상속등기,북부산등기소와(과) 관련된 상속등기 사건은 관할과 제출 서류를 먼저 맞추는 것이 중요합니다. 북구·금정·강서 일부 부동산 관할 등기소입니다. 피상속인 사망 후 부동산·토지 등기명의를 상속인 명의로 이전하는 절차입니다. 부산 전역 아파트·상가·토지 상속 사건을 다룹니다. 북부산등기소와(과) 관련된 상속등기 사건은 관할과 제출 서류를 먼저 맞추는 것이 중요합니다. 북구·금정·강서 일부 부동산 관할 등기소입니다. 피상속인 사망 후 부동산·토지 등기명의를 상속인 명의로 이전하는 절차입니다. 부산 전역 아파트·상가·토지 상속 사건을 다룹니다. 부산광역시 전역 상속등기·부동산등기·법인등기·개인회생·파산 등 법무사 업무를 다루는 핵심 지역입니다. 피상속인 사망 후 부동산·토지 등기명의를 상속인 명의로 이전하는 절차입니다. 부산 전역 아파트·상가·토지 상속 사건을 다룹니다. 관할 확인 잔금·인도·대출 실행 일정을 한 줄에 두고 등기 접수를 맞춥니다. 중도금 연체가 있으면 계약 특약을 먼저 확인합니,483,4ead32ae71365a89
/분양권명의이전등기,"분양권 명의이전 검색은 ‘아직 보존등기·입주 전’ 단계에서 권리 승계를 묻는 경우가 많습니다. 부산 입주등기 안내가 다루는 개인 입주·소유권이전과 시점이 달라, 같은 글로 합치면 서류·대출·세금 순서가 엇갈립니다. 분양권 명의이전 검색은 ‘아직 보존등기·입주 전’ 단계에서 권리 승계를 묻는 경우가 많습니다. 부산 입주등기 안내가 다루는 개인 입주·소유권이전과 시점이 달라, 같은 글로 합치면 서류·대출·세금 순서가 엇갈립니다. 분양권 명의이전 검색은 ‘아직 보존등기·입주 전’ 단계에서 권리 승계를 묻는 경우가 많습니다. 부산 입주등기 안내가 다루는 개인 입주·소유권이전과 시점이 달라, 같은 글로 합치면 서류·대출·세금 순서가 엇갈립니다. 상담 시 확인하는 내용 분양권 명의이전등기 사건은 서류·관할·기한에 따라 진행 순서가 달라집니다. 다옴법무사사무소는 부산 해운대구·센텀에서 상속등기·부동산등기·법인등기·개인회생·파산 등을 다루며, 의뢰인 상황에 맞춰 절차와 비용을 알기 쉽게 설명합니다",215,92154dece2b59e88
/불법증축후등기가능여부,"불법·미승인 증축은 등기로 합법화되지 않습니다. 대장·승인 정리 가능 범위를 확인한 뒤 표시변경·보존을 검토하세요. 불법·미승인 증축은 등기로 합법화되지 않습니다. 대장·승인 정리 가능 범위를 확인한 뒤 표시변경·보존을 검토하세요. 무허가·미승인 증축이 있어도 ‘등기만 하면 해결된다’는 기대로 문의하는 경우가 있습니다. 실제로는 건축물대장·법령 정리가 전제인 경우가 많습니다. 비용 안내 비용은 합법화·시정 비용(등기 외), 등기 범위(승인분만), 거래 일정 재조정 등에 따라 달라질 수 있습니다. 관할·접근 안내 부동산 소재지 관할 등기소 기준으로 접수하며, 부산 해운대·센텀 다옴법무사사무소에서 상담·수임을 진행합니다. 사무소: 부산광역시 해운대구 센텀동로 200 D동 1층 LAB9호 법무사는 부동산등기(건물·토지) 신청·서류 작성·접수 대리 등 등기 관련 업무를 지원합니다. 건축 인허가·철거 공사·세무·소송대리는 별도 전문 영역이며, 사안별로 지원 범위를 확인합니다. 결과를 보장하거",226,ffd79a01521f79f3
/비영리민간단체와사단법인차이,"비영리민간단체는 법인격이 없는 등록 단체이고, 사단법인은 법인격 있는 비영리법인입니다. 법인화가 필요하면 사단법인 설립등기를 검토하세요. 비영리민간단체는 법인격이 없는 등록 단체이고, 사단법인은 법인격 있는 비영리법인입니다. 법인화가 필요하면 사단법인 설립등기를 검토하세요. 비영리민간단체는 주무관청에 설립등록을 하지만 법인격이 없고, 사단법인은 등기로 법인격을 취득합니다. 상담 시 확인하는 내용 비영리민간단체와 사단법인 차이 사건은 서류·관할·기한에 따라 진행 순서가 달라집니다. 다옴법무사사무소는 부산 해운대구·센텀에서 상속등기·부동산등기·법인등기·개인회생·파산 등을 다루며, 의뢰인 상황에 맞춰 절차와 비용을 알기 쉽게 설명합니다. 불확실한 부분은 추측으로 단정하지 않고, 확인된 사실을 바탕으로 안내드립니다. 전화·카카오톡·네이버 톡톡으로 간단히 상황을 남겨 주시면 필요한 준비부터 차분히 정리해 드리겠습니다. 민간단체에서 사단법인으로 전환할 수 있나요? 새로 사단법인을 설립하고 단체",142,df0cb8eeaebff446
/비영리법인임원변경등기,"비영리법인 임원변경등기는 결의·승인 후 법정 기한 내 접수해야 합니다. 사임만 하고 취임을 미등기하면 대표권 공백이 생길 수 있습니다. 비영리법인 임원변경등기는 결의·승인 후 법정 기한 내 접수해야 합니다. 사임만 하고 취임을 미등기하면 대표권 공백이 생길 수 있습니다. 사단법인·재단법인도 이사장·이사·감사가 바뀌면 등기가 필요합니다. 상담 시 확인하는 내용 비영리법인 임원변경등기 사건은 서류·관할·기한에 따라 진행 순서가 달라집니다. 다옴법무사사무소는 부산 해운대구·센텀에서 상속등기·부동산등기·법인등기·개인회생·파산 등을 다루며, 의뢰인 상황에 맞춰 절차와 비용을 알기 쉽게 설명합니다. 불확실한 부분은 추측으로 단정하지 않고, 확인된 사실을 바탕으로 안내드립니다. 전화·카카오톡·네이버 톡톡으로 간단히 상황을 남겨 주시면 필요한 준비부터 차분히 정리해 드리겠습니다. 임기 만료만으로 퇴임되나요? 정관·결의에 따라 중임·사임·퇴임을 정리하고 등기해야 합니다. `/부산임원임기만료등기`는 ",141,72654f6adadb2336
/비영리법인해산청산등기,"비영리법인 해산·청산은 해산 결의·주무관청 절차 후 해산등기 → 청산인 등기·청산 → 청산종결등기 순으로 진행하는 경우가 많습니다. 법인 유형과 잔여재산·채무 상태에 따라 준비서류가 달라지므로, 단정하지 않고 현황부터 확인하는 것이 안전합니다. 비영리법인 해산·청산은 해산 결의·주무관청 절차 후 해산등기 → 청산인 등기·청산 → 청산종결등기 순으로 진행하는 경우가 많습니다. 법인 유형과 잔여재산·채무 상태에 따라 준비서류가 달라지므로, 단정하지 않고 현황부터 확인하는 것이 안전합니다. 사단·재단법인 해산은 총회 결의·주무관청 보고·허가 후 해산등기·청산 절차가 이어집니다. 상담 시 확인하는 내용 비영리법인 해산·청산등기 사건은 서류·관할·기한에 따라 진행 순서가 달라집니다. 다옴법무사사무소는 부산 해운대구·센텀에서 상속등기·부동산등기·법인등기·개인회생·파산 등을 다루며, 의뢰인 상황에 맞춰 절차와 비용을 알기 쉽게 설명합니다. 불확실한 부분은 추측으로 단정하지 않고, 확인된 사실을 ",169,8bb1ec5c76535395
/사단법인과재단법인차이,"사단법인은 회원·총회 중심, 재단법인은 출연재산·기본재산·이사회 중심입니다. 단체 목적·구성원·재산 구조에 맞는 형태를 선택한 뒤 허가·등기 절차를 진행하세요. 사단법인은 회원·총회 중심, 재단법인은 출연재산·기본재산·이사회 중심입니다. 단체 목적·구성원·재산 구조에 맞는 형태를 선택한 뒤 허가·등기 절차를 진행하세요. 둘 다 민법상 비영리법인이지만, 회원 중심인지 출연재산 중심인지에 따라 설립·운영 구조가 달라집니다. 상담 시 확인하는 내용 사단법인과 재단법인 차이 사건은 서류·관할·기한에 따라 진행 순서가 달라집니다. 다옴법무사사무소는 부산 해운대구·센텀에서 상속등기·부동산등기·법인등기·개인회생·파산 등을 다루며, 의뢰인 상황에 맞춰 절차와 비용을 알기 쉽게 설명합니다. 불확실한 부분은 추측으로 단정하지 않고, 확인된 사실을 바탕으로 안내드립니다. 전화·카카오톡·네이버 톡톡으로 간단히 상황을 남겨 주시면 필요한 준비부터 차분히 정리해 드리겠습니다. 둘 다 수익사업이 가능한가요? ",148,04c746e87f617fac
/사단법인과협동조합차이,"회원 모임·협회 목적이면 사단법인, 조합원 공동 사업이면 협동조합을 검토합니다. 회원 모임·협회 목적이면 사단법인, 조합원 공동 사업이면 협동조합을 검토합니다. 사단법인은 회원 단체, 협동조합은 조합원이 공동으로 사업을 하는 법인입니다. 상담 시 확인하는 내용 사단법인과 협동조합 차이 사건은 서류·관할·기한에 따라 진행 순서가 달라집니다. 다옴법무사사무소는 부산 해운대구·센텀에서 상속등기·부동산등기·법인등기·개인회생·파산 등을 다루며, 의뢰인 상황에 맞춰 절차와 비용을 알기 쉽게 설명합니다. 불확실한 부분은 추측으로 단정하지 않고, 확인된 사실을 바탕으로 안내드립니다. 전화·카카오톡·네이버 톡톡으로 간단히 상황을 남겨 주시면 필요한 준비부터 차분히 정리해 드리겠습니다. 사단법인과 협동조합 차이 상담은 어디서 받을 수 있나요? 다옴법무사사무소는 해운대구 센텀에 있으며, 부산 전역 사건을 전화·카카오톡·네이버 톡톡·방문(예약)으로 상담합니다. 비용은 어떻게 안내되나요? 사건 복잡도·부동",133,520c9bc5c43eea4a
/사단법인목적변경등기,"사단법인 목적변경은 정관 개정과 주무관청 변경허가를 마친 뒤 목적변경등기로 등기부를 맞추는 절차입니다. 대외 사업명·사업계획과 등기부 목적이 다르면 리스크가 커지므로, 변경 범위와 허가 일정을 먼저 정리하는 것이 좋습니다. 사단법인 목적변경은 정관 개정과 주무관청 변경허가를 마친 뒤 목적변경등기로 등기부를 맞추는 절차입니다. 대외 사업명·사업계획과 등기부 목적이 다르면 리스크가 커지므로, 변경 범위와 허가 일정을 먼저 정리하는 것이 좋습니다. 사단법인 사업 목적을 바꾸면 정관 개정·주무관청 변경허가 후 목적변경등기가 필요합니다. 상담 시 확인하는 내용 사단법인 목적변경등기 사건은 서류·관할·기한에 따라 진행 순서가 달라집니다. 다옴법무사사무소는 부산 해운대구·센텀에서 상속등기·부동산등기·법인등기·개인회생·파산 등을 다루며, 의뢰인 상황에 맞춰 절차와 비용을 알기 쉽게 설명합니다. 불확실한 부분은 추측으로 단정하지 않고, 확인된 사실을 바탕으로 안내드립니다. 전화·카카오톡·네이버 톡톡",164,1f3b7ab2a473b848
/사단법인주사무소이전등기,"사단법인 주사무소 이전은 주무관청 변경허가와 결의 서류를 갖춘 뒤 관할 등기소에 이전등기를 접수하는 절차입니다. 등기 전에는 등기부 주소와 실제 사무소가 다를 수 있으니, 이전 일정에 맞춰 허가·결의·등기 순서를 먼저 확인하는 것이 안전합니다. 사단법인 주사무소 이전은 주무관청 변경허가와 결의 서류를 갖춘 뒤 관할 등기소에 이전등기를 접수하는 절차입니다. 등기 전에는 등기부 주소와 실제 사무소가 다를 수 있으니, 이전 일정에 맞춰 허가·결의·등기 순서를 먼저 확인하는 것이 안전합니다. 사단법인 주사무소를 옮기면 주무관청 변경허가 후 주사무소 이전등기가 필요합니다. 상담 시 확인하는 내용 사단법인 주사무소 이전등기 사건은 서류·관할·기한에 따라 진행 순서가 달라집니다. 다옴법무사사무소는 부산 해운대구·센텀에서 상속등기·부동산등기·법인등기·개인회생·파산 등을 다루며, 의뢰인 상황에 맞춰 절차와 비용을 알기 쉽게 설명합니다. 불확실한 부분은 추측으로 단정하지 않고, 확인된 사실을 바탕으로",176,a0bef8e77e789edf
/사망신고와상속등기차이,"사망신고를 마치면 주민등록·가족관계등록이 정리되지만, 부동산 등기부 명의는 자동으로 바뀌지 않습니다. 이 페이지는 행정기관에서 하는 일과 법무사가 수행하는 상속등기·법원 제출서류를 구분해 안내합니다. 사망신고를 마치면 주민등록·가족관계등록이 정리되지만, 부동산 등기부 명의는 자동으로 바뀌지 않습니다. 이 페이지는 행정기관에서 하는 일과 법무사가 수행하는 상속등기·법원 제출서류를 구분해 안내합니다. 사망신고를 마치면 주민등록·가족관계등록이 정리되지만, 부동산 등기부 명의는 자동으로 바뀌지 않습니다. 이 페이지는 행정기관에서 하는 일과 법무사가 수행하는 상속등기·법원 제출서류를 구분해 안내합니다. 상담 시 확인하는 내용 사망신고와 상속등기의 차이 사건은 서류·관할·기한에 따라 진행 순서가 달라집니다. 다옴법무사사무소는 부산 해운대구·센텀에서 상속등기·부동산등기·법인등기·개인회생·파산 등을 다루며, 의뢰인 상황에 맞춰 절차와 비용을 알기 쉽게 설명합니다. 불확실한 부분은 추측으로 단정하지",154,954c253c03efce8f
/사망자재산채무조회,"‘고인 재산을 찾는 방법’ ‘부모님 빚 확인’처럼 검색하는 분들은 조회 창구가 여러 곳이라는 점부터 확인하시면 좋습니다. 이 페이지는 조회 가능한 범위와 별도 확인이 필요한 자료를 구분해 안내합니다. ‘고인 재산을 찾는 방법’ ‘부모님 빚 확인’처럼 검색하는 분들은 조회 창구가 여러 곳이라는 점부터 확인하시면 좋습니다. 이 페이지는 조회 가능한 범위와 별도 확인이 필요한 자료를 구분해 안내합니다. ‘고인 재산을 찾는 방법’ ‘부모님 빚 확인’처럼 검색하는 분들은 조회 창구가 여러 곳이라는 점부터 확인하시면 좋습니다. 이 페이지는 조회 가능한 범위와 별도 확인이 필요한 자료를 구분해 안내합니다. 상담 시 확인하는 내용 사망자 재산·채무 조회 사건은 서류·관할·기한에 따라 진행 순서가 달라집니다. 다옴법무사사무소는 부산 해운대구·센텀에서 상속등기·부동산등기·법인등기·개인회생·파산 등을 다루며, 의뢰인 상황에 맞춰 절차와 비용을 알기 쉽게 설명합니다. 불확실한 부분은 추측으로 단정하지 않",183,5e3b53a5276fc553
/사망후3개월지난상속,"상속포기·한정승인 검토와 자주 연결되는 기간이 상속 개시를 안 날부터의 일정입니다. 상속등기·취득세 신고기한과 혼동하지 않도록 구분해 안내합니다. 상속포기·한정승인 검토와 자주 연결되는 기간이 상속 개시를 안 날부터의 일정입니다. 상속등기·취득세 신고기한과 혼동하지 않도록 구분해 안내합니다. 상속포기·한정승인 검토와 자주 연결되는 기간이 상속 개시를 안 날부터의 일정입니다. 상속등기·취득세 신고기한과 혼동하지 않도록 구분해 안내합니다. 상담 시 확인하는 내용 사망 후 3개월이 지난 경우 사건은 서류·관할·기한에 따라 진행 순서가 달라집니다. 다옴법무사사무소는 부산 해운대구·센텀에서 상속등기·부동산등기·법인등기·개인회생·파산 등을 다루며, 의뢰인 상황에 맞춰 절차와 비용을 알기 쉽게 설명합니다. 불확실한 부분은 추측으로 단정하지 않고, 확인된 사실을 바탕으로 안내드립니다. 전화·카카오톡·네이버 톡톡으로 간단히 상황을 남겨 주시면 필요한 준비부터 차분히 정리해 드리겠습니다. 3개월이 지",155,7e41ec6df7928586
/사상구개인회생,"사상구에 거주하면서 개인회생을 찾는 경우, 이 페이지는 해당 구·동의 상담 진입점입니다. 신청 자격·서류·부산회생법원 준비의 전체 절차는 상위 안내에서 이어집니다. 등기소·상속·매매와는 다른 법원 절차입니다. 사상구에 거주하면서 개인회생을 찾는 경우, 이 페이지는 해당 구·동의 상담 진입점입니다. 신청 자격·서류·부산회생법원 준비의 전체 절차는 상위 안내에서 이어집니다. 등기소·상속·매매와는 다른 법원 절차입니다. 사상구 개인회생 상담 안내. 부산회생법원 관할. 소득·채무·재산 기준으로 준비 순서를 안내하며 인가·면책은 보장하지 않습니다. 비용 안내 개인회생은 채무 규모·재산·소득에 따라 수임료가 책정됩니다. 법원 납부금과 변제 계획은 별도이며, 상담 시 총 부담 구조를 설명합니다. 사상구 의뢰 사건도 동일한 기준으로 견적을 안내합니다. 관할·접근 안내 사상구 개인회생은 부동산 등기소가 아니라 부산회생법원 사건을 기준으로 안내합니다. 접수·보정 일정은 사건마다 달라 확정하지 않습니다",242,b7047e0a6c346c39
/사상구공장창고등기,"사상구 공장·창고는 보존·표시·합병·멸실·담보 중 현재 단계에 맞는 등기부터 고르세요. 공장·창고 허브와 함께 봅니다. 사상구 공장·창고는 보존·표시·합병·멸실·담보 중 현재 단계에 맞는 등기부터 고르세요. 공장·창고 허브와 함께 봅니다. 사상구는 물류·창고·준공업 시설이 밀집한 권역으로, 공장·창고의 보존·표시변경·합병·멸실·담보가 한 흐름으로 상담되는 경우가 많습니다. 비용 안내 비용은 동 수·면적, 담보 동반, 합병·분할 동반 등에 따라 달라질 수 있습니다. 관할·접근 안내 부동산 소재지 관할 등기소 기준으로 접수하며, 부산 해운대·센텀 다옴법무사사무소에서 상담·수임을 진행합니다. 사무소: 부산광역시 해운대구 센텀동로 200 D동 1층 LAB9호 법무사는 부동산등기(건물·토지) 신청·서류 작성·접수 대리 등 등기 관련 업무를 지원합니다. 건축 인허가·철거 공사·세무·소송대리는 별도 전문 영역이며, 사안별로 지원 범위를 확인합니다. 결과를 보장하거나 ‘무조건 해결’로 안내하지 않",205,01799d9ad0692725
/사상구법무사,사상구에서 법무사를 찾으시면 주례·감전·엄궁의 주택·상가 상속과 채무 관련 포기·회생을 이 페이지에서 나누시면 됩니다. 공장·상가는 토지·건물 명의를 먼저 대조합니다. 다옴법무사사무소는 해운대 센텀에서 사상구 사건을 상담합니다. 사상구에서 법무사를 찾으시면 주례·감전·엄궁의 주택·상가 상속과 채무 관련 포기·회생을 이 페이지에서 나누시면 됩니다. 공장·상가는 토지·건물 명의를 먼저 대조합니다. 다옴법무사사무소는 해운대 센텀에서 사상구 사건을 상담합니다. 이 페이지에서는 상속·상속포기·개인회생을 중심으로 설명합니다. 부동산등기는 북부산등기소 관할인 경우가 많습니다. 사상 생활권 페이지가 있으면 동 안내와 함께 보시면 됩니다. 이 페이지에서 다루는 사상구 업무 통계로 ‘많다’고 단정하지 않습니다. 사상구 검색 의도에 맞춰 아래 업무를 중심으로 안내합니다. 상속등기: 주택·상가 명의 상속포기: 채무가 재산보다 클 때 개인회생: 소득·채무 정리 부동산등기: 매매·공장 부지 사상구에서 먼저 ,407,0323820da7f48a3e
/사상구법인등기,사상구에서 법인등기을(를) 진행하려면 관할 확인 후 서류 체크리스트부터 잡는 편이 안전합니다. 엄궁·감전·주례 일대 상속·개인회생·상속포기 문의가 잦은 구입니다. 주식회사·유한회사 등 법인의 설립 이후 변경·이전 등기를 처리합니다. 센텀·서면 일대 법인 설립·임원변경·본점이전을 안내합니다. 상담 시 서류·일정·비용 범위를 항목별로 안내합니다. 사상구에서 법인등기을(를) 진행하려면 관할 확인 후 서류 체크리스트부터 잡는 편이 안전합니다. 엄궁·감전·주례 일대 상속·개인회생·상속포기 문의가 잦은 구입니다. 주식회사·유한회사 등 법인의 설립 이후 변경·이전 등기를 처리합니다. 센텀·서면 일대 법인 설립·임원변경·본점이전을 안내합니다. 상담 시 서류·일정·비용 범위를 항목별로 안내합니다. 엄궁·감전·주례 일대 상속·개인회생·상속포기 문의가 잦은 구입니다. 주식회사·유한회사 등 법인의 설립 이후 변경·이전 등기를 처리합니다. 센텀·서면 일대 법인 설립·임원변경·본점이전을 안내합니다. 지역별 ,468,ea5695dfd6395196
/사상구법인설립등기,법인설립등기을(를) 사상구 기준으로 볼 때는 동일 절차라도 등기소·법원 창구가 사건별로 갈릴 수 있습니다. 엄궁·감전·주례 일대 상속·개인회생·상속포기 문의가 잦은 구입니다. 정관 작성·자본금 납입·설립 등기까지 창업 초기 법인 설립 절차를 지원합니다. 상담 시 서류·일정·비용 범위를 항목별로 안내합니다. 법인설립등기을(를) 사상구 기준으로 볼 때는 동일 절차라도 등기소·법원 창구가 사건별로 갈릴 수 있습니다. 엄궁·감전·주례 일대 상속·개인회생·상속포기 문의가 잦은 구입니다. 정관 작성·자본금 납입·설립 등기까지 창업 초기 법인 설립 절차를 지원합니다. 상담 시 서류·일정·비용 범위를 항목별로 안내합니다. 엄궁·감전·주례 일대 상속·개인회생·상속포기 문의가 잦은 구입니다. 정관 작성·자본금 납입·설립 등기까지 창업 초기 법인 설립 절차를 지원합니다. 지역별 업무 상황 잔금·인도·대출 실행 일정을 한 줄에 두고 등기 접수를 맞춥니다. 중도금 연체가 있으면 계약 특약을 먼저 확인합니다,471,3ebeb49ddb8e2e83
/사상구부동산등기,"사상구는 엄궁·감전·주례 일대 신·구 아파트와 상가, 토지 상속 사건이 많으며 채무 관련 상속포기·개인회생 문의도 잦습니다. 사상구 주례동, 엄궁동, 감전동에서 부동산등기를 진행할 때는 부동산·법인 소재지와 당사자 서류를 기준으로 관할과 순서를 맞춥니다. 이 페이지는 부동산등기만 다루며, 상담은 해운대 센텀 다옴법무사사무소에서 이어집니다. 사상구는 엄궁·감전·주례 일대 신·구 아파트와 상가, 토지 상속 사건이 많으며 채무 관련 상속포기·개인회생 문의도 잦습니다. 사상구 주례동, 엄궁동, 감전동에서 부동산등기를 진행할 때는 부동산·법인 소재지와 당사자 서류를 기준으로 관할과 순서를 맞춥니다. 이 페이지는 부동산등기만 다루며, 상담은 해운대 센텀 다옴법무사사무소에서 이어집니다. 사상구 부동산등기 실무 안내 — 다옴법무사사무소 안윤정 법무사. 주례동, 엄궁동, 감전동 일대 상담·서류·등기 대리. 전화·카카오톡 상담 가능. 비용 안내 부동산등기 비용은 거래 유형·가액·저당권 말소 여부에 따",292,d60f083d1c5ff752
/사상구상속등기,"사상구는 엄궁·감전·주례 일대 신·구 아파트와 상가, 토지 상속 사건이 많으며 채무 관련 상속포기·개인회생 문의도 잦습니다. 사상구 엄궁동, 감전동, 주례동에서 상속등기를 진행할 때는 부동산·법인 소재지와 당사자 서류를 기준으로 관할과 순서를 맞춥니다. 이 페이지는 상속등기만 다루며, 상담은 해운대 센텀 다옴법무사사무소에서 이어집니다. 사상구는 엄궁·감전·주례 일대 신·구 아파트와 상가, 토지 상속 사건이 많으며 채무 관련 상속포기·개인회생 문의도 잦습니다. 사상구 엄궁동, 감전동, 주례동에서 상속등기를 진행할 때는 부동산·법인 소재지와 당사자 서류를 기준으로 관할과 순서를 맞춥니다. 이 페이지는 상속등기만 다루며, 상담은 해운대 센텀 다옴법무사사무소에서 이어집니다. 사상구 상속등기 실무 안내 — 다옴법무사사무소 안윤정 법무사. 엄궁동, 감전동, 주례동 일대 상담·서류·등기 대리. 전화·카카오톡 상담 가능. 사상구 엄궁동·감전동 일대에서 해당 업무의 서류·기한·관할을 상담합니다. 비",306,e01c1849e89eec63
/사상구상속포기,"사상구는 엄궁·감전·주례 일대 신·구 아파트와 상가, 토지 상속 사건이 많으며 채무 관련 상속포기·개인회생 문의도 잦습니다. 사상구 감전동, 엄궁동, 주례동에서 상속포기를 진행할 때는 부동산·법인 소재지와 당사자 서류를 기준으로 관할과 순서를 맞춥니다. 이 페이지는 상속포기만 다루며, 상담은 해운대 센텀 다옴법무사사무소에서 이어집니다. 사상구는 엄궁·감전·주례 일대 신·구 아파트와 상가, 토지 상속 사건이 많으며 채무 관련 상속포기·개인회생 문의도 잦습니다. 사상구 감전동, 엄궁동, 주례동에서 상속포기를 진행할 때는 부동산·법인 소재지와 당사자 서류를 기준으로 관할과 순서를 맞춥니다. 이 페이지는 상속포기만 다루며, 상담은 해운대 센텀 다옴법무사사무소에서 이어집니다. 사상구 상속포기 실무 안내 — 다옴법무사사무소 안윤정 법무사. 감전동, 엄궁동, 주례동 일대 상담·서류·등기 대리. 전화·카카오톡 상담 가능. 비용 안내 상속포기는 가정법원 신고 사건으로, 사건 복잡도에 따라 수임료가 ",304,0d470d84dc9867cf
/사상구임원변경등기,임원변경등기을(를) 사상구 기준으로 볼 때는 동일 절차라도 등기소·법원 창구가 사건별로 갈릴 수 있습니다. 엄궁·감전·주례 일대 상속·개인회생·상속포기 문의가 잦은 구입니다. 대표이사·이사·감사 변경에 따른 법인 등기입니다. 결의일로부터 등기 기한 준수가 중요합니다. 상담 시 서류·일정·비용 범위를 항목별로 안내합니다. 임원변경등기을(를) 사상구 기준으로 볼 때는 동일 절차라도 등기소·법원 창구가 사건별로 갈릴 수 있습니다. 엄궁·감전·주례 일대 상속·개인회생·상속포기 문의가 잦은 구입니다. 대표이사·이사·감사 변경에 따른 법인 등기입니다. 결의일로부터 등기 기한 준수가 중요합니다. 상담 시 서류·일정·비용 범위를 항목별로 안내합니다. 엄궁·감전·주례 일대 상속·개인회생·상속포기 문의가 잦은 구입니다. 대표이사·이사·감사 변경에 따른 법인 등기입니다. 결의일로부터 등기 기한 준수가 중요합니다. 지역별 업무 상황 다수 필지·다수 계좌면 목록 번호를 매겨 누락을 줄입니다. 완료 후 등기,492,b2a7ffbd93e6b58b
/사상구한정승인,사상구 한정승인 문의는 소재지·채무·협의 상태에 따라 준비 순서가 달라집니다. 엄궁·감전·주례 일대 상속·개인회생·상속포기 문의가 잦은 구입니다. 상속 재산 범위 내에서만 채무를 변제하고 상속을 승인하는 절차입니다. 채무 조사 후 상속등기와 연계됩니다. 상담 시 서류·일정·비용 범위를 항목별로 안내합니다. 사상구 한정승인 문의는 소재지·채무·협의 상태에 따라 준비 순서가 달라집니다. 엄궁·감전·주례 일대 상속·개인회생·상속포기 문의가 잦은 구입니다. 상속 재산 범위 내에서만 채무를 변제하고 상속을 승인하는 절차입니다. 채무 조사 후 상속등기와 연계됩니다. 상담 시 서류·일정·비용 범위를 항목별로 안내합니다. 엄궁·감전·주례 일대 상속·개인회생·상속포기 문의가 잦은 구입니다. 상속 재산 범위 내에서만 채무를 변제하고 상속을 승인하는 절차입니다. 채무 조사 후 상속등기와 연계됩니다. 지역별 업무 상황 등기원인 문구와 검인·취득세 완납 증빙이 일치하는지 접수 직전에 재확인합니다. 공동매수,458,8136ce8597c4ee04
/사상법무사,"사상 공장·상가 매매는 건물·토지·근저당을 한꺼번에 봐야 합니다. 대출 상환 후 근저당 말소 없이 넘기면 매수인이 거래를 거절합니다. 엄궁동 주택 상속은 채무가 많아 상속포기·개인회생을 함께 검토하는 사례도 있습니다. 사상 공장·상가 매매는 건물·토지·근저당을 한꺼번에 봐야 합니다. 대출 상환 후 근저당 말소 없이 넘기면 매수인이 거래를 거절합니다. 엄궁동 주택 상속은 채무가 많아 상속포기·개인회생을 함께 검토하는 사례도 있습니다. 사상 법무사 상담은 사상구 괘법동·엄궁동·감전동·주례동 일대 공장·창고·상가·다세대의 매매·상속·근저당 등기 수요에 맞춰 진행합니다. 물류·제조 소규모 사업장의 근저당 설정·말소 문의가 많습니다. ‘사상 법무사’로 찾으시는 분들은 괘법동 산업단지·엄궁동 주택을 염두에 두신 경우가 많습니다. 상담은 센텀에서 진행하며, 구 전체 분기는 사상구 안내를 보시면 됩니다. 지역 생활권 안내 괘법동·엄궁동·감전동은 사상구의 산업·주거 혼합 지역입니다. 공장·창고 부지",365,48f778f8a3c2a05d
/사상역개인회생,개인회생을(를) 사상역 기준으로 볼 때는 동일 절차라도 등기소·법원 창구가 사건별로 갈릴 수 있습니다. 사상역·서부산 유통지구 인근 등기·회생 상담이 있습니다. 부산회생법원 관할 개인회생 신청·변제계획 수립을 지원합니다. 소득·재산 구조에 맞는 절차를 안내합니다. 상담 시 서류·일정·비용 범위를 항목별로 안내합니다. 개인회생을(를) 사상역 기준으로 볼 때는 동일 절차라도 등기소·법원 창구가 사건별로 갈릴 수 있습니다. 사상역·서부산 유통지구 인근 등기·회생 상담이 있습니다. 부산회생법원 관할 개인회생 신청·변제계획 수립을 지원합니다. 소득·재산 구조에 맞는 절차를 안내합니다. 상담 시 서류·일정·비용 범위를 항목별로 안내합니다. 사상역·서부산 유통지구 인근 등기·회생 상담이 있습니다. 부산회생법원 관할 개인회생 신청·변제계획 수립을 지원합니다. 소득·재산 구조에 맞는 절차를 안내합니다. 지역별 업무 상황 상속 승인 방식(단순·한정·포기)을 등기 일정과 분리해 먼저 가립니다. 3개월 ,473,fe2c74613a4b5583
/사상역법무사,"사상역 법무사를 찾으시면 사상역·서부산 유통 인근으로 오시는 동선의 상가·공장·회생 상담을 이 역세권 안내에서 연결하시면 됩니다. 괘법 상가·공장 본문은 사상 법무사 안내, 구 전체는 사상구 안내가 Primary Host입니다. 사상역 법무사를 찾으시면 사상역·서부산 유통 인근으로 오시는 동선의 상가·공장·회생 상담을 이 역세권 안내에서 연결하시면 됩니다. 괘법 상가·공장 본문은 사상 법무사 안내, 구 전체는 사상구 안내가 Primary Host입니다. 사상역 법무사를 찾으시면 사상역·서부산 유통 인근으로 오시는 동선의 상가·공장·회생 상담을 이 역세권 안내에서 연결하시면 됩니다. 괘법 상가·공장 본문은 사상 법무사 안내, 구 전체는 사상구 안내가 Primary Host입니다. 사상역과 사상·사상구 허브 역 검색은 접근 동선이고, 공장·상가·근저당 실무는 사상 안내, 상속·회생 분기는 사상구 안내를 보시면 됩니다. 회생·상속과의 연결 채무 상담이 많으면 사상구 개인회생·상속포기 안내",262,98f7b45589db488f
/사업자폐업후법인정리,"세무서에 사업자등록을 폐업했다고 해서 법인등기부상의 회사가 자동으로 사라지지는 않습니다. ‘폐업은 했는데 법인이 남아 있다’, ‘타지역에 본점이 있는 법인을 지금 거주지에서 정리하고 싶다’, ‘임원이 흩어져 있어 해산 서류를 어떻게 모을지 모르겠다’는 검색·상담이 이 페이지의 출발점입니다. 세무서에 사업자등록을 폐업했다고 해서 법인등기부상의 회사가 자동으로 사라지지는 않습니다. ‘폐업은 했는데 법인이 남아 있다’, ‘타지역에 본점이 있는 법인을 지금 거주지에서 정리하고 싶다’, ‘임원이 흩어져 있어 해산 서류를 어떻게 모을지 모르겠다’는 검색·상담이 이 페이지의 출발점입니다. 세무서에 사업자등록을 폐업했다고 해서 법인등기부상의 회사가 자동으로 사라지지는 않습니다. ‘폐업은 했는데 법인이 남아 있다’, ‘타지역에 본점이 있는 법인을 지금 거주지에서 정리하고 싶다’, ‘임원이 흩어져 있어 해산 서류를 어떻게 모을지 모르겠다’는 검색·상담이 이 페이지의 출발점입니다. 상담 시 확인하는 내",234,ae16d7137ec0d5f7
/사용승인후등기,"사용승인 후 등기 검색 시, 키워드만 보고 결정하기보다 사용승인 후 보존등기에 맞는 서류·기한·관할·비용을 먼저 확인하는 것이 안전합니다. 사용승인 후 등기 검색 시, 키워드만 보고 결정하기보다 사용승인 후 보존등기에 맞는 서류·기한·관할·비용을 먼저 확인하는 것이 안전합니다. 사용승인 후 등기 검색 시, 키워드만 보고 결정하기보다 사용승인 후 보존등기에 맞는 서류·기한·관할·비용을 먼저 확인하는 것이 안전합니다. 상담 시 확인하는 내용 사용승인 후 등기 사건은 서류·관할·기한에 따라 진행 순서가 달라집니다. 다옴법무사사무소는 부산 해운대구·센텀에서 상속등기·부동산등기·법인등기·개인회생·파산 등을 다루며, 의뢰인 상황에 맞춰 절차와 비용을 알기 쉽게 설명합니다. 불확실한 부분은 추측으로 단정하지 않고, 확인된 사실을 바탕으로 안내드립니다. 전화·카카오톡·네이버 톡톡으로 간단히 상황을 남겨 주시면 필요한 준비부터 차분히 정리해 드리겠습니다. 사용승인 후 등기 검색 시 무엇을 먼저 확인",289,0fdbb083825590f6
/사직동법무사,"사직동에서는 ‘상속등기를 하지 않은 구축 아파트가 재건축 논의 대상이 되었다’, ‘부모님 명의 단독주택의 토지와 건물 지분이 다르다’, ‘형제 중 한 명은 보유를 원하고 다른 사람은 매도를 원한다’는 고민이 나옵니다. 정비사업의 진행 여부와 관계없이 현 등기 명의 및 상속인 범위를 먼저 확인해야 이후 조합 서류, 매매계약, 담보대출에서 혼선을 줄일 수 있습니다. 공동상속 상태로 오래 두면 의사결정 때마다 상속인 전원의 참여가 필요해질 수 있으므로 법정지분 등기와 협의분할 중 어떤 방식이 적합한지 검토합니다. 구축 주택은 오래된 등기부에 말소되지 않은 권리나 주소 불일치가 발견될 수 있어 계약 직전보다 이른 시점의 확인이 낫습니다. 상담에서는 재건축 가능성을 단정하지 않고 현재 등기와 가족관계, 임대차·채무 현황을 바탕으로 필요한 절차와 서류부터 정리합니다. 사직동에서는 사직야구장 인근 구축 아파트와 단독주택를 볼 때 정비사업 관련 논의와 상속 명의 정리의 구분를 토지·건물 등기부와 ",700,e0545c79906a19a3
/사직동상속등기,사직동 상속등기 문의는 소재지·채무·협의 상태에 따라 준비 순서가 달라집니다. 사직·온천 일대 재건축·주택 상속 사건이 있는 동입니다. 피상속인 사망 후 부동산·토지 등기명의를 상속인 명의로 이전하는 절차입니다. 부산 전역 아파트·상가·토지 상속 사건을 다룹니다. 상담 시 서류·일정·비용 범위를 항목별로 안내합니다. 사직동 상속등기 문의는 소재지·채무·협의 상태에 따라 준비 순서가 달라집니다. 사직·온천 일대 재건축·주택 상속 사건이 있는 동입니다. 피상속인 사망 후 부동산·토지 등기명의를 상속인 명의로 이전하는 절차입니다. 부산 전역 아파트·상가·토지 상속 사건을 다룹니다. 상담 시 서류·일정·비용 범위를 항목별로 안내합니다. 사직·온천 일대 재건축·주택 상속 사건이 있는 동입니다. 피상속인 사망 후 부동산·토지 등기명의를 상속인 명의로 이전하는 절차입니다. 부산 전역 아파트·상가·토지 상속 사건을 다룹니다. 지역별 업무 상황 등기원인 문구와 검인·취득세 완납 증빙이 일치하는지 접,466,51bb4d06d18abf24
/사직동재건축등기,재건축등기을(를) 사직동 기준으로 볼 때는 동일 절차라도 등기소·법원 창구가 사건별로 갈릴 수 있습니다. 사직·온천 일대 재건축·주택 상속 사건이 있는 동입니다. 재건축 사업 후 신축 아파트 소유권 이전 등기를 지원합니다. 상담 시 서류·일정·비용 범위를 항목별로 안내합니다. 재건축등기을(를) 사직동 기준으로 볼 때는 동일 절차라도 등기소·법원 창구가 사건별로 갈릴 수 있습니다. 사직·온천 일대 재건축·주택 상속 사건이 있는 동입니다. 재건축 사업 후 신축 아파트 소유권 이전 등기를 지원합니다. 상담 시 서류·일정·비용 범위를 항목별로 안내합니다. 사직·온천 일대 재건축·주택 상속 사건이 있는 동입니다. 재건축 사업 후 신축 아파트 소유권 이전 등기를 지원합니다. 지역별 업무 상황 전자등기 가능 사건과 방문 열람이 필요한 사건을 분리해 일정을 잡습니다. 보정 대응 창구를 미리 적어 둡니다. 다수 필지·다수 계좌면 목록 번호를 매겨 누락을 줄입니다. 완료 후 등기필정보 전달 방식을 정,479,9ca9b82752be99bc
/사진전자파일우편으로서류전달,"‘법무사에게 사진으로 서류 보내도 되는지’, ‘등기서류를 우편으로 보내는 방법’, ‘전자문서로 먼저 검토 가능한지’를 찾는 분께, 채널별 역할과 원본이 필요한 시점을 구분해 안내합니다. ‘법무사에게 사진으로 서류 보내도 되는지’, ‘등기서류를 우편으로 보내는 방법’, ‘전자문서로 먼저 검토 가능한지’를 찾는 분께, 채널별 역할과 원본이 필요한 시점을 구분해 안내합니다. ‘법무사에게 사진으로 서류 보내도 되는지’, ‘등기서류를 우편으로 보내는 방법’, ‘전자문서로 먼저 검토 가능한지’를 찾는 분께, 채널별 역할과 원본이 필요한 시점을 구분해 안내합니다. 상담 시 확인하는 내용 사진·전자파일·우편으로 서류 전달하기 사건은 서류·관할·기한에 따라 진행 순서가 달라집니다. 다옴법무사사무소는 부산 해운대구·센텀에서 상속등기·부동산등기·법인등기·개인회생·파산 등을 다루며, 의뢰인 상황에 맞춰 절차와 비용을 알기 쉽게 설명합니다. 불확실한 부분은 추측으로 단정하지 않고, 확인된 사실을 바탕으로 ",163,4affcb724444efeb
/사하구법무사,사하구에서 법무사를 찾으시면 하단·괴정·당리 주거와 다대·장림 생활권의 매매·상속을 이 페이지에서 나누시면 됩니다. 이 페이지에서는 주택 부동산등기와 상속을 중심으로 설명합니다. 다옴법무사사무소는 해운대 센텀에서 사하구 사건을 상담합니다. 사하구에서 법무사를 찾으시면 하단·괴정·당리 주거와 다대·장림 생활권의 매매·상속을 이 페이지에서 나누시면 됩니다. 이 페이지에서는 주택 부동산등기와 상속을 중심으로 설명합니다. 다옴법무사사무소는 해운대 센텀에서 사하구 사건을 상담합니다. 사하구 부동산등기는 서부지원 등기과 관할입니다. 하단역 생활권과 다대포 해안 주거는 상담 각도가 달라 소재지를 먼저 알려 주시면 됩니다. 하단·괴정·다대 전용 페이지가 있으면 동 안내를 함께 보시면 됩니다. 이 페이지에서 다루는 사하구 업무 통계로 ‘많다’고 단정하지 않습니다. 사하구 검색 의도에 맞춰 아래 업무를 중심으로 안내합니다. 상속등기: 아파트·주택 명의 부동산등기: 매매·잔금 하단: 하단역 생활권 괴정,405,7134acddc304b470
/사하구법인등기,사하구 법인등기 문의는 소재지·채무·협의 상태에 따라 준비 순서가 달라집니다. 하단·괴정·당리 일대 주택·상가 상속·전세·매매 부동산등기 문의가 있는 구입니다. 주식회사·유한회사 등 법인의 설립 이후 변경·이전 등기를 처리합니다. 센텀·서면 일대 법인 설립·임원변경·본점이전을 안내합니다. 상담 시 서류·일정·비용 범위를 항목별로 안내합니다. 사하구 법인등기 문의는 소재지·채무·협의 상태에 따라 준비 순서가 달라집니다. 하단·괴정·당리 일대 주택·상가 상속·전세·매매 부동산등기 문의가 있는 구입니다. 주식회사·유한회사 등 법인의 설립 이후 변경·이전 등기를 처리합니다. 센텀·서면 일대 법인 설립·임원변경·본점이전을 안내합니다. 상담 시 서류·일정·비용 범위를 항목별로 안내합니다. 하단·괴정·당리 일대 주택·상가 상속·전세·매매 부동산등기 문의가 있는 구입니다. 주식회사·유한회사 등 법인의 설립 이후 변경·이전 등기를 처리합니다. 센텀·서면 일대 법인 설립·임원변경·본점이전을 안내합니다,473,264a91110b60f781
/사하구법인설립등기,사하구에서 법인설립등기을(를) 진행하려면 관할 확인 후 서류 체크리스트부터 잡는 편이 안전합니다. 하단·괴정·당리 일대 주택·상가 상속·전세·매매 부동산등기 문의가 있는 구입니다. 정관 작성·자본금 납입·설립 등기까지 창업 초기 법인 설립 절차를 지원합니다. 상담 시 서류·일정·비용 범위를 항목별로 안내합니다. 사하구에서 법인설립등기을(를) 진행하려면 관할 확인 후 서류 체크리스트부터 잡는 편이 안전합니다. 하단·괴정·당리 일대 주택·상가 상속·전세·매매 부동산등기 문의가 있는 구입니다. 정관 작성·자본금 납입·설립 등기까지 창업 초기 법인 설립 절차를 지원합니다. 상담 시 서류·일정·비용 범위를 항목별로 안내합니다. 하단·괴정·당리 일대 주택·상가 상속·전세·매매 부동산등기 문의가 있는 구입니다. 정관 작성·자본금 납입·설립 등기까지 창업 초기 법인 설립 절차를 지원합니다. 지역별 업무 상황 말소할 근저당·전세권 목록을 본등기 신청서와 같은 묶음으로 준비합니다. 채권자 협의 필요 ,469,3a20aec62ac17a4b
/사하구부동산등기,"사하구 부동산등기는 하단 역세권·괴정·당리 실거주 아파트와 다대·장림 해안 주거의 잔금일 소유권이전, 전세권·근저당 말소가 핵심입니다. 상속 절차 안내는 사하구 법무사·상속등기 페이지와 역할을 나눕니다. 사하구 하단동, 괴정동, 다대동, 당리동에서 부동산등기를 진행할 때는 부동산·법인 소재지와 당사자 서류를 기준으로 관할과 순서를 맞춥니다. 이 페이지는 부동산등기만 다루며, 상담은 해운대 센텀 다옴법무사사무소에서 이어집니다. 사하구 부동산등기는 하단 역세권·괴정·당리 실거주 아파트와 다대·장림 해안 주거의 잔금일 소유권이전, 전세권·근저당 말소가 핵심입니다. 상속 절차 안내는 사하구 법무사·상속등기 페이지와 역할을 나눕니다. 사하구 하단동, 괴정동, 다대동, 당리동에서 부동산등기를 진행할 때는 부동산·법인 소재지와 당사자 서류를 기준으로 관할과 순서를 맞춥니다. 이 페이지는 부동산등기만 다루며, 상담은 해운대 센텀 다옴법무사사무소에서 이어집니다. 사하구 하단동, 괴정동, 다대동, 당",323,fd13304e35cb7e35
/사하구상속등기,사하구 상속등기 문의는 소재지·채무·협의 상태에 따라 준비 순서가 달라집니다. 하단·괴정·당리 일대 주택·상가 상속·전세·매매 부동산등기 문의가 있는 구입니다. 피상속인 사망 후 부동산·토지 등기명의를 상속인 명의로 이전하는 절차입니다. 부산 전역 아파트·상가·토지 상속 사건을 다룹니다. 상담 시 서류·일정·비용 범위를 항목별로 안내합니다. 사하구 상속등기 문의는 소재지·채무·협의 상태에 따라 준비 순서가 달라집니다. 하단·괴정·당리 일대 주택·상가 상속·전세·매매 부동산등기 문의가 있는 구입니다. 피상속인 사망 후 부동산·토지 등기명의를 상속인 명의로 이전하는 절차입니다. 부산 전역 아파트·상가·토지 상속 사건을 다룹니다. 상담 시 서류·일정·비용 범위를 항목별로 안내합니다. 하단·괴정·당리 일대 주택·상가 상속·전세·매매 부동산등기 문의가 있는 구입니다. 피상속인 사망 후 부동산·토지 등기명의를 상속인 명의로 이전하는 절차입니다. 부산 전역 아파트·상가·토지 상속 사건을 다룹니다,474,88912e8d508e8705
/사하구상속포기,상속포기을(를) 사하구 기준으로 볼 때는 동일 절차라도 등기소·법원 창구가 사건별로 갈릴 수 있습니다. 하단·괴정·당리 일대 주택·상가 상속·전세·매매 부동산등기 문의가 있는 구입니다. 상속 재산보다 채무가 많을 때 상속을 포기하는 가사 신고 절차입니다. 부산가정법원 관할 사건을 안내합니다. 상담 시 서류·일정·비용 범위를 항목별로 안내합니다. 상속포기을(를) 사하구 기준으로 볼 때는 동일 절차라도 등기소·법원 창구가 사건별로 갈릴 수 있습니다. 하단·괴정·당리 일대 주택·상가 상속·전세·매매 부동산등기 문의가 있는 구입니다. 상속 재산보다 채무가 많을 때 상속을 포기하는 가사 신고 절차입니다. 부산가정법원 관할 사건을 안내합니다. 상담 시 서류·일정·비용 범위를 항목별로 안내합니다. 하단·괴정·당리 일대 주택·상가 상속·전세·매매 부동산등기 문의가 있는 구입니다. 상속 재산보다 채무가 많을 때 상속을 포기하는 가사 신고 절차입니다. 부산가정법원 관할 사건을 안내합니다. 지역별 업무,505,96c83c9d4206a678
/사하구임원변경등기,사하구 임원변경등기 문의는 소재지·채무·협의 상태에 따라 준비 순서가 달라집니다. 하단·괴정·당리 일대 주택·상가 상속·전세·매매 부동산등기 문의가 있는 구입니다. 대표이사·이사·감사 변경에 따른 법인 등기입니다. 결의일로부터 등기 기한 준수가 중요합니다. 상담 시 서류·일정·비용 범위를 항목별로 안내합니다. 사하구 임원변경등기 문의는 소재지·채무·협의 상태에 따라 준비 순서가 달라집니다. 하단·괴정·당리 일대 주택·상가 상속·전세·매매 부동산등기 문의가 있는 구입니다. 대표이사·이사·감사 변경에 따른 법인 등기입니다. 결의일로부터 등기 기한 준수가 중요합니다. 상담 시 서류·일정·비용 범위를 항목별로 안내합니다. 하단·괴정·당리 일대 주택·상가 상속·전세·매매 부동산등기 문의가 있는 구입니다. 대표이사·이사·감사 변경에 따른 법인 등기입니다. 결의일로부터 등기 기한 준수가 중요합니다. 지역별 업무 상황 수임·등록면허세·지방교육세·수수료 칸을 나눈 견적 초안을 상담 후 공유합니다. ,448,abd56503d443b6cb
/사하구전세권설정,사하구 전세권설정 문의는 소재지·채무·협의 상태에 따라 준비 순서가 달라집니다. 하단·괴정·당리 일대 주택·상가 상속·전세·매매 부동산등기 문의가 있는 구입니다. 전세금 보호를 위한 전세권 설정 등기입니다. 임대차 계약·확정일자와 함께 검토합니다. 상담 시 서류·일정·비용 범위를 항목별로 안내합니다. 사하구 전세권설정 문의는 소재지·채무·협의 상태에 따라 준비 순서가 달라집니다. 하단·괴정·당리 일대 주택·상가 상속·전세·매매 부동산등기 문의가 있는 구입니다. 전세금 보호를 위한 전세권 설정 등기입니다. 임대차 계약·확정일자와 함께 검토합니다. 상담 시 서류·일정·비용 범위를 항목별로 안내합니다. 하단·괴정·당리 일대 주택·상가 상속·전세·매매 부동산등기 문의가 있는 구입니다. 전세금 보호를 위한 전세권 설정 등기입니다. 임대차 계약·확정일자와 함께 검토합니다. 지역별 업무 상황 등기원인 문구와 검인·취득세 완납 증빙이 일치하는지 접수 직전에 재확인합니다. 공동매수면 지분 표기를 맞,473,9cbad0f75cc5f05b
/사하구한정승인,사하구에서 한정승인을(를) 진행하려면 관할 확인 후 서류 체크리스트부터 잡는 편이 안전합니다. 하단·괴정·당리 일대 주택·상가 상속·전세·매매 부동산등기 문의가 있는 구입니다. 상속 재산 범위 내에서만 채무를 변제하고 상속을 승인하는 절차입니다. 채무 조사 후 상속등기와 연계됩니다. 상담 시 서류·일정·비용 범위를 항목별로 안내합니다. 사하구에서 한정승인을(를) 진행하려면 관할 확인 후 서류 체크리스트부터 잡는 편이 안전합니다. 하단·괴정·당리 일대 주택·상가 상속·전세·매매 부동산등기 문의가 있는 구입니다. 상속 재산 범위 내에서만 채무를 변제하고 상속을 승인하는 절차입니다. 채무 조사 후 상속등기와 연계됩니다. 상담 시 서류·일정·비용 범위를 항목별로 안내합니다. 하단·괴정·당리 일대 주택·상가 상속·전세·매매 부동산등기 문의가 있는 구입니다. 상속 재산 범위 내에서만 채무를 변제하고 상속을 승인하는 절차입니다. 채무 조사 후 상속등기와 연계됩니다. 지역별 업무 상황 산업단지·재,466,6c9cd63f5c6bd95f
/사회복지법인설립등기,"사회복지법인 설립은 관할 시·도지사 설립인가 후 1월 이내 설립등기가 필요합니다. 부산 소재 법인은 부산광역시장 인가·부산 관할 등기소 접수가 원칙입니다. 사회복지법인 설립은 관할 시·도지사 설립인가 후 1월 이내 설립등기가 필요합니다. 부산 소재 법인은 부산광역시장 인가·부산 관할 등기소 접수가 원칙입니다. 사회복지법인은 사회복지사업을 수행하기 위해 사회복지법에 따라 설립되는 법인입니다. 상담 시 확인하는 내용 사회복지법인 설립등기 사건은 서류·관할·기한에 따라 진행 순서가 달라집니다. 다옴법무사사무소는 부산 해운대구·센텀에서 상속등기·부동산등기·법인등기·개인회생·파산 등을 다루며, 의뢰인 상황에 맞춰 절차와 비용을 알기 쉽게 설명합니다. 불확실한 부분은 추측으로 단정하지 않고, 확인된 사실을 바탕으로 안내드립니다. 전화·카카오톡·네이버 톡톡으로 간단히 상황을 남겨 주시면 필요한 준비부터 차분히 정리해 드리겠습니다. 사회복지법인과 사단법인 중 무엇을 선택하나요? 사회복지사업을 주된",147,d66bd15c35c4b38e
/사회복지법인임원변경등기,"사회복지법인 임원변경은 결의·변경인가(해당 시) 후 등기 기한 내 접수해야 합니다. 사회복지법인 임원변경은 결의·변경인가(해당 시) 후 등기 기한 내 접수해야 합니다. 사회복지법인 임원 변경도 취임·사임 등기가 필요하며, 일부는 시·도지사 변경인가가 선행됩니다. 상담 시 확인하는 내용 사회복지법인 임원변경등기 사건은 서류·관할·기한에 따라 진행 순서가 달라집니다. 다옴법무사사무소는 부산 해운대구·센텀에서 상속등기·부동산등기·법인등기·개인회생·파산 등을 다루며, 의뢰인 상황에 맞춰 절차와 비용을 알기 쉽게 설명합니다. 불확실한 부분은 추측으로 단정하지 않고, 확인된 사실을 바탕으로 안내드립니다. 전화·카카오톡·네이버 톡톡으로 간단히 상황을 남겨 주시면 필요한 준비부터 차분히 정리해 드리겠습니다. 사회복지법인 임원변경등기 상담은 어디서 받을 수 있나요? 다옴법무사사무소는 해운대구 센텀에 있으며, 부산 전역 사건을 전화·카카오톡·네이버 톡톡·방문(예약)으로 상담합니다. 비용은 어떻게 안내",134,fea13e254378af3c
/사회복지법인해산청산등기,"해산·청산은 결의·인가·해산등기·청산인 등기·청산종결등기 순으로 진행됩니다. 법무사는 등기 단계를 지원합니다. 해산·청산은 결의·인가·해산등기·청산인 등기·청산종결등기 순으로 진행됩니다. 법무사는 등기 단계를 지원합니다. 사회복지법인 해산은 총회 결의·시·도지사 보고·인가 후 해산등기·청산 절차가 이어집니다. 상담 시 확인하는 내용 사회복지법인 해산·청산등기 사건은 서류·관할·기한에 따라 진행 순서가 달라집니다. 다옴법무사사무소는 부산 해운대구·센텀에서 상속등기·부동산등기·법인등기·개인회생·파산 등을 다루며, 의뢰인 상황에 맞춰 절차와 비용을 알기 쉽게 설명합니다. 불확실한 부분은 추측으로 단정하지 않고, 확인된 사실을 바탕으로 안내드립니다. 전화·카카오톡·네이버 톡톡으로 간단히 상황을 남겨 주시면 필요한 준비부터 차분히 정리해 드리겠습니다. 사회복지법인 해산·청산등기 상담은 어디서 받을 수 있나요? 다옴법무사사무소는 해운대구 센텀에 있으며, 부산 전역 사건을 전화·카카오톡·네이버 ",131,32fad0d0c397929e
/사회적기업과법인설립차이,"법인 설립등기와 사회적기업 인증은 순서·주체·서류가 모두 다릅니다. 법무사는 등기 단계를 지원합니다. 법인 설립등기와 사회적기업 인증은 순서·주체·서류가 모두 다릅니다. 법무사는 등기 단계를 지원합니다. 사회적기업은 인증·지정 제도이고, 법인 설립은 상법·협동조합법·민법 등에 따른 별도 절차입니다. 상담 시 확인하는 내용 사회적기업과 법인 설립 차이 사건은 서류·관할·기한에 따라 진행 순서가 달라집니다. 다옴법무사사무소는 부산 해운대구·센텀에서 상속등기·부동산등기·법인등기·개인회생·파산 등을 다루며, 의뢰인 상황에 맞춰 절차와 비용을 알기 쉽게 설명합니다. 불확실한 부분은 추측으로 단정하지 않고, 확인된 사실을 바탕으로 안내드립니다. 전화·카카오톡·네이버 톡톡으로 간단히 상황을 남겨 주시면 필요한 준비부터 차분히 정리해 드리겠습니다. 사회적기업과 법인 설립 차이 상담은 어디서 받을 수 있나요? 다옴법무사사무소는 해운대구 센텀에 있으며, 부산 전역 사건을 전화·카카오톡·네이버 톡톡·방",140,76d90fddf85a9137
/사회적기업과사회적협동조합차이,"법인 형태를 먼저 정하고, 사회적기업 인증 필요 여부는 별도로 검토하세요. 인증은 등기와 별개입니다. 법인 형태를 먼저 정하고, 사회적기업 인증 필요 여부는 별도로 검토하세요. 인증은 등기와 별개입니다. 사회적기업은 인증·지정 제도이고, 사회적협동조합은 별도 법인 유형입니다. 상담 시 확인하는 내용 사회적기업과 사회적협동조합 차이 사건은 서류·관할·기한에 따라 진행 순서가 달라집니다. 다옴법무사사무소는 부산 해운대구·센텀에서 상속등기·부동산등기·법인등기·개인회생·파산 등을 다루며, 의뢰인 상황에 맞춰 절차와 비용을 알기 쉽게 설명합니다. 불확실한 부분은 추측으로 단정하지 않고, 확인된 사실을 바탕으로 안내드립니다. 전화·카카오톡·네이버 톡톡으로 간단히 상황을 남겨 주시면 필요한 준비부터 차분히 정리해 드리겠습니다. 사회적기업과 사회적협동조합 차이 상담은 어디서 받을 수 있나요? 다옴법무사사무소는 해운대구 센텀에 있으며, 부산 전역 사건을 전화·카카오톡·네이버 톡톡·방문(예약)으로 상",139,60b163814bbdb043
/사회적협동조합과사단법인차이,"공동 사업·조합원 배당 구조면 사회적협동조합, 협회·단체·회원 모임이면 사단법인을 검토합니다. 공동 사업·조합원 배당 구조면 사회적협동조합, 협회·단체·회원 모임이면 사단법인을 검토합니다. 사회적협동조합은 조합원 공동 사업, 사단법인은 회원 단체 운영에 가깝습니다. 상담 시 확인하는 내용 사회적협동조합과 사단법인 차이 사건은 서류·관할·기한에 따라 진행 순서가 달라집니다. 다옴법무사사무소는 부산 해운대구·센텀에서 상속등기·부동산등기·법인등기·개인회생·파산 등을 다루며, 의뢰인 상황에 맞춰 절차와 비용을 알기 쉽게 설명합니다. 불확실한 부분은 추측으로 단정하지 않고, 확인된 사실을 바탕으로 안내드립니다. 전화·카카오톡·네이버 톡톡으로 간단히 상황을 남겨 주시면 필요한 준비부터 차분히 정리해 드리겠습니다. 사회적협동조합과 사단법인 차이 상담은 어디서 받을 수 있나요? 다옴법무사사무소는 해운대구 센텀에 있으며, 부산 전역 사건을 전화·카카오톡·네이버 톡톡·방문(예약)으로 상담합니다. 비용",133,04a6efb553777f58
/산업단지법인등기,산업단지 법인등기 관련 문의는 검색 키워드만으로 절차가 결정되지 않는 경우가 많습니다. 주식회사·유한회사 등 법인의 설립 이후 변경·이전 등기를 처리합니다. 센텀·서면 일대 법인 설립·임원변경·본점이전을 안내합니다. 부산광역시 전역 상속등기·부동산등기·법인등기·개인회생·파산 등 법무사 업무를 다루는 핵심 지역입니다. 다옴법무사사무소는 상황을 듣고 다음 단계부터 정리합니다. 산업단지 법인등기 관련 문의는 검색 키워드만으로 절차가 결정되지 않는 경우가 많습니다. 주식회사·유한회사 등 법인의 설립 이후 변경·이전 등기를 처리합니다. 센텀·서면 일대 법인 설립·임원변경·본점이전을 안내합니다. 부산광역시 전역 상속등기·부동산등기·법인등기·개인회생·파산 등 법무사 업무를 다루는 핵심 지역입니다. 다옴법무사사무소는 상황을 듣고 다음 단계부터 정리합니다. 부산광역시 전역 상속등기·부동산등기·법인등기·개인회생·파산 등 법무사 업무를 다루는 핵심 지역입니다. 주식회사·유한회사 등 법인의 설립 이후 변,462,c3b92338b6d5b3c8
/상가보존등기,"상가 보존등기 검색 시, 키워드만 보고 결정하기보다 상가 보존등기에 맞는 서류·기한·관할·비용을 먼저 확인하는 것이 안전합니다. 상가 보존등기 검색 시, 키워드만 보고 결정하기보다 상가 보존등기에 맞는 서류·기한·관할·비용을 먼저 확인하는 것이 안전합니다. 상가 보존등기 검색 시, 키워드만 보고 결정하기보다 상가 보존등기에 맞는 서류·기한·관할·비용을 먼저 확인하는 것이 안전합니다. 상담 시 확인하는 내용 상가 보존등기 사건은 서류·관할·기한에 따라 진행 순서가 달라집니다. 다옴법무사사무소는 부산 해운대구·센텀에서 상속등기·부동산등기·법인등기·개인회생·파산 등을 다루며, 의뢰인 상황에 맞춰 절차와 비용을 알기 쉽게 설명합니다. 불확실한 부분은 추측으로 단정하지 않고, 확인된 사실을 바탕으로 안내드립니다. 전화·카카오톡·네이버 톡톡으로 간단히 상황을 남겨 주시면 필요한 준비부터 차분히 정리해 드리겠습니다. 상가 보존등기 검색 시 무엇을 먼저 확인해야 하나요? 상가 보존등기는 보통 ‘견",276,b86501f5400d0d17
/상담,"긴 문의 글을 쓰지 않아도 됩니다. 해당하는 상황을 고르고, 준비된 자료가 있으면 표시한 뒤, 연락처만 남겨 주시면 됩니다. 긴 문의 글을 쓰지 않아도 됩니다. 해당하는 상황을 고르고, 준비된 자료가 있으면 표시한 뒤, 연락처만 남겨 주시면 됩니다. 긴 문의 글을 쓰지 않아도 됩니다. 해당하는 상황을 고르고, 준비된 자료가 있으면 표시한 뒤, 연락처만 남겨 주시면 됩니다. 비용 안내 상담 문의 자체는 상황 확인을 위한 것이며, 수임료·공과금은 사건 확인 후 구분해 안내합니다. 관할·접근 안내 남겨주신 상황을 확인한 뒤 관할·서류·절차를 안내합니다. 확정 견적은 사건 확인 후입니다. 상담하고 싶은 상황(상속·등기·법인·회생 등) 연락받을 전화 또는 이메일 있으면 등기부·계약서 사진(없어도 가능) 법무사 의견 업무명을 몰라도, 서류가 없어도 현재 상황만 알려 주시면 됩니다. 필요한 절차를 확인한 뒤 안내드립니다. 상담 시 확인하는 내용 법무사 상담 안내 사건은 서류·관할·기한에 따라 진",201,6975e682370433b8
/상속,"이 페이지는 가족 사망 후 어떤 절차가 필요한지 처음부터 확인하는 상속 종합 안내입니다. 부산에서 상속 법무사·법무사 상속 상담을 찾는다면 부산 상속 법무사 안내가 대표 페이지입니다. 상속이 발생하면 등기·가정법원 신고·채무 조사를 어떤 순서로 진행해야 할지 막막한 경우가 많습니다. 부동산이 부산에 있지 않아도 전국 상속등기를 상담할 수 있고, 상속포기·한정승인은 법정 관할을 지키면서 비대면으로 진행할 수 있습니다. 상속 개시 후 3개월은 주로 포기·한정승인 검토와 관련된 기간이며, 상속등기·취득세 신고기한과 혼동하지 않도록 구분해 안내합니다. 다옴법무사사무소는 전화·카카오톡·방문(예약)으로 상담하며 필요 서류와 비용을 항목별로 설명합니다. 원본서류·본인확인·해외서류가 필요하면 사건별로 추가 절차를 안내하며, 모든 사건이 완전 비대면이라고 단정하지 않습니다. 이 페이지는 가족 사망 후 어떤 절차가 필요한지 처음부터 확인하는 상속 종합 안내입니다. 부산에서 상속 법무사·법무사 상속 상",480,2bf6568e824032ab
/상속건물멸실등기,"상속 건물 멸실은 신청권자·공동상속인 협조와 상속등기 선후를 맞춘 뒤 진행하는 것이 안전합니다. 철거만 하고 명의·멸실을 미루면 매도·분할에서 다시 막힙니다. 상속 건물 멸실은 신청권자·공동상속인 협조와 상속등기 선후를 맞춘 뒤 진행하는 것이 안전합니다. 철거만 하고 명의·멸실을 미루면 매도·분할에서 다시 막힙니다. 피상속인 명의 건물을 철거·멸실하려면, 상속등기(또는 신청 자격)와 공동상속인 의사를 먼저 맞추는 경우가 많습니다. 비용 안내 비용은 상속등기·멸실등기 동시/순차 수임, 공동상속인 수·협조 난이도, 장기 미등기 방치로 인한 추가 조사 등에 따라 달라질 수 있습니다. 관할·접근 안내 부동산 소재지 관할 등기소 기준으로 접수하며, 부산 해운대·센텀 다옴법무사사무소에서 상담·수임을 진행합니다. 사무소: 부산광역시 해운대구 센텀동로 200 D동 1층 LAB9호 법무사는 부동산등기(건물·토지) 신청·서류 작성·접수 대리 등 등기 관련 업무를 지원합니다. 건축 인허가·철거 공사·세",247,1bfe106c1df15c56
/상속등기과태료,상속등기 과태료 관련 안내는 지연 등기·신고가 문제될 수 있는 조건을 중심으로 봅니다. 이미 기한이 지난 경우에도 다음 조치 선택지를 상담에서 정리합니다. 피상속인 사망 후 부동산·토지 등기명의를 상속인 명의로 이전하는 절차입니다. 부산 전역 아파트·상가·토지 상속 사건을 다룹니다. 다옴법무사사무소는 부산 전역 사건을 다루며 과태료 관련 범위를 항목별로 정리합니다. 상속등기 과태료 관련 안내는 지연 등기·신고가 문제될 수 있는 조건을 중심으로 봅니다. 이미 기한이 지난 경우에도 다음 조치 선택지를 상담에서 정리합니다. 피상속인 사망 후 부동산·토지 등기명의를 상속인 명의로 이전하는 절차입니다. 부산 전역 아파트·상가·토지 상속 사건을 다룹니다. 다옴법무사사무소는 부산 전역 사건을 다루며 과태료 관련 범위를 항목별로 정리합니다. 부산은 관할 법원·등기소가 사건별로 달라 사전 정리가 중요한 지역입니다. 피상속인 사망 후 부동산·토지 등기명의를 상속인 명의로 이전하는 절차입니다. 부산 전,516,782a167efd09d729
/상속등기기간,"부산에서 상속등기 기간을(를) 검색하시는 분들은 대부분 실제 부담 금액과 준비 기간을 알고 싶어 하십니다. 상속등기 기간, 상속 신고 기한 관련 비용은 사건마다 다릅니다. 부동산 가액·상속인 수·채무 규모·법인 규모·병행 업무 여부에 따라 법무사 보수와 등기신청 수수료·세금이 달라집니다. 다옴법무사사무소는 부산 해운대구, 기장군 일대를 포함한 부산 전역 의뢰인에게 항목별 견적을 투명하게 안내합니다. 숨겨진 비용 없이 상담 후 예상 범위를 설명해 드립니다. 부산에서 상속등기 기간을(를) 검색하시는 분들은 대부분 실제 부담 금액과 준비 기간을 알고 싶어 하십니다. 상속등기 기간, 상속 신고 기한 관련 비용은 사건마다 다릅니다. 부동산 가액·상속인 수·채무 규모·법인 규모·병행 업무 여부에 따라 법무사 보수와 등기신청 수수료·세금이 달라집니다. 다옴법무사사무소는 부산 해운대구, 기장군 일대를 포함한 부산 전역 의뢰인에게 항목별 견적을 투명하게 안내합니다. 숨겨진 비용 없이 상담 후 예상 ",369,3f85bbc699d491c3
/상속등기기한,"기한만 보고 단정하기보다, 상속등기의 사실관계·기한·관할을 먼저 나눠 보는 것이 실무적입니다. 피상속인 사망 후 부동산·토지 등기명의를 상속인 명의로 이전하는 절차입니다. 부산 전역 아파트·상가·토지 상속 사건을 다룹니다. 다옴법무사사무소는 부산 전역 사건을 다루며 기한 관련 범위를 항목별로 정리합니다. 기한만 보고 단정하기보다, 상속등기의 사실관계·기한·관할을 먼저 나눠 보는 것이 실무적입니다. 피상속인 사망 후 부동산·토지 등기명의를 상속인 명의로 이전하는 절차입니다. 부산 전역 아파트·상가·토지 상속 사건을 다룹니다. 다옴법무사사무소는 부산 전역 사건을 다루며 기한 관련 범위를 항목별로 정리합니다. 부산은 관할 법원·등기소가 사건별로 달라 사전 정리가 중요한 지역입니다. 피상속인 사망 후 부동산·토지 등기명의를 상속인 명의로 이전하는 절차입니다. 부산 전역 아파트·상가·토지 상속 사건을 다룹니다. 법정 기한 잔금·인도·대출 실행 일정을 한 줄에 두고 등기 접수를 맞춥니다. 중도",505,d348c81c59eb7c18
/상속등기보수표,"상속등기 보수표 검색은 상속등기 비용과 같은 의도인 경우가 많습니다. 대표 안내는 상속등기 비용 페이지입니다. 상속등기 보수표 검색은 상속등기 비용과 같은 의도인 경우가 많습니다. 대표 안내는 상속등기 비용 페이지입니다. 상속등기 보수표 검색은 상속등기 비용과 같은 의도인 경우가 많습니다. 대표 안내는 상속등기 비용 페이지입니다. 보수표와 실제 견적의 차이 가산보수·실비·취득세·등록면허세는 표 밖 항목일 수 있습니다. 상속인 수·부동산 수를 알려 주시면 상속등기 비용 안내에서 구조를 이어갑니다. 검색 의도별 다음 안내 상속등기 보수표 관련해서는 허브 페이지에서 절차를 고른 뒤, 필요하면 상담으로 이어가면 됩니다. 상담 시 확인하는 내용 상속등기 보수표 사건은 서류·관할·기한에 따라 진행 순서가 달라집니다. 다옴법무사사무소는 부산 해운대구·센텀에서 상속등기·부동산등기·법인등기·개인회생·파산 등을 다루며, 의뢰인 상황에 맞춰 절차와 비용을 알기 쉽게 설명합니다. 불확실한 부분은 추측으로",221,efc5110593dfecb5
/상속등기비용,"부산에서 상속등기 비용을 알아볼 때 단순히 법무사 보수만 비교하면 실제 필요한 전체 금액을 판단하기 어렵습니다. 상속인 수와 부동산 수, 협의분할 여부 등에 따라 필요한 절차와 공과금이 달라질 수 있기 때문입니다. 상속등기 수수료·수임료로 검색하셔도 견적에서는 보수와 세금을 나눠 설명합니다. 부산에서 상속등기 비용을 알아볼 때 단순히 법무사 보수만 비교하면 실제 필요한 전체 금액을 판단하기 어렵습니다. 상속인 수와 부동산 수, 협의분할 여부 등에 따라 필요한 절차와 공과금이 달라질 수 있기 때문입니다. 상속등기 수수료·수임료로 검색하셔도 견적에서는 보수와 세금을 나눠 설명합니다. 부산 상속등기 비용 — 법무사 수임료·등기 수수료·세금 항목별 안내. 다옴법무사사무소 안윤정 법무사. 부산 해운대구, 연제구 상담 가능. 부산 해운대구·연제구 일대에서 해당 업무의 서류·기한·관할을 상담합니다. 상속등기 비용은 어떻게 정해질까요? 부산에서 상속등기 비용을 알아볼 때 법무사 보수만 비교하면 실",510,040bb3ab60abf092
/상속등기상담,"상속등기는 부동산 소재지·상속인 수·협의 여부에 따라 서류가 달라집니다. 상황을 선택해 주시면 필요한 순서를 안내합니다. 상속등기는 부동산 소재지·상속인 수·협의 여부에 따라 서류가 달라집니다. 상황을 선택해 주시면 필요한 순서를 안내합니다. 상속등기는 부동산 소재지·상속인 수·협의 여부에 따라 서류가 달라집니다. 상황을 선택해 주시면 필요한 순서를 안내합니다. 비용 안내 상담 문의 자체는 상황 확인을 위한 것이며, 수임료·공과금은 사건 확인 후 구분해 안내합니다. 관할·접근 안내 남겨주신 상황을 확인한 뒤 관할·서류·절차를 안내합니다. 확정 견적은 사건 확인 후입니다. 가족관계증명서(있으면) 등기부(있으면) 사망일 법무사 의견 업무명을 몰라도, 서류가 없어도 현재 상황만 알려 주시면 됩니다. 필요한 절차를 확인한 뒤 안내드립니다. 상담 시 확인하는 내용 상속등기 상담 사건은 서류·관할·기한에 따라 진행 순서가 달라집니다. 다옴법무사사무소는 부산 해운대구·센텀에서 상속등기·부동산등기",184,1c1e381e8e3f8539
/상속등기실수모음,"상속등기에서 많이 하는 실수 검색 시, 키워드만 보고 결정하기보다 상속등기 실수 예방에 맞는 서류·기한·관할·비용을 먼저 확인하는 것이 안전합니다. 상속등기에서 많이 하는 실수 검색 시, 키워드만 보고 결정하기보다 상속등기 실수 예방에 맞는 서류·기한·관할·비용을 먼저 확인하는 것이 안전합니다. 상속등기에서 많이 하는 실수 검색 시, 키워드만 보고 결정하기보다 상속등기 실수 예방에 맞는 서류·기한·관할·비용을 먼저 확인하는 것이 안전합니다. 상담 시 확인하는 내용 상속등기에서 많이 하는 실수 사건은 서류·관할·기한에 따라 진행 순서가 달라집니다. 다옴법무사사무소는 부산 해운대구·센텀에서 상속등기·부동산등기·법인등기·개인회생·파산 등을 다루며, 의뢰인 상황에 맞춰 절차와 비용을 알기 쉽게 설명합니다. 불확실한 부분은 추측으로 단정하지 않고, 확인된 사실을 바탕으로 안내드립니다. 전화·카카오톡·네이버 톡톡으로 간단히 상황을 남겨 주시면 필요한 준비부터 차분히 정리해 드리겠습니다. 상속등",296,c9d5bb7537b88963
/상속등기자가진단,"부모님 사망 후 집 명의변경이 급한데 상속등기 필요서류와 기간이 막막하신가요? 아래 질문에 답하시면 검토 방향을 안내해 드립니다. 부모님 사망 후 집 명의변경이 급한데 상속등기 필요서류와 기간이 막막하신가요? 아래 질문에 답하시면 검토 방향을 안내해 드립니다. 부모님 사망 후 집 명의변경이 급한데 상속등기 필요서류와 기간이 막막하신가요? 아래 질문에 답하시면 검토 방향을 안내해 드립니다. 상속등기는 피상속인 명의 부동산·권리를 상속인 명의로 바꾸는 등기 절차입니다. 부모님 사망 후 집 명의변경을 하려면 먼저 누가 상속인인지, 재산에 채무가 얼마나 있는지를 파악해야 합니다. 부산·해운대·센텀 지역은 아파트·오피스텔·토지 상속 사례가 많아 관할 등기소와 취득세 신고를 함께 검토하는 경우가 흔합니다. 자가진단 결과 안내 자가진단 결과는 사전 정보 확인·검토 필요·상담 권장·긴급 확인 필요 네 단계로 안내됩니다. 점수와 답변 태그(기한·채무·분쟁 등)를 함께 반영하며, 특정 절차가 반드시 ",723,a151473028e2fb9d
/상속등기준비서류,"준비서류만 보고 단정하기보다, 상속등기의 사실관계·기한·관할을 먼저 나눠 보는 것이 실무적입니다. 피상속인 사망 후 부동산·토지 등기명의를 상속인 명의로 이전하는 절차입니다. 부산 전역 아파트·상가·토지 상속 사건을 다룹니다. 다옴법무사사무소는 부산 전역 사건을 다루며 준비서류 관련 범위를 항목별로 정리합니다. 준비서류만 보고 단정하기보다, 상속등기의 사실관계·기한·관할을 먼저 나눠 보는 것이 실무적입니다. 피상속인 사망 후 부동산·토지 등기명의를 상속인 명의로 이전하는 절차입니다. 부산 전역 아파트·상가·토지 상속 사건을 다룹니다. 다옴법무사사무소는 부산 전역 사건을 다루며 준비서류 관련 범위를 항목별로 정리합니다. 부산은 관할 법원·등기소가 사건별로 달라 사전 정리가 중요한 지역입니다. 피상속인 사망 후 부동산·토지 등기명의를 상속인 명의로 이전하는 절차입니다. 부산 전역 아파트·상가·토지 상속 사건을 다룹니다. 필수 서류 잔금·인도·대출 실행 일정을 한 줄에 두고 등기 접수를 ",515,50787c6e785eff0e
/상속등기체크리스트,"상속등기 체크리스트 검색 시, 키워드만 보고 결정하기보다 상속등기 체크리스트에 맞는 서류·기한·관할·비용을 먼저 확인하는 것이 안전합니다. 상속등기 체크리스트 검색 시, 키워드만 보고 결정하기보다 상속등기 체크리스트에 맞는 서류·기한·관할·비용을 먼저 확인하는 것이 안전합니다. 상속등기 체크리스트 검색 시, 키워드만 보고 결정하기보다 상속등기 체크리스트에 맞는 서류·기한·관할·비용을 먼저 확인하는 것이 안전합니다. 상담 시 확인하는 내용 상속등기 체크리스트 사건은 서류·관할·기한에 따라 진행 순서가 달라집니다. 다옴법무사사무소는 부산 해운대구·센텀에서 상속등기·부동산등기·법인등기·개인회생·파산 등을 다루며, 의뢰인 상황에 맞춰 절차와 비용을 알기 쉽게 설명합니다. 불확실한 부분은 추측으로 단정하지 않고, 확인된 사실을 바탕으로 안내드립니다. 전화·카카오톡·네이버 톡톡으로 간단히 상황을 남겨 주시면 필요한 준비부터 차분히 정리해 드리겠습니다. 상속등기 체크리스트 검색 시 무엇을 먼저 ",276,582e421609222800
/상속등기필요서류,"부산에서 상속등기 필요서류을(를) 검색하시는 분들은 대부분 실제 부담 금액과 준비 기간을 알고 싶어 하십니다. 상속등기 필요서류, 상속등기 서류 관련 비용은 사건마다 다릅니다. 부동산 가액·상속인 수·채무 규모·법인 규모·병행 업무 여부에 따라 법무사 보수와 등기신청 수수료·세금이 달라집니다. 다옴법무사사무소는 부산 수영구, 동래구 일대를 포함한 부산 전역 의뢰인에게 항목별 견적을 투명하게 안내합니다. 숨겨진 비용 없이 상담 후 예상 범위를 설명해 드립니다. 부산에서 상속등기 필요서류을(를) 검색하시는 분들은 대부분 실제 부담 금액과 준비 기간을 알고 싶어 하십니다. 상속등기 필요서류, 상속등기 서류 관련 비용은 사건마다 다릅니다. 부동산 가액·상속인 수·채무 규모·법인 규모·병행 업무 여부에 따라 법무사 보수와 등기신청 수수료·세금이 달라집니다. 다옴법무사사무소는 부산 수영구, 동래구 일대를 포함한 부산 전역 의뢰인에게 항목별 견적을 투명하게 안내합니다. 숨겨진 비용 없이 상담 후",355,6c95601b2570ea15
/상속등기후매매서류준비,"상속등기 후 매매는 ‘상속만’ 또는 ‘매매만’ 안내로는 부족합니다. 상속인 확정·협의분할·상속등기 선행 여부와 매수인 잔금일·소유권이전이 한 일정에 묶이는 순서 문제가 핵심입니다. 상속등기 후 매매는 ‘상속만’ 또는 ‘매매만’ 안내로는 부족합니다. 상속인 확정·협의분할·상속등기 선행 여부와 매수인 잔금일·소유권이전이 한 일정에 묶이는 순서 문제가 핵심입니다. 상속등기 후 매매는 ‘상속만’ 또는 ‘매매만’ 안내로는 부족합니다. 상속인 확정·협의분할·상속등기 선행 여부와 매수인 잔금일·소유권이전이 한 일정에 묶이는 순서 문제가 핵심입니다. 상담 시 확인하는 내용 상속등기 후 매매 서류 준비 사건은 서류·관할·기한에 따라 진행 순서가 달라집니다. 다옴법무사사무소는 부산 해운대구·센텀에서 상속등기·부동산등기·법인등기·개인회생·파산 등을 다루며, 의뢰인 상황에 맞춰 절차와 비용을 알기 쉽게 설명합니다. 불확실한 부분은 추측으로 단정하지 않고, 확인된 사실을 바탕으로 안내드립니다. 전화·카카오",175,f78fdd06ad56b0e2
/상속상담전준비서류와비용,"정확한 업무명(상속등기·포기·한정승인)을 몰라도 사망일, 가족관계, 확인된 재산·채무만 있으면 1차 안내가 가능합니다. 이 페이지는 상담 전 준비와 비용 확인에 필요한 정보를 모았습니다. 정확한 업무명(상속등기·포기·한정승인)을 몰라도 사망일, 가족관계, 확인된 재산·채무만 있으면 1차 안내가 가능합니다. 이 페이지는 상담 전 준비와 비용 확인에 필요한 정보를 모았습니다. 정확한 업무명(상속등기·포기·한정승인)을 몰라도 사망일, 가족관계, 확인된 재산·채무만 있으면 1차 안내가 가능합니다. 이 페이지는 상담 전 준비와 비용 확인에 필요한 정보를 모았습니다. 상담 시 확인하는 내용 상속 상담 전 준비서류와 비용 사건은 서류·관할·기한에 따라 진행 순서가 달라집니다. 다옴법무사사무소는 부산 해운대구·센텀에서 상속등기·부동산등기·법인등기·개인회생·파산 등을 다루며, 의뢰인 상황에 맞춰 절차와 비용을 알기 쉽게 설명합니다. 불확실한 부분은 추측으로 단정하지 않고, 확인된 사실을 바탕으로 안",168,08f2152355efd008
/상속여성법무사,상속 여성 법무사 관련 문의는 검색 키워드만으로 절차가 결정되지 않는 경우가 많습니다. 피상속인 사망 후 부동산·토지 등기명의를 상속인 명의로 이전하는 절차입니다. 부산 전역 아파트·상가·토지 상속 사건을 다룹니다. 부산광역시 전역 상속등기·부동산등기·법인등기·개인회생·파산 등 법무사 업무를 다루는 핵심 지역입니다. 다옴법무사사무소는 상황을 듣고 다음 단계부터 정리합니다. 상속 여성 법무사 관련 문의는 검색 키워드만으로 절차가 결정되지 않는 경우가 많습니다. 피상속인 사망 후 부동산·토지 등기명의를 상속인 명의로 이전하는 절차입니다. 부산 전역 아파트·상가·토지 상속 사건을 다룹니다. 부산광역시 전역 상속등기·부동산등기·법인등기·개인회생·파산 등 법무사 업무를 다루는 핵심 지역입니다. 다옴법무사사무소는 상황을 듣고 다음 단계부터 정리합니다. 부산광역시 전역 상속등기·부동산등기·법인등기·개인회생·파산 등 법무사 업무를 다루는 핵심 지역입니다. 피상속인 사망 후 부동산·토지 등기명의를 ,541,24c50f53070486a2
/상속인이여러지역에있는경우,"상속등기에서 자주 막히는 지점은 부동산 위치보다 ‘상속인이 한곳에 모이기 어렵다’는 점입니다. 피상속인은 부산에서 사망했지만 자녀가 서울·대구·해외에 거주하는 경우처럼, 공동상속인의 거주지가 서로 다른 상황을 이 페이지에서 다룹니다. 상속등기에서 자주 막히는 지점은 부동산 위치보다 ‘상속인이 한곳에 모이기 어렵다’는 점입니다. 피상속인은 부산에서 사망했지만 자녀가 서울·대구·해외에 거주하는 경우처럼, 공동상속인의 거주지가 서로 다른 상황을 이 페이지에서 다룹니다. 상속등기에서 자주 막히는 지점은 부동산 위치보다 ‘상속인이 한곳에 모이기 어렵다’는 점입니다. 피상속인은 부산에서 사망했지만 자녀가 서울·대구·해외에 거주하는 경우처럼, 공동상속인의 거주지가 서로 다른 상황을 이 페이지에서 다룹니다. 상담 시 확인하는 내용 상속인이 여러 지역에 있는 경우 사건은 서류·관할·기한에 따라 진행 순서가 달라집니다. 다옴법무사사무소는 부산 해운대구·센텀에서 상속등기·부동산등기·법인등기·개인회생·파",196,e37d4db1edd16d7b
/상속재산분할협의서준비,"‘상속받은 집을 한 사람 명의로’, ‘현금 정산 후 등기’처럼 검색하면 상속재산분할협의서가 등장합니다. 이 페이지는 뜻 설명이 아니라, 등기·합의 전에 맞춰야 할 항목 점검에 초점을 둡니다. ‘상속받은 집을 한 사람 명의로’, ‘현금 정산 후 등기’처럼 검색하면 상속재산분할협의서가 등장합니다. 이 페이지는 뜻 설명이 아니라, 등기·합의 전에 맞춰야 할 항목 점검에 초점을 둡니다. ‘상속받은 집을 한 사람 명의로’, ‘현금 정산 후 등기’처럼 검색하면 상속재산분할협의서가 등장합니다. 이 페이지는 뜻 설명이 아니라, 등기·합의 전에 맞춰야 할 항목 점검에 초점을 둡니다. 상담 시 확인하는 내용 상속재산분할협의서 준비 사건은 서류·관할·기한에 따라 진행 순서가 달라집니다. 다옴법무사사무소는 부산 해운대구·센텀에서 상속등기·부동산등기·법인등기·개인회생·파산 등을 다루며, 의뢰인 상황에 맞춰 절차와 비용을 알기 쉽게 설명합니다. 불확실한 부분은 추측으로 단정하지 않고, 확인된 사실을 바탕으로",192,48f37e0e1e358c2c
/상속취득세와등기순서,상속등기만 검색하다가 취득세 신고기한·납부 증빙을 놓치는 경우가 있습니다. 반대로 세금만 보고 등기 서류를 늦게 준비하기도 합니다. 이 페이지는 세액을 계산해 드리지 않습니다. 등기와 세금 일정을 한 타임라인으로 맞추는 방법을 안내합니다. 상속등기만 검색하다가 취득세 신고기한·납부 증빙을 놓치는 경우가 있습니다. 반대로 세금만 보고 등기 서류를 늦게 준비하기도 합니다. 이 페이지는 세액을 계산해 드리지 않습니다. 등기와 세금 일정을 한 타임라인으로 맞추는 방법을 안내합니다. 상속등기만 검색하다가 취득세 신고기한·납부 증빙을 놓치는 경우가 있습니다. 반대로 세금만 보고 등기 서류를 늦게 준비하기도 합니다. 이 페이지는 세액을 계산해 드리지 않습니다. 등기와 세금 일정을 한 타임라인으로 맞추는 방법을 안내합니다. 상담 시 확인하는 내용 상속 취득세와 등기 순서 사건은 서류·관할·기한에 따라 진행 순서가 달라집니다. 다옴법무사사무소는 부산 해운대구·센텀에서 상속등기·부동산등기·법인등기·개,235,a60cb6a8e97ca2e3
/상속포기과태료,상속포기 과태료 관련 안내는 지연 등기·신고가 문제될 수 있는 조건을 중심으로 봅니다. 이미 기한이 지난 경우에도 다음 조치 선택지를 상담에서 정리합니다. 상속 재산보다 채무가 많을 때 상속을 포기하는 가사 신고 절차입니다. 부산가정법원 관할 사건을 안내합니다. 다옴법무사사무소는 부산 전역 사건을 다루며 과태료 관련 범위를 항목별로 정리합니다. 상속포기 과태료 관련 안내는 지연 등기·신고가 문제될 수 있는 조건을 중심으로 봅니다. 이미 기한이 지난 경우에도 다음 조치 선택지를 상담에서 정리합니다. 상속 재산보다 채무가 많을 때 상속을 포기하는 가사 신고 절차입니다. 부산가정법원 관할 사건을 안내합니다. 다옴법무사사무소는 부산 전역 사건을 다루며 과태료 관련 범위를 항목별로 정리합니다. 부산은 관할 법원·등기소가 사건별로 달라 사전 정리가 중요한 지역입니다. 상속 재산보다 채무가 많을 때 상속을 포기하는 가사 신고 절차입니다. 부산가정법원 관할 사건을 안내합니다. 비용이 달라지는 이유,497,5f9b6302a56986b7
/상속포기기간,"상속포기 소요 기간 안내는 서류 수집·접수·보정·완료까지 일반적인 흐름을 구간별로 설명합니다. 사건마다 달라 단정 일정을 약속하지 않으며, 병목 구간을 미리 알려 드립니다. 상속 재산보다 채무가 많을 때 상속을 포기하는 가사 신고 절차입니다. 부산가정법원 관할 사건을 안내합니다. 다옴법무사사무소는 부산 전역 사건을 다루며 기간 관련 범위를 항목별로 정리합니다. 상속포기 소요 기간 안내는 서류 수집·접수·보정·완료까지 일반적인 흐름을 구간별로 설명합니다. 사건마다 달라 단정 일정을 약속하지 않으며, 병목 구간을 미리 알려 드립니다. 상속 재산보다 채무가 많을 때 상속을 포기하는 가사 신고 절차입니다. 부산가정법원 관할 사건을 안내합니다. 다옴법무사사무소는 부산 전역 사건을 다루며 기간 관련 범위를 항목별로 정리합니다. 부산은 관할 법원·등기소가 사건별로 달라 사전 정리가 중요한 지역입니다. 상속 재산보다 채무가 많을 때 상속을 포기하는 가사 신고 절차입니다. 부산가정법원 관할 사건을 ",539,a6adecc120d58f96
/상속포기기한,"기한만 보고 단정하기보다, 상속포기의 사실관계·기한·관할을 먼저 나눠 보는 것이 실무적입니다. 상속 재산보다 채무가 많을 때 상속을 포기하는 가사 신고 절차입니다. 부산가정법원 관할 사건을 안내합니다. 다옴법무사사무소는 부산 전역 사건을 다루며 기한 관련 범위를 항목별로 정리합니다. 기한만 보고 단정하기보다, 상속포기의 사실관계·기한·관할을 먼저 나눠 보는 것이 실무적입니다. 상속 재산보다 채무가 많을 때 상속을 포기하는 가사 신고 절차입니다. 부산가정법원 관할 사건을 안내합니다. 다옴법무사사무소는 부산 전역 사건을 다루며 기한 관련 범위를 항목별로 정리합니다. 부산은 관할 법원·등기소가 사건별로 달라 사전 정리가 중요한 지역입니다. 상속 재산보다 채무가 많을 때 상속을 포기하는 가사 신고 절차입니다. 부산가정법원 관할 사건을 안내합니다. 법정 기한 회생·파산 경로에서는 소득·재산·채무 목록 정합성을 신청서 품질의 기준으로 둡니다. 등기원인 문구와 검인·취득세 완납 증빙이 일치하는지",515,667e86749565fb0c
/상속포기보수표,"상속포기 보수표 검색은 상속포기 비용과 같은 의도인 경우가 많습니다. 취득세 견적 구조와는 다릅니다. 상속포기 보수표 검색은 상속포기 비용과 같은 의도인 경우가 많습니다. 취득세 견적 구조와는 다릅니다. 상속포기 보수표 검색은 상속포기 비용과 같은 의도인 경우가 많습니다. 취득세 견적 구조와는 다릅니다. 대표 비용 안내로 이어가기 검색어만 수임료·수수료·보수표로 달라도, 알고 싶은 내용은 대개 실비와 보수를 나누는 일입니다. 검색 의도별 다음 안내 상속포기 보수표 관련해서는 허브 페이지에서 절차를 고른 뒤, 필요하면 상담으로 이어가면 됩니다. 상담 시 확인하는 내용 상속포기 보수표 사건은 서류·관할·기한에 따라 진행 순서가 달라집니다. 다옴법무사사무소는 부산 해운대구·센텀에서 상속등기·부동산등기·법인등기·개인회생·파산 등을 다루며, 의뢰인 상황에 맞춰 절차와 비용을 알기 쉽게 설명합니다. 불확실한 부분은 추측으로 단정하지 않고, 확인된 사실을 바탕으로 안내드립니다. 전화·카카오톡·네",215,f188cab24b9bdf9a
/상속포기비용,"상속포기 비용은 부동산 공과금보다 신청인 구성과 가정법원 실비가 중심입니다. 여러 명이 함께 포기하거나 미성년·해외 상속인이 있으면 서류와 보수가 달라질 수 있습니다. 수임료·수수료로 검색하셔도 같은 구조를 안내합니다. 상속포기 비용은 부동산 공과금보다 신청인 구성과 가정법원 실비가 중심입니다. 여러 명이 함께 포기하거나 미성년·해외 상속인이 있으면 서류와 보수가 달라질 수 있습니다. 수임료·수수료로 검색하셔도 같은 구조를 안내합니다. 부산 상속포기 비용 — 법무사 수임료·등기 수수료·세금 항목별 안내. 다옴법무사사무소 안윤정 법무사. 부산 동래구, 북구 상담 가능. 부산 동래구·북구 일대에서 해당 업무의 서류·기한·관할을 상담합니다. 상속포기 비용은 어떻게 정해질까요? 상속포기는 부동산 취득세 구조가 아니라, 가정법원 신고에 드는 실비와 신청인 구성에 따른 사무소 보수가 중심입니다. 신청인 수, 미성년·해외 상속인, 특별대리, 기한 임박·보정 가능성이 금액을 좌우합니다. 신청인 수",381,95b66de10f036b5e
/상속포기상담,"상속 개시를 안 날부터 3개월 안에 신고해야 합니다. 서류가 없어도 기한·관할부터 확인해 드립니다. 상속 개시를 안 날부터 3개월 안에 신고해야 합니다. 서류가 없어도 기한·관할부터 확인해 드립니다. 상속 개시를 안 날부터 3개월 안에 신고해야 합니다. 서류가 없어도 기한·관할부터 확인해 드립니다. 비용 안내 상담 문의 자체는 상황 확인을 위한 것이며, 수임료·공과금은 사건 확인 후 구분해 안내합니다. 관할·접근 안내 남겨주신 상황을 확인한 뒤 관할·서류·절차를 안내합니다. 확정 견적은 사건 확인 후입니다. 사망일 상속인 범위 채무 의심 여부 법무사 의견 업무명을 몰라도, 서류가 없어도 현재 상황만 알려 주시면 됩니다. 필요한 절차를 확인한 뒤 안내드립니다. 상담 시 확인하는 내용 상속포기 상담 사건은 서류·관할·기한에 따라 진행 순서가 달라집니다. 다옴법무사사무소는 부산 해운대구·센텀에서 상속등기·부동산등기·법인등기·개인회생·파산 등을 다루며, 의뢰인 상황에 맞춰 절차와 비용을 알",186,2a50341ed4e9631c
/상속포기자가진단,"빚이 많다는 말만 들었을 때 상속포기 3개월 안에 무엇을 해야 하는지 막막하신가요? 아래 진단으로 방향을 먼저 점검해 보세요. 빚이 많다는 말만 들었을 때 상속포기 3개월 안에 무엇을 해야 하는지 막막하신가요? 아래 진단으로 방향을 먼저 점검해 보세요. 빚이 많다는 말만 들었을 때 상속포기 3개월 안에 무엇을 해야 하는지 막막하신가요? 아래 진단으로 방향을 먼저 점검해 보세요. 상속포기는 상속인이 피상속인의 재산과 채무를 모두 받아들이지 않겠다고 법원에 신고하는 절차입니다. 빚 상속포기를 검토하는 분들은 채무가 재산보다 많다는 소식을 듣고 상속포기 3개월 기한을 검색하시는 경우가 많습니다. 부산 상속포기 상담에서도 가장 먼저 사망일과 채무 목록을 확인합니다. 자가진단 결과 안내 결과는 상속포기를 바로 결정하라는 뜻이 아니라, 채무·기한·이미 한 행위(재산 처분 등)를 서류로 확인할 필요가 있다는 안내입니다. 사전 정보 확인 단계에서는 채무 규모를 아직 모르는 경우로, 채무조회·가족관",705,17d78a4f7eb3d5bb
/상속포기준비서류,"준비서류만 보고 단정하기보다, 상속포기의 사실관계·기한·관할을 먼저 나눠 보는 것이 실무적입니다. 상속 재산보다 채무가 많을 때 상속을 포기하는 가사 신고 절차입니다. 부산가정법원 관할 사건을 안내합니다. 다옴법무사사무소는 부산 전역 사건을 다루며 준비서류 관련 범위를 항목별로 정리합니다. 준비서류만 보고 단정하기보다, 상속포기의 사실관계·기한·관할을 먼저 나눠 보는 것이 실무적입니다. 상속 재산보다 채무가 많을 때 상속을 포기하는 가사 신고 절차입니다. 부산가정법원 관할 사건을 안내합니다. 다옴법무사사무소는 부산 전역 사건을 다루며 준비서류 관련 범위를 항목별로 정리합니다. 부산은 관할 법원·등기소가 사건별로 달라 사전 정리가 중요한 지역입니다. 상속 재산보다 채무가 많을 때 상속을 포기하는 가사 신고 절차입니다. 부산가정법원 관할 사건을 안내합니다. 필수 서류 회생·파산 경로에서는 소득·재산·채무 목록 정합성을 신청서 품질의 기준으로 둡니다. 등기원인 문구와 검인·취득세 완납 증",526,95646bfa09737797
/상속포기필요서류,"필요서류만 보고 단정하기보다, 상속포기의 사실관계·기한·관할을 먼저 나눠 보는 것이 실무적입니다. 상속 재산보다 채무가 많을 때 상속을 포기하는 가사 신고 절차입니다. 부산가정법원 관할 사건을 안내합니다. 다옴법무사사무소는 부산 전역 사건을 다루며 필요서류 관련 범위를 항목별로 정리합니다. 필요서류만 보고 단정하기보다, 상속포기의 사실관계·기한·관할을 먼저 나눠 보는 것이 실무적입니다. 상속 재산보다 채무가 많을 때 상속을 포기하는 가사 신고 절차입니다. 부산가정법원 관할 사건을 안내합니다. 다옴법무사사무소는 부산 전역 사건을 다루며 필요서류 관련 범위를 항목별로 정리합니다. 부산은 관할 법원·등기소가 사건별로 달라 사전 정리가 중요한 지역입니다. 상속 재산보다 채무가 많을 때 상속을 포기하는 가사 신고 절차입니다. 부산가정법원 관할 사건을 안내합니다. 필수 서류 잔금·인도·대출 실행 일정을 한 줄에 두고 등기 접수를 맞춥니다. 중도금 연체가 있으면 계약 특약을 먼저 확인합니다. 전",523,a66728027725936d
/상속포기후다음순위확인,"‘부모 빚 때문에 포기’만 검색하다가, 포기 후 자녀·손자·배우자에게 넘어가는 구조를 놓치는 경우가 있습니다. 이 페이지는 포기 신고 절차 본문 대신, 다음 순위 확인에 초점을 둡니다. ‘부모 빚 때문에 포기’만 검색하다가, 포기 후 자녀·손자·배우자에게 넘어가는 구조를 놓치는 경우가 있습니다. 이 페이지는 포기 신고 절차 본문 대신, 다음 순위 확인에 초점을 둡니다. ‘부모 빚 때문에 포기’만 검색하다가, 포기 후 자녀·손자·배우자에게 넘어가는 구조를 놓치는 경우가 있습니다. 이 페이지는 포기 신고 절차 본문 대신, 다음 순위 확인에 초점을 둡니다. 상담 시 확인하는 내용 상속포기 후 다음 순위 확인 사건은 서류·관할·기한에 따라 진행 순서가 달라집니다. 다옴법무사사무소는 부산 해운대구·센텀에서 상속등기·부동산등기·법인등기·개인회생·파산 등을 다루며, 의뢰인 상황에 맞춰 절차와 비용을 알기 쉽게 설명합니다. 불확실한 부분은 추측으로 단정하지 않고, 확인된 사실을 바탕으로 안내드립니",205,02c5482b8f81bc21
/서구법무사,"서구에서 법무사를 찾으시면 충무·토성 원도심 상가, 동대신·서대신 구축 주택, 송도·암남 해안 주거를 나눠 보시면 됩니다. 이 페이지에서는 주택 부동산등기와 상속을 중심으로 설명합니다. 다옴법무사사무소는 해운대 센텀에서 서구 사건을 상담합니다. 서구에서 법무사를 찾으시면 충무·토성 원도심 상가, 동대신·서대신 구축 주택, 송도·암남 해안 주거를 나눠 보시면 됩니다. 이 페이지에서는 주택 부동산등기와 상속을 중심으로 설명합니다. 다옴법무사사무소는 해운대 센텀에서 서구 사건을 상담합니다. 서구 부동산등기는 부산지방법원 등기국 관할입니다. 해안 주거와 원도심 상가는 등기 원인이 달라 서류를 구분해 안내합니다. 송도 생활권은 소재지를 알려 주시면 관할과 다음 절차를 정리합니다. 이 페이지에서 다루는 서구 업무 통계로 ‘많다’고 단정하지 않습니다. 서구 검색 의도에 맞춰 아래 업무를 중심으로 안내합니다. 상속등기: 구축 주택 명의 부동산등기: 매매·담보 말소 소유권이전: 잔금일 이전 서구에서",454,a03c8d4bdc4e8ecd
/서구법인등기,서구 법인등기 문의는 소재지·채무·협의 상태에 따라 준비 순서가 달라집니다. 아미동·동대신동·부민동 일대 주택·상가 상속·매매 등기 문의가 이어지는 구입니다. 주식회사·유한회사 등 법인의 설립 이후 변경·이전 등기를 처리합니다. 센텀·서면 일대 법인 설립·임원변경·본점이전을 안내합니다. 상담 시 서류·일정·비용 범위를 항목별로 안내합니다. 서구 법인등기 문의는 소재지·채무·협의 상태에 따라 준비 순서가 달라집니다. 아미동·동대신동·부민동 일대 주택·상가 상속·매매 등기 문의가 이어지는 구입니다. 주식회사·유한회사 등 법인의 설립 이후 변경·이전 등기를 처리합니다. 센텀·서면 일대 법인 설립·임원변경·본점이전을 안내합니다. 상담 시 서류·일정·비용 범위를 항목별로 안내합니다. 아미동·동대신동·부민동 일대 주택·상가 상속·매매 등기 문의가 이어지는 구입니다. 주식회사·유한회사 등 법인의 설립 이후 변경·이전 등기를 처리합니다. 센텀·서면 일대 법인 설립·임원변경·본점이전을 안내합니다. ,487,0869029caa526887
/서구법인설립등기,"서구에서 법인설립등기을(를) 진행하려면 관할 확인 후 서류 체크리스트부터 잡는 편이 안전합니다. 아미동·동대신동·부민동 일대 주택·상가 상속·매매 등기 문의가 이어지는 구입니다. 정관 작성·자본금 납입·설립 등기까지 창업 초기 법인 설립 절차를 지원합니다. 상담 시 서류·일정·비용 범위를 항목별로 안내합니다. 서구에서 법인설립등기을(를) 진행하려면 관할 확인 후 서류 체크리스트부터 잡는 편이 안전합니다. 아미동·동대신동·부민동 일대 주택·상가 상속·매매 등기 문의가 이어지는 구입니다. 정관 작성·자본금 납입·설립 등기까지 창업 초기 법인 설립 절차를 지원합니다. 상담 시 서류·일정·비용 범위를 항목별로 안내합니다. 아미동·동대신동·부민동 일대 주택·상가 상속·매매 등기 문의가 이어지는 구입니다. 정관 작성·자본금 납입·설립 등기까지 창업 초기 법인 설립 절차를 지원합니다. 지역별 업무 상황 법인 결의·취임승낙·인감 원본을 대조하고, 과태료 기한을 결의일부터 역산합니다. 산업단지·재개",451,2c63fdf646a34b9a
/서구부동산등기,"서구 부동산등기는 충무·토성 원도심 상가, 동대신·서대신 구축 주택, 송도·암남 해안 주거의 매매·근저당·전세권 정리가 중심입니다. 구 법무사 허브가 상속·업무 분기를 담당한다면, 이 지역 프로필은 잔금일·담보 말소·소유권이전 실무 각도에 맞춥니다. 서구 충무동, 동대신동, 암남동, 아미동에서 부동산등기를 진행할 때는 부동산·법인 소재지와 당사자 서류를 기준으로 관할과 순서를 맞춥니다. 이 페이지는 부동산등기만 다루며, 상담은 해운대 센텀 다옴법무사사무소에서 이어집니다. 서구 부동산등기는 충무·토성 원도심 상가, 동대신·서대신 구축 주택, 송도·암남 해안 주거의 매매·근저당·전세권 정리가 중심입니다. 구 법무사 허브가 상속·업무 분기를 담당한다면, 이 지역 프로필은 잔금일·담보 말소·소유권이전 실무 각도에 맞춥니다. 서구 충무동, 동대신동, 암남동, 아미동에서 부동산등기를 진행할 때는 부동산·법인 소재지와 당사자 서류를 기준으로 관할과 순서를 맞춥니다. 이 페이지는 부동산등기만 다루",333,746d5ca1aa52355c
/서구상속등기,상속등기을(를) 서구 기준으로 볼 때는 동일 절차라도 등기소·법원 창구가 사건별로 갈릴 수 있습니다. 아미동·동대신동·부민동 일대 주택·상가 상속·매매 등기 문의가 이어지는 구입니다. 피상속인 사망 후 부동산·토지 등기명의를 상속인 명의로 이전하는 절차입니다. 부산 전역 아파트·상가·토지 상속 사건을 다룹니다. 상담 시 서류·일정·비용 범위를 항목별로 안내합니다. 상속등기을(를) 서구 기준으로 볼 때는 동일 절차라도 등기소·법원 창구가 사건별로 갈릴 수 있습니다. 아미동·동대신동·부민동 일대 주택·상가 상속·매매 등기 문의가 이어지는 구입니다. 피상속인 사망 후 부동산·토지 등기명의를 상속인 명의로 이전하는 절차입니다. 부산 전역 아파트·상가·토지 상속 사건을 다룹니다. 상담 시 서류·일정·비용 범위를 항목별로 안내합니다. 아미동·동대신동·부민동 일대 주택·상가 상속·매매 등기 문의가 이어지는 구입니다. 피상속인 사망 후 부동산·토지 등기명의를 상속인 명의로 이전하는 절차입니다. 부,491,2ac1069b0ee61289
/서구상속포기,서구에서 상속포기을(를) 진행하려면 관할 확인 후 서류 체크리스트부터 잡는 편이 안전합니다. 아미동·동대신동·부민동 일대 주택·상가 상속·매매 등기 문의가 이어지는 구입니다. 상속 재산보다 채무가 많을 때 상속을 포기하는 가사 신고 절차입니다. 부산가정법원 관할 사건을 안내합니다. 상담 시 서류·일정·비용 범위를 항목별로 안내합니다. 서구에서 상속포기을(를) 진행하려면 관할 확인 후 서류 체크리스트부터 잡는 편이 안전합니다. 아미동·동대신동·부민동 일대 주택·상가 상속·매매 등기 문의가 이어지는 구입니다. 상속 재산보다 채무가 많을 때 상속을 포기하는 가사 신고 절차입니다. 부산가정법원 관할 사건을 안내합니다. 상담 시 서류·일정·비용 범위를 항목별로 안내합니다. 아미동·동대신동·부민동 일대 주택·상가 상속·매매 등기 문의가 이어지는 구입니다. 상속 재산보다 채무가 많을 때 상속을 포기하는 가사 신고 절차입니다. 부산가정법원 관할 사건을 안내합니다. 지역별 업무 상황 산업단지·재개발,479,0a8209d4042fe7fa
/서구소유권이전등기,서구에서 소유권이전등기을(를) 진행하려면 관할 확인 후 서류 체크리스트부터 잡는 편이 안전합니다. 아미동·동대신동·부민동 일대 주택·상가 상속·매매 등기 문의가 이어지는 구입니다. 부동산 매매·증여 등으로 소유권을 이전하는 등기입니다. 취득세 신고와 일정을 맞춥니다. 상담 시 서류·일정·비용 범위를 항목별로 안내합니다. 서구에서 소유권이전등기을(를) 진행하려면 관할 확인 후 서류 체크리스트부터 잡는 편이 안전합니다. 아미동·동대신동·부민동 일대 주택·상가 상속·매매 등기 문의가 이어지는 구입니다. 부동산 매매·증여 등으로 소유권을 이전하는 등기입니다. 취득세 신고와 일정을 맞춥니다. 상담 시 서류·일정·비용 범위를 항목별로 안내합니다. 아미동·동대신동·부민동 일대 주택·상가 상속·매매 등기 문의가 이어지는 구입니다. 부동산 매매·증여 등으로 소유권을 이전하는 등기입니다. 취득세 신고와 일정을 맞춥니다. 지역별 업무 상황 말소할 근저당·전세권 목록을 본등기 신청서와 같은 묶음으로 준비,477,014df3b26b70fef8
/서구임원변경등기,서구에서 임원변경등기을(를) 진행하려면 관할 확인 후 서류 체크리스트부터 잡는 편이 안전합니다. 아미동·동대신동·부민동 일대 주택·상가 상속·매매 등기 문의가 이어지는 구입니다. 대표이사·이사·감사 변경에 따른 법인 등기입니다. 결의일로부터 등기 기한 준수가 중요합니다. 상담 시 서류·일정·비용 범위를 항목별로 안내합니다. 서구에서 임원변경등기을(를) 진행하려면 관할 확인 후 서류 체크리스트부터 잡는 편이 안전합니다. 아미동·동대신동·부민동 일대 주택·상가 상속·매매 등기 문의가 이어지는 구입니다. 대표이사·이사·감사 변경에 따른 법인 등기입니다. 결의일로부터 등기 기한 준수가 중요합니다. 상담 시 서류·일정·비용 범위를 항목별로 안내합니다. 아미동·동대신동·부민동 일대 주택·상가 상속·매매 등기 문의가 이어지는 구입니다. 대표이사·이사·감사 변경에 따른 법인 등기입니다. 결의일로부터 등기 기한 준수가 중요합니다. 지역별 업무 상황 말소할 근저당·전세권 목록을 본등기 신청서와 같은 ,476,b4b8291ebb130141
/서구한정승인,서구에서 한정승인을(를) 진행하려면 관할 확인 후 서류 체크리스트부터 잡는 편이 안전합니다. 아미동·동대신동·부민동 일대 주택·상가 상속·매매 등기 문의가 이어지는 구입니다. 상속 재산 범위 내에서만 채무를 변제하고 상속을 승인하는 절차입니다. 채무 조사 후 상속등기와 연계됩니다. 상담 시 서류·일정·비용 범위를 항목별로 안내합니다. 서구에서 한정승인을(를) 진행하려면 관할 확인 후 서류 체크리스트부터 잡는 편이 안전합니다. 아미동·동대신동·부민동 일대 주택·상가 상속·매매 등기 문의가 이어지는 구입니다. 상속 재산 범위 내에서만 채무를 변제하고 상속을 승인하는 절차입니다. 채무 조사 후 상속등기와 연계됩니다. 상담 시 서류·일정·비용 범위를 항목별로 안내합니다. 아미동·동대신동·부민동 일대 주택·상가 상속·매매 등기 문의가 이어지는 구입니다. 상속 재산 범위 내에서만 채무를 변제하고 상속을 승인하는 절차입니다. 채무 조사 후 상속등기와 연계됩니다. 지역별 업무 상황 미성년·해외·연,476,cbaed836ab26a5e4
/서류가없어도상담가능,"상담 단계에서 필요한 목록을 알려 드립니다. 지금은 상황과 연락처만 있어도 됩니다. 상담 단계에서 필요한 목록을 알려 드립니다. 지금은 상황과 연락처만 있어도 됩니다. 상담 단계에서 필요한 목록을 알려 드립니다. 지금은 상황과 연락처만 있어도 됩니다. 비용 안내 상담 문의 자체는 상황 확인을 위한 것이며, 수임료·공과금은 사건 확인 후 구분해 안내합니다. 관할·접근 안내 남겨주신 상황을 확인한 뒤 관할·서류·절차를 안내합니다. 확정 견적은 사건 확인 후입니다. 상황 선택 연락처 법무사 의견 업무명을 몰라도, 서류가 없어도 현재 상황만 알려 주시면 됩니다. 필요한 절차를 확인한 뒤 안내드립니다. 상담 시 확인하는 내용 서류가 없어도 상담 가능 사건은 서류·관할·기한에 따라 진행 순서가 달라집니다. 다옴법무사사무소는 부산 해운대구·센텀에서 상속등기·부동산등기·법인등기·개인회생·파산 등을 다루며, 의뢰인 상황에 맞춰 절차와 비용을 알기 쉽게 설명합니다. 불확실한 부분은 추측으로 단정하지 ",178,d5f0b9df605ec59e
/서면법무사,"서면에서 부동산을 사고팔 때는 계약서 특약과 등기부 권리관계가 맞지 않아 잔금 후에도 등기가 밀리는 경우가 있습니다. 부전동 상가는 건물주·임차인·권리금 승계가 겹치고, 서면 법인 사무실은 임원변경·상호변경이 임대차 갱신과 맞물립니다. 상가등기만이 아니라 미수 임대료·공사대금 채권에 대한 지급명령 검토를 함께 문의하시는 사업자도 많습니다. 서면에서 부동산을 사고팔 때는 계약서 특약과 등기부 권리관계가 맞지 않아 잔금 후에도 등기가 밀리는 경우가 있습니다. 부전동 상가는 건물주·임차인·권리금 승계가 겹치고, 서면 법인 사무실은 임원변경·상호변경이 임대차 갱신과 맞물립니다. 상가등기만이 아니라 미수 임대료·공사대금 채권에 대한 지급명령 검토를 함께 문의하시는 사업자도 많습니다. 서면 법무사 상담은 부산 최대 상권인 서면·부전·전포 일대 상가·오피스텔·빌딩 매매와 법인 사무실 등기 수요가 가장 많은 지역입니다. 잔금 후 소유권이전등기, 임대차 승계, 근저당 말소 순서를 한 번에 정리하는 ",474,fe902294a90ac8b6
/서면법인등기,"서면권 법인등기는 상권·오피스 밀집 지역의 설립·임원변경·본점이전·목적변경 문의가 많습니다. 본점 주소가 부전·전포인 경우와, 직원의 출퇴근 생활권만 서면인 경우를 구분해 안내합니다. 서면권 법인등기는 상권·오피스 밀집 지역의 설립·임원변경·본점이전·목적변경 문의가 많습니다. 본점 주소가 부전·전포인 경우와, 직원의 출퇴근 생활권만 서면인 경우를 구분해 안내합니다. 서면권 법인등기는 상권·오피스 밀집 지역의 설립·임원변경·본점이전·목적변경 문의가 많습니다. 본점 주소가 부전·전포인 경우와, 직원의 출퇴근 생활권만 서면인 경우를 구분해 안내합니다. 서면 본점 법인등기 분기 설립, 임원변경, 본점이전, 목적·상호 변경, 유상증자 중 무엇인지 먼저 고릅니다. 각 유형마다 첨부서류가 다릅니다. 상권·오피스 실무 본점 이전 시 임대차·전대 특약과 등기 일정을 맞춥니다. 임원 사임·취임이 섞이면 등기 원인을 분리해 작성합니다. 비용·기한 변경 종류·임원 수·공증 필요 여부에 따라 수임·수수료가",264,4b2c52ccf270e931
/서면부동산등기,"서면(부전동·전포동 일대) 부동산등기는 역세권 상가·오피스텔·주택 매매·전세가 섞입니다. ‘서면’ 검색은 생활권 키워드이고, 등기 관할은 소재지 행정동·지번으로 확인합니다. 서면(부전동·전포동 일대) 부동산등기는 역세권 상가·오피스텔·주택 매매·전세가 섞입니다. ‘서면’ 검색은 생활권 키워드이고, 등기 관할은 소재지 행정동·지번으로 확인합니다. 서면(부전동·전포동 일대) 부동산등기는 역세권 상가·오피스텔·주택 매매·전세가 섞입니다. ‘서면’ 검색은 생활권 키워드이고, 등기 관할은 소재지 행정동·지번으로 확인합니다. 서면권 부동산등기 분기 상가 매매·주택 매매·전세권·증여를 먼저 가릅니다. 권리금·임차인 승계가 있으면 등기 외 확인 사항을 별도 줄로 둡니다. 역세권·상권 실무 포인트 서면역·부전역 인근은 잔금일·점포 인도·대출이 같은 주에 몰리는 경우가 많습니다. 일정표를 먼저 만들고 등기 접수를 맞춥니다. 비용·기한 상가·오피스텔은 가액·근저당·공동명의에 따라 구성이 달라집니다. 항",249,6446eb66ff71e41e
/서면역법무사,"서면역 법무사를 찾으시면 1·2호선 환승역 인근으로 오시는 동선의 상가·오피스 등기를 이 역세권 안내에서 연결하시면 됩니다. 서면 상권 본문은 서면 법무사 안내가 Primary Host입니다. 서면역 법무사를 찾으시면 1·2호선 환승역 인근으로 오시는 동선의 상가·오피스 등기를 이 역세권 안내에서 연결하시면 됩니다. 서면 상권 본문은 서면 법무사 안내가 Primary Host입니다. 서면역 법무사를 찾으시면 1·2호선 환승역 인근으로 오시는 동선의 상가·오피스 등기를 이 역세권 안내에서 연결하시면 됩니다. 서면 상권 본문은 서면 법무사 안내가 Primary Host입니다. 서면역과 서면 허브의 관계 환승역 검색은 접근 동선이고, 상가·오피스 매매·권리금 구분은 서면 안내에서 보시면 됩니다. 부전 지번만 확정되면 부전동 안내로 이어갑니다. 부산진구 부동산등기와의 연결 잔금일·근저당 말소 등기 실무는 부산진구 부동산등기 안내와 서면 안내를 함께 보시면 됩니다. 상담 시 확인하는 내용 서",253,122efea38c0b4538
/서면역법인등기,서면역에서 법인등기을(를) 진행하려면 관할 확인 후 서류 체크리스트부터 잡는 편이 안전합니다. 1·2호선 서면역 환승역 인근 상가·오피스 등기를 안내합니다. 주식회사·유한회사 등 법인의 설립 이후 변경·이전 등기를 처리합니다. 센텀·서면 일대 법인 설립·임원변경·본점이전을 안내합니다. 상담 시 서류·일정·비용 범위를 항목별로 안내합니다. 서면역에서 법인등기을(를) 진행하려면 관할 확인 후 서류 체크리스트부터 잡는 편이 안전합니다. 1·2호선 서면역 환승역 인근 상가·오피스 등기를 안내합니다. 주식회사·유한회사 등 법인의 설립 이후 변경·이전 등기를 처리합니다. 센텀·서면 일대 법인 설립·임원변경·본점이전을 안내합니다. 상담 시 서류·일정·비용 범위를 항목별로 안내합니다. 1·2호선 서면역 환승역 인근 상가·오피스 등기를 안내합니다. 주식회사·유한회사 등 법인의 설립 이후 변경·이전 등기를 처리합니다. 센텀·서면 일대 법인 설립·임원변경·본점이전을 안내합니다. 지역별 업무 상황 말소할,487,f712a65e343b0289
/서면역부동산등기,"서면역에서 부동산등기을(를) 진행하려면 관할 확인 후 서류 체크리스트부터 잡는 편이 안전합니다. 1·2호선 서면역 환승역 인근 상가·오피스 등기를 안내합니다. 매매·증여·상속 등 원인별 부동산 등기 전반을 다룹니다. 관할 등기소 확인이 우선입니다. 상담 시 서류·일정·비용 범위를 항목별로 안내합니다. 서면역에서 부동산등기을(를) 진행하려면 관할 확인 후 서류 체크리스트부터 잡는 편이 안전합니다. 1·2호선 서면역 환승역 인근 상가·오피스 등기를 안내합니다. 매매·증여·상속 등 원인별 부동산 등기 전반을 다룹니다. 관할 등기소 확인이 우선입니다. 상담 시 서류·일정·비용 범위를 항목별로 안내합니다. 1·2호선 서면역 환승역 인근 상가·오피스 등기를 안내합니다. 매매·증여·상속 등 원인별 부동산 등기 전반을 다룹니다. 관할 등기소 확인이 우선입니다. 지역별 업무 상황 법인 결의·취임승낙·인감 원본을 대조하고, 과태료 기한을 결의일부터 역산합니다. 산업단지·재개발·재건축처럼 특수한 권리관",448,39f8396c4214c60f
/선박등기과태료,선박등기 과태료 관련 안내는 지연 등기·신고가 문제될 수 있는 조건을 중심으로 봅니다. 이미 기한이 지난 경우에도 다음 조치 선택지를 상담에서 정리합니다. 선박·어선 소유권 이전·저당 등 선박 등기를 지원합니다. 부산 항만·해운 업체 상담을 안내합니다. 다옴법무사사무소는 부산 전역 사건을 다루며 과태료 관련 범위를 항목별로 정리합니다. 선박등기 과태료 관련 안내는 지연 등기·신고가 문제될 수 있는 조건을 중심으로 봅니다. 이미 기한이 지난 경우에도 다음 조치 선택지를 상담에서 정리합니다. 선박·어선 소유권 이전·저당 등 선박 등기를 지원합니다. 부산 항만·해운 업체 상담을 안내합니다. 다옴법무사사무소는 부산 전역 사건을 다루며 과태료 관련 범위를 항목별로 정리합니다. 부산은 관할 법원·등기소가 사건별로 달라 사전 정리가 중요한 지역입니다. 선박·어선 소유권 이전·저당 등 선박 등기를 지원합니다. 부산 항만·해운 업체 상담을 안내합니다. 비용이 달라지는 이유 상속 승인 방식(단순·한정,512,5c4efd32955731e4
/선박등기기간,"선박등기 소요 기간 안내는 서류 수집·접수·보정·완료까지 일반적인 흐름을 구간별로 설명합니다. 사건마다 달라 단정 일정을 약속하지 않으며, 병목 구간을 미리 알려 드립니다. 선박·어선 소유권 이전·저당 등 선박 등기를 지원합니다. 부산 항만·해운 업체 상담을 안내합니다. 다옴법무사사무소는 부산 전역 사건을 다루며 기간 관련 범위를 항목별로 정리합니다. 선박등기 소요 기간 안내는 서류 수집·접수·보정·완료까지 일반적인 흐름을 구간별로 설명합니다. 사건마다 달라 단정 일정을 약속하지 않으며, 병목 구간을 미리 알려 드립니다. 선박·어선 소유권 이전·저당 등 선박 등기를 지원합니다. 부산 항만·해운 업체 상담을 안내합니다. 다옴법무사사무소는 부산 전역 사건을 다루며 기간 관련 범위를 항목별로 정리합니다. 부산은 관할 법원·등기소가 사건별로 달라 사전 정리가 중요한 지역입니다. 선박·어선 소유권 이전·저당 등 선박 등기를 지원합니다. 부산 항만·해운 업체 상담을 안내합니다. 법정 기한 이미",533,41d8ffcb283f780c
/선박등기기한,"기한만 보고 단정하기보다, 선박등기의 사실관계·기한·관할을 먼저 나눠 보는 것이 실무적입니다. 선박·어선 소유권 이전·저당 등 선박 등기를 지원합니다. 부산 항만·해운 업체 상담을 안내합니다. 다옴법무사사무소는 부산 전역 사건을 다루며 기한 관련 범위를 항목별로 정리합니다. 기한만 보고 단정하기보다, 선박등기의 사실관계·기한·관할을 먼저 나눠 보는 것이 실무적입니다. 선박·어선 소유권 이전·저당 등 선박 등기를 지원합니다. 부산 항만·해운 업체 상담을 안내합니다. 다옴법무사사무소는 부산 전역 사건을 다루며 기한 관련 범위를 항목별로 정리합니다. 부산은 관할 법원·등기소가 사건별로 달라 사전 정리가 중요한 지역입니다. 선박·어선 소유권 이전·저당 등 선박 등기를 지원합니다. 부산 항만·해운 업체 상담을 안내합니다. 법정 기한 다수 필지·다수 계좌면 목록 번호를 매겨 누락을 줄입니다. 완료 후 등기필정보 전달 방식을 정합니다. 상속 승인 방식(단순·한정·포기)을 등기 일정과 분리해 먼저",503,d321121be79e8c8e
/선박등기보수표,"선박등기 보수표 안내는 협회·일반 보수 체계를 참고 기준으로 설명합니다. 실제 수임은 사건 난이도에 따라 조정될 수 있어, 보수표=최종 견적이 아닙니다. 비용 구성(세금·수수료)과 보수표를 혼동하지 않도록 이 페이지에서는 보수 기준 쪽에 초점을 둡니다. 선박·어선 소유권 이전·저당 등 선박 등기를 지원합니다. 부산 항만·해운 업체 상담을 안내합니다. 다옴법무사사무소는 부산 전역 사건을 다루며 보수표 관련 범위를 항목별로 정리합니다. 선박등기 보수표 안내는 협회·일반 보수 체계를 참고 기준으로 설명합니다. 실제 수임은 사건 난이도에 따라 조정될 수 있어, 보수표=최종 견적이 아닙니다. 비용 구성(세금·수수료)과 보수표를 혼동하지 않도록 이 페이지에서는 보수 기준 쪽에 초점을 둡니다. 선박·어선 소유권 이전·저당 등 선박 등기를 지원합니다. 부산 항만·해운 업체 상담을 안내합니다. 다옴법무사사무소는 부산 전역 사건을 다루며 보수표 관련 범위를 항목별로 정리합니다. 부산은 관할 법원·등기",529,568c37511395f2a5
/선박등기비용,"선박등기 비용 안내는 수임료·세금·수수료를 항목별로 나누어 설명하는 데 초점을 둡니다. 확정 견적은 서류 확인 후 드리며, 이 페이지에서는 구성 항목과 달라지는 조건을 정리합니다. 보수표·협회 기준만 보고 단정하지 않도록, 실제 포함 범위(보정·말소·추가 당사자)를 함께 봅니다. 선박·어선 소유권 이전·저당 등 선박 등기를 지원합니다. 부산 항만·해운 업체 상담을 안내합니다. 다옴법무사사무소는 부산 전역 사건을 다루며 비용 관련 범위를 항목별로 정리합니다. 선박등기 비용 안내는 수임료·세금·수수료를 항목별로 나누어 설명하는 데 초점을 둡니다. 확정 견적은 서류 확인 후 드리며, 이 페이지에서는 구성 항목과 달라지는 조건을 정리합니다. 보수표·협회 기준만 보고 단정하지 않도록, 실제 포함 범위(보정·말소·추가 당사자)를 함께 봅니다. 선박·어선 소유권 이전·저당 등 선박 등기를 지원합니다. 부산 항만·해운 업체 상담을 안내합니다. 다옴법무사사무소는 부산 전역 사건을 다루며 비용 관련 ",547,f658975ffe006997
/선박등기자가진단,"어선·요트·상선 등기가 필요한지 확인해 보세요. 어선·요트·상선 등기가 필요한지 확인해 보세요. 어선·요트·상선 등기가 필요한지 확인해 보세요. 선박등기은 법률·행정 절차상 요건과 서류가 맞아야 진행할 수 있습니다. 부산·해운대·센텀에서 선박등기 관련 상담은 관할·기한·비용을 함께 묻는 경우가 많습니다. 자가진단 결과 안내 선박등기 자가진단 결과는 점수와 답변 태그를 바탕으로 사전 정보 확인·검토 필요·상담 권장·긴급 확인 필요 방향을 안내합니다. 특정 절차의 성공·실패를 단정하지 않습니다. 사전 정보 확인은 서류·관할·기한을 정리하는 단계입니다. 검토 필요는 사실관계가 복잡하거나 추가 확인이 필요할 때, 상담 권장·긴급은 기한·분쟁·권리 침해 우려가 클 때 나타납니다. 진단 후에도 등기부·계약서·가족관계증명서 등 원본 서류 확인이 필요합니다. 부산·해운대·센텀 사무소로 서류를 먼저 보내주시면 상담 시간을 줄일 수 있습니다. 긴급 확인 필요 결과가 나와도 당황하지 마시고, 오늘 할 ",449,4a30d15025c23c09
/선박등기준비서류,"준비서류만 보고 단정하기보다, 선박등기의 사실관계·기한·관할을 먼저 나눠 보는 것이 실무적입니다. 선박·어선 소유권 이전·저당 등 선박 등기를 지원합니다. 부산 항만·해운 업체 상담을 안내합니다. 다옴법무사사무소는 부산 전역 사건을 다루며 준비서류 관련 범위를 항목별로 정리합니다. 준비서류만 보고 단정하기보다, 선박등기의 사실관계·기한·관할을 먼저 나눠 보는 것이 실무적입니다. 선박·어선 소유권 이전·저당 등 선박 등기를 지원합니다. 부산 항만·해운 업체 상담을 안내합니다. 다옴법무사사무소는 부산 전역 사건을 다루며 준비서류 관련 범위를 항목별로 정리합니다. 부산은 관할 법원·등기소가 사건별로 달라 사전 정리가 중요한 지역입니다. 선박·어선 소유권 이전·저당 등 선박 등기를 지원합니다. 부산 항만·해운 업체 상담을 안내합니다. 필수 서류 말소할 근저당·전세권 목록을 본등기 신청서와 같은 묶음으로 준비합니다. 채권자 협의 필요 여부를 표시합니다. 미성년·해외·연락두절 당사자가 있으면 ",506,8c7bede3811191a9
/선박등기필요서류,"필요서류만 보고 단정하기보다, 선박등기의 사실관계·기한·관할을 먼저 나눠 보는 것이 실무적입니다. 선박·어선 소유권 이전·저당 등 선박 등기를 지원합니다. 부산 항만·해운 업체 상담을 안내합니다. 다옴법무사사무소는 부산 전역 사건을 다루며 필요서류 관련 범위를 항목별로 정리합니다. 필요서류만 보고 단정하기보다, 선박등기의 사실관계·기한·관할을 먼저 나눠 보는 것이 실무적입니다. 선박·어선 소유권 이전·저당 등 선박 등기를 지원합니다. 부산 항만·해운 업체 상담을 안내합니다. 다옴법무사사무소는 부산 전역 사건을 다루며 필요서류 관련 범위를 항목별로 정리합니다. 부산은 관할 법원·등기소가 사건별로 달라 사전 정리가 중요한 지역입니다. 선박·어선 소유권 이전·저당 등 선박 등기를 지원합니다. 부산 항만·해운 업체 상담을 안내합니다. 필수 서류 잔금·인도·대출 실행 일정을 한 줄에 두고 등기 접수를 맞춥니다. 중도금 연체가 있으면 계약 특약을 먼저 확인합니다. 전자등기 가능 사건과 방문 열",523,356f9afcda9cc27f
/성년후견자가진단,"가족의 의사결정 지원이 필요할 때 절차 방향을 확인해 보세요. 가족의 의사결정 지원이 필요할 때 절차 방향을 확인해 보세요. 가족의 의사결정 지원이 필요할 때 절차 방향을 확인해 보세요. 성년후견은 법률·행정 절차상 요건과 서류가 맞아야 진행할 수 있습니다. 부산·해운대·센텀에서 성년후견 관련 상담은 관할·기한·비용을 함께 묻는 경우가 많습니다. 자가진단 결과 안내 성년후견 자가진단 결과는 점수와 답변 태그를 바탕으로 사전 정보 확인·검토 필요·상담 권장·긴급 확인 필요 방향을 안내합니다. 특정 절차의 성공·실패를 단정하지 않습니다. 사전 정보 확인은 서류·관할·기한을 정리하는 단계입니다. 검토 필요는 사실관계가 복잡하거나 추가 확인이 필요할 때, 상담 권장·긴급은 기한·분쟁·권리 침해 우려가 클 때 나타납니다. 진단 후에도 등기부·계약서·가족관계증명서 등 원본 서류 확인이 필요합니다. 부산·해운대·센텀 사무소로 서류를 먼저 보내주시면 상담 시간을 줄일 수 있습니다. 긴급 확인 필요",461,96767b28a45afc24
/세무법인설립등기,"세무법인 설립등기는 세무사법상 법인 설립 요건·등록 후 등기가 필요합니다. 세무법인 설립등기는 세무사법상 법인 설립 요건·등록 후 등기가 필요합니다. 세무법인은 세무사법에 따른 세무사법인으로, 구성원 세무사의 자격·출자 요건을 충족해야 합니다. 상담 시 확인하는 내용 세무법인 설립등기 사건은 서류·관할·기한에 따라 진행 순서가 달라집니다. 다옴법무사사무소는 부산 해운대구·센텀에서 상속등기·부동산등기·법인등기·개인회생·파산 등을 다루며, 의뢰인 상황에 맞춰 절차와 비용을 알기 쉽게 설명합니다. 불확실한 부분은 추측으로 단정하지 않고, 확인된 사실을 바탕으로 안내드립니다. 전화·카카오톡·네이버 톡톡으로 간단히 상황을 남겨 주시면 필요한 준비부터 차분히 정리해 드리겠습니다. 세무법인 설립등기 상담은 어디서 받을 수 있나요? 다옴법무사사무소는 해운대구 센텀에 있으며, 부산 전역 사건을 전화·카카오톡·네이버 톡톡·방문(예약)으로 상담합니다. 비용은 어떻게 안내되나요? 사건 복잡도·부동산 가액",132,ff0e4a74de6098fc
/센텀법무사,"센텀에서 법무사를 찾으시면 이 페이지에서는 법인설립·임원변경·본점이전·오피스 부동산등기를 중심으로 안내합니다. 센텀시티·벡스코 생활권은 같은 업무지구로 보시면 됩니다. 다옴법무사사무소는 센텀시티역·벡스코 인근에 있습니다. 센텀에서 법무사를 찾으시면 이 페이지에서는 법인설립·임원변경·본점이전·오피스 부동산등기를 중심으로 안내합니다. 센텀시티·벡스코 생활권은 같은 업무지구로 보시면 됩니다. 다옴법무사사무소는 센텀시티역·벡스코 인근에 있습니다. 스타트업·전문서비스 법인은 본점 주소와 상호·목적이 등기부와 일치해야 거래·계좌·인허가가 수월합니다. 임기만료 임원변경은 결의일부터 역산해 과태료 리스크를 안내합니다. 재송 주거 상속·매매는 재송동 페이지, 해운대구 전체는 해운대 허브를 보시면 됩니다. 센텀과 센텀시티를 따로 둔 안내 페이지는 만들지 않습니다. 이 페이지에서 다루는 센텀 업무 통계로 ‘많다’고 단정하지 않습니다. 센텀 검색 의도에 맞춰 아래 업무를 중심으로 안내합니다. 법인설립: ",546,84e0cc7c2eb268fb
/센텀법인등기,"센텀 일대에서 센텀 법인등기 수요가 꾸준합니다. 센텀시티·재송 일대 IT·금융·스타트업 법인 밀집 창업·입주·투자 유치 과정에서 법인 설립등기·임원변경·본점 이전등기가 필요한 경우가 많습니다. 센텀시티, 재송동 인근 기업·스타트업·전문서비스 업체가 문의하시는 법인등기 절차를 다옴법무사사무소가 상담·진행합니다. 정관·주주총회 결의·등기신청서 작성 오류는 보정과 지연으로 이어질 수 있어 사전 점검이 중요합니다. 센텀 일대에서 센텀 법인등기 수요가 꾸준합니다. 센텀시티·재송 일대 IT·금융·스타트업 법인 밀집 창업·입주·투자 유치 과정에서 법인 설립등기·임원변경·본점 이전등기가 필요한 경우가 많습니다. 센텀시티, 재송동 인근 기업·스타트업·전문서비스 업체가 문의하시는 법인등기 절차를 다옴법무사사무소가 상담·진행합니다. 정관·주주총회 결의·등기신청서 작성 오류는 보정과 지연으로 이어질 수 있어 사전 점검이 중요합니다. 센텀시티, 재송동 인근 기업·스타트업·전문서비스 업체가 문의하시는 법인등",294,4ccd8b8de454b60a
/센텀법인설립등기,"센텀은 해운대구 핵심 업무지구로 법인 사옥·스타트업·고급 오피스가 밀집해 법인설립·임원변경·부동산 등기 수요가 집중되는 지역입니다. 센텀시티, 재송동, 우동에서 법인설립등기를 진행할 때는 부동산·법인 소재지와 당사자 서류를 기준으로 관할과 순서를 맞춥니다. 이 페이지는 법인설립등기만 다루며, 상담은 해운대 센텀 다옴법무사사무소에서 이어집니다. 센텀은 해운대구 핵심 업무지구로 법인 사옥·스타트업·고급 오피스가 밀집해 법인설립·임원변경·부동산 등기 수요가 집중되는 지역입니다. 센텀시티, 재송동, 우동에서 법인설립등기를 진행할 때는 부동산·법인 소재지와 당사자 서류를 기준으로 관할과 순서를 맞춥니다. 이 페이지는 법인설립등기만 다루며, 상담은 해운대 센텀 다옴법무사사무소에서 이어집니다. 센텀 법인설립등기 실무 안내 — 다옴법무사사무소 안윤정 법무사. 센텀시티, 재송동, 우동 일대 상담·서류·등기 대리. 전화·카카오톡 상담 가능. 비용 안내 법인설립등기는 자본금 규모·임원 수·정관 복잡도에",290,145d939ee8b8092d
/센텀부동산등기,"센텀은 해운대구 핵심 업무지구로 법인 사옥·스타트업·고급 오피스가 밀집해 법인설립·임원변경·부동산 등기 수요가 집중되는 지역입니다. 센텀시티, 마린시티, 재송동, 우동에서 부동산등기를 진행할 때는 부동산·법인 소재지와 당사자 서류를 기준으로 관할과 순서를 맞춥니다. 이 페이지는 부동산등기만 다루며, 상담은 해운대 센텀 다옴법무사사무소에서 이어집니다. 센텀은 해운대구 핵심 업무지구로 법인 사옥·스타트업·고급 오피스가 밀집해 법인설립·임원변경·부동산 등기 수요가 집중되는 지역입니다. 센텀시티, 마린시티, 재송동, 우동에서 부동산등기를 진행할 때는 부동산·법인 소재지와 당사자 서류를 기준으로 관할과 순서를 맞춥니다. 이 페이지는 부동산등기만 다루며, 상담은 해운대 센텀 다옴법무사사무소에서 이어집니다. 센텀 부동산등기 실무 안내 — 다옴법무사사무소 안윤정 법무사. 센텀시티, 마린시티, 재송동, 우동 일대 상담·서류·등기 대리. 전화·카카오톡 상담 가능. 비용 안내 부동산등기 비용은 거래 유",292,ea2dda5f3105b6a2
/센텀시티역법무사,"센텀시티역 법무사를 찾으시면 2호선 센텀시티역·벡스코 인근으로 오시는 동선의 법인·오피스 등기를 이 역세권 안내에서 연결하시면 됩니다. 센텀 업무지구 본문은 센텀 법무사 안내가 Primary Host입니다. 센텀시티역 법무사를 찾으시면 2호선 센텀시티역·벡스코 인근으로 오시는 동선의 법인·오피스 등기를 이 역세권 안내에서 연결하시면 됩니다. 센텀 업무지구 본문은 센텀 법무사 안내가 Primary Host입니다. 센텀시티역 법무사를 찾으시면 2호선 센텀시티역·벡스코 인근으로 오시는 동선의 법인·오피스 등기를 이 역세권 안내에서 연결하시면 됩니다. 센텀 업무지구 본문은 센텀 법무사 안내가 Primary Host입니다. 센텀시티역과 센텀 허브의 관계 역 검색은 방문·환승 동선이고, 법인설립·임원변경·오피스 등기 실무는 센텀 법무사 안내에서 보시면 됩니다. 재송 주거는 재송동 안내로 이어집니다. 해운대 중동·우동과의 구분 해운대역·중동 상권은 중동 안내, 마린시티·우동 주거는 우동 안내입니",259,6fd8a7323795bf7c
/센텀시티역법인등기,센텀시티역에서 법인등기을(를) 진행하려면 관할 확인 후 서류 체크리스트부터 잡는 편이 안전합니다. 2호선 센텀시티역·벡스코 인근 법인·부동산 등기 상담을 안내합니다. 주식회사·유한회사 등 법인의 설립 이후 변경·이전 등기를 처리합니다. 센텀·서면 일대 법인 설립·임원변경·본점이전을 안내합니다. 상담 시 서류·일정·비용 범위를 항목별로 안내합니다. 센텀시티역에서 법인등기을(를) 진행하려면 관할 확인 후 서류 체크리스트부터 잡는 편이 안전합니다. 2호선 센텀시티역·벡스코 인근 법인·부동산 등기 상담을 안내합니다. 주식회사·유한회사 등 법인의 설립 이후 변경·이전 등기를 처리합니다. 센텀·서면 일대 법인 설립·임원변경·본점이전을 안내합니다. 상담 시 서류·일정·비용 범위를 항목별로 안내합니다. 2호선 센텀시티역·벡스코 인근 법인·부동산 등기 상담을 안내합니다. 주식회사·유한회사 등 법인의 설립 이후 변경·이전 등기를 처리합니다. 센텀·서면 일대 법인 설립·임원변경·본점이전을 안내합니다. ,441,b8d0010d5b018299
/센텀시티역상속등기,"센텀시티역 생활권 상속등기는 해운대구 재송·우동·센텀 일대 아파트·오피스 명의이전이 많습니다. 역 이름 검색은 생활권 안내이고, 관할은 부동산 소재지 주소로 확인합니다. 센텀시티역 생활권 상속등기는 해운대구 재송·우동·센텀 일대 아파트·오피스 명의이전이 많습니다. 역 이름 검색은 생활권 안내이고, 관할은 부동산 소재지 주소로 확인합니다. 센텀시티역 생활권 상속등기는 해운대구 재송·우동·센텀 일대 아파트·오피스 명의이전이 많습니다. 역 이름 검색은 생활권 안내이고, 관할은 부동산 소재지 주소로 확인합니다. 센텀권 상속등기에서 볼 것 아파트 단독점유·주차·상가 지분처럼 권리 대상이 여러 개면 목록으로 정리합니다. 근저당·전세권이 있으면 말소·승계를 등기와 같은 일정에 둡니다. 역세권 검색과 관할 센텀시티역·재송역으로 검색해도 절차는 동일하고, 등기소 관할만 주소로 확정합니다. 별도 역 전용 절차는 없습니다. 비용·기한 부동산 수·상속인 수·협의 여부로 구성이 달라집니다. 3개월 포기·한",258,1b382cd87cc26cc2
/센텀여성법무사,센텀 여성 법무사 관련 문의는 검색 키워드만으로 절차가 결정되지 않는 경우가 많습니다. 주식회사·유한회사 등 법인의 설립 이후 변경·이전 등기를 처리합니다. 센텀·서면 일대 법인 설립·임원변경·본점이전을 안내합니다. 센텀시티·벡스코·마린시티 인근 법인·부동산 등기 핵심 생활권입니다. 다옴법무사사무소는 상황을 듣고 다음 단계부터 정리합니다. 센텀 여성 법무사 관련 문의는 검색 키워드만으로 절차가 결정되지 않는 경우가 많습니다. 주식회사·유한회사 등 법인의 설립 이후 변경·이전 등기를 처리합니다. 센텀·서면 일대 법인 설립·임원변경·본점이전을 안내합니다. 센텀시티·벡스코·마린시티 인근 법인·부동산 등기 핵심 생활권입니다. 다옴법무사사무소는 상황을 듣고 다음 단계부터 정리합니다. 센텀시티·벡스코·마린시티 인근 법인·부동산 등기 핵심 생활권입니다. 주식회사·유한회사 등 법인의 설립 이후 변경·이전 등기를 처리합니다. 센텀·서면 일대 법인 설립·임원변경·본점이전을 안내합니다. 편안한 상담 법,513,1f329a485f6f2c5a
/센텀임원변경등기,"센텀은 해운대구 핵심 업무지구로 법인 사옥·스타트업·고급 오피스가 밀집해 법인설립·임원변경·부동산 등기 수요가 집중되는 지역입니다. 센텀시티, 우동, 재송동에서 임원변경등기를 진행할 때는 부동산·법인 소재지와 당사자 서류를 기준으로 관할과 순서를 맞춥니다. 이 페이지는 임원변경등기만 다루며, 상담은 해운대 센텀 다옴법무사사무소에서 이어집니다. 센텀은 해운대구 핵심 업무지구로 법인 사옥·스타트업·고급 오피스가 밀집해 법인설립·임원변경·부동산 등기 수요가 집중되는 지역입니다. 센텀시티, 우동, 재송동에서 임원변경등기를 진행할 때는 부동산·법인 소재지와 당사자 서류를 기준으로 관할과 순서를 맞춥니다. 이 페이지는 임원변경등기만 다루며, 상담은 해운대 센텀 다옴법무사사무소에서 이어집니다. 센텀 임원변경등기 실무 안내 — 다옴법무사사무소 안윤정 법무사. 센텀시티, 우동, 재송동 일대 상담·서류·등기 대리. 전화·카카오톡 상담 가능. 비용 안내 임원변경등기는 변경 항목 수(대표·이사·감사·주소",283,a33ff4dd962b6a37
/소유권이전등기과태료,"과태료만 보고 단정하기보다, 소유권이전등기의 사실관계·기한·관할을 먼저 나눠 보는 것이 실무적입니다. 부동산 매매·증여 등으로 소유권을 이전하는 등기입니다. 취득세 신고와 일정을 맞춥니다. 다옴법무사사무소는 부산 전역 사건을 다루며 과태료 관련 범위를 항목별로 정리합니다. 과태료만 보고 단정하기보다, 소유권이전등기의 사실관계·기한·관할을 먼저 나눠 보는 것이 실무적입니다. 부동산 매매·증여 등으로 소유권을 이전하는 등기입니다. 취득세 신고와 일정을 맞춥니다. 다옴법무사사무소는 부산 전역 사건을 다루며 과태료 관련 범위를 항목별로 정리합니다. 부산은 관할 법원·등기소가 사건별로 달라 사전 정리가 중요한 지역입니다. 부동산 매매·증여 등으로 소유권을 이전하는 등기입니다. 취득세 신고와 일정을 맞춥니다. 비용이 달라지는 이유 회생·파산 경로에서는 소득·재산·채무 목록 정합성을 신청서 품질의 기준으로 둡니다. 등기원인 문구와 검인·취득세 완납 증빙이 일치하는지 접수 직전에 재확인합니다. 공",482,432a89473a391d31
/소유권이전등기기간,"기간만 보고 단정하기보다, 소유권이전등기의 사실관계·기한·관할을 먼저 나눠 보는 것이 실무적입니다. 부동산 매매·증여 등으로 소유권을 이전하는 등기입니다. 취득세 신고와 일정을 맞춥니다. 다옴법무사사무소는 부산 전역 사건을 다루며 기간 관련 범위를 항목별로 정리합니다. 기간만 보고 단정하기보다, 소유권이전등기의 사실관계·기한·관할을 먼저 나눠 보는 것이 실무적입니다. 부동산 매매·증여 등으로 소유권을 이전하는 등기입니다. 취득세 신고와 일정을 맞춥니다. 다옴법무사사무소는 부산 전역 사건을 다루며 기간 관련 범위를 항목별로 정리합니다. 부산은 관할 법원·등기소가 사건별로 달라 사전 정리가 중요한 지역입니다. 부동산 매매·증여 등으로 소유권을 이전하는 등기입니다. 취득세 신고와 일정을 맞춥니다. 법정 기한 회생·파산 경로에서는 소득·재산·채무 목록 정합성을 신청서 품질의 기준으로 둡니다. 등기원인 문구와 검인·취득세 완납 증빙이 일치하는지 접수 직전에 재확인합니다. 공동매수면 지분 표기",488,20fe8d97f904beb3
/소유권이전등기기한,소유권이전등기 기한 안내는 법정·실무상 놓치기 쉬운 날짜(결의일·상속 개시·잔금일)를 중심으로 정리합니다. 기한이 임박하면 서류 완비보다 우선순위 절차부터 안내합니다. 부동산 매매·증여 등으로 소유권을 이전하는 등기입니다. 취득세 신고와 일정을 맞춥니다. 다옴법무사사무소는 부산 전역 사건을 다루며 기한 관련 범위를 항목별로 정리합니다. 소유권이전등기 기한 안내는 법정·실무상 놓치기 쉬운 날짜(결의일·상속 개시·잔금일)를 중심으로 정리합니다. 기한이 임박하면 서류 완비보다 우선순위 절차부터 안내합니다. 부동산 매매·증여 등으로 소유권을 이전하는 등기입니다. 취득세 신고와 일정을 맞춥니다. 다옴법무사사무소는 부산 전역 사건을 다루며 기한 관련 범위를 항목별로 정리합니다. 부산은 관할 법원·등기소가 사건별로 달라 사전 정리가 중요한 지역입니다. 부동산 매매·증여 등으로 소유권을 이전하는 등기입니다. 취득세 신고와 일정을 맞춥니다. 법정 기한 미성년·해외·연락두절 당사자가 있으면 위임·특별,498,6640e089f3e246fb
/소유권이전등기보수표,"소유권이전 보수표 검색은 소유권이전 비용과 같은 의도인 경우가 많습니다. 취득세는 표에 들어 있지 않습니다. 소유권이전 보수표 검색은 소유권이전 비용과 같은 의도인 경우가 많습니다. 취득세는 표에 들어 있지 않습니다. 소유권이전 보수표 검색은 소유권이전 비용과 같은 의도인 경우가 많습니다. 취득세는 표에 들어 있지 않습니다. 대표 비용 안내로 이어가기 검색어만 수임료·수수료·보수표로 달라도, 알고 싶은 내용은 대개 실비와 보수를 나누는 일입니다. 검색 의도별 다음 안내 소유권이전등기 보수표 관련해서는 허브 페이지에서 절차를 고른 뒤, 필요하면 상담으로 이어가면 됩니다. 상담 시 확인하는 내용 소유권이전등기 보수표 사건은 서류·관할·기한에 따라 진행 순서가 달라집니다. 다옴법무사사무소는 부산 해운대구·센텀에서 상속등기·부동산등기·법인등기·개인회생·파산 등을 다루며, 의뢰인 상황에 맞춰 절차와 비용을 알기 쉽게 설명합니다. 불확실한 부분은 추측으로 단정하지 않고, 확인된 사실을 바탕으로",219,0ee658e482f81e5e
/소유권이전등기비용,"소유권이전 비용은 매매가격·부동산 종류·매수인 수·지분·근저당 동시 처리에 따라 달라집니다. 취득세는 법무사 보수가 아닙니다. 소유권이전 비용은 매매가격·부동산 종류·매수인 수·지분·근저당 동시 처리에 따라 달라집니다. 취득세는 법무사 보수가 아닙니다. 소유권이전 비용은 매매가격·부동산 종류·매수인 수·지분·근저당 동시 처리에 따라 달라집니다. 취득세는 법무사 보수가 아닙니다. 이전등기에서 세금과 보수를 나누는 이유 총액만 보면 수임료에 취득세가 포함된 것처럼 오해하기 쉽습니다. 견적에서는 세 줄 이상으로 나눕니다. 법무사 보수 취득세 등 지방세(해당 시) 국민주택채권·등기신청수수료 등 실비 견적에 필요한 정보 부동산 주소, 매매가격(또는 증여 가액), 매수인 수, 잔금일, 말소·설정 동시 여부입니다. 검색 의도별 다음 안내 소유권이전등기 비용 관련해서는 허브 페이지에서 절차를 고른 뒤, 필요하면 상담으로 이어가면 됩니다. 상담 시 확인하는 내용 소유권이전등기 비용 사건은 서류·관할",234,83dd2ae85329417d
/소유권이전등기서류,"부산에서 소유권이전등기 서류을(를) 검색하시는 분들은 대부분 실제 부담 금액과 준비 기간을 알고 싶어 하십니다. 소유권이전등기 서류, 매매 등기 관련 비용은 사건마다 다릅니다. 부동산 가액·상속인 수·채무 규모·법인 규모·병행 업무 여부에 따라 법무사 보수와 등기신청 수수료·세금이 달라집니다. 다옴법무사사무소는 부산진구, 해운대구 일대를 포함한 부산 전역 의뢰인에게 항목별 견적을 투명하게 안내합니다. 숨겨진 비용 없이 상담 후 예상 범위를 설명해 드립니다. 부산에서 소유권이전등기 서류을(를) 검색하시는 분들은 대부분 실제 부담 금액과 준비 기간을 알고 싶어 하십니다. 소유권이전등기 서류, 매매 등기 관련 비용은 사건마다 다릅니다. 부동산 가액·상속인 수·채무 규모·법인 규모·병행 업무 여부에 따라 법무사 보수와 등기신청 수수료·세금이 달라집니다. 다옴법무사사무소는 부산진구, 해운대구 일대를 포함한 부산 전역 의뢰인에게 항목별 견적을 투명하게 안내합니다. 숨겨진 비용 없이 상담 후 예",350,f37f049e4a1706ec
/소유권이전등기자가진단,"매매·증여·상속 중 어떤 이전등기가 필요한지부터 확인해 보세요. 매매·증여·상속 중 어떤 이전등기가 필요한지부터 확인해 보세요. 매매·증여·상속 중 어떤 이전등기가 필요한지부터 확인해 보세요. 소유권이전등기는 부동산 소유자를 바꾸는 등기입니다. 매매가 가장 흔하고, 증여·상속·교환도 포함됩니다. 자가진단 결과 안내 소유권이전등기 자가진단은 이전 원인과 등기부 부담(근저당·가압류)을 중심으로 긴급도를 냅니다. 증여·분양권·신축 아파트 등은 취득세·필요서류가 달라 검토 필요 결과가 자주 나옵니다. 가압류·가등기 답변이 있으면 말소·해제 전 이전이 어려울 수 있음을 의미합니다. 증여·분양권·상속 원인은 취득세·필요서류가 달라 검토 필요 결과가 자주 나옵니다. 소유권이전등기 기본 개념 소유권이전등기는 부동산 소유자를 바꾸는 등기입니다. 매매가 가장 흔하고, 증여·상속·교환도 포함됩니다. 소유권이전등기 서류는 원인별로 다릅니다. 매매는 계약서·인감·취득세, 증여는 증여계약·가족관계, 상속은 ",438,d133ec4aff1fc4bf
/소유권이전등기준비서류,"소유권이전등기 ‘준비서류’ 안내는 상담 전에 모아 두면 좋은 참고 자료(등기부·계약서 사본·가족관계·잔고 등) 중심입니다. 필수 접수 서류와 달리, 준비서류는 사건 파악용으로 먼저 모아 두면 체크리스트가 짧아집니다. 이 페이지는 ‘상담 전 미리 챙기면 좋은 것’에 초점을 둡니다. 접수 필수 목록은 필요서류 안내와 역할을 나눕니다. 부동산 매매·증여 등으로 소유권을 이전하는 등기입니다. 취득세 신고와 일정을 맞춥니다. 다옴법무사사무소는 부산 전역 사건을 다루며 준비서류 관련 범위를 항목별로 정리합니다. 소유권이전등기 ‘준비서류’ 안내는 상담 전에 모아 두면 좋은 참고 자료(등기부·계약서 사본·가족관계·잔고 등) 중심입니다. 필수 접수 서류와 달리, 준비서류는 사건 파악용으로 먼저 모아 두면 체크리스트가 짧아집니다. 이 페이지는 ‘상담 전 미리 챙기면 좋은 것’에 초점을 둡니다. 접수 필수 목록은 필요서류 안내와 역할을 나눕니다. 부동산 매매·증여 등으로 소유권을 이전하는 등기입니다. ",555,3385426b7d88e9d6
/소유권이전등기필요서류,"소유권이전등기 ‘필요서류’는 매매·증여 등 원인에 따라 접수에 필요한 핵심 서류만 추립니다. 일반 부동산등기 안내·준비서류 안내와 역할을 나눕니다. 소유권이전등기 ‘필요서류’는 매매·증여 등 원인에 따라 접수에 필요한 핵심 서류만 추립니다. 일반 부동산등기 안내·준비서류 안내와 역할을 나눕니다. 소유권이전등기 ‘필요서류’는 매매·증여 등 원인에 따라 접수에 필요한 핵심 서류만 추립니다. 일반 부동산등기 안내·준비서류 안내와 역할을 나눕니다. 소유권이전 필요서류 초점 등기원인(매매·증여·교환 등)과 공동명의·미성년 여부가 목록을 바꿉니다. 이 페이지는 접수 필수 중심입니다. 잔금일 전 ★ 체크 인감·신분증·계약서·취득세·위임장 유효기간을 잔금 전날 다시 봅니다. 근저당 말소가 같은 날이면 말소 서류를 ★에 추가합니다. 준비서류와의 구분 상담용 등기부 사본·사진·메모는 준비 단계이고, 접수 원본·날인 서류는 필요서류입니다. 검색 의도별 다음 안내 소유권이전등기 필요서류 관련해서는 허브 ",238,9b408f7cee408221
/송정동법무사,"송정동 법무사를 찾으시면 송정해수욕장·청사포 인근 주택·펜션성 숙박·상가의 상속·매매등기를 이 페이지에서 연결하시면 됩니다. 해운대 구 전체는 해운대 안내, 마린시티·우동 고급 주거는 우동 안내와 나눕니다. 송정동 법무사를 찾으시면 송정해수욕장·청사포 인근 주택·펜션성 숙박·상가의 상속·매매등기를 이 페이지에서 연결하시면 됩니다. 해운대 구 전체는 해운대 안내, 마린시티·우동 고급 주거는 우동 안내와 나눕니다. 송정동 법무사를 찾으시면 송정해수욕장·청사포 인근 주택·펜션성 숙박·상가의 상속·매매등기를 이 페이지에서 연결하시면 됩니다. 해운대 구 전체는 해운대 안내, 마린시티·우동 고급 주거는 우동 안내와 나눕니다. 송정 해변 생활권에서 자주 보는 등기 단독·다가구 상속, 펜션·민박 건물 매매, 근저당 말소 후 이전이 이어집니다. 해운대 중동 상권과는 건물 규모와 임대 형태가 다릅니다. 숙박·주거 용도가 섞일 때 펜션·민박으로 쓰더라도 등기 원인은 매매·상속·증여입니다. 용도변경·허가",276,70cc429901076dd1
/송정동상속등기,송정동에서 상속등기을(를) 진행하려면 관할 확인 후 서류 체크리스트부터 잡는 편이 안전합니다. 송정 일대 주택·펜션·상가 상속·등기 문의가 있는 동입니다. 피상속인 사망 후 부동산·토지 등기명의를 상속인 명의로 이전하는 절차입니다. 부산 전역 아파트·상가·토지 상속 사건을 다룹니다. 상담 시 서류·일정·비용 범위를 항목별로 안내합니다. 송정동에서 상속등기을(를) 진행하려면 관할 확인 후 서류 체크리스트부터 잡는 편이 안전합니다. 송정 일대 주택·펜션·상가 상속·등기 문의가 있는 동입니다. 피상속인 사망 후 부동산·토지 등기명의를 상속인 명의로 이전하는 절차입니다. 부산 전역 아파트·상가·토지 상속 사건을 다룹니다. 상담 시 서류·일정·비용 범위를 항목별로 안내합니다. 송정 일대 주택·펜션·상가 상속·등기 문의가 있는 동입니다. 피상속인 사망 후 부동산·토지 등기명의를 상속인 명의로 이전하는 절차입니다. 부산 전역 아파트·상가·토지 상속 사건을 다룹니다. 지역별 업무 상황 산업단지·재,482,dc538c3584b7b0d6
/수영구개인회생,"수영구에 거주하면서 개인회생을 찾는 경우, 이 페이지는 해당 구·동의 상담 진입점입니다. 신청 자격·서류·부산회생법원 준비의 전체 절차는 상위 안내에서 이어집니다. 등기소·상속·매매와는 다른 법원 절차입니다. 수영구에 거주하면서 개인회생을 찾는 경우, 이 페이지는 해당 구·동의 상담 진입점입니다. 신청 자격·서류·부산회생법원 준비의 전체 절차는 상위 안내에서 이어집니다. 등기소·상속·매매와는 다른 법원 절차입니다. 수영구 개인회생 상담 안내. 부산회생법원 관할. 소득·채무·재산 기준으로 준비 순서를 안내하며 인가·면책은 보장하지 않습니다. 비용 안내 개인회생은 채무 규모·재산·소득에 따라 수임료가 책정됩니다. 법원 납부금과 변제 계획은 별도이며, 상담 시 총 부담 구조를 설명합니다. 수영구 의뢰 사건도 동일한 기준으로 견적을 안내합니다. 관할·접근 안내 수영구 개인회생은 부동산 등기소가 아니라 부산회생법원 사건을 기준으로 안내합니다. 접수·보정 일정은 사건마다 달라 확정하지 않습니다",242,640e2ebc0a9d6cd3
/수영구법무사,"수영구에서 법무사를 찾으시면 광안리 해안 주거·상가, 남천 실거주 전세, 망미·민락 역세권을 나눠 보시면 됩니다. 이 페이지에서는 부동산등기·상속·임대차 관련 등기를 중심으로 설명합니다. 다옴법무사사무소는 해운대 센텀에서 수영구 사건을 상담합니다. 수영구에서 법무사를 찾으시면 광안리 해안 주거·상가, 남천 실거주 전세, 망미·민락 역세권을 나눠 보시면 됩니다. 이 페이지에서는 부동산등기·상속·임대차 관련 등기를 중심으로 설명합니다. 다옴법무사사무소는 해운대 센텀에서 수영구 사건을 상담합니다. 전세권 설정·말소와 매매 잔금이 겹치면 임대인 동의·보증금 규모를 먼저 맞춥니다. 광안리와 남천은 생활권이 달라 전용 페이지를 함께 보시면 됩니다. 수영구 부동산등기 관할은 남부산등기소입니다. 구 전체가 아닌 광안리만 찾으시면 광안리 페이지가 맞습니다. 이 페이지에서 다루는 수영구 업무 통계로 ‘많다’고 단정하지 않습니다. 수영구 검색 의도에 맞춰 아래 업무를 중심으로 안내합니다. 부동산등기: ",466,c653f51d156dc5fe
/수영구법인등기,"수영구는 광안리·민락·망미 일대 전월세·매매와 상속이 겹치는 사건이 많고, 부동산 가액에 따라 등기 비용과 절차가 달라지는 경우가 많습니다. 수영구 민락동, 광안동, 망미동에서 법인등기를 진행할 때는 부동산·법인 소재지와 당사자 서류를 기준으로 관할과 순서를 맞춥니다. 이 페이지는 법인등기만 다루며, 상담은 해운대 센텀 다옴법무사사무소에서 이어집니다. 수영구는 광안리·민락·망미 일대 전월세·매매와 상속이 겹치는 사건이 많고, 부동산 가액에 따라 등기 비용과 절차가 달라지는 경우가 많습니다. 수영구 민락동, 광안동, 망미동에서 법인등기를 진행할 때는 부동산·법인 소재지와 당사자 서류를 기준으로 관할과 순서를 맞춥니다. 이 페이지는 법인등기만 다루며, 상담은 해운대 센텀 다옴법무사사무소에서 이어집니다. 수영구 법인등기 실무 안내 — 다옴법무사사무소 안윤정 법무사. 민락동, 광안동, 망미동 일대 상담·서류·등기 대리. 전화·카카오톡 상담 가능. 비용 안내 법인등기(본점이전·목적변경·증자 ",281,387f7483cfc43fc3
/수영구법인설립등기,수영구에서 법인설립등기을(를) 진행하려면 관할 확인 후 서류 체크리스트부터 잡는 편이 안전합니다. 광안리·민락·망미 일대에서 전월세·매매·상속이 겹치는 부동산 등기 상담을 안내합니다. 정관 작성·자본금 납입·설립 등기까지 창업 초기 법인 설립 절차를 지원합니다. 상담 시 서류·일정·비용 범위를 항목별로 안내합니다. 수영구에서 법인설립등기을(를) 진행하려면 관할 확인 후 서류 체크리스트부터 잡는 편이 안전합니다. 광안리·민락·망미 일대에서 전월세·매매·상속이 겹치는 부동산 등기 상담을 안내합니다. 정관 작성·자본금 납입·설립 등기까지 창업 초기 법인 설립 절차를 지원합니다. 상담 시 서류·일정·비용 범위를 항목별로 안내합니다. 광안리·민락·망미 일대에서 전월세·매매·상속이 겹치는 부동산 등기 상담을 안내합니다. 정관 작성·자본금 납입·설립 등기까지 창업 초기 법인 설립 절차를 지원합니다. 지역별 업무 상황 산업단지·재개발·재건축처럼 특수한 권리관계는 일반 매매 체크리스트와 항목을 나눕,464,9589037aeaa78b76
/수영구부동산등기,"수영구는 광안리·민락·망미 일대 전월세·매매와 상속이 겹치는 사건이 많고, 부동산 가액에 따라 등기 비용과 절차가 달라지는 경우가 많습니다. 수영구 광안동, 망미동, 민락동에서 부동산등기를 진행할 때는 부동산·법인 소재지와 당사자 서류를 기준으로 관할과 순서를 맞춥니다. 이 페이지는 부동산등기만 다루며, 상담은 해운대 센텀 다옴법무사사무소에서 이어집니다. 수영구는 광안리·민락·망미 일대 전월세·매매와 상속이 겹치는 사건이 많고, 부동산 가액에 따라 등기 비용과 절차가 달라지는 경우가 많습니다. 수영구 광안동, 망미동, 민락동에서 부동산등기를 진행할 때는 부동산·법인 소재지와 당사자 서류를 기준으로 관할과 순서를 맞춥니다. 이 페이지는 부동산등기만 다루며, 상담은 해운대 센텀 다옴법무사사무소에서 이어집니다. 수영구 부동산등기 실무 안내 — 다옴법무사사무소 안윤정 법무사. 광안동, 망미동, 민락동 일대 상담·서류·등기 대리. 전화·카카오톡 상담 가능. 비용 안내 부동산등기 비용은 거래 ",296,569e25314f4d12a9
/수영구비영리법인설립,"수영구 비영리법인은 허가 후 3주 이내 설립등기합니다. `/체육단체사단법인설립`, `/문화예술단체사단법인설립`도 참고하세요. 수영구 비영리법인은 허가 후 3주 이내 설립등기합니다. `/체육단체사단법인설립`, `/문화예술단체사단법인설립`도 참고하세요. 수영구에 주사무소를 두는 체육·문화·지역단체는 목적별 주무관청 허가 후 설립등기합니다. 상담 시 확인하는 내용 수영구 비영리법인 설립 사건은 서류·관할·기한에 따라 진행 순서가 달라집니다. 다옴법무사사무소는 부산 해운대구·센텀에서 상속등기·부동산등기·법인등기·개인회생·파산 등을 다루며, 의뢰인 상황에 맞춰 절차와 비용을 알기 쉽게 설명합니다. 불확실한 부분은 추측으로 단정하지 않고, 확인된 사실을 바탕으로 안내드립니다. 전화·카카오톡·네이버 톡톡으로 간단히 상황을 남겨 주시면 필요한 준비부터 차분히 정리해 드리겠습니다. 수영구 비영리법인 설립 상담은 어디서 받을 수 있나요? 다옴법무사사무소는 해운대구 센텀에 있으며, 부산 전역 사건을 전",135,8e296dc06132cfc2
/수영구상속등기,"수영구는 광안리·민락·망미 일대 전월세·매매와 상속이 겹치는 사건이 많고, 부동산 가액에 따라 등기 비용과 절차가 달라지는 경우가 많습니다. 수영구 광안동, 민락동, 망미동에서 상속등기를 진행할 때는 부동산·법인 소재지와 당사자 서류를 기준으로 관할과 순서를 맞춥니다. 이 페이지는 상속등기만 다루며, 상담은 해운대 센텀 다옴법무사사무소에서 이어집니다. 수영구는 광안리·민락·망미 일대 전월세·매매와 상속이 겹치는 사건이 많고, 부동산 가액에 따라 등기 비용과 절차가 달라지는 경우가 많습니다. 수영구 광안동, 민락동, 망미동에서 상속등기를 진행할 때는 부동산·법인 소재지와 당사자 서류를 기준으로 관할과 순서를 맞춥니다. 이 페이지는 상속등기만 다루며, 상담은 해운대 센텀 다옴법무사사무소에서 이어집니다. 수영구 상속등기 실무 안내 — 다옴법무사사무소 안윤정 법무사. 광안동, 민락동, 망미동 일대 상담·서류·등기 대리. 전화·카카오톡 상담 가능. 수영구 광안동·민락동 일대에서 해당 업무의 ",310,af649b4c7cd73040
/수영구상속포기,"수영구는 광안리·민락·망미 일대 전월세·매매와 상속이 겹치는 사건이 많고, 부동산 가액에 따라 등기 비용과 절차가 달라지는 경우가 많습니다. 수영구 광안동, 민락동, 망미동에서 상속포기를 진행할 때는 부동산·법인 소재지와 당사자 서류를 기준으로 관할과 순서를 맞춥니다. 이 페이지는 상속포기만 다루며, 상담은 해운대 센텀 다옴법무사사무소에서 이어집니다. 수영구는 광안리·민락·망미 일대 전월세·매매와 상속이 겹치는 사건이 많고, 부동산 가액에 따라 등기 비용과 절차가 달라지는 경우가 많습니다. 수영구 광안동, 민락동, 망미동에서 상속포기를 진행할 때는 부동산·법인 소재지와 당사자 서류를 기준으로 관할과 순서를 맞춥니다. 이 페이지는 상속포기만 다루며, 상담은 해운대 센텀 다옴법무사사무소에서 이어집니다. 수영구 상속포기 실무 안내 — 다옴법무사사무소 안윤정 법무사. 광안동, 민락동, 망미동 일대 상담·서류·등기 대리. 전화·카카오톡 상담 가능. 비용 안내 상속포기는 가정법원 신고 사건으로",308,98f61c5dda690cc5
/수영구임원변경등기,임원변경등기을(를) 수영구 기준으로 볼 때는 동일 절차라도 등기소·법원 창구가 사건별로 갈릴 수 있습니다. 광안리·민락·망미 일대에서 전월세·매매·상속이 겹치는 부동산 등기 상담을 안내합니다. 대표이사·이사·감사 변경에 따른 법인 등기입니다. 결의일로부터 등기 기한 준수가 중요합니다. 상담 시 서류·일정·비용 범위를 항목별로 안내합니다. 임원변경등기을(를) 수영구 기준으로 볼 때는 동일 절차라도 등기소·법원 창구가 사건별로 갈릴 수 있습니다. 광안리·민락·망미 일대에서 전월세·매매·상속이 겹치는 부동산 등기 상담을 안내합니다. 대표이사·이사·감사 변경에 따른 법인 등기입니다. 결의일로부터 등기 기한 준수가 중요합니다. 상담 시 서류·일정·비용 범위를 항목별로 안내합니다. 광안리·민락·망미 일대에서 전월세·매매·상속이 겹치는 부동산 등기 상담을 안내합니다. 대표이사·이사·감사 변경에 따른 법인 등기입니다. 결의일로부터 등기 기한 준수가 중요합니다. 지역별 업무 상황 상속 승인 방식(단,479,ca1ac77518e8ac47
/수영구전세권설정,전세권설정을(를) 수영구 기준으로 볼 때는 동일 절차라도 등기소·법원 창구가 사건별로 갈릴 수 있습니다. 광안리·민락·망미 일대에서 전월세·매매·상속이 겹치는 부동산 등기 상담을 안내합니다. 전세금 보호를 위한 전세권 설정 등기입니다. 임대차 계약·확정일자와 함께 검토합니다. 상담 시 서류·일정·비용 범위를 항목별로 안내합니다. 전세권설정을(를) 수영구 기준으로 볼 때는 동일 절차라도 등기소·법원 창구가 사건별로 갈릴 수 있습니다. 광안리·민락·망미 일대에서 전월세·매매·상속이 겹치는 부동산 등기 상담을 안내합니다. 전세금 보호를 위한 전세권 설정 등기입니다. 임대차 계약·확정일자와 함께 검토합니다. 상담 시 서류·일정·비용 범위를 항목별로 안내합니다. 광안리·민락·망미 일대에서 전월세·매매·상속이 겹치는 부동산 등기 상담을 안내합니다. 전세금 보호를 위한 전세권 설정 등기입니다. 임대차 계약·확정일자와 함께 검토합니다. 지역별 업무 상황 다수 필지·다수 계좌면 목록 번호를 매겨 누,492,c98fbf33a1247bc3
/수영구한정승인,수영구 한정승인 문의는 소재지·채무·협의 상태에 따라 준비 순서가 달라집니다. 광안리·민락·망미 일대에서 전월세·매매·상속이 겹치는 부동산 등기 상담을 안내합니다. 상속 재산 범위 내에서만 채무를 변제하고 상속을 승인하는 절차입니다. 채무 조사 후 상속등기와 연계됩니다. 상담 시 서류·일정·비용 범위를 항목별로 안내합니다. 수영구 한정승인 문의는 소재지·채무·협의 상태에 따라 준비 순서가 달라집니다. 광안리·민락·망미 일대에서 전월세·매매·상속이 겹치는 부동산 등기 상담을 안내합니다. 상속 재산 범위 내에서만 채무를 변제하고 상속을 승인하는 절차입니다. 채무 조사 후 상속등기와 연계됩니다. 상담 시 서류·일정·비용 범위를 항목별로 안내합니다. 광안리·민락·망미 일대에서 전월세·매매·상속이 겹치는 부동산 등기 상담을 안내합니다. 상속 재산 범위 내에서만 채무를 변제하고 상속을 승인하는 절차입니다. 채무 조사 후 상속등기와 연계됩니다. 지역별 업무 상황 회생·파산 경로에서는 소득·재산·,481,793a4b4b89cdc4ec
/신용회복과개인회생차이,"급여압류·연체·보증채무가 겹치면 신용회복·개인회생·파산이 한꺼번에 검색됩니다. 채널이 다르면 관할·효과·서류·일정도 다릅니다. 이 페이지는 ‘어느 것이 무조건 유리하다’고 말하지 않고, 비교 축과 준비자료를 정리합니다. 급여압류·연체·보증채무가 겹치면 신용회복·개인회생·파산이 한꺼번에 검색됩니다. 채널이 다르면 관할·효과·서류·일정도 다릅니다. 이 페이지는 ‘어느 것이 무조건 유리하다’고 말하지 않고, 비교 축과 준비자료를 정리합니다. 급여압류·연체·보증채무가 겹치면 신용회복·개인회생·파산이 한꺼번에 검색됩니다. 채널이 다르면 관할·효과·서류·일정도 다릅니다. 이 페이지는 ‘어느 것이 무조건 유리하다’고 말하지 않고, 비교 축과 준비자료를 정리합니다. 상담 시 확인하는 내용 신용회복과 개인회생 차이 사건은 서류·관할·기한에 따라 진행 순서가 달라집니다. 다옴법무사사무소는 부산 해운대구·센텀에서 상속등기·부동산등기·법인등기·개인회생·파산 등을 다루며, 의뢰인 상황에 맞춰 절차와 비용을",210,43287cb07d9cfcc1
/신축보존등기,"신축 보존등기 검색 시, 키워드만 보고 결정하기보다 신축 보존등기에 맞는 서류·기한·관할·비용을 먼저 확인하는 것이 안전합니다. 신축 보존등기 검색 시, 키워드만 보고 결정하기보다 신축 보존등기에 맞는 서류·기한·관할·비용을 먼저 확인하는 것이 안전합니다. 신축 보존등기 검색 시, 키워드만 보고 결정하기보다 신축 보존등기에 맞는 서류·기한·관할·비용을 먼저 확인하는 것이 안전합니다. 상담 시 확인하는 내용 신축 보존등기 사건은 서류·관할·기한에 따라 진행 순서가 달라집니다. 다옴법무사사무소는 부산 해운대구·센텀에서 상속등기·부동산등기·법인등기·개인회생·파산 등을 다루며, 의뢰인 상황에 맞춰 절차와 비용을 알기 쉽게 설명합니다. 불확실한 부분은 추측으로 단정하지 않고, 확인된 사실을 바탕으로 안내드립니다. 전화·카카오톡·네이버 톡톡으로 간단히 상황을 남겨 주시면 필요한 준비부터 차분히 정리해 드리겠습니다. 신축 보존등기 검색 시 무엇을 먼저 확인해야 하나요? 신축 보존등기는 보통 ‘견",276,fe6a9987b29d6f88
/신축보존등기체크리스트,"신축 보존등기 체크리스트 검색 시, 키워드만 보고 결정하기보다 신축 보존등기 체크리스트에 맞는 서류·기한·관할·비용을 먼저 확인하는 것이 안전합니다. 신축 보존등기 체크리스트 검색 시, 키워드만 보고 결정하기보다 신축 보존등기 체크리스트에 맞는 서류·기한·관할·비용을 먼저 확인하는 것이 안전합니다. 신축 보존등기 체크리스트 검색 시, 키워드만 보고 결정하기보다 신축 보존등기 체크리스트에 맞는 서류·기한·관할·비용을 먼저 확인하는 것이 안전합니다. 상담 시 확인하는 내용 신축 보존등기 체크리스트 사건은 서류·관할·기한에 따라 진행 순서가 달라집니다. 다옴법무사사무소는 부산 해운대구·센텀에서 상속등기·부동산등기·법인등기·개인회생·파산 등을 다루며, 의뢰인 상황에 맞춰 절차와 비용을 알기 쉽게 설명합니다. 불확실한 부분은 추측으로 단정하지 않고, 확인된 사실을 바탕으로 안내드립니다. 전화·카카오톡·네이버 톡톡으로 간단히 상황을 남겨 주시면 필요한 준비부터 차분히 정리해 드리겠습니다. 신축",289,40f7d4a00c0cc06c
/신축전기존건물철거등기순서,"신축 전에는 기존 건물 철거·대장 정리·멸실등기를 보존등기보다 앞에 두는 일정이 안전합니다. 일부 존치·담보 잔존이 있으면 등기 유형과 순서가 달라질 수 있습니다. 신축 전에는 기존 건물 철거·대장 정리·멸실등기를 보존등기보다 앞에 두는 일정이 안전합니다. 일부 존치·담보 잔존이 있으면 등기 유형과 순서가 달라질 수 있습니다. 기존 건물을 허물고 새로 지을 때, 멸실등기와 신축 보존등기 순서가 어긋나면 사용승인·대출·입주 일정이 밀릴 수 있습니다. 비용 안내 비용은 기존 담보·임차 권리 정리 범위, 멸실과 보존을 별도 수임하는지, 일정 촉박에 따른 보정·재접수 등에 따라 달라질 수 있습니다. 관할·접근 안내 부동산 소재지 관할 등기소 기준으로 접수하며, 부산 해운대·센텀 다옴법무사사무소에서 상담·수임을 진행합니다. 사무소: 부산광역시 해운대구 센텀동로 200 D동 1층 LAB9호 법무사는 부동산등기(건물·토지) 신청·서류 작성·접수 대리 등 등기 관련 업무를 지원합니다. 건축 인허가",263,bacc948f9267c5bf
/신축집단등기,"신축 집단등기 검색 시, 키워드만 보고 결정하기보다 신축 집단등기에 맞는 서류·기한·관할·비용을 먼저 확인하는 것이 안전합니다. 신축 집단등기 검색 시, 키워드만 보고 결정하기보다 신축 집단등기에 맞는 서류·기한·관할·비용을 먼저 확인하는 것이 안전합니다. 신축 집단등기 검색 시, 키워드만 보고 결정하기보다 신축 집단등기에 맞는 서류·기한·관할·비용을 먼저 확인하는 것이 안전합니다. 상담 시 확인하는 내용 신축 집단등기 사건은 서류·관할·기한에 따라 진행 순서가 달라집니다. 다옴법무사사무소는 부산 해운대구·센텀에서 상속등기·부동산등기·법인등기·개인회생·파산 등을 다루며, 의뢰인 상황에 맞춰 절차와 비용을 알기 쉽게 설명합니다. 불확실한 부분은 추측으로 단정하지 않고, 확인된 사실을 바탕으로 안내드립니다. 전화·카카오톡·네이버 톡톡으로 간단히 상황을 남겨 주시면 필요한 준비부터 차분히 정리해 드리겠습니다. 신축 집단등기 검색 시 무엇을 먼저 확인해야 하나요? 신축 집단등기는 보통 ‘견",276,b9b72d42dfd4a840
/아파트집단등기,"아파트 집단등기 검색 시, 키워드만 보고 결정하기보다 아파트 집단등기에 맞는 서류·기한·관할·비용을 먼저 확인하는 것이 안전합니다. 아파트 집단등기 검색 시, 키워드만 보고 결정하기보다 아파트 집단등기에 맞는 서류·기한·관할·비용을 먼저 확인하는 것이 안전합니다. 아파트 집단등기 검색 시, 키워드만 보고 결정하기보다 아파트 집단등기에 맞는 서류·기한·관할·비용을 먼저 확인하는 것이 안전합니다. 상담 시 확인하는 내용 아파트 집단등기 사건은 서류·관할·기한에 따라 진행 순서가 달라집니다. 다옴법무사사무소는 부산 해운대구·센텀에서 상속등기·부동산등기·법인등기·개인회생·파산 등을 다루며, 의뢰인 상황에 맞춰 절차와 비용을 알기 쉽게 설명합니다. 불확실한 부분은 추측으로 단정하지 않고, 확인된 사실을 바탕으로 안내드립니다. 전화·카카오톡·네이버 톡톡으로 간단히 상황을 남겨 주시면 필요한 준비부터 차분히 정리해 드리겠습니다. 아파트 집단등기 검색 시 무엇을 먼저 확인해야 하나요? 아파트 집단",276,0fe5cad677ffd6df
/안락동법무사,"안락동에서는 ‘조합 동의 전에 상속등기를 해야 하냐’, ‘명장동 집을 세 형제가 상속받았는데 한 명이 반대한다’, ‘수안동 주택을 손주에게 증여하려 한다’는 문의가 있습니다. 정비사업 동의·매도는 소유자 확정이 전제인 경우가 많아 상속 명의를 미루면 일정이 꼬일 수 있습니다. 반대하는 상속인이 있으면 협의분할이 어려워 다른 법적 경로를 검토해야 할 수 있어, 초기 상담에서 의사를 확인합니다. 안락동에서는 안락·명장·수안의 동래 동부 주거와 온천천 생활권를 볼 때 재건축·리모델링 논의와 상속 명의의 선행 정리를 등기부·조합 안내문·상속 협의서·가족관계 서류와 맞춰 확인합니다. 다옴법무사사무소는 해운대 센텀에서 상담합니다. 안락동에서는 ‘조합 동의 전에 상속등기를 해야 하냐’, ‘명장동 집을 세 형제가 상속받았는데 한 명이 반대한다’, ‘수안동 주택을 손주에게 증여하려 한다’는 문의가 있습니다. 정비사업 동의·매도는 소유자 확정이 전제인 경우가 많아 상속 명의를 미루면 일정이 꼬일 수 ",457,dcaea56bf6c5b279
/안심상속원스톱서비스이후,"안심상속 원스톱서비스는 사망 후 금융·국세 등 일부 정보를 한곳에서 신청하는 데 도움이 됩니다. 다만 모든 재산과 채무를 완벽하게 확인해준다고 단정할 수 없습니다. 안심상속 원스톱서비스는 사망 후 금융·국세 등 일부 정보를 한곳에서 신청하는 데 도움이 됩니다. 다만 모든 재산과 채무를 완벽하게 확인해준다고 단정할 수 없습니다. 안심상속 원스톱서비스는 사망 후 금융·국세 등 일부 정보를 한곳에서 신청하는 데 도움이 됩니다. 다만 모든 재산과 채무를 완벽하게 확인해준다고 단정할 수 없습니다. 상담 시 확인하는 내용 안심상속 원스톱서비스 이후 사건은 서류·관할·기한에 따라 진행 순서가 달라집니다. 다옴법무사사무소는 부산 해운대구·센텀에서 상속등기·부동산등기·법인등기·개인회생·파산 등을 다루며, 의뢰인 상황에 맞춰 절차와 비용을 알기 쉽게 설명합니다. 불확실한 부분은 추측으로 단정하지 않고, 확인된 사실을 바탕으로 안내드립니다. 전화·카카오톡·네이버 톡톡으로 간단히 상황을 남겨 주시면 필요",162,73612a4ac3dcd6c2
/압류말소등기서류준비,"압류말소등기는 세무서·지자체·법원·채권자 등 기관 압류가 등기부에 남아 있을 때, 해제 후 말소를 반영하는 등기입니다. 가압류말소등기(보전처분 말소), 가압류 신청 서류 안내와 기관·서류·원인이 다릅니다. 압류말소등기는 세무서·지자체·법원·채권자 등 기관 압류가 등기부에 남아 있을 때, 해제 후 말소를 반영하는 등기입니다. 가압류말소등기(보전처분 말소), 가압류 신청 서류 안내와 기관·서류·원인이 다릅니다. 압류말소등기는 세무서·지자체·법원·채권자 등 기관 압류가 등기부에 남아 있을 때, 해제 후 말소를 반영하는 등기입니다. 가압류말소등기(보전처분 말소), 가압류 신청 서류 안내와 기관·서류·원인이 다릅니다. 상담 시 확인하는 내용 압류말소등기 서류 준비 사건은 서류·관할·기한에 따라 진행 순서가 달라집니다. 다옴법무사사무소는 부산 해운대구·센텀에서 상속등기·부동산등기·법인등기·개인회생·파산 등을 다루며, 의뢰인 상황에 맞춰 절차와 비용을 알기 쉽게 설명합니다. 불확실한 부분은 추측",170,a3d2f12ef1c7cd09
/양정동법무사,"양정동·양정역 생활권에서는 주택·상가 매매등기, 공동상속 후 명의 정리, 전세·임대 관련 등기 문의가 이어집니다. 서면·전포·개금과 맞닿은 부산진구 주거 밀집지입니다. 양정동·양정역 생활권에서는 주택·상가 매매등기, 공동상속 후 명의 정리, 전세·임대 관련 등기 문의가 이어집니다. 서면·전포·개금과 맞닿은 부산진구 주거 밀집지입니다. 양정동·양정역 생활권에서는 주택·상가 매매등기, 공동상속 후 명의 정리, 전세·임대 관련 등기 문의가 이어집니다. 서면·전포·개금과 맞닿은 부산진구 주거 밀집지입니다. 이 지역의 도시철도·전철에서 찾는 경우 도시철도·광역전철 역 이름으로 법무사 업무를 검색하셨다면, 아래 역 안내에서 생활권과 연결되는 업무 페이지로 이어가면 됩니다. 법률 절차 본문은 업무별 안내에서 확인하고, 여기서는 지역·접근·준비 시작점만 정리합니다. 양정역·양정동에서 등기를 준비하는 경우 1·2호선 환승인 양정역 생활권에서는 주택·상가 매매등기와 상속 명의이전, 잔금·대출 연동 등",380,1bb79a3b546f507e
/양정동상속등기,양정동 상속등기 문의는 소재지·채무·협의 상태에 따라 준비 순서가 달라집니다. 양정·개금 일대 주택·상가 등기 수요가 있는 동입니다. 피상속인 사망 후 부동산·토지 등기명의를 상속인 명의로 이전하는 절차입니다. 부산 전역 아파트·상가·토지 상속 사건을 다룹니다. 상담 시 서류·일정·비용 범위를 항목별로 안내합니다. 양정동 상속등기 문의는 소재지·채무·협의 상태에 따라 준비 순서가 달라집니다. 양정·개금 일대 주택·상가 등기 수요가 있는 동입니다. 피상속인 사망 후 부동산·토지 등기명의를 상속인 명의로 이전하는 절차입니다. 부산 전역 아파트·상가·토지 상속 사건을 다룹니다. 상담 시 서류·일정·비용 범위를 항목별로 안내합니다. 양정·개금 일대 주택·상가 등기 수요가 있는 동입니다. 피상속인 사망 후 부동산·토지 등기명의를 상속인 명의로 이전하는 절차입니다. 부산 전역 아파트·상가·토지 상속 사건을 다룹니다. 지역별 업무 상황 이미 소송·가압류가 있으면 등기 가능 시점부터 다시 설계합니,485,80b129da630071b0
/어업회사법인설립,"어업회사법인 설립은 해당 법률상 인증·인가 후 설립등기가 필요합니다. 어업권·입어 관련은 별도 확인이 필요합니다. 어업회사법인 설립은 해당 법률상 인증·인가 후 설립등기가 필요합니다. 어업권·입어 관련은 별도 확인이 필요합니다. 어업회사법인은 수산업 관련 법률에 따라 어업·수산 가공·유통 사업을 법인화하는 형태입니다. 상담 시 확인하는 내용 어업회사법인 설립 사건은 서류·관할·기한에 따라 진행 순서가 달라집니다. 다옴법무사사무소는 부산 해운대구·센텀에서 상속등기·부동산등기·법인등기·개인회생·파산 등을 다루며, 의뢰인 상황에 맞춰 절차와 비용을 알기 쉽게 설명합니다. 불확실한 부분은 추측으로 단정하지 않고, 확인된 사실을 바탕으로 안내드립니다. 전화·카카오톡·네이버 톡톡으로 간단히 상황을 남겨 주시면 필요한 준비부터 차분히 정리해 드리겠습니다. 어업회사법인 설립 상담은 어디서 받을 수 있나요? 다옴법무사사무소는 해운대구 센텀에 있으며, 부산 전역 사건을 전화·카카오톡·네이버 톡톡·방문",140,6d30ddf82c7a1669
/업무사례,"실제 상담 흐름을 참고할 수 있는 업무 사례와, 부산 구·군·동·생활권별 안내를 한곳에서 연결합니다. 실제 상담 흐름을 참고할 수 있는 업무 사례와, 부산 구·군·동·생활권별 안내를 한곳에서 연결합니다. 전체 사례 탐색기에서 카테고리·상황별 사례를 확인하고, 지역별 안내에서 구·군·동·생활권을 검색할 수 있습니다. 바로가기 목적에 맞는 경로를 선택해 주세요. 상담 시 확인하는 내용 업무 사례 사건은 서류·관할·기한에 따라 진행 순서가 달라집니다. 다옴법무사사무소는 부산 해운대구·센텀에서 상속등기·부동산등기·법인등기·개인회생·파산 등을 다루며, 의뢰인 상황에 맞춰 절차와 비용을 알기 쉽게 설명합니다. 불확실한 부분은 추측으로 단정하지 않고, 확인된 사실을 바탕으로 안내드립니다. 전화·카카오톡·네이버 톡톡으로 간단히 상황을 남겨 주시면 필요한 준비부터 차분히 정리해 드리겠습니다. 지역 페이지와 사례 탐색기는 무엇이 다른가요? 사례 탐색기는 실제 정리된 업무 사례를 카테고리로 찾습니다. ",150,fd6c6c939f4490d6
/업무사례/가평상속등기법무사,"가평은 관광·휴양 성격의 펜션·모텔형 건물과 임야·전원주택이 한 상속으로 들어오는 경우가 많습니다. 영업용 건물은 건축물대장·용도·근저당을, 임야는 지번·면적·공유지분 여부를 나눠 확인하는 것이 우선입니다. 상속인은 서울·수도권·지방에 거주하고 주말만 가평에 오던 피상속인의 부동산을 물려받는 패턴이 많아, 현장 방문 없이 협의분할과 위임을 진행할 수 있는지가 관건입니다. 계곡·하천 인근 토지는 경계·지적이 복잡할 수 있어 상담 시 지적도와 등기부를 대조합니다. 청평·자라섬·설악 등 생활권 명칭으로만 주소를 기억하고 있으면 행정구역·지번이 어긋날 수 있으므로 정확한 소재지를 먼저 확정합니다. 펜션에 영업 보증금·임차 계약이 남아 있으면 상속등기와 별도로 계약 승계 여부를 적어 두는 편이 좋습니다. 가평 북면·상면 임야는 공유지분·미등기 부분이 없는지 확인하고, 청평 호수 인근 전원주택은 경계 측량 이력이 있는지도 메모합니다. 영업용 펜션은 보증금·예약 현황을 상속등기와 별도로 정리합니",869,9e9d4b797e865425
/업무사례/강남구상속등기법무사,"강남구 상속등기를 검색하셔도 반드시 강남구에 사무소가 있어야 하는 것은 아닙니다. 고가 아파트·상가·오피스가 많고 상속인이 해외·지방에 거주하는 사례가 잦습니다. 상속인이 서울·부산·해외 등 다른 지역에 있어도, 협의분할·위임·등기부 확인을 한 사무소에서 정리할 수 있는지 먼저 검토합니다. 공과금과 법무사 보수를 구분해 안내하며, 가짜 실적이나 지점 존재를 표현하지 않습니다. 강남구 상속등기를 검색하셔도 반드시 강남구에 사무소가 있어야 하는 것은 아닙니다. 고가 아파트·상가·오피스가 많고 상속인이 해외·지방에 거주하는 사례가 잦습니다. 상속인이 서울·부산·해외 등 다른 지역에 있어도, 협의분할·위임·등기부 확인을 한 사무소에서 정리할 수 있는지 먼저 검토합니다. 공과금과 법무사 보수를 구분해 안내하며, 가짜 실적이나 지점 존재를 표현하지 않습니다. 강남구 상속등기를 검색하셔도 반드시 강남구에 사무소가 있어야 하는 것은 아닙니다. 고가 아파트·상가·오피스가 많고 상속인이 해외·지방에 ",507,53a23835bc801742
/업무사례/강동구상속등기법무사,"강동구는 고덕·강일 일대에 입주 시기가 다른 대단지 아파트가 몰려 있어, 상속받은 아파트가 최근 입주한 단지인지 오래된 단지인지에 따라 근저당·중도금대출 정리 여부를 다르게 확인해야 합니다. 상속인이 여러 명이면 협의분할 내용과 매도·전세 계획을 먼저 맞추는 것이 중요합니다. 상속인이 지방·해외에 거주해도 협의분할·위임·등기부 확인을 한 사무소에서 정리할 수 있는지 검토합니다. 다옴법무사사무소는 부산 해운대구에 있으며 강동구에 별도 지점이 있는 것은 아닙니다. 강동구는 고덕·강일 일대에 입주 시기가 다른 대단지 아파트가 몰려 있어, 상속받은 아파트가 최근 입주한 단지인지 오래된 단지인지에 따라 근저당·중도금대출 정리 여부를 다르게 확인해야 합니다. 상속인이 여러 명이면 협의분할 내용과 매도·전세 계획을 먼저 맞추는 것이 중요합니다. 상속인이 지방·해외에 거주해도 협의분할·위임·등기부 확인을 한 사무소에서 정리할 수 있는지 검토합니다. 다옴법무사사무소는 부산 해운대구에 있으며 강동구에",496,b3f41b15e3b6e7e4
/업무사례/강릉상속등기법무사,"강릉 상속등기를 검색하셔도 반드시 강릉에 사무소가 있어야 하는 것은 아닙니다. 연안·내륙 토지·주택·농지와 아파트 상속에서 상속인 타지역 거주가 흔합니다. 상속인이 서울·부산·해외 등 다른 지역에 있어도, 협의분할·위임·등기부 확인을 한 사무소에서 정리할 수 있는지 먼저 검토합니다. 공과금과 법무사 보수를 구분해 안내하며, 가짜 실적이나 지점 존재를 표현하지 않습니다. 강릉 상속등기를 검색하셔도 반드시 강릉에 사무소가 있어야 하는 것은 아닙니다. 연안·내륙 토지·주택·농지와 아파트 상속에서 상속인 타지역 거주가 흔합니다. 상속인이 서울·부산·해외 등 다른 지역에 있어도, 협의분할·위임·등기부 확인을 한 사무소에서 정리할 수 있는지 먼저 검토합니다. 공과금과 법무사 보수를 구분해 안내하며, 가짜 실적이나 지점 존재를 표현하지 않습니다. 강릉 상속등기를 검색하셔도 반드시 강릉에 사무소가 있어야 하는 것은 아닙니다. 연안·내륙 토지·주택·농지와 아파트 상속에서 상속인 타지역 거주가 흔합니",488,1f10bd6eb493580c
/업무사례/강서구법무사,"강서구에서 법무사 업무 사례와 상담 절차를 찾으시는 분을 위한 안내입니다. 명지·에코델타·녹산·신항 일대는 신도시와 산업·물류가 맞물려 신축 보존등기, 공장·창고 이전, 법인 설립·변경 문의가 많습니다. 강서구에서 법무사 업무 사례와 상담 절차를 찾으시는 분을 위한 안내입니다. 명지·에코델타·녹산·신항 일대는 신도시와 산업·물류가 맞물려 신축 보존등기, 공장·창고 이전, 법인 설립·변경 문의가 많습니다. 강서구에서 법무사 업무 사례와 상담 절차를 찾으시는 분을 위한 안내입니다. 명지·에코델타·녹산·신항 일대는 신도시와 산업·물류가 맞물려 신축 보존등기, 공장·창고 이전, 법인 설립·변경 문의가 많습니다. 강서구 일대에서는 항만 인근 토지·건축물 권리 확인 , 아파트·다세대 소유권이전등기 문의가 이어집니다. 다옴법무사사무소 안윤정 법무사는 부산 해운대·센텀에서 강서구 의뢰인의 상속등기·부동산등기·법인등기·개인회생 상담을 진행합니다. 확인되지 않은 실적이나 무조건적인 처리를 약속하지 않",440,6f09c3306476136e
/업무사례/강서구상속등기법무사,"강서구에서 김포공항 인근 아파트와 상가, 상속인이 경기·지방에 거주하는 경우가 많습니다. 다옴법무사사무소는 부산 해운대에 있으므로 강서구 지점이 있다는 뜻이 아닙니다. 초기 상담에서는 등기부·협의 개요·상속인 거주지만으로 진행 가능 범위를 설명하고, 원본이 필요한 단계는 수임 전에 구분합니다. 아파트·상가·토지가 섞여 있으면 목록표부터 작성하는 것이 누락을 줄입니다. 강서구에서 김포공항 인근 아파트와 상가, 상속인이 경기·지방에 거주하는 경우가 많습니다. 다옴법무사사무소는 부산 해운대에 있으므로 강서구 지점이 있다는 뜻이 아닙니다. 초기 상담에서는 등기부·협의 개요·상속인 거주지만으로 진행 가능 범위를 설명하고, 원본이 필요한 단계는 수임 전에 구분합니다. 아파트·상가·토지가 섞여 있으면 목록표부터 작성하는 것이 누락을 줄입니다. 강서구에서 김포공항 인근 아파트와 상가, 상속인이 경기·지방에 거주하는 경우가 많습니다. 다옴법무사사무소는 부산 해운대에 있으므로 강서구 지점이 있다는 뜻",454,a9e0caecf08132dd
/업무사례/강원상속등기법무사,토지·임야·농지와 주택이 함께 있는 경우가 많아 지번 확인이 중요합니다. 상속인이 수도권에 거주하는 상담도 많습니다. 토지·임야·농지와 주택이 함께 있는 경우가 많아 지번 확인이 중요합니다. 상속인이 수도권에 거주하는 상담도 많습니다. 토지·임야·농지와 주택이 함께 있는 경우가 많아 지번 확인이 중요합니다. 상속인이 수도권에 거주하는 상담도 많습니다. 강원 부동산 목록부터 맞추는 방법 토지·임야·농지와 주택이 함께 있는 경우가 많아 지번 확인이 중요합니다. 상속인이 수도권에 거주하는 상담도 많습니다. 안윤정 법무사 직접 확인 비대면 필요서류 안내 보수와 공과금 구분 접수·보정·완료 진행상황 공유 관할 특례와 법정 관할의 차이 강원 소재 부동산이어도 부산 해운대 사무소에서 관할 특례·비대면 서류 전달을 검토할 수 있습니다. 지점이 있다는 의미가 아닙니다. 농지·임야·주택이 함께 있는 경우: 지번·지목·면적 확인이 중요합니다. 목록을 먼저 작성한 뒤 협의분할과 신청 방식을 검토합니다. ,392,9c65ce95a27c416c
/업무사례/강화도상속등기법무사,"강화도 상속등기를 검색하셔도 반드시 강화도에 사무소가 있어야 하는 것은 아닙니다. 강화·옹진 토지·주택·농지 상속에서 필지 목록과 지목 확인이 중요합니다. 상속인이 서울·부산·해외 등 다른 지역에 있어도, 협의분할·위임·등기부 확인을 한 사무소에서 정리할 수 있는지 먼저 검토합니다. 공과금과 법무사 보수를 구분해 안내하며, 가짜 실적이나 지점 존재를 표현하지 않습니다. 강화도 상속등기를 검색하셔도 반드시 강화도에 사무소가 있어야 하는 것은 아닙니다. 강화·옹진 토지·주택·농지 상속에서 필지 목록과 지목 확인이 중요합니다. 상속인이 서울·부산·해외 등 다른 지역에 있어도, 협의분할·위임·등기부 확인을 한 사무소에서 정리할 수 있는지 먼저 검토합니다. 공과금과 법무사 보수를 구분해 안내하며, 가짜 실적이나 지점 존재를 표현하지 않습니다. 강화도 상속등기를 검색하셔도 반드시 강화도에 사무소가 있어야 하는 것은 아닙니다. 강화·옹진 토지·주택·농지 상속에서 필지 목록과 지목 확인이 중요합니",487,9c225bc33d37da66
/업무사례/거제상속등기법무사,"거제 부동산 상속등기 문의는 섬 지역 토지·주택 상속에서 상속인이 육지·부산에 거주하는 경우가 많습니다. 거리보다 관할 특례 적용 여부와 서류 수집 순서가 중요합니다. 부산 해운대 사무소에서 전화·카카오·우편으로 상담하며, 거제에 별도 출장 사무소는 운영하지 않습니다. 매도를 앞둔 물건이 있으면 협의분할과 신청 순서를 함께 맞춥니다. 채무가 함께 보이면 거제 상속포기 법무사 안내에서 포기·한정승인 순서를 먼저 확인하세요. 부산 연제구 ‘거제동’ 상속등기와는 지역이 다릅니다. 거제 부동산 상속등기 문의는 섬 지역 토지·주택 상속에서 상속인이 육지·부산에 거주하는 경우가 많습니다. 거리보다 관할 특례 적용 여부와 서류 수집 순서가 중요합니다. 부산 해운대 사무소에서 전화·카카오·우편으로 상담하며, 거제에 별도 출장 사무소는 운영하지 않습니다. 매도를 앞둔 물건이 있으면 협의분할과 신청 순서를 함께 맞춥니다. 채무가 함께 보이면 거제 상속포기 법무사 안내에서 포기·한정승인 순서를 먼저 확",520,9d1e2d79b98fbd60
/업무사례/거제상속포기법무사,"거제시에 아파트나 토지 같은 부동산이 있는데 피상속인의 채무가 정확히 확인되지 않으면, 상속등기를 서두르기보다 상속포기·한정승인 여부를 먼저 검토하는 것이 안전합니다. 조선업 관련 채무나 개인 간 보증처럼 등기부에 나타나지 않는 채무가 있을 수 있어, 재산과 채무를 함께 확인한 뒤 승인 방식을 정하는 순서가 필요합니다. 거제시는 경상남도에 있는 섬 지역 도시로, 부산 연제구의 거제동과는 다른 지역입니다. 검색 과정에서 혼동되는 경우가 있어 먼저 구분해 안내합니다. 상속포기·한정승인은 상속등기와 달리 관할 특례가 적용되지 않고 피상속인의 최후 주소지를 관할하는 가정법원에 신고하며, 거제시 거주 피상속인은 창원지방법원 통영지원이 관할인 경우가 많습니다. 상속인이 거제를 떠나 육지에 거주해도 서류는 사진·우편으로 먼저 준비할 수 있지만, 법원 제출 서류의 인감·서명 확인은 원본이 필요할 수 있습니다. 거제시에 아파트나 토지 같은 부동산이 있는데 피상속인의 채무가 정확히 확인되지 않으면, ",740,f72acf3313e750ad
/업무사례/거창상속등기법무사,"거창군은 경상남도 북부 내륙에 있어 부산에서 편도로도 두 시간 가까이 걸리는, 경남 안에서도 원거리에 속하는 지역입니다. 통영·거제 같은 해안 지역과 달리 섬이나 도서 이슈는 없지만, 내륙 산간지역 특유의 넓은 임야와 밭농사 필지가 상속재산에 섞여 있는 경우가 많고, 거리 때문에 왕복 방문 자체가 부담스러운 상속인이 대부분입니다. 이런 경우에는 처음부터 '몇 번 방문해야 하는지'를 먼저 설계하는 것이 중요합니다. 등기부등본·가족관계증명서 확인, 협의분할 내용 조율까지는 사진과 전화로 진행하고, 인감증명서나 본인서명사실확인서처럼 원본이 꼭 필요한 서류만 한 번에 모아 방문 한 번으로 끝내는 방식을 검토할 수 있습니다. 거창군의 부동산 등기는 거창등기소가 관할하며, 상속포기·한정승인 신고도 창원지방법원 거창지원에서 처리해 함양·합천과 달리 등기소와 가정법원 관할지가 같은 지역입니다. 다옴법무사사무소는 부산 해운대구에 있으며 거창에 별도 지점을 두고 있지 않지만, 상속등기는 부동산 소재지",832,e818bd77408f6379
/업무사례/경기광주상속등기법무사,"경기 광주 상속등기를 검색하다 보면 광주광역시 상속등기 안내와 뒤섞여 나오는 경우가 많습니다. 여기서 말하는 경기 광주는 경기도 광주시이며, 오포·곤지암 등 생활권별로 아파트·전원주택·농지가 함께 상속되는 사례가 흔합니다. 지역명이 같아 등기소·관할이 헷갈릴 수 있으므로 상담 초기에 정확한 소재지 행정구역부터 확인합니다. 상속인이 서울·수도권 등 다른 지역에 거주해도 협의분할·위임·등기부 확인을 한 사무소에서 정리할 수 있는지 검토합니다. 다옴법무사사무소는 부산 해운대구에 있으며 경기도 광주시에 별도 지점이 있는 것은 아닙니다. 경기 광주 상속등기를 검색하다 보면 광주광역시 상속등기 안내와 뒤섞여 나오는 경우가 많습니다. 여기서 말하는 경기 광주는 경기도 광주시이며, 오포·곤지암 등 생활권별로 아파트·전원주택·농지가 함께 상속되는 사례가 흔합니다. 지역명이 같아 등기소·관할이 헷갈릴 수 있으므로 상담 초기에 정확한 소재지 행정구역부터 확인합니다. 상속인이 서울·수도권 등 다른 지역에",526,cb48faa2c97effb2
/업무사례/경기상속등기법무사,"경기에서는 서로 다른 시에 아파트와 토지가 있는 경우, 신도시 아파트와 외곽 토지가 함께 있는 경우가 많습니다. 상속인 거주지가 서울·부산 등으로 갈라져도 한 사무소에서 목록을 관리할 수 있습니다. 경기에서는 서로 다른 시에 아파트와 토지가 있는 경우, 신도시 아파트와 외곽 토지가 함께 있는 경우가 많습니다. 상속인 거주지가 서울·부산 등으로 갈라져도 한 사무소에서 목록을 관리할 수 있습니다. 경기에서는 서로 다른 시에 아파트와 토지가 있는 경우, 신도시 아파트와 외곽 토지가 함께 있는 경우가 많습니다. 상속인 거주지가 서울·부산 등으로 갈라져도 한 사무소에서 목록을 관리할 수 있습니다. 다옴법무사사무소는 부산 해운대구에 있으며 경기에 별도 지점이 있는 것은 아닙니다. 관할 특례와 비대면 방식을 검토하여 경기 소재 부동산도 진행 바로 진행 방법을 안내합니다. 경기 부동산 목록부터 맞추는 방법 경기에서는 서로 다른 시에 아파트와 토지가 있는 경우, 신도시 아파트와 외곽 토지가 함께 있",488,8c67710892ef68db
/업무사례/경남공장공동근저당권,"경남 김해·양산·창원 등에 흩어진 공장·창고를 공동근저당권으로 묶거나, 기존 담보에 추가설정·일부해지를 하는 경우 등기부·선순위·금융 약정을 먼저 확인해야 합니다. 다옴법무사사무소는 부산 해운대구에 있으며 경남 지점은 없습니다. 상속 관할 특례와 달리 근저당은 법정관할·금융 약정을 따르며, 일반적인 상담 유형 기준으로 설정·변경·말소 순서를 안내합니다. 비대면 등기부 검토 후 방문·제출 단계를 구분합니다. 경남 김해·양산·창원 등에 흩어진 공장·창고를 공동근저당권으로 묶거나, 기존 담보에 추가설정·일부해지를 하는 경우 등기부·선순위·금융 약정을 먼저 확인해야 합니다. 다옴법무사사무소는 부산 해운대구에 있으며 경남 지점은 없습니다. 상속 관할 특례와 달리 근저당은 법정관할·금융 약정을 따르며, 일반적인 상담 유형 기준으로 설정·변경·말소 순서를 안내합니다. 비대면 등기부 검토 후 방문·제출 단계를 구분합니다. 경남 김해·양산·창원 등에 흩어진 공장·창고를 공동근저당권으로 묶거나, 기존",402,b8e0431c7c9dbd9f
/업무사례/경남법무사업무,"경남 김해·양산·창원 등에서 상속등기·법인등기·유증등기를 찾으셔도, 반드시 현지에 사무소가 있어야 하는 것은 아닙니다. 다옴법무사사무소는 부산 해운대구에 있으며 경남 각 시에 지점을 두고 있지 않습니다. 가까운 거리라 방문 상담을 원하시면 해운대 사무소로 오실 수 있고, 상속인이 타지역에 있거나 서류 정리가 우선이면 사진·우편·화상으로 비대면 진행도 가능합니다. 상속·유증은 관할 특례, 법인·회생은 법정관할을 구분해 안내합니다. 경남 김해·양산·창원 등에서 상속등기·법인등기·유증등기를 찾으셔도, 반드시 현지에 사무소가 있어야 하는 것은 아닙니다. 다옴법무사사무소는 부산 해운대구에 있으며 경남 각 시에 지점을 두고 있지 않습니다. 가까운 거리라 방문 상담을 원하시면 해운대 사무소로 오실 수 있고, 상속인이 타지역에 있거나 서류 정리가 우선이면 사진·우편·화상으로 비대면 진행도 가능합니다. 상속·유증은 관할 특례, 법인·회생은 법정관할을 구분해 안내합니다. 경남 김해·양산·창원 등에서 ",531,39d50b66839a2688
/업무사례/경남법인등기법무사,"경남 김해·양산·창원 소재 법인의 설립·임원변경·목적변경·본점이전 등기는 법정관할(본점 소재 등기소)을 따릅니다. 다옴법무사사무소는 부산 해운대구에 있으며 경남 지점은 없습니다. 상속·유증과 달리 관할 특례가 아닌 법정관할을 유지하며, 등기소·본점 위치에 맞는 절차를 일반적인 상담 유형 기준으로 안내합니다. 서류 사진·우편·화상으로 비대면 진행가 가능한 단계와 대표 방문이 필요한 단계를 구분합니다. 경남 김해·양산·창원 소재 법인의 설립·임원변경·목적변경·본점이전 등기는 법정관할(본점 소재 등기소)을 따릅니다. 다옴법무사사무소는 부산 해운대구에 있으며 경남 지점은 없습니다. 상속·유증과 달리 관할 특례가 아닌 법정관할을 유지하며, 등기소·본점 위치에 맞는 절차를 일반적인 상담 유형 기준으로 안내합니다. 서류 사진·우편·화상으로 비대면 진행가 가능한 단계와 대표 방문이 필요한 단계를 구분합니다. 경남 김해·양산·창원 소재 법인의 설립·임원변경·목적변경·본점이전 등기는 법정관할(본점 소",396,5ad25cb0d1421ef6
/업무사례/경남비대면상속안내,"김해·양산·창원처럼 부산과 가까운 지역은 물론, 통영·거제처럼 거리가 있는 지역까지 경남 각지에서 상속등기를 준비할 때 가장 먼저 궁금한 점은 '방문을 몇 번이나 해야 하는가'입니다. 이 페이지는 경남법무사업무 허브처럼 지역별 업무 목록을 나열하지 않고, 방문 없이 준비할 수 있는 단계와 원본이 필요한 단계를 구분하는 데에만 초점을 둡니다. 사망일·상속인 구성·부동산 소재지만 먼저 알려주시면 등기부등본·가족관계증명서를 사진이나 전자파일로 받아 개요를 검토할 수 있습니다. 다만 협의분할서에 필요한 인감증명서나 본인서명사실확인서, 통영·거제처럼 도서·원거리 지역의 토지대장·지적도 확인은 사건에 따라 원본 제출이나 추가 확인이 필요할 수 있어 모든 절차가 완전히 비대면으로 끝난다고 단정하지 않습니다. 다옴법무사사무소는 부산 해운대구에 있으며 김해·양산·창원·통영·거제 어디에도 경남 지점을 두고 있지 않습니다. 김해·양산·창원처럼 부산과 가까운 지역은 물론, 통영·거제처럼 거리가 있는 지역",725,293e85e1f8d13028
/업무사례/경남상속등기법무사,"김해 아파트, 양산 토지, 창원 상가처럼 경남 여러 지역에 상속부동산이 있더라도 부동산마다 다른 사무소를 찾기 전에 한 번에 진행할 수 있는지 검토할 수 있습니다. 상속등기의 관할 특례, 상속인 거주지와 부동산 수를 확인하여 적절한 신청 방법을 안내합니다. 김해 아파트, 양산 토지, 창원 상가처럼 경남 여러 지역에 상속부동산이 있더라도 부동산마다 다른 사무소를 찾기 전에 한 번에 진행할 수 있는지 검토할 수 있습니다. 상속등기의 관할 특례, 상속인 거주지와 부동산 수를 확인하여 적절한 신청 방법을 안내합니다. 김해 아파트, 양산 토지, 창원 상가처럼 경남 여러 지역에 상속부동산이 있더라도 부동산마다 다른 사무소를 찾기 전에 한 번에 진행할 수 있는지 검토할 수 있습니다. 상속등기의 관할 특례, 상속인 거주지와 부동산 수를 확인하여 적절한 신청 방법을 안내합니다. 다옴법무사사무소는 부산 해운대구에 있으며 경남에 별도 지점이 있는 것은 아닙니다. 관할 특례와 방문·비대면 진행 바로 진행",525,eb063eb32915e7ac
/업무사례/경남상속등기비용,"경남 김해·양산·창원 등 여러 지역 부동산 상속등기 비용은 법무사 보수, 등기 수수료, 취득세, 국민주택채권 등으로 나뉩니다. 다옴법무사사무소는 부산 해운대구에 있으며 경남에 지점이 있는 것은 아닙니다. 협의분할·법정지분·부동산 가액·상속인 수에 따라 달라지는 항목을 일반적인 상담 유형 기준으로 구분해 안내합니다. 방문·비대면 모두 동일한 견적 기준으로 검토하며, 여러 시·구 부동산은 목록으로 받아 일괄 견적 포인트를 설명합니다. 경남 김해·양산·창원 등 여러 지역 부동산 상속등기 비용은 법무사 보수, 등기 수수료, 취득세, 국민주택채권 등으로 나뉩니다. 다옴법무사사무소는 부산 해운대구에 있으며 경남에 지점이 있는 것은 아닙니다. 협의분할·법정지분·부동산 가액·상속인 수에 따라 달라지는 항목을 일반적인 상담 유형 기준으로 구분해 안내합니다. 방문·비대면 모두 동일한 견적 기준으로 검토하며, 여러 시·구 부동산은 목록으로 받아 일괄 견적 포인트를 설명합니다. 경남 김해·양산·창원 등 ",454,a0b77ea83fe4c691
/업무사례/경남여러필지토지상속,"경남 김해·양산·창원·읍·면에 조상 명의 토지가 여러 필지로 흩어져 있으면 상속등기 전 목록화가 중요합니다. 다옴법무사사무소는 부산 해운대구에 있으며 경남 지점은 없습니다. 지번·지목·면적을 표로 정리하고, 협의분할·순차 등기·취득세를 일반적인 상담 유형 기준으로 안내합니다. 등기부 다건 사진으로 비대면 개요 검토 후, 누락 필지가 없는지 확인합니다. 경남 김해·양산·창원·읍·면에 조상 명의 토지가 여러 필지로 흩어져 있으면 상속등기 전 목록화가 중요합니다. 다옴법무사사무소는 부산 해운대구에 있으며 경남 지점은 없습니다. 지번·지목·면적을 표로 정리하고, 협의분할·순차 등기·취득세를 일반적인 상담 유형 기준으로 안내합니다. 등기부 다건 사진으로 비대면 개요 검토 후, 누락 필지가 없는지 확인합니다. 경남 김해·양산·창원·읍·면에 조상 명의 토지가 여러 필지로 흩어져 있으면 상속등기 전 목록화가 중요합니다. 다옴법무사사무소는 부산 해운대구에 있으며 경남 지점은 없습니다. 지번·지목·면",408,f759302d9e7d34e2
/업무사례/경남오래된상속등기,"경남 김해·양산·창원 등에서 수십 년 전 부모·조부모 명의로 남아 있는 부동산이 상속·매각 전에 정리되어야 하는 경우가 많습니다. 다옴법무사사무소는 부산 해운대구에 있으며 경남 지점은 없습니다. 연쇄 상속·가족관계·등기부 현황을 먼저 확인하고, 일반적인 상담 유형 기준으로 순차 등기·협의분할 절차를 안내합니다. 방문·비대면 모두 등기부·가족관계 사본으로 개요 검토가 가능합니다. 경남 김해·양산·창원 등에서 수십 년 전 부모·조부모 명의로 남아 있는 부동산이 상속·매각 전에 정리되어야 하는 경우가 많습니다. 다옴법무사사무소는 부산 해운대구에 있으며 경남 지점은 없습니다. 연쇄 상속·가족관계·등기부 현황을 먼저 확인하고, 일반적인 상담 유형 기준으로 순차 등기·협의분할 절차를 안내합니다. 방문·비대면 모두 등기부·가족관계 사본으로 개요 검토가 가능합니다. 경남 김해·양산·창원 등에서 수십 년 전 부모·조부모 명의로 남아 있는 부동산이 상속·매각 전에 정리되어야 하는 경우가 많습니다. 다",417,355ce34fa7bbb480
/업무사례/경남유증등기법무사,"경남 김해·양산·창원 등 소재 부동산을 유언공정증서로 수증하는 유증등기는 상속등기와 서류·관할 검토 방식이 다릅니다. 다옴법무사사무소는 부산 해운대구에 있으며 경남 지점은 없습니다. 유언장·공정증서·수증·포기·한정승인 여부를 일반적인 상담 유형 기준으로 확인합니다. 상속·유증 모두 관할 특례 검토 대상이며, 방문·비대면으로 서류 개요를 먼저 검토합니다. 경남 김해·양산·창원 등 소재 부동산을 유언공정증서로 수증하는 유증등기는 상속등기와 서류·관할 검토 방식이 다릅니다. 다옴법무사사무소는 부산 해운대구에 있으며 경남 지점은 없습니다. 유언장·공정증서·수증·포기·한정승인 여부를 일반적인 상담 유형 기준으로 확인합니다. 상속·유증 모두 관할 특례 검토 대상이며, 방문·비대면으로 서류 개요를 먼저 검토합니다. 경남 김해·양산·창원 등 소재 부동산을 유언공정증서로 수증하는 유증등기는 상속등기와 서류·관할 검토 방식이 다릅니다. 다옴법무사사무소는 부산 해운대구에 있으며 경남 지점은 없습니다. ",377,33c7b1a9354256ff
/업무사례/경남조부모명의토지상속,"경남 읍·면·리에 조부모 명의 토지가 남아 있고 부모님도 사망한 연쇄 상속 사례는 가족관계·상속순위 정리가 핵심입니다. 다옴법무사사무소는 부산 해운대구에 있으며 경남 지점은 없습니다. 조부모→부모→손자녀 순 연쇄 등기가 필요한지, 협의분할이 가능한지 일반적인 상담 유형 기준으로 검토합니다. 등기부·가족관계 사본으로 비대면 개요 확인 후, 원본 단계만 방문·우편을 안내합니다. 경남 읍·면·리에 조부모 명의 토지가 남아 있고 부모님도 사망한 연쇄 상속 사례는 가족관계·상속순위 정리가 핵심입니다. 다옴법무사사무소는 부산 해운대구에 있으며 경남 지점은 없습니다. 조부모→부모→손자녀 순 연쇄 등기가 필요한지, 협의분할이 가능한지 일반적인 상담 유형 기준으로 검토합니다. 등기부·가족관계 사본으로 비대면 개요 확인 후, 원본 단계만 방문·우편을 안내합니다. 경남 읍·면·리에 조부모 명의 토지가 남아 있고 부모님도 사망한 연쇄 상속 사례는 가족관계·상속순위 정리가 핵심입니다. 다옴법무사사무소는 부",407,af4ca092e735e05c
/업무사례/경북농지상속등기,"경북 안동·예천·김천 등 농지·답·과수원 상속등기는 지목·면적·농지법 여부에 따라 취득세와 절차가 달라집니다. 다옴법무사사무소는 부산 해운대구에 있으며 경북에 지점이 있는 것은 아닙니다. 여러 읍·면에 흩어진 농지와 주택·아파트가 함께 상속되는 경우도 일반적인 상담 유형으로 목록·협의·서류를 정리합니다. 부산과 거리가 있어도 등기부 사진으로 비대면 개요 상담이 가능하고, 방문을 원하시면 해운대 사무소로 오실 수 있습니다. 경북 안동·예천·김천 등 농지·답·과수원 상속등기는 지목·면적·농지법 여부에 따라 취득세와 절차가 달라집니다. 다옴법무사사무소는 부산 해운대구에 있으며 경북에 지점이 있는 것은 아닙니다. 여러 읍·면에 흩어진 농지와 주택·아파트가 함께 상속되는 경우도 일반적인 상담 유형으로 목록·협의·서류를 정리합니다. 부산과 거리가 있어도 등기부 사진으로 비대면 개요 상담이 가능하고, 방문을 원하시면 해운대 사무소로 오실 수 있습니다. 경북 안동·예천·김천 등 농지·답·과수원 상",410,34708d787d85bf92
/업무사례/경북법무사업무,"경북 안동·예천·김천·칠곡·포항·구미 등 22개 시·군에서 상속등기·토지·농지·임야·법인등기를 찾으셔도, 반드시 현지에 사무소가 있어야 하는 것은 아닙니다. 다옴법무사사무소는 부산 해운대구에 있으며 경북 각 시·군에 지점을 두고 있지 않습니다. 부산과 거리가 있어도 등기부·가족관계 서류를 사진·우편·화상으로 먼저 검토하는 비대면 상담이 가능하고, 방문을 원하시면 해운대 사무소로 오실 수 있습니다. 군위는 행정상 대구 관할이므로 경북 페이지에 포함하지 않습니다. 경북 안동·예천·김천·칠곡·포항·구미 등 22개 시·군에서 상속등기·토지·농지·임야·법인등기를 찾으셔도, 반드시 현지에 사무소가 있어야 하는 것은 아닙니다. 다옴법무사사무소는 부산 해운대구에 있으며 경북 각 시·군에 지점을 두고 있지 않습니다. 부산과 거리가 있어도 등기부·가족관계 서류를 사진·우편·화상으로 먼저 검토하는 비대면 상담이 가능하고, 방문을 원하시면 해운대 사무소로 오실 수 있습니다. 군위는 행정상 대구 관할이므로",487,b9f68a8e8b164654
/업무사례/경북법인등기법무사,"경북 포항·구미·안동·김천 등 소재 법인의 설립·임원변경·목적변경·본점이전 등기는 법정관할(본점 소재 등기소)을 따릅니다. 다옴법무사사무소는 부산 해운대구에 있으며 경북 지점은 없습니다. 상속·유증과 달리 관할 특례가 아닌 법정관할을 유지하며, 등기소·본점 위치에 맞는 절차를 일반적인 상담 유형 기준으로 안내합니다. 부산과 거리가 있어도 서류 사진·우편·화상으로 비대면 진행가 가능한 단계와 대표 방문이 필요한 단계를 구분합니다. 경북 포항·구미·안동·김천 등 소재 법인의 설립·임원변경·목적변경·본점이전 등기는 법정관할(본점 소재 등기소)을 따릅니다. 다옴법무사사무소는 부산 해운대구에 있으며 경북 지점은 없습니다. 상속·유증과 달리 관할 특례가 아닌 법정관할을 유지하며, 등기소·본점 위치에 맞는 절차를 일반적인 상담 유형 기준으로 안내합니다. 부산과 거리가 있어도 서류 사진·우편·화상으로 비대면 진행가 가능한 단계와 대표 방문이 필요한 단계를 구분합니다. 경북 포항·구미·안동·김천 등",404,16438208e11c1943
/업무사례/경북상속등기법무사,포항·구미·경산처럼 산업·주거 도시가 나뉜 경우 아파트와 토지 목록을 분리해 확인합니다. 포항·구미·경산처럼 산업·주거 도시가 나뉜 경우 아파트와 토지 목록을 분리해 확인합니다. 포항·구미·경산처럼 산업·주거 도시가 나뉜 경우 아파트와 토지 목록을 분리해 확인합니다. 경북 상속등기 가능 여부부터 확인하기 포항·구미·경산처럼 산업·주거 도시가 나뉜 경우 아파트와 토지 목록을 분리해 확인합니다. 안윤정 법무사 직접 확인 비대면 필요서류 안내 보수와 공과금 구분 접수·보정·완료 진행상황 공유 부산 해운대 사무소에 비대면으로 맡기는 이유 경북 소재 부동산이어도 부산 해운대 사무소에서 관할 특례·비대면 서류 전달을 검토할 수 있습니다. 지점이 있다는 의미가 아닙니다. 같은 권역 안에서도 구·시가 나뉜 부동산: 여러 구·시에 아파트·상가가 있으면 목록·등기부·시가를 한 표로 모아 누락을 줄입니다. 협의분할을 부동산마다 다르게 둘지도 처음부터 맞춥니다. 아파트와 토지를 함께 상속받은 경우: 주거,381,fcac2c89e1484844
/업무사례/경북상속등기비용,"경북 22개 시·군에 나뉜 토지·농지·임야·아파트 상속등기 비용은 법무사 보수, 등기 수수료, 취득세, 국민주택채권 등으로 나뉩니다. 다옴법무사사무소는 부산 해운대구에 있으며 경북에 지점이 있는 것은 아닙니다. 협의분할·법정지분·부동산 가액·상속인 수·필지 수에 따라 달라지는 항목을 일반적인 상담 유형 기준으로 구분해 안내합니다. 부산과 거리가 있어도 등기부 사진으로 비대면 견적 개요가 가능합니다. 경북 22개 시·군에 나뉜 토지·농지·임야·아파트 상속등기 비용은 법무사 보수, 등기 수수료, 취득세, 국민주택채권 등으로 나뉩니다. 다옴법무사사무소는 부산 해운대구에 있으며 경북에 지점이 있는 것은 아닙니다. 협의분할·법정지분·부동산 가액·상속인 수·필지 수에 따라 달라지는 항목을 일반적인 상담 유형 기준으로 구분해 안내합니다. 부산과 거리가 있어도 등기부 사진으로 비대면 견적 개요가 가능합니다. 경북 22개 시·군에 나뉜 토지·농지·임야·아파트 상속등기 비용은 법무사 보수, 등기 수수",413,bbdb32ed1a9af47b
/업무사례/경북상속등기필요서류,"경북 22개 시·군 토지·농지·임야·아파트 상속등기에 필요한 서류는 상속인 수·협의분할 여부·필지 수에 따라 달라집니다. 다옴법무사사무소는 부산 해운대구에 있으며 경북에 지점이 있는 것은 아닙니다. 등기부등본, 가족관계·기본·혼인관계증명, 인감증명·위임장, 협의분할서 등 일반적인 상담 유형 기준 체크리스트를 안내합니다. 부산과 거리가 있어도 서류 사진으로 비대면 개요 확인 후 누락 항목을 짚어 드리며, 원본이 필요한 단계는 방문·우편으로 구분합니다. 경북 22개 시·군 토지·농지·임야·아파트 상속등기에 필요한 서류는 상속인 수·협의분할 여부·필지 수에 따라 달라집니다. 다옴법무사사무소는 부산 해운대구에 있으며 경북에 지점이 있는 것은 아닙니다. 등기부등본, 가족관계·기본·혼인관계증명, 인감증명·위임장, 협의분할서 등 일반적인 상담 유형 기준 체크리스트를 안내합니다. 부산과 거리가 있어도 서류 사진으로 비대면 개요 확인 후 누락 항목을 짚어 드리며, 원본이 필요한 단계는 방문·우편으로",425,1f718bb2af5161ea
/업무사례/경북오래된상속등기,"경북에서 수십 년 전 사망·미등기 상태로 남은 토지·농지·주택 상속등기는 가족관계·등기부·지적 확인부터 다시 정리해야 합니다. 다옴법무사사무소는 부산 해운대구에 있으며 경북에 지점이 있는 것은 아닙니다. 오래된 사망일·호적·가족관계 변동·다필지 누락이 섞인 경우도 일반적인 상담 유형으로 절차를 안내합니다. 부산과 거리가 있어도 등기부·가족관계 사진으로 비대면 개요 상담이 가능하고, 방문은 해운대 사무소에서 진행합니다. 경북에서 수십 년 전 사망·미등기 상태로 남은 토지·농지·주택 상속등기는 가족관계·등기부·지적 확인부터 다시 정리해야 합니다. 다옴법무사사무소는 부산 해운대구에 있으며 경북에 지점이 있는 것은 아닙니다. 오래된 사망일·호적·가족관계 변동·다필지 누락이 섞인 경우도 일반적인 상담 유형으로 절차를 안내합니다. 부산과 거리가 있어도 등기부·가족관계 사진으로 비대면 개요 상담이 가능하고, 방문은 해운대 사무소에서 진행합니다. 경북에서 수십 년 전 사망·미등기 상태로 남은 토지",405,ec2873e187101a52
/업무사례/경북임야상속등기,경북 안동·예천·영주 등 산간 지역 임야·유임·무임 상속등기는 필지 수·지목·면적에 따라 취득세와 서류가 달라집니다. 다옴법무사사무소는 부산 해운대구에 있으며 경북에 지점이 있는 것은 아닙니다. 등기부에 없는 임야나 조부모 명의 산림이 섞인 경우도 일반적인 상담 유형으로 누락 방지 절차를 안내합니다. 부산과 거리가 있어도 등기부·지적 사진으로 비대면 개요 상담이 가능합니다. 경북 안동·예천·영주 등 산간 지역 임야·유임·무임 상속등기는 필지 수·지목·면적에 따라 취득세와 서류가 달라집니다. 다옴법무사사무소는 부산 해운대구에 있으며 경북에 지점이 있는 것은 아닙니다. 등기부에 없는 임야나 조부모 명의 산림이 섞인 경우도 일반적인 상담 유형으로 누락 방지 절차를 안내합니다. 부산과 거리가 있어도 등기부·지적 사진으로 비대면 개요 상담이 가능합니다. 경북 안동·예천·영주 등 산간 지역 임야·유임·무임 상속등기는 필지 수·지목·면적에 따라 취득세와 서류가 달라집니다. 다옴법무사사무소는 부산,412,0d5b52ee858cb655
/업무사례/경북조부모명의토지상속,경북 안동·예천·김천 등에서 조부모·할아버지·할머니 명의로 남은 토지·농지·임야를 상속받으려면 등기부·지적·가족관계를 먼저 맞춰야 합니다. 다옴법무사사무소는 부산 해운대구에 있으며 경북에 지점이 있는 것은 아닙니다. 등기부에 없는 필지·명의 불일치·다필지 누락이 섞인 경우도 일반적인 상담 유형으로 확인 방법과 상속 순서를 안내합니다. 부산과 거리가 있어도 등기부·호적·가족관계 사진으로 비대면 개요 상담이 가능합니다. 경북 안동·예천·김천 등에서 조부모·할아버지·할머니 명의로 남은 토지·농지·임야를 상속받으려면 등기부·지적·가족관계를 먼저 맞춰야 합니다. 다옴법무사사무소는 부산 해운대구에 있으며 경북에 지점이 있는 것은 아닙니다. 등기부에 없는 필지·명의 불일치·다필지 누락이 섞인 경우도 일반적인 상담 유형으로 확인 방법과 상속 순서를 안내합니다. 부산과 거리가 있어도 등기부·호적·가족관계 사진으로 비대면 개요 상담이 가능합니다. 경북 안동·예천·김천 등에서 조부모·할아버지·할머니 명,405,60c486e95a1d2234
/업무사례/경북토지상속등기,"경북 22개 시·군에 흩어진 토지·답·대지 상속등기는 필지 수·지목·면적에 따라 취득세와 서류가 달라집니다. 다옴법무사사무소는 부산 해운대구에 있으며 경북에 지점이 있는 것은 아닙니다. 등기부에 없는 필지나 조부모 명의 토지가 섞인 경우도 일반적인 상담 유형으로 누락 방지 절차를 안내합니다. 군위는 대구 관할이므로 경북 페이지에 포함하지 않으며, 부산과 거리가 있어도 등기부 사진으로 비대면 개요 상담이 가능합니다. 경북 22개 시·군에 흩어진 토지·답·대지 상속등기는 필지 수·지목·면적에 따라 취득세와 서류가 달라집니다. 다옴법무사사무소는 부산 해운대구에 있으며 경북에 지점이 있는 것은 아닙니다. 등기부에 없는 필지나 조부모 명의 토지가 섞인 경우도 일반적인 상담 유형으로 누락 방지 절차를 안내합니다. 군위는 대구 관할이므로 경북 페이지에 포함하지 않으며, 부산과 거리가 있어도 등기부 사진으로 비대면 개요 상담이 가능합니다. 경북 22개 시·군에 흩어진 토지·답·대지 상속등기는 필지",438,2bf3e80b5794d6ce
/업무사례/경산상속등기법무사,"경산 상속등기를 검색하셔도 반드시 경산에 사무소가 있어야 하는 것은 아닙니다. 대구 인접 아파트 상속에서 관할·비대면 절차를 먼저 검토합니다. 상속인이 서울·부산·해외 등 다른 지역에 있어도, 협의분할·위임·등기부 확인을 한 사무소에서 정리할 수 있는지 먼저 검토합니다. 공과금과 법무사 보수를 구분해 안내하며, 가짜 실적이나 지점 존재를 표현하지 않습니다. 경북 여러 지역 부동산이 함께 있으면 경상도 비대면 상속등기 안내도 참고해 보세요. 경산 상속등기를 검색하셔도 반드시 경산에 사무소가 있어야 하는 것은 아닙니다. 대구 인접 아파트 상속에서 관할·비대면 절차를 먼저 검토합니다. 상속인이 서울·부산·해외 등 다른 지역에 있어도, 협의분할·위임·등기부 확인을 한 사무소에서 정리할 수 있는지 먼저 검토합니다. 공과금과 법무사 보수를 구분해 안내하며, 가짜 실적이나 지점 존재를 표현하지 않습니다. 경북 여러 지역 부동산이 함께 있으면 경상도 비대면 상속등기 안내도 참고해 보세요. 경산 상",485,0affed49f411e64b
/업무사례/경주상속등기법무사,"경주에서 역사도시 주택·토지·농지와 아파트가 섞인 상속에서 필지 누락을 줄입니다. 다옴법무사사무소는 부산 해운대에 있으므로 경주 지점이 있다는 뜻이 아닙니다. 초기 상담에서는 등기부·협의 개요·상속인 거주지만으로 진행 가능 범위를 설명하고, 원본이 필요한 단계는 수임 전에 구분합니다. 아파트·상가·토지가 섞여 있으면 목록표부터 작성하는 것이 누락을 줄입니다. 조부모 명의로 여러 세대 정리되지 않은 토지가 있으면 경주 오래된 토지 상속등기 안내를 참고해 보세요. 경주에서 역사도시 주택·토지·농지와 아파트가 섞인 상속에서 필지 누락을 줄입니다. 다옴법무사사무소는 부산 해운대에 있으므로 경주 지점이 있다는 뜻이 아닙니다. 초기 상담에서는 등기부·협의 개요·상속인 거주지만으로 진행 가능 범위를 설명하고, 원본이 필요한 단계는 수임 전에 구분합니다. 아파트·상가·토지가 섞여 있으면 목록표부터 작성하는 것이 누락을 줄입니다. 조부모 명의로 여러 세대 정리되지 않은 토지가 있으면 경주 오래된 토",515,dcf379ea384396b4
/업무사례/경주오래된토지상속등기,"경주는 오랜 역사를 지닌 도시답게 조부모, 심지어 증조부모 명의로 몇 대에 걸쳐 정리되지 않은 채 남아 있는 토지가 상속 상담에 자주 등장합니다. 한 필지에 여러 세대의 상속인이 얽혀 있고 그중 일부는 이미 사망해 다시 상속이 이루어진 경우, 각 세대별로 가족관계증명서와 제적등본을 모두 확인해야 정확한 상속인 범위를 확정할 수 있습니다. 등기부상 소유자 이름과 실제 경작·거주하는 사람이 다른 경우도 많고, 지목이 논·밭에서 대지로 바뀌었는데 등기부에는 반영되지 않은 필지도 발견되곤 합니다. 다옴법무사사무소는 부산 해운대구에 있으며 경주에 별도 지점을 두고 있지 않지만, 상속등기는 부동산 소재지 기준 관할 특례가 적용될 수 있어 해운대 사무소에서 상담부터 신청까지 진행 가능한지 사건별로 검토합니다. 여러 세대가 얽힌 경우 가계도부터 정리하는 것이 순서를 명확히 하는 데 도움이 됩니다. 경주는 오랜 역사를 지닌 도시답게 조부모, 심지어 증조부모 명의로 몇 대에 걸쳐 정리되지 않은 채 남",701,141cda2d2bde8bf2
/업무사례/고령성주상속등기법무사,"고령군은 대가야읍을 중심으로 딸기 시설재배가 활발한 대구 서부 인접 군이고, 성주군은 참외로 유명한 농업 지역입니다. 부모님이 고령에서 딸기 하우스를, 성주에서 참외 밭을 함께 운영하시다 돌아가시면 두 군 농지와 하우스·주택이 한 상속재산에 섞이는 경우가 많습니다. 시설재배 농지는 일반 노지 농지보다 부대시설 확인이 많아, 처음부터 하우스·저장고·주택을 필지 목록에 함께 올리는 것이 중요합니다. 고령 부동산 등기는 고령등기소, 성주는 성주등기소가 관할하며, 두 등기소 모두 대구지방법원 서부지원 소속으로 안내되는 경우가 많아 인접 군 묶음 검토에 적합합니다. 상속포기·한정승인 신고도 서부지원(고령·성주) 기준으로 확인하는 경우가 많습니다. 시설하우스·비닐하우스는 건축물대장 등재 여부와 지목(전·과수원·잡종지 등)이 실제 이용과 다른 경우가 있어, 등기부만으로 판단하지 않고 건축물대장·토지이용계획확인서를 함께 보는 것이 안전합니다. 상속인이 대구·부산 등 인근 도시에 거주해도 농장까지 ",928,f557e55c6a774865
/업무사례/고성군상속등기법무사,"'고성'이라는 지명은 대한민국에 두 곳이 있습니다. 하나는 경상남도 고성군으로 통영·거제와 인접한 남해안 지역이고, 다른 하나는 강원도 고성군으로 동해안 최북단 접경 지역입니다. 두 지역은 거리도 멀고 관할 법원·등기소도 전혀 다르기 때문에, 검색으로 고성 상속등기를 찾으신다면 어느 고성인지부터 확인하는 것이 중요합니다. 이 페이지는 경상남도 고성군을 기준으로 안내합니다. 경남 고성군은 어촌 주택과 농지·전원주택이 함께 상속되는 경우가 많고, 상속인은 통영·거제·부산 등 인근 도시나 수도권에 거주하는 경우가 흔합니다. 다옴법무사사무소는 부산 해운대구에 있으며 고성에 별도 지점을 두고 있지 않지만, 상속등기는 부동산 소재지 기준 관할 특례가 적용될 수 있어 해운대 사무소에서 상담부터 신청까지 진행 가능한지 사건별로 검토합니다. 어촌 주택이나 농지가 섞인 경우 지목과 진입로부터 확인하는 것이 중요하며, 상속인이 타지역에 있어도 서류를 사진으로 먼저 검토할 수 있습니다. '고성'이라는 지",783,2a0f90157a5a35c7
/업무사례/고양상속등기법무사,"고양 부동산 상속등기 문의는 일산·덕양 생활권과 토지·주택이 섞인 상속 목록 정리가 중요합니다. 거리보다 관할 특례 적용 여부와 서류 수집 순서가 중요합니다. 부산 해운대 사무소에서 전화·카카오·우편으로 상담하며, 고양에 별도 출장 사무소는 운영하지 않습니다. 매도를 앞둔 물건이 있으면 협의분할과 신청 순서를 함께 맞춥니다. 고양 부동산 상속등기 문의는 일산·덕양 생활권과 토지·주택이 섞인 상속 목록 정리가 중요합니다. 거리보다 관할 특례 적용 여부와 서류 수집 순서가 중요합니다. 부산 해운대 사무소에서 전화·카카오·우편으로 상담하며, 고양에 별도 출장 사무소는 운영하지 않습니다. 매도를 앞둔 물건이 있으면 협의분할과 신청 순서를 함께 맞춥니다. 고양 부동산 상속등기 문의는 일산·덕양 생활권과 토지·주택이 섞인 상속 목록 정리가 중요합니다. 거리보다 관할 특례 적용 여부와 서류 수집 순서가 중요합니다. 부산 해운대 사무소에서 전화·카카오·우편으로 상담하며, 고양에 별도 출장 사무소는",484,5fa93ddda26e9d51
/업무사례/공주상속등기법무사,"공주는 구도심 단독·다가구·근린상가와 시외곽 농지·임야가 한 상속 사건으로 묶이는 경우가 많습니다. 오래된 주택은 등기부와 건축물대장 표시가 다를 수 있고, 농지는 여러 필지로 흩어져 면적 누락이 생기기 쉬워 목록 작성이 먼저입니다. 상속인이 세종·대전·서울·부산에 거주하며 공주에만 부동산이 남은 패턴이 흔해, 비대면으로 협의분할·인감·위임을 진행할 수 있는지 검토합니다. 신관·금학 일대 아파트와 구도심 주택을 함께 물려받은 경우에도 집합건물과 일반건물을 구분해 확인합니다. 역사·문화재 인근 토지나 오래전 분할된 필지는 지적과 등기 표시를 초기에 대조하는 편이 안전합니다. 상가에 임차인이 있으면 보증금·계약 기간을 메모해 두면 이후 명의 이전 논의가 단순해집니다. 공주 웅진·탄천 외곽 농지와 신관 아파트가 함께이면 집합건물과 농지를 완전히 분리해 확인합니다. 구도심 상가는 임차인 보증금 목록을 협의분할 전에 적어 두면 분쟁 소지를 줄일 수 있습니다. 공주 소재 부동산만 상속받고 상속",883,7c81cc51618b74c0
/업무사례/관악구상속등기법무사,"관악구는 신림·봉천 일대 다세대·빌라 밀집 지역으로, 아파트보다 상속인 수가 많고 지분이 잘게 나뉘어 협의가 오래 걸리는 상담이 흔합니다. 건물이 오래된 경우 등기부와 건축물대장 표시가 다를 수 있어 확인이 먼저 필요하고, 임대 중인 세대가 있으면 임대차 승계 여부도 함께 검토합니다. 상속인이 여러 지역에 흩어져 있어도 위임·협의 서류를 비대면으로 정리할 수 있는지 확인합니다. 다옴법무사사무소는 부산 해운대구에 있으며 관악구에 별도 지점이 있는 것은 아닙니다. 관악구는 신림·봉천 일대 다세대·빌라 밀집 지역으로, 아파트보다 상속인 수가 많고 지분이 잘게 나뉘어 협의가 오래 걸리는 상담이 흔합니다. 건물이 오래된 경우 등기부와 건축물대장 표시가 다를 수 있어 확인이 먼저 필요하고, 임대 중인 세대가 있으면 임대차 승계 여부도 함께 검토합니다. 상속인이 여러 지역에 흩어져 있어도 위임·협의 서류를 비대면으로 정리할 수 있는지 확인합니다. 다옴법무사사무소는 부산 해운대구에 있으며 관악구에",508,6e02cecb646bd6d4
/업무사례/광교상속등기법무사,"광교는 하나의 생활권으로 불리지만 행정구역상 수원시 영통구와 용인시 수지구에 걸쳐 있어, 아파트가 정확히 어느 시에 속하는지에 따라 담당 등기소와 관할이 달라질 수 있습니다. 광교호수공원 인근 아파트와 상가가 함께 상속되는 경우도 많아 부동산별로 소재지를 먼저 정리합니다. 상속인이 수도권 밖에 거주해도 협의분할·위임을 한 사무소에서 검토할 수 있는지 확인합니다. 다옴법무사사무소는 부산 해운대구에 있으며 광교에 별도 지점이 있는 것은 아닙니다. 광교는 하나의 생활권으로 불리지만 행정구역상 수원시 영통구와 용인시 수지구에 걸쳐 있어, 아파트가 정확히 어느 시에 속하는지에 따라 담당 등기소와 관할이 달라질 수 있습니다. 광교호수공원 인근 아파트와 상가가 함께 상속되는 경우도 많아 부동산별로 소재지를 먼저 정리합니다. 상속인이 수도권 밖에 거주해도 협의분할·위임을 한 사무소에서 검토할 수 있는지 확인합니다. 다옴법무사사무소는 부산 해운대구에 있으며 광교에 별도 지점이 있는 것은 아닙니다. ",499,8d0fb5b82f76e19d
/업무사례/광명상속등기법무사,"광명 상속등기를 검색하셔도 반드시 광명에 사무소가 있어야 하는 것은 아닙니다. 철산·하안 일대 아파트·상가 상속에서 협의·위임 일정 조율이 핵심입니다. 상속인이 서울·부산·해외 등 다른 지역에 있어도, 협의분할·위임·등기부 확인을 한 사무소에서 정리할 수 있는지 먼저 검토합니다. 공과금과 법무사 보수를 구분해 안내하며, 가짜 실적이나 지점 존재를 표현하지 않습니다. 광명 상속등기를 검색하셔도 반드시 광명에 사무소가 있어야 하는 것은 아닙니다. 철산·하안 일대 아파트·상가 상속에서 협의·위임 일정 조율이 핵심입니다. 상속인이 서울·부산·해외 등 다른 지역에 있어도, 협의분할·위임·등기부 확인을 한 사무소에서 정리할 수 있는지 먼저 검토합니다. 공과금과 법무사 보수를 구분해 안내하며, 가짜 실적이나 지점 존재를 표현하지 않습니다. 광명 상속등기를 검색하셔도 반드시 광명에 사무소가 있어야 하는 것은 아닙니다. 철산·하안 일대 아파트·상가 상속에서 협의·위임 일정 조율이 핵심입니다. 상속인",472,bdc1867a63297122
/업무사례/광양상속등기법무사,"광양은 제철소·공단이 발달한 산업도시로, 공단 인근 상가·공장 부지 상속 문의가 아파트 상속만큼 많습니다. 여수·순천과 생활권이 가깝다 보니 부동산 소재지를 혼동해 검색하는 경우가 있어 상담 초기에 정확한 행정구역부터 확인합니다. 산업용 부동산은 임대차·근저당이 걸려 있는 경우가 흔해 등기부 확인이 먼저입니다. 상속인이 수도권 등 타지역에 거주해도 협의분할·위임을 한 사무소에서 정리할 수 있는지 검토합니다. 다옴법무사사무소는 부산 해운대구에 있으며 광양에 별도 지점이 있는 것은 아닙니다. 광양은 제철소·공단이 발달한 산업도시로, 공단 인근 상가·공장 부지 상속 문의가 아파트 상속만큼 많습니다. 여수·순천과 생활권이 가깝다 보니 부동산 소재지를 혼동해 검색하는 경우가 있어 상담 초기에 정확한 행정구역부터 확인합니다. 산업용 부동산은 임대차·근저당이 걸려 있는 경우가 흔해 등기부 확인이 먼저입니다. 상속인이 수도권 등 타지역에 거주해도 협의분할·위임을 한 사무소에서 정리할 수 있는지 검",523,c388441924fbe8fd
/업무사례/광주상속등기법무사,광주광역시 상속부동산도 보수와 공과금을 구분해 안내합니다. 상속인이 타지역에 있어도 협의 방식을 확인할 수 있습니다. 광주광역시 상속부동산도 보수와 공과금을 구분해 안내합니다. 상속인이 타지역에 있어도 협의 방식을 확인할 수 있습니다. 광주광역시 상속부동산도 보수와 공과금을 구분해 안내합니다. 상속인이 타지역에 있어도 협의 방식을 확인할 수 있습니다. 다옴법무사사무소는 부산 해운대구에 있으며 광주에 별도 지점이 있는 것은 아닙니다. 광주 부동산 목록부터 맞추는 방법 광주광역시 상속부동산도 보수와 공과금을 구분해 안내합니다. 상속인이 타지역에 있어도 협의 방식을 확인할 수 있습니다. 안윤정 법무사 직접 확인 비대면 필요서류 안내 보수와 공과금 구분 접수·보정·완료 진행상황 공유 관할 특례와 법정 관할의 차이 광주 소재 부동산이어도 부산 해운대 사무소에서 관할 특례·비대면 서류 전달을 검토할 수 있습니다. 지점이 있다는 의미가 아닙니다. 상속인이 서로 다른 지역에 거주하는 경우: 부동산,366,76a8814447541437
/업무사례/구로구상속등기법무사,"구로구는 구로디지털단지 인근 지식산업센터·공장 건물과 주거용 아파트·빌라가 함께 있는 지역으로, 상속받은 부동산이 업무용인지 주거용인지에 따라 임대차·근저당 확인 항목이 달라집니다. 지식산업센터는 구분소유·관리단 규약을 함께 확인해야 하는 경우가 있어 아파트 상속과는 서류가 다를 수 있습니다. 상속인이 타지역에 거주해도 협의분할·위임을 한 사무소에서 정리할 수 있는지 검토합니다. 다옴법무사사무소는 부산 해운대구에 있으며 구로구에 별도 지점이 있는 것은 아닙니다. 구로구는 구로디지털단지 인근 지식산업센터·공장 건물과 주거용 아파트·빌라가 함께 있는 지역으로, 상속받은 부동산이 업무용인지 주거용인지에 따라 임대차·근저당 확인 항목이 달라집니다. 지식산업센터는 구분소유·관리단 규약을 함께 확인해야 하는 경우가 있어 아파트 상속과는 서류가 다를 수 있습니다. 상속인이 타지역에 거주해도 협의분할·위임을 한 사무소에서 정리할 수 있는지 검토합니다. 다옴법무사사무소는 부산 해운대구에 있으며 구로",481,7f4b839522e21537
/업무사례/구리상속등기법무사,"구리는 서울 노원·중랑·강동과 경계를 맞대고 있어 실제로는 구리시 소재 부동산인데도 서울 관할로 착각하는 경우가 있습니다. 소형 단독·다세대 주택 상속이 많고, 오래전 등기된 건물은 등기부와 건축물대장 표시가 다를 수 있어 먼저 확인이 필요합니다. 상속인이 서울에 거주해 방문이 쉬운 경우에도 협의분할·위임 서류를 비대면으로 정리할 수 있는지 검토합니다. 다옴법무사사무소는 부산 해운대구에 있으며 구리에 별도 지점이 있는 것은 아닙니다. 구리는 서울 노원·중랑·강동과 경계를 맞대고 있어 실제로는 구리시 소재 부동산인데도 서울 관할로 착각하는 경우가 있습니다. 소형 단독·다세대 주택 상속이 많고, 오래전 등기된 건물은 등기부와 건축물대장 표시가 다를 수 있어 먼저 확인이 필요합니다. 상속인이 서울에 거주해 방문이 쉬운 경우에도 협의분할·위임 서류를 비대면으로 정리할 수 있는지 검토합니다. 다옴법무사사무소는 부산 해운대구에 있으며 구리에 별도 지점이 있는 것은 아닙니다. 구리는 서울 노원·",512,a674e7d8f67ee718
/업무사례/구미상속등기법무사,"구미 부동산 상속등기 문의는 산업도시 아파트·토지 상속에서 상속인 간 거주지가 갈라진 경우가 흔합니다. 거리보다 관할 특례 적용 여부와 서류 수집 순서가 중요합니다. 부산 해운대 사무소에서 전화·카카오·우편으로 상담하며, 구미에 별도 출장 사무소는 운영하지 않습니다. 매도를 앞둔 물건이 있으면 협의분할과 신청 순서를 함께 맞춥니다. 경북 여러 지역 부동산이 함께 있으면 경상도 비대면 상속등기 안내도 참고해 보세요. 구미 부동산 상속등기 문의는 산업도시 아파트·토지 상속에서 상속인 간 거주지가 갈라진 경우가 흔합니다. 거리보다 관할 특례 적용 여부와 서류 수집 순서가 중요합니다. 부산 해운대 사무소에서 전화·카카오·우편으로 상담하며, 구미에 별도 출장 사무소는 운영하지 않습니다. 매도를 앞둔 물건이 있으면 협의분할과 신청 순서를 함께 맞춥니다. 경북 여러 지역 부동산이 함께 있으면 경상도 비대면 상속등기 안내도 참고해 보세요. 구미 부동산 상속등기 문의는 산업도시 아파트·토지 상속에서",479,391248317ddb6d57
/업무사례/구미에서부산법인본점이전,"구미 소재 법인 본점을 부산 해운대·수영·강서 등으로 이전할 때 등기·세무·관할 등기소 변경을 순서대로 진행해야 합니다. 다옴법무사사무소는 부산 해운대구에 있으며 구미·경북 지점은 없습니다. 법인 본점이전은 법정관할 절차이며 상속 관할 특례와 다릅니다. 일반적인 상담 유형 기준으로 주주결의·정관 수정·등기·세무 신고를 안내하고, 부산과 거리가 있어도 서류 사진으로 비대면 진행가 가능합니다. 구미 소재 법인 본점을 부산 해운대·수영·강서 등으로 이전할 때 등기·세무·관할 등기소 변경을 순서대로 진행해야 합니다. 다옴법무사사무소는 부산 해운대구에 있으며 구미·경북 지점은 없습니다. 법인 본점이전은 법정관할 절차이며 상속 관할 특례와 다릅니다. 일반적인 상담 유형 기준으로 주주결의·정관 수정·등기·세무 신고를 안내하고, 부산과 거리가 있어도 서류 사진으로 비대면 진행가 가능합니다. 구미 소재 법인 본점을 부산 해운대·수영·강서 등으로 이전할 때 등기·세무·관할 등기소 변경을 순서대로 진행",400,1afde1290ccbfa06
/업무사례/군산상속등기법무사,"군산 상속등기를 검색하셔도 반드시 군산에 사무소가 있어야 하는 것은 아닙니다. 항만·구도심 상가와 아파트·토지가 함께 상속되는 경우가 많습니다. 상속인이 서울·부산·해외 등 다른 지역에 있어도, 협의분할·위임·등기부 확인을 한 사무소에서 정리할 수 있는지 먼저 검토합니다. 공과금과 법무사 보수를 구분해 안내하며, 가짜 실적이나 지점 존재를 표현하지 않습니다. 군산 상속등기를 검색하셔도 반드시 군산에 사무소가 있어야 하는 것은 아닙니다. 항만·구도심 상가와 아파트·토지가 함께 상속되는 경우가 많습니다. 상속인이 서울·부산·해외 등 다른 지역에 있어도, 협의분할·위임·등기부 확인을 한 사무소에서 정리할 수 있는지 먼저 검토합니다. 공과금과 법무사 보수를 구분해 안내하며, 가짜 실적이나 지점 존재를 표현하지 않습니다. 군산 상속등기를 검색하셔도 반드시 군산에 사무소가 있어야 하는 것은 아닙니다. 항만·구도심 상가와 아파트·토지가 함께 상속되는 경우가 많습니다. 상속인이 서울·부산·해외 등",463,afb46d152260b664
/업무사례/군포상속등기법무사,"군포는 산본 신도시 대단지 아파트와 재건축·다가구·근린상가가 한 상속 사건 안에 섞이는 경우가 많습니다. 집합건물인 아파트는 등기부·대지권·관리비 정산 여부를 확인하고, 다가구·단독은 건축물대장과 실제 호실 표시가 일치하는지부터 맞춰 보는 것이 우선입니다. 산본역·금정 생활권에 거주하던 피상속인의 부동산을 서울·수원·부산에 흩어진 상속인이 물려받는 사례도 흔해, 협의분할·인감·위임장을 한곳에서 모을 수 있는지가 관건이 됩니다. 군포와 안양·의왕 경계에 가까운 지번이면 행정구역을 잘못 적어 등기소 관할을 혼동하기 쉬우므로 주소와 지번을 상담 초기에 확정합니다. 상가에 임차인이 남아 있거나 근저당이 말소되지 않은 상태라면 상속등기 전에 채권·계약 현황도 함께 적어 두는 편이 이후 매각·명의 이전 논의를 단순하게 만듭니다. 산본 대단지에서는 동일 단지 내 여러 호를 동시에 상속받는 경우도 있어 호실별로 등기부와 근저당 잔액을 나눠 적어 두면 협의분할 비율을 맞출 때 혼선이 줄어듭니다. 금",906,086e82a425de0fd4
/업무사례/금정구법무사,"금정구에서 법무사 업무 사례와 상담 절차를 찾으시는 분을 위한 안내입니다. 부산대·장전·구서·노포 생활권으로 대학가 임대·주거 매매, 상속등기, 인근 공업지역 관련 법인·부동산 문의가 있습니다. 금정구에서 법무사 업무 사례와 상담 절차를 찾으시는 분을 위한 안내입니다. 부산대·장전·구서·노포 생활권으로 대학가 임대·주거 매매, 상속등기, 인근 공업지역 관련 법인·부동산 문의가 있습니다. 금정구에서 법무사 업무 사례와 상담 절차를 찾으시는 분을 위한 안내입니다. 부산대·장전·구서·노포 생활권으로 대학가 임대·주거 매매, 상속등기, 인근 공업지역 관련 법인·부동산 문의가 있습니다. 금정구 일대에서는 교직원·학생 가족의 상속·이전 상담 , 아파트·다세대 소유권이전등기 문의가 이어집니다. 다옴법무사사무소 안윤정 법무사는 부산 해운대·센텀에서 금정구 의뢰인의 상속등기·부동산등기·법인등기·개인회생 상담을 진행합니다. 확인되지 않은 실적이나 무조건적인 처리를 약속하지 않으며, 서류와 일정을 확인",434,d6d0116e4a2b93bf
/업무사례/기장군법무사,"기장군에서 법무사 업무 사례와 상담 절차를 찾으시는 분을 위한 안내입니다. 정관·일광·오시리아 등 신도시·관광·산업단지가 있어 신축·분양 관련 등기, 상속, 입주 기업 법인등기 상담이 이뤄집니다. 기장군에서 법무사 업무 사례와 상담 절차를 찾으시는 분을 위한 안내입니다. 정관·일광·오시리아 등 신도시·관광·산업단지가 있어 신축·분양 관련 등기, 상속, 입주 기업 법인등기 상담이 이뤄집니다. 기장군에서 법무사 업무 사례와 상담 절차를 찾으시는 분을 위한 안내입니다. 정관·일광·오시리아 등 신도시·관광·산업단지가 있어 신축·분양 관련 등기, 상속, 입주 기업 법인등기 상담이 이뤄집니다. 기장군 일대에서는 숙박·상가 등 관광 상권 부동산등기 , 소규모 점포 권리와 소유권 정리 문의가 이어집니다. 다옴법무사사무소 안윤정 법무사는 부산 해운대·센텀에서 기장군 의뢰인의 상속등기·부동산등기·법인등기·개인회생 상담을 진행합니다. 확인되지 않은 실적이나 무조건적인 처리를 약속하지 않으며, 서류와 일",434,f4b43dab92de11e1
/업무사례/김천상속등기법무사,"경북 김천시 아파트·토지·공장·창고 상속등기를 검색하셔도 해당 지역 소재 사무소만 찾을 필요는 없습니다. 다옴법무사사무소는 부산 해운대구에 있으며 김천에 별도 지점이 없습니다. 김천 도심 아파트와 외곽 농지·공장이 함께 상속되는 경우도 서류 목록부터 정리합니다. 부산과 거리가 있어도 등기부·가족관계 서류 사진으로 비대면 개요 상담이 가능하고, 방문을 원하시면 해운대 사무소로 오실 수 있습니다. 경북 김천시 아파트·토지·공장·창고 상속등기를 검색하셔도 해당 지역 소재 사무소만 찾을 필요는 없습니다. 다옴법무사사무소는 부산 해운대구에 있으며 김천에 별도 지점이 없습니다. 김천 도심 아파트와 외곽 농지·공장이 함께 상속되는 경우도 서류 목록부터 정리합니다. 부산과 거리가 있어도 등기부·가족관계 서류 사진으로 비대면 개요 상담이 가능하고, 방문을 원하시면 해운대 사무소로 오실 수 있습니다. 경북 김천시 아파트·토지·공장·창고 상속등기를 검색하셔도 해당 지역 소재 사무소만 찾을 필요는 없습니",411,b3fa272462aa5f2f
/업무사례/김포상속등기법무사,"김포에서 한강 신도시 아파트와 농지·토지가 섞인 상속에서 목록을 먼저 작성합니다. 다옴법무사사무소는 부산 해운대에 있으므로 김포 지점이 있다는 뜻이 아닙니다. 초기 상담에서는 등기부·협의 개요·상속인 거주지만으로 진행 가능 범위를 설명하고, 원본이 필요한 단계는 수임 전에 구분합니다. 아파트·상가·토지가 섞여 있으면 목록표부터 작성하는 것이 누락을 줄입니다. 김포에서 한강 신도시 아파트와 농지·토지가 섞인 상속에서 목록을 먼저 작성합니다. 다옴법무사사무소는 부산 해운대에 있으므로 김포 지점이 있다는 뜻이 아닙니다. 초기 상담에서는 등기부·협의 개요·상속인 거주지만으로 진행 가능 범위를 설명하고, 원본이 필요한 단계는 수임 전에 구분합니다. 아파트·상가·토지가 섞여 있으면 목록표부터 작성하는 것이 누락을 줄입니다. 김포에서 한강 신도시 아파트와 농지·토지가 섞인 상속에서 목록을 먼저 작성합니다. 다옴법무사사무소는 부산 해운대에 있으므로 김포 지점이 있다는 뜻이 아닙니다. 초기 상담에서",459,83d95ece066ea4ae
/업무사례/김해거주부산부동산상속,김해·장유에 거주하면서 부산 해운대·수영·기장 등 부산 소재 부동산만 상속받는 경우가 많습니다. 다옴법무사사무소는 부산 해운대구에 있으며 김해 지점은 없습니다. 김해 거주 상속인도 부산 사무소 방문 또는 비대면 위임으로 상담부터 신청까지 진행합니다. 일반적인 상담 유형으로 부산·김해 부동산이 함께 있을 때 목록·협의·취득세를 묶어 안내합니다. 김해·장유에 거주하면서 부산 해운대·수영·기장 등 부산 소재 부동산만 상속받는 경우가 많습니다. 다옴법무사사무소는 부산 해운대구에 있으며 김해 지점은 없습니다. 김해 거주 상속인도 부산 사무소 방문 또는 비대면 위임으로 상담부터 신청까지 진행합니다. 일반적인 상담 유형으로 부산·김해 부동산이 함께 있을 때 목록·협의·취득세를 묶어 안내합니다. 김해·장유에 거주하면서 부산 해운대·수영·기장 등 부산 소재 부동산만 상속받는 경우가 많습니다. 다옴법무사사무소는 부산 해운대구에 있으며 김해 지점은 없습니다. 김해 거주 상속인도 부산 사무소 방문 또는 ,403,d5769230613eccf2
/업무사례/김해법인등기법무사,"김해·장유·율하 소재 법인의 설립등기·임원변경·목적변경·본점이전은 김해 본점 관할 등기소 법정관할을 따릅니다. 다옴법무사사무소는 부산 해운대구에 있으며 김해 지점은 없습니다. 상속등기와 달리 관할 특례가 아니므로 등기소·본점 위치에 맞는 절차를 일반적인 상담 유형 기준으로 안내합니다. 부산과 가까워 방문·비대면 선택이 가능하며, 김해→부산·부산→김해 본점이전 전용 페이지도 참고하세요. 김해·장유·율하 소재 법인의 설립등기·임원변경·목적변경·본점이전은 김해 본점 관할 등기소 법정관할을 따릅니다. 다옴법무사사무소는 부산 해운대구에 있으며 김해 지점은 없습니다. 상속등기와 달리 관할 특례가 아니므로 등기소·본점 위치에 맞는 절차를 일반적인 상담 유형 기준으로 안내합니다. 부산과 가까워 방문·비대면 선택이 가능하며, 김해→부산·부산→김해 본점이전 전용 페이지도 참고하세요. 김해·장유·율하 소재 법인의 설립등기·임원변경·목적변경·본점이전은 김해 본점 관할 등기소 법정관할을 따릅니다. 다옴법무",386,5a1bcf26e9aba587
/업무사례/김해상속등기법무사,"김해는 부산과 가까워 방문 상담을 원하는 경우와, 장유·율하·진영에 부동산이 흩어진 경우를 자주 문의합니다. 아파트와 토지·공장이 함께 있으면 목록과 매도 일정을 먼저 맞춥니다. 상속인이 부산·타지역에 있어도 한 사무소에서 검토할 수 있는지 안내하며, 김해 지점은 없습니다. 김해는 부산과 가까워 방문 상담을 원하는 경우와, 장유·율하·진영에 부동산이 흩어진 경우를 자주 문의합니다. 아파트와 토지·공장이 함께 있으면 목록과 매도 일정을 먼저 맞춥니다. 상속인이 부산·타지역에 있어도 한 사무소에서 검토할 수 있는지 안내하며, 김해 지점은 없습니다. 김해는 부산과 가까워 방문 상담을 원하는 경우와, 장유·율하·진영에 부동산이 흩어진 경우를 자주 문의합니다. 아파트와 토지·공장이 함께 있으면 목록과 매도 일정을 먼저 맞춥니다. 상속인이 부산·타지역에 있어도 한 사무소에서 검토할 수 있는지 안내하며, 김해 지점은 없습니다. 다옴법무사사무소는 부산 해운대구에 있으며 김해에 별도 지점이 있는 것",537,498893ad56a2ff0f
/업무사례/김해상속등기비용,"김해·장유·율하 아파트·토지·상가 상속등기 비용은 협의분할 방식과 부동산 가액에 따라 달라집니다. 다옴법무사사무소는 부산 해운대구에 있으며 김해에 별도 지점이 없습니다. 법무사 보수, 등기 수수료, 취득세, 국민주택채권을 구분해 일반적인 상담 유형 기준으로 견적 포인트를 안내합니다. 부산과 가까워 방문 견적도 가능하고, 등기부 사진만으로 비대면 개요 견적도 검토합니다. 김해·장유·율하 아파트·토지·상가 상속등기 비용은 협의분할 방식과 부동산 가액에 따라 달라집니다. 다옴법무사사무소는 부산 해운대구에 있으며 김해에 별도 지점이 없습니다. 법무사 보수, 등기 수수료, 취득세, 국민주택채권을 구분해 일반적인 상담 유형 기준으로 견적 포인트를 안내합니다. 부산과 가까워 방문 견적도 가능하고, 등기부 사진만으로 비대면 개요 견적도 검토합니다. 김해·장유·율하 아파트·토지·상가 상속등기 비용은 협의분할 방식과 부동산 가액에 따라 달라집니다. 다옴법무사사무소는 부산 해운대구에 있으며 김해에 별도",398,e86acfdc79c226be
/업무사례/김해상속등기필요서류,"김해·장유·율하 부동산 상속등기 필요서류는 상속인 수, 협의분할 여부, 포기·한정승인 검토에 따라 달라집니다. 다옴법무사사무소는 부산 해운대구에 있으며 김해에 지점이 있는 것은 아닙니다. 등기부등본, 가족·기본·혼인관계증명, 인감·위임, 협의분할서 등을 상속인별로 정리해 일반적인 상담 유형 기준으로 목록을 안내합니다. 서류 사진으로 비대면 개요 확인 후, 원본이 필요한 단계만 방문·우편을 안내합니다. 김해·장유·율하 부동산 상속등기 필요서류는 상속인 수, 협의분할 여부, 포기·한정승인 검토에 따라 달라집니다. 다옴법무사사무소는 부산 해운대구에 있으며 김해에 지점이 있는 것은 아닙니다. 등기부등본, 가족·기본·혼인관계증명, 인감·위임, 협의분할서 등을 상속인별로 정리해 일반적인 상담 유형 기준으로 목록을 안내합니다. 서류 사진으로 비대면 개요 확인 후, 원본이 필요한 단계만 방문·우편을 안내합니다. 김해·장유·율하 부동산 상속등기 필요서류는 상속인 수, 협의분할 여부, 포기·한정승인 ",415,6361a9413053981f
/업무사례/김해에서부산법인본점이전,"김해·장유 소재 법인 본점을 부산 해운대·수영 등으로 이전할 때 등기·세무·관할 등기소 변경 순서를 맞춰야 합니다. 다옴법무사사무소는 부산 해운대구에 있으며 김해 지점은 없습니다. 상속·유증의 관할 특례와 달리 법인 본점이전은 법정관할을 따르며, 일반적인 상담 유형 기준으로 주주결의·정관·등기·세무 신고 포인트를 안내합니다. 비대면 서류 검토 후 제출·방문 단계를 구분합니다. 김해·장유 소재 법인 본점을 부산 해운대·수영 등으로 이전할 때 등기·세무·관할 등기소 변경 순서를 맞춰야 합니다. 다옴법무사사무소는 부산 해운대구에 있으며 김해 지점은 없습니다. 상속·유증의 관할 특례와 달리 법인 본점이전은 법정관할을 따르며, 일반적인 상담 유형 기준으로 주주결의·정관·등기·세무 신고 포인트를 안내합니다. 비대면 서류 검토 후 제출·방문 단계를 구분합니다. 김해·장유 소재 법인 본점을 부산 해운대·수영 등으로 이전할 때 등기·세무·관할 등기소 변경 순서를 맞춰야 합니다. 다옴법무사사무소는 부",400,8b22e568ca24837d
/업무사례/나주정읍상속등기법무사,"나주와 정읍은 전남·전북에 걸쳐 호남 생활권으로 검색되지만, 행정구역과 등기 관할은 시마다 다릅니다. 나주 혁신도시·빛가람 아파트와 구도심 주택, 정읍 농지·과수원·소형 상가가 한 피상속인 명의로 남아 있으면 시·부동산 종류별로 목록을 나눕니다. 상속인이 광주·전주·서울·부산에 흩어져 있는 경우가 많아 현장 방문 없이 협의분할과 위임을 맞출 수 있는지가 핵심입니다. 정읍 농지는 필지 수가 많고 나주 아파트는 근저당·관리비 여부를 등기부에서 확인합니다. 전남과 전북을 넘는 상속이라도 주소지별로 관할을 따로 적어 두면 서류 누락을 줄일 수 있습니다. 과수원·축사 부지가 포함되면 지목과 실제 사용을 메모해 이후 매각·임대 논의에 활용합니다. 나주 빛가람과 정읍 내장·신태인처럼 생활권이 멀면 주소록을 시·읍면별로 나눕니다. 전남·전북을 넘는 상속이라도 각 부동산의 관할을 따로 적어 서류 누락을 막습니다. 나주 아파트와 정읍 농지를 한 상속으로 묶을 때는 호남 생활권으로만 보지 말고 시·지목",852,3f52997739cf6ad3
/업무사례/남구법무사,"남구에서 법무사 업무 사례와 상담 절차를 찾으시는 분을 위한 안내입니다. 문현금융단지·대학가·용호 주거지가 함께 있어 법인등기, 오피스·주택 매매등기, 상속 관련 문의가 고루 들어오는 편입니다. 남구에서 법무사 업무 사례와 상담 절차를 찾으시는 분을 위한 안내입니다. 문현금융단지·대학가·용호 주거지가 함께 있어 법인등기, 오피스·주택 매매등기, 상속 관련 문의가 고루 들어오는 편입니다. 남구에서 법무사 업무 사례와 상담 절차를 찾으시는 분을 위한 안내입니다. 문현금융단지·대학가·용호 주거지가 함께 있어 법인등기, 오피스·주택 매매등기, 상속 관련 문의가 고루 들어오는 편입니다. 남구 일대에서는 법인 임원변경·본점이전등기 , 금융 일정과 맞춘 근저당 설정·말소 문의가 이어집니다. 다옴법무사사무소 안윤정 법무사는 부산 해운대·센텀에서 남구 의뢰인의 상속등기·부동산등기·법인등기·개인회생 상담을 진행합니다. 확인되지 않은 실적이나 무조건적인 처리를 약속하지 않으며, 서류와 일정을 확인한 뒤",432,fb83d792feaf8264
/업무사례/남동구상속등기법무사,"남동구에서 구월·간석 아파트·상가 상속에서 등기부와 협의분할을 함께 맞춥니다. 다옴법무사사무소는 부산 해운대에 있으므로 남동구 지점이 있다는 뜻이 아닙니다. 초기 상담에서는 등기부·협의 개요·상속인 거주지만으로 진행 가능 범위를 설명하고, 원본이 필요한 단계는 수임 전에 구분합니다. 아파트·상가·토지가 섞여 있으면 목록표부터 작성하는 것이 누락을 줄입니다. 남동구에서 구월·간석 아파트·상가 상속에서 등기부와 협의분할을 함께 맞춥니다. 다옴법무사사무소는 부산 해운대에 있으므로 남동구 지점이 있다는 뜻이 아닙니다. 초기 상담에서는 등기부·협의 개요·상속인 거주지만으로 진행 가능 범위를 설명하고, 원본이 필요한 단계는 수임 전에 구분합니다. 아파트·상가·토지가 섞여 있으면 목록표부터 작성하는 것이 누락을 줄입니다. 남동구에서 구월·간석 아파트·상가 상속에서 등기부와 협의분할을 함께 맞춥니다. 다옴법무사사무소는 부산 해운대에 있으므로 남동구 지점이 있다는 뜻이 아닙니다. 초기 상담에서는 등",442,f65e7c97f1eee1e5
/업무사례/남양주상속등기법무사,"남양주 부동산 상속등기 문의는 별내·다산 신도시와 외곽 주택·토지가 함께 있는 상속이 많습니다. 거리보다 관할 특례 적용 여부와 서류 수집 순서가 중요합니다. 부산 해운대 사무소에서 전화·카카오·우편으로 상담하며, 남양주에 별도 출장 사무소는 운영하지 않습니다. 매도를 앞둔 물건이 있으면 협의분할과 신청 순서를 함께 맞춥니다. 남양주 부동산 상속등기 문의는 별내·다산 신도시와 외곽 주택·토지가 함께 있는 상속이 많습니다. 거리보다 관할 특례 적용 여부와 서류 수집 순서가 중요합니다. 부산 해운대 사무소에서 전화·카카오·우편으로 상담하며, 남양주에 별도 출장 사무소는 운영하지 않습니다. 매도를 앞둔 물건이 있으면 협의분할과 신청 순서를 함께 맞춥니다. 남양주 부동산 상속등기 문의는 별내·다산 신도시와 외곽 주택·토지가 함께 있는 상속이 많습니다. 거리보다 관할 특례 적용 여부와 서류 수집 순서가 중요합니다. 부산 해운대 사무소에서 전화·카카오·우편으로 상담하며, 남양주에 별도 출장 사",493,3acce82ee8880b05
/업무사례/남원상속등기법무사,"남원은 시내 단독·다가구·근린상가와 지리산·운봉 인근 농지·임야·펜션형 건물이 한 상속으로 들어오는 경우가 많습니다. 관광·주거·농업이 섞인 부동산은 용도와 지목을 구분해 등기부를 확인해야 하며, 오래된 주택은 건축물대장과 표시가 어긋날 수 있습니다. 상속인이 전주·광주·서울·부산에 거주하고 남원에만 부동산이 남은 패턴이 흔해, 비대면으로 협의분할·위임을 진행할 수 있는지부터 검토합니다. 여러 필지 농지는 면적·지번 누락을 초기에 잡고, 상가는 임대차·근저당 잔존 여부를 확인합니다. 운봉·인월·산내면 등 생활권 명칭만으로 주소를 기억하면 행정구역이 헷갈릴 수 있어 지번과 우편번호를 함께 받습니다. 펜션·민박형 건물은 영업용인지 일반주택인지에 따라 확인 서류가 달라지므로 용도를 메모합니다. 남원 도통·향교 시내와 운봉·아영 외곽을 한 사건으로 묶을 때는 생활권별로 부동산 종류를 표시합니다. 지리산 인근 임야는 경계·공유지분을 초기에 확인하고 펜션은 영업용 여부를 구분해 둡니다. 남원만",824,e6bd170fda34f107
/업무사례/남해상속등기법무사,"남해군은 남해대교와 노량대교로 육지와 연결되어 있지만 부산에서는 왕복 이동에 시간이 걸리는 섬 지역입니다. 귀어·귀농으로 마련한 전원주택이나 조상 대대로 내려온 농지·임야가 상속재산에 포함되는 경우가 많고, 상속인은 남해를 떠나 부산·진주·수도권 등에 거주하는 경우가 흔합니다. 다옴법무사사무소는 부산 해운대구에 있으며 남해에 별도 지점을 두고 있지 않지만, 상속등기는 부동산 소재지 기준 관할 특례가 적용될 수 있어 해운대 사무소에서 상담부터 신청까지 진행 가능한지 사건별로 검토합니다. 전원주택은 건축물대장과 등기부 내용이 다른 경우가 있고, 다랭이논처럼 경사진 농지나 마늘밭 등은 실제 경작 현황과 지적도가 차이 날 수 있어 별도 확인이 필요할 수 있습니다. 남해까지 매번 방문하기 부담스러운 상속인은 등기부등본·가족관계증명서 사진으로 먼저 개요를 확인할 수 있고, 원본이 필요한 서류는 그 시점에 미리 안내합니다. 남해군은 남해대교와 노량대교로 육지와 연결되어 있지만 부산에서는 왕복 이",759,d220fec2374099c7
/업무사례/노원구상속등기법무사,"노원구 부동산 상속등기 문의는 대단지 아파트 위주 상속에서 상속인 간 협의·위임 정리가 핵심입니다. 거리보다 관할 특례 적용 여부와 서류 수집 순서가 중요합니다. 부산 해운대 사무소에서 전화·카카오·우편으로 상담하며, 노원구에 별도 출장 사무소는 운영하지 않습니다. 매도를 앞둔 물건이 있으면 협의분할과 신청 순서를 함께 맞춥니다. 노원구 부동산 상속등기 문의는 대단지 아파트 위주 상속에서 상속인 간 협의·위임 정리가 핵심입니다. 거리보다 관할 특례 적용 여부와 서류 수집 순서가 중요합니다. 부산 해운대 사무소에서 전화·카카오·우편으로 상담하며, 노원구에 별도 출장 사무소는 운영하지 않습니다. 매도를 앞둔 물건이 있으면 협의분할과 신청 순서를 함께 맞춥니다. 노원구 부동산 상속등기 문의는 대단지 아파트 위주 상속에서 상속인 간 협의·위임 정리가 핵심입니다. 거리보다 관할 특례 적용 여부와 서류 수집 순서가 중요합니다. 부산 해운대 사무소에서 전화·카카오·우편으로 상담하며, 노원구에 별",461,1fbd9a40e9613e11
/업무사례/당진상속등기법무사,당진은 제철소·산업단지와 항만이 발달해 공장·창고·물류 부지 상속 문의가 주거용 아파트 상속만큼 많습니다. 산업용 건물은 근저당·임대차가 걸려 있는 경우가 흔해 등기부를 먼저 확인한 뒤 목록을 정리하는 것이 우선입니다. 농지·주택이 함께 있으면 지목별로 서류를 나눠 준비합니다. 상속인이 수도권 등 타지역에 거주해도 협의분할·위임을 한 사무소에서 정리할 수 있는지 검토합니다. 다옴법무사사무소는 부산 해운대구에 있으며 당진에 별도 지점이 있는 것은 아닙니다. 당진은 제철소·산업단지와 항만이 발달해 공장·창고·물류 부지 상속 문의가 주거용 아파트 상속만큼 많습니다. 산업용 건물은 근저당·임대차가 걸려 있는 경우가 흔해 등기부를 먼저 확인한 뒤 목록을 정리하는 것이 우선입니다. 농지·주택이 함께 있으면 지목별로 서류를 나눠 준비합니다. 상속인이 수도권 등 타지역에 거주해도 협의분할·위임을 한 사무소에서 정리할 수 있는지 검토합니다. 다옴법무사사무소는 부산 해운대구에 있으며 당진에 별도 지점,492,cbd87d3ef7a8cb41
/업무사례/대구경북공동담보등기,"대구·경북 등 거리가 있는 지역에 흩어진 아파트·공장·토지·농지를 하나의 공동근저당권으로 묶어 금융 담보를 설정하는 경우, 부동산별 등기부·순위·관할을 먼저 정리해야 합니다. 다옴법무사사무소는 부산 해운대구에 있으며 대구·경북 지점은 없습니다. 상속·유증의 관할 특례와 달리 근저당·공동담보는 등기소 법정관할과 금융 약정을 따르며, 일반적인 상담 유형 기준으로 설정·추가·일부해지 절차를 안내합니다. 비대면 등기부 검토 후 방문·제출 단계를 구분합니다. 대구·경북 등 거리가 있는 지역에 흩어진 아파트·공장·토지·농지를 하나의 공동근저당권으로 묶어 금융 담보를 설정하는 경우, 부동산별 등기부·순위·관할을 먼저 정리해야 합니다. 다옴법무사사무소는 부산 해운대구에 있으며 대구·경북 지점은 없습니다. 상속·유증의 관할 특례와 달리 근저당·공동담보는 등기소 법정관할과 금융 약정을 따르며, 일반적인 상담 유형 기준으로 설정·추가·일부해지 절차를 안내합니다. 비대면 등기부 검토 후 방문·제출 단계를",419,325c12c29b1f3246
/업무사례/대구군위군상속등기법무사,"군위군은 행정상 대구광역시 관할이며, 상속등기 상담도 대구 기준으로 안내합니다. 다옴법무사사무소는 부산 해운대구에 있으며 군위군·대구에 별도 지점이 없습니다. 군위 농지·임야·주택이 함께 상속되거나 등기부에 없는 필지가 있는 경우도 일반적인 상담 유형으로 절차를 안내합니다. 경북 페이지에는 군위를 포함하지 않으며, 부산과 거리가 있어도 등기부 사진으로 비대면 개요 상담이 가능합니다. 군위군은 행정상 대구광역시 관할이며, 상속등기 상담도 대구 기준으로 안내합니다. 다옴법무사사무소는 부산 해운대구에 있으며 군위군·대구에 별도 지점이 없습니다. 군위 농지·임야·주택이 함께 상속되거나 등기부에 없는 필지가 있는 경우도 일반적인 상담 유형으로 절차를 안내합니다. 경북 페이지에는 군위를 포함하지 않으며, 부산과 거리가 있어도 등기부 사진으로 비대면 개요 상담이 가능합니다. 군위군은 행정상 대구광역시 관할이며, 상속등기 상담도 대구 기준으로 안내합니다. 다옴법무사사무소는 부산 해운대구에 있으며 ",418,39052053beabaa7f
/업무사례/대구남구상속등기법무사,"대구 남구 아파트·주택·상가 상속등기를 준비하시면 협의분할 방식과 부동산 가액에 따라 비용·서류가 달라집니다. 다옴법무사사무소는 부산 해운대구에 있으며 대구 남구에 지점이 있는 것은 아닙니다. 남구 구축 아파트와 대지 지분, 상가 임대차가 섞인 경우도 일반적인 상담 유형으로 절차를 안내합니다. 부산과 거리가 있어도 등기부 사진으로 비대면 개요 상담이 가능하고, 방문을 원하시면 해운대 사무소로 오실 수 있습니다. 대구 남구 아파트·주택·상가 상속등기를 준비하시면 협의분할 방식과 부동산 가액에 따라 비용·서류가 달라집니다. 다옴법무사사무소는 부산 해운대구에 있으며 대구 남구에 지점이 있는 것은 아닙니다. 남구 구축 아파트와 대지 지분, 상가 임대차가 섞인 경우도 일반적인 상담 유형으로 절차를 안내합니다. 부산과 거리가 있어도 등기부 사진으로 비대면 개요 상담이 가능하고, 방문을 원하시면 해운대 사무소로 오실 수 있습니다. 대구 남구 아파트·주택·상가 상속등기를 준비하시면 협의분할 방식과",429,d5a92242a1e60660
/업무사례/대구다사상속등기,대구 다사 생활권 아파트·토지·농지 상속등기를 준비하시면 필지·지목별 취득세와 협의분할 방식을 먼저 구분하는 것이 좋습니다. 다옴법무사사무소는 부산 해운대구에 있으며 대구·다사에 지점이 있는 것은 아닙니다. 다사 아파트와 성서·현풍 토지가 함께 상속되거나 상속인이 타 지역에 흩어진 경우도 일반적인 상담 유형으로 절차를 안내합니다. 부산과 거리가 있어도 등기부 사진으로 비대면 개요 상담이 가능합니다. 대구 다사 생활권 아파트·토지·농지 상속등기를 준비하시면 필지·지목별 취득세와 협의분할 방식을 먼저 구분하는 것이 좋습니다. 다옴법무사사무소는 부산 해운대구에 있으며 대구·다사에 지점이 있는 것은 아닙니다. 다사 아파트와 성서·현풍 토지가 함께 상속되거나 상속인이 타 지역에 흩어진 경우도 일반적인 상담 유형으로 절차를 안내합니다. 부산과 거리가 있어도 등기부 사진으로 비대면 개요 상담이 가능합니다. 대구 다사 생활권 아파트·토지·농지 상속등기를 준비하시면 필지·지목별 취득세와 협의분할 방,412,8b2cf759af7bbc7f
/업무사례/대구달서구상속등기법무사,"대구달서구 상속등기를 검색하셔도 반드시 대구달서구에 사무소가 있어야 하는 것은 아닙니다. 성서·월성 일대 아파트·상가 상속에서 등기부·임대차를 함께 확인합니다. 상속인이 서울·부산·해외 등 다른 지역에 있어도, 협의분할·위임·등기부 확인을 한 사무소에서 정리할 수 있는지 먼저 검토합니다. 공과금과 법무사 보수를 구분해 안내하며, 가짜 실적이나 지점 존재를 표현하지 않습니다. 대구달서구 상속등기를 검색하셔도 반드시 대구달서구에 사무소가 있어야 하는 것은 아닙니다. 성서·월성 일대 아파트·상가 상속에서 등기부·임대차를 함께 확인합니다. 상속인이 서울·부산·해외 등 다른 지역에 있어도, 협의분할·위임·등기부 확인을 한 사무소에서 정리할 수 있는지 먼저 검토합니다. 공과금과 법무사 보수를 구분해 안내하며, 가짜 실적이나 지점 존재를 표현하지 않습니다. 대구달서구 상속등기를 검색하셔도 반드시 대구달서구에 사무소가 있어야 하는 것은 아닙니다. 성서·월성 일대 아파트·상가 상속에서 등기부·임대차",505,0f80ddb17f1fcc38
/업무사례/대구달성군상속등기법무사,"대구 달성군 성서·다사·현풍 등 토지·아파트·농지 상속등기를 검색하셔도 해당 지역 소재 사무소만 찾을 필요는 없습니다. 다옴법무사사무소는 부산 해운대구에 있으며 달성군에 별도 지점이 없습니다. 달성군 여러 필지와 성서 신도시 아파트가 함께 상속되는 경우도 서류 목록부터 정리합니다. 부산과 거리가 있어도 등기부 사진으로 비대면 개요 상담이 가능하고, 방문을 원하시면 해운대 사무소로 오실 수 있습니다. 대구 달성군 성서·다사·현풍 등 토지·아파트·농지 상속등기를 검색하셔도 해당 지역 소재 사무소만 찾을 필요는 없습니다. 다옴법무사사무소는 부산 해운대구에 있으며 달성군에 별도 지점이 없습니다. 달성군 여러 필지와 성서 신도시 아파트가 함께 상속되는 경우도 서류 목록부터 정리합니다. 부산과 거리가 있어도 등기부 사진으로 비대면 개요 상담이 가능하고, 방문을 원하시면 해운대 사무소로 오실 수 있습니다. 대구 달성군 성서·다사·현풍 등 토지·아파트·농지 상속등기를 검색하셔도 해당 지역 소재 사",431,3d82358a9d82d410
/업무사례/대구동구상속등기법무사,"대구 동구 아파트·단독주택·다가구주택 상속등기를 준비하시면 취득세·법무사 보수·필요서류를 먼저 구분하는 것이 좋습니다. 다옴법무사사무소는 부산 해운대구에 있으며 대구 동구에 지점이 있는 것은 아닙니다. 동구 구축 아파트와 대지 지분이 함께 있는 경우도 일반적인 상담 유형으로 절차를 안내합니다. 부산과 거리가 있어도 등기부 사진만으로 비대면 개요 상담이 가능하고, 방문을 원하시면 해운대 사무소로 오실 수 있습니다. 대구 동구 아파트·단독주택·다가구주택 상속등기를 준비하시면 취득세·법무사 보수·필요서류를 먼저 구분하는 것이 좋습니다. 다옴법무사사무소는 부산 해운대구에 있으며 대구 동구에 지점이 있는 것은 아닙니다. 동구 구축 아파트와 대지 지분이 함께 있는 경우도 일반적인 상담 유형으로 절차를 안내합니다. 부산과 거리가 있어도 등기부 사진만으로 비대면 개요 상담이 가능하고, 방문을 원하시면 해운대 사무소로 오실 수 있습니다. 대구 동구 아파트·단독주택·다가구주택 상속등기를 준비하시면 취",434,2b7c0473e5904cce
/업무사례/대구만촌동상속등기,"대구 만촌동 생활권 아파트·상가 상속등기를 검색하셔도 해당 지역 소재 사무소만 찾을 필요는 없습니다. 다옴법무사사무소는 부산 해운대구에 있으며 대구·만촌에 별도 지점이 없습니다. 만촌 구축 아파트와 범어·시지 부동산이 함께 상속되는 경우도 서류 목록부터 정리합니다. 부산과 거리가 있어도 등기부 사진으로 비대면 개요 상담이 가능하고, 방문을 원하시면 해운대 사무소로 오실 수 있습니다. 대구 만촌동 생활권 아파트·상가 상속등기를 검색하셔도 해당 지역 소재 사무소만 찾을 필요는 없습니다. 다옴법무사사무소는 부산 해운대구에 있으며 대구·만촌에 별도 지점이 없습니다. 만촌 구축 아파트와 범어·시지 부동산이 함께 상속되는 경우도 서류 목록부터 정리합니다. 부산과 거리가 있어도 등기부 사진으로 비대면 개요 상담이 가능하고, 방문을 원하시면 해운대 사무소로 오실 수 있습니다. 대구 만촌동 생활권 아파트·상가 상속등기를 검색하셔도 해당 지역 소재 사무소만 찾을 필요는 없습니다. 다옴법무사사무소는 부",409,52f0e90bc38b9ef4
/업무사례/대구범어동상속등기,"대구 범어동 생활권 아파트·상가·오피스텔 상속등기를 준비하시면 취득세·법무사 보수·필요서류를 먼저 구분하는 것이 좋습니다. 다옴법무사사무소는 부산 해운대구에 있으며 대구·범어에 지점이 있는 것은 아닙니다. 범어 신축·구축 아파트와 대지 지분이 함께 있는 경우도 일반적인 상담 유형으로 절차를 안내합니다. 부산과 거리가 있어도 등기부·협의서 사진으로 비대면 개요 상담이 가능하고, 방문을 원하시면 해운대 사무소로 오실 수 있습니다. 대구 범어동 생활권 아파트·상가·오피스텔 상속등기를 준비하시면 취득세·법무사 보수·필요서류를 먼저 구분하는 것이 좋습니다. 다옴법무사사무소는 부산 해운대구에 있으며 대구·범어에 지점이 있는 것은 아닙니다. 범어 신축·구축 아파트와 대지 지분이 함께 있는 경우도 일반적인 상담 유형으로 절차를 안내합니다. 부산과 거리가 있어도 등기부·협의서 사진으로 비대면 개요 상담이 가능하고, 방문을 원하시면 해운대 사무소로 오실 수 있습니다. 대구 범어동 생활권 아파트·상가·",430,30a072edb174a2bf
/업무사례/대구법무사업무,"대구 중·동·서·남·북구와 달성·군위 등에서 상속등기·법인등기·유증등기를 찾으셔도, 반드시 대구 현지에 사무소가 있어야 하는 것은 아닙니다. 다옴법무사사무소는 부산 해운대구에 있으며 대구 각 구·군에 지점을 두고 있지 않습니다. 부산과 거리가 있어도 등기부·가족관계 서류를 사진·우편·화상으로 먼저 검토하는 비대면 상담이 가능하고, 방문을 원하시면 해운대 사무소로 오실 수 있습니다. 상속·유증은 관할 특례, 법인·근저당은 법정관할을 구분해 안내합니다. 대구 중·동·서·남·북구와 달성·군위 등에서 상속등기·법인등기·유증등기를 찾으셔도, 반드시 대구 현지에 사무소가 있어야 하는 것은 아닙니다. 다옴법무사사무소는 부산 해운대구에 있으며 대구 각 구·군에 지점을 두고 있지 않습니다. 부산과 거리가 있어도 등기부·가족관계 서류를 사진·우편·화상으로 먼저 검토하는 비대면 상담이 가능하고, 방문을 원하시면 해운대 사무소로 오실 수 있습니다. 상속·유증은 관할 특례, 법인·근저당은 법정관할을 구분해",487,8f5d56bae8e75cfd
/업무사례/대구부산공동근저당권,"대구·부산 등 거리가 있는 지역에 흩어진 아파트·공장·토지를 하나의 공동근저당권으로 묶어 금융 담보를 설정하는 경우, 부동산별 등기부·순위·관할을 먼저 정리해야 합니다. 다옴법무사사무소는 부산 해운대구에 있으며 대구 지점은 없습니다. 상속·유증의 관할 특례와 달리 근저당·공동담보는 등기소 법정관할과 금융 약정을 따르며, 일반적인 상담 유형 기준으로 설정·추가·일부해지 절차를 안내합니다. 비대면 등기부 검토 후 방문·제출 단계를 구분합니다. 대구·부산 등 거리가 있는 지역에 흩어진 아파트·공장·토지를 하나의 공동근저당권으로 묶어 금융 담보를 설정하는 경우, 부동산별 등기부·순위·관할을 먼저 정리해야 합니다. 다옴법무사사무소는 부산 해운대구에 있으며 대구 지점은 없습니다. 상속·유증의 관할 특례와 달리 근저당·공동담보는 등기소 법정관할과 금융 약정을 따르며, 일반적인 상담 유형 기준으로 설정·추가·일부해지 절차를 안내합니다. 비대면 등기부 검토 후 방문·제출 단계를 구분합니다. 대구·부",410,67f148bb65c6a48b
/업무사례/대구북구상속등기법무사,"대구 북구 아파트·토지·주택 상속등기 문의가 많은 지역입니다. 다옴법무사사무소는 부산 해운대구에 있으며 대구 북구에 별도 지점이 없습니다. 북구 아파트와 동구·군위 부동산이 함께 있거나 상속인이 타 지역에 흩어진 경우도 일반적인 상담 유형으로 절차를 안내합니다. 부산과 거리가 있어도 등기부·협의서 사진으로 비대면 개요 상담이 가능하고, 방문은 부산 해운대 사무소에서 진행합니다. 대구 북구 아파트·토지·주택 상속등기 문의가 많은 지역입니다. 다옴법무사사무소는 부산 해운대구에 있으며 대구 북구에 별도 지점이 없습니다. 북구 아파트와 동구·군위 부동산이 함께 있거나 상속인이 타 지역에 흩어진 경우도 일반적인 상담 유형으로 절차를 안내합니다. 부산과 거리가 있어도 등기부·협의서 사진으로 비대면 개요 상담이 가능하고, 방문은 부산 해운대 사무소에서 진행합니다. 대구 북구 아파트·토지·주택 상속등기 문의가 많은 지역입니다. 다옴법무사사무소는 부산 해운대구에 있으며 대구 북구에 별도 지점이 없습",417,f2e6f3a6a6638e88
/업무사례/대구상속등기법무사,대구에서는 아파트·상가·토지 조합과 상속인 간 협의 여부에 따라 서류가 달라집니다. 공과금과 보수를 구분해 안내합니다. 대구에서는 아파트·상가·토지 조합과 상속인 간 협의 여부에 따라 서류가 달라집니다. 공과금과 보수를 구분해 안내합니다. 대구에서는 아파트·상가·토지 조합과 상속인 간 협의 여부에 따라 서류가 달라집니다. 공과금과 보수를 구분해 안내합니다. 다옴법무사사무소는 부산 해운대구에 있으며 대구에 별도 지점이 있는 것은 아닙니다. 대구 상속등기 가능 여부부터 확인하기 대구에서는 아파트·상가·토지 조합과 상속인 간 협의 여부에 따라 서류가 달라집니다. 공과금과 보수를 구분해 안내합니다. 안윤정 법무사 직접 확인 비대면 필요서류 안내 보수와 공과금 구분 접수·보정·완료 진행상황 공유 부산 해운대 사무소에 비대면으로 맡기는 이유 대구 소재 부동산이어도 부산 해운대 사무소에서 관할 특례·비대면 서류 전달을 검토할 수 있습니다. 지점이 있다는 의미가 아닙니다. 상가·오피스텔이 포함된 ,373,9ea8a7d3700cd101
/업무사례/대구상속등기비용,"대구 8개 구·군에 나뉜 부동산 상속등기 비용은 법무사 보수, 등기 수수료, 취득세, 국민주택채권 등으로 나뉩니다. 다옴법무사사무소는 부산 해운대구에 있으며 대구에 지점이 있는 것은 아닙니다. 협의분할·법정지분·부동산 가액·상속인 수에 따라 달라지는 항목을 일반적인 상담 유형 기준으로 구분해 안내합니다. 부산과 거리가 있어도 등기부 사진으로 비대면 견적 개요가 가능하며, 여러 구·군 부동산은 목록으로 받아 일괄 견적 포인트를 설명합니다. 대구 8개 구·군에 나뉜 부동산 상속등기 비용은 법무사 보수, 등기 수수료, 취득세, 국민주택채권 등으로 나뉩니다. 다옴법무사사무소는 부산 해운대구에 있으며 대구에 지점이 있는 것은 아닙니다. 협의분할·법정지분·부동산 가액·상속인 수에 따라 달라지는 항목을 일반적인 상담 유형 기준으로 구분해 안내합니다. 부산과 거리가 있어도 등기부 사진으로 비대면 견적 개요가 가능하며, 여러 구·군 부동산은 목록으로 받아 일괄 견적 포인트를 설명합니다. 대구 8개 ",446,56f4c3ea10cdc73d
/업무사례/대구상속등기필요서류,"대구 8개 구·군 부동산 상속등기에 필요한 서류는 상속인 수·협의분할 여부·부동산 종류에 따라 달라집니다. 다옴법무사사무소는 부산 해운대구에 있으며 대구에 지점이 있는 것은 아닙니다. 등기부등본, 가족관계·기본·혼인관계증명, 인감증명·위임장, 협의분할서 등 일반적인 상담 유형 기준 체크리스트를 안내합니다. 부산과 거리가 있어도 서류 사진으로 비대면 개요 확인 후 누락 항목을 짚어 드리며, 원본이 필요한 단계는 방문·우편으로 구분합니다. 대구 8개 구·군 부동산 상속등기에 필요한 서류는 상속인 수·협의분할 여부·부동산 종류에 따라 달라집니다. 다옴법무사사무소는 부산 해운대구에 있으며 대구에 지점이 있는 것은 아닙니다. 등기부등본, 가족관계·기본·혼인관계증명, 인감증명·위임장, 협의분할서 등 일반적인 상담 유형 기준 체크리스트를 안내합니다. 부산과 거리가 있어도 서류 사진으로 비대면 개요 확인 후 누락 항목을 짚어 드리며, 원본이 필요한 단계는 방문·우편으로 구분합니다. 대구 8개 구·",422,cdf1719c9167e82c
/업무사례/대구상인동상속등기,"대구 상인동 생활권 아파트·상가·오피스텔 상속등기를 검색하셔도 해당 지역 소재 사무소만 찾을 필요는 없습니다. 다옴법무사사무소는 부산 해운대구에 있으며 대구·상인에 별도 지점이 없습니다. 상인 역세권 상가와 월성·성서 아파트가 함께 상속되는 경우도 서류 목록부터 정리합니다. 부산과 거리가 있어도 등기부·임대차 사본으로 비대면 개요 상담이 가능하고, 방문을 원하시면 해운대 사무소로 오실 수 있습니다. 대구 상인동 생활권 아파트·상가·오피스텔 상속등기를 검색하셔도 해당 지역 소재 사무소만 찾을 필요는 없습니다. 다옴법무사사무소는 부산 해운대구에 있으며 대구·상인에 별도 지점이 없습니다. 상인 역세권 상가와 월성·성서 아파트가 함께 상속되는 경우도 서류 목록부터 정리합니다. 부산과 거리가 있어도 등기부·임대차 사본으로 비대면 개요 상담이 가능하고, 방문을 원하시면 해운대 사무소로 오실 수 있습니다. 대구 상인동 생활권 아파트·상가·오피스텔 상속등기를 검색하셔도 해당 지역 소재 사무소만 찾",415,16ce32c6126bf133
/업무사례/대구서구상속등기법무사,"대구 서구 아파트·토지·상가 상속등기 문의가 잦은 지역입니다. 다옴법무사사무소는 부산 해운대구에 있으며 대구 서구에 별도 지점이 없습니다. 서구 아파트와 달서·수성구 부동산이 함께 있거나 상속인이 수도권에 흩어진 경우도 일반적인 상담 유형으로 절차를 안내합니다. 부산과 거리가 있어도 등기부·가족관계 서류 사진으로 비대면 개요 상담이 가능하고, 방문은 해운대 사무소에서 진행합니다. 대구 서구 아파트·토지·상가 상속등기 문의가 잦은 지역입니다. 다옴법무사사무소는 부산 해운대구에 있으며 대구 서구에 별도 지점이 없습니다. 서구 아파트와 달서·수성구 부동산이 함께 있거나 상속인이 수도권에 흩어진 경우도 일반적인 상담 유형으로 절차를 안내합니다. 부산과 거리가 있어도 등기부·가족관계 서류 사진으로 비대면 개요 상담이 가능하고, 방문은 해운대 사무소에서 진행합니다. 대구 서구 아파트·토지·상가 상속등기 문의가 잦은 지역입니다. 다옴법무사사무소는 부산 해운대구에 있으며 대구 서구에 별도 지점이 ",416,37502950f12ccaf7
/업무사례/대구성서상속등기,"대구 성서 신도시 아파트·상가 상속등기 문의가 잦은 생활권입니다. 다옴법무사사무소는 부산 해운대구에 있으며 대구·성서에 별도 지점이 없습니다. 성서 아파트와 달성군 토지·다사·현풍 부동산이 함께 상속되는 경우도 일반적인 상담 유형으로 절차를 안내합니다. 부산과 거리가 있어도 등기부 사진으로 비대면 개요 상담이 가능하고, 방문을 원하시면 해운대 사무소로 오실 수 있습니다. 대구 성서 신도시 아파트·상가 상속등기 문의가 잦은 생활권입니다. 다옴법무사사무소는 부산 해운대구에 있으며 대구·성서에 별도 지점이 없습니다. 성서 아파트와 달성군 토지·다사·현풍 부동산이 함께 상속되는 경우도 일반적인 상담 유형으로 절차를 안내합니다. 부산과 거리가 있어도 등기부 사진으로 비대면 개요 상담이 가능하고, 방문을 원하시면 해운대 사무소로 오실 수 있습니다. 대구 성서 신도시 아파트·상가 상속등기 문의가 잦은 생활권입니다. 다옴법무사사무소는 부산 해운대구에 있으며 대구·성서에 별도 지점이 없습니다. 성서",394,1880dfafc6d12060
/업무사례/대구수성구상속등기법무사,"대구수성구 부동산 상속등기 문의는 범어·수성못 인근 고급 아파트·상가 상속에서 협의분할 논의가 길어질 수 있습니다. 거리보다 관할 특례 적용 여부와 서류 수집 순서가 중요합니다. 부산 해운대 사무소에서 전화·카카오·우편으로 상담하며, 대구수성구에 별도 출장 사무소는 운영하지 않습니다. 매도를 앞둔 물건이 있으면 협의분할과 신청 순서를 함께 맞춥니다. 대구수성구 부동산 상속등기 문의는 범어·수성못 인근 고급 아파트·상가 상속에서 협의분할 논의가 길어질 수 있습니다. 거리보다 관할 특례 적용 여부와 서류 수집 순서가 중요합니다. 부산 해운대 사무소에서 전화·카카오·우편으로 상담하며, 대구수성구에 별도 출장 사무소는 운영하지 않습니다. 매도를 앞둔 물건이 있으면 협의분할과 신청 순서를 함께 맞춥니다. 대구수성구 부동산 상속등기 문의는 범어·수성못 인근 고급 아파트·상가 상속에서 협의분할 논의가 길어질 수 있습니다. 거리보다 관할 특례 적용 여부와 서류 수집 순서가 중요합니다. 부산 해운대",467,7a39a3b9928e136b
/업무사례/대구시지상속등기,"대구 시지 생활권은 신축·구축 아파트가 많아 상속등기 문의가 잦습니다. 다옴법무사사무소는 부산 해운대구에 있으며 대구·시지에 별도 지점이 없습니다. 시지 아파트와 범어·만촌 부동산이 함께 있거나 상속인이 타 지역에 흩어진 경우도 일반적인 상담 유형으로 절차를 안내합니다. 부산과 거리가 있어도 등기부·협의서 사진으로 비대면 개요 상담이 가능하고, 방문은 해운대 사무소에서 진행합니다. 대구 시지 생활권은 신축·구축 아파트가 많아 상속등기 문의가 잦습니다. 다옴법무사사무소는 부산 해운대구에 있으며 대구·시지에 별도 지점이 없습니다. 시지 아파트와 범어·만촌 부동산이 함께 있거나 상속인이 타 지역에 흩어진 경우도 일반적인 상담 유형으로 절차를 안내합니다. 부산과 거리가 있어도 등기부·협의서 사진으로 비대면 개요 상담이 가능하고, 방문은 해운대 사무소에서 진행합니다. 대구 시지 생활권은 신축·구축 아파트가 많아 상속등기 문의가 잦습니다. 다옴법무사사무소는 부산 해운대구에 있으며 대구·시지에 ",403,cc09426bc59bed62
/업무사례/대구아파트상속등기,"대구 수성·달서·동·서·남·북구와 성서·다사 등 아파트 상속등기는 협의분할 방식과 가액에 따라 취득세·국민주택채권 부담이 달라집니다. 다옴법무사사무소는 부산 해운대구에 있으며 대구에 지점이 있는 것은 아닙니다. 여러 구·군에 아파트가 나뉘거나 상속인이 타 지역에 있는 경우도 일반적인 상담 유형으로 절차를 안내합니다. 부산과 거리가 있어도 등기부·협의서 사진으로 비대면 개요 상담이 가능하고, 방문은 해운대 사무소에서 진행합니다. 대구 수성·달서·동·서·남·북구와 성서·다사 등 아파트 상속등기는 협의분할 방식과 가액에 따라 취득세·국민주택채권 부담이 달라집니다. 다옴법무사사무소는 부산 해운대구에 있으며 대구에 지점이 있는 것은 아닙니다. 여러 구·군에 아파트가 나뉘거나 상속인이 타 지역에 있는 경우도 일반적인 상담 유형으로 절차를 안내합니다. 부산과 거리가 있어도 등기부·협의서 사진으로 비대면 개요 상담이 가능하고, 방문은 해운대 사무소에서 진행합니다. 대구 수성·달서·동·서·남·북구와",405,426cf92ee0a8e95c
/업무사례/대구에서부산법인본점이전,"대구 소재 법인 본점을 부산 해운대·수영 등으로 이전할 때 등기·세무·관할 등기소 변경 순서를 맞춰야 합니다. 다옴법무사사무소는 부산 해운대구에 있으며 대구 지점은 없습니다. 상속·유증의 관할 특례와 달리 법인 본점이전은 법정관할을 따르며, 일반적인 상담 유형 기준으로 주주결의·정관·등기·세무 신고 포인트를 안내합니다. 부산과 거리가 있어도 서류 사진으로 비대면 진행 후 제출·방문 단계를 구분합니다. 대구 소재 법인 본점을 부산 해운대·수영 등으로 이전할 때 등기·세무·관할 등기소 변경 순서를 맞춰야 합니다. 다옴법무사사무소는 부산 해운대구에 있으며 대구 지점은 없습니다. 상속·유증의 관할 특례와 달리 법인 본점이전은 법정관할을 따르며, 일반적인 상담 유형 기준으로 주주결의·정관·등기·세무 신고 포인트를 안내합니다. 부산과 거리가 있어도 서류 사진으로 비대면 진행 후 제출·방문 단계를 구분합니다. 대구 소재 법인 본점을 부산 해운대·수영 등으로 이전할 때 등기·세무·관할 등기소 변경",405,81a88dff7d5348cd
/업무사례/대구월성동상속등기,"대구 월성동 생활권 아파트·주택 상속등기를 준비하시면 협의분할 방식과 부동산 가액에 따라 비용·서류가 달라집니다. 다옴법무사사무소는 부산 해운대구에 있으며 대구·월성에 지점이 있는 것은 아닙니다. 월성 구축 아파트와 상인·성서 부동산이 함께 상속되는 경우도 일반적인 상담 유형으로 절차를 안내합니다. 부산과 거리가 있어도 등기부 사진으로 비대면 개요 상담이 가능하고, 방문을 원하시면 해운대 사무소로 오실 수 있습니다. 대구 월성동 생활권 아파트·주택 상속등기를 준비하시면 협의분할 방식과 부동산 가액에 따라 비용·서류가 달라집니다. 다옴법무사사무소는 부산 해운대구에 있으며 대구·월성에 지점이 있는 것은 아닙니다. 월성 구축 아파트와 상인·성서 부동산이 함께 상속되는 경우도 일반적인 상담 유형으로 절차를 안내합니다. 부산과 거리가 있어도 등기부 사진으로 비대면 개요 상담이 가능하고, 방문을 원하시면 해운대 사무소로 오실 수 있습니다. 대구 월성동 생활권 아파트·주택 상속등기를 준비하시면 ",419,8e6f4cfd9933c74a
/업무사례/대구유증등기법무사,"대구 8개 구·군 소재 부동산을 유언공정증서로 수증하는 유증등기는 상속등기와 서류·관할 검토 방식이 다릅니다. 다옴법무사사무소는 부산 해운대구에 있으며 대구 지점은 없습니다. 유언장·공정증서·수증·포기·한정승인 여부를 일반적인 상담 유형 기준으로 확인합니다. 상속·유증 모두 관할 특례 검토 대상이며, 부산과 거리가 있어도 유언·등기부 사진으로 비대면 개요 상담이 가능하고, 방문은 해운대 사무소에서 진행합니다. 대구 8개 구·군 소재 부동산을 유언공정증서로 수증하는 유증등기는 상속등기와 서류·관할 검토 방식이 다릅니다. 다옴법무사사무소는 부산 해운대구에 있으며 대구 지점은 없습니다. 유언장·공정증서·수증·포기·한정승인 여부를 일반적인 상담 유형 기준으로 확인합니다. 상속·유증 모두 관할 특례 검토 대상이며, 부산과 거리가 있어도 유언·등기부 사진으로 비대면 개요 상담이 가능하고, 방문은 해운대 사무소에서 진행합니다. 대구 8개 구·군 소재 부동산을 유언공정증서로 수증하는 유증등기는 상",391,4b9fa9ab6b38dc20
/업무사례/대구중구상속등기법무사,"대구 중구 도심 아파트·상가·오피스텔 상속등기를 검색하셔도 해당 지역 소재 사무소만 찾을 필요는 없습니다. 다옴법무사사무소는 부산 해운대구에 있으며 대구 중구에 별도 지점이 없습니다. 중구 역세권 상가와 구축 아파트가 함께 상속되는 경우도 서류 목록부터 정리합니다. 부산과 거리가 있어도 등기부·가족관계 서류 사진으로 비대면 개요 상담이 가능하고, 방문을 원하시면 해운대 사무소로 오실 수 있습니다. 대구 중구 도심 아파트·상가·오피스텔 상속등기를 검색하셔도 해당 지역 소재 사무소만 찾을 필요는 없습니다. 다옴법무사사무소는 부산 해운대구에 있으며 대구 중구에 별도 지점이 없습니다. 중구 역세권 상가와 구축 아파트가 함께 상속되는 경우도 서류 목록부터 정리합니다. 부산과 거리가 있어도 등기부·가족관계 서류 사진으로 비대면 개요 상담이 가능하고, 방문을 원하시면 해운대 사무소로 오실 수 있습니다. 대구 중구 도심 아파트·상가·오피스텔 상속등기를 검색하셔도 해당 지역 소재 사무소만 찾을 필요",457,22fcbba60fb5782e
/업무사례/대구토지상속등기,대구 달성·군위 등 토지·농지·임야 상속등기는 필지 수·지목·면적에 따라 취득세와 서류가 달라집니다. 다옴법무사사무소는 부산 해운대구에 있으며 대구에 지점이 있는 것은 아닙니다. 등기부에 없는 필지나 조부모 명의 토지가 섞인 경우도 일반적인 상담 유형으로 누락 방지 절차를 안내합니다. 군위는 대구 기준으로 안내하며 경북 페이지에는 포함하지 않습니다. 부산과 거리가 있어도 등기부 사진으로 비대면 개요 상담이 가능합니다. 대구 달성·군위 등 토지·농지·임야 상속등기는 필지 수·지목·면적에 따라 취득세와 서류가 달라집니다. 다옴법무사사무소는 부산 해운대구에 있으며 대구에 지점이 있는 것은 아닙니다. 등기부에 없는 필지나 조부모 명의 토지가 섞인 경우도 일반적인 상담 유형으로 누락 방지 절차를 안내합니다. 군위는 대구 기준으로 안내하며 경북 페이지에는 포함하지 않습니다. 부산과 거리가 있어도 등기부 사진으로 비대면 개요 상담이 가능합니다. 대구 달성·군위 등 토지·농지·임야 상속등기는 필지,432,c415fc70f834048f
/업무사례/대구현풍상속등기,"대구 현풍 생활권 토지·농지·주택 상속등기를 검색하셔도 해당 지역 소재 사무소만 찾을 필요는 없습니다. 다옴법무사사무소는 부산 해운대구에 있으며 대구·현풍에 별도 지점이 없습니다. 현풍 여러 필지와 성서·다사 아파트가 함께 상속되거나 등기부에 없는 필지가 있는 경우도 일반적인 상담 유형으로 절차를 안내합니다. 부산과 거리가 있어도 등기부 사진으로 비대면 개요 상담이 가능하고, 방문을 원하시면 해운대 사무소로 오실 수 있습니다. 대구 현풍 생활권 토지·농지·주택 상속등기를 검색하셔도 해당 지역 소재 사무소만 찾을 필요는 없습니다. 다옴법무사사무소는 부산 해운대구에 있으며 대구·현풍에 별도 지점이 없습니다. 현풍 여러 필지와 성서·다사 아파트가 함께 상속되거나 등기부에 없는 필지가 있는 경우도 일반적인 상담 유형으로 절차를 안내합니다. 부산과 거리가 있어도 등기부 사진으로 비대면 개요 상담이 가능하고, 방문을 원하시면 해운대 사무소로 오실 수 있습니다. 대구 현풍 생활권 토지·농지·주택",428,ee667dd64631d33f
/업무사례/대전상속등기법무사,상속인이 수도권·영남에 흩어져 있어도 협의·위임 일정을 맞춰 진행할 수 있는지 먼저 확인합니다. 상속인이 수도권·영남에 흩어져 있어도 협의·위임 일정을 맞춰 진행할 수 있는지 먼저 확인합니다. 상속인이 수도권·영남에 흩어져 있어도 협의·위임 일정을 맞춰 진행할 수 있는지 먼저 확인합니다. 다옴법무사사무소는 부산 해운대구에 있으며 대전에 별도 지점이 있는 것은 아닙니다. 대전 상속등기 가능 여부부터 확인하기 상속인이 수도권·영남에 흩어져 있어도 협의·위임 일정을 맞춰 진행할 수 있는지 먼저 확인합니다. 안윤정 법무사 직접 확인 비대면 필요서류 안내 보수와 공과금 구분 접수·보정·완료 진행상황 공유 부산 해운대 사무소에 비대면으로 맡기는 이유 대전 소재 부동산이어도 부산 해운대 사무소에서 관할 특례·비대면 서류 전달을 검토할 수 있습니다. 지점이 있다는 의미가 아닙니다. 상속인이 서로 다른 지역에 거주하는 경우: 부동산 소재지와 상속인 거주지가 다르면 인감·위임·협의 일정 조율이 핵심입,368,4862c41859a901c8
/업무사례/대전서구상속등기법무사,"대전 서구는 둔산동 행정·상업 중심지로 아파트·상가 상속 문의가 많고, 인접한 유성구와 생활권이 겹쳐 검색 과정에서 지역을 혼동하는 경우가 있습니다. 두 구는 담당 등기소·행정구역이 다르므로 상담 초기에 정확한 소재지부터 확인합니다. 상가가 함께 있으면 임대차·근저당 여부를 아파트와 별도로 점검합니다. 상속인이 타지역에 거주해도 협의분할·위임을 한 사무소에서 정리할 수 있는지 검토합니다. 다옴법무사사무소는 부산 해운대구에 있으며 대전 서구에 별도 지점이 있는 것은 아닙니다. 대전 서구는 둔산동 행정·상업 중심지로 아파트·상가 상속 문의가 많고, 인접한 유성구와 생활권이 겹쳐 검색 과정에서 지역을 혼동하는 경우가 있습니다. 두 구는 담당 등기소·행정구역이 다르므로 상담 초기에 정확한 소재지부터 확인합니다. 상가가 함께 있으면 임대차·근저당 여부를 아파트와 별도로 점검합니다. 상속인이 타지역에 거주해도 협의분할·위임을 한 사무소에서 정리할 수 있는지 검토합니다. 다옴법무사사무소는 부산 ",498,e39785050c632571
/업무사례/대전유성구상속등기법무사,"대전유성구 부동산 상속등기 문의는 대덕·유성 연구단지 인근 아파트·상가 상속에서 상속인 타지역 거주가 많습니다. 거리보다 관할 특례 적용 여부와 서류 수집 순서가 중요합니다. 부산 해운대 사무소에서 전화·카카오·우편으로 상담하며, 대전유성구에 별도 출장 사무소는 운영하지 않습니다. 매도를 앞둔 물건이 있으면 협의분할과 신청 순서를 함께 맞춥니다. 대전유성구 부동산 상속등기 문의는 대덕·유성 연구단지 인근 아파트·상가 상속에서 상속인 타지역 거주가 많습니다. 거리보다 관할 특례 적용 여부와 서류 수집 순서가 중요합니다. 부산 해운대 사무소에서 전화·카카오·우편으로 상담하며, 대전유성구에 별도 출장 사무소는 운영하지 않습니다. 매도를 앞둔 물건이 있으면 협의분할과 신청 순서를 함께 맞춥니다. 대전유성구 부동산 상속등기 문의는 대덕·유성 연구단지 인근 아파트·상가 상속에서 상속인 타지역 거주가 많습니다. 거리보다 관할 특례 적용 여부와 서류 수집 순서가 중요합니다. 부산 해운대 사무소에서",456,2d23326c04b72228
/업무사례/동구법무사,"동구에서 법무사 업무 사례와 상담 절차를 찾으시는 분을 위한 안내입니다. 부산역·초량·범일 일대는 역세권과 항만 배후 상가가 이어져, 상가 매매·임대차·법인 본점 이전 문의가 자주 있습니다. 동구에서 법무사 업무 사례와 상담 절차를 찾으시는 분을 위한 안내입니다. 부산역·초량·범일 일대는 역세권과 항만 배후 상가가 이어져, 상가 매매·임대차·법인 본점 이전 문의가 자주 있습니다. 동구에서 법무사 업무 사례와 상담 절차를 찾으시는 분을 위한 안내입니다. 부산역·초량·범일 일대는 역세권과 항만 배후 상가가 이어져, 상가 매매·임대차·법인 본점 이전 문의가 자주 있습니다. 동구 일대에서는 항만 인근 토지·건축물 권리 확인 , 역세권 아파트·오피스텔 이전등기 문의가 이어집니다. 다옴법무사사무소 안윤정 법무사는 부산 해운대·센텀에서 동구 의뢰인의 상속등기·부동산등기·법인등기·개인회생 상담을 진행합니다. 확인되지 않은 실적이나 무조건적인 처리를 약속하지 않으며, 서류와 일정을 확인한 뒤 가능 ",448,0dc7c4b5f92ed9b3
/업무사례/동래구법무사,"동래구에서 법무사 업무 사례와 상담 절차를 찾으시는 분을 위한 안내입니다. 온천장·사직·안락 등 전통 주거·상권이 이어져 상속등기, 공동주택 이전, 가족 간 권리 정리 상담이 많은 지역입니다. 동래구에서 법무사 업무 사례와 상담 절차를 찾으시는 분을 위한 안내입니다. 온천장·사직·안락 등 전통 주거·상권이 이어져 상속등기, 공동주택 이전, 가족 간 권리 정리 상담이 많은 지역입니다. 동래구에서 법무사 업무 사례와 상담 절차를 찾으시는 분을 위한 안내입니다. 온천장·사직·안락 등 전통 주거·상권이 이어져 상속등기, 공동주택 이전, 가족 간 권리 정리 상담이 많은 지역입니다. 동래구 일대에서는 아파트·다세대 소유권이전등기 , 공동상속인 협의 후 상속등기 문의가 이어집니다. 다옴법무사사무소 안윤정 법무사는 부산 해운대·센텀에서 동래구 의뢰인의 상속등기·부동산등기·법인등기·개인회생 상담을 진행합니다. 확인되지 않은 실적이나 무조건적인 처리를 약속하지 않으며, 서류와 일정을 확인한 뒤 가능 ",440,0f94d4390ea0bccb
/업무사례/동탄상속등기법무사,"동탄 부동산 상속등기 문의는 신도시 아파트 상속인이 수도권·영남으로 흩어진 경우 비대면 협의가 필요합니다. 거리보다 관할 특례 적용 여부와 서류 수집 순서가 중요합니다. 부산 해운대 사무소에서 전화·카카오·우편으로 상담하며, 동탄에 별도 출장 사무소는 운영하지 않습니다. 매도를 앞둔 물건이 있으면 협의분할과 신청 순서를 함께 맞춥니다. 동탄 부동산 상속등기 문의는 신도시 아파트 상속인이 수도권·영남으로 흩어진 경우 비대면 협의가 필요합니다. 거리보다 관할 특례 적용 여부와 서류 수집 순서가 중요합니다. 부산 해운대 사무소에서 전화·카카오·우편으로 상담하며, 동탄에 별도 출장 사무소는 운영하지 않습니다. 매도를 앞둔 물건이 있으면 협의분할과 신청 순서를 함께 맞춥니다. 동탄 부동산 상속등기 문의는 신도시 아파트 상속인이 수도권·영남으로 흩어진 경우 비대면 협의가 필요합니다. 거리보다 관할 특례 적용 여부와 서류 수집 순서가 중요합니다. 부산 해운대 사무소에서 전화·카카오·우편으로 상담",447,409a7d66082862c4
/업무사례/동해삼척상속등기법무사,"동해와 삼척은 강원 동해안 생활권으로 묶이지만 등기 관할은 시마다 다릅니다. 동해 아파트·상가·항만 인근 토지, 삼척 주택·펜션·해안·산지 토지가 한 상속으로 들어오면 주소와 지목을 시별로 나눠 확인합니다. 상속인이 강릉·원주·서울·부산에 흩어져 있고 부동산만 동해·삼척에 남은 경우가 많아 비대면 협의분할·위임 가능 여부가 먼저 질문됩니다. 해안·산지 토지는 지적과 등기 표시가 복잡할 수 있어 상담 초기에 지번 목록을 받습니다. 묵호·북평·근덕 등 생활권 명칭만으로 주소를 기억하면 행정구역이 어긋날 수 있으므로 우편번호와 지번을 함께 확정합니다. 상가·펜션에 임차·영업 계약이 남아 있으면 상속등기와 별도로 계약 현황을 메모해 둡니다. 동해 천곡·부곡, 삼척 교동·근덕처럼 생활권이 다르면 시별로 등기부를 나눠 받습니다. 항만·해안 토지는 지적과 등기 표시를 대조하고, 아파트·상가는 근저당·임대차를 함께 점검합니다. 동해·삼척 동해안 상속은 강릉·속초와 혼동하기 쉬우므로 시명을 분명히 ",824,bc86ab4d8e80e15f
/업무사례/마산합포구상속등기법무사,"마산합포구 월영·현동·진동 일대는 주택·토지·구축 아파트가 섞인 상속 사례가 많습니다. 다옴법무사사무소는 부산 해운대구에 있으며 마산·합포구에 별도 지점이 없습니다. 월영 신도시 아파트와 현동·진동 필지가 함께 있거나, 상속인이 부산·수도권에 있는 등 일반적인 상담 유형을 기준으로 협의분할·취득세·서류를 안내합니다. 방문은 부산 해운대, 비대면은 사진·우편으로 상담부터 신청까지 진행합니다. 마산합포구 월영·현동·진동 일대는 주택·토지·구축 아파트가 섞인 상속 사례가 많습니다. 다옴법무사사무소는 부산 해운대구에 있으며 마산·합포구에 별도 지점이 없습니다. 월영 신도시 아파트와 현동·진동 필지가 함께 있거나, 상속인이 부산·수도권에 있는 등 일반적인 상담 유형을 기준으로 협의분할·취득세·서류를 안내합니다. 방문은 부산 해운대, 비대면은 사진·우편으로 상담부터 신청까지 진행합니다. 마산합포구 월영·현동·진동 일대는 주택·토지·구축 아파트가 섞인 상속 사례가 많습니다. 다옴법무사사무소는 부",400,5c35248c6f7a11b9
/업무사례/마산회원구상속등기법무사,"마산회원구 양덕·합성 도심과 내서 일대 부동산이 함께 상속되는 경우 협의·서류 정리가 중요합니다. 다옴법무사사무소는 부산 해운대구에 있으며 마산회원구·창원에 별도 지점이 없습니다. 회원구 아파트·상가와 내서 주택·토지 조합 등 일반적인 상담 유형을 기준으로 관할 특례·비대면 진행 바로 진행 방법을 안내합니다. 가까운 거리라 부산 해운대 방문이 편하시면 방문, 상속인이 멀면 비대면 협의를 검토합니다. 마산회원구 양덕·합성 도심과 내서 일대 부동산이 함께 상속되는 경우 협의·서류 정리가 중요합니다. 다옴법무사사무소는 부산 해운대구에 있으며 마산회원구·창원에 별도 지점이 없습니다. 회원구 아파트·상가와 내서 주택·토지 조합 등 일반적인 상담 유형을 기준으로 관할 특례·비대면 진행 바로 진행 방법을 안내합니다. 가까운 거리라 부산 해운대 방문이 편하시면 방문, 상속인이 멀면 비대면 협의를 검토합니다. 마산회원구 양덕·합성 도심과 내서 일대 부동산이 함께 상속되는 경우 협의·서류 정리가 중요",433,fce7ae1321500b70
/업무사례/마포구상속등기법무사,"마포구 상속등기를 검색하셔도 반드시 마포구에 사무소가 있어야 하는 것은 아닙니다. 한강변 아파트·오피스텔·상가가 섞인 상속에서 임대차·근저당 확인이 중요합니다. 상속인이 서울·부산·해외 등 다른 지역에 있어도, 협의분할·위임·등기부 확인을 한 사무소에서 정리할 수 있는지 먼저 검토합니다. 공과금과 법무사 보수를 구분해 안내하며, 가짜 실적이나 지점 존재를 표현하지 않습니다. 마포구 상속등기를 검색하셔도 반드시 마포구에 사무소가 있어야 하는 것은 아닙니다. 한강변 아파트·오피스텔·상가가 섞인 상속에서 임대차·근저당 확인이 중요합니다. 상속인이 서울·부산·해외 등 다른 지역에 있어도, 협의분할·위임·등기부 확인을 한 사무소에서 정리할 수 있는지 먼저 검토합니다. 공과금과 법무사 보수를 구분해 안내하며, 가짜 실적이나 지점 존재를 표현하지 않습니다. 마포구 상속등기를 검색하셔도 반드시 마포구에 사무소가 있어야 하는 것은 아닙니다. 한강변 아파트·오피스텔·상가가 섞인 상속에서 임대차·근저당",474,0c2d09eab7ed9ab1
/업무사례/목포상속등기법무사,"목포 상속등기를 검색하셔도 반드시 목포에 사무소가 있어야 하는 것은 아닙니다. 항구·구도심 상가·주택과 아파트 상속에서 등기부를 함께 확인합니다. 상속인이 서울·부산·해외 등 다른 지역에 있어도, 협의분할·위임·등기부 확인을 한 사무소에서 정리할 수 있는지 먼저 검토합니다. 공과금과 법무사 보수를 구분해 안내하며, 가짜 실적이나 지점 존재를 표현하지 않습니다. 목포 상속등기를 검색하셔도 반드시 목포에 사무소가 있어야 하는 것은 아닙니다. 항구·구도심 상가·주택과 아파트 상속에서 등기부를 함께 확인합니다. 상속인이 서울·부산·해외 등 다른 지역에 있어도, 협의분할·위임·등기부 확인을 한 사무소에서 정리할 수 있는지 먼저 검토합니다. 공과금과 법무사 보수를 구분해 안내하며, 가짜 실적이나 지점 존재를 표현하지 않습니다. 목포 상속등기를 검색하셔도 반드시 목포에 사무소가 있어야 하는 것은 아닙니다. 항구·구도심 상가·주택과 아파트 상속에서 등기부를 함께 확인합니다. 상속인이 서울·부산·해",473,bd3fa987b3d173ef
/업무사례/문경상속등기법무사,"문경시는 문경새재 도립공원을 중심으로 관광객이 많이 찾는 지역이면서도, 실제로는 충청북도 괴산·제천과 경계를 맞대고 있어 상속인이 충북에 거주하는 경우가 드물지 않습니다. 부모님이 문경새재 인근에 전원주택을 지어 노후를 보내시다 돌아가시면, 전원주택과 함께 인근 농지·과수원이 상속재산에 포함되는 경우가 많고, 전원주택은 건축물대장상 용도와 실제 이용 현황(농막·창고 증축 등)이 다른 경우가 있어 확인이 필요합니다. 문경시의 부동산 등기는 문경등기소가 관할하지만, 상속포기·한정승인처럼 가정법원에 신고하는 사건은 대구지방법원 상주지원이 관할이며, 상주지원은 상주시·문경시·예천군을 함께 담당합니다. 상속인이 충북이나 수도권에 거주해도 관할은 부동산 소재지나 피상속인 주소지 기준으로 정해지므로 거주지가 경북이 아니라는 이유로 진행이 어려워지지 않습니다. 다옴법무사사무소는 부산 해운대구에 있으며 문경에 별도 지점을 두고 있지 않지만, 상속등기는 부동산 소재지 기준 관할 특례가 적용될 수 있어",754,de2407d6dd79b2b6
/업무사례/물금상속등기법무사,"양산 물금 생활권은 부산과 가깝고 아파트 단지가 많아 상속등기 문의가 잦습니다. 다옴법무사사무소는 부산 해운대구에 있으며 양산·물금에 별도 지점이 없습니다. 물금 아파트와 양산 외곽 필지가 함께 있거나 상속인이 부산·수도권에 흩어진 경우도 일반적인 상담 유형으로 절차를 안내합니다. 방문은 해운대 사무소, 비대면은 서류 사진·우편·화상으로 먼저 바로 상담·진행할 수 있습니다. 양산 물금 생활권은 부산과 가깝고 아파트 단지가 많아 상속등기 문의가 잦습니다. 다옴법무사사무소는 부산 해운대구에 있으며 양산·물금에 별도 지점이 없습니다. 물금 아파트와 양산 외곽 필지가 함께 있거나 상속인이 부산·수도권에 흩어진 경우도 일반적인 상담 유형으로 절차를 안내합니다. 방문은 해운대 사무소, 비대면은 서류 사진·우편·화상으로 먼저 바로 상담·진행할 수 있습니다. 양산 물금 생활권은 부산과 가깝고 아파트 단지가 많아 상속등기 문의가 잦습니다. 다옴법무사사무소는 부산 해운대구에 있으며 양산·물금에 별도 ",450,84218c29ed18ebbc
/업무사례/밀양상속등기법무사,"밀양시는 경상남도 동북부에 있으며 양산·창녕과 경계를 맞대고 있어, 상속재산으로 남은 필지가 밀양 안에만 있지 않고 양산이나 창녕 쪽으로 걸쳐 있거나 인접해 있는 경우가 자주 있습니다. 밀양강 유역의 농지, 산자락 임야, 시내 주택 등이 함께 상속되는 사례가 많고, 조상 대대로 내려온 필지 중 일부는 등기부상 지목과 실제 경작 현황이 다른 경우도 있습니다. 다옴법무사사무소는 부산 해운대구에 있으며 밀양에 별도 지점을 두고 있지 않지만, 상속등기는 부동산 소재지 기준 관할 특례가 적용될 수 있어 해운대 사무소에서 상담부터 신청까지 진행 가능한지 사건별로 검토합니다. 밀양·양산·창녕에 걸쳐 필지가 나뉜 경우에는 지역별로 각각 법무사를 찾기보다 한 번에 목록화해서 협의분할과 취득세를 검토하는 것이 효율적입니다. 상속인이 타지역에 있어도 등기부등본·가족관계증명서 사진으로 먼저 개요를 확인할 수 있습니다. 밀양시는 경상남도 동북부에 있으며 양산·창녕과 경계를 맞대고 있어, 상속재산으로 남은 ",747,0cab40bb9adb5c10
/업무사례/부산가덕도법무사,"부산 가덕도에서 법무사 업무 사례와 상담 절차를 찾으시는 분을 위한 안내입니다. 가덕도 일대 토지·건축물 권리와 관련한 등기 상담이 있습니다. 부산 가덕도에서 법무사 업무 사례와 상담 절차를 찾으시는 분을 위한 안내입니다. 가덕도 일대 토지·건축물 권리와 관련한 등기 상담이 있습니다. 부산 가덕도에서 법무사 업무 사례와 상담 절차를 찾으시는 분을 위한 안내입니다. 가덕도 일대 토지·건축물 권리와 관련한 등기 상담이 있습니다. 부산 가덕도 일대에서는 해안 주거 단지의 상속·공동명의 정리 , 항만·물류 배후 사업장·창고 부동산등기 문의가 이어집니다. 다옴법무사사무소 안윤정 법무사는 부산 해운대·센텀에서 부산 가덕도 의뢰인의 상속등기·부동산등기·법인등기·개인회생 상담을 진행합니다. 확인되지 않은 실적이나 무조건적인 처리를 약속하지 않으며, 서류와 일정을 확인한 뒤 가능 범위를 안내합니다. 부산 가덕도에서 자주 문의되는 업무 부산 가덕도 생활권 특성을 반영한 상담 유형입니다. 실제 가능 여",437,4dd05fb41bb8d113
/업무사례/부산가덕도신공항법무사,"부산 가덕도신공항에서 법무사 업무 사례와 상담 절차를 찾으시는 분을 위한 안내입니다. 신공항 계획 권역과 맞닿은 토지·사업장 권리 상담이 있습니다. 부산 가덕도신공항에서 법무사 업무 사례와 상담 절차를 찾으시는 분을 위한 안내입니다. 신공항 계획 권역과 맞닿은 토지·사업장 권리 상담이 있습니다. 부산 가덕도신공항에서 법무사 업무 사례와 상담 절차를 찾으시는 분을 위한 안내입니다. 신공항 계획 권역과 맞닿은 토지·사업장 권리 상담이 있습니다. 부산 가덕도신공항 일대에서는 항만·물류 배후 사업장·창고 부동산등기 , 물류 법인 본점·지점 변경등기 문의가 이어집니다. 다옴법무사사무소 안윤정 법무사는 부산 해운대·센텀에서 부산 가덕도신공항 의뢰인의 상속등기·부동산등기·법인등기·개인회생 상담을 진행합니다. 확인되지 않은 실적이나 무조건적인 처리를 약속하지 않으며, 서류와 일정을 확인한 뒤 가능 범위를 안내합니다. 부산 가덕도신공항에서 자주 문의되는 업무 부산 가덕도신공항 생활권 특성을 반영한 ",419,74405fdabf39dc71
/업무사례/부산가락동법무사,"부산 가락동에서 법무사 업무 사례와 상담 절차를 찾으시는 분을 위한 안내입니다. 강서구 가락동 일대는 명지·에코델타·녹산·신항 일대는 신도시와 산업·물류가 맞물려 신축 보존등기, 공장·창고 이전, 법인 설립·변경 문의가 많습니다. 부산 가락동에서 법무사 업무 사례와 상담 절차를 찾으시는 분을 위한 안내입니다. 강서구 가락동 일대는 명지·에코델타·녹산·신항 일대는 신도시와 산업·물류가 맞물려 신축 보존등기, 공장·창고 이전, 법인 설립·변경 문의가 많습니다. 부산 가락동에서 법무사 업무 사례와 상담 절차를 찾으시는 분을 위한 안내입니다. 강서구 가락동 일대는 명지·에코델타·녹산·신항 일대는 신도시와 산업·물류가 맞물려 신축 보존등기, 공장·창고 이전, 법인 설립·변경 문의가 많습니다. 부산 가락동 일대에서는 항만·물류 배후 사업장·창고 부동산등기 , 물류 법인 본점·지점 변경등기 문의가 이어집니다. 다옴법무사사무소 안윤정 법무사는 부산 해운대·센텀에서 부산 가락동 의뢰인의 상속등기·부",449,f01650e0c1dfcb95
/업무사례/부산가야동법무사,"부산 가야동에서 법무사 업무 사례와 상담 절차를 찾으시는 분을 위한 안내입니다. 부산진구 가야동 일대는 서면·전포·부전 상권과 주거 단지가 맞닿아 잔금일 등기, 상가 이전, 법인 임원변경 문의가 꾸준한 생활권입니다. 부산 가야동에서 법무사 업무 사례와 상담 절차를 찾으시는 분을 위한 안내입니다. 부산진구 가야동 일대는 서면·전포·부전 상권과 주거 단지가 맞닿아 잔금일 등기, 상가 이전, 법인 임원변경 문의가 꾸준한 생활권입니다. 부산 가야동에서 법무사 업무 사례와 상담 절차를 찾으시는 분을 위한 안내입니다. 부산진구 가야동 일대는 서면·전포·부전 상권과 주거 단지가 맞닿아 잔금일 등기, 상가 이전, 법인 임원변경 문의가 꾸준한 생활권입니다. 부산 가야동 일대에서는 상가건물 구분소유권 관련 등기 , 개인사업자·법인의 사업장 주소 변경등기 문의가 이어집니다. 다옴법무사사무소 안윤정 법무사는 부산 해운대·센텀에서 부산 가야동 의뢰인의 상속등기·부동산등기·법인등기·개인회생 상담을 진행합니다",421,9a2569bcbaeb9c9a
/업무사례/부산가야역법무사,"부산 가야역에서 법무사 업무 사례와 상담 절차를 찾으시는 분을 위한 안내입니다. 가야 생활권 아파트·상가 등기 상담이 이어집니다. 부산 가야역에서 법무사 업무 사례와 상담 절차를 찾으시는 분을 위한 안내입니다. 가야 생활권 아파트·상가 등기 상담이 이어집니다. 부산 가야역에서 법무사 업무 사례와 상담 절차를 찾으시는 분을 위한 안내입니다. 가야 생활권 아파트·상가 등기 상담이 이어집니다. 부산 가야역 일대에서는 역세권 아파트·오피스텔 이전등기 , 역 인근 상가 매매등기 문의가 이어집니다. 다옴법무사사무소 안윤정 법무사는 부산 해운대·센텀에서 부산 가야역 의뢰인의 상속등기·부동산등기·법인등기·개인회생 상담을 진행합니다. 확인되지 않은 실적이나 무조건적인 처리를 약속하지 않으며, 서류와 일정을 확인한 뒤 가능 범위를 안내합니다. 부산 가야역에서 자주 문의되는 업무 부산 가야역 생활권 특성을 반영한 상담 유형입니다. 실제 가능 여부는 서류와 관할을 확인한 뒤 안내합니다. 역세권 아파트·오",409,4ebba97caac4f78a
/업무사례/부산가정법원법무사,"부산가정법원에서 법무사 업무 사례와 상담 절차를 찾으시는 분을 위한 안내입니다. 가정법원 사건의 상속·가족관계 서류와 맞물린 등기·상담 일정을 정리하는 문의가 있습니다. 부산가정법원에서 법무사 업무 사례와 상담 절차를 찾으시는 분을 위한 안내입니다. 가정법원 사건의 상속·가족관계 서류와 맞물린 등기·상담 일정을 정리하는 문의가 있습니다. 부산가정법원에서 법무사 업무 사례와 상담 절차를 찾으시는 분을 위한 안내입니다. 가정법원 사건의 상속·가족관계 서류와 맞물린 등기·상담 일정을 정리하는 문의가 있습니다. 부산가정법원 일대에서는 완료서류·등기필정보 수령 일정 조율 , 소송·조정 일정과 맞춘 등기·서류 준비 문의가 이어집니다. 다옴법무사사무소 안윤정 법무사는 부산 해운대·센텀에서 부산가정법원 의뢰인의 상속등기·부동산등기·법인등기·개인회생 상담을 진행합니다. 확인되지 않은 실적이나 무조건적인 처리를 약속하지 않으며, 서류와 일정을 확인한 뒤 가능 범위를 안내합니다. 부산가정법원에서 자주 ",419,a90bdce9031350b5
/업무사례/부산감만동법무사,"부산 감만동에서 법무사 업무 사례와 상담 절차를 찾으시는 분을 위한 안내입니다. 남구 감만동 일대는 문현금융단지·대학가·용호 주거지가 함께 있어 법인등기, 오피스·주택 매매등기, 상속 관련 문의가 고루 들어오는 편입니다. 부산 감만동에서 법무사 업무 사례와 상담 절차를 찾으시는 분을 위한 안내입니다. 남구 감만동 일대는 문현금융단지·대학가·용호 주거지가 함께 있어 법인등기, 오피스·주택 매매등기, 상속 관련 문의가 고루 들어오는 편입니다. 부산 감만동에서 법무사 업무 사례와 상담 절차를 찾으시는 분을 위한 안내입니다. 남구 감만동 일대는 문현금융단지·대학가·용호 주거지가 함께 있어 법인등기, 오피스·주택 매매등기, 상속 관련 문의가 고루 들어오는 편입니다. 부산 감만동 일대에서는 공동상속인 협의 후 상속등기 , 근저당 설정·말소와 잔금일 일정 조율 문의가 이어집니다. 다옴법무사사무소 안윤정 법무사는 부산 해운대·센텀에서 부산 감만동 의뢰인의 상속등기·부동산등기·법인등기·개인회생 상담",412,8fd195fde68efe3a
/업무사례/부산감전동법무사,"부산 감전동에서 법무사 업무 사례와 상담 절차를 찾으시는 분을 위한 안내입니다. 사상구 감전동 일대는 사상터미널·주례·학장 일대는 교통 거점과 공업·주거가 공존해 공장·상가 등기, 법인 변경, 주택 이전 문의가 함께 있습니다. 부산 감전동에서 법무사 업무 사례와 상담 절차를 찾으시는 분을 위한 안내입니다. 사상구 감전동 일대는 사상터미널·주례·학장 일대는 교통 거점과 공업·주거가 공존해 공장·상가 등기, 법인 변경, 주택 이전 문의가 함께 있습니다. 부산 감전동에서 법무사 업무 사례와 상담 절차를 찾으시는 분을 위한 안내입니다. 사상구 감전동 일대는 사상터미널·주례·학장 일대는 교통 거점과 공업·주거가 공존해 공장·상가 등기, 법인 변경, 주택 이전 문의가 함께 있습니다. 부산 감전동 일대에서는 산업단지 입주 기업 법인설립·변경등기 , 담보 설정과 맞물린 사업장 등기 일정 문의가 이어집니다. 다옴법무사사무소 안윤정 법무사는 부산 해운대·센텀에서 부산 감전동 의뢰인의 상속등기·부동산등",427,04407c9e44237281
/업무사례/부산감천동법무사,"부산 감천동에서 법무사 업무 사례와 상담 절차를 찾으시는 분을 위한 안내입니다. 사하구 감천동 일대는 하단·다대·장림·감천 일대는 주거와 산업·관광지가 인접해 주택 이전, 공장·상가 등기, 상속 상담이 함께 이뤄집니다. 부산 감천동에서 법무사 업무 사례와 상담 절차를 찾으시는 분을 위한 안내입니다. 사하구 감천동 일대는 하단·다대·장림·감천 일대는 주거와 산업·관광지가 인접해 주택 이전, 공장·상가 등기, 상속 상담이 함께 이뤄집니다. 부산 감천동에서 법무사 업무 사례와 상담 절차를 찾으시는 분을 위한 안내입니다. 사하구 감천동 일대는 하단·다대·장림·감천 일대는 주거와 산업·관광지가 인접해 주택 이전, 공장·상가 등기, 상속 상담이 함께 이뤄집니다. 부산 감천동 일대에서는 산업단지 입주 기업 법인설립·변경등기 , 담보 설정과 맞물린 사업장 등기 일정 문의가 이어집니다. 다옴법무사사무소 안윤정 법무사는 부산 해운대·센텀에서 부산 감천동 의뢰인의 상속등기·부동산등기·법인등기·개인회생 ",432,76f833de0b724f03
/업무사례/부산감천문화마을법무사,"부산 감천문화마을에서 법무사 업무 사례와 상담 절차를 찾으시는 분을 위한 안내입니다. 문화마을 인근 소규모 주택·상가 권리 정리 문의가 있습니다. 부산 감천문화마을에서 법무사 업무 사례와 상담 절차를 찾으시는 분을 위한 안내입니다. 문화마을 인근 소규모 주택·상가 권리 정리 문의가 있습니다. 부산 감천문화마을에서 법무사 업무 사례와 상담 절차를 찾으시는 분을 위한 안내입니다. 문화마을 인근 소규모 주택·상가 권리 정리 문의가 있습니다. 부산 감천문화마을 일대에서는 소규모 점포 권리와 소유권 정리 , 관광지 인근 주택 매매등기 문의가 이어집니다. 다옴법무사사무소 안윤정 법무사는 부산 해운대·센텀에서 부산 감천문화마을 의뢰인의 상속등기·부동산등기·법인등기·개인회생 상담을 진행합니다. 확인되지 않은 실적이나 무조건적인 처리를 약속하지 않으며, 서류와 일정을 확인한 뒤 가능 범위를 안내합니다. 부산 감천문화마을에서 자주 문의되는 업무 부산 감천문화마을 생활권 특성을 반영한 상담 유형입니다.",427,938ad3b6db0639ff
/업무사례/부산강동동법무사,"부산 강동동에서 법무사 업무 사례와 상담 절차를 찾으시는 분을 위한 안내입니다. 강서구 강동동 일대는 명지·에코델타·녹산·신항 일대는 신도시와 산업·물류가 맞물려 신축 보존등기, 공장·창고 이전, 법인 설립·변경 문의가 많습니다. 부산 강동동에서 법무사 업무 사례와 상담 절차를 찾으시는 분을 위한 안내입니다. 강서구 강동동 일대는 명지·에코델타·녹산·신항 일대는 신도시와 산업·물류가 맞물려 신축 보존등기, 공장·창고 이전, 법인 설립·변경 문의가 많습니다. 부산 강동동에서 법무사 업무 사례와 상담 절차를 찾으시는 분을 위한 안내입니다. 강서구 강동동 일대는 명지·에코델타·녹산·신항 일대는 신도시와 산업·물류가 맞물려 신축 보존등기, 공장·창고 이전, 법인 설립·변경 문의가 많습니다. 부산 강동동 일대에서는 물류 법인 본점·지점 변경등기 , 항만 인근 토지·건축물 권리 확인 문의가 이어집니다. 다옴법무사사무소 안윤정 법무사는 부산 해운대·센텀에서 부산 강동동 의뢰인의 상속등기·부동산등",417,40bf207a5986a049
/업무사례/부산강서서부지원법무사,"부산 강서서부지원에서 법무사 업무 사례와 상담 절차를 찾으시는 분을 위한 안내입니다. 서부지원 관할과 맞닿은 서부산 생활권의 법무사 업무 문의가 이어집니다. 부산 강서서부지원에서 법무사 업무 사례와 상담 절차를 찾으시는 분을 위한 안내입니다. 서부지원 관할과 맞닿은 서부산 생활권의 법무사 업무 문의가 이어집니다. 부산 강서서부지원에서 법무사 업무 사례와 상담 절차를 찾으시는 분을 위한 안내입니다. 서부지원 관할과 맞닿은 서부산 생활권의 법무사 업무 문의가 이어집니다. 부산 강서서부지원 일대에서는 소송·조정 일정과 맞춘 등기·서류 준비 , 회생·파산 절차와 병행되는 재산·등기 확인 문의가 이어집니다. 다옴법무사사무소 안윤정 법무사는 부산 해운대·센텀에서 부산 강서서부지원 의뢰인의 상속등기·부동산등기·법인등기·개인회생 상담을 진행합니다. 확인되지 않은 실적이나 무조건적인 처리를 약속하지 않으며, 서류와 일정을 확인한 뒤 가능 범위를 안내합니다. 부산 강서서부지원에서 자주 문의되는 업무 ",427,f22465464b9c3cd3
/업무사례/부산강서해성산업단지법무사,"부산 강서해성산업단지에서 법무사 업무 사례와 상담 절차를 찾으시는 분을 위한 안내입니다. 강서 해성산단 인근 공장·법인등기 문의가 이어집니다. 부산 강서해성산업단지에서 법무사 업무 사례와 상담 절차를 찾으시는 분을 위한 안내입니다. 강서 해성산단 인근 공장·법인등기 문의가 이어집니다. 부산 강서해성산업단지에서 법무사 업무 사례와 상담 절차를 찾으시는 분을 위한 안내입니다. 강서 해성산단 인근 공장·법인등기 문의가 이어집니다. 부산 강서해성산업단지 일대에서는 법인설립·임원변경등기 , 개인회생·파산 관련 상담 문의가 이어집니다. 다옴법무사사무소 안윤정 법무사는 부산 해운대·센텀에서 부산 강서해성산업단지 의뢰인의 상속등기·부동산등기·법인등기·개인회생 상담을 진행합니다. 확인되지 않은 실적이나 무조건적인 처리를 약속하지 않으며, 서류와 일정을 확인한 뒤 가능 범위를 안내합니다. 부산 강서해성산업단지에서 자주 문의되는 업무 부산 강서해성산업단지 생활권 특성을 반영한 상담 유형입니다. 실제 가",406,e2bff55286209ce9
/업무사례/부산개금동법무사,"부산 개금동에서 법무사 업무 사례와 상담 절차를 찾으시는 분을 위한 안내입니다. 부산진구 개금동 일대는 서면·전포·부전 상권과 주거 단지가 맞닿아 잔금일 등기, 상가 이전, 법인 임원변경 문의가 꾸준한 생활권입니다. 부산 개금동에서 법무사 업무 사례와 상담 절차를 찾으시는 분을 위한 안내입니다. 부산진구 개금동 일대는 서면·전포·부전 상권과 주거 단지가 맞닿아 잔금일 등기, 상가 이전, 법인 임원변경 문의가 꾸준한 생활권입니다. 부산 개금동에서 법무사 업무 사례와 상담 절차를 찾으시는 분을 위한 안내입니다. 부산진구 개금동 일대는 서면·전포·부전 상권과 주거 단지가 맞닿아 잔금일 등기, 상가 이전, 법인 임원변경 문의가 꾸준한 생활권입니다. 부산 개금동 일대에서는 근저당 설정·말소와 잔금일 일정 조율 , 상가·점포 매매에 따른 이전등기 문의가 이어집니다. 다옴법무사사무소 안윤정 법무사는 부산 해운대·센텀에서 부산 개금동 의뢰인의 상속등기·부동산등기·법인등기·개인회생 상담을 진행합니다",454,3da15e300dc20dbc
/업무사례/부산개금역법무사,"부산 개금역에서 법무사 업무 사례와 상담 절차를 찾으시는 분을 위한 안내입니다. 개금 주거 밀집지의 소유권이전·상속 상담이 있는 생활권입니다. 부산 개금역에서 법무사 업무 사례와 상담 절차를 찾으시는 분을 위한 안내입니다. 개금 주거 밀집지의 소유권이전·상속 상담이 있는 생활권입니다. 부산 개금역에서 법무사 업무 사례와 상담 절차를 찾으시는 분을 위한 안내입니다. 개금 주거 밀집지의 소유권이전·상속 상담이 있는 생활권입니다. 부산 개금역 일대에서는 공동상속인 협의 후 상속등기 , 근저당 설정·말소와 잔금일 일정 조율 문의가 이어집니다. 다옴법무사사무소 안윤정 법무사는 부산 해운대·센텀에서 부산 개금역 의뢰인의 상속등기·부동산등기·법인등기·개인회생 상담을 진행합니다. 확인되지 않은 실적이나 무조건적인 처리를 약속하지 않으며, 서류와 일정을 확인한 뒤 가능 범위를 안내합니다. 부산 개금역에서 자주 문의되는 업무 부산 개금역 생활권 특성을 반영한 상담 유형입니다. 실제 가능 여부는 서류와",392,c9baaf671abd51c0
/업무사례/부산거제1동법무사,"부산 거제1동에서 법무사 업무 사례와 상담 절차를 찾으시는 분을 위한 안내입니다. 연제구 거제1동은(는) 거제동 생활권의 행정동으로, 주거 밀집지의 이전·상속등기 상담이 이어집니다. 부산 거제1동에서 법무사 업무 사례와 상담 절차를 찾으시는 분을 위한 안내입니다. 연제구 거제1동은(는) 거제동 생활권의 행정동으로, 주거 밀집지의 이전·상속등기 상담이 이어집니다. 부산 거제1동에서 법무사 업무 사례와 상담 절차를 찾으시는 분을 위한 안내입니다. 연제구 거제1동은(는) 거제동 생활권의 행정동으로, 주거 밀집지의 이전·상속등기 상담이 이어집니다. 부산 거제1동 일대에서는 완료서류·등기필정보 수령 일정 조율 , 소송·조정 일정과 맞춘 등기·서류 준비 문의가 이어집니다. 다옴법무사사무소 안윤정 법무사는 부산 해운대·센텀에서 부산 거제1동 의뢰인의 상속등기·부동산등기·법인등기·개인회생 상담을 진행합니다. 확인되지 않은 실적이나 무조건적인 처리를 약속하지 않으며, 서류와 일정을 확인한 뒤 가능 ",436,6947c779c5b27270
/업무사례/부산거제2동법무사,"부산 거제2동에서 법무사 업무 사례와 상담 절차를 찾으시는 분을 위한 안내입니다. 연제구 거제2동은(는) 거제동 생활권의 행정동으로, 주거 밀집지의 이전·상속등기 상담이 이어집니다. 부산 거제2동에서 법무사 업무 사례와 상담 절차를 찾으시는 분을 위한 안내입니다. 연제구 거제2동은(는) 거제동 생활권의 행정동으로, 주거 밀집지의 이전·상속등기 상담이 이어집니다. 부산 거제2동에서 법무사 업무 사례와 상담 절차를 찾으시는 분을 위한 안내입니다. 연제구 거제2동은(는) 거제동 생활권의 행정동으로, 주거 밀집지의 이전·상속등기 상담이 이어집니다. 부산 거제2동 일대에서는 소송·조정 일정과 맞춘 등기·서류 준비 , 회생·파산 절차와 병행되는 재산·등기 확인 문의가 이어집니다. 다옴법무사사무소 안윤정 법무사는 부산 해운대·센텀에서 부산 거제2동 의뢰인의 상속등기·부동산등기·법인등기·개인회생 상담을 진행합니다. 확인되지 않은 실적이나 무조건적인 처리를 약속하지 않으며, 서류와 일정을 확인한 뒤",428,30994bedd65af0aa
/업무사례/부산거제3동법무사,"부산 거제3동에서 법무사 업무 사례와 상담 절차를 찾으시는 분을 위한 안내입니다. 연제구 거제3동은(는) 거제동 생활권의 행정동으로, 주거 밀집지의 이전·상속등기 상담이 이어집니다. 부산 거제3동에서 법무사 업무 사례와 상담 절차를 찾으시는 분을 위한 안내입니다. 연제구 거제3동은(는) 거제동 생활권의 행정동으로, 주거 밀집지의 이전·상속등기 상담이 이어집니다. 부산 거제3동에서 법무사 업무 사례와 상담 절차를 찾으시는 분을 위한 안내입니다. 연제구 거제3동은(는) 거제동 생활권의 행정동으로, 주거 밀집지의 이전·상속등기 상담이 이어집니다. 부산 거제3동 일대에서는 회생·파산 절차와 병행되는 재산·등기 확인 , 가정·상속 사건과 연결된 부동산등기 문의가 이어집니다. 다옴법무사사무소 안윤정 법무사는 부산 해운대·센텀에서 부산 거제3동 의뢰인의 상속등기·부동산등기·법인등기·개인회생 상담을 진행합니다. 확인되지 않은 실적이나 무조건적인 처리를 약속하지 않으며, 서류와 일정을 확인한 뒤 가",434,37c101b77e9e139d
/업무사례/부산거제4동법무사,"부산 거제4동에서 법무사 업무 사례와 상담 절차를 찾으시는 분을 위한 안내입니다. 연제구 거제4동은(는) 거제동 생활권의 행정동으로, 주거 밀집지의 이전·상속등기 상담이 이어집니다. 부산 거제4동에서 법무사 업무 사례와 상담 절차를 찾으시는 분을 위한 안내입니다. 연제구 거제4동은(는) 거제동 생활권의 행정동으로, 주거 밀집지의 이전·상속등기 상담이 이어집니다. 부산 거제4동에서 법무사 업무 사례와 상담 절차를 찾으시는 분을 위한 안내입니다. 연제구 거제4동은(는) 거제동 생활권의 행정동으로, 주거 밀집지의 이전·상속등기 상담이 이어집니다. 부산 거제4동 일대에서는 가정·상속 사건과 연결된 부동산등기 , 등기소 접수·보정 일정 확인 문의가 이어집니다. 다옴법무사사무소 안윤정 법무사는 부산 해운대·센텀에서 부산 거제4동 의뢰인의 상속등기·부동산등기·법인등기·개인회생 상담을 진행합니다. 확인되지 않은 실적이나 무조건적인 처리를 약속하지 않으며, 서류와 일정을 확인한 뒤 가능 범위를 안내",431,574d5ed28be98cd7
/업무사례/부산거제동법무사,"부산 거제동에서 법무사 업무 사례와 상담 절차를 찾으시는 분을 위한 안내입니다. 연제구 거제동 일대는 거제·연산 일대는 시청·법원·등기 관련 기관과 가까워 소송·회생·등기 일정과 맞춘 법무사 업무 문의가 많은 지역입니다. 부산 거제동에서 법무사 업무 사례와 상담 절차를 찾으시는 분을 위한 안내입니다. 연제구 거제동 일대는 거제·연산 일대는 시청·법원·등기 관련 기관과 가까워 소송·회생·등기 일정과 맞춘 법무사 업무 문의가 많은 지역입니다. 부산 거제동에서 법무사 업무 사례와 상담 절차를 찾으시는 분을 위한 안내입니다. 연제구 거제동 일대는 거제·연산 일대는 시청·법원·등기 관련 기관과 가까워 소송·회생·등기 일정과 맞춘 법무사 업무 문의가 많은 지역입니다. 부산 거제동 일대에서는 관할 등기소에 따른 신청 방식 점검 , 완료서류·등기필정보 수령 일정 조율 문의가 이어집니다. 다옴법무사사무소 안윤정 법무사는 부산 해운대·센텀에서 부산 거제동 의뢰인의 상속등기·부동산등기·법인등기·개인회생",423,feefbf6d75d4b370
/업무사례/부산거제동법원법무사,"부산 거제동법원에서 법무사 업무 사례와 상담 절차를 찾으시는 분을 위한 안내입니다. 거제동 법원 생활권에서 소송·등기 일정을 함께 맞추는 상담이 있습니다. 부산 거제동법원에서 법무사 업무 사례와 상담 절차를 찾으시는 분을 위한 안내입니다. 거제동 법원 생활권에서 소송·등기 일정을 함께 맞추는 상담이 있습니다. 부산 거제동법원에서 법무사 업무 사례와 상담 절차를 찾으시는 분을 위한 안내입니다. 거제동 법원 생활권에서 소송·등기 일정을 함께 맞추는 상담이 있습니다. 부산 거제동법원 일대에서는 완료서류·등기필정보 수령 일정 조율 , 소송·조정 일정과 맞춘 등기·서류 준비 문의가 이어집니다. 다옴법무사사무소 안윤정 법무사는 부산 해운대·센텀에서 부산 거제동법원 의뢰인의 상속등기·부동산등기·법인등기·개인회생 상담을 진행합니다. 확인되지 않은 실적이나 무조건적인 처리를 약속하지 않으며, 서류와 일정을 확인한 뒤 가능 범위를 안내합니다. 부산 거제동법원에서 자주 문의되는 업무 부산 거제동법원 생",433,9f48f8ee1aec7da5
/업무사례/부산거제역법무사,"부산 거제역에서 법무사 업무 사례와 상담 절차를 찾으시는 분을 위한 안내입니다. 거제 역세권·법원 생활권의 등기 상담이 이어집니다. 부산 거제역에서 법무사 업무 사례와 상담 절차를 찾으시는 분을 위한 안내입니다. 거제 역세권·법원 생활권의 등기 상담이 이어집니다. 부산 거제역에서 법무사 업무 사례와 상담 절차를 찾으시는 분을 위한 안내입니다. 거제 역세권·법원 생활권의 등기 상담이 이어집니다. 부산 거제역 일대에서는 역세권 아파트·오피스텔 이전등기 , 역 인근 상가 매매등기 문의가 이어집니다. 다옴법무사사무소 안윤정 법무사는 부산 해운대·센텀에서 부산 거제역 의뢰인의 상속등기·부동산등기·법인등기·개인회생 상담을 진행합니다. 확인되지 않은 실적이나 무조건적인 처리를 약속하지 않으며, 서류와 일정을 확인한 뒤 가능 범위를 안내합니다. 부산 거제역에서 자주 문의되는 업무 부산 거제역 생활권 특성을 반영한 상담 유형입니다. 실제 가능 여부는 서류와 관할을 확인한 뒤 안내합니다. 역세권 아파",412,a0c32724bb447e22
/업무사례/부산거주김해부동산상속,"부산에 거주하면서 김해·장유·율하 부동산만 상속받는 경우, 거주지와 부동산 소재가 달라도 상속등기는 관할 특례로 검토할 수 있습니다. 다옴법무사사무소는 부산 해운대구에 있으며 김해 지점은 없습니다. 부산 거주 상속인은 사무소 방문이 편하고, 다른 상속인이 경남·수도권에 있으면 비대면 위임·협의로 맞출 수 있습니다. 일반적인 상담 유형으로 김해 부동산 목록·협의분할·서류를 정리합니다. 부산에 거주하면서 김해·장유·율하 부동산만 상속받는 경우, 거주지와 부동산 소재가 달라도 상속등기는 관할 특례로 검토할 수 있습니다. 다옴법무사사무소는 부산 해운대구에 있으며 김해 지점은 없습니다. 부산 거주 상속인은 사무소 방문이 편하고, 다른 상속인이 경남·수도권에 있으면 비대면 위임·협의로 맞출 수 있습니다. 일반적인 상담 유형으로 김해 부동산 목록·협의분할·서류를 정리합니다. 부산에 거주하면서 김해·장유·율하 부동산만 상속받는 경우, 거주지와 부동산 소재가 달라도 상속등기는 관할 특례로 검토할 수",433,0122727c64a5f225
/업무사례/부산거주양산부동산상속,"부산에 거주하면서 양산 물금·증산·사송 아파트·토지만 상속받는 경우, 거주지와 소재지가 달라도 상속등기 관할 특례 검토가 가능합니다. 다옴법무사사무소는 부산 해운대구에 있으며 양산 지점은 없습니다. 부산 거주 상속인은 사무소 방문이 편하고, 다른 상속인이 타지역에 있으면 비대면 위임·협의로 진행합니다. 일반적인 상담 유형으로 양산 부동산 목록·협의분할·서류를 정리합니다. 부산에 거주하면서 양산 물금·증산·사송 아파트·토지만 상속받는 경우, 거주지와 소재지가 달라도 상속등기 관할 특례 검토가 가능합니다. 다옴법무사사무소는 부산 해운대구에 있으며 양산 지점은 없습니다. 부산 거주 상속인은 사무소 방문이 편하고, 다른 상속인이 타지역에 있으면 비대면 위임·협의로 진행합니다. 일반적인 상담 유형으로 양산 부동산 목록·협의분할·서류를 정리합니다. 부산에 거주하면서 양산 물금·증산·사송 아파트·토지만 상속받는 경우, 거주지와 소재지가 달라도 상속등기 관할 특례 검토가 가능합니다. 다옴법무사사무",407,2611defd7a7b65dd
/업무사례/부산경성대법무사,"부산 경성대에서 법무사 업무 사례와 상담 절차를 찾으시는 분을 위한 안내입니다. 대학가 임대·주거 매매등기 상담이 있는 생활권입니다. 부산 경성대에서 법무사 업무 사례와 상담 절차를 찾으시는 분을 위한 안내입니다. 대학가 임대·주거 매매등기 상담이 있는 생활권입니다. 부산 경성대에서 법무사 업무 사례와 상담 절차를 찾으시는 분을 위한 안내입니다. 대학가 임대·주거 매매등기 상담이 있는 생활권입니다. 부산 경성대 일대에서는 임대사업 관련 소유권·담보등기 , 교직원·학생 가족의 상속·이전 상담 문의가 이어집니다. 다옴법무사사무소 안윤정 법무사는 부산 해운대·센텀에서 부산 경성대 의뢰인의 상속등기·부동산등기·법인등기·개인회생 상담을 진행합니다. 확인되지 않은 실적이나 무조건적인 처리를 약속하지 않으며, 서류와 일정을 확인한 뒤 가능 범위를 안내합니다. 부산 경성대에서 자주 문의되는 업무 부산 경성대 생활권 특성을 반영한 상담 유형입니다. 실제 가능 여부는 서류와 관할을 확인한 뒤 안내합니",408,9a8086405cd13fe7
/업무사례/부산고등법원법무사,"부산고등법원에서 법무사 업무 사례와 상담 절차를 찾으시는 분을 위한 안내입니다. 고등법원 인근에서 항소·소송 일정과 연결된 서류·등기 상담이 이어지는 구간입니다. 부산고등법원에서 법무사 업무 사례와 상담 절차를 찾으시는 분을 위한 안내입니다. 고등법원 인근에서 항소·소송 일정과 연결된 서류·등기 상담이 이어지는 구간입니다. 부산고등법원에서 법무사 업무 사례와 상담 절차를 찾으시는 분을 위한 안내입니다. 고등법원 인근에서 항소·소송 일정과 연결된 서류·등기 상담이 이어지는 구간입니다. 부산고등법원 일대에서는 회생·파산 절차와 병행되는 재산·등기 확인 , 가정·상속 사건과 연결된 부동산등기 문의가 이어집니다. 다옴법무사사무소 안윤정 법무사는 부산 해운대·센텀에서 부산고등법원 의뢰인의 상속등기·부동산등기·법인등기·개인회생 상담을 진행합니다. 확인되지 않은 실적이나 무조건적인 처리를 약속하지 않으며, 서류와 일정을 확인한 뒤 가능 범위를 안내합니다. 부산고등법원에서 자주 문의되는 업무 부산",416,a24226e7c39fca96
/업무사례/부산과학기술대학교법무사,"부산과학기술대학교에서 법무사 업무 사례와 상담 절차를 찾으시는 분을 위한 안내입니다. 대학 인근 주거·상가 등기 문의가 있는 생활권입니다. 부산과학기술대학교에서 법무사 업무 사례와 상담 절차를 찾으시는 분을 위한 안내입니다. 대학 인근 주거·상가 등기 문의가 있는 생활권입니다. 부산과학기술대학교에서 법무사 업무 사례와 상담 절차를 찾으시는 분을 위한 안내입니다. 대학 인근 주거·상가 등기 문의가 있는 생활권입니다. 부산과학기술대학교 일대에서는 부동산 매매·증여 이전등기 , 법인설립·임원변경등기 문의가 이어집니다. 다옴법무사사무소 안윤정 법무사는 부산 해운대·센텀에서 부산과학기술대학교 의뢰인의 상속등기·부동산등기·법인등기·개인회생 상담을 진행합니다. 확인되지 않은 실적이나 무조건적인 처리를 약속하지 않으며, 서류와 일정을 확인한 뒤 가능 범위를 안내합니다. 부산과학기술대학교에서 자주 문의되는 업무 부산과학기술대학교 생활권 특성을 반영한 상담 유형입니다. 실제 가능 여부는 서류와 관할을",389,d7b21a84d836426d
/업무사례/부산광복동법무사,"부산 광복동에서 법무사 업무 사례와 상담 절차를 찾으시는 분을 위한 안내입니다. 중구 광복동 일대는 남포·광복·국제시장 등 원도심 상권이 모여 있고, 상가·주택 권리관계와 상속·매매 등기 문의가 함께 이어지는 지역입니다. 부산 광복동에서 법무사 업무 사례와 상담 절차를 찾으시는 분을 위한 안내입니다. 중구 광복동 일대는 남포·광복·국제시장 등 원도심 상권이 모여 있고, 상가·주택 권리관계와 상속·매매 등기 문의가 함께 이어지는 지역입니다. 부산 광복동에서 법무사 업무 사례와 상담 절차를 찾으시는 분을 위한 안내입니다. 중구 광복동 일대는 남포·광복·국제시장 등 원도심 상권이 모여 있고, 상가·주택 권리관계와 상속·매매 등기 문의가 함께 이어지는 지역입니다. 부산 광복동 일대에서는 상가·점포 매매에 따른 이전등기 , 상가건물 구분소유권 관련 등기 문의가 이어집니다. 다옴법무사사무소 안윤정 법무사는 부산 해운대·센텀에서 부산 광복동 의뢰인의 상속등기·부동산등기·법인등기·개인회생 상담을 ",447,f01e2fad1c9f99aa
/업무사례/부산광안1동법무사,"부산 광안1동에서 법무사 업무 사례와 상담 절차를 찾으시는 분을 위한 안내입니다. 수영구 광안1동은(는) 광안동 생활권의 행정동으로, 주거 밀집지의 이전·상속등기 상담이 이어집니다. 부산 광안1동에서 법무사 업무 사례와 상담 절차를 찾으시는 분을 위한 안내입니다. 수영구 광안1동은(는) 광안동 생활권의 행정동으로, 주거 밀집지의 이전·상속등기 상담이 이어집니다. 부산 광안1동에서 법무사 업무 사례와 상담 절차를 찾으시는 분을 위한 안내입니다. 수영구 광안1동은(는) 광안동 생활권의 행정동으로, 주거 밀집지의 이전·상속등기 상담이 이어집니다. 부산 광안1동 일대에서는 공동상속인 협의 후 상속등기 , 근저당 설정·말소와 잔금일 일정 조율 문의가 이어집니다. 다옴법무사사무소 안윤정 법무사는 부산 해운대·센텀에서 부산 광안1동 의뢰인의 상속등기·부동산등기·법인등기·개인회생 상담을 진행합니다. 확인되지 않은 실적이나 무조건적인 처리를 약속하지 않으며, 서류와 일정을 확인한 뒤 가능 범위를 안",412,984c91bbed7e1c3e
/업무사례/부산광안2동법무사,"부산 광안2동에서 법무사 업무 사례와 상담 절차를 찾으시는 분을 위한 안내입니다. 수영구 광안2동은(는) 광안동 생활권의 행정동으로, 주거 밀집지의 이전·상속등기 상담이 이어집니다. 부산 광안2동에서 법무사 업무 사례와 상담 절차를 찾으시는 분을 위한 안내입니다. 수영구 광안2동은(는) 광안동 생활권의 행정동으로, 주거 밀집지의 이전·상속등기 상담이 이어집니다. 부산 광안2동에서 법무사 업무 사례와 상담 절차를 찾으시는 분을 위한 안내입니다. 수영구 광안2동은(는) 광안동 생활권의 행정동으로, 주거 밀집지의 이전·상속등기 상담이 이어집니다. 부산 광안2동 일대에서는 근저당 설정·말소와 잔금일 일정 조율 , 해안·관광 상권과 맞닿은 상가·주택 소유권이전 문의가 이어집니다. 다옴법무사사무소 안윤정 법무사는 부산 해운대·센텀에서 부산 광안2동 의뢰인의 상속등기·부동산등기·법인등기·개인회생 상담을 진행합니다. 확인되지 않은 실적이나 무조건적인 처리를 약속하지 않으며, 서류와 일정을 확인한 ",444,fe6b54b008289ad7
/업무사례/부산광안3동법무사,"부산 광안3동에서 법무사 업무 사례와 상담 절차를 찾으시는 분을 위한 안내입니다. 수영구 광안3동은(는) 광안동 생활권의 행정동으로, 주거 밀집지의 이전·상속등기 상담이 이어집니다. 부산 광안3동에서 법무사 업무 사례와 상담 절차를 찾으시는 분을 위한 안내입니다. 수영구 광안3동은(는) 광안동 생활권의 행정동으로, 주거 밀집지의 이전·상속등기 상담이 이어집니다. 부산 광안3동에서 법무사 업무 사례와 상담 절차를 찾으시는 분을 위한 안내입니다. 수영구 광안3동은(는) 광안동 생활권의 행정동으로, 주거 밀집지의 이전·상속등기 상담이 이어집니다. 부산 광안3동 일대에서는 해안·관광 상권과 맞닿은 상가·주택 소유권이전 , 계절 상권 점포의 권리관계 확인 후 등기 문의가 이어집니다. 다옴법무사사무소 안윤정 법무사는 부산 해운대·센텀에서 부산 광안3동 의뢰인의 상속등기·부동산등기·법인등기·개인회생 상담을 진행합니다. 확인되지 않은 실적이나 무조건적인 처리를 약속하지 않으며, 서류와 일정을 확인",434,1b33f0ebc80ed012
/업무사례/부산광안4동법무사,"부산 광안4동에서 법무사 업무 사례와 상담 절차를 찾으시는 분을 위한 안내입니다. 수영구 광안4동은(는) 광안동 생활권의 행정동으로, 주거 밀집지의 이전·상속등기 상담이 이어집니다. 부산 광안4동에서 법무사 업무 사례와 상담 절차를 찾으시는 분을 위한 안내입니다. 수영구 광안4동은(는) 광안동 생활권의 행정동으로, 주거 밀집지의 이전·상속등기 상담이 이어집니다. 부산 광안4동에서 법무사 업무 사례와 상담 절차를 찾으시는 분을 위한 안내입니다. 수영구 광안4동은(는) 광안동 생활권의 행정동으로, 주거 밀집지의 이전·상속등기 상담이 이어집니다. 부산 광안4동 일대에서는 계절 상권 점포의 권리관계 확인 후 등기 , 해안 주거 단지의 상속·공동명의 정리 문의가 이어집니다. 다옴법무사사무소 안윤정 법무사는 부산 해운대·센텀에서 부산 광안4동 의뢰인의 상속등기·부동산등기·법인등기·개인회생 상담을 진행합니다. 확인되지 않은 실적이나 무조건적인 처리를 약속하지 않으며, 서류와 일정을 확인한 뒤 가",439,80ee51e6ed10414c
/업무사례/부산광안대교법무사,"부산 광안대교에서 법무사 업무 사례와 상담 절차를 찾으시는 분을 위한 안내입니다. 광안 해안 경관 생활권의 부동산 상담 구간입니다. 부산 광안대교에서 법무사 업무 사례와 상담 절차를 찾으시는 분을 위한 안내입니다. 광안 해안 경관 생활권의 부동산 상담 구간입니다. 부산 광안대교에서 법무사 업무 사례와 상담 절차를 찾으시는 분을 위한 안내입니다. 광안 해안 경관 생활권의 부동산 상담 구간입니다. 부산 광안대교 일대에서는 해안·관광 상권과 맞닿은 상가·주택 소유권이전 , 계절 상권 점포의 권리관계 확인 후 등기 문의가 이어집니다. 다옴법무사사무소 안윤정 법무사는 부산 해운대·센텀에서 부산 광안대교 의뢰인의 상속등기·부동산등기·법인등기·개인회생 상담을 진행합니다. 확인되지 않은 실적이나 무조건적인 처리를 약속하지 않으며, 서류와 일정을 확인한 뒤 가능 범위를 안내합니다. 부산 광안대교에서 자주 문의되는 업무 부산 광안대교 생활권 특성을 반영한 상담 유형입니다. 실제 가능 여부는 서류와 관",427,c80256e6b3efd29a
/업무사례/부산광안동법무사,"부산 광안동에서 법무사 업무 사례와 상담 절차를 찾으시는 분을 위한 안내입니다. 수영구 광안동 일대는 광안리·남천·망미 일대는 해안 주거와 상권이 밀집해 아파트·오피스텔 이전등기, 상가 권리, 상속 상담이 이어집니다. 부산 광안동에서 법무사 업무 사례와 상담 절차를 찾으시는 분을 위한 안내입니다. 수영구 광안동 일대는 광안리·남천·망미 일대는 해안 주거와 상권이 밀집해 아파트·오피스텔 이전등기, 상가 권리, 상속 상담이 이어집니다. 부산 광안동에서 법무사 업무 사례와 상담 절차를 찾으시는 분을 위한 안내입니다. 수영구 광안동 일대는 광안리·남천·망미 일대는 해안 주거와 상권이 밀집해 아파트·오피스텔 이전등기, 상가 권리, 상속 상담이 이어집니다. 부산 광안동 일대에서는 공동상속인 협의 후 상속등기 , 근저당 설정·말소와 잔금일 일정 조율 문의가 이어집니다. 다옴법무사사무소 안윤정 법무사는 부산 해운대·센텀에서 부산 광안동 의뢰인의 상속등기·부동산등기·법인등기·개인회생 상담을 진행합니",453,47546e93c1fba008
/업무사례/부산광안리법무사,"부산 광안리에서 법무사 업무 사례와 상담 절차를 찾으시는 분을 위한 안내입니다. 광안리 해변 상권·주거의 이전등기·상가 권리 상담이 많은 대표 생활권입니다. 부산 광안리에서 법무사 업무 사례와 상담 절차를 찾으시는 분을 위한 안내입니다. 광안리 해변 상권·주거의 이전등기·상가 권리 상담이 많은 대표 생활권입니다. 부산 광안리에서 법무사 업무 사례와 상담 절차를 찾으시는 분을 위한 안내입니다. 광안리 해변 상권·주거의 이전등기·상가 권리 상담이 많은 대표 생활권입니다. 부산 광안리 일대에서는 소규모 점포 권리와 소유권 정리 , 관광지 인근 주택 매매등기 문의가 이어집니다. 다옴법무사사무소 안윤정 법무사는 부산 해운대·센텀에서 부산 광안리 의뢰인의 상속등기·부동산등기·법인등기·개인회생 상담을 진행합니다. 확인되지 않은 실적이나 무조건적인 처리를 약속하지 않으며, 서류와 일정을 확인한 뒤 가능 범위를 안내합니다. 부산 광안리에서 자주 문의되는 업무 부산 광안리 생활권 특성을 반영한 상담 ",404,268831296a2add95
/업무사례/부산광안역법무사,"부산 광안역에서 법무사 업무 사례와 상담 절차를 찾으시는 분을 위한 안내입니다. 광안 역세권 주거·상가 등기 문의가 있습니다. 부산 광안역에서 법무사 업무 사례와 상담 절차를 찾으시는 분을 위한 안내입니다. 광안 역세권 주거·상가 등기 문의가 있습니다. 부산 광안역에서 법무사 업무 사례와 상담 절차를 찾으시는 분을 위한 안내입니다. 광안 역세권 주거·상가 등기 문의가 있습니다. 부산 광안역 일대에서는 해안·관광 상권과 맞닿은 상가·주택 소유권이전 , 계절 상권 점포의 권리관계 확인 후 등기 문의가 이어집니다. 다옴법무사사무소 안윤정 법무사는 부산 해운대·센텀에서 부산 광안역 의뢰인의 상속등기·부동산등기·법인등기·개인회생 상담을 진행합니다. 확인되지 않은 실적이나 무조건적인 처리를 약속하지 않으며, 서류와 일정을 확인한 뒤 가능 범위를 안내합니다. 부산 광안역에서 자주 문의되는 업무 부산 광안역 생활권 특성을 반영한 상담 유형입니다. 실제 가능 여부는 서류와 관할을 확인한 뒤 안내합니",430,c1f19a550fb3ebd5
/업무사례/부산괘법동법무사,"부산 괘법동에서 법무사 업무 사례와 상담 절차를 찾으시는 분을 위한 안내입니다. 사상구 괘법동 일대는 사상터미널·주례·학장 일대는 교통 거점과 공업·주거가 공존해 공장·상가 등기, 법인 변경, 주택 이전 문의가 함께 있습니다. 부산 괘법동에서 법무사 업무 사례와 상담 절차를 찾으시는 분을 위한 안내입니다. 사상구 괘법동 일대는 사상터미널·주례·학장 일대는 교통 거점과 공업·주거가 공존해 공장·상가 등기, 법인 변경, 주택 이전 문의가 함께 있습니다. 부산 괘법동에서 법무사 업무 사례와 상담 절차를 찾으시는 분을 위한 안내입니다. 사상구 괘법동 일대는 사상터미널·주례·학장 일대는 교통 거점과 공업·주거가 공존해 공장·상가 등기, 법인 변경, 주택 이전 문의가 함께 있습니다. 부산 괘법동 일대에서는 산업단지 입주 기업 법인설립·변경등기 , 담보 설정과 맞물린 사업장 등기 일정 문의가 이어집니다. 다옴법무사사무소 안윤정 법무사는 부산 해운대·센텀에서 부산 괘법동 의뢰인의 상속등기·부동산등",454,78d8a573e3d583b7
/업무사례/부산괘법르네시떼역법무사,"부산 괘법르네시떼역에서 법무사 업무 사례와 상담 절차를 찾으시는 분을 위한 안내입니다. 괘법 상권·주거 등기 상담이 이어집니다. 부산 괘법르네시떼역에서 법무사 업무 사례와 상담 절차를 찾으시는 분을 위한 안내입니다. 괘법 상권·주거 등기 상담이 이어집니다. 부산 괘법르네시떼역에서 법무사 업무 사례와 상담 절차를 찾으시는 분을 위한 안내입니다. 괘법 상권·주거 등기 상담이 이어집니다. 부산 괘법르네시떼역 일대에서는 역 인근 상가 매매등기 , 교통 거점 생활권의 상속등기 문의가 이어집니다. 다옴법무사사무소 안윤정 법무사는 부산 해운대·센텀에서 부산 괘법르네시떼역 의뢰인의 상속등기·부동산등기·법인등기·개인회생 상담을 진행합니다. 확인되지 않은 실적이나 무조건적인 처리를 약속하지 않으며, 서류와 일정을 확인한 뒤 가능 범위를 안내합니다. 부산 괘법르네시떼역에서 자주 문의되는 업무 부산 괘법르네시떼역 생활권 특성을 반영한 상담 유형입니다. 실제 가능 여부는 서류와 관할을 확인한 뒤 안내합니다",413,345d419cce1ed166
/업무사례/부산괴정동법무사,"부산 괴정동에서 법무사 업무 사례와 상담 절차를 찾으시는 분을 위한 안내입니다. 사하구 괴정동 일대는 하단·다대·장림·감천 일대는 주거와 산업·관광지가 인접해 주택 이전, 공장·상가 등기, 상속 상담이 함께 이뤄집니다. 부산 괴정동에서 법무사 업무 사례와 상담 절차를 찾으시는 분을 위한 안내입니다. 사하구 괴정동 일대는 하단·다대·장림·감천 일대는 주거와 산업·관광지가 인접해 주택 이전, 공장·상가 등기, 상속 상담이 함께 이뤄집니다. 부산 괴정동에서 법무사 업무 사례와 상담 절차를 찾으시는 분을 위한 안내입니다. 사하구 괴정동 일대는 하단·다대·장림·감천 일대는 주거와 산업·관광지가 인접해 주택 이전, 공장·상가 등기, 상속 상담이 함께 이뤄집니다. 부산 괴정동 일대에서는 담보 설정과 맞물린 사업장 등기 일정 , 해안·관광 상권과 맞닿은 상가·주택 소유권이전 문의가 이어집니다. 다옴법무사사무소 안윤정 법무사는 부산 해운대·센텀에서 부산 괴정동 의뢰인의 상속등기·부동산등기·법인등기·",470,c8fc47f18ac78dd7
/업무사례/부산교대역법무사,"부산 교대역에서 법무사 업무 사례와 상담 절차를 찾으시는 분을 위한 안내입니다. 교대 역세권 주거·상가 등기 문의가 있는 구간입니다. 부산 교대역에서 법무사 업무 사례와 상담 절차를 찾으시는 분을 위한 안내입니다. 교대 역세권 주거·상가 등기 문의가 있는 구간입니다. 부산 교대역에서 법무사 업무 사례와 상담 절차를 찾으시는 분을 위한 안내입니다. 교대 역세권 주거·상가 등기 문의가 있는 구간입니다. 부산 교대역 일대에서는 역세권 아파트·오피스텔 이전등기 , 역 인근 상가 매매등기 문의가 이어집니다. 다옴법무사사무소 안윤정 법무사는 부산 해운대·센텀에서 부산 교대역 의뢰인의 상속등기·부동산등기·법인등기·개인회생 상담을 진행합니다. 확인되지 않은 실적이나 무조건적인 처리를 약속하지 않으며, 서류와 일정을 확인한 뒤 가능 범위를 안내합니다. 부산 교대역에서 자주 문의되는 업무 부산 교대역 생활권 특성을 반영한 상담 유형입니다. 실제 가능 여부는 서류와 관할을 확인한 뒤 안내합니다. 역세권",412,1ab41d4f2f3deeef
/업무사례/부산구랑동법무사,"부산 구랑동에서 법무사 업무 사례와 상담 절차를 찾으시는 분을 위한 안내입니다. 강서구 구랑동 일대는 명지·에코델타·녹산·신항 일대는 신도시와 산업·물류가 맞물려 신축 보존등기, 공장·창고 이전, 법인 설립·변경 문의가 많습니다. 부산 구랑동에서 법무사 업무 사례와 상담 절차를 찾으시는 분을 위한 안내입니다. 강서구 구랑동 일대는 명지·에코델타·녹산·신항 일대는 신도시와 산업·물류가 맞물려 신축 보존등기, 공장·창고 이전, 법인 설립·변경 문의가 많습니다. 부산 구랑동에서 법무사 업무 사례와 상담 절차를 찾으시는 분을 위한 안내입니다. 강서구 구랑동 일대는 명지·에코델타·녹산·신항 일대는 신도시와 산업·물류가 맞물려 신축 보존등기, 공장·창고 이전, 법인 설립·변경 문의가 많습니다. 부산 구랑동 일대에서는 물류 법인 본점·지점 변경등기 , 항만 인근 토지·건축물 권리 확인 문의가 이어집니다. 다옴법무사사무소 안윤정 법무사는 부산 해운대·센텀에서 부산 구랑동 의뢰인의 상속등기·부동산등",450,5a20edbfd43659ce
/업무사례/부산구서동법무사,"부산 구서동에서 법무사 업무 사례와 상담 절차를 찾으시는 분을 위한 안내입니다. 금정구 구서동 일대는 부산대·장전·구서·노포 생활권으로 대학가 임대·주거 매매, 상속등기, 인근 공업지역 관련 법인·부동산 문의가 있습니다. 부산 구서동에서 법무사 업무 사례와 상담 절차를 찾으시는 분을 위한 안내입니다. 금정구 구서동 일대는 부산대·장전·구서·노포 생활권으로 대학가 임대·주거 매매, 상속등기, 인근 공업지역 관련 법인·부동산 문의가 있습니다. 부산 구서동에서 법무사 업무 사례와 상담 절차를 찾으시는 분을 위한 안내입니다. 금정구 구서동 일대는 부산대·장전·구서·노포 생활권으로 대학가 임대·주거 매매, 상속등기, 인근 공업지역 관련 법인·부동산 문의가 있습니다. 부산 구서동 일대에서는 임대사업 관련 소유권·담보등기 , 교직원·학생 가족의 상속·이전 상담 문의가 이어집니다. 다옴법무사사무소 안윤정 법무사는 부산 해운대·센텀에서 부산 구서동 의뢰인의 상속등기·부동산등기·법인등기·개인회생 상담",408,e125c247da7e3b27
/업무사례/부산구서역법무사,"부산 구서역에서 법무사 업무 사례와 상담 절차를 찾으시는 분을 위한 안내입니다. 구서 주거 밀집지의 이전·상속등기 문의가 있습니다. 부산 구서역에서 법무사 업무 사례와 상담 절차를 찾으시는 분을 위한 안내입니다. 구서 주거 밀집지의 이전·상속등기 문의가 있습니다. 부산 구서역에서 법무사 업무 사례와 상담 절차를 찾으시는 분을 위한 안내입니다. 구서 주거 밀집지의 이전·상속등기 문의가 있습니다. 부산 구서역 일대에서는 역세권 아파트·오피스텔 이전등기 , 역 인근 상가 매매등기 문의가 이어집니다. 다옴법무사사무소 안윤정 법무사는 부산 해운대·센텀에서 부산 구서역 의뢰인의 상속등기·부동산등기·법인등기·개인회생 상담을 진행합니다. 확인되지 않은 실적이나 무조건적인 처리를 약속하지 않으며, 서류와 일정을 확인한 뒤 가능 범위를 안내합니다. 부산 구서역에서 자주 문의되는 업무 부산 구서역 생활권 특성을 반영한 상담 유형입니다. 실제 가능 여부는 서류와 관할을 확인한 뒤 안내합니다. 역세권 아파",409,3ca58e2eade22605
/업무사례/부산구평동법무사,"부산 구평동에서 법무사 업무 사례와 상담 절차를 찾으시는 분을 위한 안내입니다. 사하구 구평동 일대는 하단·다대·장림·감천 일대는 주거와 산업·관광지가 인접해 주택 이전, 공장·상가 등기, 상속 상담이 함께 이뤄집니다. 부산 구평동에서 법무사 업무 사례와 상담 절차를 찾으시는 분을 위한 안내입니다. 사하구 구평동 일대는 하단·다대·장림·감천 일대는 주거와 산업·관광지가 인접해 주택 이전, 공장·상가 등기, 상속 상담이 함께 이뤄집니다. 부산 구평동에서 법무사 업무 사례와 상담 절차를 찾으시는 분을 위한 안내입니다. 사하구 구평동 일대는 하단·다대·장림·감천 일대는 주거와 산업·관광지가 인접해 주택 이전, 공장·상가 등기, 상속 상담이 함께 이뤄집니다. 부산 구평동 일대에서는 근저당 설정·말소와 잔금일 일정 조율 , 공장·창고 부동산 취득·이전등기 문의가 이어집니다. 다옴법무사사무소 안윤정 법무사는 부산 해운대·센텀에서 부산 구평동 의뢰인의 상속등기·부동산등기·법인등기·개인회생 상담을",462,af98ef84da914bb5
/업무사례/부산구포동법무사,"부산 구포동에서 법무사 업무 사례와 상담 절차를 찾으시는 분을 위한 안내입니다. 북구 구포동 일대는 화명·덕천·만덕 등 주거 밀집 지역으로, 아파트 소유권이전·상속·근저당 설정·말소 등기 상담이 잦은 생활권입니다. 부산 구포동에서 법무사 업무 사례와 상담 절차를 찾으시는 분을 위한 안내입니다. 북구 구포동 일대는 화명·덕천·만덕 등 주거 밀집 지역으로, 아파트 소유권이전·상속·근저당 설정·말소 등기 상담이 잦은 생활권입니다. 부산 구포동에서 법무사 업무 사례와 상담 절차를 찾으시는 분을 위한 안내입니다. 북구 구포동 일대는 화명·덕천·만덕 등 주거 밀집 지역으로, 아파트 소유권이전·상속·근저당 설정·말소 등기 상담이 잦은 생활권입니다. 부산 구포동 일대에서는 공동상속인 협의 후 상속등기 , 근저당 설정·말소와 잔금일 일정 조율 문의가 이어집니다. 다옴법무사사무소 안윤정 법무사는 부산 해운대·센텀에서 부산 구포동 의뢰인의 상속등기·부동산등기·법인등기·개인회생 상담을 진행합니다. 확인되",414,a4fc537454956f86
/업무사례/부산구포시장법무사,"부산 구포시장에서 법무사 업무 사례와 상담 절차를 찾으시는 분을 위한 안내입니다. 시장 상권의 점포 권리·부동산등기 일정을 맞추는 상담이 있습니다. 부산 구포시장에서 법무사 업무 사례와 상담 절차를 찾으시는 분을 위한 안내입니다. 시장 상권의 점포 권리·부동산등기 일정을 맞추는 상담이 있습니다. 부산 구포시장에서 법무사 업무 사례와 상담 절차를 찾으시는 분을 위한 안내입니다. 시장 상권의 점포 권리·부동산등기 일정을 맞추는 상담이 있습니다. 부산 구포시장 일대에서는 시장·점포 권리와 건물등기 정리 , 상가 임대차와 맞물린 소유권 확인 문의가 이어집니다. 다옴법무사사무소 안윤정 법무사는 부산 해운대·센텀에서 부산 구포시장 의뢰인의 상속등기·부동산등기·법인등기·개인회생 상담을 진행합니다. 확인되지 않은 실적이나 무조건적인 처리를 약속하지 않으며, 서류와 일정을 확인한 뒤 가능 범위를 안내합니다. 부산 구포시장에서 자주 문의되는 업무 부산 구포시장 생활권 특성을 반영한 상담 유형입니다. ",414,53f49fe82903256f
/업무사례/부산구포역법무사,"부산 구포역에서 법무사 업무 사례와 상담 절차를 찾으시는 분을 위한 안내입니다. 구포 역세권·시장 생활권의 상가·주택 등기 상담이 있습니다. 부산 구포역에서 법무사 업무 사례와 상담 절차를 찾으시는 분을 위한 안내입니다. 구포 역세권·시장 생활권의 상가·주택 등기 상담이 있습니다. 부산 구포역에서 법무사 업무 사례와 상담 절차를 찾으시는 분을 위한 안내입니다. 구포 역세권·시장 생활권의 상가·주택 등기 상담이 있습니다. 부산 구포역 일대에서는 역세권 아파트·오피스텔 이전등기 , 역 인근 상가 매매등기 문의가 이어집니다. 다옴법무사사무소 안윤정 법무사는 부산 해운대·센텀에서 부산 구포역 의뢰인의 상속등기·부동산등기·법인등기·개인회생 상담을 진행합니다. 확인되지 않은 실적이나 무조건적인 처리를 약속하지 않으며, 서류와 일정을 확인한 뒤 가능 범위를 안내합니다. 부산 구포역에서 자주 문의되는 업무 부산 구포역 생활권 특성을 반영한 상담 유형입니다. 실제 가능 여부는 서류와 관할을 확인한 ",405,9119bb01e3d52ecf
/업무사례/부산국립해양박물관법무사,"부산 국립해양박물관에서 법무사 업무 사례와 상담 절차를 찾으시는 분을 위한 안내입니다. 영도 해양 문화시설 인근 생활권의 부동산 상담 구간입니다. 부산 국립해양박물관에서 법무사 업무 사례와 상담 절차를 찾으시는 분을 위한 안내입니다. 영도 해양 문화시설 인근 생활권의 부동산 상담 구간입니다. 부산 국립해양박물관에서 법무사 업무 사례와 상담 절차를 찾으시는 분을 위한 안내입니다. 영도 해양 문화시설 인근 생활권의 부동산 상담 구간입니다. 부산 국립해양박물관 일대에서는 소규모 점포 권리와 소유권 정리 , 관광지 인근 주택 매매등기 문의가 이어집니다. 다옴법무사사무소 안윤정 법무사는 부산 해운대·센텀에서 부산 국립해양박물관 의뢰인의 상속등기·부동산등기·법인등기·개인회생 상담을 진행합니다. 확인되지 않은 실적이나 무조건적인 처리를 약속하지 않으며, 서류와 일정을 확인한 뒤 가능 범위를 안내합니다. 부산 국립해양박물관에서 자주 문의되는 업무 부산 국립해양박물관 생활권 특성을 반영한 상담 유형",436,f1c8bb2f813b7602
/업무사례/부산국제금융센터법무사,"부산국제금융센터에서 법무사 업무 사례와 상담 절차를 찾으시는 분을 위한 안내입니다. BIFC 일대 기업·전문직의 법인·부동산등기 일정을 맞추는 상담이 있습니다. 부산국제금융센터에서 법무사 업무 사례와 상담 절차를 찾으시는 분을 위한 안내입니다. BIFC 일대 기업·전문직의 법인·부동산등기 일정을 맞추는 상담이 있습니다. 부산국제금융센터에서 법무사 업무 사례와 상담 절차를 찾으시는 분을 위한 안내입니다. BIFC 일대 기업·전문직의 법인·부동산등기 일정을 맞추는 상담이 있습니다. 부산국제금융센터 일대에서는 상가·점포 매매에 따른 이전등기 , 상가건물 구분소유권 관련 등기 문의가 이어집니다. 다옴법무사사무소 안윤정 법무사는 부산 해운대·센텀에서 부산국제금융센터 의뢰인의 상속등기·부동산등기·법인등기·개인회생 상담을 진행합니다. 확인되지 않은 실적이나 무조건적인 처리를 약속하지 않으며, 서류와 일정을 확인한 뒤 가능 범위를 안내합니다. 부산국제금융센터에서 자주 문의되는 업무 부산국제금융센터",405,fda234de3461c26c
/업무사례/부산국제산업물류도시법무사,"부산 국제산업물류도시에서 법무사 업무 사례와 상담 절차를 찾으시는 분을 위한 안내입니다. 물류·산업단지 입주 기업의 등기·법인 변경 문의가 있습니다. 부산 국제산업물류도시에서 법무사 업무 사례와 상담 절차를 찾으시는 분을 위한 안내입니다. 물류·산업단지 입주 기업의 등기·법인 변경 문의가 있습니다. 부산 국제산업물류도시에서 법무사 업무 사례와 상담 절차를 찾으시는 분을 위한 안내입니다. 물류·산업단지 입주 기업의 등기·법인 변경 문의가 있습니다. 부산 국제산업물류도시 일대에서는 항만·물류 배후 사업장·창고 부동산등기 , 물류 법인 본점·지점 변경등기 문의가 이어집니다. 다옴법무사사무소 안윤정 법무사는 부산 해운대·센텀에서 부산 국제산업물류도시 의뢰인의 상속등기·부동산등기·법인등기·개인회생 상담을 진행합니다. 확인되지 않은 실적이나 무조건적인 처리를 약속하지 않으며, 서류와 일정을 확인한 뒤 가능 범위를 안내합니다. 부산 국제산업물류도시에서 자주 문의되는 업무 부산 국제산업물류도시 생",429,23e180c8bcca76e3
/업무사례/부산국제시장법무사,"부산 국제시장에서 법무사 업무 사례와 상담 절차를 찾으시는 분을 위한 안내입니다. 원도심 상가·점포 권리와 상속·매매등기가 맞물리는 상권입니다. 부산 국제시장에서 법무사 업무 사례와 상담 절차를 찾으시는 분을 위한 안내입니다. 원도심 상가·점포 권리와 상속·매매등기가 맞물리는 상권입니다. 부산 국제시장에서 법무사 업무 사례와 상담 절차를 찾으시는 분을 위한 안내입니다. 원도심 상가·점포 권리와 상속·매매등기가 맞물리는 상권입니다. 부산 국제시장 일대에서는 원도심 단독·다가구 상속등기 , 오래된 등기부 정리·표시변경 검토 문의가 이어집니다. 다옴법무사사무소 안윤정 법무사는 부산 해운대·센텀에서 부산 국제시장 의뢰인의 상속등기·부동산등기·법인등기·개인회생 상담을 진행합니다. 확인되지 않은 실적이나 무조건적인 처리를 약속하지 않으며, 서류와 일정을 확인한 뒤 가능 범위를 안내합니다. 부산 국제시장에서 자주 문의되는 업무 부산 국제시장 생활권 특성을 반영한 상담 유형입니다. 실제 가능 여부",416,efa8de946bb50ddc
/업무사례/부산근대역사관법무사,"부산근대역사관에서 법무사 업무 사례와 상담 절차를 찾으시는 분을 위한 안내입니다. 중구 원도심 문화시설 인근 주거·상가 등기 상담이 이어지는 구간입니다. 부산근대역사관에서 법무사 업무 사례와 상담 절차를 찾으시는 분을 위한 안내입니다. 중구 원도심 문화시설 인근 주거·상가 등기 상담이 이어지는 구간입니다. 부산근대역사관에서 법무사 업무 사례와 상담 절차를 찾으시는 분을 위한 안내입니다. 중구 원도심 문화시설 인근 주거·상가 등기 상담이 이어지는 구간입니다. 부산근대역사관 일대에서는 소규모 필지·상가의 권리관계 확인 , 숙박·상가 등 관광 상권 부동산등기 문의가 이어집니다. 다옴법무사사무소 안윤정 법무사는 부산 해운대·센텀에서 부산근대역사관 의뢰인의 상속등기·부동산등기·법인등기·개인회생 상담을 진행합니다. 확인되지 않은 실적이나 무조건적인 처리를 약속하지 않으며, 서류와 일정을 확인한 뒤 가능 범위를 안내합니다. 부산근대역사관에서 자주 문의되는 업무 부산근대역사관 생활권 특성을 반영한",413,bd8b585ce28b8bd8
/업무사례/부산금곡도시첨단산업단지법무사,"부산 금곡도시첨단산업단지에서 법무사 업무 사례와 상담 절차를 찾으시는 분을 위한 안내입니다. 금곡 첨단산단 기업의 법인·부동산등기 상담이 있습니다. 부산 금곡도시첨단산업단지에서 법무사 업무 사례와 상담 절차를 찾으시는 분을 위한 안내입니다. 금곡 첨단산단 기업의 법인·부동산등기 상담이 있습니다. 부산 금곡도시첨단산업단지에서 법무사 업무 사례와 상담 절차를 찾으시는 분을 위한 안내입니다. 금곡 첨단산단 기업의 법인·부동산등기 상담이 있습니다. 부산 금곡도시첨단산업단지 일대에서는 부동산 매매·증여 이전등기 , 법인설립·임원변경등기 문의가 이어집니다. 다옴법무사사무소 안윤정 법무사는 부산 해운대·센텀에서 부산 금곡도시첨단산업단지 의뢰인의 상속등기·부동산등기·법인등기·개인회생 상담을 진행합니다. 확인되지 않은 실적이나 무조건적인 처리를 약속하지 않으며, 서류와 일정을 확인한 뒤 가능 범위를 안내합니다. 부산 금곡도시첨단산업단지에서 자주 문의되는 업무 부산 금곡도시첨단산업단지 생활권 특성을 ",408,61ca197766f1619d
/업무사례/부산금곡동법무사,"부산 금곡동에서 법무사 업무 사례와 상담 절차를 찾으시는 분을 위한 안내입니다. 북구 금곡동 일대는 화명·덕천·만덕 등 주거 밀집 지역으로, 아파트 소유권이전·상속·근저당 설정·말소 등기 상담이 잦은 생활권입니다. 부산 금곡동에서 법무사 업무 사례와 상담 절차를 찾으시는 분을 위한 안내입니다. 북구 금곡동 일대는 화명·덕천·만덕 등 주거 밀집 지역으로, 아파트 소유권이전·상속·근저당 설정·말소 등기 상담이 잦은 생활권입니다. 부산 금곡동에서 법무사 업무 사례와 상담 절차를 찾으시는 분을 위한 안내입니다. 북구 금곡동 일대는 화명·덕천·만덕 등 주거 밀집 지역으로, 아파트 소유권이전·상속·근저당 설정·말소 등기 상담이 잦은 생활권입니다. 부산 금곡동 일대에서는 역세권 아파트·오피스텔 이전등기 , 역 인근 상가 매매등기 문의가 이어집니다. 다옴법무사사무소 안윤정 법무사는 부산 해운대·센텀에서 부산 금곡동 의뢰인의 상속등기·부동산등기·법인등기·개인회생 상담을 진행합니다. 확인되지 않은 실",436,699bfa18e462ee8c
/업무사례/부산금곡역법무사,"부산 금곡역에서 법무사 업무 사례와 상담 절차를 찾으시는 분을 위한 안내입니다. 금곡 주거 단지의 부동산등기 상담이 있습니다. 부산 금곡역에서 법무사 업무 사례와 상담 절차를 찾으시는 분을 위한 안내입니다. 금곡 주거 단지의 부동산등기 상담이 있습니다. 부산 금곡역에서 법무사 업무 사례와 상담 절차를 찾으시는 분을 위한 안내입니다. 금곡 주거 단지의 부동산등기 상담이 있습니다. 부산 금곡역 일대에서는 근저당 설정·말소와 잔금일 일정 조율 , 역세권 아파트·오피스텔 이전등기 문의가 이어집니다. 다옴법무사사무소 안윤정 법무사는 부산 해운대·센텀에서 부산 금곡역 의뢰인의 상속등기·부동산등기·법인등기·개인회생 상담을 진행합니다. 확인되지 않은 실적이나 무조건적인 처리를 약속하지 않으며, 서류와 일정을 확인한 뒤 가능 범위를 안내합니다. 부산 금곡역에서 자주 문의되는 업무 부산 금곡역 생활권 특성을 반영한 상담 유형입니다. 실제 가능 여부는 서류와 관할을 확인한 뒤 안내합니다. 근저당 설정·",418,9b8c1b18353a87e9
/업무사례/부산금련산역법무사,"부산 금련산역에서 법무사 업무 사례와 상담 절차를 찾으시는 분을 위한 안내입니다. 남천·금련산 생활권 주거 등기 상담이 이어집니다. 부산 금련산역에서 법무사 업무 사례와 상담 절차를 찾으시는 분을 위한 안내입니다. 남천·금련산 생활권 주거 등기 상담이 이어집니다. 부산 금련산역에서 법무사 업무 사례와 상담 절차를 찾으시는 분을 위한 안내입니다. 남천·금련산 생활권 주거 등기 상담이 이어집니다. 부산 금련산역 일대에서는 교통 거점 생활권의 상속등기 , 아파트·다세대 소유권이전등기 문의가 이어집니다. 다옴법무사사무소 안윤정 법무사는 부산 해운대·센텀에서 부산 금련산역 의뢰인의 상속등기·부동산등기·법인등기·개인회생 상담을 진행합니다. 확인되지 않은 실적이나 무조건적인 처리를 약속하지 않으며, 서류와 일정을 확인한 뒤 가능 범위를 안내합니다. 부산 금련산역에서 자주 문의되는 업무 부산 금련산역 생활권 특성을 반영한 상담 유형입니다. 실제 가능 여부는 서류와 관할을 확인한 뒤 안내합니다. 교",411,aefc3c9b17332602
/업무사례/부산금사공업지역법무사,"부산 금사공업지역에서 법무사 업무 사례와 상담 절차를 찾으시는 분을 위한 안내입니다. 금사 공업지역 사업장·공장 등기 문의가 있습니다. 부산 금사공업지역에서 법무사 업무 사례와 상담 절차를 찾으시는 분을 위한 안내입니다. 금사 공업지역 사업장·공장 등기 문의가 있습니다. 부산 금사공업지역에서 법무사 업무 사례와 상담 절차를 찾으시는 분을 위한 안내입니다. 금사 공업지역 사업장·공장 등기 문의가 있습니다. 부산 금사공업지역 일대에서는 상속등기·상속포기·한정승인 상담 , 부동산 매매·증여 이전등기 문의가 이어집니다. 다옴법무사사무소 안윤정 법무사는 부산 해운대·센텀에서 부산 금사공업지역 의뢰인의 상속등기·부동산등기·법인등기·개인회생 상담을 진행합니다. 확인되지 않은 실적이나 무조건적인 처리를 약속하지 않으며, 서류와 일정을 확인한 뒤 가능 범위를 안내합니다. 부산 금사공업지역에서 자주 문의되는 업무 부산 금사공업지역 생활권 특성을 반영한 상담 유형입니다. 실제 가능 여부는 서류와 관할을",408,39d09589a7b0ff42
/업무사례/부산금사동법무사,"부산 금사동에서 법무사 업무 사례와 상담 절차를 찾으시는 분을 위한 안내입니다. 금정구 금사동 일대는 부산대·장전·구서·노포 생활권으로 대학가 임대·주거 매매, 상속등기, 인근 공업지역 관련 법인·부동산 문의가 있습니다. 부산 금사동에서 법무사 업무 사례와 상담 절차를 찾으시는 분을 위한 안내입니다. 금정구 금사동 일대는 부산대·장전·구서·노포 생활권으로 대학가 임대·주거 매매, 상속등기, 인근 공업지역 관련 법인·부동산 문의가 있습니다. 부산 금사동에서 법무사 업무 사례와 상담 절차를 찾으시는 분을 위한 안내입니다. 금정구 금사동 일대는 부산대·장전·구서·노포 생활권으로 대학가 임대·주거 매매, 상속등기, 인근 공업지역 관련 법인·부동산 문의가 있습니다. 부산 금사동 일대에서는 교직원·학생 가족의 상속·이전 상담 , 아파트·다세대 소유권이전등기 문의가 이어집니다. 다옴법무사사무소 안윤정 법무사는 부산 해운대·센텀에서 부산 금사동 의뢰인의 상속등기·부동산등기·법인등기·개인회생 상담을",439,feaff81e08402647
/업무사례/부산금성동법무사,"부산 금성동에서 법무사 업무 사례와 상담 절차를 찾으시는 분을 위한 안내입니다. 금정구 금성동 일대는 부산대·장전·구서·노포 생활권으로 대학가 임대·주거 매매, 상속등기, 인근 공업지역 관련 법인·부동산 문의가 있습니다. 부산 금성동에서 법무사 업무 사례와 상담 절차를 찾으시는 분을 위한 안내입니다. 금정구 금성동 일대는 부산대·장전·구서·노포 생활권으로 대학가 임대·주거 매매, 상속등기, 인근 공업지역 관련 법인·부동산 문의가 있습니다. 부산 금성동에서 법무사 업무 사례와 상담 절차를 찾으시는 분을 위한 안내입니다. 금정구 금성동 일대는 부산대·장전·구서·노포 생활권으로 대학가 임대·주거 매매, 상속등기, 인근 공업지역 관련 법인·부동산 문의가 있습니다. 부산 금성동 일대에서는 아파트·다세대 소유권이전등기 , 공동상속인 협의 후 상속등기 문의가 이어집니다. 다옴법무사사무소 안윤정 법무사는 부산 해운대·센텀에서 부산 금성동 의뢰인의 상속등기·부동산등기·법인등기·개인회생 상담을 진행합",441,e0028234589b7553
/업무사례/부산금정구청법무사,"부산 금정구청에서 법무사 업무 사례와 상담 절차를 찾으시는 분을 위한 안내입니다. 구청 인근 행정·주거 생활권의 등기 상담입니다. 부산 금정구청에서 법무사 업무 사례와 상담 절차를 찾으시는 분을 위한 안내입니다. 구청 인근 행정·주거 생활권의 등기 상담입니다. 부산 금정구청에서 법무사 업무 사례와 상담 절차를 찾으시는 분을 위한 안내입니다. 구청 인근 행정·주거 생활권의 등기 상담입니다. 부산 금정구청 일대에서는 상속등기·상속포기·한정승인 상담 , 부동산 매매·증여 이전등기 문의가 이어집니다. 다옴법무사사무소 안윤정 법무사는 부산 해운대·센텀에서 부산 금정구청 의뢰인의 상속등기·부동산등기·법인등기·개인회생 상담을 진행합니다. 확인되지 않은 실적이나 무조건적인 처리를 약속하지 않으며, 서류와 일정을 확인한 뒤 가능 범위를 안내합니다. 부산 금정구청에서 자주 문의되는 업무 부산 금정구청 생활권 특성을 반영한 상담 유형입니다. 실제 가능 여부는 서류와 관할을 확인한 뒤 안내합니다. 상속등",410,14df9960048bd978
/업무사례/부산기장군청법무사,"부산 기장군청에서 법무사 업무 사례와 상담 절차를 찾으시는 분을 위한 안내입니다. 군청 인근 행정·주거 생활권의 등기 상담입니다. 부산 기장군청에서 법무사 업무 사례와 상담 절차를 찾으시는 분을 위한 안내입니다. 군청 인근 행정·주거 생활권의 등기 상담입니다. 부산 기장군청에서 법무사 업무 사례와 상담 절차를 찾으시는 분을 위한 안내입니다. 군청 인근 행정·주거 생활권의 등기 상담입니다. 부산 기장군청 일대에서는 상속등기·상속포기·한정승인 상담 , 부동산 매매·증여 이전등기 문의가 이어집니다. 다옴법무사사무소 안윤정 법무사는 부산 해운대·센텀에서 부산 기장군청 의뢰인의 상속등기·부동산등기·법인등기·개인회생 상담을 진행합니다. 확인되지 않은 실적이나 무조건적인 처리를 약속하지 않으며, 서류와 일정을 확인한 뒤 가능 범위를 안내합니다. 부산 기장군청에서 자주 문의되는 업무 부산 기장군청 생활권 특성을 반영한 상담 유형입니다. 실제 가능 여부는 서류와 관할을 확인한 뒤 안내합니다. 상속등",408,a9ba29bf71452737
/업무사례/부산기장시장법무사,"부산 기장시장에서 법무사 업무 사례와 상담 절차를 찾으시는 분을 위한 안내입니다. 기장읍 시장·주거 생활권의 상가·주택 등기 문의가 있습니다. 부산 기장시장에서 법무사 업무 사례와 상담 절차를 찾으시는 분을 위한 안내입니다. 기장읍 시장·주거 생활권의 상가·주택 등기 문의가 있습니다. 부산 기장시장에서 법무사 업무 사례와 상담 절차를 찾으시는 분을 위한 안내입니다. 기장읍 시장·주거 생활권의 상가·주택 등기 문의가 있습니다. 부산 기장시장 일대에서는 아파트·다세대 소유권이전등기 , 공동상속인 협의 후 상속등기 문의가 이어집니다. 다옴법무사사무소 안윤정 법무사는 부산 해운대·센텀에서 부산 기장시장 의뢰인의 상속등기·부동산등기·법인등기·개인회생 상담을 진행합니다. 확인되지 않은 실적이나 무조건적인 처리를 약속하지 않으며, 서류와 일정을 확인한 뒤 가능 범위를 안내합니다. 부산 기장시장에서 자주 문의되는 업무 부산 기장시장 생활권 특성을 반영한 상담 유형입니다. 실제 가능 여부는 서류와 ",415,d67eea3f73e4bbd5
/업무사례/부산기장역법무사,"부산 기장역에서 법무사 업무 사례와 상담 절차를 찾으시는 분을 위한 안내입니다. 기장 역세권 주거·상가 등기 상담이 있는 거점입니다. 부산 기장역에서 법무사 업무 사례와 상담 절차를 찾으시는 분을 위한 안내입니다. 기장 역세권 주거·상가 등기 상담이 있는 거점입니다. 부산 기장역에서 법무사 업무 사례와 상담 절차를 찾으시는 분을 위한 안내입니다. 기장 역세권 주거·상가 등기 상담이 있는 거점입니다. 부산 기장역 일대에서는 근저당 설정·말소와 잔금일 일정 조율 , 역세권 아파트·오피스텔 이전등기 문의가 이어집니다. 다옴법무사사무소 안윤정 법무사는 부산 해운대·센텀에서 부산 기장역 의뢰인의 상속등기·부동산등기·법인등기·개인회생 상담을 진행합니다. 확인되지 않은 실적이나 무조건적인 처리를 약속하지 않으며, 서류와 일정을 확인한 뒤 가능 범위를 안내합니다. 부산 기장역에서 자주 문의되는 업무 부산 기장역 생활권 특성을 반영한 상담 유형입니다. 실제 가능 여부는 서류와 관할을 확인한 뒤 안내",423,95e73d5f47e77fdf
/업무사례/부산기장읍법무사,"부산 기장읍에서 법무사 업무 사례와 상담 절차를 찾으시는 분을 위한 안내입니다. 기장군 기장읍 일대는 정관·일광·오시리아 등 신도시·관광·산업단지가 있어 신축·분양 관련 등기, 상속, 입주 기업 법인등기 상담이 이뤄집니다. 부산 기장읍에서 법무사 업무 사례와 상담 절차를 찾으시는 분을 위한 안내입니다. 기장군 기장읍 일대는 정관·일광·오시리아 등 신도시·관광·산업단지가 있어 신축·분양 관련 등기, 상속, 입주 기업 법인등기 상담이 이뤄집니다. 부산 기장읍에서 법무사 업무 사례와 상담 절차를 찾으시는 분을 위한 안내입니다. 기장군 기장읍 일대는 정관·일광·오시리아 등 신도시·관광·산업단지가 있어 신축·분양 관련 등기, 상속, 입주 기업 법인등기 상담이 이뤄집니다. 부산 기장읍 일대에서는 신축·분양 주택의 소유권보존·이전등기 , 신도시 입주 일정에 맞춘 잔금일 등기 문의가 이어집니다. 다옴법무사사무소 안윤정 법무사는 부산 해운대·센텀에서 부산 기장읍 의뢰인의 상속등기·부동산등기·법인등기",447,d623c2f28154080a
/업무사례/부산김해양산공동근저당권,"부산·김해·양산 등 인접 지역에 흩어진 아파트·공장·토지를 하나의 공동근저당권으로 묶어 금융 담보를 설정하는 경우, 부동산별 등기부·순위·관할을 먼저 정리해야 합니다. 다옴법무사사무소는 부산 해운대구에 있으며 경남·김해·양산 지점은 없습니다. 상속·유증의 관할 특례와 달리 근저당·공동담보는 등기소 법정관할과 금융 약정을 따르며, 일반적인 상담 유형 기준으로 설정·추가·일부해지 절차를 안내합니다. 부산·김해·양산 등 인접 지역에 흩어진 아파트·공장·토지를 하나의 공동근저당권으로 묶어 금융 담보를 설정하는 경우, 부동산별 등기부·순위·관할을 먼저 정리해야 합니다. 다옴법무사사무소는 부산 해운대구에 있으며 경남·김해·양산 지점은 없습니다. 상속·유증의 관할 특례와 달리 근저당·공동담보는 등기소 법정관할과 금융 약정을 따르며, 일반적인 상담 유형 기준으로 설정·추가·일부해지 절차를 안내합니다. 부산·김해·양산 등 인접 지역에 흩어진 아파트·공장·토지를 하나의 공동근저당권으로 묶어 금융 담보",390,2091bd0d1580796f
/업무사례/부산낙민동법무사,"부산 낙민동에서 법무사 업무 사례와 상담 절차를 찾으시는 분을 위한 안내입니다. 동래구 낙민동 일대는 온천장·사직·안락 등 전통 주거·상권이 이어져 상속등기, 공동주택 이전, 가족 간 권리 정리 상담이 많은 지역입니다. 부산 낙민동에서 법무사 업무 사례와 상담 절차를 찾으시는 분을 위한 안내입니다. 동래구 낙민동 일대는 온천장·사직·안락 등 전통 주거·상권이 이어져 상속등기, 공동주택 이전, 가족 간 권리 정리 상담이 많은 지역입니다. 부산 낙민동에서 법무사 업무 사례와 상담 절차를 찾으시는 분을 위한 안내입니다. 동래구 낙민동 일대는 온천장·사직·안락 등 전통 주거·상권이 이어져 상속등기, 공동주택 이전, 가족 간 권리 정리 상담이 많은 지역입니다. 부산 낙민동 일대에서는 공동상속인 협의 후 상속등기 , 근저당 설정·말소와 잔금일 일정 조율 문의가 이어집니다. 다옴법무사사무소 안윤정 법무사는 부산 해운대·센텀에서 부산 낙민동 의뢰인의 상속등기·부동산등기·법인등기·개인회생 상담을 진",456,e92fe843a7accf2a
/업무사례/부산남부민동법무사,"부산 남부민동에서 법무사 업무 사례와 상담 절차를 찾으시는 분을 위한 안내입니다. 서구 남부민동 일대는 대신·암남·송도 일대는 주거와 병원·해수욕장 생활권이 겹쳐, 상속·부동산 이전과 병원 인근 거주자 상담이 많은 편입니다. 부산 남부민동에서 법무사 업무 사례와 상담 절차를 찾으시는 분을 위한 안내입니다. 서구 남부민동 일대는 대신·암남·송도 일대는 주거와 병원·해수욕장 생활권이 겹쳐, 상속·부동산 이전과 병원 인근 거주자 상담이 많은 편입니다. 부산 남부민동에서 법무사 업무 사례와 상담 절차를 찾으시는 분을 위한 안내입니다. 서구 남부민동 일대는 대신·암남·송도 일대는 주거와 병원·해수욕장 생활권이 겹쳐, 상속·부동산 이전과 병원 인근 거주자 상담이 많은 편입니다. 부산 남부민동 일대에서는 소규모 점포 권리와 소유권 정리 , 관광지 인근 주택 매매등기 문의가 이어집니다. 다옴법무사사무소 안윤정 법무사는 부산 해운대·센텀에서 부산 남부민동 의뢰인의 상속등기·부동산등기·법인등기·개인회",421,5a1b4a03e6f5063d
/업무사례/부산남산동법무사,"부산 남산동에서 법무사 업무 사례와 상담 절차를 찾으시는 분을 위한 안내입니다. 금정구 남산동 일대는 부산대·장전·구서·노포 생활권으로 대학가 임대·주거 매매, 상속등기, 인근 공업지역 관련 법인·부동산 문의가 있습니다. 부산 남산동에서 법무사 업무 사례와 상담 절차를 찾으시는 분을 위한 안내입니다. 금정구 남산동 일대는 부산대·장전·구서·노포 생활권으로 대학가 임대·주거 매매, 상속등기, 인근 공업지역 관련 법인·부동산 문의가 있습니다. 부산 남산동에서 법무사 업무 사례와 상담 절차를 찾으시는 분을 위한 안내입니다. 금정구 남산동 일대는 부산대·장전·구서·노포 생활권으로 대학가 임대·주거 매매, 상속등기, 인근 공업지역 관련 법인·부동산 문의가 있습니다. 부산 남산동 일대에서는 교통 거점 생활권의 상속등기 , 대학가 원룸·다가구 매매·상속등기 문의가 이어집니다. 다옴법무사사무소 안윤정 법무사는 부산 해운대·센텀에서 부산 남산동 의뢰인의 상속등기·부동산등기·법인등기·개인회생 상담을 ",439,67df759fa334d9d0
/업무사례/부산남산역법무사,"부산 남산역에서 법무사 업무 사례와 상담 절차를 찾으시는 분을 위한 안내입니다. 남산동 주거 등기 문의가 이어집니다. 부산 남산역에서 법무사 업무 사례와 상담 절차를 찾으시는 분을 위한 안내입니다. 남산동 주거 등기 문의가 이어집니다. 부산 남산역에서 법무사 업무 사례와 상담 절차를 찾으시는 분을 위한 안내입니다. 남산동 주거 등기 문의가 이어집니다. 부산 남산역 일대에서는 공동상속인 협의 후 상속등기 , 근저당 설정·말소와 잔금일 일정 조율 문의가 이어집니다. 다옴법무사사무소 안윤정 법무사는 부산 해운대·센텀에서 부산 남산역 의뢰인의 상속등기·부동산등기·법인등기·개인회생 상담을 진행합니다. 확인되지 않은 실적이나 무조건적인 처리를 약속하지 않으며, 서류와 일정을 확인한 뒤 가능 범위를 안내합니다. 부산 남산역에서 자주 문의되는 업무 부산 남산역 생활권 특성을 반영한 상담 유형입니다. 실제 가능 여부는 서류와 관할을 확인한 뒤 안내합니다. 공동상속인 협의 후 상속등기 근저당 설정·말",386,1db158055e726d05
/업무사례/부산남천1동법무사,"부산 남천1동에서 법무사 업무 사례와 상담 절차를 찾으시는 분을 위한 안내입니다. 수영구 남천1동은(는) 남천동 생활권의 행정동으로, 주거 밀집지의 이전·상속등기 상담이 이어집니다. 부산 남천1동에서 법무사 업무 사례와 상담 절차를 찾으시는 분을 위한 안내입니다. 수영구 남천1동은(는) 남천동 생활권의 행정동으로, 주거 밀집지의 이전·상속등기 상담이 이어집니다. 부산 남천1동에서 법무사 업무 사례와 상담 절차를 찾으시는 분을 위한 안내입니다. 수영구 남천1동은(는) 남천동 생활권의 행정동으로, 주거 밀집지의 이전·상속등기 상담이 이어집니다. 부산 남천1동 일대에서는 근저당 설정·말소와 잔금일 일정 조율 , 해안·관광 상권과 맞닿은 상가·주택 소유권이전 문의가 이어집니다. 다옴법무사사무소 안윤정 법무사는 부산 해운대·센텀에서 부산 남천1동 의뢰인의 상속등기·부동산등기·법인등기·개인회생 상담을 진행합니다. 확인되지 않은 실적이나 무조건적인 처리를 약속하지 않으며, 서류와 일정을 확인한 ",444,3ed8cefc2e0e97a6
/업무사례/부산남천2동법무사,"부산 남천2동에서 법무사 업무 사례와 상담 절차를 찾으시는 분을 위한 안내입니다. 수영구 남천2동은(는) 남천동 생활권의 행정동으로, 주거 밀집지의 이전·상속등기 상담이 이어집니다. 부산 남천2동에서 법무사 업무 사례와 상담 절차를 찾으시는 분을 위한 안내입니다. 수영구 남천2동은(는) 남천동 생활권의 행정동으로, 주거 밀집지의 이전·상속등기 상담이 이어집니다. 부산 남천2동에서 법무사 업무 사례와 상담 절차를 찾으시는 분을 위한 안내입니다. 수영구 남천2동은(는) 남천동 생활권의 행정동으로, 주거 밀집지의 이전·상속등기 상담이 이어집니다. 부산 남천2동 일대에서는 해안·관광 상권과 맞닿은 상가·주택 소유권이전 , 계절 상권 점포의 권리관계 확인 후 등기 문의가 이어집니다. 다옴법무사사무소 안윤정 법무사는 부산 해운대·센텀에서 부산 남천2동 의뢰인의 상속등기·부동산등기·법인등기·개인회생 상담을 진행합니다. 확인되지 않은 실적이나 무조건적인 처리를 약속하지 않으며, 서류와 일정을 확인",434,869e4da5abcfd29c
/업무사례/부산남천동법무사,"부산 남천동에서 법무사 업무 사례와 상담 절차를 찾으시는 분을 위한 안내입니다. 수영구 남천동 일대는 광안리·남천·망미 일대는 해안 주거와 상권이 밀집해 아파트·오피스텔 이전등기, 상가 권리, 상속 상담이 이어집니다. 부산 남천동에서 법무사 업무 사례와 상담 절차를 찾으시는 분을 위한 안내입니다. 수영구 남천동 일대는 광안리·남천·망미 일대는 해안 주거와 상권이 밀집해 아파트·오피스텔 이전등기, 상가 권리, 상속 상담이 이어집니다. 부산 남천동에서 법무사 업무 사례와 상담 절차를 찾으시는 분을 위한 안내입니다. 수영구 남천동 일대는 광안리·남천·망미 일대는 해안 주거와 상권이 밀집해 아파트·오피스텔 이전등기, 상가 권리, 상속 상담이 이어집니다. 부산 남천동 일대에서는 개인사업자·법인의 사업장 주소 변경등기 , 해안·관광 상권과 맞닿은 상가·주택 소유권이전 문의가 이어집니다. 다옴법무사사무소 안윤정 법무사는 부산 해운대·센텀에서 부산 남천동 의뢰인의 상속등기·부동산등기·법인등기·개인",456,6dc47995fb3a464f
/업무사례/부산남천역법무사,"부산 남천역에서 법무사 업무 사례와 상담 절차를 찾으시는 분을 위한 안내입니다. 남천 주거 밀집지의 이전·상속등기 문의가 있습니다. 부산 남천역에서 법무사 업무 사례와 상담 절차를 찾으시는 분을 위한 안내입니다. 남천 주거 밀집지의 이전·상속등기 문의가 있습니다. 부산 남천역에서 법무사 업무 사례와 상담 절차를 찾으시는 분을 위한 안내입니다. 남천 주거 밀집지의 이전·상속등기 문의가 있습니다. 부산 남천역 일대에서는 공동상속인 협의 후 상속등기 , 근저당 설정·말소와 잔금일 일정 조율 문의가 이어집니다. 다옴법무사사무소 안윤정 법무사는 부산 해운대·센텀에서 부산 남천역 의뢰인의 상속등기·부동산등기·법인등기·개인회생 상담을 진행합니다. 확인되지 않은 실적이나 무조건적인 처리를 약속하지 않으며, 서류와 일정을 확인한 뒤 가능 범위를 안내합니다. 부산 남천역에서 자주 문의되는 업무 부산 남천역 생활권 특성을 반영한 상담 유형입니다. 실제 가능 여부는 서류와 관할을 확인한 뒤 안내합니다. ",389,8c386d3a6bfc221d
/업무사례/부산남포동법무사,"부산 남포동에서 법무사 업무 사례와 상담 절차를 찾으시는 분을 위한 안내입니다. 중구 남포동 일대는 남포·광복·국제시장 등 원도심 상권이 모여 있고, 상가·주택 권리관계와 상속·매매 등기 문의가 함께 이어지는 지역입니다. 부산 남포동에서 법무사 업무 사례와 상담 절차를 찾으시는 분을 위한 안내입니다. 중구 남포동 일대는 남포·광복·국제시장 등 원도심 상권이 모여 있고, 상가·주택 권리관계와 상속·매매 등기 문의가 함께 이어지는 지역입니다. 부산 남포동에서 법무사 업무 사례와 상담 절차를 찾으시는 분을 위한 안내입니다. 중구 남포동 일대는 남포·광복·국제시장 등 원도심 상권이 모여 있고, 상가·주택 권리관계와 상속·매매 등기 문의가 함께 이어지는 지역입니다. 부산 남포동 일대에서는 전통시장 인근 주택 상속·매매등기 , 원도심 단독·다가구 상속등기 문의가 이어집니다. 다옴법무사사무소 안윤정 법무사는 부산 해운대·센텀에서 부산 남포동 의뢰인의 상속등기·부동산등기·법인등기·개인회생 상담을 ",450,d322b3dff7707d52
/업무사례/부산남항동법무사,"부산 남항동에서 법무사 업무 사례와 상담 절차를 찾으시는 분을 위한 안내입니다. 영도구 남항동 일대는 영도대교·태종대·흰여울 등 관광·주거가 공존하고, 항만·혁신지구 관련 부동산·법인등기 상담이 이뤄지는 지역입니다. 부산 남항동에서 법무사 업무 사례와 상담 절차를 찾으시는 분을 위한 안내입니다. 영도구 남항동 일대는 영도대교·태종대·흰여울 등 관광·주거가 공존하고, 항만·혁신지구 관련 부동산·법인등기 상담이 이뤄지는 지역입니다. 부산 남항동에서 법무사 업무 사례와 상담 절차를 찾으시는 분을 위한 안내입니다. 영도구 남항동 일대는 영도대교·태종대·흰여울 등 관광·주거가 공존하고, 항만·혁신지구 관련 부동산·법인등기 상담이 이뤄지는 지역입니다. 부산 남항동 일대에서는 항만·물류 배후 사업장·창고 부동산등기 , 물류 법인 본점·지점 변경등기 문의가 이어집니다. 다옴법무사사무소 안윤정 법무사는 부산 해운대·센텀에서 부산 남항동 의뢰인의 상속등기·부동산등기·법인등기·개인회생 상담을 진행합니다",446,8b4a0b4f3f4a12af
/업무사례/부산낫개역법무사,"부산 낫개역에서 법무사 업무 사례와 상담 절차를 찾으시는 분을 위한 안내입니다. 다대·낫개 생활권 주거 등기 상담이 있습니다. 부산 낫개역에서 법무사 업무 사례와 상담 절차를 찾으시는 분을 위한 안내입니다. 다대·낫개 생활권 주거 등기 상담이 있습니다. 부산 낫개역에서 법무사 업무 사례와 상담 절차를 찾으시는 분을 위한 안내입니다. 다대·낫개 생활권 주거 등기 상담이 있습니다. 부산 낫개역 일대에서는 근저당 설정·말소와 잔금일 일정 조율 , 역세권 아파트·오피스텔 이전등기 문의가 이어집니다. 다옴법무사사무소 안윤정 법무사는 부산 해운대·센텀에서 부산 낫개역 의뢰인의 상속등기·부동산등기·법인등기·개인회생 상담을 진행합니다. 확인되지 않은 실적이나 무조건적인 처리를 약속하지 않으며, 서류와 일정을 확인한 뒤 가능 범위를 안내합니다. 부산 낫개역에서 자주 문의되는 업무 부산 낫개역 생활권 특성을 반영한 상담 유형입니다. 실제 가능 여부는 서류와 관할을 확인한 뒤 안내합니다. 근저당 설정·",424,934392a23678e5fa
/업무사례/부산냉정역법무사,"부산 냉정역에서 법무사 업무 사례와 상담 절차를 찾으시는 분을 위한 안내입니다. 냉정 일대 주거 등기 문의가 있는 구간입니다. 부산 냉정역에서 법무사 업무 사례와 상담 절차를 찾으시는 분을 위한 안내입니다. 냉정 일대 주거 등기 문의가 있는 구간입니다. 부산 냉정역에서 법무사 업무 사례와 상담 절차를 찾으시는 분을 위한 안내입니다. 냉정 일대 주거 등기 문의가 있는 구간입니다. 부산 냉정역 일대에서는 역세권 아파트·오피스텔 이전등기 , 역 인근 상가 매매등기 문의가 이어집니다. 다옴법무사사무소 안윤정 법무사는 부산 해운대·센텀에서 부산 냉정역 의뢰인의 상속등기·부동산등기·법인등기·개인회생 상담을 진행합니다. 확인되지 않은 실적이나 무조건적인 처리를 약속하지 않으며, 서류와 일정을 확인한 뒤 가능 범위를 안내합니다. 부산 냉정역에서 자주 문의되는 업무 부산 냉정역 생활권 특성을 반영한 상담 유형입니다. 실제 가능 여부는 서류와 관할을 확인한 뒤 안내합니다. 역세권 아파트·오피스텔 이전",408,94eb2abe91d4b9f1
/업무사례/부산노포동법무사,"부산 노포동에서 법무사 업무 사례와 상담 절차를 찾으시는 분을 위한 안내입니다. 금정구 노포동 일대는 부산대·장전·구서·노포 생활권으로 대학가 임대·주거 매매, 상속등기, 인근 공업지역 관련 법인·부동산 문의가 있습니다. 부산 노포동에서 법무사 업무 사례와 상담 절차를 찾으시는 분을 위한 안내입니다. 금정구 노포동 일대는 부산대·장전·구서·노포 생활권으로 대학가 임대·주거 매매, 상속등기, 인근 공업지역 관련 법인·부동산 문의가 있습니다. 부산 노포동에서 법무사 업무 사례와 상담 절차를 찾으시는 분을 위한 안내입니다. 금정구 노포동 일대는 부산대·장전·구서·노포 생활권으로 대학가 임대·주거 매매, 상속등기, 인근 공업지역 관련 법인·부동산 문의가 있습니다. 부산 노포동 일대에서는 역 인근 상가 매매등기 , 교통 거점 생활권의 상속등기 문의가 이어집니다. 다옴법무사사무소 안윤정 법무사는 부산 해운대·센텀에서 부산 노포동 의뢰인의 상속등기·부동산등기·법인등기·개인회생 상담을 진행합니다.",410,089b35ec08cfd085
/업무사례/부산노포역법무사,"부산 노포역에서 법무사 업무 사례와 상담 절차를 찾으시는 분을 위한 안내입니다. 노포 터미널·역세권의 상가·주거 등기 문의가 있는 거점입니다. 부산 노포역에서 법무사 업무 사례와 상담 절차를 찾으시는 분을 위한 안내입니다. 노포 터미널·역세권의 상가·주거 등기 문의가 있는 거점입니다. 부산 노포역에서 법무사 업무 사례와 상담 절차를 찾으시는 분을 위한 안내입니다. 노포 터미널·역세권의 상가·주거 등기 문의가 있는 거점입니다. 부산 노포역 일대에서는 역세권 아파트·오피스텔 이전등기 , 역 인근 상가 매매등기 문의가 이어집니다. 다옴법무사사무소 안윤정 법무사는 부산 해운대·센텀에서 부산 노포역 의뢰인의 상속등기·부동산등기·법인등기·개인회생 상담을 진행합니다. 확인되지 않은 실적이나 무조건적인 처리를 약속하지 않으며, 서류와 일정을 확인한 뒤 가능 범위를 안내합니다. 부산 노포역에서 자주 문의되는 업무 부산 노포역 생활권 특성을 반영한 상담 유형입니다. 실제 가능 여부는 서류와 관할을 확",415,67d343c0ef71393a
/업무사례/부산녹산국가산업단지법무사,"부산 녹산국가산업단지에서 법무사 업무 사례와 상담 절차를 찾으시는 분을 위한 안내입니다. 녹산산단 공장·사업장 부동산·법인등기 문의가 많은 산업 권역입니다. 부산 녹산국가산업단지에서 법무사 업무 사례와 상담 절차를 찾으시는 분을 위한 안내입니다. 녹산산단 공장·사업장 부동산·법인등기 문의가 많은 산업 권역입니다. 부산 녹산국가산업단지에서 법무사 업무 사례와 상담 절차를 찾으시는 분을 위한 안내입니다. 녹산산단 공장·사업장 부동산·법인등기 문의가 많은 산업 권역입니다. 부산 녹산국가산업단지 일대에서는 상속등기·상속포기·한정승인 상담 , 부동산 매매·증여 이전등기 문의가 이어집니다. 다옴법무사사무소 안윤정 법무사는 부산 해운대·센텀에서 부산 녹산국가산업단지 의뢰인의 상속등기·부동산등기·법인등기·개인회생 상담을 진행합니다. 확인되지 않은 실적이나 무조건적인 처리를 약속하지 않으며, 서류와 일정을 확인한 뒤 가능 범위를 안내합니다. 부산 녹산국가산업단지에서 자주 문의되는 업무 부산 녹산국가",413,1d68bfd0912af7fa
/업무사례/부산녹산동법무사,"부산 녹산동에서 법무사 업무 사례와 상담 절차를 찾으시는 분을 위한 안내입니다. 강서구 녹산동 일대는 명지·에코델타·녹산·신항 일대는 신도시와 산업·물류가 맞물려 신축 보존등기, 공장·창고 이전, 법인 설립·변경 문의가 많습니다. 부산 녹산동에서 법무사 업무 사례와 상담 절차를 찾으시는 분을 위한 안내입니다. 강서구 녹산동 일대는 명지·에코델타·녹산·신항 일대는 신도시와 산업·물류가 맞물려 신축 보존등기, 공장·창고 이전, 법인 설립·변경 문의가 많습니다. 부산 녹산동에서 법무사 업무 사례와 상담 절차를 찾으시는 분을 위한 안내입니다. 강서구 녹산동 일대는 명지·에코델타·녹산·신항 일대는 신도시와 산업·물류가 맞물려 신축 보존등기, 공장·창고 이전, 법인 설립·변경 문의가 많습니다. 부산 녹산동 일대에서는 담보 설정과 맞물린 사업장 등기 일정 , 항만·물류 배후 사업장·창고 부동산등기 문의가 이어집니다. 다옴법무사사무소 안윤정 법무사는 부산 해운대·센텀에서 부산 녹산동 의뢰인의 상속",455,e1f294b4b59c04b4
/업무사례/부산눌차동법무사,"부산 눌차동에서 법무사 업무 사례와 상담 절차를 찾으시는 분을 위한 안내입니다. 강서구 눌차동 일대는 명지·에코델타·녹산·신항 일대는 신도시와 산업·물류가 맞물려 신축 보존등기, 공장·창고 이전, 법인 설립·변경 문의가 많습니다. 부산 눌차동에서 법무사 업무 사례와 상담 절차를 찾으시는 분을 위한 안내입니다. 강서구 눌차동 일대는 명지·에코델타·녹산·신항 일대는 신도시와 산업·물류가 맞물려 신축 보존등기, 공장·창고 이전, 법인 설립·변경 문의가 많습니다. 부산 눌차동에서 법무사 업무 사례와 상담 절차를 찾으시는 분을 위한 안내입니다. 강서구 눌차동 일대는 명지·에코델타·녹산·신항 일대는 신도시와 산업·물류가 맞물려 신축 보존등기, 공장·창고 이전, 법인 설립·변경 문의가 많습니다. 부산 눌차동 일대에서는 공장·창고 부동산 취득·이전등기 , 산업단지 입주 기업 법인설립·변경등기 문의가 이어집니다. 다옴법무사사무소 안윤정 법무사는 부산 해운대·센텀에서 부산 눌차동 의뢰인의 상속등기·부",441,b572a799dd70a1b5
/업무사례/부산다대동법무사,"부산 다대동에서 법무사 업무 사례와 상담 절차를 찾으시는 분을 위한 안내입니다. 사하구 다대동 일대는 하단·다대·장림·감천 일대는 주거와 산업·관광지가 인접해 주택 이전, 공장·상가 등기, 상속 상담이 함께 이뤄집니다. 부산 다대동에서 법무사 업무 사례와 상담 절차를 찾으시는 분을 위한 안내입니다. 사하구 다대동 일대는 하단·다대·장림·감천 일대는 주거와 산업·관광지가 인접해 주택 이전, 공장·상가 등기, 상속 상담이 함께 이뤄집니다. 부산 다대동에서 법무사 업무 사례와 상담 절차를 찾으시는 분을 위한 안내입니다. 사하구 다대동 일대는 하단·다대·장림·감천 일대는 주거와 산업·관광지가 인접해 주택 이전, 공장·상가 등기, 상속 상담이 함께 이뤄집니다. 부산 다대동 일대에서는 계절 상권 점포의 권리관계 확인 후 등기 , 해안 주거 단지의 상속·공동명의 정리 문의가 이어집니다. 다옴법무사사무소 안윤정 법무사는 부산 해운대·센텀에서 부산 다대동 의뢰인의 상속등기·부동산등기·법인등기·개인회",430,a32435b41497ac61
/업무사례/부산다대포법무사,"부산 다대포에서 법무사 업무 사례와 상담 절차를 찾으시는 분을 위한 안내입니다. 다대포 해안·주거 생활권의 이전·상속등기 상담이 있습니다. 부산 다대포에서 법무사 업무 사례와 상담 절차를 찾으시는 분을 위한 안내입니다. 다대포 해안·주거 생활권의 이전·상속등기 상담이 있습니다. 부산 다대포에서 법무사 업무 사례와 상담 절차를 찾으시는 분을 위한 안내입니다. 다대포 해안·주거 생활권의 이전·상속등기 상담이 있습니다. 부산 다대포 일대에서는 소규모 점포 권리와 소유권 정리 , 관광지 인근 주택 매매등기 문의가 이어집니다. 다옴법무사사무소 안윤정 법무사는 부산 해운대·센텀에서 부산 다대포 의뢰인의 상속등기·부동산등기·법인등기·개인회생 상담을 진행합니다. 확인되지 않은 실적이나 무조건적인 처리를 약속하지 않으며, 서류와 일정을 확인한 뒤 가능 범위를 안내합니다. 부산 다대포에서 자주 문의되는 업무 부산 다대포 생활권 특성을 반영한 상담 유형입니다. 실제 가능 여부는 서류와 관할을 확인한 뒤",426,0cb2812b45d5567d
/업무사례/부산다대포해수욕장역법무사,"부산 다대포해수욕장역에서 법무사 업무 사례와 상담 절차를 찾으시는 분을 위한 안내입니다. 다대 해수욕장 역세권 등기 문의입니다. 부산 다대포해수욕장역에서 법무사 업무 사례와 상담 절차를 찾으시는 분을 위한 안내입니다. 다대 해수욕장 역세권 등기 문의입니다. 부산 다대포해수욕장역에서 법무사 업무 사례와 상담 절차를 찾으시는 분을 위한 안내입니다. 다대 해수욕장 역세권 등기 문의입니다. 부산 다대포해수욕장역 일대에서는 계절 상권 점포의 권리관계 확인 후 등기 , 해안 주거 단지의 상속·공동명의 정리 문의가 이어집니다. 다옴법무사사무소 안윤정 법무사는 부산 해운대·센텀에서 부산 다대포해수욕장역 의뢰인의 상속등기·부동산등기·법인등기·개인회생 상담을 진행합니다. 확인되지 않은 실적이나 무조건적인 처리를 약속하지 않으며, 서류와 일정을 확인한 뒤 가능 범위를 안내합니다. 부산 다대포해수욕장역에서 자주 문의되는 업무 부산 다대포해수욕장역 생활권 특성을 반영한 상담 유형입니다. 실제 가능 여부는 ",397,212555e4bea5f7a9
/업무사례/부산달맞이길법무사,"부산 달맞이길에서 법무사 업무 사례와 상담 절차를 찾으시는 분을 위한 안내입니다. 달맞이 언덕 주거·상가의 매매등기 상담이 있는 해안 생활권입니다. 부산 달맞이길에서 법무사 업무 사례와 상담 절차를 찾으시는 분을 위한 안내입니다. 달맞이 언덕 주거·상가의 매매등기 상담이 있는 해안 생활권입니다. 부산 달맞이길에서 법무사 업무 사례와 상담 절차를 찾으시는 분을 위한 안내입니다. 달맞이 언덕 주거·상가의 매매등기 상담이 있는 해안 생활권입니다. 부산 달맞이길 일대에서는 해안·관광 상권과 맞닿은 상가·주택 소유권이전 , 계절 상권 점포의 권리관계 확인 후 등기 문의가 이어집니다. 다옴법무사사무소 안윤정 법무사는 부산 해운대·센텀에서 부산 달맞이길 의뢰인의 상속등기·부동산등기·법인등기·개인회생 상담을 진행합니다. 확인되지 않은 실적이나 무조건적인 처리를 약속하지 않으며, 서류와 일정을 확인한 뒤 가능 범위를 안내합니다. 부산 달맞이길에서 자주 문의되는 업무 부산 달맞이길 생활권 특성을 반영",440,3ad9413510c6be4b
/업무사례/부산당감동법무사,"부산 당감동에서 법무사 업무 사례와 상담 절차를 찾으시는 분을 위한 안내입니다. 부산진구 당감동 일대는 서면·전포·부전 상권과 주거 단지가 맞닿아 잔금일 등기, 상가 이전, 법인 임원변경 문의가 꾸준한 생활권입니다. 부산 당감동에서 법무사 업무 사례와 상담 절차를 찾으시는 분을 위한 안내입니다. 부산진구 당감동 일대는 서면·전포·부전 상권과 주거 단지가 맞닿아 잔금일 등기, 상가 이전, 법인 임원변경 문의가 꾸준한 생활권입니다. 부산 당감동에서 법무사 업무 사례와 상담 절차를 찾으시는 분을 위한 안내입니다. 부산진구 당감동 일대는 서면·전포·부전 상권과 주거 단지가 맞닿아 잔금일 등기, 상가 이전, 법인 임원변경 문의가 꾸준한 생활권입니다. 부산 당감동 일대에서는 상가건물 구분소유권 관련 등기 , 개인사업자·법인의 사업장 주소 변경등기 문의가 이어집니다. 다옴법무사사무소 안윤정 법무사는 부산 해운대·센텀에서 부산 당감동 의뢰인의 상속등기·부동산등기·법인등기·개인회생 상담을 진행합니다",452,ea3d56eb980ca1c8
/업무사례/부산당리동법무사,"부산 당리동에서 법무사 업무 사례와 상담 절차를 찾으시는 분을 위한 안내입니다. 사하구 당리동 일대는 하단·다대·장림·감천 일대는 주거와 산업·관광지가 인접해 주택 이전, 공장·상가 등기, 상속 상담이 함께 이뤄집니다. 부산 당리동에서 법무사 업무 사례와 상담 절차를 찾으시는 분을 위한 안내입니다. 사하구 당리동 일대는 하단·다대·장림·감천 일대는 주거와 산업·관광지가 인접해 주택 이전, 공장·상가 등기, 상속 상담이 함께 이뤄집니다. 부산 당리동에서 법무사 업무 사례와 상담 절차를 찾으시는 분을 위한 안내입니다. 사하구 당리동 일대는 하단·다대·장림·감천 일대는 주거와 산업·관광지가 인접해 주택 이전, 공장·상가 등기, 상속 상담이 함께 이뤄집니다. 부산 당리동 일대에서는 계절 상권 점포의 권리관계 확인 후 등기 , 해안 주거 단지의 상속·공동명의 정리 문의가 이어집니다. 다옴법무사사무소 안윤정 법무사는 부산 해운대·센텀에서 부산 당리동 의뢰인의 상속등기·부동산등기·법인등기·개인회",463,b7f6a7606135a7c5
/업무사례/부산대교동법무사,"부산 대교동에서 법무사 업무 사례와 상담 절차를 찾으시는 분을 위한 안내입니다. 영도구 대교동 일대는 영도대교·태종대·흰여울 등 관광·주거가 공존하고, 항만·혁신지구 관련 부동산·법인등기 상담이 이뤄지는 지역입니다. 부산 대교동에서 법무사 업무 사례와 상담 절차를 찾으시는 분을 위한 안내입니다. 영도구 대교동 일대는 영도대교·태종대·흰여울 등 관광·주거가 공존하고, 항만·혁신지구 관련 부동산·법인등기 상담이 이뤄지는 지역입니다. 부산 대교동에서 법무사 업무 사례와 상담 절차를 찾으시는 분을 위한 안내입니다. 영도구 대교동 일대는 영도대교·태종대·흰여울 등 관광·주거가 공존하고, 항만·혁신지구 관련 부동산·법인등기 상담이 이뤄지는 지역입니다. 부산 대교동 일대에서는 공동상속인 협의 후 상속등기 , 근저당 설정·말소와 잔금일 일정 조율 문의가 이어집니다. 다옴법무사사무소 안윤정 법무사는 부산 해운대·센텀에서 부산 대교동 의뢰인의 상속등기·부동산등기·법인등기·개인회생 상담을 진행합니다. ",413,c792b9690b70ce40
/업무사례/부산대법무사,"부산대에서 법무사 업무 사례와 상담 절차를 찾으시는 분을 위한 안내입니다. 부산대 일대 대학가 주거·상가 매매등기 상담이 많은 생활권입니다. 부산대에서 법무사 업무 사례와 상담 절차를 찾으시는 분을 위한 안내입니다. 부산대 일대 대학가 주거·상가 매매등기 상담이 많은 생활권입니다. 부산대에서 법무사 업무 사례와 상담 절차를 찾으시는 분을 위한 안내입니다. 부산대 일대 대학가 주거·상가 매매등기 상담이 많은 생활권입니다. 부산대 일대에서는 아파트·다세대 소유권이전등기 , 공동상속인 협의 후 상속등기 문의가 이어집니다. 다옴법무사사무소 안윤정 법무사는 부산 해운대·센텀에서 부산대 의뢰인의 상속등기·부동산등기·법인등기·개인회생 상담을 진행합니다. 확인되지 않은 실적이나 무조건적인 처리를 약속하지 않으며, 서류와 일정을 확인한 뒤 가능 범위를 안내합니다. 부산대에서 자주 문의되는 업무 부산대 생활권 특성을 반영한 상담 유형입니다. 실제 가능 여부는 서류와 관할을 확인한 뒤 안내합니다. 아파",403,b7c022d6093d39d1
/업무사례/부산대역법무사,"부산대역에서 법무사 업무 사례와 상담 절차를 찾으시는 분을 위한 안내입니다. 부산대 역세권 주거·상가 등기 문의가 이어집니다. 부산대역에서 법무사 업무 사례와 상담 절차를 찾으시는 분을 위한 안내입니다. 부산대 역세권 주거·상가 등기 문의가 이어집니다. 부산대역에서 법무사 업무 사례와 상담 절차를 찾으시는 분을 위한 안내입니다. 부산대 역세권 주거·상가 등기 문의가 이어집니다. 부산대역 일대에서는 교통 거점 생활권의 상속등기 , 대학가 원룸·다가구 매매·상속등기 문의가 이어집니다. 다옴법무사사무소 안윤정 법무사는 부산 해운대·센텀에서 부산대역 의뢰인의 상속등기·부동산등기·법인등기·개인회생 상담을 진행합니다. 확인되지 않은 실적이나 무조건적인 처리를 약속하지 않으며, 서류와 일정을 확인한 뒤 가능 범위를 안내합니다. 부산대역에서 자주 문의되는 업무 부산대역 생활권 특성을 반영한 상담 유형입니다. 실제 가능 여부는 서류와 관할을 확인한 뒤 안내합니다. 교통 거점 생활권의 상속등기 대학가",395,096a3eb49a94aea3
/업무사례/부산대연동법무사,"부산 대연동에서 법무사 업무 사례와 상담 절차를 찾으시는 분을 위한 안내입니다. 남구 대연동 일대는 문현금융단지·대학가·용호 주거지가 함께 있어 법인등기, 오피스·주택 매매등기, 상속 관련 문의가 고루 들어오는 편입니다. 부산 대연동에서 법무사 업무 사례와 상담 절차를 찾으시는 분을 위한 안내입니다. 남구 대연동 일대는 문현금융단지·대학가·용호 주거지가 함께 있어 법인등기, 오피스·주택 매매등기, 상속 관련 문의가 고루 들어오는 편입니다. 부산 대연동에서 법무사 업무 사례와 상담 절차를 찾으시는 분을 위한 안내입니다. 남구 대연동 일대는 문현금융단지·대학가·용호 주거지가 함께 있어 법인등기, 오피스·주택 매매등기, 상속 관련 문의가 고루 들어오는 편입니다. 부산 대연동 일대에서는 법인 임원변경·본점이전등기 , 금융 일정과 맞춘 근저당 설정·말소 문의가 이어집니다. 다옴법무사사무소 안윤정 법무사는 부산 해운대·센텀에서 부산 대연동 의뢰인의 상속등기·부동산등기·법인등기·개인회생 상담을 ",409,de999c514113256d
/업무사례/부산대연역법무사,"부산 대연역에서 법무사 업무 사례와 상담 절차를 찾으시는 분을 위한 안내입니다. 대연 역세권 주거·상가 등기 상담이 이어집니다. 부산 대연역에서 법무사 업무 사례와 상담 절차를 찾으시는 분을 위한 안내입니다. 대연 역세권 주거·상가 등기 상담이 이어집니다. 부산 대연역에서 법무사 업무 사례와 상담 절차를 찾으시는 분을 위한 안내입니다. 대연 역세권 주거·상가 등기 상담이 이어집니다. 부산 대연역 일대에서는 역세권 아파트·오피스텔 이전등기 , 역 인근 상가 매매등기 문의가 이어집니다. 다옴법무사사무소 안윤정 법무사는 부산 해운대·센텀에서 부산 대연역 의뢰인의 상속등기·부동산등기·법인등기·개인회생 상담을 진행합니다. 확인되지 않은 실적이나 무조건적인 처리를 약속하지 않으며, 서류와 일정을 확인한 뒤 가능 범위를 안내합니다. 부산 대연역에서 자주 문의되는 업무 부산 대연역 생활권 특성을 반영한 상담 유형입니다. 실제 가능 여부는 서류와 관할을 확인한 뒤 안내합니다. 역세권 아파트·오피스텔",402,ffd5d6c4e403aeb3
/업무사례/부산대연혁신지구법무사,"부산 대연혁신지구에서 법무사 업무 사례와 상담 절차를 찾으시는 분을 위한 안내입니다. 대연 일대 주거·업무 변화와 맞물린 등기·법인 상담이 있습니다. 부산 대연혁신지구에서 법무사 업무 사례와 상담 절차를 찾으시는 분을 위한 안내입니다. 대연 일대 주거·업무 변화와 맞물린 등기·법인 상담이 있습니다. 부산 대연혁신지구에서 법무사 업무 사례와 상담 절차를 찾으시는 분을 위한 안내입니다. 대연 일대 주거·업무 변화와 맞물린 등기·법인 상담이 있습니다. 부산 대연혁신지구 일대에서는 단지 내 상가·근린생활시설 등기 , 대학가 원룸·다가구 매매·상속등기 문의가 이어집니다. 다옴법무사사무소 안윤정 법무사는 부산 해운대·센텀에서 부산 대연혁신지구 의뢰인의 상속등기·부동산등기·법인등기·개인회생 상담을 진행합니다. 확인되지 않은 실적이나 무조건적인 처리를 약속하지 않으며, 서류와 일정을 확인한 뒤 가능 범위를 안내합니다. 부산 대연혁신지구에서 자주 문의되는 업무 부산 대연혁신지구 생활권 특성을 반영한",409,4422abed7cfcd0f2
/업무사례/부산대저동법무사,"부산 대저동에서 법무사 업무 사례와 상담 절차를 찾으시는 분을 위한 안내입니다. 강서구 대저동 일대는 명지·에코델타·녹산·신항 일대는 신도시와 산업·물류가 맞물려 신축 보존등기, 공장·창고 이전, 법인 설립·변경 문의가 많습니다. 부산 대저동에서 법무사 업무 사례와 상담 절차를 찾으시는 분을 위한 안내입니다. 강서구 대저동 일대는 명지·에코델타·녹산·신항 일대는 신도시와 산업·물류가 맞물려 신축 보존등기, 공장·창고 이전, 법인 설립·변경 문의가 많습니다. 부산 대저동에서 법무사 업무 사례와 상담 절차를 찾으시는 분을 위한 안내입니다. 강서구 대저동 일대는 명지·에코델타·녹산·신항 일대는 신도시와 산업·물류가 맞물려 신축 보존등기, 공장·창고 이전, 법인 설립·변경 문의가 많습니다. 부산 대저동 일대에서는 공장·창고 부동산 취득·이전등기 , 산업단지 입주 기업 법인설립·변경등기 문의가 이어집니다. 다옴법무사사무소 안윤정 법무사는 부산 해운대·센텀에서 부산 대저동 의뢰인의 상속등기·부",441,4ac0427ce1a90b6c
/업무사례/부산대창동법무사,"부산 대창동에서 법무사 업무 사례와 상담 절차를 찾으시는 분을 위한 안내입니다. 중구 대창동 일대는 남포·광복·국제시장 등 원도심 상권이 모여 있고, 상가·주택 권리관계와 상속·매매 등기 문의가 함께 이어지는 지역입니다. 부산 대창동에서 법무사 업무 사례와 상담 절차를 찾으시는 분을 위한 안내입니다. 중구 대창동 일대는 남포·광복·국제시장 등 원도심 상권이 모여 있고, 상가·주택 권리관계와 상속·매매 등기 문의가 함께 이어지는 지역입니다. 부산 대창동에서 법무사 업무 사례와 상담 절차를 찾으시는 분을 위한 안내입니다. 중구 대창동 일대는 남포·광복·국제시장 등 원도심 상권이 모여 있고, 상가·주택 권리관계와 상속·매매 등기 문의가 함께 이어지는 지역입니다. 부산 대창동 일대에서는 개인사업자·법인의 사업장 주소 변경등기 , 시장·점포 권리와 건물등기 정리 문의가 이어집니다. 다옴법무사사무소 안윤정 법무사는 부산 해운대·센텀에서 부산 대창동 의뢰인의 상속등기·부동산등기·법인등기·개인회생",457,f6a7221d8e9e87d7
/업무사례/부산대청동법무사,"부산 대청동에서 법무사 업무 사례와 상담 절차를 찾으시는 분을 위한 안내입니다. 중구 대청동 일대는 남포·광복·국제시장 등 원도심 상권이 모여 있고, 상가·주택 권리관계와 상속·매매 등기 문의가 함께 이어지는 지역입니다. 부산 대청동에서 법무사 업무 사례와 상담 절차를 찾으시는 분을 위한 안내입니다. 중구 대청동 일대는 남포·광복·국제시장 등 원도심 상권이 모여 있고, 상가·주택 권리관계와 상속·매매 등기 문의가 함께 이어지는 지역입니다. 부산 대청동에서 법무사 업무 사례와 상담 절차를 찾으시는 분을 위한 안내입니다. 중구 대청동 일대는 남포·광복·국제시장 등 원도심 상권이 모여 있고, 상가·주택 권리관계와 상속·매매 등기 문의가 함께 이어지는 지역입니다. 부산 대청동 일대에서는 상가·점포 매매에 따른 이전등기 , 상가건물 구분소유권 관련 등기 문의가 이어집니다. 다옴법무사사무소 안윤정 법무사는 부산 해운대·센텀에서 부산 대청동 의뢰인의 상속등기·부동산등기·법인등기·개인회생 상담을 ",455,51985f1f33b3cec8
/업무사례/부산대평동법무사,"부산 대평동에서 법무사 업무 사례와 상담 절차를 찾으시는 분을 위한 안내입니다. 영도구 대평동 일대는 영도대교·태종대·흰여울 등 관광·주거가 공존하고, 항만·혁신지구 관련 부동산·법인등기 상담이 이뤄지는 지역입니다. 부산 대평동에서 법무사 업무 사례와 상담 절차를 찾으시는 분을 위한 안내입니다. 영도구 대평동 일대는 영도대교·태종대·흰여울 등 관광·주거가 공존하고, 항만·혁신지구 관련 부동산·법인등기 상담이 이뤄지는 지역입니다. 부산 대평동에서 법무사 업무 사례와 상담 절차를 찾으시는 분을 위한 안내입니다. 영도구 대평동 일대는 영도대교·태종대·흰여울 등 관광·주거가 공존하고, 항만·혁신지구 관련 부동산·법인등기 상담이 이뤄지는 지역입니다. 부산 대평동 일대에서는 항만 인근 토지·건축물 권리 확인 , 숙박·상가 등 관광 상권 부동산등기 문의가 이어집니다. 다옴법무사사무소 안윤정 법무사는 부산 해운대·센텀에서 부산 대평동 의뢰인의 상속등기·부동산등기·법인등기·개인회생 상담을 진행합니다",450,bb591159fbb4b38e
/업무사례/부산대학병원법무사,"부산대학병원에서 법무사 업무 사례와 상담 절차를 찾으시는 분을 위한 안내입니다. 병원 인근 거주·상속·부동산 이전 일정을 맞추는 상담이 있습니다. 부산대학병원에서 법무사 업무 사례와 상담 절차를 찾으시는 분을 위한 안내입니다. 병원 인근 거주·상속·부동산 이전 일정을 맞추는 상담이 있습니다. 부산대학병원에서 법무사 업무 사례와 상담 절차를 찾으시는 분을 위한 안내입니다. 병원 인근 거주·상속·부동산 이전 일정을 맞추는 상담이 있습니다. 부산대학병원 일대에서는 아파트·다세대 소유권이전등기 , 공동상속인 협의 후 상속등기 문의가 이어집니다. 다옴법무사사무소 안윤정 법무사는 부산 해운대·센텀에서 부산대학병원 의뢰인의 상속등기·부동산등기·법인등기·개인회생 상담을 진행합니다. 확인되지 않은 실적이나 무조건적인 처리를 약속하지 않으며, 서류와 일정을 확인한 뒤 가능 범위를 안내합니다. 부산대학병원에서 자주 문의되는 업무 부산대학병원 생활권 특성을 반영한 상담 유형입니다. 실제 가능 여부는 서류",403,55f54404139b0030
/업무사례/부산대항동법무사,"부산 대항동에서 법무사 업무 사례와 상담 절차를 찾으시는 분을 위한 안내입니다. 강서구 대항동 일대는 명지·에코델타·녹산·신항 일대는 신도시와 산업·물류가 맞물려 신축 보존등기, 공장·창고 이전, 법인 설립·변경 문의가 많습니다. 부산 대항동에서 법무사 업무 사례와 상담 절차를 찾으시는 분을 위한 안내입니다. 강서구 대항동 일대는 명지·에코델타·녹산·신항 일대는 신도시와 산업·물류가 맞물려 신축 보존등기, 공장·창고 이전, 법인 설립·변경 문의가 많습니다. 부산 대항동에서 법무사 업무 사례와 상담 절차를 찾으시는 분을 위한 안내입니다. 강서구 대항동 일대는 명지·에코델타·녹산·신항 일대는 신도시와 산업·물류가 맞물려 신축 보존등기, 공장·창고 이전, 법인 설립·변경 문의가 많습니다. 부산 대항동 일대에서는 항만 인근 토지·건축물 권리 확인 , 신축·분양 주택의 소유권보존·이전등기 문의가 이어집니다. 다옴법무사사무소 안윤정 법무사는 부산 해운대·센텀에서 부산 대항동 의뢰인의 상속등기·",452,224f270474d4a465
/업무사례/부산덕천동법무사,"부산 덕천동에서 법무사 업무 사례와 상담 절차를 찾으시는 분을 위한 안내입니다. 북구 덕천동 일대는 화명·덕천·만덕 등 주거 밀집 지역으로, 아파트 소유권이전·상속·근저당 설정·말소 등기 상담이 잦은 생활권입니다. 부산 덕천동에서 법무사 업무 사례와 상담 절차를 찾으시는 분을 위한 안내입니다. 북구 덕천동 일대는 화명·덕천·만덕 등 주거 밀집 지역으로, 아파트 소유권이전·상속·근저당 설정·말소 등기 상담이 잦은 생활권입니다. 부산 덕천동에서 법무사 업무 사례와 상담 절차를 찾으시는 분을 위한 안내입니다. 북구 덕천동 일대는 화명·덕천·만덕 등 주거 밀집 지역으로, 아파트 소유권이전·상속·근저당 설정·말소 등기 상담이 잦은 생활권입니다. 부산 덕천동 일대에서는 교통 거점 생활권의 상속등기 , 아파트·다세대 소유권이전등기 문의가 이어집니다. 다옴법무사사무소 안윤정 법무사는 부산 해운대·센텀에서 부산 덕천동 의뢰인의 상속등기·부동산등기·법인등기·개인회생 상담을 진행합니다. 확인되지 않은 ",438,3ac4290823cb2910
/업무사례/부산덕천역법무사,"부산 덕천역에서 법무사 업무 사례와 상담 절차를 찾으시는 분을 위한 안내입니다. 덕천 교차 생활권의 상가·주거 등기 문의가 많은 거점입니다. 부산 덕천역에서 법무사 업무 사례와 상담 절차를 찾으시는 분을 위한 안내입니다. 덕천 교차 생활권의 상가·주거 등기 문의가 많은 거점입니다. 부산 덕천역에서 법무사 업무 사례와 상담 절차를 찾으시는 분을 위한 안내입니다. 덕천 교차 생활권의 상가·주거 등기 문의가 많은 거점입니다. 부산 덕천역 일대에서는 역 인근 상가 매매등기 , 교통 거점 생활권의 상속등기 문의가 이어집니다. 다옴법무사사무소 안윤정 법무사는 부산 해운대·센텀에서 부산 덕천역 의뢰인의 상속등기·부동산등기·법인등기·개인회생 상담을 진행합니다. 확인되지 않은 실적이나 무조건적인 처리를 약속하지 않으며, 서류와 일정을 확인한 뒤 가능 범위를 안내합니다. 부산 덕천역에서 자주 문의되는 업무 부산 덕천역 생활권 특성을 반영한 상담 유형입니다. 실제 가능 여부는 서류와 관할을 확인한 뒤 ",422,55fdc635101d7d22
/업무사례/부산덕포동법무사,"부산 덕포동에서 법무사 업무 사례와 상담 절차를 찾으시는 분을 위한 안내입니다. 사상구 덕포동 일대는 사상터미널·주례·학장 일대는 교통 거점과 공업·주거가 공존해 공장·상가 등기, 법인 변경, 주택 이전 문의가 함께 있습니다. 부산 덕포동에서 법무사 업무 사례와 상담 절차를 찾으시는 분을 위한 안내입니다. 사상구 덕포동 일대는 사상터미널·주례·학장 일대는 교통 거점과 공업·주거가 공존해 공장·상가 등기, 법인 변경, 주택 이전 문의가 함께 있습니다. 부산 덕포동에서 법무사 업무 사례와 상담 절차를 찾으시는 분을 위한 안내입니다. 사상구 덕포동 일대는 사상터미널·주례·학장 일대는 교통 거점과 공업·주거가 공존해 공장·상가 등기, 법인 변경, 주택 이전 문의가 함께 있습니다. 부산 덕포동 일대에서는 역 인근 상가 매매등기 , 교통 거점 생활권의 상속등기 문의가 이어집니다. 다옴법무사사무소 안윤정 법무사는 부산 해운대·센텀에서 부산 덕포동 의뢰인의 상속등기·부동산등기·법인등기·개인회생 상",449,1bde3ac8062a06ee
/업무사례/부산동광동법무사,"부산 동광동에서 법무사 업무 사례와 상담 절차를 찾으시는 분을 위한 안내입니다. 중구 동광동 일대는 남포·광복·국제시장 등 원도심 상권이 모여 있고, 상가·주택 권리관계와 상속·매매 등기 문의가 함께 이어지는 지역입니다. 부산 동광동에서 법무사 업무 사례와 상담 절차를 찾으시는 분을 위한 안내입니다. 중구 동광동 일대는 남포·광복·국제시장 등 원도심 상권이 모여 있고, 상가·주택 권리관계와 상속·매매 등기 문의가 함께 이어지는 지역입니다. 부산 동광동에서 법무사 업무 사례와 상담 절차를 찾으시는 분을 위한 안내입니다. 중구 동광동 일대는 남포·광복·국제시장 등 원도심 상권이 모여 있고, 상가·주택 권리관계와 상속·매매 등기 문의가 함께 이어지는 지역입니다. 부산 동광동 일대에서는 오래된 등기부 정리·표시변경 검토 , 소규모 필지·상가의 권리관계 확인 문의가 이어집니다. 다옴법무사사무소 안윤정 법무사는 부산 해운대·센텀에서 부산 동광동 의뢰인의 상속등기·부동산등기·법인등기·개인회생 상",422,23f1cc7bf84db6c3
/업무사례/부산동남권방사선의과학산업단지법무사,"부산 동남권방사선의과학산업단지에서 법무사 업무 사례와 상담 절차를 찾으시는 분을 위한 안내입니다. 방사선의과학산단 입주 기관·기업의 법인·부동산등기 문의가 있습니다. 부산 동남권방사선의과학산업단지에서 법무사 업무 사례와 상담 절차를 찾으시는 분을 위한 안내입니다. 방사선의과학산단 입주 기관·기업의 법인·부동산등기 문의가 있습니다. 부산 동남권방사선의과학산업단지에서 법무사 업무 사례와 상담 절차를 찾으시는 분을 위한 안내입니다. 방사선의과학산단 입주 기관·기업의 법인·부동산등기 문의가 있습니다. 부산 동남권방사선의과학산업단지 일대에서는 부동산 매매·증여 이전등기 , 법인설립·임원변경등기 문의가 이어집니다. 다옴법무사사무소 안윤정 법무사는 부산 해운대·센텀에서 부산 동남권방사선의과학산업단지 의뢰인의 상속등기·부동산등기·법인등기·개인회생 상담을 진행합니다. 확인되지 않은 실적이나 무조건적인 처리를 약속하지 않으며, 서류와 일정을 확인한 뒤 가능 범위를 안내합니다. 부산 동남권방사선의과학산",410,ca79642adf5eda82
/업무사례/부산동대신동법무사,"부산 동대신동에서 법무사 업무 사례와 상담 절차를 찾으시는 분을 위한 안내입니다. 서구 동대신동 일대는 대신·암남·송도 일대는 주거와 병원·해수욕장 생활권이 겹쳐, 상속·부동산 이전과 병원 인근 거주자 상담이 많은 편입니다. 부산 동대신동에서 법무사 업무 사례와 상담 절차를 찾으시는 분을 위한 안내입니다. 서구 동대신동 일대는 대신·암남·송도 일대는 주거와 병원·해수욕장 생활권이 겹쳐, 상속·부동산 이전과 병원 인근 거주자 상담이 많은 편입니다. 부산 동대신동에서 법무사 업무 사례와 상담 절차를 찾으시는 분을 위한 안내입니다. 서구 동대신동 일대는 대신·암남·송도 일대는 주거와 병원·해수욕장 생활권이 겹쳐, 상속·부동산 이전과 병원 인근 거주자 상담이 많은 편입니다. 부산 동대신동 일대에서는 소규모 점포 권리와 소유권 정리 , 관광지 인근 주택 매매등기 문의가 이어집니다. 다옴법무사사무소 안윤정 법무사는 부산 해운대·센텀에서 부산 동대신동 의뢰인의 상속등기·부동산등기·법인등기·개인회",452,0b23c7de72db5606
/업무사례/부산동래구청법무사,"부산 동래구청에서 법무사 업무 사례와 상담 절차를 찾으시는 분을 위한 안내입니다. 구청 인근 행정·주거 생활권의 등기 문의가 이어집니다. 부산 동래구청에서 법무사 업무 사례와 상담 절차를 찾으시는 분을 위한 안내입니다. 구청 인근 행정·주거 생활권의 등기 문의가 이어집니다. 부산 동래구청에서 법무사 업무 사례와 상담 절차를 찾으시는 분을 위한 안내입니다. 구청 인근 행정·주거 생활권의 등기 문의가 이어집니다. 부산 동래구청 일대에서는 법인설립·임원변경등기 , 개인회생·파산 관련 상담 문의가 이어집니다. 다옴법무사사무소 안윤정 법무사는 부산 해운대·센텀에서 부산 동래구청 의뢰인의 상속등기·부동산등기·법인등기·개인회생 상담을 진행합니다. 확인되지 않은 실적이나 무조건적인 처리를 약속하지 않으며, 서류와 일정을 확인한 뒤 가능 범위를 안내합니다. 부산 동래구청에서 자주 문의되는 업무 부산 동래구청 생활권 특성을 반영한 상담 유형입니다. 실제 가능 여부는 서류와 관할을 확인한 뒤 안내합니다",411,9d426c9fc9b855b5
/업무사례/부산동래문화회관법무사,"부산 동래문화회관에서 법무사 업무 사례와 상담 절차를 찾으시는 분을 위한 안내입니다. 동래 문화시설 인근 주거 등기 상담 구간입니다. 부산 동래문화회관에서 법무사 업무 사례와 상담 절차를 찾으시는 분을 위한 안내입니다. 동래 문화시설 인근 주거 등기 상담 구간입니다. 부산 동래문화회관에서 법무사 업무 사례와 상담 절차를 찾으시는 분을 위한 안내입니다. 동래 문화시설 인근 주거 등기 상담 구간입니다. 부산 동래문화회관 일대에서는 상속등기·상속포기·한정승인 상담 , 부동산 매매·증여 이전등기 문의가 이어집니다. 다옴법무사사무소 안윤정 법무사는 부산 해운대·센텀에서 부산 동래문화회관 의뢰인의 상속등기·부동산등기·법인등기·개인회생 상담을 진행합니다. 확인되지 않은 실적이나 무조건적인 처리를 약속하지 않으며, 서류와 일정을 확인한 뒤 가능 범위를 안내합니다. 부산 동래문화회관에서 자주 문의되는 업무 부산 동래문화회관 생활권 특성을 반영한 상담 유형입니다. 실제 가능 여부는 서류와 관할을 확인",405,7bf59ef90764af8d
/업무사례/부산동래시장법무사,"부산 동래시장에서 법무사 업무 사례와 상담 절차를 찾으시는 분을 위한 안내입니다. 시장 상권의 점포·상가 등기 일정을 맞추는 상담이 있습니다. 부산 동래시장에서 법무사 업무 사례와 상담 절차를 찾으시는 분을 위한 안내입니다. 시장 상권의 점포·상가 등기 일정을 맞추는 상담이 있습니다. 부산 동래시장에서 법무사 업무 사례와 상담 절차를 찾으시는 분을 위한 안내입니다. 시장 상권의 점포·상가 등기 일정을 맞추는 상담이 있습니다. 부산 동래시장 일대에서는 개인사업자·법인의 사업장 주소 변경등기 , 시장·점포 권리와 건물등기 정리 문의가 이어집니다. 다옴법무사사무소 안윤정 법무사는 부산 해운대·센텀에서 부산 동래시장 의뢰인의 상속등기·부동산등기·법인등기·개인회생 상담을 진행합니다. 확인되지 않은 실적이나 무조건적인 처리를 약속하지 않으며, 서류와 일정을 확인한 뒤 가능 범위를 안내합니다. 부산 동래시장에서 자주 문의되는 업무 부산 동래시장 생활권 특성을 반영한 상담 유형입니다. 실제 가능 ",426,2acfb95c94b0fee5
/업무사례/부산동래역법무사,"부산 동래역에서 법무사 업무 사례와 상담 절차를 찾으시는 분을 위한 안내입니다. 동래 역세권 상권·주거의 매매등기 상담이 많은 거점입니다. 부산 동래역에서 법무사 업무 사례와 상담 절차를 찾으시는 분을 위한 안내입니다. 동래 역세권 상권·주거의 매매등기 상담이 많은 거점입니다. 부산 동래역에서 법무사 업무 사례와 상담 절차를 찾으시는 분을 위한 안내입니다. 동래 역세권 상권·주거의 매매등기 상담이 많은 거점입니다. 부산 동래역 일대에서는 상가·점포 매매에 따른 이전등기 , 상가건물 구분소유권 관련 등기 문의가 이어집니다. 다옴법무사사무소 안윤정 법무사는 부산 해운대·센텀에서 부산 동래역 의뢰인의 상속등기·부동산등기·법인등기·개인회생 상담을 진행합니다. 확인되지 않은 실적이나 무조건적인 처리를 약속하지 않으며, 서류와 일정을 확인한 뒤 가능 범위를 안내합니다. 부산 동래역에서 자주 문의되는 업무 부산 동래역 생활권 특성을 반영한 상담 유형입니다. 실제 가능 여부는 서류와 관할을 확인한",424,cdd11c2638aa7341
/업무사례/부산동매역법무사,"부산 동매역에서 법무사 업무 사례와 상담 절차를 찾으시는 분을 위한 안내입니다. 괴정·동매 일대 주거 등기 문의가 있는 구간입니다. 부산 동매역에서 법무사 업무 사례와 상담 절차를 찾으시는 분을 위한 안내입니다. 괴정·동매 일대 주거 등기 문의가 있는 구간입니다. 부산 동매역에서 법무사 업무 사례와 상담 절차를 찾으시는 분을 위한 안내입니다. 괴정·동매 일대 주거 등기 문의가 있는 구간입니다. 부산 동매역 일대에서는 아파트·다세대 소유권이전등기 , 공동상속인 협의 후 상속등기 문의가 이어집니다. 다옴법무사사무소 안윤정 법무사는 부산 해운대·센텀에서 부산 동매역 의뢰인의 상속등기·부동산등기·법인등기·개인회생 상담을 진행합니다. 확인되지 않은 실적이나 무조건적인 처리를 약속하지 않으며, 서류와 일정을 확인한 뒤 가능 범위를 안내합니다. 부산 동매역에서 자주 문의되는 업무 부산 동매역 생활권 특성을 반영한 상담 유형입니다. 실제 가능 여부는 서류와 관할을 확인한 뒤 안내합니다. 아파트·다",422,2698b301315fc793
/업무사례/부산동부산관광단지법무사,"부산 동부산관광단지에서 법무사 업무 사례와 상담 절차를 찾으시는 분을 위한 안내입니다. 동부산 관광단지 일대 상업·숙박·상가 권리 상담이 있습니다. 부산 동부산관광단지에서 법무사 업무 사례와 상담 절차를 찾으시는 분을 위한 안내입니다. 동부산 관광단지 일대 상업·숙박·상가 권리 상담이 있습니다. 부산 동부산관광단지에서 법무사 업무 사례와 상담 절차를 찾으시는 분을 위한 안내입니다. 동부산 관광단지 일대 상업·숙박·상가 권리 상담이 있습니다. 부산 동부산관광단지 일대에서는 소규모 점포 권리와 소유권 정리 , 관광지 인근 주택 매매등기 문의가 이어집니다. 다옴법무사사무소 안윤정 법무사는 부산 해운대·센텀에서 부산 동부산관광단지 의뢰인의 상속등기·부동산등기·법인등기·개인회생 상담을 진행합니다. 확인되지 않은 실적이나 무조건적인 처리를 약속하지 않으며, 서류와 일정을 확인한 뒤 가능 범위를 안내합니다. 부산 동부산관광단지에서 자주 문의되는 업무 부산 동부산관광단지 생활권 특성을 반영한 상담",423,ec6beaba988eb2d1
/업무사례/부산동부산롯데아울렛법무사,"부산 동부산롯데아울렛에서 법무사 업무 사례와 상담 절차를 찾으시는 분을 위한 안내입니다. 아울렛 상권 인근의 상업시설·부동산 등기 문의가 있습니다. 부산 동부산롯데아울렛에서 법무사 업무 사례와 상담 절차를 찾으시는 분을 위한 안내입니다. 아울렛 상권 인근의 상업시설·부동산 등기 문의가 있습니다. 부산 동부산롯데아울렛에서 법무사 업무 사례와 상담 절차를 찾으시는 분을 위한 안내입니다. 아울렛 상권 인근의 상업시설·부동산 등기 문의가 있습니다. 부산 동부산롯데아울렛 일대에서는 소규모 점포 권리와 소유권 정리 , 관광지 인근 주택 매매등기 문의가 이어집니다. 다옴법무사사무소 안윤정 법무사는 부산 해운대·센텀에서 부산 동부산롯데아울렛 의뢰인의 상속등기·부동산등기·법인등기·개인회생 상담을 진행합니다. 확인되지 않은 실적이나 무조건적인 처리를 약속하지 않으며, 서류와 일정을 확인한 뒤 가능 범위를 안내합니다. 부산 동부산롯데아울렛에서 자주 문의되는 업무 부산 동부산롯데아울렛 생활권 특성을 반영",394,f5549570bb631f58
/업무사례/부산동부지원법무사,"부산동부지원에서 법무사 업무 사례와 상담 절차를 찾으시는 분을 위한 안내입니다. 해운대 동부지원 인근에서 동부산 생활권 사건의 소송·등기 일정 상담이 이어집니다. 부산동부지원에서 법무사 업무 사례와 상담 절차를 찾으시는 분을 위한 안내입니다. 해운대 동부지원 인근에서 동부산 생활권 사건의 소송·등기 일정 상담이 이어집니다. 부산동부지원에서 법무사 업무 사례와 상담 절차를 찾으시는 분을 위한 안내입니다. 해운대 동부지원 인근에서 동부산 생활권 사건의 소송·등기 일정 상담이 이어집니다. 부산동부지원 일대에서는 관할 등기소에 따른 신청 방식 점검 , 완료서류·등기필정보 수령 일정 조율 문의가 이어집니다. 다옴법무사사무소 안윤정 법무사는 부산 해운대·센텀에서 부산동부지원 의뢰인의 상속등기·부동산등기·법인등기·개인회생 상담을 진행합니다. 확인되지 않은 실적이나 무조건적인 처리를 약속하지 않으며, 서류와 일정을 확인한 뒤 가능 범위를 안내합니다. 부산동부지원에서 자주 문의되는 업무 부산동부지원",390,a224b46af9654756
/업무사례/부산동삼동법무사,"부산 동삼동에서 법무사 업무 사례와 상담 절차를 찾으시는 분을 위한 안내입니다. 영도구 동삼동 일대는 영도대교·태종대·흰여울 등 관광·주거가 공존하고, 항만·혁신지구 관련 부동산·법인등기 상담이 이뤄지는 지역입니다. 부산 동삼동에서 법무사 업무 사례와 상담 절차를 찾으시는 분을 위한 안내입니다. 영도구 동삼동 일대는 영도대교·태종대·흰여울 등 관광·주거가 공존하고, 항만·혁신지구 관련 부동산·법인등기 상담이 이뤄지는 지역입니다. 부산 동삼동에서 법무사 업무 사례와 상담 절차를 찾으시는 분을 위한 안내입니다. 영도구 동삼동 일대는 영도대교·태종대·흰여울 등 관광·주거가 공존하고, 항만·혁신지구 관련 부동산·법인등기 상담이 이뤄지는 지역입니다. 부산 동삼동 일대에서는 항만·물류 배후 사업장·창고 부동산등기 , 물류 법인 본점·지점 변경등기 문의가 이어집니다. 다옴법무사사무소 안윤정 법무사는 부산 해운대·센텀에서 부산 동삼동 의뢰인의 상속등기·부동산등기·법인등기·개인회생 상담을 진행합니다",446,798347941a1b8eac
/업무사례/부산동삼혁신지구법무사,"부산 동삼혁신지구에서 법무사 업무 사례와 상담 절차를 찾으시는 분을 위한 안내입니다. 혁신지구 입주·이전과 맞물린 법인·부동산등기 문의가 있습니다. 부산 동삼혁신지구에서 법무사 업무 사례와 상담 절차를 찾으시는 분을 위한 안내입니다. 혁신지구 입주·이전과 맞물린 법인·부동산등기 문의가 있습니다. 부산 동삼혁신지구에서 법무사 업무 사례와 상담 절차를 찾으시는 분을 위한 안내입니다. 혁신지구 입주·이전과 맞물린 법인·부동산등기 문의가 있습니다. 부산 동삼혁신지구 일대에서는 산업단지 입주 기업 법인설립·변경등기 , 담보 설정과 맞물린 사업장 등기 일정 문의가 이어집니다. 다옴법무사사무소 안윤정 법무사는 부산 해운대·센텀에서 부산 동삼혁신지구 의뢰인의 상속등기·부동산등기·법인등기·개인회생 상담을 진행합니다. 확인되지 않은 실적이나 무조건적인 처리를 약속하지 않으며, 서류와 일정을 확인한 뒤 가능 범위를 안내합니다. 부산 동삼혁신지구에서 자주 문의되는 업무 부산 동삼혁신지구 생활권 특성을 반",419,8269f142e1e1f455
/업무사례/부산동선동법무사,"부산 동선동에서 법무사 업무 사례와 상담 절차를 찾으시는 분을 위한 안내입니다. 강서구 동선동 일대는 명지·에코델타·녹산·신항 일대는 신도시와 산업·물류가 맞물려 신축 보존등기, 공장·창고 이전, 법인 설립·변경 문의가 많습니다. 부산 동선동에서 법무사 업무 사례와 상담 절차를 찾으시는 분을 위한 안내입니다. 강서구 동선동 일대는 명지·에코델타·녹산·신항 일대는 신도시와 산업·물류가 맞물려 신축 보존등기, 공장·창고 이전, 법인 설립·변경 문의가 많습니다. 부산 동선동에서 법무사 업무 사례와 상담 절차를 찾으시는 분을 위한 안내입니다. 강서구 동선동 일대는 명지·에코델타·녹산·신항 일대는 신도시와 산업·물류가 맞물려 신축 보존등기, 공장·창고 이전, 법인 설립·변경 문의가 많습니다. 부산 동선동 일대에서는 산업단지 입주 기업 법인설립·변경등기 , 담보 설정과 맞물린 사업장 등기 일정 문의가 이어집니다. 다옴법무사사무소 안윤정 법무사는 부산 해운대·센텀에서 부산 동선동 의뢰인의 상속등",451,0c5f1b2e7b2725df
/업무사례/부산동아대병원법무사,"부산 동아대병원에서 법무사 업무 사례와 상담 절차를 찾으시는 분을 위한 안내입니다. 서구 병원 생활권 인근 주거 매매·상속등기 문의가 있습니다. 부산 동아대병원에서 법무사 업무 사례와 상담 절차를 찾으시는 분을 위한 안내입니다. 서구 병원 생활권 인근 주거 매매·상속등기 문의가 있습니다. 부산 동아대병원에서 법무사 업무 사례와 상담 절차를 찾으시는 분을 위한 안내입니다. 서구 병원 생활권 인근 주거 매매·상속등기 문의가 있습니다. 부산 동아대병원 일대에서는 아파트·다세대 소유권이전등기 , 공동상속인 협의 후 상속등기 문의가 이어집니다. 다옴법무사사무소 안윤정 법무사는 부산 해운대·센텀에서 부산 동아대병원 의뢰인의 상속등기·부동산등기·법인등기·개인회생 상담을 진행합니다. 확인되지 않은 실적이나 무조건적인 처리를 약속하지 않으며, 서류와 일정을 확인한 뒤 가능 범위를 안내합니다. 부산 동아대병원에서 자주 문의되는 업무 부산 동아대병원 생활권 특성을 반영한 상담 유형입니다. 실제 가능 여",420,0ddf52d03c03140a
/업무사례/부산동의대역법무사,"부산 동의대역에서 법무사 업무 사례와 상담 절차를 찾으시는 분을 위한 안내입니다. 대학·주거가 인접한 역세권의 부동산등기 문의가 있습니다. 부산 동의대역에서 법무사 업무 사례와 상담 절차를 찾으시는 분을 위한 안내입니다. 대학·주거가 인접한 역세권의 부동산등기 문의가 있습니다. 부산 동의대역에서 법무사 업무 사례와 상담 절차를 찾으시는 분을 위한 안내입니다. 대학·주거가 인접한 역세권의 부동산등기 문의가 있습니다. 부산 동의대역 일대에서는 대학가 원룸·다가구 매매·상속등기 , 임대사업 관련 소유권·담보등기 문의가 이어집니다. 다옴법무사사무소 안윤정 법무사는 부산 해운대·센텀에서 부산 동의대역 의뢰인의 상속등기·부동산등기·법인등기·개인회생 상담을 진행합니다. 확인되지 않은 실적이나 무조건적인 처리를 약속하지 않으며, 서류와 일정을 확인한 뒤 가능 범위를 안내합니다. 부산 동의대역에서 자주 문의되는 업무 부산 동의대역 생활권 특성을 반영한 상담 유형입니다. 실제 가능 여부는 서류와 관할",412,dddcee02c4b7bec4
/업무사례/부산두구동법무사,"부산 두구동에서 법무사 업무 사례와 상담 절차를 찾으시는 분을 위한 안내입니다. 금정구 두구동 일대는 부산대·장전·구서·노포 생활권으로 대학가 임대·주거 매매, 상속등기, 인근 공업지역 관련 법인·부동산 문의가 있습니다. 부산 두구동에서 법무사 업무 사례와 상담 절차를 찾으시는 분을 위한 안내입니다. 금정구 두구동 일대는 부산대·장전·구서·노포 생활권으로 대학가 임대·주거 매매, 상속등기, 인근 공업지역 관련 법인·부동산 문의가 있습니다. 부산 두구동에서 법무사 업무 사례와 상담 절차를 찾으시는 분을 위한 안내입니다. 금정구 두구동 일대는 부산대·장전·구서·노포 생활권으로 대학가 임대·주거 매매, 상속등기, 인근 공업지역 관련 법인·부동산 문의가 있습니다. 부산 두구동 일대에서는 역세권 아파트·오피스텔 이전등기 , 역 인근 상가 매매등기 문의가 이어집니다. 다옴법무사사무소 안윤정 법무사는 부산 해운대·센텀에서 부산 두구동 의뢰인의 상속등기·부동산등기·법인등기·개인회생 상담을 진행합니",434,164aa6086e39fa6d
/업무사례/부산두실역법무사,"부산 두실역에서 법무사 업무 사례와 상담 절차를 찾으시는 분을 위한 안내입니다. 두실 생활권 주거 등기 상담이 있는 구간입니다. 부산 두실역에서 법무사 업무 사례와 상담 절차를 찾으시는 분을 위한 안내입니다. 두실 생활권 주거 등기 상담이 있는 구간입니다. 부산 두실역에서 법무사 업무 사례와 상담 절차를 찾으시는 분을 위한 안내입니다. 두실 생활권 주거 등기 상담이 있는 구간입니다. 부산 두실역 일대에서는 역세권 아파트·오피스텔 이전등기 , 역 인근 상가 매매등기 문의가 이어집니다. 다옴법무사사무소 안윤정 법무사는 부산 해운대·센텀에서 부산 두실역 의뢰인의 상속등기·부동산등기·법인등기·개인회생 상담을 진행합니다. 확인되지 않은 실적이나 무조건적인 처리를 약속하지 않으며, 서류와 일정을 확인한 뒤 가능 범위를 안내합니다. 부산 두실역에서 자주 문의되는 업무 부산 두실역 생활권 특성을 반영한 상담 유형입니다. 실제 가능 여부는 서류와 관할을 확인한 뒤 안내합니다. 역세권 아파트·오피스텔",412,f16c0ffa66165330
/업무사례/부산등기국법무사,"부산등기국에서 법무사 업무 사례와 상담 절차를 찾으시는 분을 위한 안내입니다. 등기 접수·보정·완료 확인 일정을 맞추는 실무 문의가 많은 거점입니다. 부산등기국에서 법무사 업무 사례와 상담 절차를 찾으시는 분을 위한 안내입니다. 등기 접수·보정·완료 확인 일정을 맞추는 실무 문의가 많은 거점입니다. 부산등기국에서 법무사 업무 사례와 상담 절차를 찾으시는 분을 위한 안내입니다. 등기 접수·보정·완료 확인 일정을 맞추는 실무 문의가 많은 거점입니다. 부산등기국 일대에서는 완료서류·등기필정보 수령 일정 조율 , 소송·조정 일정과 맞춘 등기·서류 준비 문의가 이어집니다. 다옴법무사사무소 안윤정 법무사는 부산 해운대·센텀에서 부산등기국 의뢰인의 상속등기·부동산등기·법인등기·개인회생 상담을 진행합니다. 확인되지 않은 실적이나 무조건적인 처리를 약속하지 않으며, 서류와 일정을 확인한 뒤 가능 범위를 안내합니다. 부산등기국에서 자주 문의되는 업무 부산등기국 생활권 특성을 반영한 상담 유형입니다. ",416,0716096758751578
/업무사례/부산롯데월드어드벤처법무사,"부산 롯데월드어드벤처부산에서 법무사 업무 사례와 상담 절차를 찾으시는 분을 위한 안내입니다. 오시리아 관광시설 배후 상업·부동산 상담 구간입니다. 부산 롯데월드어드벤처부산에서 법무사 업무 사례와 상담 절차를 찾으시는 분을 위한 안내입니다. 오시리아 관광시설 배후 상업·부동산 상담 구간입니다. 부산 롯데월드어드벤처부산에서 법무사 업무 사례와 상담 절차를 찾으시는 분을 위한 안내입니다. 오시리아 관광시설 배후 상업·부동산 상담 구간입니다. 부산 롯데월드어드벤처부산 일대에서는 관광지 인근 주택 매매등기 , 상가·점포 매매에 따른 이전등기 문의가 이어집니다. 다옴법무사사무소 안윤정 법무사는 부산 해운대·센텀에서 부산 롯데월드어드벤처부산 의뢰인의 상속등기·부동산등기·법인등기·개인회생 상담을 진행합니다. 확인되지 않은 실적이나 무조건적인 처리를 약속하지 않으며, 서류와 일정을 확인한 뒤 가능 범위를 안내합니다. 부산 롯데월드어드벤처부산에서 자주 문의되는 업무 부산 롯데월드어드벤처부산 생활권 특",417,98c2b8a8e5623176
/업무사례/부산마린시티법무사,"부산 마린시티에서 법무사 업무 사례와 상담 절차를 찾으시는 분을 위한 안내입니다. 해안 고층 주거·상가의 매매·담보·상속등기 상담이 있는 생활권입니다. 부산 마린시티에서 법무사 업무 사례와 상담 절차를 찾으시는 분을 위한 안내입니다. 해안 고층 주거·상가의 매매·담보·상속등기 상담이 있는 생활권입니다. 부산 마린시티에서 법무사 업무 사례와 상담 절차를 찾으시는 분을 위한 안내입니다. 해안 고층 주거·상가의 매매·담보·상속등기 상담이 있는 생활권입니다. 부산 마린시티 일대에서는 해안 주거 단지의 상속·공동명의 정리 , 아파트·다세대 소유권이전등기 문의가 이어집니다. 다옴법무사사무소 안윤정 법무사는 부산 해운대·센텀에서 부산 마린시티 의뢰인의 상속등기·부동산등기·법인등기·개인회생 상담을 진행합니다. 확인되지 않은 실적이나 무조건적인 처리를 약속하지 않으며, 서류와 일정을 확인한 뒤 가능 범위를 안내합니다. 부산 마린시티에서 자주 문의되는 업무 부산 마린시티 생활권 특성을 반영한 상담 유",428,9f05afa9fde6b1e7
/업무사례/부산만덕동법무사,"부산 만덕동에서 법무사 업무 사례와 상담 절차를 찾으시는 분을 위한 안내입니다. 북구 만덕동 일대는 화명·덕천·만덕 등 주거 밀집 지역으로, 아파트 소유권이전·상속·근저당 설정·말소 등기 상담이 잦은 생활권입니다. 부산 만덕동에서 법무사 업무 사례와 상담 절차를 찾으시는 분을 위한 안내입니다. 북구 만덕동 일대는 화명·덕천·만덕 등 주거 밀집 지역으로, 아파트 소유권이전·상속·근저당 설정·말소 등기 상담이 잦은 생활권입니다. 부산 만덕동에서 법무사 업무 사례와 상담 절차를 찾으시는 분을 위한 안내입니다. 북구 만덕동 일대는 화명·덕천·만덕 등 주거 밀집 지역으로, 아파트 소유권이전·상속·근저당 설정·말소 등기 상담이 잦은 생활권입니다. 부산 만덕동 일대에서는 역세권 아파트·오피스텔 이전등기 , 역 인근 상가 매매등기 문의가 이어집니다. 다옴법무사사무소 안윤정 법무사는 부산 해운대·센텀에서 부산 만덕동 의뢰인의 상속등기·부동산등기·법인등기·개인회생 상담을 진행합니다. 확인되지 않은 실",436,c965caf5be1caf8e
/업무사례/부산만덕역법무사,"부산 만덕역에서 법무사 업무 사례와 상담 절차를 찾으시는 분을 위한 안내입니다. 만덕 주거 밀집지의 이전·상속등기 문의가 있습니다. 부산 만덕역에서 법무사 업무 사례와 상담 절차를 찾으시는 분을 위한 안내입니다. 만덕 주거 밀집지의 이전·상속등기 문의가 있습니다. 부산 만덕역에서 법무사 업무 사례와 상담 절차를 찾으시는 분을 위한 안내입니다. 만덕 주거 밀집지의 이전·상속등기 문의가 있습니다. 부산 만덕역 일대에서는 근저당 설정·말소와 잔금일 일정 조율 , 역세권 아파트·오피스텔 이전등기 문의가 이어집니다. 다옴법무사사무소 안윤정 법무사는 부산 해운대·센텀에서 부산 만덕역 의뢰인의 상속등기·부동산등기·법인등기·개인회생 상담을 진행합니다. 확인되지 않은 실적이나 무조건적인 처리를 약속하지 않으며, 서류와 일정을 확인한 뒤 가능 범위를 안내합니다. 부산 만덕역에서 자주 문의되는 업무 부산 만덕역 생활권 특성을 반영한 상담 유형입니다. 실제 가능 여부는 서류와 관할을 확인한 뒤 안내합니다",418,b1bbbf832ef74b3b
/업무사례/부산망미1동법무사,"부산 망미1동에서 법무사 업무 사례와 상담 절차를 찾으시는 분을 위한 안내입니다. 수영구 망미1동은(는) 망미동 생활권의 행정동으로, 주거 밀집지의 이전·상속등기 상담이 이어집니다. 부산 망미1동에서 법무사 업무 사례와 상담 절차를 찾으시는 분을 위한 안내입니다. 수영구 망미1동은(는) 망미동 생활권의 행정동으로, 주거 밀집지의 이전·상속등기 상담이 이어집니다. 부산 망미1동에서 법무사 업무 사례와 상담 절차를 찾으시는 분을 위한 안내입니다. 수영구 망미1동은(는) 망미동 생활권의 행정동으로, 주거 밀집지의 이전·상속등기 상담이 이어집니다. 부산 망미1동 일대에서는 공동상속인 협의 후 상속등기 , 근저당 설정·말소와 잔금일 일정 조율 문의가 이어집니다. 다옴법무사사무소 안윤정 법무사는 부산 해운대·센텀에서 부산 망미1동 의뢰인의 상속등기·부동산등기·법인등기·개인회생 상담을 진행합니다. 확인되지 않은 실적이나 무조건적인 처리를 약속하지 않으며, 서류와 일정을 확인한 뒤 가능 범위를 안",412,82cf145f8ec371dc
/업무사례/부산망미2동법무사,"부산 망미2동에서 법무사 업무 사례와 상담 절차를 찾으시는 분을 위한 안내입니다. 수영구 망미2동은(는) 망미동 생활권의 행정동으로, 주거 밀집지의 이전·상속등기 상담이 이어집니다. 부산 망미2동에서 법무사 업무 사례와 상담 절차를 찾으시는 분을 위한 안내입니다. 수영구 망미2동은(는) 망미동 생활권의 행정동으로, 주거 밀집지의 이전·상속등기 상담이 이어집니다. 부산 망미2동에서 법무사 업무 사례와 상담 절차를 찾으시는 분을 위한 안내입니다. 수영구 망미2동은(는) 망미동 생활권의 행정동으로, 주거 밀집지의 이전·상속등기 상담이 이어집니다. 부산 망미2동 일대에서는 근저당 설정·말소와 잔금일 일정 조율 , 해안·관광 상권과 맞닿은 상가·주택 소유권이전 문의가 이어집니다. 다옴법무사사무소 안윤정 법무사는 부산 해운대·센텀에서 부산 망미2동 의뢰인의 상속등기·부동산등기·법인등기·개인회생 상담을 진행합니다. 확인되지 않은 실적이나 무조건적인 처리를 약속하지 않으며, 서류와 일정을 확인한 ",444,73116606bec72f40
/업무사례/부산망미단길법무사,"부산 망미단길에서 법무사 업무 사례와 상담 절차를 찾으시는 분을 위한 안내입니다. 망미 골목 상권의 점포·주택 권리 상담이 있습니다. 부산 망미단길에서 법무사 업무 사례와 상담 절차를 찾으시는 분을 위한 안내입니다. 망미 골목 상권의 점포·주택 권리 상담이 있습니다. 부산 망미단길에서 법무사 업무 사례와 상담 절차를 찾으시는 분을 위한 안내입니다. 망미 골목 상권의 점포·주택 권리 상담이 있습니다. 부산 망미단길 일대에서는 공동상속인 협의 후 상속등기 , 근저당 설정·말소와 잔금일 일정 조율 문의가 이어집니다. 다옴법무사사무소 안윤정 법무사는 부산 해운대·센텀에서 부산 망미단길 의뢰인의 상속등기·부동산등기·법인등기·개인회생 상담을 진행합니다. 확인되지 않은 실적이나 무조건적인 처리를 약속하지 않으며, 서류와 일정을 확인한 뒤 가능 범위를 안내합니다. 부산 망미단길에서 자주 문의되는 업무 부산 망미단길 생활권 특성을 반영한 상담 유형입니다. 실제 가능 여부는 서류와 관할을 확인한 뒤 ",395,cf540ac5fc7c523e
/업무사례/부산망미동법무사,"부산 망미동에서 법무사 업무 사례와 상담 절차를 찾으시는 분을 위한 안내입니다. 수영구 망미동 일대는 광안리·남천·망미 일대는 해안 주거와 상권이 밀집해 아파트·오피스텔 이전등기, 상가 권리, 상속 상담이 이어집니다. 부산 망미동에서 법무사 업무 사례와 상담 절차를 찾으시는 분을 위한 안내입니다. 수영구 망미동 일대는 광안리·남천·망미 일대는 해안 주거와 상권이 밀집해 아파트·오피스텔 이전등기, 상가 권리, 상속 상담이 이어집니다. 부산 망미동에서 법무사 업무 사례와 상담 절차를 찾으시는 분을 위한 안내입니다. 수영구 망미동 일대는 광안리·남천·망미 일대는 해안 주거와 상권이 밀집해 아파트·오피스텔 이전등기, 상가 권리, 상속 상담이 이어집니다. 부산 망미동 일대에서는 계절 상권 점포의 권리관계 확인 후 등기 , 해안 주거 단지의 상속·공동명의 정리 문의가 이어집니다. 다옴법무사사무소 안윤정 법무사는 부산 해운대·센텀에서 부산 망미동 의뢰인의 상속등기·부동산등기·법인등기·개인회생 상",457,7338cde46d38a1a0
/업무사례/부산망미역법무사,"부산 망미역에서 법무사 업무 사례와 상담 절차를 찾으시는 분을 위한 안내입니다. 망미 주거·상권 생활권의 부동산등기 문의가 있습니다. 부산 망미역에서 법무사 업무 사례와 상담 절차를 찾으시는 분을 위한 안내입니다. 망미 주거·상권 생활권의 부동산등기 문의가 있습니다. 부산 망미역에서 법무사 업무 사례와 상담 절차를 찾으시는 분을 위한 안내입니다. 망미 주거·상권 생활권의 부동산등기 문의가 있습니다. 부산 망미역 일대에서는 아파트·다세대 소유권이전등기 , 공동상속인 협의 후 상속등기 문의가 이어집니다. 다옴법무사사무소 안윤정 법무사는 부산 해운대·센텀에서 부산 망미역 의뢰인의 상속등기·부동산등기·법인등기·개인회생 상담을 진행합니다. 확인되지 않은 실적이나 무조건적인 처리를 약속하지 않으며, 서류와 일정을 확인한 뒤 가능 범위를 안내합니다. 부산 망미역에서 자주 문의되는 업무 부산 망미역 생활권 특성을 반영한 상담 유형입니다. 실제 가능 여부는 서류와 관할을 확인한 뒤 안내합니다. 아파",413,fa03dadf6f5c8b22
/업무사례/부산명동산업단지법무사,"부산 명동산업단지에서 법무사 업무 사례와 상담 절차를 찾으시는 분을 위한 안내입니다. 명동산단 사업장 부동산등기 상담이 있습니다. 부산 명동산업단지에서 법무사 업무 사례와 상담 절차를 찾으시는 분을 위한 안내입니다. 명동산단 사업장 부동산등기 상담이 있습니다. 부산 명동산업단지에서 법무사 업무 사례와 상담 절차를 찾으시는 분을 위한 안내입니다. 명동산단 사업장 부동산등기 상담이 있습니다. 부산 명동산업단지 일대에서는 부동산 매매·증여 이전등기 , 법인설립·임원변경등기 문의가 이어집니다. 다옴법무사사무소 안윤정 법무사는 부산 해운대·센텀에서 부산 명동산업단지 의뢰인의 상속등기·부동산등기·법인등기·개인회생 상담을 진행합니다. 확인되지 않은 실적이나 무조건적인 처리를 약속하지 않으며, 서류와 일정을 확인한 뒤 가능 범위를 안내합니다. 부산 명동산업단지에서 자주 문의되는 업무 부산 명동산업단지 생활권 특성을 반영한 상담 유형입니다. 실제 가능 여부는 서류와 관할을 확인한 뒤 안내합니다. 부",402,a02eed8297b36a67
/업무사례/부산명례산업단지법무사,"부산 명례산업단지에서 법무사 업무 사례와 상담 절차를 찾으시는 분을 위한 안내입니다. 명례산단 입주 기업의 법인·부동산등기 문의가 있는 산업 권역입니다. 부산 명례산업단지에서 법무사 업무 사례와 상담 절차를 찾으시는 분을 위한 안내입니다. 명례산단 입주 기업의 법인·부동산등기 문의가 있는 산업 권역입니다. 부산 명례산업단지에서 법무사 업무 사례와 상담 절차를 찾으시는 분을 위한 안내입니다. 명례산단 입주 기업의 법인·부동산등기 문의가 있는 산업 권역입니다. 부산 명례산업단지 일대에서는 상속등기·상속포기·한정승인 상담 , 부동산 매매·증여 이전등기 문의가 이어집니다. 다옴법무사사무소 안윤정 법무사는 부산 해운대·센텀에서 부산 명례산업단지 의뢰인의 상속등기·부동산등기·법인등기·개인회생 상담을 진행합니다. 확인되지 않은 실적이나 무조건적인 처리를 약속하지 않으며, 서류와 일정을 확인한 뒤 가능 범위를 안내합니다. 부산 명례산업단지에서 자주 문의되는 업무 부산 명례산업단지 생활권 특성을 반",413,4a46c8f66bf3bd21
/업무사례/부산명륜동법무사,"부산 명륜동에서 법무사 업무 사례와 상담 절차를 찾으시는 분을 위한 안내입니다. 동래구 명륜동 일대는 온천장·사직·안락 등 전통 주거·상권이 이어져 상속등기, 공동주택 이전, 가족 간 권리 정리 상담이 많은 지역입니다. 부산 명륜동에서 법무사 업무 사례와 상담 절차를 찾으시는 분을 위한 안내입니다. 동래구 명륜동 일대는 온천장·사직·안락 등 전통 주거·상권이 이어져 상속등기, 공동주택 이전, 가족 간 권리 정리 상담이 많은 지역입니다. 부산 명륜동에서 법무사 업무 사례와 상담 절차를 찾으시는 분을 위한 안내입니다. 동래구 명륜동 일대는 온천장·사직·안락 등 전통 주거·상권이 이어져 상속등기, 공동주택 이전, 가족 간 권리 정리 상담이 많은 지역입니다. 부산 명륜동 일대에서는 역 인근 상가 매매등기 , 교통 거점 생활권의 상속등기 문의가 이어집니다. 다옴법무사사무소 안윤정 법무사는 부산 해운대·센텀에서 부산 명륜동 의뢰인의 상속등기·부동산등기·법인등기·개인회생 상담을 진행합니다. 확인",456,bbd214bf182c5e6b
/업무사례/부산명서산업단지법무사,"부산 명서산업단지에서 법무사 업무 사례와 상담 절차를 찾으시는 분을 위한 안내입니다. 명서산단 입주 기업의 등기·법인 변경 문의가 있습니다. 부산 명서산업단지에서 법무사 업무 사례와 상담 절차를 찾으시는 분을 위한 안내입니다. 명서산단 입주 기업의 등기·법인 변경 문의가 있습니다. 부산 명서산업단지에서 법무사 업무 사례와 상담 절차를 찾으시는 분을 위한 안내입니다. 명서산단 입주 기업의 등기·법인 변경 문의가 있습니다. 부산 명서산업단지 일대에서는 법인설립·임원변경등기 , 개인회생·파산 관련 상담 문의가 이어집니다. 다옴법무사사무소 안윤정 법무사는 부산 해운대·센텀에서 부산 명서산업단지 의뢰인의 상속등기·부동산등기·법인등기·개인회생 상담을 진행합니다. 확인되지 않은 실적이나 무조건적인 처리를 약속하지 않으며, 서류와 일정을 확인한 뒤 가능 범위를 안내합니다. 부산 명서산업단지에서 자주 문의되는 업무 부산 명서산업단지 생활권 특성을 반영한 상담 유형입니다. 실제 가능 여부는 서류와 관",418,0fbe6c3398d7c68e
/업무사례/부산명장동법무사,"부산 명장동에서 법무사 업무 사례와 상담 절차를 찾으시는 분을 위한 안내입니다. 동래구 명장동 일대는 온천장·사직·안락 등 전통 주거·상권이 이어져 상속등기, 공동주택 이전, 가족 간 권리 정리 상담이 많은 지역입니다. 부산 명장동에서 법무사 업무 사례와 상담 절차를 찾으시는 분을 위한 안내입니다. 동래구 명장동 일대는 온천장·사직·안락 등 전통 주거·상권이 이어져 상속등기, 공동주택 이전, 가족 간 권리 정리 상담이 많은 지역입니다. 부산 명장동에서 법무사 업무 사례와 상담 절차를 찾으시는 분을 위한 안내입니다. 동래구 명장동 일대는 온천장·사직·안락 등 전통 주거·상권이 이어져 상속등기, 공동주택 이전, 가족 간 권리 정리 상담이 많은 지역입니다. 부산 명장동 일대에서는 상가 임대차와 맞물린 소유권 확인 , 전통시장 인근 주택 상속·매매등기 문의가 이어집니다. 다옴법무사사무소 안윤정 법무사는 부산 해운대·센텀에서 부산 명장동 의뢰인의 상속등기·부동산등기·법인등기·개인회생 상담을 ",424,d9bfd5545e807bc0
/업무사례/부산명지국제신도시법무사,"부산 명지국제신도시에서 법무사 업무 사례와 상담 절차를 찾으시는 분을 위한 안내입니다. 명지국제신도시 아파트·상가 등기 문의가 이어집니다. 부산 명지국제신도시에서 법무사 업무 사례와 상담 절차를 찾으시는 분을 위한 안내입니다. 명지국제신도시 아파트·상가 등기 문의가 이어집니다. 부산 명지국제신도시에서 법무사 업무 사례와 상담 절차를 찾으시는 분을 위한 안내입니다. 명지국제신도시 아파트·상가 등기 문의가 이어집니다. 부산 명지국제신도시 일대에서는 신도시 입주 일정에 맞춘 잔금일 등기 , 단지 내 상가·근린생활시설 등기 문의가 이어집니다. 다옴법무사사무소 안윤정 법무사는 부산 해운대·센텀에서 부산 명지국제신도시 의뢰인의 상속등기·부동산등기·법인등기·개인회생 상담을 진행합니다. 확인되지 않은 실적이나 무조건적인 처리를 약속하지 않으며, 서류와 일정을 확인한 뒤 가능 범위를 안내합니다. 부산 명지국제신도시에서 자주 문의되는 업무 부산 명지국제신도시 생활권 특성을 반영한 상담 유형입니다. 실",416,f1091ee2e33e66d8
/업무사례/부산명지동법무사,"부산 명지동에서 법무사 업무 사례와 상담 절차를 찾으시는 분을 위한 안내입니다. 강서구 명지동 일대는 명지·에코델타·녹산·신항 일대는 신도시와 산업·물류가 맞물려 신축 보존등기, 공장·창고 이전, 법인 설립·변경 문의가 많습니다. 부산 명지동에서 법무사 업무 사례와 상담 절차를 찾으시는 분을 위한 안내입니다. 강서구 명지동 일대는 명지·에코델타·녹산·신항 일대는 신도시와 산업·물류가 맞물려 신축 보존등기, 공장·창고 이전, 법인 설립·변경 문의가 많습니다. 부산 명지동에서 법무사 업무 사례와 상담 절차를 찾으시는 분을 위한 안내입니다. 강서구 명지동 일대는 명지·에코델타·녹산·신항 일대는 신도시와 산업·물류가 맞물려 신축 보존등기, 공장·창고 이전, 법인 설립·변경 문의가 많습니다. 부산 명지동 일대에서는 공장·창고 부동산 취득·이전등기 , 산업단지 입주 기업 법인설립·변경등기 문의가 이어집니다. 다옴법무사사무소 안윤정 법무사는 부산 해운대·센텀에서 부산 명지동 의뢰인의 상속등기·부",449,56566ec5f94f8023
/업무사례/부산명지법무사,"부산 명지에서 법무사 업무 사례와 상담 절차를 찾으시는 분을 위한 안내입니다. 명지 신도시 주거의 소유권이전·신축 관련 등기 상담이 많은 생활권입니다. 부산 명지에서 법무사 업무 사례와 상담 절차를 찾으시는 분을 위한 안내입니다. 명지 신도시 주거의 소유권이전·신축 관련 등기 상담이 많은 생활권입니다. 부산 명지에서 법무사 업무 사례와 상담 절차를 찾으시는 분을 위한 안내입니다. 명지 신도시 주거의 소유권이전·신축 관련 등기 상담이 많은 생활권입니다. 부산 명지 일대에서는 단지 내 상가·근린생활시설 등기 , 아파트·다세대 소유권이전등기 문의가 이어집니다. 다옴법무사사무소 안윤정 법무사는 부산 해운대·센텀에서 부산 명지 의뢰인의 상속등기·부동산등기·법인등기·개인회생 상담을 진행합니다. 확인되지 않은 실적이나 무조건적인 처리를 약속하지 않으며, 서류와 일정을 확인한 뒤 가능 범위를 안내합니다. 부산 명지에서 자주 문의되는 업무 부산 명지 생활권 특성을 반영한 상담 유형입니다. 실제 가능",422,753218d6802fcc71
/업무사례/부산모라도시첨단산업단지법무사,"부산 모라도시첨단산업단지에서 법무사 업무 사례와 상담 절차를 찾으시는 분을 위한 안내입니다. 모라 첨단산단 입주 기업의 등기 문의가 이어집니다. 부산 모라도시첨단산업단지에서 법무사 업무 사례와 상담 절차를 찾으시는 분을 위한 안내입니다. 모라 첨단산단 입주 기업의 등기 문의가 이어집니다. 부산 모라도시첨단산업단지에서 법무사 업무 사례와 상담 절차를 찾으시는 분을 위한 안내입니다. 모라 첨단산단 입주 기업의 등기 문의가 이어집니다. 부산 모라도시첨단산업단지 일대에서는 산업단지 입주 기업 법인설립·변경등기 , 담보 설정과 맞물린 사업장 등기 일정 문의가 이어집니다. 다옴법무사사무소 안윤정 법무사는 부산 해운대·센텀에서 부산 모라도시첨단산업단지 의뢰인의 상속등기·부동산등기·법인등기·개인회생 상담을 진행합니다. 확인되지 않은 실적이나 무조건적인 처리를 약속하지 않으며, 서류와 일정을 확인한 뒤 가능 범위를 안내합니다. 부산 모라도시첨단산업단지에서 자주 문의되는 업무 부산 모라도시첨단산업단지",418,7b85967be92f8002
/업무사례/부산모라동법무사,"부산 모라동에서 법무사 업무 사례와 상담 절차를 찾으시는 분을 위한 안내입니다. 사상구 모라동 일대는 사상터미널·주례·학장 일대는 교통 거점과 공업·주거가 공존해 공장·상가 등기, 법인 변경, 주택 이전 문의가 함께 있습니다. 부산 모라동에서 법무사 업무 사례와 상담 절차를 찾으시는 분을 위한 안내입니다. 사상구 모라동 일대는 사상터미널·주례·학장 일대는 교통 거점과 공업·주거가 공존해 공장·상가 등기, 법인 변경, 주택 이전 문의가 함께 있습니다. 부산 모라동에서 법무사 업무 사례와 상담 절차를 찾으시는 분을 위한 안내입니다. 사상구 모라동 일대는 사상터미널·주례·학장 일대는 교통 거점과 공업·주거가 공존해 공장·상가 등기, 법인 변경, 주택 이전 문의가 함께 있습니다. 부산 모라동 일대에서는 역세권 아파트·오피스텔 이전등기 , 역 인근 상가 매매등기 문의가 이어집니다. 다옴법무사사무소 안윤정 법무사는 부산 해운대·센텀에서 부산 모라동 의뢰인의 상속등기·부동산등기·법인등기·개인회생",441,9dea946db29186a2
/업무사례/부산못골역법무사,"부산 못골역에서 법무사 업무 사례와 상담 절차를 찾으시는 분을 위한 안내입니다. 대연·못골 생활권 주거 등기 문의가 있는 구간입니다. 부산 못골역에서 법무사 업무 사례와 상담 절차를 찾으시는 분을 위한 안내입니다. 대연·못골 생활권 주거 등기 문의가 있는 구간입니다. 부산 못골역에서 법무사 업무 사례와 상담 절차를 찾으시는 분을 위한 안내입니다. 대연·못골 생활권 주거 등기 문의가 있는 구간입니다. 부산 못골역 일대에서는 근저당 설정·말소와 잔금일 일정 조율 , 역세권 아파트·오피스텔 이전등기 문의가 이어집니다. 다옴법무사사무소 안윤정 법무사는 부산 해운대·센텀에서 부산 못골역 의뢰인의 상속등기·부동산등기·법인등기·개인회생 상담을 진행합니다. 확인되지 않은 실적이나 무조건적인 처리를 약속하지 않으며, 서류와 일정을 확인한 뒤 가능 범위를 안내합니다. 부산 못골역에서 자주 문의되는 업무 부산 못골역 생활권 특성을 반영한 상담 유형입니다. 실제 가능 여부는 서류와 관할을 확인한 뒤 안내",421,292a5c3dba86b558
/업무사례/부산문현금융단지법무사,"부산 문현금융단지에서 법무사 업무 사례와 상담 절차를 찾으시는 분을 위한 안내입니다. 금융·오피스 밀집지로 법인등기·오피스 이전·담보등기 문의가 많은 업무지구입니다. 부산 문현금융단지에서 법무사 업무 사례와 상담 절차를 찾으시는 분을 위한 안내입니다. 금융·오피스 밀집지로 법인등기·오피스 이전·담보등기 문의가 많은 업무지구입니다. 부산 문현금융단지에서 법무사 업무 사례와 상담 절차를 찾으시는 분을 위한 안내입니다. 금융·오피스 밀집지로 법인등기·오피스 이전·담보등기 문의가 많은 업무지구입니다. 부산 문현금융단지 일대에서는 금융 일정과 맞춘 근저당 설정·말소 , 상가·점포 매매에 따른 이전등기 문의가 이어집니다. 다옴법무사사무소 안윤정 법무사는 부산 해운대·센텀에서 부산 문현금융단지 의뢰인의 상속등기·부동산등기·법인등기·개인회생 상담을 진행합니다. 확인되지 않은 실적이나 무조건적인 처리를 약속하지 않으며, 서류와 일정을 확인한 뒤 가능 범위를 안내합니다. 부산 문현금융단지에서 자주 문",419,3deca91f3a86d0d1
/업무사례/부산문현동법무사,"부산 문현동에서 법무사 업무 사례와 상담 절차를 찾으시는 분을 위한 안내입니다. 남구 문현동 일대는 문현금융단지·대학가·용호 주거지가 함께 있어 법인등기, 오피스·주택 매매등기, 상속 관련 문의가 고루 들어오는 편입니다. 부산 문현동에서 법무사 업무 사례와 상담 절차를 찾으시는 분을 위한 안내입니다. 남구 문현동 일대는 문현금융단지·대학가·용호 주거지가 함께 있어 법인등기, 오피스·주택 매매등기, 상속 관련 문의가 고루 들어오는 편입니다. 부산 문현동에서 법무사 업무 사례와 상담 절차를 찾으시는 분을 위한 안내입니다. 남구 문현동 일대는 문현금융단지·대학가·용호 주거지가 함께 있어 법인등기, 오피스·주택 매매등기, 상속 관련 문의가 고루 들어오는 편입니다. 부산 문현동 일대에서는 금융 일정과 맞춘 근저당 설정·말소 , 대학가 원룸·다가구 매매·상속등기 문의가 이어집니다. 다옴법무사사무소 안윤정 법무사는 부산 해운대·센텀에서 부산 문현동 의뢰인의 상속등기·부동산등기·법인등기·개인회생 ",438,253b7b67f693bc5b
/업무사례/부산문현역법무사,"부산 문현역에서 법무사 업무 사례와 상담 절차를 찾으시는 분을 위한 안내입니다. 문현 역세권·금융단지 인접 등기 상담이 있습니다. 부산 문현역에서 법무사 업무 사례와 상담 절차를 찾으시는 분을 위한 안내입니다. 문현 역세권·금융단지 인접 등기 상담이 있습니다. 부산 문현역에서 법무사 업무 사례와 상담 절차를 찾으시는 분을 위한 안내입니다. 문현 역세권·금융단지 인접 등기 상담이 있습니다. 부산 문현역 일대에서는 법인 임원변경·본점이전등기 , 금융 일정과 맞춘 근저당 설정·말소 문의가 이어집니다. 다옴법무사사무소 안윤정 법무사는 부산 해운대·센텀에서 부산 문현역 의뢰인의 상속등기·부동산등기·법인등기·개인회생 상담을 진행합니다. 확인되지 않은 실적이나 무조건적인 처리를 약속하지 않으며, 서류와 일정을 확인한 뒤 가능 범위를 안내합니다. 부산 문현역에서 자주 문의되는 업무 부산 문현역 생활권 특성을 반영한 상담 유형입니다. 실제 가능 여부는 서류와 관할을 확인한 뒤 안내합니다. 법인 임원",383,24979c15db564cb5
/업무사례/부산미남역법무사,"부산 미남역에서 법무사 업무 사례와 상담 절차를 찾으시는 분을 위한 안내입니다. 미남 교차 생활권의 아파트 이전·상속등기 문의가 있습니다. 부산 미남역에서 법무사 업무 사례와 상담 절차를 찾으시는 분을 위한 안내입니다. 미남 교차 생활권의 아파트 이전·상속등기 문의가 있습니다. 부산 미남역에서 법무사 업무 사례와 상담 절차를 찾으시는 분을 위한 안내입니다. 미남 교차 생활권의 아파트 이전·상속등기 문의가 있습니다. 부산 미남역 일대에서는 공동상속인 협의 후 상속등기 , 근저당 설정·말소와 잔금일 일정 조율 문의가 이어집니다. 다옴법무사사무소 안윤정 법무사는 부산 해운대·센텀에서 부산 미남역 의뢰인의 상속등기·부동산등기·법인등기·개인회생 상담을 진행합니다. 확인되지 않은 실적이나 무조건적인 처리를 약속하지 않으며, 서류와 일정을 확인한 뒤 가능 범위를 안내합니다. 부산 미남역에서 자주 문의되는 업무 부산 미남역 생활권 특성을 반영한 상담 유형입니다. 실제 가능 여부는 서류와 관할을 확",392,6435c0cd0c3461f0
/업무사례/부산미음동법무사,"부산 미음동에서 법무사 업무 사례와 상담 절차를 찾으시는 분을 위한 안내입니다. 강서구 미음동 일대는 명지·에코델타·녹산·신항 일대는 신도시와 산업·물류가 맞물려 신축 보존등기, 공장·창고 이전, 법인 설립·변경 문의가 많습니다. 부산 미음동에서 법무사 업무 사례와 상담 절차를 찾으시는 분을 위한 안내입니다. 강서구 미음동 일대는 명지·에코델타·녹산·신항 일대는 신도시와 산업·물류가 맞물려 신축 보존등기, 공장·창고 이전, 법인 설립·변경 문의가 많습니다. 부산 미음동에서 법무사 업무 사례와 상담 절차를 찾으시는 분을 위한 안내입니다. 강서구 미음동 일대는 명지·에코델타·녹산·신항 일대는 신도시와 산업·물류가 맞물려 신축 보존등기, 공장·창고 이전, 법인 설립·변경 문의가 많습니다. 부산 미음동 일대에서는 산업단지 입주 기업 법인설립·변경등기 , 담보 설정과 맞물린 사업장 등기 일정 문의가 이어집니다. 다옴법무사사무소 안윤정 법무사는 부산 해운대·센텀에서 부산 미음동 의뢰인의 상속등",418,8285c5f0e1f47fd6
/업무사례/부산미음산업단지법무사,"부산 미음산업단지에서 법무사 업무 사례와 상담 절차를 찾으시는 분을 위한 안내입니다. 미음산단 공장·창고 등기 문의가 있는 산업 권역입니다. 부산 미음산업단지에서 법무사 업무 사례와 상담 절차를 찾으시는 분을 위한 안내입니다. 미음산단 공장·창고 등기 문의가 있는 산업 권역입니다. 부산 미음산업단지에서 법무사 업무 사례와 상담 절차를 찾으시는 분을 위한 안내입니다. 미음산단 공장·창고 등기 문의가 있는 산업 권역입니다. 부산 미음산업단지 일대에서는 상속등기·상속포기·한정승인 상담 , 부동산 매매·증여 이전등기 문의가 이어집니다. 다옴법무사사무소 안윤정 법무사는 부산 해운대·센텀에서 부산 미음산업단지 의뢰인의 상속등기·부동산등기·법인등기·개인회생 상담을 진행합니다. 확인되지 않은 실적이나 무조건적인 처리를 약속하지 않으며, 서류와 일정을 확인한 뒤 가능 범위를 안내합니다. 부산 미음산업단지에서 자주 문의되는 업무 부산 미음산업단지 생활권 특성을 반영한 상담 유형입니다. 실제 가능 여부",381,b965d68356a74f6f
/업무사례/부산미포법무사,"부산 미포에서 법무사 업무 사례와 상담 절차를 찾으시는 분을 위한 안내입니다. 미포 해안 관광·주거 구간의 부동산 상담입니다. 부산 미포에서 법무사 업무 사례와 상담 절차를 찾으시는 분을 위한 안내입니다. 미포 해안 관광·주거 구간의 부동산 상담입니다. 부산 미포에서 법무사 업무 사례와 상담 절차를 찾으시는 분을 위한 안내입니다. 미포 해안 관광·주거 구간의 부동산 상담입니다. 부산 미포 일대에서는 계절 상권 점포의 권리관계 확인 후 등기 , 해안 주거 단지의 상속·공동명의 정리 문의가 이어집니다. 다옴법무사사무소 안윤정 법무사는 부산 해운대·센텀에서 부산 미포 의뢰인의 상속등기·부동산등기·법인등기·개인회생 상담을 진행합니다. 확인되지 않은 실적이나 무조건적인 처리를 약속하지 않으며, 서류와 일정을 확인한 뒤 가능 범위를 안내합니다. 부산 미포에서 자주 문의되는 업무 부산 미포 생활권 특성을 반영한 상담 유형입니다. 실제 가능 여부는 서류와 관할을 확인한 뒤 안내합니다. 계절 상권 ",432,ffcfd556a91eba3c
/업무사례/부산민락동법무사,"부산 민락동에서 법무사 업무 사례와 상담 절차를 찾으시는 분을 위한 안내입니다. 수영구 민락동 일대는 광안리·남천·망미 일대는 해안 주거와 상권이 밀집해 아파트·오피스텔 이전등기, 상가 권리, 상속 상담이 이어집니다. 부산 민락동에서 법무사 업무 사례와 상담 절차를 찾으시는 분을 위한 안내입니다. 수영구 민락동 일대는 광안리·남천·망미 일대는 해안 주거와 상권이 밀집해 아파트·오피스텔 이전등기, 상가 권리, 상속 상담이 이어집니다. 부산 민락동에서 법무사 업무 사례와 상담 절차를 찾으시는 분을 위한 안내입니다. 수영구 민락동 일대는 광안리·남천·망미 일대는 해안 주거와 상권이 밀집해 아파트·오피스텔 이전등기, 상가 권리, 상속 상담이 이어집니다. 부산 민락동 일대에서는 아파트·다세대 소유권이전등기 , 공동상속인 협의 후 상속등기 문의가 이어집니다. 다옴법무사사무소 안윤정 법무사는 부산 해운대·센텀에서 부산 민락동 의뢰인의 상속등기·부동산등기·법인등기·개인회생 상담을 진행합니다. 확인",450,933c3b9bb1e9fa2c
/업무사례/부산민락수변공원법무사,"부산 민락수변공원에서 법무사 업무 사례와 상담 절차를 찾으시는 분을 위한 안내입니다. 민락 수변 주거·상가의 등기 상담이 있는 구간입니다. 부산 민락수변공원에서 법무사 업무 사례와 상담 절차를 찾으시는 분을 위한 안내입니다. 민락 수변 주거·상가의 등기 상담이 있는 구간입니다. 부산 민락수변공원에서 법무사 업무 사례와 상담 절차를 찾으시는 분을 위한 안내입니다. 민락 수변 주거·상가의 등기 상담이 있는 구간입니다. 부산 민락수변공원 일대에서는 근저당 설정·말소와 잔금일 일정 조율 , 해안·관광 상권과 맞닿은 상가·주택 소유권이전 문의가 이어집니다. 다옴법무사사무소 안윤정 법무사는 부산 해운대·센텀에서 부산 민락수변공원 의뢰인의 상속등기·부동산등기·법인등기·개인회생 상담을 진행합니다. 확인되지 않은 실적이나 무조건적인 처리를 약속하지 않으며, 서류와 일정을 확인한 뒤 가능 범위를 안내합니다. 부산 민락수변공원에서 자주 문의되는 업무 부산 민락수변공원 생활권 특성을 반영한 상담 유형입니",435,201f3a52c2f7e3a6
/업무사례/부산민락항법무사,"부산 민락항에서 법무사 업무 사례와 상담 절차를 찾으시는 분을 위한 안내입니다. 민락항 인근 상업·주거 등기 문의가 이어집니다. 부산 민락항에서 법무사 업무 사례와 상담 절차를 찾으시는 분을 위한 안내입니다. 민락항 인근 상업·주거 등기 문의가 이어집니다. 부산 민락항에서 법무사 업무 사례와 상담 절차를 찾으시는 분을 위한 안내입니다. 민락항 인근 상업·주거 등기 문의가 이어집니다. 부산 민락항 일대에서는 계절 상권 점포의 권리관계 확인 후 등기 , 해안 주거 단지의 상속·공동명의 정리 문의가 이어집니다. 다옴법무사사무소 안윤정 법무사는 부산 해운대·센텀에서 부산 민락항 의뢰인의 상속등기·부동산등기·법인등기·개인회생 상담을 진행합니다. 확인되지 않은 실적이나 무조건적인 처리를 약속하지 않으며, 서류와 일정을 확인한 뒤 가능 범위를 안내합니다. 부산 민락항에서 자주 문의되는 업무 부산 민락항 생활권 특성을 반영한 상담 유형입니다. 실제 가능 여부는 서류와 관할을 확인한 뒤 안내합니다.",430,989512c2f7b7d279
/업무사례/부산반룡산업단지법무사,"부산 반룡산업단지에서 법무사 업무 사례와 상담 절차를 찾으시는 분을 위한 안내입니다. 반룡산단 입주 기업의 공장·법인등기 상담이 있습니다. 부산 반룡산업단지에서 법무사 업무 사례와 상담 절차를 찾으시는 분을 위한 안내입니다. 반룡산단 입주 기업의 공장·법인등기 상담이 있습니다. 부산 반룡산업단지에서 법무사 업무 사례와 상담 절차를 찾으시는 분을 위한 안내입니다. 반룡산단 입주 기업의 공장·법인등기 상담이 있습니다. 부산 반룡산업단지 일대에서는 산업단지 입주 기업 법인설립·변경등기 , 담보 설정과 맞물린 사업장 등기 일정 문의가 이어집니다. 다옴법무사사무소 안윤정 법무사는 부산 해운대·센텀에서 부산 반룡산업단지 의뢰인의 상속등기·부동산등기·법인등기·개인회생 상담을 진행합니다. 확인되지 않은 실적이나 무조건적인 처리를 약속하지 않으며, 서류와 일정을 확인한 뒤 가능 범위를 안내합니다. 부산 반룡산업단지에서 자주 문의되는 업무 부산 반룡산업단지 생활권 특성을 반영한 상담 유형입니다. 실제",421,dd444e0af924b32e
/업무사례/부산반송1동법무사,"부산 반송1동에서 법무사 업무 사례와 상담 절차를 찾으시는 분을 위한 안내입니다. 해운대구 반송1동은(는) 반송동 생활권의 행정동으로, 주거 밀집지의 이전·상속등기 상담이 이어집니다. 부산 반송1동에서 법무사 업무 사례와 상담 절차를 찾으시는 분을 위한 안내입니다. 해운대구 반송1동은(는) 반송동 생활권의 행정동으로, 주거 밀집지의 이전·상속등기 상담이 이어집니다. 부산 반송1동에서 법무사 업무 사례와 상담 절차를 찾으시는 분을 위한 안내입니다. 해운대구 반송1동은(는) 반송동 생활권의 행정동으로, 주거 밀집지의 이전·상속등기 상담이 이어집니다. 부산 반송1동 일대에서는 상가건물 구분소유권 관련 등기 , 개인사업자·법인의 사업장 주소 변경등기 문의가 이어집니다. 다옴법무사사무소 안윤정 법무사는 부산 해운대·센텀에서 부산 반송1동 의뢰인의 상속등기·부동산등기·법인등기·개인회생 상담을 진행합니다. 확인되지 않은 실적이나 무조건적인 처리를 약속하지 않으며, 서류와 일정을 확인한 뒤 가능 ",411,1b143642c87023a0
/업무사례/부산반송2동법무사,"부산 반송2동에서 법무사 업무 사례와 상담 절차를 찾으시는 분을 위한 안내입니다. 해운대구 반송2동은(는) 반송동 생활권의 행정동으로, 주거 밀집지의 이전·상속등기 상담이 이어집니다. 부산 반송2동에서 법무사 업무 사례와 상담 절차를 찾으시는 분을 위한 안내입니다. 해운대구 반송2동은(는) 반송동 생활권의 행정동으로, 주거 밀집지의 이전·상속등기 상담이 이어집니다. 부산 반송2동에서 법무사 업무 사례와 상담 절차를 찾으시는 분을 위한 안내입니다. 해운대구 반송2동은(는) 반송동 생활권의 행정동으로, 주거 밀집지의 이전·상속등기 상담이 이어집니다. 부산 반송2동 일대에서는 개인사업자·법인의 사업장 주소 변경등기 , 해안·관광 상권과 맞닿은 상가·주택 소유권이전 문의가 이어집니다. 다옴법무사사무소 안윤정 법무사는 부산 해운대·센텀에서 부산 반송2동 의뢰인의 상속등기·부동산등기·법인등기·개인회생 상담을 진행합니다. 확인되지 않은 실적이나 무조건적인 처리를 약속하지 않으며, 서류와 일정을 ",445,33f5612971c97906
/업무사례/부산반송동법무사,"부산 반송동에서 법무사 업무 사례와 상담 절차를 찾으시는 분을 위한 안내입니다. 해운대구 반송동 일대는 해운대·센텀·재송·반여 일대는 주거·업무·관광이 겹쳐 부동산등기, 법인등기, 상속·잔금일 협업 문의가 많은 대표 생활권입니다. 부산 반송동에서 법무사 업무 사례와 상담 절차를 찾으시는 분을 위한 안내입니다. 해운대구 반송동 일대는 해운대·센텀·재송·반여 일대는 주거·업무·관광이 겹쳐 부동산등기, 법인등기, 상속·잔금일 협업 문의가 많은 대표 생활권입니다. 부산 반송동에서 법무사 업무 사례와 상담 절차를 찾으시는 분을 위한 안내입니다. 해운대구 반송동 일대는 해운대·센텀·재송·반여 일대는 주거·업무·관광이 겹쳐 부동산등기, 법인등기, 상속·잔금일 협업 문의가 많은 대표 생활권입니다. 부산 반송동 일대에서는 상가건물 구분소유권 관련 등기 , 개인사업자·법인의 사업장 주소 변경등기 문의가 이어집니다. 다옴법무사사무소 안윤정 법무사는 부산 해운대·센텀에서 부산 반송동 의뢰인의 상속등기·부",448,abbdfd012d596173
/업무사례/부산반여1동법무사,"부산 반여1동에서 법무사 업무 사례와 상담 절차를 찾으시는 분을 위한 안내입니다. 해운대구 반여1동은(는) 반여동 생활권의 행정동으로, 주거 밀집지의 이전·상속등기 상담이 이어집니다. 부산 반여1동에서 법무사 업무 사례와 상담 절차를 찾으시는 분을 위한 안내입니다. 해운대구 반여1동은(는) 반여동 생활권의 행정동으로, 주거 밀집지의 이전·상속등기 상담이 이어집니다. 부산 반여1동에서 법무사 업무 사례와 상담 절차를 찾으시는 분을 위한 안내입니다. 해운대구 반여1동은(는) 반여동 생활권의 행정동으로, 주거 밀집지의 이전·상속등기 상담이 이어집니다. 부산 반여1동 일대에서는 상가·점포 매매에 따른 이전등기 , 상가건물 구분소유권 관련 등기 문의가 이어집니다. 다옴법무사사무소 안윤정 법무사는 부산 해운대·센텀에서 부산 반여1동 의뢰인의 상속등기·부동산등기·법인등기·개인회생 상담을 진행합니다. 확인되지 않은 실적이나 무조건적인 처리를 약속하지 않으며, 서류와 일정을 확인한 뒤 가능 범위를 ",439,88c713c998d58a3f
/업무사례/부산반여2동법무사,"부산 반여2동에서 법무사 업무 사례와 상담 절차를 찾으시는 분을 위한 안내입니다. 해운대구 반여2동은(는) 반여동 생활권의 행정동으로, 주거 밀집지의 이전·상속등기 상담이 이어집니다. 부산 반여2동에서 법무사 업무 사례와 상담 절차를 찾으시는 분을 위한 안내입니다. 해운대구 반여2동은(는) 반여동 생활권의 행정동으로, 주거 밀집지의 이전·상속등기 상담이 이어집니다. 부산 반여2동에서 법무사 업무 사례와 상담 절차를 찾으시는 분을 위한 안내입니다. 해운대구 반여2동은(는) 반여동 생활권의 행정동으로, 주거 밀집지의 이전·상속등기 상담이 이어집니다. 부산 반여2동 일대에서는 상가건물 구분소유권 관련 등기 , 개인사업자·법인의 사업장 주소 변경등기 문의가 이어집니다. 다옴법무사사무소 안윤정 법무사는 부산 해운대·센텀에서 부산 반여2동 의뢰인의 상속등기·부동산등기·법인등기·개인회생 상담을 진행합니다. 확인되지 않은 실적이나 무조건적인 처리를 약속하지 않으며, 서류와 일정을 확인한 뒤 가능 ",411,15835cac15703aea
/업무사례/부산반여3동법무사,"부산 반여3동에서 법무사 업무 사례와 상담 절차를 찾으시는 분을 위한 안내입니다. 해운대구 반여3동은(는) 반여동 생활권의 행정동으로, 주거 밀집지의 이전·상속등기 상담이 이어집니다. 부산 반여3동에서 법무사 업무 사례와 상담 절차를 찾으시는 분을 위한 안내입니다. 해운대구 반여3동은(는) 반여동 생활권의 행정동으로, 주거 밀집지의 이전·상속등기 상담이 이어집니다. 부산 반여3동에서 법무사 업무 사례와 상담 절차를 찾으시는 분을 위한 안내입니다. 해운대구 반여3동은(는) 반여동 생활권의 행정동으로, 주거 밀집지의 이전·상속등기 상담이 이어집니다. 부산 반여3동 일대에서는 개인사업자·법인의 사업장 주소 변경등기 , 해안·관광 상권과 맞닿은 상가·주택 소유권이전 문의가 이어집니다. 다옴법무사사무소 안윤정 법무사는 부산 해운대·센텀에서 부산 반여3동 의뢰인의 상속등기·부동산등기·법인등기·개인회생 상담을 진행합니다. 확인되지 않은 실적이나 무조건적인 처리를 약속하지 않으며, 서류와 일정을 ",445,acac13b96526e78a
/업무사례/부산반여4동법무사,"부산 반여4동에서 법무사 업무 사례와 상담 절차를 찾으시는 분을 위한 안내입니다. 해운대구 반여4동은(는) 반여동 생활권의 행정동으로, 주거 밀집지의 이전·상속등기 상담이 이어집니다. 부산 반여4동에서 법무사 업무 사례와 상담 절차를 찾으시는 분을 위한 안내입니다. 해운대구 반여4동은(는) 반여동 생활권의 행정동으로, 주거 밀집지의 이전·상속등기 상담이 이어집니다. 부산 반여4동에서 법무사 업무 사례와 상담 절차를 찾으시는 분을 위한 안내입니다. 해운대구 반여4동은(는) 반여동 생활권의 행정동으로, 주거 밀집지의 이전·상속등기 상담이 이어집니다. 부산 반여4동 일대에서는 해안·관광 상권과 맞닿은 상가·주택 소유권이전 , 계절 상권 점포의 권리관계 확인 후 등기 문의가 이어집니다. 다옴법무사사무소 안윤정 법무사는 부산 해운대·센텀에서 부산 반여4동 의뢰인의 상속등기·부동산등기·법인등기·개인회생 상담을 진행합니다. 확인되지 않은 실적이나 무조건적인 처리를 약속하지 않으며, 서류와 일정을",439,b2dc3dd926ab2384
/업무사례/부산반여농산물시장법무사,"부산 반여농산물시장에서 법무사 업무 사례와 상담 절차를 찾으시는 분을 위한 안내입니다. 반여 시장·주거 일대의 상가·주택 등기 문의가 있습니다. 부산 반여농산물시장에서 법무사 업무 사례와 상담 절차를 찾으시는 분을 위한 안내입니다. 반여 시장·주거 일대의 상가·주택 등기 문의가 있습니다. 부산 반여농산물시장에서 법무사 업무 사례와 상담 절차를 찾으시는 분을 위한 안내입니다. 반여 시장·주거 일대의 상가·주택 등기 문의가 있습니다. 부산 반여농산물시장 일대에서는 상가 임대차와 맞물린 소유권 확인 , 전통시장 인근 주택 상속·매매등기 문의가 이어집니다. 다옴법무사사무소 안윤정 법무사는 부산 해운대·센텀에서 부산 반여농산물시장 의뢰인의 상속등기·부동산등기·법인등기·개인회생 상담을 진행합니다. 확인되지 않은 실적이나 무조건적인 처리를 약속하지 않으며, 서류와 일정을 확인한 뒤 가능 범위를 안내합니다. 부산 반여농산물시장에서 자주 문의되는 업무 부산 반여농산물시장 생활권 특성을 반영한 상담 ",416,ef6e63bc8c03cb07
/업무사례/부산반여동법무사,"부산 반여동에서 법무사 업무 사례와 상담 절차를 찾으시는 분을 위한 안내입니다. 해운대구 반여동 일대는 해운대·센텀·재송·반여 일대는 주거·업무·관광이 겹쳐 부동산등기, 법인등기, 상속·잔금일 협업 문의가 많은 대표 생활권입니다. 부산 반여동에서 법무사 업무 사례와 상담 절차를 찾으시는 분을 위한 안내입니다. 해운대구 반여동 일대는 해운대·센텀·재송·반여 일대는 주거·업무·관광이 겹쳐 부동산등기, 법인등기, 상속·잔금일 협업 문의가 많은 대표 생활권입니다. 부산 반여동에서 법무사 업무 사례와 상담 절차를 찾으시는 분을 위한 안내입니다. 해운대구 반여동 일대는 해운대·센텀·재송·반여 일대는 주거·업무·관광이 겹쳐 부동산등기, 법인등기, 상속·잔금일 협업 문의가 많은 대표 생활권입니다. 부산 반여동 일대에서는 금융 일정과 맞춘 근저당 설정·말소 , 해안·관광 상권과 맞닿은 상가·주택 소유권이전 문의가 이어집니다. 다옴법무사사무소 안윤정 법무사는 부산 해운대·센텀에서 부산 반여동 의뢰인의",458,266646423514b040
/업무사례/부산범방동법무사,"부산 범방동에서 법무사 업무 사례와 상담 절차를 찾으시는 분을 위한 안내입니다. 강서구 범방동 일대는 명지·에코델타·녹산·신항 일대는 신도시와 산업·물류가 맞물려 신축 보존등기, 공장·창고 이전, 법인 설립·변경 문의가 많습니다. 부산 범방동에서 법무사 업무 사례와 상담 절차를 찾으시는 분을 위한 안내입니다. 강서구 범방동 일대는 명지·에코델타·녹산·신항 일대는 신도시와 산업·물류가 맞물려 신축 보존등기, 공장·창고 이전, 법인 설립·변경 문의가 많습니다. 부산 범방동에서 법무사 업무 사례와 상담 절차를 찾으시는 분을 위한 안내입니다. 강서구 범방동 일대는 명지·에코델타·녹산·신항 일대는 신도시와 산업·물류가 맞물려 신축 보존등기, 공장·창고 이전, 법인 설립·변경 문의가 많습니다. 부산 범방동 일대에서는 항만·물류 배후 사업장·창고 부동산등기 , 물류 법인 본점·지점 변경등기 문의가 이어집니다. 다옴법무사사무소 안윤정 법무사는 부산 해운대·센텀에서 부산 범방동 의뢰인의 상속등기·부",449,7ae40d0fe76d5a9f
/업무사례/부산범어사역법무사,"부산 범어사역에서 법무사 업무 사례와 상담 절차를 찾으시는 분을 위한 안내입니다. 범어사 인근 생활권의 부동산 상담 구간입니다. 부산 범어사역에서 법무사 업무 사례와 상담 절차를 찾으시는 분을 위한 안내입니다. 범어사 인근 생활권의 부동산 상담 구간입니다. 부산 범어사역에서 법무사 업무 사례와 상담 절차를 찾으시는 분을 위한 안내입니다. 범어사 인근 생활권의 부동산 상담 구간입니다. 부산 범어사역 일대에서는 교통 거점 생활권의 상속등기 , 숙박·상가 등 관광 상권 부동산등기 문의가 이어집니다. 다옴법무사사무소 안윤정 법무사는 부산 해운대·센텀에서 부산 범어사역 의뢰인의 상속등기·부동산등기·법인등기·개인회생 상담을 진행합니다. 확인되지 않은 실적이나 무조건적인 처리를 약속하지 않으며, 서류와 일정을 확인한 뒤 가능 범위를 안내합니다. 부산 범어사역에서 자주 문의되는 업무 부산 범어사역 생활권 특성을 반영한 상담 유형입니다. 실제 가능 여부는 서류와 관할을 확인한 뒤 안내합니다. 교통 ",420,f68ab6ce52d62b03
/업무사례/부산범일동법무사,"부산 범일동에서 법무사 업무 사례와 상담 절차를 찾으시는 분을 위한 안내입니다. 동구 범일동 일대는 부산역·초량·범일 일대는 역세권과 항만 배후 상가가 이어져, 상가 매매·임대차·법인 본점 이전 문의가 자주 있습니다. 부산 범일동에서 법무사 업무 사례와 상담 절차를 찾으시는 분을 위한 안내입니다. 동구 범일동 일대는 부산역·초량·범일 일대는 역세권과 항만 배후 상가가 이어져, 상가 매매·임대차·법인 본점 이전 문의가 자주 있습니다. 부산 범일동에서 법무사 업무 사례와 상담 절차를 찾으시는 분을 위한 안내입니다. 동구 범일동 일대는 부산역·초량·범일 일대는 역세권과 항만 배후 상가가 이어져, 상가 매매·임대차·법인 본점 이전 문의가 자주 있습니다. 부산 범일동 일대에서는 상가·점포 매매에 따른 이전등기 , 상가건물 구분소유권 관련 등기 문의가 이어집니다. 다옴법무사사무소 안윤정 법무사는 부산 해운대·센텀에서 부산 범일동 의뢰인의 상속등기·부동산등기·법인등기·개인회생 상담을 진행합니다.",448,b68657edd44ec781
/업무사례/부산범전동법무사,"부산 범전동에서 법무사 업무 사례와 상담 절차를 찾으시는 분을 위한 안내입니다. 부산진구 범전동 일대는 서면·전포·부전 상권과 주거 단지가 맞닿아 잔금일 등기, 상가 이전, 법인 임원변경 문의가 꾸준한 생활권입니다. 부산 범전동에서 법무사 업무 사례와 상담 절차를 찾으시는 분을 위한 안내입니다. 부산진구 범전동 일대는 서면·전포·부전 상권과 주거 단지가 맞닿아 잔금일 등기, 상가 이전, 법인 임원변경 문의가 꾸준한 생활권입니다. 부산 범전동에서 법무사 업무 사례와 상담 절차를 찾으시는 분을 위한 안내입니다. 부산진구 범전동 일대는 서면·전포·부전 상권과 주거 단지가 맞닿아 잔금일 등기, 상가 이전, 법인 임원변경 문의가 꾸준한 생활권입니다. 부산 범전동 일대에서는 상가건물 구분소유권 관련 등기 , 개인사업자·법인의 사업장 주소 변경등기 문의가 이어집니다. 다옴법무사사무소 안윤정 법무사는 부산 해운대·센텀에서 부산 범전동 의뢰인의 상속등기·부동산등기·법인등기·개인회생 상담을 진행합니다",421,6ea52951d2e74ff5
/업무사례/부산범천동법무사,"부산 범천동에서 법무사 업무 사례와 상담 절차를 찾으시는 분을 위한 안내입니다. 부산진구 범천동 일대는 서면·전포·부전 상권과 주거 단지가 맞닿아 잔금일 등기, 상가 이전, 법인 임원변경 문의가 꾸준한 생활권입니다. 부산 범천동에서 법무사 업무 사례와 상담 절차를 찾으시는 분을 위한 안내입니다. 부산진구 범천동 일대는 서면·전포·부전 상권과 주거 단지가 맞닿아 잔금일 등기, 상가 이전, 법인 임원변경 문의가 꾸준한 생활권입니다. 부산 범천동에서 법무사 업무 사례와 상담 절차를 찾으시는 분을 위한 안내입니다. 부산진구 범천동 일대는 서면·전포·부전 상권과 주거 단지가 맞닿아 잔금일 등기, 상가 이전, 법인 임원변경 문의가 꾸준한 생활권입니다. 부산 범천동 일대에서는 공동상속인 협의 후 상속등기 , 근저당 설정·말소와 잔금일 일정 조율 문의가 이어집니다. 다옴법무사사무소 안윤정 법무사는 부산 해운대·센텀에서 부산 범천동 의뢰인의 상속등기·부동산등기·법인등기·개인회생 상담을 진행합니다. ",424,6376b05acfe45ec3
/업무사례/부산법무사,"부산에서 법무사 업무 사례와 상담 절차를 찾으시는 분을 위한 안내입니다. 해운대·센텀 사무소를 기준으로 부산 전역의 상속등기·부동산등기·법인등기·개인회생 상담을 진행합니다. 구·군과 생활권마다 관할·일정이 달라 지역 맥락을 함께 확인합니다. 부산에서 법무사 업무 사례와 상담 절차를 찾으시는 분을 위한 안내입니다. 해운대·센텀 사무소를 기준으로 부산 전역의 상속등기·부동산등기·법인등기·개인회생 상담을 진행합니다. 구·군과 생활권마다 관할·일정이 달라 지역 맥락을 함께 확인합니다. 부산에서 법무사 업무 사례와 상담 절차를 찾으시는 분을 위한 안내입니다. 해운대·센텀 사무소를 기준으로 부산 전역의 상속등기·부동산등기·법인등기·개인회생 상담을 진행합니다. 구·군과 생활권마다 관할·일정이 달라 지역 맥락을 함께 확인합니다. 부산 일대에서는 상가건물 구분소유권 관련 등기 , 개인사업자·법인의 사업장 주소 변경등기 문의가 이어집니다. 다옴법무사사무소 안윤정 법무사는 부산 해운대·센텀에서 부산 의",418,80ddc6ad5ffbf9a5
/업무사례/부산법원법무사,"부산법원에서 법무사 업무 사례와 상담 절차를 찾으시는 분을 위한 안내입니다. 법원 인근에서 소송·회생·등기 일정과 맞춘 법무사 업무 문의가 많은 거점입니다. 부산법원에서 법무사 업무 사례와 상담 절차를 찾으시는 분을 위한 안내입니다. 법원 인근에서 소송·회생·등기 일정과 맞춘 법무사 업무 문의가 많은 거점입니다. 부산법원에서 법무사 업무 사례와 상담 절차를 찾으시는 분을 위한 안내입니다. 법원 인근에서 소송·회생·등기 일정과 맞춘 법무사 업무 문의가 많은 거점입니다. 부산법원 일대에서는 소송·조정 일정과 맞춘 등기·서류 준비 , 회생·파산 절차와 병행되는 재산·등기 확인 문의가 이어집니다. 다옴법무사사무소 안윤정 법무사는 부산 해운대·센텀에서 부산법원 의뢰인의 상속등기·부동산등기·법인등기·개인회생 상담을 진행합니다. 확인되지 않은 실적이나 무조건적인 처리를 약속하지 않으며, 서류와 일정을 확인한 뒤 가능 범위를 안내합니다. 부산법원에서 자주 문의되는 업무 부산법원 생활권 특성을 반영",412,ee416950287fe689
/업무사례/부산벡스코법무사,"부산 벡스코에서 법무사 업무 사례와 상담 절차를 찾으시는 분을 위한 안내입니다. 전시·컨벤션 배후 업무지역의 법인·오피스 등기 상담이 있습니다. 부산 벡스코에서 법무사 업무 사례와 상담 절차를 찾으시는 분을 위한 안내입니다. 전시·컨벤션 배후 업무지역의 법인·오피스 등기 상담이 있습니다. 부산 벡스코에서 법무사 업무 사례와 상담 절차를 찾으시는 분을 위한 안내입니다. 전시·컨벤션 배후 업무지역의 법인·오피스 등기 상담이 있습니다. 부산 벡스코 일대에서는 상가·점포 매매에 따른 이전등기 , 상가건물 구분소유권 관련 등기 문의가 이어집니다. 다옴법무사사무소 안윤정 법무사는 부산 해운대·센텀에서 부산 벡스코 의뢰인의 상속등기·부동산등기·법인등기·개인회생 상담을 진행합니다. 확인되지 않은 실적이나 무조건적인 처리를 약속하지 않으며, 서류와 일정을 확인한 뒤 가능 범위를 안내합니다. 부산 벡스코에서 자주 문의되는 업무 부산 벡스코 생활권 특성을 반영한 상담 유형입니다. 실제 가능 여부는 서류",413,0b16677a8049ffdd
/업무사례/부산보수동법무사,"부산 보수동에서 법무사 업무 사례와 상담 절차를 찾으시는 분을 위한 안내입니다. 중구 보수동 일대는 남포·광복·국제시장 등 원도심 상권이 모여 있고, 상가·주택 권리관계와 상속·매매 등기 문의가 함께 이어지는 지역입니다. 부산 보수동에서 법무사 업무 사례와 상담 절차를 찾으시는 분을 위한 안내입니다. 중구 보수동 일대는 남포·광복·국제시장 등 원도심 상권이 모여 있고, 상가·주택 권리관계와 상속·매매 등기 문의가 함께 이어지는 지역입니다. 부산 보수동에서 법무사 업무 사례와 상담 절차를 찾으시는 분을 위한 안내입니다. 중구 보수동 일대는 남포·광복·국제시장 등 원도심 상권이 모여 있고, 상가·주택 권리관계와 상속·매매 등기 문의가 함께 이어지는 지역입니다. 부산 보수동 일대에서는 원도심 단독·다가구 상속등기 , 오래된 등기부 정리·표시변경 검토 문의가 이어집니다. 다옴법무사사무소 안윤정 법무사는 부산 해운대·센텀에서 부산 보수동 의뢰인의 상속등기·부동산등기·법인등기·개인회생 상담을 ",445,e4a8847397848b04
/업무사례/부산복천동법무사,"부산 복천동에서 법무사 업무 사례와 상담 절차를 찾으시는 분을 위한 안내입니다. 동래구 복천동 일대는 온천장·사직·안락 등 전통 주거·상권이 이어져 상속등기, 공동주택 이전, 가족 간 권리 정리 상담이 많은 지역입니다. 부산 복천동에서 법무사 업무 사례와 상담 절차를 찾으시는 분을 위한 안내입니다. 동래구 복천동 일대는 온천장·사직·안락 등 전통 주거·상권이 이어져 상속등기, 공동주택 이전, 가족 간 권리 정리 상담이 많은 지역입니다. 부산 복천동에서 법무사 업무 사례와 상담 절차를 찾으시는 분을 위한 안내입니다. 동래구 복천동 일대는 온천장·사직·안락 등 전통 주거·상권이 이어져 상속등기, 공동주택 이전, 가족 간 권리 정리 상담이 많은 지역입니다. 부산 복천동 일대에서는 상가 임대차와 맞물린 소유권 확인 , 전통시장 인근 주택 상속·매매등기 문의가 이어집니다. 다옴법무사사무소 안윤정 법무사는 부산 해운대·센텀에서 부산 복천동 의뢰인의 상속등기·부동산등기·법인등기·개인회생 상담을 ",455,56d3bba424c862fd
/업무사례/부산봉래동법무사,"부산 봉래동에서 법무사 업무 사례와 상담 절차를 찾으시는 분을 위한 안내입니다. 영도구 봉래동 일대는 영도대교·태종대·흰여울 등 관광·주거가 공존하고, 항만·혁신지구 관련 부동산·법인등기 상담이 이뤄지는 지역입니다. 부산 봉래동에서 법무사 업무 사례와 상담 절차를 찾으시는 분을 위한 안내입니다. 영도구 봉래동 일대는 영도대교·태종대·흰여울 등 관광·주거가 공존하고, 항만·혁신지구 관련 부동산·법인등기 상담이 이뤄지는 지역입니다. 부산 봉래동에서 법무사 업무 사례와 상담 절차를 찾으시는 분을 위한 안내입니다. 영도구 봉래동 일대는 영도대교·태종대·흰여울 등 관광·주거가 공존하고, 항만·혁신지구 관련 부동산·법인등기 상담이 이뤄지는 지역입니다. 부산 봉래동 일대에서는 아파트·다세대 소유권이전등기 , 공동상속인 협의 후 상속등기 문의가 이어집니다. 다옴법무사사무소 안윤정 법무사는 부산 해운대·센텀에서 부산 봉래동 의뢰인의 상속등기·부동산등기·법인등기·개인회생 상담을 진행합니다. 확인되지 ",441,a1039eedc1541629
/업무사례/부산봉림동법무사,"부산 봉림동에서 법무사 업무 사례와 상담 절차를 찾으시는 분을 위한 안내입니다. 강서구 봉림동 일대는 명지·에코델타·녹산·신항 일대는 신도시와 산업·물류가 맞물려 신축 보존등기, 공장·창고 이전, 법인 설립·변경 문의가 많습니다. 부산 봉림동에서 법무사 업무 사례와 상담 절차를 찾으시는 분을 위한 안내입니다. 강서구 봉림동 일대는 명지·에코델타·녹산·신항 일대는 신도시와 산업·물류가 맞물려 신축 보존등기, 공장·창고 이전, 법인 설립·변경 문의가 많습니다. 부산 봉림동에서 법무사 업무 사례와 상담 절차를 찾으시는 분을 위한 안내입니다. 강서구 봉림동 일대는 명지·에코델타·녹산·신항 일대는 신도시와 산업·물류가 맞물려 신축 보존등기, 공장·창고 이전, 법인 설립·변경 문의가 많습니다. 부산 봉림동 일대에서는 단지 내 상가·근린생활시설 등기 , 공장·창고 부동산 취득·이전등기 문의가 이어집니다. 다옴법무사사무소 안윤정 법무사는 부산 해운대·센텀에서 부산 봉림동 의뢰인의 상속등기·부동산등",450,af35dd6004ffe5d2
/업무사례/부산부경대법무사,"부산 부경대에서 법무사 업무 사례와 상담 절차를 찾으시는 분을 위한 안내입니다. 부경대 인근 주거·상가 등기 문의가 이어집니다. 부산 부경대에서 법무사 업무 사례와 상담 절차를 찾으시는 분을 위한 안내입니다. 부경대 인근 주거·상가 등기 문의가 이어집니다. 부산 부경대에서 법무사 업무 사례와 상담 절차를 찾으시는 분을 위한 안내입니다. 부경대 인근 주거·상가 등기 문의가 이어집니다. 부산 부경대 일대에서는 대학가 원룸·다가구 매매·상속등기 , 임대사업 관련 소유권·담보등기 문의가 이어집니다. 다옴법무사사무소 안윤정 법무사는 부산 해운대·센텀에서 부산 부경대 의뢰인의 상속등기·부동산등기·법인등기·개인회생 상담을 진행합니다. 확인되지 않은 실적이나 무조건적인 처리를 약속하지 않으며, 서류와 일정을 확인한 뒤 가능 범위를 안내합니다. 부산 부경대에서 자주 문의되는 업무 부산 부경대 생활권 특성을 반영한 상담 유형입니다. 실제 가능 여부는 서류와 관할을 확인한 뒤 안내합니다. 대학가 원룸·",400,48549646d6f49fb6
/업무사례/부산부곡동법무사,"부산 부곡동에서 법무사 업무 사례와 상담 절차를 찾으시는 분을 위한 안내입니다. 금정구 부곡동 일대는 부산대·장전·구서·노포 생활권으로 대학가 임대·주거 매매, 상속등기, 인근 공업지역 관련 법인·부동산 문의가 있습니다. 부산 부곡동에서 법무사 업무 사례와 상담 절차를 찾으시는 분을 위한 안내입니다. 금정구 부곡동 일대는 부산대·장전·구서·노포 생활권으로 대학가 임대·주거 매매, 상속등기, 인근 공업지역 관련 법인·부동산 문의가 있습니다. 부산 부곡동에서 법무사 업무 사례와 상담 절차를 찾으시는 분을 위한 안내입니다. 금정구 부곡동 일대는 부산대·장전·구서·노포 생활권으로 대학가 임대·주거 매매, 상속등기, 인근 공업지역 관련 법인·부동산 문의가 있습니다. 부산 부곡동 일대에서는 임대사업 관련 소유권·담보등기 , 교직원·학생 가족의 상속·이전 상담 문의가 이어집니다. 다옴법무사사무소 안윤정 법무사는 부산 해운대·센텀에서 부산 부곡동 의뢰인의 상속등기·부동산등기·법인등기·개인회생 상담",439,72576f184eafa6e9
/업무사례/부산부민동법무사,"부산 부민동에서 법무사 업무 사례와 상담 절차를 찾으시는 분을 위한 안내입니다. 서구 부민동 일대는 대신·암남·송도 일대는 주거와 병원·해수욕장 생활권이 겹쳐, 상속·부동산 이전과 병원 인근 거주자 상담이 많은 편입니다. 부산 부민동에서 법무사 업무 사례와 상담 절차를 찾으시는 분을 위한 안내입니다. 서구 부민동 일대는 대신·암남·송도 일대는 주거와 병원·해수욕장 생활권이 겹쳐, 상속·부동산 이전과 병원 인근 거주자 상담이 많은 편입니다. 부산 부민동에서 법무사 업무 사례와 상담 절차를 찾으시는 분을 위한 안내입니다. 서구 부민동 일대는 대신·암남·송도 일대는 주거와 병원·해수욕장 생활권이 겹쳐, 상속·부동산 이전과 병원 인근 거주자 상담이 많은 편입니다. 부산 부민동 일대에서는 원도심 단독·다가구 상속등기 , 오래된 등기부 정리·표시변경 검토 문의가 이어집니다. 다옴법무사사무소 안윤정 법무사는 부산 해운대·센텀에서 부산 부민동 의뢰인의 상속등기·부동산등기·법인등기·개인회생 상담을 ",445,0ba5ea4c66504964
/업무사례/부산부암동법무사,"부산 부암동에서 법무사 업무 사례와 상담 절차를 찾으시는 분을 위한 안내입니다. 부산진구 부암동 일대는 서면·전포·부전 상권과 주거 단지가 맞닿아 잔금일 등기, 상가 이전, 법인 임원변경 문의가 꾸준한 생활권입니다. 부산 부암동에서 법무사 업무 사례와 상담 절차를 찾으시는 분을 위한 안내입니다. 부산진구 부암동 일대는 서면·전포·부전 상권과 주거 단지가 맞닿아 잔금일 등기, 상가 이전, 법인 임원변경 문의가 꾸준한 생활권입니다. 부산 부암동에서 법무사 업무 사례와 상담 절차를 찾으시는 분을 위한 안내입니다. 부산진구 부암동 일대는 서면·전포·부전 상권과 주거 단지가 맞닿아 잔금일 등기, 상가 이전, 법인 임원변경 문의가 꾸준한 생활권입니다. 부산 부암동 일대에서는 역 인근 상가 매매등기 , 교통 거점 생활권의 상속등기 문의가 이어집니다. 다옴법무사사무소 안윤정 법무사는 부산 해운대·센텀에서 부산 부암동 의뢰인의 상속등기·부동산등기·법인등기·개인회생 상담을 진행합니다. 확인되지 않은 ",420,06136714cb9d72d9
/업무사례/부산부용동법무사,"부산 부용동에서 법무사 업무 사례와 상담 절차를 찾으시는 분을 위한 안내입니다. 서구 부용동 일대는 대신·암남·송도 일대는 주거와 병원·해수욕장 생활권이 겹쳐, 상속·부동산 이전과 병원 인근 거주자 상담이 많은 편입니다. 부산 부용동에서 법무사 업무 사례와 상담 절차를 찾으시는 분을 위한 안내입니다. 서구 부용동 일대는 대신·암남·송도 일대는 주거와 병원·해수욕장 생활권이 겹쳐, 상속·부동산 이전과 병원 인근 거주자 상담이 많은 편입니다. 부산 부용동에서 법무사 업무 사례와 상담 절차를 찾으시는 분을 위한 안내입니다. 서구 부용동 일대는 대신·암남·송도 일대는 주거와 병원·해수욕장 생활권이 겹쳐, 상속·부동산 이전과 병원 인근 거주자 상담이 많은 편입니다. 부산 부용동 일대에서는 아파트·다세대 소유권이전등기 , 공동상속인 협의 후 상속등기 문의가 이어집니다. 다옴법무사사무소 안윤정 법무사는 부산 해운대·센텀에서 부산 부용동 의뢰인의 상속등기·부동산등기·법인등기·개인회생 상담을 진행합",450,599b5ed65e40c6d1
/업무사례/부산부전동법무사,"부산 부전동에서 법무사 업무 사례와 상담 절차를 찾으시는 분을 위한 안내입니다. 부산진구 부전동 일대는 서면·전포·부전 상권과 주거 단지가 맞닿아 잔금일 등기, 상가 이전, 법인 임원변경 문의가 꾸준한 생활권입니다. 부산 부전동에서 법무사 업무 사례와 상담 절차를 찾으시는 분을 위한 안내입니다. 부산진구 부전동 일대는 서면·전포·부전 상권과 주거 단지가 맞닿아 잔금일 등기, 상가 이전, 법인 임원변경 문의가 꾸준한 생활권입니다. 부산 부전동에서 법무사 업무 사례와 상담 절차를 찾으시는 분을 위한 안내입니다. 부산진구 부전동 일대는 서면·전포·부전 상권과 주거 단지가 맞닿아 잔금일 등기, 상가 이전, 법인 임원변경 문의가 꾸준한 생활권입니다. 부산 부전동 일대에서는 개인사업자·법인의 사업장 주소 변경등기 , 역세권 아파트·오피스텔 이전등기 문의가 이어집니다. 다옴법무사사무소 안윤정 법무사는 부산 해운대·센텀에서 부산 부전동 의뢰인의 상속등기·부동산등기·법인등기·개인회생 상담을 진행합니",450,e24466e624a0878c
/업무사례/부산부전시장법무사,"부산 부전시장에서 법무사 업무 사례와 상담 절차를 찾으시는 분을 위한 안내입니다. 시장·상가 밀집지의 점포 권리와 부동산등기 상담이 있습니다. 부산 부전시장에서 법무사 업무 사례와 상담 절차를 찾으시는 분을 위한 안내입니다. 시장·상가 밀집지의 점포 권리와 부동산등기 상담이 있습니다. 부산 부전시장에서 법무사 업무 사례와 상담 절차를 찾으시는 분을 위한 안내입니다. 시장·상가 밀집지의 점포 권리와 부동산등기 상담이 있습니다. 부산 부전시장 일대에서는 상가건물 구분소유권 관련 등기 , 개인사업자·법인의 사업장 주소 변경등기 문의가 이어집니다. 다옴법무사사무소 안윤정 법무사는 부산 해운대·센텀에서 부산 부전시장 의뢰인의 상속등기·부동산등기·법인등기·개인회생 상담을 진행합니다. 확인되지 않은 실적이나 무조건적인 처리를 약속하지 않으며, 서류와 일정을 확인한 뒤 가능 범위를 안내합니다. 부산 부전시장에서 자주 문의되는 업무 부산 부전시장 생활권 특성을 반영한 상담 유형입니다. 실제 가능 여",389,bb7df41ebf594221
/업무사례/부산부전역법무사,"부산 부전역에서 법무사 업무 사례와 상담 절차를 찾으시는 분을 위한 안내입니다. 부전 역세권 상가·주거 등기 일정을 맞추는 상담이 있습니다. 부산 부전역에서 법무사 업무 사례와 상담 절차를 찾으시는 분을 위한 안내입니다. 부전 역세권 상가·주거 등기 일정을 맞추는 상담이 있습니다. 부산 부전역에서 법무사 업무 사례와 상담 절차를 찾으시는 분을 위한 안내입니다. 부전 역세권 상가·주거 등기 일정을 맞추는 상담이 있습니다. 부산 부전역 일대에서는 상가건물 구분소유권 관련 등기 , 개인사업자·법인의 사업장 주소 변경등기 문의가 이어집니다. 다옴법무사사무소 안윤정 법무사는 부산 해운대·센텀에서 부산 부전역 의뢰인의 상속등기·부동산등기·법인등기·개인회생 상담을 진행합니다. 확인되지 않은 실적이나 무조건적인 처리를 약속하지 않으며, 서류와 일정을 확인한 뒤 가능 범위를 안내합니다. 부산 부전역에서 자주 문의되는 업무 부산 부전역 생활권 특성을 반영한 상담 유형입니다. 실제 가능 여부는 서류와 ",394,9c3c447acd84726c
/업무사례/부산부평깡통시장법무사,"부산 부평깡통시장에서 법무사 업무 사례와 상담 절차를 찾으시는 분을 위한 안내입니다. 원도심 소규모 상가와 주거가 인접한 상권으로 권리관계 정리가 필요한 경우가 있습니다. 부산 부평깡통시장에서 법무사 업무 사례와 상담 절차를 찾으시는 분을 위한 안내입니다. 원도심 소규모 상가와 주거가 인접한 상권으로 권리관계 정리가 필요한 경우가 있습니다. 부산 부평깡통시장에서 법무사 업무 사례와 상담 절차를 찾으시는 분을 위한 안내입니다. 원도심 소규모 상가와 주거가 인접한 상권으로 권리관계 정리가 필요한 경우가 있습니다. 부산 부평깡통시장 일대에서는 상가건물 구분소유권 관련 등기 , 개인사업자·법인의 사업장 주소 변경등기 문의가 이어집니다. 다옴법무사사무소 안윤정 법무사는 부산 해운대·센텀에서 부산 부평깡통시장 의뢰인의 상속등기·부동산등기·법인등기·개인회생 상담을 진행합니다. 확인되지 않은 실적이나 무조건적인 처리를 약속하지 않으며, 서류와 일정을 확인한 뒤 가능 범위를 안내합니다. 부산 부평깡",430,ab3147b29e8287f1
/업무사례/부산부평동법무사,"부산 부평동에서 법무사 업무 사례와 상담 절차를 찾으시는 분을 위한 안내입니다. 중구 부평동 일대는 남포·광복·국제시장 등 원도심 상권이 모여 있고, 상가·주택 권리관계와 상속·매매 등기 문의가 함께 이어지는 지역입니다. 부산 부평동에서 법무사 업무 사례와 상담 절차를 찾으시는 분을 위한 안내입니다. 중구 부평동 일대는 남포·광복·국제시장 등 원도심 상권이 모여 있고, 상가·주택 권리관계와 상속·매매 등기 문의가 함께 이어지는 지역입니다. 부산 부평동에서 법무사 업무 사례와 상담 절차를 찾으시는 분을 위한 안내입니다. 중구 부평동 일대는 남포·광복·국제시장 등 원도심 상권이 모여 있고, 상가·주택 권리관계와 상속·매매 등기 문의가 함께 이어지는 지역입니다. 부산 부평동 일대에서는 전통시장 인근 주택 상속·매매등기 , 원도심 단독·다가구 상속등기 문의가 이어집니다. 다옴법무사사무소 안윤정 법무사는 부산 해운대·센텀에서 부산 부평동 의뢰인의 상속등기·부동산등기·법인등기·개인회생 상담을 ",454,283c4cbefc129e92
/업무사례/부산북구청법무사,"부산 북구청에서 법무사 업무 사례와 상담 절차를 찾으시는 분을 위한 안내입니다. 북구청 인근 행정·주거 생활권의 등기 상담입니다. 부산 북구청에서 법무사 업무 사례와 상담 절차를 찾으시는 분을 위한 안내입니다. 북구청 인근 행정·주거 생활권의 등기 상담입니다. 부산 북구청에서 법무사 업무 사례와 상담 절차를 찾으시는 분을 위한 안내입니다. 북구청 인근 행정·주거 생활권의 등기 상담입니다. 부산 북구청 일대에서는 아파트·다세대 소유권이전등기 , 공동상속인 협의 후 상속등기 문의가 이어집니다. 다옴법무사사무소 안윤정 법무사는 부산 해운대·센텀에서 부산 북구청 의뢰인의 상속등기·부동산등기·법인등기·개인회생 상담을 진행합니다. 확인되지 않은 실적이나 무조건적인 처리를 약속하지 않으며, 서류와 일정을 확인한 뒤 가능 범위를 안내합니다. 부산 북구청에서 자주 문의되는 업무 부산 북구청 생활권 특성을 반영한 상담 유형입니다. 실제 가능 여부는 서류와 관할을 확인한 뒤 안내합니다. 아파트·다세대 ",412,047c9409bd4411f3
/업무사례/부산북항법무사,"부산 북항에서 법무사 업무 사례와 상담 절차를 찾으시는 분을 위한 안내입니다. 북항 재개발·항만 배후 상권과 맞닿은 부동산·법인 업무 문의가 있습니다. 부산 북항에서 법무사 업무 사례와 상담 절차를 찾으시는 분을 위한 안내입니다. 북항 재개발·항만 배후 상권과 맞닿은 부동산·법인 업무 문의가 있습니다. 부산 북항에서 법무사 업무 사례와 상담 절차를 찾으시는 분을 위한 안내입니다. 북항 재개발·항만 배후 상권과 맞닿은 부동산·법인 업무 문의가 있습니다. 부산 북항 일대에서는 물류 법인 본점·지점 변경등기 , 항만 인근 토지·건축물 권리 확인 문의가 이어집니다. 다옴법무사사무소 안윤정 법무사는 부산 해운대·센텀에서 부산 북항 의뢰인의 상속등기·부동산등기·법인등기·개인회생 상담을 진행합니다. 확인되지 않은 실적이나 무조건적인 처리를 약속하지 않으며, 서류와 일정을 확인한 뒤 가능 범위를 안내합니다. 부산 북항에서 자주 문의되는 업무 부산 북항 생활권 특성을 반영한 상담 유형입니다. 실제 ",434,d9aed7cc4cec4bfb
/업무사례/부산사상공업지역법무사,"부산 사상공업지역에서 법무사 업무 사례와 상담 절차를 찾으시는 분을 위한 안내입니다. 공업지역 공장·창고·법인 사업장 등기 문의가 있는 업무 구간입니다. 부산 사상공업지역에서 법무사 업무 사례와 상담 절차를 찾으시는 분을 위한 안내입니다. 공업지역 공장·창고·법인 사업장 등기 문의가 있는 업무 구간입니다. 부산 사상공업지역에서 법무사 업무 사례와 상담 절차를 찾으시는 분을 위한 안내입니다. 공업지역 공장·창고·법인 사업장 등기 문의가 있는 업무 구간입니다. 부산 사상공업지역 일대에서는 산업단지 입주 기업 법인설립·변경등기 , 담보 설정과 맞물린 사업장 등기 일정 문의가 이어집니다. 다옴법무사사무소 안윤정 법무사는 부산 해운대·센텀에서 부산 사상공업지역 의뢰인의 상속등기·부동산등기·법인등기·개인회생 상담을 진행합니다. 확인되지 않은 실적이나 무조건적인 처리를 약속하지 않으며, 서류와 일정을 확인한 뒤 가능 범위를 안내합니다. 부산 사상공업지역에서 자주 문의되는 업무 부산 사상공업지역 ",422,1b2010d20243eaa8
/업무사례/부산사상산업단지법무사,"부산 사상산업단지에서 법무사 업무 사례와 상담 절차를 찾으시는 분을 위한 안내입니다. 사상 산업·재생 권역의 공장·법인등기 상담이 있습니다. 부산 사상산업단지에서 법무사 업무 사례와 상담 절차를 찾으시는 분을 위한 안내입니다. 사상 산업·재생 권역의 공장·법인등기 상담이 있습니다. 부산 사상산업단지에서 법무사 업무 사례와 상담 절차를 찾으시는 분을 위한 안내입니다. 사상 산업·재생 권역의 공장·법인등기 상담이 있습니다. 부산 사상산업단지 일대에서는 산업단지 입주 기업 법인설립·변경등기 , 담보 설정과 맞물린 사업장 등기 일정 문의가 이어집니다. 다옴법무사사무소 안윤정 법무사는 부산 해운대·센텀에서 부산 사상산업단지 의뢰인의 상속등기·부동산등기·법인등기·개인회생 상담을 진행합니다. 확인되지 않은 실적이나 무조건적인 처리를 약속하지 않으며, 서류와 일정을 확인한 뒤 가능 범위를 안내합니다. 부산 사상산업단지에서 자주 문의되는 업무 부산 사상산업단지 생활권 특성을 반영한 상담 유형입니다.",416,df1da7c7b48c7c1c
/업무사례/부산사상역법무사,"부산 사상역에서 법무사 업무 사례와 상담 절차를 찾으시는 분을 위한 안내입니다. 사상 교통 거점의 상가·주거·법인 등기 문의가 많은 생활권입니다. 부산 사상역에서 법무사 업무 사례와 상담 절차를 찾으시는 분을 위한 안내입니다. 사상 교통 거점의 상가·주거·법인 등기 문의가 많은 생활권입니다. 부산 사상역에서 법무사 업무 사례와 상담 절차를 찾으시는 분을 위한 안내입니다. 사상 교통 거점의 상가·주거·법인 등기 문의가 많은 생활권입니다. 부산 사상역 일대에서는 개인사업자·법인의 사업장 주소 변경등기 , 역세권 아파트·오피스텔 이전등기 문의가 이어집니다. 다옴법무사사무소 안윤정 법무사는 부산 해운대·센텀에서 부산 사상역 의뢰인의 상속등기·부동산등기·법인등기·개인회생 상담을 진행합니다. 확인되지 않은 실적이나 무조건적인 처리를 약속하지 않으며, 서류와 일정을 확인한 뒤 가능 범위를 안내합니다. 부산 사상역에서 자주 문의되는 업무 부산 사상역 생활권 특성을 반영한 상담 유형입니다. 실제 가",423,d87dbc0fe577d9e7
/업무사례/부산사상재생사업지구법무사,"부산 사상재생사업지구에서 법무사 업무 사례와 상담 절차를 찾으시는 분을 위한 안내입니다. 재생사업과 맞물린 부동산·사업장 권리 상담이 있습니다. 부산 사상재생사업지구에서 법무사 업무 사례와 상담 절차를 찾으시는 분을 위한 안내입니다. 재생사업과 맞물린 부동산·사업장 권리 상담이 있습니다. 부산 사상재생사업지구에서 법무사 업무 사례와 상담 절차를 찾으시는 분을 위한 안내입니다. 재생사업과 맞물린 부동산·사업장 권리 상담이 있습니다. 부산 사상재생사업지구 일대에서는 상속등기·상속포기·한정승인 상담 , 부동산 매매·증여 이전등기 문의가 이어집니다. 다옴법무사사무소 안윤정 법무사는 부산 해운대·센텀에서 부산 사상재생사업지구 의뢰인의 상속등기·부동산등기·법인등기·개인회생 상담을 진행합니다. 확인되지 않은 실적이나 무조건적인 처리를 약속하지 않으며, 서류와 일정을 확인한 뒤 가능 범위를 안내합니다. 부산 사상재생사업지구에서 자주 문의되는 업무 부산 사상재생사업지구 생활권 특성을 반영한 상담 유",378,1e9cc21d1f5e6035
/업무사례/부산사직동법무사,"부산 사직동에서 법무사 업무 사례와 상담 절차를 찾으시는 분을 위한 안내입니다. 동래구 사직동 일대는 온천장·사직·안락 등 전통 주거·상권이 이어져 상속등기, 공동주택 이전, 가족 간 권리 정리 상담이 많은 지역입니다. 부산 사직동에서 법무사 업무 사례와 상담 절차를 찾으시는 분을 위한 안내입니다. 동래구 사직동 일대는 온천장·사직·안락 등 전통 주거·상권이 이어져 상속등기, 공동주택 이전, 가족 간 권리 정리 상담이 많은 지역입니다. 부산 사직동에서 법무사 업무 사례와 상담 절차를 찾으시는 분을 위한 안내입니다. 동래구 사직동 일대는 온천장·사직·안락 등 전통 주거·상권이 이어져 상속등기, 공동주택 이전, 가족 간 권리 정리 상담이 많은 지역입니다. 부산 사직동 일대에서는 전통시장 인근 주택 상속·매매등기 , 아파트·다세대 소유권이전등기 문의가 이어집니다. 다옴법무사사무소 안윤정 법무사는 부산 해운대·센텀에서 부산 사직동 의뢰인의 상속등기·부동산등기·법인등기·개인회생 상담을 진행합",455,8379e36f114772d9
/업무사례/부산사직야구장법무사,"부산 사직야구장에서 법무사 업무 사례와 상담 절차를 찾으시는 분을 위한 안내입니다. 사직 일대 주거·상가 생활권의 부동산 상담이 있습니다. 부산 사직야구장에서 법무사 업무 사례와 상담 절차를 찾으시는 분을 위한 안내입니다. 사직 일대 주거·상가 생활권의 부동산 상담이 있습니다. 부산 사직야구장에서 법무사 업무 사례와 상담 절차를 찾으시는 분을 위한 안내입니다. 사직 일대 주거·상가 생활권의 부동산 상담이 있습니다. 부산 사직야구장 일대에서는 관광지 인근 주택 매매등기 , 아파트·다세대 소유권이전등기 문의가 이어집니다. 다옴법무사사무소 안윤정 법무사는 부산 해운대·센텀에서 부산 사직야구장 의뢰인의 상속등기·부동산등기·법인등기·개인회생 상담을 진행합니다. 확인되지 않은 실적이나 무조건적인 처리를 약속하지 않으며, 서류와 일정을 확인한 뒤 가능 범위를 안내합니다. 부산 사직야구장에서 자주 문의되는 업무 부산 사직야구장 생활권 특성을 반영한 상담 유형입니다. 실제 가능 여부는 서류와 관할을",422,03e10a7dcfaf3c0e
/업무사례/부산사직역법무사,"부산 사직역에서 법무사 업무 사례와 상담 절차를 찾으시는 분을 위한 안내입니다. 사직 주거·체육시설 인근의 부동산등기 상담이 이어집니다. 부산 사직역에서 법무사 업무 사례와 상담 절차를 찾으시는 분을 위한 안내입니다. 사직 주거·체육시설 인근의 부동산등기 상담이 이어집니다. 부산 사직역에서 법무사 업무 사례와 상담 절차를 찾으시는 분을 위한 안내입니다. 사직 주거·체육시설 인근의 부동산등기 상담이 이어집니다. 부산 사직역 일대에서는 역 인근 상가 매매등기 , 교통 거점 생활권의 상속등기 문의가 이어집니다. 다옴법무사사무소 안윤정 법무사는 부산 해운대·센텀에서 부산 사직역 의뢰인의 상속등기·부동산등기·법인등기·개인회생 상담을 진행합니다. 확인되지 않은 실적이나 무조건적인 처리를 약속하지 않으며, 서류와 일정을 확인한 뒤 가능 범위를 안내합니다. 부산 사직역에서 자주 문의되는 업무 부산 사직역 생활권 특성을 반영한 상담 유형입니다. 실제 가능 여부는 서류와 관할을 확인한 뒤 안내합니다.",417,a47b19e9ade41fb3
/업무사례/부산산양산업단지법무사,"부산 산양산업단지에서 법무사 업무 사례와 상담 절차를 찾으시는 분을 위한 안내입니다. 산양산단 사업장 등기 문의가 있는 산업 구간입니다. 부산 산양산업단지에서 법무사 업무 사례와 상담 절차를 찾으시는 분을 위한 안내입니다. 산양산단 사업장 등기 문의가 있는 산업 구간입니다. 부산 산양산업단지에서 법무사 업무 사례와 상담 절차를 찾으시는 분을 위한 안내입니다. 산양산단 사업장 등기 문의가 있는 산업 구간입니다. 부산 산양산업단지 일대에서는 개인회생·파산 관련 상담 , 공장·창고 부동산 취득·이전등기 문의가 이어집니다. 다옴법무사사무소 안윤정 법무사는 부산 해운대·센텀에서 부산 산양산업단지 의뢰인의 상속등기·부동산등기·법인등기·개인회생 상담을 진행합니다. 확인되지 않은 실적이나 무조건적인 처리를 약속하지 않으며, 서류와 일정을 확인한 뒤 가능 범위를 안내합니다. 부산 산양산업단지에서 자주 문의되는 업무 부산 산양산업단지 생활권 특성을 반영한 상담 유형입니다. 실제 가능 여부는 서류와 관",424,2391650cb17944ad
/업무사례/부산삼락동법무사,"부산 삼락동에서 법무사 업무 사례와 상담 절차를 찾으시는 분을 위한 안내입니다. 사상구 삼락동 일대는 사상터미널·주례·학장 일대는 교통 거점과 공업·주거가 공존해 공장·상가 등기, 법인 변경, 주택 이전 문의가 함께 있습니다. 부산 삼락동에서 법무사 업무 사례와 상담 절차를 찾으시는 분을 위한 안내입니다. 사상구 삼락동 일대는 사상터미널·주례·학장 일대는 교통 거점과 공업·주거가 공존해 공장·상가 등기, 법인 변경, 주택 이전 문의가 함께 있습니다. 부산 삼락동에서 법무사 업무 사례와 상담 절차를 찾으시는 분을 위한 안내입니다. 사상구 삼락동 일대는 사상터미널·주례·학장 일대는 교통 거점과 공업·주거가 공존해 공장·상가 등기, 법인 변경, 주택 이전 문의가 함께 있습니다. 부산 삼락동 일대에서는 교통 거점 생활권의 상속등기 , 아파트·다세대 소유권이전등기 문의가 이어집니다. 다옴법무사사무소 안윤정 법무사는 부산 해운대·센텀에서 부산 삼락동 의뢰인의 상속등기·부동산등기·법인등기·개인회",451,ea06e4aa23328eda
/업무사례/부산삼락생태공원법무사,"부산 삼락생태공원에서 법무사 업무 사례와 상담 절차를 찾으시는 분을 위한 안내입니다. 삼락 일대 주거·근린 생활권의 부동산 상담입니다. 부산 삼락생태공원에서 법무사 업무 사례와 상담 절차를 찾으시는 분을 위한 안내입니다. 삼락 일대 주거·근린 생활권의 부동산 상담입니다. 부산 삼락생태공원에서 법무사 업무 사례와 상담 절차를 찾으시는 분을 위한 안내입니다. 삼락 일대 주거·근린 생활권의 부동산 상담입니다. 부산 삼락생태공원 일대에서는 아파트·다세대 소유권이전등기 , 공동상속인 협의 후 상속등기 문의가 이어집니다. 다옴법무사사무소 안윤정 법무사는 부산 해운대·센텀에서 부산 삼락생태공원 의뢰인의 상속등기·부동산등기·법인등기·개인회생 상담을 진행합니다. 확인되지 않은 실적이나 무조건적인 처리를 약속하지 않으며, 서류와 일정을 확인한 뒤 가능 범위를 안내합니다. 부산 삼락생태공원에서 자주 문의되는 업무 부산 삼락생태공원 생활권 특성을 반영한 상담 유형입니다. 실제 가능 여부는 서류와 관할을 ",408,e12d3243f271f8f5
/업무사례/부산생곡동법무사,"부산 생곡동에서 법무사 업무 사례와 상담 절차를 찾으시는 분을 위한 안내입니다. 강서구 생곡동 일대는 명지·에코델타·녹산·신항 일대는 신도시와 산업·물류가 맞물려 신축 보존등기, 공장·창고 이전, 법인 설립·변경 문의가 많습니다. 부산 생곡동에서 법무사 업무 사례와 상담 절차를 찾으시는 분을 위한 안내입니다. 강서구 생곡동 일대는 명지·에코델타·녹산·신항 일대는 신도시와 산업·물류가 맞물려 신축 보존등기, 공장·창고 이전, 법인 설립·변경 문의가 많습니다. 부산 생곡동에서 법무사 업무 사례와 상담 절차를 찾으시는 분을 위한 안내입니다. 강서구 생곡동 일대는 명지·에코델타·녹산·신항 일대는 신도시와 산업·물류가 맞물려 신축 보존등기, 공장·창고 이전, 법인 설립·변경 문의가 많습니다. 부산 생곡동 일대에서는 신도시 입주 일정에 맞춘 잔금일 등기 , 단지 내 상가·근린생활시설 등기 문의가 이어집니다. 다옴법무사사무소 안윤정 법무사는 부산 해운대·센텀에서 부산 생곡동 의뢰인의 상속등기·부",417,c6fc33fdfb8fdec9
/업무사례/부산생곡산업단지법무사,"부산 생곡산업단지에서 법무사 업무 사례와 상담 절차를 찾으시는 분을 위한 안내입니다. 생곡산단 입주 기업의 부동산·법인등기 문의가 있습니다. 부산 생곡산업단지에서 법무사 업무 사례와 상담 절차를 찾으시는 분을 위한 안내입니다. 생곡산단 입주 기업의 부동산·법인등기 문의가 있습니다. 부산 생곡산업단지에서 법무사 업무 사례와 상담 절차를 찾으시는 분을 위한 안내입니다. 생곡산단 입주 기업의 부동산·법인등기 문의가 있습니다. 부산 생곡산업단지 일대에서는 산업단지 입주 기업 법인설립·변경등기 , 담보 설정과 맞물린 사업장 등기 일정 문의가 이어집니다. 다옴법무사사무소 안윤정 법무사는 부산 해운대·센텀에서 부산 생곡산업단지 의뢰인의 상속등기·부동산등기·법인등기·개인회생 상담을 진행합니다. 확인되지 않은 실적이나 무조건적인 처리를 약속하지 않으며, 서류와 일정을 확인한 뒤 가능 범위를 안내합니다. 부산 생곡산업단지에서 자주 문의되는 업무 부산 생곡산업단지 생활권 특성을 반영한 상담 유형입니다.",421,4f4eba3775d3d46f
/업무사례/부산서대신동법무사,"부산 서대신동에서 법무사 업무 사례와 상담 절차를 찾으시는 분을 위한 안내입니다. 서구 서대신동 일대는 대신·암남·송도 일대는 주거와 병원·해수욕장 생활권이 겹쳐, 상속·부동산 이전과 병원 인근 거주자 상담이 많은 편입니다. 부산 서대신동에서 법무사 업무 사례와 상담 절차를 찾으시는 분을 위한 안내입니다. 서구 서대신동 일대는 대신·암남·송도 일대는 주거와 병원·해수욕장 생활권이 겹쳐, 상속·부동산 이전과 병원 인근 거주자 상담이 많은 편입니다. 부산 서대신동에서 법무사 업무 사례와 상담 절차를 찾으시는 분을 위한 안내입니다. 서구 서대신동 일대는 대신·암남·송도 일대는 주거와 병원·해수욕장 생활권이 겹쳐, 상속·부동산 이전과 병원 인근 거주자 상담이 많은 편입니다. 부산 서대신동 일대에서는 오래된 등기부 정리·표시변경 검토 , 소규모 필지·상가의 권리관계 확인 문의가 이어집니다. 다옴법무사사무소 안윤정 법무사는 부산 해운대·센텀에서 부산 서대신동 의뢰인의 상속등기·부동산등기·법인등",423,eeb5b881feb13765
/업무사례/부산서동법무사,"부산 서동에서 법무사 업무 사례와 상담 절차를 찾으시는 분을 위한 안내입니다. 금정구 서동 일대는 부산대·장전·구서·노포 생활권으로 대학가 임대·주거 매매, 상속등기, 인근 공업지역 관련 법인·부동산 문의가 있습니다. 부산 서동에서 법무사 업무 사례와 상담 절차를 찾으시는 분을 위한 안내입니다. 금정구 서동 일대는 부산대·장전·구서·노포 생활권으로 대학가 임대·주거 매매, 상속등기, 인근 공업지역 관련 법인·부동산 문의가 있습니다. 부산 서동에서 법무사 업무 사례와 상담 절차를 찾으시는 분을 위한 안내입니다. 금정구 서동 일대는 부산대·장전·구서·노포 생활권으로 대학가 임대·주거 매매, 상속등기, 인근 공업지역 관련 법인·부동산 문의가 있습니다. 부산 서동 일대에서는 교직원·학생 가족의 상속·이전 상담 , 아파트·다세대 소유권이전등기 문의가 이어집니다. 다옴법무사사무소 안윤정 법무사는 부산 해운대·센텀에서 부산 서동 의뢰인의 상속등기·부동산등기·법인등기·개인회생 상담을 진행합니다. ",439,d59a67425e66cbc0
/업무사례/부산서면1번가법무사,"부산 서면1번가에서 법무사 업무 사례와 상담 절차를 찾으시는 분을 위한 안내입니다. 서면 핵심 상권의 점포·상가 권리관계가 잦은 구간입니다. 부산 서면1번가에서 법무사 업무 사례와 상담 절차를 찾으시는 분을 위한 안내입니다. 서면 핵심 상권의 점포·상가 권리관계가 잦은 구간입니다. 부산 서면1번가에서 법무사 업무 사례와 상담 절차를 찾으시는 분을 위한 안내입니다. 서면 핵심 상권의 점포·상가 권리관계가 잦은 구간입니다. 부산 서면1번가 일대에서는 상속등기·상속포기·한정승인 상담 , 부동산 매매·증여 이전등기 문의가 이어집니다. 다옴법무사사무소 안윤정 법무사는 부산 해운대·센텀에서 부산 서면1번가 의뢰인의 상속등기·부동산등기·법인등기·개인회생 상담을 진행합니다. 확인되지 않은 실적이나 무조건적인 처리를 약속하지 않으며, 서류와 일정을 확인한 뒤 가능 범위를 안내합니다. 부산 서면1번가에서 자주 문의되는 업무 부산 서면1번가 생활권 특성을 반영한 상담 유형입니다. 실제 가능 여부는 서류",381,e32ac60b1323a933
/업무사례/부산서면법무사,"부산 서면에서 법무사 업무 사례와 상담 절차를 찾으시는 분을 위한 안내입니다. 부산의 대표 도심 상권으로 잔금일 등기, 상가 이전, 법인 업무 문의가 많은 거점입니다. 부산 서면에서 법무사 업무 사례와 상담 절차를 찾으시는 분을 위한 안내입니다. 부산의 대표 도심 상권으로 잔금일 등기, 상가 이전, 법인 업무 문의가 많은 거점입니다. 부산 서면에서 법무사 업무 사례와 상담 절차를 찾으시는 분을 위한 안내입니다. 부산의 대표 도심 상권으로 잔금일 등기, 상가 이전, 법인 업무 문의가 많은 거점입니다. 부산 서면 일대에서는 상가건물 구분소유권 관련 등기 , 개인사업자·법인의 사업장 주소 변경등기 문의가 이어집니다. 다옴법무사사무소 안윤정 법무사는 부산 해운대·센텀에서 부산 서면 의뢰인의 상속등기·부동산등기·법인등기·개인회생 상담을 진행합니다. 확인되지 않은 실적이나 무조건적인 처리를 약속하지 않으며, 서류와 일정을 확인한 뒤 가능 범위를 안내합니다. 부산 서면에서 자주 문의되는 업무 부",440,3d2c10928acb23be
/업무사례/부산서부버스터미널법무사,"부산서부버스터미널에서 법무사 업무 사례와 상담 절차를 찾으시는 분을 위한 안내입니다. 서부터미널 배후 상권·주거의 부동산등기 상담이 있습니다. 부산서부버스터미널에서 법무사 업무 사례와 상담 절차를 찾으시는 분을 위한 안내입니다. 서부터미널 배후 상권·주거의 부동산등기 상담이 있습니다. 부산서부버스터미널에서 법무사 업무 사례와 상담 절차를 찾으시는 분을 위한 안내입니다. 서부터미널 배후 상권·주거의 부동산등기 상담이 있습니다. 부산서부버스터미널 일대에서는 개인사업자·법인의 사업장 주소 변경등기 , 역세권 아파트·오피스텔 이전등기 문의가 이어집니다. 다옴법무사사무소 안윤정 법무사는 부산 해운대·센텀에서 부산서부버스터미널 의뢰인의 상속등기·부동산등기·법인등기·개인회생 상담을 진행합니다. 확인되지 않은 실적이나 무조건적인 처리를 약속하지 않으며, 서류와 일정을 확인한 뒤 가능 범위를 안내합니다. 부산서부버스터미널에서 자주 문의되는 업무 부산서부버스터미널 생활권 특성을 반영한 상담 유형입니다",400,40beba1a224f3a19
/업무사례/부산서부산권법무사,"부산 서부산권에서 법무사 업무 사례와 상담 절차를 찾으시는 분을 위한 안내입니다. 서부산 산업·신도시 권역의 법인·부동산등기 일정을 맞추는 상담이 있습니다. 부산 서부산권에서 법무사 업무 사례와 상담 절차를 찾으시는 분을 위한 안내입니다. 서부산 산업·신도시 권역의 법인·부동산등기 일정을 맞추는 상담이 있습니다. 부산 서부산권에서 법무사 업무 사례와 상담 절차를 찾으시는 분을 위한 안내입니다. 서부산 산업·신도시 권역의 법인·부동산등기 일정을 맞추는 상담이 있습니다. 부산 서부산권 일대에서는 신축·분양 주택의 소유권보존·이전등기 , 신도시 입주 일정에 맞춘 잔금일 등기 문의가 이어집니다. 다옴법무사사무소 안윤정 법무사는 부산 해운대·센텀에서 부산 서부산권 의뢰인의 상속등기·부동산등기·법인등기·개인회생 상담을 진행합니다. 확인되지 않은 실적이나 무조건적인 처리를 약속하지 않으며, 서류와 일정을 확인한 뒤 가능 범위를 안내합니다. 부산 서부산권에서 자주 문의되는 업무 부산 서부산권 생활",426,d90c57c234d1b7f0
/업무사례/부산서부산복합산업단지법무사,"부산 서부산복합산업단지에서 법무사 업무 사례와 상담 절차를 찾으시는 분을 위한 안내입니다. 서부산 복합산단 사업장 등기 일정을 맞추는 상담이 있습니다. 부산 서부산복합산업단지에서 법무사 업무 사례와 상담 절차를 찾으시는 분을 위한 안내입니다. 서부산 복합산단 사업장 등기 일정을 맞추는 상담이 있습니다. 부산 서부산복합산업단지에서 법무사 업무 사례와 상담 절차를 찾으시는 분을 위한 안내입니다. 서부산 복합산단 사업장 등기 일정을 맞추는 상담이 있습니다. 부산 서부산복합산업단지 일대에서는 부동산 매매·증여 이전등기 , 법인설립·임원변경등기 문의가 이어집니다. 다옴법무사사무소 안윤정 법무사는 부산 해운대·센텀에서 부산 서부산복합산업단지 의뢰인의 상속등기·부동산등기·법인등기·개인회생 상담을 진행합니다. 확인되지 않은 실적이나 무조건적인 처리를 약속하지 않으며, 서류와 일정을 확인한 뒤 가능 범위를 안내합니다. 부산 서부산복합산업단지에서 자주 문의되는 업무 부산 서부산복합산업단지 생활권 특성",411,c65ffdab83d94f1d
/업무사례/부산서부산스마트밸리법무사,"부산 서부산스마트밸리에서 법무사 업무 사례와 상담 절차를 찾으시는 분을 위한 안내입니다. 스마트밸리 입주 기업의 법인·부동산등기 상담이 이어집니다. 부산 서부산스마트밸리에서 법무사 업무 사례와 상담 절차를 찾으시는 분을 위한 안내입니다. 스마트밸리 입주 기업의 법인·부동산등기 상담이 이어집니다. 부산 서부산스마트밸리에서 법무사 업무 사례와 상담 절차를 찾으시는 분을 위한 안내입니다. 스마트밸리 입주 기업의 법인·부동산등기 상담이 이어집니다. 부산 서부산스마트밸리 일대에서는 담보 설정과 맞물린 사업장 등기 일정 , 상속등기·상속포기·한정승인 상담 문의가 이어집니다. 다옴법무사사무소 안윤정 법무사는 부산 해운대·센텀에서 부산 서부산스마트밸리 의뢰인의 상속등기·부동산등기·법인등기·개인회생 상담을 진행합니다. 확인되지 않은 실적이나 무조건적인 처리를 약속하지 않으며, 서류와 일정을 확인한 뒤 가능 범위를 안내합니다. 부산 서부산스마트밸리에서 자주 문의되는 업무 부산 서부산스마트밸리 생활권 ",417,187a0f39e8ef4944
/업무사례/부산서부시외버스터미널법무사,"부산 서부시외버스터미널에서 법무사 업무 사례와 상담 절차를 찾으시는 분을 위한 안내입니다. 사상 터미널 생활권 등기 문의입니다. 부산 서부시외버스터미널에서 법무사 업무 사례와 상담 절차를 찾으시는 분을 위한 안내입니다. 사상 터미널 생활권 등기 문의입니다. 부산 서부시외버스터미널에서 법무사 업무 사례와 상담 절차를 찾으시는 분을 위한 안내입니다. 사상 터미널 생활권 등기 문의입니다. 부산 서부시외버스터미널 일대에서는 법인설립·임원변경등기 , 개인회생·파산 관련 상담 문의가 이어집니다. 다옴법무사사무소 안윤정 법무사는 부산 해운대·센텀에서 부산 서부시외버스터미널 의뢰인의 상속등기·부동산등기·법인등기·개인회생 상담을 진행합니다. 확인되지 않은 실적이나 무조건적인 처리를 약속하지 않으며, 서류와 일정을 확인한 뒤 가능 범위를 안내합니다. 부산 서부시외버스터미널에서 자주 문의되는 업무 부산 서부시외버스터미널 생활권 특성을 반영한 상담 유형입니다. 실제 가능 여부는 서류와 관할을 확인한 뒤 ",405,ecfab71a0c7213de
/업무사례/부산서부지원등기과법무사,"부산서부지원등기과에서 법무사 업무 사례와 상담 절차를 찾으시는 분을 위한 안내입니다. 서부지원 등기과 접수·보정과 맞춘 부동산·법인등기 실무 상담이 있습니다. 부산서부지원등기과에서 법무사 업무 사례와 상담 절차를 찾으시는 분을 위한 안내입니다. 서부지원 등기과 접수·보정과 맞춘 부동산·법인등기 실무 상담이 있습니다. 부산서부지원등기과에서 법무사 업무 사례와 상담 절차를 찾으시는 분을 위한 안내입니다. 서부지원 등기과 접수·보정과 맞춘 부동산·법인등기 실무 상담이 있습니다. 부산서부지원등기과 일대에서는 소송·조정 일정과 맞춘 등기·서류 준비 , 회생·파산 절차와 병행되는 재산·등기 확인 문의가 이어집니다. 다옴법무사사무소 안윤정 법무사는 부산 해운대·센텀에서 부산서부지원등기과 의뢰인의 상속등기·부동산등기·법인등기·개인회생 상담을 진행합니다. 확인되지 않은 실적이나 무조건적인 처리를 약속하지 않으며, 서류와 일정을 확인한 뒤 가능 범위를 안내합니다. 부산서부지원등기과에서 자주 문의되는 ",408,d32bed0b8a2bd6ff
/업무사례/부산서부지원법무사,"부산서부지원에서 법무사 업무 사례와 상담 절차를 찾으시는 분을 위한 안내입니다. 강서 서부지원 인근에서 서부산 권역 사건의 소송·등기 상담이 있습니다. 부산서부지원에서 법무사 업무 사례와 상담 절차를 찾으시는 분을 위한 안내입니다. 강서 서부지원 인근에서 서부산 권역 사건의 소송·등기 상담이 있습니다. 부산서부지원에서 법무사 업무 사례와 상담 절차를 찾으시는 분을 위한 안내입니다. 강서 서부지원 인근에서 서부산 권역 사건의 소송·등기 상담이 있습니다. 부산서부지원 일대에서는 등기소 접수·보정 일정 확인 , 관할 등기소에 따른 신청 방식 점검 문의가 이어집니다. 다옴법무사사무소 안윤정 법무사는 부산 해운대·센텀에서 부산서부지원 의뢰인의 상속등기·부동산등기·법인등기·개인회생 상담을 진행합니다. 확인되지 않은 실적이나 무조건적인 처리를 약속하지 않으며, 서류와 일정을 확인한 뒤 가능 범위를 안내합니다. 부산서부지원에서 자주 문의되는 업무 부산서부지원 생활권 특성을 반영한 상담 유형입니다.",419,534a133208554b45
/업무사례/부산석대동법무사,"부산 석대동에서 법무사 업무 사례와 상담 절차를 찾으시는 분을 위한 안내입니다. 해운대구 석대동 일대는 해운대·센텀·재송·반여 일대는 주거·업무·관광이 겹쳐 부동산등기, 법인등기, 상속·잔금일 협업 문의가 많은 대표 생활권입니다. 부산 석대동에서 법무사 업무 사례와 상담 절차를 찾으시는 분을 위한 안내입니다. 해운대구 석대동 일대는 해운대·센텀·재송·반여 일대는 주거·업무·관광이 겹쳐 부동산등기, 법인등기, 상속·잔금일 협업 문의가 많은 대표 생활권입니다. 부산 석대동에서 법무사 업무 사례와 상담 절차를 찾으시는 분을 위한 안내입니다. 해운대구 석대동 일대는 해운대·센텀·재송·반여 일대는 주거·업무·관광이 겹쳐 부동산등기, 법인등기, 상속·잔금일 협업 문의가 많은 대표 생활권입니다. 부산 석대동 일대에서는 상가·점포 매매에 따른 이전등기 , 상가건물 구분소유권 관련 등기 문의가 이어집니다. 다옴법무사사무소 안윤정 법무사는 부산 해운대·센텀에서 부산 석대동 의뢰인의 상속등기·부동산등기",452,73c2d9a638a5d03a
/업무사례/부산선동법무사,"부산 선동에서 법무사 업무 사례와 상담 절차를 찾으시는 분을 위한 안내입니다. 금정구 선동 일대는 부산대·장전·구서·노포 생활권으로 대학가 임대·주거 매매, 상속등기, 인근 공업지역 관련 법인·부동산 문의가 있습니다. 부산 선동에서 법무사 업무 사례와 상담 절차를 찾으시는 분을 위한 안내입니다. 금정구 선동 일대는 부산대·장전·구서·노포 생활권으로 대학가 임대·주거 매매, 상속등기, 인근 공업지역 관련 법인·부동산 문의가 있습니다. 부산 선동에서 법무사 업무 사례와 상담 절차를 찾으시는 분을 위한 안내입니다. 금정구 선동 일대는 부산대·장전·구서·노포 생활권으로 대학가 임대·주거 매매, 상속등기, 인근 공업지역 관련 법인·부동산 문의가 있습니다. 부산 선동 일대에서는 대학가 원룸·다가구 매매·상속등기 , 임대사업 관련 소유권·담보등기 문의가 이어집니다. 다옴법무사사무소 안윤정 법무사는 부산 해운대·센텀에서 부산 선동 의뢰인의 상속등기·부동산등기·법인등기·개인회생 상담을 진행합니다. ",431,d68f34c0db027ae9
/업무사례/부산성북동법무사,"부산 성북동에서 법무사 업무 사례와 상담 절차를 찾으시는 분을 위한 안내입니다. 강서구 성북동 일대는 명지·에코델타·녹산·신항 일대는 신도시와 산업·물류가 맞물려 신축 보존등기, 공장·창고 이전, 법인 설립·변경 문의가 많습니다. 부산 성북동에서 법무사 업무 사례와 상담 절차를 찾으시는 분을 위한 안내입니다. 강서구 성북동 일대는 명지·에코델타·녹산·신항 일대는 신도시와 산업·물류가 맞물려 신축 보존등기, 공장·창고 이전, 법인 설립·변경 문의가 많습니다. 부산 성북동에서 법무사 업무 사례와 상담 절차를 찾으시는 분을 위한 안내입니다. 강서구 성북동 일대는 명지·에코델타·녹산·신항 일대는 신도시와 산업·물류가 맞물려 신축 보존등기, 공장·창고 이전, 법인 설립·변경 문의가 많습니다. 부산 성북동 일대에서는 담보 설정과 맞물린 사업장 등기 일정 , 항만·물류 배후 사업장·창고 부동산등기 문의가 이어집니다. 다옴법무사사무소 안윤정 법무사는 부산 해운대·센텀에서 부산 성북동 의뢰인의 상속",451,2dbb4fdb6e8f5428
/업무사례/부산센텀2지구도시첨단산업단지법무사,"부산 센텀2지구도시첨단산업단지에서 법무사 업무 사례와 상담 절차를 찾으시는 분을 위한 안내입니다. 첨단산업단지 입주 기업의 법인·공장·사무실 등기 문의가 있습니다. 부산 센텀2지구도시첨단산업단지에서 법무사 업무 사례와 상담 절차를 찾으시는 분을 위한 안내입니다. 첨단산업단지 입주 기업의 법인·공장·사무실 등기 문의가 있습니다. 부산 센텀2지구도시첨단산업단지에서 법무사 업무 사례와 상담 절차를 찾으시는 분을 위한 안내입니다. 첨단산업단지 입주 기업의 법인·공장·사무실 등기 문의가 있습니다. 부산 센텀2지구도시첨단산업단지 일대에서는 공장·창고 부동산 취득·이전등기 , 산업단지 입주 기업 법인설립·변경등기 문의가 이어집니다. 다옴법무사사무소 안윤정 법무사는 부산 해운대·센텀에서 부산 센텀2지구도시첨단산업단지 의뢰인의 상속등기·부동산등기·법인등기·개인회생 상담을 진행합니다. 확인되지 않은 실적이나 무조건적인 처리를 약속하지 않으며, 서류와 일정을 확인한 뒤 가능 범위를 안내합니다. 부산 센",417,1ea8207d42f7f9e7
/업무사례/부산센텀2지구법무사,"부산 센텀2지구에서 법무사 업무 사례와 상담 절차를 찾으시는 분을 위한 안내입니다. 센텀2지구 도시첨단산업단지 인근 기업·부동산등기 상담이 이어지는 업무권역입니다. 부산 센텀2지구에서 법무사 업무 사례와 상담 절차를 찾으시는 분을 위한 안내입니다. 센텀2지구 도시첨단산업단지 인근 기업·부동산등기 상담이 이어지는 업무권역입니다. 부산 센텀2지구에서 법무사 업무 사례와 상담 절차를 찾으시는 분을 위한 안내입니다. 센텀2지구 도시첨단산업단지 인근 기업·부동산등기 상담이 이어지는 업무권역입니다. 부산 센텀2지구 일대에서는 공장·창고 부동산 취득·이전등기 , 산업단지 입주 기업 법인설립·변경등기 문의가 이어집니다. 다옴법무사사무소 안윤정 법무사는 부산 해운대·센텀에서 부산 센텀2지구 의뢰인의 상속등기·부동산등기·법인등기·개인회생 상담을 진행합니다. 확인되지 않은 실적이나 무조건적인 처리를 약속하지 않으며, 서류와 일정을 확인한 뒤 가능 범위를 안내합니다. 부산 센텀2지구에서 자주 문의되는 업",421,326ba1023fe1ed0f
/업무사례/부산센텀법무사,"부산 센텀에서 법무사 업무 사례와 상담 절차를 찾으시는 분을 위한 안내입니다. 센텀시티 업무·주거 밀집지로 법인등기, 오피스·아파트 이전, 잔금일 협업 문의가 많은 거점입니다. 부산 센텀에서 법무사 업무 사례와 상담 절차를 찾으시는 분을 위한 안내입니다. 센텀시티 업무·주거 밀집지로 법인등기, 오피스·아파트 이전, 잔금일 협업 문의가 많은 거점입니다. 부산 센텀에서 법무사 업무 사례와 상담 절차를 찾으시는 분을 위한 안내입니다. 센텀시티 업무·주거 밀집지로 법인등기, 오피스·아파트 이전, 잔금일 협업 문의가 많은 거점입니다. 부산 센텀 일대에서는 역 인근 상가 매매등기 , 교통 거점 생활권의 상속등기 문의가 이어집니다. 다옴법무사사무소 안윤정 법무사는 부산 해운대·센텀에서 부산 센텀 의뢰인의 상속등기·부동산등기·법인등기·개인회생 상담을 진행합니다. 확인되지 않은 실적이나 무조건적인 처리를 약속하지 않으며, 서류와 일정을 확인한 뒤 가능 범위를 안내합니다. 부산 센텀에서 자주 문의되는",429,02a158295857860f
/업무사례/부산센텀시티법무사,"부산 센텀시티에서 법무사 업무 사례와 상담 절차를 찾으시는 분을 위한 안내입니다. 센텀 업무지구 기업·전문직의 등기 일정을 맞추는 상담이 있습니다. 부산 센텀시티에서 법무사 업무 사례와 상담 절차를 찾으시는 분을 위한 안내입니다. 센텀 업무지구 기업·전문직의 등기 일정을 맞추는 상담이 있습니다. 부산 센텀시티에서 법무사 업무 사례와 상담 절차를 찾으시는 분을 위한 안내입니다. 센텀 업무지구 기업·전문직의 등기 일정을 맞추는 상담이 있습니다. 부산 센텀시티 일대에서는 법인 임원변경·본점이전등기 , 금융 일정과 맞춘 근저당 설정·말소 문의가 이어집니다. 다옴법무사사무소 안윤정 법무사는 부산 해운대·센텀에서 부산 센텀시티 의뢰인의 상속등기·부동산등기·법인등기·개인회생 상담을 진행합니다. 확인되지 않은 실적이나 무조건적인 처리를 약속하지 않으며, 서류와 일정을 확인한 뒤 가능 범위를 안내합니다. 부산 센텀시티에서 자주 문의되는 업무 부산 센텀시티 생활권 특성을 반영한 상담 유형입니다. 실제",421,c1ec880f4d144a83
/업무사례/부산센텀역법무사,"부산 센텀역에서 법무사 업무 사례와 상담 절차를 찾으시는 분을 위한 안내입니다. 센텀 역세권 업무·주거 등기 문의가 이어집니다. 부산 센텀역에서 법무사 업무 사례와 상담 절차를 찾으시는 분을 위한 안내입니다. 센텀 역세권 업무·주거 등기 문의가 이어집니다. 부산 센텀역에서 법무사 업무 사례와 상담 절차를 찾으시는 분을 위한 안내입니다. 센텀 역세권 업무·주거 등기 문의가 이어집니다. 부산 센텀역 일대에서는 교통 거점 생활권의 상속등기 , 오피스·업무용 부동산 이전등기 문의가 이어집니다. 다옴법무사사무소 안윤정 법무사는 부산 해운대·센텀에서 부산 센텀역 의뢰인의 상속등기·부동산등기·법인등기·개인회생 상담을 진행합니다. 확인되지 않은 실적이나 무조건적인 처리를 약속하지 않으며, 서류와 일정을 확인한 뒤 가능 범위를 안내합니다. 부산 센텀역에서 자주 문의되는 업무 부산 센텀역 생활권 특성을 반영한 상담 유형입니다. 실제 가능 여부는 서류와 관할을 확인한 뒤 안내합니다. 교통 거점 생활권의",411,6b8e294b8b978af2
/업무사례/부산송도해상케이블카법무사,"부산 송도해상케이블카에서 법무사 업무 사례와 상담 절차를 찾으시는 분을 위한 안내입니다. 송도 관광 축 인근 부동산 상담이 이어지는 구간입니다. 부산 송도해상케이블카에서 법무사 업무 사례와 상담 절차를 찾으시는 분을 위한 안내입니다. 송도 관광 축 인근 부동산 상담이 이어지는 구간입니다. 부산 송도해상케이블카에서 법무사 업무 사례와 상담 절차를 찾으시는 분을 위한 안내입니다. 송도 관광 축 인근 부동산 상담이 이어지는 구간입니다. 부산 송도해상케이블카 일대에서는 해안 주거 단지의 상속·공동명의 정리 , 숙박·상가 등 관광 상권 부동산등기 문의가 이어집니다. 다옴법무사사무소 안윤정 법무사는 부산 해운대·센텀에서 부산 송도해상케이블카 의뢰인의 상속등기·부동산등기·법인등기·개인회생 상담을 진행합니다. 확인되지 않은 실적이나 무조건적인 처리를 약속하지 않으며, 서류와 일정을 확인한 뒤 가능 범위를 안내합니다. 부산 송도해상케이블카에서 자주 문의되는 업무 부산 송도해상케이블카 생활권 특성을 ",438,7f93e28029ec38fc
/업무사례/부산송도해수욕장법무사,"부산 송도해수욕장에서 법무사 업무 사례와 상담 절차를 찾으시는 분을 위한 안내입니다. 송도 해안 주거·상가와 관광 생활권이 겹치는 지역입니다. 부산 송도해수욕장에서 법무사 업무 사례와 상담 절차를 찾으시는 분을 위한 안내입니다. 송도 해안 주거·상가와 관광 생활권이 겹치는 지역입니다. 부산 송도해수욕장에서 법무사 업무 사례와 상담 절차를 찾으시는 분을 위한 안내입니다. 송도 해안 주거·상가와 관광 생활권이 겹치는 지역입니다. 부산 송도해수욕장 일대에서는 소규모 점포 권리와 소유권 정리 , 관광지 인근 주택 매매등기 문의가 이어집니다. 다옴법무사사무소 안윤정 법무사는 부산 해운대·센텀에서 부산 송도해수욕장 의뢰인의 상속등기·부동산등기·법인등기·개인회생 상담을 진행합니다. 확인되지 않은 실적이나 무조건적인 처리를 약속하지 않으며, 서류와 일정을 확인한 뒤 가능 범위를 안내합니다. 부산 송도해수욕장에서 자주 문의되는 업무 부산 송도해수욕장 생활권 특성을 반영한 상담 유형입니다. 실제 가능",396,0c398d7af2b892ee
/업무사례/부산송정동법무사,"부산 송정동에서 법무사 업무 사례와 상담 절차를 찾으시는 분을 위한 안내입니다. 해운대구 송정동 일대는 해운대·센텀·재송·반여 일대는 주거·업무·관광이 겹쳐 부동산등기, 법인등기, 상속·잔금일 협업 문의가 많은 대표 생활권입니다. 부산 송정동에서 법무사 업무 사례와 상담 절차를 찾으시는 분을 위한 안내입니다. 해운대구 송정동 일대는 해운대·센텀·재송·반여 일대는 주거·업무·관광이 겹쳐 부동산등기, 법인등기, 상속·잔금일 협업 문의가 많은 대표 생활권입니다. 부산 송정동에서 법무사 업무 사례와 상담 절차를 찾으시는 분을 위한 안내입니다. 해운대구 송정동 일대는 해운대·센텀·재송·반여 일대는 주거·업무·관광이 겹쳐 부동산등기, 법인등기, 상속·잔금일 협업 문의가 많은 대표 생활권입니다. 부산 송정동 일대에서는 법인 임원변경·본점이전등기 , 금융 일정과 맞춘 근저당 설정·말소 문의가 이어집니다. 다옴법무사사무소 안윤정 법무사는 부산 해운대·센텀에서 부산 송정동 의뢰인의 상속등기·부동산등기",424,8577da6ff756e89e
/업무사례/부산송정역법무사,"부산 송정역에서 법무사 업무 사례와 상담 절차를 찾으시는 분을 위한 안내입니다. 송정 해안·주거 생활권의 부동산등기 상담이 있습니다. 부산 송정역에서 법무사 업무 사례와 상담 절차를 찾으시는 분을 위한 안내입니다. 송정 해안·주거 생활권의 부동산등기 상담이 있습니다. 부산 송정역에서 법무사 업무 사례와 상담 절차를 찾으시는 분을 위한 안내입니다. 송정 해안·주거 생활권의 부동산등기 상담이 있습니다. 부산 송정역 일대에서는 교통 거점 생활권의 상속등기 , 해안·관광 상권과 맞닿은 상가·주택 소유권이전 문의가 이어집니다. 다옴법무사사무소 안윤정 법무사는 부산 해운대·센텀에서 부산 송정역 의뢰인의 상속등기·부동산등기·법인등기·개인회생 상담을 진행합니다. 확인되지 않은 실적이나 무조건적인 처리를 약속하지 않으며, 서류와 일정을 확인한 뒤 가능 범위를 안내합니다. 부산 송정역에서 자주 문의되는 업무 부산 송정역 생활권 특성을 반영한 상담 유형입니다. 실제 가능 여부는 서류와 관할을 확인한 뒤",427,be080af58740a03e
/업무사례/부산송정해수욕장법무사,"부산 송정해수욕장에서 법무사 업무 사례와 상담 절차를 찾으시는 분을 위한 안내입니다. 송정 해변 생활권의 부동산등기 문의가 이어집니다. 부산 송정해수욕장에서 법무사 업무 사례와 상담 절차를 찾으시는 분을 위한 안내입니다. 송정 해변 생활권의 부동산등기 문의가 이어집니다. 부산 송정해수욕장에서 법무사 업무 사례와 상담 절차를 찾으시는 분을 위한 안내입니다. 송정 해변 생활권의 부동산등기 문의가 이어집니다. 부산 송정해수욕장 일대에서는 관광지 인근 주택 매매등기 , 해안·관광 상권과 맞닿은 상가·주택 소유권이전 문의가 이어집니다. 다옴법무사사무소 안윤정 법무사는 부산 해운대·센텀에서 부산 송정해수욕장 의뢰인의 상속등기·부동산등기·법인등기·개인회생 상담을 진행합니다. 확인되지 않은 실적이나 무조건적인 처리를 약속하지 않으며, 서류와 일정을 확인한 뒤 가능 범위를 안내합니다. 부산 송정해수욕장에서 자주 문의되는 업무 부산 송정해수욕장 생활권 특성을 반영한 상담 유형입니다. 실제 가능 여부는",431,a3af8fc7e5ad97fa
/업무사례/부산수안동법무사,"부산 수안동에서 법무사 업무 사례와 상담 절차를 찾으시는 분을 위한 안내입니다. 동래구 수안동 일대는 온천장·사직·안락 등 전통 주거·상권이 이어져 상속등기, 공동주택 이전, 가족 간 권리 정리 상담이 많은 지역입니다. 부산 수안동에서 법무사 업무 사례와 상담 절차를 찾으시는 분을 위한 안내입니다. 동래구 수안동 일대는 온천장·사직·안락 등 전통 주거·상권이 이어져 상속등기, 공동주택 이전, 가족 간 권리 정리 상담이 많은 지역입니다. 부산 수안동에서 법무사 업무 사례와 상담 절차를 찾으시는 분을 위한 안내입니다. 동래구 수안동 일대는 온천장·사직·안락 등 전통 주거·상권이 이어져 상속등기, 공동주택 이전, 가족 간 권리 정리 상담이 많은 지역입니다. 부산 수안동 일대에서는 근저당 설정·말소와 잔금일 일정 조율 , 역세권 아파트·오피스텔 이전등기 문의가 이어집니다. 다옴법무사사무소 안윤정 법무사는 부산 해운대·센텀에서 부산 수안동 의뢰인의 상속등기·부동산등기·법인등기·개인회생 상담을",454,dc0693a4c0be7727
/업무사례/부산수영교차로법무사,"부산 수영교차로에서 법무사 업무 사례와 상담 절차를 찾으시는 분을 위한 안내입니다. 수영 교차로 일대 상가·주거 등기 일정을 맞추는 상담이 있습니다. 부산 수영교차로에서 법무사 업무 사례와 상담 절차를 찾으시는 분을 위한 안내입니다. 수영 교차로 일대 상가·주거 등기 일정을 맞추는 상담이 있습니다. 부산 수영교차로에서 법무사 업무 사례와 상담 절차를 찾으시는 분을 위한 안내입니다. 수영 교차로 일대 상가·주거 등기 일정을 맞추는 상담이 있습니다. 부산 수영교차로 일대에서는 개인사업자·법인의 사업장 주소 변경등기 , 역세권 아파트·오피스텔 이전등기 문의가 이어집니다. 다옴법무사사무소 안윤정 법무사는 부산 해운대·센텀에서 부산 수영교차로 의뢰인의 상속등기·부동산등기·법인등기·개인회생 상담을 진행합니다. 확인되지 않은 실적이나 무조건적인 처리를 약속하지 않으며, 서류와 일정을 확인한 뒤 가능 범위를 안내합니다. 부산 수영교차로에서 자주 문의되는 업무 부산 수영교차로 생활권 특성을 반영한 ",422,dd005702e6787fb1
/업무사례/부산수영동법무사,"부산 수영동에서 법무사 업무 사례와 상담 절차를 찾으시는 분을 위한 안내입니다. 수영구 수영동 일대는 광안리·남천·망미 일대는 해안 주거와 상권이 밀집해 아파트·오피스텔 이전등기, 상가 권리, 상속 상담이 이어집니다. 부산 수영동에서 법무사 업무 사례와 상담 절차를 찾으시는 분을 위한 안내입니다. 수영구 수영동 일대는 광안리·남천·망미 일대는 해안 주거와 상권이 밀집해 아파트·오피스텔 이전등기, 상가 권리, 상속 상담이 이어집니다. 부산 수영동에서 법무사 업무 사례와 상담 절차를 찾으시는 분을 위한 안내입니다. 수영구 수영동 일대는 광안리·남천·망미 일대는 해안 주거와 상권이 밀집해 아파트·오피스텔 이전등기, 상가 권리, 상속 상담이 이어집니다. 부산 수영동 일대에서는 공동상속인 협의 후 상속등기 , 근저당 설정·말소와 잔금일 일정 조율 문의가 이어집니다. 다옴법무사사무소 안윤정 법무사는 부산 해운대·센텀에서 부산 수영동 의뢰인의 상속등기·부동산등기·법인등기·개인회생 상담을 진행합니",453,ec5223433702f373
/업무사례/부산수영역법무사,"부산 수영역에서 법무사 업무 사례와 상담 절차를 찾으시는 분을 위한 안내입니다. 수영 교차 생활권의 상가·주거 등기 상담이 있는 거점입니다. 부산 수영역에서 법무사 업무 사례와 상담 절차를 찾으시는 분을 위한 안내입니다. 수영 교차 생활권의 상가·주거 등기 상담이 있는 거점입니다. 부산 수영역에서 법무사 업무 사례와 상담 절차를 찾으시는 분을 위한 안내입니다. 수영 교차 생활권의 상가·주거 등기 상담이 있는 거점입니다. 부산 수영역 일대에서는 상가·점포 매매에 따른 이전등기 , 상가건물 구분소유권 관련 등기 문의가 이어집니다. 다옴법무사사무소 안윤정 법무사는 부산 해운대·센텀에서 부산 수영역 의뢰인의 상속등기·부동산등기·법인등기·개인회생 상담을 진행합니다. 확인되지 않은 실적이나 무조건적인 처리를 약속하지 않으며, 서류와 일정을 확인한 뒤 가능 범위를 안내합니다. 부산 수영역에서 자주 문의되는 업무 부산 수영역 생활권 특성을 반영한 상담 유형입니다. 실제 가능 여부는 서류와 관할을 ",423,df6b927844e6b470
/업무사례/부산수정동법무사,"부산 수정동에서 법무사 업무 사례와 상담 절차를 찾으시는 분을 위한 안내입니다. 동구 수정동 일대는 부산역·초량·범일 일대는 역세권과 항만 배후 상가가 이어져, 상가 매매·임대차·법인 본점 이전 문의가 자주 있습니다. 부산 수정동에서 법무사 업무 사례와 상담 절차를 찾으시는 분을 위한 안내입니다. 동구 수정동 일대는 부산역·초량·범일 일대는 역세권과 항만 배후 상가가 이어져, 상가 매매·임대차·법인 본점 이전 문의가 자주 있습니다. 부산 수정동에서 법무사 업무 사례와 상담 절차를 찾으시는 분을 위한 안내입니다. 동구 수정동 일대는 부산역·초량·범일 일대는 역세권과 항만 배후 상가가 이어져, 상가 매매·임대차·법인 본점 이전 문의가 자주 있습니다. 부산 수정동 일대에서는 개인사업자·법인의 사업장 주소 변경등기 , 항만·물류 배후 사업장·창고 부동산등기 문의가 이어집니다. 다옴법무사사무소 안윤정 법무사는 부산 해운대·센텀에서 부산 수정동 의뢰인의 상속등기·부동산등기·법인등기·개인회생 상",458,869cc294f74f3ddc
/업무사례/부산시민공원법무사,"부산시민공원에서 법무사 업무 사례와 상담 절차를 찾으시는 분을 위한 안내입니다. 시민공원 인근 주거 단지의 이전·상속등기 문의가 있는 생활권입니다. 부산시민공원에서 법무사 업무 사례와 상담 절차를 찾으시는 분을 위한 안내입니다. 시민공원 인근 주거 단지의 이전·상속등기 문의가 있는 생활권입니다. 부산시민공원에서 법무사 업무 사례와 상담 절차를 찾으시는 분을 위한 안내입니다. 시민공원 인근 주거 단지의 이전·상속등기 문의가 있는 생활권입니다. 부산시민공원 일대에서는 법인설립·임원변경등기 , 개인회생·파산 관련 상담 문의가 이어집니다. 다옴법무사사무소 안윤정 법무사는 부산 해운대·센텀에서 부산시민공원 의뢰인의 상속등기·부동산등기·법인등기·개인회생 상담을 진행합니다. 확인되지 않은 실적이나 무조건적인 처리를 약속하지 않으며, 서류와 일정을 확인한 뒤 가능 범위를 안내합니다. 부산시민공원에서 자주 문의되는 업무 부산시민공원 생활권 특성을 반영한 상담 유형입니다. 실제 가능 여부는 서류와 관",397,ab9969e09c5a5013
/업무사례/부산시청법무사,"부산시청에서 법무사 업무 사례와 상담 절차를 찾으시는 분을 위한 안내입니다. 시청 인근 업무·주거 생활권의 등기·법인 상담이 있습니다. 부산시청에서 법무사 업무 사례와 상담 절차를 찾으시는 분을 위한 안내입니다. 시청 인근 업무·주거 생활권의 등기·법인 상담이 있습니다. 부산시청에서 법무사 업무 사례와 상담 절차를 찾으시는 분을 위한 안내입니다. 시청 인근 업무·주거 생활권의 등기·법인 상담이 있습니다. 부산시청 일대에서는 개인사업자·법인의 사업장 주소 변경등기 , 역세권 아파트·오피스텔 이전등기 문의가 이어집니다. 다옴법무사사무소 안윤정 법무사는 부산 해운대·센텀에서 부산시청 의뢰인의 상속등기·부동산등기·법인등기·개인회생 상담을 진행합니다. 확인되지 않은 실적이나 무조건적인 처리를 약속하지 않으며, 서류와 일정을 확인한 뒤 가능 범위를 안내합니다. 부산시청에서 자주 문의되는 업무 부산시청 생활권 특성을 반영한 상담 유형입니다. 실제 가능 여부는 서류와 관할을 확인한 뒤 안내합니다.",404,e835610a926e33c8
/업무사례/부산시청역법무사,"부산 시청역에서 법무사 업무 사례와 상담 절차를 찾으시는 분을 위한 안내입니다. 시청 역세권 업무·주거 등기 문의가 있습니다. 부산 시청역에서 법무사 업무 사례와 상담 절차를 찾으시는 분을 위한 안내입니다. 시청 역세권 업무·주거 등기 문의가 있습니다. 부산 시청역에서 법무사 업무 사례와 상담 절차를 찾으시는 분을 위한 안내입니다. 시청 역세권 업무·주거 등기 문의가 있습니다. 부산 시청역 일대에서는 상가·점포 매매에 따른 이전등기 , 상가건물 구분소유권 관련 등기 문의가 이어집니다. 다옴법무사사무소 안윤정 법무사는 부산 해운대·센텀에서 부산 시청역 의뢰인의 상속등기·부동산등기·법인등기·개인회생 상담을 진행합니다. 확인되지 않은 실적이나 무조건적인 처리를 약속하지 않으며, 서류와 일정을 확인한 뒤 가능 범위를 안내합니다. 부산 시청역에서 자주 문의되는 업무 부산 시청역 생활권 특성을 반영한 상담 유형입니다. 실제 가능 여부는 서류와 관할을 확인한 뒤 안내합니다. 상가·점포 매매에 따",421,079e7aeb0c1f4313
/업무사례/부산식만동법무사,"부산 식만동에서 법무사 업무 사례와 상담 절차를 찾으시는 분을 위한 안내입니다. 강서구 식만동 일대는 명지·에코델타·녹산·신항 일대는 신도시와 산업·물류가 맞물려 신축 보존등기, 공장·창고 이전, 법인 설립·변경 문의가 많습니다. 부산 식만동에서 법무사 업무 사례와 상담 절차를 찾으시는 분을 위한 안내입니다. 강서구 식만동 일대는 명지·에코델타·녹산·신항 일대는 신도시와 산업·물류가 맞물려 신축 보존등기, 공장·창고 이전, 법인 설립·변경 문의가 많습니다. 부산 식만동에서 법무사 업무 사례와 상담 절차를 찾으시는 분을 위한 안내입니다. 강서구 식만동 일대는 명지·에코델타·녹산·신항 일대는 신도시와 산업·물류가 맞물려 신축 보존등기, 공장·창고 이전, 법인 설립·변경 문의가 많습니다. 부산 식만동 일대에서는 공장·창고 부동산 취득·이전등기 , 산업단지 입주 기업 법인설립·변경등기 문의가 이어집니다. 다옴법무사사무소 안윤정 법무사는 부산 해운대·센텀에서 부산 식만동 의뢰인의 상속등기·부",449,96403c8aeff90027
/업무사례/부산신선동법무사,"부산 신선동에서 법무사 업무 사례와 상담 절차를 찾으시는 분을 위한 안내입니다. 영도구 신선동 일대는 영도대교·태종대·흰여울 등 관광·주거가 공존하고, 항만·혁신지구 관련 부동산·법인등기 상담이 이뤄지는 지역입니다. 부산 신선동에서 법무사 업무 사례와 상담 절차를 찾으시는 분을 위한 안내입니다. 영도구 신선동 일대는 영도대교·태종대·흰여울 등 관광·주거가 공존하고, 항만·혁신지구 관련 부동산·법인등기 상담이 이뤄지는 지역입니다. 부산 신선동에서 법무사 업무 사례와 상담 절차를 찾으시는 분을 위한 안내입니다. 영도구 신선동 일대는 영도대교·태종대·흰여울 등 관광·주거가 공존하고, 항만·혁신지구 관련 부동산·법인등기 상담이 이뤄지는 지역입니다. 부산 신선동 일대에서는 소규모 점포 권리와 소유권 정리 , 관광지 인근 주택 매매등기 문의가 이어집니다. 다옴법무사사무소 안윤정 법무사는 부산 해운대·센텀에서 부산 신선동 의뢰인의 상속등기·부동산등기·법인등기·개인회생 상담을 진행합니다. 확인되지",411,5e430e673a862bca
/업무사례/부산신창동법무사,"부산 신창동에서 법무사 업무 사례와 상담 절차를 찾으시는 분을 위한 안내입니다. 중구 신창동 일대는 남포·광복·국제시장 등 원도심 상권이 모여 있고, 상가·주택 권리관계와 상속·매매 등기 문의가 함께 이어지는 지역입니다. 부산 신창동에서 법무사 업무 사례와 상담 절차를 찾으시는 분을 위한 안내입니다. 중구 신창동 일대는 남포·광복·국제시장 등 원도심 상권이 모여 있고, 상가·주택 권리관계와 상속·매매 등기 문의가 함께 이어지는 지역입니다. 부산 신창동에서 법무사 업무 사례와 상담 절차를 찾으시는 분을 위한 안내입니다. 중구 신창동 일대는 남포·광복·국제시장 등 원도심 상권이 모여 있고, 상가·주택 권리관계와 상속·매매 등기 문의가 함께 이어지는 지역입니다. 부산 신창동 일대에서는 상가건물 구분소유권 관련 등기 , 개인사업자·법인의 사업장 주소 변경등기 문의가 이어집니다. 다옴법무사사무소 안윤정 법무사는 부산 해운대·센텀에서 부산 신창동 의뢰인의 상속등기·부동산등기·법인등기·개인회생 ",454,82fa6c2d3afddaa2
/업무사례/부산신평동법무사,"부산 신평동에서 법무사 업무 사례와 상담 절차를 찾으시는 분을 위한 안내입니다. 사하구 신평동 일대는 하단·다대·장림·감천 일대는 주거와 산업·관광지가 인접해 주택 이전, 공장·상가 등기, 상속 상담이 함께 이뤄집니다. 부산 신평동에서 법무사 업무 사례와 상담 절차를 찾으시는 분을 위한 안내입니다. 사하구 신평동 일대는 하단·다대·장림·감천 일대는 주거와 산업·관광지가 인접해 주택 이전, 공장·상가 등기, 상속 상담이 함께 이뤄집니다. 부산 신평동에서 법무사 업무 사례와 상담 절차를 찾으시는 분을 위한 안내입니다. 사하구 신평동 일대는 하단·다대·장림·감천 일대는 주거와 산업·관광지가 인접해 주택 이전, 공장·상가 등기, 상속 상담이 함께 이뤄집니다. 부산 신평동 일대에서는 계절 상권 점포의 권리관계 확인 후 등기 , 해안 주거 단지의 상속·공동명의 정리 문의가 이어집니다. 다옴법무사사무소 안윤정 법무사는 부산 해운대·센텀에서 부산 신평동 의뢰인의 상속등기·부동산등기·법인등기·개인회",463,a229c2a514f8d801
/업무사례/부산신평역법무사,"부산 신평역에서 법무사 업무 사례와 상담 절차를 찾으시는 분을 위한 안내입니다. 신평 주거·산업 인접지의 부동산·법인등기 상담이 있습니다. 부산 신평역에서 법무사 업무 사례와 상담 절차를 찾으시는 분을 위한 안내입니다. 신평 주거·산업 인접지의 부동산·법인등기 상담이 있습니다. 부산 신평역에서 법무사 업무 사례와 상담 절차를 찾으시는 분을 위한 안내입니다. 신평 주거·산업 인접지의 부동산·법인등기 상담이 있습니다. 부산 신평역 일대에서는 공장·창고 부동산 취득·이전등기 , 산업단지 입주 기업 법인설립·변경등기 문의가 이어집니다. 다옴법무사사무소 안윤정 법무사는 부산 해운대·센텀에서 부산 신평역 의뢰인의 상속등기·부동산등기·법인등기·개인회생 상담을 진행합니다. 확인되지 않은 실적이나 무조건적인 처리를 약속하지 않으며, 서류와 일정을 확인한 뒤 가능 범위를 안내합니다. 부산 신평역에서 자주 문의되는 업무 부산 신평역 생활권 특성을 반영한 상담 유형입니다. 실제 가능 여부는 서류와 관할을",422,54a12b02a77ce728
/업무사례/부산신평장림산업단지법무사,"부산 신평장림산업단지에서 법무사 업무 사례와 상담 절차를 찾으시는 분을 위한 안내입니다. 신평·장림 산업벨트 공장·창고 등기 문의가 많은 권역입니다. 부산 신평장림산업단지에서 법무사 업무 사례와 상담 절차를 찾으시는 분을 위한 안내입니다. 신평·장림 산업벨트 공장·창고 등기 문의가 많은 권역입니다. 부산 신평장림산업단지에서 법무사 업무 사례와 상담 절차를 찾으시는 분을 위한 안내입니다. 신평·장림 산업벨트 공장·창고 등기 문의가 많은 권역입니다. 부산 신평장림산업단지 일대에서는 담보 설정과 맞물린 사업장 등기 일정 , 상속등기·상속포기·한정승인 상담 문의가 이어집니다. 다옴법무사사무소 안윤정 법무사는 부산 해운대·센텀에서 부산 신평장림산업단지 의뢰인의 상속등기·부동산등기·법인등기·개인회생 상담을 진행합니다. 확인되지 않은 실적이나 무조건적인 처리를 약속하지 않으며, 서류와 일정을 확인한 뒤 가능 범위를 안내합니다. 부산 신평장림산업단지에서 자주 문의되는 업무 부산 신평장림산업단지 생",387,225f569d062edfd4
/업무사례/부산신항법무사,"부산신항에서 법무사 업무 사례와 상담 절차를 찾으시는 분을 위한 안내입니다. 신항 물류·산업 배후의 공장·창고·법인등기 문의가 많은 업무 권역입니다. 부산신항에서 법무사 업무 사례와 상담 절차를 찾으시는 분을 위한 안내입니다. 신항 물류·산업 배후의 공장·창고·법인등기 문의가 많은 업무 권역입니다. 부산신항에서 법무사 업무 사례와 상담 절차를 찾으시는 분을 위한 안내입니다. 신항 물류·산업 배후의 공장·창고·법인등기 문의가 많은 업무 권역입니다. 부산신항 일대에서는 항만 인근 토지·건축물 권리 확인 , 공장·창고 부동산 취득·이전등기 문의가 이어집니다. 다옴법무사사무소 안윤정 법무사는 부산 해운대·센텀에서 부산신항 의뢰인의 상속등기·부동산등기·법인등기·개인회생 상담을 진행합니다. 확인되지 않은 실적이나 무조건적인 처리를 약속하지 않으며, 서류와 일정을 확인한 뒤 가능 범위를 안내합니다. 부산신항에서 자주 문의되는 업무 부산신항 생활권 특성을 반영한 상담 유형입니다. 실제 가능 여부는",415,26dce532a6e272a4
/업무사례/부산신호동법무사,"부산 신호동에서 법무사 업무 사례와 상담 절차를 찾으시는 분을 위한 안내입니다. 강서구 신호동 일대는 명지·에코델타·녹산·신항 일대는 신도시와 산업·물류가 맞물려 신축 보존등기, 공장·창고 이전, 법인 설립·변경 문의가 많습니다. 부산 신호동에서 법무사 업무 사례와 상담 절차를 찾으시는 분을 위한 안내입니다. 강서구 신호동 일대는 명지·에코델타·녹산·신항 일대는 신도시와 산업·물류가 맞물려 신축 보존등기, 공장·창고 이전, 법인 설립·변경 문의가 많습니다. 부산 신호동에서 법무사 업무 사례와 상담 절차를 찾으시는 분을 위한 안내입니다. 강서구 신호동 일대는 명지·에코델타·녹산·신항 일대는 신도시와 산업·물류가 맞물려 신축 보존등기, 공장·창고 이전, 법인 설립·변경 문의가 많습니다. 부산 신호동 일대에서는 신축·분양 주택의 소유권보존·이전등기 , 신도시 입주 일정에 맞춘 잔금일 등기 문의가 이어집니다. 다옴법무사사무소 안윤정 법무사는 부산 해운대·센텀에서 부산 신호동 의뢰인의 상속등",442,b58a715a08448f53
/업무사례/부산아미동법무사,"부산 아미동에서 법무사 업무 사례와 상담 절차를 찾으시는 분을 위한 안내입니다. 서구 아미동 일대는 대신·암남·송도 일대는 주거와 병원·해수욕장 생활권이 겹쳐, 상속·부동산 이전과 병원 인근 거주자 상담이 많은 편입니다. 부산 아미동에서 법무사 업무 사례와 상담 절차를 찾으시는 분을 위한 안내입니다. 서구 아미동 일대는 대신·암남·송도 일대는 주거와 병원·해수욕장 생활권이 겹쳐, 상속·부동산 이전과 병원 인근 거주자 상담이 많은 편입니다. 부산 아미동에서 법무사 업무 사례와 상담 절차를 찾으시는 분을 위한 안내입니다. 서구 아미동 일대는 대신·암남·송도 일대는 주거와 병원·해수욕장 생활권이 겹쳐, 상속·부동산 이전과 병원 인근 거주자 상담이 많은 편입니다. 부산 아미동 일대에서는 아파트·다세대 소유권이전등기 , 공동상속인 협의 후 상속등기 문의가 이어집니다. 다옴법무사사무소 안윤정 법무사는 부산 해운대·센텀에서 부산 아미동 의뢰인의 상속등기·부동산등기·법인등기·개인회생 상담을 진행합",442,2c52aff314f1417e
/업무사례/부산안락동법무사,"부산 안락동에서 법무사 업무 사례와 상담 절차를 찾으시는 분을 위한 안내입니다. 동래구 안락동 일대는 온천장·사직·안락 등 전통 주거·상권이 이어져 상속등기, 공동주택 이전, 가족 간 권리 정리 상담이 많은 지역입니다. 부산 안락동에서 법무사 업무 사례와 상담 절차를 찾으시는 분을 위한 안내입니다. 동래구 안락동 일대는 온천장·사직·안락 등 전통 주거·상권이 이어져 상속등기, 공동주택 이전, 가족 간 권리 정리 상담이 많은 지역입니다. 부산 안락동에서 법무사 업무 사례와 상담 절차를 찾으시는 분을 위한 안내입니다. 동래구 안락동 일대는 온천장·사직·안락 등 전통 주거·상권이 이어져 상속등기, 공동주택 이전, 가족 간 권리 정리 상담이 많은 지역입니다. 부산 안락동 일대에서는 역세권 아파트·오피스텔 이전등기 , 역 인근 상가 매매등기 문의가 이어집니다. 다옴법무사사무소 안윤정 법무사는 부산 해운대·센텀에서 부산 안락동 의뢰인의 상속등기·부동산등기·법인등기·개인회생 상담을 진행합니다. ",455,ae674a9b846cc803
/업무사례/부산암남동법무사,"부산 암남동에서 법무사 업무 사례와 상담 절차를 찾으시는 분을 위한 안내입니다. 서구 암남동 일대는 대신·암남·송도 일대는 주거와 병원·해수욕장 생활권이 겹쳐, 상속·부동산 이전과 병원 인근 거주자 상담이 많은 편입니다. 부산 암남동에서 법무사 업무 사례와 상담 절차를 찾으시는 분을 위한 안내입니다. 서구 암남동 일대는 대신·암남·송도 일대는 주거와 병원·해수욕장 생활권이 겹쳐, 상속·부동산 이전과 병원 인근 거주자 상담이 많은 편입니다. 부산 암남동에서 법무사 업무 사례와 상담 절차를 찾으시는 분을 위한 안내입니다. 서구 암남동 일대는 대신·암남·송도 일대는 주거와 병원·해수욕장 생활권이 겹쳐, 상속·부동산 이전과 병원 인근 거주자 상담이 많은 편입니다. 부산 암남동 일대에서는 원도심 단독·다가구 상속등기 , 오래된 등기부 정리·표시변경 검토 문의가 이어집니다. 다옴법무사사무소 안윤정 법무사는 부산 해운대·센텀에서 부산 암남동 의뢰인의 상속등기·부동산등기·법인등기·개인회생 상담을 ",445,abc21b704d4372c6
/업무사례/부산양정동법무사,"부산 양정동에서 법무사 업무 사례와 상담 절차를 찾으시는 분을 위한 안내입니다. 부산진구 양정동 일대는 서면·전포·부전 상권과 주거 단지가 맞닿아 잔금일 등기, 상가 이전, 법인 임원변경 문의가 꾸준한 생활권입니다. 부산 양정동에서 법무사 업무 사례와 상담 절차를 찾으시는 분을 위한 안내입니다. 부산진구 양정동 일대는 서면·전포·부전 상권과 주거 단지가 맞닿아 잔금일 등기, 상가 이전, 법인 임원변경 문의가 꾸준한 생활권입니다. 부산 양정동에서 법무사 업무 사례와 상담 절차를 찾으시는 분을 위한 안내입니다. 부산진구 양정동 일대는 서면·전포·부전 상권과 주거 단지가 맞닿아 잔금일 등기, 상가 이전, 법인 임원변경 문의가 꾸준한 생활권입니다. 부산 양정동 일대에서는 아파트·다세대 소유권이전등기 , 공동상속인 협의 후 상속등기 문의가 이어집니다. 다옴법무사사무소 안윤정 법무사는 부산 해운대·센텀에서 부산 양정동 의뢰인의 상속등기·부동산등기·법인등기·개인회생 상담을 진행합니다. 확인되지 ",444,c3330113e4800da4
/업무사례/부산양정역법무사,"부산 양정역에서 법무사 업무 사례와 상담 절차를 찾으시는 분을 위한 안내입니다. 양정 역세권 주거·상가 이전등기 문의가 있는 구간입니다. 부산 양정역에서 법무사 업무 사례와 상담 절차를 찾으시는 분을 위한 안내입니다. 양정 역세권 주거·상가 이전등기 문의가 있는 구간입니다. 부산 양정역에서 법무사 업무 사례와 상담 절차를 찾으시는 분을 위한 안내입니다. 양정 역세권 주거·상가 이전등기 문의가 있는 구간입니다. 부산 양정역 일대에서는 교통 거점 생활권의 상속등기 , 아파트·다세대 소유권이전등기 문의가 이어집니다. 다옴법무사사무소 안윤정 법무사는 부산 해운대·센텀에서 부산 양정역 의뢰인의 상속등기·부동산등기·법인등기·개인회생 상담을 진행합니다. 확인되지 않은 실적이나 무조건적인 처리를 약속하지 않으며, 서류와 일정을 확인한 뒤 가능 범위를 안내합니다. 부산 양정역에서 자주 문의되는 업무 부산 양정역 생활권 특성을 반영한 상담 유형입니다. 실제 가능 여부는 서류와 관할을 확인한 뒤 안내합",418,86f15adf27f64b76
/업무사례/부산엄궁동법무사,"부산 엄궁동에서 법무사 업무 사례와 상담 절차를 찾으시는 분을 위한 안내입니다. 사상구 엄궁동 일대는 사상터미널·주례·학장 일대는 교통 거점과 공업·주거가 공존해 공장·상가 등기, 법인 변경, 주택 이전 문의가 함께 있습니다. 부산 엄궁동에서 법무사 업무 사례와 상담 절차를 찾으시는 분을 위한 안내입니다. 사상구 엄궁동 일대는 사상터미널·주례·학장 일대는 교통 거점과 공업·주거가 공존해 공장·상가 등기, 법인 변경, 주택 이전 문의가 함께 있습니다. 부산 엄궁동에서 법무사 업무 사례와 상담 절차를 찾으시는 분을 위한 안내입니다. 사상구 엄궁동 일대는 사상터미널·주례·학장 일대는 교통 거점과 공업·주거가 공존해 공장·상가 등기, 법인 변경, 주택 이전 문의가 함께 있습니다. 부산 엄궁동 일대에서는 공동상속인 협의 후 상속등기 , 근저당 설정·말소와 잔금일 일정 조율 문의가 이어집니다. 다옴법무사사무소 안윤정 법무사는 부산 해운대·센텀에서 부산 엄궁동 의뢰인의 상속등기·부동산등기·법인등",452,e00467fd604129c1
/업무사례/부산에서김해법인본점이전,"부산 소재 법인 본점을 김해·장유·공단 등으로 이전할 때 등기·세무·관할 등기소 변경을 순서대로 진행해야 합니다. 다옴법무사사무소는 부산 해운대구에 있으며 김해 지점은 없습니다. 법인 본점이전은 법정관할 절차이며 상속 관할 특례와 다릅니다. 일반적인 상담 유형 기준으로 주주결의·정관 수정·등기·세무 신고를 안내하고, 비대면 서류 검토가 가능한 단계를 구분합니다. 부산 소재 법인 본점을 김해·장유·공단 등으로 이전할 때 등기·세무·관할 등기소 변경을 순서대로 진행해야 합니다. 다옴법무사사무소는 부산 해운대구에 있으며 김해 지점은 없습니다. 법인 본점이전은 법정관할 절차이며 상속 관할 특례와 다릅니다. 일반적인 상담 유형 기준으로 주주결의·정관 수정·등기·세무 신고를 안내하고, 비대면 서류 검토가 가능한 단계를 구분합니다. 부산 소재 법인 본점을 김해·장유·공단 등으로 이전할 때 등기·세무·관할 등기소 변경을 순서대로 진행해야 합니다. 다옴법무사사무소는 부산 해운대구에 있으며 김해 지점",388,5232098d348e968c
/업무사례/부산에서대구법인본점이전,"부산 소재 법인 본점을 대구 중·수성·달서·성서 등으로 이전할 때 등기·세무·관할 등기소 변경을 순서대로 진행해야 합니다. 다옴법무사사무소는 부산 해운대구에 있으며 대구 지점은 없습니다. 법인 본점이전은 법정관할 절차이며 상속 관할 특례와 다릅니다. 일반적인 상담 유형 기준으로 주주결의·정관 수정·등기·세무 신고를 안내하고, 부산과 가까운 사무소에서 방문·비대면 서류 검토가 가능합니다. 부산 소재 법인 본점을 대구 중·수성·달서·성서 등으로 이전할 때 등기·세무·관할 등기소 변경을 순서대로 진행해야 합니다. 다옴법무사사무소는 부산 해운대구에 있으며 대구 지점은 없습니다. 법인 본점이전은 법정관할 절차이며 상속 관할 특례와 다릅니다. 일반적인 상담 유형 기준으로 주주결의·정관 수정·등기·세무 신고를 안내하고, 부산과 가까운 사무소에서 방문·비대면 서류 검토가 가능합니다. 부산 소재 법인 본점을 대구 중·수성·달서·성서 등으로 이전할 때 등기·세무·관할 등기소 변경을 순서대로 진행해야 ",391,0c0d4d7f79ee4e8a
/업무사례/부산에서양산법인본점이전,"부산 소재 법인 본점을 양산·물금 공단 등으로 이전할 때 등기·세무·관할 변경 순서를 맞춰야 합니다. 다옴법무사사무소는 부산 해운대구에 있으며 양산 지점은 없습니다. 법인 본점이전은 법정관할이며 상속 관할 특례와 다릅니다. 일반적인 상담 유형 기준으로 주주결의·정관·등기·세무를 안내하고, 비대면 서류 검토가 가능합니다. 부산 소재 법인 본점을 양산·물금 공단 등으로 이전할 때 등기·세무·관할 변경 순서를 맞춰야 합니다. 다옴법무사사무소는 부산 해운대구에 있으며 양산 지점은 없습니다. 법인 본점이전은 법정관할이며 상속 관할 특례와 다릅니다. 일반적인 상담 유형 기준으로 주주결의·정관·등기·세무를 안내하고, 비대면 서류 검토가 가능합니다. 부산 소재 법인 본점을 양산·물금 공단 등으로 이전할 때 등기·세무·관할 변경 순서를 맞춰야 합니다. 다옴법무사사무소는 부산 해운대구에 있으며 양산 지점은 없습니다. 법인 본점이전은 법정관할이며 상속 관할 특례와 다릅니다. 일반적인 상담 유형 기준으로",396,c8ab5917cefcdf2c
/업무사례/부산에서울산법인본점이전,"부산 소재 법인 본점을 울산 중구·울주군·산업단지 등으로 이전할 때 등기소·세무서 관할 변경과 주주결의·등록면허세·결의서류 순서가 필요합니다. 다옴법무사사무소는 부산 해운대구에 있으며 울산 지점은 없습니다. 법인 본점이전은 법정관할 절차이며 상속·유증 관할 특례와 다릅니다. 일반적인 상담 유형 기준으로 정관 수정·등기·세무 신고 포인트를 안내하고, 비대면 서류 검토가 가능한 단계를 구분합니다. 부산 소재 법인 본점을 울산 중구·울주군·산업단지 등으로 이전할 때 등기소·세무서 관할 변경과 주주결의·등록면허세·결의서류 순서가 필요합니다. 다옴법무사사무소는 부산 해운대구에 있으며 울산 지점은 없습니다. 법인 본점이전은 법정관할 절차이며 상속·유증 관할 특례와 다릅니다. 일반적인 상담 유형 기준으로 정관 수정·등기·세무 신고 포인트를 안내하고, 비대면 서류 검토가 가능한 단계를 구분합니다. 부산 소재 법인 본점을 울산 중구·울주군·산업단지 등으로 이전할 때 등기소·세무서 관할 변경과 주주결",387,2158ee84d6c63562
/업무사례/부산에서창원법인본점이전,"부산 소재 법인 본점을 창원·마산·진해 등으로 이전할 때 등기·세무·관할 등기소 변경을 순서대로 진행해야 합니다. 다옴법무사사무소는 부산 해운대구에 있으며 창원 지점은 없습니다. 법인 본점이전은 법정관할이며 상속 관할 특례와 다릅니다. 일반적인 상담 유형 기준으로 주주결의·정관·등기·세무를 안내하고, 비대면 서류 검토가 가능한 단계를 구분합니다. 부산 소재 법인 본점을 창원·마산·진해 등으로 이전할 때 등기·세무·관할 등기소 변경을 순서대로 진행해야 합니다. 다옴법무사사무소는 부산 해운대구에 있으며 창원 지점은 없습니다. 법인 본점이전은 법정관할이며 상속 관할 특례와 다릅니다. 일반적인 상담 유형 기준으로 주주결의·정관·등기·세무를 안내하고, 비대면 서류 검토가 가능한 단계를 구분합니다. 부산 소재 법인 본점을 창원·마산·진해 등으로 이전할 때 등기·세무·관할 등기소 변경을 순서대로 진행해야 합니다. 다옴법무사사무소는 부산 해운대구에 있으며 창원 지점은 없습니다. 법인 본점이전은 법",397,fb313fbf58b048e4
/업무사례/부산에코델타시티법무사,"부산 에코델타시티에서 법무사 업무 사례와 상담 절차를 찾으시는 분을 위한 안내입니다. 에코델타시티 개발·입주와 맞물린 보존등기·이전등기·법인 업무 문의가 있는 신도시 권역입니다. 부산 에코델타시티에서 법무사 업무 사례와 상담 절차를 찾으시는 분을 위한 안내입니다. 에코델타시티 개발·입주와 맞물린 보존등기·이전등기·법인 업무 문의가 있는 신도시 권역입니다. 부산 에코델타시티에서 법무사 업무 사례와 상담 절차를 찾으시는 분을 위한 안내입니다. 에코델타시티 개발·입주와 맞물린 보존등기·이전등기·법인 업무 문의가 있는 신도시 권역입니다. 부산 에코델타시티 일대에서는 아파트·다세대 소유권이전등기 , 공동상속인 협의 후 상속등기 문의가 이어집니다. 다옴법무사사무소 안윤정 법무사는 부산 해운대·센텀에서 부산 에코델타시티 의뢰인의 상속등기·부동산등기·법인등기·개인회생 상담을 진행합니다. 확인되지 않은 실적이나 무조건적인 처리를 약속하지 않으며, 서류와 일정을 확인한 뒤 가능 범위를 안내합니다. 부",424,1d84b5db8d09280f
/업무사례/부산에코장안산업단지법무사,"부산 에코장안산업단지에서 법무사 업무 사례와 상담 절차를 찾으시는 분을 위한 안내입니다. 에코장안산단 사업장 등기 일정을 맞추는 상담이 이어집니다. 부산 에코장안산업단지에서 법무사 업무 사례와 상담 절차를 찾으시는 분을 위한 안내입니다. 에코장안산단 사업장 등기 일정을 맞추는 상담이 이어집니다. 부산 에코장안산업단지에서 법무사 업무 사례와 상담 절차를 찾으시는 분을 위한 안내입니다. 에코장안산단 사업장 등기 일정을 맞추는 상담이 이어집니다. 부산 에코장안산업단지 일대에서는 담보 설정과 맞물린 사업장 등기 일정 , 상속등기·상속포기·한정승인 상담 문의가 이어집니다. 다옴법무사사무소 안윤정 법무사는 부산 해운대·센텀에서 부산 에코장안산업단지 의뢰인의 상속등기·부동산등기·법인등기·개인회생 상담을 진행합니다. 확인되지 않은 실적이나 무조건적인 처리를 약속하지 않으며, 서류와 일정을 확인한 뒤 가능 범위를 안내합니다. 부산 에코장안산업단지에서 자주 문의되는 업무 부산 에코장안산업단지 생활권 ",418,a6f3414f90e66a4f
/업무사례/부산엘시티법무사,"부산 엘시티에서 법무사 업무 사례와 상담 절차를 찾으시는 분을 위한 안내입니다. 해운대 해안 주거·상업시설 인근의 부동산등기 문의가 있습니다. 부산 엘시티에서 법무사 업무 사례와 상담 절차를 찾으시는 분을 위한 안내입니다. 해운대 해안 주거·상업시설 인근의 부동산등기 문의가 있습니다. 부산 엘시티에서 법무사 업무 사례와 상담 절차를 찾으시는 분을 위한 안내입니다. 해운대 해안 주거·상업시설 인근의 부동산등기 문의가 있습니다. 부산 엘시티 일대에서는 해안·관광 상권과 맞닿은 상가·주택 소유권이전 , 계절 상권 점포의 권리관계 확인 후 등기 문의가 이어집니다. 다옴법무사사무소 안윤정 법무사는 부산 해운대·센텀에서 부산 엘시티 의뢰인의 상속등기·부동산등기·법인등기·개인회생 상담을 진행합니다. 확인되지 않은 실적이나 무조건적인 처리를 약속하지 않으며, 서류와 일정을 확인한 뒤 가능 범위를 안내합니다. 부산 엘시티에서 자주 문의되는 업무 부산 엘시티 생활권 특성을 반영한 상담 유형입니다. 실",435,f3840e2468e2dedf
/업무사례/부산역법무사,"부산역에서 법무사 업무 사례와 상담 절차를 찾으시는 분을 위한 안내입니다. 역세권 상가·오피스·주거 이전등기와 법인 본점 관련 문의가 많은 거점입니다. 부산역에서 법무사 업무 사례와 상담 절차를 찾으시는 분을 위한 안내입니다. 역세권 상가·오피스·주거 이전등기와 법인 본점 관련 문의가 많은 거점입니다. 부산역에서 법무사 업무 사례와 상담 절차를 찾으시는 분을 위한 안내입니다. 역세권 상가·오피스·주거 이전등기와 법인 본점 관련 문의가 많은 거점입니다. 부산역 일대에서는 상가·점포 매매에 따른 이전등기 , 상가건물 구분소유권 관련 등기 문의가 이어집니다. 다옴법무사사무소 안윤정 법무사는 부산 해운대·센텀에서 부산역 의뢰인의 상속등기·부동산등기·법인등기·개인회생 상담을 진행합니다. 확인되지 않은 실적이나 무조건적인 처리를 약속하지 않으며, 서류와 일정을 확인한 뒤 가능 범위를 안내합니다. 부산역에서 자주 문의되는 업무 부산역 생활권 특성을 반영한 상담 유형입니다. 실제 가능 여부는 서류",407,cc15afc342987422
/업무사례/부산연구개발특구법무사,"부산연구개발특구에서 법무사 업무 사례와 상담 절차를 찾으시는 분을 위한 안내입니다. R&D·특구 입주 기업의 법인등기 상담이 이어집니다. 부산연구개발특구에서 법무사 업무 사례와 상담 절차를 찾으시는 분을 위한 안내입니다. R&D·특구 입주 기업의 법인등기 상담이 이어집니다. 부산연구개발특구에서 법무사 업무 사례와 상담 절차를 찾으시는 분을 위한 안내입니다. R&D·특구 입주 기업의 법인등기 상담이 이어집니다. 부산연구개발특구 일대에서는 임대사업 관련 소유권·담보등기 , 교직원·학생 가족의 상속·이전 상담 문의가 이어집니다. 다옴법무사사무소 안윤정 법무사는 부산 해운대·센텀에서 부산연구개발특구 의뢰인의 상속등기·부동산등기·법인등기·개인회생 상담을 진행합니다. 확인되지 않은 실적이나 무조건적인 처리를 약속하지 않으며, 서류와 일정을 확인한 뒤 가능 범위를 안내합니다. 부산연구개발특구에서 자주 문의되는 업무 부산연구개발특구 생활권 특성을 반영한 상담 유형입니다. 실제 가능 여부는 서류와 ",367,fff01d89d606f193
/업무사례/부산연산1동법무사,"부산 연산1동에서 법무사 업무 사례와 상담 절차를 찾으시는 분을 위한 안내입니다. 연제구 연산1동은(는) 연산동 생활권의 행정동으로, 주거 밀집지의 이전·상속등기 상담이 이어집니다. 부산 연산1동에서 법무사 업무 사례와 상담 절차를 찾으시는 분을 위한 안내입니다. 연제구 연산1동은(는) 연산동 생활권의 행정동으로, 주거 밀집지의 이전·상속등기 상담이 이어집니다. 부산 연산1동에서 법무사 업무 사례와 상담 절차를 찾으시는 분을 위한 안내입니다. 연제구 연산1동은(는) 연산동 생활권의 행정동으로, 주거 밀집지의 이전·상속등기 상담이 이어집니다. 부산 연산1동 일대에서는 등기소 접수·보정 일정 확인 , 관할 등기소에 따른 신청 방식 점검 문의가 이어집니다. 다옴법무사사무소 안윤정 법무사는 부산 해운대·센텀에서 부산 연산1동 의뢰인의 상속등기·부동산등기·법인등기·개인회생 상담을 진행합니다. 확인되지 않은 실적이나 무조건적인 처리를 약속하지 않으며, 서류와 일정을 확인한 뒤 가능 범위를 안내",437,be278267b3c0358e
/업무사례/부산연산2동법무사,"부산 연산2동에서 법무사 업무 사례와 상담 절차를 찾으시는 분을 위한 안내입니다. 연제구 연산2동은(는) 연산동 생활권의 행정동으로, 주거 밀집지의 이전·상속등기 상담이 이어집니다. 부산 연산2동에서 법무사 업무 사례와 상담 절차를 찾으시는 분을 위한 안내입니다. 연제구 연산2동은(는) 연산동 생활권의 행정동으로, 주거 밀집지의 이전·상속등기 상담이 이어집니다. 부산 연산2동에서 법무사 업무 사례와 상담 절차를 찾으시는 분을 위한 안내입니다. 연제구 연산2동은(는) 연산동 생활권의 행정동으로, 주거 밀집지의 이전·상속등기 상담이 이어집니다. 부산 연산2동 일대에서는 관할 등기소에 따른 신청 방식 점검 , 완료서류·등기필정보 수령 일정 조율 문의가 이어집니다. 다옴법무사사무소 안윤정 법무사는 부산 해운대·센텀에서 부산 연산2동 의뢰인의 상속등기·부동산등기·법인등기·개인회생 상담을 진행합니다. 확인되지 않은 실적이나 무조건적인 처리를 약속하지 않으며, 서류와 일정을 확인한 뒤 가능 범위",405,5735e11e2b6f3708
/업무사례/부산연산3동법무사,"부산 연산3동에서 법무사 업무 사례와 상담 절차를 찾으시는 분을 위한 안내입니다. 연제구 연산3동은(는) 연산동 생활권의 행정동으로, 주거 밀집지의 이전·상속등기 상담이 이어집니다. 부산 연산3동에서 법무사 업무 사례와 상담 절차를 찾으시는 분을 위한 안내입니다. 연제구 연산3동은(는) 연산동 생활권의 행정동으로, 주거 밀집지의 이전·상속등기 상담이 이어집니다. 부산 연산3동에서 법무사 업무 사례와 상담 절차를 찾으시는 분을 위한 안내입니다. 연제구 연산3동은(는) 연산동 생활권의 행정동으로, 주거 밀집지의 이전·상속등기 상담이 이어집니다. 부산 연산3동 일대에서는 완료서류·등기필정보 수령 일정 조율 , 소송·조정 일정과 맞춘 등기·서류 준비 문의가 이어집니다. 다옴법무사사무소 안윤정 법무사는 부산 해운대·센텀에서 부산 연산3동 의뢰인의 상속등기·부동산등기·법인등기·개인회생 상담을 진행합니다. 확인되지 않은 실적이나 무조건적인 처리를 약속하지 않으며, 서류와 일정을 확인한 뒤 가능 ",436,dcc3904d69e5e929
/업무사례/부산연산4동법무사,"부산 연산4동에서 법무사 업무 사례와 상담 절차를 찾으시는 분을 위한 안내입니다. 연제구 연산4동은(는) 연산동 생활권의 행정동으로, 주거 밀집지의 이전·상속등기 상담이 이어집니다. 부산 연산4동에서 법무사 업무 사례와 상담 절차를 찾으시는 분을 위한 안내입니다. 연제구 연산4동은(는) 연산동 생활권의 행정동으로, 주거 밀집지의 이전·상속등기 상담이 이어집니다. 부산 연산4동에서 법무사 업무 사례와 상담 절차를 찾으시는 분을 위한 안내입니다. 연제구 연산4동은(는) 연산동 생활권의 행정동으로, 주거 밀집지의 이전·상속등기 상담이 이어집니다. 부산 연산4동 일대에서는 소송·조정 일정과 맞춘 등기·서류 준비 , 회생·파산 절차와 병행되는 재산·등기 확인 문의가 이어집니다. 다옴법무사사무소 안윤정 법무사는 부산 해운대·센텀에서 부산 연산4동 의뢰인의 상속등기·부동산등기·법인등기·개인회생 상담을 진행합니다. 확인되지 않은 실적이나 무조건적인 처리를 약속하지 않으며, 서류와 일정을 확인한 뒤",428,effeb470d5ff98a2
/업무사례/부산연산5동법무사,"부산 연산5동에서 법무사 업무 사례와 상담 절차를 찾으시는 분을 위한 안내입니다. 연제구 연산5동은(는) 연산동 생활권의 행정동으로, 주거 밀집지의 이전·상속등기 상담이 이어집니다. 부산 연산5동에서 법무사 업무 사례와 상담 절차를 찾으시는 분을 위한 안내입니다. 연제구 연산5동은(는) 연산동 생활권의 행정동으로, 주거 밀집지의 이전·상속등기 상담이 이어집니다. 부산 연산5동에서 법무사 업무 사례와 상담 절차를 찾으시는 분을 위한 안내입니다. 연제구 연산5동은(는) 연산동 생활권의 행정동으로, 주거 밀집지의 이전·상속등기 상담이 이어집니다. 부산 연산5동 일대에서는 회생·파산 절차와 병행되는 재산·등기 확인 , 가정·상속 사건과 연결된 부동산등기 문의가 이어집니다. 다옴법무사사무소 안윤정 법무사는 부산 해운대·센텀에서 부산 연산5동 의뢰인의 상속등기·부동산등기·법인등기·개인회생 상담을 진행합니다. 확인되지 않은 실적이나 무조건적인 처리를 약속하지 않으며, 서류와 일정을 확인한 뒤 가",434,8d0dfa482d32ea66
/업무사례/부산연산6동법무사,"부산 연산6동에서 법무사 업무 사례와 상담 절차를 찾으시는 분을 위한 안내입니다. 연제구 연산6동은(는) 연산동 생활권의 행정동으로, 주거 밀집지의 이전·상속등기 상담이 이어집니다. 부산 연산6동에서 법무사 업무 사례와 상담 절차를 찾으시는 분을 위한 안내입니다. 연제구 연산6동은(는) 연산동 생활권의 행정동으로, 주거 밀집지의 이전·상속등기 상담이 이어집니다. 부산 연산6동에서 법무사 업무 사례와 상담 절차를 찾으시는 분을 위한 안내입니다. 연제구 연산6동은(는) 연산동 생활권의 행정동으로, 주거 밀집지의 이전·상속등기 상담이 이어집니다. 부산 연산6동 일대에서는 가정·상속 사건과 연결된 부동산등기 , 등기소 접수·보정 일정 확인 문의가 이어집니다. 다옴법무사사무소 안윤정 법무사는 부산 해운대·센텀에서 부산 연산6동 의뢰인의 상속등기·부동산등기·법인등기·개인회생 상담을 진행합니다. 확인되지 않은 실적이나 무조건적인 처리를 약속하지 않으며, 서류와 일정을 확인한 뒤 가능 범위를 안내",431,f72d833f0bdd3915
/업무사례/부산연산8동법무사,"부산 연산8동에서 법무사 업무 사례와 상담 절차를 찾으시는 분을 위한 안내입니다. 연제구 연산8동은(는) 연산동 생활권의 행정동으로, 주거 밀집지의 이전·상속등기 상담이 이어집니다. 부산 연산8동에서 법무사 업무 사례와 상담 절차를 찾으시는 분을 위한 안내입니다. 연제구 연산8동은(는) 연산동 생활권의 행정동으로, 주거 밀집지의 이전·상속등기 상담이 이어집니다. 부산 연산8동에서 법무사 업무 사례와 상담 절차를 찾으시는 분을 위한 안내입니다. 연제구 연산8동은(는) 연산동 생활권의 행정동으로, 주거 밀집지의 이전·상속등기 상담이 이어집니다. 부산 연산8동 일대에서는 관할 등기소에 따른 신청 방식 점검 , 완료서류·등기필정보 수령 일정 조율 문의가 이어집니다. 다옴법무사사무소 안윤정 법무사는 부산 해운대·센텀에서 부산 연산8동 의뢰인의 상속등기·부동산등기·법인등기·개인회생 상담을 진행합니다. 확인되지 않은 실적이나 무조건적인 처리를 약속하지 않으며, 서류와 일정을 확인한 뒤 가능 범위",405,42682300d0475c98
/업무사례/부산연산9동법무사,"부산 연산9동에서 법무사 업무 사례와 상담 절차를 찾으시는 분을 위한 안내입니다. 연제구 연산9동은(는) 연산동 생활권의 행정동으로, 주거 밀집지의 이전·상속등기 상담이 이어집니다. 부산 연산9동에서 법무사 업무 사례와 상담 절차를 찾으시는 분을 위한 안내입니다. 연제구 연산9동은(는) 연산동 생활권의 행정동으로, 주거 밀집지의 이전·상속등기 상담이 이어집니다. 부산 연산9동에서 법무사 업무 사례와 상담 절차를 찾으시는 분을 위한 안내입니다. 연제구 연산9동은(는) 연산동 생활권의 행정동으로, 주거 밀집지의 이전·상속등기 상담이 이어집니다. 부산 연산9동 일대에서는 완료서류·등기필정보 수령 일정 조율 , 소송·조정 일정과 맞춘 등기·서류 준비 문의가 이어집니다. 다옴법무사사무소 안윤정 법무사는 부산 해운대·센텀에서 부산 연산9동 의뢰인의 상속등기·부동산등기·법인등기·개인회생 상담을 진행합니다. 확인되지 않은 실적이나 무조건적인 처리를 약속하지 않으며, 서류와 일정을 확인한 뒤 가능 ",436,add2c721cc30ff18
/업무사례/부산연산동법무사,"부산 연산동에서 법무사 업무 사례와 상담 절차를 찾으시는 분을 위한 안내입니다. 연제구 연산동 일대는 거제·연산 일대는 시청·법원·등기 관련 기관과 가까워 소송·회생·등기 일정과 맞춘 법무사 업무 문의가 많은 지역입니다. 부산 연산동에서 법무사 업무 사례와 상담 절차를 찾으시는 분을 위한 안내입니다. 연제구 연산동 일대는 거제·연산 일대는 시청·법원·등기 관련 기관과 가까워 소송·회생·등기 일정과 맞춘 법무사 업무 문의가 많은 지역입니다. 부산 연산동에서 법무사 업무 사례와 상담 절차를 찾으시는 분을 위한 안내입니다. 연제구 연산동 일대는 거제·연산 일대는 시청·법원·등기 관련 기관과 가까워 소송·회생·등기 일정과 맞춘 법무사 업무 문의가 많은 지역입니다. 부산 연산동 일대에서는 가정·상속 사건과 연결된 부동산등기 , 등기소 접수·보정 일정 확인 문의가 이어집니다. 다옴법무사사무소 안윤정 법무사는 부산 해운대·센텀에서 부산 연산동 의뢰인의 상속등기·부동산등기·법인등기·개인회생 상담을",452,9e5a4af2c989bc6a
/업무사례/부산연산역법무사,"부산 연산역에서 법무사 업무 사례와 상담 절차를 찾으시는 분을 위한 안내입니다. 연산 교차 생활권의 상가·주거 등기 상담이 많은 거점입니다. 부산 연산역에서 법무사 업무 사례와 상담 절차를 찾으시는 분을 위한 안내입니다. 연산 교차 생활권의 상가·주거 등기 상담이 많은 거점입니다. 부산 연산역에서 법무사 업무 사례와 상담 절차를 찾으시는 분을 위한 안내입니다. 연산 교차 생활권의 상가·주거 등기 상담이 많은 거점입니다. 부산 연산역 일대에서는 상가건물 구분소유권 관련 등기 , 개인사업자·법인의 사업장 주소 변경등기 문의가 이어집니다. 다옴법무사사무소 안윤정 법무사는 부산 해운대·센텀에서 부산 연산역 의뢰인의 상속등기·부동산등기·법인등기·개인회생 상담을 진행합니다. 확인되지 않은 실적이나 무조건적인 처리를 약속하지 않으며, 서류와 일정을 확인한 뒤 가능 범위를 안내합니다. 부산 연산역에서 자주 문의되는 업무 부산 연산역 생활권 특성을 반영한 상담 유형입니다. 실제 가능 여부는 서류와 ",394,818da1a2ef4c05cf
/업무사례/부산연제구청법무사,"부산 연제구청에서 법무사 업무 사례와 상담 절차를 찾으시는 분을 위한 안내입니다. 구청 인근 행정·주거 생활권의 등기 상담입니다. 부산 연제구청에서 법무사 업무 사례와 상담 절차를 찾으시는 분을 위한 안내입니다. 구청 인근 행정·주거 생활권의 등기 상담입니다. 부산 연제구청에서 법무사 업무 사례와 상담 절차를 찾으시는 분을 위한 안내입니다. 구청 인근 행정·주거 생활권의 등기 상담입니다. 부산 연제구청 일대에서는 개인회생·파산 관련 상담 , 아파트·다세대 소유권이전등기 문의가 이어집니다. 다옴법무사사무소 안윤정 법무사는 부산 해운대·센텀에서 부산 연제구청 의뢰인의 상속등기·부동산등기·법인등기·개인회생 상담을 진행합니다. 확인되지 않은 실적이나 무조건적인 처리를 약속하지 않으며, 서류와 일정을 확인한 뒤 가능 범위를 안내합니다. 부산 연제구청에서 자주 문의되는 업무 부산 연제구청 생활권 특성을 반영한 상담 유형입니다. 실제 가능 여부는 서류와 관할을 확인한 뒤 안내합니다. 개인회생·파",412,7b1d12610403ce24
/업무사례/부산연지동법무사,"부산 연지동에서 법무사 업무 사례와 상담 절차를 찾으시는 분을 위한 안내입니다. 부산진구 연지동 일대는 서면·전포·부전 상권과 주거 단지가 맞닿아 잔금일 등기, 상가 이전, 법인 임원변경 문의가 꾸준한 생활권입니다. 부산 연지동에서 법무사 업무 사례와 상담 절차를 찾으시는 분을 위한 안내입니다. 부산진구 연지동 일대는 서면·전포·부전 상권과 주거 단지가 맞닿아 잔금일 등기, 상가 이전, 법인 임원변경 문의가 꾸준한 생활권입니다. 부산 연지동에서 법무사 업무 사례와 상담 절차를 찾으시는 분을 위한 안내입니다. 부산진구 연지동 일대는 서면·전포·부전 상권과 주거 단지가 맞닿아 잔금일 등기, 상가 이전, 법인 임원변경 문의가 꾸준한 생활권입니다. 부산 연지동 일대에서는 근저당 설정·말소와 잔금일 일정 조율 , 상가·점포 매매에 따른 이전등기 문의가 이어집니다. 다옴법무사사무소 안윤정 법무사는 부산 해운대·센텀에서 부산 연지동 의뢰인의 상속등기·부동산등기·법인등기·개인회생 상담을 진행합니다",454,80a5baaf02e6f622
/업무사례/부산영도대교법무사,"부산 영도대교에서 법무사 업무 사례와 상담 절차를 찾으시는 분을 위한 안내입니다. 영도 진입 생활권의 주거·상가 등기 상담이 있는 구간입니다. 부산 영도대교에서 법무사 업무 사례와 상담 절차를 찾으시는 분을 위한 안내입니다. 영도 진입 생활권의 주거·상가 등기 상담이 있는 구간입니다. 부산 영도대교에서 법무사 업무 사례와 상담 절차를 찾으시는 분을 위한 안내입니다. 영도 진입 생활권의 주거·상가 등기 상담이 있는 구간입니다. 부산 영도대교 일대에서는 공동상속인 협의 후 상속등기 , 근저당 설정·말소와 잔금일 일정 조율 문의가 이어집니다. 다옴법무사사무소 안윤정 법무사는 부산 해운대·센텀에서 부산 영도대교 의뢰인의 상속등기·부동산등기·법인등기·개인회생 상담을 진행합니다. 확인되지 않은 실적이나 무조건적인 처리를 약속하지 않으며, 서류와 일정을 확인한 뒤 가능 범위를 안내합니다. 부산 영도대교에서 자주 문의되는 업무 부산 영도대교 생활권 특성을 반영한 상담 유형입니다. 실제 가능 여부는",399,212ed47849afd548
/업무사례/부산영선동법무사,"부산 영선동에서 법무사 업무 사례와 상담 절차를 찾으시는 분을 위한 안내입니다. 영도구 영선동 일대는 영도대교·태종대·흰여울 등 관광·주거가 공존하고, 항만·혁신지구 관련 부동산·법인등기 상담이 이뤄지는 지역입니다. 부산 영선동에서 법무사 업무 사례와 상담 절차를 찾으시는 분을 위한 안내입니다. 영도구 영선동 일대는 영도대교·태종대·흰여울 등 관광·주거가 공존하고, 항만·혁신지구 관련 부동산·법인등기 상담이 이뤄지는 지역입니다. 부산 영선동에서 법무사 업무 사례와 상담 절차를 찾으시는 분을 위한 안내입니다. 영도구 영선동 일대는 영도대교·태종대·흰여울 등 관광·주거가 공존하고, 항만·혁신지구 관련 부동산·법인등기 상담이 이뤄지는 지역입니다. 부산 영선동 일대에서는 공동상속인 협의 후 상속등기 , 근저당 설정·말소와 잔금일 일정 조율 문의가 이어집니다. 다옴법무사사무소 안윤정 법무사는 부산 해운대·센텀에서 부산 영선동 의뢰인의 상속등기·부동산등기·법인등기·개인회생 상담을 진행합니다. ",444,1aaba34dae0824d0
/업무사례/부산영주동법무사,"부산 영주동에서 법무사 업무 사례와 상담 절차를 찾으시는 분을 위한 안내입니다. 중구 영주동 일대는 남포·광복·국제시장 등 원도심 상권이 모여 있고, 상가·주택 권리관계와 상속·매매 등기 문의가 함께 이어지는 지역입니다. 부산 영주동에서 법무사 업무 사례와 상담 절차를 찾으시는 분을 위한 안내입니다. 중구 영주동 일대는 남포·광복·국제시장 등 원도심 상권이 모여 있고, 상가·주택 권리관계와 상속·매매 등기 문의가 함께 이어지는 지역입니다. 부산 영주동에서 법무사 업무 사례와 상담 절차를 찾으시는 분을 위한 안내입니다. 중구 영주동 일대는 남포·광복·국제시장 등 원도심 상권이 모여 있고, 상가·주택 권리관계와 상속·매매 등기 문의가 함께 이어지는 지역입니다. 부산 영주동 일대에서는 원도심 단독·다가구 상속등기 , 오래된 등기부 정리·표시변경 검토 문의가 이어집니다. 다옴법무사사무소 안윤정 법무사는 부산 해운대·센텀에서 부산 영주동 의뢰인의 상속등기·부동산등기·법인등기·개인회생 상담을 ",453,8caf905c140eb953
/업무사례/부산오륜동법무사,"부산 오륜동에서 법무사 업무 사례와 상담 절차를 찾으시는 분을 위한 안내입니다. 금정구 오륜동 일대는 부산대·장전·구서·노포 생활권으로 대학가 임대·주거 매매, 상속등기, 인근 공업지역 관련 법인·부동산 문의가 있습니다. 부산 오륜동에서 법무사 업무 사례와 상담 절차를 찾으시는 분을 위한 안내입니다. 금정구 오륜동 일대는 부산대·장전·구서·노포 생활권으로 대학가 임대·주거 매매, 상속등기, 인근 공업지역 관련 법인·부동산 문의가 있습니다. 부산 오륜동에서 법무사 업무 사례와 상담 절차를 찾으시는 분을 위한 안내입니다. 금정구 오륜동 일대는 부산대·장전·구서·노포 생활권으로 대학가 임대·주거 매매, 상속등기, 인근 공업지역 관련 법인·부동산 문의가 있습니다. 부산 오륜동 일대에서는 교통 거점 생활권의 상속등기 , 대학가 원룸·다가구 매매·상속등기 문의가 이어집니다. 다옴법무사사무소 안윤정 법무사는 부산 해운대·센텀에서 부산 오륜동 의뢰인의 상속등기·부동산등기·법인등기·개인회생 상담을 ",439,a8d53c4186f7b6b9
/업무사례/부산오시리아법무사,"부산 오시리아에서 법무사 업무 사례와 상담 절차를 찾으시는 분을 위한 안내입니다. 오시리아 관광·상업단지 배후의 부동산·법인등기 문의가 있는 권역입니다. 부산 오시리아에서 법무사 업무 사례와 상담 절차를 찾으시는 분을 위한 안내입니다. 오시리아 관광·상업단지 배후의 부동산·법인등기 문의가 있는 권역입니다. 부산 오시리아에서 법무사 업무 사례와 상담 절차를 찾으시는 분을 위한 안내입니다. 오시리아 관광·상업단지 배후의 부동산·법인등기 문의가 있는 권역입니다. 부산 오시리아 일대에서는 상가건물 구분소유권 관련 등기 , 개인사업자·법인의 사업장 주소 변경등기 문의가 이어집니다. 다옴법무사사무소 안윤정 법무사는 부산 해운대·센텀에서 부산 오시리아 의뢰인의 상속등기·부동산등기·법인등기·개인회생 상담을 진행합니다. 확인되지 않은 실적이나 무조건적인 처리를 약속하지 않으며, 서류와 일정을 확인한 뒤 가능 범위를 안내합니다. 부산 오시리아에서 자주 문의되는 업무 부산 오시리아 생활권 특성을 반영한",422,b5d3220f936cb09f
/업무사례/부산온천동법무사,"부산 온천동에서 법무사 업무 사례와 상담 절차를 찾으시는 분을 위한 안내입니다. 동래구 온천동 일대는 온천장·사직·안락 등 전통 주거·상권이 이어져 상속등기, 공동주택 이전, 가족 간 권리 정리 상담이 많은 지역입니다. 부산 온천동에서 법무사 업무 사례와 상담 절차를 찾으시는 분을 위한 안내입니다. 동래구 온천동 일대는 온천장·사직·안락 등 전통 주거·상권이 이어져 상속등기, 공동주택 이전, 가족 간 권리 정리 상담이 많은 지역입니다. 부산 온천동에서 법무사 업무 사례와 상담 절차를 찾으시는 분을 위한 안내입니다. 동래구 온천동 일대는 온천장·사직·안락 등 전통 주거·상권이 이어져 상속등기, 공동주택 이전, 가족 간 권리 정리 상담이 많은 지역입니다. 부산 온천동 일대에서는 상가 임대차와 맞물린 소유권 확인 , 전통시장 인근 주택 상속·매매등기 문의가 이어집니다. 다옴법무사사무소 안윤정 법무사는 부산 해운대·센텀에서 부산 온천동 의뢰인의 상속등기·부동산등기·법인등기·개인회생 상담을 ",424,284ddb8e581dcf4b
/업무사례/부산온천장법무사,"부산 온천장에서 법무사 업무 사례와 상담 절차를 찾으시는 분을 위한 안내입니다. 온천장 전통 생활권의 상가·주택 권리 정리 문의가 있습니다. 부산 온천장에서 법무사 업무 사례와 상담 절차를 찾으시는 분을 위한 안내입니다. 온천장 전통 생활권의 상가·주택 권리 정리 문의가 있습니다. 부산 온천장에서 법무사 업무 사례와 상담 절차를 찾으시는 분을 위한 안내입니다. 온천장 전통 생활권의 상가·주택 권리 정리 문의가 있습니다. 부산 온천장 일대에서는 근저당 설정·말소와 잔금일 일정 조율 , 원도심 단독·다가구 상속등기 문의가 이어집니다. 다옴법무사사무소 안윤정 법무사는 부산 해운대·센텀에서 부산 온천장 의뢰인의 상속등기·부동산등기·법인등기·개인회생 상담을 진행합니다. 확인되지 않은 실적이나 무조건적인 처리를 약속하지 않으며, 서류와 일정을 확인한 뒤 가능 범위를 안내합니다. 부산 온천장에서 자주 문의되는 업무 부산 온천장 생활권 특성을 반영한 상담 유형입니다. 실제 가능 여부는 서류와 관할",425,a8f150e365f7c3e0
/업무사례/부산온천장역법무사,"부산 온천장역에서 법무사 업무 사례와 상담 절차를 찾으시는 분을 위한 안내입니다. 온천장 역세권 등기 상담 구간입니다. 부산 온천장역에서 법무사 업무 사례와 상담 절차를 찾으시는 분을 위한 안내입니다. 온천장 역세권 등기 상담 구간입니다. 부산 온천장역에서 법무사 업무 사례와 상담 절차를 찾으시는 분을 위한 안내입니다. 온천장 역세권 등기 상담 구간입니다. 부산 온천장역 일대에서는 역 인근 상가 매매등기 , 교통 거점 생활권의 상속등기 문의가 이어집니다. 다옴법무사사무소 안윤정 법무사는 부산 해운대·센텀에서 부산 온천장역 의뢰인의 상속등기·부동산등기·법인등기·개인회생 상담을 진행합니다. 확인되지 않은 실적이나 무조건적인 처리를 약속하지 않으며, 서류와 일정을 확인한 뒤 가능 범위를 안내합니다. 부산 온천장역에서 자주 문의되는 업무 부산 온천장역 생활권 특성을 반영한 상담 유형입니다. 실제 가능 여부는 서류와 관할을 확인한 뒤 안내합니다. 역 인근 상가 매매등기 교통 거점 생활권의 상",412,a90f9319975e815f
/업무사례/부산용당동법무사,"부산 용당동에서 법무사 업무 사례와 상담 절차를 찾으시는 분을 위한 안내입니다. 남구 용당동 일대는 문현금융단지·대학가·용호 주거지가 함께 있어 법인등기, 오피스·주택 매매등기, 상속 관련 문의가 고루 들어오는 편입니다. 부산 용당동에서 법무사 업무 사례와 상담 절차를 찾으시는 분을 위한 안내입니다. 남구 용당동 일대는 문현금융단지·대학가·용호 주거지가 함께 있어 법인등기, 오피스·주택 매매등기, 상속 관련 문의가 고루 들어오는 편입니다. 부산 용당동에서 법무사 업무 사례와 상담 절차를 찾으시는 분을 위한 안내입니다. 남구 용당동 일대는 문현금융단지·대학가·용호 주거지가 함께 있어 법인등기, 오피스·주택 매매등기, 상속 관련 문의가 고루 들어오는 편입니다. 부산 용당동 일대에서는 금융 일정과 맞춘 근저당 설정·말소 , 대학가 원룸·다가구 매매·상속등기 문의가 이어집니다. 다옴법무사사무소 안윤정 법무사는 부산 해운대·센텀에서 부산 용당동 의뢰인의 상속등기·부동산등기·법인등기·개인회생 ",438,4dd8db8e2bee6e4e
/업무사례/부산용호동법무사,"부산 용호동에서 법무사 업무 사례와 상담 절차를 찾으시는 분을 위한 안내입니다. 남구 용호동 일대는 문현금융단지·대학가·용호 주거지가 함께 있어 법인등기, 오피스·주택 매매등기, 상속 관련 문의가 고루 들어오는 편입니다. 부산 용호동에서 법무사 업무 사례와 상담 절차를 찾으시는 분을 위한 안내입니다. 남구 용호동 일대는 문현금융단지·대학가·용호 주거지가 함께 있어 법인등기, 오피스·주택 매매등기, 상속 관련 문의가 고루 들어오는 편입니다. 부산 용호동에서 법무사 업무 사례와 상담 절차를 찾으시는 분을 위한 안내입니다. 남구 용호동 일대는 문현금융단지·대학가·용호 주거지가 함께 있어 법인등기, 오피스·주택 매매등기, 상속 관련 문의가 고루 들어오는 편입니다. 부산 용호동 일대에서는 교직원·학생 가족의 상속·이전 상담 , 아파트·다세대 소유권이전등기 문의가 이어집니다. 다옴법무사사무소 안윤정 법무사는 부산 해운대·센텀에서 부산 용호동 의뢰인의 상속등기·부동산등기·법인등기·개인회생 상담을",440,3384eff04e502db5
/업무사례/부산용호만법무사,"부산 용호만에서 법무사 업무 사례와 상담 절차를 찾으시는 분을 위한 안내입니다. 용호 해안 주거지의 아파트·상가 이전등기 상담이 있습니다. 부산 용호만에서 법무사 업무 사례와 상담 절차를 찾으시는 분을 위한 안내입니다. 용호 해안 주거지의 아파트·상가 이전등기 상담이 있습니다. 부산 용호만에서 법무사 업무 사례와 상담 절차를 찾으시는 분을 위한 안내입니다. 용호 해안 주거지의 아파트·상가 이전등기 상담이 있습니다. 부산 용호만 일대에서는 공동상속인 협의 후 상속등기 , 근저당 설정·말소와 잔금일 일정 조율 문의가 이어집니다. 다옴법무사사무소 안윤정 법무사는 부산 해운대·센텀에서 부산 용호만 의뢰인의 상속등기·부동산등기·법인등기·개인회생 상담을 진행합니다. 확인되지 않은 실적이나 무조건적인 처리를 약속하지 않으며, 서류와 일정을 확인한 뒤 가능 범위를 안내합니다. 부산 용호만에서 자주 문의되는 업무 부산 용호만 생활권 특성을 반영한 상담 유형입니다. 실제 가능 여부는 서류와 관할을 확",403,fc166aab0fe08729
/업무사례/부산우1동법무사,"부산 우1동에서 법무사 업무 사례와 상담 절차를 찾으시는 분을 위한 안내입니다. 해운대구 우1동은(는) 우동 생활권의 행정동으로, 주거 밀집지의 이전·상속등기 상담이 이어집니다. 부산 우1동에서 법무사 업무 사례와 상담 절차를 찾으시는 분을 위한 안내입니다. 해운대구 우1동은(는) 우동 생활권의 행정동으로, 주거 밀집지의 이전·상속등기 상담이 이어집니다. 부산 우1동에서 법무사 업무 사례와 상담 절차를 찾으시는 분을 위한 안내입니다. 해운대구 우1동은(는) 우동 생활권의 행정동으로, 주거 밀집지의 이전·상속등기 상담이 이어집니다. 부산 우1동 일대에서는 계절 상권 점포의 권리관계 확인 후 등기 , 해안 주거 단지의 상속·공동명의 정리 문의가 이어집니다. 다옴법무사사무소 안윤정 법무사는 부산 해운대·센텀에서 부산 우1동 의뢰인의 상속등기·부동산등기·법인등기·개인회생 상담을 진행합니다. 확인되지 않은 실적이나 무조건적인 처리를 약속하지 않으며, 서류와 일정을 확인한 뒤 가능 범위를 안내",444,5c4a4e497244cf74
/업무사례/부산우2동법무사,"부산 우2동에서 법무사 업무 사례와 상담 절차를 찾으시는 분을 위한 안내입니다. 해운대구 우2동은(는) 우동 생활권의 행정동으로, 주거 밀집지의 이전·상속등기 상담이 이어집니다. 부산 우2동에서 법무사 업무 사례와 상담 절차를 찾으시는 분을 위한 안내입니다. 해운대구 우2동은(는) 우동 생활권의 행정동으로, 주거 밀집지의 이전·상속등기 상담이 이어집니다. 부산 우2동에서 법무사 업무 사례와 상담 절차를 찾으시는 분을 위한 안내입니다. 해운대구 우2동은(는) 우동 생활권의 행정동으로, 주거 밀집지의 이전·상속등기 상담이 이어집니다. 부산 우2동 일대에서는 해안 주거 단지의 상속·공동명의 정리 , 상가·점포 매매에 따른 이전등기 문의가 이어집니다. 다옴법무사사무소 안윤정 법무사는 부산 해운대·센텀에서 부산 우2동 의뢰인의 상속등기·부동산등기·법인등기·개인회생 상담을 진행합니다. 확인되지 않은 실적이나 무조건적인 처리를 약속하지 않으며, 서류와 일정을 확인한 뒤 가능 범위를 안내합니다. ",437,761ebfd0a189e9ac
/업무사례/부산우3동법무사,"부산 우3동에서 법무사 업무 사례와 상담 절차를 찾으시는 분을 위한 안내입니다. 해운대구 우3동은(는) 우동 생활권의 행정동으로, 주거 밀집지의 이전·상속등기 상담이 이어집니다. 부산 우3동에서 법무사 업무 사례와 상담 절차를 찾으시는 분을 위한 안내입니다. 해운대구 우3동은(는) 우동 생활권의 행정동으로, 주거 밀집지의 이전·상속등기 상담이 이어집니다. 부산 우3동에서 법무사 업무 사례와 상담 절차를 찾으시는 분을 위한 안내입니다. 해운대구 우3동은(는) 우동 생활권의 행정동으로, 주거 밀집지의 이전·상속등기 상담이 이어집니다. 부산 우3동 일대에서는 상가·점포 매매에 따른 이전등기 , 상가건물 구분소유권 관련 등기 문의가 이어집니다. 다옴법무사사무소 안윤정 법무사는 부산 해운대·센텀에서 부산 우3동 의뢰인의 상속등기·부동산등기·법인등기·개인회생 상담을 진행합니다. 확인되지 않은 실적이나 무조건적인 처리를 약속하지 않으며, 서류와 일정을 확인한 뒤 가능 범위를 안내합니다. 부산 우",439,17626709832894ce
/업무사례/부산우동법무사,"부산 우동에서 법무사 업무 사례와 상담 절차를 찾으시는 분을 위한 안내입니다. 해운대구 우동 일대는 해운대·센텀·재송·반여 일대는 주거·업무·관광이 겹쳐 부동산등기, 법인등기, 상속·잔금일 협업 문의가 많은 대표 생활권입니다. 부산 우동에서 법무사 업무 사례와 상담 절차를 찾으시는 분을 위한 안내입니다. 해운대구 우동 일대는 해운대·센텀·재송·반여 일대는 주거·업무·관광이 겹쳐 부동산등기, 법인등기, 상속·잔금일 협업 문의가 많은 대표 생활권입니다. 부산 우동에서 법무사 업무 사례와 상담 절차를 찾으시는 분을 위한 안내입니다. 해운대구 우동 일대는 해운대·센텀·재송·반여 일대는 주거·업무·관광이 겹쳐 부동산등기, 법인등기, 상속·잔금일 협업 문의가 많은 대표 생활권입니다. 부산 우동 일대에서는 금융 일정과 맞춘 근저당 설정·말소 , 해안·관광 상권과 맞닿은 상가·주택 소유권이전 문의가 이어집니다. 다옴법무사사무소 안윤정 법무사는 부산 해운대·센텀에서 부산 우동 의뢰인의 상속등기·부동",458,7c1218bdb8904fc0
/업무사례/부산우암동법무사,"부산 우암동에서 법무사 업무 사례와 상담 절차를 찾으시는 분을 위한 안내입니다. 남구 우암동 일대는 문현금융단지·대학가·용호 주거지가 함께 있어 법인등기, 오피스·주택 매매등기, 상속 관련 문의가 고루 들어오는 편입니다. 부산 우암동에서 법무사 업무 사례와 상담 절차를 찾으시는 분을 위한 안내입니다. 남구 우암동 일대는 문현금융단지·대학가·용호 주거지가 함께 있어 법인등기, 오피스·주택 매매등기, 상속 관련 문의가 고루 들어오는 편입니다. 부산 우암동에서 법무사 업무 사례와 상담 절차를 찾으시는 분을 위한 안내입니다. 남구 우암동 일대는 문현금융단지·대학가·용호 주거지가 함께 있어 법인등기, 오피스·주택 매매등기, 상속 관련 문의가 고루 들어오는 편입니다. 부산 우암동 일대에서는 아파트·다세대 소유권이전등기 , 공동상속인 협의 후 상속등기 문의가 이어집니다. 다옴법무사사무소 안윤정 법무사는 부산 해운대·센텀에서 부산 우암동 의뢰인의 상속등기·부동산등기·법인등기·개인회생 상담을 진행합",430,273b92439233245f
/업무사례/부산울산공동근저당권,"부산·울산 등 인접 지역에 흩어진 아파트·공장·토지를 하나의 공동근저당권으로 묶어 금융 담보를 설정하는 경우, 부동산별 등기부·순위·관할을 먼저 정리해야 합니다. 다옴법무사사무소는 부산 해운대구에 있으며 울산 지점은 없습니다. 상속·유증의 관할 특례와 달리 근저당·공동담보는 등기소 법정관할과 금융 약정을 따르며, 일반적인 상담 유형 기준으로 설정·추가·일부해지 절차를 안내합니다. 비대면 등기부 검토 후 방문·제출 단계를 구분합니다. 부산·울산 등 인접 지역에 흩어진 아파트·공장·토지를 하나의 공동근저당권으로 묶어 금융 담보를 설정하는 경우, 부동산별 등기부·순위·관할을 먼저 정리해야 합니다. 다옴법무사사무소는 부산 해운대구에 있으며 울산 지점은 없습니다. 상속·유증의 관할 특례와 달리 근저당·공동담보는 등기소 법정관할과 금융 약정을 따르며, 일반적인 상담 유형 기준으로 설정·추가·일부해지 절차를 안내합니다. 비대면 등기부 검토 후 방문·제출 단계를 구분합니다. 부산·울산 등 인접 지",414,56ec6663576da046
/업무사례/부산율리역법무사,"부산 율리역에서 법무사 업무 사례와 상담 절차를 찾으시는 분을 위한 안내입니다. 금곡·율리 생활권 주거 등기 문의가 있는 구간입니다. 부산 율리역에서 법무사 업무 사례와 상담 절차를 찾으시는 분을 위한 안내입니다. 금곡·율리 생활권 주거 등기 문의가 있는 구간입니다. 부산 율리역에서 법무사 업무 사례와 상담 절차를 찾으시는 분을 위한 안내입니다. 금곡·율리 생활권 주거 등기 문의가 있는 구간입니다. 부산 율리역 일대에서는 역세권 아파트·오피스텔 이전등기 , 역 인근 상가 매매등기 문의가 이어집니다. 다옴법무사사무소 안윤정 법무사는 부산 해운대·센텀에서 부산 율리역 의뢰인의 상속등기·부동산등기·법인등기·개인회생 상담을 진행합니다. 확인되지 않은 실적이나 무조건적인 처리를 약속하지 않으며, 서류와 일정을 확인한 뒤 가능 범위를 안내합니다. 부산 율리역에서 자주 문의되는 업무 부산 율리역 생활권 특성을 반영한 상담 유형입니다. 실제 가능 여부는 서류와 관할을 확인한 뒤 안내합니다. 역세권",408,fd0c10c7425d7288
/업무사례/부산이기대법무사,"부산 이기대에서 법무사 업무 사례와 상담 절차를 찾으시는 분을 위한 안내입니다. 이기대 공원 인근 주거 생활권의 부동산 상담 구간입니다. 부산 이기대에서 법무사 업무 사례와 상담 절차를 찾으시는 분을 위한 안내입니다. 이기대 공원 인근 주거 생활권의 부동산 상담 구간입니다. 부산 이기대에서 법무사 업무 사례와 상담 절차를 찾으시는 분을 위한 안내입니다. 이기대 공원 인근 주거 생활권의 부동산 상담 구간입니다. 부산 이기대 일대에서는 계절 상권 점포의 권리관계 확인 후 등기 , 해안 주거 단지의 상속·공동명의 정리 문의가 이어집니다. 다옴법무사사무소 안윤정 법무사는 부산 해운대·센텀에서 부산 이기대 의뢰인의 상속등기·부동산등기·법인등기·개인회생 상담을 진행합니다. 확인되지 않은 실적이나 무조건적인 처리를 약속하지 않으며, 서류와 일정을 확인한 뒤 가능 범위를 안내합니다. 부산 이기대에서 자주 문의되는 업무 부산 이기대 생활권 특성을 반영한 상담 유형입니다. 실제 가능 여부는 서류와 관",436,969e40372101a16a
/업무사례/부산일광신도시법무사,"부산 일광신도시에서 법무사 업무 사례와 상담 절차를 찾으시는 분을 위한 안내입니다. 일광 신도시·해안 주거의 신축·분양·이전등기 상담이 이어집니다. 부산 일광신도시에서 법무사 업무 사례와 상담 절차를 찾으시는 분을 위한 안내입니다. 일광 신도시·해안 주거의 신축·분양·이전등기 상담이 이어집니다. 부산 일광신도시에서 법무사 업무 사례와 상담 절차를 찾으시는 분을 위한 안내입니다. 일광 신도시·해안 주거의 신축·분양·이전등기 상담이 이어집니다. 부산 일광신도시 일대에서는 해안 주거 단지의 상속·공동명의 정리 , 아파트·다세대 소유권이전등기 문의가 이어집니다. 다옴법무사사무소 안윤정 법무사는 부산 해운대·센텀에서 부산 일광신도시 의뢰인의 상속등기·부동산등기·법인등기·개인회생 상담을 진행합니다. 확인되지 않은 실적이나 무조건적인 처리를 약속하지 않으며, 서류와 일정을 확인한 뒤 가능 범위를 안내합니다. 부산 일광신도시에서 자주 문의되는 업무 부산 일광신도시 생활권 특성을 반영한 상담 유형입",416,043e01ba9a951ea0
/업무사례/부산일광역법무사,"부산 일광역에서 법무사 업무 사례와 상담 절차를 찾으시는 분을 위한 안내입니다. 일광 역세권·신도시 등기 문의가 이어집니다. 부산 일광역에서 법무사 업무 사례와 상담 절차를 찾으시는 분을 위한 안내입니다. 일광 역세권·신도시 등기 문의가 이어집니다. 부산 일광역에서 법무사 업무 사례와 상담 절차를 찾으시는 분을 위한 안내입니다. 일광 역세권·신도시 등기 문의가 이어집니다. 부산 일광역 일대에서는 역 인근 상가 매매등기 , 교통 거점 생활권의 상속등기 문의가 이어집니다. 다옴법무사사무소 안윤정 법무사는 부산 해운대·센텀에서 부산 일광역 의뢰인의 상속등기·부동산등기·법인등기·개인회생 상담을 진행합니다. 확인되지 않은 실적이나 무조건적인 처리를 약속하지 않으며, 서류와 일정을 확인한 뒤 가능 범위를 안내합니다. 부산 일광역에서 자주 문의되는 업무 부산 일광역 생활권 특성을 반영한 상담 유형입니다. 실제 가능 여부는 서류와 관할을 확인한 뒤 안내합니다. 역 인근 상가 매매등기 교통 거점 생",410,dc9dd786b053f1ae
/업무사례/부산일광읍법무사,"부산 일광읍에서 법무사 업무 사례와 상담 절차를 찾으시는 분을 위한 안내입니다. 기장군 일광읍 일대는 정관·일광·오시리아 등 신도시·관광·산업단지가 있어 신축·분양 관련 등기, 상속, 입주 기업 법인등기 상담이 이뤄집니다. 부산 일광읍에서 법무사 업무 사례와 상담 절차를 찾으시는 분을 위한 안내입니다. 기장군 일광읍 일대는 정관·일광·오시리아 등 신도시·관광·산업단지가 있어 신축·분양 관련 등기, 상속, 입주 기업 법인등기 상담이 이뤄집니다. 부산 일광읍에서 법무사 업무 사례와 상담 절차를 찾으시는 분을 위한 안내입니다. 기장군 일광읍 일대는 정관·일광·오시리아 등 신도시·관광·산업단지가 있어 신축·분양 관련 등기, 상속, 입주 기업 법인등기 상담이 이뤄집니다. 부산 일광읍 일대에서는 단지 내 상가·근린생활시설 등기 , 숙박·상가 등 관광 상권 부동산등기 문의가 이어집니다. 다옴법무사사무소 안윤정 법무사는 부산 해운대·센텀에서 부산 일광읍 의뢰인의 상속등기·부동산등기·법인등기·개인회",448,0cb83821358f011d
/업무사례/부산일광해수욕장법무사,"부산 일광해수욕장에서 법무사 업무 사례와 상담 절차를 찾으시는 분을 위한 안내입니다. 일광 해변 생활권의 부동산등기 상담이 있습니다. 부산 일광해수욕장에서 법무사 업무 사례와 상담 절차를 찾으시는 분을 위한 안내입니다. 일광 해변 생활권의 부동산등기 상담이 있습니다. 부산 일광해수욕장에서 법무사 업무 사례와 상담 절차를 찾으시는 분을 위한 안내입니다. 일광 해변 생활권의 부동산등기 상담이 있습니다. 부산 일광해수욕장 일대에서는 해안·관광 상권과 맞닿은 상가·주택 소유권이전 , 계절 상권 점포의 권리관계 확인 후 등기 문의가 이어집니다. 다옴법무사사무소 안윤정 법무사는 부산 해운대·센텀에서 부산 일광해수욕장 의뢰인의 상속등기·부동산등기·법인등기·개인회생 상담을 진행합니다. 확인되지 않은 실적이나 무조건적인 처리를 약속하지 않으며, 서류와 일정을 확인한 뒤 가능 범위를 안내합니다. 부산 일광해수욕장에서 자주 문의되는 업무 부산 일광해수욕장 생활권 특성을 반영한 상담 유형입니다. 실제 가",426,a3d2f0c6267e2064
/업무사례/부산자갈치시장법무사,"부산 자갈치시장에서 법무사 업무 사례와 상담 절차를 찾으시는 분을 위한 안내입니다. 전통시장 인근 상가·주택의 소유권·임대차 관련 등기 문의가 있는 생활권입니다. 부산 자갈치시장에서 법무사 업무 사례와 상담 절차를 찾으시는 분을 위한 안내입니다. 전통시장 인근 상가·주택의 소유권·임대차 관련 등기 문의가 있는 생활권입니다. 부산 자갈치시장에서 법무사 업무 사례와 상담 절차를 찾으시는 분을 위한 안내입니다. 전통시장 인근 상가·주택의 소유권·임대차 관련 등기 문의가 있는 생활권입니다. 부산 자갈치시장 일대에서는 전통시장 인근 주택 상속·매매등기 , 상가·점포 매매에 따른 이전등기 문의가 이어집니다. 다옴법무사사무소 안윤정 법무사는 부산 해운대·센텀에서 부산 자갈치시장 의뢰인의 상속등기·부동산등기·법인등기·개인회생 상담을 진행합니다. 확인되지 않은 실적이나 무조건적인 처리를 약속하지 않으며, 서류와 일정을 확인한 뒤 가능 범위를 안내합니다. 부산 자갈치시장에서 자주 문의되는 업무 부산 ",424,f82e4e2d0c9bbf6a
/업무사례/부산장림동법무사,"부산 장림동에서 법무사 업무 사례와 상담 절차를 찾으시는 분을 위한 안내입니다. 사하구 장림동 일대는 하단·다대·장림·감천 일대는 주거와 산업·관광지가 인접해 주택 이전, 공장·상가 등기, 상속 상담이 함께 이뤄집니다. 부산 장림동에서 법무사 업무 사례와 상담 절차를 찾으시는 분을 위한 안내입니다. 사하구 장림동 일대는 하단·다대·장림·감천 일대는 주거와 산업·관광지가 인접해 주택 이전, 공장·상가 등기, 상속 상담이 함께 이뤄집니다. 부산 장림동에서 법무사 업무 사례와 상담 절차를 찾으시는 분을 위한 안내입니다. 사하구 장림동 일대는 하단·다대·장림·감천 일대는 주거와 산업·관광지가 인접해 주택 이전, 공장·상가 등기, 상속 상담이 함께 이뤄집니다. 부산 장림동 일대에서는 공장·창고 부동산 취득·이전등기 , 산업단지 입주 기업 법인설립·변경등기 문의가 이어집니다. 다옴법무사사무소 안윤정 법무사는 부산 해운대·센텀에서 부산 장림동 의뢰인의 상속등기·부동산등기·법인등기·개인회생 상담을",460,f82c1ae8430a451b
/업무사례/부산장림역법무사,"부산 장림역에서 법무사 업무 사례와 상담 절차를 찾으시는 분을 위한 안내입니다. 장림 산업·주거 생활권의 등기 문의가 이어집니다. 부산 장림역에서 법무사 업무 사례와 상담 절차를 찾으시는 분을 위한 안내입니다. 장림 산업·주거 생활권의 등기 문의가 이어집니다. 부산 장림역에서 법무사 업무 사례와 상담 절차를 찾으시는 분을 위한 안내입니다. 장림 산업·주거 생활권의 등기 문의가 이어집니다. 부산 장림역 일대에서는 담보 설정과 맞물린 사업장 등기 일정 , 역세권 아파트·오피스텔 이전등기 문의가 이어집니다. 다옴법무사사무소 안윤정 법무사는 부산 해운대·센텀에서 부산 장림역 의뢰인의 상속등기·부동산등기·법인등기·개인회생 상담을 진행합니다. 확인되지 않은 실적이나 무조건적인 처리를 약속하지 않으며, 서류와 일정을 확인한 뒤 가능 범위를 안내합니다. 부산 장림역에서 자주 문의되는 업무 부산 장림역 생활권 특성을 반영한 상담 유형입니다. 실제 가능 여부는 서류와 관할을 확인한 뒤 안내합니다. 담",426,346706414e4e8d74
/업무사례/부산장산역법무사,"부산 장산역에서 법무사 업무 사례와 상담 절차를 찾으시는 분을 위한 안내입니다. 좌동·장산 생활권 아파트 등기 문의가 많은 구간입니다. 부산 장산역에서 법무사 업무 사례와 상담 절차를 찾으시는 분을 위한 안내입니다. 좌동·장산 생활권 아파트 등기 문의가 많은 구간입니다. 부산 장산역에서 법무사 업무 사례와 상담 절차를 찾으시는 분을 위한 안내입니다. 좌동·장산 생활권 아파트 등기 문의가 많은 구간입니다. 부산 장산역 일대에서는 아파트·다세대 소유권이전등기 , 공동상속인 협의 후 상속등기 문의가 이어집니다. 다옴법무사사무소 안윤정 법무사는 부산 해운대·센텀에서 부산 장산역 의뢰인의 상속등기·부동산등기·법인등기·개인회생 상담을 진행합니다. 확인되지 않은 실적이나 무조건적인 처리를 약속하지 않으며, 서류와 일정을 확인한 뒤 가능 범위를 안내합니다. 부산 장산역에서 자주 문의되는 업무 부산 장산역 생활권 특성을 반영한 상담 유형입니다. 실제 가능 여부는 서류와 관할을 확인한 뒤 안내합니다.",418,4e1c92bae2509175
/업무사례/부산장안산업단지법무사,"부산 장안산업단지에서 법무사 업무 사례와 상담 절차를 찾으시는 분을 위한 안내입니다. 장안산단 사업장·공장 등기 상담이 이어집니다. 부산 장안산업단지에서 법무사 업무 사례와 상담 절차를 찾으시는 분을 위한 안내입니다. 장안산단 사업장·공장 등기 상담이 이어집니다. 부산 장안산업단지에서 법무사 업무 사례와 상담 절차를 찾으시는 분을 위한 안내입니다. 장안산단 사업장·공장 등기 상담이 이어집니다. 부산 장안산업단지 일대에서는 법인설립·임원변경등기 , 개인회생·파산 관련 상담 문의가 이어집니다. 다옴법무사사무소 안윤정 법무사는 부산 해운대·센텀에서 부산 장안산업단지 의뢰인의 상속등기·부동산등기·법인등기·개인회생 상담을 진행합니다. 확인되지 않은 실적이나 무조건적인 처리를 약속하지 않으며, 서류와 일정을 확인한 뒤 가능 범위를 안내합니다. 부산 장안산업단지에서 자주 문의되는 업무 부산 장안산업단지 생활권 특성을 반영한 상담 유형입니다. 실제 가능 여부는 서류와 관할을 확인한 뒤 안내합니다.",405,eefc0f8d832bec26
/업무사례/부산장안읍법무사,"부산 장안읍에서 법무사 업무 사례와 상담 절차를 찾으시는 분을 위한 안내입니다. 기장군 장안읍 일대는 정관·일광·오시리아 등 신도시·관광·산업단지가 있어 신축·분양 관련 등기, 상속, 입주 기업 법인등기 상담이 이뤄집니다. 부산 장안읍에서 법무사 업무 사례와 상담 절차를 찾으시는 분을 위한 안내입니다. 기장군 장안읍 일대는 정관·일광·오시리아 등 신도시·관광·산업단지가 있어 신축·분양 관련 등기, 상속, 입주 기업 법인등기 상담이 이뤄집니다. 부산 장안읍에서 법무사 업무 사례와 상담 절차를 찾으시는 분을 위한 안내입니다. 기장군 장안읍 일대는 정관·일광·오시리아 등 신도시·관광·산업단지가 있어 신축·분양 관련 등기, 상속, 입주 기업 법인등기 상담이 이뤄집니다. 부산 장안읍 일대에서는 숙박·상가 등 관광 상권 부동산등기 , 소규모 점포 권리와 소유권 정리 문의가 이어집니다. 다옴법무사사무소 안윤정 법무사는 부산 해운대·센텀에서 부산 장안읍 의뢰인의 상속등기·부동산등기·법인등기·개인회",447,7f9251f506190c60
/업무사례/부산장전동법무사,"부산 장전동에서 법무사 업무 사례와 상담 절차를 찾으시는 분을 위한 안내입니다. 금정구 장전동 일대는 부산대·장전·구서·노포 생활권으로 대학가 임대·주거 매매, 상속등기, 인근 공업지역 관련 법인·부동산 문의가 있습니다. 부산 장전동에서 법무사 업무 사례와 상담 절차를 찾으시는 분을 위한 안내입니다. 금정구 장전동 일대는 부산대·장전·구서·노포 생활권으로 대학가 임대·주거 매매, 상속등기, 인근 공업지역 관련 법인·부동산 문의가 있습니다. 부산 장전동에서 법무사 업무 사례와 상담 절차를 찾으시는 분을 위한 안내입니다. 금정구 장전동 일대는 부산대·장전·구서·노포 생활권으로 대학가 임대·주거 매매, 상속등기, 인근 공업지역 관련 법인·부동산 문의가 있습니다. 부산 장전동 일대에서는 임대사업 관련 소유권·담보등기 , 교직원·학생 가족의 상속·이전 상담 문의가 이어집니다. 다옴법무사사무소 안윤정 법무사는 부산 해운대·센텀에서 부산 장전동 의뢰인의 상속등기·부동산등기·법인등기·개인회생 상담",439,aeecad904c0d8e78
/업무사례/부산장전역법무사,"부산 장전역에서 법무사 업무 사례와 상담 절차를 찾으시는 분을 위한 안내입니다. 장전 대학·주거 생활권의 부동산등기 상담이 있습니다. 부산 장전역에서 법무사 업무 사례와 상담 절차를 찾으시는 분을 위한 안내입니다. 장전 대학·주거 생활권의 부동산등기 상담이 있습니다. 부산 장전역에서 법무사 업무 사례와 상담 절차를 찾으시는 분을 위한 안내입니다. 장전 대학·주거 생활권의 부동산등기 상담이 있습니다. 부산 장전역 일대에서는 대학가 원룸·다가구 매매·상속등기 , 임대사업 관련 소유권·담보등기 문의가 이어집니다. 다옴법무사사무소 안윤정 법무사는 부산 해운대·센텀에서 부산 장전역 의뢰인의 상속등기·부동산등기·법인등기·개인회생 상담을 진행합니다. 확인되지 않은 실적이나 무조건적인 처리를 약속하지 않으며, 서류와 일정을 확인한 뒤 가능 범위를 안내합니다. 부산 장전역에서 자주 문의되는 업무 부산 장전역 생활권 특성을 반영한 상담 유형입니다. 실제 가능 여부는 서류와 관할을 확인한 뒤 안내합니다",412,5da45b65bfaf4ff1
/업무사례/부산재송1동법무사,"부산 재송1동에서 법무사 업무 사례와 상담 절차를 찾으시는 분을 위한 안내입니다. 해운대구 재송1동은(는) 재송동 생활권의 행정동으로, 주거 밀집지의 이전·상속등기 상담이 이어집니다. 부산 재송1동에서 법무사 업무 사례와 상담 절차를 찾으시는 분을 위한 안내입니다. 해운대구 재송1동은(는) 재송동 생활권의 행정동으로, 주거 밀집지의 이전·상속등기 상담이 이어집니다. 부산 재송1동에서 법무사 업무 사례와 상담 절차를 찾으시는 분을 위한 안내입니다. 해운대구 재송1동은(는) 재송동 생활권의 행정동으로, 주거 밀집지의 이전·상속등기 상담이 이어집니다. 부산 재송1동 일대에서는 해안·관광 상권과 맞닿은 상가·주택 소유권이전 , 계절 상권 점포의 권리관계 확인 후 등기 문의가 이어집니다. 다옴법무사사무소 안윤정 법무사는 부산 해운대·센텀에서 부산 재송1동 의뢰인의 상속등기·부동산등기·법인등기·개인회생 상담을 진행합니다. 확인되지 않은 실적이나 무조건적인 처리를 약속하지 않으며, 서류와 일정을",439,f2b02dbbea1123f0
/업무사례/부산재송2동법무사,"부산 재송2동에서 법무사 업무 사례와 상담 절차를 찾으시는 분을 위한 안내입니다. 해운대구 재송2동은(는) 재송동 생활권의 행정동으로, 주거 밀집지의 이전·상속등기 상담이 이어집니다. 부산 재송2동에서 법무사 업무 사례와 상담 절차를 찾으시는 분을 위한 안내입니다. 해운대구 재송2동은(는) 재송동 생활권의 행정동으로, 주거 밀집지의 이전·상속등기 상담이 이어집니다. 부산 재송2동에서 법무사 업무 사례와 상담 절차를 찾으시는 분을 위한 안내입니다. 해운대구 재송2동은(는) 재송동 생활권의 행정동으로, 주거 밀집지의 이전·상속등기 상담이 이어집니다. 부산 재송2동 일대에서는 계절 상권 점포의 권리관계 확인 후 등기 , 해안 주거 단지의 상속·공동명의 정리 문의가 이어집니다. 다옴법무사사무소 안윤정 법무사는 부산 해운대·센텀에서 부산 재송2동 의뢰인의 상속등기·부동산등기·법인등기·개인회생 상담을 진행합니다. 확인되지 않은 실적이나 무조건적인 처리를 약속하지 않으며, 서류와 일정을 확인한 ",444,879f8f8f3106bd13
/업무사례/부산재송동법무사,"부산 재송동에서 법무사 업무 사례와 상담 절차를 찾으시는 분을 위한 안내입니다. 해운대구 재송동 일대는 해운대·센텀·재송·반여 일대는 주거·업무·관광이 겹쳐 부동산등기, 법인등기, 상속·잔금일 협업 문의가 많은 대표 생활권입니다. 부산 재송동에서 법무사 업무 사례와 상담 절차를 찾으시는 분을 위한 안내입니다. 해운대구 재송동 일대는 해운대·센텀·재송·반여 일대는 주거·업무·관광이 겹쳐 부동산등기, 법인등기, 상속·잔금일 협업 문의가 많은 대표 생활권입니다. 부산 재송동에서 법무사 업무 사례와 상담 절차를 찾으시는 분을 위한 안내입니다. 해운대구 재송동 일대는 해운대·센텀·재송·반여 일대는 주거·업무·관광이 겹쳐 부동산등기, 법인등기, 상속·잔금일 협업 문의가 많은 대표 생활권입니다. 부산 재송동 일대에서는 상가·점포 매매에 따른 이전등기 , 상가건물 구분소유권 관련 등기 문의가 이어집니다. 다옴법무사사무소 안윤정 법무사는 부산 해운대·센텀에서 부산 재송동 의뢰인의 상속등기·부동산등기",452,12a572090b6ccaf8
/업무사례/부산재송역법무사,"부산 재송역에서 법무사 업무 사례와 상담 절차를 찾으시는 분을 위한 안내입니다. 재송 주거 밀집지의 이전·상속등기 상담이 있습니다. 부산 재송역에서 법무사 업무 사례와 상담 절차를 찾으시는 분을 위한 안내입니다. 재송 주거 밀집지의 이전·상속등기 상담이 있습니다. 부산 재송역에서 법무사 업무 사례와 상담 절차를 찾으시는 분을 위한 안내입니다. 재송 주거 밀집지의 이전·상속등기 상담이 있습니다. 부산 재송역 일대에서는 근저당 설정·말소와 잔금일 일정 조율 , 역세권 아파트·오피스텔 이전등기 문의가 이어집니다. 다옴법무사사무소 안윤정 법무사는 부산 해운대·센텀에서 부산 재송역 의뢰인의 상속등기·부동산등기·법인등기·개인회생 상담을 진행합니다. 확인되지 않은 실적이나 무조건적인 처리를 약속하지 않으며, 서류와 일정을 확인한 뒤 가능 범위를 안내합니다. 부산 재송역에서 자주 문의되는 업무 부산 재송역 생활권 특성을 반영한 상담 유형입니다. 실제 가능 여부는 서류와 관할을 확인한 뒤 안내합니다",420,c69ef6b7baab0331
/업무사례/부산전포동법무사,"부산 전포동에서 법무사 업무 사례와 상담 절차를 찾으시는 분을 위한 안내입니다. 부산진구 전포동 일대는 서면·전포·부전 상권과 주거 단지가 맞닿아 잔금일 등기, 상가 이전, 법인 임원변경 문의가 꾸준한 생활권입니다. 부산 전포동에서 법무사 업무 사례와 상담 절차를 찾으시는 분을 위한 안내입니다. 부산진구 전포동 일대는 서면·전포·부전 상권과 주거 단지가 맞닿아 잔금일 등기, 상가 이전, 법인 임원변경 문의가 꾸준한 생활권입니다. 부산 전포동에서 법무사 업무 사례와 상담 절차를 찾으시는 분을 위한 안내입니다. 부산진구 전포동 일대는 서면·전포·부전 상권과 주거 단지가 맞닿아 잔금일 등기, 상가 이전, 법인 임원변경 문의가 꾸준한 생활권입니다. 부산 전포동 일대에서는 개인사업자·법인의 사업장 주소 변경등기 , 역세권 아파트·오피스텔 이전등기 문의가 이어집니다. 다옴법무사사무소 안윤정 법무사는 부산 해운대·센텀에서 부산 전포동 의뢰인의 상속등기·부동산등기·법인등기·개인회생 상담을 진행합니",450,a56fe6bd58384258
/업무사례/부산전포카페거리법무사,"부산 전포카페거리에서 법무사 업무 사례와 상담 절차를 찾으시는 분을 위한 안내입니다. 전포 상권·주거 밀집지의 매매·임대 관련 등기 상담이 있습니다. 부산 전포카페거리에서 법무사 업무 사례와 상담 절차를 찾으시는 분을 위한 안내입니다. 전포 상권·주거 밀집지의 매매·임대 관련 등기 상담이 있습니다. 부산 전포카페거리에서 법무사 업무 사례와 상담 절차를 찾으시는 분을 위한 안내입니다. 전포 상권·주거 밀집지의 매매·임대 관련 등기 상담이 있습니다. 부산 전포카페거리 일대에서는 아파트·다세대 소유권이전등기 , 공동상속인 협의 후 상속등기 문의가 이어집니다. 다옴법무사사무소 안윤정 법무사는 부산 해운대·센텀에서 부산 전포카페거리 의뢰인의 상속등기·부동산등기·법인등기·개인회생 상담을 진행합니다. 확인되지 않은 실적이나 무조건적인 처리를 약속하지 않으며, 서류와 일정을 확인한 뒤 가능 범위를 안내합니다. 부산 전포카페거리에서 자주 문의되는 업무 부산 전포카페거리 생활권 특성을 반영한 상담 유",426,d3e804146299e27a
/업무사례/부산정관농공단지법무사,"부산 정관농공단지에서 법무사 업무 사례와 상담 절차를 찾으시는 분을 위한 안내입니다. 정관 농공단지 사업장 등기 문의가 있는 구간입니다. 부산 정관농공단지에서 법무사 업무 사례와 상담 절차를 찾으시는 분을 위한 안내입니다. 정관 농공단지 사업장 등기 문의가 있는 구간입니다. 부산 정관농공단지에서 법무사 업무 사례와 상담 절차를 찾으시는 분을 위한 안내입니다. 정관 농공단지 사업장 등기 문의가 있는 구간입니다. 부산 정관농공단지 일대에서는 담보 설정과 맞물린 사업장 등기 일정 , 상속등기·상속포기·한정승인 상담 문의가 이어집니다. 다옴법무사사무소 안윤정 법무사는 부산 해운대·센텀에서 부산 정관농공단지 의뢰인의 상속등기·부동산등기·법인등기·개인회생 상담을 진행합니다. 확인되지 않은 실적이나 무조건적인 처리를 약속하지 않으며, 서류와 일정을 확인한 뒤 가능 범위를 안내합니다. 부산 정관농공단지에서 자주 문의되는 업무 부산 정관농공단지 생활권 특성을 반영한 상담 유형입니다. 실제 가능 여부",410,15dda490d60aac1e
/업무사례/부산정관산업단지법무사,"부산 정관산업단지에서 법무사 업무 사례와 상담 절차를 찾으시는 분을 위한 안내입니다. 정관산단 입주 기업의 공장·법인등기 문의가 있습니다. 부산 정관산업단지에서 법무사 업무 사례와 상담 절차를 찾으시는 분을 위한 안내입니다. 정관산단 입주 기업의 공장·법인등기 문의가 있습니다. 부산 정관산업단지에서 법무사 업무 사례와 상담 절차를 찾으시는 분을 위한 안내입니다. 정관산단 입주 기업의 공장·법인등기 문의가 있습니다. 부산 정관산업단지 일대에서는 신축·분양 주택의 소유권보존·이전등기 , 신도시 입주 일정에 맞춘 잔금일 등기 문의가 이어집니다. 다옴법무사사무소 안윤정 법무사는 부산 해운대·센텀에서 부산 정관산업단지 의뢰인의 상속등기·부동산등기·법인등기·개인회생 상담을 진행합니다. 확인되지 않은 실적이나 무조건적인 처리를 약속하지 않으며, 서류와 일정을 확인한 뒤 가능 범위를 안내합니다. 부산 정관산업단지에서 자주 문의되는 업무 부산 정관산업단지 생활권 특성을 반영한 상담 유형입니다. 실제",416,e5da29e767228f5a
/업무사례/부산정관신도시법무사,"부산 정관신도시에서 법무사 업무 사례와 상담 절차를 찾으시는 분을 위한 안내입니다. 정관 신도시 주거·산업단지와 맞물린 이전등기·법인 업무 문의가 많은 생활권입니다. 부산 정관신도시에서 법무사 업무 사례와 상담 절차를 찾으시는 분을 위한 안내입니다. 정관 신도시 주거·산업단지와 맞물린 이전등기·법인 업무 문의가 많은 생활권입니다. 부산 정관신도시에서 법무사 업무 사례와 상담 절차를 찾으시는 분을 위한 안내입니다. 정관 신도시 주거·산업단지와 맞물린 이전등기·법인 업무 문의가 많은 생활권입니다. 부산 정관신도시 일대에서는 공동상속인 협의 후 상속등기 , 근저당 설정·말소와 잔금일 일정 조율 문의가 이어집니다. 다옴법무사사무소 안윤정 법무사는 부산 해운대·센텀에서 부산 정관신도시 의뢰인의 상속등기·부동산등기·법인등기·개인회생 상담을 진행합니다. 확인되지 않은 실적이나 무조건적인 처리를 약속하지 않으며, 서류와 일정을 확인한 뒤 가능 범위를 안내합니다. 부산 정관신도시에서 자주 문의되는 ",394,c1734c134b58aed8
/업무사례/부산정관읍법무사,"부산 정관읍에서 법무사 업무 사례와 상담 절차를 찾으시는 분을 위한 안내입니다. 기장군 정관읍 일대는 정관·일광·오시리아 등 신도시·관광·산업단지가 있어 신축·분양 관련 등기, 상속, 입주 기업 법인등기 상담이 이뤄집니다. 부산 정관읍에서 법무사 업무 사례와 상담 절차를 찾으시는 분을 위한 안내입니다. 기장군 정관읍 일대는 정관·일광·오시리아 등 신도시·관광·산업단지가 있어 신축·분양 관련 등기, 상속, 입주 기업 법인등기 상담이 이뤄집니다. 부산 정관읍에서 법무사 업무 사례와 상담 절차를 찾으시는 분을 위한 안내입니다. 기장군 정관읍 일대는 정관·일광·오시리아 등 신도시·관광·산업단지가 있어 신축·분양 관련 등기, 상속, 입주 기업 법인등기 상담이 이뤄집니다. 부산 정관읍 일대에서는 단지 내 상가·근린생활시설 등기 , 숙박·상가 등 관광 상권 부동산등기 문의가 이어집니다. 다옴법무사사무소 안윤정 법무사는 부산 해운대·센텀에서 부산 정관읍 의뢰인의 상속등기·부동산등기·법인등기·개인회",448,be8400400026577b
/업무사례/부산좌1동법무사,"부산 좌1동에서 법무사 업무 사례와 상담 절차를 찾으시는 분을 위한 안내입니다. 해운대구 좌1동은(는) 좌동 생활권의 행정동으로, 주거 밀집지의 이전·상속등기 상담이 이어집니다. 부산 좌1동에서 법무사 업무 사례와 상담 절차를 찾으시는 분을 위한 안내입니다. 해운대구 좌1동은(는) 좌동 생활권의 행정동으로, 주거 밀집지의 이전·상속등기 상담이 이어집니다. 부산 좌1동에서 법무사 업무 사례와 상담 절차를 찾으시는 분을 위한 안내입니다. 해운대구 좌1동은(는) 좌동 생활권의 행정동으로, 주거 밀집지의 이전·상속등기 상담이 이어집니다. 부산 좌1동 일대에서는 상가·점포 매매에 따른 이전등기 , 상가건물 구분소유권 관련 등기 문의가 이어집니다. 다옴법무사사무소 안윤정 법무사는 부산 해운대·센텀에서 부산 좌1동 의뢰인의 상속등기·부동산등기·법인등기·개인회생 상담을 진행합니다. 확인되지 않은 실적이나 무조건적인 처리를 약속하지 않으며, 서류와 일정을 확인한 뒤 가능 범위를 안내합니다. 부산 좌",439,0a1e1ed9aab9610c
/업무사례/부산좌2동법무사,"부산 좌2동에서 법무사 업무 사례와 상담 절차를 찾으시는 분을 위한 안내입니다. 해운대구 좌2동은(는) 좌동 생활권의 행정동으로, 주거 밀집지의 이전·상속등기 상담이 이어집니다. 부산 좌2동에서 법무사 업무 사례와 상담 절차를 찾으시는 분을 위한 안내입니다. 해운대구 좌2동은(는) 좌동 생활권의 행정동으로, 주거 밀집지의 이전·상속등기 상담이 이어집니다. 부산 좌2동에서 법무사 업무 사례와 상담 절차를 찾으시는 분을 위한 안내입니다. 해운대구 좌2동은(는) 좌동 생활권의 행정동으로, 주거 밀집지의 이전·상속등기 상담이 이어집니다. 부산 좌2동 일대에서는 상가건물 구분소유권 관련 등기 , 개인사업자·법인의 사업장 주소 변경등기 문의가 이어집니다. 다옴법무사사무소 안윤정 법무사는 부산 해운대·센텀에서 부산 좌2동 의뢰인의 상속등기·부동산등기·법인등기·개인회생 상담을 진행합니다. 확인되지 않은 실적이나 무조건적인 처리를 약속하지 않으며, 서류와 일정을 확인한 뒤 가능 범위를 안내합니다. ",411,a2a4018c18a7bfc2
/업무사례/부산좌3동법무사,"부산 좌3동에서 법무사 업무 사례와 상담 절차를 찾으시는 분을 위한 안내입니다. 해운대구 좌3동은(는) 좌동 생활권의 행정동으로, 주거 밀집지의 이전·상속등기 상담이 이어집니다. 부산 좌3동에서 법무사 업무 사례와 상담 절차를 찾으시는 분을 위한 안내입니다. 해운대구 좌3동은(는) 좌동 생활권의 행정동으로, 주거 밀집지의 이전·상속등기 상담이 이어집니다. 부산 좌3동에서 법무사 업무 사례와 상담 절차를 찾으시는 분을 위한 안내입니다. 해운대구 좌3동은(는) 좌동 생활권의 행정동으로, 주거 밀집지의 이전·상속등기 상담이 이어집니다. 부산 좌3동 일대에서는 개인사업자·법인의 사업장 주소 변경등기 , 해안·관광 상권과 맞닿은 상가·주택 소유권이전 문의가 이어집니다. 다옴법무사사무소 안윤정 법무사는 부산 해운대·센텀에서 부산 좌3동 의뢰인의 상속등기·부동산등기·법인등기·개인회생 상담을 진행합니다. 확인되지 않은 실적이나 무조건적인 처리를 약속하지 않으며, 서류와 일정을 확인한 뒤 가능 범위",445,c4b41df4d0d8fb71
/업무사례/부산좌4동법무사,"부산 좌4동에서 법무사 업무 사례와 상담 절차를 찾으시는 분을 위한 안내입니다. 해운대구 좌4동은(는) 좌동 생활권의 행정동으로, 주거 밀집지의 이전·상속등기 상담이 이어집니다. 부산 좌4동에서 법무사 업무 사례와 상담 절차를 찾으시는 분을 위한 안내입니다. 해운대구 좌4동은(는) 좌동 생활권의 행정동으로, 주거 밀집지의 이전·상속등기 상담이 이어집니다. 부산 좌4동에서 법무사 업무 사례와 상담 절차를 찾으시는 분을 위한 안내입니다. 해운대구 좌4동은(는) 좌동 생활권의 행정동으로, 주거 밀집지의 이전·상속등기 상담이 이어집니다. 부산 좌4동 일대에서는 해안·관광 상권과 맞닿은 상가·주택 소유권이전 , 계절 상권 점포의 권리관계 확인 후 등기 문의가 이어집니다. 다옴법무사사무소 안윤정 법무사는 부산 해운대·센텀에서 부산 좌4동 의뢰인의 상속등기·부동산등기·법인등기·개인회생 상담을 진행합니다. 확인되지 않은 실적이나 무조건적인 처리를 약속하지 않으며, 서류와 일정을 확인한 뒤 가능 범",439,096fd4f7f8ff15b2
/업무사례/부산좌동법무사,"부산 좌동에서 법무사 업무 사례와 상담 절차를 찾으시는 분을 위한 안내입니다. 해운대구 좌동 일대는 해운대·센텀·재송·반여 일대는 주거·업무·관광이 겹쳐 부동산등기, 법인등기, 상속·잔금일 협업 문의가 많은 대표 생활권입니다. 부산 좌동에서 법무사 업무 사례와 상담 절차를 찾으시는 분을 위한 안내입니다. 해운대구 좌동 일대는 해운대·센텀·재송·반여 일대는 주거·업무·관광이 겹쳐 부동산등기, 법인등기, 상속·잔금일 협업 문의가 많은 대표 생활권입니다. 부산 좌동에서 법무사 업무 사례와 상담 절차를 찾으시는 분을 위한 안내입니다. 해운대구 좌동 일대는 해운대·센텀·재송·반여 일대는 주거·업무·관광이 겹쳐 부동산등기, 법인등기, 상속·잔금일 협업 문의가 많은 대표 생활권입니다. 부산 좌동 일대에서는 상가건물 구분소유권 관련 등기 , 개인사업자·법인의 사업장 주소 변경등기 문의가 이어집니다. 다옴법무사사무소 안윤정 법무사는 부산 해운대·센텀에서 부산 좌동 의뢰인의 상속등기·부동산등기·법인등",419,6978189cd972c2c7
/업무사례/부산좌천동법무사,"부산 좌천동에서 법무사 업무 사례와 상담 절차를 찾으시는 분을 위한 안내입니다. 동구 좌천동 일대는 부산역·초량·범일 일대는 역세권과 항만 배후 상가가 이어져, 상가 매매·임대차·법인 본점 이전 문의가 자주 있습니다. 부산 좌천동에서 법무사 업무 사례와 상담 절차를 찾으시는 분을 위한 안내입니다. 동구 좌천동 일대는 부산역·초량·범일 일대는 역세권과 항만 배후 상가가 이어져, 상가 매매·임대차·법인 본점 이전 문의가 자주 있습니다. 부산 좌천동에서 법무사 업무 사례와 상담 절차를 찾으시는 분을 위한 안내입니다. 동구 좌천동 일대는 부산역·초량·범일 일대는 역세권과 항만 배후 상가가 이어져, 상가 매매·임대차·법인 본점 이전 문의가 자주 있습니다. 부산 좌천동 일대에서는 교통 거점 생활권의 상속등기 , 상가·점포 매매에 따른 이전등기 문의가 이어집니다. 다옴법무사사무소 안윤정 법무사는 부산 해운대·센텀에서 부산 좌천동 의뢰인의 상속등기·부동산등기·법인등기·개인회생 상담을 진행합니다. ",453,710f63eb64aa01bc
/업무사례/부산주례동법무사,"부산 주례동에서 법무사 업무 사례와 상담 절차를 찾으시는 분을 위한 안내입니다. 사상구 주례동 일대는 사상터미널·주례·학장 일대는 교통 거점과 공업·주거가 공존해 공장·상가 등기, 법인 변경, 주택 이전 문의가 함께 있습니다. 부산 주례동에서 법무사 업무 사례와 상담 절차를 찾으시는 분을 위한 안내입니다. 사상구 주례동 일대는 사상터미널·주례·학장 일대는 교통 거점과 공업·주거가 공존해 공장·상가 등기, 법인 변경, 주택 이전 문의가 함께 있습니다. 부산 주례동에서 법무사 업무 사례와 상담 절차를 찾으시는 분을 위한 안내입니다. 사상구 주례동 일대는 사상터미널·주례·학장 일대는 교통 거점과 공업·주거가 공존해 공장·상가 등기, 법인 변경, 주택 이전 문의가 함께 있습니다. 부산 주례동 일대에서는 아파트·다세대 소유권이전등기 , 공동상속인 협의 후 상속등기 문의가 이어집니다. 다옴법무사사무소 안윤정 법무사는 부산 해운대·센텀에서 부산 주례동 의뢰인의 상속등기·부동산등기·법인등기·개인회",441,5ef4fabced211d8d
/업무사례/부산주례역법무사,"부산 주례역에서 법무사 업무 사례와 상담 절차를 찾으시는 분을 위한 안내입니다. 주례 주거·상가 생활권의 이전등기 상담이 있습니다. 부산 주례역에서 법무사 업무 사례와 상담 절차를 찾으시는 분을 위한 안내입니다. 주례 주거·상가 생활권의 이전등기 상담이 있습니다. 부산 주례역에서 법무사 업무 사례와 상담 절차를 찾으시는 분을 위한 안내입니다. 주례 주거·상가 생활권의 이전등기 상담이 있습니다. 부산 주례역 일대에서는 교통 거점 생활권의 상속등기 , 아파트·다세대 소유권이전등기 문의가 이어집니다. 다옴법무사사무소 안윤정 법무사는 부산 해운대·센텀에서 부산 주례역 의뢰인의 상속등기·부동산등기·법인등기·개인회생 상담을 진행합니다. 확인되지 않은 실적이나 무조건적인 처리를 약속하지 않으며, 서류와 일정을 확인한 뒤 가능 범위를 안내합니다. 부산 주례역에서 자주 문의되는 업무 부산 주례역 생활권 특성을 반영한 상담 유형입니다. 실제 가능 여부는 서류와 관할을 확인한 뒤 안내합니다. 교통 거점",411,325f01420e067c05
/업무사례/부산죽동동법무사,"부산 죽동동에서 법무사 업무 사례와 상담 절차를 찾으시는 분을 위한 안내입니다. 강서구 죽동동 일대는 명지·에코델타·녹산·신항 일대는 신도시와 산업·물류가 맞물려 신축 보존등기, 공장·창고 이전, 법인 설립·변경 문의가 많습니다. 부산 죽동동에서 법무사 업무 사례와 상담 절차를 찾으시는 분을 위한 안내입니다. 강서구 죽동동 일대는 명지·에코델타·녹산·신항 일대는 신도시와 산업·물류가 맞물려 신축 보존등기, 공장·창고 이전, 법인 설립·변경 문의가 많습니다. 부산 죽동동에서 법무사 업무 사례와 상담 절차를 찾으시는 분을 위한 안내입니다. 강서구 죽동동 일대는 명지·에코델타·녹산·신항 일대는 신도시와 산업·물류가 맞물려 신축 보존등기, 공장·창고 이전, 법인 설립·변경 문의가 많습니다. 부산 죽동동 일대에서는 담보 설정과 맞물린 사업장 등기 일정 , 항만·물류 배후 사업장·창고 부동산등기 문의가 이어집니다. 다옴법무사사무소 안윤정 법무사는 부산 해운대·센텀에서 부산 죽동동 의뢰인의 상속",451,20a164c20421a14d
/업무사례/부산죽림동법무사,"부산 죽림동에서 법무사 업무 사례와 상담 절차를 찾으시는 분을 위한 안내입니다. 강서구 죽림동 일대는 명지·에코델타·녹산·신항 일대는 신도시와 산업·물류가 맞물려 신축 보존등기, 공장·창고 이전, 법인 설립·변경 문의가 많습니다. 부산 죽림동에서 법무사 업무 사례와 상담 절차를 찾으시는 분을 위한 안내입니다. 강서구 죽림동 일대는 명지·에코델타·녹산·신항 일대는 신도시와 산업·물류가 맞물려 신축 보존등기, 공장·창고 이전, 법인 설립·변경 문의가 많습니다. 부산 죽림동에서 법무사 업무 사례와 상담 절차를 찾으시는 분을 위한 안내입니다. 강서구 죽림동 일대는 명지·에코델타·녹산·신항 일대는 신도시와 산업·물류가 맞물려 신축 보존등기, 공장·창고 이전, 법인 설립·변경 문의가 많습니다. 부산 죽림동 일대에서는 공장·창고 부동산 취득·이전등기 , 산업단지 입주 기업 법인설립·변경등기 문의가 이어집니다. 다옴법무사사무소 안윤정 법무사는 부산 해운대·센텀에서 부산 죽림동 의뢰인의 상속등기·부",449,d47e1667190aabcc
/업무사례/부산중1동법무사,"부산 중1동에서 법무사 업무 사례와 상담 절차를 찾으시는 분을 위한 안내입니다. 해운대구 중1동은(는) 중동 생활권의 행정동으로, 주거 밀집지의 이전·상속등기 상담이 이어집니다. 부산 중1동에서 법무사 업무 사례와 상담 절차를 찾으시는 분을 위한 안내입니다. 해운대구 중1동은(는) 중동 생활권의 행정동으로, 주거 밀집지의 이전·상속등기 상담이 이어집니다. 부산 중1동에서 법무사 업무 사례와 상담 절차를 찾으시는 분을 위한 안내입니다. 해운대구 중1동은(는) 중동 생활권의 행정동으로, 주거 밀집지의 이전·상속등기 상담이 이어집니다. 부산 중1동 일대에서는 해안·관광 상권과 맞닿은 상가·주택 소유권이전 , 계절 상권 점포의 권리관계 확인 후 등기 문의가 이어집니다. 다옴법무사사무소 안윤정 법무사는 부산 해운대·센텀에서 부산 중1동 의뢰인의 상속등기·부동산등기·법인등기·개인회생 상담을 진행합니다. 확인되지 않은 실적이나 무조건적인 처리를 약속하지 않으며, 서류와 일정을 확인한 뒤 가능 범",439,b5af33e74c9837c8
/업무사례/부산중2동법무사,"부산 중2동에서 법무사 업무 사례와 상담 절차를 찾으시는 분을 위한 안내입니다. 해운대구 중2동은(는) 중동 생활권의 행정동으로, 주거 밀집지의 이전·상속등기 상담이 이어집니다. 부산 중2동에서 법무사 업무 사례와 상담 절차를 찾으시는 분을 위한 안내입니다. 해운대구 중2동은(는) 중동 생활권의 행정동으로, 주거 밀집지의 이전·상속등기 상담이 이어집니다. 부산 중2동에서 법무사 업무 사례와 상담 절차를 찾으시는 분을 위한 안내입니다. 해운대구 중2동은(는) 중동 생활권의 행정동으로, 주거 밀집지의 이전·상속등기 상담이 이어집니다. 부산 중2동 일대에서는 계절 상권 점포의 권리관계 확인 후 등기 , 해안 주거 단지의 상속·공동명의 정리 문의가 이어집니다. 다옴법무사사무소 안윤정 법무사는 부산 해운대·센텀에서 부산 중2동 의뢰인의 상속등기·부동산등기·법인등기·개인회생 상담을 진행합니다. 확인되지 않은 실적이나 무조건적인 처리를 약속하지 않으며, 서류와 일정을 확인한 뒤 가능 범위를 안내",444,611da17e49752ac3
/업무사례/부산중동법무사,"부산 중동에서 법무사 업무 사례와 상담 절차를 찾으시는 분을 위한 안내입니다. 해운대구 중동 일대는 해운대·센텀·재송·반여 일대는 주거·업무·관광이 겹쳐 부동산등기, 법인등기, 상속·잔금일 협업 문의가 많은 대표 생활권입니다. 부산 중동에서 법무사 업무 사례와 상담 절차를 찾으시는 분을 위한 안내입니다. 해운대구 중동 일대는 해운대·센텀·재송·반여 일대는 주거·업무·관광이 겹쳐 부동산등기, 법인등기, 상속·잔금일 협업 문의가 많은 대표 생활권입니다. 부산 중동에서 법무사 업무 사례와 상담 절차를 찾으시는 분을 위한 안내입니다. 해운대구 중동 일대는 해운대·센텀·재송·반여 일대는 주거·업무·관광이 겹쳐 부동산등기, 법인등기, 상속·잔금일 협업 문의가 많은 대표 생활권입니다. 부산 중동 일대에서는 개인사업자·법인의 사업장 주소 변경등기 , 오피스·업무용 부동산 이전등기 문의가 이어집니다. 다옴법무사사무소 안윤정 법무사는 부산 해운대·센텀에서 부산 중동 의뢰인의 상속등기·부동산등기·법인등",451,be92e7c8e788b5b0
/업무사례/부산중동역법무사,"부산 중동역에서 법무사 업무 사례와 상담 절차를 찾으시는 분을 위한 안내입니다. 중동 주거·상가 생활권의 부동산등기 상담이 있습니다. 부산 중동역에서 법무사 업무 사례와 상담 절차를 찾으시는 분을 위한 안내입니다. 중동 주거·상가 생활권의 부동산등기 상담이 있습니다. 부산 중동역에서 법무사 업무 사례와 상담 절차를 찾으시는 분을 위한 안내입니다. 중동 주거·상가 생활권의 부동산등기 상담이 있습니다. 부산 중동역 일대에서는 역세권 아파트·오피스텔 이전등기 , 역 인근 상가 매매등기 문의가 이어집니다. 다옴법무사사무소 안윤정 법무사는 부산 해운대·센텀에서 부산 중동역 의뢰인의 상속등기·부동산등기·법인등기·개인회생 상담을 진행합니다. 확인되지 않은 실적이나 무조건적인 처리를 약속하지 않으며, 서류와 일정을 확인한 뒤 가능 범위를 안내합니다. 부산 중동역에서 자주 문의되는 업무 부산 중동역 생활권 특성을 반영한 상담 유형입니다. 실제 가능 여부는 서류와 관할을 확인한 뒤 안내합니다. 역세권",407,d2e02a34d4b05824
/업무사례/부산중앙동법무사,"부산 중앙동에서 법무사 업무 사례와 상담 절차를 찾으시는 분을 위한 안내입니다. 중구 중앙동 일대는 남포·광복·국제시장 등 원도심 상권이 모여 있고, 상가·주택 권리관계와 상속·매매 등기 문의가 함께 이어지는 지역입니다. 부산 중앙동에서 법무사 업무 사례와 상담 절차를 찾으시는 분을 위한 안내입니다. 중구 중앙동 일대는 남포·광복·국제시장 등 원도심 상권이 모여 있고, 상가·주택 권리관계와 상속·매매 등기 문의가 함께 이어지는 지역입니다. 부산 중앙동에서 법무사 업무 사례와 상담 절차를 찾으시는 분을 위한 안내입니다. 중구 중앙동 일대는 남포·광복·국제시장 등 원도심 상권이 모여 있고, 상가·주택 권리관계와 상속·매매 등기 문의가 함께 이어지는 지역입니다. 부산 중앙동 일대에서는 상가 임대차와 맞물린 소유권 확인 , 전통시장 인근 주택 상속·매매등기 문의가 이어집니다. 다옴법무사사무소 안윤정 법무사는 부산 해운대·센텀에서 부산 중앙동 의뢰인의 상속등기·부동산등기·법인등기·개인회생 상",423,b76b43a77fb1153b
/업무사례/부산지방법원등기국법무사,"부산지방법원등기국에서 법무사 업무 사례와 상담 절차를 찾으시는 분을 위한 안내입니다. 등기국 접수·보정 일정과 맞춘 부동산·법인등기 실무 문의가 많은 거점입니다. 부산지방법원등기국에서 법무사 업무 사례와 상담 절차를 찾으시는 분을 위한 안내입니다. 등기국 접수·보정 일정과 맞춘 부동산·법인등기 실무 문의가 많은 거점입니다. 부산지방법원등기국에서 법무사 업무 사례와 상담 절차를 찾으시는 분을 위한 안내입니다. 등기국 접수·보정 일정과 맞춘 부동산·법인등기 실무 문의가 많은 거점입니다. 부산지방법원등기국 일대에서는 등기소 접수·보정 일정 확인 , 관할 등기소에 따른 신청 방식 점검 문의가 이어집니다. 다옴법무사사무소 안윤정 법무사는 부산 해운대·센텀에서 부산지방법원등기국 의뢰인의 상속등기·부동산등기·법인등기·개인회생 상담을 진행합니다. 확인되지 않은 실적이나 무조건적인 처리를 약속하지 않으며, 서류와 일정을 확인한 뒤 가능 범위를 안내합니다. 부산지방법원등기국에서 자주 문의되는 업무 부",417,ef9ce4e9ce83d086
/업무사례/부산지방법원법무사,"부산지방법원에서 법무사 업무 사례와 상담 절차를 찾으시는 분을 위한 안내입니다. 거제동 부산지방법원 인근에서 민사·등기·소송 일정과 맞춘 법무사 업무 문의가 많은 권역입니다. 부산지방법원에서 법무사 업무 사례와 상담 절차를 찾으시는 분을 위한 안내입니다. 거제동 부산지방법원 인근에서 민사·등기·소송 일정과 맞춘 법무사 업무 문의가 많은 권역입니다. 부산지방법원에서 법무사 업무 사례와 상담 절차를 찾으시는 분을 위한 안내입니다. 거제동 부산지방법원 인근에서 민사·등기·소송 일정과 맞춘 법무사 업무 문의가 많은 권역입니다. 부산지방법원 일대에서는 등기소 접수·보정 일정 확인 , 관할 등기소에 따른 신청 방식 점검 문의가 이어집니다. 다옴법무사사무소 안윤정 법무사는 부산 해운대·센텀에서 부산지방법원 의뢰인의 상속등기·부동산등기·법인등기·개인회생 상담을 진행합니다. 확인되지 않은 실적이나 무조건적인 처리를 약속하지 않으며, 서류와 일정을 확인한 뒤 가능 범위를 안내합니다. 부산지방법원에서 ",423,f3251b7828e8956d
/업무사례/부산지사과학산업단지법무사,"부산 지사과학산업단지에서 법무사 업무 사례와 상담 절차를 찾으시는 분을 위한 안내입니다. 지사 과학·글로벌 산업단지 기업의 등기 상담이 있는 권역입니다. 부산 지사과학산업단지에서 법무사 업무 사례와 상담 절차를 찾으시는 분을 위한 안내입니다. 지사 과학·글로벌 산업단지 기업의 등기 상담이 있는 권역입니다. 부산 지사과학산업단지에서 법무사 업무 사례와 상담 절차를 찾으시는 분을 위한 안내입니다. 지사 과학·글로벌 산업단지 기업의 등기 상담이 있는 권역입니다. 부산 지사과학산업단지 일대에서는 담보 설정과 맞물린 사업장 등기 일정 , 상속등기·상속포기·한정승인 상담 문의가 이어집니다. 다옴법무사사무소 안윤정 법무사는 부산 해운대·센텀에서 부산 지사과학산업단지 의뢰인의 상속등기·부동산등기·법인등기·개인회생 상담을 진행합니다. 확인되지 않은 실적이나 무조건적인 처리를 약속하지 않으며, 서류와 일정을 확인한 뒤 가능 범위를 안내합니다. 부산 지사과학산업단지에서 자주 문의되는 업무 부산 지사과학",425,c582b6476258d01e
/업무사례/부산지사글로벌산업단지법무사,"부산 지사글로벌산업단지에서 법무사 업무 사례와 상담 절차를 찾으시는 분을 위한 안내입니다. 글로벌산단 입주와 맞물린 법인·공장등기 문의가 있습니다. 부산 지사글로벌산업단지에서 법무사 업무 사례와 상담 절차를 찾으시는 분을 위한 안내입니다. 글로벌산단 입주와 맞물린 법인·공장등기 문의가 있습니다. 부산 지사글로벌산업단지에서 법무사 업무 사례와 상담 절차를 찾으시는 분을 위한 안내입니다. 글로벌산단 입주와 맞물린 법인·공장등기 문의가 있습니다. 부산 지사글로벌산업단지 일대에서는 공장·창고 부동산 취득·이전등기 , 산업단지 입주 기업 법인설립·변경등기 문의가 이어집니다. 다옴법무사사무소 안윤정 법무사는 부산 해운대·센텀에서 부산 지사글로벌산업단지 의뢰인의 상속등기·부동산등기·법인등기·개인회생 상담을 진행합니다. 확인되지 않은 실적이나 무조건적인 처리를 약속하지 않으며, 서류와 일정을 확인한 뒤 가능 범위를 안내합니다. 부산 지사글로벌산업단지에서 자주 문의되는 업무 부산 지사글로벌산업단지 ",418,0301a5b698a36c58
/업무사례/부산지사동법무사,"부산 지사동에서 법무사 업무 사례와 상담 절차를 찾으시는 분을 위한 안내입니다. 강서구 지사동 일대는 명지·에코델타·녹산·신항 일대는 신도시와 산업·물류가 맞물려 신축 보존등기, 공장·창고 이전, 법인 설립·변경 문의가 많습니다. 부산 지사동에서 법무사 업무 사례와 상담 절차를 찾으시는 분을 위한 안내입니다. 강서구 지사동 일대는 명지·에코델타·녹산·신항 일대는 신도시와 산업·물류가 맞물려 신축 보존등기, 공장·창고 이전, 법인 설립·변경 문의가 많습니다. 부산 지사동에서 법무사 업무 사례와 상담 절차를 찾으시는 분을 위한 안내입니다. 강서구 지사동 일대는 명지·에코델타·녹산·신항 일대는 신도시와 산업·물류가 맞물려 신축 보존등기, 공장·창고 이전, 법인 설립·변경 문의가 많습니다. 부산 지사동 일대에서는 산업단지 입주 기업 법인설립·변경등기 , 담보 설정과 맞물린 사업장 등기 일정 문의가 이어집니다. 다옴법무사사무소 안윤정 법무사는 부산 해운대·센텀에서 부산 지사동 의뢰인의 상속등",418,4314e7bf0e11d81d
/업무사례/부산진구법무사,"부산진구에서 법무사 업무 사례와 상담 절차를 찾으시는 분을 위한 안내입니다. 서면·전포·부전 상권과 주거 단지가 맞닿아 잔금일 등기, 상가 이전, 법인 임원변경 문의가 꾸준한 생활권입니다. 부산진구에서 법무사 업무 사례와 상담 절차를 찾으시는 분을 위한 안내입니다. 서면·전포·부전 상권과 주거 단지가 맞닿아 잔금일 등기, 상가 이전, 법인 임원변경 문의가 꾸준한 생활권입니다. 부산진구에서 법무사 업무 사례와 상담 절차를 찾으시는 분을 위한 안내입니다. 서면·전포·부전 상권과 주거 단지가 맞닿아 잔금일 등기, 상가 이전, 법인 임원변경 문의가 꾸준한 생활권입니다. 부산진구 일대에서는 시장·점포 권리와 건물등기 정리 , 상가 임대차와 맞물린 소유권 확인 문의가 이어집니다. 다옴법무사사무소 안윤정 법무사는 부산 해운대·센텀에서 부산진구 의뢰인의 상속등기·부동산등기·법인등기·개인회생 상담을 진행합니다. 확인되지 않은 실적이나 무조건적인 처리를 약속하지 않으며, 서류와 일정을 확인한 뒤 가능",451,a84c053e4eb85486
/업무사례/부산진역법무사,"부산진역에서 법무사 업무 사례와 상담 절차를 찾으시는 분을 위한 안내입니다. 동구 역세권 상권과 연결된 부동산·법인 상담 구간입니다. 부산진역에서 법무사 업무 사례와 상담 절차를 찾으시는 분을 위한 안내입니다. 동구 역세권 상권과 연결된 부동산·법인 상담 구간입니다. 부산진역에서 법무사 업무 사례와 상담 절차를 찾으시는 분을 위한 안내입니다. 동구 역세권 상권과 연결된 부동산·법인 상담 구간입니다. 부산진역 일대에서는 역세권 아파트·오피스텔 이전등기 , 역 인근 상가 매매등기 문의가 이어집니다. 다옴법무사사무소 안윤정 법무사는 부산 해운대·센텀에서 부산진역 의뢰인의 상속등기·부동산등기·법인등기·개인회생 상담을 진행합니다. 확인되지 않은 실적이나 무조건적인 처리를 약속하지 않으며, 서류와 일정을 확인한 뒤 가능 범위를 안내합니다. 부산진역에서 자주 문의되는 업무 부산진역 생활권 특성을 반영한 상담 유형입니다. 실제 가능 여부는 서류와 관할을 확인한 뒤 안내합니다. 역세권 아파트·오피스",399,c1b2f688b912515a
/업무사례/부산진해경제자유구역법무사,"부산진해경제자유구역에서 법무사 업무 사례와 상담 절차를 찾으시는 분을 위한 안내입니다. 경제자유구역 입주 기업의 법인·부동산등기 일정을 맞추는 상담이 있습니다. 부산진해경제자유구역에서 법무사 업무 사례와 상담 절차를 찾으시는 분을 위한 안내입니다. 경제자유구역 입주 기업의 법인·부동산등기 일정을 맞추는 상담이 있습니다. 부산진해경제자유구역에서 법무사 업무 사례와 상담 절차를 찾으시는 분을 위한 안내입니다. 경제자유구역 입주 기업의 법인·부동산등기 일정을 맞추는 상담이 있습니다. 부산진해경제자유구역 일대에서는 개인회생·파산 관련 상담 , 공장·창고 부동산 취득·이전등기 문의가 이어집니다. 다옴법무사사무소 안윤정 법무사는 부산 해운대·센텀에서 부산진해경제자유구역 의뢰인의 상속등기·부동산등기·법인등기·개인회생 상담을 진행합니다. 확인되지 않은 실적이나 무조건적인 처리를 약속하지 않으며, 서류와 일정을 확인한 뒤 가능 범위를 안내합니다. 부산진해경제자유구역에서 자주 문의되는 업무 부산진해경",411,2b961ddaab85a819
/업무사례/부산차이나타운법무사,"부산 차이나타운에서 법무사 업무 사례와 상담 절차를 찾으시는 분을 위한 안내입니다. 초량 일대 상가·점포 권리관계 정리가 필요한 경우가 있습니다. 부산 차이나타운에서 법무사 업무 사례와 상담 절차를 찾으시는 분을 위한 안내입니다. 초량 일대 상가·점포 권리관계 정리가 필요한 경우가 있습니다. 부산 차이나타운에서 법무사 업무 사례와 상담 절차를 찾으시는 분을 위한 안내입니다. 초량 일대 상가·점포 권리관계 정리가 필요한 경우가 있습니다. 부산 차이나타운 일대에서는 원도심 단독·다가구 상속등기 , 오래된 등기부 정리·표시변경 검토 문의가 이어집니다. 다옴법무사사무소 안윤정 법무사는 부산 해운대·센텀에서 부산 차이나타운 의뢰인의 상속등기·부동산등기·법인등기·개인회생 상담을 진행합니다. 확인되지 않은 실적이나 무조건적인 처리를 약속하지 않으며, 서류와 일정을 확인한 뒤 가능 범위를 안내합니다. 부산 차이나타운에서 자주 문의되는 업무 부산 차이나타운 생활권 특성을 반영한 상담 유형입니다. 실",426,565cdfbaf4dab925
/업무사례/부산창선동법무사,"부산 창선동에서 법무사 업무 사례와 상담 절차를 찾으시는 분을 위한 안내입니다. 중구 창선동 일대는 남포·광복·국제시장 등 원도심 상권이 모여 있고, 상가·주택 권리관계와 상속·매매 등기 문의가 함께 이어지는 지역입니다. 부산 창선동에서 법무사 업무 사례와 상담 절차를 찾으시는 분을 위한 안내입니다. 중구 창선동 일대는 남포·광복·국제시장 등 원도심 상권이 모여 있고, 상가·주택 권리관계와 상속·매매 등기 문의가 함께 이어지는 지역입니다. 부산 창선동에서 법무사 업무 사례와 상담 절차를 찾으시는 분을 위한 안내입니다. 중구 창선동 일대는 남포·광복·국제시장 등 원도심 상권이 모여 있고, 상가·주택 권리관계와 상속·매매 등기 문의가 함께 이어지는 지역입니다. 부산 창선동 일대에서는 시장·점포 권리와 건물등기 정리 , 상가 임대차와 맞물린 소유권 확인 문의가 이어집니다. 다옴법무사사무소 안윤정 법무사는 부산 해운대·센텀에서 부산 창선동 의뢰인의 상속등기·부동산등기·법인등기·개인회생 상담",456,eececc2463823d53
/업무사례/부산천성동법무사,"부산 천성동에서 법무사 업무 사례와 상담 절차를 찾으시는 분을 위한 안내입니다. 강서구 천성동 일대는 명지·에코델타·녹산·신항 일대는 신도시와 산업·물류가 맞물려 신축 보존등기, 공장·창고 이전, 법인 설립·변경 문의가 많습니다. 부산 천성동에서 법무사 업무 사례와 상담 절차를 찾으시는 분을 위한 안내입니다. 강서구 천성동 일대는 명지·에코델타·녹산·신항 일대는 신도시와 산업·물류가 맞물려 신축 보존등기, 공장·창고 이전, 법인 설립·변경 문의가 많습니다. 부산 천성동에서 법무사 업무 사례와 상담 절차를 찾으시는 분을 위한 안내입니다. 강서구 천성동 일대는 명지·에코델타·녹산·신항 일대는 신도시와 산업·물류가 맞물려 신축 보존등기, 공장·창고 이전, 법인 설립·변경 문의가 많습니다. 부산 천성동 일대에서는 항만·물류 배후 사업장·창고 부동산등기 , 물류 법인 본점·지점 변경등기 문의가 이어집니다. 다옴법무사사무소 안윤정 법무사는 부산 해운대·센텀에서 부산 천성동 의뢰인의 상속등기·부",449,41526fbfbc3633b7
/업무사례/부산철마면법무사,"부산 철마면에서 법무사 업무 사례와 상담 절차를 찾으시는 분을 위한 안내입니다. 기장군 철마면 일대는 정관·일광·오시리아 등 신도시·관광·산업단지가 있어 신축·분양 관련 등기, 상속, 입주 기업 법인등기 상담이 이뤄집니다. 부산 철마면에서 법무사 업무 사례와 상담 절차를 찾으시는 분을 위한 안내입니다. 기장군 철마면 일대는 정관·일광·오시리아 등 신도시·관광·산업단지가 있어 신축·분양 관련 등기, 상속, 입주 기업 법인등기 상담이 이뤄집니다. 부산 철마면에서 법무사 업무 사례와 상담 절차를 찾으시는 분을 위한 안내입니다. 기장군 철마면 일대는 정관·일광·오시리아 등 신도시·관광·산업단지가 있어 신축·분양 관련 등기, 상속, 입주 기업 법인등기 상담이 이뤄집니다. 부산 철마면 일대에서는 신축·분양 주택의 소유권보존·이전등기 , 신도시 입주 일정에 맞춘 잔금일 등기 문의가 이어집니다. 다옴법무사사무소 안윤정 법무사는 부산 해운대·센텀에서 부산 철마면 의뢰인의 상속등기·부동산등기·법인등기",447,ab35ec7b0c0ec917
/업무사례/부산청룡동법무사,"부산 청룡동에서 법무사 업무 사례와 상담 절차를 찾으시는 분을 위한 안내입니다. 금정구 청룡동 일대는 부산대·장전·구서·노포 생활권으로 대학가 임대·주거 매매, 상속등기, 인근 공업지역 관련 법인·부동산 문의가 있습니다. 부산 청룡동에서 법무사 업무 사례와 상담 절차를 찾으시는 분을 위한 안내입니다. 금정구 청룡동 일대는 부산대·장전·구서·노포 생활권으로 대학가 임대·주거 매매, 상속등기, 인근 공업지역 관련 법인·부동산 문의가 있습니다. 부산 청룡동에서 법무사 업무 사례와 상담 절차를 찾으시는 분을 위한 안내입니다. 금정구 청룡동 일대는 부산대·장전·구서·노포 생활권으로 대학가 임대·주거 매매, 상속등기, 인근 공업지역 관련 법인·부동산 문의가 있습니다. 부산 청룡동 일대에서는 근저당 설정·말소와 잔금일 일정 조율 , 역세권 아파트·오피스텔 이전등기 문의가 이어집니다. 다옴법무사사무소 안윤정 법무사는 부산 해운대·센텀에서 부산 청룡동 의뢰인의 상속등기·부동산등기·법인등기·개인회생 ",442,9fc5f05b7ad8f12c
/업무사례/부산청사포법무사,"부산 청사포에서 법무사 업무 사례와 상담 절차를 찾으시는 분을 위한 안내입니다. 청사포 해안 생활권의 주거·상가 등기 문의가 있습니다. 부산 청사포에서 법무사 업무 사례와 상담 절차를 찾으시는 분을 위한 안내입니다. 청사포 해안 생활권의 주거·상가 등기 문의가 있습니다. 부산 청사포에서 법무사 업무 사례와 상담 절차를 찾으시는 분을 위한 안내입니다. 청사포 해안 생활권의 주거·상가 등기 문의가 있습니다. 부산 청사포 일대에서는 소규모 점포 권리와 소유권 정리 , 관광지 인근 주택 매매등기 문의가 이어집니다. 다옴법무사사무소 안윤정 법무사는 부산 해운대·센텀에서 부산 청사포 의뢰인의 상속등기·부동산등기·법인등기·개인회생 상담을 진행합니다. 확인되지 않은 실적이나 무조건적인 처리를 약속하지 않으며, 서류와 일정을 확인한 뒤 가능 범위를 안내합니다. 부산 청사포에서 자주 문의되는 업무 부산 청사포 생활권 특성을 반영한 상담 유형입니다. 실제 가능 여부는 서류와 관할을 확인한 뒤 안내합니다",402,87c2fbcf94455387
/업무사례/부산청학동법무사,"부산 청학동에서 법무사 업무 사례와 상담 절차를 찾으시는 분을 위한 안내입니다. 영도구 청학동 일대는 영도대교·태종대·흰여울 등 관광·주거가 공존하고, 항만·혁신지구 관련 부동산·법인등기 상담이 이뤄지는 지역입니다. 부산 청학동에서 법무사 업무 사례와 상담 절차를 찾으시는 분을 위한 안내입니다. 영도구 청학동 일대는 영도대교·태종대·흰여울 등 관광·주거가 공존하고, 항만·혁신지구 관련 부동산·법인등기 상담이 이뤄지는 지역입니다. 부산 청학동에서 법무사 업무 사례와 상담 절차를 찾으시는 분을 위한 안내입니다. 영도구 청학동 일대는 영도대교·태종대·흰여울 등 관광·주거가 공존하고, 항만·혁신지구 관련 부동산·법인등기 상담이 이뤄지는 지역입니다. 부산 청학동 일대에서는 공동상속인 협의 후 상속등기 , 근저당 설정·말소와 잔금일 일정 조율 문의가 이어집니다. 다옴법무사사무소 안윤정 법무사는 부산 해운대·센텀에서 부산 청학동 의뢰인의 상속등기·부동산등기·법인등기·개인회생 상담을 진행합니다. ",413,249fe3c41622fedf
/업무사례/부산초량동법무사,"부산 초량동에서 법무사 업무 사례와 상담 절차를 찾으시는 분을 위한 안내입니다. 동구 초량동 일대는 부산역·초량·범일 일대는 역세권과 항만 배후 상가가 이어져, 상가 매매·임대차·법인 본점 이전 문의가 자주 있습니다. 부산 초량동에서 법무사 업무 사례와 상담 절차를 찾으시는 분을 위한 안내입니다. 동구 초량동 일대는 부산역·초량·범일 일대는 역세권과 항만 배후 상가가 이어져, 상가 매매·임대차·법인 본점 이전 문의가 자주 있습니다. 부산 초량동에서 법무사 업무 사례와 상담 절차를 찾으시는 분을 위한 안내입니다. 동구 초량동 일대는 부산역·초량·범일 일대는 역세권과 항만 배후 상가가 이어져, 상가 매매·임대차·법인 본점 이전 문의가 자주 있습니다. 부산 초량동 일대에서는 역 인근 상가 매매등기 , 교통 거점 생활권의 상속등기 문의가 이어집니다. 다옴법무사사무소 안윤정 법무사는 부산 해운대·센텀에서 부산 초량동 의뢰인의 상속등기·부동산등기·법인등기·개인회생 상담을 진행합니다. 확인되지 ",454,5fc51e662ab84f0d
/업무사례/부산초량역법무사,"부산 초량역에서 법무사 업무 사례와 상담 절차를 찾으시는 분을 위한 안내입니다. 초량 역세권 주거·상가 매매등기 상담이 있는 생활권입니다. 부산 초량역에서 법무사 업무 사례와 상담 절차를 찾으시는 분을 위한 안내입니다. 초량 역세권 주거·상가 매매등기 상담이 있는 생활권입니다. 부산 초량역에서 법무사 업무 사례와 상담 절차를 찾으시는 분을 위한 안내입니다. 초량 역세권 주거·상가 매매등기 상담이 있는 생활권입니다. 부산 초량역 일대에서는 아파트·다세대 소유권이전등기 , 공동상속인 협의 후 상속등기 문의가 이어집니다. 다옴법무사사무소 안윤정 법무사는 부산 해운대·센텀에서 부산 초량역 의뢰인의 상속등기·부동산등기·법인등기·개인회생 상담을 진행합니다. 확인되지 않은 실적이나 무조건적인 처리를 약속하지 않으며, 서류와 일정을 확인한 뒤 가능 범위를 안내합니다. 부산 초량역에서 자주 문의되는 업무 부산 초량역 생활권 특성을 반영한 상담 유형입니다. 실제 가능 여부는 서류와 관할을 확인한 뒤 ",420,d5fbe9974cc0d637
/업무사례/부산초읍동법무사,"부산 초읍동에서 법무사 업무 사례와 상담 절차를 찾으시는 분을 위한 안내입니다. 부산진구 초읍동 일대는 서면·전포·부전 상권과 주거 단지가 맞닿아 잔금일 등기, 상가 이전, 법인 임원변경 문의가 꾸준한 생활권입니다. 부산 초읍동에서 법무사 업무 사례와 상담 절차를 찾으시는 분을 위한 안내입니다. 부산진구 초읍동 일대는 서면·전포·부전 상권과 주거 단지가 맞닿아 잔금일 등기, 상가 이전, 법인 임원변경 문의가 꾸준한 생활권입니다. 부산 초읍동에서 법무사 업무 사례와 상담 절차를 찾으시는 분을 위한 안내입니다. 부산진구 초읍동 일대는 서면·전포·부전 상권과 주거 단지가 맞닿아 잔금일 등기, 상가 이전, 법인 임원변경 문의가 꾸준한 생활권입니다. 부산 초읍동 일대에서는 역세권 아파트·오피스텔 이전등기 , 역 인근 상가 매매등기 문의가 이어집니다. 다옴법무사사무소 안윤정 법무사는 부산 해운대·센텀에서 부산 초읍동 의뢰인의 상속등기·부동산등기·법인등기·개인회생 상담을 진행합니다. 확인되지 않",451,53c3536d680539dd
/업무사례/부산초장동법무사,"부산 초장동에서 법무사 업무 사례와 상담 절차를 찾으시는 분을 위한 안내입니다. 서구 초장동 일대는 대신·암남·송도 일대는 주거와 병원·해수욕장 생활권이 겹쳐, 상속·부동산 이전과 병원 인근 거주자 상담이 많은 편입니다. 부산 초장동에서 법무사 업무 사례와 상담 절차를 찾으시는 분을 위한 안내입니다. 서구 초장동 일대는 대신·암남·송도 일대는 주거와 병원·해수욕장 생활권이 겹쳐, 상속·부동산 이전과 병원 인근 거주자 상담이 많은 편입니다. 부산 초장동에서 법무사 업무 사례와 상담 절차를 찾으시는 분을 위한 안내입니다. 서구 초장동 일대는 대신·암남·송도 일대는 주거와 병원·해수욕장 생활권이 겹쳐, 상속·부동산 이전과 병원 인근 거주자 상담이 많은 편입니다. 부산 초장동 일대에서는 오래된 등기부 정리·표시변경 검토 , 소규모 필지·상가의 권리관계 확인 문의가 이어집니다. 다옴법무사사무소 안윤정 법무사는 부산 해운대·센텀에서 부산 초장동 의뢰인의 상속등기·부동산등기·법인등기·개인회생 상",454,fa003c2044b21a71
/업무사례/부산충무동법무사,"부산 충무동에서 법무사 업무 사례와 상담 절차를 찾으시는 분을 위한 안내입니다. 서구 충무동 일대는 대신·암남·송도 일대는 주거와 병원·해수욕장 생활권이 겹쳐, 상속·부동산 이전과 병원 인근 거주자 상담이 많은 편입니다. 부산 충무동에서 법무사 업무 사례와 상담 절차를 찾으시는 분을 위한 안내입니다. 서구 충무동 일대는 대신·암남·송도 일대는 주거와 병원·해수욕장 생활권이 겹쳐, 상속·부동산 이전과 병원 인근 거주자 상담이 많은 편입니다. 부산 충무동에서 법무사 업무 사례와 상담 절차를 찾으시는 분을 위한 안내입니다. 서구 충무동 일대는 대신·암남·송도 일대는 주거와 병원·해수욕장 생활권이 겹쳐, 상속·부동산 이전과 병원 인근 거주자 상담이 많은 편입니다. 부산 충무동 일대에서는 공동상속인 협의 후 상속등기 , 근저당 설정·말소와 잔금일 일정 조율 문의가 이어집니다. 다옴법무사사무소 안윤정 법무사는 부산 해운대·센텀에서 부산 충무동 의뢰인의 상속등기·부동산등기·법인등기·개인회생 상담",453,f4c8a9cd6669c1e6
/업무사례/부산칠산동법무사,"부산 칠산동에서 법무사 업무 사례와 상담 절차를 찾으시는 분을 위한 안내입니다. 동래구 칠산동 일대는 온천장·사직·안락 등 전통 주거·상권이 이어져 상속등기, 공동주택 이전, 가족 간 권리 정리 상담이 많은 지역입니다. 부산 칠산동에서 법무사 업무 사례와 상담 절차를 찾으시는 분을 위한 안내입니다. 동래구 칠산동 일대는 온천장·사직·안락 등 전통 주거·상권이 이어져 상속등기, 공동주택 이전, 가족 간 권리 정리 상담이 많은 지역입니다. 부산 칠산동에서 법무사 업무 사례와 상담 절차를 찾으시는 분을 위한 안내입니다. 동래구 칠산동 일대는 온천장·사직·안락 등 전통 주거·상권이 이어져 상속등기, 공동주택 이전, 가족 간 권리 정리 상담이 많은 지역입니다. 부산 칠산동 일대에서는 교통 거점 생활권의 상속등기 , 시장·점포 권리와 건물등기 정리 문의가 이어집니다. 다옴법무사사무소 안윤정 법무사는 부산 해운대·센텀에서 부산 칠산동 의뢰인의 상속등기·부동산등기·법인등기·개인회생 상담을 진행합니",455,afc3f2d5be9d80e1
/업무사례/부산태종대법무사,"부산 태종대에서 법무사 업무 사례와 상담 절차를 찾으시는 분을 위한 안내입니다. 관광·주거가 공존하는 영도 해안 생활권입니다. 부산 태종대에서 법무사 업무 사례와 상담 절차를 찾으시는 분을 위한 안내입니다. 관광·주거가 공존하는 영도 해안 생활권입니다. 부산 태종대에서 법무사 업무 사례와 상담 절차를 찾으시는 분을 위한 안내입니다. 관광·주거가 공존하는 영도 해안 생활권입니다. 부산 태종대 일대에서는 계절 상권 점포의 권리관계 확인 후 등기 , 해안 주거 단지의 상속·공동명의 정리 문의가 이어집니다. 다옴법무사사무소 안윤정 법무사는 부산 해운대·센텀에서 부산 태종대 의뢰인의 상속등기·부동산등기·법인등기·개인회생 상담을 진행합니다. 확인되지 않은 실적이나 무조건적인 처리를 약속하지 않으며, 서류와 일정을 확인한 뒤 가능 범위를 안내합니다. 부산 태종대에서 자주 문의되는 업무 부산 태종대 생활권 특성을 반영한 상담 유형입니다. 실제 가능 여부는 서류와 관할을 확인한 뒤 안내합니다. 계절",400,d0477bea02dcb04f
/업무사례/부산토성동법무사,"부산 토성동에서 법무사 업무 사례와 상담 절차를 찾으시는 분을 위한 안내입니다. 서구 토성동 일대는 대신·암남·송도 일대는 주거와 병원·해수욕장 생활권이 겹쳐, 상속·부동산 이전과 병원 인근 거주자 상담이 많은 편입니다. 부산 토성동에서 법무사 업무 사례와 상담 절차를 찾으시는 분을 위한 안내입니다. 서구 토성동 일대는 대신·암남·송도 일대는 주거와 병원·해수욕장 생활권이 겹쳐, 상속·부동산 이전과 병원 인근 거주자 상담이 많은 편입니다. 부산 토성동에서 법무사 업무 사례와 상담 절차를 찾으시는 분을 위한 안내입니다. 서구 토성동 일대는 대신·암남·송도 일대는 주거와 병원·해수욕장 생활권이 겹쳐, 상속·부동산 이전과 병원 인근 거주자 상담이 많은 편입니다. 부산 토성동 일대에서는 소규모 점포 권리와 소유권 정리 , 관광지 인근 주택 매매등기 문의가 이어집니다. 다옴법무사사무소 안윤정 법무사는 부산 해운대·센텀에서 부산 토성동 의뢰인의 상속등기·부동산등기·법인등기·개인회생 상담을 진행",452,f3efb1fd7e39f1bb
/업무사례/부산하단동법무사,"부산 하단동에서 법무사 업무 사례와 상담 절차를 찾으시는 분을 위한 안내입니다. 사하구 하단동 일대는 하단·다대·장림·감천 일대는 주거와 산업·관광지가 인접해 주택 이전, 공장·상가 등기, 상속 상담이 함께 이뤄집니다. 부산 하단동에서 법무사 업무 사례와 상담 절차를 찾으시는 분을 위한 안내입니다. 사하구 하단동 일대는 하단·다대·장림·감천 일대는 주거와 산업·관광지가 인접해 주택 이전, 공장·상가 등기, 상속 상담이 함께 이뤄집니다. 부산 하단동에서 법무사 업무 사례와 상담 절차를 찾으시는 분을 위한 안내입니다. 사하구 하단동 일대는 하단·다대·장림·감천 일대는 주거와 산업·관광지가 인접해 주택 이전, 공장·상가 등기, 상속 상담이 함께 이뤄집니다. 부산 하단동 일대에서는 해안 주거 단지의 상속·공동명의 정리 , 아파트·다세대 소유권이전등기 문의가 이어집니다. 다옴법무사사무소 안윤정 법무사는 부산 해운대·센텀에서 부산 하단동 의뢰인의 상속등기·부동산등기·법인등기·개인회생 상담을 진",455,4a06aebbbe1d103d
/업무사례/부산하단역법무사,"부산 하단역에서 법무사 업무 사례와 상담 절차를 찾으시는 분을 위한 안내입니다. 하단 역세권 상가·주거 등기 상담이 많은 거점입니다. 부산 하단역에서 법무사 업무 사례와 상담 절차를 찾으시는 분을 위한 안내입니다. 하단 역세권 상가·주거 등기 상담이 많은 거점입니다. 부산 하단역에서 법무사 업무 사례와 상담 절차를 찾으시는 분을 위한 안내입니다. 하단 역세권 상가·주거 등기 상담이 많은 거점입니다. 부산 하단역 일대에서는 상가건물 구분소유권 관련 등기 , 개인사업자·법인의 사업장 주소 변경등기 문의가 이어집니다. 다옴법무사사무소 안윤정 법무사는 부산 해운대·센텀에서 부산 하단역 의뢰인의 상속등기·부동산등기·법인등기·개인회생 상담을 진행합니다. 확인되지 않은 실적이나 무조건적인 처리를 약속하지 않으며, 서류와 일정을 확인한 뒤 가능 범위를 안내합니다. 부산 하단역에서 자주 문의되는 업무 부산 하단역 생활권 특성을 반영한 상담 유형입니다. 실제 가능 여부는 서류와 관할을 확인한 뒤 안내",391,607807ea7d4d5e8c
/업무사례/부산하단오거리법무사,"부산 하단오거리에서 법무사 업무 사례와 상담 절차를 찾으시는 분을 위한 안내입니다. 하단 교통·상권 거점의 상가·주거 등기 상담이 많은 구간입니다. 부산 하단오거리에서 법무사 업무 사례와 상담 절차를 찾으시는 분을 위한 안내입니다. 하단 교통·상권 거점의 상가·주거 등기 상담이 많은 구간입니다. 부산 하단오거리에서 법무사 업무 사례와 상담 절차를 찾으시는 분을 위한 안내입니다. 하단 교통·상권 거점의 상가·주거 등기 상담이 많은 구간입니다. 부산 하단오거리 일대에서는 상가건물 구분소유권 관련 등기 , 개인사업자·법인의 사업장 주소 변경등기 문의가 이어집니다. 다옴법무사사무소 안윤정 법무사는 부산 해운대·센텀에서 부산 하단오거리 의뢰인의 상속등기·부동산등기·법인등기·개인회생 상담을 진행합니다. 확인되지 않은 실적이나 무조건적인 처리를 약속하지 않으며, 서류와 일정을 확인한 뒤 가능 범위를 안내합니다. 부산 하단오거리에서 자주 문의되는 업무 부산 하단오거리 생활권 특성을 반영한 상담 유",427,0854a20e064ab63f
/업무사례/부산학장공단법무사,"부산 학장공단에서 법무사 업무 사례와 상담 절차를 찾으시는 분을 위한 안내입니다. 학장 공단 입주 기업의 법인·부동산등기 상담이 있습니다. 부산 학장공단에서 법무사 업무 사례와 상담 절차를 찾으시는 분을 위한 안내입니다. 학장 공단 입주 기업의 법인·부동산등기 상담이 있습니다. 부산 학장공단에서 법무사 업무 사례와 상담 절차를 찾으시는 분을 위한 안내입니다. 학장 공단 입주 기업의 법인·부동산등기 상담이 있습니다. 부산 학장공단 일대에서는 법인설립·임원변경등기 , 개인회생·파산 관련 상담 문의가 이어집니다. 다옴법무사사무소 안윤정 법무사는 부산 해운대·센텀에서 부산 학장공단 의뢰인의 상속등기·부동산등기·법인등기·개인회생 상담을 진행합니다. 확인되지 않은 실적이나 무조건적인 처리를 약속하지 않으며, 서류와 일정을 확인한 뒤 가능 범위를 안내합니다. 부산 학장공단에서 자주 문의되는 업무 부산 학장공단 생활권 특성을 반영한 상담 유형입니다. 실제 가능 여부는 서류와 관할을 확인한 뒤 안내",403,65b1d25657c4358d
/업무사례/부산학장동법무사,"부산 학장동에서 법무사 업무 사례와 상담 절차를 찾으시는 분을 위한 안내입니다. 사상구 학장동 일대는 사상터미널·주례·학장 일대는 교통 거점과 공업·주거가 공존해 공장·상가 등기, 법인 변경, 주택 이전 문의가 함께 있습니다. 부산 학장동에서 법무사 업무 사례와 상담 절차를 찾으시는 분을 위한 안내입니다. 사상구 학장동 일대는 사상터미널·주례·학장 일대는 교통 거점과 공업·주거가 공존해 공장·상가 등기, 법인 변경, 주택 이전 문의가 함께 있습니다. 부산 학장동에서 법무사 업무 사례와 상담 절차를 찾으시는 분을 위한 안내입니다. 사상구 학장동 일대는 사상터미널·주례·학장 일대는 교통 거점과 공업·주거가 공존해 공장·상가 등기, 법인 변경, 주택 이전 문의가 함께 있습니다. 부산 학장동 일대에서는 산업단지 입주 기업 법인설립·변경등기 , 담보 설정과 맞물린 사업장 등기 일정 문의가 이어집니다. 다옴법무사사무소 안윤정 법무사는 부산 해운대·센텀에서 부산 학장동 의뢰인의 상속등기·부동산등",427,12318661680fe24e
/업무사례/부산항국제여객터미널법무사,"부산항국제여객터미널에서 법무사 업무 사례와 상담 절차를 찾으시는 분을 위한 안내입니다. 여객터미널 인근 상업·주거 등기 문의가 이어지는 구간입니다. 부산항국제여객터미널에서 법무사 업무 사례와 상담 절차를 찾으시는 분을 위한 안내입니다. 여객터미널 인근 상업·주거 등기 문의가 이어지는 구간입니다. 부산항국제여객터미널에서 법무사 업무 사례와 상담 절차를 찾으시는 분을 위한 안내입니다. 여객터미널 인근 상업·주거 등기 문의가 이어지는 구간입니다. 부산항국제여객터미널 일대에서는 항만 인근 토지·건축물 권리 확인 , 숙박·상가 등 관광 상권 부동산등기 문의가 이어집니다. 다옴법무사사무소 안윤정 법무사는 부산 해운대·센텀에서 부산항국제여객터미널 의뢰인의 상속등기·부동산등기·법인등기·개인회생 상담을 진행합니다. 확인되지 않은 실적이나 무조건적인 처리를 약속하지 않으며, 서류와 일정을 확인한 뒤 가능 범위를 안내합니다. 부산항국제여객터미널에서 자주 문의되는 업무 부산항국제여객터미널 생활권 특성을 ",412,db6f2fc69f3b78a1
/업무사례/부산항법무사,"부산항에서 법무사 업무 사례와 상담 절차를 찾으시는 분을 위한 안내입니다. 항만·물류 배후 지역의 사업장·부동산 등기 일정을 맞추는 상담이 있습니다. 부산항에서 법무사 업무 사례와 상담 절차를 찾으시는 분을 위한 안내입니다. 항만·물류 배후 지역의 사업장·부동산 등기 일정을 맞추는 상담이 있습니다. 부산항에서 법무사 업무 사례와 상담 절차를 찾으시는 분을 위한 안내입니다. 항만·물류 배후 지역의 사업장·부동산 등기 일정을 맞추는 상담이 있습니다. 부산항 일대에서는 항만 인근 토지·건축물 권리 확인 , 공장·창고 부동산 취득·이전등기 문의가 이어집니다. 다옴법무사사무소 안윤정 법무사는 부산 해운대·센텀에서 부산항 의뢰인의 상속등기·부동산등기·법인등기·개인회생 상담을 진행합니다. 확인되지 않은 실적이나 무조건적인 처리를 약속하지 않으며, 서류와 일정을 확인한 뒤 가능 범위를 안내합니다. 부산항에서 자주 문의되는 업무 부산항 생활권 특성을 반영한 상담 유형입니다. 실제 가능 여부는 서류와",416,abadfebdb9b3145c
/업무사례/부산해운대동부지원법무사,"부산 해운대동부지원에서 법무사 업무 사례와 상담 절차를 찾으시는 분을 위한 안내입니다. 동부지원 관할 사건의 서류·등기 일정을 맞추는 문의가 있는 권역입니다. 부산 해운대동부지원에서 법무사 업무 사례와 상담 절차를 찾으시는 분을 위한 안내입니다. 동부지원 관할 사건의 서류·등기 일정을 맞추는 문의가 있는 권역입니다. 부산 해운대동부지원에서 법무사 업무 사례와 상담 절차를 찾으시는 분을 위한 안내입니다. 동부지원 관할 사건의 서류·등기 일정을 맞추는 문의가 있는 권역입니다. 부산 해운대동부지원 일대에서는 가정·상속 사건과 연결된 부동산등기 , 등기소 접수·보정 일정 확인 문의가 이어집니다. 다옴법무사사무소 안윤정 법무사는 부산 해운대·센텀에서 부산 해운대동부지원 의뢰인의 상속등기·부동산등기·법인등기·개인회생 상담을 진행합니다. 확인되지 않은 실적이나 무조건적인 처리를 약속하지 않으며, 서류와 일정을 확인한 뒤 가능 범위를 안내합니다. 부산 해운대동부지원에서 자주 문의되는 업무 부산 해",426,4410cf7269094975
/업무사례/부산해운대법무사,"부산 해운대에서 법무사 업무 사례와 상담 절차를 찾으시는 분을 위한 안내입니다. 해수욕장·관광·주거가 겹친 대표 생활권으로 부동산·상속·법인 문의가 고루 있습니다. 부산 해운대에서 법무사 업무 사례와 상담 절차를 찾으시는 분을 위한 안내입니다. 해수욕장·관광·주거가 겹친 대표 생활권으로 부동산·상속·법인 문의가 고루 있습니다. 부산 해운대에서 법무사 업무 사례와 상담 절차를 찾으시는 분을 위한 안내입니다. 해수욕장·관광·주거가 겹친 대표 생활권으로 부동산·상속·법인 문의가 고루 있습니다. 부산 해운대 일대에서는 관광지 인근 주택 매매등기 , 상가·점포 매매에 따른 이전등기 문의가 이어집니다. 다옴법무사사무소 안윤정 법무사는 부산 해운대·센텀에서 부산 해운대 의뢰인의 상속등기·부동산등기·법인등기·개인회생 상담을 진행합니다. 확인되지 않은 실적이나 무조건적인 처리를 약속하지 않으며, 서류와 일정을 확인한 뒤 가능 범위를 안내합니다. 부산 해운대에서 자주 문의되는 업무 부산 해운대 생활권",431,20006d55582da30e
/업무사례/부산해운대역법무사,"부산 해운대역에서 법무사 업무 사례와 상담 절차를 찾으시는 분을 위한 안내입니다. 해운대 역세권 관광·주거 등기 문의가 있는 거점입니다. 부산 해운대역에서 법무사 업무 사례와 상담 절차를 찾으시는 분을 위한 안내입니다. 해운대 역세권 관광·주거 등기 문의가 있는 거점입니다. 부산 해운대역에서 법무사 업무 사례와 상담 절차를 찾으시는 분을 위한 안내입니다. 해운대 역세권 관광·주거 등기 문의가 있는 거점입니다. 부산 해운대역 일대에서는 역세권 아파트·오피스텔 이전등기 , 역 인근 상가 매매등기 문의가 이어집니다. 다옴법무사사무소 안윤정 법무사는 부산 해운대·센텀에서 부산 해운대역 의뢰인의 상속등기·부동산등기·법인등기·개인회생 상담을 진행합니다. 확인되지 않은 실적이나 무조건적인 처리를 약속하지 않으며, 서류와 일정을 확인한 뒤 가능 범위를 안내합니다. 부산 해운대역에서 자주 문의되는 업무 부산 해운대역 생활권 특성을 반영한 상담 유형입니다. 실제 가능 여부는 서류와 관할을 확인한 뒤 ",412,a5adea684076931f
/업무사례/부산해운대해수욕장법무사,"부산 해운대해수욕장에서 법무사 업무 사례와 상담 절차를 찾으시는 분을 위한 안내입니다. 해수욕장 상권·주거의 매매·임대 관련 등기 상담이 많은 구간입니다. 부산 해운대해수욕장에서 법무사 업무 사례와 상담 절차를 찾으시는 분을 위한 안내입니다. 해수욕장 상권·주거의 매매·임대 관련 등기 상담이 많은 구간입니다. 부산 해운대해수욕장에서 법무사 업무 사례와 상담 절차를 찾으시는 분을 위한 안내입니다. 해수욕장 상권·주거의 매매·임대 관련 등기 상담이 많은 구간입니다. 부산 해운대해수욕장 일대에서는 개인사업자·법인의 사업장 주소 변경등기 , 해안·관광 상권과 맞닿은 상가·주택 소유권이전 문의가 이어집니다. 다옴법무사사무소 안윤정 법무사는 부산 해운대·센텀에서 부산 해운대해수욕장 의뢰인의 상속등기·부동산등기·법인등기·개인회생 상담을 진행합니다. 확인되지 않은 실적이나 무조건적인 처리를 약속하지 않으며, 서류와 일정을 확인한 뒤 가능 범위를 안내합니다. 부산 해운대해수욕장에서 자주 문의되는 업",437,09950cf0480d78c8
/업무사례/부산현대미술관법무사,"부산현대미술관에서 법무사 업무 사례와 상담 절차를 찾으시는 분을 위한 안내입니다. 을숙도·미술관 인근 생활권의 부동산 상담 구간입니다. 부산현대미술관에서 법무사 업무 사례와 상담 절차를 찾으시는 분을 위한 안내입니다. 을숙도·미술관 인근 생활권의 부동산 상담 구간입니다. 부산현대미술관에서 법무사 업무 사례와 상담 절차를 찾으시는 분을 위한 안내입니다. 을숙도·미술관 인근 생활권의 부동산 상담 구간입니다. 부산현대미술관 일대에서는 소규모 점포 권리와 소유권 정리 , 관광지 인근 주택 매매등기 문의가 이어집니다. 다옴법무사사무소 안윤정 법무사는 부산 해운대·센텀에서 부산현대미술관 의뢰인의 상속등기·부동산등기·법인등기·개인회생 상담을 진행합니다. 확인되지 않은 실적이나 무조건적인 처리를 약속하지 않으며, 서류와 일정을 확인한 뒤 가능 범위를 안내합니다. 부산현대미술관에서 자주 문의되는 업무 부산현대미술관 생활권 특성을 반영한 상담 유형입니다. 실제 가능 여부는 서류와 관할을 확인한 뒤 안",417,3b4dc94d3d440a59
/업무사례/부산화명동법무사,"부산 화명동에서 법무사 업무 사례와 상담 절차를 찾으시는 분을 위한 안내입니다. 북구 화명동 일대는 화명·덕천·만덕 등 주거 밀집 지역으로, 아파트 소유권이전·상속·근저당 설정·말소 등기 상담이 잦은 생활권입니다. 부산 화명동에서 법무사 업무 사례와 상담 절차를 찾으시는 분을 위한 안내입니다. 북구 화명동 일대는 화명·덕천·만덕 등 주거 밀집 지역으로, 아파트 소유권이전·상속·근저당 설정·말소 등기 상담이 잦은 생활권입니다. 부산 화명동에서 법무사 업무 사례와 상담 절차를 찾으시는 분을 위한 안내입니다. 북구 화명동 일대는 화명·덕천·만덕 등 주거 밀집 지역으로, 아파트 소유권이전·상속·근저당 설정·말소 등기 상담이 잦은 생활권입니다. 부산 화명동 일대에서는 단지 내 상가·근린생활시설 등기 , 역세권 아파트·오피스텔 이전등기 문의가 이어집니다. 다옴법무사사무소 안윤정 법무사는 부산 해운대·센텀에서 부산 화명동 의뢰인의 상속등기·부동산등기·법인등기·개인회생 상담을 진행합니다. 확인되지",439,4507a68955c5e5b7
/업무사례/부산화명신도시법무사,"부산 화명신도시에서 법무사 업무 사례와 상담 절차를 찾으시는 분을 위한 안내입니다. 화명 신도시 아파트 단지의 소유권이전·상속·담보등기 문의가 많은 생활권입니다. 부산 화명신도시에서 법무사 업무 사례와 상담 절차를 찾으시는 분을 위한 안내입니다. 화명 신도시 아파트 단지의 소유권이전·상속·담보등기 문의가 많은 생활권입니다. 부산 화명신도시에서 법무사 업무 사례와 상담 절차를 찾으시는 분을 위한 안내입니다. 화명 신도시 아파트 단지의 소유권이전·상속·담보등기 문의가 많은 생활권입니다. 부산 화명신도시 일대에서는 신축·분양 주택의 소유권보존·이전등기 , 신도시 입주 일정에 맞춘 잔금일 등기 문의가 이어집니다. 다옴법무사사무소 안윤정 법무사는 부산 해운대·센텀에서 부산 화명신도시 의뢰인의 상속등기·부동산등기·법인등기·개인회생 상담을 진행합니다. 확인되지 않은 실적이나 무조건적인 처리를 약속하지 않으며, 서류와 일정을 확인한 뒤 가능 범위를 안내합니다. 부산 화명신도시에서 자주 문의되는 업",411,b5e97c8442b075ca
/업무사례/부산화명역법무사,"부산 화명역에서 법무사 업무 사례와 상담 절차를 찾으시는 분을 위한 안내입니다. 화명 역세권 아파트 등기 상담이 이어집니다. 부산 화명역에서 법무사 업무 사례와 상담 절차를 찾으시는 분을 위한 안내입니다. 화명 역세권 아파트 등기 상담이 이어집니다. 부산 화명역에서 법무사 업무 사례와 상담 절차를 찾으시는 분을 위한 안내입니다. 화명 역세권 아파트 등기 상담이 이어집니다. 부산 화명역 일대에서는 역 인근 상가 매매등기 , 교통 거점 생활권의 상속등기 문의가 이어집니다. 다옴법무사사무소 안윤정 법무사는 부산 해운대·센텀에서 부산 화명역 의뢰인의 상속등기·부동산등기·법인등기·개인회생 상담을 진행합니다. 확인되지 않은 실적이나 무조건적인 처리를 약속하지 않으며, 서류와 일정을 확인한 뒤 가능 범위를 안내합니다. 부산 화명역에서 자주 문의되는 업무 부산 화명역 생활권 특성을 반영한 상담 유형입니다. 실제 가능 여부는 서류와 관할을 확인한 뒤 안내합니다. 역 인근 상가 매매등기 교통 거점 생",411,350cff8147488901
/업무사례/부산화전동법무사,"부산 화전동에서 법무사 업무 사례와 상담 절차를 찾으시는 분을 위한 안내입니다. 강서구 화전동 일대는 명지·에코델타·녹산·신항 일대는 신도시와 산업·물류가 맞물려 신축 보존등기, 공장·창고 이전, 법인 설립·변경 문의가 많습니다. 부산 화전동에서 법무사 업무 사례와 상담 절차를 찾으시는 분을 위한 안내입니다. 강서구 화전동 일대는 명지·에코델타·녹산·신항 일대는 신도시와 산업·물류가 맞물려 신축 보존등기, 공장·창고 이전, 법인 설립·변경 문의가 많습니다. 부산 화전동에서 법무사 업무 사례와 상담 절차를 찾으시는 분을 위한 안내입니다. 강서구 화전동 일대는 명지·에코델타·녹산·신항 일대는 신도시와 산업·물류가 맞물려 신축 보존등기, 공장·창고 이전, 법인 설립·변경 문의가 많습니다. 부산 화전동 일대에서는 항만·물류 배후 사업장·창고 부동산등기 , 물류 법인 본점·지점 변경등기 문의가 이어집니다. 다옴법무사사무소 안윤정 법무사는 부산 해운대·센텀에서 부산 화전동 의뢰인의 상속등기·부",441,1cbbebae3f1babbd
/업무사례/부산화전산업단지법무사,"부산 화전산업단지에서 법무사 업무 사례와 상담 절차를 찾으시는 분을 위한 안내입니다. 화전산단 사업장 등기·법인 변경 상담이 이어집니다. 부산 화전산업단지에서 법무사 업무 사례와 상담 절차를 찾으시는 분을 위한 안내입니다. 화전산단 사업장 등기·법인 변경 상담이 이어집니다. 부산 화전산업단지에서 법무사 업무 사례와 상담 절차를 찾으시는 분을 위한 안내입니다. 화전산단 사업장 등기·법인 변경 상담이 이어집니다. 부산 화전산업단지 일대에서는 상속등기·상속포기·한정승인 상담 , 부동산 매매·증여 이전등기 문의가 이어집니다. 다옴법무사사무소 안윤정 법무사는 부산 해운대·센텀에서 부산 화전산업단지 의뢰인의 상속등기·부동산등기·법인등기·개인회생 상담을 진행합니다. 확인되지 않은 실적이나 무조건적인 처리를 약속하지 않으며, 서류와 일정을 확인한 뒤 가능 범위를 안내합니다. 부산 화전산업단지에서 자주 문의되는 업무 부산 화전산업단지 생활권 특성을 반영한 상담 유형입니다. 실제 가능 여부는 서류와 ",378,19f99dd23f79182e
/업무사례/부산회동동법무사,"부산 회동동에서 법무사 업무 사례와 상담 절차를 찾으시는 분을 위한 안내입니다. 금정구 회동동 일대는 부산대·장전·구서·노포 생활권으로 대학가 임대·주거 매매, 상속등기, 인근 공업지역 관련 법인·부동산 문의가 있습니다. 부산 회동동에서 법무사 업무 사례와 상담 절차를 찾으시는 분을 위한 안내입니다. 금정구 회동동 일대는 부산대·장전·구서·노포 생활권으로 대학가 임대·주거 매매, 상속등기, 인근 공업지역 관련 법인·부동산 문의가 있습니다. 부산 회동동에서 법무사 업무 사례와 상담 절차를 찾으시는 분을 위한 안내입니다. 금정구 회동동 일대는 부산대·장전·구서·노포 생활권으로 대학가 임대·주거 매매, 상속등기, 인근 공업지역 관련 법인·부동산 문의가 있습니다. 부산 회동동 일대에서는 대학가 원룸·다가구 매매·상속등기 , 임대사업 관련 소유권·담보등기 문의가 이어집니다. 다옴법무사사무소 안윤정 법무사는 부산 해운대·센텀에서 부산 회동동 의뢰인의 상속등기·부동산등기·법인등기·개인회생 상담을",439,034852fbfd2d7fea
/업무사례/부산회동석대도시첨단산업단지법무사,"부산 회동석대도시첨단산업단지에서 법무사 업무 사례와 상담 절차를 찾으시는 분을 위한 안내입니다. 도시첨단산업단지 입주와 맞물린 등기 문의가 이어집니다. 부산 회동석대도시첨단산업단지에서 법무사 업무 사례와 상담 절차를 찾으시는 분을 위한 안내입니다. 도시첨단산업단지 입주와 맞물린 등기 문의가 이어집니다. 부산 회동석대도시첨단산업단지에서 법무사 업무 사례와 상담 절차를 찾으시는 분을 위한 안내입니다. 도시첨단산업단지 입주와 맞물린 등기 문의가 이어집니다. 부산 회동석대도시첨단산업단지 일대에서는 부동산 매매·증여 이전등기 , 법인설립·임원변경등기 문의가 이어집니다. 다옴법무사사무소 안윤정 법무사는 부산 해운대·센텀에서 부산 회동석대도시첨단산업단지 의뢰인의 상속등기·부동산등기·법인등기·개인회생 상담을 진행합니다. 확인되지 않은 실적이나 무조건적인 처리를 약속하지 않으며, 서류와 일정을 확인한 뒤 가능 범위를 안내합니다. 부산 회동석대도시첨단산업단지에서 자주 문의되는 업무 부산 회동석대도시첨",378,1971acc57d36ce25
/업무사례/부산회동석대산업단지법무사,"부산 회동석대산업단지에서 법무사 업무 사례와 상담 절차를 찾으시는 분을 위한 안내입니다. 회동·석대 산업단지 사업장의 부동산·법인등기 상담이 있습니다. 부산 회동석대산업단지에서 법무사 업무 사례와 상담 절차를 찾으시는 분을 위한 안내입니다. 회동·석대 산업단지 사업장의 부동산·법인등기 상담이 있습니다. 부산 회동석대산업단지에서 법무사 업무 사례와 상담 절차를 찾으시는 분을 위한 안내입니다. 회동·석대 산업단지 사업장의 부동산·법인등기 상담이 있습니다. 부산 회동석대산업단지 일대에서는 담보 설정과 맞물린 사업장 등기 일정 , 상속등기·상속포기·한정승인 상담 문의가 이어집니다. 다옴법무사사무소 안윤정 법무사는 부산 해운대·센텀에서 부산 회동석대산업단지 의뢰인의 상속등기·부동산등기·법인등기·개인회생 상담을 진행합니다. 확인되지 않은 실적이나 무조건적인 처리를 약속하지 않으며, 서류와 일정을 확인한 뒤 가능 범위를 안내합니다. 부산 회동석대산업단지에서 자주 문의되는 업무 부산 회동석대산업단",412,ad66940619770278
/업무사례/부산회생법원법무사,"부산회생법원에서 법무사 업무 사례와 상담 절차를 찾으시는 분을 위한 안내입니다. 회생·파산 절차와 병행되는 서류·재산 목록·등기 관련 상담이 이어지는 권역입니다. 부산회생법원에서 법무사 업무 사례와 상담 절차를 찾으시는 분을 위한 안내입니다. 회생·파산 절차와 병행되는 서류·재산 목록·등기 관련 상담이 이어지는 권역입니다. 부산회생법원에서 법무사 업무 사례와 상담 절차를 찾으시는 분을 위한 안내입니다. 회생·파산 절차와 병행되는 서류·재산 목록·등기 관련 상담이 이어지는 권역입니다. 부산회생법원 일대에서는 등기소 접수·보정 일정 확인 , 관할 등기소에 따른 신청 방식 점검 문의가 이어집니다. 다옴법무사사무소 안윤정 법무사는 부산 해운대·센텀에서 부산회생법원 의뢰인의 상속등기·부동산등기·법인등기·개인회생 상담을 진행합니다. 확인되지 않은 실적이나 무조건적인 처리를 약속하지 않으며, 서류와 일정을 확인한 뒤 가능 범위를 안내합니다. 부산회생법원에서 자주 문의되는 업무 부산회생법원 생활권",417,9856513521848768
/업무사례/부산흰여울문화마을법무사,"부산 흰여울문화마을에서 법무사 업무 사례와 상담 절차를 찾으시는 분을 위한 안내입니다. 문화마을 인근 소규모 주택·상가 권리 상담이 있습니다. 부산 흰여울문화마을에서 법무사 업무 사례와 상담 절차를 찾으시는 분을 위한 안내입니다. 문화마을 인근 소규모 주택·상가 권리 상담이 있습니다. 부산 흰여울문화마을에서 법무사 업무 사례와 상담 절차를 찾으시는 분을 위한 안내입니다. 문화마을 인근 소규모 주택·상가 권리 상담이 있습니다. 부산 흰여울문화마을 일대에서는 소규모 점포 권리와 소유권 정리 , 관광지 인근 주택 매매등기 문의가 이어집니다. 다옴법무사사무소 안윤정 법무사는 부산 해운대·센텀에서 부산 흰여울문화마을 의뢰인의 상속등기·부동산등기·법인등기·개인회생 상담을 진행합니다. 확인되지 않은 실적이나 무조건적인 처리를 약속하지 않으며, 서류와 일정을 확인한 뒤 가능 범위를 안내합니다. 부산 흰여울문화마을에서 자주 문의되는 업무 부산 흰여울문화마을 생활권 특성을 반영한 상담 유형입니다. 실",422,19c7af7640e70d08
/업무사례/부산BIFC법무사,"부산 BIFC에서 법무사 업무 사례와 상담 절차를 찾으시는 분을 위한 안내입니다. 문현 금융업무지구 법인·오피스 관련 등기 문의입니다. 부산 BIFC에서 법무사 업무 사례와 상담 절차를 찾으시는 분을 위한 안내입니다. 문현 금융업무지구 법인·오피스 관련 등기 문의입니다. 부산 BIFC에서 법무사 업무 사례와 상담 절차를 찾으시는 분을 위한 안내입니다. 문현 금융업무지구 법인·오피스 관련 등기 문의입니다. 부산 BIFC 일대에서는 법인설립·임원변경등기 , 개인회생·파산 관련 상담 문의가 이어집니다. 다옴법무사사무소 안윤정 법무사는 부산 해운대·센텀에서 부산 BIFC 의뢰인의 상속등기·부동산등기·법인등기·개인회생 상담을 진행합니다. 확인되지 않은 실적이나 무조건적인 처리를 약속하지 않으며, 서류와 일정을 확인한 뒤 가능 범위를 안내합니다. 부산 BIFC에서 자주 문의되는 업무 부산 BIFC 생활권 특성을 반영한 상담 유형입니다. 실제 가능 여부는 서류와 관할을 확인한 뒤 안내합니다. 법",401,212c337023b347e5
/업무사례/부천상속등기법무사,"부천 상속등기를 검색하셔도 반드시 부천에 사무소가 있어야 하는 것은 아닙니다. 구·신 아파트와 상가·오피스텔이 함께 넘어오는 상속이 많습니다. 상속인이 서울·부산·해외 등 다른 지역에 있어도, 협의분할·위임·등기부 확인을 한 사무소에서 정리할 수 있는지 먼저 검토합니다. 공과금과 법무사 보수를 구분해 안내하며, 가짜 실적이나 지점 존재를 표현하지 않습니다. 부천 상속등기를 검색하셔도 반드시 부천에 사무소가 있어야 하는 것은 아닙니다. 구·신 아파트와 상가·오피스텔이 함께 넘어오는 상속이 많습니다. 상속인이 서울·부산·해외 등 다른 지역에 있어도, 협의분할·위임·등기부 확인을 한 사무소에서 정리할 수 있는지 먼저 검토합니다. 공과금과 법무사 보수를 구분해 안내하며, 가짜 실적이나 지점 존재를 표현하지 않습니다. 부천 상속등기를 검색하셔도 반드시 부천에 사무소가 있어야 하는 것은 아닙니다. 구·신 아파트와 상가·오피스텔이 함께 넘어오는 상속이 많습니다. 상속인이 서울·부산·해외 등 다른",491,f2b55e928b6d38a2
/업무사례/부평구상속등기법무사,"부평구 상속등기를 검색하셔도 반드시 부평구에 사무소가 있어야 하는 것은 아닙니다. 부평·산곡 일대 구축·신축 아파트와 상가 상속 문의가 꾸준합니다. 상속인이 서울·부산·해외 등 다른 지역에 있어도, 협의분할·위임·등기부 확인을 한 사무소에서 정리할 수 있는지 먼저 검토합니다. 공과금과 법무사 보수를 구분해 안내하며, 가짜 실적이나 지점 존재를 표현하지 않습니다. 부평구 상속등기를 검색하셔도 반드시 부평구에 사무소가 있어야 하는 것은 아닙니다. 부평·산곡 일대 구축·신축 아파트와 상가 상속 문의가 꾸준합니다. 상속인이 서울·부산·해외 등 다른 지역에 있어도, 협의분할·위임·등기부 확인을 한 사무소에서 정리할 수 있는지 먼저 검토합니다. 공과금과 법무사 보수를 구분해 안내하며, 가짜 실적이나 지점 존재를 표현하지 않습니다. 부평구 상속등기를 검색하셔도 반드시 부평구에 사무소가 있어야 하는 것은 아닙니다. 부평·산곡 일대 구축·신축 아파트와 상가 상속 문의가 꾸준합니다. 상속인이 서울·부",469,c377075d33c027f0
/업무사례/북구법무사,"북구에서 법무사 업무 사례와 상담 절차를 찾으시는 분을 위한 안내입니다. 화명·덕천·만덕 등 주거 밀집 지역으로, 아파트 소유권이전·상속·근저당 설정·말소 등기 상담이 잦은 생활권입니다. 북구에서 법무사 업무 사례와 상담 절차를 찾으시는 분을 위한 안내입니다. 화명·덕천·만덕 등 주거 밀집 지역으로, 아파트 소유권이전·상속·근저당 설정·말소 등기 상담이 잦은 생활권입니다. 북구에서 법무사 업무 사례와 상담 절차를 찾으시는 분을 위한 안내입니다. 화명·덕천·만덕 등 주거 밀집 지역으로, 아파트 소유권이전·상속·근저당 설정·말소 등기 상담이 잦은 생활권입니다. 북구 일대에서는 근저당 설정·말소와 잔금일 일정 조율 , 신축·분양 주택의 소유권보존·이전등기 문의가 이어집니다. 다옴법무사사무소 안윤정 법무사는 부산 해운대·센텀에서 북구 의뢰인의 상속등기·부동산등기·법인등기·개인회생 상담을 진행합니다. 확인되지 않은 실적이나 무조건적인 처리를 약속하지 않으며, 서류와 일정을 확인한 뒤 가능 범",434,60365090d5109554
/업무사례/분당상속등기법무사,"분당 상속등기를 검색하셔도 반드시 분당에 사무소가 있어야 하는 것은 아닙니다. 대단지 아파트 상속에서 상속인이 여러 명이거나 타지역·해외 거주인 경우가 많습니다. 상속인이 서울·부산·해외 등 다른 지역에 있어도, 협의분할·위임·등기부 확인을 한 사무소에서 정리할 수 있는지 먼저 검토합니다. 공과금과 법무사 보수를 구분해 안내하며, 가짜 실적이나 지점 존재를 표현하지 않습니다. 분당 상속등기를 검색하셔도 반드시 분당에 사무소가 있어야 하는 것은 아닙니다. 대단지 아파트 상속에서 상속인이 여러 명이거나 타지역·해외 거주인 경우가 많습니다. 상속인이 서울·부산·해외 등 다른 지역에 있어도, 협의분할·위임·등기부 확인을 한 사무소에서 정리할 수 있는지 먼저 검토합니다. 공과금과 법무사 보수를 구분해 안내하며, 가짜 실적이나 지점 존재를 표현하지 않습니다. 분당 상속등기를 검색하셔도 반드시 분당에 사무소가 있어야 하는 것은 아닙니다. 대단지 아파트 상속에서 상속인이 여러 명이거나 타지역·해외",488,9671482391313104
/업무사례/사상구법무사,"사상구에서 법무사 업무 사례와 상담 절차를 찾으시는 분을 위한 안내입니다. 사상터미널·주례·학장 일대는 교통 거점과 공업·주거가 공존해 공장·상가 등기, 법인 변경, 주택 이전 문의가 함께 있습니다. 사상구에서 법무사 업무 사례와 상담 절차를 찾으시는 분을 위한 안내입니다. 사상터미널·주례·학장 일대는 교통 거점과 공업·주거가 공존해 공장·상가 등기, 법인 변경, 주택 이전 문의가 함께 있습니다. 사상구에서 법무사 업무 사례와 상담 절차를 찾으시는 분을 위한 안내입니다. 사상터미널·주례·학장 일대는 교통 거점과 공업·주거가 공존해 공장·상가 등기, 법인 변경, 주택 이전 문의가 함께 있습니다. 사상구 일대에서는 담보 설정과 맞물린 사업장 등기 일정 , 역세권 아파트·오피스텔 이전등기 문의가 이어집니다. 다옴법무사사무소 안윤정 법무사는 부산 해운대·센텀에서 사상구 의뢰인의 상속등기·부동산등기·법인등기·개인회생 상담을 진행합니다. 확인되지 않은 실적이나 무조건적인 처리를 약속하지 않으며",447,a1e81f0999dc3fa7
/업무사례/사송상속등기법무사,"양산 사송 일대 신축 아파트 상속등기는 분양·잔금·등기 이력 확인이 선행되어야 합니다. 다옴법무사사무소는 부산 해운대구에 있으며 양산·사송에 별도 지점이 없습니다. 사송 아파트와 증산·물금 다른 단지가 함께 상속되거나 상속인이 부산에 거주하는 등 일반적인 상담 유형을 기준으로 절차·보수·공과금을 구분해 안내합니다. 가까운 부산이라 방문 상담이 가능하고, 원격 상속인은 서류 사진·화상으로 협의를 맞출 수 있습니다. 양산 사송 일대 신축 아파트 상속등기는 분양·잔금·등기 이력 확인이 선행되어야 합니다. 다옴법무사사무소는 부산 해운대구에 있으며 양산·사송에 별도 지점이 없습니다. 사송 아파트와 증산·물금 다른 단지가 함께 상속되거나 상속인이 부산에 거주하는 등 일반적인 상담 유형을 기준으로 절차·보수·공과금을 구분해 안내합니다. 가까운 부산이라 방문 상담이 가능하고, 원격 상속인은 서류 사진·화상으로 협의를 맞출 수 있습니다. 양산 사송 일대 신축 아파트 상속등기는 분양·잔금·등기 이력 ",449,80bd31b73676a22f
/업무사례/사천상속등기법무사,"사천시는 옛 사천군과 삼천포시가 1995년에 통합되면서 지금의 이름이 되었고, 지금도 '삼천포'라는 지명은 사천시 안의 한 생활권을 가리키는 이름으로 남아 있습니다. 그래서 삼천포 상속등기를 검색해도 실제로는 사천시 상속등기와 같은 관할·절차로 진행되는 경우가 많습니다. 사천 해안가 어촌 주택과 도심 아파트, 외곽 농지·과수원이 함께 상속되는 경우가 흔하고, 정작 상속인은 진주·부산·수도권 등 사천을 떠나 다른 지역에 거주하는 경우도 많습니다. 다옴법무사사무소는 부산 해운대구에 있으며 사천에 별도 지점을 두고 있지 않지만, 상속등기는 부동산 소재지 기준 관할 특례가 적용될 수 있어 해운대 사무소에서 상담부터 신청까지 진행 가능한지 사건별로 검토합니다. 해안가 부동산은 공유수면 인접 여부나 어업권 관련 사항이 얽혀 있을 수 있어 등기부만으로 판단이 어려운 경우 지적도·토지대장을 함께 확인합니다. 타지역에 거주하는 상속인은 등기부등본·가족관계증명서 사진으로 먼저 개요를 확인할 수 있고,",825,c1d7d1f848450dd0
/업무사례/사하구법무사,"사하구에서 법무사 업무 사례와 상담 절차를 찾으시는 분을 위한 안내입니다. 하단·다대·장림·감천 일대는 주거와 산업·관광지가 인접해 주택 이전, 공장·상가 등기, 상속 상담이 함께 이뤄집니다. 사하구에서 법무사 업무 사례와 상담 절차를 찾으시는 분을 위한 안내입니다. 하단·다대·장림·감천 일대는 주거와 산업·관광지가 인접해 주택 이전, 공장·상가 등기, 상속 상담이 함께 이뤄집니다. 사하구에서 법무사 업무 사례와 상담 절차를 찾으시는 분을 위한 안내입니다. 하단·다대·장림·감천 일대는 주거와 산업·관광지가 인접해 주택 이전, 공장·상가 등기, 상속 상담이 함께 이뤄집니다. 사하구 일대에서는 계절 상권 점포의 권리관계 확인 후 등기 , 해안 주거 단지의 상속·공동명의 정리 문의가 이어집니다. 다옴법무사사무소 안윤정 법무사는 부산 해운대·센텀에서 사하구 의뢰인의 상속등기·부동산등기·법인등기·개인회생 상담을 진행합니다. 확인되지 않은 실적이나 무조건적인 처리를 약속하지 않으며, 서류와 일",459,f19d395c0cdb613e
/업무사례/산청상속등기법무사,"산청군은 지리산 서남쪽 자락에 자리 잡고 있어 임야 비중이 높고, 조상 대대로 내려온 임야 중 상당수가 조부모나 증조부모 명의로 수십 년째 정리되지 않은 채 남아 있는 경우가 많습니다. 이런 오래된 지번은 최근 가족관계증명서만으로는 상속인 전체를 확인하기 어려워, 폐지된 호적을 기록한 제적등본을 발급받아 당시 가족관계부터 확인하는 절차가 먼저 필요합니다. 산청 임야는 지적도상 경계와 실제 등산로·계곡 인접 여부가 다른 경우도 있고, 국유림이나 보전산지로 지정된 구역과 맞닿아 있으면 별도 확인이 필요할 수 있습니다. 산청군의 부동산 등기는 산청등기소가 관할하지만, 상속포기·한정승인처럼 가정법원에 신고하는 사건은 창원지방법원 진주지원이 관할이어서 절차에 따라 확인해야 하는 기관이 다릅니다. 다옴법무사사무소는 부산 해운대구에 있으며 산청에 별도 지점을 두고 있지 않지만, 상속등기는 부동산 소재지 기준 관할 특례가 적용될 수 있어 해운대 사무소에서 상담부터 신청까지 진행 가능한지 사건별로 ",841,fb873fa31e43aea7
/업무사례/상주상속등기법무사,"상주시는 경상북도에서 손꼽히는 농업 도시로, 곶감으로 유명한 감나무밭을 비롯해 논·밭이 넓게 펼쳐져 있어 한 분의 상속재산이라도 필지가 십여 개 이상으로 나뉘어 있는 경우가 드물지 않습니다. 필지가 많으면 상속인이 정확한 필지 수와 위치조차 파악하지 못한 채 상담을 시작하는 경우가 많아, 등기부등본과 지방세 열람 내역을 함께 조회해 누락된 필지가 있는지부터 확인하는 절차가 필요합니다. 곶감밭 등 특정 작물을 위한 농지는 지목이 '과수원'인지 '전'인지에 따라 취득세 산정이 달라질 수 있고, 여러 필지를 한 번에 협의분할하려면 지분 배분 방식도 함께 검토해야 합니다. 상주시의 부동산 등기는 상주지원 등기계가 관할하며, 상주지원은 상주시뿐 아니라 문경시·예천군의 재판 사건도 함께 담당합니다. 다옴법무사사무소는 부산 해운대구에 있으며 상주에 별도 지점을 두고 있지 않지만, 상속등기는 부동산 소재지 기준 관할 특례가 적용될 수 있어 해운대 사무소에서 상담부터 신청까지 진행 가능한지 사건별로",787,329db0b4968f406c
/업무사례/서구법무사,"서구에서 법무사 업무 사례와 상담 절차를 찾으시는 분을 위한 안내입니다. 대신·암남·송도 일대는 주거와 병원·해수욕장 생활권이 겹쳐, 상속·부동산 이전과 병원 인근 거주자 상담이 많은 편입니다. 서구에서 법무사 업무 사례와 상담 절차를 찾으시는 분을 위한 안내입니다. 대신·암남·송도 일대는 주거와 병원·해수욕장 생활권이 겹쳐, 상속·부동산 이전과 병원 인근 거주자 상담이 많은 편입니다. 서구에서 법무사 업무 사례와 상담 절차를 찾으시는 분을 위한 안내입니다. 대신·암남·송도 일대는 주거와 병원·해수욕장 생활권이 겹쳐, 상속·부동산 이전과 병원 인근 거주자 상담이 많은 편입니다. 서구 일대에서는 공동상속인 협의 후 상속등기 , 근저당 설정·말소와 잔금일 일정 조율 문의가 이어집니다. 다옴법무사사무소 안윤정 법무사는 부산 해운대·센텀에서 서구 의뢰인의 상속등기·부동산등기·법인등기·개인회생 상담을 진행합니다. 확인되지 않은 실적이나 무조건적인 처리를 약속하지 않으며, 서류와 일정을 확인한",449,2433aac88ebc623b
/업무사례/서귀포상속등기법무사,"서귀포 부동산 상속등기 문의는 서귀포·중문 토지·주택·농지 상속에서 방문 없이 가능한 단계를 구분해 안내합니다. 거리보다 관할 특례 적용 여부와 서류 수집 순서가 중요합니다. 부산 해운대 사무소에서 전화·카카오·우편으로 상담하며, 서귀포에 별도 출장 사무소는 운영하지 않습니다. 매도를 앞둔 물건이 있으면 협의분할과 신청 순서를 함께 맞춥니다. 서귀포 부동산 상속등기 문의는 서귀포·중문 토지·주택·농지 상속에서 방문 없이 가능한 단계를 구분해 안내합니다. 거리보다 관할 특례 적용 여부와 서류 수집 순서가 중요합니다. 부산 해운대 사무소에서 전화·카카오·우편으로 상담하며, 서귀포에 별도 출장 사무소는 운영하지 않습니다. 매도를 앞둔 물건이 있으면 협의분할과 신청 순서를 함께 맞춥니다. 서귀포 부동산 상속등기 문의는 서귀포·중문 토지·주택·농지 상속에서 방문 없이 가능한 단계를 구분해 안내합니다. 거리보다 관할 특례 적용 여부와 서류 수집 순서가 중요합니다. 부산 해운대 사무소에서 전화·",481,72752dca6456d441
/업무사례/서산보령상속등기법무사,"서산과 보령은 충남 서해안 생활권으로 묶이지만 등기 관할과 부동산 유형은 시마다 다릅니다. 서산은 아파트·산업단지 인근 공장·창고, 보령은 대천 상가·펜션·해안 토지·농지가 상속으로 넘어오는 비중이 높습니다. 상속인이 천안·대전·서울·부산에 흩어져 있으면 현지 방문보다 비대면으로 협의분할·위임을 맞출 수 있는지가 먼저입니다. 공장·상가는 임대차·근저당을, 농지·해안 토지는 지목·면적을 나눠 목록화합니다. 대산·성연·대천 등 생활권 명칭만으로 주소를 기억하면 지번이 어긋날 수 있어 상담 초기에 정확한 소재지를 확정합니다. 해안·간척지 성격의 토지는 지적과 등기 표시가 복잡할 수 있으므로 지적도 대조를 권합니다. 서산 대산 산업단지 인근과 보령 대천항 생활권은 부동산 성격이 달라 시별로 목록을 분리합니다. 해안 토지는 지적 정리 여부를 초기에 확인하고, 아파트는 관리비·근저당을 등기부에서 점검합니다. 서산·보령을 묶은 상속이라도 시별로 등기부를 따로 받고, 공장·상가·농지·해안 토지를 ",837,31223f6235947d7e
/업무사례/서울상속등기법무사,"서울 법무사 상속등기를 검색하셔도, 반드시 서울에 사무소가 있어야만 맡길 수 있는 것은 아닙니다. 상속인이 지방·해외에 있거나 여러 구에 아파트·상가가 분산된 경우, 협의분할 후 매도를 예정한 경우처럼 거리보다 서류·관할 정리가 중요합니다. 서울 법무사 상속등기를 검색하셔도, 반드시 서울에 사무소가 있어야만 맡길 수 있는 것은 아닙니다. 상속인이 지방·해외에 있거나 여러 구에 아파트·상가가 분산된 경우, 협의분할 후 매도를 예정한 경우처럼 거리보다 서류·관할 정리가 중요합니다. 서울 법무사 상속등기를 검색하셔도, 반드시 서울에 사무소가 있어야만 맡길 수 있는 것은 아닙니다. 상속인이 지방·해외에 있거나 여러 구에 아파트·상가가 분산된 경우, 협의분할 후 매도를 예정한 경우처럼 거리보다 서류·관할 정리가 중요합니다. 다옴법무사사무소는 부산 해운대구에 있으며 서울에 별도 지점이 있는 것은 아닙니다. 상속등기의 관할 특례와 비대면 서류 전달 방식을 검토하여 서울 소재 부동산도 진행 바로 ",507,7ee027d936de8584
/업무사례/서초구상속등기법무사,"서초구에서 법조·교육 인근 아파트와 상가 상속, 협의분할 논의가 길어지는 경우가 있습니다. 다옴법무사사무소는 부산 해운대에 있으므로 서초구 지점이 있다는 뜻이 아닙니다. 초기 상담에서는 등기부·협의 개요·상속인 거주지만으로 진행 가능 범위를 설명하고, 원본이 필요한 단계는 수임 전에 구분합니다. 아파트·상가·토지가 섞여 있으면 목록표부터 작성하는 것이 누락을 줄입니다. 서초구에서 법조·교육 인근 아파트와 상가 상속, 협의분할 논의가 길어지는 경우가 있습니다. 다옴법무사사무소는 부산 해운대에 있으므로 서초구 지점이 있다는 뜻이 아닙니다. 초기 상담에서는 등기부·협의 개요·상속인 거주지만으로 진행 가능 범위를 설명하고, 원본이 필요한 단계는 수임 전에 구분합니다. 아파트·상가·토지가 섞여 있으면 목록표부터 작성하는 것이 누락을 줄입니다. 서초구에서 법조·교육 인근 아파트와 상가 상속, 협의분할 논의가 길어지는 경우가 있습니다. 다옴법무사사무소는 부산 해운대에 있으므로 서초구 지점이 있다",480,d64a1f926669278b
/업무사례/성남상속등기법무사,"성남 부동산 상속등기 문의는 수정·중원·분당 행정구와 인접 시 부동산이 분산되는 경우가 있습니다. 거리보다 관할 특례 적용 여부와 서류 수집 순서가 중요합니다. 부산 해운대 사무소에서 전화·카카오·우편으로 상담하며, 성남에 별도 출장 사무소는 운영하지 않습니다. 매도를 앞둔 물건이 있으면 협의분할과 신청 순서를 함께 맞춥니다. 성남 부동산 상속등기 문의는 수정·중원·분당 행정구와 인접 시 부동산이 분산되는 경우가 있습니다. 거리보다 관할 특례 적용 여부와 서류 수집 순서가 중요합니다. 부산 해운대 사무소에서 전화·카카오·우편으로 상담하며, 성남에 별도 출장 사무소는 운영하지 않습니다. 매도를 앞둔 물건이 있으면 협의분할과 신청 순서를 함께 맞춥니다. 성남 부동산 상속등기 문의는 수정·중원·분당 행정구와 인접 시 부동산이 분산되는 경우가 있습니다. 거리보다 관할 특례 적용 여부와 서류 수집 순서가 중요합니다. 부산 해운대 사무소에서 전화·카카오·우편으로 상담하며, 성남에 별도 출장 사",450,5ce549a6c87deb6c
/업무사례/성동구상속등기법무사,"성동구 상속등기를 검색하셔도 반드시 성동구에 사무소가 있어야 하는 것은 아닙니다. 성수·왕십리 재건축·리모델링 단지와 상가 상속 문의가 꾸준합니다. 상속인이 서울·부산·해외 등 다른 지역에 있어도, 협의분할·위임·등기부 확인을 한 사무소에서 정리할 수 있는지 먼저 검토합니다. 공과금과 법무사 보수를 구분해 안내하며, 가짜 실적이나 지점 존재를 표현하지 않습니다. 성동구 상속등기를 검색하셔도 반드시 성동구에 사무소가 있어야 하는 것은 아닙니다. 성수·왕십리 재건축·리모델링 단지와 상가 상속 문의가 꾸준합니다. 상속인이 서울·부산·해외 등 다른 지역에 있어도, 협의분할·위임·등기부 확인을 한 사무소에서 정리할 수 있는지 먼저 검토합니다. 공과금과 법무사 보수를 구분해 안내하며, 가짜 실적이나 지점 존재를 표현하지 않습니다. 성동구 상속등기를 검색하셔도 반드시 성동구에 사무소가 있어야 하는 것은 아닙니다. 성수·왕십리 재건축·리모델링 단지와 상가 상속 문의가 꾸준합니다. 상속인이 서울·부",482,9b91785d5b2de84d
/업무사례/세종상속등기법무사,세종시 아파트·상가 상속은 서류 사진으로 개요를 확인한 뒤 원본 단계를 안내하는 방식이 많습니다. 세종시 아파트·상가 상속은 서류 사진으로 개요를 확인한 뒤 원본 단계를 안내하는 방식이 많습니다. 세종시 아파트·상가 상속은 서류 사진으로 개요를 확인한 뒤 원본 단계를 안내하는 방식이 많습니다. 다옴법무사사무소는 부산 해운대구에 있으며 세종에 별도 지점이 있는 것은 아닙니다. 세종 소재 부동산의 관할 특례 검토 세종시 아파트·상가 상속은 서류 사진으로 개요를 확인한 뒤 원본 단계를 안내하는 방식이 많습니다. 안윤정 법무사 직접 확인 비대면 필요서류 안내 보수와 공과금 구분 접수·보정·완료 진행상황 공유 세종 아파트·토지·상가가 섞인 경우 세종 소재 부동산이어도 부산 해운대 사무소에서 관할 특례·비대면 서류 전달을 검토할 수 있습니다. 지점이 있다는 의미가 아닙니다. 상가·오피스텔이 포함된 상속: 임대차·근저당·구분소유 여부를 등기부와 함께 확인합니다. 매도·임대 유지 계획에 따라 일정,362,a584fbd4e6009f88
/업무사례/속초상속등기법무사,"속초는 별장·세컨드하우스나 펜션으로 사용하던 부동산을 상속받는 상담이 많고, 상속인 대부분이 수도권에 거주해 자주 방문하기 어려운 경우가 흔합니다. 임대·숙박업으로 운영 중이던 펜션은 사업자 정리와 등기 절차를 함께 안내받아야 할 수 있어 일반 주택 상속과는 확인할 항목이 다릅니다. 원본 서류 전달과 신청 순서를 미리 맞춰 방문 횟수를 줄이는 방법을 검토합니다. 다옴법무사사무소는 부산 해운대구에 있으며 속초에 별도 지점이 있는 것은 아닙니다. 속초는 별장·세컨드하우스나 펜션으로 사용하던 부동산을 상속받는 상담이 많고, 상속인 대부분이 수도권에 거주해 자주 방문하기 어려운 경우가 흔합니다. 임대·숙박업으로 운영 중이던 펜션은 사업자 정리와 등기 절차를 함께 안내받아야 할 수 있어 일반 주택 상속과는 확인할 항목이 다릅니다. 원본 서류 전달과 신청 순서를 미리 맞춰 방문 횟수를 줄이는 방법을 검토합니다. 다옴법무사사무소는 부산 해운대구에 있으며 속초에 별도 지점이 있는 것은 아닙니다. ",511,e783bacaccc84a1c
/업무사례/송도상속등기법무사,"송도에서 송도 국제도시 아파트·오피스텔 상속에서 상속인이 육지·해외에 있는 경우가 많습니다. 다옴법무사사무소는 부산 해운대에 있으므로 송도 지점이 있다는 뜻이 아닙니다. 초기 상담에서는 등기부·협의 개요·상속인 거주지만으로 진행 가능 범위를 설명하고, 원본이 필요한 단계는 수임 전에 구분합니다. 아파트·상가·토지가 섞여 있으면 목록표부터 작성하는 것이 누락을 줄입니다. 송도에서 송도 국제도시 아파트·오피스텔 상속에서 상속인이 육지·해외에 있는 경우가 많습니다. 다옴법무사사무소는 부산 해운대에 있으므로 송도 지점이 있다는 뜻이 아닙니다. 초기 상담에서는 등기부·협의 개요·상속인 거주지만으로 진행 가능 범위를 설명하고, 원본이 필요한 단계는 수임 전에 구분합니다. 아파트·상가·토지가 섞여 있으면 목록표부터 작성하는 것이 누락을 줄입니다. 송도에서 송도 국제도시 아파트·오피스텔 상속에서 상속인이 육지·해외에 있는 경우가 많습니다. 다옴법무사사무소는 부산 해운대에 있으므로 송도 지점이 있다",497,5e17603eae5a6710
/업무사례/송파구상속등기법무사,"송파구 부동산 상속등기 문의는 잠실·문정 일대 대단지 아파트와 상가가 함께 상속되는 경우가 많습니다. 거리보다 관할 특례 적용 여부와 서류 수집 순서가 중요합니다. 부산 해운대 사무소에서 전화·카카오·우편으로 상담하며, 송파구에 별도 출장 사무소는 운영하지 않습니다. 매도를 앞둔 물건이 있으면 협의분할과 신청 순서를 함께 맞춥니다. 송파구 부동산 상속등기 문의는 잠실·문정 일대 대단지 아파트와 상가가 함께 상속되는 경우가 많습니다. 거리보다 관할 특례 적용 여부와 서류 수집 순서가 중요합니다. 부산 해운대 사무소에서 전화·카카오·우편으로 상담하며, 송파구에 별도 출장 사무소는 운영하지 않습니다. 매도를 앞둔 물건이 있으면 협의분할과 신청 순서를 함께 맞춥니다. 송파구 부동산 상속등기 문의는 잠실·문정 일대 대단지 아파트와 상가가 함께 상속되는 경우가 많습니다. 거리보다 관할 특례 적용 여부와 서류 수집 순서가 중요합니다. 부산 해운대 사무소에서 전화·카카오·우편으로 상담하며, 송파구",470,7f201173deef5e81
/업무사례/수영구법무사,"수영구에서 법무사 업무 사례와 상담 절차를 찾으시는 분을 위한 안내입니다. 광안리·남천·망미 일대는 해안 주거와 상권이 밀집해 아파트·오피스텔 이전등기, 상가 권리, 상속 상담이 이어집니다. 수영구에서 법무사 업무 사례와 상담 절차를 찾으시는 분을 위한 안내입니다. 광안리·남천·망미 일대는 해안 주거와 상권이 밀집해 아파트·오피스텔 이전등기, 상가 권리, 상속 상담이 이어집니다. 수영구에서 법무사 업무 사례와 상담 절차를 찾으시는 분을 위한 안내입니다. 광안리·남천·망미 일대는 해안 주거와 상권이 밀집해 아파트·오피스텔 이전등기, 상가 권리, 상속 상담이 이어집니다. 수영구 일대에서는 상가·점포 매매에 따른 이전등기 , 상가건물 구분소유권 관련 등기 문의가 이어집니다. 다옴법무사사무소 안윤정 법무사는 부산 해운대·센텀에서 수영구 의뢰인의 상속등기·부동산등기·법인등기·개인회생 상담을 진행합니다. 확인되지 않은 실적이나 무조건적인 처리를 약속하지 않으며, 서류와 일정을 확인한 뒤 가능 ",441,16263820d3b74a35
/업무사례/수원상속등기법무사,"수원에서 장안·권선·팔달·영통 등 행정구역이 나뉜 아파트·상가 상속이 많습니다. 다옴법무사사무소는 부산 해운대에 있으므로 수원 지점이 있다는 뜻이 아닙니다. 초기 상담에서는 등기부·협의 개요·상속인 거주지만으로 진행 가능 범위를 설명하고, 원본이 필요한 단계는 수임 전에 구분합니다. 아파트·상가·토지가 섞여 있으면 목록표부터 작성하는 것이 누락을 줄입니다. 수원에서 장안·권선·팔달·영통 등 행정구역이 나뉜 아파트·상가 상속이 많습니다. 다옴법무사사무소는 부산 해운대에 있으므로 수원 지점이 있다는 뜻이 아닙니다. 초기 상담에서는 등기부·협의 개요·상속인 거주지만으로 진행 가능 범위를 설명하고, 원본이 필요한 단계는 수임 전에 구분합니다. 아파트·상가·토지가 섞여 있으면 목록표부터 작성하는 것이 누락을 줄입니다. 수원에서 장안·권선·팔달·영통 등 행정구역이 나뉜 아파트·상가 상속이 많습니다. 다옴법무사사무소는 부산 해운대에 있으므로 수원 지점이 있다는 뜻이 아닙니다. 초기 상담에서는 등",463,f8264a96b151f559
/업무사례/순천상속등기법무사,"순천에서 순천만 인근 토지·농지와 아파트 상속에서 필지 목록이 중요합니다. 다옴법무사사무소는 부산 해운대에 있으므로 순천 지점이 있다는 뜻이 아닙니다. 초기 상담에서는 등기부·협의 개요·상속인 거주지만으로 진행 가능 범위를 설명하고, 원본이 필요한 단계는 수임 전에 구분합니다. 아파트·상가·토지가 섞여 있으면 목록표부터 작성하는 것이 누락을 줄입니다. 순천에서 순천만 인근 토지·농지와 아파트 상속에서 필지 목록이 중요합니다. 다옴법무사사무소는 부산 해운대에 있으므로 순천 지점이 있다는 뜻이 아닙니다. 초기 상담에서는 등기부·협의 개요·상속인 거주지만으로 진행 가능 범위를 설명하고, 원본이 필요한 단계는 수임 전에 구분합니다. 아파트·상가·토지가 섞여 있으면 목록표부터 작성하는 것이 누락을 줄입니다. 순천에서 순천만 인근 토지·농지와 아파트 상속에서 필지 목록이 중요합니다. 다옴법무사사무소는 부산 해운대에 있으므로 순천 지점이 있다는 뜻이 아닙니다. 초기 상담에서는 등기부·협의 개요·",468,78653eefc191b269
/업무사례/시흥상속등기법무사,"시흥에서는 배곧·은계 신도시 아파트를 상속받는 경우와, 정왕·시화 공단 내 공장·창고 건물을 함께 물려받는 경우가 자주 섞입니다. 집합건물인 아파트와 일반건물인 공장은 등기부 확인 방식과 필요서류가 다를 수 있어 부동산 종류별로 목록을 나눠 확인하는 것이 우선입니다. 상속인이 서울·부산 등 다른 지역에 있어도 협의분할·위임·등기부 확인을 한 사무소에서 정리할 수 있는지 먼저 검토합니다. 다옴법무사사무소는 부산 해운대구에 있으며 시흥에 별도 지점이 있는 것은 아닙니다. 공과금과 법무사 보수를 구분해 안내하며, 가짜 실적이나 지점 존재를 표현하지 않습니다. 시흥에서는 배곧·은계 신도시 아파트를 상속받는 경우와, 정왕·시화 공단 내 공장·창고 건물을 함께 물려받는 경우가 자주 섞입니다. 집합건물인 아파트와 일반건물인 공장은 등기부 확인 방식과 필요서류가 다를 수 있어 부동산 종류별로 목록을 나눠 확인하는 것이 우선입니다. 상속인이 서울·부산 등 다른 지역에 있어도 협의분할·위임·등기부 확",560,1b8262982d86aeda
/업무사례/아산상속등기법무사,"아산에서 탕정·배방 신도시와 농지·토지 상속에서 목록을 먼저 작성합니다. 다옴법무사사무소는 부산 해운대에 있으므로 아산 지점이 있다는 뜻이 아닙니다. 초기 상담에서는 등기부·협의 개요·상속인 거주지만으로 진행 가능 범위를 설명하고, 원본이 필요한 단계는 수임 전에 구분합니다. 아파트·상가·토지가 섞여 있으면 목록표부터 작성하는 것이 누락을 줄입니다. 아산에서 탕정·배방 신도시와 농지·토지 상속에서 목록을 먼저 작성합니다. 다옴법무사사무소는 부산 해운대에 있으므로 아산 지점이 있다는 뜻이 아닙니다. 초기 상담에서는 등기부·협의 개요·상속인 거주지만으로 진행 가능 범위를 설명하고, 원본이 필요한 단계는 수임 전에 구분합니다. 아파트·상가·토지가 섞여 있으면 목록표부터 작성하는 것이 누락을 줄입니다. 아산에서 탕정·배방 신도시와 농지·토지 상속에서 목록을 먼저 작성합니다. 다옴법무사사무소는 부산 해운대에 있으므로 아산 지점이 있다는 뜻이 아닙니다. 초기 상담에서는 등기부·협의 개요·상속인",461,0f4b52be442f5482
/업무사례/안동상속등기법무사,"경북 안동시 토지·농지·답·임야·주택 상속등기를 검색하셔도 해당 지역 소재 사무소만 찾을 필요는 없습니다. 다옴법무사사무소는 부산 해운대구에 있으며 안동에 별도 지점이 없습니다. 안동 여러 필지와 조부모 명의 토지가 섞인 경우도 서류 목록부터 정리합니다. 부산과 거리가 있어도 등기부·가족관계 서류 사진으로 비대면 개요 상담이 가능하고, 방문을 원하시면 해운대 사무소로 오실 수 있습니다. 경북 안동시 토지·농지·답·임야·주택 상속등기를 검색하셔도 해당 지역 소재 사무소만 찾을 필요는 없습니다. 다옴법무사사무소는 부산 해운대구에 있으며 안동에 별도 지점이 없습니다. 안동 여러 필지와 조부모 명의 토지가 섞인 경우도 서류 목록부터 정리합니다. 부산과 거리가 있어도 등기부·가족관계 서류 사진으로 비대면 개요 상담이 가능하고, 방문을 원하시면 해운대 사무소로 오실 수 있습니다. 경북 안동시 토지·농지·답·임야·주택 상속등기를 검색하셔도 해당 지역 소재 사무소만 찾을 필요는 없습니다. 다옴법무",439,f80a281fae78e603
/업무사례/안동오래된토지상속등기,"안동에서는 조부모 명의로 수십 년간 등기가 정리되지 않은 채 남아 있는 토지·농지가 상속 상담에 자주 등장합니다. 조부모가 사망한 시점이 오래되어 가족관계증명서만으로는 상속인 전체를 확인하기 어려운 경우가 많고, 이때는 폐지된 호적을 기록한 제적등본을 발급받아 조부모 당시의 가족관계를 먼저 확인해야 합니다. 부모님도 이미 사망했다면 조부모→부모→현재 상속인으로 이어지는 연쇄 상속 구조를 정리해야 하고, 대습상속이나 재혼·양자 등 가족관계가 복잡한 경우 상속인 범위를 확정하는 데 시간이 더 걸릴 수 있습니다. 다옴법무사사무소는 부산 해운대구에 있으며 안동에 별도 지점을 두고 있지 않지만, 상속등기는 부동산 소재지 기준 관할 특례가 적용될 수 있어 해운대 사무소에서 상담부터 신청까지 진행 가능한지 사건별로 검토합니다. 등기부에 남아 있지 않은 필지가 있으면 지적도·구 토지대장을 함께 확인해 누락을 방지합니다. 안동에서는 조부모 명의로 수십 년간 등기가 정리되지 않은 채 남아 있는 토지·",691,8f1d73ea1119a6da
/업무사례/안산상속등기법무사,"안산 부동산 상속등기 문의는 단원·상록 구역 아파트와 산업단지 인근 토지 상속 문의가 있습니다. 거리보다 관할 특례 적용 여부와 서류 수집 순서가 중요합니다. 부산 해운대 사무소에서 전화·카카오·우편으로 상담하며, 안산에 별도 출장 사무소는 운영하지 않습니다. 매도를 앞둔 물건이 있으면 협의분할과 신청 순서를 함께 맞춥니다. 안산 부동산 상속등기 문의는 단원·상록 구역 아파트와 산업단지 인근 토지 상속 문의가 있습니다. 거리보다 관할 특례 적용 여부와 서류 수집 순서가 중요합니다. 부산 해운대 사무소에서 전화·카카오·우편으로 상담하며, 안산에 별도 출장 사무소는 운영하지 않습니다. 매도를 앞둔 물건이 있으면 협의분할과 신청 순서를 함께 맞춥니다. 안산 부동산 상속등기 문의는 단원·상록 구역 아파트와 산업단지 인근 토지 상속 문의가 있습니다. 거리보다 관할 특례 적용 여부와 서류 수집 순서가 중요합니다. 부산 해운대 사무소에서 전화·카카오·우편으로 상담하며, 안산에 별도 출장 사무소는",469,54ac205e0c68f392
/업무사례/안양상속등기법무사,"안양에서 평촌·범계 일대 아파트·상가 상속에서 등기부·임대차를 함께 확인합니다. 다옴법무사사무소는 부산 해운대에 있으므로 안양 지점이 있다는 뜻이 아닙니다. 초기 상담에서는 등기부·협의 개요·상속인 거주지만으로 진행 가능 범위를 설명하고, 원본이 필요한 단계는 수임 전에 구분합니다. 아파트·상가·토지가 섞여 있으면 목록표부터 작성하는 것이 누락을 줄입니다. 안양에서 평촌·범계 일대 아파트·상가 상속에서 등기부·임대차를 함께 확인합니다. 다옴법무사사무소는 부산 해운대에 있으므로 안양 지점이 있다는 뜻이 아닙니다. 초기 상담에서는 등기부·협의 개요·상속인 거주지만으로 진행 가능 범위를 설명하고, 원본이 필요한 단계는 수임 전에 구분합니다. 아파트·상가·토지가 섞여 있으면 목록표부터 작성하는 것이 누락을 줄입니다. 안양에서 평촌·범계 일대 아파트·상가 상속에서 등기부·임대차를 함께 확인합니다. 다옴법무사사무소는 부산 해운대에 있으므로 안양 지점이 있다는 뜻이 아닙니다. 초기 상담에서는 등",467,aa25ff0b30a532c6
/업무사례/양산개인회생법무사,"양산에 거주하거나 직장이 양산인 분이 개인회생을 검색할 때는 ‘월변제금이 얼마나 될지’, ‘배우자 재산이 문제인지’, ‘급여압류를 막을 수 있는지’가 먼저입니다. 다옴법무사사무소는 부산 해운대구에 있으며 양산 지점은 없습니다. 부산·경남 일대 개인회생·파산은 부산회생법원 관할로 안내하는 경우가 많지만, 개별 사건의 관할·가능 여부는 주소·영업소·채무 상황을 확인한 뒤 판단합니다. 성공·면책을 보장하지 않으며, 소득·지출·청산가치 자료를 바탕으로 신청 전 점검을 돕습니다. 양산에 거주하거나 직장이 양산인 분이 개인회생을 검색할 때는 ‘월변제금이 얼마나 될지’, ‘배우자 재산이 문제인지’, ‘급여압류를 막을 수 있는지’가 먼저입니다. 다옴법무사사무소는 부산 해운대구에 있으며 양산 지점은 없습니다. 부산·경남 일대 개인회생·파산은 부산회생법원 관할로 안내하는 경우가 많지만, 개별 사건의 관할·가능 여부는 주소·영업소·채무 상황을 확인한 뒤 판단합니다. 성공·면책을 보장하지 않으며, 소득·",461,f5df4c9f828e4c9a
/업무사례/양산거주부산부동산상속,"양산·물금·증산에 거주하면서 부산 해운대·기장·수영 등 부산 부동산만 상속받는 경우, 거리상 부산 법무사 방문이 편할 수 있습니다. 다옴법무사사무소는 부산 해운대구에 있으며 양산 지점은 없습니다. 양산 거주 상속인도 부산 사무소 방문 또는 비대면으로 상담부터 신청까지 진행합니다. 일반적인 상담 유형으로 부산·양산 부동산이 함께 있을 때 목록·협의·비용을 묶어 안내합니다. 양산·물금·증산에 거주하면서 부산 해운대·기장·수영 등 부산 부동산만 상속받는 경우, 거리상 부산 법무사 방문이 편할 수 있습니다. 다옴법무사사무소는 부산 해운대구에 있으며 양산 지점은 없습니다. 양산 거주 상속인도 부산 사무소 방문 또는 비대면으로 상담부터 신청까지 진행합니다. 일반적인 상담 유형으로 부산·양산 부동산이 함께 있을 때 목록·협의·비용을 묶어 안내합니다. 양산·물금·증산에 거주하면서 부산 해운대·기장·수영 등 부산 부동산만 상속받는 경우, 거리상 부산 법무사 방문이 편할 수 있습니다. 다옴법무사사무소",415,cb1d56d03e9faeeb
/업무사례/양산건물멸실등기,"건물을 철거하거나 건축물대장에서 말소해도 등기부의 건물 등기는 자동으로 사라지지 않는 경우가 있습니다. 멸실등기를 통해 등기부를 맞춰야 이후 토지 이용·매도·신축 보존이 수월합니다. 다옴법무사사무소는 부산 해운대구에 있으며 양산 지점은 없습니다. 완전 철거 여부, 일부 잔존, 대장·등기부 불일치 여부를 단정하지 않고 건축물대장과 등기사항증명서를 기준으로 확인합니다. 양산 부동산 소유자가 부산·수도권에 살아도 대장·등기부 사진으로 1차 검토가 가능하고, 원본·현장 확인이 더 필요하면 별도로 안내합니다. 멸실 후 바로 신축 보존등기로 이어질 계획이면 일정 순서를 함께 설계합니다. 건물을 철거하거나 건축물대장에서 말소해도 등기부의 건물 등기는 자동으로 사라지지 않는 경우가 있습니다. 멸실등기를 통해 등기부를 맞춰야 이후 토지 이용·매도·신축 보존이 수월합니다. 다옴법무사사무소는 부산 해운대구에 있으며 양산 지점은 없습니다. 완전 철거 여부, 일부 잔존, 대장·등기부 불일치 여부를 단정하지",499,a377c4b22ca0b6d9
/업무사례/양산근저당말소,은행 대출을 모두 상환해도 등기부의 근저당권은 자동으로 사라지지 않습니다. 말소등기를 신청해야 등기사항증명서에서 담보가 지워집니다. 다옴법무사사무소는 부산 해운대구에 있으며 양산 지점은 없습니다. 양산 아파트·토지 소유자가 부산·수도권에 살아도 은행 말소 서류와 등기부를 사진으로 먼저 확인할 수 있습니다. 공동근저당으로 김해·부산 부동산과 묶인 경우는 ‘부산·김해·양산 공동근저당’ 안내와 구분해 보세요. 이 페이지는 상환 후 말소에 집중합니다. 은행 대출을 모두 상환해도 등기부의 근저당권은 자동으로 사라지지 않습니다. 말소등기를 신청해야 등기사항증명서에서 담보가 지워집니다. 다옴법무사사무소는 부산 해운대구에 있으며 양산 지점은 없습니다. 양산 아파트·토지 소유자가 부산·수도권에 살아도 은행 말소 서류와 등기부를 사진으로 먼저 확인할 수 있습니다. 공동근저당으로 김해·부산 부동산과 묶인 경우는 ‘부산·김해·양산 공동근저당’ 안내와 구분해 보세요. 이 페이지는 상환 후 말소에 집중합니다,467,204f6cc86244abee
/업무사례/양산법무사업무,"양산시에서 법무사를 찾는 이유는 보통 ‘양산 법무사 추천’이나 ‘가까운 사무소’보다, 지금 필요한 등기·신고가 무엇인지부터 헷갈리기 때문입니다. 부모님 부동산의 상속등기인지, 채무가 걱정되어 상속포기·한정승인인지, 부모·자녀 증여인지, 대출 상환 후 근저당 말소인지, 법인 임원·본점 변경인지에 따라 서류와 관할·기한이 달라집니다. 다옴법무사사무소는 부산 해운대구에 있으며 양산시에 지점을 두지 않습니다. 물금읍·동면·웅상권(서창·소주·평산·덕계) 등 양산 어디에 부동산이나 본점이 있어도, 먼저 전화·카카오톡·네이버 톡톡으로 상황을 확인한 뒤 방문이 필요한지·서류 사진으로 충분한지 구분해 안내합니다. 경남 법무사 업무 허브가 김해·양산·창원을 넓게 묶는다면, 이 페이지는 양산시 검색자가 업무를 고르는 데에만 집중합니다. 비용은 정액으로 단정하지 않고, 부동산 주소·상속인 수·변경 항목·등기부 상태처럼 견적에 필요한 자료를 먼저 정리합니다. 업무명을 몰라도 ‘사망 후 정리’, ‘부동산 이",1348,e14f200211bd7a90
/업무사례/양산법인등기법무사,"양산·물금·증산·사송 소재 법인의 설립·임원·목적·본점이전·유상증자 등기는 양산 본점 관할 등기소 법정관할을 따릅니다. 상속등기처럼 관할 특례로 아무 등기소에나 내는 구조가 아닙니다. 다옴법무사사무소는 부산 해운대구에 있으며 양산 지점은 없습니다. ‘양산 법인설립’, ‘양산 임원변경등기’, ‘양산 본점이전등기’, ‘양산 유상증자’로 각각 검색해도, 결의기관·정관·준비서류가 달라 같은 체크리스트로 처리하지 않습니다. 설립은 상호·목적·자본금·임원 구성, 임원변경은 결의일·기한·의사록, 본점이전은 관할 변경 여부, 증자는 납입·신주 발행 순서를 먼저 맞춥니다. 양산↔부산 본점이전은 전용 안내와 함께 검토하고, 정관·공증 준비는 법인 정관·공증 준비 안내로 연결합니다. 등기사항전부증명서와 바꾸려는 항목만 보내 주셔도 서류·비용 확인 항목을 정리할 수 있습니다. 양산·물금·증산·사송 소재 법인의 설립·임원·목적·본점이전·유상증자 등기는 양산 본점 관할 등기소 법정관할을 따릅니다. 상속등기처",603,60091703e1ce01f1
/업무사례/양산부동산등기법무사,"‘양산 부동산등기 법무사’로 검색해도 실제로는 매매 잔금 소유권이전, 가족 증여, 대출 상환 후 근저당 말소, 철거 후 멸실, 신축 보존처럼 원인이 다릅니다. 상속등기는 별도 허브가 있으므로 사망 후 명의 정리는 양산 상속등기 안내를 우선하세요. 다옴법무사사무소는 부산 해운대구에 있으며 양산 지점은 없습니다. 잔금일·은행 설정·매도인 서류가 겹치는 매매와, 가족 간 증여·지분 이전은 준비 순서가 다릅니다. 양산 부동산 주소와 등기부등본만 있어도 어떤 등기가 필요한지 1차로 가릴 수 있습니다. ‘양산 부동산등기 법무사’로 검색해도 실제로는 매매 잔금 소유권이전, 가족 증여, 대출 상환 후 근저당 말소, 철거 후 멸실, 신축 보존처럼 원인이 다릅니다. 상속등기는 별도 허브가 있으므로 사망 후 명의 정리는 양산 상속등기 안내를 우선하세요. 다옴법무사사무소는 부산 해운대구에 있으며 양산 지점은 없습니다. 잔금일·은행 설정·매도인 서류가 겹치는 매매와, 가족 간 증여·지분 이전은 준비 순서가",495,1fc8e7eefc4ab5de
/업무사례/양산상속등기법무사,"양산은 물금·증산·사송 신축 아파트와 원동·상북·하북 토지·농지, 웅상권 주택·상가가 함께 상속되는 문의가 많습니다. 부산 거주 상속인도 방문·비대면 중 편한 방식을 선택할 수 있습니다. 양산 지점은 없으며 해운대 사무소에서 관할·서류를 검토합니다. 양산은 물금·증산·사송 신축 아파트와 원동·상북·하북 토지·농지, 웅상권 주택·상가가 함께 상속되는 문의가 많습니다. 부산 거주 상속인도 방문·비대면 중 편한 방식을 선택할 수 있습니다. 양산 지점은 없으며 해운대 사무소에서 관할·서류를 검토합니다. 양산은 물금·증산·사송 신축 아파트와 원동·상북·하북 토지·농지, 웅상권 주택·상가가 함께 상속되는 문의가 많습니다. 부산 거주 상속인도 방문·비대면 중 편한 방식을 선택할 수 있습니다. 양산 지점은 없으며 해운대 사무소에서 관할·서류를 검토합니다. 다옴법무사사무소는 부산 해운대구에 있으며 양산에 별도 지점이 있는 것은 아닙니다. 상속등기 관할 특례와 비대면 서류 전달 방식을 검토하여 양산 ",495,17a09ac63f1ae6f8
/업무사례/양산상속등기비용,"양산 물금·증산·사송 등 생활권 아파트 상속등기 비용은 신축·구축 여부와 협의분할 방식에 영향을 받습니다. 다옴법무사사무소는 부산 해운대구에 있으며 양산에 지점이 있는 것은 아닙니다. 법무사 보수, 등기 수수료, 취득세, 국민주택채권을 구분해 일반적인 상담 유형 기준으로 안내합니다. 방문·비대면 모두 같은 견적 기준이며, 여러 단지 아파트는 목록으로 받아 필지별 공과금을 설명합니다. 양산 물금·증산·사송 등 생활권 아파트 상속등기 비용은 신축·구축 여부와 협의분할 방식에 영향을 받습니다. 다옴법무사사무소는 부산 해운대구에 있으며 양산에 지점이 있는 것은 아닙니다. 법무사 보수, 등기 수수료, 취득세, 국민주택채권을 구분해 일반적인 상담 유형 기준으로 안내합니다. 방문·비대면 모두 같은 견적 기준이며, 여러 단지 아파트는 목록으로 받아 필지별 공과금을 설명합니다. 양산 물금·증산·사송 등 생활권 아파트 상속등기 비용은 신축·구축 여부와 협의분할 방식에 영향을 받습니다. 다옴법무사사무소",416,2df8b19340b93e34
/업무사례/양산상속등기필요서류,"양산 물금·증산·사송 부동산 상속등기는 협의분할과 법정지분 등기 중 선택에 따라 필요서류가 달라집니다. 다옴법무사사무소는 부산 해운대구에 있으며 양산에 별도 지점이 없습니다. 협의분할서·동의서, 가족관계·등기부, 인감·위임 등을 비교해 일반적인 상담 유형 기준으로 상속인별 목록을 안내합니다. 비대면으로 등기부·협의안 사진을 먼저 검토하고, 원본 제출 단계만 방문·우편으로 구분합니다. 양산 물금·증산·사송 부동산 상속등기는 협의분할과 법정지분 등기 중 선택에 따라 필요서류가 달라집니다. 다옴법무사사무소는 부산 해운대구에 있으며 양산에 별도 지점이 없습니다. 협의분할서·동의서, 가족관계·등기부, 인감·위임 등을 비교해 일반적인 상담 유형 기준으로 상속인별 목록을 안내합니다. 비대면으로 등기부·협의안 사진을 먼저 검토하고, 원본 제출 단계만 방문·우편으로 구분합니다. 양산 물금·증산·사송 부동산 상속등기는 협의분할과 법정지분 등기 중 선택에 따라 필요서류가 달라집니다. 다옴법무사사무소는 ",416,40462b860ae96c98
/업무사례/양산상속포기한정승인,"양산에 아파트·토지가 있어도 카드대금·보증·개인 채무가 확인되지 않으면, 상속등기부터 진행하기보다 상속포기·한정승인을 먼저 검토하는 것이 안전합니다. 상속을 안 날부터 원칙적으로 3개월 이내에 가정법원에 신고해야 하며, 그 사이에도 기한은 흘러갑니다. 피상속인의 최후 주소지가 양산시인 경우 관할은 울산가정법원 체계를 따르는 경우가 많고, 양산시법원은 상속포기 사건을 처리하는 법원이 아닙니다. 다옴법무사사무소는 부산 해운대구에 있으며 양산 지점은 없습니다. 부동산은 양산, 상속인은 부산·수도권인 경우에도 신고서·재산목록 준비를 사진·우편으로 먼저 맞출 수 있지만, 인감·서명이 필요한 원본은 별도로 안내합니다. 단순승인으로 등기만 마친 뒤 채무가 드러나면 대응이 어려워질 수 있어, ‘양산 상속 빚’, ‘사망 후 채무’ 검색이라면 이 페이지를 우선하세요. 포기와 한정승인은 선택이 다릅니다. 포기는 상속인 자격을 포기하는 의사표시이고, 한정승인은 상속재산 범위에서만 채무를 변제하는 방식입니",855,a5b4ec229c72c50a
/업무사례/양산신축건물보존등기,"신축 건물·상가의 소유권보존등기는 사용승인(또는 이에 준하는 절차)과 건축물대장 기재를 바탕으로 등기부에 처음 소유자를 올리는 절차입니다. 다옴법무사사무소는 부산 해운대구에 있으며 양산 지점은 없습니다. 舊건물이 등기부에 남아 있으면 멸실등기와의 순서를 먼저 맞춰야 할 수 있습니다. 공장·창고를 일반화해 ‘양산에 공장이 많다’고 단정하지 않으며, 개별 건축물 용도와 대장을 기준으로 안내합니다. 사용승인 직후 서류가 덜 갖춰져 있어도 주소와 대장만으로 1차 준비 목록을 잡을 수 있고, 비용은 등록면허세·수수료·보수로 구분해 안내합니다. 신축 건물·상가의 소유권보존등기는 사용승인(또는 이에 준하는 절차)과 건축물대장 기재를 바탕으로 등기부에 처음 소유자를 올리는 절차입니다. 다옴법무사사무소는 부산 해운대구에 있으며 양산 지점은 없습니다. 舊건물이 등기부에 남아 있으면 멸실등기와의 순서를 먼저 맞춰야 할 수 있습니다. 공장·창고를 일반화해 ‘양산에 공장이 많다’고 단정하지 않으며, 개별 ",485,5541cd3f1055259d
/업무사례/양산에서부산법인본점이전,"양산·물금·증산 소재 법인 본점을 부산으로 이전할 때 등기소·세무서 관할 변경과 주주결의·정관 수정 순서가 중요합니다. 다옴법무사사무소는 부산 해운대구에 있으며 양산 지점은 없습니다. 법인 본점이전은 법정관할 절차로, 상속·유증의 관할 특례와 구분됩니다. 일반적인 상담 유형 기준으로 등기·세무 포인트를 안내하며, 비대면 서류 검토 후 제출 방식을 설명합니다. 양산·물금·증산 소재 법인 본점을 부산으로 이전할 때 등기소·세무서 관할 변경과 주주결의·정관 수정 순서가 중요합니다. 다옴법무사사무소는 부산 해운대구에 있으며 양산 지점은 없습니다. 법인 본점이전은 법정관할 절차로, 상속·유증의 관할 특례와 구분됩니다. 일반적인 상담 유형 기준으로 등기·세무 포인트를 안내하며, 비대면 서류 검토 후 제출 방식을 설명합니다. 양산·물금·증산 소재 법인 본점을 부산으로 이전할 때 등기소·세무서 관할 변경과 주주결의·정관 수정 순서가 중요합니다. 다옴법무사사무소는 부산 해운대구에 있으며 양산 지점은",412,20cd15542bdfefb4
/업무사례/양산증여등기법무사,"양산 아파트를 자녀에게 증여하거나 부부 사이 지분을 옮길 때는 증여계약과 소유권이전등기가 한 세트로 움직입니다. 세무 신고·증여세 검토와 법무사의 등기 접수는 역할이 다르므로, ‘세금까지 법무사가 알아서 처리한다’고 단정하지 않습니다. 다옴법무사사무소는 부산 해운대구에 있으며 양산 지점은 없습니다. 물금·증산 신축 아파트에 근저당이 남아 있거나 전세·월세가 있으면 말소·승계·특약 여부를 등기 전에 확인해야 합니다. 증여자·수증자가 양산과 부산에 나뉘어 살아도 계약서·인감·등기필 자료를 사진으로 먼저 맞출 수 있고, 원본 제출 시점은 별도로 안내합니다. 부모 자녀 증여, 부부간 증여, 지분 증여는 서류 구성이 달라질 수 있어 유형만 같다고 같은 견적으로 보지 않습니다. 양산 아파트를 자녀에게 증여하거나 부부 사이 지분을 옮길 때는 증여계약과 소유권이전등기가 한 세트로 움직입니다. 세무 신고·증여세 검토와 법무사의 등기 접수는 역할이 다르므로, ‘세금까지 법무사가 알아서 처리한다’고 단",630,728c213b12b34062
/업무사례/양주상속등기법무사,"양주는 옥정·회천 신도시 아파트 상속 문의와, 외곽 농지·임야를 오래전부터 소유한 상속 문의가 함께 들어오는 지역입니다. 신축 아파트는 등기부·대지권 확인이 상대적으로 단순하지만, 외곽 농지는 지번·지목·면적이 여러 필지로 나뉜 경우가 많아 목록 작성이 먼저입니다. 상속인이 서울·수도권에 흩어져 있어도 협의분할·위임을 한 사무소에서 검토할 수 있는지 확인합니다. 다옴법무사사무소는 부산 해운대구에 있으며 양주에 별도 지점이 있는 것은 아닙니다. 양주는 옥정·회천 신도시 아파트 상속 문의와, 외곽 농지·임야를 오래전부터 소유한 상속 문의가 함께 들어오는 지역입니다. 신축 아파트는 등기부·대지권 확인이 상대적으로 단순하지만, 외곽 농지는 지번·지목·면적이 여러 필지로 나뉜 경우가 많아 목록 작성이 먼저입니다. 상속인이 서울·수도권에 흩어져 있어도 협의분할·위임을 한 사무소에서 검토할 수 있는지 확인합니다. 다옴법무사사무소는 부산 해운대구에 있으며 양주에 별도 지점이 있는 것은 아닙니다. ",488,b433851eb7e4deca
/업무사례/업무별,"관심 업무를 고르면 관련 사례 탐색기와 대표 업무 페이지로 이동합니다. 관심 업무를 고르면 관련 사례 탐색기와 대표 업무 페이지로 이동합니다. 전체 사례는 사례 탐색기에서 카테고리·상황·지역 필터로 확인할 수 있습니다. 업무 유형 대표 업무와 사례 탐색기로 연결됩니다. 상담 시 확인하는 내용 업무별 업무 사례 사건은 서류·관할·기한에 따라 진행 순서가 달라집니다. 다옴법무사사무소는 부산 해운대구·센텀에서 상속등기·부동산등기·법인등기·개인회생·파산 등을 다루며, 의뢰인 상황에 맞춰 절차와 비용을 알기 쉽게 설명합니다. 불확실한 부분은 추측으로 단정하지 않고, 확인된 사실을 바탕으로 안내드립니다. 전화·카카오톡·네이버 톡톡으로 간단히 상황을 남겨 주시면 필요한 준비부터 차분히 정리해 드리겠습니다. 업무별 메뉴와 지역별 메뉴를 같이 봐도 되나요? 네. 업무를 정한 뒤 지역 안내에서 관할·생활권을 확인하시면 상담 준비가 수월합니다. 업무별 업무 사례 상담은 어디서 받을 수 있나요? 다옴법무",139,40c5634ca94883a9
/업무사례/여수상속등기법무사,"여수 부동산 상속등기 문의는 연안 주택·토지·상가와 아파트 상속에서 상속인 수도권 거주가 흔합니다. 거리보다 관할 특례 적용 여부와 서류 수집 순서가 중요합니다. 부산 해운대 사무소에서 전화·카카오·우편으로 상담하며, 여수에 별도 출장 사무소는 운영하지 않습니다. 매도를 앞둔 물건이 있으면 협의분할과 신청 순서를 함께 맞춥니다. 여수 부동산 상속등기 문의는 연안 주택·토지·상가와 아파트 상속에서 상속인 수도권 거주가 흔합니다. 거리보다 관할 특례 적용 여부와 서류 수집 순서가 중요합니다. 부산 해운대 사무소에서 전화·카카오·우편으로 상담하며, 여수에 별도 출장 사무소는 운영하지 않습니다. 매도를 앞둔 물건이 있으면 협의분할과 신청 순서를 함께 맞춥니다. 여수 부동산 상속등기 문의는 연안 주택·토지·상가와 아파트 상속에서 상속인 수도권 거주가 흔합니다. 거리보다 관할 특례 적용 여부와 서류 수집 순서가 중요합니다. 부산 해운대 사무소에서 전화·카카오·우편으로 상담하며, 여수에 별도 출",501,35ad21a2ffd7fedb
/업무사례/여주양평상속등기법무사,"여주와 양평은 수도권 외곽 전원·농업·임야 상속이 많은 권역입니다. 한강·남한강 인근 전원주택, 여주 쌀·시설원예 농지, 양평 임야·별장이 한 사건으로 묶이면 건물과 토지를 분리해 등기부를 확인해야 합니다. 상속인은 서울·인천·지방 도시에 거주하고 부동산만 여주·양평에 남는 패턴이 흔해, 현장 법무사 방문보다 비대면 서류 정리 가능 여부가 먼저 질문됩니다. 오래전 증여·명의 변경이 섞인 필지는 지적과 등기 표시가 어긋날 수 있어 상담 초기에 지번 목록을 받습니다. 전원주택에 별도 창고·조립식 건물이 붙어 있으면 건축물대장 등재 여부도 함께 점검합니다. 임야는 공유지분·미등기 부분이 없는지 확인하고, 농지는 실제 경작 여부와 관계없이 등기 표시를 기준으로 목록을 만듭니다. 양평 서종·강상, 여주 가남·흥천처럼 읍면 단위로 필지가 흩어지면 주소록을 읍면별로 나눠 작성하는 것이 관할 확인에 유리합니다. 전원주택 부속 창고·태양광 시설이 있으면 등기 대상인지 초기에 구분해 둡니다. 여주와 ",913,aad1581dd0b5c1dc
/업무사례/연제구법무사,"연제구에서 법무사 업무 사례와 상담 절차를 찾으시는 분을 위한 안내입니다. 거제·연산 일대는 시청·법원·등기 관련 기관과 가까워 소송·회생·등기 일정과 맞춘 법무사 업무 문의가 많은 지역입니다. 연제구에서 법무사 업무 사례와 상담 절차를 찾으시는 분을 위한 안내입니다. 거제·연산 일대는 시청·법원·등기 관련 기관과 가까워 소송·회생·등기 일정과 맞춘 법무사 업무 문의가 많은 지역입니다. 연제구에서 법무사 업무 사례와 상담 절차를 찾으시는 분을 위한 안내입니다. 거제·연산 일대는 시청·법원·등기 관련 기관과 가까워 소송·회생·등기 일정과 맞춘 법무사 업무 문의가 많은 지역입니다. 연제구 일대에서는 역 인근 상가 매매등기 , 교통 거점 생활권의 상속등기 문의가 이어집니다. 다옴법무사사무소 안윤정 법무사는 부산 해운대·센텀에서 연제구 의뢰인의 상속등기·부동산등기·법인등기·개인회생 상담을 진행합니다. 확인되지 않은 실적이나 무조건적인 처리를 약속하지 않으며, 서류와 일정을 확인한 뒤 가능 ",445,10a9d65a29760865
/업무사례/영덕봉화상속등기법무사,"영덕군은 동해안 대게·어촌으로 알려진 해안 지역이고, 봉화군은 백두대간 산자락의 산간·고랭지 농업 지역입니다. 한 집안의 상속재산에 영덕 강구·축산 인근 어촌 주택과 밭, 봉화 춘양·석포 쪽 임야·밭이 함께 남아 있는 경우가 있고, 상속인은 이미 수도권이나 부산에 거주해 두 군을 각각 왕복하기 어려운 상황이 많습니다. 해안과 산간이 한 상속재산에 섞이면 지목·이용 현황도 전혀 달라서, 처음부터 군별로 필지를 나눠 목록화하는 것이 중요합니다. 영덕 부동산 등기는 대구지방법원 영덕지원 등기계가, 봉화 부동산 등기는 봉화등기소가 관할하며, 상속포기·한정승인 신고는 영덕은 영덕지원, 봉화는 안동지원(안동·영주·봉화) 기준으로 달라질 수 있어 지역별로 관할을 구분해 안내합니다. 해안 어촌 토지는 지목과 진입로·공유수면 인접 여부를, 산간 임야는 임야대장·지적도와 실제 경계 현황을 함께 확인하는 것이 중요합니다. 울진 쪽 인접 필지가 더 섞여 있으면 목록에 함께 적어 주시면 영덕 상담 과정에서",999,2d969644ad896945
/업무사례/영도구법무사,"영도구에서 법무사 업무 사례와 상담 절차를 찾으시는 분을 위한 안내입니다. 영도대교·태종대·흰여울 등 관광·주거가 공존하고, 항만·혁신지구 관련 부동산·법인등기 상담이 이뤄지는 지역입니다. 영도구에서 법무사 업무 사례와 상담 절차를 찾으시는 분을 위한 안내입니다. 영도대교·태종대·흰여울 등 관광·주거가 공존하고, 항만·혁신지구 관련 부동산·법인등기 상담이 이뤄지는 지역입니다. 영도구에서 법무사 업무 사례와 상담 절차를 찾으시는 분을 위한 안내입니다. 영도대교·태종대·흰여울 등 관광·주거가 공존하고, 항만·혁신지구 관련 부동산·법인등기 상담이 이뤄지는 지역입니다. 영도구 일대에서는 소규모 점포 권리와 소유권 정리 , 관광지 인근 주택 매매등기 문의가 이어집니다. 다옴법무사사무소 안윤정 법무사는 부산 해운대·센텀에서 영도구 의뢰인의 상속등기·부동산등기·법인등기·개인회생 상담을 진행합니다. 확인되지 않은 실적이나 무조건적인 처리를 약속하지 않으며, 서류와 일정을 확인한 뒤 가능 범위를 안",407,c19ce17524e109ba
/업무사례/영등포구상속등기법무사,"영등포구 부동산 상속등기 문의는 여의도·당산 일대 오피스·상가와 주거용 부동산이 함께 넘어오는 상속이 많습니다. 거리보다 관할 특례 적용 여부와 서류 수집 순서가 중요합니다. 부산 해운대 사무소에서 전화·카카오·우편으로 상담하며, 영등포구에 별도 출장 사무소는 운영하지 않습니다. 매도를 앞둔 물건이 있으면 협의분할과 신청 순서를 함께 맞춥니다. 영등포구 부동산 상속등기 문의는 여의도·당산 일대 오피스·상가와 주거용 부동산이 함께 넘어오는 상속이 많습니다. 거리보다 관할 특례 적용 여부와 서류 수집 순서가 중요합니다. 부산 해운대 사무소에서 전화·카카오·우편으로 상담하며, 영등포구에 별도 출장 사무소는 운영하지 않습니다. 매도를 앞둔 물건이 있으면 협의분할과 신청 순서를 함께 맞춥니다. 영등포구 부동산 상속등기 문의는 여의도·당산 일대 오피스·상가와 주거용 부동산이 함께 넘어오는 상속이 많습니다. 거리보다 관할 특례 적용 여부와 서류 수집 순서가 중요합니다. 부산 해운대 사무소에서 전",468,b0a2653949fd5916
/업무사례/영종도상속등기법무사,"영종도 부동산 상속등기 문의는 공항 인근 아파트 상속인이 수도권에 거주하는 경우 방문 횟수를 줄이는 절차를 안내합니다. 거리보다 관할 특례 적용 여부와 서류 수집 순서가 중요합니다. 부산 해운대 사무소에서 전화·카카오·우편으로 상담하며, 영종도에 별도 출장 사무소는 운영하지 않습니다. 매도를 앞둔 물건이 있으면 협의분할과 신청 순서를 함께 맞춥니다. 영종도 부동산 상속등기 문의는 공항 인근 아파트 상속인이 수도권에 거주하는 경우 방문 횟수를 줄이는 절차를 안내합니다. 거리보다 관할 특례 적용 여부와 서류 수집 순서가 중요합니다. 부산 해운대 사무소에서 전화·카카오·우편으로 상담하며, 영종도에 별도 출장 사무소는 운영하지 않습니다. 매도를 앞둔 물건이 있으면 협의분할과 신청 순서를 함께 맞춥니다. 영종도 부동산 상속등기 문의는 공항 인근 아파트 상속인이 수도권에 거주하는 경우 방문 횟수를 줄이는 절차를 안내합니다. 거리보다 관할 특례 적용 여부와 서류 수집 순서가 중요합니다. 부산 해",497,0db5cd0e29a4c690
/업무사례/영주상속등기법무사,"'영주'라는 지명은 경상북도 영주시와 부산광역시 부산진구 영주동, 두 곳에서 모두 쓰입니다. 경북 영주시는 소백산 자락에 있는 경북 북부 도시로 인삼밭·사과 과수원 등 농지가 많고, 부산 영주동은 부산역 인근의 오래된 시가지 동입니다. 두 지역은 행정구역도, 관할 법원·등기소도 전혀 달라서 검색으로 영주 상속등기를 찾으셨다면 어느 영주인지부터 확인하는 것이 중요합니다. 이 페이지는 경상북도 영주시를 기준으로 안내합니다. 영주시는 시내 주택과 인삼밭·과수원 농지가 함께 상속되는 경우가 많고, 소백산 자락 임야가 섞여 있는 경우도 있습니다. 영주시의 부동산 등기는 영주등기소가 관할하지만, 상속포기·한정승인처럼 가정법원에 신고하는 사건은 대구지방법원 안동지원이 관할이며, 안동지원은 안동시·영주시·봉화군을 함께 담당합니다. 다옴법무사사무소는 부산 해운대구에 있으며 영주에 별도 지점을 두고 있지 않지만, 상속등기는 부동산 소재지 기준 관할 특례가 적용될 수 있어 해운대 사무소에서 상담부터 신",740,1c650d876447700c
/업무사례/영천상속등기법무사,"영천시는 경상북도 중부에 있는 대표적인 과수 산지로, 포도·사과 과수원과 함께 농지·주택이 상속재산에 포함되는 경우가 많습니다. 과수원은 나무(과수)가 심어진 상태 그대로 소유권이 넘어가는 경우가 많아 지목이 '과수원'으로 되어 있는지, 실제 경작 현황과 등기부·지적도가 일치하는지 확인하는 것이 중요합니다. 여러 필지에 나뉜 농지와 시내 주택이 함께 상속되는 경우도 흔하며, 상속인은 영천을 떠나 대구·부산·수도권 등에 거주하는 경우가 많습니다. 다옴법무사사무소는 부산 해운대구에 있으며 영천에 별도 지점을 두고 있지 않지만, 상속등기는 부동산 소재지 기준 관할 특례가 적용될 수 있어 해운대 사무소에서 상담부터 신청까지 진행 가능한지 사건별로 검토합니다. 여러 필지 과수원·농지가 있는 경우에는 지번별로 목록을 만들어 지목·면적별 취득세를 구분해 안내합니다. 상속인이 타지역에 있어도 등기부등본·가족관계증명서 사진으로 먼저 개요를 확인할 수 있습니다. 영천시는 경상북도 중부에 있는 대표적인",684,857439b1e6176265
/업무사례/예천상속등기법무사,경북 예천군 농지·답·임야·주택 상속등기를 준비하시면 필지·지목별 취득세와 협의분할 방식을 먼저 구분하는 것이 좋습니다. 다옴법무사사무소는 부산 해운대구에 있으며 예천에 지점이 있는 것은 아닙니다. 예천 여러 필지와 안동·김천 부동산이 함께 상속되거나 등기부에 없는 필지가 있는 경우도 일반적인 상담 유형으로 절차를 안내합니다. 부산과 거리가 있어도 등기부 사진으로 비대면 개요 상담이 가능합니다. 경북 예천군 농지·답·임야·주택 상속등기를 준비하시면 필지·지목별 취득세와 협의분할 방식을 먼저 구분하는 것이 좋습니다. 다옴법무사사무소는 부산 해운대구에 있으며 예천에 지점이 있는 것은 아닙니다. 예천 여러 필지와 안동·김천 부동산이 함께 상속되거나 등기부에 없는 필지가 있는 경우도 일반적인 상담 유형으로 절차를 안내합니다. 부산과 거리가 있어도 등기부 사진으로 비대면 개요 상담이 가능합니다. 경북 예천군 농지·답·임야·주택 상속등기를 준비하시면 필지·지목별 취득세와 협의분할 방식을 먼저 ,395,8a9cae879ce9c735
/업무사례/오산안성상속등기법무사,"오산은 세교·원동 일대 신축·재건축 아파트 상속 문의가 많고, 안성은 농지·축사·소규모 공장·물류 부지가 함께 넘어오는 경우가 흔합니다. 두 시를 한 생활권처럼 묶어 검색해도 등기부와 지목이 전혀 다르므로, 아파트·전·답·대지를 목록으로 분리하는 일이 먼저입니다. 상속인이 평택·수원·서울·부산에 흩어져 있으면 현장 방문 없이 협의분할과 위임을 맞출 수 있는지가 핵심이 됩니다. 안성 농지는 여러 필지로 나뉜 채 오래 방치된 경우가 있어 면적·지번 누락을 초기에 잡아내야 하고, 오산 아파트는 근저당·임대차 잔존 여부를 등기부에서 확인합니다. 공장·창고가 포함되면 건축물대장 용도와 실제 사용이 다른지도 메모해 두면 이후 매각·임대 논의에 도움이 됩니다. 평택·화성 경계에 가까운 지번은 행정구역을 잘못 적기 쉬우므로 상담 시 정확한 소재지를 확정합니다. 오산 세교 신축은 입주 직후 상속이면 관리비·하자보수 정산 메모가 도움이 되고, 안성 공도·죽산 등 외곽 농지는 필지 수가 많아 면적 합계",856,6eb02800f04ba4e6
/업무사례/용산구상속등기법무사,"용산구에서 재개발·고급 주거와 상가가 겹치며 권리관계가 복잡한 사례가 있습니다. 다옴법무사사무소는 부산 해운대에 있으므로 용산구 지점이 있다는 뜻이 아닙니다. 초기 상담에서는 등기부·협의 개요·상속인 거주지만으로 진행 가능 범위를 설명하고, 원본이 필요한 단계는 수임 전에 구분합니다. 아파트·상가·토지가 섞여 있으면 목록표부터 작성하는 것이 누락을 줄입니다. 용산구에서 재개발·고급 주거와 상가가 겹치며 권리관계가 복잡한 사례가 있습니다. 다옴법무사사무소는 부산 해운대에 있으므로 용산구 지점이 있다는 뜻이 아닙니다. 초기 상담에서는 등기부·협의 개요·상속인 거주지만으로 진행 가능 범위를 설명하고, 원본이 필요한 단계는 수임 전에 구분합니다. 아파트·상가·토지가 섞여 있으면 목록표부터 작성하는 것이 누락을 줄입니다. 용산구에서 재개발·고급 주거와 상가가 겹치며 권리관계가 복잡한 사례가 있습니다. 다옴법무사사무소는 부산 해운대에 있으므로 용산구 지점이 있다는 뜻이 아닙니다. 초기 상담에서",468,f223e466d1e47d3c
/업무사례/용인상속등기법무사,"용인에서 신도시 아파트와 외곽 토지·농지가 함께 상속되는 패턴이 흔합니다. 다옴법무사사무소는 부산 해운대에 있으므로 용인 지점이 있다는 뜻이 아닙니다. 초기 상담에서는 등기부·협의 개요·상속인 거주지만으로 진행 가능 범위를 설명하고, 원본이 필요한 단계는 수임 전에 구분합니다. 아파트·상가·토지가 섞여 있으면 목록표부터 작성하는 것이 누락을 줄입니다. 용인에서 신도시 아파트와 외곽 토지·농지가 함께 상속되는 패턴이 흔합니다. 다옴법무사사무소는 부산 해운대에 있으므로 용인 지점이 있다는 뜻이 아닙니다. 초기 상담에서는 등기부·협의 개요·상속인 거주지만으로 진행 가능 범위를 설명하고, 원본이 필요한 단계는 수임 전에 구분합니다. 아파트·상가·토지가 섞여 있으면 목록표부터 작성하는 것이 누락을 줄입니다. 용인에서 신도시 아파트와 외곽 토지·농지가 함께 상속되는 패턴이 흔합니다. 다옴법무사사무소는 부산 해운대에 있으므로 용인 지점이 있다는 뜻이 아닙니다. 초기 상담에서는 등기부·협의 개요·",475,e4be109fbf87a0a6
/업무사례/울산공장상속등기,"울산 매곡·온산·울주 산업단지 일대 공장·창고·토지 상속등기에서는 건물·토지 지분, 사업 관련 채무, 임대·운영 승계 여부를 함께 확인하는 것이 중요합니다. 다옴법무사사무소는 부산 해운대구에 있으며 울산에 별도 지점이 없습니다. 공장 부지와 아파트·주택이 함께 상속되거나 상속인 간 사업 승계·매각을 검토하는 경우도 일반적인 상담 유형으로 절차를 안내합니다. 방문은 해운대 사무소, 비대면은 등기부·건물 등기 사진으로 먼저 개요 검토가 가능한지 확인합니다. 울산 매곡·온산·울주 산업단지 일대 공장·창고·토지 상속등기에서는 건물·토지 지분, 사업 관련 채무, 임대·운영 승계 여부를 함께 확인하는 것이 중요합니다. 다옴법무사사무소는 부산 해운대구에 있으며 울산에 별도 지점이 없습니다. 공장 부지와 아파트·주택이 함께 상속되거나 상속인 간 사업 승계·매각을 검토하는 경우도 일반적인 상담 유형으로 절차를 안내합니다. 방문은 해운대 사무소, 비대면은 등기부·건물 등기 사진으로 먼저 개요 검토가 ",453,77f1389971a1f676
/업무사례/울산남구상속등기법무사,"울산남구 상속등기를 검색하셔도 반드시 울산남구에 사무소가 있어야 하는 것은 아닙니다. 삼산·달동 아파트·상가 상속에서 협의·위임 일정을 맞추는 상담이 많습니다. 상속인이 서울·부산·해외 등 다른 지역에 있어도, 협의분할·위임·등기부 확인을 한 사무소에서 정리할 수 있는지 먼저 검토합니다. 공과금과 법무사 보수를 구분해 안내하며, 가짜 실적이나 지점 존재를 표현하지 않습니다. 울산남구 상속등기를 검색하셔도 반드시 울산남구에 사무소가 있어야 하는 것은 아닙니다. 삼산·달동 아파트·상가 상속에서 협의·위임 일정을 맞추는 상담이 많습니다. 상속인이 서울·부산·해외 등 다른 지역에 있어도, 협의분할·위임·등기부 확인을 한 사무소에서 정리할 수 있는지 먼저 검토합니다. 공과금과 법무사 보수를 구분해 안내하며, 가짜 실적이나 지점 존재를 표현하지 않습니다. 울산남구 상속등기를 검색하셔도 반드시 울산남구에 사무소가 있어야 하는 것은 아닙니다. 삼산·달동 아파트·상가 상속에서 협의·위임 일정을 맞추",478,7f8c997432e4eb59
/업무사례/울산달동상속등기,"울산 남구 달동 아파트·주택 상속등기를 마친 뒤 매도를 계획하시면, 협의분할·취득세·등기 순서를 미리 맞추는 것이 중요합니다. 다옴법무사사무소는 부산 해운대구에 있으며 울산·달동에 별도 지점이 없습니다. 달동 구축 아파트와 주차장·대지 지분이 함께 있는 경우도 일반적인 상담 유형으로 절차를 안내합니다. 부산과 인접해 방문이 편하시면 해운대 사무소로 오시고, 상속인이 지방에 있으면 협의분할 서류를 비대면으로 정리할 수 있는지 검토합니다. 울산 남구 달동 아파트·주택 상속등기를 마친 뒤 매도를 계획하시면, 협의분할·취득세·등기 순서를 미리 맞추는 것이 중요합니다. 다옴법무사사무소는 부산 해운대구에 있으며 울산·달동에 별도 지점이 없습니다. 달동 구축 아파트와 주차장·대지 지분이 함께 있는 경우도 일반적인 상담 유형으로 절차를 안내합니다. 부산과 인접해 방문이 편하시면 해운대 사무소로 오시고, 상속인이 지방에 있으면 협의분할 서류를 비대면으로 정리할 수 있는지 검토합니다. 울산 남구 달동",458,8c83fa26a1d4bfbd
/업무사례/울산동구상속등기법무사,"울산 동구 방어·일산·전하·남목 일대 아파트·주택·토지 상속등기를 준비하시면 협의분할·취득세·필요서류를 먼저 구분하는 것이 좋습니다. 다옴법무사사무소는 부산 해운대구에 있으며 울산 동구에 지점이 있는 것은 아닙니다. 남목 오래된 주택과 일산 신축 아파트가 함께 있는 경우도 일반적인 상담 유형으로 절차를 안내합니다. 부산과 인접해 방문이 편하시면 해운대 사무소로 오시고, 상속인이 타지역에 있으면 협의분할 서류를 비대면으로 정리할 수 있는지 검토합니다. 울산 동구 방어·일산·전하·남목 일대 아파트·주택·토지 상속등기를 준비하시면 협의분할·취득세·필요서류를 먼저 구분하는 것이 좋습니다. 다옴법무사사무소는 부산 해운대구에 있으며 울산 동구에 지점이 있는 것은 아닙니다. 남목 오래된 주택과 일산 신축 아파트가 함께 있는 경우도 일반적인 상담 유형으로 절차를 안내합니다. 부산과 인접해 방문이 편하시면 해운대 사무소로 오시고, 상속인이 타지역에 있으면 협의분할 서류를 비대면으로 정리할 수 있는지",456,cecfa5642da14917
/업무사례/울산매곡동상속등기,"울산 북구 매곡동은 아파트 단지와 공장·산업 부지가 함께 있는 생활권이라, 상속 시 주거·사업 부동산을 구분해 검토하는 것이 중요합니다. 다옴법무사사무소는 부산 해운대구에 있으며 울산·매곡동에 별도 지점이 없습니다. 매곡 아파트와 인근 공장 토지·건물이 함께 상속되거나 상속인이 부산·울주에 흩어진 경우도 일반적인 상담 유형으로 절차를 안내합니다. 방문은 해운대 사무소, 비대면은 등기부·사업 관련 서류 사진으로 먼저 개요 검토가 가능한지 확인합니다. 울산 북구 매곡동은 아파트 단지와 공장·산업 부지가 함께 있는 생활권이라, 상속 시 주거·사업 부동산을 구분해 검토하는 것이 중요합니다. 다옴법무사사무소는 부산 해운대구에 있으며 울산·매곡동에 별도 지점이 없습니다. 매곡 아파트와 인근 공장 토지·건물이 함께 상속되거나 상속인이 부산·울주에 흩어진 경우도 일반적인 상담 유형으로 절차를 안내합니다. 방문은 해운대 사무소, 비대면은 등기부·사업 관련 서류 사진으로 먼저 개요 검토가 가능한지 확",458,5133d41187c0a59f
/업무사례/울산법무사업무,"울산 중구·남구·동구·북구·울주군에서 상속등기·법인등기·유증등기를 찾으셔도, 반드시 현지에 사무소가 있어야 하는 것은 아닙니다. 다옴법무사사무소는 부산 해운대구에 있으며 울산 각 구·군에 지점을 두고 있지 않습니다. 부산과 인접해 방문 상담이 편하시면 해운대 사무소로 오실 수 있고, 상속인이 타지역에 있거나 서류 정리가 우선이면 사진·우편·화상으로 비대면 진행도 가능합니다. 상속·유증은 관할 특례, 법인·회생은 법정관할을 구분해 안내합니다. 울산 중구·남구·동구·북구·울주군에서 상속등기·법인등기·유증등기를 찾으셔도, 반드시 현지에 사무소가 있어야 하는 것은 아닙니다. 다옴법무사사무소는 부산 해운대구에 있으며 울산 각 구·군에 지점을 두고 있지 않습니다. 부산과 인접해 방문 상담이 편하시면 해운대 사무소로 오실 수 있고, 상속인이 타지역에 있거나 서류 정리가 우선이면 사진·우편·화상으로 비대면 진행도 가능합니다. 상속·유증은 관할 특례, 법인·회생은 법정관할을 구분해 안내합니다. 울산",490,da3f3da33f5a4c41
/업무사례/울산북구상속등기법무사,"울산 북구 송정·매곡·호계·강동 일대 신축 아파트와 토지 상속등기 문의가 많습니다. 다옴법무사사무소는 부산 해운대구에 있으며 울산 북구에 별도 지점이 없습니다. 송정 신축 단지와 매곡 공장 부지가 함께 상속되는 경우도 일반적인 상담 유형으로 절차·서류·비용을 구분해 안내합니다. 부산과 가까워 방문 상담이 편하시면 해운대로 오실 수 있고, 상속인이 지방·해외에 있으면 사진·우편·화상으로 비대면 진행 여부를 먼저 확인합니다. 울산 북구 송정·매곡·호계·강동 일대 신축 아파트와 토지 상속등기 문의가 많습니다. 다옴법무사사무소는 부산 해운대구에 있으며 울산 북구에 별도 지점이 없습니다. 송정 신축 단지와 매곡 공장 부지가 함께 상속되는 경우도 일반적인 상담 유형으로 절차·서류·비용을 구분해 안내합니다. 부산과 가까워 방문 상담이 편하시면 해운대로 오실 수 있고, 상속인이 지방·해외에 있으면 사진·우편·화상으로 비대면 진행 여부를 먼저 확인합니다. 울산 북구 송정·매곡·호계·강동 일대 신축 ",448,520edc53176a5667
/업무사례/울산삼산동상속등기,"울산 남구 삼산동 아파트·상가 상속등기를 준비하시면 취득세·법무사 보수·필요서류를 먼저 구분하는 것이 좋습니다. 다옴법무사사무소는 부산 해운대구에 있으며 울산·삼산동에 지점이 있는 것은 아닙니다. 삼산역 인근 아파트와 상가 임대차가 섞인 경우도 일반적인 상담 유형으로 절차를 안내합니다. 부산과 가까워 방문이 편하시면 해운대 사무소로 오시고, 상속인이 타지역에 있으면 협의분할·위임 서류를 비대면으로 정리할 수 있는지 검토합니다. 울산 남구 삼산동 아파트·상가 상속등기를 준비하시면 취득세·법무사 보수·필요서류를 먼저 구분하는 것이 좋습니다. 다옴법무사사무소는 부산 해운대구에 있으며 울산·삼산동에 지점이 있는 것은 아닙니다. 삼산역 인근 아파트와 상가 임대차가 섞인 경우도 일반적인 상담 유형으로 절차를 안내합니다. 부산과 가까워 방문이 편하시면 해운대 사무소로 오시고, 상속인이 타지역에 있으면 협의분할·위임 서류를 비대면으로 정리할 수 있는지 검토합니다. 울산 남구 삼산동 아파트·상가 상",445,bb2dc846cfaaddf5
/업무사례/울산상속등기법무사,울산 아파트·토지 상속도 서류 개요만으로 먼저 상담할 수 있습니다. 상속인이 수도권에 있어도 위임·협의 방식을 안내합니다. 울산 아파트·토지 상속도 서류 개요만으로 먼저 상담할 수 있습니다. 상속인이 수도권에 있어도 위임·협의 방식을 안내합니다. 울산 아파트·토지 상속도 서류 개요만으로 먼저 상담할 수 있습니다. 상속인이 수도권에 있어도 위임·협의 방식을 안내합니다. 다옴법무사사무소는 부산 해운대구에 있으며 울산에 별도 지점이 있는 것은 아닙니다. 울산 상속등기 가능 여부부터 확인하기 울산 아파트·토지 상속도 서류 개요만으로 먼저 상담할 수 있습니다. 상속인이 수도권에 있어도 위임·협의 방식을 안내합니다. 안윤정 법무사 직접 확인 비대면 필요서류 안내 보수와 공과금 구분 접수·보정·완료 진행상황 공유 부산 해운대 사무소에 비대면으로 맡기는 이유 울산 소재 부동산이어도 부산 해운대 사무소에서 관할 특례·비대면 서류 전달을 검토할 수 있습니다. 지점이 있다는 의미가 아닙니다. 상속인이 ,384,b6daa10c0e60086c
/업무사례/울산상속등기비용,"울산 중구·남구·동구·북구·울주군 등 여러 지역 부동산 상속등기 비용은 법무사 보수, 등기 수수료, 취득세, 국민주택채권 등으로 나뉩니다. 다옴법무사사무소는 부산 해운대구에 있으며 울산에 지점이 있는 것은 아닙니다. 협의분할·법정지분·부동산 가액·상속인 수에 따라 달라지는 항목을 일반적인 상담 유형 기준으로 구분해 안내합니다. 방문·비대면 모두 동일한 견적 기준으로 검토하며, 여러 구·군 부동산은 목록으로 받아 일괄 견적 포인트를 설명합니다. 울산 중구·남구·동구·북구·울주군 등 여러 지역 부동산 상속등기 비용은 법무사 보수, 등기 수수료, 취득세, 국민주택채권 등으로 나뉩니다. 다옴법무사사무소는 부산 해운대구에 있으며 울산에 지점이 있는 것은 아닙니다. 협의분할·법정지분·부동산 가액·상속인 수에 따라 달라지는 항목을 일반적인 상담 유형 기준으로 구분해 안내합니다. 방문·비대면 모두 동일한 견적 기준으로 검토하며, 여러 구·군 부동산은 목록으로 받아 일괄 견적 포인트를 설명합니다. ",444,3b0698ace160d89e
/업무사례/울산상속등기필요서류,"울산 전역 아파트·토지·주택 상속등기에서 필요서류는 상속인 수, 협의분할 여부, 거주지에 따라 달라집니다. 다옴법무사사무소는 부산 해운대구에 있으며 울산에 별도 지점이 없습니다. 등기부등본, 가족관계·기본·혼인관계증명, 인감·위임, 협의분할 협의서 등을 일반적인 상담 유형 기준으로 구분해 안내합니다. 부산과 가까워 방문으로 원본 확인이 가능하고, 사진·우편으로 비대면 진행가 가능한 서류부터 먼저 정리할 수 있습니다. 울산 전역 아파트·토지·주택 상속등기에서 필요서류는 상속인 수, 협의분할 여부, 거주지에 따라 달라집니다. 다옴법무사사무소는 부산 해운대구에 있으며 울산에 별도 지점이 없습니다. 등기부등본, 가족관계·기본·혼인관계증명, 인감·위임, 협의분할 협의서 등을 일반적인 상담 유형 기준으로 구분해 안내합니다. 부산과 가까워 방문으로 원본 확인이 가능하고, 사진·우편으로 비대면 진행가 가능한 서류부터 먼저 정리할 수 있습니다. 울산 전역 아파트·토지·주택 상속등기에서 필요서류는 상",418,fda2622ed0cea2ac
/업무사례/울산송정동상속등기,"울산 북구 송정동 신축·준신축 아파트 상속등기를 준비하시면 취득세·법무사 보수·필요서류를 먼저 구분하는 것이 좋습니다. 다옴법무사사무소는 부산 해운대구에 있으며 울산·송정동에 지점이 있는 것은 아닙니다. 송정 생활권 대단지와 북구 외곽 토지가 함께 있는 경우도 일반적인 상담 유형으로 절차를 안내합니다. 부산과 가까워 방문 견적도 가능하고, 등기부 사진만으로 비대면 개요 견적도 검토합니다. 울산 북구 송정동 신축·준신축 아파트 상속등기를 준비하시면 취득세·법무사 보수·필요서류를 먼저 구분하는 것이 좋습니다. 다옴법무사사무소는 부산 해운대구에 있으며 울산·송정동에 지점이 있는 것은 아닙니다. 송정 생활권 대단지와 북구 외곽 토지가 함께 있는 경우도 일반적인 상담 유형으로 절차를 안내합니다. 부산과 가까워 방문 견적도 가능하고, 등기부 사진만으로 비대면 개요 견적도 검토합니다. 울산 북구 송정동 신축·준신축 아파트 상속등기를 준비하시면 취득세·법무사 보수·필요서류를 먼저 구분하는 것이 좋",421,682527c040b6cece
/업무사례/울산아파트상속등기,"울산 삼산·송정·범서 등 전역 아파트 상속등기에서 협의분할 방식, 취득세, 국민주택채권, 필요서류를 미리 구분하는 것이 중요합니다. 다옴법무사사무소는 부산 해운대구에 있으며 울산에 별도 지점이 없습니다. 신축·구축 아파트, 대지·주차장 지분, 상속 후 매도 계획이 있는 경우도 일반적인 상담 유형으로 절차를 안내합니다. 부산과 인접해 방문 상담이 편하시면 해운대로 오실 수 있고, 상속인이 타지역에 있으면 협의분할 서류를 비대면으로 정리할 수 있는지 검토합니다. 울산 삼산·송정·범서 등 전역 아파트 상속등기에서 협의분할 방식, 취득세, 국민주택채권, 필요서류를 미리 구분하는 것이 중요합니다. 다옴법무사사무소는 부산 해운대구에 있으며 울산에 별도 지점이 없습니다. 신축·구축 아파트, 대지·주차장 지분, 상속 후 매도 계획이 있는 경우도 일반적인 상담 유형으로 절차를 안내합니다. 부산과 인접해 방문 상담이 편하시면 해운대로 오실 수 있고, 상속인이 타지역에 있으면 협의분할 서류를 비대면으로",455,c66a6cc127762685
/업무사례/울산에서부산법인본점이전,"울산 중구·남구·울주군 등 소재 법인 본점을 부산 해운대·수영 등으로 이전할 때 등기·세무·관할 등기소 변경 순서를 맞춰야 합니다. 다옴법무사사무소는 부산 해운대구에 있으며 울산 지점은 없습니다. 상속·유증의 관할 특례와 달리 법인 본점이전은 법정관할을 따르며, 일반적인 상담 유형 기준으로 주주결의·정관·등기·세무 신고 포인트를 안내합니다. 비대면 서류 검토 후 제출·방문 단계를 구분합니다. 울산 중구·남구·울주군 등 소재 법인 본점을 부산 해운대·수영 등으로 이전할 때 등기·세무·관할 등기소 변경 순서를 맞춰야 합니다. 다옴법무사사무소는 부산 해운대구에 있으며 울산 지점은 없습니다. 상속·유증의 관할 특례와 달리 법인 본점이전은 법정관할을 따르며, 일반적인 상담 유형 기준으로 주주결의·정관·등기·세무 신고 포인트를 안내합니다. 비대면 서류 검토 후 제출·방문 단계를 구분합니다. 울산 중구·남구·울주군 등 소재 법인 본점을 부산 해운대·수영 등으로 이전할 때 등기·세무·관할 등기소 ",408,abb367136f8aea79
/업무사례/울산옥동상속등기,"울산 남구 옥동 아파트·주택 상속등기에서 공동상속인이 여러 명이면, 각 상속인별 위임·인감·가족관계 서류를 미리 정리하는 것이 중요합니다. 다옴법무사사무소는 부산 해운대구에 있으며 울산·옥동에 별도 지점이 없습니다. 옥동 아파트와 남구 외곽 토지가 함께 있거나 상속인이 부산·수도권에 흩어진 경우도 일반적인 상담 유형으로 절차를 안내합니다. 방문은 해운대 사무소, 비대면은 서류 사진·우편·화상으로 먼저 바로 상담·진행할 수 있습니다. 울산 남구 옥동 아파트·주택 상속등기에서 공동상속인이 여러 명이면, 각 상속인별 위임·인감·가족관계 서류를 미리 정리하는 것이 중요합니다. 다옴법무사사무소는 부산 해운대구에 있으며 울산·옥동에 별도 지점이 없습니다. 옥동 아파트와 남구 외곽 토지가 함께 있거나 상속인이 부산·수도권에 흩어진 경우도 일반적인 상담 유형으로 절차를 안내합니다. 방문은 해운대 사무소, 비대면은 서류 사진·우편·화상으로 먼저 바로 상담·진행할 수 있습니다. 울산 남구 옥동 아파트",437,5bfa7d16a6aa81db
/업무사례/울산유증등기법무사,"울산 소재 아파트·토지·주택을 유언으로 받는 경우, 유언공정증서·수유증자 확인·등기 서류를 법정상속과 구분해 정리해야 합니다. 다옴법무사사무소는 부산 해운대구에 있으며 울산에 별도 지점이 없습니다. 유증과 상속이 섞이거나 수유증자가 부산·수도권에만 거주하는 경우도 일반적인 상담 유형으로 절차를 안내합니다. 부산과 인접해 방문 상담이 편하시면 해운대로 오실 수 있고, 수유증자·증인 관련 서류는 비대면 진행 후 원본 확인 단계를 구분합니다. 울산 소재 아파트·토지·주택을 유언으로 받는 경우, 유언공정증서·수유증자 확인·등기 서류를 법정상속과 구분해 정리해야 합니다. 다옴법무사사무소는 부산 해운대구에 있으며 울산에 별도 지점이 없습니다. 유증과 상속이 섞이거나 수유증자가 부산·수도권에만 거주하는 경우도 일반적인 상담 유형으로 절차를 안내합니다. 부산과 인접해 방문 상담이 편하시면 해운대로 오실 수 있고, 수유증자·증인 관련 서류는 비대면 진행 후 원본 확인 단계를 구분합니다. 울산 소재 ",445,7a6f9dd3b46f599b
/업무사례/울산중구상속등기법무사,"울산 중구 태화·우정·성안·혁신도시 일대 아파트·주택 상속등기를 검색하셔도 해당 지역 소재 사무소만 찾을 필요는 없습니다. 다옴법무사사무소는 부산 해운대구에 있으며 울산 중구에 별도 지점이 없습니다. 혁신도시 신축 아파트와 구도심 주택이 섞인 경우도 서류 목록부터 정리합니다. 부산과 가까워 방문 상담이 편하시면 해운대로 오실 수 있고, 상속인이 멀리 있으면 사진·우편으로 비대면 진행 여부를 먼저 확인합니다. 울산 중구 태화·우정·성안·혁신도시 일대 아파트·주택 상속등기를 검색하셔도 해당 지역 소재 사무소만 찾을 필요는 없습니다. 다옴법무사사무소는 부산 해운대구에 있으며 울산 중구에 별도 지점이 없습니다. 혁신도시 신축 아파트와 구도심 주택이 섞인 경우도 서류 목록부터 정리합니다. 부산과 가까워 방문 상담이 편하시면 해운대로 오실 수 있고, 상속인이 멀리 있으면 사진·우편으로 비대면 진행 여부를 먼저 확인합니다. 울산 중구 태화·우정·성안·혁신도시 일대 아파트·주택 상속등기를 검색하셔",464,27cce3a39b8ffc00
/업무사례/울산토지상속등기,"울산 동구·북구·울주군 등에 흩어진 토지·농지·임야 상속등기에서는 지번·지목·지분 확인과 필지별 협의분할이 중요합니다. 다옴법무사사무소는 부산 해운대구에 있으며 울산·울주군에 별도 지점이 없습니다. 조부모·선대 명의 토지와 아파트가 함께 있거나 여러 읍·면에 필지가 나뉜 경우도 일반적인 상담 유형으로 목록표부터 작성하는 절차를 안내합니다. 방문은 해운대 사무소, 비대면은 등기부·토지대장 사진으로 먼저 개요 검토가 가능한지 확인합니다. 울산 동구·북구·울주군 등에 흩어진 토지·농지·임야 상속등기에서는 지번·지목·지분 확인과 필지별 협의분할이 중요합니다. 다옴법무사사무소는 부산 해운대구에 있으며 울산·울주군에 별도 지점이 없습니다. 조부모·선대 명의 토지와 아파트가 함께 있거나 여러 읍·면에 필지가 나뉜 경우도 일반적인 상담 유형으로 목록표부터 작성하는 절차를 안내합니다. 방문은 해운대 사무소, 비대면은 등기부·토지대장 사진으로 먼저 개요 검토가 가능한지 확인합니다. 울산 동구·북구·울",421,9d1883890cd43eb0
/업무사례/울주군상속등기법무사,"울주군에서 온산·언양 일대 토지·주택·농지 상속에서 지번·지목 확인이 중요합니다. 다옴법무사사무소는 부산 해운대에 있으므로 울주군 지점이 있다는 뜻이 아닙니다. 초기 상담에서는 등기부·협의 개요·상속인 거주지만으로 진행 가능 범위를 설명하고, 원본이 필요한 단계는 수임 전에 구분합니다. 아파트·상가·토지가 섞여 있으면 목록표부터 작성하는 것이 누락을 줄입니다. ‘울주’로 검색하셔도 행정구역은 울산광역시 울주군입니다. 채무가 불명확하면 울주 상속포기·한정승인 안내에서 3개월 기한을 먼저 확인하세요. 울주군에서 온산·언양 일대 토지·주택·농지 상속에서 지번·지목 확인이 중요합니다. 다옴법무사사무소는 부산 해운대에 있으므로 울주군 지점이 있다는 뜻이 아닙니다. 초기 상담에서는 등기부·협의 개요·상속인 거주지만으로 진행 가능 범위를 설명하고, 원본이 필요한 단계는 수임 전에 구분합니다. 아파트·상가·토지가 섞여 있으면 목록표부터 작성하는 것이 누락을 줄입니다. ‘울주’로 검색하셔도 행정구역",489,6ae2f07ba1d70d30
/업무사례/울주군상속포기한정승인,"'울주 상속포기'를 검색하셨다면 대부분 울산광역시 울주군을 의미합니다. 울주군은 온산·언양·범서·삼남 등 여러 읍·면으로 이루어진 넓은 지역으로, 공장·농지가 섞인 토지와 함께 채무가 확인되지 않는 경우가 자주 있습니다. 온산 공단 인근 토지나 언양·범서 농지에 근저당·가압류가 걸려 있거나 개인 간 보증채무가 뒤늦게 확인되면, 상속등기를 먼저 진행하기보다 상속포기·한정승인 여부를 검토하는 것이 안전합니다. 상속포기·한정승인은 상속등기와 달리 관할 특례가 적용되지 않고 피상속인의 최후 주소지를 관할하는 가정법원에 신고하며, 울주군 거주 피상속인은 울산지방법원이 관할인 경우가 많습니다. 상속인이 부산·양산이나 수도권에 거주해도 신고서 작성과 재산목록 준비는 사진·우편으로 먼저 진행할 수 있지만, 법원 제출 서류의 인감·서명 확인은 원본이 필요할 수 있습니다. '울주 상속포기'를 검색하셨다면 대부분 울산광역시 울주군을 의미합니다. 울주군은 온산·언양·범서·삼남 등 여러 읍·면으로 이루어진",681,b763c95a3b5591b4
/업무사례/울주범서상속등기,"울주군 범서읍 구영·천상 일대 아파트·토지·주택 상속등기를 검색하셔도 현지에 사무소가 있어야 하는 것은 아닙니다. 다옴법무사사무소는 부산 해운대구에 있으며 울주군·범서에 별도 지점이 없습니다. 범서 생활권 아파트와 울주 외곽 필지가 함께 있거나 상속인이 부산·울산 시내에만 거주하는 경우도 일반적인 상담 유형으로 절차를 안내합니다. 부산과 가까워 방문 상담이 편하시면 해운대로 오실 수 있고, 멀리 있으면 등기부·가족관계 사진으로 비대면 진행를 시작합니다. 울주군 범서읍 구영·천상 일대 아파트·토지·주택 상속등기를 검색하셔도 현지에 사무소가 있어야 하는 것은 아닙니다. 다옴법무사사무소는 부산 해운대구에 있으며 울주군·범서에 별도 지점이 없습니다. 범서 생활권 아파트와 울주 외곽 필지가 함께 있거나 상속인이 부산·울산 시내에만 거주하는 경우도 일반적인 상담 유형으로 절차를 안내합니다. 부산과 가까워 방문 상담이 편하시면 해운대로 오실 수 있고, 멀리 있으면 등기부·가족관계 사진으로 비대면",457,0a4b0f401da7eec4
/업무사례/울주삼남상속등기,"울주군 삼남읍은 울산역·KTX 인근 아파트와 외곽 토지가 함께 있는 생활권이라, 상속 시 주거·토지 부동산을 구분해 검토하는 것이 좋습니다. 다옴법무사사무소는 부산 해운대구에 있으며 울주군·삼남에 별도 지점이 없습니다. 삼남 아파트와 울산 시내·부산 부동산이 함께 있거나 상속인이 수도권에만 거주하는 경우도 일반적인 상담 유형으로 절차를 안내합니다. 방문은 해운대 사무소, 비대면은 등기부·가족관계 사진으로 먼저 개요 검토가 가능한지 확인합니다. 울주군 삼남읍은 울산역·KTX 인근 아파트와 외곽 토지가 함께 있는 생활권이라, 상속 시 주거·토지 부동산을 구분해 검토하는 것이 좋습니다. 다옴법무사사무소는 부산 해운대구에 있으며 울주군·삼남에 별도 지점이 없습니다. 삼남 아파트와 울산 시내·부산 부동산이 함께 있거나 상속인이 수도권에만 거주하는 경우도 일반적인 상담 유형으로 절차를 안내합니다. 방문은 해운대 사무소, 비대면은 등기부·가족관계 사진으로 먼저 개요 검토가 가능한지 확인합니다. ",446,05f4a67a6f1757b6
/업무사례/울주언양상속등기,"울주군 언양읍 주택·상가·토지 상속등기를 준비하시면 지번·지목 확인과 상속인별 서류 목록을 먼저 정리하는 것이 좋습니다. 다옴법무사사무소는 부산 해운대구에 있으며 울주군·언양에 별도 지점이 없습니다. 언양 상가 임대차와 외곽 농지·임야가 함께 있는 경우도 일반적인 상담 유형으로 절차를 안내합니다. 부산과 인접해 방문이 편하시면 해운대 사무소로 오시고, 상속인이 타지역에 있으면 협의분할·위임 서류를 비대면으로 정리할 수 있는지 검토합니다. 울주군 언양읍 주택·상가·토지 상속등기를 준비하시면 지번·지목 확인과 상속인별 서류 목록을 먼저 정리하는 것이 좋습니다. 다옴법무사사무소는 부산 해운대구에 있으며 울주군·언양에 별도 지점이 없습니다. 언양 상가 임대차와 외곽 농지·임야가 함께 있는 경우도 일반적인 상담 유형으로 절차를 안내합니다. 부산과 인접해 방문이 편하시면 해운대 사무소로 오시고, 상속인이 타지역에 있으면 협의분할·위임 서류를 비대면으로 정리할 수 있는지 검토합니다. 울주군 언양",433,75692d6ed075437f
/업무사례/울진상속등기법무사,"울진군은 경상북도 동해안 최북단에 있어 부산에서는 물론 대구에서도 이동에 오랜 시간이 걸리는 원거리 지역입니다. 어촌 마을 주택과 인근 밭, 해안 산자락 임야가 함께 상속재산에 포함되는 경우가 많고, 거리가 있는 만큼 상속인이 왕복 방문 자체를 부담스러워하는 경우가 대부분입니다. 이런 경우 등기부등본·가족관계증명서 확인과 협의분할 조율까지는 비대면으로 진행하고, 인감증명서 등 원본이 꼭 필요한 서류만 모아 방문을 최소화하는 방향으로 순서를 설계하는 것이 중요합니다. 울진군과 접한 영덕군에도 인접한 필지가 함께 있는 경우가 있는데, 두 지역 모두 대구지방법원 영덕지원이 재판관할을 담당하고 있어 울진 상담 과정에서 영덕 인접 필지도 함께 검토할 수 있습니다. 울진군의 부동산 등기는 울진등기소가 관할합니다. 다옴법무사사무소는 부산 해운대구에 있으며 울진에 별도 지점을 두고 있지 않지만, 상속등기는 부동산 소재지 기준 관할 특례가 적용될 수 있어 해운대 사무소에서 상담부터 신청까지 진행 가",786,594b9dc0dfdda6b6
/업무사례/원주상속등기법무사,"원주에서 단구·명륜 아파트와 외곽 토지·농지 상속에서 지번 확인이 중요합니다. 다옴법무사사무소는 부산 해운대에 있으므로 원주 지점이 있다는 뜻이 아닙니다. 초기 상담에서는 등기부·협의 개요·상속인 거주지만으로 진행 가능 범위를 설명하고, 원본이 필요한 단계는 수임 전에 구분합니다. 아파트·상가·토지가 섞여 있으면 목록표부터 작성하는 것이 누락을 줄입니다. 원주에서 단구·명륜 아파트와 외곽 토지·농지 상속에서 지번 확인이 중요합니다. 다옴법무사사무소는 부산 해운대에 있으므로 원주 지점이 있다는 뜻이 아닙니다. 초기 상담에서는 등기부·협의 개요·상속인 거주지만으로 진행 가능 범위를 설명하고, 원본이 필요한 단계는 수임 전에 구분합니다. 아파트·상가·토지가 섞여 있으면 목록표부터 작성하는 것이 누락을 줄입니다. 원주에서 단구·명륜 아파트와 외곽 토지·농지 상속에서 지번 확인이 중요합니다. 다옴법무사사무소는 부산 해운대에 있으므로 원주 지점이 있다는 뜻이 아닙니다. 초기 상담에서는 등기부·",468,34744652afe3a60d
/업무사례/율하상속등기법무사,"김해 율하 동네 아파트 상속등기를 준비하시면 취득세·법무사 보수·필요서류를 먼저 구분하는 것이 좋습니다. 다옴법무사사무소는 부산 해운대구에 있으며 김해 율하에 지점이 있는 것은 아닙니다. 율하 구축 아파트와 주차장·대지 지분이 함께 있는 경우도 일반적인 상담 유형으로 절차를 안내합니다. 가까운 부산이라 방문이 편하시면 해운대 사무소로 오시고, 상속인이 지방에 있으면 협의분할 서류를 비대면으로 정리할 수 있는지 검토합니다. 김해 율하 동네 아파트 상속등기를 준비하시면 취득세·법무사 보수·필요서류를 먼저 구분하는 것이 좋습니다. 다옴법무사사무소는 부산 해운대구에 있으며 김해 율하에 지점이 있는 것은 아닙니다. 율하 구축 아파트와 주차장·대지 지분이 함께 있는 경우도 일반적인 상담 유형으로 절차를 안내합니다. 가까운 부산이라 방문이 편하시면 해운대 사무소로 오시고, 상속인이 지방에 있으면 협의분할 서류를 비대면으로 정리할 수 있는지 검토합니다. 김해 율하 동네 아파트 상속등기를 준비하시면",462,e3b82ad4ddb2078d
/업무사례/은평구상속등기법무사,"은평구 상속등기를 검색하셔도 반드시 은평구에 사무소가 있어야 하는 것은 아닙니다. 북한산 인근 주택·아파트와 외곽 토지가 함께 상속되는 사례가 있습니다. 상속인이 서울·부산·해외 등 다른 지역에 있어도, 협의분할·위임·등기부 확인을 한 사무소에서 정리할 수 있는지 먼저 검토합니다. 공과금과 법무사 보수를 구분해 안내하며, 가짜 실적이나 지점 존재를 표현하지 않습니다. 은평구 상속등기를 검색하셔도 반드시 은평구에 사무소가 있어야 하는 것은 아닙니다. 북한산 인근 주택·아파트와 외곽 토지가 함께 상속되는 사례가 있습니다. 상속인이 서울·부산·해외 등 다른 지역에 있어도, 협의분할·위임·등기부 확인을 한 사무소에서 정리할 수 있는지 먼저 검토합니다. 공과금과 법무사 보수를 구분해 안내하며, 가짜 실적이나 지점 존재를 표현하지 않습니다. 은평구 상속등기를 검색하셔도 반드시 은평구에 사무소가 있어야 하는 것은 아닙니다. 북한산 인근 주택·아파트와 외곽 토지가 함께 상속되는 사례가 있습니다. ",505,a0ad5926c1b59d66
/업무사례/의령상속등기법무사,"의령군은 함안·창녕·합천 사이에 자리한 경남 중부 내륙 군으로, 남강과 낙동강 지류를 낀 농지와 의령읍·가례·부림 등 면 단위 주택이 상속재산의 중심이 되는 경우가 많습니다. 함안처럼 창원 출퇴근권 공장부지가 섞이거나 창녕처럼 우포늪 습지 이슈가 전면에 서는 경우와 달리, 의령은 전형적인 내륙 농촌·전원 필지가 여러 면에 흩어져 있고 상속인이 이미 창원·부산·수도권으로 떠난 뒤 고향 농지만 남은 상황이 흔합니다. 면 단위로 필지가 나뉘면 상속인 스스로 정확한 지번을 파악하기 어려운 경우가 많아, 상담 초기에 등기부와 지방세 열람 내역을 맞춰 누락 필지를 확인하는 절차가 필요합니다. 의령군의 부동산 등기는 의령등기소가 관할하지만, 상속포기·한정승인처럼 가정법원에 신고하는 사건은 창원지방법원 마산지원이 관할하며, 마산지원은 함안군과 의령군을 함께 담당합니다. 필지가 여러 면에 나뉘어 있으면 지번 목록화와 지목·면적별 취득세 구분이 먼저이고, 남강 인근 농지는 하천구역·농업진흥지역 저촉 ",988,60db25988062bebc
/업무사례/의성상속등기법무사,"의성군은 경북 중북부 내륙의 대표 농업 지역으로, 특히 의성 마늘로 알려진 밭과 논·과수원이 넓게 펼쳐져 있습니다. 부모님이 평생 마늘·밭농사를 지으시다 돌아가시면 마늘밭 필지가 여러 개로 나뉘어 있고, 여기에 의성읍·안계면 인근 전원주택이나 창고·건조장이 함께 상속재산에 포함되는 경우가 많습니다. 마늘밭은 지목이 '전'인지 '과수원'인지, 실제 경작 현황과 등기부 표시가 다른지에 따라 취득세 산정과 협의분할 방식이 달라질 수 있어 필지 목록화부터 시작하는 것이 안전합니다. 건조장·보관창고처럼 농사 부대시설이 있으면 건축물대장 등재 여부도 함께 확인해야 누락된 건물이 없는지 알 수 있습니다. 의성군의 부동산 등기는 대구지방법원 의성지원 등기계가 관할하며, 상속포기·한정승인처럼 가정법원에 신고하는 사건도 의성지원이 담당하는 경우가 많아 등기와 포기 관할을 같은 지원 기준으로 안내할 수 있습니다. 상속인이 이미 서울·부산·대구 등 타지역에 거주해 의성까지 왕복이 부담스러운 경우가 대부분",942,57b6ff012755d963
/업무사례/의왕과천상속등기법무사,"의왕과 과천은 인덕원·평촌 생활권으로 묶여 검색되지만, 행정구역과 등기소 관할은 시마다 다릅니다. 과천 주공·재건축 아파트, 의왕 내손·포일 일대 주택, 인덕원 인근 다가구가 한 피상속인 명의로 남아 있으면 주소지별로 목록을 나눠 확인해야 합니다. 서울·성남·수원에 사는 상속인이 주말만 모이는 경우도 많아, 협의분할 초안과 위임·인감 절차를 원격으로 맞출 수 있는지부터 검토합니다. 과천은 아파트 비중이 높고 의왕은 주택·임야·공장 부지가 섞이는 편이라 부동산 종류에 따라 건축물대장·지목 확인 깊이가 달라집니다. 인덕원역 인근처럼 생활권 명칭과 행정구역이 어긋나는 주소는 우편번호·지번을 함께 받아 관할을 확정하는 것이 안전합니다. 임야나 나대지가 포함되면 측량·경계 분쟁 소지가 있는지도 초기에 메모해 두면 이후 분할·매각 논의가 수월합니다. 과천 재건축 단지는 이주·입주 시기에 따라 근저당·중도금 정산 상태가 달라질 수 있고, 의왕 공장 부지는 건축물과 대지를 분리해 목록화하는 편이 ",866,4f2363a9f36afb0f
/업무사례/의정부상속등기법무사,"의정부 부동산 상속등기 문의는 도심 아파트·상가와 외곽 토지가 함께 상속되는 사례가 있습니다. 거리보다 관할 특례 적용 여부와 서류 수집 순서가 중요합니다. 부산 해운대 사무소에서 전화·카카오·우편으로 상담하며, 의정부에 별도 출장 사무소는 운영하지 않습니다. 매도를 앞둔 물건이 있으면 협의분할과 신청 순서를 함께 맞춥니다. 의정부 부동산 상속등기 문의는 도심 아파트·상가와 외곽 토지가 함께 상속되는 사례가 있습니다. 거리보다 관할 특례 적용 여부와 서류 수집 순서가 중요합니다. 부산 해운대 사무소에서 전화·카카오·우편으로 상담하며, 의정부에 별도 출장 사무소는 운영하지 않습니다. 매도를 앞둔 물건이 있으면 협의분할과 신청 순서를 함께 맞춥니다. 의정부 부동산 상속등기 문의는 도심 아파트·상가와 외곽 토지가 함께 상속되는 사례가 있습니다. 거리보다 관할 특례 적용 여부와 서류 수집 순서가 중요합니다. 부산 해운대 사무소에서 전화·카카오·우편으로 상담하며, 의정부에 별도 출장 사무소는",468,500b374e6fb4259a
/업무사례/이천상속등기법무사,"이천은 물류센터·공장이 밀집한 산업 지역과 도자기·농업 중심 농지가 함께 있어, 상속받은 부동산이 어떤 지목·용도인지에 따라 필요서류가 달라집니다. 대형 물류창고나 공장 건물은 건축물대장과 임대차 계약을 함께 확인해야 하고, 농지는 지번·면적 누락이 없는지 목록부터 작성하는 것이 우선입니다. 상속인이 수도권 밖에 거주해도 협의분할·위임을 한 사무소에서 정리할 수 있는지 먼저 검토합니다. 다옴법무사사무소는 부산 해운대구에 있으며 이천에 별도 지점이 있는 것은 아닙니다. 이천은 물류센터·공장이 밀집한 산업 지역과 도자기·농업 중심 농지가 함께 있어, 상속받은 부동산이 어떤 지목·용도인지에 따라 필요서류가 달라집니다. 대형 물류창고나 공장 건물은 건축물대장과 임대차 계약을 함께 확인해야 하고, 농지는 지번·면적 누락이 없는지 목록부터 작성하는 것이 우선입니다. 상속인이 수도권 밖에 거주해도 협의분할·위임을 한 사무소에서 정리할 수 있는지 먼저 검토합니다. 다옴법무사사무소는 부산 해운대구에",503,3002fb8e20825be9
/업무사례/익산상속등기법무사,"익산 부동산 상속등기 문의는 산업·주거 지역 아파트·토지 상속에서 협의·위임을 정리합니다. 거리보다 관할 특례 적용 여부와 서류 수집 순서가 중요합니다. 부산 해운대 사무소에서 전화·카카오·우편으로 상담하며, 익산에 별도 출장 사무소는 운영하지 않습니다. 매도를 앞둔 물건이 있으면 협의분할과 신청 순서를 함께 맞춥니다. 익산 부동산 상속등기 문의는 산업·주거 지역 아파트·토지 상속에서 협의·위임을 정리합니다. 거리보다 관할 특례 적용 여부와 서류 수집 순서가 중요합니다. 부산 해운대 사무소에서 전화·카카오·우편으로 상담하며, 익산에 별도 출장 사무소는 운영하지 않습니다. 매도를 앞둔 물건이 있으면 협의분할과 신청 순서를 함께 맞춥니다. 익산 부동산 상속등기 문의는 산업·주거 지역 아파트·토지 상속에서 협의·위임을 정리합니다. 거리보다 관할 특례 적용 여부와 서류 수집 순서가 중요합니다. 부산 해운대 사무소에서 전화·카카오·우편으로 상담하며, 익산에 별도 출장 사무소는 운영하지 않습니",458,e2bebf4971047525
/업무사례/인천상속등기법무사,송도·청라·영종처럼 생활권이 나뉜 인천 부동산도 소재지와 상속인 거주 지역을 먼저 맞춥니다. 방문 없이 서류 사진으로 개요를 확인할 수 있습니다. 송도·청라·영종처럼 생활권이 나뉜 인천 부동산도 소재지와 상속인 거주 지역을 먼저 맞춥니다. 방문 없이 서류 사진으로 개요를 확인할 수 있습니다. 송도·청라·영종처럼 생활권이 나뉜 인천 부동산도 소재지와 상속인 거주 지역을 먼저 맞춥니다. 방문 없이 서류 사진으로 개요를 확인할 수 있습니다. 다옴법무사사무소는 부산 해운대구에 있으며 인천에 별도 지점이 있는 것은 아닙니다. 상속등기 관할 특례와 비대면 서류 전달을 검토합니다. 인천 상속등기 가능 여부부터 확인하기 송도·청라·영종처럼 생활권이 나뉜 인천 부동산도 소재지와 상속인 거주 지역을 먼저 맞춥니다. 방문 없이 서류 사진으로 개요를 확인할 수 있습니다. 안윤정 법무사 직접 확인 비대면 필요서류 안내 보수와 공과금 구분 접수·보정·완료 진행상황 공유 부산 해운대 사무소에 비대면으로 맡기는,389,111d58b20cab8f10
/업무사례/일산상속등기법무사,"일산 상속등기를 검색하셔도 반드시 일산에 사무소가 있어야 하는 것은 아닙니다. 일산 신·구 아파트와 상가 상속에서 협의분할·매도 순서를 맞추는 상담이 많습니다. 상속인이 서울·부산·해외 등 다른 지역에 있어도, 협의분할·위임·등기부 확인을 한 사무소에서 정리할 수 있는지 먼저 검토합니다. 공과금과 법무사 보수를 구분해 안내하며, 가짜 실적이나 지점 존재를 표현하지 않습니다. 일산 상속등기를 검색하셔도 반드시 일산에 사무소가 있어야 하는 것은 아닙니다. 일산 신·구 아파트와 상가 상속에서 협의분할·매도 순서를 맞추는 상담이 많습니다. 상속인이 서울·부산·해외 등 다른 지역에 있어도, 협의분할·위임·등기부 확인을 한 사무소에서 정리할 수 있는지 먼저 검토합니다. 공과금과 법무사 보수를 구분해 안내하며, 가짜 실적이나 지점 존재를 표현하지 않습니다. 일산 상속등기를 검색하셔도 반드시 일산에 사무소가 있어야 하는 것은 아닙니다. 일산 신·구 아파트와 상가 상속에서 협의분할·매도 순서를 맞추",497,e504112376fea644
/업무사례/장유상속등기법무사,"김해 장유 생활권 아파트·상가 상속등기를 검색하셔도 현지 법무사만 선택할 필요는 없습니다. 다옴법무사사무소는 부산 해운대구에 있으며 김해·장유에 별도 지점이 없습니다. 장유 신축·구축 아파트와 상가 임대차가 섞인 경우도 서류 목록부터 정리합니다. 부산과 가까워 방문 상담이 편하시면 해운대로 오실 수 있고, 상속인이 멀리 있으면 사진·우편으로 비대면 진행 여부를 먼저 확인합니다. 김해 장유 생활권 아파트·상가 상속등기를 검색하셔도 현지 법무사만 선택할 필요는 없습니다. 다옴법무사사무소는 부산 해운대구에 있으며 김해·장유에 별도 지점이 없습니다. 장유 신축·구축 아파트와 상가 임대차가 섞인 경우도 서류 목록부터 정리합니다. 부산과 가까워 방문 상담이 편하시면 해운대로 오실 수 있고, 상속인이 멀리 있으면 사진·우편으로 비대면 진행 여부를 먼저 확인합니다. 김해 장유 생활권 아파트·상가 상속등기를 검색하셔도 현지 법무사만 선택할 필요는 없습니다. 다옴법무사사무소는 부산 해운대구에 있으며 ",467,b7df7a3865e3d165
/업무사례/전국공동근저당권등기,"서로 다른 지역 부동산을 하나의 채권을 위해 공동담보로 제공하는 경우, 당사자·등기목적·등기원인 구조에 따라 하나의 관할에서 함께 신청까지 진행할 수 있습니다. 서로 다른 지역 부동산을 하나의 채권을 위해 공동담보로 제공하는 경우, 당사자·등기목적·등기원인 구조에 따라 하나의 관할에서 함께 신청까지 진행할 수 있습니다. 서로 다른 지역 부동산을 하나의 채권을 위해 공동담보로 제공하는 경우, 당사자·등기목적·등기원인 구조에 따라 하나의 관할에서 함께 신청까지 진행할 수 있습니다. 부산 사무소이며 타지역 지점이 없습니다. 복수 관할 공동담보의 묶음 신청 가능 여부는 단정하지 않고 요건을 확인합니다. 전국 부동산 목록부터 맞추는 방법 서로 다른 지역 부동산을 하나의 채권을 위해 공동담보로 제공하는 경우, 당사자·등기목적·등기원인 구조에 따라 하나의 관할에서 함께 신청까지 진행할 수 있습니다. 안윤정 법무사 직접 확인 비대면 필요서류 안내 보수와 공과금 구분 접수·보정·완료 진행상황 공유 ",430,51a77270bf2839b8
/업무사례/전국법인본점이전등기,관할 외 본점이전등기는 종전 본점과 새 본점 소재지 관할을 확인합니다. 부산으로 오는 이전과 부산에서 나가는 이전 모두 비대면 상담이 가능합니다. 관할 외 본점이전등기는 종전 본점과 새 본점 소재지 관할을 확인합니다. 부산으로 오는 이전과 부산에서 나가는 이전 모두 비대면 상담이 가능합니다. 관할 외 본점이전등기는 종전 본점과 새 본점 소재지 관할을 확인합니다. 부산으로 오는 이전과 부산에서 나가는 이전 모두 비대면 상담이 가능합니다. 부산 해운대 사무소이며 타지역 법인등기 지점이 없습니다. 본점이전은 종전·신규 관할을 확인한 뒤 진행합니다. 전국 부동산 목록부터 맞추는 방법 관할 외 본점이전등기는 종전 본점과 새 본점 소재지 관할을 확인합니다. 부산으로 오는 이전과 부산에서 나가는 이전 모두 비대면 상담이 가능합니다. 안윤정 법무사 직접 확인 비대면 필요서류 안내 보수와 공과금 구분 접수·보정·완료 진행상황 공유 관할 특례와 법정 관할의 차이 전국 소재 부동산이어도 부산 해운대 사,368,c9a5e9611bea92e0
/업무사례/전국비대면법무사,업무마다 비대면으로 가능한 단계와 원본·방문이 필요한 단계가 다릅니다. 수임 전에 표 기준으로 범위를 안내합니다. 업무마다 비대면으로 가능한 단계와 원본·방문이 필요한 단계가 다릅니다. 수임 전에 표 기준으로 범위를 안내합니다. 업무마다 비대면으로 가능한 단계와 원본·방문이 필요한 단계가 다릅니다. 수임 전에 표 기준으로 범위를 안내합니다. 다옴법무사사무소는 부산 해운대구에 있습니다. 비대면 수임과 「전국 어느 관할에나 신청」은 다릅니다. 전국 상속등기 가능 여부부터 확인하기 업무마다 비대면으로 가능한 단계와 원본·방문이 필요한 단계가 다릅니다. 수임 전에 표 기준으로 범위를 안내합니다. 안윤정 법무사 직접 확인 비대면 필요서류 안내 보수와 공과금 구분 접수·보정·완료 진행상황 공유 부산 해운대 사무소에 비대면으로 맡기는 이유 전국 소재 부동산이어도 부산 해운대 사무소에서 관할 특례·비대면 서류 전달을 검토할 수 있습니다. 지점이 있다는 의미가 아닙니다. 부산 사무소에 비대면으로 맡,435,fe558ccde350247d
/업무사례/전국상속등기법무사,"부동산이 부산에 있지 않아도 상속등기를 상담할 수 있습니다. 상속인이 서로 다른 지역에 살아도, 전국에 부동산이 흩어져 있어도 서류 수집부터 신청 방식까지 한 사무소에서 검토합니다. 부동산이 부산에 있지 않아도 상속등기를 상담할 수 있습니다. 상속인이 서로 다른 지역에 살아도, 전국에 부동산이 흩어져 있어도 서류 수집부터 신청 방식까지 한 사무소에서 검토합니다. 부동산이 부산에 있지 않아도 상속등기를 상담할 수 있습니다. 상속인이 서로 다른 지역에 살아도, 전국에 부동산이 흩어져 있어도 서류 수집부터 신청 방식까지 한 사무소에서 검토합니다. 다옴법무사사무소는 부산 해운대구에 있으며 타지역 지점이 없습니다. 상속등기 관할 특례와 비대면 서류 전달을 검토하여 진행 바로 진행 방법을 안내합니다. 전국 소재 부동산의 관할 특례 검토 부동산이 부산에 있지 않아도 상속등기를 상담할 수 있습니다. 상속인이 서로 다른 지역에 살아도, 전국에 부동산이 흩어져 있어도 서류 수집부터 신청 방식까지 한 ",473,ffefb25919d28050
/업무사례/전국상속부동산일괄등기,"서울 아파트와 지방 토지를 함께 상속받거나, 부동산마다 받는 사람이 다른 경우 누락·취득세·협의 불일치가 생기기 쉽습니다. 전국 상속등기 일반론과 달리 복수 자산 정리에 집중합니다. 서울 아파트와 지방 토지를 함께 상속받거나, 부동산마다 받는 사람이 다른 경우 누락·취득세·협의 불일치가 생기기 쉽습니다. 전국 상속등기 일반론과 달리 복수 자산 정리에 집중합니다. 서울 아파트와 지방 토지를 함께 상속받거나, 부동산마다 받는 사람이 다른 경우 누락·취득세·협의 불일치가 생기기 쉽습니다. 전국 상속등기 일반론과 달리 복수 자산 정리에 집중합니다. 부산 사무소이며 각 지역 지점이 없습니다. 복수 부동산의 관할 특례·신청 묶음 가능 여부는 사건별 확인이 필요합니다. 전국 소재 부동산의 관할 특례 검토 서울 아파트와 지방 토지를 함께 상속받거나, 부동산마다 받는 사람이 다른 경우 누락·취득세·협의 불일치가 생기기 쉽습니다. 전국 상속등기 일반론과 달리 복수 자산 정리에 집중합니다. 안윤정 법무",469,898285825c57aae1
/업무사례/전국업무사례,"다옴법무사사무소는 부산 해운대구에 있지만 모든 업무가 부산 사건으로 한정되는 것은 아닙니다. 상속·유증등기처럼 관할 특례가 적용될 수 있는 업무와 법정 관할을 지키면서 비대면으로 상담·서류 준비·신청을 진행할 수 있는 업무를 구분하여 전국 의뢰를 검토합니다. 다옴법무사사무소는 부산 해운대구에 있지만 모든 업무가 부산 사건으로 한정되는 것은 아닙니다. 상속·유증등기처럼 관할 특례가 적용될 수 있는 업무와 법정 관할을 지키면서 비대면으로 상담·서류 준비·신청을 진행할 수 있는 업무를 구분하여 전국 의뢰를 검토합니다. 다옴법무사사무소는 부산 해운대구에 있지만 모든 업무가 부산 사건으로 한정되는 것은 아닙니다. 상속·유증등기처럼 관할 특례가 적용될 수 있는 업무와 법정 관할을 지키면서 비대면으로 상담·서류 준비·신청을 진행할 수 있는 업무를 구분하여 전국 의뢰를 검토합니다. 다옴법무사사무소는 부산 해운대구에 있으며, 해당 지역에 별도 지점이 있다는 의미는 아닙니다. 상속·유증등기의 관할 특",583,ceaa4995252691e8
/업무사례/전국유증등기법무사,"유언에 따른 부동산 이전은 상속등기와 서류·쟁점이 다릅니다. 포괄·특정유증, 유언집행자, 이미 상속등기가 끝난 경우 등을 구분해 안내합니다. 유언에 따른 부동산 이전은 상속등기와 서류·쟁점이 다릅니다. 포괄·특정유증, 유언집행자, 이미 상속등기가 끝난 경우 등을 구분해 안내합니다. 유언에 따른 부동산 이전은 상속등기와 서류·쟁점이 다릅니다. 포괄·특정유증, 유언집행자, 이미 상속등기가 끝난 경우 등을 구분해 안내합니다. 부산 해운대 사무소이며 타지역 지점이 없습니다. 유증등기 관할 특례 적용 여부는 사건별로 확인합니다. 전국 상속등기, 부산 법무사에게 맡길 수 있을까 유언에 따른 부동산 이전은 상속등기와 서류·쟁점이 다릅니다. 포괄·특정유증, 유언집행자, 이미 상속등기가 끝난 경우 등을 구분해 안내합니다. 안윤정 법무사 직접 확인 비대면 필요서류 안내 보수와 공과금 구분 접수·보정·완료 진행상황 공유 전국에서 자주 문의되는 상황 전국 소재 부동산이어도 부산 해운대 사무소에서 관할 특",405,e73b1d26b676e71c
/업무사례/전남상속등기법무사,여수·순천·목포처럼 연안·내륙 도시가 나뉜 경우 토지·주택 필지 확인이 중요합니다. 상속인이 수도권에 거주하는 경우도 많습니다. 여수·순천·목포처럼 연안·내륙 도시가 나뉜 경우 토지·주택 필지 확인이 중요합니다. 상속인이 수도권에 거주하는 경우도 많습니다. 여수·순천·목포처럼 연안·내륙 도시가 나뉜 경우 토지·주택 필지 확인이 중요합니다. 상속인이 수도권에 거주하는 경우도 많습니다. 다옴법무사사무소는 부산 해운대구에 있으며 전남에 별도 지점이 있는 것은 아닙니다. 전남 상속등기 가능 여부부터 확인하기 여수·순천·목포처럼 연안·내륙 도시가 나뉜 경우 토지·주택 필지 확인이 중요합니다. 상속인이 수도권에 거주하는 경우도 많습니다. 안윤정 법무사 직접 확인 비대면 필요서류 안내 보수와 공과금 구분 접수·보정·완료 진행상황 공유 부산 해운대 사무소에 비대면으로 맡기는 이유 전남 소재 부동산이어도 부산 해운대 사무소에서 관할 특례·비대면 서류 전달을 검토할 수 있습니다. 지점이 있다는 의미가,369,3b7f63db25972938
/업무사례/전북상속등기법무사,전주·익산·군산 등 시별로 아파트·상가·토지가 섞인 경우 비용 항목을 구분해 설명합니다. 전주·익산·군산 등 시별로 아파트·상가·토지가 섞인 경우 비용 항목을 구분해 설명합니다. 전주·익산·군산 등 시별로 아파트·상가·토지가 섞인 경우 비용 항목을 구분해 설명합니다. 다옴법무사사무소는 부산 해운대구에 있으며 전북에 별도 지점이 있는 것은 아닙니다. 전북 소재 부동산의 관할 특례 검토 전주·익산·군산 등 시별로 아파트·상가·토지가 섞인 경우 비용 항목을 구분해 설명합니다. 안윤정 법무사 직접 확인 비대면 필요서류 안내 보수와 공과금 구분 접수·보정·완료 진행상황 공유 전북 아파트·토지·상가가 섞인 경우 전북 소재 부동산이어도 부산 해운대 사무소에서 관할 특례·비대면 서류 전달을 검토할 수 있습니다. 지점이 있다는 의미가 아닙니다. 아파트와 토지를 함께 상속받은 경우: 주거용과 토지·농지·임야가 섞이면 서류·시가·취득세 단위가 달라질 수 있습니다. 매도 예정이 있는 물건부터 순서를 설계,357,9df06242db89cfd0
/업무사례/전주상속등기법무사,"전주에서 한옥·상가와 아파트가 섞인 상속에서 권리관계 확인이 중요합니다. 다옴법무사사무소는 부산 해운대에 있으므로 전주 지점이 있다는 뜻이 아닙니다. 초기 상담에서는 등기부·협의 개요·상속인 거주지만으로 진행 가능 범위를 설명하고, 원본이 필요한 단계는 수임 전에 구분합니다. 아파트·상가·토지가 섞여 있으면 목록표부터 작성하는 것이 누락을 줄입니다. 전주에서 한옥·상가와 아파트가 섞인 상속에서 권리관계 확인이 중요합니다. 다옴법무사사무소는 부산 해운대에 있으므로 전주 지점이 있다는 뜻이 아닙니다. 초기 상담에서는 등기부·협의 개요·상속인 거주지만으로 진행 가능 범위를 설명하고, 원본이 필요한 단계는 수임 전에 구분합니다. 아파트·상가·토지가 섞여 있으면 목록표부터 작성하는 것이 누락을 줄입니다. 전주에서 한옥·상가와 아파트가 섞인 상속에서 권리관계 확인이 중요합니다. 다옴법무사사무소는 부산 해운대에 있으므로 전주 지점이 있다는 뜻이 아닙니다. 초기 상담에서는 등기부·협의 개요·상속인",468,bd2ffbd4d7a78526
/업무사례/제주상속등기법무사,상속부동산은 제주에 있고 상속인은 육지에 거주하는 경우가 많습니다. 토지와 주택이 여러 필지로 나뉜 경우 방문 횟수를 줄이는 절차를 안내합니다. 상속부동산은 제주에 있고 상속인은 육지에 거주하는 경우가 많습니다. 토지와 주택이 여러 필지로 나뉜 경우 방문 횟수를 줄이는 절차를 안내합니다. 상속부동산은 제주에 있고 상속인은 육지에 거주하는 경우가 많습니다. 토지와 주택이 여러 필지로 나뉜 경우 방문 횟수를 줄이는 절차를 안내합니다. 다옴법무사사무소는 부산 해운대구에 있으며 제주에 별도 지점이 있는 것은 아닙니다. 관할 특례와 비대면 서류 전달을 검토합니다. 제주 상속등기 가능 여부부터 확인하기 상속부동산은 제주에 있고 상속인은 육지에 거주하는 경우가 많습니다. 토지와 주택이 여러 필지로 나뉜 경우 방문 횟수를 줄이는 절차를 안내합니다. 안윤정 법무사 직접 확인 비대면 필요서류 안내 보수와 공과금 구분 접수·보정·완료 진행상황 공유 부산 해운대 사무소에 비대면으로 맡기는 이유 제주 소재,461,b162a59c19c3fd9f
/업무사례/제주시상속등기법무사,"제주시에서 제주시 아파트·토지·농지 상속에서 상속인이 육지에 거주하는 경우가 많습니다. 다옴법무사사무소는 부산 해운대에 있으므로 제주시 지점이 있다는 뜻이 아닙니다. 초기 상담에서는 등기부·협의 개요·상속인 거주지만으로 진행 가능 범위를 설명하고, 원본이 필요한 단계는 수임 전에 구분합니다. 아파트·상가·토지가 섞여 있으면 목록표부터 작성하는 것이 누락을 줄입니다. 제주시에서 제주시 아파트·토지·농지 상속에서 상속인이 육지에 거주하는 경우가 많습니다. 다옴법무사사무소는 부산 해운대에 있으므로 제주시 지점이 있다는 뜻이 아닙니다. 초기 상담에서는 등기부·협의 개요·상속인 거주지만으로 진행 가능 범위를 설명하고, 원본이 필요한 단계는 수임 전에 구분합니다. 아파트·상가·토지가 섞여 있으면 목록표부터 작성하는 것이 누락을 줄입니다. 제주시에서 제주시 아파트·토지·농지 상속에서 상속인이 육지에 거주하는 경우가 많습니다. 다옴법무사사무소는 부산 해운대에 있으므로 제주시 지점이 있다는 뜻이 아",491,1e96ac61dde1e0e3
/업무사례/제천상속등기법무사,제천은 청풍호 인근 전원주택·펜션과 임야·농지를 함께 물려받는 상속 문의가 많은 지역입니다. 오래전부터 내려온 임야는 지번이 여러 필지로 나뉘어 있거나 지적 정리가 되지 않은 경우가 있어 목록부터 확인하는 것이 우선입니다. 전원주택은 건축물대장과 실제 현황이 다른 경우도 있어 함께 점검합니다. 상속인이 수도권 등 타지역에 거주해도 협의분할·위임을 한 사무소에서 정리할 수 있는지 검토합니다. 다옴법무사사무소는 부산 해운대구에 있으며 제천에 별도 지점이 있는 것은 아닙니다. 제천은 청풍호 인근 전원주택·펜션과 임야·농지를 함께 물려받는 상속 문의가 많은 지역입니다. 오래전부터 내려온 임야는 지번이 여러 필지로 나뉘어 있거나 지적 정리가 되지 않은 경우가 있어 목록부터 확인하는 것이 우선입니다. 전원주택은 건축물대장과 실제 현황이 다른 경우도 있어 함께 점검합니다. 상속인이 수도권 등 타지역에 거주해도 협의분할·위임을 한 사무소에서 정리할 수 있는지 검토합니다. 다옴법무사사무소는 부산 해,528,55c789e4f3b25343
/업무사례/중구법무사,"중구에서 법무사 업무 사례와 상담 절차를 찾으시는 분을 위한 안내입니다. 남포·광복·국제시장 등 원도심 상권이 모여 있고, 상가·주택 권리관계와 상속·매매 등기 문의가 함께 이어지는 지역입니다. 중구에서 법무사 업무 사례와 상담 절차를 찾으시는 분을 위한 안내입니다. 남포·광복·국제시장 등 원도심 상권이 모여 있고, 상가·주택 권리관계와 상속·매매 등기 문의가 함께 이어지는 지역입니다. 중구에서 법무사 업무 사례와 상담 절차를 찾으시는 분을 위한 안내입니다. 남포·광복·국제시장 등 원도심 상권이 모여 있고, 상가·주택 권리관계와 상속·매매 등기 문의가 함께 이어지는 지역입니다. 중구 일대에서는 시장·점포 권리와 건물등기 정리 , 상가 임대차와 맞물린 소유권 확인 문의가 이어집니다. 다옴법무사사무소 안윤정 법무사는 부산 해운대·센텀에서 중구 의뢰인의 상속등기·부동산등기·법인등기·개인회생 상담을 진행합니다. 확인되지 않은 실적이나 무조건적인 처리를 약속하지 않으며, 서류와 일정을 확인한",443,32db14a18faf049a
/업무사례/증산상속등기법무사,"양산 증산 신도시 아파트는 비교적 최근 분양·입주가 많아 상속등기 시 가족관계·혼인관계 정리가 중요합니다. 다옴법무사사무소는 부산 해운대구에 있으며 양산·증산에 지점이 있는 것은 아닙니다. 증산 아파트와 양산 구시가지 상가가 함께 상속되는 등 일반적인 상담 유형을 기준으로 서류·비용을 안내합니다. 부산과 인접해 방문 상담이 수월하고, 상속인이 멀리 있으면 협의분할·위임을 비대면으로 진행할 수 있는지 검토합니다. 양산 증산 신도시 아파트는 비교적 최근 분양·입주가 많아 상속등기 시 가족관계·혼인관계 정리가 중요합니다. 다옴법무사사무소는 부산 해운대구에 있으며 양산·증산에 지점이 있는 것은 아닙니다. 증산 아파트와 양산 구시가지 상가가 함께 상속되는 등 일반적인 상담 유형을 기준으로 서류·비용을 안내합니다. 부산과 인접해 방문 상담이 수월하고, 상속인이 멀리 있으면 협의분할·위임을 비대면으로 진행할 수 있는지 검토합니다. 양산 증산 신도시 아파트는 비교적 최근 분양·입주가 많아 상속등기",450,cdb7ae6665b10d35
/업무사례/지역별,"구·군을 고르거나 동·생활권 이름을 검색해 해당 지역 안내로 이동하세요. 상단 메뉴에는 지역명을 모두 나열하지 않습니다. 구·군을 고르거나 동·생활권 이름을 검색해 해당 지역 안내로 이동하세요. 상단 메뉴에는 지역명을 모두 나열하지 않습니다. 해운대구·연제구·강서구 등 구·군 허브에서 동·생활권으로 내려가고, 동 페이지에서는 다시 구·군으로 연결됩니다. 부산 구·군 16개 구·군 허브로 이동합니다. 상담 시 확인하는 내용 지역별 업무 사례 사건은 서류·관할·기한에 따라 진행 순서가 달라집니다. 다옴법무사사무소는 부산 해운대구·센텀에서 상속등기·부동산등기·법인등기·개인회생·파산 등을 다루며, 의뢰인 상황에 맞춰 절차와 비용을 알기 쉽게 설명합니다. 불확실한 부분은 추측으로 단정하지 않고, 확인된 사실을 바탕으로 안내드립니다. 전화·카카오톡·네이버 톡톡으로 간단히 상황을 남겨 주시면 필요한 준비부터 차분히 정리해 드리겠습니다. 우리 동이 목록에 없으면요? 검색창에 동·생활권·역·산업단지",150,67f9224aa0efbf87
/업무사례/지역별상속등기법무사,권역별 카드에서 서울·경기·인천 등 광역 안내로 이동할 수 있습니다. 부산 지역은 신규 페이지 대신 기존 부산 상속등기 안내로 연결합니다. 권역별 카드에서 서울·경기·인천 등 광역 안내로 이동할 수 있습니다. 부산 지역은 신규 페이지 대신 기존 부산 상속등기 안내로 연결합니다. 권역별 카드에서 서울·경기·인천 등 광역 안내로 이동할 수 있습니다. 부산 지역은 신규 페이지 대신 기존 부산 상속등기 안내로 연결합니다. 다옴법무사사무소는 부산 해운대구에 있으며 각 지역 지점이 없습니다. 지역 키워드는 검색·안내용이며 해당 지역 사무소를 의미하지 않습니다. 권역별로 상속등기 안내 찾기 아래 검색·카드에서 서울·경기·인천 등 광역과 주요 시·구 안내로 이동할 수 있습니다. 부산은 기존 부산 상속등기 페이지로 연결합니다. 필터·검색 파라미터 URL은 색인 대상이 아니며 canonical은 이 허브입니다. 전국 부동산 목록부터 맞추는 방법 권역별 카드에서 서울·경기·인천 등 광역 안내로 이동할 ,436,874f8f6c32350dae
/업무사례/진주상속등기법무사,"진주에서 내륙 주택·토지·농지와 아파트가 섞인 상속 목록 정리가 필요합니다. 다옴법무사사무소는 부산 해운대에 있으므로 진주 지점이 있다는 뜻이 아닙니다. 초기 상담에서는 등기부·협의 개요·상속인 거주지만으로 진행 가능 범위를 설명하고, 원본이 필요한 단계는 수임 전에 구분합니다. 아파트·상가·토지가 섞여 있으면 목록표부터 작성하는 것이 누락을 줄입니다. 채무가 확인되지 않아 걱정되신다면 진주 상속포기·한정승인 안내를 먼저 확인하세요. 진주에서 내륙 주택·토지·농지와 아파트가 섞인 상속 목록 정리가 필요합니다. 다옴법무사사무소는 부산 해운대에 있으므로 진주 지점이 있다는 뜻이 아닙니다. 초기 상담에서는 등기부·협의 개요·상속인 거주지만으로 진행 가능 범위를 설명하고, 원본이 필요한 단계는 수임 전에 구분합니다. 아파트·상가·토지가 섞여 있으면 목록표부터 작성하는 것이 누락을 줄입니다. 채무가 확인되지 않아 걱정되신다면 진주 상속포기·한정승인 안내를 먼저 확인하세요. 진주에서 내륙 주택",488,01822f909cd81bf9
/업무사례/진주상속포기한정승인,"진주에 거주하시던 부모님이 돌아가신 뒤 채무가 있는지 불확실하면 상속등기부터 서두르기보다 상속포기·한정승인 여부를 먼저 검토하는 것이 안전합니다. 진주는 경남 서부의 중심 도시로 아파트·상가와 함께 외곽 농지·임야를 함께 소유하신 경우가 많아, 부동산은 있지만 채무 여부가 불명확한 사례가 자주 있습니다. 상속포기·한정승인은 상속등기와 달리 관할 특례가 적용되지 않고 피상속인의 최후 주소지를 관할하는 가정법원에 신고합니다. 진주에 거주하셨다면 창원지방법원 진주지원이 관할인 경우가 많으며, 부산 해운대 사무소에서 상담과 서류 준비를 도와드리더라도 법원 관할 자체는 그대로 유지됩니다. 재산조회(안심상속 원스톱서비스) 결과를 기다리는 동안에도 사망일로부터 3개월이라는 고려기간은 별도로 흐르고 있어, 결과가 늦어진다는 이유만으로 기한이 늘어나지 않는다는 점을 먼저 안내합니다. 상속인이 부산·수도권 등 진주 밖에 거주해도 서류는 사진·우편으로 먼저 정리할 수 있지만, 가정법원 제출 서류의 인감",794,1e2be2311af88e5a
/업무사례/진해구상속등기법무사,"창원 진해구 석동·용원·웅천 일대는 주택·아파트·토지 상속 문의가 이어집니다. 다옴법무사사무소는 부산 해운대구에 있으며 진해·창원에 별도 지점이 없습니다. 진해 구내 부동산과 다른 창원 구·김해·양산 부동산이 함께 있는 등 일반적인 상담 유형을 기준으로 목록·협의·서류를 정리합니다. 부산과 인접해 방문 상담이 수월하고, 상속인이 타지역이면 비대면 위임·협의분할 검토가 가능합니다. 창원 진해구 석동·용원·웅천 일대는 주택·아파트·토지 상속 문의가 이어집니다. 다옴법무사사무소는 부산 해운대구에 있으며 진해·창원에 별도 지점이 없습니다. 진해 구내 부동산과 다른 창원 구·김해·양산 부동산이 함께 있는 등 일반적인 상담 유형을 기준으로 목록·협의·서류를 정리합니다. 부산과 인접해 방문 상담이 수월하고, 상속인이 타지역이면 비대면 위임·협의분할 검토가 가능합니다. 창원 진해구 석동·용원·웅천 일대는 주택·아파트·토지 상속 문의가 이어집니다. 다옴법무사사무소는 부산 해운대구에 있으며 진해·창원",411,aa7dcb2963cafa66
/업무사례/창녕상속등기법무사,"창녕군은 낙동강과 우포늪을 낀 넓은 평야 지대로, 인근 산청·거창처럼 산지가 많은 경남 서부 군들과는 지형 자체가 다릅니다. 우포늪 주변 농지는 습지보호구역이나 하천 인접 여부에 따라 개발·형질변경 제한이 있을 수 있어 등기부만으로 판단하지 않고 토지이용계획확인서를 함께 확인하는 경우가 많습니다. 여기에 창녕읍·영산면·부곡면 등 생활권별 주택이 함께 상속되면, 습지 인근 농지와 읍내 주택을 같은 협의분할서 안에서 정리할지 나눠서 처리할지부터 결정해야 합니다. 창녕군의 부동산 등기는 창녕등기소가 관할하지만 상속포기·한정승인처럼 가정법원에 신고하는 사건은 창원지방법원 밀양지원이 관할이어서, 상속등기와 상속포기의 관할 기관이 서로 다르다는 점을 먼저 안내합니다. 다옴법무사사무소는 부산 해운대구에 있으며 창녕에 별도 지점을 두고 있지 않지만, 상속등기는 부동산 소재지 기준 관할 특례가 적용될 수 있어 해운대 사무소에서 상담부터 신청까지 진행 가능한지 사건별로 검토합니다. 상속인이 창원·부산",822,aeb88148965975f6
/업무사례/창원법인등기법무사,"창원 의창·성산·마산합포·마산회원·진해 5개 구 소재 법인의 설립·임원·목적·본점이전 등기는 창원 본점 관할 등기소 법정관할을 따릅니다. 다옴법무사사무소는 부산 해운대구에 있으며 창원 지점은 없습니다. 상속·유증의 관할 특례와 달리 법정관할을 유지하며, 일반적인 상담 유형 기준으로 절차를 안내합니다. 창원↔부산 본점이전 전용 페이지도 함께 참고하세요. 창원 의창·성산·마산합포·마산회원·진해 5개 구 소재 법인의 설립·임원·목적·본점이전 등기는 창원 본점 관할 등기소 법정관할을 따릅니다. 다옴법무사사무소는 부산 해운대구에 있으며 창원 지점은 없습니다. 상속·유증의 관할 특례와 달리 법정관할을 유지하며, 일반적인 상담 유형 기준으로 절차를 안내합니다. 창원↔부산 본점이전 전용 페이지도 함께 참고하세요. 창원 의창·성산·마산합포·마산회원·진해 5개 구 소재 법인의 설립·임원·목적·본점이전 등기는 창원 본점 관할 등기소 법정관할을 따릅니다. 다옴법무사사무소는 부산 해운대구에 있으며 창원 지",375,85215c840c451824
/업무사례/창원상속등기법무사,창원에서는 의창·성산·마산합포·마산회원·진해에 아파트·토지·상가가 나뉜 경우가 많습니다. 부모·조부모 명의 부동산과 상속 후 매도·담보 일정이 겹치면 목록부터 한 표로 맞춥니다. 부산 해운대 사무소에서 방문·비대면 중 편한 방식을 안내하며 창원 지점은 없습니다. 창원에서는 의창·성산·마산합포·마산회원·진해에 아파트·토지·상가가 나뉜 경우가 많습니다. 부모·조부모 명의 부동산과 상속 후 매도·담보 일정이 겹치면 목록부터 한 표로 맞춥니다. 부산 해운대 사무소에서 방문·비대면 중 편한 방식을 안내하며 창원 지점은 없습니다. 창원에서는 의창·성산·마산합포·마산회원·진해에 아파트·토지·상가가 나뉜 경우가 많습니다. 부모·조부모 명의 부동산과 상속 후 매도·담보 일정이 겹치면 목록부터 한 표로 맞춥니다. 부산 해운대 사무소에서 방문·비대면 중 편한 방식을 안내하며 창원 지점은 없습니다. 다옴법무사사무소는 부산 해운대구에 있으며 창원에 별도 지점이 있는 것은 아닙니다. 상속등기 관할 특례와 비,488,961ca8b57caf0845
/업무사례/창원상속등기비용,"창원 의창·성산·마산합포·마산회원·진해 5개 구에 나뉜 부동산 상속등기 비용은 구·필지별로 달라질 수 있습니다. 다옴법무사사무소는 부산 해운대구에 있으며 창원에 별도 지점이 없습니다. 법무사 보수, 등기 수수료, 취득세, 국민주택채권을 구·필지별로 구분해 일반적인 상담 유형 기준으로 안내합니다. 5개 구 부동산 목록을 받아 일괄 견적 포인트를 설명하며, 방문·비대면 모두 가능합니다. 창원 의창·성산·마산합포·마산회원·진해 5개 구에 나뉜 부동산 상속등기 비용은 구·필지별로 달라질 수 있습니다. 다옴법무사사무소는 부산 해운대구에 있으며 창원에 별도 지점이 없습니다. 법무사 보수, 등기 수수료, 취득세, 국민주택채권을 구·필지별로 구분해 일반적인 상담 유형 기준으로 안내합니다. 5개 구 부동산 목록을 받아 일괄 견적 포인트를 설명하며, 방문·비대면 모두 가능합니다. 창원 의창·성산·마산합포·마산회원·진해 5개 구에 나뉜 부동산 상속등기 비용은 구·필지별로 달라질 수 있습니다. 다옴법무사",414,df7d4080ff0dcc21
/업무사례/창원상속등기필요서류,"창원 5개 구 부동산 상속등기에서 상속인이 여러 명이면 협의분할·위임·인감 준비가 핵심입니다. 다옴법무사사무소는 부산 해운대구에 있으며 창원에 별도 지점이 없습니다. 상속인별 가족관계·인감·위임, 구·필지별 등기부, 협의분할서를 일반적인 상담 유형 기준으로 정리해 안내합니다. 타지역 상속인은 비대면 위임·화상으로 맞추고, 원본 필요 단계만 부산 해운대 방문·우편을 안내합니다. 창원 5개 구 부동산 상속등기에서 상속인이 여러 명이면 협의분할·위임·인감 준비가 핵심입니다. 다옴법무사사무소는 부산 해운대구에 있으며 창원에 별도 지점이 없습니다. 상속인별 가족관계·인감·위임, 구·필지별 등기부, 협의분할서를 일반적인 상담 유형 기준으로 정리해 안내합니다. 타지역 상속인은 비대면 위임·화상으로 맞추고, 원본 필요 단계만 부산 해운대 방문·우편을 안내합니다. 창원 5개 구 부동산 상속등기에서 상속인이 여러 명이면 협의분할·위임·인감 준비가 핵심입니다. 다옴법무사사무소는 부산 해운대구에 있으며 ",416,2f30ff3272a794d9
/업무사례/창원성산구상속등기법무사,"창원 성산구 상남·용호·사파 일대는 아파트·상가 밀집 지역으로 상속등기 문의가 많습니다. 다옴법무사사무소는 부산 해운대구에 있으며 창원 성산구에 지점이 있는 것은 아닙니다. 성산구 아파트 여러 채와 형제 간 협의분할, 또는 상속인만 타지역 거주 등 일반적인 상담 유형을 기준으로 서류·비용·절차를 안내합니다. 부산 방문 또는 비대면 위임·협의서 검토 중 선택하실 수 있습니다. 창원 성산구 상남·용호·사파 일대는 아파트·상가 밀집 지역으로 상속등기 문의가 많습니다. 다옴법무사사무소는 부산 해운대구에 있으며 창원 성산구에 지점이 있는 것은 아닙니다. 성산구 아파트 여러 채와 형제 간 협의분할, 또는 상속인만 타지역 거주 등 일반적인 상담 유형을 기준으로 서류·비용·절차를 안내합니다. 부산 방문 또는 비대면 위임·협의서 검토 중 선택하실 수 있습니다. 창원 성산구 상남·용호·사파 일대는 아파트·상가 밀집 지역으로 상속등기 문의가 많습니다. 다옴법무사사무소는 부산 해운대구에 있으며 창원 성산",443,1a5f85ef25336ba0
/업무사례/창원에서부산법인본점이전,"창원 의창·성산·마산·진해 소재 법인 본점을 부산으로 이전할 때 등기소·세무서 관할 변경과 주주결의 순서가 필요합니다. 다옴법무사사무소는 부산 해운대구에 있으며 창원 지점은 없습니다. 법인 본점이전은 법정관할 절차로 상속·유증 관할 특례와 구분됩니다. 일반적인 상담 유형 기준으로 등기·세무 포인트를 안내하며, 비대면 서류 검토 후 제출·방문 단계를 구분합니다. 창원 의창·성산·마산·진해 소재 법인 본점을 부산으로 이전할 때 등기소·세무서 관할 변경과 주주결의 순서가 필요합니다. 다옴법무사사무소는 부산 해운대구에 있으며 창원 지점은 없습니다. 법인 본점이전은 법정관할 절차로 상속·유증 관할 특례와 구분됩니다. 일반적인 상담 유형 기준으로 등기·세무 포인트를 안내하며, 비대면 서류 검토 후 제출·방문 단계를 구분합니다. 창원 의창·성산·마산·진해 소재 법인 본점을 부산으로 이전할 때 등기소·세무서 관할 변경과 주주결의 순서가 필요합니다. 다옴법무사사무소는 부산 해운대구에 있으며 창원 지",374,89e4ee57989dadac
/업무사례/창원의창구상속등기법무사,창원 의창구 도심 아파트와 북면·동읍·팔용 읍·면 토지가 함께 상속되는 경우가 많습니다. 다옴법무사사무소는 부산 해운대구에 있으며 창원·의창구에 별도 지점이 없습니다. 구내 아파트와 외곽 필지를 한 목록으로 정리해 협의분할·취득세를 검토합니다. 창원까지 방문하실 필요 없이 부산 해운대 방문 또는 서류 비대면으로 일반적인 상담 유형 절차를 안내합니다. 창원 의창구 도심 아파트와 북면·동읍·팔용 읍·면 토지가 함께 상속되는 경우가 많습니다. 다옴법무사사무소는 부산 해운대구에 있으며 창원·의창구에 별도 지점이 없습니다. 구내 아파트와 외곽 필지를 한 목록으로 정리해 협의분할·취득세를 검토합니다. 창원까지 방문하실 필요 없이 부산 해운대 방문 또는 서류 비대면으로 일반적인 상담 유형 절차를 안내합니다. 창원 의창구 도심 아파트와 북면·동읍·팔용 읍·면 토지가 함께 상속되는 경우가 많습니다. 다옴법무사사무소는 부산 해운대구에 있으며 창원·의창구에 별도 지점이 없습니다. 구내 아파트와 외곽 필,429,89edaecc9342e02c
/업무사례/천안상속등기법무사,"천안 상속등기를 검색하셔도 반드시 천안에 사무소가 있어야 하는 것은 아닙니다. 두정·불당·배방 일대 아파트와 외곽 토지·농지가 함께 상속됩니다. 상속인이 서울·부산·해외 등 다른 지역에 있어도, 협의분할·위임·등기부 확인을 한 사무소에서 정리할 수 있는지 먼저 검토합니다. 공과금과 법무사 보수를 구분해 안내하며, 가짜 실적이나 지점 존재를 표현하지 않습니다. 천안 상속등기를 검색하셔도 반드시 천안에 사무소가 있어야 하는 것은 아닙니다. 두정·불당·배방 일대 아파트와 외곽 토지·농지가 함께 상속됩니다. 상속인이 서울·부산·해외 등 다른 지역에 있어도, 협의분할·위임·등기부 확인을 한 사무소에서 정리할 수 있는지 먼저 검토합니다. 공과금과 법무사 보수를 구분해 안내하며, 가짜 실적이나 지점 존재를 표현하지 않습니다. 천안 상속등기를 검색하셔도 반드시 천안에 사무소가 있어야 하는 것은 아닙니다. 두정·불당·배방 일대 아파트와 외곽 토지·농지가 함께 상속됩니다. 상속인이 서울·부산·해외 등",480,42d63899e3cc082f
/업무사례/청도상속등기법무사,"청도군은 대구광역시와 바로 맞닿아 있어 대구에 거주하며 청도에 감나무밭이나 과수원, 전원주택을 소유한 경우가 많은 지역입니다. 같은 대구 인접 지역이라도 경산은 아파트·주택 단지가 밀집한 도시형 생활권인 반면, 청도는 여전히 반시(감)와 복숭아 등 과수 농업이 중심인 농촌형 지역이라 상속재산 구성 자체가 다릅니다. 부모님이 청도에서 농사를 지으시던 경우 과수원·전답과 함께 오래된 농가주택이 상속재산에 포함되는 경우가 많고, 지목이 과수원인지 밭인지에 따라 취득세 계산이 달라질 수 있습니다. 청도군의 부동산 등기는 청도등기소가 관할하며, 청도군은 별도 지원 없이 대구지방법원 본원이 재판·가사 사건을 직접 담당합니다. 다옴법무사사무소는 부산 해운대구에 있으며 청도에 별도 지점을 두고 있지 않지만, 상속등기는 부동산 소재지 기준 관할 특례가 적용될 수 있어 해운대 사무소에서 상담부터 신청까지 진행 가능한지 사건별로 검토합니다. 대구에 거주하는 상속인은 등기부등본·가족관계증명서 사진으로 먼",754,7e035292c028b3ae
/업무사례/청라상속등기법무사,"청라 부동산 상속등기 문의는 청라 신도시 아파트와 인근 상가 상속에서 비대면 서류 검토가 먼저 이뤄집니다. 거리보다 관할 특례 적용 여부와 서류 수집 순서가 중요합니다. 부산 해운대 사무소에서 전화·카카오·우편으로 상담하며, 청라에 별도 출장 사무소는 운영하지 않습니다. 매도를 앞둔 물건이 있으면 협의분할과 신청 순서를 함께 맞춥니다. 청라 부동산 상속등기 문의는 청라 신도시 아파트와 인근 상가 상속에서 비대면 서류 검토가 먼저 이뤄집니다. 거리보다 관할 특례 적용 여부와 서류 수집 순서가 중요합니다. 부산 해운대 사무소에서 전화·카카오·우편으로 상담하며, 청라에 별도 출장 사무소는 운영하지 않습니다. 매도를 앞둔 물건이 있으면 협의분할과 신청 순서를 함께 맞춥니다. 청라 부동산 상속등기 문의는 청라 신도시 아파트와 인근 상가 상속에서 비대면 서류 검토가 먼저 이뤄집니다. 거리보다 관할 특례 적용 여부와 서류 수집 순서가 중요합니다. 부산 해운대 사무소에서 전화·카카오·우편으로 상담",490,937ff1f2f0ba6124
/업무사례/청송영양상속등기법무사,"청송군은 주왕산과 함께 사과 과수원으로 널리 알려진 경북 북부 내륙 군이고, 영양군은 산간 고원 지대에서 고추·밭농사와 임야가 많은 지역입니다. 부모님이 청송에서 사과농사를, 영양 쪽에 밭이나 산지를 함께 남기신 경우 한 번의 상속 상담에서 두 군 필지를 같이 봐야 하는 일이 생깁니다. 과수원과 고원 농지는 취득세·협의분할 기준이 달라질 수 있어, 처음부터 군·지목별로 목록을 나누는 것이 안전합니다. 청송 부동산 등기는 청송등기소, 영양은 영양등기소가 관할하며, 상속포기·한정승인 신고는 청송이 의성지원(의성·청송 등), 영양이 영덕지원(영덕·울진·영양) 기준으로 달라질 수 있어 관할을 구분해 안내합니다. 사과 과수원은 지목이 '과수원'인지 '전'인지, 시설물(저온저장고·하우스)이 건축물대장에 반영되어 있는지에 따라 확인 범위가 달라지고, 고원 농지·임야는 경사지·진입로 여부를 지적도와 함께 보는 경우가 많습니다. 상속인이 이미 타지역에 거주해 청송·영양 왕복이 부담스러운 경우가 대부",909,bf2daf825cf07469
/업무사례/청주상속등기법무사,"청주 부동산 상속등기 문의는 흥덕·상당·서원·청원 행정구역에 걸친 아파트·토지 상속이 많습니다. 거리보다 관할 특례 적용 여부와 서류 수집 순서가 중요합니다. 부산 해운대 사무소에서 전화·카카오·우편으로 상담하며, 청주에 별도 출장 사무소는 운영하지 않습니다. 매도를 앞둔 물건이 있으면 협의분할과 신청 순서를 함께 맞춥니다. 청주 부동산 상속등기 문의는 흥덕·상당·서원·청원 행정구역에 걸친 아파트·토지 상속이 많습니다. 거리보다 관할 특례 적용 여부와 서류 수집 순서가 중요합니다. 부산 해운대 사무소에서 전화·카카오·우편으로 상담하며, 청주에 별도 출장 사무소는 운영하지 않습니다. 매도를 앞둔 물건이 있으면 협의분할과 신청 순서를 함께 맞춥니다. 청주 부동산 상속등기 문의는 흥덕·상당·서원·청원 행정구역에 걸친 아파트·토지 상속이 많습니다. 거리보다 관할 특례 적용 여부와 서류 수집 순서가 중요합니다. 부산 해운대 사무소에서 전화·카카오·우편으로 상담하며, 청주에 별도 출장 사무소는",438,9250ef1672541846
/업무사례/춘천상속등기법무사,"춘천 부동산 상속등기 문의는 호수·도심 아파트와 주택·토지가 함께 상속되는 사례가 많습니다. 거리보다 관할 특례 적용 여부와 서류 수집 순서가 중요합니다. 부산 해운대 사무소에서 전화·카카오·우편으로 상담하며, 춘천에 별도 출장 사무소는 운영하지 않습니다. 매도를 앞둔 물건이 있으면 협의분할과 신청 순서를 함께 맞춥니다. 춘천 부동산 상속등기 문의는 호수·도심 아파트와 주택·토지가 함께 상속되는 사례가 많습니다. 거리보다 관할 특례 적용 여부와 서류 수집 순서가 중요합니다. 부산 해운대 사무소에서 전화·카카오·우편으로 상담하며, 춘천에 별도 출장 사무소는 운영하지 않습니다. 매도를 앞둔 물건이 있으면 협의분할과 신청 순서를 함께 맞춥니다. 춘천 부동산 상속등기 문의는 호수·도심 아파트와 주택·토지가 함께 상속되는 사례가 많습니다. 거리보다 관할 특례 적용 여부와 서류 수집 순서가 중요합니다. 부산 해운대 사무소에서 전화·카카오·우편으로 상담하며, 춘천에 별도 출장 사무소는 운영하지 ",458,8f4e28ae470e924e
/업무사례/충남상속등기법무사,천안·아산·당진처럼 시·군이 나뉜 부동산은 목록 누락을 막는 것이 우선입니다. 토지와 주택이 함께 있는 경우도 많습니다. 천안·아산·당진처럼 시·군이 나뉜 부동산은 목록 누락을 막는 것이 우선입니다. 토지와 주택이 함께 있는 경우도 많습니다. 천안·아산·당진처럼 시·군이 나뉜 부동산은 목록 누락을 막는 것이 우선입니다. 토지와 주택이 함께 있는 경우도 많습니다. 다옴법무사사무소는 부산 해운대구에 있으며 충남에 별도 지점이 있는 것은 아닙니다. 충남 부동산 목록부터 맞추는 방법 천안·아산·당진처럼 시·군이 나뉜 부동산은 목록 누락을 막는 것이 우선입니다. 토지와 주택이 함께 있는 경우도 많습니다. 안윤정 법무사 직접 확인 비대면 필요서류 안내 보수와 공과금 구분 접수·보정·완료 진행상황 공유 관할 특례와 법정 관할의 차이 충남 소재 부동산이어도 부산 해운대 사무소에서 관할 특례·비대면 서류 전달을 검토할 수 있습니다. 지점이 있다는 의미가 아닙니다. 같은 권역 안에서도 구·시가 나뉜 ,383,0440ee3865baf860
/업무사례/충북상속등기법무사,청주·충주·제천 등 시별로 부동산이 나뉘거나 토지·주택이 함께 있는 경우 지번 목록을 먼저 맞춥니다. 청주·충주·제천 등 시별로 부동산이 나뉘거나 토지·주택이 함께 있는 경우 지번 목록을 먼저 맞춥니다. 청주·충주·제천 등 시별로 부동산이 나뉘거나 토지·주택이 함께 있는 경우 지번 목록을 먼저 맞춥니다. 충북 상속등기 가능 여부부터 확인하기 청주·충주·제천 등 시별로 부동산이 나뉘거나 토지·주택이 함께 있는 경우 지번 목록을 먼저 맞춥니다. 안윤정 법무사 직접 확인 비대면 필요서류 안내 보수와 공과금 구분 접수·보정·완료 진행상황 공유 부산 해운대 사무소에 비대면으로 맡기는 이유 충북 소재 부동산이어도 부산 해운대 사무소에서 관할 특례·비대면 서류 전달을 검토할 수 있습니다. 지점이 있다는 의미가 아닙니다. 농지·임야·주택이 함께 있는 경우: 지번·지목·면적 확인이 중요합니다. 목록을 먼저 작성한 뒤 협의분할과 신청 방식을 검토합니다. 상속인이 서로 다른 지역에 거주하는 경우: 부동,404,56d0a4d738ce9e3c
/업무사례/충주상속등기법무사,"충주 상속등기를 검색하셔도 반드시 충주에 사무소가 있어야 하는 것은 아닙니다. 내륙 주택·농지·임야와 아파트가 함께 상속되는 사례가 있습니다. 상속인이 서울·부산·해외 등 다른 지역에 있어도, 협의분할·위임·등기부 확인을 한 사무소에서 정리할 수 있는지 먼저 검토합니다. 공과금과 법무사 보수를 구분해 안내하며, 가짜 실적이나 지점 존재를 표현하지 않습니다. 충주 상속등기를 검색하셔도 반드시 충주에 사무소가 있어야 하는 것은 아닙니다. 내륙 주택·농지·임야와 아파트가 함께 상속되는 사례가 있습니다. 상속인이 서울·부산·해외 등 다른 지역에 있어도, 협의분할·위임·등기부 확인을 한 사무소에서 정리할 수 있는지 먼저 검토합니다. 공과금과 법무사 보수를 구분해 안내하며, 가짜 실적이나 지점 존재를 표현하지 않습니다. 충주 상속등기를 검색하셔도 반드시 충주에 사무소가 있어야 하는 것은 아닙니다. 내륙 주택·농지·임야와 아파트가 함께 상속되는 사례가 있습니다. 상속인이 서울·부산·해외 등 다른",485,cd75b7ff8e186339
/업무사례/칠곡상속등기법무사,경북 칠곡군 아파트·토지·농지·주택 상속등기를 준비하시면 협의분할 방식과 지목별 취득세를 먼저 구분하는 것이 좋습니다. 다옴법무사사무소는 부산 해운대구에 있으며 칠곡에 지점이 있는 것은 아닙니다. 칠곡 신도시 아파트와 외곽 농지가 함께 있거나 상속인이 타 지역에 흩어진 경우도 일반적인 상담 유형으로 절차를 안내합니다. 부산과 거리가 있어도 등기부 사진으로 비대면 개요 상담이 가능합니다. 경북 칠곡군 아파트·토지·농지·주택 상속등기를 준비하시면 협의분할 방식과 지목별 취득세를 먼저 구분하는 것이 좋습니다. 다옴법무사사무소는 부산 해운대구에 있으며 칠곡에 지점이 있는 것은 아닙니다. 칠곡 신도시 아파트와 외곽 농지가 함께 있거나 상속인이 타 지역에 흩어진 경우도 일반적인 상담 유형으로 절차를 안내합니다. 부산과 거리가 있어도 등기부 사진으로 비대면 개요 상담이 가능합니다. 경북 칠곡군 아파트·토지·농지·주택 상속등기를 준비하시면 협의분할 방식과 지목별 취득세를 먼저 구분하는 것이 좋습니,417,13b9552b79424079
/업무사례/타지역법무사의뢰,"관할 지역 법무사만 선임해야 하는지, 서울 사건을 부산 법무사에게 맡길 수 있는지부터 확인합니다. 원본 전달·본인확인·진행 공유·추가 비용 여부를 수임 전에 설명합니다. 관할 지역 법무사만 선임해야 하는지, 서울 사건을 부산 법무사에게 맡길 수 있는지부터 확인합니다. 원본 전달·본인확인·진행 공유·추가 비용 여부를 수임 전에 설명합니다. 관할 지역 법무사만 선임해야 하는지, 서울 사건을 부산 법무사에게 맡길 수 있는지부터 확인합니다. 원본 전달·본인확인·진행 공유·추가 비용 여부를 수임 전에 설명합니다. 부산 해운대 사무소이며 의뢰인 거주지에 지점이 있다는 뜻이 아닙니다. 업무 유형에 따라 관할·비대면 범위를 구분해 안내합니다. 전국 상속등기, 부산 법무사에게 맡길 수 있을까 관할 지역 법무사만 선임해야 하는지, 서울 사건을 부산 법무사에게 맡길 수 있는지부터 확인합니다. 원본 전달·본인확인·진행 공유·추가 비용 여부를 수임 전에 설명합니다. 안윤정 법무사 직접 확인 비대면 필요서류",432,2227d05c30578e02
/업무사례/통영상속등기법무사,"통영 죽림·무전 신도심 아파트와 도서(섬) 지역 부동산이 함께 상속되는 경우, 정작 상속인은 통영이 아니라 부산·수도권 등 육지에 거주하는 경우가 많습니다. 다옴법무사사무소는 부산 해운대구에 있으며 통영에 별도 지점을 두고 있지 않지만, 상속등기는 부동산 소재지 기준 관할 특례가 적용될 수 있어 해운대 사무소에서 상담부터 신청까지 진행 가능한지 사건별로 검토합니다. 죽림·무전 생활권 아파트뿐 아니라 한산도·욕지도 등 섬 지역 토지·임야, 어촌계 관련 권리가 섞인 경우에는 지번과 지목부터 정리하는 것이 중요합니다. 육지에 거주하는 상속인은 등기부등본·가족관계증명서 사진으로 먼저 개요를 확인할 수 있고, 인감증명서·본인서명사실확인서처럼 원본이 필요한 서류는 그 시점에 미리 안내합니다. 모든 절차가 방문 없이 끝난다고 단정하지 않으며, 통영까지 직접 방문이 필요한 서류가 있으면 그 이유도 함께 설명합니다. 통영 죽림·무전 신도심 아파트와 도서(섬) 지역 부동산이 함께 상속되는 경우, 정작",763,8640246bce4e44db
/업무사례/통영상속포기한정승인,"통영에 거주하시던 부모님이 돌아가신 뒤 채무가 있는지 불확실하면 상속등기부터 서두르기보다 상속포기·한정승인 여부를 먼저 검토하는 것이 안전합니다. 상속포기·한정승인은 상속등기와 달리 관할 특례가 적용되지 않고 피상속인의 최후 주소지를 관할하는 가정법원에 신고합니다. 통영에 거주하셨다면 창원지방법원 통영지원이 관할인 경우가 많으며, 부산 해운대 사무소에서 상담과 서류 준비를 도와드리더라도 법원 관할 자체는 그대로 유지됩니다. 재산조회(안심상속 원스톱서비스) 결과를 기다리는 동안에도 사망일로부터 3개월이라는 고려기간은 별도로 흐르고 있어, 결과가 늦어진다는 이유만으로 기한이 늘어나지 않는다는 점을 먼저 안내합니다. 상속인이 부산·수도권 등 통영 밖에 거주해도 서류는 사진·우편으로 먼저 정리할 수 있지만, 가정법원 제출 서류의 인감·서명 확인은 원본이 필요할 수 있습니다. 통영에 거주하시던 부모님이 돌아가신 뒤 채무가 있는지 불확실하면 상속등기부터 서두르기보다 상속포기·한정승인 여부를 먼",706,403b8f83ee5312d0
/업무사례/파주상속등기법무사,"파주에서 운정·금촌 아파트와 외곽 농지·토지 상속에서 지번 확인이 중요합니다. 다옴법무사사무소는 부산 해운대에 있으므로 파주 지점이 있다는 뜻이 아닙니다. 초기 상담에서는 등기부·협의 개요·상속인 거주지만으로 진행 가능 범위를 설명하고, 원본이 필요한 단계는 수임 전에 구분합니다. 아파트·상가·토지가 섞여 있으면 목록표부터 작성하는 것이 누락을 줄입니다. 파주에서 운정·금촌 아파트와 외곽 농지·토지 상속에서 지번 확인이 중요합니다. 다옴법무사사무소는 부산 해운대에 있으므로 파주 지점이 있다는 뜻이 아닙니다. 초기 상담에서는 등기부·협의 개요·상속인 거주지만으로 진행 가능 범위를 설명하고, 원본이 필요한 단계는 수임 전에 구분합니다. 아파트·상가·토지가 섞여 있으면 목록표부터 작성하는 것이 누락을 줄입니다. 파주에서 운정·금촌 아파트와 외곽 농지·토지 상속에서 지번 확인이 중요합니다. 다옴법무사사무소는 부산 해운대에 있으므로 파주 지점이 있다는 뜻이 아닙니다. 초기 상담에서는 등기부·",459,86136800485a8478
/업무사례/판교상속등기법무사,판교는 행정구역상 성남시에 속하지만 분당과는 다른 생활권으로 검색되는 경우가 많습니다. 판교 테크노밸리 인근 오피스·상가와 아파트가 함께 상속되면 구분소유·임대차·근저당 여부를 건물별로 나눠 확인해야 합니다. 분당 아파트 상속과 겹쳐 검색되지만 실제로는 소재지 등기부와 상속인 구성에 따라 진행 방식이 달라질 수 있습니다. 상속인이 서울·지방 등 다른 지역에 있어도 협의분할·위임을 한 사무소에서 정리할 수 있는지 먼저 검토합니다. 다옴법무사사무소는 부산 해운대구에 있으며 판교에 별도 지점이 있는 것은 아닙니다. 판교는 행정구역상 성남시에 속하지만 분당과는 다른 생활권으로 검색되는 경우가 많습니다. 판교 테크노밸리 인근 오피스·상가와 아파트가 함께 상속되면 구분소유·임대차·근저당 여부를 건물별로 나눠 확인해야 합니다. 분당 아파트 상속과 겹쳐 검색되지만 실제로는 소재지 등기부와 상속인 구성에 따라 진행 방식이 달라질 수 있습니다. 상속인이 서울·지방 등 다른 지역에 있어도 협의분할·위임,505,d64117bc3f57455f
/업무사례/평택상속등기법무사,"평택 상속등기를 검색하셔도 반드시 평택에 사무소가 있어야 하는 것은 아닙니다. 항만·산업 인근 토지·주택과 아파트가 함께 상속되는 경우가 있습니다. 상속인이 서울·부산·해외 등 다른 지역에 있어도, 협의분할·위임·등기부 확인을 한 사무소에서 정리할 수 있는지 먼저 검토합니다. 공과금과 법무사 보수를 구분해 안내하며, 가짜 실적이나 지점 존재를 표현하지 않습니다. 평택 상속등기를 검색하셔도 반드시 평택에 사무소가 있어야 하는 것은 아닙니다. 항만·산업 인근 토지·주택과 아파트가 함께 상속되는 경우가 있습니다. 상속인이 서울·부산·해외 등 다른 지역에 있어도, 협의분할·위임·등기부 확인을 한 사무소에서 정리할 수 있는지 먼저 검토합니다. 공과금과 법무사 보수를 구분해 안내하며, 가짜 실적이나 지점 존재를 표현하지 않습니다. 평택 상속등기를 검색하셔도 반드시 평택에 사무소가 있어야 하는 것은 아닙니다. 항만·산업 인근 토지·주택과 아파트가 함께 상속되는 경우가 있습니다. 상속인이 서울·부",465,10c5b7d663f63e75
/업무사례/포천동두천상속등기법무사,"포천은 농지·임야·펜션·공장형 창고가 섞인 상속이 많고, 동두천은 소형 아파트·다가구·군 관련 이사가 잦은 주택 상속 문의가 이어집니다. 두 시를 묶어도 실제로는 시·읍·면 단위로 관할과 지목이 갈리므로 주소 목록을 처음부터 시별로 나눕니다. 상속인이 의정부·서울·지방에 흩어져 있고 부동산만 포천·동두천에 남은 경우, 협의분할과 위임을 원격으로 맞출 수 있는지 검토합니다. 포천 농지는 여러 필지·지목 혼재가 흔하고, 동두천 주택은 오래된 등기와 건축물대장 불일치가 있을 수 있어 각각 확인 깊이가 다릅니다. 펜션·창고가 포함되면 영업용 건물인지 일반주택인지에 따라 확인할 서류가 달라지므로 용도를 초기에 적어 둡니다. 양주·연천과 가까운 지번은 행정구역을 혼동하기 쉬워 우편번호와 지번을 함께 확인합니다. 포천 소흘·일동, 동두천 생연·상패처럼 생활권 명칭만으로 지번을 기억하면 시·읍면이 어긋날 수 있습니다. 공장형 창고와 주택이 한 필지에 섞인 경우 건축물대장 용도를 먼저 확인합니다. ",883,6cc438192bd914d8
/업무사례/포항상속등기법무사,"포항에서 북·남구 아파트와 토지·주택이 함께 상속되는 사례가 많습니다. 다옴법무사사무소는 부산 해운대에 있으므로 포항 지점이 있다는 뜻이 아닙니다. 초기 상담에서는 등기부·협의 개요·상속인 거주지만으로 진행 가능 범위를 설명하고, 원본이 필요한 단계는 수임 전에 구분합니다. 아파트·상가·토지가 섞여 있으면 목록표부터 작성하는 것이 누락을 줄입니다. 채무가 확인되지 않아 걱정되신다면 포항 상속포기·한정승인 안내를 먼저 확인하세요. 포항에서 북·남구 아파트와 토지·주택이 함께 상속되는 사례가 많습니다. 다옴법무사사무소는 부산 해운대에 있으므로 포항 지점이 있다는 뜻이 아닙니다. 초기 상담에서는 등기부·협의 개요·상속인 거주지만으로 진행 가능 범위를 설명하고, 원본이 필요한 단계는 수임 전에 구분합니다. 아파트·상가·토지가 섞여 있으면 목록표부터 작성하는 것이 누락을 줄입니다. 채무가 확인되지 않아 걱정되신다면 포항 상속포기·한정승인 안내를 먼저 확인하세요. 포항에서 북·남구 아파트와 토",494,89778e011d4602f1
/업무사례/포항상속포기한정승인,"포항에 거주하시던 부모님이 돌아가신 뒤 채무가 있는지 불확실하면 상속등기부터 서두르기보다 상속포기·한정승인 여부를 먼저 검토하는 것이 안전합니다. 포항은 제철소 관련 사업체나 개인 간 보증채무가 뒤늦게 확인되는 경우가 있고, 아파트·상가 등 부동산은 있지만 채무 여부가 정확히 파악되지 않은 상태로 상담을 시작하는 경우가 많습니다. 상속포기·한정승인은 상속등기와 달리 관할 특례가 적용되지 않고 피상속인의 최후 주소지를 관할하는 가정법원에 신고합니다. 포항에 거주하셨다면 포항지방법원이 관할인 경우가 많으며, 부산 해운대 사무소에서 상담과 서류 준비를 도와드리더라도 법원 관할 자체는 그대로 유지됩니다. 재산조회(안심상속 원스톱서비스) 결과를 기다리는 동안에도 사망일로부터 3개월이라는 고려기간은 별도로 흐르고 있어, 결과가 늦어진다는 이유만으로 기한이 늘어나지 않는다는 점을 먼저 안내합니다. 상속인이 부산·수도권 등 포항 밖에 거주해도 서류는 사진·우편으로 먼저 정리할 수 있지만, 가정법원",773,0c0edd923bd5d34a
/업무사례/포항에서부산법인본점이전,"포항 소재 법인 본점을 부산 해운대·수영·남포 등으로 이전할 때 등기·세무·관할 등기소 변경 순서를 맞춰야 합니다. 다옴법무사사무소는 부산 해운대구에 있으며 포항·경북 지점은 없습니다. 상속·유증의 관할 특례와 달리 법인 본점이전은 법정관할을 따르며, 일반적인 상담 유형 기준으로 주주결의·정관·등기·세무 신고 포인트를 안내합니다. 부산과 가까워 방문·비대면 선택이 가능하며, 서류 사진으로 먼저 검토할 수 있습니다. 포항 소재 법인 본점을 부산 해운대·수영·남포 등으로 이전할 때 등기·세무·관할 등기소 변경 순서를 맞춰야 합니다. 다옴법무사사무소는 부산 해운대구에 있으며 포항·경북 지점은 없습니다. 상속·유증의 관할 특례와 달리 법인 본점이전은 법정관할을 따르며, 일반적인 상담 유형 기준으로 주주결의·정관·등기·세무 신고 포인트를 안내합니다. 부산과 가까워 방문·비대면 선택이 가능하며, 서류 사진으로 먼저 검토할 수 있습니다. 포항 소재 법인 본점을 부산 해운대·수영·남포 등으로 이전",403,b814ed5e0e95099a
/업무사례/하남상속등기법무사,"하남 상속등기를 검색하셔도 반드시 하남에 사무소가 있어야 하는 것은 아닙니다. 미사·감일 신도시 아파트 상속에서 상속인 거주지가 갈라진 경우가 흔합니다. 상속인이 서울·부산·해외 등 다른 지역에 있어도, 협의분할·위임·등기부 확인을 한 사무소에서 정리할 수 있는지 먼저 검토합니다. 공과금과 법무사 보수를 구분해 안내하며, 가짜 실적이나 지점 존재를 표현하지 않습니다. 하남 상속등기를 검색하셔도 반드시 하남에 사무소가 있어야 하는 것은 아닙니다. 미사·감일 신도시 아파트 상속에서 상속인 거주지가 갈라진 경우가 흔합니다. 상속인이 서울·부산·해외 등 다른 지역에 있어도, 협의분할·위임·등기부 확인을 한 사무소에서 정리할 수 있는지 먼저 검토합니다. 공과금과 법무사 보수를 구분해 안내하며, 가짜 실적이나 지점 존재를 표현하지 않습니다. 하남 상속등기를 검색하셔도 반드시 하남에 사무소가 있어야 하는 것은 아닙니다. 미사·감일 신도시 아파트 상속에서 상속인 거주지가 갈라진 경우가 흔합니다. ",475,d27950574e58bb6f
/업무사례/하동상속등기법무사,"하동군은 섬진강을 사이에 두고 전라남도 광양과 마주하는 경상남도 서쪽 끝 지역으로, 재첩잡이나 매실·차 농사를 위한 농지와 지리산 자락의 임야가 상속재산에 함께 포함되는 경우가 많습니다. 섬진강 인근 농지는 하천법상 제한이나 실제 경작 현황이 지적도와 다른 경우가 있고, 임야는 등기부에 없는 필지나 조상 명의로 남은 필지가 함께 발견되는 경우도 있습니다. 상속인은 하동을 떠나 진주·부산·수도권 등에 거주하는 경우가 흔하며, 부산에서 하동까지는 거리가 있어 왕복 방문이 부담스러울 수 있습니다. 다옴법무사사무소는 부산 해운대구에 있으며 하동에 별도 지점을 두고 있지 않지만, 상속등기는 부동산 소재지 기준 관할 특례가 적용될 수 있어 해운대 사무소에서 상담부터 신청까지 진행 가능한지 사건별로 검토합니다. 타지역에 거주하는 상속인은 등기부등본·가족관계증명서 사진으로 먼저 개요를 확인할 수 있습니다. 하동군은 섬진강을 사이에 두고 전라남도 광양과 마주하는 경상남도 서쪽 끝 지역으로, 재첩잡이",728,7c4e3458d3c6e117
/업무사례/함안상속등기법무사,"함안군은 창원시 마산합포구·마산회원구와 경계를 맞대고 있어 실제로는 창원·마산 생활권에서 출퇴근하며 함안에 농지나 소규모 공장부지를 소유한 경우가 많은 지역입니다. 부모님이 함안에서 농사를 지으시다 돌아가시면 농지와 함께 임대 중인 공장부지가 상속재산에 섞여 있는 경우가 있고, 공장부지는 지목이 '공장용지'인지 농지에서 무단 형질변경된 상태인지에 따라 취득세 산정과 등기 절차가 달라질 수 있습니다. 함안군의 부동산 등기는 함안등기소가 관할하지만, 상속포기·한정승인처럼 가정법원에 신고하는 사건은 창원지방법원 마산지원이 관할이며, 마산지원은 함안군과 의령군을 함께 담당합니다. 상속인이 함안이 아니라 창원·마산 시내에 거주하며 출퇴근하듯 함안 부동산만 오가는 경우, 협의분할과 서류 준비를 창원 생활권 기준으로 진행할 수 있는지 궁금해하는 경우가 많습니다. 다옴법무사사무소는 부산 해운대구에 있으며 함안에 별도 지점을 두고 있지 않지만, 상속등기는 부동산 소재지 기준 관할 특례가 적용될 수 ",807,f57d2d701a9cf80f
/업무사례/함양상속등기법무사,"함양군은 함양읍을 중심 생활권으로 하면서도 서쪽으로 떨어진 안의면이 별도의 오래된 생활권을 이루고 있어, 상속재산으로 남은 필지가 함양읍과 안의 두 곳에 나뉘어 있는 경우가 자주 있습니다. 안의는 예로부터 안의현이라는 별도 행정구역이었던 역사가 있어 지금도 지번 체계나 마을 단위가 함양읍과 다르게 정리되어 있는 경우가 있고, 두 생활권 사이 이동 자체가 내륙 도로를 통해야 해서 시간이 걸립니다. 부모님이 함양읍에 주택을, 안의 인근에 농지나 오래된 임야를 남기신 경우 두 지역 필지를 하나의 협의분할서로 정리할지 나눠서 처리할지부터 결정해야 합니다. 함양군의 부동산 등기는 함양등기소가 관할하지만, 상속포기·한정승인처럼 가정법원에 신고하는 사건은 창원지방법원 거창지원이 관할이며, 거창지원은 함양·거창·합천 세 군을 함께 담당합니다. 다옴법무사사무소는 부산 해운대구에 있으며 함양에 별도 지점을 두고 있지 않지만, 상속등기는 부동산 소재지 기준 관할 특례가 적용될 수 있어 해운대 사무소에서",817,782302f2d9cbe272
/업무사례/합천상속등기법무사,"합천군은 합천호와 여러 저수지를 낀 지역으로, 부모님이 농사를 지으시던 필지가 저수지 주변에 넓게 흩어져 있는 경우가 많습니다. 저수지 인근 농지는 농업생산기반시설 관리 구역이나 수변구역 지정 여부에 따라 개발행위나 형질변경에 제한이 있을 수 있어, 등기부만으로는 확인이 안 되는 사항을 지적도·토지이용계획확인서로 함께 봐야 하는 경우가 있습니다. 여러 필지가 저수지를 따라 흩어져 있으면 상속인 입장에서는 필지 수 자체를 파악하기 어려운 경우가 많아, 상담 초기에 지번을 목록화하는 작업부터 시작하는 것이 중요합니다. 합천군의 부동산 등기는 합천등기소가 관할하지만, 상속포기·한정승인처럼 가정법원에 신고하는 사건은 창원지방법원 거창지원이 관할이며, 거창지원은 거창·함양·합천 세 군을 함께 담당합니다. 다옴법무사사무소는 부산 해운대구에 있으며 합천에 별도 지점을 두고 있지 않지만, 상속등기는 부동산 소재지 기준 관할 특례가 적용될 수 있어 해운대 사무소에서 상담부터 신청까지 진행 가능한지 ",774,3518a67db531b2fe
/업무사례/해운대구법무사,"해운대구에서 법무사 업무 사례와 상담 절차를 찾으시는 분을 위한 안내입니다. 해운대·센텀·재송·반여 일대는 주거·업무·관광이 겹쳐 부동산등기, 법인등기, 상속·잔금일 협업 문의가 많은 대표 생활권입니다. 해운대구에서 법무사 업무 사례와 상담 절차를 찾으시는 분을 위한 안내입니다. 해운대·센텀·재송·반여 일대는 주거·업무·관광이 겹쳐 부동산등기, 법인등기, 상속·잔금일 협업 문의가 많은 대표 생활권입니다. 해운대구에서 법무사 업무 사례와 상담 절차를 찾으시는 분을 위한 안내입니다. 해운대·센텀·재송·반여 일대는 주거·업무·관광이 겹쳐 부동산등기, 법인등기, 상속·잔금일 협업 문의가 많은 대표 생활권입니다. 해운대구 일대에서는 법인 임원변경·본점이전등기 , 금융 일정과 맞춘 근저당 설정·말소 문의가 이어집니다. 다옴법무사사무소 안윤정 법무사는 부산 해운대·센텀에서 해운대구 의뢰인의 상속등기·부동산등기·법인등기·개인회생 상담을 진행합니다. 확인되지 않은 실적이나 무조건적인 처리를 약속하지",447,d8e7a74a617d4b37
/업무사례/홍천상속등기법무사,"홍천은 군 단위 농지·임야·전원주택·펜션형 건물이 상속으로 넘어오는 비중이 높은 지역입니다. 여러 읍·면의 필지가 한 명의로 흩어져 있으면 지번·면적·공유지분부터 목록화해야 하고, 전원주택은 건축물대장과 등기 표시를 대조합니다. 상속인은 춘천·원주·서울·부산에 거주하며 명절에만 홍천을 찾던 경우가 많아, 현장 법무사 방문 없이 협의분할과 위임을 진행할 수 있는지가 관건입니다. 임야와 농지가 섞이면 지목별로 확인 깊이가 달라지므로 상담 초기에 부동산 종류를 나눕니다. 홍천읍·화촌·내면 등 생활권 명칭만으로 주소를 기억하면 행정구역이 헷갈릴 수 있어 지번과 우편번호를 함께 받습니다. 펜션·민박형 건물은 영업용 여부를 메모해 두면 이후 매각·임대 논의가 수월합니다. 홍천 홍천읍과 내면·서면 필지가 섞이면 읍면별로 목록을 작성합니다. 농지·임야·전원주택을 한 협의분할에 넣기 전에 종류별 가액을 대략이라도 구분해 두면 원격 상속인 간 합의가 수월합니다. 홍천 농촌형 상속은 필지 수가 많아 목",870,1902af72dbd6dadc
/업무사례/화성상속등기법무사,"화성에서 동탄 신도시와 농지·토지가 함께 있는 상속에서 필지 누락을 줄이는 것이 우선입니다. 다옴법무사사무소는 부산 해운대에 있으므로 화성 지점이 있다는 뜻이 아닙니다. 초기 상담에서는 등기부·협의 개요·상속인 거주지만으로 진행 가능 범위를 설명하고, 원본이 필요한 단계는 수임 전에 구분합니다. 아파트·상가·토지가 섞여 있으면 목록표부터 작성하는 것이 누락을 줄입니다. 화성에서 동탄 신도시와 농지·토지가 함께 있는 상속에서 필지 누락을 줄이는 것이 우선입니다. 다옴법무사사무소는 부산 해운대에 있으므로 화성 지점이 있다는 뜻이 아닙니다. 초기 상담에서는 등기부·협의 개요·상속인 거주지만으로 진행 가능 범위를 설명하고, 원본이 필요한 단계는 수임 전에 구분합니다. 아파트·상가·토지가 섞여 있으면 목록표부터 작성하는 것이 누락을 줄입니다. 화성에서 동탄 신도시와 농지·토지가 함께 있는 상속에서 필지 누락을 줄이는 것이 우선입니다. 다옴법무사사무소는 부산 해운대에 있으므로 화성 지점이 있다",482,313ab19626dbeaa9
/에코델타시티법인등기,"에코델타시티 일대에서 에코델타시티 법인등기 수요가 꾸준합니다. 스마트시티·친환경 단지 입주 기업 창업·입주·투자 유치 과정에서 법인 설립등기·임원변경·본점 이전등기가 필요한 경우가 많습니다. 에코델타시티, 강서구 인근 기업·스타트업·전문서비스 업체가 문의하시는 법인설립등기 절차를 다옴법무사사무소가 상담·진행합니다. 정관·주주총회 결의·등기신청서 작성 오류는 보정과 지연으로 이어질 수 있어 사전 점검이 중요합니다. 에코델타시티 일대에서 에코델타시티 법인등기 수요가 꾸준합니다. 스마트시티·친환경 단지 입주 기업 창업·입주·투자 유치 과정에서 법인 설립등기·임원변경·본점 이전등기가 필요한 경우가 많습니다. 에코델타시티, 강서구 인근 기업·스타트업·전문서비스 업체가 문의하시는 법인설립등기 절차를 다옴법무사사무소가 상담·진행합니다. 정관·주주총회 결의·등기신청서 작성 오류는 보정과 지연으로 이어질 수 있어 사전 점검이 중요합니다. 에코델타시티, 강서구 인근 기업·스타트업·전문서비스 업체가 문",300,d2682aa4cd3c3526
/에코델타시티법인설립등기,에코델타시티에서 법인설립등기을(를) 진행하려면 관할 확인 후 서류 체크리스트부터 잡는 편이 안전합니다. 친환경 신도시 입주 기업·주거 단지 법인·부동산 등기 수요가 있는 신도시입니다. 정관 작성·자본금 납입·설립 등기까지 창업 초기 법인 설립 절차를 지원합니다. 상담 시 서류·일정·비용 범위를 항목별로 안내합니다. 에코델타시티에서 법인설립등기을(를) 진행하려면 관할 확인 후 서류 체크리스트부터 잡는 편이 안전합니다. 친환경 신도시 입주 기업·주거 단지 법인·부동산 등기 수요가 있는 신도시입니다. 정관 작성·자본금 납입·설립 등기까지 창업 초기 법인 설립 절차를 지원합니다. 상담 시 서류·일정·비용 범위를 항목별로 안내합니다. 친환경 신도시 입주 기업·주거 단지 법인·부동산 등기 수요가 있는 신도시입니다. 정관 작성·자본금 납입·설립 등기까지 창업 초기 법인 설립 절차를 지원합니다. 지역별 업무 상황 산업단지·재개발·재건축처럼 특수한 권리관계는 일반 매매 체크리스트와 항목을 나눕니다.,479,33be8e3ce441d3b6
/여러지역상속부동산등기,"여러 시·도에 아파트·토지·상가가 있으면 누락·취득세·협의 내용 불일치가 생기기 쉽습니다. 전국 상속등기 일반론과 달리, 복수 부동산 정리에 집중합니다. 여러 시·도에 아파트·토지·상가가 있으면 누락·취득세·협의 내용 불일치가 생기기 쉽습니다. 전국 상속등기 일반론과 달리, 복수 부동산 정리에 집중합니다. 여러 시·도에 아파트·토지·상가가 있으면 부동산마다 등기부·시가표준액·취득세 신고 단위가 달라질 수 있습니다. 협의분할을 여러 부동산에 동일하게 적용할지, 일부만 특정 상속인이 받을지도 처음부터 맞춰야 합니다. 여러 시·도 부동산이 있을 때 생기는 문제 등기부 누락, 시가 기준 혼동, 취득세 신고 단위, 협의 내용 불일치, 일부 매도 일정 충돌이 대표적입니다. 누락 방지 체크리스트 주소·지번·전유부분·토지·상가·권리제한·임대차 여부를 표로 모아 확인합니다. 시·도별 부동산 목록 등기부 갑구·을구 권리제한 시가·공시가격 참고자료 매도·담보 예정일 관할 특례 적용 가능 여부 상속 원인",298,f7aeb190eae34edd
/연락두절상속인,"형제·친척 중 연락이 끊긴 사람이 있으면 협의분할·공동신청이 막히는 경우가 있습니다. 이 페이지는 상속인 연락두절에 초점을 두며, 건물 공유자 연락두절 멸실등기와는 별개입니다. 형제·친척 중 연락이 끊긴 사람이 있으면 협의분할·공동신청이 막히는 경우가 있습니다. 이 페이지는 상속인 연락두절에 초점을 두며, 건물 공유자 연락두절 멸실등기와는 별개입니다. 형제·친척 중 연락이 끊긴 사람이 있으면 협의분할·공동신청이 막히는 경우가 있습니다. 이 페이지는 상속인 연락두절에 초점을 두며, 건물 공유자 연락두절 멸실등기와는 별개입니다. 상담 시 확인하는 내용 연락두절 상속인이 있는 경우 사건은 서류·관할·기한에 따라 진행 순서가 달라집니다. 다옴법무사사무소는 부산 해운대구·센텀에서 상속등기·부동산등기·법인등기·개인회생·파산 등을 다루며, 의뢰인 상황에 맞춰 절차와 비용을 알기 쉽게 설명합니다. 불확실한 부분은 추측으로 단정하지 않고, 확인된 사실을 바탕으로 안내드립니다. 전화·카카오톡·네이버 ",168,12518b0676cadec9
/연산동법무사,"연산동에서 법인등기를 직접 접수했다가 정관·결의서 오류로 보정명령을 받는 사례가 있습니다. 부산지방법원 등기국은 접수 대기가 있을 수 있어, 서류를 한 번에 맞추는 것이 중요합니다. 연산동 부동산 상속은 공동상속인 협의서 없이 진행했다가 나중에 분쟁이 생기기도 합니다. 연산동에서 법인등기를 직접 접수했다가 정관·결의서 오류로 보정명령을 받는 사례가 있습니다. 부산지방법원 등기국은 접수 대기가 있을 수 있어, 서류를 한 번에 맞추는 것이 중요합니다. 연산동 부동산 상속은 공동상속인 협의서 없이 진행했다가 나중에 분쟁이 생기기도 합니다. 연산동 법무사 상담은 연제구 행정·주거 중심지로, 부산지방법원·등기국이 인근에 있어 법인·부동산 등기 접수 전 서류 검토 문의가 많은 지역입니다. 연산동·거제동 아파트 상속과 소규모 법인 임원변경이 함께 들어오는 경우도 있습니다. 연제구에서 등기국 근처·연산역 법인등기처럼 접근 동선을 중시하시는 의뢰인도 많습니다. 상담은 센텀 사무소에서 연산동·거제동 ",424,3f78b03e776fb790
/연산동법인등기,연산동에서 법인등기을(를) 진행하려면 관할 확인 후 서류 체크리스트부터 잡는 편이 안전합니다. 연산동 대단지·상가 상속·법인 사무실 등기를 안내하는 동입니다. 주식회사·유한회사 등 법인의 설립 이후 변경·이전 등기를 처리합니다. 센텀·서면 일대 법인 설립·임원변경·본점이전을 안내합니다. 상담 시 서류·일정·비용 범위를 항목별로 안내합니다. 연산동에서 법인등기을(를) 진행하려면 관할 확인 후 서류 체크리스트부터 잡는 편이 안전합니다. 연산동 대단지·상가 상속·법인 사무실 등기를 안내하는 동입니다. 주식회사·유한회사 등 법인의 설립 이후 변경·이전 등기를 처리합니다. 센텀·서면 일대 법인 설립·임원변경·본점이전을 안내합니다. 상담 시 서류·일정·비용 범위를 항목별로 안내합니다. 연산동 대단지·상가 상속·법인 사무실 등기를 안내하는 동입니다. 주식회사·유한회사 등 법인의 설립 이후 변경·이전 등기를 처리합니다. 센텀·서면 일대 법인 설립·임원변경·본점이전을 안내합니다. 지역별 업무 상황 ,491,5ed43d53a768325a
/연산동상속등기,상속등기을(를) 연산동 기준으로 볼 때는 동일 절차라도 등기소·법원 창구가 사건별로 갈릴 수 있습니다. 연산동 대단지·상가 상속·법인 사무실 등기를 안내하는 동입니다. 피상속인 사망 후 부동산·토지 등기명의를 상속인 명의로 이전하는 절차입니다. 부산 전역 아파트·상가·토지 상속 사건을 다룹니다. 상담 시 서류·일정·비용 범위를 항목별로 안내합니다. 상속등기을(를) 연산동 기준으로 볼 때는 동일 절차라도 등기소·법원 창구가 사건별로 갈릴 수 있습니다. 연산동 대단지·상가 상속·법인 사무실 등기를 안내하는 동입니다. 피상속인 사망 후 부동산·토지 등기명의를 상속인 명의로 이전하는 절차입니다. 부산 전역 아파트·상가·토지 상속 사건을 다룹니다. 상담 시 서류·일정·비용 범위를 항목별로 안내합니다. 연산동 대단지·상가 상속·법인 사무실 등기를 안내하는 동입니다. 피상속인 사망 후 부동산·토지 등기명의를 상속인 명의로 이전하는 절차입니다. 부산 전역 아파트·상가·토지 상속 사건을 다룹니다. ,493,4b91c7b8fbfe7cb4
/연산역법무사,"연산역 법무사를 찾으시면 1·3호선 환승역 인근 아파트·상가의 상속·법인 등기를 이 역세권 안내에서 보시면 됩니다. 연산동 행정동 전체는 연산동 페이지, 연제구 전체는 연제구 안내가 맞습니다. 연산역 법무사를 찾으시면 1·3호선 환승역 인근 아파트·상가의 상속·법인 등기를 이 역세권 안내에서 보시면 됩니다. 연산동 행정동 전체는 연산동 페이지, 연제구 전체는 연제구 안내가 맞습니다. 연산역 법무사를 찾으시면 1·3호선 환승역 인근 아파트·상가의 상속·법인 등기를 이 역세권 안내에서 보시면 됩니다. 연산동 행정동 전체는 연산동 페이지, 연제구 전체는 연제구 안내가 맞습니다. 연산역에서 찾는 경우와 연산동 안내의 관계 연산역 검색은 환승역 접근 동선이고, 실제 등기는 연산동·거제동 주소로 진행됩니다. 법인 임원변경·등기국 접수 전 검토는 연산동 안내가 더 가깝습니다. 역세권 매매·상속을 나눌 때 잔금일·근저당 말소가 핵심이면 연제구 부동산등기 안내를, 상속인·한정승인이면 연제구 상속등기",261,0bf82b8b0b443a75
/연산역상속등기,연산역 상속등기 문의는 소재지·채무·협의 상태에 따라 준비 순서가 달라집니다. 연산역 인근 아파트·상가 상속·등기 문의가 많습니다. 피상속인 사망 후 부동산·토지 등기명의를 상속인 명의로 이전하는 절차입니다. 부산 전역 아파트·상가·토지 상속 사건을 다룹니다. 상담 시 서류·일정·비용 범위를 항목별로 안내합니다. 연산역 상속등기 문의는 소재지·채무·협의 상태에 따라 준비 순서가 달라집니다. 연산역 인근 아파트·상가 상속·등기 문의가 많습니다. 피상속인 사망 후 부동산·토지 등기명의를 상속인 명의로 이전하는 절차입니다. 부산 전역 아파트·상가·토지 상속 사건을 다룹니다. 상담 시 서류·일정·비용 범위를 항목별로 안내합니다. 연산역 인근 아파트·상가 상속·등기 문의가 많습니다. 피상속인 사망 후 부동산·토지 등기명의를 상속인 명의로 이전하는 절차입니다. 부산 전역 아파트·상가·토지 상속 사건을 다룹니다. 지역별 업무 상황 이미 소송·가압류가 있으면 등기 가능 시점부터 다시 설계합니다. ,495,b48ea43315537816
/연제구법무사,"연제구에서 법무사를 찾으시면, 연산동·거제동 생활권의 상속·법인·부동산 등기를 이 페이지에서 먼저 나누시면 됩니다. 부산지방법원·등기국·회생법원이 연제구에 있어 접수 동선과 서류를 함께 묻는 경우가 많습니다. 다옴법무사사무소는 해운대 센텀에 있으며 연제구 사건을 상담합니다. 연제구에서 법무사를 찾으시면, 연산동·거제동 생활권의 상속·법인·부동산 등기를 이 페이지에서 먼저 나누시면 됩니다. 부산지방법원·등기국·회생법원이 연제구에 있어 접수 동선과 서류를 함께 묻는 경우가 많습니다. 다옴법무사사무소는 해운대 센텀에 있으며 연제구 사건을 상담합니다. 연산역·교대·시청 주변은 실거주 아파트와 소규모 법인이 섞여 있습니다. 상속등기만 하면 되는지, 한정승인·포기를 먼저 볼지는 재산·채무를 확인한 뒤에 정합니다. 법인 임원변경·본점이전은 결의일과 등기기한을 함께 봅니다. 거제동은 법원로 생활권과 맞닿아 회생·지급명령 일정과 등기가 겹치기도 합니다. 행정동 번호(연산1~9동, 거제1~4동)가 달",617,298b96c1a77a9832
/연제구법인등기,"연제구는 연산·거제 일대 실거주 아파트와 상가, 소규모 법인 사무실이 많아 상속등기와 임원변경·법인등기 상담이 이어지는 지역입니다. 연제구 연산동, 거제동에서 법인등기를 진행할 때는 부동산·법인 소재지와 당사자 서류를 기준으로 관할과 순서를 맞춥니다. 이 페이지는 법인등기만 다루며, 상담은 해운대 센텀 다옴법무사사무소에서 이어집니다. 연제구는 연산·거제 일대 실거주 아파트와 상가, 소규모 법인 사무실이 많아 상속등기와 임원변경·법인등기 상담이 이어지는 지역입니다. 연제구 연산동, 거제동에서 법인등기를 진행할 때는 부동산·법인 소재지와 당사자 서류를 기준으로 관할과 순서를 맞춥니다. 이 페이지는 법인등기만 다루며, 상담은 해운대 센텀 다옴법무사사무소에서 이어집니다. 연제구 법인등기 실무 안내 — 다옴법무사사무소 안윤정 법무사. 연산동, 거제동 일대 상담·서류·등기 대리. 전화·카카오톡 상담 가능. 비용 안내 법인등기(본점이전·목적변경·증자 등)는 사건 유형별로 수임료가 다릅니다. 정관",277,f00640b9606f1a76
/연제구법인설립등기,연제구에서 법인설립등기을(를) 진행하려면 관할 확인 후 서류 체크리스트부터 잡는 편이 안전합니다. 연산·거제 일대 실거주 아파트·법인 사무실의 상속·임원변경 등기 수요가 있습니다. 정관 작성·자본금 납입·설립 등기까지 창업 초기 법인 설립 절차를 지원합니다. 상담 시 서류·일정·비용 범위를 항목별로 안내합니다. 연제구에서 법인설립등기을(를) 진행하려면 관할 확인 후 서류 체크리스트부터 잡는 편이 안전합니다. 연산·거제 일대 실거주 아파트·법인 사무실의 상속·임원변경 등기 수요가 있습니다. 정관 작성·자본금 납입·설립 등기까지 창업 초기 법인 설립 절차를 지원합니다. 상담 시 서류·일정·비용 범위를 항목별로 안내합니다. 연산·거제 일대 실거주 아파트·법인 사무실의 상속·임원변경 등기 수요가 있습니다. 정관 작성·자본금 납입·설립 등기까지 창업 초기 법인 설립 절차를 지원합니다. 지역별 업무 상황 산업단지·재개발·재건축처럼 특수한 권리관계는 일반 매매 체크리스트와 항목을 나눕니다. 말소,463,7977fca4465a0e44
/연제구부동산등기,"연제구는 연산·거제 일대 실거주 아파트와 상가, 소규모 법인 사무실이 많아 상속등기와 임원변경·법인등기 상담이 이어지는 지역입니다. 연제구 연산동, 거제동에서 부동산등기를 진행할 때는 부동산·법인 소재지와 당사자 서류를 기준으로 관할과 순서를 맞춥니다. 이 페이지는 부동산등기만 다루며, 상담은 해운대 센텀 다옴법무사사무소에서 이어집니다. 연제구는 연산·거제 일대 실거주 아파트와 상가, 소규모 법인 사무실이 많아 상속등기와 임원변경·법인등기 상담이 이어지는 지역입니다. 연제구 연산동, 거제동에서 부동산등기를 진행할 때는 부동산·법인 소재지와 당사자 서류를 기준으로 관할과 순서를 맞춥니다. 이 페이지는 부동산등기만 다루며, 상담은 해운대 센텀 다옴법무사사무소에서 이어집니다. 연제구 부동산등기 실무 안내 — 다옴법무사사무소 안윤정 법무사. 연산동, 거제동 일대 상담·서류·등기 대리. 전화·카카오톡 상담 가능. 비용 안내 부동산등기 비용은 거래 유형·가액·저당권 말소 여부에 따라 달라집니다",292,26cf44025e51a5ed
/연제구상속등기,"연제구는 연산·거제 일대 실거주 아파트와 상가, 소규모 법인 사무실이 많아 상속등기와 임원변경·법인등기 상담이 이어지는 지역입니다. 연제구 연산동, 거제동에서 상속등기를 진행할 때는 부동산·법인 소재지와 당사자 서류를 기준으로 관할과 순서를 맞춥니다. 이 페이지는 상속등기만 다루며, 상담은 해운대 센텀 다옴법무사사무소에서 이어집니다. 연제구는 연산·거제 일대 실거주 아파트와 상가, 소규모 법인 사무실이 많아 상속등기와 임원변경·법인등기 상담이 이어지는 지역입니다. 연제구 연산동, 거제동에서 상속등기를 진행할 때는 부동산·법인 소재지와 당사자 서류를 기준으로 관할과 순서를 맞춥니다. 이 페이지는 상속등기만 다루며, 상담은 해운대 센텀 다옴법무사사무소에서 이어집니다. 연제구 상속등기 실무 안내 — 다옴법무사사무소 안윤정 법무사. 연산동, 거제동 일대 상담·서류·등기 대리. 전화·카카오톡 상담 가능. 연제구 연산동·거제동 일대에서 해당 업무의 서류·기한·관할을 상담합니다. 비용 안내 상속",306,053d91d8db239732
/연제구상속포기,"연제구는 연산·거제 일대 실거주 아파트와 상가, 소규모 법인 사무실이 많아 상속등기와 임원변경·법인등기 상담이 이어지는 지역입니다. 연제구 연산동, 거제동에서 상속포기를 진행할 때는 부동산·법인 소재지와 당사자 서류를 기준으로 관할과 순서를 맞춥니다. 이 페이지는 상속포기만 다루며, 상담은 해운대 센텀 다옴법무사사무소에서 이어집니다. 연제구는 연산·거제 일대 실거주 아파트와 상가, 소규모 법인 사무실이 많아 상속등기와 임원변경·법인등기 상담이 이어지는 지역입니다. 연제구 연산동, 거제동에서 상속포기를 진행할 때는 부동산·법인 소재지와 당사자 서류를 기준으로 관할과 순서를 맞춥니다. 이 페이지는 상속포기만 다루며, 상담은 해운대 센텀 다옴법무사사무소에서 이어집니다. 연제구 상속포기 실무 안내 — 다옴법무사사무소 안윤정 법무사. 연산동, 거제동 일대 상담·서류·등기 대리. 전화·카카오톡 상담 가능. 비용 안내 상속포기는 가정법원 신고 사건으로, 사건 복잡도에 따라 수임료가 책정됩니다. ",304,8dfaa84b45c6f9a3
/연제구임원변경등기,"연제구는 연산·거제 일대 실거주 아파트와 상가, 소규모 법인 사무실이 많아 상속등기와 임원변경·법인등기 상담이 이어지는 지역입니다. 연제구 거제동, 연산동에서 임원변경등기를 진행할 때는 부동산·법인 소재지와 당사자 서류를 기준으로 관할과 순서를 맞춥니다. 이 페이지는 임원변경등기만 다루며, 상담은 해운대 센텀 다옴법무사사무소에서 이어집니다. 연제구는 연산·거제 일대 실거주 아파트와 상가, 소규모 법인 사무실이 많아 상속등기와 임원변경·법인등기 상담이 이어지는 지역입니다. 연제구 거제동, 연산동에서 임원변경등기를 진행할 때는 부동산·법인 소재지와 당사자 서류를 기준으로 관할과 순서를 맞춥니다. 이 페이지는 임원변경등기만 다루며, 상담은 해운대 센텀 다옴법무사사무소에서 이어집니다. 연제구 임원변경등기 실무 안내 — 다옴법무사사무소 안윤정 법무사. 거제동, 연산동 일대 상담·서류·등기 대리. 전화·카카오톡 상담 가능. 비용 안내 임원변경등기는 변경 항목 수(대표·이사·감사·주소 등)에 따",287,4e5438f6f1dc382a
/연제구한정승인,"연제구는 연산·거제 일대 실거주 아파트와 상가, 소규모 법인 사무실이 많아 상속등기와 임원변경·법인등기 상담이 이어지는 지역입니다. 연제구 연산동, 거제동에서 한정승인를 진행할 때는 부동산·법인 소재지와 당사자 서류를 기준으로 관할과 순서를 맞춥니다. 이 페이지는 한정승인만 다루며, 상담은 해운대 센텀 다옴법무사사무소에서 이어집니다. 연제구는 연산·거제 일대 실거주 아파트와 상가, 소규모 법인 사무실이 많아 상속등기와 임원변경·법인등기 상담이 이어지는 지역입니다. 연제구 연산동, 거제동에서 한정승인를 진행할 때는 부동산·법인 소재지와 당사자 서류를 기준으로 관할과 순서를 맞춥니다. 이 페이지는 한정승인만 다루며, 상담은 해운대 센텀 다옴법무사사무소에서 이어집니다. 연제구 한정승인 실무 안내 — 다옴법무사사무소 안윤정 법무사. 연산동, 거제동 일대 상담·서류·등기 대리. 전화·카카오톡 상담 가능. 비용 안내 한정승인은 재산·채무 조사 범위에 따라 수임료가 달라집니다. 이후 상속등기까지",296,e0163744c5a1dc76
/연지동법무사,"연지동에서는 ‘서면 근처라 상가 서류를 준비했다’, ‘초읍동 집을 공동명의로 상속할까’, ‘전세 만기에 맞춰 매도하려 한다’는 문의가 있습니다. 사건 유형을 주거로 바로잡고, 공동명의·전세·매도 일정을 한 표로 정리합니다. 전세 만기와 상속등기 완료가 어긋나면 임대인 지위 승계와 보증금 반환 책임이 불명확해질 수 있어, 협의서에 임대차 승계 조건을 함께 적어 두는 편이 안전합니다. 연지동에서는 연지·초읍의 부산진 북부 주거와 공원·학교 생활권를 볼 때 서면 상권과 분리된 실거주 아파트 상속·매매를 협의서·등기부·전세계약서·매매특약와 맞춰 확인합니다. 다옴법무사사무소는 해운대 센텀에서 상담합니다. 연지동에서는 ‘서면 근처라 상가 서류를 준비했다’, ‘초읍동 집을 공동명의로 상속할까’, ‘전세 만기에 맞춰 매도하려 한다’는 문의가 있습니다. 사건 유형을 주거로 바로잡고, 공동명의·전세·매도 일정을 한 표로 정리합니다. 전세 만기와 상속등기 완료가 어긋나면 임대인 지위 승계와 보증금 반환",446,c8e92301cb05d4c2
/영농조합법인설립,"영농조합법인 설립은 농업협동조합법상 절차(전환·설립) 완료 후 관할 등기소에 설립등기합니다. 영농조합법인 설립은 농업협동조합법상 절차(전환·설립) 완료 후 관할 등기소에 설립등기합니다. 영농조합법인은 농업협동조합법에 따른 법인으로, 영농조합이 법인화하거나 신설 설립됩니다. 상담 시 확인하는 내용 영농조합법인 설립 사건은 서류·관할·기한에 따라 진행 순서가 달라집니다. 다옴법무사사무소는 부산 해운대구·센텀에서 상속등기·부동산등기·법인등기·개인회생·파산 등을 다루며, 의뢰인 상황에 맞춰 절차와 비용을 알기 쉽게 설명합니다. 불확실한 부분은 추측으로 단정하지 않고, 확인된 사실을 바탕으로 안내드립니다. 전화·카카오톡·네이버 톡톡으로 간단히 상황을 남겨 주시면 필요한 준비부터 차분히 정리해 드리겠습니다. 농업회사법인과 차이는? `/농업회사법인과영농조합법인차이`를 참고하세요. 영농조합법인 설립 상담은 어디서 받을 수 있나요? 다옴법무사사무소는 해운대구 센텀에 있으며, 부산 전역 사건을 전화·",113,5da25aed68983575
/영도구법무사,"영도구에서 법무사를 찾으시면 남항·봉래 원도심 상가와 동삼·태종대 주거, 동삼 혁신지구 인근 법인을 나눠 보시면 됩니다. 이 페이지에서는 토지·건물 부동산등기와 법인을 중심으로 설명합니다. 선박·어선 등기는 별도 절차입니다. 다옴법무사사무소는 해운대 센텀에서 영도구 사건을 상담합니다. 영도구에서 법무사를 찾으시면 남항·봉래 원도심 상가와 동삼·태종대 주거, 동삼 혁신지구 인근 법인을 나눠 보시면 됩니다. 이 페이지에서는 토지·건물 부동산등기와 법인을 중심으로 설명합니다. 선박·어선 등기는 별도 절차입니다. 다옴법무사사무소는 해운대 센텀에서 영도구 사건을 상담합니다. 영도구 부동산등기는 부산지방법원 등기국 관할입니다. 동삼동 전용 페이지가 있으면 혁신지구·주거 안내는 그쪽으로 이어집니다. 항만 배후 사업장은 공장·창고 부동산과 법인 본점을 구분해 안내합니다. 이 페이지에서 다루는 영도구 업무 통계로 ‘많다’고 단정하지 않습니다. 영도구 검색 의도에 맞춰 아래 업무를 중심으로 안내합니다",418,b714b6952c559c6f
/영도구법인등기,영도구 법인등기 문의는 소재지·채무·협의 상태에 따라 준비 순서가 달라집니다. 영도·남항 일대 선박·어선·해운 관련 등기와 주택·상가 부동산등기·상속 수요가 있는 구입니다. 주식회사·유한회사 등 법인의 설립 이후 변경·이전 등기를 처리합니다. 센텀·서면 일대 법인 설립·임원변경·본점이전을 안내합니다. 상담 시 서류·일정·비용 범위를 항목별로 안내합니다. 영도구 법인등기 문의는 소재지·채무·협의 상태에 따라 준비 순서가 달라집니다. 영도·남항 일대 선박·어선·해운 관련 등기와 주택·상가 부동산등기·상속 수요가 있는 구입니다. 주식회사·유한회사 등 법인의 설립 이후 변경·이전 등기를 처리합니다. 센텀·서면 일대 법인 설립·임원변경·본점이전을 안내합니다. 상담 시 서류·일정·비용 범위를 항목별로 안내합니다. 영도·남항 일대 선박·어선·해운 관련 등기와 주택·상가 부동산등기·상속 수요가 있는 구입니다. 주식회사·유한회사 등 법인의 설립 이후 변경·이전 등기를 처리합니다. 센텀·서면 일대 법,487,1ca852b25292ac16
/영도구법인설립등기,법인설립등기을(를) 영도구 기준으로 볼 때는 동일 절차라도 등기소·법원 창구가 사건별로 갈릴 수 있습니다. 영도·남항 일대 선박·어선·해운 관련 등기와 주택·상가 부동산등기·상속 수요가 있는 구입니다. 정관 작성·자본금 납입·설립 등기까지 창업 초기 법인 설립 절차를 지원합니다. 상담 시 서류·일정·비용 범위를 항목별로 안내합니다. 법인설립등기을(를) 영도구 기준으로 볼 때는 동일 절차라도 등기소·법원 창구가 사건별로 갈릴 수 있습니다. 영도·남항 일대 선박·어선·해운 관련 등기와 주택·상가 부동산등기·상속 수요가 있는 구입니다. 정관 작성·자본금 납입·설립 등기까지 창업 초기 법인 설립 절차를 지원합니다. 상담 시 서류·일정·비용 범위를 항목별로 안내합니다. 영도·남항 일대 선박·어선·해운 관련 등기와 주택·상가 부동산등기·상속 수요가 있는 구입니다. 정관 작성·자본금 납입·설립 등기까지 창업 초기 법인 설립 절차를 지원합니다. 지역별 업무 상황 다수 필지·다수 계좌면 목록 번호를,476,63c26550655c83e4
/영도구부동산등기,"영도구 부동산등기는 남항·봉래 원도심 상가와 동삼·태종대 주거 매매·이전·담보 등기에 집중합니다. 선박·어선 등기는 별도 절차이므로 이 프로필에서는 토지·건물 등기만 다룹니다. 영도구 남항동, 동삼동, 봉래동에서 부동산등기를 진행할 때는 부동산·법인 소재지와 당사자 서류를 기준으로 관할과 순서를 맞춥니다. 이 페이지는 부동산등기만 다루며, 상담은 해운대 센텀 다옴법무사사무소에서 이어집니다. 영도구 부동산등기는 남항·봉래 원도심 상가와 동삼·태종대 주거 매매·이전·담보 등기에 집중합니다. 선박·어선 등기는 별도 절차이므로 이 프로필에서는 토지·건물 등기만 다룹니다. 영도구 남항동, 동삼동, 봉래동에서 부동산등기를 진행할 때는 부동산·법인 소재지와 당사자 서류를 기준으로 관할과 순서를 맞춥니다. 이 페이지는 부동산등기만 다루며, 상담은 해운대 센텀 다옴법무사사무소에서 이어집니다. 영도구 부동산등기 실무 안내 — 다옴법무사사무소 안윤정 법무사. 남항동, 동삼동, 봉래동 일대 상담·서류·등",304,0a7d72f0a38c0327
/영도구상속등기,영도구 상속등기 문의는 소재지·채무·협의 상태에 따라 준비 순서가 달라집니다. 영도·남항 일대 선박·어선·해운 관련 등기와 주택·상가 부동산등기·상속 수요가 있는 구입니다. 피상속인 사망 후 부동산·토지 등기명의를 상속인 명의로 이전하는 절차입니다. 부산 전역 아파트·상가·토지 상속 사건을 다룹니다. 상담 시 서류·일정·비용 범위를 항목별로 안내합니다. 영도구 상속등기 문의는 소재지·채무·협의 상태에 따라 준비 순서가 달라집니다. 영도·남항 일대 선박·어선·해운 관련 등기와 주택·상가 부동산등기·상속 수요가 있는 구입니다. 피상속인 사망 후 부동산·토지 등기명의를 상속인 명의로 이전하는 절차입니다. 부산 전역 아파트·상가·토지 상속 사건을 다룹니다. 상담 시 서류·일정·비용 범위를 항목별로 안내합니다. 영도·남항 일대 선박·어선·해운 관련 등기와 주택·상가 부동산등기·상속 수요가 있는 구입니다. 피상속인 사망 후 부동산·토지 등기명의를 상속인 명의로 이전하는 절차입니다. 부산 전역 ,484,194fe13eb0086558
/영도구상속포기,영도구 상속포기 문의는 소재지·채무·협의 상태에 따라 준비 순서가 달라집니다. 영도·남항 일대 선박·어선·해운 관련 등기와 주택·상가 부동산등기·상속 수요가 있는 구입니다. 상속 재산보다 채무가 많을 때 상속을 포기하는 가사 신고 절차입니다. 부산가정법원 관할 사건을 안내합니다. 상담 시 서류·일정·비용 범위를 항목별로 안내합니다. 영도구 상속포기 문의는 소재지·채무·협의 상태에 따라 준비 순서가 달라집니다. 영도·남항 일대 선박·어선·해운 관련 등기와 주택·상가 부동산등기·상속 수요가 있는 구입니다. 상속 재산보다 채무가 많을 때 상속을 포기하는 가사 신고 절차입니다. 부산가정법원 관할 사건을 안내합니다. 상담 시 서류·일정·비용 범위를 항목별로 안내합니다. 영도·남항 일대 선박·어선·해운 관련 등기와 주택·상가 부동산등기·상속 수요가 있는 구입니다. 상속 재산보다 채무가 많을 때 상속을 포기하는 가사 신고 절차입니다. 부산가정법원 관할 사건을 안내합니다. 지역별 업무 상황 등기원,480,8987601c682d58f5
/영도구선박등기,영도구에서 선박등기을(를) 진행하려면 관할 확인 후 서류 체크리스트부터 잡는 편이 안전합니다. 영도·남항 일대 선박·어선·해운 관련 등기와 주택·상가 부동산등기·상속 수요가 있는 구입니다. 선박·어선 소유권 이전·저당 등 선박 등기를 지원합니다. 부산 항만·해운 업체 상담을 안내합니다. 상담 시 서류·일정·비용 범위를 항목별로 안내합니다. 영도구에서 선박등기을(를) 진행하려면 관할 확인 후 서류 체크리스트부터 잡는 편이 안전합니다. 영도·남항 일대 선박·어선·해운 관련 등기와 주택·상가 부동산등기·상속 수요가 있는 구입니다. 선박·어선 소유권 이전·저당 등 선박 등기를 지원합니다. 부산 항만·해운 업체 상담을 안내합니다. 상담 시 서류·일정·비용 범위를 항목별로 안내합니다. 영도·남항 일대 선박·어선·해운 관련 등기와 주택·상가 부동산등기·상속 수요가 있는 구입니다. 선박·어선 소유권 이전·저당 등 선박 등기를 지원합니다. 부산 항만·해운 업체 상담을 안내합니다. 선박등기 미성년·해,464,e547f634bd9515a2
/영도구임원변경등기,임원변경등기을(를) 영도구 기준으로 볼 때는 동일 절차라도 등기소·법원 창구가 사건별로 갈릴 수 있습니다. 영도·남항 일대 선박·어선·해운 관련 등기와 주택·상가 부동산등기·상속 수요가 있는 구입니다. 대표이사·이사·감사 변경에 따른 법인 등기입니다. 결의일로부터 등기 기한 준수가 중요합니다. 상담 시 서류·일정·비용 범위를 항목별로 안내합니다. 임원변경등기을(를) 영도구 기준으로 볼 때는 동일 절차라도 등기소·법원 창구가 사건별로 갈릴 수 있습니다. 영도·남항 일대 선박·어선·해운 관련 등기와 주택·상가 부동산등기·상속 수요가 있는 구입니다. 대표이사·이사·감사 변경에 따른 법인 등기입니다. 결의일로부터 등기 기한 준수가 중요합니다. 상담 시 서류·일정·비용 범위를 항목별로 안내합니다. 영도·남항 일대 선박·어선·해운 관련 등기와 주택·상가 부동산등기·상속 수요가 있는 구입니다. 대표이사·이사·감사 변경에 따른 법인 등기입니다. 결의일로부터 등기 기한 준수가 중요합니다. 지역별 업,483,851118d4040f359f
/영도구한정승인,한정승인을(를) 영도구 기준으로 볼 때는 동일 절차라도 등기소·법원 창구가 사건별로 갈릴 수 있습니다. 영도·남항 일대 선박·어선·해운 관련 등기와 주택·상가 부동산등기·상속 수요가 있는 구입니다. 상속 재산 범위 내에서만 채무를 변제하고 상속을 승인하는 절차입니다. 채무 조사 후 상속등기와 연계됩니다. 상담 시 서류·일정·비용 범위를 항목별로 안내합니다. 한정승인을(를) 영도구 기준으로 볼 때는 동일 절차라도 등기소·법원 창구가 사건별로 갈릴 수 있습니다. 영도·남항 일대 선박·어선·해운 관련 등기와 주택·상가 부동산등기·상속 수요가 있는 구입니다. 상속 재산 범위 내에서만 채무를 변제하고 상속을 승인하는 절차입니다. 채무 조사 후 상속등기와 연계됩니다. 상담 시 서류·일정·비용 범위를 항목별로 안내합니다. 영도·남항 일대 선박·어선·해운 관련 등기와 주택·상가 부동산등기·상속 수요가 있는 구입니다. 상속 재산 범위 내에서만 채무를 변제하고 상속을 승인하는 절차입니다. 채무 조사 ,501,2b416ae13a9bc615
/영어조합법인설립,"영어조합법인은 수산업협동조합법상 절차 후 설립등기합니다. 어업권·어장 관련 사항은 별도 법령 확인이 필요합니다. 영어조합법인은 수산업협동조합법상 절차 후 설립등기합니다. 어업권·어장 관련 사항은 별도 법령 확인이 필요합니다. 영어조합법인은 수산업협동조합법에 따른 법인으로, 영어조합이 법인화하거나 설립됩니다. 상담 시 확인하는 내용 영어조합법인 설립 사건은 서류·관할·기한에 따라 진행 순서가 달라집니다. 다옴법무사사무소는 부산 해운대구·센텀에서 상속등기·부동산등기·법인등기·개인회생·파산 등을 다루며, 의뢰인 상황에 맞춰 절차와 비용을 알기 쉽게 설명합니다. 불확실한 부분은 추측으로 단정하지 않고, 확인된 사실을 바탕으로 안내드립니다. 전화·카카오톡·네이버 톡톡으로 간단히 상황을 남겨 주시면 필요한 준비부터 차분히 정리해 드리겠습니다. 영어조합법인 설립 상담은 어디서 받을 수 있나요? 다옴법무사사무소는 해운대구 센텀에 있으며, 부산 전역 사건을 전화·카카오톡·네이버 톡톡·방문(예약)으로",135,337239da4ed78dde
/오래된상속토지정리,"등기부에 할아버지·증조부 명의가 남아 있으면 한 번의 이전으로 끝나지 않는 경우가 많습니다. 중간 세대의 사망·상속인 범위를 순서대로 확인해야 하며, 제적등본이 필요한 오래된 사건이 많습니다. 등기부에 할아버지·증조부 명의가 남아 있으면 한 번의 이전으로 끝나지 않는 경우가 많습니다. 중간 세대의 사망·상속인 범위를 순서대로 확인해야 하며, 제적등본이 필요한 오래된 사건이 많습니다. 등기부에 할아버지·증조부 명의가 남아 있으면 한 번의 이전으로 끝나지 않는 경우가 많습니다. 중간 세대의 사망·상속인 범위를 순서대로 확인해야 하며, 제적등본이 필요한 오래된 사건이 많습니다. 상담 시 확인하는 내용 오래된 상속토지 정리 사건은 서류·관할·기한에 따라 진행 순서가 달라집니다. 다옴법무사사무소는 부산 해운대구·센텀에서 상속등기·부동산등기·법인등기·개인회생·파산 등을 다루며, 의뢰인 상황에 맞춰 절차와 비용을 알기 쉽게 설명합니다. 불확실한 부분은 추측으로 단정하지 않고, 확인된 사실을 바탕",170,7ac35c3be59e7e89
/오시리아법무사,"오시리아에서는 ‘분양 잔금 전에 상속이 발생했다’, ‘동부산 펜션·상가를 공동명의로 하려 한다’, ‘서울에서 잔금·등기를 맞춰야 한다’는 문의가 있습니다. 피상속인 명의의 분양권을 어떻게 승계·이전할지는 계약·시행사·등기 원인에 따라 달라 단정할 수 없습니다. 공동명의는 자금 출처·담보·운영 주체를 함께 봐야 합니다. 잔금일과 상속인 서류 발급일이 겹치면 은행·시행사·등기 접수 순서를 거꾸로 점검해야 보정을 줄일 수 있습니다. 오시리아에서는 오시리아·동부산 관광·레저 단지와 기장 배후 부동산를 볼 때 분양·입주·상속이 겹친 원격 등기 준비를 분양계약서·등기부·상속 협의서·잔금·위임 서류와 맞춰 확인합니다. 다옴법무사사무소는 해운대 센텀에서 상담합니다. 오시리아에서는 ‘분양 잔금 전에 상속이 발생했다’, ‘동부산 펜션·상가를 공동명의로 하려 한다’, ‘서울에서 잔금·등기를 맞춰야 한다’는 문의가 있습니다. 피상속인 명의의 분양권을 어떻게 승계·이전할지는 계약·시행사·등기 원인에 따라 ",456,f33d6b96207a8c3c
/오피스텔보존등기,"오피스텔 보존등기 검색 시, 키워드만 보고 결정하기보다 오피스텔 보존등기에 맞는 서류·기한·관할·비용을 먼저 확인하는 것이 안전합니다. 오피스텔 보존등기 검색 시, 키워드만 보고 결정하기보다 오피스텔 보존등기에 맞는 서류·기한·관할·비용을 먼저 확인하는 것이 안전합니다. 오피스텔 보존등기 검색 시, 키워드만 보고 결정하기보다 오피스텔 보존등기에 맞는 서류·기한·관할·비용을 먼저 확인하는 것이 안전합니다. 상담 시 확인하는 내용 오피스텔 보존등기 사건은 서류·관할·기한에 따라 진행 순서가 달라집니다. 다옴법무사사무소는 부산 해운대구·센텀에서 상속등기·부동산등기·법인등기·개인회생·파산 등을 다루며, 의뢰인 상황에 맞춰 절차와 비용을 알기 쉽게 설명합니다. 불확실한 부분은 추측으로 단정하지 않고, 확인된 사실을 바탕으로 안내드립니다. 전화·카카오톡·네이버 톡톡으로 간단히 상황을 남겨 주시면 필요한 준비부터 차분히 정리해 드리겠습니다. 오피스텔 보존등기 검색 시 무엇을 먼저 확인해야 하나요",276,2f59cba90379de50
/오피스텔집단등기,"오피스텔 집단등기 검색 시, 키워드만 보고 결정하기보다 오피스텔 집단등기에 맞는 서류·기한·관할·비용을 먼저 확인하는 것이 안전합니다. 오피스텔 집단등기 검색 시, 키워드만 보고 결정하기보다 오피스텔 집단등기에 맞는 서류·기한·관할·비용을 먼저 확인하는 것이 안전합니다. 오피스텔 집단등기 검색 시, 키워드만 보고 결정하기보다 오피스텔 집단등기에 맞는 서류·기한·관할·비용을 먼저 확인하는 것이 안전합니다. 상담 시 확인하는 내용 오피스텔 집단등기 사건은 서류·관할·기한에 따라 진행 순서가 달라집니다. 다옴법무사사무소는 부산 해운대구·센텀에서 상속등기·부동산등기·법인등기·개인회생·파산 등을 다루며, 의뢰인 상황에 맞춰 절차와 비용을 알기 쉽게 설명합니다. 불확실한 부분은 추측으로 단정하지 않고, 확인된 사실을 바탕으로 안내드립니다. 전화·카카오톡·네이버 톡톡으로 간단히 상황을 남겨 주시면 필요한 준비부터 차분히 정리해 드리겠습니다. 오피스텔 집단등기 검색 시 무엇을 먼저 확인해야 하나요",276,01ed419a9522f6dd
/온천동법무사,"온천동 법무사를 찾으시면 온천장·동래읍성·온천천 생활권의 구축 주택·상가 상속과 매매등기를 이 페이지에서 연결하시면 됩니다. 사직동 야구장·재건축 각도는 사직동 안내, 동래구 전체는 동래구 안내를 함께 보시면 됩니다. 온천동 법무사를 찾으시면 온천장·동래읍성·온천천 생활권의 구축 주택·상가 상속과 매매등기를 이 페이지에서 연결하시면 됩니다. 사직동 야구장·재건축 각도는 사직동 안내, 동래구 전체는 동래구 안내를 함께 보시면 됩니다. 온천동 법무사를 찾으시면 온천장·동래읍성·온천천 생활권의 구축 주택·상가 상속과 매매등기를 이 페이지에서 연결하시면 됩니다. 사직동 야구장·재건축 각도는 사직동 안내, 동래구 전체는 동래구 안내를 함께 보시면 됩니다. 온천장·동래읍성 생활권에서 먼저 확인할 업무 구축 아파트·단독주택 상속, 온천장 상가 매매, 전세권 말소 후 이전이 자주 이어집니다. 사직동 재건축 각도와는 달리 온천동은 온천장 상업·주택 혼합이 중심입니다. 동래구 허브·부동산등기와의 구분",291,2031e689227aa425
/온천동상속등기,상속등기을(를) 온천동 기준으로 볼 때는 동일 절차라도 등기소·법원 창구가 사건별로 갈릴 수 있습니다. 온천동 주택·상가 상속·등기 문의가 있는 동입니다. 피상속인 사망 후 부동산·토지 등기명의를 상속인 명의로 이전하는 절차입니다. 부산 전역 아파트·상가·토지 상속 사건을 다룹니다. 상담 시 서류·일정·비용 범위를 항목별로 안내합니다. 상속등기을(를) 온천동 기준으로 볼 때는 동일 절차라도 등기소·법원 창구가 사건별로 갈릴 수 있습니다. 온천동 주택·상가 상속·등기 문의가 있는 동입니다. 피상속인 사망 후 부동산·토지 등기명의를 상속인 명의로 이전하는 절차입니다. 부산 전역 아파트·상가·토지 상속 사건을 다룹니다. 상담 시 서류·일정·비용 범위를 항목별로 안내합니다. 온천동 주택·상가 상속·등기 문의가 있는 동입니다. 피상속인 사망 후 부동산·토지 등기명의를 상속인 명의로 이전하는 절차입니다. 부산 전역 아파트·상가·토지 상속 사건을 다룹니다. 지역별 업무 상황 다수 필지·다수 계좌,506,30e799ae4ef7be18
/왜개인회생비용이다를까,"왜 개인회생 비용이 다를까 검색 시, 키워드만 보고 결정하기보다 개인회생 비용 차이에 맞는 서류·기한·관할·비용을 먼저 확인하는 것이 안전합니다. 왜 개인회생 비용이 다를까 검색 시, 키워드만 보고 결정하기보다 개인회생 비용 차이에 맞는 서류·기한·관할·비용을 먼저 확인하는 것이 안전합니다. 왜 개인회생 비용이 다를까 검색 시, 키워드만 보고 결정하기보다 개인회생 비용 차이에 맞는 서류·기한·관할·비용을 먼저 확인하는 것이 안전합니다. 회생 비용이 다른 이유를 본 뒤 채권자 수·소득 형태·재산이 범위를 바꾸는 이유를 설명하는 보조 안내입니다. 인지·송달료와 보수를 나누는 대표 페이지는 개인회생 비용입니다. 상담 시 확인하는 내용 왜 개인회생 비용이 다를까 사건은 서류·관할·기한에 따라 진행 순서가 달라집니다. 다옴법무사사무소는 부산 해운대구·센텀에서 상속등기·부동산등기·법인등기·개인회생·파산 등을 다루며, 의뢰인 상황에 맞춰 절차와 비용을 알기 쉽게 설명합니다. 불확실한 부분은 추측",331,a4c1a0cca597986f
/왜법인등기비용이다를까,"왜 법인등기 비용이 다를까 검색 시, 키워드만 보고 결정하기보다 법인등기 비용 차이에 맞는 서류·기한·관할·비용을 먼저 확인하는 것이 안전합니다. 왜 법인등기 비용이 다를까 검색 시, 키워드만 보고 결정하기보다 법인등기 비용 차이에 맞는 서류·기한·관할·비용을 먼저 확인하는 것이 안전합니다. 왜 법인등기 비용이 다를까 검색 시, 키워드만 보고 결정하기보다 법인등기 비용 차이에 맞는 서류·기한·관할·비용을 먼저 확인하는 것이 안전합니다. 법인등기 금액이 다른 이유를 본 뒤 설립과 변경, 자본금·임원 수가 공과금·보수를 바꾸는 이유를 보는 보조 안내입니다. 대표 구조는 법인설립등기 비용·법인등기 비용 페이지입니다. 상담 시 확인하는 내용 왜 법인등기 비용이 다를까 사건은 서류·관할·기한에 따라 진행 순서가 달라집니다. 다옴법무사사무소는 부산 해운대구·센텀에서 상속등기·부동산등기·법인등기·개인회생·파산 등을 다루며, 의뢰인 상황에 맞춰 절차와 비용을 알기 쉽게 설명합니다. 불확실한 부분은",336,a847413f0e4f4490
/왜상속등기비용이다를까,"왜 상속등기 비용이 다를까 검색 시, 키워드만 보고 결정하기보다 상속등기 비용 차이에 맞는 서류·기한·관할·비용을 먼저 확인하는 것이 안전합니다. 왜 상속등기 비용이 다를까 검색 시, 키워드만 보고 결정하기보다 상속등기 비용 차이에 맞는 서류·기한·관할·비용을 먼저 확인하는 것이 안전합니다. 왜 상속등기 비용이 다를까 검색 시, 키워드만 보고 결정하기보다 상속등기 비용 차이에 맞는 서류·기한·관할·비용을 먼저 확인하는 것이 안전합니다. 달라지는 이유를 본 뒤 볼 대표 안내 상속인 수·부동산 수·협의·해외 상속인처럼 ‘왜 금액이 다른가’를 먼저 보는 페이지입니다. 보수와 공과금을 나누는 대표 구조는 상속등기 비용 안내에서 이어집니다. 이 주소는 두 번째 비용 허브가 아닙니다. 상담 시 확인하는 내용 왜 상속등기 비용이 다를까 사건은 서류·관할·기한에 따라 진행 순서가 달라집니다. 다옴법무사사무소는 부산 해운대구·센텀에서 상속등기·부동산등기·법인등기·개인회생·파산 등을 다루며, 의뢰인 ",347,7f04c712ce05b808
/용호동법무사,"용호동에서는 ‘오륙도 인근 아파트를 매수하는데 기존 전세 세입자가 있다’, ‘부모님 집을 상속받은 뒤 형제 중 한 명이 거주하려 한다’, ‘대출을 갈아타며 공동명의를 정리하고 싶다’는 문의가 있습니다. 세입자가 있다는 사정만으로 매매가 불가능한 것은 아니지만, 보증금의 승계·반환 조건과 계약 만료일이 매매계약과 어떻게 연결되는지 확인해야 합니다. 상속은 거주할 사람의 희망과 상속인 전체의 분할 합의가 다를 수 있으므로, 먼저 법정상속인 및 부동산 외 재산·채무도 파악합니다. 공동명의 지분 변경은 매매·증여 등 실제 원인에 맞춰 검토해야 하고, 담보대출이 있으면 금융기관의 동의나 말소·설정 일정이 관련될 수 있습니다. 용호동 해안 주거라는 공통점만으로 처리 방식을 정하지 않고, 등기부상 권리와 가족·계약 관계를 바탕으로 순서를 안내합니다. 용호동에서는 이기대·오륙도 해안 생활권의 아파트와 주택를 볼 때 세입자 승계·공동상속과 담보대출 일정의 조율를 전세·매매계약서·상속 협의서·말소 서",635,9fe450551eb490fb
/우동법무사,"우동에서는 ‘마린시티 아파트를 형제 셋이 상속받았는데 한 명이 해외에 있다’, ‘해운대해수욕장 인근 상가를 매수하면서 임차인을 그대로 받는다’, ‘오피스텔 잔금일에 은행 말소와 이전등기를 같이 할 수 있는가’라는 문의가 자주 나옵니다. 공동상속 상태를 오래 두면 처분·대출·임대차 갱신 때 서명이 늘어나므로 협의분할로 한 사람에게 이전할지, 지분대로 등기할지부터 정할 필요가 있습니다. 상가 거래는 권리금 약정이 소유권이전등기를 대신하지 않으며, 임대차 승계 조건과 체납 관리비 같은 계약상 문제도 별도로 확인해야 합니다. 해안 인접 고가 주택일수록 매매대금·대출·말소서류의 시간표가 맞아야 하므로, 계약 체결 후 잔금 직전에야 등기부를 보는 방식은 위험합니다. 상담에서는 등기 가능한 서류와 거래 당사자 사이의 약정을 나누어 확인하고 필요한 순서를 안내합니다. 우동에서는 마린시티 고급 주거와 해변 상가를 볼 때 상가 임대차 승계와 고가 주택 잔금의 동시 조율를 매매계약서 특약·임대차계약서·",675,499baf44ca2c6876
/우동부동산등기,부동산등기을(를) 우동 기준으로 볼 때는 동일 절차라도 등기소·법원 창구가 사건별로 갈릴 수 있습니다. 마린시티·우동 고급 주거·상가 등기 수요가 있는 동입니다. 매매·증여·상속 등 원인별 부동산 등기 전반을 다룹니다. 관할 등기소 확인이 우선입니다. 상담 시 서류·일정·비용 범위를 항목별로 안내합니다. 부동산등기을(를) 우동 기준으로 볼 때는 동일 절차라도 등기소·법원 창구가 사건별로 갈릴 수 있습니다. 마린시티·우동 고급 주거·상가 등기 수요가 있는 동입니다. 매매·증여·상속 등 원인별 부동산 등기 전반을 다룹니다. 관할 등기소 확인이 우선입니다. 상담 시 서류·일정·비용 범위를 항목별로 안내합니다. 마린시티·우동 고급 주거·상가 등기 수요가 있는 동입니다. 매매·증여·상속 등 원인별 부동산 등기 전반을 다룹니다. 관할 등기소 확인이 우선입니다. 지역별 업무 상황 상속 승인 방식(단순·한정·포기)을 등기 일정과 분리해 먼저 가립니다. 3개월 기한을 별도 표시합니다. 잔금·인도·대,495,686e1e0a13cb4808
/우동소유권이전등기,우동에서 소유권이전등기을(를) 진행하려면 관할 확인 후 서류 체크리스트부터 잡는 편이 안전합니다. 마린시티·우동 고급 주거·상가 등기 수요가 있는 동입니다. 부동산 매매·증여 등으로 소유권을 이전하는 등기입니다. 취득세 신고와 일정을 맞춥니다. 상담 시 서류·일정·비용 범위를 항목별로 안내합니다. 우동에서 소유권이전등기을(를) 진행하려면 관할 확인 후 서류 체크리스트부터 잡는 편이 안전합니다. 마린시티·우동 고급 주거·상가 등기 수요가 있는 동입니다. 부동산 매매·증여 등으로 소유권을 이전하는 등기입니다. 취득세 신고와 일정을 맞춥니다. 상담 시 서류·일정·비용 범위를 항목별로 안내합니다. 마린시티·우동 고급 주거·상가 등기 수요가 있는 동입니다. 부동산 매매·증여 등으로 소유권을 이전하는 등기입니다. 취득세 신고와 일정을 맞춥니다. 지역별 업무 상황 산업단지·재개발·재건축처럼 특수한 권리관계는 일반 매매 체크리스트와 항목을 나눕니다. 말소할 근저당·전세권 목록을 본등기 신청서와 같,462,2afe146956b11619
/우암동법무사,"우암동에서는 ‘세입자가 많은 다가구를 상속받았다’, ‘용당동 집을 팔려면 서류를 어디서부터 하냐’, ‘감만동 주소인데 남구·영도를 헷갈린다’는 문의가 있습니다. 행정구역을 바로잡고, 임대차와 상속등기를 표로 나누어 준비해야 잔금·명도 갈등을 줄입니다. 다가구 매도는 임차인 전원 현황이 맞아야 특약을 쓸 수 있고, 보증금 반환 책임이 누구에게 있는지 계약서에 명시해야 등기 일정과 충돌하지 않습니다. 우암동에서는 우암·감만·용당의 남구 항만 배후 주거와 소규모 상가를 볼 때 항만 근로·물류 가구의 주택 상속과 다가구 임대를 임대차 목록·상속 협의서·등기부·매매계약서와 맞춰 확인합니다. 다옴법무사사무소는 해운대 센텀에서 상담합니다. 우암동에서는 ‘세입자가 많은 다가구를 상속받았다’, ‘용당동 집을 팔려면 서류를 어디서부터 하냐’, ‘감만동 주소인데 남구·영도를 헷갈린다’는 문의가 있습니다. 행정구역을 바로잡고, 임대차와 상속등기를 표로 나누어 준비해야 잔금·명도 갈등을 줄입니다. 다가구 ",440,ae1e9fd5041297ad
/유류분과상속등기,"유언·생전 증여·편중 분할이 있으면 ‘유류분’ 검색과 함께 상속등기 일정이 겹칩니다. 이 페이지는 반환 소송 수행을 약속하지 않습니다. 등기·협의서 작성 전에 어떤 사실을 맞춰야 분쟁·보정을 줄일 수 있는지에 초점을 둡니다. 유언·생전 증여·편중 분할이 있으면 ‘유류분’ 검색과 함께 상속등기 일정이 겹칩니다. 이 페이지는 반환 소송 수행을 약속하지 않습니다. 등기·협의서 작성 전에 어떤 사실을 맞춰야 분쟁·보정을 줄일 수 있는지에 초점을 둡니다. 유언·생전 증여·편중 분할이 있으면 ‘유류분’ 검색과 함께 상속등기 일정이 겹칩니다. 이 페이지는 반환 소송 수행을 약속하지 않습니다. 등기·협의서 작성 전에 어떤 사실을 맞춰야 분쟁·보정을 줄일 수 있는지에 초점을 둡니다. 상담 시 확인하는 내용 유류분과 상속등기 사건은 서류·관할·기한에 따라 진행 순서가 달라집니다. 다옴법무사사무소는 부산 해운대구·센텀에서 상속등기·부동산등기·법인등기·개인회생·파산 등을 다루며, 의뢰인 상황에 맞춰 절차",248,65ff1a67b6b32a27
/의료법인설립등기,"의료법인 설립은 설립허가 후 1월 이내 설립등기가 필요합니다. 부산 소재 의료법인은 부산광역시장(또는 관할 규정) 허가·부산 등기소 접수가 일반적입니다. 의료법인 설립은 설립허가 후 1월 이내 설립등기가 필요합니다. 부산 소재 의료법인은 부산광역시장(또는 관할 규정) 허가·부산 등기소 접수가 일반적입니다. 의료법인은 의료법에 따라 의료기관을 개설·운영하기 위한 법인으로, 설립허가 후 설립등기를 합니다. 상담 시 확인하는 내용 의료법인 설립등기 사건은 서류·관할·기한에 따라 진행 순서가 달라집니다. 다옴법무사사무소는 부산 해운대구·센텀에서 상속등기·부동산등기·법인등기·개인회생·파산 등을 다루며, 의뢰인 상황에 맞춰 절차와 비용을 알기 쉽게 설명합니다. 불확실한 부분은 추측으로 단정하지 않고, 확인된 사실을 바탕으로 안내드립니다. 전화·카카오톡·네이버 톡톡으로 간단히 상황을 남겨 주시면 필요한 준비부터 차분히 정리해 드리겠습니다. 의료법인과 사단법인 차이는? 의료기관 운영 목적이면 의료",144,3aa21be6d8081af6
/의료법인임원변경등기,"의료법인 임원변경은 결의·승인 후 등기해야 하며, 의료인 자격을 갖춘 임원 요건을 확인해야 합니다. 의료법인 임원변경은 결의·승인 후 등기해야 하며, 의료인 자격을 갖춘 임원 요건을 확인해야 합니다. 의료법인 임원·대표 변경은 의료인 자격 요건과 허가·승인 후 등기가 필요합니다. 상담 시 확인하는 내용 의료법인 임원변경등기 사건은 서류·관할·기한에 따라 진행 순서가 달라집니다. 다옴법무사사무소는 부산 해운대구·센텀에서 상속등기·부동산등기·법인등기·개인회생·파산 등을 다루며, 의뢰인 상황에 맞춰 절차와 비용을 알기 쉽게 설명합니다. 불확실한 부분은 추측으로 단정하지 않고, 확인된 사실을 바탕으로 안내드립니다. 전화·카카오톡·네이버 톡톡으로 간단히 상황을 남겨 주시면 필요한 준비부터 차분히 정리해 드리겠습니다. 의료법인 임원변경등기 상담은 어디서 받을 수 있나요? 다옴법무사사무소는 해운대구 센텀에 있으며, 부산 전역 사건을 전화·카카오톡·네이버 톡톡·방문(예약)으로 상담합니다. 비용은 ",140,1d60a9999223ac6b
/의료법인주사무소이전등기,"주사무소 이전은 변경허가·결의 후 이전등기를 하며, 관할 등기소가 바뀔 수 있습니다. 주사무소 이전은 변경허가·결의 후 이전등기를 하며, 관할 등기소가 바뀔 수 있습니다. 의료법인 주사무소를 옮기면 변경허가·의료기관 신고와 함께 주사무소 이전등기가 필요합니다. 상담 시 확인하는 내용 의료법인 주사무소 이전등기 사건은 서류·관할·기한에 따라 진행 순서가 달라집니다. 다옴법무사사무소는 부산 해운대구·센텀에서 상속등기·부동산등기·법인등기·개인회생·파산 등을 다루며, 의뢰인 상황에 맞춰 절차와 비용을 알기 쉽게 설명합니다. 불확실한 부분은 추측으로 단정하지 않고, 확인된 사실을 바탕으로 안내드립니다. 전화·카카오톡·네이버 톡톡으로 간단히 상황을 남겨 주시면 필요한 준비부터 차분히 정리해 드리겠습니다. 의료법인 주사무소 이전등기 상담은 어디서 받을 수 있나요? 다옴법무사사무소는 해운대구 센텀에 있으며, 부산 전역 사건을 전화·카카오톡·네이버 톡톡·방문(예약)으로 상담합니다. 비용은 어떻게 안",137,ebbeba3734a402d8
/이사후임차권등기명령준비,"보증금을 못 받은 채 이사를 했거나, 임대차 목적지가 거주 지역과 다른 경우에도 임차권등기명령 검토가 필요할 수 있습니다. 부산 임차권등기명령 허브가 요건·기간 중심이라면, 이 페이지는 이사 전후·타지역에서 서류를 원격으로 모으는 순서에 초점을 둡니다. 보증금을 못 받은 채 이사를 했거나, 임대차 목적지가 거주 지역과 다른 경우에도 임차권등기명령 검토가 필요할 수 있습니다. 부산 임차권등기명령 허브가 요건·기간 중심이라면, 이 페이지는 이사 전후·타지역에서 서류를 원격으로 모으는 순서에 초점을 둡니다. 보증금을 못 받은 채 이사를 했거나, 임대차 목적지가 거주 지역과 다른 경우에도 임차권등기명령 검토가 필요할 수 있습니다. 부산 임차권등기명령 허브가 요건·기간 중심이라면, 이 페이지는 이사 전후·타지역에서 서류를 원격으로 모으는 순서에 초점을 둡니다. 상담 시 확인하는 내용 이사 후 임차권등기명령 준비 사건은 서류·관할·기한에 따라 진행 순서가 달라집니다. 다옴법무사사무소는 부산 해",193,0e8f41305d45a2a3
/이용약관,"다옴법무사사무소 웹사이트 이용약관. 법률정보 일반 안내의 범위, 상담 한계, 지적재산권, 책임의 제한을 안내합니다. 다옴법무사사무소 웹사이트 이용약관. 법률정보 일반 안내의 범위, 상담 한계, 지적재산권, 책임의 제한을 안내합니다. 부산 해운대구·센텀에 위치한 다옴법무사사무소 안윤정 법무사가 절차·서류·비용을 항목별로 설명드립니다. 막막할수록 지금 무엇부터 해야 하는지부터 정리하는 것이 우선이라고 생각합니다. 이용약관 다옴법무사사무소 웹사이트 이용약관. 법률정보 일반 안내의 범위, 상담 한계, 지적재산권, 책임의 제한을 안내합니다. 이용약관 부산 법무사 다옴법무사사무소 상담 시 확인하는 내용 이용약관 사건은 서류·관할·기한에 따라 진행 순서가 달라집니다. 다옴법무사사무소는 부산 해운대구·센텀에서 상속등기·부동산등기·법인등기·개인회생·파산 등을 다루며, 의뢰인 상황에 맞춰 절차와 비용을 알기 쉽게 설명합니다. 불확실한 부분은 추측으로 단정하지 않고, 확인된 사실을 바탕으로 안내드립니다",164,3ab56425b195287b
/이혼재산분할등기서류준비,"이혼 재산분할등기는 등기원인이 재산분할(협의서·조정조서·판결 등)인 소유권이전·지분 정리입니다. 공유물분할등기, 부부간 증여, 단순 명의변경 검색과 섞이면 서류·세금·순서가 틀어질 수 있습니다. 이혼 재산분할등기는 등기원인이 재산분할(협의서·조정조서·판결 등)인 소유권이전·지분 정리입니다. 공유물분할등기, 부부간 증여, 단순 명의변경 검색과 섞이면 서류·세금·순서가 틀어질 수 있습니다. 이혼 재산분할등기는 등기원인이 재산분할(협의서·조정조서·판결 등)인 소유권이전·지분 정리입니다. 공유물분할등기, 부부간 증여, 단순 명의변경 검색과 섞이면 서류·세금·순서가 틀어질 수 있습니다. 상담 시 확인하는 내용 이혼 재산분할등기 서류 준비 사건은 서류·관할·기한에 따라 진행 순서가 달라집니다. 다옴법무사사무소는 부산 해운대구·센텀에서 상속등기·부동산등기·법인등기·개인회생·파산 등을 다루며, 의뢰인 상황에 맞춰 절차와 비용을 알기 쉽게 설명합니다. 불확실한 부분은 추측으로 단정하지 않고, 확인된",162,f16100a0735f9706
/일광읍법무사,"일광읍에서는 ‘신축 아파트 입주 후 상속 문제가 생겼다’, ‘해수욕장 근처 부모님 상가를 형제들이 나눠야 한다’, ‘전원주택 토지와 건물 명의가 달라 무엇부터 해야 하는가’라는 질문이 있습니다. 상속등기는 사망 이후 부동산을 누구 명의로 둘지 정하는 절차이므로, 신축 아파트든 오래된 토지든 상속인과 협의 내용, 등기부상 권리를 확인해야 합니다. 관광 상가의 경우 임차인 보증금·계약기간·영업 시설 관련 약정까지 함께 확인하지 않으면 매도 또는 임대 승계 과정에서 문제가 생길 수 있습니다. 전원주택은 도로·지목 등 토지 관련 자료의 확인이 추가로 필요할 수 있으며, 토지와 건물을 각각 등기해야 하는 구조도 있습니다. 일광신도시의 신규 거래는 잔금·대출·취득세 일정이 중요하지만, 상속인이 있는 경우 먼저 처분 권한과 명의 정리 여부를 검토해야 합니다. 상담에서는 해안 관광지라는 추상적 설명보다 대상 부동산의 종류와 가족의 이용 계획에 맞춰 절차를 안내합니다. 일광읍에서는 일광해수욕장 관광",669,0e50970cfc96a126
/일반건물집합건물전환등기,"일반→집합 전환은 집합건축물대장·전유·공용·대지권 정리가 핵심이며, 단순 분할·표시변경과 구분됩니다. 전환 목적(호별 매각·담보)을 먼저 알려주시면 분할과의 선택 기준을 함께 정리합니다. 일반→집합 전환은 집합건축물대장·전유·공용·대지권 정리가 핵심이며, 단순 분할·표시변경과 구분됩니다. 전환 목적(호별 매각·담보)을 먼저 알려주시면 분할과의 선택 기준을 함께 정리합니다. 통째로 등기된 일반건물을 호·실 단위 구분소유가 가능한 집합건물 체계로 바꾸는 전환은 단순 표시변경과 다릅니다. 비용 안내 비용은 전유 호수, 대지권 정리, 기존 권리 이관 등에 따라 달라질 수 있습니다. 관할·접근 안내 부동산 소재지 관할 등기소 기준으로 접수하며, 부산 해운대·센텀 다옴법무사사무소에서 상담·수임을 진행합니다. 사무소: 부산광역시 해운대구 센텀동로 200 D동 1층 LAB9호 법무사는 부동산등기(건물·토지) 신청·서류 작성·접수 대리 등 등기 관련 업무를 지원합니다. 건축 인허가·철거 공사·세무·",217,0d46211b281bd572
/임대인사망전세계약,"임대인이 사망하면 보증금 반환·계약 관계의 상대방이 상속인으로 이어지는 경우가 많습니다. 상속인 범위와 부동산 명의를 확인하지 않으면 협의·반환 절차가 막힐 수 있습니다. 임대인이 사망하면 보증금 반환·계약 관계의 상대방이 상속인으로 이어지는 경우가 많습니다. 상속인 범위와 부동산 명의를 확인하지 않으면 협의·반환 절차가 막힐 수 있습니다. 임대인이 사망하면 보증금 반환·계약 관계의 상대방이 상속인으로 이어지는 경우가 많습니다. 상속인 범위와 부동산 명의를 확인하지 않으면 협의·반환 절차가 막힐 수 있습니다. 상담 시 확인하는 내용 임대인이 사망한 전세계약 사건은 서류·관할·기한에 따라 진행 순서가 달라집니다. 다옴법무사사무소는 부산 해운대구·센텀에서 상속등기·부동산등기·법인등기·개인회생·파산 등을 다루며, 의뢰인 상황에 맞춰 절차와 비용을 알기 쉽게 설명합니다. 불확실한 부분은 추측으로 단정하지 않고, 확인된 사실을 바탕으로 안내드립니다. 전화·카카오톡·네이버 톡톡으로 간단히 상황",160,8c53f83e6b7d5472
/임대차전세,"전세 보증금 반환이 지연되거나 임대인과 연락이 두절되면 임차권등기명령·보증금반환청구·내용증명 등 순서를 빠르게 정리해야 합니다. 이사 시점·전입신고·확정일자·대항력·우선변제권 여부에 따라 준비서류가 달라지고, 상가와 주택은 임대차보호법 적용도 다릅니다. 다옴법무사사무소는 부산광역시 자립지원전담기관 전세사기 예방 특강 경험을 바탕으로 계약서·등기부를 함께 확인합니다. 전세 보증금 반환이 지연되거나 임대인과 연락이 두절되면 임차권등기명령·보증금반환청구·내용증명 등 순서를 빠르게 정리해야 합니다. 이사 시점·전입신고·확정일자·대항력·우선변제권 여부에 따라 준비서류가 달라지고, 상가와 주택은 임대차보호법 적용도 다릅니다. 다옴법무사사무소는 부산광역시 자립지원전담기관 전세사기 예방 특강 경험을 바탕으로 계약서·등기부를 함께 확인합니다. 임차권등기명령은 이사 시점, 보증금 반환 여부, 전입신고 상태에 따라 준비서류가 달라질 수 있습니다. 계약서와 등기부등본을 함께 확인하는 것이 좋습니다. 전세",218,e2d5fff0285517b9
/임원변경등기과태료,"부산에서 임원변경등기 과태료을(를) 검색하시는 분들은 대부분 실제 부담 금액과 준비 기간을 알고 싶어 하십니다. 임원변경등기 과태료, 등기 지연 관련 비용은 사건마다 다릅니다. 부동산 가액·상속인 수·채무 규모·법인 규모·병행 업무 여부에 따라 법무사 보수와 등기신청 수수료·세금이 달라집니다. 다옴법무사사무소는 부산 센텀, 연제구 일대를 포함한 부산 전역 의뢰인에게 항목별 견적을 투명하게 안내합니다. 숨겨진 비용 없이 상담 후 예상 범위를 설명해 드립니다. 부산에서 임원변경등기 과태료을(를) 검색하시는 분들은 대부분 실제 부담 금액과 준비 기간을 알고 싶어 하십니다. 임원변경등기 과태료, 등기 지연 관련 비용은 사건마다 다릅니다. 부동산 가액·상속인 수·채무 규모·법인 규모·병행 업무 여부에 따라 법무사 보수와 등기신청 수수료·세금이 달라집니다. 다옴법무사사무소는 부산 센텀, 연제구 일대를 포함한 부산 전역 의뢰인에게 항목별 견적을 투명하게 안내합니다. 숨겨진 비용 없이 상담 후 예",365,0739d61facf4182e
/임원변경등기기간,"기간만 보고 단정하기보다, 임원변경등기의 사실관계·기한·관할을 먼저 나눠 보는 것이 실무적입니다. 대표이사·이사·감사 변경에 따른 법인 등기입니다. 결의일로부터 등기 기한 준수가 중요합니다. 다옴법무사사무소는 부산 전역 사건을 다루며 기간 관련 범위를 항목별로 정리합니다. 기간만 보고 단정하기보다, 임원변경등기의 사실관계·기한·관할을 먼저 나눠 보는 것이 실무적입니다. 대표이사·이사·감사 변경에 따른 법인 등기입니다. 결의일로부터 등기 기한 준수가 중요합니다. 다옴법무사사무소는 부산 전역 사건을 다루며 기간 관련 범위를 항목별로 정리합니다. 부산은 관할 법원·등기소가 사건별로 달라 사전 정리가 중요한 지역입니다. 대표이사·이사·감사 변경에 따른 법인 등기입니다. 결의일로부터 등기 기한 준수가 중요합니다. 법정 기한 말소할 근저당·전세권 목록을 본등기 신청서와 같은 묶음으로 준비합니다. 채권자 협의 필요 여부를 표시합니다. 미성년·해외·연락두절 당사자가 있으면 위임·특별대리·공시송달 ",480,81af632434729ae3
/임원변경등기기한,임원변경등기 기한 안내는 법정·실무상 놓치기 쉬운 날짜(결의일·상속 개시·잔금일)를 중심으로 정리합니다. 기한이 임박하면 서류 완비보다 우선순위 절차부터 안내합니다. 대표이사·이사·감사 변경에 따른 법인 등기입니다. 결의일로부터 등기 기한 준수가 중요합니다. 다옴법무사사무소는 부산 전역 사건을 다루며 기한 관련 범위를 항목별로 정리합니다. 임원변경등기 기한 안내는 법정·실무상 놓치기 쉬운 날짜(결의일·상속 개시·잔금일)를 중심으로 정리합니다. 기한이 임박하면 서류 완비보다 우선순위 절차부터 안내합니다. 대표이사·이사·감사 변경에 따른 법인 등기입니다. 결의일로부터 등기 기한 준수가 중요합니다. 다옴법무사사무소는 부산 전역 사건을 다루며 기한 관련 범위를 항목별로 정리합니다. 부산은 관할 법원·등기소가 사건별로 달라 사전 정리가 중요한 지역입니다. 대표이사·이사·감사 변경에 따른 법인 등기입니다. 결의일로부터 등기 기한 준수가 중요합니다. 법정 기한 상속 승인 방식(단순·한정·포기)을,506,1d026bed9ffe9425
/임원변경등기보수표,"임원변경 보수표 검색은 법인등기 비용과 같은 의도인 경우가 많습니다. 임원변경 보수표 검색은 법인등기 비용과 같은 의도인 경우가 많습니다. 임원변경 보수표 검색은 법인등기 비용과 같은 의도인 경우가 많습니다. 대표 비용 안내로 이어가기 검색어만 수임료·수수료·보수표로 달라도, 알고 싶은 내용은 대개 실비와 보수를 나누는 일입니다. 검색 의도별 다음 안내 임원변경등기 보수표 관련해서는 허브 페이지에서 절차를 고른 뒤, 필요하면 상담으로 이어가면 됩니다. 상담 시 확인하는 내용 임원변경등기 보수표 사건은 서류·관할·기한에 따라 진행 순서가 달라집니다. 다옴법무사사무소는 부산 해운대구·센텀에서 상속등기·부동산등기·법인등기·개인회생·파산 등을 다루며, 의뢰인 상황에 맞춰 절차와 비용을 알기 쉽게 설명합니다. 불확실한 부분은 추측으로 단정하지 않고, 확인된 사실을 바탕으로 안내드립니다. 전화·카카오톡·네이버 톡톡으로 간단히 상황을 남겨 주시면 필요한 준비부터 차분히 정리해 드리겠습니다. 상담",203,d2a7ecb6155e2991
/임원변경등기비용,"임원변경등기 비용은 법인 변경등기 비용과 같은 가족입니다. 취임·사임 인원과 결의 서류가 등록세·보수 범위를 바꿉니다. 임원변경등기 비용은 법인 변경등기 비용과 같은 가족입니다. 취임·사임 인원과 결의 서류가 등록세·보수 범위를 바꿉니다. 임원변경등기 비용은 법인 변경등기 비용과 같은 가족입니다. 취임·사임 인원과 결의 서류가 등록세·보수 범위를 바꿉니다. 대표 비용 안내로 이어가기 검색어만 수임료·수수료·보수표로 달라도, 알고 싶은 내용은 대개 실비와 보수를 나누는 일입니다. 검색 의도별 다음 안내 임원변경등기 비용 관련해서는 허브 페이지에서 절차를 고른 뒤, 필요하면 상담으로 이어가면 됩니다. 상담 시 확인하는 내용 임원변경등기 비용 사건은 서류·관할·기한에 따라 진행 순서가 달라집니다. 다옴법무사사무소는 부산 해운대구·센텀에서 상속등기·부동산등기·법인등기·개인회생·파산 등을 다루며, 의뢰인 상황에 맞춰 절차와 비용을 알기 쉽게 설명합니다. 불확실한 부분은 추측으로 단정하지 않고",220,f03133f3c19da67a
/임원변경등기자가진단,"대표이사가 바뀌었는데 등기를 안 했다면 기한과 과태료를 먼저 확인하세요. 대표이사가 바뀌었는데 등기를 안 했다면 기한과 과태료를 먼저 확인하세요. 대표이사가 바뀌었는데 등기를 안 했다면 기한과 과태료를 먼저 확인하세요. 임원변경등기는 대표이사·이사·감사 등 임원의 취임·퇴임·중임을 등기부에 반영하는 절차입니다. 대표이사 변경등기는 가장 빈번하고, 계약·대출·인감 사용과 직결됩니다. 자가진단 결과 안내 임원변경등기 자가진단은 취임일·등기 지연 기간에 가중치를 둡니다. 2주를 넘겼다는 답변은 과태료·보정 검토 필요 신호입니다. 임기만료와 중도 사임·취임이 겹치면 결의 서류 종류가 달라져 검토 필요 단계가 나올 수 있습니다. 긴급 확인 필요는 등기가 전혀 안 된 채 수개월 지난 경우나, 금융기관에서 대표 인감·등기부 갱신을 요구받은 경우에 해당합니다. 과태료 통지를 받기 전이라도 등기부와 취임일을 대조해 지연 일수를 계산해 두면 상담이 빨라집니다. 임원변경등기 기본 개념 임원변경등기는 대",479,3d1c394471929849
/임원변경등기준비서류,"임원변경등기 ‘준비서류’ 안내는 상담 전에 모아 두면 좋은 참고 자료(등기부·계약서 사본·가족관계·잔고 등) 중심입니다. 필수 접수 서류와 달리, 준비서류는 사건 파악용으로 먼저 모아 두면 체크리스트가 짧아집니다. 이 페이지는 ‘상담 전 미리 챙기면 좋은 것’에 초점을 둡니다. 접수 필수 목록은 필요서류 안내와 역할을 나눕니다. 대표이사·이사·감사 변경에 따른 법인 등기입니다. 결의일로부터 등기 기한 준수가 중요합니다. 다옴법무사사무소는 부산 전역 사건을 다루며 준비서류 관련 범위를 항목별로 정리합니다. 임원변경등기 ‘준비서류’ 안내는 상담 전에 모아 두면 좋은 참고 자료(등기부·계약서 사본·가족관계·잔고 등) 중심입니다. 필수 접수 서류와 달리, 준비서류는 사건 파악용으로 먼저 모아 두면 체크리스트가 짧아집니다. 이 페이지는 ‘상담 전 미리 챙기면 좋은 것’에 초점을 둡니다. 접수 필수 목록은 필요서류 안내와 역할을 나눕니다. 대표이사·이사·감사 변경에 따른 법인 등기입니다. 결의",586,e4967b89bba0f508
/임원변경등기필요서류,"임원변경등기 ‘필요서류’ 안내는 접수에 반드시 붙는 핵심 서류(신분·인감·원인서류·관할 확인용 주소) 중심으로 정리합니다. 없어도 상담은 가능하지만, 접수 단계로 가려면 목록의 ★ 표시 항목부터 채우는 편이 빠릅니다. 이 페이지는 ‘무엇을 준비해야 접수가 되는지’에 초점을 둡니다. 일정·비용은 별도 안내를 참고하세요. 대표이사·이사·감사 변경에 따른 법인 등기입니다. 결의일로부터 등기 기한 준수가 중요합니다. 다옴법무사사무소는 부산 전역 사건을 다루며 필요서류 관련 범위를 항목별로 정리합니다. 임원변경등기 ‘필요서류’ 안내는 접수에 반드시 붙는 핵심 서류(신분·인감·원인서류·관할 확인용 주소) 중심으로 정리합니다. 없어도 상담은 가능하지만, 접수 단계로 가려면 목록의 ★ 표시 항목부터 채우는 편이 빠릅니다. 이 페이지는 ‘무엇을 준비해야 접수가 되는지’에 초점을 둡니다. 일정·비용은 별도 안내를 참고하세요. 대표이사·이사·감사 변경에 따른 법인 등기입니다. 결의일로부터 등기 기한 준",561,5dbb08e916a6c55e
/임차권등기명령과태료,"과태료만 보고 단정하기보다, 임차권등기명령의 사실관계·기한·관할을 먼저 나눠 보는 것이 실무적입니다. 전세금 반환 문제 등에서 임차권등기명령·배당요구 절차를 지원합니다. 다옴법무사사무소는 부산 전역 사건을 다루며 과태료 관련 범위를 항목별로 정리합니다. 과태료만 보고 단정하기보다, 임차권등기명령의 사실관계·기한·관할을 먼저 나눠 보는 것이 실무적입니다. 전세금 반환 문제 등에서 임차권등기명령·배당요구 절차를 지원합니다. 다옴법무사사무소는 부산 전역 사건을 다루며 과태료 관련 범위를 항목별로 정리합니다. 부산은 관할 법원·등기소가 사건별로 달라 사전 정리가 중요한 지역입니다. 전세금 반환 문제 등에서 임차권등기명령·배당요구 절차를 지원합니다. 비용이 달라지는 이유 다수 필지·다수 계좌면 목록 번호를 매겨 누락을 줄입니다. 완료 후 등기필정보 전달 방식을 정합니다. 상속 승인 방식(단순·한정·포기)을 등기 일정과 분리해 먼저 가립니다. 3개월 기한을 별도 표시합니다. 잔금·인도·대출 실",493,6f8795662751206f
/임차권등기명령기간,"기간만 보고 단정하기보다, 임차권등기명령의 사실관계·기한·관할을 먼저 나눠 보는 것이 실무적입니다. 전세금 반환 문제 등에서 임차권등기명령·배당요구 절차를 지원합니다. 다옴법무사사무소는 부산 전역 사건을 다루며 기간 관련 범위를 항목별로 정리합니다. 기간만 보고 단정하기보다, 임차권등기명령의 사실관계·기한·관할을 먼저 나눠 보는 것이 실무적입니다. 전세금 반환 문제 등에서 임차권등기명령·배당요구 절차를 지원합니다. 다옴법무사사무소는 부산 전역 사건을 다루며 기간 관련 범위를 항목별로 정리합니다. 부산은 관할 법원·등기소가 사건별로 달라 사전 정리가 중요한 지역입니다. 전세금 반환 문제 등에서 임차권등기명령·배당요구 절차를 지원합니다. 법정 기한 말소할 근저당·전세권 목록을 본등기 신청서와 같은 묶음으로 준비합니다. 채권자 협의 필요 여부를 표시합니다. 미성년·해외·연락두절 당사자가 있으면 위임·특별대리·공시송달 검토 여부를 체크합니다. 법인 결의·취임승낙·인감 원본을 대조하고, 과태",489,870616515767ad52
/임차권등기명령기한,임차권등기명령 기한 안내는 법정·실무상 놓치기 쉬운 날짜(결의일·상속 개시·잔금일)를 중심으로 정리합니다. 기한이 임박하면 서류 완비보다 우선순위 절차부터 안내합니다. 전세금 반환 문제 등에서 임차권등기명령·배당요구 절차를 지원합니다. 다옴법무사사무소는 부산 전역 사건을 다루며 기한 관련 범위를 항목별로 정리합니다. 임차권등기명령 기한 안내는 법정·실무상 놓치기 쉬운 날짜(결의일·상속 개시·잔금일)를 중심으로 정리합니다. 기한이 임박하면 서류 완비보다 우선순위 절차부터 안내합니다. 전세금 반환 문제 등에서 임차권등기명령·배당요구 절차를 지원합니다. 다옴법무사사무소는 부산 전역 사건을 다루며 기한 관련 범위를 항목별로 정리합니다. 부산은 관할 법원·등기소가 사건별로 달라 사전 정리가 중요한 지역입니다. 전세금 반환 문제 등에서 임차권등기명령·배당요구 절차를 지원합니다. 법정 기한 미성년·해외·연락두절 당사자가 있으면 위임·특별대리·공시송달 검토 여부를 체크합니다. 법인 결의·취임승낙·,475,c5eb9a0dbc3ce300
/임차권등기명령보수표,"임차권등기명령 보수표 검색은 임차권등기명령 비용과 같은 의도인 경우가 많습니다. 임차권등기명령 보수표 검색은 임차권등기명령 비용과 같은 의도인 경우가 많습니다. 임차권등기명령 보수표 검색은 임차권등기명령 비용과 같은 의도인 경우가 많습니다. 대표 비용 안내로 이어가기 검색어만 수임료·수수료·보수표로 달라도, 알고 싶은 내용은 대개 실비와 보수를 나누는 일입니다. 검색 의도별 다음 안내 임차권등기명령 보수표 관련해서는 허브 페이지에서 절차를 고른 뒤, 필요하면 상담으로 이어가면 됩니다. 상담 시 확인하는 내용 임차권등기명령 보수표 사건은 서류·관할·기한에 따라 진행 순서가 달라집니다. 다옴법무사사무소는 부산 해운대구·센텀에서 상속등기·부동산등기·법인등기·개인회생·파산 등을 다루며, 의뢰인 상황에 맞춰 절차와 비용을 알기 쉽게 설명합니다. 불확실한 부분은 추측으로 단정하지 않고, 확인된 사실을 바탕으로 안내드립니다. 전화·카카오톡·네이버 톡톡으로 간단히 상황을 남겨 주시면 필요한 준비부",205,9f4424d19e193f4d
/임차권등기명령비용,"임차권등기명령 비용·수임료·수수료는 대개 같은 질문입니다. 보증금 미반환 상황에서 대항력을 유지하기 위한 법원 절차이며, 인지·송달료 등 법원 실비와 신청서 작성 보수를 구분합니다. 임차권등기명령 비용·수임료·수수료는 대개 같은 질문입니다. 보증금 미반환 상황에서 대항력을 유지하기 위한 법원 절차이며, 인지·송달료 등 법원 실비와 신청서 작성 보수를 구분합니다. 임차권등기명령 비용·수임료·수수료는 대개 같은 질문입니다. 보증금 미반환 상황에서 대항력을 유지하기 위한 법원 절차이며, 인지·송달료 등 법원 실비와 신청서 작성 보수를 구분합니다. 임차권등기명령 비용을 좌우하는 요소 법원에 내는 인지·송달료와 신청 서류 보수는 성격이 다릅니다. 전출 여부·계약 종료 증빙·상대방 주소 특정이 보정 가능성과 준비 시간을 바꿉니다. 임대차 종료·전출 시점 보증금 미반환 증빙 상대방 특정·송달 가능성 이사 후 신청인지 견적에 필요한 정보 계약 종료일, 전입·확정일자, 이사 여부, 반환 요청 기록만",292,7db18b66728661e0
/임차권등기명령자가진단,"이사 전후 어느 때 임차권등기명령을 신청할지 점검해 보세요. 이사 전후 어느 때 임차권등기명령을 신청할지 점검해 보세요. 이사 전후 어느 때 임차권등기명령을 신청할지 점검해 보세요. 임차권등기명령은 임대인이 보증금을 반환하지 않을 때 법원에 신청해 임차권을 등기부에 기록하게 하는 절차입니다. 자가진단 결과 안내 임차권등기명령 자가진단은 보증금 미반환·이사 일정·점유 여부를 중심으로 합니다. 요건 미충족 가능성이 있으면 내용증명·가압류 등 선행 절차를 검토하라는 안내가 나옵니다. 이사 전·후 시점에 따라 신청 요건이 달라질 수 있어, 만료일·점유 종료일을 정확히 적는 것이 좋습니다. 임차권등기명령 기본 개념 임차권등기명령은 임대인이 보증금을 반환하지 않을 때 법원에 신청해 임차권을 등기부에 기록하게 하는 절차입니다. 전세권설정 등기와 달리 법원 심사를 거치며, 신청 요건·시기가 사건 성립에 중요합니다. 부산 지방법원 관할로 진행되는 경우가 많으며, 임대차계약서·전입·확정일자·보증금 지",452,a81df08f6791de4e
/임차권등기명령준비서류,"임차권등기명령 ‘준비서류’ 안내는 상담 전에 모아 두면 좋은 참고 자료(등기부·계약서 사본·가족관계·잔고 등) 중심입니다. 필수 접수 서류와 달리, 준비서류는 사건 파악용으로 먼저 모아 두면 체크리스트가 짧아집니다. 이 페이지는 ‘상담 전 미리 챙기면 좋은 것’에 초점을 둡니다. 접수 필수 목록은 필요서류 안내와 역할을 나눕니다. 전세금 반환 문제 등에서 임차권등기명령·배당요구 절차를 지원합니다. 다옴법무사사무소는 부산 전역 사건을 다루며 준비서류 관련 범위를 항목별로 정리합니다. 임차권등기명령 ‘준비서류’ 안내는 상담 전에 모아 두면 좋은 참고 자료(등기부·계약서 사본·가족관계·잔고 등) 중심입니다. 필수 접수 서류와 달리, 준비서류는 사건 파악용으로 먼저 모아 두면 체크리스트가 짧아집니다. 이 페이지는 ‘상담 전 미리 챙기면 좋은 것’에 초점을 둡니다. 접수 필수 목록은 필요서류 안내와 역할을 나눕니다. 전세금 반환 문제 등에서 임차권등기명령·배당요구 절차를 지원합니다. 다옴법무",559,f3e252071a75e69b
/임차권등기명령필요서류,"임차권등기명령 ‘필요서류’ 안내는 접수에 반드시 붙는 핵심 서류(신분·인감·원인서류·관할 확인용 주소) 중심으로 정리합니다. 없어도 상담은 가능하지만, 접수 단계로 가려면 목록의 ★ 표시 항목부터 채우는 편이 빠릅니다. 이 페이지는 ‘무엇을 준비해야 접수가 되는지’에 초점을 둡니다. 일정·비용은 별도 안내를 참고하세요. 전세금 반환 문제 등에서 임차권등기명령·배당요구 절차를 지원합니다. 다옴법무사사무소는 부산 전역 사건을 다루며 필요서류 관련 범위를 항목별로 정리합니다. 임차권등기명령 ‘필요서류’ 안내는 접수에 반드시 붙는 핵심 서류(신분·인감·원인서류·관할 확인용 주소) 중심으로 정리합니다. 없어도 상담은 가능하지만, 접수 단계로 가려면 목록의 ★ 표시 항목부터 채우는 편이 빠릅니다. 이 페이지는 ‘무엇을 준비해야 접수가 되는지’에 초점을 둡니다. 일정·비용은 별도 안내를 참고하세요. 전세금 반환 문제 등에서 임차권등기명령·배당요구 절차를 지원합니다. 다옴법무사사무소는 부산 전역 ",570,3e5825feb7f23c43
/자가진단,"상속, 법인등기, 부동산등기, 개인회생, 전세보증금 등 현재 상황을 간단히 점검할 수 있습니다. 아래에서 해당 업무를 고른 뒤 자가진단을 시작하세요. 상속, 법인등기, 부동산등기, 개인회생, 전세보증금 등 현재 상황을 간단히 점검할 수 있습니다. 아래에서 해당 업무를 고른 뒤 자가진단을 시작하세요. 상속, 법인등기, 부동산등기, 개인회생, 전세보증금 등 현재 상황을 간단히 점검할 수 있습니다. 아래에서 해당 업무를 고른 뒤 자가진단을 시작하세요. 다옴법무사사무소 자가진단은 부산·해운대·센텀·재송동·반여동 의뢰인분들이 자주 묻는 질문을 모았습니다. 상속·법인·부동산·회생·임대차·민사 등 업무별로 나뉩니다. 자가진단 결과 안내 허브 페이지에서는 개별 진단 결과가 표시되지 않습니다. 각 업무 링크로 이동해 질문에 답하시면 검토 필요·상담 권장·긴급 확인 필요 방향을 안내받을 수 있습니다. 모든 진단은 일반적인 안내이며, 등기부·계약서·가족관계증명서 확인 후 절차가 확정됩니다. 가능·불가능",425,83239c7eab598e5a
/장례후재산채무정리,"장례를 마치면 ‘통장은 어디에 있는지’ ‘집이 몇 채인지’ ‘빚이 있는지’가 한꺼번에 몰려옵니다. 이 페이지는 재산과 채무를 병렬로 확인하는 순서를 안내하며, 조회만으로 모든 것이 끝난다고 말하지 않습니다. 장례를 마치면 ‘통장은 어디에 있는지’ ‘집이 몇 채인지’ ‘빚이 있는지’가 한꺼번에 몰려옵니다. 이 페이지는 재산과 채무를 병렬로 확인하는 순서를 안내하며, 조회만으로 모든 것이 끝난다고 말하지 않습니다. 장례를 마치면 ‘통장은 어디에 있는지’ ‘집이 몇 채인지’ ‘빚이 있는지’가 한꺼번에 몰려옵니다. 이 페이지는 재산과 채무를 병렬로 확인하는 순서를 안내하며, 조회만으로 모든 것이 끝난다고 말하지 않습니다. 상담 시 확인하는 내용 장례 후 재산·채무 정리 사건은 서류·관할·기한에 따라 진행 순서가 달라집니다. 다옴법무사사무소는 부산 해운대구·센텀에서 상속등기·부동산등기·법인등기·개인회생·파산 등을 다루며, 의뢰인 상황에 맞춰 절차와 비용을 알기 쉽게 설명합니다. 불확실한 부분",183,397d3858482d5bc0
/장전동법무사,"장전동 법무사를 찾으시면 부산대·장전역 인근 원룸·다가구·상가주택의 매매·상속을 이 페이지에서 연결하시면 됩니다. 부곡동 한정승인·임대채무는 부곡동 안내가 더 가깝습니다. 장전동 법무사를 찾으시면 부산대·장전역 인근 원룸·다가구·상가주택의 매매·상속을 이 페이지에서 연결하시면 됩니다. 부곡동 한정승인·임대채무는 부곡동 안내가 더 가깝습니다. 장전동 법무사를 찾으시면 부산대·장전역 인근 원룸·다가구·상가주택의 매매·상속을 이 페이지에서 연결하시면 됩니다. 부곡동 한정승인·임대채무는 부곡동 안내가 더 가깝습니다. 장전·부산대 생활권에서 먼저 확인할 점 학생·직장 임차인이 많은 다가구는 보증금 목록과 담보대출을 상속 판단 전에 보는 경우가 있습니다. 단순 매매라면 잔금·근저당 말소 순서를 맞춥니다. 부곡동 한정승인 안내와의 구분 부곡동은 임대채무·한정승인 각도가 강하고, 장전동은 원룸·다가구 매매·잔금일 등기에 가깝습니다. 채무 목록이 불명확하면 부곡동·한정승인 안내를 우선하세요. 금정구",260,8785d34829f70ede
/장전동부동산등기,"장전동에서 부동산등기을(를) 진행하려면 관할 확인 후 서류 체크리스트부터 잡는 편이 안전합니다. 장전·부산대 인근 임대·매매·상속 등기 수요가 있습니다. 매매·증여·상속 등 원인별 부동산 등기 전반을 다룹니다. 관할 등기소 확인이 우선입니다. 상담 시 서류·일정·비용 범위를 항목별로 안내합니다. 장전동에서 부동산등기을(를) 진행하려면 관할 확인 후 서류 체크리스트부터 잡는 편이 안전합니다. 장전·부산대 인근 임대·매매·상속 등기 수요가 있습니다. 매매·증여·상속 등 원인별 부동산 등기 전반을 다룹니다. 관할 등기소 확인이 우선입니다. 상담 시 서류·일정·비용 범위를 항목별로 안내합니다. 장전·부산대 인근 임대·매매·상속 등기 수요가 있습니다. 매매·증여·상속 등 원인별 부동산 등기 전반을 다룹니다. 관할 등기소 확인이 우선입니다. 지역별 업무 상황 법인 결의·취임승낙·인감 원본을 대조하고, 과태료 기한을 결의일부터 역산합니다. 산업단지·재개발·재건축처럼 특수한 권리관계는 일반 매매 ",467,2f5f50193684cc08
/장학재단설립,"장학재단 설립은 재단법인 설립허가 후 설립등기가 필요합니다. 법무사는 등기와 서류 작성·접수를 지원합니다. 장학재단 설립은 재단법인 설립허가 후 설립등기가 필요합니다. 법무사는 등기와 서류 작성·접수를 지원합니다. 장학재단은 보통 민법상 재단법인으로 설립하며, 출연재산을 기본재산으로 귀속시킵니다. 상담 시 확인하는 내용 장학재단 설립 사건은 서류·관할·기한에 따라 진행 순서가 달라집니다. 다옴법무사사무소는 부산 해운대구·센텀에서 상속등기·부동산등기·법인등기·개인회생·파산 등을 다루며, 의뢰인 상황에 맞춰 절차와 비용을 알기 쉽게 설명합니다. 불확실한 부분은 추측으로 단정하지 않고, 확인된 사실을 바탕으로 안내드립니다. 전화·카카오톡·네이버 톡톡으로 간단히 상황을 남겨 주시면 필요한 준비부터 차분히 정리해 드리겠습니다. 장학회와 장학재단의 차이는? 장학회는 임의단체·비영리민간단체 등으로 운영될 수 있고, 장학재단은 보통 재단법인으로 법인격을 취득합니다. 장학재단 설립 상담은 어디서 받",129,485fe9da70fd46fc
/재개발등기과태료,재개발등기 과태료 관련 안내는 지연 등기·신고가 문제될 수 있는 조건을 중심으로 봅니다. 이미 기한이 지난 경우에도 다음 조치 선택지를 상담에서 정리합니다. 재개발 조합원 지위·분양권·신축 아파트 등기를 지원합니다. 다옴법무사사무소는 부산 전역 사건을 다루며 과태료 관련 범위를 항목별로 정리합니다. 재개발등기 과태료 관련 안내는 지연 등기·신고가 문제될 수 있는 조건을 중심으로 봅니다. 이미 기한이 지난 경우에도 다음 조치 선택지를 상담에서 정리합니다. 재개발 조합원 지위·분양권·신축 아파트 등기를 지원합니다. 다옴법무사사무소는 부산 전역 사건을 다루며 과태료 관련 범위를 항목별로 정리합니다. 부산은 관할 법원·등기소가 사건별로 달라 사전 정리가 중요한 지역입니다. 재개발 조합원 지위·분양권·신축 아파트 등기를 지원합니다. 비용이 달라지는 이유 상속 승인 방식(단순·한정·포기)을 등기 일정과 분리해 먼저 가립니다. 3개월 기한을 별도 표시합니다. 잔금·인도·대출 실행 일정을 한 줄에,480,c9d31ee17de1a9f7
/재개발등기기간,"재개발등기 소요 기간 안내는 서류 수집·접수·보정·완료까지 일반적인 흐름을 구간별로 설명합니다. 사건마다 달라 단정 일정을 약속하지 않으며, 병목 구간을 미리 알려 드립니다. 재개발 조합원 지위·분양권·신축 아파트 등기를 지원합니다. 다옴법무사사무소는 부산 전역 사건을 다루며 기간 관련 범위를 항목별로 정리합니다. 재개발등기 소요 기간 안내는 서류 수집·접수·보정·완료까지 일반적인 흐름을 구간별로 설명합니다. 사건마다 달라 단정 일정을 약속하지 않으며, 병목 구간을 미리 알려 드립니다. 재개발 조합원 지위·분양권·신축 아파트 등기를 지원합니다. 다옴법무사사무소는 부산 전역 사건을 다루며 기간 관련 범위를 항목별로 정리합니다. 부산은 관할 법원·등기소가 사건별로 달라 사전 정리가 중요한 지역입니다. 재개발 조합원 지위·분양권·신축 아파트 등기를 지원합니다. 법정 기한 전자등기 가능 사건과 방문 열람이 필요한 사건을 분리해 일정을 잡습니다. 보정 대응 창구를 미리 적어 둡니다. 다수 필",509,1b54ef97d06e170d
/재개발등기기한,"기한만 보고 단정하기보다, 재개발등기의 사실관계·기한·관할을 먼저 나눠 보는 것이 실무적입니다. 재개발 조합원 지위·분양권·신축 아파트 등기를 지원합니다. 다옴법무사사무소는 부산 전역 사건을 다루며 기한 관련 범위를 항목별로 정리합니다. 기한만 보고 단정하기보다, 재개발등기의 사실관계·기한·관할을 먼저 나눠 보는 것이 실무적입니다. 재개발 조합원 지위·분양권·신축 아파트 등기를 지원합니다. 다옴법무사사무소는 부산 전역 사건을 다루며 기한 관련 범위를 항목별로 정리합니다. 부산은 관할 법원·등기소가 사건별로 달라 사전 정리가 중요한 지역입니다. 재개발 조합원 지위·분양권·신축 아파트 등기를 지원합니다. 법정 기한 말소할 근저당·전세권 목록을 본등기 신청서와 같은 묶음으로 준비합니다. 채권자 협의 필요 여부를 표시합니다. 미성년·해외·연락두절 당사자가 있으면 위임·특별대리·공시송달 검토 여부를 체크합니다. 법인 결의·취임승낙·인감 원본을 대조하고, 과태료 기한을 결의일부터 역산합니다. ",481,66781ae764859874
/재개발등기보수표,"재개발등기 보수표 안내는 협회·일반 보수 체계를 참고 기준으로 설명합니다. 실제 수임은 사건 난이도에 따라 조정될 수 있어, 보수표=최종 견적이 아닙니다. 비용 구성(세금·수수료)과 보수표를 혼동하지 않도록 이 페이지에서는 보수 기준 쪽에 초점을 둡니다. 재개발 조합원 지위·분양권·신축 아파트 등기를 지원합니다. 다옴법무사사무소는 부산 전역 사건을 다루며 보수표 관련 범위를 항목별로 정리합니다. 재개발등기 보수표 안내는 협회·일반 보수 체계를 참고 기준으로 설명합니다. 실제 수임은 사건 난이도에 따라 조정될 수 있어, 보수표=최종 견적이 아닙니다. 비용 구성(세금·수수료)과 보수표를 혼동하지 않도록 이 페이지에서는 보수 기준 쪽에 초점을 둡니다. 재개발 조합원 지위·분양권·신축 아파트 등기를 지원합니다. 다옴법무사사무소는 부산 전역 사건을 다루며 보수표 관련 범위를 항목별로 정리합니다. 부산은 관할 법원·등기소가 사건별로 달라 사전 정리가 중요한 지역입니다. 비용이 달라지는 이유 이",537,2682665bddee271d
/재개발등기비용,"재개발등기 비용 안내는 수임료·세금·수수료를 항목별로 나누어 설명하는 데 초점을 둡니다. 확정 견적은 서류 확인 후 드리며, 이 페이지에서는 구성 항목과 달라지는 조건을 정리합니다. 보수표·협회 기준만 보고 단정하지 않도록, 실제 포함 범위(보정·말소·추가 당사자)를 함께 봅니다. 재개발 조합원 지위·분양권·신축 아파트 등기를 지원합니다. 다옴법무사사무소는 부산 전역 사건을 다루며 비용 관련 범위를 항목별로 정리합니다. 재개발등기 비용 안내는 수임료·세금·수수료를 항목별로 나누어 설명하는 데 초점을 둡니다. 확정 견적은 서류 확인 후 드리며, 이 페이지에서는 구성 항목과 달라지는 조건을 정리합니다. 보수표·협회 기준만 보고 단정하지 않도록, 실제 포함 범위(보정·말소·추가 당사자)를 함께 봅니다. 재개발 조합원 지위·분양권·신축 아파트 등기를 지원합니다. 다옴법무사사무소는 부산 전역 사건을 다루며 비용 관련 범위를 항목별로 정리합니다. 부산은 관할 법원·등기소가 사건별로 달라 사전 ",540,dcb50e8c16b7b6b1
/재개발등기준비서류,"준비서류만 보고 단정하기보다, 재개발등기의 사실관계·기한·관할을 먼저 나눠 보는 것이 실무적입니다. 재개발 조합원 지위·분양권·신축 아파트 등기를 지원합니다. 다옴법무사사무소는 부산 전역 사건을 다루며 준비서류 관련 범위를 항목별로 정리합니다. 준비서류만 보고 단정하기보다, 재개발등기의 사실관계·기한·관할을 먼저 나눠 보는 것이 실무적입니다. 재개발 조합원 지위·분양권·신축 아파트 등기를 지원합니다. 다옴법무사사무소는 부산 전역 사건을 다루며 준비서류 관련 범위를 항목별로 정리합니다. 부산은 관할 법원·등기소가 사건별로 달라 사전 정리가 중요한 지역입니다. 재개발 조합원 지위·분양권·신축 아파트 등기를 지원합니다. 필수 서류 다수 필지·다수 계좌면 목록 번호를 매겨 누락을 줄입니다. 완료 후 등기필정보 전달 방식을 정합니다. 상속 승인 방식(단순·한정·포기)을 등기 일정과 분리해 먼저 가립니다. 3개월 기한을 별도 표시합니다. 잔금·인도·대출 실행 일정을 한 줄에 두고 등기 접수를 ",518,add5e57d3fd91652
/재개발등기필요서류,"필요서류만 보고 단정하기보다, 재개발등기의 사실관계·기한·관할을 먼저 나눠 보는 것이 실무적입니다. 재개발 조합원 지위·분양권·신축 아파트 등기를 지원합니다. 다옴법무사사무소는 부산 전역 사건을 다루며 필요서류 관련 범위를 항목별로 정리합니다. 필요서류만 보고 단정하기보다, 재개발등기의 사실관계·기한·관할을 먼저 나눠 보는 것이 실무적입니다. 재개발 조합원 지위·분양권·신축 아파트 등기를 지원합니다. 다옴법무사사무소는 부산 전역 사건을 다루며 필요서류 관련 범위를 항목별로 정리합니다. 부산은 관할 법원·등기소가 사건별로 달라 사전 정리가 중요한 지역입니다. 재개발 조합원 지위·분양권·신축 아파트 등기를 지원합니다. 필수 서류 잔금·인도·대출 실행 일정을 한 줄에 두고 등기 접수를 맞춥니다. 중도금 연체가 있으면 계약 특약을 먼저 확인합니다. 전자등기 가능 사건과 방문 열람이 필요한 사건을 분리해 일정을 잡습니다. 보정 대응 창구를 미리 적어 둡니다. 다수 필지·다수 계좌면 목록 번호",505,689a8b935a5bd158
/재건축등기과태료,재건축등기 과태료 관련 안내는 지연 등기·신고가 문제될 수 있는 조건을 중심으로 봅니다. 이미 기한이 지난 경우에도 다음 조치 선택지를 상담에서 정리합니다. 재건축 사업 후 신축 아파트 소유권 이전 등기를 지원합니다. 다옴법무사사무소는 부산 전역 사건을 다루며 과태료 관련 범위를 항목별로 정리합니다. 재건축등기 과태료 관련 안내는 지연 등기·신고가 문제될 수 있는 조건을 중심으로 봅니다. 이미 기한이 지난 경우에도 다음 조치 선택지를 상담에서 정리합니다. 재건축 사업 후 신축 아파트 소유권 이전 등기를 지원합니다. 다옴법무사사무소는 부산 전역 사건을 다루며 과태료 관련 범위를 항목별로 정리합니다. 부산은 관할 법원·등기소가 사건별로 달라 사전 정리가 중요한 지역입니다. 재건축 사업 후 신축 아파트 소유권 이전 등기를 지원합니다. 비용이 달라지는 이유 등기원인 문구와 검인·취득세 완납 증빙이 일치하는지 접수 직전에 재확인합니다. 공동매수면 지분 표기를 맞춥니다. 수임·등록면허세·지방교,497,da1f7faa2ecc0109
/재건축등기기간,"재건축등기 소요 기간 안내는 서류 수집·접수·보정·완료까지 일반적인 흐름을 구간별로 설명합니다. 사건마다 달라 단정 일정을 약속하지 않으며, 병목 구간을 미리 알려 드립니다. 재건축 사업 후 신축 아파트 소유권 이전 등기를 지원합니다. 다옴법무사사무소는 부산 전역 사건을 다루며 기간 관련 범위를 항목별로 정리합니다. 재건축등기 소요 기간 안내는 서류 수집·접수·보정·완료까지 일반적인 흐름을 구간별로 설명합니다. 사건마다 달라 단정 일정을 약속하지 않으며, 병목 구간을 미리 알려 드립니다. 재건축 사업 후 신축 아파트 소유권 이전 등기를 지원합니다. 다옴법무사사무소는 부산 전역 사건을 다루며 기간 관련 범위를 항목별로 정리합니다. 부산은 관할 법원·등기소가 사건별로 달라 사전 정리가 중요한 지역입니다. 재건축 사업 후 신축 아파트 소유권 이전 등기를 지원합니다. 법정 기한 산업단지·재개발·재건축처럼 특수한 권리관계는 일반 매매 체크리스트와 항목을 나눕니다. 말소할 근저당·전세권 목록을",494,4dafc79885636b61
/재건축등기기한,"기한만 보고 단정하기보다, 재건축등기의 사실관계·기한·관할을 먼저 나눠 보는 것이 실무적입니다. 재건축 사업 후 신축 아파트 소유권 이전 등기를 지원합니다. 다옴법무사사무소는 부산 전역 사건을 다루며 기한 관련 범위를 항목별로 정리합니다. 기한만 보고 단정하기보다, 재건축등기의 사실관계·기한·관할을 먼저 나눠 보는 것이 실무적입니다. 재건축 사업 후 신축 아파트 소유권 이전 등기를 지원합니다. 다옴법무사사무소는 부산 전역 사건을 다루며 기한 관련 범위를 항목별로 정리합니다. 부산은 관할 법원·등기소가 사건별로 달라 사전 정리가 중요한 지역입니다. 재건축 사업 후 신축 아파트 소유권 이전 등기를 지원합니다. 법정 기한 회생·파산 경로에서는 소득·재산·채무 목록 정합성을 신청서 품질의 기준으로 둡니다. 등기원인 문구와 검인·취득세 완납 증빙이 일치하는지 접수 직전에 재확인합니다. 공동매수면 지분 표기를 맞춥니다. 수임·등록면허세·지방교육세·수수료 칸을 나눈 견적 초안을 상담 후 공유합니",495,74e7574adf776103
/재건축등기보수표,"재건축등기 보수표 안내는 협회·일반 보수 체계를 참고 기준으로 설명합니다. 실제 수임은 사건 난이도에 따라 조정될 수 있어, 보수표=최종 견적이 아닙니다. 비용 구성(세금·수수료)과 보수표를 혼동하지 않도록 이 페이지에서는 보수 기준 쪽에 초점을 둡니다. 재건축 사업 후 신축 아파트 소유권 이전 등기를 지원합니다. 다옴법무사사무소는 부산 전역 사건을 다루며 보수표 관련 범위를 항목별로 정리합니다. 재건축등기 보수표 안내는 협회·일반 보수 체계를 참고 기준으로 설명합니다. 실제 수임은 사건 난이도에 따라 조정될 수 있어, 보수표=최종 견적이 아닙니다. 비용 구성(세금·수수료)과 보수표를 혼동하지 않도록 이 페이지에서는 보수 기준 쪽에 초점을 둡니다. 재건축 사업 후 신축 아파트 소유권 이전 등기를 지원합니다. 다옴법무사사무소는 부산 전역 사건을 다루며 보수표 관련 범위를 항목별로 정리합니다. 부산은 관할 법원·등기소가 사건별로 달라 사전 정리가 중요한 지역입니다. 비용이 달라지는 이유",530,546bff77c8cc1bf6
/재건축등기비용,"재건축등기 비용 안내는 수임료·세금·수수료를 항목별로 나누어 설명하는 데 초점을 둡니다. 확정 견적은 서류 확인 후 드리며, 이 페이지에서는 구성 항목과 달라지는 조건을 정리합니다. 보수표·협회 기준만 보고 단정하지 않도록, 실제 포함 범위(보정·말소·추가 당사자)를 함께 봅니다. 재건축 사업 후 신축 아파트 소유권 이전 등기를 지원합니다. 다옴법무사사무소는 부산 전역 사건을 다루며 비용 관련 범위를 항목별로 정리합니다. 재건축등기 비용 안내는 수임료·세금·수수료를 항목별로 나누어 설명하는 데 초점을 둡니다. 확정 견적은 서류 확인 후 드리며, 이 페이지에서는 구성 항목과 달라지는 조건을 정리합니다. 보수표·협회 기준만 보고 단정하지 않도록, 실제 포함 범위(보정·말소·추가 당사자)를 함께 봅니다. 재건축 사업 후 신축 아파트 소유권 이전 등기를 지원합니다. 다옴법무사사무소는 부산 전역 사건을 다루며 비용 관련 범위를 항목별로 정리합니다. 부산은 관할 법원·등기소가 사건별로 달라 사",557,506b75100f0eb680
/재건축등기준비서류,"준비서류만 보고 단정하기보다, 재건축등기의 사실관계·기한·관할을 먼저 나눠 보는 것이 실무적입니다. 재건축 사업 후 신축 아파트 소유권 이전 등기를 지원합니다. 다옴법무사사무소는 부산 전역 사건을 다루며 준비서류 관련 범위를 항목별로 정리합니다. 준비서류만 보고 단정하기보다, 재건축등기의 사실관계·기한·관할을 먼저 나눠 보는 것이 실무적입니다. 재건축 사업 후 신축 아파트 소유권 이전 등기를 지원합니다. 다옴법무사사무소는 부산 전역 사건을 다루며 준비서류 관련 범위를 항목별로 정리합니다. 부산은 관할 법원·등기소가 사건별로 달라 사전 정리가 중요한 지역입니다. 재건축 사업 후 신축 아파트 소유권 이전 등기를 지원합니다. 필수 서류 말소할 근저당·전세권 목록을 본등기 신청서와 같은 묶음으로 준비합니다. 채권자 협의 필요 여부를 표시합니다. 미성년·해외·연락두절 당사자가 있으면 위임·특별대리·공시송달 검토 여부를 체크합니다. 법인 결의·취임승낙·인감 원본을 대조하고, 과태료 기한을 결의",518,34c2377bb9e4dbc5
/재건축등기필요서류,"필요서류만 보고 단정하기보다, 재건축등기의 사실관계·기한·관할을 먼저 나눠 보는 것이 실무적입니다. 재건축 사업 후 신축 아파트 소유권 이전 등기를 지원합니다. 다옴법무사사무소는 부산 전역 사건을 다루며 필요서류 관련 범위를 항목별로 정리합니다. 필요서류만 보고 단정하기보다, 재건축등기의 사실관계·기한·관할을 먼저 나눠 보는 것이 실무적입니다. 재건축 사업 후 신축 아파트 소유권 이전 등기를 지원합니다. 다옴법무사사무소는 부산 전역 사건을 다루며 필요서류 관련 범위를 항목별로 정리합니다. 부산은 관할 법원·등기소가 사건별로 달라 사전 정리가 중요한 지역입니다. 재건축 사업 후 신축 아파트 소유권 이전 등기를 지원합니다. 필수 서류 법인 결의·취임승낙·인감 원본을 대조하고, 과태료 기한을 결의일부터 역산합니다. 산업단지·재개발·재건축처럼 특수한 권리관계는 일반 매매 체크리스트와 항목을 나눕니다. 말소할 근저당·전세권 목록을 본등기 신청서와 같은 묶음으로 준비합니다. 채권자 협의 필요 ",485,d60de9f03c6a88b2
/재건축조합임원변경등기,"재건축조합 임원변경은 정관·법령에 따른 결의 후 등기해야 합니다. 등기사항증명서와 의사록을 기준으로 확인하세요. 재건축조합 임원변경은 정관·법령에 따른 결의 후 등기해야 합니다. 등기사항증명서와 의사록을 기준으로 확인하세요. 재건축·재개발 조합의 임원 변경은 도시 및 주거환경정비법상 절차와 조합 정관·등기가 연동됩니다. 상담 시 확인하는 내용 재건축조합 임원변경등기 사건은 서류·관할·기한에 따라 진행 순서가 달라집니다. 다옴법무사사무소는 부산 해운대구·센텀에서 상속등기·부동산등기·법인등기·개인회생·파산 등을 다루며, 의뢰인 상황에 맞춰 절차와 비용을 알기 쉽게 설명합니다. 불확실한 부분은 추측으로 단정하지 않고, 확인된 사실을 바탕으로 안내드립니다. 전화·카카오톡·네이버 톡톡으로 간단히 상황을 남겨 주시면 필요한 준비부터 차분히 정리해 드리겠습니다. 정비사업조합 설립등기도 하나요? 설립·변경 등기 수요가 있으나 사업 단계·인가와 맞물립니다. 등기만 필요한 경우 등기부·인가서를 기준으",134,1c7415a900e1db67
/재단법인과공익법인차이,"공익 목적이라도 반드시 공익법인일 필요는 없으며, 재단법인·공익법인 중 법령과 목적에 맞는 형태를 선택하세요. 공익 목적이라도 반드시 공익법인일 필요는 없으며, 재단법인·공익법인 중 법령과 목적에 맞는 형태를 선택하세요. 재단법인은 민법상 비영리법인이고, 공익법인은 공익법인 등에 관한 법률상 별도 제도입니다. 상담 시 확인하는 내용 재단법인과 공익법인 차이 사건은 서류·관할·기한에 따라 진행 순서가 달라집니다. 다옴법무사사무소는 부산 해운대구·센텀에서 상속등기·부동산등기·법인등기·개인회생·파산 등을 다루며, 의뢰인 상황에 맞춰 절차와 비용을 알기 쉽게 설명합니다. 불확실한 부분은 추측으로 단정하지 않고, 확인된 사실을 바탕으로 안내드립니다. 전화·카카오톡·네이버 톡톡으로 간단히 상황을 남겨 주시면 필요한 준비부터 차분히 정리해 드리겠습니다. 재단법인과 공익법인 차이 상담은 어디서 받을 수 있나요? 다옴법무사사무소는 해운대구 센텀에 있으며, 부산 전역 사건을 전화·카카오톡·네이버 톡톡",142,58e4f83fda62e4f8
/재단법인기본재산변경등기,"재단법인 기본재산 변경은 주무관청 변경허가와 결의 후 기본재산 변경등기로 등기부를 맞추는 절차입니다. 보통재산과 혼동하거나 허가 없이 처분·등기를 진행하면 리스크가 커지므로, 변경 사유와 재산 목록부터 확인하는 것이 좋습니다. 재단법인 기본재산 변경은 주무관청 변경허가와 결의 후 기본재산 변경등기로 등기부를 맞추는 절차입니다. 보통재산과 혼동하거나 허가 없이 처분·등기를 진행하면 리스크가 커지므로, 변경 사유와 재산 목록부터 확인하는 것이 좋습니다. 재단법인 기본재산을 늘리거나 줄이면 주무관청 변경허가 후 기본재산 변경등기가 필요합니다. 상담 시 확인하는 내용 재단법인 기본재산 변경등기 사건은 서류·관할·기한에 따라 진행 순서가 달라집니다. 다옴법무사사무소는 부산 해운대구·센텀에서 상속등기·부동산등기·법인등기·개인회생·파산 등을 다루며, 의뢰인 상황에 맞춰 절차와 비용을 알기 쉽게 설명합니다. 불확실한 부분은 추측으로 단정하지 않고, 확인된 사실을 바탕으로 안내드립니다. 전화·카카오",164,cebaae3d3c33c58b
/재송동법무사,"재송동에서 법무사를 찾으시면 센텀 업무지구와 맞닿은 실거주 아파트의 상속·매매를 이 페이지에서 보시면 됩니다. 구 전체는 해운대 허브, 법인은 센텀 페이지입니다. 다옴법무사사무소는 센텀에 있어 재송에서 방문이 가깝습니다. 재송동에서 법무사를 찾으시면 센텀 업무지구와 맞닿은 실거주 아파트의 상속·매매를 이 페이지에서 보시면 됩니다. 구 전체는 해운대 허브, 법인은 센텀 페이지입니다. 다옴법무사사무소는 센텀에 있어 재송에서 방문이 가깝습니다. 재송은 주거 밀집 생활권이라 잔금일 등기와 공동상속이 자주 연결됩니다. 센텀 법인 업무와 섞지 않고 주거 등기 각도로 안내합니다. 재송1·2동처럼 행정동만 다른 검색은 이 재송동 안내에서 보시면 됩니다. 이 페이지에서 다루는 재송동 업무 통계로 ‘많다’고 단정하지 않습니다. 재송동 검색 의도에 맞춰 아래 업무를 중심으로 안내합니다. 상속등기: 재송 아파트 명의 부동산등기: 매매·잔금 해운대 허브: 구 전체 분기 센텀 법인: 업무지구 법인 재송동에서",445,692029f23b0afd27
/재송동상속등기,재송동에서 상속등기을(를) 진행하려면 관할 확인 후 서류 체크리스트부터 잡는 편이 안전합니다. 재송동 아파트·상가 상속·매매 등기를 안내하는 동입니다. 피상속인 사망 후 부동산·토지 등기명의를 상속인 명의로 이전하는 절차입니다. 부산 전역 아파트·상가·토지 상속 사건을 다룹니다. 상담 시 서류·일정·비용 범위를 항목별로 안내합니다. 재송동에서 상속등기을(를) 진행하려면 관할 확인 후 서류 체크리스트부터 잡는 편이 안전합니다. 재송동 아파트·상가 상속·매매 등기를 안내하는 동입니다. 피상속인 사망 후 부동산·토지 등기명의를 상속인 명의로 이전하는 절차입니다. 부산 전역 아파트·상가·토지 상속 사건을 다룹니다. 상담 시 서류·일정·비용 범위를 항목별로 안내합니다. 재송동 아파트·상가 상속·매매 등기를 안내하는 동입니다. 피상속인 사망 후 부동산·토지 등기명의를 상속인 명의로 이전하는 절차입니다. 부산 전역 아파트·상가·토지 상속 사건을 다룹니다. 지역별 업무 상황 법인 결의·취임승낙·인,472,879dd6c313507a36
/재송동소유권이전등기,소유권이전등기을(를) 재송동 기준으로 볼 때는 동일 절차라도 등기소·법원 창구가 사건별로 갈릴 수 있습니다. 재송동 아파트·상가 상속·매매 등기를 안내하는 동입니다. 부동산 매매·증여 등으로 소유권을 이전하는 등기입니다. 취득세 신고와 일정을 맞춥니다. 상담 시 서류·일정·비용 범위를 항목별로 안내합니다. 소유권이전등기을(를) 재송동 기준으로 볼 때는 동일 절차라도 등기소·법원 창구가 사건별로 갈릴 수 있습니다. 재송동 아파트·상가 상속·매매 등기를 안내하는 동입니다. 부동산 매매·증여 등으로 소유권을 이전하는 등기입니다. 취득세 신고와 일정을 맞춥니다. 상담 시 서류·일정·비용 범위를 항목별로 안내합니다. 재송동 아파트·상가 상속·매매 등기를 안내하는 동입니다. 부동산 매매·증여 등으로 소유권을 이전하는 등기입니다. 취득세 신고와 일정을 맞춥니다. 지역별 업무 상황 상속 승인 방식(단순·한정·포기)을 등기 일정과 분리해 먼저 가립니다. 3개월 기한을 별도 표시합니다. 잔금·인도·대,478,8808a0b0a4d26255
/재혼가정상속,"재혼 가정에서는 현재 배우자와 전혼 자녀, 재혼 후 자녀가 함께 상속인이 되는 경우가 있습니다. 가족관계증명서만으로는 누락·오해가 생길 수 있어 혼인·이혼·출생 관계를 맞춰 봐야 합니다. 재혼 가정에서는 현재 배우자와 전혼 자녀, 재혼 후 자녀가 함께 상속인이 되는 경우가 있습니다. 가족관계증명서만으로는 누락·오해가 생길 수 있어 혼인·이혼·출생 관계를 맞춰 봐야 합니다. 재혼 가정에서는 현재 배우자와 전혼 자녀, 재혼 후 자녀가 함께 상속인이 되는 경우가 있습니다. 가족관계증명서만으로는 누락·오해가 생길 수 있어 혼인·이혼·출생 관계를 맞춰 봐야 합니다. 상담 시 확인하는 내용 재혼가정의 상속 사건은 서류·관할·기한에 따라 진행 순서가 달라집니다. 다옴법무사사무소는 부산 해운대구·센텀에서 상속등기·부동산등기·법인등기·개인회생·파산 등을 다루며, 의뢰인 상황에 맞춰 절차와 비용을 알기 쉽게 설명합니다. 불확실한 부분은 추측으로 단정하지 않고, 확인된 사실을 바탕으로 안내드립니다. 전",171,5afcfa3c221757fb
/전국공동담보등기,"공동근저당권 설정·변경·말소와 공동담보목록을 중심으로 안내합니다. 무조건 일괄 접수 가능하다고 단정하지 않습니다. 공동근저당권 설정·변경·말소와 공동담보목록을 중심으로 안내합니다. 무조건 일괄 접수 가능하다고 단정하지 않습니다. 서로 다른 지역의 부동산을 하나의 채권을 위해 공동담보로 제공하는 경우, 당사자·등기목적·등기원인과 신청 구조가 일정한 요건을 충족하면 하나의 관할에서 함께 신청까지 진행할 수 있습니다. 하나의 관할에서 신청할 수 있는지 보는 기준 당사자 동일성, 등기목적·등기원인, 신청 구조와 관련 규정을 기준으로 검토합니다. 가능하다고 단정하지 않습니다. 설정·추가·해지·변경 공동근저당 설정, 담보 추가, 일부 해지, 채권최고액·채무자 변경, 이전·말소를 목적별로 나눕니다. 멀리 있어도 맡길 수 있는 이유 담보 목록만 먼저 공유해도 다음 확인 항목을 정리할 수 있습니다. 상담부터 신청까지 안윤정 법무사가 직접 확인합니다. 법무사 보수와 취득세·등록면허세·등기신청수수료·국",257,33458acccbf4b64f
/전국법인본점이전등기,"종전 본점과 새 본점 소재지 관할을 확인하여 상담부터 신청까지 진행합니다. 부산으로 오는 이전과 부산에서 나가는 이전 모두, 상황을 상담으로 알려주시면 비대면으로 끝까지 진행할 수 있도록 안내합니다. 종전 본점과 새 본점 소재지 관할을 확인하여 상담부터 신청까지 진행합니다. 부산으로 오는 이전과 부산에서 나가는 이전 모두, 상황을 상담으로 알려주시면 비대면으로 끝까지 진행할 수 있도록 안내합니다. 관할 외 본점이전등기는 종전 본점과 새 본점 소재지의 관할을 확인합니다. 부산으로 이전하는 법인뿐 아니라 부산에서 서울·경기·김해·양산 등으로 이전하는 법인도 전화·카카오톡으로 상담할 수 있으며, 이전 계획과 결의 상황을 말씀해 주시면 바로 진행 방법을 안내합니다. 관할 외 본점이전을 확인하는 순서 종전 주소·신규 주소·등기소 관할·정관·결의일을 순서대로 맞춥니다. 등록면허세와 비용 구분 공과금과 법무사 보수를 구분해 안내하고, 서류 확인 전 확정액을 단정하지 않습니다. 멀리 있어도 맡길 ",312,2ca9f579d9ba4254
/전국상속등기,"부동산이 부산에 있지 않아도 상속등기를 바로 상담하고 진행할 수 있습니다. 상속·유증등기는 관할 특례가 적용되는 범위에서 소재지와 다른 등기소 신청까지 진행할 수 있습니다. 부동산이 부산에 있지 않아도 상속등기를 바로 상담하고 진행할 수 있습니다. 상속·유증등기는 관할 특례가 적용되는 범위에서 소재지와 다른 등기소 신청까지 진행할 수 있습니다. 부동산이 부산에 있지 않아도 상속등기를 바로 상담하고 끝까지 진행할 수 있습니다. 상속등기는 관할 특례가 적용되는 범위에서 부동산 소재지와 다른 지역의 등기소를 통한 신청까지 이어갈 수 있어, 전국에 흩어진 부동산도 한 사무소에서 서류부터 신청까지 진행합니다. 상속인이 서로 다른 지역에 살아도, 서울에서 지방 부동산을 상속받아도 초기 상담은 전화·카카오톡으로 시작할 수 있습니다. 전국 상속등기가 가능한 이유 상속으로 인한 소유권이전등기는 관할 특례가 적용되는 범위에서 소재지와 다른 등기소 신청까지 진행할 수 있습니다. 「전국 어느 등기소에나 ",450,7c7227d7a68173ec
/전국업무,"다옴법무사사무소는 부산 해운대구에 있지만, 모든 업무가 부산 의뢰인에게만 한정되는 것은 아닙니다. 상속·유증등기처럼 관할 특례가 적용될 수 있는 업무와 법정 관할을 지키면서 비대면으로 진행할 수 있는 업무를 구분하여 전국 의뢰를 상담합니다. 다옴법무사사무소는 부산 해운대구에 있지만, 모든 업무가 부산 의뢰인에게만 한정되는 것은 아닙니다. 상속·유증등기처럼 관할 특례가 적용될 수 있는 업무와 법정 관할을 지키면서 비대면으로 진행할 수 있는 업무를 구분하여 전국 의뢰를 상담합니다. 다옴법무사사무소는 부산 해운대구에 있지만, 모든 업무가 부산 의뢰인에게만 한정되는 것은 아닙니다. 상속·유증등기처럼 관할 특례가 적용될 수 있는 업무와 법정 관할을 지키면서 비대면으로 진행할 수 있는 업무를 구분하여 전국 의뢰를 상담합니다. 「전국 수임 가능」은 「전국 어느 법원·등기소에나 신청 가능」과 다릅니다. 사건 유형에 따라 관할 특례·묶음 신청 가능성·법정 관할 유지 여부를 먼저 설명합니다. 전국에서",491,2ec55d81fd8f37c7
/전국유증등기,"유언에 따라 부동산을 이전하는 유증등기는 상속등기와 서류·쟁점이 다릅니다. 소재지가 달라도 관할 특례와 유언 구조를 함께 검토합니다. 유언에 따라 부동산을 이전하는 유증등기는 상속등기와 서류·쟁점이 다릅니다. 소재지가 달라도 관할 특례와 유언 구조를 함께 검토합니다. 유언에 따라 부동산을 이전하는 유증등기는 상속등기와 서류·쟁점이 다릅니다. 포괄유증과 특정유증, 유언집행자 유무, 이미 상속등기가 끝난 경우 등에 따라 절차가 달라집니다. 유증등기가 상속등기와 다른 점 원인은 유언·유증이고, 상속인 전원의 협의분할과 결이 다를 수 있습니다. 유언 유효성과 등기 첨부서류를 중심으로 봅니다. 유언공정증서·유언집행자가 있는 경우 증서와 집행 권한 범위를 확인해 신청 주체와 위임 구조를 맞춥니다. 유증등기 관할 특례 소재지와 다른 등기소 신청 가능 여부를 사건별로 검토합니다. 무조건 가능하다고 단정하지 않습니다. 멀리 있어도 맡길 수 있는 이유 유언 서류를 사진으로 먼저 검토한 뒤 원본 단계를",341,fabb840842f0e94a
/전문직법인등기,"전문직 법인 설립등기는 해당 전문직법상 인가·등록 후 관할 등기소에 접수합니다. 법무사는 등기와 관련 서류 작성·접수를 지원하며, 전문직 자격·개설 인가는 각 분야 규정에 따릅니다. 전문직 법인 설립등기는 해당 전문직법상 인가·등록 후 관할 등기소에 접수합니다. 법무사는 등기와 관련 서류 작성·접수를 지원하며, 전문직 자격·개설 인가는 각 분야 규정에 따릅니다. 법무사·세무사·노무사 등 일부 전문직 법인은 각 전문직법에 따른 등록·인가 후 법인 설립등기를 합니다. 상담 시 확인하는 내용 전문직 법인 등기 사건은 서류·관할·기한에 따라 진행 순서가 달라집니다. 다옴법무사사무소는 부산 해운대구·센텀에서 상속등기·부동산등기·법인등기·개인회생·파산 등을 다루며, 의뢰인 상황에 맞춰 절차와 비용을 알기 쉽게 설명합니다. 불확실한 부분은 추측으로 단정하지 않고, 확인된 사실을 바탕으로 안내드립니다. 전화·카카오톡·네이버 톡톡으로 간단히 상황을 남겨 주시면 필요한 준비부터 차분히 정리해 드리겠습",163,e604cab0edea1505
/전세권설정과태료,전세권설정 과태료 관련 안내는 지연 등기·신고가 문제될 수 있는 조건을 중심으로 봅니다. 이미 기한이 지난 경우에도 다음 조치 선택지를 상담에서 정리합니다. 전세금 보호를 위한 전세권 설정 등기입니다. 임대차 계약·확정일자와 함께 검토합니다. 다옴법무사사무소는 부산 전역 사건을 다루며 과태료 관련 범위를 항목별로 정리합니다. 전세권설정 과태료 관련 안내는 지연 등기·신고가 문제될 수 있는 조건을 중심으로 봅니다. 이미 기한이 지난 경우에도 다음 조치 선택지를 상담에서 정리합니다. 전세금 보호를 위한 전세권 설정 등기입니다. 임대차 계약·확정일자와 함께 검토합니다. 다옴법무사사무소는 부산 전역 사건을 다루며 과태료 관련 범위를 항목별로 정리합니다. 부산은 관할 법원·등기소가 사건별로 달라 사전 정리가 중요한 지역입니다. 전세금 보호를 위한 전세권 설정 등기입니다. 임대차 계약·확정일자와 함께 검토합니다. 비용이 달라지는 이유 상속 승인 방식(단순·한정·포기)을 등기 일정과 분리해 먼저,501,871f45cc8ba4e020
/전세권설정기간,"전세권설정 소요 기간 안내는 서류 수집·접수·보정·완료까지 일반적인 흐름을 구간별로 설명합니다. 사건마다 달라 단정 일정을 약속하지 않으며, 병목 구간을 미리 알려 드립니다. 전세금 보호를 위한 전세권 설정 등기입니다. 임대차 계약·확정일자와 함께 검토합니다. 다옴법무사사무소는 부산 전역 사건을 다루며 기간 관련 범위를 항목별로 정리합니다. 전세권설정 소요 기간 안내는 서류 수집·접수·보정·완료까지 일반적인 흐름을 구간별로 설명합니다. 사건마다 달라 단정 일정을 약속하지 않으며, 병목 구간을 미리 알려 드립니다. 전세금 보호를 위한 전세권 설정 등기입니다. 임대차 계약·확정일자와 함께 검토합니다. 다옴법무사사무소는 부산 전역 사건을 다루며 기간 관련 범위를 항목별로 정리합니다. 부산은 관할 법원·등기소가 사건별로 달라 사전 정리가 중요한 지역입니다. 전세금 보호를 위한 전세권 설정 등기입니다. 임대차 계약·확정일자와 함께 검토합니다. 법정 기한 이미 소송·가압류가 있으면 등기 가능 ",527,bd275dd0c54dfe83
/전세권설정기한,"기한만 보고 단정하기보다, 전세권설정의 사실관계·기한·관할을 먼저 나눠 보는 것이 실무적입니다. 전세금 보호를 위한 전세권 설정 등기입니다. 임대차 계약·확정일자와 함께 검토합니다. 다옴법무사사무소는 부산 전역 사건을 다루며 기한 관련 범위를 항목별로 정리합니다. 기한만 보고 단정하기보다, 전세권설정의 사실관계·기한·관할을 먼저 나눠 보는 것이 실무적입니다. 전세금 보호를 위한 전세권 설정 등기입니다. 임대차 계약·확정일자와 함께 검토합니다. 다옴법무사사무소는 부산 전역 사건을 다루며 기한 관련 범위를 항목별로 정리합니다. 부산은 관할 법원·등기소가 사건별로 달라 사전 정리가 중요한 지역입니다. 전세금 보호를 위한 전세권 설정 등기입니다. 임대차 계약·확정일자와 함께 검토합니다. 법정 기한 회생·파산 경로에서는 소득·재산·채무 목록 정합성을 신청서 품질의 기준으로 둡니다. 등기원인 문구와 검인·취득세 완납 증빙이 일치하는지 접수 직전에 재확인합니다. 공동매수면 지분 표기를 맞춥니다.",474,f3d196b9d46a650f
/전세권설정보수표,"전세권설정 보수표 안내는 협회·일반 보수 체계를 참고 기준으로 설명합니다. 실제 수임은 사건 난이도에 따라 조정될 수 있어, 보수표=최종 견적이 아닙니다. 비용 구성(세금·수수료)과 보수표를 혼동하지 않도록 이 페이지에서는 보수 기준 쪽에 초점을 둡니다. 전세금 보호를 위한 전세권 설정 등기입니다. 임대차 계약·확정일자와 함께 검토합니다. 다옴법무사사무소는 부산 전역 사건을 다루며 보수표 관련 범위를 항목별로 정리합니다. 전세권설정 보수표 안내는 협회·일반 보수 체계를 참고 기준으로 설명합니다. 실제 수임은 사건 난이도에 따라 조정될 수 있어, 보수표=최종 견적이 아닙니다. 비용 구성(세금·수수료)과 보수표를 혼동하지 않도록 이 페이지에서는 보수 기준 쪽에 초점을 둡니다. 전세금 보호를 위한 전세권 설정 등기입니다. 임대차 계약·확정일자와 함께 검토합니다. 다옴법무사사무소는 부산 전역 사건을 다루며 보수표 관련 범위를 항목별로 정리합니다. 부산은 관할 법원·등기소가 사건별로 달라 사",534,af830b57d8fd93f0
/전세권설정비용,"전세권설정 비용 안내는 수임료·세금·수수료를 항목별로 나누어 설명하는 데 초점을 둡니다. 확정 견적은 서류 확인 후 드리며, 이 페이지에서는 구성 항목과 달라지는 조건을 정리합니다. 보수표·협회 기준만 보고 단정하지 않도록, 실제 포함 범위(보정·말소·추가 당사자)를 함께 봅니다. 전세금 보호를 위한 전세권 설정 등기입니다. 임대차 계약·확정일자와 함께 검토합니다. 다옴법무사사무소는 부산 전역 사건을 다루며 비용 관련 범위를 항목별로 정리합니다. 전세권설정 비용 안내는 수임료·세금·수수료를 항목별로 나누어 설명하는 데 초점을 둡니다. 확정 견적은 서류 확인 후 드리며, 이 페이지에서는 구성 항목과 달라지는 조건을 정리합니다. 보수표·협회 기준만 보고 단정하지 않도록, 실제 포함 범위(보정·말소·추가 당사자)를 함께 봅니다. 전세금 보호를 위한 전세권 설정 등기입니다. 임대차 계약·확정일자와 함께 검토합니다. 다옴법무사사무소는 부산 전역 사건을 다루며 비용 관련 범위를 항목별로 정리합",543,f15b91c03e42ea7e
/전세권설정준비서류,"준비서류만 보고 단정하기보다, 전세권설정의 사실관계·기한·관할을 먼저 나눠 보는 것이 실무적입니다. 전세금 보호를 위한 전세권 설정 등기입니다. 임대차 계약·확정일자와 함께 검토합니다. 다옴법무사사무소는 부산 전역 사건을 다루며 준비서류 관련 범위를 항목별로 정리합니다. 준비서류만 보고 단정하기보다, 전세권설정의 사실관계·기한·관할을 먼저 나눠 보는 것이 실무적입니다. 전세금 보호를 위한 전세권 설정 등기입니다. 임대차 계약·확정일자와 함께 검토합니다. 다옴법무사사무소는 부산 전역 사건을 다루며 준비서류 관련 범위를 항목별로 정리합니다. 부산은 관할 법원·등기소가 사건별로 달라 사전 정리가 중요한 지역입니다. 전세금 보호를 위한 전세권 설정 등기입니다. 임대차 계약·확정일자와 함께 검토합니다. 필수 서류 회생·파산 경로에서는 소득·재산·채무 목록 정합성을 신청서 품질의 기준으로 둡니다. 등기원인 문구와 검인·취득세 완납 증빙이 일치하는지 접수 직전에 재확인합니다. 공동매수면 지분 표",506,b78ee701df34456c
/전세권설정필요서류,"필요서류만 보고 단정하기보다, 전세권설정의 사실관계·기한·관할을 먼저 나눠 보는 것이 실무적입니다. 전세금 보호를 위한 전세권 설정 등기입니다. 임대차 계약·확정일자와 함께 검토합니다. 다옴법무사사무소는 부산 전역 사건을 다루며 필요서류 관련 범위를 항목별로 정리합니다. 필요서류만 보고 단정하기보다, 전세권설정의 사실관계·기한·관할을 먼저 나눠 보는 것이 실무적입니다. 전세금 보호를 위한 전세권 설정 등기입니다. 임대차 계약·확정일자와 함께 검토합니다. 다옴법무사사무소는 부산 전역 사건을 다루며 필요서류 관련 범위를 항목별로 정리합니다. 부산은 관할 법원·등기소가 사건별로 달라 사전 정리가 중요한 지역입니다. 전세금 보호를 위한 전세권 설정 등기입니다. 임대차 계약·확정일자와 함께 검토합니다. 필수 서류 잔금·인도·대출 실행 일정을 한 줄에 두고 등기 접수를 맞춥니다. 중도금 연체가 있으면 계약 특약을 먼저 확인합니다. 전자등기 가능 사건과 방문 열람이 필요한 사건을 분리해 일정을 ",518,a834b89d0fb94cbe
/전세보증금상담,"반환 지연·연락 두절·경매 등 상황에 따라 임차권등기명령·내용증명 등이 달라집니다. 반환 지연·연락 두절·경매 등 상황에 따라 임차권등기명령·내용증명 등이 달라집니다. 반환 지연·연락 두절·경매 등 상황에 따라 임차권등기명령·내용증명 등이 달라집니다. 비용 안내 상담 문의 자체는 상황 확인을 위한 것이며, 수임료·공과금은 사건 확인 후 구분해 안내합니다. 관할·접근 안내 남겨주신 상황을 확인한 뒤 관할·서류·절차를 안내합니다. 확정 견적은 사건 확인 후입니다. 임대차계약서(있으면) 입금 증빙(있으면) 법무사 의견 업무명을 몰라도, 서류가 없어도 현재 상황만 알려 주시면 됩니다. 필요한 절차를 확인한 뒤 안내드립니다. 상담 시 확인하는 내용 전세보증금 상담 사건은 서류·관할·기한에 따라 진행 순서가 달라집니다. 다옴법무사사무소는 부산 해운대구·센텀에서 상속등기·부동산등기·법인등기·개인회생·파산 등을 다루며, 의뢰인 상황에 맞춰 절차와 비용을 알기 쉽게 설명합니다. 불확실한 부분은 추측",167,ee33ce11a6ac4e56
/전세보증금자가진단,"전세 만료인데 보증금 못받음 상황이거나 집주인 연락두절이라면 아래에서 절차 우선순위를 확인하세요. 전세 만료인데 보증금 못받음 상황이거나 집주인 연락두절이라면 아래에서 절차 우선순위를 확인하세요. 전세 만료인데 보증금 못받음 상황이거나 집주인 연락두절이라면 아래에서 절차 우선순위를 확인하세요. 전세보증금 반환은 임대차계약 종료 후 임대인이 보증금을 돌려주는 의무에서 시작합니다. 부산·해운대·수영·연제 전세 밀집 지역에서 만료 시즌 상담이 집중됩니다. 자가진단 결과 안내 전세보증금 자가진단은 만료일·이사 여부·임대인 응답·근저당·압류 태그를 반영합니다. 긴급 단계는 이사 전후 시기와 보증금 회수 가능성을 빠르게 보라는 안내입니다. 임차권등기명령은 요건과 시기가 중요해, 답변에 따라 별도 진단 페이지와 함께 검토하라는 메시지가 나올 수 있습니다. 전세보증금반환 기본 개념 전세보증금 반환은 임대차계약 종료 후 임대인이 보증금을 돌려주는 의무에서 시작합니다. 부산·해운대·수영·연제 전세 밀",455,2053b07e4a09a9b4
/전세사기예방교육,"계약 전에 무엇을 확인해야 하는지를 체크리스트와 사례로 정리하는 특강입니다. 계약 전에 무엇을 확인해야 하는지를 체크리스트와 사례로 정리하는 특강입니다. 계약 전에 무엇을 확인해야 하는지를 체크리스트와 사례로 정리하는 특강입니다. 상담 시 확인하는 내용 부산 전세사기 예방교육 사건은 서류·관할·기한에 따라 진행 순서가 달라집니다. 다옴법무사사무소는 부산 해운대구·센텀에서 상속등기·부동산등기·법인등기·개인회생·파산 등을 다루며, 의뢰인 상황에 맞춰 절차와 비용을 알기 쉽게 설명합니다. 불확실한 부분은 추측으로 단정하지 않고, 확인된 사실을 바탕으로 안내드립니다. 전화·카카오톡·네이버 톡톡으로 간단히 상황을 남겨 주시면 필요한 준비부터 차분히 정리해 드리겠습니다. 전세사기 예방교육 강사를 찾고 있습니다. 가능한가요? 청년·기관 대상 전세사기 예방 특강 이력이 있으며, 일정·인원에 따라 협의합니다. 등기부등본 읽는 법만 짧게 가능한가요? 시간 모듈을 줄여 핵심만 구성하는 것도 가능합니다.",190,bcea47fc889a78d8
/전세사기피해대응절차,"부산에서 전세계약이 끝났는데 보증금을 돌려받지 못했거나 집주인 연락두절·경매·압류 등으로 전세사기가 걱정된다면 먼저 계약 종료 여부, 전입신고·확정일자, 현재 점유 상태와 등기부 권리관계를 확인해야 합니다. 이사를 앞두고 있다면 임차권등기명령 등 보증금 회수를 위한 절차의 순서도 함께 검토해야 합니다. 부산에서 전세계약이 끝났는데 보증금을 돌려받지 못했거나 집주인 연락두절·경매·압류 등으로 전세사기가 걱정된다면 먼저 계약 종료 여부, 전입신고·확정일자, 현재 점유 상태와 등기부 권리관계를 확인해야 합니다. 이사를 앞두고 있다면 임차권등기명령 등 보증금 회수를 위한 절차의 순서도 함께 검토해야 합니다. 부산에서 전세계약이 끝났는데 보증금을 돌려받지 못했거나 집주인 연락두절·경매·압류 등으로 전세사기가 걱정된다면 먼저 계약 종료 여부, 전입신고·확정일자, 현재 점유 상태와 등기부 권리관계를 확인해야 합니다. 이사를 앞두고 있다면 임차권등기명령 등 보증금 회수를 위한 절차의 순서도 함께 ",354,64d232094c2c1886
/전자등기,"전자등기 검색 시, 키워드만 보고 결정하기보다 전자등기·전자신청에 맞는 서류·기한·관할·비용을 먼저 확인하는 것이 안전합니다. 전자등기 검색 시, 키워드만 보고 결정하기보다 전자등기·전자신청에 맞는 서류·기한·관할·비용을 먼저 확인하는 것이 안전합니다. 전자등기 검색 시, 키워드만 보고 결정하기보다 전자등기·전자신청에 맞는 서류·기한·관할·비용을 먼저 확인하는 것이 안전합니다. 상담 시 확인하는 내용 전자등기 사건은 서류·관할·기한에 따라 진행 순서가 달라집니다. 다옴법무사사무소는 부산 해운대구·센텀에서 상속등기·부동산등기·법인등기·개인회생·파산 등을 다루며, 의뢰인 상황에 맞춰 절차와 비용을 알기 쉽게 설명합니다. 불확실한 부분은 추측으로 단정하지 않고, 확인된 사실을 바탕으로 안내드립니다. 전화·카카오톡·네이버 톡톡으로 간단히 상황을 남겨 주시면 필요한 준비부터 차분히 정리해 드리겠습니다. 전자등기 검색 시 무엇을 먼저 확인해야 하나요? 전자등기는 보통 ‘견적만’이 아니라 서류·",263,e57f774f664a9f0a
/전자신청,"전자신청 검색 시, 키워드만 보고 결정하기보다 등기 전자신청에 맞는 서류·기한·관할·비용을 먼저 확인하는 것이 안전합니다. 전자신청 검색 시, 키워드만 보고 결정하기보다 등기 전자신청에 맞는 서류·기한·관할·비용을 먼저 확인하는 것이 안전합니다. 전자신청 검색 시, 키워드만 보고 결정하기보다 등기 전자신청에 맞는 서류·기한·관할·비용을 먼저 확인하는 것이 안전합니다. 상담 시 확인하는 내용 전자신청 사건은 서류·관할·기한에 따라 진행 순서가 달라집니다. 다옴법무사사무소는 부산 해운대구·센텀에서 상속등기·부동산등기·법인등기·개인회생·파산 등을 다루며, 의뢰인 상황에 맞춰 절차와 비용을 알기 쉽게 설명합니다. 불확실한 부분은 추측으로 단정하지 않고, 확인된 사실을 바탕으로 안내드립니다. 전화·카카오톡·네이버 톡톡으로 간단히 상황을 남겨 주시면 필요한 준비부터 차분히 정리해 드리겠습니다. 전자신청 검색 시 무엇을 먼저 확인해야 하나요? 전자신청는 보통 ‘견적만’이 아니라 서류·기한·관할·",269,6664ea5406f0a11c
/전포동법무사,"전포동 상가 거래에서 흔한 오해는 권리금을 지급하거나 새 임대차계약을 맺으면 건물 소유권까지 확보된다는 생각입니다. 건물 매매라면 매도인과 매수인 사이의 소유권이전등기, 임차 점포 양수도라면 임대인과의 임대차 승계·신규 계약, 영업 양수도라면 권리금 약정이 각각 존재할 수 있습니다. 또 매수인이 기존 근저당을 승계하는지, 매도인이 상환 후 말소하는지에 따라 잔금 준비가 달라집니다. 임차인이 여럿인 꼬마빌딩은 보증금 총액과 계약 만료일을 파악하지 않고 매수하면 이후 운영 계획에 차질이 생길 수 있습니다. 전포카페거리의 활발한 상권만 보고 거래를 서두르기보다, 등기부와 계약서 특약, 임대차 현황을 한 번에 비교하는 것이 필요합니다. 상담에서는 권리금 분쟁의 결과를 단정하지 않고 등기 업무 범위와 거래 서류상 확인할 사항을 명확히 구분합니다. 전포동에서는 전포카페거리의 소형 상가와 꼬마빌딩를 볼 때 권리금·임대차 양수도와 건물 매매등기의 분리를 매매 특약·임대차 현황·근저당 말소 서류와 ",707,31f158fe47201103
/전포동부동산등기,전포동 부동산등기 문의는 소재지·채무·협의 상태에 따라 준비 순서가 달라집니다. 전포동 상가·주택 매매·상속 등기 문의가 있는 동입니다. 매매·증여·상속 등 원인별 부동산 등기 전반을 다룹니다. 관할 등기소 확인이 우선입니다. 상담 시 서류·일정·비용 범위를 항목별로 안내합니다. 전포동 부동산등기 문의는 소재지·채무·협의 상태에 따라 준비 순서가 달라집니다. 전포동 상가·주택 매매·상속 등기 문의가 있는 동입니다. 매매·증여·상속 등 원인별 부동산 등기 전반을 다룹니다. 관할 등기소 확인이 우선입니다. 상담 시 서류·일정·비용 범위를 항목별로 안내합니다. 전포동 상가·주택 매매·상속 등기 문의가 있는 동입니다. 매매·증여·상속 등 원인별 부동산 등기 전반을 다룹니다. 관할 등기소 확인이 우선입니다. 지역별 업무 상황 등기원인 문구와 검인·취득세 완납 증빙이 일치하는지 접수 직전에 재확인합니다. 공동매수면 지분 표기를 맞춥니다. 수임·등록면허세·지방교육세·수수료 칸을 나눈 견적 초안을,475,c8cb97bc53917eb3
/전화가어려울때법률상담,"선호 연락 방법을 문자·이메일로 두시면 됩니다. 상황 선택형 문의로 부담을 줄였습니다. 선호 연락 방법을 문자·이메일로 두시면 됩니다. 상황 선택형 문의로 부담을 줄였습니다. 선호 연락 방법을 문자·이메일로 두시면 됩니다. 상황 선택형 문의로 부담을 줄였습니다. 비용 안내 상담 문의 자체는 상황 확인을 위한 것이며, 수임료·공과금은 사건 확인 후 구분해 안내합니다. 관할·접근 안내 남겨주신 상황을 확인한 뒤 관할·서류·절차를 안내합니다. 확정 견적은 사건 확인 후입니다. 이메일 또는 휴대폰 상황 선택 법무사 의견 업무명을 몰라도, 서류가 없어도 현재 상황만 알려 주시면 됩니다. 필요한 절차를 확인한 뒤 안내드립니다. 상담 시 확인하는 내용 전화가 어려울 때 법률 상담 사건은 서류·관할·기한에 따라 진행 순서가 달라집니다. 다옴법무사사무소는 부산 해운대구·센텀에서 상속등기·부동산등기·법인등기·개인회생·파산 등을 다루며, 의뢰인 상황에 맞춰 절차와 비용을 알기 쉽게 설명합니다. 불확실한",183,283d0ba883abb826
/정관법무사,"정관 토지 상속은 상속인이 여러 명이고 지적도·지목이 복잡해 협의분할이 어려운 경우가 많습니다. 공장 법인은 토지·건물 근저당과 임원변경이 겹칩니다. 기장 법무사 상담 시 취득세·농지 취득 자격 여부를 함께 짚어 드립니다. 정관 토지 상속은 상속인이 여러 명이고 지적도·지목이 복잡해 협의분할이 어려운 경우가 많습니다. 공장 법인은 토지·건물 근저당과 임원변경이 겹칩니다. 기장 법무사 상담 시 취득세·농지 취득 자격 여부를 함께 짚어 드립니다. 정관 법무사 상담은 기장군 정관읍·정관신도시 일대 토지·전원주택·공장 부지의 상속·매매·법인등기 수요에 맞춰 진행합니다. 농지·임야·공장 토지는 일반 아파트와 취득·등기 요건이 다릅니다. 지역 생활권 안내 정관읍·정관신도시는 기장군 서부에 위치하며, 신도시 아파트·단독주택과 산업·물류 단지가 함께 있습니다. 시골 토지·농지 상속, 공장 법인 본점·사업장 등기, 정관신도시 신축 매매가 주요 상담 유형입니다. 이 생활권에서 상담하는 업무 정관 생활",332,da0f4af6f9c81681
/정관법인등기,"정관·정관신도시 일대에서 정관 법인등기 수요가 꾸준합니다. 기장군 정관 일대 산업·물류·제조 법인 창업·입주·투자 유치 과정에서 법인 설립등기·임원변경·본점 이전등기가 필요한 경우가 많습니다. 정관읍, 정관신도시 인근 기업·스타트업·전문서비스 업체가 문의하시는 법인등기 절차를 다옴법무사사무소가 상담·진행합니다. 정관·주주총회 결의·등기신청서 작성 오류는 보정과 지연으로 이어질 수 있어 사전 점검이 중요합니다. 정관·정관신도시 일대에서 정관 법인등기 수요가 꾸준합니다. 기장군 정관 일대 산업·물류·제조 법인 창업·입주·투자 유치 과정에서 법인 설립등기·임원변경·본점 이전등기가 필요한 경우가 많습니다. 정관읍, 정관신도시 인근 기업·스타트업·전문서비스 업체가 문의하시는 법인등기 절차를 다옴법무사사무소가 상담·진행합니다. 정관·주주총회 결의·등기신청서 작성 오류는 보정과 지연으로 이어질 수 있어 사전 점검이 중요합니다. 정관읍, 정관신도시 인근 기업·스타트업·전문서비스 업체가 문의하시는 ",295,cc72f217deb973a2
/정관법인설립등기,법인설립등기을(를) 정관 기준으로 볼 때는 동일 절차라도 등기소·법원 창구가 사건별로 갈릴 수 있습니다. 정관·정관신도시 일대 산업·물류 법인 등기 수요가 있는 지역입니다. 정관 작성·자본금 납입·설립 등기까지 창업 초기 법인 설립 절차를 지원합니다. 상담 시 서류·일정·비용 범위를 항목별로 안내합니다. 법인설립등기을(를) 정관 기준으로 볼 때는 동일 절차라도 등기소·법원 창구가 사건별로 갈릴 수 있습니다. 정관·정관신도시 일대 산업·물류 법인 등기 수요가 있는 지역입니다. 정관 작성·자본금 납입·설립 등기까지 창업 초기 법인 설립 절차를 지원합니다. 상담 시 서류·일정·비용 범위를 항목별로 안내합니다. 정관·정관신도시 일대 산업·물류 법인 등기 수요가 있는 지역입니다. 정관 작성·자본금 납입·설립 등기까지 창업 초기 법인 설립 절차를 지원합니다. 지역별 업무 상황 잔금·인도·대출 실행 일정을 한 줄에 두고 등기 접수를 맞춥니다. 중도금 연체가 있으면 계약 특약을 먼저 확인합니다. ,490,8739db2fa6b158b0
/제주타지역상속인부동산,"제주 토지·주택을 상속받았는데 상속인은 서울·경기·부산 등 육지에 거주하는 경우가 많습니다. 세컨하우스·농지·여러 필지가 섞이면 ‘제주까지 몇 번 가야 하는지’가 핵심 질문이 됩니다. 이 페이지는 경상도 타지역 상속인 안내와 같은 축이되, 제주 부동산·육지 상속인 조합에 맞춘 준비 순서입니다. 제주 토지·주택을 상속받았는데 상속인은 서울·경기·부산 등 육지에 거주하는 경우가 많습니다. 세컨하우스·농지·여러 필지가 섞이면 ‘제주까지 몇 번 가야 하는지’가 핵심 질문이 됩니다. 이 페이지는 경상도 타지역 상속인 안내와 같은 축이되, 제주 부동산·육지 상속인 조합에 맞춘 준비 순서입니다. 제주 토지·주택을 상속받았는데 상속인은 서울·경기·부산 등 육지에 거주하는 경우가 많습니다. 세컨하우스·농지·여러 필지가 섞이면 ‘제주까지 몇 번 가야 하는지’가 핵심 질문이 됩니다. 이 페이지는 경상도 타지역 상속인 안내와 같은 축이되, 제주 부동산·육지 상속인 조합에 맞춘 준비 순서입니다. 상담 시 ",211,030a711dfd0da574
/종교단체사단법인설립,"종교단체 사단법인은 주무관청 설립허가 후 설립등기하는 민법상 비영리법인입니다. 종교단체 등록만으로 법인격이 생기지 않을 수 있으므로, 등기부·종교단체 등록 여부를 구분해 확인하세요. 종교단체 사단법인은 주무관청 설립허가 후 설립등기하는 민법상 비영리법인입니다. 종교단체 등록만으로 법인격이 생기지 않을 수 있으므로, 등기부·종교단체 등록 여부를 구분해 확인하세요. 교회·사찰·성당 등 종교 community는 ‘종교단체’ 등록, ‘사단법인’ 설립, 부동산 등기가 서로 다른 제도입니다. 상담 시 확인하는 내용 종교단체 사단법인 설립 사건은 서류·관할·기한에 따라 진행 순서가 달라집니다. 다옴법무사사무소는 부산 해운대구·센텀에서 상속등기·부동산등기·법인등기·개인회생·파산 등을 다루며, 의뢰인 상황에 맞춰 절차와 비용을 알기 쉽게 설명합니다. 불확실한 부분은 추측으로 단정하지 않고, 확인된 사실을 바탕으로 안내드립니다. 전화·카카오톡·네이버 톡톡으로 간단히 상황을 남겨 주시면 필요한 준비부터",161,04356bcf5cb60faf
/종교재단설립,"종교재단은 보통 민법상 재단법인으로, 주무관청 허가 후 3주 이내 설립등기가 필요합니다. 기부금·세제는 별도 세무 확인이 필요합니다. 종교재단은 보통 민법상 재단법인으로, 주무관청 허가 후 3주 이내 설립등기가 필요합니다. 기부금·세제는 별도 세무 확인이 필요합니다. 종교 관련 기념·장학·복지·교육 사업을 재산 중심으로 운영하려면 민법상 재단법인(종교재단)을 검토하는 경우가 많습니다. 상담 시 확인하는 내용 종교재단 설립 사건은 서류·관할·기한에 따라 진행 순서가 달라집니다. 다옴법무사사무소는 부산 해운대구·센텀에서 상속등기·부동산등기·법인등기·개인회생·파산 등을 다루며, 의뢰인 상황에 맞춰 절차와 비용을 알기 쉽게 설명합니다. 불확실한 부분은 추측으로 단정하지 않고, 확인된 사실을 바탕으로 안내드립니다. 전화·카카오톡·네이버 톡톡으로 간단히 상황을 남겨 주시면 필요한 준비부터 차분히 정리해 드리겠습니다. 교회 사단법인과 무엇이 다른가요? 사단법인은 회원 중심, 재단법인은 출연재산·",140,4f2bb69e81faa260
/좌동법무사,"좌동에서 상속을 논의하다 보면 ‘형제는 모두 동의하지만 집을 누구 명의로 할지 결정하지 못했다’, ‘부모님 채무가 있는지 몰라 상속등기를 먼저 해도 되는지 걱정된다’, ‘세입자의 계약 만료 전에 매도하고 싶다’는 문제가 함께 나옵니다. 상속등기는 사망 사실만으로 자동 완료되지 않으며, 법정상속분대로 등기할지 협의분할로 이전할지를 선택해야 합니다. 채무가 우려될 때는 상속포기·한정승인의 기간과 효과를 부동산 이전보다 먼저 검토할 수 있습니다. 또한 아파트 관리비·임대차 보증금·근저당의 존재는 상속인 사이에서 실제 정산 문제로 이어질 수 있으므로, 등기부와 계약서만이 아니라 재산·채무 목록을 같이 정리하는 편이 좋습니다. 장산역 인근 대단지의 빠른 매도를 목표로 하더라도, 상속인 전원의 서류가 준비되지 않으면 계약 일정에 영향을 줄 수 있음을 미리 안내합니다. 좌동에서는 장산역 신시가지의 대단지 아파트를 볼 때 상속인 협의와 세입자 있는 아파트의 처분 결정를 가족관계증명서·협의분할서·임",724,241709dd4834526f
/좌동상속등기,상속등기을(를) 좌동 기준으로 볼 때는 동일 절차라도 등기소·법원 창구가 사건별로 갈릴 수 있습니다. 좌동 대단지 아파트 상속·매매 등기가 많은 동입니다. 피상속인 사망 후 부동산·토지 등기명의를 상속인 명의로 이전하는 절차입니다. 부산 전역 아파트·상가·토지 상속 사건을 다룹니다. 상담 시 서류·일정·비용 범위를 항목별로 안내합니다. 상속등기을(를) 좌동 기준으로 볼 때는 동일 절차라도 등기소·법원 창구가 사건별로 갈릴 수 있습니다. 좌동 대단지 아파트 상속·매매 등기가 많은 동입니다. 피상속인 사망 후 부동산·토지 등기명의를 상속인 명의로 이전하는 절차입니다. 부산 전역 아파트·상가·토지 상속 사건을 다룹니다. 상담 시 서류·일정·비용 범위를 항목별로 안내합니다. 좌동 대단지 아파트 상속·매매 등기가 많은 동입니다. 피상속인 사망 후 부동산·토지 등기명의를 상속인 명의로 이전하는 절차입니다. 부산 전역 아파트·상가·토지 상속 사건을 다룹니다. 지역별 업무 상황 전자등기 가능 사건,492,9b761a493a3c52d2
/좌동소유권이전등기,"좌동에서 소유권이전등기을(를) 진행하려면 관할 확인 후 서류 체크리스트부터 잡는 편이 안전합니다. 좌동 대단지 아파트 상속·매매 등기가 많은 동입니다. 부동산 매매·증여 등으로 소유권을 이전하는 등기입니다. 취득세 신고와 일정을 맞춥니다. 상담 시 서류·일정·비용 범위를 항목별로 안내합니다. 좌동에서 소유권이전등기을(를) 진행하려면 관할 확인 후 서류 체크리스트부터 잡는 편이 안전합니다. 좌동 대단지 아파트 상속·매매 등기가 많은 동입니다. 부동산 매매·증여 등으로 소유권을 이전하는 등기입니다. 취득세 신고와 일정을 맞춥니다. 상담 시 서류·일정·비용 범위를 항목별로 안내합니다. 좌동 대단지 아파트 상속·매매 등기가 많은 동입니다. 부동산 매매·증여 등으로 소유권을 이전하는 등기입니다. 취득세 신고와 일정을 맞춥니다. 지역별 업무 상황 법인 결의·취임승낙·인감 원본을 대조하고, 과태료 기한을 결의일부터 역산합니다. 산업단지·재개발·재건축처럼 특수한 권리관계는 일반 매매 체크리스트와 ",465,48ef61dfc0e8bbd7
/주례동법무사,"주례동에서는 ‘상가 페이지를 보고 왔는데 우리 집은 아파트다’, ‘모라동 집을 형제 공동명의로 둘지 한 사람에게 몰아줄지’, ‘학장동 전세 끼고 매도하려 한다’는 문의가 있습니다. 공동명의 유지는 처분·대출 때 서명이 늘어나고, 전세 승계 매매는 특약이 핵심입니다. 상속채무가 불명확하면 상속등기보다 한정승인·상속포기 기한을 먼저 검토할 수 있으며, 이미 매매 계약을 체결한 뒤에는 원인과 일정이 충돌하지 않게 순서를 다시 잡아야 합니다. 주례동에서는 주례·학장·모라의 사상 내륙 주거와 학교·단지 생활권를 볼 때 상속 후 실거주·임대·매도 중 선택를 협의서·등기부·임대차·매매계약서와 맞춰 확인합니다. 다옴법무사사무소는 해운대 센텀에서 상담합니다. 주례동에서는 ‘상가 페이지를 보고 왔는데 우리 집은 아파트다’, ‘모라동 집을 형제 공동명의로 둘지 한 사람에게 몰아줄지’, ‘학장동 전세 끼고 매도하려 한다’는 문의가 있습니다. 공동명의 유지는 처분·대출 때 서명이 늘어나고, 전세 승계 매매",471,7f8dcfe082307825
/주무관청허가후설립등기,"주무관청 허가 후 설립등기는 허가서와 정관·의사록을 기준으로 준비하며, 법무사는 이 단계의 서류 작성·검토·접수를 지원합니다. 주무관청 허가 후 설립등기는 허가서와 정관·의사록을 기준으로 준비하며, 법무사는 이 단계의 서류 작성·검토·접수를 지원합니다. 민법상 비영리법인은 설립허가와 법인설립등기가 분리된 두 단계입니다. 상담 시 확인하는 내용 주무관청 허가 후 설립등기 사건은 서류·관할·기한에 따라 진행 순서가 달라집니다. 다옴법무사사무소는 부산 해운대구·센텀에서 상속등기·부동산등기·법인등기·개인회생·파산 등을 다루며, 의뢰인 상황에 맞춰 절차와 비용을 알기 쉽게 설명합니다. 불확실한 부분은 추측으로 단정하지 않고, 확인된 사실을 바탕으로 안내드립니다. 전화·카카오톡·네이버 톡톡으로 간단히 상황을 남겨 주시면 필요한 준비부터 차분히 정리해 드리겠습니다. 협동조합도 허가 후 등기인가요? 일반협동조합은 창립총회 후 등기하고, 사회적협동조합은 인가 후 등기합니다. `/부산협동조합설립등기`",136,da905a57983d7bfd
/중구법무사,중구에서 법무사를 찾으시면 남포·광복·중앙 원도심 상가와 소규모 법인 본점 주소를 이 페이지에서 나누시면 됩니다. 오래된 건물은 토지·건물 명의와 표시가 어긋난 경우가 있습니다. 다옴법무사사무소는 해운대 센텀에서 중구 사건을 상담합니다. 중구에서 법무사를 찾으시면 남포·광복·중앙 원도심 상가와 소규모 법인 본점 주소를 이 페이지에서 나누시면 됩니다. 오래된 건물은 토지·건물 명의와 표시가 어긋난 경우가 있습니다. 다옴법무사사무소는 해운대 센텀에서 중구 사건을 상담합니다. 이 페이지에서는 상가 부동산등기와 법인 주소·상속을 중심으로 설명합니다. 중구 부동산등기는 부산지방법원 등기국 관할입니다. 남포동 전용 안내가 있으면 상가 생활권은 그 페이지를 함께 보시면 됩니다. 이 페이지에서 다루는 중구 업무 통계로 ‘많다’고 단정하지 않습니다. 중구 검색 의도에 맞춰 아래 업무를 중심으로 안내합니다. 상가 등기: 원도심 점포·건물 부동산등기: 매매·이전 상속등기: 오래된 건물 명의 남포동: 남,599,9c86c1063c9997f7
/중구법인등기,"중구(중앙·남포·광복·영주 일대) 법인등기는 원도심 본점·상점가·관광 상권 법인이 많습니다. 본점 이전·상호·목적 변경과 임원 교체가 자주 겹칩니다. 중구(중앙·남포·광복·영주 일대) 법인등기는 원도심 본점·상점가·관광 상권 법인이 많습니다. 본점 이전·상호·목적 변경과 임원 교체가 자주 겹칩니다. 중구(중앙·남포·광복·영주 일대) 법인등기는 원도심 본점·상점가·관광 상권 법인이 많습니다. 본점 이전·상호·목적 변경과 임원 교체가 자주 겹칩니다. 중구 법인등기에서 자주 하는 일 설립보다 임원변경·본점이전·목적변경 비중이 높은 편입니다. 변경 사유와 결의일을 먼저 알려 주시면 서류 목록이 정해집니다. 원도심 본점 포인트 오래된 상호·목적 문구는 현재 업종과 맞는지 점검합니다. 주소 정정·이전은 임대차 계약과 일정을 맞춥니다. 비용·기한 변경 건수·공증·과태료 여부에 따라 달라집니다. 항목별로 설명합니다. 관련 허브로 이어가기 중구 법인등기 세부 안내는 이 페이지에서, 업무 선택·비교는",244,ecb94ceae49d69c6
/중구법인설립등기,중구 법인설립등기 문의는 소재지·채무·협의 상태에 따라 준비 순서가 달라집니다. 부산 원도심·국제시장·보수동 일대 상가·주택 상속·등기 수요가 있는 구입니다. 정관 작성·자본금 납입·설립 등기까지 창업 초기 법인 설립 절차를 지원합니다. 상담 시 서류·일정·비용 범위를 항목별로 안내합니다. 중구 법인설립등기 문의는 소재지·채무·협의 상태에 따라 준비 순서가 달라집니다. 부산 원도심·국제시장·보수동 일대 상가·주택 상속·등기 수요가 있는 구입니다. 정관 작성·자본금 납입·설립 등기까지 창업 초기 법인 설립 절차를 지원합니다. 상담 시 서류·일정·비용 범위를 항목별로 안내합니다. 부산 원도심·국제시장·보수동 일대 상가·주택 상속·등기 수요가 있는 구입니다. 정관 작성·자본금 납입·설립 등기까지 창업 초기 법인 설립 절차를 지원합니다. 지역별 업무 상황 등기원인 문구와 검인·취득세 완납 증빙이 일치하는지 접수 직전에 재확인합니다. 공동매수면 지분 표기를 맞춥니다. 수임·등록면허세·지방교육,457,5365a6ff3eaa2c59
/중구부동산등기,부동산등기을(를) 중구 기준으로 볼 때는 동일 절차라도 등기소·법원 창구가 사건별로 갈릴 수 있습니다. 부산 원도심·국제시장·보수동 일대 상가·주택 상속·등기 수요가 있는 구입니다. 매매·증여·상속 등 원인별 부동산 등기 전반을 다룹니다. 관할 등기소 확인이 우선입니다. 상담 시 서류·일정·비용 범위를 항목별로 안내합니다. 부동산등기을(를) 중구 기준으로 볼 때는 동일 절차라도 등기소·법원 창구가 사건별로 갈릴 수 있습니다. 부산 원도심·국제시장·보수동 일대 상가·주택 상속·등기 수요가 있는 구입니다. 매매·증여·상속 등 원인별 부동산 등기 전반을 다룹니다. 관할 등기소 확인이 우선입니다. 상담 시 서류·일정·비용 범위를 항목별로 안내합니다. 부산 원도심·국제시장·보수동 일대 상가·주택 상속·등기 수요가 있는 구입니다. 매매·증여·상속 등 원인별 부동산 등기 전반을 다룹니다. 관할 등기소 확인이 우선입니다. 지역별 업무 상황 전자등기 가능 사건과 방문 열람이 필요한 사건을 분리해 일,502,57a627b845407746
/중구상속등기,"중구 상속등기는 원도심 주택·상가 명의이전과 공동상속·협의가 함께 있는 경우가 많습니다. 등기 전에 단순승인·한정승인·포기 여부를 먼저 가리는 것이 안전합니다. 중구 상속등기는 원도심 주택·상가 명의이전과 공동상속·협의가 함께 있는 경우가 많습니다. 등기 전에 단순승인·한정승인·포기 여부를 먼저 가리는 것이 안전합니다. 중구 상속등기는 원도심 주택·상가 명의이전과 공동상속·협의가 함께 있는 경우가 많습니다. 등기 전에 단순승인·한정승인·포기 여부를 먼저 가리는 것이 안전합니다. 중구 상속등기 전 분기 채무가 불분명하면 한정승인·포기를 먼저, 채무 우려가 없고 명의이전만 필요하면 상속등기 서류로 갑니다. 원도심 상속부동산 포인트 오래된 등기·공유지분·상가 임차가 있으면 협의서와 말소·승계 순서를 함께 설계합니다. 비용·기한 상속인 수·부동산 수·협의 여부에 따라 수임·세금이 달라집니다. 포기·한정승인 3개월 기한은 별도입니다. 관련 허브로 이어가기 중구 상속등기 세부 안내는 이 페이지",239,c28abf54d486b7ed
/중구상속포기,상속포기을(를) 중구 기준으로 볼 때는 동일 절차라도 등기소·법원 창구가 사건별로 갈릴 수 있습니다. 부산 원도심·국제시장·보수동 일대 상가·주택 상속·등기 수요가 있는 구입니다. 상속 재산보다 채무가 많을 때 상속을 포기하는 가사 신고 절차입니다. 부산가정법원 관할 사건을 안내합니다. 상담 시 서류·일정·비용 범위를 항목별로 안내합니다. 상속포기을(를) 중구 기준으로 볼 때는 동일 절차라도 등기소·법원 창구가 사건별로 갈릴 수 있습니다. 부산 원도심·국제시장·보수동 일대 상가·주택 상속·등기 수요가 있는 구입니다. 상속 재산보다 채무가 많을 때 상속을 포기하는 가사 신고 절차입니다. 부산가정법원 관할 사건을 안내합니다. 상담 시 서류·일정·비용 범위를 항목별로 안내합니다. 부산 원도심·국제시장·보수동 일대 상가·주택 상속·등기 수요가 있는 구입니다. 상속 재산보다 채무가 많을 때 상속을 포기하는 가사 신고 절차입니다. 부산가정법원 관할 사건을 안내합니다. 지역별 업무 상황 다수 필,510,e7ad6794e2486959
/중구임원변경등기,중구에서 임원변경등기을(를) 진행하려면 관할 확인 후 서류 체크리스트부터 잡는 편이 안전합니다. 부산 원도심·국제시장·보수동 일대 상가·주택 상속·등기 수요가 있는 구입니다. 대표이사·이사·감사 변경에 따른 법인 등기입니다. 결의일로부터 등기 기한 준수가 중요합니다. 상담 시 서류·일정·비용 범위를 항목별로 안내합니다. 중구에서 임원변경등기을(를) 진행하려면 관할 확인 후 서류 체크리스트부터 잡는 편이 안전합니다. 부산 원도심·국제시장·보수동 일대 상가·주택 상속·등기 수요가 있는 구입니다. 대표이사·이사·감사 변경에 따른 법인 등기입니다. 결의일로부터 등기 기한 준수가 중요합니다. 상담 시 서류·일정·비용 범위를 항목별로 안내합니다. 부산 원도심·국제시장·보수동 일대 상가·주택 상속·등기 수요가 있는 구입니다. 대표이사·이사·감사 변경에 따른 법인 등기입니다. 결의일로부터 등기 기한 준수가 중요합니다. 지역별 업무 상황 산업단지·재개발·재건축처럼 특수한 권리관계는 일반 매매 체크리,479,1be840f95cedf12d
/중구한정승인,중구 한정승인 문의는 소재지·채무·협의 상태에 따라 준비 순서가 달라집니다. 부산 원도심·국제시장·보수동 일대 상가·주택 상속·등기 수요가 있는 구입니다. 상속 재산 범위 내에서만 채무를 변제하고 상속을 승인하는 절차입니다. 채무 조사 후 상속등기와 연계됩니다. 상담 시 서류·일정·비용 범위를 항목별로 안내합니다. 중구 한정승인 문의는 소재지·채무·협의 상태에 따라 준비 순서가 달라집니다. 부산 원도심·국제시장·보수동 일대 상가·주택 상속·등기 수요가 있는 구입니다. 상속 재산 범위 내에서만 채무를 변제하고 상속을 승인하는 절차입니다. 채무 조사 후 상속등기와 연계됩니다. 상담 시 서류·일정·비용 범위를 항목별로 안내합니다. 부산 원도심·국제시장·보수동 일대 상가·주택 상속·등기 수요가 있는 구입니다. 상속 재산 범위 내에서만 채무를 변제하고 상속을 승인하는 절차입니다. 채무 조사 후 상속등기와 연계됩니다. 지역별 업무 상황 수임·등록면허세·지방교육세·수수료 칸을 나눈 견적 초안을 ,457,585e0c9dd0440d30
/중동법무사,"해운대 중동 법무사를 찾으시면 해운대역·해운대해수욕장 중동 상권의 상가·오피스텔·주택 등기를 이 페이지에서 보시면 됩니다. 중구 원도심(남포·광복)과는 다른 생활권입니다. 해운대 중동 법무사를 찾으시면 해운대역·해운대해수욕장 중동 상권의 상가·오피스텔·주택 등기를 이 페이지에서 보시면 됩니다. 중구 원도심(남포·광복)과는 다른 생활권입니다. 해운대 중동 법무사를 찾으시면 해운대역·해운대해수욕장 중동 상권의 상가·오피스텔·주택 등기를 이 페이지에서 보시면 됩니다. 중구 원도심(남포·광복)과는 다른 생활권입니다. 해운대 중동과 우동·중구의 구분 중동은 해운대역 상권·해변 인접 주거가 중심입니다. 중구 법무사 안내는 남포·광복 원도심이고, 이 페이지의 중동은 해운대구 중동입니다. 해운대역 상가·오피스텔 등기 상가·오피스텔 매매는 임대차 승계·전세권·근저당 순위를 잔금 전에 확인합니다. 구 전체 매매 실무는 해운대구 부동산등기 안내와 함께 보시면 됩니다. 송정·우동과의 생활권 분기 송정은 ",255,20cc31f382d627a2
/중동부동산등기,부동산등기을(를) 중동 기준으로 볼 때는 동일 절차라도 등기소·법원 창구가 사건별로 갈릴 수 있습니다. 해운대 해수욕장·중동 상권 인근 부동산 등기 수요가 있습니다. 매매·증여·상속 등 원인별 부동산 등기 전반을 다룹니다. 관할 등기소 확인이 우선입니다. 상담 시 서류·일정·비용 범위를 항목별로 안내합니다. 부동산등기을(를) 중동 기준으로 볼 때는 동일 절차라도 등기소·법원 창구가 사건별로 갈릴 수 있습니다. 해운대 해수욕장·중동 상권 인근 부동산 등기 수요가 있습니다. 매매·증여·상속 등 원인별 부동산 등기 전반을 다룹니다. 관할 등기소 확인이 우선입니다. 상담 시 서류·일정·비용 범위를 항목별로 안내합니다. 해운대 해수욕장·중동 상권 인근 부동산 등기 수요가 있습니다. 매매·증여·상속 등 원인별 부동산 등기 전반을 다룹니다. 관할 등기소 확인이 우선입니다. 지역별 업무 상황 다수 필지·다수 계좌면 목록 번호를 매겨 누락을 줄입니다. 완료 후 등기필정보 전달 방식을 정합니다. 상속,484,d490fa764db5bba0
/중부산등기소법무사,"중부산등기소(통합) 관련 절차를 앞두고 계신가요? 중부산등기소는 2021년부터 부산지방법원 등기국으로 통합되었습니다. 동래·연제 등 기존 관할 부동산등기는 등기국에서 접수합니다. 이 페이지는 옛 명칭 검색자를 위한 안내입니다. 방문 전에 관할, 서류, 신청 순서를 미리 확인하는 것이 중요합니다. 다옴법무사사무소는 부산 해운대 센텀에 있으며, 온천동, 명륜동 일대를 포함해 중부산등기소(통합) 접수 전 상담·서류 준비·대리 접수를 도와드립니다. 본 페이지는 공식 기관 사이트가 아니며, 실무상 접수 절차와 준비서류를 법무사 관점에서 안내합니다. 중부산등기소(통합) 관련 절차를 앞두고 계신가요? 중부산등기소는 2021년부터 부산지방법원 등기국으로 통합되었습니다. 동래·연제 등 기존 관할 부동산등기는 등기국에서 접수합니다. 이 페이지는 옛 명칭 검색자를 위한 안내입니다. 방문 전에 관할, 서류, 신청 순서를 미리 확인하는 것이 중요합니다. 다옴법무사사무소는 부산 해운대 센텀에 있으며, 온천동",356,5286434d297280bf
/중부산등기소법인등기,중부산등기소와(과) 관련된 법인등기 사건은 관할과 제출 서류를 먼저 맞추는 것이 중요합니다. 동래·연제·북구 일부 부동산·법인 등기 관할 등기소입니다. 주식회사·유한회사 등 법인의 설립 이후 변경·이전 등기를 처리합니다. 센텀·서면 일대 법인 설립·임원변경·본점이전을 안내합니다. 중부산등기소와(과) 관련된 법인등기 사건은 관할과 제출 서류를 먼저 맞추는 것이 중요합니다. 동래·연제·북구 일부 부동산·법인 등기 관할 등기소입니다. 주식회사·유한회사 등 법인의 설립 이후 변경·이전 등기를 처리합니다. 센텀·서면 일대 법인 설립·임원변경·본점이전을 안내합니다. 부산광역시 전역 상속등기·부동산등기·법인등기·개인회생·파산 등 법무사 업무를 다루는 핵심 지역입니다. 주식회사·유한회사 등 법인의 설립 이후 변경·이전 등기를 처리합니다. 센텀·서면 일대 법인 설립·임원변경·본점이전을 안내합니다. 관할 확인 산업단지·재개발·재건축처럼 특수한 권리관계는 일반 매매 체크리스트와 항목을 나눕니다. 말소할,479,683370476fdb5017
/중부산등기소부동산등기,중부산등기소와(과) 관련된 부동산등기 사건은 관할과 제출 서류를 먼저 맞추는 것이 중요합니다. 동래·연제·북구 일부 부동산·법인 등기 관할 등기소입니다. 매매·증여·상속 등 원인별 부동산 등기 전반을 다룹니다. 관할 등기소 확인이 우선입니다. 중부산등기소와(과) 관련된 부동산등기 사건은 관할과 제출 서류를 먼저 맞추는 것이 중요합니다. 동래·연제·북구 일부 부동산·법인 등기 관할 등기소입니다. 매매·증여·상속 등 원인별 부동산 등기 전반을 다룹니다. 관할 등기소 확인이 우선입니다. 부산광역시 전역 상속등기·부동산등기·법인등기·개인회생·파산 등 법무사 업무를 다루는 핵심 지역입니다. 매매·증여·상속 등 원인별 부동산 등기 전반을 다룹니다. 관할 등기소 확인이 우선입니다. 관할 확인 등기원인 문구와 검인·취득세 완납 증빙이 일치하는지 접수 직전에 재확인합니다. 공동매수면 지분 표기를 맞춥니다. 수임·등록면허세·지방교육세·수수료 칸을 나눈 견적 초안을 상담 후 공유합니다. 추가 보정 비용,452,433914577ec65a77
/중부산등기소임원변경등기,중부산등기소와(과) 관련된 임원변경등기 사건은 관할과 제출 서류를 먼저 맞추는 것이 중요합니다. 동래·연제·북구 일부 부동산·법인 등기 관할 등기소입니다. 대표이사·이사·감사 변경에 따른 법인 등기입니다. 결의일로부터 등기 기한 준수가 중요합니다. 중부산등기소와(과) 관련된 임원변경등기 사건은 관할과 제출 서류를 먼저 맞추는 것이 중요합니다. 동래·연제·북구 일부 부동산·법인 등기 관할 등기소입니다. 대표이사·이사·감사 변경에 따른 법인 등기입니다. 결의일로부터 등기 기한 준수가 중요합니다. 부산광역시 전역 상속등기·부동산등기·법인등기·개인회생·파산 등 법무사 업무를 다루는 핵심 지역입니다. 대표이사·이사·감사 변경에 따른 법인 등기입니다. 결의일로부터 등기 기한 준수가 중요합니다. 관할 확인 상속 승인 방식(단순·한정·포기)을 등기 일정과 분리해 먼저 가립니다. 3개월 기한을 별도 표시합니다. 잔금·인도·대출 실행 일정을 한 줄에 두고 등기 접수를 맞춥니다. 중도금 연체가 있으면 ,472,b6b73de547327c73
/증여등기과태료,증여등기 과태료 관련 안내는 지연 등기·신고가 문제될 수 있는 조건을 중심으로 봅니다. 이미 기한이 지난 경우에도 다음 조치 선택지를 상담에서 정리합니다. 증여를 원인으로 한 부동산 소유권 이전 등기입니다. 증여세·취득세 신고와 연계됩니다. 다옴법무사사무소는 부산 전역 사건을 다루며 과태료 관련 범위를 항목별로 정리합니다. 증여등기 과태료 관련 안내는 지연 등기·신고가 문제될 수 있는 조건을 중심으로 봅니다. 이미 기한이 지난 경우에도 다음 조치 선택지를 상담에서 정리합니다. 증여를 원인으로 한 부동산 소유권 이전 등기입니다. 증여세·취득세 신고와 연계됩니다. 다옴법무사사무소는 부산 전역 사건을 다루며 과태료 관련 범위를 항목별로 정리합니다. 부산은 관할 법원·등기소가 사건별로 달라 사전 정리가 중요한 지역입니다. 증여를 원인으로 한 부동산 소유권 이전 등기입니다. 증여세·취득세 신고와 연계됩니다. 비용이 달라지는 이유 상속 승인 방식(단순·한정·포기)을 등기 일정과 분리해 먼저 가,493,3affab3b2eed41f9
/증여등기기간,"증여등기 소요 기간 안내는 서류 수집·접수·보정·완료까지 일반적인 흐름을 구간별로 설명합니다. 사건마다 달라 단정 일정을 약속하지 않으며, 병목 구간을 미리 알려 드립니다. 증여를 원인으로 한 부동산 소유권 이전 등기입니다. 증여세·취득세 신고와 연계됩니다. 다옴법무사사무소는 부산 전역 사건을 다루며 기간 관련 범위를 항목별로 정리합니다. 증여등기 소요 기간 안내는 서류 수집·접수·보정·완료까지 일반적인 흐름을 구간별로 설명합니다. 사건마다 달라 단정 일정을 약속하지 않으며, 병목 구간을 미리 알려 드립니다. 증여를 원인으로 한 부동산 소유권 이전 등기입니다. 증여세·취득세 신고와 연계됩니다. 다옴법무사사무소는 부산 전역 사건을 다루며 기간 관련 범위를 항목별로 정리합니다. 부산은 관할 법원·등기소가 사건별로 달라 사전 정리가 중요한 지역입니다. 증여를 원인으로 한 부동산 소유권 이전 등기입니다. 증여세·취득세 신고와 연계됩니다. 법정 기한 이미 소송·가압류가 있으면 등기 가능 시점",528,1e2c7240bc90b7bf
/증여등기기한,"기한만 보고 단정하기보다, 증여등기의 사실관계·기한·관할을 먼저 나눠 보는 것이 실무적입니다. 증여를 원인으로 한 부동산 소유권 이전 등기입니다. 증여세·취득세 신고와 연계됩니다. 다옴법무사사무소는 부산 전역 사건을 다루며 기한 관련 범위를 항목별로 정리합니다. 기한만 보고 단정하기보다, 증여등기의 사실관계·기한·관할을 먼저 나눠 보는 것이 실무적입니다. 증여를 원인으로 한 부동산 소유권 이전 등기입니다. 증여세·취득세 신고와 연계됩니다. 다옴법무사사무소는 부산 전역 사건을 다루며 기한 관련 범위를 항목별로 정리합니다. 부산은 관할 법원·등기소가 사건별로 달라 사전 정리가 중요한 지역입니다. 증여를 원인으로 한 부동산 소유권 이전 등기입니다. 증여세·취득세 신고와 연계됩니다. 법정 기한 회생·파산 경로에서는 소득·재산·채무 목록 정합성을 신청서 품질의 기준으로 둡니다. 등기원인 문구와 검인·취득세 완납 증빙이 일치하는지 접수 직전에 재확인합니다. 공동매수면 지분 표기를 맞춥니다. 수",478,42e53ef90cf3c3d0
/증여등기보수표,"증여등기 보수표 안내는 협회·일반 보수 체계를 참고 기준으로 설명합니다. 실제 수임은 사건 난이도에 따라 조정될 수 있어, 보수표=최종 견적이 아닙니다. 비용 구성(세금·수수료)과 보수표를 혼동하지 않도록 이 페이지에서는 보수 기준 쪽에 초점을 둡니다. 증여를 원인으로 한 부동산 소유권 이전 등기입니다. 증여세·취득세 신고와 연계됩니다. 다옴법무사사무소는 부산 전역 사건을 다루며 보수표 관련 범위를 항목별로 정리합니다. 증여등기 보수표 안내는 협회·일반 보수 체계를 참고 기준으로 설명합니다. 실제 수임은 사건 난이도에 따라 조정될 수 있어, 보수표=최종 견적이 아닙니다. 비용 구성(세금·수수료)과 보수표를 혼동하지 않도록 이 페이지에서는 보수 기준 쪽에 초점을 둡니다. 증여를 원인으로 한 부동산 소유권 이전 등기입니다. 증여세·취득세 신고와 연계됩니다. 다옴법무사사무소는 부산 전역 사건을 다루며 보수표 관련 범위를 항목별로 정리합니다. 부산은 관할 법원·등기소가 사건별로 달라 사전 ",529,e8209cf67849bfd8
/증여등기비용,"증여등기 비용은 증여 가액·부동산 종류·수증자 수에 따라 달라집니다. 증여세 확정 계산은 세무 영역이며, 이 페이지는 등기 보수와 취득 관련 공과금을 구분합니다. 증여등기 비용은 증여 가액·부동산 종류·수증자 수에 따라 달라집니다. 증여세 확정 계산은 세무 영역이며, 이 페이지는 등기 보수와 취득 관련 공과금을 구분합니다. 증여등기 비용은 증여 가액·부동산 종류·수증자 수에 따라 달라집니다. 증여세 확정 계산은 세무 영역이며, 이 페이지는 등기 보수와 취득 관련 공과금을 구분합니다. 증여등기에서 세금 혼동을 줄이는 법 증여세와 취득세, 법무사 보수는 각각 다른 항목입니다. 세무 확정은 세무사 확인이 필요할 수 있습니다. 검색 의도별 다음 안내 증여등기 비용 관련해서는 허브 페이지에서 절차를 고른 뒤, 필요하면 상담으로 이어가면 됩니다. 상담 시 확인하는 내용 증여등기 비용 사건은 서류·관할·기한에 따라 진행 순서가 달라집니다. 다옴법무사사무소는 부산 해운대구·센텀에서 상속등기·부동산",241,bb707a98679d09c4
/증여등기준비서류,"준비서류만 보고 단정하기보다, 증여등기의 사실관계·기한·관할을 먼저 나눠 보는 것이 실무적입니다. 증여를 원인으로 한 부동산 소유권 이전 등기입니다. 증여세·취득세 신고와 연계됩니다. 다옴법무사사무소는 부산 전역 사건을 다루며 준비서류 관련 범위를 항목별로 정리합니다. 준비서류만 보고 단정하기보다, 증여등기의 사실관계·기한·관할을 먼저 나눠 보는 것이 실무적입니다. 증여를 원인으로 한 부동산 소유권 이전 등기입니다. 증여세·취득세 신고와 연계됩니다. 다옴법무사사무소는 부산 전역 사건을 다루며 준비서류 관련 범위를 항목별로 정리합니다. 부산은 관할 법원·등기소가 사건별로 달라 사전 정리가 중요한 지역입니다. 증여를 원인으로 한 부동산 소유권 이전 등기입니다. 증여세·취득세 신고와 연계됩니다. 필수 서류 말소할 근저당·전세권 목록을 본등기 신청서와 같은 묶음으로 준비합니다. 채권자 협의 필요 여부를 표시합니다. 미성년·해외·연락두절 당사자가 있으면 위임·특별대리·공시송달 검토 여부를 체",503,440feff6eb5e5bdc
/증여등기필요서류,"필요서류만 보고 단정하기보다, 증여등기의 사실관계·기한·관할을 먼저 나눠 보는 것이 실무적입니다. 증여를 원인으로 한 부동산 소유권 이전 등기입니다. 증여세·취득세 신고와 연계됩니다. 다옴법무사사무소는 부산 전역 사건을 다루며 필요서류 관련 범위를 항목별로 정리합니다. 필요서류만 보고 단정하기보다, 증여등기의 사실관계·기한·관할을 먼저 나눠 보는 것이 실무적입니다. 증여를 원인으로 한 부동산 소유권 이전 등기입니다. 증여세·취득세 신고와 연계됩니다. 다옴법무사사무소는 부산 전역 사건을 다루며 필요서류 관련 범위를 항목별로 정리합니다. 부산은 관할 법원·등기소가 사건별로 달라 사전 정리가 중요한 지역입니다. 증여를 원인으로 한 부동산 소유권 이전 등기입니다. 증여세·취득세 신고와 연계됩니다. 필수 서류 잔금·인도·대출 실행 일정을 한 줄에 두고 등기 접수를 맞춥니다. 중도금 연체가 있으면 계약 특약을 먼저 확인합니다. 전자등기 가능 사건과 방문 열람이 필요한 사건을 분리해 일정을 잡습",504,617762da3bf70205
/증축후건물표시변경등기,"증축 후 건축물대장이 바뀌면 등기부 건물표시변경을 검토하세요. 명의인 변경이 아니라 건물 표시를 맞추는 등기입니다. 증축 후 건축물대장이 바뀌면 등기부 건물표시변경을 검토하세요. 명의인 변경이 아니라 건물 표시를 맞추는 등기입니다. 증축으로 건축물대장상 면적·층수·구조가 바뀌면, 등기부 건물 표시도 그에 맞게 변경해야 이후 매매·담보가 원활합니다. 비용 안내 비용은 변경 표시 항목 수, 별동 보존 동반 여부, 집합건물 전유·공용 범위 등에 따라 달라질 수 있습니다. 관할·접근 안내 부동산 소재지 관할 등기소 기준으로 접수하며, 부산 해운대·센텀 다옴법무사사무소에서 상담·수임을 진행합니다. 사무소: 부산광역시 해운대구 센텀동로 200 D동 1층 LAB9호 법무사는 부동산등기(건물·토지) 신청·서류 작성·접수 대리 등 등기 관련 업무를 지원합니다. 건축 인허가·철거 공사·세무·소송대리는 별도 전문 영역이며, 사안별로 지원 범위를 확인합니다. 결과를 보장하거나 ‘무조건 해결’로 안내하지 ",234,5efe96a415b35813
/지급명령이의신청준비,"지급명령 서류를 받으면 ‘이의신청을 해야 하나’부터 검색하는 경우가 많습니다. 이 페이지는 법무사라는 직역명보다, 송달일·이의기간·청구 내용을 어떻게 정리할지에 맞춥니다. 지급명령 서류를 받으면 ‘이의신청을 해야 하나’부터 검색하는 경우가 많습니다. 이 페이지는 법무사라는 직역명보다, 송달일·이의기간·청구 내용을 어떻게 정리할지에 맞춥니다. 지급명령 서류를 받으면 ‘이의신청을 해야 하나’부터 검색하는 경우가 많습니다. 이 페이지는 법무사라는 직역명보다, 송달일·이의기간·청구 내용을 어떻게 정리할지에 맞춥니다. 상담 시 확인하는 내용 지급명령 이의신청 준비 사건은 서류·관할·기한에 따라 진행 순서가 달라집니다. 다옴법무사사무소는 부산 해운대구·센텀에서 상속등기·부동산등기·법인등기·개인회생·파산 등을 다루며, 의뢰인 상황에 맞춰 절차와 비용을 알기 쉽게 설명합니다. 불확실한 부분은 추측으로 단정하지 않고, 확인된 사실을 바탕으로 안내드립니다. 전화·카카오톡·네이버 톡톡으로 간단히 상황을",203,591af21d4bd6c4cf
/지급명령자가진단,대여금·물품대금을 못 받았을 때 지급명령이 가능한지 서류 기준으로 먼저 확인해 보세요. 대여금·물품대금을 못 받았을 때 지급명령이 가능한지 서류 기준으로 먼저 확인해 보세요. 대여금·물품대금을 못 받았을 때 지급명령이 가능한지 서류 기준으로 먼저 확인해 보세요. 지급명령은 돈 못 받았을 때 법원에 간단한 절차로 독촉·집행을 받는 제도입니다. 소장에 비해 비용·기간이 짧은 편이지만 요건이 있습니다. 자가진단 결과 안내 지급명령 자가진단은 채권 원인·증빙·상대방 특정 가능 여부를 봅니다. 증빙이 약하면 내용증명·소장 검토 쪽으로 안내됩니다. 소멸시효·상계 가능성 태그가 있으면 검토 필요 단계가 나옵니다. 지급명령 기본 개념 지급명령은 돈 못 받았을 때 법원에 간단한 절차로 독촉·집행을 받는 제도입니다. 소장에 비해 비용·기간이 짧은 편이지만 요건이 있습니다. 차용증·계약서·카카오톡·이체 내역 등으로 채권 발생을 설명할 수 있어야 합니다. 구두 약정만 있으면 입증이 어려울 수 있습니다. ,472,f9c80f08d5d74f5c
/지방공기업등기,"지방공기업 등기 검색 시, 키워드만 보고 결정하기보다 지방공기업 등기에 맞는 서류·기한·관할·비용을 먼저 확인하는 것이 안전합니다. 지방공기업 등기 검색 시, 키워드만 보고 결정하기보다 지방공기업 등기에 맞는 서류·기한·관할·비용을 먼저 확인하는 것이 안전합니다. 지방공기업 등기 검색 시, 키워드만 보고 결정하기보다 지방공기업 등기에 맞는 서류·기한·관할·비용을 먼저 확인하는 것이 안전합니다. 상담 시 확인하는 내용 지방공기업 등기 사건은 서류·관할·기한에 따라 진행 순서가 달라집니다. 다옴법무사사무소는 부산 해운대구·센텀에서 상속등기·부동산등기·법인등기·개인회생·파산 등을 다루며, 의뢰인 상황에 맞춰 절차와 비용을 알기 쉽게 설명합니다. 불확실한 부분은 추측으로 단정하지 않고, 확인된 사실을 바탕으로 안내드립니다. 전화·카카오톡·네이버 톡톡으로 간단히 상황을 남겨 주시면 필요한 준비부터 차분히 정리해 드리겠습니다. 지방공사와 시 공유재산을 같은 건으로 봐도 되나요? 등기 주체와 재",154,4f360ed51dcc2c9a
/지식산업센터보존등기,"지식산업센터 보존등기는 집합형 전유·공용·대지권과 시행·분양 명의를 기준으로 정리하세요. 일반 공장 보존과 서류 축이 다릅니다. 지식산업센터 보존등기는 집합형 전유·공용·대지권과 시행·분양 명의를 기준으로 정리하세요. 일반 공장 보존과 서류 축이 다릅니다. 지식산업센터는 일반 공장 보존과 달리 집합건물형 전유·공용·대지권 구조가 섞이는 경우가 많습니다. 비용 안내 비용은 전유 호실 수·일괄 여부, 신탁·대리 구조, 담보·집단등기 동반 등에 따라 달라질 수 있습니다. 관할·접근 안내 부동산 소재지 관할 등기소 기준으로 접수하며, 부산 해운대·센텀 다옴법무사사무소에서 상담·수임을 진행합니다. 사무소: 부산광역시 해운대구 센텀동로 200 D동 1층 LAB9호 법무사는 부동산등기(건물·토지) 신청·서류 작성·접수 대리 등 등기 관련 업무를 지원합니다. 건축 인허가·철거 공사·세무·소송대리는 별도 전문 영역이며, 사안별로 지원 범위를 확인합니다. 결과를 보장하거나 ‘무조건 해결’로 안내하지 ",227,6bdf2ca1a9cf8df9
/집단등기,"집단등기 검색 시, 키워드만 보고 결정하기보다 집단등기 준비·일정에 맞는 서류·기한·관할·비용을 먼저 확인하는 것이 안전합니다. 집단등기 검색 시, 키워드만 보고 결정하기보다 집단등기 준비·일정에 맞는 서류·기한·관할·비용을 먼저 확인하는 것이 안전합니다. 집단등기 검색 시, 키워드만 보고 결정하기보다 집단등기 준비·일정에 맞는 서류·기한·관할·비용을 먼저 확인하는 것이 안전합니다. 상담 시 확인하는 내용 집단등기 사건은 서류·관할·기한에 따라 진행 순서가 달라집니다. 다옴법무사사무소는 부산 해운대구·센텀에서 상속등기·부동산등기·법인등기·개인회생·파산 등을 다루며, 의뢰인 상황에 맞춰 절차와 비용을 알기 쉽게 설명합니다. 불확실한 부분은 추측으로 단정하지 않고, 확인된 사실을 바탕으로 안내드립니다. 전화·카카오톡·네이버 톡톡으로 간단히 상황을 남겨 주시면 필요한 준비부터 차분히 정리해 드리겠습니다. 집단등기 검색 시 무엇을 먼저 확인해야 하나요? 집단등기는 보통 ‘견적만’이 아니라 ",269,71fd1f0284041d21
/집단등기실수모음,"집단등기에서 많이 하는 실수 검색 시, 키워드만 보고 결정하기보다 집단등기 실수 예방에 맞는 서류·기한·관할·비용을 먼저 확인하는 것이 안전합니다. 집단등기에서 많이 하는 실수 검색 시, 키워드만 보고 결정하기보다 집단등기 실수 예방에 맞는 서류·기한·관할·비용을 먼저 확인하는 것이 안전합니다. 집단등기에서 많이 하는 실수 검색 시, 키워드만 보고 결정하기보다 집단등기 실수 예방에 맞는 서류·기한·관할·비용을 먼저 확인하는 것이 안전합니다. 상담 시 확인하는 내용 집단등기에서 많이 하는 실수 사건은 서류·관할·기한에 따라 진행 순서가 달라집니다. 다옴법무사사무소는 부산 해운대구·센텀에서 상속등기·부동산등기·법인등기·개인회생·파산 등을 다루며, 의뢰인 상황에 맞춰 절차와 비용을 알기 쉽게 설명합니다. 불확실한 부분은 추측으로 단정하지 않고, 확인된 사실을 바탕으로 안내드립니다. 전화·카카오톡·네이버 톡톡으로 간단히 상황을 남겨 주시면 필요한 준비부터 차분히 정리해 드리겠습니다. 집단등",296,7abc1dbf87c042df
/집합건물보존등기,"집합건물 보존등기 검색 시, 키워드만 보고 결정하기보다 집합건물 보존등기에 맞는 서류·기한·관할·비용을 먼저 확인하는 것이 안전합니다. 집합건물 보존등기 검색 시, 키워드만 보고 결정하기보다 집합건물 보존등기에 맞는 서류·기한·관할·비용을 먼저 확인하는 것이 안전합니다. 집합건물 보존등기 검색 시, 키워드만 보고 결정하기보다 집합건물 보존등기에 맞는 서류·기한·관할·비용을 먼저 확인하는 것이 안전합니다. 상담 시 확인하는 내용 집합건물 보존등기 사건은 서류·관할·기한에 따라 진행 순서가 달라집니다. 다옴법무사사무소는 부산 해운대구·센텀에서 상속등기·부동산등기·법인등기·개인회생·파산 등을 다루며, 의뢰인 상황에 맞춰 절차와 비용을 알기 쉽게 설명합니다. 불확실한 부분은 추측으로 단정하지 않고, 확인된 사실을 바탕으로 안내드립니다. 전화·카카오톡·네이버 톡톡으로 간단히 상황을 남겨 주시면 필요한 준비부터 차분히 정리해 드리겠습니다. 집합건물 보존등기 검색 시 무엇을 먼저 확인해야 하나요",276,0ad60d77446918a8
/창업법률교육,"사업 시작 단계에서 대표자가 결정해야 할 상호·목적·자본·임원, 계약과 미수금, 법인설립 이후 변경등기처럼 놓치기 쉬운 실무를 사례로 정리합니다. 사업 시작 단계에서 대표자가 결정해야 할 상호·목적·자본·임원, 계약과 미수금, 법인설립 이후 변경등기처럼 놓치기 쉬운 실무를 사례로 정리합니다. 사업 시작 단계에서 대표자가 결정해야 할 상호·목적·자본·임원, 계약과 미수금, 법인설립 이후 변경등기처럼 놓치기 쉬운 실무를 사례로 정리합니다. 상담 시 확인하는 내용 부산 창업 법률교육 사건은 서류·관할·기한에 따라 진행 순서가 달라집니다. 다옴법무사사무소는 부산 해운대구·센텀에서 상속등기·부동산등기·법인등기·개인회생·파산 등을 다루며, 의뢰인 상황에 맞춰 절차와 비용을 알기 쉽게 설명합니다. 불확실한 부분은 추측으로 단정하지 않고, 확인된 사실을 바탕으로 안내드립니다. 전화·카카오톡·네이버 톡톡으로 간단히 상황을 남겨 주시면 필요한 준비부터 차분히 정리해 드리겠습니다. 창업보육센터 특강으로",177,f48b2f091ba0de82
/창업법무,창업 초기에는 법인 설립·정관 설계·사업자등록·본점 소재지 등기를 한 번에 정리하는 것이 이후 변경 비용을 줄입니다. 센텀·문현·명지국제신도시·에코델타시티·명례산업단지 등에서는 스타트업·소상공인·제조업 법인 설립과 투자 라운드 후 임원변경 수요가 큽니다. 폐업·해산·청산 시에도 등기와 세무·채무 정리 순서가 중요합니다. 다옴법무사사무소는 창업부터 폐업까지 법무사 업무를 연결해 안내합니다. 창업 초기에는 법인 설립·정관 설계·사업자등록·본점 소재지 등기를 한 번에 정리하는 것이 이후 변경 비용을 줄입니다. 센텀·문현·명지국제신도시·에코델타시티·명례산업단지 등에서는 스타트업·소상공인·제조업 법인 설립과 투자 라운드 후 임원변경 수요가 큽니다. 폐업·해산·청산 시에도 등기와 세무·채무 정리 순서가 중요합니다. 다옴법무사사무소는 창업부터 폐업까지 법무사 업무를 연결해 안내합니다. 창업 법무는 업종·출자 구조·임원 구성에 따라 설계가 달라집니다. 사업 계획과 함께 상담해주시면 순서를 정리해드,297,d3f20cadaf890f64
/창원비영리법인설립,"창원 비영리법인은 사단·재단 중 목적에 맞는 형태를 선택한 뒤 허가·등기합니다. 창원 비영리법인은 사단·재단 중 목적에 맞는 형태를 선택한 뒤 허가·등기합니다. 창원시는 경남 행정 중심으로 협회·학회·복지·산업 단체의 비영리법인 설립 수요가 있습니다. 상담 시 확인하는 내용 창원 비영리법인 설립 사건은 서류·관할·기한에 따라 진행 순서가 달라집니다. 다옴법무사사무소는 부산 해운대구·센텀에서 상속등기·부동산등기·법인등기·개인회생·파산 등을 다루며, 의뢰인 상황에 맞춰 절차와 비용을 알기 쉽게 설명합니다. 불확실한 부분은 추측으로 단정하지 않고, 확인된 사실을 바탕으로 안내드립니다. 전화·카카오톡·네이버 톡톡으로 간단히 상황을 남겨 주시면 필요한 준비부터 차분히 정리해 드리겠습니다. 창원 비영리법인 설립 상담은 어디서 받을 수 있나요? 다옴법무사사무소는 해운대구 센텀에 있으며, 부산 전역 사건을 전화·카카오톡·네이버 톡톡·방문(예약)으로 상담합니다. 비용은 어떻게 안내되나요? 사건 복잡",136,63bb43a018e9463a
/채권압류추심서류준비,"채권압류·추심은 ‘아직 보전’이 아니라 집행권원(판결·지급명령 확정 등) 이후 상대 채권(예금·급여·임대료 등)을 압류·추심하려는 단계입니다. 가압류 신청 안내, 지급명령 신청 안내와 목적이 다릅니다. 채권압류·추심은 ‘아직 보전’이 아니라 집행권원(판결·지급명령 확정 등) 이후 상대 채권(예금·급여·임대료 등)을 압류·추심하려는 단계입니다. 가압류 신청 안내, 지급명령 신청 안내와 목적이 다릅니다. 채권압류·추심은 ‘아직 보전’이 아니라 집행권원(판결·지급명령 확정 등) 이후 상대 채권(예금·급여·임대료 등)을 압류·추심하려는 단계입니다. 가압류 신청 안내, 지급명령 신청 안내와 목적이 다릅니다. 상담 시 확인하는 내용 채권압류·추심 서류 준비 사건은 서류·관할·기한에 따라 진행 순서가 달라집니다. 다옴법무사사무소는 부산 해운대구·센텀에서 상속등기·부동산등기·법인등기·개인회생·파산 등을 다루며, 의뢰인 상황에 맞춰 절차와 비용을 알기 쉽게 설명합니다. 불확실한 부분은 추측으로 단정",163,1e8a4cac67240efe
/철거후건물멸실등기,"철거 후에는 건축물대장 정리와 멸실등기를 맞춰 등기부 건물 공시를 폐쇄해야 합니다. 공사만 끝내고 등기를 미루면 매매·금융·신축 일정에서 잔존 건물 리스크가 남습니다. 철거 후에는 건축물대장 정리와 멸실등기를 맞춰 등기부 건물 공시를 폐쇄해야 합니다. 공사만 끝내고 등기를 미루면 매매·금융·신축 일정에서 잔존 건물 리스크가 남습니다. 물리적으로 건물이 없어져도 등기부 건물 표제는 자동으로 사라지지 않습니다. 철거 후에는 멸실등기로 공시를 맞춰야 합니다. 비용 안내 비용은 잔존 권리(근저당 등) 말소 동반 여부, 첨부서류 발급·보정 횟수, 매매·신축 일정에 맞춘 긴급 접수 필요 여부 등에 따라 달라질 수 있습니다. 관할·접근 안내 부동산 소재지 관할 등기소 기준으로 접수하며, 부산 해운대·센텀 다옴법무사사무소에서 상담·수임을 진행합니다. 사무소: 부산광역시 해운대구 센텀동로 200 D동 1층 LAB9호 법무사는 부동산등기(건물·토지) 신청·서류 작성·접수 대리 등 등기 관련 업무를 지",255,d936cbb75d350764
/청년생활법률특강,"청년이 실제로 겪는 주거·금전·계약 상황에서 질문을 모아, 어렵지 않은 설명으로 확인 순서를 남기는 특강입니다. 청년센터·자립지원·대학 프로그램에 맞춰 시간을 조정합니다. 청년이 실제로 겪는 주거·금전·계약 상황에서 질문을 모아, 어렵지 않은 설명으로 확인 순서를 남기는 특강입니다. 청년센터·자립지원·대학 프로그램에 맞춰 시간을 조정합니다. 청년이 실제로 겪는 주거·금전·계약 상황에서 질문을 모아, 어렵지 않은 설명으로 확인 순서를 남기는 특강입니다. 청년센터·자립지원·대학 프로그램에 맞춰 시간을 조정합니다. 상담 시 확인하는 내용 부산 청년 법률교육 사건은 서류·관할·기한에 따라 진행 순서가 달라집니다. 다옴법무사사무소는 부산 해운대구·센텀에서 상속등기·부동산등기·법인등기·개인회생·파산 등을 다루며, 의뢰인 상황에 맞춰 절차와 비용을 알기 쉽게 설명합니다. 불확실한 부분은 추측으로 단정하지 않고, 확인된 사실을 바탕으로 안내드립니다. 전화·카카오톡·네이버 톡톡으로 간단히 상황을 남",195,c01e9a83f31ef330
/체육단체사단법인설립,"체육단체 사단법인은 주무관청 허가 후 설립등기합니다. 대한체육회·종목단체 체계와의 관계는 별도 확인이 필요합니다. 체육단체 사단법인은 주무관청 허가 후 설립등기합니다. 대한체육회·종목단체 체계와의 관계는 별도 확인이 필요합니다. 종목별 협회·생활체육단체·스포츠클럽 연합 등은 사단법인 형태로 설립할 수 있습니다. 상담 시 확인하는 내용 체육단체 사단법인 설립 사건은 서류·관할·기한에 따라 진행 순서가 달라집니다. 다옴법무사사무소는 부산 해운대구·센텀에서 상속등기·부동산등기·법인등기·개인회생·파산 등을 다루며, 의뢰인 상황에 맞춰 절차와 비용을 알기 쉽게 설명합니다. 불확실한 부분은 추측으로 단정하지 않고, 확인된 사실을 바탕으로 안내드립니다. 전화·카카오톡·네이버 톡톡으로 간단히 상황을 남겨 주시면 필요한 준비부터 차분히 정리해 드리겠습니다. 체육단체 사단법인 설립 상담은 어디서 받을 수 있나요? 다옴법무사사무소는 해운대구 센텀에 있으며, 부산 전역 사건을 전화·카카오톡·네이버 톡톡·",139,07aefd009670d754
/초량동법무사,"초량동에서는 ‘부모님 다가구를 상속받았는데 세입자가 넷이다’, ‘좌천동 집을 팔려면 형제 중 해외에 있는 사람의 서류가 필요하다’, ‘수정동 주택에 근저당이 남아 있는데 상속등기부터 해도 되나’는 문의가 많습니다. 다가구는 소유권이전과 각 임대차 승계·보증금 정산을 같은 날 처리하려다 서류가 어긋나기 쉽습니다. 상속채무가 불명확하면 상속등기보다 한정승인·상속포기 기한을 먼저 볼 수도 있습니다. 부산역 인근이라는 이유만으로 당일 해결을 기대하기보다, 임대차 목록과 상속인별 서류 확보 시점을 먼저 잡는 것이 보정·지연을 줄입니다. 초량동에서는 부산역 배후 주거·다가구와 항만 인접 상가를 볼 때 세입자 보증금 승계와 상속인 협의의 동시 정리를 다가구 임대차 목록·상속 협의서·근저당 말소 서류와 맞춰 확인합니다. 다옴법무사사무소는 해운대 센텀에서 상담합니다. 초량동에서는 ‘부모님 다가구를 상속받았는데 세입자가 넷이다’, ‘좌천동 집을 팔려면 형제 중 해외에 있는 사람의 서류가 필요하다’, ",567,018e004c3a70acf0
/촉탁등기,"촉탁등기 검색 시, 키워드만 보고 결정하기보다 촉탁등기 절차에 맞는 서류·기한·관할·비용을 먼저 확인하는 것이 안전합니다. 촉탁등기 검색 시, 키워드만 보고 결정하기보다 촉탁등기 절차에 맞는 서류·기한·관할·비용을 먼저 확인하는 것이 안전합니다. 촉탁등기 검색 시, 키워드만 보고 결정하기보다 촉탁등기 절차에 맞는 서류·기한·관할·비용을 먼저 확인하는 것이 안전합니다. 상담 시 확인하는 내용 촉탁등기 사건은 서류·관할·기한에 따라 진행 순서가 달라집니다. 다옴법무사사무소는 부산 해운대구·센텀에서 상속등기·부동산등기·법인등기·개인회생·파산 등을 다루며, 의뢰인 상황에 맞춰 절차와 비용을 알기 쉽게 설명합니다. 불확실한 부분은 추측으로 단정하지 않고, 확인된 사실을 바탕으로 안내드립니다. 전화·카카오톡·네이버 톡톡으로 간단히 상황을 남겨 주시면 필요한 준비부터 차분히 정리해 드리겠습니다. 촉탁등기는 누가 등기소에 내나요? 법령상 촉탁 사유에 해당하면 법원·관공서 등이 등기소에 촉탁하는 방",147,6a849e21bdfb62a9
/취득세,"취득세 검색 시, 키워드만 보고 결정하기보다 취득세 신고·납부에 맞는 서류·기한·관할·비용을 먼저 확인하는 것이 안전합니다. 취득세 검색 시, 키워드만 보고 결정하기보다 취득세 신고·납부에 맞는 서류·기한·관할·비용을 먼저 확인하는 것이 안전합니다. 취득세 검색 시, 키워드만 보고 결정하기보다 취득세 신고·납부에 맞는 서류·기한·관할·비용을 먼저 확인하는 것이 안전합니다. 상담 시 확인하는 내용 취득세 사건은 서류·관할·기한에 따라 진행 순서가 달라집니다. 다옴법무사사무소는 부산 해운대구·센텀에서 상속등기·부동산등기·법인등기·개인회생·파산 등을 다루며, 의뢰인 상황에 맞춰 절차와 비용을 알기 쉽게 설명합니다. 불확실한 부분은 추측으로 단정하지 않고, 확인된 사실을 바탕으로 안내드립니다. 전화·카카오톡·네이버 톡톡으로 간단히 상황을 남겨 주시면 필요한 준비부터 차분히 정리해 드리겠습니다. 취득세 검색 시 무엇을 먼저 확인해야 하나요? 취득세는 보통 ‘견적만’이 아니라 서류·기한·관할·",269,14b106270d683e6a
/타지역상속인경상도부동산,"부모님이 경남·울산·경북 등지에 계셨고 자녀들은 부산이나 수도권으로 이주한 경우, '어느 지역 법무사에게 맡겨야 하는지'부터 헷갈리는 경우가 많습니다. 상속등기는 상속인 거주지가 아니라 부동산 소재지를 기준으로 검토하는 경우가 많아, 상속인이 여러 지역에 흩어져 있어도 한 사무소에서 진행할 수 있는지 확인하는 것이 먼저입니다. 부모님이 경남·울산·경북 등지에 계셨고 자녀들은 부산이나 수도권으로 이주한 경우, '어느 지역 법무사에게 맡겨야 하는지'부터 헷갈리는 경우가 많습니다. 상속등기는 상속인 거주지가 아니라 부동산 소재지를 기준으로 검토하는 경우가 많아, 상속인이 여러 지역에 흩어져 있어도 한 사무소에서 진행할 수 있는지 확인하는 것이 먼저입니다. 부모님이 경남·울산·경북 등지에 계셨고 자녀들은 부산이나 수도권으로 이주한 경우, '어느 지역 법무사에게 맡겨야 하는지'부터 헷갈리는 경우가 많습니다. 상속등기는 상속인 거주지가 아니라 부동산 소재지를 기준으로 검토하는 경우가 많아, 상",242,2bb1b5a2ab43014a
/토지소유자와건축주다른보존등기,"토지 소유자와 건축주가 다르면 보존등기 전에 대지사용권·사용승낙·건축주 명의를 맞추고, 가능하면 토지·건물 관계를 한 번에 설명 가능한 서류 세트로 준비하세요. 토지 소유자와 건축주가 다르면 보존등기 전에 대지사용권·사용승낙·건축주 명의를 맞추고, 가능하면 토지·건물 관계를 한 번에 설명 가능한 서류 세트로 준비하세요. 건축주 명의로 건물을 올렸는데 토지 등기부 소유자가 다르면, 보존등기 전에 대지사용권·사용승낙·건축허가 명의를 맞춰야 합니다. 비용 안내 비용은 토지·건물 관계 소명 서류 범위, 지상권·대지권 병행 여부, 일반건물 vs 집합건물, 보정·추가 소명 횟수 등에 따라 달라질 수 있습니다. 관할·접근 안내 부동산 소재지 관할 등기소 기준으로 접수하며, 부산 해운대·센텀 다옴법무사사무소에서 상담·수임을 진행합니다. 사무소: 부산광역시 해운대구 센텀동로 200 D동 1층 LAB9호 법무사는 부동산등기(건물·토지) 신청·서류 작성·접수 대리 등 등기 관련 업무를 지원합니다. 건축",278,11d74a86c2d6ec42
/특별대리인자가진단,"소송·등기에서 의견이 엇갈릴 때 특별대리인이 필요한지 확인해 보세요. 소송·등기에서 의견이 엇갈릴 때 특별대리인이 필요한지 확인해 보세요. 소송·등기에서 의견이 엇갈릴 때 특별대리인이 필요한지 확인해 보세요. 특별대리인은 법률·행정 절차상 요건과 서류가 맞아야 진행할 수 있습니다. 부산·해운대·센텀에서 특별대리인 관련 상담은 관할·기한·비용을 함께 묻는 경우가 많습니다. 자가진단 결과 안내 특별대리인 자가진단 결과는 점수와 답변 태그를 바탕으로 사전 정보 확인·검토 필요·상담 권장·긴급 확인 필요 방향을 안내합니다. 특정 절차의 성공·실패를 단정하지 않습니다. 사전 정보 확인은 서류·관할·기한을 정리하는 단계입니다. 검토 필요는 사실관계가 복잡하거나 추가 확인이 필요할 때, 상담 권장·긴급은 기한·분쟁·권리 침해 우려가 클 때 나타납니다. 진단 후에도 등기부·계약서·가족관계증명서 등 원본 서류 확인이 필요합니다. 부산·해운대·센텀 사무소로 서류를 먼저 보내주시면 상담 시간을 줄일 수",451,2b326b7aca52390f
/특별법법인설립등기,"특별법 법인은 근거 법률상 인가·허가를 받은 뒤 법에서 정한 기한 내 설립등기가 필요합니다. 설립 전 시설·기본재산·임원 요건을 행정 절차에서 먼저 확인하고, 등기는 인가·허가서·정관을 기준으로 준비하세요. 특별법 법인은 근거 법률상 인가·허가를 받은 뒤 법에서 정한 기한 내 설립등기가 필요합니다. 설립 전 시설·기본재산·임원 요건을 행정 절차에서 먼저 확인하고, 등기는 인가·허가서·정관을 기준으로 준비하세요. 사회복지·학교·의료·공익 목적 법인은 각각 별도 법률에 따른 인가·허가 후 설립등기를 합니다. 상담 시 확인하는 내용 특별법 법인 설립등기 사건은 서류·관할·기한에 따라 진행 순서가 달라집니다. 다옴법무사사무소는 부산 해운대구·센텀에서 상속등기·부동산등기·법인등기·개인회생·파산 등을 다루며, 의뢰인 상황에 맞춰 절차와 비용을 알기 쉽게 설명합니다. 불확실한 부분은 추측으로 단정하지 않고, 확인된 사실을 바탕으로 안내드립니다. 전화·카카오톡·네이버 톡톡으로 간단히 상황을 남겨 ",163,6ec26f9565e7db5c
/특별한정승인,"부산 특별한정승인 법무사 상담은 ‘3개월이 이미 지났다’거나 ‘채무를 뒤늦게 알게 됐다’는 상황에서 자주 이어집니다. 일반 한정승인과 목적이 비슷해 보이지만, 기한 경과·사유·증빙·허가 구조가 달라 같은 페이지로 묶으면 선택이 흐려집니다. 부산 특별한정승인 법무사 상담은 ‘3개월이 이미 지났다’거나 ‘채무를 뒤늦게 알게 됐다’는 상황에서 자주 이어집니다. 일반 한정승인과 목적이 비슷해 보이지만, 기한 경과·사유·증빙·허가 구조가 달라 같은 페이지로 묶으면 선택이 흐려집니다. 부산 특별한정승인 법무사 상담은 ‘3개월이 이미 지났다’거나 ‘채무를 뒤늦게 알게 됐다’는 상황에서 자주 이어집니다. 일반 한정승인과 목적이 비슷해 보이지만, 기한 경과·사유·증빙·허가 구조가 달라 같은 페이지로 묶으면 선택이 흐려집니다. 상담 시 확인하는 내용 특별한정승인 사건은 서류·관할·기한에 따라 진행 순서가 달라집니다. 다옴법무사사무소는 부산 해운대구·센텀에서 상속등기·부동산등기·법인등기·개인회생·파산 ",259,70bfbcefefe77792
/특수등기,"선박·자동차 근저당·공장재단·비영리법인·종중·교회 등기는 일반 부동산·주식회사 등기와 요건과 서류가 다릅니다. 외국인·재외국민 상속등기는 번역·공증·인증 절차가 추가될 수 있습니다. 부산항·산업단지·비영리 단체 사무에서 특수등기 문의가 이어지며, 관할 등기소와 사전 협의가 필요한 경우도 있습니다. 다옴법무사사무소는 사건 유형별 체크리스트를 안내합니다. 선박·자동차 근저당·공장재단·비영리법인·종중·교회 등기는 일반 부동산·주식회사 등기와 요건과 서류가 다릅니다. 외국인·재외국민 상속등기는 번역·공증·인증 절차가 추가될 수 있습니다. 부산항·산업단지·비영리 단체 사무에서 특수등기 문의가 이어지며, 관할 등기소와 사전 협의가 필요한 경우도 있습니다. 다옴법무사사무소는 사건 유형별 체크리스트를 안내합니다. 특수등기는 대상 재산·법인 종류에 따라 절차가 크게 달라집니다. 보유 서류를 확인한 뒤 관할과 순서를 안내해드리겠습니다. 법인·단체 등기 비영리·사단·재단·협동조합·학교법인은 정관과 설립",191,1b782e6e24fe6410
/특수등기의뢰,"특수 등기 의뢰 검색 시, 키워드만 보고 결정하기보다 특수 등기·협업 의뢰에 맞는 서류·기한·관할·비용을 먼저 확인하는 것이 안전합니다. 특수 등기 의뢰 검색 시, 키워드만 보고 결정하기보다 특수 등기·협업 의뢰에 맞는 서류·기한·관할·비용을 먼저 확인하는 것이 안전합니다. 특수 등기 의뢰 검색 시, 키워드만 보고 결정하기보다 특수 등기·협업 의뢰에 맞는 서류·기한·관할·비용을 먼저 확인하는 것이 안전합니다. 상담 시 확인하는 내용 특수 등기 의뢰 사건은 서류·관할·기한에 따라 진행 순서가 달라집니다. 다옴법무사사무소는 부산 해운대구·센텀에서 상속등기·부동산등기·법인등기·개인회생·파산 등을 다루며, 의뢰인 상황에 맞춰 절차와 비용을 알기 쉽게 설명합니다. 불확실한 부분은 추측으로 단정하지 않고, 확인된 사실을 바탕으로 안내드립니다. 전화·카카오톡·네이버 톡톡으로 간단히 상황을 남겨 주시면 필요한 준비부터 차분히 정리해 드리겠습니다. 특수 등기 의뢰 검색 시 무엇을 먼저 확인해야 하나",289,e7d4497605167e4f
/특수비영리법인등기,"특수·비영리법인 등기는 법인 유형별로 허가·인가 여부, 주무관청, 등기 기한, 첨부서류가 다릅니다. 먼저 단체 목적·회원·재산 구조에 맞는 법인 형태를 정한 뒤, 행정 절차와 등기 절차를 분리해 이해하는 것이 중요합니다. 특수·비영리법인 등기는 법인 유형별로 허가·인가 여부, 주무관청, 등기 기한, 첨부서류가 다릅니다. 먼저 단체 목적·회원·재산 구조에 맞는 법인 형태를 정한 뒤, 행정 절차와 등기 절차를 분리해 이해하는 것이 중요합니다. 주식회사와 달리 사단법인·재단법인·협동조합 등은 근거 법률·허가 주체·등기 기한이 유형마다 다릅니다. 상담 시 확인하는 내용 특수·비영리법인 등기 종합 안내 사건은 서류·관할·기한에 따라 진행 순서가 달라집니다. 다옴법무사사무소는 부산 해운대구·센텀에서 상속등기·부동산등기·법인등기·개인회생·파산 등을 다루며, 의뢰인 상황에 맞춰 절차와 비용을 알기 쉽게 설명합니다. 불확실한 부분은 추측으로 단정하지 않고, 확인된 사실을 바탕으로 안내드립니다. 전화",184,aeb5692a7f6779c2
/특허법인설립등기,"특허법인 설립등기는 변리사법상 설립 인가·등록 후 등기소에 접수합니다. 법무사는 등기만 지원합니다. 특허법인 설립등기는 변리사법상 설립 인가·등록 후 등기소에 접수합니다. 법무사는 등기만 지원합니다. 특허법인은 변리사법에 따른 변리사법인으로, 법인 설립 인가·등록 후 설립등기를 합니다. 상담 시 확인하는 내용 특허법인 설립등기 사건은 서류·관할·기한에 따라 진행 순서가 달라집니다. 다옴법무사사무소는 부산 해운대구·센텀에서 상속등기·부동산등기·법인등기·개인회생·파산 등을 다루며, 의뢰인 상황에 맞춰 절차와 비용을 알기 쉽게 설명합니다. 불확실한 부분은 추측으로 단정하지 않고, 확인된 사실을 바탕으로 안내드립니다. 전화·카카오톡·네이버 톡톡으로 간단히 상황을 남겨 주시면 필요한 준비부터 차분히 정리해 드리겠습니다. 특허 출원도 법무사가 하나요? 하지 않습니다. 특허·상표 등은 변리사 영역입니다. 법무사는 법인 등기만 지원합니다. 특허법인 설립등기 상담은 어디서 받을 수 있나요? 다옴법무",129,c79e0f9788b2db99
/하단법무사,"하단동 아파트 상속은 상속인이 여러 명일 때 협의가 안 되면 등기가 멈춥니다. 매매는 전세 세입자·근저당이 있으면 말소 일정이 관건입니다. 사하구 법무사 상담 시 상속과 채권 회수를 동시에 들고 오셔도 절차를 나눠 안내합니다. 하단동 아파트 상속은 상속인이 여러 명일 때 협의가 안 되면 등기가 멈춥니다. 매매는 전세 세입자·근저당이 있으면 말소 일정이 관건입니다. 사하구 법무사 상담 시 상속과 채권 회수를 동시에 들고 오셔도 절차를 나눠 안내합니다. 하단 법무사 상담은 사하구 하단동·괴정동·당리동·장림동 일대 실거주 아파트·상가의 상속·매매·전세 등기와 채무(지급명령) 문의에 맞춰 진행합니다. 하단역·사하역 인근은 서부산·남부산을 잇는 주거 중심지입니다. 지역 생활권 안내 하단동·괴정동·당리동은 사하구의 중심 생활권으로, 대단지 아파트·전통시장·상가가 어우러져 있습니다. 부모님 명의 아파트 상속, 잔금 후 소유권이전등기, 임대 보증금 분쟁 예방을 위한 지급명령 상담이 이어집니다. 이",336,db37d1c95d0de5f8
/학교법률교육,"연령에 맞는 사례로 생활법률과 진로 이야기를 전달합니다. 연령에 맞는 사례로 생활법률과 진로 이야기를 전달합니다. 연령에 맞는 사례로 생활법률과 진로 이야기를 전달합니다. 상담 시 확인하는 내용 부산 학교·대학 법률교육 사건은 서류·관할·기한에 따라 진행 순서가 달라집니다. 다옴법무사사무소는 부산 해운대구·센텀에서 상속등기·부동산등기·법인등기·개인회생·파산 등을 다루며, 의뢰인 상황에 맞춰 절차와 비용을 알기 쉽게 설명합니다. 불확실한 부분은 추측으로 단정하지 않고, 확인된 사실을 바탕으로 안내드립니다. 전화·카카오톡·네이버 톡톡으로 간단히 상황을 남겨 주시면 필요한 준비부터 차분히 정리해 드리겠습니다. 진로특강만 가능한가요? 법무사 진로특강 구성으로 단독 진행할 수 있습니다. 초등도 가능한가요? 연령 적합 사례로 조정 가능 여부를 사전 협의합니다. 학교폭력 전문상담을 대체하나요? 아니요. 예방·기초 안내 수준입니다. 학부모 대상도? 가능하며 주제를 맞춥니다. 부산 외 학교도? 양산",130,fbf8f3bf275eddb3
/학교법인설립등기,"학교법인 설립은 관할 교육감 설립인가 후 설립등기가 필요합니다. 부산 소재 학교법인은 부산광역시교육감 관할이 원칙입니다. 학교법인 설립은 관할 교육감 설립인가 후 설립등기가 필요합니다. 부산 소재 학교법인은 부산광역시교육감 관할이 원칙입니다. 학교법인은 사립학교를 설립·경영하기 위한 법인으로, 학교법·민법에 따라 교육감 인가 후 설립등기합니다. 상담 시 확인하는 내용 학교법인 설립등기 사건은 서류·관할·기한에 따라 진행 순서가 달라집니다. 다옴법무사사무소는 부산 해운대구·센텀에서 상속등기·부동산등기·법인등기·개인회생·파산 등을 다루며, 의뢰인 상황에 맞춰 절차와 비용을 알기 쉽게 설명합니다. 불확실한 부분은 추측으로 단정하지 않고, 확인된 사실을 바탕으로 안내드립니다. 전화·카카오톡·네이버 톡톡으로 간단히 상황을 남겨 주시면 필요한 준비부터 차분히 정리해 드리겠습니다. 학원도 학교법인으로 설립하나요? 학원은 학원법상 별도 제도입니다. 학교법인은 학교법상 학교 설립과 연계됩니다. 학교",134,0ec6e032bc1add8d
/학교법인임원변경등기,"학교법인 임원변경은 승인·결의 후 등기 기한 내 접수해야 합니다. 학교법인 임원변경은 승인·결의 후 등기 기한 내 접수해야 합니다. 학교법인 임원 변경은 이사회·총회 결의와 교육감 승인·변경인가 후 등기가 필요할 수 있습니다. 상담 시 확인하는 내용 학교법인 임원변경등기 사건은 서류·관할·기한에 따라 진행 순서가 달라집니다. 다옴법무사사무소는 부산 해운대구·센텀에서 상속등기·부동산등기·법인등기·개인회생·파산 등을 다루며, 의뢰인 상황에 맞춰 절차와 비용을 알기 쉽게 설명합니다. 불확실한 부분은 추측으로 단정하지 않고, 확인된 사실을 바탕으로 안내드립니다. 전화·카카오톡·네이버 톡톡으로 간단히 상황을 남겨 주시면 필요한 준비부터 차분히 정리해 드리겠습니다. 학교법인 임원변경등기 상담은 어디서 받을 수 있나요? 다옴법무사사무소는 해운대구 센텀에 있으며, 부산 전역 사건을 전화·카카오톡·네이버 톡톡·방문(예약)으로 상담합니다. 비용은 어떻게 안내되나요? 사건 복잡도·부동산 가액·상속인 수",134,936af13fe91b7afd
/한정승인과태료,한정승인 과태료 관련 안내는 지연 등기·신고가 문제될 수 있는 조건을 중심으로 봅니다. 이미 기한이 지난 경우에도 다음 조치 선택지를 상담에서 정리합니다. 상속 재산 범위 내에서만 채무를 변제하고 상속을 승인하는 절차입니다. 채무 조사 후 상속등기와 연계됩니다. 다옴법무사사무소는 부산 전역 사건을 다루며 과태료 관련 범위를 항목별로 정리합니다. 한정승인 과태료 관련 안내는 지연 등기·신고가 문제될 수 있는 조건을 중심으로 봅니다. 이미 기한이 지난 경우에도 다음 조치 선택지를 상담에서 정리합니다. 상속 재산 범위 내에서만 채무를 변제하고 상속을 승인하는 절차입니다. 채무 조사 후 상속등기와 연계됩니다. 다옴법무사사무소는 부산 전역 사건을 다루며 과태료 관련 범위를 항목별로 정리합니다. 부산은 관할 법원·등기소가 사건별로 달라 사전 정리가 중요한 지역입니다. 상속 재산 범위 내에서만 채무를 변제하고 상속을 승인하는 절차입니다. 채무 조사 후 상속등기와 연계됩니다. 비용이 달라지는 이유,523,92a6a75defae7866
/한정승인기간,"한정승인 소요 기간 안내는 서류 수집·접수·보정·완료까지 일반적인 흐름을 구간별로 설명합니다. 사건마다 달라 단정 일정을 약속하지 않으며, 병목 구간을 미리 알려 드립니다. 상속 재산 범위 내에서만 채무를 변제하고 상속을 승인하는 절차입니다. 채무 조사 후 상속등기와 연계됩니다. 다옴법무사사무소는 부산 전역 사건을 다루며 기간 관련 범위를 항목별로 정리합니다. 한정승인 소요 기간 안내는 서류 수집·접수·보정·완료까지 일반적인 흐름을 구간별로 설명합니다. 사건마다 달라 단정 일정을 약속하지 않으며, 병목 구간을 미리 알려 드립니다. 상속 재산 범위 내에서만 채무를 변제하고 상속을 승인하는 절차입니다. 채무 조사 후 상속등기와 연계됩니다. 다옴법무사사무소는 부산 전역 사건을 다루며 기간 관련 범위를 항목별로 정리합니다. 부산은 관할 법원·등기소가 사건별로 달라 사전 정리가 중요한 지역입니다. 상속 재산 범위 내에서만 채무를 변제하고 상속을 승인하는 절차입니다. 채무 조사 후 상속등기와 ",500,c79e32a603a88336
/한정승인기한,"기한만 보고 단정하기보다, 한정승인의 사실관계·기한·관할을 먼저 나눠 보는 것이 실무적입니다. 상속 재산 범위 내에서만 채무를 변제하고 상속을 승인하는 절차입니다. 채무 조사 후 상속등기와 연계됩니다. 다옴법무사사무소는 부산 전역 사건을 다루며 기한 관련 범위를 항목별로 정리합니다. 기한만 보고 단정하기보다, 한정승인의 사실관계·기한·관할을 먼저 나눠 보는 것이 실무적입니다. 상속 재산 범위 내에서만 채무를 변제하고 상속을 승인하는 절차입니다. 채무 조사 후 상속등기와 연계됩니다. 다옴법무사사무소는 부산 전역 사건을 다루며 기한 관련 범위를 항목별로 정리합니다. 부산은 관할 법원·등기소가 사건별로 달라 사전 정리가 중요한 지역입니다. 상속 재산 범위 내에서만 채무를 변제하고 상속을 승인하는 절차입니다. 채무 조사 후 상속등기와 연계됩니다. 법정 기한 수임·등록면허세·지방교육세·수수료 칸을 나눈 견적 초안을 상담 후 공유합니다. 추가 보정 비용은 별도 줄입니다. 이미 소송·가압류가 있",477,6e5efd1128c03b6d
/한정승인보수표,"한정승인 보수표 검색은 한정승인 비용과 같은 의도인 경우가 많습니다. 한정승인 보수표 검색은 한정승인 비용과 같은 의도인 경우가 많습니다. 한정승인 보수표 검색은 한정승인 비용과 같은 의도인 경우가 많습니다. 대표 비용 안내로 이어가기 검색어만 수임료·수수료·보수표로 달라도, 알고 싶은 내용은 대개 실비와 보수를 나누는 일입니다. 검색 의도별 다음 안내 한정승인 보수표 관련해서는 허브 페이지에서 절차를 고른 뒤, 필요하면 상담으로 이어가면 됩니다. 상담 시 확인하는 내용 한정승인 보수표 사건은 서류·관할·기한에 따라 진행 순서가 달라집니다. 다옴법무사사무소는 부산 해운대구·센텀에서 상속등기·부동산등기·법인등기·개인회생·파산 등을 다루며, 의뢰인 상황에 맞춰 절차와 비용을 알기 쉽게 설명합니다. 불확실한 부분은 추측으로 단정하지 않고, 확인된 사실을 바탕으로 안내드립니다. 전화·카카오톡·네이버 톡톡으로 간단히 상황을 남겨 주시면 필요한 준비부터 차분히 정리해 드리겠습니다. 상담 시 확",204,b4799f918776655b
/한정승인비용,"한정승인 비용은 재산·채무 목록을 어디까지 조사하는지에 따라 준비 범위가 달라집니다. 신고 후에 부동산 등기까지 진행하면 등록면허세 등 등기 항목은 별도입니다. 한정승인 비용은 재산·채무 목록을 어디까지 조사하는지에 따라 준비 범위가 달라집니다. 신고 후에 부동산 등기까지 진행하면 등록면허세 등 등기 항목은 별도입니다. 부산 한정승인 비용 — 법무사 수임료·등기 수수료·세금 항목별 안내. 다옴법무사사무소 안윤정 법무사. 부산 금정구, 연제구 상담 가능. 한정승인 비용은 어떻게 정해질까요? 한정승인은 재산·채무 목록 작성과 가정법원 신고가 핵심이라, 조사 범위가 넓을수록 준비 시간이 달라집니다. 이후 상속등기를 같은 재산에 대해 진행하면 등기 공과금은 별도 항목입니다. 재산·채무 조사 범위 상속인 수·미성년·해외 여부 단순승인으로 볼 처분 이력 확인 신고 후 상속등기 병행 여부 견적에 필요한 정보 사망일(인지일), 상속인 수, 지금 파악된 재산·채무 종류만 알려 주셔도 조사 범위와 법",384,6a9adaf60926a6f9
/한정승인상담,"재산은 받되 채무는 상속 재산 범위로 제한하는 절차입니다. 조회·기한·서류를 상황에 맞춰 안내합니다. 재산은 받되 채무는 상속 재산 범위로 제한하는 절차입니다. 조회·기한·서류를 상황에 맞춰 안내합니다. 재산은 받되 채무는 상속 재산 범위로 제한하는 절차입니다. 조회·기한·서류를 상황에 맞춰 안내합니다. 비용 안내 상담 문의 자체는 상황 확인을 위한 것이며, 수임료·공과금은 사건 확인 후 구분해 안내합니다. 관할·접근 안내 남겨주신 상황을 확인한 뒤 관할·서류·절차를 안내합니다. 확정 견적은 사건 확인 후입니다. 사망일 재산·채무 개요 법무사 의견 업무명을 몰라도, 서류가 없어도 현재 상황만 알려 주시면 됩니다. 필요한 절차를 확인한 뒤 안내드립니다. 상담 시 확인하는 내용 한정승인 상담 사건은 서류·관할·기한에 따라 진행 순서가 달라집니다. 다옴법무사사무소는 부산 해운대구·센텀에서 상속등기·부동산등기·법인등기·개인회생·파산 등을 다루며, 의뢰인 상황에 맞춰 절차와 비용을 알기 쉽게",180,c83d2de935ce0995
/한정승인자가진단,"재산은 받아야 하지만 상속채무가 걱정될 때 한정승인 절차를 검토해 볼 수 있습니다. 아래 질문으로 우선 방향을 확인하세요. 재산은 받아야 하지만 상속채무가 걱정될 때 한정승인 절차를 검토해 볼 수 있습니다. 아래 질문으로 우선 방향을 확인하세요. 재산은 받아야 하지만 상속채무가 걱정될 때 한정승인 절차를 검토해 볼 수 있습니다. 아래 질문으로 우선 방향을 확인하세요. 한정승인은 상속인이 상속채무를 상속재산 한도 내에서만 부담하겠다고 가정법원에 신고하는 제도입니다. 상속포기와 한정승인 차이를 헷갈리시는 분이 많은데, 포기는 아예 받지 않겠다는 것이고 한정승인은 재산 범위 안에서만 채무를 떠안겠다는 것입니다. 자가진단 결과 안내 한정승인 자가진단 결과는 채무·재산 규모를 아직 모르는 상태에서도 ‘서류 정리·기한 확인’이 필요하다는 공통 메시지를 담습니다. 검토 필요 단계는 재산목록·채무목록 작성이 핵심이라는 뜻이며, 상속인 간 의견 차이가 있으면 순서가 늦어질 수 있음을 의미합니다. 상",710,4561c69d0b74dc5b
/한정승인준비서류,"준비서류만 보고 단정하기보다, 한정승인의 사실관계·기한·관할을 먼저 나눠 보는 것이 실무적입니다. 상속 재산 범위 내에서만 채무를 변제하고 상속을 승인하는 절차입니다. 채무 조사 후 상속등기와 연계됩니다. 다옴법무사사무소는 부산 전역 사건을 다루며 준비서류 관련 범위를 항목별로 정리합니다. 준비서류만 보고 단정하기보다, 한정승인의 사실관계·기한·관할을 먼저 나눠 보는 것이 실무적입니다. 상속 재산 범위 내에서만 채무를 변제하고 상속을 승인하는 절차입니다. 채무 조사 후 상속등기와 연계됩니다. 다옴법무사사무소는 부산 전역 사건을 다루며 준비서류 관련 범위를 항목별로 정리합니다. 부산은 관할 법원·등기소가 사건별로 달라 사전 정리가 중요한 지역입니다. 상속 재산 범위 내에서만 채무를 변제하고 상속을 승인하는 절차입니다. 채무 조사 후 상속등기와 연계됩니다. 필수 서류 법인 결의·취임승낙·인감 원본을 대조하고, 과태료 기한을 결의일부터 역산합니다. 산업단지·재개발·재건축처럼 특수한 권리관",506,ac51fdd95ab912ea
/한정승인필요서류,"필요서류만 보고 단정하기보다, 한정승인의 사실관계·기한·관할을 먼저 나눠 보는 것이 실무적입니다. 상속 재산 범위 내에서만 채무를 변제하고 상속을 승인하는 절차입니다. 채무 조사 후 상속등기와 연계됩니다. 다옴법무사사무소는 부산 전역 사건을 다루며 필요서류 관련 범위를 항목별로 정리합니다. 필요서류만 보고 단정하기보다, 한정승인의 사실관계·기한·관할을 먼저 나눠 보는 것이 실무적입니다. 상속 재산 범위 내에서만 채무를 변제하고 상속을 승인하는 절차입니다. 채무 조사 후 상속등기와 연계됩니다. 다옴법무사사무소는 부산 전역 사건을 다루며 필요서류 관련 범위를 항목별로 정리합니다. 부산은 관할 법원·등기소가 사건별로 달라 사전 정리가 중요한 지역입니다. 상속 재산 범위 내에서만 채무를 변제하고 상속을 승인하는 절차입니다. 채무 조사 후 상속등기와 연계됩니다. 필수 서류 회생·파산 경로에서는 소득·재산·채무 목록 정합성을 신청서 품질의 기준으로 둡니다. 등기원인 문구와 검인·취득세 완납 증",538,b5983844ba8c146c
/해산간주확인절차,"‘회사는 폐업만 했는데 법인등기를 안 했다’, ‘휴면법인 안내를 받았다’는 검색은 해산간주·계속등기 문제로 이어지는 경우가 많습니다. 직역명보다 등기부 상태와 선택지를 먼저 봅니다. ‘회사는 폐업만 했는데 법인등기를 안 했다’, ‘휴면법인 안내를 받았다’는 검색은 해산간주·계속등기 문제로 이어지는 경우가 많습니다. 직역명보다 등기부 상태와 선택지를 먼저 봅니다. ‘회사는 폐업만 했는데 법인등기를 안 했다’, ‘휴면법인 안내를 받았다’는 검색은 해산간주·계속등기 문제로 이어지는 경우가 많습니다. 직역명보다 등기부 상태와 선택지를 먼저 봅니다. 상담 시 확인하는 내용 해산간주 확인 절차 사건은 서류·관할·기한에 따라 진행 순서가 달라집니다. 다옴법무사사무소는 부산 해운대구·센텀에서 상속등기·부동산등기·법인등기·개인회생·파산 등을 다루며, 의뢰인 상황에 맞춰 절차와 비용을 알기 쉽게 설명합니다. 불확실한 부분은 추측으로 단정하지 않고, 확인된 사실을 바탕으로 안내드립니다. 전화·카카오톡·",207,8f44f26ef3fb09bf
/해외거주상속인,"상속인이 해외에 있어도 국내 부동산 상속등기·포기·한정승인을 준비하는 경우가 있습니다. 서명·위임·공증·번역 요구는 국가·기관·업무에 따라 달라질 수 있습니다. 상속인이 해외에 있어도 국내 부동산 상속등기·포기·한정승인을 준비하는 경우가 있습니다. 서명·위임·공증·번역 요구는 국가·기관·업무에 따라 달라질 수 있습니다. 상속인이 해외에 있어도 국내 부동산 상속등기·포기·한정승인을 준비하는 경우가 있습니다. 서명·위임·공증·번역 요구는 국가·기관·업무에 따라 달라질 수 있습니다. 상담 시 확인하는 내용 해외 거주 상속인이 있는 경우 사건은 서류·관할·기한에 따라 진행 순서가 달라집니다. 다옴법무사사무소는 부산 해운대구·센텀에서 상속등기·부동산등기·법인등기·개인회생·파산 등을 다루며, 의뢰인 상황에 맞춰 절차와 비용을 알기 쉽게 설명합니다. 불확실한 부분은 추측으로 단정하지 않고, 확인된 사실을 바탕으로 안내드립니다. 전화·카카오톡·네이버 톡톡으로 간단히 상황을 남겨 주시면 필요한 준비",149,8629d5d34723810a
/해외대표이사주주법인등기,"대표이사가 해외 체류 중이거나 해외 주주가 있는 법인설립·임원변경·본점이전은, 국내 서류와 해외 서명·위임 서류를 나누어 준비하는 것이 핵심입니다. 이 페이지는 해외 거주 상속인 안내·외국인 부동산등기와 달리 법인등기 당사자 구조에 초점을 둡니다. 대표이사가 해외 체류 중이거나 해외 주주가 있는 법인설립·임원변경·본점이전은, 국내 서류와 해외 서명·위임 서류를 나누어 준비하는 것이 핵심입니다. 이 페이지는 해외 거주 상속인 안내·외국인 부동산등기와 달리 법인등기 당사자 구조에 초점을 둡니다. 대표이사가 해외 체류 중이거나 해외 주주가 있는 법인설립·임원변경·본점이전은, 국내 서류와 해외 서명·위임 서류를 나누어 준비하는 것이 핵심입니다. 이 페이지는 해외 거주 상속인 안내·외국인 부동산등기와 달리 법인등기 당사자 구조에 초점을 둡니다. 상담 시 확인하는 내용 해외 대표이사·주주가 있는 법인등기 사건은 서류·관할·기한에 따라 진행 순서가 달라집니다. 다옴법무사사무소는 부산 해운대구·센",189,bac5c11eed264a09
/해외서류가필요한증여등기,"국내 부동산을 증여하는데 수증자(또는 증여자)가 해외에 거주하면, 인감·서명·위임·공증·번역 일정이 병목이 됩니다. ‘한국에 안 와도 되나’, ‘해외에서 쓴 위임장으로 되나’를 묻는 상담이 이 페이지의 핵심입니다. 국내 부동산을 증여하는데 수증자(또는 증여자)가 해외에 거주하면, 인감·서명·위임·공증·번역 일정이 병목이 됩니다. ‘한국에 안 와도 되나’, ‘해외에서 쓴 위임장으로 되나’를 묻는 상담이 이 페이지의 핵심입니다. 국내 부동산을 증여하는데 수증자(또는 증여자)가 해외에 거주하면, 인감·서명·위임·공증·번역 일정이 병목이 됩니다. ‘한국에 안 와도 되나’, ‘해외에서 쓴 위임장으로 되나’를 묻는 상담이 이 페이지의 핵심입니다. 상담 시 확인하는 내용 해외서류가 필요한 증여등기 사건은 서류·관할·기한에 따라 진행 순서가 달라집니다. 다옴법무사사무소는 부산 해운대구·센텀에서 상속등기·부동산등기·법인등기·개인회생·파산 등을 다루며, 의뢰인 상황에 맞춰 절차와 비용을 알기 쉽게 설",174,b692fd8732d1154b
/해운대구법인등기,"해운대구는 센텀시티·마린시티·재송·반여 일대 고가 아파트와 상가, 법인 사옥이 밀집해 상속·매매·법인등기 문의가 많은 지역입니다. 해운대구 센텀, 재송동, 반여동, 우동, 좌동에서 법인등기를 진행할 때는 부동산·법인 소재지와 당사자 서류를 기준으로 관할과 순서를 맞춥니다. 이 페이지는 법인등기만 다루며, 상담은 해운대 센텀 다옴법무사사무소에서 이어집니다. 해운대구는 센텀시티·마린시티·재송·반여 일대 고가 아파트와 상가, 법인 사옥이 밀집해 상속·매매·법인등기 문의가 많은 지역입니다. 해운대구 센텀, 재송동, 반여동, 우동, 좌동에서 법인등기를 진행할 때는 부동산·법인 소재지와 당사자 서류를 기준으로 관할과 순서를 맞춥니다. 이 페이지는 법인등기만 다루며, 상담은 해운대 센텀 다옴법무사사무소에서 이어집니다. 해운대구 법인등기 실무 안내 — 다옴법무사사무소 안윤정 법무사. 센텀, 재송동, 반여동, 우동, 좌동 일대 상담·서류·등기 대리. 전화·카카오톡 상담 가능. 비용 안내 법인등기(본",283,a8d9d4c8b5bb6fee
/해운대구법인설립등기,"해운대구는 센텀시티·마린시티·재송·반여 일대 고가 아파트와 상가, 법인 사옥이 밀집해 상속·매매·법인등기 문의가 많은 지역입니다. 해운대구 센텀, 재송동, 반여동, 우동, 좌동에서 법인설립등기를 진행할 때는 부동산·법인 소재지와 당사자 서류를 기준으로 관할과 순서를 맞춥니다. 이 페이지는 법인설립등기만 다루며, 상담은 해운대 센텀 다옴법무사사무소에서 이어집니다. 해운대구는 센텀시티·마린시티·재송·반여 일대 고가 아파트와 상가, 법인 사옥이 밀집해 상속·매매·법인등기 문의가 많은 지역입니다. 해운대구 센텀, 재송동, 반여동, 우동, 좌동에서 법인설립등기를 진행할 때는 부동산·법인 소재지와 당사자 서류를 기준으로 관할과 순서를 맞춥니다. 이 페이지는 법인설립등기만 다루며, 상담은 해운대 센텀 다옴법무사사무소에서 이어집니다. 해운대구 법인설립등기 실무 안내 — 다옴법무사사무소 안윤정 법무사. 센텀, 재송동, 반여동, 우동, 좌동 일대 상담·서류·등기 대리. 전화·카카오톡 상담 가능. 비용",300,e25cb1038291a937
/해운대구부동산등기,"해운대구는 센텀시티·마린시티·재송·반여 일대 고가 아파트와 상가, 법인 사옥이 밀집해 상속·매매·법인등기 문의가 많은 지역입니다. 해운대구 마린시티, 우동, 센텀, 재송동, 반여동, 좌동에서 부동산등기를 진행할 때는 부동산·법인 소재지와 당사자 서류를 기준으로 관할과 순서를 맞춥니다. 이 페이지는 부동산등기만 다루며, 상담은 해운대 센텀 다옴법무사사무소에서 이어집니다. 해운대구는 센텀시티·마린시티·재송·반여 일대 고가 아파트와 상가, 법인 사옥이 밀집해 상속·매매·법인등기 문의가 많은 지역입니다. 해운대구 마린시티, 우동, 센텀, 재송동, 반여동, 좌동에서 부동산등기를 진행할 때는 부동산·법인 소재지와 당사자 서류를 기준으로 관할과 순서를 맞춥니다. 이 페이지는 부동산등기만 다루며, 상담은 해운대 센텀 다옴법무사사무소에서 이어집니다. 해운대구 부동산등기 실무 안내 — 다옴법무사사무소 안윤정 법무사. 마린시티, 우동, 센텀, 재송동, 반여동, 좌동 일대 상담·서류·등기 대리. 전화·카",302,7609ca1861b4da6b
/해운대구상속등기,"해운대구는 센텀시티·마린시티·재송·반여 일대 고가 아파트와 상가, 법인 사옥이 밀집해 상속·매매·법인등기 문의가 많은 지역입니다. 해운대구 센텀, 재송동, 반여동, 우동, 좌동에서 상속등기를 진행할 때는 부동산·법인 소재지와 당사자 서류를 기준으로 관할과 순서를 맞춥니다. 이 페이지는 상속등기만 다루며, 상담은 해운대 센텀 다옴법무사사무소에서 이어집니다. 해운대구는 센텀시티·마린시티·재송·반여 일대 고가 아파트와 상가, 법인 사옥이 밀집해 상속·매매·법인등기 문의가 많은 지역입니다. 해운대구 센텀, 재송동, 반여동, 우동, 좌동에서 상속등기를 진행할 때는 부동산·법인 소재지와 당사자 서류를 기준으로 관할과 순서를 맞춥니다. 이 페이지는 상속등기만 다루며, 상담은 해운대 센텀 다옴법무사사무소에서 이어집니다. 해운대구 상속등기 실무 안내 — 다옴법무사사무소 안윤정 법무사. 센텀, 재송동, 반여동, 우동, 좌동 일대 상담·서류·등기 대리. 전화·카카오톡 상담 가능. 해운대구 센텀·재송동·",312,4b9df0661665d823
/해운대구상속포기,"해운대구는 센텀시티·마린시티·재송·반여 일대 고가 아파트와 상가, 법인 사옥이 밀집해 상속·매매·법인등기 문의가 많은 지역입니다. 해운대구 좌동, 반여동, 센텀, 재송동, 우동에서 상속포기를 진행할 때는 부동산·법인 소재지와 당사자 서류를 기준으로 관할과 순서를 맞춥니다. 이 페이지는 상속포기만 다루며, 상담은 해운대 센텀 다옴법무사사무소에서 이어집니다. 해운대구는 센텀시티·마린시티·재송·반여 일대 고가 아파트와 상가, 법인 사옥이 밀집해 상속·매매·법인등기 문의가 많은 지역입니다. 해운대구 좌동, 반여동, 센텀, 재송동, 우동에서 상속포기를 진행할 때는 부동산·법인 소재지와 당사자 서류를 기준으로 관할과 순서를 맞춥니다. 이 페이지는 상속포기만 다루며, 상담은 해운대 센텀 다옴법무사사무소에서 이어집니다. 해운대구 상속포기 실무 안내 — 다옴법무사사무소 안윤정 법무사. 좌동, 반여동, 센텀, 재송동, 우동 일대 상담·서류·등기 대리. 전화·카카오톡 상담 가능. 비용 안내 상속포기는 ",310,c494e4f5fd39c862
/해운대구임원변경등기,"해운대구는 센텀시티·마린시티·재송·반여 일대 고가 아파트와 상가, 법인 사옥이 밀집해 상속·매매·법인등기 문의가 많은 지역입니다. 해운대구 센텀, 우동, 재송동, 반여동, 좌동에서 임원변경등기를 진행할 때는 부동산·법인 소재지와 당사자 서류를 기준으로 관할과 순서를 맞춥니다. 이 페이지는 임원변경등기만 다루며, 상담은 해운대 센텀 다옴법무사사무소에서 이어집니다. 해운대구는 센텀시티·마린시티·재송·반여 일대 고가 아파트와 상가, 법인 사옥이 밀집해 상속·매매·법인등기 문의가 많은 지역입니다. 해운대구 센텀, 우동, 재송동, 반여동, 좌동에서 임원변경등기를 진행할 때는 부동산·법인 소재지와 당사자 서류를 기준으로 관할과 순서를 맞춥니다. 이 페이지는 임원변경등기만 다루며, 상담은 해운대 센텀 다옴법무사사무소에서 이어집니다. 해운대구 임원변경등기 실무 안내 — 다옴법무사사무소 안윤정 법무사. 센텀, 우동, 재송동, 반여동, 좌동 일대 상담·서류·등기 대리. 전화·카카오톡 상담 가능. 비용",293,6b0aa68585d2af6f
/해운대구한정승인,"해운대구는 센텀시티·마린시티·재송·반여 일대 고가 아파트와 상가, 법인 사옥이 밀집해 상속·매매·법인등기 문의가 많은 지역입니다. 해운대구 센텀, 우동, 재송동, 반여동, 좌동에서 한정승인를 진행할 때는 부동산·법인 소재지와 당사자 서류를 기준으로 관할과 순서를 맞춥니다. 이 페이지는 한정승인만 다루며, 상담은 해운대 센텀 다옴법무사사무소에서 이어집니다. 해운대구는 센텀시티·마린시티·재송·반여 일대 고가 아파트와 상가, 법인 사옥이 밀집해 상속·매매·법인등기 문의가 많은 지역입니다. 해운대구 센텀, 우동, 재송동, 반여동, 좌동에서 한정승인를 진행할 때는 부동산·법인 소재지와 당사자 서류를 기준으로 관할과 순서를 맞춥니다. 이 페이지는 한정승인만 다루며, 상담은 해운대 센텀 다옴법무사사무소에서 이어집니다. 해운대구 한정승인 실무 안내 — 다옴법무사사무소 안윤정 법무사. 센텀, 우동, 재송동, 반여동, 좌동 일대 상담·서류·등기 대리. 전화·카카오톡 상담 가능. 비용 안내 한정승인은 ",302,e03eed7f37aa4280
/해운대법무사,"해운대에서 법무사를 찾으시면 센텀 업무지구, 재송·반여 주거, 우동·좌동 해안 주거를 나눠 보시면 됩니다. 이 페이지는 해운대구 전체 허브입니다. 다옴법무사사무소는 해운대 센텀에 있어 방문 상담이 가깝고, 전화·카카오톡으로도 진행합니다. 해운대에서 법무사를 찾으시면 센텀 업무지구, 재송·반여 주거, 우동·좌동 해안 주거를 나눠 보시면 됩니다. 이 페이지는 해운대구 전체 허브입니다. 다옴법무사사무소는 해운대 센텀에 있어 방문 상담이 가깝고, 전화·카카오톡으로도 진행합니다. 이 페이지에서는 부동산등기·상속·증여를 중심으로 설명합니다. 고가 아파트·상가는 잔금일·담보 말소·공동명의가 겹치는 경우가 많아, 계약서와 등기부를 함께 보는 것이 안전합니다. 센텀 법인·본점이전은 센텀 페이지, 재송·반여·우동·좌동은 각 생활권 페이지에서 이어서 확인하시면 됩니다. 해운대구 부동산등기 관할은 동부지원 등기과입니다. 이 페이지에서 다루는 해운대 업무 통계로 ‘많다’고 단정하지 않습니다. 해운대 검색 ",551,63e912abf16a1538
/해운대비영리법인설립,"해운대 소재 비영리법인은 사단·재단 중 형태를 정한 뒤 주무관청 허가 후 3주 이내 설립등기합니다. 해운대 소재 비영리법인은 사단·재단 중 형태를 정한 뒤 주무관청 허가 후 3주 이내 설립등기합니다. 해운대구·센텀시티에 주사무소를 두는 협회·학회·문화·복지 단체는 부산 비영리법인 설립 절차를 따릅니다. 상담 시 확인하는 내용 해운대 비영리법인 설립 사건은 서류·관할·기한에 따라 진행 순서가 달라집니다. 다옴법무사사무소는 부산 해운대구·센텀에서 상속등기·부동산등기·법인등기·개인회생·파산 등을 다루며, 의뢰인 상황에 맞춰 절차와 비용을 알기 쉽게 설명합니다. 불확실한 부분은 추측으로 단정하지 않고, 확인된 사실을 바탕으로 안내드립니다. 전화·카카오톡·네이버 톡톡으로 간단히 상황을 남겨 주시면 필요한 준비부터 차분히 정리해 드리겠습니다. 해운대 비영리법인 설립 상담은 어디서 받을 수 있나요? 다옴법무사사무소는 해운대구 센텀에 있으며, 부산 전역 사건을 전화·카카오톡·네이버 톡톡·방문(예약",144,d2faf3b5d94a5e5f
/해운대상가오피스텔건물등기,"해운대 상가·오피스텔은 집합 전유 표시를 기준으로 보존·이전·표시변경·담보를 고르세요. 명의인표시변경과 건물표시변경을 구분합니다. 해운대 상가·오피스텔은 집합 전유 표시를 기준으로 보존·이전·표시변경·담보를 고르세요. 명의인표시변경과 건물표시변경을 구분합니다. 해운대·센텀의 상가·오피스텔은 집합건물 전유·공용·대지권과 임대·담보·보존이 겹치는 건물등기 수요가 큽니다. 비용 안내 비용은 전유 수·일괄 여부, 표시변경 동반, 담보·말소 동반 등에 따라 달라질 수 있습니다. 관할·접근 안내 부동산 소재지 관할 등기소 기준으로 접수하며, 부산 해운대·센텀 다옴법무사사무소에서 상담·수임을 진행합니다. 사무소: 부산광역시 해운대구 센텀동로 200 D동 1층 LAB9호 법무사는 부동산등기(건물·토지) 신청·서류 작성·접수 대리 등 등기 관련 업무를 지원합니다. 건축 인허가·철거 공사·세무·소송대리는 별도 전문 영역이며, 사안별로 지원 범위를 확인합니다. 결과를 보장하거나 ‘무조건 해결’로 안내하",191,9fa22993dedb948a
/해운대여성법무사,해운대 여성 법무사 관련 문의는 검색 키워드만으로 절차가 결정되지 않는 경우가 많습니다. 피상속인 사망 후 부동산·토지 등기명의를 상속인 명의로 이전하는 절차입니다. 부산 전역 아파트·상가·토지 상속 사건을 다룹니다. 센텀·재송·반여·우동·좌동 일대 고가 부동산·법인 사옥 등기 수요가 가장 많은 구입니다. 다옴법무사사무소는 상황을 듣고 다음 단계부터 정리합니다. 해운대 여성 법무사 관련 문의는 검색 키워드만으로 절차가 결정되지 않는 경우가 많습니다. 피상속인 사망 후 부동산·토지 등기명의를 상속인 명의로 이전하는 절차입니다. 부산 전역 아파트·상가·토지 상속 사건을 다룹니다. 센텀·재송·반여·우동·좌동 일대 고가 부동산·법인 사옥 등기 수요가 가장 많은 구입니다. 다옴법무사사무소는 상황을 듣고 다음 단계부터 정리합니다. 센텀·재송·반여·우동·좌동 일대 고가 부동산·법인 사옥 등기 수요가 가장 많은 구입니다. 피상속인 사망 후 부동산·토지 등기명의를 상속인 명의로 이전하는 절차입니다.,523,2ecd55270754d0f2
/해운대역법무사,"해운대역 법무사를 찾으시면 해운대역·중동 상권으로 오시는 동선의 상가·주거 등기를 이 역세권 안내에서 연결하시면 됩니다. 중동 생활권 본문은 중동 법무사 안내, 구 전체는 해운대 안내가 Primary Host에 가깝습니다. 해운대역 법무사를 찾으시면 해운대역·중동 상권으로 오시는 동선의 상가·주거 등기를 이 역세권 안내에서 연결하시면 됩니다. 중동 생활권 본문은 중동 법무사 안내, 구 전체는 해운대 안내가 Primary Host에 가깝습니다. 해운대역 법무사를 찾으시면 해운대역·중동 상권으로 오시는 동선의 상가·주거 등기를 이 역세권 안내에서 연결하시면 됩니다. 중동 생활권 본문은 중동 법무사 안내, 구 전체는 해운대 안내가 Primary Host에 가깝습니다. 해운대역과 중동·해운대 허브 역 검색은 접근 동선이고, 해운대역 앞 상가·오피스텔 등기는 중동 안내, 해운대구 전체 분기는 해운대 안내를 보시면 됩니다. 센텀·우동과의 구분 센텀시티역·법인 오피스는 센텀 안내, 마린시티·우동",264,b0e44fa68dd65e3a
/해운대역부동산등기,"해운대역에서 부동산등기을(를) 진행하려면 관할 확인 후 서류 체크리스트부터 잡는 편이 안전합니다. 해운대역·중동 인근 주거·상가 등기 상담을 안내합니다. 매매·증여·상속 등 원인별 부동산 등기 전반을 다룹니다. 관할 등기소 확인이 우선입니다. 상담 시 서류·일정·비용 범위를 항목별로 안내합니다. 해운대역에서 부동산등기을(를) 진행하려면 관할 확인 후 서류 체크리스트부터 잡는 편이 안전합니다. 해운대역·중동 인근 주거·상가 등기 상담을 안내합니다. 매매·증여·상속 등 원인별 부동산 등기 전반을 다룹니다. 관할 등기소 확인이 우선입니다. 상담 시 서류·일정·비용 범위를 항목별로 안내합니다. 해운대역·중동 인근 주거·상가 등기 상담을 안내합니다. 매매·증여·상속 등 원인별 부동산 등기 전반을 다룹니다. 관할 등기소 확인이 우선입니다. 선박등기 법인 결의·취임승낙·인감 원본을 대조하고, 과태료 기한을 결의일부터 역산합니다. 산업단지·재개발·재건축처럼 특수한 권리관계는 일반 매매 체크리스트와",450,b2beb77368d988e1
/해운대재개발상속등기,"부산에서 해운대 재개발 상속등기 관련 문의가 늘고 있습니다. 해운대구 재개발·재건축 지역 상속 재개발·재건축·신축 분양·토지 상속 등은 일반 매매와 권리 관계가 다릅니다. 우동, 재송동 일대 사건도 조합원 지위·분양권·저당권·상속인 협의가 겹치면 절차가 복잡해집니다. 다옴법무사사무소는 조합원 지위 승계 신축 전후 권리 변동 등 실무 포인트를 중심으로 상담·진행합니다. 부산에서 해운대 재개발 상속등기 관련 문의가 늘고 있습니다. 해운대구 재개발·재건축 지역 상속 재개발·재건축·신축 분양·토지 상속 등은 일반 매매와 권리 관계가 다릅니다. 우동, 재송동 일대 사건도 조합원 지위·분양권·저당권·상속인 협의가 겹치면 절차가 복잡해집니다. 다옴법무사사무소는 조합원 지위 승계 신축 전후 권리 변동 등 실무 포인트를 중심으로 상담·진행합니다. 부산 해운대 재개발 상속등기 — 해운대구 재개발·재건축 지역 상속. 다옴법무사사무소 안윤정 법무사. 우동, 재송동 상담. 비용 안내 해운대 재개발 상속등기",304,6c87e345ccbdc3dd
/해운회사법인등기,해운회사 법인등기 관련 문의는 검색 키워드만으로 절차가 결정되지 않는 경우가 많습니다. 주식회사·유한회사 등 법인의 설립 이후 변경·이전 등기를 처리합니다. 센텀·서면 일대 법인 설립·임원변경·본점이전을 안내합니다. 부산광역시 전역 상속등기·부동산등기·법인등기·개인회생·파산 등 법무사 업무를 다루는 핵심 지역입니다. 다옴법무사사무소는 상황을 듣고 다음 단계부터 정리합니다. 해운회사 법인등기 관련 문의는 검색 키워드만으로 절차가 결정되지 않는 경우가 많습니다. 주식회사·유한회사 등 법인의 설립 이후 변경·이전 등기를 처리합니다. 센텀·서면 일대 법인 설립·임원변경·본점이전을 안내합니다. 부산광역시 전역 상속등기·부동산등기·법인등기·개인회생·파산 등 법무사 업무를 다루는 핵심 지역입니다. 다옴법무사사무소는 상황을 듣고 다음 단계부터 정리합니다. 부산광역시 전역 상속등기·부동산등기·법인등기·개인회생·파산 등 법무사 업무를 다루는 핵심 지역입니다. 주식회사·유한회사 등 법인의 설립 이후 변,450,c9779a4acdcd4097
/협동조합과주식회사차이,"공동 사업·민주적 운영이면 협동조합, 투자·지분 거래·스케일업이면 주식회사를 검토합니다. 공동 사업·민주적 운영이면 협동조합, 투자·지분 거래·스케일업이면 주식회사를 검토합니다. 협동조합은 조합원 1인 1표, 주식회사는 주식 비율에 따른 의결권이 원칙입니다. 상담 시 확인하는 내용 협동조합과 주식회사 차이 사건은 서류·관할·기한에 따라 진행 순서가 달라집니다. 다옴법무사사무소는 부산 해운대구·센텀에서 상속등기·부동산등기·법인등기·개인회생·파산 등을 다루며, 의뢰인 상황에 맞춰 절차와 비용을 알기 쉽게 설명합니다. 불확실한 부분은 추측으로 단정하지 않고, 확인된 사실을 바탕으로 안내드립니다. 전화·카카오톡·네이버 톡톡으로 간단히 상황을 남겨 주시면 필요한 준비부터 차분히 정리해 드리겠습니다. 협동조합과 주식회사 차이 상담은 어디서 받을 수 있나요? 다옴법무사사무소는 해운대구 센텀에 있으며, 부산 전역 사건을 전화·카카오톡·네이버 톡톡·방문(예약)으로 상담합니다. 비용은 어떻게 안내되나",132,c3ba1758fd5d5bf0
/협동조합임원변경등기,"협동조합 임원변경은 정관상 결의 후 취임·사임 서류를 첨부해 등기하는 절차입니다. 조합원 교체와 임원 등기를 혼동하지 말고, 결의일 기준 등기 기한을 먼저 확인하는 것이 안전합니다. 협동조합 임원변경은 정관상 결의 후 취임·사임 서류를 첨부해 등기하는 절차입니다. 조합원 교체와 임원 등기를 혼동하지 말고, 결의일 기준 등기 기한을 먼저 확인하는 것이 안전합니다. 협동조합도 이사·대표가 바뀌면 등기가 필요합니다. 상담 시 확인하는 내용 협동조합 임원변경등기 사건은 서류·관할·기한에 따라 진행 순서가 달라집니다. 다옴법무사사무소는 부산 해운대구·센텀에서 상속등기·부동산등기·법인등기·개인회생·파산 등을 다루며, 의뢰인 상황에 맞춰 절차와 비용을 알기 쉽게 설명합니다. 불확실한 부분은 추측으로 단정하지 않고, 확인된 사실을 바탕으로 안내드립니다. 전화·카카오톡·네이버 톡톡으로 간단히 상황을 남겨 주시면 필요한 준비부터 차분히 정리해 드리겠습니다. 조합원이 바뀌면 등기가 필요한가요? 조합원 ",147,f01077cf9b791808
/협동조합해산청산등기,"협동조합 해산·청산은 총회 결의 후 해산등기 → 청산 → 청산종결등기 흐름으로 진행하는 경우가 많습니다. 출자·채무·사회적협동조합 여부를 먼저 확인한 뒤 순서를 잡는 것이 안전합니다. 협동조합 해산·청산은 총회 결의 후 해산등기 → 청산 → 청산종결등기 흐름으로 진행하는 경우가 많습니다. 출자·채무·사회적협동조합 여부를 먼저 확인한 뒤 순서를 잡는 것이 안전합니다. 협동조합 해산은 총회 결의 후 해산등기·청산 절차가 필요합니다. 상담 시 확인하는 내용 협동조합 해산·청산등기 사건은 서류·관할·기한에 따라 진행 순서가 달라집니다. 다옴법무사사무소는 부산 해운대구·센텀에서 상속등기·부동산등기·법인등기·개인회생·파산 등을 다루며, 의뢰인 상황에 맞춰 절차와 비용을 알기 쉽게 설명합니다. 불확실한 부분은 추측으로 단정하지 않고, 확인된 사실을 바탕으로 안내드립니다. 전화·카카오톡·네이버 톡톡으로 간단히 상황을 남겨 주시면 필요한 준비부터 차분히 정리해 드리겠습니다. 폐업 신고만 하면 되나요",152,d97842f99d387153
/협업문의,"개인 의뢰는 상담 안내로, 전문직·기업·기관의 협업·복대리·프로젝트 문의는 이 페이지에서 작성합니다. 개인 의뢰는 상담 안내로, 전문직·기업·기관의 협업·복대리·프로젝트 문의는 이 페이지에서 작성합니다. 개인 의뢰는 상담 안내로, 전문직·기업·기관의 협업·복대리·프로젝트 문의는 이 페이지에서 작성합니다. 상담 시 확인하는 내용 협업·복대리·프로젝트 문의서를 작성해 주세요 사건은 서류·관할·기한에 따라 진행 순서가 달라집니다. 다옴법무사사무소는 부산 해운대구·센텀에서 상속등기·부동산등기·법인등기·개인회생·파산 등을 다루며, 의뢰인 상황에 맞춰 절차와 비용을 알기 쉽게 설명합니다. 불확실한 부분은 추측으로 단정하지 않고, 확인된 사실을 바탕으로 안내드립니다. 전화·카카오톡·네이버 톡톡으로 간단히 상황을 남겨 주시면 필요한 준비부터 차분히 정리해 드리겠습니다. 개인 상속·회생 상담도 여기서 하나요? 개인 의뢰(상속·등기·회생 등)는 상담 안내 또는 상담 신청 페이지를 이용해 주세요. 이 ",129,08313925770cd235
/협회사단법인설립,"협회 사단법인 설립은 주무관청 허가 후 설립등기가 필요합니다. 법무사는 허가 이후 등기 단계를 지원합니다. 협회 사단법인 설립은 주무관청 허가 후 설립등기가 필요합니다. 법무사는 허가 이후 등기 단계를 지원합니다. 업종·종목·지역 협회는 회원 기반 비영리 목적에 맞아 사단법인 형태로 설립하는 경우가 많습니다. 상담 시 확인하는 내용 협회 사단법인 설립 사건은 서류·관할·기한에 따라 진행 순서가 달라집니다. 다옴법무사사무소는 부산 해운대구·센텀에서 상속등기·부동산등기·법인등기·개인회생·파산 등을 다루며, 의뢰인 상황에 맞춰 절차와 비용을 알기 쉽게 설명합니다. 불확실한 부분은 추측으로 단정하지 않고, 확인된 사실을 바탕으로 안내드립니다. 전화·카카오톡·네이버 톡톡으로 간단히 상황을 남겨 주시면 필요한 준비부터 차분히 정리해 드리겠습니다. 전국 협회도 부산에서 설립할 수 있나요? 주사무소 소재지 관할로 허가·등기가 이뤄집니다. 전국 단위 협회도 주사무소 위치에 따라 관할이 정해집니다. ",144,35d272e9448d4262
/화명동법무사,"화명동에서 자주 듣는 질문은 ‘아파트 잔금일에 매도인의 대출 말소가 늦으면 어떻게 되는가’, ‘부모님이 남긴 아파트를 세 자녀가 어떻게 나누는가’, ‘부부 공동명의 중 한 지분을 자녀에게 넘길 수 있는가’입니다. 매매에서는 말소와 이전등기가 같은 날 진행되는 구조를 이해하고, 금융기관 서류·매도인 인감·취득세 신고의 준비 시점을 맞춰야 합니다. 상속에서는 상속인 전원이 합의한 분할 방식이 등기신청과 맞아야 하고, 상속재산 중 부동산 외 채무나 예금도 있는지 살펴볼 필요가 있습니다. 증여는 가족 사이의 합의만으로 끝나는 것이 아니라 이전 원인에 맞는 서류와 세금 신고 검토가 필요합니다. 화명신도시의 대단지라는 이유로 절차가 단순해지는 것은 아니므로, 동·호수와 권리관계별로 확인한 뒤 거래·상속 일정을 정리합니다. 화명동에서는 화명신도시 대단지 실거주 아파트를 볼 때 대출 말소 일정과 가족 간 지분 이전의 선택를 매매·증여계약서와 금융기관 말소 서류와 맞춰 확인합니다. 다옴법무사사무소는",640,567f749ba7ae96a1
/화명동부동산등기,부동산등기을(를) 화명동 기준으로 볼 때는 동일 절차라도 등기소·법원 창구가 사건별로 갈릴 수 있습니다. 화명·금곡 일대 대단지 아파트 등기 수요가 있는 동입니다. 매매·증여·상속 등 원인별 부동산 등기 전반을 다룹니다. 관할 등기소 확인이 우선입니다. 상담 시 서류·일정·비용 범위를 항목별로 안내합니다. 부동산등기을(를) 화명동 기준으로 볼 때는 동일 절차라도 등기소·법원 창구가 사건별로 갈릴 수 있습니다. 화명·금곡 일대 대단지 아파트 등기 수요가 있는 동입니다. 매매·증여·상속 등 원인별 부동산 등기 전반을 다룹니다. 관할 등기소 확인이 우선입니다. 상담 시 서류·일정·비용 범위를 항목별로 안내합니다. 화명·금곡 일대 대단지 아파트 등기 수요가 있는 동입니다. 매매·증여·상속 등 원인별 부동산 등기 전반을 다룹니다. 관할 등기소 확인이 우선입니다. 지역별 업무 상황 상속 승인 방식(단순·한정·포기)을 등기 일정과 분리해 먼저 가립니다. 3개월 기한을 별도 표시합니다. 잔금·인도,474,eb197c0de2713b15
/화재소실건물멸실등기,"화재·소실 건물은 소실 증빙과 대장 정리를 갖춘 뒤 멸실등기로 등기부를 폐쇄합니다. 일부 손상만 있는 경우 전면 멸실과 다른 등기일 수 있습니다. 화재·소실 건물은 소실 증빙과 대장 정리를 갖춘 뒤 멸실등기로 등기부를 폐쇄합니다. 일부 손상만 있는 경우 전면 멸실과 다른 등기일 수 있습니다. 화재·재해로 건물이 없어진 경우에도 등기부는 남습니다. 소실 사실을 입증할 서류를 갖춰 멸실등기를 진행합니다. 비용 안내 비용은 소실 증빙 발급·보완 횟수, 전부 멸실 vs 일부 표시변경 분기, 보험·복구 일정과의 병행 등에 따라 달라질 수 있습니다. 관할·접근 안내 부동산 소재지 관할 등기소 기준으로 접수하며, 부산 해운대·센텀 다옴법무사사무소에서 상담·수임을 진행합니다. 사무소: 부산광역시 해운대구 센텀동로 200 D동 1층 LAB9호 법무사는 부동산등기(건물·토지) 신청·서류 작성·접수 대리 등 등기 관련 업무를 지원합니다. 건축 인허가·철거 공사·세무·소송대리는 별도 전문 영역이며, 사안",252,b22315360cc52f25
/환경단체사단법인설립,"환경단체 사단법인은 민법상 비영리 사단법인 설립 절차를 따릅니다. 환경단체 사단법인은 민법상 비영리 사단법인 설립 절차를 따릅니다. 환경보호·생태계 보전·기후·재활용 등 목적의 단체는 사단법인으로 설립할 수 있습니다. 상담 시 확인하는 내용 환경단체 사단법인 설립 사건은 서류·관할·기한에 따라 진행 순서가 달라집니다. 다옴법무사사무소는 부산 해운대구·센텀에서 상속등기·부동산등기·법인등기·개인회생·파산 등을 다루며, 의뢰인 상황에 맞춰 절차와 비용을 알기 쉽게 설명합니다. 불확실한 부분은 추측으로 단정하지 않고, 확인된 사실을 바탕으로 안내드립니다. 전화·카카오톡·네이버 톡톡으로 간단히 상황을 남겨 주시면 필요한 준비부터 차분히 정리해 드리겠습니다. 환경단체 사단법인 설립 상담은 어디서 받을 수 있나요? 다옴법무사사무소는 해운대구 센텀에 있으며, 부산 전역 사건을 전화·카카오톡·네이버 톡톡·방문(예약)으로 상담합니다. 비용은 어떻게 안내되나요? 사건 복잡도·부동산 가액·상속인 수·채무",131,6cc5e4543a8b3c57
/회계법인설립등기,"회계법인 설립등기는 공인회계사법상 설립 인가·등록 후 관할 등기소에 접수합니다. 법무사는 등기 단계만 지원합니다. 회계법인 설립등기는 공인회계사법상 설립 인가·등록 후 관할 등기소에 접수합니다. 법무사는 등기 단계만 지원합니다. 회계법인은 공인회계사법에 따른 공인회계사법인으로, 설립 인가·등록과 법인설립등기가 분리됩니다. 상담 시 확인하는 내용 회계법인 설립등기 사건은 서류·관할·기한에 따라 진행 순서가 달라집니다. 다옴법무사사무소는 부산 해운대구·센텀에서 상속등기·부동산등기·법인등기·개인회생·파산 등을 다루며, 의뢰인 상황에 맞춰 절차와 비용을 알기 쉽게 설명합니다. 불확실한 부분은 추측으로 단정하지 않고, 확인된 사실을 바탕으로 안내드립니다. 전화·카카오톡·네이버 톡톡으로 간단히 상황을 남겨 주시면 필요한 준비부터 차분히 정리해 드리겠습니다. 회계 업무도 법무사가 하나요? 하지 않습니다. 회계·감사·세무는 공인회계사·세무사 영역입니다. 법무사는 법인 등기신청과 관련 서류만 지원합",132,df386cad49708d62
/휴면법인계속등기준비,"등기소·관할에서 휴면법인 관련 통지를 받았거나, 오랜 기간 등기 변경이 없다가 회사를 다시 쓰려 할 때 계속등기를 검토합니다. 사업자만 폐업하고 법인이 남은 경우의 정리 안내와 시작점이 다릅니다. 폐업 후 정리는 `/사업자폐업후법인정리`를, 휴면 상태에서 계속할지 해산할지는 이 페이지와 해산 안내를 함께 보세요. 등기소·관할에서 휴면법인 관련 통지를 받았거나, 오랜 기간 등기 변경이 없다가 회사를 다시 쓰려 할 때 계속등기를 검토합니다. 사업자만 폐업하고 법인이 남은 경우의 정리 안내와 시작점이 다릅니다. 폐업 후 정리는 `/사업자폐업후법인정리`를, 휴면 상태에서 계속할지 해산할지는 이 페이지와 해산 안내를 함께 보세요. 등기소·관할에서 휴면법인 관련 통지를 받았거나, 오랜 기간 등기 변경이 없다가 회사를 다시 쓰려 할 때 계속등기를 검토합니다. 사업자만 폐업하고 법인이 남은 경우의 정리 안내와 시작점이 다릅니다. 폐업 후 정리는 `/사업자폐업후법인정리`를, 휴면 상태에서 계속할지 ",232,c9687a22b52e2382
/about,"다옴법무사사무소 안윤정 법무사 프로필. 법무사·공인중개사·신용관리사·직업상담사, 교사 자격, 부산대 행정대학원 재학, 대한법무사협회 표창, 기획예산처·부산시·해운대구·민주평통 자문, 시민도서관·청년기관 법률 강의. 다옴법무사사무소 안윤정 법무사 프로필. 법무사·공인중개사·신용관리사·직업상담사, 교사 자격, 부산대 행정대학원 재학, 대한법무사협회 표창, 기획예산처·부산시·해운대구·민주평통 자문, 시민도서관·청년기관 법률 강의. 부산 해운대구·센텀에 위치한 다옴법무사사무소 안윤정 법무사가 절차·서류·비용을 항목별로 설명드립니다. 막막할수록 지금 무엇부터 해야 하는지부터 정리하는 것이 우선이라고 생각합니다. 안윤정 법무사 소개 다옴법무사사무소 안윤정 법무사 프로필. 법무사·공인중개사·신용관리사·직업상담사, 교사 자격, 부산대 행정대학원 재학, 대한법무사협회 표창, 기획예산처·부산시·해운대구·민주평통 자문, 시민도서관·청년기관 법률 강의. 안윤정 법무사 해운대 법무사 다옴법무사사무소 상담 ",183,0367ece85f1f3aac
/blog,"다옴법무사사무소 공식 네이버 블로그 안내 페이지입니다. 최신 법률정보와 상담 사례는 네이버 블로그에서 확인하실 수 있습니다. 다옴법무사사무소 공식 네이버 블로그 안내 페이지입니다. 최신 법률정보와 상담 사례는 네이버 블로그에서 확인하실 수 있습니다. 부산 해운대구·센텀에 위치한 다옴법무사사무소 안윤정 법무사가 절차·서류·비용을 항목별로 설명드립니다. 막막할수록 지금 무엇부터 해야 하는지부터 정리하는 것이 우선이라고 생각합니다. 다옴법무사사무소 네이버 블로그 다옴법무사사무소 공식 네이버 블로그 안내 페이지입니다. 최신 법률정보와 상담 사례는 네이버 블로그에서 확인하실 수 있습니다. 다옴법무사사무소 부산 법무사 다옴법무사사무소 상담 시 확인하는 내용 다옴법무사사무소 네이버 블로그 안내 사건은 서류·관할·기한에 따라 진행 순서가 달라집니다. 다옴법무사사무소는 부산 해운대구·센텀에서 상속등기·부동산등기·법인등기·개인회생·파산 등을 다루며, 의뢰인 상황에 맞춰 절차와 비용을 알기 쉽게 설명합",178,b2e5ef056bfa7c9a
/blog/bankruptcy-vs-discharge-difference,"개인파산 절차와 면책 결정의 의미, 개인회생과의 차이를 이해하기 쉽게 정리합니다. 개인파산 절차와 면책 결정의 의미, 개인회생과의 차이를 이해하기 쉽게 정리합니다. 부산 지역 의뢰인을 위한 회생·파산 글입니다. 회생·파산 아래 상세 안내에서 절차·주의사항·준비 포인트를 확인하실 수 있습니다. 개인파산 면책 부산 법무사 해운대 법무사 센텀 법무사 상담 시 확인하는 내용 개인파산과 면책의 차이 사건은 서류·관할·기한에 따라 진행 순서가 달라집니다. 다옴법무사사무소는 부산 해운대구·센텀에서 상속등기·부동산등기·법인등기·개인회생·파산 등을 다루며, 의뢰인 상황에 맞춰 절차와 비용을 알기 쉽게 설명합니다. 불확실한 부분은 추측으로 단정하지 않고, 확인된 사실을 바탕으로 안내드립니다. 전화·카카오톡·네이버 톡톡으로 간단히 상황을 남겨 주시면 필요한 준비부터 차분히 정리해 드리겠습니다. 개인파산과 면책의 차이 상담은 어디서 받을 수 있나요? 다옴법무사사무소는 해운대구 센텀에 있으며, 부산 전역 ",149,3aa7321563803b98
/blog/bankruptcy-vs-personal-rehabilitation,"채무 문제 해결 시 파산과 개인회생의 차이, 선택 기준을 비교합니다. 다옴법무사사무소 안윤정 법무사. 채무 문제 해결 시 파산과 개인회생의 차이, 선택 기준을 비교합니다. 다옴법무사사무소 안윤정 법무사. 부산 지역 의뢰인을 위한 채무조정 안내 글입니다. 채무조정 안내 아래 상세 안내에서 절차·주의사항·준비 포인트를 확인하실 수 있습니다. 파산 개인회생 부산 법무사 상담 시 확인하는 내용 파산과 개인회생의 차이 사건은 서류·관할·기한에 따라 진행 순서가 달라집니다. 다옴법무사사무소는 부산 해운대구·센텀에서 상속등기·부동산등기·법인등기·개인회생·파산 등을 다루며, 의뢰인 상황에 맞춰 절차와 비용을 알기 쉽게 설명합니다. 불확실한 부분은 추측으로 단정하지 않고, 확인된 사실을 바탕으로 안내드립니다. 전화·카카오톡·네이버 톡톡으로 간단히 상황을 남겨 주시면 필요한 준비부터 차분히 정리해 드리겠습니다. 파산과 개인회생의 차이 상담은 어디서 받을 수 있나요? 다옴법무사사무소는 해운대구 센텀에 ",153,ddcf9529f5388797
/blog/busan-company-establishment-documents,"부산·해운대·센텀에서 법인설립등기 시 필요한 준비서류와 발급 순서를 정리합니다. 부산·해운대·센텀에서 법인설립등기 시 필요한 준비서류와 발급 순서를 정리합니다. 부산 지역 의뢰인을 위한 법인등기 글입니다. 법인등기 아래 상세 안내에서 절차·주의사항·준비 포인트를 확인하실 수 있습니다. 법인설립 준비서류 부산 부산 법무사 해운대 법무사 센텀 법무사 상담 시 확인하는 내용 부산 법인설립등기 준비서류 사건은 서류·관할·기한에 따라 진행 순서가 달라집니다. 다옴법무사사무소는 부산 해운대구·센텀에서 상속등기·부동산등기·법인등기·개인회생·파산 등을 다루며, 의뢰인 상황에 맞춰 절차와 비용을 알기 쉽게 설명합니다. 불확실한 부분은 추측으로 단정하지 않고, 확인된 사실을 바탕으로 안내드립니다. 전화·카카오톡·네이버 톡톡으로 간단히 상황을 남겨 주시면 필요한 준비부터 차분히 정리해 드리겠습니다. 부산 법인설립등기 준비서류 상담은 어디서 받을 수 있나요? 다옴법무사사무소는 해운대구 센텀에 있으며, 부",146,a5cc364b103370e4
/blog/busan-inheritance-consultation-prep,"부산·해운대·센텀에서 상속등기 상담을 받기 전에 준비하면 시간을 절약할 수 있는 자료와 질문 목록을 정리합니다. 부산·해운대·센텀에서 상속등기 상담을 받기 전에 준비하면 시간을 절약할 수 있는 자료와 질문 목록을 정리합니다. 부산 지역 의뢰인을 위한 상속 안내 글입니다. 상속 안내 아래 상세 안내에서 절차·주의사항·준비 포인트를 확인하실 수 있습니다. 상속 상담 부산 상속등기 부산 법무사 해운대 법무사 센텀 법무사 상담 시 확인하는 내용 부산 상속등기 상담 전 준비사항 사건은 서류·관할·기한에 따라 진행 순서가 달라집니다. 다옴법무사사무소는 부산 해운대구·센텀에서 상속등기·부동산등기·법인등기·개인회생·파산 등을 다루며, 의뢰인 상황에 맞춰 절차와 비용을 알기 쉽게 설명합니다. 불확실한 부분은 추측으로 단정하지 않고, 확인된 사실을 바탕으로 안내드립니다. 전화·카카오톡·네이버 톡톡으로 간단히 상황을 남겨 주시면 필요한 준비부터 차분히 정리해 드리겠습니다. 부산 상속등기 상담 전 준비사",165,497f88644c328f2b
/blog/busan-inheritance-registration-procedure-documents,"부산에서 상속등기를 진행할 때 필요한 절차와 서류를 단계별로 정리합니다. 다옴법무사사무소 안윤정 법무사가 실무 기준으로 안내합니다. 부산에서 상속등기를 진행할 때 필요한 절차와 서류를 단계별로 정리합니다. 다옴법무사사무소 안윤정 법무사가 실무 기준으로 안내합니다. 부산 지역 의뢰인을 위한 상속 안내 글입니다. 상속 안내 아래 상세 안내에서 절차·주의사항·준비 포인트를 확인하실 수 있습니다. 상속등기 부산 상속등기 해운대 법무사 상담 시 확인하는 내용 부산 상속등기 절차와 준비서류 사건은 서류·관할·기한에 따라 진행 순서가 달라집니다. 다옴법무사사무소는 부산 해운대구·센텀에서 상속등기·부동산등기·법인등기·개인회생·파산 등을 다루며, 의뢰인 상황에 맞춰 절차와 비용을 알기 쉽게 설명합니다. 불확실한 부분은 추측으로 단정하지 않고, 확인된 사실을 바탕으로 안내드립니다. 전화·카카오톡·네이버 톡톡으로 간단히 상황을 남겨 주시면 필요한 준비부터 차분히 정리해 드리겠습니다. 부산 상속등기 절차",160,1f91716fabec32d5
/blog/busan-lawyer-consultation-documents,"상속·등기·회생 상담 전에 준비해 오시면 좋은 서류를 업무별로 정리합니다. 다옴법무사사무소 안윤정 법무사. 상속·등기·회생 상담 전에 준비해 오시면 좋은 서류를 업무별로 정리합니다. 다옴법무사사무소 안윤정 법무사. 부산 지역 의뢰인을 위한 상담 안내 글입니다. 상담 안내 아래 상세 안내에서 절차·주의사항·준비 포인트를 확인하실 수 있습니다. 법무사 상담 부산 법무사 준비서류 상담 시 확인하는 내용 부산 법무사 상담 전 준비하면 좋은 서류 사건은 서류·관할·기한에 따라 진행 순서가 달라집니다. 다옴법무사사무소는 부산 해운대구·센텀에서 상속등기·부동산등기·법인등기·개인회생·파산 등을 다루며, 의뢰인 상황에 맞춰 절차와 비용을 알기 쉽게 설명합니다. 불확실한 부분은 추측으로 단정하지 않고, 확인된 사실을 바탕으로 안내드립니다. 전화·카카오톡·네이버 톡톡으로 간단히 상황을 남겨 주시면 필요한 준비부터 차분히 정리해 드리겠습니다. 부산 법무사 상담 전 준비하면 좋은 서류 상담은 어디서 받을 ",160,f775a1ad6f72c78a
/blog/busan-lawyer-jurisdiction-checklist,"부산 법무사를 검색할 때 놓치기 쉬운 관할 등기소·가정법원·회생법원 확인 포인트를 정리합니다. 다옴법무사사무소 안윤정 법무사. 부산 법무사를 검색할 때 놓치기 쉬운 관할 등기소·가정법원·회생법원 확인 포인트를 정리합니다. 다옴법무사사무소 안윤정 법무사. 부산 지역 의뢰인을 위한 상담 안내 글입니다. 상담 안내 아래 상세 안내에서 절차·주의사항·준비 포인트를 확인하실 수 있습니다. 부산 법무사 관할 등기소 부산가정법원 등기 상담 상담 시 확인하는 내용 부산 법무사 고를 때 관할 등기소·법원부터 확인하는 이유 사건은 서류·관할·기한에 따라 진행 순서가 달라집니다. 다옴법무사사무소는 부산 해운대구·센텀에서 상속등기·부동산등기·법인등기·개인회생·파산 등을 다루며, 의뢰인 상황에 맞춰 절차와 비용을 알기 쉽게 설명합니다. 불확실한 부분은 추측으로 단정하지 않고, 확인된 사실을 바탕으로 안내드립니다. 전화·카카오톡·네이버 톡톡으로 간단히 상황을 남겨 주시면 필요한 준비부터 차분히 정리해 드리겠",168,7ff4394566abdef9
/blog/busan-lawyer-recommend-office-consult,"부산 법무사 추천, 부산 법무사 사무실, 부산 법무사 상담을 검색할 때 확인할 기준·위치·준비서류를 한 글에서 정리합니다. 해운대·센텀 다옴법무사사무소. 부산 법무사 추천, 부산 법무사 사무실, 부산 법무사 상담을 검색할 때 확인할 기준·위치·준비서류를 한 글에서 정리합니다. 해운대·센텀 다옴법무사사무소. 부산 지역 의뢰인을 위한 상담 안내 글입니다. 상담 안내 아래 상세 안내에서 절차·주의사항·준비 포인트를 확인하실 수 있습니다. 부산 법무사 추천 부산 법무사 사무실 부산 법무사 상담 해운대 법무사 센텀 법무사 상담 시 확인하는 내용 추천·사무실·상담 검색을 나누는 방법 사건은 서류·관할·기한에 따라 진행 순서가 달라집니다. 다옴법무사사무소는 부산 해운대구·센텀에서 상속등기·부동산등기·법인등기·개인회생·파산 등을 다루며, 의뢰인 상황에 맞춰 절차와 비용을 알기 쉽게 설명합니다. 불확실한 부분은 추측으로 단정하지 않고, 확인된 사실을 바탕으로 안내드립니다. 전화·카카오톡·네이버 톡톡",174,ed66fde3a1822a11
/blog/busan-real-estate-registration-documents,"부산·해운대·센텀에서 부동산등기(매매·상속·증여) 시 일반적으로 필요한 준비서류를 정리합니다. 부산·해운대·센텀에서 부동산등기(매매·상속·증여) 시 일반적으로 필요한 준비서류를 정리합니다. 부산 지역 의뢰인을 위한 부동산등기 글입니다. 부동산등기 아래 상세 안내에서 절차·주의사항·준비 포인트를 확인하실 수 있습니다. 부동산등기 서류 부산 부산 법무사 해운대 법무사 센텀 법무사 상담 시 확인하는 내용 부산 부동산등기 준비서류 사건은 서류·관할·기한에 따라 진행 순서가 달라집니다. 다옴법무사사무소는 부산 해운대구·센텀에서 상속등기·부동산등기·법인등기·개인회생·파산 등을 다루며, 의뢰인 상황에 맞춰 절차와 비용을 알기 쉽게 설명합니다. 불확실한 부분은 추측으로 단정하지 않고, 확인된 사실을 바탕으로 안내드립니다. 전화·카카오톡·네이버 톡톡으로 간단히 상황을 남겨 주시면 필요한 준비부터 차분히 정리해 드리겠습니다. 부산 부동산등기 준비서류 상담은 어디서 받을 수 있나요? 다옴법무사사무소는 ",144,8c39f83afebe5253
/blog/business-owner-rehabilitation-pre-check,"자영업·개인사업자가 개인회생을 검토할 때 소득 산정·사업장·부가채무를 확인할 항목을 정리합니다. 자영업·개인사업자가 개인회생을 검토할 때 소득 산정·사업장·부가채무를 확인할 항목을 정리합니다. 부산 지역 의뢰인을 위한 회생·파산 글입니다. 회생·파산 아래 상세 안내에서 절차·주의사항·준비 포인트를 확인하실 수 있습니다. 사업자 개인회생 부산 법무사 해운대 법무사 센텀 법무사 상담 시 확인하는 내용 사업자 개인회생 상담 전 확인사항 사건은 서류·관할·기한에 따라 진행 순서가 달라집니다. 다옴법무사사무소는 부산 해운대구·센텀에서 상속등기·부동산등기·법인등기·개인회생·파산 등을 다루며, 의뢰인 상황에 맞춰 절차와 비용을 알기 쉽게 설명합니다. 불확실한 부분은 추측으로 단정하지 않고, 확인된 사실을 바탕으로 안내드립니다. 전화·카카오톡·네이버 톡톡으로 간단히 상황을 남겨 주시면 필요한 준비부터 차분히 정리해 드리겠습니다. 사업자 개인회생 상담 전 확인사항 상담은 어디서 받을 수 있나요? 다",151,3779190da0a9d3b0
/blog/centum-lawyer-visit-day-flow,"해운대·센텀 법무사 방문 상담의 예약부터 상담·후속 안내까지 하루 흐름을 정리합니다. 다옴법무사사무소 안윤정 법무사. 해운대·센텀 법무사 방문 상담의 예약부터 상담·후속 안내까지 하루 흐름을 정리합니다. 다옴법무사사무소 안윤정 법무사. 부산 지역 의뢰인을 위한 상담 안내 글입니다. 상담 안내 아래 상세 안내에서 절차·주의사항·준비 포인트를 확인하실 수 있습니다. 센텀 법무사 방문상담 해운대 법무사 부산 법무사 상담 시 확인하는 내용 센텀 법무사 방문 상담, 하루 흐름과 준비물 사건은 서류·관할·기한에 따라 진행 순서가 달라집니다. 다옴법무사사무소는 부산 해운대구·센텀에서 상속등기·부동산등기·법인등기·개인회생·파산 등을 다루며, 의뢰인 상황에 맞춰 절차와 비용을 알기 쉽게 설명합니다. 불확실한 부분은 추측으로 단정하지 않고, 확인된 사실을 바탕으로 안내드립니다. 전화·카카오톡·네이버 톡톡으로 간단히 상황을 남겨 주시면 필요한 준비부터 차분히 정리해 드리겠습니다. 센텀 법무사 방문 상담",164,52202aa5cf38ba0d
/blog/ceo-address-change-registration,"법인 대표이사 주소만 바뀐 경우 임원변경등기(주소 변경) 절차와 필요 서류를 정리합니다. 법인 대표이사 주소만 바뀐 경우 임원변경등기(주소 변경) 절차와 필요 서류를 정리합니다. 부산 지역 의뢰인을 위한 법인등기 글입니다. 법인등기 아래 상세 안내에서 절차·주의사항·준비 포인트를 확인하실 수 있습니다. 대표이사 주소변경 임원변경등기 부산 법무사 해운대 법무사 센텀 법무사 상담 시 확인하는 내용 대표이사 주소 변경등기 사건은 서류·관할·기한에 따라 진행 순서가 달라집니다. 다옴법무사사무소는 부산 해운대구·센텀에서 상속등기·부동산등기·법인등기·개인회생·파산 등을 다루며, 의뢰인 상황에 맞춰 절차와 비용을 알기 쉽게 설명합니다. 불확실한 부분은 추측으로 단정하지 않고, 확인된 사실을 바탕으로 안내드립니다. 전화·카카오톡·네이버 톡톡으로 간단히 상황을 남겨 주시면 필요한 준비부터 차분히 정리해 드리겠습니다. 대표이사 주소 변경등기 상담은 어디서 받을 수 있나요? 다옴법무사사무소는 해운대구 ",152,6854ea5844cb5085
/blog/certified-mail-before-sending,"분쟁·채권·임대차 등 내용증명을 보내기 전에 문구·시기·효과·부작용을 점검할 항목을 정리합니다. 분쟁·채권·임대차 등 내용증명을 보내기 전에 문구·시기·효과·부작용을 점검할 항목을 정리합니다. 부산 지역 의뢰인을 위한 민사·채권 글입니다. 민사·채권 아래 상세 안내에서 절차·주의사항·준비 포인트를 확인하실 수 있습니다. 내용증명 채권 부산 법무사 해운대 법무사 센텀 법무사 상담 시 확인하는 내용 내용증명 보내기 전 주의사항 사건은 서류·관할·기한에 따라 진행 순서가 달라집니다. 다옴법무사사무소는 부산 해운대구·센텀에서 상속등기·부동산등기·법인등기·개인회생·파산 등을 다루며, 의뢰인 상황에 맞춰 절차와 비용을 알기 쉽게 설명합니다. 불확실한 부분은 추측으로 단정하지 않고, 확인된 사실을 바탕으로 안내드립니다. 전화·카카오톡·네이버 톡톡으로 간단히 상황을 남겨 주시면 필요한 준비부터 차분히 정리해 드리겠습니다. 내용증명 보내기 전 주의사항 상담은 어디서 받을 수 있나요? 다옴법무사사무소",149,a595c2149011b684
/blog/company-establishment-registration-checklist,"법인 설립 등기 전에 정관·자본금·본점·임원 등을 점검할 항목을 정리합니다. 다옴법무사사무소 안윤정 법무사. 법인 설립 등기 전에 정관·자본금·본점·임원 등을 점검할 항목을 정리합니다. 다옴법무사사무소 안윤정 법무사. 센텀 지역 의뢰인을 위한 법인 안내 글입니다. 법인 안내 아래 상세 안내에서 절차·주의사항·준비 포인트를 확인하실 수 있습니다. 법인설립 부산 법인등기 센텀 법무사 상담 시 확인하는 내용 법인설립등기 전 확인할 사항 사건은 서류·관할·기한에 따라 진행 순서가 달라집니다. 다옴법무사사무소는 부산 해운대구·센텀에서 상속등기·부동산등기·법인등기·개인회생·파산 등을 다루며, 의뢰인 상황에 맞춰 절차와 비용을 알기 쉽게 설명합니다. 불확실한 부분은 추측으로 단정하지 않고, 확인된 사실을 바탕으로 안내드립니다. 전화·카카오톡·네이버 톡톡으로 간단히 상황을 남겨 주시면 필요한 준비부터 차분히 정리해 드리겠습니다. 법인설립등기 전 확인할 사항 상담은 어디서 받을 수 있나요? 다옴법무",154,44d0b0e7ae63fb93
/blog/complaint-filing-required-materials,"민사 소송 소장을 제출하기 전에 사실관계·증빙·청구취지를 정리할 때 필요한 자료를 안내합니다. 민사 소송 소장을 제출하기 전에 사실관계·증빙·청구취지를 정리할 때 필요한 자료를 안내합니다. 부산 지역 의뢰인을 위한 민사·채권 글입니다. 민사·채권 아래 상세 안내에서 절차·주의사항·준비 포인트를 확인하실 수 있습니다. 소장 민사소송 부산 법무사 해운대 법무사 센텀 법무사 상담 시 확인하는 내용 소장 작성 전 필요한 자료 사건은 서류·관할·기한에 따라 진행 순서가 달라집니다. 다옴법무사사무소는 부산 해운대구·센텀에서 상속등기·부동산등기·법인등기·개인회생·파산 등을 다루며, 의뢰인 상황에 맞춰 절차와 비용을 알기 쉽게 설명합니다. 불확실한 부분은 추측으로 단정하지 않고, 확인된 사실을 바탕으로 안내드립니다. 전화·카카오톡·네이버 톡톡으로 간단히 상황을 남겨 주시면 필요한 준비부터 차분히 정리해 드리겠습니다. 소장 작성 전 필요한 자료 상담은 어디서 받을 수 있나요? 다옴법무사사무소는 해운",155,ae43e38041e0c298
/blog/corporate-name-change-registration,"법인 상호(회사 이름) 변경 시 중복 확인, 주주총회, 등기·대외 기관 변경 순서를 정리합니다. 법인 상호(회사 이름) 변경 시 중복 확인, 주주총회, 등기·대외 기관 변경 순서를 정리합니다. 부산 지역 의뢰인을 위한 법인등기 글입니다. 법인등기 아래 상세 안내에서 절차·주의사항·준비 포인트를 확인하실 수 있습니다. 상호변경 법인등기 부산 법무사 해운대 법무사 센텀 법무사 상담 시 확인하는 내용 법인 상호변경등기 사건은 서류·관할·기한에 따라 진행 순서가 달라집니다. 다옴법무사사무소는 부산 해운대구·센텀에서 상속등기·부동산등기·법인등기·개인회생·파산 등을 다루며, 의뢰인 상황에 맞춰 절차와 비용을 알기 쉽게 설명합니다. 불확실한 부분은 추측으로 단정하지 않고, 확인된 사실을 바탕으로 안내드립니다. 전화·카카오톡·네이버 톡톡으로 간단히 상황을 남겨 주시면 필요한 준비부터 차분히 정리해 드리겠습니다. 법인 상호변경등기 상담은 어디서 받을 수 있나요? 다옴법무사사무소는 해운대구 센텀에 있",153,c5cdc1efbdac1c71
/blog/corporate-purpose-change-registration,"법인 정관 목적 변경 시 주주총회 결의, 등기 절차, 사업자등록 정비 사항을 정리합니다. 법인 정관 목적 변경 시 주주총회 결의, 등기 절차, 사업자등록 정비 사항을 정리합니다. 부산 지역 의뢰인을 위한 법인등기 글입니다. 법인등기 아래 상세 안내에서 절차·주의사항·준비 포인트를 확인하실 수 있습니다. 목적변경 정관변경 부산 법무사 해운대 법무사 센텀 법무사 상담 시 확인하는 내용 법인 목적변경등기 사건은 서류·관할·기한에 따라 진행 순서가 달라집니다. 다옴법무사사무소는 부산 해운대구·센텀에서 상속등기·부동산등기·법인등기·개인회생·파산 등을 다루며, 의뢰인 상황에 맞춰 절차와 비용을 알기 쉽게 설명합니다. 불확실한 부분은 추측으로 단정하지 않고, 확인된 사실을 바탕으로 안내드립니다. 전화·카카오톡·네이버 톡톡으로 간단히 상황을 남겨 주시면 필요한 준비부터 차분히 정리해 드리겠습니다. 법인 목적변경등기 상담은 어디서 받을 수 있나요? 다옴법무사사무소는 해운대구 센텀에 있으며, 부산 전",153,b1fef7af4512daf8
/blog/corporate-registration-penalty-cases,"임원변경·본점이전·목적변경 등 법인등기를 하지 않아 과태료가 부과되는 대표 사례와 예방 방법을 정리합니다. 임원변경·본점이전·목적변경 등 법인등기를 하지 않아 과태료가 부과되는 대표 사례와 예방 방법을 정리합니다. 부산 지역 의뢰인을 위한 법인등기 글입니다. 법인등기 아래 상세 안내에서 절차·주의사항·준비 포인트를 확인하실 수 있습니다. 법인등기 과태료 임원변경 부산 법무사 해운대 법무사 센텀 법무사 상담 시 확인하는 내용 법인등기 과태료가 나오는 경우 사건은 서류·관할·기한에 따라 진행 순서가 달라집니다. 다옴법무사사무소는 부산 해운대구·센텀에서 상속등기·부동산등기·법인등기·개인회생·파산 등을 다루며, 의뢰인 상황에 맞춰 절차와 비용을 알기 쉽게 설명합니다. 불확실한 부분은 추측으로 단정하지 않고, 확인된 사실을 바탕으로 안내드립니다. 전화·카카오톡·네이버 톡톡으로 간단히 상황을 남겨 주시면 필요한 준비부터 차분히 정리해 드리겠습니다. 법인등기 과태료가 나오는 경우 상담은 어디서 ",156,dbffa5ecaf80b58c
/blog/debt-collection-response-guide,"채권추심 전화·방문·내용증명을 받았을 때 확인할 권리와 개인회생·파산 검토 시점을 정리합니다. 채권추심 전화·방문·내용증명을 받았을 때 확인할 권리와 개인회생·파산 검토 시점을 정리합니다. 부산 지역 의뢰인을 위한 회생·파산 글입니다. 회생·파산 아래 상세 안내에서 절차·주의사항·준비 포인트를 확인하실 수 있습니다. 채권추심 개인회생 부산 법무사 해운대 법무사 센텀 법무사 상담 시 확인하는 내용 채권추심이 올 때 대응 사건은 서류·관할·기한에 따라 진행 순서가 달라집니다. 다옴법무사사무소는 부산 해운대구·센텀에서 상속등기·부동산등기·법인등기·개인회생·파산 등을 다루며, 의뢰인 상황에 맞춰 절차와 비용을 알기 쉽게 설명합니다. 불확실한 부분은 추측으로 단정하지 않고, 확인된 사실을 바탕으로 안내드립니다. 전화·카카오톡·네이버 톡톡으로 간단히 상황을 남겨 주시면 필요한 준비부터 차분히 정리해 드리겠습니다. 채권추심이 올 때 대응 상담은 어디서 받을 수 있나요? 다옴법무사사무소는 해운대구",151,540aa619b963a893
/blog/delayed-ownership-transfer-after-balance,"부동산 매매 잔금 후 소유권이전등기가 늦어질 때 확인할 점, 매도인·매수인 각각의 리스크와 대응 순서를 정리합니다. 부동산 매매 잔금 후 소유권이전등기가 늦어질 때 확인할 점, 매도인·매수인 각각의 리스크와 대응 순서를 정리합니다. 부산 지역 의뢰인을 위한 부동산등기 글입니다. 부동산등기 아래 상세 안내에서 절차·주의사항·준비 포인트를 확인하실 수 있습니다. 소유권이전등기 잔금 매매 부산 법무사 해운대 법무사 센텀 법무사 상담 시 확인하는 내용 잔금 후 소유권이전등기가 지연될 때 사건은 서류·관할·기한에 따라 진행 순서가 달라집니다. 다옴법무사사무소는 부산 해운대구·센텀에서 상속등기·부동산등기·법인등기·개인회생·파산 등을 다루며, 의뢰인 상황에 맞춰 절차와 비용을 알기 쉽게 설명합니다. 불확실한 부분은 추측으로 단정하지 않고, 확인된 사실을 바탕으로 안내드립니다. 전화·카카오톡·네이버 톡톡으로 간단히 상황을 남겨 주시면 필요한 준비부터 차분히 정리해 드리겠습니다. 잔금 후 소유권이전",164,c9bfb9563ceceb8d
/blog/delaying-inheritance-registration-risks,"상속등기를 늦출 때 발생할 수 있는 과태료, 거래 제한, 가족 간 분쟁 등을 정리합니다. 다옴법무사사무소 안윤정 법무사. 상속등기를 늦출 때 발생할 수 있는 과태료, 거래 제한, 가족 간 분쟁 등을 정리합니다. 다옴법무사사무소 안윤정 법무사. 부산 지역 의뢰인을 위한 상속 안내 글입니다. 상속 안내 아래 상세 안내에서 절차·주의사항·준비 포인트를 확인하실 수 있습니다. 상속등기 과태료 부산 법무사 상담 시 확인하는 내용 상속등기를 미루면 생기는 문제 사건은 서류·관할·기한에 따라 진행 순서가 달라집니다. 다옴법무사사무소는 부산 해운대구·센텀에서 상속등기·부동산등기·법인등기·개인회생·파산 등을 다루며, 의뢰인 상황에 맞춰 절차와 비용을 알기 쉽게 설명합니다. 불확실한 부분은 추측으로 단정하지 않고, 확인된 사실을 바탕으로 안내드립니다. 전화·카카오톡·네이버 톡톡으로 간단히 상황을 남겨 주시면 필요한 준비부터 차분히 정리해 드리겠습니다. 상속등기를 미루면 생기는 문제 상담은 어디서 받을",163,ade7a16f8a2c6838
/blog/director-change-registration-deadline-guide,"법인 임원·대표이사 변경 후 임원변경등기 기한, 과태료 전에 확인할 사항과 준비 순서를 정리합니다. 법인 임원·대표이사 변경 후 임원변경등기 기한, 과태료 전에 확인할 사항과 준비 순서를 정리합니다. 부산 지역 의뢰인을 위한 법인등기 글입니다. 법인등기 아래 상세 안내에서 절차·주의사항·준비 포인트를 확인하실 수 있습니다. 임원변경등기 기한 부산 법무사 해운대 법무사 센텀 법무사 상담 시 확인하는 내용 법인 임원변경등기 기한과 준비 사건은 서류·관할·기한에 따라 진행 순서가 달라집니다. 다옴법무사사무소는 부산 해운대구·센텀에서 상속등기·부동산등기·법인등기·개인회생·파산 등을 다루며, 의뢰인 상황에 맞춰 절차와 비용을 알기 쉽게 설명합니다. 불확실한 부분은 추측으로 단정하지 않고, 확인된 사실을 바탕으로 안내드립니다. 전화·카카오톡·네이버 톡톡으로 간단히 상황을 남겨 주시면 필요한 준비부터 차분히 정리해 드리겠습니다. 법인 임원변경등기 기한과 준비 상담은 어디서 받을 수 있나요? 다옴",157,5dd36b88ca6b9368
/blog/director-change-registration-deadline-penalty,"법인 임원 변경 시 등기 신청 기한과 과태료 주의사항을 정리합니다. 다옴법무사사무소 안윤정 법무사. 법인 임원 변경 시 등기 신청 기한과 과태료 주의사항을 정리합니다. 다옴법무사사무소 안윤정 법무사. 부산 지역 의뢰인을 위한 법인 안내 글입니다. 법인 안내 아래 상세 안내에서 절차·주의사항·준비 포인트를 확인하실 수 있습니다. 임원변경 법인등기 과태료 상담 시 확인하는 내용 임원변경등기 기한과 과태료 사건은 서류·관할·기한에 따라 진행 순서가 달라집니다. 다옴법무사사무소는 부산 해운대구·센텀에서 상속등기·부동산등기·법인등기·개인회생·파산 등을 다루며, 의뢰인 상황에 맞춰 절차와 비용을 알기 쉽게 설명합니다. 불확실한 부분은 추측으로 단정하지 않고, 확인된 사실을 바탕으로 안내드립니다. 전화·카카오톡·네이버 톡톡으로 간단히 상황을 남겨 주시면 필요한 준비부터 차분히 정리해 드리겠습니다. 임원변경등기 기한과 과태료 상담은 어디서 받을 수 있나요? 다옴법무사사무소는 해운대구 센텀에 있으며",152,b2f163f14234d305
/blog/gift-registration-pre-check,"부동산·현금 증여 전 증여세, 취득세, 증여계약서, 등기 절차에서 미리 확인할 항목을 정리합니다. 부동산·현금 증여 전 증여세, 취득세, 증여계약서, 등기 절차에서 미리 확인할 항목을 정리합니다. 부산 지역 의뢰인을 위한 부동산등기 글입니다. 부동산등기 아래 상세 안내에서 절차·주의사항·준비 포인트를 확인하실 수 있습니다. 증여등기 증여세 부산 법무사 해운대 법무사 센텀 법무사 상담 시 확인하는 내용 증여등기 전에 확인할 사항 사건은 서류·관할·기한에 따라 진행 순서가 달라집니다. 다옴법무사사무소는 부산 해운대구·센텀에서 상속등기·부동산등기·법인등기·개인회생·파산 등을 다루며, 의뢰인 상황에 맞춰 절차와 비용을 알기 쉽게 설명합니다. 불확실한 부분은 추측으로 단정하지 않고, 확인된 사실을 바탕으로 안내드립니다. 전화·카카오톡·네이버 톡톡으로 간단히 상황을 남겨 주시면 필요한 준비부터 차분히 정리해 드리겠습니다. 증여등기 전에 확인할 사항 상담은 어디서 받을 수 있나요? 다옴법무사사무",155,a75ec43b992fa58e
/blog/head-office-move-in-out-district,"법인 본점을 같은 등기소 관내에서 옮기는 경우와 관할 등기소가 바뀌는 관외 이전의 차이를 정리합니다. 법인 본점을 같은 등기소 관내에서 옮기는 경우와 관할 등기소가 바뀌는 관외 이전의 차이를 정리합니다. 부산 지역 의뢰인을 위한 법인등기 글입니다. 법인등기 아래 상세 안내에서 절차·주의사항·준비 포인트를 확인하실 수 있습니다. 본점이전등기 법인등기 부산 법무사 해운대 법무사 센텀 법무사 상담 시 확인하는 내용 본점이전등기 관내·관외 차이 사건은 서류·관할·기한에 따라 진행 순서가 달라집니다. 다옴법무사사무소는 부산 해운대구·센텀에서 상속등기·부동산등기·법인등기·개인회생·파산 등을 다루며, 의뢰인 상황에 맞춰 절차와 비용을 알기 쉽게 설명합니다. 불확실한 부분은 추측으로 단정하지 않고, 확인된 사실을 바탕으로 안내드립니다. 전화·카카오톡·네이버 톡톡으로 간단히 상황을 남겨 주시면 필요한 준비부터 차분히 정리해 드리겠습니다. 본점이전등기 관내·관외 차이 상담은 어디서 받을 수 있나요? ",157,1592f4652486effa
/blog/how-to-check-deceased-parent-debt,"피상속인 사망 후 채무를 어디서 어떻게 확인하는지, 한정승인·상속포기 판단 전에 꼭 볼 항목을 정리합니다. 피상속인 사망 후 채무를 어디서 어떻게 확인하는지, 한정승인·상속포기 판단 전에 꼭 볼 항목을 정리합니다. 부산 지역 의뢰인을 위한 상속 안내 글입니다. 상속 안내 아래 상세 안내에서 절차·주의사항·준비 포인트를 확인하실 수 있습니다. 상속 채무 빚 확인 부산 법무사 해운대 법무사 센텀 법무사 상담 시 확인하는 내용 돌아가신 부모님 빚 확인 방법 사건은 서류·관할·기한에 따라 진행 순서가 달라집니다. 다옴법무사사무소는 부산 해운대구·센텀에서 상속등기·부동산등기·법인등기·개인회생·파산 등을 다루며, 의뢰인 상황에 맞춰 절차와 비용을 알기 쉽게 설명합니다. 불확실한 부분은 추측으로 단정하지 않고, 확인된 사실을 바탕으로 안내드립니다. 전화·카카오톡·네이버 톡톡으로 간단히 상황을 남겨 주시면 필요한 준비부터 차분히 정리해 드리겠습니다. 돌아가신 부모님 빚 확인 방법 상담은 어디서 받",165,f9fab7075912359f
/blog/inheritance-division-agreement-cautions,"공동상속인이 상속재산분할협의서를 작성할 때 흔한 실수와 반드시 확인할 조항을 안내합니다. 공동상속인이 상속재산분할협의서를 작성할 때 흔한 실수와 반드시 확인할 조항을 안내합니다. 부산 지역 의뢰인을 위한 상속 안내 글입니다. 상속 안내 아래 상세 안내에서 절차·주의사항·준비 포인트를 확인하실 수 있습니다. 상속재산분할 분할협의서 부산 법무사 해운대 법무사 센텀 법무사 상담 시 확인하는 내용 상속재산분할협의서 작성 전 주의사항 사건은 서류·관할·기한에 따라 진행 순서가 달라집니다. 다옴법무사사무소는 부산 해운대구·센텀에서 상속등기·부동산등기·법인등기·개인회생·파산 등을 다루며, 의뢰인 상황에 맞춰 절차와 비용을 알기 쉽게 설명합니다. 불확실한 부분은 추측으로 단정하지 않고, 확인된 사실을 바탕으로 안내드립니다. 전화·카카오톡·네이버 톡톡으로 간단히 상황을 남겨 주시면 필요한 준비부터 차분히 정리해 드리겠습니다. 상속재산분할협의서 작성 전 주의사항 상담은 어디서 받을 수 있나요? 다옴법",153,2fa62c0f52ec53a5
/blog/inheritance-registration-documents-checklist,"상속등기 신청 시 일반적으로 필요한 서류와 공동상속·부동산 유형별 추가 서류를 정리합니다. 상속등기 신청 시 일반적으로 필요한 서류와 공동상속·부동산 유형별 추가 서류를 정리합니다. 부산 지역 의뢰인을 위한 상속 안내 글입니다. 상속 안내 아래 상세 안내에서 절차·주의사항·준비 포인트를 확인하실 수 있습니다. 상속등기 서류 필요서류 부산 법무사 해운대 법무사 센텀 법무사 상담 시 확인하는 내용 상속등기 필요서류 한눈에 보기 사건은 서류·관할·기한에 따라 진행 순서가 달라집니다. 다옴법무사사무소는 부산 해운대구·센텀에서 상속등기·부동산등기·법인등기·개인회생·파산 등을 다루며, 의뢰인 상황에 맞춰 절차와 비용을 알기 쉽게 설명합니다. 불확실한 부분은 추측으로 단정하지 않고, 확인된 사실을 바탕으로 안내드립니다. 전화·카카오톡·네이버 톡톡으로 간단히 상황을 남겨 주시면 필요한 준비부터 차분히 정리해 드리겠습니다. 상속등기 필요서류 한눈에 보기 상담은 어디서 받을 수 있나요? 다옴법무사사무",156,380373bb5e42f5d9
/blog/inheritance-registration-priority-after-parent-death,"부모님 사망 직후 상속포기·한정승인·상속등기 중 무엇을 먼저 봐야 하는지, 부산 상속 상담 전에 정리할 순서를 안내합니다. 부모님 사망 직후 상속포기·한정승인·상속등기 중 무엇을 먼저 봐야 하는지, 부산 상속 상담 전에 정리할 순서를 안내합니다. 부산 지역 의뢰인을 위한 상속 안내 글입니다. 상속 안내 아래 상세 안내에서 절차·주의사항·준비 포인트를 확인하실 수 있습니다. 상속등기 사망 후 절차 부산 법무사 해운대 법무사 센텀 법무사 상담 시 확인하는 내용 부모님 사망 후 상속등기를 먼저 해야 하나요 사건은 서류·관할·기한에 따라 진행 순서가 달라집니다. 다옴법무사사무소는 부산 해운대구·센텀에서 상속등기·부동산등기·법인등기·개인회생·파산 등을 다루며, 의뢰인 상황에 맞춰 절차와 비용을 알기 쉽게 설명합니다. 불확실한 부분은 추측으로 단정하지 않고, 확인된 사실을 바탕으로 안내드립니다. 전화·카카오톡·네이버 톡톡으로 간단히 상황을 남겨 주시면 필요한 준비부터 차분히 정리해 드리겠습니다",173,ee07709a4b0c3521
/blog/inheritance-renunciation-vs-qualified-acceptance,"채무가 있는 상속에서 상속포기와 한정승인의 차이와 선택 기준을 정리합니다. 다옴법무사사무소 안윤정 법무사. 채무가 있는 상속에서 상속포기와 한정승인의 차이와 선택 기준을 정리합니다. 다옴법무사사무소 안윤정 법무사. 부산 지역 의뢰인을 위한 상속 안내 글입니다. 상속 안내 아래 상세 안내에서 절차·주의사항·준비 포인트를 확인하실 수 있습니다. 상속포기 한정승인 부산 법무사 상담 시 확인하는 내용 상속포기와 한정승인의 차이 사건은 서류·관할·기한에 따라 진행 순서가 달라집니다. 다옴법무사사무소는 부산 해운대구·센텀에서 상속등기·부동산등기·법인등기·개인회생·파산 등을 다루며, 의뢰인 상황에 맞춰 절차와 비용을 알기 쉽게 설명합니다. 불확실한 부분은 추측으로 단정하지 않고, 확인된 사실을 바탕으로 안내드립니다. 전화·카카오톡·네이버 톡톡으로 간단히 상황을 남겨 주시면 필요한 준비부터 차분히 정리해 드리겠습니다. 상속포기와 한정승인의 차이 상담은 어디서 받을 수 있나요? 다옴법무사사무소는 해",151,45b146d512879a58
/blog/jeonse-deposit-return-certified-mail,"전세 만기 후 보증금을 돌려받지 못할 때 내용증명·임차권등기명령 등 다음 단계를 정리합니다. 전세 만기 후 보증금을 돌려받지 못할 때 내용증명·임차권등기명령 등 다음 단계를 정리합니다. 부산 지역 의뢰인을 위한 민사·채권 글입니다. 민사·채권 아래 상세 안내에서 절차·주의사항·준비 포인트를 확인하실 수 있습니다. 전세보증금 내용증명 임차권 부산 법무사 해운대 법무사 센텀 법무사 상담 시 확인하는 내용 전세보증금 반환 내용증명 사건은 서류·관할·기한에 따라 진행 순서가 달라집니다. 다옴법무사사무소는 부산 해운대구·센텀에서 상속등기·부동산등기·법인등기·개인회생·파산 등을 다루며, 의뢰인 상황에 맞춰 절차와 비용을 알기 쉽게 설명합니다. 불확실한 부분은 추측으로 단정하지 않고, 확인된 사실을 바탕으로 안내드립니다. 전화·카카오톡·네이버 톡톡으로 간단히 상황을 남겨 주시면 필요한 준비부터 차분히 정리해 드리겠습니다. 전세보증금 반환 내용증명 상담은 어디서 받을 수 있나요? 다옴법무사사무소는",154,8d288d491e6d6ef1
/blog/jeonse-right-cancellation-procedure,"전세 계약 종료 후 전세권 말소등기 절차, 집주인 협조가 없을 때 확인할 점을 정리합니다. 전세 계약 종료 후 전세권 말소등기 절차, 집주인 협조가 없을 때 확인할 점을 정리합니다. 부산 지역 의뢰인을 위한 부동산등기 글입니다. 부동산등기 아래 상세 안내에서 절차·주의사항·준비 포인트를 확인하실 수 있습니다. 전세권 말소 전세 만료 부산 법무사 해운대 법무사 센텀 법무사 상담 시 확인하는 내용 전세권 말소 절차 사건은 서류·관할·기한에 따라 진행 순서가 달라집니다. 다옴법무사사무소는 부산 해운대구·센텀에서 상속등기·부동산등기·법인등기·개인회생·파산 등을 다루며, 의뢰인 상황에 맞춰 절차와 비용을 알기 쉽게 설명합니다. 불확실한 부분은 추측으로 단정하지 않고, 확인된 사실을 바탕으로 안내드립니다. 전화·카카오톡·네이버 톡톡으로 간단히 상황을 남겨 주시면 필요한 준비부터 차분히 정리해 드리겠습니다. 전세권 말소 절차 상담은 어디서 받을 수 있나요? 다옴법무사사무소는 해운대구 센텀에 있으",159,496729b50814a950
/blog/jeonse-right-vs-lease-registration-order,"전세 계약 시 전세권설정등기와 임차권등기명령의 차이와 선택 기준을 안내합니다. 다옴법무사사무소 안윤정 법무사. 전세 계약 시 전세권설정등기와 임차권등기명령의 차이와 선택 기준을 안내합니다. 다옴법무사사무소 안윤정 법무사. 부산 지역 의뢰인을 위한 부동산 안내 글입니다. 부동산 안내 아래 상세 안내에서 절차·주의사항·준비 포인트를 확인하실 수 있습니다. 전세권 임차권등기명령 부동산등기 상담 시 확인하는 내용 전세권설정등기와 임차권등기명령 차이 사건은 서류·관할·기한에 따라 진행 순서가 달라집니다. 다옴법무사사무소는 부산 해운대구·센텀에서 상속등기·부동산등기·법인등기·개인회생·파산 등을 다루며, 의뢰인 상황에 맞춰 절차와 비용을 알기 쉽게 설명합니다. 불확실한 부분은 추측으로 단정하지 않고, 확인된 사실을 바탕으로 안내드립니다. 전화·카카오톡·네이버 톡톡으로 간단히 상황을 남겨 주시면 필요한 준비부터 차분히 정리해 드리겠습니다. 전세권설정등기와 임차권등기명령 차이 상담은 어디서 받을 수",150,af2b79d04e2c5d6a
/blog/joint-ownership-registration-cautions,"부부·가족 공동명의 부동산 등기 시 지분, 세금, 이후 처분·대출에서 주의할 점을 정리합니다. 부부·가족 공동명의 부동산 등기 시 지분, 세금, 이후 처분·대출에서 주의할 점을 정리합니다. 부산 지역 의뢰인을 위한 부동산등기 글입니다. 부동산등기 아래 상세 안내에서 절차·주의사항·준비 포인트를 확인하실 수 있습니다. 공동명의 지분등기 부산 법무사 해운대 법무사 센텀 법무사 상담 시 확인하는 내용 공동명의 등기 시 주의사항 사건은 서류·관할·기한에 따라 진행 순서가 달라집니다. 다옴법무사사무소는 부산 해운대구·센텀에서 상속등기·부동산등기·법인등기·개인회생·파산 등을 다루며, 의뢰인 상황에 맞춰 절차와 비용을 알기 쉽게 설명합니다. 불확실한 부분은 추측으로 단정하지 않고, 확인된 사실을 바탕으로 안내드립니다. 전화·카카오톡·네이버 톡톡으로 간단히 상황을 남겨 주시면 필요한 준비부터 차분히 정리해 드리겠습니다. 공동명의 등기 시 주의사항 상담은 어디서 받을 수 있나요? 다옴법무사사무소는 ",155,11b1d0196a1d097c
/blog/loan-repayment-claim-documents,"지인·가족·사업 관련 대여금을 돌려받기 위해 소송·지급명령 전에 준비할 서류와 증빙을 정리합니다. 지인·가족·사업 관련 대여금을 돌려받기 위해 소송·지급명령 전에 준비할 서류와 증빙을 정리합니다. 부산 지역 의뢰인을 위한 민사·채권 글입니다. 민사·채권 아래 상세 안내에서 절차·주의사항·준비 포인트를 확인하실 수 있습니다. 대여금 반환청구 부산 법무사 해운대 법무사 센텀 법무사 상담 시 확인하는 내용 대여금 반환청구 준비서류 사건은 서류·관할·기한에 따라 진행 순서가 달라집니다. 다옴법무사사무소는 부산 해운대구·센텀에서 상속등기·부동산등기·법인등기·개인회생·파산 등을 다루며, 의뢰인 상황에 맞춰 절차와 비용을 알기 쉽게 설명합니다. 불확실한 부분은 추측으로 단정하지 않고, 확인된 사실을 바탕으로 안내드립니다. 전화·카카오톡·네이버 톡톡으로 간단히 상황을 남겨 주시면 필요한 준비부터 차분히 정리해 드리겠습니다. 대여금 반환청구 준비서류 상담은 어디서 받을 수 있나요? 다옴법무사사무소는",151,a3acb6e1f8cc400f
/blog/minor-heir-inheritance-guide,"미성년자가 상속인인 경우 법정대리인, 상속재산분할, 상속등기 절차에서 필요한 사항을 정리합니다. 미성년자가 상속인인 경우 법정대리인, 상속재산분할, 상속등기 절차에서 필요한 사항을 정리합니다. 부산 지역 의뢰인을 위한 상속 안내 글입니다. 상속 안내 아래 상세 안내에서 절차·주의사항·준비 포인트를 확인하실 수 있습니다. 미성년 상속인 상속등기 부산 법무사 해운대 법무사 센텀 법무사 상담 시 확인하는 내용 미성년자가 상속인일 때 사건은 서류·관할·기한에 따라 진행 순서가 달라집니다. 다옴법무사사무소는 부산 해운대구·센텀에서 상속등기·부동산등기·법인등기·개인회생·파산 등을 다루며, 의뢰인 상황에 맞춰 절차와 비용을 알기 쉽게 설명합니다. 불확실한 부분은 추측으로 단정하지 않고, 확인된 사실을 바탕으로 안내드립니다. 전화·카카오톡·네이버 톡톡으로 간단히 상황을 남겨 주시면 필요한 준비부터 차분히 정리해 드리겠습니다. 미성년자가 상속인일 때 상담은 어디서 받을 수 있나요? 다옴법무사사무소는",152,c974baddd3e77327
/blog/missed-director-term-expiry,"법인 임원 임기가 끝났는데 연임·퇴임 등기를 하지 않은 경우 확인할 점과 정리 순서를 안내합니다. 법인 임원 임기가 끝났는데 연임·퇴임 등기를 하지 않은 경우 확인할 점과 정리 순서를 안내합니다. 부산 지역 의뢰인을 위한 법인등기 글입니다. 법인등기 아래 상세 안내에서 절차·주의사항·준비 포인트를 확인하실 수 있습니다. 임원 임기 임원변경등기 부산 법무사 해운대 법무사 센텀 법무사 상담 시 확인하는 내용 임원 임기 만료를 놓쳤을 때 사건은 서류·관할·기한에 따라 진행 순서가 달라집니다. 다옴법무사사무소는 부산 해운대구·센텀에서 상속등기·부동산등기·법인등기·개인회생·파산 등을 다루며, 의뢰인 상황에 맞춰 절차와 비용을 알기 쉽게 설명합니다. 불확실한 부분은 추측으로 단정하지 않고, 확인된 사실을 바탕으로 안내드립니다. 전화·카카오톡·네이버 톡톡으로 간단히 상황을 남겨 주시면 필요한 준비부터 차분히 정리해 드리겠습니다. 임원 임기 만료를 놓쳤을 때 상담은 어디서 받을 수 있나요? 다옴법",162,037edf5e40afc536
/blog/mortgage-cancellation-risks,"부동산 매매·상속·증여 시 근저당권 말소를 하지 않으면 생기는 문제와 말소 절차를 정리합니다. 부동산 매매·상속·증여 시 근저당권 말소를 하지 않으면 생기는 문제와 말소 절차를 정리합니다. 부산 지역 의뢰인을 위한 부동산등기 글입니다. 부동산등기 아래 상세 안내에서 절차·주의사항·준비 포인트를 확인하실 수 있습니다. 근저당 말소 부동산등기 부산 법무사 해운대 법무사 센텀 법무사 상담 시 확인하는 내용 근저당 말소를 안 하면 생기는 문제 사건은 서류·관할·기한에 따라 진행 순서가 달라집니다. 다옴법무사사무소는 부산 해운대구·센텀에서 상속등기·부동산등기·법인등기·개인회생·파산 등을 다루며, 의뢰인 상황에 맞춰 절차와 비용을 알기 쉽게 설명합니다. 불확실한 부분은 추측으로 단정하지 않고, 확인된 사실을 바탕으로 안내드립니다. 전화·카카오톡·네이버 톡톡으로 간단히 상황을 남겨 주시면 필요한 준비부터 차분히 정리해 드리겠습니다. 근저당 말소를 안 하면 생기는 문제 상담은 어디서 받을 수 있나",160,640fbfcefc6d9e47
/blog/new-apartment-ownership-transfer,"신축 아파트 분양·준공 후 소유권이전등기, 선순위 근저당·대출·입주와 관련해 확인할 점을 정리합니다. 신축 아파트 분양·준공 후 소유권이전등기, 선순위 근저당·대출·입주와 관련해 확인할 점을 정리합니다. 부산 지역 의뢰인을 위한 부동산등기 글입니다. 부동산등기 아래 상세 안내에서 절차·주의사항·준비 포인트를 확인하실 수 있습니다. 신축아파트 소유권이전등기 부산 법무사 해운대 법무사 센텀 법무사 상담 시 확인하는 내용 신축아파트 소유권이전등기 사건은 서류·관할·기한에 따라 진행 순서가 달라집니다. 다옴법무사사무소는 부산 해운대구·센텀에서 상속등기·부동산등기·법인등기·개인회생·파산 등을 다루며, 의뢰인 상황에 맞춰 절차와 비용을 알기 쉽게 설명합니다. 불확실한 부분은 추측으로 단정하지 않고, 확인된 사실을 바탕으로 안내드립니다. 전화·카카오톡·네이버 톡톡으로 간단히 상황을 남겨 주시면 필요한 준비부터 차분히 정리해 드리겠습니다. 신축아파트 소유권이전등기 상담은 어디서 받을 수 있나요? ",149,d3e3d34b25a7d4dd
/blog/one-person-company-establishment-checklist,"1인 주주 법인을 설립할 때 정관·자본금·임원·사업자등록·등기 순서를 체크리스트로 정리합니다. 1인 주주 법인을 설립할 때 정관·자본금·임원·사업자등록·등기 순서를 체크리스트로 정리합니다. 부산 지역 의뢰인을 위한 법인등기 글입니다. 법인등기 아래 상세 안내에서 절차·주의사항·준비 포인트를 확인하실 수 있습니다. 1인 법인 법인설립 부산 법무사 해운대 법무사 센텀 법무사 상담 시 확인하는 내용 1인 법인설립 체크리스트 사건은 서류·관할·기한에 따라 진행 순서가 달라집니다. 다옴법무사사무소는 부산 해운대구·센텀에서 상속등기·부동산등기·법인등기·개인회생·파산 등을 다루며, 의뢰인 상황에 맞춰 절차와 비용을 알기 쉽게 설명합니다. 불확실한 부분은 추측으로 단정하지 않고, 확인된 사실을 바탕으로 안내드립니다. 전화·카카오톡·네이버 톡톡으로 간단히 상황을 남겨 주시면 필요한 준비부터 차분히 정리해 드리겠습니다. 1인 법인설립 체크리스트 상담은 어디서 받을 수 있나요? 다옴법무사사무소는 해운대",148,df3a8d7b3033af2b
/blog/overseas-heir-inheritance-busan,"해외에 사는 상속인이 있는 경우 위임장·공증·상속등기 절차와 부산에서 준비할 사항을 정리합니다. 해외에 사는 상속인이 있는 경우 위임장·공증·상속등기 절차와 부산에서 준비할 사항을 정리합니다. 부산 지역 의뢰인을 위한 상속 안내 글입니다. 상속 안내 아래 상세 안내에서 절차·주의사항·준비 포인트를 확인하실 수 있습니다. 해외 상속인 상속등기 부산 법무사 해운대 법무사 센텀 법무사 상담 시 확인하는 내용 해외 거주 상속인이 있을 때 사건은 서류·관할·기한에 따라 진행 순서가 달라집니다. 다옴법무사사무소는 부산 해운대구·센텀에서 상속등기·부동산등기·법인등기·개인회생·파산 등을 다루며, 의뢰인 상황에 맞춰 절차와 비용을 알기 쉽게 설명합니다. 불확실한 부분은 추측으로 단정하지 않고, 확인된 사실을 바탕으로 안내드립니다. 전화·카카오톡·네이버 톡톡으로 간단히 상황을 남겨 주시면 필요한 준비부터 차분히 정리해 드리겠습니다. 해외 거주 상속인이 있을 때 상담은 어디서 받을 수 있나요? 다옴법무",158,5cb0287b3a41b1a7
/blog/payment-order-application-pre-check,"채권 회수를 위해 지급명령을 검토할 때 관할·청구금액·증빙·이의 가능성 등 신청 전에 확인할 사항을 정리합니다. 채권 회수를 위해 지급명령을 검토할 때 관할·청구금액·증빙·이의 가능성 등 신청 전에 확인할 사항을 정리합니다. 부산 지역 의뢰인을 위한 민사·채권 글입니다. 민사·채권 아래 상세 안내에서 절차·주의사항·준비 포인트를 확인하실 수 있습니다. 지급명령 채권회수 부산 법무사 해운대 법무사 센텀 법무사 상담 시 확인하는 내용 지급명령 신청 전 확인사항 사건은 서류·관할·기한에 따라 진행 순서가 달라집니다. 다옴법무사사무소는 부산 해운대구·센텀에서 상속등기·부동산등기·법인등기·개인회생·파산 등을 다루며, 의뢰인 상황에 맞춰 절차와 비용을 알기 쉽게 설명합니다. 불확실한 부분은 추측으로 단정하지 않고, 확인된 사실을 바탕으로 안내드립니다. 전화·카카오톡·네이버 톡톡으로 간단히 상황을 남겨 주시면 필요한 준비부터 차분히 정리해 드리겠습니다. 지급명령 신청 전 확인사항 상담은 어디서 ",159,738c6b1be09bde1c
/blog/personal-rehabilitation-before-application,"개인회생 신청을 검토할 때 미리 확인해야 할 소득·채무·재산 사항을 정리합니다. 다옴법무사사무소 안윤정 법무사. 개인회생 신청을 검토할 때 미리 확인해야 할 소득·채무·재산 사항을 정리합니다. 다옴법무사사무소 안윤정 법무사. 부산 지역 의뢰인을 위한 채무조정 안내 글입니다. 채무조정 안내 아래 상세 안내에서 절차·주의사항·준비 포인트를 확인하실 수 있습니다. 개인회생 채무조정 부산 법무사 상담 시 확인하는 내용 개인회생 신청 전 확인할 점 사건은 서류·관할·기한에 따라 진행 순서가 달라집니다. 다옴법무사사무소는 부산 해운대구·센텀에서 상속등기·부동산등기·법인등기·개인회생·파산 등을 다루며, 의뢰인 상황에 맞춰 절차와 비용을 알기 쉽게 설명합니다. 불확실한 부분은 추측으로 단정하지 않고, 확인된 사실을 바탕으로 안내드립니다. 전화·카카오톡·네이버 톡톡으로 간단히 상황을 남겨 주시면 필요한 준비부터 차분히 정리해 드리겠습니다. 개인회생 신청 전 확인할 점 상담은 어디서 받을 수 있나요?",157,832812e6f1d68c6d
/blog/personal-rehabilitation-consultation-documents,"개인회생 신청을 검토할 때 상담 전에 준비하면 좋은 소득·채무·재산 서류 목록을 정리합니다. 개인회생 신청을 검토할 때 상담 전에 준비하면 좋은 소득·채무·재산 서류 목록을 정리합니다. 부산 지역 의뢰인을 위한 회생·파산 글입니다. 회생·파산 아래 상세 안내에서 절차·주의사항·준비 포인트를 확인하실 수 있습니다. 개인회생 준비서류 부산 법무사 해운대 법무사 센텀 법무사 상담 시 확인하는 내용 개인회생 상담 전 준비서류 사건은 서류·관할·기한에 따라 진행 순서가 달라집니다. 다옴법무사사무소는 부산 해운대구·센텀에서 상속등기·부동산등기·법인등기·개인회생·파산 등을 다루며, 의뢰인 상황에 맞춰 절차와 비용을 알기 쉽게 설명합니다. 불확실한 부분은 추측으로 단정하지 않고, 확인된 사실을 바탕으로 안내드립니다. 전화·카카오톡·네이버 톡톡으로 간단히 상황을 남겨 주시면 필요한 준비부터 차분히 정리해 드리겠습니다. 개인회생 상담 전 준비서류 상담은 어디서 받을 수 있나요? 다옴법무사사무소는 해운",155,bf62081bc7bf14e3
/blog/real-estate-ownership-transfer-procedure,"매매·증여 등 부동산 소유권이전등기의 단계와 준비 서류를 안내합니다. 다옴법무사사무소 안윤정 법무사. 매매·증여 등 부동산 소유권이전등기의 단계와 준비 서류를 안내합니다. 다옴법무사사무소 안윤정 법무사. 부산 지역 의뢰인을 위한 부동산 안내 글입니다. 부동산 안내 아래 상세 안내에서 절차·주의사항·준비 포인트를 확인하실 수 있습니다. 소유권이전등기 부동산등기 부산 법무사 상담 시 확인하는 내용 부동산 소유권이전등기 진행 절차 사건은 서류·관할·기한에 따라 진행 순서가 달라집니다. 다옴법무사사무소는 부산 해운대구·센텀에서 상속등기·부동산등기·법인등기·개인회생·파산 등을 다루며, 의뢰인 상황에 맞춰 절차와 비용을 알기 쉽게 설명합니다. 불확실한 부분은 추측으로 단정하지 않고, 확인된 사실을 바탕으로 안내드립니다. 전화·카카오톡·네이버 톡톡으로 간단히 상황을 남겨 주시면 필요한 준비부터 차분히 정리해 드리겠습니다. 부동산 소유권이전등기 진행 절차 상담은 어디서 받을 수 있나요? 다옴법무사",151,c18368d2fa58b098
/blog/salaried-worker-rehabilitation-eligibility,"직장인·급여소득자가 개인회생을 검토할 때 소득 기준·채무 한도·생계비를 중심으로 가능성을 정리합니다. 직장인·급여소득자가 개인회생을 검토할 때 소득 기준·채무 한도·생계비를 중심으로 가능성을 정리합니다. 부산 지역 의뢰인을 위한 회생·파산 글입니다. 회생·파산 아래 상세 안내에서 절차·주의사항·준비 포인트를 확인하실 수 있습니다. 급여소득자 개인회생 부산 법무사 해운대 법무사 센텀 법무사 상담 시 확인하는 내용 급여소득자 개인회생 가능성 사건은 서류·관할·기한에 따라 진행 순서가 달라집니다. 다옴법무사사무소는 부산 해운대구·센텀에서 상속등기·부동산등기·법인등기·개인회생·파산 등을 다루며, 의뢰인 상황에 맞춰 절차와 비용을 알기 쉽게 설명합니다. 불확실한 부분은 추측으로 단정하지 않고, 확인된 사실을 바탕으로 안내드립니다. 전화·카카오톡·네이버 톡톡으로 간단히 상황을 남겨 주시면 필요한 준비부터 차분히 정리해 드리겠습니다. 급여소득자 개인회생 가능성 상담은 어디서 받을 수 있나요? 다",149,8bea31486028abf2
/blog/startup-corporate-registration-checklist,"스타트업이 설립 후 투자·임원 변경·스톡옵션·본점 이전까지 법인등기에서 자주 놓치는 항목을 정리합니다. 스타트업이 설립 후 투자·임원 변경·스톡옵션·본점 이전까지 법인등기에서 자주 놓치는 항목을 정리합니다. 부산 지역 의뢰인을 위한 법인등기 글입니다. 법인등기 아래 상세 안내에서 절차·주의사항·준비 포인트를 확인하실 수 있습니다. 스타트업 법인등기 센텀 부산 법무사 해운대 법무사 센텀 법무사 상담 시 확인하는 내용 스타트업 법인등기 실무 체크 사건은 서류·관할·기한에 따라 진행 순서가 달라집니다. 다옴법무사사무소는 부산 해운대구·센텀에서 상속등기·부동산등기·법인등기·개인회생·파산 등을 다루며, 의뢰인 상황에 맞춰 절차와 비용을 알기 쉽게 설명합니다. 불확실한 부분은 추측으로 단정하지 않고, 확인된 사실을 바탕으로 안내드립니다. 전화·카카오톡·네이버 톡톡으로 간단히 상황을 남겨 주시면 필요한 준비부터 차분히 정리해 드리겠습니다. 스타트업 법인등기 실무 체크 상담은 어디서 받을 수 있나",154,b09eb81d3da5ef62
/blog/three-months-after-death-inheritance,"상속 개시 후 3개월이 지난 뒤 상속포기·한정승인·상속등기·과태료 등에서 달라지는 점을 정리합니다. 상속 개시 후 3개월이 지난 뒤 상속포기·한정승인·상속등기·과태료 등에서 달라지는 점을 정리합니다. 부산 지역 의뢰인을 위한 상속 안내 글입니다. 상속 안내 아래 상세 안내에서 절차·주의사항·준비 포인트를 확인하실 수 있습니다. 상속 3개월 한정승인 기한 상속등기 과태료 부산 법무사 해운대 법무사 센텀 법무사 상담 시 확인하는 내용 사망 후 3개월이 지났을 때 사건은 서류·관할·기한에 따라 진행 순서가 달라집니다. 다옴법무사사무소는 부산 해운대구·센텀에서 상속등기·부동산등기·법인등기·개인회생·파산 등을 다루며, 의뢰인 상황에 맞춰 절차와 비용을 알기 쉽게 설명합니다. 불확실한 부분은 추측으로 단정하지 않고, 확인된 사실을 바탕으로 안내드립니다. 전화·카카오톡·네이버 톡톡으로 간단히 상황을 남겨 주시면 필요한 준비부터 차분히 정리해 드리겠습니다. 사망 후 3개월이 지났을 때 상담은 어디",161,de13171400dc7b5f
/blog/when-jeonse-right-registration-needed,"전세 계약 후 전세권 설정등기가 필요한 상황, 임차권등기명령과의 차이, 부산 임차인이 확인할 점을 정리합니다. 전세 계약 후 전세권 설정등기가 필요한 상황, 임차권등기명령과의 차이, 부산 임차인이 확인할 점을 정리합니다. 부산 지역 의뢰인을 위한 부동산등기 글입니다. 부동산등기 아래 상세 안내에서 절차·주의사항·준비 포인트를 확인하실 수 있습니다. 전세권 전세 임차인 부산 법무사 해운대 법무사 센텀 법무사 상담 시 확인하는 내용 전세권 설정이 필요한 경우 사건은 서류·관할·기한에 따라 진행 순서가 달라집니다. 다옴법무사사무소는 부산 해운대구·센텀에서 상속등기·부동산등기·법인등기·개인회생·파산 등을 다루며, 의뢰인 상황에 맞춰 절차와 비용을 알기 쉽게 설명합니다. 불확실한 부분은 추측으로 단정하지 않고, 확인된 사실을 바탕으로 안내드립니다. 전화·카카오톡·네이버 톡톡으로 간단히 상황을 남겨 주시면 필요한 준비부터 차분히 정리해 드리겠습니다. 전세권 설정이 필요한 경우 상담은 어디서 받",160,7bfbf48f99d8669a
/blog/when-seller-withholds-registration-documents,"부동산 매매 후 매도인이 인감·등기서류 제출을 거부하거나 지연할 때 법적·실무적 대응 방향을 안내합니다. 부동산 매매 후 매도인이 인감·등기서류 제출을 거부하거나 지연할 때 법적·실무적 대응 방향을 안내합니다. 부산 지역 의뢰인을 위한 부동산등기 글입니다. 부동산등기 아래 상세 안내에서 절차·주의사항·준비 포인트를 확인하실 수 있습니다. 매도인 등기서류 소유권이전 부산 법무사 해운대 법무사 센텀 법무사 상담 시 확인하는 내용 매도인이 등기서류를 안 줄 때 사건은 서류·관할·기한에 따라 진행 순서가 달라집니다. 다옴법무사사무소는 부산 해운대구·센텀에서 상속등기·부동산등기·법인등기·개인회생·파산 등을 다루며, 의뢰인 상황에 맞춰 절차와 비용을 알기 쉽게 설명합니다. 불확실한 부분은 추측으로 단정하지 않고, 확인된 사실을 바탕으로 안내드립니다. 전화·카카오톡·네이버 톡톡으로 간단히 상황을 남겨 주시면 필요한 준비부터 차분히 정리해 드리겠습니다. 매도인이 등기서류를 안 줄 때 상담은 어디서",160,1826b317933e9242
/blog/when-siblings-refuse-inheritance-registration,"공동상속인인 형제·자매가 상속등기 서류에 협조하지 않을 때 확인할 점과 대응 방향을 정리합니다. 공동상속인인 형제·자매가 상속등기 서류에 협조하지 않을 때 확인할 점과 대응 방향을 정리합니다. 부산 지역 의뢰인을 위한 상속 안내 글입니다. 상속 안내 아래 상세 안내에서 절차·주의사항·준비 포인트를 확인하실 수 있습니다. 공동상속 상속등기 형제 상속 부산 법무사 해운대 법무사 센텀 법무사 상담 시 확인하는 내용 형제가 상속등기 협조를 안 할 때 사건은 서류·관할·기한에 따라 진행 순서가 달라집니다. 다옴법무사사무소는 부산 해운대구·센텀에서 상속등기·부동산등기·법인등기·개인회생·파산 등을 다루며, 의뢰인 상황에 맞춰 절차와 비용을 알기 쉽게 설명합니다. 불확실한 부분은 추측으로 단정하지 않고, 확인된 사실을 바탕으로 안내드립니다. 전화·카카오톡·네이버 톡톡으로 간단히 상황을 남겨 주시면 필요한 준비부터 차분히 정리해 드리겠습니다. 형제가 상속등기 협조를 안 할 때 상담은 어디서 받을 수",163,4a73d3b98e8f4ded
/blog/when-to-consult-real-estate-registration-lawyer,"스스로 등기할지 법무사 상담이 필요한지 판단할 수 있도록, 부동산등기에서 전문가 도움이 특히 필요한 상황을 정리합니다. 스스로 등기할지 법무사 상담이 필요한지 판단할 수 있도록, 부동산등기에서 전문가 도움이 특히 필요한 상황을 정리합니다. 부산 지역 의뢰인을 위한 부동산등기 글입니다. 부동산등기 아래 상세 안내에서 절차·주의사항·준비 포인트를 확인하실 수 있습니다. 부동산등기 상담 법무사 부산 법무사 해운대 법무사 센텀 법무사 상담 시 확인하는 내용 부동산등기 법무사 상담이 필요한 경우 사건은 서류·관할·기한에 따라 진행 순서가 달라집니다. 다옴법무사사무소는 부산 해운대구·센텀에서 상속등기·부동산등기·법인등기·개인회생·파산 등을 다루며, 의뢰인 상황에 맞춰 절차와 비용을 알기 쉽게 설명합니다. 불확실한 부분은 추측으로 단정하지 않고, 확인된 사실을 바탕으로 안내드립니다. 전화·카카오톡·네이버 톡톡으로 간단히 상황을 남겨 주시면 필요한 준비부터 차분히 정리해 드리겠습니다. 부동산등기 ",164,fa4a7eed1817115b
/busan-legal-map,"부산 16개 구·군별로 생활권·핵심 업무·지역 허브 페이지를 연결합니다. 다옴법무사사무소는 해운대 센텀에 있으며, 부동산·법인 소재지가 다른 구여도 상담할 수 있습니다. 구 이름만 바꾼 목록이 아니라, 각 카드에서 그 지역 안내에 맞는 페이지로 이동합니다. 부산 16개 구·군별로 생활권·핵심 업무·지역 허브 페이지를 연결합니다. 다옴법무사사무소는 해운대 센텀에 있으며, 부동산·법인 소재지가 다른 구여도 상담할 수 있습니다. 구 이름만 바꾼 목록이 아니라, 각 카드에서 그 지역 안내에 맞는 페이지로 이동합니다. 부산 16개 구·군별로 생활권·핵심 업무·지역 허브 페이지를 연결합니다. 다옴법무사사무소는 해운대 센텀에 있으며, 부동산·법인 소재지가 다른 구여도 상담할 수 있습니다. 구 이름만 바꾼 목록이 아니라, 각 카드에서 그 지역 안내에 맞는 페이지로 이동합니다. 지역별 안내 16개 구·군 카드에서 생활권·이 페이지에서 다루는 업무·관련 페이지로 이동할 수 있습니다. 상담 시 확인하는",235,b961fb716976d3cd
/cases,"다옴법무사사무소에서 다룬 사례를 카테고리·상황·지역으로 검색할 수 있습니다. 개인정보는 비공개이며, 사건 유형과 처리 과정 위주로 안내합니다. 유사한 사례에서도 사실관계에 따라 절차·결과가 달라질 수 있습니다. 다옴법무사사무소에서 다룬 사례를 카테고리·상황·지역으로 검색할 수 있습니다. 개인정보는 비공개이며, 사건 유형과 처리 과정 위주로 안내합니다. 유사한 사례에서도 사실관계에 따라 절차·결과가 달라질 수 있습니다. 상속·부동산·법인·채무 등 업무별로 비슷한 사례를 찾아 다음 단계를 점검해 보세요. 탐색 가능한 분류 카테고리 7종, 상황 태그 10종, 지역 11종으로 사례를 필터링할 수 있습니다. 상속 부동산등기 법인등기 전세보증금 민사서류 회생파산 기타 공동상속인 불협조 빚이 있는 상속 미성년자 포함 해외거주자 포함 해운대구 수영구 연제구 동래구 상담 시 확인하는 내용 사례 탐색기 사건은 서류·관할·기한에 따라 진행 순서가 달라집니다. 다옴법무사사무소는 부산 해운대구·센텀에서 상",192,e1b1b9d1413e14c5
/cases/busan-personal-rehabilitation-consultation,"사례 상세 페이지로 이동합니다. 사례 상세 페이지로 이동합니다. 부산 해운대구·센텀에 위치한 다옴법무사사무소 안윤정 법무사가 절차·서류·비용을 항목별로 설명드립니다. 막막할수록 지금 무엇부터 해야 하는지부터 정리하는 것이 우선이라고 생각합니다. 페이지 이동 사례 상세 페이지로 이동합니다. 상담 시 확인하는 내용 사례 상세 사건은 서류·관할·기한에 따라 진행 순서가 달라집니다. 다옴법무사사무소는 부산 해운대구·센텀에서 상속등기·부동산등기·법인등기·개인회생·파산 등을 다루며, 의뢰인 상황에 맞춰 절차와 비용을 알기 쉽게 설명합니다. 불확실한 부분은 추측으로 단정하지 않고, 확인된 사실을 바탕으로 안내드립니다. 전화·카카오톡·네이버 톡톡으로 간단히 상황을 남겨 주시면 필요한 준비부터 차분히 정리해 드리겠습니다. 사례 상세 상담은 어디서 받을 수 있나요? 다옴법무사사무소는 해운대구 센텀에 있으며, 부산 전역 사건을 전화·카카오톡·네이버 톡톡·방문(예약)으로 상담합니다. 비용은 어떻게 안내되",136,ea92033dcf3ae5a7
/cases/centum-ownership-transfer-case,"사례 상세 페이지로 이동합니다. 사례 상세 페이지로 이동합니다. 부산 해운대구·센텀에 위치한 다옴법무사사무소 안윤정 법무사가 절차·서류·비용을 항목별로 설명드립니다. 막막할수록 지금 무엇부터 해야 하는지부터 정리하는 것이 우선이라고 생각합니다. 페이지 이동 사례 상세 페이지로 이동합니다. 상담 시 확인하는 내용 사례 상세 사건은 서류·관할·기한에 따라 진행 순서가 달라집니다. 다옴법무사사무소는 부산 해운대구·센텀에서 상속등기·부동산등기·법인등기·개인회생·파산 등을 다루며, 의뢰인 상황에 맞춰 절차와 비용을 알기 쉽게 설명합니다. 불확실한 부분은 추측으로 단정하지 않고, 확인된 사실을 바탕으로 안내드립니다. 전화·카카오톡·네이버 톡톡으로 간단히 상황을 남겨 주시면 필요한 준비부터 차분히 정리해 드리겠습니다. 사례 상세 상담은 어디서 받을 수 있나요? 다옴법무사사무소는 해운대구 센텀에 있으며, 부산 전역 사건을 전화·카카오톡·네이버 톡톡·방문(예약)으로 상담합니다. 비용은 어떻게 안내되",136,75f67b0dfd3a4944
/cases/dongnae-qualified-acceptance-consultation,"사례 상세 페이지로 이동합니다. 사례 상세 페이지로 이동합니다. 부산 해운대구·센텀에 위치한 다옴법무사사무소 안윤정 법무사가 절차·서류·비용을 항목별로 설명드립니다. 막막할수록 지금 무엇부터 해야 하는지부터 정리하는 것이 우선이라고 생각합니다. 페이지 이동 사례 상세 페이지로 이동합니다. 상담 시 확인하는 내용 사례 상세 사건은 서류·관할·기한에 따라 진행 순서가 달라집니다. 다옴법무사사무소는 부산 해운대구·센텀에서 상속등기·부동산등기·법인등기·개인회생·파산 등을 다루며, 의뢰인 상황에 맞춰 절차와 비용을 알기 쉽게 설명합니다. 불확실한 부분은 추측으로 단정하지 않고, 확인된 사실을 바탕으로 안내드립니다. 전화·카카오톡·네이버 톡톡으로 간단히 상황을 남겨 주시면 필요한 준비부터 차분히 정리해 드리겠습니다. 사례 상세 상담은 어디서 받을 수 있나요? 다옴법무사사무소는 해운대구 센텀에 있으며, 부산 전역 사건을 전화·카카오톡·네이버 톡톡·방문(예약)으로 상담합니다. 비용은 어떻게 안내되",136,d926a61a94f92eab
/cases/gijang-land-inheritance-case,"사례 상세 페이지로 이동합니다. 사례 상세 페이지로 이동합니다. 부산 해운대구·센텀에 위치한 다옴법무사사무소 안윤정 법무사가 절차·서류·비용을 항목별로 설명드립니다. 막막할수록 지금 무엇부터 해야 하는지부터 정리하는 것이 우선이라고 생각합니다. 페이지 이동 사례 상세 페이지로 이동합니다. 상담 시 확인하는 내용 사례 상세 사건은 서류·관할·기한에 따라 진행 순서가 달라집니다. 다옴법무사사무소는 부산 해운대구·센텀에서 상속등기·부동산등기·법인등기·개인회생·파산 등을 다루며, 의뢰인 상황에 맞춰 절차와 비용을 알기 쉽게 설명합니다. 불확실한 부분은 추측으로 단정하지 않고, 확인된 사실을 바탕으로 안내드립니다. 전화·카카오톡·네이버 톡톡으로 간단히 상황을 남겨 주시면 필요한 준비부터 차분히 정리해 드리겠습니다. 사례 상세 상담은 어디서 받을 수 있나요? 다옴법무사사무소는 해운대구 센텀에 있으며, 부산 전역 사건을 전화·카카오톡·네이버 톡톡·방문(예약)으로 상담합니다. 비용은 어떻게 안내되",136,653e146d21a84115
/cases/haeundae-inheritance-registration-case,"사례 상세 페이지로 이동합니다. 사례 상세 페이지로 이동합니다. 부산 해운대구·센텀에 위치한 다옴법무사사무소 안윤정 법무사가 절차·서류·비용을 항목별로 설명드립니다. 막막할수록 지금 무엇부터 해야 하는지부터 정리하는 것이 우선이라고 생각합니다. 페이지 이동 사례 상세 페이지로 이동합니다. 상담 시 확인하는 내용 사례 상세 사건은 서류·관할·기한에 따라 진행 순서가 달라집니다. 다옴법무사사무소는 부산 해운대구·센텀에서 상속등기·부동산등기·법인등기·개인회생·파산 등을 다루며, 의뢰인 상황에 맞춰 절차와 비용을 알기 쉽게 설명합니다. 불확실한 부분은 추측으로 단정하지 않고, 확인된 사실을 바탕으로 안내드립니다. 전화·카카오톡·네이버 톡톡으로 간단히 상황을 남겨 주시면 필요한 준비부터 차분히 정리해 드리겠습니다. 사례 상세 상담은 어디서 받을 수 있나요? 다옴법무사사무소는 해운대구 센텀에 있으며, 부산 전역 사건을 전화·카카오톡·네이버 톡톡·방문(예약)으로 상담합니다. 비용은 어떻게 안내되",136,3d17765d981d3ccf
/cases/jaesong-inheritance-renunciation-consultation,"사례 상세 페이지로 이동합니다. 사례 상세 페이지로 이동합니다. 부산 해운대구·센텀에 위치한 다옴법무사사무소 안윤정 법무사가 절차·서류·비용을 항목별로 설명드립니다. 막막할수록 지금 무엇부터 해야 하는지부터 정리하는 것이 우선이라고 생각합니다. 페이지 이동 사례 상세 페이지로 이동합니다. 상담 시 확인하는 내용 사례 상세 사건은 서류·관할·기한에 따라 진행 순서가 달라집니다. 다옴법무사사무소는 부산 해운대구·센텀에서 상속등기·부동산등기·법인등기·개인회생·파산 등을 다루며, 의뢰인 상황에 맞춰 절차와 비용을 알기 쉽게 설명합니다. 불확실한 부분은 추측으로 단정하지 않고, 확인된 사실을 바탕으로 안내드립니다. 전화·카카오톡·네이버 톡톡으로 간단히 상황을 남겨 주시면 필요한 준비부터 차분히 정리해 드리겠습니다. 사례 상세 상담은 어디서 받을 수 있나요? 다옴법무사사무소는 해운대구 센텀에 있으며, 부산 전역 사건을 전화·카카오톡·네이버 톡톡·방문(예약)으로 상담합니다. 비용은 어떻게 안내되",136,25abca9563d38ac2
/cases/suyeong-company-establishment-case,"사례 상세 페이지로 이동합니다. 사례 상세 페이지로 이동합니다. 부산 해운대구·센텀에 위치한 다옴법무사사무소 안윤정 법무사가 절차·서류·비용을 항목별로 설명드립니다. 막막할수록 지금 무엇부터 해야 하는지부터 정리하는 것이 우선이라고 생각합니다. 페이지 이동 사례 상세 페이지로 이동합니다. 상담 시 확인하는 내용 사례 상세 사건은 서류·관할·기한에 따라 진행 순서가 달라집니다. 다옴법무사사무소는 부산 해운대구·센텀에서 상속등기·부동산등기·법인등기·개인회생·파산 등을 다루며, 의뢰인 상황에 맞춰 절차와 비용을 알기 쉽게 설명합니다. 불확실한 부분은 추측으로 단정하지 않고, 확인된 사실을 바탕으로 안내드립니다. 전화·카카오톡·네이버 톡톡으로 간단히 상황을 남겨 주시면 필요한 준비부터 차분히 정리해 드리겠습니다. 사례 상세 상담은 어디서 받을 수 있나요? 다옴법무사사무소는 해운대구 센텀에 있으며, 부산 전역 사건을 전화·카카오톡·네이버 톡톡·방문(예약)으로 상담합니다. 비용은 어떻게 안내되",136,8a7d9db44ddc7bea
/cases/yeonje-director-change-case,"사례 상세 페이지로 이동합니다. 사례 상세 페이지로 이동합니다. 부산 해운대구·센텀에 위치한 다옴법무사사무소 안윤정 법무사가 절차·서류·비용을 항목별로 설명드립니다. 막막할수록 지금 무엇부터 해야 하는지부터 정리하는 것이 우선이라고 생각합니다. 페이지 이동 사례 상세 페이지로 이동합니다. 상담 시 확인하는 내용 사례 상세 사건은 서류·관할·기한에 따라 진행 순서가 달라집니다. 다옴법무사사무소는 부산 해운대구·센텀에서 상속등기·부동산등기·법인등기·개인회생·파산 등을 다루며, 의뢰인 상황에 맞춰 절차와 비용을 알기 쉽게 설명합니다. 불확실한 부분은 추측으로 단정하지 않고, 확인된 사실을 바탕으로 안내드립니다. 전화·카카오톡·네이버 톡톡으로 간단히 상황을 남겨 주시면 필요한 준비부터 차분히 정리해 드리겠습니다. 사례 상세 상담은 어디서 받을 수 있나요? 다옴법무사사무소는 해운대구 센텀에 있으며, 부산 전역 사건을 전화·카카오톡·네이버 톡톡·방문(예약)으로 상담합니다. 비용은 어떻게 안내되",136,2a74ebad43f40b1d
/contact,"전화·카카오톡·네이버 톡톡 상담 안내. 방문 예약 후 센텀 사무소에서 직접 상담 가능. 전화·카카오톡·네이버 톡톡 상담 안내. 방문 예약 후 센텀 사무소에서 직접 상담 가능. 부산 해운대구·센텀에 위치한 다옴법무사사무소 안윤정 법무사가 절차·서류·비용을 항목별로 설명드립니다. 막막할수록 지금 무엇부터 해야 하는지부터 정리하는 것이 우선이라고 생각합니다. 상담 문의 전화·카카오톡·네이버 톡톡 상담 안내. 방문 예약 후 센텀 사무소에서 직접 상담 가능. 해운대 법무사 상담 센텀 방문 예약 다옴법무사사무소 상담 시 확인하는 내용 상담 문의 · 해운대·센텀 예약 사건은 서류·관할·기한에 따라 진행 순서가 달라집니다. 다옴법무사사무소는 부산 해운대구·센텀에서 상속등기·부동산등기·법인등기·개인회생·파산 등을 다루며, 의뢰인 상황에 맞춰 절차와 비용을 알기 쉽게 설명합니다. 불확실한 부분은 추측으로 단정하지 않고, 확인된 사실을 바탕으로 안내드립니다. 전화·카카오톡·네이버 톡톡으로 간단히 상황을",173,ea1049ad3367745b
/contact/inquiry,상속등기·부동산등기·법인등기·개인회생 등 상담 분야와 현재 상황을 남기는 신청 양식입니다. 전화·카카오 안내가 필요하면 상담 문의 페이지를 이용해 주세요. 상속등기·부동산등기·법인등기·개인회생 등 상담 분야와 현재 상황을 남기는 신청 양식입니다. 전화·카카오 안내가 필요하면 상담 문의 페이지를 이용해 주세요. 부산 해운대구·센텀에 위치한 다옴법무사사무소 안윤정 법무사가 절차·서류·비용을 항목별로 설명드립니다. 막막할수록 지금 무엇부터 해야 하는지부터 정리하는 것이 우선이라고 생각합니다. 상담 신청 상속등기·부동산등기·법인등기·개인회생 등 상담 분야와 현재 상황을 남기는 신청 양식입니다. 전화·카카오 안내가 필요하면 상담 문의 페이지를 이용해 주세요. 상담 신청 해운대 법무사 문의 다옴법무사사무소 상담 시 확인하는 내용 상담 신청 양식 · 1분 문의 사건은 서류·관할·기한에 따라 진행 순서가 달라집니다. 다옴법무사사무소는 부산 해운대구·센텀에서 상속등기·부동산등기·법인등기·개인회생·파,189,02433740db878119
/faq,"상속등기, 부동산등기, 법인등기, 개인회생·파산 등 법무사 업무 관련 자주 묻는 질문과 답변. 상속등기, 부동산등기, 법인등기, 개인회생·파산 등 법무사 업무 관련 자주 묻는 질문과 답변. 부산 해운대구·센텀에 위치한 다옴법무사사무소 안윤정 법무사가 절차·서류·비용을 항목별로 설명드립니다. 막막할수록 지금 무엇부터 해야 하는지부터 정리하는 것이 우선이라고 생각합니다. 자주 묻는 질문 상속등기, 부동산등기, 법인등기, 개인회생·파산 등 법무사 업무 관련 자주 묻는 질문과 답변. 상속등기 FAQ 부동산등기 FAQ 개인회생 FAQ 다옴법무사사무소 상담 시 확인하는 내용 등기·상속·회생 FAQ 사건은 서류·관할·기한에 따라 진행 순서가 달라집니다. 다옴법무사사무소는 부산 해운대구·센텀에서 상속등기·부동산등기·법인등기·개인회생·파산 등을 다루며, 의뢰인 상황에 맞춰 절차와 비용을 알기 쉽게 설명합니다. 불확실한 부분은 추측으로 단정하지 않고, 확인된 사실을 바탕으로 안내드립니다. 전화·카카오",168,875f937c692dd6c9
/faq/bankruptcy-discharge-faq,"면책 결정이 나면 원칙적으로 면책 대상 채무의 변제 의무가 면제됩니다. 예외 채무가 있을 수 있습니다. 면책 결정이 나면 원칙적으로 면책 대상 채무의 변제 의무가 면제됩니다. 예외 채무가 있을 수 있습니다. 부산 해운대구·센텀에 위치한 다옴법무사사무소 안윤정 법무사가 절차·서류·비용을 항목별로 설명드립니다. 막막할수록 지금 무엇부터 해야 하는지부터 정리하는 것이 우선이라고 생각합니다. 답변 요약 면책 결정이 나면 원칙적으로 면책 대상 채무의 변제 의무가 면제됩니다. 예외 채무가 있을 수 있습니다. 파산 FAQ 상담 시 확인하는 내용 파산 면책이 되면 채무는 어떻게 되나요? 사건은 서류·관할·기한에 따라 진행 순서가 달라집니다. 다옴법무사사무소는 부산 해운대구·센텀에서 상속등기·부동산등기·법인등기·개인회생·파산 등을 다루며, 의뢰인 상황에 맞춰 절차와 비용을 알기 쉽게 설명합니다. 불확실한 부분은 추측으로 단정하지 않고, 확인된 사실을 바탕으로 안내드립니다. 전화·카카오톡·네이버 톡톡",190,b3b063b0e61ea418
/faq/bankruptcy-vs-rehabilitation-faq,"소득 유무, 채무 규모, 재산·부양 가족 상황에 따라 적합한 제도가 다릅니다. 본인 상황에 맞게 상담이 필요합니다. 소득 유무, 채무 규모, 재산·부양 가족 상황에 따라 적합한 제도가 다릅니다. 본인 상황에 맞게 상담이 필요합니다. 부산 해운대구·센텀에 위치한 다옴법무사사무소 안윤정 법무사가 절차·서류·비용을 항목별로 설명드립니다. 막막할수록 지금 무엇부터 해야 하는지부터 정리하는 것이 우선이라고 생각합니다. 답변 요약 소득 유무, 채무 규모, 재산·부양 가족 상황에 따라 적합한 제도가 다릅니다. 본인 상황에 맞게 상담이 필요합니다. 파산 개인회생 FAQ 상담 시 확인하는 내용 파산과 개인회생 중 무엇을 선택해야 하나요? 사건은 서류·관할·기한에 따라 진행 순서가 달라집니다. 다옴법무사사무소는 부산 해운대구·센텀에서 상속등기·부동산등기·법인등기·개인회생·파산 등을 다루며, 의뢰인 상황에 맞춰 절차와 비용을 알기 쉽게 설명합니다. 불확실한 부분은 추측으로 단정하지 않고, 확인된 사실을",194,b446b4512c3cf075
/faq/capital-increase-registration-faq,"주주총회 결의, 정관 변경(해당 시), 신주 발행·납입 후 등기소에 신청합니다. 전국 비대면 상담으로 정관·결의에 따른 서류를 안내받을 수 있습니다. 주주총회 결의, 정관 변경(해당 시), 신주 발행·납입 후 등기소에 신청합니다. 전국 비대면 상담으로 정관·결의에 따른 서류를 안내받을 수 있습니다. 부산 해운대구·센텀에 위치한 다옴법무사사무소 안윤정 법무사가 절차·서류·비용을 항목별로 설명드립니다. 막막할수록 지금 무엇부터 해야 하는지부터 정리하는 것이 우선이라고 생각합니다. 답변 요약 주주총회 결의, 정관 변경(해당 시), 신주 발행·납입 후 등기소에 신청합니다. 전국 비대면 상담으로 정관·결의에 따른 서류를 안내받을 수 있습니다. 유상증자 FAQ 전국 비대면 상담 시 확인하는 내용 유상증자 등기는 어떻게 하나요? 사건은 서류·관할·기한에 따라 진행 순서가 달라집니다. 다옴법무사사무소는 부산 해운대구·센텀에서 상속등기·부동산등기·법인등기·개인회생·파산 등을 다루며, 의뢰인 상황에 ",232,a1031cecfe921de6
/faq/company-establishment-documents-faq,"정관, 발기인·주주 동의서, 자본금 납입 증명, 본점 사용 승낙서, 임원 인감증명서 등이 필요합니다. 전국 비대면 상담으로 설립 전 체크리스트를 받을 수 있습니다. 정관, 발기인·주주 동의서, 자본금 납입 증명, 본점 사용 승낙서, 임원 인감증명서 등이 필요합니다. 전국 비대면 상담으로 설립 전 체크리스트를 받을 수 있습니다. 부산 해운대구·센텀에 위치한 다옴법무사사무소 안윤정 법무사가 절차·서류·비용을 항목별로 설명드립니다. 막막할수록 지금 무엇부터 해야 하는지부터 정리하는 것이 우선이라고 생각합니다. 답변 요약 정관, 발기인·주주 동의서, 자본금 납입 증명, 본점 사용 승낙서, 임원 인감증명서 등이 필요합니다. 전국 비대면 상담으로 설립 전 체크리스트를 받을 수 있습니다. 법인설립 FAQ 전국 비대면 상담 시 확인하는 내용 법인설립등기에 필요한 서류는? 사건은 서류·관할·기한에 따라 진행 순서가 달라집니다. 다옴법무사사무소는 부산 해운대구·센텀에서 상속등기·부동산등기·법인등기·개",241,1dd064cd93a3b30e
/faq/corporate-address-change-faq,주주총회·이사회 결의 후 새 본점 소재지 사용 승낙서 등을 갖추어 등기소에 신청합니다. 전국 비대면 상담으로 관할 변경 여부를 먼저 확인할 수 있습니다. 주주총회·이사회 결의 후 새 본점 소재지 사용 승낙서 등을 갖추어 등기소에 신청합니다. 전국 비대면 상담으로 관할 변경 여부를 먼저 확인할 수 있습니다. 부산 해운대구·센텀에 위치한 다옴법무사사무소 안윤정 법무사가 절차·서류·비용을 항목별로 설명드립니다. 막막할수록 지금 무엇부터 해야 하는지부터 정리하는 것이 우선이라고 생각합니다. 답변 요약 주주총회·이사회 결의 후 새 본점 소재지 사용 승낙서 등을 갖추어 등기소에 신청합니다. 전국 비대면 상담으로 관할 변경 여부를 먼저 확인할 수 있습니다. 본점이전 FAQ 전국 비대면 상담 시 확인하는 내용 법인 본점 이전 등기는 어떻게 하나요? 사건은 서류·관할·기한에 따라 진행 순서가 달라집니다. 다옴법무사사무소는 부산 해운대구·센텀에서 상속등기·부동산등기·법인등기·개인회생·파산 등을 다루며,254,30f0a91cde8f177b
/faq/director-change-deadline-faq,"주주총회·이사회 결의 후 일정 기한 내 등기소에 신청해야 합니다. 부산 방문 없이 전국 비대면 상담으로 기한·서류를 확인할 수 있습니다. 주주총회·이사회 결의 후 일정 기한 내 등기소에 신청해야 합니다. 부산 방문 없이 전국 비대면 상담으로 기한·서류를 확인할 수 있습니다. 부산 해운대구·센텀에 위치한 다옴법무사사무소 안윤정 법무사가 절차·서류·비용을 항목별로 설명드립니다. 막막할수록 지금 무엇부터 해야 하는지부터 정리하는 것이 우선이라고 생각합니다. 답변 요약 주주총회·이사회 결의 후 일정 기한 내 등기소에 신청해야 합니다. 부산 방문 없이 전국 비대면 상담으로 기한·서류를 확인할 수 있습니다. 임원변경 FAQ 전국 비대면 상담 시 확인하는 내용 임원변경등기는 언제까지 해야 하나요? 사건은 서류·관할·기한에 따라 진행 순서가 달라집니다. 다옴법무사사무소는 부산 해운대구·센텀에서 상속등기·부동산등기·법인등기·개인회생·파산 등을 다루며, 의뢰인 상황에 맞춰 절차와 비용을 알기 쉽게 설",240,61510055a4f8a3a5
/faq/gift-registration-faq,"네, 증여에 따른 소유권이전등기가 필요합니다. 취득세 신고·납부 후 등기소에 신청합니다. 네, 증여에 따른 소유권이전등기가 필요합니다. 취득세 신고·납부 후 등기소에 신청합니다. 부산 해운대구·센텀에 위치한 다옴법무사사무소 안윤정 법무사가 절차·서류·비용을 항목별로 설명드립니다. 막막할수록 지금 무엇부터 해야 하는지부터 정리하는 것이 우선이라고 생각합니다. 답변 요약 네, 증여에 따른 소유권이전등기가 필요합니다. 취득세 신고·납부 후 등기소에 신청합니다. 증여 FAQ 상담 시 확인하는 내용 증여로 받은 부동산도 등기가 필요한가요? 사건은 서류·관할·기한에 따라 진행 순서가 달라집니다. 다옴법무사사무소는 부산 해운대구·센텀에서 상속등기·부동산등기·법인등기·개인회생·파산 등을 다루며, 의뢰인 상황에 맞춰 절차와 비용을 알기 쉽게 설명합니다. 불확실한 부분은 추측으로 단정하지 않고, 확인된 사실을 바탕으로 안내드립니다. 전화·카카오톡·네이버 톡톡으로 간단히 상황을 남겨 주시면 필요한 준비",166,2d1320cf5e348e69
/faq/how-to-book-consultation-faq,"전화, 카카오톡, 네이버 톡톡, 상담 신청 페이지로 연락하실 수 있습니다. 부산 방문 없이 전국 비대면 상담이 가능하며, 방문은 예약 후 이용해 주세요. 전화, 카카오톡, 네이버 톡톡, 상담 신청 페이지로 연락하실 수 있습니다. 부산 방문 없이 전국 비대면 상담이 가능하며, 방문은 예약 후 이용해 주세요. 부산 해운대구·센텀에 위치한 다옴법무사사무소 안윤정 법무사가 절차·서류·비용을 항목별로 설명드립니다. 막막할수록 지금 무엇부터 해야 하는지부터 정리하는 것이 우선이라고 생각합니다. 답변 요약 전화, 카카오톡, 네이버 톡톡, 상담 신청 페이지로 연락하실 수 있습니다. 부산 방문 없이 전국 비대면 상담이 가능하며, 방문은 예약 후 이용해 주세요. 상담 FAQ 전국 비대면 상담 시 확인하는 내용 상담은 어떻게 예약하나요? 사건은 서류·관할·기한에 따라 진행 순서가 달라집니다. 다옴법무사사무소는 부산 해운대구·센텀에서 상속등기·부동산등기·법인등기·개인회생·파산 등을 다루며, 의뢰인 상황에",265,03d7047ba54a92e6
/faq/inheritance-registration-cost,"상속등기 수임료는 부동산 가액·건수·상속인 수에 따라 달라지며, 등록세·교육세 등 공과금은 별도입니다. 부산 방문 없이 전국 비대면 상담으로 예상 비용을 안내받을 수 있습니다. 상속등기 수임료는 부동산 가액·건수·상속인 수에 따라 달라지며, 등록세·교육세 등 공과금은 별도입니다. 부산 방문 없이 전국 비대면 상담으로 예상 비용을 안내받을 수 있습니다. 부산 해운대구·센텀에 위치한 다옴법무사사무소 안윤정 법무사가 절차·서류·비용을 항목별로 설명드립니다. 막막할수록 지금 무엇부터 해야 하는지부터 정리하는 것이 우선이라고 생각합니다. 답변 요약 상속등기 수임료는 부동산 가액·건수·상속인 수에 따라 달라지며, 등록세·교육세 등 공과금은 별도입니다. 부산 방문 없이 전국 비대면 상담으로 예상 비용을 안내받을 수 있습니다. 상속등기 FAQ 전국 비대면 상담 시 확인하는 내용 상속등기 비용은 얼마나 드나요? 사건은 서류·관할·기한에 따라 진행 순서가 달라집니다. 다옴법무사사무소는 부산 해운대구·",368,6fcfc15947d99988
/faq/inheritance-registration-with-mortgage,"가능합니다. 저당권은 그대로 남을 수 있어 채무 정리 방향을 함께 검토해야 하며, 부산 방문 없이 전국 비대면 상담이 가능합니다. 가능합니다. 저당권은 그대로 남을 수 있어 채무 정리 방향을 함께 검토해야 하며, 부산 방문 없이 전국 비대면 상담이 가능합니다. 부산 해운대구·센텀에 위치한 다옴법무사사무소 안윤정 법무사가 절차·서류·비용을 항목별로 설명드립니다. 막막할수록 지금 무엇부터 해야 하는지부터 정리하는 것이 우선이라고 생각합니다. 답변 요약 가능합니다. 저당권은 그대로 남을 수 있어 채무 정리 방향을 함께 검토해야 하며, 부산 방문 없이 전국 비대면 상담이 가능합니다. 상속등기 FAQ 전국 비대면 상담 시 확인하는 내용 대출(저당권)이 있는 부동산도 상속등기가 되나요? 사건은 서류·관할·기한에 따라 진행 순서가 달라집니다. 다옴법무사사무소는 부산 해운대구·센텀에서 상속등기·부동산등기·법인등기·개인회생·파산 등을 다루며, 의뢰인 상황에 맞춰 절차와 비용을 알기 쉽게 설명합니다.",242,cc2fe6579c4cf2a5
/faq/inheritance-renunciation-deadline,"상속 개시와 상속인임을 안 날로부터 3개월 이내에 가정법원에 신고해야 합니다. 기한이 촉박할수록 전국 비대면 상담으로 빠르게 확인하세요. 상속 개시와 상속인임을 안 날로부터 3개월 이내에 가정법원에 신고해야 합니다. 기한이 촉박할수록 전국 비대면 상담으로 빠르게 확인하세요. 부산 해운대구·센텀에 위치한 다옴법무사사무소 안윤정 법무사가 절차·서류·비용을 항목별로 설명드립니다. 막막할수록 지금 무엇부터 해야 하는지부터 정리하는 것이 우선이라고 생각합니다. 답변 요약 상속 개시와 상속인임을 안 날로부터 3개월 이내에 가정법원에 신고해야 합니다. 기한이 촉박할수록 전국 비대면 상담으로 빠르게 확인하세요. 상속포기 FAQ 전국 비대면 상담 시 확인하는 내용 상속포기 신고 기한은 언제인가요? 사건은 서류·관할·기한에 따라 진행 순서가 달라집니다. 다옴법무사사무소는 부산 해운대구·센텀에서 상속등기·부동산등기·법인등기·개인회생·파산 등을 다루며, 의뢰인 상황에 맞춰 절차와 비용을 알기 쉽게 설명합",227,f3fd7e90e118a3cc
/faq/inheritance-renunciation-family-effect,"상속 순위에 따라 다음 상속인에게 상속이 넘어갑니다. 가족 구성에 따라 영향이 달라지며, 전국 비대면 상담으로 가족 전체 구조를 검토할 수 있습니다. 상속 순위에 따라 다음 상속인에게 상속이 넘어갑니다. 가족 구성에 따라 영향이 달라지며, 전국 비대면 상담으로 가족 전체 구조를 검토할 수 있습니다. 부산 해운대구·센텀에 위치한 다옴법무사사무소 안윤정 법무사가 절차·서류·비용을 항목별로 설명드립니다. 막막할수록 지금 무엇부터 해야 하는지부터 정리하는 것이 우선이라고 생각합니다. 답변 요약 상속 순위에 따라 다음 상속인에게 상속이 넘어갑니다. 가족 구성에 따라 영향이 달라지며, 전국 비대면 상담으로 가족 전체 구조를 검토할 수 있습니다. 상속포기 FAQ 전국 비대면 상담 시 확인하는 내용 상속포기하면 배우자·자녀에게 어떤 영향이 있나요? 사건은 서류·관할·기한에 따라 진행 순서가 달라집니다. 다옴법무사사무소는 부산 해운대구·센텀에서 상속등기·부동산등기·법인등기·개인회생·파산 등을 다루며",249,e0201a6e77279147
/faq/jeonse-registration-faq,"임대인 협조 여부, 보증금 규모, 계약 형태에 따라 다릅니다. 둘 다 전세 보호를 위한 방법입니다. 임대인 협조 여부, 보증금 규모, 계약 형태에 따라 다릅니다. 둘 다 전세 보호를 위한 방법입니다. 부산 해운대구·센텀에 위치한 다옴법무사사무소 안윤정 법무사가 절차·서류·비용을 항목별로 설명드립니다. 막막할수록 지금 무엇부터 해야 하는지부터 정리하는 것이 우선이라고 생각합니다. 답변 요약 임대인 협조 여부, 보증금 규모, 계약 형태에 따라 다릅니다. 둘 다 전세 보호를 위한 방법입니다. 전세권 FAQ 상담 시 확인하는 내용 전세권설정등기와 임차권등기명령 중 무엇이 좋나요? 사건은 서류·관할·기한에 따라 진행 순서가 달라집니다. 다옴법무사사무소는 부산 해운대구·센텀에서 상속등기·부동산등기·법인등기·개인회생·파산 등을 다루며, 의뢰인 상황에 맞춰 절차와 비용을 알기 쉽게 설명합니다. 불확실한 부분은 추측으로 단정하지 않고, 확인된 사실을 바탕으로 안내드립니다. 전화·카카오톡·네이버 톡톡",186,7347a8c9495f82fd
/faq/lawyer-fee-and-remote-faq,"사건 종류, 부동산 가액, 채권·채무 규모 등에 따라 달라집니다. 부산 방문 없이 전국 비대면 상담으로 예상 수임료와 등기 비용을 투명하게 안내받을 수 있습니다. 사건 종류, 부동산 가액, 채권·채무 규모 등에 따라 달라집니다. 부산 방문 없이 전국 비대면 상담으로 예상 수임료와 등기 비용을 투명하게 안내받을 수 있습니다. 부산 해운대구·센텀에 위치한 다옴법무사사무소 안윤정 법무사가 절차·서류·비용을 항목별로 설명드립니다. 막막할수록 지금 무엇부터 해야 하는지부터 정리하는 것이 우선이라고 생각합니다. 답변 요약 사건 종류, 부동산 가액, 채권·채무 규모 등에 따라 달라집니다. 부산 방문 없이 전국 비대면 상담으로 예상 수임료와 등기 비용을 투명하게 안내받을 수 있습니다. 상담 FAQ 전국 비대면 상담 시 확인하는 내용 법무사 수임료는 어떻게 되나요? 사건은 서류·관할·기한에 따라 진행 순서가 달라집니다. 다옴법무사사무소는 부산 해운대구·센텀에서 상속등기·부동산등기·법인등기·개인회생·",266,eb7526d753ebdb57
/faq/multiple-heirs-inheritance-registration,"공동상속인은 협의서로 지분·단독 상속 등을 정한 뒤 등기합니다. 상속인이 여러 지역에 있어도 전국 비대면 상담·서류 정리가 가능합니다. 공동상속인은 협의서로 지분·단독 상속 등을 정한 뒤 등기합니다. 상속인이 여러 지역에 있어도 전국 비대면 상담·서류 정리가 가능합니다. 부산 해운대구·센텀에 위치한 다옴법무사사무소 안윤정 법무사가 절차·서류·비용을 항목별로 설명드립니다. 막막할수록 지금 무엇부터 해야 하는지부터 정리하는 것이 우선이라고 생각합니다. 답변 요약 공동상속인은 협의서로 지분·단독 상속 등을 정한 뒤 등기합니다. 상속인이 여러 지역에 있어도 전국 비대면 상담·서류 정리가 가능합니다. 상속등기 FAQ 전국 비대면 상담 시 확인하는 내용 상속인이 여러 명이면 어떻게 하나요? 사건은 서류·관할·기한에 따라 진행 순서가 달라집니다. 다옴법무사사무소는 부산 해운대구·센텀에서 상속등기·부동산등기·법인등기·개인회생·파산 등을 다루며, 의뢰인 상황에 맞춰 절차와 비용을 알기 쉽게 설명합니",230,41384d63b8fc625d
/faq/ownership-transfer-documents,"매매계약서, 양도인·취득자 인감증명서, 등기부등본, 취득세 납부 영수증 등이 일반적으로 필요합니다. 매매계약서, 양도인·취득자 인감증명서, 등기부등본, 취득세 납부 영수증 등이 일반적으로 필요합니다. 부산 해운대구·센텀에 위치한 다옴법무사사무소 안윤정 법무사가 절차·서류·비용을 항목별로 설명드립니다. 막막할수록 지금 무엇부터 해야 하는지부터 정리하는 것이 우선이라고 생각합니다. 답변 요약 매매계약서, 양도인·취득자 인감증명서, 등기부등본, 취득세 납부 영수증 등이 일반적으로 필요합니다. 소유권이전등기 FAQ 상담 시 확인하는 내용 소유권이전등기에 필요한 서류는? 사건은 서류·관할·기한에 따라 진행 순서가 달라집니다. 다옴법무사사무소는 부산 해운대구·센텀에서 상속등기·부동산등기·법인등기·개인회생·파산 등을 다루며, 의뢰인 상황에 맞춰 절차와 비용을 알기 쉽게 설명합니다. 불확실한 부분은 추측으로 단정하지 않고, 확인된 사실을 바탕으로 안내드립니다. 전화·카카오톡·네이버 톡톡으로 간단히",164,36f8800c18540b13
/faq/personal-rehabilitation-credit-faq,"신용정보 기록, 금융 거래 제한 등 일정 기간 영향이 있을 수 있습니다. 면책 후에도 회복까지 시간이 걸릴 수 있습니다. 신용정보 기록, 금융 거래 제한 등 일정 기간 영향이 있을 수 있습니다. 면책 후에도 회복까지 시간이 걸릴 수 있습니다. 부산 해운대구·센텀에 위치한 다옴법무사사무소 안윤정 법무사가 절차·서류·비용을 항목별로 설명드립니다. 막막할수록 지금 무엇부터 해야 하는지부터 정리하는 것이 우선이라고 생각합니다. 답변 요약 신용정보 기록, 금융 거래 제한 등 일정 기간 영향이 있을 수 있습니다. 면책 후에도 회복까지 시간이 걸릴 수 있습니다. 개인회생 FAQ 상담 시 확인하는 내용 개인회생 후 신용에는 어떤 영향이 있나요? 사건은 서류·관할·기한에 따라 진행 순서가 달라집니다. 다옴법무사사무소는 부산 해운대구·센텀에서 상속등기·부동산등기·법인등기·개인회생·파산 등을 다루며, 의뢰인 상황에 맞춰 절차와 비용을 알기 쉽게 설명합니다. 불확실한 부분은 추측으로 단정하지 않고, 확인",205,a0b1ffb2aa6bfe56
/faq/personal-rehabilitation-documents-faq,"신분증, 소득 증빙, 채권자별 채무 내역, 재산 목록, 가족관계 증명 등이 일반적으로 필요합니다. 신분증, 소득 증빙, 채권자별 채무 내역, 재산 목록, 가족관계 증명 등이 일반적으로 필요합니다. 부산 해운대구·센텀에 위치한 다옴법무사사무소 안윤정 법무사가 절차·서류·비용을 항목별로 설명드립니다. 막막할수록 지금 무엇부터 해야 하는지부터 정리하는 것이 우선이라고 생각합니다. 답변 요약 신분증, 소득 증빙, 채권자별 채무 내역, 재산 목록, 가족관계 증명 등이 일반적으로 필요합니다. 개인회생 FAQ 상담 시 확인하는 내용 개인회생 신청 시 필요한 서류는? 사건은 서류·관할·기한에 따라 진행 순서가 달라집니다. 다옴법무사사무소는 부산 해운대구·센텀에서 상속등기·부동산등기·법인등기·개인회생·파산 등을 다루며, 의뢰인 상황에 맞춰 절차와 비용을 알기 쉽게 설명합니다. 불확실한 부분은 추측으로 단정하지 않고, 확인된 사실을 바탕으로 안내드립니다. 전화·카카오톡·네이버 톡톡으로 간단히 상황을 ",178,cdbe2cbccff1da4f
/faq/personal-rehabilitation-duration-faq,"신청부터 개시 결정, 변제 계획 인가, 변제 기간까지 사안마다 다릅니다. 수개월에서 수년이 걸릴 수 있습니다. 신청부터 개시 결정, 변제 계획 인가, 변제 기간까지 사안마다 다릅니다. 수개월에서 수년이 걸릴 수 있습니다. 부산 해운대구·센텀에 위치한 다옴법무사사무소 안윤정 법무사가 절차·서류·비용을 항목별로 설명드립니다. 막막할수록 지금 무엇부터 해야 하는지부터 정리하는 것이 우선이라고 생각합니다. 답변 요약 신청부터 개시 결정, 변제 계획 인가, 변제 기간까지 사안마다 다릅니다. 수개월에서 수년이 걸릴 수 있습니다. 개인회생 FAQ 상담 시 확인하는 내용 개인회생 절차는 얼마나 걸리나요? 사건은 서류·관할·기한에 따라 진행 순서가 달라집니다. 다옴법무사사무소는 부산 해운대구·센텀에서 상속등기·부동산등기·법인등기·개인회생·파산 등을 다루며, 의뢰인 상황에 맞춰 절차와 비용을 알기 쉽게 설명합니다. 불확실한 부분은 추측으로 단정하지 않고, 확인된 사실을 바탕으로 안내드립니다. 전화·카",185,bd649228a72633d0
/faq/personal-rehabilitation-eligibility-faq,"채무 총액, 소득, 재산, 최근 채무 발생 등 여러 요건을 종합해 판단합니다. 무조건 신청 가능한 것은 아닙니다. 채무 총액, 소득, 재산, 최근 채무 발생 등 여러 요건을 종합해 판단합니다. 무조건 신청 가능한 것은 아닙니다. 부산 해운대구·센텀에 위치한 다옴법무사사무소 안윤정 법무사가 절차·서류·비용을 항목별로 설명드립니다. 막막할수록 지금 무엇부터 해야 하는지부터 정리하는 것이 우선이라고 생각합니다. 답변 요약 채무 총액, 소득, 재산, 최근 채무 발생 등 여러 요건을 종합해 판단합니다. 무조건 신청 가능한 것은 아닙니다. 개인회생 FAQ 상담 시 확인하는 내용 개인회생 신청 자격은 어떻게 되나요? 사건은 서류·관할·기한에 따라 진행 순서가 달라집니다. 다옴법무사사무소는 부산 해운대구·센텀에서 상속등기·부동산등기·법인등기·개인회생·파산 등을 다루며, 의뢰인 상황에 맞춰 절차와 비용을 알기 쉽게 설명합니다. 불확실한 부분은 추측으로 단정하지 않고, 확인된 사실을 바탕으로 안내드립",197,3e1886865532bc48
/faq/preservation-registration-faq,"사용승인 후 건축물대장과 소유권 서류를 정리한 뒤 보존등기를 진행하는 경우가 많습니다. 부산 신축건물 보존등기 안내. 사용승인 후 건축물대장과 소유권 서류를 정리한 뒤 보존등기를 진행하는 경우가 많습니다. 부산 신축건물 보존등기 안내. 부산 해운대구·센텀에 위치한 다옴법무사사무소 안윤정 법무사가 절차·서류·비용을 항목별로 설명드립니다. 막막할수록 지금 무엇부터 해야 하는지부터 정리하는 것이 우선이라고 생각합니다. 답변 요약 사용승인 후 건축물대장과 소유권 서류를 정리한 뒤 보존등기를 진행하는 경우가 많습니다. 부산 신축건물 보존등기 안내. 보존등기 신축건물 FAQ 상담 시 확인하는 내용 신축건물 보존등기는 언제 하나요? 사건은 서류·관할·기한에 따라 진행 순서가 달라집니다. 다옴법무사사무소는 부산 해운대구·센텀에서 상속등기·부동산등기·법인등기·개인회생·파산 등을 다루며, 의뢰인 상황에 맞춰 절차와 비용을 알기 쉽게 설명합니다. 불확실한 부분은 추측으로 단정하지 않고, 확인된 사실을 ",200,0b7aa5051dfadace
/faq/public-agency-registration-faq,"공공기관·공기업 등기업무 위탁 범위와 상담 전 확인사항. 부산 공공기관 등기 법무사 안내. 공공기관·공기업 등기업무 위탁 범위와 상담 전 확인사항. 부산 공공기관 등기 법무사 안내. 부산 해운대구·센텀에 위치한 다옴법무사사무소 안윤정 법무사가 절차·서류·비용을 항목별로 설명드립니다. 막막할수록 지금 무엇부터 해야 하는지부터 정리하는 것이 우선이라고 생각합니다. 답변 요약 공공기관·공기업 등기업무 위탁 범위와 상담 전 확인사항. 부산 공공기관 등기 법무사 안내. 공공기관 공기업 FAQ 상담 시 확인하는 내용 공공기관 등기업무도 법무사에게 맡길 수 있나요? 사건은 서류·관할·기한에 따라 진행 순서가 달라집니다. 다옴법무사사무소는 부산 해운대구·센텀에서 상속등기·부동산등기·법인등기·개인회생·파산 등을 다루며, 의뢰인 상황에 맞춰 절차와 비용을 알기 쉽게 설명합니다. 불확실한 부분은 추측으로 단정하지 않고, 확인된 사실을 바탕으로 안내드립니다. 전화·카카오톡·네이버 톡톡으로 간단히 상황을 ",194,407f654f9e02042e
/faq/qualified-acceptance-procedure,"가정법원에 한정승인 신고서를 제출합니다. 3개월 기한 내 신고가 필요하며, 부산 방문 없이 전국 비대면으로 신고·후속 등기를 안내받을 수 있습니다. 가정법원에 한정승인 신고서를 제출합니다. 3개월 기한 내 신고가 필요하며, 부산 방문 없이 전국 비대면으로 신고·후속 등기를 안내받을 수 있습니다. 부산 해운대구·센텀에 위치한 다옴법무사사무소 안윤정 법무사가 절차·서류·비용을 항목별로 설명드립니다. 막막할수록 지금 무엇부터 해야 하는지부터 정리하는 것이 우선이라고 생각합니다. 답변 요약 가정법원에 한정승인 신고서를 제출합니다. 3개월 기한 내 신고가 필요하며, 부산 방문 없이 전국 비대면으로 신고·후속 등기를 안내받을 수 있습니다. 한정승인 FAQ 전국 비대면 상담 시 확인하는 내용 한정승인 절차는 어떻게 되나요? 사건은 서류·관할·기한에 따라 진행 순서가 달라집니다. 다옴법무사사무소는 부산 해운대구·센텀에서 상속등기·부동산등기·법인등기·개인회생·파산 등을 다루며, 의뢰인 상황에 맞춰 ",230,6807278840315be9
/faq/qualified-acceptance-vs-simple-acceptance,"단순승인은 채무까지 무제한 승계하고, 한정승인은 재산 범위로 채무를 제한합니다. 부산 방문 없이 전국 비대면 상담으로 선택을 검토하세요. 단순승인은 채무까지 무제한 승계하고, 한정승인은 재산 범위로 채무를 제한합니다. 부산 방문 없이 전국 비대면 상담으로 선택을 검토하세요. 부산 해운대구·센텀에 위치한 다옴법무사사무소 안윤정 법무사가 절차·서류·비용을 항목별로 설명드립니다. 막막할수록 지금 무엇부터 해야 하는지부터 정리하는 것이 우선이라고 생각합니다. 답변 요약 단순승인은 채무까지 무제한 승계하고, 한정승인은 재산 범위로 채무를 제한합니다. 부산 방문 없이 전국 비대면 상담으로 선택을 검토하세요. 한정승인 FAQ 전국 비대면 상담 시 확인하는 내용 한정승인과 단순승인의 차이는? 사건은 서류·관할·기한에 따라 진행 순서가 달라집니다. 다옴법무사사무소는 부산 해운대구·센텀에서 상속등기·부동산등기·법인등기·개인회생·파산 등을 다루며, 의뢰인 상황에 맞춰 절차와 비용을 알기 쉽게 설명합니다",222,0eb986a38a233563
/faq/real-estate-divorce-registration,"협의이혼·재판이혼에 따라 절차가 다릅니다. 이전 등기·명의 변경 등기가 필요할 수 있습니다. 협의이혼·재판이혼에 따라 절차가 다릅니다. 이전 등기·명의 변경 등기가 필요할 수 있습니다. 부산 해운대구·센텀에 위치한 다옴법무사사무소 안윤정 법무사가 절차·서류·비용을 항목별로 설명드립니다. 막막할수록 지금 무엇부터 해야 하는지부터 정리하는 것이 우선이라고 생각합니다. 답변 요약 협의이혼·재판이혼에 따라 절차가 다릅니다. 이전 등기·명의 변경 등기가 필요할 수 있습니다. 이혼 FAQ 상담 시 확인하는 내용 이혼 후 부동산 명의 변경은 어떻게 하나요? 사건은 서류·관할·기한에 따라 진행 순서가 달라집니다. 다옴법무사사무소는 부산 해운대구·센텀에서 상속등기·부동산등기·법인등기·개인회생·파산 등을 다루며, 의뢰인 상황에 맞춰 절차와 비용을 알기 쉽게 설명합니다. 불확실한 부분은 추측으로 단정하지 않고, 확인된 사실을 바탕으로 안내드립니다. 전화·카카오톡·네이버 톡톡으로 간단히 상황을 남겨 주시",176,7d14e5e908b73cce
/faq/renouncing-share-vs-full-renunciation,"상속분 포기는 일부만 포기하는 것이고, 상속포기는 상속 전체를 포기합니다. 차이를 전국 비대면 상담으로 사안에 맞게 확인할 수 있습니다. 상속분 포기는 일부만 포기하는 것이고, 상속포기는 상속 전체를 포기합니다. 차이를 전국 비대면 상담으로 사안에 맞게 확인할 수 있습니다. 부산 해운대구·센텀에 위치한 다옴법무사사무소 안윤정 법무사가 절차·서류·비용을 항목별로 설명드립니다. 막막할수록 지금 무엇부터 해야 하는지부터 정리하는 것이 우선이라고 생각합니다. 답변 요약 상속분 포기는 일부만 포기하는 것이고, 상속포기는 상속 전체를 포기합니다. 차이를 전국 비대면 상담으로 사안에 맞게 확인할 수 있습니다. 상속포기 FAQ 전국 비대면 상담 시 확인하는 내용 상속분 포기와 상속포기는 다른가요? 사건은 서류·관할·기한에 따라 진행 순서가 달라집니다. 다옴법무사사무소는 부산 해운대구·센텀에서 상속등기·부동산등기·법인등기·개인회생·파산 등을 다루며, 의뢰인 상황에 맞춰 절차와 비용을 알기 쉽게 설명",235,ce478a1923b94cdc
/faq/what-is-inheritance-renunciation,"상속을 받지 않겠다고 법원에 신고하는 제도입니다. 본인에게 피상속인의 채무가 넘어오지 않으며, 전국 비대면 상담으로 제도·효과를 확인할 수 있습니다. 상속을 받지 않겠다고 법원에 신고하는 제도입니다. 본인에게 피상속인의 채무가 넘어오지 않으며, 전국 비대면 상담으로 제도·효과를 확인할 수 있습니다. 부산 해운대구·센텀에 위치한 다옴법무사사무소 안윤정 법무사가 절차·서류·비용을 항목별로 설명드립니다. 막막할수록 지금 무엇부터 해야 하는지부터 정리하는 것이 우선이라고 생각합니다. 답변 요약 상속을 받지 않겠다고 법원에 신고하는 제도입니다. 본인에게 피상속인의 채무가 넘어오지 않으며, 전국 비대면 상담으로 제도·효과를 확인할 수 있습니다. 상속포기 FAQ 전국 비대면 상담 시 확인하는 내용 상속포기란 무엇인가요? 사건은 서류·관할·기한에 따라 진행 순서가 달라집니다. 다옴법무사사무소는 부산 해운대구·센텀에서 상속등기·부동산등기·법인등기·개인회생·파산 등을 다루며, 의뢰인 상황에 맞춰 절차",236,7344c2092c6492c1
/faq/what-is-qualified-acceptance,"상속은 하되, 채무를 피상속인의 재산 범위 안으로 제한하는 제도입니다. 부산 방문 없이 전국 비대면 상담으로 상속포기와 비교 검토가 가능합니다. 상속은 하되, 채무를 피상속인의 재산 범위 안으로 제한하는 제도입니다. 부산 방문 없이 전국 비대면 상담으로 상속포기와 비교 검토가 가능합니다. 부산 해운대구·센텀에 위치한 다옴법무사사무소 안윤정 법무사가 절차·서류·비용을 항목별로 설명드립니다. 막막할수록 지금 무엇부터 해야 하는지부터 정리하는 것이 우선이라고 생각합니다. 답변 요약 상속은 하되, 채무를 피상속인의 재산 범위 안으로 제한하는 제도입니다. 부산 방문 없이 전국 비대면 상담으로 상속포기와 비교 검토가 가능합니다. 한정승인 FAQ 전국 비대면 상담 시 확인하는 내용 한정승인이란 무엇인가요? 사건은 서류·관할·기한에 따라 진행 순서가 달라집니다. 다옴법무사사무소는 부산 해운대구·센텀에서 상속등기·부동산등기·법인등기·개인회생·파산 등을 다루며, 의뢰인 상황에 맞춰 절차와 비용을 알기",224,38aaf927488c5f37
/faq/when-to-choose-qualified-acceptance,"재산과 채무가 모두 있고, 채무가 재산을 초과할 가능성이 있을 때 검토합니다. 전국 비대면 상담으로 숫자·자료부터 함께 정리할 수 있습니다. 재산과 채무가 모두 있고, 채무가 재산을 초과할 가능성이 있을 때 검토합니다. 전국 비대면 상담으로 숫자·자료부터 함께 정리할 수 있습니다. 부산 해운대구·센텀에 위치한 다옴법무사사무소 안윤정 법무사가 절차·서류·비용을 항목별로 설명드립니다. 막막할수록 지금 무엇부터 해야 하는지부터 정리하는 것이 우선이라고 생각합니다. 답변 요약 재산과 채무가 모두 있고, 채무가 재산을 초과할 가능성이 있을 때 검토합니다. 전국 비대면 상담으로 숫자·자료부터 함께 정리할 수 있습니다. 한정승인 FAQ 전국 비대면 상담 시 확인하는 내용 언제 한정승인을 선택하나요? 사건은 서류·관할·기한에 따라 진행 순서가 달라집니다. 다옴법무사사무소는 부산 해운대구·센텀에서 상속등기·부동산등기·법인등기·개인회생·파산 등을 다루며, 의뢰인 상황에 맞춰 절차와 비용을 알기 쉽게 ",230,b78bec59ac59fd4c
/faq/when-to-file-inheritance-registration,"상속이 개시된 날(사망일)부터 3개월 이내에 신고·등기를 해야 합니다. 부산 방문 없이 전국 비대면 상담으로 기한·과태료 여부를 확인할 수 있습니다. 상속이 개시된 날(사망일)부터 3개월 이내에 신고·등기를 해야 합니다. 부산 방문 없이 전국 비대면 상담으로 기한·과태료 여부를 확인할 수 있습니다. 부산 해운대구·센텀에 위치한 다옴법무사사무소 안윤정 법무사가 절차·서류·비용을 항목별로 설명드립니다. 막막할수록 지금 무엇부터 해야 하는지부터 정리하는 것이 우선이라고 생각합니다. 답변 요약 상속이 개시된 날(사망일)부터 3개월 이내에 신고·등기를 해야 합니다. 부산 방문 없이 전국 비대면 상담으로 기한·과태료 여부를 확인할 수 있습니다. 상속등기 FAQ 전국 비대면 상담 시 확인하는 내용 상속등기는 언제까지 해야 하나요? 사건은 서류·관할·기한에 따라 진행 순서가 달라집니다. 다옴법무사사무소는 부산 해운대구·센텀에서 상속등기·부동산등기·법인등기·개인회생·파산 등을 다루며, 의뢰인 상황에",243,b4765ca78d8f5e6c
/faq/who-can-file-bankruptcy-faq,"지급불능 상태에 빠진 채무자 등 일정 요건을 갖춘 경우 신청할 수 있습니다. 자격 여부는 상담으로 확인합니다. 지급불능 상태에 빠진 채무자 등 일정 요건을 갖춘 경우 신청할 수 있습니다. 자격 여부는 상담으로 확인합니다. 부산 해운대구·센텀에 위치한 다옴법무사사무소 안윤정 법무사가 절차·서류·비용을 항목별로 설명드립니다. 막막할수록 지금 무엇부터 해야 하는지부터 정리하는 것이 우선이라고 생각합니다. 답변 요약 지급불능 상태에 빠진 채무자 등 일정 요건을 갖춘 경우 신청할 수 있습니다. 자격 여부는 상담으로 확인합니다. 파산 FAQ 상담 시 확인하는 내용 누가 파산을 신청할 수 있나요? 사건은 서류·관할·기한에 따라 진행 순서가 달라집니다. 다옴법무사사무소는 부산 해운대구·센텀에서 상속등기·부동산등기·법인등기·개인회생·파산 등을 다루며, 의뢰인 상황에 맞춰 절차와 비용을 알기 쉽게 설명합니다. 불확실한 부분은 추측으로 단정하지 않고, 확인된 사실을 바탕으로 안내드립니다. 전화·카카오톡",191,3775c4fb45649a61
/faq/who-needs-inheritance-registration,"피상속인 명의의 부동산·토지를 상속받은 상속인이 등기를 신청합니다. 공동상속인이면 협의 후 진행하며, 전국 비대면 상담으로 신청 주체·지분을 정리할 수 있습니다. 피상속인 명의의 부동산·토지를 상속받은 상속인이 등기를 신청합니다. 공동상속인이면 협의 후 진행하며, 전국 비대면 상담으로 신청 주체·지분을 정리할 수 있습니다. 부산 해운대구·센텀에 위치한 다옴법무사사무소 안윤정 법무사가 절차·서류·비용을 항목별로 설명드립니다. 막막할수록 지금 무엇부터 해야 하는지부터 정리하는 것이 우선이라고 생각합니다. 답변 요약 피상속인 명의의 부동산·토지를 상속받은 상속인이 등기를 신청합니다. 공동상속인이면 협의 후 진행하며, 전국 비대면 상담으로 신청 주체·지분을 정리할 수 있습니다. 상속등기 FAQ 전국 비대면 상담 시 확인하는 내용 누가 상속등기를 해야 하나요? 사건은 서류·관할·기한에 따라 진행 순서가 달라집니다. 다옴법무사사무소는 부산 해운대구·센텀에서 상속등기·부동산등기·법인등기·개인회생",245,372e240e0f035a57
/glossary,"상속등기, 임원변경, 임차권등기명령처럼 업무 중에 마주치는 용어를 짧게 풀어 두었습니다. 신청·등기의 대표 안내는 각 업무 페이지에 있습니다. 상황을 먼저 고르고 싶다면 상황별 안내를 보세요. 상속등기, 임원변경, 임차권등기명령처럼 업무 중에 마주치는 용어를 짧게 풀어 두었습니다. 신청·등기의 대표 안내는 각 업무 페이지에 있습니다. 상황을 먼저 고르고 싶다면 상황별 안내를 보세요. 상속등기, 임원변경, 임차권등기명령처럼 업무 중에 마주치는 용어를 짧게 풀어 두었습니다. 신청·등기의 대표 안내는 각 업무 페이지에 있습니다. 상황을 먼저 고르고 싶다면 상황별 안내를 보세요. 용어로 찾아보기 아래 용어는 뜻을 짧게 구분하는 보조 문서입니다. 신청·등기의 대표 안내는 각 업무 페이지입니다. 이 페이지와 업무 안내는 무엇이 다른가요? 여기는 용어를 빠르게 구분하는 목록입니다. 신청·등기 절차의 대표 페이지는 각 업무 URL입니다. 지금 할 일을 상황으로 찾고 싶습니다. 상황별 안내(/sit",144,acb13e1b377411ca
/glossary/acquisition-tax,"부동산 등 재산을 취득할 때 납부하는 세금으로, 상속·매매·증여마다 세율이 다릅니다. 부동산 등 재산을 취득할 때 납부하는 세금으로, 상속·매매·증여마다 세율이 다릅니다. 부동산 등 재산을 취득할 때 납부하는 세금으로, 상속·매매·증여마다 세율이 다릅니다. 취득 원인(매매·상속·증여)과 주택 수에 따라 세율이 달라집니다. 기한을 놓치면 가산세가 붙을 수 있어 등기 일정과 함께 봅니다. 취득세에서 자주 헷갈리는 점 취득세의 신청·등기 절차 전체는 취득세 안내이 기준입니다. 등기만 급히 하고 신고를 미룸 취득세에서 법무사가 맡는 범위 법무사는 등기와 맞춘 취득세 일정을 안내합니다. 세무 대리 전부가 범위는 아닙니다. 취득세 대표 업무 안내 취득세의 신청·등기·기한·서류는 이 용어 페이지가 아니라 /취득세가 대표입니다. 취득세는 무슨 뜻인가요? 부동산 등 재산을 취득할 때 납부하는 세금으로, 상속·매매·증여마다 세율이 다릅니다. 취득세를 신청·등기할 때는 어디를 보나요? 대표 안내는 취득",128,0fb4be6d16f7522b
/glossary/answer-brief,소송에서 피고가 원고 주장에 대한 인부·반박을 적어 제출하는 서류입니다. 소송에서 피고가 원고 주장에 대한 인부·반박을 적어 제출하는 서류입니다. 소송에서 피고가 원고 주장에 대한 인부·반박을 적어 제출하는 서류입니다. 답변서는 원고 청구에 대한 인부·반박을 적는 서면입니다. 기한이 짧습니다. 반소·항변 전략은 사건 성격에 따라 변호사 상담이 맞을 수 있습니다. 답변서에서 자주 헷갈리는 점 답변서의 신청·등기 절차 전체는 민사·채권 안내이 기준입니다. 기한 임박 답변서에서 법무사가 맡는 범위 가능한 범위의 서류 작성만 안내합니다. 소송 대리는 변호사 업무입니다. 답변서 대표 업무 안내 답변서의 신청·등기·기한·서류는 이 용어 페이지가 아니라 /민사소송가 대표입니다. 답변서는 무슨 뜻인가요? 소송에서 피고가 원고 주장에 대한 인부·반박을 적어 제출하는 서류입니다. 답변서를 신청·등기할 때는 어디를 보나요? 대표 안내는 민사·채권 안내(/민사소송)입니다. 이 페이지는 용어를 구분하는 보,121,edd40a40ac4d32fe
/glossary/attachment,채권자가 강제집행으로 채무자의 재산을 특정해 처분을 금지하는 절차입니다. 채권자가 강제집행으로 채무자의 재산을 특정해 처분을 금지하는 절차입니다. 채권자가 강제집행으로 채무자의 재산을 특정해 처분을 금지하는 절차입니다. 판결·채무명의가 있으면 부동산 압류가 등기됩니다. 매매 전에 말소·배당 일정을 확인하지 않으면 잔금이 어긋납니다. 압류에서 자주 헷갈리는 점 압류의 신청·등기 절차 전체는 부산 압류말소등기이 기준입니다. 경매와 겹침 압류에서 법무사가 맡는 범위 법무사는 압류말소등기 등 등기 신청을 맡습니다. 강제집행·본안 소송 대리는 변호사 업무입니다. 압류 대표 업무 안내 압류의 신청·등기·기한·서류는 이 용어 페이지가 아니라 /부산압류말소등기가 대표입니다. 압류는 무슨 뜻인가요? 채권자가 강제집행으로 채무자의 재산을 특정해 처분을 금지하는 절차입니다. 압류를 신청·등기할 때는 어디를 보나요? 대표 안내는 부산 압류말소등기(/부산압류말소등기)입니다. 이 페이지는 용어를 구분하는 보,113,0f66665feaa04e48
/glossary/certified-mail,"발송 내용과 일자를 증명하는 우편으로, 계약 해지·최고·협의 촉구에 자주 씁니다. 발송 내용과 일자를 증명하는 우편으로, 계약 해지·최고·협의 촉구에 자주 씁니다. 발송 내용과 일자를 증명하는 우편으로, 계약 해지·최고·협의 촉구에 자주 씁니다. 내용증명은 발송 내용과 날짜를 우체국이 증명하는 우편입니다. 그 자체로 강제집행은 되지 않습니다. 이후 지급명령·임차권등기와 연결하는 경우가 많습니다. 내용증명에서 자주 헷갈리는 점 내용증명의 신청·등기 절차 전체는 내용증명 작성 준비이 기준입니다. 감정적인 비난 문구 기한·계좌 누락 내용증명에서 법무사가 맡는 범위 법무사는 내용증명 작성·발송 준비를 맡습니다. 내용증명 대표 업무 안내 내용증명의 신청·등기·기한·서류는 이 용어 페이지가 아니라 /내용증명작성준비가 대표입니다. 내용증명은 무슨 뜻인가요? 발송 내용과 일자를 증명하는 우편으로, 계약 해지·최고·협의 촉구에 자주 씁니다. 내용증명을 신청·등기할 때는 어디를 보나요? 대표 안내는 ",124,6812fe30eec8f0c9
/glossary/company-establishment-registration,정관·발기인 결의 등을 바탕으로 새 법인을 등기소에 등록하는 최초 등기입니다. 정관·발기인 결의 등을 바탕으로 새 법인을 등기소에 등록하는 최초 등기입니다. 정관·발기인 결의 등을 바탕으로 새 법인을 등기소에 등록하는 최초 등기입니다. 법인설립등기는 새 회사를 등기부에 올리는 최초 등기입니다. 정관과 실제 임원·주소가 다르면 접수가 멈춥니다. 법인설립등기에서 자주 헷갈리는 점 법인설립등기의 신청·등기 절차 전체는 부산 법인설립등기이 기준입니다. 목적 과다·추상 주소 사용 권원 법인설립등기에서 법무사가 맡는 범위 법무사는 법인설립등기 신청을 맡습니다. 법인설립등기 대표 업무 안내 법인설립등기의 신청·등기·기한·서류는 이 용어 페이지가 아니라 /부산법인설립등기가 대표입니다. 법인설립등기는 무슨 뜻인가요? 정관·발기인 결의 등을 바탕으로 새 법인을 등기소에 등록하는 최초 등기입니다. 법인설립등기를 신청·등기할 때는 어디를 보나요? 대표 안내는 부산 법인설립등기(/부산법인설립등기)입니다. ,117,8b142233424d18b8
/glossary/complaint,원고가 피고를 상대로 청구취지·원인을 적어 법원에 제출하는 소송 개시 서류입니다. 원고가 피고를 상대로 청구취지·원인을 적어 법원에 제출하는 소송 개시 서류입니다. 원고가 피고를 상대로 청구취지·원인을 적어 법원에 제출하는 소송 개시 서류입니다. 협의가 결렬됐거나 이의로 본안이 열리면 소장이 필요합니다. 청구취지·원인·증거가 핵심입니다. 법정 변론은 변호사 영역입니다. 소장에서 자주 헷갈리는 점 소장의 신청·등기 절차 전체는 민사·채권 안내이 기준입니다. 법무사 범위 밖의 변론 기대 소장에서 법무사가 맡는 범위 법무사는 가능한 범위의 서류 작성을 안내하며 소송 대리는 하지 않습니다. 민사소송 대리·변론은 변호사 업무입니다. 소장 대표 업무 안내 소장의 신청·등기·기한·서류는 이 용어 페이지가 아니라 /민사소송가 대표입니다. 소장은 무슨 뜻인가요? 원고가 피고를 상대로 청구취지·원인을 적어 법원에 제출하는 소송 개시 서류입니다. 소장을 신청·등기할 때는 어디를 보나요? 대표 안내는 민,127,1099216c883b13bf
/glossary/director-change-registration,법인 임원의 취임·퇴임·주소 변경 등을 등기부에 반영하는 등기입니다. 법인 임원의 취임·퇴임·주소 변경 등을 등기부에 반영하는 등기입니다. 법인 임원의 취임·퇴임·주소 변경 등을 등기부에 반영하는 등기입니다. 등기부 임원과 실제 대표가 다르면 은행·계약이 막힙니다. 임기 만료만으로도 변경등기가 필요합니다. 임원변경등기에서 자주 헷갈리는 점 임원변경등기의 신청·등기 절차 전체는 부산 임원변경등기이 기준입니다. 임기 만료를 수년 방치 의사록 요건 미비 임원변경등기에서 법무사가 맡는 범위 법무사는 임원변경등기 신청을 맡습니다. 임원변경등기 대표 업무 안내 임원변경등기의 신청·등기·기한·서류는 이 용어 페이지가 아니라 /부산임원변경등기가 대표입니다. 임원변경등기는 무슨 뜻인가요? 법인 임원의 취임·퇴임·주소 변경 등을 등기부에 반영하는 등기입니다. 임원변경등기를 신청·등기할 때는 어디를 보나요? 대표 안내는 부산 임원변경등기(/부산임원변경등기)입니다. 이 페이지는 용어를 구분하는 보조 문서,109,7f5acc100fd116b9
/glossary/discharge,파산 또는 회생 절차를 마친 뒤 채무자가 더 이상 갚지 않아도 되게 하는 법원 결정입니다. 파산 또는 회생 절차를 마친 뒤 채무자가 더 이상 갚지 않아도 되게 하는 법원 결정입니다. 파산 또는 회생 절차를 마친 뒤 채무자가 더 이상 갚지 않아도 되게 하는 법원 결정입니다. 면책은 남은 채무를 법적으로 면제하는 결정입니다. 확정 전이거나 불가채권이면 독촉이 이어질 수 있습니다. 면책에서 자주 헷갈리는 점 면책의 신청·등기 절차 전체는 면책 신청 안내이 기준입니다. 확전 전 추심과 혼동 면책에서 법무사가 맡는 범위 법무사는 파산·회생 절차 안의 면책 진행을 안내합니다. 면책 대표 업무 안내 면책의 신청·등기·기한·서류는 이 용어 페이지가 아니라 /부산면책신청가 대표입니다. 면책은 무슨 뜻인가요? 파산 또는 회생 절차를 마친 뒤 채무자가 더 이상 갚지 않아도 되게 하는 법원 결정입니다. 면책을 신청·등기할 때는 어디를 보나요? 대표 안내는 면책 신청 안내(/부산면책신청)입니다. 이 페이지,141,d4af0c6edc8e66e2
/glossary/dissolution-registration,주주총회 등으로 법인 해산을 결의한 뒤 등기소에 해산 사실을 등록하는 등기입니다. 주주총회 등으로 법인 해산을 결의한 뒤 등기소에 해산 사실을 등록하는 등기입니다. 주주총회 등으로 법인 해산을 결의한 뒤 등기소에 해산 사실을 등록하는 등기입니다. 해산등기는 회사 존속을 끝내기로 한 사실을 등기하는 단계입니다. 이 다음이 청산·청산종결등기입니다. 순서를 건너뛰면 과태료·잔여 책임이 남습니다. 해산등기에서 자주 헷갈리는 점 해산등기의 신청·등기 절차 전체는 부산 법인해산·청산등기이 기준입니다. 해산만 하고 청산을 수년 방치 해산등기에서 법무사가 맡는 범위 법무사는 해산등기 신청을 맡습니다. 해산등기 대표 업무 안내 해산등기의 신청·등기·기한·서류는 이 용어 페이지가 아니라 /부산법인해산청산등기가 대표입니다. 해산등기는 무슨 뜻인가요? 주주총회 등으로 법인 해산을 결의한 뒤 등기소에 해산 사실을 등록하는 등기입니다. 해산등기를 신청·등기할 때는 어디를 보나요? 대표 안내는 부산 법인해산·,124,f734f88fcaa251b3
/glossary/head-office-move-registration,"회사 본점을 다른 시·군·구로 이전할 때 등기소에 신청하는 주소 변경 등기입니다. 회사 본점을 다른 시·군·구로 이전할 때 등기소에 신청하는 주소 변경 등기입니다. 회사 본점을 다른 시·군·구로 이전할 때 등기소에 신청하는 주소 변경 등기입니다. 본점이전등기는 회사 주소를 등기부에 반영하는 변경등기입니다. 같은 등기소 관할인지, 다른 시·군·구인지를 먼저 가릅니다. 본점이전등기에서 자주 헷갈리는 점 본점이전등기의 신청·등기 절차 전체는 부산 본점이전등기이 기준입니다. 전입만 하고 등기를 안 함 주소 사용 권원 부족 본점이전등기에서 법무사가 맡는 범위 법무사는 본점이전등기 신청을 맡습니다. 본점이전등기 대표 업무 안내 본점이전등기의 신청·등기·기한·서류는 이 용어 페이지가 아니라 /부산본점이전등기가 대표입니다. 본점이전등기는 무슨 뜻인가요? 회사 본점을 다른 시·군·구로 이전할 때 등기소에 신청하는 주소 변경 등기입니다. 본점이전등기를 신청·등기할 때는 어디를 보나요? 대표 안내는 부",125,3ff846bbb61703ac
/glossary/inheritance-division-agreement,여러 상속인이 상속재산을 누가 어떻게 가져갈지 합의해 적는 문서입니다. 여러 상속인이 상속재산을 누가 어떻게 가져갈지 합의해 적는 문서입니다. 여러 상속인이 상속재산을 누가 어떻게 가져갈지 합의해 적는 문서입니다. 법정상속분 그대로가 아니면 등기소에 낼 분할협의서가 필요합니다. 구두 합의만으로는 한 명 명의 등기가 되지 않습니다. 문구가 세금·유류분 다툼으로 이어질 수 있어 지분·보상액을 분명히 적습니다. 상속재산분할협의서에서 자주 헷갈리는 점 상속재산분할협의서의 신청·등기 절차 전체는 상속재산분할협의서 준비이 기준입니다. 한 명이 서명하지 않음 유류분을 넘기는 배분 미성년 상속인 법정대리 상속재산분할협의서에서 법무사가 맡는 범위 법무사는 등기 제출용 분할협의서 작성과 상속등기 신청을 맡습니다. 협의가 결렬된 분할 심판·유류분 소송 대리는 변호사 업무입니다. 상속재산분할협의서 대표 업무 안내 상속재산분할협의서의 신청·등기·기한·서류는 이 용어 페이지가 아니라 /상속재산분할협의서준비가,141,1fb976acf135bac0
/glossary/inheritance-registration,"피상속인이 남긴 부동산 등기부상 권리를 상속인 명의로 옮기는 절차입니다. 피상속인이 남긴 부동산 등기부상 권리를 상속인 명의로 옮기는 절차입니다. 피상속인이 남긴 부동산 등기부상 권리를 상속인 명의로 옮기는 절차입니다. 상속은 사망과 함께 시작되지만 등기부는 자동으로 바뀌지 않습니다. 처분·대출·임대 승계를 하려면 상속인 명의 소유권이전등기가 필요합니다. 채무가 불명확하면 등기보다 포기·한정승인을 먼저 봅니다. 상속등기에서 자주 헷갈리는 점 상속등기의 신청·등기 절차 전체는 부산 상속등기이 기준입니다. 상속인 일부가 연락되지 않거나 미성년·해외인 경우 대습상속·전혼 자녀를 빠뜨린 경우 채무 조사 없이 등기만 진행한 경우 상속등기에서 법무사가 맡는 범위 법무사는 상속등기 신청, 협의서 등 등기 서류, 취득세·등록면허세 납부 연계를 맡습니다. 유류분 반환청구 소송 대리는 변호사 업무입니다. 상속등기 대표 업무 안내 상속등기의 신청·등기·기한·서류는 이 용어 페이지가 아니라 /부산상속등기",145,a4a52dfd609c055e
/glossary/inheritance-renunciation,상속인이 상속재산과 채무를 모두 포기하고 상속인 지위를 버리는 신고입니다. 상속인이 상속재산과 채무를 모두 포기하고 상속인 지위를 버리는 신고입니다. 상속인이 상속재산과 채무를 모두 포기하고 상속인 지위를 버리는 신고입니다. 상속포기는 재산과 채무를 모두 받지 않겠다고 가정법원에 신고하는 절차입니다. 포기가 수리되면 처음부터 상속인이 아니었던 것처럼 처리됩니다. 이미 예금을 쓰거나 물건을 처분했다면 포기가 제한될 수 있습니다. 상속포기에서 자주 헷갈리는 점 상속포기의 신청·등기 절차 전체는 부산 상속포기이 기준입니다. 기한 직전 서류 미비 일부만 포기해 후순위 부담이 바뀌는 경우 단순승인으로 볼 행위가 있는 경우 상속포기에서 법무사가 맡는 범위 법무사는 상속포기 신고 서류 작성과 가정법원 제출을 맡습니다. 상속포기 대표 업무 안내 상속포기의 신청·등기·기한·서류는 이 용어 페이지가 아니라 /부산상속포기가 대표입니다. 상속포기는 무슨 뜻인가요? 상속인이 상속재산과 채무를 모두 포기하고,139,e4dfb7ad125f3f99
/glossary/jeonse-right,전세금을 내고 건물 사용·수익권을 등기로 확보하는 물권입니다. 전세금을 내고 건물 사용·수익권을 등기로 확보하는 물권입니다. 전세금을 내고 건물 사용·수익권을 등기로 확보하는 물권입니다. 임대차 계약만 있는 것과 달리 전세권은 등기부에 금액·기간이 남습니다. 만료 후 말소하지 않으면 매수인·상속인이 부담으로 봅니다. 전세권에서 자주 헷갈리는 점 전세권의 신청·등기 절차 전체는 부산 전세권설정등기이 기준입니다. 전세금 미반환과 말소 요구가 충돌 전세권에서 법무사가 맡는 범위 법무사는 전세권 설정등기·말소등기를 맡습니다. 전세권 대표 업무 안내 전세권의 신청·등기·기한·서류는 이 용어 페이지가 아니라 /부산전세권설정등기가 대표입니다. 전세권은 무슨 뜻인가요? 전세금을 내고 건물 사용·수익권을 등기로 확보하는 물권입니다. 전세권을 신청·등기할 때는 어디를 보나요? 대표 안내는 부산 전세권설정등기(/부산전세권설정등기)입니다. 이 페이지는 용어를 구분하는 보조 문서입니다. 전세권은 검색 대표,108,cd4ff8f43c06a0ee
/glossary/lease-registration-order,임차인이 보증금 반환을 보호받기 위해 등기소에 임차권을 등기하도록 하는 법원 명령입니다. 임차인이 보증금 반환을 보호받기 위해 등기소에 임차권을 등기하도록 하는 법원 명령입니다. 임차인이 보증금 반환을 보호받기 위해 등기소에 임차권을 등기하도록 하는 법원 명령입니다. 임차권등기명령은 법원이 등기소에 임차권 등기를 하라고 명하는 제도입니다. 이사를 가도 대항력·우선변제를 이어 가려는 경우가 많습니다. 요건이 안 맞으면 기각됩니다. 임차권등기명령에서 자주 헷갈리는 점 임차권등기명령의 신청·등기 절차 전체는 부산 임차권등기명령이 기준입니다. 점유를 이미 뺀 경우 계약서와 실제 불일치 임차권등기명령에서 법무사가 맡는 범위 법무사는 임차권등기명령 신청 서류와 이후 등기 확인을 맡습니다. 임차권등기명령 대표 업무 안내 임차권등기명령의 신청·등기·기한·서류는 이 용어 페이지가 아니라 /부산임차권등기명령가 대표입니다. 임차권등기명령은 무슨 뜻인가요? 임차인이 보증금 반환을 보호받기 위해 등기소에 ,133,c4635c62f4be2321
/glossary/legal-inheritance-order,"유언이 없으면 배우자·직계비속·직계존속 등 법이 정한 순위와 지분으로 상속합니다. 유언이 없으면 배우자·직계비속·직계존속 등 법이 정한 순위와 지분으로 상속합니다. 유언이 없으면 배우자·직계비속·직계존속 등 법이 정한 순위와 지분으로 상속합니다. 1순위는 직계비속과 배우자, 그다음 직계존속과 배우자입니다. 상속인을 잘못 잡으면 등기와 세금 신고를 다시 해야 합니다. 순위 확인은 개념으로 끝내지 말고 가족관계증명(상세)로 증명합니다. 법정상속순위에서 자주 헷갈리는 점 법정상속순위의 신청·등기 절차 전체는 부산 상속등기이 기준입니다. 사실혼을 상속인으로 오해 행방불명 상속인 법정상속순위에서 법무사가 맡는 범위 법무사는 상속인 확정과 그 결과로 하는 상속등기를 맡습니다. 법정상속순위 대표 업무 안내 법정상속순위의 신청·등기·기한·서류는 이 용어 페이지가 아니라 /부산상속등기가 대표입니다. 법정상속순위는 무슨 뜻인가요? 유언이 없으면 배우자·직계비속·직계존속 등 법이 정한 순위와 지분으로 ",126,86fce1147a1a3aca
/glossary/liquidation-registration,해산 후 재산·채무 정리를 끝내고 법인 존재를 소멸시키는 마지막 등기입니다. 해산 후 재산·채무 정리를 끝내고 법인 존재를 소멸시키는 마지막 등기입니다. 해산 후 재산·채무 정리를 끝내고 법인 존재를 소멸시키는 마지막 등기입니다. 청산등기(청산종결)는 해산 법인을 등기부에서 없애는 마지막 단계입니다. 세금·4대보험·채무가 남아 있으면 지연됩니다. 청산등기에서 자주 헷갈리는 점 청산등기의 신청·등기 절차 전체는 부산 법인해산·청산등기이 기준입니다. 채권자 절차 생략 세무 미종료 청산등기에서 법무사가 맡는 범위 법무사는 청산종결등기 신청을 맡습니다. 청산등기 대표 업무 안내 청산등기의 신청·등기·기한·서류는 이 용어 페이지가 아니라 /부산법인해산청산등기가 대표입니다. 청산등기는 무슨 뜻인가요? 해산 후 재산·채무 정리를 끝내고 법인 존재를 소멸시키는 마지막 등기입니다. 청산등기를 신청·등기할 때는 어디를 보나요? 대표 안내는 부산 법인해산·청산등기(/부산법인해산청산등기)입니다. 이 페이,115,e07182417f34788e
/glossary/mortgage,대출 등 채무를 담보하기 위해 부동산에 설정하는 저당권의 일종입니다. 대출 등 채무를 담보하기 위해 부동산에 설정하는 저당권의 일종입니다. 대출 등 채무를 담보하기 위해 부동산에 설정하는 저당권의 일종입니다. 근저당은 대출 등 채무를 담보하려고 부동산에 설정하는 권리입니다. 잔액을 갚아도 등기는 자동 삭제되지 않습니다. 매수인은 말소된 등기부를 요구하는 경우가 많습니다. 근저당에서 자주 헷갈리는 점 근저당의 신청·등기 절차 전체는 부산 근저당말소등기이 기준입니다. 채권자 협조 지연 상속 부동산에 근저당이 남은 경우 근저당에서 법무사가 맡는 범위 법무사는 근저당 설정등기·말소등기 신청을 맡습니다. 근저당 대표 업무 안내 근저당의 신청·등기·기한·서류는 이 용어 페이지가 아니라 /부산근저당말소등기가 대표입니다. 근저당은 무슨 뜻인가요? 대출 등 채무를 담보하기 위해 부동산에 설정하는 저당권의 일종입니다. 근저당을 신청·등기할 때는 어디를 보나요? 대표 안내는 부산 근저당말소등기(/부산근,124,d7ec3ff3b4ed0673
/glossary/ownership-preservation-registration,신축·분양 등으로 등기가 없던 부동산에 최초로 소유자를 등기하는 절차입니다. 신축·분양 등으로 등기가 없던 부동산에 최초로 소유자를 등기하는 절차입니다. 신축·분양 등으로 등기가 없던 부동산에 최초로 소유자를 등기하는 절차입니다. 보존등기는 등기부가 비어 있는 부동산에 최초로 소유자를 적는 절차입니다. 분양·신축 후 이전만 생각하면 접수가 반려됩니다. 소유권보존등기에서 자주 헷갈리는 점 소유권보존등기의 신청·등기 절차 전체는 미등기건물 소유권보존등기이 기준입니다. 대장과 현황 불일치 장기 미등기 소유권보존등기에서 법무사가 맡는 범위 법무사는 소유권보존등기 신청을 맡습니다. 소유권보존등기 대표 업무 안내 소유권보존등기의 신청·등기·기한·서류는 이 용어 페이지가 아니라 /미등기건물소유권보존등기가 대표입니다. 소유권보존등기는 무슨 뜻인가요? 신축·분양 등으로 등기가 없던 부동산에 최초로 소유자를 등기하는 절차입니다. 소유권보존등기를 신청·등기할 때는 어디를 보나요? 대표 안내는 미등기건물,115,ce1b76825c7ff6f1
/glossary/ownership-transfer-registration,매매·상속·증여 등 원인에 따라 부동산 소유자를 변경하는 등기 절차입니다. 매매·상속·증여 등 원인에 따라 부동산 소유자를 변경하는 등기 절차입니다. 매매·상속·증여 등 원인에 따라 부동산 소유자를 변경하는 등기 절차입니다. 매매·증여·상속 원인마다 이전등기 서류가 다릅니다. 잔금일에 은행·중개·법무사 일정이 겹치면 말소와 이전이 하루 안에 맞아야 합니다. 소유권이전등기에서 자주 헷갈리는 점 소유권이전등기의 신청·등기 절차 전체는 부산 소유권이전등기이 기준입니다. 잔금일 당일 말소 서류 미도착 주소 불일치 소유권이전등기에서 법무사가 맡는 범위 법무사는 소유권이전등기 신청과 잔금 동시 처리를 맡습니다. 소유권이전등기 대표 업무 안내 소유권이전등기의 신청·등기·기한·서류는 이 용어 페이지가 아니라 /부산소유권이전등기가 대표입니다. 소유권이전등기는 무슨 뜻인가요? 매매·상속·증여 등 원인에 따라 부동산 소유자를 변경하는 등기 절차입니다. 소유권이전등기를 신청·등기할 때는 어디를 보나요? ,120,7eb77add481bc06a
/glossary/payment-order,"인지 없는 채무 등에 대해 채권자가 신청하면 법원이 지급을 명하는 민사 절차입니다. 인지 없는 채무 등에 대해 채권자가 신청하면 법원이 지급을 명하는 민사 절차입니다. 인지 없는 채무 등에 대해 채권자가 신청하면 법원이 지급을 명하는 민사 절차입니다. 지급명령은 법원이 채무자에게 지급을 명하는 독촉 절차입니다. 빠르고 비용이 적은 편이지만, 이의가 있으면 본안으로 갑니다. 계약서·이체 내역이 있어야 합니다. 지급명령에서 자주 헷갈리는 점 지급명령의 신청·등기 절차 전체는 지급명령 안내이 기준입니다. 주소 불명 이의 후 본안 전환 지급명령에서 법무사가 맡는 범위 법무사는 지급명령 신청 서류 작성과 제출을 맡습니다. 본안 소송 대리는 변호사 업무입니다. 지급명령 대표 업무 안내 지급명령의 신청·등기·기한·서류는 이 용어 페이지가 아니라 /부산지방법원지급명령가 대표입니다. 지급명령은 무슨 뜻인가요? 인지 없는 채무 등에 대해 채권자가 신청하면 법원이 지급을 명하는 민사 절차입니다. 지급명",140,843787875b92e6f7
/glossary/personal-bankruptcy,지급 불능 상태의 채무자가 법원에 파산을 신청하고 면책을 받는 제도입니다. 지급 불능 상태의 채무자가 법원에 파산을 신청하고 면책을 받는 제도입니다. 지급 불능 상태의 채무자가 법원에 파산을 신청하고 면책을 받는 제도입니다. 개인파산은 지급불능 상태에서 재산을 정리하고 면책을 받는 제도입니다. 사행성 채무·허위 신청 등은 면책이 어려울 수 있습니다. 개인파산에서 자주 헷갈리는 점 개인파산의 신청·등기 절차 전체는 부산 개인파산이 기준입니다. 최근 재산 이전 불가채권(세금·양육비) 개인파산에서 법무사가 맡는 범위 법무사는 개인파산·면책 신청 서류를 맡습니다. 개인파산 대표 업무 안내 개인파산의 신청·등기·기한·서류는 이 용어 페이지가 아니라 /부산개인파산가 대표입니다. 개인파산은 무슨 뜻인가요? 지급 불능 상태의 채무자가 법원에 파산을 신청하고 면책을 받는 제도입니다. 개인파산을 신청·등기할 때는 어디를 보나요? 대표 안내는 부산 개인파산(/부산개인파산)입니다. 이 페이지는 용어를 구,120,c44ca16095661db7
/glossary/personal-rehabilitation,"채무를 일정 기간 나눠 갚고 남은 채무를 면제받는 법원 절차입니다. 채무를 일정 기간 나눠 갚고 남은 채무를 면제받는 법원 절차입니다. 채무를 일정 기간 나눠 갚고 남은 채무를 면제받는 법원 절차입니다. 개인회생은 법원이 인가한 계획대로 일정 기간 나눠 갚고 나머지를 면제받는 절차입니다. 최근 면책 이력, 소득·부양가족이 가능 여부를 가릅니다. 개인회생에서 자주 헷갈리는 점 개인회생의 신청·등기 절차 전체는 부산 개인회생이 기준입니다. 소득 증빙 부족 최근 처분 개인회생에서 법무사가 맡는 범위 법무사는 개인회생 신청 서류와 절차 진행을 맡습니다. 개인회생 대표 업무 안내 개인회생의 신청·등기·기한·서류는 이 용어 페이지가 아니라 /부산개인회생가 대표입니다. 개인회생은 무슨 뜻인가요? 채무를 일정 기간 나눠 갚고 남은 채무를 면제받는 법원 절차입니다. 개인회생을 신청·등기할 때는 어디를 보나요? 대표 안내는 부산 개인회생(/부산개인회생)입니다. 이 페이지는 용어를 구분하는 보조 문서입",125,27fec337ab02a884
/glossary/pledge,채무 담보를 위해 채권 등을 일정 범위에서 처분하지 못하게 하는 담보권입니다. 채무 담보를 위해 채권 등을 일정 범위에서 처분하지 못하게 하는 담보권입니다. 채무 담보를 위해 채권 등을 일정 범위에서 처분하지 못하게 하는 담보권입니다. 질권은 물건을 점유하거나 채권을 담보로 잡는 권리입니다. 등기부 근저당과 혼동하면 안 됩니다. 숨은 질권은 지분 양도·보증금 반환을 막을 수 있습니다. 질권에서 자주 헷갈리는 점 질권의 신청·등기 절차 전체는 법인등기 안내이 기준입니다. 대상이 불명확 질권에서 법무사가 맡는 범위 법무사는 관련 등기·법인 서류가 있을 때 그 범위만 안내합니다. 질권 대표 업무 안내 질권의 신청·등기·기한·서류는 이 용어 페이지가 아니라 /법인등기가 대표입니다. 질권은 무슨 뜻인가요? 채무 담보를 위해 채권 등을 일정 범위에서 처분하지 못하게 하는 담보권입니다. 질권을 신청·등기할 때는 어디를 보나요? 대표 안내는 법인등기 안내(/법인등기)입니다. 이 페이지는 용어를 구,130,8111fd5c80936125
/glossary/provisional-attachment,"채권 보전을 위해 법원이 재산 처분·양도를 제한하도록 하는 임시 강제조치입니다. 채권 보전을 위해 법원이 재산 처분·양도를 제한하도록 하는 임시 강제조치입니다. 채권 보전을 위해 법원이 재산 처분·양도를 제한하도록 하는 임시 강제조치입니다. 가압류가 있으면 매매·담보·상속 처분이 제한됩니다. 채권을 갚거나 해제 합의가 있으면 말소등기로 지웁니다. 가압류 ‘신청’ 서류 작성과 ‘말소등기’는 가능 범위가 다릅니다. 가압류에서 자주 헷갈리는 점 가압류의 신청·등기 절차 전체는 부산 가압류말소등기이 기준입니다. 채권자가 협조하지 않음 본안과 일정이 어긋남 가압류에서 법무사가 맡는 범위 법무사는 가압류 관련 등기 말소와, 가능한 범위의 신청 서류 작성을 맡습니다. 가압류 본안 소송 대리는 변호사 업무입니다. 가압류 대표 업무 안내 가압류의 신청·등기·기한·서류는 이 용어 페이지가 아니라 /부산가압류말소등기가 대표입니다. 가압류는 무슨 뜻인가요? 채권 보전을 위해 법원이 재산 처분·양도를 제한",138,e365596e7ac8ad71
/glossary/purpose-change-registration,법인이 할 수 있는 사업 범위(정관 목적)를 변경하고 등기하는 절차입니다. 법인이 할 수 있는 사업 범위(정관 목적)를 변경하고 등기하는 절차입니다. 법인이 할 수 있는 사업 범위(정관 목적)를 변경하고 등기하는 절차입니다. 목적변경등기는 회사가 할 수 있는 사업 범위를 등기부에 고치는 절차입니다. 문구를 너무 넓히거나 추상적으로 쓰면 보정을 받습니다. 목적변경등기에서 자주 헷갈리는 점 목적변경등기의 신청·등기 절차 전체는 부산 사업목적변경등기이 기준입니다. 실제와 무관한 목적 나열 목적변경등기에서 법무사가 맡는 범위 법무사는 목적변경등기 신청을 맡습니다. 목적변경등기 대표 업무 안내 목적변경등기의 신청·등기·기한·서류는 이 용어 페이지가 아니라 /부산사업목적변경등기가 대표입니다. 목적변경등기는 무슨 뜻인가요? 법인이 할 수 있는 사업 범위(정관 목적)를 변경하고 등기하는 절차입니다. 목적변경등기를 신청·등기할 때는 어디를 보나요? 대표 안내는 부산 사업목적변경등기(/부산사업목적변경,120,e9876252769c4522
/glossary/qualified-acceptance,상속인이 상속재산 한도 내에서만 피상속인의 채무를 변제하는 승인 방식입니다. 상속인이 상속재산 한도 내에서만 피상속인의 채무를 변제하는 승인 방식입니다. 상속인이 상속재산 한도 내에서만 피상속인의 채무를 변제하는 승인 방식입니다. 한정승인은 상속은 받되 채무를 상속재산 한도에서만 갚겠다고 신고하는 방식입니다. 재산이 남을 여지가 있으면 포기보다 맞는 경우가 있습니다. 기한을 넘기거나 재산을 처분하면 선택이 좁아집니다. 한정승인에서 자주 헷갈리는 점 한정승인의 신청·등기 절차 전체는 부산 한정승인이 기준입니다. 목록 누락 상속인마다 선택이 다른 경우 미성년·해외 상속인 한정승인에서 법무사가 맡는 범위 법무사는 한정승인 신고와 재산·채무 목록 작성을 맡습니다. 한정승인 대표 업무 안내 한정승인의 신청·등기·기한·서류는 이 용어 페이지가 아니라 /부산한정승인가 대표입니다. 한정승인은 무슨 뜻인가요? 상속인이 상속재산 한도 내에서만 피상속인의 채무를 변제하는 승인 방식입니다. 한정승인을 신,129,603fac153ae0d935
/glossary/registration-license-tax,"등기·등록 행위에 대해 부과되는 지방세로, 등기 신청 전 납부가 필요합니다. 등기·등록 행위에 대해 부과되는 지방세로, 등기 신청 전 납부가 필요합니다. 등기·등록 행위에 대해 부과되는 지방세로, 등기 신청 전 납부가 필요합니다. 상속·매매·담보·법인 변경마다 등록면허세 계산이 다릅니다. 납부 영수증이 없으면 등기 접수가 안 되는 경우가 많습니다. 등록면허세에서 자주 헷갈리는 점 등록면허세의 신청·등기 절차 전체는 등록면허세 안내이 기준입니다. 원인과 세목 불일치 등록면허세에서 법무사가 맡는 범위 법무사는 해당 등기와 함께 등록면허세 납부 연계를 안내합니다. 등록면허세 대표 업무 안내 등록면허세의 신청·등기·기한·서류는 이 용어 페이지가 아니라 /등록면허세가 대표입니다. 등록면허세는 무슨 뜻인가요? 등기·등록 행위에 대해 부과되는 지방세로, 등기 신청 전 납부가 필요합니다. 등록면허세를 신청·등기할 때는 어디를 보나요? 대표 안내는 등록면허세 안내(/등록면허세)입니다. 이 페이지는 ",120,a3ce2e1797247e4f
/glossary/service-fee,소송·가사·회생 등 법원 절차에서 서류 송달에 필요한 실비 성격의 비용입니다. 소송·가사·회생 등 법원 절차에서 서류 송달에 필요한 실비 성격의 비용입니다. 소송·가사·회생 등 법원 절차에서 서류 송달에 필요한 실비 성격의 비용입니다. 당사자가 늘거나 주소 보정이 반복되면 추납이 생깁니다. 예납액을 사건 종류별로 봅니다. 송달료에서 자주 헷갈리는 점 송달료의 신청·등기 절차 전체는 부산 개인회생이 기준입니다. 주소 불명으로 공시송달 송달료에서 법무사가 맡는 범위 법무사는 신청 업무의 실비로 송달료를 안내합니다. 송달료 대표 업무 안내 송달료의 신청·등기·기한·서류는 이 용어 페이지가 아니라 /부산개인회생가 대표입니다. 송달료는 무슨 뜻인가요? 소송·가사·회생 등 법원 절차에서 서류 송달에 필요한 실비 성격의 비용입니다. 송달료를 신청·등기할 때는 어디를 보나요? 대표 안내는 부산 개인회생(/부산개인회생)입니다. 이 페이지는 용어를 구분하는 보조 문서입니다. 송달료는 검색 대표 페이지,115,70e60a35b813702d
/glossary/special-qualified-acceptance,"정해진 기한을 넘겼을 때 법원 허가 하에 한정승인과 유사하게 처리하는 예외 제도입니다. 정해진 기한을 넘겼을 때 법원 허가 하에 한정승인과 유사하게 처리하는 예외 제도입니다. 정해진 기한을 넘겼을 때 법원 허가 하에 한정승인과 유사하게 처리하는 예외 제도입니다. 특별한정승인은 정해진 신고 기한을 넘긴 뒤, 정당한 사유가 있을 때 법원 허가를 받아 한정승인과 비슷하게 처리하는 예외입니다. 이미 재산을 처분했거나 사유가 약하면 거절될 수 있습니다. 특별한정승인에서 자주 헷갈리는 점 특별한정승인의 신청·등기 절차 전체는 특별한정승인 안내이 기준입니다. 사유 없이 늦게 신청 처분 이력이 단순승인으로 보이는 경우 특별한정승인에서 법무사가 맡는 범위 법무사는 특별한정승인 허가 신청 서류와 후속 목록 정리를 맡습니다. 특별한정승인 대표 업무 안내 특별한정승인의 신청·등기·기한·서류는 이 용어 페이지가 아니라 /특별한정승인가 대표입니다. 특별한정승인은 무슨 뜻인가요? 정해진 기한을 넘겼을 때 법원",146,c2a33a455a17c5c8
/glossary/stamp-duty,"법률행위나 신청서류에 부착하는 인지세로, 금액은 문서 종류·계약금액에 따라 정해집니다. 법률행위나 신청서류에 부착하는 인지세로, 금액은 문서 종류·계약금액에 따라 정해집니다. 법률행위나 신청서류에 부착하는 인지세로, 금액은 문서 종류·계약금액에 따라 정해집니다. 인지 금액이 틀리면 접수가 반려될 수 있습니다. 사건 종류를 정한 뒤 최신 기준을 적용합니다. 인지대에서 자주 헷갈리는 점 인지대의 신청·등기 절차 전체는 지급명령 안내이 기준입니다. 부본 수만큼 인지를 빠뜨림 인지대에서 법무사가 맡는 범위 법무사는 해당 신청 업무의 실비 항목으로 인지대를 안내합니다. 인지대 대표 업무 안내 인지대의 신청·등기·기한·서류는 이 용어 페이지가 아니라 /부산지방법원지급명령가 대표입니다. 인지대는 무슨 뜻인가요? 법률행위나 신청서류에 부착하는 인지세로, 금액은 문서 종류·계약금액에 따라 정해집니다. 인지대를 신청·등기할 때는 어디를 보나요? 대표 안내는 지급명령 안내(/부산지방법원지급명령)입니다.",117,7dc7918c22ad869d
/glossary/statutory-reserve-share,"법이 정한 최소 상속분으로, 유언·증여로 침해되면 반환을 청구할 수 있습니다. 법이 정한 최소 상속분으로, 유언·증여로 침해되면 반환을 청구할 수 있습니다. 법이 정한 최소 상속분으로, 유언·증여로 침해되면 반환을 청구할 수 있습니다. 유언이나 생전 증여로 한 사람에게 재산을 몰아줘도 배우자·자녀 등에게는 유류분이 남을 수 있습니다. 반환 청구 자체는 분쟁·소송으로 가는 경우가 많습니다. 등기·협의 단계에서는 숫자를 먼저 맞춰 분쟁을 줄입니다. 유류분에서 자주 헷갈리는 점 유류분의 신청·등기 절차 전체는 유류분과 상속등기이 기준입니다. 감정 대립 시효 임박 유류분에서 법무사가 맡는 범위 법무사는 상속등기·분할협의서와 연결되는 계산·서류만 안내합니다. 유류분 반환청구 소송 대리는 변호사 업무입니다. 소송 진행을 수임하는 것처럼 안내하지 않습니다. 유류분 대표 업무 안내 유류분의 신청·등기·기한·서류는 이 용어 페이지가 아니라 /유류분과상속등기가 대표입니다. 유류분은 무슨 뜻인가요? 법",143,0e308f2b9fc5c829
/glossary/subrogation-inheritance,"자녀 등 상속인이 피상속인보다 먼저 사망한 경우, 그 자녀가 대신 상속인이 됩니다. 자녀 등 상속인이 피상속인보다 먼저 사망한 경우, 그 자녀가 대신 상속인이 됩니다. 자녀 등 상속인이 피상속인보다 먼저 사망한 경우, 그 자녀가 대신 상속인이 됩니다. 아버지보다 아들이 먼저 사망했고 손자가 있다면, 아들 몫은 손자가 받을 수 있습니다. 자녀만 상속인으로 적으면 등기가 틀립니다. 대습상속인도 협의·인감 주체입니다. 대습상속에서 자주 헷갈리는 점 대습상속의 신청·등기 절차 전체는 대습상속등기이 기준입니다. 대습상속인을 빠뜨림 서명 주체를 부모로만 잡은 경우 대습상속에서 법무사가 맡는 범위 법무사는 대습이 포함된 상속등기 신청을 맡습니다. 대습상속 대표 업무 안내 대습상속의 신청·등기·기한·서류는 이 용어 페이지가 아니라 /대습상속등기가 대표입니다. 대습상속은 무슨 뜻인가요? 자녀 등 상속인이 피상속인보다 먼저 사망한 경우, 그 자녀가 대신 상속인이 됩니다. 대습상속을 신청·등기할 때는 ",134,b912e11b26abec01
/location,"부산 해운대구 센텀동로 200 D동 1층 위치, 센텀시티역·주차·건물 안내, 네이버 예약 링크. 부산 해운대구 센텀동로 200 D동 1층 위치, 센텀시티역·주차·건물 안내, 네이버 예약 링크. 부산 해운대구·센텀에 위치한 다옴법무사사무소 안윤정 법무사가 절차·서류·비용을 항목별로 설명드립니다. 막막할수록 지금 무엇부터 해야 하는지부터 정리하는 것이 우선이라고 생각합니다. 오시는 길 · 센텀 부산 해운대구 센텀동로 200 D동 1층 위치, 센텀시티역·주차·건물 안내, 네이버 예약 링크. 해운대 법무사 센텀 법무사 오시는 길 다옴법무사사무소 상담 시 확인하는 내용 오시는 길 · 센텀 사건은 서류·관할·기한에 따라 진행 순서가 달라집니다. 다옴법무사사무소는 부산 해운대구·센텀에서 상속등기·부동산등기·법인등기·개인회생·파산 등을 다루며, 의뢰인 상황에 맞춰 절차와 비용을 알기 쉽게 설명합니다. 불확실한 부분은 추측으로 단정하지 않고, 확인된 사실을 바탕으로 안내드립니다. 전화·카카오톡·네이",173,c0061123807d8982
/media,"언론 보도, 법률 강의, 기업·공공기관 협력, 정책 자문 등 대외 활동 기록. 언론 보도, 법률 강의, 기업·공공기관 협력, 정책 자문 등 대외 활동 기록. 부산 해운대구·센텀에 위치한 다옴법무사사무소 안윤정 법무사가 절차·서류·비용을 항목별로 설명드립니다. 막막할수록 지금 무엇부터 해야 하는지부터 정리하는 것이 우선이라고 생각합니다. 언론·활동 언론 보도, 법률 강의, 기업·공공기관 협력, 정책 자문 등 대외 활동 기록. 안윤정 법무사 부산 법무사 부산 법률 강의 언론보도 다옴법무사사무소 상담 시 확인하는 내용 언론·활동 사건은 서류·관할·기한에 따라 진행 순서가 달라집니다. 다옴법무사사무소는 부산 해운대구·센텀에서 상속등기·부동산등기·법인등기·개인회생·파산 등을 다루며, 의뢰인 상황에 맞춰 절차와 비용을 알기 쉽게 설명합니다. 불확실한 부분은 추측으로 단정하지 않고, 확인된 사실을 바탕으로 안내드립니다. 전화·카카오톡·네이버 톡톡으로 간단히 상황을 남겨 주시면 필요한 준비부터 차",166,3d119143a42b289f
/media/beopryul-sinmun-bar-association-64th-general-assembly,"부산지방법무사회(회장 김치곤)는 5월 28일 부산 온천동 농심호텔에서 제64회 정기총회를 열고 예결산안 승인 및 유공자에 대한 시상 등을 진행했다. 부산지방법무사회(회장 김치곤)는 5월 28일 부산 온천동 농심호텔에서 제64회 정기총회를 열고 예결산안 승인 및 유공자에 대한 시상 등을 진행했다. 이날 총회에는 김문관(사법연수원 23기) 부산지방법원장, 김남순(30기) 부산지방검찰청 검사장, 성익경(26기) 부산회생법원장, 이강천 대한법무사협회장 등 450여 명이 참석했다. 원문 기사 법률신문 원문(또는 방송)을 아래 링크에서 확인하실 수 있습니다. 보도 내용 부산지방법무사회(회장 김치곤)는 5월 28일 부산 온천동 농심호텔에서 제64회 정기총회를 열고 예결산안 승인 및 유공자에 대한 시상 등을 진행했다. 이어지는 내용 이날 총회에는 김문관(사법연수원 23기) 부산지방법원장, 김남순(30기) 부산지방검찰청 검사장, 성익경(26기) 부산회생법원장, 이강천 대한법무사협회장 등 450여 명",250,5f7c1c4e32190bc9
/media/busan-ilbo-bar-association-64th-general-assembly,"부산지방법무사회(회장 김치곤)는 최근 부산 농심호텔에서 제64회 정기총회를 개최했다. 이날 총회에는 김문관 부산지방법원장, 김남순 부산지방검찰청 검사장, 성익경 부산회생법원장, 이강천 대한법무사협회장 등 내빈과 회원 450여 명이 참석했다. 부산지방법무사회(회장 김치곤)는 최근 부산 농심호텔에서 제64회 정기총회를 개최했다. 이날 총회에는 김문관 부산지방법원장, 김남순 부산지방검찰청 검사장, 성익경 부산회생법원장, 이강천 대한법무사협회장 등 내빈과 회원 450여 명이 참석했다. 총회에서는 무료법률상담 등 공익활동에 기여한 유공자에 대한 시상도 진행됐다. 부산지방법무사회 강정춘 회원이 부산지방법원장 공로패를, 곽보영 연제구 거제1동 공무원이 부산지방법원장 표창장을 받았다. 조황제 회원은 부산지방검찰청 검사장 공로패를, 박재근 회원은 부산회생법원장 공로패, 안윤정 회원은 대한법무사협회 표창패를 각각 수상했다. 이와 함께 김치곤 회장은 부산지방법원 김현우 법원사무관 등 6명에게 감사패를,",361,95139fb58fee32bb
/media/busan-mbc-news-fuel-price-relief-expert,"안윤정 법무사가 부산 MBC NEWS 고유가 피해지원금 제도 관련 전문가 촬영에 참여했습니다. 고유가 피해지원금과 관련해 실무 현장에서 확인되는 상담 사례와 제도 이용 시 유의점을 전달했습니다. 안윤정 법무사가 부산 MBC NEWS 고유가 피해지원금 제도 관련 전문가 촬영에 참여했습니다. 고유가 피해지원금과 관련해 실무 현장에서 확인되는 상담 사례와 제도 이용 시 유의점을 전달했습니다. 방송 출연은 제도 안내를 넘어, 일상에서 법률 문제로 어려움을 겪는 시민이 상담을 통해 절차를 이해하고 다음 단계를 준비할 수 있도록 돕는 법무사의 역할을 강조하는 계기가 됐습니다. 원문 기사 부산 MBC NEWS 원문(또는 방송)을 아래 링크에서 확인하실 수 있습니다. 보도 내용 안윤정 법무사가 부산 MBC NEWS 고유가 피해지원금 제도 관련 전문가 촬영에 참여했습니다. 고유가 피해지원금과 관련해 실무 현장에서 확인되는 상담 사례와 제도 이용 시 유의점을 전달했습니다. 이어지는 내용 방송 출연은 ",275,f0e61cf0f607104d
/media/kukinews-youth-budget-unboxing-2027,"정부가 내년도 예산안 제출을 앞두고 청년정책 예산을 국민에게 직접 설명하는 ‘청년예산 언박싱 2027’을 열었다. 28일 오후 청와대 본관에서 열린 행사에는 이재명 대통령과 김민석 국무총리, 관계 부처 장관, 청년자문단과 민간 전문가 등 62명이 참석했다. 정부가 이날 발표한 청년 성장단계별 재정투자는 올해 28조2000억원에서 내년 43조3000억원으로 늘어난다. 정부가 내년도 예산안 제출을 앞두고 청년정책 예산을 국민에게 직접 설명하는 ‘청년예산 언박싱 2027’을 열었다. 28일 오후 청와대 본관에서 열린 행사에는 이재명 대통령과 김민석 국무총리, 관계 부처 장관, 청년자문단과 민간 전문가 등 62명이 참석했다. 정부가 이날 발표한 청년 성장단계별 재정투자는 올해 28조2000억원에서 내년 43조3000억원으로 늘어난다. 정책 발표 이후 청년자문단원들은 현장 경험을 바탕으로 보완책을 제시했다. 부산에서 법무사로 활동하는 기획예산처 청년자문단원 안윤정 법무사는 전월세·주택 매매·",392,54cdf64a9e771821
/media/kukje-sinmun-bar-association-64th-general-assembly,"부산지방법무사회는 지난달 28일 동래구 농심호텔에서 제64회 정기총회(사진)를 열고 공익 법률서비스 확대와 조직 운영 내실화를 다짐했다. 부산지방법무사회는 지난달 28일 동래구 농심호텔에서 제64회 정기총회(사진)를 열고 공익 법률서비스 확대와 조직 운영 내실화를 다짐했다. 이날 총회에는 김문관 부산지방법원장, 김남순 부산지방검찰청 검사장, 성익경 부산회생법원장, 이강천 대한법무사협회장 등 주요 법조계 인사와 회원 450여 명이 참석했다. 총회는 공익활동과 지역사회 봉사에 기여한 회원과 관계자에 대한 시상식과 2025회계연도 결산 승인, 2026회계연도 예산안, 회칙 일부 개정안, 임원선임 규칙 개정안, 재무규칙 제정안 등을 처리한 본회의 순으로 진행했다. 원문 기사 국제신문 원문(또는 방송)을 아래 링크에서 확인하실 수 있습니다. 보도 내용 부산지방법무사회는 지난달 28일 동래구 농심호텔에서 제64회 정기총회(사진)를 열고 공익 법률서비스 확대와 조직 운영 내실화를 다짐했다. 이어",350,86d31e17517ce047
/media/weeklypeople-youth-judicial-scrivener-ahn,"최근 안윤정 법무사가 대한법무사협회 표창을 수상했다. 부산 해운대구 센텀동로에서 다옴법무사사무소를 운영하는 안 법무사는 열린 법무사 사무실을 표방하며, 전세사기 예방 안내를 비롯한 생활 법률 강연과 무료 법률 상담으로 법률 사각지대에 있는 이웃을 돕고 있다. 최근 안윤정 법무사가 대한법무사협회 표창을 수상했다. 부산 해운대구 센텀동로에서 다옴법무사사무소를 운영하는 안 법무사는 열린 법무사 사무실을 표방하며, 전세사기 예방 안내를 비롯한 생활 법률 강연과 무료 법률 상담으로 법률 사각지대에 있는 이웃을 돕고 있다. 부산광역시 청년정책조정위원회 전문가 위원, 해운대구정정책자문위원단 자문위원, 기획예산처 1기 청년자문단 등 다양한 활동을 통해 현장의 목소리를 정책에 전하고 있다. 주간인물은 지역 법조계에 활력이 되는 청년 법무사, 안윤정 법무사의 이야기를 담았다. 원문 기사 주간인물 원문(또는 방송)을 아래 링크에서 확인하실 수 있습니다. 보도 내용 최근 안윤정 법무사가 대한법무사협회 표",375,93bafe8dce6ba9a0
/office,"부산 해운대구 센텀 다옴법무사사무소. 주소·운영시간·주차·상담 방식과 방문 전 준비사항을 안내합니다. 안윤정 법무사가 직접 상담하며, 예약 후 방문해 주세요. 부산 해운대구 센텀 다옴법무사사무소. 주소·운영시간·주차·상담 방식과 방문 전 준비사항을 안내합니다. 안윤정 법무사가 직접 상담하며, 예약 후 방문해 주세요. 부산 해운대구·센텀에 위치한 다옴법무사사무소 안윤정 법무사가 절차·서류·비용을 항목별로 설명드립니다. 막막할수록 지금 무엇부터 해야 하는지부터 정리하는 것이 우선이라고 생각합니다. 해운대·센텀 법무사 사무소 부산 해운대구 센텀 다옴법무사사무소. 주소·운영시간·주차·상담 방식과 방문 전 준비사항을 안내합니다. 안윤정 법무사가 직접 상담하며, 예약 후 방문해 주세요. 해운대 법무사 센텀 법무사 다옴법무사사무소 상담 시 확인하는 내용 해운대·센텀 법무사 사무소 사건은 서류·관할·기한에 따라 진행 순서가 달라집니다. 다옴법무사사무소는 부산 해운대구·센텀에서 상속등기·부동산등기·",186,cfb3b4faf2bc8f79
/partners,"한 건의 부산 현지업무부터 반복 협업, 신축건물 보존등기, 여러 동·호실의 프로젝트, 기업·기관 등기업무까지 대상과 일정에 맞춰 검토합니다. 한 건의 부산 현지업무부터 반복 협업, 신축건물 보존등기, 여러 동·호실의 프로젝트, 기업·기관 등기업무까지 대상과 일정에 맞춰 검토합니다. 한 건의 부산 현지업무부터 반복 협업, 신축건물 보존등기, 여러 동·호실의 프로젝트, 기업·기관 등기업무까지 대상과 일정에 맞춰 검토합니다. 상담 시 확인하는 내용 부산에서 필요한 등기 업무, 협업 방식부터 확인합니다 사건은 서류·관할·기한에 따라 진행 순서가 달라집니다. 다옴법무사사무소는 부산 해운대구·센텀에서 상속등기·부동산등기·법인등기·개인회생·파산 등을 다루며, 의뢰인 상황에 맞춰 절차와 비용을 알기 쉽게 설명합니다. 불확실한 부분은 추측으로 단정하지 않고, 확인된 사실을 바탕으로 안내드립니다. 전화·카카오톡·네이버 톡톡으로 간단히 상황을 남겨 주시면 필요한 준비부터 차분히 정리해 드리겠습니다. 상",174,de3e7c417cf72249
/press,"언론보도 목록은 언론·활동 페이지에서 확인하실 수 있습니다. 언론보도 목록은 언론·활동 페이지에서 확인하실 수 있습니다. 부산 해운대구·센텀에 위치한 다옴법무사사무소 안윤정 법무사가 절차·서류·비용을 항목별로 설명드립니다. 막막할수록 지금 무엇부터 해야 하는지부터 정리하는 것이 우선이라고 생각합니다. 페이지 이동 언론보도 목록은 언론·활동 페이지에서 확인하실 수 있습니다. 상담 시 확인하는 내용 언론·활동 사건은 서류·관할·기한에 따라 진행 순서가 달라집니다. 다옴법무사사무소는 부산 해운대구·센텀에서 상속등기·부동산등기·법인등기·개인회생·파산 등을 다루며, 의뢰인 상황에 맞춰 절차와 비용을 알기 쉽게 설명합니다. 불확실한 부분은 추측으로 단정하지 않고, 확인된 사실을 바탕으로 안내드립니다. 전화·카카오톡·네이버 톡톡으로 간단히 상황을 남겨 주시면 필요한 준비부터 차분히 정리해 드리겠습니다. 언론·활동 상담은 어디서 받을 수 있나요? 다옴법무사사무소는 해운대구 센텀에 있으며, 부산 전",143,deb19ac93f18dffa
/press/beopryul-sinmun-bar-association-64th-general-assembly,"언론보도 상세 페이지로 이동합니다. 언론보도 상세 페이지로 이동합니다. 부산 해운대구·센텀에 위치한 다옴법무사사무소 안윤정 법무사가 절차·서류·비용을 항목별로 설명드립니다. 막막할수록 지금 무엇부터 해야 하는지부터 정리하는 것이 우선이라고 생각합니다. 페이지 이동 언론보도 상세 페이지로 이동합니다. 상담 시 확인하는 내용 부산지방법무사회, 제64회 정기총회 개최 사건은 서류·관할·기한에 따라 진행 순서가 달라집니다. 다옴법무사사무소는 부산 해운대구·센텀에서 상속등기·부동산등기·법인등기·개인회생·파산 등을 다루며, 의뢰인 상황에 맞춰 절차와 비용을 알기 쉽게 설명합니다. 불확실한 부분은 추측으로 단정하지 않고, 확인된 사실을 바탕으로 안내드립니다. 전화·카카오톡·네이버 톡톡으로 간단히 상황을 남겨 주시면 필요한 준비부터 차분히 정리해 드리겠습니다. 부산지방법무사회, 제64회 정기총회 개최 상담은 어디서 받을 수 있나요? 다옴법무사사무소는 해운대구 센텀에 있으며, 부산 전역 사건을 전화",140,30b1bd295a8ee1cd
/press/busan-ilbo-bar-association-64th-general-assembly,"언론보도 상세 페이지로 이동합니다. 언론보도 상세 페이지로 이동합니다. 부산 해운대구·센텀에 위치한 다옴법무사사무소 안윤정 법무사가 절차·서류·비용을 항목별로 설명드립니다. 막막할수록 지금 무엇부터 해야 하는지부터 정리하는 것이 우선이라고 생각합니다. 페이지 이동 언론보도 상세 페이지로 이동합니다. 상담 시 확인하는 내용 부산지방법무사회 제64회 정기총회 개최 사건은 서류·관할·기한에 따라 진행 순서가 달라집니다. 다옴법무사사무소는 부산 해운대구·센텀에서 상속등기·부동산등기·법인등기·개인회생·파산 등을 다루며, 의뢰인 상황에 맞춰 절차와 비용을 알기 쉽게 설명합니다. 불확실한 부분은 추측으로 단정하지 않고, 확인된 사실을 바탕으로 안내드립니다. 전화·카카오톡·네이버 톡톡으로 간단히 상황을 남겨 주시면 필요한 준비부터 차분히 정리해 드리겠습니다. 부산지방법무사회 제64회 정기총회 개최 상담은 어디서 받을 수 있나요? 다옴법무사사무소는 해운대구 센텀에 있으며, 부산 전역 사건을 전화·카",140,9cfdb65f159145ee
/press/busan-mbc-news-fuel-price-relief-expert,"언론보도 상세 페이지로 이동합니다. 언론보도 상세 페이지로 이동합니다. 부산 해운대구·센텀에 위치한 다옴법무사사무소 안윤정 법무사가 절차·서류·비용을 항목별로 설명드립니다. 막막할수록 지금 무엇부터 해야 하는지부터 정리하는 것이 우선이라고 생각합니다. 페이지 이동 언론보도 상세 페이지로 이동합니다. 상담 시 확인하는 내용 부산 MBC NEWS 전문가 출연 사건은 서류·관할·기한에 따라 진행 순서가 달라집니다. 다옴법무사사무소는 부산 해운대구·센텀에서 상속등기·부동산등기·법인등기·개인회생·파산 등을 다루며, 의뢰인 상황에 맞춰 절차와 비용을 알기 쉽게 설명합니다. 불확실한 부분은 추측으로 단정하지 않고, 확인된 사실을 바탕으로 안내드립니다. 전화·카카오톡·네이버 톡톡으로 간단히 상황을 남겨 주시면 필요한 준비부터 차분히 정리해 드리겠습니다. 부산 MBC NEWS 전문가 출연 상담은 어디서 받을 수 있나요? 다옴법무사사무소는 해운대구 센텀에 있으며, 부산 전역 사건을 전화·카카오톡·네이",142,828f1958ecef67bd
/press/kukinews-youth-budget-unboxing-2027,"언론보도 상세 페이지로 이동합니다. 언론보도 상세 페이지로 이동합니다. 부산 해운대구·센텀에 위치한 다옴법무사사무소 안윤정 법무사가 절차·서류·비용을 항목별로 설명드립니다. 막막할수록 지금 무엇부터 해야 하는지부터 정리하는 것이 우선이라고 생각합니다. 페이지 이동 언론보도 상세 페이지로 이동합니다. 상담 시 확인하는 내용 젊은 실무자가 설명하고 청년이 묻고…43조 청년예산 ‘언박싱’ 사건은 서류·관할·기한에 따라 진행 순서가 달라집니다. 다옴법무사사무소는 부산 해운대구·센텀에서 상속등기·부동산등기·법인등기·개인회생·파산 등을 다루며, 의뢰인 상황에 맞춰 절차와 비용을 알기 쉽게 설명합니다. 불확실한 부분은 추측으로 단정하지 않고, 확인된 사실을 바탕으로 안내드립니다. 전화·카카오톡·네이버 톡톡으로 간단히 상황을 남겨 주시면 필요한 준비부터 차분히 정리해 드리겠습니다. 젊은 실무자가 설명하고 청년이 묻고…43조 청년예산 ‘언박싱’ 상담은 어디서 받을 수 있나요? 다옴법무사사무소는 해운",146,f8f3bee464616100
/press/kukje-sinmun-bar-association-64th-general-assembly,"언론보도 상세 페이지로 이동합니다. 언론보도 상세 페이지로 이동합니다. 부산 해운대구·센텀에 위치한 다옴법무사사무소 안윤정 법무사가 절차·서류·비용을 항목별로 설명드립니다. 막막할수록 지금 무엇부터 해야 하는지부터 정리하는 것이 우선이라고 생각합니다. 페이지 이동 언론보도 상세 페이지로 이동합니다. 상담 시 확인하는 내용 부산지방법무사회 정기총회 “공익 법률서비스 확대 강화” 사건은 서류·관할·기한에 따라 진행 순서가 달라집니다. 다옴법무사사무소는 부산 해운대구·센텀에서 상속등기·부동산등기·법인등기·개인회생·파산 등을 다루며, 의뢰인 상황에 맞춰 절차와 비용을 알기 쉽게 설명합니다. 불확실한 부분은 추측으로 단정하지 않고, 확인된 사실을 바탕으로 안내드립니다. 전화·카카오톡·네이버 톡톡으로 간단히 상황을 남겨 주시면 필요한 준비부터 차분히 정리해 드리겠습니다. 부산지방법무사회 정기총회 “공익 법률서비스 확대 강화” 상담은 어디서 받을 수 있나요? 다옴법무사사무소는 해운대구 센텀에 있",144,9f48258e50d0962c
/press/weeklypeople-youth-judicial-scrivener-ahn,"언론보도 상세 페이지로 이동합니다. 언론보도 상세 페이지로 이동합니다. 부산 해운대구·센텀에 위치한 다옴법무사사무소 안윤정 법무사가 절차·서류·비용을 항목별로 설명드립니다. 막막할수록 지금 무엇부터 해야 하는지부터 정리하는 것이 우선이라고 생각합니다. 페이지 이동 언론보도 상세 페이지로 이동합니다. 상담 시 확인하는 내용 지역 법조계에 활력이 되는 청년 법무사! - 안윤정 다옴법무사사무소 대표 법무사 사건은 서류·관할·기한에 따라 진행 순서가 달라집니다. 다옴법무사사무소는 부산 해운대구·센텀에서 상속등기·부동산등기·법인등기·개인회생·파산 등을 다루며, 의뢰인 상황에 맞춰 절차와 비용을 알기 쉽게 설명합니다. 불확실한 부분은 추측으로 단정하지 않고, 확인된 사실을 바탕으로 안내드립니다. 전화·카카오톡·네이버 톡톡으로 간단히 상황을 남겨 주시면 필요한 준비부터 차분히 정리해 드리겠습니다. 지역 법조계에 활력이 되는 청년 법무사! - 안윤정 다옴법무사사무소 대표 법무사 상담은 어디서 받을",154,2183c927b620a29d
/reviews,"네이버 플레이스 방문자가 남긴 상속등기·부동산등기·법인등기·상담 후기. 네이버 플레이스 방문자가 남긴 상속등기·부동산등기·법인등기·상담 후기. 부산 해운대구·센텀에 위치한 다옴법무사사무소 안윤정 법무사가 절차·서류·비용을 항목별로 설명드립니다. 막막할수록 지금 무엇부터 해야 하는지부터 정리하는 것이 우선이라고 생각합니다. 고객후기 네이버 플레이스 방문자가 남긴 상속등기·부동산등기·법인등기·상담 후기. 부산 법무사 해운대 법무사 고객후기 다옴법무사사무소 상담 시 확인하는 내용 네이버 고객후기 사건은 서류·관할·기한에 따라 진행 순서가 달라집니다. 다옴법무사사무소는 부산 해운대구·센텀에서 상속등기·부동산등기·법인등기·개인회생·파산 등을 다루며, 의뢰인 상황에 맞춰 절차와 비용을 알기 쉽게 설명합니다. 불확실한 부분은 추측으로 단정하지 않고, 확인된 사실을 바탕으로 안내드립니다. 전화·카카오톡·네이버 톡톡으로 간단히 상황을 남겨 주시면 필요한 준비부터 차분히 정리해 드리겠습니다. 네이버 ",147,bf0b11ca02dbca9c
/search-guides,"부산 법무사 추천·비용·후기, 등기 복대리·집단등기, 개인회생, 공공기관·보존등기처럼 상담 전에 자주 묻는 주제를 모았습니다. 부산 법무사 추천·비용·후기, 등기 복대리·집단등기, 개인회생, 공공기관·보존등기처럼 상담 전에 자주 묻는 주제를 모았습니다. 부산 해운대구·센텀에 위치한 다옴법무사사무소 안윤정 법무사가 절차·서류·비용을 항목별로 설명드립니다. 막막할수록 지금 무엇부터 해야 하는지부터 정리하는 것이 우선이라고 생각합니다. 상황별로 확인할 안내 부산 법무사 추천·비용·후기, 등기 복대리·집단등기, 개인회생, 공공기관·보존등기처럼 상담 전에 자주 묻는 주제를 모았습니다. 부산 법무사 추천 부산 법무사 비용 등기 복대리 집단등기 부산 개인회생 다옴법무사사무소 상담 시 확인하는 내용 상황별 안내 — 추천·비용·서류·기한 사건은 서류·관할·기한에 따라 진행 순서가 달라집니다. 다옴법무사사무소는 부산 해운대구·센텀에서 상속등기·부동산등기·법인등기·개인회생·파산 등을 다루며, 의뢰인 상",180,cdc04b06c3673cba
/services,"상속등기·상속포기·한정승인, 부동산등기, 법인설립·임원변경등기, 개인회생·파산 업무별 절차·수임 범위·실무 사례 안내. 상속등기·상속포기·한정승인, 부동산등기, 법인설립·임원변경등기, 개인회생·파산 업무별 절차·수임 범위·실무 사례 안내. 부산 해운대구·센텀에 위치한 다옴법무사사무소 안윤정 법무사가 절차·서류·비용을 항목별로 설명드립니다. 막막할수록 지금 무엇부터 해야 하는지부터 정리하는 것이 우선이라고 생각합니다. 부산 등기·상속·회생 업무안내 상속등기·상속포기·한정승인, 부동산등기, 법인설립·임원변경등기, 개인회생·파산 업무별 절차·수임 범위·실무 사례 안내. 부산 상속등기 부산 부동산등기 부산 법인등기 부산 개인회생 부산 법무사 상담 시 확인하는 내용 부산 등기·상속·회생 업무안내 사건은 서류·관할·기한에 따라 진행 순서가 달라집니다. 다옴법무사사무소는 부산 해운대구·센텀에서 상속등기·부동산등기·법인등기·개인회생·파산 등을 다루며, 의뢰인 상황에 맞춰 절차와 비용을 알기 쉽게 ",164,31441f84ed37d5d5
/services/bankruptcy,"파산은 채무를 감당할 수 없는 채무자가 법원에 파산을 신청하고, 면책을 통해 남은 채무를 정리하는 제도입니다. 개인회생과 달리 소득이 없거나 매우 적어도 신청할 수 있습니다. 다옴법무사사무소 안윤정 법무사는 파산과 회생을 비교해, 의뢰인 상황에 맞는 제도를 안내합니다. 파산은 채무를 감당할 수 없는 채무자가 법원에 파산을 신청하고, 면책을 통해 남은 채무를 정리하는 제도입니다. 개인회생과 달리 소득이 없거나 매우 적어도 신청할 수 있습니다. 다옴법무사사무소 안윤정 법무사는 파산과 회생을 비교해, 의뢰인 상황에 맞는 제도를 안내합니다. 채무가 재산·소득을 훨씬 넘고, 더 이상 변제가 불가능하다고 판단될 때 파산을 검토합니다. 장기 실업, 중증 질병, 사업 실패, 보증 채무 등으로 채무가 쌓인 경우가 많습니다. 면책을 받으면 경제적으로 새 출발을 할 수 있습니다. 진행 방식 파산은 '탕감'이 목적이지만, 절차와 결과를 정확히 이해해야 합니다. 안윤정 법무사는 신청 전 면책 가능성과 불이",248,60bca2f0dcb48208
/services/cases/busan-personal-rehabilitation-consultation,"다중 채무로 개인회생을 검토한 부산 거주 의뢰인 상담 사례. 다옴법무사사무소 안윤정 법무사. 다중 채무로 개인회생을 검토한 부산 거주 의뢰인 상담 사례. 다옴법무사사무소 안윤정 법무사. 부산에서 진행한 개인회생 유형 사례입니다. 사례 배경 상담 시 확인한 쟁점과 진행 경과를 바탕으로 정리했습니다. 동일한 상황이라도 세부 사항에 따라 절차가 달라질 수 있습니다. 개인회생 부산 채무조정 상담 시 확인하는 내용 부산 개인회생 상담 사례 사건은 서류·관할·기한에 따라 진행 순서가 달라집니다. 다옴법무사사무소는 부산 해운대구·센텀에서 상속등기·부동산등기·법인등기·개인회생·파산 등을 다루며, 의뢰인 상황에 맞춰 절차와 비용을 알기 쉽게 설명합니다. 불확실한 부분은 추측으로 단정하지 않고, 확인된 사실을 바탕으로 안내드립니다. 전화·카카오톡·네이버 톡톡으로 간단히 상황을 남겨 주시면 필요한 준비부터 차분히 정리해 드리겠습니다. 부산 개인회생 상담 사례 상담은 어디서 받을 수 있나요? 다옴법무사사",159,0c285a36ab8f4cde
/services/cases/centum-ownership-transfer-case,"센텀 인근 오피스텔 매매에 따른 소유권이전등기 사건. 다옴법무사사무소 안윤정 법무사 실무 사례. 센텀 인근 오피스텔 매매에 따른 소유권이전등기 사건. 다옴법무사사무소 안윤정 법무사 실무 사례. 센텀에서 진행한 부동산등기 유형 사례입니다. 사례 배경 상담 시 확인한 쟁점과 진행 경과를 바탕으로 정리했습니다. 동일한 상황이라도 세부 사항에 따라 절차가 달라질 수 있습니다. 소유권이전등기 센텀 부산 부동산등기 상담 시 확인하는 내용 센텀 부동산 소유권이전등기 사례 사건은 서류·관할·기한에 따라 진행 순서가 달라집니다. 다옴법무사사무소는 부산 해운대구·센텀에서 상속등기·부동산등기·법인등기·개인회생·파산 등을 다루며, 의뢰인 상황에 맞춰 절차와 비용을 알기 쉽게 설명합니다. 불확실한 부분은 추측으로 단정하지 않고, 확인된 사실을 바탕으로 안내드립니다. 전화·카카오톡·네이버 톡톡으로 간단히 상황을 남겨 주시면 필요한 준비부터 차분히 정리해 드리겠습니다. 센텀 부동산 소유권이전등기 사례 상담은 ",160,4259719c6694c7f8
/services/cases/dongnae-qualified-acceptance-consultation,"재산이 있으나 채무도 있는 상속에서 한정승인을 검토한 동래구 상담 사례. 다옴법무사사무소 안윤정 법무사. 재산이 있으나 채무도 있는 상속에서 한정승인을 검토한 동래구 상담 사례. 다옴법무사사무소 안윤정 법무사. 동래에서 진행한 한정승인 유형 사례입니다. 사례 배경 상담 시 확인한 쟁점과 진행 경과를 바탕으로 정리했습니다. 동일한 상황이라도 세부 사항에 따라 절차가 달라질 수 있습니다. 한정승인 동래구 부산 상속 상담 시 확인하는 내용 동래구 한정승인 상담 사례 사건은 서류·관할·기한에 따라 진행 순서가 달라집니다. 다옴법무사사무소는 부산 해운대구·센텀에서 상속등기·부동산등기·법인등기·개인회생·파산 등을 다루며, 의뢰인 상황에 맞춰 절차와 비용을 알기 쉽게 설명합니다. 불확실한 부분은 추측으로 단정하지 않고, 확인된 사실을 바탕으로 안내드립니다. 전화·카카오톡·네이버 톡톡으로 간단히 상황을 남겨 주시면 필요한 준비부터 차분히 정리해 드리겠습니다. 동래구 한정승인 상담 사례 상담은 어디",162,3fcc09fd97f5ba51
/services/cases/gijang-land-inheritance-case,"기장군 농지 상속등기 사건. 다옴법무사사무소 안윤정 법무사 실무 사례. 기장군 농지 상속등기 사건. 다옴법무사사무소 안윤정 법무사 실무 사례. 기장에서 진행한 상속등기 유형 사례입니다. 사례 배경 상담 시 확인한 쟁점과 진행 경과를 바탕으로 정리했습니다. 동일한 상황이라도 세부 사항에 따라 절차가 달라질 수 있습니다. 상속등기 기장군 토지 상담 시 확인하는 내용 기장군 토지 상속등기 사례 사건은 서류·관할·기한에 따라 진행 순서가 달라집니다. 다옴법무사사무소는 부산 해운대구·센텀에서 상속등기·부동산등기·법인등기·개인회생·파산 등을 다루며, 의뢰인 상황에 맞춰 절차와 비용을 알기 쉽게 설명합니다. 불확실한 부분은 추측으로 단정하지 않고, 확인된 사실을 바탕으로 안내드립니다. 전화·카카오톡·네이버 톡톡으로 간단히 상황을 남겨 주시면 필요한 준비부터 차분히 정리해 드리겠습니다. 기장군 토지 상속등기 사례 상담은 어디서 받을 수 있나요? 다옴법무사사무소는 해운대구 센텀에 있으며, 부산 전역",153,d2daabf7c706646d
/services/cases/haeundae-inheritance-registration-case,"복수 상속인이 있는 해운대구 아파트 상속등기 사건. 다옴법무사사무소 안윤정 법무사 실무 사례. 복수 상속인이 있는 해운대구 아파트 상속등기 사건. 다옴법무사사무소 안윤정 법무사 실무 사례. 해운대에서 진행한 상속등기 유형 사례입니다. 사례 배경 상담 시 확인한 쟁점과 진행 경과를 바탕으로 정리했습니다. 동일한 상황이라도 세부 사항에 따라 절차가 달라질 수 있습니다. 상속등기 해운대 부산 상속등기 상담 시 확인하는 내용 해운대구 상속등기 사례 사건은 서류·관할·기한에 따라 진행 순서가 달라집니다. 다옴법무사사무소는 부산 해운대구·센텀에서 상속등기·부동산등기·법인등기·개인회생·파산 등을 다루며, 의뢰인 상황에 맞춰 절차와 비용을 알기 쉽게 설명합니다. 불확실한 부분은 추측으로 단정하지 않고, 확인된 사실을 바탕으로 안내드립니다. 전화·카카오톡·네이버 톡톡으로 간단히 상황을 남겨 주시면 필요한 준비부터 차분히 정리해 드리겠습니다. 해운대구 상속등기 사례 상담은 어디서 받을 수 있나요? 다",158,b9d38d96af513b28
/services/cases/jaesong-inheritance-renunciation-consultation,"채무가 있는 상속에서 상속포기를 검토한 재송동 인근 상담 사례. 다옴법무사사무소 안윤정 법무사. 채무가 있는 상속에서 상속포기를 검토한 재송동 인근 상담 사례. 다옴법무사사무소 안윤정 법무사. 재송동에서 진행한 상속포기 유형 사례입니다. 사례 배경 상담 시 확인한 쟁점과 진행 경과를 바탕으로 정리했습니다. 동일한 상황이라도 세부 사항에 따라 절차가 달라질 수 있습니다. 상속포기 재송동 부산 상속 상담 시 확인하는 내용 재송동 상속포기 상담 사례 사건은 서류·관할·기한에 따라 진행 순서가 달라집니다. 다옴법무사사무소는 부산 해운대구·센텀에서 상속등기·부동산등기·법인등기·개인회생·파산 등을 다루며, 의뢰인 상황에 맞춰 절차와 비용을 알기 쉽게 설명합니다. 불확실한 부분은 추측으로 단정하지 않고, 확인된 사실을 바탕으로 안내드립니다. 전화·카카오톡·네이버 톡톡으로 간단히 상황을 남겨 주시면 필요한 준비부터 차분히 정리해 드리겠습니다. 재송동 상속포기 상담 사례 상담은 어디서 받을 수 있나",160,bcd59fd69c172ccd
/services/cases/suyeong-company-establishment-case,"수영구 소재 소규모 사업자의 주식회사 설립등기 사건. 다옴법무사사무소 안윤정 법무사 실무 사례. 수영구 소재 소규모 사업자의 주식회사 설립등기 사건. 다옴법무사사무소 안윤정 법무사 실무 사례. 수영에서 진행한 법인설립 유형 사례입니다. 사례 배경 상담 시 확인한 쟁점과 진행 경과를 바탕으로 정리했습니다. 동일한 상황이라도 세부 사항에 따라 절차가 달라질 수 있습니다. 법인설립 수영구 부산 법인등기 상담 시 확인하는 내용 수영구 법인설립등기 사례 사건은 서류·관할·기한에 따라 진행 순서가 달라집니다. 다옴법무사사무소는 부산 해운대구·센텀에서 상속등기·부동산등기·법인등기·개인회생·파산 등을 다루며, 의뢰인 상황에 맞춰 절차와 비용을 알기 쉽게 설명합니다. 불확실한 부분은 추측으로 단정하지 않고, 확인된 사실을 바탕으로 안내드립니다. 전화·카카오톡·네이버 톡톡으로 간단히 상황을 남겨 주시면 필요한 준비부터 차분히 정리해 드리겠습니다. 수영구 법인설립등기 사례 상담은 어디서 받을 수 있나요",158,e718ca85c188d04e
/services/cases/yeonje-director-change-case,"연제구 소재 제조업 법인의 대표이사 변경 등기 사건. 다옴법무사사무소 안윤정 법무사 실무 사례. 연제구 소재 제조업 법인의 대표이사 변경 등기 사건. 다옴법무사사무소 안윤정 법무사 실무 사례. 연제에서 진행한 법인등기 유형 사례입니다. 사례 배경 상담 시 확인한 쟁점과 진행 경과를 바탕으로 정리했습니다. 동일한 상황이라도 세부 사항에 따라 절차가 달라질 수 있습니다. 임원변경 연제구 부산 법인등기 상담 시 확인하는 내용 연제구 임원변경등기 사례 사건은 서류·관할·기한에 따라 진행 순서가 달라집니다. 다옴법무사사무소는 부산 해운대구·센텀에서 상속등기·부동산등기·법인등기·개인회생·파산 등을 다루며, 의뢰인 상황에 맞춰 절차와 비용을 알기 쉽게 설명합니다. 불확실한 부분은 추측으로 단정하지 않고, 확인된 사실을 바탕으로 안내드립니다. 전화·카카오톡·네이버 톡톡으로 간단히 상황을 남겨 주시면 필요한 준비부터 차분히 정리해 드리겠습니다. 연제구 임원변경등기 사례 상담은 어디서 받을 수 있나요",160,4d9383544c036d7b
/services/company-establishment,"법인설립등기는 회사를 처음 만들 때 등기부에 법인을 등록하는 절차입니다. 정관 작성, 발기인·주주 구성, 자본금 납입, 설립 등기 신청까지 순서가 있습니다. 창업 초기에 잘못 설립하면 이후 변경 비용이 커지므로, 처음부터 정확히 하는 것이 중요합니다. 법인설립등기는 회사를 처음 만들 때 등기부에 법인을 등록하는 절차입니다. 정관 작성, 발기인·주주 구성, 자본금 납입, 설립 등기 신청까지 순서가 있습니다. 창업 초기에 잘못 설립하면 이후 변경 비용이 커지므로, 처음부터 정확히 하는 것이 중요합니다. 1인 창업을 법인으로 전환하거나, 동업자와 함께 주식회사·유한회사를 설립할 때 필요합니다. 사업자등록과 별도로 법인 설립 등기를 해야 법인이 성립합니다. 투자 유치, 정부 지원 사업 참여 등을 위해 법인 형태가 필요한 경우도 많습니다. 진행 방식 다옴법무사사무소에서는 '일단 설립부터'가 아니라, 사업 규모와 향후 계획에 맞는 법인 형태를 함께 고민합니다. 안윤정 법무사가 정관 검토부터 설",239,96997031f30ba76a
/services/corporate-registration,"법인등기는 주식회사·유한회사 등 법인의 설립, 변경, 해산·청산 등을 등기부에 기록하는 절차입니다. 정관과 주주총회·이사회 의사록 등 법정 요건을 갖추지 않으면 등기가 반려됩니다. 다옴법무사사무소는 센텀 일대 법인 고객을 포함해 부산 지역 법인등기를 꾸준히 처리합니다. 법인등기는 주식회사·유한회사 등 법인의 설립, 변경, 해산·청산 등을 등기부에 기록하는 절차입니다. 정관과 주주총회·이사회 의사록 등 법정 요건을 갖추지 않으면 등기가 반려됩니다. 다옴법무사사무소는 센텀 일대 법인 고객을 포함해 부산 지역 법인등기를 꾸준히 처리합니다. 회사를 새로 설립할 때, 대표이사가 바뀔 때, 본점을 이전할 때, 자본금을 증자할 때, 목적을 변경할 때, 회사를 해산할 때 법인등기가 필요합니다. 등기를 하지 않으면 대외적으로 변경 사항이 효력을 갖지 못하는 경우가 많습니다. 진행 방식 법인등기는 서류 형식이 엄격합니다. 안윤정 법무사는 의사록과 정관을 접수 전에 검토하여 반려를 줄이고, 센텀·해운대",223,47b62120f89e1974
/services/director-change,"임원변경등기는 대표이사, 이사, 감사 등 임원이 취임·사임·중임하거나 주소가 바뀔 때 하는 등기입니다. 회사 운영 중 가장 자주 발생하는 법인등기 중 하나입니다. 의사록 형식이 맞지 않으면 반려되므로, 접수 전 검토가 필요합니다. 임원변경등기는 대표이사, 이사, 감사 등 임원이 취임·사임·중임하거나 주소가 바뀔 때 하는 등기입니다. 회사 운영 중 가장 자주 발생하는 법인등기 중 하나입니다. 의사록 형식이 맞지 않으면 반려되므로, 접수 전 검토가 필요합니다. 대표이사가 교체되거나, 이사·감사가 새로 선임될 때, 임원의 주소가 변경됐을 때 임원변경등기를 합니다. 투자 유치, 경영권 이전, 조직 개편 등으로 임원 구성이 바뀌는 경우가 많습니다. 등기를 하지 않으면 대외 신고·은행·계약에서 문제가 될 수 있습니다. 진행 방식 임원변경은 '빨리 끝나야 하는' 업무인 경우가 많습니다. 다옴법무사사무소 안윤정 법무사는 의사록 양식을 사전에 점검하고, 센텀·해운대 소재 회사의 반복 의뢰에도 동일한",230,4ae01ae3952921b9
/services/inheritance-registration,"피상속인이 돌아가신 뒤, 남은 부동산이나 토지를 상속인 명의로 바꾸는 절차가 상속등기입니다. 등기를 마치지 않으면 매매·담보 설정 등이 어려울 수 있고, 상속포기·한정승인 검토 기간과 취득세 신고기한은 별도로 확인해야 합니다. 다옴법무사사무소 안윤정 법무사는 부산뿐 아니라 전국 소재 상속부동산도 관할 특례 적용 여부를 확인하며 상담부터 등기 완료까지 함께 진행합니다. 피상속인이 돌아가신 뒤, 남은 부동산이나 토지를 상속인 명의로 바꾸는 절차가 상속등기입니다. 등기를 마치지 않으면 매매·담보 설정 등이 어려울 수 있고, 상속포기·한정승인 검토 기간과 취득세 신고기한은 별도로 확인해야 합니다. 다옴법무사사무소 안윤정 법무사는 부산뿐 아니라 전국 소재 상속부동산도 관할 특례 적용 여부를 확인하며 상담부터 등기 완료까지 함께 진행합니다. 부모님이나 배우자의 사망 후 명의가 피상속인으로 남아 있는 아파트, 주택, 토지, 상가가 있을 때 상속등기가 필요합니다. 상속인이 여러 명이면 협의서 작성",346,3b496fd8d4b1a0a3
/services/inheritance-renunciation,"상속포기는 상속인이 피상속인의 재산과 채무를 승계하지 않겠다고 법원에 신고하는 제도입니다. 채무가 재산보다 훨씬 많을 때 검토하며, 법정 기간 내 신고하지 않으면 단순승인으로 간주되어 채무까지 떠안게 될 수 있습니다. 다옴법무사사무소 안윤정 법무사는 상속포기와 한정승인의 차이를 설명하고 적합한 절차를 안내합니다. 상속포기는 상속인이 피상속인의 재산과 채무를 승계하지 않겠다고 법원에 신고하는 제도입니다. 채무가 재산보다 훨씬 많을 때 검토하며, 법정 기간 내 신고하지 않으면 단순승인으로 간주되어 채무까지 떠안게 될 수 있습니다. 다옴법무사사무소 안윤정 법무사는 상속포기와 한정승인의 차이를 설명하고 적합한 절차를 안내합니다. 피상속인에게 빚이 많고 재산이 적거나, 상속 여부를 아직 결정하지 못했지만 기한이 다가올 때 상속포기를 검토합니다. 상속을 포기하면 본인에게 피상속인의 채무가 넘어오지 않습니다. 다만 포기한 뒤에는 같은 순위 상속인이 된 자녀 등에게 상속이 넘어갈 수 있으므로, 가",266,79463f7d640bacd1
/services/ownership-transfer,"소유권이전등기는 부동산 소유자가 바뀔 때 등기부에 새 소유자를 기록하는 절차입니다. 매매와 증여가 가장 흔하고, 상속·교환·경매 등도 포함됩니다. 계약 체결만으로는 소유권이 넘어가지 않으며, 등기를 마쳐야 비로소 완전한 이전이 됩니다. 소유권이전등기는 부동산 소유자가 바뀔 때 등기부에 새 소유자를 기록하는 절차입니다. 매매와 증여가 가장 흔하고, 상속·교환·경매 등도 포함됩니다. 계약 체결만으로는 소유권이 넘어가지 않으며, 등기를 마쳐야 비로소 완전한 이전이 됩니다. 부동산 매매 계약을 체결한 뒤 잔금 지급과 함께 소유권이전등기를 해야 합니다. 자녀에게 증여한 경우에도 증여세 신고 후 등기가 필요합니다. 대출 실행 조건으로 등기 완료가 요구되는 경우도 많아, 일정 관리가 중요합니다. 진행 방식 소유권이전등기는 거래 당사자 모두의 일정이 맞아야 합니다. 다옴법무사사무소 안윤정 법무사는 잔금일 전에 필요 서류를 미리 정리하고, 취득세 납부와 등기 접수를 하루 차질 없이 진행할 수 있도록",230,97295252f88c36be
/services/personal-rehabilitation,"개인회생은 일정 소득이 있는 채무자가 법원의 인가를 받아 채무를 조정하고, 일정 기간 변제 후 나머지 채무를 면제받는 제도입니다. 법무사가 신청 대리를 할 수 있으며, 안윤정 법무사는 신용관리사 자격을 보유해 채무 구조 분석에 강점이 있습니다. 개인회생은 일정 소득이 있는 채무자가 법원의 인가를 받아 채무를 조정하고, 일정 기간 변제 후 나머지 채무를 면제받는 제도입니다. 법무사가 신청 대리를 할 수 있으며, 안윤정 법무사는 신용관리사 자격을 보유해 채무 구조 분석에 강점이 있습니다. 여러 금융기관에 빚이 있고 매월 감당하기 어렵지만, 일정 소득은 있는 경우 개인회생을 검토합니다. 파산과 달리 재산을 일부 유지하면서 채무를 조정할 수 있습니다. 상속 채무, 사업 실패, 보증 채무 등 다양한 원인으로 신청합니다. 진행 방식 개인회생은 '신청서를 내는 것'에서 끝이 아닙니다. 다옴법무사사무소에서는 신청 전에 회생 가능 여부를 솔직히 말씀드리고, 인가 후 변제까지 어떤 일이 일어나는지 단",256,662c1bc50b8f8997
/services/qualified-acceptance,"한정승인은 상속인이 피상속인의 재산 한도 안에서만 채무를 부담하는 제도입니다. 재산도 있지만 채무가 얼마나 있는지 불확실할 때, 상속을 완전히 포기하기보다 리스크를 제한하고 싶을 때 선택합니다. 다옴법무사사무소 안윤정 법무사는 한정승인 적합 여부를 검토하고 신고 절차를 진행합니다. 한정승인은 상속인이 피상속인의 재산 한도 안에서만 채무를 부담하는 제도입니다. 재산도 있지만 채무가 얼마나 있는지 불확실할 때, 상속을 완전히 포기하기보다 리스크를 제한하고 싶을 때 선택합니다. 다옴법무사사무소 안윤정 법무사는 한정승인 적합 여부를 검토하고 신고 절차를 진행합니다. 피상속인에게 부동산이나 예금이 있지만, 대출·보증 채무 규모를 정확히 알 수 없을 때 한정승인을 검토합니다. 상속포기와 달리 재산을 승계하면서 채무는 적극재산 범위로 한정됩니다. 이후 상속등기를 진행할 수 있어, 상속재산을 정리해야 하는 경우에도 유용합니다. 진행 방식 한정승인은 '일단 안전장치를 걸고 상속을 진행한다'는 개념입",257,f9e5efbb831e0574
/services/real-estate-registration,"부동산등기는 소유권이나 저당권 등 권리 변동을 등기부에 기록하는 절차입니다. 매매, 증여, 상속, 신축, 저당 설정·말소 등 원인에 따라 필요 서류와 순서가 달라집니다. 다옴법무사사무소 안윤정 법무사는 공인중개사 자격도 갖추고 있어, 부산 해운대구·센텀 일대 부동산등기를 실무적으로 진행합니다. 부동산등기는 소유권이나 저당권 등 권리 변동을 등기부에 기록하는 절차입니다. 매매, 증여, 상속, 신축, 저당 설정·말소 등 원인에 따라 필요 서류와 순서가 달라집니다. 다옴법무사사무소 안윤정 법무사는 공인중개사 자격도 갖추고 있어, 부산 해운대구·센텀 일대 부동산등기를 실무적으로 진행합니다. 아파트·주택·토지·상가를 사거나 팔았을 때, 부모에게 증여받았을 때, 상속으로 명의를 바꿀 때 등기가 필요합니다. 또한 은행 대출을 위해 근저당권을 설정하거나, 대출 상환 후 말소할 때도 부동산등기 절차가 따릅니다. 등기를 하지 않으면 법적으로 소유권 변동이 완료되지 않습니다. 진행 방식 등기는 서류 하",250,170dd7a8e88be154
/situations,"상속·등기·전세·법인·채무처럼 업무명을 모를 때도 괜찮습니다. 실제로 많이 검색하는 생활 상황별로, 먼저 확인할 것·혼자 가능한 범위·상담이 필요한 경우를 정리했습니다. 부산·해운대·센텀에 있는 다옴법무사사무소가 절차와 서류를 함께 검토해 드립니다. 상속·등기·전세·법인·채무처럼 업무명을 모를 때도 괜찮습니다. 실제로 많이 검색하는 생활 상황별로, 먼저 확인할 것·혼자 가능한 범위·상담이 필요한 경우를 정리했습니다. 부산·해운대·센텀에 있는 다옴법무사사무소가 절차와 서류를 함께 검토해 드립니다. 상속·등기·전세·법인·채무처럼 업무명을 모를 때도 괜찮습니다. 실제로 많이 검색하는 생활 상황별로, 먼저 확인할 것·혼자 가능한 범위·상담이 필요한 경우를 정리했습니다. 부산·해운대·센텀에 있는 다옴법무사사무소가 절차와 서류를 함께 검토해 드립니다. 분류별 안내 겪고 계신 문제와 가까운 분류를 선택하세요. 상황별 안내 목록 지금 겪고 계신 문제에 가까운 항목을 선택하세요. 상담 시 확인하는 ",218,e401b7354c46e051
/situations/개인회생-가능-여부,"개인회생은 일정 소득으로 채무를 조정하는 절차입니다. 총 채무·채권자 수·소득·재산·최근 면책 이력을 함께 봐야 가능 여부가 나옵니다. 부산 해운대구·센텀, 재송동·반여동 일대에서도 전화·카카오톡·방문(예약) 상담이 가능합니다. 개인회생은 일정 소득으로 채무를 조정하는 절차입니다. 총 채무·채권자 수·소득·재산·최근 면책 이력을 함께 봐야 가능 여부가 나옵니다. 부산 해운대구·센텀, 재송동·반여동 일대에서도 전화·카카오톡·방문(예약) 상담이 가능합니다. 개인회생은 일정 소득으로 채무를 조정하는 절차입니다. 총 채무·채권자 수·소득·재산·최근 면책 이력을 함께 봐야 가능 여부가 나옵니다. 부산 해운대구·센텀, 재송동·반여동 일대에서도 전화·카카오톡·방문(예약) 상담이 가능합니다. 개인회생 가능 여부는 채무·소득·재산·면책 이력을 표로 정리하면 대략 가늠할 수 있습니다. 자가진단 후 상담을 권합니다. 상황 이해하기 개인회생 가능 여부는 채무·소득·재산·면책 이력을 표로 정리하면 대략 가",401,c5d17551609f5f4b
/situations/계약금-반환-분쟁,"계약금은 '계약 체결의 증거'이지만, 누가 먼저 계약을 깼는지·위약금 조항·손해 범위에 따라 반환·몰수·추가 배상이 갈립니다. 부산 해운대구·센텀, 재송동·반여동 일대에서도 전화·카카오톡·방문(예약) 상담이 가능합니다. 계약금은 '계약 체결의 증거'이지만, 누가 먼저 계약을 깼는지·위약금 조항·손해 범위에 따라 반환·몰수·추가 배상이 갈립니다. 부산 해운대구·센텀, 재송동·반여동 일대에서도 전화·카카오톡·방문(예약) 상담이 가능합니다. 계약금은 '계약 체결의 증거'이지만, 누가 먼저 계약을 깼는지·위약금 조항·손해 범위에 따라 반환·몰수·추가 배상이 갈립니다. 부산 해운대구·센텀, 재송동·반여동 일대에서도 전화·카카오톡·방문(예약) 상담이 가능합니다. 상황 이해하기 계약금 분쟁은 계약서·특약·해제·귀책 당사자를 먼저 정리하세요. 구두 합의보다 서면·이행 기록이 중요합니다. 이런 상황으로 검색·상담을 찾는 경우가 많습니다. 계약금만 받고 상대가 거래를 파기했다 내가 계약을 취소했는데 ",376,d2b090b2256b9ab7
/situations/공동명의-정리,"배우자·부모·형제와 공동명의인 부동산은 매매·담보·상속 때마다 모든 명의자 협의가 필요합니다. 지분 정리 방식(매매·증여·분할)에 따라 세금과 절차가 달라집니다. 부산 해운대구·센텀, 재송동·반여동 일대에서도 전화·카카오톡·방문(예약) 상담이 가능합니다. 배우자·부모·형제와 공동명의인 부동산은 매매·담보·상속 때마다 모든 명의자 협의가 필요합니다. 지분 정리 방식(매매·증여·분할)에 따라 세금과 절차가 달라집니다. 부산 해운대구·센텀, 재송동·반여동 일대에서도 전화·카카오톡·방문(예약) 상담이 가능합니다. 배우자·부모·형제와 공동명의인 부동산은 매매·담보·상속 때마다 모든 명의자 협의가 필요합니다. 지분 정리 방식(매매·증여·분할)에 따라 세금과 절차가 달라집니다. 부산 해운대구·센텀, 재송동·반여동 일대에서도 전화·카카오톡·방문(예약) 상담이 가능합니다. 공동명의 정리는 지분 비율·세금·대출·가족 관계를 함께 봐야 합니다. 협의 후 등기 방식을 정하세요. 상황 이해하기 공동명의 정",394,c6f7c30f4fa8634b
/situations/공사대금-못-받음,"공사·용역 대금은 계약·기성·검수·하자·정산 여부가 쟁점이 되기 쉽습니다. 청구 금액·이행 증거·발주자 재산을 함께 정리해야 합니다. 부산 해운대구·센텀, 재송동·반여동 일대에서도 전화·카카오톡·방문(예약) 상담이 가능합니다. 공사·용역 대금은 계약·기성·검수·하자·정산 여부가 쟁점이 되기 쉽습니다. 청구 금액·이행 증거·발주자 재산을 함께 정리해야 합니다. 부산 해운대구·센텀, 재송동·반여동 일대에서도 전화·카카오톡·방문(예약) 상담이 가능합니다. 공사·용역 대금은 계약·기성·검수·하자·정산 여부가 쟁점이 되기 쉽습니다. 청구 금액·이행 증거·발주자 재산을 함께 정리해야 합니다. 부산 해운대구·센텀, 재송동·반여동 일대에서도 전화·카카오톡·방문(예약) 상담이 가능합니다. 상황 이해하기 공사대금은 '얼마를·왜·언제' 청구하는지가 명확해야 합니다. 계약·기성·세금계산서·검수 기록을 먼저 모으세요. 이런 상황으로 검색·상담을 찾는 경우가 많습니다. 공사·용역은 끝났는데 대금을 안 준다 ",371,91b2dbec28e20bed
/situations/근저당-말소-지연,"매매·대환·상속 등기에서 근저당 말소가 늦어지면 전체 일정이 밀립니다. 말소채권액·채권자·대출 실행 순서를 계약과 대조해야 합니다. 부산 해운대구·센텀, 재송동·반여동 일대에서도 전화·카카오톡·방문(예약) 상담이 가능합니다. 매매·대환·상속 등기에서 근저당 말소가 늦어지면 전체 일정이 밀립니다. 말소채권액·채권자·대출 실행 순서를 계약과 대조해야 합니다. 부산 해운대구·센텀, 재송동·반여동 일대에서도 전화·카카오톡·방문(예약) 상담이 가능합니다. 매매·대환·상속 등기에서 근저당 말소가 늦어지면 전체 일정이 밀립니다. 말소채권액·채권자·대출 실행 순서를 계약과 대조해야 합니다. 부산 해운대구·센텀, 재송동·반여동 일대에서도 전화·카카오톡·방문(예약) 상담이 가능합니다. 근저당 말소는 등기의 전제 조건인 경우가 많습니다. 채권자·은행·매도인 일정을 서면으로 고정하세요. 상황 이해하기 근저당 말소는 등기의 전제 조건인 경우가 많습니다. 채권자·은행·매도인 일정을 서면으로 고정하세요. 이런",387,ffc48649152157bc
/situations/급여-압류-빚,"급여압류는 생계에 바로 영향을 줍니다. 압류 가능 범위·우선변제·생계비 공제 규정을 확인하고, 개인회생·워크아웃·분할 상환 등 경로를 검토해야 합니다. 부산 해운대구·센텀, 재송동·반여동 일대에서도 전화·카카오톡·방문(예약) 상담이 가능합니다. 급여압류는 생계에 바로 영향을 줍니다. 압류 가능 범위·우선변제·생계비 공제 규정을 확인하고, 개인회생·워크아웃·분할 상환 등 경로를 검토해야 합니다. 부산 해운대구·센텀, 재송동·반여동 일대에서도 전화·카카오톡·방문(예약) 상담이 가능합니다. 급여압류는 생계에 바로 영향을 줍니다. 압류 가능 범위·우선변제·생계비 공제 규정을 확인하고, 개인회생·워크아웃·분할 상환 등 경로를 검토해야 합니다. 부산 해운대구·센텀, 재송동·반여동 일대에서도 전화·카카오톡·방문(예약) 상담이 가능합니다. 급여압류는 방치하면 생활이 어려워집니다. 압류 통지·채권자·한도를 확인하고 회생·협상·이의 경로를 검토하세요. 상황 이해하기 급여압류는 방치하면 생활이 어려워집",402,b99d145dbc32c1d6
/situations/내용증명-받았을-때,"내용증명은 상대방이 '법적 기록'을 남기기 시작했다는 신호입니다. 무시하면 불리한 합의·소송으로 이어질 수 있어, 내용·기한·증거를 먼저 정리해야 합니다. 부산 해운대구·센텀, 재송동·반여동 일대에서도 전화·카카오톡·방문(예약) 상담이 가능합니다. 내용증명은 상대방이 '법적 기록'을 남기기 시작했다는 신호입니다. 무시하면 불리한 합의·소송으로 이어질 수 있어, 내용·기한·증거를 먼저 정리해야 합니다. 부산 해운대구·센텀, 재송동·반여동 일대에서도 전화·카카오톡·방문(예약) 상담이 가능합니다. 내용증명은 상대방이 '법적 기록'을 남기기 시작했다는 신호입니다. 무시하면 불리한 합의·소송으로 이어질 수 있어, 내용·기한·증거를 먼저 정리해야 합니다. 부산 해운대구·센텀, 재송동·반여동 일대에서도 전화·카카오톡·방문(예약) 상담이 가능합니다. 상황 이해하기 내용증명 수령 후에는 내용 사실 여부·요구 기한·증거를 정리하고, 답변·합의·대응 소송 중 경로를 선택하세요. 이런 상황으로 검색·상담",381,5234038026642262
/situations/대여금-못-받음,"돈을 빌려줬는데 갚지 않으면, 먼저 채권·증거·소멸시효·상대 주소를 정리해야 합니다. 관계를 유지할지, 법적으로 권리를 고정할지에 따라 경로가 달라집니다. 부산 해운대구·센텀, 재송동·반여동 일대에서도 전화·카카오톡·방문(예약) 상담이 가능합니다. 돈을 빌려줬는데 갚지 않으면, 먼저 채권·증거·소멸시효·상대 주소를 정리해야 합니다. 관계를 유지할지, 법적으로 권리를 고정할지에 따라 경로가 달라집니다. 부산 해운대구·센텀, 재송동·반여동 일대에서도 전화·카카오톡·방문(예약) 상담이 가능합니다. 돈을 빌려줬는데 갚지 않으면, 먼저 채권·증거·소멸시효·상대 주소를 정리해야 합니다. 관계를 유지할지, 법적으로 권리를 고정할지에 따라 경로가 달라집니다. 부산 해운대구·센텀, 재송동·반여동 일대에서도 전화·카카오톡·방문(예약) 상담이 가능합니다. 대여금은 증거·시효·송달 가능 주소가 핵심입니다. 내용증명·지급명령·소장 순서를 사건에 맞게 선택하세요. 상황 이해하기 대여금은 증거·시효·송달 가능",372,cb225892fe076772
/situations/대표자-사망-법인,"대표이사 사망은 법인 운영과 등기 모두에 영향을 줍니다. 임원 변경·주식 승계·인감·통장·계약 승계를 빠르게 정리해야 합니다. 부산 해운대구·센텀, 재송동·반여동 일대에서도 전화·카카오톡·방문(예약) 상담이 가능합니다. 대표이사 사망은 법인 운영과 등기 모두에 영향을 줍니다. 임원 변경·주식 승계·인감·통장·계약 승계를 빠르게 정리해야 합니다. 부산 해운대구·센텀, 재송동·반여동 일대에서도 전화·카카오톡·방문(예약) 상담이 가능합니다. 대표이사 사망은 법인 운영과 등기 모두에 영향을 줍니다. 임원 변경·주식 승계·인감·통장·계약 승계를 빠르게 정리해야 합니다. 부산 해운대구·센텀, 재송동·반여동 일대에서도 전화·카카오톡·방문(예약) 상담이 가능합니다. 상황 이해하기 대표 사망 후에는 임원변경등기와 주식·유증·상속 이슈를 분리해 보되, 동시에 일정을 맞추는 것이 좋습니다. 이런 상황으로 검색·상담을 찾는 경우가 많습니다. 대표이사(대표)가 사망했다 법인 통장·인감·계약이 막혔다 주식·",387,ac4f55fd9f8f5659
/situations/법인-설립-처음,"법인 설립은 정관 작성·발기·납입·설립등기·사업자등록 순으로 진행합니다. 업종·자본금·임원·본점 주소를 미리 정하면 일정이 수월합니다. 부산 해운대구·센텀, 재송동·반여동 일대에서도 전화·카카오톡·방문(예약) 상담이 가능합니다. 법인 설립은 정관 작성·발기·납입·설립등기·사업자등록 순으로 진행합니다. 업종·자본금·임원·본점 주소를 미리 정하면 일정이 수월합니다. 부산 해운대구·센텀, 재송동·반여동 일대에서도 전화·카카오톡·방문(예약) 상담이 가능합니다. 법인 설립은 정관 작성·발기·납입·설립등기·사업자등록 순으로 진행합니다. 업종·자본금·임원·본점 주소를 미리 정하면 일정이 수월합니다. 부산 해운대구·센텀, 재송동·반여동 일대에서도 전화·카카오톡·방문(예약) 상담이 가능합니다. 법인 설립은 등기 전 준비(정관·납입·임원)가 핵심입니다. 설립 후 통장·4대보험·세무 등록까지 일정을 잡으세요. 상황 이해하기 법인 설립은 등기 전 준비(정관·납입·임원)가 핵심입니다. 설립 후 통장·4대보",354,f5d298f0967cf657
/situations/보증채무-부담,"연대보증은 주채무자가 갚지 않으면 보증인에게 바로 독촉·압류가 올 수 있습니다. 보증 범위·주채무자 재산·회생·구상권을 함께 봐야 합니다. 부산 해운대구·센텀, 재송동·반여동 일대에서도 전화·카카오톡·방문(예약) 상담이 가능합니다. 연대보증은 주채무자가 갚지 않으면 보증인에게 바로 독촉·압류가 올 수 있습니다. 보증 범위·주채무자 재산·회생·구상권을 함께 봐야 합니다. 부산 해운대구·센텀, 재송동·반여동 일대에서도 전화·카카오톡·방문(예약) 상담이 가능합니다. 연대보증은 주채무자가 갚지 않으면 보증인에게 바로 독촉·압류가 올 수 있습니다. 보증 범위·주채무자 재산·회생·구상권을 함께 봐야 합니다. 부산 해운대구·센텀, 재송동·반여동 일대에서도 전화·카카오톡·방문(예약) 상담이 가능합니다. 보증채무는 주채무자 추심과 별개로 진행될 수 있습니다. 보증서·채권자·주채무자 상태를 먼저 확인하세요. 상황 이해하기 보증채무는 주채무자 추심과 별개로 진행될 수 있습니다. 보증서·채권자·주채무자 ",370,bd087986494194a8
/situations/본점-이전-등기,"본점 이전은 등기 사유입니다. 주소만 바꾸고 등기를 안 하면 등기부·사업자·계약·은행 주소가 어긋납니다. 관할 등기소 변경도 함께 확인하세요. 부산 해운대구·센텀, 재송동·반여동 일대에서도 전화·카카오톡·방문(예약) 상담이 가능합니다. 본점 이전은 등기 사유입니다. 주소만 바꾸고 등기를 안 하면 등기부·사업자·계약·은행 주소가 어긋납니다. 관할 등기소 변경도 함께 확인하세요. 부산 해운대구·센텀, 재송동·반여동 일대에서도 전화·카카오톡·방문(예약) 상담이 가능합니다. 본점 이전은 등기 사유입니다. 주소만 바꾸고 등기를 안 하면 등기부·사업자·계약·은행 주소가 어긋납니다. 관할 등기소 변경도 함께 확인하세요. 부산 해운대구·센텀, 재송동·반여동 일대에서도 전화·카카오톡·방문(예약) 상담이 가능합니다. 상황 이해하기 본점 이전은 이전등기 + 사업자·통장·계약 주소 갱신까지 한 세트로 봐야 합니다. 이런 상황으로 검색·상담을 찾는 경우가 많습니다. 사무실·본점을 다른 구·시로 옮겼다 등기",395,f62438a23181ae36
/situations/분류/가족-사망-상속,"부모님이나 배우자 사망 직후에는 장례와 함께 상속인·재산·채무를 확인해야 합니다. 기한과 선택을 놓치면 불이익이 커질 수 있어, 지금 상황에 맞는 순서부터 안내합니다. 부모님이나 배우자 사망 직후에는 장례와 함께 상속인·재산·채무를 확인해야 합니다. 기한과 선택을 놓치면 불이익이 커질 수 있어, 지금 상황에 맞는 순서부터 안내합니다. 부모님이나 배우자 사망 직후에는 장례와 함께 상속인·재산·채무를 확인해야 합니다. 기한과 선택을 놓치면 불이익이 커질 수 있어, 지금 상황에 맞는 순서부터 안내합니다. 가족 사망·상속 안내 목록 아래에서 지금 상황과 가장 가까운 항목을 선택하세요. 상담 시 확인하는 내용 가족 사망·상속 사건은 서류·관할·기한에 따라 진행 순서가 달라집니다. 다옴법무사사무소는 부산 해운대구·센텀에서 상속등기·부동산등기·법인등기·개인회생·파산 등을 다루며, 의뢰인 상황에 맞춰 절차와 비용을 알기 쉽게 설명합니다. 불확실한 부분은 추측으로 단정하지 않고, 확인된 사실을 바탕",178,0c0c6c21d59c0855
/situations/분류/개인채무-회생-파산,"채무는 금액만큼 구조(담보·보증·소득)가 중요합니다. 무조건 회생이나 파산이 정답은 아니며, 지금 압류·독촉 상황에 맞는 경로를 함께 정리할 수 있습니다. 채무는 금액만큼 구조(담보·보증·소득)가 중요합니다. 무조건 회생이나 파산이 정답은 아니며, 지금 압류·독촉 상황에 맞는 경로를 함께 정리할 수 있습니다. 채무는 금액만큼 구조(담보·보증·소득)가 중요합니다. 무조건 회생이나 파산이 정답은 아니며, 지금 압류·독촉 상황에 맞는 경로를 함께 정리할 수 있습니다. 개인채무·회생·파산 안내 목록 아래에서 지금 상황과 가장 가까운 항목을 선택하세요. 상담 시 확인하는 내용 개인채무·회생·파산 사건은 서류·관할·기한에 따라 진행 순서가 달라집니다. 다옴법무사사무소는 부산 해운대구·센텀에서 상속등기·부동산등기·법인등기·개인회생·파산 등을 다루며, 의뢰인 상황에 맞춰 절차와 비용을 알기 쉽게 설명합니다. 불확실한 부분은 추측으로 단정하지 않고, 확인된 사실을 바탕으로 안내드립니다. 전화·카카오",165,435b7104010d9af2
/situations/분류/계약-일상-분쟁,"계약 분쟁은 ‘누가 먼저 잘못했는지’보다, 계약서·대화 기록·이행 여부를 어떻게 정리하느냐가 결과에 큰 영향을 줍니다. 합의 전에 확인할 포인트를 모았습니다. 계약 분쟁은 ‘누가 먼저 잘못했는지’보다, 계약서·대화 기록·이행 여부를 어떻게 정리하느냐가 결과에 큰 영향을 줍니다. 합의 전에 확인할 포인트를 모았습니다. 계약 분쟁은 ‘누가 먼저 잘못했는지’보다, 계약서·대화 기록·이행 여부를 어떻게 정리하느냐가 결과에 큰 영향을 줍니다. 합의 전에 확인할 포인트를 모았습니다. 계약·일상 분쟁 안내 목록 아래에서 지금 상황과 가장 가까운 항목을 선택하세요. 상담 시 확인하는 내용 계약·일상 분쟁 사건은 서류·관할·기한에 따라 진행 순서가 달라집니다. 다옴법무사사무소는 부산 해운대구·센텀에서 상속등기·부동산등기·법인등기·개인회생·파산 등을 다루며, 의뢰인 상황에 맞춰 절차와 비용을 알기 쉽게 설명합니다. 불확실한 부분은 추측으로 단정하지 않고, 확인된 사실을 바탕으로 안내드립니다. 전화·카",172,0300148a19452da5
/situations/분류/돈을-받지-못한-경우,"돈을 못 받을 때는 증거·소멸시효·상대방 주소가 핵심입니다. 관계를 유지할지, 법적 절차로 권리를 고정할지에 따라 내용증명·지급명령·소송 순서가 달라집니다. 돈을 못 받을 때는 증거·소멸시효·상대방 주소가 핵심입니다. 관계를 유지할지, 법적 절차로 권리를 고정할지에 따라 내용증명·지급명령·소송 순서가 달라집니다. 돈을 못 받을 때는 증거·소멸시효·상대방 주소가 핵심입니다. 관계를 유지할지, 법적 절차로 권리를 고정할지에 따라 내용증명·지급명령·소송 순서가 달라집니다. 돈을 받지 못한 경우 안내 목록 아래에서 지금 상황과 가장 가까운 항목을 선택하세요. 상담 시 확인하는 내용 돈을 받지 못한 경우 사건은 서류·관할·기한에 따라 진행 순서가 달라집니다. 다옴법무사사무소는 부산 해운대구·센텀에서 상속등기·부동산등기·법인등기·개인회생·파산 등을 다루며, 의뢰인 상황에 맞춰 절차와 비용을 알기 쉽게 설명합니다. 불확실한 부분은 추측으로 단정하지 않고, 확인된 사실을 바탕으로 안내드립니다. 전",174,b85f3bb58de694ad
/situations/분류/법인-사업-운영,"법인은 실제 운영과 등기부가 어긋나면 은행·계약·입찰에서 막히기 쉽습니다. 임기 만료·대표자 변경·본점 이전은 각각 기한과 과태료 규정이 있어 빠른 확인이 필요합니다. 법인은 실제 운영과 등기부가 어긋나면 은행·계약·입찰에서 막히기 쉽습니다. 임기 만료·대표자 변경·본점 이전은 각각 기한과 과태료 규정이 있어 빠른 확인이 필요합니다. 법인은 실제 운영과 등기부가 어긋나면 은행·계약·입찰에서 막히기 쉽습니다. 임기 만료·대표자 변경·본점 이전은 각각 기한과 과태료 규정이 있어 빠른 확인이 필요합니다. 법인·사업 운영 안내 목록 아래에서 지금 상황과 가장 가까운 항목을 선택하세요. 상담 시 확인하는 내용 법인·사업 운영 사건은 서류·관할·기한에 따라 진행 순서가 달라집니다. 다옴법무사사무소는 부산 해운대구·센텀에서 상속등기·부동산등기·법인등기·개인회생·파산 등을 다루며, 의뢰인 상황에 맞춰 절차와 비용을 알기 쉽게 설명합니다. 불확실한 부분은 추측으로 단정하지 않고, 확인된 사실을 바탕",175,5739773f276630b8
/situations/분류/부동산-매매-증여-등기,"잔금을 치렀거나 명의를 바꿔야 하는데 등기가 막히면, 계약서·등기부등본·말소 순서를 먼저 대조해야 합니다. 셀프등기 실수도 되돌리기 어려울 수 있어 주의가 필요합니다. 잔금을 치렀거나 명의를 바꿔야 하는데 등기가 막히면, 계약서·등기부등본·말소 순서를 먼저 대조해야 합니다. 셀프등기 실수도 되돌리기 어려울 수 있어 주의가 필요합니다. 잔금을 치렀거나 명의를 바꿔야 하는데 등기가 막히면, 계약서·등기부등본·말소 순서를 먼저 대조해야 합니다. 셀프등기 실수도 되돌리기 어려울 수 있어 주의가 필요합니다. 부동산 매매·증여·등기 안내 목록 아래에서 지금 상황과 가장 가까운 항목을 선택하세요. 상담 시 확인하는 내용 부동산 매매·증여·등기 사건은 서류·관할·기한에 따라 진행 순서가 달라집니다. 다옴법무사사무소는 부산 해운대구·센텀에서 상속등기·부동산등기·법인등기·개인회생·파산 등을 다루며, 의뢰인 상황에 맞춰 절차와 비용을 알기 쉽게 설명합니다. 불확실한 부분은 추측으로 단정하지 않고, 확인",175,f68918193b3fb794
/situations/분류/전세-임대차-보증금,"계약이 끝났는데 보증금이 돌아오지 않으면, 말로만 기다리기보다 대항력·우선변제권·기한을 함께 봐야 합니다. 급한 경우가 많아 우선 확인할 순서를 정리했습니다. 계약이 끝났는데 보증금이 돌아오지 않으면, 말로만 기다리기보다 대항력·우선변제권·기한을 함께 봐야 합니다. 급한 경우가 많아 우선 확인할 순서를 정리했습니다. 계약이 끝났는데 보증금이 돌아오지 않으면, 말로만 기다리기보다 대항력·우선변제권·기한을 함께 봐야 합니다. 급한 경우가 많아 우선 확인할 순서를 정리했습니다. 전세·임대차·보증금 안내 목록 아래에서 지금 상황과 가장 가까운 항목을 선택하세요. 상담 시 확인하는 내용 전세·임대차·보증금 사건은 서류·관할·기한에 따라 진행 순서가 달라집니다. 다옴법무사사무소는 부산 해운대구·센텀에서 상속등기·부동산등기·법인등기·개인회생·파산 등을 다루며, 의뢰인 상황에 맞춰 절차와 비용을 알기 쉽게 설명합니다. 불확실한 부분은 추측으로 단정하지 않고, 확인된 사실을 바탕으로 안내드립니다. ",165,9364e45b35faef94
/situations/빚-감당-어려울-때,"채무는 금액만큼 '어떤 빚인지'가 중요합니다. 담보·보증·세금·가압류 여부에 따라 우선순위가 달라집니다. 부산 해운대구·센텀, 재송동·반여동 일대에서도 전화·카카오톡·방문(예약) 상담이 가능합니다. 채무는 금액만큼 '어떤 빚인지'가 중요합니다. 담보·보증·세금·가압류 여부에 따라 우선순위가 달라집니다. 부산 해운대구·센텀, 재송동·반여동 일대에서도 전화·카카오톡·방문(예약) 상담이 가능합니다. 채무는 금액만큼 '어떤 빚인지'가 중요합니다. 담보·보증·세금·가압류 여부에 따라 우선순위가 달라집니다. 부산 해운대구·센텀, 재송동·반여동 일대에서도 전화·카카오톡·방문(예약) 상담이 가능합니다. 상황 이해하기 채무 목록·압류·담보·소득을 표로 정리하면 다음 경로가 보입니다. 무작정 미루거나 새 빚은 피하세요. 이런 상황으로 검색·상담을 찾는 경우가 많습니다. 여러 곳 빚이 쌓여 이자만 내고 있다 최소 생활비도 빠듯하다 어떤 빚부터 갚아야 할지 모르겠다 독촉·압류·가족에게 들킬까 걱정된다 준",388,215c22f5110837d4
/situations/상속-후-첫-절차,"사망 직후에는 장례와 함께 행정·상속 절차가 한꺼번에 몰립니다. 등기보다 먼저 확인할 것은 상속인 범위, 재산·채무 개요, 그리고 상속포기·한정승인의 3개월 기한입니다. 부산 해운대구·센텀, 재송동·반여동 일대에서도 전화·카카오톡·방문(예약) 상담이 가능합니다. 사망 직후에는 장례와 함께 행정·상속 절차가 한꺼번에 몰립니다. 등기보다 먼저 확인할 것은 상속인 범위, 재산·채무 개요, 그리고 상속포기·한정승인의 3개월 기한입니다. 부산 해운대구·센텀, 재송동·반여동 일대에서도 전화·카카오톡·방문(예약) 상담이 가능합니다. 사망 직후에는 장례와 함께 행정·상속 절차가 한꺼번에 몰립니다. 등기보다 먼저 확인할 것은 상속인 범위, 재산·채무 개요, 그리고 상속포기·한정승인의 3개월 기한입니다. 부산 해운대구·센텀, 재송동·반여동 일대에서도 전화·카카오톡·방문(예약) 상담이 가능합니다. 상속 후 첫 절차는 ‘조회 → 승인·포기 방향 → 등기’ 순서입니다. 기한이 촉박하면 등기보다 승인·포기부",419,1290c3eafb9b961b
/situations/상속등기-지연-과태료,"상속등기는 부동산이 있는 상속에서 필수에 가깝습니다. 사망 후 일정 기간 내 신청하지 않으면 과태료가 붙을 수 있고, 매매·담보·증여 등에도 제한이 생깁니다. 부산 해운대구·센텀, 재송동·반여동 일대에서도 전화·카카오톡·방문(예약) 상담이 가능합니다. 상속등기는 부동산이 있는 상속에서 필수에 가깝습니다. 사망 후 일정 기간 내 신청하지 않으면 과태료가 붙을 수 있고, 매매·담보·증여 등에도 제한이 생깁니다. 부산 해운대구·센텀, 재송동·반여동 일대에서도 전화·카카오톡·방문(예약) 상담이 가능합니다. 상속등기는 부동산이 있는 상속에서 필수에 가깝습니다. 사망 후 일정 기간 내 신청하지 않으면 과태료가 붙을 수 있고, 매매·담보·증여 등에도 제한이 생깁니다. 부산 해운대구·센텀, 재송동·반여동 일대에서도 전화·카카오톡·방문(예약) 상담이 가능합니다. 상속등기는 미루면 과태료·거래 제한·세무 불이익이 커질 수 있습니다. 상속인 협의가 어려워도 기한과 과태료 리스크부터 확인하세요. 상황 이",470,006d316d2300f725
/situations/상속재산-조회,"사망 후 가장 먼저 해야 할 일 중 하나는 '무엇이 남았는지'를 파악하는 것입니다. 부동산은 등기부등본으로, 금융자산은 금융기관·금융감독원 조회로, 보험은 보험협회 조회로 확인할 수 있습니다. 부산 해운대구·센텀, 재송동·반여동 일대에서도 전화·카카오톡·방문(예약) 상담이 가능합니다. 사망 후 가장 먼저 해야 할 일 중 하나는 '무엇이 남았는지'를 파악하는 것입니다. 부동산은 등기부등본으로, 금융자산은 금융기관·금융감독원 조회로, 보험은 보험협회 조회로 확인할 수 있습니다. 부산 해운대구·센텀, 재송동·반여동 일대에서도 전화·카카오톡·방문(예약) 상담이 가능합니다. 사망 후 가장 먼저 해야 할 일 중 하나는 '무엇이 남았는지'를 파악하는 것입니다. 부동산은 등기부등본으로, 금융자산은 금융기관·금융감독원 조회로, 보험은 보험협회 조회로 확인할 수 있습니다. 부산 해운대구·센텀, 재송동·반여동 일대에서도 전화·카카오톡·방문(예약) 상담이 가능합니다. 상속재산 조회는 등기·금융·보험·채무",479,890c5b06b26ee5a2
/situations/상속포기-한정승인-선택,"사망일(상속개시일)부터 3개월 안에 상속포기·한정승인·단순승인 중 하나를 결정해야 합니다. 기한을 넘기면 단순승인으로 보일 수 있어, 채무가 의심되면 특히 주의가 필요합니다. 부산 해운대구·센텀, 재송동·반여동 일대에서도 전화·카카오톡·방문(예약) 상담이 가능합니다. 사망일(상속개시일)부터 3개월 안에 상속포기·한정승인·단순승인 중 하나를 결정해야 합니다. 기한을 넘기면 단순승인으로 보일 수 있어, 채무가 의심되면 특히 주의가 필요합니다. 부산 해운대구·센텀, 재송동·반여동 일대에서도 전화·카카오톡·방문(예약) 상담이 가능합니다. 사망일(상속개시일)부터 3개월 안에 상속포기·한정승인·단순승인 중 하나를 결정해야 합니다. 기한을 넘기면 단순승인으로 보일 수 있어, 채무가 의심되면 특히 주의가 필요합니다. 부산 해운대구·센텀, 재송동·반여동 일대에서도 전화·카카오톡·방문(예약) 상담이 가능합니다. 채무가 재산보다 많거나 불분명하면 한정승인·상속포기를, 재산이 분명하고 채무가 적으면 단순",466,4df4be8df023a018
/situations/셀프등기-실수,"등기소 온라인 등기는 저렴하지만, 한 번 잘못 들어가면 말소·재등기 비용과 시간이 더 듭니다. 접수 전 등기부·서식·말소사항을 꼼꼼히 확인해야 합니다. 부산 해운대구·센텀, 재송동·반여동 일대에서도 전화·카카오톡·방문(예약) 상담이 가능합니다. 등기소 온라인 등기는 저렴하지만, 한 번 잘못 들어가면 말소·재등기 비용과 시간이 더 듭니다. 접수 전 등기부·서식·말소사항을 꼼꼼히 확인해야 합니다. 부산 해운대구·센텀, 재송동·반여동 일대에서도 전화·카카오톡·방문(예약) 상담이 가능합니다. 등기소 온라인 등기는 저렴하지만, 한 번 잘못 들어가면 말소·재등기 비용과 시간이 더 듭니다. 접수 전 등기부·서식·말소사항을 꼼꼼히 확인해야 합니다. 부산 해운대구·센텀, 재송동·반여동 일대에서도 전화·카카오톡·방문(예약) 상담이 가능합니다. 셀프등기 실수는 접수 전 발견할수록 비용이 적습니다. 각하·완료 후에도 말소·재등기 경로가 있으니 등기부로 현재 상태부터 확인하세요. 상황 이해하기 셀프등기 실",399,dbc6911f1218cd6c
/situations/손해배상-청구,"손해배상은 '위법·위반 행위 → 손해 → 인과관계 → 손해액'을 입증해야 합니다. 감정·치료비·휴업·정신적 손해 등 항목별로 정리가 필요합니다. 부산 해운대구·센텀, 재송동·반여동 일대에서도 전화·카카오톡·방문(예약) 상담이 가능합니다. 손해배상은 '위법·위반 행위 → 손해 → 인과관계 → 손해액'을 입증해야 합니다. 감정·치료비·휴업·정신적 손해 등 항목별로 정리가 필요합니다. 부산 해운대구·센텀, 재송동·반여동 일대에서도 전화·카카오톡·방문(예약) 상담이 가능합니다. 손해배상은 '위법·위반 행위 → 손해 → 인과관계 → 손해액'을 입증해야 합니다. 감정·치료비·휴업·정신적 손해 등 항목별로 정리가 필요합니다. 부산 해운대구·센텀, 재송동·반여동 일대에서도 전화·카카오톡·방문(예약) 상담이 가능합니다. 상황 이해하기 손해배상은 감정보다 손해 항목·액수·증거가 중요합니다. 청구·방어 모두 사실관계표부터 만드세요. 이런 상황으로 검색·상담을 찾는 경우가 많습니다. 계약·거래·사고로 손",359,522633ed73aa2ab6
/situations/임원-임기-만료,"임원 임기 만료 후 등기를 하지 않으면 등기부와 실제가 어긋나고, 과태료·은행·거래처 실사에서 문제가 됩니다. 정관·결의 요건을 먼저 확인하세요. 부산 해운대구·센텀, 재송동·반여동 일대에서도 전화·카카오톡·방문(예약) 상담이 가능합니다. 임원 임기 만료 후 등기를 하지 않으면 등기부와 실제가 어긋나고, 과태료·은행·거래처 실사에서 문제가 됩니다. 정관·결의 요건을 먼저 확인하세요. 부산 해운대구·센텀, 재송동·반여동 일대에서도 전화·카카오톡·방문(예약) 상담이 가능합니다. 임원 임기 만료 후 등기를 하지 않으면 등기부와 실제가 어긋나고, 과태료·은행·거래처 실사에서 문제가 됩니다. 정관·결의 요건을 먼저 확인하세요. 부산 해운대구·센텀, 재송동·반여동 일대에서도 전화·카카오톡·방문(예약) 상담이 가능합니다. 임기 만료는 '그냥 지난 것'이 아니라 등기 사유입니다. 경과 기간·과태료·결의 하자를 함께 점검하세요. 상황 이해하기 임기 만료는 '그냥 지난 것'이 아니라 등기 사유입니다.",395,0ca6ab801b1ed4d7
/situations/임원변경-기한-임박,"임원 취임·변경·중임은 결의·취임일 기준으로 등기 기한이 있습니다. 기한을 넘기면 과태료 위험이 있어, 서류가 덜 갖춰져도 ‘기한·누락 항목’부터 확인하는 것이 우선입니다. 부산 센텀·해운대에서 전화·카카오톡·방문(예약) 상담이 가능합니다. 임원 취임·변경·중임은 결의·취임일 기준으로 등기 기한이 있습니다. 기한을 넘기면 과태료 위험이 있어, 서류가 덜 갖춰져도 ‘기한·누락 항목’부터 확인하는 것이 우선입니다. 부산 센텀·해운대에서 전화·카카오톡·방문(예약) 상담이 가능합니다. 임원 취임·변경·중임은 결의·취임일 기준으로 등기 기한이 있습니다. 기한을 넘기면 과태료 위험이 있어, 서류가 덜 갖춰져도 ‘기한·누락 항목’부터 확인하는 것이 우선입니다. 부산 센텀·해운대에서 전화·카카오톡·방문(예약) 상담이 가능합니다. 기한 임박 시에는 취임일·결의일·필요 서류를 당일 점검하고, 접수 가능한 범위부터 진행하세요. 상황 이해하기 기한 임박 시에는 취임일·결의일·필요 서류를 당일 점검하고, ",397,96aa0ad168ea4593
/situations/임차권등기명령-필요할-때,"임차권등기명령은 임대인에게 다른 채권자가 있을 때 임차인의 우선변제권을 지키기 위한 절차입니다. 대항력 요건과 신청 기한을 함께 봐야 합니다. 부산 해운대구·센텀, 재송동·반여동 일대에서도 전화·카카오톡·방문(예약) 상담이 가능합니다. 임차권등기명령은 임대인에게 다른 채권자가 있을 때 임차인의 우선변제권을 지키기 위한 절차입니다. 대항력 요건과 신청 기한을 함께 봐야 합니다. 부산 해운대구·센텀, 재송동·반여동 일대에서도 전화·카카오톡·방문(예약) 상담이 가능합니다. 임차권등기명령은 임대인에게 다른 채권자가 있을 때 임차인의 우선변제권을 지키기 위한 절차입니다. 대항력 요건과 신청 기한을 함께 봐야 합니다. 부산 해운대구·센텀, 재송동·반여동 일대에서도 전화·카카오톡·방문(예약) 상담이 가능합니다. 임대인에게 경쟁 채권자가 있거나 경매가 예상되면 임차권등기명령을 검토하세요. 대항력 요건과 기한 확인이 선행됩니다. 상황 이해하기 임대인에게 경쟁 채권자가 있거나 경매가 예상되면 임차권등",419,7b28392ca4fbb992
/situations/잔금-후-소유권이전-거부,"잔금까지 치렀는데 매도인이 인감·서류·등기 출석을 거부하면 법적으로 아직 내 집이 아닙니다. 계약서 특약과 등기부 상태를 먼저 확인하고, 이행청구·등기절차 이행 소송을 검토해야 합니다. 부산 해운대구·센텀, 재송동·반여동 일대에서도 전화·카카오톡·방문(예약) 상담이 가능합니다. 잔금까지 치렀는데 매도인이 인감·서류·등기 출석을 거부하면 법적으로 아직 내 집이 아닙니다. 계약서 특약과 등기부 상태를 먼저 확인하고, 이행청구·등기절차 이행 소송을 검토해야 합니다. 부산 해운대구·센텀, 재송동·반여동 일대에서도 전화·카카오톡·방문(예약) 상담이 가능합니다. 잔금까지 치렀는데 매도인이 인감·서류·등기 출석을 거부하면 법적으로 아직 내 집이 아닙니다. 계약서 특약과 등기부 상태를 먼저 확인하고, 이행청구·등기절차 이행 소송을 검토해야 합니다. 부산 해운대구·센텀, 재송동·반여동 일대에서도 전화·카카오톡·방문(예약) 상담이 가능합니다. 잔금 후 등기 거부는 계약 위반에 해당할 수 있습니다. 등",438,6d97b8ce111c8238
/situations/잔금일-소유권이전,잔금일과 소유권이전등기를 같은 날 맞추려면 말소·취득세·서류·접수 순서를 미리 잡아야 합니다. 등기부 근저당·가압류를 잔금 직전에야 확인하면 일정이 무너질 수 있습니다. 부산 해운대·센텀에서도 전화·카카오톡·방문(예약) 상담이 가능합니다. 잔금일과 소유권이전등기를 같은 날 맞추려면 말소·취득세·서류·접수 순서를 미리 잡아야 합니다. 등기부 근저당·가압류를 잔금 직전에야 확인하면 일정이 무너질 수 있습니다. 부산 해운대·센텀에서도 전화·카카오톡·방문(예약) 상담이 가능합니다. 잔금일과 소유권이전등기를 같은 날 맞추려면 말소·취득세·서류·접수 순서를 미리 잡아야 합니다. 등기부 근저당·가압류를 잔금 직전에야 확인하면 일정이 무너질 수 있습니다. 부산 해운대·센텀에서도 전화·카카오톡·방문(예약) 상담이 가능합니다. 잔금일 등기는 ‘등기부 점검 → 말소·세금 → 이전 접수’ 순서가 핵심입니다. 잔금 전 최소 수일 전에 서류를 맞춰 두세요. 상황 이해하기 잔금일 등기는 ‘등기부 점검 → 말소,411,47243c1815751b98
/situations/전세-경매-진행,"임대인 부동산이 경매에 넘어가면 임차인은 배당요구·우선변제권·대항력을 통해 보증금을 지킬 수 있습니다. 경매 일정과 배당 종기를 놓치면 안 됩니다. 부산 해운대구·센텀, 재송동·반여동 일대에서도 전화·카카오톡·방문(예약) 상담이 가능합니다. 임대인 부동산이 경매에 넘어가면 임차인은 배당요구·우선변제권·대항력을 통해 보증금을 지킬 수 있습니다. 경매 일정과 배당 종기를 놓치면 안 됩니다. 부산 해운대구·센텀, 재송동·반여동 일대에서도 전화·카카오톡·방문(예약) 상담이 가능합니다. 임대인 부동산이 경매에 넘어가면 임차인은 배당요구·우선변제권·대항력을 통해 보증금을 지킬 수 있습니다. 경매 일정과 배당 종기를 놓치면 안 됩니다. 부산 해운대구·센텀, 재송동·반여동 일대에서도 전화·카카오톡·방문(예약) 상담이 가능합니다. 경매가 진행 중이면 배당요구 종기·우선변제권·전세보증보험을 즉시 확인하세요. 기한을 놓치면 회수가 어려워질 수 있습니다. 상황 이해하기 경매가 진행 중이면 배당요구 종기·",417,0d0ea3170cbe1816
/situations/전입신고-확정일자-없음,"전입신고와 확정일자는 임차인 권리의 기본입니다. 둘 다 없거나 늦으면 경매·임대인 파산 시 보증금 회수가 어려워질 수 있습니다. 부산 해운대구·센텀, 재송동·반여동 일대에서도 전화·카카오톡·방문(예약) 상담이 가능합니다. 전입신고와 확정일자는 임차인 권리의 기본입니다. 둘 다 없거나 늦으면 경매·임대인 파산 시 보증금 회수가 어려워질 수 있습니다. 부산 해운대구·센텀, 재송동·반여동 일대에서도 전화·카카오톡·방문(예약) 상담이 가능합니다. 전입신고와 확정일자는 임차인 권리의 기본입니다. 둘 다 없거나 늦으면 경매·임대인 파산 시 보증금 회수가 어려워질 수 있습니다. 부산 해운대구·센텀, 재송동·반여동 일대에서도 전화·카카오톡·방문(예약) 상담이 가능합니다. 전입신고·확정일자는 전세 보호의 출발점입니다. 아직 계약 중이라면 즉시 보완하고, 분쟁 중이라면 남은 권리부터 확인하세요. 상황 이해하기 전입신고·확정일자는 전세 보호의 출발점입니다. 아직 계약 중이라면 즉시 보완하고, 분쟁 중이",407,3da84fd125182fe0
/situations/중고거래-분쟁,"중고거래는 당사자·물품·대금·배송·하자·사기 여부가 쟁점입니다. 플랫폼 신고·내용증명·형사·민사 경로를 사건에 맞게 선택해야 합니다. 부산 해운대구·센텀, 재송동·반여동 일대에서도 전화·카카오톡·방문(예약) 상담이 가능합니다. 중고거래는 당사자·물품·대금·배송·하자·사기 여부가 쟁점입니다. 플랫폼 신고·내용증명·형사·민사 경로를 사건에 맞게 선택해야 합니다. 부산 해운대구·센텀, 재송동·반여동 일대에서도 전화·카카오톡·방문(예약) 상담이 가능합니다. 중고거래는 당사자·물품·대금·배송·하자·사기 여부가 쟁점입니다. 플랫폼 신고·내용증명·형사·민사 경로를 사건에 맞게 선택해야 합니다. 부산 해운대구·센텀, 재송동·반여동 일대에서도 전화·카카오톡·방문(예약) 상담이 가능합니다. 상황 이해하기 중고거래 분쟁은 대화·이체·배송·물품 상태 기록이 핵심입니다. 빠르게 증거를 고정하고 경로를 선택하세요. 이런 상황으로 검색·상담을 찾는 경우가 많습니다. 돈만 받고 물건을 안 보냈다 물건이 설명과 ",349,7cd646498dc39815
/situations/집주인-연락-두절,"계약 만료 후 집주인 연락이 끊기면 보증금 반환만 기다리기 어렵습니다. 등기부등본으로 소유·채무 상태를 확인하고, 내용증명·임차권등기명령 등 권리 확보를 검토해야 합니다. 부산 해운대구·센텀, 재송동·반여동 일대에서도 전화·카카오톡·방문(예약) 상담이 가능합니다. 계약 만료 후 집주인 연락이 끊기면 보증금 반환만 기다리기 어렵습니다. 등기부등본으로 소유·채무 상태를 확인하고, 내용증명·임차권등기명령 등 권리 확보를 검토해야 합니다. 부산 해운대구·센텀, 재송동·반여동 일대에서도 전화·카카오톡·방문(예약) 상담이 가능합니다. 계약 만료 후 집주인 연락이 끊기면 보증금 반환만 기다리기 어렵습니다. 등기부등본으로 소유·채무 상태를 확인하고, 내용증명·임차권등기명령 등 권리 확보를 검토해야 합니다. 부산 해운대구·센텀, 재송동·반여동 일대에서도 전화·카카오톡·방문(예약) 상담이 가능합니다. 연락두절은 보증금 미반환의 전조일 수 있습니다. 등기부 확인과 권리 확보 절차를 서두르세요. 상황 이",432,3e38458eb699c645
/situations/채무자-재산-모름,"판결·지급명령이 있어도 재산이 없으면 회수가 어렵습니다. 부동산·예금·급여·채권 등 집행 가능 재산을 조회·압류하는 절차가 필요합니다. 부산 해운대구·센텀, 재송동·반여동 일대에서도 전화·카카오톡·방문(예약) 상담이 가능합니다. 판결·지급명령이 있어도 재산이 없으면 회수가 어렵습니다. 부동산·예금·급여·채권 등 집행 가능 재산을 조회·압류하는 절차가 필요합니다. 부산 해운대구·센텀, 재송동·반여동 일대에서도 전화·카카오톡·방문(예약) 상담이 가능합니다. 판결·지급명령이 있어도 재산이 없으면 회수가 어렵습니다. 부동산·예금·급여·채권 등 집행 가능 재산을 조회·압류하는 절차가 필요합니다. 부산 해운대구·센텀, 재송동·반여동 일대에서도 전화·카카오톡·방문(예약) 상담이 가능합니다. 상황 이해하기 채권 확정 후에는 재산조회·압류 대상 선정이 관건입니다. 부동산·금융·급여부터 확인하세요. 이런 상황으로 검색·상담을 찾는 경우가 많습니다. 판결·지급명령은 있는데 돈이 안 들어온다 상대가 무재",379,3f4e2ff2d7e67c2a
/situations/판결-후-강제집행,"승소 판결이 나도 집행하지 않으면 돈이 들어오지 않습니다. 집행권원 확정·재산조회·압류·배당 순서와 기한을 확인해야 합니다. 부산 해운대구·센텀, 재송동·반여동 일대에서도 전화·카카오톡·방문(예약) 상담이 가능합니다. 승소 판결이 나도 집행하지 않으면 돈이 들어오지 않습니다. 집행권원 확정·재산조회·압류·배당 순서와 기한을 확인해야 합니다. 부산 해운대구·센텀, 재송동·반여동 일대에서도 전화·카카오톡·방문(예약) 상담이 가능합니다. 승소 판결이 나도 집행하지 않으면 돈이 들어오지 않습니다. 집행권원 확정·재산조회·압류·배당 순서와 기한을 확인해야 합니다. 부산 해운대구·센텀, 재송동·반여동 일대에서도 전화·카카오톡·방문(예약) 상담이 가능합니다. 상황 이해하기 판결 확정 후에는 집행 신청·재산조회를 서두르세요. 채무자 재산 변동·시효·배당 경쟁을 함께 봐야 합니다. 이런 상황으로 검색·상담을 찾는 경우가 많습니다. 승소 판결이 나왔는데 아직 돈을 못 받았다 집행을 어떻게 신청하는지 ",381,a1cdb0b846604e06
/situations/해외-거주-상속인,"상속인이 해외에 있으면 인감·서명·위임 절차가 달라집니다. 공증·영사 확인·아포스티유 등 국가별 요건을 맞춰야 등기가 진행됩니다. 부산 해운대구·센텀, 재송동·반여동 일대에서도 전화·카카오톡·방문(예약) 상담이 가능합니다. 상속인이 해외에 있으면 인감·서명·위임 절차가 달라집니다. 공증·영사 확인·아포스티유 등 국가별 요건을 맞춰야 등기가 진행됩니다. 부산 해운대구·센텀, 재송동·반여동 일대에서도 전화·카카오톡·방문(예약) 상담이 가능합니다. 상속인이 해외에 있으면 인감·서명·위임 절차가 달라집니다. 공증·영사 확인·아포스티유 등 국가별 요건을 맞춰야 등기가 진행됩니다. 부산 해운대구·센텀, 재송동·반여동 일대에서도 전화·카카오톡·방문(예약) 상담이 가능합니다. 해외 상속인은 위임·공증 요건과 기한(3개월·과태료)을 동시에 봐야 합니다. 입국 없이 진행 가능한 범위를 먼저 확인하세요. 상황 이해하기 해외 상속인은 위임·공증 요건과 기한(3개월·과태료)을 동시에 봐야 합니다. 입국 없",442,91a8ec88fd4b332c
/situations/회생-파산-선택-고민,"빚이 감당되지 않을 때 회생과 파산 중 무엇을 볼지부터 막히는 경우가 많습니다. 소득이 있으면 회생, 없으면 파산처럼 단순하지 않고, 재산·부양가족·담보·최근 거래도 함께 봅니다. 부산에서도 전화·카카오톡·방문(예약)으로 1차 방향을 상담할 수 있습니다. 빚이 감당되지 않을 때 회생과 파산 중 무엇을 볼지부터 막히는 경우가 많습니다. 소득이 있으면 회생, 없으면 파산처럼 단순하지 않고, 재산·부양가족·담보·최근 거래도 함께 봅니다. 부산에서도 전화·카카오톡·방문(예약)으로 1차 방향을 상담할 수 있습니다. 빚이 감당되지 않을 때 회생과 파산 중 무엇을 볼지부터 막히는 경우가 많습니다. 소득이 있으면 회생, 없으면 파산처럼 단순하지 않고, 재산·부양가족·담보·최근 거래도 함께 봅니다. 부산에서도 전화·카카오톡·방문(예약)으로 1차 방향을 상담할 수 있습니다. 회생·파산은 소득·재산·변제 여력을 기준으로 비교합니다. 인터넷 평균 사례만으로 정하지 말고, 본인 숫자로 상담하세요. 상황 이",401,5e73a3f8d9eb72ad
/situations/corporate-officer-address-change,"임원 임기 만료·사임·주소 변경·본점 이전은 각각 등기 사유입니다. 신고를 미루면 과태료가 붙고, 은행·거래처 실사에서 문제가 될 수 있습니다. 부산 해운대구·센텀, 재송동·반여동 일대에서도 전화·카카오톡·방문(예약) 상담이 가능합니다. 임원 임기 만료·사임·주소 변경·본점 이전은 각각 등기 사유입니다. 신고를 미루면 과태료가 붙고, 은행·거래처 실사에서 문제가 될 수 있습니다. 부산 해운대구·센텀, 재송동·반여동 일대에서도 전화·카카오톡·방문(예약) 상담이 가능합니다. 임원 임기 만료·사임·주소 변경·본점 이전은 각각 등기 사유입니다. 신고를 미루면 과태료가 붙고, 은행·거래처 실사에서 문제가 될 수 있습니다. 부산 해운대구·센텀, 재송동·반여동 일대에서도 전화·카카오톡·방문(예약) 상담이 가능합니다. 법인 임원·주소·본점 변경 상황에서는 등기부등본·정관으로 현재 임원·임기·본점 확인부터 확인하는 것이 우선입니다. 상황 이해하기 법인 임원·주소·본점 변경 상황에서는 등기부등본·정관",394,9c1205d8d23bae79
/situations/inheritance-unknown-debt,"단순 승인으로 상속하면 채무도 함께 떠안을 수 있습니다. 사망 후 3개월 안에 한정승인·상속포기 여부를 결정해야 하므로, 채무 조사가 우선입니다. 부산 해운대구·센텀, 재송동·반여동 일대에서도 전화·카카오톡·방문(예약) 상담이 가능합니다. 단순 승인으로 상속하면 채무도 함께 떠안을 수 있습니다. 사망 후 3개월 안에 한정승인·상속포기 여부를 결정해야 하므로, 채무 조사가 우선입니다. 부산 해운대구·센텀, 재송동·반여동 일대에서도 전화·카카오톡·방문(예약) 상담이 가능합니다. 단순 승인으로 상속하면 채무도 함께 떠안을 수 있습니다. 사망 후 3개월 안에 한정승인·상속포기 여부를 결정해야 하므로, 채무 조사가 우선입니다. 부산 해운대구·센텀, 재송동·반여동 일대에서도 전화·카카오톡·방문(예약) 상담이 가능합니다. 빚이 있는지 모르는 상속 문제 상황에서는 사망일(상속개시일)부터 3개월 기한 확인 — 한정승인·포기부터 확인하는 것이 우선입니다. 상황 이해하기 빚이 있는지 모르는 상속 문제 ",414,6f4972ed2b5aa657
/situations/jeonse-deposit-unpaid,"계약 만료 후에도 보증금이 돌아오지 않으면, 임대인 재산·우선변제권·기한을 동시에 봐야 합니다. 말로만 독촉하기보다 서류로 권리를 고정하는 것이 중요합니다. 부산 해운대구·센텀, 재송동·반여동 일대에서도 전화·카카오톡·방문(예약) 상담이 가능합니다. 계약 만료 후에도 보증금이 돌아오지 않으면, 임대인 재산·우선변제권·기한을 동시에 봐야 합니다. 말로만 독촉하기보다 서류로 권리를 고정하는 것이 중요합니다. 부산 해운대구·센텀, 재송동·반여동 일대에서도 전화·카카오톡·방문(예약) 상담이 가능합니다. 계약 만료 후에도 보증금이 돌아오지 않으면, 임대인 재산·우선변제권·기한을 동시에 봐야 합니다. 말로만 독촉하기보다 서류로 권리를 고정하는 것이 중요합니다. 부산 해운대구·센텀, 재송동·반여동 일대에서도 전화·카카오톡·방문(예약) 상담이 가능합니다. 전세보증금을 못 받았을 때 상황에서는 전세계약서·확정일자·주택 임대차 신고 여부 확인부터 확인하는 것이 우선입니다. 상황 이해하기 전세보증금을 ",395,b848656fc03a645f
/situations/parent-passed-away,"사망 사실을 접하면 장례와 행정 처리가 먼저입니다. 그다음 상속인이 누구인지, 부동산이 있는지, 등기를 언제까지 해야 하는지를 확인해야 합니다. 부산 해운대구·센텀, 재송동·반여동 일대에서도 전화·카카오톡·방문(예약) 상담이 가능합니다. 사망 사실을 접하면 장례와 행정 처리가 먼저입니다. 그다음 상속인이 누구인지, 부동산이 있는지, 등기를 언제까지 해야 하는지를 확인해야 합니다. 부산 해운대구·센텀, 재송동·반여동 일대에서도 전화·카카오톡·방문(예약) 상담이 가능합니다. 사망 사실을 접하면 장례와 행정 처리가 먼저입니다. 그다음 상속인이 누구인지, 부동산이 있는지, 등기를 언제까지 해야 하는지를 확인해야 합니다. 부산 해운대구·센텀, 재송동·반여동 일대에서도 전화·카카오톡·방문(예약) 상담이 가능합니다. 부모님이 돌아가셨을 때 상황에서는 가족관계증명서(상세)·기본증명서로 상속인 범위 확인부터 확인하는 것이 우선입니다. 상황 이해하기 부모님이 돌아가셨을 때 상황에서는 가족관계증명서(상",416,68f9d5c6f3435ff1
/situations/payment-order-certified-mail,"독촉만으로는 권리가 고정되지 않습니다. 채권 금액·증거·상대방 주소·소멸시효에 따라 내용증명, 지급명령, 소장 중 경로가 달라집니다. 부산 해운대구·센텀, 재송동·반여동 일대에서도 전화·카카오톡·방문(예약) 상담이 가능합니다. 독촉만으로는 권리가 고정되지 않습니다. 채권 금액·증거·상대방 주소·소멸시효에 따라 내용증명, 지급명령, 소장 중 경로가 달라집니다. 부산 해운대구·센텀, 재송동·반여동 일대에서도 전화·카카오톡·방문(예약) 상담이 가능합니다. 독촉만으로는 권리가 고정되지 않습니다. 채권 금액·증거·상대방 주소·소멸시효에 따라 내용증명, 지급명령, 소장 중 경로가 달라집니다. 부산 해운대구·센텀, 재송동·반여동 일대에서도 전화·카카오톡·방문(예약) 상담이 가능합니다. 지급명령·내용증명·소장 상황에서는 채권 발생 원인·금액·변제 약정·이행 기록 정리부터 확인하는 것이 우선입니다. 상황 이해하기 지급명령·내용증명·소장 상황에서는 채권 발생 원인·금액·변제 약정·이행 기록 정리부터 ",369,11533d600f1bfc29
/situations/personal-rehabilitation-bankruptcy,"채무가 소득을 압도하면 일상이 멈춥니다. 개인회생은 상환 계획으로 정리하고, 파산은 전면 면책을 검토하는 절차입니다. 어느 쪽이 맞는지는 소득·재산·채무 구조에 따라 달라집니다. 부산 해운대구·센텀, 재송동·반여동 일대에서도 전화·카카오톡·방문(예약) 상담이 가능합니다. 채무가 소득을 압도하면 일상이 멈춥니다. 개인회생은 상환 계획으로 정리하고, 파산은 전면 면책을 검토하는 절차입니다. 어느 쪽이 맞는지는 소득·재산·채무 구조에 따라 달라집니다. 부산 해운대구·센텀, 재송동·반여동 일대에서도 전화·카카오톡·방문(예약) 상담이 가능합니다. 채무가 소득을 압도하면 일상이 멈춥니다. 개인회생은 상환 계획으로 정리하고, 파산은 전면 면책을 검토하는 절차입니다. 어느 쪽이 맞는지는 소득·재산·채무 구조에 따라 달라집니다. 부산 해운대구·센텀, 재송동·반여동 일대에서도 전화·카카오톡·방문(예약) 상담이 가능합니다. 개인회생·파산 고민 상황에서는 총 채무액·채권자 수·담보 여부 목록 작성부터 확",409,a4c2df6452ab5baa
/situations/real-estate-sale-registration,"잔금을 치렀는데 등기가 안 되면 내 집이 아닙니다. 매도인·중개인·대출·근저당 말소 등 변수가 많아, 계약서와 등기부등본을 먼저 대조해야 합니다. 부산 해운대구·센텀, 재송동·반여동 일대에서도 전화·카카오톡·방문(예약) 상담이 가능합니다. 잔금을 치렀는데 등기가 안 되면 내 집이 아닙니다. 매도인·중개인·대출·근저당 말소 등 변수가 많아, 계약서와 등기부등본을 먼저 대조해야 합니다. 부산 해운대구·센텀, 재송동·반여동 일대에서도 전화·카카오톡·방문(예약) 상담이 가능합니다. 잔금을 치렀는데 등기가 안 되면 내 집이 아닙니다. 매도인·중개인·대출·근저당 말소 등 변수가 많아, 계약서와 등기부등본을 먼저 대조해야 합니다. 부산 해운대구·센텀, 재송동·반여동 일대에서도 전화·카카오톡·방문(예약) 상담이 가능합니다. 부동산 매매 후 등기 문제 상황에서는 최신 등기부등본으로 소유자·근저당·가압류·가처분 확인부터 확인하는 것이 우선입니다. 상황 이해하기 부동산 매매 후 등기 문제 상황에서는 최",409,83b7a534245ec1fb
/situations/siblings-not-cooperating,"상속인이 여럿이면 서명·인감·협의가 모두 필요합니다. 한 명이라도 연락이 두절되거나 거부하면 등기가 멈춥니다. 먼저 협의 가능 범위를 확인하고, 필요 시 법적 절차를 검토해야 합니다. 부산 해운대구·센텀, 재송동·반여동 일대에서도 전화·카카오톡·방문(예약) 상담이 가능합니다. 상속인이 여럿이면 서명·인감·협의가 모두 필요합니다. 한 명이라도 연락이 두절되거나 거부하면 등기가 멈춥니다. 먼저 협의 가능 범위를 확인하고, 필요 시 법적 절차를 검토해야 합니다. 부산 해운대구·센텀, 재송동·반여동 일대에서도 전화·카카오톡·방문(예약) 상담이 가능합니다. 상속인이 여럿이면 서명·인감·협의가 모두 필요합니다. 한 명이라도 연락이 두절되거나 거부하면 등기가 멈춥니다. 먼저 협의 가능 범위를 확인하고, 필요 시 법적 절차를 검토해야 합니다. 부산 해운대구·센텀, 재송동·반여동 일대에서도 전화·카카오톡·방문(예약) 상담이 가능합니다. 형제자매가 상속 협조를 안 할 때 상황에서는 상속인 전원 명단·",425,7a0a6fba77ce67e2
/tools,"상속등기 기한, 상속포기 3개월, 한정승인 기간, 법인등기 과태료, 임원변경등기 기한, 본점이전등기 기간 등을 빠르게 점검할 수 있는 검토용 도구입니다. 부산·해운대·센텀 다옴법무사사무소가 제공하며, 결과는 참고용이며 실제 사안은 서류 확인 후 달라질 수 있습니다. 상속등기 기한, 상속포기 3개월, 한정승인 기간, 법인등기 과태료, 임원변경등기 기한, 본점이전등기 기간 등을 빠르게 점검할 수 있는 검토용 도구입니다. 부산·해운대·센텀 다옴법무사사무소가 제공하며, 결과는 참고용이며 실제 사안은 서류 확인 후 달라질 수 있습니다. 상속등기 기한, 상속포기 3개월, 한정승인 기간, 법인등기 과태료, 임원변경등기 기한, 본점이전등기 기간 등을 빠르게 점검할 수 있는 검토용 도구입니다. 부산·해운대·센텀 다옴법무사사무소가 제공하며, 결과는 참고용이며 실제 사안은 서류 확인 후 달라질 수 있습니다. 계산기 목록 필요한 도구를 선택해 대략적인 기한·비용·서류를 검토해 보세요. 상담 시 확인하는 ",205,9860870fa21914ac
/tools/director-change-penalty-deadline,임원 취임·사임·임기만료일을 입력하면 등기 신청 참고 기한(2주)과 과태료 검토 시점을 안내합니다. 법인등기 과태료는 지연 기간에 따라 달라질 수 있습니다. 임원 취임·사임·임기만료일을 입력하면 등기 신청 참고 기한(2주)과 과태료 검토 시점을 안내합니다. 법인등기 과태료는 지연 기간에 따라 달라질 수 있습니다. 임원 취임·사임·임기만료일을 입력하면 등기 신청 참고 기한(2주)과 과태료 검토 시점을 안내합니다. 법인등기 과태료는 지연 기간에 따라 달라질 수 있습니다. 계산기 안내 임원 취임·사임·임기만료일을 입력하면 등기 신청 참고 기한(2주)과 과태료 검토 시점을 안내합니다. 법인등기 과태료는 지연 기간에 따라 달라질 수 있습니다. 관련 자가진단 질문에 답하며 위험도와 다음 절차를 확인할 수 있습니다. 관련 업무안내 절차·서류·비용을 항목별로 정리한 업무 페이지입니다. 상담 시 확인하는 내용 임원변경등기 과태료 위험일 사건은 서류·관할·기한에 따라 진행 순서가 달라집니다. 다옴법무,197,2ace575e89194274
/tools/head-office-move-deadline,"본점 이전일을 입력하면 등기 신청 참고 기한을 계산합니다. 본점이전등기 기간·관할 등기소 변경 여부는 주소에 따라 달라질 수 있습니다. 본점 이전일을 입력하면 등기 신청 참고 기한을 계산합니다. 본점이전등기 기간·관할 등기소 변경 여부는 주소에 따라 달라질 수 있습니다. 본점 이전일을 입력하면 등기 신청 참고 기한을 계산합니다. 본점이전등기 기간·관할 등기소 변경 여부는 주소에 따라 달라질 수 있습니다. 계산기 안내 본점 이전일을 입력하면 등기 신청 참고 기한을 계산합니다. 본점이전등기 기간·관할 등기소 변경 여부는 주소에 따라 달라질 수 있습니다. 관련 자가진단 질문에 답하며 위험도와 다음 절차를 확인할 수 있습니다. 관련 업무안내 절차·서류·비용을 항목별로 정리한 업무 페이지입니다. 상담 시 확인하는 내용 본점이전등기 기한 사건은 서류·관할·기한에 따라 진행 순서가 달라집니다. 다옴법무사사무소는 부산 해운대구·센텀에서 상속등기·부동산등기·법인등기·개인회생·파산 등을 다루며, 의뢰",195,22afab933c3adab3
/tools/inheritance-registration-deadline,사망일(상속개시일)을 입력하면 상속포기·한정승인 3개월 기한과 등기 검토 시점을 참고용으로 안내합니다. 상속등기 기한·과태료는 사안별로 달라 추가 확인이 필요합니다. 사망일(상속개시일)을 입력하면 상속포기·한정승인 3개월 기한과 등기 검토 시점을 참고용으로 안내합니다. 상속등기 기한·과태료는 사안별로 달라 추가 확인이 필요합니다. 사망일(상속개시일)을 입력하면 상속포기·한정승인 3개월 기한과 등기 검토 시점을 참고용으로 안내합니다. 상속등기 기한·과태료는 사안별로 달라 추가 확인이 필요합니다. 계산기 안내 사망일(상속개시일)을 입력하면 상속포기·한정승인 3개월 기한과 등기 검토 시점을 참고용으로 안내합니다. 상속등기 기한·과태료는 사안별로 달라 추가 확인이 필요합니다. 관련 자가진단 질문에 답하며 위험도와 다음 절차를 확인할 수 있습니다. 관련 업무안내 절차·서류·비용을 항목별로 정리한 업무 페이지입니다. 상담 시 확인하는 내용 상속등기 기한 계산기 사건은 서류·관할·기한에 따라 진,195,930aa0658e775ec3
/tools/inheritance-renunciation-deadline,"상속개시일(사망일)부터 3개월 기한을 참고용으로 계산합니다. 한정승인 기간·상속포기 기한은 사실관계 확인이 필요합니다. 상속개시일(사망일)부터 3개월 기한을 참고용으로 계산합니다. 한정승인 기간·상속포기 기한은 사실관계 확인이 필요합니다. 상속개시일(사망일)부터 3개월 기한을 참고용으로 계산합니다. 한정승인 기간·상속포기 기한은 사실관계 확인이 필요합니다. 계산기 안내 상속개시일(사망일)부터 3개월 기한을 참고용으로 계산합니다. 한정승인 기간·상속포기 기한은 사실관계 확인이 필요합니다. 관련 자가진단 질문에 답하며 위험도와 다음 절차를 확인할 수 있습니다. 관련 업무안내 절차·서류·비용을 항목별로 정리한 업무 페이지입니다. 상담 시 확인하는 내용 상속포기·한정승인 3개월 기한 사건은 서류·관할·기한에 따라 진행 순서가 달라집니다. 다옴법무사사무소는 부산 해운대구·센텀에서 상속등기·부동산등기·법인등기·개인회생·파산 등을 다루며, 의뢰인 상황에 맞춰 절차와 비용을 알기 쉽게 설명합니다.",167,a6d9e8b141c1de7d
/tools/jeonse-deposit-timeline,전세 계약 만료일을 입력하면 독촴·협의·권리 확보 검토 일정을 참고용으로 안내합니다. 임차권등기명령·배당요구 기한은 별도 확인이 필요합니다. 전세 계약 만료일을 입력하면 독촴·협의·권리 확보 검토 일정을 참고용으로 안내합니다. 임차권등기명령·배당요구 기한은 별도 확인이 필요합니다. 전세 계약 만료일을 입력하면 독촴·협의·권리 확보 검토 일정을 참고용으로 안내합니다. 임차권등기명령·배당요구 기한은 별도 확인이 필요합니다. 계산기 안내 전세 계약 만료일을 입력하면 독촴·협의·권리 확보 검토 일정을 참고용으로 안내합니다. 임차권등기명령·배당요구 기한은 별도 확인이 필요합니다. 관련 자가진단 질문에 답하며 위험도와 다음 절차를 확인할 수 있습니다. 관련 업무안내 절차·서류·비용을 항목별로 정리한 업무 페이지입니다. 상담 시 확인하는 내용 전세보증금 반환 대응 일정 사건은 서류·관할·기한에 따라 진행 순서가 달라집니다. 다옴법무사사무소는 부산 해운대구·센텀에서 상속등기·부동산등기·법인등기·개,184,669ac99d25a54d62
/tools/payment-order-fee-check,청구 금액을 입력하면 인지대·송달료 등을 합친 대략적인 비용 구간을 참고용으로 안내합니다. 실제 금액은 관할·송달 횟수에 따라 달라집니다. 청구 금액을 입력하면 인지대·송달료 등을 합친 대략적인 비용 구간을 참고용으로 안내합니다. 실제 금액은 관할·송달 횟수에 따라 달라집니다. 청구 금액을 입력하면 인지대·송달료 등을 합친 대략적인 비용 구간을 참고용으로 안내합니다. 실제 금액은 관할·송달 횟수에 따라 달라집니다. 계산기 안내 청구 금액을 입력하면 인지대·송달료 등을 합친 대략적인 비용 구간을 참고용으로 안내합니다. 실제 금액은 관할·송달 횟수에 따라 달라집니다. 관련 자가진단 질문에 답하며 위험도와 다음 절차를 확인할 수 있습니다. 관련 업무안내 절차·서류·비용을 항목별로 정리한 업무 페이지입니다. 상담 시 확인하는 내용 지급명령 준비금액 체크 사건은 서류·관할·기한에 따라 진행 순서가 달라집니다. 다옴법무사사무소는 부산 해운대구·센텀에서 상속등기·부동산등기·법인등기·개인회생·파산,189,eb8fd0793e814778
/tools/real-estate-documents-check,등기 유형(매매·증여·상속 등)과 근저당 유무를 선택하면 우선 확인하면 좋은 서류 목록을 안내합니다. 관할·특수 사정에 따라 추가 서류가 필요할 수 있습니다. 등기 유형(매매·증여·상속 등)과 근저당 유무를 선택하면 우선 확인하면 좋은 서류 목록을 안내합니다. 관할·특수 사정에 따라 추가 서류가 필요할 수 있습니다. 등기 유형(매매·증여·상속 등)과 근저당 유무를 선택하면 우선 확인하면 좋은 서류 목록을 안내합니다. 관할·특수 사정에 따라 추가 서류가 필요할 수 있습니다. 계산기 안내 등기 유형(매매·증여·상속 등)과 근저당 유무를 선택하면 우선 확인하면 좋은 서류 목록을 안내합니다. 관할·특수 사정에 따라 추가 서류가 필요할 수 있습니다. 관련 자가진단 질문에 답하며 위험도와 다음 절차를 확인할 수 있습니다. 관련 업무안내 절차·서류·비용을 항목별로 정리한 업무 페이지입니다. 상담 시 확인하는 내용 부동산등기 준비서류 체크 사건은 서류·관할·기한에 따라 진행 순서가 달라집니다. 다,200,5358dfd8cb146b1b
/tools/rehab-income-debt-check,월 소득과 총 채무액을 입력하면 연 소득 대비 채무 비율을 참고용으로 계산합니다. 개인회생·파산 요건은 재산·담보·부양가족 등에 따라 달라집니다. 월 소득과 총 채무액을 입력하면 연 소득 대비 채무 비율을 참고용으로 계산합니다. 개인회생·파산 요건은 재산·담보·부양가족 등에 따라 달라집니다. 월 소득과 총 채무액을 입력하면 연 소득 대비 채무 비율을 참고용으로 계산합니다. 개인회생·파산 요건은 재산·담보·부양가족 등에 따라 달라집니다. 계산기 안내 월 소득과 총 채무액을 입력하면 연 소득 대비 채무 비율을 참고용으로 계산합니다. 개인회생·파산 요건은 재산·담보·부양가족 등에 따라 달라집니다. 관련 자가진단 질문에 답하며 위험도와 다음 절차를 확인할 수 있습니다. 관련 업무안내 절차·서류·비용을 항목별로 정리한 업무 페이지입니다. 상담 시 확인하는 내용 개인회생 소득·채무 체크 사건은 서류·관할·기한에 따라 진행 순서가 달라집니다. 다옴법무사사무소는 부산 해운대구·센텀에서 상속등기·부,193,90a1589c0985321f
