url,status,canonical,robots,sitemap,primary_query,secondary_queries,topic_cluster
/,200,/,"index,follow",true,부산 법무사,다옴법무사사무소|안윤정 법무사|상속등기,core-home
/1분간편상담,200,/1분간편상담,"index,follow",true,1분 간편 상담,법무사 상담|간편 상담,other
/가설컨테이너등기가능여부,200,/가설컨테이너등기가능여부,"index,follow",true,가설건축물 컨테이너 등기 가능 여부,컨테이너 건물등기|가설건축물 보존등기|임시건물 등기 여부|부산 컨테이너 등기|컨테이너 등기 되나요,other
/가압류신청서류준비,200,/가압류신청서류준비,"index,follow",true,가압류 신청 서류,가압류 신청 준비|보전처분 서류 정리|부산 가압류|부산 가압류 법무사|채권가압류,other
/가족후견,200,/가족후견,"index,follow",true,성년후견·가사비송｜가족·상속 특별대리,부산 법무사|해운대 법무사|센텀 법무사,other
/가처분신청서류준비,200,/가처분신청서류준비,"index,follow",true,가처분 신청 서류,가처분 신청 준비|점유이전금지가처분 서류,other
/감정평가법인설립등기,200,/감정평가법인설립등기,"index,follow",true,감정평가법인 설립등기,감정평가사법인 설립|감정법인 등기|감정평가법인 구성원 변경|감정평가법인 설립|감정법인 등기,corporate
/강사소개,200,/강사소개,"index,follow",true,법률 강사 프로필,안윤정 법무사 강사,lecture
/강서구공장멸실등기,200,/강서구공장멸실등기,"index,follow",true,강서구 공장 멸실등기,부산 강서 공장 철거등기|강서 산업단지 건물멸실|공장 부속동 멸실등기|강서구 창고 멸실|강서구 공장 멸실등기,other
/강서구법무사,200,/강서구법무사,"index,follow",true,강서구 법무사,강서 법무사|녹산 법무사|대저동 법무사|가락동 법무사|강서구 법무사 추천,local
/강서구법인등기,200,/강서구법인등기,"index,follow",true,강서구법인등기,강서구 법무사|법인등기|다옴법무사사무소,corporate
/강서구법인설립등기,200,/강서구법인설립등기,"index,follow",true,강서구법인설립등기,강서구 법무사|법인설립등기|다옴법무사사무소,corporate
/강서구부동산등기,200,/강서구부동산등기,"index,follow",true,강서구부동산등기,강서구 법무사|부동산등기|다옴법무사사무소,real-estate
/강서구상속등기,200,/강서구상속등기,"index,follow",true,강서구상속등기,강서구 법무사|상속등기|다옴법무사사무소,inheritance
/강서구상속포기,200,/강서구상속포기,"index,follow",true,강서구상속포기,강서구 법무사|상속포기|다옴법무사사무소,inheritance
/강서구선박등기,200,/강서구선박등기,"index,follow",true,강서구선박등기,강서구 법무사|선박등기|다옴법무사사무소,other
/강서구임원변경등기,200,/강서구임원변경등기,"index,follow",true,강서구임원변경등기,강서구 법무사|임원변경등기|다옴법무사사무소,corporate
/강서구한정승인,200,/강서구한정승인,"index,follow",true,강서구한정승인,강서구 법무사|한정승인|다옴법무사사무소,inheritance
/강의문의,200,/강의문의,"index,follow",true,부산 강의 문의,,lecture
/강의시간별구성,200,/강의시간별구성,"index,follow",true,1시간 특강 주제,2시간 참여형 교육|4시간 실무 워크숍|강의시간별 구성,lecture
/강의이력,200,/강의이력,"index,follow",true,안윤정 법무사 강의 경력,안윤정 법무사 강의 이력,lecture
/강의이력/busan-citizen-library-life-law,200,/강의이력/busan-citizen-library-life-law,"index,follow",true,부산광역시립시민도서관,부산광역시립시민도서관 생활법률 특강|전·월세계약|전세사기 예방|가족·금전·관계 분쟁|생활 속 범죄 예방,lecture
/강의이력/busan-citizen-library-week-1,200,/강의이력/busan-citizen-library-week-1,"index,follow",true,부산광역시립시민도서관,시민도서관 생활법률 1회차 · 전·월세계약|전·월세계약|계약 체크리스트|안윤정 법무사 강의,lecture
/강의이력/busan-citizen-library-week-2,200,/강의이력/busan-citizen-library-week-2,"index,follow",true,부산광역시립시민도서관,시민도서관 생활법률 2회차 · 생활 분쟁 예방|가족·금전·관계 분쟁|생활 분쟁 예방|안윤정 법무사 강의,lecture
/강의이력/busan-citizen-library-week-3,200,/강의이력/busan-citizen-library-week-3,"index,follow",true,부산광역시립시민도서관,시민도서관 생활법률 3회차 · 디지털·형사 예방|명예훼손·모욕|개인정보보호|온라인 범죄 예방|안윤정 법무사 강의,lecture
/강의이력/busan-citizen-library-week-4,200,/강의이력/busan-citizen-library-week-4,"index,follow",true,부산광역시립시민도서관,시민도서관 생활법률 4회차 · 종합 정리|전세사기 예방|생활법률 종합|체크리스트|안윤정 법무사 강의,lecture
/강의이력/busan-self-support-daily-dispute-survival,200,/강의이력/busan-self-support-daily-dispute-survival,"index,follow",true,부산광역시 자립지원전담기관,부산광역시 자립지원전담기관 일상분쟁 생존법 특강|일상분쟁|생활법률|계약|분쟁 예방,lecture
/강의이력/busan-self-support-jeonse-prevention,200,/강의이력/busan-self-support-jeonse-prevention,"index,follow",true,부산광역시 자립지원전담기관,부산광역시 자립지원전담기관 전세사기 예방 특강|전세사기 예방|전·월세 계약|보증금 보호|등기부등본 확인,lecture
/강의이력/changwon-youth-vision-center,200,/강의이력/changwon-youth-vision-center,"index,follow",true,창원청년비전센터,창원청년비전센터 청년 생활법률 특강|청년 생활법률|전월세 계약|금전분쟁|계약,lecture
/강의이력/haeundae-youth-job-growth-cafe,200,/강의이력/haeundae-youth-job-growth-cafe,"index,follow",true,해운대 청년 JOB성장카페,해운대 청년 JOB성장카페 청년 맞춤 법률 강의|전세사기 예방|전월세 계약|등기부 확인|돈·부동산·관계 분쟁,lecture
/강의이력/haeundae-youth-space-startup-law-2026-07,200,/강의이력/haeundae-youth-space-startup-law-2026-07,"index,follow",true,해운대청년채움공간,해운대청년채움공간 창업법률 특강|창업법률|계약|법인|분쟁 예방,lecture
/강의이력/lh-busan-ccei-life-law,200,/강의이력/lh-busan-ccei-life-law,"index,follow",true,LH · 부산창조경제혁신센터,LH·부산창조경제혁신센터 청년·시민 생활법률 프로그램|생활법률 상담|청년 정책 연계 교육|안윤정 법무사 강의,lecture
/강의이력/yangsan-jeil-high-career-talk,200,/강의이력/yangsan-jeil-high-career-talk,"index,follow",true,양산제일고,양산제일고 법무사 진로특강|법무사 업무|법률전문직 진로|법무사 시험|직업 소개,lecture
/강의이력/youth-digital-law-guide,200,/강의이력/youth-digital-law-guide,"index,follow",true,부산 지역 청년·기관 대상 출강,청년 디지털 법률 가이드 강의|온라인 사기|명예훼손|모욕|개인정보,lecture
/강의이력/youth-housing-contract-guide,200,/강의이력/youth-housing-contract-guide,"index,follow",true,부산 지역 청년·기관 대상 출강,청년 주거계약 실전 가이드 강의|주거계약 실무|전·월세 계약 체크리스트|안윤정 법무사 강의,lecture
/강의이력/youth-jeonse-legal-education,200,/강의이력/youth-jeonse-legal-education,"index,follow",true,부산 지역 청년·기관 대상 출강,청년 전세사기 예방 법률교육 · 등기부·확정일자|전세사기 예방|등기부등본|확정일자|안윤정 법무사 강의,lecture
/강의이력/youth-jeonse-most-sought,200,/강의이력/youth-jeonse-most-sought,"index,follow",true,부산 지역 청년·기관 대상 출강,청년 전세사기 예방 강의 · 자주 묻는 질문 중심|전세사기 예방|보증금 보호|계약 점검|안윤정 법무사 강의,lecture
/강의이력/youth-jeonse-offline-session,200,/강의이력/youth-jeonse-offline-session,"index,follow",true,부산 지역 청년·기관 대상 출강,청년 전세사기 예방특강 오프라인 성료|전세사기 예방|계약 실무|안윤정 법무사 강의,lecture
/강의이력/youth-jeonse-prevention-series,200,/강의이력/youth-jeonse-prevention-series,"index,follow",true,부산 지역 청년·기관 대상 출강,청년 전세사기 예방 오프라인 강의 시리즈|전세사기 예방|등기부등본 확인|확정일자|안윤정 법무사 강의,lecture
/강의이력/youth-jeonse-vaccination,200,/강의이력/youth-jeonse-vaccination,"index,follow",true,부산 지역 청년·기관 대상 출강,청년 전세사기 예방접종 특강|전세사기 예방|사전 점검|안윤정 법무사 강의,lecture
/강의이력/youth-life-law-basics,200,/강의이력/youth-life-law-basics,"index,follow",true,부산 지역 청년·기관 대상 출강,청년 대상 생활법률 기초 강의|생활법률 기초|일상 속 법|계약|분쟁 예방,lecture
/강의이력/youth-mistake-crime-lecture,200,/강의이력/youth-mistake-crime-lecture,"index,follow",true,부산 지역 청년·기관 대상 출강,청년 대상 생활 속 형사 리스크 예방 강의|생활 속 범죄|온라인 행동과 법적 책임|명예훼손|모욕,lecture
/강의이력/youth-money-property-dispute,200,/강의이력/youth-money-property-dispute,"index,follow",true,해운대·수영·동래 청년 대상 출강,청년 돈·부동산·관계 분쟁 예방 특강|금전분쟁|부동산 분쟁|관계 분쟁 예방|안윤정 법무사 강의,lecture
/개금동법무사,200,/개금동법무사,"index,follow",true,개금동 법무사,가야동 법무사|당감동 법무사,local
/개인정보처리방침,200,/개인정보처리방침,"index,follow",true,개인정보처리방침,부산 법무사|다옴법무사사무소,other
/개인파산과태료,200,/개인파산과태료,"index,follow",true,개인파산과태료,개인파산 과태료|다옴법무사사무소,rehab
/개인파산기간,200,/개인파산기간,"index,follow",true,개인파산기간,개인파산 기간|다옴법무사사무소,rehab
/개인파산기한,200,/개인파산기한,"index,follow",true,개인파산기한,개인파산 기한|다옴법무사사무소,rehab
/개인파산보수표,200,/개인파산보수표,"index,follow",true,개인파산보수표,개인파산 보수표|다옴법무사사무소,rehab
/개인파산비용,200,/개인파산비용,"index,follow",true,개인파산비용,개인파산 비용|다옴법무사사무소,rehab
/개인파산자가진단,200,/개인파산자가진단,"index,follow",true,개인파산,부산 법무사|부산법무사|부산 여성 법무사|해운대 법무사|센텀 법무사,rehab
/개인파산준비서류,200,/개인파산준비서류,"index,follow",true,개인파산준비서류,개인파산 준비서류|다옴법무사사무소,rehab
/개인파산필요서류,200,/개인파산필요서류,"index,follow",true,개인파산필요서류,개인파산 필요서류|다옴법무사사무소,rehab
/개인회생과태료,200,/개인회생과태료,"index,follow",true,개인회생과태료,개인회생 과태료|다옴법무사사무소,rehab
/개인회생기간,200,/개인회생기간,"index,follow",true,개인회생기간,개인회생 기간|다옴법무사사무소,rehab
/개인회생기한,200,/개인회생기한,"index,follow",true,개인회생기한,개인회생 기한|다옴법무사사무소,rehab
/개인회생보수표,200,/개인회생보수표,"index,follow",true,개인회생보수표,개인회생 보수표|다옴법무사사무소,rehab
/개인회생비용,200,/개인회생비용,"index,follow",true,개인회생비용,개인회생 비용|다옴법무사사무소,rehab
/개인회생상담,200,/개인회생상담,"index,follow",true,개인회생 상담,법무사 상담|간편 상담,rehab
/개인회생실수모음,200,/개인회생실수모음,"index,follow",true,개인회생 실수,개인회생 준비|회생 서류,rehab
/개인회생여성법무사,200,/개인회생여성법무사,"index,follow",true,개인회생 여성 법무사,회생 상담 여성 법무사|다옴법무사사무소,rehab
/개인회생자가진단,200,/개인회생자가진단,"index,follow",true,개인회생,부산 법무사|부산법무사|부산 여성 법무사|해운대 법무사|센텀 법무사,rehab
/개인회생준비서류,200,/개인회생준비서류,"index,follow",true,개인회생준비서류,개인회생 준비서류|다옴법무사사무소,rehab
/개인회생체크리스트,200,/개인회생체크리스트,"index,follow",true,개인회생 체크리스트,개인회생 준비서류|회생 서류,rehab
/개인회생파산,200,/개인회생파산,"index,follow",true,부산 회생·파산 법무사｜개인회생·개인파산 비교,부산 법무사|해운대 법무사|센텀 법무사,rehab
/개인회생필요서류,200,/개인회생필요서류,"index,follow",true,개인회생필요서류,개인회생 필요서류|다옴법무사사무소,rehab
/거제동법무사,200,/거제동법무사,"index,follow",true,거제동 법무사,부산회생법원 개인회생|부산지방법원 지급명령,local
/거제동상속등기,200,/거제동상속등기,"index,follow",true,거제동상속등기,거제동 법무사|상속등기|다옴법무사사무소,inheritance
/건물등기상황별안내,200,/건물등기상황별안내,"index,follow",true,건물등기 상황별 안내,상속 건물등기|공유 건물 멸실|미등기건물|등기부 잔존|토지 건물 소유자 다름,other
/건물면적상이경정등기,200,/건물면적상이경정등기,"index,follow",true,건물 면적 상이 경정등기,등기부 면적 불일치|건축물대장 면적 다른 등기|연면적 경정등기|부산 건물 면적 정정|등기부 면적 틀리면,other
/건물보존등기,200,/건물보존등기,"index,follow",true,건물 보존등기,신축 보존등기|집합건물 보존등기,real-estate
/건물분할등기,200,/건물분할등기,"index,follow",true,건물분할등기,건물 분할 등기 절차|다가구 건물분할|상가 건물 나누기 등기|부산 건물분할등기|건물 분할등기 어떻게,other
/건물용도변경등기,200,/건물용도변경등기,"index,follow",true,건물 용도변경등기,용도변경 건물표시변경|주택 상가 용도 등기|근린생활시설 등기부 용도|부산 용도변경 등기|용도변경하면 등기,other
/건물일부철거표시변경,200,/건물일부철거표시변경,"index,follow",true,건물 일부 철거 표시변경등기,일부 철거 등기|건물표시변경 철거|면적 변경 등기|별동 철거 등기|일부만 철거 멸실인가요,other
/건물토지소유자상이멸실,200,/건물토지소유자상이멸실,"index,follow",true,건물 토지 소유자 상이 멸실등기,건물 토지 명의 다름 멸실|타인 토지 위 건물 멸실|지상 건물 철거 등기|소유자 다른 멸실등기|땅 주인만으로 멸실,other
/건물합병등기,200,/건물합병등기,"index,follow",true,건물합병등기,건물 합치기 등기|부속동 합병등기|공장 본동 부속동 합병|부산 건물합병등기|건물합병등기 서류,other
/건축물대장등기부불일치,200,/건축물대장등기부불일치,"index,follow",true,건축물대장 등기부 불일치,건축물대장과 등기부 다른 이유|대장 등기 불일치 정리|건물표시 불일치 등기|부산 건축물대장 등기 대조|건축물대장 등기부 다르면,other
/건축물대장말소등기부잔존,200,/건축물대장말소등기부잔존,"index,follow",true,건축물대장 말소 등기부 잔존,대장 말소 등기 남음|잔존 건물등기|말소 후 멸실등기|공시 불일치 멸실|대장 말소됐는데 등기,other
/건축물대장말소와멸실등기차이,200,/건축물대장말소와멸실등기차이,"index,follow",true,건축물대장 말소와 멸실등기 차이,건축물대장 말소|멸실등기 차이|대장 말소 후 등기|건축물멸실 등기|대장 말소하면 등기 끝,other
/건축주법인신축보존등기,200,/건축주법인신축보존등기,"index,follow",true,건축주 법인 신축 보존등기,법인 건축주 보존등기|주식회사 신축건물 등기|법인 공장 보존등기|부산 법인 건축주 등기|법인 명의 건물 보존등기,corporate
/건축주준비서류,200,/건축주준비서류,"index,follow",true,건축주 준비서류,보존등기 서류|사용승인 후 등기,other
/경남사단법인설립,200,/경남사단법인설립,"index,follow",true,경남 사단법인 설립,창원 사단법인|김해 협회 법인|양산 사단법인|경남 협회 설립|경남 사단법인 절차,corporate
/경남재단법인설립,200,/경남재단법인설립,"index,follow",true,경남 재단법인 설립,양산 재단법인|경남 장학재단|창원 재단|경남 재단 설립,corporate
/경매낙찰후전세권확인,200,/경매낙찰후전세권확인,"index,follow",true,경매 낙찰 전세권,낙찰 후 전세권 말소|경매 전세권 인수|말소기준권리,real-estate
/경상도비대면상속등기,200,/경상도비대면상속등기,"index,follow",true,경상도 비대면 상속등기,경남 비대면 상속등기|경상도 방문 없는 상속등기,inheritance
/고인계좌장례비사용,200,/고인계좌장례비사용,"index,follow",true,고인 계좌 장례비,사망자 예금 인출|장례비와 한정승인,other
/공공기관등기업무,200,/공공기관등기업무,"index,follow",true,공공기관 등기업무,공공기관 법인등기|공공기관 부동산등기|공공기관 촉탁등기|지방공기업 등기|부산 공공기관 등기 법무사,other
/공공기관법률교육,200,/공공기관법률교육,"index,follow",true,부산 공공기관 강사,부산 공공기관 특강|부산 기관교육 강사|부산 공공기관 직원교육,other
/공공기관법인등기,200,/공공기관법인등기,"index,follow",true,공공기관 법인등기,공기업 등기|촉탁등기,corporate
/공공기관부동산등기,200,/공공기관부동산등기,"index,follow",true,공공기관 부동산등기,촉탁등기|공공기관 이전등기,real-estate
/공공기관이전등기,200,/공공기관이전등기,"index,follow",true,공공기관 이전등기,공공기관 부동산등기|촉탁등기,other
/공공기관촉탁등기,200,/공공기관촉탁등기,"index,follow",true,공공기관 촉탁등기,촉탁등기|공기업 등기,other
/공기업등기,200,/공기업등기,"index,follow",true,공기업 등기,지방공기업 등기|공공기관 등기업무,other
/공유물분할등기서류준비,200,/공유물분할등기서류준비,"index,follow",true,공유물분할등기 서류,공유 부동산 분할 등기|협의분할 등기 준비,other
/공유자연락두절멸실등기,200,/공유자연락두절멸실등기,"index,follow",true,공유자 연락 두절 멸실등기,공동명의 멸실등기|공유자 동의 멸실|행방불명 공유 건물|공동소유 철거 등기|공유자 연락 안 되면 멸실,other
/공익법인설립등기,200,/공익법인설립등기,"index,follow",true,공익법인 설립등기,공익법인 설립|공익법인 인가|공익 목적 법인|공익법인 설립 절차|공익법인과 재단법인,corporate
/공익법인임원변경등기,200,/공익법인임원변경등기,"index,follow",true,공익법인 임원변경등기,공익법인 이사 변경|공익법인 임원 변경,corporate
/공장철거후멸실등기,200,/공장철거후멸실등기,"index,follow",true,공장 철거 후 멸실등기,공장 멸실등기|창고 철거 등기|공장재단 멸실|부산 공장 멸실등기|공장 철거 후 등기,other
/공지사항,200,/공지사항,"index,follow",true,다옴법무사사무소,공지사항|다옴법무사사무소,other
/공탁자가진단,200,/공탁자가진단,"index,follow",true,공탁,부산 법무사|부산법무사|부산 여성 법무사|해운대 법무사|센텀 법무사,other
/공탁채권회수,200,/공탁채권회수,"index,follow",true,공탁·채권압류·추심｜회수 절차 안내,부산 법무사|해운대 법무사|센텀 법무사,other
/관세법인설립등기,200,/관세법인설립등기,"index,follow",true,관세법인 설립등기,관세사법인 설립|부산 관세법인|관세법인 등기|관세법인 설립|관세사법인 등기,corporate
/광안동법무사,200,/광안동법무사,"index,follow",true,광안동 법무사,광안동 등기|다옴법무사사무소,local
/광안동부동산등기,200,/광안동부동산등기,"index,follow",true,광안동부동산등기,광안동 법무사|부동산등기|다옴법무사사무소,real-estate
/광안동전세권설정,200,/광안동전세권설정,"index,follow",true,광안동전세권설정,광안동 법무사|전세권설정|다옴법무사사무소,real-estate
/광안리법무사,200,/광안리법무사,"index,follow",true,광안리 법무사,광안리 전세권|광안해변 아파트 등기,other
/광안역법무사,200,/광안역법무사,"index,follow",true,광안역 법무사,광안역 등기|다옴법무사사무소,other
/광안역전세권설정,200,/광안역전세권설정,"index,follow",true,광안역전세권설정,광안역 법무사|전세권설정|다옴법무사사무소,real-estate
/괴정동법무사,200,/괴정동법무사,"index,follow",true,괴정동 법무사,당리동 법무사|신평동 법무사,local
/교회사단법인설립,200,/교회사단법인설립,"index,follow",true,교회 사단법인 설립,교회 법인화|교회 재산 등기|교단 사단법인|교회 법인 설립 절차,corporate
/구서동법무사,200,/구서동법무사,"index,follow",true,구서동 법무사,서동 법무사|청룡동 법무사,local
/구포동법무사,200,/구포동법무사,"index,follow",true,구포동 법무사,만덕동 법무사|구포 개인회생,local
/국민주택채권,200,/국민주택채권,"index,follow",true,국민주택채권,등기 비용|매입 의무,other
/국제교류단체사단법인설립,200,/국제교류단체사단법인설립,"index,follow",true,국제교류단체 사단법인 설립,국제교류 법인|문화교류 사단법인|유학생 단체 법인|부산 국제교류 단체|국제교류단체 법인 설립,corporate
/근저당말소과태료,200,/근저당말소과태료,"index,follow",true,근저당말소과태료,근저당말소 과태료|다옴법무사사무소,real-estate
/근저당말소기간,200,/근저당말소기간,"index,follow",true,근저당말소기간,근저당말소 기간|다옴법무사사무소,real-estate
/근저당말소기한,200,/근저당말소기한,"index,follow",true,근저당말소기한,근저당말소 기한|다옴법무사사무소,real-estate
/근저당말소보수표,200,/근저당말소보수표,"index,follow",true,근저당말소보수표,근저당말소 보수표|다옴법무사사무소,real-estate
/근저당말소비용,200,/근저당말소비용,"index,follow",true,근저당말소비용,근저당말소 비용|다옴법무사사무소,real-estate
/근저당말소준비서류,200,/근저당말소준비서류,"index,follow",true,근저당말소준비서류,근저당말소 준비서류|다옴법무사사무소,real-estate
/근저당말소필요서류,200,/근저당말소필요서류,"index,follow",true,근저당말소필요서류,근저당말소 필요서류|다옴법무사사무소,real-estate
/금정구법무사,200,/금정구법무사,"index,follow",true,금정구 법무사,금정 법무사|금정구 법무사 추천,local
/금정구법인등기,200,/금정구법인등기,"index,follow",true,금정구법인등기,금정구 법무사|법인등기|다옴법무사사무소,corporate
/금정구법인설립등기,200,/금정구법인설립등기,"index,follow",true,금정구법인설립등기,금정구 법무사|법인설립등기|다옴법무사사무소,corporate
/금정구부동산등기,200,/금정구부동산등기,"index,follow",true,금정구,부동산등기|다옴법무사사무소,real-estate
/금정구상속등기,200,/금정구상속등기,"index,follow",true,금정구,상속등기|다옴법무사사무소,inheritance
/금정구상속포기,200,/금정구상속포기,"index,follow",true,금정구상속포기,금정구 법무사|상속포기|다옴법무사사무소,inheritance
/금정구임원변경등기,200,/금정구임원변경등기,"index,follow",true,금정구임원변경등기,금정구 법무사|임원변경등기|다옴법무사사무소,corporate
/금정구한정승인,200,/금정구한정승인,"index,follow",true,금정구,한정승인|다옴법무사사무소,inheritance
/기관특강주제추천,200,/기관특강주제추천,"index,follow",true,부산 기관 특강 주제 추천,부산 직원교육 주제 추천|부산 청년 프로그램 강의주제|부산 시민강좌 주제 추천,lecture
/기업법률교육,200,/기업법률교육,"index,follow",true,부산 기업 특강,부산 기업 법률특강|부산 기업교육 강사,other
/기업업무문의,200,/기업업무문의,"index,follow",true,기업 업무 문의,부산 법인등기 문의|기업 미수금 문의,other
/기장군법무사,200,/기장군법무사,"index,follow",true,기장군 법무사,기장 법무사|철마면 법무사|장안읍 법무사|기장군 법무사 추천|기장군 상속등기,local
/기장군법인등기,200,/기장군법인등기,"index,follow",true,기장군,법인등기|다옴법무사사무소,corporate
/기장군법인설립등기,200,/기장군법인설립등기,"index,follow",true,기장군법인설립등기,기장군 법무사|법인설립등기|다옴법무사사무소,corporate
/기장군부동산등기,200,/기장군부동산등기,"index,follow",true,기장군,부동산등기|다옴법무사사무소,real-estate
/기장군상속등기,200,/기장군상속등기,"index,follow",true,기장군,상속등기|다옴법무사사무소,inheritance
/기장군상속포기,200,/기장군상속포기,"index,follow",true,기장군,상속포기|다옴법무사사무소,inheritance
/기장군임원변경등기,200,/기장군임원변경등기,"index,follow",true,기장군임원변경등기,기장군 법무사|임원변경등기|다옴법무사사무소,corporate
/기장군재개발등기,200,/기장군재개발등기,"index,follow",true,기장군재개발등기,기장군 법무사|재개발등기|다옴법무사사무소,other
/기장군한정승인,200,/기장군한정승인,"index,follow",true,기장군,한정승인|다옴법무사사무소,inheritance
/기장법무사,200,/기장법무사,"index,follow",true,기장 법무사,기장 등기|다옴법무사사무소,local
/기장상속등기,200,/기장상속등기,"index,follow",true,기장상속등기,기장 법무사|상속등기|다옴법무사사무소,inheritance
/기장신축건물보존등기,200,/기장신축건물보존등기,"index,follow",true,기장 신축건물 보존등기,기장군 건물 보존등기|기장 주택 신축등기|기장 상가 보존등기|부산 기장 소유권보존|기장 신축 보존등기,real-estate
/기장읍법무사,200,/기장읍법무사,"index,follow",true,기장읍 법무사,장안읍 법무사|철마면 법무사,local
/기장토지상속등기,200,/기장토지상속등기,"index,follow",true,기장군,기장 토지상속등기|다옴법무사사무소,inheritance
/기타전문직법인설립등기,200,/기타전문직법인설립등기,"index,follow",true,전문직 법인 설립등기,회계법인 설립등기|특허법인 설립|관세법인 등기|감정평가법인 설립|회계법인 등기 절차,corporate
/남구법무사,200,/남구법무사,"index,follow",true,남구 법무사,부산 남구 법무사|남구 법무사 추천,local
/남구법인등기,200,/남구법인등기,"index,follow",true,남구법인등기,남구 법무사|법인등기|다옴법무사사무소,corporate
/남구법인설립등기,200,/남구법인설립등기,"index,follow",true,남구법인설립등기,남구 법무사|법인설립등기|다옴법무사사무소,corporate
/남구부동산등기,200,/남구부동산등기,"index,follow",true,남구부동산등기,남구 법무사|부동산등기|다옴법무사사무소,real-estate
/남구상속등기,200,/남구상속등기,"index,follow",true,남구상속등기,남구 법무사|상속등기|다옴법무사사무소,inheritance
/남구상속포기,200,/남구상속포기,"index,follow",true,남구상속포기,남구 법무사|상속포기|다옴법무사사무소,inheritance
/남구임원변경등기,200,/남구임원변경등기,"index,follow",true,남구임원변경등기,남구 법무사|임원변경등기|다옴법무사사무소,corporate
/남구한정승인,200,/남구한정승인,"index,follow",true,남구한정승인,남구 법무사|한정승인|다옴법무사사무소,inheritance
/남부산등기소법무사,200,/남부산등기소법무사,"index,follow",true,남구,남부산등기소 소유권이전등기|다옴법무사사무소,other
/남부산등기소부동산등기,200,/남부산등기소부동산등기,"index,follow",true,남부산등기소부동산등기,남부산등기소|부동산등기|다옴법무사사무소,real-estate
/남부산등기소소유권이전등기,200,/남부산등기소소유권이전등기,"index,follow",true,남부산등기소소유권이전등기,남부산등기소|소유권이전등기|다옴법무사사무소,real-estate
/남천동법무사,200,/남천동법무사,"index,follow",true,남천동 법무사,남천동 전세권|남천역 아파트 등기,local
/남천동상속등기,200,/남천동상속등기,"index,follow",true,남천동상속등기,남천동 법무사|상속등기|다옴법무사사무소,inheritance
/남포동법무사,200,/남포동법무사,"index,follow",true,남포동 법무사,자갈치 상가 상속등기|중구 원도심 부동산등기,local
/내용증명자가진단,200,/내용증명자가진단,"index,follow",true,내용증명,부산 법무사|부산법무사|부산 여성 법무사|해운대 법무사|센텀 법무사,other
/내용증명작성준비,200,/내용증명작성준비,"index,follow",true,내용증명 작성 준비,내용증명 보내기 전|독촉 내용증명 자료,other
/노무법인설립등기,200,/노무법인설립등기,"index,follow",true,노무법인 설립등기,공인노무사법인|노무법인 설립|노무법인 설립,corporate
/녹산국가산단법인등기,200,/녹산국가산단법인등기,"index,follow",true,녹산국가산단법인등기,녹산국가산단 법무사|법인등기|다옴법무사사무소,corporate
/녹산국가산단법인설립등기,200,/녹산국가산단법인설립등기,"index,follow",true,녹산국가산단법인설립등기,녹산국가산단 법무사|법인설립등기|다옴법무사사무소,corporate
/녹산산단법인본점지점,200,/녹산산단법인본점지점,"index,follow",true,녹산산단 법인 본점 지점,녹산국가산단 법인등기|녹산 공장 본점이전|강서 산단 지점등기|산업단지 법인 주소|녹산 공장 이전 법인등기,corporate
/녹산산업단지법인등기,200,/녹산산업단지법인등기,"index,follow",true,녹산산업단지법인등기,녹산산업단지 법인등기|다옴법무사사무소,corporate
/농어업법인설립등기,200,/농어업법인설립등기,"index,follow",true,농어업 법인 설립등기,영농조합법인 설립|영어조합법인 설립|어업회사법인 설립|농업회사법인 등기|농업법인 종류,corporate
/농업회사법인과영농조합법인차이,200,/농업회사법인과영농조합법인차이,"index,follow",true,농업회사법인과 영농조합법인 차이,농업법인 종류|영농조합 vs 농업회사|농업법인 뭐가 다름,corporate
/다대동법무사,200,/다대동법무사,"index,follow",true,다대동 법무사,장림동 법무사|감천동 법무사,local
/대습상속등기,200,/대습상속등기,"index,follow",true,대습상속등기,대습상속|손자 상속등기|상속인 사망 대습|중간세대 사망 상속,inheritance
/대연동법무사,200,/대연동법무사,"index,follow",true,대연동 법무사,대연동 아파트 등기|대연 학구 상속,local
/대연동상속등기,200,/대연동상속등기,"index,follow",true,대연동상속등기,대연동 법무사|상속등기|다옴법무사사무소,inheritance
/대표이사한명만남는경우,200,/대표이사한명만남는경우,"index,follow",true,대표이사만 남는 경우,이사 사임 등기|이사 2명 사임|감사 사임 등기,other
/대표자사망시법인등기,200,/대표자사망시법인등기,"index,follow",true,대표자 사망 시 법인등기,대표이사 사망 등기|법인 대표 승계|임원 사망 후 법인|대표 사망 후 회사 등기|대표이사 사망 후임,corporate
/덕천동개인회생,200,/덕천동개인회생,"index,follow",true,덕천동개인회생,덕천동 법무사|개인회생|다옴법무사사무소,rehab
/덕천동법무사,200,/덕천동법무사,"index,follow",true,덕천동 법무사,덕천 개인회생|덕천역 상가등기,local
/덕천동상속등기,200,/덕천동상속등기,"index,follow",true,덕천동상속등기,덕천동 법무사|상속등기|다옴법무사사무소,inheritance
/도로명주소등기부상이,200,/도로명주소등기부상이,"index,follow",true,도로명주소 등기부 상이,등기부 도로명주소 변경|건물 소재지 표시변경|지번 도로명 불일치 등기|부산 등기부 주소 표기|등기부 주소 도로명으로,other
/동구법무사,200,/동구법무사,"index,follow",true,동구 법무사,부산 동구 법무사|수정동 법무사|동구 법무사 추천,local
/동구법인등기,200,/동구법인등기,"index,follow",true,동구법인등기,동구 법무사|법인등기|다옴법무사사무소,corporate
/동구법인설립등기,200,/동구법인설립등기,"index,follow",true,동구법인설립등기,동구 법무사|법인설립등기|다옴법무사사무소,corporate
/동구부동산등기,200,/동구부동산등기,"index,follow",true,동구부동산등기,동구 법무사|부동산등기|다옴법무사사무소,real-estate
/동구상속등기,200,/동구상속등기,"index,follow",true,동구상속등기,동구 법무사|상속등기|다옴법무사사무소,inheritance
/동구상속포기,200,/동구상속포기,"index,follow",true,동구상속포기,동구 법무사|상속포기|다옴법무사사무소,inheritance
/동구임원변경등기,200,/동구임원변경등기,"index,follow",true,동구임원변경등기,동구 법무사|임원변경등기|다옴법무사사무소,corporate
/동구한정승인,200,/동구한정승인,"index,follow",true,동구한정승인,동구 법무사|한정승인|다옴법무사사무소,inheritance
/동래구법무사,200,/동래구법무사,"index,follow",true,동래구 법무사,동래 법무사|온천장 법무사|동래구 법무사 추천,local
/동래구법인등기,200,/동래구법인등기,"index,follow",true,동래구,법인등기|다옴법무사사무소,corporate
/동래구법인설립등기,200,/동래구법인설립등기,"index,follow",true,동래구법인설립등기,동래구 법무사|법인설립등기|다옴법무사사무소,corporate
/동래구부동산등기,200,/동래구부동산등기,"index,follow",true,동래구,부동산등기|다옴법무사사무소,real-estate
/동래구상속등기,200,/동래구상속등기,"index,follow",true,동래구,상속등기|다옴법무사사무소,inheritance
/동래구상속포기,200,/동래구상속포기,"index,follow",true,동래구상속포기,동래구 법무사|상속포기|다옴법무사사무소,inheritance
/동래구임원변경등기,200,/동래구임원변경등기,"index,follow",true,동래구,임원변경등기|다옴법무사사무소,corporate
/동래구재건축등기,200,/동래구재건축등기,"index,follow",true,동래구재건축등기,동래구 법무사|재건축등기|다옴법무사사무소,other
/동래구한정승인,200,/동래구한정승인,"index,follow",true,동래구,한정승인|다옴법무사사무소,inheritance
/동래역법무사,200,/동래역법무사,"index,follow",true,동래역 법무사,낙민동 법무사|동래역 재건축 등기,local
/동부지원상속등기,200,/동부지원상속등기,"index,follow",true,동부지원상속등기,동부지원 상속등기|다옴법무사사무소,inheritance
/동삼동법무사,200,/동삼동법무사,"index,follow",true,동삼동 법무사,영선동 법무사|청학동 법무사,local
/등기관할과사무소위치,200,/등기관할과사무소위치,"index,follow",true,등기 관할,법무사 사무소 위치|다른 구 법무사 의뢰|부동산 소재지 등기소|법인 본점 관할|센텀에서 다른 구 등기,other
/등기권리증없이소유권이전,200,/등기권리증없이소유권이전,"index,follow",true,등기권리증 없이 소유권이전,등기필증 분실 매도|확인서면 소유권이전,real-estate
/등기보정,200,/등기보정,"index,follow",true,등기 보정,보정 명령|등기 반려,other
/등기복대리,200,/등기복대리,"index,follow",true,등기 복대리,복대리 등기|부산 등기 복대리,other
/등기부존재실제건물없음,200,/등기부존재실제건물없음,"index,follow",true,등기부만 있고 실제 건물 없음,유령 건물 등기|실제 없는 건물등기|현황 불일치 멸실|미정리 멸실등기|건물은 없는데 등기부,other
/등기비용,200,/등기비용,"index,follow",true,등기 비용,등록면허세|법무사 비용,other
/등기서류상담,200,/등기서류상담,"index,follow",true,등기 서류 상담,법무사 상담|간편 상담,other
/등기소근처법무사,200,/등기소근처법무사,"index,follow",true,등기소 근처 법무사,등기국 법무사|부산 등기소 법무사|다옴법무사사무소,other
/등기소어디인가요,200,/등기소어디인가요,"index,follow",true,등기소 어디인가요,부산 등기소|관할 등기소,other
/등기소제출,200,/등기소제출,"index,follow",true,등기소 제출,등기 접수|창구 제출,other
/등기신청대행,200,/등기신청대행,"index,follow",true,등기신청 대행,전자등기|법무사 등기,other
/등기신청반려와보정,200,/등기신청반려와보정,"index,follow",true,등기 반려,등기 보정명령|등기신청 보정|등기 서류 잘못,other
/등기실무,200,/등기실무,"index,follow",true,등기 실무,등기 접수|부산 등기,other
/등기어디서하나요,200,/등기어디서하나요,"index,follow",true,등기 어디서 하나요,등기소 어디인가요|관할 등기소,other
/등기언제끝나나요,200,/등기언제끝나나요,"index,follow",true,등기 언제 끝나나요,등기 완료기간|등기 처리기간,other
/등기얼마나걸리나요,200,/등기얼마나걸리나요,"index,follow",true,등기 얼마나 걸리나요,등기 처리기간|등기 언제 끝나나요,other
/등기완료기간,200,/등기완료기간,"index,follow",true,등기 완료기간,등기 처리기간|등기 얼마나 걸리나요,other
/등기접수,200,/등기접수,"index,follow",true,등기 접수,등기신청|전자신청,other
/등기준비서류,200,/등기준비서류,"index,follow",true,등기 준비서류,등기 필요서류|등기 체크리스트,other
/등기처리기간,200,/등기처리기간,"index,follow",true,등기 처리기간,등기 완료기간|등기 언제 끝나나요,other
/등록면허세,200,/등록면허세,"index,follow",true,등록면허세,등기 비용|취득세,other
/디지털법률교육,200,/디지털법률교육,"index,follow",true,부산 디지털 법률교육,개인정보보호 특강|사이버 명예훼손 교육,other
/망미동법무사,200,/망미동법무사,"index,follow",true,망미동 법무사,망미역 부동산등기|수영강 아파트 상속,local
/멸실등기없이토지매도,200,/멸실등기없이토지매도,"index,follow",true,멸실등기 없이 토지 매도,잔존 건물 토지 매매|건물 등기 남은 나대지|매도 전 멸실등기|토지 매매 멸실|건물 등기 남기고 토지 매도,other
/명례산업단지법인등기,200,/명례산업단지법인등기,"index,follow",true,명례일반산업단지,명례산업단지 법인등기|다옴법무사사무소,corporate
/명례산업단지임원변경등기,200,/명례산업단지임원변경등기,"index,follow",true,명례산업단지임원변경등기,명례산업단지 법무사|임원변경등기|다옴법무사사무소,corporate
/명지국제신도시법인등기,200,/명지국제신도시법인등기,"index,follow",true,명지,국제신도시 법인등기|다옴법무사사무소,corporate
/명지동법무사,200,/명지동법무사,"index,follow",true,명지동 법무사,명지동 등기|다옴법무사사무소,local
/명지동법인설립등기,200,/명지동법인설립등기,"index,follow",true,명지동법인설립등기,명지동 법무사|법인설립등기|다옴법무사사무소,corporate
/명지동부동산등기,200,/명지동부동산등기,"index,follow",true,명지동부동산등기,명지동 법무사|부동산등기|다옴법무사사무소,real-estate
/명지법무사,200,/명지법무사,"index,follow",true,명지 법무사,명지국제신도시 등기|명지 법인설립,other
/명지법인등기,200,/명지법인등기,"index,follow",true,명지법인등기,명지 법무사|법인등기|다옴법무사사무소,corporate
/명지법인설립등기,200,/명지법인설립등기,"index,follow",true,명지법인설립등기,명지 법무사|법인설립등기|다옴법무사사무소,corporate
/명지역법무사,200,/명지역법무사,"index,follow",true,명지역 법무사,명지역 등기|다옴법무사사무소,other
/명지역법인설립등기,200,/명지역법인설립등기,"index,follow",true,명지역법인설립등기,명지역 법무사|법인설립등기|다옴법무사사무소,corporate
/무슨법률업무인지모를때,200,/무슨법률업무인지모를때,"index,follow",true,무슨 법률 업무인지 모를 때,법무사 상담|간편 상담,other
/문현금융단지법인등기,200,/문현금융단지법인등기,"index,follow",true,문현동,문현금융단지 법인등기|다옴법무사사무소,corporate
/문현금융단지임원변경등기,200,/문현금융단지임원변경등기,"index,follow",true,문현금융단지임원변경등기,문현금융단지 법무사|임원변경등기|다옴법무사사무소,corporate
/문현동법무사,200,/문현동법무사,"index,follow",true,문현동 법무사,문현금융단지 법인등기|남구 임원변경등기,local
/문현동법인등기,200,/문현동법인등기,"index,follow",true,문현동법인등기,문현동 법무사|법인등기|다옴법무사사무소,corporate
/문현동본점이전등기,200,/문현동본점이전등기,"index,follow",true,문현동본점이전등기,문현동 법무사|본점이전등기|다옴법무사사무소,corporate
/문화예술단체사단법인설립,200,/문화예술단체사단법인설립,"index,follow",true,문화예술단체 사단법인 설립,예술인 협회 법인|공연예술단체 법인화|문화단체 사단법인|부산 문화예술단체|문화단체 법인 설립,corporate
/물류회사법인등기,200,/물류회사법인등기,"index,follow",true,물류회사 법인등기,물류 법인 설립|택배 법인등기|다옴법무사사무소,corporate
/미등기건물소유권보존등기,200,/미등기건물소유권보존등기,"index,follow",true,미등기건물 소유권보존등기,미등기 건물 보존등기|등기부 없는 건물 등기|오래된 건물 보존등기|부산 미등기건물 등기|미등기건물 어떻게 등기,real-estate
/미성년상속인,200,/미성년상속인,"index,follow",true,미성년 상속인,미성년자 상속등기|자녀 미성년 상속,inheritance
/민락동법무사,200,/민락동법무사,"index,follow",true,민락동 법무사,민락동 등기|다옴법무사사무소,local
/민락동부동산등기,200,/민락동부동산등기,"index,follow",true,민락동부동산등기,민락동 법무사|부동산등기|다옴법무사사무소,real-estate
/민사소송,200,/민사소송,"index,follow",true,지급명령·가압류·소장｜채권 회수 절차,부산 법무사|해운대 법무사|센텀 법무사,other
/반송동법무사,200,/반송동법무사,"index,follow",true,반송동 법무사,석대동 법무사|회동동 법무사,local
/반여동법무사,200,/반여동법무사,"index,follow",true,반여동 법무사,반여 법무사|반여동 법무사 추천,local
/반여동부동산등기,200,/반여동부동산등기,"index,follow",true,반여동부동산등기,반여동 법무사|부동산등기|다옴법무사사무소,real-estate
/반여동상속등기,200,/반여동상속등기,"index,follow",true,반여동상속등기,반여동 법무사|상속등기|다옴법무사사무소,inheritance
/방문없이준비하는근저당말소,200,/방문없이준비하는근저당말소,"index,follow",true,근저당권 말소 비대면,대출 상환 후 근저당 말소|은행서류 근저당 말소,real-estate
/방문없이준비하는법무사업무,200,/방문없이준비하는법무사업무,"index,follow",true,방문 없는 법무사,비대면 법무사 업무|전국 법무사 업무,other
/방문없이준비하는법인설립,200,/방문없이준비하는법인설립,"index,follow",true,방문 없는 법인설립,비대면 법인설립 준비|공동창업자 다른 지역 법인설립,corporate
/방문없이준비하는부담부증여,200,/방문없이준비하는부담부증여,"index,follow",true,부담부증여 원격 준비,근저당 있는 아파트 증여|전세 낀 주택 증여 서류,real-estate
/방문없이준비하는상속등기,200,/방문없이준비하는상속등기,"index,follow",true,방문 없는 상속등기,비대면 상속등기 준비|상속등기 서류 전달,inheritance
/방문없이준비하는상속포기한정승인,200,/방문없이준비하는상속포기한정승인,"index,follow",true,방문 없는 상속포기,비대면 한정승인|타지역 법원 상속포기,inheritance
/방문없이준비하는유상증자,200,/방문없이준비하는유상증자,"index,follow",true,유상증자등기 원격 준비,자본금 증가 등기 서류|신주발행등기 준비,corporate
/방문없이준비하는임원변경,200,/방문없이준비하는임원변경,"index,follow",true,방문 없는 임원변경등기,임원변경 원격 준비|정관 등기부 변경등기 확인,corporate
/방문없이준비하는전세권말소,200,/방문없이준비하는전세권말소,"index,follow",true,전세권 말소 원격 준비,전세권말소등기 서류|계약 종료 후 전세권 말소,real-estate
/방문없이준비하는지급명령서류,200,/방문없이준비하는지급명령서류,"index,follow",true,지급명령 방문 없이 준비,지급명령 서류 비대면|미수금 지급명령 자료,other
/범일동법무사,200,/범일동법무사,"index,follow",true,범일동 법무사,범천동 법무사|범일동 상가등기,local
/법률강의,200,/법률강의,"index,follow",true,부산 법률 강의,부산 법률 특강,lecture
/법무사맡기면달라지는점,200,/법무사맡기면달라지는점,"index,follow",true,법무사에게 맡기면 뭐가 달라지나요,등기 대행|법무사 상담,other
/법무사방문전준비,200,/법무사방문전준비,"index,follow",true,법무사 방문 전 준비,법무사 상담 전 준비|방문 상담,other
/법무사법인설립등기,200,/법무사법인설립등기,"index,follow",true,법무사법인 설립등기,법무사법인 설립|법무사 합동|법무사 사무소 법인화|법무사법인 만들기|법무사법인 절차,corporate
/법무사보수,200,/법무사보수,"index,follow",true,법무사 보수,법무사 보수표|수임료,other
/법무사비용,200,/법무사비용,"index,follow",true,법무사 비용,법무사 수임료|등기 비용,other
/법무사비용먼저확인하는방법,200,/법무사비용먼저확인하는방법,"index,follow",true,법무사 비용 먼저 확인,법무사 보수와 공과금|서류를 보내기 전 비용,other
/법무사상담,200,/법무사상담,"index,follow",true,법무사 상담이란,법무사 상담|간편 상담,other
/법무사상담전준비,200,/법무사상담전준비,"index,follow",true,법무사 상담 전 준비,법무사 방문 전 준비|상담 준비서류,other
/법무사수임료,200,/법무사수임료,"index,follow",true,법무사 수임료,법무사 비용|등기 수임료,other
/법무사진로특강,200,/법무사진로특강,"index,follow",true,부산 법무사 진로특강,,lecture
/법무사협업,200,/법무사협업,"index,follow",true,법무사 협업,등기 업무제휴|부산 법무사 제휴,other
/법인공증준비,200,/법인공증준비,"index,follow",true,부산 법인 공증 준비,법인 공증 준비서류|정관 인증 준비|의사록 인증|공증 후 등기|공증 등기 절차,corporate
/법인등기,200,/법인등기,"index,follow",true,법인설립·임원변경·본점이전｜부산 법인등기,부산 법무사|해운대 법무사|센텀 법무사,corporate
/법인등기과태료,200,/법인등기과태료,"index,follow",true,법인등기과태료,법인등기 과태료|다옴법무사사무소,corporate
/법인등기기간,200,/법인등기기간,"index,follow",true,법인등기기간,법인등기 기간|다옴법무사사무소,corporate
/법인등기기한,200,/법인등기기한,"index,follow",true,법인등기기한,법인등기 기한|다옴법무사사무소,corporate
/법인등기보수표,200,/법인등기보수표,"index,follow",true,법인등기보수표,법인등기 보수표|다옴법무사사무소,corporate
/법인등기비용,200,/법인등기비용,"index,follow",true,법인등기비용,법인등기 비용|다옴법무사사무소,corporate
/법인등기상담,200,/법인등기상담,"index,follow",true,법인등기 상담,법무사 상담|간편 상담,corporate
/법인등기실수모음,200,/법인등기실수모음,"index,follow",true,법인등기 실수,임원변경 과태료|법인등기 주의사항,corporate
/법인등기자가진단,200,/법인등기자가진단,"index,follow",true,법인등기,부산 법무사|부산법무사|부산 여성 법무사|해운대 법무사|센텀 법무사,corporate
/법인등기준비서류,200,/법인등기준비서류,"index,follow",true,법인등기준비서류,법인등기 준비서류|다옴법무사사무소,corporate
/법인등기체크리스트,200,/법인등기체크리스트,"index,follow",true,법인등기 체크리스트,법인등기 준비서류|임원변경 서류,corporate
/법인등기필요서류,200,/법인등기필요서류,"index,follow",true,법인등기필요서류,법인등기 필요서류|다옴법무사사무소,corporate
/법인변경등기,200,/법인변경등기,"index,follow",true,법인 변경등기,부산 법인 변경등기|법인등기 변경|임원변경등기|본점이전등기|목적변경등기,corporate
/법인설립등기과태료,200,/법인설립등기과태료,"index,follow",true,법인설립등기과태료,법인설립등기 과태료|다옴법무사사무소,corporate
/법인설립등기기간,200,/법인설립등기기간,"index,follow",true,법인설립등기기간,법인설립등기 기간|다옴법무사사무소,corporate
/법인설립등기기한,200,/법인설립등기기한,"index,follow",true,법인설립등기기한,법인설립등기 기한|다옴법무사사무소,corporate
/법인설립등기보수표,200,/법인설립등기보수표,"index,follow",true,법인설립등기보수표,법인설립등기 보수표|다옴법무사사무소,corporate
/법인설립등기비용,200,/법인설립등기비용,"index,follow",true,센텀,법인설립등기 비용|다옴법무사사무소,corporate
/법인설립등기준비서류,200,/법인설립등기준비서류,"index,follow",true,법인설립등기준비서류,법인설립등기 준비서류|다옴법무사사무소,corporate
/법인설립등기필요서류,200,/법인설립등기필요서류,"index,follow",true,법인설립등기필요서류,법인설립등기 필요서류|다옴법무사사무소,corporate
/법인설립자가진단,200,/법인설립자가진단,"index,follow",true,법인설립등기,부산 법무사|부산법무사|부산 여성 법무사|해운대 법무사|센텀 법무사,corporate
/법인의사록공증준비,200,/법인의사록공증준비,"index,follow",true,의사록 공증,주주총회 의사록 공증|이사회 의사록 공증|의사록 인증|법인 변경등기 공증|주주총회의사록,corporate
/법인정관변경,200,/법인정관변경,"index,follow",true,정관 변경,회사 정관 변경|정관 수정|정관 변경 절차|정관 변경 서류|법인 정관 변경등기,corporate
/법인정관업무,200,/법인정관업무,"index,follow",true,법인 정관,부산 법인 정관|정관 작성|주식회사 정관|법인설립 정관|정관 변경등기,corporate
/법인정관인증확인,200,/법인정관인증확인,"index,follow",true,정관 공증,정관 인증|정관 인증 준비|법인설립 공증|주식회사 정관 공증|1인 법인 정관,corporate
/변제공탁서류준비,200,/변제공탁서류준비,"index,follow",true,변제공탁 서류,변제공탁 신청 준비|공탁서 작성 준비,other
/보존등기후근저당설정,200,/보존등기후근저당설정,"index,follow",true,보존등기 후 근저당 설정,신축 직후 근저당등기|건물 보존 후 담보설정|신축 대출 등기 순서|부산 근저당권설정등기 신축|보존등기 안 하고 근저당,real-estate
/복대리등기,200,/복대리등기,"index,follow",true,복대리 등기,등기 복대리|부산 복대리,other
/복지단체사단법인설립,200,/복지단체사단법인설립,"index,follow",true,복지단체 사단법인 설립,복지단체 법인화|자선단체 사단법인|지역복지 단체|복지단체 법인 설립|사회복지법인 차이,corporate
/본점이전등기과태료,200,/본점이전등기과태료,"index,follow",true,본점이전등기과태료,본점이전등기 과태료|다옴법무사사무소,corporate
/본점이전등기기간,200,/본점이전등기기간,"index,follow",true,본점이전등기기간,본점이전등기 기간|다옴법무사사무소,corporate
/본점이전등기기한,200,/본점이전등기기한,"index,follow",true,본점이전등기기한,본점이전등기 기한|다옴법무사사무소,corporate
/본점이전등기보수표,200,/본점이전등기보수표,"index,follow",true,본점이전등기보수표,본점이전등기 보수표|다옴법무사사무소,corporate
/본점이전등기비용,200,/본점이전등기비용,"index,follow",true,본점이전등기비용,본점이전등기 비용|다옴법무사사무소,corporate
/본점이전등기준비서류,200,/본점이전등기준비서류,"index,follow",true,본점이전등기준비서류,본점이전등기 준비서류|다옴법무사사무소,corporate
/본점이전등기필요서류,200,/본점이전등기필요서류,"index,follow",true,본점이전등기필요서류,본점이전등기 필요서류|다옴법무사사무소,corporate
/본점이전후사업자등록순서,200,/본점이전후사업자등록순서,"index,follow",true,본점이전 후 사업자등록,회사 주소 변경 사업자|법인 주소 이전 순서|본점이전등기 이후,corporate
/부곡동법무사,200,/부곡동법무사,"index,follow",true,부곡동 법무사,부산대 한정승인|금정구 원룸 상속,local
/부곡동상속등기,200,/부곡동상속등기,"index,follow",true,부곡동상속등기,부곡동 법무사|상속등기|다옴법무사사무소,inheritance
/부곡동한정승인,200,/부곡동한정승인,"index,follow",true,부곡동한정승인,부곡동 법무사|한정승인|다옴법무사사무소,inheritance
/부동산과거주지가다른상속등기,200,/부동산과거주지가다른상속등기,"index,follow",true,부동산과 거주지 다른 상속등기,타지역 부동산 상속등기|거주지와 다른 지역 등기,inheritance
/부동산등기,200,/부동산등기,"index,follow",true,부동산등기·소유권이전｜매매·증여 절차,부산 법무사|해운대 법무사|센텀 법무사,real-estate
/부동산등기과태료,200,/부동산등기과태료,"index,follow",true,부동산등기과태료,부동산등기 과태료|다옴법무사사무소,real-estate
/부동산등기기간,200,/부동산등기기간,"index,follow",true,부동산등기기간,부동산등기 기간|다옴법무사사무소,real-estate
/부동산등기기한,200,/부동산등기기한,"index,follow",true,부동산등기기한,부동산등기 기한|다옴법무사사무소,real-estate
/부동산등기보수표,200,/부동산등기보수표,"index,follow",true,부동산등기보수표,부동산등기 보수표|다옴법무사사무소,real-estate
/부동산등기비용,200,/부동산등기비용,"index,follow",true,부동산등기비용,부동산등기 비용|다옴법무사사무소,real-estate
/부동산등기상담,200,/부동산등기상담,"index,follow",true,부동산등기 상담,법무사 상담|간편 상담,real-estate
/부동산등기실수모음,200,/부동산등기실수모음,"index,follow",true,부동산등기 실수,소유권이전 주의|등기 보정,real-estate
/부동산등기자가진단,200,/부동산등기자가진단,"index,follow",true,부동산등기,부산 법무사|부산법무사|부산 여성 법무사|해운대 법무사|센텀 법무사,real-estate
/부동산등기준비서류,200,/부동산등기준비서류,"index,follow",true,부동산등기준비서류,부동산등기 준비서류|다옴법무사사무소,real-estate
/부동산등기체크리스트,200,/부동산등기체크리스트,"index,follow",true,부동산등기 체크리스트,등기 준비서류|소유권이전 서류,real-estate
/부동산등기필요서류,200,/부동산등기필요서류,"index,follow",true,부동산등기필요서류,부동산등기 필요서류|다옴법무사사무소,real-estate
/부동산실권리자명의등기,200,/부동산실권리자명의등기,"index,follow",true,부동산 실권리자명의등기,명의신탁 해소 등기|진정명의회복등기|명의신탁 부동산 등기|실명 전환 등기,real-estate
/부모님사망후해야할일,200,/부모님사망후해야할일,"index,follow",true,부모님 사망 후 해야 할 일,가족 사망 후 행정절차|장례 후 재산정리|갑작스러운 사망 후 상속절차,other
/부모빚상속방법,200,/부모빚상속방법,"index,follow",true,부모 빚 상속,재산보다 빚이 많을 때|상속포기와 한정승인,inheritance
/부모자녀다른지역증여등기,200,/부모자녀다른지역증여등기,"index,follow",true,부모 자녀 다른 지역 증여,증여자 수증자 다른 지역|타지역 증여등기 준비,real-estate
/부산가등기,200,/부산가등기,"index,follow",true,부산 가등기,가등기 설정|가등기 말소|가등기 비용|소유권이전청구권 가등기|담보가등기,real-estate
/부산가압류말소등기,200,/부산가압류말소등기,"index,follow",true,부산 가압류말소등기,가압류 말소|등기부 가압류 지우기|오래된 가압류 말소|변제 후 가압류 해제|채권자 연락두절 가압류,other
/부산가정법원법무사,200,/부산가정법원법무사,"index,follow",true,부산가정법원 법무사,부산가정법원|다옴법무사사무소,other
/부산가정법원상속,200,/부산가정법원상속,"index,follow",true,부산,가정법원 상속포기|다옴법무사사무소,inheritance
/부산가정법원상속포기,200,/부산가정법원상속포기,"index,follow",true,부산가정법원상속포기,부산가정법원|상속포기|다옴법무사사무소,inheritance
/부산가정법원성년후견,200,/부산가정법원성년후견,"index,follow",true,부산가정법원성년후견,부산가정법원|성년후견|다옴법무사사무소,other
/부산가정법원한정승인,200,/부산가정법원한정승인,"index,follow",true,부산가정법원한정승인,부산가정법원|한정승인|다옴법무사사무소,inheritance
/부산감자등기,200,/부산감자등기,"index,follow",true,부산 감자등기,자본금 감소등기|법인 감자|자본감소 등기|감자 채권자 보호|자본금 줄이려면 등기,other
/부산강사섭외비용,200,/부산강사섭외비용,"index,follow",true,부산 강사 섭외 비용,부산 출강료|부산 강사료|부산 특강 강사 비용|강의료 견적,lecture
/부산강사섭외체크리스트,200,/부산강사섭외체크리스트,"index,follow",true,부산 강사 섭외 체크리스트,부산 외부강사 섭외 방법|강사 프로필 요청 방법|강의계획서에 들어갈 내용,lecture
/부산개명허가,200,/부산개명허가,"index,follow",true,부산 개명허가,부산 개명신청|개명허가 신청|개명신청|부산가정법원 개명|개명허가 비용,other
/부산개인사업자법인전환,200,/부산개인사업자법인전환,"index,follow",true,부산 개인사업자 법인전환,개인사업 법인 전환|개인사업자 법인설립|법인 전환 등기|포괄양수도 법인|개인사업자 법인으로,corporate
/부산개인파산,200,/부산개인파산,"index,follow",true,부산,개인파산|다옴법무사사무소,rehab
/부산개인파산법무사,200,/부산개인파산법무사,"index,follow",true,부산 개인파산 법무사,부산 파산 법무사|부산 개인파산,rehab
/부산개인파산법무사추천,200,/부산개인파산법무사추천,"index,follow",true,부산 개인파산 법무사 추천,부산 파산 법무사 추천|부산 개인파산 상담,rehab
/부산개인파산상담,200,/부산개인파산상담,"index,follow",true,부산 개인파산 상담,부산 파산 상담|면책,rehab
/부산개인파산전문법무사,200,/부산개인파산전문법무사,"index,follow",true,부산 개인파산전문 법무사,부산 개인파산|부산 파산|부산 면책|개인파산 면책,rehab
/부산개인회생,200,/부산개인회생,"index,follow",true,부산 개인회생,개인회생 신청자격|부산회생법원|개인회생 절차,rehab
/부산개인회생법무사,200,/부산개인회생법무사,"index,follow",true,부산 개인회생 법무사,개인회생 신청 가능성|부산회생법원|소득 채무 재산,rehab
/부산개인회생법무사추천,200,/부산개인회생법무사추천,"index,follow",true,부산 개인회생 법무사 추천,부산 회생 법무사 추천|부산 개인회생 상담,rehab
/부산개인회생상담,200,/부산개인회생상담,"index,follow",true,부산 개인회생 상담,부산 회생 상담|개인회생 상담,rehab
/부산개인회생신청,200,/부산개인회생신청,"index,follow",true,부산 개인회생 신청,개인회생 신청|부산 회생,rehab
/부산개인회생전문법무사,200,/부산개인회생전문법무사,"index,follow",true,부산 개인회생전문 법무사,부산 개인회생|부산 개인회생 법무사|부산회생법원|가용소득,rehab
/부산건물등기,200,/부산건물등기,"index,follow",true,부산 건물등기,건물등기 종류|건축물 등기|부산 건축물등기|신축건물 보존등기|건물 멸실등기,other
/부산건물멸실등기,200,/부산건물멸실등기,"index,follow",true,부산 건물멸실등기,건물 멸실등기|철거 후 멸실등기|건축물대장 말소 등기|소실 건물 등기|공장 멸실등기,other
/부산건물표시변경등기,200,/부산건물표시변경등기,"index,follow",true,부산 건물표시변경등기,건물 표시변경|등기부 표제부 변경|증축 후 표시변경등기|용도변경 등기|일부 철거 표시변경,other
/부산건설사등기,200,/부산건설사등기,"index,follow",true,부산 건설사 등기,건설사 보존등기|도급 건축주 등기|건설사 법인등기|준공 후 등기 협업,other
/부산건축물등기법무사,200,/부산건축물등기법무사,"index,follow",true,부산 건축물등기 법무사,건축물등기 상담|건물등기 법무사 부산|신축건물 등기 법무사|멸실등기 법무사|표시변경등기 상담,other
/부산건축사등기협업,200,/부산건축사등기협업,"index,follow",true,부산 건축사 등기 협업,사용승인 보존등기|건축물대장 보존등기|건축사사무소 법무사|신축건물 보존등기 협업,other
/부산경매권리분석,200,/부산경매권리분석,"index,follow",true,부산 경매 권리분석,경매 말소기준권리|경매 등기부 확인|입찰 전 권리관계|경매 임차인 확인,other
/부산경매낙찰등기,200,/부산경매낙찰등기,"index,follow",true,부산 경매낙찰등기,부산 경매 소유권이전|경매 낙찰 후 등기|경매 촉탁등기|경매 취득세|낙찰 후 근저당,other
/부산공동대표변경등기,200,/부산공동대표변경등기,"index,follow",true,부산 공동대표 변경등기,공동대표이사 변경|공동대표 사임등기|단독대표 전환 등기|공동대표권|공동대표 한 명만 바꿔도,other
/부산공동명의등기,200,/부산공동명의등기,"index,follow",true,부산 공동명의등기,부산 부부 공동명의|공동소유 등기|단독명의 공동명의 변경|공동명의 지분|부부 공동명의 주택,other
/부산공동명의지분증여등기,200,/부산공동명의지분증여등기,"index,follow",true,부산 지분 증여등기,공동명의 지분 증여|아파트 일부 지분 증여,real-estate
/부산공매낙찰등기,200,/부산공매낙찰등기,"index,follow",true,부산 공매낙찰등기,온비드 낙찰등기|캠코 공매 등기|공매 소유권이전|공매 취득세|공매 잔금대출,other
/부산공장창고등기,200,/부산공장창고등기,"index,follow",true,부산 공장창고 등기,공장 보존등기|창고 등기|공장 멸실등기|산업단지 건물등기|물류창고 등기,other
/부산국제금융센터법인등기,200,/부산국제금융센터법인등기,"index,follow",true,문현동,부산국제금융센터 법인등기|다옴법무사사무소,corporate
/부산근저당말소등기,200,/부산근저당말소등기,"index,follow",true,부산 근저당말소,부산 근저당권 말소등기|대출상환 등기,real-estate
/부산근저당설정등기,200,/부산근저당설정등기,"index,follow",true,부산 근저당설정등기,부산 근저당 법무사|부산 담보등기,real-estate
/부산근저당전문법무사,200,/부산근저당전문법무사,"index,follow",true,부산 근저당전문 법무사,부산 근저당설정등기|부산 근저당말소등기|부산 잔금대출 근저당|채권최고액,real-estate
/부산기관법률특강,200,/부산기관법률특강,"index,follow",true,부산 기관 법률특강,부산 단체 법률교육|부산 협회 법률특강|기관 생활법률 특강|부산 업체 법률특강,lecture
/부산기업법률자문,200,/부산기업법률자문,"index,follow",true,부산 기업 법률자문,부산 기업 법무지원|부산 법인 법률자문|부산 기업 법무사|부산 중소기업 법률지원,other
/부산기업법무사,200,/부산기업법무사,"index,follow",true,부산 기업 법무사,부산 기업 법률자문|부산 법인 법률자문|부산 기업 등기|부산 중소기업 법무사|부산 회사 법무사,other
/부산기업부동산등기,200,/부산기업부동산등기,"index,follow",true,부산 기업 부동산등기,부산 법인 부동산등기|부산 공장 등기|부산 법인 근저당설정,real-estate
/부산기업채권관리,200,/부산기업채권관리,"index,follow",true,부산 기업 채권관리,부산 기업 미수금|부산 기업 내용증명|부산 법인 지급명령,other
/부산농업회사법인설립,200,/부산농업회사법인설립,"index,follow",true,부산 농업회사법인 설립,농업회사법인 인증|농업회사법인 설립등기|경남 농업회사법인|농업법인 설립|농업회사법인 설립 절차,corporate
/부산대표이사변경등기,200,/부산대표이사변경등기,"index,follow",true,부산 대표이사 변경등기,부산 대표이사 등기|대표이사 취임등기|대표이사 사임등기|법인 대표 변경|경영권 이전 등기,other
/부산도서관법률특강,200,/부산도서관법률특강,"index,follow",true,부산 도서관 법률특강,,lecture
/부산등기권리증분실,200,/부산등기권리증분실,"index,follow",true,부산 등기권리증 분실,등기필증 분실|등기권리증 재발급|확인서면|매도 등기권리증|소유권이전 권리증 분실,other
/부산등기명의인표시변경,200,/부산등기명의인표시변경,"index,follow",true,부산 등기명의인 표시변경,등기부 주소변경|소유자 주소변경등기|개명 후 부동산등기|법인 상호변경 부동산등기|회사명 변경 부동산등기,other
/부산등기법무사,200,/부산등기법무사,"index,follow",true,부산 등기 법무사,부산 등기업무,other
/부산등기법무사추천,200,/부산등기법무사추천,"index,follow",true,부산 등기 법무사 추천,부산 등기 잘하는 법무사|부산 부동산등기 법무사 추천|부산 소유권이전등기 법무사|부산 상속등기 법무사|부산 법인등기 법무사,other
/부산등기보정업무,200,/부산등기보정업무,"index,follow",true,부산 등기 보정,등기 보정 업무 협업|부산 등기소 보정 대응|보정 기한 등기|타지역 법무사 보정 협조,other
/부산등기복대리,200,/부산등기복대리,"index,follow",true,부산 등기 복대리,부산 복대리 법무사|부산 등기 접수 대행|타지역 법무사 부산 등기|부산 등기 보정 대응|부산 등기 완료서류 수령,other
/부산등기소현지업무,200,/부산등기소현지업무,"index,follow",true,부산 등기소 현지업무,부산 등기소 방문|등기소 서류 제출 협업|부산 등기 진행 확인|현지 법무사 등기소,other
/부산등기전문법무사,200,/부산등기전문법무사,"index,follow",true,부산 등기전문 법무사,부산 등기 법무사|부산 부동산등기|부산 상속등기|부산 법인등기,other
/부산등기접수협업,200,/부산등기접수협업,"index,follow",true,부산 등기 접수 협업,부산 등기소 접수|등기 접수증 공유|부산 현지 접수 대행|타지역 등기 접수 협조,other
/부산매매등기법무사,200,/부산매매등기법무사,"index,follow",true,부산 매매등기 법무사,부산 소유권이전등기|부산 부동산 매매 등기|부산 잔금일 등기|부산 매매 등기 비용|부산 매매 등기 서류,real-estate
/부산매매등기전문법무사,200,/부산매매등기전문법무사,"index,follow",true,부산 매매등기전문 법무사,부산 매매등기 법무사|부산 아파트 매매등기|부산 소유권이전등기|잔금 등기,real-estate
/부산매수인법무사,200,/부산매수인법무사,"index,follow",true,부산 매수인 법무사,매수인 법무사 선택|부산 소유권이전 매수인|매수인 등기 서류|매수인 잔금일 등기|부산 매매 근저당 설정,other
/부산면책신청,200,/부산면책신청,"index,follow",true,부산 면책신청,면책|개인파산 면책,other
/부산면책전문법무사,200,/부산면책전문법무사,"index,follow",true,부산 면책전문 법무사,부산 면책|부산 면책신청|부산 개인파산 면책|부산 파산전문 법무사,other
/부산명의변경등기,200,/부산명의변경등기,"index,follow",true,부산 명의변경 등기,부동산 명의변경|명의변경 등기 원인|부산 소유권이전 명의변경|명의변경 서류|명의변경 비용,other
/부산무상증자등기,200,/부산무상증자등기,"index,follow",true,부산 무상증자등기,무상증자 등기|준비금 자본전입|무상신주 배정|자본금 증가 무상|무상증자 등기 필요,corporate
/부산문화예술단체법인설립,200,/부산문화예술단체법인설립,"index,follow",true,부산 문화예술단체 법인설립,부산 예술인 협회|부산 공연단체 법인|부산 문화재단|부산 문화단체 법인,corporate
/부산법률강사,200,/부산법률강사,"index,follow",true,부산 강사 섭외,부산 강사 초빙,lecture
/부산법률상담,200,/부산법률상담,"index,follow",true,부산 법률상담,부산 무료법률상담|법률구조공단 상담|법무사 업무범위|부산 등기 상담,other
/부산법률전문가,200,/부산법률전문가,"index,follow",true,부산 법률 전문가,부산 법률 전문가 섭외,other
/부산법무사,200,/부산법무사,"index,follow",true,부산 법무사 선택 기준,부산 법무사 업무 안내|법무사 상담 전 확인,other
/부산법무사강의,200,/부산법무사강의,"index,follow",true,부산 법무사 강의,,lecture
/부산법무사무소,200,/부산법무사무소,"index,follow",true,부산 법무사 사무실,부산 법무사무소|부산 법무사 사무소|해운대 법무사무소|센텀 법무사무소|다옴법무사사무소,other
/부산법무사방문상담,200,/부산법무사방문상담,"index,follow",true,부산 법무사 방문상담,해운대 법무사 방문|센텀 법무사 상담 예약|법무사 사무실 방문|부산 법무사 예약|센텀 법무사 오시는 길,other
/부산법무사보수,200,/부산법무사보수,"index,follow",true,부산 법무사 보수,법무사 보수|부산 법무사 보수표,other
/부산법무사보수표,200,/부산법무사보수표,"index,follow",true,부산,법무사 보수표|다옴법무사사무소,other
/부산법무사복대리,200,/부산법무사복대리,"index,follow",true,부산 복대리,부산 법무사 복대리|부산 등기 복대리|부산 등기소 접수|부산 등기 보정|부산 현지 법무사,other
/부산법무사비교,200,/부산법무사비교,"index,follow",true,부산 법무사 비교,부산 법무사 비용 비교|부산 등기 법무사 비교|부산 법무사 선택 기준,other
/부산법무사비대면상담,200,/부산법무사비대면상담,"index,follow",true,부산 법무사 비대면,법무사 원격 상담|법무사 카카오톡 상담|비대면 등기|우편 법무사 의뢰|타지역 법무사 원격,other
/부산법무사비용,200,/부산법무사비용,"index,follow",true,부산,법무사 비용·수임료|다옴법무사사무소,other
/부산법무사상담,200,/부산법무사상담,"index,follow",true,부산 법무사 상담,부산 법무사 상담 안내|법무사 상담 채널|법무사 방문 예약,other
/부산법무사서류준비,200,/부산법무사서류준비,"index,follow",true,부산 법무사 서류,법무사 상담 서류|상속등기 준비서류|부동산등기 서류|법인등기 서류|개인회생 준비서류,other
/부산법무사수임료,200,/부산법무사수임료,"index,follow",true,부산 법무사 수임료,법무사 수임료|부산 법무사 비용,other
/부산법무사잘하는곳,200,/부산법무사잘하는곳,"index,follow",true,부산 법무사 잘하는 곳,부산 법무사 추천|해운대 법무사 잘하는 곳,other
/부산법무사추천,200,/부산법무사추천,"index,follow",true,부산 법무사 추천,부산 법무사 사무소 추천|부산 법무사 잘하는 곳,other
/부산법무사후기,200,/부산법무사후기,"index,follow",true,부산 법무사 후기,부산 법무사 추천 후기|부산 상속등기 후기|부산 부동산등기 후기|부산 법인등기 후기,other
/부산법원근처법무사,200,/부산법원근처법무사,"index,follow",true,부산 법원 근처 법무사,법원 앞 법무사|센텀 법원 법무사|다옴법무사사무소,other
/부산법인등기,200,/부산법인등기,"index,follow",true,부산 법인등기 법무사,부산 법인등기|부산 회사등기|부산 기업등기|부산 상업등기,corporate
/부산법인등기과태료,200,/부산법인등기과태료,"index,follow",true,부산 법인등기 과태료,법인등기 과태료|임원변경 과태료|등기 지연 과태료|변경등기 기한|법인등기 안 하면 과태료,corporate
/부산법인등기복대리,200,/부산법인등기복대리,"index,follow",true,부산 법인등기 복대리,부산 임원변경 복대리|부산 본점이전 등기 협업|타지역 법무사 부산 법인등기|부산 법인 변경등기 현지,corporate
/부산법인등기비용,200,/부산법인등기비용,"index,follow",true,부산 법인등기 비용,부산 법인설립 비용|부산 임원변경등기 비용|부산 본점이전등기 비용|법무사 법인등기 수수료|법인등기 등록면허세,corporate
/부산법인등기아웃소싱,200,/부산법인등기아웃소싱,"index,follow",true,부산 법인등기 아웃소싱,기업 법인등기 위탁|임원변경 반복 등기|법인 변경등기 일정 관리|부산 기업 등기 협업,corporate
/부산법인등기전문,200,/부산법인등기전문,"index,follow",true,법인등기 상담 전 확인,임원변경 기한·과태료|본점이전 체크리스트,corporate
/부산법인법무사,200,/부산법인법무사,"index,follow",true,부산 법무사 법인 업무,부산 법인 업무|부산 법인 법무|부산 법인 법무사|부산 법인등기 업무|부산 회사 법무,corporate
/부산법인설립등기,200,/부산법인설립등기,"index,follow",true,부산 법인설립 법무사,부산 법인설립등기|1인 법인설립,corporate
/부산법인설립전문법무사,200,/부산법인설립전문법무사,"index,follow",true,부산 법인설립전문 법무사,부산 법인설립|부산 법인설립등기|부산 회사설립 법무사|부산 법인전문 법무사,corporate
/부산법인전문법무사,200,/부산법인전문법무사,"index,follow",true,부산 법인전문 법무사,부산 법인 법무사|부산 법인등기|부산 법인설립등기|부산 임원변경등기,corporate
/부산법인정기점검,200,/부산법인정기점검,"index,follow",true,부산 법인 정기점검,법인등기 정기관리|임원임기 점검|법인등기 체크리스트|경영지원 법인등기|임원 임기 언제 확인,corporate
/부산법인해산전확인사항,200,/부산법인해산전확인사항,"index,follow",true,부산 법인 해산 전 확인사항,법인해산 체크리스트|해산 전 준비|법인 폐업 전 확인|청산 전 점검|법인 해산 전 뭐 확인,corporate
/부산법인해산청산등기,200,/부산법인해산청산등기,"index,follow",true,부산 법인 해산등기,법인 청산등기|법인 청산종결등기|법인 폐업 등기|면법인 정리|법인 폐업 등기,corporate
/부산본점이전등기,200,/부산본점이전등기,"index,follow",true,부산 본점이전등기,부산 법인 본점이전|법인 주소 변경등기|본점 소재지 변경|회사 주소 이전 등기|법인 주소 옮겼는데 등기,corporate
/부산부담부증여등기,200,/부산부담부증여등기,"index,follow",true,부산 부담부증여 등기,근저당 있는 아파트 증여|전세보증금 있는 주택 증여,real-estate
/부산부동산등기,200,/부산부동산등기,"index,follow",true,부산 부동산등기 법무사,부산 부동산등기|부산 소유권이전등기,real-estate
/부산부동산등기법무사,200,/부산부동산등기법무사,"index,follow",true,부동산등기 법무사 상담,부산 소유권이전등기 법무사|부산 아파트 등기 법무사|부산 매매등기 법무사|부산 근저당말소 법무사|부산 전세권설정 법무사,real-estate
/부산부동산등기복대리,200,/부산부동산등기복대리,"index,follow",true,부산 부동산등기 복대리,부산 부동산 등기 협업|타지역 법무사 부산 부동산등기|부산 소유권이전 복대리|부산 근저당 등기 협업,real-estate
/부산부동산등기전문,200,/부산부동산등기전문,"index,follow",true,부동산등기 상담 전 확인,매매·증여·보존등기 체크리스트|근저당·전세권 서류,real-estate
/부산부동산등기전문법무사,200,/부산부동산등기전문법무사,"index,follow",true,부산 부동산등기전문 법무사,부산 부동산등기|부산 부동산등기전문|부산 매매등기|부산 근저당등기,real-estate
/부산부동산전문법무사,200,/부산부동산전문법무사,"index,follow",true,부산 부동산전문 법무사,부산 부동산 법무사|부산 부동산등기전문 법무사|부산 부동산등기|부산 매매등기,real-estate
/부산부동산협력법무사,200,/부산부동산협력법무사,"index,follow",true,부산 부동산 협력 법무사,공인중개사 등기 협업|잔금일 등기|소유권이전등기 협업|근저당 설정 말소,real-estate
/부산부모자녀아파트증여등기,200,/부산부모자녀아파트증여등기,"index,follow",true,부산 부모 자녀 아파트 증여등기,부모 자녀 아파트 증여|부산 아파트 증여등기,real-estate
/부산부부간증여등기,200,/부산부부간증여등기,"index,follow",true,부산 부부간 증여등기,부부 공동명의 증여|배우자 지분 증여,real-estate
/부산부재자재산관리인,200,/부산부재자재산관리인,"index,follow",true,부산 부재자재산관리인,부재자재산관리인 선임|부재자 재산관리|연락두절 부재자,other
/부산분양등기,200,/부산분양등기,"index,follow",true,부산 분양등기,수분양자 소유권이전|분양 잔금 등기|신축 분양 등기|분양대행 등기 협업,other
/부산비영리법인변경등기,200,/부산비영리법인변경등기,"index,follow",true,부산 비영리법인 변경등기,비영리법인 임원변경등기|사단법인 목적변경|재단법인 주사무소 이전|비영리법인 해산등기|비영리법인 임원 바뀌면,corporate
/부산비영리법인설립등기,200,/부산비영리법인설립등기,"index,follow",true,부산 비영리법인 설립등기,부산 사단법인 설립|부산 재단법인 설립|비영리법인 설립 허가|부산 비영리법인 등기|부산 비영리법인 설립 절차,corporate
/부산빌라매매등기,200,/부산빌라매매등기,"index,follow",true,부산 빌라 매매등기,빌라·다세대주택 매매등기|빌라·다세대주택 소유권이전|빌라·다세대주택 잔금 등기|빌라·다세대주택 매수 법무사|빌라·다세대주택 등기 서류,real-estate
/부산사단법인설립,200,/부산사단법인설립,"index,follow",true,부산 사단법인 설립,사단법인 설립허가|사단법인 창립총회|협회 사단법인|부산 협회 법인설립|사단법인 설립 절차,corporate
/부산사업목적변경등기,200,/부산사업목적변경등기,"index,follow",true,부산 사업목적 변경등기,사업목적 추가등기|정관 목적 변경|업종 추가 법인등기|목적변경등기|새 사업 추가 등기,corporate
/부산사회복지기관강사,200,/부산사회복지기관강사,"index,follow",true,부산 사회복지기관 강사,부산 복지기관 종사자교육|부산 자립지원 종사자교육|부산 사회복지사 교육 강사|부산 현장 실무교육 강사,lecture
/부산사회복지법인등기,200,/부산사회복지법인등기,"index,follow",true,부산 사회복지법인 등기,부산 사회복지법인 설립|부산 복지법인 등기|부산 사회복지법인 인가|부산 사회복지법인 설립|부산 복지법인 등기,corporate
/부산사회적협동조합설립,200,/부산사회적협동조합설립,"index,follow",true,부산 사회적협동조합 설립,사회적협동조합 인가|사회적협동조합 설립등기|사회적협동조합 정관|사회적협동조합 설립 절차|사회적협동조합 등기 기한,corporate
/부산상가등기,200,/부산상가등기,"index,follow",true,중구,부산 상가등기|다옴법무사사무소,real-estate
/부산상가매매등기,200,/부산상가매매등기,"index,follow",true,부산 상가 매매등기,상가 매매등기|상가 소유권이전|상가 잔금 등기|상가 매수 법무사|상가 등기 서류,real-estate
/부산상속등기,200,/부산상속등기,"index,follow",true,부산 상속등기 법무사,부산 상속등기|상속부동산 명의이전,inheritance
/부산상속등기전문,200,/부산상속등기전문,"index,follow",true,상속등기 상담 전 확인,상속등기 서류·기한|공동상속인 체크리스트,inheritance
/부산상속등기전문법무사,200,/부산상속등기,"noindex,follow",false,부산 상속등기전문 법무사,부산 상속등기|부산 상속등기 법무사|부산 상속전문 법무사|부산 상속등기전문,inheritance
/부산상속법무사,200,/부산상속법무사,"index,follow",true,부산 상속 법무사,부산 법무사 상속|부산 상속전문 법무사|부산 상속포기|부산 한정승인|부산 상속재산분할,inheritance
/부산상속법무사추천,200,/부산상속법무사추천,"index,follow",true,부산 상속 법무사 추천,부산 상속전문 법무사 추천|부산 상속등기 법무사 추천|부산 상속 상담|부산 상속 법무사 비용,inheritance
/부산상속재산관리인,200,/부산상속재산관리인,"index,follow",true,부산 상속재산관리인,상속인 없는 경우|상속재산관리인 선임|상속재산 관리,inheritance
/부산상속재산분할법무사,200,/부산상속재산분할법무사,"index,follow",true,부산 상속재산분할 법무사,부산 상속재산분할협의|부산 유산분할 법무사|형제 상속분쟁 부산|상속 부동산 단독명의|협의분할 상속등기,inheritance
/부산상속전문법무사,200,/부산상속법무사,"noindex,follow",false,상속등기 첫 분기,상속포기 기한|한정승인 확인,inheritance
/부산상속포기,200,/부산상속포기,"index,follow",true,부산 상속포기 법무사,부산 상속포기|상속포기 3개월,inheritance
/부산상속포기전문법무사,200,/부산상속포기,"noindex,follow",false,부산 상속포기전문 법무사,부산 상속포기|부산 한정승인|부산 상속등기|가정법원 상속포기,inheritance
/부산상속후매매등기,200,/부산상속후매매등기,"index,follow",true,부산 상속 후 매매등기,상속받은 집 바로 매매|상속등기 없이 매매|상속재산분할 후 매매|상속 부동산 매도|상속 지분 매매,inheritance
/부산상호변경등기,200,/부산상호변경등기,"index,follow",true,부산 상호변경등기,법인 상호 변경|회사명 변경등기|상호변경 정관|부산 법인 이름 변경|법인 상호 바꾸려면,other
/부산선박등기,200,/부산선박등기,"index,follow",true,부산 선박등기,어선 등기 부산|선박 소유권 이전|다옴법무사사무소,other
/부산셀프등기,200,/부산셀프등기,"index,follow",true,부산 셀프등기,등기 직접 신청|인터넷등기소 셀프|셀프 소유권이전|등기 보정 실수|법무사 없이 등기,other
/부산소유권이전등기,200,/부산소유권이전등기,"index,follow",true,부산 소유권이전등기,부산 아파트 소유권이전등기|부산 매매등기,real-estate
/부산소유권이전전문법무사,200,/부산소유권이전전문법무사,"index,follow",true,부산 소유권이전전문 법무사,부산 소유권이전등기|부산 부동산등기|부산 증여등기|부산 상속등기,real-estate
/부산스타트업법무사,200,/부산스타트업법무사,"index,follow",true,부산 스타트업 법무사,부산 창업 법무사|부산 청년창업 법무사|부산 스타트업 법인설립|센텀 스타트업 법인설립|부산 창업 법률상담,other
/부산시행사등기,200,/부산시행사등기,"index,follow",true,부산 시행사 등기,시행사 보존등기|분양 프로젝트 등기|시행사 집단등기|사업비 담보 등기,other
/부산신축건물보존등기,200,/부산신축건물보존등기,"index,follow",true,부산 신축건물 보존등기,건물 보존등기 절차|집합건물 보존등기|아파트 보존등기|오피스텔 보존등기|상가 보존등기,real-estate
/부산신축아파트소유권이전등기,200,/부산신축아파트소유권이전등기,"index,follow",true,부산,신축아파트 소유권이전등기|다옴법무사사무소,real-estate
/부산신탁등기,200,/부산신탁등기,"index,follow",true,부산 신탁등기,부동산 신탁등기|신탁원부 확인|담보신탁 말소|신탁부동산 매매|신탁재산 소유권이전,other
/부산아파트매매등기,200,/부산아파트매매등기,"index,follow",true,부산 아파트 매매등기,부산 아파트 소유권이전|부산 아파트 등기 비용|부산 아파트 등기 서류|전세 낀 아파트 매매|아파트 잔금 대출 등기,real-estate
/부산압류말소등기,200,/부산압류말소등기,"index,follow",true,부산 압류말소등기,압류 말소|세금 압류 말소|체납 압류 해제|등기부 압류 지우기|매매 전 압류 말소,other
/부산여성법무사,200,/부산여성법무사,"index,follow",true,부산 여성 법무사,여성 법무사 부산|부산 여자 법무사|다옴법무사사무소,other
/부산역법무사,200,/부산역법무사,"index,follow",true,부산역 법무사,초량 역세권 등기|KTX 부산역 상가등기,other
/부산역부동산등기,200,/부산역부동산등기,"index,follow",true,부산역부동산등기,부산역 법무사|부동산등기|다옴법무사사무소,real-estate
/부산오피스텔매매등기,200,/부산오피스텔매매등기,"index,follow",true,부산 오피스텔 매매등기,오피스텔 매매등기|오피스텔 소유권이전|오피스텔 잔금 등기|오피스텔 매수 법무사|오피스텔 등기 서류,real-estate
/부산오피스텔소유권이전등기,200,/부산오피스텔소유권이전등기,"index,follow",true,부산진구,부산 오피스텔 소유권이전등기|다옴법무사사무소,real-estate
/부산외국인부동산등기,200,/부산외국인부동산등기,"index,follow",true,부산 외국인 부동산등기,외국인 아파트 매수|외국인 부동산 매도|외국인등록번호 등기|재외국민 부동산 매매|아포스티유 등기서류,real-estate
/부산원거리등기협업,200,/부산원거리등기협업,"index,follow",true,부산 원거리 등기,원거리 등기 협업|타지역 부산 등기|등기 서류 전달 협업|부산 현지 법무사 원거리,other
/부산유상증자등기,200,/부산유상증자등기,"index,follow",true,부산 유상증자 등기,유상증자 등기|신주발행등기|자본금 증자 등기|투자 유치 등기|유상증자 등기 필요,corporate
/부산유언검인,200,/부산유언검인,"index,follow",true,부산 유언검인,유언검인 신청|유언증서 검인|부산가정법원 유언검인|자필유언 검인|녹음유언 검인,other
/부산의료법인등기,200,/부산의료법인등기,"index,follow",true,부산 의료법인 등기,부산 병원 법인 설립|부산 의료법인 설립|부산 의원 법인화|부산 의료법인 설립|부산 병원 법인 등기,corporate
/부산이혼재산분할등기,200,/부산이혼재산분할등기,"index,follow",true,부산 이혼재산분할등기,이혼 후 부동산 명의변경|재산분할 소유권이전|이혼 공동명의 정리|이혼 후 집 명의|재산분할 근저당,other
/부산임원변경등기,200,/부산임원변경등기,"index,follow",true,부산 임원변경등기,부산 대표이사 변경등기|임원 임기만료 과태료,corporate
/부산임원변경전문법무사,200,/부산임원변경전문법무사,"index,follow",true,부산 임원변경전문 법무사,부산 임원변경등기|부산 법인 법무사|부산 대표이사 변경|임기 만료 과태료,corporate
/부산임원사임해임등기,200,/부산임원사임해임등기,"index,follow",true,부산 임원 사임 해임등기,이사 사임등기|임원 해임등기|대표이사 사임|임원 중도 퇴임|임원 사임하면 등기,corporate
/부산임원임기만료등기,200,/부산임원임기만료등기,"index,follow",true,부산 임원 임기만료 등기,임기만료 중임등기|대표이사 임기 만료|이사 임기만료 등기|임원 중임등기|임기 지났는데 계속 근무,corporate
/부산임차권등기명령,200,/부산임차권등기명령,"index,follow",true,부산 임차권등기명령,임차권등기명령 신청|임차권등기명령 요건|임차권등기명령 서류|임차권등기명령 기간|전세 이사 임차권등기,other
/부산입주등기,200,/부산입주등기,"index,follow",true,부산 입주등기,신축아파트 입주등기|분양아파트 소유권이전|입주 소유권이전등기|부산 신축 입주 법무사|입주 잔금 등기,other
/부산잔금대출근저당,200,/부산잔금대출근저당,"index,follow",true,부산 잔금대출 근저당,잔금 대출 근저당|근저당 설정등기|은행 지정 법무사|대출 법무사 비용|채권최고액,real-estate
/부산잔금등기협업,200,/부산잔금등기협업,"index,follow",true,부산 잔금일 등기,잔금 등기 협업|매매 잔금 소유권이전|잔금일 근저당|중개사 잔금 등기,other
/부산잔금일법무사,200,/부산잔금일법무사,"index,follow",true,부산 잔금일 법무사,잔금일 등기|잔금 당일 소유권이전|아파트 잔금 등기,other
/부산재개발등기,200,/부산재개발등기,"index,follow",true,부산,재개발등기|다옴법무사사무소,other
/부산재건축등기,200,/부산재건축등기,"index,follow",true,동래구,부산 재건축등기|다옴법무사사무소,other
/부산재단법인설립,200,/부산재단법인설립,"index,follow",true,부산 재단법인 설립,재단법인 설립등기|재단법인 기본재산|출연재산 재단법인|부산 재단 설립|재단법인 설립 절차,corporate
/부산재산명시,200,/부산재산명시,"index,follow",true,부산 재산명시,재산명시신청|채무자 재산목록|재산명시 법무사|재산조회,other
/부산전세권말소등기,200,/부산전세권말소등기,"index,follow",true,부산 전세권말소,전세권 말소 법무사|전세권 해지 등기,real-estate
/부산전세권설정등기,200,/부산전세권설정등기,"index,follow",true,부산 전세권설정등기,부산 전세권 법무사|전세권 설정 비용,real-estate
/부산전세보증금반환법무사,200,/부산전세보증금반환법무사,"index,follow",true,부산 전세보증금 반환,전세보증금 반환 법무사|전세금 못 받았을 때|임차권등기명령|전세 보증금 미반환|전세보증금 반환 절차,real-estate
/부산전세전문법무사,200,/부산전세전문법무사,"index,follow",true,부산 전세전문 법무사,부산 전세권설정등기|부산 전세보증금반환 법무사|임대차 전세|임차권등기명령,real-estate
/부산조합협동조합등기,200,/부산조합협동조합등기,"index,follow",true,부산 협동조합 등기,부산 협동조합 설립등기|부산 사회적협동조합|협동조합 임원변경등기|협동조합 해산등기|협동조합 설립등기 기한,other
/부산중도금대출근저당,200,/부산중도금대출근저당,"index,follow",true,부산 중도금대출 근저당,중도금 대출 근저당|근저당 설정등기|은행 지정 법무사|대출 법무사 비용|채권최고액,real-estate
/부산증여등기,200,/부산증여등기,"index,follow",true,부산 증여 법무사,부산 증여등기 법무사|부산 증여등기|부산 부동산 증여|부산 아파트 증여등기|증여 소유권이전등기,real-estate
/부산증여등기전문법무사,200,/부산증여등기전문법무사,"index,follow",true,부산 증여등기전문 법무사,부산 증여등기|부산 증여 법무사|부산 부모자녀 증여|부산 부부 증여등기,real-estate
/부산지방법원동부지원등기과,200,/부산지방법원동부지원등기과,"index,follow",true,센텀,부산지방법원 동부지원 등기과 법인등기|다옴법무사사무소,other
/부산지방법원동부지원등기과법무사,200,/부산지방법원동부지원등기과법무사,"index,follow",true,부산지방법원동부지원등기과 법무사,동부지원 등기과|다옴법무사사무소,local
/부산지방법원동부지원등기과법인등기,200,/부산지방법원동부지원등기과법인등기,"index,follow",true,부산지방법원동부지원등기과법인등기,동부지원 등기과|법인등기|다옴법무사사무소,corporate
/부산지방법원동부지원등기과부동산등기,200,/부산지방법원동부지원등기과부동산등기,"index,follow",true,부산지방법원동부지원등기과부동산등기,동부지원 등기과|부동산등기|다옴법무사사무소,real-estate
/부산지방법원동부지원법무사,200,/부산지방법원동부지원법무사,"index,follow",true,해운대,부산지방법원 동부지원 개인회생|다옴법무사사무소,local
/부산지방법원동부지원지급명령,200,/부산지방법원동부지원지급명령,"index,follow",true,부산지방법원동부지원지급명령,부산지방법원 동부지원|지급명령|다옴법무사사무소,other
/부산지방법원동부지원채권회수,200,/부산지방법원동부지원채권회수,"index,follow",true,부산지방법원동부지원채권회수,부산지방법원 동부지원|채권회수|다옴법무사사무소,other
/부산지방법원등기국,200,/부산지방법원등기국,"index,follow",true,부산,지방법원 등기국 부동산등기|다옴법무사사무소,other
/부산지방법원등기국법무사,200,/부산지방법원등기국법무사,"index,follow",true,부산지방법원등기국 법무사,부산지방법원 등기국|다옴법무사사무소,other
/부산지방법원등기국법인등기,200,/부산지방법원등기국법인등기,"index,follow",true,부산지방법원등기국법인등기,부산지방법원 등기국|법인등기|다옴법무사사무소,corporate
/부산지방법원등기국부동산등기,200,/부산지방법원등기국부동산등기,"index,follow",true,부산지방법원등기국부동산등기,부산지방법원 등기국|부동산등기|다옴법무사사무소,real-estate
/부산지방법원등기국상속등기,200,/부산지방법원등기국상속등기,"index,follow",true,부산지방법원등기국상속등기,부산지방법원 등기국|상속등기|다옴법무사사무소,inheritance
/부산지방법원법무사,200,/부산지방법원법무사,"index,follow",true,부산,지방법원 상속등기|다옴법무사사무소,other
/부산지방법원상속등기,200,/부산지방법원상속등기,"index,follow",true,부산지방법원상속등기,부산지방법원|상속등기|다옴법무사사무소,inheritance
/부산지방법원지급명령,200,/부산지방법원지급명령,"index,follow",true,부산지방법원지급명령,부산지방법원|지급명령|다옴법무사사무소,other
/부산지방법원채권회수,200,/부산지방법원채권회수,"index,follow",true,부산지방법원채권회수,부산지방법원|채권회수|다옴법무사사무소,other
/부산지분이전등기,200,/부산지분이전등기,"index,follow",true,부산 지분이전등기,부동산 지분 매매|지분 증여 등기|공유 지분 이전|상속 지분 이전|공동명의 지분 정리,other
/부산지점설치등기,200,/부산지점설치등기,"index,follow",true,부산 지점설치등기,법인 지점 설치|지점등기|영업소 설치등기|부산 지점 법인등기|법인 지점 내려면 등기,other
/부산지점폐지등기,200,/부산지점폐지등기,"index,follow",true,부산 지점폐지등기,법인 지점 폐지|지점 말소등기|영업소 폐쇄 등기|지점등기 정리|지점 닫으면 등기,other
/부산진구법무사,200,/부산진구법무사,"index,follow",true,부산진구 법무사,진구 법무사|부산진구 법무사 추천,local
/부산진구법인등기,200,/부산진구법인등기,"index,follow",true,부산진구법인등기,부산진구 법무사|법인등기|다옴법무사사무소,corporate
/부산진구법인설립등기,200,/부산진구법인설립등기,"index,follow",true,부산진구법인설립등기,부산진구 법무사|법인설립등기|다옴법무사사무소,corporate
/부산진구부동산등기,200,/부산진구부동산등기,"index,follow",true,부산진구부동산등기,부산진구 법무사|부동산등기|다옴법무사사무소,real-estate
/부산진구비영리법인설립,200,/부산진구비영리법인설립,"index,follow",true,부산진구 비영리법인 설립,서면 사단법인|전포 협회 법인|부산진구 재단|부산진구 법인 설립|서면 협회 법인,corporate
/부산진구상속등기,200,/부산진구상속등기,"index,follow",true,부산진구상속등기,부산진구 법무사|상속등기|다옴법무사사무소,inheritance
/부산진구상속포기,200,/부산진구상속포기,"index,follow",true,부산진구상속포기,부산진구 법무사|상속포기|다옴법무사사무소,inheritance
/부산진구소유권이전등기,200,/부산진구소유권이전등기,"index,follow",true,부산진구소유권이전등기,부산진구 법무사|소유권이전등기|다옴법무사사무소,real-estate
/부산진구임원변경등기,200,/부산진구임원변경등기,"index,follow",true,부산진구임원변경등기,부산진구 법무사|임원변경등기|다옴법무사사무소,corporate
/부산진구한정승인,200,/부산진구한정승인,"index,follow",true,부산진구한정승인,부산진구 법무사|한정승인|다옴법무사사무소,inheritance
/부산진등기소법무사,200,/부산진등기소법무사,"index,follow",true,부산진구,부산진등기소(통합) 소유권이전등기|다옴법무사사무소,other
/부산진등기소부동산등기,200,/부산진등기소부동산등기,"index,follow",true,부산진등기소부동산등기,부산진등기소|부동산등기|다옴법무사사무소,real-estate
/부산진등기소소유권이전등기,200,/부산진등기소소유권이전등기,"index,follow",true,부산진등기소소유권이전등기,부산진등기소|소유권이전등기|다옴법무사사무소,real-estate
/부산집단등기,200,/부산집단등기,"index,follow",true,부산 집단등기,부산 아파트 집단등기|부산 신축아파트 등기|부산 입주등기|부산 오피스텔 집단등기|집단등기 비용,other
/부산집합건물등기,200,/부산집합건물등기,"index,follow",true,부산 집합건물등기,집합건물 보존등기|전유부분 등기|대지권 등기|오피스텔 등기 부산|아파트 보존등기,other
/부산체육단체법인설립,200,/부산체육단체법인설립,"index,follow",true,부산 체육단체 법인설립,부산 종목협회|부산 생활체육 법인|부산 스포츠클럽|부산 체육협회 법인,corporate
/부산토지매매등기,200,/부산토지매매등기,"index,follow",true,부산 토지 매매등기,토지 매매등기|토지 소유권이전|토지 잔금 등기|토지 매수 법무사|토지 등기 서류,real-estate
/부산토지상속등기,200,/부산토지상속등기,"index,follow",true,부산,토지상속등기|다옴법무사사무소,inheritance
/부산특수법인등기,200,/부산특수법인등기,"index,follow",true,부산 특수법인 등기,부산 비영리법인 등기|부산 협동조합 등기|부산 농업회사법인|특수법인 설립등기|특수법인 등기 절차,corporate
/부산파산,200,/부산파산,"index,follow",true,부산,파산 절차 개요|다옴법무사사무소,rehab
/부산파산법무사,200,/부산파산법무사,"index,follow",true,부산 파산 법무사,부산 개인파산 법무사|부산 파산신청,rehab
/부산파산신청,200,/부산파산신청,"index,follow",true,부산 파산신청,부산 개인파산|파산 신청,rehab
/부산파산전문법무사,200,/부산파산전문법무사,"index,follow",true,부산 파산전문 법무사,부산 파산 법무사|부산 개인파산전문 법무사|부산 개인파산|부산 면책,rehab
/부산학교법인등기,200,/부산학교법인등기,"index,follow",true,부산 학교법인 등기,부산 학교법인 설립|부산 사립학교 법인|부산 학교법인 설립,corporate
/부산한정승인,200,/부산한정승인,"index,follow",true,부산 한정승인 법무사,부산 한정승인|한정승인 3개월|상속채무 한정승인,inheritance
/부산한정승인전문법무사,200,/부산한정승인,"noindex,follow",false,부산 한정승인전문 법무사,부산 한정승인|부산 상속 법무사|부산 상속포기|부산 상속등기,inheritance
/부산협동조합설립등기,200,/부산협동조합설립등기,"index,follow",true,부산 협동조합 설립등기,협동조합 설립|일반협동조합 설립|협동조합 창립총회|협동조합 정관|협동조합 설립등기 기한,corporate
/부산협회단체법인설립,200,/부산협회단체법인설립,"index,follow",true,부산 협회 법인설립,협회 사단법인|학회 법인화|단체 법인설립|임의단체 법인 전환|협회 법인 만들기,corporate
/부산확정일자전세권비교,200,/부산확정일자전세권비교,"index,follow",true,부산 확정일자 전세권 비교,확정일자 전세권 차이|전세권 임차권 차이|전입신고 확정일자|전세권 설정 필요 여부|임차권등기명령 차이,real-estate
/부산회생법무사,200,/부산회생법무사,"index,follow",true,부산 회생 법무사,부산 개인회생 법무사|부산 회생 상담|부산 개인회생,rehab
/부산회생법원개인파산,200,/부산회생법원개인파산,"index,follow",true,부산회생법원개인파산,부산회생법원|개인파산|다옴법무사사무소,rehab
/부산회생법원개인회생,200,/부산회생법원개인회생,"index,follow",true,부산회생법원개인회생,부산회생법원|개인회생|다옴법무사사무소,rehab
/부산회생법원법무사,200,/부산회생법원법무사,"index,follow",true,부산,회생법원 개인회생|다옴법무사사무소,rehab
/부산회생상담,200,/부산회생상담,"index,follow",true,부산 회생 상담,부산 개인회생 상담|회생 준비,rehab
/부산회생전문법무사,200,/부산회생전문법무사,"index,follow",true,부산 회생전문 법무사,부산 회생 법무사|부산 개인회생전문 법무사|부산 개인회생|부산회생법원,rehab
/부산휴면법인계속등기,200,/부산휴면법인계속등기,"index,follow",true,부산 휴면법인 계속등기,휴면법인 정리|법인 계속등기|해산간주 계속|휴면회사 재가동|휴면법인 다시 운영,corporate
/부전동법무사,200,/부전동법무사,"index,follow",true,부전동 법무사,부전동 등기|다옴법무사사무소,local
/부전동소유권이전등기,200,/부전동소유권이전등기,"index,follow",true,부전동소유권이전등기,부전동 법무사|소유권이전등기|다옴법무사사무소,real-estate
/북구개인회생,200,/북구개인회생,"index,follow",true,북구,개인회생|다옴법무사사무소,rehab
/북구법무사,200,/북구법무사,"index,follow",true,북구 법무사,부산 북구 법무사|만덕동 법무사|금곡동 법무사|북구 법무사 추천,local
/북구법인등기,200,/북구법인등기,"index,follow",true,북구법인등기,북구 법무사|법인등기|다옴법무사사무소,corporate
/북구법인설립등기,200,/북구법인설립등기,"index,follow",true,북구법인설립등기,북구 법무사|법인설립등기|다옴법무사사무소,corporate
/북구부동산등기,200,/북구부동산등기,"index,follow",true,북구,부동산등기|다옴법무사사무소,real-estate
/북구상속등기,200,/북구상속등기,"index,follow",true,북구,상속등기|다옴법무사사무소,inheritance
/북구상속포기,200,/북구상속포기,"index,follow",true,북구,상속포기|다옴법무사사무소,inheritance
/북구임원변경등기,200,/북구임원변경등기,"index,follow",true,북구임원변경등기,북구 법무사|임원변경등기|다옴법무사사무소,corporate
/북구한정승인,200,/북구한정승인,"index,follow",true,북구한정승인,북구 법무사|한정승인|다옴법무사사무소,inheritance
/북부산등기소법무사,200,/북부산등기소법무사,"index,follow",true,북구,북부산등기소 상속등기|다옴법무사사무소,other
/북부산등기소부동산등기,200,/북부산등기소부동산등기,"index,follow",true,북부산등기소부동산등기,북부산등기소|부동산등기|다옴법무사사무소,real-estate
/북부산등기소상속등기,200,/북부산등기소상속등기,"index,follow",true,북부산등기소상속등기,북부산등기소|상속등기|다옴법무사사무소,inheritance
/분양권명의이전등기,200,/분양권명의이전등기,"index,follow",true,분양권 명의이전,입주권 이전|분양권 매매 등기|분양권 전매,other
/불법증축후등기가능여부,200,/불법증축후등기가능여부,"index,follow",true,불법증축 후 등기 가능 여부,무허가 증축 등기|미승인 증축 표시변경|불법건축물 등기부|부산 미허가 증축 등기|불법증축 등기 되나요,other
/비영리민간단체와사단법인차이,200,/비영리민간단체와사단법인차이,"index,follow",true,비영리민간단체와 사단법인 차이,비영리민간단체 등록|임의단체 법인화|비영리단체 법인|사단법인 설립|비영리민간단체 법인격,corporate
/비영리법인임원변경등기,200,/비영리법인임원변경등기,"index,follow",true,비영리법인 임원변경등기,사단법인 임원변경|재단법인 이사 변경|사단법인 이사장 변경|비영리법인 대표 변경|사단법인 임원 바뀌면,corporate
/비영리법인해산청산등기,200,/비영리법인해산청산등기,"index,follow",true,비영리법인 해산 청산등기,사단법인 해산|재단법인 청산|비영리법인 폐지|사단법인 해산 절차|재단법인 청산,corporate
/사단법인과재단법인차이,200,/사단법인과재단법인차이,"index,follow",true,사단법인과 재단법인 차이,사단법인 재단법인 비교|비영리법인 종류|협회 재단 선택|회원형 법인|사단법인 재단법인 뭐가 다름,corporate
/사단법인과협동조합차이,200,/사단법인과협동조합차이,"index,follow",true,사단법인과 협동조합 차이,사단법인 협동조합|단체 법인 비교|사단법인 협동조합 뭐가 다름,corporate
/사단법인목적변경등기,200,/사단법인목적변경등기,"index,follow",true,사단법인 목적변경등기,사단법인 정관 변경|비영리법인 목적 변경|사단법인 목적 바꾸기,corporate
/사단법인주사무소이전등기,200,/사단법인주사무소이전등기,"index,follow",true,사단법인 주사무소 이전등기,사단법인 주소 변경|비영리법인 이전등기|사단법인 주소 바꾸면,corporate
/사망신고와상속등기차이,200,/사망신고와상속등기차이,"index,follow",true,사망신고와 상속등기,사망신고 후 명의변경|사망신고 절차,inheritance
/사망자재산채무조회,200,/사망자재산채무조회,"index,follow",true,사망자 재산조회,사망자 채무조회|부모님 빚 확인 방법,other
/사망후3개월지난상속,200,/사망후3개월지난상속,"index,follow",true,사망 후 3개월,상속포기 기한|특별한정승인,inheritance
/사상구개인회생,200,/사상구개인회생,"index,follow",true,사상구,개인회생|다옴법무사사무소,rehab
/사상구공장창고등기,200,/사상구공장창고등기,"index,follow",true,사상구 공장 창고 등기,부산 사상 창고 보존등기|사상구 공장 표시변경|사상 물류창고 등기|사상구 공장 근저당|사상구 공장등기,other
/사상구법무사,200,/사상구법무사,"index,follow",true,사상구 법무사,사상구 등기 법무사|감전동 법무사|엄궁동 법무사|사상구 법무사 추천,local
/사상구법인등기,200,/사상구법인등기,"index,follow",true,사상구법인등기,사상구 법무사|법인등기|다옴법무사사무소,corporate
/사상구법인설립등기,200,/사상구법인설립등기,"index,follow",true,사상구법인설립등기,사상구 법무사|법인설립등기|다옴법무사사무소,corporate
/사상구부동산등기,200,/사상구부동산등기,"index,follow",true,사상구,부동산등기|다옴법무사사무소,real-estate
/사상구상속등기,200,/사상구상속등기,"index,follow",true,사상구,상속등기|다옴법무사사무소,inheritance
/사상구상속포기,200,/사상구상속포기,"index,follow",true,사상구,상속포기|다옴법무사사무소,inheritance
/사상구임원변경등기,200,/사상구임원변경등기,"index,follow",true,사상구임원변경등기,사상구 법무사|임원변경등기|다옴법무사사무소,corporate
/사상구한정승인,200,/사상구한정승인,"index,follow",true,사상구한정승인,사상구 법무사|한정승인|다옴법무사사무소,inheritance
/사상법무사,200,/사상법무사,"index,follow",true,사상 법무사,괘법동 법무사|엄궁동 법무사,other
/사상역개인회생,200,/사상역개인회생,"index,follow",true,사상역개인회생,사상역 법무사|개인회생|다옴법무사사무소,rehab
/사상역법무사,200,/사상역법무사,"index,follow",true,사상역 법무사,사상역 등기|다옴법무사사무소,other
/사업자폐업후법인정리,200,/사업자폐업후법인정리,"index,follow",true,사업자 폐업 후 법인 정리,폐업했는데 법인등기 남음|타지역에서 법인해산 준비,corporate
/사용승인후등기,200,/사용승인후등기,"index,follow",true,사용승인 후 등기,신축 보존등기|건축물 등기,other
/사직동법무사,200,/사직동법무사,"index,follow",true,사직동 법무사,사직 법무사|사직야구장 법무사|사직역 법무사,local
/사직동상속등기,200,/사직동상속등기,"index,follow",true,사직동상속등기,사직동 법무사|상속등기|다옴법무사사무소,inheritance
/사직동재건축등기,200,/사직동재건축등기,"index,follow",true,사직동재건축등기,사직동 법무사|재건축등기|다옴법무사사무소,other
/사진전자파일우편으로서류전달,200,/사진전자파일우편으로서류전달,"index,follow",true,등기서류 우편,서류 사진으로 법무사|원본서류 필요한 등기,other
/사하구법무사,200,/사하구법무사,"index,follow",true,사하구 법무사,사하 법무사|당리동 법무사|장림동 법무사|사하구 법무사 추천,local
/사하구법인등기,200,/사하구법인등기,"index,follow",true,사하구법인등기,사하구 법무사|법인등기|다옴법무사사무소,corporate
/사하구법인설립등기,200,/사하구법인설립등기,"index,follow",true,사하구법인설립등기,사하구 법무사|법인설립등기|다옴법무사사무소,corporate
/사하구부동산등기,200,/사하구부동산등기,"index,follow",true,사하구,부동산등기|다옴법무사사무소,real-estate
/사하구상속등기,200,/사하구상속등기,"index,follow",true,사하구상속등기,사하구 법무사|상속등기|다옴법무사사무소,inheritance
/사하구상속포기,200,/사하구상속포기,"index,follow",true,사하구상속포기,사하구 법무사|상속포기|다옴법무사사무소,inheritance
/사하구임원변경등기,200,/사하구임원변경등기,"index,follow",true,사하구임원변경등기,사하구 법무사|임원변경등기|다옴법무사사무소,corporate
/사하구전세권설정,200,/사하구전세권설정,"index,follow",true,사하구전세권설정,사하구 법무사|전세권설정|다옴법무사사무소,real-estate
/사하구한정승인,200,/사하구한정승인,"index,follow",true,사하구한정승인,사하구 법무사|한정승인|다옴법무사사무소,inheritance
/사회복지법인설립등기,200,/사회복지법인설립등기,"index,follow",true,사회복지법인 설립등기,사회복지법인 설립인가|사회복지법인 정관|사회복지법인 기본재산|복지법인 설립|사회복지법인 설립 절차,corporate
/사회복지법인임원변경등기,200,/사회복지법인임원변경등기,"index,follow",true,사회복지법인 임원변경등기,사회복지법인 이사 변경|복지법인 대표 변경|사회복지법인 임원 바뀌면,corporate
/사회복지법인해산청산등기,200,/사회복지법인해산청산등기,"index,follow",true,사회복지법인 해산 청산등기,복지법인 해산|사회복지법인 청산|사회복지법인 폐지 절차,corporate
/사회적기업과법인설립차이,200,/사회적기업과법인설립차이,"index,follow",true,사회적기업과 법인 설립 차이,사회적기업 인증|예비사회적기업|소셜벤처 법인|사회적기업 법인 설립,corporate
/사회적기업과사회적협동조합차이,200,/사회적기업과사회적협동조합차이,"index,follow",true,사회적기업과 사회적협동조합 차이,사회적기업 인증|사회적협동조합 비교|사회적기업 협동조합 차이,other
/사회적협동조합과사단법인차이,200,/사회적협동조합과사단법인차이,"index,follow",true,사회적협동조합과 사단법인 차이,사회적협동조합 사단법인|협동조합 단체 비교|사회적협동조합 단체 차이,corporate
/산업단지법인등기,200,/산업단지법인등기,"index,follow",true,산업단지 법인등기,공단 법인등기|제조업 법인등기|다옴법무사사무소,corporate
/상가보존등기,200,/상가보존등기,"index,follow",true,상가 보존등기,건물 보존등기|집합건물 보존등기,real-estate
/상담,200,/상담,"index,follow",true,법무사 상담 안내,법무사 상담|간편 상담,other
/상속,200,/상속,"index,follow",true,상속등기·포기·한정승인｜전국·부산 상담,부산 법무사|해운대 법무사|센텀 법무사,inheritance
/상속건물멸실등기,200,/상속건물멸실등기,"index,follow",true,상속 건물 멸실등기,상속 후 멸실등기|부모 명의 건물 철거 등기|공동상속 멸실|상속등기 후 철거|상속 건물 철거 등기,inheritance
/상속등기과태료,200,/상속등기과태료,"index,follow",true,상속등기과태료,상속등기 과태료|다옴법무사사무소,inheritance
/상속등기기간,200,/상속등기기간,"index,follow",true,부산,상속등기 기간|다옴법무사사무소,inheritance
/상속등기기한,200,/상속등기기한,"index,follow",true,상속등기기한,상속등기 기한|다옴법무사사무소,inheritance
/상속등기보수표,200,/상속등기보수표,"index,follow",true,상속등기보수표,상속등기 보수표|다옴법무사사무소,inheritance
/상속등기비용,200,/상속등기비용,"index,follow",true,부산,상속등기 비용|다옴법무사사무소,inheritance
/상속등기상담,200,/상속등기상담,"index,follow",true,상속등기 상담,법무사 상담|간편 상담,inheritance
/상속등기실수모음,200,/상속등기실수모음,"index,follow",true,상속등기 실수,상속등기 주의사항|부산 상속등기,inheritance
/상속등기자가진단,200,/상속등기자가진단,"index,follow",true,상속등기,부산 법무사|부산법무사|부산 여성 법무사|해운대 법무사|센텀 법무사,inheritance
/상속등기준비서류,200,/상속등기준비서류,"index,follow",true,상속등기준비서류,상속등기 준비서류|다옴법무사사무소,inheritance
/상속등기체크리스트,200,/상속등기체크리스트,"index,follow",true,상속등기 체크리스트,상속등기 준비서류|상속등기 서류,inheritance
/상속등기필요서류,200,/상속등기필요서류,"index,follow",true,부산,상속등기 필요서류|다옴법무사사무소,inheritance
/상속등기후매매서류준비,200,/상속등기후매매서류준비,"index,follow",true,상속등기 후 매매 서류,상속받은 집 매도 등기|상속 부동산 매매 순서,inheritance
/상속상담전준비서류와비용,200,/상속상담전준비서류와비용,"index,follow",true,상속 상담 전 준비서류,상속등기 비용 안내|부산 상속 법무사 상담,inheritance
/상속여성법무사,200,/상속여성법무사,"index,follow",true,상속 여성 법무사,상속등기 여성 법무사|상속 상담 여성|다옴법무사사무소,inheritance
/상속인이여러지역에있는경우,200,/상속인이여러지역에있는경우,"index,follow",true,상속인이 여러 지역에 있는 경우,공동상속인 거주지 다른 경우|가족이 전국에 흩어진 상속등기,inheritance
/상속재산분할협의서준비,200,/상속재산분할협의서준비,"index,follow",true,상속재산분할협의서,상속 분할협의|상속 합의서|형제 상속 합의,inheritance
/상속취득세와등기순서,200,/상속취득세와등기순서,"index,follow",true,상속 취득세,상속등기 세금|상속 취득세 신고|상속등기 순서,inheritance
/상속포기과태료,200,/상속포기과태료,"index,follow",true,상속포기과태료,상속포기 과태료|다옴법무사사무소,inheritance
/상속포기기간,200,/상속포기기간,"index,follow",true,상속포기기간,상속포기 기간|다옴법무사사무소,inheritance
/상속포기기한,200,/상속포기기한,"index,follow",true,상속포기기한,상속포기 기한|다옴법무사사무소,inheritance
/상속포기보수표,200,/상속포기보수표,"index,follow",true,상속포기보수표,상속포기 보수표|다옴법무사사무소,inheritance
/상속포기비용,200,/상속포기비용,"index,follow",true,부산,상속포기 비용|다옴법무사사무소,inheritance
/상속포기상담,200,/상속포기상담,"index,follow",true,상속포기 상담,법무사 상담|간편 상담,inheritance
/상속포기자가진단,200,/상속포기자가진단,"index,follow",true,상속포기,부산 법무사|부산법무사|부산 여성 법무사|해운대 법무사|센텀 법무사,inheritance
/상속포기준비서류,200,/상속포기준비서류,"index,follow",true,상속포기준비서류,상속포기 준비서류|다옴법무사사무소,inheritance
/상속포기필요서류,200,/상속포기필요서류,"index,follow",true,상속포기필요서류,상속포기 필요서류|다옴법무사사무소,inheritance
/상속포기후다음순위확인,200,/상속포기후다음순위확인,"index,follow",true,상속포기 다음 순위,상속포기 후 자녀|손자 상속포기|상속포기 배우자,inheritance
/서구법무사,200,/서구법무사,"index,follow",true,서구 법무사,충무동 법무사|송도 법무사|동대신동 법무사|암남동 법무사|서대신동 법무사,local
/서구법인등기,200,/서구법인등기,"index,follow",true,서구법인등기,서구 법무사|법인등기|다옴법무사사무소,corporate
/서구법인설립등기,200,/서구법인설립등기,"index,follow",true,서구법인설립등기,서구 법무사|법인설립등기|다옴법무사사무소,corporate
/서구부동산등기,200,/서구부동산등기,"index,follow",true,서구,부동산등기|다옴법무사사무소,real-estate
/서구상속등기,200,/서구상속등기,"index,follow",true,서구상속등기,서구 법무사|상속등기|다옴법무사사무소,inheritance
/서구상속포기,200,/서구상속포기,"index,follow",true,서구상속포기,서구 법무사|상속포기|다옴법무사사무소,inheritance
/서구소유권이전등기,200,/서구소유권이전등기,"index,follow",true,서구소유권이전등기,서구 법무사|소유권이전등기|다옴법무사사무소,real-estate
/서구임원변경등기,200,/서구임원변경등기,"index,follow",true,서구임원변경등기,서구 법무사|임원변경등기|다옴법무사사무소,corporate
/서구한정승인,200,/서구한정승인,"index,follow",true,서구한정승인,서구 법무사|한정승인|다옴법무사사무소,inheritance
/서류가없어도상담가능,200,/서류가없어도상담가능,"index,follow",true,서류가 없어도 상담 가능,법무사 상담|간편 상담,other
/서면법무사,200,/서면법무사,"index,follow",true,서면 법무사,서면 상가등기|부전동 오피스 등기,local
/서면법인등기,200,/서면법인등기,"index,follow",true,서면법인등기,서면 법무사|법인등기|다옴법무사사무소,corporate
/서면부동산등기,200,/서면부동산등기,"index,follow",true,서면부동산등기,서면 법무사|부동산등기|다옴법무사사무소,real-estate
/서면역법무사,200,/서면역법무사,"index,follow",true,서면역 법무사,서면역 등기|다옴법무사사무소,local
/서면역법인등기,200,/서면역법인등기,"index,follow",true,서면역법인등기,서면역 법무사|법인등기|다옴법무사사무소,corporate
/서면역부동산등기,200,/서면역부동산등기,"index,follow",true,서면역부동산등기,서면역 법무사|부동산등기|다옴법무사사무소,real-estate
/선박등기과태료,200,/선박등기과태료,"index,follow",true,선박등기과태료,선박등기 과태료|다옴법무사사무소,other
/선박등기기간,200,/선박등기기간,"index,follow",true,선박등기기간,선박등기 기간|다옴법무사사무소,other
/선박등기기한,200,/선박등기기한,"index,follow",true,선박등기기한,선박등기 기한|다옴법무사사무소,other
/선박등기보수표,200,/선박등기보수표,"index,follow",true,선박등기보수표,선박등기 보수표|다옴법무사사무소,other
/선박등기비용,200,/선박등기비용,"index,follow",true,선박등기비용,선박등기 비용|다옴법무사사무소,other
/선박등기자가진단,200,/선박등기자가진단,"index,follow",true,선박등기,부산 법무사|부산법무사|부산 여성 법무사|해운대 법무사|센텀 법무사,other
/선박등기준비서류,200,/선박등기준비서류,"index,follow",true,선박등기준비서류,선박등기 준비서류|다옴법무사사무소,other
/선박등기필요서류,200,/선박등기필요서류,"index,follow",true,선박등기필요서류,선박등기 필요서류|다옴법무사사무소,other
/성년후견자가진단,200,/성년후견자가진단,"index,follow",true,성년후견,부산 법무사|부산법무사|부산 여성 법무사|해운대 법무사|센텀 법무사,other
/세무법인설립등기,200,/세무법인설립등기,"index,follow",true,세무법인 설립등기,세무사법인 설립|세무법인 등기|세무법인 설립 절차,corporate
/센텀법무사,200,/센텀법무사,"index,follow",true,센텀 법무사,센텀 법무사 추천|센텀 법인등기,local
/센텀법인등기,200,/센텀법인등기,"index,follow",true,센텀,법인등기|다옴법무사사무소,corporate
/센텀법인설립등기,200,/센텀법인설립등기,"index,follow",true,센텀,법인설립등기|다옴법무사사무소,corporate
/센텀부동산등기,200,/센텀부동산등기,"index,follow",true,센텀,부동산등기|다옴법무사사무소,real-estate
/센텀시티역법무사,200,/센텀시티역법무사,"index,follow",true,센텀시티역 법무사,센텀시티역 등기|다옴법무사사무소,local
/센텀시티역법인등기,200,/센텀시티역법인등기,"index,follow",true,센텀시티역법인등기,센텀시티역 법무사|법인등기|다옴법무사사무소,corporate
/센텀시티역상속등기,200,/센텀시티역상속등기,"index,follow",true,센텀시티역상속등기,센텀시티역 법무사|상속등기|다옴법무사사무소,inheritance
/센텀여성법무사,200,/센텀여성법무사,"index,follow",true,센텀 여성 법무사,센텀시티 여성 법무사|다옴법무사사무소,local
/센텀임원변경등기,200,/센텀임원변경등기,"index,follow",true,센텀,임원변경등기|다옴법무사사무소,corporate
/소유권이전등기과태료,200,/소유권이전등기과태료,"index,follow",true,소유권이전등기과태료,소유권이전등기 과태료|다옴법무사사무소,real-estate
/소유권이전등기기간,200,/소유권이전등기기간,"index,follow",true,소유권이전등기기간,소유권이전등기 기간|다옴법무사사무소,real-estate
/소유권이전등기기한,200,/소유권이전등기기한,"index,follow",true,소유권이전등기기한,소유권이전등기 기한|다옴법무사사무소,real-estate
/소유권이전등기보수표,200,/소유권이전등기보수표,"index,follow",true,소유권이전등기보수표,소유권이전등기 보수표|다옴법무사사무소,real-estate
/소유권이전등기비용,200,/소유권이전등기비용,"index,follow",true,소유권이전등기비용,소유권이전등기 비용|다옴법무사사무소,real-estate
/소유권이전등기서류,200,/소유권이전등기서류,"index,follow",true,부산,소유권이전등기 서류|다옴법무사사무소,real-estate
/소유권이전등기자가진단,200,/소유권이전등기자가진단,"index,follow",true,소유권이전등기,부산 법무사|부산법무사|부산 여성 법무사|해운대 법무사|센텀 법무사,real-estate
/소유권이전등기준비서류,200,/소유권이전등기준비서류,"index,follow",true,소유권이전등기준비서류,소유권이전등기 준비서류|다옴법무사사무소,real-estate
/소유권이전등기필요서류,200,/소유권이전등기필요서류,"index,follow",true,소유권이전등기필요서류,소유권이전등기 필요서류|다옴법무사사무소,real-estate
/송정동법무사,200,/송정동법무사,"index,follow",true,송정동 법무사,송정동 등기|다옴법무사사무소,local
/송정동상속등기,200,/송정동상속등기,"index,follow",true,송정동상속등기,송정동 법무사|상속등기|다옴법무사사무소,inheritance
/수영구개인회생,200,/수영구개인회생,"index,follow",true,수영구,개인회생|다옴법무사사무소,rehab
/수영구법무사,200,/수영구법무사,"index,follow",true,수영구 법무사,수영 법무사|수영구 법무사 추천,local
/수영구법인등기,200,/수영구법인등기,"index,follow",true,수영구,법인등기|다옴법무사사무소,corporate
/수영구법인설립등기,200,/수영구법인설립등기,"index,follow",true,수영구법인설립등기,수영구 법무사|법인설립등기|다옴법무사사무소,corporate
/수영구부동산등기,200,/수영구부동산등기,"index,follow",true,수영구,부동산등기|다옴법무사사무소,real-estate
/수영구비영리법인설립,200,/수영구비영리법인설립,"index,follow",true,수영구 비영리법인 설립,수영구 사단법인|광안 협회 법인|수영구 법인 설립,corporate
/수영구상속등기,200,/수영구상속등기,"index,follow",true,수영구,상속등기|다옴법무사사무소,inheritance
/수영구상속포기,200,/수영구상속포기,"index,follow",true,수영구,상속포기|다옴법무사사무소,inheritance
/수영구임원변경등기,200,/수영구임원변경등기,"index,follow",true,수영구임원변경등기,수영구 법무사|임원변경등기|다옴법무사사무소,corporate
/수영구전세권설정,200,/수영구전세권설정,"index,follow",true,수영구전세권설정,수영구 법무사|전세권설정|다옴법무사사무소,real-estate
/수영구한정승인,200,/수영구한정승인,"index,follow",true,수영구한정승인,수영구 법무사|한정승인|다옴법무사사무소,inheritance
/신용회복과개인회생차이,200,/신용회복과개인회생차이,"index,follow",true,신용회복 개인회생 차이,워크아웃 개인회생|신용회복위원회|개인회생 전환,rehab
/신축보존등기,200,/신축보존등기,"index,follow",true,신축 보존등기,건물 보존등기|사용승인 후 등기,real-estate
/신축보존등기체크리스트,200,/신축보존등기체크리스트,"index,follow",true,신축 보존등기 체크리스트,건축주 준비서류|보존등기 서류,real-estate
/신축전기존건물철거등기순서,200,/신축전기존건물철거등기순서,"index,follow",true,신축 전 기존건물 철거 등기 순서,신축 전 멸실등기|철거 후 보존등기|재건축 멸실 순서|기존건물 등기 정리|신축 전 멸실 언제,other
/신축집단등기,200,/신축집단등기,"index,follow",true,신축 집단등기,신축 보존등기|부산 집단등기,other
/아파트집단등기,200,/아파트집단등기,"index,follow",true,아파트 집단등기,신축 아파트 등기|부산 집단등기,other
/안락동법무사,200,/안락동법무사,"index,follow",true,안락동 법무사,명장동 법무사|수안동 법무사,local
/안심상속원스톱서비스이후,200,/안심상속원스톱서비스이후,"index,follow",true,안심상속 원스톱서비스 이후,안심상속서비스 결과|안심상속 후 해야 할 일,inheritance
/압류말소등기서류준비,200,/압류말소등기서류준비,"index,follow",true,압류말소등기 서류,세금 압류 말소 준비|체납 압류 해제 후 등기,other
/양정동법무사,200,/양정동법무사,"index,follow",true,양정동 법무사,양정동 등기|다옴법무사사무소,local
/양정동상속등기,200,/양정동상속등기,"index,follow",true,양정동상속등기,양정동 법무사|상속등기|다옴법무사사무소,inheritance
/어업회사법인설립,200,/어업회사법인설립,"index,follow",true,어업회사법인 설립,수산업 법인|어업 법인 설립|귀어 법인|어업회사법인 절차,corporate
/업무사례,200,/업무사례,"index,follow",true,부산 법무사 사례,업무 사례|지역별 법무사,other
/업무사례/가평상속등기법무사,200,/업무사례/가평상속등기법무사,"index,follow",true,가평 상속등기 법무사,가평 펜션 상속등기|가평 임야 상속등기|가평 법무사 상속등기|가평 비대면 상속등기|가평 전원주택 상속,inheritance
/업무사례/강남구상속등기법무사,200,/업무사례/강남구상속등기법무사,"index,follow",true,강남구 상속등기 법무사,강남구 법무사 상속등기|강남구 비대면 상속등기|강남구 아파트 상속등기,inheritance
/업무사례/강동구상속등기법무사,200,/업무사례/강동구상속등기법무사,"index,follow",true,강동구 상속등기 법무사,강동구 고덕 상속등기|강일동 상속등기|강동구 대단지 상속등기,inheritance
/업무사례/강릉상속등기법무사,200,/업무사례/강릉상속등기법무사,"index,follow",true,강릉 상속등기 법무사,강릉 법무사 상속등기|강릉 비대면 상속등기|강릉 아파트 상속등기,inheritance
/업무사례/강서구법무사,200,/업무사례/강서구법무사,"index,follow",true,강서구 업무 사례,강서구 법무사 사례|강서구 상속등기|강서구 부동산등기|강서구 법무사|부산 강서구 법무사,local
/업무사례/강서구상속등기법무사,200,/업무사례/강서구상속등기법무사,"index,follow",true,강서구 상속등기 법무사,강서구 상속부동산|강서구 상속등기 절차|타지역 상속등기,inheritance
/업무사례/강원상속등기법무사,200,/업무사례/강원상속등기법무사,"index,follow",true,강원 상속등기 법무사,원주 상속등기|춘천 상속등기|강릉 상속등기,inheritance
/업무사례/강화도상속등기법무사,200,/업무사례/강화도상속등기법무사,"index,follow",true,강화도 상속등기 법무사,강화도 법무사 상속등기|강화도 비대면 상속등기|강화도 아파트 상속등기,inheritance
/업무사례/거제상속등기법무사,200,/업무사례/거제상속등기법무사,"index,follow",true,거제 상속등기 법무사,거제 법무사 상속등기|거제 비대면 상속등기|거제 아파트 상속등기,inheritance
/업무사례/거제상속포기법무사,200,/업무사례/거제상속포기법무사,"index,follow",true,거제 상속포기 법무사,거제 한정승인|거제 상속포기 한정승인|거제시 상속포기|거제동 아님,inheritance
/업무사례/거창상속등기법무사,200,/업무사례/거창상속등기법무사,"index,follow",true,거창 비대면 상속등기,거창군 상속등기|거창 원거리 상속|경남 북부 내륙 상속등기|거창 방문 횟수,inheritance
/업무사례/경기광주상속등기법무사,200,/업무사례/경기광주상속등기법무사,"index,follow",true,경기 광주 상속등기 법무사,경기도 광주시 상속등기|광주시 상속등기 법무사|오포 곤지암 상속등기,inheritance
/업무사례/경기상속등기법무사,200,/업무사례/경기상속등기법무사,"index,follow",true,경기 상속등기 법무사,경기도 상속등기|경기 비대면 상속등기,inheritance
/업무사례/경남공장공동근저당권,200,/업무사례/경남공장공동근저당권,"index,follow",true,경남 공장 공동근저당권,경남 공장 담보|공동근저당 추가설정|일부해지,real-estate
/업무사례/경남법무사업무,200,/업무사례/경남법무사업무,"index,follow",true,경남 법무사 업무,경남 상속등기|김해 양산 창원 법무사|경남 비대면 법무사,other
/업무사례/경남법인등기법무사,200,/업무사례/경남법인등기법무사,"index,follow",true,경남 법인등기 법무사,경남 법인설립|김해 양산 창원 법인등기|경남 비대면 법인,corporate
/업무사례/경남비대면상속안내,200,/업무사례/경남비대면상속안내,"index,follow",true,경남 비대면 상속등기,경남 상속등기 비대면|김해 양산 창원 통영 거제 상속|사천 고성 남해 밀양 하동 상속|경남 상속인 타지역|경남 방문 없는 상속등기,inheritance
/업무사례/경남상속등기법무사,200,/업무사례/경남상속등기법무사,"index,follow",true,경남 상속등기 법무사,경남 상속등기|경남 비대면 상속등기|경남 상속등기 비용|부산 법무사 경남 상속등기,inheritance
/업무사례/경남상속등기비용,200,/업무사례/경남상속등기비용,"index,follow",true,경남 상속등기 비용,경남 취득세|경남 법무사 보수|경남 국민주택채권,inheritance
/업무사례/경남여러필지토지상속,200,/업무사례/경남여러필지토지상속,"index,follow",true,경남 여러 필지 토지 상속,다필지 토지 상속|부동산 누락|경남 필지 목록,inheritance
/업무사례/경남오래된상속등기,200,/업무사례/경남오래된상속등기,"index,follow",true,경남 오래된 상속등기,수십 년 전 상속|부모 조부모 명의|미등기 상속,inheritance
/업무사례/경남유증등기법무사,200,/업무사례/경남유증등기법무사,"index,follow",true,경남 유증등기 법무사,경남 유언공정증서|유증 부동산 이전|경남 유증등기,other
/업무사례/경남조부모명의토지상속,200,/업무사례/경남조부모명의토지상속,"index,follow",true,경남 조부모 명의 토지 상속,조부모 토지 상속|부모 사망 연쇄 상속|경남 농지 상속,inheritance
/업무사례/경북농지상속등기,200,/업무사례/경북농지상속등기,"index,follow",true,경북 농지 상속등기,경북 답 상속|경북 농지 취득세|경북 농지 협의분할,inheritance
/업무사례/경북법무사업무,200,/업무사례/경북법무사업무,"index,follow",true,경북 법무사 업무,경북 상속등기|경북 토지 상속|경북 비대면 법무사,other
/업무사례/경북법인등기법무사,200,/업무사례/경북법인등기법무사,"index,follow",true,경북 법인등기 법무사,경북 법인설립|포항 구미 법인등기|경북 비대면 법인,corporate
/업무사례/경북상속등기법무사,200,/업무사례/경북상속등기법무사,"index,follow",true,경북 상속등기 법무사,포항 상속등기|구미 상속등기|경산 상속등기,inheritance
/업무사례/경북상속등기비용,200,/업무사례/경북상속등기비용,"index,follow",true,경북 상속등기 비용,경북 취득세|경북 법무사 보수|경북 국민주택채권,inheritance
/업무사례/경북상속등기필요서류,200,/업무사례/경북상속등기필요서류,"index,follow",true,경북 상속등기 필요서류,경북 상속 서류|경북 협의분할 서류|경북 인감 위임,inheritance
/업무사례/경북오래된상속등기,200,/업무사례/경북오래된상속등기,"index,follow",true,경북 오래된 상속등기,경북 오래된 상속|경북 미등기 상속|경북 오래된 유언,inheritance
/업무사례/경북임야상속등기,200,/업무사례/경북임야상속등기,"index,follow",true,경북 임야 상속등기,경북 산림 토지 상속|경북 임야 취득세|경북 임야 다필지,inheritance
/업무사례/경북조부모명의토지상속,200,/업무사례/경북조부모명의토지상속,"index,follow",true,경북 조부모 명의 토지 상속,경북 할아버지 토지|경북 조부모 농지|경북 명의 불일치 토지,inheritance
/업무사례/경북토지상속등기,200,/업무사례/경북토지상속등기,"index,follow",true,경북 토지 상속등기,경북 다필지 토지|경북 토지 취득세|경북 토지 협의분할,inheritance
/업무사례/경산상속등기법무사,200,/업무사례/경산상속등기법무사,"index,follow",true,경산 상속등기 법무사,경산 법무사 상속등기|경산 비대면 상속등기|경산 아파트 상속등기,inheritance
/업무사례/경주상속등기법무사,200,/업무사례/경주상속등기법무사,"index,follow",true,경주 상속등기 법무사,경주 상속등기 비용|경주 상속등기 서류|경북 상속등기,inheritance
/업무사례/경주오래된토지상속등기,200,/업무사례/경주오래된토지상속등기,"index,follow",true,경주 오래된 토지 상속등기,경주 조부모 명의 토지|경주 다세대 미등기|경주 미등기 토지 상속|경주 오래된 상속,inheritance
/업무사례/고령성주상속등기법무사,200,/업무사례/고령성주상속등기법무사,"index,follow",true,고령 성주 상속등기 법무사,고령 딸기 농지 상속|성주 참외 농지 상속|고령군 성주군 묶음 상속|대구 인접 농지 상속등기,inheritance
/업무사례/고성군상속등기법무사,200,/업무사례/고성군상속등기법무사,"index,follow",true,경남 고성 상속등기 법무사,고성군 상속등기|경남 고성 상속|강원 고성 아님|고성 상속등기 법무사,inheritance
/업무사례/고양상속등기법무사,200,/업무사례/고양상속등기법무사,"index,follow",true,고양 상속등기 법무사,고양 상속등기 비용|고양 상속등기 서류|경기 상속등기,inheritance
/업무사례/공주상속등기법무사,200,/업무사례/공주상속등기법무사,"index,follow",true,공주 상속등기 법무사,공주 주택 상속등기|공주 농지 상속등기|공주 법무사 상속등기|공주 비대면 상속등기|충남 공주 상속등기,inheritance
/업무사례/관악구상속등기법무사,200,/업무사례/관악구상속등기법무사,"index,follow",true,관악구 빌라 상속등기,관악구 다세대 상속등기|관악구 상속등기 법무사|신림동 빌라 상속,inheritance
/업무사례/광교상속등기법무사,200,/업무사례/광교상속등기법무사,"index,follow",true,광교 상속등기 법무사,광교 신도시 상속등기|광교호수공원 아파트 상속|수원 용인 광교 상속등기,inheritance
/업무사례/광명상속등기법무사,200,/업무사례/광명상속등기법무사,"index,follow",true,광명 상속등기 법무사,광명 상속부동산|광명 상속등기 절차|타지역 상속등기,inheritance
/업무사례/광양상속등기법무사,200,/업무사례/광양상속등기법무사,"index,follow",true,광양 상속등기 법무사,광양제철 상속등기|광양 공단 상속등기|여수 순천 광양 상속등기,inheritance
/업무사례/광주상속등기법무사,200,/업무사례/광주상속등기법무사,"index,follow",true,광주 상속등기 법무사,광주광역시 상속등기|광주 상속등기 비용,inheritance
/업무사례/구로구상속등기법무사,200,/업무사례/구로구상속등기법무사,"index,follow",true,구로구 상속등기법무사,구로디지털단지 상속등기|구로구 공단 상속등기|구로구 아파트 상속등기,inheritance
/업무사례/구리상속등기법무사,200,/업무사례/구리상속등기법무사,"index,follow",true,구리 상속등기 법무사,구리 소형주택 상속등기|구리 인창동 상속등기|서울 인접 구리 상속등기,inheritance
/업무사례/구미상속등기법무사,200,/업무사례/구미상속등기법무사,"index,follow",true,구미 상속등기 법무사,구미 상속등기 비용|구미 상속등기 서류|경북 상속등기,inheritance
/업무사례/구미에서부산법인본점이전,200,/업무사례/구미에서부산법인본점이전,"index,follow",true,구미에서 부산 법인 본점이전,구미 부산 본점이전|법인 본점이전 등기|구미 법인 이전,corporate
/업무사례/군산상속등기법무사,200,/업무사례/군산상속등기법무사,"index,follow",true,군산 상속등기 법무사,군산 상속등기 비용|군산 상속등기 서류|전북 상속등기,inheritance
/업무사례/군포상속등기법무사,200,/업무사례/군포상속등기법무사,"index,follow",true,군포 상속등기 법무사,산본 상속등기|군포 법무사|군포 아파트 상속등기|산본 법무사 상속등기|군포 비대면 상속등기,inheritance
/업무사례/금정구법무사,200,/업무사례/금정구법무사,"index,follow",true,금정구 업무 사례,금정구 법무사 사례|금정구 상속등기|금정구 부동산등기|금정구 법무사|부산 금정구 법무사,local
/업무사례/기장군법무사,200,/업무사례/기장군법무사,"index,follow",true,기장군 업무 사례,기장군 법무사 사례|기장군 상속등기|기장군 부동산등기|기장군 법무사|부산 기장군 법무사,local
/업무사례/김천상속등기법무사,200,/업무사례/김천상속등기법무사,"index,follow",true,김천 상속등기 법무사,김천 아파트 상속|김천 토지 상속|김천 비대면 상속,inheritance
/업무사례/김포상속등기법무사,200,/업무사례/김포상속등기법무사,"index,follow",true,김포 상속등기 법무사,김포 상속부동산|김포 상속등기 절차|타지역 상속등기,inheritance
/업무사례/김해거주부산부동산상속,200,/업무사례/김해거주부산부동산상속,"index,follow",true,김해 거주 부산 부동산 상속,김해 거주자 부산 상속|부산 아파트 상속등기|거주지 불일치,inheritance
/업무사례/김해법인등기법무사,200,/업무사례/김해법인등기법무사,"index,follow",true,김해 법인등기 법무사,김해 법인설립|김해 임원변경|김해 본점이전,corporate
/업무사례/김해상속등기법무사,200,/업무사례/김해상속등기법무사,"index,follow",true,김해 상속등기 법무사,장유 상속등기|율하 아파트 상속등기|김해 상속등기 비용,inheritance
/업무사례/김해상속등기비용,200,/업무사례/김해상속등기비용,"index,follow",true,김해 상속등기 비용,김해 취득세|장유 율하 상속 비용|김해 법무사 보수,inheritance
/업무사례/김해상속등기필요서류,200,/업무사례/김해상속등기필요서류,"index,follow",true,김해 상속등기 필요서류,김해 가족관계증명|장유 상속 서류|김해 협의분할 서류,inheritance
/업무사례/김해에서부산법인본점이전,200,/업무사례/김해에서부산법인본점이전,"index,follow",true,김해에서 부산 법인 본점이전,김해 부산 본점이전|법인 본점이전 등기|김해 법인 이전,corporate
/업무사례/나주정읍상속등기법무사,200,/업무사례/나주정읍상속등기법무사,"index,follow",true,나주 정읍 상속등기 법무사,나주 상속등기 법무사|정읍 상속등기|나주 혁신도시 상속등기|정읍 농지 상속등기|나주 정읍 비대면 법무사,inheritance
/업무사례/남구법무사,200,/업무사례/남구법무사,"index,follow",true,남구 업무 사례,남구 법무사 사례|남구 상속등기|남구 부동산등기|남구 법무사|부산 남구 법무사,local
/업무사례/남동구상속등기법무사,200,/업무사례/남동구상속등기법무사,"index,follow",true,남동구 상속등기 법무사,남동구 상속등기 비용|남동구 상속등기 서류|인천 상속등기,inheritance
/업무사례/남양주상속등기법무사,200,/업무사례/남양주상속등기법무사,"index,follow",true,남양주 상속등기 법무사,남양주 법무사 상속등기|남양주 비대면 상속등기|남양주 아파트 상속등기,inheritance
/업무사례/남원상속등기법무사,200,/업무사례/남원상속등기법무사,"index,follow",true,남원 상속등기 법무사,남원 주택 상속등기|남원 농지 상속등기|남원 법무사 상속등기|남원 비대면 상속등기|전북 남원 상속등기,inheritance
/업무사례/남해상속등기법무사,200,/업무사례/남해상속등기법무사,"index,follow",true,남해 상속등기 법무사,남해군 상속등기|남해 섬 토지 상속|남해 전원주택 상속|남해대교,inheritance
/업무사례/노원구상속등기법무사,200,/업무사례/노원구상속등기법무사,"index,follow",true,노원구 상속등기 법무사,노원구 법무사 상속등기|노원구 비대면 상속등기|노원구 아파트 상속등기,inheritance
/업무사례/당진상속등기법무사,200,/업무사례/당진상속등기법무사,"index,follow",true,당진 상속등기 법무사,당진 공장 상속등기|당진 항만 부동산 상속|당진 산업단지 상속등기,inheritance
/업무사례/대구경북공동담보등기,200,/업무사례/대구경북공동담보등기,"index,follow",true,대구 경북 공동담보등기,대구 경북 공동근저당권|여러 지역 부동산 담보|경북 공동담보,other
/업무사례/대구군위군상속등기법무사,200,/업무사례/대구군위군상속등기법무사,"index,follow",true,대구 군위군 상속등기 법무사,군위군 토지 상속|대구 군위 상속등기|군위 비대면 상속,inheritance
/업무사례/대구남구상속등기법무사,200,/업무사례/대구남구상속등기법무사,"index,follow",true,대구 남구 상속등기 법무사,대구 남구 아파트 상속|남구 상속등기 서류|남구 비대면 상속,inheritance
/업무사례/대구다사상속등기,200,/업무사례/대구다사상속등기,"index,follow",true,대구 다사 상속등기,다사 아파트 상속|달성군 다사 상속|다사 비대면 상속,inheritance
/업무사례/대구달서구상속등기법무사,200,/업무사례/대구달서구상속등기법무사,"index,follow",true,대구달서구 상속등기 법무사,대구달서구 상속부동산|대구달서구 상속등기 절차|타지역 상속등기,inheritance
/업무사례/대구달성군상속등기법무사,200,/업무사례/대구달성군상속등기법무사,"index,follow",true,대구 달성군 상속등기 법무사,달성군 토지 상속|대구 달성 아파트 상속|달성 비대면 상속,inheritance
/업무사례/대구동구상속등기법무사,200,/업무사례/대구동구상속등기법무사,"index,follow",true,대구 동구 상속등기 법무사,대구 동구 아파트 상속|동구 상속등기 서류|동구 비대면 상속,inheritance
/업무사례/대구만촌동상속등기,200,/업무사례/대구만촌동상속등기,"index,follow",true,대구 만촌 상속등기,만촌동 아파트 상속|수성구 만촌 상속|만촌 비대면 상속,inheritance
/업무사례/대구범어동상속등기,200,/업무사례/대구범어동상속등기,"index,follow",true,대구 범어 상속등기,범어동 아파트 상속|수성구 범어 상속|범어 비대면 상속,inheritance
/업무사례/대구법무사업무,200,/업무사례/대구법무사업무,"index,follow",true,대구 법무사 업무,대구 상속등기|대구 법인등기|대구 비대면 법무사,other
/업무사례/대구부산공동근저당권,200,/업무사례/대구부산공동근저당권,"index,follow",true,대구 부산 공동근저당권,공동근저당권 설정|대구 부산 담보|여러 지역 부동산 담보,real-estate
/업무사례/대구북구상속등기법무사,200,/업무사례/대구북구상속등기법무사,"index,follow",true,대구 북구 상속등기 법무사,대구 북구 아파트 상속|북구 상속등기 비용|북구 비대면 상속,inheritance
/업무사례/대구상속등기법무사,200,/업무사례/대구상속등기법무사,"index,follow",true,대구 상속등기 법무사,대구 아파트 상속등기|대구 상속등기 비용,inheritance
/업무사례/대구상속등기비용,200,/업무사례/대구상속등기비용,"index,follow",true,대구 상속등기 비용,대구 취득세|대구 법무사 보수|대구 국민주택채권,inheritance
/업무사례/대구상속등기필요서류,200,/업무사례/대구상속등기필요서류,"index,follow",true,대구 상속등기 필요서류,대구 상속 서류|대구 협의분할 서류|대구 인감 위임,inheritance
/업무사례/대구상인동상속등기,200,/업무사례/대구상인동상속등기,"index,follow",true,대구 상인 상속등기,상인동 아파트 상속|달서구 상인 상속|상인 비대면 상속,inheritance
/업무사례/대구서구상속등기법무사,200,/업무사례/대구서구상속등기법무사,"index,follow",true,대구 서구 상속등기 법무사,대구 서구 아파트 상속|서구 상속등기 비용|서구 비대면 상속,inheritance
/업무사례/대구성서상속등기,200,/업무사례/대구성서상속등기,"index,follow",true,대구 성서 상속등기,성서 아파트 상속|달성군 성서 상속|성서 비대면 상속,inheritance
/업무사례/대구수성구상속등기법무사,200,/업무사례/대구수성구상속등기법무사,"index,follow",true,대구수성구 상속등기 법무사,대구수성구 상속등기 비용|대구수성구 상속등기 서류|대구 상속등기,inheritance
/업무사례/대구시지상속등기,200,/업무사례/대구시지상속등기,"index,follow",true,대구 시지 상속등기,시지 아파트 상속|수성구 시지 상속|시지 비대면 상속,inheritance
/업무사례/대구아파트상속등기,200,/업무사례/대구아파트상속등기,"index,follow",true,대구 아파트 상속등기,대구 아파트 취득세|대구 협의분할 아파트|대구 아파트 비대면 상속,inheritance
/업무사례/대구에서부산법인본점이전,200,/업무사례/대구에서부산법인본점이전,"index,follow",true,대구에서 부산 법인 본점이전,대구 부산 본점이전|법인 본점이전 등기|대구 법인 이전,corporate
/업무사례/대구월성동상속등기,200,/업무사례/대구월성동상속등기,"index,follow",true,대구 월성 상속등기,월성동 아파트 상속|달서구 월성 상속|월성 비대면 상속,inheritance
/업무사례/대구유증등기법무사,200,/업무사례/대구유증등기법무사,"index,follow",true,대구 유증등기 법무사,대구 유언공정증서|유증 부동산 이전|대구 유증등기,local
/업무사례/대구중구상속등기법무사,200,/업무사례/대구중구상속등기법무사,"index,follow",true,대구 중구 상속등기 법무사,대구 중구 아파트 상속|중구 상속등기 비용|중구 비대면 상속,inheritance
/업무사례/대구토지상속등기,200,/업무사례/대구토지상속등기,"index,follow",true,대구 토지 상속등기,대구 농지 상속|대구 다필지 토지|대구 토지 취득세,inheritance
/업무사례/대구현풍상속등기,200,/업무사례/대구현풍상속등기,"index,follow",true,대구 현풍 상속등기,현풍 토지 상속|달성군 현풍 상속|현풍 비대면 상속,inheritance
/업무사례/대전상속등기법무사,200,/업무사례/대전상속등기법무사,"index,follow",true,대전 상속등기 법무사,대전 비대면 상속등기|대전 상속부동산,inheritance
/업무사례/대전서구상속등기법무사,200,/업무사례/대전서구상속등기법무사,"index,follow",true,대전 서구 상속등기,대전서구 상속등기 법무사|둔산동 상속등기|대전 서구 유성구 차이,inheritance
/업무사례/대전유성구상속등기법무사,200,/업무사례/대전유성구상속등기법무사,"index,follow",true,대전유성구 상속등기 법무사,대전유성구 상속부동산|대전유성구 상속등기 절차|타지역 상속등기,inheritance
/업무사례/동구법무사,200,/업무사례/동구법무사,"index,follow",true,동구 업무 사례,동구 법무사 사례|동구 상속등기|동구 부동산등기|동구 법무사|부산 동구 법무사,local
/업무사례/동래구법무사,200,/업무사례/동래구법무사,"index,follow",true,동래구 업무 사례,동래구 법무사 사례|동래구 상속등기|동래구 부동산등기|동래구 법무사|부산 동래구 법무사,local
/업무사례/동탄상속등기법무사,200,/업무사례/동탄상속등기법무사,"index,follow",true,동탄 상속등기 법무사,동탄 상속부동산|동탄 상속등기 절차|타지역 상속등기,inheritance
/업무사례/동해삼척상속등기법무사,200,/업무사례/동해삼척상속등기법무사,"index,follow",true,동해 삼척 상속등기 법무사,동해 상속등기 법무사|삼척 상속등기|동해 아파트 상속등기|삼척 주택 상속등기|동해 삼척 비대면 법무사,inheritance
/업무사례/마산합포구상속등기법무사,200,/업무사례/마산합포구상속등기법무사,"index,follow",true,마산합포구 상속등기,월영 현동 진동 상속|마산합포구 주택 상속|마산 토지 상속,inheritance
/업무사례/마산회원구상속등기법무사,200,/업무사례/마산회원구상속등기법무사,"index,follow",true,마산회원구 상속등기,양덕 합성 상속|내서 부동산 상속|회원구 아파트 상속,inheritance
/업무사례/마포구상속등기법무사,200,/업무사례/마포구상속등기법무사,"index,follow",true,마포구 상속등기 법무사,마포구 법무사 상속등기|마포구 비대면 상속등기|마포구 아파트 상속등기,inheritance
/업무사례/목포상속등기법무사,200,/업무사례/목포상속등기법무사,"index,follow",true,목포 상속등기 법무사,목포 상속부동산|목포 상속등기 절차|타지역 상속등기,inheritance
/업무사례/문경상속등기법무사,200,/업무사례/문경상속등기법무사,"index,follow",true,문경 상속등기 법무사,문경새재 인근 부동산 상속|문경시 전원주택 상속|충북 인접 상속인|문경 농지 상속,inheritance
/업무사례/물금상속등기법무사,200,/업무사례/물금상속등기법무사,"index,follow",true,물금 상속등기 법무사,양산 물금 아파트 상속|물금 상속등기 비용|물금 비대면 상속,inheritance
/업무사례/밀양상속등기법무사,200,/업무사례/밀양상속등기법무사,"index,follow",true,밀양 상속등기 법무사,밀양시 상속등기|밀양 농지 상속|밀양 양산 창녕 인접 토지|밀양 주택 상속,inheritance
/업무사례/부산가덕도법무사,200,/업무사례/부산가덕도법무사,"index,follow",true,부산 가덕도 업무 사례,부산 가덕도 법무사 사례|부산 가덕도 상속등기|부산 가덕도 부동산등기|가덕도|부산 가덕도,other
/업무사례/부산가덕도신공항법무사,200,/업무사례/부산가덕도신공항법무사,"index,follow",true,부산 가덕도신공항 업무 사례,부산 가덕도신공항 법무사 사례|부산 가덕도신공항 상속등기|부산 가덕도신공항 부동산등기|가덕도신공항|부산 가덕도신공항,other
/업무사례/부산가락동법무사,200,/업무사례/부산가락동법무사,"index,follow",true,부산 가락동 업무 사례,부산 가락동 법무사 사례|부산 가락동 상속등기|부산 가락동 부동산등기|가락동|부산 가락동,local
/업무사례/부산가야동법무사,200,/업무사례/부산가야동법무사,"index,follow",true,부산 가야동 업무 사례,부산 가야동 법무사 사례|부산 가야동 상속등기|부산 가야동 부동산등기|가야동|부산 가야동,local
/업무사례/부산가야역법무사,200,/업무사례/부산가야역법무사,"index,follow",false,부산 가야역 업무 사례,부산 가야역 법무사 사례|부산 가야역 상속등기|부산 가야역 부동산등기|가야역|부산 가야역,other
/업무사례/부산가정법원법무사,200,/업무사례/부산가정법원법무사,"index,follow",true,부산가정법원 업무 사례,부산가정법원 법무사 사례|부산가정법원 상속등기|부산가정법원 부동산등기|부산가정법원|부산가정법원 법무사,other
/업무사례/부산감만동법무사,200,/업무사례/부산감만동법무사,"index,follow",true,부산 감만동 업무 사례,부산 감만동 법무사 사례|부산 감만동 상속등기|부산 감만동 부동산등기|감만동|부산 감만동,local
/업무사례/부산감전동법무사,200,/업무사례/부산감전동법무사,"index,follow",true,부산 감전동 업무 사례,부산 감전동 법무사 사례|부산 감전동 상속등기|부산 감전동 부동산등기|감전동|부산 감전동,local
/업무사례/부산감천동법무사,200,/업무사례/부산감천동법무사,"index,follow",true,부산 감천동 업무 사례,부산 감천동 법무사 사례|부산 감천동 상속등기|부산 감천동 부동산등기|감천동|부산 감천동,local
/업무사례/부산감천문화마을법무사,200,/업무사례/부산감천문화마을법무사,"index,follow",true,부산 감천문화마을 업무 사례,부산 감천문화마을 법무사 사례|부산 감천문화마을 상속등기|부산 감천문화마을 부동산등기|감천문화마을|부산 감천문화마을,other
/업무사례/부산강동동법무사,200,/업무사례/부산강동동법무사,"index,follow",true,부산 강동동 업무 사례,부산 강동동 법무사 사례|부산 강동동 상속등기|부산 강동동 부동산등기|강동동|부산 강동동,local
/업무사례/부산강서서부지원법무사,200,/업무사례/부산강서서부지원법무사,"index,follow",false,부산 강서서부지원 업무 사례,부산 강서서부지원 법무사 사례|부산 강서서부지원 상속등기|부산 강서서부지원 부동산등기|강서서부지원|강서서부지원 법무사,other
/업무사례/부산강서해성산업단지법무사,200,/업무사례/부산강서해성산업단지법무사,"index,follow",true,부산 강서해성산업단지 업무 사례,부산 강서해성산업단지 법무사 사례|부산 강서해성산업단지 상속등기|부산 강서해성산업단지 부동산등기|강서해성산업단지|부산 강서해성산업단지,other
/업무사례/부산개금동법무사,200,/업무사례/부산개금동법무사,"index,follow",true,부산 개금동 업무 사례,부산 개금동 법무사 사례|부산 개금동 상속등기|부산 개금동 부동산등기|개금동|부산 개금동,local
/업무사례/부산개금역법무사,200,/업무사례/부산개금역법무사,"index,follow",false,부산 개금역 업무 사례,부산 개금역 법무사 사례|부산 개금역 상속등기|부산 개금역 부동산등기|개금역|부산 개금역,other
/업무사례/부산거제1동법무사,200,/업무사례/부산거제1동법무사,"index,follow",false,부산 거제1동 업무 사례,부산 거제1동 법무사 사례|부산 거제1동 상속등기|부산 거제1동 부동산등기|거제1동|부산 거제1동,local
/업무사례/부산거제2동법무사,200,/업무사례/부산거제2동법무사,"index,follow",false,부산 거제2동 업무 사례,부산 거제2동 법무사 사례|부산 거제2동 상속등기|부산 거제2동 부동산등기|거제2동|부산 거제2동,local
/업무사례/부산거제3동법무사,200,/업무사례/부산거제3동법무사,"index,follow",false,부산 거제3동 업무 사례,부산 거제3동 법무사 사례|부산 거제3동 상속등기|부산 거제3동 부동산등기|거제3동|부산 거제3동,local
/업무사례/부산거제4동법무사,200,/업무사례/부산거제4동법무사,"index,follow",false,부산 거제4동 업무 사례,부산 거제4동 법무사 사례|부산 거제4동 상속등기|부산 거제4동 부동산등기|거제4동|부산 거제4동,local
/업무사례/부산거제동법무사,200,/업무사례/부산거제동법무사,"index,follow",true,부산 거제동 업무 사례,부산 거제동 법무사 사례|부산 거제동 상속등기|부산 거제동 부동산등기|거제동|부산 거제동,local
/업무사례/부산거제동법원법무사,200,/업무사례/부산거제동법원법무사,"index,follow",false,부산 거제동법원 업무 사례,부산 거제동법원 법무사 사례|부산 거제동법원 상속등기|부산 거제동법원 부동산등기|거제동법원|거제동법원 법무사,local
/업무사례/부산거제역법무사,200,/업무사례/부산거제역법무사,"index,follow",false,부산 거제역 업무 사례,부산 거제역 법무사 사례|부산 거제역 상속등기|부산 거제역 부동산등기|거제역|부산 거제역,other
/업무사례/부산거주김해부동산상속,200,/업무사례/부산거주김해부동산상속,"index,follow",true,부산 거주 김해 부동산 상속,부산 거주자 김해 상속|김해 부동산 비대면|거주지 불일치 상속,inheritance
/업무사례/부산거주양산부동산상속,200,/업무사례/부산거주양산부동산상속,"index,follow",true,부산 거주 양산 부동산 상속,부산 거주자 양산 상속|물금 사송 상속|거주 소재 불일치,inheritance
/업무사례/부산경성대법무사,200,/업무사례/부산경성대법무사,"index,follow",true,부산 경성대 업무 사례,부산 경성대 법무사 사례|부산 경성대 상속등기|부산 경성대 부동산등기|경성대|부산 경성대,other
/업무사례/부산고등법원법무사,200,/업무사례/부산고등법원법무사,"index,follow",false,부산고등법원 업무 사례,부산고등법원 법무사 사례|부산고등법원 상속등기|부산고등법원 부동산등기|부산고등법원|부산고등법원 법무사,other
/업무사례/부산과학기술대학교법무사,200,/업무사례/부산과학기술대학교법무사,"index,follow",true,부산과학기술대학교 업무 사례,부산과학기술대학교 법무사 사례|부산과학기술대학교 상속등기|부산과학기술대학교 부동산등기|부산과학기술대학교|부산과학기술대학교,other
/업무사례/부산광복동법무사,200,/업무사례/부산광복동법무사,"index,follow",true,부산 광복동 업무 사례,부산 광복동 법무사 사례|부산 광복동 상속등기|부산 광복동 부동산등기|광복동|부산 광복동,local
/업무사례/부산광안1동법무사,200,/업무사례/부산광안1동법무사,"index,follow",false,부산 광안1동 업무 사례,부산 광안1동 법무사 사례|부산 광안1동 상속등기|부산 광안1동 부동산등기|광안1동|부산 광안1동,local
/업무사례/부산광안2동법무사,200,/업무사례/부산광안2동법무사,"index,follow",false,부산 광안2동 업무 사례,부산 광안2동 법무사 사례|부산 광안2동 상속등기|부산 광안2동 부동산등기|광안2동|부산 광안2동,local
/업무사례/부산광안3동법무사,200,/업무사례/부산광안3동법무사,"index,follow",false,부산 광안3동 업무 사례,부산 광안3동 법무사 사례|부산 광안3동 상속등기|부산 광안3동 부동산등기|광안3동|부산 광안3동,local
/업무사례/부산광안4동법무사,200,/업무사례/부산광안4동법무사,"index,follow",false,부산 광안4동 업무 사례,부산 광안4동 법무사 사례|부산 광안4동 상속등기|부산 광안4동 부동산등기|광안4동|부산 광안4동,local
/업무사례/부산광안대교법무사,200,/업무사례/부산광안대교법무사,"index,follow",false,부산 광안대교 업무 사례,부산 광안대교 법무사 사례|부산 광안대교 상속등기|부산 광안대교 부동산등기|광안대교|부산 광안대교,other
/업무사례/부산광안동법무사,200,/업무사례/부산광안동법무사,"index,follow",true,부산 광안동 업무 사례,부산 광안동 법무사 사례|부산 광안동 상속등기|부산 광안동 부동산등기|광안동|부산 광안동,local
/업무사례/부산광안리법무사,200,/업무사례/부산광안리법무사,"index,follow",true,부산 광안리 업무 사례,부산 광안리 법무사 사례|부산 광안리 상속등기|부산 광안리 부동산등기|광안리|부산 광안리,other
/업무사례/부산광안역법무사,200,/업무사례/부산광안역법무사,"index,follow",false,부산 광안역 업무 사례,부산 광안역 법무사 사례|부산 광안역 상속등기|부산 광안역 부동산등기|광안역|부산 광안역,other
/업무사례/부산괘법동법무사,200,/업무사례/부산괘법동법무사,"index,follow",true,부산 괘법동 업무 사례,부산 괘법동 법무사 사례|부산 괘법동 상속등기|부산 괘법동 부동산등기|괘법동|부산 괘법동,local
/업무사례/부산괘법르네시떼역법무사,200,/업무사례/부산괘법르네시떼역법무사,"index,follow",false,부산 괘법르네시떼역 업무 사례,부산 괘법르네시떼역 법무사 사례|부산 괘법르네시떼역 상속등기|부산 괘법르네시떼역 부동산등기|괘법르네시떼역|부산 괘법르네시떼역,other
/업무사례/부산괴정동법무사,200,/업무사례/부산괴정동법무사,"index,follow",true,부산 괴정동 업무 사례,부산 괴정동 법무사 사례|부산 괴정동 상속등기|부산 괴정동 부동산등기|괴정동|부산 괴정동,local
/업무사례/부산교대역법무사,200,/업무사례/부산교대역법무사,"index,follow",true,부산 교대역 업무 사례,부산 교대역 법무사 사례|부산 교대역 상속등기|부산 교대역 부동산등기|교대역|부산 교대역,other
/업무사례/부산구랑동법무사,200,/업무사례/부산구랑동법무사,"index,follow",true,부산 구랑동 업무 사례,부산 구랑동 법무사 사례|부산 구랑동 상속등기|부산 구랑동 부동산등기|구랑동|부산 구랑동,local
/업무사례/부산구서동법무사,200,/업무사례/부산구서동법무사,"index,follow",true,부산 구서동 업무 사례,부산 구서동 법무사 사례|부산 구서동 상속등기|부산 구서동 부동산등기|구서동|부산 구서동,local
/업무사례/부산구서역법무사,200,/업무사례/부산구서역법무사,"index,follow",false,부산 구서역 업무 사례,부산 구서역 법무사 사례|부산 구서역 상속등기|부산 구서역 부동산등기|구서역|부산 구서역,local
/업무사례/부산구평동법무사,200,/업무사례/부산구평동법무사,"index,follow",true,부산 구평동 업무 사례,부산 구평동 법무사 사례|부산 구평동 상속등기|부산 구평동 부동산등기|구평동|부산 구평동,local
/업무사례/부산구포동법무사,200,/업무사례/부산구포동법무사,"index,follow",true,부산 구포동 업무 사례,부산 구포동 법무사 사례|부산 구포동 상속등기|부산 구포동 부동산등기|구포동|부산 구포동,local
/업무사례/부산구포시장법무사,200,/업무사례/부산구포시장법무사,"index,follow",false,부산 구포시장 업무 사례,부산 구포시장 법무사 사례|부산 구포시장 상속등기|부산 구포시장 부동산등기|구포시장|부산 구포시장,local
/업무사례/부산구포역법무사,200,/업무사례/부산구포역법무사,"index,follow",true,부산 구포역 업무 사례,부산 구포역 법무사 사례|부산 구포역 상속등기|부산 구포역 부동산등기|구포역|부산 구포역,local
/업무사례/부산국립해양박물관법무사,200,/업무사례/부산국립해양박물관법무사,"index,follow",false,부산 국립해양박물관 업무 사례,부산 국립해양박물관 법무사 사례|부산 국립해양박물관 상속등기|부산 국립해양박물관 부동산등기|국립해양박물관|부산 국립해양박물관,other
/업무사례/부산국제금융센터법무사,200,/업무사례/부산국제금융센터법무사,"index,follow",true,부산국제금융센터 업무 사례,부산국제금융센터 법무사 사례|부산국제금융센터 상속등기|부산국제금융센터 부동산등기|부산국제금융센터|부산국제금융센터,other
/업무사례/부산국제산업물류도시법무사,200,/업무사례/부산국제산업물류도시법무사,"index,follow",true,부산 국제산업물류도시 업무 사례,부산 국제산업물류도시 법무사 사례|부산 국제산업물류도시 상속등기|부산 국제산업물류도시 부동산등기|국제산업물류도시|부산 국제산업물류도시,other
/업무사례/부산국제시장법무사,200,/업무사례/부산국제시장법무사,"index,follow",true,부산 국제시장 업무 사례,부산 국제시장 법무사 사례|부산 국제시장 상속등기|부산 국제시장 부동산등기|국제시장|부산 국제시장,other
/업무사례/부산근대역사관법무사,200,/업무사례/부산근대역사관법무사,"index,follow",false,부산근대역사관 업무 사례,부산근대역사관 법무사 사례|부산근대역사관 상속등기|부산근대역사관 부동산등기|부산근대역사관|부산근대역사관,other
/업무사례/부산금곡도시첨단산업단지법무사,200,/업무사례/부산금곡도시첨단산업단지법무사,"index,follow",true,부산 금곡도시첨단산업단지 업무 사례,부산 금곡도시첨단산업단지 법무사 사례|부산 금곡도시첨단산업단지 상속등기|부산 금곡도시첨단산업단지 부동산등기|금곡도시첨단산업단지|부산 금곡도시첨단산업단지,other
/업무사례/부산금곡동법무사,200,/업무사례/부산금곡동법무사,"index,follow",true,부산 금곡동 업무 사례,부산 금곡동 법무사 사례|부산 금곡동 상속등기|부산 금곡동 부동산등기|금곡동|부산 금곡동,local
/업무사례/부산금곡역법무사,200,/업무사례/부산금곡역법무사,"index,follow",false,부산 금곡역 업무 사례,부산 금곡역 법무사 사례|부산 금곡역 상속등기|부산 금곡역 부동산등기|금곡역|부산 금곡역,other
/업무사례/부산금련산역법무사,200,/업무사례/부산금련산역법무사,"index,follow",true,부산 금련산역 업무 사례,부산 금련산역 법무사 사례|부산 금련산역 상속등기|부산 금련산역 부동산등기|금련산역|부산 금련산역,other
/업무사례/부산금사공업지역법무사,200,/업무사례/부산금사공업지역법무사,"index,follow",true,부산 금사공업지역 업무 사례,부산 금사공업지역 법무사 사례|부산 금사공업지역 상속등기|부산 금사공업지역 부동산등기|금사공업지역|부산 금사공업지역,other
/업무사례/부산금사동법무사,200,/업무사례/부산금사동법무사,"index,follow",true,부산 금사동 업무 사례,부산 금사동 법무사 사례|부산 금사동 상속등기|부산 금사동 부동산등기|금사동|부산 금사동,local
/업무사례/부산금성동법무사,200,/업무사례/부산금성동법무사,"index,follow",true,부산 금성동 업무 사례,부산 금성동 법무사 사례|부산 금성동 상속등기|부산 금성동 부동산등기|금성동|부산 금성동,local
/업무사례/부산금정구청법무사,200,/업무사례/부산금정구청법무사,"index,follow",false,부산 금정구청 업무 사례,부산 금정구청 법무사 사례|부산 금정구청 상속등기|부산 금정구청 부동산등기|금정구청|부산 금정구청,local
/업무사례/부산기장군청법무사,200,/업무사례/부산기장군청법무사,"index,follow",false,부산 기장군청 업무 사례,부산 기장군청 법무사 사례|부산 기장군청 상속등기|부산 기장군청 부동산등기|기장군청|부산 기장군청,local
/업무사례/부산기장시장법무사,200,/업무사례/부산기장시장법무사,"index,follow",true,부산 기장시장 업무 사례,부산 기장시장 법무사 사례|부산 기장시장 상속등기|부산 기장시장 부동산등기|기장시장|부산 기장시장,local
/업무사례/부산기장역법무사,200,/업무사례/부산기장역법무사,"index,follow",true,부산 기장역 업무 사례,부산 기장역 법무사 사례|부산 기장역 상속등기|부산 기장역 부동산등기|기장역|부산 기장역,local
/업무사례/부산기장읍법무사,200,/업무사례/부산기장읍법무사,"index,follow",true,부산 기장읍 업무 사례,부산 기장읍 법무사 사례|부산 기장읍 상속등기|부산 기장읍 부동산등기|기장읍|부산 기장읍,local
/업무사례/부산김해양산공동근저당권,200,/업무사례/부산김해양산공동근저당권,"index,follow",true,부산 김해 양산 공동근저당권,공동근저당권 설정|여러 지역 부동산 담보|경남 공동담보,real-estate
/업무사례/부산낙민동법무사,200,/업무사례/부산낙민동법무사,"index,follow",true,부산 낙민동 업무 사례,부산 낙민동 법무사 사례|부산 낙민동 상속등기|부산 낙민동 부동산등기|낙민동|부산 낙민동,local
/업무사례/부산남부민동법무사,200,/업무사례/부산남부민동법무사,"index,follow",true,부산 남부민동 업무 사례,부산 남부민동 법무사 사례|부산 남부민동 상속등기|부산 남부민동 부동산등기|남부민동|부산 남부민동,local
/업무사례/부산남산동법무사,200,/업무사례/부산남산동법무사,"index,follow",true,부산 남산동 업무 사례,부산 남산동 법무사 사례|부산 남산동 상속등기|부산 남산동 부동산등기|남산동|부산 남산동,local
/업무사례/부산남산역법무사,200,/업무사례/부산남산역법무사,"index,follow",false,부산 남산역 업무 사례,부산 남산역 법무사 사례|부산 남산역 상속등기|부산 남산역 부동산등기|남산역|부산 남산역,other
/업무사례/부산남천1동법무사,200,/업무사례/부산남천1동법무사,"index,follow",false,부산 남천1동 업무 사례,부산 남천1동 법무사 사례|부산 남천1동 상속등기|부산 남천1동 부동산등기|남천1동|부산 남천1동,local
/업무사례/부산남천2동법무사,200,/업무사례/부산남천2동법무사,"index,follow",false,부산 남천2동 업무 사례,부산 남천2동 법무사 사례|부산 남천2동 상속등기|부산 남천2동 부동산등기|남천2동|부산 남천2동,local
/업무사례/부산남천동법무사,200,/업무사례/부산남천동법무사,"index,follow",true,부산 남천동 업무 사례,부산 남천동 법무사 사례|부산 남천동 상속등기|부산 남천동 부동산등기|남천동|부산 남천동,local
/업무사례/부산남천역법무사,200,/업무사례/부산남천역법무사,"index,follow",false,부산 남천역 업무 사례,부산 남천역 법무사 사례|부산 남천역 상속등기|부산 남천역 부동산등기|남천역|부산 남천역,other
/업무사례/부산남포동법무사,200,/업무사례/부산남포동법무사,"index,follow",true,부산 남포동 업무 사례,부산 남포동 법무사 사례|부산 남포동 상속등기|부산 남포동 부동산등기|남포동|부산 남포동,local
/업무사례/부산남항동법무사,200,/업무사례/부산남항동법무사,"index,follow",true,부산 남항동 업무 사례,부산 남항동 법무사 사례|부산 남항동 상속등기|부산 남항동 부동산등기|남항동|부산 남항동,local
/업무사례/부산낫개역법무사,200,/업무사례/부산낫개역법무사,"index,follow",true,부산 낫개역 업무 사례,부산 낫개역 법무사 사례|부산 낫개역 상속등기|부산 낫개역 부동산등기|낫개역|부산 낫개역,other
/업무사례/부산냉정역법무사,200,/업무사례/부산냉정역법무사,"index,follow",true,부산 냉정역 업무 사례,부산 냉정역 법무사 사례|부산 냉정역 상속등기|부산 냉정역 부동산등기|냉정역|부산 냉정역,other
/업무사례/부산노포동법무사,200,/업무사례/부산노포동법무사,"index,follow",true,부산 노포동 업무 사례,부산 노포동 법무사 사례|부산 노포동 상속등기|부산 노포동 부동산등기|노포동|부산 노포동,local
/업무사례/부산노포역법무사,200,/업무사례/부산노포역법무사,"index,follow",true,부산 노포역 업무 사례,부산 노포역 법무사 사례|부산 노포역 상속등기|부산 노포역 부동산등기|노포역|부산 노포역,other
/업무사례/부산녹산국가산업단지법무사,200,/업무사례/부산녹산국가산업단지법무사,"index,follow",true,부산 녹산국가산업단지 업무 사례,부산 녹산국가산업단지 법무사 사례|부산 녹산국가산업단지 상속등기|부산 녹산국가산업단지 부동산등기|녹산국가산업단지|부산 녹산국가산업단지,other
/업무사례/부산녹산동법무사,200,/업무사례/부산녹산동법무사,"index,follow",true,부산 녹산동 업무 사례,부산 녹산동 법무사 사례|부산 녹산동 상속등기|부산 녹산동 부동산등기|녹산동|부산 녹산동,local
/업무사례/부산눌차동법무사,200,/업무사례/부산눌차동법무사,"index,follow",true,부산 눌차동 업무 사례,부산 눌차동 법무사 사례|부산 눌차동 상속등기|부산 눌차동 부동산등기|눌차동|부산 눌차동,local
/업무사례/부산다대동법무사,200,/업무사례/부산다대동법무사,"index,follow",true,부산 다대동 업무 사례,부산 다대동 법무사 사례|부산 다대동 상속등기|부산 다대동 부동산등기|다대동|부산 다대동,local
/업무사례/부산다대포법무사,200,/업무사례/부산다대포법무사,"index,follow",true,부산 다대포 업무 사례,부산 다대포 법무사 사례|부산 다대포 상속등기|부산 다대포 부동산등기|다대포|부산 다대포,other
/업무사례/부산다대포해수욕장역법무사,200,/업무사례/부산다대포해수욕장역법무사,"index,follow",false,부산 다대포해수욕장역 업무 사례,부산 다대포해수욕장역 법무사 사례|부산 다대포해수욕장역 상속등기|부산 다대포해수욕장역 부동산등기|다대포해수욕장역|부산 다대포해수욕장역,other
/업무사례/부산달맞이길법무사,200,/업무사례/부산달맞이길법무사,"index,follow",true,부산 달맞이길 업무 사례,부산 달맞이길 법무사 사례|부산 달맞이길 상속등기|부산 달맞이길 부동산등기|달맞이길|부산 달맞이길,other
/업무사례/부산당감동법무사,200,/업무사례/부산당감동법무사,"index,follow",true,부산 당감동 업무 사례,부산 당감동 법무사 사례|부산 당감동 상속등기|부산 당감동 부동산등기|당감동|부산 당감동,local
/업무사례/부산당리동법무사,200,/업무사례/부산당리동법무사,"index,follow",true,부산 당리동 업무 사례,부산 당리동 법무사 사례|부산 당리동 상속등기|부산 당리동 부동산등기|당리동|부산 당리동,local
/업무사례/부산대교동법무사,200,/업무사례/부산대교동법무사,"index,follow",true,부산 대교동 업무 사례,부산 대교동 법무사 사례|부산 대교동 상속등기|부산 대교동 부동산등기|대교동|부산 대교동,local
/업무사례/부산대법무사,200,/업무사례/부산대법무사,"index,follow",true,부산대 업무 사례,부산대 법무사 사례|부산대 상속등기|부산대 부동산등기|부산대|부산대,other
/업무사례/부산대역법무사,200,/업무사례/부산대역법무사,"index,follow",false,부산대역 업무 사례,부산대역 법무사 사례|부산대역 상속등기|부산대역 부동산등기|부산대역|부산대역,other
/업무사례/부산대연동법무사,200,/업무사례/부산대연동법무사,"index,follow",true,부산 대연동 업무 사례,부산 대연동 법무사 사례|부산 대연동 상속등기|부산 대연동 부동산등기|대연동|부산 대연동,local
/업무사례/부산대연역법무사,200,/업무사례/부산대연역법무사,"index,follow",false,부산 대연역 업무 사례,부산 대연역 법무사 사례|부산 대연역 상속등기|부산 대연역 부동산등기|대연역|부산 대연역,other
/업무사례/부산대연혁신지구법무사,200,/업무사례/부산대연혁신지구법무사,"index,follow",true,부산 대연혁신지구 업무 사례,부산 대연혁신지구 법무사 사례|부산 대연혁신지구 상속등기|부산 대연혁신지구 부동산등기|대연혁신지구|부산 대연혁신지구,local
/업무사례/부산대저동법무사,200,/업무사례/부산대저동법무사,"index,follow",true,부산 대저동 업무 사례,부산 대저동 법무사 사례|부산 대저동 상속등기|부산 대저동 부동산등기|대저동|부산 대저동,local
/업무사례/부산대창동법무사,200,/업무사례/부산대창동법무사,"index,follow",true,부산 대창동 업무 사례,부산 대창동 법무사 사례|부산 대창동 상속등기|부산 대창동 부동산등기|대창동|부산 대창동,local
/업무사례/부산대청동법무사,200,/업무사례/부산대청동법무사,"index,follow",true,부산 대청동 업무 사례,부산 대청동 법무사 사례|부산 대청동 상속등기|부산 대청동 부동산등기|대청동|부산 대청동,local
/업무사례/부산대평동법무사,200,/업무사례/부산대평동법무사,"index,follow",true,부산 대평동 업무 사례,부산 대평동 법무사 사례|부산 대평동 상속등기|부산 대평동 부동산등기|대평동|부산 대평동,local
/업무사례/부산대학병원법무사,200,/업무사례/부산대학병원법무사,"index,follow",true,부산대학병원 업무 사례,부산대학병원 법무사 사례|부산대학병원 상속등기|부산대학병원 부동산등기|부산대학병원|부산대학병원,other
/업무사례/부산대항동법무사,200,/업무사례/부산대항동법무사,"index,follow",true,부산 대항동 업무 사례,부산 대항동 법무사 사례|부산 대항동 상속등기|부산 대항동 부동산등기|대항동|부산 대항동,local
/업무사례/부산덕천동법무사,200,/업무사례/부산덕천동법무사,"index,follow",true,부산 덕천동 업무 사례,부산 덕천동 법무사 사례|부산 덕천동 상속등기|부산 덕천동 부동산등기|덕천동|부산 덕천동,local
/업무사례/부산덕천역법무사,200,/업무사례/부산덕천역법무사,"index,follow",true,부산 덕천역 업무 사례,부산 덕천역 법무사 사례|부산 덕천역 상속등기|부산 덕천역 부동산등기|덕천역|부산 덕천역,other
/업무사례/부산덕포동법무사,200,/업무사례/부산덕포동법무사,"index,follow",true,부산 덕포동 업무 사례,부산 덕포동 법무사 사례|부산 덕포동 상속등기|부산 덕포동 부동산등기|덕포동|부산 덕포동,local
/업무사례/부산동광동법무사,200,/업무사례/부산동광동법무사,"index,follow",true,부산 동광동 업무 사례,부산 동광동 법무사 사례|부산 동광동 상속등기|부산 동광동 부동산등기|동광동|부산 동광동,local
/업무사례/부산동남권방사선의과학산업단지법무사,200,/업무사례/부산동남권방사선의과학산업단지법무사,"index,follow",true,부산 동남권방사선의과학산업단지 업무 사례,부산 동남권방사선의과학산업단지 법무사 사례|부산 동남권방사선의과학산업단지 상속등기|부산 동남권방사선의과학산업단지 부동산등기|동남권방사선의과학산업단지|부산 동남권방사선의과학산업단지,local
/업무사례/부산동대신동법무사,200,/업무사례/부산동대신동법무사,"index,follow",true,부산 동대신동 업무 사례,부산 동대신동 법무사 사례|부산 동대신동 상속등기|부산 동대신동 부동산등기|동대신동|부산 동대신동,local
/업무사례/부산동래구청법무사,200,/업무사례/부산동래구청법무사,"index,follow",false,부산 동래구청 업무 사례,부산 동래구청 법무사 사례|부산 동래구청 상속등기|부산 동래구청 부동산등기|동래구청|부산 동래구청,local
/업무사례/부산동래문화회관법무사,200,/업무사례/부산동래문화회관법무사,"index,follow",false,부산 동래문화회관 업무 사례,부산 동래문화회관 법무사 사례|부산 동래문화회관 상속등기|부산 동래문화회관 부동산등기|동래문화회관|부산 동래문화회관,local
/업무사례/부산동래시장법무사,200,/업무사례/부산동래시장법무사,"index,follow",true,부산 동래시장 업무 사례,부산 동래시장 법무사 사례|부산 동래시장 상속등기|부산 동래시장 부동산등기|동래시장|부산 동래시장,local
/업무사례/부산동래역법무사,200,/업무사례/부산동래역법무사,"index,follow",true,부산 동래역 업무 사례,부산 동래역 법무사 사례|부산 동래역 상속등기|부산 동래역 부동산등기|동래역|부산 동래역,local
/업무사례/부산동매역법무사,200,/업무사례/부산동매역법무사,"index,follow",true,부산 동매역 업무 사례,부산 동매역 법무사 사례|부산 동매역 상속등기|부산 동매역 부동산등기|동매역|부산 동매역,local
/업무사례/부산동부산관광단지법무사,200,/업무사례/부산동부산관광단지법무사,"index,follow",false,부산 동부산관광단지 업무 사례,부산 동부산관광단지 법무사 사례|부산 동부산관광단지 상속등기|부산 동부산관광단지 부동산등기|동부산관광단지|부산 동부산관광단지,local
/업무사례/부산동부산롯데아울렛법무사,200,/업무사례/부산동부산롯데아울렛법무사,"index,follow",false,부산 동부산롯데아울렛 업무 사례,부산 동부산롯데아울렛 법무사 사례|부산 동부산롯데아울렛 상속등기|부산 동부산롯데아울렛 부동산등기|동부산롯데아울렛|부산 동부산롯데아울렛,local
/업무사례/부산동부지원법무사,200,/업무사례/부산동부지원법무사,"index,follow",true,부산동부지원 업무 사례,부산동부지원 법무사 사례|부산동부지원 상속등기|부산동부지원 부동산등기|부산동부지원|부산동부지원 법무사,local
/업무사례/부산동삼동법무사,200,/업무사례/부산동삼동법무사,"index,follow",true,부산 동삼동 업무 사례,부산 동삼동 법무사 사례|부산 동삼동 상속등기|부산 동삼동 부동산등기|동삼동|부산 동삼동,local
/업무사례/부산동삼혁신지구법무사,200,/업무사례/부산동삼혁신지구법무사,"index,follow",true,부산 동삼혁신지구 업무 사례,부산 동삼혁신지구 법무사 사례|부산 동삼혁신지구 상속등기|부산 동삼혁신지구 부동산등기|동삼혁신지구|부산 동삼혁신지구,local
/업무사례/부산동선동법무사,200,/업무사례/부산동선동법무사,"index,follow",true,부산 동선동 업무 사례,부산 동선동 법무사 사례|부산 동선동 상속등기|부산 동선동 부동산등기|동선동|부산 동선동,local
/업무사례/부산동아대병원법무사,200,/업무사례/부산동아대병원법무사,"index,follow",false,부산 동아대병원 업무 사례,부산 동아대병원 법무사 사례|부산 동아대병원 상속등기|부산 동아대병원 부동산등기|동아대병원|부산 동아대병원,local
/업무사례/부산동의대역법무사,200,/업무사례/부산동의대역법무사,"index,follow",true,부산 동의대역 업무 사례,부산 동의대역 법무사 사례|부산 동의대역 상속등기|부산 동의대역 부동산등기|동의대역|부산 동의대역,local
/업무사례/부산두구동법무사,200,/업무사례/부산두구동법무사,"index,follow",true,부산 두구동 업무 사례,부산 두구동 법무사 사례|부산 두구동 상속등기|부산 두구동 부동산등기|두구동|부산 두구동,local
/업무사례/부산두실역법무사,200,/업무사례/부산두실역법무사,"index,follow",true,부산 두실역 업무 사례,부산 두실역 법무사 사례|부산 두실역 상속등기|부산 두실역 부동산등기|두실역|부산 두실역,other
/업무사례/부산등기국법무사,200,/업무사례/부산등기국법무사,"index,follow",false,부산등기국 업무 사례,부산등기국 법무사 사례|부산등기국 상속등기|부산등기국 부동산등기|부산등기국|부산등기국 법무사,other
/업무사례/부산롯데월드어드벤처법무사,200,/업무사례/부산롯데월드어드벤처법무사,"index,follow",false,부산 롯데월드어드벤처부산 업무 사례,부산 롯데월드어드벤처부산 법무사 사례|부산 롯데월드어드벤처부산 상속등기|부산 롯데월드어드벤처부산 부동산등기|롯데월드어드벤처부산|부산 롯데월드어드벤처부산,other
/업무사례/부산마린시티법무사,200,/업무사례/부산마린시티법무사,"index,follow",true,부산 마린시티 업무 사례,부산 마린시티 법무사 사례|부산 마린시티 상속등기|부산 마린시티 부동산등기|마린시티|부산 마린시티,other
/업무사례/부산만덕동법무사,200,/업무사례/부산만덕동법무사,"index,follow",true,부산 만덕동 업무 사례,부산 만덕동 법무사 사례|부산 만덕동 상속등기|부산 만덕동 부동산등기|만덕동|부산 만덕동,local
/업무사례/부산만덕역법무사,200,/업무사례/부산만덕역법무사,"index,follow",false,부산 만덕역 업무 사례,부산 만덕역 법무사 사례|부산 만덕역 상속등기|부산 만덕역 부동산등기|만덕역|부산 만덕역,other
/업무사례/부산망미1동법무사,200,/업무사례/부산망미1동법무사,"index,follow",false,부산 망미1동 업무 사례,부산 망미1동 법무사 사례|부산 망미1동 상속등기|부산 망미1동 부동산등기|망미1동|부산 망미1동,local
/업무사례/부산망미2동법무사,200,/업무사례/부산망미2동법무사,"index,follow",false,부산 망미2동 업무 사례,부산 망미2동 법무사 사례|부산 망미2동 상속등기|부산 망미2동 부동산등기|망미2동|부산 망미2동,local
/업무사례/부산망미단길법무사,200,/업무사례/부산망미단길법무사,"index,follow",true,부산 망미단길 업무 사례,부산 망미단길 법무사 사례|부산 망미단길 상속등기|부산 망미단길 부동산등기|망미단길|부산 망미단길,other
/업무사례/부산망미동법무사,200,/업무사례/부산망미동법무사,"index,follow",true,부산 망미동 업무 사례,부산 망미동 법무사 사례|부산 망미동 상속등기|부산 망미동 부동산등기|망미동|부산 망미동,local
/업무사례/부산망미역법무사,200,/업무사례/부산망미역법무사,"index,follow",false,부산 망미역 업무 사례,부산 망미역 법무사 사례|부산 망미역 상속등기|부산 망미역 부동산등기|망미역|부산 망미역,other
/업무사례/부산명동산업단지법무사,200,/업무사례/부산명동산업단지법무사,"index,follow",true,부산 명동산업단지 업무 사례,부산 명동산업단지 법무사 사례|부산 명동산업단지 상속등기|부산 명동산업단지 부동산등기|명동산업단지|부산 명동산업단지,local
/업무사례/부산명례산업단지법무사,200,/업무사례/부산명례산업단지법무사,"index,follow",true,부산 명례산업단지 업무 사례,부산 명례산업단지 법무사 사례|부산 명례산업단지 상속등기|부산 명례산업단지 부동산등기|명례산업단지|부산 명례산업단지,other
/업무사례/부산명륜동법무사,200,/업무사례/부산명륜동법무사,"index,follow",true,부산 명륜동 업무 사례,부산 명륜동 법무사 사례|부산 명륜동 상속등기|부산 명륜동 부동산등기|명륜동|부산 명륜동,local
/업무사례/부산명서산업단지법무사,200,/업무사례/부산명서산업단지법무사,"index,follow",true,부산 명서산업단지 업무 사례,부산 명서산업단지 법무사 사례|부산 명서산업단지 상속등기|부산 명서산업단지 부동산등기|명서산업단지|부산 명서산업단지,other
/업무사례/부산명장동법무사,200,/업무사례/부산명장동법무사,"index,follow",true,부산 명장동 업무 사례,부산 명장동 법무사 사례|부산 명장동 상속등기|부산 명장동 부동산등기|명장동|부산 명장동,local
/업무사례/부산명지국제신도시법무사,200,/업무사례/부산명지국제신도시법무사,"index,follow",false,부산 명지국제신도시 업무 사례,부산 명지국제신도시 법무사 사례|부산 명지국제신도시 상속등기|부산 명지국제신도시 부동산등기|명지국제신도시|부산 명지국제신도시,other
/업무사례/부산명지동법무사,200,/업무사례/부산명지동법무사,"index,follow",true,부산 명지동 업무 사례,부산 명지동 법무사 사례|부산 명지동 상속등기|부산 명지동 부동산등기|명지동|부산 명지동,local
/업무사례/부산명지법무사,200,/업무사례/부산명지법무사,"index,follow",true,부산 명지 업무 사례,부산 명지 법무사 사례|부산 명지 상속등기|부산 명지 부동산등기|명지|부산 명지,other
/업무사례/부산모라도시첨단산업단지법무사,200,/업무사례/부산모라도시첨단산업단지법무사,"index,follow",true,부산 모라도시첨단산업단지 업무 사례,부산 모라도시첨단산업단지 법무사 사례|부산 모라도시첨단산업단지 상속등기|부산 모라도시첨단산업단지 부동산등기|모라도시첨단산업단지|부산 모라도시첨단산업단지,other
/업무사례/부산모라동법무사,200,/업무사례/부산모라동법무사,"index,follow",true,부산 모라동 업무 사례,부산 모라동 법무사 사례|부산 모라동 상속등기|부산 모라동 부동산등기|모라동|부산 모라동,local
/업무사례/부산못골역법무사,200,/업무사례/부산못골역법무사,"index,follow",true,부산 못골역 업무 사례,부산 못골역 법무사 사례|부산 못골역 상속등기|부산 못골역 부동산등기|못골역|부산 못골역,other
/업무사례/부산문현금융단지법무사,200,/업무사례/부산문현금융단지법무사,"index,follow",true,부산 문현금융단지 업무 사례,부산 문현금융단지 법무사 사례|부산 문현금융단지 상속등기|부산 문현금융단지 부동산등기|문현금융단지|부산 문현금융단지,other
/업무사례/부산문현동법무사,200,/업무사례/부산문현동법무사,"index,follow",true,부산 문현동 업무 사례,부산 문현동 법무사 사례|부산 문현동 상속등기|부산 문현동 부동산등기|문현동|부산 문현동,local
/업무사례/부산문현역법무사,200,/업무사례/부산문현역법무사,"index,follow",false,부산 문현역 업무 사례,부산 문현역 법무사 사례|부산 문현역 상속등기|부산 문현역 부동산등기|문현역|부산 문현역,other
/업무사례/부산미남역법무사,200,/업무사례/부산미남역법무사,"index,follow",true,부산 미남역 업무 사례,부산 미남역 법무사 사례|부산 미남역 상속등기|부산 미남역 부동산등기|미남역|부산 미남역,other
/업무사례/부산미음동법무사,200,/업무사례/부산미음동법무사,"index,follow",true,부산 미음동 업무 사례,부산 미음동 법무사 사례|부산 미음동 상속등기|부산 미음동 부동산등기|미음동|부산 미음동,local
/업무사례/부산미음산업단지법무사,200,/업무사례/부산미음산업단지법무사,"index,follow",true,부산 미음산업단지 업무 사례,부산 미음산업단지 법무사 사례|부산 미음산업단지 상속등기|부산 미음산업단지 부동산등기|미음산업단지|부산 미음산업단지,other
/업무사례/부산미포법무사,200,/업무사례/부산미포법무사,"index,follow",false,부산 미포 업무 사례,부산 미포 법무사 사례|부산 미포 상속등기|부산 미포 부동산등기|미포|부산 미포,other
/업무사례/부산민락동법무사,200,/업무사례/부산민락동법무사,"index,follow",true,부산 민락동 업무 사례,부산 민락동 법무사 사례|부산 민락동 상속등기|부산 민락동 부동산등기|민락동|부산 민락동,local
/업무사례/부산민락수변공원법무사,200,/업무사례/부산민락수변공원법무사,"index,follow",false,부산 민락수변공원 업무 사례,부산 민락수변공원 법무사 사례|부산 민락수변공원 상속등기|부산 민락수변공원 부동산등기|민락수변공원|부산 민락수변공원,other
/업무사례/부산민락항법무사,200,/업무사례/부산민락항법무사,"index,follow",false,부산 민락항 업무 사례,부산 민락항 법무사 사례|부산 민락항 상속등기|부산 민락항 부동산등기|민락항|부산 민락항,other
/업무사례/부산반룡산업단지법무사,200,/업무사례/부산반룡산업단지법무사,"index,follow",true,부산 반룡산업단지 업무 사례,부산 반룡산업단지 법무사 사례|부산 반룡산업단지 상속등기|부산 반룡산업단지 부동산등기|반룡산업단지|부산 반룡산업단지,other
/업무사례/부산반송1동법무사,200,/업무사례/부산반송1동법무사,"index,follow",false,부산 반송1동 업무 사례,부산 반송1동 법무사 사례|부산 반송1동 상속등기|부산 반송1동 부동산등기|반송1동|부산 반송1동,local
/업무사례/부산반송2동법무사,200,/업무사례/부산반송2동법무사,"index,follow",false,부산 반송2동 업무 사례,부산 반송2동 법무사 사례|부산 반송2동 상속등기|부산 반송2동 부동산등기|반송2동|부산 반송2동,local
/업무사례/부산반송동법무사,200,/업무사례/부산반송동법무사,"index,follow",true,부산 반송동 업무 사례,부산 반송동 법무사 사례|부산 반송동 상속등기|부산 반송동 부동산등기|반송동|부산 반송동,local
/업무사례/부산반여1동법무사,200,/업무사례/부산반여1동법무사,"index,follow",false,부산 반여1동 업무 사례,부산 반여1동 법무사 사례|부산 반여1동 상속등기|부산 반여1동 부동산등기|반여1동|부산 반여1동,local
/업무사례/부산반여2동법무사,200,/업무사례/부산반여2동법무사,"index,follow",false,부산 반여2동 업무 사례,부산 반여2동 법무사 사례|부산 반여2동 상속등기|부산 반여2동 부동산등기|반여2동|부산 반여2동,local
/업무사례/부산반여3동법무사,200,/업무사례/부산반여3동법무사,"index,follow",false,부산 반여3동 업무 사례,부산 반여3동 법무사 사례|부산 반여3동 상속등기|부산 반여3동 부동산등기|반여3동|부산 반여3동,local
/업무사례/부산반여4동법무사,200,/업무사례/부산반여4동법무사,"index,follow",false,부산 반여4동 업무 사례,부산 반여4동 법무사 사례|부산 반여4동 상속등기|부산 반여4동 부동산등기|반여4동|부산 반여4동,local
/업무사례/부산반여농산물시장법무사,200,/업무사례/부산반여농산물시장법무사,"index,follow",true,부산 반여농산물시장 업무 사례,부산 반여농산물시장 법무사 사례|부산 반여농산물시장 상속등기|부산 반여농산물시장 부동산등기|반여농산물시장|부산 반여농산물시장,other
/업무사례/부산반여동법무사,200,/업무사례/부산반여동법무사,"index,follow",true,부산 반여동 업무 사례,부산 반여동 법무사 사례|부산 반여동 상속등기|부산 반여동 부동산등기|반여동|부산 반여동,local
/업무사례/부산범방동법무사,200,/업무사례/부산범방동법무사,"index,follow",true,부산 범방동 업무 사례,부산 범방동 법무사 사례|부산 범방동 상속등기|부산 범방동 부동산등기|범방동|부산 범방동,local
/업무사례/부산범어사역법무사,200,/업무사례/부산범어사역법무사,"index,follow",true,부산 범어사역 업무 사례,부산 범어사역 법무사 사례|부산 범어사역 상속등기|부산 범어사역 부동산등기|범어사역|부산 범어사역,other
/업무사례/부산범일동법무사,200,/업무사례/부산범일동법무사,"index,follow",true,부산 범일동 업무 사례,부산 범일동 법무사 사례|부산 범일동 상속등기|부산 범일동 부동산등기|범일동|부산 범일동,local
/업무사례/부산범전동법무사,200,/업무사례/부산범전동법무사,"index,follow",true,부산 범전동 업무 사례,부산 범전동 법무사 사례|부산 범전동 상속등기|부산 범전동 부동산등기|범전동|부산 범전동,local
/업무사례/부산범천동법무사,200,/업무사례/부산범천동법무사,"index,follow",true,부산 범천동 업무 사례,부산 범천동 법무사 사례|부산 범천동 상속등기|부산 범천동 부동산등기|범천동|부산 범천동,local
/업무사례/부산법무사,200,/업무사례/부산법무사,"index,follow",true,부산 업무 사례,부산 법무사 사례|부산 상속등기|부산 부동산등기|부산 업무 사례|지역별 업무 사례,other
/업무사례/부산법원법무사,200,/업무사례/부산법원법무사,"index,follow",false,부산법원 업무 사례,부산법원 법무사 사례|부산법원 상속등기|부산법원 부동산등기|부산법원|부산법원,other
/업무사례/부산벡스코법무사,200,/업무사례/부산벡스코법무사,"index,follow",false,부산 벡스코 업무 사례,부산 벡스코 법무사 사례|부산 벡스코 상속등기|부산 벡스코 부동산등기|벡스코|부산 벡스코,other
/업무사례/부산보수동법무사,200,/업무사례/부산보수동법무사,"index,follow",true,부산 보수동 업무 사례,부산 보수동 법무사 사례|부산 보수동 상속등기|부산 보수동 부동산등기|보수동|부산 보수동,local
/업무사례/부산복천동법무사,200,/업무사례/부산복천동법무사,"index,follow",true,부산 복천동 업무 사례,부산 복천동 법무사 사례|부산 복천동 상속등기|부산 복천동 부동산등기|복천동|부산 복천동,local
/업무사례/부산봉래동법무사,200,/업무사례/부산봉래동법무사,"index,follow",true,부산 봉래동 업무 사례,부산 봉래동 법무사 사례|부산 봉래동 상속등기|부산 봉래동 부동산등기|봉래동|부산 봉래동,local
/업무사례/부산봉림동법무사,200,/업무사례/부산봉림동법무사,"index,follow",true,부산 봉림동 업무 사례,부산 봉림동 법무사 사례|부산 봉림동 상속등기|부산 봉림동 부동산등기|봉림동|부산 봉림동,local
/업무사례/부산부경대법무사,200,/업무사례/부산부경대법무사,"index,follow",true,부산 부경대 업무 사례,부산 부경대 법무사 사례|부산 부경대 상속등기|부산 부경대 부동산등기|부경대|부산 부경대,other
/업무사례/부산부곡동법무사,200,/업무사례/부산부곡동법무사,"index,follow",true,부산 부곡동 업무 사례,부산 부곡동 법무사 사례|부산 부곡동 상속등기|부산 부곡동 부동산등기|부곡동|부산 부곡동,local
/업무사례/부산부민동법무사,200,/업무사례/부산부민동법무사,"index,follow",true,부산 부민동 업무 사례,부산 부민동 법무사 사례|부산 부민동 상속등기|부산 부민동 부동산등기|부민동|부산 부민동,local
/업무사례/부산부암동법무사,200,/업무사례/부산부암동법무사,"index,follow",true,부산 부암동 업무 사례,부산 부암동 법무사 사례|부산 부암동 상속등기|부산 부암동 부동산등기|부암동|부산 부암동,local
/업무사례/부산부용동법무사,200,/업무사례/부산부용동법무사,"index,follow",true,부산 부용동 업무 사례,부산 부용동 법무사 사례|부산 부용동 상속등기|부산 부용동 부동산등기|부용동|부산 부용동,local
/업무사례/부산부전동법무사,200,/업무사례/부산부전동법무사,"index,follow",true,부산 부전동 업무 사례,부산 부전동 법무사 사례|부산 부전동 상속등기|부산 부전동 부동산등기|부전동|부산 부전동,local
/업무사례/부산부전시장법무사,200,/업무사례/부산부전시장법무사,"index,follow",true,부산 부전시장 업무 사례,부산 부전시장 법무사 사례|부산 부전시장 상속등기|부산 부전시장 부동산등기|부전시장|부산 부전시장,other
/업무사례/부산부전역법무사,200,/업무사례/부산부전역법무사,"index,follow",false,부산 부전역 업무 사례,부산 부전역 법무사 사례|부산 부전역 상속등기|부산 부전역 부동산등기|부전역|부산 부전역,other
/업무사례/부산부평깡통시장법무사,200,/업무사례/부산부평깡통시장법무사,"index,follow",true,부산 부평깡통시장 업무 사례,부산 부평깡통시장 법무사 사례|부산 부평깡통시장 상속등기|부산 부평깡통시장 부동산등기|부평깡통시장|부산 부평깡통시장,other
/업무사례/부산부평동법무사,200,/업무사례/부산부평동법무사,"index,follow",true,부산 부평동 업무 사례,부산 부평동 법무사 사례|부산 부평동 상속등기|부산 부평동 부동산등기|부평동|부산 부평동,local
/업무사례/부산북구청법무사,200,/업무사례/부산북구청법무사,"index,follow",false,부산 북구청 업무 사례,부산 북구청 법무사 사례|부산 북구청 상속등기|부산 북구청 부동산등기|북구청|부산 북구청,local
/업무사례/부산북항법무사,200,/업무사례/부산북항법무사,"index,follow",true,부산 북항 업무 사례,부산 북항 법무사 사례|부산 북항 상속등기|부산 북항 부동산등기|북항|부산 북항,other
/업무사례/부산사상공업지역법무사,200,/업무사례/부산사상공업지역법무사,"index,follow",true,부산 사상공업지역 업무 사례,부산 사상공업지역 법무사 사례|부산 사상공업지역 상속등기|부산 사상공업지역 부동산등기|사상공업지역|부산 사상공업지역,other
/업무사례/부산사상산업단지법무사,200,/업무사례/부산사상산업단지법무사,"index,follow",false,부산 사상산업단지 업무 사례,부산 사상산업단지 법무사 사례|부산 사상산업단지 상속등기|부산 사상산업단지 부동산등기|사상산업단지|부산 사상산업단지,other
/업무사례/부산사상역법무사,200,/업무사례/부산사상역법무사,"index,follow",true,부산 사상역 업무 사례,부산 사상역 법무사 사례|부산 사상역 상속등기|부산 사상역 부동산등기|사상역|부산 사상역,other
/업무사례/부산사상재생사업지구법무사,200,/업무사례/부산사상재생사업지구법무사,"index,follow",true,부산 사상재생사업지구 업무 사례,부산 사상재생사업지구 법무사 사례|부산 사상재생사업지구 상속등기|부산 사상재생사업지구 부동산등기|사상재생사업지구|부산 사상재생사업지구,local
/업무사례/부산사직동법무사,200,/업무사례/부산사직동법무사,"index,follow",true,부산 사직동 업무 사례,부산 사직동 법무사 사례|부산 사직동 상속등기|부산 사직동 부동산등기|사직동|부산 사직동,local
/업무사례/부산사직야구장법무사,200,/업무사례/부산사직야구장법무사,"index,follow",false,부산 사직야구장 업무 사례,부산 사직야구장 법무사 사례|부산 사직야구장 상속등기|부산 사직야구장 부동산등기|사직야구장|부산 사직야구장,local
/업무사례/부산사직역법무사,200,/업무사례/부산사직역법무사,"index,follow",false,부산 사직역 업무 사례,부산 사직역 법무사 사례|부산 사직역 상속등기|부산 사직역 부동산등기|사직역|부산 사직역,other
/업무사례/부산산양산업단지법무사,200,/업무사례/부산산양산업단지법무사,"index,follow",true,부산 산양산업단지 업무 사례,부산 산양산업단지 법무사 사례|부산 산양산업단지 상속등기|부산 산양산업단지 부동산등기|산양산업단지|부산 산양산업단지,other
/업무사례/부산삼락동법무사,200,/업무사례/부산삼락동법무사,"index,follow",true,부산 삼락동 업무 사례,부산 삼락동 법무사 사례|부산 삼락동 상속등기|부산 삼락동 부동산등기|삼락동|부산 삼락동,local
/업무사례/부산삼락생태공원법무사,200,/업무사례/부산삼락생태공원법무사,"index,follow",false,부산 삼락생태공원 업무 사례,부산 삼락생태공원 법무사 사례|부산 삼락생태공원 상속등기|부산 삼락생태공원 부동산등기|삼락생태공원|부산 삼락생태공원,other
/업무사례/부산생곡동법무사,200,/업무사례/부산생곡동법무사,"index,follow",true,부산 생곡동 업무 사례,부산 생곡동 법무사 사례|부산 생곡동 상속등기|부산 생곡동 부동산등기|생곡동|부산 생곡동,local
/업무사례/부산생곡산업단지법무사,200,/업무사례/부산생곡산업단지법무사,"index,follow",true,부산 생곡산업단지 업무 사례,부산 생곡산업단지 법무사 사례|부산 생곡산업단지 상속등기|부산 생곡산업단지 부동산등기|생곡산업단지|부산 생곡산업단지,other
/업무사례/부산서대신동법무사,200,/업무사례/부산서대신동법무사,"index,follow",true,부산 서대신동 업무 사례,부산 서대신동 법무사 사례|부산 서대신동 상속등기|부산 서대신동 부동산등기|서대신동|부산 서대신동,local
/업무사례/부산서동법무사,200,/업무사례/부산서동법무사,"index,follow",true,부산 서동 업무 사례,부산 서동 법무사 사례|부산 서동 상속등기|부산 서동 부동산등기|서동|부산 서동,local
/업무사례/부산서면1번가법무사,200,/업무사례/부산서면1번가법무사,"index,follow",false,부산 서면1번가 업무 사례,부산 서면1번가 법무사 사례|부산 서면1번가 상속등기|부산 서면1번가 부동산등기|서면1번가|부산 서면1번가,local
/업무사례/부산서면법무사,200,/업무사례/부산서면법무사,"index,follow",true,부산 서면 업무 사례,부산 서면 법무사 사례|부산 서면 상속등기|부산 서면 부동산등기|서면|부산 서면,local
/업무사례/부산서부버스터미널법무사,200,/업무사례/부산서부버스터미널법무사,"index,follow",false,부산서부버스터미널 업무 사례,부산서부버스터미널 법무사 사례|부산서부버스터미널 상속등기|부산서부버스터미널 부동산등기|부산서부버스터미널|부산서부버스터미널,other
/업무사례/부산서부산권법무사,200,/업무사례/부산서부산권법무사,"index,follow",true,부산 서부산권 업무 사례,부산 서부산권 법무사 사례|부산 서부산권 상속등기|부산 서부산권 부동산등기|서부산권|부산 서부산권,other
/업무사례/부산서부산복합산업단지법무사,200,/업무사례/부산서부산복합산업단지법무사,"index,follow",true,부산 서부산복합산업단지 업무 사례,부산 서부산복합산업단지 법무사 사례|부산 서부산복합산업단지 상속등기|부산 서부산복합산업단지 부동산등기|서부산복합산업단지|부산 서부산복합산업단지,other
/업무사례/부산서부산스마트밸리법무사,200,/업무사례/부산서부산스마트밸리법무사,"index,follow",true,부산 서부산스마트밸리 업무 사례,부산 서부산스마트밸리 법무사 사례|부산 서부산스마트밸리 상속등기|부산 서부산스마트밸리 부동산등기|서부산스마트밸리|부산 서부산스마트밸리,other
/업무사례/부산서부시외버스터미널법무사,200,/업무사례/부산서부시외버스터미널법무사,"index,follow",false,부산 서부시외버스터미널 업무 사례,부산 서부시외버스터미널 법무사 사례|부산 서부시외버스터미널 상속등기|부산 서부시외버스터미널 부동산등기|서부시외버스터미널|부산 서부시외버스터미널,other
/업무사례/부산서부지원등기과법무사,200,/업무사례/부산서부지원등기과법무사,"index,follow",false,부산서부지원등기과 업무 사례,부산서부지원등기과 법무사 사례|부산서부지원등기과 상속등기|부산서부지원등기과 부동산등기|부산서부지원등기과|부산서부지원등기과 법무사,other
/업무사례/부산서부지원법무사,200,/업무사례/부산서부지원법무사,"index,follow",true,부산서부지원 업무 사례,부산서부지원 법무사 사례|부산서부지원 상속등기|부산서부지원 부동산등기|부산서부지원|부산서부지원 법무사,other
/업무사례/부산석대동법무사,200,/업무사례/부산석대동법무사,"index,follow",true,부산 석대동 업무 사례,부산 석대동 법무사 사례|부산 석대동 상속등기|부산 석대동 부동산등기|석대동|부산 석대동,local
/업무사례/부산선동법무사,200,/업무사례/부산선동법무사,"index,follow",true,부산 선동 업무 사례,부산 선동 법무사 사례|부산 선동 상속등기|부산 선동 부동산등기|선동|부산 선동,local
/업무사례/부산성북동법무사,200,/업무사례/부산성북동법무사,"index,follow",true,부산 성북동 업무 사례,부산 성북동 법무사 사례|부산 성북동 상속등기|부산 성북동 부동산등기|성북동|부산 성북동,local
/업무사례/부산센텀2지구도시첨단산업단지법무사,200,/업무사례/부산센텀2지구도시첨단산업단지법무사,"index,follow",false,부산 센텀2지구도시첨단산업단지 업무 사례,부산 센텀2지구도시첨단산업단지 법무사 사례|부산 센텀2지구도시첨단산업단지 상속등기|부산 센텀2지구도시첨단산업단지 부동산등기|센텀2지구도시첨단산업단지|부산 센텀2지구도시첨단산업단지,local
/업무사례/부산센텀2지구법무사,200,/업무사례/부산센텀2지구법무사,"index,follow",true,부산 센텀2지구 업무 사례,부산 센텀2지구 법무사 사례|부산 센텀2지구 상속등기|부산 센텀2지구 부동산등기|센텀2지구|부산 센텀2지구,local
/업무사례/부산센텀법무사,200,/업무사례/부산센텀법무사,"index,follow",true,부산 센텀 업무 사례,부산 센텀 법무사 사례|부산 센텀 상속등기|부산 센텀 부동산등기|센텀|부산 센텀,local
/업무사례/부산센텀시티법무사,200,/업무사례/부산센텀시티법무사,"index,follow",false,부산 센텀시티 업무 사례,부산 센텀시티 법무사 사례|부산 센텀시티 상속등기|부산 센텀시티 부동산등기|센텀시티|부산 센텀시티,local
/업무사례/부산센텀역법무사,200,/업무사례/부산센텀역법무사,"index,follow",false,부산 센텀역 업무 사례,부산 센텀역 법무사 사례|부산 센텀역 상속등기|부산 센텀역 부동산등기|센텀역|부산 센텀역,local
/업무사례/부산송도해상케이블카법무사,200,/업무사례/부산송도해상케이블카법무사,"index,follow",false,부산 송도해상케이블카 업무 사례,부산 송도해상케이블카 법무사 사례|부산 송도해상케이블카 상속등기|부산 송도해상케이블카 부동산등기|송도해상케이블카|부산 송도해상케이블카,other
/업무사례/부산송도해수욕장법무사,200,/업무사례/부산송도해수욕장법무사,"index,follow",true,부산 송도해수욕장 업무 사례,부산 송도해수욕장 법무사 사례|부산 송도해수욕장 상속등기|부산 송도해수욕장 부동산등기|송도해수욕장|부산 송도해수욕장,other
/업무사례/부산송정동법무사,200,/업무사례/부산송정동법무사,"index,follow",true,부산 송정동 업무 사례,부산 송정동 법무사 사례|부산 송정동 상속등기|부산 송정동 부동산등기|송정동|부산 송정동,local
/업무사례/부산송정역법무사,200,/업무사례/부산송정역법무사,"index,follow",false,부산 송정역 업무 사례,부산 송정역 법무사 사례|부산 송정역 상속등기|부산 송정역 부동산등기|송정역|부산 송정역,other
/업무사례/부산송정해수욕장법무사,200,/업무사례/부산송정해수욕장법무사,"index,follow",false,부산 송정해수욕장 업무 사례,부산 송정해수욕장 법무사 사례|부산 송정해수욕장 상속등기|부산 송정해수욕장 부동산등기|송정해수욕장|부산 송정해수욕장,other
/업무사례/부산수안동법무사,200,/업무사례/부산수안동법무사,"index,follow",true,부산 수안동 업무 사례,부산 수안동 법무사 사례|부산 수안동 상속등기|부산 수안동 부동산등기|수안동|부산 수안동,local
/업무사례/부산수영교차로법무사,200,/업무사례/부산수영교차로법무사,"index,follow",false,부산 수영교차로 업무 사례,부산 수영교차로 법무사 사례|부산 수영교차로 상속등기|부산 수영교차로 부동산등기|수영교차로|부산 수영교차로,other
/업무사례/부산수영동법무사,200,/업무사례/부산수영동법무사,"index,follow",true,부산 수영동 업무 사례,부산 수영동 법무사 사례|부산 수영동 상속등기|부산 수영동 부동산등기|수영동|부산 수영동,local
/업무사례/부산수영역법무사,200,/업무사례/부산수영역법무사,"index,follow",true,부산 수영역 업무 사례,부산 수영역 법무사 사례|부산 수영역 상속등기|부산 수영역 부동산등기|수영역|부산 수영역,other
/업무사례/부산수정동법무사,200,/업무사례/부산수정동법무사,"index,follow",true,부산 수정동 업무 사례,부산 수정동 법무사 사례|부산 수정동 상속등기|부산 수정동 부동산등기|수정동|부산 수정동,local
/업무사례/부산시민공원법무사,200,/업무사례/부산시민공원법무사,"index,follow",true,부산시민공원 업무 사례,부산시민공원 법무사 사례|부산시민공원 상속등기|부산시민공원 부동산등기|부산시민공원|부산시민공원,other
/업무사례/부산시청법무사,200,/업무사례/부산시청법무사,"index,follow",true,부산시청 업무 사례,부산시청 법무사 사례|부산시청 상속등기|부산시청 부동산등기|부산시청|부산시청,other
/업무사례/부산시청역법무사,200,/업무사례/부산시청역법무사,"index,follow",false,부산 시청역 업무 사례,부산 시청역 법무사 사례|부산 시청역 상속등기|부산 시청역 부동산등기|시청역|부산 시청역,other
/업무사례/부산식만동법무사,200,/업무사례/부산식만동법무사,"index,follow",true,부산 식만동 업무 사례,부산 식만동 법무사 사례|부산 식만동 상속등기|부산 식만동 부동산등기|식만동|부산 식만동,local
/업무사례/부산신선동법무사,200,/업무사례/부산신선동법무사,"index,follow",true,부산 신선동 업무 사례,부산 신선동 법무사 사례|부산 신선동 상속등기|부산 신선동 부동산등기|신선동|부산 신선동,local
/업무사례/부산신창동법무사,200,/업무사례/부산신창동법무사,"index,follow",true,부산 신창동 업무 사례,부산 신창동 법무사 사례|부산 신창동 상속등기|부산 신창동 부동산등기|신창동|부산 신창동,local
/업무사례/부산신평동법무사,200,/업무사례/부산신평동법무사,"index,follow",true,부산 신평동 업무 사례,부산 신평동 법무사 사례|부산 신평동 상속등기|부산 신평동 부동산등기|신평동|부산 신평동,local
/업무사례/부산신평역법무사,200,/업무사례/부산신평역법무사,"index,follow",false,부산 신평역 업무 사례,부산 신평역 법무사 사례|부산 신평역 상속등기|부산 신평역 부동산등기|신평역|부산 신평역,other
/업무사례/부산신평장림산업단지법무사,200,/업무사례/부산신평장림산업단지법무사,"index,follow",true,부산 신평장림산업단지 업무 사례,부산 신평장림산업단지 법무사 사례|부산 신평장림산업단지 상속등기|부산 신평장림산업단지 부동산등기|신평장림산업단지|부산 신평장림산업단지,other
/업무사례/부산신항법무사,200,/업무사례/부산신항법무사,"index,follow",true,부산신항 업무 사례,부산신항 법무사 사례|부산신항 상속등기|부산신항 부동산등기|부산신항|부산신항,other
/업무사례/부산신호동법무사,200,/업무사례/부산신호동법무사,"index,follow",true,부산 신호동 업무 사례,부산 신호동 법무사 사례|부산 신호동 상속등기|부산 신호동 부동산등기|신호동|부산 신호동,local
/업무사례/부산아미동법무사,200,/업무사례/부산아미동법무사,"index,follow",true,부산 아미동 업무 사례,부산 아미동 법무사 사례|부산 아미동 상속등기|부산 아미동 부동산등기|아미동|부산 아미동,local
/업무사례/부산안락동법무사,200,/업무사례/부산안락동법무사,"index,follow",true,부산 안락동 업무 사례,부산 안락동 법무사 사례|부산 안락동 상속등기|부산 안락동 부동산등기|안락동|부산 안락동,local
/업무사례/부산암남동법무사,200,/업무사례/부산암남동법무사,"index,follow",true,부산 암남동 업무 사례,부산 암남동 법무사 사례|부산 암남동 상속등기|부산 암남동 부동산등기|암남동|부산 암남동,local
/업무사례/부산양정동법무사,200,/업무사례/부산양정동법무사,"index,follow",true,부산 양정동 업무 사례,부산 양정동 법무사 사례|부산 양정동 상속등기|부산 양정동 부동산등기|양정동|부산 양정동,local
/업무사례/부산양정역법무사,200,/업무사례/부산양정역법무사,"index,follow",false,부산 양정역 업무 사례,부산 양정역 법무사 사례|부산 양정역 상속등기|부산 양정역 부동산등기|양정역|부산 양정역,other
/업무사례/부산엄궁동법무사,200,/업무사례/부산엄궁동법무사,"index,follow",true,부산 엄궁동 업무 사례,부산 엄궁동 법무사 사례|부산 엄궁동 상속등기|부산 엄궁동 부동산등기|엄궁동|부산 엄궁동,local
/업무사례/부산에서김해법인본점이전,200,/업무사례/부산에서김해법인본점이전,"index,follow",true,부산에서 김해 법인 본점이전,부산 김해 본점이전|법인 본점이전 등기|부산 법인 이전,corporate
/업무사례/부산에서대구법인본점이전,200,/업무사례/부산에서대구법인본점이전,"index,follow",true,부산에서 대구 법인 본점이전,부산 대구 본점이전|법인 본점이전 등기|부산 법인 이전,corporate
/업무사례/부산에서양산법인본점이전,200,/업무사례/부산에서양산법인본점이전,"index,follow",true,부산에서 양산 법인 본점이전,부산 양산 본점이전|법인 본점이전|부산 법인 이전,corporate
/업무사례/부산에서울산법인본점이전,200,/업무사례/부산에서울산법인본점이전,"index,follow",true,부산에서 울산 법인 본점이전,부산 울산 본점이전|법인 본점이전 등기|등록면허세,corporate
/업무사례/부산에서창원법인본점이전,200,/업무사례/부산에서창원법인본점이전,"index,follow",true,부산에서 창원 법인 본점이전,부산 창원 본점이전|법인 본점이전|부산 법인 이전,corporate
/업무사례/부산에코델타시티법무사,200,/업무사례/부산에코델타시티법무사,"index,follow",true,부산 에코델타시티 업무 사례,부산 에코델타시티 법무사 사례|부산 에코델타시티 상속등기|부산 에코델타시티 부동산등기|에코델타시티|부산 에코델타시티,other
/업무사례/부산에코장안산업단지법무사,200,/업무사례/부산에코장안산업단지법무사,"index,follow",true,부산 에코장안산업단지 업무 사례,부산 에코장안산업단지 법무사 사례|부산 에코장안산업단지 상속등기|부산 에코장안산업단지 부동산등기|에코장안산업단지|부산 에코장안산업단지,other
/업무사례/부산엘시티법무사,200,/업무사례/부산엘시티법무사,"index,follow",true,부산 엘시티 업무 사례,부산 엘시티 법무사 사례|부산 엘시티 상속등기|부산 엘시티 부동산등기|엘시티|부산 엘시티,other
/업무사례/부산역법무사,200,/업무사례/부산역법무사,"index,follow",true,부산역 업무 사례,부산역 법무사 사례|부산역 상속등기|부산역 부동산등기|부산역|부산역,other
/업무사례/부산연구개발특구법무사,200,/업무사례/부산연구개발특구법무사,"index,follow",true,부산연구개발특구 업무 사례,부산연구개발특구 법무사 사례|부산연구개발특구 상속등기|부산연구개발특구 부동산등기|부산연구개발특구|부산연구개발특구,local
/업무사례/부산연산1동법무사,200,/업무사례/부산연산1동법무사,"index,follow",false,부산 연산1동 업무 사례,부산 연산1동 법무사 사례|부산 연산1동 상속등기|부산 연산1동 부동산등기|연산1동|부산 연산1동,local
/업무사례/부산연산2동법무사,200,/업무사례/부산연산2동법무사,"index,follow",false,부산 연산2동 업무 사례,부산 연산2동 법무사 사례|부산 연산2동 상속등기|부산 연산2동 부동산등기|연산2동|부산 연산2동,local
/업무사례/부산연산3동법무사,200,/업무사례/부산연산3동법무사,"index,follow",false,부산 연산3동 업무 사례,부산 연산3동 법무사 사례|부산 연산3동 상속등기|부산 연산3동 부동산등기|연산3동|부산 연산3동,local
/업무사례/부산연산4동법무사,200,/업무사례/부산연산4동법무사,"index,follow",false,부산 연산4동 업무 사례,부산 연산4동 법무사 사례|부산 연산4동 상속등기|부산 연산4동 부동산등기|연산4동|부산 연산4동,local
/업무사례/부산연산5동법무사,200,/업무사례/부산연산5동법무사,"index,follow",false,부산 연산5동 업무 사례,부산 연산5동 법무사 사례|부산 연산5동 상속등기|부산 연산5동 부동산등기|연산5동|부산 연산5동,local
/업무사례/부산연산6동법무사,200,/업무사례/부산연산6동법무사,"index,follow",false,부산 연산6동 업무 사례,부산 연산6동 법무사 사례|부산 연산6동 상속등기|부산 연산6동 부동산등기|연산6동|부산 연산6동,local
/업무사례/부산연산8동법무사,200,/업무사례/부산연산8동법무사,"index,follow",false,부산 연산8동 업무 사례,부산 연산8동 법무사 사례|부산 연산8동 상속등기|부산 연산8동 부동산등기|연산8동|부산 연산8동,local
/업무사례/부산연산9동법무사,200,/업무사례/부산연산9동법무사,"index,follow",false,부산 연산9동 업무 사례,부산 연산9동 법무사 사례|부산 연산9동 상속등기|부산 연산9동 부동산등기|연산9동|부산 연산9동,local
/업무사례/부산연산동법무사,200,/업무사례/부산연산동법무사,"index,follow",true,부산 연산동 업무 사례,부산 연산동 법무사 사례|부산 연산동 상속등기|부산 연산동 부동산등기|연산동|부산 연산동,local
/업무사례/부산연산역법무사,200,/업무사례/부산연산역법무사,"index,follow",true,부산 연산역 업무 사례,부산 연산역 법무사 사례|부산 연산역 상속등기|부산 연산역 부동산등기|연산역|부산 연산역,other
/업무사례/부산연제구청법무사,200,/업무사례/부산연제구청법무사,"index,follow",false,부산 연제구청 업무 사례,부산 연제구청 법무사 사례|부산 연제구청 상속등기|부산 연제구청 부동산등기|연제구청|부산 연제구청,local
/업무사례/부산연지동법무사,200,/업무사례/부산연지동법무사,"index,follow",true,부산 연지동 업무 사례,부산 연지동 법무사 사례|부산 연지동 상속등기|부산 연지동 부동산등기|연지동|부산 연지동,local
/업무사례/부산영도대교법무사,200,/업무사례/부산영도대교법무사,"index,follow",false,부산 영도대교 업무 사례,부산 영도대교 법무사 사례|부산 영도대교 상속등기|부산 영도대교 부동산등기|영도대교|부산 영도대교,other
/업무사례/부산영선동법무사,200,/업무사례/부산영선동법무사,"index,follow",true,부산 영선동 업무 사례,부산 영선동 법무사 사례|부산 영선동 상속등기|부산 영선동 부동산등기|영선동|부산 영선동,local
/업무사례/부산영주동법무사,200,/업무사례/부산영주동법무사,"index,follow",true,부산 영주동 업무 사례,부산 영주동 법무사 사례|부산 영주동 상속등기|부산 영주동 부동산등기|영주동|부산 영주동,local
/업무사례/부산오륜동법무사,200,/업무사례/부산오륜동법무사,"index,follow",true,부산 오륜동 업무 사례,부산 오륜동 법무사 사례|부산 오륜동 상속등기|부산 오륜동 부동산등기|오륜동|부산 오륜동,local
/업무사례/부산오시리아법무사,200,/업무사례/부산오시리아법무사,"index,follow",true,부산 오시리아 업무 사례,부산 오시리아 법무사 사례|부산 오시리아 상속등기|부산 오시리아 부동산등기|오시리아|부산 오시리아,other
/업무사례/부산온천동법무사,200,/업무사례/부산온천동법무사,"index,follow",true,부산 온천동 업무 사례,부산 온천동 법무사 사례|부산 온천동 상속등기|부산 온천동 부동산등기|온천동|부산 온천동,local
/업무사례/부산온천장법무사,200,/업무사례/부산온천장법무사,"index,follow",true,부산 온천장 업무 사례,부산 온천장 법무사 사례|부산 온천장 상속등기|부산 온천장 부동산등기|온천장|부산 온천장,other
/업무사례/부산온천장역법무사,200,/업무사례/부산온천장역법무사,"index,follow",false,부산 온천장역 업무 사례,부산 온천장역 법무사 사례|부산 온천장역 상속등기|부산 온천장역 부동산등기|온천장역|부산 온천장역,other
/업무사례/부산용당동법무사,200,/업무사례/부산용당동법무사,"index,follow",true,부산 용당동 업무 사례,부산 용당동 법무사 사례|부산 용당동 상속등기|부산 용당동 부동산등기|용당동|부산 용당동,local
/업무사례/부산용호동법무사,200,/업무사례/부산용호동법무사,"index,follow",true,부산 용호동 업무 사례,부산 용호동 법무사 사례|부산 용호동 상속등기|부산 용호동 부동산등기|용호동|부산 용호동,local
/업무사례/부산용호만법무사,200,/업무사례/부산용호만법무사,"index,follow",true,부산 용호만 업무 사례,부산 용호만 법무사 사례|부산 용호만 상속등기|부산 용호만 부동산등기|용호만|부산 용호만,other
/업무사례/부산우1동법무사,200,/업무사례/부산우1동법무사,"index,follow",false,부산 우1동 업무 사례,부산 우1동 법무사 사례|부산 우1동 상속등기|부산 우1동 부동산등기|우1동|부산 우1동,local
/업무사례/부산우2동법무사,200,/업무사례/부산우2동법무사,"index,follow",false,부산 우2동 업무 사례,부산 우2동 법무사 사례|부산 우2동 상속등기|부산 우2동 부동산등기|우2동|부산 우2동,local
/업무사례/부산우3동법무사,200,/업무사례/부산우3동법무사,"index,follow",false,부산 우3동 업무 사례,부산 우3동 법무사 사례|부산 우3동 상속등기|부산 우3동 부동산등기|우3동|부산 우3동,local
/업무사례/부산우동법무사,200,/업무사례/부산우동법무사,"index,follow",true,부산 우동 업무 사례,부산 우동 법무사 사례|부산 우동 상속등기|부산 우동 부동산등기|우동|부산 우동,local
/업무사례/부산우암동법무사,200,/업무사례/부산우암동법무사,"index,follow",true,부산 우암동 업무 사례,부산 우암동 법무사 사례|부산 우암동 상속등기|부산 우암동 부동산등기|우암동|부산 우암동,local
/업무사례/부산울산공동근저당권,200,/업무사례/부산울산공동근저당권,"index,follow",true,부산 울산 공동근저당권,공동근저당권 설정|부산 울산 담보|여러 지역 부동산 담보,real-estate
/업무사례/부산율리역법무사,200,/업무사례/부산율리역법무사,"index,follow",true,부산 율리역 업무 사례,부산 율리역 법무사 사례|부산 율리역 상속등기|부산 율리역 부동산등기|율리역|부산 율리역,other
/업무사례/부산이기대법무사,200,/업무사례/부산이기대법무사,"index,follow",false,부산 이기대 업무 사례,부산 이기대 법무사 사례|부산 이기대 상속등기|부산 이기대 부동산등기|이기대|부산 이기대,other
/업무사례/부산일광신도시법무사,200,/업무사례/부산일광신도시법무사,"index,follow",true,부산 일광신도시 업무 사례,부산 일광신도시 법무사 사례|부산 일광신도시 상속등기|부산 일광신도시 부동산등기|일광신도시|부산 일광신도시,other
/업무사례/부산일광역법무사,200,/업무사례/부산일광역법무사,"index,follow",false,부산 일광역 업무 사례,부산 일광역 법무사 사례|부산 일광역 상속등기|부산 일광역 부동산등기|일광역|부산 일광역,other
/업무사례/부산일광읍법무사,200,/업무사례/부산일광읍법무사,"index,follow",true,부산 일광읍 업무 사례,부산 일광읍 법무사 사례|부산 일광읍 상속등기|부산 일광읍 부동산등기|일광읍|부산 일광읍,other
/업무사례/부산일광해수욕장법무사,200,/업무사례/부산일광해수욕장법무사,"index,follow",true,부산 일광해수욕장 업무 사례,부산 일광해수욕장 법무사 사례|부산 일광해수욕장 상속등기|부산 일광해수욕장 부동산등기|일광해수욕장|부산 일광해수욕장,other
/업무사례/부산자갈치시장법무사,200,/업무사례/부산자갈치시장법무사,"index,follow",true,부산 자갈치시장 업무 사례,부산 자갈치시장 법무사 사례|부산 자갈치시장 상속등기|부산 자갈치시장 부동산등기|자갈치시장|부산 자갈치시장,other
/업무사례/부산장림동법무사,200,/업무사례/부산장림동법무사,"index,follow",true,부산 장림동 업무 사례,부산 장림동 법무사 사례|부산 장림동 상속등기|부산 장림동 부동산등기|장림동|부산 장림동,local
/업무사례/부산장림역법무사,200,/업무사례/부산장림역법무사,"index,follow",false,부산 장림역 업무 사례,부산 장림역 법무사 사례|부산 장림역 상속등기|부산 장림역 부동산등기|장림역|부산 장림역,other
/업무사례/부산장산역법무사,200,/업무사례/부산장산역법무사,"index,follow",true,부산 장산역 업무 사례,부산 장산역 법무사 사례|부산 장산역 상속등기|부산 장산역 부동산등기|장산역|부산 장산역,other
/업무사례/부산장안산업단지법무사,200,/업무사례/부산장안산업단지법무사,"index,follow",true,부산 장안산업단지 업무 사례,부산 장안산업단지 법무사 사례|부산 장안산업단지 상속등기|부산 장안산업단지 부동산등기|장안산업단지|부산 장안산업단지,other
/업무사례/부산장안읍법무사,200,/업무사례/부산장안읍법무사,"index,follow",true,부산 장안읍 업무 사례,부산 장안읍 법무사 사례|부산 장안읍 상속등기|부산 장안읍 부동산등기|장안읍|부산 장안읍,other
/업무사례/부산장전동법무사,200,/업무사례/부산장전동법무사,"index,follow",true,부산 장전동 업무 사례,부산 장전동 법무사 사례|부산 장전동 상속등기|부산 장전동 부동산등기|장전동|부산 장전동,local
/업무사례/부산장전역법무사,200,/업무사례/부산장전역법무사,"index,follow",false,부산 장전역 업무 사례,부산 장전역 법무사 사례|부산 장전역 상속등기|부산 장전역 부동산등기|장전역|부산 장전역,other
/업무사례/부산재송1동법무사,200,/업무사례/부산재송1동법무사,"index,follow",false,부산 재송1동 업무 사례,부산 재송1동 법무사 사례|부산 재송1동 상속등기|부산 재송1동 부동산등기|재송1동|부산 재송1동,local
/업무사례/부산재송2동법무사,200,/업무사례/부산재송2동법무사,"index,follow",false,부산 재송2동 업무 사례,부산 재송2동 법무사 사례|부산 재송2동 상속등기|부산 재송2동 부동산등기|재송2동|부산 재송2동,local
/업무사례/부산재송동법무사,200,/업무사례/부산재송동법무사,"index,follow",true,부산 재송동 업무 사례,부산 재송동 법무사 사례|부산 재송동 상속등기|부산 재송동 부동산등기|재송동|부산 재송동,local
/업무사례/부산재송역법무사,200,/업무사례/부산재송역법무사,"index,follow",false,부산 재송역 업무 사례,부산 재송역 법무사 사례|부산 재송역 상속등기|부산 재송역 부동산등기|재송역|부산 재송역,other
/업무사례/부산전포동법무사,200,/업무사례/부산전포동법무사,"index,follow",true,부산 전포동 업무 사례,부산 전포동 법무사 사례|부산 전포동 상속등기|부산 전포동 부동산등기|전포동|부산 전포동,local
/업무사례/부산전포카페거리법무사,200,/업무사례/부산전포카페거리법무사,"index,follow",false,부산 전포카페거리 업무 사례,부산 전포카페거리 법무사 사례|부산 전포카페거리 상속등기|부산 전포카페거리 부동산등기|전포카페거리|부산 전포카페거리,other
/업무사례/부산정관농공단지법무사,200,/업무사례/부산정관농공단지법무사,"index,follow",false,부산 정관농공단지 업무 사례,부산 정관농공단지 법무사 사례|부산 정관농공단지 상속등기|부산 정관농공단지 부동산등기|정관농공단지|부산 정관농공단지,other
/업무사례/부산정관산업단지법무사,200,/업무사례/부산정관산업단지법무사,"index,follow",true,부산 정관산업단지 업무 사례,부산 정관산업단지 법무사 사례|부산 정관산업단지 상속등기|부산 정관산업단지 부동산등기|정관산업단지|부산 정관산업단지,other
/업무사례/부산정관신도시법무사,200,/업무사례/부산정관신도시법무사,"index,follow",true,부산 정관신도시 업무 사례,부산 정관신도시 법무사 사례|부산 정관신도시 상속등기|부산 정관신도시 부동산등기|정관신도시|부산 정관신도시,other
/업무사례/부산정관읍법무사,200,/업무사례/부산정관읍법무사,"index,follow",true,부산 정관읍 업무 사례,부산 정관읍 법무사 사례|부산 정관읍 상속등기|부산 정관읍 부동산등기|정관읍|부산 정관읍,other
/업무사례/부산좌1동법무사,200,/업무사례/부산좌1동법무사,"index,follow",false,부산 좌1동 업무 사례,부산 좌1동 법무사 사례|부산 좌1동 상속등기|부산 좌1동 부동산등기|좌1동|부산 좌1동,local
/업무사례/부산좌2동법무사,200,/업무사례/부산좌2동법무사,"index,follow",false,부산 좌2동 업무 사례,부산 좌2동 법무사 사례|부산 좌2동 상속등기|부산 좌2동 부동산등기|좌2동|부산 좌2동,local
/업무사례/부산좌3동법무사,200,/업무사례/부산좌3동법무사,"index,follow",false,부산 좌3동 업무 사례,부산 좌3동 법무사 사례|부산 좌3동 상속등기|부산 좌3동 부동산등기|좌3동|부산 좌3동,local
/업무사례/부산좌4동법무사,200,/업무사례/부산좌4동법무사,"index,follow",false,부산 좌4동 업무 사례,부산 좌4동 법무사 사례|부산 좌4동 상속등기|부산 좌4동 부동산등기|좌4동|부산 좌4동,local
/업무사례/부산좌동법무사,200,/업무사례/부산좌동법무사,"index,follow",true,부산 좌동 업무 사례,부산 좌동 법무사 사례|부산 좌동 상속등기|부산 좌동 부동산등기|좌동|부산 좌동,local
/업무사례/부산좌천동법무사,200,/업무사례/부산좌천동법무사,"index,follow",true,부산 좌천동 업무 사례,부산 좌천동 법무사 사례|부산 좌천동 상속등기|부산 좌천동 부동산등기|좌천동|부산 좌천동,local
/업무사례/부산주례동법무사,200,/업무사례/부산주례동법무사,"index,follow",true,부산 주례동 업무 사례,부산 주례동 법무사 사례|부산 주례동 상속등기|부산 주례동 부동산등기|주례동|부산 주례동,local
/업무사례/부산주례역법무사,200,/업무사례/부산주례역법무사,"index,follow",false,부산 주례역 업무 사례,부산 주례역 법무사 사례|부산 주례역 상속등기|부산 주례역 부동산등기|주례역|부산 주례역,other
/업무사례/부산죽동동법무사,200,/업무사례/부산죽동동법무사,"index,follow",true,부산 죽동동 업무 사례,부산 죽동동 법무사 사례|부산 죽동동 상속등기|부산 죽동동 부동산등기|죽동동|부산 죽동동,local
/업무사례/부산죽림동법무사,200,/업무사례/부산죽림동법무사,"index,follow",true,부산 죽림동 업무 사례,부산 죽림동 법무사 사례|부산 죽림동 상속등기|부산 죽림동 부동산등기|죽림동|부산 죽림동,local
/업무사례/부산중1동법무사,200,/업무사례/부산중1동법무사,"index,follow",false,부산 중1동 업무 사례,부산 중1동 법무사 사례|부산 중1동 상속등기|부산 중1동 부동산등기|중1동|부산 중1동,local
/업무사례/부산중2동법무사,200,/업무사례/부산중2동법무사,"index,follow",false,부산 중2동 업무 사례,부산 중2동 법무사 사례|부산 중2동 상속등기|부산 중2동 부동산등기|중2동|부산 중2동,local
/업무사례/부산중동법무사,200,/업무사례/부산중동법무사,"index,follow",true,부산 중동 업무 사례,부산 중동 법무사 사례|부산 중동 상속등기|부산 중동 부동산등기|중동|부산 중동,local
/업무사례/부산중동역법무사,200,/업무사례/부산중동역법무사,"index,follow",false,부산 중동역 업무 사례,부산 중동역 법무사 사례|부산 중동역 상속등기|부산 중동역 부동산등기|중동역|부산 중동역,local
/업무사례/부산중앙동법무사,200,/업무사례/부산중앙동법무사,"index,follow",true,부산 중앙동 업무 사례,부산 중앙동 법무사 사례|부산 중앙동 상속등기|부산 중앙동 부동산등기|중앙동|부산 중앙동,local
/업무사례/부산지방법원등기국법무사,200,/업무사례/부산지방법원등기국법무사,"index,follow",true,부산지방법원등기국 업무 사례,부산지방법원등기국 법무사 사례|부산지방법원등기국 상속등기|부산지방법원등기국 부동산등기|부산지방법원등기국|부산지방법원등기국 법무사,other
/업무사례/부산지방법원법무사,200,/업무사례/부산지방법원법무사,"index,follow",true,부산지방법원 업무 사례,부산지방법원 법무사 사례|부산지방법원 상속등기|부산지방법원 부동산등기|부산지방법원|부산지방법원 법무사,other
/업무사례/부산지사과학산업단지법무사,200,/업무사례/부산지사과학산업단지법무사,"index,follow",true,부산 지사과학산업단지 업무 사례,부산 지사과학산업단지 법무사 사례|부산 지사과학산업단지 상속등기|부산 지사과학산업단지 부동산등기|지사과학산업단지|부산 지사과학산업단지,other
/업무사례/부산지사글로벌산업단지법무사,200,/업무사례/부산지사글로벌산업단지법무사,"index,follow",false,부산 지사글로벌산업단지 업무 사례,부산 지사글로벌산업단지 법무사 사례|부산 지사글로벌산업단지 상속등기|부산 지사글로벌산업단지 부동산등기|지사글로벌산업단지|부산 지사글로벌산업단지,other
/업무사례/부산지사동법무사,200,/업무사례/부산지사동법무사,"index,follow",true,부산 지사동 업무 사례,부산 지사동 법무사 사례|부산 지사동 상속등기|부산 지사동 부동산등기|지사동|부산 지사동,local
/업무사례/부산진구법무사,200,/업무사례/부산진구법무사,"index,follow",true,부산진구 업무 사례,부산진구 법무사 사례|부산진구 상속등기|부산진구 부동산등기|부산진구 법무사|부산 부산진구 법무사,local
/업무사례/부산진역법무사,200,/업무사례/부산진역법무사,"index,follow",false,부산진역 업무 사례,부산진역 법무사 사례|부산진역 상속등기|부산진역 부동산등기|부산진역|부산진역,other
/업무사례/부산진해경제자유구역법무사,200,/업무사례/부산진해경제자유구역법무사,"index,follow",true,부산진해경제자유구역 업무 사례,부산진해경제자유구역 법무사 사례|부산진해경제자유구역 상속등기|부산진해경제자유구역 부동산등기|부산진해경제자유구역|부산진해경제자유구역,local
/업무사례/부산차이나타운법무사,200,/업무사례/부산차이나타운법무사,"index,follow",true,부산 차이나타운 업무 사례,부산 차이나타운 법무사 사례|부산 차이나타운 상속등기|부산 차이나타운 부동산등기|차이나타운|부산 차이나타운,other
/업무사례/부산창선동법무사,200,/업무사례/부산창선동법무사,"index,follow",true,부산 창선동 업무 사례,부산 창선동 법무사 사례|부산 창선동 상속등기|부산 창선동 부동산등기|창선동|부산 창선동,local
/업무사례/부산천성동법무사,200,/업무사례/부산천성동법무사,"index,follow",true,부산 천성동 업무 사례,부산 천성동 법무사 사례|부산 천성동 상속등기|부산 천성동 부동산등기|천성동|부산 천성동,local
/업무사례/부산철마면법무사,200,/업무사례/부산철마면법무사,"index,follow",true,부산 철마면 업무 사례,부산 철마면 법무사 사례|부산 철마면 상속등기|부산 철마면 부동산등기|철마면|부산 철마면,other
/업무사례/부산청룡동법무사,200,/업무사례/부산청룡동법무사,"index,follow",true,부산 청룡동 업무 사례,부산 청룡동 법무사 사례|부산 청룡동 상속등기|부산 청룡동 부동산등기|청룡동|부산 청룡동,local
/업무사례/부산청사포법무사,200,/업무사례/부산청사포법무사,"index,follow",true,부산 청사포 업무 사례,부산 청사포 법무사 사례|부산 청사포 상속등기|부산 청사포 부동산등기|청사포|부산 청사포,other
/업무사례/부산청학동법무사,200,/업무사례/부산청학동법무사,"index,follow",true,부산 청학동 업무 사례,부산 청학동 법무사 사례|부산 청학동 상속등기|부산 청학동 부동산등기|청학동|부산 청학동,local
/업무사례/부산초량동법무사,200,/업무사례/부산초량동법무사,"index,follow",true,부산 초량동 업무 사례,부산 초량동 법무사 사례|부산 초량동 상속등기|부산 초량동 부동산등기|초량동|부산 초량동,local
/업무사례/부산초량역법무사,200,/업무사례/부산초량역법무사,"index,follow",false,부산 초량역 업무 사례,부산 초량역 법무사 사례|부산 초량역 상속등기|부산 초량역 부동산등기|초량역|부산 초량역,other
/업무사례/부산초읍동법무사,200,/업무사례/부산초읍동법무사,"index,follow",true,부산 초읍동 업무 사례,부산 초읍동 법무사 사례|부산 초읍동 상속등기|부산 초읍동 부동산등기|초읍동|부산 초읍동,local
/업무사례/부산초장동법무사,200,/업무사례/부산초장동법무사,"index,follow",true,부산 초장동 업무 사례,부산 초장동 법무사 사례|부산 초장동 상속등기|부산 초장동 부동산등기|초장동|부산 초장동,local
/업무사례/부산충무동법무사,200,/업무사례/부산충무동법무사,"index,follow",true,부산 충무동 업무 사례,부산 충무동 법무사 사례|부산 충무동 상속등기|부산 충무동 부동산등기|충무동|부산 충무동,local
/업무사례/부산칠산동법무사,200,/업무사례/부산칠산동법무사,"index,follow",true,부산 칠산동 업무 사례,부산 칠산동 법무사 사례|부산 칠산동 상속등기|부산 칠산동 부동산등기|칠산동|부산 칠산동,local
/업무사례/부산태종대법무사,200,/업무사례/부산태종대법무사,"index,follow",true,부산 태종대 업무 사례,부산 태종대 법무사 사례|부산 태종대 상속등기|부산 태종대 부동산등기|태종대|부산 태종대,other
/업무사례/부산토성동법무사,200,/업무사례/부산토성동법무사,"index,follow",true,부산 토성동 업무 사례,부산 토성동 법무사 사례|부산 토성동 상속등기|부산 토성동 부동산등기|토성동|부산 토성동,local
/업무사례/부산하단동법무사,200,/업무사례/부산하단동법무사,"index,follow",true,부산 하단동 업무 사례,부산 하단동 법무사 사례|부산 하단동 상속등기|부산 하단동 부동산등기|하단동|부산 하단동,local
/업무사례/부산하단역법무사,200,/업무사례/부산하단역법무사,"index,follow",false,부산 하단역 업무 사례,부산 하단역 법무사 사례|부산 하단역 상속등기|부산 하단역 부동산등기|하단역|부산 하단역,other
/업무사례/부산하단오거리법무사,200,/업무사례/부산하단오거리법무사,"index,follow",true,부산 하단오거리 업무 사례,부산 하단오거리 법무사 사례|부산 하단오거리 상속등기|부산 하단오거리 부동산등기|하단오거리|부산 하단오거리,other
/업무사례/부산학장공단법무사,200,/업무사례/부산학장공단법무사,"index,follow",true,부산 학장공단 업무 사례,부산 학장공단 법무사 사례|부산 학장공단 상속등기|부산 학장공단 부동산등기|학장공단|부산 학장공단,other
/업무사례/부산학장동법무사,200,/업무사례/부산학장동법무사,"index,follow",true,부산 학장동 업무 사례,부산 학장동 법무사 사례|부산 학장동 상속등기|부산 학장동 부동산등기|학장동|부산 학장동,local
/업무사례/부산항국제여객터미널법무사,200,/업무사례/부산항국제여객터미널법무사,"index,follow",false,부산항국제여객터미널 업무 사례,부산항국제여객터미널 법무사 사례|부산항국제여객터미널 상속등기|부산항국제여객터미널 부동산등기|부산항국제여객터미널|부산항국제여객터미널,other
/업무사례/부산항법무사,200,/업무사례/부산항법무사,"index,follow",true,부산항 업무 사례,부산항 법무사 사례|부산항 상속등기|부산항 부동산등기|부산항|부산항,other
/업무사례/부산해운대동부지원법무사,200,/업무사례/부산해운대동부지원법무사,"index,follow",false,부산 해운대동부지원 업무 사례,부산 해운대동부지원 법무사 사례|부산 해운대동부지원 상속등기|부산 해운대동부지원 부동산등기|해운대동부지원|해운대동부지원 법무사,local
/업무사례/부산해운대법무사,200,/업무사례/부산해운대법무사,"index,follow",true,부산 해운대 업무 사례,부산 해운대 법무사 사례|부산 해운대 상속등기|부산 해운대 부동산등기|해운대|부산 해운대,local
/업무사례/부산해운대역법무사,200,/업무사례/부산해운대역법무사,"index,follow",false,부산 해운대역 업무 사례,부산 해운대역 법무사 사례|부산 해운대역 상속등기|부산 해운대역 부동산등기|해운대역|부산 해운대역,local
/업무사례/부산해운대해수욕장법무사,200,/업무사례/부산해운대해수욕장법무사,"index,follow",false,부산 해운대해수욕장 업무 사례,부산 해운대해수욕장 법무사 사례|부산 해운대해수욕장 상속등기|부산 해운대해수욕장 부동산등기|해운대해수욕장|부산 해운대해수욕장,local
/업무사례/부산현대미술관법무사,200,/업무사례/부산현대미술관법무사,"index,follow",false,부산현대미술관 업무 사례,부산현대미술관 법무사 사례|부산현대미술관 상속등기|부산현대미술관 부동산등기|부산현대미술관|부산현대미술관,other
/업무사례/부산화명동법무사,200,/업무사례/부산화명동법무사,"index,follow",true,부산 화명동 업무 사례,부산 화명동 법무사 사례|부산 화명동 상속등기|부산 화명동 부동산등기|화명동|부산 화명동,local
/업무사례/부산화명신도시법무사,200,/업무사례/부산화명신도시법무사,"index,follow",true,부산 화명신도시 업무 사례,부산 화명신도시 법무사 사례|부산 화명신도시 상속등기|부산 화명신도시 부동산등기|화명신도시|부산 화명신도시,other
/업무사례/부산화명역법무사,200,/업무사례/부산화명역법무사,"index,follow",false,부산 화명역 업무 사례,부산 화명역 법무사 사례|부산 화명역 상속등기|부산 화명역 부동산등기|화명역|부산 화명역,other
/업무사례/부산화전동법무사,200,/업무사례/부산화전동법무사,"index,follow",true,부산 화전동 업무 사례,부산 화전동 법무사 사례|부산 화전동 상속등기|부산 화전동 부동산등기|화전동|부산 화전동,local
/업무사례/부산화전산업단지법무사,200,/업무사례/부산화전산업단지법무사,"index,follow",true,부산 화전산업단지 업무 사례,부산 화전산업단지 법무사 사례|부산 화전산업단지 상속등기|부산 화전산업단지 부동산등기|화전산업단지|부산 화전산업단지,other
/업무사례/부산회동동법무사,200,/업무사례/부산회동동법무사,"index,follow",true,부산 회동동 업무 사례,부산 회동동 법무사 사례|부산 회동동 상속등기|부산 회동동 부동산등기|회동동|부산 회동동,local
/업무사례/부산회동석대도시첨단산업단지법무사,200,/업무사례/부산회동석대도시첨단산업단지법무사,"index,follow",false,부산 회동석대도시첨단산업단지 업무 사례,부산 회동석대도시첨단산업단지 법무사 사례|부산 회동석대도시첨단산업단지 상속등기|부산 회동석대도시첨단산업단지 부동산등기|회동석대도시첨단산업단지|부산 회동석대도시첨단산업단지,local
/업무사례/부산회동석대산업단지법무사,200,/업무사례/부산회동석대산업단지법무사,"index,follow",true,부산 회동석대산업단지 업무 사례,부산 회동석대산업단지 법무사 사례|부산 회동석대산업단지 상속등기|부산 회동석대산업단지 부동산등기|회동석대산업단지|부산 회동석대산업단지,local
/업무사례/부산회생법원법무사,200,/업무사례/부산회생법원법무사,"index,follow",true,부산회생법원 업무 사례,부산회생법원 법무사 사례|부산회생법원 상속등기|부산회생법원 부동산등기|부산회생법원|부산회생법원 법무사,rehab
/업무사례/부산흰여울문화마을법무사,200,/업무사례/부산흰여울문화마을법무사,"index,follow",true,부산 흰여울문화마을 업무 사례,부산 흰여울문화마을 법무사 사례|부산 흰여울문화마을 상속등기|부산 흰여울문화마을 부동산등기|흰여울문화마을|부산 흰여울문화마을,other
/업무사례/부산BIFC법무사,200,/업무사례/부산BIFC법무사,"index,follow",false,부산 BIFC 업무 사례,부산 BIFC 법무사 사례|부산 BIFC 상속등기|부산 BIFC 부동산등기|BIFC|부산 BIFC,other
/업무사례/부천상속등기법무사,200,/업무사례/부천상속등기법무사,"index,follow",true,부천 상속등기 법무사,부천 법무사 상속등기|부천 비대면 상속등기|부천 아파트 상속등기,inheritance
/업무사례/부평구상속등기법무사,200,/업무사례/부평구상속등기법무사,"index,follow",true,부평구 상속등기 법무사,부평구 법무사 상속등기|부평구 비대면 상속등기|부평구 아파트 상속등기,inheritance
/업무사례/북구법무사,200,/업무사례/북구법무사,"index,follow",true,북구 업무 사례,북구 법무사 사례|북구 상속등기|북구 부동산등기|북구 법무사|부산 북구 법무사,local
/업무사례/분당상속등기법무사,200,/업무사례/분당상속등기법무사,"index,follow",true,분당 상속등기 법무사,분당 상속부동산|분당 상속등기 절차|타지역 상속등기,inheritance
/업무사례/사상구법무사,200,/업무사례/사상구법무사,"index,follow",true,사상구 업무 사례,사상구 법무사 사례|사상구 상속등기|사상구 부동산등기|사상구 법무사|부산 사상구 법무사,local
/업무사례/사송상속등기법무사,200,/업무사례/사송상속등기법무사,"index,follow",true,사송 상속등기,양산 사송 신축 아파트|사송 상속등기 비용|사송 상속 절차,inheritance
/업무사례/사천상속등기법무사,200,/업무사례/사천상속등기법무사,"index,follow",true,사천 상속등기 법무사,사천시 상속등기|삼천포 상속등기|사천 아파트 토지 상속|타지역 상속인,inheritance
/업무사례/사하구법무사,200,/업무사례/사하구법무사,"index,follow",true,사하구 업무 사례,사하구 법무사 사례|사하구 상속등기|사하구 부동산등기|사하구 법무사|부산 사하구 법무사,local
/업무사례/산청상속등기법무사,200,/업무사례/산청상속등기법무사,"index,follow",true,산청 임야 상속등기,산청군 상속등기|산청 지리산 임야 상속|산청 제적등본|산청 오래된 지번,inheritance
/업무사례/상주상속등기법무사,200,/업무사례/상주상속등기법무사,"index,follow",true,상주 농지 상속등기,상주시 상속등기|상주 여러 필지 농지|상주 곶감밭 상속|상주 비대면 상속,inheritance
/업무사례/서구법무사,200,/업무사례/서구법무사,"index,follow",true,서구 업무 사례,서구 법무사 사례|서구 상속등기|서구 부동산등기|서구 법무사|부산 서구 법무사,local
/업무사례/서귀포상속등기법무사,200,/업무사례/서귀포상속등기법무사,"index,follow",true,서귀포 상속등기 법무사,서귀포 상속부동산|서귀포 상속등기 절차|타지역 상속등기,inheritance
/업무사례/서산보령상속등기법무사,200,/업무사례/서산보령상속등기법무사,"index,follow",true,서산 보령 상속등기 법무사,서산 상속등기 법무사|보령 상속등기|서산 아파트 상속등기|보령 상가 상속등기|서산 보령 비대면 법무사,inheritance
/업무사례/서울상속등기법무사,200,/업무사례/서울상속등기법무사,"index,follow",true,서울 상속등기 법무사,서울 법무사 상속등기|서울 비대면 상속등기|서울 아파트 상속등기,inheritance
/업무사례/서초구상속등기법무사,200,/업무사례/서초구상속등기법무사,"index,follow",true,서초구 상속등기 법무사,서초구 상속등기 비용|서초구 상속등기 서류|서울 상속등기,inheritance
/업무사례/성남상속등기법무사,200,/업무사례/성남상속등기법무사,"index,follow",true,성남 상속등기 법무사,성남 상속등기 비용|성남 상속등기 서류|경기 상속등기,inheritance
/업무사례/성동구상속등기법무사,200,/업무사례/성동구상속등기법무사,"index,follow",true,성동구 상속등기 법무사,성동구 상속등기 비용|성동구 상속등기 서류|서울 상속등기,inheritance
/업무사례/세종상속등기법무사,200,/업무사례/세종상속등기법무사,"index,follow",true,세종 상속등기 법무사,세종시 아파트 상속등기|세종 상속등기 비용,inheritance
/업무사례/속초상속등기법무사,200,/업무사례/속초상속등기법무사,"index,follow",true,속초 비대면 상속등기,속초 별장 상속등기|속초 펜션 상속등기|속초 상속등기 법무사,inheritance
/업무사례/송도상속등기법무사,200,/업무사례/송도상속등기법무사,"index,follow",true,송도 상속등기 법무사,송도 법무사 상속등기|송도 비대면 상속등기|송도 아파트 상속등기,inheritance
/업무사례/송파구상속등기법무사,200,/업무사례/송파구상속등기법무사,"index,follow",true,송파구 상속등기 법무사,송파구 상속부동산|송파구 상속등기 절차|타지역 상속등기,inheritance
/업무사례/수영구법무사,200,/업무사례/수영구법무사,"index,follow",true,수영구 업무 사례,수영구 법무사 사례|수영구 상속등기|수영구 부동산등기|수영구 법무사|부산 수영구 법무사,local
/업무사례/수원상속등기법무사,200,/업무사례/수원상속등기법무사,"index,follow",true,수원 상속등기 법무사,수원 법무사 상속등기|수원 비대면 상속등기|수원 아파트 상속등기,inheritance
/업무사례/순천상속등기법무사,200,/업무사례/순천상속등기법무사,"index,follow",true,순천 상속등기 법무사,순천 법무사 상속등기|순천 비대면 상속등기|순천 아파트 상속등기,inheritance
/업무사례/시흥상속등기법무사,200,/업무사례/시흥상속등기법무사,"index,follow",true,시흥 상속등기 법무사,시흥 배곧 아파트 상속등기|시흥 공장 상속등기|시화공단 상속등기,inheritance
/업무사례/아산상속등기법무사,200,/업무사례/아산상속등기법무사,"index,follow",true,아산 상속등기 법무사,아산 상속등기 비용|아산 상속등기 서류|충남 상속등기,inheritance
/업무사례/안동상속등기법무사,200,/업무사례/안동상속등기법무사,"index,follow",true,안동 상속등기 법무사,안동 토지 상속|안동 농지 상속|안동 비대면 상속,inheritance
/업무사례/안동오래된토지상속등기,200,/업무사례/안동오래된토지상속등기,"index,follow",true,안동 오래된 토지 상속등기,안동 조부모 명의 토지|안동 제적등본|안동 미등기 토지 상속|안동 오래된 상속,inheritance
/업무사례/안산상속등기법무사,200,/업무사례/안산상속등기법무사,"index,follow",true,안산 상속등기 법무사,안산 법무사 상속등기|안산 비대면 상속등기|안산 아파트 상속등기,inheritance
/업무사례/안양상속등기법무사,200,/업무사례/안양상속등기법무사,"index,follow",true,안양 상속등기 법무사,안양 상속등기 비용|안양 상속등기 서류|경기 상속등기,inheritance
/업무사례/양산개인회생법무사,200,/업무사례/양산개인회생법무사,"index,follow",true,양산 개인회생 법무사,양산 개인파산 법무사|양산 급여소득자 개인회생|양산 자영업자 개인회생,rehab
/업무사례/양산거주부산부동산상속,200,/업무사례/양산거주부산부동산상속,"index,follow",true,양산 거주 부산 부동산 상속,양산 거주자 부산 상속|가까운 부산 법무사|거주지 불일치,inheritance
/업무사례/양산건물멸실등기,200,/업무사례/양산건물멸실등기,"index,follow",true,양산 건물멸실등기,양산 건축물멸실등기|양산 철거 후 등기|양산 건축물대장 말소 후 등기,other
/업무사례/양산근저당말소,200,/업무사례/양산근저당말소,"index,follow",true,양산 근저당 말소,양산 근저당권 말소|양산 근저당 말소 법무사|양산 대출 상환 후 근저당|양산 은행 근저당 말소,real-estate
/업무사례/양산법무사업무,200,/업무사례/양산법무사업무,"index,follow",true,양산 법무사,양산시 법무사|양산 법무사 추천|양산 등기 법무사|양산 법무사 비용|양산 법무사 상담,other
/업무사례/양산법인등기법무사,200,/업무사례/양산법인등기법무사,"index,follow",true,양산 법인등기 법무사,양산 법인 법무사|양산 법인설립 법무사|양산 임원변경등기|양산 본점이전등기|양산 회사등기,corporate
/업무사례/양산부동산등기법무사,200,/업무사례/양산부동산등기법무사,"index,follow",true,양산 부동산등기 법무사,양산 등기 법무사|양산 매매등기|양산 소유권이전|양산 아파트 등기,real-estate
/업무사례/양산상속등기법무사,200,/업무사례/양산상속등기법무사,"index,follow",true,양산 상속등기 법무사,물금 상속등기|증산 아파트 상속등기|사송 상속등기,inheritance
/업무사례/양산상속등기비용,200,/업무사례/양산상속등기비용,"index,follow",true,양산 상속등기 비용,물금 증산 사송 상속 비용|양산 취득세|양산 법무사 보수,inheritance
/업무사례/양산상속등기필요서류,200,/업무사례/양산상속등기필요서류,"index,follow",true,양산 상속등기 필요서류,양산 협의분할 서류|물금 상속 서류|양산 법정지분,inheritance
/업무사례/양산상속포기한정승인,200,/업무사례/양산상속포기한정승인,"index,follow",true,양산 상속포기 법무사,양산 한정승인 법무사|양산 부모님 빚 상속|양산 사망 후 채무|양산 상속 빚,inheritance
/업무사례/양산신축건물보존등기,200,/업무사례/양산신축건물보존등기,"index,follow",true,양산 소유권보존등기,양산 신축건물 소유권보존등기|양산 건물 보존등기|양산 신축 상가 등기,real-estate
/업무사례/양산에서부산법인본점이전,200,/업무사례/양산에서부산법인본점이전,"index,follow",true,양산에서 부산 법인 본점이전,양산 부산 본점이전|법인 본점이전|양산 법인 이전,corporate
/업무사례/양산증여등기법무사,200,/업무사례/양산증여등기법무사,"index,follow",true,양산 증여등기 법무사,양산 증여 법무사|양산 아파트 증여|양산 부모 자녀 증여|양산 부부간 증여|양산 부동산 증여,real-estate
/업무사례/양주상속등기법무사,200,/업무사례/양주상속등기법무사,"index,follow",true,양주 상속등기 법무사,양주 옥정신도시 상속등기|양주 회천 상속등기|양주 농지 상속등기,inheritance
/업무사례/업무별,200,/업무사례/업무별,"index,follow",true,부산 법무사 업무별 사례,상속등기 사례|부동산등기 사례,other
/업무사례/여수상속등기법무사,200,/업무사례/여수상속등기법무사,"index,follow",true,여수 상속등기 법무사,여수 상속등기 비용|여수 상속등기 서류|전남 상속등기,inheritance
/업무사례/여주양평상속등기법무사,200,/업무사례/여주양평상속등기법무사,"index,follow",true,여주 양평 상속등기 법무사,여주 상속등기 법무사|양평 상속등기|양평 전원주택 상속등기|여주 농지 상속등기|여주 양평 비대면 법무사,inheritance
/업무사례/연제구법무사,200,/업무사례/연제구법무사,"index,follow",true,연제구 업무 사례,연제구 법무사 사례|연제구 상속등기|연제구 부동산등기|연제구 법무사|부산 연제구 법무사,local
/업무사례/영덕봉화상속등기법무사,200,/업무사례/영덕봉화상속등기법무사,"index,follow",true,영덕 봉화 상속등기 법무사,영덕 대게 해안 부동산 상속|봉화 산간 임야 상속|영덕군 봉화군 묶음 상속|원거리 상속인 경북 북부,inheritance
/업무사례/영도구법무사,200,/업무사례/영도구법무사,"index,follow",true,영도구 업무 사례,영도구 법무사 사례|영도구 상속등기|영도구 부동산등기|영도구 법무사|부산 영도구 법무사,local
/업무사례/영등포구상속등기법무사,200,/업무사례/영등포구상속등기법무사,"index,follow",true,영등포구 상속등기 법무사,영등포구 법무사 상속등기|영등포구 비대면 상속등기|영등포구 아파트 상속등기,inheritance
/업무사례/영종도상속등기법무사,200,/업무사례/영종도상속등기법무사,"index,follow",true,영종도 상속등기 법무사,영종도 상속부동산|영종도 상속등기 절차|타지역 상속등기,inheritance
/업무사례/영주상속등기법무사,200,/업무사례/영주상속등기법무사,"index,follow",true,영주 상속등기 법무사,영주시 상속등기|경북 영주 부동산 상속|영주 인삼밭 상속|부산 영주동 아님,inheritance
/업무사례/영천상속등기법무사,200,/업무사례/영천상속등기법무사,"index,follow",true,영천 상속등기 법무사,영천시 상속등기|영천 과수원 상속|영천 농지 주택 상속|영천 비대면 상속,inheritance
/업무사례/예천상속등기법무사,200,/업무사례/예천상속등기법무사,"index,follow",true,예천 상속등기 법무사,예천 토지 상속|예천 농지 상속|예천 비대면 상속,inheritance
/업무사례/오산안성상속등기법무사,200,/업무사례/오산안성상속등기법무사,"index,follow",true,오산 안성 상속등기 법무사,오산 상속등기 법무사|안성 상속등기|오산 아파트 상속등기|안성 농지 상속등기|오산 안성 비대면 법무사,inheritance
/업무사례/용산구상속등기법무사,200,/업무사례/용산구상속등기법무사,"index,follow",true,용산구 상속등기 법무사,용산구 상속등기 비용|용산구 상속등기 서류|서울 상속등기,inheritance
/업무사례/용인상속등기법무사,200,/업무사례/용인상속등기법무사,"index,follow",true,용인 상속등기 법무사,용인 법무사 상속등기|용인 비대면 상속등기|용인 아파트 상속등기,inheritance
/업무사례/울산공장상속등기,200,/업무사례/울산공장상속등기,"index,follow",true,울산 공장 상속등기,울산 산업단지 상속|울산 공장 토지 상속|울산 사업승계,inheritance
/업무사례/울산남구상속등기법무사,200,/업무사례/울산남구상속등기법무사,"index,follow",true,울산남구 상속등기 법무사,울산남구 상속등기 비용|울산남구 상속등기 서류|울산 상속등기,inheritance
/업무사례/울산달동상속등기,200,/업무사례/울산달동상속등기,"index,follow",true,울산 달동 상속등기,달동 아파트 상속|상속 후 매도|달동 상속 비용,inheritance
/업무사례/울산동구상속등기법무사,200,/업무사례/울산동구상속등기법무사,"index,follow",true,울산 동구 상속등기 법무사,방어동 상속등기|일산동 상속|전하동 아파트 상속,inheritance
/업무사례/울산매곡동상속등기,200,/업무사례/울산매곡동상속등기,"index,follow",true,울산 매곡동 상속등기,매곡동 아파트 상속|매곡 공장 상속|매곡동 상속 비용,inheritance
/업무사례/울산법무사업무,200,/업무사례/울산법무사업무,"index,follow",true,울산 법무사 업무,울산 상속등기|울산 법인등기|울산 비대면 법무사,other
/업무사례/울산북구상속등기법무사,200,/업무사례/울산북구상속등기법무사,"index,follow",true,울산 북구 상속등기 법무사,송정동 상속등기|매곡동 상속|호계동 아파트 상속,inheritance
/업무사례/울산삼산동상속등기,200,/업무사례/울산삼산동상속등기,"index,follow",true,울산 삼산동 상속등기,삼산동 아파트 상속|삼산동 상가 상속|삼산동 상속 비용,inheritance
/업무사례/울산상속등기법무사,200,/업무사례/울산상속등기법무사,"index,follow",true,울산 상속등기 법무사,울산 아파트 상속등기|울산 비대면 상속등기,inheritance
/업무사례/울산상속등기비용,200,/업무사례/울산상속등기비용,"index,follow",true,울산 상속등기 비용,울산 취득세|울산 법무사 보수|울산 국민주택채권,inheritance
/업무사례/울산상속등기필요서류,200,/업무사례/울산상속등기필요서류,"index,follow",true,울산 상속등기 필요서류,울산 상속 서류|울산 위임장|울산 가족관계증명,inheritance
/업무사례/울산송정동상속등기,200,/업무사례/울산송정동상속등기,"index,follow",true,울산 송정동 상속등기,송정동 신축 아파트 상속|송정동 상속 비용|송정동 상속 서류,inheritance
/업무사례/울산아파트상속등기,200,/업무사례/울산아파트상속등기,"index,follow",true,울산 아파트 상속등기,울산 아파트 협의분할|울산 아파트 취득세|울산 신축 아파트 상속,inheritance
/업무사례/울산에서부산법인본점이전,200,/업무사례/울산에서부산법인본점이전,"index,follow",true,울산에서 부산 법인 본점이전,울산 부산 본점이전|법인 본점이전 등기|울산 법인 이전,corporate
/업무사례/울산옥동상속등기,200,/업무사례/울산옥동상속등기,"index,follow",true,울산 옥동 상속등기,옥동 아파트 상속|공동상속인 서류|옥동 상속 비용,inheritance
/업무사례/울산유증등기법무사,200,/업무사례/울산유증등기법무사,"index,follow",true,울산 유증등기 법무사,울산 유언공정증서|울산 유증 부동산|울산 유증등기 서류,other
/업무사례/울산중구상속등기법무사,200,/업무사례/울산중구상속등기법무사,"index,follow",true,울산 중구 상속등기 법무사,태화동 상속등기|우정동 상속|성안동 아파트 상속,inheritance
/업무사례/울산토지상속등기,200,/업무사례/울산토지상속등기,"index,follow",true,울산 토지 상속등기,울주군 농지 상속|울산 임야 상속|울산 여러 필지 상속,inheritance
/업무사례/울주군상속등기법무사,200,/업무사례/울주군상속등기법무사,"index,follow",true,울주군 상속등기 법무사,울주군 법무사 상속등기|울주군 비대면 상속등기|울주군 아파트 상속등기,inheritance
/업무사례/울주군상속포기한정승인,200,/업무사례/울주군상속포기한정승인,"index,follow",true,울주 상속포기 법무사,울주군 상속포기|울주군 한정승인|울주 한정승인,inheritance
/업무사례/울주범서상속등기,200,/업무사례/울주범서상속등기,"index,follow",true,울주군 범서 상속등기,범서 구영 아파트 상속|천상 상속등기|울주군 토지 상속,inheritance
/업무사례/울주삼남상속등기,200,/업무사례/울주삼남상속등기,"index,follow",true,울주군 삼남 상속등기,삼남 아파트 상속|울산역 인근 상속|삼남 토지 상속,inheritance
/업무사례/울주언양상속등기,200,/업무사례/울주언양상속등기,"index,follow",true,울주군 언양 상속등기,언양 주택 상속|언양 상가 상속|언양 토지 상속,inheritance
/업무사례/울진상속등기법무사,200,/업무사례/울진상속등기법무사,"index,follow",true,울진 비대면 상속등기,울진군 상속등기|울진 원거리 상속|울진 영덕 인접 필지|울진 어촌 주택 상속,inheritance
/업무사례/원주상속등기법무사,200,/업무사례/원주상속등기법무사,"index,follow",true,원주 상속등기 법무사,원주 법무사 상속등기|원주 비대면 상속등기|원주 아파트 상속등기,inheritance
/업무사례/율하상속등기법무사,200,/업무사례/율하상속등기법무사,"index,follow",true,율하 상속등기,김해 율하 아파트 상속|율하 상속등기 비용|율하 상속 서류,inheritance
/업무사례/은평구상속등기법무사,200,/업무사례/은평구상속등기법무사,"index,follow",true,은평구 상속등기 법무사,은평구 상속등기 비용|은평구 상속등기 서류|서울 상속등기,inheritance
/업무사례/의령상속등기법무사,200,/업무사례/의령상속등기법무사,"index,follow",true,의령 상속등기 법무사,의령군 상속등기|의령 농지 상속|남강 유역 토지 상속|타지역 상속인 의령,inheritance
/업무사례/의성상속등기법무사,200,/업무사례/의성상속등기법무사,"index,follow",true,의성 상속등기 법무사,의성 마늘 농지 상속|의성군 농지 상속등기|의성 전원주택 상속|타지역 상속인 의성,inheritance
/업무사례/의왕과천상속등기법무사,200,/업무사례/의왕과천상속등기법무사,"index,follow",true,의왕 과천 상속등기 법무사,의왕 상속등기 법무사|과천 상속등기|인덕원 상속등기|의왕 과천 비대면 법무사|과천 아파트 상속등기,inheritance
/업무사례/의정부상속등기법무사,200,/업무사례/의정부상속등기법무사,"index,follow",true,의정부 상속등기 법무사,의정부 상속등기 비용|의정부 상속등기 서류|경기 상속등기,inheritance
/업무사례/이천상속등기법무사,200,/업무사례/이천상속등기법무사,"index,follow",true,이천 상속등기 법무사,이천 물류창고 상속등기|이천 공장 상속등기|이천 아파트 상속등기,inheritance
/업무사례/익산상속등기법무사,200,/업무사례/익산상속등기법무사,"index,follow",true,익산 상속등기 법무사,익산 법무사 상속등기|익산 비대면 상속등기|익산 아파트 상속등기,inheritance
/업무사례/인천상속등기법무사,200,/업무사례/인천상속등기법무사,"index,follow",true,인천 상속등기 법무사,송도 상속등기|청라 상속등기|영종 상속등기,inheritance
/업무사례/일산상속등기법무사,200,/업무사례/일산상속등기법무사,"index,follow",true,일산 상속등기 법무사,일산 법무사 상속등기|일산 비대면 상속등기|일산 아파트 상속등기,inheritance
/업무사례/장유상속등기법무사,200,/업무사례/장유상속등기법무사,"index,follow",true,장유 상속등기 법무사,김해 장유 아파트 상속|장유 비대면 상속등기|장유 상가 상속,inheritance
/업무사례/전국공동근저당권등기,200,/업무사례/전국공동근저당권등기,"index,follow",true,전국 공동근저당권등기,여러 지역 부동산 공동담보|공동담보목록,real-estate
/업무사례/전국법인본점이전등기,200,/업무사례/전국법인본점이전등기,"index,follow",true,전국 법인 본점이전등기,타관할 본점이전|서울 부산 본점이전,corporate
/업무사례/전국비대면법무사,200,/업무사례/전국비대면법무사,"index,follow",true,전국 비대면 법무사,방문 없이 법무사|비대면 등기|비대면 상속,other
/업무사례/전국상속등기법무사,200,/업무사례/전국상속등기법무사,"index,follow",true,전국 상속등기 법무사,비대면 상속등기|타지역 상속등기|상속등기 관할 특례,inheritance
/업무사례/전국상속부동산일괄등기,200,/업무사례/전국상속부동산일괄등기,"index,follow",true,여러 지역에 흩어진 상속부동산 등기,전국 상속부동산 일괄등기|여러 지역 상속등기,inheritance
/업무사례/전국업무사례,200,/업무사례/전국업무사례,"index,follow",true,전국 법무사 업무사례,전국 상속등기|비대면 법무사|타지역 법무사 의뢰,other
/업무사례/전국유증등기법무사,200,/업무사례/전국유증등기법무사,"index,follow",true,전국 유증등기,유증등기 법무사|유언 부동산 이전|유증등기 관할 특례,other
/업무사례/전남상속등기법무사,200,/업무사례/전남상속등기법무사,"index,follow",true,전남 상속등기 법무사,여수 상속등기|순천 상속등기|목포 상속등기,inheritance
/업무사례/전북상속등기법무사,200,/업무사례/전북상속등기법무사,"index,follow",true,전북 상속등기 법무사,전주 상속등기|익산 상속등기|군산 상속등기,inheritance
/업무사례/전주상속등기법무사,200,/업무사례/전주상속등기법무사,"index,follow",true,전주 상속등기 법무사,전주 상속부동산|전주 상속등기 절차|타지역 상속등기,inheritance
/업무사례/제주상속등기법무사,200,/업무사례/제주상속등기법무사,"index,follow",true,제주 상속등기 법무사,제주 비대면 상속등기|제주 부동산 상속,inheritance
/업무사례/제주시상속등기법무사,200,/업무사례/제주시상속등기법무사,"index,follow",true,제주시 상속등기 법무사,제주시 상속등기 비용|제주시 상속등기 서류|제주 상속등기,inheritance
/업무사례/제천상속등기법무사,200,/업무사례/제천상속등기법무사,"index,follow",true,제천 상속등기 법무사,제천 전원주택 상속등기|제천 임야 상속등기|제천 농지 상속등기,inheritance
/업무사례/중구법무사,200,/업무사례/중구법무사,"index,follow",true,중구 업무 사례,중구 법무사 사례|중구 상속등기|중구 부동산등기|중구 법무사|부산 중구 법무사,local
/업무사례/증산상속등기법무사,200,/업무사례/증산상속등기법무사,"index,follow",true,증산 상속등기,양산 증산 신도시 아파트|증산 비대면 상속등기|증산 상속 절차,inheritance
/업무사례/지역별,200,/업무사례/지역별,"index,follow",true,부산 지역별 법무사,해운대구 법무사 사례|부산 동 법무사,other
/업무사례/지역별상속등기법무사,200,/업무사례/지역별상속등기법무사,"index,follow",true,지역별 상속등기 법무사,서울 상속등기 법무사|경기 상속등기 법무사|제주 상속등기 법무사,inheritance
/업무사례/진주상속등기법무사,200,/업무사례/진주상속등기법무사,"index,follow",true,진주 상속등기 법무사,진주 상속부동산|진주 상속등기 절차|타지역 상속등기,inheritance
/업무사례/진주상속포기한정승인,200,/업무사례/진주상속포기한정승인,"index,follow",true,진주 상속포기 법무사,진주 한정승인|진주 상속포기 한정승인|진주 피상속인 채무|부모님 채무 확인,inheritance
/업무사례/진해구상속등기법무사,200,/업무사례/진해구상속등기법무사,"index,follow",true,진해구 상속등기 법무사,석동 용원 상속|웅천 부동산 상속|진해 아파트 상속,inheritance
/업무사례/창녕상속등기법무사,200,/업무사례/창녕상속등기법무사,"index,follow",true,창녕 상속등기 법무사,창녕군 상속등기|우포늪 인근 농지 상속|창녕읍 주택 상속|영산 부곡 상속등기,inheritance
/업무사례/창원법인등기법무사,200,/업무사례/창원법인등기법무사,"index,follow",true,창원 법인등기 법무사,창원 법인설립|창원 임원변경|창원 본점이전,corporate
/업무사례/창원상속등기법무사,200,/업무사례/창원상속등기법무사,"index,follow",true,창원 상속등기 법무사,창원 상속등기 비용|마산 상속등기|진해 상속등기,inheritance
/업무사례/창원상속등기비용,200,/업무사례/창원상속등기비용,"index,follow",true,창원 상속등기 비용,창원 5개 구 상속 비용|창원 취득세|마산 진해 상속 비용,inheritance
/업무사례/창원상속등기필요서류,200,/업무사례/창원상속등기필요서류,"index,follow",true,창원 상속등기 필요서류,창원 5개 구 상속 서류|창원 협의분할|다수 상속인 서류,inheritance
/업무사례/창원성산구상속등기법무사,200,/업무사례/창원성산구상속등기법무사,"index,follow",true,창원 성산구 상속등기,상남동 아파트 상속|용호 사파 상속등기|성산구 비대면 상속,inheritance
/업무사례/창원에서부산법인본점이전,200,/업무사례/창원에서부산법인본점이전,"index,follow",true,창원에서 부산 법인 본점이전,창원 부산 본점이전|법인 본점이전|창원 법인 이전,corporate
/업무사례/창원의창구상속등기법무사,200,/업무사례/창원의창구상속등기법무사,"index,follow",true,창원 의창구 상속등기,의창구 북면 상속|동읍 팔용 토지 상속|창원 의창구 아파트,inheritance
/업무사례/천안상속등기법무사,200,/업무사례/천안상속등기법무사,"index,follow",true,천안 상속등기 법무사,천안 법무사 상속등기|천안 비대면 상속등기|천안 아파트 상속등기,inheritance
/업무사례/청도상속등기법무사,200,/업무사례/청도상속등기법무사,"index,follow",true,청도 상속등기 법무사,청도군 상속등기|청도 감나무밭 상속|대구 거주 청도 부동산|청도 과수원 상속,inheritance
/업무사례/청라상속등기법무사,200,/업무사례/청라상속등기법무사,"index,follow",true,청라 상속등기 법무사,청라 상속등기 비용|청라 상속등기 서류|인천 상속등기,inheritance
/업무사례/청송영양상속등기법무사,200,/업무사례/청송영양상속등기법무사,"index,follow",true,청송 영양 상속등기 법무사,청송 사과 과수원 상속|영양 고원 농지 상속|청송군 영양군 묶음 상속|경북 북부 고원 상속등기,inheritance
/업무사례/청주상속등기법무사,200,/업무사례/청주상속등기법무사,"index,follow",true,청주 상속등기 법무사,청주 법무사 상속등기|청주 비대면 상속등기|청주 아파트 상속등기,inheritance
/업무사례/춘천상속등기법무사,200,/업무사례/춘천상속등기법무사,"index,follow",true,춘천 상속등기 법무사,춘천 상속등기 비용|춘천 상속등기 서류|강원 상속등기,inheritance
/업무사례/충남상속등기법무사,200,/업무사례/충남상속등기법무사,"index,follow",true,충남 상속등기 법무사,천안 상속등기|아산 상속등기|당진 상속등기,inheritance
/업무사례/충북상속등기법무사,200,/업무사례/충북상속등기법무사,"index,follow",true,충북 상속등기 법무사,청주 상속등기|충주 상속등기|제천 상속등기,inheritance
/업무사례/충주상속등기법무사,200,/업무사례/충주상속등기법무사,"index,follow",true,충주 상속등기 법무사,충주 상속등기 비용|충주 상속등기 서류|충북 상속등기,inheritance
/업무사례/칠곡상속등기법무사,200,/업무사례/칠곡상속등기법무사,"index,follow",true,칠곡 상속등기 법무사,칠곡 토지 상속|칠곡 아파트 상속|칠곡 비대면 상속,inheritance
/업무사례/타지역법무사의뢰,200,/업무사례/타지역법무사의뢰,"index,follow",true,타지역 법무사 의뢰,거리가 있는 법무사|타지역 법무사 선택,other
/업무사례/통영상속등기법무사,200,/업무사례/통영상속등기법무사,"index,follow",true,통영 상속등기 법무사,통영시 상속등기|통영 부동산 상속|통영 상속 법무사|타지역 상속인|비대면 상속등기,inheritance
/업무사례/통영상속포기한정승인,200,/업무사례/통영상속포기한정승인,"index,follow",true,통영 상속포기 법무사,통영 한정승인|통영 상속포기 한정승인|통영 피상속인 채무|부모님 채무 확인,inheritance
/업무사례/파주상속등기법무사,200,/업무사례/파주상속등기법무사,"index,follow",true,파주 상속등기 법무사,파주 법무사 상속등기|파주 비대면 상속등기|파주 아파트 상속등기,inheritance
/업무사례/판교상속등기법무사,200,/업무사례/판교상속등기법무사,"index,follow",true,판교 상속등기 법무사,판교 아파트 상속등기|판교 오피스 상속등기|판교 테크노밸리 상속,inheritance
/업무사례/평택상속등기법무사,200,/업무사례/평택상속등기법무사,"index,follow",true,평택 상속등기 법무사,평택 상속등기 비용|평택 상속등기 서류|경기 상속등기,inheritance
/업무사례/포천동두천상속등기법무사,200,/업무사례/포천동두천상속등기법무사,"index,follow",true,포천 동두천 상속등기 법무사,포천 상속등기 법무사|동두천 상속등기|포천 농지 상속등기|동두천 아파트 상속등기|포천 동두천 비대면 법무사,inheritance
/업무사례/포항상속등기법무사,200,/업무사례/포항상속등기법무사,"index,follow",true,포항 상속등기 법무사,포항 법무사 상속등기|포항 비대면 상속등기|포항 아파트 상속등기,inheritance
/업무사례/포항상속포기한정승인,200,/업무사례/포항상속포기한정승인,"index,follow",true,포항 상속포기 법무사,포항 한정승인|포항 상속포기 한정승인|포항 피상속인 채무|부모님 채무 확인,inheritance
/업무사례/포항에서부산법인본점이전,200,/업무사례/포항에서부산법인본점이전,"index,follow",true,포항에서 부산 법인 본점이전,포항 부산 본점이전|법인 본점이전 등기|포항 법인 이전,corporate
/업무사례/하남상속등기법무사,200,/업무사례/하남상속등기법무사,"index,follow",true,하남 상속등기 법무사,하남 상속등기 비용|하남 상속등기 서류|경기 상속등기,inheritance
/업무사례/하동상속등기법무사,200,/업무사례/하동상속등기법무사,"index,follow",true,하동 상속등기 법무사,하동군 상속등기|하동 섬진강 토지 상속|하동 농지 임야 상속|타지역 상속인,inheritance
/업무사례/함안상속등기법무사,200,/업무사례/함안상속등기법무사,"index,follow",true,함안 상속등기 법무사,함안군 상속등기|함안 공장부지 상속|창원 마산 생활권 함안|함안 농지 상속,inheritance
/업무사례/함양상속등기법무사,200,/업무사례/함양상속등기법무사,"index,follow",true,함양 상속등기 법무사,함양읍 상속등기|안의 상속등기|함양군 농지 상속|함양 필지 분산,inheritance
/업무사례/합천상속등기법무사,200,/업무사례/합천상속등기법무사,"index,follow",true,합천 농지 상속등기,합천군 상속등기|합천호 인근 토지|합천 저수지 농지 상속|합천 임야 상속,inheritance
/업무사례/해운대구법무사,200,/업무사례/해운대구법무사,"index,follow",true,해운대구 업무 사례,해운대구 법무사 사례|해운대구 상속등기|해운대구 부동산등기|해운대구 법무사|부산 해운대구 법무사,local
/업무사례/홍천상속등기법무사,200,/업무사례/홍천상속등기법무사,"index,follow",true,홍천 상속등기 법무사,홍천 농지 상속등기|홍천 임야 상속등기|홍천 법무사 상속등기|홍천 비대면 상속등기|강원 홍천 상속등기,inheritance
/업무사례/화성상속등기법무사,200,/업무사례/화성상속등기법무사,"index,follow",true,화성 상속등기 법무사,화성 상속등기 비용|화성 상속등기 서류|경기 상속등기,inheritance
/에코델타시티법인등기,200,/에코델타시티법인등기,"index,follow",true,에코델타시티,법인등기|다옴법무사사무소,corporate
/에코델타시티법인설립등기,200,/에코델타시티법인설립등기,"index,follow",true,에코델타시티법인설립등기,에코델타시티 법무사|법인설립등기|다옴법무사사무소,corporate
/여러지역상속부동산등기,200,/여러지역상속부동산등기,"index,follow",true,여러 지역 상속부동산,전국에 흩어진 상속부동산|상속부동산 여러 지역|타지역 상속등기,inheritance
/연락두절상속인,200,/연락두절상속인,"index,follow",true,연락두절 상속인,연락 안 되는 상속인|상속인 소재불명,inheritance
/연산동법무사,200,/연산동법무사,"index,follow",true,연산동 법무사,연산역 법인등기|등기국 인근 등기,local
/연산동법인등기,200,/연산동법인등기,"index,follow",true,연산동법인등기,연산동 법무사|법인등기|다옴법무사사무소,corporate
/연산동상속등기,200,/연산동상속등기,"index,follow",true,연산동상속등기,연산동 법무사|상속등기|다옴법무사사무소,inheritance
/연산역법무사,200,/연산역법무사,"index,follow",true,연산역 법무사,연산역 등기|다옴법무사사무소,other
/연산역상속등기,200,/연산역상속등기,"index,follow",true,연산역상속등기,연산역 법무사|상속등기|다옴법무사사무소,inheritance
/연제구법무사,200,/연제구법무사,"index,follow",true,연제구 법무사,연산 구청 법무사|연제구 법무사 추천,local
/연제구법인등기,200,/연제구법인등기,"index,follow",true,연제구,법인등기|다옴법무사사무소,corporate
/연제구법인설립등기,200,/연제구법인설립등기,"index,follow",true,연제구법인설립등기,연제구 법무사|법인설립등기|다옴법무사사무소,corporate
/연제구부동산등기,200,/연제구부동산등기,"index,follow",true,연제구,부동산등기|다옴법무사사무소,real-estate
/연제구상속등기,200,/연제구상속등기,"index,follow",true,연제구,상속등기|다옴법무사사무소,inheritance
/연제구상속포기,200,/연제구상속포기,"index,follow",true,연제구,상속포기|다옴법무사사무소,inheritance
/연제구임원변경등기,200,/연제구임원변경등기,"index,follow",true,연제구,임원변경등기|다옴법무사사무소,corporate
/연제구한정승인,200,/연제구한정승인,"index,follow",true,연제구,한정승인|다옴법무사사무소,inheritance
/연지동법무사,200,/연지동법무사,"index,follow",true,연지동 법무사,초읍동 법무사|연지동 상속등기,local
/영농조합법인설립,200,/영농조합법인설립,"index,follow",true,영농조합법인 설립,영농조합 법인화|영농조합 전환|농협 영농조합법인|영농조합법인 절차|영농조합 법인 설립,corporate
/영도구법무사,200,/영도구법무사,"index,follow",true,영도구 법무사,영도 법무사|봉래동 법무사|영선동 법무사|남항동 법무사|영도구 법무사 추천,local
/영도구법인등기,200,/영도구법인등기,"index,follow",true,영도구법인등기,영도구 법무사|법인등기|다옴법무사사무소,corporate
/영도구법인설립등기,200,/영도구법인설립등기,"index,follow",true,영도구법인설립등기,영도구 법무사|법인설립등기|다옴법무사사무소,corporate
/영도구부동산등기,200,/영도구부동산등기,"index,follow",true,영도구,부동산등기|다옴법무사사무소,real-estate
/영도구상속등기,200,/영도구상속등기,"index,follow",true,영도구상속등기,영도구 법무사|상속등기|다옴법무사사무소,inheritance
/영도구상속포기,200,/영도구상속포기,"index,follow",true,영도구상속포기,영도구 법무사|상속포기|다옴법무사사무소,inheritance
/영도구선박등기,200,/영도구선박등기,"index,follow",true,영도구선박등기,영도구 법무사|선박등기|다옴법무사사무소,other
/영도구임원변경등기,200,/영도구임원변경등기,"index,follow",true,영도구임원변경등기,영도구 법무사|임원변경등기|다옴법무사사무소,corporate
/영도구한정승인,200,/영도구한정승인,"index,follow",true,영도구한정승인,영도구 법무사|한정승인|다옴법무사사무소,inheritance
/영어조합법인설립,200,/영어조합법인설립,"index,follow",true,영어조합법인 설립,영어조합 법인화|어촌계열 법인|수협 영어조합법인|영어조합법인 절차,corporate
/오래된상속토지정리,200,/오래된상속토지정리,"index,follow",true,오래된 상속등기,할아버지 명의 토지 상속|여러 세대 상속등기,inheritance
/오시리아법무사,200,/오시리아법무사,"index,follow",true,오시리아 법무사,동부산 법무사|오시리아 부동산등기,other
/오피스텔보존등기,200,/오피스텔보존등기,"index,follow",true,오피스텔 보존등기,집합건물 보존등기|신축 보존등기,real-estate
/오피스텔집단등기,200,/오피스텔집단등기,"index,follow",true,오피스텔 집단등기,오피스텔 보존등기|집단등기,other
/온천동법무사,200,/온천동법무사,"index,follow",true,온천동 법무사,온천동 등기|다옴법무사사무소,local
/온천동상속등기,200,/온천동상속등기,"index,follow",true,온천동상속등기,온천동 법무사|상속등기|다옴법무사사무소,inheritance
/왜개인회생비용이다를까,200,/왜개인회생비용이다를까,"index,follow",true,개인회생 비용,왜 개인회생 비용이 다를까|회생 수임료,rehab
/왜법인등기비용이다를까,200,/왜법인등기비용이다를까,"index,follow",true,법인등기 비용,왜 법인등기 비용이 다를까|법인 수임료,corporate
/왜상속등기비용이다를까,200,/왜상속등기비용이다를까,"index,follow",true,상속등기 비용,왜 상속등기 비용이 다를까|상속등기 수임료,inheritance
/용호동법무사,200,/용호동법무사,"index,follow",true,용호동 법무사,오륙도 아파트 등기|이기대 부동산등기,local
/우동법무사,200,/우동법무사,"index,follow",true,우동 법무사,마린시티 법무사|해운대 부동산등기,local
/우동부동산등기,200,/우동부동산등기,"index,follow",true,우동부동산등기,우동 법무사|부동산등기|다옴법무사사무소,real-estate
/우동소유권이전등기,200,/우동소유권이전등기,"index,follow",true,우동소유권이전등기,우동 법무사|소유권이전등기|다옴법무사사무소,real-estate
/우암동법무사,200,/우암동법무사,"index,follow",true,우암동 법무사,감만동 법무사|용당동 법무사,local
/유류분과상속등기,200,/유류분과상속등기,"index,follow",true,유류분 상속등기,유류분|유류분과 분할협의|편중 상속 등기,inheritance
/의료법인설립등기,200,/의료법인설립등기,"index,follow",true,의료법인 설립등기,의료법인 설립허가|병원 법인 설립|의료기관 법인화|의료법인 정관|의료법인 설립 절차,corporate
/의료법인임원변경등기,200,/의료법인임원변경등기,"index,follow",true,의료법인 임원변경등기,의료법인 대표 변경|병원장 변경등기|의료법인 대표 바뀌면,corporate
/의료법인주사무소이전등기,200,/의료법인주사무소이전등기,"index,follow",true,의료법인 주사무소 이전등기,의료법인 본점 이전|병원 이전 등기|의료법인 주소 바꾸면,corporate
/이사후임차권등기명령준비,200,/이사후임차권등기명령준비,"index,follow",true,이사 후 임차권등기명령,타지역 임차권등기명령|임차권등기명령 방문 없이 준비,other
/이용약관,200,/이용약관,"index,follow",true,이용약관,부산 법무사|다옴법무사사무소,other
/이혼재산분할등기서류준비,200,/이혼재산분할등기서류준비,"index,follow",true,이혼 재산분할등기 서류,이혼 후 부동산 명의변경 서류|재산분할 소유권이전 준비,other
/일광읍법무사,200,/일광읍법무사,"index,follow",true,일광읍 법무사,일광해수욕장 상속등기|기장군 신축 부동산,other
/일반건물집합건물전환등기,200,/일반건물집합건물전환등기,"index,follow",true,일반건물 집합건물 전환등기,집합건물 전환등기|구분소유 전환|다가구 집합건물화|부산 집합건물 전환|일반건물 집합으로 바꾸기,other
/임대인사망전세계약,200,/임대인사망전세계약,"index,follow",true,임대인 사망 전세,임대인 사망 보증금|상속인 전세보증금,real-estate
/임대차전세,200,/임대차전세,"index,follow",true,전세보증금·임차권등기명령｜미반환 대응,부산 법무사|해운대 법무사|센텀 법무사,real-estate
/임원변경등기과태료,200,/임원변경등기과태료,"index,follow",true,부산,임원변경등기 과태료|다옴법무사사무소,corporate
/임원변경등기기간,200,/임원변경등기기간,"index,follow",true,임원변경등기기간,임원변경등기 기간|다옴법무사사무소,corporate
/임원변경등기기한,200,/임원변경등기기한,"index,follow",true,임원변경등기기한,임원변경등기 기한|다옴법무사사무소,corporate
/임원변경등기보수표,200,/임원변경등기보수표,"index,follow",true,임원변경등기보수표,임원변경등기 보수표|다옴법무사사무소,corporate
/임원변경등기비용,200,/임원변경등기비용,"index,follow",true,임원변경등기비용,임원변경등기 비용|다옴법무사사무소,corporate
/임원변경등기자가진단,200,/임원변경등기자가진단,"index,follow",true,임원변경등기,부산 법무사|부산법무사|부산 여성 법무사|해운대 법무사|센텀 법무사,corporate
/임원변경등기준비서류,200,/임원변경등기준비서류,"index,follow",true,임원변경등기준비서류,임원변경등기 준비서류|다옴법무사사무소,corporate
/임원변경등기필요서류,200,/임원변경등기필요서류,"index,follow",true,임원변경등기필요서류,임원변경등기 필요서류|다옴법무사사무소,corporate
/임차권등기명령과태료,200,/임차권등기명령과태료,"index,follow",true,임차권등기명령과태료,임차권등기명령 과태료|다옴법무사사무소,other
/임차권등기명령기간,200,/임차권등기명령기간,"index,follow",true,임차권등기명령기간,임차권등기명령 기간|다옴법무사사무소,other
/임차권등기명령기한,200,/임차권등기명령기한,"index,follow",true,임차권등기명령기한,임차권등기명령 기한|다옴법무사사무소,other
/임차권등기명령보수표,200,/임차권등기명령보수표,"index,follow",true,임차권등기명령보수표,임차권등기명령 보수표|다옴법무사사무소,other
/임차권등기명령비용,200,/임차권등기명령비용,"index,follow",true,임차권등기명령비용,임차권등기명령 비용|다옴법무사사무소,other
/임차권등기명령자가진단,200,/임차권등기명령자가진단,"index,follow",true,임차권등기명령,부산 법무사|부산법무사|부산 여성 법무사|해운대 법무사|센텀 법무사,other
/임차권등기명령준비서류,200,/임차권등기명령준비서류,"index,follow",true,임차권등기명령준비서류,임차권등기명령 준비서류|다옴법무사사무소,other
/임차권등기명령필요서류,200,/임차권등기명령필요서류,"index,follow",true,임차권등기명령필요서류,임차권등기명령 필요서류|다옴법무사사무소,other
/자가진단,200,/자가진단,"index,follow",true,부산 법무사,부산법무사|부산 여성 법무사|해운대 법무사|센텀 법무사|재송동 법무사,other
/장례후재산채무정리,200,/장례후재산채무정리,"index,follow",true,장례 후 재산정리,사망 후 재산·채무 정리|부모님 사망 후 재산조회,other
/장전동법무사,200,/장전동법무사,"index,follow",true,장전동 법무사,장전동 등기|다옴법무사사무소,local
/장전동부동산등기,200,/장전동부동산등기,"index,follow",true,장전동부동산등기,장전동 법무사|부동산등기|다옴법무사사무소,real-estate
/장학재단설립,200,/장학재단설립,"index,follow",true,장학재단 설립,장학재단 법인|장학회 법인화|재단법인 장학|출연 장학재단|장학재단 설립 절차,corporate
/재개발등기과태료,200,/재개발등기과태료,"index,follow",true,재개발등기과태료,재개발등기 과태료|다옴법무사사무소,other
/재개발등기기간,200,/재개발등기기간,"index,follow",true,재개발등기기간,재개발등기 기간|다옴법무사사무소,other
/재개발등기기한,200,/재개발등기기한,"index,follow",true,재개발등기기한,재개발등기 기한|다옴법무사사무소,other
/재개발등기보수표,200,/재개발등기보수표,"index,follow",true,재개발등기보수표,재개발등기 보수표|다옴법무사사무소,other
/재개발등기비용,200,/재개발등기비용,"index,follow",true,재개발등기비용,재개발등기 비용|다옴법무사사무소,other
/재개발등기준비서류,200,/재개발등기준비서류,"index,follow",true,재개발등기준비서류,재개발등기 준비서류|다옴법무사사무소,other
/재개발등기필요서류,200,/재개발등기필요서류,"index,follow",true,재개발등기필요서류,재개발등기 필요서류|다옴법무사사무소,other
/재건축등기과태료,200,/재건축등기과태료,"index,follow",true,재건축등기과태료,재건축등기 과태료|다옴법무사사무소,other
/재건축등기기간,200,/재건축등기기간,"index,follow",true,재건축등기기간,재건축등기 기간|다옴법무사사무소,other
/재건축등기기한,200,/재건축등기기한,"index,follow",true,재건축등기기한,재건축등기 기한|다옴법무사사무소,other
/재건축등기보수표,200,/재건축등기보수표,"index,follow",true,재건축등기보수표,재건축등기 보수표|다옴법무사사무소,other
/재건축등기비용,200,/재건축등기비용,"index,follow",true,재건축등기비용,재건축등기 비용|다옴법무사사무소,other
/재건축등기준비서류,200,/재건축등기준비서류,"index,follow",true,재건축등기준비서류,재건축등기 준비서류|다옴법무사사무소,other
/재건축등기필요서류,200,/재건축등기필요서류,"index,follow",true,재건축등기필요서류,재건축등기 필요서류|다옴법무사사무소,other
/재건축조합임원변경등기,200,/재건축조합임원변경등기,"index,follow",true,재건축조합 임원변경등기,재개발조합 임원변경|정비사업조합 등기|조합장 변경등기|재건축조합 임원 바뀌면,corporate
/재단법인과공익법인차이,200,/재단법인과공익법인차이,"index,follow",true,재단법인과 공익법인 차이,공익법인 재단|공익 목적 법인|재단 공익법인 차이,corporate
/재단법인기본재산변경등기,200,/재단법인기본재산변경등기,"index,follow",true,재단법인 기본재산 변경등기,재단법인 출연재산 변경|기본재산 증가 등기|재단법인 재산 바꾸면,corporate
/재송동법무사,200,/재송동법무사,"index,follow",true,재송동 법무사,재송동 법무사 추천|재송동 상속등기,local
/재송동상속등기,200,/재송동상속등기,"index,follow",true,재송동상속등기,재송동 법무사|상속등기|다옴법무사사무소,inheritance
/재송동소유권이전등기,200,/재송동소유권이전등기,"index,follow",true,재송동소유권이전등기,재송동 법무사|소유권이전등기|다옴법무사사무소,real-estate
/재혼가정상속,200,/재혼가정상속,"index,follow",true,재혼가정 상속,전혼 자녀 상속|재혼 배우자 상속,inheritance
/전국공동담보등기,200,/전국공동담보등기,"index,follow",true,전국 공동근저당권,여러 지역 부동산 공동담보|공동담보등기|공동근저당권 설정,other
/전국법인본점이전등기,200,/전국법인본점이전등기,"index,follow",true,전국 본점이전등기,타관할 본점이전등기|관할 외 본점이전등기|서울 부산 본점이전,corporate
/전국상속등기,200,/전국상속등기,"index,follow",true,전국 상속등기,전국 상속등기 법무사|타지역 상속등기|비대면 상속등기|상속등기 관할 특례,inheritance
/전국업무,200,/전국업무,"index,follow",true,전국 법무사,전국 법무사 업무|비대면 법무사|타지역 법무사|전국 등기 법무사,other
/전국유증등기,200,/전국유증등기,"index,follow",true,전국 유증등기,유증등기 법무사|유언 부동산 이전|유증등기 관할 특례,other
/전문직법인등기,200,/전문직법인등기,"index,follow",true,전문직 법인 등기,법무사법인 설립|세무법인 설립등기|노무법인 설립|전문직 법인 등기|전문직 법인 설립 절차,corporate
/전세권설정과태료,200,/전세권설정과태료,"index,follow",true,전세권설정과태료,전세권설정 과태료|다옴법무사사무소,real-estate
/전세권설정기간,200,/전세권설정기간,"index,follow",true,전세권설정기간,전세권설정 기간|다옴법무사사무소,real-estate
/전세권설정기한,200,/전세권설정기한,"index,follow",true,전세권설정기한,전세권설정 기한|다옴법무사사무소,real-estate
/전세권설정보수표,200,/전세권설정보수표,"index,follow",true,전세권설정보수표,전세권설정 보수표|다옴법무사사무소,real-estate
/전세권설정비용,200,/전세권설정비용,"index,follow",true,전세권설정비용,전세권설정 비용|다옴법무사사무소,real-estate
/전세권설정준비서류,200,/전세권설정준비서류,"index,follow",true,전세권설정준비서류,전세권설정 준비서류|다옴법무사사무소,real-estate
/전세권설정필요서류,200,/전세권설정필요서류,"index,follow",true,전세권설정필요서류,전세권설정 필요서류|다옴법무사사무소,real-estate
/전세보증금상담,200,/전세보증금상담,"index,follow",true,전세보증금 상담,법무사 상담|간편 상담,real-estate
/전세보증금자가진단,200,/전세보증금자가진단,"index,follow",true,전세보증금,부산 법무사|부산법무사|부산 여성 법무사|해운대 법무사|센텀 법무사,real-estate
/전세사기예방교육,200,/전세사기예방교육,"index,follow",true,부산 전세사기 예방교육,전세사기 예방교육 강사|청년 전세사기 교육|등기부등본 강의|전세사기 예방교육 부산|부산 전세사기 특강,real-estate
/전세사기피해대응절차,200,/전세사기피해대응절차,"index,follow",true,부산 전세사기 법무사,부산 전세사기 피해|전세보증금 미반환,real-estate
/전자등기,200,/전자등기,"index,follow",true,전자등기,전자신청|등기 접수,other
/전자신청,200,/전자신청,"index,follow",true,전자신청,전자등기|등기소 제출,other
/전포동법무사,200,/전포동법무사,"index,follow",true,전포동 법무사,전포카페거리 상가등기|부산진구 권리금,local
/전포동부동산등기,200,/전포동부동산등기,"index,follow",true,전포동부동산등기,전포동 법무사|부동산등기|다옴법무사사무소,real-estate
/전화가어려울때법률상담,200,/전화가어려울때법률상담,"index,follow",true,전화가 어려울 때 법률 상담,법무사 상담|간편 상담,other
/정관법무사,200,/정관법무사,"index,follow",true,정관 법무사,정관신도시 등기|정관 토지 상속,other
/정관법인등기,200,/정관법인등기,"index,follow",true,정관,법인등기|다옴법무사사무소,corporate
/정관법인설립등기,200,/정관법인설립등기,"index,follow",true,정관법인설립등기,정관 법무사|법인설립등기|다옴법무사사무소,corporate
/제주타지역상속인부동산,200,/제주타지역상속인부동산,"index,follow",true,제주 부동산 타지역 상속인,육지 거주 제주 상속등기|제주 상속 비대면 준비,inheritance
/종교단체사단법인설립,200,/종교단체사단법인설립,"index,follow",true,종교단체 사단법인 설립,종교단체 법인화|교회 사단법인|사찰 법인 설립|종교법인 설립|종교단체 법인 만들기,corporate
/종교재단설립,200,/종교재단설립,"index,follow",true,종교재단 설립,종교재단법인|선교재단 설립|교회 재단법인|사찰 재단|종교재단 설립 절차,corporate
/좌동법무사,200,/좌동법무사,"index,follow",true,좌동 법무사,장산역 법무사|해운대신시가지 상속등기,local
/좌동상속등기,200,/좌동상속등기,"index,follow",true,좌동상속등기,좌동 법무사|상속등기|다옴법무사사무소,inheritance
/좌동소유권이전등기,200,/좌동소유권이전등기,"index,follow",true,좌동소유권이전등기,좌동 법무사|소유권이전등기|다옴법무사사무소,real-estate
/주례동법무사,200,/주례동법무사,"index,follow",true,주례동 법무사,학장동 법무사|모라동 법무사,local
/주무관청허가후설립등기,200,/주무관청허가후설립등기,"index,follow",true,주무관청 허가 후 설립등기,설립허가 후 등기|비영리법인 설립등기|허가서 등기|사단법인 설립등기|허가 받고 등기,corporate
/중구법무사,200,/중구법무사,"index,follow",true,중구 법무사,부산 중구 법무사|광복동 법무사|보수동 법무사|중앙동 법무사|중구 법무사 추천,local
/중구법인등기,200,/중구법인등기,"index,follow",true,중구법인등기,중구 법무사|법인등기|다옴법무사사무소,corporate
/중구법인설립등기,200,/중구법인설립등기,"index,follow",true,중구법인설립등기,중구 법무사|법인설립등기|다옴법무사사무소,corporate
/중구부동산등기,200,/중구부동산등기,"index,follow",true,중구부동산등기,중구 법무사|부동산등기|다옴법무사사무소,real-estate
/중구상속등기,200,/중구상속등기,"index,follow",true,중구상속등기,중구 법무사|상속등기|다옴법무사사무소,inheritance
/중구상속포기,200,/중구상속포기,"index,follow",true,중구상속포기,중구 법무사|상속포기|다옴법무사사무소,inheritance
/중구임원변경등기,200,/중구임원변경등기,"index,follow",true,중구임원변경등기,중구 법무사|임원변경등기|다옴법무사사무소,corporate
/중구한정승인,200,/중구한정승인,"index,follow",true,중구한정승인,중구 법무사|한정승인|다옴법무사사무소,inheritance
/중동법무사,200,/중동법무사,"index,follow",true,중동 법무사,중동 등기|다옴법무사사무소,local
/중동부동산등기,200,/중동부동산등기,"index,follow",true,중동부동산등기,중동 법무사|부동산등기|다옴법무사사무소,real-estate
/중부산등기소법무사,200,/중부산등기소법무사,"index,follow",true,동래구,중부산등기소(통합) 임원변경등기|다옴법무사사무소,other
/중부산등기소법인등기,200,/중부산등기소법인등기,"index,follow",true,중부산등기소법인등기,중부산등기소|법인등기|다옴법무사사무소,corporate
/중부산등기소부동산등기,200,/중부산등기소부동산등기,"index,follow",true,중부산등기소부동산등기,중부산등기소|부동산등기|다옴법무사사무소,real-estate
/중부산등기소임원변경등기,200,/중부산등기소임원변경등기,"index,follow",true,중부산등기소임원변경등기,중부산등기소|임원변경등기|다옴법무사사무소,corporate
/증여등기과태료,200,/증여등기과태료,"index,follow",true,증여등기과태료,증여등기 과태료|다옴법무사사무소,real-estate
/증여등기기간,200,/증여등기기간,"index,follow",true,증여등기기간,증여등기 기간|다옴법무사사무소,real-estate
/증여등기기한,200,/증여등기기한,"index,follow",true,증여등기기한,증여등기 기한|다옴법무사사무소,real-estate
/증여등기보수표,200,/증여등기보수표,"index,follow",true,증여등기보수표,증여등기 보수표|다옴법무사사무소,real-estate
/증여등기비용,200,/증여등기비용,"index,follow",true,증여등기비용,증여등기 비용|다옴법무사사무소,real-estate
/증여등기준비서류,200,/증여등기준비서류,"index,follow",true,증여등기준비서류,증여등기 준비서류|다옴법무사사무소,real-estate
/증여등기필요서류,200,/증여등기필요서류,"index,follow",true,증여등기필요서류,증여등기 필요서류|다옴법무사사무소,real-estate
/증축후건물표시변경등기,200,/증축후건물표시변경등기,"index,follow",true,증축 후 건물표시변경등기,증축 건물표시변경|개축 후 등기부 정정|연면적 변경등기|부산 증축 표시변경등기|증축하면 등기 다시,other
/지급명령이의신청준비,200,/지급명령이의신청준비,"index,follow",true,지급명령 이의신청,지급명령 이의|지급명령 받은 후|지급명령 기간,other
/지급명령자가진단,200,/지급명령자가진단,"index,follow",true,지급명령,부산 법무사|부산법무사|부산 여성 법무사|해운대 법무사|센텀 법무사,other
/지방공기업등기,200,/지방공기업등기,"index,follow",true,지방공기업 등기,공기업 등기|공공기관 법인등기,other
/지식산업센터보존등기,200,/지식산업센터보존등기,"index,follow",true,지식산업센터 보존등기,아파트형 공장 보존등기|지식산업센터 집합건물등기|산업시설 전유 보존|부산 지식산업센터 등기|지식산업센터 등기 어떻게,real-estate
/집단등기,200,/집단등기,"index,follow",true,집단등기,아파트 집단등기|오피스텔 집단등기,other
/집단등기실수모음,200,/집단등기실수모음,"index,follow",true,집단등기 실수,신축 집단등기|아파트 집단등기,other
/집합건물보존등기,200,/집합건물보존등기,"index,follow",true,집합건물 보존등기,아파트 보존등기|오피스텔 보존등기,real-estate
/창업법률교육,200,/창업법률교육,"index,follow",true,부산 창업교육 강사,부산 예비창업자 강사|부산 창업 특강|부산 스타트업 강사,other
/창업법무,200,/창업법무,"index,follow",true,스타트업·소상공인｜법인설립·운영 법무,부산 법무사|해운대 법무사|센텀 법무사,other
/창원비영리법인설립,200,/창원비영리법인설립,"index,follow",true,창원 비영리법인 설립,창원 사단법인|창원 재단법인|창원 협회 법인|창원 법인 설립,corporate
/채권압류추심서류준비,200,/채권압류추심서류준비,"index,follow",true,채권압류 추심 서류,채권압류명령 신청 준비|판결 후 강제집행 서류|통장압류|급여압류,other
/철거후건물멸실등기,200,/철거후건물멸실등기,"index,follow",true,철거 후 건물멸실등기,건물 철거 멸실등기|철거 후 등기|건물등기부 폐쇄|부산 멸실등기|철거 후 등기 언제,other
/청년생활법률특강,200,/청년생활법률특강,"index,follow",true,부산 청년 특강 강사,부산 청년교육 강사|부산 청년센터 강사|부산 자립청년 교육|부산 사회초년생 교육,lecture
/체육단체사단법인설립,200,/체육단체사단법인설립,"index,follow",true,체육단체 사단법인 설립,종목협회 법인|생활체육단체 법인화|스포츠클럽 법인|체육협회 법인 설립,corporate
/초량동법무사,200,/초량동법무사,"index,follow",true,초량동 법무사,좌천동 법무사|수정동 법무사,local
/촉탁등기,200,/촉탁등기,"index,follow",true,촉탁등기,공공기관 촉탁등기|공공기관 등기업무,other
/취득세,200,/취득세,"index,follow",true,취득세,부동산 취득세|등기 비용,other
/타지역상속인경상도부동산,200,/타지역상속인경상도부동산,"index,follow",true,타지역 상속인 경상도 부동산,경남 부동산 부산 거주 상속인|상속인 거주지 부동산 소재지 다를 때,inheritance
/토지소유자와건축주다른보존등기,200,/토지소유자와건축주다른보존등기,"index,follow",true,토지소유자와 건축주가 다른 보존등기,토지 건축주 다른 신축등기|대지사용권 보존등기|사용승낙 건물보존등기|부산 신축 보존등기 토지상이|토지 소유자 다른데 건물 보존등기,real-estate
/특별대리인자가진단,200,/특별대리인자가진단,"index,follow",true,특별대리인,부산 법무사|부산법무사|부산 여성 법무사|해운대 법무사|센텀 법무사,other
/특별법법인설립등기,200,/특별법법인설립등기,"index,follow",true,특별법 법인 설립등기,사회복지법인 설립등기|학교법인 설립등기|의료법인 설립등기|공익법인 설립등기|특별법 법인 설립 절차,corporate
/특별한정승인,200,/특별한정승인,"index,follow",true,특별한정승인,부산 특별한정승인|부산 특별한정승인 법무사|특별한정승인 신청|3개월 후 한정승인|기한 지난 상속포기,inheritance
/특수등기,200,/특수등기,"index,follow",true,선박·비영리·종중·외국인｜특수등기 안내,부산 법무사|해운대 법무사|센텀 법무사,other
/특수등기의뢰,200,/특수등기의뢰,"index,follow",true,특수 등기 의뢰,집단등기|등기 복대리,other
/특수비영리법인등기,200,/특수비영리법인등기,"index,follow",true,특수법인 등기,비영리법인 설립등기|사단법인 등기|재단법인 등기|협동조합 설립등기|특수법인 설립,corporate
/특허법인설립등기,200,/특허법인설립등기,"index,follow",true,특허법인 설립등기,변리사법인 설립|특허법인 등기|특허법인 구성원 변경|특허법인 설립 절차|변리사법인 등기,corporate
/하단법무사,200,/하단법무사,"index,follow",true,하단 법무사,하단동 아파트 등기|하단역 상속등기,other
/학교법률교육,200,/학교법률교육,"index,follow",true,부산 학교 법률교육,청소년 법률교육|대학생 법률교육,other
/학교법인설립등기,200,/학교법인설립등기,"index,follow",true,학교법인 설립등기,학교법인 설립인가|사립학교 법인|학교법인 정관|학교법인 기본재산|학교법인 설립 절차,corporate
/학교법인임원변경등기,200,/학교법인임원변경등기,"index,follow",true,학교법인 임원변경등기,학교법인 이사 변경|학교 이사장 변경등기|학교법인 임원 바뀌면,corporate
/한정승인과태료,200,/한정승인과태료,"index,follow",true,한정승인과태료,한정승인 과태료|다옴법무사사무소,inheritance
/한정승인기간,200,/한정승인기간,"index,follow",true,한정승인기간,한정승인 기간|다옴법무사사무소,inheritance
/한정승인기한,200,/한정승인기한,"index,follow",true,한정승인기한,한정승인 기한|다옴법무사사무소,inheritance
/한정승인보수표,200,/한정승인보수표,"index,follow",true,한정승인보수표,한정승인 보수표|다옴법무사사무소,inheritance
/한정승인비용,200,/한정승인비용,"index,follow",true,부산,한정승인 비용|다옴법무사사무소,inheritance
/한정승인상담,200,/한정승인상담,"index,follow",true,한정승인 상담,법무사 상담|간편 상담,inheritance
/한정승인자가진단,200,/한정승인자가진단,"index,follow",true,한정승인,부산 법무사|부산법무사|부산 여성 법무사|해운대 법무사|센텀 법무사,inheritance
/한정승인준비서류,200,/한정승인준비서류,"index,follow",true,한정승인준비서류,한정승인 준비서류|다옴법무사사무소,inheritance
/한정승인필요서류,200,/한정승인필요서류,"index,follow",true,한정승인필요서류,한정승인 필요서류|다옴법무사사무소,inheritance
/해산간주확인절차,200,/해산간주확인절차,"index,follow",true,해산간주,휴면법인 해산간주|법인 계속등기|폐업 후 법인등기,corporate
/해외거주상속인,200,/해외거주상속인,"index,follow",true,해외 거주 상속인,해외 상속인 위임장|외국 국적 상속인,inheritance
/해외대표이사주주법인등기,200,/해외대표이사주주법인등기,"index,follow",true,해외 대표이사 법인등기,해외 주주 법인설립|외국에 있는 대표이사 변경등기,corporate
/해외서류가필요한증여등기,200,/해외서류가필요한증여등기,"index,follow",true,해외 거주 자녀 증여등기,해외서류 증여등기|해외 위임장 부동산 증여,real-estate
/해운대구법인등기,200,/해운대구법인등기,"index,follow",true,해운대구,법인등기|다옴법무사사무소,corporate
/해운대구법인설립등기,200,/해운대구법인설립등기,"index,follow",true,해운대구,법인설립등기|다옴법무사사무소,corporate
/해운대구부동산등기,200,/해운대구부동산등기,"index,follow",true,해운대구,부동산등기|다옴법무사사무소,real-estate
/해운대구상속등기,200,/해운대구상속등기,"index,follow",true,해운대구,상속등기|다옴법무사사무소,inheritance
/해운대구상속포기,200,/해운대구상속포기,"index,follow",true,해운대구,상속포기|다옴법무사사무소,inheritance
/해운대구임원변경등기,200,/해운대구임원변경등기,"index,follow",true,해운대구,임원변경등기|다옴법무사사무소,corporate
/해운대구한정승인,200,/해운대구한정승인,"index,follow",true,해운대구,한정승인|다옴법무사사무소,inheritance
/해운대법무사,200,/해운대법무사,"index,follow",true,해운대 법무사,해운대 법무사 추천|해운대 등기 상담,local
/해운대비영리법인설립,200,/해운대비영리법인설립,"index,follow",true,해운대 비영리법인 설립,센텀 사단법인|해운대 재단법인|해운대 협회 법인|해운대 법인 설립|센텀 비영리법인,corporate
/해운대상가오피스텔건물등기,200,/해운대상가오피스텔건물등기,"index,follow",true,해운대 상가 오피스텔 건물등기,센텀 오피스텔 등기|해운대 상가 보존등기|해운대 전유 표시변경|센텀 상가 근저당|해운대 오피스텔 등기,other
/해운대여성법무사,200,/해운대여성법무사,"index,follow",true,해운대 여성 법무사,해운대 여자 법무사|다옴법무사사무소,local
/해운대역법무사,200,/해운대역법무사,"index,follow",true,해운대역 법무사,해운대역 등기|다옴법무사사무소,local
/해운대역부동산등기,200,/해운대역부동산등기,"index,follow",true,해운대역부동산등기,해운대역 법무사|부동산등기|다옴법무사사무소,real-estate
/해운대재개발상속등기,200,/해운대재개발상속등기,"index,follow",true,해운대,재개발 상속등기|다옴법무사사무소,inheritance
/해운회사법인등기,200,/해운회사법인등기,"index,follow",true,해운회사 법인등기,해운 법인 설립|선사 법인등기|다옴법무사사무소,corporate
/협동조합과주식회사차이,200,/협동조합과주식회사차이,"index,follow",true,협동조합과 주식회사 차이,협동조합 주식회사|조합 법인 비교|협동조합 회사 차이,other
/협동조합임원변경등기,200,/협동조합임원변경등기,"index,follow",true,협동조합 임원변경등기,협동조합 이사 변경|사회적협동조합 임원변경|협동조합 대표 바뀌면,corporate
/협동조합해산청산등기,200,/협동조합해산청산등기,"index,follow",true,협동조합 해산 청산등기,협동조합 폐업|협동조합 청산|협동조합 해산 절차,corporate
/협업문의,200,/협업문의,"index,follow",true,부산 법무사 협업 문의,부산 복대리 문의|집단등기 문의|공공기관 등기 문의,other
/협회사단법인설립,200,/협회사단법인설립,"index,follow",true,협회 사단법인 설립,업종별 협회 법인화|협회 설립 절차|협회 정관|협회 창립총회|협회 법인 설립,corporate
/화명동법무사,200,/화명동법무사,"index,follow",true,화명동 법무사,화명신도시 부동산등기|북구 아파트 상속,local
/화명동부동산등기,200,/화명동부동산등기,"index,follow",true,화명동부동산등기,화명동 법무사|부동산등기|다옴법무사사무소,real-estate
/화재소실건물멸실등기,200,/화재소실건물멸실등기,"index,follow",true,화재 소실 건물 멸실등기,화재 건물 멸실등기|소실 건물 등기|재해 멸실등기|화재 후 건물등기|화재 후 멸실등기,other
/환경단체사단법인설립,200,/환경단체사단법인설립,"index,follow",true,환경단체 사단법인 설립,환경보호단체 법인|생태단체 법인화|환경 NGO 법인|환경단체 법인 만들기,corporate
/회계법인설립등기,200,/회계법인설립등기,"index,follow",true,회계법인 설립등기,공인회계사법인 설립|회계법인 등기|회계법인 구성원 변경등기|회계법인 설립 절차|회계법인 등기 서류,corporate
/휴면법인계속등기준비,200,/휴면법인계속등기준비,"index,follow",true,휴면법인 계속등기 준비,휴면법인 통지 후 절차|휴면법인 해산과 계속,corporate
/about,200,/about,"index,follow",true,안윤정 법무사,해운대 법무사|다옴법무사사무소,other
/blog,200,/blog,"index,follow",true,다옴법무사사무소,부산 법무사|다옴법무사사무소,other
/blog/bankruptcy-vs-discharge-difference,200,/blog/bankruptcy-vs-discharge-difference,"index,follow",true,개인파산,면책|부산 법무사|해운대 법무사|센텀 법무사|다옴법무사사무소,other
/blog/bankruptcy-vs-personal-rehabilitation,200,/blog/bankruptcy-vs-personal-rehabilitation,"index,follow",true,파산,개인회생|부산 법무사|다옴법무사사무소|채무조정 안내,other
/blog/busan-company-establishment-documents,200,/blog/busan-company-establishment-documents,"index,follow",true,법인설립,준비서류|부산|부산 법무사|해운대 법무사|센텀 법무사,other
/blog/busan-inheritance-consultation-prep,200,/blog/busan-inheritance-consultation-prep,"index,follow",true,상속 상담,부산 상속등기|부산 법무사|해운대 법무사|센텀 법무사|다옴법무사사무소,other
/blog/busan-inheritance-registration-procedure-documents,200,/blog/busan-inheritance-registration-procedure-documents,"index,follow",true,상속등기,부산 상속등기|해운대 법무사|다옴법무사사무소|상속 안내,other
/blog/busan-lawyer-consultation-documents,200,/blog/busan-lawyer-consultation-documents,"index,follow",true,법무사 상담,부산 법무사|준비서류|다옴법무사사무소|상담 안내,other
/blog/busan-lawyer-jurisdiction-checklist,200,/blog/busan-lawyer-jurisdiction-checklist,"index,follow",true,부산 법무사,관할 등기소|부산가정법원|등기 상담|다옴법무사사무소|상담 안내,other
/blog/busan-lawyer-recommend-office-consult,200,/blog/busan-lawyer-recommend-office-consult,"index,follow",true,부산 법무사 추천,부산 법무사 사무실|부산 법무사 상담|해운대 법무사|센텀 법무사|다옴법무사사무소,other
/blog/busan-real-estate-registration-documents,200,/blog/busan-real-estate-registration-documents,"index,follow",true,부동산등기 서류,부산|부산 법무사|해운대 법무사|센텀 법무사|다옴법무사사무소,other
/blog/business-owner-rehabilitation-pre-check,200,/blog/business-owner-rehabilitation-pre-check,"index,follow",true,사업자,개인회생|부산 법무사|해운대 법무사|센텀 법무사|다옴법무사사무소,other
/blog/centum-lawyer-visit-day-flow,200,/blog/centum-lawyer-visit-day-flow,"index,follow",true,센텀 법무사,방문상담|해운대 법무사|부산 법무사|다옴법무사사무소|상담 안내,other
/blog/ceo-address-change-registration,200,/blog/ceo-address-change-registration,"index,follow",true,대표이사,주소변경|임원변경등기|부산 법무사|해운대 법무사|센텀 법무사,other
/blog/certified-mail-before-sending,200,/blog/certified-mail-before-sending,"index,follow",true,내용증명,채권|부산 법무사|해운대 법무사|센텀 법무사|다옴법무사사무소,other
/blog/company-establishment-registration-checklist,200,/blog/company-establishment-registration-checklist,"index,follow",true,법인설립,부산 법인등기|센텀 법무사|다옴법무사사무소|법인 안내,other
/blog/complaint-filing-required-materials,200,/blog/complaint-filing-required-materials,"index,follow",true,소장,민사소송|부산 법무사|해운대 법무사|센텀 법무사|다옴법무사사무소,other
/blog/corporate-name-change-registration,200,/blog/corporate-name-change-registration,"index,follow",true,상호변경,법인등기|부산 법무사|해운대 법무사|센텀 법무사|다옴법무사사무소,other
/blog/corporate-purpose-change-registration,200,/blog/corporate-purpose-change-registration,"index,follow",true,목적변경,정관변경|부산 법무사|해운대 법무사|센텀 법무사|다옴법무사사무소,other
/blog/corporate-registration-penalty-cases,200,/blog/corporate-registration-penalty-cases,"index,follow",true,법인등기 과태료,임원변경|부산 법무사|해운대 법무사|센텀 법무사|다옴법무사사무소,other
/blog/debt-collection-response-guide,200,/blog/debt-collection-response-guide,"index,follow",true,채권추심,개인회생|부산 법무사|해운대 법무사|센텀 법무사|다옴법무사사무소,other
/blog/delayed-ownership-transfer-after-balance,200,/blog/delayed-ownership-transfer-after-balance,"index,follow",true,소유권이전등기,잔금|매매|부산 법무사|해운대 법무사|센텀 법무사,other
/blog/delaying-inheritance-registration-risks,200,/blog/delaying-inheritance-registration-risks,"index,follow",true,상속등기,과태료|부산 법무사|다옴법무사사무소|상속 안내,other
/blog/director-change-registration-deadline-guide,200,/blog/director-change-registration-deadline-guide,"index,follow",true,임원변경등기,기한|부산 법무사|해운대 법무사|센텀 법무사|다옴법무사사무소,other
/blog/director-change-registration-deadline-penalty,200,/blog/director-change-registration-deadline-penalty,"index,follow",true,임원변경,법인등기|과태료|다옴법무사사무소|법인 안내,other
/blog/gift-registration-pre-check,200,/blog/gift-registration-pre-check,"index,follow",true,증여등기,증여세|부산 법무사|해운대 법무사|센텀 법무사|다옴법무사사무소,other
/blog/head-office-move-in-out-district,200,/blog/head-office-move-in-out-district,"index,follow",true,본점이전등기,법인등기|부산 법무사|해운대 법무사|센텀 법무사|다옴법무사사무소,other
/blog/how-to-check-deceased-parent-debt,200,/blog/how-to-check-deceased-parent-debt,"index,follow",true,상속 채무,빚 확인|부산 법무사|해운대 법무사|센텀 법무사|다옴법무사사무소,other
/blog/inheritance-division-agreement-cautions,200,/blog/inheritance-division-agreement-cautions,"index,follow",true,상속재산분할,분할협의서|부산 법무사|해운대 법무사|센텀 법무사|다옴법무사사무소,other
/blog/inheritance-registration-documents-checklist,200,/blog/inheritance-registration-documents-checklist,"index,follow",true,상속등기 서류,필요서류|부산 법무사|해운대 법무사|센텀 법무사|다옴법무사사무소,other
/blog/inheritance-registration-priority-after-parent-death,200,/blog/inheritance-registration-priority-after-parent-death,"index,follow",true,상속등기,사망 후 절차|부산 법무사|해운대 법무사|센텀 법무사|다옴법무사사무소,other
/blog/inheritance-renunciation-vs-qualified-acceptance,200,/blog/inheritance-renunciation-vs-qualified-acceptance,"index,follow",true,상속포기,한정승인|부산 법무사|다옴법무사사무소|상속 안내,other
/blog/jeonse-deposit-return-certified-mail,200,/blog/jeonse-deposit-return-certified-mail,"index,follow",true,전세보증금,내용증명|임차권|부산 법무사|해운대 법무사|센텀 법무사,other
/blog/jeonse-right-cancellation-procedure,200,/blog/jeonse-right-cancellation-procedure,"index,follow",true,전세권 말소,전세 만료|부산 법무사|해운대 법무사|센텀 법무사|다옴법무사사무소,other
/blog/jeonse-right-vs-lease-registration-order,200,/blog/jeonse-right-vs-lease-registration-order,"index,follow",true,전세권,임차권등기명령|부동산등기|다옴법무사사무소|부동산 안내,other
/blog/joint-ownership-registration-cautions,200,/blog/joint-ownership-registration-cautions,"index,follow",true,공동명의,지분등기|부산 법무사|해운대 법무사|센텀 법무사|다옴법무사사무소,other
/blog/loan-repayment-claim-documents,200,/blog/loan-repayment-claim-documents,"index,follow",true,대여금,반환청구|부산 법무사|해운대 법무사|센텀 법무사|다옴법무사사무소,other
/blog/minor-heir-inheritance-guide,200,/blog/minor-heir-inheritance-guide,"index,follow",true,미성년 상속인,상속등기|부산 법무사|해운대 법무사|센텀 법무사|다옴법무사사무소,other
/blog/missed-director-term-expiry,200,/blog/missed-director-term-expiry,"index,follow",true,임원 임기,임원변경등기|부산 법무사|해운대 법무사|센텀 법무사|다옴법무사사무소,other
/blog/mortgage-cancellation-risks,200,/blog/mortgage-cancellation-risks,"index,follow",true,근저당 말소,부동산등기|부산 법무사|해운대 법무사|센텀 법무사|다옴법무사사무소,other
/blog/new-apartment-ownership-transfer,200,/blog/new-apartment-ownership-transfer,"index,follow",true,신축아파트,소유권이전등기|부산 법무사|해운대 법무사|센텀 법무사|다옴법무사사무소,other
/blog/one-person-company-establishment-checklist,200,/blog/one-person-company-establishment-checklist,"index,follow",true,1인 법인,법인설립|부산 법무사|해운대 법무사|센텀 법무사|다옴법무사사무소,other
/blog/overseas-heir-inheritance-busan,200,/blog/overseas-heir-inheritance-busan,"index,follow",true,해외 상속인,상속등기|부산 법무사|해운대 법무사|센텀 법무사|다옴법무사사무소,other
/blog/payment-order-application-pre-check,200,/blog/payment-order-application-pre-check,"index,follow",true,지급명령,채권회수|부산 법무사|해운대 법무사|센텀 법무사|다옴법무사사무소,other
/blog/personal-rehabilitation-before-application,200,/blog/personal-rehabilitation-before-application,"index,follow",true,개인회생,채무조정|부산 법무사|다옴법무사사무소|채무조정 안내,other
/blog/personal-rehabilitation-consultation-documents,200,/blog/personal-rehabilitation-consultation-documents,"index,follow",true,개인회생,준비서류|부산 법무사|해운대 법무사|센텀 법무사|다옴법무사사무소,other
/blog/real-estate-ownership-transfer-procedure,200,/blog/real-estate-ownership-transfer-procedure,"index,follow",true,소유권이전등기,부동산등기|부산 법무사|다옴법무사사무소|부동산 안내,other
/blog/salaried-worker-rehabilitation-eligibility,200,/blog/salaried-worker-rehabilitation-eligibility,"index,follow",true,급여소득자,개인회생|부산 법무사|해운대 법무사|센텀 법무사|다옴법무사사무소,other
/blog/startup-corporate-registration-checklist,200,/blog/startup-corporate-registration-checklist,"index,follow",true,스타트업,법인등기|센텀|부산 법무사|해운대 법무사|센텀 법무사,other
/blog/three-months-after-death-inheritance,200,/blog/three-months-after-death-inheritance,"index,follow",true,상속 3개월,한정승인 기한|상속등기 과태료|부산 법무사|해운대 법무사|센텀 법무사,other
/blog/when-jeonse-right-registration-needed,200,/blog/when-jeonse-right-registration-needed,"index,follow",true,전세권,전세|임차인|부산 법무사|해운대 법무사|센텀 법무사,other
/blog/when-seller-withholds-registration-documents,200,/blog/when-seller-withholds-registration-documents,"index,follow",true,매도인,등기서류|소유권이전|부산 법무사|해운대 법무사|센텀 법무사,other
/blog/when-siblings-refuse-inheritance-registration,200,/blog/when-siblings-refuse-inheritance-registration,"index,follow",true,공동상속,상속등기|형제 상속|부산 법무사|해운대 법무사|센텀 법무사,other
/blog/when-to-consult-real-estate-registration-lawyer,200,/blog/when-to-consult-real-estate-registration-lawyer,"index,follow",true,부동산등기 상담,법무사|부산 법무사|해운대 법무사|센텀 법무사|다옴법무사사무소,other
/busan-legal-map,200,/busan-legal-map,"index,follow",true,부산 법률지도,해운대 법무사|센텀 법무사|상속등기|부동산등기|법인등기,other
/cases,200,/cases,"index,follow",false,부산 법무사 사례,상속등기 사례|부동산등기 사례|법인등기 사례|개인회생 사례|부산 법무사,other
/cases/busan-personal-rehabilitation-consultation,200,/cases/busan-personal-rehabilitation-consultation,"index,follow",false,다옴법무사사무소,,other
/cases/centum-ownership-transfer-case,200,/cases/centum-ownership-transfer-case,"index,follow",false,다옴법무사사무소,,other
/cases/dongnae-qualified-acceptance-consultation,200,/cases/dongnae-qualified-acceptance-consultation,"index,follow",false,다옴법무사사무소,,other
/cases/gijang-land-inheritance-case,200,/cases/gijang-land-inheritance-case,"index,follow",false,다옴법무사사무소,,other
/cases/haeundae-inheritance-registration-case,200,/cases/haeundae-inheritance-registration-case,"index,follow",false,다옴법무사사무소,,other
/cases/jaesong-inheritance-renunciation-consultation,200,/cases/jaesong-inheritance-renunciation-consultation,"index,follow",false,다옴법무사사무소,,other
/cases/suyeong-company-establishment-case,200,/cases/suyeong-company-establishment-case,"index,follow",false,다옴법무사사무소,,other
/cases/yeonje-director-change-case,200,/cases/yeonje-director-change-case,"index,follow",false,다옴법무사사무소,,other
/contact,200,/contact,"index,follow",true,해운대 법무사 상담,센텀 방문 예약|다옴법무사사무소,other
/contact/inquiry,200,/contact/inquiry,"index,follow",true,상담 신청,해운대 법무사 문의|다옴법무사사무소,other
/faq,200,/faq,"index,follow",true,상속등기 FAQ,부동산등기 FAQ|개인회생 FAQ|다옴법무사사무소,other
/faq/bankruptcy-discharge-faq,200,/faq/bankruptcy-discharge-faq,"index,follow",true,파산,FAQ|다옴법무사사무소|FAQ,other
/faq/bankruptcy-vs-rehabilitation-faq,200,/faq/bankruptcy-vs-rehabilitation-faq,"index,follow",true,파산,개인회생|FAQ|다옴법무사사무소|FAQ,other
/faq/capital-increase-registration-faq,200,/faq/capital-increase-registration-faq,"index,follow",true,유상증자,FAQ|전국|비대면|다옴법무사사무소|FAQ,other
/faq/company-establishment-documents-faq,200,/faq/company-establishment-documents-faq,"index,follow",true,법인설립,FAQ|전국|비대면|다옴법무사사무소|FAQ,other
/faq/corporate-address-change-faq,200,/faq/corporate-address-change-faq,"index,follow",true,본점이전,FAQ|전국|비대면|다옴법무사사무소|FAQ,other
/faq/director-change-deadline-faq,200,/faq/director-change-deadline-faq,"index,follow",true,임원변경,FAQ|전국|비대면|다옴법무사사무소|FAQ,other
/faq/gift-registration-faq,200,/faq/gift-registration-faq,"index,follow",true,증여,FAQ|다옴법무사사무소|FAQ,other
/faq/how-to-book-consultation-faq,200,/faq/how-to-book-consultation-faq,"index,follow",true,상담,FAQ|전국|비대면|다옴법무사사무소|FAQ,other
/faq/inheritance-registration-cost,200,/faq/inheritance-registration-cost,"index,follow",true,상속등기,FAQ|전국|비대면|다옴법무사사무소|FAQ,other
/faq/inheritance-registration-with-mortgage,200,/faq/inheritance-registration-with-mortgage,"index,follow",true,상속등기,FAQ|전국|비대면|다옴법무사사무소|FAQ,other
/faq/inheritance-renunciation-deadline,200,/faq/inheritance-renunciation-deadline,"index,follow",true,상속포기,FAQ|전국|비대면|다옴법무사사무소|FAQ,other
/faq/inheritance-renunciation-family-effect,200,/faq/inheritance-renunciation-family-effect,"index,follow",true,상속포기,FAQ|전국|비대면|다옴법무사사무소|FAQ,other
/faq/jeonse-registration-faq,200,/faq/jeonse-registration-faq,"index,follow",true,전세권,FAQ|다옴법무사사무소|FAQ,other
/faq/lawyer-fee-and-remote-faq,200,/faq/lawyer-fee-and-remote-faq,"index,follow",true,상담,FAQ|전국|비대면|다옴법무사사무소|FAQ,other
/faq/multiple-heirs-inheritance-registration,200,/faq/multiple-heirs-inheritance-registration,"index,follow",true,상속등기,FAQ|전국|비대면|다옴법무사사무소|FAQ,other
/faq/ownership-transfer-documents,200,/faq/ownership-transfer-documents,"index,follow",true,소유권이전등기,FAQ|다옴법무사사무소|FAQ,other
/faq/personal-rehabilitation-credit-faq,200,/faq/personal-rehabilitation-credit-faq,"index,follow",true,개인회생,FAQ|다옴법무사사무소|FAQ,other
/faq/personal-rehabilitation-documents-faq,200,/faq/personal-rehabilitation-documents-faq,"index,follow",true,개인회생,FAQ|다옴법무사사무소|FAQ,other
/faq/personal-rehabilitation-duration-faq,200,/faq/personal-rehabilitation-duration-faq,"index,follow",true,개인회생,FAQ|다옴법무사사무소|FAQ,other
/faq/personal-rehabilitation-eligibility-faq,200,/faq/personal-rehabilitation-eligibility-faq,"index,follow",true,개인회생,FAQ|다옴법무사사무소|FAQ,other
/faq/preservation-registration-faq,200,/faq/preservation-registration-faq,"index,follow",true,보존등기,신축건물|FAQ|다옴법무사사무소|FAQ,other
/faq/public-agency-registration-faq,200,/faq/public-agency-registration-faq,"index,follow",true,공공기관,공기업|FAQ|다옴법무사사무소|FAQ,other
/faq/qualified-acceptance-procedure,200,/faq/qualified-acceptance-procedure,"index,follow",true,한정승인,FAQ|전국|비대면|다옴법무사사무소|FAQ,other
/faq/qualified-acceptance-vs-simple-acceptance,200,/faq/qualified-acceptance-vs-simple-acceptance,"index,follow",true,한정승인,FAQ|전국|비대면|다옴법무사사무소|FAQ,other
/faq/real-estate-divorce-registration,200,/faq/real-estate-divorce-registration,"index,follow",true,이혼,FAQ|다옴법무사사무소|FAQ,other
/faq/renouncing-share-vs-full-renunciation,200,/faq/renouncing-share-vs-full-renunciation,"index,follow",true,상속포기,FAQ|전국|비대면|다옴법무사사무소|FAQ,other
/faq/what-is-inheritance-renunciation,200,/faq/what-is-inheritance-renunciation,"index,follow",true,상속포기,FAQ|전국|비대면|다옴법무사사무소|FAQ,other
/faq/what-is-qualified-acceptance,200,/faq/what-is-qualified-acceptance,"index,follow",true,한정승인,FAQ|전국|비대면|다옴법무사사무소|FAQ,other
/faq/when-to-choose-qualified-acceptance,200,/faq/when-to-choose-qualified-acceptance,"index,follow",true,한정승인,FAQ|전국|비대면|다옴법무사사무소|FAQ,other
/faq/when-to-file-inheritance-registration,200,/faq/when-to-file-inheritance-registration,"index,follow",true,상속등기,FAQ|전국|비대면|다옴법무사사무소|FAQ,other
/faq/who-can-file-bankruptcy-faq,200,/faq/who-can-file-bankruptcy-faq,"index,follow",true,파산,FAQ|다옴법무사사무소|FAQ,other
/faq/who-needs-inheritance-registration,200,/faq/who-needs-inheritance-registration,"index,follow",true,상속등기,FAQ|전국|비대면|다옴법무사사무소|FAQ,other
/glossary,200,/glossary,"index,follow",true,등기 용어,신청 용어,glossary
/glossary/acquisition-tax,200,/취득세,"noindex,follow",false,취득세,,glossary
/glossary/answer-brief,200,/glossary/answer-brief,"noindex,follow",false,답변서,,glossary
/glossary/attachment,200,/부산압류말소등기,"noindex,follow",false,압류,,glossary
/glossary/certified-mail,200,/내용증명작성준비,"noindex,follow",false,내용증명,,glossary
/glossary/company-establishment-registration,200,/부산법인설립등기,"noindex,follow",false,법인설립등기,,glossary
/glossary/complaint,200,/glossary/complaint,"noindex,follow",false,소장,,glossary
/glossary/director-change-registration,200,/부산임원변경등기,"noindex,follow",false,임원변경등기,,glossary
/glossary/discharge,200,/부산면책신청,"noindex,follow",false,면책,,glossary
/glossary/dissolution-registration,200,/부산법인해산청산등기,"noindex,follow",false,해산등기,,glossary
/glossary/head-office-move-registration,200,/부산본점이전등기,"noindex,follow",false,본점이전등기,,glossary
/glossary/inheritance-division-agreement,200,/상속재산분할협의서준비,"noindex,follow",false,상속재산분할협의서,,glossary
/glossary/inheritance-registration,200,/부산상속등기,"noindex,follow",false,상속등기,,glossary
/glossary/inheritance-renunciation,200,/부산상속포기,"noindex,follow",false,상속포기,,glossary
/glossary/jeonse-right,200,/glossary/jeonse-right,"noindex,follow",false,전세권,,glossary
/glossary/lease-registration-order,200,/부산임차권등기명령,"noindex,follow",false,임차권등기명령,,glossary
/glossary/legal-inheritance-order,200,/glossary/legal-inheritance-order,"noindex,follow",false,법정상속순위,,glossary
/glossary/liquidation-registration,200,/부산법인해산청산등기,"noindex,follow",false,청산등기,,glossary
/glossary/mortgage,200,/glossary/mortgage,"noindex,follow",false,근저당,,glossary
/glossary/ownership-preservation-registration,200,/미등기건물소유권보존등기,"noindex,follow",false,소유권보존등기,,glossary
/glossary/ownership-transfer-registration,200,/부산소유권이전등기,"noindex,follow",false,소유권이전등기,,glossary
/glossary/payment-order,200,/부산지방법원지급명령,"noindex,follow",false,지급명령,,glossary
/glossary/personal-bankruptcy,200,/부산개인파산,"noindex,follow",false,개인파산,,glossary
/glossary/personal-rehabilitation,200,/부산개인회생,"noindex,follow",false,개인회생,,glossary
/glossary/pledge,200,/glossary/pledge,"noindex,follow",false,질권,,glossary
/glossary/provisional-attachment,200,/부산가압류말소등기,"noindex,follow",false,가압류,,glossary
/glossary/purpose-change-registration,200,/부산사업목적변경등기,"noindex,follow",false,목적변경등기,,glossary
/glossary/qualified-acceptance,200,/부산한정승인,"noindex,follow",false,한정승인,,glossary
/glossary/registration-license-tax,200,/등록면허세,"noindex,follow",false,등록면허세,,glossary
/glossary/service-fee,200,/glossary/service-fee,"noindex,follow",false,송달료,,glossary
/glossary/special-qualified-acceptance,200,/특별한정승인,"noindex,follow",false,특별한정승인,,glossary
/glossary/stamp-duty,200,/glossary/stamp-duty,"noindex,follow",false,인지대,,glossary
/glossary/statutory-reserve-share,200,/유류분과상속등기,"noindex,follow",false,유류분,,glossary
/glossary/subrogation-inheritance,200,/대습상속등기,"noindex,follow",false,대습상속,,glossary
/location,200,/location,"index,follow",true,해운대 법무사,센텀 법무사|오시는 길|다옴법무사사무소,other
/media,200,/media,"index,follow",true,안윤정 법무사,부산 법무사|부산 법률 강의|언론보도|다옴법무사사무소,other
/media/beopryul-sinmun-bar-association-64th-general-assembly,200,/media/beopryul-sinmun-bar-association-64th-general-assembly,"index,follow",true,법률신문,안윤정 법무사|부산 법무사|언론보도,other
/media/busan-ilbo-bar-association-64th-general-assembly,200,/media/busan-ilbo-bar-association-64th-general-assembly,"index,follow",true,부산일보,안윤정 법무사|부산 법무사|언론보도,other
/media/busan-mbc-news-fuel-price-relief-expert,200,/media/busan-mbc-news-fuel-price-relief-expert,"index,follow",true,부산 MBC NEWS,안윤정 법무사|부산 법무사|언론보도,other
/media/kukinews-youth-budget-unboxing-2027,200,/media/kukinews-youth-budget-unboxing-2027,"index,follow",true,쿠키뉴스,안윤정 법무사|부산 법무사|언론보도,other
/media/kukje-sinmun-bar-association-64th-general-assembly,200,/media/kukje-sinmun-bar-association-64th-general-assembly,"index,follow",true,국제신문,안윤정 법무사|부산 법무사|언론보도,other
/media/weeklypeople-youth-judicial-scrivener-ahn,200,/media/weeklypeople-youth-judicial-scrivener-ahn,"index,follow",true,주간인물,안윤정 법무사|부산 법무사|언론보도,other
/office,200,/office,"index,follow",true,해운대 법무사,센텀 법무사|다옴법무사사무소,other
/partners,200,/partners,"index,follow",true,부산 법무사 협업문의,부산 복대리|부산 등기 협업|부산 집단등기|부동산 협력 법무사|공공기관 등기업무,other
/press,200,/press,"index,follow",false,다옴법무사사무소,,other
/press/beopryul-sinmun-bar-association-64th-general-assembly,200,/press/beopryul-sinmun-bar-association-64th-general-assembly,"index,follow",false,다옴법무사사무소,,other
/press/busan-ilbo-bar-association-64th-general-assembly,200,/press/busan-ilbo-bar-association-64th-general-assembly,"index,follow",false,다옴법무사사무소,,other
/press/busan-mbc-news-fuel-price-relief-expert,200,/press/busan-mbc-news-fuel-price-relief-expert,"index,follow",false,다옴법무사사무소,,other
/press/kukinews-youth-budget-unboxing-2027,200,/press/kukinews-youth-budget-unboxing-2027,"index,follow",false,다옴법무사사무소,,other
/press/kukje-sinmun-bar-association-64th-general-assembly,200,/press/kukje-sinmun-bar-association-64th-general-assembly,"index,follow",false,다옴법무사사무소,,other
/press/weeklypeople-youth-judicial-scrivener-ahn,200,/press/weeklypeople-youth-judicial-scrivener-ahn,"index,follow",false,다옴법무사사무소,,other
/reviews,200,/reviews,"index,follow",true,부산 법무사,해운대 법무사|고객후기|다옴법무사사무소,other
/search-guides,200,/search-guides,"index,follow",true,부산 법무사 추천,부산 법무사 비용|등기 복대리|집단등기|부산 개인회생|다옴법무사사무소,other
/services,200,/services,"index,follow",true,부산 상속등기,부산 부동산등기|부산 법인등기|부산 개인회생|부산 법무사,other
/services/bankruptcy,200,/services/bankruptcy,"index,follow",true,부산 파산,부산 법무사|해운대 법무사|파산,service
/services/cases/busan-personal-rehabilitation-consultation,200,/services/cases/busan-personal-rehabilitation-consultation,"index,follow",true,개인회생,부산|채무조정|다옴법무사사무소|상담 사례,service
/services/cases/centum-ownership-transfer-case,200,/services/cases/centum-ownership-transfer-case,"index,follow",true,소유권이전등기,센텀|부산 부동산등기|다옴법무사사무소|상담 사례,service
/services/cases/dongnae-qualified-acceptance-consultation,200,/services/cases/dongnae-qualified-acceptance-consultation,"index,follow",true,한정승인,동래구|부산 상속|다옴법무사사무소|상담 사례,service
/services/cases/gijang-land-inheritance-case,200,/services/cases/gijang-land-inheritance-case,"index,follow",true,상속등기,기장군|토지|다옴법무사사무소|상담 사례,service
/services/cases/haeundae-inheritance-registration-case,200,/services/cases/haeundae-inheritance-registration-case,"index,follow",true,상속등기,해운대|부산 상속등기|다옴법무사사무소|상담 사례,service
/services/cases/jaesong-inheritance-renunciation-consultation,200,/services/cases/jaesong-inheritance-renunciation-consultation,"index,follow",true,상속포기,재송동|부산 상속|다옴법무사사무소|상담 사례,service
/services/cases/suyeong-company-establishment-case,200,/services/cases/suyeong-company-establishment-case,"index,follow",true,법인설립,수영구|부산 법인등기|다옴법무사사무소|상담 사례,service
/services/cases/yeonje-director-change-case,200,/services/cases/yeonje-director-change-case,"index,follow",true,임원변경,연제구|부산 법인등기|다옴법무사사무소|상담 사례,service
/services/company-establishment,200,/services/company-establishment,"index,follow",true,부산 법인설립등기,부산 법무사|해운대 법무사|법인설립등기,service
/services/corporate-registration,200,/services/corporate-registration,"index,follow",true,부산 법인등기,부산 법무사|해운대 법무사|법인등기,service
/services/director-change,200,/services/director-change,"index,follow",true,부산 임원변경등기,부산 법무사|해운대 법무사|임원변경등기,service
/services/inheritance-registration,200,/services/inheritance-registration,"index,follow",true,부산 상속등기,부산 법무사|해운대 법무사|상속등기,service
/services/inheritance-renunciation,200,/services/inheritance-renunciation,"index,follow",true,부산 상속포기,부산 법무사|해운대 법무사|상속포기,service
/services/ownership-transfer,200,/services/ownership-transfer,"index,follow",true,부산 소유권이전등기,부산 법무사|해운대 법무사|소유권이전등기,service
/services/personal-rehabilitation,200,/services/personal-rehabilitation,"index,follow",true,부산 개인회생,부산 법무사|해운대 법무사|개인회생,service
/services/qualified-acceptance,200,/services/qualified-acceptance,"index,follow",true,부산 한정승인,부산 법무사|해운대 법무사|한정승인,service
/services/real-estate-registration,200,/services/real-estate-registration,"index,follow",true,부산 부동산등기,부산 법무사|해운대 법무사|부동산등기,service
/situations,200,/situations,"index,follow",true,상황별 법률문제,법률 상담|상속|전세|개인회생|채권회수,other
/situations/개인회생-가능-여부,200,/situations/개인회생-가능-여부,"index,follow",true,개인회생 가능한지 확인,개인회생 가능 여부|개인채무·회생·파산,rehab
/situations/계약금-반환-분쟁,200,/situations/계약금-반환-분쟁,"index,follow",true,계약금 반환 분쟁,계약금 반환 분쟁|계약·일상 분쟁,other
/situations/공동명의-정리,200,/situations/공동명의-정리,"index,follow",true,부동산 공동명의 정리,공동명의 부동산 정리|부동산 매매·증여·등기,other
/situations/공사대금-못-받음,200,/situations/공사대금-못-받음,"index,follow",true,공사대금·용역비 미수,공사대금 못 받을 때|돈을 받지 못한 경우,other
/situations/근저당-말소-지연,200,/situations/근저당-말소-지연,"index,follow",true,근저당 말소가 지연될 때,근저당 말소 지연|부동산 매매·증여·등기,real-estate
/situations/급여-압류-빚,200,/situations/급여-압류-빚,"index,follow",true,급여가 압류됐을 때,급여 압류 대응|개인채무·회생·파산,other
/situations/내용증명-받았을-때,200,/situations/내용증명-받았을-때,"index,follow",true,내용증명을 받았을 때,내용증명 받았을 때 대응|계약·일상 분쟁,other
/situations/대여금-못-받음,200,/situations/대여금-못-받음,"index,follow",true,빌려준 돈을 못 받을 때,대여금 못 받을 때|돈을 받지 못한 경우,other
/situations/대표자-사망-법인,200,/situations/대표자-사망-법인,"index,follow",true,대표자 사망 후 법인,대표자 사망 법인|법인·사업 운영,corporate
/situations/법인-설립-처음,200,/situations/법인-설립-처음,"index,follow",true,법인 설립 처음,법인 설립 처음|법인·사업 운영,corporate
/situations/보증채무-부담,200,/situations/보증채무-부담,"index,follow",true,보증으로 생긴 빚,보증채무 대응|개인채무·회생·파산,other
/situations/본점-이전-등기,200,/situations/본점-이전-등기,"index,follow",true,법인 본점 이전 등기,법인 본점 이전 등기|법인·사업 운영,corporate
/situations/분류/가족-사망-상속,200,/situations/분류/가족-사망-상속,"index,follow",true,가족 사망·상속,상속|상황별 법률문제,inheritance
/situations/분류/개인채무-회생-파산,200,/situations/분류/개인채무-회생-파산,"index,follow",true,개인채무·회생·파산,채무|상황별 법률문제,rehab
/situations/분류/계약-일상-분쟁,200,/situations/분류/계약-일상-분쟁,"index,follow",true,계약·일상 분쟁,계약분쟁|상황별 법률문제,other
/situations/분류/돈을-받지-못한-경우,200,/situations/분류/돈을-받지-못한-경우,"index,follow",true,돈을 받지 못한 경우,채권회수|상황별 법률문제,other
/situations/분류/법인-사업-운영,200,/situations/분류/법인-사업-운영,"index,follow",true,법인·사업 운영,법인|상황별 법률문제,corporate
/situations/분류/부동산-매매-증여-등기,200,/situations/분류/부동산-매매-증여-등기,"index,follow",true,부동산 매매·증여·등기,부동산등기|상황별 법률문제,real-estate
/situations/분류/전세-임대차-보증금,200,/situations/분류/전세-임대차-보증금,"index,follow",true,전세·임대차·보증금,전세|상황별 법률문제,real-estate
/situations/빚-감당-어려울-때,200,/situations/빚-감당-어려울-때,"index,follow",true,빚이 감당이 안 될 때,빚 감당 어려울 때|개인채무·회생·파산,other
/situations/상속-후-첫-절차,200,/situations/상속-후-첫-절차,"index,follow",true,상속 후 무엇을 먼저?,상속 후 첫 절차|가족 사망·상속,inheritance
/situations/상속등기-지연-과태료,200,/situations/상속등기-지연-과태료,"index,follow",true,상속등기 미루면 과태료,상속등기 지연 과태료|가족 사망·상속,inheritance
/situations/상속재산-조회,200,/situations/상속재산-조회,"index,follow",true,상속재산이 뭔지 모를 때,상속재산 조회 방법|가족 사망·상속,inheritance
/situations/상속포기-한정승인-선택,200,/situations/상속포기-한정승인-선택,"index,follow",true,상속포기 vs 한정승인,상속포기 한정승인 선택|가족 사망·상속,inheritance
/situations/셀프등기-실수,200,/situations/셀프등기-실수,"index,follow",true,셀프등기 실수·보정,셀프등기 실수 보정|부동산 매매·증여·등기,other
/situations/손해배상-청구,200,/situations/손해배상-청구,"index,follow",true,손해배상 청구·피청구,손해배상 청구|계약·일상 분쟁,other
/situations/임원-임기-만료,200,/situations/임원-임기-만료,"index,follow",true,법인 임원 임기 만료,임원 임기 만료 등기|법인·사업 운영,corporate
/situations/임원변경-기한-임박,200,/situations/임원변경-기한-임박,"index,follow",true,임원변경 기한 임박,임원변경 등기 기한 임박|법인·사업 운영,corporate
/situations/임차권등기명령-필요할-때,200,/situations/임차권등기명령-필요할-때,"index,follow",true,임차권등기명령이 필요할 때,임차권등기명령 필요 시점|전세·임대차·보증금,other
/situations/잔금-후-소유권이전-거부,200,/situations/잔금-후-소유권이전-거부,"index,follow",true,잔금 후 등기 협조 거부,잔금 후 소유권이전 거부|부동산 매매·증여·등기,real-estate
/situations/잔금일-소유권이전,200,/situations/잔금일-소유권이전,"index,follow",true,잔금일 소유권이전,잔금일 소유권이전등기|부동산 매매·증여·등기,real-estate
/situations/전세-경매-진행,200,/situations/전세-경매-진행,"index,follow",true,전세 집 경매가 진행될 때,전세 경매 진행 대응|전세·임대차·보증금,real-estate
/situations/전입신고-확정일자-없음,200,/situations/전입신고-확정일자-없음,"index,follow",true,전입신고·확정일자 안 했을 때,전입신고 확정일자 없을 때|전세·임대차·보증금,other
/situations/중고거래-분쟁,200,/situations/중고거래-분쟁,"index,follow",true,중고거래·직거래 분쟁,중고거래 분쟁|계약·일상 분쟁,other
/situations/집주인-연락-두절,200,/situations/집주인-연락-두절,"index,follow",true,집주인 연락이 안 될 때,전세 집주인 연락두절|전세·임대차·보증금,other
/situations/채무자-재산-모름,200,/situations/채무자-재산-모름,"index,follow",true,채무자 재산을 모를 때,채무자 재산 조회|돈을 받지 못한 경우,other
/situations/판결-후-강제집행,200,/situations/판결-후-강제집행,"index,follow",true,판결 후 돈 안 들어올 때,판결 후 강제집행|돈을 받지 못한 경우,other
/situations/해외-거주-상속인,200,/situations/해외-거주-상속인,"index,follow",true,해외 거주 상속인,해외 거주 상속인 등기|가족 사망·상속,inheritance
/situations/회생-파산-선택-고민,200,/situations/회생-파산-선택-고민,"index,follow",true,회생 vs 파산 고민,개인회생 파산 선택|개인채무·회생·파산,rehab
/situations/corporate-officer-address-change,200,/situations/corporate-officer-address-change,"index,follow",true,법인 임원·주소·본점 변경,임기 만료·과태료·등기 누락|법인·사업 운영,other
/situations/inheritance-unknown-debt,200,/situations/inheritance-unknown-debt,"index,follow",true,빚이 있는지 모르는 상속 문제,채무 조사·한정승인·포기 판단|가족 사망·상속,other
/situations/jeonse-deposit-unpaid,200,/situations/jeonse-deposit-unpaid,"index,follow",true,전세보증금을 못 받았을 때,임차권등기·내용증명·배당|전세·임대차·보증금,other
/situations/parent-passed-away,200,/situations/parent-passed-away,"index,follow",true,부모님이 돌아가셨을 때,"상속인 확인, 등기 기한, 서류부터 정리|가족 사망·상속",other
/situations/payment-order-certified-mail,200,/situations/payment-order-certified-mail,"index,follow",true,지급명령·내용증명·소장,채권 회수·분쟁 기록 남기기|돈을 받지 못한 경우,other
/situations/personal-rehabilitation-bankruptcy,200,/situations/personal-rehabilitation-bankruptcy,"index,follow",true,개인회생·파산 고민,채무 정리·신청 자격·절차|개인채무·회생·파산,other
/situations/real-estate-sale-registration,200,/situations/real-estate-sale-registration,"index,follow",true,부동산 매매 후 등기 문제,소유권이전·말소·지연 대응|부동산 매매·증여·등기,other
/situations/siblings-not-cooperating,200,/situations/siblings-not-cooperating,"index,follow",true,형제자매가 상속 협조를 안 할 때,연락 두절·의견 불일치 대응|가족 사망·상속,other
/tools,200,/tools,"index,follow",true,법률 계산기,상속등기 기한|상속포기 3개월|한정승인 기간|법인등기 과태료|부산 법무사,other
/tools/director-change-penalty-deadline,200,/tools/director-change-penalty-deadline,"index,follow",true,임원변경등기 기한,법인등기 과태료|법인등기|부산 법무사,other
/tools/head-office-move-deadline,200,/tools/head-office-move-deadline,"index,follow",true,본점이전등기 기간,본점이전등기|법인등기|부산 법무사,other
/tools/inheritance-registration-deadline,200,/tools/inheritance-registration-deadline,"index,follow",true,상속등기 기한,상속등기 기간|부산 법무사|상속포기 3개월,other
/tools/inheritance-renunciation-deadline,200,/tools/inheritance-renunciation-deadline,"index,follow",true,상속포기 3개월,한정승인 기간|한정승인 기한|부산 법무사,other
/tools/jeonse-deposit-timeline,200,/tools/jeonse-deposit-timeline,"index,follow",true,전세보증금,임차권등기명령|부산 법무사,other
/tools/payment-order-fee-check,200,/tools/payment-order-fee-check,"index,follow",true,지급명령,부산 법무사|채권회수,other
/tools/real-estate-documents-check,200,/tools/real-estate-documents-check,"index,follow",true,부동산등기,소유권이전등기|부산 법무사,other
/tools/rehab-income-debt-check,200,/tools/rehab-income-debt-check,"index,follow",true,개인회생,부산 법무사|개인파산,other
