ROUTE,FILE,IN_SITEMAP,ROBOTS,INDEXABLE,CANONICAL_SELF,INBOUND_MAIN,INBOUND_ALL
/1분간편상담,out/1분간편상담.html,true,"index, follow",true,true,1,1
/about,out/about.html,true,"index, follow",true,true,3710,7448
/blog/bankruptcy-vs-discharge-difference,out/blog/bankruptcy-vs-discharge-difference.html,true,"index, follow",true,true,26,26
/blog/bankruptcy-vs-personal-rehabilitation,out/blog/bankruptcy-vs-personal-rehabilitation.html,true,"index, follow",true,true,8,8
/blog/busan-company-establishment-documents,out/blog/busan-company-establishment-documents.html,true,"index, follow",true,true,1,1
/blog/busan-inheritance-consultation-prep,out/blog/busan-inheritance-consultation-prep.html,true,"index, follow",true,true,1,1
/blog/busan-inheritance-registration-procedure-documents,out/blog/busan-inheritance-registration-procedure-documents.html,true,"index, follow",true,true,5,5
/blog/busan-lawyer-consultation-documents,out/blog/busan-lawyer-consultation-documents.html,true,"index, follow",true,true,3,3
/blog/busan-lawyer-jurisdiction-checklist,out/blog/busan-lawyer-jurisdiction-checklist.html,true,"index, follow",true,true,129,129
/blog/busan-lawyer-recommend-office-consult,out/blog/busan-lawyer-recommend-office-consult.html,true,"index, follow",true,true,141,141
/blog/busan-real-estate-registration-documents,out/blog/busan-real-estate-registration-documents.html,true,"index, follow",true,true,1,1
/blog/business-owner-rehabilitation-pre-check,out/blog/business-owner-rehabilitation-pre-check.html,true,"index, follow",true,true,1,1
/blog/centum-lawyer-visit-day-flow,out/blog/centum-lawyer-visit-day-flow.html,true,"index, follow",true,true,94,94
/blog/ceo-address-change-registration,out/blog/ceo-address-change-registration.html,true,"index, follow",true,true,1,1
/blog/certified-mail-before-sending,out/blog/certified-mail-before-sending.html,true,"index, follow",true,true,12,12
/blog/company-establishment-registration-checklist,out/blog/company-establishment-registration-checklist.html,true,"index, follow",true,true,4,4
/blog/complaint-filing-required-materials,out/blog/complaint-filing-required-materials.html,true,"index, follow",true,true,2,2
/blog/corporate-name-change-registration,out/blog/corporate-name-change-registration.html,true,"index, follow",true,true,1,1
/blog/corporate-purpose-change-registration,out/blog/corporate-purpose-change-registration.html,true,"index, follow",true,true,2,2
/blog/corporate-registration-penalty-cases,out/blog/corporate-registration-penalty-cases.html,true,"index, follow",true,true,1,1
/blog/debt-collection-response-guide,out/blog/debt-collection-response-guide.html,true,"index, follow",true,true,1,1
/blog/delayed-ownership-transfer-after-balance,out/blog/delayed-ownership-transfer-after-balance.html,true,"index, follow",true,true,3,3
/blog/delaying-inheritance-registration-risks,out/blog/delaying-inheritance-registration-risks.html,true,"index, follow",true,true,20,20
/blog/director-change-registration-deadline-guide,out/blog/director-change-registration-deadline-guide.html,true,"index, follow",true,true,1,1
/blog/director-change-registration-deadline-penalty,out/blog/director-change-registration-deadline-penalty.html,true,"index, follow",true,true,5,5
/blog/external/224323008309,out/blog/external/224323008309.html,false,"noindex, follow",false,false,0,0
/blog/external/224324132853,out/blog/external/224324132853.html,false,"noindex, follow",false,false,0,0
/blog/external/224325288121,out/blog/external/224325288121.html,false,"noindex, follow",false,false,0,0
/blog/external/224326475676,out/blog/external/224326475676.html,false,"noindex, follow",false,false,0,0
/blog/external/224327594579,out/blog/external/224327594579.html,false,"noindex, follow",false,false,0,0
/blog/external/224328572114,out/blog/external/224328572114.html,false,"noindex, follow",false,false,0,0
/blog/external/224328590968,out/blog/external/224328590968.html,false,"noindex, follow",false,false,0,0
/blog/external/224328626727,out/blog/external/224328626727.html,false,"noindex, follow",false,false,0,0
/blog/gift-registration-pre-check,out/blog/gift-registration-pre-check.html,true,"index, follow",true,true,1,1
/blog/head-office-move-in-out-district,out/blog/head-office-move-in-out-district.html,true,"index, follow",true,true,1,1
/blog/how-to-check-deceased-parent-debt,out/blog/how-to-check-deceased-parent-debt.html,true,"index, follow",true,true,1,1
/blog/inheritance-division-agreement-cautions,out/blog/inheritance-division-agreement-cautions.html,true,"index, follow",true,true,1,1
/blog/inheritance-registration-documents-checklist,out/blog/inheritance-registration-documents-checklist.html,true,"index, follow",true,true,1,1
/blog/inheritance-registration-priority-after-parent-death,out/blog/inheritance-registration-priority-after-parent-death.html,true,"index, follow",true,true,1,1
/blog/inheritance-renunciation-vs-qualified-acceptance,out/blog/inheritance-renunciation-vs-qualified-acceptance.html,true,"index, follow",true,true,46,46
/blog/jeonse-deposit-return-certified-mail,out/blog/jeonse-deposit-return-certified-mail.html,true,"index, follow",true,true,7,7
/blog/jeonse-right-cancellation-procedure,out/blog/jeonse-right-cancellation-procedure.html,true,"index, follow",true,true,2,2
/blog/jeonse-right-vs-lease-registration-order,out/blog/jeonse-right-vs-lease-registration-order.html,true,"index, follow",true,true,6,6
/blog/joint-ownership-registration-cautions,out/blog/joint-ownership-registration-cautions.html,true,"index, follow",true,true,2,2
/blog/loan-repayment-claim-documents,out/blog/loan-repayment-claim-documents.html,true,"index, follow",true,true,3,3
/blog/minor-heir-inheritance-guide,out/blog/minor-heir-inheritance-guide.html,true,"index, follow",true,true,2,2
/blog/missed-director-term-expiry,out/blog/missed-director-term-expiry.html,true,"index, follow",true,true,1,1
/blog/mortgage-cancellation-risks,out/blog/mortgage-cancellation-risks.html,true,"index, follow",true,true,1,1
/blog/new-apartment-ownership-transfer,out/blog/new-apartment-ownership-transfer.html,true,"index, follow",true,true,1,1
/blog/one-person-company-establishment-checklist,out/blog/one-person-company-establishment-checklist.html,true,"index, follow",true,true,2,2
/blog/overseas-heir-inheritance-busan,out/blog/overseas-heir-inheritance-busan.html,true,"index, follow",true,true,4,4
/blog/payment-order-application-pre-check,out/blog/payment-order-application-pre-check.html,true,"index, follow",true,true,4,4
/blog/personal-rehabilitation-before-application,out/blog/personal-rehabilitation-before-application.html,true,"index, follow",true,true,22,22
/blog/personal-rehabilitation-consultation-documents,out/blog/personal-rehabilitation-consultation-documents.html,true,"index, follow",true,true,2,2
/blog/real-estate-ownership-transfer-procedure,out/blog/real-estate-ownership-transfer-procedure.html,true,"index, follow",true,true,6,6
/blog/salaried-worker-rehabilitation-eligibility,out/blog/salaried-worker-rehabilitation-eligibility.html,true,"index, follow",true,true,1,1
/blog/startup-corporate-registration-checklist,out/blog/startup-corporate-registration-checklist.html,true,"index, follow",true,true,84,84
/blog/three-months-after-death-inheritance,out/blog/three-months-after-death-inheritance.html,true,"index, follow",true,true,3,3
/blog/when-jeonse-right-registration-needed,out/blog/when-jeonse-right-registration-needed.html,true,"index, follow",true,true,4,4
/blog/when-seller-withholds-registration-documents,out/blog/when-seller-withholds-registration-documents.html,true,"index, follow",true,true,2,2
/blog/when-siblings-refuse-inheritance-registration,out/blog/when-siblings-refuse-inheritance-registration.html,true,"index, follow",true,true,1,1
/blog/when-to-consult-real-estate-registration-lawyer,out/blog/when-to-consult-real-estate-registration-lawyer.html,true,"index, follow",true,true,85,85
/blog,out/blog.html,true,"index, follow",true,true,162,3900
/busan-legal-map,out/busan-legal-map.html,true,"index, follow",true,true,98,3853
/cases/busan-personal-rehabilitation-consultation,out/cases/busan-personal-rehabilitation-consultation.html,false,"noindex, follow",false,false,0,0
/cases/centum-ownership-transfer-case,out/cases/centum-ownership-transfer-case.html,false,"noindex, follow",false,false,0,0
/cases/dongnae-qualified-acceptance-consultation,out/cases/dongnae-qualified-acceptance-consultation.html,false,"noindex, follow",false,false,0,0
/cases/gijang-land-inheritance-case,out/cases/gijang-land-inheritance-case.html,false,"noindex, follow",false,false,0,0
/cases/haeundae-inheritance-registration-case,out/cases/haeundae-inheritance-registration-case.html,false,"noindex, follow",false,false,0,0
/cases/jaesong-inheritance-renunciation-consultation,out/cases/jaesong-inheritance-renunciation-consultation.html,false,"noindex, follow",false,false,0,0
/cases/suyeong-company-establishment-case,out/cases/suyeong-company-establishment-case.html,false,"noindex, follow",false,false,0,0
/cases/yeonje-director-change-case,out/cases/yeonje-director-change-case.html,false,"noindex, follow",false,false,0,0
/cases,out/cases.html,false,"index, follow",true,true,0,0
/contact/inquiry,out/contact/inquiry.html,true,"index, follow",true,true,1600,1600
/contact,out/contact.html,true,"index, follow",true,true,4643,10250
/faq/bankruptcy-discharge-faq,out/faq/bankruptcy-discharge-faq.html,true,"index, follow",true,true,24,24
/faq/bankruptcy-vs-rehabilitation-faq,out/faq/bankruptcy-vs-rehabilitation-faq.html,true,"index, follow",true,true,55,55
/faq/capital-increase-registration-faq,out/faq/capital-increase-registration-faq.html,true,"index, follow",true,true,49,49
/faq/company-establishment-documents-faq,out/faq/company-establishment-documents-faq.html,true,"index, follow",true,true,62,62
/faq/corporate-address-change-faq,out/faq/corporate-address-change-faq.html,true,"index, follow",true,true,61,61
/faq/director-change-deadline-faq,out/faq/director-change-deadline-faq.html,true,"index, follow",true,true,41,41
/faq/gift-registration-faq,out/faq/gift-registration-faq.html,true,"index, follow",true,true,62,62
/faq/how-to-book-consultation-faq,out/faq/how-to-book-consultation-faq.html,true,"index, follow",true,true,29,29
/faq/inheritance-registration-cost,out/faq/inheritance-registration-cost.html,true,"index, follow",true,true,123,123
/faq/inheritance-registration-with-mortgage,out/faq/inheritance-registration-with-mortgage.html,true,"index, follow",true,true,92,92
/faq/inheritance-renunciation-deadline,out/faq/inheritance-renunciation-deadline.html,true,"index, follow",true,true,38,38
/faq/inheritance-renunciation-family-effect,out/faq/inheritance-renunciation-family-effect.html,true,"index, follow",true,true,29,29
/faq/jeonse-registration-faq,out/faq/jeonse-registration-faq.html,true,"index, follow",true,true,123,123
/faq/lawyer-fee-and-remote-faq,out/faq/lawyer-fee-and-remote-faq.html,true,"index, follow",true,true,60,60
/faq/multiple-heirs-inheritance-registration,out/faq/multiple-heirs-inheritance-registration.html,true,"index, follow",true,true,22,22
/faq/ownership-transfer-documents,out/faq/ownership-transfer-documents.html,true,"index, follow",true,true,181,181
/faq/personal-rehabilitation-credit-faq,out/faq/personal-rehabilitation-credit-faq.html,true,"index, follow",true,true,8,8
/faq/personal-rehabilitation-documents-faq,out/faq/personal-rehabilitation-documents-faq.html,true,"index, follow",true,true,63,63
/faq/personal-rehabilitation-duration-faq,out/faq/personal-rehabilitation-duration-faq.html,true,"index, follow",true,true,60,60
/faq/personal-rehabilitation-eligibility-faq,out/faq/personal-rehabilitation-eligibility-faq.html,true,"index, follow",true,true,82,82
/faq/preservation-registration-faq,out/faq/preservation-registration-faq.html,true,"index, follow",true,true,158,158
/faq/public-agency-registration-faq,out/faq/public-agency-registration-faq.html,true,"index, follow",true,true,52,52
/faq/qualified-acceptance-procedure,out/faq/qualified-acceptance-procedure.html,true,"index, follow",true,true,40,40
/faq/qualified-acceptance-vs-simple-acceptance,out/faq/qualified-acceptance-vs-simple-acceptance.html,true,"index, follow",true,true,16,16
/faq/real-estate-divorce-registration,out/faq/real-estate-divorce-registration.html,true,"index, follow",true,true,155,155
/faq/renouncing-share-vs-full-renunciation,out/faq/renouncing-share-vs-full-renunciation.html,true,"index, follow",true,true,15,15
/faq/what-is-inheritance-renunciation,out/faq/what-is-inheritance-renunciation.html,true,"index, follow",true,true,36,36
/faq/what-is-qualified-acceptance,out/faq/what-is-qualified-acceptance.html,true,"index, follow",true,true,11,11
/faq/when-to-choose-qualified-acceptance,out/faq/when-to-choose-qualified-acceptance.html,true,"index, follow",true,true,39,39
/faq/when-to-file-inheritance-registration,out/faq/when-to-file-inheritance-registration.html,true,"index, follow",true,true,78,78
/faq/who-can-file-bankruptcy-faq,out/faq/who-can-file-bankruptcy-faq.html,true,"index, follow",true,true,29,29
/faq/who-needs-inheritance-registration,out/faq/who-needs-inheritance-registration.html,true,"index, follow",true,true,95,95
/faq,out/faq.html,true,"index, follow",true,true,534,6141
/glossary/acquisition-tax,out/glossary/acquisition-tax.html,false,"noindex, follow",false,false,54,54
/glossary/answer-brief,out/glossary/answer-brief.html,false,"noindex, follow",false,true,6,6
/glossary/attachment,out/glossary/attachment.html,false,"noindex, follow",false,false,1,1
/glossary/certified-mail,out/glossary/certified-mail.html,false,"noindex, follow",false,false,8,8
/glossary/company-establishment-registration,out/glossary/company-establishment-registration.html,false,"noindex, follow",false,false,27,27
/glossary/complaint,out/glossary/complaint.html,false,"noindex, follow",false,true,3,3
/glossary/director-change-registration,out/glossary/director-change-registration.html,false,"noindex, follow",false,false,12,12
/glossary/discharge,out/glossary/discharge.html,false,"noindex, follow",false,false,48,48
/glossary/dissolution-registration,out/glossary/dissolution-registration.html,false,"noindex, follow",false,false,3,3
/glossary/head-office-move-registration,out/glossary/head-office-move-registration.html,false,"noindex, follow",false,false,34,34
/glossary/inheritance-division-agreement,out/glossary/inheritance-division-agreement.html,false,"noindex, follow",false,false,4,4
/glossary/inheritance-registration,out/glossary/inheritance-registration.html,false,"noindex, follow",false,false,14,14
/glossary/inheritance-renunciation,out/glossary/inheritance-renunciation.html,false,"noindex, follow",false,false,17,17
/glossary/jeonse-right,out/glossary/jeonse-right.html,false,"noindex, follow",false,true,8,8
/glossary/lease-registration-order,out/glossary/lease-registration-order.html,false,"noindex, follow",false,false,102,102
/glossary/legal-inheritance-order,out/glossary/legal-inheritance-order.html,false,"noindex, follow",false,true,3,3
/glossary/liquidation-registration,out/glossary/liquidation-registration.html,false,"noindex, follow",false,false,17,17
/glossary/mortgage,out/glossary/mortgage.html,false,"noindex, follow",false,true,150,150
/glossary/ownership-preservation-registration,out/glossary/ownership-preservation-registration.html,false,"noindex, follow",false,false,152,152
/glossary/ownership-transfer-registration,out/glossary/ownership-transfer-registration.html,false,"noindex, follow",false,false,149,149
/glossary/payment-order,out/glossary/payment-order.html,false,"noindex, follow",false,false,5,5
/glossary/personal-bankruptcy,out/glossary/personal-bankruptcy.html,false,"noindex, follow",false,false,48,48
/glossary/personal-rehabilitation,out/glossary/personal-rehabilitation.html,false,"noindex, follow",false,false,49,49
/glossary/pledge,out/glossary/pledge.html,false,"noindex, follow",false,true,0,0
/glossary/provisional-attachment,out/glossary/provisional-attachment.html,false,"noindex, follow",false,false,9,9
/glossary/purpose-change-registration,out/glossary/purpose-change-registration.html,false,"noindex, follow",false,false,50,50
/glossary/qualified-acceptance,out/glossary/qualified-acceptance.html,false,"noindex, follow",false,false,7,7
/glossary/registration-license-tax,out/glossary/registration-license-tax.html,false,"noindex, follow",false,false,5,5
/glossary/service-fee,out/glossary/service-fee.html,false,"noindex, follow",false,true,3,3
/glossary/special-qualified-acceptance,out/glossary/special-qualified-acceptance.html,false,"noindex, follow",false,false,12,12
/glossary/stamp-duty,out/glossary/stamp-duty.html,false,"noindex, follow",false,true,0,0
/glossary/statutory-reserve-share,out/glossary/statutory-reserve-share.html,false,"noindex, follow",false,false,1,1
/glossary/subrogation-inheritance,out/glossary/subrogation-inheritance.html,false,"noindex, follow",false,false,62,62
/glossary,out/glossary.html,true,"index, follow",true,true,118,3856
/googlee2ec15533e61c1d2,out/googlee2ec15533e61c1d2.html,false,,true,false,0,0
/,out/index.html,true,"index, follow",true,true,1854,3799
/location,out/location.html,true,"index, follow",true,true,1437,5175
/media/beopryul-sinmun-bar-association-64th-general-assembly,out/media/beopryul-sinmun-bar-association-64th-general-assembly.html,true,"index, follow",true,true,4,4
/media/busan-ilbo-bar-association-64th-general-assembly,out/media/busan-ilbo-bar-association-64th-general-assembly.html,true,"index, follow",true,true,4,4
/media/busan-mbc-news-fuel-price-relief-expert,out/media/busan-mbc-news-fuel-price-relief-expert.html,false,"index, follow",true,true,4,4
/media/kukinews-youth-budget-unboxing-2027,out/media/kukinews-youth-budget-unboxing-2027.html,false,"index, follow",true,true,4,4
/media/kukje-sinmun-bar-association-64th-general-assembly,out/media/kukje-sinmun-bar-association-64th-general-assembly.html,true,"index, follow",true,true,4,4
/media/sentv-trend-hot-issue-ahn-yoonjung,out/media/sentv-trend-hot-issue-ahn-yoonjung.html,true,"index, follow",true,true,5,5
/media/weeklypeople-youth-judicial-scrivener-ahn,out/media/weeklypeople-youth-judicial-scrivener-ahn.html,false,"index, follow",true,true,4,4
/media,out/media.html,true,"index, follow",true,true,1846,5584
/notices/view,out/notices/view.html,false,"noindex, follow",false,false,0,0
/notices,out/notices.html,false,"index, follow",true,false,0,0
/office,out/office.html,true,"index, follow",true,true,16,3754
/partners,out/partners.html,true,"index, follow",true,true,69,7545
/press/beopryul-sinmun-bar-association-64th-general-assembly,out/press/beopryul-sinmun-bar-association-64th-general-assembly.html,false,"noindex, follow",false,false,0,0
/press/busan-ilbo-bar-association-64th-general-assembly,out/press/busan-ilbo-bar-association-64th-general-assembly.html,false,"noindex, follow",false,false,0,0
/press/busan-mbc-news-fuel-price-relief-expert,out/press/busan-mbc-news-fuel-price-relief-expert.html,false,"noindex, follow",false,false,0,0
/press/kukinews-youth-budget-unboxing-2027,out/press/kukinews-youth-budget-unboxing-2027.html,false,"noindex, follow",false,false,0,0
/press/kukje-sinmun-bar-association-64th-general-assembly,out/press/kukje-sinmun-bar-association-64th-general-assembly.html,false,"noindex, follow",false,false,0,0
/press/sentv-trend-hot-issue-ahn-yoonjung,out/press/sentv-trend-hot-issue-ahn-yoonjung.html,false,"noindex, follow",false,false,0,0
/press/weeklypeople-youth-judicial-scrivener-ahn,out/press/weeklypeople-youth-judicial-scrivener-ahn.html,false,"noindex, follow",false,false,0,0
/press,out/press.html,false,"noindex, follow",false,false,0,0
/privacy,out/privacy.html,false,"index, follow",true,false,0,0
/reviews,out/reviews.html,true,"index, follow",true,true,4,3742
/search-guides,out/search-guides.html,true,"index, follow",true,true,235,236
/search,out/search.html,false,"noindex, follow",false,true,0,0
/services/bankruptcy,out/services/bankruptcy.html,true,"index, follow",true,true,79,79
/services/cases/busan-personal-rehabilitation-consultation,out/services/cases/busan-personal-rehabilitation-consultation.html,true,"index, follow",true,true,150,150
/services/cases/centum-ownership-transfer-case,out/services/cases/centum-ownership-transfer-case.html,true,"index, follow",true,true,238,238
/services/cases/dongnae-qualified-acceptance-consultation,out/services/cases/dongnae-qualified-acceptance-consultation.html,true,"index, follow",true,true,147,147
/services/cases/gijang-land-inheritance-case,out/services/cases/gijang-land-inheritance-case.html,true,"index, follow",true,true,134,134
/services/cases/haeundae-inheritance-registration-case,out/services/cases/haeundae-inheritance-registration-case.html,true,"index, follow",true,true,139,139
/services/cases/jaesong-inheritance-renunciation-consultation,out/services/cases/jaesong-inheritance-renunciation-consultation.html,true,"index, follow",true,true,145,145
/services/cases/suyeong-company-establishment-case,out/services/cases/suyeong-company-establishment-case.html,true,"index, follow",true,true,128,128
/services/cases/yeonje-director-change-case,out/services/cases/yeonje-director-change-case.html,true,"index, follow",true,true,64,64
/services/company-establishment,out/services/company-establishment.html,true,"index, follow",true,true,1242,1242
/services/corporate-registration,out/services/corporate-registration.html,true,"index, follow",true,true,1355,1355
/services/director-change,out/services/director-change.html,true,"index, follow",true,true,66,66
/services/inheritance-registration,out/services/inheritance-registration.html,true,"index, follow",true,true,1324,1324
/services/inheritance-renunciation,out/services/inheritance-renunciation.html,true,"index, follow",true,true,1240,1240
/services/ownership-transfer,out/services/ownership-transfer.html,true,"index, follow",true,true,1372,1372
/services/personal-rehabilitation,out/services/personal-rehabilitation.html,true,"index, follow",true,true,118,118
/services/qualified-acceptance,out/services/qualified-acceptance.html,true,"index, follow",true,true,1247,1247
/services/real-estate-registration,out/services/real-estate-registration.html,true,"index, follow",true,true,1469,1469
/services,out/services.html,true,"index, follow",true,true,1686,5424
/situations/corporate-officer-address-change,out/situations/corporate-officer-address-change.html,true,"index, follow",true,true,15,15
/situations/inheritance-unknown-debt,out/situations/inheritance-unknown-debt.html,true,"index, follow",true,true,14,14
/situations/jeonse-deposit-unpaid,out/situations/jeonse-deposit-unpaid.html,true,"index, follow",true,true,18,18
/situations/parent-passed-away,out/situations/parent-passed-away.html,true,"index, follow",true,true,27,27
/situations/payment-order-certified-mail,out/situations/payment-order-certified-mail.html,true,"index, follow",true,true,22,22
/situations/personal-rehabilitation-bankruptcy,out/situations/personal-rehabilitation-bankruptcy.html,true,"index, follow",true,true,10,10
/situations/real-estate-sale-registration,out/situations/real-estate-sale-registration.html,true,"index, follow",true,true,22,22
/situations/siblings-not-cooperating,out/situations/siblings-not-cooperating.html,true,"index, follow",true,true,11,11
/situations/개인회생-가능-여부,out/situations/개인회생-가능-여부.html,true,"index, follow",true,true,6,6
/situations/계약금-반환-분쟁,out/situations/계약금-반환-분쟁.html,true,"index, follow",true,true,13,13
/situations/공동명의-정리,out/situations/공동명의-정리.html,true,"index, follow",true,true,4,4
/situations/공사대금-못-받음,out/situations/공사대금-못-받음.html,true,"index, follow",true,true,11,11
/situations/근저당-말소-지연,out/situations/근저당-말소-지연.html,true,"index, follow",true,true,6,6
/situations/급여-압류-빚,out/situations/급여-압류-빚.html,true,"index, follow",true,true,8,8
/situations/내용증명-받았을-때,out/situations/내용증명-받았을-때.html,true,"index, follow",true,true,14,14
/situations/대여금-못-받음,out/situations/대여금-못-받음.html,true,"index, follow",true,true,13,13
/situations/대표자-사망-법인,out/situations/대표자-사망-법인.html,true,"index, follow",true,true,6,6
/situations/법인-설립-처음,out/situations/법인-설립-처음.html,true,"index, follow",true,true,6,6
/situations/보증채무-부담,out/situations/보증채무-부담.html,true,"index, follow",true,true,5,5
/situations/본점-이전-등기,out/situations/본점-이전-등기.html,true,"index, follow",true,true,6,6
/situations/분류/가족-사망-상속,out/situations/분류/가족-사망-상속.html,true,"index, follow",true,true,18,18
/situations/분류/개인채무-회생-파산,out/situations/분류/개인채무-회생-파산.html,true,"index, follow",true,true,14,14
/situations/분류/계약-일상-분쟁,out/situations/분류/계약-일상-분쟁.html,true,"index, follow",true,true,10,10
/situations/분류/돈을-받지-못한-경우,out/situations/분류/돈을-받지-못한-경우.html,true,"index, follow",true,true,14,14
/situations/분류/법인-사업-운영,out/situations/분류/법인-사업-운영.html,true,"index, follow",true,true,14,14
/situations/분류/부동산-매매-증여-등기,out/situations/분류/부동산-매매-증여-등기.html,true,"index, follow",true,true,14,14
/situations/분류/전세-임대차-보증금,out/situations/분류/전세-임대차-보증금.html,true,"index, follow",true,true,12,12
/situations/빚-감당-어려울-때,out/situations/빚-감당-어려울-때.html,true,"index, follow",true,true,6,6
/situations/상속-후-첫-절차,out/situations/상속-후-첫-절차.html,true,"index, follow",true,true,5,5
/situations/상속등기-지연-과태료,out/situations/상속등기-지연-과태료.html,true,"index, follow",true,true,4,4
/situations/상속재산-조회,out/situations/상속재산-조회.html,true,"index, follow",true,true,8,8
/situations/상속포기-한정승인-선택,out/situations/상속포기-한정승인-선택.html,true,"index, follow",true,true,11,11
/situations/셀프등기-실수,out/situations/셀프등기-실수.html,true,"index, follow",true,true,5,5
/situations/손해배상-청구,out/situations/손해배상-청구.html,true,"index, follow",true,true,6,6
/situations/임원-임기-만료,out/situations/임원-임기-만료.html,true,"index, follow",true,true,9,9
/situations/임원변경-기한-임박,out/situations/임원변경-기한-임박.html,true,"index, follow",true,true,4,4
/situations/임차권등기명령-필요할-때,out/situations/임차권등기명령-필요할-때.html,true,"index, follow",true,true,8,8
/situations/잔금-후-소유권이전-거부,out/situations/잔금-후-소유권이전-거부.html,true,"index, follow",true,true,5,5
/situations/잔금일-소유권이전,out/situations/잔금일-소유권이전.html,true,"index, follow",true,true,4,4
/situations/전세-경매-진행,out/situations/전세-경매-진행.html,true,"index, follow",true,true,7,7
/situations/전입신고-확정일자-없음,out/situations/전입신고-확정일자-없음.html,true,"index, follow",true,true,5,5
/situations/중고거래-분쟁,out/situations/중고거래-분쟁.html,true,"index, follow",true,true,6,6
/situations/집주인-연락-두절,out/situations/집주인-연락-두절.html,true,"index, follow",true,true,7,7
/situations/채무자-재산-모름,out/situations/채무자-재산-모름.html,true,"index, follow",true,true,8,8
/situations/판결-후-강제집행,out/situations/판결-후-강제집행.html,true,"index, follow",true,true,8,8
/situations/해외-거주-상속인,out/situations/해외-거주-상속인.html,true,"index, follow",true,true,3,3
/situations/회생-파산-선택-고민,out/situations/회생-파산-선택-고민.html,true,"index, follow",true,true,4,4
/situations,out/situations.html,true,"index, follow",true,true,93,3831
/terms,out/terms.html,false,"index, follow",true,false,0,0
/tools/director-change-penalty-deadline,out/tools/director-change-penalty-deadline.html,true,"index, follow",true,true,4,4
/tools/head-office-move-deadline,out/tools/head-office-move-deadline.html,true,"index, follow",true,true,2,2
/tools/inheritance-registration-deadline,out/tools/inheritance-registration-deadline.html,true,"index, follow",true,true,2,2
/tools/inheritance-renunciation-deadline,out/tools/inheritance-renunciation-deadline.html,true,"index, follow",true,true,1,1
/tools/jeonse-deposit-timeline,out/tools/jeonse-deposit-timeline.html,true,"index, follow",true,true,8,8
/tools/payment-order-fee-check,out/tools/payment-order-fee-check.html,true,"index, follow",true,true,4,4
/tools/real-estate-documents-check,out/tools/real-estate-documents-check.html,true,"index, follow",true,true,26,26
/tools/rehab-income-debt-check,out/tools/rehab-income-debt-check.html,true,"index, follow",true,true,3,3
/tools,out/tools.html,true,"index, follow",true,true,72,3810
/가설컨테이너등기가능여부,out/가설컨테이너등기가능여부.html,true,"index, follow",true,true,1,1
/가압류신청서류준비,out/가압류신청서류준비.html,true,"index, follow",true,true,18,18
/가족후견,out/가족후견.html,true,"index, follow",true,true,14,14
/가처분신청서류준비,out/가처분신청서류준비.html,true,"index, follow",true,true,7,7
/감정평가법인설립등기,out/감정평가법인설립등기.html,true,"index, follow",true,true,3,3
/강사소개,out/강사소개.html,true,"index, follow",true,true,106,106
/강서구공장멸실등기,out/강서구공장멸실등기.html,true,"index, follow",true,true,1,1
/강서구법무사,out/강서구법무사.html,true,"index, follow",true,true,63,63
/강서구법인등기,out/강서구법인등기.html,true,"index, follow",true,true,0,0
/강서구법인설립등기,out/강서구법인설립등기.html,true,"index, follow",true,true,0,0
/강서구부동산등기,out/강서구부동산등기.html,true,"index, follow",true,true,12,12
/강서구상속등기,out/강서구상속등기.html,true,"index, follow",true,true,2,2
/강서구상속포기,out/강서구상속포기.html,true,"index, follow",true,true,0,0
/강서구선박등기,out/강서구선박등기.html,true,"index, follow",true,true,0,0
/강서구임원변경등기,out/강서구임원변경등기.html,true,"index, follow",true,true,0,0
/강서구한정승인,out/강서구한정승인.html,true,"index, follow",true,true,0,0
/강의문의,out/강의문의.html,true,"index, follow",true,true,71,71
/강의시간별구성,out/강의시간별구성.html,true,"index, follow",true,true,4,4
/강의이력/busan-citizen-library-life-law,out/강의이력/busan-citizen-library-life-law.html,true,"index, follow",true,true,15,15
/강의이력/busan-citizen-library-week-1,out/강의이력/busan-citizen-library-week-1.html,true,"index, follow",true,true,1,1
/강의이력/busan-citizen-library-week-2,out/강의이력/busan-citizen-library-week-2.html,true,"index, follow",true,true,1,1
/강의이력/busan-citizen-library-week-3,out/강의이력/busan-citizen-library-week-3.html,true,"index, follow",true,true,1,1
/강의이력/busan-citizen-library-week-4,out/강의이력/busan-citizen-library-week-4.html,true,"index, follow",true,true,1,1
/강의이력/busan-self-support-daily-dispute-survival,out/강의이력/busan-self-support-daily-dispute-survival.html,true,"index, follow",true,true,9,9
/강의이력/busan-self-support-jeonse-prevention,out/강의이력/busan-self-support-jeonse-prevention.html,true,"index, follow",true,true,12,12
/강의이력/changwon-youth-vision-center,out/강의이력/changwon-youth-vision-center.html,true,"index, follow",true,true,7,7
/강의이력/haeundae-youth-job-growth-cafe,out/강의이력/haeundae-youth-job-growth-cafe.html,true,"index, follow",true,true,6,6
/강의이력/haeundae-youth-space-startup-law-2026-07,out/강의이력/haeundae-youth-space-startup-law-2026-07.html,true,"index, follow",true,true,7,7
/강의이력/lh-busan-ccei-life-law,out/강의이력/lh-busan-ccei-life-law.html,true,"index, follow",true,true,10,10
/강의이력/yangsan-jeil-high-career-talk,out/강의이력/yangsan-jeil-high-career-talk.html,true,"index, follow",true,true,8,8
/강의이력/youth-digital-law-guide,out/강의이력/youth-digital-law-guide.html,true,"index, follow",true,true,4,4
/강의이력/youth-housing-contract-guide,out/강의이력/youth-housing-contract-guide.html,true,"index, follow",true,true,1,1
/강의이력/youth-jeonse-legal-education,out/강의이력/youth-jeonse-legal-education.html,true,"index, follow",true,true,1,1
/강의이력/youth-jeonse-most-sought,out/강의이력/youth-jeonse-most-sought.html,true,"index, follow",true,true,1,1
/강의이력/youth-jeonse-offline-session,out/강의이력/youth-jeonse-offline-session.html,true,"index, follow",true,true,1,1
/강의이력/youth-jeonse-prevention-series,out/강의이력/youth-jeonse-prevention-series.html,true,"index, follow",true,true,3,3
/강의이력/youth-jeonse-vaccination,out/강의이력/youth-jeonse-vaccination.html,true,"index, follow",true,true,1,1
/강의이력/youth-life-law-basics,out/강의이력/youth-life-law-basics.html,true,"index, follow",true,true,2,2
/강의이력/youth-mistake-crime-lecture,out/강의이력/youth-mistake-crime-lecture.html,true,"index, follow",true,true,3,3
/강의이력/youth-money-property-dispute,out/강의이력/youth-money-property-dispute.html,true,"index, follow",true,true,1,1
/강의이력,out/강의이력.html,true,"index, follow",true,true,1877,1877
/개금동법무사,out/개금동법무사.html,true,"index, follow",true,true,4,4
/개인정보처리방침,out/개인정보처리방침.html,true,"index, follow",true,true,58,1927
/개인파산과태료,out/개인파산과태료.html,true,"index, follow",true,true,0,0
/개인파산기간,out/개인파산기간.html,true,"index, follow",true,true,0,0
/개인파산기한,out/개인파산기한.html,true,"index, follow",true,true,0,0
/개인파산보수표,out/개인파산보수표.html,true,"index, follow",true,true,0,0
/개인파산비용,out/개인파산비용.html,true,"index, follow",true,true,5,5
/개인파산자가진단,out/개인파산자가진단.html,true,"index, follow",true,true,70,70
/개인파산준비서류,out/개인파산준비서류.html,true,"index, follow",true,true,1,1
/개인파산필요서류,out/개인파산필요서류.html,true,"index, follow",true,true,0,0
/개인회생과태료,out/개인회생과태료.html,true,"index, follow",true,true,0,0
/개인회생기간,out/개인회생기간.html,true,"index, follow",true,true,43,43
/개인회생기한,out/개인회생기한.html,true,"index, follow",true,true,0,0
/개인회생보수표,out/개인회생보수표.html,true,"index, follow",true,true,0,0
/개인회생비용,out/개인회생비용.html,true,"index, follow",true,true,92,93
/개인회생상담,out/개인회생상담.html,true,"index, follow",true,true,0,0
/개인회생실수모음,out/개인회생실수모음.html,true,"index, follow",true,true,1,1
/개인회생여성법무사,out/개인회생여성법무사.html,true,"index, follow",true,true,6,6
/개인회생자가진단,out/개인회생자가진단.html,true,"index, follow",true,true,84,84
/개인회생준비서류,out/개인회생준비서류.html,true,"index, follow",true,true,1,1
/개인회생체크리스트,out/개인회생체크리스트.html,true,"index, follow",true,true,5,5
/개인회생파산,out/개인회생파산.html,true,"index, follow",true,true,65,66
/개인회생필요서류,out/개인회생필요서류.html,true,"index, follow",true,true,44,45
/거제동법무사,out/거제동법무사.html,true,"index, follow",true,true,8,8
/거제동상속등기,out/거제동상속등기.html,true,"index, follow",true,true,1,1
/거제선박등기,out/거제선박등기.html,true,"index, follow",true,true,1,1
/건물등기상황별안내,out/건물등기상황별안내.html,true,"index, follow",true,true,24,24
/건물면적상이경정등기,out/건물면적상이경정등기.html,true,"index, follow",true,true,3,3
/건물보존등기,out/건물보존등기.html,true,"index, follow",true,true,1,1
/건물분할등기,out/건물분할등기.html,true,"index, follow",true,true,2,2
/건물용도변경등기,out/건물용도변경등기.html,true,"index, follow",true,true,1,1
/건물일부철거표시변경,out/건물일부철거표시변경.html,true,"index, follow",true,true,4,4
/건물토지소유자상이멸실,out/건물토지소유자상이멸실.html,true,"index, follow",true,true,4,4
/건물합병등기,out/건물합병등기.html,true,"index, follow",true,true,2,2
/건축물대장등기부불일치,out/건축물대장등기부불일치.html,true,"index, follow",true,true,4,4
/건축물대장말소등기부잔존,out/건축물대장말소등기부잔존.html,true,"index, follow",true,true,4,4
/건축물대장말소와멸실등기차이,out/건축물대장말소와멸실등기차이.html,true,"index, follow",true,true,3,3
/건축주법인신축보존등기,out/건축주법인신축보존등기.html,true,"index, follow",true,true,4,4
/건축주준비서류,out/건축주준비서류.html,true,"index, follow",true,true,1,1
/경남사단법인설립,out/경남사단법인설립.html,true,"index, follow",true,true,3,3
/경남재단법인설립,out/경남재단법인설립.html,true,"index, follow",true,true,0,0
/경매낙찰후전세권확인,out/경매낙찰후전세권확인.html,true,"index, follow",true,true,2,2
/경상도비대면상속등기,out/경상도비대면상속등기.html,true,"index, follow",true,true,44,44
/경주선박등기,out/경주선박등기.html,true,"index, follow",true,true,1,1
/고인계좌장례비사용,out/고인계좌장례비사용.html,true,"index, follow",true,true,5,5
/공공기관등기업무,out/공공기관등기업무.html,true,"index, follow",true,true,139,2008
/공공기관법률교육,out/공공기관법률교육.html,true,"index, follow",true,true,16,16
/공공기관법인등기,out/공공기관법인등기.html,true,"index, follow",true,true,3,3
/공공기관부동산등기,out/공공기관부동산등기.html,true,"index, follow",true,true,3,3
/공공기관이전등기,out/공공기관이전등기.html,true,"index, follow",true,true,3,3
/공공기관촉탁등기,out/공공기관촉탁등기.html,true,"index, follow",true,true,2,2
/공기업등기,out/공기업등기.html,true,"index, follow",true,true,1,1
/공유물분할등기서류준비,out/공유물분할등기서류준비.html,true,"index, follow",true,true,6,6
/공유자연락두절멸실등기,out/공유자연락두절멸실등기.html,true,"index, follow",true,true,4,4
/공익법인설립등기,out/공익법인설립등기.html,true,"index, follow",true,true,4,4
/공익법인임원변경등기,out/공익법인임원변경등기.html,true,"index, follow",true,true,1,1
/공장철거후멸실등기,out/공장철거후멸실등기.html,true,"index, follow",true,true,3,3
/공지사항/보기,out/공지사항/보기.html,false,"noindex, follow",false,true,0,0
/공지사항,out/공지사항.html,true,"index, follow",true,true,4,3742
/공탁금출급회수,out/공탁금출급회수.html,true,"index, follow",true,true,10,10
/공탁자가진단,out/공탁자가진단.html,true,"index, follow",true,true,2,2
/공탁채권회수,out/공탁채권회수.html,true,"index, follow",true,true,17,17
/관세법인설립등기,out/관세법인설립등기.html,true,"index, follow",true,true,3,3
/광안동법무사,out/광안동법무사.html,true,"index, follow",true,true,5,5
/광안동부동산등기,out/광안동부동산등기.html,true,"index, follow",true,true,0,0
/광안동전세권설정,out/광안동전세권설정.html,true,"index, follow",true,true,0,0
/광안리법무사,out/광안리법무사.html,true,"index, follow",true,true,17,17
/광안역법무사,out/광안역법무사.html,true,"index, follow",true,true,1,1
/광안역전세권설정,out/광안역전세권설정.html,true,"index, follow",true,true,0,0
/괴정동법무사,out/괴정동법무사.html,true,"index, follow",true,true,5,5
/교회사단법인설립,out/교회사단법인설립.html,true,"index, follow",true,true,1,1
/구서동법무사,out/구서동법무사.html,true,"index, follow",true,true,3,3
/구포동법무사,out/구포동법무사.html,true,"index, follow",true,true,5,5
/국민주택채권,out/국민주택채권.html,true,"index, follow",true,true,1,1
/국제교류단체사단법인설립,out/국제교류단체사단법인설립.html,true,"index, follow",true,true,1,1
/근저당말소과태료,out/근저당말소과태료.html,true,"index, follow",true,true,0,0
/근저당말소기간,out/근저당말소기간.html,true,"index, follow",true,true,0,0
/근저당말소기한,out/근저당말소기한.html,true,"index, follow",true,true,0,0
/근저당말소보수표,out/근저당말소보수표.html,true,"index, follow",true,true,0,0
/근저당말소비용,out/근저당말소비용.html,true,"index, follow",true,true,5,5
/근저당말소준비서류,out/근저당말소준비서류.html,true,"index, follow",true,true,0,0
/근저당말소필요서류,out/근저당말소필요서류.html,true,"index, follow",true,true,1,1
/금정구법무사,out/금정구법무사.html,true,"index, follow",true,true,42,42
/금정구법인등기,out/금정구법인등기.html,true,"index, follow",true,true,0,0
/금정구법인설립등기,out/금정구법인설립등기.html,true,"index, follow",true,true,0,0
/금정구부동산등기,out/금정구부동산등기.html,true,"index, follow",true,true,6,6
/금정구상속등기,out/금정구상속등기.html,true,"index, follow",true,true,3,3
/금정구상속포기,out/금정구상속포기.html,true,"index, follow",true,true,0,0
/금정구임원변경등기,out/금정구임원변경등기.html,true,"index, follow",true,true,0,0
/금정구한정승인,out/금정구한정승인.html,true,"index, follow",true,true,4,4
/기관특강주제추천,out/기관특강주제추천.html,true,"index, follow",true,true,4,4
/기업법률교육,out/기업법률교육.html,true,"index, follow",true,true,12,12
/기업업무문의,out/기업업무문의.html,true,"index, follow",true,true,13,13
/기장군법무사,out/기장군법무사.html,true,"index, follow",true,true,47,47
/기장군법인등기,out/기장군법인등기.html,true,"index, follow",true,true,0,0
/기장군법인설립등기,out/기장군법인설립등기.html,true,"index, follow",true,true,0,0
/기장군부동산등기,out/기장군부동산등기.html,true,"index, follow",true,true,7,7
/기장군상속등기,out/기장군상속등기.html,true,"index, follow",true,true,7,7
/기장군상속포기,out/기장군상속포기.html,true,"index, follow",true,true,1,1
/기장군임원변경등기,out/기장군임원변경등기.html,true,"index, follow",true,true,0,0
/기장군재개발등기,out/기장군재개발등기.html,true,"index, follow",true,true,0,0
/기장군한정승인,out/기장군한정승인.html,true,"index, follow",true,true,0,0
/기장법무사,out/기장법무사.html,true,"index, follow",true,true,1,1
/기장상속등기,out/기장상속등기.html,true,"index, follow",true,true,0,0
/기장신축건물보존등기,out/기장신축건물보존등기.html,true,"index, follow",true,true,1,1
/기장읍법무사,out/기장읍법무사.html,true,"index, follow",true,true,11,11
/기장토지상속등기,out/기장토지상속등기.html,true,"index, follow",true,true,29,29
/기타전문직법인설립등기,out/기타전문직법인설립등기.html,true,"index, follow",true,true,7,7
/남구법무사,out/남구법무사.html,true,"index, follow",true,true,37,37
/남구법인등기,out/남구법인등기.html,true,"index, follow",true,true,0,0
/남구법인설립등기,out/남구법인설립등기.html,true,"index, follow",true,true,0,0
/남구부동산등기,out/남구부동산등기.html,true,"index, follow",true,true,5,5
/남구상속등기,out/남구상속등기.html,true,"index, follow",true,true,0,0
/남구상속포기,out/남구상속포기.html,true,"index, follow",true,true,0,0
/남구임원변경등기,out/남구임원변경등기.html,true,"index, follow",true,true,0,0
/남구한정승인,out/남구한정승인.html,true,"index, follow",true,true,0,0
/남부산등기소법무사,out/남부산등기소법무사.html,true,"index, follow",true,true,49,49
/남부산등기소부동산등기,out/남부산등기소부동산등기.html,true,"index, follow",true,true,0,0
/남부산등기소소유권이전등기,out/남부산등기소소유권이전등기.html,true,"index, follow",true,true,0,0
/남천동법무사,out/남천동법무사.html,true,"index, follow",true,true,7,7
/남천동상속등기,out/남천동상속등기.html,true,"index, follow",true,true,1,1
/남포동법무사,out/남포동법무사.html,true,"index, follow",true,true,5,5
/내용증명자가진단,out/내용증명자가진단.html,true,"index, follow",true,true,22,22
/내용증명작성준비,out/내용증명작성준비.html,true,"index, follow",true,true,18,18
/노무법인설립등기,out/노무법인설립등기.html,true,"index, follow",true,true,3,3
/녹산국가산단법인등기,out/녹산국가산단법인등기.html,true,"index, follow",true,true,0,0
/녹산국가산단법인설립등기,out/녹산국가산단법인설립등기.html,true,"index, follow",true,true,0,0
/녹산산단법인본점지점,out/녹산산단법인본점지점.html,true,"index, follow",true,true,1,1
/녹산산업단지법인등기,out/녹산산업단지법인등기.html,true,"index, follow",true,true,36,36
/농어업법인설립등기,out/농어업법인설립등기.html,true,"index, follow",true,true,7,7
/농업회사법인과영농조합법인차이,out/농업회사법인과영농조합법인차이.html,true,"index, follow",true,true,2,2
/다대동법무사,out/다대동법무사.html,true,"index, follow",true,true,4,4
/단순승인과숙려기간,out/단순승인과숙려기간.html,true,"index, follow",true,true,6,6
/대습상속등기,out/대습상속등기.html,true,"index, follow",true,true,7,7
/대연동법무사,out/대연동법무사.html,true,"index, follow",true,true,7,7
/대연동상속등기,out/대연동상속등기.html,true,"index, follow",true,true,0,0
/대표이사한명만남는경우,out/대표이사한명만남는경우.html,true,"index, follow",true,true,1,1
/대표자사망시법인등기,out/대표자사망시법인등기.html,true,"index, follow",true,true,1,1
/덕천동개인회생,out/덕천동개인회생.html,true,"index, follow",true,true,0,0
/덕천동법무사,out/덕천동법무사.html,true,"index, follow",true,true,11,11
/덕천동상속등기,out/덕천동상속등기.html,true,"index, follow",true,true,1,1
/도로명주소등기부상이,out/도로명주소등기부상이.html,true,"index, follow",true,true,1,1
/동구법무사,out/동구법무사.html,true,"index, follow",true,true,28,28
/동구법인등기,out/동구법인등기.html,true,"index, follow",true,true,1,1
/동구법인설립등기,out/동구법인설립등기.html,true,"index, follow",true,true,0,0
/동구부동산등기,out/동구부동산등기.html,true,"index, follow",true,true,3,3
/동구상속등기,out/동구상속등기.html,true,"index, follow",true,true,1,1
/동구상속포기,out/동구상속포기.html,true,"index, follow",true,true,0,0
/동구임원변경등기,out/동구임원변경등기.html,true,"index, follow",true,true,0,0
/동구한정승인,out/동구한정승인.html,true,"index, follow",true,true,0,0
/동래구법무사,out/동래구법무사.html,true,"index, follow",true,true,40,40
/동래구법인등기,out/동래구법인등기.html,true,"index, follow",true,true,0,0
/동래구법인설립등기,out/동래구법인설립등기.html,true,"index, follow",true,true,0,0
/동래구부동산등기,out/동래구부동산등기.html,true,"index, follow",true,true,9,9
/동래구상속등기,out/동래구상속등기.html,true,"index, follow",true,true,11,11
/동래구상속포기,out/동래구상속포기.html,true,"index, follow",true,true,0,0
/동래구임원변경등기,out/동래구임원변경등기.html,true,"index, follow",true,true,0,0
/동래구재건축등기,out/동래구재건축등기.html,true,"index, follow",true,true,0,0
/동래구한정승인,out/동래구한정승인.html,true,"index, follow",true,true,3,3
/동래역법무사,out/동래역법무사.html,true,"index, follow",true,true,7,8
/동부지원상속등기,out/동부지원상속등기.html,true,"index, follow",true,true,0,0
/동삼동법무사,out/동삼동법무사.html,true,"index, follow",true,true,5,5
/등기관할과사무소위치,out/등기관할과사무소위치.html,true,"index, follow",true,true,10,10
/등기권리증없이소유권이전,out/등기권리증없이소유권이전.html,true,"index, follow",true,true,5,5
/등기보정,out/등기보정.html,true,"index, follow",true,true,4,4
/등기복대리,out/등기복대리.html,true,"index, follow",true,true,1,1
/등기부존재실제건물없음,out/등기부존재실제건물없음.html,true,"index, follow",true,true,4,4
/등기비용,out/등기비용.html,true,"index, follow",true,true,4,4
/등기서류상담,out/등기서류상담.html,true,"index, follow",true,true,0,0
/등기소근처법무사,out/등기소근처법무사.html,true,"index, follow",true,true,29,29
/등기소어디인가요,out/등기소어디인가요.html,true,"index, follow",true,true,2,2
/등기소제출,out/등기소제출.html,true,"index, follow",true,true,1,1
/등기신청대행,out/등기신청대행.html,true,"index, follow",true,true,1,1
/등기신청반려와보정,out/등기신청반려와보정.html,true,"index, follow",true,true,1,1
/등기실무,out/등기실무.html,true,"index, follow",true,true,27,27
/등기어디서하나요,out/등기어디서하나요.html,true,"index, follow",true,true,2,2
/등기언제끝나나요,out/등기언제끝나나요.html,true,"index, follow",true,true,1,1
/등기얼마나걸리나요,out/등기얼마나걸리나요.html,true,"index, follow",true,true,2,2
/등기완료기간,out/등기완료기간.html,true,"index, follow",true,true,3,3
/등기접수,out/등기접수.html,true,"index, follow",true,true,1,1
/등기준비서류,out/등기준비서류.html,true,"index, follow",true,true,1,1
/등기처리기간,out/등기처리기간.html,true,"index, follow",true,true,1,1
/등록면허세,out/등록면허세.html,true,"index, follow",true,true,3,3
/디지털법률교육,out/디지털법률교육.html,true,"index, follow",true,true,11,11
/망미동법무사,out/망미동법무사.html,true,"index, follow",true,true,5,5
/멸실등기없이토지매도,out/멸실등기없이토지매도.html,true,"index, follow",true,true,2,2
/명례산업단지법인등기,out/명례산업단지법인등기.html,true,"index, follow",true,true,166,166
/명례산업단지임원변경등기,out/명례산업단지임원변경등기.html,true,"index, follow",true,true,0,0
/명지국제신도시법인등기,out/명지국제신도시법인등기.html,true,"index, follow",true,true,40,40
/명지동법무사,out/명지동법무사.html,true,"index, follow",true,true,5,5
/명지동법인설립등기,out/명지동법인설립등기.html,true,"index, follow",true,true,0,0
/명지동부동산등기,out/명지동부동산등기.html,true,"index, follow",true,true,0,0
/명지법무사,out/명지법무사.html,true,"index, follow",true,true,12,12
/명지법인등기,out/명지법인등기.html,true,"index, follow",true,true,0,0
/명지법인설립등기,out/명지법인설립등기.html,true,"index, follow",true,true,0,0
/명지역법무사,out/명지역법무사.html,true,"index, follow",true,true,2,2
/명지역법인설립등기,out/명지역법인설립등기.html,true,"index, follow",true,true,0,0
/무슨법률업무인지모를때,out/무슨법률업무인지모를때.html,true,"index, follow",true,true,1,1
/문현금융단지법인등기,out/문현금융단지법인등기.html,true,"index, follow",true,true,136,136
/문현금융단지임원변경등기,out/문현금융단지임원변경등기.html,true,"index, follow",true,true,0,0
/문현동법무사,out/문현동법무사.html,true,"index, follow",true,true,6,6
/문현동법인등기,out/문현동법인등기.html,true,"index, follow",true,true,0,0
/문현동본점이전등기,out/문현동본점이전등기.html,true,"index, follow",true,true,0,0
/문화예술단체사단법인설립,out/문화예술단체사단법인설립.html,true,"index, follow",true,true,3,3
/물류회사법인등기,out/물류회사법인등기.html,true,"index, follow",true,true,31,31
/미등기건물소유권보존등기,out/미등기건물소유권보존등기.html,true,"index, follow",true,true,4,4
/미성년상속인,out/미성년상속인.html,true,"index, follow",true,true,14,14
/민락동법무사,out/민락동법무사.html,true,"index, follow",true,true,5,5
/민락동부동산등기,out/민락동부동산등기.html,true,"index, follow",true,true,0,0
/민사소송,out/민사소송.html,true,"index, follow",true,true,56,56
/반송동법무사,out/반송동법무사.html,true,"index, follow",true,true,0,0
/반여동법무사,out/반여동법무사.html,true,"index, follow",true,true,11,11
/반여동부동산등기,out/반여동부동산등기.html,true,"index, follow",true,true,0,0
/반여동상속등기,out/반여동상속등기.html,true,"index, follow",true,true,0,0
/방문없이준비하는근저당말소,out/방문없이준비하는근저당말소.html,true,"index, follow",true,true,12,12
/방문없이준비하는법무사업무,out/방문없이준비하는법무사업무.html,true,"index, follow",true,true,37,37
/방문없이준비하는법인설립,out/방문없이준비하는법인설립.html,true,"index, follow",true,true,8,8
/방문없이준비하는부담부증여,out/방문없이준비하는부담부증여.html,true,"index, follow",true,true,3,3
/방문없이준비하는상속등기,out/방문없이준비하는상속등기.html,true,"index, follow",true,true,59,59
/방문없이준비하는상속포기한정승인,out/방문없이준비하는상속포기한정승인.html,true,"index, follow",true,true,9,9
/방문없이준비하는유상증자,out/방문없이준비하는유상증자.html,true,"index, follow",true,true,5,5
/방문없이준비하는임원변경,out/방문없이준비하는임원변경.html,true,"index, follow",true,true,12,12
/방문없이준비하는전세권말소,out/방문없이준비하는전세권말소.html,true,"index, follow",true,true,5,5
/방문없이준비하는지급명령서류,out/방문없이준비하는지급명령서류.html,true,"index, follow",true,true,16,16
/범일동법무사,out/범일동법무사.html,true,"index, follow",true,true,4,4
/법률강의,out/법률강의.html,true,"index, follow",true,true,134,3872
/법무사맡기면달라지는점,out/법무사맡기면달라지는점.html,true,"index, follow",true,true,1,1
/법무사방문전준비,out/법무사방문전준비.html,true,"index, follow",true,true,2,2
/법무사법인설립등기,out/법무사법인설립등기.html,true,"index, follow",true,true,3,3
/법무사보수,out/법무사보수.html,true,"index, follow",true,true,1,1
/법무사비용,out/법무사비용.html,true,"index, follow",true,true,1,1
/법무사비용먼저확인하는방법,out/법무사비용먼저확인하는방법.html,true,"index, follow",true,true,9,9
/법무사상담,out/법무사상담.html,true,"index, follow",true,true,0,0
/법무사상담전준비,out/법무사상담전준비.html,true,"index, follow",true,true,6,6
/법무사수임료,out/법무사수임료.html,true,"index, follow",true,true,1,1
/법무사진로특강,out/법무사진로특강.html,true,"index, follow",true,true,8,8
/법무사협업,out/법무사협업.html,true,"index, follow",true,true,5,5
/법인공증준비,out/법인공증준비.html,true,"index, follow",true,true,8,8
/법인등기,out/법인등기.html,true,"index, follow",true,true,187,187
/법인등기과태료,out/법인등기과태료.html,true,"index, follow",true,true,0,0
/법인등기기간,out/법인등기기간.html,true,"index, follow",true,true,0,0
/법인등기기한,out/법인등기기한.html,true,"index, follow",true,true,0,0
/법인등기보수표,out/법인등기보수표.html,true,"index, follow",true,true,0,0
/법인등기비용,out/법인등기비용.html,true,"index, follow",true,true,116,116
/법인등기상담,out/법인등기상담.html,true,"index, follow",true,true,0,0
/법인등기실수모음,out/법인등기실수모음.html,true,"index, follow",true,true,1,1
/법인등기자가진단,out/법인등기자가진단.html,true,"index, follow",true,true,181,181
/법인등기준비서류,out/법인등기준비서류.html,true,"index, follow",true,true,1,1
/법인등기체크리스트,out/법인등기체크리스트.html,true,"index, follow",true,true,1,1
/법인등기필요서류,out/법인등기필요서류.html,true,"index, follow",true,true,0,0
/법인변경등기,out/법인변경등기.html,true,"index, follow",true,true,62,63
/법인설립등기과태료,out/법인설립등기과태료.html,true,"index, follow",true,true,0,0
/법인설립등기기간,out/법인설립등기기간.html,true,"index, follow",true,true,0,0
/법인설립등기기한,out/법인설립등기기한.html,true,"index, follow",true,true,0,0
/법인설립등기보수표,out/법인설립등기보수표.html,true,"index, follow",true,true,0,0
/법인설립등기비용,out/법인설립등기비용.html,true,"index, follow",true,true,168,168
/법인설립등기준비서류,out/법인설립등기준비서류.html,true,"index, follow",true,true,0,0
/법인설립등기필요서류,out/법인설립등기필요서류.html,true,"index, follow",true,true,0,0
/법인설립자가진단,out/법인설립자가진단.html,true,"index, follow",true,true,58,58
/법인의사록공증준비,out/법인의사록공증준비.html,true,"index, follow",true,true,7,7
/법인정관변경,out/법인정관변경.html,true,"index, follow",true,true,7,7
/법인정관업무,out/법인정관업무.html,true,"index, follow",true,true,11,11
/법인정관인증확인,out/법인정관인증확인.html,true,"index, follow",true,true,5,5
/변제공탁서류준비,out/변제공탁서류준비.html,true,"index, follow",true,true,11,11
/보존등기후근저당설정,out/보존등기후근저당설정.html,true,"index, follow",true,true,4,4
/보험금과상속재산구분,out/보험금과상속재산구분.html,true,"index, follow",true,true,3,3
/복대리등기,out/복대리등기.html,true,"index, follow",true,true,1,1
/복지단체사단법인설립,out/복지단체사단법인설립.html,true,"index, follow",true,true,0,0
/본점이전등기과태료,out/본점이전등기과태료.html,true,"index, follow",true,true,0,0
/본점이전등기기간,out/본점이전등기기간.html,true,"index, follow",true,true,0,0
/본점이전등기기한,out/본점이전등기기한.html,true,"index, follow",true,true,0,0
/본점이전등기보수표,out/본점이전등기보수표.html,true,"index, follow",true,true,0,0
/본점이전등기비용,out/본점이전등기비용.html,true,"index, follow",true,true,2,2
/본점이전등기준비서류,out/본점이전등기준비서류.html,true,"index, follow",true,true,0,0
/본점이전등기필요서류,out/본점이전등기필요서류.html,true,"index, follow",true,true,0,0
/본점이전후사업자등록순서,out/본점이전후사업자등록순서.html,true,"index, follow",true,true,1,1
/부곡동법무사,out/부곡동법무사.html,true,"index, follow",true,true,10,10
/부곡동상속등기,out/부곡동상속등기.html,true,"index, follow",true,true,0,0
/부곡동한정승인,out/부곡동한정승인.html,true,"index, follow",true,true,0,0
/부동산과거주지가다른상속등기,out/부동산과거주지가다른상속등기.html,true,"index, follow",true,true,11,11
/부동산등기,out/부동산등기.html,true,"index, follow",true,true,95,95
/부동산등기과태료,out/부동산등기과태료.html,true,"index, follow",true,true,0,0
/부동산등기기간,out/부동산등기기간.html,true,"index, follow",true,true,0,0
/부동산등기기한,out/부동산등기기한.html,true,"index, follow",true,true,0,0
/부동산등기보수표,out/부동산등기보수표.html,true,"index, follow",true,true,0,0
/부동산등기비용,out/부동산등기비용.html,true,"index, follow",true,true,10,10
/부동산등기상담,out/부동산등기상담.html,true,"index, follow",true,true,0,0
/부동산등기실수모음,out/부동산등기실수모음.html,true,"index, follow",true,true,1,1
/부동산등기자가진단,out/부동산등기자가진단.html,true,"index, follow",true,true,217,217
/부동산등기준비서류,out/부동산등기준비서류.html,true,"index, follow",true,true,0,0
/부동산등기체크리스트,out/부동산등기체크리스트.html,true,"index, follow",true,true,2,2
/부동산등기필요서류,out/부동산등기필요서류.html,true,"index, follow",true,true,0,0
/부동산실권리자명의등기,out/부동산실권리자명의등기.html,true,"index, follow",true,true,4,4
/부모님사망후해야할일,out/부모님사망후해야할일.html,true,"index, follow",true,true,50,50
/부모빚상속방법,out/부모빚상속방법.html,true,"index, follow",true,true,79,79
/부모자녀다른지역증여등기,out/부모자녀다른지역증여등기.html,true,"index, follow",true,true,5,5
/부산1인법인설립,out/부산1인법인설립.html,true,"index, follow",true,true,1,1
/부산가등기,out/부산가등기.html,true,"index, follow",true,true,13,13
/부산가수금출자전환,out/부산가수금출자전환.html,true,"index, follow",true,true,4,4
/부산가압류말소등기,out/부산가압류말소등기.html,true,"index, follow",true,true,14,14
/부산가압류신청,out/부산가압류신청.html,true,"index, follow",true,true,3,3
/부산가정법원법무사,out/부산가정법원법무사.html,true,"index, follow",true,true,0,0
/부산가정법원상속,out/부산가정법원상속.html,true,"index, follow",true,true,119,119
/부산가정법원상속포기,out/부산가정법원상속포기.html,true,"index, follow",true,true,29,29
/부산가정법원성년후견,out/부산가정법원성년후견.html,true,"index, follow",true,true,1,1
/부산가정법원한정승인,out/부산가정법원한정승인.html,true,"index, follow",true,true,0,0
/부산가족관계등록부정정,out/부산가족관계등록부정정.html,true,"index, follow",true,true,5,5
/부산가처분말소등기,out/부산가처분말소등기.html,true,"index, follow",true,true,5,5
/부산감자등기,out/부산감자등기.html,true,"index, follow",true,true,5,5
/부산강사섭외비용,out/부산강사섭외비용.html,true,"index, follow",true,true,3,3
/부산강사섭외체크리스트,out/부산강사섭외체크리스트.html,true,"index, follow",true,true,5,5
/부산개명허가,out/부산개명허가.html,true,"index, follow",true,true,5,5
/부산개인사업자법인전환,out/부산개인사업자법인전환.html,true,"index, follow",true,true,2,2
/부산개인파산,out/부산개인파산.html,true,"index, follow",true,true,18,19
/부산개인파산법무사,out/부산개인파산법무사.html,true,"index, follow",true,true,7,7
/부산개인파산법무사추천,out/부산개인파산법무사추천.html,true,"index, follow",true,true,1,1
/부산개인파산상담,out/부산개인파산상담.html,true,"index, follow",true,true,3,3
/부산개인파산전문법무사,out/부산개인파산전문법무사.html,true,"index, follow",true,true,3,3
/부산개인회생,out/부산개인회생.html,true,"index, follow",true,true,438,439
/부산개인회생법무사,out/부산개인회생법무사.html,true,"index, follow",true,true,27,29
/부산개인회생법무사추천,out/부산개인회생법무사추천.html,true,"index, follow",true,true,3,3
/부산개인회생상담,out/부산개인회생상담.html,true,"index, follow",true,true,2,2
/부산개인회생신청,out/부산개인회생신청.html,true,"index, follow",true,true,1,1
/부산개인회생전문법무사,out/부산개인회생전문법무사.html,true,"index, follow",true,true,3,3
/부산건물등기,out/부산건물등기.html,true,"index, follow",true,true,82,82
/부산건물멸실등기,out/부산건물멸실등기.html,true,"index, follow",true,true,26,26
/부산건물표시변경등기,out/부산건물표시변경등기.html,true,"index, follow",true,true,27,27
/부산건설사등기,out/부산건설사등기.html,true,"index, follow",true,true,3,3
/부산건축물등기법무사,out/부산건축물등기법무사.html,true,"index, follow",true,true,12,12
/부산건축사등기협업,out/부산건축사등기협업.html,true,"index, follow",true,true,4,4
/부산경매권리분석,out/부산경매권리분석.html,true,"index, follow",true,true,9,9
/부산경매낙찰등기,out/부산경매낙찰등기.html,true,"index, follow",true,true,7,7
/부산공동대표변경등기,out/부산공동대표변경등기.html,true,"index, follow",true,true,2,2
/부산공동명의등기,out/부산공동명의등기.html,true,"index, follow",true,true,10,10
/부산공동명의지분증여등기,out/부산공동명의지분증여등기.html,true,"index, follow",true,true,5,5
/부산공매낙찰등기,out/부산공매낙찰등기.html,true,"index, follow",true,true,5,5
/부산공유물분할등기,out/부산공유물분할등기.html,true,"index, follow",true,true,2,2
/부산공장창고등기,out/부산공장창고등기.html,true,"index, follow",true,true,12,12
/부산공탁,out/부산공탁.html,true,"index, follow",true,true,8,13
/부산국제금융센터법인등기,out/부산국제금융센터법인등기.html,true,"index, follow",true,true,6,6
/부산근저당말소등기,out/부산근저당말소등기.html,true,"index, follow",true,true,67,67
/부산근저당설정등기,out/부산근저당설정등기.html,true,"index, follow",true,true,36,36
/부산근저당전문법무사,out/부산근저당전문법무사.html,true,"index, follow",true,true,1,1
/부산기관법률특강,out/부산기관법률특강.html,true,"index, follow",true,true,7,7
/부산기업법률자문,out/부산기업법률자문.html,true,"index, follow",true,true,90,90
/부산기업법무사,out/부산기업법무사.html,true,"index, follow",true,true,7,7
/부산기업부동산등기,out/부산기업부동산등기.html,true,"index, follow",true,true,5,5
/부산기업채권관리,out/부산기업채권관리.html,true,"index, follow",true,true,9,9
/부산농업회사법인설립,out/부산농업회사법인설립.html,true,"index, follow",true,true,6,6
/부산담보공탁,out/부산담보공탁.html,true,"index, follow",true,true,4,4
/부산대지권등기,out/부산대지권등기.html,true,"index, follow",true,true,2,2
/부산대표이사변경등기,out/부산대표이사변경등기.html,true,"index, follow",true,true,12,12
/부산대학교특강,out/부산대학교특강.html,true,"index, follow",true,true,8,8
/부산도서관법률특강,out/부산도서관법률특강.html,true,"index, follow",true,true,6,6
/부산등기권리증분실,out/부산등기권리증분실.html,true,"index, follow",true,true,2,2
/부산등기명의인표시변경,out/부산등기명의인표시변경.html,true,"index, follow",true,true,8,8
/부산등기법무사,out/부산등기법무사.html,true,"index, follow",true,true,734,768
/부산등기법무사추천,out/부산등기법무사추천.html,true,"index, follow",true,true,6,7
/부산등기보정업무,out/부산등기보정업무.html,true,"index, follow",true,true,5,5
/부산등기복대리,out/부산등기복대리.html,true,"index, follow",true,true,9,9
/부산등기소현지업무,out/부산등기소현지업무.html,true,"index, follow",true,true,4,4
/부산등기전문법무사,out/부산등기전문법무사.html,false,"noindex, follow",false,false,2,2
/부산등기접수협업,out/부산등기접수협업.html,true,"index, follow",true,true,7,7
/부산말소등기,out/부산말소등기.html,true,"index, follow",true,true,7,7
/부산매매등기법무사,out/부산매매등기법무사.html,true,"index, follow",true,true,35,35
/부산매매등기전문법무사,out/부산매매등기전문법무사.html,true,"index, follow",true,true,4,4
/부산매수인법무사,out/부산매수인법무사.html,true,"index, follow",true,true,2,2
/부산면책신청,out/부산면책신청.html,true,"index, follow",true,true,5,5
/부산면책전문법무사,out/부산면책전문법무사.html,true,"index, follow",true,true,2,2
/부산명의변경등기,out/부산명의변경등기.html,true,"index, follow",true,true,10,10
/부산무상증자등기,out/부산무상증자등기.html,true,"index, follow",true,true,3,3
/부산문화예술단체법인설립,out/부산문화예술단체법인설립.html,true,"index, follow",true,true,1,1
/부산배당요구신청,out/부산배당요구신청.html,true,"index, follow",true,true,3,3
/부산법률강사,out/부산법률강사.html,true,"index, follow",true,true,26,26
/부산법률상담,out/부산법률상담.html,true,"index, follow",true,true,10,11
/부산법률전문가,out/부산법률전문가.html,true,"index, follow",true,true,4,4
/부산법무사,out/부산법무사.html,true,"index, follow",true,true,851,892
/부산법무사강의,out/부산법무사강의.html,true,"index, follow",true,true,2,2
/부산법무사무소,out/부산법무사무소.html,true,"index, follow",true,true,11,23
/부산법무사방문상담,out/부산법무사방문상담.html,true,"index, follow",true,true,14,14
/부산법무사보수,out/부산법무사보수.html,true,"index, follow",true,true,1,1
/부산법무사보수표,out/부산법무사보수표.html,true,"index, follow",true,true,56,57
/부산법무사복대리,out/부산법무사복대리.html,true,"index, follow",true,true,13,1882
/부산법무사비교,out/부산법무사비교.html,true,"index, follow",true,true,10,11
/부산법무사비대면상담,out/부산법무사비대면상담.html,true,"index, follow",true,true,15,15
/부산법무사비용,out/부산법무사비용.html,true,"index, follow",true,true,123,157
/부산법무사상담,out/부산법무사상담.html,true,"index, follow",true,true,305,336
/부산법무사서류준비,out/부산법무사서류준비.html,true,"index, follow",true,true,12,12
/부산법무사수임료,out/부산법무사수임료.html,true,"index, follow",true,true,3,4
/부산법무사잘하는곳,out/부산법무사잘하는곳.html,true,"index, follow",true,true,1,1
/부산법무사추천,out/부산법무사추천.html,true,"index, follow",true,true,69,70
/부산법무사후기,out/부산법무사후기.html,true,"index, follow",true,true,2,2
/부산법원근처법무사,out/부산법원근처법무사.html,true,"index, follow",true,true,28,28
/부산법인등기,out/부산법인등기.html,true,"index, follow",true,true,1120,1122
/부산법인등기과태료,out/부산법인등기과태료.html,true,"index, follow",true,true,5,5
/부산법인등기복대리,out/부산법인등기복대리.html,true,"index, follow",true,true,6,6
/부산법인등기비용,out/부산법인등기비용.html,true,"index, follow",true,true,5,5
/부산법인등기아웃소싱,out/부산법인등기아웃소싱.html,true,"index, follow",true,true,6,6
/부산법인등기전문,out/부산법인등기전문.html,true,"index, follow",true,true,7,7
/부산법인법무사,out/부산법인법무사.html,true,"index, follow",true,true,107,108
/부산법인설립등기,out/부산법인설립등기.html,true,"index, follow",true,true,245,246
/부산법인설립전문법무사,out/부산법인설립전문법무사.html,true,"index, follow",true,true,2,2
/부산법인전문법무사,out/부산법인전문법무사.html,false,"noindex, follow",false,false,4,4
/부산법인정기점검,out/부산법인정기점검.html,true,"index, follow",true,true,3,3
/부산법인해산전확인사항,out/부산법인해산전확인사항.html,true,"index, follow",true,true,5,5
/부산법인해산청산등기,out/부산법인해산청산등기.html,true,"index, follow",true,true,16,16
/부산변제공탁,out/부산변제공탁.html,true,"index, follow",true,true,9,9
/부산보상등기,out/부산보상등기.html,true,"index, follow",true,true,4,4
/부산본점이전등기,out/부산본점이전등기.html,true,"index, follow",true,true,31,31
/부산부담부증여등기,out/부산부담부증여등기.html,true,"index, follow",true,true,7,7
/부산부동산등기,out/부산부동산등기.html,true,"index, follow",true,true,1101,1103
/부산부동산등기법무사,out/부산부동산등기법무사.html,true,"index, follow",true,true,283,283
/부산부동산등기복대리,out/부산부동산등기복대리.html,true,"index, follow",true,true,6,6
/부산부동산등기전문,out/부산부동산등기전문.html,true,"index, follow",true,true,6,6
/부산부동산등기전문법무사,out/부산부동산등기전문법무사.html,true,"index, follow",true,true,2,2
/부산부동산전문법무사,out/부산부동산전문법무사.html,true,"index, follow",true,true,2,2
/부산부동산협력법무사,out/부산부동산협력법무사.html,true,"index, follow",true,true,7,1876
/부산부모자녀아파트증여등기,out/부산부모자녀아파트증여등기.html,true,"index, follow",true,true,7,7
/부산부부간증여등기,out/부산부부간증여등기.html,true,"index, follow",true,true,4,4
/부산부재자재산관리인,out/부산부재자재산관리인.html,true,"index, follow",true,true,8,8
/부산분양등기,out/부산분양등기.html,true,"index, follow",true,true,5,5
/부산비영리법인변경등기,out/부산비영리법인변경등기.html,true,"index, follow",true,true,8,8
/부산비영리법인설립등기,out/부산비영리법인설립등기.html,true,"index, follow",true,true,76,76
/부산빌라매매등기,out/부산빌라매매등기.html,true,"index, follow",true,true,2,2
/부산사단법인설립,out/부산사단법인설립.html,true,"index, follow",true,true,27,27
/부산사업목적변경등기,out/부산사업목적변경등기.html,true,"index, follow",true,true,22,22
/부산사회복지기관강사,out/부산사회복지기관강사.html,true,"index, follow",true,true,2,2
/부산사회복지법인등기,out/부산사회복지법인등기.html,true,"index, follow",true,true,3,3
/부산사회적협동조합설립,out/부산사회적협동조합설립.html,true,"index, follow",true,true,8,8
/부산상가등기,out/부산상가등기.html,true,"index, follow",true,true,10,10
/부산상가매매등기,out/부산상가매매등기.html,true,"index, follow",true,true,2,2
/부산상속등기,out/부산상속등기.html,true,"index, follow",true,true,1237,1241
/부산상속등기전문,out/부산상속등기전문.html,true,"index, follow",true,true,5,5
/부산상속등기전문법무사,out/부산상속등기전문법무사.html,false,"noindex, follow",false,false,1,1
/부산상속법무사,out/부산상속법무사.html,true,"index, follow",true,true,478,483
/부산상속법무사추천,out/부산상속법무사추천.html,true,"index, follow",true,true,3,3
/부산상속재산관리인,out/부산상속재산관리인.html,true,"index, follow",true,true,5,5
/부산상속재산분할법무사,out/부산상속재산분할법무사.html,true,"index, follow",true,true,65,65
/부산상속전문법무사,out/부산상속전문법무사.html,true,"index, follow",true,true,16,16
/부산상속포기,out/부산상속포기.html,true,"index, follow",true,true,199,202
/부산상속포기전문법무사,out/부산상속포기전문법무사.html,false,"noindex, follow",false,false,1,1
/부산상속후매매등기,out/부산상속후매매등기.html,true,"index, follow",true,true,5,5
/부산상호변경등기,out/부산상호변경등기.html,true,"index, follow",true,true,4,4
/부산선박등기,out/부산선박등기.html,true,"index, follow",true,true,27,27
/부산셀프등기,out/부산셀프등기.html,true,"index, follow",true,true,2,2
/부산소액소송,out/부산소액소송.html,true,"index, follow",true,true,3,3
/부산소유권이전등기,out/부산소유권이전등기.html,true,"index, follow",true,true,558,559
/부산소유권이전전문법무사,out/부산소유권이전전문법무사.html,true,"index, follow",true,true,2,2
/부산스타트업법무사,out/부산스타트업법무사.html,true,"index, follow",true,true,4,4
/부산시행사등기,out/부산시행사등기.html,true,"index, follow",true,true,6,1875
/부산신축건물보존등기,out/부산신축건물보존등기.html,true,"index, follow",true,true,529,529
/부산신축아파트소유권이전등기,out/부산신축아파트소유권이전등기.html,true,"index, follow",true,true,29,29
/부산신탁등기,out/부산신탁등기.html,true,"index, follow",true,true,7,7
/부산실종선고청구,out/부산실종선고청구.html,true,"index, follow",true,true,5,5
/부산아파트매매등기,out/부산아파트매매등기.html,true,"index, follow",true,true,5,5
/부산압류말소등기,out/부산압류말소등기.html,true,"index, follow",true,true,7,7
/부산여성법무사,out/부산여성법무사.html,true,"index, follow",true,true,605,605
/부산역법무사,out/부산역법무사.html,true,"index, follow",true,true,5,5
/부산역부동산등기,out/부산역부동산등기.html,true,"index, follow",true,true,0,0
/부산예고등기,out/부산예고등기.html,true,"index, follow",true,true,3,3
/부산오피스텔매매등기,out/부산오피스텔매매등기.html,true,"index, follow",true,true,2,2
/부산오피스텔소유권이전등기,out/부산오피스텔소유권이전등기.html,true,"index, follow",true,true,2,2
/부산외국인부동산등기,out/부산외국인부동산등기.html,true,"index, follow",true,true,1,1
/부산외국인상속등기,out/부산외국인상속등기.html,true,"index, follow",true,true,1,1
/부산원거리등기협업,out/부산원거리등기협업.html,true,"index, follow",true,true,3,3
/부산유상증자등기,out/부산유상증자등기.html,true,"index, follow",true,true,22,22
/부산유언검인,out/부산유언검인.html,true,"index, follow",true,true,9,9
/부산유한회사설립등기,out/부산유한회사설립등기.html,true,"index, follow",true,true,1,1
/부산의료법인등기,out/부산의료법인등기.html,true,"index, follow",true,true,4,4
/부산이혼재산분할등기,out/부산이혼재산분할등기.html,true,"index, follow",true,true,6,6
/부산임원변경등기,out/부산임원변경등기.html,true,"index, follow",true,true,587,587
/부산임원변경전문법무사,out/부산임원변경전문법무사.html,true,"index, follow",true,true,2,2
/부산임원사임해임등기,out/부산임원사임해임등기.html,true,"index, follow",true,true,2,2
/부산임원임기만료등기,out/부산임원임기만료등기.html,true,"index, follow",true,true,8,8
/부산임차권등기명령,out/부산임차권등기명령.html,true,"index, follow",true,true,25,25
/부산입주등기,out/부산입주등기.html,true,"index, follow",true,true,11,11
/부산잔금대출근저당,out/부산잔금대출근저당.html,true,"index, follow",true,true,12,12
/부산잔금등기협업,out/부산잔금등기협업.html,true,"index, follow",true,true,5,5
/부산잔금일법무사,out/부산잔금일법무사.html,true,"index, follow",true,true,17,17
/부산재개발등기,out/부산재개발등기.html,true,"index, follow",true,true,110,110
/부산재건축등기,out/부산재건축등기.html,true,"index, follow",true,true,98,98
/부산재단법인설립,out/부산재단법인설립.html,true,"index, follow",true,true,15,15
/부산재산명시,out/부산재산명시.html,true,"index, follow",true,true,11,11
/부산재상속등기,out/부산재상속등기.html,true,"index, follow",true,true,1,1
/부산전세권말소등기,out/부산전세권말소등기.html,true,"index, follow",true,true,12,12
/부산전세권설정등기,out/부산전세권설정등기.html,true,"index, follow",true,true,26,26
/부산전세보증금반환법무사,out/부산전세보증금반환법무사.html,true,"index, follow",true,true,14,14
/부산전세전문법무사,out/부산전세전문법무사.html,true,"index, follow",true,true,1,1
/부산제3자배정유상증자,out/부산제3자배정유상증자.html,true,"index, follow",true,true,3,3
/부산조합협동조합등기,out/부산조합협동조합등기.html,true,"index, follow",true,true,5,5
/부산주주배정유상증자,out/부산주주배정유상증자.html,true,"index, follow",true,true,2,2
/부산중도금대출근저당,out/부산중도금대출근저당.html,true,"index, follow",true,true,2,2
/부산증여등기,out/부산증여등기.html,true,"index, follow",true,true,34,34
/부산증여등기전문법무사,out/부산증여등기전문법무사.html,true,"index, follow",true,true,3,3
/부산지방법원동부지원등기과,out/부산지방법원동부지원등기과.html,true,"index, follow",true,true,43,43
/부산지방법원동부지원등기과법무사,out/부산지방법원동부지원등기과법무사.html,true,"index, follow",true,true,0,0
/부산지방법원동부지원등기과법인등기,out/부산지방법원동부지원등기과법인등기.html,true,"index, follow",true,true,0,0
/부산지방법원동부지원등기과부동산등기,out/부산지방법원동부지원등기과부동산등기.html,true,"index, follow",true,true,0,0
/부산지방법원동부지원법무사,out/부산지방법원동부지원법무사.html,true,"index, follow",true,true,45,45
/부산지방법원동부지원지급명령,out/부산지방법원동부지원지급명령.html,true,"index, follow",true,true,2,2
/부산지방법원동부지원채권회수,out/부산지방법원동부지원채권회수.html,true,"index, follow",true,true,0,0
/부산지방법원등기국,out/부산지방법원등기국.html,true,"index, follow",true,true,52,52
/부산지방법원등기국법무사,out/부산지방법원등기국법무사.html,true,"index, follow",true,true,0,0
/부산지방법원등기국법인등기,out/부산지방법원등기국법인등기.html,true,"index, follow",true,true,0,0
/부산지방법원등기국부동산등기,out/부산지방법원등기국부동산등기.html,true,"index, follow",true,true,0,0
/부산지방법원등기국상속등기,out/부산지방법원등기국상속등기.html,true,"index, follow",true,true,0,0
/부산지방법원법무사,out/부산지방법원법무사.html,true,"index, follow",true,true,49,49
/부산지방법원상속등기,out/부산지방법원상속등기.html,true,"index, follow",true,true,0,0
/부산지방법원지급명령,out/부산지방법원지급명령.html,true,"index, follow",true,true,19,19
/부산지방법원채권회수,out/부산지방법원채권회수.html,true,"index, follow",true,true,6,6
/부산지분이전등기,out/부산지분이전등기.html,true,"index, follow",true,true,6,6
/부산지상권설정등기,out/부산지상권설정등기.html,true,"index, follow",true,true,2,2
/부산지점설치등기,out/부산지점설치등기.html,true,"index, follow",true,true,5,5
/부산지점폐지등기,out/부산지점폐지등기.html,true,"index, follow",true,true,3,3
/부산진구법무사,out/부산진구법무사.html,true,"index, follow",true,true,46,46
/부산진구법인등기,out/부산진구법인등기.html,true,"index, follow",true,true,0,0
/부산진구법인설립등기,out/부산진구법인설립등기.html,true,"index, follow",true,true,0,0
/부산진구부동산등기,out/부산진구부동산등기.html,true,"index, follow",true,true,15,15
/부산진구비영리법인설립,out/부산진구비영리법인설립.html,true,"index, follow",true,true,1,1
/부산진구상속등기,out/부산진구상속등기.html,true,"index, follow",true,true,0,0
/부산진구상속포기,out/부산진구상속포기.html,true,"index, follow",true,true,0,0
/부산진구소유권이전등기,out/부산진구소유권이전등기.html,true,"index, follow",true,true,0,0
/부산진구임원변경등기,out/부산진구임원변경등기.html,true,"index, follow",true,true,0,0
/부산진구한정승인,out/부산진구한정승인.html,true,"index, follow",true,true,0,0
/부산진등기소법무사,out/부산진등기소법무사.html,true,"index, follow",true,true,42,42
/부산진등기소부동산등기,out/부산진등기소부동산등기.html,true,"index, follow",true,true,0,0
/부산진등기소소유권이전등기,out/부산진등기소소유권이전등기.html,true,"index, follow",true,true,0,0
/부산집단등기,out/부산집단등기.html,true,"index, follow",true,true,22,1891
/부산집합건물등기,out/부산집합건물등기.html,true,"index, follow",true,true,8,8
/부산집행공탁,out/부산집행공탁.html,true,"index, follow",true,true,6,6
/부산집행문부여신청,out/부산집행문부여신청.html,true,"index, follow",true,true,8,8
/부산채무불이행자명부등재,out/부산채무불이행자명부등재.html,true,"index, follow",true,true,5,5
/부산체육단체법인설립,out/부산체육단체법인설립.html,true,"index, follow",true,true,1,1
/부산토지매매등기,out/부산토지매매등기.html,true,"index, follow",true,true,3,3
/부산토지상속등기,out/부산토지상속등기.html,true,"index, follow",true,true,23,23
/부산특수법인등기,out/부산특수법인등기.html,true,"index, follow",true,true,3,3
/부산파산,out/부산파산.html,true,"index, follow",true,true,47,48
/부산파산법무사,out/부산파산법무사.html,true,"index, follow",true,true,3,3
/부산파산신청,out/부산파산신청.html,true,"index, follow",true,true,1,1
/부산파산전문법무사,out/부산파산전문법무사.html,true,"index, follow",true,true,3,3
/부산학교법인등기,out/부산학교법인등기.html,true,"index, follow",true,true,2,2
/부산한정승인,out/부산한정승인.html,true,"index, follow",true,true,167,170
/부산한정승인전문법무사,out/부산한정승인전문법무사.html,false,"noindex, follow",false,false,1,1
/부산현물출자증자,out/부산현물출자증자.html,true,"index, follow",true,true,3,3
/부산협동조합설립등기,out/부산협동조합설립등기.html,true,"index, follow",true,true,12,12
/부산협회단체법인설립,out/부산협회단체법인설립.html,true,"index, follow",true,true,4,4
/부산형사공탁,out/부산형사공탁.html,true,"index, follow",true,true,5,5
/부산확정일자전세권비교,out/부산확정일자전세권비교.html,true,"index, follow",true,true,4,4
/부산확정일자취득,out/부산확정일자취득.html,true,"index, follow",true,true,2,2
/부산환매특약등기,out/부산환매특약등기.html,true,"index, follow",true,true,2,2
/부산회생법무사,out/부산회생법무사.html,true,"index, follow",true,true,3,3
/부산회생법원개인파산,out/부산회생법원개인파산.html,true,"index, follow",true,true,1,1
/부산회생법원개인회생,out/부산회생법원개인회생.html,true,"index, follow",true,true,41,41
/부산회생법원법무사,out/부산회생법원법무사.html,true,"index, follow",true,true,77,77
/부산회생상담,out/부산회생상담.html,true,"index, follow",true,true,3,3
/부산회생전문법무사,out/부산회생전문법무사.html,true,"index, follow",true,true,2,2
/부산휴면법인계속등기,out/부산휴면법인계속등기.html,true,"index, follow",true,true,5,5
/부전동법무사,out/부전동법무사.html,true,"index, follow",true,true,4,4
/부전동소유권이전등기,out/부전동소유권이전등기.html,true,"index, follow",true,true,0,0
/북구개인회생,out/북구개인회생.html,true,"index, follow",true,true,6,6
/북구법무사,out/북구법무사.html,true,"index, follow",true,true,35,35
/북구법인등기,out/북구법인등기.html,true,"index, follow",true,true,0,0
/북구법인설립등기,out/북구법인설립등기.html,true,"index, follow",true,true,0,0
/북구부동산등기,out/북구부동산등기.html,true,"index, follow",true,true,1,1
/북구상속등기,out/북구상속등기.html,true,"index, follow",true,true,4,4
/북구상속포기,out/북구상속포기.html,true,"index, follow",true,true,0,0
/북구임원변경등기,out/북구임원변경등기.html,true,"index, follow",true,true,0,0
/북구한정승인,out/북구한정승인.html,true,"index, follow",true,true,0,0
/북부산등기소법무사,out/북부산등기소법무사.html,true,"index, follow",true,true,47,47
/북부산등기소부동산등기,out/북부산등기소부동산등기.html,true,"index, follow",true,true,0,0
/북부산등기소상속등기,out/북부산등기소상속등기.html,true,"index, follow",true,true,0,0
/분양권명의이전등기,out/분양권명의이전등기.html,true,"index, follow",true,true,2,2
/분양권입주권상속,out/분양권입주권상속.html,true,"index, follow",true,true,2,2
/불법증축후등기가능여부,out/불법증축후등기가능여부.html,true,"index, follow",true,true,2,2
/비영리민간단체와사단법인차이,out/비영리민간단체와사단법인차이.html,true,"index, follow",true,true,3,3
/비영리법인임원변경등기,out/비영리법인임원변경등기.html,true,"index, follow",true,true,12,12
/비영리법인해산청산등기,out/비영리법인해산청산등기.html,true,"index, follow",true,true,1,1
/사단법인과재단법인차이,out/사단법인과재단법인차이.html,true,"index, follow",true,true,10,10
/사단법인과협동조합차이,out/사단법인과협동조합차이.html,true,"index, follow",true,true,1,1
/사단법인목적변경등기,out/사단법인목적변경등기.html,true,"index, follow",true,true,0,0
/사단법인주사무소이전등기,out/사단법인주사무소이전등기.html,true,"index, follow",true,true,0,0
/사망신고와상속등기차이,out/사망신고와상속등기차이.html,true,"index, follow",true,true,52,52
/사망자재산채무조회,out/사망자재산채무조회.html,true,"index, follow",true,true,64,64
/사망후3개월지난상속,out/사망후3개월지난상속.html,true,"index, follow",true,true,8,8
/사상구개인회생,out/사상구개인회생.html,true,"index, follow",true,true,6,6
/사상구공장창고등기,out/사상구공장창고등기.html,true,"index, follow",true,true,2,2
/사상구법무사,out/사상구법무사.html,true,"index, follow",true,true,39,39
/사상구법인등기,out/사상구법인등기.html,true,"index, follow",true,true,0,0
/사상구법인설립등기,out/사상구법인설립등기.html,true,"index, follow",true,true,0,0
/사상구부동산등기,out/사상구부동산등기.html,true,"index, follow",true,true,7,7
/사상구상속등기,out/사상구상속등기.html,true,"index, follow",true,true,4,4
/사상구상속포기,out/사상구상속포기.html,true,"index, follow",true,true,4,4
/사상구임원변경등기,out/사상구임원변경등기.html,true,"index, follow",true,true,0,0
/사상구한정승인,out/사상구한정승인.html,true,"index, follow",true,true,0,0
/사상법무사,out/사상법무사.html,true,"index, follow",true,true,6,6
/사상역개인회생,out/사상역개인회생.html,true,"index, follow",true,true,0,0
/사상역법무사,out/사상역법무사.html,true,"index, follow",true,true,1,1
/사업자폐업후법인정리,out/사업자폐업후법인정리.html,true,"index, follow",true,true,9,9
/사용승인후등기,out/사용승인후등기.html,true,"index, follow",true,true,3,3
/사직동법무사,out/사직동법무사.html,true,"index, follow",true,true,10,11
/사직동상속등기,out/사직동상속등기.html,true,"index, follow",true,true,0,0
/사직동재건축등기,out/사직동재건축등기.html,true,"index, follow",true,true,0,0
/사진전자파일우편으로서류전달,out/사진전자파일우편으로서류전달.html,true,"index, follow",true,true,12,12
/사하구법무사,out/사하구법무사.html,true,"index, follow",true,true,37,37
/사하구법인등기,out/사하구법인등기.html,true,"index, follow",true,true,1,1
/사하구법인설립등기,out/사하구법인설립등기.html,true,"index, follow",true,true,0,0
/사하구부동산등기,out/사하구부동산등기.html,true,"index, follow",true,true,6,6
/사하구상속등기,out/사하구상속등기.html,true,"index, follow",true,true,4,4
/사하구상속포기,out/사하구상속포기.html,true,"index, follow",true,true,1,1
/사하구임원변경등기,out/사하구임원변경등기.html,true,"index, follow",true,true,0,0
/사하구전세권설정,out/사하구전세권설정.html,true,"index, follow",true,true,0,0
/사하구한정승인,out/사하구한정승인.html,true,"index, follow",true,true,0,0
/사회복지법인설립등기,out/사회복지법인설립등기.html,true,"index, follow",true,true,6,6
/사회복지법인임원변경등기,out/사회복지법인임원변경등기.html,true,"index, follow",true,true,2,2
/사회복지법인해산청산등기,out/사회복지법인해산청산등기.html,true,"index, follow",true,true,1,1
/사회적기업과법인설립차이,out/사회적기업과법인설립차이.html,true,"index, follow",true,true,0,0
/사회적기업과사회적협동조합차이,out/사회적기업과사회적협동조합차이.html,true,"index, follow",true,true,1,1
/사회적협동조합과사단법인차이,out/사회적협동조합과사단법인차이.html,true,"index, follow",true,true,0,0
/산업단지법인등기,out/산업단지법인등기.html,true,"index, follow",true,true,10,10
/상가보존등기,out/상가보존등기.html,true,"index, follow",true,true,1,1
/상담,out/상담.html,true,"index, follow",true,true,7,8
/상속,out/상속.html,true,"index, follow",true,true,113,114
/상속건물멸실등기,out/상속건물멸실등기.html,true,"index, follow",true,true,4,4
/상속등기과태료,out/상속등기과태료.html,true,"index, follow",true,true,0,0
/상속등기기간,out/상속등기기간.html,true,"index, follow",true,true,60,60
/상속등기기한,out/상속등기기한.html,true,"index, follow",true,true,0,0
/상속등기보수표,out/상속등기보수표.html,true,"index, follow",true,true,0,0
/상속등기비용,out/상속등기비용.html,true,"index, follow",true,true,122,122
/상속등기상담,out/상속등기상담.html,true,"index, follow",true,true,0,0
/상속등기실수모음,out/상속등기실수모음.html,true,"index, follow",true,true,1,1
/상속등기자가진단,out/상속등기자가진단.html,true,"index, follow",true,true,137,137
/상속등기준비서류,out/상속등기준비서류.html,true,"index, follow",true,true,1,1
/상속등기체크리스트,out/상속등기체크리스트.html,true,"index, follow",true,true,1,1
/상속등기필요서류,out/상속등기필요서류.html,true,"index, follow",true,true,68,68
/상속등기후매매서류준비,out/상속등기후매매서류준비.html,true,"index, follow",true,true,8,8
/상속상담전준비서류와비용,out/상속상담전준비서류와비용.html,true,"index, follow",true,true,20,20
/상속세신고와등기순서,out/상속세신고와등기순서.html,true,"index, follow",true,true,3,3
/상속여성법무사,out/상속여성법무사.html,true,"index, follow",true,true,6,6
/상속인이여러지역에있는경우,out/상속인이여러지역에있는경우.html,true,"index, follow",true,true,15,15
/상속재산분할협의서준비,out/상속재산분할협의서준비.html,true,"index, follow",true,true,7,7
/상속취득세와등기순서,out/상속취득세와등기순서.html,true,"index, follow",true,true,3,3
/상속포기과태료,out/상속포기과태료.html,true,"index, follow",true,true,0,0
/상속포기기간,out/상속포기기간.html,true,"index, follow",true,true,0,0
/상속포기기한,out/상속포기기한.html,true,"index, follow",true,true,0,0
/상속포기보수표,out/상속포기보수표.html,true,"index, follow",true,true,0,0
/상속포기비용,out/상속포기비용.html,true,"index, follow",true,true,83,83
/상속포기상담,out/상속포기상담.html,true,"index, follow",true,true,0,0
/상속포기자가진단,out/상속포기자가진단.html,true,"index, follow",true,true,117,117
/상속포기준비서류,out/상속포기준비서류.html,true,"index, follow",true,true,0,0
/상속포기필요서류,out/상속포기필요서류.html,true,"index, follow",true,true,27,27
/상속포기후다음순위확인,out/상속포기후다음순위확인.html,true,"index, follow",true,true,1,1
/서구법무사,out/서구법무사.html,true,"index, follow",true,true,27,27
/서구법인등기,out/서구법인등기.html,true,"index, follow",true,true,0,0
/서구법인설립등기,out/서구법인설립등기.html,true,"index, follow",true,true,0,0
/서구부동산등기,out/서구부동산등기.html,true,"index, follow",true,true,3,3
/서구상속등기,out/서구상속등기.html,true,"index, follow",true,true,3,3
/서구상속포기,out/서구상속포기.html,true,"index, follow",true,true,0,0
/서구소유권이전등기,out/서구소유권이전등기.html,true,"index, follow",true,true,3,3
/서구임원변경등기,out/서구임원변경등기.html,true,"index, follow",true,true,0,0
/서구한정승인,out/서구한정승인.html,true,"index, follow",true,true,0,0
/서류가없어도상담가능,out/서류가없어도상담가능.html,true,"index, follow",true,true,0,0
/서면법무사,out/서면법무사.html,true,"index, follow",true,true,20,1889
/서면법인등기,out/서면법인등기.html,true,"index, follow",true,true,0,0
/서면부동산등기,out/서면부동산등기.html,true,"index, follow",true,true,1,1
/서면역법무사,out/서면역법무사.html,true,"index, follow",true,true,2,2
/서면역법인등기,out/서면역법인등기.html,true,"index, follow",true,true,0,0
/서면역부동산등기,out/서면역부동산등기.html,true,"index, follow",true,true,0,0
/선박관리인선임등기,out/선박관리인선임등기.html,true,"index, follow",true,true,10,10
/선박등기,out/선박등기.html,true,"index, follow",true,true,12,24
/선박등기과태료,out/선박등기과태료.html,true,"index, follow",true,true,0,0
/선박등기기간,out/선박등기기간.html,true,"index, follow",true,true,0,0
/선박등기기한,out/선박등기기한.html,true,"index, follow",true,true,0,0
/선박등기보수표,out/선박등기보수표.html,true,"index, follow",true,true,0,0
/선박등기비용,out/선박등기비용.html,true,"index, follow",true,true,0,0
/선박등기와선박등록,out/선박등기와선박등록.html,true,"index, follow",true,true,15,15
/선박등기자가진단,out/선박등기자가진단.html,true,"index, follow",true,true,4,4
/선박등기준비서류,out/선박등기준비서류.html,true,"index, follow",true,true,0,0
/선박등기필요서류,out/선박등기필요서류.html,true,"index, follow",true,true,0,0
/선박상속,out/선박상속.html,true,"index, follow",true,true,15,15
/성년후견자가진단,out/성년후견자가진단.html,true,"index, follow",true,true,5,5
/세무법인설립등기,out/세무법인설립등기.html,true,"index, follow",true,true,4,4
/센텀법무사,out/센텀법무사.html,true,"index, follow",true,true,649,2518
/센텀법인등기,out/센텀법인등기.html,true,"index, follow",true,true,156,156
/센텀법인설립등기,out/센텀법인설립등기.html,true,"index, follow",true,true,14,14
/센텀부동산등기,out/센텀부동산등기.html,true,"index, follow",true,true,2,2
/센텀시티역법무사,out/센텀시티역법무사.html,true,"index, follow",true,true,1,1
/센텀시티역법인등기,out/센텀시티역법인등기.html,true,"index, follow",true,true,0,0
/센텀시티역상속등기,out/센텀시티역상속등기.html,true,"index, follow",true,true,0,0
/센텀여성법무사,out/센텀여성법무사.html,true,"index, follow",true,true,6,6
/센텀임원변경등기,out/센텀임원변경등기.html,true,"index, follow",true,true,5,5
/소유권이전등기과태료,out/소유권이전등기과태료.html,true,"index, follow",true,true,0,0
/소유권이전등기기간,out/소유권이전등기기간.html,true,"index, follow",true,true,0,0
/소유권이전등기기한,out/소유권이전등기기한.html,true,"index, follow",true,true,0,0
/소유권이전등기보수표,out/소유권이전등기보수표.html,true,"index, follow",true,true,0,0
/소유권이전등기비용,out/소유권이전등기비용.html,true,"index, follow",true,true,106,106
/소유권이전등기서류,out/소유권이전등기서류.html,true,"index, follow",true,true,99,99
/소유권이전등기자가진단,out/소유권이전등기자가진단.html,true,"index, follow",true,true,163,163
/소유권이전등기준비서류,out/소유권이전등기준비서류.html,true,"index, follow",true,true,0,0
/소유권이전등기필요서류,out/소유권이전등기필요서류.html,true,"index, follow",true,true,0,0
/송정동법무사,out/송정동법무사.html,true,"index, follow",true,true,1,1
/송정동상속등기,out/송정동상속등기.html,true,"index, follow",true,true,0,0
/수영구개인회생,out/수영구개인회생.html,true,"index, follow",true,true,2,2
/수영구법무사,out/수영구법무사.html,true,"index, follow",true,true,46,46
/수영구법인등기,out/수영구법인등기.html,true,"index, follow",true,true,0,0
/수영구법인설립등기,out/수영구법인설립등기.html,true,"index, follow",true,true,0,0
/수영구부동산등기,out/수영구부동산등기.html,true,"index, follow",true,true,102,102
/수영구비영리법인설립,out/수영구비영리법인설립.html,true,"index, follow",true,true,2,2
/수영구상속등기,out/수영구상속등기.html,true,"index, follow",true,true,36,36
/수영구상속포기,out/수영구상속포기.html,true,"index, follow",true,true,0,0
/수영구임원변경등기,out/수영구임원변경등기.html,true,"index, follow",true,true,0,0
/수영구전세권설정,out/수영구전세권설정.html,true,"index, follow",true,true,2,2
/수영구한정승인,out/수영구한정승인.html,true,"index, follow",true,true,0,0
/신용회복과개인회생차이,out/신용회복과개인회생차이.html,true,"index, follow",true,true,2,2
/신축보존등기,out/신축보존등기.html,true,"index, follow",true,true,2,2
/신축보존등기체크리스트,out/신축보존등기체크리스트.html,true,"index, follow",true,true,2,2
/신축전기존건물철거등기순서,out/신축전기존건물철거등기순서.html,true,"index, follow",true,true,3,3
/신축집단등기,out/신축집단등기.html,true,"index, follow",true,true,1,1
/아파트집단등기,out/아파트집단등기.html,true,"index, follow",true,true,2,2
/안락동법무사,out/안락동법무사.html,true,"index, follow",true,true,2,2
/안심상속원스톱서비스이후,out/안심상속원스톱서비스이후.html,true,"index, follow",true,true,8,8
/압류말소등기서류준비,out/압류말소등기서류준비.html,true,"index, follow",true,true,6,6
/양정동법무사,out/양정동법무사.html,true,"index, follow",true,true,3,3
/양정동상속등기,out/양정동상속등기.html,true,"index, follow",true,true,0,0
/어업회사법인설립,out/어업회사법인설립.html,true,"index, follow",true,true,2,2
/업무사례/가평상속등기법무사,out/업무사례/가평상속등기법무사.html,true,"index, follow",true,true,0,0
/업무사례/강남구상속등기법무사,out/업무사례/강남구상속등기법무사.html,true,"index, follow",true,true,4,4
/업무사례/강동구상속등기법무사,out/업무사례/강동구상속등기법무사.html,true,"index, follow",true,true,2,2
/업무사례/강릉상속등기법무사,out/업무사례/강릉상속등기법무사.html,true,"index, follow",true,true,10,10
/업무사례/강서구법무사,out/업무사례/강서구법무사.html,true,"index, follow",true,true,140,140
/업무사례/강서구상속등기법무사,out/업무사례/강서구상속등기법무사.html,true,"index, follow",true,true,4,4
/업무사례/강원상속등기법무사,out/업무사례/강원상속등기법무사.html,true,"index, follow",true,true,12,12
/업무사례/강화도상속등기법무사,out/업무사례/강화도상속등기법무사.html,true,"index, follow",true,true,2,2
/업무사례/거제상속등기법무사,out/업무사례/거제상속등기법무사.html,true,"index, follow",true,true,6,6
/업무사례/거제상속포기법무사,out/업무사례/거제상속포기법무사.html,true,"index, follow",true,true,1,1
/업무사례/거창상속등기법무사,out/업무사례/거창상속등기법무사.html,true,"index, follow",true,true,6,6
/업무사례/경기광주상속등기법무사,out/업무사례/경기광주상속등기법무사.html,true,"index, follow",true,true,6,6
/업무사례/경기상속등기법무사,out/업무사례/경기상속등기법무사.html,true,"index, follow",true,true,63,63
/업무사례/경남공장공동근저당권,out/업무사례/경남공장공동근저당권.html,true,"index, follow",true,true,2,2
/업무사례/경남법무사업무,out/업무사례/경남법무사업무.html,true,"index, follow",true,true,144,2015
/업무사례/경남법인등기법무사,out/업무사례/경남법인등기법무사.html,true,"index, follow",true,true,19,19
/업무사례/경남비대면상속안내,out/업무사례/경남비대면상속안내.html,true,"index, follow",true,true,23,23
/업무사례/경남상속등기법무사,out/업무사례/경남상속등기법무사.html,true,"index, follow",true,true,16,16
/업무사례/경남상속등기비용,out/업무사례/경남상속등기비용.html,true,"index, follow",true,true,3,3
/업무사례/경남여러필지토지상속,out/업무사례/경남여러필지토지상속.html,true,"index, follow",true,true,10,10
/업무사례/경남오래된상속등기,out/업무사례/경남오래된상속등기.html,true,"index, follow",true,true,8,8
/업무사례/경남유증등기법무사,out/업무사례/경남유증등기법무사.html,true,"index, follow",true,true,1,1
/업무사례/경남조부모명의토지상속,out/업무사례/경남조부모명의토지상속.html,true,"index, follow",true,true,5,5
/업무사례/경북농지상속등기,out/업무사례/경북농지상속등기.html,true,"index, follow",true,true,13,13
/업무사례/경북법무사업무,out/업무사례/경북법무사업무.html,true,"index, follow",true,true,76,76
/업무사례/경북법인등기법무사,out/업무사례/경북법인등기법무사.html,true,"index, follow",true,true,7,7
/업무사례/경북상속등기법무사,out/업무사례/경북상속등기법무사.html,true,"index, follow",true,true,10,10
/업무사례/경북상속등기비용,out/업무사례/경북상속등기비용.html,true,"index, follow",true,true,6,6
/업무사례/경북상속등기필요서류,out/업무사례/경북상속등기필요서류.html,true,"index, follow",true,true,5,5
/업무사례/경북오래된상속등기,out/업무사례/경북오래된상속등기.html,true,"index, follow",true,true,6,6
/업무사례/경북임야상속등기,out/업무사례/경북임야상속등기.html,true,"index, follow",true,true,7,7
/업무사례/경북조부모명의토지상속,out/업무사례/경북조부모명의토지상속.html,true,"index, follow",true,true,10,10
/업무사례/경북토지상속등기,out/업무사례/경북토지상속등기.html,true,"index, follow",true,true,22,22
/업무사례/경산상속등기법무사,out/업무사례/경산상속등기법무사.html,true,"index, follow",true,true,13,13
/업무사례/경주상속등기법무사,out/업무사례/경주상속등기법무사.html,true,"index, follow",true,true,7,7
/업무사례/경주오래된토지상속등기,out/업무사례/경주오래된토지상속등기.html,true,"index, follow",true,true,1,1
/업무사례/고령성주상속등기법무사,out/업무사례/고령성주상속등기법무사.html,true,"index, follow",true,true,0,0
/업무사례/고성군상속등기법무사,out/업무사례/고성군상속등기법무사.html,true,"index, follow",true,true,3,3
/업무사례/고양상속등기법무사,out/업무사례/고양상속등기법무사.html,true,"index, follow",true,true,6,6
/업무사례/공주상속등기법무사,out/업무사례/공주상속등기법무사.html,true,"index, follow",true,true,0,0
/업무사례/관악구상속등기법무사,out/업무사례/관악구상속등기법무사.html,true,"index, follow",true,true,2,2
/업무사례/광교상속등기법무사,out/업무사례/광교상속등기법무사.html,true,"index, follow",true,true,2,2
/업무사례/광명상속등기법무사,out/업무사례/광명상속등기법무사.html,true,"index, follow",true,true,6,6
/업무사례/광양상속등기법무사,out/업무사례/광양상속등기법무사.html,true,"index, follow",true,true,6,6
/업무사례/광주상속등기법무사,out/업무사례/광주상속등기법무사.html,true,"index, follow",true,true,0,0
/업무사례/구로구상속등기법무사,out/업무사례/구로구상속등기법무사.html,true,"index, follow",true,true,2,2
/업무사례/구리상속등기법무사,out/업무사례/구리상속등기법무사.html,true,"index, follow",true,true,2,2
/업무사례/구미상속등기법무사,out/업무사례/구미상속등기법무사.html,true,"index, follow",true,true,13,13
/업무사례/구미에서부산법인본점이전,out/업무사례/구미에서부산법인본점이전.html,true,"index, follow",true,true,5,5
/업무사례/군산상속등기법무사,out/업무사례/군산상속등기법무사.html,true,"index, follow",true,true,6,6
/업무사례/군포상속등기법무사,out/업무사례/군포상속등기법무사.html,true,"index, follow",true,true,0,0
/업무사례/금정구법무사,out/업무사례/금정구법무사.html,true,"index, follow",true,true,71,71
/업무사례/기장군법무사,out/업무사례/기장군법무사.html,true,"index, follow",true,true,71,71
/업무사례/김천상속등기법무사,out/업무사례/김천상속등기법무사.html,true,"index, follow",true,true,6,6
/업무사례/김포상속등기법무사,out/업무사례/김포상속등기법무사.html,true,"index, follow",true,true,2,2
/업무사례/김해거주부산부동산상속,out/업무사례/김해거주부산부동산상속.html,true,"index, follow",true,true,1,1
/업무사례/김해법인등기법무사,out/업무사례/김해법인등기법무사.html,true,"index, follow",true,true,10,10
/업무사례/김해상속등기법무사,out/업무사례/김해상속등기법무사.html,true,"index, follow",true,true,20,20
/업무사례/김해상속등기비용,out/업무사례/김해상속등기비용.html,true,"index, follow",true,true,7,7
/업무사례/김해상속등기필요서류,out/업무사례/김해상속등기필요서류.html,true,"index, follow",true,true,7,7
/업무사례/김해에서부산법인본점이전,out/업무사례/김해에서부산법인본점이전.html,true,"index, follow",true,true,4,4
/업무사례/나주정읍상속등기법무사,out/업무사례/나주정읍상속등기법무사.html,true,"index, follow",true,true,0,0
/업무사례/남구법무사,out/업무사례/남구법무사.html,true,"index, follow",true,true,53,53
/업무사례/남동구상속등기법무사,out/업무사례/남동구상속등기법무사.html,true,"index, follow",true,true,2,2
/업무사례/남양주상속등기법무사,out/업무사례/남양주상속등기법무사.html,true,"index, follow",true,true,8,8
/업무사례/남원상속등기법무사,out/업무사례/남원상속등기법무사.html,true,"index, follow",true,true,0,0
/업무사례/남해상속등기법무사,out/업무사례/남해상속등기법무사.html,true,"index, follow",true,true,6,6
/업무사례/노원구상속등기법무사,out/업무사례/노원구상속등기법무사.html,true,"index, follow",true,true,2,2
/업무사례/당진상속등기법무사,out/업무사례/당진상속등기법무사.html,true,"index, follow",true,true,4,4
/업무사례/대구경북공동담보등기,out/업무사례/대구경북공동담보등기.html,true,"index, follow",true,true,2,2
/업무사례/대구군위군상속등기법무사,out/업무사례/대구군위군상속등기법무사.html,true,"index, follow",true,true,4,4
/업무사례/대구남구상속등기법무사,out/업무사례/대구남구상속등기법무사.html,true,"index, follow",true,true,0,0
/업무사례/대구다사상속등기,out/업무사례/대구다사상속등기.html,true,"index, follow",true,true,6,6
/업무사례/대구달서구상속등기법무사,out/업무사례/대구달서구상속등기법무사.html,true,"index, follow",true,true,10,10
/업무사례/대구달성군상속등기법무사,out/업무사례/대구달성군상속등기법무사.html,true,"index, follow",true,true,8,8
/업무사례/대구동구상속등기법무사,out/업무사례/대구동구상속등기법무사.html,true,"index, follow",true,true,4,4
/업무사례/대구만촌동상속등기,out/업무사례/대구만촌동상속등기.html,true,"index, follow",true,true,4,4
/업무사례/대구범어동상속등기,out/업무사례/대구범어동상속등기.html,true,"index, follow",true,true,10,10
/업무사례/대구법무사업무,out/업무사례/대구법무사업무.html,true,"index, follow",true,true,55,55
/업무사례/대구부산공동근저당권,out/업무사례/대구부산공동근저당권.html,true,"index, follow",true,true,6,6
/업무사례/대구북구상속등기법무사,out/업무사례/대구북구상속등기법무사.html,true,"index, follow",true,true,4,4
/업무사례/대구상속등기법무사,out/업무사례/대구상속등기법무사.html,true,"index, follow",true,true,19,19
/업무사례/대구상속등기비용,out/업무사례/대구상속등기비용.html,true,"index, follow",true,true,20,20
/업무사례/대구상속등기필요서류,out/업무사례/대구상속등기필요서류.html,true,"index, follow",true,true,10,10
/업무사례/대구상인동상속등기,out/업무사례/대구상인동상속등기.html,true,"index, follow",true,true,2,2
/업무사례/대구서구상속등기법무사,out/업무사례/대구서구상속등기법무사.html,true,"index, follow",true,true,0,0
/업무사례/대구성서상속등기,out/업무사례/대구성서상속등기.html,true,"index, follow",true,true,12,12
/업무사례/대구수성구상속등기법무사,out/업무사례/대구수성구상속등기법무사.html,true,"index, follow",true,true,18,18
/업무사례/대구시지상속등기,out/업무사례/대구시지상속등기.html,true,"index, follow",true,true,2,2
/업무사례/대구아파트상속등기,out/업무사례/대구아파트상속등기.html,true,"index, follow",true,true,4,4
/업무사례/대구에서부산법인본점이전,out/업무사례/대구에서부산법인본점이전.html,true,"index, follow",true,true,6,6
/업무사례/대구월성동상속등기,out/업무사례/대구월성동상속등기.html,true,"index, follow",true,true,2,2
/업무사례/대구유증등기법무사,out/업무사례/대구유증등기법무사.html,true,"index, follow",true,true,0,0
/업무사례/대구중구상속등기법무사,out/업무사례/대구중구상속등기법무사.html,true,"index, follow",true,true,8,8
/업무사례/대구토지상속등기,out/업무사례/대구토지상속등기.html,true,"index, follow",true,true,6,6
/업무사례/대구현풍상속등기,out/업무사례/대구현풍상속등기.html,true,"index, follow",true,true,8,8
/업무사례/대전상속등기법무사,out/업무사례/대전상속등기법무사.html,true,"index, follow",true,true,6,6
/업무사례/대전서구상속등기법무사,out/업무사례/대전서구상속등기법무사.html,true,"index, follow",true,true,0,0
/업무사례/대전유성구상속등기법무사,out/업무사례/대전유성구상속등기법무사.html,true,"index, follow",true,true,6,6
/업무사례/동구법무사,out/업무사례/동구법무사.html,true,"index, follow",true,true,36,36
/업무사례/동래구법무사,out/업무사례/동래구법무사.html,true,"index, follow",true,true,56,56
/업무사례/동탄상속등기법무사,out/업무사례/동탄상속등기법무사.html,true,"index, follow",true,true,2,2
/업무사례/동해삼척상속등기법무사,out/업무사례/동해삼척상속등기법무사.html,true,"index, follow",true,true,0,0
/업무사례/마산합포구상속등기법무사,out/업무사례/마산합포구상속등기법무사.html,true,"index, follow",true,true,7,7
/업무사례/마산회원구상속등기법무사,out/업무사례/마산회원구상속등기법무사.html,true,"index, follow",true,true,5,5
/업무사례/마포구상속등기법무사,out/업무사례/마포구상속등기법무사.html,true,"index, follow",true,true,8,8
/업무사례/목포상속등기법무사,out/업무사례/목포상속등기법무사.html,true,"index, follow",true,true,6,6
/업무사례/문경상속등기법무사,out/업무사례/문경상속등기법무사.html,true,"index, follow",true,true,4,4
/업무사례/물금상속등기법무사,out/업무사례/물금상속등기법무사.html,true,"index, follow",true,true,10,10
/업무사례/밀양상속등기법무사,out/업무사례/밀양상속등기법무사.html,true,"index, follow",true,true,5,5
/업무사례/부산BIFC법무사,out/업무사례/부산BIFC법무사.html,false,"noindex, follow",false,false,0,0
/업무사례/부산가덕도법무사,out/업무사례/부산가덕도법무사.html,true,"index, follow",true,true,1,1
/업무사례/부산가덕도신공항법무사,out/업무사례/부산가덕도신공항법무사.html,true,"index, follow",true,true,1,1
/업무사례/부산가락동법무사,out/업무사례/부산가락동법무사.html,true,"index, follow",true,true,1,1
/업무사례/부산가야동법무사,out/업무사례/부산가야동법무사.html,true,"index, follow",true,true,44,44
/업무사례/부산가야역법무사,out/업무사례/부산가야역법무사.html,false,"noindex, follow",false,false,0,0
/업무사례/부산가정법원법무사,out/업무사례/부산가정법원법무사.html,true,"index, follow",true,true,1,1
/업무사례/부산감만동법무사,out/업무사례/부산감만동법무사.html,true,"index, follow",true,true,36,36
/업무사례/부산감전동법무사,out/업무사례/부산감전동법무사.html,true,"index, follow",true,true,42,42
/업무사례/부산감천동법무사,out/업무사례/부산감천동법무사.html,true,"index, follow",true,true,40,40
/업무사례/부산감천문화마을법무사,out/업무사례/부산감천문화마을법무사.html,true,"index, follow",true,true,2,2
/업무사례/부산강동동법무사,out/업무사례/부산강동동법무사.html,true,"index, follow",true,true,94,94
/업무사례/부산강서서부지원법무사,out/업무사례/부산강서서부지원법무사.html,false,"noindex, follow",false,false,0,0
/업무사례/부산강서해성산업단지법무사,out/업무사례/부산강서해성산업단지법무사.html,true,"index, follow",true,true,1,1
/업무사례/부산개금동법무사,out/업무사례/부산개금동법무사.html,true,"index, follow",true,true,44,44
/업무사례/부산개금역법무사,out/업무사례/부산개금역법무사.html,false,"noindex, follow",false,false,0,0
/업무사례/부산거제1동법무사,out/업무사례/부산거제1동법무사.html,false,"noindex, follow",false,false,0,0
/업무사례/부산거제2동법무사,out/업무사례/부산거제2동법무사.html,false,"noindex, follow",false,false,0,0
/업무사례/부산거제3동법무사,out/업무사례/부산거제3동법무사.html,false,"noindex, follow",false,false,0,0
/업무사례/부산거제4동법무사,out/업무사례/부산거제4동법무사.html,false,"noindex, follow",false,false,0,0
/업무사례/부산거제동법무사,out/업무사례/부산거제동법무사.html,true,"index, follow",true,true,58,58
/업무사례/부산거제동법원법무사,out/업무사례/부산거제동법원법무사.html,false,"noindex, follow",false,false,0,0
/업무사례/부산거제역법무사,out/업무사례/부산거제역법무사.html,false,"noindex, follow",false,false,0,0
/업무사례/부산거주김해부동산상속,out/업무사례/부산거주김해부동산상속.html,true,"index, follow",true,true,5,5
/업무사례/부산거주양산부동산상속,out/업무사례/부산거주양산부동산상속.html,true,"index, follow",true,true,6,6
/업무사례/부산경성대법무사,out/업무사례/부산경성대법무사.html,true,"index, follow",true,true,2,2
/업무사례/부산고등법원법무사,out/업무사례/부산고등법원법무사.html,false,"noindex, follow",false,false,0,0
/업무사례/부산과학기술대학교법무사,out/업무사례/부산과학기술대학교법무사.html,true,"index, follow",true,true,1,1
/업무사례/부산광복동법무사,out/업무사례/부산광복동법무사.html,true,"index, follow",true,true,2,2
/업무사례/부산광안1동법무사,out/업무사례/부산광안1동법무사.html,false,"noindex, follow",false,false,0,0
/업무사례/부산광안2동법무사,out/업무사례/부산광안2동법무사.html,false,"noindex, follow",false,false,0,0
/업무사례/부산광안3동법무사,out/업무사례/부산광안3동법무사.html,false,"noindex, follow",false,false,0,0
/업무사례/부산광안4동법무사,out/업무사례/부산광안4동법무사.html,false,"noindex, follow",false,false,0,0
/업무사례/부산광안대교법무사,out/업무사례/부산광안대교법무사.html,false,"noindex, follow",false,false,0,0
/업무사례/부산광안동법무사,out/업무사례/부산광안동법무사.html,true,"index, follow",true,true,50,50
/업무사례/부산광안리법무사,out/업무사례/부산광안리법무사.html,true,"index, follow",true,true,8,8
/업무사례/부산광안역법무사,out/업무사례/부산광안역법무사.html,false,"noindex, follow",false,false,0,0
/업무사례/부산괘법동법무사,out/업무사례/부산괘법동법무사.html,true,"index, follow",true,true,42,42
/업무사례/부산괘법르네시떼역법무사,out/업무사례/부산괘법르네시떼역법무사.html,false,"noindex, follow",false,false,0,0
/업무사례/부산괴정동법무사,out/업무사례/부산괴정동법무사.html,true,"index, follow",true,true,40,40
/업무사례/부산교대역법무사,out/업무사례/부산교대역법무사.html,true,"index, follow",true,true,34,34
/업무사례/부산구랑동법무사,out/업무사례/부산구랑동법무사.html,true,"index, follow",true,true,94,94
/업무사례/부산구서동법무사,out/업무사례/부산구서동법무사.html,true,"index, follow",true,true,48,48
/업무사례/부산구서역법무사,out/업무사례/부산구서역법무사.html,false,"noindex, follow",false,false,0,0
/업무사례/부산구평동법무사,out/업무사례/부산구평동법무사.html,true,"index, follow",true,true,40,40
/업무사례/부산구포동법무사,out/업무사례/부산구포동법무사.html,true,"index, follow",true,true,34,34
/업무사례/부산구포시장법무사,out/업무사례/부산구포시장법무사.html,false,"noindex, follow",false,false,0,0
/업무사례/부산구포역법무사,out/업무사례/부산구포역법무사.html,true,"index, follow",true,true,2,2
/업무사례/부산국립해양박물관법무사,out/업무사례/부산국립해양박물관법무사.html,false,"noindex, follow",false,false,0,0
/업무사례/부산국제금융센터법무사,out/업무사례/부산국제금융센터법무사.html,true,"index, follow",true,true,1,1
/업무사례/부산국제산업물류도시법무사,out/업무사례/부산국제산업물류도시법무사.html,true,"index, follow",true,true,1,1
/업무사례/부산국제시장법무사,out/업무사례/부산국제시장법무사.html,true,"index, follow",true,true,2,2
/업무사례/부산근대역사관법무사,out/업무사례/부산근대역사관법무사.html,false,"noindex, follow",false,false,0,0
/업무사례/부산금곡도시첨단산업단지법무사,out/업무사례/부산금곡도시첨단산업단지법무사.html,true,"index, follow",true,true,2,2
/업무사례/부산금곡동법무사,out/업무사례/부산금곡동법무사.html,true,"index, follow",true,true,34,34
/업무사례/부산금곡역법무사,out/업무사례/부산금곡역법무사.html,false,"noindex, follow",false,false,0,0
/업무사례/부산금련산역법무사,out/업무사례/부산금련산역법무사.html,true,"index, follow",true,true,2,2
/업무사례/부산금사공업지역법무사,out/업무사례/부산금사공업지역법무사.html,true,"index, follow",true,true,1,1
/업무사례/부산금사동법무사,out/업무사례/부산금사동법무사.html,true,"index, follow",true,true,48,48
/업무사례/부산금성동법무사,out/업무사례/부산금성동법무사.html,true,"index, follow",true,true,48,48
/업무사례/부산금정구청법무사,out/업무사례/부산금정구청법무사.html,false,"noindex, follow",false,false,0,0
/업무사례/부산기장군청법무사,out/업무사례/부산기장군청법무사.html,false,"noindex, follow",false,false,0,0
/업무사례/부산기장시장법무사,out/업무사례/부산기장시장법무사.html,true,"index, follow",true,true,2,2
/업무사례/부산기장역법무사,out/업무사례/부산기장역법무사.html,true,"index, follow",true,true,2,2
/업무사례/부산기장읍법무사,out/업무사례/부산기장읍법무사.html,true,"index, follow",true,true,48,48
/업무사례/부산김해양산공동근저당권,out/업무사례/부산김해양산공동근저당권.html,true,"index, follow",true,true,5,5
/업무사례/부산낙민동법무사,out/업무사례/부산낙민동법무사.html,true,"index, follow",true,true,38,38
/업무사례/부산남부민동법무사,out/업무사례/부산남부민동법무사.html,true,"index, follow",true,true,30,30
/업무사례/부산남산동법무사,out/업무사례/부산남산동법무사.html,true,"index, follow",true,true,29,29
/업무사례/부산남산역법무사,out/업무사례/부산남산역법무사.html,false,"noindex, follow",false,false,0,0
/업무사례/부산남천1동법무사,out/업무사례/부산남천1동법무사.html,false,"noindex, follow",false,false,0,0
/업무사례/부산남천2동법무사,out/업무사례/부산남천2동법무사.html,false,"noindex, follow",false,false,0,0
/업무사례/부산남천동법무사,out/업무사례/부산남천동법무사.html,true,"index, follow",true,true,50,50
/업무사례/부산남천역법무사,out/업무사례/부산남천역법무사.html,false,"noindex, follow",false,false,0,0
/업무사례/부산남포동법무사,out/업무사례/부산남포동법무사.html,true,"index, follow",true,true,2,2
/업무사례/부산남항동법무사,out/업무사례/부산남항동법무사.html,true,"index, follow",true,true,28,28
/업무사례/부산낫개역법무사,out/업무사례/부산낫개역법무사.html,true,"index, follow",true,true,2,2
/업무사례/부산냉정역법무사,out/업무사례/부산냉정역법무사.html,true,"index, follow",true,true,2,2
/업무사례/부산노포동법무사,out/업무사례/부산노포동법무사.html,true,"index, follow",true,true,25,25
/업무사례/부산노포역법무사,out/업무사례/부산노포역법무사.html,true,"index, follow",true,true,1,1
/업무사례/부산녹산국가산업단지법무사,out/업무사례/부산녹산국가산업단지법무사.html,true,"index, follow",true,true,1,1
/업무사례/부산녹산동법무사,out/업무사례/부산녹산동법무사.html,true,"index, follow",true,true,1,1
/업무사례/부산눌차동법무사,out/업무사례/부산눌차동법무사.html,true,"index, follow",true,true,94,94
/업무사례/부산다대동법무사,out/업무사례/부산다대동법무사.html,true,"index, follow",true,true,8,8
/업무사례/부산다대포법무사,out/업무사례/부산다대포법무사.html,true,"index, follow",true,true,2,2
/업무사례/부산다대포해수욕장역법무사,out/업무사례/부산다대포해수욕장역법무사.html,false,"noindex, follow",false,false,0,0
/업무사례/부산달맞이길법무사,out/업무사례/부산달맞이길법무사.html,true,"index, follow",true,true,1,1
/업무사례/부산당감동법무사,out/업무사례/부산당감동법무사.html,true,"index, follow",true,true,44,44
/업무사례/부산당리동법무사,out/업무사례/부산당리동법무사.html,true,"index, follow",true,true,21,21
/업무사례/부산대교동법무사,out/업무사례/부산대교동법무사.html,true,"index, follow",true,true,28,28
/업무사례/부산대법무사,out/업무사례/부산대법무사.html,true,"index, follow",true,true,1,1
/업무사례/부산대역법무사,out/업무사례/부산대역법무사.html,false,"noindex, follow",false,false,0,0
/업무사례/부산대연동법무사,out/업무사례/부산대연동법무사.html,true,"index, follow",true,true,36,36
/업무사례/부산대연역법무사,out/업무사례/부산대연역법무사.html,false,"noindex, follow",false,false,0,0
/업무사례/부산대연혁신지구법무사,out/업무사례/부산대연혁신지구법무사.html,true,"index, follow",true,true,2,2
/업무사례/부산대저동법무사,out/업무사례/부산대저동법무사.html,true,"index, follow",true,true,51,51
/업무사례/부산대창동법무사,out/업무사례/부산대창동법무사.html,true,"index, follow",true,true,1,1
/업무사례/부산대청동법무사,out/업무사례/부산대청동법무사.html,true,"index, follow",true,true,31,31
/업무사례/부산대평동법무사,out/업무사례/부산대평동법무사.html,true,"index, follow",true,true,27,27
/업무사례/부산대학병원법무사,out/업무사례/부산대학병원법무사.html,true,"index, follow",true,true,1,1
/업무사례/부산대항동법무사,out/업무사례/부산대항동법무사.html,true,"index, follow",true,true,47,47
/업무사례/부산덕천동법무사,out/업무사례/부산덕천동법무사.html,true,"index, follow",true,true,33,33
/업무사례/부산덕천역법무사,out/업무사례/부산덕천역법무사.html,true,"index, follow",true,true,1,1
/업무사례/부산덕포동법무사,out/업무사례/부산덕포동법무사.html,true,"index, follow",true,true,41,41
/업무사례/부산동광동법무사,out/업무사례/부산동광동법무사.html,true,"index, follow",true,true,31,31
/업무사례/부산동남권방사선의과학산업단지법무사,out/업무사례/부산동남권방사선의과학산업단지법무사.html,true,"index, follow",true,true,0,0
/업무사례/부산동대신동법무사,out/업무사례/부산동대신동법무사.html,true,"index, follow",true,true,1,1
/업무사례/부산동래구청법무사,out/업무사례/부산동래구청법무사.html,false,"noindex, follow",false,false,0,0
/업무사례/부산동래문화회관법무사,out/업무사례/부산동래문화회관법무사.html,false,"noindex, follow",false,false,0,0
/업무사례/부산동래시장법무사,out/업무사례/부산동래시장법무사.html,true,"index, follow",true,true,0,0
/업무사례/부산동래역법무사,out/업무사례/부산동래역법무사.html,true,"index, follow",true,true,1,1
/업무사례/부산동매역법무사,out/업무사례/부산동매역법무사.html,true,"index, follow",true,true,0,0
/업무사례/부산동부산관광단지법무사,out/업무사례/부산동부산관광단지법무사.html,false,"noindex, follow",false,false,0,0
/업무사례/부산동부산롯데아울렛법무사,out/업무사례/부산동부산롯데아울렛법무사.html,false,"noindex, follow",false,false,0,0
/업무사례/부산동부지원법무사,out/업무사례/부산동부지원법무사.html,true,"index, follow",true,true,0,0
/업무사례/부산동삼동법무사,out/업무사례/부산동삼동법무사.html,true,"index, follow",true,true,18,18
/업무사례/부산동삼혁신지구법무사,out/업무사례/부산동삼혁신지구법무사.html,true,"index, follow",true,true,1,1
/업무사례/부산동선동법무사,out/업무사례/부산동선동법무사.html,true,"index, follow",true,true,7,7
/업무사례/부산동아대병원법무사,out/업무사례/부산동아대병원법무사.html,false,"noindex, follow",false,false,0,0
/업무사례/부산동의대역법무사,out/업무사례/부산동의대역법무사.html,true,"index, follow",true,true,0,0
/업무사례/부산두구동법무사,out/업무사례/부산두구동법무사.html,true,"index, follow",true,true,7,7
/업무사례/부산두실역법무사,out/업무사례/부산두실역법무사.html,true,"index, follow",true,true,0,0
/업무사례/부산등기국법무사,out/업무사례/부산등기국법무사.html,false,"noindex, follow",false,false,0,0
/업무사례/부산롯데월드어드벤처법무사,out/업무사례/부산롯데월드어드벤처법무사.html,false,"noindex, follow",false,false,0,0
/업무사례/부산마린시티법무사,out/업무사례/부산마린시티법무사.html,true,"index, follow",true,true,1,1
/업무사례/부산만덕동법무사,out/업무사례/부산만덕동법무사.html,true,"index, follow",true,true,21,21
/업무사례/부산만덕역법무사,out/업무사례/부산만덕역법무사.html,false,"noindex, follow",false,false,0,0
/업무사례/부산망미1동법무사,out/업무사례/부산망미1동법무사.html,false,"noindex, follow",false,false,0,0
/업무사례/부산망미2동법무사,out/업무사례/부산망미2동법무사.html,false,"noindex, follow",false,false,0,0
/업무사례/부산망미단길법무사,out/업무사례/부산망미단길법무사.html,true,"index, follow",true,true,1,1
/업무사례/부산망미동법무사,out/업무사례/부산망미동법무사.html,true,"index, follow",true,true,49,49
/업무사례/부산망미역법무사,out/업무사례/부산망미역법무사.html,false,"noindex, follow",false,false,0,0
/업무사례/부산명동산업단지법무사,out/업무사례/부산명동산업단지법무사.html,true,"index, follow",true,true,0,0
/업무사례/부산명례산업단지법무사,out/업무사례/부산명례산업단지법무사.html,true,"index, follow",true,true,0,0
/업무사례/부산명륜동법무사,out/업무사례/부산명륜동법무사.html,true,"index, follow",true,true,37,37
/업무사례/부산명서산업단지법무사,out/업무사례/부산명서산업단지법무사.html,true,"index, follow",true,true,0,0
/업무사례/부산명장동법무사,out/업무사례/부산명장동법무사.html,true,"index, follow",true,true,37,37
/업무사례/부산명지국제신도시법무사,out/업무사례/부산명지국제신도시법무사.html,false,"noindex, follow",false,false,0,0
/업무사례/부산명지동법무사,out/업무사례/부산명지동법무사.html,true,"index, follow",true,true,1,1
/업무사례/부산명지법무사,out/업무사례/부산명지법무사.html,true,"index, follow",true,true,0,0
/업무사례/부산모라도시첨단산업단지법무사,out/업무사례/부산모라도시첨단산업단지법무사.html,true,"index, follow",true,true,0,0
/업무사례/부산모라동법무사,out/업무사례/부산모라동법무사.html,true,"index, follow",true,true,25,25
/업무사례/부산못골역법무사,out/업무사례/부산못골역법무사.html,true,"index, follow",true,true,0,0
/업무사례/부산문현금융단지법무사,out/업무사례/부산문현금융단지법무사.html,true,"index, follow",true,true,1,1
/업무사례/부산문현동법무사,out/업무사례/부산문현동법무사.html,true,"index, follow",true,true,18,18
/업무사례/부산문현역법무사,out/업무사례/부산문현역법무사.html,false,"noindex, follow",false,false,0,0
/업무사례/부산미남역법무사,out/업무사례/부산미남역법무사.html,true,"index, follow",true,true,1,1
/업무사례/부산미음동법무사,out/업무사례/부산미음동법무사.html,true,"index, follow",true,true,1,1
/업무사례/부산미음산업단지법무사,out/업무사례/부산미음산업단지법무사.html,true,"index, follow",true,true,0,0
/업무사례/부산미포법무사,out/업무사례/부산미포법무사.html,false,"noindex, follow",false,false,0,0
/업무사례/부산민락동법무사,out/업무사례/부산민락동법무사.html,true,"index, follow",true,true,29,29
/업무사례/부산민락수변공원법무사,out/업무사례/부산민락수변공원법무사.html,false,"noindex, follow",false,false,0,0
/업무사례/부산민락항법무사,out/업무사례/부산민락항법무사.html,false,"noindex, follow",false,false,0,0
/업무사례/부산반룡산업단지법무사,out/업무사례/부산반룡산업단지법무사.html,true,"index, follow",true,true,0,0
/업무사례/부산반송1동법무사,out/업무사례/부산반송1동법무사.html,false,"noindex, follow",false,false,0,0
/업무사례/부산반송2동법무사,out/업무사례/부산반송2동법무사.html,false,"noindex, follow",false,false,0,0
/업무사례/부산반송동법무사,out/업무사례/부산반송동법무사.html,true,"index, follow",true,true,7,7
/업무사례/부산반여1동법무사,out/업무사례/부산반여1동법무사.html,false,"noindex, follow",false,false,0,0
/업무사례/부산반여2동법무사,out/업무사례/부산반여2동법무사.html,false,"noindex, follow",false,false,0,0
/업무사례/부산반여3동법무사,out/업무사례/부산반여3동법무사.html,false,"noindex, follow",false,false,0,0
/업무사례/부산반여4동법무사,out/업무사례/부산반여4동법무사.html,false,"noindex, follow",false,false,0,0
/업무사례/부산반여농산물시장법무사,out/업무사례/부산반여농산물시장법무사.html,true,"index, follow",true,true,0,0
/업무사례/부산반여동법무사,out/업무사례/부산반여동법무사.html,true,"index, follow",true,true,50,50
/업무사례/부산범방동법무사,out/업무사례/부산범방동법무사.html,true,"index, follow",true,true,1,1
/업무사례/부산범어사역법무사,out/업무사례/부산범어사역법무사.html,true,"index, follow",true,true,0,0
/업무사례/부산범일동법무사,out/업무사례/부산범일동법무사.html,true,"index, follow",true,true,16,16
/업무사례/부산범전동법무사,out/업무사례/부산범전동법무사.html,true,"index, follow",true,true,26,26
/업무사례/부산범천동법무사,out/업무사례/부산범천동법무사.html,true,"index, follow",true,true,22,22
/업무사례/부산법무사,out/업무사례/부산법무사.html,true,"index, follow",true,true,0,0
/업무사례/부산법원법무사,out/업무사례/부산법원법무사.html,false,"noindex, follow",false,false,0,0
/업무사례/부산벡스코법무사,out/업무사례/부산벡스코법무사.html,false,"noindex, follow",false,false,0,0
/업무사례/부산보수동법무사,out/업무사례/부산보수동법무사.html,true,"index, follow",true,true,20,20
/업무사례/부산복천동법무사,out/업무사례/부산복천동법무사.html,true,"index, follow",true,true,23,23
/업무사례/부산봉래동법무사,out/업무사례/부산봉래동법무사.html,true,"index, follow",true,true,14,14
/업무사례/부산봉림동법무사,out/업무사례/부산봉림동법무사.html,true,"index, follow",true,true,1,1
/업무사례/부산부경대법무사,out/업무사례/부산부경대법무사.html,true,"index, follow",true,true,1,1
/업무사례/부산부곡동법무사,out/업무사례/부산부곡동법무사.html,true,"index, follow",true,true,1,1
/업무사례/부산부민동법무사,out/업무사례/부산부민동법무사.html,true,"index, follow",true,true,29,29
/업무사례/부산부암동법무사,out/업무사례/부산부암동법무사.html,true,"index, follow",true,true,7,7
/업무사례/부산부용동법무사,out/업무사례/부산부용동법무사.html,true,"index, follow",true,true,29,29
/업무사례/부산부전동법무사,out/업무사례/부산부전동법무사.html,true,"index, follow",true,true,1,1
/업무사례/부산부전시장법무사,out/업무사례/부산부전시장법무사.html,true,"index, follow",true,true,0,0
/업무사례/부산부전역법무사,out/업무사례/부산부전역법무사.html,false,"noindex, follow",false,false,0,0
/업무사례/부산부평깡통시장법무사,out/업무사례/부산부평깡통시장법무사.html,true,"index, follow",true,true,0,0
/업무사례/부산부평동법무사,out/업무사례/부산부평동법무사.html,true,"index, follow",true,true,1,1
/업무사례/부산북구청법무사,out/업무사례/부산북구청법무사.html,false,"noindex, follow",false,false,0,0
/업무사례/부산북항법무사,out/업무사례/부산북항법무사.html,true,"index, follow",true,true,7,7
/업무사례/부산사상공업지역법무사,out/업무사례/부산사상공업지역법무사.html,true,"index, follow",true,true,1,1
/업무사례/부산사상산업단지법무사,out/업무사례/부산사상산업단지법무사.html,false,"noindex, follow",false,false,0,0
/업무사례/부산사상역법무사,out/업무사례/부산사상역법무사.html,true,"index, follow",true,true,1,1
/업무사례/부산사상재생사업지구법무사,out/업무사례/부산사상재생사업지구법무사.html,true,"index, follow",true,true,0,0
/업무사례/부산사직동법무사,out/업무사례/부산사직동법무사.html,true,"index, follow",true,true,7,7
/업무사례/부산사직야구장법무사,out/업무사례/부산사직야구장법무사.html,false,"noindex, follow",false,false,0,0
/업무사례/부산사직역법무사,out/업무사례/부산사직역법무사.html,false,"noindex, follow",false,false,0,0
/업무사례/부산산양산업단지법무사,out/업무사례/부산산양산업단지법무사.html,true,"index, follow",true,true,0,0
/업무사례/부산삼락동법무사,out/업무사례/부산삼락동법무사.html,true,"index, follow",true,true,21,21
/업무사례/부산삼락생태공원법무사,out/업무사례/부산삼락생태공원법무사.html,false,"noindex, follow",false,false,0,0
/업무사례/부산생곡동법무사,out/업무사례/부산생곡동법무사.html,true,"index, follow",true,true,1,1
/업무사례/부산생곡산업단지법무사,out/업무사례/부산생곡산업단지법무사.html,true,"index, follow",true,true,0,0
/업무사례/부산서대신동법무사,out/업무사례/부산서대신동법무사.html,true,"index, follow",true,true,1,1
/업무사례/부산서동법무사,out/업무사례/부산서동법무사.html,true,"index, follow",true,true,1,1
/업무사례/부산서면1번가법무사,out/업무사례/부산서면1번가법무사.html,false,"noindex, follow",false,false,0,0
/업무사례/부산서면법무사,out/업무사례/부산서면법무사.html,true,"index, follow",true,true,1,1
/업무사례/부산서부버스터미널법무사,out/업무사례/부산서부버스터미널법무사.html,false,"noindex, follow",false,false,0,0
/업무사례/부산서부산권법무사,out/업무사례/부산서부산권법무사.html,true,"index, follow",true,true,0,0
/업무사례/부산서부산복합산업단지법무사,out/업무사례/부산서부산복합산업단지법무사.html,true,"index, follow",true,true,0,0
/업무사례/부산서부산스마트밸리법무사,out/업무사례/부산서부산스마트밸리법무사.html,true,"index, follow",true,true,0,0
/업무사례/부산서부시외버스터미널법무사,out/업무사례/부산서부시외버스터미널법무사.html,false,"noindex, follow",false,false,0,0
/업무사례/부산서부지원등기과법무사,out/업무사례/부산서부지원등기과법무사.html,false,"noindex, follow",false,false,0,0
/업무사례/부산서부지원법무사,out/업무사례/부산서부지원법무사.html,true,"index, follow",true,true,0,0
/업무사례/부산석대동법무사,out/업무사례/부산석대동법무사.html,true,"index, follow",true,true,1,1
/업무사례/부산선동법무사,out/업무사례/부산선동법무사.html,true,"index, follow",true,true,1,1
/업무사례/부산성북동법무사,out/업무사례/부산성북동법무사.html,true,"index, follow",true,true,1,1
/업무사례/부산센텀2지구도시첨단산업단지법무사,out/업무사례/부산센텀2지구도시첨단산업단지법무사.html,false,"noindex, follow",false,false,0,0
/업무사례/부산센텀2지구법무사,out/업무사례/부산센텀2지구법무사.html,true,"index, follow",true,true,0,0
/업무사례/부산센텀법무사,out/업무사례/부산센텀법무사.html,true,"index, follow",true,true,1,1
/업무사례/부산센텀시티법무사,out/업무사례/부산센텀시티법무사.html,false,"noindex, follow",false,false,0,0
/업무사례/부산센텀역법무사,out/업무사례/부산센텀역법무사.html,false,"noindex, follow",false,false,0,0
/업무사례/부산송도해상케이블카법무사,out/업무사례/부산송도해상케이블카법무사.html,false,"noindex, follow",false,false,0,0
/업무사례/부산송도해수욕장법무사,out/업무사례/부산송도해수욕장법무사.html,true,"index, follow",true,true,1,1
/업무사례/부산송정동법무사,out/업무사례/부산송정동법무사.html,true,"index, follow",true,true,54,54
/업무사례/부산송정역법무사,out/업무사례/부산송정역법무사.html,false,"noindex, follow",false,false,0,0
/업무사례/부산송정해수욕장법무사,out/업무사례/부산송정해수욕장법무사.html,false,"noindex, follow",false,false,0,0
/업무사례/부산수안동법무사,out/업무사례/부산수안동법무사.html,true,"index, follow",true,true,19,19
/업무사례/부산수영교차로법무사,out/업무사례/부산수영교차로법무사.html,false,"noindex, follow",false,false,0,0
/업무사례/부산수영동법무사,out/업무사례/부산수영동법무사.html,true,"index, follow",true,true,25,25
/업무사례/부산수영역법무사,out/업무사례/부산수영역법무사.html,true,"index, follow",true,true,1,1
/업무사례/부산수정동법무사,out/업무사례/부산수정동법무사.html,true,"index, follow",true,true,23,23
/업무사례/부산시민공원법무사,out/업무사례/부산시민공원법무사.html,true,"index, follow",true,true,0,0
/업무사례/부산시청법무사,out/업무사례/부산시청법무사.html,true,"index, follow",true,true,57,57
/업무사례/부산시청역법무사,out/업무사례/부산시청역법무사.html,false,"noindex, follow",false,false,0,0
/업무사례/부산식만동법무사,out/업무사례/부산식만동법무사.html,true,"index, follow",true,true,0,0
/업무사례/부산신선동법무사,out/업무사례/부산신선동법무사.html,true,"index, follow",true,true,7,7
/업무사례/부산신창동법무사,out/업무사례/부산신창동법무사.html,true,"index, follow",true,true,16,16
/업무사례/부산신평동법무사,out/업무사례/부산신평동법무사.html,true,"index, follow",true,true,1,1
/업무사례/부산신평역법무사,out/업무사례/부산신평역법무사.html,false,"noindex, follow",false,false,0,0
/업무사례/부산신평장림산업단지법무사,out/업무사례/부산신평장림산업단지법무사.html,true,"index, follow",true,true,0,0
/업무사례/부산신항법무사,out/업무사례/부산신항법무사.html,true,"index, follow",true,true,0,0
/업무사례/부산신호동법무사,out/업무사례/부산신호동법무사.html,true,"index, follow",true,true,0,0
/업무사례/부산아미동법무사,out/업무사례/부산아미동법무사.html,true,"index, follow",true,true,19,19
/업무사례/부산안락동법무사,out/업무사례/부산안락동법무사.html,true,"index, follow",true,true,1,1
/업무사례/부산암남동법무사,out/업무사례/부산암남동법무사.html,true,"index, follow",true,true,1,1
/업무사례/부산양정동법무사,out/업무사례/부산양정동법무사.html,true,"index, follow",true,true,1,1
/업무사례/부산양정역법무사,out/업무사례/부산양정역법무사.html,false,"noindex, follow",false,false,0,0
/업무사례/부산엄궁동법무사,out/업무사례/부산엄궁동법무사.html,true,"index, follow",true,true,7,7
/업무사례/부산에서김해법인본점이전,out/업무사례/부산에서김해법인본점이전.html,true,"index, follow",true,true,4,4
/업무사례/부산에서대구법인본점이전,out/업무사례/부산에서대구법인본점이전.html,true,"index, follow",true,true,2,2
/업무사례/부산에서양산법인본점이전,out/업무사례/부산에서양산법인본점이전.html,true,"index, follow",true,true,4,4
/업무사례/부산에서울산법인본점이전,out/업무사례/부산에서울산법인본점이전.html,true,"index, follow",true,true,4,4
/업무사례/부산에서창원법인본점이전,out/업무사례/부산에서창원법인본점이전.html,true,"index, follow",true,true,4,4
/업무사례/부산에코델타시티법무사,out/업무사례/부산에코델타시티법무사.html,true,"index, follow",true,true,0,0
/업무사례/부산에코장안산업단지법무사,out/업무사례/부산에코장안산업단지법무사.html,true,"index, follow",true,true,0,0
/업무사례/부산엘시티법무사,out/업무사례/부산엘시티법무사.html,true,"index, follow",true,true,1,1
/업무사례/부산역법무사,out/업무사례/부산역법무사.html,true,"index, follow",true,true,12,12
/업무사례/부산연구개발특구법무사,out/업무사례/부산연구개발특구법무사.html,true,"index, follow",true,true,0,0
/업무사례/부산연산1동법무사,out/업무사례/부산연산1동법무사.html,false,"noindex, follow",false,false,0,0
/업무사례/부산연산2동법무사,out/업무사례/부산연산2동법무사.html,false,"noindex, follow",false,false,0,0
/업무사례/부산연산3동법무사,out/업무사례/부산연산3동법무사.html,false,"noindex, follow",false,false,0,0
/업무사례/부산연산4동법무사,out/업무사례/부산연산4동법무사.html,false,"noindex, follow",false,false,0,0
/업무사례/부산연산5동법무사,out/업무사례/부산연산5동법무사.html,false,"noindex, follow",false,false,0,0
/업무사례/부산연산6동법무사,out/업무사례/부산연산6동법무사.html,false,"noindex, follow",false,false,0,0
/업무사례/부산연산8동법무사,out/업무사례/부산연산8동법무사.html,false,"noindex, follow",false,false,0,0
/업무사례/부산연산9동법무사,out/업무사례/부산연산9동법무사.html,false,"noindex, follow",false,false,0,0
/업무사례/부산연산동법무사,out/업무사례/부산연산동법무사.html,true,"index, follow",true,true,57,57
/업무사례/부산연산역법무사,out/업무사례/부산연산역법무사.html,true,"index, follow",true,true,29,29
/업무사례/부산연제구청법무사,out/업무사례/부산연제구청법무사.html,false,"noindex, follow",false,false,0,0
/업무사례/부산연지동법무사,out/업무사례/부산연지동법무사.html,true,"index, follow",true,true,1,1
/업무사례/부산영도대교법무사,out/업무사례/부산영도대교법무사.html,false,"noindex, follow",false,false,0,0
/업무사례/부산영선동법무사,out/업무사례/부산영선동법무사.html,true,"index, follow",true,true,1,1
/업무사례/부산영주동법무사,out/업무사례/부산영주동법무사.html,true,"index, follow",true,true,31,31
/업무사례/부산오륜동법무사,out/업무사례/부산오륜동법무사.html,true,"index, follow",true,true,1,1
/업무사례/부산오시리아법무사,out/업무사례/부산오시리아법무사.html,true,"index, follow",true,true,1,1
/업무사례/부산온천동법무사,out/업무사례/부산온천동법무사.html,true,"index, follow",true,true,1,1
/업무사례/부산온천장법무사,out/업무사례/부산온천장법무사.html,true,"index, follow",true,true,1,1
/업무사례/부산온천장역법무사,out/업무사례/부산온천장역법무사.html,false,"noindex, follow",false,false,0,0
/업무사례/부산용당동법무사,out/업무사례/부산용당동법무사.html,true,"index, follow",true,true,22,22
/업무사례/부산용호동법무사,out/업무사례/부산용호동법무사.html,true,"index, follow",true,true,35,35
/업무사례/부산용호만법무사,out/업무사례/부산용호만법무사.html,true,"index, follow",true,true,1,1
/업무사례/부산우1동법무사,out/업무사례/부산우1동법무사.html,false,"noindex, follow",false,false,0,0
/업무사례/부산우2동법무사,out/업무사례/부산우2동법무사.html,false,"noindex, follow",false,false,0,0
/업무사례/부산우3동법무사,out/업무사례/부산우3동법무사.html,false,"noindex, follow",false,false,0,0
/업무사례/부산우동법무사,out/업무사례/부산우동법무사.html,true,"index, follow",true,true,99,99
/업무사례/부산우암동법무사,out/업무사례/부산우암동법무사.html,true,"index, follow",true,true,7,7
/업무사례/부산울산공동근저당권,out/업무사례/부산울산공동근저당권.html,true,"index, follow",true,true,4,4
/업무사례/부산율리역법무사,out/업무사례/부산율리역법무사.html,true,"index, follow",true,true,1,1
/업무사례/부산이기대법무사,out/업무사례/부산이기대법무사.html,false,"noindex, follow",false,false,0,0
/업무사례/부산일광신도시법무사,out/업무사례/부산일광신도시법무사.html,true,"index, follow",true,true,1,1
/업무사례/부산일광역법무사,out/업무사례/부산일광역법무사.html,false,"noindex, follow",false,false,0,0
/업무사례/부산일광읍법무사,out/업무사례/부산일광읍법무사.html,true,"index, follow",true,true,28,28
/업무사례/부산일광해수욕장법무사,out/업무사례/부산일광해수욕장법무사.html,true,"index, follow",true,true,1,1
/업무사례/부산자갈치시장법무사,out/업무사례/부산자갈치시장법무사.html,true,"index, follow",true,true,0,0
/업무사례/부산장림동법무사,out/업무사례/부산장림동법무사.html,true,"index, follow",true,true,1,1
/업무사례/부산장림역법무사,out/업무사례/부산장림역법무사.html,false,"noindex, follow",false,false,0,0
/업무사례/부산장산역법무사,out/업무사례/부산장산역법무사.html,true,"index, follow",true,true,0,0
/업무사례/부산장안산업단지법무사,out/업무사례/부산장안산업단지법무사.html,true,"index, follow",true,true,0,0
/업무사례/부산장안읍법무사,out/업무사례/부산장안읍법무사.html,true,"index, follow",true,true,47,47
/업무사례/부산장전동법무사,out/업무사례/부산장전동법무사.html,true,"index, follow",true,true,1,1
/업무사례/부산장전역법무사,out/업무사례/부산장전역법무사.html,false,"noindex, follow",false,false,0,0
/업무사례/부산재송1동법무사,out/업무사례/부산재송1동법무사.html,false,"noindex, follow",false,false,0,0
/업무사례/부산재송2동법무사,out/업무사례/부산재송2동법무사.html,false,"noindex, follow",false,false,0,0
/업무사례/부산재송동법무사,out/업무사례/부산재송동법무사.html,true,"index, follow",true,true,1,1
/업무사례/부산재송역법무사,out/업무사례/부산재송역법무사.html,false,"noindex, follow",false,false,0,0
/업무사례/부산전포동법무사,out/업무사례/부산전포동법무사.html,true,"index, follow",true,true,1,1
/업무사례/부산전포카페거리법무사,out/업무사례/부산전포카페거리법무사.html,false,"noindex, follow",false,false,0,0
/업무사례/부산정관농공단지법무사,out/업무사례/부산정관농공단지법무사.html,false,"noindex, follow",false,false,0,0
/업무사례/부산정관산업단지법무사,out/업무사례/부산정관산업단지법무사.html,true,"index, follow",true,true,1,1
/업무사례/부산정관신도시법무사,out/업무사례/부산정관신도시법무사.html,true,"index, follow",true,true,7,7
/업무사례/부산정관읍법무사,out/업무사례/부산정관읍법무사.html,true,"index, follow",true,true,47,47
/업무사례/부산좌1동법무사,out/업무사례/부산좌1동법무사.html,false,"noindex, follow",false,false,0,0
/업무사례/부산좌2동법무사,out/업무사례/부산좌2동법무사.html,false,"noindex, follow",false,false,0,0
/업무사례/부산좌3동법무사,out/업무사례/부산좌3동법무사.html,false,"noindex, follow",false,false,0,0
/업무사례/부산좌4동법무사,out/업무사례/부산좌4동법무사.html,false,"noindex, follow",false,false,0,0
/업무사례/부산좌동법무사,out/업무사례/부산좌동법무사.html,true,"index, follow",true,true,99,99
/업무사례/부산좌천동법무사,out/업무사례/부산좌천동법무사.html,true,"index, follow",true,true,23,23
/업무사례/부산주례동법무사,out/업무사례/부산주례동법무사.html,true,"index, follow",true,true,1,1
/업무사례/부산주례역법무사,out/업무사례/부산주례역법무사.html,false,"noindex, follow",false,false,0,0
/업무사례/부산죽동동법무사,out/업무사례/부산죽동동법무사.html,true,"index, follow",true,true,0,0
/업무사례/부산죽림동법무사,out/업무사례/부산죽림동법무사.html,true,"index, follow",true,true,0,0
/업무사례/부산중1동법무사,out/업무사례/부산중1동법무사.html,false,"noindex, follow",false,false,0,0
/업무사례/부산중2동법무사,out/업무사례/부산중2동법무사.html,false,"noindex, follow",false,false,0,0
/업무사례/부산중동법무사,out/업무사례/부산중동법무사.html,true,"index, follow",true,true,99,99
/업무사례/부산중동역법무사,out/업무사례/부산중동역법무사.html,false,"noindex, follow",false,false,0,0
/업무사례/부산중앙동법무사,out/업무사례/부산중앙동법무사.html,true,"index, follow",true,true,1,1
/업무사례/부산지방법원등기국법무사,out/업무사례/부산지방법원등기국법무사.html,true,"index, follow",true,true,1,1
/업무사례/부산지방법원법무사,out/업무사례/부산지방법원법무사.html,true,"index, follow",true,true,7,7
/업무사례/부산지사과학산업단지법무사,out/업무사례/부산지사과학산업단지법무사.html,true,"index, follow",true,true,0,0
/업무사례/부산지사글로벌산업단지법무사,out/업무사례/부산지사글로벌산업단지법무사.html,false,"noindex, follow",false,false,0,0
/업무사례/부산지사동법무사,out/업무사례/부산지사동법무사.html,true,"index, follow",true,true,0,0
/업무사례/부산진구법무사,out/업무사례/부산진구법무사.html,true,"index, follow",true,true,65,65
/업무사례/부산진역법무사,out/업무사례/부산진역법무사.html,false,"noindex, follow",false,false,0,0
/업무사례/부산진해경제자유구역법무사,out/업무사례/부산진해경제자유구역법무사.html,true,"index, follow",true,true,0,0
/업무사례/부산차이나타운법무사,out/업무사례/부산차이나타운법무사.html,true,"index, follow",true,true,1,1
/업무사례/부산창선동법무사,out/업무사례/부산창선동법무사.html,true,"index, follow",true,true,7,7
/업무사례/부산천성동법무사,out/업무사례/부산천성동법무사.html,true,"index, follow",true,true,0,0
/업무사례/부산철마면법무사,out/업무사례/부산철마면법무사.html,true,"index, follow",true,true,24,24
/업무사례/부산청룡동법무사,out/업무사례/부산청룡동법무사.html,true,"index, follow",true,true,1,1
/업무사례/부산청사포법무사,out/업무사례/부산청사포법무사.html,true,"index, follow",true,true,0,0
/업무사례/부산청학동법무사,out/업무사례/부산청학동법무사.html,true,"index, follow",true,true,1,1
/업무사례/부산초량동법무사,out/업무사례/부산초량동법무사.html,true,"index, follow",true,true,23,23
/업무사례/부산초량역법무사,out/업무사례/부산초량역법무사.html,false,"noindex, follow",false,false,0,0
/업무사례/부산초읍동법무사,out/업무사례/부산초읍동법무사.html,true,"index, follow",true,true,1,1
/업무사례/부산초장동법무사,out/업무사례/부산초장동법무사.html,true,"index, follow",true,true,15,15
/업무사례/부산충무동법무사,out/업무사례/부산충무동법무사.html,true,"index, follow",true,true,7,7
/업무사례/부산칠산동법무사,out/업무사례/부산칠산동법무사.html,true,"index, follow",true,true,1,1
/업무사례/부산태종대법무사,out/업무사례/부산태종대법무사.html,true,"index, follow",true,true,1,1
/업무사례/부산토성동법무사,out/업무사례/부산토성동법무사.html,true,"index, follow",true,true,1,1
/업무사례/부산하단동법무사,out/업무사례/부산하단동법무사.html,true,"index, follow",true,true,24,24
/업무사례/부산하단역법무사,out/업무사례/부산하단역법무사.html,false,"noindex, follow",false,false,0,0
/업무사례/부산하단오거리법무사,out/업무사례/부산하단오거리법무사.html,true,"index, follow",true,true,1,1
/업무사례/부산학장공단법무사,out/업무사례/부산학장공단법무사.html,true,"index, follow",true,true,1,1
/업무사례/부산학장동법무사,out/업무사례/부산학장동법무사.html,true,"index, follow",true,true,1,1
/업무사례/부산항국제여객터미널법무사,out/업무사례/부산항국제여객터미널법무사.html,false,"noindex, follow",false,false,0,0
/업무사례/부산항법무사,out/업무사례/부산항법무사.html,true,"index, follow",true,true,1,1
/업무사례/부산해운대동부지원법무사,out/업무사례/부산해운대동부지원법무사.html,false,"noindex, follow",false,false,0,0
/업무사례/부산해운대법무사,out/업무사례/부산해운대법무사.html,true,"index, follow",true,true,1,1
/업무사례/부산해운대역법무사,out/업무사례/부산해운대역법무사.html,false,"noindex, follow",false,false,0,0
/업무사례/부산해운대해수욕장법무사,out/업무사례/부산해운대해수욕장법무사.html,false,"noindex, follow",false,false,0,0
/업무사례/부산현대미술관법무사,out/업무사례/부산현대미술관법무사.html,false,"noindex, follow",false,false,0,0
/업무사례/부산화명동법무사,out/업무사례/부산화명동법무사.html,true,"index, follow",true,true,17,17
/업무사례/부산화명신도시법무사,out/업무사례/부산화명신도시법무사.html,true,"index, follow",true,true,7,7
/업무사례/부산화명역법무사,out/업무사례/부산화명역법무사.html,false,"noindex, follow",false,false,0,0
/업무사례/부산화전동법무사,out/업무사례/부산화전동법무사.html,true,"index, follow",true,true,0,0
/업무사례/부산화전산업단지법무사,out/업무사례/부산화전산업단지법무사.html,true,"index, follow",true,true,0,0
/업무사례/부산회동동법무사,out/업무사례/부산회동동법무사.html,true,"index, follow",true,true,0,0
/업무사례/부산회동석대도시첨단산업단지법무사,out/업무사례/부산회동석대도시첨단산업단지법무사.html,false,"noindex, follow",false,false,0,0
/업무사례/부산회동석대산업단지법무사,out/업무사례/부산회동석대산업단지법무사.html,true,"index, follow",true,true,0,0
/업무사례/부산회생법원법무사,out/업무사례/부산회생법원법무사.html,true,"index, follow",true,true,1,1
/업무사례/부산흰여울문화마을법무사,out/업무사례/부산흰여울문화마을법무사.html,true,"index, follow",true,true,1,1
/업무사례/부천상속등기법무사,out/업무사례/부천상속등기법무사.html,true,"index, follow",true,true,4,4
/업무사례/부평구상속등기법무사,out/업무사례/부평구상속등기법무사.html,true,"index, follow",true,true,6,6
/업무사례/북구법무사,out/업무사례/북구법무사.html,true,"index, follow",true,true,49,49
/업무사례/분당상속등기법무사,out/업무사례/분당상속등기법무사.html,true,"index, follow",true,true,6,6
/업무사례/사상구법무사,out/업무사례/사상구법무사.html,true,"index, follow",true,true,61,61
/업무사례/사송상속등기법무사,out/업무사례/사송상속등기법무사.html,true,"index, follow",true,true,4,4
/업무사례/사천상속등기법무사,out/업무사례/사천상속등기법무사.html,true,"index, follow",true,true,6,6
/업무사례/사하구법무사,out/업무사례/사하구법무사.html,true,"index, follow",true,true,58,58
/업무사례/산청상속등기법무사,out/업무사례/산청상속등기법무사.html,true,"index, follow",true,true,2,2
/업무사례/상주상속등기법무사,out/업무사례/상주상속등기법무사.html,true,"index, follow",true,true,3,3
/업무사례/서구법무사,out/업무사례/서구법무사.html,true,"index, follow",true,true,45,45
/업무사례/서귀포상속등기법무사,out/업무사례/서귀포상속등기법무사.html,true,"index, follow",true,true,5,5
/업무사례/서산보령상속등기법무사,out/업무사례/서산보령상속등기법무사.html,true,"index, follow",true,true,0,0
/업무사례/서울상속등기법무사,out/업무사례/서울상속등기법무사.html,true,"index, follow",true,true,32,32
/업무사례/서초구상속등기법무사,out/업무사례/서초구상속등기법무사.html,true,"index, follow",true,true,4,4
/업무사례/성남상속등기법무사,out/업무사례/성남상속등기법무사.html,true,"index, follow",true,true,10,10
/업무사례/성동구상속등기법무사,out/업무사례/성동구상속등기법무사.html,true,"index, follow",true,true,2,2
/업무사례/세종상속등기법무사,out/업무사례/세종상속등기법무사.html,true,"index, follow",true,true,0,0
/업무사례/속초상속등기법무사,out/업무사례/속초상속등기법무사.html,true,"index, follow",true,true,4,4
/업무사례/송도상속등기법무사,out/업무사례/송도상속등기법무사.html,true,"index, follow",true,true,10,10
/업무사례/송파구상속등기법무사,out/업무사례/송파구상속등기법무사.html,true,"index, follow",true,true,8,8
/업무사례/수영구법무사,out/업무사례/수영구법무사.html,true,"index, follow",true,true,73,73
/업무사례/수원상속등기법무사,out/업무사례/수원상속등기법무사.html,true,"index, follow",true,true,14,14
/업무사례/순천상속등기법무사,out/업무사례/순천상속등기법무사.html,true,"index, follow",true,true,10,10
/업무사례/시흥상속등기법무사,out/업무사례/시흥상속등기법무사.html,true,"index, follow",true,true,3,3
/업무사례/아산상속등기법무사,out/업무사례/아산상속등기법무사.html,true,"index, follow",true,true,8,8
/업무사례/안동상속등기법무사,out/업무사례/안동상속등기법무사.html,true,"index, follow",true,true,24,24
/업무사례/안동오래된토지상속등기,out/업무사례/안동오래된토지상속등기.html,true,"index, follow",true,true,1,1
/업무사례/안산상속등기법무사,out/업무사례/안산상속등기법무사.html,true,"index, follow",true,true,4,4
/업무사례/안양상속등기법무사,out/업무사례/안양상속등기법무사.html,true,"index, follow",true,true,8,8
/업무사례/양산개인회생법무사,out/업무사례/양산개인회생법무사.html,true,"index, follow",true,true,2,2
/업무사례/양산거주부산부동산상속,out/업무사례/양산거주부산부동산상속.html,true,"index, follow",true,true,5,5
/업무사례/양산건물멸실등기,out/업무사례/양산건물멸실등기.html,true,"index, follow",true,true,6,6
/업무사례/양산근저당말소,out/업무사례/양산근저당말소.html,true,"index, follow",true,true,6,6
/업무사례/양산법무사업무,out/업무사례/양산법무사업무.html,true,"index, follow",true,true,32,32
/업무사례/양산법인등기법무사,out/업무사례/양산법인등기법무사.html,true,"index, follow",true,true,11,11
/업무사례/양산부동산등기법무사,out/업무사례/양산부동산등기법무사.html,true,"index, follow",true,true,11,11
/업무사례/양산상속등기법무사,out/업무사례/양산상속등기법무사.html,true,"index, follow",true,true,33,33
/업무사례/양산상속등기비용,out/업무사례/양산상속등기비용.html,true,"index, follow",true,true,9,9
/업무사례/양산상속등기필요서류,out/업무사례/양산상속등기필요서류.html,true,"index, follow",true,true,5,5
/업무사례/양산상속포기한정승인,out/업무사례/양산상속포기한정승인.html,true,"index, follow",true,true,6,6
/업무사례/양산신축건물보존등기,out/업무사례/양산신축건물보존등기.html,true,"index, follow",true,true,5,5
/업무사례/양산에서부산법인본점이전,out/업무사례/양산에서부산법인본점이전.html,true,"index, follow",true,true,4,4
/업무사례/양산증여등기법무사,out/업무사례/양산증여등기법무사.html,true,"index, follow",true,true,7,7
/업무사례/양주상속등기법무사,out/업무사례/양주상속등기법무사.html,true,"index, follow",true,true,2,2
/업무사례/업무별,out/업무사례/업무별.html,true,"index, follow",true,true,1,1
/업무사례/여수상속등기법무사,out/업무사례/여수상속등기법무사.html,true,"index, follow",true,true,8,8
/업무사례/여주양평상속등기법무사,out/업무사례/여주양평상속등기법무사.html,true,"index, follow",true,true,0,0
/업무사례/연제구법무사,out/업무사례/연제구법무사.html,true,"index, follow",true,true,85,85
/업무사례/영덕봉화상속등기법무사,out/업무사례/영덕봉화상속등기법무사.html,true,"index, follow",true,true,0,0
/업무사례/영도구법무사,out/업무사례/영도구법무사.html,true,"index, follow",true,true,42,42
/업무사례/영등포구상속등기법무사,out/업무사례/영등포구상속등기법무사.html,true,"index, follow",true,true,8,8
/업무사례/영종도상속등기법무사,out/업무사례/영종도상속등기법무사.html,true,"index, follow",true,true,6,6
/업무사례/영주상속등기법무사,out/업무사례/영주상속등기법무사.html,true,"index, follow",true,true,0,0
/업무사례/영천상속등기법무사,out/업무사례/영천상속등기법무사.html,true,"index, follow",true,true,1,1
/업무사례/예천상속등기법무사,out/업무사례/예천상속등기법무사.html,true,"index, follow",true,true,4,4
/업무사례/오산안성상속등기법무사,out/업무사례/오산안성상속등기법무사.html,true,"index, follow",true,true,0,0
/업무사례/용산구상속등기법무사,out/업무사례/용산구상속등기법무사.html,true,"index, follow",true,true,4,4
/업무사례/용인상속등기법무사,out/업무사례/용인상속등기법무사.html,true,"index, follow",true,true,14,14
/업무사례/울산공장상속등기,out/업무사례/울산공장상속등기.html,true,"index, follow",true,true,10,10
/업무사례/울산남구상속등기법무사,out/업무사례/울산남구상속등기법무사.html,true,"index, follow",true,true,14,14
/업무사례/울산달동상속등기,out/업무사례/울산달동상속등기.html,true,"index, follow",true,true,4,4
/업무사례/울산동구상속등기법무사,out/업무사례/울산동구상속등기법무사.html,true,"index, follow",true,true,0,0
/업무사례/울산매곡동상속등기,out/업무사례/울산매곡동상속등기.html,true,"index, follow",true,true,6,6
/업무사례/울산법무사업무,out/업무사례/울산법무사업무.html,true,"index, follow",true,true,56,1925
/업무사례/울산북구상속등기법무사,out/업무사례/울산북구상속등기법무사.html,true,"index, follow",true,true,8,8
/업무사례/울산삼산동상속등기,out/업무사례/울산삼산동상속등기.html,true,"index, follow",true,true,8,8
/업무사례/울산상속등기법무사,out/업무사례/울산상속등기법무사.html,true,"index, follow",true,true,47,47
/업무사례/울산상속등기비용,out/업무사례/울산상속등기비용.html,true,"index, follow",true,true,14,14
/업무사례/울산상속등기필요서류,out/업무사례/울산상속등기필요서류.html,true,"index, follow",true,true,10,10
/업무사례/울산송정동상속등기,out/업무사례/울산송정동상속등기.html,true,"index, follow",true,true,6,6
/업무사례/울산아파트상속등기,out/업무사례/울산아파트상속등기.html,true,"index, follow",true,true,6,6
/업무사례/울산에서부산법인본점이전,out/업무사례/울산에서부산법인본점이전.html,true,"index, follow",true,true,4,4
/업무사례/울산옥동상속등기,out/업무사례/울산옥동상속등기.html,true,"index, follow",true,true,2,2
/업무사례/울산유증등기법무사,out/업무사례/울산유증등기법무사.html,true,"index, follow",true,true,0,0
/업무사례/울산중구상속등기법무사,out/업무사례/울산중구상속등기법무사.html,true,"index, follow",true,true,4,4
/업무사례/울산토지상속등기,out/업무사례/울산토지상속등기.html,true,"index, follow",true,true,8,8
/업무사례/울주군상속등기법무사,out/업무사례/울주군상속등기법무사.html,true,"index, follow",true,true,20,20
/업무사례/울주군상속포기한정승인,out/업무사례/울주군상속포기한정승인.html,true,"index, follow",true,true,2,2
/업무사례/울주범서상속등기,out/업무사례/울주범서상속등기.html,true,"index, follow",true,true,6,6
/업무사례/울주삼남상속등기,out/업무사례/울주삼남상속등기.html,true,"index, follow",true,true,4,4
/업무사례/울주언양상속등기,out/업무사례/울주언양상속등기.html,true,"index, follow",true,true,8,8
/업무사례/울진상속등기법무사,out/업무사례/울진상속등기법무사.html,true,"index, follow",true,true,6,6
/업무사례/원주상속등기법무사,out/업무사례/원주상속등기법무사.html,true,"index, follow",true,true,10,10
/업무사례/율하상속등기법무사,out/업무사례/율하상속등기법무사.html,true,"index, follow",true,true,6,6
/업무사례/은평구상속등기법무사,out/업무사례/은평구상속등기법무사.html,true,"index, follow",true,true,2,2
/업무사례/의령상속등기법무사,out/업무사례/의령상속등기법무사.html,true,"index, follow",true,true,0,0
/업무사례/의성상속등기법무사,out/업무사례/의성상속등기법무사.html,true,"index, follow",true,true,0,0
/업무사례/의왕과천상속등기법무사,out/업무사례/의왕과천상속등기법무사.html,true,"index, follow",true,true,0,0
/업무사례/의정부상속등기법무사,out/업무사례/의정부상속등기법무사.html,true,"index, follow",true,true,6,6
/업무사례/이천상속등기법무사,out/업무사례/이천상속등기법무사.html,true,"index, follow",true,true,3,3
/업무사례/익산상속등기법무사,out/업무사례/익산상속등기법무사.html,true,"index, follow",true,true,6,6
/업무사례/인천상속등기법무사,out/업무사례/인천상속등기법무사.html,true,"index, follow",true,true,14,14
/업무사례/일산상속등기법무사,out/업무사례/일산상속등기법무사.html,true,"index, follow",true,true,2,2
/업무사례/장유상속등기법무사,out/업무사례/장유상속등기법무사.html,true,"index, follow",true,true,10,10
/업무사례/전국공동근저당권등기,out/업무사례/전국공동근저당권등기.html,true,"index, follow",true,true,4,4
/업무사례/전국법인본점이전등기,out/업무사례/전국법인본점이전등기.html,true,"index, follow",true,true,40,40
/업무사례/전국비대면법무사,out/업무사례/전국비대면법무사.html,true,"index, follow",true,true,265,265
/업무사례/전국상속등기법무사,out/업무사례/전국상속등기법무사.html,true,"index, follow",true,true,333,333
/업무사례/전국상속부동산일괄등기,out/업무사례/전국상속부동산일괄등기.html,true,"index, follow",true,true,118,118
/업무사례/전국업무사례,out/업무사례/전국업무사례.html,true,"index, follow",true,true,19,19
/업무사례/전국유증등기법무사,out/업무사례/전국유증등기법무사.html,true,"index, follow",true,true,6,6
/업무사례/전남상속등기법무사,out/업무사례/전남상속등기법무사.html,true,"index, follow",true,true,12,12
/업무사례/전북상속등기법무사,out/업무사례/전북상속등기법무사.html,true,"index, follow",true,true,10,10
/업무사례/전주상속등기법무사,out/업무사례/전주상속등기법무사.html,true,"index, follow",true,true,8,8
/업무사례/제주상속등기법무사,out/업무사례/제주상속등기법무사.html,true,"index, follow",true,true,7,7
/업무사례/제주시상속등기법무사,out/업무사례/제주시상속등기법무사.html,true,"index, follow",true,true,5,5
/업무사례/제천상속등기법무사,out/업무사례/제천상속등기법무사.html,true,"index, follow",true,true,2,2
/업무사례/중구법무사,out/업무사례/중구법무사.html,true,"index, follow",true,true,48,48
/업무사례/증산상속등기법무사,out/업무사례/증산상속등기법무사.html,true,"index, follow",true,true,6,6
/업무사례/지역별,out/업무사례/지역별.html,true,"index, follow",true,true,750,2619
/업무사례/지역별상속등기법무사,out/업무사례/지역별상속등기법무사.html,true,"index, follow",true,true,284,295
/업무사례/진주상속등기법무사,out/업무사례/진주상속등기법무사.html,true,"index, follow",true,true,6,6
/업무사례/진주상속포기한정승인,out/업무사례/진주상속포기한정승인.html,true,"index, follow",true,true,3,3
/업무사례/진해구상속등기법무사,out/업무사례/진해구상속등기법무사.html,true,"index, follow",true,true,5,5
/업무사례/창녕상속등기법무사,out/업무사례/창녕상속등기법무사.html,true,"index, follow",true,true,5,5
/업무사례/창원법인등기법무사,out/업무사례/창원법인등기법무사.html,true,"index, follow",true,true,8,8
/업무사례/창원상속등기법무사,out/업무사례/창원상속등기법무사.html,true,"index, follow",true,true,21,21
/업무사례/창원상속등기비용,out/업무사례/창원상속등기비용.html,true,"index, follow",true,true,9,9
/업무사례/창원상속등기필요서류,out/업무사례/창원상속등기필요서류.html,true,"index, follow",true,true,7,7
/업무사례/창원성산구상속등기법무사,out/업무사례/창원성산구상속등기법무사.html,true,"index, follow",true,true,7,7
/업무사례/창원에서부산법인본점이전,out/업무사례/창원에서부산법인본점이전.html,true,"index, follow",true,true,4,4
/업무사례/창원의창구상속등기법무사,out/업무사례/창원의창구상속등기법무사.html,true,"index, follow",true,true,9,9
/업무사례/천안상속등기법무사,out/업무사례/천안상속등기법무사.html,true,"index, follow",true,true,14,14
/업무사례/청도상속등기법무사,out/업무사례/청도상속등기법무사.html,true,"index, follow",true,true,1,1
/업무사례/청라상속등기법무사,out/업무사례/청라상속등기법무사.html,true,"index, follow",true,true,4,4
/업무사례/청송영양상속등기법무사,out/업무사례/청송영양상속등기법무사.html,true,"index, follow",true,true,0,0
/업무사례/청주상속등기법무사,out/업무사례/청주상속등기법무사.html,true,"index, follow",true,true,8,8
/업무사례/춘천상속등기법무사,out/업무사례/춘천상속등기법무사.html,true,"index, follow",true,true,12,12
/업무사례/충남상속등기법무사,out/업무사례/충남상속등기법무사.html,true,"index, follow",true,true,10,10
/업무사례/충북상속등기법무사,out/업무사례/충북상속등기법무사.html,true,"index, follow",true,true,6,6
/업무사례/충주상속등기법무사,out/업무사례/충주상속등기법무사.html,true,"index, follow",true,true,6,6
/업무사례/칠곡상속등기법무사,out/업무사례/칠곡상속등기법무사.html,true,"index, follow",true,true,4,4
/업무사례/타지역법무사의뢰,out/업무사례/타지역법무사의뢰.html,true,"index, follow",true,true,8,8
/업무사례/통영상속등기법무사,out/업무사례/통영상속등기법무사.html,true,"index, follow",true,true,12,12
/업무사례/통영상속포기한정승인,out/업무사례/통영상속포기한정승인.html,true,"index, follow",true,true,1,1
/업무사례/파주상속등기법무사,out/업무사례/파주상속등기법무사.html,true,"index, follow",true,true,10,10
/업무사례/판교상속등기법무사,out/업무사례/판교상속등기법무사.html,true,"index, follow",true,true,4,4
/업무사례/평택상속등기법무사,out/업무사례/평택상속등기법무사.html,true,"index, follow",true,true,6,6
/업무사례/포천동두천상속등기법무사,out/업무사례/포천동두천상속등기법무사.html,true,"index, follow",true,true,0,0
/업무사례/포항상속등기법무사,out/업무사례/포항상속등기법무사.html,true,"index, follow",true,true,12,12
/업무사례/포항상속포기한정승인,out/업무사례/포항상속포기한정승인.html,true,"index, follow",true,true,3,3
/업무사례/포항에서부산법인본점이전,out/업무사례/포항에서부산법인본점이전.html,true,"index, follow",true,true,4,4
/업무사례/하남상속등기법무사,out/업무사례/하남상속등기법무사.html,true,"index, follow",true,true,4,4
/업무사례/하동상속등기법무사,out/업무사례/하동상속등기법무사.html,true,"index, follow",true,true,3,3
/업무사례/함안상속등기법무사,out/업무사례/함안상속등기법무사.html,true,"index, follow",true,true,2,2
/업무사례/함양상속등기법무사,out/업무사례/함양상속등기법무사.html,true,"index, follow",true,true,5,5
/업무사례/합천상속등기법무사,out/업무사례/합천상속등기법무사.html,true,"index, follow",true,true,4,4
/업무사례/해운대구법무사,out/업무사례/해운대구법무사.html,true,"index, follow",true,true,148,148
/업무사례/홍천상속등기법무사,out/업무사례/홍천상속등기법무사.html,true,"index, follow",true,true,0,0
/업무사례/화성상속등기법무사,out/업무사례/화성상속등기법무사.html,true,"index, follow",true,true,6,6
/업무사례,out/업무사례.html,true,"index, follow",true,true,1186,4937
/에코델타시티법인등기,out/에코델타시티법인등기.html,true,"index, follow",true,true,39,39
/에코델타시티법인설립등기,out/에코델타시티법인설립등기.html,true,"index, follow",true,true,0,0
/여러지역상속부동산등기,out/여러지역상속부동산등기.html,true,"index, follow",true,true,17,17
/연락두절상속인,out/연락두절상속인.html,true,"index, follow",true,true,11,11
/연산동법무사,out/연산동법무사.html,true,"index, follow",true,true,17,17
/연산동법인등기,out/연산동법인등기.html,true,"index, follow",true,true,0,0
/연산동상속등기,out/연산동상속등기.html,true,"index, follow",true,true,0,0
/연산역법무사,out/연산역법무사.html,true,"index, follow",true,true,1,1
/연산역상속등기,out/연산역상속등기.html,true,"index, follow",true,true,0,0
/연제구법무사,out/연제구법무사.html,true,"index, follow",true,true,47,1916
/연제구법인등기,out/연제구법인등기.html,true,"index, follow",true,true,3,3
/연제구법인설립등기,out/연제구법인설립등기.html,true,"index, follow",true,true,0,0
/연제구부동산등기,out/연제구부동산등기.html,true,"index, follow",true,true,6,6
/연제구상속등기,out/연제구상속등기.html,true,"index, follow",true,true,5,5
/연제구상속포기,out/연제구상속포기.html,true,"index, follow",true,true,0,0
/연제구임원변경등기,out/연제구임원변경등기.html,true,"index, follow",true,true,3,3
/연제구한정승인,out/연제구한정승인.html,true,"index, follow",true,true,3,3
/연지동법무사,out/연지동법무사.html,true,"index, follow",true,true,4,4
/영농조합법인설립,out/영농조합법인설립.html,true,"index, follow",true,true,3,3
/영덕선박등기,out/영덕선박등기.html,true,"index, follow",true,true,2,2
/영도구법무사,out/영도구법무사.html,true,"index, follow",true,true,28,28
/영도구법인등기,out/영도구법인등기.html,true,"index, follow",true,true,3,3
/영도구법인설립등기,out/영도구법인설립등기.html,true,"index, follow",true,true,0,0
/영도구부동산등기,out/영도구부동산등기.html,true,"index, follow",true,true,4,4
/영도구상속등기,out/영도구상속등기.html,true,"index, follow",true,true,3,3
/영도구상속포기,out/영도구상속포기.html,true,"index, follow",true,true,0,0
/영도구선박등기,out/영도구선박등기.html,true,"index, follow",true,true,24,24
/영도구임원변경등기,out/영도구임원변경등기.html,true,"index, follow",true,true,0,0
/영도구한정승인,out/영도구한정승인.html,true,"index, follow",true,true,0,0
/영어조합법인설립,out/영어조합법인설립.html,true,"index, follow",true,true,3,3
/예금상속인출절차,out/예금상속인출절차.html,true,"index, follow",true,true,5,5
/오래된상속토지정리,out/오래된상속토지정리.html,true,"index, follow",true,true,73,73
/오시리아법무사,out/오시리아법무사.html,true,"index, follow",true,true,2,2
/오피스텔보존등기,out/오피스텔보존등기.html,true,"index, follow",true,true,1,1
/오피스텔집단등기,out/오피스텔집단등기.html,true,"index, follow",true,true,2,2
/온천동법무사,out/온천동법무사.html,true,"index, follow",true,true,3,4
/온천동상속등기,out/온천동상속등기.html,true,"index, follow",true,true,0,0
/왜개인회생비용이다를까,out/왜개인회생비용이다를까.html,true,"index, follow",true,true,6,6
/왜법인등기비용이다를까,out/왜법인등기비용이다를까.html,true,"index, follow",true,true,2,2
/왜상속등기비용이다를까,out/왜상속등기비용이다를까.html,true,"index, follow",true,true,5,5
/용호동법무사,out/용호동법무사.html,true,"index, follow",true,true,6,6
/우동법무사,out/우동법무사.html,true,"index, follow",true,true,14,14
/우동부동산등기,out/우동부동산등기.html,true,"index, follow",true,true,0,0
/우동소유권이전등기,out/우동소유권이전등기.html,true,"index, follow",true,true,0,0
/우암동법무사,out/우암동법무사.html,true,"index, follow",true,true,3,3
/울산선박등기,out/울산선박등기.html,true,"index, follow",true,true,1,1
/울진선박등기,out/울진선박등기.html,true,"index, follow",true,true,4,4
/유류분과상속등기,out/유류분과상속등기.html,true,"index, follow",true,true,8,8
/유언공증준비,out/유언공증준비.html,true,"index, follow",true,true,3,3
/유언집행자와상속등기,out/유언집행자와상속등기.html,true,"index, follow",true,true,3,3
/의료법인설립등기,out/의료법인설립등기.html,true,"index, follow",true,true,6,6
/의료법인임원변경등기,out/의료법인임원변경등기.html,true,"index, follow",true,true,2,2
/의료법인주사무소이전등기,out/의료법인주사무소이전등기.html,true,"index, follow",true,true,1,1
/이사후임차권등기명령준비,out/이사후임차권등기명령준비.html,true,"index, follow",true,true,8,8
/이용약관,out/이용약관.html,true,"index, follow",true,true,4,1873
/이혼재산분할등기서류준비,out/이혼재산분할등기서류준비.html,true,"index, follow",true,true,5,5
/일광읍법무사,out/일광읍법무사.html,true,"index, follow",true,true,9,9
/일반건물집합건물전환등기,out/일반건물집합건물전환등기.html,true,"index, follow",true,true,1,1
/임대인사망전세계약,out/임대인사망전세계약.html,true,"index, follow",true,true,2,2
/임대차전세,out/임대차전세.html,true,"index, follow",true,true,14,14
/임원변경등기과태료,out/임원변경등기과태료.html,true,"index, follow",true,true,125,125
/임원변경등기기간,out/임원변경등기기간.html,true,"index, follow",true,true,0,0
/임원변경등기기한,out/임원변경등기기한.html,true,"index, follow",true,true,0,0
/임원변경등기보수표,out/임원변경등기보수표.html,true,"index, follow",true,true,0,0
/임원변경등기비용,out/임원변경등기비용.html,true,"index, follow",true,true,0,0
/임원변경등기자가진단,out/임원변경등기자가진단.html,true,"index, follow",true,true,60,60
/임원변경등기준비서류,out/임원변경등기준비서류.html,true,"index, follow",true,true,0,0
/임원변경등기필요서류,out/임원변경등기필요서류.html,true,"index, follow",true,true,0,0
/임차권등기명령과태료,out/임차권등기명령과태료.html,true,"index, follow",true,true,0,0
/임차권등기명령기간,out/임차권등기명령기간.html,true,"index, follow",true,true,0,0
/임차권등기명령기한,out/임차권등기명령기한.html,true,"index, follow",true,true,0,0
/임차권등기명령보수표,out/임차권등기명령보수표.html,true,"index, follow",true,true,0,0
/임차권등기명령비용,out/임차권등기명령비용.html,true,"index, follow",true,true,4,4
/임차권등기명령자가진단,out/임차권등기명령자가진단.html,true,"index, follow",true,true,12,12
/임차권등기명령준비서류,out/임차권등기명령준비서류.html,true,"index, follow",true,true,0,0
/임차권등기명령필요서류,out/임차권등기명령필요서류.html,true,"index, follow",true,true,2,2
/자가진단,out/자가진단.html,true,"index, follow",true,true,1359,5097
/자동차상속명의이전,out/자동차상속명의이전.html,true,"index, follow",true,true,2,2
/장례후재산채무정리,out/장례후재산채무정리.html,true,"index, follow",true,true,7,7
/장전동법무사,out/장전동법무사.html,true,"index, follow",true,true,3,3
/장전동부동산등기,out/장전동부동산등기.html,true,"index, follow",true,true,0,0
/장학재단설립,out/장학재단설립.html,true,"index, follow",true,true,5,5
/재개발등기과태료,out/재개발등기과태료.html,true,"index, follow",true,true,0,0
/재개발등기기간,out/재개발등기기간.html,true,"index, follow",true,true,0,0
/재개발등기기한,out/재개발등기기한.html,true,"index, follow",true,true,0,0
/재개발등기보수표,out/재개발등기보수표.html,true,"index, follow",true,true,0,0
/재개발등기비용,out/재개발등기비용.html,true,"index, follow",true,true,0,0
/재개발등기준비서류,out/재개발등기준비서류.html,true,"index, follow",true,true,0,0
/재개발등기필요서류,out/재개발등기필요서류.html,true,"index, follow",true,true,0,0
/재건축등기과태료,out/재건축등기과태료.html,true,"index, follow",true,true,0,0
/재건축등기기간,out/재건축등기기간.html,true,"index, follow",true,true,0,0
/재건축등기기한,out/재건축등기기한.html,true,"index, follow",true,true,0,0
/재건축등기보수표,out/재건축등기보수표.html,true,"index, follow",true,true,0,0
/재건축등기비용,out/재건축등기비용.html,true,"index, follow",true,true,0,0
/재건축등기준비서류,out/재건축등기준비서류.html,true,"index, follow",true,true,0,0
/재건축등기필요서류,out/재건축등기필요서류.html,true,"index, follow",true,true,0,0
/재건축조합임원변경등기,out/재건축조합임원변경등기.html,true,"index, follow",true,true,0,0
/재단법인과공익법인차이,out/재단법인과공익법인차이.html,true,"index, follow",true,true,0,0
/재단법인기본재산변경등기,out/재단법인기본재산변경등기.html,true,"index, follow",true,true,0,0
/재송동법무사,out/재송동법무사.html,true,"index, follow",true,true,20,20
/재송동상속등기,out/재송동상속등기.html,true,"index, follow",true,true,0,0
/재송동소유권이전등기,out/재송동소유권이전등기.html,true,"index, follow",true,true,0,0
/재혼가정상속,out/재혼가정상속.html,true,"index, follow",true,true,3,3
/전국공동담보등기,out/전국공동담보등기.html,true,"index, follow",true,true,4,4
/전국법인본점이전등기,out/전국법인본점이전등기.html,true,"index, follow",true,true,11,11
/전국상속등기,out/전국상속등기.html,true,"index, follow",true,true,26,1895
/전국업무,out/전국업무.html,true,"index, follow",true,true,14,1883
/전국유증등기,out/전국유증등기.html,true,"index, follow",true,true,9,9
/전문직법인등기,out/전문직법인등기.html,true,"index, follow",true,true,11,11
/전세권설정과태료,out/전세권설정과태료.html,true,"index, follow",true,true,0,0
/전세권설정기간,out/전세권설정기간.html,true,"index, follow",true,true,0,0
/전세권설정기한,out/전세권설정기한.html,true,"index, follow",true,true,0,0
/전세권설정보수표,out/전세권설정보수표.html,true,"index, follow",true,true,0,0
/전세권설정비용,out/전세권설정비용.html,true,"index, follow",true,true,0,0
/전세권설정준비서류,out/전세권설정준비서류.html,true,"index, follow",true,true,0,0
/전세권설정필요서류,out/전세권설정필요서류.html,true,"index, follow",true,true,0,0
/전세보증금상담,out/전세보증금상담.html,true,"index, follow",true,true,0,0
/전세보증금자가진단,out/전세보증금자가진단.html,true,"index, follow",true,true,16,16
/전세사기예방교육,out/전세사기예방교육.html,true,"index, follow",true,true,32,32
/전세사기피해대응절차,out/전세사기피해대응절차.html,true,"index, follow",true,true,18,19
/전자등기,out/전자등기.html,true,"index, follow",true,true,4,4
/전자신청,out/전자신청.html,true,"index, follow",true,true,3,3
/전포동법무사,out/전포동법무사.html,true,"index, follow",true,true,8,8
/전포동부동산등기,out/전포동부동산등기.html,true,"index, follow",true,true,0,0
/전화가어려울때법률상담,out/전화가어려울때법률상담.html,true,"index, follow",true,true,0,0
/정관법무사,out/정관법무사.html,true,"index, follow",true,true,8,8
/정관법인등기,out/정관법인등기.html,true,"index, follow",true,true,35,35
/정관법인설립등기,out/정관법인설립등기.html,true,"index, follow",true,true,0,0
/제주타지역상속인부동산,out/제주타지역상속인부동산.html,true,"index, follow",true,true,2,2
/종교단체사단법인설립,out/종교단체사단법인설립.html,true,"index, follow",true,true,3,3
/종교재단설립,out/종교재단설립.html,true,"index, follow",true,true,3,3
/좌동법무사,out/좌동법무사.html,true,"index, follow",true,true,7,7
/좌동상속등기,out/좌동상속등기.html,true,"index, follow",true,true,0,0
/좌동소유권이전등기,out/좌동소유권이전등기.html,true,"index, follow",true,true,0,0
/주례동법무사,out/주례동법무사.html,true,"index, follow",true,true,4,4
/주무관청허가후설립등기,out/주무관청허가후설립등기.html,true,"index, follow",true,true,5,5
/중구법무사,out/중구법무사.html,true,"index, follow",true,true,29,29
/중구법인등기,out/중구법인등기.html,true,"index, follow",true,true,0,0
/중구법인설립등기,out/중구법인설립등기.html,true,"index, follow",true,true,0,0
/중구부동산등기,out/중구부동산등기.html,true,"index, follow",true,true,3,3
/중구상속등기,out/중구상속등기.html,true,"index, follow",true,true,3,3
/중구상속포기,out/중구상속포기.html,true,"index, follow",true,true,0,0
/중구임원변경등기,out/중구임원변경등기.html,true,"index, follow",true,true,0,0
/중구한정승인,out/중구한정승인.html,true,"index, follow",true,true,0,0
/중동법무사,out/중동법무사.html,true,"index, follow",true,true,7,7
/중동부동산등기,out/중동부동산등기.html,true,"index, follow",true,true,0,0
/중부산등기소법무사,out/중부산등기소법무사.html,true,"index, follow",true,true,42,42
/중부산등기소법인등기,out/중부산등기소법인등기.html,true,"index, follow",true,true,0,0
/중부산등기소부동산등기,out/중부산등기소부동산등기.html,true,"index, follow",true,true,0,0
/중부산등기소임원변경등기,out/중부산등기소임원변경등기.html,true,"index, follow",true,true,0,0
/증여등기과태료,out/증여등기과태료.html,true,"index, follow",true,true,0,0
/증여등기기간,out/증여등기기간.html,true,"index, follow",true,true,0,0
/증여등기기한,out/증여등기기한.html,true,"index, follow",true,true,0,0
/증여등기보수표,out/증여등기보수표.html,true,"index, follow",true,true,0,0
/증여등기비용,out/증여등기비용.html,true,"index, follow",true,true,7,7
/증여등기준비서류,out/증여등기준비서류.html,true,"index, follow",true,true,0,0
/증여등기필요서류,out/증여등기필요서류.html,true,"index, follow",true,true,7,7
/증축후건물표시변경등기,out/증축후건물표시변경등기.html,true,"index, follow",true,true,3,3
/지급명령이의신청준비,out/지급명령이의신청준비.html,true,"index, follow",true,true,2,2
/지급명령자가진단,out/지급명령자가진단.html,true,"index, follow",true,true,36,36
/지방공기업등기,out/지방공기업등기.html,true,"index, follow",true,true,1,1
/지식산업센터보존등기,out/지식산업센터보존등기.html,true,"index, follow",true,true,3,3
/집단등기,out/집단등기.html,true,"index, follow",true,true,1,1
/집단등기실수모음,out/집단등기실수모음.html,true,"index, follow",true,true,2,2
/집합건물보존등기,out/집합건물보존등기.html,true,"index, follow",true,true,1,1
/창업법률교육,out/창업법률교육.html,true,"index, follow",true,true,13,13
/창업법무,out/창업법무.html,true,"index, follow",true,true,5,5
/창원비영리법인설립,out/창원비영리법인설립.html,true,"index, follow",true,true,2,2
/창원선박등기,out/창원선박등기.html,true,"index, follow",true,true,2,2
/채권압류추심서류준비,out/채권압류추심서류준비.html,true,"index, follow",true,true,19,19
/철거후건물멸실등기,out/철거후건물멸실등기.html,true,"index, follow",true,true,5,5
/청년생활법률특강,out/청년생활법률특강.html,true,"index, follow",true,true,32,32
/체육단체사단법인설립,out/체육단체사단법인설립.html,true,"index, follow",true,true,2,2
/초량동법무사,out/초량동법무사.html,true,"index, follow",true,true,5,5
/촉탁등기,out/촉탁등기.html,true,"index, follow",true,true,4,4
/취득세,out/취득세.html,true,"index, follow",true,true,7,7
/타지역상속인경상도부동산,out/타지역상속인경상도부동산.html,true,"index, follow",true,true,4,4
/토지소유자와건축주다른보존등기,out/토지소유자와건축주다른보존등기.html,true,"index, follow",true,true,4,4
/통영선박등기,out/통영선박등기.html,true,"index, follow",true,true,3,3
/특별대리인자가진단,out/특별대리인자가진단.html,true,"index, follow",true,true,4,4
/특별법법인설립등기,out/특별법법인설립등기.html,true,"index, follow",true,true,17,17
/특별한정승인,out/특별한정승인.html,true,"index, follow",true,true,15,15
/특수등기,out/특수등기.html,true,"index, follow",true,true,5,5
/특수등기의뢰,out/특수등기의뢰.html,true,"index, follow",true,true,6,6
/특수비영리법인등기,out/특수비영리법인등기.html,true,"index, follow",true,true,152,152
/특허법인설립등기,out/특허법인설립등기.html,true,"index, follow",true,true,3,3
/포항선박등기,out/포항선박등기.html,true,"index, follow",true,true,2,2
/하단법무사,out/하단법무사.html,true,"index, follow",true,true,6,6
/학교법률교육,out/학교법률교육.html,true,"index, follow",true,true,8,8
/학교법인설립등기,out/학교법인설립등기.html,true,"index, follow",true,true,4,4
/학교법인임원변경등기,out/학교법인임원변경등기.html,true,"index, follow",true,true,1,1
/한정승인과태료,out/한정승인과태료.html,true,"index, follow",true,true,0,0
/한정승인기간,out/한정승인기간.html,true,"index, follow",true,true,28,28
/한정승인기한,out/한정승인기한.html,true,"index, follow",true,true,0,0
/한정승인보수표,out/한정승인보수표.html,true,"index, follow",true,true,0,0
/한정승인비용,out/한정승인비용.html,true,"index, follow",true,true,72,72
/한정승인상담,out/한정승인상담.html,true,"index, follow",true,true,0,0
/한정승인자가진단,out/한정승인자가진단.html,true,"index, follow",true,true,117,117
/한정승인준비서류,out/한정승인준비서류.html,true,"index, follow",true,true,0,0
/한정승인필요서류,out/한정승인필요서류.html,true,"index, follow",true,true,0,0
/해산간주확인절차,out/해산간주확인절차.html,true,"index, follow",true,true,2,2
/해외거주상속인,out/해외거주상속인.html,true,"index, follow",true,true,20,20
/해외대표이사주주법인등기,out/해외대표이사주주법인등기.html,true,"index, follow",true,true,7,7
/해외서류가필요한증여등기,out/해외서류가필요한증여등기.html,true,"index, follow",true,true,6,6
/해운대구법인등기,out/해운대구법인등기.html,true,"index, follow",true,true,7,7
/해운대구법인설립등기,out/해운대구법인설립등기.html,true,"index, follow",true,true,0,0
/해운대구부동산등기,out/해운대구부동산등기.html,true,"index, follow",true,true,118,118
/해운대구상속등기,out/해운대구상속등기.html,true,"index, follow",true,true,57,57
/해운대구상속포기,out/해운대구상속포기.html,true,"index, follow",true,true,0,0
/해운대구임원변경등기,out/해운대구임원변경등기.html,true,"index, follow",true,true,0,0
/해운대구한정승인,out/해운대구한정승인.html,true,"index, follow",true,true,0,0
/해운대법무사,out/해운대법무사.html,true,"index, follow",true,true,685,2554
/해운대비영리법인설립,out/해운대비영리법인설립.html,true,"index, follow",true,true,2,2
/해운대상가오피스텔건물등기,out/해운대상가오피스텔건물등기.html,true,"index, follow",true,true,0,0
/해운대여성법무사,out/해운대여성법무사.html,true,"index, follow",true,true,6,6
/해운대역법무사,out/해운대역법무사.html,true,"index, follow",true,true,0,0
/해운대역부동산등기,out/해운대역부동산등기.html,true,"index, follow",true,true,0,0
/해운대재개발상속등기,out/해운대재개발상속등기.html,true,"index, follow",true,true,27,27
/해운회사법인등기,out/해운회사법인등기.html,true,"index, follow",true,true,22,22
/협동조합과주식회사차이,out/협동조합과주식회사차이.html,true,"index, follow",true,true,0,0
/협동조합임원변경등기,out/협동조합임원변경등기.html,true,"index, follow",true,true,0,0
/협동조합해산청산등기,out/협동조합해산청산등기.html,true,"index, follow",true,true,0,0
/협업문의,out/협업문의.html,true,"index, follow",true,true,92,1961
/협회사단법인설립,out/협회사단법인설립.html,true,"index, follow",true,true,7,7
/화명동법무사,out/화명동법무사.html,true,"index, follow",true,true,7,7
/화명동부동산등기,out/화명동부동산등기.html,true,"index, follow",true,true,0,0
/화재소실건물멸실등기,out/화재소실건물멸실등기.html,true,"index, follow",true,true,1,1
/환경단체사단법인설립,out/환경단체사단법인설립.html,true,"index, follow",true,true,0,0
/회계법인설립등기,out/회계법인설립등기.html,true,"index, follow",true,true,4,4
/휴면법인계속등기준비,out/휴면법인계속등기준비.html,true,"index, follow",true,true,8,8
