url,introChars,bodyChars,introRatio,answerLate,first700Preview
/,181,943,0.192,false,부산 법무사 입니다. 가 상속등기·부동산등기·법인등기·개인회생·파산 등 필요한 절차와 준비서류를 직접 상담·안내합니다. 부산 법무사 입니다. 가 상속등기·부동산등기·법인등기·개인회생·파산 등 필요한 절차와 준비서류를 직접 상담·안내합니다. 부산 해운대구·센텀에 위치한 가 절차·서류·비용을 항목별로 설명드립니다. 막막할수록
/about,247,1028,0.24,false,"프로필. 법무사·공인중개사·신용관리사·직업상담사, 교사 자격, 부산대 행정대학원 재학, 대한법무사협회 표창, 기획예산처·부산시·해운대구·민주평통 자문, 시민도서관·청년기관 법률 강의. 프로필. 법무사·공인중개사·신용관리사·직업상담사, 교사 자격, 부산대 행정대학원 재학, 대한법무사협회 표창, 기획예산처·부산시·해운대구·민"
/office,183,987,0.185,false,"부산 해운대구 센텀 . 주소·운영시간·주차·상담 방식과 방문 전 준비사항을 안내합니다. 가 직접 상담하며, 예약 후 방문해 주세요. 부산 해운대구 센텀 . 주소·운영시간·주차·상담 방식과 방문 전 준비사항을 안내합니다. 가 직접 상담하며, 예약 후 방문해 주세요. 부산 해운대구·센텀에 위치한 가 절차·서류·비용을 항목별로"
/services,185,1019,0.182,false,"상속등기·상속포기·한정승인, 부동산등기, 법인설립·임원변경등기, 개인회생·파산 업무별 절차·수임 범위·실무 사례 안내. 상속등기·상속포기·한정승인, 부동산등기, 법인설립·임원변경등기, 개인회생·파산 업무별 절차·수임 범위·실무 사례 안내. 부산 해운대구·센텀에 위치한 가 절차·서류·비용을 항목별로 설명드립니다. 막막할수록"
/blog,163,929,0.175,false,공식 네이버 블로그 안내 페이지입니다. 최신 법률정보와 상담 사례는 네이버 블로그에서 확인하실 수 있습니다. 공식 네이버 블로그 안내 페이지입니다. 최신 법률정보와 상담 사례는 네이버 블로그에서 확인하실 수 있습니다. 부산 해운대구·센텀에 위치한 가 절차·서류·비용을 항목별로 설명드립니다. 막막할수록 지금 무엇부터 해야 
/reviews,137,894,0.153,false,네이버 플레이스 방문자가 남긴 상속등기·부동산등기·법인등기·상담 후기. 네이버 플레이스 방문자가 남긴 상속등기·부동산등기·법인등기·상담 후기. 부산 해운대구·센텀에 위치한 가 절차·서류·비용을 항목별로 설명드립니다. 막막할수록 지금 무엇부터 해야 하는지부터 정리하는 것이 우선이라고 생각합니다. 현재 상황과 목표를 전화·메
/faq,151,940,0.161,false,"상속등기, 부동산등기, 법인등기, 개인회생·파산 등 법무사 업무 관련 자주 묻는 질문과 답변. 상속등기, 부동산등기, 법인등기, 개인회생·파산 등 법무사 업무 관련 자주 묻는 질문과 답변. 부산 해운대구·센텀에 위치한 가 절차·서류·비용을 항목별로 설명드립니다. 막막할수록 지금 무엇부터 해야 하는지부터 정리하는 것이 우선"
/media,133,881,0.151,false,"언론 보도, 법률 강의, 기업·공공기관 협력, 정책 자문 등 대외 활동 기록. 언론 보도, 법률 강의, 기업·공공기관 협력, 정책 자문 등 대외 활동 기록. 부산 해운대구·센텀에 위치한 가 절차·서류·비용을 항목별로 설명드립니다. 막막할수록 지금 무엇부터 해야 하는지부터 정리하는 것이 우선이라고 생각합니다. 현재 상황과 "
/contact,143,926,0.154,false,전화·카카오톡·네이버 톡톡 상담 안내. 방문 예약 후 센텀 사무소에서 직접 상담 가능. 전화·카카오톡·네이버 톡톡 상담 안내. 방문 예약 후 센텀 사무소에서 직접 상담 가능. 부산 해운대구·센텀에 위치한 가 절차·서류·비용을 항목별로 설명드립니다. 막막할수록 지금 무엇부터 해야 하는지부터 정리하는 것이 우선이라고 생각합니
/location,153,921,0.166,false,"부산 해운대구 센텀동로 200 D동 1층 위치, 센텀시티역·주차·건물 안내, 네이버 예약 링크. 부산 해운대구 센텀동로 200 D동 1층 위치, 센텀시티역·주차·건물 안내, 네이버 예약 링크. 부산 해운대구·센텀에 위치한 가 절차·서류·비용을 항목별로 설명드립니다. 막막할수록 지금 무엇부터 해야 하는지부터 정리하는 것이 "
/search-guides,185,1025,0.18,false,"부산 법무사 추천·비용·후기, 등기 복대리·집단등기, 개인회생, 공공기관·보존등기처럼 상담 전에 자주 묻는 주제를 모았습니다. 부산 법무사 추천·비용·후기, 등기 복대리·집단등기, 개인회생, 공공기관·보존등기처럼 상담 전에 자주 묻는 주제를 모았습니다. 부산 해운대구·센텀에 위치한 가 절차·서류·비용을 항목별로 설명드립니"
/contact/inquiry,209,1015,0.206,false,상속등기·부동산등기·법인등기·개인회생 등 상담 분야와 현재 상황을 남기는 신청 양식입니다. 전화·카카오 안내가 필요하면 상담 문의 페이지를 이용해 주세요. 상속등기·부동산등기·법인등기·개인회생 등 상담 분야와 현재 상황을 남기는 신청 양식입니다. 전화·카카오 안내가 필요하면 상담 문의 페이지를 이용해 주세요. 부산 해운대
/개인정보처리방침,173,954,0.181,false,"개인정보처리방침. 문의·상담 시 수집 항목, 이용 목적, 보유 기간, 제3자 제공, 파기, 정보주체 권리를 안내합니다. 개인정보처리방침. 문의·상담 시 수집 항목, 이용 목적, 보유 기간, 제3자 제공, 파기, 정보주체 권리를 안내합니다. 부산 해운대구·센텀에 위치한 가 절차·서류·비용을 항목별로 설명드립니다. 막막할수록"
/이용약관,157,906,0.173,false,"웹사이트 이용약관. 법률정보 일반 안내의 범위, 상담 한계, 지적재산권, 책임의 제한을 안내합니다. 웹사이트 이용약관. 법률정보 일반 안내의 범위, 상담 한계, 지적재산권, 책임의 제한을 안내합니다. 부산 해운대구·센텀에 위치한 가 절차·서류·비용을 항목별로 설명드립니다. 막막할수록 지금 무엇부터 해야 하는지부터 정리하는"
/자가진단,265,1931,0.137,true,"상속, 법인등기, 부동산등기, 개인회생, 전세보증금 등 현재 상황을 간단히 점검할 수 있습니다. 아래에서 해당 업무를 고른 뒤 자가진단을 시작하세요. 상속, 법인등기, 부동산등기, 개인회생, 전세보증금 등 현재 상황을 간단히 점검할 수 있습니다. 아래에서 해당 업무를 고른 뒤 자가진단을 시작하세요. 상속, 법인등기, 부동"
/부산상속등기,1033,3373,0.306,false,"상속등기를 검색하는 이유는 ‘명의를 바꿔야 팔거나 담보·전세를 진행할 수 있어서’인 경우가 많습니다. 그런데 상속인 연락이 안 되거나, 일부만 포기하거나, 근저당·가압류가 남아 있으면 서류와 순서가 달라집니다. 부산 상속등기 상담의 첫 확인은 ①상속인 전원 ②부동산 권리관계 ③단순승인으로 봐도 되는지입니다. 채무가 걱정되"
/부산상속포기,808,4929,0.164,false,"상속포기를 검색하는 이유는 대개 채무가 재산보다 크다고 느껴지거나, 가족 중 일부가 상속을 받지 않으려 할 때입니다. ‘나만 포기하면 끝’이 아닌 경우가 많아, 누가 상속인인지부터 맞춰야 합니다. 배우자·자녀가 함께 상속인인데 자녀만 전부 포기하면 배우자가 단독상속인이 될 수 있고(대법원 2023. 3. 23.자 2020"
/부산한정승인,1147,3479,0.33,false,"한정승인을 검색하는 이유는 보통 세 가지입니다. 첫째, 상속재산보다 채무가 많을 수 있다고 느껴질 때입니다. 둘째, 금융·보증·세금 채무를 아직 다 확인하지 못했는데 3개월 기한이 다가올 때입니다. 셋째, 이미 예금을 일부 쓰거나 물건을 처분한 뒤에도 절차가 가능한지 궁금할 때입니다. 부산 한정승인 상담에서는 사망일·인지"
/부산법인설립등기,923,2648,0.349,false,"법인설립을 검색하는 이유는 ‘사업자등록 전에 등기가 필요한지’, ‘1인으로 가능한지’, ‘자본금을 얼마로 할지’가 헷갈려서인 경우가 많습니다. 상담의 첫 확인은 회사 유형, 본점 주소의 등기 가능 여부, 임원 구성, 상호 중복입니다. 직접 처리하기 비교적 단순한 경우는 요건이 단순한 소규모 설립이고, 전문가 검토가 필요한"
/부산임원변경등기,1157,2757,0.42,false,"대표이사가 바뀌었는데 등기를 안 하면 은행·거래처·정부 사업 신청에서 문제가 됩니다. 부산 대표이사 변경등기를 찾으시는 분들은 ‘결의는 했는데 등기 기한이 언제까지인지’, ‘사임한 이사와 새로 취임한 이사를 한 번에 등기할 수 있는지’, ‘주소만 바뀐 경우에도 등기가 필요한지’를 묻습니다. 과태료는 결의 후 등기 지연 일"
/부산부동산등기,972,3133,0.31,false,"부동산등기를 검색하는 이유는 ‘계약을 했는데 등기부 명의가 그대로’이거나 ‘잔금 전에 말소·이전이 가능한지’가 불안해서인 경우가 많습니다. 부산은 수영·해운대·연제 등 아파트 거래가 많고, 관할 등기소가 소재지마다 다릅니다. 상담의 첫 확인은 등기부 선순위(근저당·가압류·전세권)와 잔금·대출 일정입니다. 직접 처리하기 비"
/부산법인등기,598,2491,0.24,false,"‘부산 법인등기’를 검색하시면 설립 견적만 보고 오시는 경우도 있지만, 실제 상담에서는 이미 운영 중인 회사의 변경등기 문의가 많습니다. 임원 주소를 옮겼는데 등기를 안 한 경우, 대표이사가 바뀌었는데 은행·계약서만 고친 경우, 본점은 이전했는데 등기부 주소가 예전인 경우처럼 ‘거래는 됐는데 등기가 안 맞은’ 상태가 쌓입"
/부산소유권이전등기,551,2426,0.227,false,"소유권이전등기는 부동산 거래·증여·상속의 마지막 단계이지만, 실무에서는 가장 자주 지연되는 부분이기도 합니다. 부산 아파트 소유권이전등기를 검색하시는 분들은 잔금 영수증은 있는데 등기부에 근저당이 남아 있다거나, 증여세 신고와 등기 일정이 맞지 않거나, 상속인 여럿이 협의서 없이 진행하려다 막히는 경우가 많습니다. 원인별"
/부산파산,255,1415,0.18,false,"검색어의 ‘파산’은 기업 파산과 개인파산·면책을 한 말로 묶는 경우가 많습니다. 이 페이지는 그 차이만 가른 뒤, 개인 채무 정리는 부산 개인파산 대표 안내로 연결합니다. 등기소·상속·매매와는 다른 부산회생법원 절차입니다. 검색어의 ‘파산’은 기업 파산과 개인파산·면책을 한 말로 묶는 경우가 많습니다. 이 페이지는 그 차"
/해운대구상속등기,399,1811,0.22,true,"해운대구는 센텀시티·마린시티·재송·반여 일대 고가 아파트와 상가, 법인 사옥이 밀집해 상속·매매·법인등기 문의가 많은 지역입니다. 해운대구 센텀, 재송동, 반여동, 우동, 좌동에서 상속등기를 진행할 때는 부동산·법인 소재지와 당사자 서류를 기준으로 관할과 순서를 맞춥니다. 이 페이지는 상속등기만 다루며, 상담은 해운대 센"
/해운대구상속포기,361,1733,0.208,true,"해운대구는 센텀시티·마린시티·재송·반여 일대 고가 아파트와 상가, 법인 사옥이 밀집해 상속·매매·법인등기 문의가 많은 지역입니다. 해운대구 좌동, 반여동, 센텀, 재송동, 우동에서 상속포기를 진행할 때는 부동산·법인 소재지와 당사자 서류를 기준으로 관할과 순서를 맞춥니다. 이 페이지는 상속포기만 다루며, 상담은 해운대 센"
/해운대구한정승인,361,1647,0.219,true,"해운대구는 센텀시티·마린시티·재송·반여 일대 고가 아파트와 상가, 법인 사옥이 밀집해 상속·매매·법인등기 문의가 많은 지역입니다. 해운대구 센텀, 우동, 재송동, 반여동, 좌동에서 한정승인를 진행할 때는 부동산·법인 소재지와 당사자 서류를 기준으로 관할과 순서를 맞춥니다. 이 페이지는 한정승인만 다루며, 상담은 해운대 센"
/해운대구법인등기,361,1579,0.229,true,"해운대구는 센텀시티·마린시티·재송·반여 일대 고가 아파트와 상가, 법인 사옥이 밀집해 상속·매매·법인등기 문의가 많은 지역입니다. 해운대구 센텀, 재송동, 반여동, 우동, 좌동에서 법인등기를 진행할 때는 부동산·법인 소재지와 당사자 서류를 기준으로 관할과 순서를 맞춥니다. 이 페이지는 법인등기만 다루며, 상담은 해운대 센"
/해운대구부동산등기,381,1659,0.23,true,"해운대구는 센텀시티·마린시티·재송·반여 일대 고가 아파트와 상가, 법인 사옥이 밀집해 상속·매매·법인등기 문의가 많은 지역입니다. 해운대구 마린시티, 우동, 센텀, 재송동, 반여동, 좌동에서 부동산등기를 진행할 때는 부동산·법인 소재지와 당사자 서류를 기준으로 관할과 순서를 맞춥니다. 이 페이지는 부동산등기만 다루며, 상"
/연제구상속등기,363,1785,0.203,true,"연제구는 연산·거제 일대 실거주 아파트와 상가, 소규모 법인 사무실이 많아 상속등기와 임원변경·법인등기 상담이 이어지는 지역입니다. 연제구 연산동, 거제동에서 상속등기를 진행할 때는 부동산·법인 소재지와 당사자 서류를 기준으로 관할과 순서를 맞춥니다. 이 페이지는 상속등기만 다루며, 상담은 해운대 센텀 에서 이어집니다. "
/연제구상속포기,329,1715,0.192,true,"연제구는 연산·거제 일대 실거주 아파트와 상가, 소규모 법인 사무실이 많아 상속등기와 임원변경·법인등기 상담이 이어지는 지역입니다. 연제구 연산동, 거제동에서 상속포기를 진행할 때는 부동산·법인 소재지와 당사자 서류를 기준으로 관할과 순서를 맞춥니다. 이 페이지는 상속포기만 다루며, 상담은 해운대 센텀 에서 이어집니다. "
/연제구법인등기,329,1561,0.211,true,"연제구는 연산·거제 일대 실거주 아파트와 상가, 소규모 법인 사무실이 많아 상속등기와 임원변경·법인등기 상담이 이어지는 지역입니다. 연제구 연산동, 거제동에서 법인등기를 진행할 때는 부동산·법인 소재지와 당사자 서류를 기준으로 관할과 순서를 맞춥니다. 이 페이지는 법인등기만 다루며, 상담은 해운대 센텀 에서 이어집니다. "
/연제구임원변경등기,339,1577,0.215,true,"연제구는 연산·거제 일대 실거주 아파트와 상가, 소규모 법인 사무실이 많아 상속등기와 임원변경·법인등기 상담이 이어지는 지역입니다. 연제구 거제동, 연산동에서 임원변경등기를 진행할 때는 부동산·법인 소재지와 당사자 서류를 기준으로 관할과 순서를 맞춥니다. 이 페이지는 임원변경등기만 다루며, 상담은 해운대 센텀 에서 이어집"
/수영구상속등기,381,1755,0.217,false,"수영구는 광안리·민락·망미 일대 전월세·매매와 상속이 겹치는 사건이 많고, 부동산 가액에 따라 등기 비용과 절차가 달라지는 경우가 많습니다. 수영구 광안동, 민락동, 망미동에서 상속등기를 진행할 때는 부동산·법인 소재지와 당사자 서류를 기준으로 관할과 순서를 맞춥니다. 이 페이지는 상속등기만 다루며, 상담은 해운대 센텀 "
/수영구부동산등기,352,1595,0.221,false,"수영구는 광안리·민락·망미 일대 전월세·매매와 상속이 겹치는 사건이 많고, 부동산 가액에 따라 등기 비용과 절차가 달라지는 경우가 많습니다. 수영구 광안동, 망미동, 민락동에서 부동산등기를 진행할 때는 부동산·법인 소재지와 당사자 서류를 기준으로 관할과 순서를 맞춥니다. 이 페이지는 부동산등기만 다루며, 상담은 해운대 센"
/수영구법인등기,347,1536,0.226,false,"수영구는 광안리·민락·망미 일대 전월세·매매와 상속이 겹치는 사건이 많고, 부동산 가액에 따라 등기 비용과 절차가 달라지는 경우가 많습니다. 수영구 민락동, 광안동, 망미동에서 법인등기를 진행할 때는 부동산·법인 소재지와 당사자 서류를 기준으로 관할과 순서를 맞춥니다. 이 페이지는 법인등기만 다루며, 상담은 해운대 센텀 "
/수영구개인회생,245,1339,0.183,false,"수영구에 거주하면서 개인회생을 찾는 경우, 이 페이지는 해당 구·동의 상담 진입점입니다. 신청 자격·서류·부산회생법원 준비의 전체 절차는 상위 안내에서 이어집니다. 등기소·상속·매매와는 다른 법원 절차입니다. 수영구에 거주하면서 개인회생을 찾는 경우, 이 페이지는 해당 구·동의 상담 진입점입니다. 신청 자격·서류·부산회생"
/동래구상속등기,363,1788,0.203,true,"동래구는 온천·사직·명륜 일대 오래된 주택과 재건축·재개발 이슈가 있는 부동산의 상속·등기 사건이 꾸준히 발생합니다. 동래구 온천동, 사직동, 명륜동에서 상속등기를 진행할 때는 부동산·법인 소재지와 당사자 서류를 기준으로 관할과 순서를 맞춥니다. 이 페이지는 상속등기만 다루며, 상담은 해운대 센텀 에서 이어집니다. 동래구"
/동래구법인등기,329,1564,0.21,true,"동래구는 온천·사직·명륜 일대 오래된 주택과 재건축·재개발 이슈가 있는 부동산의 상속·등기 사건이 꾸준히 발생합니다. 동래구 명륜동, 온천동, 사직동에서 법인등기를 진행할 때는 부동산·법인 소재지와 당사자 서류를 기준으로 관할과 순서를 맞춥니다. 이 페이지는 법인등기만 다루며, 상담은 해운대 센텀 에서 이어집니다. 동래구"
/동래구한정승인,329,1632,0.202,true,"동래구는 온천·사직·명륜 일대 오래된 주택과 재건축·재개발 이슈가 있는 부동산의 상속·등기 사건이 꾸준히 발생합니다. 동래구 사직동, 온천동, 명륜동에서 한정승인를 진행할 때는 부동산·법인 소재지와 당사자 서류를 기준으로 관할과 순서를 맞춥니다. 이 페이지는 한정승인만 다루며, 상담은 해운대 센텀 에서 이어집니다. 동래구"
/동래구임원변경등기,339,1580,0.215,true,"동래구는 온천·사직·명륜 일대 오래된 주택과 재건축·재개발 이슈가 있는 부동산의 상속·등기 사건이 꾸준히 발생합니다. 동래구 온천동, 사직동, 명륜동에서 임원변경등기를 진행할 때는 부동산·법인 소재지와 당사자 서류를 기준으로 관할과 순서를 맞춥니다. 이 페이지는 임원변경등기만 다루며, 상담은 해운대 센텀 에서 이어집니다."
/기장군상속등기,371,1764,0.21,false,"기장군은 토지·전원주택·농지 관련 상속과 법인 사옥 이전 등기 문의가 있으며, 관할 등기소와 거리를 고려한 일정 조율이 필요합니다. 기장군 기장읍, 정관읍, 일광읍에서 상속등기를 진행할 때는 부동산·법인 소재지와 당사자 서류를 기준으로 관할과 순서를 맞춥니다. 이 페이지는 상속등기만 다루며, 상담은 해운대 센텀 에서 이어"
/기장군상속포기,337,1698,0.198,false,"기장군은 토지·전원주택·농지 관련 상속과 법인 사옥 이전 등기 문의가 있으며, 관할 등기소와 거리를 고려한 일정 조율이 필요합니다. 기장군 기장읍, 정관읍, 일광읍에서 상속포기를 진행할 때는 부동산·법인 소재지와 당사자 서류를 기준으로 관할과 순서를 맞춥니다. 이 페이지는 상속포기만 다루며, 상담은 해운대 센텀 에서 이어"
/기장군한정승인,337,1610,0.209,false,"기장군은 토지·전원주택·농지 관련 상속과 법인 사옥 이전 등기 문의가 있으며, 관할 등기소와 거리를 고려한 일정 조율이 필요합니다. 기장군 기장읍, 정관읍, 일광읍에서 한정승인를 진행할 때는 부동산·법인 소재지와 당사자 서류를 기준으로 관할과 순서를 맞춥니다. 이 페이지는 한정승인만 다루며, 상담은 해운대 센텀 에서 이어"
/기장군법인등기,337,1540,0.219,false,"기장군은 토지·전원주택·농지 관련 상속과 법인 사옥 이전 등기 문의가 있으며, 관할 등기소와 거리를 고려한 일정 조율이 필요합니다. 기장군 정관읍, 일광읍, 기장읍에서 법인등기를 진행할 때는 부동산·법인 소재지와 당사자 서류를 기준으로 관할과 순서를 맞춥니다. 이 페이지는 법인등기만 다루며, 상담은 해운대 센텀 에서 이어"
/기장군부동산등기,342,1600,0.214,false,"기장군은 토지·전원주택·농지 관련 상속과 법인 사옥 이전 등기 문의가 있으며, 관할 등기소와 거리를 고려한 일정 조율이 필요합니다. 기장군 기장읍, 정관읍, 일광읍에서 부동산등기를 진행할 때는 부동산·법인 소재지와 당사자 서류를 기준으로 관할과 순서를 맞춥니다. 이 페이지는 부동산등기만 다루며, 상담은 해운대 센텀 에서 "
/북구상속등기,361,1734,0.208,true,"북구는 덕천·구포·화명 일대 실거주 아파트와 상가가 많고, 상속·매매 등기와 개인회생 상담이 꾸준히 이어지는 지역입니다. 북구 덕천동, 구포동, 화명동에서 상속등기를 진행할 때는 부동산·법인 소재지와 당사자 서류를 기준으로 관할과 순서를 맞춥니다. 이 페이지는 상속등기만 다루며, 상담은 해운대 센텀 에서 이어집니다. 북구"
/북구부동산등기,333,1573,0.212,true,"북구는 덕천·구포·화명 일대 실거주 아파트와 상가가 많고, 상속·매매 등기와 개인회생 상담이 꾸준히 이어지는 지역입니다. 북구 화명동, 덕천동, 구포동에서 부동산등기를 진행할 때는 부동산·법인 소재지와 당사자 서류를 기준으로 관할과 순서를 맞춥니다. 이 페이지는 부동산등기만 다루며, 상담은 해운대 센텀 에서 이어집니다. "
/북구개인회생,242,1327,0.182,false,"북구에 거주하면서 개인회생을 찾는 경우, 이 페이지는 해당 구·동의 상담 진입점입니다. 신청 자격·서류·부산회생법원 준비의 전체 절차는 상위 안내에서 이어집니다. 등기소·상속·매매와는 다른 법원 절차입니다. 북구에 거주하면서 개인회생을 찾는 경우, 이 페이지는 해당 구·동의 상담 진입점입니다. 신청 자격·서류·부산회생법원"
/북구상속포기,328,1660,0.198,true,"북구는 덕천·구포·화명 일대 실거주 아파트와 상가가 많고, 상속·매매 등기와 개인회생 상담이 꾸준히 이어지는 지역입니다. 북구 구포동, 덕천동, 화명동에서 상속포기를 진행할 때는 부동산·법인 소재지와 당사자 서류를 기준으로 관할과 순서를 맞춥니다. 이 페이지는 상속포기만 다루며, 상담은 해운대 센텀 에서 이어집니다. 북구"
/사상구상속등기,367,1746,0.21,true,"사상구는 엄궁·감전·주례 일대 신·구 아파트와 상가, 토지 상속 사건이 많으며 채무 관련 상속포기·개인회생 문의도 잦습니다. 사상구 엄궁동, 감전동, 주례동에서 상속등기를 진행할 때는 부동산·법인 소재지와 당사자 서류를 기준으로 관할과 순서를 맞춥니다. 이 페이지는 상속등기만 다루며, 상담은 해운대 센텀 에서 이어집니다."
/사상구부동산등기,338,1589,0.213,true,"사상구는 엄궁·감전·주례 일대 신·구 아파트와 상가, 토지 상속 사건이 많으며 채무 관련 상속포기·개인회생 문의도 잦습니다. 사상구 주례동, 엄궁동, 감전동에서 부동산등기를 진행할 때는 부동산·법인 소재지와 당사자 서류를 기준으로 관할과 순서를 맞춥니다. 이 페이지는 부동산등기만 다루며, 상담은 해운대 센텀 에서 이어집니"
/사상구상속포기,333,1676,0.199,true,"사상구는 엄궁·감전·주례 일대 신·구 아파트와 상가, 토지 상속 사건이 많으며 채무 관련 상속포기·개인회생 문의도 잦습니다. 사상구 감전동, 엄궁동, 주례동에서 상속포기를 진행할 때는 부동산·법인 소재지와 당사자 서류를 기준으로 관할과 순서를 맞춥니다. 이 페이지는 상속포기만 다루며, 상담은 해운대 센텀 에서 이어집니다."
/사상구개인회생,245,1344,0.182,false,"사상구에 거주하면서 개인회생을 찾는 경우, 이 페이지는 해당 구·동의 상담 진입점입니다. 신청 자격·서류·부산회생법원 준비의 전체 절차는 상위 안내에서 이어집니다. 등기소·상속·매매와는 다른 법원 절차입니다. 사상구에 거주하면서 개인회생을 찾는 경우, 이 페이지는 해당 구·동의 상담 진입점입니다. 신청 자격·서류·부산회생"
/금정구상속등기,371,1796,0.207,true,"금정구는 부곡·서동·금사 일대 주택·다가구·상가의 상속등기와 한정승인 사건이 발생하며, 부산대 인근 임대·매매 등기도 있습니다. 금정구 부곡동, 서동, 금사동에서 상속등기를 진행할 때는 부동산·법인 소재지와 당사자 서류를 기준으로 관할과 순서를 맞춥니다. 이 페이지는 상속등기만 다루며, 상담은 해운대 센텀 에서 이어집니다"
/금정구한정승인,338,1640,0.206,true,"금정구는 부곡·서동·금사 일대 주택·다가구·상가의 상속등기와 한정승인 사건이 발생하며, 부산대 인근 임대·매매 등기도 있습니다. 금정구 금사동, 부곡동, 서동에서 한정승인를 진행할 때는 부동산·법인 소재지와 당사자 서류를 기준으로 관할과 순서를 맞춥니다. 이 페이지는 한정승인만 다루며, 상담은 해운대 센텀 에서 이어집니다"
/금정구부동산등기,343,1635,0.21,true,"금정구는 부곡·서동·금사 일대 주택·다가구·상가의 상속등기와 한정승인 사건이 발생하며, 부산대 인근 임대·매매 등기도 있습니다. 금정구 서동, 부곡동, 금사동에서 부동산등기를 진행할 때는 부동산·법인 소재지와 당사자 서류를 기준으로 관할과 순서를 맞춥니다. 이 페이지는 부동산등기만 다루며, 상담은 해운대 센텀 에서 이어집"
/센텀법인설립등기,348,1581,0.22,true,"센텀은 해운대구 핵심 업무지구로 법인 사옥·스타트업·고급 오피스가 밀집해 법인설립·임원변경·부동산 등기 수요가 집중되는 지역입니다. 센텀시티, 재송동, 우동에서 법인설립등기를 진행할 때는 부동산·법인 소재지와 당사자 서류를 기준으로 관할과 순서를 맞춥니다. 이 페이지는 법인설립등기만 다루며, 상담은 해운대 센텀 에서 이어"
/센텀임원변경등기,348,1548,0.225,true,"센텀은 해운대구 핵심 업무지구로 법인 사옥·스타트업·고급 오피스가 밀집해 법인설립·임원변경·부동산 등기 수요가 집중되는 지역입니다. 센텀시티, 우동, 재송동에서 임원변경등기를 진행할 때는 부동산·법인 소재지와 당사자 서류를 기준으로 관할과 순서를 맞춥니다. 이 페이지는 임원변경등기만 다루며, 상담은 해운대 센텀 에서 이어"
/센텀부동산등기,358,1616,0.222,true,"센텀은 해운대구 핵심 업무지구로 법인 사옥·스타트업·고급 오피스가 밀집해 법인설립·임원변경·부동산 등기 수요가 집중되는 지역입니다. 센텀시티, 마린시티, 재송동, 우동에서 부동산등기를 진행할 때는 부동산·법인 소재지와 당사자 서류를 기준으로 관할과 순서를 맞춥니다. 이 페이지는 부동산등기만 다루며, 상담은 해운대 센텀 에"
/해운대구법인설립등기,371,1627,0.228,true,"해운대구는 센텀시티·마린시티·재송·반여 일대 고가 아파트와 상가, 법인 사옥이 밀집해 상속·매매·법인등기 문의가 많은 지역입니다. 해운대구 센텀, 재송동, 반여동, 우동, 좌동에서 법인설립등기를 진행할 때는 부동산·법인 소재지와 당사자 서류를 기준으로 관할과 순서를 맞춥니다. 이 페이지는 법인설립등기만 다루며, 상담은 해"
/해운대구임원변경등기,371,1599,0.232,true,"해운대구는 센텀시티·마린시티·재송·반여 일대 고가 아파트와 상가, 법인 사옥이 밀집해 상속·매매·법인등기 문의가 많은 지역입니다. 해운대구 센텀, 우동, 재송동, 반여동, 좌동에서 임원변경등기를 진행할 때는 부동산·법인 소재지와 당사자 서류를 기준으로 관할과 순서를 맞춥니다. 이 페이지는 임원변경등기만 다루며, 상담은 해"
/연제구부동산등기,334,1622,0.206,true,"연제구는 연산·거제 일대 실거주 아파트와 상가, 소규모 법인 사무실이 많아 상속등기와 임원변경·법인등기 상담이 이어지는 지역입니다. 연제구 연산동, 거제동에서 부동산등기를 진행할 때는 부동산·법인 소재지와 당사자 서류를 기준으로 관할과 순서를 맞춥니다. 이 페이지는 부동산등기만 다루며, 상담은 해운대 센텀 에서 이어집니다"
/연제구한정승인,329,1632,0.202,true,"연제구는 연산·거제 일대 실거주 아파트와 상가, 소규모 법인 사무실이 많아 상속등기와 임원변경·법인등기 상담이 이어지는 지역입니다. 연제구 연산동, 거제동에서 한정승인를 진행할 때는 부동산·법인 소재지와 당사자 서류를 기준으로 관할과 순서를 맞춥니다. 이 페이지는 한정승인만 다루며, 상담은 해운대 센텀 에서 이어집니다. "
/수영구상속포기,347,1691,0.205,false,"수영구는 광안리·민락·망미 일대 전월세·매매와 상속이 겹치는 사건이 많고, 부동산 가액에 따라 등기 비용과 절차가 달라지는 경우가 많습니다. 수영구 광안동, 민락동, 망미동에서 상속포기를 진행할 때는 부동산·법인 소재지와 당사자 서류를 기준으로 관할과 순서를 맞춥니다. 이 페이지는 상속포기만 다루며, 상담은 해운대 센텀 "
/동래구부동산등기,334,1630,0.205,true,"동래구는 온천·사직·명륜 일대 오래된 주택과 재건축·재개발 이슈가 있는 부동산의 상속·등기 사건이 꾸준히 발생합니다. 동래구 온천동, 사직동, 명륜동에서 부동산등기를 진행할 때는 부동산·법인 소재지와 당사자 서류를 기준으로 관할과 순서를 맞춥니다. 이 페이지는 부동산등기만 다루며, 상담은 해운대 센텀 에서 이어집니다. 동"
/사하구부동산등기,463,1751,0.264,false,"사하구 부동산등기는 하단 역세권·괴정·당리 실거주 아파트와 다대·장림 해안 주거의 잔금일 소유권이전, 전세권·근저당 말소가 핵심입니다. 상속 절차 안내는 사하구 법무사·상속등기 페이지와 역할을 나눕니다. 사하구 하단동, 괴정동, 다대동, 당리동에서 부동산등기를 진행할 때는 부동산·법인 소재지와 당사자 서류를 기준으로 관할"
/서구부동산등기,503,1808,0.278,true,"서구 부동산등기는 충무·토성 원도심 상가, 동대신·서대신 구축 주택, 송도·암남 해안 주거의 매매·근저당·전세권 정리가 중심입니다. 구 법무사 허브가 상속·업무 분기를 담당한다면, 이 지역 프로필은 잔금일·담보 말소·소유권이전 실무 각도에 맞춥니다. 서구 충무동, 동대신동, 암남동, 아미동에서 부동산등기를 진행할 때는 부"
/영도구부동산등기,388,1695,0.229,false,"영도구 부동산등기는 남항·봉래 원도심 상가와 동삼·태종대 주거 매매·이전·담보 등기에 집중합니다. 선박·어선 등기는 별도 절차이므로 이 프로필에서는 토지·건물 등기만 다룹니다. 영도구 남항동, 동삼동, 봉래동에서 부동산등기를 진행할 때는 부동산·법인 소재지와 당사자 서류를 기준으로 관할과 순서를 맞춥니다. 이 페이지는 부"
/부산법무사,576,2323,0.248,false,"부산에서 법무사를 찾는 이유는 사람마다 다릅니다. 부모님 사망 후 부동산·채무 정리, 아파트 매매 잔금 후 소유권이전, 법인 설립·임원변경, 카드·대출 누적에 따른 개인회생처럼 사건이 갈립니다. 이 페이지에서는 필요한 절차를 가린 뒤 상속·등기·법인·회생 안내로 이어집니다. 사무소·대표 안내는 홈에서 확인하시면 됩니다. "
/해운대법무사,517,3125,0.165,false,"해운대구에서 법무사를 찾으시면 센텀 업무지구, 재송·반여 주거, 우동·좌동·중동 생활권을 나눠 보시면 됩니다. 이 페이지는 해운대구 법무사·해운대 법무사 검색의 지역 대표 안내입니다. 는 해운대구 센텀동로에 있어 방문 상담이 가깝고, 전화·카카오톡·네이버 톡톡으로 방문 전 업무 가능 여부와 준비서류부터 확인할 수 있습니다"
/센텀법무사,334,2464,0.136,true,센텀에서 법무사를 찾으시면 이 페이지에서는 법인설립·임원변경·본점이전·오피스 부동산등기를 중심으로 안내합니다. 센텀시티·벡스코 생활권은 같은 업무지구로 보시면 됩니다. 는 센텀시티역·벡스코 인근에 있습니다. 센텀에서 법무사를 찾으시면 이 페이지에서는 법인설립·임원변경·본점이전·오피스 부동산등기를 중심으로 안내합니다. 센텀
/재송동법무사,267,2116,0.126,true,"재송동에서 법무사를 찾으시면 센텀 업무지구와 맞닿은 실거주 아파트의 상속·매매를 이 페이지에서 보시면 됩니다. 구 전체는 해운대 허브, 법인은 센텀 페이지입니다. 는 센텀에 있어 재송에서 방문이 가깝습니다. 재송동에서 법무사를 찾으시면 센텀 업무지구와 맞닿은 실거주 아파트의 상속·매매를 이 페이지에서 보시면 됩니다. 구 "
/반여동법무사,230,1836,0.125,true,반여동에서 법무사를 찾으시면 반여·반송 대단지 아파트의 상속·매매를 이 페이지에서 보시면 됩니다. 좌동과 맞닿아 있어도 등기는 주소 기준입니다. 는 해운대 센텀에서 반여동 사건을 상담합니다. 반여동에서 법무사를 찾으시면 반여·반송 대단지 아파트의 상속·매매를 이 페이지에서 보시면 됩니다. 좌동과 맞닿아 있어도 등기는 주소
/수영구법무사,319,2111,0.151,true,"수영구에서 법무사를 찾으시면 광안리 해안 주거·상가, 남천 실거주 전세, 망미·민락 역세권을 나눠 보시면 됩니다. 이 페이지에서는 부동산등기·상속·임대차 관련 등기를 중심으로 설명합니다. 는 해운대 센텀에서 수영구 사건을 상담합니다. 수영구에서 법무사를 찾으시면 광안리 해안 주거·상가, 남천 실거주 전세, 망미·민락 역세"
/부산진구법무사,346,2265,0.153,true,"부산진구에서 법무사를 찾으시면 서면·부전 상권의 상가·오피스와 전포 소형 점포, 양정·연지·개금 주거를 한 구 안에서 나누어 보시면 됩니다. 이 페이지에서는 상가·오피스 부동산등기와 법인 변경을 중심으로 설명합니다. 는 해운대 센텀에서 부산진구 사건을 상담합니다. 부산진구에서 법무사를 찾으시면 서면·부전 상권의 상가·오피"
/남구법무사,273,1726,0.158,true,남구에서 법무사를 찾으시면 대연·용호 주거와 문현금융단지 법인 사무를 나눠 보시면 됩니다. 이 페이지에서는 법인등기·부동산등기·상속을 구 허브로 연결합니다. 는 해운대 센텀에서 남구 사건을 상담합니다. 남구에서 법무사를 찾으시면 대연·용호 주거와 문현금융단지 법인 사무를 나눠 보시면 됩니다. 이 페이지에서는 법인등기·부동
/북구법무사,289,1970,0.147,true,북구에서 법무사를 찾으시면 화명·덕천·구포 실거주 아파트의 상속·매매와 개인회생 상담을 이 페이지에서 나누시면 됩니다. 이 페이지에서는 상속·개인회생·부동산등기를 중심으로 설명합니다. 는 해운대 센텀에서 북구 사건을 상담합니다. 북구에서 법무사를 찾으시면 화명·덕천·구포 실거주 아파트의 상속·매매와 개인회생 상담을 이 페
/기장군법무사,316,2097,0.151,true,"기장군에서 법무사를 찾으시면 기장읍 해안 주거, 정관 신도시, 일광·오시리아 생활권을 나눠 보시면 됩니다. 이 페이지에서는 토지·주택 상속등기와 매매를 중심으로 설명합니다. 는 해운대 센텀에서 기장군 사건을 상담합니다. 기장군에서 법무사를 찾으시면 기장읍 해안 주거, 정관 신도시, 일광·오시리아 생활권을 나눠 보시면 됩니"
/사하구법무사,291,2063,0.141,true,사하구에서 법무사를 찾으시면 하단·괴정·당리 주거와 다대·장림 생활권의 매매·상속을 이 페이지에서 나누시면 됩니다. 이 페이지에서는 주택 부동산등기와 상속을 중심으로 설명합니다. 는 해운대 센텀에서 사하구 사건을 상담합니다. 사하구에서 법무사를 찾으시면 하단·괴정·당리 주거와 다대·장림 생활권의 매매·상속을 이 페이지에서
/서구법무사,284,2272,0.125,true,"서구에서 법무사를 찾으시면 충무·토성 원도심 상가, 동대신·서대신 구축 주택, 송도·암남 해안 주거를 나눠 보시면 됩니다. 이 페이지에서는 주택 부동산등기와 상속을 중심으로 설명합니다. 는 해운대 센텀에서 서구 사건을 상담합니다. 서구에서 법무사를 찾으시면 충무·토성 원도심 상가, 동대신·서대신 구축 주택, 송도·암남 해"
/영도구법무사,327,1987,0.165,false,"영도구에서 법무사를 찾으시면 남항·봉래 원도심 상가와 동삼·태종대 주거, 동삼 혁신지구 인근 법인을 나눠 보시면 됩니다. 이 페이지에서는 토지·건물 부동산등기와 법인을 중심으로 설명합니다. 선박·어선 등기는 별도 절차입니다. 는 해운대 센텀에서 영도구 사건을 상담합니다. 영도구에서 법무사를 찾으시면 남항·봉래 원도심 상가"
/강서구법무사,279,1936,0.144,true,강서구에서 법무사를 찾으시면 명지 신도시 주거·법인과 녹산·신항 산업단지 공장 부동산을 나눠 보시면 됩니다. 이 페이지에서는 법인설립·공장·신축 등기를 중심으로 설명합니다. 는 해운대 센텀에서 강서구 사건을 상담합니다. 강서구에서 법무사를 찾으시면 명지 신도시 주거·법인과 녹산·신항 산업단지 공장 부동산을 나눠 보시면 됩
/동구법무사,280,2003,0.14,true,동구에서 법무사를 찾으시면 부산역·초량 역세권 상가·오피스와 범일·수정 주거를 나눠 보시면 됩니다. 이 페이지에서는 역세권 부동산등기와 상속을 중심으로 설명합니다. 는 해운대 센텀에서 동구 사건을 상담합니다. 동구에서 법무사를 찾으시면 부산역·초량 역세권 상가·오피스와 범일·수정 주거를 나눠 보시면 됩니다. 이 페이지에서
/부산법무사비용,576,3530,0.163,false,"부산 법무사 비용·수수료를 검색하시는 분들은 대개 ‘얼마가 드는지’보다 ‘무엇을 내는 돈인지’를 먼저 알고 싶어 하십니다. 법무사 보수와 취득세·등록면허세·국민주택채권·증명서·등기신청수수료는 성격이 다릅니다. 같은 업무라도 부동산 가액, 상속인 수, 법인 변경사항, 채권자 수, 말소·보정 병행 여부에 따라 달라지며, 전화"
/상속등기비용,332,2176,0.153,false,"부산에서 상속등기 비용을 알아볼 때 단순히 법무사 보수만 비교하면 실제 필요한 전체 금액을 판단하기 어렵습니다. 상속인 수와 부동산 수, 협의분할 여부 등에 따라 필요한 절차와 공과금이 달라질 수 있기 때문입니다. 상속등기 수수료·수임료로 검색하셔도 견적에서는 보수와 세금을 나눠 설명합니다. 부산에서 상속등기 비용을 알아"
/상속포기비용,282,1613,0.175,false,"신청 가능성·3개월 기한·가족관계는 부산 상속포기 안내에서 먼저 확인하세요. 이 페이지는 상속포기 비용·수임료가 무엇 때문에 달라지는지만 설명합니다. 가정법원 실비와 신청인 구성이 중심이며, 부동산 취득세 견적 구조와는 다릅니다. 신청 가능성·3개월 기한·가족관계는 부산 상속포기 안내에서 먼저 확인하세요. 이 페이지는 상"
/법인설립등기비용,256,1714,0.149,true,"법인설립 비용은 자본금과 임원 수, 정관·공과금 구성에 따라 달라집니다. 설립 수수료·수임료로 검색하셔도 견적에서는 보수와 등록세를 나눠 설명합니다. 설립 직후 변경이 예정돼 있으면 그 항목은 따로 안내합니다. 법인설립 비용은 자본금과 임원 수, 정관·공과금 구성에 따라 달라집니다. 설립 수수료·수임료로 검색하셔도 견적에"
/임원변경등기과태료,203,1406,0.144,true,"임원변경등기 과태료 비용은 사건마다 다릅니다. 보수와 실비를 구분해 안내하며, 상담 후 예상 범위를 설명합니다. 는 부산 센텀, 연제구 일대를 포함한 부산 전역 의뢰인을 상담합니다. 임원변경등기 과태료 비용은 사건마다 다릅니다. 보수와 실비를 구분해 안내하며, 상담 후 예상 범위를 설명합니다. 는 부산 센텀, 연제구 일대"
/소유권이전등기서류,206,1399,0.147,true,"소유권이전등기 서류 비용은 사건마다 다릅니다. 보수와 실비를 구분해 안내하며, 상담 후 예상 범위를 설명합니다. 는 부산진구, 해운대구 일대를 포함한 부산 전역 의뢰인을 상담합니다. 소유권이전등기 서류 비용은 사건마다 다릅니다. 보수와 실비를 구분해 안내하며, 상담 후 예상 범위를 설명합니다. 는 부산진구, 해운대구 일대"
/상속등기기간,200,1392,0.144,true,"상속등기 기간 비용은 사건마다 다릅니다. 보수와 실비를 구분해 안내하며, 상담 후 예상 범위를 설명합니다. 는 부산 해운대구, 기장군 일대를 포함한 부산 전역 의뢰인을 상담합니다. 상속등기 기간 비용은 사건마다 다릅니다. 보수와 실비를 구분해 안내하며, 상담 후 예상 범위를 설명합니다. 는 부산 해운대구, 기장군 일대를 "
/부산지방법원법무사,541,1743,0.31,false,"부산지방법원 관련 절차를 앞두고 계신가요? 민사·형사 1심 및 보전처분 등 관련 서류 접수가 이뤄집니다. 해운대·기장 일부는 동부지원, 강서·사하 일부는 서부지원 관할일 수 있습니다. 방문 전에 관할, 서류, 신청 순서를 미리 확인하는 것이 중요합니다. 는 부산 해운대 센텀에 있으며, 센텀, 해운대구 일대를 포함해 부산지"
/부산지방법원등기국,670,1824,0.367,false,"부산지방법원 등기국 관련 절차를 앞두고 계신가요? 부산 전역 상업등기·선박등기·동산·채권담보등기와 중구·서구·동구·영도구·부산진구·동래구·연제구·금정구 부동산등기가 접수됩니다. 해운대·기장은 동부지원 등기과, 남구·수영구는 남부산등기소, 사하·강서는 서부지원 등기과, 북구·사상은 북부산등기소입니다. 2021년 부산진등기소"
/부산지방법원동부지원법무사,546,1488,0.367,false,"부산지방법원 동부지원 관련 절차를 앞두고 계신가요? 해운대·기장 등 동부 지역 관련 일부 민사·형사 사건이 관할됩니다. 정확한 관할은 사건 소재지·당사자 주소에 따라 달라집니다. 방문 전에 관할, 서류, 신청 순서를 미리 확인하는 것이 중요합니다. 는 부산 해운대 센텀에 있으며, 센텀, 재송동 일대를 포함해 부산지방법원 "
/부산지방법원동부지원등기과,551,1584,0.348,false,"부산지방법원 동부지원 등기과 관련 절차를 앞두고 계신가요? 해운대구·기장군 부동산등기가 접수됩니다. 남구·수영구는 남부산등기소, 상업등기는 등기국 관할인 경우가 많습니다. 방문 전에 관할, 서류, 신청 순서를 미리 확인하는 것이 중요합니다. 는 부산 해운대 센텀에 있으며, 센텀시티 일대를 포함해 부산지방법원 동부지원 등기"
/부산회생법원법무사,520,1472,0.353,false,"부산회생법원 관련 절차를 앞두고 계신가요? 부산·경남 일대 개인회생·개인파산·법인회생 사건을 관할합니다. 신청 전 채무·소득·재산 현황 정리가 필요합니다. 방문 전에 관할, 서류, 신청 순서를 미리 확인하는 것이 중요합니다. 는 부산 해운대 센텀에 있으며, 사상구, 북구 일대를 포함해 부산회생법원 접수 전 상담·서류 준비"
/부산가정법원상속,515,1435,0.359,false,"부산가정법원 관련 절차를 앞두고 계신가요? 상속포기·한정승인·유류분·이혼 등 가사 사건을 관할합니다. 피상속인 주소지 기준으로 관할이 정해집니다. 방문 전에 관할, 서류, 신청 순서를 미리 확인하는 것이 중요합니다. 는 부산 해운대 센텀에 있으며, 연제구, 동래구 일대를 포함해 부산가정법원 접수 전 상담·서류 준비·대리 "
/남부산등기소법무사,499,1452,0.344,false,"남부산등기소 관련 절차를 앞두고 계신가요? 남구·수영구 부동산등기가 접수됩니다. 해운대구·기장군은 동부지원 등기과 관할입니다. 방문 전에 관할, 서류, 신청 순서를 미리 확인하는 것이 중요합니다. 는 부산 해운대 센텀에 있으며, 대연동, 문현동 일대를 포함해 남부산등기소 접수 전 상담·서류 준비·대리 접수를 도와드립니다."
/북부산등기소법무사,505,1589,0.318,false,"북부산등기소 관련 절차를 앞두고 계신가요? 북구·사상구 부동산등기가 접수됩니다. 금정구는 등기국, 강서구는 서부지원 등기과 관할입니다. 방문 전에 관할, 서류, 신청 순서를 미리 확인하는 것이 중요합니다. 는 부산 해운대 센텀에 있으며, 덕천동, 화명동 일대를 포함해 북부산등기소 접수 전 상담·서류 준비·대리 접수를 도와"
/중부산등기소법무사,599,1669,0.359,false,"중부산등기소(통합) 관련 절차를 앞두고 계신가요? 중부산등기소는 2021년부터 부산지방법원 등기국으로 통합되었습니다. 동래·연제 등 기존 관할 부동산등기는 등기국에서 접수합니다. 이 페이지는 옛 명칭 검색자를 위한 안내입니다. 방문 전에 관할, 서류, 신청 순서를 미리 확인하는 것이 중요합니다. 는 부산 해운대 센텀에 있"
/부산진등기소법무사,594,1659,0.358,false,"부산진등기소(통합) 관련 절차를 앞두고 계신가요? 부산진등기소는 2021년부터 부산지방법원 등기국으로 통합되었습니다. 부산진구·서면 일대 부동산등기는 등기국에서 접수합니다. 이 페이지는 옛 명칭 검색자를 위한 안내입니다. 방문 전에 관할, 서류, 신청 순서를 미리 확인하는 것이 중요합니다. 는 부산 해운대 센텀에 있으며,"
/센텀법인등기,452,1534,0.295,false,"센텀 일대에서 센텀 법인등기 수요가 꾸준합니다. 센텀시티·재송 일대 IT·금융·스타트업 법인 밀집 창업·입주·투자 유치 과정에서 법인 설립등기·임원변경·본점 이전등기가 필요한 경우가 많습니다. 센텀시티, 재송동 인근 기업·스타트업·전문서비스 업체가 문의하시는 법인등기 절차를 가 상담·진행합니다. 정관·주주총회 결의·등기신"
/문현금융단지법인등기,458,1543,0.297,false,"문현금융단지 일대에서 문현금융단지 법인등기 수요가 꾸준합니다. 금융·법률·전문서비스 업체 집중 창업·입주·투자 유치 과정에서 법인 설립등기·임원변경·본점 이전등기가 필요한 경우가 많습니다. 문현금융단지, 문현동 인근 기업·스타트업·전문서비스 업체가 문의하시는 법인등기 절차를 가 상담·진행합니다. 정관·주주총회 결의·등기신"
/부산국제금융센터법인등기,473,1572,0.301,false,"부산국제금융센터 일대에서 부산국제금융센터 법인등기 수요가 꾸준합니다. BIFC 입주 금융·법인 사무소 창업·입주·투자 유치 과정에서 법인 설립등기·임원변경·본점 이전등기가 필요한 경우가 많습니다. 부산국제금융센터, BIFC 인근 기업·스타트업·전문서비스 업체가 문의하시는 법인등기 절차를 가 상담·진행합니다. 정관·주주총회"
/명지국제신도시법인등기,453,1613,0.281,false,명지국제신도시 일대에서 명지국제신도시 법인등기 수요가 꾸준합니다. 신도시 입주 기업·상가 법인 창업·입주·투자 유치 과정에서 법인 설립등기·임원변경·본점 이전등기가 필요한 경우가 많습니다. 명지국제신도시 인근 기업·스타트업·전문서비스 업체가 문의하시는 법인설립등기 절차를 가 상담·진행합니다. 정관·주주총회 결의·등기신청서
/에코델타시티법인등기,464,1619,0.287,false,"에코델타시티 일대에서 에코델타시티 법인등기 수요가 꾸준합니다. 스마트시티·친환경 단지 입주 기업 창업·입주·투자 유치 과정에서 법인 설립등기·임원변경·본점 이전등기가 필요한 경우가 많습니다. 에코델타시티, 강서구 인근 기업·스타트업·전문서비스 업체가 문의하시는 법인설립등기 절차를 가 상담·진행합니다. 정관·주주총회 결의·"
/정관법인등기,455,1575,0.289,false,"정관·정관신도시 일대에서 정관 법인등기 수요가 꾸준합니다. 기장군 정관 일대 산업·물류·제조 법인 창업·입주·투자 유치 과정에서 법인 설립등기·임원변경·본점 이전등기가 필요한 경우가 많습니다. 정관읍, 정관신도시 인근 기업·스타트업·전문서비스 업체가 문의하시는 법인등기 절차를 가 상담·진행합니다. 정관·주주총회 결의·등기"
/명례산업단지법인등기,472,1517,0.311,false,"명례일반산업단지 일대에서 명례산업단지 법인등기 수요가 꾸준합니다. 기장군 명례 일반산업단지 80여 개 기업 창업·입주·투자 유치 과정에서 법인 설립등기·임원변경·본점 이전등기가 필요한 경우가 많습니다. 명례일반산업단지, 기장군 인근 기업·스타트업·전문서비스 업체가 문의하시는 법인등기 절차를 가 상담·진행합니다. 정관·주주"
/부산재개발등기,430,1581,0.272,false,"부산 재개발등기 관련 문의가 늘고 있습니다. 재개발 조합원 지위·분양권·신축 아파트 등기 재개발·재건축·신축 분양·토지 상속 등은 일반 매매와 권리 관계가 다릅니다. 해운대구, 동래구 일대 사건도 조합원 지위·분양권·저당권·상속인 협의가 겹치면 절차가 복잡해집니다. 는 조합 설립·사업시행 단계별 권리 관계가 다릅니다. 종"
/부산재건축등기,346,1615,0.214,false,"부산 재건축등기 관련 문의가 늘고 있습니다. 노후 아파트 재건축 후 소유권 이전 재개발·재건축·신축 분양·토지 상속 등은 일반 매매와 권리 관계가 다릅니다. 온천동, 사직동 일대 사건도 조합원 지위·분양권·저당권·상속인 협의가 겹치면 절차가 복잡해집니다. 는 재건축 사업성·조합원 지위 확인 신축 입주 후 등기 일정 등 실"
/부산신축아파트소유권이전등기,363,1469,0.247,false,"부산 신축아파트 소유권이전등기 관련 문의가 늘고 있습니다. 분양·입주 후 최초 등기 재개발·재건축·신축 분양·토지 상속 등은 일반 매매와 권리 관계가 다릅니다. 강서구, 기장군 일대 사건도 조합원 지위·분양권·저당권·상속인 협의가 겹치면 절차가 복잡해집니다. 는 분양계약·대출·중도금 일정과 등기 연동 공동주택 대지권 확인"
/부산오피스텔소유권이전등기,371,1633,0.227,false,"부산 오피스텔 소유권이전등기 관련 문의가 늘고 있습니다. 오피스텔·도시형생활주택 매매 재개발·재건축·신축 분양·토지 상속 등은 일반 매매와 권리 관계가 다릅니다. 서면, 전포동 일대 사건도 조합원 지위·분양권·저당권·상속인 협의가 겹치면 절차가 복잡해집니다. 는 용도·전입·세금 처리가 주택과 다를 수 있음 등기부 권리 관"
/부산상가등기,331,1590,0.208,false,"부산 상가등기 관련 문의가 늘고 있습니다. 상가·점포 매매·상속 재개발·재건축·신축 분양·토지 상속 등은 일반 매매와 권리 관계가 다릅니다. 남포동, 중앙동 일대 사건도 조합원 지위·분양권·저당권·상속인 협의가 겹치면 절차가 복잡해집니다. 는 임대차·권리금·시설물 포함 여부 대지권·건물 지분 등 실무 포인트를 중심으로 상"
/부산토지상속등기,323,1579,0.205,false,"부산 토지상속등기 관련 문의가 늘고 있습니다. 토지·임야·농지 상속 재개발·재건축·신축 분양·토지 상속 등은 일반 매매와 권리 관계가 다릅니다. 기장군, 금정구 일대 사건도 조합원 지위·분양권·저당권·상속인 협의가 겹치면 절차가 복잡해집니다. 는 분할·협의 농지취득자격 다수 상속인 등 실무 포인트를 중심으로 상담·진행합니"
/기장토지상속등기,339,1687,0.201,false,"부산에서 기장 토지상속등기 관련 문의가 늘고 있습니다. 기장군 토지·전원주택 상속 재개발·재건축·신축 분양·토지 상속 등은 일반 매매와 권리 관계가 다릅니다. 기장읍, 정관읍 일대 사건도 조합원 지위·분양권·저당권·상속인 협의가 겹치면 절차가 복잡해집니다. 는 관할 등기소 거리 농지·임야 특수 규정 등 실무 포인트를 중심"
/해운대재개발상속등기,349,1704,0.205,false,"부산에서 해운대 재개발 상속등기 관련 문의가 늘고 있습니다. 해운대구 재개발·재건축 지역 상속 재개발·재건축·신축 분양·토지 상속 등은 일반 매매와 권리 관계가 다릅니다. 우동, 재송동 일대 사건도 조합원 지위·분양권·저당권·상속인 협의가 겹치면 절차가 복잡해집니다. 는 조합원 지위 승계 신축 전후 권리 변동 등 실무 포"
/부산개인파산,302,1619,0.187,false,"부산에 거주하면서 개인파산을 찾는 경우, 이 페이지는 해당 구·동의 상담 진입점입니다. 신청 자격·서류·부산회생법원 준비의 전체 절차는 상위 안내에서 이어집니다. 등기소·상속·매매와는 다른 법원 절차입니다. 부산에 거주하면서 개인파산을 찾는 경우, 이 페이지는 해당 구·동의 상담 진입점입니다. 신청 자격·서류·부산회생법원"
/부산등기법무사,470,3007,0.156,false,"부산에서 등기전문 법무사를 검색할 때 확인할 업무 범위는 부동산·상속·법인·보상으로 갈립니다. 아파트 매매 잔금일 소유권이전, 부모님 부동산 상속, 가족 간 증여, 대출에 따른 근저당 설정·말소, 회사 설립·임원변경·유상증자, 신축 보존·멸실, 공익사업 협의취득·수용 과정의 보상등기처럼 사건이 다릅니다. 이 페이지는 어떤"
/부산부동산등기법무사,515,2100,0.245,false,"부산에서 부동산등기 법무사를 찾을 때는 ‘누구에게 맡길지’와 ‘어떤 등기가 필요한지’를 구분하는 것이 좋습니다. 아파트 매매는 대출 실행·근저당 말소·취득세·소유권이전등기가 한 줄로 이어지고, 신축은 보존등기 후 이전으로 이어지는 경우가 많습니다. 주 키워드 ‘부산 부동산등기’의 대표 URL은 부산 부동산등기이며, 이 페"
/부산법인법무사,507,3291,0.154,true,"부산에서 법인을 설립하거나 대표이사를 바꿀 때 법인 법무사에게 맡기는 이유는 정관 요건·결의 방식·등기신청서 작성이 한 번에 맞지 않으면 보정과 지연이 반복되기 때문입니다. 투자 유치 후 임원 개편, 센텀에서 다른 구로 본점이전, 업종 추가를 위한 목적변경, 상호 변경 후 사업자등록 정정까지 연결됩니다. 해산·청산 등기는"
/부산기업법무사,444,2038,0.218,false,"부산 중소기업·회사 대표가 기업 법무사를 찾는 이유는 임원 임기 만료를 놓쳐 과태료가 걱정되거나, 본점이전·목적변경 후 사업자등록과 등기가 어긋나거나, 미수금 회수를 위해 내용증명·지급명령을 검토해야 하기 때문입니다. 공공기관·산업단지 협약 경험은 맥락 이해에 도움이 되지만, 개별 사건 결과는 보장하지 않습니다. 계약서·"
/부산스타트업법무사,347,1643,0.211,false,"창업자가 자주 놓치는 법률 실수는 ①사업목적을 너무 좁게 적어 이후 변경등기가 반복되는 경우 ②공동창업 지분을 구두로만 정하는 경우 ③임원 구성을 실제 운영과 다르게 등기하는 경우입니다. 주주간 약정은 필요성을 안내하되, 고난도 계약 협상은 범위를 구분합니다. 는 창업 법률교육·강의 경험도 있어 용어보다 행동 순서로 설명"
/부산상속재산분할법무사,331,1650,0.201,false,"연락되지 않는 상속인, 미성년 상속인, 해외 거주 상속인이 있으면 협의분할이 지연됩니다. 협의가 안 되면 가정법원 절차를 검토해야 할 수 있고, 법무사 안내와 소송 대리를 구분해야 합니다. 협의서 작성 시 부동산 표시·지분·정산금·인수 채무를 명확히 하지 않으면 등기·세금에서 보정이나 분쟁이 이어질 수 있습니다. 연락되지"
/부산법인등기비용,292,1724,0.169,true,"검색 결과의 ‘정액 패키지’만 보고 진행하면 임원 수·자본금·본점 관할·공증·과태료 대응이 빠져 추가 비용이 생길 수 있습니다. 는 항목별 견적을 안내하며, 성사·최저가를 보장하지 않습니다. 검색 결과의 ‘정액 패키지’만 보고 진행하면 임원 수·자본금·본점 관할·공증·과태료 대응이 빠져 추가 비용이 생길 수 있습니다. 는"
/부산근저당설정등기,439,2112,0.208,false,"근저당설정등기는 대출 실행 직전에 급하게 진행되는 경우가 많습니다. 채권최고액을 잘못 기재하거나, 설정계약서와 등기신청서 불일치, 국민주택채권 매입 누락, 인감·위임장 오류로 보정이 나오면 대출 실행일이 밀립니다. 부산 근저당 법무사는 은행에서 받은 설정 서류를 등기부·등록면허세와 대조해 접수 전 오류를 줄입니다. 근저당"
/부산근저당말소등기,509,2290,0.222,true,"근저당말소를 안 하면 매수인·상속인이 깨끗한 소유권을 받을 수 없고, 새 대출도 어렵습니다. 부산에서 근저당권 말소등기를 검색하시는 분들은 ‘대출은 갚았는데 은행에서 말소 서류를 언제 주나’, ‘매도인이 말소 비용을 안 낸다’, ‘개인에게 빌린 돈 담보 근저당을 어떻게 말소하나’ 같은 문제를 겪습니다. 말소 등기는 채권자"
/부산전세권설정등기,474,1745,0.272,false,"전세 사기·보증금 미반환 이슈로 부산 전세권설정등기 문의가 늘고 있습니다. 전세권은 임대인 협조가 필수이고, 등기부상 근저당 잔액을 빼야 설정 가능 금액이 나옵니다. 임차권등기명령은 집주인이 말소에 협조하지 않을 때 대안이 될 수 있으나, 소송·집행 절차가 따릅니다. 전세권 법무사는 계약 단계·입주 전·갱신 시점별로 어떤"
/부산전세권말소등기,412,1633,0.252,true,"전세권말소를 하지 않으면 등기부에 전세권이 남아 다음 임차인·매수인에게 불이익이 됩니다. 임대인은 말소에 협조해야 하고, 보증금 분쟁이 있으면 말소가 지연됩니다. 부산 전세권 말소 법무사 상담은 ‘보증금은 받았는데 임대인이 말소 서류를 안 준다’, ‘공동신청을 어디서 하나’ 같은 실무 문제를 중심으로 안내합니다. 전세권말"
/부산신축건물보존등기,618,2391,0.258,false,"보존등기(소유권보존등기)는 완공된 건물의 소유권을 처음 등기부에 기록하는 절차입니다. 기존 건물을 사고팔 때 진행하는 소유권이전등기와 달리, 신축·신설된 건물에 등기부가 아직 없거나 소유권 표시가 없을 때 건축주 명의로 최초 등기를 하는 흐름으로 이해하시면 됩니다. 아파트·오피스텔·상가 등 집합건물은 전유부분과 공용부분,"
/공공기관등기업무,706,3088,0.229,false,"공공기관 등기업무란 공공기관이 등기권리자 또는 등기의무자가 되어 법인 자체 변경사항을 등기하거나, 공유재산·공공사업·보상·기부채납·도시개발·산업단지 관련 부동산 권리를 등기부에 반영하는 업무를 말합니다. 기관의 법적 성격과 근거 법령에 따라 필요한 절차가 달라질 수 있습니다. 등기 촉탁은 등기소에 등기를 신청하는 방식 중"
/부산등기법무사추천,189,1216,0.155,false,실제 등기업무 종류와 절차를 찾는 경우에는 부산 등기 법무사 안내를 먼저 보시면 됩니다. 이 페이지는 법무사를 고를 때 무엇을 비교할지에 집중합니다. 실제 등기업무 종류와 절차를 찾는 경우에는 부산 등기 법무사 안내를 먼저 보시면 됩니다. 이 페이지는 법무사를 고를 때 무엇을 비교할지에 집중합니다. 실제 등기업무 종류와 
/부산상속등기전문,264,1411,0.187,false,"상속등기 상담 전에는 ‘전문’이라는 말보다 실무 경험, 사건 검토 방식, 절차 안내가 구체적인지 확인하시는 편이 좋습니다. 상속은 가족 구성·채무·부동산 권리관계에 따라 필요한 절차가 크게 달라집니다. 상속등기 상담 전에는 ‘전문’이라는 말보다 실무 경험, 사건 검토 방식, 절차 안내가 구체적인지 확인하시는 편이 좋습니다"
/부산부동산등기전문,303,1347,0.225,false,부동산등기는 매매·증여·상속·신축 보존·근저당 설정·말소·전세권 설정·말소 등 원인과 목적에 따라 절차가 다릅니다. ‘전문’을 검색하실 때는 자격 표현보다 등기 실무 경험과 내 사건에 맞는 절차 안내를 확인하시는 편이 좋습니다. 부동산등기는 매매·증여·상속·신축 보존·근저당 설정·말소·전세권 설정·말소 등 원인과 목적에 
/부산법인등기전문,300,1350,0.222,false,법인등기는 설립·임원변경·대표이사 변경·본점이전·목적·상호 변경·증자·해산·청산 등 변경 유형마다 필요 결의와 기한이 다릅니다. 검색 시 ‘전문’보다는 실무 경험과 기한·과태료 안내가 구체적인지 확인하시면 좋습니다. 법인등기는 설립·임원변경·대표이사 변경·본점이전·목적·상호 변경·증자·해산·청산 등 변경 유형마다 필요 결
/부산법무사상담,213,1597,0.133,true,부산 법무사 상담 — 업무 이름을 몰라도 됩니다. 가 상속·부동산등기·법인등기·개인회생·파산을 전화·카카오톡·네이버 톡톡·예약 방문으로 직접 안내합니다. 부산 법무사 상담 — 업무 이름을 몰라도 됩니다. 가 상속·부동산등기·법인등기·개인회생·파산을 전화·카카오톡·네이버 톡톡·예약 방문으로 직접 안내합니다. 부산 법무사 상
/부산법무사후기,324,1278,0.254,false,"부산 법무사 후기나 추천 후기를 검색하실 때, 별점만 보기보다 ‘어떤 업무에서 무엇이 도움이 되었는지’가 구체적인지 확인하시는 편이 좋습니다. 이 페이지는 후기를 조작하거나 가짜 후기를 만들지 않으며, 후기를 읽을 때 적용할 기준을 정리한 안내입니다. 부산 법무사 후기나 추천 후기를 검색하실 때, 별점만 보기보다 ‘어떤 "
/부산법무사비교,216,1173,0.184,true,"부산 법무사 비교나 비용 비교를 검색하실 때 견적 숫자만 나열하기보다, 업무 범위·상담 방식·등기 진행 방식·서류 안내 방식을 같은 기준으로 맞춰 보시는 것이 좋습니다. 부산 법무사 비교나 비용 비교를 검색하실 때 견적 숫자만 나열하기보다, 업무 범위·상담 방식·등기 진행 방식·서류 안내 방식을 같은 기준으로 맞춰 보시는"
/부산법무사무소,357,1471,0.243,false,"‘부산 법무사 사무실’ 또는 ‘부산 법무사무소’를 검색하실 때는 법무사 개인 추천보다, 사무소 주소·연락처·업무 범위·방문 방법을 먼저 확인하시는 경우가 많습니다. 등기·상속·법인·회생은 관할과 서류가 달라, 사무실이 어떤 사건을 다루는지부터 보는 편이 안전합니다. ‘부산 법무사 사무실’ 또는 ‘부산 법무사무소’를 검색하"
/부산법무사서류준비,303,1257,0.241,false,"부산 법무사 서류 준비를 검색하시는 분들은 상담 예약보다 ‘무엇을 가져가면 되는지’가 먼저인 경우가 많습니다. 상속·매매등기·법인변경·개인회생은 필요 서류가 달라, 한 번에 모든 원본을 준비하기보다 업무별로 나눠 보시면 됩니다. 부산 법무사 서류 준비를 검색하시는 분들은 상담 예약보다 ‘무엇을 가져가면 되는지’가 먼저인 "
/부산법무사방문상담,306,1191,0.257,false,"부산 법무사 방문상담을 검색하실 때는 위치보다 ‘예약 방법·준비물·방문이 꼭 필요한지’가 궁금한 경우가 많습니다. 서류가 많거나 대면 설명이 필요할 때 방문이 유리하고, 개요만 확인할 때는 전화·카카오톡으로 충분한 사건도 있습니다. 부산 법무사 방문상담을 검색하실 때는 위치보다 ‘예약 방법·준비물·방문이 꼭 필요한지’가 "
/부산법무사비대면상담,312,1293,0.241,false,"부산 법무사 비대면상담을 검색하시는 분들은 지방·해외 거주, 방문 시간 부족, 서류만 보내고 진행하고 싶은 경우가 많습니다. 모든 사건이 100% 비대면은 아니지만, 많은 등기·서류 업무는 카카오톡·이메일·우편으로 시작할 수 있습니다. 부산 법무사 비대면상담을 검색하시는 분들은 지방·해외 거주, 방문 시간 부족, 서류만 "
/부산법무사수임료,237,1747,0.136,true,"부산 법무사 수임료를 검색하셔도, 알고 싶은 내용은 대개 실제 부담 총액과 포함 범위입니다. 수임료는 위임 업무의 보수이고, 취득세·등록면허세·송달료 등은 다른 항목일 수 있습니다. 부산 법무사 수임료를 검색하셔도, 알고 싶은 내용은 대개 실제 부담 총액과 포함 범위입니다. 수임료는 위임 업무의 보수이고, 취득세·등록면허"
/부산부동산등기전문법무사,339,1113,0.305,false,"부산 부동산등기전문 법무사를 찾는 이유는 매매·증여·상속·담보 설정처럼 서로 다른 원인이 한 검색어로 묶이기 때문입니다. 이 페이지는 원인별 절차를 먼저 가르고, 상담 상대를 고르는 체크리스트인 /부산부동산등기전문 페이지와 역할을 나누는 연결 안내입니다. 부산 부동산등기전문 법무사를 찾는 이유는 매매·증여·상속·담보 설정"
/부산개인회생전문법무사,312,1071,0.291,false,"부산 개인회생전문 법무사로 문의하는 경우에도 채무 총액만으로는 방향이 정해지지 않습니다. 계속적·반복적인 소득이 있는지, 실제 생활에 필요한 지출과 부양가족은 어떤지, 보유 재산과 채무의 관계가 어떤지를 표로 정리하는 것이 먼저입니다. 부산 개인회생전문 법무사로 문의하는 경우에도 채무 총액만으로는 방향이 정해지지 않습니다"
/부산개인파산전문법무사,294,1045,0.281,false,"부산 개인파산전문 법무사로 문의하는 분은 변제할 소득이 부족하다고 느끼는 경우가 많습니다. 다만 파산 신청과 면책은 같은 절차가 아니며, 변제 여력이 부족하다는 사실을 확인한 뒤에도 재산·소득·최근 거래를 각각 살펴야 합니다. 부산 개인파산전문 법무사로 문의하는 분은 변제할 소득이 부족하다고 느끼는 경우가 많습니다. 다만"
/부산근저당전문법무사,270,1019,0.265,false,부산 근저당전문 법무사로 문의하는 경우에도 새로 설정하는 근저당과 기존 근저당을 말소하는 근저당은 서류와 순서가 다릅니다. 등기부에 이미 여러 권리가 있다면 선순위 관계와 채권최고액도 함께 확인해야 합니다. 부산 근저당전문 법무사로 문의하는 경우에도 새로 설정하는 근저당과 기존 근저당을 말소하는 근저당은 서류와 순서가 다
/부산전세전문법무사,309,1072,0.288,true,"부산 전세전문 법무사로 들어오는 검색에는 확정일자, 전입신고와 점유, 전세권 설정등기, 임차권등기명령이 모두 섞여 있습니다. 이 페이지는 이 네 가지를 같은 제도로 보지 않고, 계약 단계와 현재 점유 상태에 따라 갈림길을 가르는 안내입니다. 부산 전세전문 법무사로 들어오는 검색에는 확정일자, 전입신고와 점유, 전세권 설정"
/부산임원변경전문법무사,312,1053,0.296,false,"부산 임원변경전문 법무사로 문의하는 경우 대표이사 교체만 떠올리기 쉽지만, 이사·감사의 취임, 사임, 중임, 임기 만료는 각각 기준일이 다릅니다. 이 페이지는 임기와 결의일부터 계산해 과태료 기한을 놓치지 않도록 돕는 업무 선택 안내입니다. 부산 임원변경전문 법무사로 문의하는 경우 대표이사 교체만 떠올리기 쉽지만, 이사·"
/부산매매등기전문법무사,321,1083,0.296,false,부산 매매등기전문 법무사로 문의하는 경우 매매등기는 매수인과 매도인만의 서류 문제가 아니라 은행·기존 담보권자 일정이 겹치는 경우가 많습니다. 이 페이지는 잔금일에 맞물리는 매수인·매도인·은행 세 주체의 순서를 점검하는 업무 선택 안내입니다. 부산 매매등기전문 법무사로 문의하는 경우 매매등기는 매수인과 매도인만의 서류 문
/부산소유권이전전문법무사,300,1096,0.274,false,"부산 소유권이전전문 법무사로 문의하는 경우에도 소유자가 바뀐다는 결과는 같지만 그 원인이 매매인지, 증여인지, 상속인지에 따라 필요한 자료와 선행 확인이 달라집니다. 이 페이지는 결과보다 원인을 먼저 가르는 업무 선택 안내입니다. 부산 소유권이전전문 법무사로 문의하는 경우에도 소유자가 바뀐다는 결과는 같지만 그 원인이 매"
/부산회생전문법무사,258,934,0.276,false,"부산 회생전문 법무사라는 검색어는 보통 개인회생을 줄여 부르는 경우가 많습니다. 이 페이지는 소득·지출표를 새로 만드는 곳이 아니라, 짧은 회생 검색어를 대표 절차로 안전하게 연결하는 브리지입니다. 부산 회생전문 법무사라는 검색어는 보통 개인회생을 줄여 부르는 경우가 많습니다. 이 페이지는 소득·지출표를 새로 만드는 곳이"
/부산파산전문법무사,294,970,0.303,false,"부산 파산전문 법무사로 들어오는 검색은 대부분 개인파산·면책을 한꺼번에 떠올리는 짧은 검색어입니다. 이 페이지는 변제여력·면책 심사 내용을 새로 다루는 곳이 아니라, 파산이라는 짧은 말을 대표 절차로 연결하는 브리지입니다. 부산 파산전문 법무사로 들어오는 검색은 대부분 개인파산·면책을 한꺼번에 떠올리는 짧은 검색어입니다."
/부산면책전문법무사,288,954,0.302,false,"부산 면책전문 법무사 검색은 채무에서 벗어나고 싶다는 의도가 강합니다. 이 페이지는 면책이라는 결과만 보지 않고, 그 전에 파산 절차에서 무엇을 확인하는지와 면책 심사가 따로 보는 자료를 나누어 설명하는 업무 선택 안내입니다. 부산 면책전문 법무사 검색은 채무에서 벗어나고 싶다는 의도가 강합니다. 이 페이지는 면책이라는 "
/부산증여등기전문법무사,285,1002,0.284,false,"부산 증여등기전문 법무사 검색은 부모 자녀 아파트 증여, 부부 간 증여, 지분 일부 증여처럼 무상 이전에 가깝게 느껴지는 거래를 찾을 때 많습니다. 이 페이지는 이런 구조를 먼저 가른 뒤 유형별 허브로 연결하는 검색어 안내입니다. 부산 증여등기전문 법무사 검색은 부모 자녀 아파트 증여, 부부 간 증여, 지분 일부 증여처럼"
/부산법인설립전문법무사,345,1030,0.335,true,"부산 법인설립전문 법무사 검색은 창업·법인화 단계에서 자주 나옵니다. 설립등기는 상호, 목적, 본점 소재지, 자본금, 발행주식, 이사·감사·대표이사 구성을 정관과 설립 서류에 맞추는 일이므로, 사업 아이디어만 있는 상태와 서류 준비 가능 상태를 구분해야 합니다. 부산 법인설립전문 법무사 검색은 창업·법인화 단계에서 자주 "
/부산부동산전문법무사,339,1016,0.334,false,"부산 부동산전문 법무사라는 검색어는 매매, 증여, 상속, 근저당, 전세권처럼 서로 다른 등기 원인을 한꺼번에 가리키는 경우가 많습니다. 이 페이지는 등기부 원인별 세부 콘텐츠를 새로 만드는 곳이 아니라, 부동산이라는 짧은 검색어를 원인별로 나누는 브리지입니다. 부산 부동산전문 법무사라는 검색어는 매매, 증여, 상속, 근저"
/부산회생법무사,237,992,0.239,false,"부산에서 ‘회생 법무사’를 검색하는 분들은 대부분 개인회생 절차를 알아보는 경우가 많습니다. 법인회생·워크아웃과는 범위가 다르므로, 먼저 개인회생인지 확인하는 것이 좋습니다. 부산에서 ‘회생 법무사’를 검색하는 분들은 대부분 개인회생 절차를 알아보는 경우가 많습니다. 법인회생·워크아웃과는 범위가 다르므로, 먼저 개인회생인"
/부산보상등기,366,1489,0.246,false,"공익사업으로 토지·건물 보상을 앞두고 있다면, 보상금 액수만 보기 전에 등기부 명의·근저당·가압류·전세권·상속 미정리 여부를 먼저 맞춰야 합니다. 부산 보상등기 법무사 상담의 출발점은 ‘지금 필요한 등기가 협의취득인지, 수용·촉탁인지, 일반 이전인지’를 가르는 일입니다. 공익사업으로 토지·건물 보상을 앞두고 있다면, 보상"
/공기업등기,165,933,0.177,false,"공기업 등기 검색 시, 키워드만 보고 결정하기보다 공기업 등기에 맞는 서류·기한·관할·비용을 먼저 확인하는 것이 안전합니다. 공기업 등기 검색 시, 키워드만 보고 결정하기보다 공기업 등기에 맞는 서류·기한·관할·비용을 먼저 확인하는 것이 안전합니다. 공기업 등기 검색 시, 키워드만 보고 결정하기보다 공기업 등기에 맞는 서"
/촉탁등기,165,951,0.174,false,"촉탁등기 검색 시, 키워드만 보고 결정하기보다 촉탁등기 절차에 맞는 서류·기한·관할·비용을 먼저 확인하는 것이 안전합니다. 촉탁등기 검색 시, 키워드만 보고 결정하기보다 촉탁등기 절차에 맞는 서류·기한·관할·비용을 먼저 확인하는 것이 안전합니다. 촉탁등기 검색 시, 키워드만 보고 결정하기보다 촉탁등기 절차에 맞는 서류·기"
/지방공기업등기,177,969,0.183,false,"지방공기업 등기 검색 시, 키워드만 보고 결정하기보다 지방공기업 등기에 맞는 서류·기한·관할·비용을 먼저 확인하는 것이 안전합니다. 지방공기업 등기 검색 시, 키워드만 보고 결정하기보다 지방공기업 등기에 맞는 서류·기한·관할·비용을 먼저 확인하는 것이 안전합니다. 지방공기업 등기 검색 시, 키워드만 보고 결정하기보다 지방"
/부산증여등기,333,1608,0.207,false,"부산에서 부모·자녀·부부 사이에 아파트·토지·상가를 이전할 때 ‘부산 증여 법무사’ ‘부산 증여등기 법무사’로 검색하는 경우가 많습니다. 이 페이지는 표현만 다른 검색어를 하나의 대표 안내로 모으고, 상황별로 다른 확인사항은 하위 페이지로 연결합니다. 부산에서 부모·자녀·부부 사이에 아파트·토지·상가를 이전할 때 ‘부산 "
/부산부모자녀아파트증여등기,363,1002,0.362,false,"부모가 자녀에게 부산 아파트를 넘길 때는 증여계약과 소유권이전등기를 함께 보는 것이 안전합니다. 이 페이지는 부모·자녀 아파트 이전에 특화된 확인사항이며, 부산 증여등기 대표 안내와 역할이 다릅니다. ‘부산 아파트 증여 법무사’처럼 표현만 다른 검색은 대표 페이지가 담당합니다. 부모가 자녀에게 부산 아파트를 넘길 때는 증"
/부산부부간증여등기,294,898,0.327,false,부부 사이에 아파트나 주택 지분을 넘기거나 단독·공동명의를 바꿀 때는 ‘명의변경’이라는 일상 표현보다 실제 등기원인(증여·매매·재산분할)을 먼저 정해야 합니다. 이 페이지는 부부 간 증여·공동명의 변경에 초점을 둡니다. 부부 사이에 아파트나 주택 지분을 넘기거나 단독·공동명의를 바꿀 때는 ‘명의변경’이라는 일상 표현보다 
/부산부담부증여등기,303,976,0.31,false,부동산을 넘기면서 대출 채무나 전세보증금 반환 의무까지 함께 넘기는 구조를 부담부증여로 부르는 경우가 많습니다. 일반 증여와 달리 권리관계·세금·금융 확인이 함께 필요합니다. 이 페이지는 담보·임대차가 있는 이전에 초점을 둡니다. 부동산을 넘기면서 대출 채무나 전세보증금 반환 의무까지 함께 넘기는 구조를 부담부증여로 부르
/부산공동명의지분증여등기,279,888,0.314,false,부동산 전체가 아니라 일부 지분만을 자녀·배우자에게 넘기는 경우가 있습니다. 전체 소유권이전과 달리 이전 비율·잔여 지분·공유자 구성이 핵심입니다. ‘부산 아파트 지분 증여’ 검색 의도는 이 페이지가 담당합니다. 부동산 전체가 아니라 일부 지분만을 자녀·배우자에게 넘기는 경우가 있습니다. 전체 소유권이전과 달리 이전 비율
/부산명의변경등기,246,1750,0.141,true,"‘명의변경’은 일상적으로 쓰는 말이지만, 등기부상으로는 그 자체가 독립된 등기원인이 아닙니다. 실제로는 매매·증여·상속·재산분할·판결 등 구체적 원인에 따라 소유권이 이전됩니다. ‘명의변경’은 일상적으로 쓰는 말이지만, 등기부상으로는 그 자체가 독립된 등기원인이 아닙니다. 실제로는 매매·증여·상속·재산분할·판결 등 구체적"
/부산전세보증금반환법무사,213,1722,0.124,true,"부산 전세보증금 반환 법무사는 계약이 끝났는데 보증금을 돌려받지 못했거나, 이사·전출을 앞두고 대항력·우선변제권 유지가 걱정되는 상황에서 찾는 검색어입니다. 부산 전세보증금 반환 법무사는 계약이 끝났는데 보증금을 돌려받지 못했거나, 이사·전출을 앞두고 대항력·우선변제권 유지가 걱정되는 상황에서 찾는 검색어입니다. 부산 전"
/부산임차권등기명령,317,1901,0.167,false,"부산 임차권등기명령은 임대차가 끝났는데 보증금을 돌려받지 못한 임차인이, 대항력과 우선변제권을 유지하기 위해 신청하는 등기 절차를 가리키는 검색어입니다. 부산 임차권등기명령은 임대차가 끝났는데 보증금을 돌려받지 못한 임차인이, 대항력과 우선변제권을 유지하기 위해 신청하는 등기 절차를 가리키는 검색어입니다. 부산 임차권등기"
/부산매수인법무사,310,1666,0.186,false,부산 매수인 법무사는 부동산을 매수하는 사람이 직접 법무사를 선택해 소유권이전등기를 맡길 때 확인하는 검색어입니다. 부동산·은행 지정 법무사 대신 매수인이 선택할 수 있습니다. 부산 매수인 법무사는 부동산을 매수하는 사람이 직접 법무사를 선택해 소유권이전등기를 맡길 때 확인하는 검색어입니다. 부동산·은행 지정 법무사 대신
/부산지분이전등기,174,1368,0.127,true,"부산 지분이전등기는 부동산 전체 소유권이 아니라, 공유 지분의 일부 또는 전부를 다른 사람에게 넘기는 등기를 찾을 때 쓰는 검색어입니다. 부산 지분이전등기는 부동산 전체 소유권이 아니라, 공유 지분의 일부 또는 전부를 다른 사람에게 넘기는 등기를 찾을 때 쓰는 검색어입니다. 부산 지분이전등기는 부동산 전체 소유권이 아니라"
/부산입주등기,219,1402,0.156,true,부산 입주등기는 신축 아파트·오피스텔 등에 입주하면서 소유권이전을 진행할 때 많이 검색되는 말입니다. 이 페이지는 수분양자·매수인 개인 측 이전등기 관점에 맞춥니다. 부산 입주등기는 신축 아파트·오피스텔 등에 입주하면서 소유권이전을 진행할 때 많이 검색되는 말입니다. 이 페이지는 수분양자·매수인 개인 측 이전등기 관점에 
/부산셀프등기,225,1371,0.164,true,"부산 셀프등기는 인터넷등기소·창구 신청을 본인이 직접 하려는 분들이 찾는 검색어입니다. 모든 사건을 셀프로 하기 어렵거나, 반대로 단순한 사건은 직접 처리할 수도 있습니다. 부산 셀프등기는 인터넷등기소·창구 신청을 본인이 직접 하려는 분들이 찾는 검색어입니다. 모든 사건을 셀프로 하기 어렵거나, 반대로 단순한 사건은 직접"
/부모님사망후해야할일,294,938,0.313,false,"가족이 돌아가시면 장례와 함께 ‘무엇을 먼저 해야 하는지’를 검색하는 경우가 많습니다. 이 페이지는 장례업체 안내가 아니라, 이후 상속재산 처분·채무 확인·상속포기·한정승인에 영향을 줄 수 있는 순서를 중심으로 정리합니다. 가족이 돌아가시면 장례와 함께 ‘무엇을 먼저 해야 하는지’를 검색하는 경우가 많습니다. 이 페이지는"
/장례후재산채무정리,270,906,0.298,false,"장례를 마치면 ‘통장은 어디에 있는지’ ‘집이 몇 채인지’ ‘빚이 있는지’가 한꺼번에 몰려옵니다. 이 페이지는 재산과 채무를 병렬로 확인하는 순서를 안내하며, 조회만으로 모든 것이 끝난다고 말하지 않습니다. 장례를 마치면 ‘통장은 어디에 있는지’ ‘집이 몇 채인지’ ‘빚이 있는지’가 한꺼번에 몰려옵니다. 이 페이지는 재산"
/사망신고와상속등기차이,273,858,0.318,true,"사망신고를 마치면 주민등록·가족관계등록이 정리되지만, 부동산 등기부 명의는 자동으로 바뀌지 않습니다. 이 페이지는 행정기관에서 하는 일과 법무사가 수행하는 상속등기·법원 제출서류를 구분해 안내합니다. 사망신고를 마치면 주민등록·가족관계등록이 정리되지만, 부동산 등기부 명의는 자동으로 바뀌지 않습니다. 이 페이지는 행정기관"
/안심상속원스톱서비스이후,210,795,0.264,false,안심상속 원스톱서비스는 사망 후 금융·국세 등 일부 정보를 한곳에서 신청하는 데 도움이 됩니다. 다만 모든 재산과 채무를 완벽하게 확인해준다고 단정할 수 없습니다. 안심상속 원스톱서비스는 사망 후 금융·국세 등 일부 정보를 한곳에서 신청하는 데 도움이 됩니다. 다만 모든 재산과 채무를 완벽하게 확인해준다고 단정할 수 없습
/사망자재산채무조회,255,860,0.297,false,‘고인 재산을 찾는 방법’ ‘부모님 빚 확인’처럼 검색하는 분들은 조회 창구가 여러 곳이라는 점부터 확인하시면 좋습니다. 이 페이지는 조회 가능한 범위와 별도 확인이 필요한 자료를 구분해 안내합니다. ‘고인 재산을 찾는 방법’ ‘부모님 빚 확인’처럼 검색하는 분들은 조회 창구가 여러 곳이라는 점부터 확인하시면 좋습니다. 
/부모빚상속방법,309,881,0.351,true,"재산보다 채무가 많아 보이거나 빚을 뒤늦게 알게 되면 단순승인으로 등기만 진행하기 어렵습니다. 이 페이지는 ‘포기와 한정의 차이’만 반복하지 않고, 채무 불명확·일부 사용·후순위 효과처럼 선택에 영향을 주는 지점을 중심으로 안내합니다. 재산보다 채무가 많아 보이거나 빚을 뒤늦게 알게 되면 단순승인으로 등기만 진행하기 어렵"
/방문없이준비하는상속등기,273,866,0.315,false,해운대·센텀 사무소에 직접 오기 어려워도 사망일·상속인 구성·부동산 주소를 알려주시면 상속등기에 필요한 업무와 준비자료를 먼저 확인할 수 있습니다. 이 페이지는 상속등기 원격 준비의 공통 순서를 담당합니다. 해운대·센텀 사무소에 직접 오기 어려워도 사망일·상속인 구성·부동산 주소를 알려주시면 상속등기에 필요한 업무와 준비
/상속상담전준비서류와비용,252,830,0.304,false,"정확한 업무명(상속등기·포기·한정승인)을 몰라도 사망일, 가족관계, 확인된 재산·채무만 있으면 1차 안내가 가능합니다. 이 페이지는 상담 전 준비와 비용 확인에 필요한 정보를 모았습니다. 정확한 업무명(상속등기·포기·한정승인)을 몰라도 사망일, 가족관계, 확인된 재산·채무만 있으면 1차 안내가 가능합니다. 이 페이지는 상"
/오래된상속토지정리,252,836,0.301,false,"등기부에 할아버지·증조부 명의가 남아 있으면 한 번의 이전으로 끝나지 않는 경우가 많습니다. 중간 세대의 사망·상속인 범위를 순서대로 확인해야 하며, 제적등본이 필요한 오래된 사건이 많습니다. 등기부에 할아버지·증조부 명의가 남아 있으면 한 번의 이전으로 끝나지 않는 경우가 많습니다. 중간 세대의 사망·상속인 범위를 순서"
/연락두절상속인,234,808,0.29,false,"형제·친척 중 연락이 끊긴 사람이 있으면 협의분할·공동신청이 막히는 경우가 있습니다. 이 페이지는 상속인 연락두절에 초점을 두며, 건물 공유자 연락두절 멸실등기와는 별개입니다. 형제·친척 중 연락이 끊긴 사람이 있으면 협의분할·공동신청이 막히는 경우가 있습니다. 이 페이지는 상속인 연락두절에 초점을 두며, 건물 공유자 연"
/미성년상속인,231,796,0.29,false,"상속인 중 미성년이 있으면 법정대리인 동의·서류가 추가로 필요합니다. 부모 일방이 상속인이자 대리인인 경우 이해상반이 문제될 수 있어, 단순 서류 목록만으로 단정하지 않습니다. 상속인 중 미성년이 있으면 법정대리인 동의·서류가 추가로 필요합니다. 부모 일방이 상속인이자 대리인인 경우 이해상반이 문제될 수 있어, 단순 서류"
/재혼가정상속,243,801,0.303,false,"재혼 가정에서는 현재 배우자와 전혼 자녀, 재혼 후 자녀가 함께 상속인이 되는 경우가 있습니다. 가족관계증명서만으로는 누락·오해가 생길 수 있어 혼인·이혼·출생 관계를 맞춰 봐야 합니다. 재혼 가정에서는 현재 배우자와 전혼 자녀, 재혼 후 자녀가 함께 상속인이 되는 경우가 있습니다. 가족관계증명서만으로는 누락·오해가 생길"
/고인계좌장례비사용,279,856,0.326,false,"장례비 마련을 위해 고인 계좌에서 인출하는 경우가 있습니다. 이 행위가 상속 선택에 어떤 영향을 주는지는 금액·목적·시점·다른 처분 여부에 따라 달라질 수 있어, 일률적으로 ‘괜찮다/안 된다’고 단정하지 않습니다. 장례비 마련을 위해 고인 계좌에서 인출하는 경우가 있습니다. 이 행위가 상속 선택에 어떤 영향을 주는지는 금"
/사망후3개월지난상속,198,767,0.258,false,상속포기·한정승인 검토와 자주 연결되는 기간이 상속 개시를 안 날부터의 일정입니다. 상속등기·취득세 신고기한과 혼동하지 않도록 구분해 안내합니다. 상속포기·한정승인 검토와 자주 연결되는 기간이 상속 개시를 안 날부터의 일정입니다. 상속등기·취득세 신고기한과 혼동하지 않도록 구분해 안내합니다. 상속포기·한정승인 검토와 자주
/해외거주상속인,222,772,0.288,false,상속인이 해외에 있어도 국내 부동산 상속등기·포기·한정승인을 준비하는 경우가 있습니다. 서명·위임·공증·번역 요구는 국가·기관·업무에 따라 달라질 수 있습니다. 상속인이 해외에 있어도 국내 부동산 상속등기·포기·한정승인을 준비하는 경우가 있습니다. 서명·위임·공증·번역 요구는 국가·기관·업무에 따라 달라질 수 있습니다. 
/임대인사망전세계약,225,799,0.282,false,임대인이 사망하면 보증금 반환·계약 관계의 상대방이 상속인으로 이어지는 경우가 많습니다. 상속인 범위와 부동산 명의를 확인하지 않으면 협의·반환 절차가 막힐 수 있습니다. 임대인이 사망하면 보증금 반환·계약 관계의 상대방이 상속인으로 이어지는 경우가 많습니다. 상속인 범위와 부동산 명의를 확인하지 않으면 협의·반환 절차가
/경상도비대면상속등기,315,946,0.333,false,"경남·울산·경북처럼 부산과 거리가 있는 지역에 상속부동산이 있으면 '방문을 몇 번이나 해야 하는지'가 가장 먼저 궁금한 지점입니다. 이 페이지는 경상도 전역을 대상으로, 방문 없이 준비할 수 있는 단계와 원본이 필요한 단계를 구분해 안내합니다. 경남·울산·경북처럼 부산과 거리가 있는 지역에 상속부동산이 있으면 '방문을 몇"
/타지역상속인경상도부동산,432,1115,0.387,false,"부모님이 경남·울산·경북 등지에 계셨고 자녀들은 부산이나 수도권으로 이주한 경우, '어느 지역 법무사에게 맡겨야 하는지'부터 헷갈리는 경우가 많습니다. 상속등기는 상속인 거주지가 아니라 부동산 소재지를 기준으로 검토하는 경우가 많아, 상속인이 여러 지역에 흩어져 있어도 한 사무소에서 진행할 수 있는지 확인하는 것이 먼저입"
/방문없이준비하는법무사업무,486,1363,0.357,false,"부산 해운대 에 직접 오기 어려운 경우에도, 상속등기·상속포기·한정승인·법인등기·증여·근저당 말소·일부 법원 서류작성처럼 방문 전에 상황과 자료를 먼저 확인할 수 있는 업무가 있습니다. 이 페이지는 ‘전국 법무사’·‘비대면 법무사’로 검색하는 분께, 완전 비대면 광고가 아니라 실제로 원격으로 시작할 수 있는 범위와 추가 "
/상속인이여러지역에있는경우,315,983,0.32,false,"상속등기에서 자주 막히는 지점은 부동산 위치보다 ‘상속인이 한곳에 모이기 어렵다’는 점입니다. 피상속인은 부산에서 사망했지만 자녀가 서울·대구·해외에 거주하는 경우처럼, 공동상속인의 거주지가 서로 다른 상황을 이 페이지에서 다룹니다. 상속등기에서 자주 막히는 지점은 부동산 위치보다 ‘상속인이 한곳에 모이기 어렵다’는 점입"
/부동산과거주지가다른상속등기,309,895,0.345,false,"상속인이 거주하는 도시와 상속부동산 소재지가 다른 경우는 매우 흔합니다. ‘타지역 부동산 등기’, ‘거주지와 다른 지역 등기’로 검색하는 분께, 부동산이 멀리 있어도 법무사에게 맡길 수 있는지·무엇을 먼저 확인해야 하는지를 정리합니다. 상속인이 거주하는 도시와 상속부동산 소재지가 다른 경우는 매우 흔합니다. ‘타지역 부동"
/방문없이준비하는상속포기한정승인,312,932,0.335,false,"상속포기·한정승인은 ‘등기’와 달리 가정법원 관할과 신고 기한이 핵심입니다. 상속인이 타지역·해외에 있거나 평일 방문이 어려워도, 사망일·최후 주소·상속인 구성·채무 윤곽을 먼저 알려주시면 준비서류와 일정부터 안내할 수 있습니다. 상속포기·한정승인은 ‘등기’와 달리 가정법원 관할과 신고 기한이 핵심입니다. 상속인이 타지역"
/사진전자파일우편으로서류전달,246,852,0.289,false,"‘법무사에게 사진으로 서류 보내도 되는지’, ‘등기서류를 우편으로 보내는 방법’, ‘전자문서로 먼저 검토 가능한지’를 찾는 분께, 채널별 역할과 원본이 필요한 시점을 구분해 안내합니다. ‘법무사에게 사진으로 서류 보내도 되는지’, ‘등기서류를 우편으로 보내는 방법’, ‘전자문서로 먼저 검토 가능한지’를 찾는 분께, 채널별"
/법무사비용먼저확인하는방법,387,980,0.395,false,"‘법무사 비용 먼저 확인’, ‘서류를 보내기 전 비용 확인’, ‘공과금과 법무사 보수 차이’를 찾는 분께, 업무마다 견적에 필요한 기본 정보가 다르다는 점부터 안내합니다. 상속 상담 전 서류·비용 페이지가 상속 특화라면, 이 페이지는 상속·법인·부동산·민사 신청을 가로지르는 비용 확인 방법입니다. ‘법무사 비용 먼저 확인"
/방문없이준비하는법인설립,360,952,0.378,false,"부산 사무소에 오지 않아도, 상호·목적·본점 예정지·임원·자본금 개요만 있으면 법인설립등기에 필요한 서류와 비용 구성을 먼저 안내할 수 있습니다. 이 페이지는 부산 법인설립등기 절차 허브와 달리, 방문이 어렵거나 공동창업자가 여러 지역에 있을 때의 준비 순서에 초점을 둡니다. 부산 사무소에 오지 않아도, 상호·목적·본점 "
/방문없이준비하는임원변경,354,935,0.379,false,"임기 만료·사임·취임·대표이사 변경이 있을 때, 등기사항증명서와 정관만 보내 주셔도 변경 가능 범위와 준비서류를 먼저 확인할 수 있습니다. 이 페이지는 부산 임원변경등기 절차 안내와 역할이 다르며, 임원이 여러 지역에 있거나 방문이 어려운 경우의 서류 순서에 초점을 둡니다. 임기 만료·사임·취임·대표이사 변경이 있을 때,"
/해외대표이사주주법인등기,327,912,0.359,true,"대표이사가 해외 체류 중이거나 해외 주주가 있는 법인설립·임원변경·본점이전은, 국내 서류와 해외 서명·위임 서류를 나누어 준비하는 것이 핵심입니다. 이 페이지는 해외 거주 상속인 안내·외국인 부동산등기와 달리 법인등기 당사자 구조에 초점을 둡니다. 대표이사가 해외 체류 중이거나 해외 주주가 있는 법인설립·임원변경·본점이전"
/부모자녀다른지역증여등기,288,917,0.314,true,"부모는 A시, 자녀는 B시, 부동산은 C시에 있는 증여는 흔합니다. 부산 부모자녀 아파트 증여등기 안내가 관계·아파트 권리관계에 초점을 둔다면, 이 페이지는 당사자·부동산의 지역이 어긋날 때의 준비 순서에 초점을 둡니다. 부모는 A시, 자녀는 B시, 부동산은 C시에 있는 증여는 흔합니다. 부산 부모자녀 아파트 증여등기 안"
/방문없이준비하는근저당말소,285,879,0.324,false,"대출을 갚았는데 등기부에 근저당이 남아 있으면 매매·증여·추가 대출이 막힐 수 있습니다. 이 페이지는 부산 근저당말소등기 허브의 일반 절차와 달리, 은행 말소서류를 받은 뒤 방문 없이 무엇을 먼저 확인하는지를 안내합니다. 대출을 갚았는데 등기부에 근저당이 남아 있으면 매매·증여·추가 대출이 막힐 수 있습니다. 이 페이지는"
/이사후임차권등기명령준비,330,913,0.361,false,"보증금을 못 받은 채 이사를 했거나, 임대차 목적지가 거주 지역과 다른 경우에도 임차권등기명령 검토가 필요할 수 있습니다. 부산 임차권등기명령 허브가 요건·기간 중심이라면, 이 페이지는 이사 전후·타지역에서 서류를 원격으로 모으는 순서에 초점을 둡니다. 보증금을 못 받은 채 이사를 했거나, 임대차 목적지가 거주 지역과 다"
/방문없이준비하는지급명령서류,324,929,0.349,false,"미수금·대여금처럼 금전 채권을 지급명령으로 검토할 때, 계약서·입금내역·카카오톡 기록만 있어도 서류 작성 범위를 먼저 확인할 수 있습니다. 부산지방법원 지급명령 안내가 관할·절차 중심이라면, 이 페이지는 방문 전 입증자료 정리에 초점을 둡니다. 미수금·대여금처럼 금전 채권을 지급명령으로 검토할 때, 계약서·입금내역·카카오"
/사업자폐업후법인정리,387,1160,0.334,true,"세무서에 사업자등록을 폐업했다고 해서 법인등기부상의 회사가 자동으로 사라지지는 않습니다. ‘폐업은 했는데 법인이 남아 있다’, ‘타지역에 본점이 있는 법인을 지금 거주지에서 정리하고 싶다’, ‘임원이 흩어져 있어 해산 서류를 어떻게 모을지 모르겠다’는 검색·상담이 이 페이지의 출발점입니다. 세무서에 사업자등록을 폐업했다고"
/등기권리증없이소유권이전,381,1178,0.323,false,"매도 계약은 됐는데 등기권리증(등기필증)을 찾지 못하거나, 공동명의 중 누가 보관했는지 모를 때 ‘권리증 없으면 못 판다’고 검색하는 경우가 많습니다. 권리증 분실만으로 소유권이 사라지지는 않습니다. 다만 소유권이전등기 신청 실무에서 확인서면 등 대체 준비와 일정 조율이 필요할 수 있습니다. 매도 계약은 됐는데 등기권리증"
/해외서류가필요한증여등기,288,928,0.31,true,"국내 부동산을 증여하는데 수증자(또는 증여자)가 해외에 거주하면, 인감·서명·위임·공증·번역 일정이 병목이 됩니다. ‘한국에 안 와도 되나’, ‘해외에서 쓴 위임장으로 되나’를 묻는 상담이 이 페이지의 핵심입니다. 국내 부동산을 증여하는데 수증자(또는 증여자)가 해외에 거주하면, 인감·서명·위임·공증·번역 일정이 병목이 "
/방문없이준비하는부담부증여,321,1016,0.316,false,"부동산을 가족에게 넘기려는데 등기부에 근저당이 남아 있거나 전세보증금 반환 의무가 있으면, 일반 증여와 준비 범위가 달라집니다. 흔히 부담부증여로 부르는 이 구조에서는 ‘소유권만 이전할지, 채무·보증금까지 함께 넘길지’를 먼저 정해야 합니다. 부동산을 가족에게 넘기려는데 등기부에 근저당이 남아 있거나 전세보증금 반환 의무"
/방문없이준비하는전세권말소,321,956,0.336,false,"전세 계약을 끝내고 보증금을 정산했는데 등기부에 전세권이 남아 있으면 매도·신규 대출·후속 등기가 막힐 수 있습니다. 이 페이지는 부산 전세권말소등기 절차 허브와 달리, 방문 없이 계약서·말소 동의·신분 서류를 먼저 점검하는 순서에 초점을 둡니다. 전세 계약을 끝내고 보증금을 정산했는데 등기부에 전세권이 남아 있으면 매도"
/공유물분할등기서류준비,288,928,0.31,false,"여러 사람이 공유하는 토지·건물을 각자의 단독 명의나 지분으로 나누려면, 합의만으로는 부족하고 등기원인에 맞는 서류가 필요합니다. 협의분할인지, 조정·화해인지, 판결에 따른 분할인지에 따라 준비목록이 달라집니다. 여러 사람이 공유하는 토지·건물을 각자의 단독 명의나 지분으로 나누려면, 합의만으로는 부족하고 등기원인에 맞는"
/가압류신청서류준비,363,1065,0.341,false,"상대방 재산에 가압류를 검토할 때는 ‘무엇을 청구하는지’, ‘어떤 재산을 대상으로 하는지’, ‘관할·담보·입증자료가 있는지’를 먼저 모아야 합니다. 이 페이지는 가압류 신청 서류 준비에 초점을 두며, 부산 가압류말소등기(이미 찍힌 가압류를 지우는 등기)와 목적이 다릅니다. 상대방 재산에 가압류를 검토할 때는 ‘무엇을 청구"
/내용증명작성준비,309,886,0.349,false,"상대방에게 이행을 촉구하거나 계약 해지·보증금 반환을 남기려 할 때 내용증명을 검토하는 경우가 많습니다. ‘내용증명을 받았을 때’ 상황 안내는 이미 있으나, 보내기 전 무엇을 모아야 하는지를 담은 작성 준비 페이지가 필요해 이 안내를 둡니다. 상대방에게 이행을 촉구하거나 계약 해지·보증금 반환을 남기려 할 때 내용증명을 "
/방문없이준비하는유상증자,390,956,0.408,false,"투자 유치나 유상증자로 신주를 발행·납입했다면, 자본금·발행주식 수가 등기부에 반영되도록 등기가 필요합니다. 주주 간 지분 양도와는 구조가 다릅니다. 이 페이지는 부산 유상증자등기 절차 허브와 달리, 주주·임원이 여러 지역에 있을 때 결의·납입·등기 서류를 원격으로 맞추는 순서에 초점을 둡니다. 투자 유치나 유상증자로 신"
/휴면법인계속등기준비,408,1021,0.4,false,"등기소·관할에서 휴면법인 관련 통지를 받았거나, 오랜 기간 등기 변경이 없다가 회사를 다시 쓰려 할 때 계속등기를 검토합니다. 사업자만 폐업하고 법인이 남은 경우의 정리 안내와 시작점이 다릅니다. 폐업 후 정리는 `/사업자폐업후법인정리`를, 휴면 상태에서 계속할지 해산할지는 이 페이지와 해산 안내를 함께 보세요. 등기소·"
/제주타지역상속인부동산,387,1002,0.386,false,"제주 토지·주택을 상속받았는데 상속인은 서울·경기·부산 등 육지에 거주하는 경우가 많습니다. 세컨하우스·농지·여러 필지가 섞이면 ‘제주까지 몇 번 가야 하는지’가 핵심 질문이 됩니다. 이 페이지는 경상도 타지역 상속인 안내와 같은 축이되, 제주 부동산·육지 상속인 조합에 맞춘 준비 순서입니다. 제주 토지·주택을 상속받았는"
/가처분신청서류준비,303,977,0.31,false,"가처분은 금전채권을 잡는 가압류와 목적이 다릅니다. 점유이전금지·처분금지·건축금지처럼 ‘현상·권리 상태’를 임시로 고정하려는 보전처분이며, 무엇을 보전하려는지·왜 지금 필요한지·대상이 무엇인지가 서류의 중심입니다. 가처분은 금전채권을 잡는 가압류와 목적이 다릅니다. 점유이전금지·처분금지·건축금지처럼 ‘현상·권리 상태’를 "
/채권압류추심서류준비,276,956,0.289,true,"채권압류·추심은 ‘아직 보전’이 아니라 집행권원(판결·지급명령 확정 등) 이후 상대 채권(예금·급여·임대료 등)을 압류·추심하려는 단계입니다. 가압류 신청 안내, 지급명령 신청 안내와 목적이 다릅니다. 채권압류·추심은 ‘아직 보전’이 아니라 집행권원(판결·지급명령 확정 등) 이후 상대 채권(예금·급여·임대료 등)을 압류·"
/변제공탁서류준비,324,965,0.336,false,"변제공탁은 채권자가 수령을 거부하거나 누구인지 불명한 경우 등, 채무자가 변제 준비를 공탁으로 고정하려는 절차입니다. 가압류·지급명령·채권압류와 원인·양식·관할이 다르며, ‘돈을 받기 위한 회수’ 페이지와도 방향이 반대인 경우가 많습니다. 변제공탁은 채권자가 수령을 거부하거나 누구인지 불명한 경우 등, 채무자가 변제 준비"
/이혼재산분할등기서류준비,273,979,0.279,true,"이혼 재산분할등기는 등기원인이 재산분할(협의서·조정조서·판결 등)인 소유권이전·지분 정리입니다. 공유물분할등기, 부부간 증여, 단순 명의변경 검색과 섞이면 서류·세금·순서가 틀어질 수 있습니다. 이혼 재산분할등기는 등기원인이 재산분할(협의서·조정조서·판결 등)인 소유권이전·지분 정리입니다. 공유물분할등기, 부부간 증여, "
/압류말소등기서류준비,279,944,0.296,true,"압류말소등기는 세무서·지자체·법원·채권자 등 기관 압류가 등기부에 남아 있을 때, 해제 후 말소를 반영하는 등기입니다. 가압류말소등기(보전처분 말소), 가압류 신청 서류 안내와 기관·서류·원인이 다릅니다. 압류말소등기는 세무서·지자체·법원·채권자 등 기관 압류가 등기부에 남아 있을 때, 해제 후 말소를 반영하는 등기입니다"
/상속등기후매매서류준비,243,925,0.263,true,상속등기 후 매매는 ‘상속만’ 또는 ‘매매만’ 안내로는 부족합니다. 상속인 확정·협의분할·상속등기 선행 여부와 매수인 잔금일·소유권이전이 한 일정에 묶이는 순서 문제가 핵심입니다. 상속등기 후 매매는 ‘상속만’ 또는 ‘매매만’ 안내로는 부족합니다. 상속인 확정·협의분할·상속등기 선행 여부와 매수인 잔금일·소유권이전이 한 
/특별한정승인,318,1381,0.23,false,"부산 특별한정승인 법무사 상담은 ‘3개월이 이미 지났다’거나 ‘채무를 뒤늦게 알게 됐다’는 상황에서 자주 이어집니다. 일반 한정승인과 목적이 비슷해 보이지만, 기한 경과·사유·증빙·허가 구조가 달라 같은 페이지로 묶으면 선택이 흐려집니다. 부산 특별한정승인 법무사 상담은 ‘3개월이 이미 지났다’거나 ‘채무를 뒤늦게 알게 "
/대습상속등기,270,1144,0.236,false,"대습상속등기는 ‘아버지보다 아들이 먼저 사망했고 손자가 있다’처럼 중간 세대가 비어 있는 부동산 명의 정리에서 검색됩니다. 용어 설명이 아니라, 등기신청에 필요한 상속인 확정·지분·서류 순서에 맞춥니다. 대습상속등기는 ‘아버지보다 아들이 먼저 사망했고 손자가 있다’처럼 중간 세대가 비어 있는 부동산 명의 정리에서 검색됩니"
/유류분과상속등기,291,1125,0.259,true,유언·생전 증여·편중 분할이 있으면 ‘유류분’ 검색과 함께 상속등기 일정이 겹칩니다. 이 페이지는 반환 소송 수행을 약속하지 않습니다. 등기·협의서 작성 전에 어떤 사실을 맞춰야 분쟁·보정을 줄일 수 있는지에 초점을 둡니다. 유언·생전 증여·편중 분할이 있으면 ‘유류분’ 검색과 함께 상속등기 일정이 겹칩니다. 이 페이지는
/상속취득세와등기순서,312,1135,0.275,false,상속등기만 검색하다가 취득세 신고기한·납부 증빙을 놓치는 경우가 있습니다. 반대로 세금만 보고 등기 서류를 늦게 준비하기도 합니다. 이 페이지는 세액을 계산해 드리지 않습니다. 등기와 세금 일정을 한 타임라인으로 맞추는 방법을 안내합니다. 상속등기만 검색하다가 취득세 신고기한·납부 증빙을 놓치는 경우가 있습니다. 반대로 
/신용회복과개인회생차이,306,1082,0.283,true,"급여압류·연체·보증채무가 겹치면 신용회복·개인회생·파산이 한꺼번에 검색됩니다. 채널이 다르면 관할·효과·서류·일정도 다릅니다. 이 페이지는 ‘어느 것이 무조건 유리하다’고 말하지 않고, 비교 축과 준비자료를 정리합니다. 급여압류·연체·보증채무가 겹치면 신용회복·개인회생·파산이 한꺼번에 검색됩니다. 채널이 다르면 관할·효과"
/전세사기피해대응절차,545,1676,0.325,false,"전세계약이 끝났는데 보증금을 돌려받지 못했거나, 집이 경매로 넘어갔다는 사실을 알게 됐다면 ‘전세사기인지’라는 이름을 먼저 단정하기보다 현재 대항력·확정일자·임차권등기·경매 진행상태와 배당요구 여부를 확인해야 할 수 있습니다. 부산에서 전세사기·전세사기 법무사를 검색하신 분도 같은 출발점에서 자료를 모읍니다. 전세계약이 "
/분양권명의이전등기,282,1104,0.255,false,"분양권 명의이전 검색은 ‘아직 보존등기·입주 전’ 단계에서 권리 승계를 묻는 경우가 많습니다. 부산 입주등기 안내가 다루는 개인 입주·소유권이전과 시점이 달라, 같은 글로 합치면 서류·대출·세금 순서가 엇갈립니다. 분양권 명의이전 검색은 ‘아직 보존등기·입주 전’ 단계에서 권리 승계를 묻는 경우가 많습니다. 부산 입주등기"
/지급명령이의신청준비,234,1005,0.233,false,"지급명령 서류를 받으면 ‘이의신청을 해야 하나’부터 검색하는 경우가 많습니다. 이 페이지는 법무사라는 직역명보다, 송달일·이의기간·청구 내용을 어떻게 정리할지에 맞춥니다. 지급명령 서류를 받으면 ‘이의신청을 해야 하나’부터 검색하는 경우가 많습니다. 이 페이지는 법무사라는 직역명보다, 송달일·이의기간·청구 내용을 어떻게 "
/해산간주확인절차,243,1013,0.24,false,"‘회사는 폐업만 했는데 법인등기를 안 했다’, ‘휴면법인 안내를 받았다’는 검색은 해산간주·계속등기 문제로 이어지는 경우가 많습니다. 직역명보다 등기부 상태와 선택지를 먼저 봅니다. ‘회사는 폐업만 했는데 법인등기를 안 했다’, ‘휴면법인 안내를 받았다’는 검색은 해산간주·계속등기 문제로 이어지는 경우가 많습니다. 직역명"
/등기신청반려와보정,195,907,0.215,true,"등기를 넣었는데 보정명령·반려 통지를 받으면 당황하기 쉽습니다. ‘셀프가 틀렸다’는 자책보다, 어떤 항목이 지적됐는지 표로 나누는 것이 빠릅니다. 등기를 넣었는데 보정명령·반려 통지를 받으면 당황하기 쉽습니다. ‘셀프가 틀렸다’는 자책보다, 어떤 항목이 지적됐는지 표로 나누는 것이 빠릅니다. 등기를 넣었는데 보정명령·반려"
/상속재산분할협의서준비,246,946,0.26,true,"‘상속받은 집을 한 사람 명의로’, ‘현금 정산 후 등기’처럼 검색하면 상속재산분할협의서가 등장합니다. 이 페이지는 뜻 설명이 아니라, 등기·합의 전에 맞춰야 할 항목 점검에 초점을 둡니다. ‘상속받은 집을 한 사람 명의로’, ‘현금 정산 후 등기’처럼 검색하면 상속재산분할협의서가 등장합니다. 이 페이지는 뜻 설명이 아니"
/대표이사한명만남는경우,237,936,0.253,true,"‘이사 두 명이 사임한다’, ‘대표만 남는다’는 검색은 일반 임원변경과 겹치지만, 남는 임원 수·정관 정원·감사 존재가 핵심 변수가 됩니다. 이 페이지는 그 구성 변화에 초점을 둡니다. ‘이사 두 명이 사임한다’, ‘대표만 남는다’는 검색은 일반 임원변경과 겹치지만, 남는 임원 수·정관 정원·감사 존재가 핵심 변수가 됩니"
/경매낙찰후전세권확인,252,969,0.26,false,"낙찰 후 소유권이전만 검색하다가 등기부의 전세권·임차권 때문에 막히는 경우가 있습니다. 이 페이지는 ‘무조건 말소’ 또는 ‘무조건 인수’를 단정하지 않고, 확인 순서와 등기 연계를 안내합니다. 낙찰 후 소유권이전만 검색하다가 등기부의 전세권·임차권 때문에 막히는 경우가 있습니다. 이 페이지는 ‘무조건 말소’ 또는 ‘무조건"
/본점이전후사업자등록순서,204,927,0.22,false,"‘회사 주소 변경’ 검색은 본점이전등기에서 끝나지 않고, 사업자등록·인허가·거래처 통지로 이어집니다. 이 페이지는 등기 이후 연계 순서에 초점을 둡니다. ‘회사 주소 변경’ 검색은 본점이전등기에서 끝나지 않고, 사업자등록·인허가·거래처 통지로 이어집니다. 이 페이지는 등기 이후 연계 순서에 초점을 둡니다. ‘회사 주소 변"
/상속포기후다음순위확인,237,944,0.251,false,"‘부모 빚 때문에 포기’만 검색하다가, 포기 후 자녀·손자·배우자에게 넘어가는 구조를 놓치는 경우가 있습니다. 이 페이지는 포기 신고 절차 본문 대신, 다음 순위 확인에 초점을 둡니다. ‘부모 빚 때문에 포기’만 검색하다가, 포기 후 자녀·손자·배우자에게 넘어가는 구조를 놓치는 경우가 있습니다. 이 페이지는 포기 신고 절"
/부산가등기,297,1352,0.22,true,"가등기는 나중에 본등기를 할 자리를 등기부에 미리 잡아 두는 제도입니다. 매매·증여 약속을 지키는 소유권이전청구권 가등기와, 빚을 담보하는 담보가등기는 목적·말소·본등기 효과가 달라 같은 검색어로 묶이면 선택이 흐려집니다. 가등기는 나중에 본등기를 할 자리를 등기부에 미리 잡아 두는 제도입니다. 매매·증여 약속을 지키는 "
/부산유언검인,246,1232,0.2,false,"자필증서·녹음 유언 등은 가정법원 검인을 거친 뒤 상속 절차에 쓰는 경우가 많습니다. 공정증서 유언과 검인 대상이 달라, ‘유언이 있다’는 사실만으로 등기를 접수하면 보정·지연이 생깁니다. 자필증서·녹음 유언 등은 가정법원 검인을 거친 뒤 상속 절차에 쓰는 경우가 많습니다. 공정증서 유언과 검인 대상이 달라, ‘유언이 있"
/부동산실권리자명의등기,282,1159,0.243,true,"등기명의인과 실제 권리자가 다른 부동산을 맞추려는 검색은 ‘실권리자명의등기’로 모입니다. 원인(명의신탁 해소, 원인무효, 진정명의회복)에 따라 서류와 리스크가 달라 매매이전·증여 페이지와 섞이면 안 됩니다. 등기명의인과 실제 권리자가 다른 부동산을 맞추려는 검색은 ‘실권리자명의등기’로 모입니다. 원인(명의신탁 해소, 원인"
/부산경매권리분석,246,1188,0.207,true,"경매 권리분석 검색은 입찰 전에 인수·말소될 권리를 가리려는 의도입니다. 낙찰 후 대금 납부와 소유권이전·촉탁은 다른 단계라, 낙찰등기 페이지에 권리분석을 섞으면 검색 의도가 충돌합니다. 경매 권리분석 검색은 입찰 전에 인수·말소될 권리를 가리려는 의도입니다. 낙찰 후 대금 납부와 소유권이전·촉탁은 다른 단계라, 낙찰등기"
/부산개명허가,264,1147,0.23,true,개명허가는 가정법원 비송 사건입니다. 등기 허브나 상속 허브에 한 줄만 있으면 신청 서류·관할·허가 후 등록 순서가 보이지 않습니다. 성본변경도 가사비송이지만 요건이 달라 같은 URL 안의 별 절로 둡니다. 개명허가는 가정법원 비송 사건입니다. 등기 허브나 상속 허브에 한 줄만 있으면 신청 서류·관할·허가 후 등록 순서가
/부산재산명시,318,1152,0.276,false,"판결·지급명령 등 집행권원이 있어도 채무자 재산 소재를 모르면 압류·추심이 막힐 수 있습니다. 재산명시는 법원이 채무자에게 재산 목록 제출을 명하는 절차로, 가압류(본안 전 보전)나 채권압류·추심(이미 아는 채권을 집행)과 단계가 다릅니다. 판결·지급명령 등 집행권원이 있어도 채무자 재산 소재를 모르면 압류·추심이 막힐 "
/부산부재자재산관리인,351,1207,0.291,false,"상속·부동산 처분·계약 정리가 필요한데 당사자가 오랫동안 연락이 되지 않으면, ‘부재자재산관리인’ 선임을 검색하는 경우가 있습니다. 실종선고·상속인 부재의 상속재산관리인·미성년 특별대리와 목적이 달라, 같은 가사비송이라도 URL을 나누는 편이 안전합니다. 상속·부동산 처분·계약 정리가 필요한데 당사자가 오랫동안 연락이 되"
/부산상속재산관리인,327,1121,0.292,false,"상속이 개시됐는데 상속인이 없거나, 있는지 불명확해 재산을 관리·청산할 사람이 필요할 때 ‘상속재산관리인’을 검색합니다. 상속포기·한정승인(상속인 선택이 있는 경우), 부재자재산관리인(특정 부재자), 상속재산 파산과는 목적이 다릅니다. 상속이 개시됐는데 상속인이 없거나, 있는지 불명확해 재산을 관리·청산할 사람이 필요할 "
/등기관할과사무소위치,384,1416,0.271,false,"다른 구에 사시거나, 부동산만 기장·서구·영도에 있는 경우 ‘우리 동네 법무사를 찾아야 하나’가 먼저 걸립니다. 등기 신청은 의뢰인 거주지보다 부동산 소재지·법인 본점 소재지를 기준으로 관할 등기소가 정해지는 경우가 많습니다. 법무사 사무소가 그 등기소 건물에 있어야 접수가 되는 것은 아닙니다. 다른 구에 사시거나, 부동"
/부산재상속등기,339,947,0.358,false,"부모님 부동산 상속등기를 미룬 사이 자녀 중 한 명이 사망하면, 그 자녀의 상속인에게 지분이 다시 넘어가는 재상속이 문제됩니다. 조상 명의가 수십 년 남은 ‘연속상속·오래된 토지’와 비슷해 보이지만, 최근 두 세대의 사망 순서와 미등기 지분이 핵심인 경우가 많습니다. 부모님 부동산 상속등기를 미룬 사이 자녀 중 한 명이 "
/부산외국인상속등기,324,919,0.353,false,"부산 아파트 상속인 가운데 외국 국적 배우자·자녀가 있으면, 한국 국적자가 해외에 사는 경우와 준비 서류가 다릅니다. `/해외거주상속인`은 주로 주소·위임·번역이 중심이고, 이 페이지는 국적과 국내 주소 유무에 따른 인감·서명 증명을 먼저 봅니다. 부산 아파트 상속인 가운데 외국 국적 배우자·자녀가 있으면, 한국 국적자가"
/상담,156,922,0.169,true,"긴 문의 글을 쓰지 않아도 됩니다. 해당하는 상황을 고르고, 준비된 자료가 있으면 표시한 뒤, 연락처만 남겨 주시면 됩니다. 긴 문의 글을 쓰지 않아도 됩니다. 해당하는 상황을 고르고, 준비된 자료가 있으면 표시한 뒤, 연락처만 남겨 주시면 됩니다. 긴 문의 글을 쓰지 않아도 됩니다. 해당하는 상황을 고르고, 준비된 자료"
/1분간편상담,129,780,0.165,false,선택 카드로 상황을 고르고 연락처만 남기면 됩니다. 자세히 정리하지 않으셔도 확인에 도움이 됩니다. 선택 카드로 상황을 고르고 연락처만 남기면 됩니다. 자세히 정리하지 않으셔도 확인에 도움이 됩니다. 선택 카드로 상황을 고르고 연락처만 남기면 됩니다. 자세히 정리하지 않으셔도 확인에 도움이 됩니다. 연락처 대략적인 상황 
/법무사상담,135,818,0.165,false,법무사 상담은 상속·부동산·법인 등기와 개인회생·파산 서류 등 실무 절차를 정리하는 데 초점을 둡니다. 법무사 상담은 상속·부동산·법인 등기와 개인회생·파산 서류 등 실무 절차를 정리하는 데 초점을 둡니다. 법무사 상담은 상속·부동산·법인 등기와 개인회생·파산 서류 등 실무 절차를 정리하는 데 초점을 둡니다. 상담 목적 
/상속등기상담,162,852,0.19,false,상속등기는 부동산 소재지·상속인 수·협의 여부에 따라 서류가 달라집니다. 상황을 선택해 주시면 필요한 순서를 안내합니다. 상속등기는 부동산 소재지·상속인 수·협의 여부에 따라 서류가 달라집니다. 상황을 선택해 주시면 필요한 순서를 안내합니다. 상속등기는 부동산 소재지·상속인 수·협의 여부에 따라 서류가 달라집니다. 상황을
/상속포기상담,129,783,0.165,false,상속 개시를 안 날부터 3개월 안에 신고해야 합니다. 서류가 없어도 기한·관할부터 확인해 드립니다. 상속 개시를 안 날부터 3개월 안에 신고해야 합니다. 서류가 없어도 기한·관할부터 확인해 드립니다. 상속 개시를 안 날부터 3개월 안에 신고해야 합니다. 서류가 없어도 기한·관할부터 확인해 드립니다. 사망일 상속인 범위 채
/한정승인상담,135,785,0.172,false,재산은 받되 채무는 상속 재산 범위로 제한하는 절차입니다. 조회·기한·서류를 상황에 맞춰 안내합니다. 재산은 받되 채무는 상속 재산 범위로 제한하는 절차입니다. 조회·기한·서류를 상황에 맞춰 안내합니다. 재산은 받되 채무는 상속 재산 범위로 제한하는 절차입니다. 조회·기한·서류를 상황에 맞춰 안내합니다. 사망일 재산·채무
/부동산등기상담,123,780,0.158,true,매매·증여·말소·이전 등 원인에 따라 서류와 일정이 달라집니다. 현재 상황만 선택해 주세요. 매매·증여·말소·이전 등 원인에 따라 서류와 일정이 달라집니다. 현재 상황만 선택해 주세요. 매매·증여·말소·이전 등 원인에 따라 서류와 일정이 달라집니다. 현재 상황만 선택해 주세요. 계약서(있으면) 등기부(있으면) 잔금일 계약
/법인등기상담,132,792,0.167,false,설립·임원변경·본점이전은 결의일과 기한이 중요합니다. 서류가 없어도 날짜부터 확인해 드립니다. 설립·임원변경·본점이전은 결의일과 기한이 중요합니다. 서류가 없어도 날짜부터 확인해 드립니다. 설립·임원변경·본점이전은 결의일과 기한이 중요합니다. 서류가 없어도 날짜부터 확인해 드립니다. 등기사항전부증명서(있으면) 변경 내용 
/전세보증금상담,114,790,0.144,true,반환 지연·연락 두절·경매 등 상황에 따라 임차권등기명령·내용증명 등이 달라집니다. 반환 지연·연락 두절·경매 등 상황에 따라 임차권등기명령·내용증명 등이 달라집니다. 반환 지연·연락 두절·경매 등 상황에 따라 임차권등기명령·내용증명 등이 달라집니다. 임대차계약서(있으면) 입금 증빙(있으면) 임대차계약서(있으면) 입금 증
/개인회생상담,150,778,0.193,true,소득·재산·채무 구조에 따라 회생과 파산이 달라집니다. 정확한 금액이 없어도 개요만으로 1차 안내가 가능합니다. 소득·재산·채무 구조에 따라 회생과 파산이 달라집니다. 정확한 금액이 없어도 개요만으로 1차 안내가 가능합니다. 소득·재산·채무 구조에 따라 회생과 파산이 달라집니다. 정확한 금액이 없어도 개요만으로 1차 안내
/등기서류상담,141,776,0.182,true,업무마다 서류가 다릅니다. 상황을 고르시면 체크리스트 방향으로 안내드립니다. 없어도 상담할 수 있습니다. 업무마다 서류가 다릅니다. 상황을 고르시면 체크리스트 방향으로 안내드립니다. 없어도 상담할 수 있습니다. 업무마다 서류가 다릅니다. 상황을 고르시면 체크리스트 방향으로 안내드립니다. 없어도 상담할 수 있습니다. 상담 
/무슨법률업무인지모를때,228,944,0.242,false,"검색어와 실제 필요한 절차가 다를 수 있습니다. ‘상속등기’ ‘증여등기’처럼 정확한 이름을 몰라도, 지금 겪고 있는 일만 설명해 주시면 관련 업무와 준비서류를 연결해 드립니다. 검색어와 실제 필요한 절차가 다를 수 있습니다. ‘상속등기’ ‘증여등기’처럼 정확한 이름을 몰라도, 지금 겪고 있는 일만 설명해 주시면 관련 업무"
/전화가어려울때법률상담,114,781,0.146,true,선호 연락 방법을 문자·이메일로 두시면 됩니다. 상황 선택형 문의로 부담을 줄였습니다. 선호 연락 방법을 문자·이메일로 두시면 됩니다. 상황 선택형 문의로 부담을 줄였습니다. 선호 연락 방법을 문자·이메일로 두시면 됩니다. 상황 선택형 문의로 부담을 줄였습니다. 이메일 또는 휴대폰 상황 선택 이메일 또는 휴대폰 상황 선택
/부산역법무사,499,2240,0.223,false,"부산역 인근에서 법무사를 검색하시는 분들은 ‘역 앞 상가를 샀는데 등기가 안 된다’, ‘초량동 부모님 집 상속을 어디서부터 해야 하나’, ‘거래처 채무를 공탁·지급명령으로 받을 수 있나’처럼 서로 다른 사건을 한꺼번에 들고 오시는 경우가 많습니다. 역세권 상담은 부동산 등기와 민사(지급명령·공탁)를 분리해 순서를 정하는 "
/서면법무사,491,2210,0.222,false,"서면에서 부동산을 사고팔 때는 계약서 특약과 등기부 권리관계가 맞지 않아 잔금 후에도 등기가 밀리는 경우가 있습니다. 부전동 상가는 건물주·임차인·권리금 승계가 겹치고, 서면 법인 사무실은 임원변경·상호변경이 임대차 갱신과 맞물립니다. 상가등기만이 아니라 미수 임대료·공사대금 채권에 대한 지급명령 검토를 함께 문의하시는 "
/광안리법무사,451,1934,0.233,true,"광안리 인근에서 ‘전세 계약은 했는데 전세권 설정을 해야 하나’, ‘부모님 광안동 아파트를 형제가 나눠 상속하려 한다’는 문의가 많습니다. 해변 생활권에서는 단순 매매뿐 아니라 전세 사기 예방·임대인 동의 여부·선순위 근저당 잔액을 함께 봐야 합니다. 광안동 상가는 권리금·임대차 승계가 매매 등기와 연결됩니다. 광안리 인"
/동래역법무사,397,1872,0.212,false,동래역 인근에서 상속등기를 미루다가 상속포기·한정승인 3개월 기한을 놓치는 경우가 있습니다. 재건축 조합원 지위 승계·분양권 이슈는 일반 매매와 서류가 다릅니다. 동래 법무사 상담 시에는 등기와 별도로 미수 관리비·채무에 대한 지급명령 필요 여부도 함께 짚어 드립니다. 동래역 인근에서 상속등기를 미루다가 상속포기·한정승인
/연산동법무사,399,1961,0.203,true,"연산동에서 법인등기를 직접 접수했다가 정관·결의서 오류로 보정명령을 받는 사례가 있습니다. 부산지방법원 등기국은 접수 대기가 있을 수 있어, 서류를 한 번에 맞추는 것이 중요합니다. 연산동 부동산 상속은 공동상속인 협의서 없이 진행했다가 나중에 분쟁이 생기기도 합니다. 연산동에서 법인등기를 직접 접수했다가 정관·결의서 오"
/남천동법무사,296,1555,0.19,false,남천동 아파트 전세는 보증금이 수억 원에 달하는 경우가 많아 전세권설정을 검토하시는 분들이 많습니다. 반대로 매도 전 임차인 전세권 말소 일정이 맞지 않아 잔금일이 밀리기도 합니다. 부모님 명의 남천동 집 상속 시 형제 간 협의가 안 되면 등기 자체가 지연됩니다. 남천동 아파트 전세는 보증금이 수억 원에 달하는 경우가 많
/대연동법무사,308,1568,0.196,false,"대연동 아파트 매매는 대출 실행·근저당 말소·잔금일을 맞추는 것이 핵심입니다. 상속의 경우 공동상속인이 해외에 있거나, 전세 세입자가 있어 말소·승계를 함께 봐야 합니다. 남구 법무사 상담 시 전세권과 근저당 순위를 등기부에서 먼저 읽어 드립니다. 대연동 아파트 매매는 대출 실행·근저당 말소·잔금일을 맞추는 것이 핵심입니"
/덕천동법무사,326,1665,0.196,false,덕천동에서 부동산을 상속받았는데 채무가 많아 한정승인·개인회생을 검토하시는 분들이 있습니다. 반대로 매매 등기를 진행하다가 채무로 가압류가 걸려 잔금일이 위태로운 경우도 있습니다. 채권자 입장에서는 거래처 미수금에 대한 지급명령을 문의하기도 합니다. 덕천동에서 부동산을 상속받았는데 채무가 많아 한정승인·개인회생을 검토하시
/명지법무사,316,1652,0.191,false,명지 신도시 아파트는 입주·대출·취득세·소유권이전등기 일정이 한꺼번에 몰립니다. 에코델타시티 입주 기업은 정관·임대차·본점 주소를 맞춰 설립등기를 해야 합니다. 강서구 법무사 상담 시 관할 등기소(북부산·남부산)를 소재지별로 확인합니다. 명지 신도시 아파트는 입주·대출·취득세·소유권이전등기 일정이 한꺼번에 몰립니다. 에코
/정관법무사,278,1563,0.178,false,정관 토지 상속은 상속인이 여러 명이고 지적도·지목이 복잡해 협의분할이 어려운 경우가 많습니다. 공장 법인은 토지·건물 근저당과 임원변경이 겹칩니다. 기장 법무사 상담 시 취득세·농지 취득 자격 여부를 함께 짚어 드립니다. 정관 토지 상속은 상속인이 여러 명이고 지적도·지목이 복잡해 협의분할이 어려운 경우가 많습니다. 공
/사상법무사,354,1697,0.209,false,사상 공장·상가 매매는 건물·토지·근저당을 한꺼번에 봐야 합니다. 대출 상환 후 근저당 말소 없이 넘기면 매수인이 거래를 거절합니다. 엄궁동 주택 상속은 채무가 많아 상속포기·개인회생을 함께 검토하는 사례도 있습니다. 사상 공장·상가 매매는 건물·토지·근저당을 한꺼번에 봐야 합니다. 대출 상환 후 근저당 말소 없이 넘기면
/하단법무사,287,1521,0.189,false,하단동 아파트 상속은 상속인이 여러 명일 때 협의가 안 되면 등기가 멈춥니다. 매매는 전세 세입자·근저당이 있으면 말소 일정이 관건입니다. 사하구 법무사 상담 시 상속과 채권 회수를 동시에 들고 오셔도 절차를 나눠 안내합니다. 하단동 아파트 상속은 상속인이 여러 명일 때 협의가 안 되면 등기가 멈춥니다. 매매는 전세 세입
/우동법무사,963,2697,0.357,false,"우동에서는 ‘마린시티 아파트를 형제 셋이 상속받았는데 한 명이 해외에 있다’, ‘해운대해수욕장 인근 상가를 매수하면서 임차인을 그대로 받는다’, ‘오피스텔 잔금일에 은행 말소와 이전등기를 같이 할 수 있는가’라는 문의가 자주 나옵니다. 공동상속 상태를 오래 두면 처분·대출·임대차 갱신 때 서명이 늘어나므로 협의분할로 한 "
/좌동법무사,933,2890,0.323,false,"좌동에서 상속을 논의하다 보면 ‘형제는 모두 동의하지만 집을 누구 명의로 할지 결정하지 못했다’, ‘부모님 채무가 있는지 몰라 상속등기를 먼저 해도 되는지 걱정된다’, ‘세입자의 계약 만료 전에 매도하고 싶다’는 문제가 함께 나옵니다. 상속등기는 사망 사실만으로 자동 완료되지 않으며, 법정상속분대로 등기할지 협의분할로 이"
/사직동법무사,912,2725,0.335,false,"사직동에서는 ‘상속등기를 하지 않은 구축 아파트가 재건축 논의 대상이 되었다’, ‘부모님 명의 단독주택의 토지와 건물 지분이 다르다’, ‘형제 중 한 명은 보유를 원하고 다른 사람은 매도를 원한다’는 고민이 나옵니다. 정비사업의 진행 여부와 관계없이 현 등기 명의 및 상속인 범위를 먼저 확인해야 이후 조합 서류, 매매계약"
/화명동법무사,875,2483,0.352,false,"화명동에서 자주 듣는 질문은 ‘아파트 잔금일에 매도인의 대출 말소가 늦으면 어떻게 되는가’, ‘부모님이 남긴 아파트를 세 자녀가 어떻게 나누는가’, ‘부부 공동명의 중 한 지분을 자녀에게 넘길 수 있는가’입니다. 매매에서는 말소와 이전등기가 같은 날 진행되는 구조를 이해하고, 금융기관 서류·매도인 인감·취득세 신고의 준비"
/부곡동법무사,928,2605,0.356,false,"부곡동에서 갑작스러운 상속을 맞으면 원룸 보증금과 담보대출 중 어느 것이 더 큰지 알기 어려워 상속등기를 먼저 해야 하는지 문의하는 경우가 많습니다. 상속포기·한정승인은 기간이 문제될 수 있으므로, 부동산 명의 이전이나 임차인과의 개별 합의보다 먼저 상속재산과 채무를 목록화하는 것이 필요합니다. 원룸 건물의 월세가 들어온"
/거제동법무사,972,2924,0.332,false,"거제동에서 개인회생을 알아보는 분들은 카드·대출·보증채무를 한 번에 정리하지 못해 일부 채권만 적거나, 소득 변동과 재산 처분 계획을 설명하기 어려워하는 경우가 있습니다. 개인회생은 누구에게나 같은 결과를 보장하는 절차가 아니며, 채무·재산·소득과 법원 판단을 바탕으로 검토해야 합니다. 지급명령은 상대방 주소와 증거가 중"
/전포동법무사,915,2846,0.322,true,"전포동 상가 거래에서 흔한 오해는 권리금을 지급하거나 새 임대차계약을 맺으면 건물 소유권까지 확보된다는 생각입니다. 건물 매매라면 매도인과 매수인 사이의 소유권이전등기, 임차 점포 양수도라면 임대인과의 임대차 승계·신규 계약, 영업 양수도라면 권리금 약정이 각각 존재할 수 있습니다. 또 매수인이 기존 근저당을 승계하는지,"
/문현동법무사,894,2566,0.348,false,"문현동 금융단지 인근 기업은 임원 임기가 끝났거나 대표가 바뀌었는데 변경등기를 미루다가 필요한 투자·계약 시점에 법인등기사항이 실제와 맞지 않는 문제를 겪을 수 있습니다. 단순히 회사 내부에서 결정했다는 사실만으로 등기가 완료되는 것이 아니며, 정관 규정과 결의 요건, 취임·사임 관련 서류를 확인해야 합니다. 반면 문현동"
/용호동법무사,936,2594,0.361,false,"용호동에서는 ‘오륙도 인근 아파트를 매수하는데 기존 전세 세입자가 있다’, ‘부모님 집을 상속받은 뒤 형제 중 한 명이 거주하려 한다’, ‘대출을 갈아타며 공동명의를 정리하고 싶다’는 문의가 있습니다. 세입자가 있다는 사정만으로 매매가 불가능한 것은 아니지만, 보증금의 승계·반환 조건과 계약 만료일이 매매계약과 어떻게 연"
/망미동법무사,924,2562,0.361,false,"망미동의 부동산 상담에서는 ‘부모님 빌라를 상속받았는데 토지 지분이 복잡하다’, ‘망미역 근처 아파트를 팔면서 대출을 먼저 갚아야 하나’, ‘형제 공동명의를 정리한 뒤 임대할지 매도할지 고민된다’는 질문이 나옵니다. 다세대·빌라는 건물만 보지 않고 대지권과 등기부 표시를 확인해야 하며, 오래된 부동산일수록 과거 주소·명의"
/일광읍법무사,1026,2671,0.384,false,"일광읍에서는 ‘신축 아파트 입주 후 상속 문제가 생겼다’, ‘해수욕장 근처 부모님 상가를 형제들이 나눠야 한다’, ‘전원주택 토지와 건물 명의가 달라 무엇부터 해야 하는가’라는 질문이 있습니다. 상속등기는 사망 이후 부동산을 누구 명의로 둘지 정하는 절차이므로, 신축 아파트든 오래된 토지든 상속인과 협의 내용, 등기부상 "
/남포동법무사,1020,2746,0.371,false,"남포동에서는 ‘부모님이 운영하던 점포 건물을 상속받았는데 토지는 다른 친족 명의다’, ‘자갈치 인근 상가를 사면서 기존 임차인과 권리금 계약을 어떻게 봐야 하나’, ‘공동상속인 중 일부가 연락되지 않아 매도를 못 한다’는 문제가 생깁니다. 상가 건물의 영업권·권리금은 상황에 따라 계약 대상이 될 수 있으나, 토지·건물 소"
/초량동법무사,771,2428,0.318,false,"초량동에서는 ‘부모님 다가구를 상속받았는데 세입자가 넷이다’, ‘좌천동 집을 팔려면 형제 중 해외에 있는 사람의 서류가 필요하다’, ‘수정동 주택에 근저당이 남아 있는데 상속등기부터 해도 되나’는 문의가 많습니다. 다가구는 소유권이전과 각 임대차 승계·보증금 정산을 같은 날 처리하려다 서류가 어긋나기 쉽습니다. 상속채무가"
/범일동법무사,682,2133,0.32,false,"범일동에서는 ‘권리금을 냈는데 건물 명의는 그대로다’, ‘범천동 상가에 임차인이 있는데 매수인이 승계를 거부한다’, ‘법인 소유 창고를 개인에게 팔려면 어떤 결의가 필요한가’ 같은 문제가 나옵니다. 권리금은 영업상 약정일 수 있고 소유권등기와는 별개입니다. 임차인이 있는 상가는 보증금·계약기간·업종 제한을 매매특약과 맞춰"
/구포동법무사,716,2201,0.325,false,"구포동·만덕동에서는 ‘카드·대출을 합치면 상환이 어렵다’, ‘만덕동 집이 있어 회생이 불가능한가’, ‘구포동 아파트를 형제와 상속받았는데 한 명이 반대한다’는 문의가 있습니다. 담보 주택이 있다고 해서 회생 상담 자체가 불가능한 것은 아니며, 재산·소득·채권자 구성에 따라 검토합니다. 상속인 협의가 안 된 상태에서 매도 "
/다대동법무사,618,2083,0.297,false,"다대동에서는 ‘해외에 있는 형제와 상속 협의를 어떻게 하냐’, ‘장림동 다가구를 팔려면 세입자를 모두 내보내야 하냐’, ‘감천동 집이 오래되어 서류가 불명확하다’는 문제가 나옵니다. 상속인 연락이 늦어지면 매도 잔금일을 먼저 잡기 어렵고, 세입자 있는 매매는 승계 특약이 핵심입니다. 오래된 건물은 토지·건물 등기부 명의가"
/괴정동법무사,666,2052,0.325,true,"괴정동에서는 ‘전세 끼고 매수하는데 잔금일에 무엇을 말소해야 하냐’, ‘당리동 아파트를 부부 공동명의로 바꾸려 한다’, ‘신평동 집을 상속받았는데 대출이 남아 있다’는 문의가 많습니다. 전세 승계와 소유권이전을 같은 날 처리하려면 임대인·임차인·은행 일정이 맞아야 합니다. 공동명의는 매매·증여 등 원인에 따라 세금·서류가"
/개금동법무사,652,2026,0.322,false,"개금동에서는 ‘형은 실거주하고 나는 서울인데 지분을 어떻게 하냐’, ‘가야동 다세대를 팔려는데 공유지분이 있다’, ‘당감동 아파트 대출을 상속인이 이어받을 수 있냐’는 질문이 나옵니다. 실거주자와 비거주자의 이해관계가 다르면 협의서에 정산 조건을 명확히 해야 이후 분쟁을 줄입니다. 공유지분 매매는 다른 공유자의 동의·우선"
/안락동법무사,618,2009,0.308,false,"안락동에서는 ‘조합 동의 전에 상속등기를 해야 하냐’, ‘명장동 집을 세 형제가 상속받았는데 한 명이 반대한다’, ‘수안동 주택을 손주에게 증여하려 한다’는 문의가 있습니다. 정비사업 동의·매도는 소유자 확정이 전제인 경우가 많아 상속 명의를 미루면 일정이 꼬일 수 있습니다. 반대하는 상속인이 있으면 협의분할이 어려워 다"
/구서동법무사,706,2104,0.336,false,"구서동에서는 ‘임대보증금이 빚인지 헷갈린다’, ‘서동 다가구를 상속받으면 세입자를 다 내보내야 하냐’, ‘피상속인 카드 빚이 있어 한정승인을 고민한다’는 문의가 있습니다. 임대보증금은 반환 채무 성격이 있어 상속 재산 목록에 반영해 검토해야 할 수 있습니다. 한정승인은 기간과 방식에 엄격한 요건이 있어, 상속등기만 먼저 "
/반송동법무사,690,2112,0.327,true,"반송동에서는 ‘반여동으로 알고 계약했는데 주소는 반송동이다’, ‘석대동 토지를 상속받았는데 지분이 여럿이다’, ‘회동동 임야·대지를 어떻게 나누냐’는 문제가 있습니다. 동 이름 오류는 잔금·세금 계산에 영향을 줄 수 있습니다. 토지 공유는 분할·매도·증여 중 어떤 원인으로 정리할지 초기에 정해야 합니다. 정비사업 소문이 "
/주례동법무사,640,2003,0.32,false,"주례동에서는 ‘상가 페이지를 보고 왔는데 우리 집은 아파트다’, ‘모라동 집을 형제 공동명의로 둘지 한 사람에게 몰아줄지’, ‘학장동 전세 끼고 매도하려 한다’는 문의가 있습니다. 공동명의 유지는 처분·대출 때 서명이 늘어나고, 전세 승계 매매는 특약이 핵심입니다. 상속채무가 불명확하면 상속등기보다 한정승인·상속포기 기한"
/동삼동법무사,649,2015,0.322,true,"동삼동에서는 ‘영도에 가야만 상속등기가 되냐’, ‘영선동 집을 팔려면 형제가 모두 와야 하냐’, ‘청학동 주택에 근저당이 남아 있다’는 문의가 있습니다. 많은 서류는 발급·위임으로 맞출 수 있고, 필수 방문은 사건별로 달라집니다. 공동상속 매도는 전원 서류가 맞아야 잔금이 가능합니다. 근저당이 남아 있으면 상속등기만으로 "
/우암동법무사,634,1990,0.319,true,"우암동에서는 ‘세입자가 많은 다가구를 상속받았다’, ‘용당동 집을 팔려면 서류를 어디서부터 하냐’, ‘감만동 주소인데 남구·영도를 헷갈린다’는 문의가 있습니다. 행정구역을 바로잡고, 임대차와 상속등기를 표로 나누어 준비해야 잔금·명도 갈등을 줄입니다. 다가구 매도는 임차인 전원 현황이 맞아야 특약을 쓸 수 있고, 보증금 "
/기장읍법무사,689,2099,0.328,false,"기장읍에서는 ‘정관으로 검색했는데 주소는 기장읍이다’, ‘장안읍 땅을 형제 네 명이 상속받았다’, ‘철마면 임야를 서울에서 정리하고 싶다’는 문의가 있습니다. 행정구역을 바로잡고, 공유자 전원 서류를 확보하는 데 시간이 가장 오래 걸립니다. 농지·임야는 매수인 자격·신고 이슈가 있을 수 있어 등기만으로 단정하지 않습니다."
/연지동법무사,604,1935,0.312,true,"연지동에서는 ‘서면 근처라 상가 서류를 준비했다’, ‘초읍동 집을 공동명의로 상속할까’, ‘전세 만기에 맞춰 매도하려 한다’는 문의가 있습니다. 사건 유형을 주거로 바로잡고, 공동명의·전세·매도 일정을 한 표로 정리합니다. 전세 만기와 상속등기 완료가 어긋나면 임대인 지위 승계와 보증금 반환 책임이 불명확해질 수 있어, "
/오시리아법무사,674,2145,0.314,true,"오시리아에서는 ‘분양 잔금 전에 상속이 발생했다’, ‘동부산 펜션·상가를 공동명의로 하려 한다’, ‘서울에서 잔금·등기를 맞춰야 한다’는 문의가 있습니다. 피상속인 명의의 분양권을 어떻게 승계·이전할지는 계약·시행사·등기 원인에 따라 달라 단정할 수 없습니다. 공동명의는 자금 출처·담보·운영 주체를 함께 봐야 합니다. 잔"
/부산법률전문가,375,1285,0.292,false,"부산에서 법률 실무를 설명할 외부 전문가, 기업·기관 특강 강사, 세미나 패널이나 전문가 인터뷰 대상을 찾고 있다면 먼저 실제 자격과 활동 분야를 확인하는 것이 중요합니다. 는 법무사 실무와 기관·시민 대상 교육, 공공·정책 활동, 언론 출연 경험을 바탕으로 요청 목적에 맞는 범위를 확인합니다. 부산에서 법률 실무를 설명"
/법률강의,231,1157,0.2,true,가 생활법률·전세사기·창업·청년 법률교육을 부산 중심으로 출강합니다. 공공기관·도서관·기업·학교·청년·복지기관 담당자가 주제와 이력을 고른 뒤 문의하시면 됩니다. 가 생활법률·전세사기·창업·청년 법률교육을 부산 중심으로 출강합니다. 공공기관·도서관·기업·학교·청년·복지기관 담당자가 주제와 이력을 고른 뒤 문의하시면 됩니다
/부산법률강사,378,1414,0.267,false,"부산에서 외부 강사를 찾는 기관 담당자라면 강사의 직함보다 먼저 ‘우리 교육대상에게 실제로 필요한 이야기를 할 수 있는가’를 확인하게 됩니다. 청년에게는 주거·계약·금전거래가, 창업자에게는 계약·법인·미수금이, 시민에게는 상속·전세·생활분쟁이 더 직접적인 주제가 될 수 있습니다. 부산에서 외부 강사를 찾는 기관 담당자라면"
/청년생활법률특강,231,1009,0.229,false,"청년이 실제로 겪는 주거·금전·계약 상황에서 질문을 모아, 어렵지 않은 설명으로 확인 순서를 남기는 특강입니다. 청년센터·자립지원·대학 프로그램에 맞춰 시간을 조정합니다. 청년이 실제로 겪는 주거·금전·계약 상황에서 질문을 모아, 어렵지 않은 설명으로 확인 순서를 남기는 특강입니다. 청년센터·자립지원·대학 프로그램에 맞춰"
/창업법률교육,195,947,0.206,false,"사업 시작 단계에서 대표자가 결정해야 할 상호·목적·자본·임원, 계약과 미수금, 법인설립 이후 변경등기처럼 놓치기 쉬운 실무를 사례로 정리합니다. 사업 시작 단계에서 대표자가 결정해야 할 상호·목적·자본·임원, 계약과 미수금, 법인설립 이후 변경등기처럼 놓치기 쉬운 실무를 사례로 정리합니다. 사업 시작 단계에서 대표자가 "
/기업법률교육,216,1146,0.188,false,계약·미수금·증거관리·법인 실무를 임직원이 실제 업무에서 놓치기 쉬운 사례 중심으로 정리합니다. 가 법무사 실무와 확인된 기업·창업 협업을 바탕으로 구성합니다. 계약·미수금·증거관리·법인 실무를 임직원이 실제 업무에서 놓치기 쉬운 사례 중심으로 정리합니다. 가 법무사 실무와 확인된 기업·창업 협업을 바탕으로 구성합니다. 
/강사소개,201,825,0.244,false,"현직 법무사로서 법률 실무와 교육 경험을 바탕으로, 공공기관·도서관·청년기관·학교 대상 생활법률 특강을 구성합니다. 확인된 출강 이력만 공개합니다. 현직 법무사로서 법률 실무와 교육 경험을 바탕으로, 공공기관·도서관·청년기관·학교 대상 생활법률 특강을 구성합니다. 확인된 출강 이력만 공개합니다. 현직 법무사로서 법률 실무"
/공공기관법률교육,306,1281,0.239,false,"공공기관 담당자가 외부강사를 찾을 때 먼저 확인하는 것은 직원교육인지 시민교육인지, 그리고 법정 지정교육과 겹치지 않는지입니다. 본 안내는 생활·실무 예방교육 범위로, 청렴·이해충돌·청탁금지 등 별도 지정교육은 다루지 않습니다. 공공기관 담당자가 외부강사를 찾을 때 먼저 확인하는 것은 직원교육인지 시민교육인지, 그리고 법"
/법무사진로특강,120,746,0.161,false,"법무사 시험 합격 경험과 실무·강의 경험을 바탕으로, 직업의 일과 준비 과정을 이야기합니다. 법무사 시험 합격 경험과 실무·강의 경험을 바탕으로, 직업의 일과 준비 과정을 이야기합니다. 법무사 시험 합격 경험과 실무·강의 경험을 바탕으로, 직업의 일과 준비 과정을 이야기합니다. 교육 목적·대상·희망 일정을 남겨 주시면 가"
/부산도서관법률특강,213,1087,0.196,false,"도서관·평생학습관·문화센터에서 시민 대상으로 진행하는 생활법률·예방 특강입니다. 용어 나열이 아니라, 일상에서 바로 확인할 포인트를 중심으로 구성합니다. 도서관·평생학습관·문화센터에서 시민 대상으로 진행하는 생활법률·예방 특강입니다. 용어 나열이 아니라, 일상에서 바로 확인할 포인트를 중심으로 구성합니다. 도서관·평생학습"
/부산법무사강의,168,966,0.174,false,"일반 교양 강연이 아니라, 법무사 사무소에서 실제로 다루는 계약·등기·서류·예방 포인트를 눈높이에 맞게 풀어내는 강의입니다. 일반 교양 강연이 아니라, 법무사 사무소에서 실제로 다루는 계약·등기·서류·예방 포인트를 눈높이에 맞게 풀어내는 강의입니다. 일반 교양 강연이 아니라, 법무사 사무소에서 실제로 다루는 계약·등기·서"
/부산기관법률특강,171,958,0.178,false,교육담당자가 가장 먼저 확인하는 것—대상·목적·시간—에 맞춰 주제를 재조합합니다. 공공·민간·비영리 모두 협의 가능합니다. 교육담당자가 가장 먼저 확인하는 것—대상·목적·시간—에 맞춰 주제를 재조합합니다. 공공·민간·비영리 모두 협의 가능합니다. 교육담당자가 가장 먼저 확인하는 것—대상·목적·시간—에 맞춰 주제를 재조합합
/부산사회복지기관강사,312,1294,0.241,false,"복지·자립지원 현장에서 자주 마주치는 계약·주거·금전·관계 이슈를, 법령 나열이 아니라 ‘지금 확인할 포인트’ 중심으로 정리하는 교육입니다. 종사자와 이용자 눈높이가 다르다는 점을 전제로, 기관 프로그램 목적에 맞춰 모듈을 고릅니다. 복지·자립지원 현장에서 자주 마주치는 계약·주거·금전·관계 이슈를, 법령 나열이 아니라 "
/부산강사섭외비용,267,1100,0.243,true,"강의료는 기관 기준·시간·형식·자료 범위에 따라 달라집니다. 이 페이지는 고정 요금표를 제시하지 않고, 담당자가 견적을 요청할 때 정리하면 좋은 항목과, 문의에 남기면 회신이 빨라지는 정보를 안내합니다. 강의료는 기관 기준·시간·형식·자료 범위에 따라 달라집니다. 이 페이지는 고정 요금표를 제시하지 않고, 담당자가 견적을"
/부산강사섭외체크리스트,420,1276,0.329,false,"강사 섭외는 ‘누구를 부를까’보다 ‘무엇을 배울지’를 먼저 고정하는 일이 많습니다. 아래 체크리스트 순서로 정리하면 문의·내부 결재·당일 운영이 한결 수월합니다. 빈칸이 남아 있어도 알려 주신 범위에서 구성안을 맞춰 볼 수 있으며, 법정 지정교육은 본 목록 밖으로 두세요. 생활·예방 특강 섭외를 기준으로 한 실무 안내입니"
/기관특강주제추천,396,1327,0.298,false,"주제를 정하기 어려울 때는 ‘누가, 무엇을 실천하게 할지’부터 고르면 됩니다. 대상별로 자주 맞는 생활법률·예방 특강 주제를 정리했고, 법정교육·리더십·마케팅·세무·노무는 범위 밖으로 두었습니다. 확인된 이력과 연결되는 주제부터 보시면 기획이 안정적이며, 나머지는 모듈 재조합으로 협의합니다. 주제를 정하기 어려울 때는 ‘"
/강의시간별구성,429,1313,0.327,false,"같은 주제라도 60분과 3~4시간은 전혀 다른 강의가 됩니다. 시간에 맞춰 무엇을 넣고 무엇을 줄일지 기준을 정리했고, 페이지 하단 형식 가이드에서 시간대별 적합 상황도 함께 확인하실 수 있습니다. 순수 강의 시간을 기준으로 목차를 설계해 주세요. 개회·휴식은 별도로 계산합니다. 시간만 정해져 있어도 주제 후보를 제안할 "
/부산기업채권관리,159,852,0.187,false,"미수금 발생 직후 확인할 자료부터 내용증명·지급명령 신청서류까지, 법무사가 지원할 수 있는 절차를 단계별로 정리합니다. 미수금 발생 직후 확인할 자료부터 내용증명·지급명령 신청서류까지, 법무사가 지원할 수 있는 절차를 단계별로 정리합니다. 미수금 발생 직후 확인할 자료부터 내용증명·지급명령 신청서류까지, 법무사가 지원할 "
/부산기업부동산등기,144,763,0.189,false,법인 명의로 공장·창고·상가·사업장을 취득·처분하거나 담보등기를 진행할 때 확인하는 절차를 정리합니다. 법인 명의로 공장·창고·상가·사업장을 취득·처분하거나 담보등기를 진행할 때 확인하는 절차를 정리합니다. 법인 명의로 공장·창고·상가·사업장을 취득·처분하거나 담보등기를 진행할 때 확인하는 절차를 정리합니다. 거래 구조와
/기업업무문의,114,698,0.163,false,"회사명, 문의 업무, 기한만 정리해 주시면 등기·신청서류 지원 가능 여부를 안내합니다. 회사명, 문의 업무, 기한만 정리해 주시면 등기·신청서류 지원 가능 여부를 안내합니다. 회사명, 문의 업무, 기한만 정리해 주시면 등기·신청서류 지원 가능 여부를 안내합니다. 아래 양식 또는 전화·카카오로 문의합니다. 업무 범위를 확인"
/법인변경등기,259,991,0.261,false,"법인 변경등기는 변경 항목(임원·본점·목적·자본금·해산 등)별로 결의기관과 첨부서류가 다르며, 결의 후 법정 기한 내 등기하지 않으면 과태료가 부과될 수 있습니다. 먼저 등기사항증명서로 현재 등기 상태를 확인한 뒤 해당 유형 페이지를 참고하세요. 법인 변경등기는 변경 항목(임원·본점·목적·자본금·해산 등)별로 결의기관과 "
/부산대표이사변경등기,254,931,0.273,false,"대표이사 변경은 정관상 결의(이사회·주주총회) 후 취임승낙서·사임서 등을 첨부해 등기해야 하며, 결의일로부터 법정 기한 내 접수하지 않으면 과태료가 부과될 수 있습니다. 등기 완료 전에는 등기부상 대표와 실제 서명권이 다를 수 있습니다. 대표이사 변경은 정관상 결의(이사회·주주총회) 후 취임승낙서·사임서 등을 첨부해 등기"
/부산임원임기만료등기,175,781,0.224,false,"임기만료 자체가 자동 퇴임을 의미하지는 않으며, 중임·사임·퇴임 결의 후 해당 내용을 등기해야 합니다. 결의 후 등기 기한을 넘기면 과태료가 부과될 수 있습니다. 임기만료 자체가 자동 퇴임을 의미하지는 않으며, 중임·사임·퇴임 결의 후 해당 내용을 등기해야 합니다. 결의 후 등기 기한을 넘기면 과태료가 부과될 수 있습니다"
/부산본점이전등기,303,918,0.33,false,"본점이전등기는 이사회·주주총회 결의 후 새 본점 주소로 변경등기를 신청합니다. 관할 등기소가 바뀌면 이전 관할과 신 관할 절차가 달라질 수 있으며, 사업자등록·세무·4대보험 주소도 연계 정리가 필요합니다. 결과는 개별 사정에 따라 달라질 수 있습니다. 검토일 2026-07-30. 본점이전등기는 이사회·주주총회 결의 후 새"
/부산사업목적변경등기,192,784,0.245,false,사업목적을 추가·변경하려면 정관 개정 결의 후 목적변경등기를 신청해야 합니다. 등기부 목적과 실제 사업이 다르면 계약·인허가·투자 검토에서 불이익이 생길 수 있습니다. 사업목적을 추가·변경하려면 정관 개정 결의 후 목적변경등기를 신청해야 합니다. 등기부 목적과 실제 사업이 다르면 계약·인허가·투자 검토에서 불이익이 생길 
/부산유상증자등기,192,781,0.246,true,유상증자는 주주총회 결의 등을 거쳐 신주를 발행·납입한 뒤 자본금 증가 등기(신주발행등기)를 해야 등기부에 반영됩니다. 주주 명부·주식 수와 등기부가 일치해야 합니다. 유상증자는 주주총회 결의 등을 거쳐 신주를 발행·납입한 뒤 자본금 증가 등기(신주발행등기)를 해야 등기부에 반영됩니다. 주주 명부·주식 수와 등기부가 일치
/부산법인해산청산등기,176,796,0.221,false,"법인 해산은 주주총회 결의 등을 거쳐 해산등기를 하고, 청산 절차를 마친 뒤 청산종결등기를 해야 법인이 소멸합니다. 사업자등록 폐업과는 별개입니다. 법인 해산은 주주총회 결의 등을 거쳐 해산등기를 하고, 청산 절차를 마친 뒤 청산종결등기를 해야 법인이 소멸합니다. 사업자등록 폐업과는 별개입니다. 사업자등록 폐업만으로 법인"
/부산법인등기과태료,202,774,0.261,false,법인등기 과태료는 변경 사유별 결의 후 등기 신청 기한을 넘긴 경우 부과될 수 있습니다. 임원변경·본점이전·목적변경 등 유형에 따라 검토 방식이 달라지므로 결의일과 접수일을 먼저 확인하세요. 법인등기 과태료는 변경 사유별 결의 후 등기 신청 기한을 넘긴 경우 부과될 수 있습니다. 임원변경·본점이전·목적변경 등 유형에 따라
/대표자사망시법인등기,176,797,0.221,false,대표이사 사망 시 사임·퇴임 등기와 후임 대표이사 취임 등기가 필요할 수 있습니다. 상속 등기와 법인 임원 등기는 별개이므로 각각의 절차를 구분해 진행해야 합니다. 대표이사 사망 시 사임·퇴임 등기와 후임 대표이사 취임 등기가 필요할 수 있습니다. 상속 등기와 법인 임원 등기는 별개이므로 각각의 절차를 구분해 진행해야 합
/부산상호변경등기,228,859,0.265,false,"상호변경등기는 주주총회 결의·정관 개정 후 새 상호를 등기부에 반영하는 절차입니다. 등기 전 상호 가용성을 확인하고, 등기 완료 후 사업자등록·금융·계약 명칭을 맞춰야 대외 불일치를 줄일 수 있습니다. 상호변경등기는 주주총회 결의·정관 개정 후 새 상호를 등기부에 반영하는 절차입니다. 등기 전 상호 가용성을 확인하고, 등"
/부산지점설치등기,175,774,0.226,false,"지점설치등기는 본점을 유지한 채 추가 영업소를 등기하는 절차입니다. 본점이전과 구분하고, 결의·주소 증빙·사업자등록을 맞춰 접수해야 합니다. 지점설치등기는 본점을 유지한 채 추가 영업소를 등기하는 절차입니다. 본점이전과 구분하고, 결의·주소 증빙·사업자등록을 맞춰 접수해야 합니다. 본점과 별도로 영업소를 두려면 지점설치등"
/부산지점폐지등기,253,837,0.302,false,"지점폐지등기는 등기부상 지점을 말소하는 절차로, 지점설치와 반대입니다. 결의 후 등기하고 지점 사업자등록·금융·대외 주소를 함께 정리해야 합니다. 폐지 대상 지점 주소만 알려주셔도 설치 등기와 구분되는 절차를 안내합니다. 지점폐지등기는 등기부상 지점을 말소하는 절차로, 지점설치와 반대입니다. 결의 후 등기하고 지점 사업자"
/부산감자등기,174,786,0.221,false,"감자등기는 자본금 감소를 등기부에 반영하는 절차로, 유상증자와 반대입니다. 결의와 함께 채권자 보호 요건을 충족한 뒤 접수해야 합니다. 감자등기는 자본금 감소를 등기부에 반영하는 절차로, 유상증자와 반대입니다. 결의와 함께 채권자 보호 요건을 충족한 뒤 접수해야 합니다. 감자는 자본금을 감소시키는 등기입니다. 유상증자(/"
/부산무상증자등기,263,862,0.305,false,"무상증자등기는 추가 납입 없이 자본금·주식을 증가시켜 등기하는 절차입니다. 유상증자·감자와 구분하고, 준비금·배정·정관 요건을 확인한 뒤 접수합니다. 최근 재무제표와 정관만 있어도 무상·유상 중 어느 쪽인지 먼저 가릴 수 있습니다. 무상증자등기는 추가 납입 없이 자본금·주식을 증가시켜 등기하는 절차입니다. 유상증자·감자와"
/부산휴면법인계속등기,270,913,0.296,false,"휴면법인 계속등기는 법인을 유지·재가동하기 위한 등기 정비이며, 해산·청산으로 말소하는 절차와 구분됩니다. 임원·주소·과태료 상태를 함께 점검해야 합니다. 등기사항증명서만 가져오셔도 계속·해산 중 검토 방향을 나눌 수 있습니다. 휴면법인 계속등기는 법인을 유지·재가동하기 위한 등기 정비이며, 해산·청산으로 말소하는 절차와"
/부산공동대표변경등기,175,805,0.217,false,공동대표 변경등기는 공동대표의 추가·사임·단독 전환 등 대표권 구조를 등기부에 맞추는 절차입니다. 일부만 바뀌어도 등기가 필요할 수 있습니다. 공동대표 변경등기는 공동대표의 추가·사임·단독 전환 등 대표권 구조를 등기부에 맞추는 절차입니다. 일부만 바뀌어도 등기가 필요할 수 있습니다. 공동대표 중 한 명만 바뀌어도 등기가
/부산임원사임해임등기,190,821,0.231,false,"임원 사임·해임등기는 임기만료와 다른 종료 사유로, 사임서·해임 결의 후 등기해야 합니다. 후임 선임과 대표권 공백을 함께 설계하는 것이 안전합니다. 임원 사임·해임등기는 임기만료와 다른 종료 사유로, 사임서·해임 결의 후 등기해야 합니다. 후임 선임과 대표권 공백을 함께 설계하는 것이 안전합니다. 사임·해임은 임기만료 "
/부산개인사업자법인전환,203,866,0.234,true,개인사업자 법인전환은 법인설립등기에 더해 기존 사업의 자산·계약·세무 이전을 설계하는 과정입니다. 일반 설립(/부산법인설립등기)과 준비 범위가 다릅니다. 개인사업자 법인전환은 법인설립등기에 더해 기존 사업의 자산·계약·세무 이전을 설계하는 과정입니다. 일반 설립(/부산법인설립등기)과 준비 범위가 다릅니다. 개인사업을 법인
/부산법인해산전확인사항,256,842,0.304,false,"법인 해산 전에는 채무·세무·자산·임원·유지 가치를 점검해야 합니다. 준비가 되면 `/부산법인해산청산등기` 절차로, 유지가 맞으면 계속등기를 검토합니다. 폐업만 한 상태라면 등기부 잔존 여부부터 확인하는 것이 안전합니다. 법인 해산 전에는 채무·세무·자산·임원·유지 가치를 점검해야 합니다. 준비가 되면 `/부산법인해산청산"
/녹산산단법인본점지점,198,855,0.232,true,녹산산단 공장·사업장 이전 시 본점이전과 지점설치·폐지를 구분해 함께 설계해야 합니다. 실제 공장 주소와 등기부·사업자등록 주소를 맞추는 것이 핵심입니다. 녹산산단 공장·사업장 이전 시 본점이전과 지점설치·폐지를 구분해 함께 설계해야 합니다. 실제 공장 주소와 등기부·사업자등록 주소를 맞추는 것이 핵심입니다. 녹산국가산업
/부산법인정기점검,230,1068,0.215,false,정기점검은 임원 임기·본점 주소·사업목적·지점·자본금 표시를 등기부와 실제 운영에 맞춰 보는 작업입니다. 불일치가 확인되면 결의일·서류·등기 기한을 해당 변경등기 안내에서 이어서 확인하세요. 정기점검은 임원 임기·본점 주소·사업목적·지점·자본금 표시를 등기부와 실제 운영에 맞춰 보는 작업입니다. 불일치가 확인되면 결의일·
/법인정관업무,228,970,0.235,false,"법인 정관은 절대적 기재사항을 갖춘 회사의 근본규칙이며, 변경이 등기사항과 연결되면 결의·정관 개정·변경등기 순으로 진행합니다. 공증·인증이 필요한지는 설립·변경 유형별로 별도 확인합니다. 법인 정관은 절대적 기재사항을 갖춘 회사의 근본규칙이며, 변경이 등기사항과 연결되면 결의·정관 개정·변경등기 순으로 진행합니다. 공증"
/법인정관변경,228,939,0.243,false,"정관 변경이 필요한지는 바꾸는 항목이 정관에 어떻게 적혀 있는지에 달립니다. 등기사항이 함께 바뀌면 결의·정관 개정·변경등기 순서를 맞추고, 의사록 인증이 필요한지는 별도로 확인합니다. 정관 변경이 필요한지는 바꾸는 항목이 정관에 어떻게 적혀 있는지에 달립니다. 등기사항이 함께 바뀌면 결의·정관 개정·변경등기 순서를 맞추"
/법인공증준비,222,967,0.23,false,"법인 공증 준비의 핵심은 ‘우리 사건에서 정관·의사록 인증이 필요한지’와 ‘인증 후 어떤 등기를 신청할지’를 나누는 것입니다. 공증은 공증인, 법인등기는 등기 절차로 진행합니다. 법인 공증 준비의 핵심은 ‘우리 사건에서 정관·의사록 인증이 필요한지’와 ‘인증 후 어떤 등기를 신청할지’를 나누는 것입니다. 공증은 공증인, "
/법인정관인증확인,212,900,0.236,false,설립 전 정관 인증이 필요한지는 회사 형태·설립방식·자본금 등을 기준으로 확인합니다. 10억 원 미만 발기설립 예외가 있어도 실무·외국인투자 등에서는 별도 확인이 필요할 수 있습니다. 설립 전 정관 인증이 필요한지는 회사 형태·설립방식·자본금 등을 기준으로 확인합니다. 10억 원 미만 발기설립 예외가 있어도 실무·외국인투
/법인의사록공증준비,220,905,0.243,false,"등기사항이 바뀌는 결의에는 의사록이 필요한 경우가 많고, 인증 여부는 회사 규모·주주 구성·결의 방식·등기 실무에 따라 달라질 수 있습니다. 단정하지 말고 사건별로 확인하세요. 등기사항이 바뀌는 결의에는 의사록이 필요한 경우가 많고, 인증 여부는 회사 규모·주주 구성·결의 방식·등기 실무에 따라 달라질 수 있습니다. 단정"
/부산1인법인설립,230,910,0.253,false,1인 설립은 발기인·주주가 한 명인 구조에서 정관·임원·납입 증빙을 맞춘 뒤 본점 관할 등기소에 설립등기를 신청하는 절차입니다. 2인 이상 설립과 인증·결의 형식이 다를 수 있어 별도로 확인합니다. 1인 설립은 발기인·주주가 한 명인 구조에서 정관·임원·납입 증빙을 맞춘 뒤 본점 관할 등기소에 설립등기를 신청하는 절차입니
/부산유한회사설립등기,189,782,0.242,false,유한회사 설립은 출자 지분·사원·업무집행 기관을 정관에 맞춘 뒤 출자 이행과 설립등기를 진행합니다. 주식회사 신주 발행 절차와 같지 않습니다. 유한회사 설립은 출자 지분·사원·업무집행 기관을 정관에 맞춘 뒤 출자 이행과 설립등기를 진행합니다. 주식회사 신주 발행 절차와 같지 않습니다. 유한회사는 주식회사처럼 ‘주식 수’가
/부산제3자배정유상증자,167,802,0.208,false,"제3자배정 유상증자는 신주를 기존 주주가 아닌 자에게 배정하는 절차로, 정관 근거와 배정 결의·납입 후 자본금 증가 등기가 필요합니다. 제3자배정 유상증자는 신주를 기존 주주가 아닌 자에게 배정하는 절차로, 정관 근거와 배정 결의·납입 후 자본금 증가 등기가 필요합니다. 투자자가 회사 신주를 받는 제3자배정은, 기존 주주"
/부산주주배정유상증자,175,738,0.237,false,주주배정 유상증자는 기존 주주에게 신주를 배정·납입받은 뒤 자본금 증가 등기를 하는 절차입니다. 실권주 처리와 통지 기록을 결의에 남깁니다. 주주배정 유상증자는 기존 주주에게 신주를 배정·납입받은 뒤 자본금 증가 등기를 하는 절차입니다. 실권주 처리와 통지 기록을 결의에 남깁니다. 이미 있는 주주가 돈을 넣고 신주를 받는
/부산가수금출자전환,159,778,0.204,false,"가수금 출자전환은 회사에 이미 들어온 가수금을 신주 납입에 충당하는 증자입니다. 잔액 증빙과 배정 결의 후 자본금 증가 등기를 합니다. 가수금 출자전환은 회사에 이미 들어온 가수금을 신주 납입에 충당하는 증자입니다. 잔액 증빙과 배정 결의 후 자본금 증가 등기를 합니다. 대표가 운영비를 먼저 넣어 둔 가수금은, 새로 현금"
/부산현물출자증자,169,791,0.214,false,현물출자 증자는 금전 외 재산의 평가·이전과 신주 발행을 맞춘 뒤 자본금 증가 등기를 합니다. 현금 납입 유상증자와 첨부서류가 다릅니다. 현물출자 증자는 금전 외 재산의 평가·이전과 신주 발행을 맞춘 뒤 자본금 증가 등기를 합니다. 현금 납입 유상증자와 첨부서류가 다릅니다. 부동산이나 다른 재산을 회사에 넣고 신주를 받는
/부산건물등기,213,1360,0.157,false,"부산 건물등기는 사유(신축·멸실·표시변경·집합·공장 등)마다 신청 유형과 서류가 다릅니다. 건축물대장과 등기부를 먼저 대조한 뒤, 해당 중형 허브에서 세부 절차를 확인하세요. 부산 건물등기는 사유(신축·멸실·표시변경·집합·공장 등)마다 신청 유형과 서류가 다릅니다. 건축물대장과 등기부를 먼저 대조한 뒤, 해당 중형 허브에"
/부산건축물등기법무사,197,1268,0.155,false,"부산 건축물등기 법무사는 등기 신청·서류·접수를 지원합니다. 건축·철거·세무·소송은 별도 영역이므로, 건축물대장과 등기부를 기준으로 필요한 등기 종류부터 확인하세요. 부산 건축물등기 법무사는 등기 신청·서류·접수를 지원합니다. 건축·철거·세무·소송은 별도 영역이므로, 건축물대장과 등기부를 기준으로 필요한 등기 종류부터 확"
/부산건물멸실등기,207,1251,0.165,false,"건물멸실등기는 철거·소실 사실을 등기부에 반영하는 절차이며, 건축물대장 말소와는 별개입니다. 상황별 세부 안내를 확인한 뒤 대장·등기부를 대조해 상담하세요. 건물멸실등기는 철거·소실 사실을 등기부에 반영하는 절차이며, 건축물대장 말소와는 별개입니다. 상황별 세부 안내를 확인한 뒤 대장·등기부를 대조해 상담하세요. 건물이 "
/부산건물표시변경등기,224,1267,0.177,false,"건물표시변경등기는 소유권 이전 없이 건물 표시를 대장에 맞추는 절차입니다. 명의인 표시변경·멸실·보존과 구분한 뒤 건축물대장과 등기부를 대조하고, 변경 전후 항목을 목록으로 정리해 상담하세요. 건물표시변경등기는 소유권 이전 없이 건물 표시를 대장에 맞추는 절차입니다. 명의인 표시변경·멸실·보존과 구분한 뒤 건축물대장과 등"
/부산집합건물등기,204,1225,0.167,false,"집합건물등기는 전유·공용·대지권을 함께 검토해야 합니다. 일반건물 절차와 같다고 가정하지 말고, 집합 건축물대장과 전유부분 등기부를 기준으로 확인한 뒤 필요한 등기 유형을 고르세요. 집합건물등기는 전유·공용·대지권을 함께 검토해야 합니다. 일반건물 절차와 같다고 가정하지 말고, 집합 건축물대장과 전유부분 등기부를 기준으로"
/부산공장창고등기,239,1279,0.187,true,"공장·창고 등기는 용도·부속·동별 현황을 건축물대장과 등기부에 맞춰 보는 것이 핵심입니다. 보존·표시변경·멸실을 구분한 뒤 산업·물류 시설 특성을 반영해 상담하고, 공장 등록·인허가와 등기를 혼동하지 마세요. 공장·창고 등기는 용도·부속·동별 현황을 건축물대장과 등기부에 맞춰 보는 것이 핵심입니다. 보존·표시변경·멸실을 "
/건물등기상황별안내,241,1278,0.189,false,"건물등기는 유형뿐 아니라 상속·공유·장부 불일치·소유자 상이 같은 상황에 따라 순서가 달라집니다. 막힌 지점을 기준으로 세부 안내와 대장·등기부 확인을 진행하고, 소송이 필요한 사안은 등기 범위와 구분해 상담하세요. 건물등기는 유형뿐 아니라 상속·공유·장부 불일치·소유자 상이 같은 상황에 따라 순서가 달라집니다. 막힌 지"
/철거후건물멸실등기,199,1264,0.157,true,철거 후에는 건축물대장 정리와 멸실등기를 맞춰 등기부 건물 공시를 폐쇄해야 합니다. 공사만 끝내고 등기를 미루면 매매·금융·신축 일정에서 잔존 건물 리스크가 남습니다. 철거 후에는 건축물대장 정리와 멸실등기를 맞춰 등기부 건물 공시를 폐쇄해야 합니다. 공사만 끝내고 등기를 미루면 매매·금융·신축 일정에서 잔존 건물 리스크
/건축물대장말소와멸실등기차이,191,1157,0.165,false,"건축물대장 말소는 행정 기록 정리이고, 멸실등기는 등기부 건물 공시 폐쇄입니다. 둘은 대체 관계가 아니므로, 현재 어디에 잔존 기록이 있는지부터 확인해야 합니다. 건축물대장 말소는 행정 기록 정리이고, 멸실등기는 등기부 건물 공시 폐쇄입니다. 둘은 대체 관계가 아니므로, 현재 어디에 잔존 기록이 있는지부터 확인해야 합니다"
/멸실등기없이토지매도,201,1226,0.164,false,멸실등기 없이 토지만 이전하려 하면 잔존 건물 공시가 매매·대출을 막을 수 있습니다. 잔금 일정에 맞춰 멸실(및 필요 시 담보 말소)을 먼저 또는 동시에 설계하는 것이 안전합니다. 멸실등기 없이 토지만 이전하려 하면 잔존 건물 공시가 매매·대출을 막을 수 있습니다. 잔금 일정에 맞춰 멸실(및 필요 시 담보 말소)을 먼저 
/신축전기존건물철거등기순서,195,1198,0.163,false,신축 전에는 기존 건물 철거·대장 정리·멸실등기를 보존등기보다 앞에 두는 일정이 안전합니다. 일부 존치·담보 잔존이 있으면 등기 유형과 순서가 달라질 수 있습니다. 신축 전에는 기존 건물 철거·대장 정리·멸실등기를 보존등기보다 앞에 두는 일정이 안전합니다. 일부 존치·담보 잔존이 있으면 등기 유형과 순서가 달라질 수 있습
/건물일부철거표시변경,176,1137,0.155,false,일부 철거는 전면 멸실등기가 아니라 건물표시변경등기 이슈인 경우가 많습니다. 잔존 건물과 대장·등기 표제부 차이를 기준으로 유형을 가릅니다. 일부 철거는 전면 멸실등기가 아니라 건물표시변경등기 이슈인 경우가 많습니다. 잔존 건물과 대장·등기 표제부 차이를 기준으로 유형을 가릅니다. 건물 전부를 없앤 경우가 아니라 일부만 
/상속건물멸실등기,192,1180,0.163,false,상속 건물 멸실은 신청권자·공동상속인 협조와 상속등기 선후를 맞춘 뒤 진행하는 것이 안전합니다. 철거만 하고 명의·멸실을 미루면 매도·분할에서 다시 막힙니다. 상속 건물 멸실은 신청권자·공동상속인 협조와 상속등기 선후를 맞춘 뒤 진행하는 것이 안전합니다. 철거만 하고 명의·멸실을 미루면 매도·분할에서 다시 막힙니다. 피상
/등기부존재실제건물없음,207,1211,0.171,false,"실제 건물이 없는데 등기부만 남은 경우, 동일 부동산 여부부터 확정한 뒤 경위에 맞는 멸실등기로 공시를 맞춥니다. 거래·감정 전에 불일치를 해소하는 것이 안전합니다. 실제 건물이 없는데 등기부만 남은 경우, 동일 부동산 여부부터 확정한 뒤 경위에 맞는 멸실등기로 공시를 맞춥니다. 거래·감정 전에 불일치를 해소하는 것이 안"
/공유자연락두절멸실등기,212,1236,0.172,false,"공유자 연락 두절 시 멸실등기는 지분·신청 자격·협조 범위를 먼저 확인해야 합니다. 연락되는 공유자의 서류만으로 부족한 경우가 많아, 가능한 등기 조치와 법률 절차 경계를 나눕니다. 공유자 연락 두절 시 멸실등기는 지분·신청 자격·협조 범위를 먼저 확인해야 합니다. 연락되는 공유자의 서류만으로 부족한 경우가 많아, 가능한"
/건물토지소유자상이멸실,189,1221,0.155,false,건물·토지 소유자가 다르면 멸실등기 신청권자와 협조·권리 정리를 먼저 확인해야 합니다. 토지 명의만으로 건물 등기를 임의 말소할 수 있다고 단정하지 않습니다. 건물·토지 소유자가 다르면 멸실등기 신청권자와 협조·권리 정리를 먼저 확인해야 합니다. 토지 명의만으로 건물 등기를 임의 말소할 수 있다고 단정하지 않습니다. 건물
/토지소유자와건축주다른보존등기,199,1388,0.143,true,"토지 소유자와 건축주가 다르면 보존등기 전에 대지사용권·사용승낙·건축주 명의를 맞추고, 가능하면 토지·건물 관계를 한 번에 설명 가능한 서류 세트로 준비하세요. 토지 소유자와 건축주가 다르면 보존등기 전에 대지사용권·사용승낙·건축주 명의를 맞추고, 가능하면 토지·건물 관계를 한 번에 설명 가능한 서류 세트로 준비하세요. "
/건물용도변경등기,142,1041,0.136,true,"용도변경은 건축물대장 반영이 선행되고, 이후 등기부 건물 표시의 용도를 맞추는 표시변경으로 이어집니다. 용도변경은 건축물대장 반영이 선행되고, 이후 등기부 건물 표시의 용도를 맞추는 표시변경으로 이어집니다. 주택을 근린생활시설로, 또는 그 반대로 용도를 바꾼 뒤에는 건축물대장과 등기부 건물 표시의 용도란을 맞춰야 합니다."
/도로명주소등기부상이,140,1040,0.135,true,도로명·지번과 등기부 소재지 표시가 다르면 건물표시 정리인지 명의인 주소변경인지부터 나누세요. 도로명·지번과 등기부 소재지 표시가 다르면 건물표시 정리인지 명의인 주소변경인지부터 나누세요. 도로명주소 전환·건물번호 정리 후에도 등기부 소재지 표시가 옛 지번·옛 표기로 남아 있으면 금융·공문서에서 혼선이 납니다. 명의인 주
/불법증축후등기가능여부,170,1076,0.158,false,불법·미승인 증축은 등기로 합법화되지 않습니다. 대장·승인 정리 가능 범위를 확인한 뒤 표시변경·보존을 검토하세요. 불법·미승인 증축은 등기로 합법화되지 않습니다. 대장·승인 정리 가능 범위를 확인한 뒤 표시변경·보존을 검토하세요. 무허가·미승인 증축이 있어도 ‘등기만 하면 해결된다’는 기대로 문의하는 경우가 있습니다. 
/건물합병등기,149,971,0.153,false,건물합병등기는 대장·소유·담보 관계가 합쳐질 수 있는 상태에서 진행합니다. 권리 불일치는 선행 정리합니다. 건물합병등기는 대장·소유·담보 관계가 합쳐질 수 있는 상태에서 진행합니다. 권리 불일치는 선행 정리합니다. 별개의 건물로 등기된 것을 하나의 건물 표시로 합치는 절차가 건물합병등기입니다. 증축·연결·이용 통합 후에 
/일반건물집합건물전환등기,223,1083,0.206,false,"일반→집합 전환은 집합건축물대장·전유·공용·대지권 정리가 핵심이며, 단순 분할·표시변경과 구분됩니다. 전환 목적(호별 매각·담보)을 먼저 알려주시면 분할과의 선택 기준을 함께 정리합니다. 일반→집합 전환은 집합건축물대장·전유·공용·대지권 정리가 핵심이며, 단순 분할·표시변경과 구분됩니다. 전환 목적(호별 매각·담보)을 먼"
/미등기건물소유권보존등기,222,1111,0.2,false,미등기건물 보존은 건축물대장과 소유권원 소명이 핵심입니다. 일반 신축 직후 보존보다 서류 축이 무거울 수 있습니다. 보유 중인 계약·상속·납세 자료 목록만 알려주셔도 검토 방향을 잡을 수 있습니다. 미등기건물 보존은 건축물대장과 소유권원 소명이 핵심입니다. 일반 신축 직후 보존보다 서류 축이 무거울 수 있습니다. 보유 중
/강서구공장멸실등기,157,1044,0.15,true,"강서구 공장 멸실등기는 산업용 다동·담보·토지 매도 일정과 맞춰, 철거 범위만큼 등기부를 정리하는 것이 핵심입니다. 강서구 공장 멸실등기는 산업용 다동·담보·토지 매도 일정과 맞춰, 철거 범위만큼 등기부를 정리하는 것이 핵심입니다. 강서구는 부산의 대표적 산업·물류 권역으로, 공장·창고용 건축물의 신축·이전·철거와 맞물린"
/사상구공장창고등기,172,1025,0.168,false,"사상구 공장·창고는 보존·표시·합병·멸실·담보 중 현재 단계에 맞는 등기부터 고르세요. 공장·창고 허브와 함께 봅니다. 사상구 공장·창고는 보존·표시·합병·멸실·담보 중 현재 단계에 맞는 등기부터 고르세요. 공장·창고 허브와 함께 봅니다. 사상구는 물류·창고·준공업 시설이 밀집한 권역으로, 공장·창고의 보존·표시변경·합병"
/기장신축건물보존등기,223,1103,0.202,false,기장 신축 보존등기는 사용승인·대장 후 건축주 명의로 최초 등기부를 만드는 절차입니다. 부산 신축 보존 허브와 함께 보세요. 사용승인일과 대출·잔금 일정을 알려주시면 접수 순서를 맞춰 안내합니다. 기장 신축 보존등기는 사용승인·대장 후 건축주 명의로 최초 등기부를 만드는 절차입니다. 부산 신축 보존 허브와 함께 보세요. 
/해운대상가오피스텔건물등기,176,1056,0.167,false,해운대 상가·오피스텔은 집합 전유 표시를 기준으로 보존·이전·표시변경·담보를 고르세요. 명의인표시변경과 건물표시변경을 구분합니다. 해운대 상가·오피스텔은 집합 전유 표시를 기준으로 보존·이전·표시변경·담보를 고르세요. 명의인표시변경과 건물표시변경을 구분합니다. 해운대·센텀의 상가·오피스텔은 집합건물 전유·공용·대지권과 임
/특수비영리법인등기,239,1027,0.233,false,"특수·비영리법인 등기는 법인 유형별로 허가·인가 여부, 주무관청, 등기 기한, 첨부서류가 다릅니다. 먼저 단체 목적·회원·재산 구조에 맞는 법인 형태를 정한 뒤, 행정 절차와 등기 절차를 분리해 이해하는 것이 중요합니다. 특수·비영리법인 등기는 법인 유형별로 허가·인가 여부, 주무관청, 등기 기한, 첨부서류가 다릅니다. "
/부산비영리법인설립등기,243,976,0.249,false,"부산 비영리법인 설립은 주무관청 설립허가 후 민법 시행령상 기한 내 설립등기가 필요합니다. 법무사는 허가 이후 등기서류 작성·검토·접수 대리를 지원하며, 허가 신청 자체는 발기인·단체와 주무관청 간 행정 절차입니다. 부산 비영리법인 설립은 주무관청 설립허가 후 민법 시행령상 기한 내 설립등기가 필요합니다. 법무사는 허가 "
/부산특수법인등기,211,807,0.261,false,"부산 특수법인 등기는 법인 유형별 근거 법률과 주무관청·등기소 관할을 먼저 확인해야 합니다. 법무사는 등기와 관련 서류 작성·접수에 집중하며, 행정 허가·인가·세무는 별도 영역입니다. 부산 특수법인 등기는 법인 유형별 근거 법률과 주무관청·등기소 관할을 먼저 확인해야 합니다. 법무사는 등기와 관련 서류 작성·접수에 집중하"
/부산조합협동조합등기,252,858,0.294,true,"부산 협동조합 설립은 창립총회 후 2주 이내 등기가 원칙이며(협동조합기본법 제12조), 사회적협동조합은 행정안전부 장관 인가 후 1월 이내 등기합니다(사회적협동조합법 제15조). 법무사는 등기와 서류 작성·접수를 지원합니다. 부산 협동조합 설립은 창립총회 후 2주 이내 등기가 원칙이며(협동조합기본법 제12조), 사회적협동"
/부산비영리법인변경등기,212,800,0.265,false,"비영리법인 변경등기는 정관·민법·시행령에 따라 주무관청 승인·허가가 필요한 항목이 있으며, 승인 후 등기 기한 내 접수해야 합니다. 임원만 바뀌는 경우에도 취임·사임 등기가 필요합니다. 비영리법인 변경등기는 정관·민법·시행령에 따라 주무관청 승인·허가가 필요한 항목이 있으며, 승인 후 등기 기한 내 접수해야 합니다. 임원"
/특별법법인설립등기,224,807,0.278,false,"특별법 법인은 근거 법률상 인가·허가를 받은 뒤 법에서 정한 기한 내 설립등기가 필요합니다. 설립 전 시설·기본재산·임원 요건을 행정 절차에서 먼저 확인하고, 등기는 인가·허가서·정관을 기준으로 준비하세요. 특별법 법인은 근거 법률상 인가·허가를 받은 뒤 법에서 정한 기한 내 설립등기가 필요합니다. 설립 전 시설·기본재산"
/전문직법인등기,203,767,0.265,false,"전문직 법인 설립등기는 해당 전문직법상 인가·등록 후 관할 등기소에 접수합니다. 법무사는 등기와 관련 서류 작성·접수를 지원하며, 전문직 자격·개설 인가는 각 분야 규정에 따릅니다. 전문직 법인 설립등기는 해당 전문직법상 인가·등록 후 관할 등기소에 접수합니다. 법무사는 등기와 관련 서류 작성·접수를 지원하며, 전문직 자"
/농어업법인설립등기,220,722,0.305,false,농·어업 법인은 사업 구조에 따라 농업회사법인·영농조합법인·영어조합법인·어업회사법인 중 선택이 달라집니다. 인증·인가 후 등기 기한을 놓치지 않도록 행정 절차와 등기를 분리해 진행하세요. 농·어업 법인은 사업 구조에 따라 농업회사법인·영농조합법인·영어조합법인·어업회사법인 중 선택이 달라집니다. 인증·인가 후 등기 기한을 
/부산사단법인설립,192,793,0.242,false,부산 사단법인 설립은 주무관청 설립허가 후 3주 이내 설립등기가 필요합니다(민법 시행령 제4조). 창립총회에서 정관 확정·임원 선임 후 등기서류를 준비합니다. 부산 사단법인 설립은 주무관청 설립허가 후 3주 이내 설립등기가 필요합니다(민법 시행령 제4조). 창립총회에서 정관 확정·임원 선임 후 등기서류를 준비합니다. 사단
/부산재단법인설립,185,752,0.246,false,"재단법인 설립은 출연재산의 기본재산 귀속과 설립허가 후 3주 이내 설립등기가 필요합니다. 법무사는 등기 단계 서류를 지원하며, 출연 계약·세무는 별도 확인이 필요합니다. 재단법인 설립은 출연재산의 기본재산 귀속과 설립허가 후 3주 이내 설립등기가 필요합니다. 법무사는 등기 단계 서류를 지원하며, 출연 계약·세무는 별도 확"
/부산사회적협동조합설립,199,731,0.272,false,"부산 사회적협동조합은 설립 인가 후 1월 이내 설립등기가 필요합니다. 법무사는 인가 이후 등기와 서류 작성·접수를 지원하며, 인가 신청은 조합 설립 준비위원회의 행정 절차입니다. 부산 사회적협동조합은 설립 인가 후 1월 이내 설립등기가 필요합니다. 법무사는 인가 이후 등기와 서류 작성·접수를 지원하며, 인가 신청은 조합 "
/부산협동조합설립등기,167,680,0.246,true,부산 협동조합 설립등기는 창립총회일부터 2주 이내 관할 등기소에 접수해야 합니다. 법무사는 정관·의사록·등기신청서 작성·접수를 지원합니다. 부산 협동조합 설립등기는 창립총회일부터 2주 이내 관할 등기소에 접수해야 합니다. 법무사는 정관·의사록·등기신청서 작성·접수를 지원합니다. 일반협동조합은 협동조합기본법에 따라 창립총회
/부산농업회사법인설립,180,739,0.244,false,"농업회사법인 설립은 인증 후 1월 이내 설립등기가 필요합니다. 법무사는 인증 이후 등기 서류 작성·접수를 지원하며, 인증 신청·농지 관련 행정은 별도 절차입니다. 농업회사법인 설립은 인증 후 1월 이내 설립등기가 필요합니다. 법무사는 인증 이후 등기 서류 작성·접수를 지원하며, 인증 신청·농지 관련 행정은 별도 절차입니다"
/부산협회단체법인설립,212,731,0.29,false,"부산 협회·단체의 법인설립은 사단법인 설립허가 후 등기가 일반적입니다. 협동조합·주식회사와 구조가 다르므로 `/협회사단법인설립`, `/사단법인과재단법인차이`도 함께 참고하세요. 부산 협회·단체의 법인설립은 사단법인 설립허가 후 등기가 일반적입니다. 협동조합·주식회사와 구조가 다르므로 `/협회사단법인설립`, `/사단법인과재"
/협회사단법인설립,134,637,0.21,false,협회 사단법인 설립은 주무관청 허가 후 설립등기가 필요합니다. 법무사는 허가 이후 등기 단계를 지원합니다. 협회 사단법인 설립은 주무관청 허가 후 설립등기가 필요합니다. 법무사는 허가 이후 등기 단계를 지원합니다. 업종·종목·지역 협회는 회원 기반 비영리 목적에 맞아 사단법인 형태로 설립하는 경우가 많습니다. 정관·허가 
/장학재단설립,135,641,0.211,false,"장학재단 설립은 재단법인 설립허가 후 설립등기가 필요합니다. 법무사는 등기와 서류 작성·접수를 지원합니다. 장학재단 설립은 재단법인 설립허가 후 설립등기가 필요합니다. 법무사는 등기와 서류 작성·접수를 지원합니다. 장학재단은 보통 민법상 재단법인으로 설립하며, 출연재산을 기본재산으로 귀속시킵니다. 정관·출연 설립허가 설립"
/비영리법인임원변경등기,148,704,0.21,false,비영리법인 임원변경등기는 결의·승인 후 법정 기한 내 접수해야 합니다. 사임만 하고 취임을 미등기하면 대표권 공백이 생길 수 있습니다. 비영리법인 임원변경등기는 결의·승인 후 법정 기한 내 접수해야 합니다. 사임만 하고 취임을 미등기하면 대표권 공백이 생길 수 있습니다. 사단법인·재단법인도 이사장·이사·감사가 바뀌면 등기
/주무관청허가후설립등기,145,712,0.204,false,"주무관청 허가 후 설립등기는 허가서와 정관·의사록을 기준으로 준비하며, 법무사는 이 단계의 서류 작성·검토·접수를 지원합니다. 주무관청 허가 후 설립등기는 허가서와 정관·의사록을 기준으로 준비하며, 법무사는 이 단계의 서류 작성·검토·접수를 지원합니다. 민법상 비영리법인은 설립허가와 법인설립등기가 분리된 두 단계입니다. "
/사회복지법인설립등기,174,774,0.225,false,사회복지법인 설립은 관할 시·도지사 설립인가 후 1월 이내 설립등기가 필요합니다. 부산 소재 법인은 부산광역시장 인가·부산 관할 등기소 접수가 원칙입니다. 사회복지법인 설립은 관할 시·도지사 설립인가 후 1월 이내 설립등기가 필요합니다. 부산 소재 법인은 부산광역시장 인가·부산 관할 등기소 접수가 원칙입니다. 사회복지법인
/부산사회복지법인등기,155,626,0.248,false,부산 사회복지법인은 부산광역시장 인가 후 부산 관할 등기소에 설립·변경등기를 합니다. 법무사는 등기 단계를 지원합니다. 부산 사회복지법인은 부산광역시장 인가 후 부산 관할 등기소에 설립·변경등기를 합니다. 법무사는 등기 단계를 지원합니다. 부산에 주사무소·시설을 두는 사회복지법인은 부산광역시장의 설립인가·변경인가 후 관할
/사회복지법인임원변경등기,117,626,0.187,false,"사회복지법인 임원변경은 결의·변경인가(해당 시) 후 등기 기한 내 접수해야 합니다. 사회복지법인 임원변경은 결의·변경인가(해당 시) 후 등기 기한 내 접수해야 합니다. 사회복지법인 임원 변경도 취임·사임 등기가 필요하며, 일부는 시·도지사 변경인가가 선행됩니다. 결의·인가 등기 등기부 정관 의사록 인가서 취임·사임 서류 "
/사회복지법인해산청산등기,147,663,0.222,false,해산·청산은 결의·인가·해산등기·청산인 등기·청산종결등기 순으로 진행됩니다. 법무사는 등기 단계를 지원합니다. 해산·청산은 결의·인가·해산등기·청산인 등기·청산종결등기 순으로 진행됩니다. 법무사는 등기 단계를 지원합니다. 사회복지법인 해산은 총회 결의·시·도지사 보고·인가 후 해산등기·청산 절차가 이어집니다. 해산 결의 
/학교법인설립등기,155,648,0.239,false,"학교법인 설립은 관할 교육감 설립인가 후 설립등기가 필요합니다. 부산 소재 학교법인은 부산광역시교육감 관할이 원칙입니다. 학교법인 설립은 관할 교육감 설립인가 후 설립등기가 필요합니다. 부산 소재 학교법인은 부산광역시교육감 관할이 원칙입니다. 학교법인은 사립학교를 설립·경영하기 위한 법인으로, 학교법·민법에 따라 교육감 "
/부산학교법인등기,101,582,0.174,false,부산 학교법인은 부산광역시교육감 설립·변경인가 후 등기합니다. 부산 학교법인은 부산광역시교육감 설립·변경인가 후 등기합니다. 부산에 주사무소·학교를 두는 학교법인은 부산광역시교육감 인가 후 부산 관할 등기소에 등기합니다. 인가 등기 인가서 정관 임원 서류 이사회 부산광역시교육감 등기 지연 교육청 vs 등기소 역할 혼동 상
/학교법인임원변경등기,97,585,0.166,false,학교법인 임원변경은 승인·결의 후 등기 기한 내 접수해야 합니다. 학교법인 임원변경은 승인·결의 후 등기 기한 내 접수해야 합니다. 학교법인 임원 변경은 이사회·총회 결의와 교육감 승인·변경인가 후 등기가 필요할 수 있습니다. 결의·승인 등기 등기부 의사록 승인서 취임·사임 서류 이사회·총회 교육감 등기 지연 학교장=이사
/의료법인설립등기,180,704,0.256,false,의료법인 설립은 설립허가 후 1월 이내 설립등기가 필요합니다. 부산 소재 의료법인은 부산광역시장(또는 관할 규정) 허가·부산 등기소 접수가 일반적입니다. 의료법인 설립은 설립허가 후 1월 이내 설립등기가 필요합니다. 부산 소재 의료법인은 부산광역시장(또는 관할 규정) 허가·부산 등기소 접수가 일반적입니다. 의료법인은 의료
/부산의료법인등기,117,611,0.191,false,"부산 의료법인은 설립허가 후 등기하고, 변경 시 허가·승인과 등기 순서를 확인해야 합니다. 부산 의료법인은 설립허가 후 등기하고, 변경 시 허가·승인과 등기 순서를 확인해야 합니다. 부산에 의료기관·주사무소를 두는 의료법인은 관할 시장 허가 후 부산 등기소에 등기합니다. 허가 등기 변경 시 승인·등기 허가서 정관 임원 서"
/의료법인임원변경등기,121,614,0.197,false,"의료법인 임원변경은 결의·승인 후 등기해야 하며, 의료인 자격을 갖춘 임원 요건을 확인해야 합니다. 의료법인 임원변경은 결의·승인 후 등기해야 하며, 의료인 자격을 갖춘 임원 요건을 확인해야 합니다. 의료법인 임원·대표 변경은 의료인 자격 요건과 허가·승인 후 등기가 필요합니다. 결의·승인 등기 등기부 의사록 면허·자격 "
/의료법인주사무소이전등기,115,623,0.185,false,"주사무소 이전은 변경허가·결의 후 이전등기를 하며, 관할 등기소가 바뀔 수 있습니다. 주사무소 이전은 변경허가·결의 후 이전등기를 하며, 관할 등기소가 바뀔 수 있습니다. 의료법인 주사무소를 옮기면 변경허가·의료기관 신고와 함께 주사무소 이전등기가 필요합니다. 변경허가 이전등기 의료기관 신고 변경허가서 의사록 새 주소 증"
/공익법인설립등기,170,690,0.246,false,"공익법인 설립은 법률상 설립 인가·허가 후 설립등기가 필요합니다. 법무사는 등기 단계를 지원하며, 공익 목적·기본재산 요건은 행정 절차에서 확인합니다. 공익법인 설립은 법률상 설립 인가·허가 후 설립등기가 필요합니다. 법무사는 등기 단계를 지원하며, 공익 목적·기본재산 요건은 행정 절차에서 확인합니다. 공익법인은 공익법인"
/영농조합법인설립,127,589,0.216,false,"영농조합법인 설립은 농업협동조합법상 절차(전환·설립) 완료 후 관할 등기소에 설립등기합니다. 영농조합법인 설립은 농업협동조합법상 절차(전환·설립) 완료 후 관할 등기소에 설립등기합니다. 영농조합법인은 농업협동조합법에 따른 법인으로, 영농조합이 법인화하거나 신설 설립됩니다. 전환·설립 결의 인가 설립등기 인가·승인서 정관 "
/영어조합법인설립,142,615,0.231,false,"영어조합법인은 수산업협동조합법상 절차 후 설립등기합니다. 어업권·어장 관련 사항은 별도 법령 확인이 필요합니다. 영어조합법인은 수산업협동조합법상 절차 후 설립등기합니다. 어업권·어장 관련 사항은 별도 법령 확인이 필요합니다. 영어조합법인은 수산업협동조합법에 따른 법인으로, 영어조합이 법인화하거나 설립됩니다. 결의·인가 설"
/어업회사법인설립,143,620,0.231,false,어업회사법인 설립은 해당 법률상 인증·인가 후 설립등기가 필요합니다. 어업권·입어 관련은 별도 확인이 필요합니다. 어업회사법인 설립은 해당 법률상 인증·인가 후 설립등기가 필요합니다. 어업권·입어 관련은 별도 확인이 필요합니다. 어업회사법인은 수산업 관련 법률에 따라 어업·수산 가공·유통 사업을 법인화하는 형태입니다. 인
/법무사법인설립등기,147,659,0.223,false,법무사법인 설립은 법무사법상 법인 설립 요건·인가 후 설립등기가 필요합니다. 구성원 변경 시에도 등기가 필요할 수 있습니다. 법무사법인 설립은 법무사법상 법인 설립 요건·인가 후 설립등기가 필요합니다. 구성원 변경 시에도 등기가 필요할 수 있습니다. 법무사법인은 법무사법에 따라 둘 이상의 법무사가 법인으로 사무소를 운영하
/세무법인설립등기,109,590,0.185,false,"세무법인 설립등기는 세무사법상 법인 설립 요건·등록 후 등기가 필요합니다. 세무법인 설립등기는 세무사법상 법인 설립 요건·등록 후 등기가 필요합니다. 세무법인은 세무사법에 따른 세무사법인으로, 구성원 세무사의 자격·출자 요건을 충족해야 합니다. 등록·인가 설립등기 등록·인가 서류 정관 구성원 서류 구성원 총회 등기 지연 "
/노무법인설립등기,102,573,0.178,false,"노무법인 설립은 공인노무사법상 요건·인가 후 설립등기가 필요합니다. 노무법인 설립은 공인노무사법상 요건·인가 후 설립등기가 필요합니다. 노무법인은 공인노무사법에 따른 공인노무사법인으로, 구성원 자격·출자 요건이 있습니다. 인가 설립등기 인가서 정관 구성원 서류 구성원 총회 등기 지연 노무 업무=법인 설립 상담 시 확인하는"
/회계법인설립등기,147,727,0.202,true,"회계법인 설립등기는 공인회계사법상 설립 인가·등록 후 관할 등기소에 접수합니다. 법무사는 등기 단계만 지원합니다. 회계법인 설립등기는 공인회계사법상 설립 인가·등록 후 관할 등기소에 접수합니다. 법무사는 등기 단계만 지원합니다. 회계법인은 공인회계사법에 따른 공인회계사법인으로, 설립 인가·등록과 법인설립등기가 분리됩니다."
/특허법인설립등기,129,641,0.201,false,"특허법인 설립등기는 변리사법상 설립 인가·등록 후 등기소에 접수합니다. 법무사는 등기만 지원합니다. 특허법인 설립등기는 변리사법상 설립 인가·등록 후 등기소에 접수합니다. 법무사는 등기만 지원합니다. 특허법인은 변리사법에 따른 변리사법인으로, 법인 설립 인가·등록 후 설립등기를 합니다. 변리사법상 인가·등록 설립등기 변경"
/관세법인설립등기,101,587,0.172,false,"관세법인 설립등기는 관세사법상 등록·인가 후 관할 등기소에 접수합니다. 관세법인 설립등기는 관세사법상 등록·인가 후 관할 등기소에 접수합니다. 관세법인은 관세사법에 따른 관세사법인으로, 설립 등록·인가 후 설립등기를 합니다. 관세사법상 등록 설립등기 등록·인가 서류 정관 구성원 서류 구성원 총회 관세청·한국관세사회 등기 "
/감정평가법인설립등기,139,638,0.218,false,"감정평가법인 설립등기는 설립 인가·등록 후 관할 등기소에 접수합니다. 법무사는 등기 단계만 지원합니다. 감정평가법인 설립등기는 설립 인가·등록 후 관할 등기소에 접수합니다. 법무사는 등기 단계만 지원합니다. 감정평가법인은 감정평가 및 감정평가사에 관한 법률에 따른 법인으로, 설립 인가·등록 후 설립등기를 합니다. 설립 인"
/기타전문직법인설립등기,245,939,0.261,false,"회계·특허·관세·감정평가·건축사 등 전문직 법인도 설립 인가·등록 후 설립등기가 필요한 경우가 있습니다. 법무사는 등기와 직접 관련된 서류·접수만 지원하며, 각 전문직법상 인가·등록 절차는 해당 기관·협회 안내를 따릅니다. 회계·특허·관세·감정평가·건축사 등 전문직 법인도 설립 인가·등록 후 설립등기가 필요한 경우가 있습"
/문화예술단체사단법인설립,135,617,0.219,false,"문화예술단체 사단법인은 민법상 비영리 사단법인으로, 주무관청 허가 후 3주 이내 설립등기가 필요합니다. 문화예술단체 사단법인은 민법상 비영리 사단법인으로, 주무관청 허가 후 3주 이내 설립등기가 필요합니다. 공연·음악·미술·문학·영상 등 문화예술 분야 단체는 사단법인으로 법인화하는 경우가 많습니다. 허가 창립총회 등기 허"
/체육단체사단법인설립,142,622,0.228,false,체육단체 사단법인은 주무관청 허가 후 설립등기합니다. 대한체육회·종목단체 체계와의 관계는 별도 확인이 필요합니다. 체육단체 사단법인은 주무관청 허가 후 설립등기합니다. 대한체육회·종목단체 체계와의 관계는 별도 확인이 필요합니다. 종목별 협회·생활체육단체·스포츠클럽 연합 등은 사단법인 형태로 설립할 수 있습니다. 허가 등기
/환경단체사단법인설립,97,568,0.171,false,환경단체 사단법인은 민법상 비영리 사단법인 설립 절차를 따릅니다. 환경단체 사단법인은 민법상 비영리 사단법인 설립 절차를 따릅니다. 환경보호·생태계 보전·기후·재활용 등 목적의 단체는 사단법인으로 설립할 수 있습니다. 허가 등기 허가서 정관 창립총회 등기 지연 비영리민간단체와 혼동 상담 시 확인하는 내용 환경단체 사단법인
/복지단체사단법인설립,156,659,0.237,false,"복지 목적이지만 사회복지사업법상 사업이 아니면 사단법인을, 시설·사회복지사업이면 사회복지법인을 검토합니다. 복지 목적이지만 사회복지사업법상 사업이 아니면 사단법인을, 시설·사회복지사업이면 사회복지법인을 검토합니다. 일반 복지·자선·지역봉사 단체는 사단법인이 해당될 수 있고, 사회복지사업 시설 운영은 사회복지법인이 해당될 "
/사단법인주사무소이전등기,246,946,0.26,false,"사단법인 주사무소 이전은 주무관청 변경허가와 결의 서류를 갖춘 뒤 관할 등기소에 이전등기를 접수하는 절차입니다. 등기 전에는 등기부 주소와 실제 사무소가 다를 수 있으니, 이전 일정에 맞춰 허가·결의·등기 순서를 먼저 확인하는 것이 안전합니다. 사단법인 주사무소 이전은 주무관청 변경허가와 결의 서류를 갖춘 뒤 관할 등기소"
/사단법인목적변경등기,235,825,0.285,false,"사단법인 목적변경은 정관 개정과 주무관청 변경허가를 마친 뒤 목적변경등기로 등기부를 맞추는 절차입니다. 대외 사업명·사업계획과 등기부 목적이 다르면 리스크가 커지므로, 변경 범위와 허가 일정을 먼저 정리하는 것이 좋습니다. 사단법인 목적변경은 정관 개정과 주무관청 변경허가를 마친 뒤 목적변경등기로 등기부를 맞추는 절차입니"
/비영리법인해산청산등기,257,843,0.305,false,"비영리법인 해산·청산은 해산 결의·주무관청 절차 후 해산등기 → 청산인 등기·청산 → 청산종결등기 순으로 진행하는 경우가 많습니다. 법인 유형과 잔여재산·채무 상태에 따라 준비서류가 달라지므로, 단정하지 않고 현황부터 확인하는 것이 안전합니다. 비영리법인 해산·청산은 해산 결의·주무관청 절차 후 해산등기 → 청산인 등기·"
/재단법인기본재산변경등기,240,798,0.301,false,"재단법인 기본재산 변경은 주무관청 변경허가와 결의 후 기본재산 변경등기로 등기부를 맞추는 절차입니다. 보통재산과 혼동하거나 허가 없이 처분·등기를 진행하면 리스크가 커지므로, 변경 사유와 재산 목록부터 확인하는 것이 좋습니다. 재단법인 기본재산 변경은 주무관청 변경허가와 결의 후 기본재산 변경등기로 등기부를 맞추는 절차입"
/협동조합임원변경등기,179,723,0.248,false,"협동조합 임원변경은 정관상 결의 후 취임·사임 서류를 첨부해 등기하는 절차입니다. 조합원 교체와 임원 등기를 혼동하지 말고, 결의일 기준 등기 기한을 먼저 확인하는 것이 안전합니다. 협동조합 임원변경은 정관상 결의 후 취임·사임 서류를 첨부해 등기하는 절차입니다. 조합원 교체와 임원 등기를 혼동하지 말고, 결의일 기준 등"
/협동조합해산청산등기,188,684,0.275,false,협동조합 해산·청산은 총회 결의 후 해산등기 → 청산 → 청산종결등기 흐름으로 진행하는 경우가 많습니다. 출자·채무·사회적협동조합 여부를 먼저 확인한 뒤 순서를 잡는 것이 안전합니다. 협동조합 해산·청산은 총회 결의 후 해산등기 → 청산 → 청산종결등기 흐름으로 진행하는 경우가 많습니다. 출자·채무·사회적협동조합 여부를 
/종교단체사단법인설립,219,779,0.281,false,"종교단체 사단법인은 주무관청 설립허가 후 설립등기하는 민법상 비영리법인입니다. 종교단체 등록만으로 법인격이 생기지 않을 수 있으므로, 등기부·종교단체 등록 여부를 구분해 확인하세요. 종교단체 사단법인은 주무관청 설립허가 후 설립등기하는 민법상 비영리법인입니다. 종교단체 등록만으로 법인격이 생기지 않을 수 있으므로, 등기부"
/교회사단법인설립,158,623,0.254,false,"교회 사단법인 설립은 주무관청 허가 후 설립등기합니다. 교회 building·토지 등기는 별도 부동산등기 절차입니다. 교회 사단법인 설립은 주무관청 허가 후 설립등기합니다. 교회 building·토지 등기는 별도 부동산등기 절차입니다. 교회 관련 organization의 법인화는 종교단체 등록, 사단법인 설립, 교회 재산"
/종교재단설립,173,706,0.245,false,"종교재단은 보통 민법상 재단법인으로, 주무관청 허가 후 3주 이내 설립등기가 필요합니다. 기부금·세제는 별도 세무 확인이 필요합니다. 종교재단은 보통 민법상 재단법인으로, 주무관청 허가 후 3주 이내 설립등기가 필요합니다. 기부금·세제는 별도 세무 확인이 필요합니다. 종교 관련 기념·장학·복지·교육 사업을 재산 중심으로 "
/국제교류단체사단법인설립,141,660,0.214,false,국제교류단체 사단법인은 주무관청 허가 후 3주 이내 설립등기합니다. 법무사는 허가 이후 등기를 지원합니다. 국제교류단체 사단법인은 주무관청 허가 후 3주 이내 설립등기합니다. 법무사는 허가 이후 등기를 지원합니다. 국제교류·문화교류·유학생·해외동포·자매도시 관련 단체는 사단법인으로 법인화하는 경우가 많습니다. 목적·주무관
/해운대비영리법인설립,132,641,0.206,false,해운대 소재 비영리법인은 사단·재단 중 형태를 정한 뒤 주무관청 허가 후 3주 이내 설립등기합니다. 해운대 소재 비영리법인은 사단·재단 중 형태를 정한 뒤 주무관청 허가 후 3주 이내 설립등기합니다. 해운대구·센텀시티에 주사무소를 두는 협회·학회·문화·복지 단체는 부산 비영리법인 설립 절차를 따릅니다. 유형 선택 허가 부
/수영구비영리법인설립,160,630,0.254,false,"수영구 비영리법인은 허가 후 3주 이내 설립등기합니다. `/체육단체사단법인설립`, `/문화예술단체사단법인설립`도 참고하세요. 수영구 비영리법인은 허가 후 3주 이내 설립등기합니다. `/체육단체사단법인설립`, `/문화예술단체사단법인설립`도 참고하세요. 수영구에 주사무소를 두는 체육·문화·지역단체는 목적별 주무관청 허가 후 "
/부산진구비영리법인설립,139,621,0.224,false,부산진구 비영리법인은 허가 후 설립등기합니다. 협회형은 `/협회사단법인설립`을 함께 참고하세요. 부산진구 비영리법인은 허가 후 설립등기합니다. 협회형은 `/협회사단법인설립`을 함께 참고하세요. 서면·전포 등 부산진구에 사무실을 두는 업종 협회·학회·복지 단체는 사단법인 설립을 검토하는 경우가 많습니다. 허가 등기 허가서 
/부산문화예술단체법인설립,163,638,0.255,false,"부산 문화예술단체는 사단법인 허가 후 설립등기합니다. `/문화예술단체사단법인설립`과 절차가 같되, 부산 관할을 구체적으로 안내합니다. 부산 문화예술단체는 사단법인 허가 후 설립등기합니다. `/문화예술단체사단법인설립`과 절차가 같되, 부산 관할을 구체적으로 안내합니다. 부산의 공연·음악·미술·영상·문학 단체는 사단법인으로 "
/부산체육단체법인설립,135,593,0.228,false,부산 체육단체 사단법인은 허가 후 설립등기합니다. 대한체육회·종목단체 산하 관계는 별도 확인이 필요합니다. 부산 체육단체 사단법인은 허가 후 설립등기합니다. 대한체육회·종목단체 산하 관계는 별도 확인이 필요합니다. 부산 종목별 협회·생활체육·해양·구기 종목 단체는 사단법인 설립을 검토할 수 있습니다. 허가 등기 허가서 정
/경남사단법인설립,124,611,0.203,false,경남 사단법인은 해당 시·군·도 주무관청 허가 후 3주 이내 관할 등기소에 설립등기합니다. 경남 사단법인은 해당 시·군·도 주무관청 허가 후 3주 이내 관할 등기소에 설립등기합니다. 경상남도에 주사무소를 두는 사단법인은 목적에 따라 경남도·시·군·교육청이 주무관청이 될 수 있습니다. 관할 주무관청 확인 허가 창원 등기국 
/경남재단법인설립,94,559,0.168,false,경남 재단법인은 허가 후 3주 이내 관할 등기소에 설립등기합니다. 경남 재단법인은 허가 후 3주 이내 관할 등기소에 설립등기합니다. 경남에 기본재산·주사무소를 두는 재단법인은 목적별 주무관청 허가 후 설립등기합니다. 허가 등기 허가서 기본재산 목록 정관 설립위원회 주무관청 재산 미귀속 부산·경난 관할 상담 시 확인하는 내
/창원비영리법인설립,111,592,0.188,false,창원 비영리법인은 사단·재단 중 목적에 맞는 형태를 선택한 뒤 허가·등기합니다. 창원 비영리법인은 사단·재단 중 목적에 맞는 형태를 선택한 뒤 허가·등기합니다. 창원시는 경남 행정 중심으로 협회·학회·복지·산업 단체의 비영리법인 설립 수요가 있습니다. 유형 선택 허가 등기 허가서 정관 창립총회 창원시·경남도 등 관할 혼동
/사회적기업과법인설립차이,136,621,0.219,false,"법인 설립등기와 사회적기업 인증은 순서·주체·서류가 모두 다릅니다. 법무사는 등기 단계를 지원합니다. 법인 설립등기와 사회적기업 인증은 순서·주체·서류가 모두 다릅니다. 법무사는 등기 단계를 지원합니다. 사회적기업은 인증·지정 제도이고, 법인 설립은 상법·협동조합법·민법 등에 따른 별도 절차입니다. 법인 선택·설립 인증("
/재단법인과공익법인차이,138,609,0.227,false,"공익 목적이라도 반드시 공익법인일 필요는 없으며, 재단법인·공익법인 중 법령과 목적에 맞는 형태를 선택하세요. 공익 목적이라도 반드시 공익법인일 필요는 없으며, 재단법인·공익법인 중 법령과 목적에 맞는 형태를 선택하세요. 재단법인은 민법상 비영리법인이고, 공익법인은 공익법인 등에 관한 법률상 별도 제도입니다. 유형 선택 "
/재건축조합임원변경등기,145,639,0.227,false,재건축조합 임원변경은 정관·법령에 따른 결의 후 등기해야 합니다. 등기사항증명서와 의사록을 기준으로 확인하세요. 재건축조합 임원변경은 정관·법령에 따른 결의 후 등기해야 합니다. 등기사항증명서와 의사록을 기준으로 확인하세요. 재건축·재개발 조합의 임원 변경은 도시 및 주거환경정비법상 절차와 조합 정관·등기가 연동됩니다. 
/사단법인과재단법인차이,193,788,0.245,false,"사단법인은 회원·총회 중심, 재단법인은 출연재산·기본재산·이사회 중심입니다. 단체 목적·구성원·재산 구조에 맞는 형태를 선택한 뒤 허가·등기 절차를 진행하세요. 사단법인은 회원·총회 중심, 재단법인은 출연재산·기본재산·이사회 중심입니다. 단체 목적·구성원·재산 구조에 맞는 형태를 선택한 뒤 허가·등기 절차를 진행하세요. "
/비영리민간단체와사단법인차이,172,766,0.225,false,"비영리민간단체는 법인격이 없는 등록 단체이고, 사단법인은 법인격 있는 비영리법인입니다. 법인화가 필요하면 사단법인 설립등기를 검토하세요. 비영리민간단체는 법인격이 없는 등록 단체이고, 사단법인은 법인격 있는 비영리법인입니다. 법인화가 필요하면 사단법인 설립등기를 검토하세요. 비영리민간단체는 주무관청에 설립등록을 하지만 법"
/농업회사법인과영농조합법인차이,116,598,0.194,false,"조합 기반·조합원 중심이면 영농조합법인, 출자자·회사형 구조면 농업회사법인을 검토합니다. 조합 기반·조합원 중심이면 영농조합법인, 출자자·회사형 구조면 농업회사법인을 검토합니다. 둘 다 농업 사업 법인이지만 근거 법률·조합원 구조·인증 절차가 다릅니다. 유형 선택 인증·인가 등기 유형별 인증·정관 발기인·조합원총회 유형 "
/사회적협동조합과사단법인차이,122,603,0.202,false,"공동 사업·조합원 배당 구조면 사회적협동조합, 협회·단체·회원 모임이면 사단법인을 검토합니다. 공동 사업·조합원 배당 구조면 사회적협동조합, 협회·단체·회원 모임이면 사단법인을 검토합니다. 사회적협동조합은 조합원 공동 사업, 사단법인은 회원 단체 운영에 가깝습니다. 유형 선택 인가·허가 등기 유형별 정관 조합원·회원 총회"
/협동조합과주식회사차이,119,586,0.203,false,"공동 사업·민주적 운영이면 협동조합, 투자·지분 거래·스케일업이면 주식회사를 검토합니다. 공동 사업·민주적 운영이면 협동조합, 투자·지분 거래·스케일업이면 주식회사를 검토합니다. 협동조합은 조합원 1인 1표, 주식회사는 주식 비율에 따른 의결권이 원칙입니다. 유형 선택 설립 정관 조합원총회 vs 주주총회 형태 오선택 협동"
/사회적기업과사회적협동조합차이,122,623,0.196,false,"법인 형태를 먼저 정하고, 사회적기업 인증 필요 여부는 별도로 검토하세요. 인증은 등기와 별개입니다. 법인 형태를 먼저 정하고, 사회적기업 인증 필요 여부는 별도로 검토하세요. 인증은 등기와 별개입니다. 사회적기업은 인증·지정 제도이고, 사회적협동조합은 별도 법인 유형입니다. 법인 선택 설립·인가 인증(선택) 법인 설립 "
/사단법인과협동조합차이,106,566,0.187,false,"회원 모임·협회 목적이면 사단법인, 조합원 공동 사업이면 협동조합을 검토합니다. 회원 모임·협회 목적이면 사단법인, 조합원 공동 사업이면 협동조합을 검토합니다. 사단법인은 회원 단체, 협동조합은 조합원이 공동으로 사업을 하는 법인입니다. 유형 선택 설립 정관 총회·창립총회 유형 오선택 협회=협동조합 상담 시 확인하는 내용"
/partners,186,1001,0.186,false,"한 건의 부산 현지업무부터 반복 협업, 신축건물 보존등기, 여러 동·호실의 프로젝트, 기업·기관 등기업무까지 대상과 일정에 맞춰 검토합니다. 한 건의 부산 현지업무부터 반복 협업, 신축건물 보존등기, 여러 동·호실의 프로젝트, 기업·기관 등기업무까지 대상과 일정에 맞춰 검토합니다. 한 건의 부산 현지업무부터 반복 협업, "
/부산법무사복대리,177,974,0.182,false,"부산 복대리·부산 등기 복대리·등기소 접수·보정·원거리 현지 업무가 필요할 때, 관할과 일정을 먼저 확인한 뒤 가능 범위를 안내합니다. 부산 복대리·부산 등기 복대리·등기소 접수·보정·원거리 현지 업무가 필요할 때, 관할과 일정을 먼저 확인한 뒤 가능 범위를 안내합니다. 부산 복대리·부산 등기 복대리·등기소 접수·보정·원"
/부산부동산협력법무사,153,944,0.162,false,"잔금일과 서류 준비 일정을 확인하고, 매도인·매수인 준비서류와 근저당 설정·말소 동시 진행 여부를 함께 정리합니다. 잔금일과 서류 준비 일정을 확인하고, 매도인·매수인 준비서류와 근저당 설정·말소 동시 진행 여부를 함께 정리합니다. 잔금일과 서류 준비 일정을 확인하고, 매도인·매수인 준비서류와 근저당 설정·말소 동시 진행"
/협업문의,141,883,0.16,false,"개인 의뢰는 상담 안내로, 전문직·기업·기관의 협업·복대리·프로젝트 문의는 이 페이지에서 작성합니다. 개인 의뢰는 상담 안내로, 전문직·기업·기관의 협업·복대리·프로젝트 문의는 이 페이지에서 작성합니다. 개인 의뢰는 상담 안내로, 전문직·기업·기관의 협업·복대리·프로젝트 문의는 이 페이지에서 작성합니다. 내용 확인: 업무"
/부산부동산등기복대리,186,1003,0.185,false,"부산 소재 부동산의 이전·설정·말소 등기가 필요할 때, 관할 등기소와 신청서 상태를 확인한 뒤 접수·보정·현지 지원의 가능 범위를 안내합니다. 부산 소재 부동산의 이전·설정·말소 등기가 필요할 때, 관할 등기소와 신청서 상태를 확인한 뒤 접수·보정·현지 지원의 가능 범위를 안내합니다. 부산 소재 부동산의 이전·설정·말소 "
/부산법인등기복대리,183,923,0.198,false,"부산에 본점·지점이 있는 법인의 변경등기가 필요할 때, 관할·의사록·첨부서류 상태를 확인한 뒤 접수와 보정 대응의 가능 범위를 안내합니다. 부산에 본점·지점이 있는 법인의 변경등기가 필요할 때, 관할·의사록·첨부서류 상태를 확인한 뒤 접수와 보정 대응의 가능 범위를 안내합니다. 부산에 본점·지점이 있는 법인의 변경등기가 "
/부산등기접수협업,168,879,0.191,false,"신청서는 준비됐는데 부산 현지 접수만 필요한 경우, 관할·접수 방식·납부·접수증 공유 방법을 확인한 뒤 가능 범위를 안내합니다. 신청서는 준비됐는데 부산 현지 접수만 필요한 경우, 관할·접수 방식·납부·접수증 공유 방법을 확인한 뒤 가능 범위를 안내합니다. 신청서는 준비됐는데 부산 현지 접수만 필요한 경우, 관할·접수 방"
/부산등기보정업무,162,835,0.194,false,"보정 안내가 나왔거나 나올 가능성이 있을 때, 기한·보완 서류·연락 창구를 정리한 뒤 현지에서 도울 수 있는 범위를 안내합니다. 보정 안내가 나왔거나 나올 가능성이 있을 때, 기한·보완 서류·연락 창구를 정리한 뒤 현지에서 도울 수 있는 범위를 안내합니다. 보정 안내가 나왔거나 나올 가능성이 있을 때, 기한·보완 서류·연"
/부산등기소현지업무,171,844,0.203,false,"창구 확인, 원본 제출, 진행 상태 확인처럼 부산 등기소에서의 현지 작업이 필요할 때, 목적과 일정을 확인한 뒤 가능 범위를 안내합니다. 창구 확인, 원본 제출, 진행 상태 확인처럼 부산 등기소에서의 현지 작업이 필요할 때, 목적과 일정을 확인한 뒤 가능 범위를 안내합니다. 창구 확인, 원본 제출, 진행 상태 확인처럼 부"
/부산원거리등기협업,156,845,0.185,false,"타지역에서 부산 사건을 진행할 때, 원본 이동·파일 규칙·담당자 창구·현지 일정을 먼저 맞춘 뒤 가능 범위를 안내합니다. 타지역에서 부산 사건을 진행할 때, 원본 이동·파일 규칙·담당자 창구·현지 일정을 먼저 맞춘 뒤 가능 범위를 안내합니다. 타지역에서 부산 사건을 진행할 때, 원본 이동·파일 규칙·담당자 창구·현지 일정"
/부산잔금등기협업,165,870,0.19,false,"잔금일·대출 실행·말소가 같은 날 맞물릴 때, 매도·매수 준비서류와 담보 일정을 정리한 뒤 등기 협업의 가능 범위를 안내합니다. 잔금일·대출 실행·말소가 같은 날 맞물릴 때, 매도·매수 준비서류와 담보 일정을 정리한 뒤 등기 협업의 가능 범위를 안내합니다. 잔금일·대출 실행·말소가 같은 날 맞물릴 때, 매도·매수 준비서류"
/부산건축사등기협업,183,909,0.201,false,"사용승인과 건축물대장 정리가 끝난 뒤 보존등기가 필요할 때, 건축사·건축주·법무사의 자료·역할 경계를 확인한 뒤 가능 범위를 안내합니다. 사용승인과 건축물대장 정리가 끝난 뒤 보존등기가 필요할 때, 건축사·건축주·법무사의 자료·역할 경계를 확인한 뒤 가능 범위를 안내합니다. 사용승인과 건축물대장 정리가 끝난 뒤 보존등기가"
/부산시행사등기,168,847,0.198,false,"신축 보존, 수분양자 이전, 사업비·중도금 담보가 한 일정에 얽힐 때, 건수·권리구조·일정을 확인한 뒤 가능 범위를 안내합니다. 신축 보존, 수분양자 이전, 사업비·중도금 담보가 한 일정에 얽힐 때, 건수·권리구조·일정을 확인한 뒤 가능 범위를 안내합니다. 신축 보존, 수분양자 이전, 사업비·중도금 담보가 한 일정에 얽힐"
/부산건설사등기,183,868,0.211,false,"시공·도급 계약과 건축주·시행 관계가 얽힌 현장에서, 보존·법인·부동산등기 중 어디에 해당하는지부터 확인한 뒤 가능 범위를 안내합니다. 시공·도급 계약과 건축주·시행 관계가 얽힌 현장에서, 보존·법인·부동산등기 중 어디에 해당하는지부터 확인한 뒤 가능 범위를 안내합니다. 시공·도급 계약과 건축주·시행 관계가 얽힌 현장에서"
/부산분양등기,156,818,0.191,true,"보존등기 이후 수분양자 명의이전과 잔금·담보가 이어질 때, 호실 목록·일정·서류를 정리한 뒤 가능 범위를 안내합니다. 보존등기 이후 수분양자 명의이전과 잔금·담보가 이어질 때, 호실 목록·일정·서류를 정리한 뒤 가능 범위를 안내합니다. 보존등기 이후 수분양자 명의이전과 잔금·담보가 이어질 때, 호실 목록·일정·서류를 정리"
/부산법인등기아웃소싱,198,901,0.22,false,"임원변경·본점이전·목적변경처럼 해마다 반복되는 법인등기를 내부에서만 소화하기 어려울 때, 연락 창구와 자료 형식을 맞춘 뒤 가능 범위를 안내합니다. 임원변경·본점이전·목적변경처럼 해마다 반복되는 법인등기를 내부에서만 소화하기 어려울 때, 연락 창구와 자료 형식을 맞춘 뒤 가능 범위를 안내합니다. 임원변경·본점이전·목적변경"
/부산진구상속등기,219,1074,0.204,false,부산진구(부전·전포·양정·개금 일대) 상속등기는 서면권·주거·상가가 섞인 명의이전이 많습니다. 구 단위로 검색했어도 등기 관할은 동·지번 주소로 확정합니다. 부산진구(부전·전포·양정·개금 일대) 상속등기는 서면권·주거·상가가 섞인 명의이전이 많습니다. 구 단위로 검색했어도 등기 관할은 동·지번 주소로 확정합니다. 부산진구
/부산진구부동산등기,370,2118,0.175,false,부동산등기를 부산진구 기준으로 볼 때는 동일 절차라도 등기소·법원 창구가 사건별로 갈릴 수 있습니다. 서면·부전·전포·양정 일대 상가·오피스·주택 등기 수요가 집중되는 핵심 상권입니다. 매매·증여·상속 등 원인별 부동산 등기 전반을 다룹니다. 관할 등기소 확인이 우선입니다. 상담 시 서류·일정·비용 범위를 항목별로 안내합
/서면부동산등기,243,1206,0.201,false,"서면(부전동·전포동 일대) 부동산등기는 역세권 상가·오피스텔·주택 매매·전세가 섞입니다. ‘서면’ 검색은 생활권 키워드이고, 등기 관할은 소재지 행정동·지번으로 확인합니다. 서면(부전동·전포동 일대) 부동산등기는 역세권 상가·오피스텔·주택 매매·전세가 섞입니다. ‘서면’ 검색은 생활권 키워드이고, 등기 관할은 소재지 행정"
/부동산등기비용,171,928,0.184,false,부동산등기 비용은 원인(매매·증여·상속·말소·설정)마다 세금 구조가 다릅니다. 한 가격표로 모든 등기를 설명하지 않습니다. 부동산등기 비용은 원인(매매·증여·상속·말소·설정)마다 세금 구조가 다릅니다. 한 가격표로 모든 등기를 설명하지 않습니다. 부동산등기 비용은 원인(매매·증여·상속·말소·설정)마다 세금 구조가 다릅니다
/개인회생비용,198,1126,0.176,false,개인회생 비용·수임료·수수료는 대부분 같은 질문입니다. 법원에 내는 인지·송달료와 신청 서류·변제계획 준비 보수를 구분해 보는 것이 출발점입니다. 개인회생 비용·수임료·수수료는 대부분 같은 질문입니다. 법원에 내는 인지·송달료와 신청 서류·변제계획 준비 보수를 구분해 보는 것이 출발점입니다. 개인회생 비용·수임료·수수료는
/부산진구법인등기,422,2175,0.194,false,부산진구에서 법인등기를 진행하려면 관할 확인 후 서류 체크리스트부터 잡는 편이 안전합니다. 서면·부전·전포·양정 일대 상가·오피스·주택 등기 수요가 집중되는 핵심 상권입니다. 주식회사·유한회사 등 법인의 설립 이후 변경·이전 등기를 처리합니다. 센텀·서면 일대 법인 설립·임원변경·본점이전을 안내합니다. 상담 시 서류·일정
/부산진구소유권이전등기,374,2135,0.175,false,소유권이전등기를 부산진구 기준으로 볼 때는 동일 절차라도 등기소·법원 창구가 사건별로 갈릴 수 있습니다. 서면·부전·전포·양정 일대 상가·오피스·주택 등기 수요가 집중되는 핵심 상권입니다. 부동산 매매·증여 등으로 소유권을 이전하는 등기입니다. 취득세 신고와 일정을 맞춥니다. 상담 시 서류·일정·비용 범위를 항목별로 안내
/서면법인등기,252,1183,0.213,false,"서면권 법인등기는 상권·오피스 밀집 지역의 설립·임원변경·본점이전·목적변경 문의가 많습니다. 본점 주소가 부전·전포인 경우와, 직원의 출퇴근 생활권만 서면인 경우를 구분해 안내합니다. 서면권 법인등기는 상권·오피스 밀집 지역의 설립·임원변경·본점이전·목적변경 문의가 많습니다. 본점 주소가 부전·전포인 경우와, 직원의 출퇴"
/상속등기보수표,144,928,0.155,false,상속등기 보수표 검색은 상속등기 비용과 같은 의도인 경우가 많습니다. 대표 안내는 상속등기 비용 페이지입니다. 상속등기 보수표 검색은 상속등기 비용과 같은 의도인 경우가 많습니다. 대표 안내는 상속등기 비용 페이지입니다. 상속등기 보수표 검색은 상속등기 비용과 같은 의도인 경우가 많습니다. 대표 안내는 상속등기 비용 페이
/상속등기기한,345,2096,0.165,false,"기한만 보고 단정하기보다, 상속등기의 사실관계·기한·관할을 먼저 나눠 보는 것이 실무적입니다. 피상속인 사망 후 부동산·토지 등기명의를 상속인 명의로 이전하는 절차입니다. 부산 전역 아파트·상가·토지 상속 사건을 다룹니다. 는 부산 전역 사건을 다루며 기한 관련 범위를 항목별로 정리합니다. 기한만 보고 단정하기보다, 상속"
/법인등기비용,204,958,0.213,false,"법인등기 비용은 설립과 변경(임원·본점·목적·증자·해산)을 한 표에 섞지 않습니다. 설립은 자본금·등록세 구조가, 변경은 결의 항목 수가 중심입니다. 법인등기 비용은 설립과 변경(임원·본점·목적·증자·해산)을 한 표에 섞지 않습니다. 설립은 자본금·등록세 구조가, 변경은 결의 항목 수가 중심입니다. 법인등기 비용은 설립과"
/부동산등기필요서류,452,2317,0.195,false,"부동산등기 ‘필요서류’ 안내는 접수에 반드시 붙는 핵심 서류(신분·인감·원인서류·관할 확인용 주소) 중심으로 정리합니다. 없어도 상담은 가능하지만, 접수 단계로 가려면 목록의 ★ 표시 항목부터 채우는 편이 빠릅니다. 이 페이지는 ‘무엇을 준비해야 접수가 되는지’에 초점을 둡니다. 일정·비용은 별도 안내를 참고하세요. 매매"
/소유권이전등기비용,174,1036,0.168,false,소유권이전 비용은 매매가격·부동산 종류·매수인 수·지분·근저당 동시 처리에 따라 달라집니다. 취득세는 법무사 보수가 아닙니다. 소유권이전 비용은 매매가격·부동산 종류·매수인 수·지분·근저당 동시 처리에 따라 달라집니다. 취득세는 법무사 보수가 아닙니다. 소유권이전 비용은 매매가격·부동산 종류·매수인 수·지분·근저당 동시 
/개인회생필요서류,323,2131,0.152,false,"필요서류만 보고 단정하기보다, 개인회생의 사실관계·기한·관할을 먼저 나눠 보는 것이 실무적입니다. 부산회생법원 관할 개인회생 신청·변제계획 수립을 지원합니다. 소득·재산 구조에 맞는 절차를 안내합니다. 는 부산 전역 사건을 다루며 필요서류 관련 범위를 항목별로 정리합니다. 필요서류만 보고 단정하기보다, 개인회생의 사실관계"
/부산지방법원등기국상속등기,395,2047,0.193,false,부산지방법원등기국와(과) 관련된 상속등기 사건은 관할과 제출 서류를 먼저 맞추는 것이 중요합니다. 부산 연제구 법원로에 위치한 중앙 등기 접수 기관입니다. 관할에 따라 지원·지역 등기소로 분산됩니다. 피상속인 사망 후 부동산·토지 등기명의를 상속인 명의로 이전하는 절차입니다. 부산 전역 아파트·상가·토지 상속 사건을 다룹
/부산회생법원개인회생,343,1944,0.176,false,부산회생법원와(과) 관련된 개인회생 사건은 관할과 제출 서류를 먼저 맞추는 것이 중요합니다. 부산·경남 일대 개인회생·개인파산·법인회생 사건을 관할하는 전문 법원입니다. 부산회생법원 관할 개인회생 신청·변제계획 수립을 지원합니다. 소득·재산 구조에 맞는 절차를 안내합니다. 부산회생법원와(과) 관련된 개인회생 사건은 관할과
/부산여성법무사,425,2281,0.186,false,부산 여성 법무사 관련 문의는 검색 키워드만으로 절차가 결정되지 않는 경우가 많습니다. 피상속인 사망 후 부동산·토지 등기명의를 상속인 명의로 이전하는 절차입니다. 부산 전역 아파트·상가·토지 상속 사건을 다룹니다. 부산광역시 전역 상속등기·부동산등기·법인등기·개인회생·파산 등 법무사 업무를 다루는 핵심 지역입니다. 는 
/중구상속등기,216,1113,0.194,false,중구 상속등기는 원도심 주택·상가 명의이전과 공동상속·협의가 함께 있는 경우가 많습니다. 등기 전에 단순승인·한정승인·포기 여부를 먼저 가리는 것이 안전합니다. 중구 상속등기는 원도심 주택·상가 명의이전과 공동상속·협의가 함께 있는 경우가 많습니다. 등기 전에 단순승인·한정승인·포기 여부를 먼저 가리는 것이 안전합니다. 
/서구상속등기,415,2033,0.204,false,상속등기를 서구 기준으로 볼 때는 동일 절차라도 등기소·법원 창구가 사건별로 갈릴 수 있습니다. 아미동·동대신동·부민동 일대 주택·상가 상속·매매 등기 문의가 이어지는 구입니다. 피상속인 사망 후 부동산·토지 등기명의를 상속인 명의로 이전하는 절차입니다. 부산 전역 아파트·상가·토지 상속 사건을 다룹니다. 상담 시 서류·
/동구상속등기,403,1976,0.204,false,동구에서 상속등기를 진행하려면 관할 확인 후 서류 체크리스트부터 잡는 편이 안전합니다. 초량·범일동·수정동 일대 오래된 주택·상가의 상속·등기 사건이 있는 구입니다. 피상속인 사망 후 부동산·토지 등기명의를 상속인 명의로 이전하는 절차입니다. 부산 전역 아파트·상가·토지 상속 사건을 다룹니다. 상담 시 서류·일정·비용 범
/영도구상속등기,418,2126,0.197,false,영도구 상속등기 문의는 소재지·채무·협의 상태에 따라 준비 순서가 달라집니다. 영도·남항 일대 선박·어선·해운 관련 등기와 주택·상가 부동산등기·상속 수요가 있는 구입니다. 피상속인 사망 후 부동산·토지 등기명의를 상속인 명의로 이전하는 절차입니다. 부산 전역 아파트·상가·토지 상속 사건을 다룹니다. 상담 시 서류·일정·
/부산진구상속포기,389,2073,0.188,false,상속포기를 부산진구 기준으로 볼 때는 동일 절차라도 등기소·법원 창구가 사건별로 갈릴 수 있습니다. 서면·부전·전포·양정 일대 상가·오피스·주택 등기 수요가 집중되는 핵심 상권입니다. 상속 재산보다 채무가 많을 때 상속을 포기하는 가사 신고 절차입니다. 부산가정법원 관할 사건을 안내합니다. 상담 시 서류·일정·비용 범위를
/부산진구한정승인,383,2009,0.191,false,부산진구에서 한정승인을 진행하려면 관할 확인 후 서류 체크리스트부터 잡는 편이 안전합니다. 서면·부전·전포·양정 일대 상가·오피스·주택 등기 수요가 집중되는 핵심 상권입니다. 상속 재산 범위 내에서만 채무를 변제하고 상속을 승인하는 절차입니다. 채무 조사 후 상속등기와 연계됩니다. 상담 시 서류·일정·비용 범위를 항목별로
/남구상속등기,406,2014,0.202,false,남구에서 상속등기를 진행하려면 관할 확인 후 서류 체크리스트부터 잡는 편이 안전합니다. 대연·용호·문현 일대 아파트·상가 상속·매매 등기와 법인 사무소 수요가 있습니다. 피상속인 사망 후 부동산·토지 등기명의를 상속인 명의로 이전하는 절차입니다. 부산 전역 아파트·상가·토지 상속 사건을 다룹니다. 상담 시 서류·일정·비용
/사하구상속등기,403,2046,0.197,false,사하구 상속등기 문의는 소재지·채무·협의 상태에 따라 준비 순서가 달라집니다. 하단·괴정·당리 일대 주택·상가 상속·전세·매매 부동산등기 문의가 있는 구입니다. 피상속인 사망 후 부동산·토지 등기명의를 상속인 명의로 이전하는 절차입니다. 부산 전역 아파트·상가·토지 상속 사건을 다룹니다. 상담 시 서류·일정·비용 범위를 
/강서구상속등기,198,1100,0.18,false,"강서구 상속등기는 명지 신도시 아파트, 대저·가락 농지·창고, 녹산 산업 재산이 섞일 수 있습니다. 부동산 유형을 먼저 나눠야 서류와 관할이 정리됩니다. 강서구 상속등기는 명지 신도시 아파트, 대저·가락 농지·창고, 녹산 산업 재산이 섞일 수 있습니다. 부동산 유형을 먼저 나눠야 서류와 관할이 정리됩니다. 강서구 상속등기"
/센텀시티역상속등기,228,1174,0.194,false,"센텀시티역 생활권 상속등기는 해운대구 재송·우동·센텀 일대 아파트·오피스 명의이전이 많습니다. 역 이름 검색은 생활권 안내이고, 관할은 부동산 소재지 주소로 확인합니다. 센텀시티역 생활권 상속등기는 해운대구 재송·우동·센텀 일대 아파트·오피스 명의이전이 많습니다. 역 이름 검색은 생활권 안내이고, 관할은 부동산 소재지 주"
/서면역부동산등기,329,1962,0.168,false,서면역에서 부동산등기를 진행하려면 관할 확인 후 서류 체크리스트부터 잡는 편이 안전합니다. 1·2호선 서면역 환승역 인근 상가·오피스 등기를 안내합니다. 매매·증여·상속 등 원인별 부동산 등기 전반을 다룹니다. 관할 등기소 확인이 우선입니다. 상담 시 서류·일정·비용 범위를 항목별로 안내합니다. 서면역에서 부동산등기를 진
/상속등기준비서류,353,2053,0.172,false,"준비서류만 보고 단정하기보다, 상속등기의 사실관계·기한·관할을 먼저 나눠 보는 것이 실무적입니다. 피상속인 사망 후 부동산·토지 등기명의를 상속인 명의로 이전하는 절차입니다. 부산 전역 아파트·상가·토지 상속 사건을 다룹니다. 는 부산 전역 사건을 다루며 준비서류 관련 범위를 항목별로 정리합니다. 준비서류만 보고 단정하기"
/법인등기필요서류,168,1081,0.155,false,법인등기 ‘필요서류’는 접수에 반드시 붙는 핵심 서류 목록에 초점을 둡니다. 상담 전 참고용 자료(준비서류)와 역할을 나눕니다. 법인등기 ‘필요서류’는 접수에 반드시 붙는 핵심 서류 목록에 초점을 둡니다. 상담 전 참고용 자료(준비서류)와 역할을 나눕니다. 법인등기 ‘필요서류’는 접수에 반드시 붙는 핵심 서류 목록에 초점
/부동산등기보수표,195,924,0.211,false,"부동산등기 보수표는 협회 기본보수 참고이며, 취득세·채권과 같은 금액이 아닙니다. 원인별 비용은 부동산등기 비용·소유권이전 비용 안내를 보세요. 부동산등기 보수표는 협회 기본보수 참고이며, 취득세·채권과 같은 금액이 아닙니다. 원인별 비용은 부동산등기 비용·소유권이전 비용 안내를 보세요. 부동산등기 보수표는 협회 기본보수"
/부동산등기기한,355,2184,0.163,false,부동산등기 기한 안내는 법정·실무상 놓치기 쉬운 날짜(결의일·상속 개시·잔금일)를 중심으로 정리합니다. 기한이 임박하면 서류 완비보다 우선순위 절차부터 안내합니다. 매매·증여·상속 등 원인별 부동산 등기 전반을 다룹니다. 관할 등기소 확인이 우선입니다. 는 부산 전역 사건을 다루며 기한 관련 범위를 항목별로 정리합니다. 
/소유권이전등기필요서류,198,1056,0.188,false,소유권이전등기 ‘필요서류’는 매매·증여 등 원인에 따라 접수에 필요한 핵심 서류만 추립니다. 일반 부동산등기 안내·준비서류 안내와 역할을 나눕니다. 소유권이전등기 ‘필요서류’는 매매·증여 등 원인에 따라 접수에 필요한 핵심 서류만 추립니다. 일반 부동산등기 안내·준비서류 안내와 역할을 나눕니다. 소유권이전등기 ‘필요서류’
/개인회생보수표,156,904,0.173,false,개인회생 보수표 검색은 개인회생 비용과 같은 의도인 경우가 많습니다. 대표 구조는 개인회생 비용 페이지에서 안내합니다. 개인회생 보수표 검색은 개인회생 비용과 같은 의도인 경우가 많습니다. 대표 구조는 개인회생 비용 페이지에서 안내합니다. 개인회생 보수표 검색은 개인회생 비용과 같은 의도인 경우가 많습니다. 대표 구조는 
/개인회생기한,315,2093,0.151,false,"기한만 보고 단정하기보다, 개인회생의 사실관계·기한·관할을 먼저 나눠 보는 것이 실무적입니다. 부산회생법원 관할 개인회생 신청·변제계획 수립을 지원합니다. 소득·재산 구조에 맞는 절차를 안내합니다. 는 부산 전역 사건을 다루며 기한 관련 범위를 항목별로 정리합니다. 기한만 보고 단정하기보다, 개인회생의 사실관계·기한·관할"
/부산지방법원상속등기,391,2118,0.185,false,부산지방법원와(과) 관련된 상속등기 사건은 관할과 제출 서류를 먼저 맞추는 것이 중요합니다. 부산·울산·경남 일부 민사·형사 1심 관할 법원입니다. 지급명령·가압류 등 민사 절차와 연계됩니다. 피상속인 사망 후 부동산·토지 등기명의를 상속인 명의로 이전하는 절차입니다. 부산 전역 아파트·상가·토지 상속 사건을 다룹니다. 
/부산지방법원등기국부동산등기,343,2141,0.16,false,부산지방법원등기국와(과) 관련된 부동산등기 사건은 관할과 제출 서류를 먼저 맞추는 것이 중요합니다. 부산 연제구 법원로에 위치한 중앙 등기 접수 기관입니다. 관할에 따라 지원·지역 등기소로 분산됩니다. 매매·증여·상속 등 원인별 부동산 등기 전반을 다룹니다. 관할 등기소 확인이 우선입니다. 부산지방법원등기국와(과) 관련된
/중구부동산등기,357,2090,0.171,false,부동산등기를 중구 기준으로 볼 때는 동일 절차라도 등기소·법원 창구가 사건별로 갈릴 수 있습니다. 부산 원도심·국제시장·보수동 일대 상가·주택 상속·등기 수요가 있는 구입니다. 매매·증여·상속 등 원인별 부동산 등기 전반을 다룹니다. 관할 등기소 확인이 우선입니다. 상담 시 서류·일정·비용 범위를 항목별로 안내합니다. 부
/동구부동산등기,228,1156,0.197,false,동구(초량·수정·좌천·범일 일대) 부동산등기는 원도심·역세권·재개발 이슈가 겹칠 수 있습니다. 매매·상속·증여 원인과 재개발·수용 관련 여부를 초기에 확인합니다. 동구(초량·수정·좌천·범일 일대) 부동산등기는 원도심·역세권·재개발 이슈가 겹칠 수 있습니다. 매매·상속·증여 원인과 재개발·수용 관련 여부를 초기에 확인합니다
/부산진구법인설립등기,343,2045,0.168,false,부산진구 법인설립등기 문의는 소재지·채무·협의 상태에 따라 준비 순서가 달라집니다. 서면·부전·전포·양정 일대 상가·오피스·주택 등기 수요가 집중되는 핵심 상권입니다. 정관 작성·자본금 납입·설립 등기까지 창업 초기 법인 설립 절차를 지원합니다. 상담 시 서류·일정·비용 범위를 항목별로 안내합니다. 부산진구 법인설립등기 
/남구부동산등기,240,1324,0.181,true,남구(대연·용호·감만·우암 일대) 부동산등기는 대학·항만·주거가 섞인 매매·전세·증여가 많습니다. 생활권 검색과 실제 등기 관할(소재지)을 구분해 보는 것이 첫 단계입니다. 남구(대연·용호·감만·우암 일대) 부동산등기는 대학·항만·주거가 섞인 매매·전세·증여가 많습니다. 생활권 검색과 실제 등기 관할(소재지)을 구분해 보
/북구법인등기,237,1091,0.217,true,북구(구포·덕천·화명·금곡 일대) 법인등기는 주거·근린상권 본점과 소규모 법인 설립·임원변경이 많습니다. 화명·덕천 상가 법인과 구포 일대 본점을 주소로 구분해 안내합니다. 북구(구포·덕천·화명·금곡 일대) 법인등기는 주거·근린상권 본점과 소규모 법인 설립·임원변경이 많습니다. 화명·덕천 상가 법인과 구포 일대 본점을 주
/강서구부동산등기,246,1268,0.194,false,강서구(명지·대저·가락·녹산 일대) 부동산등기는 신도시·산업·농지·물류 성격이 섞여 있습니다. 택지·공장·창고·아파트마다 준비 포인트가 달라 원인과 지목을 먼저 확인합니다. 강서구(명지·대저·가락·녹산 일대) 부동산등기는 신도시·산업·농지·물류 성격이 섞여 있습니다. 택지·공장·창고·아파트마다 준비 포인트가 달라 원인과 
/수영구한정승인,376,1987,0.189,false,수영구 한정승인 문의는 소재지·채무·협의 상태에 따라 준비 순서가 달라집니다. 광안리·민락·망미 일대에서 전월세·매매·상속이 겹치는 부동산 등기 상담을 안내합니다. 상속 재산 범위 내에서만 채무를 변제하고 상속을 승인하는 절차입니다. 채무 조사 후 상속등기와 연계됩니다. 상담 시 서류·일정·비용 범위를 항목별로 안내합니다
/연산동상속등기,390,2052,0.19,false,상속등기를 연산동 기준으로 볼 때는 동일 절차라도 등기소·법원 창구가 사건별로 갈릴 수 있습니다. 연산동 대단지·상가 상속·법인 사무실 등기를 안내하는 동입니다. 피상속인 사망 후 부동산·토지 등기명의를 상속인 명의로 이전하는 절차입니다. 부산 전역 아파트·상가·토지 상속 사건을 다룹니다. 상담 시 서류·일정·비용 범위를
/서면역법인등기,387,2129,0.182,false,서면역에서 법인등기를 진행하려면 관할 확인 후 서류 체크리스트부터 잡는 편이 안전합니다. 1·2호선 서면역 환승역 인근 상가·오피스 등기를 안내합니다. 주식회사·유한회사 등 법인의 설립 이후 변경·이전 등기를 처리합니다. 센텀·서면 일대 법인 설립·임원변경·본점이전을 안내합니다. 상담 시 서류·일정·비용 범위를 항목별로 
/상속포기필요서류,320,2007,0.159,false,"필요서류만 보고 단정하기보다, 상속포기의 사실관계·기한·관할을 먼저 나눠 보는 것이 실무적입니다. 상속 재산보다 채무가 많을 때 상속을 포기하는 가사 신고 절차입니다. 부산가정법원 관할 사건을 안내합니다. 는 부산 전역 사건을 다루며 필요서류 관련 범위를 항목별로 정리합니다. 필요서류만 보고 단정하기보다, 상속포기의 사실"
/법인등기보수표,138,908,0.152,false,법인등기 보수표 검색은 법인등기 비용과 같은 의도인 경우가 많습니다. 설립과 변경을 한 표에 섞지 않습니다. 법인등기 보수표 검색은 법인등기 비용과 같은 의도인 경우가 많습니다. 설립과 변경을 한 표에 섞지 않습니다. 법인등기 보수표 검색은 법인등기 비용과 같은 의도인 경우가 많습니다. 설립과 변경을 한 표에 섞지 않습니
/법인등기기한,413,2169,0.19,false,법인등기 기한 안내는 법정·실무상 놓치기 쉬운 날짜(결의일·상속 개시·잔금일)를 중심으로 정리합니다. 기한이 임박하면 서류 완비보다 우선순위 절차부터 안내합니다. 주식회사·유한회사 등 법인의 설립 이후 변경·이전 등기를 처리합니다. 센텀·서면 일대 법인 설립·임원변경·본점이전을 안내합니다. 는 부산 전역 사건을 다루며 기
/부동산등기준비서류,454,2242,0.202,false,"부동산등기 ‘준비서류’ 안내는 상담 전에 모아 두면 좋은 참고 자료(등기부·계약서 사본·가족관계·잔고 등) 중심입니다. 필수 접수 서류와 달리, 준비서류는 사건 파악용으로 먼저 모아 두면 체크리스트가 짧아집니다. 이 페이지는 ‘상담 전 미리 챙기면 좋은 것’에 초점을 둡니다. 접수 필수 목록은 필요서류 안내와 역할을 나눕"
/소유권이전등기보수표,141,926,0.152,false,소유권이전 보수표 검색은 소유권이전 비용과 같은 의도인 경우가 많습니다. 취득세는 표에 들어 있지 않습니다. 소유권이전 보수표 검색은 소유권이전 비용과 같은 의도인 경우가 많습니다. 취득세는 표에 들어 있지 않습니다. 소유권이전 보수표 검색은 소유권이전 비용과 같은 의도인 경우가 많습니다. 취득세는 표에 들어 있지 않습니
/소유권이전등기기한,359,2179,0.165,false,소유권이전등기 기한 안내는 법정·실무상 놓치기 쉬운 날짜(결의일·상속 개시·잔금일)를 중심으로 정리합니다. 기한이 임박하면 서류 완비보다 우선순위 절차부터 안내합니다. 부동산 매매·증여 등으로 소유권을 이전하는 등기입니다. 취득세 신고와 일정을 맞춥니다. 는 부산 전역 사건을 다루며 기한 관련 범위를 항목별로 정리합니다.
/개인파산비용,210,1064,0.197,false,개인파산 비용은 회생과 한 가격으로 묶지 않습니다. 변제 여력이 거의 없는 면책 절차는 재산 조사·면제재산·최근 처분 확인 범위가 달라 실비와 보수 구성이 바뀝니다. 개인파산 비용은 회생과 한 가격으로 묶지 않습니다. 변제 여력이 거의 없는 면책 절차는 재산 조사·면제재산·최근 처분 확인 범위가 달라 실비와 보수 구성이 
/부산지방법원등기국법인등기,401,2126,0.189,false,부산지방법원등기국와(과) 관련된 법인등기 사건은 관할과 제출 서류를 먼저 맞추는 것이 중요합니다. 부산 연제구 법원로에 위치한 중앙 등기 접수 기관입니다. 관할에 따라 지원·지역 등기소로 분산됩니다. 주식회사·유한회사 등 법인의 설립 이후 변경·이전 등기를 처리합니다. 센텀·서면 일대 법인 설립·임원변경·본점이전을 안내합
/부산진등기소부동산등기,317,2082,0.152,false,부산진등기소와(과) 관련된 부동산등기 사건은 관할과 제출 서류를 먼저 맞추는 것이 중요합니다. 부산진구·서면 일대 상가·오피스·주택 등기가 집중 접수되는 등기소입니다. 매매·증여·상속 등 원인별 부동산 등기 전반을 다룹니다. 관할 등기소 확인이 우선입니다. 부산진등기소와(과) 관련된 부동산등기 사건은 관할과 제출 서류를 
/해운대여성법무사,403,2251,0.179,false,해운대 여성 법무사 관련 문의는 검색 키워드만으로 절차가 결정되지 않는 경우가 많습니다. 피상속인 사망 후 부동산·토지 등기명의를 상속인 명의로 이전하는 절차입니다. 부산 전역 아파트·상가·토지 상속 사건을 다룹니다. 센텀·재송·반여·우동·좌동 일대 고가 부동산·법인 사옥 등기 수요가 가장 많은 구입니다. 는 상황을 듣고
/센텀여성법무사,383,2236,0.171,false,센텀 여성 법무사 관련 문의는 검색 키워드만으로 절차가 결정되지 않는 경우가 많습니다. 주식회사·유한회사 등 법인의 설립 이후 변경·이전 등기를 처리합니다. 센텀·서면 일대 법인 설립·임원변경·본점이전을 안내합니다. 센텀시티·벡스코·마린시티 인근 법인·부동산 등기 핵심 생활권입니다. 는 상황을 듣고 다음 단계부터 정리합니
/중구법인등기,207,1077,0.192,false,중구(중앙·남포·광복·영주 일대) 법인등기는 원도심 본점·상점가·관광 상권 법인이 많습니다. 본점 이전·상호·목적 변경과 임원 교체가 자주 겹칩니다. 중구(중앙·남포·광복·영주 일대) 법인등기는 원도심 본점·상점가·관광 상권 법인이 많습니다. 본점 이전·상호·목적 변경과 임원 교체가 자주 겹칩니다. 중구(중앙·남포·광복·
/서구소유권이전등기,361,2067,0.175,false,서구에서 소유권이전등기를 진행하려면 관할 확인 후 서류 체크리스트부터 잡는 편이 안전합니다. 아미동·동대신동·부민동 일대 주택·상가 상속·매매 등기 문의가 이어지는 구입니다. 부동산 매매·증여 등으로 소유권을 이전하는 등기입니다. 취득세 신고와 일정을 맞춥니다. 상담 시 서류·일정·비용 범위를 항목별로 안내합니다. 서구에
/서구법인등기,407,2164,0.188,true,서구 법인등기 문의는 소재지·채무·협의 상태에 따라 준비 순서가 달라집니다. 아미동·동대신동·부민동 일대 주택·상가 상속·매매 등기 문의가 이어지는 구입니다. 주식회사·유한회사 등 법인의 설립 이후 변경·이전 등기를 처리합니다. 센텀·서면 일대 법인 설립·임원변경·본점이전을 안내합니다. 상담 시 서류·일정·비용 범위를 항
/동구법인등기,415,2108,0.197,false,법인등기를 동구 기준으로 볼 때는 동일 절차라도 등기소·법원 창구가 사건별로 갈릴 수 있습니다. 초량·범일동·수정동 일대 오래된 주택·상가의 상속·등기 사건이 있는 구입니다. 주식회사·유한회사 등 법인의 설립 이후 변경·이전 등기를 처리합니다. 센텀·서면 일대 법인 설립·임원변경·본점이전을 안내합니다. 상담 시 서류·일정
/영도구법인등기,424,2122,0.2,true,영도구 법인등기 문의는 소재지·채무·협의 상태에 따라 준비 순서가 달라집니다. 영도·남항 일대 선박·어선·해운 관련 등기와 주택·상가 부동산등기·상속 수요가 있는 구입니다. 주식회사·유한회사 등 법인의 설립 이후 변경·이전 등기를 처리합니다. 센텀·서면 일대 법인 설립·임원변경·본점이전을 안내합니다. 상담 시 서류·일정·
/부산진구임원변경등기,381,2063,0.185,false,임원변경등기를 부산진구 기준으로 볼 때는 동일 절차라도 등기소·법원 창구가 사건별로 갈릴 수 있습니다. 서면·부전·전포·양정 일대 상가·오피스·주택 등기 수요가 집중되는 핵심 상권입니다. 대표이사·이사·감사 변경에 따른 법인 등기입니다. 결의일로부터 등기 기한 준수가 중요합니다. 상담 시 서류·일정·비용 범위를 항목별로 
/동래구상속포기,358,1963,0.182,false,동래구 상속포기 문의는 소재지·채무·협의 상태에 따라 준비 순서가 달라집니다. 온천·사직·명륜 일대 재건축·주택 상속·한정승인 사건이 꾸준한 구입니다. 상속 재산보다 채무가 많을 때 상속을 포기하는 가사 신고 절차입니다. 부산가정법원 관할 사건을 안내합니다. 상담 시 서류·일정·비용 범위를 항목별로 안내합니다. 동래구 상
/남구법인등기,404,2119,0.191,true,남구 법인등기 문의는 소재지·채무·협의 상태에 따라 준비 순서가 달라집니다. 대연·용호·문현 일대 아파트·상가 상속·매매 등기와 법인 사무소 수요가 있습니다. 주식회사·유한회사 등 법인의 설립 이후 변경·이전 등기를 처리합니다. 센텀·서면 일대 법인 설립·임원변경·본점이전을 안내합니다. 상담 시 서류·일정·비용 범위를 항
/북구한정승인,367,1993,0.184,false,한정승인을 북구 기준으로 볼 때는 동일 절차라도 등기소·법원 창구가 사건별로 갈릴 수 있습니다. 덕천·화명·구포 일대 대단지 아파트 상속·개인회생 상담이 많은 구입니다. 상속 재산 범위 내에서만 채무를 변제하고 상속을 승인하는 절차입니다. 채무 조사 후 상속등기와 연계됩니다. 상담 시 서류·일정·비용 범위를 항목별로 안내
/사하구법인등기,409,2036,0.201,true,사하구 법인등기 문의는 소재지·채무·협의 상태에 따라 준비 순서가 달라집니다. 하단·괴정·당리 일대 주택·상가 상속·전세·매매 부동산등기 문의가 있는 구입니다. 주식회사·유한회사 등 법인의 설립 이후 변경·이전 등기를 처리합니다. 센텀·서면 일대 법인 설립·임원변경·본점이전을 안내합니다. 상담 시 서류·일정·비용 범위를 
/금정구법인등기,408,2128,0.192,false,법인등기를 금정구 기준으로 볼 때는 동일 절차라도 등기소·법원 창구가 사건별로 갈릴 수 있습니다. 부곡·장전·서동 일대 주택·다가구 상속·한정승인 사건이 있는 구입니다. 주식회사·유한회사 등 법인의 설립 이후 변경·이전 등기를 처리합니다. 센텀·서면 일대 법인 설립·임원변경·본점이전을 안내합니다. 상담 시 서류·일정·비용
/강서구법인등기,409,2086,0.196,true,강서구 법인등기 문의는 소재지·채무·협의 상태에 따라 준비 순서가 달라집니다. 대저·명지·녹산 일대 신도시·산업단지 인근 법인·부동산 등기 수요가 있는 구입니다. 주식회사·유한회사 등 법인의 설립 이후 변경·이전 등기를 처리합니다. 센텀·서면 일대 법인 설립·임원변경·본점이전을 안내합니다. 상담 시 서류·일정·비용 범위를
/연제구법인설립등기,343,2018,0.17,false,연제구에서 법인설립등기를 진행하려면 관할 확인 후 서류 체크리스트부터 잡는 편이 안전합니다. 연산·거제 일대 실거주 아파트·법인 사무실의 상속·임원변경 등기 수요가 있습니다. 정관 작성·자본금 납입·설립 등기까지 창업 초기 법인 설립 절차를 지원합니다. 상담 시 서류·일정·비용 범위를 항목별로 안내합니다. 연제구에서 법인
/수영구법인설립등기,352,2032,0.173,false,수영구에서 법인설립등기를 진행하려면 관할 확인 후 서류 체크리스트부터 잡는 편이 안전합니다. 광안리·민락·망미 일대에서 전월세·매매·상속이 겹치는 부동산 등기 상담을 안내합니다. 정관 작성·자본금 납입·설립 등기까지 창업 초기 법인 설립 절차를 지원합니다. 상담 시 서류·일정·비용 범위를 항목별로 안내합니다. 수영구에서 
/사상구법인등기,399,2147,0.186,false,사상구에서 법인등기를 진행하려면 관할 확인 후 서류 체크리스트부터 잡는 편이 안전합니다. 엄궁·감전·주례 일대 상속·개인회생·상속포기 문의가 잦은 구입니다. 주식회사·유한회사 등 법인의 설립 이후 변경·이전 등기를 처리합니다. 센텀·서면 일대 법인 설립·임원변경·본점이전을 안내합니다. 상담 시 서류·일정·비용 범위를 항목
/광안동부동산등기,336,2018,0.167,false,광안동 부동산등기 문의는 소재지·채무·협의 상태에 따라 준비 순서가 달라집니다. 광안리 해변 인근 아파트·상가 전세·매매·상속 등기를 안내하는 동입니다. 매매·증여·상속 등 원인별 부동산 등기 전반을 다룹니다. 관할 등기소 확인이 우선입니다. 상담 시 서류·일정·비용 범위를 항목별로 안내합니다. 광안동 부동산등기 문의는 
/덕천동상속등기,378,2015,0.188,false,덕천동에서 상속등기를 진행하려면 관할 확인 후 서류 체크리스트부터 잡는 편이 안전합니다. 덕천·구포 일대 아파트 상속·개인회생 상담이 많은 동입니다. 피상속인 사망 후 부동산·토지 등기명의를 상속인 명의로 이전하는 절차입니다. 부산 전역 아파트·상가·토지 상속 사건을 다룹니다. 상담 시 서류·일정·비용 범위를 항목별로 안
/센텀시티역법인등기,400,2034,0.197,false,센텀시티역에서 법인등기를 진행하려면 관할 확인 후 서류 체크리스트부터 잡는 편이 안전합니다. 2호선 센텀시티역·벡스코 인근 법인·부동산 등기 상담을 안내합니다. 주식회사·유한회사 등 법인의 설립 이후 변경·이전 등기를 처리합니다. 센텀·서면 일대 법인 설립·임원변경·본점이전을 안내합니다. 상담 시 서류·일정·비용 범위를 
/상속등기과태료,393,2147,0.183,false,상속등기 과태료 관련 안내는 지연 등기·신고가 문제될 수 있는 조건을 중심으로 봅니다. 이미 기한이 지난 경우에도 다음 조치 선택지를 상담에서 정리합니다. 피상속인 사망 후 부동산·토지 등기명의를 상속인 명의로 이전하는 절차입니다. 부산 전역 아파트·상가·토지 상속 사건을 다룹니다. 는 부산 전역 사건을 다루며 과태료 관
/한정승인기한,312,1972,0.158,false,"기한만 보고 단정하기보다, 한정승인의 사실관계·기한·관할을 먼저 나눠 보는 것이 실무적입니다. 상속 재산 범위 내에서만 채무를 변제하고 상속을 승인하는 절차입니다. 채무 조사 후 상속등기와 연계됩니다. 는 부산 전역 사건을 다루며 기한 관련 범위를 항목별로 정리합니다. 기한만 보고 단정하기보다, 한정승인의 사실관계·기한·"
/법인등기준비서류,492,2317,0.212,false,"법인등기 ‘준비서류’ 안내는 상담 전에 모아 두면 좋은 참고 자료(등기부·계약서 사본·가족관계·잔고 등) 중심입니다. 필수 접수 서류와 달리, 준비서류는 사건 파악용으로 먼저 모아 두면 체크리스트가 짧아집니다. 이 페이지는 ‘상담 전 미리 챙기면 좋은 것’에 초점을 둡니다. 접수 필수 목록은 필요서류 안내와 역할을 나눕니"
/법인설립등기필요서류,444,2350,0.189,false,"법인설립등기 ‘필요서류’ 안내는 접수에 반드시 붙는 핵심 서류(신분·인감·원인서류·관할 확인용 주소) 중심으로 정리합니다. 없어도 상담은 가능하지만, 접수 단계로 가려면 목록의 ★ 표시 항목부터 채우는 편이 빠릅니다. 이 페이지는 ‘무엇을 준비해야 접수가 되는지’에 초점을 둡니다. 일정·비용은 별도 안내를 참고하세요. 정"
/임원변경등기비용,159,935,0.17,false,임원변경등기 비용은 법인 변경등기 비용과 같은 가족입니다. 취임·사임 인원과 결의 서류가 등록세·보수 범위를 바꿉니다. 임원변경등기 비용은 법인 변경등기 비용과 같은 가족입니다. 취임·사임 인원과 결의 서류가 등록세·보수 범위를 바꿉니다. 임원변경등기 비용은 법인 변경등기 비용과 같은 가족입니다. 취임·사임 인원과 결의 
/소유권이전등기준비서류,458,2302,0.199,false,"소유권이전등기 ‘준비서류’ 안내는 상담 전에 모아 두면 좋은 참고 자료(등기부·계약서 사본·가족관계·잔고 등) 중심입니다. 필수 접수 서류와 달리, 준비서류는 사건 파악용으로 먼저 모아 두면 체크리스트가 짧아집니다. 이 페이지는 ‘상담 전 미리 챙기면 좋은 것’에 초점을 둡니다. 접수 필수 목록은 필요서류 안내와 역할을 "
/개인회생기간,381,2138,0.178,false,"개인회생 소요 기간 안내는 서류 수집·접수·보정·완료까지 일반적인 흐름을 구간별로 설명합니다. 사건마다 달라 단정 일정을 약속하지 않으며, 병목 구간을 미리 알려 드립니다. 부산회생법원 관할 개인회생 신청·변제계획 수립을 지원합니다. 소득·재산 구조에 맞는 절차를 안내합니다. 는 부산 전역 사건을 다루며 기간 관련 범위를"
/개인파산필요서류,450,2196,0.205,false,"개인파산 ‘필요서류’ 안내는 접수에 반드시 붙는 핵심 서류(신분·인감·원인서류·관할 확인용 주소) 중심으로 정리합니다. 없어도 상담은 가능하지만, 접수 단계로 가려면 목록의 ★ 표시 항목부터 채우는 편이 빠릅니다. 이 페이지는 ‘무엇을 준비해야 접수가 되는지’에 초점을 둡니다. 일정·비용은 별도 안내를 참고하세요. 채무 "
/부산회생법원개인파산,319,2011,0.159,false,부산회생법원와(과) 관련된 개인파산 사건은 관할과 제출 서류를 먼저 맞추는 것이 중요합니다. 부산·경남 일대 개인회생·개인파산·법인회생 사건을 관할하는 전문 법원입니다. 채무 전액 면책이 필요한 경우 개인파산 절차를 검토합니다. 회생과 비교 상담이 가능합니다. 부산회생법원와(과) 관련된 개인파산 사건은 관할과 제출 서류를
/부산가정법원상속포기,207,1289,0.161,false,상속포기 신고는 부동산 등기소가 아니라 가정법원에 합니다. 부산 생활권 사건이라면 피상속인 마지막 주소지를 기준으로 부산가정법원 관할인지부터 확인합니다. 상속포기 신고는 부동산 등기소가 아니라 가정법원에 합니다. 부산 생활권 사건이라면 피상속인 마지막 주소지를 기준으로 부산가정법원 관할인지부터 확인합니다. 상속포기 신고는
/부산가정법원한정승인,328,1937,0.169,false,부산가정법원와(과) 관련된 한정승인 사건은 관할과 제출 서류를 먼저 맞추는 것이 중요합니다. 상속포기·한정승인·성년후견 등 가사 사건을 관할하는 법원입니다. 상속 재산 범위 내에서만 채무를 변제하고 상속을 승인하는 절차입니다. 채무 조사 후 상속등기와 연계됩니다. 부산가정법원와(과) 관련된 한정승인 사건은 관할과 제출 서
/북부산등기소상속등기,345,1991,0.173,false,북부산등기소와(과) 관련된 상속등기 사건은 관할과 제출 서류를 먼저 맞추는 것이 중요합니다. 북구·금정·강서 일부 부동산 관할 등기소입니다. 피상속인 사망 후 부동산·토지 등기명의를 상속인 명의로 이전하는 절차입니다. 부산 전역 아파트·상가·토지 상속 사건을 다룹니다. 북부산등기소와(과) 관련된 상속등기 사건은 관할과 제
/부산진등기소소유권이전등기,321,2106,0.152,false,부산진등기소와(과) 관련된 소유권이전등기 사건은 관할과 제출 서류를 먼저 맞추는 것이 중요합니다. 부산진구·서면 일대 상가·오피스·주택 등기가 집중 접수되는 등기소입니다. 부동산 매매·증여 등으로 소유권을 이전하는 등기입니다. 취득세 신고와 일정을 맞춥니다. 부산진등기소와(과) 관련된 소유권이전등기 사건은 관할과 제출 서
/중구상속포기,376,2119,0.177,false,상속포기를 중구 기준으로 볼 때는 동일 절차라도 등기소·법원 창구가 사건별로 갈릴 수 있습니다. 부산 원도심·국제시장·보수동 일대 상가·주택 상속·등기 수요가 있는 구입니다. 상속 재산보다 채무가 많을 때 상속을 포기하는 가사 신고 절차입니다. 부산가정법원 관할 사건을 안내합니다. 상담 시 서류·일정·비용 범위를 항목별로
/중구한정승인,362,1887,0.192,false,중구 한정승인 문의는 소재지·채무·협의 상태에 따라 준비 순서가 달라집니다. 부산 원도심·국제시장·보수동 일대 상가·주택 상속·등기 수요가 있는 구입니다. 상속 재산 범위 내에서만 채무를 변제하고 상속을 승인하는 절차입니다. 채무 조사 후 상속등기와 연계됩니다. 상담 시 서류·일정·비용 범위를 항목별로 안내합니다. 중구 
/서구상속포기,376,2013,0.187,false,서구에서 상속포기를 진행하려면 관할 확인 후 서류 체크리스트부터 잡는 편이 안전합니다. 아미동·동대신동·부민동 일대 주택·상가 상속·매매 등기 문의가 이어지는 구입니다. 상속 재산보다 채무가 많을 때 상속을 포기하는 가사 신고 절차입니다. 부산가정법원 관할 사건을 안내합니다. 상담 시 서류·일정·비용 범위를 항목별로 안내
/서구한정승인,376,2046,0.184,false,서구에서 한정승인을 진행하려면 관할 확인 후 서류 체크리스트부터 잡는 편이 안전합니다. 아미동·동대신동·부민동 일대 주택·상가 상속·매매 등기 문의가 이어지는 구입니다. 상속 재산 범위 내에서만 채무를 변제하고 상속을 승인하는 절차입니다. 채무 조사 후 상속등기와 연계됩니다. 상담 시 서류·일정·비용 범위를 항목별로 안내
/동구상속포기,362,2059,0.176,false,동구 상속포기 문의는 소재지·채무·협의 상태에 따라 준비 순서가 달라집니다. 초량·범일동·수정동 일대 오래된 주택·상가의 상속·등기 사건이 있는 구입니다. 상속 재산보다 채무가 많을 때 상속을 포기하는 가사 신고 절차입니다. 부산가정법원 관할 사건을 안내합니다. 상담 시 서류·일정·비용 범위를 항목별로 안내합니다. 동구 
/동구한정승인,370,1911,0.194,false,동구에서 한정승인을 진행하려면 관할 확인 후 서류 체크리스트부터 잡는 편이 안전합니다. 초량·범일동·수정동 일대 오래된 주택·상가의 상속·등기 사건이 있는 구입니다. 상속 재산 범위 내에서만 채무를 변제하고 상속을 승인하는 절차입니다. 채무 조사 후 상속등기와 연계됩니다. 상담 시 서류·일정·비용 범위를 항목별로 안내합니
/영도구상속포기,385,2025,0.19,false,영도구 상속포기 문의는 소재지·채무·협의 상태에 따라 준비 순서가 달라집니다. 영도·남항 일대 선박·어선·해운 관련 등기와 주택·상가 부동산등기·상속 수요가 있는 구입니다. 상속 재산보다 채무가 많을 때 상속을 포기하는 가사 신고 절차입니다. 부산가정법원 관할 사건을 안내합니다. 상담 시 서류·일정·비용 범위를 항목별로 
/영도구한정승인,399,2055,0.194,false,한정승인을 영도구 기준으로 볼 때는 동일 절차라도 등기소·법원 창구가 사건별로 갈릴 수 있습니다. 영도·남항 일대 선박·어선·해운 관련 등기와 주택·상가 부동산등기·상속 수요가 있는 구입니다. 상속 재산 범위 내에서만 채무를 변제하고 상속을 승인하는 절차입니다. 채무 조사 후 상속등기와 연계됩니다. 상담 시 서류·일정·비
/동래구법인설립등기,334,2045,0.163,false,동래구에서 법인설립등기를 진행하려면 관할 확인 후 서류 체크리스트부터 잡는 편이 안전합니다. 온천·사직·명륜 일대 재건축·주택 상속·한정승인 사건이 꾸준한 구입니다. 정관 작성·자본금 납입·설립 등기까지 창업 초기 법인 설립 절차를 지원합니다. 상담 시 서류·일정·비용 범위를 항목별로 안내합니다. 동래구에서 법인설립등기를
/남구상속포기,365,2025,0.18,false,남구 상속포기 문의는 소재지·채무·협의 상태에 따라 준비 순서가 달라집니다. 대연·용호·문현 일대 아파트·상가 상속·매매 등기와 법인 사무소 수요가 있습니다. 상속 재산보다 채무가 많을 때 상속을 포기하는 가사 신고 절차입니다. 부산가정법원 관할 사건을 안내합니다. 상담 시 서류·일정·비용 범위를 항목별로 안내합니다. 남
/남구한정승인,365,2014,0.181,false,남구 한정승인 문의는 소재지·채무·협의 상태에 따라 준비 순서가 달라집니다. 대연·용호·문현 일대 아파트·상가 상속·매매 등기와 법인 사무소 수요가 있습니다. 상속 재산 범위 내에서만 채무를 변제하고 상속을 승인하는 절차입니다. 채무 조사 후 상속등기와 연계됩니다. 상담 시 서류·일정·비용 범위를 항목별로 안내합니다. 남
/북구법인설립등기,329,2042,0.161,false,북구에서 법인설립등기를 진행하려면 관할 확인 후 서류 체크리스트부터 잡는 편이 안전합니다. 덕천·화명·구포 일대 대단지 아파트 상속·개인회생 상담이 많은 구입니다. 정관 작성·자본금 납입·설립 등기까지 창업 초기 법인 설립 절차를 지원합니다. 상담 시 서류·일정·비용 범위를 항목별로 안내합니다. 북구에서 법인설립등기를 진
/사하구상속포기,384,2018,0.19,false,상속포기를 사하구 기준으로 볼 때는 동일 절차라도 등기소·법원 창구가 사건별로 갈릴 수 있습니다. 하단·괴정·당리 일대 주택·상가 상속·전세·매매 부동산등기 문의가 있는 구입니다. 상속 재산보다 채무가 많을 때 상속을 포기하는 가사 신고 절차입니다. 부산가정법원 관할 사건을 안내합니다. 상담 시 서류·일정·비용 범위를 항
/사하구한정승인,378,1977,0.191,false,사하구에서 한정승인을 진행하려면 관할 확인 후 서류 체크리스트부터 잡는 편이 안전합니다. 하단·괴정·당리 일대 주택·상가 상속·전세·매매 부동산등기 문의가 있는 구입니다. 상속 재산 범위 내에서만 채무를 변제하고 상속을 승인하는 절차입니다. 채무 조사 후 상속등기와 연계됩니다. 상담 시 서류·일정·비용 범위를 항목별로 안
/금정구상속포기,355,2009,0.177,false,금정구 상속포기 문의는 소재지·채무·협의 상태에 따라 준비 순서가 달라집니다. 부곡·장전·서동 일대 주택·다가구 상속·한정승인 사건이 있는 구입니다. 상속 재산보다 채무가 많을 때 상속을 포기하는 가사 신고 절차입니다. 부산가정법원 관할 사건을 안내합니다. 상담 시 서류·일정·비용 범위를 항목별로 안내합니다. 금정구 상속
/강서구상속포기,384,2059,0.186,false,상속포기를 강서구 기준으로 볼 때는 동일 절차라도 등기소·법원 창구가 사건별로 갈릴 수 있습니다. 대저·명지·녹산 일대 신도시·산업단지 인근 법인·부동산 등기 수요가 있는 구입니다. 상속 재산보다 채무가 많을 때 상속을 포기하는 가사 신고 절차입니다. 부산가정법원 관할 사건을 안내합니다. 상담 시 서류·일정·비용 범위를 
/강서구한정승인,384,1918,0.2,false,한정승인을 강서구 기준으로 볼 때는 동일 절차라도 등기소·법원 창구가 사건별로 갈릴 수 있습니다. 대저·명지·녹산 일대 신도시·산업단지 인근 법인·부동산 등기 수요가 있는 구입니다. 상속 재산 범위 내에서만 채무를 변제하고 상속을 승인하는 절차입니다. 채무 조사 후 상속등기와 연계됩니다. 상담 시 서류·일정·비용 범위를 
/수영구임원변경등기,382,2060,0.185,false,임원변경등기를 수영구 기준으로 볼 때는 동일 절차라도 등기소·법원 창구가 사건별로 갈릴 수 있습니다. 광안리·민락·망미 일대에서 전월세·매매·상속이 겹치는 부동산 등기 상담을 안내합니다. 대표이사·이사·감사 변경에 따른 법인 등기입니다. 결의일로부터 등기 기한 준수가 중요합니다. 상담 시 서류·일정·비용 범위를 항목별로 
/사상구한정승인,352,1884,0.187,false,사상구 한정승인 문의는 소재지·채무·협의 상태에 따라 준비 순서가 달라집니다. 엄궁·감전·주례 일대 상속·개인회생·상속포기 문의가 잦은 구입니다. 상속 재산 범위 내에서만 채무를 변제하고 상속을 승인하는 절차입니다. 채무 조사 후 상속등기와 연계됩니다. 상담 시 서류·일정·비용 범위를 항목별로 안내합니다. 사상구 한정승인
/연산동법인등기,390,2156,0.181,false,연산동에서 법인등기를 진행하려면 관할 확인 후 서류 체크리스트부터 잡는 편이 안전합니다. 연산동 대단지·상가 상속·법인 사무실 등기를 안내하는 동입니다. 주식회사·유한회사 등 법인의 설립 이후 변경·이전 등기를 처리합니다. 센텀·서면 일대 법인 설립·임원변경·본점이전을 안내합니다. 상담 시 서류·일정·비용 범위를 항목별로
/문현동법인등기,384,2052,0.187,false,문현동에서 법인등기를 진행하려면 관할 확인 후 서류 체크리스트부터 잡는 편이 안전합니다. 문현금융단지·전포 인근 법인·부동산 등기 수요가 있습니다. 주식회사·유한회사 등 법인의 설립 이후 변경·이전 등기를 처리합니다. 센텀·서면 일대 법인 설립·임원변경·본점이전을 안내합니다. 상담 시 서류·일정·비용 범위를 항목별로 안내
/덕천동개인회생,348,2008,0.173,false,덕천동에서 개인회생을 진행하려면 관할 확인 후 서류 체크리스트부터 잡는 편이 안전합니다. 덕천·구포 일대 아파트 상속·개인회생 상담이 많은 동입니다. 부산회생법원 관할 개인회생 신청·변제계획 수립을 지원합니다. 소득·재산 구조에 맞는 절차를 안내합니다. 상담 시 서류·일정·비용 범위를 항목별로 안내합니다. 덕천동에서 개인
/상속포기준비서류,320,2120,0.151,false,"준비서류만 보고 단정하기보다, 상속포기의 사실관계·기한·관할을 먼저 나눠 보는 것이 실무적입니다. 상속 재산보다 채무가 많을 때 상속을 포기하는 가사 신고 절차입니다. 부산가정법원 관할 사건을 안내합니다. 는 부산 전역 사건을 다루며 준비서류 관련 범위를 항목별로 정리합니다. 준비서류만 보고 단정하기보다, 상속포기의 사실"
/한정승인준비서류,320,2031,0.158,false,"준비서류만 보고 단정하기보다, 한정승인의 사실관계·기한·관할을 먼저 나눠 보는 것이 실무적입니다. 상속 재산 범위 내에서만 채무를 변제하고 상속을 승인하는 절차입니다. 채무 조사 후 상속등기와 연계됩니다. 는 부산 전역 사건을 다루며 준비서류 관련 범위를 항목별로 정리합니다. 준비서류만 보고 단정하기보다, 한정승인의 사실"
/법인등기기간,351,2201,0.159,false,"기간만 보고 단정하기보다, 법인등기의 사실관계·기한·관할을 먼저 나눠 보는 것이 실무적입니다. 주식회사·유한회사 등 법인의 설립 이후 변경·이전 등기를 처리합니다. 센텀·서면 일대 법인 설립·임원변경·본점이전을 안내합니다. 는 부산 전역 사건을 다루며 기간 관련 범위를 항목별로 정리합니다. 기간만 보고 단정하기보다, 법인"
/법인설립등기기한,342,2095,0.163,false,법인설립등기 기한 안내는 법정·실무상 놓치기 쉬운 날짜(결의일·상속 개시·잔금일)를 중심으로 정리합니다. 기한이 임박하면 서류 완비보다 우선순위 절차부터 안내합니다. 정관 작성·자본금 납입·설립 등기까지 창업 초기 법인 설립 절차를 지원합니다. 는 부산 전역 사건을 다루며 기한 관련 범위를 항목별로 정리합니다. 법인설립등
/임원변경등기필요서류,460,2354,0.195,false,"임원변경등기 ‘필요서류’ 안내는 접수에 반드시 붙는 핵심 서류(신분·인감·원인서류·관할 확인용 주소) 중심으로 정리합니다. 없어도 상담은 가능하지만, 접수 단계로 가려면 목록의 ★ 표시 항목부터 채우는 편이 빠릅니다. 이 페이지는 ‘무엇을 준비해야 접수가 되는지’에 초점을 둡니다. 일정·비용은 별도 안내를 참고하세요. 대"
/본점이전등기비용,141,912,0.155,false,본점이전등기 비용은 법인 변경등기 비용과 같은 가족입니다. 관할 이전 여부가 서류와 등록세 항목을 바꿉니다. 본점이전등기 비용은 법인 변경등기 비용과 같은 가족입니다. 관할 이전 여부가 서류와 등록세 항목을 바꿉니다. 본점이전등기 비용은 법인 변경등기 비용과 같은 가족입니다. 관할 이전 여부가 서류와 등록세 항목을 바꿉니
/부동산등기과태료,297,1929,0.154,false,"과태료만 보고 단정하기보다, 부동산등기의 사실관계·기한·관할을 먼저 나눠 보는 것이 실무적입니다. 매매·증여·상속 등 원인별 부동산 등기 전반을 다룹니다. 관할 등기소 확인이 우선입니다. 는 부산 전역 사건을 다루며 과태료 관련 범위를 항목별로 정리합니다. 과태료만 보고 단정하기보다, 부동산등기의 사실관계·기한·관할을 먼"
/개인회생과태료,363,2101,0.173,false,개인회생 과태료 관련 안내는 지연 등기·신고가 문제될 수 있는 조건을 중심으로 봅니다. 이미 기한이 지난 경우에도 다음 조치 선택지를 상담에서 정리합니다. 부산회생법원 관할 개인회생 신청·변제계획 수립을 지원합니다. 소득·재산 구조에 맞는 절차를 안내합니다. 는 부산 전역 사건을 다루며 과태료 관련 범위를 항목별로 정리합
/개인파산기한,353,2128,0.166,false,개인파산 기한 안내는 법정·실무상 놓치기 쉬운 날짜(결의일·상속 개시·잔금일)를 중심으로 정리합니다. 기한이 임박하면 서류 완비보다 우선순위 절차부터 안내합니다. 채무 전액 면책이 필요한 경우 개인파산 절차를 검토합니다. 회생과 비교 상담이 가능합니다. 는 부산 전역 사건을 다루며 기한 관련 범위를 항목별로 정리합니다. 
/부산지방법원동부지원등기과부동산등기,341,2152,0.158,false,부산지방법원동부지원등기과와(과) 관련된 부동산등기 사건은 관할과 제출 서류를 먼저 맞추는 것이 중요합니다. 부산지방법원 동부지원 내 등기 접수 창구입니다. 동부권 부동산·법인 등기가 접수됩니다. 매매·증여·상속 등 원인별 부동산 등기 전반을 다룹니다. 관할 등기소 확인이 우선입니다. 부산지방법원동부지원등기과와(과) 관련된
/중부산등기소부동산등기,303,2003,0.151,false,중부산등기소와(과) 관련된 부동산등기 사건은 관할과 제출 서류를 먼저 맞추는 것이 중요합니다. 동래·연제·북구 일부 부동산·법인 등기 관할 등기소입니다. 매매·증여·상속 등 원인별 부동산 등기 전반을 다룹니다. 관할 등기소 확인이 우선입니다. 중부산등기소와(과) 관련된 부동산등기 사건은 관할과 제출 서류를 먼저 맞추는 것
/상속여성법무사,425,2224,0.191,false,상속 여성 법무사 관련 문의는 검색 키워드만으로 절차가 결정되지 않는 경우가 많습니다. 피상속인 사망 후 부동산·토지 등기명의를 상속인 명의로 이전하는 절차입니다. 부산 전역 아파트·상가·토지 상속 사건을 다룹니다. 부산광역시 전역 상속등기·부동산등기·법인등기·개인회생·파산 등 법무사 업무를 다루는 핵심 지역입니다. 는 
/부산법원근처법무사,372,1964,0.189,false,부산 법원 근처 법무사 관련 문의는 검색 키워드만으로 절차가 결정되지 않는 경우가 많습니다. 금전 채권 회수를 위한 지급명령·소송 절차를 안내합니다. 관할 법원 확인이 필요합니다. 부산광역시 전역 상속등기·부동산등기·법인등기·개인회생·파산 등 법무사 업무를 다루는 핵심 지역입니다. 는 상황을 듣고 다음 단계부터 정리합니다
/등기소근처법무사,201,1221,0.165,false,"등기소 근처 법무사를 찾는 경우에는 사무소가 등기소와 가까운지보다, 해당 부동산·법인의 관할 등기소와 전자등기 가능 여부를 먼저 확인하는 것이 실무에 맞습니다. 등기소 근처 법무사를 찾는 경우에는 사무소가 등기소와 가까운지보다, 해당 부동산·법인의 관할 등기소와 전자등기 가능 여부를 먼저 확인하는 것이 실무에 맞습니다. "
/중구법인설립등기,330,2005,0.165,false,중구 법인설립등기 문의는 소재지·채무·협의 상태에 따라 준비 순서가 달라집니다. 부산 원도심·국제시장·보수동 일대 상가·주택 상속·등기 수요가 있는 구입니다. 정관 작성·자본금 납입·설립 등기까지 창업 초기 법인 설립 절차를 지원합니다. 상담 시 서류·일정·비용 범위를 항목별로 안내합니다. 중구 법인설립등기 문의는 소재지
/서구법인설립등기,344,1962,0.175,false,서구에서 법인설립등기를 진행하려면 관할 확인 후 서류 체크리스트부터 잡는 편이 안전합니다. 아미동·동대신동·부민동 일대 주택·상가 상속·매매 등기 문의가 이어지는 구입니다. 정관 작성·자본금 납입·설립 등기까지 창업 초기 법인 설립 절차를 지원합니다. 상담 시 서류·일정·비용 범위를 항목별로 안내합니다. 서구에서 법인설립
/동구법인설립등기,330,2010,0.164,false,동구 법인설립등기 문의는 소재지·채무·협의 상태에 따라 준비 순서가 달라집니다. 초량·범일동·수정동 일대 오래된 주택·상가의 상속·등기 사건이 있는 구입니다. 정관 작성·자본금 납입·설립 등기까지 창업 초기 법인 설립 절차를 지원합니다. 상담 시 서류·일정·비용 범위를 항목별로 안내합니다. 동구 법인설립등기 문의는 소재지
/영도구법인설립등기,367,2099,0.175,false,법인설립등기를 영도구 기준으로 볼 때는 동일 절차라도 등기소·법원 창구가 사건별로 갈릴 수 있습니다. 영도·남항 일대 선박·어선·해운 관련 등기와 주택·상가 부동산등기·상속 수요가 있는 구입니다. 정관 작성·자본금 납입·설립 등기까지 창업 초기 법인 설립 절차를 지원합니다. 상담 시 서류·일정·비용 범위를 항목별로 안내합
/남구법인설립등기,333,2055,0.162,false,남구 법인설립등기 문의는 소재지·채무·협의 상태에 따라 준비 순서가 달라집니다. 대연·용호·문현 일대 아파트·상가 상속·매매 등기와 법인 사무소 수요가 있습니다. 정관 작성·자본금 납입·설립 등기까지 창업 초기 법인 설립 절차를 지원합니다. 상담 시 서류·일정·비용 범위를 항목별로 안내합니다. 남구 법인설립등기 문의는 소
/북구임원변경등기,359,1960,0.183,false,임원변경등기를 북구 기준으로 볼 때는 동일 절차라도 등기소·법원 창구가 사건별로 갈릴 수 있습니다. 덕천·화명·구포 일대 대단지 아파트 상속·개인회생 상담이 많은 구입니다. 대표이사·이사·감사 변경에 따른 법인 등기입니다. 결의일로부터 등기 기한 준수가 중요합니다. 상담 시 서류·일정·비용 범위를 항목별로 안내합니다. 임
/사하구법인설립등기,346,2087,0.166,false,사하구에서 법인설립등기를 진행하려면 관할 확인 후 서류 체크리스트부터 잡는 편이 안전합니다. 하단·괴정·당리 일대 주택·상가 상속·전세·매매 부동산등기 문의가 있는 구입니다. 정관 작성·자본금 납입·설립 등기까지 창업 초기 법인 설립 절차를 지원합니다. 상담 시 서류·일정·비용 범위를 항목별로 안내합니다. 사하구에서 법인
/금정구법인설립등기,323,1984,0.163,false,금정구 법인설립등기 문의는 소재지·채무·협의 상태에 따라 준비 순서가 달라집니다. 부곡·장전·서동 일대 주택·다가구 상속·한정승인 사건이 있는 구입니다. 정관 작성·자본금 납입·설립 등기까지 창업 초기 법인 설립 절차를 지원합니다. 상담 시 서류·일정·비용 범위를 항목별로 안내합니다. 금정구 법인설립등기 문의는 소재지·채
/강서구법인설립등기,352,2111,0.167,false,법인설립등기를 강서구 기준으로 볼 때는 동일 절차라도 등기소·법원 창구가 사건별로 갈릴 수 있습니다. 대저·명지·녹산 일대 신도시·산업단지 인근 법인·부동산 등기 수요가 있는 구입니다. 정관 작성·자본금 납입·설립 등기까지 창업 초기 법인 설립 절차를 지원합니다. 상담 시 서류·일정·비용 범위를 항목별로 안내합니다. 법인
/사상구법인설립등기,334,2029,0.165,false,법인설립등기를 사상구 기준으로 볼 때는 동일 절차라도 등기소·법원 창구가 사건별로 갈릴 수 있습니다. 엄궁·감전·주례 일대 상속·개인회생·상속포기 문의가 잦은 구입니다. 정관 작성·자본금 납입·설립 등기까지 창업 초기 법인 설립 절차를 지원합니다. 상담 시 서류·일정·비용 범위를 항목별로 안내합니다. 법인설립등기를 사상구
/기장군법인설립등기,332,2031,0.163,false,기장군 법인설립등기 문의는 소재지·채무·협의 상태에 따라 준비 순서가 달라집니다. 기장·정관·일광 일대 토지·전원주택 상속과 산업단지 법인 등기 수요가 있습니다. 정관 작성·자본금 납입·설립 등기까지 창업 초기 법인 설립 절차를 지원합니다. 상담 시 서류·일정·비용 범위를 항목별로 안내합니다. 기장군 법인설립등기 문의는 
/연산역상속등기,361,2059,0.175,false,연산역 상속등기 문의는 소재지·채무·협의 상태에 따라 준비 순서가 달라집니다. 연산역 인근 아파트·상가 상속·등기 문의가 많습니다. 피상속인 사망 후 부동산·토지 등기명의를 상속인 명의로 이전하는 절차입니다. 부산 전역 아파트·상가·토지 상속 사건을 다룹니다. 상담 시 서류·일정·비용 범위를 항목별로 안내합니다. 연산역 
/명지법인등기,400,2096,0.191,false,명지에서 법인등기를 진행하려면 관할 확인 후 서류 체크리스트부터 잡는 편이 안전합니다. 명지국제신도시 입주 기업·상가 법인 설립·등기 수요가 있는 신도시입니다. 주식회사·유한회사 등 법인의 설립 이후 변경·이전 등기를 처리합니다. 센텀·서면 일대 법인 설립·임원변경·본점이전을 안내합니다. 상담 시 서류·일정·비용 범위를 
/상속포기기간,378,2100,0.18,false,"상속포기 소요 기간 안내는 서류 수집·접수·보정·완료까지 일반적인 흐름을 구간별로 설명합니다. 사건마다 달라 단정 일정을 약속하지 않으며, 병목 구간을 미리 알려 드립니다. 상속 재산보다 채무가 많을 때 상속을 포기하는 가사 신고 절차입니다. 부산가정법원 관할 사건을 안내합니다. 는 부산 전역 사건을 다루며 기간 관련 범"
/한정승인기간,378,2107,0.179,false,"한정승인 소요 기간 안내는 서류 수집·접수·보정·완료까지 일반적인 흐름을 구간별로 설명합니다. 사건마다 달라 단정 일정을 약속하지 않으며, 병목 구간을 미리 알려 드립니다. 상속 재산 범위 내에서만 채무를 변제하고 상속을 승인하는 절차입니다. 채무 조사 후 상속등기와 연계됩니다. 는 부산 전역 사건을 다루며 기간 관련 범"
/법인등기과태료,355,2061,0.172,false,"과태료만 보고 단정하기보다, 법인등기의 사실관계·기한·관할을 먼저 나눠 보는 것이 실무적입니다. 주식회사·유한회사 등 법인의 설립 이후 변경·이전 등기를 처리합니다. 센텀·서면 일대 법인 설립·임원변경·본점이전을 안내합니다. 는 부산 전역 사건을 다루며 과태료 관련 범위를 항목별로 정리합니다. 과태료만 보고 단정하기보다,"
/법인설립등기준비서류,446,2268,0.197,false,"법인설립등기 ‘준비서류’ 안내는 상담 전에 모아 두면 좋은 참고 자료(등기부·계약서 사본·가족관계·잔고 등) 중심입니다. 필수 접수 서류와 달리, 준비서류는 사건 파악용으로 먼저 모아 두면 체크리스트가 짧아집니다. 이 페이지는 ‘상담 전 미리 챙기면 좋은 것’에 초점을 둡니다. 접수 필수 목록은 필요서류 안내와 역할을 나"
/임원변경등기기한,366,2172,0.169,false,임원변경등기 기한 안내는 법정·실무상 놓치기 쉬운 날짜(결의일·상속 개시·잔금일)를 중심으로 정리합니다. 기한이 임박하면 서류 완비보다 우선순위 절차부터 안내합니다. 대표이사·이사·감사 변경에 따른 법인 등기입니다. 결의일로부터 등기 기한 준수가 중요합니다. 는 부산 전역 사건을 다루며 기한 관련 범위를 항목별로 정리합니
/본점이전등기필요서류,454,2279,0.199,false,"본점이전등기 ‘필요서류’ 안내는 접수에 반드시 붙는 핵심 서류(신분·인감·원인서류·관할 확인용 주소) 중심으로 정리합니다. 없어도 상담은 가능하지만, 접수 단계로 가려면 목록의 ★ 표시 항목부터 채우는 편이 빠릅니다. 이 페이지는 ‘무엇을 준비해야 접수가 되는지’에 초점을 둡니다. 일정·비용은 별도 안내를 참고하세요. 법"
/증여등기비용,210,979,0.215,true,"증여등기 비용은 증여 가액·부동산 종류·수증자 수에 따라 달라집니다. 증여세 확정 계산은 세무 영역이며, 이 페이지는 등기 보수와 취득 관련 공과금을 구분합니다. 증여등기 비용은 증여 가액·부동산 종류·수증자 수에 따라 달라집니다. 증여세 확정 계산은 세무 영역이며, 이 페이지는 등기 보수와 취득 관련 공과금을 구분합니다"
/개인파산준비서류,452,2273,0.199,false,"개인파산 ‘준비서류’ 안내는 상담 전에 모아 두면 좋은 참고 자료(등기부·계약서 사본·가족관계·잔고 등) 중심입니다. 필수 접수 서류와 달리, 준비서류는 사건 파악용으로 먼저 모아 두면 체크리스트가 짧아집니다. 이 페이지는 ‘상담 전 미리 챙기면 좋은 것’에 초점을 둡니다. 접수 필수 목록은 필요서류 안내와 역할을 나눕니"
/부산지방법원동부지원등기과법인등기,399,2053,0.194,false,부산지방법원동부지원등기과와(과) 관련된 법인등기 사건은 관할과 제출 서류를 먼저 맞추는 것이 중요합니다. 부산지방법원 동부지원 내 등기 접수 창구입니다. 동부권 부동산·법인 등기가 접수됩니다. 주식회사·유한회사 등 법인의 설립 이후 변경·이전 등기를 처리합니다. 센텀·서면 일대 법인 설립·임원변경·본점이전을 안내합니다. 
/중부산등기소법인등기,361,2136,0.169,false,중부산등기소와(과) 관련된 법인등기 사건은 관할과 제출 서류를 먼저 맞추는 것이 중요합니다. 동래·연제·북구 일부 부동산·법인 등기 관할 등기소입니다. 주식회사·유한회사 등 법인의 설립 이후 변경·이전 등기를 처리합니다. 센텀·서면 일대 법인 설립·임원변경·본점이전을 안내합니다. 중부산등기소와(과) 관련된 법인등기 사건은
/서면역법무사,255,1192,0.214,true,서면역 법무사를 찾으시면 1·2호선 환승역 인근으로 오시는 동선의 상가·오피스 등기를 이 역세권 안내에서 연결하시면 됩니다. 서면 상권 본문은 서면 법무사 안내가 Primary Host입니다. 서면역 법무사를 찾으시면 1·2호선 환승역 인근으로 오시는 동선의 상가·오피스 등기를 이 역세권 안내에서 연결하시면 됩니다. 서면
/중구임원변경등기,362,2043,0.177,false,중구에서 임원변경등기를 진행하려면 관할 확인 후 서류 체크리스트부터 잡는 편이 안전합니다. 부산 원도심·국제시장·보수동 일대 상가·주택 상속·등기 수요가 있는 구입니다. 대표이사·이사·감사 변경에 따른 법인 등기입니다. 결의일로부터 등기 기한 준수가 중요합니다. 상담 시 서류·일정·비용 범위를 항목별로 안내합니다. 중구에
/서구임원변경등기,368,2104,0.175,false,서구에서 임원변경등기를 진행하려면 관할 확인 후 서류 체크리스트부터 잡는 편이 안전합니다. 아미동·동대신동·부민동 일대 주택·상가 상속·매매 등기 문의가 이어지는 구입니다. 대표이사·이사·감사 변경에 따른 법인 등기입니다. 결의일로부터 등기 기한 준수가 중요합니다. 상담 시 서류·일정·비용 범위를 항목별로 안내합니다. 서
/동구임원변경등기,362,2090,0.173,false,동구에서 임원변경등기를 진행하려면 관할 확인 후 서류 체크리스트부터 잡는 편이 안전합니다. 초량·범일동·수정동 일대 오래된 주택·상가의 상속·등기 사건이 있는 구입니다. 대표이사·이사·감사 변경에 따른 법인 등기입니다. 결의일로부터 등기 기한 준수가 중요합니다. 상담 시 서류·일정·비용 범위를 항목별로 안내합니다. 동구에
/영도구임원변경등기,391,2028,0.193,false,임원변경등기를 영도구 기준으로 볼 때는 동일 절차라도 등기소·법원 창구가 사건별로 갈릴 수 있습니다. 영도·남항 일대 선박·어선·해운 관련 등기와 주택·상가 부동산등기·상속 수요가 있는 구입니다. 대표이사·이사·감사 변경에 따른 법인 등기입니다. 결의일로부터 등기 기한 준수가 중요합니다. 상담 시 서류·일정·비용 범위를 
/남구임원변경등기,357,2043,0.175,false,남구 임원변경등기 문의는 소재지·채무·협의 상태에 따라 준비 순서가 달라집니다. 대연·용호·문현 일대 아파트·상가 상속·매매 등기와 법인 사무소 수요가 있습니다. 대표이사·이사·감사 변경에 따른 법인 등기입니다. 결의일로부터 등기 기한 준수가 중요합니다. 상담 시 서류·일정·비용 범위를 항목별로 안내합니다. 남구 임원변경
/사하구임원변경등기,362,1982,0.183,false,사하구 임원변경등기 문의는 소재지·채무·협의 상태에 따라 준비 순서가 달라집니다. 하단·괴정·당리 일대 주택·상가 상속·전세·매매 부동산등기 문의가 있는 구입니다. 대표이사·이사·감사 변경에 따른 법인 등기입니다. 결의일로부터 등기 기한 준수가 중요합니다. 상담 시 서류·일정·비용 범위를 항목별로 안내합니다. 사하구 임원
/금정구임원변경등기,347,1993,0.174,false,금정구 임원변경등기 문의는 소재지·채무·협의 상태에 따라 준비 순서가 달라집니다. 부곡·장전·서동 일대 주택·다가구 상속·한정승인 사건이 있는 구입니다. 대표이사·이사·감사 변경에 따른 법인 등기입니다. 결의일로부터 등기 기한 준수가 중요합니다. 상담 시 서류·일정·비용 범위를 항목별로 안내합니다. 금정구 임원변경등기 문
/강서구임원변경등기,362,2096,0.173,false,강서구 임원변경등기 문의는 소재지·채무·협의 상태에 따라 준비 순서가 달라집니다. 대저·명지·녹산 일대 신도시·산업단지 인근 법인·부동산 등기 수요가 있는 구입니다. 대표이사·이사·감사 변경에 따른 법인 등기입니다. 결의일로부터 등기 기한 준수가 중요합니다. 상담 시 서류·일정·비용 범위를 항목별로 안내합니다. 강서구 임
/사상구임원변경등기,358,2122,0.169,false,임원변경등기를 사상구 기준으로 볼 때는 동일 절차라도 등기소·법원 창구가 사건별로 갈릴 수 있습니다. 엄궁·감전·주례 일대 상속·개인회생·상속포기 문의가 잦은 구입니다. 대표이사·이사·감사 변경에 따른 법인 등기입니다. 결의일로부터 등기 기한 준수가 중요합니다. 상담 시 서류·일정·비용 범위를 항목별로 안내합니다. 임원변
/기장군임원변경등기,364,2101,0.173,false,기장군에서 임원변경등기를 진행하려면 관할 확인 후 서류 체크리스트부터 잡는 편이 안전합니다. 기장·정관·일광 일대 토지·전원주택 상속과 산업단지 법인 등기 수요가 있습니다. 대표이사·이사·감사 변경에 따른 법인 등기입니다. 결의일로부터 등기 기한 준수가 중요합니다. 상담 시 서류·일정·비용 범위를 항목별로 안내합니다. 기
/재송동상속등기,375,1981,0.189,false,재송동에서 상속등기를 진행하려면 관할 확인 후 서류 체크리스트부터 잡는 편이 안전합니다. 재송동 아파트·상가 상속·매매 등기를 안내하는 동입니다. 피상속인 사망 후 부동산·토지 등기명의를 상속인 명의로 이전하는 절차입니다. 부산 전역 아파트·상가·토지 상속 사건을 다룹니다. 상담 시 서류·일정·비용 범위를 항목별로 안내합
/반여동상속등기,381,2091,0.182,false,상속등기를 반여동 기준으로 볼 때는 동일 절차라도 등기소·법원 창구가 사건별로 갈릴 수 있습니다. 반여·반송 일대 주택·상가 등기 문의가 이어지는 동입니다. 피상속인 사망 후 부동산·토지 등기명의를 상속인 명의로 이전하는 절차입니다. 부산 전역 아파트·상가·토지 상속 사건을 다룹니다. 상담 시 서류·일정·비용 범위를 항목
/좌동상속등기,370,2059,0.18,false,상속등기를 좌동 기준으로 볼 때는 동일 절차라도 등기소·법원 창구가 사건별로 갈릴 수 있습니다. 좌동 대단지 아파트 상속·매매 등기가 많은 동입니다. 피상속인 사망 후 부동산·토지 등기명의를 상속인 명의로 이전하는 절차입니다. 부산 전역 아파트·상가·토지 상속 사건을 다룹니다. 상담 시 서류·일정·비용 범위를 항목별로 안
/송정동상속등기,378,2086,0.181,false,송정동에서 상속등기를 진행하려면 관할 확인 후 서류 체크리스트부터 잡는 편이 안전합니다. 송정 일대 주택·펜션·상가 상속·등기 문의가 있는 동입니다. 피상속인 사망 후 부동산·토지 등기명의를 상속인 명의로 이전하는 절차입니다. 부산 전역 아파트·상가·토지 상속 사건을 다룹니다. 상담 시 서류·일정·비용 범위를 항목별로 안
/남천동상속등기,369,2039,0.181,false,남천동에서 상속등기를 진행하려면 관할 확인 후 서류 체크리스트부터 잡는 편이 안전합니다. 남천동 실거주 아파트 상속·매매 등기가 있는 동입니다. 피상속인 사망 후 부동산·토지 등기명의를 상속인 명의로 이전하는 절차입니다. 부산 전역 아파트·상가·토지 상속 사건을 다룹니다. 상담 시 서류·일정·비용 범위를 항목별로 안내합니
/거제동상속등기,358,2080,0.172,false,거제동 상속등기 문의는 소재지·채무·협의 상태에 따라 준비 순서가 달라집니다. 거제동 주택·상가 상속·등기 문의가 있는 동입니다. 피상속인 사망 후 부동산·토지 등기명의를 상속인 명의로 이전하는 절차입니다. 부산 전역 아파트·상가·토지 상속 사건을 다룹니다. 상담 시 서류·일정·비용 범위를 항목별로 안내합니다. 거제동 상
/양정동상속등기,361,2021,0.179,false,양정동 상속등기 문의는 소재지·채무·협의 상태에 따라 준비 순서가 달라집니다. 양정·개금 일대 주택·상가 등기 수요가 있는 동입니다. 피상속인 사망 후 부동산·토지 등기명의를 상속인 명의로 이전하는 절차입니다. 부산 전역 아파트·상가·토지 상속 사건을 다룹니다. 상담 시 서류·일정·비용 범위를 항목별로 안내합니다. 양정동
/대연동상속등기,378,2001,0.189,false,상속등기를 대연동 기준으로 볼 때는 동일 절차라도 등기소·법원 창구가 사건별로 갈릴 수 있습니다. 대연동 아파트·다세대 상속·매매 등기가 있는 동입니다. 피상속인 사망 후 부동산·토지 등기명의를 상속인 명의로 이전하는 절차입니다. 부산 전역 아파트·상가·토지 상속 사건을 다룹니다. 상담 시 서류·일정·비용 범위를 항목별로
/기장상속등기,362,2052,0.176,false,기장 상속등기 문의는 소재지·채무·협의 상태에 따라 준비 순서가 달라집니다. 기장읍 토지·전원주택 상속등기 수요가 있는 지역입니다. 피상속인 사망 후 부동산·토지 등기명의를 상속인 명의로 이전하는 절차입니다. 부산 전역 아파트·상가·토지 상속 사건을 다룹니다. 상담 시 서류·일정·비용 범위를 항목별로 안내합니다. 기장 상
/사직동상속등기,364,2036,0.179,false,사직동 상속등기 문의는 소재지·채무·협의 상태에 따라 준비 순서가 달라집니다. 사직·온천 일대 재건축·주택 상속 사건이 있는 동입니다. 피상속인 사망 후 부동산·토지 등기명의를 상속인 명의로 이전하는 절차입니다. 부산 전역 아파트·상가·토지 상속 사건을 다룹니다. 상담 시 서류·일정·비용 범위를 항목별로 안내합니다. 사직
/온천동상속등기,372,2065,0.18,false,상속등기를 온천동 기준으로 볼 때는 동일 절차라도 등기소·법원 창구가 사건별로 갈릴 수 있습니다. 온천동 주택·상가 상속·등기 문의가 있는 동입니다. 피상속인 사망 후 부동산·토지 등기명의를 상속인 명의로 이전하는 절차입니다. 부산 전역 아파트·상가·토지 상속 사건을 다룹니다. 상담 시 서류·일정·비용 범위를 항목별로 안
/부곡동상속등기,381,2094,0.182,false,상속등기를 부곡동 기준으로 볼 때는 동일 절차라도 등기소·법원 창구가 사건별로 갈릴 수 있습니다. 부곡동 다가구·상가 상속·한정승인 사건이 있는 동입니다. 피상속인 사망 후 부동산·토지 등기명의를 상속인 명의로 이전하는 절차입니다. 부산 전역 아파트·상가·토지 상속 사건을 다룹니다. 상담 시 서류·일정·비용 범위를 항목별
/해운대역부동산등기,322,1963,0.164,false,해운대역에서 부동산등기를 진행하려면 관할 확인 후 서류 체크리스트부터 잡는 편이 안전합니다. 해운대역·중동 인근 주거·상가 등기 상담을 안내합니다. 매매·증여·상속 등 원인별 부동산 등기 전반을 다룹니다. 관할 등기소 확인이 우선입니다. 상담 시 서류·일정·비용 범위를 항목별로 안내합니다. 해운대역에서 부동산등기를 진행하
/사상역개인회생,351,1998,0.176,false,개인회생을 사상역 기준으로 볼 때는 동일 절차라도 등기소·법원 창구가 사건별로 갈릴 수 있습니다. 사상역·서부산 유통지구 인근 등기·회생 상담이 있습니다. 부산회생법원 관할 개인회생 신청·변제계획 수립을 지원합니다. 소득·재산 구조에 맞는 절차를 안내합니다. 상담 시 서류·일정·비용 범위를 항목별로 안내합니다. 개인회생을
/부산역부동산등기,306,2007,0.152,false,부산역 부동산등기 문의는 소재지·채무·협의 상태에 따라 준비 순서가 달라집니다. 부산역·초량 인근 상가·주택 등기 문의가 있습니다. 매매·증여·상속 등 원인별 부동산 등기 전반을 다룹니다. 관할 등기소 확인이 우선입니다. 상담 시 서류·일정·비용 범위를 항목별로 안내합니다. 부산역 부동산등기 문의는 소재지·채무·협의 상태
/녹산국가산단법인등기,391,2046,0.191,true,녹산국가산단 법인등기 문의는 소재지·채무·협의 상태에 따라 준비 순서가 달라집니다. 녹산·강서구 일대 제조·물류 법인 설립·변경 등기 수요가 있습니다. 주식회사·유한회사 등 법인의 설립 이후 변경·이전 등기를 처리합니다. 센텀·서면 일대 법인 설립·임원변경·본점이전을 안내합니다. 상담 시 서류·일정·비용 범위를 항목별로 
/상속포기과태료,360,1949,0.185,false,상속포기 과태료 관련 안내는 지연 등기·신고가 문제될 수 있는 조건을 중심으로 봅니다. 이미 기한이 지난 경우에도 다음 조치 선택지를 상담에서 정리합니다. 상속 재산보다 채무가 많을 때 상속을 포기하는 가사 신고 절차입니다. 부산가정법원 관할 사건을 안내합니다. 는 부산 전역 사건을 다루며 과태료 관련 범위를 항목별로 정
/한정승인과태료,360,2013,0.179,false,한정승인 과태료 관련 안내는 지연 등기·신고가 문제될 수 있는 조건을 중심으로 봅니다. 이미 기한이 지난 경우에도 다음 조치 선택지를 상담에서 정리합니다. 상속 재산 범위 내에서만 채무를 변제하고 상속을 승인하는 절차입니다. 채무 조사 후 상속등기와 연계됩니다. 는 부산 전역 사건을 다루며 과태료 관련 범위를 항목별로 정
/임원변경등기준비서류,462,2364,0.195,false,"임원변경등기 ‘준비서류’ 안내는 상담 전에 모아 두면 좋은 참고 자료(등기부·계약서 사본·가족관계·잔고 등) 중심입니다. 필수 접수 서류와 달리, 준비서류는 사건 파악용으로 먼저 모아 두면 체크리스트가 짧아집니다. 이 페이지는 ‘상담 전 미리 챙기면 좋은 것’에 초점을 둡니다. 접수 필수 목록은 필요서류 안내와 역할을 나"
/본점이전등기기한,357,2102,0.17,false,본점이전등기 기한 안내는 법정·실무상 놓치기 쉬운 날짜(결의일·상속 개시·잔금일)를 중심으로 정리합니다. 기한이 임박하면 서류 완비보다 우선순위 절차부터 안내합니다. 법인 본점 주소 변경에 따른 등기입니다. 관할 등기소·사업자등록 변경을 함께 검토합니다. 는 부산 전역 사건을 다루며 기한 관련 범위를 항목별로 정리합니다.
/근저당말소비용,210,1112,0.189,false,"근저당 말소 비용·수임료·수수료는 대개 같은 질문입니다. 대출을 갚아도 등기부 근저당은 자동으로 지워지지 않고, 말소등기 접수와 말소증명 서류가 필요합니다. 근저당 말소 비용·수임료·수수료는 대개 같은 질문입니다. 대출을 갚아도 등기부 근저당은 자동으로 지워지지 않고, 말소등기 접수와 말소증명 서류가 필요합니다. 근저당 "
/선박등기비용,420,2210,0.19,false,"선박등기 비용 안내는 수임료·세금·수수료를 항목별로 나누어 설명하는 데 초점을 둡니다. 확정 견적은 서류 확인 후 드리며, 이 페이지에서는 구성 항목과 달라지는 조건을 정리합니다. 보수표·협회 기준만 보고 단정하지 않도록, 실제 포함 범위(보정·말소·추가 당사자)를 함께 봅니다. 선박·어선 소유권 이전·저당 등 선박 등기"
/부산지방법원등기국법무사,343,2063,0.166,true,부산지방법원 등기국 인근에서 법무사를 찾을 때는 거리보다 사건 종류(등기·회생·가사)에 맞는 서류 준비가 우선입니다. 부산 연제구 법원로에 위치한 중앙 등기 접수 기관입니다. 관할에 따라 지원·지역 등기소로 분산됩니다. 방문 전 신청서·위임장·인감증명서를 정리해 두면 접수가 수월합니다. 부산지방법원 등기국 인근에서 법무사
/부산가정법원법무사,294,1972,0.149,true,"부산가정법원 근처 검색으로 들어왔더라도, 실제 관할과 접수 방식이 맞는지가 핵심입니다. 상속포기·한정승인·성년후견 등 가사 사건을 관할하는 법원입니다. 방문 전 신청서·위임장·인감증명서를 정리해 두면 접수가 수월합니다. 부산가정법원 근처 검색으로 들어왔더라도, 실제 관할과 접수 방식이 맞는지가 핵심입니다. 상속포기·한정승"
/개인회생여성법무사,399,2168,0.184,false,개인회생 여성 법무사 관련 문의는 검색 키워드만으로 절차가 결정되지 않는 경우가 많습니다. 부산회생법원 관할 개인회생 신청·변제계획 수립을 지원합니다. 소득·재산 구조에 맞는 절차를 안내합니다. 부산광역시 전역 상속등기·부동산등기·법인등기·개인회생·파산 등 법무사 업무를 다루는 핵심 지역입니다. 는 상황을 듣고 다음 단계
/반여동부동산등기,329,1997,0.165,false,부동산등기를 반여동 기준으로 볼 때는 동일 절차라도 등기소·법원 창구가 사건별로 갈릴 수 있습니다. 반여·반송 일대 주택·상가 등기 문의가 이어지는 동입니다. 매매·증여·상속 등 원인별 부동산 등기 전반을 다룹니다. 관할 등기소 확인이 우선입니다. 상담 시 서류·일정·비용 범위를 항목별로 안내합니다. 부동산등기를 반여동 
/우동부동산등기,327,1990,0.164,false,부동산등기를 우동 기준으로 볼 때는 동일 절차라도 등기소·법원 창구가 사건별로 갈릴 수 있습니다. 마린시티·우동 고급 주거·상가 등기 수요가 있는 동입니다. 매매·증여·상속 등 원인별 부동산 등기 전반을 다룹니다. 관할 등기소 확인이 우선입니다. 상담 시 서류·일정·비용 범위를 항목별로 안내합니다. 부동산등기를 우동 기준
/중동부동산등기,330,1991,0.166,false,부동산등기를 중동 기준으로 볼 때는 동일 절차라도 등기소·법원 창구가 사건별로 갈릴 수 있습니다. 해운대 해수욕장·중동 상권 인근 부동산 등기 수요가 있습니다. 매매·증여·상속 등 원인별 부동산 등기 전반을 다룹니다. 관할 등기소 확인이 우선입니다. 상담 시 서류·일정·비용 범위를 항목별로 안내합니다. 부동산등기를 중동 
/민락동부동산등기,323,1952,0.165,false,민락동에서 부동산등기를 진행하려면 관할 확인 후 서류 체크리스트부터 잡는 편이 안전합니다. 민락·수변공원 인근 주택·상가 등기 문의가 있는 동입니다. 매매·증여·상속 등 원인별 부동산 등기 전반을 다룹니다. 관할 등기소 확인이 우선입니다. 상담 시 서류·일정·비용 범위를 항목별로 안내합니다. 민락동에서 부동산등기를 진행하
/명지동부동산등기,324,1973,0.164,false,명지동 부동산등기 문의는 소재지·채무·협의 상태에 따라 준비 순서가 달라집니다. 명지국제신도시 인근 법인 설립·부동산 등기 수요가 있는 동입니다. 매매·증여·상속 등 원인별 부동산 등기 전반을 다룹니다. 관할 등기소 확인이 우선입니다. 상담 시 서류·일정·비용 범위를 항목별로 안내합니다. 명지동 부동산등기 문의는 소재지·
/에코델타시티법인설립등기,343,2117,0.162,false,에코델타시티에서 법인설립등기를 진행하려면 관할 확인 후 서류 체크리스트부터 잡는 편이 안전합니다. 친환경 신도시 입주 기업·주거 단지 법인·부동산 등기 수요가 있는 신도시입니다. 정관 작성·자본금 납입·설립 등기까지 창업 초기 법인 설립 절차를 지원합니다. 상담 시 서류·일정·비용 범위를 항목별로 안내합니다. 에코델타시티
/화명동부동산등기,326,1981,0.165,false,부동산등기를 화명동 기준으로 볼 때는 동일 절차라도 등기소·법원 창구가 사건별로 갈릴 수 있습니다. 화명·금곡 일대 대단지 아파트 등기 수요가 있는 동입니다. 매매·증여·상속 등 원인별 부동산 등기 전반을 다룹니다. 관할 등기소 확인이 우선입니다. 상담 시 서류·일정·비용 범위를 항목별로 안내합니다. 부동산등기를 화명동 
/장전동부동산등기,323,1952,0.165,false,장전동에서 부동산등기를 진행하려면 관할 확인 후 서류 체크리스트부터 잡는 편이 안전합니다. 장전·부산대 인근 임대·매매·상속 등기 수요가 있습니다. 매매·증여·상속 등 원인별 부동산 등기 전반을 다룹니다. 관할 등기소 확인이 우선입니다. 상담 시 서류·일정·비용 범위를 항목별로 안내합니다. 장전동에서 부동산등기를 진행하려
/명지법인설립등기,321,2011,0.16,false,명지 법인설립등기 문의는 소재지·채무·협의 상태에 따라 준비 순서가 달라집니다. 명지국제신도시 입주 기업·상가 법인 설립·등기 수요가 있는 신도시입니다. 정관 작성·자본금 납입·설립 등기까지 창업 초기 법인 설립 절차를 지원합니다. 상담 시 서류·일정·비용 범위를 항목별로 안내합니다. 명지 법인설립등기 문의는 소재지·채무
/문현금융단지임원변경등기,367,2126,0.173,false,문현금융단지에서 임원변경등기를 진행하려면 관할 확인 후 서류 체크리스트부터 잡는 편이 안전합니다. 금융·법률·전문서비스 업체가 밀집한 문현금융단지 법인 등기 수요가 있습니다. 대표이사·이사·감사 변경에 따른 법인 등기입니다. 결의일로부터 등기 기한 준수가 중요합니다. 상담 시 서류·일정·비용 범위를 항목별로 안내합니다. 
/본점이전등기준비서류,456,2314,0.197,false,"본점이전등기 ‘준비서류’ 안내는 상담 전에 모아 두면 좋은 참고 자료(등기부·계약서 사본·가족관계·잔고 등) 중심입니다. 필수 접수 서류와 달리, 준비서류는 사건 파악용으로 먼저 모아 두면 체크리스트가 짧아집니다. 이 페이지는 ‘상담 전 미리 챙기면 좋은 것’에 초점을 둡니다. 접수 필수 목록은 필요서류 안내와 역할을 나"
/증여등기보수표,386,2095,0.184,true,"증여등기 보수표 안내는 협회·일반 보수 체계를 참고 기준으로 설명합니다. 실제 수임은 사건 난이도에 따라 조정될 수 있어, 보수표=최종 견적이 아닙니다. 비용 구성(세금·수수료)과 보수표를 혼동하지 않도록 이 페이지에서는 보수 기준 쪽에 초점을 둡니다. 증여를 원인으로 한 부동산 소유권 이전 등기입니다. 증여세·취득세 신"
/전세권설정비용,412,2184,0.189,false,"전세권설정 비용 안내는 수임료·세금·수수료를 항목별로 나누어 설명하는 데 초점을 둡니다. 확정 견적은 서류 확인 후 드리며, 이 페이지에서는 구성 항목과 달라지는 조건을 정리합니다. 보수표·협회 기준만 보고 단정하지 않도록, 실제 포함 범위(보정·말소·추가 당사자)를 함께 봅니다. 전세금 보호를 위한 전세권 설정 등기입니"
/재개발등기비용,390,2193,0.178,false,"재개발등기 비용 안내는 수임료·세금·수수료를 항목별로 나누어 설명하는 데 초점을 둡니다. 확정 견적은 서류 확인 후 드리며, 이 페이지에서는 구성 항목과 달라지는 조건을 정리합니다. 보수표·협회 기준만 보고 단정하지 않도록, 실제 포함 범위(보정·말소·추가 당사자)를 함께 봅니다. 재개발 조합원 지위·분양권·신축 아파트 "
/재건축등기비용,386,2204,0.175,false,"재건축등기 비용 안내는 수임료·세금·수수료를 항목별로 나누어 설명하는 데 초점을 둡니다. 확정 견적은 서류 확인 후 드리며, 이 페이지에서는 구성 항목과 달라지는 조건을 정리합니다. 보수표·협회 기준만 보고 단정하지 않도록, 실제 포함 범위(보정·말소·추가 당사자)를 함께 봅니다. 재건축 사업 후 신축 아파트 소유권 이전"
/센텀시티역법무사,279,1268,0.22,true,센텀시티역 법무사를 찾으시면 2호선 센텀시티역·벡스코 인근으로 오시는 동선의 법인·오피스 등기를 이 역세권 안내에서 연결하시면 됩니다. 센텀 업무지구 본문은 센텀 법무사 안내가 Primary Host입니다. 센텀시티역 법무사를 찾으시면 2호선 센텀시티역·벡스코 인근으로 오시는 동선의 법인·오피스 등기를 이 역세권 안내에서
/수영구전세권설정,368,2122,0.173,false,전세권설정을 수영구 기준으로 볼 때는 동일 절차라도 등기소·법원 창구가 사건별로 갈릴 수 있습니다. 광안리·민락·망미 일대에서 전월세·매매·상속이 겹치는 부동산 등기 상담을 안내합니다. 전세금 보호를 위한 전세권 설정 등기입니다. 임대차 계약·확정일자와 함께 검토합니다. 상담 시 서류·일정·비용 범위를 항목별로 안내합니다
/재송동소유권이전등기,333,2028,0.164,false,소유권이전등기를 재송동 기준으로 볼 때는 동일 절차라도 등기소·법원 창구가 사건별로 갈릴 수 있습니다. 재송동 아파트·상가 상속·매매 등기를 안내하는 동입니다. 부동산 매매·증여 등으로 소유권을 이전하는 등기입니다. 취득세 신고와 일정을 맞춥니다. 상담 시 서류·일정·비용 범위를 항목별로 안내합니다. 소유권이전등기를 재송
/우동소유권이전등기,325,2058,0.158,false,우동에서 소유권이전등기를 진행하려면 관할 확인 후 서류 체크리스트부터 잡는 편이 안전합니다. 마린시티·우동 고급 주거·상가 등기 수요가 있는 동입니다. 부동산 매매·증여 등으로 소유권을 이전하는 등기입니다. 취득세 신고와 일정을 맞춥니다. 상담 시 서류·일정·비용 범위를 항목별로 안내합니다. 우동에서 소유권이전등기를 진행
/좌동소유권이전등기,316,2006,0.158,false,좌동에서 소유권이전등기를 진행하려면 관할 확인 후 서류 체크리스트부터 잡는 편이 안전합니다. 좌동 대단지 아파트 상속·매매 등기가 많은 동입니다. 부동산 매매·증여 등으로 소유권을 이전하는 등기입니다. 취득세 신고와 일정을 맞춥니다. 상담 시 서류·일정·비용 범위를 항목별로 안내합니다. 좌동에서 소유권이전등기를 진행하려면
/부전동소유권이전등기,321,2004,0.16,false,부전동에서 소유권이전등기를 진행하려면 관할 확인 후 서류 체크리스트부터 잡는 편이 안전합니다. 부전동 상가·오피스텔 매매 등기 수요가 있는 동입니다. 부동산 매매·증여 등으로 소유권을 이전하는 등기입니다. 취득세 신고와 일정을 맞춥니다. 상담 시 서류·일정·비용 범위를 항목별로 안내합니다. 부전동에서 소유권이전등기를 진행
/문현동본점이전등기,320,2068,0.155,false,문현동 본점이전등기 문의는 소재지·채무·협의 상태에 따라 준비 순서가 달라집니다. 문현금융단지·전포 인근 법인·부동산 등기 수요가 있습니다. 법인 본점 주소 변경에 따른 등기입니다. 관할 등기소·사업자등록 변경을 함께 검토합니다. 상담 시 서류·일정·비용 범위를 항목별로 안내합니다. 문현동 본점이전등기 문의는 소재지·채무
/명례산업단지임원변경등기,338,2035,0.166,false,명례산업단지 임원변경등기 문의는 소재지·채무·협의 상태에 따라 준비 순서가 달라집니다. 기장군 명례일반산업단지 제조·물류 법인 등기 수요가 있습니다. 대표이사·이사·감사 변경에 따른 법인 등기입니다. 결의일로부터 등기 기한 준수가 중요합니다. 상담 시 서류·일정·비용 범위를 항목별로 안내합니다. 명례산업단지 임원변경등기 
/녹산국가산단법인설립등기,334,2167,0.154,false,법인설립등기를 녹산국가산단 기준으로 볼 때는 동일 절차라도 등기소·법원 창구가 사건별로 갈릴 수 있습니다. 녹산·강서구 일대 제조·물류 법인 설립·변경 등기 수요가 있습니다. 정관 작성·자본금 납입·설립 등기까지 창업 초기 법인 설립 절차를 지원합니다. 상담 시 서류·일정·비용 범위를 항목별로 안내합니다. 법인설립등기를 
/근저당말소보수표,156,943,0.165,false,근저당 말소 보수표 검색은 근저당 말소 비용과 같은 의도인 경우가 많습니다. 협회 표 숫자를 이 페이지에 복사하지 않습니다. 근저당 말소 보수표 검색은 근저당 말소 비용과 같은 의도인 경우가 많습니다. 협회 표 숫자를 이 페이지에 복사하지 않습니다. 근저당 말소 보수표 검색은 근저당 말소 비용과 같은 의도인 경우가 많습니
/임차권등기명령비용,243,1171,0.208,false,"임차권등기명령 비용·수임료·수수료는 대개 같은 질문입니다. 보증금 미반환 상황에서 대항력을 유지하기 위한 법원 절차이며, 인지·송달료 등 법원 실비와 신청서 작성 보수를 구분합니다. 임차권등기명령 비용·수임료·수수료는 대개 같은 질문입니다. 보증금 미반환 상황에서 대항력을 유지하기 위한 법원 절차이며, 인지·송달료 등 법"
/선박등기보수표,396,2184,0.181,true,"선박등기 보수표 안내는 협회·일반 보수 체계를 참고 기준으로 설명합니다. 실제 수임은 사건 난이도에 따라 조정될 수 있어, 보수표=최종 견적이 아닙니다. 비용 구성(세금·수수료)과 보수표를 혼동하지 않도록 이 페이지에서는 보수 기준 쪽에 초점을 둡니다. 선박·어선 소유권 이전·저당 등 선박 등기를 지원합니다. 부산 항만·"
/중부산등기소임원변경등기,314,2024,0.155,false,중부산등기소와(과) 관련된 임원변경등기 사건은 관할과 제출 서류를 먼저 맞추는 것이 중요합니다. 동래·연제·북구 일부 부동산·법인 등기 관할 등기소입니다. 대표이사·이사·감사 변경에 따른 법인 등기입니다. 결의일로부터 등기 기한 준수가 중요합니다. 중부산등기소와(과) 관련된 임원변경등기 사건은 관할과 제출 서류를 먼저 맞
/부산선박등기,381,1985,0.192,false,부산 선박등기 관련 문의는 검색 키워드만으로 절차가 결정되지 않는 경우가 많습니다. 선박·어선 소유권 이전·저당 등 선박 등기를 지원합니다. 부산 항만·해운 업체 상담을 안내합니다. 부산광역시 전역 상속등기·부동산등기·법인등기·개인회생·파산 등 법무사 업무를 다루는 핵심 지역입니다. 는 상황을 듣고 다음 단계부터 정리합니
/녹산산업단지법인등기,437,2146,0.204,false,녹산산업단지 법인등기 관련 문의는 검색 키워드만으로 절차가 결정되지 않는 경우가 많습니다. 주식회사·유한회사 등 법인의 설립 이후 변경·이전 등기를 처리합니다. 센텀·서면 일대 법인 설립·임원변경·본점이전을 안내합니다. 부산광역시 전역 상속등기·부동산등기·법인등기·개인회생·파산 등 법무사 업무를 다루는 핵심 지역입니다. 
/동부지원상속등기,427,2061,0.207,false,동부지원 상속등기 관련 문의는 검색 키워드만으로 절차가 결정되지 않는 경우가 많습니다. 피상속인 사망 후 부동산·토지 등기명의를 상속인 명의로 이전하는 절차입니다. 부산 전역 아파트·상가·토지 상속 사건을 다룹니다. 부산광역시 전역 상속등기·부동산등기·법인등기·개인회생·파산 등 법무사 업무를 다루는 핵심 지역입니다. 는 
/영도구선박등기,384,2019,0.19,false,영도구에서 선박등기를 진행하려면 관할 확인 후 서류 체크리스트부터 잡는 편이 안전합니다. 영도·남항 일대 선박·어선·해운 관련 등기와 주택·상가 부동산등기·상속 수요가 있는 구입니다. 선박·어선 소유권 이전·저당 등 선박 등기를 지원합니다. 부산 항만·해운 업체 상담을 안내합니다. 상담 시 서류·일정·비용 범위를 항목별로
/강서구선박등기,361,1991,0.181,true,강서구 선박등기 문의는 소재지·채무·협의 상태에 따라 준비 순서가 달라집니다. 대저·명지·녹산 일대 신도시·산업단지 인근 법인·부동산 등기 수요가 있는 구입니다. 선박·어선 소유권 이전·저당 등 선박 등기를 지원합니다. 부산 항만·해운 업체 상담을 안내합니다. 상담 시 서류·일정·비용 범위를 항목별로 안내합니다. 강서구 
/부곡동한정승인,348,1917,0.182,false,한정승인을 부곡동 기준으로 볼 때는 동일 절차라도 등기소·법원 창구가 사건별로 갈릴 수 있습니다. 부곡동 다가구·상가 상속·한정승인 사건이 있는 동입니다. 상속 재산 범위 내에서만 채무를 변제하고 상속을 승인하는 절차입니다. 채무 조사 후 상속등기와 연계됩니다. 상담 시 서류·일정·비용 범위를 항목별로 안내합니다. 한정승
/명지역법인설립등기,307,1967,0.156,false,명지역에서 법인설립등기를 진행하려면 관할 확인 후 서류 체크리스트부터 잡는 편이 안전합니다. 명지역·신도시 인근 법인·부동산 등기 수요가 있습니다. 정관 작성·자본금 납입·설립 등기까지 창업 초기 법인 설립 절차를 지원합니다. 상담 시 서류·일정·비용 범위를 항목별로 안내합니다. 명지역에서 법인설립등기를 진행하려면 관할 
/증여등기기간,354,2130,0.166,true,"증여등기 소요 기간 안내는 서류 수집·접수·보정·완료까지 일반적인 흐름을 구간별로 설명합니다. 사건마다 달라 단정 일정을 약속하지 않으며, 병목 구간을 미리 알려 드립니다. 증여를 원인으로 한 부동산 소유권 이전 등기입니다. 증여세·취득세 신고와 연계됩니다. 는 부산 전역 사건을 다루며 기간 관련 범위를 항목별로 정리합니"
/전세권설정보수표,388,2161,0.18,false,"전세권설정 보수표 안내는 협회·일반 보수 체계를 참고 기준으로 설명합니다. 실제 수임은 사건 난이도에 따라 조정될 수 있어, 보수표=최종 견적이 아닙니다. 비용 구성(세금·수수료)과 보수표를 혼동하지 않도록 이 페이지에서는 보수 기준 쪽에 초점을 둡니다. 전세금 보호를 위한 전세권 설정 등기입니다. 임대차 계약·확정일자와"
/임차권등기명령필요서류,440,2396,0.184,false,"임차권등기명령 ‘필요서류’ 안내는 접수에 반드시 붙는 핵심 서류(신분·인감·원인서류·관할 확인용 주소) 중심으로 정리합니다. 없어도 상담은 가능하지만, 접수 단계로 가려면 목록의 ★ 표시 항목부터 채우는 편이 빠릅니다. 이 페이지는 ‘무엇을 준비해야 접수가 되는지’에 초점을 둡니다. 일정·비용은 별도 안내를 참고하세요. "
/재개발등기보수표,366,2225,0.164,true,"재개발등기 보수표 안내는 협회·일반 보수 체계를 참고 기준으로 설명합니다. 실제 수임은 사건 난이도에 따라 조정될 수 있어, 보수표=최종 견적이 아닙니다. 비용 구성(세금·수수료)과 보수표를 혼동하지 않도록 이 페이지에서는 보수 기준 쪽에 초점을 둡니다. 재개발 조합원 지위·분양권·신축 아파트 등기를 지원합니다. 는 부산"
/재건축등기보수표,362,2163,0.167,true,"재건축등기 보수표 안내는 협회·일반 보수 체계를 참고 기준으로 설명합니다. 실제 수임은 사건 난이도에 따라 조정될 수 있어, 보수표=최종 견적이 아닙니다. 비용 구성(세금·수수료)과 보수표를 혼동하지 않도록 이 페이지에서는 보수 기준 쪽에 초점을 둡니다. 재건축 사업 후 신축 아파트 소유권 이전 등기를 지원합니다. 는 부"
/광안동법무사,264,1353,0.195,true,광안동 법무사를 찾으시면 광안1·2·3동 등 행정동 실거주 아파트·다가구·내륙 골목 상가의 매매·상속을 이 페이지에서 보시면 됩니다. 광안리 해변·전세권 히어로 안내는 광안리 페이지가 담당합니다. 광안동 법무사를 찾으시면 광안1·2·3동 등 행정동 실거주 아파트·다가구·내륙 골목 상가의 매매·상속을 이 페이지에서 보시면 
/사하구전세권설정,348,2027,0.172,false,사하구 전세권설정 문의는 소재지·채무·협의 상태에 따라 준비 순서가 달라집니다. 하단·괴정·당리 일대 주택·상가 상속·전세·매매 부동산등기 문의가 있는 구입니다. 전세금 보호를 위한 전세권 설정 등기입니다. 임대차 계약·확정일자와 함께 검토합니다. 상담 시 서류·일정·비용 범위를 항목별로 안내합니다. 사하구 전세권설정 문
/기장군재개발등기,317,1943,0.163,false,기장군에서 재개발등기를 진행하려면 관할 확인 후 서류 체크리스트부터 잡는 편이 안전합니다. 기장·정관·일광 일대 토지·전원주택 상속과 산업단지 법인 등기 수요가 있습니다. 재개발 조합원 지위·분양권·신축 아파트 등기를 지원합니다. 상담 시 서류·일정·비용 범위를 항목별로 안내합니다. 기장군에서 재개발등기를 진행하려면 관할
/명지동법인설립등기,325,1962,0.166,false,법인설립등기를 명지동 기준으로 볼 때는 동일 절차라도 등기소·법원 창구가 사건별로 갈릴 수 있습니다. 명지국제신도시 인근 법인 설립·부동산 등기 수요가 있는 동입니다. 정관 작성·자본금 납입·설립 등기까지 창업 초기 법인 설립 절차를 지원합니다. 상담 시 서류·일정·비용 범위를 항목별로 안내합니다. 법인설립등기를 명지동 
/정관법인설립등기,326,1974,0.165,false,법인설립등기를 정관 기준으로 볼 때는 동일 절차라도 등기소·법원 창구가 사건별로 갈릴 수 있습니다. 정관·정관신도시 일대 산업·물류 법인 등기 수요가 있는 지역입니다. 정관 작성·자본금 납입·설립 등기까지 창업 초기 법인 설립 절차를 지원합니다. 상담 시 서류·일정·비용 범위를 항목별로 안내합니다. 법인설립등기를 정관 기
/증여등기과태료,336,1997,0.168,false,증여등기 과태료 관련 안내는 지연 등기·신고가 문제될 수 있는 조건을 중심으로 봅니다. 이미 기한이 지난 경우에도 다음 조치 선택지를 상담에서 정리합니다. 증여를 원인으로 한 부동산 소유권 이전 등기입니다. 증여세·취득세 신고와 연계됩니다. 는 부산 전역 사건을 다루며 과태료 관련 범위를 항목별로 정리합니다. 증여등기 과
/근저당말소기간,353,2083,0.169,true,"근저당말소 소요 기간 안내는 서류 수집·접수·보정·완료까지 일반적인 흐름을 구간별로 설명합니다. 사건마다 달라 단정 일정을 약속하지 않으며, 병목 구간을 미리 알려 드립니다. 대출 상환 후 근저당권 말소 등기를 진행합니다. 매매·상속 등기와 순서를 조율합니다. 는 부산 전역 사건을 다루며 기간 관련 범위를 항목별로 정리합"
/임차권등기명령기한,335,2141,0.156,false,임차권등기명령 기한 안내는 법정·실무상 놓치기 쉬운 날짜(결의일·상속 개시·잔금일)를 중심으로 정리합니다. 기한이 임박하면 서류 완비보다 우선순위 절차부터 안내합니다. 전세금 반환 문제 등에서 임차권등기명령·배당요구 절차를 지원합니다. 는 부산 전역 사건을 다루며 기한 관련 범위를 항목별로 정리합니다. 임차권등기명령 기한
/선박등기기간,369,2174,0.17,true,"선박등기 소요 기간 안내는 서류 수집·접수·보정·완료까지 일반적인 흐름을 구간별로 설명합니다. 사건마다 달라 단정 일정을 약속하지 않으며, 병목 구간을 미리 알려 드립니다. 선박·어선 소유권 이전·저당 등 선박 등기를 지원합니다. 부산 항만·해운 업체 상담을 안내합니다. 는 부산 전역 사건을 다루며 기간 관련 범위를 항목"
/해운회사법인등기,433,2039,0.212,false,해운회사 법인등기 관련 문의는 검색 키워드만으로 절차가 결정되지 않는 경우가 많습니다. 주식회사·유한회사 등 법인의 설립 이후 변경·이전 등기를 처리합니다. 센텀·서면 일대 법인 설립·임원변경·본점이전을 안내합니다. 부산광역시 전역 상속등기·부동산등기·법인등기·개인회생·파산 등 법무사 업무를 다루는 핵심 지역입니다. 는 
/산업단지법인등기,433,2069,0.209,false,산업단지 법인등기 관련 문의는 검색 키워드만으로 절차가 결정되지 않는 경우가 많습니다. 주식회사·유한회사 등 법인의 설립 이후 변경·이전 등기를 처리합니다. 센텀·서면 일대 법인 설립·임원변경·본점이전을 안내합니다. 부산광역시 전역 상속등기·부동산등기·법인등기·개인회생·파산 등 법무사 업무를 다루는 핵심 지역입니다. 는 
/광안동전세권설정,333,2025,0.164,false,광안동 전세권설정 문의는 소재지·채무·협의 상태에 따라 준비 순서가 달라집니다. 광안리 해변 인근 아파트·상가 전세·매매·상속 등기를 안내하는 동입니다. 전세금 보호를 위한 전세권 설정 등기입니다. 임대차 계약·확정일자와 함께 검토합니다. 상담 시 서류·일정·비용 범위를 항목별로 안내합니다. 광안동 전세권설정 문의는 소재
/근저당말소과태료,335,2124,0.158,false,근저당말소 과태료 관련 안내는 지연 등기·신고가 문제될 수 있는 조건을 중심으로 봅니다. 이미 기한이 지난 경우에도 다음 조치 선택지를 상담에서 정리합니다. 대출 상환 후 근저당권 말소 등기를 진행합니다. 매매·상속 등기와 순서를 조율합니다. 는 부산 전역 사건을 다루며 과태료 관련 범위를 항목별로 정리합니다. 근저당말소
/전세권설정기간,356,2176,0.164,false,"전세권설정 소요 기간 안내는 서류 수집·접수·보정·완료까지 일반적인 흐름을 구간별로 설명합니다. 사건마다 달라 단정 일정을 약속하지 않으며, 병목 구간을 미리 알려 드립니다. 전세금 보호를 위한 전세권 설정 등기입니다. 임대차 계약·확정일자와 함께 검토합니다. 는 부산 전역 사건을 다루며 기간 관련 범위를 항목별로 정리합"
/임차권등기명령준비서류,442,2344,0.189,false,"임차권등기명령 ‘준비서류’ 안내는 상담 전에 모아 두면 좋은 참고 자료(등기부·계약서 사본·가족관계·잔고 등) 중심입니다. 필수 접수 서류와 달리, 준비서류는 사건 파악용으로 먼저 모아 두면 체크리스트가 짧아집니다. 이 페이지는 ‘상담 전 미리 챙기면 좋은 것’에 초점을 둡니다. 접수 필수 목록은 필요서류 안내와 역할을 "
/선박등기과태료,351,2096,0.167,false,선박등기 과태료 관련 안내는 지연 등기·신고가 문제될 수 있는 조건을 중심으로 봅니다. 이미 기한이 지난 경우에도 다음 조치 선택지를 상담에서 정리합니다. 선박·어선 소유권 이전·저당 등 선박 등기를 지원합니다. 부산 항만·해운 업체 상담을 안내합니다. 는 부산 전역 사건을 다루며 과태료 관련 범위를 항목별로 정리합니다.
/재개발등기기간,323,2080,0.155,true,"재개발등기 소요 기간 안내는 서류 수집·접수·보정·완료까지 일반적인 흐름을 구간별로 설명합니다. 사건마다 달라 단정 일정을 약속하지 않으며, 병목 구간을 미리 알려 드립니다. 재개발 조합원 지위·분양권·신축 아파트 등기를 지원합니다. 는 부산 전역 사건을 다루며 기간 관련 범위를 항목별로 정리합니다. 재개발등기 소요 기간"
/재건축등기기간,317,2090,0.152,true,"재건축등기 소요 기간 안내는 서류 수집·접수·보정·완료까지 일반적인 흐름을 구간별로 설명합니다. 사건마다 달라 단정 일정을 약속하지 않으며, 병목 구간을 미리 알려 드립니다. 재건축 사업 후 신축 아파트 소유권 이전 등기를 지원합니다. 는 부산 전역 사건을 다루며 기간 관련 범위를 항목별로 정리합니다. 재건축등기 소요 기"
/전세권설정과태료,338,2035,0.166,false,전세권설정 과태료 관련 안내는 지연 등기·신고가 문제될 수 있는 조건을 중심으로 봅니다. 이미 기한이 지난 경우에도 다음 조치 선택지를 상담에서 정리합니다. 전세금 보호를 위한 전세권 설정 등기입니다. 임대차 계약·확정일자와 함께 검토합니다. 는 부산 전역 사건을 다루며 과태료 관련 범위를 항목별로 정리합니다. 전세권설정
/재개발등기과태료,305,1956,0.156,false,재개발등기 과태료 관련 안내는 지연 등기·신고가 문제될 수 있는 조건을 중심으로 봅니다. 이미 기한이 지난 경우에도 다음 조치 선택지를 상담에서 정리합니다. 재개발 조합원 지위·분양권·신축 아파트 등기를 지원합니다. 는 부산 전역 사건을 다루며 과태료 관련 범위를 항목별로 정리합니다. 재개발등기 과태료 관련 안내는 지연 
/부산지방법원동부지원등기과법무사,307,2088,0.147,true,"동부지원 등기과 근처 검색으로 들어왔더라도, 실제 관할과 접수 방식이 맞는지가 핵심입니다. 부산지방법원 동부지원 내 등기 접수 창구입니다. 동부권 부동산·법인 등기가 접수됩니다. 방문 전 신청서·위임장·인감증명서를 정리해 두면 접수가 수월합니다. 동부지원 등기과 근처 검색으로 들어왔더라도, 실제 관할과 접수 방식이 맞는지"
/부산지방법원채권회수,337,2046,0.165,false,부산지방법원와(과) 관련된 채권회수 사건은 관할과 제출 서류를 먼저 맞추는 것이 중요합니다. 부산·울산·경남 일부 민사·형사 1심 관할 법원입니다. 지급명령·가압류 등 민사 절차와 연계됩니다. 대여금·매매대금·임대료 등 채권 회수를 위한 내용증명·지급명령·소송을 지원합니다. 부산지방법원와(과) 관련된 채권회수 사건은 관할
/부산가정법원성년후견,301,2006,0.15,false,부산가정법원와(과) 관련된 성년후견 사건은 관할과 제출 서류를 먼저 맞추는 것이 중요합니다. 상속포기·한정승인·성년후견 등 가사 사건을 관할하는 법원입니다. 성년후견·한정후견·특정후견 신청 절차를 안내합니다. 가정법원 관할 사건입니다. 부산가정법원와(과) 관련된 성년후견 사건은 관할과 제출 서류를 먼저 맞추는 것이 중요합
/물류회사법인등기,433,2055,0.211,false,물류회사 법인등기 관련 문의는 검색 키워드만으로 절차가 결정되지 않는 경우가 많습니다. 주식회사·유한회사 등 법인의 설립 이후 변경·이전 등기를 처리합니다. 센텀·서면 일대 법인 설립·임원변경·본점이전을 안내합니다. 부산광역시 전역 상속등기·부동산등기·법인등기·개인회생·파산 등 법무사 업무를 다루는 핵심 지역입니다. 는 
/부산지방법원지급명령,243,1386,0.175,false,부산지방법원 지급명령은 금전 채권을 비교적 간이한 절차로 청구할 때 검토하는 민사신청입니다. 관할·당사자·청구 원인·증거 자료를 먼저 맞춰야 보정·각하 위험을 줄일 수 있습니다. 부산지방법원 지급명령은 금전 채권을 비교적 간이한 절차로 청구할 때 검토하는 민사신청입니다. 관할·당사자·청구 원인·증거 자료를 먼저 맞춰야 보
/부산지방법원동부지원채권회수,319,2115,0.151,false,부산지방법원동부지원와(과) 관련된 채권회수 사건은 관할과 제출 서류를 먼저 맞추는 것이 중요합니다. 해운대·수영·기장 등 동부 지역 관련 일부 민사·형사 사건을 관할합니다. 대여금·매매대금·임대료 등 채권 회수를 위한 내용증명·지급명령·소송을 지원합니다. 부산지방법원동부지원와(과) 관련된 채권회수 사건은 관할과 제출 서류
/광안역전세권설정,306,1989,0.154,false,광안역 전세권설정 문의는 소재지·채무·협의 상태에 따라 준비 순서가 달라집니다. 광안역·광안리 인근 전세·매매 등기 수요가 있습니다. 전세금 보호를 위한 전세권 설정 등기입니다. 임대차 계약·확정일자와 함께 검토합니다. 상담 시 서류·일정·비용 범위를 항목별로 안내합니다. 광안역 전세권설정 문의는 소재지·채무·협의 상태에
/부산지방법원동부지원지급명령,251,1397,0.18,false,부산지방법원 동부지원 지급명령은 금전 채권을 비교적 간이한 절차로 청구할 때 검토하는 민사신청입니다. 관할·당사자·청구 원인·증거 자료를 먼저 맞춰야 보정·각하 위험을 줄일 수 있습니다. 부산지방법원 동부지원 지급명령은 금전 채권을 비교적 간이한 절차로 청구할 때 검토하는 민사신청입니다. 관할·당사자·청구 원인·증거 자료
/해운대역법무사,294,1233,0.238,true,"해운대역 법무사를 찾으시면 해운대역·중동 상권으로 오시는 동선의 상가·주거 등기를 이 역세권 안내에서 연결하시면 됩니다. 중동 생활권 본문은 중동 법무사 안내, 구 전체는 해운대 안내가 Primary Host에 가깝습니다. 해운대역 법무사를 찾으시면 해운대역·중동 상권으로 오시는 동선의 상가·주거 등기를 이 역세권 안내에"
/광안역법무사,273,1205,0.227,true,"광안역 법무사를 찾으시면 광안역 인근으로 오시는 동선의 전세·매매 등기를 이 역세권 안내에서 연결하시면 됩니다. 해변·전세권 본문은 광안리 안내, 행정동 실거주는 광안동 안내가 Primary에 가깝습니다. 광안역 법무사를 찾으시면 광안역 인근으로 오시는 동선의 전세·매매 등기를 이 역세권 안내에서 연결하시면 됩니다. 해변"
/연산역법무사,252,1202,0.21,true,"연산역 법무사를 찾으시면 1·3호선 환승역 인근 아파트·상가의 상속·법인 등기를 이 역세권 안내에서 보시면 됩니다. 연산동 행정동 전체는 연산동 페이지, 연제구 전체는 연제구 안내가 맞습니다. 연산역 법무사를 찾으시면 1·3호선 환승역 인근 아파트·상가의 상속·법인 등기를 이 역세권 안내에서 보시면 됩니다. 연산동 행정동"
/사상역법무사,303,1234,0.246,true,"사상역 법무사를 찾으시면 사상역·서부산 유통 인근으로 오시는 동선의 상가·공장·회생 상담을 이 역세권 안내에서 연결하시면 됩니다. 괘법 상가·공장 본문은 사상 법무사 안내, 구 전체는 사상구 안내가 Primary Host입니다. 사상역 법무사를 찾으시면 사상역·서부산 유통 인근으로 오시는 동선의 상가·공장·회생 상담을 이"
/명지역법무사,297,1239,0.24,true,"명지역 법무사를 찾으시면 명지역 인근으로 오시는 동선의 신도시·법인·부동산 등기를 이 역세권 안내에서 연결하시면 됩니다. 신도시·법인 본문은 명지 법무사 안내, 기존 명지동 지번은 명지동 안내가 Primary에 가깝습니다. 명지역 법무사를 찾으시면 명지역 인근으로 오시는 동선의 신도시·법인·부동산 등기를 이 역세권 안내에"
/중동법무사,237,1261,0.188,true,해운대 중동 법무사를 찾으시면 해운대역·해운대해수욕장 중동 상권의 상가·오피스텔·주택 등기를 이 페이지에서 보시면 됩니다. 중구 원도심(남포·광복)과는 다른 생활권입니다. 해운대 중동 법무사를 찾으시면 해운대역·해운대해수욕장 중동 상권의 상가·오피스텔·주택 등기를 이 페이지에서 보시면 됩니다. 중구 원도심(남포·광복)과는
/송정동법무사,279,1303,0.214,true,"송정동 법무사를 찾으시면 송정해수욕장·청사포 인근 주택·펜션성 숙박·상가의 상속·매매등기를 이 페이지에서 연결하시면 됩니다. 해운대 구 전체는 해운대 안내, 마린시티·우동 고급 주거는 우동 안내와 나눕니다. 송정동 법무사를 찾으시면 송정해수욕장·청사포 인근 주택·펜션성 숙박·상가의 상속·매매등기를 이 페이지에서 연결하시면"
/부전동법무사,273,1329,0.205,true,"부전동 법무사를 찾으시면 부전 지번 상가·오피스텔의 매매등기·권리금과 소유권 구분을 이 페이지에서 보시면 됩니다. 서면 상권 브랜드·환승 허브 안내는 서면 페이지, 부산진구 전체는 부산진구 안내가 맞습니다. 부전동 법무사를 찾으시면 부전 지번 상가·오피스텔의 매매등기·권리금과 소유권 구분을 이 페이지에서 보시면 됩니다. "
/양정동법무사,228,1713,0.133,true,"양정동·양정역 생활권에서는 주택·상가 매매등기, 공동상속 후 명의 정리, 전세·임대 관련 등기 문의가 이어집니다. 서면·전포·개금과 맞닿은 부산진구 주거 밀집지입니다. 양정동·양정역 생활권에서는 주택·상가 매매등기, 공동상속 후 명의 정리, 전세·임대 관련 등기 문의가 이어집니다. 서면·전포·개금과 맞닿은 부산진구 주거 "
/명지동법무사,288,1369,0.21,true,명지동 법무사를 찾으시면 기존 명지 주거·토지·어촌 생활권의 매매·상속등기를 이 페이지에서 연결하시면 됩니다. 명지국제신도시·에코델타 입주·법인설립 히어로는 명지 법무사·에코델타 법인등기 안내가 담당합니다. 명지동 법무사를 찾으시면 기존 명지 주거·토지·어촌 생활권의 매매·상속등기를 이 페이지에서 연결하시면 됩니다. 명지
/기장법무사,240,1198,0.2,true,기장 법무사를 찾으시면 기장읍 생활권의 토지·주택 상속·매매를 이 페이지에서 기장읍·기장군 안내로 연결하시면 됩니다. 정관신도시·일광·오시리아는 각 생활권 페이지가 있습니다. 기장 법무사를 찾으시면 기장읍 생활권의 토지·주택 상속·매매를 이 페이지에서 기장읍·기장군 안내로 연결하시면 됩니다. 정관신도시·일광·오시리아는 각
/온천동법무사,291,1359,0.214,true,"온천동 법무사를 찾으시면 온천장·동래읍성·온천천 생활권의 구축 주택·상가 상속과 매매등기를 이 페이지에서 연결하시면 됩니다. 사직동 야구장·재건축 각도는 사직동 안내, 동래구 전체는 동래구 안내를 함께 보시면 됩니다. 온천동 법무사를 찾으시면 온천장·동래읍성·온천천 생활권의 구축 주택·상가 상속과 매매등기를 이 페이지에서"
/장전동법무사,237,1276,0.186,true,장전동 법무사를 찾으시면 부산대·장전역 인근 원룸·다가구·상가주택의 매매·상속을 이 페이지에서 연결하시면 됩니다. 부곡동 한정승인·임대채무는 부곡동 안내가 더 가깝습니다. 장전동 법무사를 찾으시면 부산대·장전역 인근 원룸·다가구·상가주택의 매매·상속을 이 페이지에서 연결하시면 됩니다. 부곡동 한정승인·임대채무는 부곡동 안
/상속,725,2146,0.338,false,이 페이지는 가족 사망 후 어떤 절차가 필요한지 처음부터 확인하는 상속 종합 안내입니다. 부산에서 상속 법무사·법무사 상속 상담을 찾는다면 부산 상속 법무사 안내가 대표 페이지입니다. 상속이 발생하면 등기·가정법원 신고·채무 조사를 어떤 순서로 진행해야 할지 막막한 경우가 많습니다. 부동산이 부산에 있지 않아도 전국 상속
/법인등기,433,1660,0.261,false,"법인 설립·임원 변경·본점 이전·정관 변경은 주주총회·이사회 결의와 등기신청서 작성이 맞아야 합니다. 결의 후 등기 기한을 넘기면 과태료가 부과될 수 있고, 정관과 등기부 불일치는 거래·대출에서 문제가 됩니다. 부산 센텀·문현금융단지·명지·에코델타시티 등 법인 밀집 지역에서는 스타트업 설립과 투자 유치 후 임원변경 상담이"
/부동산등기,439,1490,0.295,false,"부동산 매매·증여·상속·신축 입주 후 등기는 원인별로 필요 서류와 세금 부담이 다릅니다. 전세권·근저당·가압류가 등기부에 남아 있으면 말소 순서를 등기 일정과 맞춰야 하고, 재개발·재건축 지역은 조합원 지위와 분양권 연결이 핵심입니다. 부산은 등기국·동부지원 등기과·남부산등기소·서부지원 등기과·북부산등기소로 관할이 나뉘므"
/개인회생파산,513,1795,0.286,false,"카드값·여러 곳 대출이 감당되지 않거나 급여압류가 들어왔을 때, 개인회생과 개인파산 중 어디부터 볼지 헷갈리는 경우가 많습니다. 소득으로 변제 계획을 세울 여지가 있으면 개인회생을, 변제 여력이 거의 없으면 개인파산·면책을 먼저 비교합니다. 부산·경남 일대는 부산회생법원 관할인 경우가 많고, 목록 누락은 보정·기각으로 이"
/민사소송,411,1472,0.279,false,"채권 회수·분쟁 대응에서 지급명령·본안 소송·가압류·가처분 중 어떤 절차가 적합한지는 채권 종류·증거·상대방 주소에 따라 달라집니다. 부산지방법원·동부지원 관할은 사건 소재지와 당사자 주소를 기준으로 정해지며, 소장·답변서·준비서면 작성과 증거 정리가 결과에 큰 영향을 줍니다. 는 소송 전략과 서류 작성·접수 절차를 실무"
/임대차전세,393,1253,0.314,false,"전세 보증금 반환이 지연되거나 임대인과 연락이 두절되면 임차권등기명령·보증금반환청구·내용증명 등 순서를 빠르게 정리해야 합니다. 이사 시점·전입신고·확정일자·대항력·우선변제권 여부에 따라 준비서류가 달라지고, 상가와 주택은 임대차보호법 적용도 다릅니다. 는 부산광역시 자립지원전담기관 전세사기 예방 특강 경험을 바탕으로 계"
/공탁채권회수,357,1337,0.267,false,채무 변제 공탁·집행 공탁·해방 공탁은 채권·채무 관계와 소송 진행 상황에 따라 서류와 순서가 달라집니다. 미수금·대여금·공사대금 회수는 지급명령·본안 소송·가압류·추심명령·강제집행까지 단계별 전략이 필요합니다. 부산지방법원 공탁 사무와 민사집행 절차는 관할과 신청서 양식을 사전에 확인하는 것이 좋습니다. 는 채권 회수 
/가족후견,369,1521,0.243,false,"성년후견·한정후견·임의후견은 가정법원 가사 사건으로, 신청 사유와 감정·조사 절차에 따라 소요 기간이 달라집니다. 상속이 진행 중인데 상속인이 행방불명이거나 미성년자인 경우 상속특별대리인·미성년자특별대리인 선임이 필요할 수 있습니다. 가족관계등록 정정·개명·실종선고 등도 가사비송 절차입니다. 는 부산가정법원 관할과 준비서"
/특수등기,365,1170,0.312,false,"선박·자동차 근저당·공장재단·비영리법인·종중·교회 등기는 일반 부동산·주식회사 등기와 요건과 서류가 다릅니다. 외국인·재외국민 상속등기는 번역·공증·인증 절차가 추가될 수 있습니다. 부산항·산업단지·비영리 단체 사무에서 특수등기 문의가 이어지며, 관할 등기소와 사전 협의가 필요한 경우도 있습니다. 는 사건 유형별 체크리스"
/창업법무,397,1520,0.261,true,창업 초기에는 법인 설립·정관 설계·사업자등록·본점 소재지 등기를 한 번에 정리하는 것이 이후 변경 비용을 줄입니다. 센텀·문현·명지국제신도시·에코델타시티·명례산업단지 등에서는 스타트업·소상공인·제조업 법인 설립과 투자 라운드 후 임원변경 수요가 큽니다. 폐업·해산·청산 시에도 등기와 세무·채무 정리 순서가 중요합니다. 
/situations,318,1115,0.285,false,"상속·등기·전세·법인·채무처럼 업무명을 모를 때도 괜찮습니다. 실제로 많이 검색하는 생활 상황별로, 먼저 확인할 것·혼자 가능한 범위·상담이 필요한 경우를 정리했습니다. 부산·해운대·센텀에 있는 가 절차와 서류를 함께 검토해 드립니다. 상속·등기·전세·법인·채무처럼 업무명을 모를 때도 괜찮습니다. 실제로 많이 검색하는 생"
/situations/분류/가족-사망-상속,219,963,0.227,false,"부모님이나 배우자 사망 직후에는 장례와 함께 상속인·재산·채무를 확인해야 합니다. 기한과 선택을 놓치면 불이익이 커질 수 있어, 지금 상황에 맞는 순서부터 안내합니다. 부모님이나 배우자 사망 직후에는 장례와 함께 상속인·재산·채무를 확인해야 합니다. 기한과 선택을 놓치면 불이익이 커질 수 있어, 지금 상황에 맞는 순서부터"
/situations/분류/전세-임대차-보증금,213,975,0.218,false,"계약이 끝났는데 보증금이 돌아오지 않으면, 말로만 기다리기보다 대항력·우선변제권·기한을 함께 봐야 합니다. 급한 경우가 많아 우선 확인할 순서를 정리했습니다. 계약이 끝났는데 보증금이 돌아오지 않으면, 말로만 기다리기보다 대항력·우선변제권·기한을 함께 봐야 합니다. 급한 경우가 많아 우선 확인할 순서를 정리했습니다. 계약"
/situations/분류/부동산-매매-증여-등기,222,990,0.224,false,"잔금을 치렀거나 명의를 바꿔야 하는데 등기가 막히면, 계약서·등기부등본·말소 순서를 먼저 대조해야 합니다. 셀프등기 실수도 되돌리기 어려울 수 있어 주의가 필요합니다. 잔금을 치렀거나 명의를 바꿔야 하는데 등기가 막히면, 계약서·등기부등본·말소 순서를 먼저 대조해야 합니다. 셀프등기 실수도 되돌리기 어려울 수 있어 주의가"
/situations/분류/개인채무-회생-파산,207,969,0.214,true,"채무는 금액만큼 구조(담보·보증·소득)가 중요합니다. 무조건 회생이나 파산이 정답은 아니며, 지금 압류·독촉 상황에 맞는 경로를 함께 정리할 수 있습니다. 채무는 금액만큼 구조(담보·보증·소득)가 중요합니다. 무조건 회생이나 파산이 정답은 아니며, 지금 압류·독촉 상황에 맞는 경로를 함께 정리할 수 있습니다. 채무는 금액"
/situations/분류/법인-사업-운영,222,966,0.23,false,법인은 실제 운영과 등기부가 어긋나면 은행·계약·입찰에서 막히기 쉽습니다. 임기 만료·대표자 변경·본점 이전은 각각 기한과 과태료 규정이 있어 빠른 확인이 필요합니다. 법인은 실제 운영과 등기부가 어긋나면 은행·계약·입찰에서 막히기 쉽습니다. 임기 만료·대표자 변경·본점 이전은 각각 기한과 과태료 규정이 있어 빠른 확인이
/situations/분류/돈을-받지-못한-경우,213,963,0.221,false,"돈을 못 받을 때는 증거·소멸시효·상대방 주소가 핵심입니다. 관계를 유지할지, 법적 절차로 권리를 고정할지에 따라 내용증명·지급명령·소송 순서가 달라집니다. 돈을 못 받을 때는 증거·소멸시효·상대방 주소가 핵심입니다. 관계를 유지할지, 법적 절차로 권리를 고정할지에 따라 내용증명·지급명령·소송 순서가 달라집니다. 돈을 못"
/situations/분류/계약-일상-분쟁,210,954,0.22,false,"계약 분쟁은 ‘누가 먼저 잘못했는지’보다, 계약서·대화 기록·이행 여부를 어떻게 정리하느냐가 결과에 큰 영향을 줍니다. 합의 전에 확인할 포인트를 모았습니다. 계약 분쟁은 ‘누가 먼저 잘못했는지’보다, 계약서·대화 기록·이행 여부를 어떻게 정리하느냐가 결과에 큰 영향을 줍니다. 합의 전에 확인할 포인트를 모았습니다. 계약"
/situations/parent-passed-away,378,1895,0.199,false,"사망 사실을 접하면 장례와 행정 처리가 먼저입니다. 그다음 상속인이 누구인지, 부동산이 있는지, 등기를 언제까지 해야 하는지를 확인해야 합니다. 부산 해운대구·센텀, 재송동·반여동 일대에서도 전화·카카오톡·방문(예약) 상담이 가능합니다. 사망 사실을 접하면 장례와 행정 처리가 먼저입니다. 그다음 상속인이 누구인지, 부동산"
/situations/siblings-not-cooperating,428,1833,0.233,false,"상속인이 여럿이면 서명·인감·협의가 모두 필요합니다. 한 명이라도 연락이 두절되거나 거부하면 등기가 멈춥니다. 먼저 협의 가능 범위를 확인하고, 필요 시 법적 절차를 검토해야 합니다. 부산 해운대구·센텀, 재송동·반여동 일대에서도 전화·카카오톡·방문(예약) 상담이 가능합니다. 상속인이 여럿이면 서명·인감·협의가 모두 필요"
/situations/inheritance-unknown-debt,382,1808,0.211,true,"단순 승인으로 상속하면 채무도 함께 떠안을 수 있습니다. 사망 후 3개월 안에 한정승인·상속포기 여부를 결정해야 하므로, 채무 조사가 우선입니다. 부산 해운대구·센텀, 재송동·반여동 일대에서도 전화·카카오톡·방문(예약) 상담이 가능합니다. 단순 승인으로 상속하면 채무도 함께 떠안을 수 있습니다. 사망 후 3개월 안에 한정"
/situations/real-estate-sale-registration,382,1783,0.214,false,"잔금을 치렀는데 등기가 안 되면 내 집이 아닙니다. 매도인·중개인·대출·근저당 말소 등 변수가 많아, 계약서와 등기부등본을 먼저 대조해야 합니다. 부산 해운대구·센텀, 재송동·반여동 일대에서도 전화·카카오톡·방문(예약) 상담이 가능합니다. 잔금을 치렀는데 등기가 안 되면 내 집이 아닙니다. 매도인·중개인·대출·근저당 말소"
/situations/jeonse-deposit-unpaid,397,1802,0.22,false,"계약 만료 후에도 보증금이 돌아오지 않으면, 임대인 재산·우선변제권·기한을 동시에 봐야 합니다. 말로만 독촉하기보다 서류로 권리를 고정하는 것이 중요합니다. 부산 해운대구·센텀, 재송동·반여동 일대에서도 전화·카카오톡·방문(예약) 상담이 가능합니다. 계약 만료 후에도 보증금이 돌아오지 않으면, 임대인 재산·우선변제권·기한"
/situations/corporate-officer-address-change,377,1778,0.212,true,"임원 임기 만료·사임·주소 변경·본점 이전은 각각 등기 사유입니다. 신고를 미루면 과태료가 붙고, 은행·거래처 실사에서 문제가 될 수 있습니다. 부산 해운대구·센텀, 재송동·반여동 일대에서도 전화·카카오톡·방문(예약) 상담이 가능합니다. 임원 임기 만료·사임·주소 변경·본점 이전은 각각 등기 사유입니다. 신고를 미루면 과"
/situations/payment-order-certified-mail,370,1739,0.213,true,"독촉만으로는 권리가 고정되지 않습니다. 채권 금액·증거·상대방 주소·소멸시효에 따라 내용증명, 지급명령, 소장 중 경로가 달라집니다. 부산 해운대구·센텀, 재송동·반여동 일대에서도 전화·카카오톡·방문(예약) 상담이 가능합니다. 독촉만으로는 권리가 고정되지 않습니다. 채권 금액·증거·상대방 주소·소멸시효에 따라 내용증명, "
/situations/personal-rehabilitation-bankruptcy,418,1818,0.23,false,"채무가 소득을 압도하면 일상이 멈춥니다. 개인회생은 상환 계획으로 정리하고, 파산은 전면 면책을 검토하는 절차입니다. 어느 쪽이 맞는지는 소득·재산·채무 구조에 따라 달라집니다. 부산 해운대구·센텀, 재송동·반여동 일대에서도 전화·카카오톡·방문(예약) 상담이 가능합니다. 채무가 소득을 압도하면 일상이 멈춥니다. 개인회생은"
/situations/상속재산-조회,449,2100,0.214,false,"사망 후 가장 먼저 해야 할 일 중 하나는 '무엇이 남았는지'를 파악하는 것입니다. 부동산은 등기부등본으로, 금융자산은 금융기관·금융감독원 조회로, 보험은 보험협회 조회로 확인할 수 있습니다. 부산 해운대구·센텀, 재송동·반여동 일대에서도 전화·카카오톡·방문(예약) 상담이 가능합니다. 사망 후 가장 먼저 해야 할 일 중 "
/situations/상속포기-한정승인-선택,437,2005,0.218,false,"사망일(상속개시일)부터 3개월 안에 상속포기·한정승인·단순승인 중 하나를 결정해야 합니다. 기한을 넘기면 단순승인으로 보일 수 있어, 채무가 의심되면 특히 주의가 필요합니다. 부산 해운대구·센텀, 재송동·반여동 일대에서도 전화·카카오톡·방문(예약) 상담이 가능합니다. 사망일(상속개시일)부터 3개월 안에 상속포기·한정승인·"
/situations/상속등기-지연-과태료,397,1899,0.209,true,"상속등기는 부동산이 있는 상속에서 필수에 가깝습니다. 사망 후 일정 기간 내 신청하지 않으면 과태료가 붙을 수 있고, 매매·담보·증여 등에도 제한이 생깁니다. 부산 해운대구·센텀, 재송동·반여동 일대에서도 전화·카카오톡·방문(예약) 상담이 가능합니다. 상속등기는 부동산이 있는 상속에서 필수에 가깝습니다. 사망 후 일정 기"
/situations/해외-거주-상속인,367,1933,0.19,false,"상속인이 해외에 있으면 인감·서명·위임 절차가 달라집니다. 공증·영사 확인·아포스티유 등 국가별 요건을 맞춰야 등기가 진행됩니다. 부산 해운대구·센텀, 재송동·반여동 일대에서도 전화·카카오톡·방문(예약) 상담이 가능합니다. 상속인이 해외에 있으면 인감·서명·위임 절차가 달라집니다. 공증·영사 확인·아포스티유 등 국가별 요"
/situations/상속-후-첫-절차,412,1715,0.24,false,"사망 직후에는 장례와 함께 행정·상속 절차가 한꺼번에 몰립니다. 등기보다 먼저 확인할 것은 상속인 범위, 재산·채무 개요, 그리고 상속포기·한정승인의 3개월 기한입니다. 부산 해운대구·센텀, 재송동·반여동 일대에서도 전화·카카오톡·방문(예약) 상담이 가능합니다. 사망 직후에는 장례와 함께 행정·상속 절차가 한꺼번에 몰립니"
/situations/집주인-연락-두절,403,1876,0.215,false,"계약 만료 후 집주인 연락이 끊기면 보증금 반환만 기다리기 어렵습니다. 등기부등본으로 소유·채무 상태를 확인하고, 내용증명·임차권등기명령 등 권리 확보를 검토해야 합니다. 부산 해운대구·센텀, 재송동·반여동 일대에서도 전화·카카오톡·방문(예약) 상담이 가능합니다. 계약 만료 후 집주인 연락이 끊기면 보증금 반환만 기다리기"
/situations/임차권등기명령-필요할-때,373,1856,0.201,false,"임차권등기명령은 임대인에게 다른 채권자가 있을 때 임차인의 우선변제권을 지키기 위한 절차입니다. 대항력 요건과 신청 기한을 함께 봐야 합니다. 부산 해운대구·센텀, 재송동·반여동 일대에서도 전화·카카오톡·방문(예약) 상담이 가능합니다. 임차권등기명령은 임대인에게 다른 채권자가 있을 때 임차인의 우선변제권을 지키기 위한 절"
/situations/전세-경매-진행,385,1857,0.207,true,"임대인 부동산이 경매에 넘어가면 임차인은 배당요구·우선변제권·대항력을 통해 보증금을 지킬 수 있습니다. 경매 일정과 배당 종기를 놓치면 안 됩니다. 부산 해운대구·센텀, 재송동·반여동 일대에서도 전화·카카오톡·방문(예약) 상담이 가능합니다. 임대인 부동산이 경매에 넘어가면 임차인은 배당요구·우선변제권·대항력을 통해 보증금"
/situations/전입신고-확정일자-없음,355,1809,0.196,true,"전입신고와 확정일자는 임차인 권리의 기본입니다. 둘 다 없거나 늦으면 경매·임대인 파산 시 보증금 회수가 어려워질 수 있습니다. 부산 해운대구·센텀, 재송동·반여동 일대에서도 전화·카카오톡·방문(예약) 상담이 가능합니다. 전입신고와 확정일자는 임차인 권리의 기본입니다. 둘 다 없거나 늦으면 경매·임대인 파산 시 보증금 회"
/situations/잔금-후-소유권이전-거부,430,1840,0.234,false,"잔금까지 치렀는데 매도인이 인감·서류·등기 출석을 거부하면 법적으로 아직 내 집이 아닙니다. 계약서 특약과 등기부 상태를 먼저 확인하고, 이행청구·등기절차 이행 소송을 검토해야 합니다. 부산 해운대구·센텀, 재송동·반여동 일대에서도 전화·카카오톡·방문(예약) 상담이 가능합니다. 잔금까지 치렀는데 매도인이 인감·서류·등기 "
/situations/공동명의-정리,404,1730,0.234,false,"배우자·부모·형제와 공동명의인 부동산은 매매·담보·상속 때마다 모든 명의자 협의가 필요합니다. 지분 정리 방식(매매·증여·분할)에 따라 세금과 절차가 달라집니다. 부산 해운대구·센텀, 재송동·반여동 일대에서도 전화·카카오톡·방문(예약) 상담이 가능합니다. 배우자·부모·형제와 공동명의인 부동산은 매매·담보·상속 때마다 모든"
/situations/근저당-말소-지연,360,1749,0.206,true,"매매·대환·상속 등기에서 근저당 말소가 늦어지면 전체 일정이 밀립니다. 말소채권액·채권자·대출 실행 순서를 계약과 대조해야 합니다. 부산 해운대구·센텀, 재송동·반여동 일대에서도 전화·카카오톡·방문(예약) 상담이 가능합니다. 매매·대환·상속 등기에서 근저당 말소가 늦어지면 전체 일정이 밀립니다. 말소채권액·채권자·대출 실"
/situations/셀프등기-실수,392,1743,0.225,false,"등기소 온라인 등기는 저렴하지만, 한 번 잘못 들어가면 말소·재등기 비용과 시간이 더 듭니다. 접수 전 등기부·서식·말소사항을 꼼꼼히 확인해야 합니다. 부산 해운대구·센텀, 재송동·반여동 일대에서도 전화·카카오톡·방문(예약) 상담이 가능합니다. 등기소 온라인 등기는 저렴하지만, 한 번 잘못 들어가면 말소·재등기 비용과 시"
/situations/잔금일-소유권이전,381,1711,0.223,false,잔금일과 소유권이전등기를 같은 날 맞추려면 말소·취득세·서류·접수 순서를 미리 잡아야 합니다. 등기부 근저당·가압류를 잔금 직전에야 확인하면 일정이 무너질 수 있습니다. 부산 해운대·센텀에서도 전화·카카오톡·방문(예약) 상담이 가능합니다. 잔금일과 소유권이전등기를 같은 날 맞추려면 말소·취득세·서류·접수 순서를 미리 잡아
/situations/급여-압류-빚,391,1799,0.217,false,"급여압류는 생계에 바로 영향을 줍니다. 압류 가능 범위·우선변제·생계비 공제 규정을 확인하고, 개인회생·워크아웃·분할 상환 등 경로를 검토해야 합니다. 부산 해운대구·센텀, 재송동·반여동 일대에서도 전화·카카오톡·방문(예약) 상담이 가능합니다. 급여압류는 생계에 바로 영향을 줍니다. 압류 가능 범위·우선변제·생계비 공제 "
/situations/개인회생-가능-여부,368,1769,0.208,false,"개인회생은 일정 소득으로 채무를 조정하는 절차입니다. 총 채무·채권자 수·소득·재산·최근 면책 이력을 함께 봐야 가능 여부가 나옵니다. 부산 해운대구·센텀, 재송동·반여동 일대에서도 전화·카카오톡·방문(예약) 상담이 가능합니다. 개인회생은 일정 소득으로 채무를 조정하는 절차입니다. 총 채무·채권자 수·소득·재산·최근 면책"
/situations/보증채무-부담,368,1647,0.223,true,"연대보증은 주채무자가 갚지 않으면 보증인에게 바로 독촉·압류가 올 수 있습니다. 보증 범위·주채무자 재산·회생·구상권을 함께 봐야 합니다. 부산 해운대구·센텀, 재송동·반여동 일대에서도 전화·카카오톡·방문(예약) 상담이 가능합니다. 연대보증은 주채무자가 갚지 않으면 보증인에게 바로 독촉·압류가 올 수 있습니다. 보증 범위"
/situations/빚-감당-어려울-때,282,1754,0.161,true,"채무는 금액만큼 '어떤 빚인지'가 중요합니다. 담보·보증·세금·가압류 여부에 따라 우선순위가 달라집니다. 부산 해운대구·센텀, 재송동·반여동 일대에서도 전화·카카오톡·방문(예약) 상담이 가능합니다. 채무는 금액만큼 '어떤 빚인지'가 중요합니다. 담보·보증·세금·가압류 여부에 따라 우선순위가 달라집니다. 부산 해운대구·센텀"
/situations/회생-파산-선택-고민,393,1668,0.236,false,"빚이 감당되지 않을 때 회생과 파산 중 무엇을 볼지부터 막히는 경우가 많습니다. 소득이 있으면 회생, 없으면 파산처럼 단순하지 않고, 재산·부양가족·담보·최근 거래도 함께 봅니다. 부산에서도 전화·카카오톡·방문(예약)으로 1차 방향을 상담할 수 있습니다. 빚이 감당되지 않을 때 회생과 파산 중 무엇을 볼지부터 막히는 경우"
/situations/임원-임기-만료,373,1628,0.229,false,"임원 임기 만료 후 등기를 하지 않으면 등기부와 실제가 어긋나고, 과태료·은행·거래처 실사에서 문제가 됩니다. 정관·결의 요건을 먼저 확인하세요. 부산 해운대구·센텀, 재송동·반여동 일대에서도 전화·카카오톡·방문(예약) 상담이 가능합니다. 임원 임기 만료 후 등기를 하지 않으면 등기부와 실제가 어긋나고, 과태료·은행·거래"
/situations/법인-설립-처음,379,1708,0.222,true,"법인 설립은 정관 작성·발기·납입·설립등기·사업자등록 순으로 진행합니다. 업종·자본금·임원·본점 주소를 미리 정하면 일정이 수월합니다. 부산 해운대구·센텀, 재송동·반여동 일대에서도 전화·카카오톡·방문(예약) 상담이 가능합니다. 법인 설립은 정관 작성·발기·납입·설립등기·사업자등록 순으로 진행합니다. 업종·자본금·임원·본"
/situations/대표자-사망-법인,303,1770,0.171,true,"대표이사 사망은 법인 운영과 등기 모두에 영향을 줍니다. 임원 변경·주식 승계·인감·통장·계약 승계를 빠르게 정리해야 합니다. 부산 해운대구·센텀, 재송동·반여동 일대에서도 전화·카카오톡·방문(예약) 상담이 가능합니다. 대표이사 사망은 법인 운영과 등기 모두에 영향을 줍니다. 임원 변경·주식 승계·인감·통장·계약 승계를 "
/situations/본점-이전-등기,324,1689,0.192,false,"본점 이전은 등기 사유입니다. 주소만 바꾸고 등기를 안 하면 등기부·사업자·계약·은행 주소가 어긋납니다. 관할 등기소 변경도 함께 확인하세요. 부산 해운대구·센텀, 재송동·반여동 일대에서도 전화·카카오톡·방문(예약) 상담이 가능합니다. 본점 이전은 등기 사유입니다. 주소만 바꾸고 등기를 안 하면 등기부·사업자·계약·은행 "
/situations/임원변경-기한-임박,372,1613,0.231,false,"임원 취임·변경·중임은 결의·취임일 기준으로 등기 기한이 있습니다. 기한을 넘기면 과태료 위험이 있어, 서류가 덜 갖춰져도 ‘기한·누락 항목’부터 확인하는 것이 우선입니다. 부산 센텀·해운대에서 전화·카카오톡·방문(예약) 상담이 가능합니다. 임원 취임·변경·중임은 결의·취임일 기준으로 등기 기한이 있습니다. 기한을 넘기면"
/situations/대여금-못-받음,394,1650,0.239,false,"돈을 빌려줬는데 갚지 않으면, 먼저 채권·증거·소멸시효·상대 주소를 정리해야 합니다. 관계를 유지할지, 법적으로 권리를 고정할지에 따라 경로가 달라집니다. 부산 해운대구·센텀, 재송동·반여동 일대에서도 전화·카카오톡·방문(예약) 상담이 가능합니다. 돈을 빌려줬는데 갚지 않으면, 먼저 채권·증거·소멸시효·상대 주소를 정리해"
/situations/채무자-재산-모름,321,1734,0.185,false,"판결·지급명령이 있어도 재산이 없으면 회수가 어렵습니다. 부동산·예금·급여·채권 등 집행 가능 재산을 조회·압류하는 절차가 필요합니다. 부산 해운대구·센텀, 재송동·반여동 일대에서도 전화·카카오톡·방문(예약) 상담이 가능합니다. 판결·지급명령이 있어도 재산이 없으면 회수가 어렵습니다. 부동산·예금·급여·채권 등 집행 가능"
/situations/공사대금-못-받음,318,1780,0.179,true,"공사·용역 대금은 계약·기성·검수·하자·정산 여부가 쟁점이 되기 쉽습니다. 청구 금액·이행 증거·발주자 재산을 함께 정리해야 합니다. 부산 해운대구·센텀, 재송동·반여동 일대에서도 전화·카카오톡·방문(예약) 상담이 가능합니다. 공사·용역 대금은 계약·기성·검수·하자·정산 여부가 쟁점이 되기 쉽습니다. 청구 금액·이행 증거"
/situations/판결-후-강제집행,303,1684,0.18,false,"승소 판결이 나도 집행하지 않으면 돈이 들어오지 않습니다. 집행권원 확정·재산조회·압류·배당 순서와 기한을 확인해야 합니다. 부산 해운대구·센텀, 재송동·반여동 일대에서도 전화·카카오톡·방문(예약) 상담이 가능합니다. 승소 판결이 나도 집행하지 않으면 돈이 들어오지 않습니다. 집행권원 확정·재산조회·압류·배당 순서와 기한"
/situations/계약금-반환-분쟁,306,1723,0.178,false,"계약금은 '계약 체결의 증거'이지만, 누가 먼저 계약을 깼는지·위약금 조항·손해 범위에 따라 반환·몰수·추가 배상이 갈립니다. 부산 해운대구·센텀, 재송동·반여동 일대에서도 전화·카카오톡·방문(예약) 상담이 가능합니다. 계약금은 '계약 체결의 증거'이지만, 누가 먼저 계약을 깼는지·위약금 조항·손해 범위에 따라 반환·몰수"
/situations/중고거래-분쟁,327,1655,0.198,true,"중고거래는 당사자·물품·대금·배송·하자·사기 여부가 쟁점입니다. 플랫폼 신고·내용증명·형사·민사 경로를 사건에 맞게 선택해야 합니다. 부산 해운대구·센텀, 재송동·반여동 일대에서도 전화·카카오톡·방문(예약) 상담이 가능합니다. 중고거래는 당사자·물품·대금·배송·하자·사기 여부가 쟁점입니다. 플랫폼 신고·내용증명·형사·민사"
/situations/내용증명-받았을-때,345,1704,0.202,false,"내용증명은 상대방이 '법적 기록'을 남기기 시작했다는 신호입니다. 무시하면 불리한 합의·소송으로 이어질 수 있어, 내용·기한·증거를 먼저 정리해야 합니다. 부산 해운대구·센텀, 재송동·반여동 일대에서도 전화·카카오톡·방문(예약) 상담이 가능합니다. 내용증명은 상대방이 '법적 기록'을 남기기 시작했다는 신호입니다. 무시하면"
/situations/손해배상-청구,327,1661,0.197,false,"손해배상은 '위법·위반 행위 → 손해 → 인과관계 → 손해액'을 입증해야 합니다. 감정·치료비·휴업·정신적 손해 등 항목별로 정리가 필요합니다. 부산 해운대구·센텀, 재송동·반여동 일대에서도 전화·카카오톡·방문(예약) 상담이 가능합니다. 손해배상은 '위법·위반 행위 → 손해 → 인과관계 → 손해액'을 입증해야 합니다. 감"
/tools,327,1008,0.324,false,"상속등기 기한, 상속포기 3개월, 한정승인 기간, 법인등기 과태료, 임원변경등기 기한, 본점이전등기 기간 등을 빠르게 점검할 수 있는 검토용 도구입니다. 부산·해운대·센텀 가 제공하며, 결과는 참고용이며 실제 사안은 서류 확인 후 달라질 수 있습니다. 상속등기 기한, 상속포기 3개월, 한정승인 기간, 법인등기 과태료, 임"
/tools/inheritance-registration-deadline,228,1069,0.213,false,사망일(상속개시일)을 입력하면 상속포기·한정승인 3개월 기한과 등기 검토 시점을 참고용으로 안내합니다. 상속등기 기한·과태료는 사안별로 달라 추가 확인이 필요합니다. 사망일(상속개시일)을 입력하면 상속포기·한정승인 3개월 기한과 등기 검토 시점을 참고용으로 안내합니다. 상속등기 기한·과태료는 사안별로 달라 추가 확인이 필
/tools/inheritance-renunciation-deadline,168,967,0.174,false,상속개시일(사망일)부터 3개월 기한을 참고용으로 계산합니다. 한정승인 기간·상속포기 기한은 사실관계 확인이 필요합니다. 상속개시일(사망일)부터 3개월 기한을 참고용으로 계산합니다. 한정승인 기간·상속포기 기한은 사실관계 확인이 필요합니다. 상속개시일(사망일)부터 3개월 기한을 참고용으로 계산합니다. 한정승인 기간·상속포기
/tools/director-change-penalty-deadline,207,1011,0.205,false,임원 취임·사임·임기만료일을 입력하면 등기 신청 참고 기한(2주)과 과태료 검토 시점을 안내합니다. 법인등기 과태료는 지연 기간에 따라 달라질 수 있습니다. 임원 취임·사임·임기만료일을 입력하면 등기 신청 참고 기한(2주)과 과태료 검토 시점을 안내합니다. 법인등기 과태료는 지연 기간에 따라 달라질 수 있습니다. 임원 취
/tools/head-office-move-deadline,174,954,0.182,false,본점 이전일을 입력하면 등기 신청 참고 기한을 계산합니다. 본점이전등기 기간·관할 등기소 변경 여부는 주소에 따라 달라질 수 있습니다. 본점 이전일을 입력하면 등기 신청 참고 기한을 계산합니다. 본점이전등기 기간·관할 등기소 변경 여부는 주소에 따라 달라질 수 있습니다. 본점 이전일을 입력하면 등기 신청 참고 기한을 계산
/tools/jeonse-deposit-timeline,192,1005,0.191,false,전세 계약 만료일을 입력하면 독촴·협의·권리 확보 검토 일정을 참고용으로 안내합니다. 임차권등기명령·배당요구 기한은 별도 확인이 필요합니다. 전세 계약 만료일을 입력하면 독촴·협의·권리 확보 검토 일정을 참고용으로 안내합니다. 임차권등기명령·배당요구 기한은 별도 확인이 필요합니다. 전세 계약 만료일을 입력하면 독촴·협의·
/tools/payment-order-fee-check,183,965,0.19,false,청구 금액을 입력하면 인지대·송달료 등을 합친 대략적인 비용 구간을 참고용으로 안내합니다. 실제 금액은 관할·송달 횟수에 따라 달라집니다. 청구 금액을 입력하면 인지대·송달료 등을 합친 대략적인 비용 구간을 참고용으로 안내합니다. 실제 금액은 관할·송달 횟수에 따라 달라집니다. 청구 금액을 입력하면 인지대·송달료 등을 합
/tools/real-estate-documents-check,207,992,0.209,false,등기 유형(매매·증여·상속 등)과 근저당 유무를 선택하면 우선 확인하면 좋은 서류 목록을 안내합니다. 관할·특수 사정에 따라 추가 서류가 필요할 수 있습니다. 등기 유형(매매·증여·상속 등)과 근저당 유무를 선택하면 우선 확인하면 좋은 서류 목록을 안내합니다. 관할·특수 사정에 따라 추가 서류가 필요할 수 있습니다. 등기
/tools/rehab-income-debt-check,192,993,0.193,false,월 소득과 총 채무액을 입력하면 연 소득 대비 채무 비율을 참고용으로 계산합니다. 개인회생·파산 요건은 재산·담보·부양가족 등에 따라 달라집니다. 월 소득과 총 채무액을 입력하면 연 소득 대비 채무 비율을 참고용으로 계산합니다. 개인회생·파산 요건은 재산·담보·부양가족 등에 따라 달라집니다. 월 소득과 총 채무액을 입력하
/services/inheritance-registration,564,1706,0.331,false,"피상속인이 돌아가신 뒤, 남은 부동산이나 토지를 상속인 명의로 바꾸는 절차가 상속등기입니다. 등기를 마치지 않으면 매매·담보 설정 등이 어려울 수 있고, 상속포기·한정승인 검토 기간과 취득세 신고기한은 별도로 확인해야 합니다. 는 부산뿐 아니라 전국 소재 상속부동산도 관할 특례 적용 여부를 확인하며 상담부터 등기 완료까지"
/services/inheritance-renunciation,376,1306,0.288,false,"상속포기는 상속인이 피상속인의 재산과 채무를 승계하지 않겠다고 법원에 신고하는 제도입니다. 채무가 재산보다 훨씬 많을 때 검토하며, 법정 기간 내 신고하지 않으면 단순승인으로 간주되어 채무까지 떠안게 될 수 있습니다. 는 상속포기와 한정승인의 차이를 설명하고 적합한 절차를 안내합니다. 상속포기는 상속인이 피상속인의 재산과"
/services/qualified-acceptance,333,1263,0.264,false,"한정승인은 상속인이 피상속인의 재산 한도 안에서만 채무를 부담하는 제도입니다. 재산도 있지만 채무가 얼마나 있는지 불확실할 때, 상속을 완전히 포기하기보다 리스크를 제한하고 싶을 때 선택합니다. 는 한정승인 적합 여부를 검토하고 신고 절차를 진행합니다. 한정승인은 상속인이 피상속인의 재산 한도 안에서만 채무를 부담하는 제"
/services/real-estate-registration,353,1228,0.287,false,"부동산등기는 소유권이나 저당권 등 권리 변동을 등기부에 기록하는 절차입니다. 매매, 증여, 상속, 신축, 저당 설정·말소 등 원인에 따라 필요 서류와 순서가 달라집니다. 는 공인중개사 자격도 갖추고 있어, 부산 해운대구·센텀 일대 부동산등기를 실무적으로 진행합니다. 부동산등기는 소유권이나 저당권 등 권리 변동을 등기부에 "
/services/ownership-transfer,301,1129,0.267,false,"소유권이전등기는 부동산 소유자가 바뀔 때 등기부에 새 소유자를 기록하는 절차입니다. 매매와 증여가 가장 흔하고, 상속·교환·경매 등도 포함됩니다. 계약 체결만으로는 소유권이 넘어가지 않으며, 등기를 마쳐야 비로소 완전한 이전이 됩니다. 소유권이전등기는 부동산 소유자가 바뀔 때 등기부에 새 소유자를 기록하는 절차입니다. 매"
/services/corporate-registration,318,1087,0.293,false,"법인등기는 주식회사·유한회사 등 법인의 설립, 변경, 해산·청산 등을 등기부에 기록하는 절차입니다. 정관과 주주총회·이사회 의사록 등 법정 요건을 갖추지 않으면 등기가 반려됩니다. 는 센텀 일대 법인 고객을 포함해 부산 지역 법인등기를 꾸준히 처리합니다. 법인등기는 주식회사·유한회사 등 법인의 설립, 변경, 해산·청산 등"
/services/company-establishment,317,1124,0.282,false,"법인설립등기는 회사를 처음 만들 때 등기부에 법인을 등록하는 절차입니다. 정관 작성, 발기인·주주 구성, 자본금 납입, 설립 등기 신청까지 순서가 있습니다. 창업 초기에 잘못 설립하면 이후 변경 비용이 커지므로, 처음부터 정확히 하는 것이 중요합니다. 법인설립등기는 회사를 처음 만들 때 등기부에 법인을 등록하는 절차입니다"
/services/director-change,308,1091,0.282,false,"임원변경등기는 대표이사, 이사, 감사 등 임원이 취임·사임·중임하거나 주소가 바뀔 때 하는 등기입니다. 회사 운영 중 가장 자주 발생하는 법인등기 중 하나입니다. 의사록 형식이 맞지 않으면 반려되므로, 접수 전 검토가 필요합니다. 임원변경등기는 대표이사, 이사, 감사 등 임원이 취임·사임·중임하거나 주소가 바뀔 때 하는 "
/services/personal-rehabilitation,291,1149,0.253,true,"개인회생은 일정 소득이 있는 채무자가 법원의 인가를 받아 채무를 조정하고, 일정 기간 변제 후 나머지 채무를 면제받는 제도입니다. 법무사가 신청 대리를 할 수 있으며, 는 신용관리사 자격을 보유해 채무 구조 분석에 강점이 있습니다. 개인회생은 일정 소득이 있는 채무자가 법원의 인가를 받아 채무를 조정하고, 일정 기간 변제"
/services/bankruptcy,300,1105,0.271,true,"파산은 채무를 감당할 수 없는 채무자가 법원에 파산을 신청하고, 면책을 통해 남은 채무를 정리하는 제도입니다. 개인회생과 달리 소득이 없거나 매우 적어도 신청할 수 있습니다. 는 파산과 회생을 비교해, 의뢰인 상황에 맞는 제도를 안내합니다. 파산은 채무를 감당할 수 없는 채무자가 법원에 파산을 신청하고, 면책을 통해 남은"
/faq/bankruptcy-discharge-faq,155,970,0.16,false,면책 결정이 나면 원칙적으로 면책 대상 채무의 변제 의무가 면제됩니다. 예외 채무가 있을 수 있습니다. 면책 결정이 나면 원칙적으로 면책 대상 채무의 변제 의무가 면제됩니다. 예외 채무가 있을 수 있습니다. 부산 해운대구·센텀에 위치한 가 절차·서류·비용을 항목별로 설명드립니다. 막막할수록 지금 무엇부터 해야 하는지부터 
/faq/bankruptcy-vs-rehabilitation-faq,167,996,0.168,false,"소득 유무, 채무 규모, 재산·부양 가족 상황에 따라 적합한 제도가 다릅니다. 본인 상황에 맞게 상담이 필요합니다. 소득 유무, 채무 규모, 재산·부양 가족 상황에 따라 적합한 제도가 다릅니다. 본인 상황에 맞게 상담이 필요합니다. 부산 해운대구·센텀에 위치한 가 절차·서류·비용을 항목별로 설명드립니다. 막막할수록 지금 "
/faq/capital-increase-registration-faq,199,1153,0.173,false,"주주총회 결의, 정관 변경(해당 시), 신주 발행·납입 후 등기소에 신청합니다. 전국 비대면 상담으로 정관·결의에 따른 서류를 안내받을 수 있습니다. 주주총회 결의, 정관 변경(해당 시), 신주 발행·납입 후 등기소에 신청합니다. 전국 비대면 상담으로 정관·결의에 따른 서류를 안내받을 수 있습니다. 부산 해운대구·센텀에 "
/faq/company-establishment-documents-faq,209,1166,0.179,false,"정관, 발기인·주주 동의서, 자본금 납입 증명, 본점 사용 승낙서, 임원 인감증명서 등이 필요합니다. 전국 비대면 상담으로 설립 전 체크리스트를 받을 수 있습니다. 정관, 발기인·주주 동의서, 자본금 납입 증명, 본점 사용 승낙서, 임원 인감증명서 등이 필요합니다. 전국 비대면 상담으로 설립 전 체크리스트를 받을 수 있습"
/faq/corporate-address-change-faq,197,1158,0.17,false,주주총회·이사회 결의 후 새 본점 소재지 사용 승낙서 등을 갖추어 등기소에 신청합니다. 전국 비대면 상담으로 관할 변경 여부를 먼저 확인할 수 있습니다. 주주총회·이사회 결의 후 새 본점 소재지 사용 승낙서 등을 갖추어 등기소에 신청합니다. 전국 비대면 상담으로 관할 변경 여부를 먼저 확인할 수 있습니다. 부산 해운대구·
/faq/director-change-deadline-faq,185,1165,0.159,false,주주총회·이사회 결의 후 일정 기한 내 등기소에 신청해야 합니다. 부산 방문 없이 전국 비대면 상담으로 기한·서류를 확인할 수 있습니다. 주주총회·이사회 결의 후 일정 기한 내 등기소에 신청해야 합니다. 부산 방문 없이 전국 비대면 상담으로 기한·서류를 확인할 수 있습니다. 부산 해운대구·센텀에 위치한 가 절차·서류·비용
/faq/gift-registration-faq,149,964,0.155,false,"네, 증여에 따른 소유권이전등기가 필요합니다. 취득세 신고·납부 후 등기소에 신청합니다. 네, 증여에 따른 소유권이전등기가 필요합니다. 취득세 신고·납부 후 등기소에 신청합니다. 부산 해운대구·센텀에 위치한 가 절차·서류·비용을 항목별로 설명드립니다. 막막할수록 지금 무엇부터 해야 하는지부터 정리하는 것이 우선이라고 생각"
/faq/how-to-book-consultation-faq,197,1234,0.16,false,"전화, 카카오톡, 네이버 톡톡, 상담 신청 페이지로 연락하실 수 있습니다. 부산 방문 없이 전국 비대면 상담이 가능하며, 방문은 예약 후 이용해 주세요. 전화, 카카오톡, 네이버 톡톡, 상담 신청 페이지로 연락하실 수 있습니다. 부산 방문 없이 전국 비대면 상담이 가능하며, 방문은 예약 후 이용해 주세요. 부산 해운대구·"
/faq/inheritance-renunciation-deadline,189,1153,0.164,false,상속 개시와 상속인임을 안 날로부터 3개월 이내에 가정법원에 신고해야 합니다. 기한이 촉박할수록 전국 비대면 상담으로 빠르게 확인하세요. 상속 개시와 상속인임을 안 날로부터 3개월 이내에 가정법원에 신고해야 합니다. 기한이 촉박할수록 전국 비대면 상담으로 빠르게 확인하세요. 부산 해운대구·센텀에 위치한 가 절차·서류·비용
/faq/inheritance-renunciation-family-effect,195,1189,0.164,false,"상속 순위에 따라 다음 상속인에게 상속이 넘어갑니다. 가족 구성에 따라 영향이 달라지며, 전국 비대면 상담으로 가족 전체 구조를 검토할 수 있습니다. 상속 순위에 따라 다음 상속인에게 상속이 넘어갑니다. 가족 구성에 따라 영향이 달라지며, 전국 비대면 상담으로 가족 전체 구조를 검토할 수 있습니다. 부산 해운대구·센텀에 "
/faq/jeonse-registration-faq,151,992,0.152,false,"임대인 협조 여부, 보증금 규모, 계약 형태에 따라 다릅니다. 둘 다 전세 보호를 위한 방법입니다. 임대인 협조 여부, 보증금 규모, 계약 형태에 따라 다릅니다. 둘 다 전세 보호를 위한 방법입니다. 부산 해운대구·센텀에 위치한 가 절차·서류·비용을 항목별로 설명드립니다. 막막할수록 지금 무엇부터 해야 하는지부터 정리하는"
/faq/lawyer-fee-and-remote-faq,205,1219,0.168,false,"사건 종류, 부동산 가액, 채권·채무 규모 등에 따라 달라집니다. 부산 방문 없이 전국 비대면 상담으로 예상 수임료와 등기 비용을 투명하게 안내받을 수 있습니다. 사건 종류, 부동산 가액, 채권·채무 규모 등에 따라 달라집니다. 부산 방문 없이 전국 비대면 상담으로 예상 수임료와 등기 비용을 투명하게 안내받을 수 있습니다"
/faq/multiple-heirs-inheritance-registration,187,1149,0.163,false,공동상속인은 협의서로 지분·단독 상속 등을 정한 뒤 등기합니다. 상속인이 여러 지역에 있어도 전국 비대면 상담·서류 정리가 가능합니다. 공동상속인은 협의서로 지분·단독 상속 등을 정한 뒤 등기합니다. 상속인이 여러 지역에 있어도 전국 비대면 상담·서류 정리가 가능합니다. 부산 해운대구·센텀에 위치한 가 절차·서류·비용을 
/faq/ownership-transfer-documents,161,980,0.164,false,"매매계약서, 양도인·취득자 인감증명서, 등기부등본, 취득세 납부 영수증 등이 일반적으로 필요합니다. 매매계약서, 양도인·취득자 인감증명서, 등기부등본, 취득세 납부 영수증 등이 일반적으로 필요합니다. 부산 해운대구·센텀에 위치한 가 절차·서류·비용을 항목별로 설명드립니다. 막막할수록 지금 무엇부터 해야 하는지부터 정리하는"
/faq/personal-rehabilitation-credit-faq,167,1000,0.167,false,"신용정보 기록, 금융 거래 제한 등 일정 기간 영향이 있을 수 있습니다. 면책 후에도 회복까지 시간이 걸릴 수 있습니다. 신용정보 기록, 금융 거래 제한 등 일정 기간 영향이 있을 수 있습니다. 면책 후에도 회복까지 시간이 걸릴 수 있습니다. 부산 해운대구·센텀에 위치한 가 절차·서류·비용을 항목별로 설명드립니다. 막막할"
/faq/personal-rehabilitation-documents-faq,153,954,0.16,false,"신분증, 소득 증빙, 채권자별 채무 내역, 재산 목록, 가족관계 증명 등이 일반적으로 필요합니다. 신분증, 소득 증빙, 채권자별 채무 내역, 재산 목록, 가족관계 증명 등이 일반적으로 필요합니다. 부산 해운대구·센텀에 위치한 가 절차·서류·비용을 항목별로 설명드립니다. 막막할수록 지금 무엇부터 해야 하는지부터 정리하는 것"
/faq/personal-rehabilitation-duration-faq,163,984,0.166,false,"신청부터 개시 결정, 변제 계획 인가, 변제 기간까지 사안마다 다릅니다. 수개월에서 수년이 걸릴 수 있습니다. 신청부터 개시 결정, 변제 계획 인가, 변제 기간까지 사안마다 다릅니다. 수개월에서 수년이 걸릴 수 있습니다. 부산 해운대구·센텀에 위치한 가 절차·서류·비용을 항목별로 설명드립니다. 막막할수록 지금 무엇부터 해"
/faq/personal-rehabilitation-eligibility-faq,163,992,0.164,false,"채무 총액, 소득, 재산, 최근 채무 발생 등 여러 요건을 종합해 판단합니다. 무조건 신청 가능한 것은 아닙니다. 채무 총액, 소득, 재산, 최근 채무 발생 등 여러 요건을 종합해 판단합니다. 무조건 신청 가능한 것은 아닙니다. 부산 해운대구·센텀에 위치한 가 절차·서류·비용을 항목별로 설명드립니다. 막막할수록 지금 무엇"
/faq/preservation-registration-faq,171,1054,0.162,false,사용승인 후 건축물대장과 소유권 서류를 정리한 뒤 보존등기를 진행하는 경우가 많습니다. 부산 신축건물 보존등기 안내. 사용승인 후 건축물대장과 소유권 서류를 정리한 뒤 보존등기를 진행하는 경우가 많습니다. 부산 신축건물 보존등기 안내. 부산 해운대구·센텀에 위치한 가 절차·서류·비용을 항목별로 설명드립니다. 막막할수록 지
/faq/qualified-acceptance-procedure,197,1162,0.17,false,"가정법원에 한정승인 신고서를 제출합니다. 3개월 기한 내 신고가 필요하며, 부산 방문 없이 전국 비대면으로 신고·후속 등기를 안내받을 수 있습니다. 가정법원에 한정승인 신고서를 제출합니다. 3개월 기한 내 신고가 필요하며, 부산 방문 없이 전국 비대면으로 신고·후속 등기를 안내받을 수 있습니다. 부산 해운대구·센텀에 위치"
/faq/qualified-acceptance-vs-simple-acceptance,189,1135,0.167,false,"단순승인은 채무까지 무제한 승계하고, 한정승인은 재산 범위로 채무를 제한합니다. 부산 방문 없이 전국 비대면 상담으로 선택을 검토하세요. 단순승인은 채무까지 무제한 승계하고, 한정승인은 재산 범위로 채무를 제한합니다. 부산 방문 없이 전국 비대면 상담으로 선택을 검토하세요. 부산 해운대구·센텀에 위치한 가 절차·서류·비용"
/faq/real-estate-divorce-registration,151,968,0.156,false,협의이혼·재판이혼에 따라 절차가 다릅니다. 이전 등기·명의 변경 등기가 필요할 수 있습니다. 협의이혼·재판이혼에 따라 절차가 다릅니다. 이전 등기·명의 변경 등기가 필요할 수 있습니다. 부산 해운대구·센텀에 위치한 가 절차·서류·비용을 항목별로 설명드립니다. 막막할수록 지금 무엇부터 해야 하는지부터 정리하는 것이 우선이라
/faq/renouncing-share-vs-full-renunciation,187,1147,0.163,false,"상속분 포기는 일부만 포기하는 것이고, 상속포기는 상속 전체를 포기합니다. 차이를 전국 비대면 상담으로 사안에 맞게 확인할 수 있습니다. 상속분 포기는 일부만 포기하는 것이고, 상속포기는 상속 전체를 포기합니다. 차이를 전국 비대면 상담으로 사안에 맞게 확인할 수 있습니다. 부산 해운대구·센텀에 위치한 가 절차·서류·비용"
/faq/what-is-inheritance-renunciation,201,1178,0.171,false,"상속을 받지 않겠다고 법원에 신고하는 제도입니다. 본인에게 피상속인의 채무가 넘어오지 않으며, 전국 비대면 상담으로 제도·효과를 확인할 수 있습니다. 상속을 받지 않겠다고 법원에 신고하는 제도입니다. 본인에게 피상속인의 채무가 넘어오지 않으며, 전국 비대면 상담으로 제도·효과를 확인할 수 있습니다. 부산 해운대구·센텀에 "
/faq/what-is-qualified-acceptance,193,1123,0.172,false,"상속은 하되, 채무를 피상속인의 재산 범위 안으로 제한하는 제도입니다. 부산 방문 없이 전국 비대면 상담으로 상속포기와 비교 검토가 가능합니다. 상속은 하되, 채무를 피상속인의 재산 범위 안으로 제한하는 제도입니다. 부산 방문 없이 전국 비대면 상담으로 상속포기와 비교 검토가 가능합니다. 부산 해운대구·센텀에 위치한 가 "
/faq/when-to-choose-qualified-acceptance,189,1135,0.167,false,"재산과 채무가 모두 있고, 채무가 재산을 초과할 가능성이 있을 때 검토합니다. 전국 비대면 상담으로 숫자·자료부터 함께 정리할 수 있습니다. 재산과 채무가 모두 있고, 채무가 재산을 초과할 가능성이 있을 때 검토합니다. 전국 비대면 상담으로 숫자·자료부터 함께 정리할 수 있습니다. 부산 해운대구·센텀에 위치한 가 절차·서"
/faq/when-to-file-inheritance-registration,199,1183,0.168,false,상속이 개시된 날(사망일)부터 3개월 이내에 신고·등기를 해야 합니다. 부산 방문 없이 전국 비대면 상담으로 기한·과태료 여부를 확인할 수 있습니다. 상속이 개시된 날(사망일)부터 3개월 이내에 신고·등기를 해야 합니다. 부산 방문 없이 전국 비대면 상담으로 기한·과태료 여부를 확인할 수 있습니다. 부산 해운대구·센텀에 
/faq/who-can-file-bankruptcy-faq,161,967,0.166,false,지급불능 상태에 빠진 채무자 등 일정 요건을 갖춘 경우 신청할 수 있습니다. 자격 여부는 상담으로 확인합니다. 지급불능 상태에 빠진 채무자 등 일정 요건을 갖춘 경우 신청할 수 있습니다. 자격 여부는 상담으로 확인합니다. 부산 해운대구·센텀에 위치한 가 절차·서류·비용을 항목별로 설명드립니다. 막막할수록 지금 무엇부터 해
/faq/who-needs-inheritance-registration,213,1217,0.175,false,"피상속인 명의의 부동산·토지를 상속받은 상속인이 등기를 신청합니다. 공동상속인이면 협의 후 진행하며, 전국 비대면 상담으로 신청 주체·지분을 정리할 수 있습니다. 피상속인 명의의 부동산·토지를 상속받은 상속인이 등기를 신청합니다. 공동상속인이면 협의 후 진행하며, 전국 비대면 상담으로 신청 주체·지분을 정리할 수 있습니다"
/media/kukinews-youth-budget-unboxing-2027,560,1588,0.353,true,"정부가 내년도 예산안 제출을 앞두고 청년정책 예산을 국민에게 직접 설명하는 ‘청년예산 언박싱 2027’을 열었다. 28일 오후 청와대 본관에서 열린 행사에는 이재명 대통령과 김민석 국무총리, 관계 부처 장관, 청년자문단과 민간 전문가 등 62명이 참석했다. 정부가 이날 발표한 청년 성장단계별 재정투자는 올해 28조2000"
/media/weeklypeople-youth-judicial-scrivener-ahn,301,1554,0.194,true,"최근 가 대한법무사협회 표창을 수상했다. 부산 해운대구 센텀동로에서 를 운영하는 안 법무사는 열린 법무사 사무실을 표방하며, 전세사기 예방 안내를 비롯한 생활 법률 강연과 무료 법률 상담으로 법률 사각지대에 있는 이웃을 돕고 있다. 최근 가 대한법무사협회 표창을 수상했다. 부산 해운대구 센텀동로에서 를 운영하는 안 법무사"
/media/busan-mbc-news-fuel-price-relief-expert,232,1188,0.195,false,가 부산 MBC NEWS 고유가 피해지원금 제도 관련 전문가 촬영에 참여했습니다. 고유가 피해지원금과 관련해 실무 현장에서 확인되는 상담 사례와 제도 이용 시 유의점을 전달했습니다. 가 부산 MBC NEWS 고유가 피해지원금 제도 관련 전문가 촬영에 참여했습니다. 고유가 피해지원금과 관련해 실무 현장에서 확인되는 상담 사
/media/busan-ilbo-bar-association-64th-general-assembly,433,1680,0.258,true,"부산지방법무사회(회장 김치곤)는 최근 부산 농심호텔에서 제64회 정기총회를 개최했다. 이날 총회에는 김문관 부산지방법원장, 김남순 부산지방검찰청 검사장, 성익경 부산회생법원장, 이강천 대한법무사협회장 등 내빈과 회원 450여 명이 참석했다. 부산지방법무사회(회장 김치곤)는 최근 부산 농심호텔에서 제64회 정기총회를 개최했"
/media/kukje-sinmun-bar-association-64th-general-assembly,296,1586,0.187,true,"부산지방법무사회는 지난달 28일 동래구 농심호텔에서 제64회 정기총회(사진)를 열고 공익 법률서비스 확대와 조직 운영 내실화를 다짐했다. 부산지방법무사회는 지난달 28일 동래구 농심호텔에서 제64회 정기총회(사진)를 열고 공익 법률서비스 확대와 조직 운영 내실화를 다짐했다. 이날 총회에는 김문관 부산지방법원장, 김남순 부"
/media/beopryul-sinmun-bar-association-64th-general-assembly,215,1257,0.171,true,부산지방법무사회(회장 김치곤)는 5월 28일 부산 온천동 농심호텔에서 제64회 정기총회를 열고 예결산안 승인 및 유공자에 대한 시상 등을 진행했다. 부산지방법무사회(회장 김치곤)는 5월 28일 부산 온천동 농심호텔에서 제64회 정기총회를 열고 예결산안 승인 및 유공자에 대한 시상 등을 진행했다. 이날 총회에는 김문관(사법
/업무사례,139,787,0.177,false,"실제 상담 흐름을 참고할 수 있는 업무 사례와, 부산 구·군·동·생활권별 안내를 한곳에서 연결합니다. 실제 상담 흐름을 참고할 수 있는 업무 사례와, 부산 구·군·동·생활권별 안내를 한곳에서 연결합니다. 전체 사례 탐색기에서 카테고리·상황별 사례를 확인하고, 지역별 안내에서 구·군·동·생활권을 검색할 수 있습니다. 현재 "
/업무사례/지역별,158,808,0.196,false,"구·군을 고르거나 동·생활권 이름을 검색해 해당 지역 안내로 이동하세요. 상단 메뉴에는 지역명을 모두 나열하지 않습니다. 구·군을 고르거나 동·생활권 이름을 검색해 해당 지역 안내로 이동하세요. 상단 메뉴에는 지역명을 모두 나열하지 않습니다. 해운대구·연제구·강서구 등 구·군 허브에서 동·생활권으로 내려가고, 동 페이지에"
/업무사례/부산법무사,468,1890,0.248,false,부산에서 법무사 업무 사례와 상담 절차를 찾으시는 분을 위한 안내입니다. 해운대·센텀 사무소를 기준으로 부산 전역의 상속등기·부동산등기·법인등기·개인회생 상담을 진행합니다. 구·군과 생활권마다 관할·일정이 달라 지역 맥락을 함께 확인합니다. 부산에서 법무사 업무 사례와 상담 절차를 찾으시는 분을 위한 안내입니다. 해운대·
/업무사례/중구법무사,393,1970,0.199,false,"중구에서 법무사 업무 사례와 상담 절차를 찾으시는 분을 위한 안내입니다. 남포·광복·국제시장 등 원도심 상권이 모여 있고, 상가·주택 권리관계와 상속·매매 등기 문의가 함께 이어지는 지역입니다. 중구에서 법무사 업무 사례와 상담 절차를 찾으시는 분을 위한 안내입니다. 남포·광복·국제시장 등 원도심 상권이 모여 있고, 상가"
/업무사례/부산영주동법무사,432,1990,0.217,false,"부산 영주동에서 법무사 업무 사례와 상담 절차를 찾으시는 분을 위한 안내입니다. 중구 영주동 일대는 남포·광복·국제시장 등 원도심 상권이 모여 있고, 상가·주택 권리관계와 상속·매매 등기 문의가 함께 이어지는 지역입니다. 부산 영주동에서 법무사 업무 사례와 상담 절차를 찾으시는 분을 위한 안내입니다. 중구 영주동 일대는 "
/업무사례/부산대청동법무사,431,1991,0.216,false,"부산 대청동에서 법무사 업무 사례와 상담 절차를 찾으시는 분을 위한 안내입니다. 중구 대청동 일대는 남포·광복·국제시장 등 원도심 상권이 모여 있고, 상가·주택 권리관계와 상속·매매 등기 문의가 함께 이어지는 지역입니다. 부산 대청동에서 법무사 업무 사례와 상담 절차를 찾으시는 분을 위한 안내입니다. 중구 대청동 일대는 "
/업무사례/부산동광동법무사,434,1836,0.236,false,"부산 동광동에서 법무사 업무 사례와 상담 절차를 찾으시는 분을 위한 안내입니다. 중구 동광동 일대는 남포·광복·국제시장 등 원도심 상권이 모여 있고, 상가·주택 권리관계와 상속·매매 등기 문의가 함께 이어지는 지역입니다. 부산 동광동에서 법무사 업무 사례와 상담 절차를 찾으시는 분을 위한 안내입니다. 중구 동광동 일대는 "
/업무사례/부산보수동법무사,432,1986,0.218,false,"부산 보수동에서 법무사 업무 사례와 상담 절차를 찾으시는 분을 위한 안내입니다. 중구 보수동 일대는 남포·광복·국제시장 등 원도심 상권이 모여 있고, 상가·주택 권리관계와 상속·매매 등기 문의가 함께 이어지는 지역입니다. 부산 보수동에서 법무사 업무 사례와 상담 절차를 찾으시는 분을 위한 안내입니다. 중구 보수동 일대는 "
/업무사례/부산신창동법무사,435,1967,0.221,false,"부산 신창동에서 법무사 업무 사례와 상담 절차를 찾으시는 분을 위한 안내입니다. 중구 신창동 일대는 남포·광복·국제시장 등 원도심 상권이 모여 있고, 상가·주택 권리관계와 상속·매매 등기 문의가 함께 이어지는 지역입니다. 부산 신창동에서 법무사 업무 사례와 상담 절차를 찾으시는 분을 위한 안내입니다. 중구 신창동 일대는 "
/업무사례/부산창선동법무사,432,1989,0.217,false,"부산 창선동에서 법무사 업무 사례와 상담 절차를 찾으시는 분을 위한 안내입니다. 중구 창선동 일대는 남포·광복·국제시장 등 원도심 상권이 모여 있고, 상가·주택 권리관계와 상속·매매 등기 문의가 함께 이어지는 지역입니다. 부산 창선동에서 법무사 업무 사례와 상담 절차를 찾으시는 분을 위한 안내입니다. 중구 창선동 일대는 "
/업무사례/부산대창동법무사,436,2018,0.216,false,"부산 대창동에서 법무사 업무 사례와 상담 절차를 찾으시는 분을 위한 안내입니다. 중구 대창동 일대는 남포·광복·국제시장 등 원도심 상권이 모여 있고, 상가·주택 권리관계와 상속·매매 등기 문의가 함께 이어지는 지역입니다. 부산 대창동에서 법무사 업무 사례와 상담 절차를 찾으시는 분을 위한 안내입니다. 중구 대창동 일대는 "
/업무사례/부산남포동법무사,432,1980,0.218,false,"부산 남포동에서 법무사 업무 사례와 상담 절차를 찾으시는 분을 위한 안내입니다. 중구 남포동 일대는 남포·광복·국제시장 등 원도심 상권이 모여 있고, 상가·주택 권리관계와 상속·매매 등기 문의가 함께 이어지는 지역입니다. 부산 남포동에서 법무사 업무 사례와 상담 절차를 찾으시는 분을 위한 안내입니다. 중구 남포동 일대는 "
/업무사례/부산광복동법무사,431,1987,0.217,false,"부산 광복동에서 법무사 업무 사례와 상담 절차를 찾으시는 분을 위한 안내입니다. 중구 광복동 일대는 남포·광복·국제시장 등 원도심 상권이 모여 있고, 상가·주택 권리관계와 상속·매매 등기 문의가 함께 이어지는 지역입니다. 부산 광복동에서 법무사 업무 사례와 상담 절차를 찾으시는 분을 위한 안내입니다. 중구 광복동 일대는 "
/업무사례/부산부평동법무사,432,2011,0.215,false,"부산 부평동에서 법무사 업무 사례와 상담 절차를 찾으시는 분을 위한 안내입니다. 중구 부평동 일대는 남포·광복·국제시장 등 원도심 상권이 모여 있고, 상가·주택 권리관계와 상속·매매 등기 문의가 함께 이어지는 지역입니다. 부산 부평동에서 법무사 업무 사례와 상담 절차를 찾으시는 분을 위한 안내입니다. 중구 부평동 일대는 "
/업무사례/부산중앙동법무사,433,1835,0.236,false,"부산 중앙동에서 법무사 업무 사례와 상담 절차를 찾으시는 분을 위한 안내입니다. 중구 중앙동 일대는 남포·광복·국제시장 등 원도심 상권이 모여 있고, 상가·주택 권리관계와 상속·매매 등기 문의가 함께 이어지는 지역입니다. 부산 중앙동에서 법무사 업무 사례와 상담 절차를 찾으시는 분을 위한 안내입니다. 중구 중앙동 일대는 "
/업무사례/서구법무사,393,1957,0.201,false,"서구에서 법무사 업무 사례와 상담 절차를 찾으시는 분을 위한 안내입니다. 대신·암남·송도 일대는 주거와 병원·해수욕장 생활권이 겹쳐, 상속·부동산 이전과 병원 인근 거주자 상담이 많은 편입니다. 서구에서 법무사 업무 사례와 상담 절차를 찾으시는 분을 위한 안내입니다. 대신·암남·송도 일대는 주거와 병원·해수욕장 생활권이 "
/업무사례/부산남부민동법무사,436,1851,0.236,false,"부산 남부민동에서 법무사 업무 사례와 상담 절차를 찾으시는 분을 위한 안내입니다. 서구 남부민동 일대는 대신·암남·송도 일대는 주거와 병원·해수욕장 생활권이 겹쳐, 상속·부동산 이전과 병원 인근 거주자 상담이 많은 편입니다. 부산 남부민동에서 법무사 업무 사례와 상담 절차를 찾으시는 분을 위한 안내입니다. 서구 남부민동 "
/업무사례/부산부민동법무사,432,1995,0.217,false,"부산 부민동에서 법무사 업무 사례와 상담 절차를 찾으시는 분을 위한 안내입니다. 서구 부민동 일대는 대신·암남·송도 일대는 주거와 병원·해수욕장 생활권이 겹쳐, 상속·부동산 이전과 병원 인근 거주자 상담이 많은 편입니다. 부산 부민동에서 법무사 업무 사례와 상담 절차를 찾으시는 분을 위한 안내입니다. 서구 부민동 일대는 "
/업무사례/부산부용동법무사,430,1994,0.216,false,"부산 부용동에서 법무사 업무 사례와 상담 절차를 찾으시는 분을 위한 안내입니다. 서구 부용동 일대는 대신·암남·송도 일대는 주거와 병원·해수욕장 생활권이 겹쳐, 상속·부동산 이전과 병원 인근 거주자 상담이 많은 편입니다. 부산 부용동에서 법무사 업무 사례와 상담 절차를 찾으시는 분을 위한 안내입니다. 서구 부용동 일대는 "
/업무사례/부산아미동법무사,430,1990,0.216,false,"부산 아미동에서 법무사 업무 사례와 상담 절차를 찾으시는 분을 위한 안내입니다. 서구 아미동 일대는 대신·암남·송도 일대는 주거와 병원·해수욕장 생활권이 겹쳐, 상속·부동산 이전과 병원 인근 거주자 상담이 많은 편입니다. 부산 아미동에서 법무사 업무 사례와 상담 절차를 찾으시는 분을 위한 안내입니다. 서구 아미동 일대는 "
/업무사례/부산초장동법무사,434,1973,0.22,false,"부산 초장동에서 법무사 업무 사례와 상담 절차를 찾으시는 분을 위한 안내입니다. 서구 초장동 일대는 대신·암남·송도 일대는 주거와 병원·해수욕장 생활권이 겹쳐, 상속·부동산 이전과 병원 인근 거주자 상담이 많은 편입니다. 부산 초장동에서 법무사 업무 사례와 상담 절차를 찾으시는 분을 위한 안내입니다. 서구 초장동 일대는 "
/업무사례/부산충무동법무사,432,1969,0.219,false,"부산 충무동에서 법무사 업무 사례와 상담 절차를 찾으시는 분을 위한 안내입니다. 서구 충무동 일대는 대신·암남·송도 일대는 주거와 병원·해수욕장 생활권이 겹쳐, 상속·부동산 이전과 병원 인근 거주자 상담이 많은 편입니다. 부산 충무동에서 법무사 업무 사례와 상담 절차를 찾으시는 분을 위한 안내입니다. 서구 충무동 일대는 "
/업무사례/부산토성동법무사,428,1959,0.218,false,"부산 토성동에서 법무사 업무 사례와 상담 절차를 찾으시는 분을 위한 안내입니다. 서구 토성동 일대는 대신·암남·송도 일대는 주거와 병원·해수욕장 생활권이 겹쳐, 상속·부동산 이전과 병원 인근 거주자 상담이 많은 편입니다. 부산 토성동에서 법무사 업무 사례와 상담 절차를 찾으시는 분을 위한 안내입니다. 서구 토성동 일대는 "
/업무사례/부산서대신동법무사,442,1865,0.237,false,"부산 서대신동에서 법무사 업무 사례와 상담 절차를 찾으시는 분을 위한 안내입니다. 서구 서대신동 일대는 대신·암남·송도 일대는 주거와 병원·해수욕장 생활권이 겹쳐, 상속·부동산 이전과 병원 인근 거주자 상담이 많은 편입니다. 부산 서대신동에서 법무사 업무 사례와 상담 절차를 찾으시는 분을 위한 안내입니다. 서구 서대신동 "
/업무사례/부산동대신동법무사,436,1979,0.22,false,"부산 동대신동에서 법무사 업무 사례와 상담 절차를 찾으시는 분을 위한 안내입니다. 서구 동대신동 일대는 대신·암남·송도 일대는 주거와 병원·해수욕장 생활권이 겹쳐, 상속·부동산 이전과 병원 인근 거주자 상담이 많은 편입니다. 부산 동대신동에서 법무사 업무 사례와 상담 절차를 찾으시는 분을 위한 안내입니다. 서구 동대신동 "
/업무사례/부산암남동법무사,432,1995,0.217,false,"부산 암남동에서 법무사 업무 사례와 상담 절차를 찾으시는 분을 위한 안내입니다. 서구 암남동 일대는 대신·암남·송도 일대는 주거와 병원·해수욕장 생활권이 겹쳐, 상속·부동산 이전과 병원 인근 거주자 상담이 많은 편입니다. 부산 암남동에서 법무사 업무 사례와 상담 절차를 찾으시는 분을 위한 안내입니다. 서구 암남동 일대는 "
/업무사례/동구법무사,388,1961,0.198,false,"동구에서 법무사 업무 사례와 상담 절차를 찾으시는 분을 위한 안내입니다. 부산역·초량·범일 일대는 역세권과 항만 배후 상가가 이어져, 상가 매매·임대차·법인 본점 이전 문의가 자주 있습니다. 동구에서 법무사 업무 사례와 상담 절차를 찾으시는 분을 위한 안내입니다. 부산역·초량·범일 일대는 역세권과 항만 배후 상가가 이어져"
/업무사례/부산초량동법무사,419,1950,0.215,false,"부산 초량동에서 법무사 업무 사례와 상담 절차를 찾으시는 분을 위한 안내입니다. 동구 초량동 일대는 부산역·초량·범일 일대는 역세권과 항만 배후 상가가 이어져, 상가 매매·임대차·법인 본점 이전 문의가 자주 있습니다. 부산 초량동에서 법무사 업무 사례와 상담 절차를 찾으시는 분을 위한 안내입니다. 동구 초량동 일대는 부산"
/업무사례/부산수정동법무사,434,2028,0.214,false,"부산 수정동에서 법무사 업무 사례와 상담 절차를 찾으시는 분을 위한 안내입니다. 동구 수정동 일대는 부산역·초량·범일 일대는 역세권과 항만 배후 상가가 이어져, 상가 매매·임대차·법인 본점 이전 문의가 자주 있습니다. 부산 수정동에서 법무사 업무 사례와 상담 절차를 찾으시는 분을 위한 안내입니다. 동구 수정동 일대는 부산"
/업무사례/부산좌천동법무사,424,1981,0.214,false,"부산 좌천동에서 법무사 업무 사례와 상담 절차를 찾으시는 분을 위한 안내입니다. 동구 좌천동 일대는 부산역·초량·범일 일대는 역세권과 항만 배후 상가가 이어져, 상가 매매·임대차·법인 본점 이전 문의가 자주 있습니다. 부산 좌천동에서 법무사 업무 사례와 상담 절차를 찾으시는 분을 위한 안내입니다. 동구 좌천동 일대는 부산"
/업무사례/부산범일동법무사,425,1995,0.213,false,"부산 범일동에서 법무사 업무 사례와 상담 절차를 찾으시는 분을 위한 안내입니다. 동구 범일동 일대는 부산역·초량·범일 일대는 역세권과 항만 배후 상가가 이어져, 상가 매매·임대차·법인 본점 이전 문의가 자주 있습니다. 부산 범일동에서 법무사 업무 사례와 상담 절차를 찾으시는 분을 위한 안내입니다. 동구 범일동 일대는 부산"
/업무사례/영도구법무사,394,1835,0.215,false,"영도구에서 법무사 업무 사례와 상담 절차를 찾으시는 분을 위한 안내입니다. 영도대교·태종대·흰여울 등 관광·주거가 공존하고, 항만·혁신지구 관련 부동산·법인등기 상담이 이뤄지는 지역입니다. 영도구에서 법무사 업무 사례와 상담 절차를 찾으시는 분을 위한 안내입니다. 영도대교·태종대·흰여울 등 관광·주거가 공존하고, 항만·혁"
/업무사례/부산남항동법무사,438,2006,0.218,false,"부산 남항동에서 법무사 업무 사례와 상담 절차를 찾으시는 분을 위한 안내입니다. 영도구 남항동 일대는 영도대교·태종대·흰여울 등 관광·주거가 공존하고, 항만·혁신지구 관련 부동산·법인등기 상담이 이뤄지는 지역입니다. 부산 남항동에서 법무사 업무 사례와 상담 절차를 찾으시는 분을 위한 안내입니다. 영도구 남항동 일대는 영도"
/업무사례/부산대교동법무사,435,1846,0.236,false,"부산 대교동에서 법무사 업무 사례와 상담 절차를 찾으시는 분을 위한 안내입니다. 영도구 대교동 일대는 영도대교·태종대·흰여울 등 관광·주거가 공존하고, 항만·혁신지구 관련 부동산·법인등기 상담이 이뤄지는 지역입니다. 부산 대교동에서 법무사 업무 사례와 상담 절차를 찾으시는 분을 위한 안내입니다. 영도구 대교동 일대는 영도"
/업무사례/부산대평동법무사,436,2017,0.216,false,"부산 대평동에서 법무사 업무 사례와 상담 절차를 찾으시는 분을 위한 안내입니다. 영도구 대평동 일대는 영도대교·태종대·흰여울 등 관광·주거가 공존하고, 항만·혁신지구 관련 부동산·법인등기 상담이 이뤄지는 지역입니다. 부산 대평동에서 법무사 업무 사례와 상담 절차를 찾으시는 분을 위한 안내입니다. 영도구 대평동 일대는 영도"
/업무사례/부산동삼동법무사,438,2006,0.218,false,"부산 동삼동에서 법무사 업무 사례와 상담 절차를 찾으시는 분을 위한 안내입니다. 영도구 동삼동 일대는 영도대교·태종대·흰여울 등 관광·주거가 공존하고, 항만·혁신지구 관련 부동산·법인등기 상담이 이뤄지는 지역입니다. 부산 동삼동에서 법무사 업무 사례와 상담 절차를 찾으시는 분을 위한 안내입니다. 영도구 동삼동 일대는 영도"
/업무사례/부산봉래동법무사,433,2001,0.216,false,"부산 봉래동에서 법무사 업무 사례와 상담 절차를 찾으시는 분을 위한 안내입니다. 영도구 봉래동 일대는 영도대교·태종대·흰여울 등 관광·주거가 공존하고, 항만·혁신지구 관련 부동산·법인등기 상담이 이뤄지는 지역입니다. 부산 봉래동에서 법무사 업무 사례와 상담 절차를 찾으시는 분을 위한 안내입니다. 영도구 봉래동 일대는 영도"
/업무사례/부산신선동법무사,431,1833,0.235,false,"부산 신선동에서 법무사 업무 사례와 상담 절차를 찾으시는 분을 위한 안내입니다. 영도구 신선동 일대는 영도대교·태종대·흰여울 등 관광·주거가 공존하고, 항만·혁신지구 관련 부동산·법인등기 상담이 이뤄지는 지역입니다. 부산 신선동에서 법무사 업무 사례와 상담 절차를 찾으시는 분을 위한 안내입니다. 영도구 신선동 일대는 영도"
/업무사례/부산영선동법무사,435,1974,0.22,false,"부산 영선동에서 법무사 업무 사례와 상담 절차를 찾으시는 분을 위한 안내입니다. 영도구 영선동 일대는 영도대교·태종대·흰여울 등 관광·주거가 공존하고, 항만·혁신지구 관련 부동산·법인등기 상담이 이뤄지는 지역입니다. 부산 영선동에서 법무사 업무 사례와 상담 절차를 찾으시는 분을 위한 안내입니다. 영도구 영선동 일대는 영도"
/업무사례/부산청학동법무사,435,1846,0.236,false,"부산 청학동에서 법무사 업무 사례와 상담 절차를 찾으시는 분을 위한 안내입니다. 영도구 청학동 일대는 영도대교·태종대·흰여울 등 관광·주거가 공존하고, 항만·혁신지구 관련 부동산·법인등기 상담이 이뤄지는 지역입니다. 부산 청학동에서 법무사 업무 사례와 상담 절차를 찾으시는 분을 위한 안내입니다. 영도구 청학동 일대는 영도"
/업무사례/부산진구법무사,388,1997,0.194,false,"부산진구에서 법무사 업무 사례와 상담 절차를 찾으시는 분을 위한 안내입니다. 서면·전포·부전 상권과 주거 단지가 맞닿아 잔금일 등기, 상가 이전, 법인 임원변경 문의가 꾸준한 생활권입니다. 부산진구에서 법무사 업무 사례와 상담 절차를 찾으시는 분을 위한 안내입니다. 서면·전포·부전 상권과 주거 단지가 맞닿아 잔금일 등기,"
/업무사례/부산가야동법무사,426,1826,0.233,false,"부산 가야동에서 법무사 업무 사례와 상담 절차를 찾으시는 분을 위한 안내입니다. 부산진구 가야동 일대는 서면·전포·부전 상권과 주거 단지가 맞닿아 잔금일 등기, 상가 이전, 법인 임원변경 문의가 꾸준한 생활권입니다. 부산 가야동에서 법무사 업무 사례와 상담 절차를 찾으시는 분을 위한 안내입니다. 부산진구 가야동 일대는 서"
/업무사례/부산개금동법무사,425,1976,0.215,false,"부산 개금동에서 법무사 업무 사례와 상담 절차를 찾으시는 분을 위한 안내입니다. 부산진구 개금동 일대는 서면·전포·부전 상권과 주거 단지가 맞닿아 잔금일 등기, 상가 이전, 법인 임원변경 문의가 꾸준한 생활권입니다. 부산 개금동에서 법무사 업무 사례와 상담 절차를 찾으시는 분을 위한 안내입니다. 부산진구 개금동 일대는 서"
/업무사례/부산당감동법무사,426,1954,0.218,false,"부산 당감동에서 법무사 업무 사례와 상담 절차를 찾으시는 분을 위한 안내입니다. 부산진구 당감동 일대는 서면·전포·부전 상권과 주거 단지가 맞닿아 잔금일 등기, 상가 이전, 법인 임원변경 문의가 꾸준한 생활권입니다. 부산 당감동에서 법무사 업무 사례와 상담 절차를 찾으시는 분을 위한 안내입니다. 부산진구 당감동 일대는 서"
/업무사례/부산범전동법무사,426,1826,0.233,false,"부산 범전동에서 법무사 업무 사례와 상담 절차를 찾으시는 분을 위한 안내입니다. 부산진구 범전동 일대는 서면·전포·부전 상권과 주거 단지가 맞닿아 잔금일 등기, 상가 이전, 법인 임원변경 문의가 꾸준한 생활권입니다. 부산 범전동에서 법무사 업무 사례와 상담 절차를 찾으시는 분을 위한 안내입니다. 부산진구 범전동 일대는 서"
/업무사례/부산범천동법무사,423,1823,0.232,false,"부산 범천동에서 법무사 업무 사례와 상담 절차를 찾으시는 분을 위한 안내입니다. 부산진구 범천동 일대는 서면·전포·부전 상권과 주거 단지가 맞닿아 잔금일 등기, 상가 이전, 법인 임원변경 문의가 꾸준한 생활권입니다. 부산 범천동에서 법무사 업무 사례와 상담 절차를 찾으시는 분을 위한 안내입니다. 부산진구 범천동 일대는 서"
/업무사례/부산부암동법무사,416,1808,0.23,false,"부산 부암동에서 법무사 업무 사례와 상담 절차를 찾으시는 분을 위한 안내입니다. 부산진구 부암동 일대는 서면·전포·부전 상권과 주거 단지가 맞닿아 잔금일 등기, 상가 이전, 법인 임원변경 문의가 꾸준한 생활권입니다. 부산 부암동에서 법무사 업무 사례와 상담 절차를 찾으시는 분을 위한 안내입니다. 부산진구 부암동 일대는 서"
/업무사례/부산부전동법무사,428,1972,0.217,false,"부산 부전동에서 법무사 업무 사례와 상담 절차를 찾으시는 분을 위한 안내입니다. 부산진구 부전동 일대는 서면·전포·부전 상권과 주거 단지가 맞닿아 잔금일 등기, 상가 이전, 법인 임원변경 문의가 꾸준한 생활권입니다. 부산 부전동에서 법무사 업무 사례와 상담 절차를 찾으시는 분을 위한 안내입니다. 부산진구 부전동 일대는 서"
/업무사례/부산양정동법무사,421,1974,0.213,false,"부산 양정동에서 법무사 업무 사례와 상담 절차를 찾으시는 분을 위한 안내입니다. 부산진구 양정동 일대는 서면·전포·부전 상권과 주거 단지가 맞닿아 잔금일 등기, 상가 이전, 법인 임원변경 문의가 꾸준한 생활권입니다. 부산 양정동에서 법무사 업무 사례와 상담 절차를 찾으시는 분을 위한 안내입니다. 부산진구 양정동 일대는 서"
/업무사례/부산연지동법무사,425,1976,0.215,false,"부산 연지동에서 법무사 업무 사례와 상담 절차를 찾으시는 분을 위한 안내입니다. 부산진구 연지동 일대는 서면·전포·부전 상권과 주거 단지가 맞닿아 잔금일 등기, 상가 이전, 법인 임원변경 문의가 꾸준한 생활권입니다. 부산 연지동에서 법무사 업무 사례와 상담 절차를 찾으시는 분을 위한 안내입니다. 부산진구 연지동 일대는 서"
/업무사례/부산전포동법무사,428,1972,0.217,false,"부산 전포동에서 법무사 업무 사례와 상담 절차를 찾으시는 분을 위한 안내입니다. 부산진구 전포동 일대는 서면·전포·부전 상권과 주거 단지가 맞닿아 잔금일 등기, 상가 이전, 법인 임원변경 문의가 꾸준한 생활권입니다. 부산 전포동에서 법무사 업무 사례와 상담 절차를 찾으시는 분을 위한 안내입니다. 부산진구 전포동 일대는 서"
/업무사례/부산초읍동법무사,419,1970,0.213,false,"부산 초읍동에서 법무사 업무 사례와 상담 절차를 찾으시는 분을 위한 안내입니다. 부산진구 초읍동 일대는 서면·전포·부전 상권과 주거 단지가 맞닿아 잔금일 등기, 상가 이전, 법인 임원변경 문의가 꾸준한 생활권입니다. 부산 초읍동에서 법무사 업무 사례와 상담 절차를 찾으시는 분을 위한 안내입니다. 부산진구 초읍동 일대는 서"
/업무사례/동래구법무사,387,1982,0.195,false,"동래구에서 법무사 업무 사례와 상담 절차를 찾으시는 분을 위한 안내입니다. 온천장·사직·안락 등 전통 주거·상권이 이어져 상속등기, 공동주택 이전, 가족 간 권리 정리 상담이 많은 지역입니다. 동래구에서 법무사 업무 사례와 상담 절차를 찾으시는 분을 위한 안내입니다. 온천장·사직·안락 등 전통 주거·상권이 이어져 상속등기"
/업무사례/부산낙민동법무사,426,1955,0.218,false,"부산 낙민동에서 법무사 업무 사례와 상담 절차를 찾으시는 분을 위한 안내입니다. 동래구 낙민동 일대는 온천장·사직·안락 등 전통 주거·상권이 이어져 상속등기, 공동주택 이전, 가족 간 권리 정리 상담이 많은 지역입니다. 부산 낙민동에서 법무사 업무 사례와 상담 절차를 찾으시는 분을 위한 안내입니다. 동래구 낙민동 일대는 "
/업무사례/부산명장동법무사,427,1831,0.233,false,"부산 명장동에서 법무사 업무 사례와 상담 절차를 찾으시는 분을 위한 안내입니다. 동래구 명장동 일대는 온천장·사직·안락 등 전통 주거·상권이 이어져 상속등기, 공동주택 이전, 가족 간 권리 정리 상담이 많은 지역입니다. 부산 명장동에서 법무사 업무 사례와 상담 절차를 찾으시는 분을 위한 안내입니다. 동래구 명장동 일대는 "
/업무사례/부산명륜동법무사,419,1945,0.215,false,"부산 명륜동에서 법무사 업무 사례와 상담 절차를 찾으시는 분을 위한 안내입니다. 동래구 명륜동 일대는 온천장·사직·안락 등 전통 주거·상권이 이어져 상속등기, 공동주택 이전, 가족 간 권리 정리 상담이 많은 지역입니다. 부산 명륜동에서 법무사 업무 사례와 상담 절차를 찾으시는 분을 위한 안내입니다. 동래구 명륜동 일대는 "
/업무사례/부산복천동법무사,427,1959,0.218,false,"부산 복천동에서 법무사 업무 사례와 상담 절차를 찾으시는 분을 위한 안내입니다. 동래구 복천동 일대는 온천장·사직·안락 등 전통 주거·상권이 이어져 상속등기, 공동주택 이전, 가족 간 권리 정리 상담이 많은 지역입니다. 부산 복천동에서 법무사 업무 사례와 상담 절차를 찾으시는 분을 위한 안내입니다. 동래구 복천동 일대는 "
/업무사례/부산수안동법무사,429,1975,0.217,false,"부산 수안동에서 법무사 업무 사례와 상담 절차를 찾으시는 분을 위한 안내입니다. 동래구 수안동 일대는 온천장·사직·안락 등 전통 주거·상권이 이어져 상속등기, 공동주택 이전, 가족 간 권리 정리 상담이 많은 지역입니다. 부산 수안동에서 법무사 업무 사례와 상담 절차를 찾으시는 분을 위한 안내입니다. 동래구 수안동 일대는 "
/업무사례/부산사직동법무사,427,2009,0.213,false,"부산 사직동에서 법무사 업무 사례와 상담 절차를 찾으시는 분을 위한 안내입니다. 동래구 사직동 일대는 온천장·사직·안락 등 전통 주거·상권이 이어져 상속등기, 공동주택 이전, 가족 간 권리 정리 상담이 많은 지역입니다. 부산 사직동에서 법무사 업무 사례와 상담 절차를 찾으시는 분을 위한 안내입니다. 동래구 사직동 일대는 "
/업무사례/부산안락동법무사,422,1977,0.213,false,"부산 안락동에서 법무사 업무 사례와 상담 절차를 찾으시는 분을 위한 안내입니다. 동래구 안락동 일대는 온천장·사직·안락 등 전통 주거·상권이 이어져 상속등기, 공동주택 이전, 가족 간 권리 정리 상담이 많은 지역입니다. 부산 안락동에서 법무사 업무 사례와 상담 절차를 찾으시는 분을 위한 안내입니다. 동래구 안락동 일대는 "
/업무사례/부산온천동법무사,427,1831,0.233,false,"부산 온천동에서 법무사 업무 사례와 상담 절차를 찾으시는 분을 위한 안내입니다. 동래구 온천동 일대는 온천장·사직·안락 등 전통 주거·상권이 이어져 상속등기, 공동주택 이전, 가족 간 권리 정리 상담이 많은 지역입니다. 부산 온천동에서 법무사 업무 사례와 상담 절차를 찾으시는 분을 위한 안내입니다. 동래구 온천동 일대는 "
/업무사례/부산칠산동법무사,424,1973,0.215,false,"부산 칠산동에서 법무사 업무 사례와 상담 절차를 찾으시는 분을 위한 안내입니다. 동래구 칠산동 일대는 온천장·사직·안락 등 전통 주거·상권이 이어져 상속등기, 공동주택 이전, 가족 간 권리 정리 상담이 많은 지역입니다. 부산 칠산동에서 법무사 업무 사례와 상담 절차를 찾으시는 분을 위한 안내입니다. 동래구 칠산동 일대는 "
/업무사례/남구법무사,396,1911,0.207,false,"남구에서 법무사 업무 사례와 상담 절차를 찾으시는 분을 위한 안내입니다. 문현금융단지·대학가·용호 주거지가 함께 있어 법인등기, 오피스·주택 매매등기, 상속 관련 문의가 고루 들어오는 편입니다. 남구에서 법무사 업무 사례와 상담 절차를 찾으시는 분을 위한 안내입니다. 문현금융단지·대학가·용호 주거지가 함께 있어 법인등기,"
/업무사례/부산감만동법무사,435,1836,0.237,false,"부산 감만동에서 법무사 업무 사례와 상담 절차를 찾으시는 분을 위한 안내입니다. 남구 감만동 일대는 문현금융단지·대학가·용호 주거지가 함께 있어 법인등기, 오피스·주택 매매등기, 상속 관련 문의가 고루 들어오는 편입니다. 부산 감만동에서 법무사 업무 사례와 상담 절차를 찾으시는 분을 위한 안내입니다. 남구 감만동 일대는 "
/업무사례/부산대연동법무사,435,1839,0.237,false,"부산 대연동에서 법무사 업무 사례와 상담 절차를 찾으시는 분을 위한 안내입니다. 남구 대연동 일대는 문현금융단지·대학가·용호 주거지가 함께 있어 법인등기, 오피스·주택 매매등기, 상속 관련 문의가 고루 들어오는 편입니다. 부산 대연동에서 법무사 업무 사례와 상담 절차를 찾으시는 분을 위한 안내입니다. 남구 대연동 일대는 "
/업무사례/부산용호동법무사,437,1967,0.222,false,"부산 용호동에서 법무사 업무 사례와 상담 절차를 찾으시는 분을 위한 안내입니다. 남구 용호동 일대는 문현금융단지·대학가·용호 주거지가 함께 있어 법인등기, 오피스·주택 매매등기, 상속 관련 문의가 고루 들어오는 편입니다. 부산 용호동에서 법무사 업무 사례와 상담 절차를 찾으시는 분을 위한 안내입니다. 남구 용호동 일대는 "
/업무사례/부산용당동법무사,438,1940,0.226,false,"부산 용당동에서 법무사 업무 사례와 상담 절차를 찾으시는 분을 위한 안내입니다. 남구 용당동 일대는 문현금융단지·대학가·용호 주거지가 함께 있어 법인등기, 오피스·주택 매매등기, 상속 관련 문의가 고루 들어오는 편입니다. 부산 용당동에서 법무사 업무 사례와 상담 절차를 찾으시는 분을 위한 안내입니다. 남구 용당동 일대는 "
/업무사례/부산문현동법무사,438,1940,0.226,false,"부산 문현동에서 법무사 업무 사례와 상담 절차를 찾으시는 분을 위한 안내입니다. 남구 문현동 일대는 문현금융단지·대학가·용호 주거지가 함께 있어 법인등기, 오피스·주택 매매등기, 상속 관련 문의가 고루 들어오는 편입니다. 부산 문현동에서 법무사 업무 사례와 상담 절차를 찾으시는 분을 위한 안내입니다. 남구 문현동 일대는 "
/업무사례/부산우암동법무사,433,1937,0.224,false,"부산 우암동에서 법무사 업무 사례와 상담 절차를 찾으시는 분을 위한 안내입니다. 남구 우암동 일대는 문현금융단지·대학가·용호 주거지가 함께 있어 법인등기, 오피스·주택 매매등기, 상속 관련 문의가 고루 들어오는 편입니다. 부산 우암동에서 법무사 업무 사례와 상담 절차를 찾으시는 분을 위한 안내입니다. 남구 우암동 일대는 "
/업무사례/북구법무사,393,1929,0.204,false,"북구에서 법무사 업무 사례와 상담 절차를 찾으시는 분을 위한 안내입니다. 화명·덕천·만덕 등 주거 밀집 지역으로, 아파트 소유권이전·상속·근저당 설정·말소 등기 상담이 잦은 생활권입니다. 북구에서 법무사 업무 사례와 상담 절차를 찾으시는 분을 위한 안내입니다. 화명·덕천·만덕 등 주거 밀집 지역으로, 아파트 소유권이전·상"
/업무사례/부산구포동법무사,426,1837,0.232,false,"부산 구포동에서 법무사 업무 사례와 상담 절차를 찾으시는 분을 위한 안내입니다. 북구 구포동 일대는 화명·덕천·만덕 등 주거 밀집 지역으로, 아파트 소유권이전·상속·근저당 설정·말소 등기 상담이 잦은 생활권입니다. 부산 구포동에서 법무사 업무 사례와 상담 절차를 찾으시는 분을 위한 안내입니다. 북구 구포동 일대는 화명·덕"
/업무사례/부산금곡동법무사,422,1932,0.218,false,"부산 금곡동에서 법무사 업무 사례와 상담 절차를 찾으시는 분을 위한 안내입니다. 북구 금곡동 일대는 화명·덕천·만덕 등 주거 밀집 지역으로, 아파트 소유권이전·상속·근저당 설정·말소 등기 상담이 잦은 생활권입니다. 부산 금곡동에서 법무사 업무 사례와 상담 절차를 찾으시는 분을 위한 안내입니다. 북구 금곡동 일대는 화명·덕"
/업무사례/부산덕천동법무사,424,1958,0.217,false,"부산 덕천동에서 법무사 업무 사례와 상담 절차를 찾으시는 분을 위한 안내입니다. 북구 덕천동 일대는 화명·덕천·만덕 등 주거 밀집 지역으로, 아파트 소유권이전·상속·근저당 설정·말소 등기 상담이 잦은 생활권입니다. 부산 덕천동에서 법무사 업무 사례와 상담 절차를 찾으시는 분을 위한 안내입니다. 북구 덕천동 일대는 화명·덕"
/업무사례/부산만덕동법무사,422,1932,0.218,false,"부산 만덕동에서 법무사 업무 사례와 상담 절차를 찾으시는 분을 위한 안내입니다. 북구 만덕동 일대는 화명·덕천·만덕 등 주거 밀집 지역으로, 아파트 소유권이전·상속·근저당 설정·말소 등기 상담이 잦은 생활권입니다. 부산 만덕동에서 법무사 업무 사례와 상담 절차를 찾으시는 분을 위한 안내입니다. 북구 만덕동 일대는 화명·덕"
/업무사례/부산화명동법무사,427,1957,0.218,false,"부산 화명동에서 법무사 업무 사례와 상담 절차를 찾으시는 분을 위한 안내입니다. 북구 화명동 일대는 화명·덕천·만덕 등 주거 밀집 지역으로, 아파트 소유권이전·상속·근저당 설정·말소 등기 상담이 잦은 생활권입니다. 부산 화명동에서 법무사 업무 사례와 상담 절차를 찾으시는 분을 위한 안내입니다. 북구 화명동 일대는 화명·덕"
/업무사례/해운대구법무사,418,1998,0.209,false,"해운대구에서 법무사 업무 사례와 상담 절차를 찾으시는 분을 위한 안내입니다. 해운대·센텀·재송·반여 일대는 주거·업무·관광이 겹쳐 부동산등기, 법인등기, 상속·잔금일 협업 문의가 많은 대표 생활권입니다. 해운대구에서 법무사 업무 사례와 상담 절차를 찾으시는 분을 위한 안내입니다. 해운대·센텀·재송·반여 일대는 주거·업무·"
/업무사례/부산우동법무사,453,1999,0.227,false,"부산 우동에서 법무사 업무 사례와 상담 절차를 찾으시는 분을 위한 안내입니다. 해운대구 우동 일대는 해운대·센텀·재송·반여 일대는 주거·업무·관광이 겹쳐 부동산등기, 법인등기, 상속·잔금일 협업 문의가 많은 대표 생활권입니다. 부산 우동에서 법무사 업무 사례와 상담 절차를 찾으시는 분을 위한 안내입니다. 해운대구 우동 일"
/업무사례/부산중동법무사,449,2017,0.223,false,"부산 중동에서 법무사 업무 사례와 상담 절차를 찾으시는 분을 위한 안내입니다. 해운대구 중동 일대는 해운대·센텀·재송·반여 일대는 주거·업무·관광이 겹쳐 부동산등기, 법인등기, 상속·잔금일 협업 문의가 많은 대표 생활권입니다. 부산 중동에서 법무사 업무 사례와 상담 절차를 찾으시는 분을 위한 안내입니다. 해운대구 중동 일"
/업무사례/부산좌동법무사,448,1873,0.239,false,"부산 좌동에서 법무사 업무 사례와 상담 절차를 찾으시는 분을 위한 안내입니다. 해운대구 좌동 일대는 해운대·센텀·재송·반여 일대는 주거·업무·관광이 겹쳐 부동산등기, 법인등기, 상속·잔금일 협업 문의가 많은 대표 생활권입니다. 부산 좌동에서 법무사 업무 사례와 상담 절차를 찾으시는 분을 위한 안내입니다. 해운대구 좌동 일"
/업무사례/부산송정동법무사,453,1897,0.239,false,"부산 송정동에서 법무사 업무 사례와 상담 절차를 찾으시는 분을 위한 안내입니다. 해운대구 송정동 일대는 해운대·센텀·재송·반여 일대는 주거·업무·관광이 겹쳐 부동산등기, 법인등기, 상속·잔금일 협업 문의가 많은 대표 생활권입니다. 부산 송정동에서 법무사 업무 사례와 상담 절차를 찾으시는 분을 위한 안내입니다. 해운대구 송"
/업무사례/부산반여동법무사,461,2020,0.228,false,"부산 반여동에서 법무사 업무 사례와 상담 절차를 찾으시는 분을 위한 안내입니다. 해운대구 반여동 일대는 해운대·센텀·재송·반여 일대는 주거·업무·관광이 겹쳐 부동산등기, 법인등기, 상속·잔금일 협업 문의가 많은 대표 생활권입니다. 부산 반여동에서 법무사 업무 사례와 상담 절차를 찾으시는 분을 위한 안내입니다. 해운대구 반"
/업무사례/부산반송동법무사,456,1988,0.229,false,"부산 반송동에서 법무사 업무 사례와 상담 절차를 찾으시는 분을 위한 안내입니다. 해운대구 반송동 일대는 해운대·센텀·재송·반여 일대는 주거·업무·관광이 겹쳐 부동산등기, 법인등기, 상속·잔금일 협업 문의가 많은 대표 생활권입니다. 부산 반송동에서 법무사 업무 사례와 상담 절차를 찾으시는 분을 위한 안내입니다. 해운대구 반"
/업무사례/부산재송동법무사,452,2013,0.225,false,"부산 재송동에서 법무사 업무 사례와 상담 절차를 찾으시는 분을 위한 안내입니다. 해운대구 재송동 일대는 해운대·센텀·재송·반여 일대는 주거·업무·관광이 겹쳐 부동산등기, 법인등기, 상속·잔금일 협업 문의가 많은 대표 생활권입니다. 부산 재송동에서 법무사 업무 사례와 상담 절차를 찾으시는 분을 위한 안내입니다. 해운대구 재"
/업무사례/부산석대동법무사,452,2013,0.225,false,"부산 석대동에서 법무사 업무 사례와 상담 절차를 찾으시는 분을 위한 안내입니다. 해운대구 석대동 일대는 해운대·센텀·재송·반여 일대는 주거·업무·관광이 겹쳐 부동산등기, 법인등기, 상속·잔금일 협업 문의가 많은 대표 생활권입니다. 부산 석대동에서 법무사 업무 사례와 상담 절차를 찾으시는 분을 위한 안내입니다. 해운대구 석"
/업무사례/사하구법무사,399,1981,0.201,false,"사하구에서 법무사 업무 사례와 상담 절차를 찾으시는 분을 위한 안내입니다. 하단·다대·장림·감천 일대는 주거와 산업·관광지가 인접해 주택 이전, 공장·상가 등기, 상속 상담이 함께 이뤄집니다. 사하구에서 법무사 업무 사례와 상담 절차를 찾으시는 분을 위한 안내입니다. 하단·다대·장림·감천 일대는 주거와 산업·관광지가 인접"
/업무사례/부산감천동법무사,436,1886,0.231,false,"부산 감천동에서 법무사 업무 사례와 상담 절차를 찾으시는 분을 위한 안내입니다. 사하구 감천동 일대는 하단·다대·장림·감천 일대는 주거와 산업·관광지가 인접해 주택 이전, 공장·상가 등기, 상속 상담이 함께 이뤄집니다. 부산 감천동에서 법무사 업무 사례와 상담 절차를 찾으시는 분을 위한 안내입니다. 사하구 감천동 일대는 "
/업무사례/부산구평동법무사,435,2031,0.214,false,"부산 구평동에서 법무사 업무 사례와 상담 절차를 찾으시는 분을 위한 안내입니다. 사하구 구평동 일대는 하단·다대·장림·감천 일대는 주거와 산업·관광지가 인접해 주택 이전, 공장·상가 등기, 상속 상담이 함께 이뤄집니다. 부산 구평동에서 법무사 업무 사례와 상담 절차를 찾으시는 분을 위한 안내입니다. 사하구 구평동 일대는 "
/업무사례/부산괴정동법무사,440,2041,0.216,false,"부산 괴정동에서 법무사 업무 사례와 상담 절차를 찾으시는 분을 위한 안내입니다. 사하구 괴정동 일대는 하단·다대·장림·감천 일대는 주거와 산업·관광지가 인접해 주택 이전, 공장·상가 등기, 상속 상담이 함께 이뤄집니다. 부산 괴정동에서 법무사 업무 사례와 상담 절차를 찾으시는 분을 위한 안내입니다. 사하구 괴정동 일대는 "
/업무사례/부산하단동법무사,434,1994,0.218,false,"부산 하단동에서 법무사 업무 사례와 상담 절차를 찾으시는 분을 위한 안내입니다. 사하구 하단동 일대는 하단·다대·장림·감천 일대는 주거와 산업·관광지가 인접해 주택 이전, 공장·상가 등기, 상속 상담이 함께 이뤄집니다. 부산 하단동에서 법무사 업무 사례와 상담 절차를 찾으시는 분을 위한 안내입니다. 사하구 하단동 일대는 "
/업무사례/부산당리동법무사,436,1979,0.22,false,"부산 당리동에서 법무사 업무 사례와 상담 절차를 찾으시는 분을 위한 안내입니다. 사하구 당리동 일대는 하단·다대·장림·감천 일대는 주거와 산업·관광지가 인접해 주택 이전, 공장·상가 등기, 상속 상담이 함께 이뤄집니다. 부산 당리동에서 법무사 업무 사례와 상담 절차를 찾으시는 분을 위한 안내입니다. 사하구 당리동 일대는 "
/업무사례/부산다대동법무사,436,1875,0.233,false,"부산 다대동에서 법무사 업무 사례와 상담 절차를 찾으시는 분을 위한 안내입니다. 사하구 다대동 일대는 하단·다대·장림·감천 일대는 주거와 산업·관광지가 인접해 주택 이전, 공장·상가 등기, 상속 상담이 함께 이뤄집니다. 부산 다대동에서 법무사 업무 사례와 상담 절차를 찾으시는 분을 위한 안내입니다. 사하구 다대동 일대는 "
/업무사례/부산장림동법무사,436,2017,0.216,false,"부산 장림동에서 법무사 업무 사례와 상담 절차를 찾으시는 분을 위한 안내입니다. 사하구 장림동 일대는 하단·다대·장림·감천 일대는 주거와 산업·관광지가 인접해 주택 이전, 공장·상가 등기, 상속 상담이 함께 이뤄집니다. 부산 장림동에서 법무사 업무 사례와 상담 절차를 찾으시는 분을 위한 안내입니다. 사하구 장림동 일대는 "
/업무사례/부산신평동법무사,436,1979,0.22,false,"부산 신평동에서 법무사 업무 사례와 상담 절차를 찾으시는 분을 위한 안내입니다. 사하구 신평동 일대는 하단·다대·장림·감천 일대는 주거와 산업·관광지가 인접해 주택 이전, 공장·상가 등기, 상속 상담이 함께 이뤄집니다. 부산 신평동에서 법무사 업무 사례와 상담 절차를 찾으시는 분을 위한 안내입니다. 사하구 신평동 일대는 "
/업무사례/금정구법무사,403,1991,0.202,false,"금정구에서 법무사 업무 사례와 상담 절차를 찾으시는 분을 위한 안내입니다. 부산대·장전·구서·노포 생활권으로 대학가 임대·주거 매매, 상속등기, 인근 공업지역 관련 법인·부동산 문의가 있습니다. 금정구에서 법무사 업무 사례와 상담 절차를 찾으시는 분을 위한 안내입니다. 부산대·장전·구서·노포 생활권으로 대학가 임대·주거 "
/업무사례/부산금사동법무사,440,1992,0.221,false,"부산 금사동에서 법무사 업무 사례와 상담 절차를 찾으시는 분을 위한 안내입니다. 금정구 금사동 일대는 부산대·장전·구서·노포 생활권으로 대학가 임대·주거 매매, 상속등기, 인근 공업지역 관련 법인·부동산 문의가 있습니다. 부산 금사동에서 법무사 업무 사례와 상담 절차를 찾으시는 분을 위한 안내입니다. 금정구 금사동 일대는"
/업무사례/부산금성동법무사,436,1998,0.218,false,"부산 금성동에서 법무사 업무 사례와 상담 절차를 찾으시는 분을 위한 안내입니다. 금정구 금성동 일대는 부산대·장전·구서·노포 생활권으로 대학가 임대·주거 매매, 상속등기, 인근 공업지역 관련 법인·부동산 문의가 있습니다. 부산 금성동에서 법무사 업무 사례와 상담 절차를 찾으시는 분을 위한 안내입니다. 금정구 금성동 일대는"
/업무사례/부산구서동법무사,440,1845,0.238,false,"부산 구서동에서 법무사 업무 사례와 상담 절차를 찾으시는 분을 위한 안내입니다. 금정구 구서동 일대는 부산대·장전·구서·노포 생활권으로 대학가 임대·주거 매매, 상속등기, 인근 공업지역 관련 법인·부동산 문의가 있습니다. 부산 구서동에서 법무사 업무 사례와 상담 절차를 찾으시는 분을 위한 안내입니다. 금정구 구서동 일대는"
/업무사례/부산남산동법무사,438,1990,0.22,false,"부산 남산동에서 법무사 업무 사례와 상담 절차를 찾으시는 분을 위한 안내입니다. 금정구 남산동 일대는 부산대·장전·구서·노포 생활권으로 대학가 임대·주거 매매, 상속등기, 인근 공업지역 관련 법인·부동산 문의가 있습니다. 부산 남산동에서 법무사 업무 사례와 상담 절차를 찾으시는 분을 위한 안내입니다. 금정구 남산동 일대는"
/업무사례/부산노포동법무사,431,1831,0.235,false,"부산 노포동에서 법무사 업무 사례와 상담 절차를 찾으시는 분을 위한 안내입니다. 금정구 노포동 일대는 부산대·장전·구서·노포 생활권으로 대학가 임대·주거 매매, 상속등기, 인근 공업지역 관련 법인·부동산 문의가 있습니다. 부산 노포동에서 법무사 업무 사례와 상담 절차를 찾으시는 분을 위한 안내입니다. 금정구 노포동 일대는"
/업무사례/부산두구동법무사,434,1987,0.218,false,"부산 두구동에서 법무사 업무 사례와 상담 절차를 찾으시는 분을 위한 안내입니다. 금정구 두구동 일대는 부산대·장전·구서·노포 생활권으로 대학가 임대·주거 매매, 상속등기, 인근 공업지역 관련 법인·부동산 문의가 있습니다. 부산 두구동에서 법무사 업무 사례와 상담 절차를 찾으시는 분을 위한 안내입니다. 금정구 두구동 일대는"
/업무사례/부산부곡동법무사,440,1973,0.223,false,"부산 부곡동에서 법무사 업무 사례와 상담 절차를 찾으시는 분을 위한 안내입니다. 금정구 부곡동 일대는 부산대·장전·구서·노포 생활권으로 대학가 임대·주거 매매, 상속등기, 인근 공업지역 관련 법인·부동산 문의가 있습니다. 부산 부곡동에서 법무사 업무 사례와 상담 절차를 찾으시는 분을 위한 안내입니다. 금정구 부곡동 일대는"
/업무사례/부산서동법무사,432,1971,0.219,false,"부산 서동에서 법무사 업무 사례와 상담 절차를 찾으시는 분을 위한 안내입니다. 금정구 서동 일대는 부산대·장전·구서·노포 생활권으로 대학가 임대·주거 매매, 상속등기, 인근 공업지역 관련 법인·부동산 문의가 있습니다. 부산 서동에서 법무사 업무 사례와 상담 절차를 찾으시는 분을 위한 안내입니다. 금정구 서동 일대는 부산대"
/업무사례/부산선동법무사,432,1980,0.218,false,"부산 선동에서 법무사 업무 사례와 상담 절차를 찾으시는 분을 위한 안내입니다. 금정구 선동 일대는 부산대·장전·구서·노포 생활권으로 대학가 임대·주거 매매, 상속등기, 인근 공업지역 관련 법인·부동산 문의가 있습니다. 부산 선동에서 법무사 업무 사례와 상담 절차를 찾으시는 분을 위한 안내입니다. 금정구 선동 일대는 부산대"
/업무사례/부산오륜동법무사,438,1990,0.22,false,"부산 오륜동에서 법무사 업무 사례와 상담 절차를 찾으시는 분을 위한 안내입니다. 금정구 오륜동 일대는 부산대·장전·구서·노포 생활권으로 대학가 임대·주거 매매, 상속등기, 인근 공업지역 관련 법인·부동산 문의가 있습니다. 부산 오륜동에서 법무사 업무 사례와 상담 절차를 찾으시는 분을 위한 안내입니다. 금정구 오륜동 일대는"
/업무사례/부산장전동법무사,440,1973,0.223,false,"부산 장전동에서 법무사 업무 사례와 상담 절차를 찾으시는 분을 위한 안내입니다. 금정구 장전동 일대는 부산대·장전·구서·노포 생활권으로 대학가 임대·주거 매매, 상속등기, 인근 공업지역 관련 법인·부동산 문의가 있습니다. 부산 장전동에서 법무사 업무 사례와 상담 절차를 찾으시는 분을 위한 안내입니다. 금정구 장전동 일대는"
/업무사례/부산청룡동법무사,441,1987,0.222,false,"부산 청룡동에서 법무사 업무 사례와 상담 절차를 찾으시는 분을 위한 안내입니다. 금정구 청룡동 일대는 부산대·장전·구서·노포 생활권으로 대학가 임대·주거 매매, 상속등기, 인근 공업지역 관련 법인·부동산 문의가 있습니다. 부산 청룡동에서 법무사 업무 사례와 상담 절차를 찾으시는 분을 위한 안내입니다. 금정구 청룡동 일대는"
/업무사례/부산회동동법무사,440,2005,0.219,false,"부산 회동동에서 법무사 업무 사례와 상담 절차를 찾으시는 분을 위한 안내입니다. 금정구 회동동 일대는 부산대·장전·구서·노포 생활권으로 대학가 임대·주거 매매, 상속등기, 인근 공업지역 관련 법인·부동산 문의가 있습니다. 부산 회동동에서 법무사 업무 사례와 상담 절차를 찾으시는 분을 위한 안내입니다. 금정구 회동동 일대는"
/업무사례/강서구법무사,413,1958,0.211,false,"강서구에서 법무사 업무 사례와 상담 절차를 찾으시는 분을 위한 안내입니다. 명지·에코델타·녹산·신항 일대는 신도시와 산업·물류가 맞물려 신축 보존등기, 공장·창고 이전, 법인 설립·변경 문의가 많습니다. 강서구에서 법무사 업무 사례와 상담 절차를 찾으시는 분을 위한 안내입니다. 명지·에코델타·녹산·신항 일대는 신도시와 산"
/업무사례/부산강동동법무사,449,1840,0.244,false,"부산 강동동에서 법무사 업무 사례와 상담 절차를 찾으시는 분을 위한 안내입니다. 강서구 강동동 일대는 명지·에코델타·녹산·신항 일대는 신도시와 산업·물류가 맞물려 신축 보존등기, 공장·창고 이전, 법인 설립·변경 문의가 많습니다. 부산 강동동에서 법무사 업무 사례와 상담 절차를 찾으시는 분을 위한 안내입니다. 강서구 강동"
/업무사례/부산구랑동법무사,449,1944,0.231,false,"부산 구랑동에서 법무사 업무 사례와 상담 절차를 찾으시는 분을 위한 안내입니다. 강서구 구랑동 일대는 명지·에코델타·녹산·신항 일대는 신도시와 산업·물류가 맞물려 신축 보존등기, 공장·창고 이전, 법인 설립·변경 문의가 많습니다. 부산 구랑동에서 법무사 업무 사례와 상담 절차를 찾으시는 분을 위한 안내입니다. 강서구 구랑"
/업무사례/부산눌차동법무사,454,1978,0.23,false,"부산 눌차동에서 법무사 업무 사례와 상담 절차를 찾으시는 분을 위한 안내입니다. 강서구 눌차동 일대는 명지·에코델타·녹산·신항 일대는 신도시와 산업·물류가 맞물려 신축 보존등기, 공장·창고 이전, 법인 설립·변경 문의가 많습니다. 부산 눌차동에서 법무사 업무 사례와 상담 절차를 찾으시는 분을 위한 안내입니다. 강서구 눌차"
/업무사례/부산대저동법무사,454,1978,0.23,false,"부산 대저동에서 법무사 업무 사례와 상담 절차를 찾으시는 분을 위한 안내입니다. 강서구 대저동 일대는 명지·에코델타·녹산·신항 일대는 신도시와 산업·물류가 맞물려 신축 보존등기, 공장·창고 이전, 법인 설립·변경 문의가 많습니다. 부산 대저동에서 법무사 업무 사례와 상담 절차를 찾으시는 분을 위한 안내입니다. 강서구 대저"
/업무사례/부산대항동법무사,454,1998,0.227,false,"부산 대항동에서 법무사 업무 사례와 상담 절차를 찾으시는 분을 위한 안내입니다. 강서구 대항동 일대는 명지·에코델타·녹산·신항 일대는 신도시와 산업·물류가 맞물려 신축 보존등기, 공장·창고 이전, 법인 설립·변경 문의가 많습니다. 부산 대항동에서 법무사 업무 사례와 상담 절차를 찾으시는 분을 위한 안내입니다. 강서구 대항"
/업무사례/부산동선동법무사,454,1952,0.233,false,"부산 동선동에서 법무사 업무 사례와 상담 절차를 찾으시는 분을 위한 안내입니다. 강서구 동선동 일대는 명지·에코델타·녹산·신항 일대는 신도시와 산업·물류가 맞물려 신축 보존등기, 공장·창고 이전, 법인 설립·변경 문의가 많습니다. 부산 동선동에서 법무사 업무 사례와 상담 절차를 찾으시는 분을 위한 안내입니다. 강서구 동선"
/업무사례/부산명지동법무사,454,1982,0.229,false,"부산 명지동에서 법무사 업무 사례와 상담 절차를 찾으시는 분을 위한 안내입니다. 강서구 명지동 일대는 명지·에코델타·녹산·신항 일대는 신도시와 산업·물류가 맞물려 신축 보존등기, 공장·창고 이전, 법인 설립·변경 문의가 많습니다. 부산 명지동에서 법무사 업무 사례와 상담 절차를 찾으시는 분을 위한 안내입니다. 강서구 명지"
/업무사례/부산미음동법무사,454,1848,0.246,false,"부산 미음동에서 법무사 업무 사례와 상담 절차를 찾으시는 분을 위한 안내입니다. 강서구 미음동 일대는 명지·에코델타·녹산·신항 일대는 신도시와 산업·물류가 맞물려 신축 보존등기, 공장·창고 이전, 법인 설립·변경 문의가 많습니다. 부산 미음동에서 법무사 업무 사례와 상담 절차를 찾으시는 분을 위한 안내입니다. 강서구 미음"
/업무사례/부산범방동법무사,453,1979,0.229,false,"부산 범방동에서 법무사 업무 사례와 상담 절차를 찾으시는 분을 위한 안내입니다. 강서구 범방동 일대는 명지·에코델타·녹산·신항 일대는 신도시와 산업·물류가 맞물려 신축 보존등기, 공장·창고 이전, 법인 설립·변경 문의가 많습니다. 부산 범방동에서 법무사 업무 사례와 상담 절차를 찾으시는 분을 위한 안내입니다. 강서구 범방"
/업무사례/부산봉림동법무사,451,1995,0.226,false,"부산 봉림동에서 법무사 업무 사례와 상담 절차를 찾으시는 분을 위한 안내입니다. 강서구 봉림동 일대는 명지·에코델타·녹산·신항 일대는 신도시와 산업·물류가 맞물려 신축 보존등기, 공장·창고 이전, 법인 설립·변경 문의가 많습니다. 부산 봉림동에서 법무사 업무 사례와 상담 절차를 찾으시는 분을 위한 안내입니다. 강서구 봉림"
/업무사례/부산생곡동법무사,451,1843,0.245,false,"부산 생곡동에서 법무사 업무 사례와 상담 절차를 찾으시는 분을 위한 안내입니다. 강서구 생곡동 일대는 명지·에코델타·녹산·신항 일대는 신도시와 산업·물류가 맞물려 신축 보존등기, 공장·창고 이전, 법인 설립·변경 문의가 많습니다. 부산 생곡동에서 법무사 업무 사례와 상담 절차를 찾으시는 분을 위한 안내입니다. 강서구 생곡"
/업무사례/부산성북동법무사,455,1967,0.231,false,"부산 성북동에서 법무사 업무 사례와 상담 절차를 찾으시는 분을 위한 안내입니다. 강서구 성북동 일대는 명지·에코델타·녹산·신항 일대는 신도시와 산업·물류가 맞물려 신축 보존등기, 공장·창고 이전, 법인 설립·변경 문의가 많습니다. 부산 성북동에서 법무사 업무 사례와 상담 절차를 찾으시는 분을 위한 안내입니다. 강서구 성북"
/업무사례/부산식만동법무사,454,1982,0.229,false,"부산 식만동에서 법무사 업무 사례와 상담 절차를 찾으시는 분을 위한 안내입니다. 강서구 식만동 일대는 명지·에코델타·녹산·신항 일대는 신도시와 산업·물류가 맞물려 신축 보존등기, 공장·창고 이전, 법인 설립·변경 문의가 많습니다. 부산 식만동에서 법무사 업무 사례와 상담 절차를 찾으시는 분을 위한 안내입니다. 강서구 식만"
/업무사례/부산신호동법무사,455,1976,0.23,false,"부산 신호동에서 법무사 업무 사례와 상담 절차를 찾으시는 분을 위한 안내입니다. 강서구 신호동 일대는 명지·에코델타·녹산·신항 일대는 신도시와 산업·물류가 맞물려 신축 보존등기, 공장·창고 이전, 법인 설립·변경 문의가 많습니다. 부산 신호동에서 법무사 업무 사례와 상담 절차를 찾으시는 분을 위한 안내입니다. 강서구 신호"
/업무사례/부산죽동동법무사,455,1967,0.231,false,"부산 죽동동에서 법무사 업무 사례와 상담 절차를 찾으시는 분을 위한 안내입니다. 강서구 죽동동 일대는 명지·에코델타·녹산·신항 일대는 신도시와 산업·물류가 맞물려 신축 보존등기, 공장·창고 이전, 법인 설립·변경 문의가 많습니다. 부산 죽동동에서 법무사 업무 사례와 상담 절차를 찾으시는 분을 위한 안내입니다. 강서구 죽동"
/업무사례/부산죽림동법무사,454,1982,0.229,false,"부산 죽림동에서 법무사 업무 사례와 상담 절차를 찾으시는 분을 위한 안내입니다. 강서구 죽림동 일대는 명지·에코델타·녹산·신항 일대는 신도시와 산업·물류가 맞물려 신축 보존등기, 공장·창고 이전, 법인 설립·변경 문의가 많습니다. 부산 죽림동에서 법무사 업무 사례와 상담 절차를 찾으시는 분을 위한 안내입니다. 강서구 죽림"
/업무사례/부산지사동법무사,454,1848,0.246,false,"부산 지사동에서 법무사 업무 사례와 상담 절차를 찾으시는 분을 위한 안내입니다. 강서구 지사동 일대는 명지·에코델타·녹산·신항 일대는 신도시와 산업·물류가 맞물려 신축 보존등기, 공장·창고 이전, 법인 설립·변경 문의가 많습니다. 부산 지사동에서 법무사 업무 사례와 상담 절차를 찾으시는 분을 위한 안내입니다. 강서구 지사"
/업무사례/부산천성동법무사,453,1979,0.229,false,"부산 천성동에서 법무사 업무 사례와 상담 절차를 찾으시는 분을 위한 안내입니다. 강서구 천성동 일대는 명지·에코델타·녹산·신항 일대는 신도시와 산업·물류가 맞물려 신축 보존등기, 공장·창고 이전, 법인 설립·변경 문의가 많습니다. 부산 천성동에서 법무사 업무 사례와 상담 절차를 찾으시는 분을 위한 안내입니다. 강서구 천성"
/업무사례/부산화전동법무사,453,1975,0.229,false,"부산 화전동에서 법무사 업무 사례와 상담 절차를 찾으시는 분을 위한 안내입니다. 강서구 화전동 일대는 명지·에코델타·녹산·신항 일대는 신도시와 산업·물류가 맞물려 신축 보존등기, 공장·창고 이전, 법인 설립·변경 문의가 많습니다. 부산 화전동에서 법무사 업무 사례와 상담 절차를 찾으시는 분을 위한 안내입니다. 강서구 화전"
/업무사례/부산녹산동법무사,455,1998,0.228,false,"부산 녹산동에서 법무사 업무 사례와 상담 절차를 찾으시는 분을 위한 안내입니다. 강서구 녹산동 일대는 명지·에코델타·녹산·신항 일대는 신도시와 산업·물류가 맞물려 신축 보존등기, 공장·창고 이전, 법인 설립·변경 문의가 많습니다. 부산 녹산동에서 법무사 업무 사례와 상담 절차를 찾으시는 분을 위한 안내입니다. 강서구 녹산"
/업무사례/부산가락동법무사,453,1979,0.229,false,"부산 가락동에서 법무사 업무 사례와 상담 절차를 찾으시는 분을 위한 안내입니다. 강서구 가락동 일대는 명지·에코델타·녹산·신항 일대는 신도시와 산업·물류가 맞물려 신축 보존등기, 공장·창고 이전, 법인 설립·변경 문의가 많습니다. 부산 가락동에서 법무사 업무 사례와 상담 절차를 찾으시는 분을 위한 안내입니다. 강서구 가락"
/업무사례/연제구법무사,388,1946,0.199,false,연제구에서 법무사 업무 사례와 상담 절차를 찾으시는 분을 위한 안내입니다. 거제·연산 일대는 시청·법원·등기 관련 기관과 가까워 소송·회생·등기 일정과 맞춘 법무사 업무 문의가 많은 지역입니다. 연제구에서 법무사 업무 사례와 상담 절차를 찾으시는 분을 위한 안내입니다. 거제·연산 일대는 시청·법원·등기 관련 기관과 가까워
/업무사례/부산거제동법무사,434,1822,0.238,false,부산 거제동에서 법무사 업무 사례와 상담 절차를 찾으시는 분을 위한 안내입니다. 연제구 거제동 일대는 거제·연산 일대는 시청·법원·등기 관련 기관과 가까워 소송·회생·등기 일정과 맞춘 법무사 업무 문의가 많은 지역입니다. 부산 거제동에서 법무사 업무 사례와 상담 절차를 찾으시는 분을 위한 안내입니다. 연제구 거제동 일대는
/업무사례/부산연산동법무사,432,1969,0.219,false,부산 연산동에서 법무사 업무 사례와 상담 절차를 찾으시는 분을 위한 안내입니다. 연제구 연산동 일대는 거제·연산 일대는 시청·법원·등기 관련 기관과 가까워 소송·회생·등기 일정과 맞춘 법무사 업무 문의가 많은 지역입니다. 부산 연산동에서 법무사 업무 사례와 상담 절차를 찾으시는 분을 위한 안내입니다. 연제구 연산동 일대는
/업무사례/수영구법무사,391,1972,0.198,false,"수영구에서 법무사 업무 사례와 상담 절차를 찾으시는 분을 위한 안내입니다. 광안리·남천·망미 일대는 해안 주거와 상권이 밀집해 아파트·오피스텔 이전등기, 상가 권리, 상속 상담이 이어집니다. 수영구에서 법무사 업무 사례와 상담 절차를 찾으시는 분을 위한 안내입니다. 광안리·남천·망미 일대는 해안 주거와 상권이 밀집해 아파"
/업무사례/부산광안동법무사,429,1943,0.221,false,"부산 광안동에서 법무사 업무 사례와 상담 절차를 찾으시는 분을 위한 안내입니다. 수영구 광안동 일대는 광안리·남천·망미 일대는 해안 주거와 상권이 밀집해 아파트·오피스텔 이전등기, 상가 권리, 상속 상담이 이어집니다. 부산 광안동에서 법무사 업무 사례와 상담 절차를 찾으시는 분을 위한 안내입니다. 수영구 광안동 일대는 광"
/업무사례/부산남천동법무사,440,1987,0.221,false,"부산 남천동에서 법무사 업무 사례와 상담 절차를 찾으시는 분을 위한 안내입니다. 수영구 남천동 일대는 광안리·남천·망미 일대는 해안 주거와 상권이 밀집해 아파트·오피스텔 이전등기, 상가 권리, 상속 상담이 이어집니다. 부산 남천동에서 법무사 업무 사례와 상담 절차를 찾으시는 분을 위한 안내입니다. 수영구 남천동 일대는 광"
/업무사례/부산망미동법무사,433,1950,0.222,false,"부산 망미동에서 법무사 업무 사례와 상담 절차를 찾으시는 분을 위한 안내입니다. 수영구 망미동 일대는 광안리·남천·망미 일대는 해안 주거와 상권이 밀집해 아파트·오피스텔 이전등기, 상가 권리, 상속 상담이 이어집니다. 부산 망미동에서 법무사 업무 사례와 상담 절차를 찾으시는 분을 위한 안내입니다. 수영구 망미동 일대는 광"
/업무사례/부산민락동법무사,427,1970,0.217,false,"부산 민락동에서 법무사 업무 사례와 상담 절차를 찾으시는 분을 위한 안내입니다. 수영구 민락동 일대는 광안리·남천·망미 일대는 해안 주거와 상권이 밀집해 아파트·오피스텔 이전등기, 상가 권리, 상속 상담이 이어집니다. 부산 민락동에서 법무사 업무 사례와 상담 절차를 찾으시는 분을 위한 안내입니다. 수영구 민락동 일대는 광"
/업무사례/부산수영동법무사,429,1943,0.221,false,"부산 수영동에서 법무사 업무 사례와 상담 절차를 찾으시는 분을 위한 안내입니다. 수영구 수영동 일대는 광안리·남천·망미 일대는 해안 주거와 상권이 밀집해 아파트·오피스텔 이전등기, 상가 권리, 상속 상담이 이어집니다. 부산 수영동에서 법무사 업무 사례와 상담 절차를 찾으시는 분을 위한 안내입니다. 수영구 수영동 일대는 광"
/업무사례/사상구법무사,403,1919,0.21,false,"사상구에서 법무사 업무 사례와 상담 절차를 찾으시는 분을 위한 안내입니다. 사상터미널·주례·학장 일대는 교통 거점과 공업·주거가 공존해 공장·상가 등기, 법인 변경, 주택 이전 문의가 함께 있습니다. 사상구에서 법무사 업무 사례와 상담 절차를 찾으시는 분을 위한 안내입니다. 사상터미널·주례·학장 일대는 교통 거점과 공업·"
/업무사례/부산감전동법무사,442,1827,0.242,false,"부산 감전동에서 법무사 업무 사례와 상담 절차를 찾으시는 분을 위한 안내입니다. 사상구 감전동 일대는 사상터미널·주례·학장 일대는 교통 거점과 공업·주거가 공존해 공장·상가 등기, 법인 변경, 주택 이전 문의가 함께 있습니다. 부산 감전동에서 법무사 업무 사례와 상담 절차를 찾으시는 분을 위한 안내입니다. 사상구 감전동 "
/업무사례/부산괘법동법무사,442,1909,0.232,false,"부산 괘법동에서 법무사 업무 사례와 상담 절차를 찾으시는 분을 위한 안내입니다. 사상구 괘법동 일대는 사상터미널·주례·학장 일대는 교통 거점과 공업·주거가 공존해 공장·상가 등기, 법인 변경, 주택 이전 문의가 함께 있습니다. 부산 괘법동에서 법무사 업무 사례와 상담 절차를 찾으시는 분을 위한 안내입니다. 사상구 괘법동 "
/업무사례/부산덕포동법무사,431,1889,0.228,false,"부산 덕포동에서 법무사 업무 사례와 상담 절차를 찾으시는 분을 위한 안내입니다. 사상구 덕포동 일대는 사상터미널·주례·학장 일대는 교통 거점과 공업·주거가 공존해 공장·상가 등기, 법인 변경, 주택 이전 문의가 함께 있습니다. 부산 덕포동에서 법무사 업무 사례와 상담 절차를 찾으시는 분을 위한 안내입니다. 사상구 덕포동 "
/업무사례/부산모라동법무사,434,1919,0.226,false,"부산 모라동에서 법무사 업무 사례와 상담 절차를 찾으시는 분을 위한 안내입니다. 사상구 모라동 일대는 사상터미널·주례·학장 일대는 교통 거점과 공업·주거가 공존해 공장·상가 등기, 법인 변경, 주택 이전 문의가 함께 있습니다. 부산 모라동에서 법무사 업무 사례와 상담 절차를 찾으시는 분을 위한 안내입니다. 사상구 모라동 "
/업무사례/부산삼락동법무사,436,1949,0.224,false,"부산 삼락동에서 법무사 업무 사례와 상담 절차를 찾으시는 분을 위한 안내입니다. 사상구 삼락동 일대는 사상터미널·주례·학장 일대는 교통 거점과 공업·주거가 공존해 공장·상가 등기, 법인 변경, 주택 이전 문의가 함께 있습니다. 부산 삼락동에서 법무사 업무 사례와 상담 절차를 찾으시는 분을 위한 안내입니다. 사상구 삼락동 "
/업무사례/부산엄궁동법무사,438,1909,0.229,false,"부산 엄궁동에서 법무사 업무 사례와 상담 절차를 찾으시는 분을 위한 안내입니다. 사상구 엄궁동 일대는 사상터미널·주례·학장 일대는 교통 거점과 공업·주거가 공존해 공장·상가 등기, 법인 변경, 주택 이전 문의가 함께 있습니다. 부산 엄궁동에서 법무사 업무 사례와 상담 절차를 찾으시는 분을 위한 안내입니다. 사상구 엄궁동 "
/업무사례/부산주례동법무사,436,1928,0.226,false,"부산 주례동에서 법무사 업무 사례와 상담 절차를 찾으시는 분을 위한 안내입니다. 사상구 주례동 일대는 사상터미널·주례·학장 일대는 교통 거점과 공업·주거가 공존해 공장·상가 등기, 법인 변경, 주택 이전 문의가 함께 있습니다. 부산 주례동에서 법무사 업무 사례와 상담 절차를 찾으시는 분을 위한 안내입니다. 사상구 주례동 "
/업무사례/부산학장동법무사,442,1827,0.242,false,"부산 학장동에서 법무사 업무 사례와 상담 절차를 찾으시는 분을 위한 안내입니다. 사상구 학장동 일대는 사상터미널·주례·학장 일대는 교통 거점과 공업·주거가 공존해 공장·상가 등기, 법인 변경, 주택 이전 문의가 함께 있습니다. 부산 학장동에서 법무사 업무 사례와 상담 절차를 찾으시는 분을 위한 안내입니다. 사상구 학장동 "
/업무사례/기장군법무사,401,1944,0.206,false,"기장군에서 법무사 업무 사례와 상담 절차를 찾으시는 분을 위한 안내입니다. 정관·일광·오시리아 등 신도시·관광·산업단지가 있어 신축·분양 관련 등기, 상속, 입주 기업 법인등기 상담이 이뤄집니다. 기장군에서 법무사 업무 사례와 상담 절차를 찾으시는 분을 위한 안내입니다. 정관·일광·오시리아 등 신도시·관광·산업단지가 있어"
/업무사례/부산기장읍법무사,443,1956,0.226,false,"부산 기장읍에서 법무사 업무 사례와 상담 절차를 찾으시는 분을 위한 안내입니다. 기장군 기장읍 일대는 정관·일광·오시리아 등 신도시·관광·산업단지가 있어 신축·분양 관련 등기, 상속, 입주 기업 법인등기 상담이 이뤄집니다. 부산 기장읍에서 법무사 업무 사례와 상담 절차를 찾으시는 분을 위한 안내입니다. 기장군 기장읍 일대"
/업무사례/부산정관읍법무사,439,1963,0.224,false,"부산 정관읍에서 법무사 업무 사례와 상담 절차를 찾으시는 분을 위한 안내입니다. 기장군 정관읍 일대는 정관·일광·오시리아 등 신도시·관광·산업단지가 있어 신축·분양 관련 등기, 상속, 입주 기업 법인등기 상담이 이뤄집니다. 부산 정관읍에서 법무사 업무 사례와 상담 절차를 찾으시는 분을 위한 안내입니다. 기장군 정관읍 일대"
/업무사례/부산장안읍법무사,438,1943,0.225,false,"부산 장안읍에서 법무사 업무 사례와 상담 절차를 찾으시는 분을 위한 안내입니다. 기장군 장안읍 일대는 정관·일광·오시리아 등 신도시·관광·산업단지가 있어 신축·분양 관련 등기, 상속, 입주 기업 법인등기 상담이 이뤄집니다. 부산 장안읍에서 법무사 업무 사례와 상담 절차를 찾으시는 분을 위한 안내입니다. 기장군 장안읍 일대"
/업무사례/부산일광읍법무사,439,1963,0.224,false,"부산 일광읍에서 법무사 업무 사례와 상담 절차를 찾으시는 분을 위한 안내입니다. 기장군 일광읍 일대는 정관·일광·오시리아 등 신도시·관광·산업단지가 있어 신축·분양 관련 등기, 상속, 입주 기업 법인등기 상담이 이뤄집니다. 부산 일광읍에서 법무사 업무 사례와 상담 절차를 찾으시는 분을 위한 안내입니다. 기장군 일광읍 일대"
/업무사례/부산철마면법무사,443,1956,0.226,false,"부산 철마면에서 법무사 업무 사례와 상담 절차를 찾으시는 분을 위한 안내입니다. 기장군 철마면 일대는 정관·일광·오시리아 등 신도시·관광·산업단지가 있어 신축·분양 관련 등기, 상속, 입주 기업 법인등기 상담이 이뤄집니다. 부산 철마면에서 법무사 업무 사례와 상담 절차를 찾으시는 분을 위한 안내입니다. 기장군 철마면 일대"
/업무사례/부산국제시장법무사,338,1894,0.178,false,부산 국제시장에서 법무사 업무 사례와 상담 절차를 찾으시는 분을 위한 안내입니다. 원도심 상가·점포 권리와 상속·매매등기가 맞물리는 상권입니다. 부산 국제시장에서 법무사 업무 사례와 상담 절차를 찾으시는 분을 위한 안내입니다. 원도심 상가·점포 권리와 상속·매매등기가 맞물리는 상권입니다. 부산 국제시장에서 법무사 업무 사
/업무사례/부산자갈치시장법무사,362,1922,0.188,false,부산 자갈치시장에서 법무사 업무 사례와 상담 절차를 찾으시는 분을 위한 안내입니다. 전통시장 인근 상가·주택의 소유권·임대차 관련 등기 문의가 있는 생활권입니다. 부산 자갈치시장에서 법무사 업무 사례와 상담 절차를 찾으시는 분을 위한 안내입니다. 전통시장 인근 상가·주택의 소유권·임대차 관련 등기 문의가 있는 생활권입니다
/업무사례/부산부평깡통시장법무사,375,1927,0.195,false,부산 부평깡통시장에서 법무사 업무 사례와 상담 절차를 찾으시는 분을 위한 안내입니다. 원도심 소규모 상가와 주거가 인접한 상권으로 권리관계 정리가 필요한 경우가 있습니다. 부산 부평깡통시장에서 법무사 업무 사례와 상담 절차를 찾으시는 분을 위한 안내입니다. 원도심 소규모 상가와 주거가 인접한 상권으로 권리관계 정리가 필요
/업무사례/부산대학병원법무사,336,1913,0.176,false,부산대학병원에서 법무사 업무 사례와 상담 절차를 찾으시는 분을 위한 안내입니다. 병원 인근 거주·상속·부동산 이전 일정을 맞추는 상담이 있습니다. 부산대학병원에서 법무사 업무 사례와 상담 절차를 찾으시는 분을 위한 안내입니다. 병원 인근 거주·상속·부동산 이전 일정을 맞추는 상담이 있습니다. 부산대학병원에서 법무사 업무 
/업무사례/부산송도해수욕장법무사,332,1786,0.186,false,부산 송도해수욕장에서 법무사 업무 사례와 상담 절차를 찾으시는 분을 위한 안내입니다. 송도 해안 주거·상가와 관광 생활권이 겹치는 지역입니다. 부산 송도해수욕장에서 법무사 업무 사례와 상담 절차를 찾으시는 분을 위한 안내입니다. 송도 해안 주거·상가와 관광 생활권이 겹치는 지역입니다. 부산 송도해수욕장에서 법무사 업무 사
/업무사례/부산역법무사,337,1863,0.181,false,부산역에서 법무사 업무 사례와 상담 절차를 찾으시는 분을 위한 안내입니다. 역세권 상가·오피스·주거 이전등기와 법인 본점 관련 문의가 많은 거점입니다. 부산역에서 법무사 업무 사례와 상담 절차를 찾으시는 분을 위한 안내입니다. 역세권 상가·오피스·주거 이전등기와 법인 본점 관련 문의가 많은 거점입니다. 부산역에서 법무사 
/업무사례/부산북항법무사,336,1869,0.18,false,부산 북항에서 법무사 업무 사례와 상담 절차를 찾으시는 분을 위한 안내입니다. 북항 재개발·항만 배후 상권과 맞닿은 부동산·법인 업무 문의가 있습니다. 부산 북항에서 법무사 업무 사례와 상담 절차를 찾으시는 분을 위한 안내입니다. 북항 재개발·항만 배후 상권과 맞닿은 부동산·법인 업무 문의가 있습니다. 부산 북항에서 법무
/업무사례/부산항법무사,336,1871,0.18,false,부산항에서 법무사 업무 사례와 상담 절차를 찾으시는 분을 위한 안내입니다. 항만·물류 배후 지역의 사업장·부동산 등기 일정을 맞추는 상담이 있습니다. 부산항에서 법무사 업무 사례와 상담 절차를 찾으시는 분을 위한 안내입니다. 항만·물류 배후 지역의 사업장·부동산 등기 일정을 맞추는 상담이 있습니다. 부산항에서 법무사 업무
/업무사례/부산차이나타운법무사,337,1927,0.175,false,부산 차이나타운에서 법무사 업무 사례와 상담 절차를 찾으시는 분을 위한 안내입니다. 초량 일대 상가·점포 권리관계 정리가 필요한 경우가 있습니다. 부산 차이나타운에서 법무사 업무 사례와 상담 절차를 찾으시는 분을 위한 안내입니다. 초량 일대 상가·점포 권리관계 정리가 필요한 경우가 있습니다. 부산 차이나타운에서 법무사 업
/업무사례/부산태종대법무사,313,1717,0.182,false,부산 태종대에서 법무사 업무 사례와 상담 절차를 찾으시는 분을 위한 안내입니다. 관광·주거가 공존하는 영도 해안 생활권입니다. 부산 태종대에서 법무사 업무 사례와 상담 절차를 찾으시는 분을 위한 안내입니다. 관광·주거가 공존하는 영도 해안 생활권입니다. 부산 태종대에서 법무사 업무 사례와 상담 절차를 찾으시는 분을 위한 
/업무사례/부산흰여울문화마을법무사,334,1893,0.176,false,부산 흰여울문화마을에서 법무사 업무 사례와 상담 절차를 찾으시는 분을 위한 안내입니다. 문화마을 인근 소규모 주택·상가 권리 상담이 있습니다. 부산 흰여울문화마을에서 법무사 업무 사례와 상담 절차를 찾으시는 분을 위한 안내입니다. 문화마을 인근 소규모 주택·상가 권리 상담이 있습니다. 부산 흰여울문화마을에서 법무사 업무 
/업무사례/부산동삼혁신지구법무사,352,1910,0.184,false,부산 동삼혁신지구에서 법무사 업무 사례와 상담 절차를 찾으시는 분을 위한 안내입니다. 혁신지구 입주·이전과 맞물린 법인·부동산등기 문의가 있습니다. 부산 동삼혁신지구에서 법무사 업무 사례와 상담 절차를 찾으시는 분을 위한 안내입니다. 혁신지구 입주·이전과 맞물린 법인·부동산등기 문의가 있습니다. 부산 동삼혁신지구에서 법무
/업무사례/부산서면법무사,355,1871,0.19,false,"부산 서면에서 법무사 업무 사례와 상담 절차를 찾으시는 분을 위한 안내입니다. 부산의 대표 도심 상권으로 잔금일 등기, 상가 이전, 법인 업무 문의가 많은 거점입니다. 부산 서면에서 법무사 업무 사례와 상담 절차를 찾으시는 분을 위한 안내입니다. 부산의 대표 도심 상권으로 잔금일 등기, 상가 이전, 법인 업무 문의가 많은"
/업무사례/부산시민공원법무사,335,1893,0.177,false,부산시민공원에서 법무사 업무 사례와 상담 절차를 찾으시는 분을 위한 안내입니다. 시민공원 인근 주거 단지의 이전·상속등기 문의가 있는 생활권입니다. 부산시민공원에서 법무사 업무 사례와 상담 절차를 찾으시는 분을 위한 안내입니다. 시민공원 인근 주거 단지의 이전·상속등기 문의가 있는 생활권입니다. 부산시민공원에서 법무사 업
/업무사례/부산부전시장법무사,335,1735,0.193,false,부산 부전시장에서 법무사 업무 사례와 상담 절차를 찾으시는 분을 위한 안내입니다. 시장·상가 밀집지의 점포 권리와 부동산등기 상담이 있습니다. 부산 부전시장에서 법무사 업무 사례와 상담 절차를 찾으시는 분을 위한 안내입니다. 시장·상가 밀집지의 점포 권리와 부동산등기 상담이 있습니다. 부산 부전시장에서 법무사 업무 사례와
/업무사례/부산동의대역법무사,331,1896,0.175,false,부산 동의대역에서 법무사 업무 사례와 상담 절차를 찾으시는 분을 위한 안내입니다. 대학·주거가 인접한 역세권의 부동산등기 문의가 있습니다. 부산 동의대역에서 법무사 업무 사례와 상담 절차를 찾으시는 분을 위한 안내입니다. 대학·주거가 인접한 역세권의 부동산등기 문의가 있습니다. 부산 동의대역에서 법무사 업무 사례와 상담 
/업무사례/부산동래역법무사,323,1876,0.172,false,부산 동래역에서 법무사 업무 사례와 상담 절차를 찾으시는 분을 위한 안내입니다. 동래 역세권 상권·주거의 매매등기 상담이 많은 거점입니다. 부산 동래역에서 법무사 업무 사례와 상담 절차를 찾으시는 분을 위한 안내입니다. 동래 역세권 상권·주거의 매매등기 상담이 많은 거점입니다. 부산 동래역에서 법무사 업무 사례와 상담 절
/업무사례/부산미남역법무사,324,1715,0.189,false,부산 미남역에서 법무사 업무 사례와 상담 절차를 찾으시는 분을 위한 안내입니다. 미남 교차 생활권의 아파트 이전·상속등기 문의가 있습니다. 부산 미남역에서 법무사 업무 사례와 상담 절차를 찾으시는 분을 위한 안내입니다. 미남 교차 생활권의 아파트 이전·상속등기 문의가 있습니다. 부산 미남역에서 법무사 업무 사례와 상담 절
/업무사례/부산온천장법무사,325,1874,0.173,false,부산 온천장에서 법무사 업무 사례와 상담 절차를 찾으시는 분을 위한 안내입니다. 온천장 전통 생활권의 상가·주택 권리 정리 문의가 있습니다. 부산 온천장에서 법무사 업무 사례와 상담 절차를 찾으시는 분을 위한 안내입니다. 온천장 전통 생활권의 상가·주택 권리 정리 문의가 있습니다. 부산 온천장에서 법무사 업무 사례와 상담
/업무사례/부산동래시장법무사,333,1913,0.174,false,부산 동래시장에서 법무사 업무 사례와 상담 절차를 찾으시는 분을 위한 안내입니다. 시장 상권의 점포·상가 등기 일정을 맞추는 상담이 있습니다. 부산 동래시장에서 법무사 업무 사례와 상담 절차를 찾으시는 분을 위한 안내입니다. 시장 상권의 점포·상가 등기 일정을 맞추는 상담이 있습니다. 부산 동래시장에서 법무사 업무 사례와
/업무사례/부산문현금융단지법무사,376,1919,0.196,false,부산 문현금융단지에서 법무사 업무 사례와 상담 절차를 찾으시는 분을 위한 안내입니다. 금융·오피스 밀집지로 법인등기·오피스 이전·담보등기 문의가 많은 업무지구입니다. 부산 문현금융단지에서 법무사 업무 사례와 상담 절차를 찾으시는 분을 위한 안내입니다. 금융·오피스 밀집지로 법인등기·오피스 이전·담보등기 문의가 많은 업무지
/업무사례/부산국제금융센터법무사,365,1921,0.19,false,부산국제금융센터에서 법무사 업무 사례와 상담 절차를 찾으시는 분을 위한 안내입니다. BIFC 일대 기업·전문직의 법인·부동산등기 일정을 맞추는 상담이 있습니다. 부산국제금융센터에서 법무사 업무 사례와 상담 절차를 찾으시는 분을 위한 안내입니다. BIFC 일대 기업·전문직의 법인·부동산등기 일정을 맞추는 상담이 있습니다. 
/업무사례/부산대연혁신지구법무사,347,1877,0.185,false,부산 대연혁신지구에서 법무사 업무 사례와 상담 절차를 찾으시는 분을 위한 안내입니다. 대연 일대 주거·업무 변화와 맞물린 등기·법인 상담이 있습니다. 부산 대연혁신지구에서 법무사 업무 사례와 상담 절차를 찾으시는 분을 위한 안내입니다. 대연 일대 주거·업무 변화와 맞물린 등기·법인 상담이 있습니다. 부산 대연혁신지구에서 
/업무사례/부산경성대법무사,320,1803,0.177,false,부산 경성대에서 법무사 업무 사례와 상담 절차를 찾으시는 분을 위한 안내입니다. 대학가 임대·주거 매매등기 상담이 있는 생활권입니다. 부산 경성대에서 법무사 업무 사례와 상담 절차를 찾으시는 분을 위한 안내입니다. 대학가 임대·주거 매매등기 상담이 있는 생활권입니다. 부산 경성대에서 법무사 업무 사례와 상담 절차를 찾으시
/업무사례/부산부경대법무사,311,1822,0.171,false,부산 부경대에서 법무사 업무 사례와 상담 절차를 찾으시는 분을 위한 안내입니다. 부경대 인근 주거·상가 등기 문의가 이어집니다. 부산 부경대에서 법무사 업무 사례와 상담 절차를 찾으시는 분을 위한 안내입니다. 부경대 인근 주거·상가 등기 문의가 이어집니다. 부산 부경대에서 법무사 업무 사례와 상담 절차를 찾으시는 분을 위
/업무사례/부산용호만법무사,324,1770,0.183,false,부산 용호만에서 법무사 업무 사례와 상담 절차를 찾으시는 분을 위한 안내입니다. 용호 해안 주거지의 아파트·상가 이전등기 상담이 있습니다. 부산 용호만에서 법무사 업무 사례와 상담 절차를 찾으시는 분을 위한 안내입니다. 용호 해안 주거지의 아파트·상가 이전등기 상담이 있습니다. 부산 용호만에서 법무사 업무 사례와 상담 절
/업무사례/부산못골역법무사,318,1835,0.173,false,부산 못골역에서 법무사 업무 사례와 상담 절차를 찾으시는 분을 위한 안내입니다. 대연·못골 생활권 주거 등기 문의가 있는 구간입니다. 부산 못골역에서 법무사 업무 사례와 상담 절차를 찾으시는 분을 위한 안내입니다. 대연·못골 생활권 주거 등기 문의가 있는 구간입니다. 부산 못골역에서 법무사 업무 사례와 상담 절차를 찾으시
/업무사례/부산화명신도시법무사,369,1903,0.194,false,부산 화명신도시에서 법무사 업무 사례와 상담 절차를 찾으시는 분을 위한 안내입니다. 화명 신도시 아파트 단지의 소유권이전·상속·담보등기 문의가 많은 생활권입니다. 부산 화명신도시에서 법무사 업무 사례와 상담 절차를 찾으시는 분을 위한 안내입니다. 화명 신도시 아파트 단지의 소유권이전·상속·담보등기 문의가 많은 생활권입니다
/업무사례/부산구포역법무사,323,1804,0.179,false,부산 구포역에서 법무사 업무 사례와 상담 절차를 찾으시는 분을 위한 안내입니다. 구포 역세권·시장 생활권의 상가·주택 등기 상담이 있습니다. 부산 구포역에서 법무사 업무 사례와 상담 절차를 찾으시는 분을 위한 안내입니다. 구포 역세권·시장 생활권의 상가·주택 등기 상담이 있습니다. 부산 구포역에서 법무사 업무 사례와 상담
/업무사례/부산율리역법무사,311,1806,0.172,false,부산 율리역에서 법무사 업무 사례와 상담 절차를 찾으시는 분을 위한 안내입니다. 금곡·율리 생활권 주거 등기 문의가 있는 구간입니다. 부산 율리역에서 법무사 업무 사례와 상담 절차를 찾으시는 분을 위한 안내입니다. 금곡·율리 생활권 주거 등기 문의가 있는 구간입니다. 부산 율리역에서 법무사 업무 사례와 상담 절차를 찾으시
/업무사례/부산덕천역법무사,317,1784,0.178,false,부산 덕천역에서 법무사 업무 사례와 상담 절차를 찾으시는 분을 위한 안내입니다. 덕천 교차 생활권의 상가·주거 등기 문의가 많은 거점입니다. 부산 덕천역에서 법무사 업무 사례와 상담 절차를 찾으시는 분을 위한 안내입니다. 덕천 교차 생활권의 상가·주거 등기 문의가 많은 거점입니다. 부산 덕천역에서 법무사 업무 사례와 상담
/업무사례/부산과학기술대학교법무사,330,1888,0.175,false,부산과학기술대학교에서 법무사 업무 사례와 상담 절차를 찾으시는 분을 위한 안내입니다. 대학 인근 주거·상가 등기 문의가 있는 생활권입니다. 부산과학기술대학교에서 법무사 업무 사례와 상담 절차를 찾으시는 분을 위한 안내입니다. 대학 인근 주거·상가 등기 문의가 있는 생활권입니다. 부산과학기술대학교에서 법무사 업무 사례와 상
/업무사례/부산해운대법무사,360,1927,0.187,false,부산 해운대에서 법무사 업무 사례와 상담 절차를 찾으시는 분을 위한 안내입니다. 해수욕장·관광·주거가 겹친 대표 생활권으로 부동산·상속·법인 문의가 고루 있습니다. 부산 해운대에서 법무사 업무 사례와 상담 절차를 찾으시는 분을 위한 안내입니다. 해수욕장·관광·주거가 겹친 대표 생활권으로 부동산·상속·법인 문의가 고루 있습
/업무사례/부산센텀법무사,366,1846,0.198,false,"부산 센텀에서 법무사 업무 사례와 상담 절차를 찾으시는 분을 위한 안내입니다. 센텀시티 업무·주거 밀집지로 법인등기, 오피스·아파트 이전, 잔금일 협업 문의가 많은 거점입니다. 부산 센텀에서 법무사 업무 사례와 상담 절차를 찾으시는 분을 위한 안내입니다. 센텀시티 업무·주거 밀집지로 법인등기, 오피스·아파트 이전, 잔금일"
/업무사례/부산마린시티법무사,349,1945,0.179,false,부산 마린시티에서 법무사 업무 사례와 상담 절차를 찾으시는 분을 위한 안내입니다. 해안 고층 주거·상가의 매매·담보·상속등기 상담이 있는 생활권입니다. 부산 마린시티에서 법무사 업무 사례와 상담 절차를 찾으시는 분을 위한 안내입니다. 해안 고층 주거·상가의 매매·담보·상속등기 상담이 있는 생활권입니다. 부산 마린시티에서 
/업무사례/부산엘시티법무사,339,1910,0.177,false,부산 엘시티에서 법무사 업무 사례와 상담 절차를 찾으시는 분을 위한 안내입니다. 해운대 해안 주거·상업시설 인근의 부동산등기 문의가 있습니다. 부산 엘시티에서 법무사 업무 사례와 상담 절차를 찾으시는 분을 위한 안내입니다. 해운대 해안 주거·상업시설 인근의 부동산등기 문의가 있습니다. 부산 엘시티에서 법무사 업무 사례와 
/업무사례/부산장산역법무사,316,1835,0.172,false,부산 장산역에서 법무사 업무 사례와 상담 절차를 찾으시는 분을 위한 안내입니다. 좌동·장산 생활권 아파트 등기 문의가 많은 구간입니다. 부산 장산역에서 법무사 업무 사례와 상담 절차를 찾으시는 분을 위한 안내입니다. 좌동·장산 생활권 아파트 등기 문의가 많은 구간입니다. 부산 장산역에서 법무사 업무 사례와 상담 절차를 찾
/업무사례/부산반여농산물시장법무사,342,1871,0.183,false,부산 반여농산물시장에서 법무사 업무 사례와 상담 절차를 찾으시는 분을 위한 안내입니다. 반여 시장·주거 일대의 상가·주택 등기 문의가 있습니다. 부산 반여농산물시장에서 법무사 업무 사례와 상담 절차를 찾으시는 분을 위한 안내입니다. 반여 시장·주거 일대의 상가·주택 등기 문의가 있습니다. 부산 반여농산물시장에서 법무사 업
/업무사례/부산달맞이길법무사,347,1920,0.181,false,부산 달맞이길에서 법무사 업무 사례와 상담 절차를 찾으시는 분을 위한 안내입니다. 달맞이 언덕 주거·상가의 매매등기 상담이 있는 해안 생활권입니다. 부산 달맞이길에서 법무사 업무 사례와 상담 절차를 찾으시는 분을 위한 안내입니다. 달맞이 언덕 주거·상가의 매매등기 상담이 있는 해안 생활권입니다. 부산 달맞이길에서 법무사 
/업무사례/부산청사포법무사,314,1743,0.18,false,부산 청사포에서 법무사 업무 사례와 상담 절차를 찾으시는 분을 위한 안내입니다. 청사포 해안 생활권의 주거·상가 등기 문의가 있습니다. 부산 청사포에서 법무사 업무 사례와 상담 절차를 찾으시는 분을 위한 안내입니다. 청사포 해안 생활권의 주거·상가 등기 문의가 있습니다. 부산 청사포에서 법무사 업무 사례와 상담 절차를 찾
/업무사례/부산광안리법무사,344,1763,0.195,false,부산 광안리에서 법무사 업무 사례와 상담 절차를 찾으시는 분을 위한 안내입니다. 광안리 해변 상권·주거의 이전등기·상가 권리 상담이 많은 대표 생활권입니다. 부산 광안리에서 법무사 업무 사례와 상담 절차를 찾으시는 분을 위한 안내입니다. 광안리 해변 상권·주거의 이전등기·상가 권리 상담이 많은 대표 생활권입니다. 부산 광
/업무사례/부산금련산역법무사,315,1816,0.173,false,부산 금련산역에서 법무사 업무 사례와 상담 절차를 찾으시는 분을 위한 안내입니다. 남천·금련산 생활권 주거 등기 상담이 이어집니다. 부산 금련산역에서 법무사 업무 사례와 상담 절차를 찾으시는 분을 위한 안내입니다. 남천·금련산 생활권 주거 등기 상담이 이어집니다. 부산 금련산역에서 법무사 업무 사례와 상담 절차를 찾으시는
/업무사례/부산수영역법무사,323,1826,0.177,false,부산 수영역에서 법무사 업무 사례와 상담 절차를 찾으시는 분을 위한 안내입니다. 수영 교차 생활권의 상가·주거 등기 상담이 있는 거점입니다. 부산 수영역에서 법무사 업무 사례와 상담 절차를 찾으시는 분을 위한 안내입니다. 수영 교차 생활권의 상가·주거 등기 상담이 있는 거점입니다. 부산 수영역에서 법무사 업무 사례와 상담
/업무사례/부산망미단길법무사,317,1739,0.182,false,부산 망미단길에서 법무사 업무 사례와 상담 절차를 찾으시는 분을 위한 안내입니다. 망미 골목 상권의 점포·주택 권리 상담이 있습니다. 부산 망미단길에서 법무사 업무 사례와 상담 절차를 찾으시는 분을 위한 안내입니다. 망미 골목 상권의 점포·주택 권리 상담이 있습니다. 부산 망미단길에서 법무사 업무 사례와 상담 절차를 찾으
/업무사례/부산다대포법무사,323,1845,0.175,false,부산 다대포에서 법무사 업무 사례와 상담 절차를 찾으시는 분을 위한 안내입니다. 다대포 해안·주거 생활권의 이전·상속등기 상담이 있습니다. 부산 다대포에서 법무사 업무 사례와 상담 절차를 찾으시는 분을 위한 안내입니다. 다대포 해안·주거 생활권의 이전·상속등기 상담이 있습니다. 부산 다대포에서 법무사 업무 사례와 상담 절
/업무사례/부산감천문화마을법무사,335,1858,0.18,false,부산 감천문화마을에서 법무사 업무 사례와 상담 절차를 찾으시는 분을 위한 안내입니다. 문화마을 인근 소규모 주택·상가 권리 정리 문의가 있습니다. 부산 감천문화마을에서 법무사 업무 사례와 상담 절차를 찾으시는 분을 위한 안내입니다. 문화마을 인근 소규모 주택·상가 권리 정리 문의가 있습니다. 부산 감천문화마을에서 법무사 
/업무사례/부산하단오거리법무사,343,1871,0.183,false,부산 하단오거리에서 법무사 업무 사례와 상담 절차를 찾으시는 분을 위한 안내입니다. 하단 교통·상권 거점의 상가·주거 등기 상담이 많은 구간입니다. 부산 하단오거리에서 법무사 업무 사례와 상담 절차를 찾으시는 분을 위한 안내입니다. 하단 교통·상권 거점의 상가·주거 등기 상담이 많은 구간입니다. 부산 하단오거리에서 법무사
/업무사례/부산낫개역법무사,309,1852,0.167,false,부산 낫개역에서 법무사 업무 사례와 상담 절차를 찾으시는 분을 위한 안내입니다. 다대·낫개 생활권 주거 등기 상담이 있습니다. 부산 낫개역에서 법무사 업무 사례와 상담 절차를 찾으시는 분을 위한 안내입니다. 다대·낫개 생활권 주거 등기 상담이 있습니다. 부산 낫개역에서 법무사 업무 사례와 상담 절차를 찾으시는 분을 위한 
/업무사례/부산동매역법무사,310,1838,0.169,false,부산 동매역에서 법무사 업무 사례와 상담 절차를 찾으시는 분을 위한 안내입니다. 괴정·동매 일대 주거 등기 문의가 있는 구간입니다. 부산 동매역에서 법무사 업무 사례와 상담 절차를 찾으시는 분을 위한 안내입니다. 괴정·동매 일대 주거 등기 문의가 있는 구간입니다. 부산 동매역에서 법무사 업무 사례와 상담 절차를 찾으시는 
/업무사례/부산사상역법무사,338,1859,0.182,false,부산 사상역에서 법무사 업무 사례와 상담 절차를 찾으시는 분을 위한 안내입니다. 사상 교통 거점의 상가·주거·법인 등기 문의가 많은 생활권입니다. 부산 사상역에서 법무사 업무 사례와 상담 절차를 찾으시는 분을 위한 안내입니다. 사상 교통 거점의 상가·주거·법인 등기 문의가 많은 생활권입니다. 부산 사상역에서 법무사 업무 
/업무사례/부산냉정역법무사,299,1794,0.167,false,부산 냉정역에서 법무사 업무 사례와 상담 절차를 찾으시는 분을 위한 안내입니다. 냉정 일대 주거 등기 문의가 있는 구간입니다. 부산 냉정역에서 법무사 업무 사례와 상담 절차를 찾으시는 분을 위한 안내입니다. 냉정 일대 주거 등기 문의가 있는 구간입니다. 부산 냉정역에서 법무사 업무 사례와 상담 절차를 찾으시는 분을 위한 
/업무사례/부산사상공업지역법무사,355,1864,0.19,false,부산 사상공업지역에서 법무사 업무 사례와 상담 절차를 찾으시는 분을 위한 안내입니다. 공업지역 공장·창고·법인 사업장 등기 문의가 있는 업무 구간입니다. 부산 사상공업지역에서 법무사 업무 사례와 상담 절차를 찾으시는 분을 위한 안내입니다. 공업지역 공장·창고·법인 사업장 등기 문의가 있는 업무 구간입니다. 부산 사상공업지
/업무사례/부산학장공단법무사,320,1824,0.175,false,부산 학장공단에서 법무사 업무 사례와 상담 절차를 찾으시는 분을 위한 안내입니다. 학장 공단 입주 기업의 법인·부동산등기 상담이 있습니다. 부산 학장공단에서 법무사 업무 사례와 상담 절차를 찾으시는 분을 위한 안내입니다. 학장 공단 입주 기업의 법인·부동산등기 상담이 있습니다. 부산 학장공단에서 법무사 업무 사례와 상담 
/업무사례/부산대법무사,321,1856,0.173,false,부산대에서 법무사 업무 사례와 상담 절차를 찾으시는 분을 위한 안내입니다. 부산대 일대 대학가 주거·상가 매매등기 상담이 많은 생활권입니다. 부산대에서 법무사 업무 사례와 상담 절차를 찾으시는 분을 위한 안내입니다. 부산대 일대 대학가 주거·상가 매매등기 상담이 많은 생활권입니다. 부산대에서 법무사 업무 사례와 상담 절차
/업무사례/부산두실역법무사,302,1843,0.164,false,부산 두실역에서 법무사 업무 사례와 상담 절차를 찾으시는 분을 위한 안내입니다. 두실 생활권 주거 등기 상담이 있는 구간입니다. 부산 두실역에서 법무사 업무 사례와 상담 절차를 찾으시는 분을 위한 안내입니다. 두실 생활권 주거 등기 상담이 있는 구간입니다. 부산 두실역에서 법무사 업무 사례와 상담 절차를 찾으시는 분을 위
/업무사례/부산범어사역법무사,310,1845,0.168,false,부산 범어사역에서 법무사 업무 사례와 상담 절차를 찾으시는 분을 위한 안내입니다. 범어사 인근 생활권의 부동산 상담 구간입니다. 부산 범어사역에서 법무사 업무 사례와 상담 절차를 찾으시는 분을 위한 안내입니다. 범어사 인근 생활권의 부동산 상담 구간입니다. 부산 범어사역에서 법무사 업무 사례와 상담 절차를 찾으시는 분을 
/업무사례/부산노포역법무사,326,1865,0.175,false,부산 노포역에서 법무사 업무 사례와 상담 절차를 찾으시는 분을 위한 안내입니다. 노포 터미널·역세권의 상가·주거 등기 문의가 있는 거점입니다. 부산 노포역에서 법무사 업무 사례와 상담 절차를 찾으시는 분을 위한 안내입니다. 노포 터미널·역세권의 상가·주거 등기 문의가 있는 거점입니다. 부산 노포역에서 법무사 업무 사례와 
/업무사례/부산금사공업지역법무사,327,1892,0.173,false,부산 금사공업지역에서 법무사 업무 사례와 상담 절차를 찾으시는 분을 위한 안내입니다. 금사 공업지역 사업장·공장 등기 문의가 있습니다. 부산 금사공업지역에서 법무사 업무 사례와 상담 절차를 찾으시는 분을 위한 안내입니다. 금사 공업지역 사업장·공장 등기 문의가 있습니다. 부산 금사공업지역에서 법무사 업무 사례와 상담 절차
/업무사례/부산명지법무사,337,1842,0.183,false,부산 명지에서 법무사 업무 사례와 상담 절차를 찾으시는 분을 위한 안내입니다. 명지 신도시 주거의 소유권이전·신축 관련 등기 상담이 많은 생활권입니다. 부산 명지에서 법무사 업무 사례와 상담 절차를 찾으시는 분을 위한 안내입니다. 명지 신도시 주거의 소유권이전·신축 관련 등기 상담이 많은 생활권입니다. 부산 명지에서 법무
/업무사례/부산에코델타시티법무사,388,1953,0.199,false,부산 에코델타시티에서 법무사 업무 사례와 상담 절차를 찾으시는 분을 위한 안내입니다. 에코델타시티 개발·입주와 맞물린 보존등기·이전등기·법인 업무 문의가 있는 신도시 권역입니다. 부산 에코델타시티에서 법무사 업무 사례와 상담 절차를 찾으시는 분을 위한 안내입니다. 에코델타시티 개발·입주와 맞물린 보존등기·이전등기·법인 업
/업무사례/부산가덕도법무사,333,1899,0.175,false,부산 가덕도에서 법무사 업무 사례와 상담 절차를 찾으시는 분을 위한 안내입니다. 가덕도 일대 토지·건축물 권리와 관련한 등기 상담이 있습니다. 부산 가덕도에서 법무사 업무 사례와 상담 절차를 찾으시는 분을 위한 안내입니다. 가덕도 일대 토지·건축물 권리와 관련한 등기 상담이 있습니다. 부산 가덕도에서 법무사 업무 사례와 
/업무사례/부산신항법무사,341,1865,0.183,false,부산신항에서 법무사 업무 사례와 상담 절차를 찾으시는 분을 위한 안내입니다. 신항 물류·산업 배후의 공장·창고·법인등기 문의가 많은 업무 권역입니다. 부산신항에서 법무사 업무 사례와 상담 절차를 찾으시는 분을 위한 안내입니다. 신항 물류·산업 배후의 공장·창고·법인등기 문의가 많은 업무 권역입니다. 부산신항에서 법무사 업
/업무사례/부산가덕도신공항법무사,345,1931,0.179,false,부산 가덕도신공항에서 법무사 업무 사례와 상담 절차를 찾으시는 분을 위한 안내입니다. 신공항 계획 권역과 맞닿은 토지·사업장 권리 상담이 있습니다. 부산 가덕도신공항에서 법무사 업무 사례와 상담 절차를 찾으시는 분을 위한 안내입니다. 신공항 계획 권역과 맞닿은 토지·사업장 권리 상담이 있습니다. 부산 가덕도신공항에서 법무
/업무사례/부산서부산권법무사,358,1896,0.189,false,부산 서부산권에서 법무사 업무 사례와 상담 절차를 찾으시는 분을 위한 안내입니다. 서부산 산업·신도시 권역의 법인·부동산등기 일정을 맞추는 상담이 있습니다. 부산 서부산권에서 법무사 업무 사례와 상담 절차를 찾으시는 분을 위한 안내입니다. 서부산 산업·신도시 권역의 법인·부동산등기 일정을 맞추는 상담이 있습니다. 부산 서
/업무사례/부산국제산업물류도시법무사,355,1959,0.181,false,부산 국제산업물류도시에서 법무사 업무 사례와 상담 절차를 찾으시는 분을 위한 안내입니다. 물류·산업단지 입주 기업의 등기·법인 변경 문의가 있습니다. 부산 국제산업물류도시에서 법무사 업무 사례와 상담 절차를 찾으시는 분을 위한 안내입니다. 물류·산업단지 입주 기업의 등기·법인 변경 문의가 있습니다. 부산 국제산업물류도시에
/업무사례/부산연구개발특구법무사,335,1767,0.19,false,부산연구개발특구에서 법무사 업무 사례와 상담 절차를 찾으시는 분을 위한 안내입니다. R&D·특구 입주 기업의 법인등기 상담이 이어집니다. 부산연구개발특구에서 법무사 업무 사례와 상담 절차를 찾으시는 분을 위한 안내입니다. R&D·특구 입주 기업의 법인등기 상담이 이어집니다. 부산연구개발특구에서 법무사 업무 사례와 상담 절
/업무사례/부산녹산국가산업단지법무사,364,1931,0.189,false,부산 녹산국가산업단지에서 법무사 업무 사례와 상담 절차를 찾으시는 분을 위한 안내입니다. 녹산산단 공장·사업장 부동산·법인등기 문의가 많은 산업 권역입니다. 부산 녹산국가산업단지에서 법무사 업무 사례와 상담 절차를 찾으시는 분을 위한 안내입니다. 녹산산단 공장·사업장 부동산·법인등기 문의가 많은 산업 권역입니다. 부산 녹
/업무사례/부산시청법무사,324,1855,0.175,false,부산시청에서 법무사 업무 사례와 상담 절차를 찾으시는 분을 위한 안내입니다. 시청 인근 업무·주거 생활권의 등기·법인 상담이 있습니다. 부산시청에서 법무사 업무 사례와 상담 절차를 찾으시는 분을 위한 안내입니다. 시청 인근 업무·주거 생활권의 등기·법인 상담이 있습니다. 부산시청에서 법무사 업무 사례와 상담 절차를 찾으시
/업무사례/부산교대역법무사,311,1852,0.168,false,부산 교대역에서 법무사 업무 사례와 상담 절차를 찾으시는 분을 위한 안내입니다. 교대 역세권 주거·상가 등기 문의가 있는 구간입니다. 부산 교대역에서 법무사 업무 사례와 상담 절차를 찾으시는 분을 위한 안내입니다. 교대 역세권 주거·상가 등기 문의가 있는 구간입니다. 부산 교대역에서 법무사 업무 사례와 상담 절차를 찾으시
/업무사례/부산연산역법무사,327,1719,0.19,false,부산 연산역에서 법무사 업무 사례와 상담 절차를 찾으시는 분을 위한 안내입니다. 연산 교차 생활권의 상가·주거 등기 상담이 많은 거점입니다. 부산 연산역에서 법무사 업무 사례와 상담 절차를 찾으시는 분을 위한 안내입니다. 연산 교차 생활권의 상가·주거 등기 상담이 많은 거점입니다. 부산 연산역에서 법무사 업무 사례와 상담
/업무사례/부산정관신도시법무사,367,1792,0.205,false,부산 정관신도시에서 법무사 업무 사례와 상담 절차를 찾으시는 분을 위한 안내입니다. 정관 신도시 주거·산업단지와 맞물린 이전등기·법인 업무 문의가 많은 생활권입니다. 부산 정관신도시에서 법무사 업무 사례와 상담 절차를 찾으시는 분을 위한 안내입니다. 정관 신도시 주거·산업단지와 맞물린 이전등기·법인 업무 문의가 많은 생활
/업무사례/부산일광신도시법무사,348,1896,0.184,false,부산 일광신도시에서 법무사 업무 사례와 상담 절차를 찾으시는 분을 위한 안내입니다. 일광 신도시·해안 주거의 신축·분양·이전등기 상담이 이어집니다. 부산 일광신도시에서 법무사 업무 사례와 상담 절차를 찾으시는 분을 위한 안내입니다. 일광 신도시·해안 주거의 신축·분양·이전등기 상담이 이어집니다. 부산 일광신도시에서 법무사
/업무사례/부산오시리아법무사,353,1855,0.19,false,부산 오시리아에서 법무사 업무 사례와 상담 절차를 찾으시는 분을 위한 안내입니다. 오시리아 관광·상업단지 배후의 부동산·법인등기 문의가 있는 권역입니다. 부산 오시리아에서 법무사 업무 사례와 상담 절차를 찾으시는 분을 위한 안내입니다. 오시리아 관광·상업단지 배후의 부동산·법인등기 문의가 있는 권역입니다. 부산 오시리아에
/업무사례/부산기장시장법무사,330,1854,0.178,false,부산 기장시장에서 법무사 업무 사례와 상담 절차를 찾으시는 분을 위한 안내입니다. 기장읍 시장·주거 생활권의 상가·주택 등기 문의가 있습니다. 부산 기장시장에서 법무사 업무 사례와 상담 절차를 찾으시는 분을 위한 안내입니다. 기장읍 시장·주거 생활권의 상가·주택 등기 문의가 있습니다. 부산 기장시장에서 법무사 업무 사례와
/업무사례/부산기장역법무사,318,1852,0.172,false,부산 기장역에서 법무사 업무 사례와 상담 절차를 찾으시는 분을 위한 안내입니다. 기장 역세권 주거·상가 등기 상담이 있는 거점입니다. 부산 기장역에서 법무사 업무 사례와 상담 절차를 찾으시는 분을 위한 안내입니다. 기장 역세권 주거·상가 등기 상담이 있는 거점입니다. 부산 기장역에서 법무사 업무 사례와 상담 절차를 찾으시
/업무사례/부산일광해수욕장법무사,333,1927,0.173,false,부산 일광해수욕장에서 법무사 업무 사례와 상담 절차를 찾으시는 분을 위한 안내입니다. 일광 해변 생활권의 부동산등기 상담이 있습니다. 부산 일광해수욕장에서 법무사 업무 사례와 상담 절차를 찾으시는 분을 위한 안내입니다. 일광 해변 생활권의 부동산등기 상담이 있습니다. 부산 일광해수욕장에서 법무사 업무 사례와 상담 절차를 
/업무사례/부산정관산업단지법무사,338,1895,0.178,false,부산 정관산업단지에서 법무사 업무 사례와 상담 절차를 찾으시는 분을 위한 안내입니다. 정관산단 입주 기업의 공장·법인등기 문의가 있습니다. 부산 정관산업단지에서 법무사 업무 사례와 상담 절차를 찾으시는 분을 위한 안내입니다. 정관산단 입주 기업의 공장·법인등기 문의가 있습니다. 부산 정관산업단지에서 법무사 업무 사례와 상
/업무사례/부산장안산업단지법무사,318,1834,0.173,false,부산 장안산업단지에서 법무사 업무 사례와 상담 절차를 찾으시는 분을 위한 안내입니다. 장안산단 사업장·공장 등기 상담이 이어집니다. 부산 장안산업단지에서 법무사 업무 사례와 상담 절차를 찾으시는 분을 위한 안내입니다. 장안산단 사업장·공장 등기 상담이 이어집니다. 부산 장안산업단지에서 법무사 업무 사례와 상담 절차를 찾으
/업무사례/부산명례산업단지법무사,351,1863,0.188,false,부산 명례산업단지에서 법무사 업무 사례와 상담 절차를 찾으시는 분을 위한 안내입니다. 명례산단 입주 기업의 법인·부동산등기 문의가 있는 산업 권역입니다. 부산 명례산업단지에서 법무사 업무 사례와 상담 절차를 찾으시는 분을 위한 안내입니다. 명례산단 입주 기업의 법인·부동산등기 문의가 있는 산업 권역입니다. 부산 명례산업단
/업무사례/부산센텀2지구법무사,374,1939,0.193,false,부산 센텀2지구에서 법무사 업무 사례와 상담 절차를 찾으시는 분을 위한 안내입니다. 센텀2지구 도시첨단산업단지 인근 기업·부동산등기 상담이 이어지는 업무권역입니다. 부산 센텀2지구에서 법무사 업무 사례와 상담 절차를 찾으시는 분을 위한 안내입니다. 센텀2지구 도시첨단산업단지 인근 기업·부동산등기 상담이 이어지는 업무권역입
/업무사례/부산회동석대산업단지법무사,361,1923,0.188,false,부산 회동석대산업단지에서 법무사 업무 사례와 상담 절차를 찾으시는 분을 위한 안내입니다. 회동·석대 산업단지 사업장의 부동산·법인등기 상담이 있습니다. 부산 회동석대산업단지에서 법무사 업무 사례와 상담 절차를 찾으시는 분을 위한 안내입니다. 회동·석대 산업단지 사업장의 부동산·법인등기 상담이 있습니다. 부산 회동석대산업단
/업무사례/부산진해경제자유구역법무사,368,1979,0.186,false,부산진해경제자유구역에서 법무사 업무 사례와 상담 절차를 찾으시는 분을 위한 안내입니다. 경제자유구역 입주 기업의 법인·부동산등기 일정을 맞추는 상담이 있습니다. 부산진해경제자유구역에서 법무사 업무 사례와 상담 절차를 찾으시는 분을 위한 안내입니다. 경제자유구역 입주 기업의 법인·부동산등기 일정을 맞추는 상담이 있습니다. 
/업무사례/부산미음산업단지법무사,333,1750,0.19,false,부산 미음산업단지에서 법무사 업무 사례와 상담 절차를 찾으시는 분을 위한 안내입니다. 미음산단 공장·창고 등기 문의가 있는 산업 권역입니다. 부산 미음산업단지에서 법무사 업무 사례와 상담 절차를 찾으시는 분을 위한 안내입니다. 미음산단 공장·창고 등기 문의가 있는 산업 권역입니다. 부산 미음산업단지에서 법무사 업무 사례와
/업무사례/부산화전산업단지법무사,330,1747,0.189,false,부산 화전산업단지에서 법무사 업무 사례와 상담 절차를 찾으시는 분을 위한 안내입니다. 화전산단 사업장 등기·법인 변경 상담이 이어집니다. 부산 화전산업단지에서 법무사 업무 사례와 상담 절차를 찾으시는 분을 위한 안내입니다. 화전산단 사업장 등기·법인 변경 상담이 이어집니다. 부산 화전산업단지에서 법무사 업무 사례와 상담 
/업무사례/부산생곡산업단지법무사,340,1891,0.18,false,부산 생곡산업단지에서 법무사 업무 사례와 상담 절차를 찾으시는 분을 위한 안내입니다. 생곡산단 입주 기업의 부동산·법인등기 문의가 있습니다. 부산 생곡산업단지에서 법무사 업무 사례와 상담 절차를 찾으시는 분을 위한 안내입니다. 생곡산단 입주 기업의 부동산·법인등기 문의가 있습니다. 부산 생곡산업단지에서 법무사 업무 사례와
/업무사례/부산지사과학산업단지법무사,358,1945,0.184,false,부산 지사과학산업단지에서 법무사 업무 사례와 상담 절차를 찾으시는 분을 위한 안내입니다. 지사 과학·글로벌 산업단지 기업의 등기 상담이 있는 권역입니다. 부산 지사과학산업단지에서 법무사 업무 사례와 상담 절차를 찾으시는 분을 위한 안내입니다. 지사 과학·글로벌 산업단지 기업의 등기 상담이 있는 권역입니다. 부산 지사과학산
/업무사례/부산서부산복합산업단지법무사,349,1935,0.18,false,부산 서부산복합산업단지에서 법무사 업무 사례와 상담 절차를 찾으시는 분을 위한 안내입니다. 서부산 복합산단 사업장 등기 일정을 맞추는 상담이 있습니다. 부산 서부산복합산업단지에서 법무사 업무 사례와 상담 절차를 찾으시는 분을 위한 안내입니다. 서부산 복합산단 사업장 등기 일정을 맞추는 상담이 있습니다. 부산 서부산복합산업
/업무사례/부산강서해성산업단지법무사,337,1915,0.176,false,부산 강서해성산업단지에서 법무사 업무 사례와 상담 절차를 찾으시는 분을 위한 안내입니다. 강서 해성산단 인근 공장·법인등기 문의가 이어집니다. 부산 강서해성산업단지에서 법무사 업무 사례와 상담 절차를 찾으시는 분을 위한 안내입니다. 강서 해성산단 인근 공장·법인등기 문의가 이어집니다. 부산 강서해성산업단지에서 법무사 업무
/업무사례/부산명동산업단지법무사,316,1863,0.17,false,부산 명동산업단지에서 법무사 업무 사례와 상담 절차를 찾으시는 분을 위한 안내입니다. 명동산단 사업장 부동산등기 상담이 있습니다. 부산 명동산업단지에서 법무사 업무 사례와 상담 절차를 찾으시는 분을 위한 안내입니다. 명동산단 사업장 부동산등기 상담이 있습니다. 부산 명동산업단지에서 법무사 업무 사례와 상담 절차를 찾으시는
/업무사례/부산명서산업단지법무사,327,1906,0.172,false,부산 명서산업단지에서 법무사 업무 사례와 상담 절차를 찾으시는 분을 위한 안내입니다. 명서산단 입주 기업의 등기·법인 변경 문의가 있습니다. 부산 명서산업단지에서 법무사 업무 사례와 상담 절차를 찾으시는 분을 위한 안내입니다. 명서산단 입주 기업의 등기·법인 변경 문의가 있습니다. 부산 명서산업단지에서 법무사 업무 사례와
/업무사례/부산신평장림산업단지법무사,355,1800,0.197,false,부산 신평장림산업단지에서 법무사 업무 사례와 상담 절차를 찾으시는 분을 위한 안내입니다. 신평·장림 산업벨트 공장·창고 등기 문의가 많은 권역입니다. 부산 신평장림산업단지에서 법무사 업무 사례와 상담 절차를 찾으시는 분을 위한 안내입니다. 신평·장림 산업벨트 공장·창고 등기 문의가 많은 권역입니다. 부산 신평장림산업단지에
/업무사례/부산서부산스마트밸리법무사,355,1904,0.186,false,부산 서부산스마트밸리에서 법무사 업무 사례와 상담 절차를 찾으시는 분을 위한 안내입니다. 스마트밸리 입주 기업의 법인·부동산등기 상담이 이어집니다. 부산 서부산스마트밸리에서 법무사 업무 사례와 상담 절차를 찾으시는 분을 위한 안내입니다. 스마트밸리 입주 기업의 법인·부동산등기 상담이 이어집니다. 부산 서부산스마트밸리에서 
/업무사례/부산산양산업단지법무사,325,1888,0.172,false,부산 산양산업단지에서 법무사 업무 사례와 상담 절차를 찾으시는 분을 위한 안내입니다. 산양산단 사업장 등기 문의가 있는 산업 구간입니다. 부산 산양산업단지에서 법무사 업무 사례와 상담 절차를 찾으시는 분을 위한 안내입니다. 산양산단 사업장 등기 문의가 있는 산업 구간입니다. 부산 산양산업단지에서 법무사 업무 사례와 상담 
/업무사례/부산사상재생사업지구법무사,346,1787,0.194,false,부산 사상재생사업지구에서 법무사 업무 사례와 상담 절차를 찾으시는 분을 위한 안내입니다. 재생사업과 맞물린 부동산·사업장 권리 상담이 있습니다. 부산 사상재생사업지구에서 법무사 업무 사례와 상담 절차를 찾으시는 분을 위한 안내입니다. 재생사업과 맞물린 부동산·사업장 권리 상담이 있습니다. 부산 사상재생사업지구에서 법무사 
/업무사례/부산모라도시첨단산업단지법무사,351,1932,0.182,false,부산 모라도시첨단산업단지에서 법무사 업무 사례와 상담 절차를 찾으시는 분을 위한 안내입니다. 모라 첨단산단 입주 기업의 등기 문의가 이어집니다. 부산 모라도시첨단산업단지에서 법무사 업무 사례와 상담 절차를 찾으시는 분을 위한 안내입니다. 모라 첨단산단 입주 기업의 등기 문의가 이어집니다. 부산 모라도시첨단산업단지에서 법무
/업무사례/부산금곡도시첨단산업단지법무사,351,1959,0.179,false,부산 금곡도시첨단산업단지에서 법무사 업무 사례와 상담 절차를 찾으시는 분을 위한 안내입니다. 금곡 첨단산단 기업의 법인·부동산등기 상담이 있습니다. 부산 금곡도시첨단산업단지에서 법무사 업무 사례와 상담 절차를 찾으시는 분을 위한 안내입니다. 금곡 첨단산단 기업의 법인·부동산등기 상담이 있습니다. 부산 금곡도시첨단산업단지에
/업무사례/부산반룡산업단지법무사,337,1913,0.176,false,부산 반룡산업단지에서 법무사 업무 사례와 상담 절차를 찾으시는 분을 위한 안내입니다. 반룡산단 입주 기업의 공장·법인등기 상담이 있습니다. 부산 반룡산업단지에서 법무사 업무 사례와 상담 절차를 찾으시는 분을 위한 안내입니다. 반룡산단 입주 기업의 공장·법인등기 상담이 있습니다. 부산 반룡산업단지에서 법무사 업무 사례와 상
/업무사례/부산에코장안산업단지법무사,352,1930,0.182,false,부산 에코장안산업단지에서 법무사 업무 사례와 상담 절차를 찾으시는 분을 위한 안내입니다. 에코장안산단 사업장 등기 일정을 맞추는 상담이 이어집니다. 부산 에코장안산업단지에서 법무사 업무 사례와 상담 절차를 찾으시는 분을 위한 안내입니다. 에코장안산단 사업장 등기 일정을 맞추는 상담이 이어집니다. 부산 에코장안산업단지에서 
/업무사례/부산동남권방사선의과학산업단지법무사,387,2050,0.189,false,부산 동남권방사선의과학산업단지에서 법무사 업무 사례와 상담 절차를 찾으시는 분을 위한 안내입니다. 방사선의과학산단 입주 기관·기업의 법인·부동산등기 문의가 있습니다. 부산 동남권방사선의과학산업단지에서 법무사 업무 사례와 상담 절차를 찾으시는 분을 위한 안내입니다. 방사선의과학산단 입주 기관·기업의 법인·부동산등기 문의가 
/업무사례/부산지방법원법무사,375,1938,0.193,false,부산지방법원에서 법무사 업무 사례와 상담 절차를 찾으시는 분을 위한 안내입니다. 거제동 부산지방법원 인근에서 민사·등기·소송 일정과 맞춘 법무사 업무 문의가 많은 권역입니다. 부산지방법원에서 법무사 업무 사례와 상담 절차를 찾으시는 분을 위한 안내입니다. 거제동 부산지방법원 인근에서 민사·등기·소송 일정과 맞춘 법무사 업
/업무사례/부산가정법원법무사,376,1968,0.191,false,부산가정법원에서 법무사 업무 사례와 상담 절차를 찾으시는 분을 위한 안내입니다. 가정법원 사건의 상속·가족관계 서류와 맞물린 등기·상담 일정을 정리하는 문의가 있습니다. 부산가정법원에서 법무사 업무 사례와 상담 절차를 찾으시는 분을 위한 안내입니다. 가정법원 사건의 상속·가족관계 서류와 맞물린 등기·상담 일정을 정리하는 
/업무사례/부산회생법원법무사,360,1923,0.187,false,부산회생법원에서 법무사 업무 사례와 상담 절차를 찾으시는 분을 위한 안내입니다. 회생·파산 절차와 병행되는 서류·재산 목록·등기 관련 상담이 이어지는 권역입니다. 부산회생법원에서 법무사 업무 사례와 상담 절차를 찾으시는 분을 위한 안내입니다. 회생·파산 절차와 병행되는 서류·재산 목록·등기 관련 상담이 이어지는 권역입니다
/업무사례/부산지방법원등기국법무사,366,1971,0.186,false,부산지방법원등기국에서 법무사 업무 사례와 상담 절차를 찾으시는 분을 위한 안내입니다. 등기국 접수·보정 일정과 맞춘 부동산·법인등기 실무 문의가 많은 거점입니다. 부산지방법원등기국에서 법무사 업무 사례와 상담 절차를 찾으시는 분을 위한 안내입니다. 등기국 접수·보정 일정과 맞춘 부동산·법인등기 실무 문의가 많은 거점입니다
/업무사례/부산동부지원법무사,361,1773,0.204,false,부산동부지원에서 법무사 업무 사례와 상담 절차를 찾으시는 분을 위한 안내입니다. 해운대 동부지원 인근에서 동부산 생활권 사건의 소송·등기 일정 상담이 이어집니다. 부산동부지원에서 법무사 업무 사례와 상담 절차를 찾으시는 분을 위한 안내입니다. 해운대 동부지원 인근에서 동부산 생활권 사건의 소송·등기 일정 상담이 이어집니다
/업무사례/부산서부지원법무사,342,1881,0.182,false,부산서부지원에서 법무사 업무 사례와 상담 절차를 찾으시는 분을 위한 안내입니다. 강서 서부지원 인근에서 서부산 권역 사건의 소송·등기 상담이 있습니다. 부산서부지원에서 법무사 업무 사례와 상담 절차를 찾으시는 분을 위한 안내입니다. 강서 서부지원 인근에서 서부산 권역 사건의 소송·등기 상담이 있습니다. 부산서부지원에서 법
/전국업무,361,1857,0.194,true,"는 부산 해운대구에 있지만, 모든 업무가 부산 의뢰인에게만 한정되는 것은 아닙니다. 상속·유증등기처럼 관할 특례가 적용될 수 있는 업무와 법정 관할을 지키면서 비대면으로 진행할 수 있는 업무를 구분하여 전국 의뢰를 상담합니다. 는 부산 해운대구에 있지만, 모든 업무가 부산 의뢰인에게만 한정되는 것은 아닙니다. 상속·유증등"
/전국상속등기,315,1876,0.168,true,부동산이 부산에 있지 않아도 상속등기를 바로 상담하고 진행할 수 있습니다. 상속·유증등기는 관할 특례가 적용되는 범위에서 소재지와 다른 등기소 신청까지 진행할 수 있습니다. 부동산이 부산에 있지 않아도 상속등기를 바로 상담하고 진행할 수 있습니다. 상속·유증등기는 관할 특례가 적용되는 범위에서 소재지와 다른 등기소 신청까
/여러지역상속부동산등기,233,1306,0.178,true,"여러 시·도에 아파트·토지·상가가 있으면 누락·취득세·협의 내용 불일치가 생기기 쉽습니다. 전국 상속등기 일반론과 달리, 복수 부동산 정리에 집중합니다. 여러 시·도에 아파트·토지·상가가 있으면 누락·취득세·협의 내용 불일치가 생기기 쉽습니다. 전국 상속등기 일반론과 달리, 복수 부동산 정리에 집중합니다. 여러 시·도에 "
/전국법인본점이전등기,288,1340,0.215,false,"종전 본점과 새 본점 소재지 관할을 확인하여 상담부터 신청까지 진행합니다. 부산으로 오는 이전과 부산에서 나가는 이전 모두, 상황을 상담으로 알려주시면 비대면으로 끝까지 진행할 수 있도록 안내합니다. 종전 본점과 새 본점 소재지 관할을 확인하여 상담부터 신청까지 진행합니다. 부산으로 오는 이전과 부산에서 나가는 이전 모두"
/전국공동담보등기,188,1185,0.159,false,"공동근저당권 설정·변경·말소와 공동담보목록을 중심으로 안내합니다. 무조건 일괄 접수 가능하다고 단정하지 않습니다. 공동근저당권 설정·변경·말소와 공동담보목록을 중심으로 안내합니다. 무조건 일괄 접수 가능하다고 단정하지 않습니다. 서로 다른 지역의 부동산을 하나의 채권을 위해 공동담보로 제공하는 경우, 당사자·등기목적·등기"
/업무사례/전국업무사례,398,2398,0.166,false,는 부산 해운대구에 있지만 모든 업무가 부산 사건으로 한정되는 것은 아닙니다. 상속·유증등기처럼 관할 특례가 적용될 수 있는 업무와 법정 관할을 지키면서 비대면으로 상담·서류 준비·신청을 진행할 수 있는 업무를 구분하여 전국 의뢰를 검토합니다. 는 부산 해운대구에 있지만 모든 업무가 부산 사건으로 한정되는 것은 아닙니다.
/업무사례/전국상속등기법무사,292,1941,0.15,false,"부동산이 부산에 있지 않아도 상속등기를 상담할 수 있습니다. 상속인이 서로 다른 지역에 살아도, 전국에 부동산이 흩어져 있어도 서류 수집부터 신청 방식까지 한 사무소에서 검토합니다. 부동산이 부산에 있지 않아도 상속등기를 상담할 수 있습니다. 상속인이 서로 다른 지역에 살아도, 전국에 부동산이 흩어져 있어도 서류 수집부터"
/업무사례/지역별상속등기법무사,230,1808,0.127,true,권역별 카드에서 서울·경기·인천 등 광역 안내로 이동할 수 있습니다. 부산 지역은 신규 페이지 대신 기존 부산 상속등기 안내로 연결합니다. 권역별 카드에서 서울·경기·인천 등 광역 안내로 이동할 수 있습니다. 부산 지역은 신규 페이지 대신 기존 부산 상속등기 안내로 연결합니다. 권역별 카드에서 서울·경기·인천 등 광역 안
/업무사례/서울상속등기법무사,390,2109,0.185,false,"서울 법무사 상속등기를 검색하셔도, 반드시 서울에 사무소가 있어야만 맡길 수 있는 것은 아닙니다. 상속인이 지방·해외에 있거나 여러 구에 아파트·상가가 분산된 경우, 협의분할 후 매도를 예정한 경우처럼 거리보다 서류·관할 정리가 중요합니다. 서울 법무사 상속등기를 검색하셔도, 반드시 서울에 사무소가 있어야만 맡길 수 있는"
/업무사례/경기상속등기법무사,318,1965,0.162,false,"경기에서는 서로 다른 시에 아파트와 토지가 있는 경우, 신도시 아파트와 외곽 토지가 함께 있는 경우가 많습니다. 상속인 거주지가 서울·부산 등으로 갈라져도 한 사무소에서 목록을 관리할 수 있습니다. 경기에서는 서로 다른 시에 아파트와 토지가 있는 경우, 신도시 아파트와 외곽 토지가 함께 있는 경우가 많습니다. 상속인 거주"
/업무사례/경남상속등기법무사,378,2080,0.182,false,"김해 아파트, 양산 토지, 창원 상가처럼 경남 여러 지역에 상속부동산이 있더라도 부동산마다 다른 사무소를 찾기 전에 한 번에 진행할 수 있는지 검토할 수 있습니다. 상속등기의 관할 특례, 상속인 거주지와 부동산 수를 확인하여 적절한 신청 방법을 안내합니다. 김해 아파트, 양산 토지, 창원 상가처럼 경남 여러 지역에 상속부"
/업무사례/울산상속등기법무사,430,1998,0.215,false,"울산 아파트·토지 상속을 부산 해운대 사무소에 맡기는 경우는, 상속인이 울산·부산·수도권에 흩어져 있거나 방문 전 서류 사진으로 개요를 확인하고 싶을 때입니다. 부동산과 상속인 거주지가 다르면 위임·협의·원본 전달 순서를 먼저 가릅니다. 채무가 불명확하면 등기보다 상속포기·한정승인 분기도 함께 봅니다. 울산 아파트·토지 "
/업무사례/강남구상속등기법무사,580,2157,0.269,false,"강남구 상속등기를 검색하셔도 반드시 강남구에 사무소가 있어야 하는 것은 아닙니다. 고가 아파트·상가·오피스가 많고 상속인이 해외·지방에 거주하는 사례가 잦습니다. 상속인이 서울·부산·해외 등 다른 지역에 있어도, 협의분할·위임·등기부 확인을 한 사무소에서 정리할 수 있는지 먼저 검토합니다. 공과금과 법무사 보수를 구분해 "
/업무사례/서초구상속등기법무사,547,2041,0.268,false,"서초구에서 법조·교육 인근 아파트와 상가 상속, 협의분할 논의가 길어지는 경우가 있습니다. 는 부산 해운대에 있으므로 서초구 지점이 있다는 뜻이 아닙니다. 초기 상담에서는 등기부·협의 개요·상속인 거주지만으로 진행 가능 범위를 설명하고, 원본이 필요한 단계는 수임 전에 구분합니다. 아파트·상가·토지가 섞여 있으면 목록표부"
/업무사례/송파구상속등기법무사,511,1971,0.259,false,"송파구 부동산 상속등기 문의는 잠실·문정 일대 대단지 아파트와 상가가 함께 상속되는 경우가 많습니다. 거리보다 관할 특례 적용 여부와 서류 수집 순서가 중요합니다. 부산 해운대 사무소에서 전화·카카오·우편으로 상담하며, 송파구에 별도 출장 사무소는 운영하지 않습니다. 매도를 앞둔 물건이 있으면 협의분할과 신청 순서를 함께"
/업무사례/마포구상속등기법무사,580,2053,0.283,false,"마포구 상속등기를 검색하셔도 반드시 마포구에 사무소가 있어야 하는 것은 아닙니다. 한강변 아파트·오피스텔·상가가 섞인 상속에서 임대차·근저당 확인이 중요합니다. 상속인이 서울·부산·해외 등 다른 지역에 있어도, 협의분할·위임·등기부 확인을 한 사무소에서 정리할 수 있는지 먼저 검토합니다. 공과금과 법무사 보수를 구분해 안"
/업무사례/용산구상속등기법무사,535,1952,0.274,false,"용산구에서 재개발·고급 주거와 상가가 겹치며 권리관계가 복잡한 사례가 있습니다. 는 부산 해운대에 있으므로 용산구 지점이 있다는 뜻이 아닙니다. 초기 상담에서는 등기부·협의 개요·상속인 거주지만으로 진행 가능 범위를 설명하고, 원본이 필요한 단계는 수임 전에 구분합니다. 아파트·상가·토지가 섞여 있으면 목록표부터 작성하는"
/업무사례/영등포구상속등기법무사,534,2016,0.265,true,"영등포구 부동산 상속등기 문의는 여의도·당산 일대 오피스·상가와 주거용 부동산이 함께 넘어오는 상속이 많습니다. 거리보다 관할 특례 적용 여부와 서류 수집 순서가 중요합니다. 부산 해운대 사무소에서 전화·카카오·우편으로 상담하며, 영등포구에 별도 출장 사무소는 운영하지 않습니다. 매도를 앞둔 물건이 있으면 협의분할과 신청"
/업무사례/성동구상속등기법무사,559,2044,0.273,false,"성동구 상속등기를 검색하셔도 반드시 성동구에 사무소가 있어야 하는 것은 아닙니다. 성수·왕십리 재건축·리모델링 단지와 상가 상속 문의가 꾸준합니다. 상속인이 서울·부산·해외 등 다른 지역에 있어도, 협의분할·위임·등기부 확인을 한 사무소에서 정리할 수 있는지 먼저 검토합니다. 공과금과 법무사 보수를 구분해 안내하며, 가짜"
/업무사례/강서구상속등기법무사,547,1980,0.276,false,"강서구에서 김포공항 인근 아파트와 상가, 상속인이 경기·지방에 거주하는 경우가 많습니다. 는 부산 해운대에 있으므로 강서구 지점이 있다는 뜻이 아닙니다. 초기 상담에서는 등기부·협의 개요·상속인 거주지만으로 진행 가능 범위를 설명하고, 원본이 필요한 단계는 수임 전에 구분합니다. 아파트·상가·토지가 섞여 있으면 목록표부터"
/업무사례/노원구상속등기법무사,508,1938,0.262,true,"노원구 부동산 상속등기 문의는 대단지 아파트 위주 상속에서 상속인 간 협의·위임 정리가 핵심입니다. 거리보다 관할 특례 적용 여부와 서류 수집 순서가 중요합니다. 부산 해운대 사무소에서 전화·카카오·우편으로 상담하며, 노원구에 별도 출장 사무소는 운영하지 않습니다. 매도를 앞둔 물건이 있으면 협의분할과 신청 순서를 함께 "
/업무사례/은평구상속등기법무사,562,2067,0.272,false,"은평구 상속등기를 검색하셔도 반드시 은평구에 사무소가 있어야 하는 것은 아닙니다. 북한산 인근 주택·아파트와 외곽 토지가 함께 상속되는 사례가 있습니다. 상속인이 서울·부산·해외 등 다른 지역에 있어도, 협의분할·위임·등기부 확인을 한 사무소에서 정리할 수 있는지 먼저 검토합니다. 공과금과 법무사 보수를 구분해 안내하며,"
/업무사례/수원상속등기법무사,533,2008,0.265,false,"수원에서 장안·권선·팔달·영통 등 행정구역이 나뉜 아파트·상가 상속이 많습니다. 는 부산 해운대에 있으므로 수원 지점이 있다는 뜻이 아닙니다. 초기 상담에서는 등기부·협의 개요·상속인 거주지만으로 진행 가능 범위를 설명하고, 원본이 필요한 단계는 수임 전에 구분합니다. 아파트·상가·토지가 섞여 있으면 목록표부터 작성하는 "
/업무사례/성남상속등기법무사,503,1926,0.261,false,"성남 부동산 상속등기 문의는 수정·중원·분당 행정구와 인접 시 부동산이 분산되는 경우가 있습니다. 거리보다 관할 특례 적용 여부와 서류 수집 순서가 중요합니다. 부산 해운대 사무소에서 전화·카카오·우편으로 상담하며, 성남에 별도 출장 사무소는 운영하지 않습니다. 매도를 앞둔 물건이 있으면 협의분할과 신청 순서를 함께 맞춥"
/업무사례/분당상속등기법무사,572,2078,0.275,false,"분당 상속등기를 검색하셔도 반드시 분당에 사무소가 있어야 하는 것은 아닙니다. 대단지 아파트 상속에서 상속인이 여러 명이거나 타지역·해외 거주인 경우가 많습니다. 상속인이 서울·부산·해외 등 다른 지역에 있어도, 협의분할·위임·등기부 확인을 한 사무소에서 정리할 수 있는지 먼저 검토합니다. 공과금과 법무사 보수를 구분해 "
/업무사례/용인상속등기법무사,521,1963,0.265,false,"용인에서 신도시 아파트와 외곽 토지·농지가 함께 상속되는 패턴이 흔합니다. 는 부산 해운대에 있으므로 용인 지점이 있다는 뜻이 아닙니다. 초기 상담에서는 등기부·협의 개요·상속인 거주지만으로 진행 가능 범위를 설명하고, 원본이 필요한 단계는 수임 전에 구분합니다. 아파트·상가·토지가 섞여 있으면 목록표부터 작성하는 것이 "
/업무사례/고양상속등기법무사,500,1969,0.254,true,"고양 부동산 상속등기 문의는 일산·덕양 생활권과 토지·주택이 섞인 상속 목록 정리가 중요합니다. 거리보다 관할 특례 적용 여부와 서류 수집 순서가 중요합니다. 부산 해운대 사무소에서 전화·카카오·우편으로 상담하며, 고양에 별도 출장 사무소는 운영하지 않습니다. 매도를 앞둔 물건이 있으면 협의분할과 신청 순서를 함께 맞춥니"
/업무사례/일산상속등기법무사,569,2083,0.273,false,"일산 상속등기를 검색하셔도 반드시 일산에 사무소가 있어야 하는 것은 아닙니다. 일산 신·구 아파트와 상가 상속에서 협의분할·매도 순서를 맞추는 상담이 많습니다. 상속인이 서울·부산·해외 등 다른 지역에 있어도, 협의분할·위임·등기부 확인을 한 사무소에서 정리할 수 있는지 먼저 검토합니다. 공과금과 법무사 보수를 구분해 안"
/업무사례/화성상속등기법무사,542,1993,0.272,false,"화성에서 동탄 신도시와 농지·토지가 함께 있는 상속에서 필지 누락을 줄이는 것이 우선입니다. 는 부산 해운대에 있으므로 화성 지점이 있다는 뜻이 아닙니다. 초기 상담에서는 등기부·협의 개요·상속인 거주지만으로 진행 가능 범위를 설명하고, 원본이 필요한 단계는 수임 전에 구분합니다. 아파트·상가·토지가 섞여 있으면 목록표부"
/업무사례/동탄상속등기법무사,515,1933,0.266,false,"동탄 부동산 상속등기 문의는 신도시 아파트 상속인이 수도권·영남으로 흩어진 경우 비대면 협의가 필요합니다. 거리보다 관할 특례 적용 여부와 서류 수집 순서가 중요합니다. 부산 해운대 사무소에서 전화·카카오·우편으로 상담하며, 동탄에 별도 출장 사무소는 운영하지 않습니다. 매도를 앞둔 물건이 있으면 협의분할과 신청 순서를 "
/업무사례/부천상속등기법무사,548,2024,0.271,false,"부천 상속등기를 검색하셔도 반드시 부천에 사무소가 있어야 하는 것은 아닙니다. 구·신 아파트와 상가·오피스텔이 함께 넘어오는 상속이 많습니다. 상속인이 서울·부산·해외 등 다른 지역에 있어도, 협의분할·위임·등기부 확인을 한 사무소에서 정리할 수 있는지 먼저 검토합니다. 공과금과 법무사 보수를 구분해 안내하며, 가짜 실적"
/업무사례/안양상속등기법무사,533,1994,0.267,false,"안양에서 평촌·범계 일대 아파트·상가 상속에서 등기부·임대차를 함께 확인합니다. 는 부산 해운대에 있으므로 안양 지점이 있다는 뜻이 아닙니다. 초기 상담에서는 등기부·협의 개요·상속인 거주지만으로 진행 가능 범위를 설명하고, 원본이 필요한 단계는 수임 전에 구분합니다. 아파트·상가·토지가 섞여 있으면 목록표부터 작성하는 "
/업무사례/안산상속등기법무사,497,1961,0.253,true,"안산 부동산 상속등기 문의는 단원·상록 구역 아파트와 산업단지 인근 토지 상속 문의가 있습니다. 거리보다 관할 특례 적용 여부와 서류 수집 순서가 중요합니다. 부산 해운대 사무소에서 전화·카카오·우편으로 상담하며, 안산에 별도 출장 사무소는 운영하지 않습니다. 매도를 앞둔 물건이 있으면 협의분할과 신청 순서를 함께 맞춥니"
/업무사례/평택상속등기법무사,554,1995,0.278,false,"평택 상속등기를 검색하셔도 반드시 평택에 사무소가 있어야 하는 것은 아닙니다. 항만·산업 인근 토지·주택과 아파트가 함께 상속되는 경우가 있습니다. 상속인이 서울·부산·해외 등 다른 지역에 있어도, 협의분할·위임·등기부 확인을 한 사무소에서 정리할 수 있는지 먼저 검토합니다. 공과금과 법무사 보수를 구분해 안내하며, 가짜"
/업무사례/김포상속등기법무사,530,1980,0.268,false,"김포에서 한강 신도시 아파트와 농지·토지가 섞인 상속에서 목록을 먼저 작성합니다. 는 부산 해운대에 있으므로 김포 지점이 있다는 뜻이 아닙니다. 초기 상담에서는 등기부·협의 개요·상속인 거주지만으로 진행 가능 범위를 설명하고, 원본이 필요한 단계는 수임 전에 구분합니다. 아파트·상가·토지가 섞여 있으면 목록표부터 작성하는"
/업무사례/남양주상속등기법무사,505,1988,0.254,true,"남양주 부동산 상속등기 문의는 별내·다산 신도시와 외곽 주택·토지가 함께 있는 상속이 많습니다. 거리보다 관할 특례 적용 여부와 서류 수집 순서가 중요합니다. 부산 해운대 사무소에서 전화·카카오·우편으로 상담하며, 남양주에 별도 출장 사무소는 운영하지 않습니다. 매도를 앞둔 물건이 있으면 협의분할과 신청 순서를 함께 맞춥"
/업무사례/하남상속등기법무사,560,1983,0.282,false,"하남 상속등기를 검색하셔도 반드시 하남에 사무소가 있어야 하는 것은 아닙니다. 미사·감일 신도시 아파트 상속에서 상속인 거주지가 갈라진 경우가 흔합니다. 상속인이 서울·부산·해외 등 다른 지역에 있어도, 협의분할·위임·등기부 확인을 한 사무소에서 정리할 수 있는지 먼저 검토합니다. 공과금과 법무사 보수를 구분해 안내하며,"
/업무사례/파주상속등기법무사,527,1992,0.265,false,"파주에서 운정·금촌 아파트와 외곽 농지·토지 상속에서 지번 확인이 중요합니다. 는 부산 해운대에 있으므로 파주 지점이 있다는 뜻이 아닙니다. 초기 상담에서는 등기부·협의 개요·상속인 거주지만으로 진행 가능 범위를 설명하고, 원본이 필요한 단계는 수임 전에 구분합니다. 아파트·상가·토지가 섞여 있으면 목록표부터 작성하는 것"
/업무사례/의정부상속등기법무사,502,1960,0.256,true,"의정부 부동산 상속등기 문의는 도심 아파트·상가와 외곽 토지가 함께 상속되는 사례가 있습니다. 거리보다 관할 특례 적용 여부와 서류 수집 순서가 중요합니다. 부산 해운대 사무소에서 전화·카카오·우편으로 상담하며, 의정부에 별도 출장 사무소는 운영하지 않습니다. 매도를 앞둔 물건이 있으면 협의분할과 신청 순서를 함께 맞춥니"
/업무사례/광명상속등기법무사,560,2020,0.277,false,"광명 상속등기를 검색하셔도 반드시 광명에 사무소가 있어야 하는 것은 아닙니다. 철산·하안 일대 아파트·상가 상속에서 협의·위임 일정 조율이 핵심입니다. 상속인이 서울·부산·해외 등 다른 지역에 있어도, 협의분할·위임·등기부 확인을 한 사무소에서 정리할 수 있는지 먼저 검토합니다. 공과금과 법무사 보수를 구분해 안내하며, "
/업무사례/송도상속등기법무사,548,2071,0.265,false,"송도에서 송도 국제도시 아파트·오피스텔 상속에서 상속인이 육지·해외에 있는 경우가 많습니다. 는 부산 해운대에 있으므로 송도 지점이 있다는 뜻이 아닙니다. 초기 상담에서는 등기부·협의 개요·상속인 거주지만으로 진행 가능 범위를 설명하고, 원본이 필요한 단계는 수임 전에 구분합니다. 아파트·상가·토지가 섞여 있으면 목록표부"
/업무사례/청라상속등기법무사,509,1974,0.258,false,"청라 부동산 상속등기 문의는 청라 신도시 아파트와 인근 상가 상속에서 비대면 서류 검토가 먼저 이뤄집니다. 거리보다 관할 특례 적용 여부와 서류 수집 순서가 중요합니다. 부산 해운대 사무소에서 전화·카카오·우편으로 상담하며, 청라에 별도 출장 사무소는 운영하지 않습니다. 매도를 앞둔 물건이 있으면 협의분할과 신청 순서를 "
/업무사례/부평구상속등기법무사,556,2006,0.277,false,"부평구 상속등기를 검색하셔도 반드시 부평구에 사무소가 있어야 하는 것은 아닙니다. 부평·산곡 일대 구축·신축 아파트와 상가 상속 문의가 꾸준합니다. 상속인이 서울·부산·해외 등 다른 지역에 있어도, 협의분할·위임·등기부 확인을 한 사무소에서 정리할 수 있는지 먼저 검토합니다. 공과금과 법무사 보수를 구분해 안내하며, 가짜"
/업무사례/남동구상속등기법무사,535,1969,0.272,false,"남동구에서 구월·간석 아파트·상가 상속에서 등기부와 협의분할을 함께 맞춥니다. 는 부산 해운대에 있으므로 남동구 지점이 있다는 뜻이 아닙니다. 초기 상담에서는 등기부·협의 개요·상속인 거주지만으로 진행 가능 범위를 설명하고, 원본이 필요한 단계는 수임 전에 구분합니다. 아파트·상가·토지가 섞여 있으면 목록표부터 작성하는 "
/업무사례/영종도상속등기법무사,532,2024,0.263,false,"영종도 부동산 상속등기 문의는 공항 인근 아파트 상속인이 수도권에 거주하는 경우 방문 횟수를 줄이는 절차를 안내합니다. 거리보다 관할 특례 적용 여부와 서류 수집 순서가 중요합니다. 부산 해운대 사무소에서 전화·카카오·우편으로 상담하며, 영종도에 별도 출장 사무소는 운영하지 않습니다. 매도를 앞둔 물건이 있으면 협의분할과"
/업무사례/강화도상속등기법무사,568,2042,0.278,false,"강화도 상속등기를 검색하셔도 반드시 강화도에 사무소가 있어야 하는 것은 아닙니다. 강화·옹진 토지·주택·농지 상속에서 필지 목록과 지목 확인이 중요합니다. 상속인이 서울·부산·해외 등 다른 지역에 있어도, 협의분할·위임·등기부 확인을 한 사무소에서 정리할 수 있는지 먼저 검토합니다. 공과금과 법무사 보수를 구분해 안내하며"
/업무사례/창원상속등기법무사,428,2084,0.205,false,창원에서는 의창·성산·마산합포·마산회원·진해에 아파트·토지·상가가 나뉜 경우가 많습니다. 부모·조부모 명의 부동산과 상속 후 매도·담보 일정이 겹치면 목록부터 한 표로 맞춥니다. 부산 해운대 사무소에서 방문·비대면 중 편한 방식을 안내하며 창원 지점은 없습니다. 창원에서는 의창·성산·마산합포·마산회원·진해에 아파트·토지·
/업무사례/김해상속등기법무사,434,2180,0.199,false,"김해는 부산과 가까워 방문 상담을 원하는 경우와, 장유·율하·진영에 부동산이 흩어진 경우를 자주 문의합니다. 아파트와 토지·공장이 함께 있으면 목록과 매도 일정을 먼저 맞춥니다. 상속인이 부산·타지역에 있어도 한 사무소에서 검토할 수 있는지 안내하며, 김해 지점은 없습니다. 김해는 부산과 가까워 방문 상담을 원하는 경우와"
/업무사례/양산상속등기법무사,407,2065,0.197,false,"양산은 물금·증산·사송 신축 아파트와 원동·상북·하북 토지·농지, 웅상권 주택·상가가 함께 상속되는 문의가 많습니다. 부산 거주 상속인도 방문·비대면 중 편한 방식을 선택할 수 있습니다. 양산 지점은 없으며 해운대 사무소에서 관할·서류를 검토합니다. 양산은 물금·증산·사송 신축 아파트와 원동·상북·하북 토지·농지, 웅상권"
/업무사례/진주상속등기법무사,561,2089,0.269,false,"진주에서 내륙 주택·토지·농지와 아파트가 섞인 상속 목록 정리가 필요합니다. 는 부산 해운대에 있으므로 진주 지점이 있다는 뜻이 아닙니다. 초기 상담에서는 등기부·협의 개요·상속인 거주지만으로 진행 가능 범위를 설명하고, 원본이 필요한 단계는 수임 전에 구분합니다. 아파트·상가·토지가 섞여 있으면 목록표부터 작성하는 것이"
/업무사례/거제상속등기법무사,627,2152,0.291,false,"거제 부동산 상속등기 문의는 섬 지역 토지·주택 상속에서 상속인이 육지·부산에 거주하는 경우가 많습니다. 거리보다 관할 특례 적용 여부와 서류 수집 순서가 중요합니다. 부산 해운대 사무소에서 전화·카카오·우편으로 상담하며, 거제에 별도 출장 사무소는 운영하지 않습니다. 매도를 앞둔 물건이 있으면 협의분할과 신청 순서를 함"
/업무사례/울산남구상속등기법무사,579,2062,0.281,false,"울산남구 상속등기를 검색하셔도 반드시 울산남구에 사무소가 있어야 하는 것은 아닙니다. 삼산·달동 아파트·상가 상속에서 협의·위임 일정을 맞추는 상담이 많습니다. 상속인이 서울·부산·해외 등 다른 지역에 있어도, 협의분할·위임·등기부 확인을 한 사무소에서 정리할 수 있는지 먼저 검토합니다. 공과금과 법무사 보수를 구분해 안"
/업무사례/울주군상속등기법무사,657,2214,0.297,false,"울주군에서 온산·언양 일대 토지·주택·농지 상속에서 지번·지목 확인이 중요합니다. 는 부산 해운대에 있으므로 울주군 지점이 있다는 뜻이 아닙니다. 초기 상담에서는 등기부·협의 개요·상속인 거주지만으로 진행 가능 범위를 설명하고, 원본이 필요한 단계는 수임 전에 구분합니다. 아파트·상가·토지가 섞여 있으면 목록표부터 작성하"
/업무사례/대구수성구상속등기법무사,542,1995,0.272,true,"대구수성구 부동산 상속등기 문의는 범어·수성못 인근 고급 아파트·상가 상속에서 협의분할 논의가 길어질 수 있습니다. 거리보다 관할 특례 적용 여부와 서류 수집 순서가 중요합니다. 부산 해운대 사무소에서 전화·카카오·우편으로 상담하며, 대구수성구에 별도 출장 사무소는 운영하지 않습니다. 매도를 앞둔 물건이 있으면 협의분할과"
/업무사례/대구달서구상속등기법무사,584,2170,0.269,false,"대구달서구 상속등기를 검색하셔도 반드시 대구달서구에 사무소가 있어야 하는 것은 아닙니다. 성서·월성 일대 아파트·상가 상속에서 등기부·임대차를 함께 확인합니다. 상속인이 서울·부산·해외 등 다른 지역에 있어도, 협의분할·위임·등기부 확인을 한 사무소에서 정리할 수 있는지 먼저 검토합니다. 공과금과 법무사 보수를 구분해 안"
/업무사례/포항상속등기법무사,555,2074,0.268,false,"포항에서 북·남구 아파트와 토지·주택이 함께 상속되는 사례가 많습니다. 는 부산 해운대에 있으므로 포항 지점이 있다는 뜻이 아닙니다. 초기 상담에서는 등기부·협의 개요·상속인 거주지만으로 진행 가능 범위를 설명하고, 원본이 필요한 단계는 수임 전에 구분합니다. 아파트·상가·토지가 섞여 있으면 목록표부터 작성하는 것이 누락"
/업무사례/구미상속등기법무사,540,1962,0.275,false,"구미 부동산 상속등기 문의는 산업도시 아파트·토지 상속에서 상속인 간 거주지가 갈라진 경우가 흔합니다. 거리보다 관할 특례 적용 여부와 서류 수집 순서가 중요합니다. 부산 해운대 사무소에서 전화·카카오·우편으로 상담하며, 구미에 별도 출장 사무소는 운영하지 않습니다. 매도를 앞둔 물건이 있으면 협의분할과 신청 순서를 함께"
/업무사례/경산상속등기법무사,576,2062,0.279,false,"경산 상속등기를 검색하셔도 반드시 경산에 사무소가 있어야 하는 것은 아닙니다. 대구 인접 아파트 상속에서 관할·비대면 절차를 먼저 검토합니다. 상속인이 서울·부산·해외 등 다른 지역에 있어도, 협의분할·위임·등기부 확인을 한 사무소에서 정리할 수 있는지 먼저 검토합니다. 공과금과 법무사 보수를 구분해 안내하며, 가짜 실적"
/업무사례/경주상속등기법무사,588,2087,0.282,false,"경주에서 역사도시 주택·토지·농지와 아파트가 섞인 상속에서 필지 누락을 줄입니다. 는 부산 해운대에 있으므로 경주 지점이 있다는 뜻이 아닙니다. 초기 상담에서는 등기부·협의 개요·상속인 거주지만으로 진행 가능 범위를 설명하고, 원본이 필요한 단계는 수임 전에 구분합니다. 아파트·상가·토지가 섞여 있으면 목록표부터 작성하는"
/업무사례/대전유성구상속등기법무사,539,1984,0.272,true,"대전유성구 부동산 상속등기 문의는 대덕·유성 연구단지 인근 아파트·상가 상속에서 상속인 타지역 거주가 많습니다. 거리보다 관할 특례 적용 여부와 서류 수집 순서가 중요합니다. 부산 해운대 사무소에서 전화·카카오·우편으로 상담하며, 대전유성구에 별도 출장 사무소는 운영하지 않습니다. 매도를 앞둔 물건이 있으면 협의분할과 신"
/업무사례/천안상속등기법무사,551,2027,0.272,false,"천안 상속등기를 검색하셔도 반드시 천안에 사무소가 있어야 하는 것은 아닙니다. 두정·불당·배방 일대 아파트와 외곽 토지·농지가 함께 상속됩니다. 상속인이 서울·부산·해외 등 다른 지역에 있어도, 협의분할·위임·등기부 확인을 한 사무소에서 정리할 수 있는지 먼저 검토합니다. 공과금과 법무사 보수를 구분해 안내하며, 가짜 실"
/업무사례/아산상속등기법무사,521,1960,0.266,false,"아산에서 탕정·배방 신도시와 농지·토지 상속에서 목록을 먼저 작성합니다. 는 부산 해운대에 있으므로 아산 지점이 있다는 뜻이 아닙니다. 초기 상담에서는 등기부·협의 개요·상속인 거주지만으로 진행 가능 범위를 설명하고, 원본이 필요한 단계는 수임 전에 구분합니다. 아파트·상가·토지가 섞여 있으면 목록표부터 작성하는 것이 누"
/업무사례/청주상속등기법무사,506,1920,0.264,true,"청주 부동산 상속등기 문의는 흥덕·상당·서원·청원 행정구역에 걸친 아파트·토지 상속이 많습니다. 거리보다 관할 특례 적용 여부와 서류 수집 순서가 중요합니다. 부산 해운대 사무소에서 전화·카카오·우편으로 상담하며, 청주에 별도 출장 사무소는 운영하지 않습니다. 매도를 앞둔 물건이 있으면 협의분할과 신청 순서를 함께 맞춥니"
/업무사례/충주상속등기법무사,548,2036,0.269,false,"충주 상속등기를 검색하셔도 반드시 충주에 사무소가 있어야 하는 것은 아닙니다. 내륙 주택·농지·임야와 아파트가 함께 상속되는 사례가 있습니다. 상속인이 서울·부산·해외 등 다른 지역에 있어도, 협의분할·위임·등기부 확인을 한 사무소에서 정리할 수 있는지 먼저 검토합니다. 공과금과 법무사 보수를 구분해 안내하며, 가짜 실적"
/업무사례/전주상속등기법무사,521,2003,0.26,false,"전주에서 한옥·상가와 아파트가 섞인 상속에서 권리관계 확인이 중요합니다. 는 부산 해운대에 있으므로 전주 지점이 있다는 뜻이 아닙니다. 초기 상담에서는 등기부·협의 개요·상속인 거주지만으로 진행 가능 범위를 설명하고, 원본이 필요한 단계는 수임 전에 구분합니다. 아파트·상가·토지가 섞여 있으면 목록표부터 작성하는 것이 누"
/업무사례/익산상속등기법무사,497,1924,0.258,true,"익산 부동산 상속등기 문의는 산업·주거 지역 아파트·토지 상속에서 협의·위임을 정리합니다. 거리보다 관할 특례 적용 여부와 서류 수집 순서가 중요합니다. 부산 해운대 사무소에서 전화·카카오·우편으로 상담하며, 익산에 별도 출장 사무소는 운영하지 않습니다. 매도를 앞둔 물건이 있으면 협의분할과 신청 순서를 함께 맞춥니다. "
/업무사례/군산상속등기법무사,551,1982,0.278,false,"군산 상속등기를 검색하셔도 반드시 군산에 사무소가 있어야 하는 것은 아닙니다. 항만·구도심 상가와 아파트·토지가 함께 상속되는 경우가 많습니다. 상속인이 서울·부산·해외 등 다른 지역에 있어도, 협의분할·위임·등기부 확인을 한 사무소에서 정리할 수 있는지 먼저 검토합니다. 공과금과 법무사 보수를 구분해 안내하며, 가짜 실"
/업무사례/순천상속등기법무사,521,1991,0.262,false,"순천에서 순천만 인근 토지·농지와 아파트 상속에서 필지 목록이 중요합니다. 는 부산 해운대에 있으므로 순천 지점이 있다는 뜻이 아닙니다. 초기 상담에서는 등기부·협의 개요·상속인 거주지만으로 진행 가능 범위를 설명하고, 원본이 필요한 단계는 수임 전에 구분합니다. 아파트·상가·토지가 섞여 있으면 목록표부터 작성하는 것이 "
/업무사례/여수상속등기법무사,506,2038,0.248,true,"여수 부동산 상속등기 문의는 연안 주택·토지·상가와 아파트 상속에서 상속인 수도권 거주가 흔합니다. 거리보다 관할 특례 적용 여부와 서류 수집 순서가 중요합니다. 부산 해운대 사무소에서 전화·카카오·우편으로 상담하며, 여수에 별도 출장 사무소는 운영하지 않습니다. 매도를 앞둔 물건이 있으면 협의분할과 신청 순서를 함께 맞"
/업무사례/목포상속등기법무사,554,2023,0.274,false,"목포 상속등기를 검색하셔도 반드시 목포에 사무소가 있어야 하는 것은 아닙니다. 항구·구도심 상가·주택과 아파트 상속에서 등기부를 함께 확인합니다. 상속인이 서울·부산·해외 등 다른 지역에 있어도, 협의분할·위임·등기부 확인을 한 사무소에서 정리할 수 있는지 먼저 검토합니다. 공과금과 법무사 보수를 구분해 안내하며, 가짜 "
/업무사례/원주상속등기법무사,527,1975,0.267,false,"원주에서 단구·명륜 아파트와 외곽 토지·농지 상속에서 지번 확인이 중요합니다. 는 부산 해운대에 있으므로 원주 지점이 있다는 뜻이 아닙니다. 초기 상담에서는 등기부·협의 개요·상속인 거주지만으로 진행 가능 범위를 설명하고, 원본이 필요한 단계는 수임 전에 구분합니다. 아파트·상가·토지가 섞여 있으면 목록표부터 작성하는 것"
/업무사례/춘천상속등기법무사,497,1941,0.256,true,"춘천 부동산 상속등기 문의는 호수·도심 아파트와 주택·토지가 함께 상속되는 사례가 많습니다. 거리보다 관할 특례 적용 여부와 서류 수집 순서가 중요합니다. 부산 해운대 사무소에서 전화·카카오·우편으로 상담하며, 춘천에 별도 출장 사무소는 운영하지 않습니다. 매도를 앞둔 물건이 있으면 협의분할과 신청 순서를 함께 맞춥니다."
/업무사례/강릉상속등기법무사,566,2054,0.276,false,"강릉 상속등기를 검색하셔도 반드시 강릉에 사무소가 있어야 하는 것은 아닙니다. 연안·내륙 토지·주택·농지와 아파트 상속에서 상속인 타지역 거주가 흔합니다. 상속인이 서울·부산·해외 등 다른 지역에 있어도, 협의분할·위임·등기부 확인을 한 사무소에서 정리할 수 있는지 먼저 검토합니다. 공과금과 법무사 보수를 구분해 안내하며"
/업무사례/제주시상속등기법무사,547,2102,0.26,false,"제주시에서 제주시 아파트·토지·농지 상속에서 상속인이 육지에 거주하는 경우가 많습니다. 는 부산 해운대에 있으므로 제주시 지점이 있다는 뜻이 아닙니다. 초기 상담에서는 등기부·협의 개요·상속인 거주지만으로 진행 가능 범위를 설명하고, 원본이 필요한 단계는 수임 전에 구분합니다. 아파트·상가·토지가 섞여 있으면 목록표부터 "
/업무사례/서귀포상속등기법무사,529,2016,0.262,true,"서귀포 부동산 상속등기 문의는 서귀포·중문 토지·주택·농지 상속에서 방문 없이 가능한 단계를 구분해 안내합니다. 거리보다 관할 특례 적용 여부와 서류 수집 순서가 중요합니다. 부산 해운대 사무소에서 전화·카카오·우편으로 상담하며, 서귀포에 별도 출장 사무소는 운영하지 않습니다. 매도를 앞둔 물건이 있으면 협의분할과 신청 "
/업무사례/시흥상속등기법무사,705,2281,0.309,false,"시흥에서는 배곧·은계 신도시 아파트를 상속받는 경우와, 정왕·시화 공단 내 공장·창고 건물을 함께 물려받는 경우가 자주 섞입니다. 집합건물인 아파트와 일반건물인 공장은 등기부 확인 방식과 필요서류가 다를 수 있어 부동산 종류별로 목록을 나눠 확인하는 것이 우선입니다. 상속인이 서울·부산 등 다른 지역에 있어도 협의분할·위"
/업무사례/경기광주상속등기법무사,684,2226,0.307,false,"경기 광주 상속등기를 검색하다 보면 광주광역시 상속등기 안내와 뒤섞여 나오는 경우가 많습니다. 여기서 말하는 경기 광주는 경기도 광주시이며, 오포·곤지암 등 생활권별로 아파트·전원주택·농지가 함께 상속되는 사례가 흔합니다. 지역명이 같아 등기소·관할이 헷갈릴 수 있으므로 상담 초기에 정확한 소재지 행정구역부터 확인합니다."
/업무사례/판교상속등기법무사,651,2111,0.308,false,판교는 행정구역상 성남시에 속하지만 분당과는 다른 생활권으로 검색되는 경우가 많습니다. 판교 테크노밸리 인근 오피스·상가와 아파트가 함께 상속되면 구분소유·임대차·근저당 여부를 건물별로 나눠 확인해야 합니다. 분당 아파트 상속과 겹쳐 검색되지만 실제로는 소재지 등기부와 상속인 구성에 따라 진행 방식이 달라질 수 있습니다.
/업무사례/광교상속등기법무사,558,2054,0.272,false,"광교는 하나의 생활권으로 불리지만 행정구역상 수원시 영통구와 용인시 수지구에 걸쳐 있어, 아파트가 정확히 어느 시에 속하는지에 따라 담당 등기소와 관할이 달라질 수 있습니다. 광교호수공원 인근 아파트와 상가가 함께 상속되는 경우도 많아 부동산별로 소재지를 먼저 정리합니다. 상속인이 수도권 밖에 거주해도 협의분할·위임을 한"
/업무사례/이천상속등기법무사,597,2061,0.29,false,"이천은 물류센터·공장이 밀집한 산업 지역과 도자기·농업 중심 농지가 함께 있어, 상속받은 부동산이 어떤 지목·용도인지에 따라 필요서류가 달라집니다. 대형 물류창고나 공장 건물은 건축물대장과 임대차 계약을 함께 확인해야 하고, 농지는 지번·면적 누락이 없는지 목록부터 작성하는 것이 우선입니다. 상속인이 수도권 밖에 거주해도"
/업무사례/구리상속등기법무사,546,2073,0.263,false,"구리는 서울 노원·중랑·강동과 경계를 맞대고 있어 실제로는 구리시 소재 부동산인데도 서울 관할로 착각하는 경우가 있습니다. 소형 단독·다세대 주택 상속이 많고, 오래전 등기된 건물은 등기부와 건축물대장 표시가 다를 수 있어 먼저 확인이 필요합니다. 상속인이 서울에 거주해 방문이 쉬운 경우에도 협의분할·위임 서류를 비대면으"
/업무사례/양주상속등기법무사,567,2007,0.283,false,"양주는 옥정·회천 신도시 아파트 상속 문의와, 외곽 농지·임야를 오래전부터 소유한 상속 문의가 함께 들어오는 지역입니다. 신축 아파트는 등기부·대지권 확인이 상대적으로 단순하지만, 외곽 농지는 지번·지목·면적이 여러 필지로 나뉜 경우가 많아 목록 작성이 먼저입니다. 상속인이 서울·수도권에 흩어져 있어도 협의분할·위임을 한"
/업무사례/강동구상속등기법무사,588,2090,0.281,false,"강동구는 고덕·강일 일대에 입주 시기가 다른 대단지 아파트가 몰려 있어, 상속받은 아파트가 최근 입주한 단지인지 오래된 단지인지에 따라 근저당·중도금대출 정리 여부를 다르게 확인해야 합니다. 상속인이 여러 명이면 협의분할 내용과 매도·전세 계획을 먼저 맞추는 것이 중요합니다. 상속인이 지방·해외에 거주해도 협의분할·위임·"
/업무사례/관악구상속등기법무사,573,2061,0.278,false,"관악구는 신림·봉천 일대 다세대·빌라 밀집 지역으로, 아파트보다 상속인 수가 많고 지분이 잘게 나뉘어 협의가 오래 걸리는 상담이 흔합니다. 건물이 오래된 경우 등기부와 건축물대장 표시가 다를 수 있어 확인이 먼저 필요하고, 임대 중인 세대가 있으면 임대차 승계 여부도 함께 검토합니다. 상속인이 여러 지역에 흩어져 있어도 "
/업무사례/구로구상속등기법무사,600,2111,0.284,false,"구로구는 구로디지털단지 인근 지식산업센터·공장 건물과 주거용 아파트·빌라가 함께 있는 지역으로, 상속받은 부동산이 업무용인지 주거용인지에 따라 임대차·근저당 확인 항목이 달라집니다. 지식산업센터는 구분소유·관리단 규약을 함께 확인해야 하는 경우가 있어 아파트 상속과는 서류가 다를 수 있습니다. 상속인이 타지역에 거주해도 "
/업무사례/대전서구상속등기법무사,606,2116,0.286,false,"대전 서구는 둔산동 행정·상업 중심지로 아파트·상가 상속 문의가 많고, 인접한 유성구와 생활권이 겹쳐 검색 과정에서 지역을 혼동하는 경우가 있습니다. 두 구는 담당 등기소·행정구역이 다르므로 상담 초기에 정확한 소재지부터 확인합니다. 상가가 함께 있으면 임대차·근저당 여부를 아파트와 별도로 점검합니다. 상속인이 타지역에 "
/업무사례/당진상속등기법무사,579,2025,0.286,false,당진은 제철소·산업단지와 항만이 발달해 공장·창고·물류 부지 상속 문의가 주거용 아파트 상속만큼 많습니다. 산업용 건물은 근저당·임대차가 걸려 있는 경우가 흔해 등기부를 먼저 확인한 뒤 목록을 정리하는 것이 우선입니다. 농지·주택이 함께 있으면 지목별로 서류를 나눠 준비합니다. 상속인이 수도권 등 타지역에 거주해도 협의분
/업무사례/제천상속등기법무사,594,2065,0.288,false,제천은 청풍호 인근 전원주택·펜션과 임야·농지를 함께 물려받는 상속 문의가 많은 지역입니다. 오래전부터 내려온 임야는 지번이 여러 필지로 나뉘어 있거나 지적 정리가 되지 않은 경우가 있어 목록부터 확인하는 것이 우선입니다. 전원주택은 건축물대장과 실제 현황이 다른 경우도 있어 함께 점검합니다. 상속인이 수도권 등 타지역에
/업무사례/속초상속등기법무사,552,2060,0.268,false,"속초는 별장·세컨드하우스나 펜션으로 사용하던 부동산을 상속받는 상담이 많고, 상속인 대부분이 수도권에 거주해 자주 방문하기 어려운 경우가 흔합니다. 임대·숙박업으로 운영 중이던 펜션은 사업자 정리와 등기 절차를 함께 안내받아야 할 수 있어 일반 주택 상속과는 확인할 항목이 다릅니다. 원본 서류 전달과 신청 순서를 미리 맞"
/업무사례/광양상속등기법무사,624,2140,0.292,false,"광양은 제철소·공단이 발달한 산업도시로, 공단 인근 상가·공장 부지 상속 문의가 아파트 상속만큼 많습니다. 여수·순천과 생활권이 가깝다 보니 부동산 소재지를 혼동해 검색하는 경우가 있어 상담 초기에 정확한 행정구역부터 확인합니다. 산업용 부동산은 임대차·근저당이 걸려 있는 경우가 흔해 등기부 확인이 먼저입니다. 상속인이 "
/업무사례/군포상속등기법무사,1626,3534,0.46,false,"군포는 산본 신도시 대단지 아파트와 재건축·다가구·근린상가가 한 상속 사건 안에 섞이는 경우가 많습니다. 집합건물인 아파트는 등기부·대지권·관리비 정산 여부를 확인하고, 다가구·단독은 건축물대장과 실제 호실 표시가 일치하는지부터 맞춰 보는 것이 우선입니다. 산본역·금정 생활권에 거주하던 피상속인의 부동산을 서울·수원·부산"
/업무사례/의왕과천상속등기법무사,1503,3361,0.447,false,"의왕과 과천은 인덕원·평촌 생활권으로 묶여 검색되지만, 행정구역과 등기소 관할은 시마다 다릅니다. 과천 주공·재건축 아파트, 의왕 내손·포일 일대 주택, 인덕원 인근 다가구가 한 피상속인 명의로 남아 있으면 주소지별로 목록을 나눠 확인해야 합니다. 서울·성남·수원에 사는 상속인이 주말만 모이는 경우도 많아, 협의분할 초안"
/업무사례/오산안성상속등기법무사,1458,3239,0.45,false,"오산은 세교·원동 일대 신축·재건축 아파트 상속 문의가 많고, 안성은 농지·축사·소규모 공장·물류 부지가 함께 넘어오는 경우가 흔합니다. 두 시를 한 생활권처럼 묶어 검색해도 등기부와 지목이 전혀 다르므로, 아파트·전·답·대지를 목록으로 분리하는 일이 먼저입니다. 상속인이 평택·수원·서울·부산에 흩어져 있으면 현장 방문 "
/업무사례/여주양평상속등기법무사,1626,3487,0.466,false,"여주와 양평은 수도권 외곽 전원·농업·임야 상속이 많은 권역입니다. 한강·남한강 인근 전원주택, 여주 쌀·시설원예 농지, 양평 임야·별장이 한 사건으로 묶이면 건물과 토지를 분리해 등기부를 확인해야 합니다. 상속인은 서울·인천·지방 도시에 거주하고 부동산만 여주·양평에 남는 패턴이 흔해, 현장 법무사 방문보다 비대면 서류"
/업무사례/포천동두천상속등기법무사,1590,3465,0.459,false,"포천은 농지·임야·펜션·공장형 창고가 섞인 상속이 많고, 동두천은 소형 아파트·다가구·군 관련 이사가 잦은 주택 상속 문의가 이어집니다. 두 시를 묶어도 실제로는 시·읍·면 단위로 관할과 지목이 갈리므로 주소 목록을 처음부터 시별로 나눕니다. 상속인이 의정부·서울·지방에 흩어져 있고 부동산만 포천·동두천에 남은 경우, 협"
/업무사례/가평상속등기법무사,1596,3420,0.467,false,"가평은 관광·휴양 성격의 펜션·모텔형 건물과 임야·전원주택이 한 상속으로 들어오는 경우가 많습니다. 영업용 건물은 건축물대장·용도·근저당을, 임야는 지번·면적·공유지분 여부를 나눠 확인하는 것이 우선입니다. 상속인은 서울·수도권·지방에 거주하고 주말만 가평에 오던 피상속인의 부동산을 물려받는 패턴이 많아, 현장 방문 없이"
/업무사례/서산보령상속등기법무사,1563,3440,0.454,false,"서산과 보령은 충남 서해안 생활권으로 묶이지만 등기 관할과 부동산 유형은 시마다 다릅니다. 서산은 아파트·산업단지 인근 공장·창고, 보령은 대천 상가·펜션·해안 토지·농지가 상속으로 넘어오는 비중이 높습니다. 상속인이 천안·대전·서울·부산에 흩어져 있으면 현지 방문보다 비대면으로 협의분할·위임을 맞출 수 있는지가 먼저입니"
/업무사례/공주상속등기법무사,1557,3352,0.464,false,"공주는 구도심 단독·다가구·근린상가와 시외곽 농지·임야가 한 상속 사건으로 묶이는 경우가 많습니다. 오래된 주택은 등기부와 건축물대장 표시가 다를 수 있고, 농지는 여러 필지로 흩어져 면적 누락이 생기기 쉬워 목록 작성이 먼저입니다. 상속인이 세종·대전·서울·부산에 거주하며 공주에만 부동산이 남은 패턴이 흔해, 비대면으로"
/업무사례/나주정읍상속등기법무사,1479,3316,0.446,false,"나주와 정읍은 전남·전북에 걸쳐 호남 생활권으로 검색되지만, 행정구역과 등기 관할은 시마다 다릅니다. 나주 혁신도시·빛가람 아파트와 구도심 주택, 정읍 농지·과수원·소형 상가가 한 피상속인 명의로 남아 있으면 시·부동산 종류별로 목록을 나눕니다. 상속인이 광주·전주·서울·부산에 흩어져 있는 경우가 많아 현장 방문 없이 협"
/업무사례/남원상속등기법무사,1575,3392,0.464,false,"남원은 시내 단독·다가구·근린상가와 지리산·운봉 인근 농지·임야·펜션형 건물이 한 상속으로 들어오는 경우가 많습니다. 관광·주거·농업이 섞인 부동산은 용도와 지목을 구분해 등기부를 확인해야 하며, 오래된 주택은 건축물대장과 표시가 어긋날 수 있습니다. 상속인이 전주·광주·서울·부산에 거주하고 남원에만 부동산이 남은 패턴이"
/업무사례/동해삼척상속등기법무사,1488,3370,0.442,false,"동해와 삼척은 강원 동해안 생활권으로 묶이지만 등기 관할은 시마다 다릅니다. 동해 아파트·상가·항만 인근 토지, 삼척 주택·펜션·해안·산지 토지가 한 상속으로 들어오면 주소와 지목을 시별로 나눠 확인합니다. 상속인이 강릉·원주·서울·부산에 흩어져 있고 부동산만 동해·삼척에 남은 경우가 많아 비대면 협의분할·위임 가능 여부"
/업무사례/홍천상속등기법무사,1560,3358,0.465,false,"홍천은 군 단위 농지·임야·전원주택·펜션형 건물이 상속으로 넘어오는 비중이 높은 지역입니다. 여러 읍·면의 필지가 한 명의로 흩어져 있으면 지번·면적·공유지분부터 목록화해야 하고, 전원주택은 건축물대장과 등기 표시를 대조합니다. 상속인은 춘천·원주·서울·부산에 거주하며 명절에만 홍천을 찾던 경우가 많아, 현장 법무사 방문"
/업무사례/경남법무사업무,552,2245,0.246,true,"경남 김해·양산·창원 등에서 상속등기·법인등기·유증등기를 찾으셔도, 반드시 현지에 사무소가 있어야 하는 것은 아닙니다. 는 부산 해운대구에 있으며 경남 각 시에 지점을 두고 있지 않습니다. 가까운 거리라 방문 상담을 원하시면 해운대 사무소로 오실 수 있고, 상속인이 타지역에 있거나 서류 정리가 우선이면 사진·우편·화상으로"
/업무사례/장유상속등기법무사,505,1868,0.27,false,"김해 장유 생활권 아파트·상가 상속등기를 검색하셔도 현지 법무사만 선택할 필요는 없습니다. 는 부산 해운대구에 있으며 김해·장유에 별도 지점이 없습니다. 장유 신축·구축 아파트와 상가 임대차가 섞인 경우도 서류 목록부터 정리합니다. 부산과 가까워 방문 상담이 편하시면 해운대로 오실 수 있고, 상속인이 멀리 있으면 사진·우"
/업무사례/율하상속등기법무사,534,1882,0.284,false,김해 율하 동네 아파트 상속등기를 준비하시면 취득세·법무사 보수·필요서류를 먼저 구분하는 것이 좋습니다. 는 부산 해운대구에 있으며 김해 율하에 지점이 있는 것은 아닙니다. 율하 구축 아파트와 주차장·대지 지분이 함께 있는 경우도 일반적인 상담 유형으로 절차를 안내합니다. 가까운 부산이라 방문이 편하시면 해운대 사무소로 
/업무사례/물금상속등기법무사,502,1819,0.276,false,"양산 물금 생활권은 부산과 가깝고 아파트 단지가 많아 상속등기 문의가 잦습니다. 는 부산 해운대구에 있으며 양산·물금에 별도 지점이 없습니다. 물금 아파트와 양산 외곽 필지가 함께 있거나 상속인이 부산·수도권에 흩어진 경우도 일반적인 상담 유형으로 절차를 안내합니다. 방문은 해운대 사무소, 비대면은 서류 사진·우편·화상으"
/업무사례/증산상속등기법무사,522,1826,0.286,false,"양산 증산 신도시 아파트는 비교적 최근 분양·입주가 많아 상속등기 시 가족관계·혼인관계 정리가 중요합니다. 는 부산 해운대구에 있으며 양산·증산에 지점이 있는 것은 아닙니다. 증산 아파트와 양산 구시가지 상가가 함께 상속되는 등 일반적인 상담 유형을 기준으로 서류·비용을 안내합니다. 부산과 인접해 방문 상담이 수월하고, "
/업무사례/사송상속등기법무사,525,1837,0.286,false,양산 사송 일대 신축 아파트 상속등기는 분양·잔금·등기 이력 확인이 선행되어야 합니다. 는 부산 해운대구에 있으며 양산·사송에 별도 지점이 없습니다. 사송 아파트와 증산·물금 다른 단지가 함께 상속되거나 상속인이 부산에 거주하는 등 일반적인 상담 유형을 기준으로 절차·보수·공과금을 구분해 안내합니다. 가까운 부산이라 방문
/업무사례/창원의창구상속등기법무사,470,1717,0.274,false,창원 의창구 도심 아파트와 북면·동읍·팔용 읍·면 토지가 함께 상속되는 경우가 많습니다. 는 부산 해운대구에 있으며 창원·의창구에 별도 지점이 없습니다. 구내 아파트와 외곽 필지를 한 목록으로 정리해 협의분할·취득세를 검토합니다. 창원까지 방문하실 필요 없이 부산 해운대 방문 또는 서류 비대면으로 일반적인 상담 유형 절차
/업무사례/창원성산구상속등기법무사,497,1751,0.284,false,"창원 성산구 상남·용호·사파 일대는 아파트·상가 밀집 지역으로 상속등기 문의가 많습니다. 는 부산 해운대구에 있으며 창원 성산구에 지점이 있는 것은 아닙니다. 성산구 아파트 여러 채와 형제 간 협의분할, 또는 상속인만 타지역 거주 등 일반적인 상담 유형을 기준으로 서류·비용·절차를 안내합니다. 부산 방문 또는 비대면 위임"
/업무사례/마산합포구상속등기법무사,544,1770,0.307,true,"마산합포구 월영·현동·진동 일대는 주택·토지·구축 아파트가 섞인 상속 사례가 많습니다. 는 부산 해운대구에 있으며 마산·합포구에 별도 지점이 없습니다. 월영 신도시 아파트와 현동·진동 필지가 함께 있거나, 상속인이 부산·수도권에 있는 등 일반적인 상담 유형을 기준으로 협의분할·취득세·서류를 안내합니다. 방문은 부산 해운대"
/업무사례/마산회원구상속등기법무사,504,1740,0.29,false,마산회원구 양덕·합성 도심과 내서 일대 부동산이 함께 상속되는 경우 협의·서류 정리가 중요합니다. 는 부산 해운대구에 있으며 마산회원구·창원에 별도 지점이 없습니다. 회원구 아파트·상가와 내서 주택·토지 조합 등 일반적인 상담 유형을 기준으로 관할 특례·비대면 진행 바로 진행 방법을 안내합니다. 가까운 거리라 부산 해운대
/업무사례/진해구상속등기법무사,521,1750,0.298,false,"창원 진해구 석동·용원·웅천 일대는 주택·아파트·토지 상속 문의가 이어집니다. 는 부산 해운대구에 있으며 진해·창원에 별도 지점이 없습니다. 진해 구내 부동산과 다른 창원 구·김해·양산 부동산이 함께 있는 등 일반적인 상담 유형을 기준으로 목록·협의·서류를 정리합니다. 부산과 인접해 방문 상담이 수월하고, 상속인이 타지역"
/업무사례/경남상속등기비용,549,1817,0.302,false,"경남 김해·양산·창원 등 여러 지역 부동산 상속등기 비용은 법무사 보수, 등기 수수료, 취득세, 국민주택채권 등으로 나뉩니다. 는 부산 해운대구에 있으며 경남에 지점이 있는 것은 아닙니다. 협의분할·법정지분·부동산 가액·상속인 수에 따라 달라지는 항목을 일반적인 상담 유형 기준으로 구분해 안내합니다. 방문·비대면 모두 동"
/업무사례/김해상속등기비용,499,1650,0.302,false,"김해·장유·율하 아파트·토지·상가 상속등기 비용은 협의분할 방식과 부동산 가액에 따라 달라집니다. 는 부산 해운대구에 있으며 김해에 별도 지점이 없습니다. 법무사 보수, 등기 수수료, 취득세, 국민주택채권을 구분해 일반적인 상담 유형 기준으로 견적 포인트를 안내합니다. 부산과 가까워 방문 견적도 가능하고, 등기부 사진만으"
/업무사례/양산상속등기비용,511,1650,0.31,true,"양산 물금·증산·사송 등 생활권 아파트 상속등기 비용은 신축·구축 여부와 협의분할 방식에 영향을 받습니다. 는 부산 해운대구에 있으며 양산에 지점이 있는 것은 아닙니다. 법무사 보수, 등기 수수료, 취득세, 국민주택채권을 구분해 일반적인 상담 유형 기준으로 안내합니다. 방문·비대면 모두 같은 견적 기준이며, 여러 단지 아"
/업무사례/창원상속등기비용,517,1678,0.308,true,"창원 의창·성산·마산합포·마산회원·진해 5개 구에 나뉜 부동산 상속등기 비용은 구·필지별로 달라질 수 있습니다. 는 부산 해운대구에 있으며 창원에 별도 지점이 없습니다. 법무사 보수, 등기 수수료, 취득세, 국민주택채권을 구·필지별로 구분해 일반적인 상담 유형 기준으로 안내합니다. 5개 구 부동산 목록을 받아 일괄 견적 "
/업무사례/김해상속등기필요서류,519,1744,0.298,false,"김해·장유·율하 부동산 상속등기 필요서류는 상속인 수, 협의분할 여부, 포기·한정승인 검토에 따라 달라집니다. 는 부산 해운대구에 있으며 김해에 지점이 있는 것은 아닙니다. 등기부등본, 가족·기본·혼인관계증명, 인감·위임, 협의분할서 등을 상속인별로 정리해 일반적인 상담 유형 기준으로 목록을 안내합니다. 서류 사진으로 비"
/업무사례/양산상속등기필요서류,526,1738,0.303,false,"양산 물금·증산·사송 부동산 상속등기는 협의분할과 법정지분 등기 중 선택에 따라 필요서류가 달라집니다. 는 부산 해운대구에 있으며 양산에 별도 지점이 없습니다. 협의분할서·동의서, 가족관계·등기부, 인감·위임 등을 비교해 일반적인 상담 유형 기준으로 상속인별 목록을 안내합니다. 비대면으로 등기부·협의안 사진을 먼저 검토하"
/업무사례/창원상속등기필요서류,514,1743,0.295,false,"창원 5개 구 부동산 상속등기에서 상속인이 여러 명이면 협의분할·위임·인감 준비가 핵심입니다. 는 부산 해운대구에 있으며 창원에 별도 지점이 없습니다. 상속인별 가족관계·인감·위임, 구·필지별 등기부, 협의분할서를 일반적인 상담 유형 기준으로 정리해 안내합니다. 타지역 상속인은 비대면 위임·화상으로 맞추고, 원본 필요 단"
/업무사례/부산거주김해부동산상속,517,1746,0.296,false,"부산에 거주하면서 김해·장유·율하 부동산만 상속받는 경우, 거주지와 부동산 소재가 달라도 상속등기는 관할 특례로 검토할 수 있습니다. 는 부산 해운대구에 있으며 김해 지점은 없습니다. 부산 거주 상속인은 사무소 방문이 편하고, 다른 상속인이 경남·수도권에 있으면 비대면 위임·협의로 맞출 수 있습니다. 일반적인 상담 유형으"
/업무사례/김해거주부산부동산상속,460,1642,0.28,false,김해·장유에 거주하면서 부산 해운대·수영·기장 등 부산 소재 부동산만 상속받는 경우가 많습니다. 는 부산 해운대구에 있으며 김해 지점은 없습니다. 김해 거주 상속인도 부산 사무소 방문 또는 비대면 위임으로 상담부터 신청까지 진행합니다. 일반적인 상담 유형으로 부산·김해 부동산이 함께 있을 때 목록·협의·취득세를 묶어 안내
/업무사례/부산거주양산부동산상속,505,1691,0.299,false,"부산에 거주하면서 양산 물금·증산·사송 아파트·토지만 상속받는 경우, 거주지와 소재지가 달라도 상속등기 관할 특례 검토가 가능합니다. 는 부산 해운대구에 있으며 양산 지점은 없습니다. 부산 거주 상속인은 사무소 방문이 편하고, 다른 상속인이 타지역에 있으면 비대면 위임·협의로 진행합니다. 일반적인 상담 유형으로 양산 부동"
/업무사례/양산거주부산부동산상속,496,1672,0.297,false,"양산·물금·증산에 거주하면서 부산 해운대·기장·수영 등 부산 부동산만 상속받는 경우, 거리상 부산 법무사 방문이 편할 수 있습니다. 는 부산 해운대구에 있으며 양산 지점은 없습니다. 양산 거주 상속인도 부산 사무소 방문 또는 비대면으로 상담부터 신청까지 진행합니다. 일반적인 상담 유형으로 부산·양산 부동산이 함께 있을 때"
/업무사례/경남오래된상속등기,520,1722,0.302,false,"경남 김해·양산·창원 등에서 수십 년 전 부모·조부모 명의로 남아 있는 부동산이 상속·매각 전에 정리되어야 하는 경우가 많습니다. 는 부산 해운대구에 있으며 경남 지점은 없습니다. 연쇄 상속·가족관계·등기부 현황을 먼저 확인하고, 일반적인 상담 유형 기준으로 순차 등기·협의분할 절차를 안내합니다. 방문·비대면 모두 등기부"
/업무사례/경남조부모명의토지상속,514,1682,0.306,false,"경남 읍·면·리에 조부모 명의 토지가 남아 있고 부모님도 사망한 연쇄 상속 사례는 가족관계·상속순위 정리가 핵심입니다. 는 부산 해운대구에 있으며 경남 지점은 없습니다. 조부모→부모→손자녀 순 연쇄 등기가 필요한지, 협의분할이 가능한지 일반적인 상담 유형 기준으로 검토합니다. 등기부·가족관계 사본으로 비대면 개요 확인 후"
/업무사례/경남여러필지토지상속,484,1674,0.289,false,"경남 김해·양산·창원·읍·면에 조상 명의 토지가 여러 필지로 흩어져 있으면 상속등기 전 목록화가 중요합니다. 는 부산 해운대구에 있으며 경남 지점은 없습니다. 지번·지목·면적을 표로 정리하고, 협의분할·순차 등기·취득세를 일반적인 상담 유형 기준으로 안내합니다. 등기부 다건 사진으로 비대면 개요 검토 후, 누락 필지가 없"
/업무사례/경남유증등기법무사,496,1692,0.293,false,"경남 김해·양산·창원 등 소재 부동산을 유언공정증서로 수증하는 유증등기는 상속등기와 서류·관할 검토 방식이 다릅니다. 는 부산 해운대구에 있으며 경남 지점은 없습니다. 유언장·공정증서·수증·포기·한정승인 여부를 일반적인 상담 유형 기준으로 확인합니다. 상속·유증 모두 관할 특례 검토 대상이며, 방문·비대면으로 서류 개요를"
/업무사례/경남법인등기법무사,519,1730,0.3,false,"경남 김해·양산·창원 소재 법인의 설립·임원변경·목적변경·본점이전 등기는 법정관할(본점 소재 등기소)을 따릅니다. 는 부산 해운대구에 있으며 경남 지점은 없습니다. 상속·유증과 달리 관할 특례가 아닌 법정관할을 유지하며, 등기소·본점 위치에 맞는 절차를 일반적인 상담 유형 기준으로 안내합니다. 서류 사진·우편·화상으로 비"
/업무사례/김해법인등기법무사,532,1684,0.316,false,"김해·장유·율하 소재 법인의 설립등기·임원변경·목적변경·본점이전은 김해 본점 관할 등기소 법정관할을 따릅니다. 는 부산 해운대구에 있으며 김해 지점은 없습니다. 상속등기와 달리 관할 특례가 아니므로 등기소·본점 위치에 맞는 절차를 일반적인 상담 유형 기준으로 안내합니다. 부산과 가까워 방문·비대면 선택이 가능하며, 김해→"
/업무사례/양산법인등기법무사,1017,2709,0.375,false,"양산·물금·증산·사송 소재 법인의 설립·임원·목적·본점이전·유상증자 등기는 양산 본점 관할 등기소 법정관할을 따릅니다. 상속등기처럼 관할 특례로 아무 등기소에나 내는 구조가 아닙니다. 는 부산 해운대구에 있으며 양산 지점은 없습니다. ‘양산 법인설립’, ‘양산 임원변경등기’, ‘양산 본점이전등기’, ‘양산 유상증자’로 각"
/업무사례/창원법인등기법무사,481,1625,0.296,false,"창원 의창·성산·마산합포·마산회원·진해 5개 구 소재 법인의 설립·임원·목적·본점이전 등기는 창원 본점 관할 등기소 법정관할을 따릅니다. 는 부산 해운대구에 있으며 창원 지점은 없습니다. 상속·유증의 관할 특례와 달리 법정관할을 유지하며, 일반적인 상담 유형 기준으로 절차를 안내합니다. 창원↔부산 본점이전 전용 페이지도 "
/업무사례/김해에서부산법인본점이전,505,1662,0.304,false,"김해·장유 소재 법인 본점을 부산 해운대·수영 등으로 이전할 때 등기·세무·관할 등기소 변경 순서를 맞춰야 합니다. 는 부산 해운대구에 있으며 김해 지점은 없습니다. 상속·유증의 관할 특례와 달리 법인 본점이전은 법정관할을 따르며, 일반적인 상담 유형 기준으로 주주결의·정관·등기·세무 신고 포인트를 안내합니다. 비대면 서"
/업무사례/부산에서김해법인본점이전,487,1611,0.302,false,"부산 소재 법인 본점을 김해·장유·공단 등으로 이전할 때 등기·세무·관할 등기소 변경을 순서대로 진행해야 합니다. 는 부산 해운대구에 있으며 김해 지점은 없습니다. 법인 본점이전은 법정관할 절차이며 상속 관할 특례와 다릅니다. 일반적인 상담 유형 기준으로 주주결의·정관 수정·등기·세무 신고를 안내하고, 비대면 서류 검토가"
/업무사례/양산에서부산법인본점이전,453,1713,0.264,false,"양산·물금·증산 소재 법인 본점을 부산으로 이전할 때 등기소·세무서 관할 변경과 주주결의·정관 수정 순서가 중요합니다. 는 부산 해운대구에 있으며 양산 지점은 없습니다. 법인 본점이전은 법정관할 절차로, 상속·유증의 관할 특례와 구분됩니다. 일반적인 상담 유형 기준으로 등기·세무 포인트를 안내하며, 비대면 서류 검토 후 "
/업무사례/부산에서양산법인본점이전,402,1672,0.24,false,"부산 소재 법인 본점을 양산·물금 공단 등으로 이전할 때 등기·세무·관할 변경 순서를 맞춰야 합니다. 는 부산 해운대구에 있으며 양산 지점은 없습니다. 법인 본점이전은 법정관할이며 상속 관할 특례와 다릅니다. 일반적인 상담 유형 기준으로 주주결의·정관·등기·세무를 안내하고, 비대면 서류 검토가 가능합니다. 부산 소재 법인"
/업무사례/창원에서부산법인본점이전,484,1559,0.31,false,"창원 의창·성산·마산·진해 소재 법인 본점을 부산으로 이전할 때 등기소·세무서 관할 변경과 주주결의 순서가 필요합니다. 는 부산 해운대구에 있으며 창원 지점은 없습니다. 법인 본점이전은 법정관할 절차로 상속·유증 관할 특례와 구분됩니다. 일반적인 상담 유형 기준으로 등기·세무 포인트를 안내하며, 비대면 서류 검토 후 제출"
/업무사례/부산에서창원법인본점이전,441,1716,0.257,false,"부산 소재 법인 본점을 창원·마산·진해 등으로 이전할 때 등기·세무·관할 등기소 변경을 순서대로 진행해야 합니다. 는 부산 해운대구에 있으며 창원 지점은 없습니다. 법인 본점이전은 법정관할이며 상속 관할 특례와 다릅니다. 일반적인 상담 유형 기준으로 주주결의·정관·등기·세무를 안내하고, 비대면 서류 검토가 가능한 단계를 "
/업무사례/부산김해양산공동근저당권,519,1729,0.3,false,"부산·김해·양산 등 인접 지역에 흩어진 아파트·공장·토지를 하나의 공동근저당권으로 묶어 금융 담보를 설정하는 경우, 부동산별 등기부·순위·관할을 먼저 정리해야 합니다. 는 부산 해운대구에 있으며 경남·김해·양산 지점은 없습니다. 상속·유증의 관할 특례와 달리 근저당·공동담보는 등기소 법정관할과 금융 약정을 따르며, 일반적"
/업무사례/경남공장공동근저당권,525,1692,0.31,false,"경남 김해·양산·창원 등에 흩어진 공장·창고를 공동근저당권으로 묶거나, 기존 담보에 추가설정·일부해지를 하는 경우 등기부·선순위·금융 약정을 먼저 확인해야 합니다. 는 부산 해운대구에 있으며 경남 지점은 없습니다. 상속 관할 특례와 달리 근저당은 법정관할·금융 약정을 따르며, 일반적인 상담 유형 기준으로 설정·변경·말소 "
/업무사례/양산법무사업무,2127,5520,0.385,false,"양산시에서 법무사를 찾는 이유는 보통 ‘양산 법무사 추천’이나 ‘가까운 사무소’보다, 지금 필요한 등기·신고가 무엇인지부터 헷갈리기 때문입니다. 부모님 부동산의 상속등기인지, 채무가 걱정되어 상속포기·한정승인인지, 부모·자녀 증여인지, 대출 상환 후 근저당 말소인지, 법인 임원·본점 변경인지에 따라 서류와 관할·기한이 달"
/업무사례/양산상속포기한정승인,1440,3482,0.414,false,"양산에 아파트·토지가 있어도 카드대금·보증·개인 채무가 확인되지 않으면, 상속등기부터 진행하기보다 상속포기·한정승인을 먼저 검토하는 것이 안전합니다. 상속을 안 날부터 원칙적으로 3개월 이내에 가정법원에 신고해야 하며, 그 사이에도 기한은 흘러갑니다. 피상속인의 최후 주소지가 양산시인 경우 관할은 울산가정법원 체계를 따르"
/업무사례/양산증여등기법무사,858,2511,0.342,false,"양산 아파트를 자녀에게 증여하거나 부부 사이 지분을 옮길 때는 증여계약과 소유권이전등기가 한 세트로 움직입니다. 세무 신고·증여세 검토와 법무사의 등기 접수는 역할이 다르므로, ‘세금까지 법무사가 알아서 처리한다’고 단정하지 않습니다. 는 부산 해운대구에 있으며 양산 지점은 없습니다. 물금·증산 신축 아파트에 근저당이 남"
/업무사례/양산부동산등기법무사,615,1977,0.311,false,"‘양산 부동산등기 법무사’로 검색해도 실제로는 매매 잔금 소유권이전, 가족 증여, 대출 상환 후 근저당 말소, 철거 후 멸실, 신축 보존처럼 원인이 다릅니다. 상속등기는 별도 허브가 있으므로 사망 후 명의 정리는 양산 상속등기 안내를 우선하세요. 는 부산 해운대구에 있으며 양산 지점은 없습니다. 잔금일·은행 설정·매도인 "
/업무사례/양산근저당말소,576,1887,0.305,false,은행 대출을 모두 상환해도 등기부의 근저당권은 자동으로 사라지지 않습니다. 말소등기를 신청해야 등기사항증명서에서 담보가 지워집니다. 는 부산 해운대구에 있으며 양산 지점은 없습니다. 양산 아파트·토지 소유자가 부산·수도권에 살아도 은행 말소 서류와 등기부를 사진으로 먼저 확인할 수 있습니다. 공동근저당으로 김해·부산 부동
/업무사례/양산건물멸실등기,747,2074,0.36,false,"건물을 철거하거나 건축물대장에서 말소해도 등기부의 건물 등기는 자동으로 사라지지 않는 경우가 있습니다. 멸실등기를 통해 등기부를 맞춰야 이후 토지 이용·매도·신축 보존이 수월합니다. 는 부산 해운대구에 있으며 양산 지점은 없습니다. 완전 철거 여부, 일부 잔존, 대장·등기부 불일치 여부를 단정하지 않고 건축물대장과 등기사"
/업무사례/양산신축건물보존등기,690,2026,0.341,false,신축 건물·상가의 소유권보존등기는 사용승인(또는 이에 준하는 절차)과 건축물대장 기재를 바탕으로 등기부에 처음 소유자를 올리는 절차입니다. 는 부산 해운대구에 있으며 양산 지점은 없습니다. 舊건물이 등기부에 남아 있으면 멸실등기와의 순서를 먼저 맞춰야 할 수 있습니다. 공장·창고를 일반화해 ‘양산에 공장이 많다’고 단정하
/업무사례/양산개인회생법무사,615,1977,0.311,false,"양산에 거주하거나 직장이 양산인 분이 개인회생을 검색할 때는 ‘월변제금이 얼마나 될지’, ‘배우자 재산이 문제인지’, ‘급여압류를 막을 수 있는지’가 먼저입니다. 는 부산 해운대구에 있으며 양산 지점은 없습니다. 부산·경남 일대 개인회생·파산은 부산회생법원 관할로 안내하는 경우가 많지만, 개별 사건의 관할·가능 여부는 주"
/업무사례/통영상속등기법무사,1035,3003,0.345,false,"통영 죽림·무전 신도심 아파트와 도서(섬) 지역 부동산이 함께 상속되는 경우, 정작 상속인은 통영이 아니라 부산·수도권 등 육지에 거주하는 경우가 많습니다. 는 부산 해운대구에 있으며 통영에 별도 지점을 두고 있지 않지만, 상속등기는 부동산 소재지 기준 관할 특례가 적용될 수 있어 해운대 사무소에서 상담부터 신청까지 진행"
/업무사례/통영상속포기한정승인,1038,2975,0.349,false,통영에 거주하시던 부모님이 돌아가신 뒤 채무가 있는지 불확실하면 상속등기부터 서두르기보다 상속포기·한정승인 여부를 먼저 검토하는 것이 안전합니다. 상속포기·한정승인은 상속등기와 달리 관할 특례가 적용되지 않고 피상속인의 최후 주소지를 관할하는 가정법원에 신고합니다. 통영에 거주하셨다면 창원지방법원 통영지원이 관할인 경우가
/업무사례/거제상속포기법무사,1047,2963,0.353,false,"거제시에 아파트나 토지 같은 부동산이 있는데 피상속인의 채무가 정확히 확인되지 않으면, 상속등기를 서두르기보다 상속포기·한정승인 여부를 먼저 검토하는 것이 안전합니다. 조선업 관련 채무나 개인 간 보증처럼 등기부에 나타나지 않는 채무가 있을 수 있어, 재산과 채무를 함께 확인한 뒤 승인 방식을 정하는 순서가 필요합니다. "
/업무사례/경남비대면상속안내,1059,2957,0.358,false,"김해·양산·창원처럼 부산과 가까운 지역은 물론, 통영·거제처럼 거리가 있는 지역까지 경남 각지에서 상속등기를 준비할 때 가장 먼저 궁금한 점은 '방문을 몇 번이나 해야 하는가'입니다. 이 페이지는 경남법무사업무 허브처럼 지역별 업무 목록을 나열하지 않고, 방문 없이 준비할 수 있는 단계와 원본이 필요한 단계를 구분하는 데"
/업무사례/사천상속등기법무사,1230,3237,0.38,false,"사천시는 옛 사천군과 삼천포시가 1995년에 통합되면서 지금의 이름이 되었고, 지금도 '삼천포'라는 지명은 사천시 안의 한 생활권을 가리키는 이름으로 남아 있습니다. 그래서 삼천포 상속등기를 검색해도 실제로는 사천시 상속등기와 같은 관할·절차로 진행되는 경우가 많습니다. 사천 해안가 어촌 주택과 도심 아파트, 외곽 농지·"
/업무사례/고성군상속등기법무사,1122,3038,0.369,false,"'고성'이라는 지명은 대한민국에 두 곳이 있습니다. 하나는 경상남도 고성군으로 통영·거제와 인접한 남해안 지역이고, 다른 하나는 강원도 고성군으로 동해안 최북단 접경 지역입니다. 두 지역은 거리도 멀고 관할 법원·등기소도 전혀 다르기 때문에, 검색으로 고성 상속등기를 찾으신다면 어느 고성인지부터 확인하는 것이 중요합니다."
/업무사례/남해상속등기법무사,1047,2950,0.355,false,"남해군은 남해대교와 노량대교로 육지와 연결되어 있지만 부산에서는 왕복 이동에 시간이 걸리는 섬 지역입니다. 귀어·귀농으로 마련한 전원주택이나 조상 대대로 내려온 농지·임야가 상속재산에 포함되는 경우가 많고, 상속인은 남해를 떠나 부산·진주·수도권 등에 거주하는 경우가 흔합니다. 는 부산 해운대구에 있으며 남해에 별도 지점"
/업무사례/밀양상속등기법무사,1017,2736,0.372,false,"밀양시는 경상남도 동북부에 있으며 양산·창녕과 경계를 맞대고 있어, 상속재산으로 남은 필지가 밀양 안에만 있지 않고 양산이나 창녕 쪽으로 걸쳐 있거나 인접해 있는 경우가 자주 있습니다. 밀양강 유역의 농지, 산자락 임야, 시내 주택 등이 함께 상속되는 사례가 많고, 조상 대대로 내려온 필지 중 일부는 등기부상 지목과 실제"
/업무사례/하동상속등기법무사,1017,2746,0.37,false,"하동군은 섬진강을 사이에 두고 전라남도 광양과 마주하는 경상남도 서쪽 끝 지역으로, 재첩잡이나 매실·차 농사를 위한 농지와 지리산 자락의 임야가 상속재산에 함께 포함되는 경우가 많습니다. 섬진강 인근 농지는 하천법상 제한이나 실제 경작 현황이 지적도와 다른 경우가 있고, 임야는 등기부에 없는 필지나 조상 명의로 남은 필지"
/업무사례/진주상속포기한정승인,1242,3265,0.38,false,"진주에 거주하시던 부모님이 돌아가신 뒤 채무가 있는지 불확실하면 상속등기부터 서두르기보다 상속포기·한정승인 여부를 먼저 검토하는 것이 안전합니다. 진주는 경남 서부의 중심 도시로 아파트·상가와 함께 외곽 농지·임야를 함께 소유하신 경우가 많아, 부동산은 있지만 채무 여부가 불명확한 사례가 자주 있습니다. 상속포기·한정승인"
/업무사례/창녕상속등기법무사,1278,3300,0.387,false,"창녕군은 낙동강과 우포늪을 낀 넓은 평야 지대로, 인근 산청·거창처럼 산지가 많은 경남 서부 군들과는 지형 자체가 다릅니다. 우포늪 주변 농지는 습지보호구역이나 하천 인접 여부에 따라 개발·형질변경 제한이 있을 수 있어 등기부만으로 판단하지 않고 토지이용계획확인서를 함께 확인하는 경우가 많습니다. 여기에 창녕읍·영산면·부"
/업무사례/함안상속등기법무사,1260,3239,0.389,false,"함안군은 창원시 마산합포구·마산회원구와 경계를 맞대고 있어 실제로는 창원·마산 생활권에서 출퇴근하며 함안에 농지나 소규모 공장부지를 소유한 경우가 많은 지역입니다. 부모님이 함안에서 농사를 지으시다 돌아가시면 농지와 함께 임대 중인 공장부지가 상속재산에 섞여 있는 경우가 있고, 공장부지는 지목이 '공장용지'인지 농지에서 "
/업무사례/산청상속등기법무사,1287,3193,0.403,false,"산청군은 지리산 서남쪽 자락에 자리 잡고 있어 임야 비중이 높고, 조상 대대로 내려온 임야 중 상당수가 조부모나 증조부모 명의로 수십 년째 정리되지 않은 채 남아 있는 경우가 많습니다. 이런 오래된 지번은 최근 가족관계증명서만으로는 상속인 전체를 확인하기 어려워, 폐지된 호적을 기록한 제적등본을 발급받아 당시 가족관계부터"
/업무사례/함양상속등기법무사,1212,3087,0.393,false,"함양군은 함양읍을 중심 생활권으로 하면서도 서쪽으로 떨어진 안의면이 별도의 오래된 생활권을 이루고 있어, 상속재산으로 남은 필지가 함양읍과 안의 두 곳에 나뉘어 있는 경우가 자주 있습니다. 안의는 예로부터 안의현이라는 별도 행정구역이었던 역사가 있어 지금도 지번 체계나 마을 단위가 함양읍과 다르게 정리되어 있는 경우가 있"
/업무사례/거창상속등기법무사,1281,3135,0.409,false,"거창군은 경상남도 북부 내륙에 있어 부산에서 편도로도 두 시간 가까이 걸리는, 경남 안에서도 원거리에 속하는 지역입니다. 통영·거제 같은 해안 지역과 달리 섬이나 도서 이슈는 없지만, 내륙 산간지역 특유의 넓은 임야와 밭농사 필지가 상속재산에 섞여 있는 경우가 많고, 거리 때문에 왕복 방문 자체가 부담스러운 상속인이 대부"
/업무사례/합천상속등기법무사,1176,3029,0.388,false,"합천군은 합천호와 여러 저수지를 낀 지역으로, 부모님이 농사를 지으시던 필지가 저수지 주변에 넓게 흩어져 있는 경우가 많습니다. 저수지 인근 농지는 농업생산기반시설 관리 구역이나 수변구역 지정 여부에 따라 개발행위나 형질변경에 제한이 있을 수 있어, 등기부만으로는 확인이 안 되는 사항을 지적도·토지이용계획확인서로 함께 봐"
/업무사례/의령상속등기법무사,1716,3835,0.447,false,"의령군은 함안·창녕·합천 사이에 자리한 경남 중부 내륙 군으로, 남강과 낙동강 지류를 낀 농지와 의령읍·가례·부림 등 면 단위 주택이 상속재산의 중심이 되는 경우가 많습니다. 함안처럼 창원 출퇴근권 공장부지가 섞이거나 창녕처럼 우포늪 습지 이슈가 전면에 서는 경우와 달리, 의령은 전형적인 내륙 농촌·전원 필지가 여러 면에"
/업무사례/울산법무사업무,576,2179,0.264,true,"울산 중구·남구·동구·북구·울주군에서 상속등기·법인등기·유증등기를 찾으셔도, 반드시 현지에 사무소가 있어야 하는 것은 아닙니다. 는 부산 해운대구에 있으며 울산 각 구·군에 지점을 두고 있지 않습니다. 부산과 인접해 방문 상담이 편하시면 해운대 사무소로 오실 수 있고, 상속인이 타지역에 있거나 서류 정리가 우선이면 사진·"
/업무사례/울산중구상속등기법무사,513,1861,0.276,false,"울산 중구 태화·우정·성안·혁신도시 일대 아파트·주택 상속등기를 검색하셔도 해당 지역 소재 사무소만 찾을 필요는 없습니다. 는 부산 해운대구에 있으며 울산 중구에 별도 지점이 없습니다. 혁신도시 신축 아파트와 구도심 주택이 섞인 경우도 서류 목록부터 정리합니다. 부산과 가까워 방문 상담이 편하시면 해운대로 오실 수 있고,"
/업무사례/울산동구상속등기법무사,579,1907,0.304,false,울산 동구 방어·일산·전하·남목 일대 아파트·주택·토지 상속등기를 준비하시면 협의분할·취득세·필요서류를 먼저 구분하는 것이 좋습니다. 는 부산 해운대구에 있으며 울산 동구에 지점이 있는 것은 아닙니다. 남목 오래된 주택과 일산 신축 아파트가 함께 있는 경우도 일반적인 상담 유형으로 절차를 안내합니다. 부산과 인접해 방문이
/업무사례/울산북구상속등기법무사,534,1850,0.289,false,울산 북구 송정·매곡·호계·강동 일대 신축 아파트와 토지 상속등기 문의가 많습니다. 는 부산 해운대구에 있으며 울산 북구에 별도 지점이 없습니다. 송정 신축 단지와 매곡 공장 부지가 함께 상속되는 경우도 일반적인 상담 유형으로 절차·서류·비용을 구분해 안내합니다. 부산과 가까워 방문 상담이 편하시면 해운대로 오실 수 있고
/업무사례/울산삼산동상속등기,549,1902,0.289,false,울산 남구 삼산동 아파트·상가 상속등기를 준비하시면 취득세·법무사 보수·필요서류를 먼저 구분하는 것이 좋습니다. 는 부산 해운대구에 있으며 울산·삼산동에 지점이 있는 것은 아닙니다. 삼산역 인근 아파트와 상가 임대차가 섞인 경우도 일반적인 상담 유형으로 절차를 안내합니다. 부산과 가까워 방문이 편하시면 해운대 사무소로 오
/업무사례/울산달동상속등기,555,1850,0.3,false,"울산 남구 달동 아파트·주택 상속등기를 마친 뒤 매도를 계획하시면, 협의분할·취득세·등기 순서를 미리 맞추는 것이 중요합니다. 는 부산 해운대구에 있으며 울산·달동에 별도 지점이 없습니다. 달동 구축 아파트와 주차장·대지 지분이 함께 있는 경우도 일반적인 상담 유형으로 절차를 안내합니다. 부산과 인접해 방문이 편하시면 해"
/업무사례/울산옥동상속등기,555,1819,0.305,false,"울산 남구 옥동 아파트·주택 상속등기에서 공동상속인이 여러 명이면, 각 상속인별 위임·인감·가족관계 서류를 미리 정리하는 것이 중요합니다. 는 부산 해운대구에 있으며 울산·옥동에 별도 지점이 없습니다. 옥동 아파트와 남구 외곽 토지가 함께 있거나 상속인이 부산·수도권에 흩어진 경우도 일반적인 상담 유형으로 절차를 안내합니"
/업무사례/울산송정동상속등기,520,1772,0.293,false,울산 북구 송정동 신축·준신축 아파트 상속등기를 준비하시면 취득세·법무사 보수·필요서류를 먼저 구분하는 것이 좋습니다. 는 부산 해운대구에 있으며 울산·송정동에 지점이 있는 것은 아닙니다. 송정 생활권 대단지와 북구 외곽 토지가 함께 있는 경우도 일반적인 상담 유형으로 절차를 안내합니다. 부산과 가까워 방문 견적도 가능하
/업무사례/울산매곡동상속등기,570,1885,0.302,false,"울산 북구 매곡동은 아파트 단지와 공장·산업 부지가 함께 있는 생활권이라, 상속 시 주거·사업 부동산을 구분해 검토하는 것이 중요합니다. 는 부산 해운대구에 있으며 울산·매곡동에 별도 지점이 없습니다. 매곡 아파트와 인근 공장 토지·건물이 함께 상속되거나 상속인이 부산·울주에 흩어진 경우도 일반적인 상담 유형으로 절차를 "
/업무사례/울주범서상속등기,579,1878,0.308,false,울주군 범서읍 구영·천상 일대 아파트·토지·주택 상속등기를 검색하셔도 현지에 사무소가 있어야 하는 것은 아닙니다. 는 부산 해운대구에 있으며 울주군·범서에 별도 지점이 없습니다. 범서 생활권 아파트와 울주 외곽 필지가 함께 있거나 상속인이 부산·울산 시내에만 거주하는 경우도 일반적인 상담 유형으로 절차를 안내합니다. 부산
/업무사례/울주언양상속등기,561,1856,0.302,false,울주군 언양읍 주택·상가·토지 상속등기를 준비하시면 지번·지목 확인과 상속인별 서류 목록을 먼저 정리하는 것이 좋습니다. 는 부산 해운대구에 있으며 울주군·언양에 별도 지점이 없습니다. 언양 상가 임대차와 외곽 농지·임야가 함께 있는 경우도 일반적인 상담 유형으로 절차를 안내합니다. 부산과 인접해 방문이 편하시면 해운대 
/업무사례/울주삼남상속등기,567,1829,0.31,false,"울주군 삼남읍은 울산역·KTX 인근 아파트와 외곽 토지가 함께 있는 생활권이라, 상속 시 주거·토지 부동산을 구분해 검토하는 것이 좋습니다. 는 부산 해운대구에 있으며 울주군·삼남에 별도 지점이 없습니다. 삼남 아파트와 울산 시내·부산 부동산이 함께 있거나 상속인이 수도권에만 거주하는 경우도 일반적인 상담 유형으로 절차를"
/업무사례/울산상속등기비용,570,1836,0.31,false,"울산 중구·남구·동구·북구·울주군 등 여러 지역 부동산 상속등기 비용은 법무사 보수, 등기 수수료, 취득세, 국민주택채권 등으로 나뉩니다. 는 부산 해운대구에 있으며 울산에 지점이 있는 것은 아닙니다. 협의분할·법정지분·부동산 가액·상속인 수에 따라 달라지는 항목을 일반적인 상담 유형 기준으로 구분해 안내합니다. 방문·비"
/업무사례/울산상속등기필요서류,540,1787,0.302,false,"울산 전역 아파트·토지·주택 상속등기에서 필요서류는 상속인 수, 협의분할 여부, 거주지에 따라 달라집니다. 는 부산 해운대구에 있으며 울산에 별도 지점이 없습니다. 등기부등본, 가족관계·기본·혼인관계증명, 인감·위임, 협의분할 협의서 등을 일반적인 상담 유형 기준으로 구분해 안내합니다. 부산과 가까워 방문으로 원본 확인이"
/업무사례/울산아파트상속등기,582,1827,0.319,false,"울산 삼산·송정·범서 등 전역 아파트 상속등기에서 협의분할 방식, 취득세, 국민주택채권, 필요서류를 미리 구분하는 것이 중요합니다. 는 부산 해운대구에 있으며 울산에 별도 지점이 없습니다. 신축·구축 아파트, 대지·주차장 지분, 상속 후 매도 계획이 있는 경우도 일반적인 상담 유형으로 절차를 안내합니다. 부산과 인접해 방"
/업무사례/울산토지상속등기,567,1827,0.31,false,울산 동구·북구·울주군 등에 흩어진 토지·농지·임야 상속등기에서는 지번·지목·지분 확인과 필지별 협의분할이 중요합니다. 는 부산 해운대구에 있으며 울산·울주군에 별도 지점이 없습니다. 조부모·선대 명의 토지와 아파트가 함께 있거나 여러 읍·면에 필지가 나뉜 경우도 일반적인 상담 유형으로 목록표부터 작성하는 절차를 안내합니
/업무사례/울산공장상속등기,582,1850,0.315,false,"울산 매곡·온산·울주 산업단지 일대 공장·창고·토지 상속등기에서는 건물·토지 지분, 사업 관련 채무, 임대·운영 승계 여부를 함께 확인하는 것이 중요합니다. 는 부산 해운대구에 있으며 울산에 별도 지점이 없습니다. 공장 부지와 아파트·주택이 함께 상속되거나 상속인 간 사업 승계·매각을 검토하는 경우도 일반적인 상담 유형으"
/업무사례/울산유증등기법무사,561,1854,0.303,false,"울산 소재 아파트·토지·주택을 유언으로 받는 경우, 유언공정증서·수유증자 확인·등기 서류를 법정상속과 구분해 정리해야 합니다. 는 부산 해운대구에 있으며 울산에 별도 지점이 없습니다. 유증과 상속이 섞이거나 수유증자가 부산·수도권에만 거주하는 경우도 일반적인 상담 유형으로 절차를 안내합니다. 부산과 인접해 방문 상담이 편"
/업무사례/울산에서부산법인본점이전,526,1681,0.313,false,"울산 중구·남구·울주군 등 소재 법인 본점을 부산 해운대·수영 등으로 이전할 때 등기·세무·관할 등기소 변경 순서를 맞춰야 합니다. 는 부산 해운대구에 있으며 울산 지점은 없습니다. 상속·유증의 관할 특례와 달리 법인 본점이전은 법정관할을 따르며, 일반적인 상담 유형 기준으로 주주결의·정관·등기·세무 신고 포인트를 안내합"
/업무사례/부산에서울산법인본점이전,507,1668,0.304,false,부산 소재 법인 본점을 울산 중구·울주군·산업단지 등으로 이전할 때 등기소·세무서 관할 변경과 주주결의·등록면허세·결의서류 순서가 필요합니다. 는 부산 해운대구에 있으며 울산 지점은 없습니다. 법인 본점이전은 법정관할 절차이며 상속·유증 관할 특례와 다릅니다. 일반적인 상담 유형 기준으로 정관 수정·등기·세무 신고 포인트
/업무사례/부산울산공동근저당권,561,1774,0.316,false,"부산·울산 등 인접 지역에 흩어진 아파트·공장·토지를 하나의 공동근저당권으로 묶어 금융 담보를 설정하는 경우, 부동산별 등기부·순위·관할을 먼저 정리해야 합니다. 는 부산 해운대구에 있으며 울산 지점은 없습니다. 상속·유증의 관할 특례와 달리 근저당·공동담보는 등기소 법정관할과 금융 약정을 따르며, 일반적인 상담 유형 기"
/업무사례/울주군상속포기한정승인,1017,2923,0.348,false,"'울주 상속포기'를 검색하셨다면 대부분 울산광역시 울주군을 의미합니다. 울주군은 온산·언양·범서·삼남 등 여러 읍·면으로 이루어진 넓은 지역으로, 공장·농지가 섞인 토지와 함께 채무가 확인되지 않는 경우가 자주 있습니다. 온산 공단 인근 토지나 언양·범서 농지에 근저당·가압류가 걸려 있거나 개인 간 보증채무가 뒤늦게 확인"
/업무사례/대구법무사업무,588,2181,0.27,false,"대구 중·동·서·남·북구와 달성·군위 등에서 상속등기·법인등기·유증등기를 찾으셔도, 반드시 대구 현지에 사무소가 있어야 하는 것은 아닙니다. 는 부산 해운대구에 있으며 대구 각 구·군에 지점을 두고 있지 않습니다. 부산과 거리가 있어도 등기부·가족관계 서류를 사진·우편·화상으로 먼저 검토하는 비대면 상담이 가능하고, 방문"
/업무사례/대구중구상속등기법무사,498,1818,0.274,false,대구 중구 도심 아파트·상가·오피스텔 상속등기를 검색하셔도 해당 지역 소재 사무소만 찾을 필요는 없습니다. 는 부산 해운대구에 있으며 대구 중구에 별도 지점이 없습니다. 중구 역세권 상가와 구축 아파트가 함께 상속되는 경우도 서류 목록부터 정리합니다. 부산과 거리가 있어도 등기부·가족관계 서류 사진으로 비대면 개요 상담이
/업무사례/대구동구상속등기법무사,525,1773,0.296,false,대구 동구 아파트·단독주택·다가구주택 상속등기를 준비하시면 취득세·법무사 보수·필요서류를 먼저 구분하는 것이 좋습니다. 는 부산 해운대구에 있으며 대구 동구에 지점이 있는 것은 아닙니다. 동구 구축 아파트와 대지 지분이 함께 있는 경우도 일반적인 상담 유형으로 절차를 안내합니다. 부산과 거리가 있어도 등기부 사진만으로 비
/업무사례/대구서구상속등기법무사,513,1724,0.298,false,대구 서구 아파트·토지·상가 상속등기 문의가 잦은 지역입니다. 는 부산 해운대구에 있으며 대구 서구에 별도 지점이 없습니다. 서구 아파트와 달서·수성구 부동산이 함께 있거나 상속인이 수도권에 흩어진 경우도 일반적인 상담 유형으로 절차를 안내합니다. 부산과 거리가 있어도 등기부·가족관계 서류 사진으로 비대면 개요 상담이 가
/업무사례/대구남구상속등기법무사,516,1798,0.287,false,"대구 남구 아파트·주택·상가 상속등기를 준비하시면 협의분할 방식과 부동산 가액에 따라 비용·서류가 달라집니다. 는 부산 해운대구에 있으며 대구 남구에 지점이 있는 것은 아닙니다. 남구 구축 아파트와 대지 지분, 상가 임대차가 섞인 경우도 일반적인 상담 유형으로 절차를 안내합니다. 부산과 거리가 있어도 등기부 사진으로 비대"
/업무사례/대구북구상속등기법무사,507,1694,0.299,false,"대구 북구 아파트·토지·주택 상속등기 문의가 많은 지역입니다. 는 부산 해운대구에 있으며 대구 북구에 별도 지점이 없습니다. 북구 아파트와 동구·군위 부동산이 함께 있거나 상속인이 타 지역에 흩어진 경우도 일반적인 상담 유형으로 절차를 안내합니다. 부산과 거리가 있어도 등기부·협의서 사진으로 비대면 개요 상담이 가능하고,"
/업무사례/대구달성군상속등기법무사,501,1735,0.289,false,대구 달성군 성서·다사·현풍 등 토지·아파트·농지 상속등기를 검색하셔도 해당 지역 소재 사무소만 찾을 필요는 없습니다. 는 부산 해운대구에 있으며 달성군에 별도 지점이 없습니다. 달성군 여러 필지와 성서 신도시 아파트가 함께 상속되는 경우도 서류 목록부터 정리합니다. 부산과 거리가 있어도 등기부 사진으로 비대면 개요 상담
/업무사례/대구군위군상속등기법무사,521,1745,0.299,false,"군위군은 행정상 대구광역시 관할이며, 상속등기 상담도 대구 기준으로 안내합니다. 는 부산 해운대구에 있으며 군위군·대구에 별도 지점이 없습니다. 군위 농지·임야·주택이 함께 상속되거나 등기부에 없는 필지가 있는 경우도 일반적인 상담 유형으로 절차를 안내합니다. 경북 페이지에는 군위를 포함하지 않으며, 부산과 거리가 있어도"
/업무사례/대구범어동상속등기,549,1828,0.3,false,대구 범어동 생활권 아파트·상가·오피스텔 상속등기를 준비하시면 취득세·법무사 보수·필요서류를 먼저 구분하는 것이 좋습니다. 는 부산 해운대구에 있으며 대구·범어에 지점이 있는 것은 아닙니다. 범어 신축·구축 아파트와 대지 지분이 함께 있는 경우도 일반적인 상담 유형으로 절차를 안내합니다. 부산과 거리가 있어도 등기부·협의
/업무사례/대구만촌동상속등기,511,1670,0.306,false,"대구 만촌동 생활권 아파트·상가 상속등기를 검색하셔도 해당 지역 소재 사무소만 찾을 필요는 없습니다. 는 부산 해운대구에 있으며 대구·만촌에 별도 지점이 없습니다. 만촌 구축 아파트와 범어·시지 부동산이 함께 상속되는 경우도 서류 목록부터 정리합니다. 부산과 거리가 있어도 등기부 사진으로 비대면 개요 상담이 가능하고, 방"
/업무사례/대구시지상속등기,514,1656,0.31,false,대구 시지 생활권은 신축·구축 아파트가 많아 상속등기 문의가 잦습니다. 는 부산 해운대구에 있으며 대구·시지에 별도 지점이 없습니다. 시지 아파트와 범어·만촌 부동산이 함께 있거나 상속인이 타 지역에 흩어진 경우도 일반적인 상담 유형으로 절차를 안내합니다. 부산과 거리가 있어도 등기부·협의서 사진으로 비대면 개요 상담이 
/업무사례/대구월성동상속등기,528,1720,0.307,false,대구 월성동 생활권 아파트·주택 상속등기를 준비하시면 협의분할 방식과 부동산 가액에 따라 비용·서류가 달라집니다. 는 부산 해운대구에 있으며 대구·월성에 지점이 있는 것은 아닙니다. 월성 구축 아파트와 상인·성서 부동산이 함께 상속되는 경우도 일반적인 상담 유형으로 절차를 안내합니다. 부산과 거리가 있어도 등기부 사진으로
/업무사례/대구상인동상속등기,507,1706,0.297,false,대구 상인동 생활권 아파트·상가·오피스텔 상속등기를 검색하셔도 해당 지역 소재 사무소만 찾을 필요는 없습니다. 는 부산 해운대구에 있으며 대구·상인에 별도 지점이 없습니다. 상인 역세권 상가와 월성·성서 아파트가 함께 상속되는 경우도 서류 목록부터 정리합니다. 부산과 거리가 있어도 등기부·임대차 사본으로 비대면 개요 상담
/업무사례/대구성서상속등기,499,1635,0.305,false,"대구 성서 신도시 아파트·상가 상속등기 문의가 잦은 생활권입니다. 는 부산 해운대구에 있으며 대구·성서에 별도 지점이 없습니다. 성서 아파트와 달성군 토지·다사·현풍 부동산이 함께 상속되는 경우도 일반적인 상담 유형으로 절차를 안내합니다. 부산과 거리가 있어도 등기부 사진으로 비대면 개요 상담이 가능하고, 방문을 원하시면"
/업무사례/대구다사상속등기,507,1656,0.306,false,대구 다사 생활권 아파트·토지·농지 상속등기를 준비하시면 필지·지목별 취득세와 협의분할 방식을 먼저 구분하는 것이 좋습니다. 는 부산 해운대구에 있으며 대구·다사에 지점이 있는 것은 아닙니다. 다사 아파트와 성서·현풍 토지가 함께 상속되거나 상속인이 타 지역에 흩어진 경우도 일반적인 상담 유형으로 절차를 안내합니다. 부산
/업무사례/대구현풍상속등기,537,1719,0.312,false,대구 현풍 생활권 토지·농지·주택 상속등기를 검색하셔도 해당 지역 소재 사무소만 찾을 필요는 없습니다. 는 부산 해운대구에 있으며 대구·현풍에 별도 지점이 없습니다. 현풍 여러 필지와 성서·다사 아파트가 함께 상속되거나 등기부에 없는 필지가 있는 경우도 일반적인 상담 유형으로 절차를 안내합니다. 부산과 거리가 있어도 등기
/업무사례/대구상속등기비용,555,1805,0.307,true,"대구 8개 구·군에 나뉜 부동산 상속등기 비용은 법무사 보수, 등기 수수료, 취득세, 국민주택채권 등으로 나뉩니다. 는 부산 해운대구에 있으며 대구에 지점이 있는 것은 아닙니다. 협의분할·법정지분·부동산 가액·상속인 수에 따라 달라지는 항목을 일반적인 상담 유형 기준으로 구분해 안내합니다. 부산과 거리가 있어도 등기부 사"
/업무사례/대구상속등기필요서류,561,1751,0.32,false,"대구 8개 구·군 부동산 상속등기에 필요한 서류는 상속인 수·협의분할 여부·부동산 종류에 따라 달라집니다. 는 부산 해운대구에 있으며 대구에 지점이 있는 것은 아닙니다. 등기부등본, 가족관계·기본·혼인관계증명, 인감증명·위임장, 협의분할서 등 일반적인 상담 유형 기준 체크리스트를 안내합니다. 부산과 거리가 있어도 서류 사"
/업무사례/대구아파트상속등기,552,1679,0.329,false,대구 수성·달서·동·서·남·북구와 성서·다사 등 아파트 상속등기는 협의분할 방식과 가액에 따라 취득세·국민주택채권 부담이 달라집니다. 는 부산 해운대구에 있으며 대구에 지점이 있는 것은 아닙니다. 여러 구·군에 아파트가 나뉘거나 상속인이 타 지역에 있는 경우도 일반적인 상담 유형으로 절차를 안내합니다. 부산과 거리가 있어
/업무사례/대구토지상속등기,528,1708,0.309,false,대구 달성·군위 등 토지·농지·임야 상속등기는 필지 수·지목·면적에 따라 취득세와 서류가 달라집니다. 는 부산 해운대구에 있으며 대구에 지점이 있는 것은 아닙니다. 등기부에 없는 필지나 조부모 명의 토지가 섞인 경우도 일반적인 상담 유형으로 누락 방지 절차를 안내합니다. 군위는 대구 기준으로 안내하며 경북 페이지에는 포함
/업무사례/대구유증등기법무사,531,1694,0.313,false,"대구 8개 구·군 소재 부동산을 유언공정증서로 수증하는 유증등기는 상속등기와 서류·관할 검토 방식이 다릅니다. 는 부산 해운대구에 있으며 대구 지점은 없습니다. 유언장·공정증서·수증·포기·한정승인 여부를 일반적인 상담 유형 기준으로 확인합니다. 상속·유증 모두 관할 특례 검토 대상이며, 부산과 거리가 있어도 유언·등기부 "
/업무사례/대구에서부산법인본점이전,507,1647,0.308,true,"대구 소재 법인 본점을 부산 해운대·수영 등으로 이전할 때 등기·세무·관할 등기소 변경 순서를 맞춰야 합니다. 는 부산 해운대구에 있으며 대구 지점은 없습니다. 상속·유증의 관할 특례와 달리 법인 본점이전은 법정관할을 따르며, 일반적인 상담 유형 기준으로 주주결의·정관·등기·세무 신고 포인트를 안내합니다. 부산과 거리가 "
/업무사례/부산에서대구법인본점이전,530,1627,0.326,false,"부산 소재 법인 본점을 대구 중·수성·달서·성서 등으로 이전할 때 등기·세무·관할 등기소 변경을 순서대로 진행해야 합니다. 는 부산 해운대구에 있으며 대구 지점은 없습니다. 법인 본점이전은 법정관할 절차이며 상속 관할 특례와 다릅니다. 일반적인 상담 유형 기준으로 주주결의·정관 수정·등기·세무 신고를 안내하고, 부산과 가"
/업무사례/대구부산공동근저당권,570,1747,0.326,false,"대구·부산 등 거리가 있는 지역에 흩어진 아파트·공장·토지를 하나의 공동근저당권으로 묶어 금융 담보를 설정하는 경우, 부동산별 등기부·순위·관할을 먼저 정리해야 합니다. 는 부산 해운대구에 있으며 대구 지점은 없습니다. 상속·유증의 관할 특례와 달리 근저당·공동담보는 등기소 법정관할과 금융 약정을 따르며, 일반적인 상담 "
/업무사례/경북법무사업무,603,2194,0.275,false,"경북 안동·예천·김천·칠곡·포항·구미 등 22개 시·군에서 상속등기·토지·농지·임야·법인등기를 찾으셔도, 반드시 현지에 사무소가 있어야 하는 것은 아닙니다. 는 부산 해운대구에 있으며 경북 각 시·군에 지점을 두고 있지 않습니다. 부산과 거리가 있어도 등기부·가족관계 서류를 사진·우편·화상으로 먼저 검토하는 비대면 상담이"
/업무사례/안동상속등기법무사,514,1716,0.3,false,"경북 안동시 토지·농지·답·임야·주택 상속등기를 검색하셔도 해당 지역 소재 사무소만 찾을 필요는 없습니다. 는 부산 해운대구에 있으며 안동에 별도 지점이 없습니다. 안동 여러 필지와 조부모 명의 토지가 섞인 경우도 서류 목록부터 정리합니다. 부산과 거리가 있어도 등기부·가족관계 서류 사진으로 비대면 개요 상담이 가능하고,"
/업무사례/예천상속등기법무사,501,1615,0.31,false,경북 예천군 농지·답·임야·주택 상속등기를 준비하시면 필지·지목별 취득세와 협의분할 방식을 먼저 구분하는 것이 좋습니다. 는 부산 해운대구에 있으며 예천에 지점이 있는 것은 아닙니다. 예천 여러 필지와 안동·김천 부동산이 함께 상속되거나 등기부에 없는 필지가 있는 경우도 일반적인 상담 유형으로 절차를 안내합니다. 부산과 
/업무사례/김천상속등기법무사,498,1683,0.296,false,경북 김천시 아파트·토지·공장·창고 상속등기를 검색하셔도 해당 지역 소재 사무소만 찾을 필요는 없습니다. 는 부산 해운대구에 있으며 김천에 별도 지점이 없습니다. 김천 도심 아파트와 외곽 농지·공장이 함께 상속되는 경우도 서류 목록부터 정리합니다. 부산과 거리가 있어도 등기부·가족관계 서류 사진으로 비대면 개요 상담이 가
/업무사례/칠곡상속등기법무사,514,1663,0.309,false,경북 칠곡군 아파트·토지·농지·주택 상속등기를 준비하시면 협의분할 방식과 지목별 취득세를 먼저 구분하는 것이 좋습니다. 는 부산 해운대구에 있으며 칠곡에 지점이 있는 것은 아닙니다. 칠곡 신도시 아파트와 외곽 농지가 함께 있거나 상속인이 타 지역에 흩어진 경우도 일반적인 상담 유형으로 절차를 안내합니다. 부산과 거리가 있
/업무사례/경북상속등기비용,513,1738,0.295,true,"경북 22개 시·군에 나뉜 토지·농지·임야·아파트 상속등기 비용은 법무사 보수, 등기 수수료, 취득세, 국민주택채권 등으로 나뉩니다. 는 부산 해운대구에 있으며 경북에 지점이 있는 것은 아닙니다. 협의분할·법정지분·부동산 가액·상속인 수·필지 수에 따라 달라지는 항목을 일반적인 상담 유형 기준으로 구분해 안내합니다. 부산"
/업무사례/경북상속등기필요서류,585,1798,0.325,false,"경북 22개 시·군 토지·농지·임야·아파트 상속등기에 필요한 서류는 상속인 수·협의분할 여부·필지 수에 따라 달라집니다. 는 부산 해운대구에 있으며 경북에 지점이 있는 것은 아닙니다. 등기부등본, 가족관계·기본·혼인관계증명, 인감증명·위임장, 협의분할서 등 일반적인 상담 유형 기준 체크리스트를 안내합니다. 부산과 거리가 "
/업무사례/경북토지상속등기,522,1707,0.306,false,경북 22개 시·군에 흩어진 토지·답·대지 상속등기는 필지 수·지목·면적에 따라 취득세와 서류가 달라집니다. 는 부산 해운대구에 있으며 경북에 지점이 있는 것은 아닙니다. 등기부에 없는 필지나 조부모 명의 토지가 섞인 경우도 일반적인 상담 유형으로 누락 방지 절차를 안내합니다. 군위는 대구 관할이므로 경북 페이지에 포함하
/업무사례/경북농지상속등기,543,1715,0.317,false,경북 안동·예천·김천 등 농지·답·과수원 상속등기는 지목·면적·농지법 여부에 따라 취득세와 절차가 달라집니다. 는 부산 해운대구에 있으며 경북에 지점이 있는 것은 아닙니다. 여러 읍·면에 흩어진 농지와 주택·아파트가 함께 상속되는 경우도 일반적인 상담 유형으로 목록·협의·서류를 정리합니다. 부산과 거리가 있어도 등기부 사
/업무사례/경북임야상속등기,509,1656,0.307,false,경북 안동·예천·영주 등 산간 지역 임야·유임·무임 상속등기는 필지 수·지목·면적에 따라 취득세와 서류가 달라집니다. 는 부산 해운대구에 있으며 경북에 지점이 있는 것은 아닙니다. 등기부에 없는 임야나 조부모 명의 산림이 섞인 경우도 일반적인 상담 유형으로 누락 방지 절차를 안내합니다. 부산과 거리가 있어도 등기부·지적 
/업무사례/경북오래된상속등기,543,1743,0.312,false,경북에서 수십 년 전 사망·미등기 상태로 남은 토지·농지·주택 상속등기는 가족관계·등기부·지적 확인부터 다시 정리해야 합니다. 는 부산 해운대구에 있으며 경북에 지점이 있는 것은 아닙니다. 오래된 사망일·호적·가족관계 변동·다필지 누락이 섞인 경우도 일반적인 상담 유형으로 절차를 안내합니다. 부산과 거리가 있어도 등기부·
/업무사례/경북조부모명의토지상속,546,1772,0.308,false,경북 안동·예천·김천 등에서 조부모·할아버지·할머니 명의로 남은 토지·농지·임야를 상속받으려면 등기부·지적·가족관계를 먼저 맞춰야 합니다. 는 부산 해운대구에 있으며 경북에 지점이 있는 것은 아닙니다. 등기부에 없는 필지·명의 불일치·다필지 누락이 섞인 경우도 일반적인 상담 유형으로 확인 방법과 상속 순서를 안내합니다. 
/업무사례/경북법인등기법무사,558,1758,0.317,false,"경북 포항·구미·안동·김천 등 소재 법인의 설립·임원변경·목적변경·본점이전 등기는 법정관할(본점 소재 등기소)을 따릅니다. 는 부산 해운대구에 있으며 경북 지점은 없습니다. 상속·유증과 달리 관할 특례가 아닌 법정관할을 유지하며, 등기소·본점 위치에 맞는 절차를 일반적인 상담 유형 기준으로 안내합니다. 부산과 거리가 있어"
/업무사례/포항에서부산법인본점이전,531,1687,0.315,false,"포항 소재 법인 본점을 부산 해운대·수영·남포 등으로 이전할 때 등기·세무·관할 등기소 변경 순서를 맞춰야 합니다. 는 부산 해운대구에 있으며 포항·경북 지점은 없습니다. 상속·유증의 관할 특례와 달리 법인 본점이전은 법정관할을 따르며, 일반적인 상담 유형 기준으로 주주결의·정관·등기·세무 신고 포인트를 안내합니다. 부산"
/업무사례/구미에서부산법인본점이전,529,1651,0.32,false,"구미 소재 법인 본점을 부산 해운대·수영·강서 등으로 이전할 때 등기·세무·관할 등기소 변경을 순서대로 진행해야 합니다. 는 부산 해운대구에 있으며 구미·경북 지점은 없습니다. 법인 본점이전은 법정관할 절차이며 상속 관할 특례와 다릅니다. 일반적인 상담 유형 기준으로 주주결의·정관 수정·등기·세무 신고를 안내하고, 부산과"
/업무사례/대구경북공동담보등기,588,1815,0.324,false,"대구·경북 등 거리가 있는 지역에 흩어진 아파트·공장·토지·농지를 하나의 공동근저당권으로 묶어 금융 담보를 설정하는 경우, 부동산별 등기부·순위·관할을 먼저 정리해야 합니다. 는 부산 해운대구에 있으며 대구·경북 지점은 없습니다. 상속·유증의 관할 특례와 달리 근저당·공동담보는 등기소 법정관할과 금융 약정을 따르며, 일반"
/업무사례/영천상속등기법무사,1104,2738,0.403,false,"영천시는 경상북도 중부에 있는 대표적인 과수 산지로, 포도·사과 과수원과 함께 농지·주택이 상속재산에 포함되는 경우가 많습니다. 과수원은 나무(과수)가 심어진 상태 그대로 소유권이 넘어가는 경우가 많아 지목이 '과수원'으로 되어 있는지, 실제 경작 현황과 등기부·지적도가 일치하는지 확인하는 것이 중요합니다. 여러 필지에 "
/업무사례/안동오래된토지상속등기,1035,2671,0.387,false,"안동에서는 조부모 명의로 수십 년간 등기가 정리되지 않은 채 남아 있는 토지·농지가 상속 상담에 자주 등장합니다. 조부모가 사망한 시점이 오래되어 가족관계증명서만으로는 상속인 전체를 확인하기 어려운 경우가 많고, 이때는 폐지된 호적을 기록한 제적등본을 발급받아 조부모 당시의 가족관계를 먼저 확인해야 합니다. 부모님도 이미"
/업무사례/경주오래된토지상속등기,984,2544,0.387,false,"경주는 오랜 역사를 지닌 도시답게 조부모, 심지어 증조부모 명의로 몇 대에 걸쳐 정리되지 않은 채 남아 있는 토지가 상속 상담에 자주 등장합니다. 한 필지에 여러 세대의 상속인이 얽혀 있고 그중 일부는 이미 사망해 다시 상속이 이루어진 경우, 각 세대별로 가족관계증명서와 제적등본을 모두 확인해야 정확한 상속인 범위를 확정"
/업무사례/포항상속포기한정승인,1263,3175,0.398,false,"포항에 거주하시던 부모님이 돌아가신 뒤 채무가 있는지 불확실하면 상속등기부터 서두르기보다 상속포기·한정승인 여부를 먼저 검토하는 것이 안전합니다. 포항은 제철소 관련 사업체나 개인 간 보증채무가 뒤늦게 확인되는 경우가 있고, 아파트·상가 등 부동산은 있지만 채무 여부가 정확히 파악되지 않은 상태로 상담을 시작하는 경우가 "
/업무사례/문경상속등기법무사,1269,3132,0.405,false,"문경시는 문경새재 도립공원을 중심으로 관광객이 많이 찾는 지역이면서도, 실제로는 충청북도 괴산·제천과 경계를 맞대고 있어 상속인이 충북에 거주하는 경우가 드물지 않습니다. 부모님이 문경새재 인근에 전원주택을 지어 노후를 보내시다 돌아가시면, 전원주택과 함께 인근 농지·과수원이 상속재산에 포함되는 경우가 많고, 전원주택은 "
/업무사례/상주상속등기법무사,1146,2832,0.405,false,"상주시는 경상북도에서 손꼽히는 농업 도시로, 곶감으로 유명한 감나무밭을 비롯해 논·밭이 넓게 펼쳐져 있어 한 분의 상속재산이라도 필지가 십여 개 이상으로 나뉘어 있는 경우가 드물지 않습니다. 필지가 많으면 상속인이 정확한 필지 수와 위치조차 파악하지 못한 채 상담을 시작하는 경우가 많아, 등기부등본과 지방세 열람 내역을 "
/업무사례/청도상속등기법무사,1188,2926,0.406,false,"청도군은 대구광역시와 바로 맞닿아 있어 대구에 거주하며 청도에 감나무밭이나 과수원, 전원주택을 소유한 경우가 많은 지역입니다. 같은 대구 인접 지역이라도 경산은 아파트·주택 단지가 밀집한 도시형 생활권인 반면, 청도는 여전히 반시(감)와 복숭아 등 과수 농업이 중심인 농촌형 지역이라 상속재산 구성 자체가 다릅니다. 부모님"
/업무사례/울진상속등기법무사,1170,2964,0.395,false,"울진군은 경상북도 동해안 최북단에 있어 부산에서는 물론 대구에서도 이동에 오랜 시간이 걸리는 원거리 지역입니다. 어촌 마을 주택과 인근 밭, 해안 산자락 임야가 함께 상속재산에 포함되는 경우가 많고, 거리가 있는 만큼 상속인이 왕복 방문 자체를 부담스러워하는 경우가 대부분입니다. 이런 경우 등기부등본·가족관계증명서 확인과"
/업무사례/영주상속등기법무사,1212,2972,0.408,false,"'영주'라는 지명은 경상북도 영주시와 부산광역시 부산진구 영주동, 두 곳에서 모두 쓰입니다. 경북 영주시는 소백산 자락에 있는 경북 북부 도시로 인삼밭·사과 과수원 등 농지가 많고, 부산 영주동은 부산역 인근의 오래된 시가지 동입니다. 두 지역은 행정구역도, 관할 법원·등기소도 전혀 달라서 검색으로 영주 상속등기를 찾으셨"
/업무사례/의성상속등기법무사,1632,3668,0.445,false,"의성군은 경북 중북부 내륙의 대표 농업 지역으로, 특히 의성 마늘로 알려진 밭과 논·과수원이 넓게 펼쳐져 있습니다. 부모님이 평생 마늘·밭농사를 지으시다 돌아가시면 마늘밭 필지가 여러 개로 나뉘어 있고, 여기에 의성읍·안계면 인근 전원주택이나 창고·건조장이 함께 상속재산에 포함되는 경우가 많습니다. 마늘밭은 지목이 '전'"
/업무사례/영덕봉화상속등기법무사,1629,3620,0.45,false,"영덕군은 동해안 대게·어촌으로 알려진 해안 지역이고, 봉화군은 백두대간 산자락의 산간·고랭지 농업 지역입니다. 한 집안의 상속재산에 영덕 강구·축산 인근 어촌 주택과 밭, 봉화 춘양·석포 쪽 임야·밭이 함께 남아 있는 경우가 있고, 상속인은 이미 수도권이나 부산에 거주해 두 군을 각각 왕복하기 어려운 상황이 많습니다. 해"
/업무사례/청송영양상속등기법무사,1623,3610,0.45,false,"청송군은 주왕산과 함께 사과 과수원으로 널리 알려진 경북 북부 내륙 군이고, 영양군은 산간 고원 지대에서 고추·밭농사와 임야가 많은 지역입니다. 부모님이 청송에서 사과농사를, 영양 쪽에 밭이나 산지를 함께 남기신 경우 한 번의 상속 상담에서 두 군 필지를 같이 봐야 하는 일이 생깁니다. 과수원과 고원 농지는 취득세·협의분"
/업무사례/고령성주상속등기법무사,1626,3672,0.443,false,"고령군은 대가야읍을 중심으로 딸기 시설재배가 활발한 대구 서부 인접 군이고, 성주군은 참외로 유명한 농업 지역입니다. 부모님이 고령에서 딸기 하우스를, 성주에서 참외 밭을 함께 운영하시다 돌아가시면 두 군 농지와 하우스·주택이 한 상속재산에 섞이는 경우가 많습니다. 시설재배 농지는 일반 노지 농지보다 부대시설 확인이 많아"
/busan-legal-map,312,1137,0.274,true,"부산 16개 구·군별로 생활권·핵심 업무·지역 허브 페이지를 연결합니다. 는 해운대 센텀에 있으며, 부동산·법인 소재지가 다른 구여도 상담할 수 있습니다. 구 이름만 바꾼 목록이 아니라, 각 카드에서 그 지역 안내에 맞는 페이지로 이동합니다. 부산 16개 구·군별로 생활권·핵심 업무·지역 허브 페이지를 연결합니다. 는 해"
/glossary,252,551,0.457,false,"상속등기, 임원변경, 임차권등기명령처럼 업무 중에 마주치는 용어를 짧게 풀어 두었습니다. 신청·등기의 대표 안내는 각 업무 페이지에 있습니다. 상황을 먼저 고르고 싶다면 상황별 안내를 보세요. 상속등기, 임원변경, 임차권등기명령처럼 업무 중에 마주치는 용어를 짧게 풀어 두었습니다. 신청·등기의 대표 안내는 각 업무 페이지"
/강의이력,152,844,0.18,false,"확인된 기관·일정·현장 사진만 바탕으로 강의 이력을 정리합니다. 네이버 블로그 원문은 참고 링크로만 연결하며, 본문을 복제하지 않습니다. 확인된 기관·일정·현장 사진만 바탕으로 강의 이력을 정리합니다. 네이버 블로그 원문은 참고 링크로만 연결하며, 본문을 복제하지 않습니다. 확인된 강의 이력 22건을 기관·주제·대상별로 "
/강의이력/busan-citizen-library-life-law,176,916,0.192,false,"부산광역시립시민도서관에서 진행한 성인 야간 생활법률 특강입니다. 전·월세계약, 생활 속 분쟁, 디지털·형사 예방 주제를 회차로 나누어 사례 중심으로 안내했습니다. 부산광역시립시민도서관에서 진행한 성인 야간 생활법률 특강입니다. 전·월세계약, 생활 속 분쟁, 디지털·형사 예방 주제를 회차로 나누어 사례 중심으로 안내했습니다"
/강의이력/busan-self-support-jeonse-prevention,204,956,0.213,false,부산광역시 자립지원전담기관에서 자립준비청년을 대상으로 전·월세 계약과 전세사기 예방을 안내한 특강입니다. 첫 보금자리를 마련할 때 확인해야 할 계약·등기부 포인트를 중심으로 구성했습니다. 부산광역시 자립지원전담기관에서 자립준비청년을 대상으로 전·월세 계약과 전세사기 예방을 안내한 특강입니다. 첫 보금자리를 마련할 때 확인
/강의이력/busan-self-support-daily-dispute-survival,160,916,0.175,false,일상에서 자주 마주치는 분쟁 상황을 예방·대응 관점에서 정리한 특강입니다. 계약·금전·관계 이슈의 확인 포인트를 사례 중심으로 안내했습니다. 일상에서 자주 마주치는 분쟁 상황을 예방·대응 관점에서 정리한 특강입니다. 계약·금전·관계 이슈의 확인 포인트를 사례 중심으로 안내했습니다. 부산광역시 자립지원전담기관 · 2026-
/강의이력/changwon-youth-vision-center,164,908,0.181,false,창원청년비전센터에서 청년을 대상으로 진행한 생활법률 특강입니다. 주거·계약·금전·온라인 상황에서 자주 마주치는 확인 포인트를 사례 중심으로 안내했습니다. 창원청년비전센터에서 청년을 대상으로 진행한 생활법률 특강입니다. 주거·계약·금전·온라인 상황에서 자주 마주치는 확인 포인트를 사례 중심으로 안내했습니다. 창원청년비전센터
/강의이력/haeundae-youth-job-growth-cafe,211,963,0.219,false,해운대 청년채움공간(청년 JOB성장카페)과 연계해 청년의 취업·주거 상황에 맞춘 생활법률을 안내한 강의입니다. 해운대·수영·동래 청년을 대상으로 전세계약·등기부 확인과 분쟁 예방을 다루었습니다. 해운대 청년채움공간(청년 JOB성장카페)과 연계해 청년의 취업·주거 상황에 맞춘 생활법률을 안내한 강의입니다. 해운대·수영·동래
/강의이력/lh-busan-ccei-life-law,144,892,0.161,false,LH(한국토지주택공사)·부산창조경제혁신센터와 협업한 프로그램에서 청년·시민을 대상으로 생활법률 강의·상담을 진행했습니다. LH(한국토지주택공사)·부산창조경제혁신센터와 협업한 프로그램에서 청년·시민을 대상으로 생활법률 강의·상담을 진행했습니다. LH · 부산창조경제혁신센터 · 2025 · 청년·시민 현재 상황과 목표를 전화
/강의이력/youth-jeonse-prevention-series,160,900,0.178,false,청년을 대상으로 전세사기 예방 주제의 오프라인 강의를 여러 회차로 진행했습니다. 등기부등본 확인·확정일자 등 실전 체크포인트를 중심으로 구성했습니다. 청년을 대상으로 전세사기 예방 주제의 오프라인 강의를 여러 회차로 진행했습니다. 등기부등본 확인·확정일자 등 실전 체크포인트를 중심으로 구성했습니다. 부산 지역 청년·기관 
/강의이력/youth-digital-law-guide,157,885,0.177,false,온라인에서 마주치는 법적 위험을 다룬 청년 대상 디지털 법률 가이드 강의입니다. 명예훼손·모욕·개인정보·온라인 사기 예방을 사례로 안내했습니다. 온라인에서 마주치는 법적 위험을 다룬 청년 대상 디지털 법률 가이드 강의입니다. 명예훼손·모욕·개인정보·온라인 사기 예방을 사례로 안내했습니다. 부산 지역 청년·기관 대상 출강 
/강의이력/youth-mistake-crime-lecture,157,897,0.175,false,청년들이 일상에서 모르고 저지를 수 있는 형사 리스크를 사례로 짚어본 강의입니다. 온라인·일상 행동과 법적 책임의 경계를 예방 관점에서 안내했습니다. 청년들이 일상에서 모르고 저지를 수 있는 형사 리스크를 사례로 짚어본 강의입니다. 온라인·일상 행동과 법적 책임의 경계를 예방 관점에서 안내했습니다. 부산 지역 청년·기관 