URL,TYPE,TITLE,DESCRIPTION,H1,H2,PRIMARY_TOPIC,REGION,SERVICE,INTENT,INDEXABLE,CANONICAL,SITEMAP
/,core,부산 법무사 | 다옴법무사사무소 안윤정,부산 법무사 다옴법무사사무소입니다. 안윤정 법무사가 상속등기·부동산등기·법인등기·개인회생·파산 등 필요한 절차와 준비서류를 직접 상담·안내합니다.,부산 법무사 안윤정,주요 업무 | 상담 시 확인하는 내용,inheritance,부산,inheritance,commercial,true,,true
/about,core,안윤정 법무사 소개,"다옴법무사사무소 안윤정 법무사 프로필. 법무사·공인중개사·신용관리사·직업상담사, 교사 자격, 부산대 행정대학원 재학, 대한법무사협회 표창, 기획예산처·부산시·해운대구·민주평통 자문, 시민도서관·청년기관 법률 강의.",안윤정 법무사 소개,안윤정 법무사 소개 | 상담 시 확인하는 내용,brand,해운대,,commercial,true,,true
/office,core,해운대·센텀 법무사 사무소 | 다옴법무사사무소,"부산 해운대구 센텀 다옴법무사사무소. 주소·운영시간·주차·상담 방식과 방문 전 준비사항을 안내합니다. 안윤정 법무사가 직접 상담하며, 예약 후 방문해 주세요.",해운대·센텀 법무사 사무소,해운대·센텀 법무사 사무소 | 상담 시 확인하는 내용,brand,해운대,,commercial,true,,true
/services,core,부산 등기·상속·회생 업무안내 | 다옴법무사사무소,"상속등기·상속포기·한정승인, 부동산등기, 법인설립·임원변경등기, 개인회생·파산 업무별 절차·수임 범위·실무 사례 안내. 해운대·센텀 다옴법무사사무소에서 전화·카카오톡·방문(예약) 상담이 가능합니다.",부산 등기·상속·회생 업무안내,부산 등기·상속·회생 업무안내 | 상담 시 확인하는 내용,inheritance,부산,inheritance,commercial,true,,true
/blog,core,다옴법무사사무소 네이버 블로그 안내,다옴법무사사무소 공식 네이버 블로그 안내 페이지입니다. 최신 법률정보와 상담 사례는 네이버 블로그에서 확인하실 수 있습니다. 해운대·센텀 다옴법무사사무소에서 전화·카카오톡·방문(예약) 상담이 가능합니다.,다옴법무사사무소 네이버 블로그,다옴법무사사무소 네이버 블로그 | 상담 시 확인하는 내용,brand,부산,,commercial,true,,true
/reviews,core,고객후기 | 다옴법무사사무소,네이버 플레이스 방문자가 남긴 상속등기·부동산등기·법인등기·상담 후기. 해운대·센텀 다옴법무사사무소에서 전화·카카오톡·방문(예약) 상담이 가능합니다.,고객후기,고객후기 | 상담 시 확인하는 내용,brand,부산,,commercial,true,,true
/faq,core,부산 법무사 FAQ | 다옴법무사사무소,"상속등기, 부동산등기, 법인등기, 개인회생·파산 등 법무사 업무 관련 자주 묻는 질문과 답변. 해운대·센텀 다옴법무사사무소에서 전화·카카오톡·방문(예약) 상담이 가능합니다.",부산 법무사 FAQ,부산 법무사 FAQ | 상담 시 확인하는 내용,inheritance,부산,inheritance,commercial,true,,true
/공지사항,core,공지사항 | 다옴법무사사무소,"다옴법무사사무소 운영 공지, 휴무·일정 변경 등 안내사항을 확인하실 수 있습니다. 해운대·센텀 다옴법무사사무소에서 전화·카카오톡·방문(예약) 상담이 가능합니다.",공지사항,공지사항 | 상담 시 확인하는 내용,brand,,,commercial,true,,true
/media,core,언론·활동 | 다옴법무사사무소,"언론 보도, 법률 강의, 기업·공공기관 협력, 정책 자문 등 대외 활동 기록. 해운대·센텀 다옴법무사사무소에서 전화·카카오톡·방문(예약) 상담이 가능합니다.",언론·활동,언론·활동 | 상담 시 확인하는 내용,lecture,부산,,commercial,true,,true
/contact,core,상담 문의 · 해운대·센텀 | 다옴법무사사무소,전화·카카오톡·네이버 톡톡 상담 안내. 방문 예약 후 센텀 사무소에서 직접 상담 가능. 해운대·센텀 다옴법무사사무소에서 전화·카카오톡·방문(예약) 상담이 가능합니다.,상담 문의,상담 문의 | 상담 시 확인하는 내용,brand,해운대,,consult,true,,true
/location,core,오시는 길 · 센텀 | 다옴법무사사무소,"부산 해운대구 센텀동로 200 D동 1층 위치, 센텀시티역·주차·건물 안내, 네이버 예약 링크. 해운대·센텀 다옴법무사사무소에서 전화·카카오톡·방문(예약) 상담이 가능합니다.",오시는 길 · 센텀,오시는 길 · 센텀 | 상담 시 확인하는 내용,brand,센텀,,commercial,true,,true
/search-guides,core,검색의도 안내 — 추천·비용·서류·기한 | 다옴법무사사무소,부산 법무사 추천·비용·후기·등기 복대리·집단등기·개인회생·공공기관·보존등기 등 실제 검색 키워드별 상담 전 체크포인트 허브. 해운대·센텀 다옴법무사사무소에서 전화·카카오톡·방문(예약) 상담이 가능합니다.,검색의도 SEO 안내,검색의도 SEO 안내 | 상담 시 확인하는 내용,real-estate,부산,real-estate,selection,true,,true
/contact/inquiry,core,상담 문의 · 해운대·센텀 | 다옴법무사사무소,전화·카카오톡·네이버 톡톡 상담 안내. 방문 예약 후 센텀 사무소에서 직접 상담 가능. 해운대·센텀 다옴법무사사무소에서 전화·카카오톡·방문(예약) 상담이 가능합니다.,상담 문의,상담 문의 | 상담 시 확인하는 내용,brand,해운대,,consult,true,,true
/개인정보처리방침,core,개인정보처리방침 | 다옴법무사사무소,"다옴법무사사무소 개인정보처리방침. 문의·상담 시 수집 항목, 이용 목적, 보유 기간, 제3자 제공, 파기, 정보주체 권리를 안내합니다. 해운대·센텀 다옴법무사사무소에서 전화·카카오톡·방문(예약) 상담이 가능합니다.",개인정보처리방침,개인정보처리방침 | 상담 시 확인하는 내용,brand,부산,,commercial,true,,true
/이용약관,core,이용약관 | 다옴법무사사무소,"다옴법무사사무소 웹사이트 이용약관. 법률정보 일반 안내의 범위, 상담 한계, 지적재산권, 책임의 제한을 안내합니다. 해운대·센텀 다옴법무사사무소에서 전화·카카오톡·방문(예약) 상담이 가능합니다.",이용약관,이용약관 | 상담 시 확인하는 내용,brand,부산,,commercial,true,,true
/자가진단,diagnosis,부산 업무별 자가진단 모음 | 상속·… | 다옴법무사사무소,상속등기·상속포기·법인등기·부동산등기·개인회생·전세보증금 등 18종 업무별 자가진단. 부산·해운대·센텀 법무사 상담 전 절차·서류·기한을 확인하세요.,부산 법무사 업무별 자가진단,자가진단 결과 안내 | 업무별 자가진단 기본 개념 | 기간·기한·과태료 주의사항,diagnosis,부산,,consult,true,,true
/상속등기자가진단,diagnosis,부모님 사망 후 집 명의변경·상속등기… | 다옴법무사사무소,"부산 상속등기 필요서류·기간·비용을 자가진단으로 확인하세요. 부모님 사망 후 아파트 명의변경, 공동상속인 협의, 3개월 기한·과태료 여부를 점검합니다.",부산 상속등기 자가진단 — 부모님 사망 후 집 명의변경·필요서류·기간,자가진단 결과 안내 | 상속등기 기본 개념 | 기간·기한·과태료 주의사항 | 부산에서 많이 발생하는 상담 유형,inheritance,부산,inheritance-registration,cost,true,,true
/상속포기자가진단,diagnosis,상속포기 3개월·빚 상속포기 자가진단 | 다옴법무사사무소,"상속포기 3개월 기한·필요서류·절차를 자가진단으로 확인하세요. 부산에서 빚만 남은 상속, 채무 초과 시 상속포기 가능성을 서류 기준으로 검토합니다.",부산 상속포기 자가진단 — 3개월 기한·빚·필요서류,자가진단 결과 안내 | 상속포기 기본 개념 | 기간·기한·과태료 주의사항 | 부산에서 많이 발생하는 상담 유형,inheritance,부산,inheritance-renunciation,documents,true,,true
/한정승인자가진단,diagnosis,한정승인 절차·상속채무 자가진단 | … | 다옴법무사사무소,"한정승인 절차와 상속채무 처리 방향을 자가진단으로 점검하세요. 상속포기와 한정승인 차이, 부산 가정법원 제출 서류·3개월 기한을 안내합…",부산 한정승인 자가진단 — 상속채무·절차·상속포기와의 차이,자가진단 결과 안내 | 한정승인 기본 개념 | 기간·기한·과태료 주의사항 | 부산에서 많이 발생하는 상담 유형,inheritance,부산,qualified-acceptance,commercial,true,,true
/법인등기자가진단,diagnosis,법인 변경등기·대표 변경·본점이전 |… | 다옴법무사사무소,"부산 법인등기 자가진단으로 대표 변경 등기, 임원·본점이전·정관변경 필요 여부를 점검하세요. 변경등기 과태료·2주 기한을 함께 확인합니…",부산 법인등기 자가진단 — 법인 변경등기·대표 변경·본점이전,자가진단 결과 안내 | 법인등기 기본 개념 | 기간·기한·과태료 주의사항 | 부산에서 많이 발생하는 상담 유형,corporate,부산,corporate-registration,commercial,true,,true
/법인설립자가진단,diagnosis,법인설립등기 자가진단 | 부산 주식회… | 다옴법무사사무소,부산 법인설립등기 절차·정관·자본금·임원·사무실 주소를 자가진단으로 점검하세요. 센텀·해운대 창업 법인 설립 서류를 안내합니다. 해운대·센텀 다옴법무사사무소에서 전화·카카오톡·방문(예약) 상담이 가능합니다.,부산 법인설립등기 자가진단 — 정관·자본금·임원,자가진단 결과 안내 | 법인설립등기 기본 개념 | 기간·기한·과태료 주의사항 | 부산에서 많이 발생하는 상담 유형,corporate,부산,company-establishment,commercial,true,,true
/임원변경등기자가진단,diagnosis,임원변경등기 과태료·대표이사 변경등기… | 다옴법무사사무소,임원변경등기 과태료를 피하려면 취임일로부터 2주 이내 등기가 중요합니다. 대표이사 변경등기·임기만료 임원 정리 자가진단으로 기한을 점검…,부산 임원변경등기 자가진단 — 대표이사 변경·2주 기한·과태료,자가진단 결과 안내 | 임원변경등기 기본 개념 | 기간·기한·과태료 주의사항 | 부산에서 많이 발생하는 상담 유형,corporate,부산,director-change,commercial,true,,true
/부동산등기자가진단,diagnosis,잔금 후 등기·부산 부동산등기 자가진… | 다옴법무사사무소,"잔금 후 등기 일정, 부산 부동산등기 필요서류, 근저당 말소 순서를 자가진단으로 점검하세요. 소유권이전등기 서류·가압류 여부를 함께 확인합니다.",부산 부동산등기 자가진단 — 잔금 후 등기·근저당 말소·서류,자가진단 결과 안내 | 부동산등기 기본 개념 | 기간·기한·과태료 주의사항 | 부산에서 많이 발생하는 상담 유형,real-estate,부산,real-estate-registration,documents,true,,true
/소유권이전등기자가진단,diagnosis,소유권이전등기 서류·비용 자가진단 |… | 다옴법무사사무소,소유권이전등기 필요서류와 비용 요인을 자가진단으로 확인하세요. 부산 아파트·상가 매매·증여 등기 절차를 안내합니다. 해운대·센텀 다옴법무사사무소에서 전화·카카오톡·방문(예약) 상담이 가능합니다.,부산 소유권이전등기 자가진단 — 서류·비용·절차,자가진단 결과 안내 | 소유권이전등기 기본 개념 | 기간·기한·과태료 주의사항 | 부산에서 많이 발생하는 상담 유형,real-estate,부산,ownership-transfer,cost,true,,true
/개인회생자가진단,diagnosis,개인회생 가능성·급여압류 자가진단 |… | 다옴법무사사무소,"개인회생 가능성, 급여압류·카드값 연체 상황을 자가진단으로 점검하세요. 부산 개인회생 법무사 상담 전 준비서류·채무 규모를 정리합니다. 해운대·센텀 다옴법무사사무소에서 전화·카카오톡·방문(예약) 상담이 가능합니다.",부산 개인회생 자가진단 — 가능성·급여압류·카드 연체,자가진단 결과 안내 | 개인회생 기본 개념 | 기간·기한·과태료 주의사항 | 부산에서 많이 발생하는 상담 유형,insolvency,부산,personal-rehabilitation,commercial,true,,true
/개인파산자가진단,diagnosis,개인파산 면책·신청 자격 자가진단 |… | 다옴법무사사무소,개인파산 면책 가능성과 신청 자격을 자가진단으로 점검하세요. 소득 없는 채무자·장기 연체자의 부산 개인파산 절차를 안내합니다. 해운대·센텀 다옴법무사사무소에서 전화·카카오톡·방문(예약) 상담이 가능합니다.,부산 개인파산 자가진단 — 면책·신청 자격·소득 없는 채무자,자가진단 결과 안내 | 개인파산 기본 개념 | 기간·기한·과태료 주의사항 | 부산에서 많이 발생하는 상담 유형,insolvency,부산,bankruptcy,commercial,true,,true
/전세보증금자가진단,diagnosis,전세보증금 반환·집주인 연락두절 자가… | 다옴법무사사무소,전세보증금 반환이 안 될 때 임차권등기명령·내용증명·소송 순서를 자가진단으로 점검하세요. 집주인 연락두절·보증금 못받음 상황을 안내합니…,부산 전세보증금 자가진단 — 반환·연락두절·임차권등기명령,자가진단 결과 안내 | 전세보증금반환 기본 개념 | 기간·기한·과태료 주의사항 | 부산에서 많이 발생하는 상담 유형,real-estate,부산,real-estate,commercial,true,,true
/임차권등기명령자가진단,diagnosis,임차권등기명령 자가진단 | 전세보증금 보호·부산 | 다옴법무사사무소,임차권등기명령 요건과 신청 시기를 자가진단으로 확인하세요. 전세보증금 보호를 위한 부산 임차인 절차를 안내합니다. 해운대·센텀 다옴법무사사무소에서 전화·카카오톡·방문(예약) 상담이 가능합니다.,부산 임차권등기명령 자가진단 — 요건·시기·보증금 보호,자가진단 결과 안내 | 임차권등기명령 기본 개념 | 기간·기한·과태료 주의사항 | 부산에서 많이 발생하는 상담 유형,real-estate,부산,real-estate,commercial,true,,true
/지급명령자가진단,diagnosis,돈 못 받았을 때 지급명령 자가진단 … | 다옴법무사사무소,돈 못 받았을 때 지급명령 신청 가능성을 자가진단으로 점검하세요. 차용증·계약서·상대방 주소 등 서류 요건을 안내합니다. 해운대·센텀 다옴법무사사무소에서 전화·카카오톡·방문(예약) 상담이 가능합니다.,부산 지급명령 자가진단 — 돈 못 받았을 때·차용증·신청 요건,자가진단 결과 안내 | 지급명령 기본 개념 | 기간·기한·과태료 주의사항 | 부산에서 많이 발생하는 상담 유형,civil-debt,부산,,commercial,true,,true
/내용증명자가진단,diagnosis,내용증명 자가진단 | 계약 해지·채무 독촉·부산 | 다옴법무사사무소,내용증명 발송이 필요한 상황인지 자가진단으로 점검하세요. 계약 해지 통보·채무 독촉·의사표시 절차를 안내합니다. 해운대·센텀 다옴법무사사무소에서 전화·카카오톡·방문(예약) 상담이 가능합니다.,부산 내용증명 자가진단 — 계약 해지·독촉·의사표시,자가진단 결과 안내 | 내용증명 기본 개념 | 기간·기한·과태료 주의사항 | 부산에서 많이 발생하는 상담 유형,civil-debt,부산,,commercial,true,,true
/공탁자가진단,diagnosis,공탁 자가진단 | 부산 채권·보증금 공탁 | 다옴법무사사무소,채권·보증금·임대차 보증금 공탁 절차를 자가진단으로 점검하세요. 부산 법원 공탁 필요서류·관할을 안내합니다. 해운대·센텀 다옴법무사사무소에서 전화·카카오톡·방문(예약) 상담이 가능합니다.,부산 공탁 자가진단 — 채권·보증금 공탁 절차,자가진단 결과 안내 | 공탁 기본 개념 | 기간·기한·과태료 주의사항 | 부산에서 많이 발생하는 상담 유형,tenancy,부산,,commercial,true,,true
/성년후견자가진단,diagnosis,성년후견 자가진단 | 부산 가정법원·의사·재산관리 | 다옴법무사사무소,성년후견·한정후견 절차와 가정법원 신청 요건을 자가진단으로 점검하세요. 부산 성년후견 상담 전 준비사항을 안내합니다. 해운대·센텀 다옴법무사사무소에서 전화·카카오톡·방문(예약) 상담이 가능합니다.,부산 성년후견 자가진단 — 가정법원·감정·재산관리,자가진단 결과 안내 | 성년후견 기본 개념 | 기간·기한·과태료 주의사항 | 부산에서 많이 발생하는 상담 유형,status,부산,,commercial,true,,true
/특별대리인자가진단,diagnosis,특별대리인 자가진단 | 부산 가정법원·이혼·상속 | 다옴법무사사무소,특별대리인 선임 절차와 가정법원 신청 요건을 자가진단으로 점검하세요. 이혼·상속·친권 사건 관련 안내. 해운대·센텀 다옴법무사사무소에서 전화·카카오톡·방문(예약) 상담이 가능합니다.,부산 특별대리인 자가진단 — 가정법원 선임,자가진단 결과 안내 | 특별대리인 기본 개념 | 기간·기한·과태료 주의사항 | 부산에서 많이 발생하는 상담 유형,status,부산,,commercial,true,,true
/선박등기자가진단,diagnosis,선박등기 자가진단 | 부산 항만·어선·요트 | 다옴법무사사무소,선박등기·변경·말소 절차를 자가진단으로 점검하세요. 부산·영도·북항 선박 소유권·저당 등기를 안내합니다. 해운대·센텀 다옴법무사사무소에서 전화·카카오톡·방문(예약) 상담이 가능합니다.,부산 선박등기 자가진단 — 소유권·저당·말소,자가진단 결과 안내 | 선박등기 기본 개념 | 기간·기한·과태료 주의사항 | 부산에서 많이 발생하는 상담 유형,real-estate,부산,real-estate,commercial,true,,true
/부산상속등기,local,부산 상속등기 법무사｜상속인 구성에 따라 달라지는 서류와 진행 순서,상속부동산 명의이전등기에 필요한 서류·협의서·관할 등기소 순서를 안내합니다. 포기·한정승인이 필요한지는 먼저 확인한 뒤 등기를 진행할 수 있습니다.,"부산 상속등기 법무사, 명의이전 서류와 진행 순서",비용 안내 | 관할·접근 안내 | 법무사 의견,inheritance,부산,inheritance-registration,documents,true,,true
/부산상속포기,local,부산 상속포기 법무사｜3개월 기한과 후순위 상속 효과를 먼저 확인,상속채무가 재산보다 많거나 상속을 받지 않기로 한 때 검토하는 상속포기 신고를 안내합니다. 3개월 기한과 후순위 상속인에게 넘어가는 효과를 확인할 수 있습니다.,"부산 상속포기 법무사, 기한과 후순위부터 확인하세요",비용 안내 | 관할·접근 안내 | 법무사 의견,inheritance,부산,inheritance-renunciation,commercial,true,,true
/부산한정승인,local,부산 한정승인 법무사｜상속채무가 걱정될 때 3개월 안에 확인할 절차,"상속재산보다 채무가 많거나 채무 규모를 알기 어려울 때 검토하는 한정승인 절차를 안내합니다. 신청기한, 상속재산 처분 여부, 준비서류와 이후 절차를 확인할 수 있습니다.","부산 한정승인 법무사, 상속채무가 불확실할 때 먼저 볼 기준",비용 안내 | 관할·접근 안내 | 법무사 의견,inheritance,부산,qualified-acceptance,commercial,true,,true
/부산법인설립등기,local,부산 법인설립 법무사｜정관·임원·자본금부터 맞추는 설립등기,주식회사·유한회사 설립등기에 필요한 정관·임원·자본금·본점 요건을 안내합니다. 설립 후 사업자등록·계좌 일정까지 연결해 확인할 수 있습…,"부산 법인설립 법무사, 정관과 설립총회부터 정리",비용 안내 | 관할·접근 안내 | 법무사 의견,corporate,부산,company-establishment,commercial,true,,true
/부산임원변경등기,local,부산 임원변경등기｜대표이사·이사 임기와 과태료 확인사항,대표이사·이사 취임·중임·사임·주소변경등기와 임기 만료 과태료 위험을 안내합니다. 등기사항증명서와 정관 기준으로 기한을 확인할 수 있습…,"부산 임원변경등기, 대표이사 임기와 과태료부터 확인",이런 경우 필요한 등기입니다 | 비용이 달라지는 요소 | 법무사 상담이 필요한 경우 | 관할·접근 안내 | 법무사 의견,corporate,부산,director-change,informational,true,,true
/부산부동산등기,local,부산 부동산등기 법무사｜잔금·말소·소유권이전 순서를 맞추려면,아파트·상가 매매·증여 등 부동산등기에서 잔금일·근저당 말소·소유권이전 순서를 안내합니다. 관할 등기소와 준비서류를 확인할 수 있습니다. 해운대·센텀 다옴법무사사무소에서 전화·카카오톡·방문(예약) 상담이 가능합니다.,"부산 부동산등기 법무사, 매매·증여 이전 순서 정리",이런 상황이라면 — 잔금·대출·등기 | 신축 소유권보존등기 | 공공기관 부동산등기·촉탁등기 | 비용 안내 | 관할·접근 안내 | 법무사 의견,real-estate,부산,real-estate-registration,commercial,true,,true
/부산법인등기,local,부산 법인등기 법무사｜임원·본점·사업목적 변경을 놓치지 않으려면,법인설립뿐 아니라 임원·본점·목적·자본금·해산까지 기업이 반복적으로 해야 하는 등기를 안내합니다. 기한·과태료·준비서류를 등기사항증명서 기준으로 확인할 수 있습니다.,"부산 법인등기 법무사, 설립부터 임원·본점 변경까지",공공기관 법인등기 | 비용 안내 | 관할·접근 안내 | 법무사 의견,corporate,부산,corporate-registration,commercial,true,,true
/부산소유권이전등기,local,부산 소유권이전등기｜매매·증여·상속 원인별,부산 소유권이전등기 절차·서류·비용. 매매·증여·상속 원인별 아파트 소유권이전등기 안내. 근저당 말소 순서 — 해운대 다옴법무사. 해운대·센텀 다옴법무사사무소에서 전화·카카오톡·방문(예약) 상담이 가능합니다.,부산 소유권이전등기 — 매매·증여·상속 원인별 안내,이런 상황이라면 — 잔금·대출·등기 | 이런 경우 필요한 등기입니다 | 비용이 달라지는 요소 | 법무사 상담이 필요한 경우 | 관할·접근 안내 | 법무사 의견,inheritance,부산,ownership-transfer,informational,true,,true
/부산개인회생,local,부산 개인회생 안내 | 다옴법무사사무소,"부산 개인회생 실무 안내 — 다옴법무사사무소 안윤정 법무사. 사상구, 엄궁동, 북구, 해운대구, 반여동, 재송동 일대 상담·서류·등기 대리. 전화·카카오톡 상담 가능.",부산 개인회생 법무사 상담,회생·파산 중 어디부터 볼지 | 개인회생 신청 전 먼저 확인할 사항 | 개인회생 준비서류 | 비용은 무엇에 따라 달라질까? | 소득이 일정하지 않은 경우 | 재산이 있는 경우 | 배우자에게 알리지 않고 진행 가능한지 궁금한 경우 | 주식·코인 손실채무가 있는 경우 | 급여압류가 진행 중인 경우 | 법원 보정이 나오는 경우 | 개인회생 진행 Timeline | 비용 안내 | 관할·접근 안내 | 법무사 의견 | 회생·파산 관련 검색의도 안내 | 개인회생·파산 검색의도 더 보기,insolvency,부산,personal-rehabilitation,consult,true,,true
/부산파산,local,부산파산 안내 | 다옴법무사사무소,"부산 개인파산 실무 안내 — 다옴법무사사무소 안윤정 법무사. 동래구, 금정구, 해운대구, 반여동, 재송동, 센텀 일대 상담·서류·등기 대리. 전화·카카오톡 상담 가능.",부산 개인파산 법무사 상담,개인파산 페이지의 역할 | 비용 안내 | 관할·접근 안내 | 법무사 의견,insolvency,부산,bankruptcy,consult,true,,true
/해운대구상속등기,local,해운대구 상속등기 안내 | 다옴법무사사무소,"해운대구 상속등기 실무 안내 — 다옴법무사사무소 안윤정 법무사. 센텀, 재송동, 반여동, 우동, 좌동 일대 상담·서류·등기 대리. 전화·카카오톡 상담 가능.",해운대구 상속등기 법무사 상담,비용 안내 | 관할·접근 안내 | 법무사 의견,inheritance,해운대,inheritance-registration,consult,true,,true
/해운대구상속포기,local,해운대구 상속포기 안내 | 다옴법무사사무소,"해운대구 상속포기 실무 안내 — 다옴법무사사무소 안윤정 법무사. 좌동, 반여동, 센텀, 재송동, 우동 일대 상담·서류·등기 대리. 전화·카카오톡 상담 가능.",해운대구 상속포기 법무사 상담,비용 안내 | 관할·접근 안내 | 법무사 의견,inheritance,해운대,inheritance-renunciation,consult,true,,true
/해운대구한정승인,local,해운대구 한정승인 안내 | 다옴법무사사무소,"해운대구 한정승인 실무 안내 — 다옴법무사사무소 안윤정 법무사. 센텀, 우동, 재송동, 반여동, 좌동 일대 상담·서류·등기 대리. 전화·카카오톡 상담 가능.",해운대구 한정승인 법무사 상담,비용 안내 | 관할·접근 안내 | 법무사 의견 | 상담 시 확인하는 내용,inheritance,해운대,qualified-acceptance,consult,true,,true
/해운대구법인등기,local,해운대구 법인등기 안내 | 다옴법무사사무소,"해운대구 법인등기 실무 안내 — 다옴법무사사무소 안윤정 법무사. 센텀, 재송동, 반여동, 우동, 좌동 일대 상담·서류·등기 대리. 전화·카카오톡 상담 가능.",해운대구 법인등기 법무사 상담,비용 안내 | 관할·접근 안내 | 법무사 의견 | 상담 시 확인하는 내용,corporate,해운대,corporate-registration,consult,true,,true
/해운대구부동산등기,local,해운대구 부동산등기 안내 | 다옴법무사사무소,"해운대구 부동산등기 실무 안내 — 다옴법무사사무소 안윤정 법무사. 마린시티, 우동, 센텀, 재송동, 반여동, 좌동 일대 상담·서류·등기 대리. 전화·카카오톡 상담 가능.",해운대구 부동산등기 법무사 상담,비용 안내 | 관할·접근 안내 | 법무사 의견 | 상담 시 확인하는 내용,real-estate,해운대,real-estate-registration,consult,true,,true
/연제구상속등기,local,연제구 상속등기 안내 | 다옴법무사사무소,"연제구 상속등기 실무 안내 — 다옴법무사사무소 안윤정 법무사. 연산동, 거제동 일대 상담·서류·등기 대리. 전화·카카오톡 상담 가능. 해운대·센텀 다옴법무사사무소에서 전화·카카오톡·방문(예약) 상담이 가능합니다.",연제구 상속등기 법무사 상담,비용 안내 | 관할·접근 안내 | 법무사 의견,inheritance,연제,inheritance-registration,consult,true,,true
/연제구상속포기,local,연제구 상속포기 안내 | 다옴법무사사무소,"연제구 상속포기 실무 안내 — 다옴법무사사무소 안윤정 법무사. 연산동, 거제동 일대 상담·서류·등기 대리. 전화·카카오톡 상담 가능. 해운대·센텀 다옴법무사사무소에서 전화·카카오톡·방문(예약) 상담이 가능합니다.",연제구 상속포기 법무사 상담,비용 안내 | 관할·접근 안내 | 법무사 의견 | 상담 시 확인하는 내용,inheritance,연제,inheritance-renunciation,consult,true,,true
/연제구법인등기,local,연제구 법인등기 안내 | 다옴법무사사무소,"연제구 법인등기 실무 안내 — 다옴법무사사무소 안윤정 법무사. 연산동, 거제동 일대 상담·서류·등기 대리. 전화·카카오톡 상담 가능. 해운대·센텀 다옴법무사사무소에서 전화·카카오톡·방문(예약) 상담이 가능합니다.",연제구 법인등기 법무사 상담,비용 안내 | 관할·접근 안내 | 법무사 의견 | 상담 시 확인하는 내용,corporate,연제,corporate-registration,consult,true,,true
/연제구임원변경등기,local,연제구 임원변경등기 안내 | 다옴법무사사무소,"연제구 임원변경등기 실무 안내 — 다옴법무사사무소 안윤정 법무사. 거제동, 연산동 일대 상담·서류·등기 대리. 전화·카카오톡 상담 가능. 해운대·센텀 다옴법무사사무소에서 전화·카카오톡·방문(예약) 상담이 가능합니다.",연제구 임원변경등기 법무사 상담,비용 안내 | 관할·접근 안내 | 법무사 의견 | 상담 시 확인하는 내용,corporate,연제,director-change,consult,true,,true
/수영구상속등기,local,수영구 상속등기 안내 | 다옴법무사사무소,"수영구 상속등기 실무 안내 — 다옴법무사사무소 안윤정 법무사. 광안동, 민락동, 망미동 일대 상담·서류·등기 대리. 전화·카카오톡 상담…",수영구 상속등기 법무사 상담,비용 안내 | 관할·접근 안내 | 법무사 의견,inheritance,수영,inheritance-registration,consult,true,,true
/수영구부동산등기,local,수영구 부동산등기 안내 | 다옴법무사사무소,"수영구 부동산등기 실무 안내 — 다옴법무사사무소 안윤정 법무사. 광안동, 망미동, 민락동 일대 상담·서류·등기 대리. 전화·카카오톡 상담 가능.",수영구 부동산등기 법무사 상담,비용 안내 | 관할·접근 안내 | 법무사 의견 | 상담 시 확인하는 내용,real-estate,수영,real-estate-registration,consult,true,,true
/수영구법인등기,local,수영구 법인등기 안내 | 다옴법무사사무소,"수영구 법인등기 실무 안내 — 다옴법무사사무소 안윤정 법무사. 민락동, 광안동, 망미동 일대 상담·서류·등기 대리. 전화·카카오톡 상담…",수영구 법인등기 법무사 상담,비용 안내 | 관할·접근 안내 | 법무사 의견 | 상담 시 확인하는 내용,corporate,수영,corporate-registration,consult,true,,true
/수영구개인회생,local,수영구 개인회생 안내 | 다옴법무사사무소,"수영구 개인회생 실무 안내 — 다옴법무사사무소 안윤정 법무사. 광안동, 민락동, 망미동 일대 상담·서류·등기 대리. 전화·카카오톡 상담…",수영구 개인회생 법무사 상담,비용 안내 | 관할·접근 안내 | 법무사 의견 | 상담 시 확인하는 내용,insolvency,수영,personal-rehabilitation,consult,true,,true
/동래구상속등기,local,동래구 상속등기 안내 | 다옴법무사사무소,"동래구 상속등기 실무 안내 — 다옴법무사사무소 안윤정 법무사. 온천동, 사직동, 명륜동 일대 상담·서류·등기 대리. 전화·카카오톡 상담…",동래구 상속등기 법무사 상담,비용 안내 | 관할·접근 안내 | 법무사 의견,inheritance,동래,inheritance-registration,consult,true,,true
/동래구법인등기,local,동래구 법인등기 안내 | 다옴법무사사무소,"동래구 법인등기 실무 안내 — 다옴법무사사무소 안윤정 법무사. 명륜동, 온천동, 사직동 일대 상담·서류·등기 대리. 전화·카카오톡 상담…",동래구 법인등기 법무사 상담,비용 안내 | 관할·접근 안내 | 법무사 의견 | 상담 시 확인하는 내용,corporate,동래,corporate-registration,consult,true,,true
/동래구한정승인,local,동래구 한정승인 안내 | 다옴법무사사무소,"동래구 한정승인 실무 안내 — 다옴법무사사무소 안윤정 법무사. 사직동, 온천동, 명륜동 일대 상담·서류·등기 대리. 전화·카카오톡 상담…",동래구 한정승인 법무사 상담,비용 안내 | 관할·접근 안내 | 법무사 의견 | 상담 시 확인하는 내용,inheritance,동래,qualified-acceptance,consult,true,,true
/동래구임원변경등기,local,동래구 임원변경등기 안내 | 다옴법무사사무소,"동래구 임원변경등기 실무 안내 — 다옴법무사사무소 안윤정 법무사. 온천동, 사직동, 명륜동 일대 상담·서류·등기 대리. 전화·카카오톡 상담 가능.",동래구 임원변경등기 법무사 상담,비용 안내 | 관할·접근 안내 | 법무사 의견 | 상담 시 확인하는 내용,corporate,동래,director-change,consult,true,,true
/기장군상속등기,local,기장군 상속등기 안내 | 다옴법무사사무소,"기장군 상속등기 실무 안내 — 다옴법무사사무소 안윤정 법무사. 기장읍, 정관읍, 일광읍 일대 상담·서류·등기 대리. 전화·카카오톡 상담…",기장군 상속등기 법무사 상담,비용 안내 | 관할·접근 안내 | 법무사 의견,inheritance,기장,inheritance-registration,consult,true,,true
/기장군상속포기,local,기장군 상속포기 안내 | 다옴법무사사무소,"기장군 상속포기 실무 안내 — 다옴법무사사무소 안윤정 법무사. 기장읍, 정관읍, 일광읍 일대 상담·서류·등기 대리. 전화·카카오톡 상담…",기장군 상속포기 법무사 상담,비용 안내 | 관할·접근 안내 | 법무사 의견,inheritance,기장,inheritance-renunciation,consult,true,,true
/기장군한정승인,local,기장군 한정승인 안내 | 다옴법무사사무소,"기장군 한정승인 실무 안내 — 다옴법무사사무소 안윤정 법무사. 기장읍, 정관읍, 일광읍 일대 상담·서류·등기 대리. 전화·카카오톡 상담…",기장군 한정승인 법무사 상담,비용 안내 | 관할·접근 안내 | 법무사 의견 | 상담 시 확인하는 내용,inheritance,기장,qualified-acceptance,consult,true,,true
/기장군법인등기,local,기장군 법인등기 안내 | 다옴법무사사무소,"기장군 법인등기 실무 안내 — 다옴법무사사무소 안윤정 법무사. 정관읍, 일광읍, 기장읍 일대 상담·서류·등기 대리. 전화·카카오톡 상담…",기장군 법인등기 법무사 상담,비용 안내 | 관할·접근 안내 | 법무사 의견 | 상담 시 확인하는 내용,corporate,기장,corporate-registration,consult,true,,true
/기장군부동산등기,local,기장군 부동산등기 안내 | 다옴법무사사무소,"기장군 부동산등기 실무 안내 — 다옴법무사사무소 안윤정 법무사. 기장읍, 정관읍, 일광읍 일대 상담·서류·등기 대리. 전화·카카오톡 상담 가능.",기장군 부동산등기 법무사 상담,비용 안내 | 관할·접근 안내 | 법무사 의견 | 상담 시 확인하는 내용,real-estate,기장,real-estate-registration,consult,true,,true
/북구상속등기,local,북구 상속등기 안내 | 다옴법무사사무소,"북구 상속등기 실무 안내 — 다옴법무사사무소 안윤정 법무사. 덕천동, 구포동, 화명동 일대 상담·서류·등기 대리. 전화·카카오톡 상담…",북구 상속등기 법무사 상담,비용 안내 | 관할·접근 안내 | 법무사 의견,inheritance,북구,inheritance-registration,consult,true,,true
/북구부동산등기,local,북구 부동산등기 안내 | 다옴법무사사무소,"북구 부동산등기 실무 안내 — 다옴법무사사무소 안윤정 법무사. 화명동, 덕천동, 구포동 일대 상담·서류·등기 대리. 전화·카카오톡 상담…",북구 부동산등기 법무사 상담,비용 안내 | 관할·접근 안내 | 법무사 의견 | 상담 시 확인하는 내용,real-estate,북구,real-estate-registration,consult,true,,true
/북구개인회생,local,북구 개인회생 안내 | 다옴법무사사무소,"북구 개인회생 실무 안내 — 다옴법무사사무소 안윤정 법무사. 덕천동, 구포동, 화명동 일대 상담·서류·등기 대리. 전화·카카오톡 상담…",북구 개인회생 법무사 상담,비용 안내 | 관할·접근 안내 | 법무사 의견 | 상담 시 확인하는 내용,insolvency,북구,personal-rehabilitation,consult,true,,true
/북구상속포기,local,북구 상속포기 안내 | 다옴법무사사무소,"북구 상속포기 실무 안내 — 다옴법무사사무소 안윤정 법무사. 구포동, 덕천동, 화명동 일대 상담·서류·등기 대리. 전화·카카오톡 상담…",북구 상속포기 법무사 상담,비용 안내 | 관할·접근 안내 | 법무사 의견 | 상담 시 확인하는 내용,inheritance,북구,inheritance-renunciation,consult,true,,true
/사상구상속등기,local,사상구 상속등기 안내 | 다옴법무사사무소,"사상구 상속등기 실무 안내 — 다옴법무사사무소 안윤정 법무사. 엄궁동, 감전동, 주례동 일대 상담·서류·등기 대리. 전화·카카오톡 상담…",사상구 상속등기 법무사 상담,비용 안내 | 관할·접근 안내 | 법무사 의견,inheritance,사상,inheritance-registration,consult,true,,true
/사상구부동산등기,local,사상구 부동산등기 안내 | 다옴법무사사무소,"사상구 부동산등기 실무 안내 — 다옴법무사사무소 안윤정 법무사. 주례동, 엄궁동, 감전동 일대 상담·서류·등기 대리. 전화·카카오톡 상담 가능.",사상구 부동산등기 법무사 상담,비용 안내 | 관할·접근 안내 | 법무사 의견 | 상담 시 확인하는 내용,real-estate,사상,real-estate-registration,consult,true,,true
/사상구상속포기,local,사상구 상속포기 안내 | 다옴법무사사무소,"사상구 상속포기 실무 안내 — 다옴법무사사무소 안윤정 법무사. 감전동, 엄궁동, 주례동 일대 상담·서류·등기 대리. 전화·카카오톡 상담…",사상구 상속포기 법무사 상담,비용 안내 | 관할·접근 안내 | 법무사 의견,inheritance,사상,inheritance-renunciation,consult,true,,true
/사상구개인회생,local,사상구 개인회생 안내 | 다옴법무사사무소,"사상구 개인회생 실무 안내 — 다옴법무사사무소 안윤정 법무사. 엄궁동, 주례동, 감전동 일대 상담·서류·등기 대리. 전화·카카오톡 상담…",사상구 개인회생 법무사 상담,비용 안내 | 관할·접근 안내 | 법무사 의견 | 상담 시 확인하는 내용,insolvency,사상,personal-rehabilitation,consult,true,,true
/금정구상속등기,local,금정구 상속등기 안내 | 다옴법무사사무소,"금정구 상속등기 실무 안내 — 다옴법무사사무소 안윤정 법무사. 부곡동, 서동, 금사동 일대 상담·서류·등기 대리. 전화·카카오톡 상담…",금정구 상속등기 법무사 상담,비용 안내 | 관할·접근 안내 | 법무사 의견,inheritance,금정,inheritance-registration,consult,true,,true
/금정구한정승인,local,금정구 한정승인 안내 | 다옴법무사사무소,"금정구 한정승인 실무 안내 — 다옴법무사사무소 안윤정 법무사. 금사동, 부곡동, 서동 일대 상담·서류·등기 대리. 전화·카카오톡 상담…",금정구 한정승인 법무사 상담,비용 안내 | 관할·접근 안내 | 법무사 의견 | 상담 시 확인하는 내용,inheritance,금정,qualified-acceptance,consult,true,,true
/금정구부동산등기,local,금정구 부동산등기 안내 | 다옴법무사사무소,"금정구 부동산등기 실무 안내 — 다옴법무사사무소 안윤정 법무사. 서동, 부곡동, 금사동 일대 상담·서류·등기 대리. 전화·카카오톡 상담…",금정구 부동산등기 법무사 상담,비용 안내 | 관할·접근 안내 | 법무사 의견 | 상담 시 확인하는 내용,real-estate,금정,real-estate-registration,consult,true,,true
/센텀법인설립등기,local,센텀 법인설립등기 안내 | 다옴법무사사무소,"센텀 법인설립등기 실무 안내 — 다옴법무사사무소 안윤정 법무사. 센텀시티, 재송동, 우동 일대 상담·서류·등기 대리. 전화·카카오톡 상담 가능.",센텀 법인설립등기 법무사 상담,비용 안내 | 관할·접근 안내 | 법무사 의견 | 상담 시 확인하는 내용,corporate,센텀,company-establishment,consult,true,,true
/센텀임원변경등기,local,센텀 임원변경등기 안내 | 다옴법무사사무소,"센텀 임원변경등기 실무 안내 — 다옴법무사사무소 안윤정 법무사. 센텀시티, 우동, 재송동 일대 상담·서류·등기 대리. 전화·카카오톡 상담 가능.",센텀 임원변경등기 법무사 상담,비용 안내 | 관할·접근 안내 | 법무사 의견 | 상담 시 확인하는 내용,corporate,센텀,director-change,consult,true,,true
/센텀부동산등기,local,센텀 부동산등기 안내 | 다옴법무사사무소,"센텀 부동산등기 실무 안내 — 다옴법무사사무소 안윤정 법무사. 센텀시티, 마린시티, 재송동, 우동 일대 상담·서류·등기 대리. 전화·카카오톡 상담 가능.",센텀 부동산등기 법무사 상담,비용 안내 | 관할·접근 안내 | 법무사 의견 | 상담 시 확인하는 내용,real-estate,센텀,real-estate-registration,consult,true,,true
/해운대구법인설립등기,local,해운대구 법인설립등기 안내 | 다옴법무사사무소,"해운대구 법인설립등기 실무 안내 — 다옴법무사사무소 안윤정 법무사. 센텀, 재송동, 반여동, 우동, 좌동 일대 상담·서류·등기 대리. 전화·카카오톡 상담 가능.",해운대구 법인설립등기 법무사 상담,비용 안내 | 관할·접근 안내 | 법무사 의견 | 상담 시 확인하는 내용,corporate,해운대,company-establishment,consult,true,,true
/해운대구임원변경등기,local,해운대구 임원변경등기 안내 | 다옴법무사사무소,"해운대구 임원변경등기 실무 안내 — 다옴법무사사무소 안윤정 법무사. 센텀, 우동, 재송동, 반여동, 좌동 일대 상담·서류·등기 대리. 전화·카카오톡 상담 가능.",해운대구 임원변경등기 법무사 상담,비용 안내 | 관할·접근 안내 | 법무사 의견 | 상담 시 확인하는 내용,corporate,해운대,director-change,consult,true,,true
/연제구부동산등기,local,연제구 부동산등기 안내 | 다옴법무사사무소,"연제구 부동산등기 실무 안내 — 다옴법무사사무소 안윤정 법무사. 연산동, 거제동 일대 상담·서류·등기 대리. 전화·카카오톡 상담 가능. 해운대·센텀 다옴법무사사무소에서 전화·카카오톡·방문(예약) 상담이 가능합니다.",연제구 부동산등기 법무사 상담,비용 안내 | 관할·접근 안내 | 법무사 의견 | 상담 시 확인하는 내용,real-estate,연제,real-estate-registration,consult,true,,true
/연제구한정승인,local,연제구 한정승인 안내 | 다옴법무사사무소,"연제구 한정승인 실무 안내 — 다옴법무사사무소 안윤정 법무사. 연산동, 거제동 일대 상담·서류·등기 대리. 전화·카카오톡 상담 가능. 해운대·센텀 다옴법무사사무소에서 전화·카카오톡·방문(예약) 상담이 가능합니다.",연제구 한정승인 법무사 상담,비용 안내 | 관할·접근 안내 | 법무사 의견 | 상담 시 확인하는 내용,inheritance,연제,qualified-acceptance,consult,true,,true
/수영구상속포기,local,수영구 상속포기 안내 | 다옴법무사사무소,"수영구 상속포기 실무 안내 — 다옴법무사사무소 안윤정 법무사. 광안동, 민락동, 망미동 일대 상담·서류·등기 대리. 전화·카카오톡 상담…",수영구 상속포기 법무사 상담,비용 안내 | 관할·접근 안내 | 법무사 의견,inheritance,수영,inheritance-renunciation,consult,true,,true
/동래구부동산등기,local,동래구 부동산등기 안내 | 다옴법무사사무소,"동래구 부동산등기 실무 안내 — 다옴법무사사무소 안윤정 법무사. 온천동, 사직동, 명륜동 일대 상담·서류·등기 대리. 전화·카카오톡 상담 가능.",동래구 부동산등기 법무사 상담,비용 안내 | 관할·접근 안내 | 법무사 의견 | 상담 시 확인하는 내용,real-estate,동래,real-estate-registration,consult,true,,true
/사하구부동산등기,local,사하구 부동산등기 안내 | 다옴법무사사무소,"사하구 부동산등기 실무 안내 — 다옴법무사사무소 안윤정 법무사. 하단동, 괴정동, 다대동, 당리동 일대 상담·서류·등기 대리. 전화·카카오톡 상담 가능.",사하구 부동산등기 법무사 상담,비용 안내 | 관할·접근 안내 | 법무사 의견,real-estate,사하,real-estate-registration,consult,true,,true
/서구부동산등기,local,서구 부동산등기 안내 | 다옴법무사사무소,"서구 부동산등기 실무 안내 — 다옴법무사사무소 안윤정 법무사. 충무동, 동대신동, 암남동, 아미동 일대 상담·서류·등기 대리. 전화·카카오톡 상담 가능.",서구 부동산등기 법무사 상담,비용 안내 | 관할·접근 안내 | 법무사 의견,real-estate,서구,real-estate-registration,consult,true,,true
/영도구부동산등기,local,영도구 부동산등기 안내 | 다옴법무사사무소,"영도구 부동산등기 실무 안내 — 다옴법무사사무소 안윤정 법무사. 남항동, 동삼동, 봉래동 일대 상담·서류·등기 대리. 전화·카카오톡 상담 가능.",영도구 부동산등기 법무사 상담,비용 안내 | 관할·접근 안내 | 법무사 의견 | 상담 시 확인하는 내용,real-estate,영도,real-estate-registration,consult,true,,true
/부산법무사,local,부산에서 법무사 찾을 때 확인할 업무·비용·상담 기준 | 다옴법무사사무소,"부산에서 법무사를 찾을 때 확인할 업무 범위, 비용 항목, 관할·기한, 상담 전 준비사항을 정리합니다. 다옴법무사사무소 안윤정 법무사가 안내합니다.",부산에서 법무사를 찾을 때 먼저 확인할 기준,부산 법무사 추천을 검색했다면 먼저 확인할 기준 | 비용 안내 | 관할·접근 안내 | 법무사 의견,local,부산,inheritance-registration,consult,true,,true
/해운대법무사,local,해운대 법무사 안내 | 다옴법무사사무소,"해운대(센텀, 우동, 재송동, 반여동, 좌동) 법무사 — 상속등기·법인등기·부동산등기·개인회생. 다옴법무사사무소 안윤정 법무사. 전화·카카오톡·네이버 예약.",해운대 법무사 상담 — 다옴법무사사무소,해운대 동·생활권에서 찾는 경우 | 비용 안내 | 관할·접근 안내 | 법무사 의견 | 이 지역의 도시철도·전철에서 찾는 경우 | 해운대역 생활권에서 필요한 등기 절차 | 동백역 인근 해운대 주거·상가 등기,real-estate,해운대,inheritance-registration,selection,true,,true
/센텀법무사,local,센텀 법무사 안내 | 다옴법무사사무소,"센텀(센텀시티, 재송동, 벡스코, 우동) 법무사 — 상속등기·법인등기·부동산등기·개인회생. 다옴법무사사무소 안윤정 법무사. 전화·카카오톡·네이버 예약.",센텀 법무사 상담 — 다옴법무사사무소,센텀 동·생활권에서 찾는 경우 | 비용 안내 | 관할·접근 안내 | 법무사 의견 | 이 지역의 도시철도·전철에서 찾는 경우 | 센텀시티역에서 법인·등기 상담을 준비하는 경우 | 벡스코역 인근에서 법인·상담 일정을 잡을 때,corporate,센텀,corporate-registration,selection,true,,true
/재송동법무사,local,재송동 법무사 안내 | 다옴법무사사무소,"재송동(재송동, 센텀시티, 센텀) 법무사 — 상속등기·법인등기·부동산등기·개인회생. 다옴법무사사무소 안윤정 법무사. 전화·카카오톡·네이버 예약.",재송동 법무사 상담 — 다옴법무사사무소,재송동 동·생활권에서 찾는 경우 | 비용 안내 | 관할·접근 안내 | 법무사 의견 | 이 지역의 도시철도·전철에서 찾는 경우 | 재송역 생활권에서 서류·상담을 준비하는 경우,inheritance,재송,inheritance-registration,selection,true,,true
/반여동법무사,local,반여동 법무사 안내 | 다옴법무사사무소,반여동 법무사 — 반여·반송 아파트 상속·매매등기. 석대·회동 검색도 이 생활권 안내에서 연결합니다. 해운대 센텀에서 전화·카카오톡·예약 상담합니다.,반여동 법무사 상담 — 다옴법무사사무소,반여동 동·생활권에서 찾는 경우 | 비용 안내 | 관할·접근 안내 | 법무사 의견,local,,inheritance-registration,selection,true,,true
/수영구법무사,local,수영구 법무사 안내 | 다옴법무사사무소,수영구 법무사 — 광안동·민락동·남천동·망미동 전세·매매·상속등기. 광안리 해안 생활권도 이 구 안내에서 연결합니다. 해운대 센텀에서 전화·카카오톡·예약 상담합니다.,수영구 법무사 상담 — 다옴법무사사무소,수영구 동·생활권에서 찾는 경우 | 비용 안내 | 관할·접근 안내 | 법무사 의견 | 이 지역의 도시철도·전철에서 찾는 경우 | 수영역에서 부동산·상속 절차를 확인할 때,local,수영,real-estate-registration,selection,true,,true
/연제구법무사,local,연제구 법무사 안내 | 다옴법무사사무소,연제구 법무사 — 연산동·거제동 상속등기·법인등기·부동산등기. 등기국·법원 인근 사건도 센텀에서 상담합니다. 해운대 센텀에서 전화·카카오톡·예약 상담합니다.,연제구 법무사 상담 — 다옴법무사사무소,연제구 동·생활권에서 찾는 경우 | 비용 안내 | 관할·접근 안내 | 법무사 의견 | 이 지역의 도시철도·전철에서 찾는 경우 | 시청역 인근에서 연제구 업무를 확인할 때,local,연제,inheritance-registration,selection,true,,true
/동래구법무사,local,동래구 법무사 안내 | 다옴법무사사무소,동래구 법무사 — 사직동·온천동·명륜동 상속등기·재건축 명의. 안락·명장·수안 검색도 이 구 안내에서 연결합니다. 해운대 센텀에서 전화·카카오톡·예약 상담합니다.,동래구 법무사 상담 — 다옴법무사사무소,동래구 동·생활권에서 찾는 경우 | 비용 안내 | 관할·접근 안내 | 법무사 의견 | 이 지역의 도시철도·전철에서 찾는 경우 | 미남역에서 동래·연제 접근 업무를 볼 때,local,동래,inheritance-registration,selection,true,,true
/부산진구법무사,local,부산진구 법무사 안내 | 다옴법무사사무소,부산진구 법무사 — 서면·부전동·전포동 상가·오피스 등기. 양정·연지·개금 검색도 이 구 안내에서 연결합니다. 해운대 센텀에서 전화·카카오톡·예약 상담합니다.,부산진구 법무사 상담 — 다옴법무사사무소,부산진구 동·생활권에서 찾는 경우 | 비용 안내 | 관할·접근 안내 | 법무사 의견 | 이 지역의 도시철도·전철에서 찾는 경우 | 부전역 인근에서 부산진구 등기를 볼 때,local,부산,real-estate-registration,selection,true,,true
/남구법무사,local,남구 법무사 안내 | 다옴법무사사무소,남구 법무사 — 대연동·용호동·문현동 아파트·법인등기. 우암·감만·용당 검색도 이 구 안내에서 연결합니다. 해운대 센텀에서 전화·카카오톡·예약 상담합니다.,남구 법무사 상담 — 다옴법무사사무소,남구 동·생활권에서 찾는 경우 | 비용 안내 | 관할·접근 안내 | 법무사 의견,local,남구,corporate-registration,selection,true,,true
/금정구법무사,local,금정구 법무사 안내 | 다옴법무사사무소,금정구 법무사 — 부곡동·구서동·장전동 상속·한정승인. 부산대 원룸·서동 검색도 이 구 안내에서 연결합니다. 해운대 센텀에서 전화·카카오톡·예약 상담합니다.,금정구 법무사 상담 — 다옴법무사사무소,금정구 동·생활권에서 찾는 경우 | 비용 안내 | 관할·접근 안내 | 법무사 의견,local,금정,inheritance-registration,selection,true,,true
/북구법무사,local,북구 법무사 안내 | 다옴법무사사무소,북구 법무사 — 덕천동·화명동·구포동 상속·매매·개인회생. 만덕·금곡 검색도 이 구 안내에서 연결합니다. 해운대 센텀에서 전화·카카오톡·예약 상담합니다.,북구 법무사 상담 — 다옴법무사사무소,북구 동·생활권에서 찾는 경우 | 비용 안내 | 관할·접근 안내 | 법무사 의견,local,북구,personal-rehabilitation,selection,true,,true
/기장군법무사,local,기장군 법무사 안내 | 다옴법무사사무소,기장군 법무사 — 기장읍·정관·일광 토지·주택 상속등기. 철마·장안·오시리아 검색도 이 군 안내에서 연결합니다. 해운대 센텀에서 전화·카카오톡·예약 상담합니다.,기장군 법무사 상담 — 다옴법무사사무소,기장군 동·생활권에서 찾는 경우 | 비용 안내 | 관할·접근 안내 | 법무사 의견,inheritance,기장,inheritance-registration,selection,true,,true
/사상구법무사,local,사상구 법무사 안내 | 다옴법무사사무소,사상구 법무사 — 괘법동·엄궁동·주례동 상가·공장 등기. 감전·학장·모라 검색도 이 구 안내에서 연결합니다. 해운대 센텀에서 전화·카카오톡·예약 상담합니다.,사상구 법무사 상담 — 다옴법무사사무소,사상구 동·생활권에서 찾는 경우 | 비용 안내 | 관할·접근 안내 | 법무사 의견,real-estate,사상,inheritance-registration,selection,true,,true
/사하구법무사,local,사하구 법무사 안내 | 다옴법무사사무소,사하구 법무사 — 하단동·괴정동·다대동 아파트 상속·매매. 당리·신평·장림 검색도 이 구 안내에서 연결합니다. 해운대 센텀에서 전화·카카오톡·예약 상담합니다.,사하구 법무사 상담 — 다옴법무사사무소,사하구 동·생활권에서 찾는 경우 | 비용 안내 | 관할·접근 안내 | 법무사 의견,local,사하,inheritance-registration,selection,true,,true
/중구법무사,local,중구 법무사 안내 | 다옴법무사사무소,중구 법무사 — 남포동·중앙동·보수동 원도심 상가·상속등기. 광복·창선·부평 검색도 이 구 안내에서 연결합니다. 해운대 센텀에서 전화·카카오톡·예약 상담합니다.,중구 법무사 상담 — 다옴법무사사무소,중구 동·생활권에서 찾는 경우 | 비용 안내 | 관할·접근 안내 | 법무사 의견 | 이 지역의 도시철도·전철에서 찾는 경우 | 남포역 인근에서 중구 등기 업무를 확인할 때 | 자갈치역 인근 상가·주택 등기 확인 | 중앙역 인근 중구 업무 확인,local,중구,real-estate-registration,selection,true,,true
/서구법무사,local,서구 법무사 안내 | 다옴법무사사무소,서구 법무사 — 충무동·동대신동·아미동 주택·상가 상속등기. 송도·암남·토성 검색도 이 구 안내에서 연결합니다. 해운대 센텀에서 전화·카카오톡·예약 상담합니다.,서구 법무사 상담 — 다옴법무사사무소,서구 동·생활권에서 찾는 경우 | 비용 안내 | 관할·접근 안내 | 법무사 의견,local,서구,inheritance-registration,selection,true,,true
/영도구법무사,local,영도구 법무사 안내 | 다옴법무사사무소,영도구 법무사 — 동삼동·봉래동·남항동 상속·법인등기. 영선·청학·신선 검색도 이 구 안내에서 연결합니다. 해운대 센텀에서 전화·카카오톡·예약 상담합니다.,영도구 법무사 상담 — 다옴법무사사무소,영도구 동·생활권에서 찾는 경우 | 비용 안내 | 관할·접근 안내 | 법무사 의견,local,영도,corporate-registration,selection,true,,true
/강서구법무사,local,강서구 법무사 안내 | 다옴법무사사무소,강서구 법무사 — 명지·에코델타 법인설립·신축등기. 가락·녹산·대저 검색도 이 구 안내에서 연결합니다. 해운대 센텀에서 전화·카카오톡·예약 상담합니다.,강서구 법무사 상담 — 다옴법무사사무소,강서구 동·생활권에서 찾는 경우 | 비용 안내 | 관할·접근 안내 | 법무사 의견,local,강서,company-establishment,selection,true,,true
/동구법무사,local,동구 법무사 안내 | 다옴법무사사무소,동구 법무사 — 초량동·범일동·수정동 상속·상가등기. 부산역 역세권 검색도 이 구 안내에서 연결합니다. 해운대 센텀에서 전화·카카오톡·예약 상담합니다.,동구 법무사 상담 — 다옴법무사사무소,동구 동·생활권에서 찾는 경우 | 비용 안내 | 관할·접근 안내 | 법무사 의견,local,동구,real-estate-registration,selection,true,,true
/부산법무사비용,cost,부산 법무사 비용은 어떻게 정해질까｜보수·세금·공과금을 구분해서 확인하세요,"부산 법무사 비용·수수료는 보수와 세금·공과금이 다릅니다. 같은 업무라도 달라지는 이유, 전화 안내와 서류 확인 후 확정의 차이, 견적 전 준비자료를 안내합니다.",부산 법무사 비용은 어떻게 정해질까,견적을 받을 때 알려 주시면 좋은 정보 | 전화 안내와 서류 확인 후 확정의 차이 | 수임료·보수·세금·공과금의 차이 | 비용 안내 | 관할·접근 안내 | 법무사 의견,cost,부산,inheritance-registration,cost,true,,true
/부산법무사보수표,cost,부산 법무사 보수표 안내 | 다옴법무사사무소,부산 부산 법무사 보수표 — 법무사 수임료·등기 수수료·세금 항목별 안내. 다옴법무사사무소 안윤정 법무사. 센텀 상담 가능. 해운대·센텀 다옴법무사사무소에서 전화·카카오톡·방문(예약) 상담이 가능합니다.,부산 법무사 보수표 안내 — 부산 다옴법무사사무소,견적을 받을 때 알려 주시면 좋은 정보 | 전화 안내와 서류 확인 후 확정의 차이 | 수임료·보수·세금·공과금의 차이 | 비용 안내 | 관할·접근 안내 | 법무사 의견,cost,부산,inheritance-registration,cost,true,,true
/상속등기비용,cost,상속등기 비용 안내 | 다옴법무사사무소,"부산 상속등기 비용 — 법무사 수임료·등기 수수료·세금 항목별 안내. 다옴법무사사무소 안윤정 법무사. 해운대구, 연제구 상담 가능. 해운대·센텀 다옴법무사사무소에서 전화·카카오톡·방문(예약) 상담이 가능합니다.",상속등기 비용 안내 — 부산 다옴법무사사무소,비용 안내 | 관할·접근 안내 | 법무사 의견 | 상담 시 확인하는 내용,inheritance,부산,inheritance-registration,cost,true,,true
/상속포기비용,cost,상속포기 비용 안내 | 다옴법무사사무소,"부산 상속포기 비용 — 법무사 수임료·등기 수수료·세금 항목별 안내. 다옴법무사사무소 안윤정 법무사. 동래구, 북구 상담 가능. 해운대·센텀 다옴법무사사무소에서 전화·카카오톡·방문(예약) 상담이 가능합니다.",상속포기 비용 안내 — 부산 다옴법무사사무소,비용 안내 | 관할·접근 안내 | 법무사 의견 | 상담 시 확인하는 내용,inheritance,부산,inheritance-renunciation,cost,true,,true
/한정승인비용,cost,한정승인 비용 안내 | 다옴법무사사무소,"부산 한정승인 비용 — 법무사 수임료·등기 수수료·세금 항목별 안내. 다옴법무사사무소 안윤정 법무사. 금정구, 연제구 상담 가능. 해운대·센텀 다옴법무사사무소에서 전화·카카오톡·방문(예약) 상담이 가능합니다.",한정승인 비용 안내 — 부산 다옴법무사사무소,비용 안내 | 관할·접근 안내 | 법무사 의견 | 상담 시 확인하는 내용,inheritance,부산,qualified-acceptance,cost,true,,true
/법인설립등기비용,cost,법인설립등기 비용 안내 | 다옴법무사사무소,부산 법인설립등기 비용 — 법무사 수임료·등기 수수료·세금 항목별 안내. 다옴법무사사무소 안윤정 법무사. 센텀시티 상담 가능. 해운대·센텀 다옴법무사사무소에서 전화·카카오톡·방문(예약) 상담이 가능합니다.,법인설립등기 비용 안내 — 부산 다옴법무사사무소,비용 안내 | 관할·접근 안내 | 법무사 의견 | 상담 시 확인하는 내용,corporate,부산,company-establishment,cost,true,,true
/임원변경등기과태료,cost,임원변경등기 과태료 안내 | 다옴법무사사무소,"부산 임원변경등기 과태료 — 법무사 수임료·등기 수수료·세금 항목별 안내. 다옴법무사사무소 안윤정 법무사. 센텀, 연제구 상담 가능. 해운대·센텀 다옴법무사사무소에서 전화·카카오톡·방문(예약) 상담이 가능합니다.",임원변경등기 과태료 안내 — 부산 다옴법무사사무소,비용 안내 | 관할·접근 안내 | 법무사 의견 | 상담 시 확인하는 내용,corporate,부산,director-change,commercial,true,,true
/소유권이전등기서류,cost,소유권이전등기 서류 안내 | 다옴법무사사무소,"부산 소유권이전등기 서류 — 법무사 수임료·등기 수수료·세금 항목별 안내. 다옴법무사사무소 안윤정 법무사. 부산진구, 해운대구 상담 가…",소유권이전등기 서류 안내 — 부산 다옴법무사사무소,비용 안내 | 관할·접근 안내 | 법무사 의견 | 상담 시 확인하는 내용,real-estate,부산,ownership-transfer,documents,true,,true
/상속등기필요서류,cost,상속등기 필요서류 안내 | 다옴법무사사무소,"부산 상속등기 필요서류 — 법무사 수임료·등기 수수료·세금 항목별 안내. 다옴법무사사무소 안윤정 법무사. 수영구, 동래구 상담 가능. 해운대·센텀 다옴법무사사무소에서 전화·카카오톡·방문(예약) 상담이 가능합니다.",상속등기 필요서류 안내 — 부산 다옴법무사사무소,비용 안내 | 관할·접근 안내 | 법무사 의견 | 상담 시 확인하는 내용,inheritance,부산,inheritance-registration,documents,true,,true
/상속등기기간,cost,상속등기 기간 안내 | 다옴법무사사무소,"부산 상속등기 기간 — 법무사 수임료·등기 수수료·세금 항목별 안내. 다옴법무사사무소 안윤정 법무사. 해운대구, 기장군 상담 가능. 해운대·센텀 다옴법무사사무소에서 전화·카카오톡·방문(예약) 상담이 가능합니다.",상속등기 기간 안내 — 부산 다옴법무사사무소,비용 안내 | 관할·접근 안내 | 법무사 의견 | 상담 시 확인하는 내용,inheritance,부산,inheritance-registration,commercial,true,,true
/부산지방법원법무사,court,부산지방법원 법무사 안내 | 다옴법무사사무소,"부산지방법원 관할·접수 절차·준비서류 — 부산 다옴법무사사무소. 센텀, 해운대구 상담. 공식 기관이 아닌 법무사 실무 안내. 해운대·센텀 다옴법무사사무소에서 전화·카카오톡·방문(예약) 상담이 가능합니다.",부산지방법원 — 접수 절차·서류 안내,비용 안내 | 관할·접근 안내 | 법무사 의견,inheritance,부산,inheritance-registration,documents,true,,true
/부산지방법원등기국,court,부산지방법원 등기국 부동산등기 안내 | 다옴법무사사무소,"부산지방법원 등기국 관할·접수 절차·준비서류 — 부산 다옴법무사사무소. 연제구, 동래구 상담. 공식 기관이 아닌 법무사 실무 안내. 해운대·센텀 다옴법무사사무소에서 전화·카카오톡·방문(예약) 상담이 가능합니다.",부산지방법원 등기국 — 접수 절차·서류 안내,등기업무 자체를 맡길 법무사를 찾는다면 | 비용 안내 | 관할·접근 안내 | 법무사 의견,real-estate,부산,real-estate-registration,documents,true,,true
/부산지방법원동부지원법무사,court,부산지방법원동부지원 법무사 안내 | 다옴법무사사무소,"부산지방법원 동부지원 관할·접수 절차·준비서류 — 부산 다옴법무사사무소. 센텀, 재송동 상담. 공식 기관이 아닌 법무사 실무 안내. 해운대·센텀 다옴법무사사무소에서 전화·카카오톡·방문(예약) 상담이 가능합니다.",부산지방법원 동부지원 — 접수 절차·서류 안내,비용 안내 | 관할·접근 안내 | 법무사 의견 | 상담 시 확인하는 내용,insolvency,부산,personal-rehabilitation,documents,true,,true
/부산지방법원동부지원등기과,court,부산지방법원 동부지원 등기과 법인등기 안내 | 다옴법무사사무소,부산지방법원 동부지원 등기과 관할·접수 절차·준비서류 — 부산 다옴법무사사무소. 센텀시티 상담. 공식 기관이 아닌 법무사 실무 안내. 해운대·센텀 다옴법무사사무소에서 전화·카카오톡·방문(예약) 상담이 가능합니다.,부산지방법원 동부지원 등기과 — 접수 절차·서류 안내,등기업무 자체를 맡길 법무사를 찾는다면 | 비용 안내 | 관할·접근 안내 | 법무사 의견 | 상담 시 확인하는 내용,corporate,부산,corporate-registration,documents,true,,true
/부산회생법원법무사,court,부산회생법원 법무사 안내 | 다옴법무사사무소,"부산회생법원 관할·접수 절차·준비서류 — 부산 다옴법무사사무소. 사상구, 북구 상담. 공식 기관이 아닌 법무사 실무 안내. 해운대·센텀 다옴법무사사무소에서 전화·카카오톡·방문(예약) 상담이 가능합니다.",부산회생법원 — 접수 절차·서류 안내,비용 안내 | 관할·접근 안내 | 법무사 의견 | 상담 시 확인하는 내용,insolvency,부산,personal-rehabilitation,documents,true,,true
/부산가정법원상속,court,부산가정법원 상속포기 안내 | 다옴법무사사무소,"부산가정법원 관할·접수 절차·준비서류 — 부산 다옴법무사사무소. 연제구, 동래구 상담. 공식 기관이 아닌 법무사 실무 안내. 해운대·센텀 다옴법무사사무소에서 전화·카카오톡·방문(예약) 상담이 가능합니다.",부산가정법원 — 접수 절차·서류 안내,비용 안내 | 관할·접근 안내 | 법무사 의견 | 상담 시 확인하는 내용,inheritance,부산,inheritance-renunciation,documents,true,,true
/남부산등기소법무사,court,남부산등기소 법무사 안내 | 다옴법무사사무소,"남부산등기소 관할·접수 절차·준비서류 — 부산 다옴법무사사무소. 대연동, 문현동 상담. 공식 기관이 아닌 법무사 실무 안내. 해운대·센텀 다옴법무사사무소에서 전화·카카오톡·방문(예약) 상담이 가능합니다.",남부산등기소 — 접수 절차·서류 안내,등기업무 자체를 맡길 법무사를 찾는다면 | 비용 안내 | 관할·접근 안내 | 법무사 의견 | 상담 시 확인하는 내용,real-estate,부산,ownership-transfer,documents,true,,true
/북부산등기소법무사,court,북부산등기소 법무사 안내 | 다옴법무사사무소,"북부산등기소 관할·접수 절차·준비서류 — 부산 다옴법무사사무소. 덕천동, 화명동 상담. 공식 기관이 아닌 법무사 실무 안내. 해운대·센텀 다옴법무사사무소에서 전화·카카오톡·방문(예약) 상담이 가능합니다.",북부산등기소 — 접수 절차·서류 안내,등기업무 자체를 맡길 법무사를 찾는다면 | 비용 안내 | 관할·접근 안내 | 법무사 의견 | 상담 시 확인하는 내용,inheritance,부산,inheritance-registration,documents,true,,true
/중부산등기소법무사,court,중부산등기소 법무사 안내 | 다옴법무사사무소,"중부산등기소 관할·접수 절차·준비서류 — 부산 다옴법무사사무소. 온천동, 명륜동 상담. 공식 기관이 아닌 법무사 실무 안내. 해운대·센텀 다옴법무사사무소에서 전화·카카오톡·방문(예약) 상담이 가능합니다.",중부산등기소 — 접수 절차·서류 안내,등기업무 자체를 맡길 법무사를 찾는다면 | 비용 안내 | 관할·접근 안내 | 법무사 의견 | 상담 시 확인하는 내용,corporate,부산,director-change,documents,true,,true
/부산진등기소법무사,court,부산진등기소 법무사 안내 | 다옴법무사사무소,"부산진등기소 관할·접수 절차·준비서류 — 부산 다옴법무사사무소. 서면, 부전동 상담. 공식 기관이 아닌 법무사 실무 안내. 해운대·센텀 다옴법무사사무소에서 전화·카카오톡·방문(예약) 상담이 가능합니다.",부산진등기소 — 접수 절차·서류 안내,등기업무 자체를 맡길 법무사를 찾는다면 | 비용 안내 | 관할·접근 안내 | 법무사 의견 | 상담 시 확인하는 내용,real-estate,부산,ownership-transfer,documents,true,,true
/센텀법인등기,businessDistrict,센텀 법인등기 안내 | 다옴법무사사무소,부산 센텀 법인등기 — 센텀 법인 설립·등기·임원변경. 다옴법무사사무소 안윤정 법무사. 해운대·센텀 다옴법무사사무소에서 전화·카카오톡·방문(예약) 상담이 가능합니다.,센텀 법인등기 — 센텀 법무사 상담,비용 안내 | 관할·접근 안내 | 법무사 의견 | 상담 시 확인하는 내용,corporate,센텀,corporate-registration,consult,true,,true
/문현금융단지법인등기,businessDistrict,문현금융단지 법인등기 안내 | 다옴법무사사무소,부산 문현금융단지 법인등기 — 문현금융단지 법인 설립·등기·임원변경. 다옴법무사사무소 안윤정 법무사. 해운대·센텀 다옴법무사사무소에서 전화·카카오톡·방문(예약) 상담이 가능합니다.,문현금융단지 법인등기 — 문현금융단지 법무사 상담,비용 안내 | 관할·접근 안내 | 법무사 의견 | 상담 시 확인하는 내용,corporate,,corporate-registration,consult,true,,true
/부산국제금융센터법인등기,businessDistrict,부산국제금융센터 법인등기 안내 | 다옴법무사사무소,부산 부산국제금융센터 법인등기 — 부산국제금융센터 법인 설립·등기·임원변경. 다옴법무사사무소 안윤정 법무사. 해운대·센텀 다옴법무사사무소에서 전화·카카오톡·방문(예약) 상담이 가능합니다.,부산국제금융센터 법인등기 — 부산국제금융센터 법무사 상담,비용 안내 | 관할·접근 안내 | 법무사 의견 | 상담 시 확인하는 내용,corporate,부산,corporate-registration,consult,true,,true
/명지국제신도시법인등기,businessDistrict,명지국제신도시 법인등기 안내 | 다옴법무사사무소,부산 명지국제신도시 법인등기 — 명지국제신도시 법인 설립·등기·임원변경. 다옴법무사사무소 안윤정 법무사. 해운대·센텀 다옴법무사사무소에서 전화·카카오톡·방문(예약) 상담이 가능합니다.,명지국제신도시 법인등기 — 명지국제신도시 법무사 상담,비용 안내 | 관할·접근 안내 | 법무사 의견 | 상담 시 확인하는 내용,corporate,명지,company-establishment,consult,true,,true
/에코델타시티법인등기,businessDistrict,에코델타시티 법인등기 안내 | 다옴법무사사무소,부산 에코델타시티 법인등기 — 에코델타시티 법인 설립·등기·임원변경. 다옴법무사사무소 안윤정 법무사. 해운대·센텀 다옴법무사사무소에서 전화·카카오톡·방문(예약) 상담이 가능합니다.,에코델타시티 법인등기 — 에코델타시티 법무사 상담,비용 안내 | 관할·접근 안내 | 법무사 의견 | 상담 시 확인하는 내용,corporate,,company-establishment,consult,true,,true
/정관법인등기,businessDistrict,정관 법인등기 안내 | 다옴법무사사무소,부산 정관 법인등기 — 정관·정관신도시 법인 설립·등기·임원변경. 다옴법무사사무소 안윤정 법무사. 해운대·센텀 다옴법무사사무소에서 전화·카카오톡·방문(예약) 상담이 가능합니다.,정관 법인등기 — 정관·정관신도시 법무사 상담,비용 안내 | 관할·접근 안내 | 법무사 의견 | 상담 시 확인하는 내용,corporate,,corporate-registration,consult,true,,true
/명례산업단지법인등기,businessDistrict,명례산업단지 법인등기 안내 | 다옴법무사사무소,부산 명례산업단지 법인등기 — 명례일반산업단지 법인 설립·등기·임원변경. 다옴법무사사무소 안윤정 법무사. 해운대·센텀 다옴법무사사무소에서 전화·카카오톡·방문(예약) 상담이 가능합니다.,명례산업단지 법인등기 — 명례일반산업단지 법무사 상담,비용 안내 | 관할·접근 안내 | 법무사 의견 | 상담 시 확인하는 내용,corporate,,corporate-registration,consult,true,,true
/부산재개발등기,realEstate,부산 재개발등기 안내 | 다옴법무사사무소,"부산 부산 재개발등기 — 재개발 조합원 지위·분양권·신축 아파트 등기. 다옴법무사사무소 안윤정 법무사. 해운대구, 동래구 상담. 해운대·센텀 다옴법무사사무소에서 전화·카카오톡·방문(예약) 상담이 가능합니다.",부산 재개발등기 절차·서류 안내,비용 안내 | 관할·접근 안내 | 법무사 의견 | 상담 시 확인하는 내용,real-estate,부산,real-estate-registration,documents,true,,true
/부산재건축등기,realEstate,부산 재건축등기 안내 | 다옴법무사사무소,"부산 부산 재건축등기 — 노후 아파트 재건축 후 소유권 이전. 다옴법무사사무소 안윤정 법무사. 온천동, 사직동 상담. 해운대·센텀 다옴법무사사무소에서 전화·카카오톡·방문(예약) 상담이 가능합니다.",부산 재건축등기 절차·서류 안내,비용 안내 | 관할·접근 안내 | 법무사 의견 | 상담 시 확인하는 내용,real-estate,부산,real-estate-registration,documents,true,,true
/부산신축아파트소유권이전등기,realEstate,부산 신축아파트 소유권이전등기 안내 | 다옴법무사사무소,"부산 부산 신축아파트 소유권이전등기 — 분양·입주 후 최초 등기. 다옴법무사사무소 안윤정 법무사. 강서구, 기장군 상담. 해운대·센텀 다옴법무사사무소에서 전화·카카오톡·방문(예약) 상담이 가능합니다.",부산 신축아파트 소유권이전등기 절차·서류 안내,비용 안내 | 관할·접근 안내 | 법무사 의견 | 상담 시 확인하는 내용,real-estate,부산,ownership-transfer,documents,true,,true
/부산오피스텔소유권이전등기,realEstate,부산 오피스텔 소유권이전등기 안내 | 다옴법무사사무소,"부산 부산 오피스텔 소유권이전등기 — 오피스텔·도시형생활주택 매매. 다옴법무사사무소 안윤정 법무사. 서면, 전포동 상담. 해운대·센텀 다옴법무사사무소에서 전화·카카오톡·방문(예약) 상담이 가능합니다.",부산 오피스텔 소유권이전등기 절차·서류 안내,비용 안내 | 관할·접근 안내 | 법무사 의견 | 상담 시 확인하는 내용,real-estate,부산,ownership-transfer,documents,true,,true
/부산상가등기,realEstate,부산 상가등기 안내 | 다옴법무사사무소,"부산 부산 상가등기 — 상가·점포 매매·상속. 다옴법무사사무소 안윤정 법무사. 남포동, 중앙동 상담. 해운대·센텀 다옴법무사사무소에서 전화·카카오톡·방문(예약) 상담이 가능합니다.",부산 상가등기 절차·서류 안내,비용 안내 | 관할·접근 안내 | 법무사 의견 | 상담 시 확인하는 내용,real-estate,부산,real-estate-registration,documents,true,,true
/부산토지상속등기,realEstate,부산 토지상속등기 안내 | 다옴법무사사무소,"부산 부산 토지상속등기 — 토지·임야·농지 상속. 다옴법무사사무소 안윤정 법무사. 기장군, 금정구 상담. 해운대·센텀 다옴법무사사무소에서 전화·카카오톡·방문(예약) 상담이 가능합니다.",부산 토지상속등기 절차·서류 안내,비용 안내 | 관할·접근 안내 | 법무사 의견 | 상담 시 확인하는 내용,inheritance,부산,inheritance-registration,documents,true,,true
/기장토지상속등기,realEstate,기장 토지상속등기 안내 | 다옴법무사사무소,"부산 기장 토지상속등기 — 기장군 토지·전원주택 상속. 다옴법무사사무소 안윤정 법무사. 기장읍, 정관읍 상담. 해운대·센텀 다옴법무사사무소에서 전화·카카오톡·방문(예약) 상담이 가능합니다.",기장 토지상속등기 절차·서류 안내,비용 안내 | 관할·접근 안내 | 법무사 의견 | 상담 시 확인하는 내용,inheritance,기장,inheritance-registration,documents,true,,true
/해운대재개발상속등기,realEstate,해운대 재개발 상속등기 안내 | 다옴법무사사무소,"부산 해운대 재개발 상속등기 — 해운대구 재개발·재건축 지역 상속. 다옴법무사사무소 안윤정 법무사. 우동, 재송동 상담. 해운대·센텀 다옴법무사사무소에서 전화·카카오톡·방문(예약) 상담이 가능합니다.",해운대 재개발 상속등기 절차·서류 안내,비용 안내 | 관할·접근 안내 | 법무사 의견 | 상담 시 확인하는 내용,inheritance,해운대,inheritance-registration,documents,true,,true
/부산개인파산,local,부산 개인파산 안내 | 다옴법무사사무소,"부산 개인파산 실무 안내 — 다옴법무사사무소 안윤정 법무사. 동래구, 사상구, 북구, 해운대구, 반여동, 재송동 일대 상담·서류·등기 대리. 전화·카카오톡 상담 가능.",부산 개인파산 법무사 상담,개인파산 페이지의 역할 | 비용 안내 | 관할·접근 안내 | 법무사 의견 | 회생·파산 관련 검색의도 안내,insolvency,부산,bankruptcy,consult,true,,true
/부산등기법무사,local,부산 등기 법무사 | 부동산·상속·법인등기 상담 - 다옴법무사사무소,부산에서 소유권이전·상속·증여·근저당·법인등기를 준비한다면 필요한 서류와 절차를 확인해 보세요. 해운대·센텀 다옴법무사사무소 안윤정 법무사가 등기업무를 직접 상담·진행합니다.,"부산 등기 법무사, 어떤 등기부터 준비해야 할까요?",법무사 선택 기준이 궁금하다면 | 신축건물 보존등기 | 공공기관 등기업무 | 이런 경우 필요한 등기입니다 | 비용이 달라지는 요소 | 법무사 상담이 필요한 경우 | 관할·접근 안내 | 법무사 의견,real-estate,부산,real-estate-registration,documents,true,,true
/부산부동산등기법무사,local,부산 부동산등기 법무사｜상담 전 확인·부산 부동산등기 연결,부산 부동산등기 법무사를 검색할 때 확인할 절차·서류·선택 기준을 정리합니다. 매매·증여·보존·말소 등기 실무 대표 안내는 부산 부동산등기 허브로 연결됩니다.,부산 부동산등기 법무사 — 절차는 부산 부동산등기에서,이런 경우 필요한 등기입니다 | 비용이 달라지는 요소 | 법무사 상담이 필요한 경우 | 관할·접근 안내 | 법무사 의견,real-estate,부산,real-estate-registration,commercial,true,,true
/부산상속법무사,local,부산 상속 법무사｜상속등기·상속포기·한정승인 중 무엇이 필요할까,부모님 사망 후 상속등기·상속포기·한정승인 중 어떤 절차가 필요한지 안내합니다. 3개월 기한과 채무 조사를 먼저 확인한 뒤 등기·협의로 이어갈 수 있습니다.,"부산 상속 법무사, 등기·포기·한정승인 중 무엇부터 볼까",이런 경우 필요한 등기입니다 | 비용이 달라지는 요소 | 법무사 상담이 필요한 경우 | 관할·접근 안내 | 법무사 의견,inheritance,부산,inheritance-registration,commercial,true,,true
/부산법인법무사,local,부산 법무사 법인 업무｜비용·절차·준비서류 총정리,"부산에서 법인설립, 임원변경, 대표이사 변경, 본점이전, 목적변경, 증자, 해산·청산 등 법인 업무를 준비할 때 확인할 절차·준비서류·비용 구성·등기기한을 안윤정 법무사가 안내합니다.","부산 법인 업무, 설립부터 변경·해산까지 한 번에 확인하기",이런 경우 필요한 등기입니다 | 비용이 달라지는 요소 | 법무사 상담이 필요한 경우 | 관할·접근 안내 | 법무사 의견,corporate,부산,corporate-registration,commercial,true,,true
/부산기업법무사,local,부산 기업 법무사｜법인등기·채권·기업 실무 지원,부산 기업 법무사. 법인등기 정기 관리·임원 임기·본점·목적 변경·채권회수·지급명령. 월 자문 과장 없이 사건별·점검 방식으로 안내. 다옴법무사.,부산 기업 법무사가 정리하는 법인·채권·등기 실무,이런 경우 필요한 등기입니다 | 비용이 달라지는 요소 | 법무사 상담이 필요한 경우 | 관할·접근 안내 | 법무사 의견,corporate,부산,corporate-registration,commercial,true,,true
/부산스타트업법무사,local,부산 스타트업 법무사｜법인설립·지분·임원등기,"부산 스타트업 법무사. 개인·법인 선택, 공동창업 지분, 법인설립, 투자유치 전 등기, 임원·본점이전. 센텀 창업 법률상담 — 다옴법무…",부산 스타트업 법무사가 짚는 설립·지분·등기 실수,이런 경우 필요한 등기입니다 | 비용이 달라지는 요소 | 법무사 상담이 필요한 경우 | 관할·접근 안내 | 법무사 의견 | 상담 시 확인하는 내용,corporate,부산,company-establishment,consult,true,,true
/부산상속재산분할법무사,local,부산 상속재산분할 법무사｜협의분할·단독명의 등기,"부산 상속재산분할 법무사. 법정상속분·협의분할, 공동상속인 동의, 단독명의, 미성년·해외 상속인, 협의서 작성 포인트. 다옴법무사. 해운대·센텀 다옴법무사사무소에서 전화·카카오톡·방문(예약) 상담이 가능합니다.","부산 상속재산분할, 협의부터 상속등기까지",이런 경우 필요한 등기입니다 | 비용이 달라지는 요소 | 법무사 상담이 필요한 경우 | 관할·접근 안내 | 법무사 의견 | 상담 시 확인하는 내용,inheritance,부산,inheritance-registration,commercial,true,,true
/부산법인등기비용,local,부산 법인등기 비용｜설립·임원·본점·등록면허세,부산 법인등기 비용. 법인설립·임원변경·본점이전 수임료와 등록면허세·공과금 구분. 확정가 과장 없이 변동 요인 안내 — 다옴법무사. 해운대·센텀 다옴법무사사무소에서 전화·카카오톡·방문(예약) 상담이 가능합니다.,"부산 법인등기 비용, 공과금과 보수를 구분해 보세요",이런 경우 필요한 등기입니다 | 비용이 달라지는 요소 | 법무사 상담이 필요한 경우 | 관할·접근 안내 | 법무사 의견 | 상담 시 확인하는 내용,corporate,부산,corporate-registration,cost,true,,true
/부산근저당설정등기,local,부산 근저당설정등기｜채권최고액·담보등기,부산 근저당설정등기 절차·서류·비용. 채권최고액·등록면허세·국민주택채권·설정계약서·위임장 안내 — 다옴법무사. 해운대·센텀 다옴법무사사무소에서 전화·카카오톡·방문(예약) 상담이 가능합니다.,부산 근저당설정등기 — 대출 담보 등기 안내,이런 상황이라면 — 잔금·대출·등기 | 이런 경우 필요한 등기입니다 | 비용이 달라지는 요소 | 법무사 상담이 필요한 경우 | 관할·접근 안내 | 법무사 의견,real-estate,부산,real-estate-registration,commercial,true,,true
/부산근저당말소등기,local,부산 근저당말소｜대출상환·매매 전 말소,부산 근저당말소등기. 은행말소·개인간 근저당 말소·매매 전 말소 절차·서류. 대출 상환 후 등기 — 다옴법무사. 해운대·센텀 다옴법무사사무소에서 전화·카카오톡·방문(예약) 상담이 가능합니다.,부산 근저당말소등기 — 대출상환·매매 전 말소 안내,이런 상황이라면 — 잔금·대출·등기 | 이런 경우 필요한 등기입니다 | 비용이 달라지는 요소 | 법무사 상담이 필요한 경우 | 관할·접근 안내 | 법무사 의견,real-estate,부산,real-estate-registration,informational,true,,true
/부산전세권설정등기,local,부산 전세권설정등기｜비용·서류·임차권등기명령,부산 전세권설정등기. 임대인 동의·필요서류·비용·임차권등기명령 차이 안내. 전세권 법무사 상담 — 다옴법무사. 해운대·센텀 다옴법무사사무소에서 전화·카카오톡·방문(예약) 상담이 가능합니다.,부산 전세권설정등기 — 전세금 보호 등기 안내,이런 경우 필요한 등기입니다 | 비용이 달라지는 요소 | 법무사 상담이 필요한 경우 | 관할·접근 안내 | 법무사 의견,real-estate,부산,real-estate-registration,cost,true,,true
/부산전세권말소등기,local,부산 전세권말소｜보증금 반환 후 해지 등기,부산 전세권말소등기. 보증금 반환 후 말소·공동신청·서류 안내. 전세권 해지 등기 — 다옴법무사. 해운대·센텀 다옴법무사사무소에서 전화·카카오톡·방문(예약) 상담이 가능합니다.,부산 전세권말소등기 — 보증금 반환 후 해지 안내,이런 경우 필요한 등기입니다 | 비용이 달라지는 요소 | 법무사 상담이 필요한 경우 | 관할·접근 안내 | 법무사 의견,real-estate,부산,real-estate-registration,commercial,true,,true
/부산신축건물보존등기,local,부산 신축건물 보존등기｜건물·집합건물·상가·오피스텔 보존등기 절차,"부산 신축건물 보존등기 안내. 건물 보존등기, 집합건물 보존등기, 아파트·오피스텔·상가 보존등기 절차와 건축주가 준비해야 할 서류를 정리합니다.",부산 신축건물 보존등기｜건축주가 알아야 할 절차와 준비서류,건축주·보존등기 검색의도,real-estate,부산,real-estate-registration,documents,true,,true
/공공기관등기업무,local,공공기관 등기업무｜공기업·공공기관 법인등기·부동산등기·촉탁등기 안내,"공공기관, 공기업, 지방공기업, 출자·출연기관의 법인등기, 부동산등기, 촉탁등기, 임원변경, 본점이전, 공유재산 등기업무를 안내합니다. 부산 등기 법무사 상담 전 확인사항을 정리했습니다.",공공기관 등기업무｜공기업·공공기관 법인등기·부동산등기·촉탁등기 안내,공공기관·촉탁등기 세부 키워드,corporate,부산,corporate-registration,commercial,true,,true
/부산법무사추천,local,부산 법무사 추천 | 선택 기준·상담 전 확인 - 다옴법무사사무소,부산 법무사 추천을 검색할 때 확인할 선택 기준입니다. 상속·등기·법인·회생별 경험·서류·비용·관할을 비교하는 방법을 정리했습니다. 다옴법무사사무소 안윤정 법무사.,"부산 법무사 추천, 검색 전에 확인할 선택 기준",,local,부산,inheritance-registration,selection,true,,true
/부산등기법무사추천,local,부산 등기 법무사 추천｜선택 기준·상담 전 확인사항,"부산 등기 법무사 추천을 검색했다면 업무경험, 직접 상담 여부, 비용 구분, 관할·비대면 가능 여부부터 확인하세요. 특정 사무소를 대신 골라 주는 안내가 아닙니다.","부산 등기 법무사 추천, 어떤 기준으로 고를까요?",상담 시 확인하는 내용,inheritance,부산,real-estate-registration,selection,true,,true
/부산상속등기전문,local,부산 상속등기 실무 안내｜상속 법무사 상담 전 확인사항,"부산 상속등기 상담 전 확인할 절차·서류·기한을 정리했습니다. 상속포기·한정승인과의 차이, 공동상속인·해외거주·채무가 있는 경우 체크리…",부산 상속등기 상담 전 꼭 확인해야 할 절차와 서류,상담 시 확인하는 내용,inheritance,부산,inheritance-registration,consult,true,,true
/부산부동산등기전문,local,부산 부동산등기 실무 안내｜매매·증여·보존·말소 상담 확인,부산 부동산등기 상담 전 확인할 매매·증여·상속·보존·근저당·전세권 절차와 서류. 대표 등기 실무는 부산 부동산등기 허브와 연결됩니다. 해운대·센텀 다옴법무사사무소에서 전화·카카오톡·방문(예약) 상담이 가능합니다.,부산 부동산등기 상담 전 확인해야 할 절차와 서류,상담 시 확인하는 내용,real-estate,부산,real-estate-registration,consult,true,,true
/부산법인등기전문,local,부산 법인등기 실무 안내｜법인설립·임원변경·본점이전,부산 법인등기 상담 전 확인할 설립·임원변경·본점이전·상호·목적변경·증자·해산 절차와 과태료 기한. 스타트업·중소법인 대표님 준비자료. 해운대·센텀 다옴법무사사무소에서 전화·카카오톡·방문(예약) 상담이 가능합니다.,부산 법인등기 상담 전 확인해야 할 변경사항과 기한,상담 시 확인하는 내용,corporate,부산,corporate-registration,consult,true,,true
/부산법무사상담,local,부산 법무사 상담 | 전화·카카오톡·방문 - 다옴법무사사무소,부산 법무사 상담. 안윤정 법무사가 상속·등기·법인·회생을 전화·카카오톡·네이버 톡톡·예약 방문으로 직접 안내합니다. 업무명을 몰라도 현재 상황부터 알려 주세요.,"부산 법무사 상담, 현재 상황부터 알려주세요",상담 시 확인하는 내용,local,부산,inheritance-registration,consult,true,,true
/부산법무사후기,local,부산 법무사 후기｜상담 전 확인하면 좋은 실제 업무 기준,부산 법무사 후기·추천 후기를 볼 때 확인할 기준. 비용보다 설명력·진행 안내·서류 안내를 중심으로 상속·부동산·법인 후기를 읽는 방법. 해운대·센텀 다옴법무사사무소에서 전화·카카오톡·방문(예약) 상담이 가능합니다.,부산 법무사 후기를 찾기 전 확인하면 좋은 기준,상담 시 확인하는 내용,inheritance,부산,inheritance-registration,selection,true,,true
/부산법무사비교,local,부산 법무사 비교｜비용·업무범위·상담방식 선택 기준,부산 법무사 비교·비용 비교 시 놓치기 쉬운 업무 범위·상담 방식·등기 진행 방식·서류 안내 기준. 등기·상속·법인별 선택 체크리스트. 해운대·센텀 다옴법무사사무소에서 전화·카카오톡·방문(예약) 상담이 가능합니다.,부산 법무사 비교 전 확인해야 할 비용과 업무 기준,상담 시 확인하는 내용,real-estate,부산,inheritance-registration,selection,true,,true
/부산법무사무소,local,부산 법무사무소｜해운대·센텀 위치·업무·상담 - 다옴법무사사무소,해운대 센텀 다옴법무사사무소 위치·업무 범위·전화·카카오·방문 상담. NAP·오시는 길·예약 안내. 안윤정 법무사가 상속·부동산·법인·회생을 직접 상담합니다.,부산 법무사무소는 어디에 있고 무엇을 하나요?,상담 시 확인하는 내용,local,부산,inheritance-registration,commercial,true,,true
/부산법무사서류준비,local,부산 법무사 서류 준비｜상속·등기·법인·회생 체크리스트,부산 법무사 상담·의뢰 전 업무별 준비 서류 체크리스트. 상속·부동산·법인·회생별 필수·선택 서류와 가져오면 좋은 자료. 해운대·센텀 다옴법무사사무소에서 전화·카카오톡·방문(예약) 상담이 가능합니다.,"부산 법무사에게 맡기기 전, 서류는 무엇을 준비하나요?",상담 시 확인하는 내용,inheritance,부산,inheritance-registration,consult,true,,true
/부산법무사방문상담,local,부산 법무사 방문상담｜센텀·해운대 예약·준비물·오시는 길,"부산 법무사 방문상담 예약 방법, 센텀·해운대 오시는 길, 준비물, 주차·동선, 방문이 필요한 경우와 전화로 충분한 경우 구분. 해운대·센텀 다옴법무사사무소에서 전화·카카오톡·방문(예약) 상담이 가능합니다.","부산 법무사 방문상담, 어떻게 예약하고 무엇을 가져가나요?",상담 시 확인하는 내용,local,부산,inheritance-registration,consult,true,,true
/부산법무사비대면상담,local,부산 법무사 비대면상담｜카카오톡·우편·원격 진행 가능 업무,부산 법무사 비대면·원격 상담. 카카오톡·이메일·우편으로 가능한 등기·상속·법인 업무와 방문이 필요한 경우를 구분 안내. 해운대·센텀 다옴법무사사무소에서 전화·카카오톡·방문(예약) 상담이 가능합니다.,"부산 법무사 비대면상담, 어떤 업무까지 가능한가요?",상담 시 확인하는 내용,real-estate,부산,inheritance-registration,consult,true,,true
/부산상속법무사추천,local,부산 상속 법무사 추천｜다옴법무사사무소,부산 상속 법무사 추천 검색 안내. 상속등기·포기·한정승인 상담 기준의 준비서류·절차·자주 하는 실수·FAQ를 정리했습니다. 해운대·센텀 다옴법무사사무소.,부산 상속 법무사 추천 — 상담 전 확인 가이드,상담 시 확인하는 내용,inheritance,부산,inheritance-registration,selection,true,,true
/부산개인회생법무사추천,local,부산 개인회생 법무사 추천｜다옴법무사사무소,부산 개인회생 법무사 추천 검색 안내. 개인회생 신청·서류·비용 상담 기준의 준비서류·절차·자주 하는 실수·FAQ를 정리했습니다. 해운대·센텀 다옴법무사사무소.,부산 개인회생 법무사 추천 — 상담 전 확인 가이드,상담 시 확인하는 내용,insolvency,부산,personal-rehabilitation,selection,true,,true
/부산개인파산법무사추천,local,부산 개인파산 법무사 추천｜다옴법무사사무소,부산 개인파산 법무사 추천 검색 안내. 개인파산·면책 상담 기준의 준비서류·절차·자주 하는 실수·FAQ를 정리했습니다. 해운대·센텀 다옴법무사사무소.,부산 개인파산 법무사 추천 — 상담 전 확인 가이드,상담 시 확인하는 내용,insolvency,부산,bankruptcy,selection,true,,true
/부산법무사수임료,local,부산 법무사 수임료｜다옴법무사사무소,부산 법무사 수임료 검색 안내. 수임료·공과금 구분 기준의 준비서류·절차·자주 하는 실수·FAQ를 정리했습니다. 해운대·센텀 다옴법무사…,부산 법무사 수임료 — 상담 전 확인 가이드,상담 시 확인하는 내용,local,부산,inheritance-registration,consult,true,,true
/부산법무사보수,local,부산 법무사 보수｜다옴법무사사무소,부산 법무사 보수 검색 안내. 보수·비용 산정 기준 기준의 준비서류·절차·자주 하는 실수·FAQ를 정리했습니다. 해운대·센텀 다옴법무사…,부산 법무사 보수 — 상담 전 확인 가이드,상담 시 확인하는 내용,local,부산,inheritance-registration,consult,true,,true
/부산법무사잘하는곳,local,부산 법무사 잘하는 곳｜다옴법무사사무소,부산 법무사 잘하는 곳 검색 안내. 업무 경험·설명력·기한 안내 기준 기준의 준비서류·절차·자주 하는 실수·FAQ를 정리했습니다. 해운대·센텀 다옴법무사사무소.,부산 법무사 잘하는 곳 — 상담 전 확인 가이드,상담 시 확인하는 내용,local,부산,inheritance-registration,selection,true,,true
/부산등기전문법무사,local,부산 등기전문 법무사｜부동산·상속·법인 등기 먼저 가르기,부산 등기전문 법무사로 검색했다면 부동산·상속·법인 등기 중 무엇을 바꾸려는지부터 갈립니다. 등기부 종류별 확인 순서와 관할 등기소 점검 방법을 정리했습니다.,"부산 등기전문 법무사, 등기 종류부터 가르는 순서",상담 시 확인하는 내용,inheritance,부산,real-estate-registration,commercial,true,,true
/부산상속전문법무사,local,부산 상속전문 법무사｜등기·포기·한정승인 첫 분기,부산 상속전문 법무사로 들어왔다면 상속등기·상속포기·한정승인 중 무엇이 필요한지 첫 분기부터 가려야 합니다. 3개월 기한과 채무 확인 순서를 정리했습니다.,부산 상속전문 법무사 — 상속 절차 첫 분기 안내,상담 시 확인하는 내용,inheritance,부산,inheritance-registration,commercial,true,,true
/부산법인전문법무사,local,부산 법인전문 법무사｜설립·변경등기 갈림길 확인,부산 법인전문 법무사 검색은 법인 설립 전 단계와 이미 있는 법인의 변경등기 단계로 갈립니다. 두 갈림길에서 각각 필요한 서류와 기한을 정리했습니다.,부산 법인전문 법무사 — 설립과 변경등기 갈림길,상담 시 확인하는 내용,corporate,부산,corporate-registration,commercial,true,,true
/부산부동산등기전문법무사,local,부산 부동산등기전문 법무사｜원인별 절차·선택 기준 구분,부산 부동산등기전문 법무사 검색은 매매·증여·상속·근저당 중 등기 원인을 가르는 데서 시작합니다. 절차 허브 /부산부동산등기와 상담 선택 체크리스트의 역할도 구분했습니다.,"부산 부동산등기전문 법무사, 원인별 절차와 선택 기준 구분",상담 시 확인하는 내용,real-estate,부산,real-estate-registration,commercial,true,,true
/부산개인회생전문법무사,local,부산 개인회생전문 법무사｜소득·지출·변제여력표 먼저,부산 개인회생전문 법무사 검색은 결국 소득·지출·변제여력을 표로 정리하는 데서 시작합니다. 부산회생법원 제출 전 확인할 항목을 정리했습…,"부산 개인회생전문 법무사, 소득·지출·변제여력표로 시작",상담 시 확인하는 내용,insolvency,부산,personal-rehabilitation,commercial,true,,true
/부산개인파산전문법무사,local,부산 개인파산전문 법무사｜변제여력·면책 함께 점검,부산 개인파산전문 법무사 검색은 변제 여력이 부족할 때 파산 신청과 면책을 함께 점검하는 안내로 연결됩니다. 재산·소득·최근 거래 확인 순서를 정리했습니다.,부산 개인파산전문 법무사 — 변제여력 부족 시 점검 순서,상담 시 확인하는 내용,insolvency,부산,bankruptcy,commercial,true,,true
/부산근저당전문법무사,local,부산 근저당전문 법무사｜설정·말소·채권최고액 구분,부산 근저당전문 법무사 검색은 설정·말소·선순위·채권최고액을 구분하는 데서 시작합니다. 잔금일 은행 연동과 등기부 확인 순서를 정리했습…,"부산 근저당전문 법무사, 설정·말소·선순위 구분표",상담 시 확인하는 내용,real-estate,부산,real-estate-registration,commercial,true,,true
/부산전세전문법무사,local,부산 전세전문 법무사｜확정일자·전세권·임차권 구분,부산 전세전문 법무사 검색은 확정일자·전세권·임차권등기명령을 구분하는 갈림길로 연결됩니다. 계약 단계별로 필요한 확인사항을 정리했습니다. 해운대·센텀 다옴법무사사무소에서 전화·카카오톡·방문(예약) 상담이 가능합니다.,부산 전세전문 법무사 — 확정일자·전세권·임차권 갈림길,상담 시 확인하는 내용,real-estate,부산,real-estate-registration,commercial,true,,true
/부산임원변경전문법무사,local,부산 임원변경전문 법무사｜임기·결의일·과태료 기한,부산 임원변경전문 법무사 검색은 취임·사임·중임의 기준일을 확인하는 데서 시작합니다. 임기·결의일·과태료 기한을 계산하는 순서를 정리했…,"부산 임원변경전문 법무사, 임기·결의일부터 계산하기",상담 시 확인하는 내용,corporate,부산,corporate-registration,commercial,true,,true
/부산매매등기전문법무사,local,부산 매매등기전문 법무사｜잔금일 매수·매도·은행 순서,부산 매매등기전문 법무사 검색은 잔금일 매수인·매도인·은행 세 주체의 순서를 점검하는 데서 시작합니다. 근저당 말소와 신규 설정이 겹치는 경우를 정리했습니다.,부산 매매등기전문 법무사 — 잔금일 세 주체 순서 점검,상담 시 확인하는 내용,real-estate,부산,ownership-transfer,commercial,true,,true
/부산소유권이전전문법무사,local,부산 소유권이전전문 법무사｜매매·증여·상속 원인 구분,부산 소유권이전전문 법무사 검색은 매매·증여·상속 중 이전 원인을 가르는 데서 시작합니다. 원인별로 달라지는 서류·세금 확인 포인트를 정리했습니다.,"부산 소유권이전전문 법무사, 매매·증여·상속 원인 가르기",상담 시 확인하는 내용,inheritance,부산,ownership-transfer,commercial,true,,true
/부산한정승인전문법무사,local,부산 한정승인전문 법무사｜3개월 기한·재산범위 확인,부산 한정승인전문 법무사 검색은 3개월 기한과 재산범위 안의 채무 정리를 확인하는 데서 시작합니다. 재산·채무 목록을 만드는 순서를 정리했습니다.,부산 한정승인전문 법무사 — 3개월 시계와 재산목록,상담 시 확인하는 내용,inheritance,부산,inheritance-registration,commercial,true,,true
/부산회생전문법무사,local,부산 회생전문 법무사｜짧은 검색어 개인회생 연결,부산 회생전문 법무사라는 짧은 검색어는 보통 개인회생을 뜻합니다. 부산 개인회생·부산 개인회생전문 법무사로 연결되는 관계만 짧게 정리했…,"부산 회생전문 법무사, 짧은 검색어를 개인회생으로 연결",상담 시 확인하는 내용,insolvency,부산,personal-rehabilitation,commercial,true,,true
/부산파산전문법무사,local,부산 파산전문 법무사｜짧은 검색어 개인파산 연결,부산 파산전문 법무사라는 짧은 검색어는 보통 개인파산·면책을 뜻합니다. 부산 개인파산·부산 개인파산전문 법무사로 연결되는 관계만 짧게 정리했습니다.,부산 파산전문 법무사 — 짧은 검색어와 면책 갈림길,상담 시 확인하는 내용,insolvency,부산,bankruptcy,commercial,true,,true
/부산면책전문법무사,local,부산 면책전문 법무사｜파산 신청·면책 심사 구분,부산 면책전문 법무사 검색은 파산 신청과 면책 심사를 나누어 보는 데서 시작합니다. 채무 성격과 상담 전 공개해야 할 자료 범위를 정리했습니다.,"부산 면책전문 법무사, 파산 신청과 면책 심사 나누기",상담 시 확인하는 내용,insolvency,부산,bankruptcy,commercial,true,,true
/부산상속포기전문법무사,local,부산 상속포기전문 법무사｜채무 과다·3개월 기한,부산 상속포기전문 법무사 검색은 채무가 재산보다 많을 때 먼저 볼 순서를 확인하는 안내입니다. 3개월 기한과 다른 상속인 선택의 연결을 정리했습니다.,부산 상속포기전문 법무사 — 채무 과다일 때 먼저 볼 순서,상담 시 확인하는 내용,inheritance,부산,inheritance-renunciation,commercial,true,,true
/부산상속등기전문법무사,local,부산 상속등기전문 법무사｜협의분할·지분 서류 정리,부산 상속등기전문 법무사 검색은 협의분할·지분·등기 서류를 정리하는 데서 시작합니다. 절차 허브 /부산상속등기전문 선택 체크리스트와의 역할도 구분했습니다.,"부산 상속등기전문 법무사, 협의분할·지분부터 정리",상담 시 확인하는 내용,inheritance,부산,inheritance-registration,commercial,true,,true
/부산증여등기전문법무사,local,부산 증여등기전문 법무사｜부모자녀·부담부 증여 구분,부산 증여등기전문 법무사 검색은 부모자녀·부부·부담부·지분 증여 중 구조를 가르는 데서 시작합니다. 유형별 서류·세금 확인 포인트를 정리했습니다.,부산 증여등기전문 법무사 — 부모자녀·부담부·지분 구분,상담 시 확인하는 내용,real-estate,부산,ownership-transfer,commercial,true,,true
/부산법인설립전문법무사,local,부산 법인설립전문 법무사｜상호·자본·임원 준비,부산 법인설립전문 법무사 검색은 상호·자본금·임원 구성부터 확정하는 데서 시작합니다. 설립과 설립 후 변경등기의 경계도 함께 정리했습니…,"부산 법인설립전문 법무사, 상호·자본·임원부터 확정",상담 시 확인하는 내용,corporate,부산,company-establishment,commercial,true,,true
/부산부동산전문법무사,local,부산 부동산전문 법무사｜짧은 검색어 원인 분류,부산 부동산전문 법무사라는 짧은 검색어는 매매·증여·상속·담보 등 여러 등기 원인을 함께 가리킵니다. 부동산등기전문 페이지와 역할을 나누어 정리했습니다.,부산 부동산전문 법무사 — 짧은 검색어의 원인 분류,상담 시 확인하는 내용,real-estate,부산,real-estate-registration,commercial,true,,true
/부산개인회생법무사,local,부산 개인회생 법무사｜소득·채무·재산으로 보는 신청 가능성,"급여·사업소득, 채무 규모, 재산과 생계비를 기준으로 개인회생 신청 가능성을 점검하는 안내입니다. 부산회생법원 서류·보정 준비와 연결해 확인할 수 있습니다.","부산 개인회생 법무사, 소득·채무·재산으로 신청 가능성 보기",상담 시 확인하는 내용,insolvency,부산,personal-rehabilitation,commercial,true,,true
/부산개인파산법무사,local,부산 개인파산 법무사｜다옴법무사사무소,부산 개인파산 법무사 검색 안내. 개인파산·면책 실무 기준의 준비서류·절차·자주 하는 실수·FAQ를 정리했습니다. 해운대·센텀 다옴법무사사무소.,부산 개인파산 법무사 — 상담 전 확인 가이드,상담 시 확인하는 내용,insolvency,부산,bankruptcy,consult,true,,true
/부산회생법무사,local,부산 회생 법무사｜개인회생 연결·상담 전 확인,‘부산 회생 법무사’ 검색은 대부분 개인회생 상담 의도입니다. 신청 가능성·서류·절차 대표 안내는 부산 개인회생 법무사로 연결됩니다. 해운대·센텀 다옴법무사사무소에서 전화·카카오톡·방문(예약) 상담이 가능합니다.,부산 회생 법무사 — 개인회생 상담으로 연결,상담 시 확인하는 내용,insolvency,부산,personal-rehabilitation,consult,true,,true
/부산파산법무사,local,부산 파산 법무사｜다옴법무사사무소,부산 파산 법무사 검색 안내. 파산 신청 실무 기준의 준비서류·절차·자주 하는 실수·FAQ를 정리했습니다. 해운대·센텀 다옴법무사사무소. 해운대·센텀 다옴법무사사무소에서 전화·카카오톡·방문(예약) 상담이 가능합니다.,부산 파산 법무사 — 상담 전 확인 가이드,상담 시 확인하는 내용,insolvency,부산,bankruptcy,consult,true,,true
/부산등기복대리,local,부산 등기 복대리｜부산 등기소 접수·보정·완료서류 지원,타지역 법무사·법률사무소·기업 담당자를 위한 부산 등기 복대리·등기소 접수 지원 안내. 관할·자료·보정·완료서류 수령 방식을 상담 전 확인하세요.,부산 등기 복대리 및 등기소 접수 지원,상담 시 확인하는 내용,real-estate,부산,real-estate-registration,documents,true,,true
/복대리등기,local,복대리 등기｜다옴법무사사무소,복대리 등기 검색 안내. 복대리 등기 절차 기준의 준비서류·절차·자주 하는 실수·FAQ를 정리했습니다. 해운대·센텀 다옴법무사사무소. 해운대·센텀 다옴법무사사무소에서 전화·카카오톡·방문(예약) 상담이 가능합니다.,복대리 등기 — 상담 전 확인 가이드,상담 시 확인하는 내용,real-estate,부산,real-estate-registration,consult,true,,true
/등기복대리,local,등기 복대리｜다옴법무사사무소,등기 복대리 검색 안내. 등기 복대리 실무 기준의 준비서류·절차·자주 하는 실수·FAQ를 정리했습니다. 해운대·센텀 다옴법무사사무소. 해운대·센텀 다옴법무사사무소에서 전화·카카오톡·방문(예약) 상담이 가능합니다.,등기 복대리 — 상담 전 확인 가이드,상담 시 확인하는 내용,real-estate,부산,real-estate-registration,consult,true,,true
/부산집단등기,local,부산 집단등기·대량등기｜오피스텔·빌라·상가 프로젝트 상담,"부산 집단등기·대량등기 진행 전 확인할 보존·이전·근저당, 세대별 서류, 비용·정산 구조와 시행사·프로젝트 담당자용 검토 항목 안내. 세금·감면은 개별 확인이 필요합니다.",여러 건의 등기는 한 건의 등기와 다른 방식으로 준비해야 합니다,상담 시 확인하는 내용,real-estate,부산,ownership-transfer,cost,true,,true
/집단등기,local,집단등기｜다옴법무사사무소,집단등기 검색 안내. 집단등기 준비·일정 기준의 준비서류·절차·자주 하는 실수·FAQ를 정리했습니다. 해운대·센텀 다옴법무사사무소. 해운대·센텀 다옴법무사사무소에서 전화·카카오톡·방문(예약) 상담이 가능합니다.,집단등기 — 상담 전 확인 가이드,상담 시 확인하는 내용,real-estate,,real-estate-registration,consult,true,,true
/아파트집단등기,local,아파트 집단등기｜다옴법무사사무소,아파트 집단등기 검색 안내. 아파트 집단등기 기준의 준비서류·절차·자주 하는 실수·FAQ를 정리했습니다. 해운대·센텀 다옴법무사사무소. 해운대·센텀 다옴법무사사무소에서 전화·카카오톡·방문(예약) 상담이 가능합니다.,아파트 집단등기 — 상담 전 확인 가이드,상담 시 확인하는 내용,real-estate,부산,ownership-transfer,consult,true,,true
/오피스텔집단등기,local,오피스텔 집단등기｜다옴법무사사무소,오피스텔 집단등기 검색 안내. 오피스텔 집단등기 기준의 준비서류·절차·자주 하는 실수·FAQ를 정리했습니다. 해운대·센텀 다옴법무사사무…,오피스텔 집단등기 — 상담 전 확인 가이드,상담 시 확인하는 내용,real-estate,,ownership-transfer,consult,true,,true
/신축집단등기,local,신축 집단등기｜다옴법무사사무소,신축 집단등기 검색 안내. 신축 집단등기 기준의 준비서류·절차·자주 하는 실수·FAQ를 정리했습니다. 해운대·센텀 다옴법무사사무소. 해운대·센텀 다옴법무사사무소에서 전화·카카오톡·방문(예약) 상담이 가능합니다.,신축 집단등기 — 상담 전 확인 가이드,상담 시 확인하는 내용,real-estate,부산,ownership-transfer,consult,true,,true
/법무사수임료,local,법무사 수임료｜다옴법무사사무소,법무사 수임료 검색 안내. 수임료 구성 기준의 준비서류·절차·자주 하는 실수·FAQ를 정리했습니다. 해운대·센텀 다옴법무사사무소. 해운대·센텀 다옴법무사사무소에서 전화·카카오톡·방문(예약) 상담이 가능합니다.,법무사 수임료 — 상담 전 확인 가이드,상담 시 확인하는 내용,real-estate,,inheritance-registration,consult,true,,true
/법무사비용,local,법무사 비용｜다옴법무사사무소,법무사 비용 검색 안내. 법무사 비용 항목 기준의 준비서류·절차·자주 하는 실수·FAQ를 정리했습니다. 해운대·센텀 다옴법무사사무소. 해운대·센텀 다옴법무사사무소에서 전화·카카오톡·방문(예약) 상담이 가능합니다.,법무사 비용 — 상담 전 확인 가이드,상담 시 확인하는 내용,real-estate,,inheritance-registration,consult,true,,true
/법무사보수,local,법무사 보수｜다옴법무사사무소,법무사 보수 검색 안내. 보수 산정 기준의 준비서류·절차·자주 하는 실수·FAQ를 정리했습니다. 해운대·센텀 다옴법무사사무소. 해운대·센텀 다옴법무사사무소에서 전화·카카오톡·방문(예약) 상담이 가능합니다.,법무사 보수 — 상담 전 확인 가이드,상담 시 확인하는 내용,local,,inheritance-registration,consult,true,,true
/등기비용,local,등기 비용｜다옴법무사사무소,등기 비용 검색 안내. 등기 비용·공과금 기준의 준비서류·절차·자주 하는 실수·FAQ를 정리했습니다. 해운대·센텀 다옴법무사사무소. 해운대·센텀 다옴법무사사무소에서 전화·카카오톡·방문(예약) 상담이 가능합니다.,등기 비용 — 상담 전 확인 가이드,상담 시 확인하는 내용,real-estate,,real-estate-registration,consult,true,,true
/등록면허세,local,등록면허세｜다옴법무사사무소,등록면허세 검색 안내. 등록면허세 납부 기준의 준비서류·절차·자주 하는 실수·FAQ를 정리했습니다. 해운대·센텀 다옴법무사사무소. 해운대·센텀 다옴법무사사무소에서 전화·카카오톡·방문(예약) 상담이 가능합니다.,등록면허세 — 상담 전 확인 가이드,상담 시 확인하는 내용,real-estate,,real-estate-registration,consult,true,,true
/국민주택채권,local,국민주택채권｜다옴법무사사무소,국민주택채권 검색 안내. 국민주택채권 매입 기준의 준비서류·절차·자주 하는 실수·FAQ를 정리했습니다. 해운대·센텀 다옴법무사사무소. 해운대·센텀 다옴법무사사무소에서 전화·카카오톡·방문(예약) 상담이 가능합니다.,국민주택채권 — 상담 전 확인 가이드,상담 시 확인하는 내용,real-estate,,ownership-transfer,consult,true,,true
/취득세,local,취득세｜다옴법무사사무소,취득세 검색 안내. 취득세 신고·납부 기준의 준비서류·절차·자주 하는 실수·FAQ를 정리했습니다. 해운대·센텀 다옴법무사사무소. 해운대·센텀 다옴법무사사무소에서 전화·카카오톡·방문(예약) 상담이 가능합니다.,취득세 — 상담 전 확인 가이드,상담 시 확인하는 내용,real-estate,,ownership-transfer,consult,true,,true
/등기신청대행,local,등기신청 대행｜다옴법무사사무소,등기신청 대행 검색 안내. 등기신청 대행 기준의 준비서류·절차·자주 하는 실수·FAQ를 정리했습니다. 해운대·센텀 다옴법무사사무소. 해운대·센텀 다옴법무사사무소에서 전화·카카오톡·방문(예약) 상담이 가능합니다.,등기신청 대행 — 상담 전 확인 가이드,상담 시 확인하는 내용,real-estate,,real-estate-registration,consult,true,,true
/전자등기,local,전자등기｜다옴법무사사무소,전자등기 검색 안내. 전자등기·전자신청 기준의 준비서류·절차·자주 하는 실수·FAQ를 정리했습니다. 해운대·센텀 다옴법무사사무소. 해운대·센텀 다옴법무사사무소에서 전화·카카오톡·방문(예약) 상담이 가능합니다.,전자등기 — 상담 전 확인 가이드,상담 시 확인하는 내용,real-estate,,real-estate-registration,consult,true,,true
/전자신청,local,전자신청｜다옴법무사사무소,전자신청 검색 안내. 등기 전자신청 기준의 준비서류·절차·자주 하는 실수·FAQ를 정리했습니다. 해운대·센텀 다옴법무사사무소. 해운대·센텀 다옴법무사사무소에서 전화·카카오톡·방문(예약) 상담이 가능합니다.,전자신청 — 상담 전 확인 가이드,상담 시 확인하는 내용,real-estate,,real-estate-registration,consult,true,,true
/등기소제출,local,등기소 제출｜다옴법무사사무소,등기소 제출 검색 안내. 등기소 제출·접수 기준의 준비서류·절차·자주 하는 실수·FAQ를 정리했습니다. 해운대·센텀 다옴법무사사무소. 해운대·센텀 다옴법무사사무소에서 전화·카카오톡·방문(예약) 상담이 가능합니다.,등기소 제출 — 상담 전 확인 가이드,상담 시 확인하는 내용,real-estate,,real-estate-registration,consult,true,,true
/등기보정,local,등기 보정｜다옴법무사사무소,등기 보정 검색 안내. 등기 보정 대응 기준의 준비서류·절차·자주 하는 실수·FAQ를 정리했습니다. 해운대·센텀 다옴법무사사무소. 해운대·센텀 다옴법무사사무소에서 전화·카카오톡·방문(예약) 상담이 가능합니다.,등기 보정 — 상담 전 확인 가이드,상담 시 확인하는 내용,real-estate,,real-estate-registration,consult,true,,true
/등기완료기간,local,등기 완료기간｜다옴법무사사무소,등기 완료기간 검색 안내. 등기 완료·처리 기간 기준의 준비서류·절차·자주 하는 실수·FAQ를 정리했습니다. 해운대·센텀 다옴법무사사무…,등기 완료기간 — 상담 전 확인 가이드,상담 시 확인하는 내용,real-estate,,real-estate-registration,consult,true,,true
/등기접수,local,등기 접수｜다옴법무사사무소,등기 접수 검색 안내. 등기 접수 절차 기준의 준비서류·절차·자주 하는 실수·FAQ를 정리했습니다. 해운대·센텀 다옴법무사사무소. 해운대·센텀 다옴법무사사무소에서 전화·카카오톡·방문(예약) 상담이 가능합니다.,등기 접수 — 상담 전 확인 가이드,상담 시 확인하는 내용,real-estate,,real-estate-registration,consult,true,,true
/등기처리기간,local,등기 처리기간｜다옴법무사사무소,등기 처리기간 검색 안내. 등기 처리기간 기준의 준비서류·절차·자주 하는 실수·FAQ를 정리했습니다. 해운대·센텀 다옴법무사사무소. 해운대·센텀 다옴법무사사무소에서 전화·카카오톡·방문(예약) 상담이 가능합니다.,등기 처리기간 — 상담 전 확인 가이드,상담 시 확인하는 내용,real-estate,,real-estate-registration,consult,true,,true
/부산개인회생상담,local,부산 개인회생 상담｜다옴법무사사무소,부산 개인회생 상담 검색 안내. 개인회생 상담 기준의 준비서류·절차·자주 하는 실수·FAQ를 정리했습니다. 해운대·센텀 다옴법무사사무소. 해운대·센텀 다옴법무사사무소에서 전화·카카오톡·방문(예약) 상담이 가능합니다.,부산 개인회생 상담 — 상담 전 확인 가이드,상담 시 확인하는 내용,insolvency,부산,personal-rehabilitation,consult,true,,true
/부산개인회생신청,local,부산 개인회생 신청｜다옴법무사사무소,부산 개인회생 신청 검색 안내. 개인회생 신청 기준의 준비서류·절차·자주 하는 실수·FAQ를 정리했습니다. 해운대·센텀 다옴법무사사무소. 해운대·센텀 다옴법무사사무소에서 전화·카카오톡·방문(예약) 상담이 가능합니다.,부산 개인회생 신청 — 상담 전 확인 가이드,상담 시 확인하는 내용,insolvency,부산,personal-rehabilitation,consult,true,,true
/부산파산신청,local,부산 파산신청｜다옴법무사사무소,부산 파산신청 검색 안내. 파산 신청 기준의 준비서류·절차·자주 하는 실수·FAQ를 정리했습니다. 해운대·센텀 다옴법무사사무소. 해운대·센텀 다옴법무사사무소에서 전화·카카오톡·방문(예약) 상담이 가능합니다.,부산 파산신청 — 상담 전 확인 가이드,상담 시 확인하는 내용,insolvency,부산,bankruptcy,consult,true,,true
/부산개인파산상담,local,부산 개인파산 상담｜다옴법무사사무소,부산 개인파산 상담 검색 안내. 개인파산 상담 기준의 준비서류·절차·자주 하는 실수·FAQ를 정리했습니다. 해운대·센텀 다옴법무사사무소. 해운대·센텀 다옴법무사사무소에서 전화·카카오톡·방문(예약) 상담이 가능합니다.,부산 개인파산 상담 — 상담 전 확인 가이드,상담 시 확인하는 내용,insolvency,부산,bankruptcy,consult,true,,true
/부산면책신청,local,부산 면책신청｜다옴법무사사무소,부산 면책신청 검색 안내. 면책 신청 기준의 준비서류·절차·자주 하는 실수·FAQ를 정리했습니다. 해운대·센텀 다옴법무사사무소. 해운대·센텀 다옴법무사사무소에서 전화·카카오톡·방문(예약) 상담이 가능합니다.,부산 면책신청 — 상담 전 확인 가이드,상담 시 확인하는 내용,insolvency,부산,bankruptcy,consult,true,,true
/부산회생상담,local,부산 회생 상담｜다옴법무사사무소,부산 회생 상담 검색 안내. 회생 상담 기준의 준비서류·절차·자주 하는 실수·FAQ를 정리했습니다. 해운대·센텀 다옴법무사사무소. 해운대·센텀 다옴법무사사무소에서 전화·카카오톡·방문(예약) 상담이 가능합니다.,부산 회생 상담 — 상담 전 확인 가이드,상담 시 확인하는 내용,insolvency,부산,personal-rehabilitation,consult,true,,true
/법무사상담전준비,local,법무사 상담 전 준비｜다옴법무사사무소,법무사 상담 전 준비 검색 안내. 상담 전 준비 기준의 준비서류·절차·자주 하는 실수·FAQ를 정리했습니다. 해운대·센텀 다옴법무사사무…,법무사 상담 전 준비 — 상담 전 확인 가이드,상담 시 확인하는 내용,local,사상,inheritance-registration,consult,true,,true
/법무사방문전준비,local,법무사 방문 전 준비｜다옴법무사사무소,법무사 방문 전 준비 검색 안내. 방문 상담 준비 기준의 준비서류·절차·자주 하는 실수·FAQ를 정리했습니다. 해운대·센텀 다옴법무사사…,법무사 방문 전 준비 — 상담 전 확인 가이드,상담 시 확인하는 내용,local,,inheritance-registration,consult,true,,true
/등기준비서류,local,등기 준비서류｜다옴법무사사무소,등기 준비서류 검색 안내. 등기 준비서류 기준의 준비서류·절차·자주 하는 실수·FAQ를 정리했습니다. 해운대·센텀 다옴법무사사무소. 해운대·센텀 다옴법무사사무소에서 전화·카카오톡·방문(예약) 상담이 가능합니다.,등기 준비서류 — 상담 전 확인 가이드,상담 시 확인하는 내용,real-estate,,real-estate-registration,consult,true,,true
/등기얼마나걸리나요,local,등기 얼마나 걸리나요｜다옴법무사사무소,등기 얼마나 걸리나요 검색 안내. 등기 소요 기간 기준의 준비서류·절차·자주 하는 실수·FAQ를 정리했습니다. 해운대·센텀 다옴법무사사…,등기 얼마나 걸리나요 — 상담 전 확인 가이드,상담 시 확인하는 내용,real-estate,,real-estate-registration,consult,true,,true
/등기언제끝나나요,local,등기 언제 끝나나요｜다옴법무사사무소,등기 언제 끝나나요 검색 안내. 등기 완료 시점 기준의 준비서류·절차·자주 하는 실수·FAQ를 정리했습니다. 해운대·센텀 다옴법무사사무…,등기 언제 끝나나요 — 상담 전 확인 가이드,상담 시 확인하는 내용,real-estate,,real-estate-registration,consult,true,,true
/등기어디서하나요,local,등기 어디서 하나요｜다옴법무사사무소,등기 어디서 하나요 검색 안내. 등기 관할·장소 기준의 준비서류·절차·자주 하는 실수·FAQ를 정리했습니다. 해운대·센텀 다옴법무사사무…,등기 어디서 하나요 — 상담 전 확인 가이드,상담 시 확인하는 내용,real-estate,,real-estate-registration,consult,true,,true
/등기소어디인가요,local,등기소 어디인가요｜다옴법무사사무소,등기소 어디인가요 검색 안내. 관할 등기소 확인 기준의 준비서류·절차·자주 하는 실수·FAQ를 정리했습니다. 해운대·센텀 다옴법무사사무…,등기소 어디인가요 — 상담 전 확인 가이드,상담 시 확인하는 내용,real-estate,부산,real-estate-registration,consult,true,,true
/법무사맡기면달라지는점,local,법무사에게 맡기면 뭐가 달라지나요｜다옴법무사사무소,법무사에게 맡기면 뭐가 달라지나요 검색 안내. 직접 진행 vs 대행 기준의 준비서류·절차·자주 하는 실수·FAQ를 정리했습니다. 해운대·센텀 다옴법무사사무소.,법무사에게 맡기면 뭐가 달라지나요 — 상담 전 확인 가이드,상담 시 확인하는 내용,real-estate,,real-estate-registration,consult,true,,true
/공공기관법인등기,local,공공기관 법인등기｜다옴법무사사무소,공공기관 법인등기 검색 안내. 공공기관 법인등기 실무 기준의 준비서류·절차·자주 하는 실수·FAQ를 정리했습니다. 해운대·센텀 다옴법무사사무소.,공공기관 법인등기 — 상담 전 확인 가이드,상담 시 확인하는 내용,corporate,,corporate-registration,consult,true,,true
/공공기관부동산등기,local,공공기관 부동산등기｜다옴법무사사무소,공공기관 부동산등기 검색 안내. 공공기관 부동산등기 실무 기준의 준비서류·절차·자주 하는 실수·FAQ를 정리했습니다. 해운대·센텀 다옴법무사사무소.,공공기관 부동산등기 — 상담 전 확인 가이드,상담 시 확인하는 내용,real-estate,,real-estate-registration,consult,true,,true
/공기업등기,local,공기업 등기｜다옴법무사사무소,공기업 등기 검색 안내. 공기업 등기 기준의 준비서류·절차·자주 하는 실수·FAQ를 정리했습니다. 해운대·센텀 다옴법무사사무소. 해운대·센텀 다옴법무사사무소에서 전화·카카오톡·방문(예약) 상담이 가능합니다.,공기업 등기 — 상담 전 확인 가이드,상담 시 확인하는 내용,real-estate,,corporate-registration,consult,true,,true
/촉탁등기,local,촉탁등기｜다옴법무사사무소,촉탁등기 검색 안내. 촉탁등기 절차 기준의 준비서류·절차·자주 하는 실수·FAQ를 정리했습니다. 해운대·센텀 다옴법무사사무소. 해운대·센텀 다옴법무사사무소에서 전화·카카오톡·방문(예약) 상담이 가능합니다.,촉탁등기 — 상담 전 확인 가이드,상담 시 확인하는 내용,real-estate,,real-estate-registration,consult,true,,true
/공공기관촉탁등기,local,공공기관 촉탁등기｜다옴법무사사무소,공공기관 촉탁등기 검색 안내. 공공기관 촉탁등기 기준의 준비서류·절차·자주 하는 실수·FAQ를 정리했습니다. 해운대·센텀 다옴법무사사무…,공공기관 촉탁등기 — 상담 전 확인 가이드,상담 시 확인하는 내용,real-estate,,real-estate-registration,consult,true,,true
/지방공기업등기,local,지방공기업 등기｜다옴법무사사무소,지방공기업 등기 검색 안내. 지방공기업 등기 기준의 준비서류·절차·자주 하는 실수·FAQ를 정리했습니다. 해운대·센텀 다옴법무사사무소. 해운대·센텀 다옴법무사사무소에서 전화·카카오톡·방문(예약) 상담이 가능합니다.,지방공기업 등기 — 상담 전 확인 가이드,상담 시 확인하는 내용,corporate,,corporate-registration,consult,true,,true
/공공기관이전등기,local,공공기관 이전등기｜다옴법무사사무소,공공기관 이전등기 검색 안내. 공공기관 이전등기 기준의 준비서류·절차·자주 하는 실수·FAQ를 정리했습니다. 해운대·센텀 다옴법무사사무…,공공기관 이전등기 — 상담 전 확인 가이드,상담 시 확인하는 내용,real-estate,,ownership-transfer,consult,true,,true
/신축보존등기,local,신축 보존등기｜다옴법무사사무소,신축 보존등기 검색 안내. 신축 보존등기 기준의 준비서류·절차·자주 하는 실수·FAQ를 정리했습니다. 해운대·센텀 다옴법무사사무소. 해운대·센텀 다옴법무사사무소에서 전화·카카오톡·방문(예약) 상담이 가능합니다.,신축 보존등기 — 상담 전 확인 가이드,상담 시 확인하는 내용,real-estate,,ownership-transfer,consult,true,,true
/건물보존등기,local,건물 보존등기｜다옴법무사사무소,건물 보존등기 검색 안내. 건물 보존등기 기준의 준비서류·절차·자주 하는 실수·FAQ를 정리했습니다. 해운대·센텀 다옴법무사사무소. 해운대·센텀 다옴법무사사무소에서 전화·카카오톡·방문(예약) 상담이 가능합니다.,건물 보존등기 — 상담 전 확인 가이드,상담 시 확인하는 내용,real-estate,,ownership-transfer,consult,true,,true
/집합건물보존등기,local,집합건물 보존등기｜다옴법무사사무소,집합건물 보존등기 검색 안내. 집합건물 보존등기 기준의 준비서류·절차·자주 하는 실수·FAQ를 정리했습니다. 해운대·센텀 다옴법무사사무…,집합건물 보존등기 — 상담 전 확인 가이드,상담 시 확인하는 내용,real-estate,,ownership-transfer,consult,true,,true
/오피스텔보존등기,local,오피스텔 보존등기｜다옴법무사사무소,오피스텔 보존등기 검색 안내. 오피스텔 보존등기 기준의 준비서류·절차·자주 하는 실수·FAQ를 정리했습니다. 해운대·센텀 다옴법무사사무…,오피스텔 보존등기 — 상담 전 확인 가이드,상담 시 확인하는 내용,real-estate,,ownership-transfer,consult,true,,true
/상가보존등기,local,상가 보존등기｜다옴법무사사무소,상가 보존등기 검색 안내. 상가 보존등기 기준의 준비서류·절차·자주 하는 실수·FAQ를 정리했습니다. 해운대·센텀 다옴법무사사무소. 해운대·센텀 다옴법무사사무소에서 전화·카카오톡·방문(예약) 상담이 가능합니다.,상가 보존등기 — 상담 전 확인 가이드,상담 시 확인하는 내용,real-estate,,ownership-transfer,consult,true,,true
/건축주준비서류,local,건축주 준비서류｜다옴법무사사무소,건축주 준비서류 검색 안내. 건축주 서류 준비 기준의 준비서류·절차·자주 하는 실수·FAQ를 정리했습니다. 해운대·센텀 다옴법무사사무소. 해운대·센텀 다옴법무사사무소에서 전화·카카오톡·방문(예약) 상담이 가능합니다.,건축주 준비서류 — 상담 전 확인 가이드,상담 시 확인하는 내용,real-estate,,ownership-transfer,consult,true,,true
/사용승인후등기,local,사용승인 후 등기｜다옴법무사사무소,사용승인 후 등기 검색 안내. 사용승인 후 보존등기 기준의 준비서류·절차·자주 하는 실수·FAQ를 정리했습니다. 해운대·센텀 다옴법무사…,사용승인 후 등기 — 상담 전 확인 가이드,상담 시 확인하는 내용,real-estate,,ownership-transfer,consult,true,,true
/상속등기실수모음,local,상속등기에서 많이 하는 실수｜다옴법무사사무소,상속등기에서 많이 하는 실수 검색 안내. 상속등기 실수 예방 기준의 준비서류·절차·자주 하는 실수·FAQ를 정리했습니다. 해운대·센텀 다옴법무사사무소.,상속등기에서 많이 하는 실수 — 상담 전 확인 가이드,상담 시 확인하는 내용,inheritance,부산,inheritance-registration,consult,true,,true
/법인등기실수모음,local,법인등기에서 많이 하는 실수｜다옴법무사사무소,법인등기에서 많이 하는 실수 검색 안내. 법인등기 실수 예방 기준의 준비서류·절차·자주 하는 실수·FAQ를 정리했습니다. 해운대·센텀 다옴법무사사무소.,법인등기에서 많이 하는 실수 — 상담 전 확인 가이드,상담 시 확인하는 내용,corporate,,corporate-registration,consult,true,,true
/개인회생실수모음,local,개인회생에서 많이 하는 실수｜다옴법무사사무소,개인회생에서 많이 하는 실수 검색 안내. 개인회생 실수 예방 기준의 준비서류·절차·자주 하는 실수·FAQ를 정리했습니다. 해운대·센텀 다옴법무사사무소.,개인회생에서 많이 하는 실수 — 상담 전 확인 가이드,상담 시 확인하는 내용,insolvency,,personal-rehabilitation,consult,true,,true
/부동산등기실수모음,local,부동산등기에서 많이 하는 실수｜다옴법무사사무소,부동산등기에서 많이 하는 실수 검색 안내. 부동산등기 실수 예방 기준의 준비서류·절차·자주 하는 실수·FAQ를 정리했습니다. 해운대·센텀 다옴법무사사무소.,부동산등기에서 많이 하는 실수 — 상담 전 확인 가이드,상담 시 확인하는 내용,real-estate,,real-estate-registration,consult,true,,true
/집단등기실수모음,local,집단등기에서 많이 하는 실수｜다옴법무사사무소,집단등기에서 많이 하는 실수 검색 안내. 집단등기 실수 예방 기준의 준비서류·절차·자주 하는 실수·FAQ를 정리했습니다. 해운대·센텀 다옴법무사사무소.,집단등기에서 많이 하는 실수 — 상담 전 확인 가이드,상담 시 확인하는 내용,real-estate,,ownership-transfer,consult,true,,true
/상속등기체크리스트,local,상속등기 체크리스트｜다옴법무사사무소,상속등기 체크리스트 검색 안내. 상속등기 체크리스트 기준의 준비서류·절차·자주 하는 실수·FAQ를 정리했습니다. 해운대·센텀 다옴법무사…,상속등기 체크리스트 — 상담 전 확인 가이드,상담 시 확인하는 내용,inheritance,,inheritance-registration,consult,true,,true
/법인등기체크리스트,local,법인등기 체크리스트｜다옴법무사사무소,법인등기 체크리스트 검색 안내. 법인등기 체크리스트 기준의 준비서류·절차·자주 하는 실수·FAQ를 정리했습니다. 해운대·센텀 다옴법무사…,법인등기 체크리스트 — 상담 전 확인 가이드,상담 시 확인하는 내용,corporate,,corporate-registration,consult,true,,true
/개인회생체크리스트,local,개인회생 체크리스트｜다옴법무사사무소,개인회생 체크리스트 검색 안내. 개인회생 체크리스트 기준의 준비서류·절차·자주 하는 실수·FAQ를 정리했습니다. 해운대·센텀 다옴법무사…,개인회생 체크리스트 — 상담 전 확인 가이드,상담 시 확인하는 내용,insolvency,,personal-rehabilitation,consult,true,,true
/부동산등기체크리스트,local,부동산등기 체크리스트｜다옴법무사사무소,부동산등기 체크리스트 검색 안내. 부동산등기 체크리스트 기준의 준비서류·절차·자주 하는 실수·FAQ를 정리했습니다. 해운대·센텀 다옴법무사사무소.,부동산등기 체크리스트 — 상담 전 확인 가이드,상담 시 확인하는 내용,real-estate,,real-estate-registration,consult,true,,true
/신축보존등기체크리스트,local,신축 보존등기 체크리스트｜다옴법무사사무소,신축 보존등기 체크리스트 검색 안내. 신축 보존등기 체크리스트 기준의 준비서류·절차·자주 하는 실수·FAQ를 정리했습니다. 해운대·센텀 다옴법무사사무소.,신축 보존등기 체크리스트 — 상담 전 확인 가이드,상담 시 확인하는 내용,real-estate,,ownership-transfer,consult,true,,true
/왜상속등기비용이다를까,local,왜 상속등기 비용이 다를까｜다옴법무사사무소,왜 상속등기 비용이 다를까 검색 안내. 상속등기 비용 차이 기준의 준비서류·절차·자주 하는 실수·FAQ를 정리했습니다. 해운대·센텀 다옴법무사사무소.,왜 상속등기 비용이 다를까 — 상담 전 확인 가이드,상담 시 확인하는 내용,inheritance,,inheritance-registration,consult,true,,true
/왜법인등기비용이다를까,local,왜 법인등기 비용이 다를까｜다옴법무사사무소,왜 법인등기 비용이 다를까 검색 안내. 법인등기 비용 차이 기준의 준비서류·절차·자주 하는 실수·FAQ를 정리했습니다. 해운대·센텀 다옴법무사사무소.,왜 법인등기 비용이 다를까 — 상담 전 확인 가이드,상담 시 확인하는 내용,corporate,,corporate-registration,consult,true,,true
/왜개인회생비용이다를까,local,왜 개인회생 비용이 다를까｜다옴법무사사무소,왜 개인회생 비용이 다를까 검색 안내. 개인회생 비용 차이 기준의 준비서류·절차·자주 하는 실수·FAQ를 정리했습니다. 해운대·센텀 다옴법무사사무소.,왜 개인회생 비용이 다를까 — 상담 전 확인 가이드,상담 시 확인하는 내용,insolvency,,personal-rehabilitation,consult,true,,true
/등기실무,local,등기 실무 안내｜다옴법무사사무소,등기 실무 안내 검색 안내. 등기 실무 허브 기준의 준비서류·절차·자주 하는 실수·FAQ를 정리했습니다. 해운대·센텀 다옴법무사사무소. 해운대·센텀 다옴법무사사무소에서 전화·카카오톡·방문(예약) 상담이 가능합니다.,등기 실무 안내 — 상담 전 확인 가이드,상담 시 확인하는 내용,real-estate,부산,real-estate-registration,consult,true,,true
/특수등기의뢰,local,특수 등기 의뢰｜다옴법무사사무소,특수 등기 의뢰 검색 안내. 특수 등기·협업 의뢰 기준의 준비서류·절차·자주 하는 실수·FAQ를 정리했습니다. 해운대·센텀 다옴법무사사…,특수 등기 의뢰 — 상담 전 확인 가이드,상담 시 확인하는 내용,real-estate,,real-estate-registration,consult,true,,true
/법무사협업,local,법무사 협업｜다옴법무사사무소,법무사 협업 검색 안내. B2B 협업 기준의 준비서류·절차·자주 하는 실수·FAQ를 정리했습니다. 해운대·센텀 다옴법무사사무소. 해운대·센텀 다옴법무사사무소에서 전화·카카오톡·방문(예약) 상담이 가능합니다.,법무사 협업 — 상담 전 확인 가이드,상담 시 확인하는 내용,real-estate,부산,real-estate-registration,consult,true,,true
/부산잔금일법무사,local,부산 잔금일 법무사｜다옴법무사사무소,부산 잔금일 법무사 검색 안내. 잔금일·말소·이전 일정 기준의 준비서류·절차·자주 하는 실수·FAQ를 정리했습니다. 해운대·센텀 다옴법무사사무소.,부산 잔금일 법무사 — 상담 전 확인 가이드,이런 상황이라면 — 잔금·대출·등기 | 은행 대출이 포함된 부동산 잔금을 준비하는 경우,real-estate,부산,ownership-transfer,consult,true,,true
/부산매매등기법무사,local,부산 매매등기 법무사｜계약·잔금·소유권이전 절차 안내,"부산 매매등기 법무사를 찾을 때 확인할 매수인·매도인 서류, 잔금일 진행, 취득세·채권·수수료 항목, 대출·근저당 연동을 정리했습니다. 세금은 개별 확인이 필요합니다.","부산 매매등기, 계약부터 잔금·소유권이전까지 확인할 기준",상담 시 확인하는 내용,real-estate,부산,ownership-transfer,cost,true,,true
/부산증여등기,local,부산 증여등기 법무사｜부모·자녀·부부 간 부동산을 이전하기 전 확인할 사항,"부산 부동산 증여등기 전 확인할 계약과 등기의 관계, 준비서류, 취득세·증여세와 법무사 보수의 차이, 권리관계 점검 포인트를 안내합니다. 세금 액수는 세무 확인이 필요합니다.","부산 부동산 증여등기, 계약 전에 확인할 절차와 준비서류",상담 시 확인하는 내용,real-estate,부산,ownership-transfer,cost,true,,true
/부산부모자녀아파트증여등기,local,부산 부모 자녀 아파트 증여등기｜이전 전에 확인할 서류와 세금 구분,"부모가 자녀에게 아파트를 증여할 때 관계 확인 서류, 등기부 권리관계, 취득세·증여세와 법무사 보수의 차이를 안내합니다. 세액은 세무 확인이 필요합니다.","부모 자녀 아파트 증여등기, 이전 전에 확인할 사항",상담 시 확인하는 내용,real-estate,부산,ownership-transfer,informational,true,,true
/부산부부간증여등기,local,부산 부부간 증여등기｜공동명의 변경 전에 살펴볼 서류와 세금,"부부 사이 지분 증여·공동명의 변경 전 확인할 원인, 서류, 취득세·증여세와 법무사 보수 구분을 안내합니다. 세액은 세무 확인이 필요합…","부부 간 증여등기, 공동명의를 바꾸기 전에 확인할 사항",상담 시 확인하는 내용,real-estate,부산,ownership-transfer,informational,true,,true
/부산부담부증여등기,local,부산 부담부증여 등기｜대출과 임대차보증금이 있는 부동산이라면,"근저당·전세보증금이 있는 부동산을 증여할 때 채무·임대차 인수 여부, 등기 권리관계, 세금·비용 구분을 안내합니다. 세액은 세무 확인이 필요합니다.","부담부증여 등기, 대출·전세가 있을 때 먼저 볼 권리관계",상담 시 확인하는 내용,real-estate,부산,ownership-transfer,informational,true,,true
/부산공동명의지분증여등기,local,부산 아파트 지분 증여｜일부 지분만 자녀·배우자에게 이전할 때,"공동명의 부동산의 일부 지분만 증여할 때 확인할 지분 비율, 서류, 권리관계, 세금·비용 구분을 안내합니다. 세액은 세무 확인이 필요합…","공동명의 지분 증여, 일부만 이전할 때 확인할 사항",상담 시 확인하는 내용,real-estate,부산,ownership-transfer,informational,true,,true
/부산명의변경등기,local,부산 명의변경 등기｜실제 등기원인(매매·증여·상속) 먼저 확인,부산 명의변경 등기는 그 자체가 법적 등기원인이 아닙니다. 매매·증여·상속·재산분할·판결 등 실제 원인에 따라 서류·세금이 달라지는 기준을 정리했습니다.,"부산 명의변경 등기, 실제 등기원인부터 정확히 구분하기",상담 시 확인하는 내용,real-estate,부산,ownership-transfer,cost,true,,true
/부산아파트매매등기,local,부산 아파트 매매등기｜집합건물·관리비·전세낀 매매·대출 안내,"부산 아파트 매매등기 진행 전 확인할 집합건물 특성, 관리비 정산, 전세 낀 매매, 잔금 대출·근저당을 정리했습니다. 세금은 개별 확인이 필요합니다.","부산 아파트 매매등기, 집합건물·관리비·대출까지 확인하기",상담 시 확인하는 내용,real-estate,부산,ownership-transfer,cost,true,,true
/부산전세보증금반환법무사,local,부산 전세보증금 반환 법무사｜미반환 상황 점검·등기 안내,"부산에서 전세보증금을 돌려받지 못한 상황에서 확인할 순서, 임차권등기명령과의 관계, 내용증명·지급명령의 위치를 정리했습니다. 소송 대리를 대신하지 않습니다.","부산 전세보증금 반환, 상황 점검과 등기 절차부터 확인",상담 시 확인하는 내용,real-estate,부산,real-estate-registration,commercial,true,,true
/부산임차권등기명령,local,부산 임차권등기명령｜신청 요건·서류·이사 전후 안내,"부산 임차권등기명령의 요건, 필요서류, 신청 기간, 이사(전출) 전후 유의점을 정리한 안내 허브입니다. 비용·서류 페이지와 연계해 확인할 수 있습니다.","부산 임차권등기명령, 요건·서류·이사 시점 정리",,real-estate,부산,real-estate-registration,documents,true,,true
/부산매수인법무사,local,부산 매수인 법무사｜매수인이 직접 선택하는 등기 점검 안내,"부산에서 매수인이 직접 법무사를 선택할 때 확인할 계약·등기부·대출 점검, 잔금일 진행, 공동명의, 근저당 설정을 정리했습니다. 세금은 개별 확인이 필요합니다.","부산 매수인 법무사, 매수인 관점에서 확인할 점검 항목",,real-estate,부산,ownership-transfer,cost,true,,true
/부산경매낙찰등기,local,부산 경매낙찰등기｜대금 납부 후 소유권이전·촉탁·취득세 안내,"부산 경매 낙찰 후 대금 완납, 소유권이전·촉탁등기, 취득세·채권, 낙찰 후 근저당 설정을 정리한 실무 안내. 권리분석 대행이 아닌 낙찰 이후 등기 절차 중심입니다.",부산 경매 낙찰 후 소유권이전·촉탁등기에서 확인할 사항,상담 시 확인하는 내용,real-estate,부산,ownership-transfer,commercial,true,,true
/부산공동명의등기,local,부산 공동명의등기｜부부·가족 공동소유·지분 변경 실무 안내,"부산 공동명의등기: 부부·가족 공동소유, 단독↔공동 전환 시 매매·증여·분할 등 원인, 지분·서류·세금 확인 포인트. 세액은 개별 사정에 따라 달라집니다.",부산 공동명의등기 — 공동소유·명의 전환 전 확인할 사항,상담 시 확인하는 내용,real-estate,부산,ownership-transfer,commercial,true,,true
/부산지분이전등기,local,부산 지분이전등기｜지분 매매·증여·상속 지분 정리 안내,"부산 지분이전등기: 일부 지분 매매·증여, 공유자 연락 곤란, 상속 지분 정리 시 서류·원인·세금 확인 포인트. 전체 소유권이전과 구분해 안내합니다.",부산 지분이전등기 — 일부 지분 이전 전 확인할 사항,상담 시 확인하는 내용,inheritance,부산,ownership-transfer,commercial,true,,true
/부산이혼재산분할등기,local,부산 이혼재산분할등기｜협의·판결 후 명의이전·근저당 정리 안내,"부산 이혼 재산분할등기: 협의서·판결·조정 후 부동산 명의이전, 공동명의 정리, 근저당 말소·승계 확인. 이혼 소송 대행이 아닌 등기 실무 안내입니다.",부산 이혼 재산분할 후 부동산등기에서 확인할 사항,상담 시 확인하는 내용,real-estate,부산,ownership-transfer,commercial,true,,true
/부산입주등기,local,부산 입주등기｜분양·신축 아파트 소유권이전(개인 입주) 안내,"부산 입주등기: 수분양자·매수인 관점의 신축·입주 소유권이전, 보존등기·근저당과의 관계. 단지 단위 집단등기와 구분해 개인 입주 실무를 안내합니다.",부산 입주등기 — 개인 수분양자·매수인 관점에서 확인할 사항,상담 시 확인하는 내용,real-estate,부산,ownership-transfer,commercial,true,,true
/부산셀프등기,local,부산 셀프등기｜직접 신청 vs 법무사 검토 비교·실수 체크,"부산 셀프등기: 직접 신청이 가능한 경우, 법무사 검토가 도움이 되는 경우, 흔한 기재·서류 실수와 보정 포인트. 과장 없이 객관적으로 비교합니다.",부산 셀프등기 — 직접 신청과 검토가 필요할 때 체크리스트,상담 시 확인하는 내용,real-estate,부산,real-estate-registration,documents,true,,true
/부산등기권리증분실,local,부산 등기권리증 분실｜확인서면·매도 시 실무 안내,"부산 등기권리증(등기필증) 분실 시 매도·소유권이전에서 확인서면 등 실무 대응 안내. 분실만으로 소유권이 사라지지 않으며, 서류 대체·일정은 사건별로 확인합니다.",부산 등기권리증 분실 시 매도·이전등기에서 확인할 사항,상담 시 확인하는 내용,real-estate,부산,ownership-transfer,informational,true,,true
/부산빌라매매등기,local,부산 빌라 매매등기｜잔금·소유권이전·서류 확인,"부산 빌라 매매등기: 빌라·다세대주택 매매 후 잔금, 소유권이전, 대출·임대차·관리비 확인사항과 상담 전 준비서류를 안내합니다. 해운대·센텀 다옴법무사사무소에서 전화·카카오톡·방문(예약) 상담이 가능합니다.",부산 빌라 매매등기에서 잔금 전 확인할 등기·서류·비용 항목,상담 시 확인하는 내용,real-estate,부산,ownership-transfer,cost,true,,true
/부산오피스텔매매등기,local,부산 오피스텔 매매등기｜잔금·소유권이전·서류 확인,"부산 오피스텔 매매등기: 오피스텔 매매 후 잔금, 소유권이전, 대출·임대차·관리비 확인사항과 상담 전 준비서류를 안내합니다. 해운대·센텀 다옴법무사사무소에서 전화·카카오톡·방문(예약) 상담이 가능합니다.",부산 오피스텔 매매등기에서 잔금 전 확인할 등기·서류·비용 항목,상담 시 확인하는 내용,real-estate,부산,ownership-transfer,cost,true,,true
/부산상가매매등기,local,부산 상가 매매등기｜잔금·소유권이전·서류 확인,"부산 상가 매매등기: 상가 매매 후 잔금, 소유권이전, 대출·임대차·관리비 확인사항과 상담 전 준비서류를 안내합니다. 해운대·센텀 다옴법무사사무소에서 전화·카카오톡·방문(예약) 상담이 가능합니다.",부산 상가 매매등기에서 잔금 전 확인할 등기·서류·비용 항목,상담 시 확인하는 내용,real-estate,부산,ownership-transfer,cost,true,,true
/부산토지매매등기,local,부산 토지 매매등기｜잔금·소유권이전·서류 확인,"부산 토지 매매등기: 토지 매매 후 잔금, 소유권이전, 대출·임대차·관리비 확인사항과 상담 전 준비서류를 안내합니다. 해운대·센텀 다옴법무사사무소에서 전화·카카오톡·방문(예약) 상담이 가능합니다.",부산 토지 매매등기에서 잔금 전 확인할 등기·서류·비용 항목,상담 시 확인하는 내용,real-estate,부산,ownership-transfer,cost,true,,true
/부산가압류말소등기,local,부산 가압류말소등기｜변제·판결 후 등기부 가압류 정리,부산 가압류말소등기: 변제·합의·판결·채권자 연락 곤란 등 상황별 말소 서류와 매매 전 확인사항을 안내합니다. 해운대·센텀 다옴법무사사무소에서 전화·카카오톡·방문(예약) 상담이 가능합니다.,부산 가압류말소등기에서 먼저 확인할 권리관계와 서류,상담 시 확인하는 내용,real-estate,부산,real-estate-registration,documents,true,,true
/부산압류말소등기,local,부산 압류말소등기｜세금·체납 압류 해제 후 등기 정리,"부산 압류말소등기: 체납·집행 압류 해제 후 등기부 말소, 기관 서류, 매매 전 권리 정리 순서를 안내합니다. 해운대·센텀 다옴법무사사무소에서 전화·카카오톡·방문(예약) 상담이 가능합니다.",부산 압류말소등기에서 기관 해제와 등기부 반영 확인하기,상담 시 확인하는 내용,real-estate,부산,real-estate-registration,documents,true,,true
/부산중도금대출근저당,local,부산 중도금대출 근저당｜대출 실행·근저당 설정 서류와 등기 순서,"부산 중도금대출 근저당: 중도금 대출 실행과 근저당 설정등기, 소유권이전 연동, 은행 서류와 비용 항목을 안내합니다. 해운대·센텀 다옴법무사사무소에서 전화·카카오톡·방문(예약) 상담이 가능합니다.",부산 중도금대출 근저당에서 대출 실행과 근저당 설정을 맞추는 방법,상담 시 확인하는 내용,real-estate,부산,real-estate-registration,cost,true,,true
/부산잔금대출근저당,local,부산 잔금대출 근저당｜대출 실행·근저당 설정 서류와 등기 순서,"부산 잔금대출 근저당: 잔금 대출 실행과 근저당 설정등기, 소유권이전 연동, 은행 서류와 비용 항목을 안내합니다. 해운대·센텀 다옴법무사사무소에서 전화·카카오톡·방문(예약) 상담이 가능합니다.",부산 잔금대출 근저당에서 대출 실행과 근저당 설정을 맞추는 방법,이런 상황이라면 — 잔금·대출·등기 | 은행 대출이 포함된 부동산 잔금을 준비하는 경우 | 상담 시 확인하는 내용,real-estate,부산,real-estate-registration,cost,true,,true
/부산상속후매매등기,local,부산 상속 후 매매등기｜상속등기와 매매 소유권이전 순서,"부산 상속 후 매매등기: 상속받은 집을 바로 매도할 때 상속등기, 협의분할, 매매 소유권이전 순서와 서류를 안내합니다. 해운대·센텀 다옴법무사사무소에서 전화·카카오톡·방문(예약) 상담이 가능합니다.",부산 상속받은 부동산을 매매할 때 등기 순서 확인하기,상담 시 확인하는 내용,inheritance,부산,ownership-transfer,commercial,true,,true
/부산확정일자전세권비교,local,부산 확정일자·전세권 비교｜전입신고·전세권설정·임차권 차이,"부산 확정일자와 전세권설정 차이, 전입신고·임차권등기명령과의 관계를 전세보증금 보호 관점에서 안내합니다. 해운대·센텀 다옴법무사사무소에서 전화·카카오톡·방문(예약) 상담이 가능합니다.","부산 확정일자와 전세권설정, 내 상황에 맞게 비교하기",상담 시 확인하는 내용,real-estate,부산,real-estate-registration,selection,true,,true
/부산외국인부동산등기,local,부산 외국인 부동산등기｜매매·위임장·취득신고 서류 안내,"부산 외국인 부동산등기: 외국인 매수·매도, 외국인등록번호, 위임장·아포스티유, 취득신고 등 별도 확인사항을 안내합니다. 해운대·센텀 다옴법무사사무소에서 전화·카카오톡·방문(예약) 상담이 가능합니다.",부산 외국인 부동산등기에서 확인할 신분·위임·신고 서류,상담 시 확인하는 내용,real-estate,부산,real-estate-registration,documents,true,,true
/부산등기명의인표시변경,local,부산 등기명의인 표시변경｜주소·성명·법인명 변경등기,부산 등기명의인 표시변경: 소유자는 그대로이고 주소·성명·법인 상호·본점 등 표시가 바뀐 경우의 부동산등기 안내입니다. 해운대·센텀 다옴법무사사무소에서 전화·카카오톡·방문(예약) 상담이 가능합니다.,부산 등기명의인 표시변경과 명의변경의 차이,상담 시 확인하는 내용,corporate,부산,real-estate-registration,informational,true,,true
/부산공매낙찰등기,local,부산 공매낙찰등기｜온비드·캠코 낙찰 후 소유권이전,"부산 공매 낙찰등기: 온비드·캠코 등 공매 낙찰 후 대금 납부, 소유권이전, 취득세·채권, 담보 설정 절차를 안내합니다. 해운대·센텀 다옴법무사사무소에서 전화·카카오톡·방문(예약) 상담이 가능합니다.",부산 공매 낙찰 후 소유권이전등기에서 확인할 사항,상담 시 확인하는 내용,real-estate,부산,ownership-transfer,commercial,true,,true
/부산신탁등기,local,부산 신탁등기｜신탁원부·담보신탁·신탁부동산 매매 안내,"부산 신탁등기: 신탁원부 확인, 담보신탁·관리신탁, 신탁부동산 매매와 말소·이전등기에서 확인할 서류와 주의사항. 해운대·센텀 다옴법무사사무소에서 전화·카카오톡·방문(예약) 상담이 가능합니다.",부산 신탁등기와 신탁부동산 거래 전 확인할 사항,상담 시 확인하는 내용,real-estate,부산,real-estate-registration,informational,true,,true
/부모님사망후해야할일,local,부모님 사망 후 해야 할 일｜장례가 끝난 뒤 재산과 채무를 확인하는 순서,"장례 직후 무엇을 먼저 해야 할지, 사망신고·재산·채무 확인·상속 선택까지 시간 순서로 안내합니다. 업무명을 몰라도 사망일과 가족관계부터 문의할 수 있습니다.","부모님 사망 후 해야 할 일, 장례가 끝난 뒤부터 정리하기",상담 시 확인하는 내용,inheritance,,inheritance-registration,informational,true,,true
/장례후재산채무정리,local,장례 후 재산·채무 정리 순서｜예금·부동산·빚을 어디서부터 확인할까,장례가 끝난 뒤 예금·부동산·보험·채무를 어떤 순서로 확인할지 안내합니다. 안심상속 결과와 별도 확인이 필요한 자료를 구분해 설명합니다. 해운대·센텀 다옴법무사사무소에서 전화·카카오톡·방문(예약) 상담이 가능합니다.,"장례 후 재산과 채무, 어디서부터 정리할까요",상담 시 확인하는 내용,local,,inheritance-registration,informational,true,,true
/사망신고와상속등기차이,local,사망신고 후 상속등기는 자동으로 될까｜부동산 명의를 정리하는 방법,"사망신고는 행정기관 절차이고 상속등기는 부동산 명의이전 절차입니다. 누가 무엇을 처리하는지, 상속포기·한정승인과 어떻게 연결되는지 구분…","사망신고와 상속등기, 무엇이 다른가요",상담 시 확인하는 내용,inheritance,,inheritance-registration,informational,true,,true
/안심상속원스톱서비스이후,local,안심상속 원스톱서비스 신청 후｜결과를 받기 전에 해야 할 일,"안심상속 원스톱서비스 신청 후 결과를 기다리는 동안 확인할 기한, 누락될 수 있는 재산·채무, 상속포기·한정승인·등기와의 연결을 안내합…","안심상속 원스톱서비스 신청 후, 결과 전에 확인할 일",상담 시 확인하는 내용,inheritance,,qualified-acceptance,commercial,true,,true
/사망자재산채무조회,local,사망자 재산·채무 조회｜예금·부동산·보험·빚을 확인하는 방법,사망자 금융·부동산·보험·채무 조회 범위와 별도 확인이 필요한 자료를 안내합니다. 조회 결과를 상속포기·한정승인·등기와 연결하는 방법을 설명합니다.,"사망자 재산과 채무, 어떻게 확인할까요",상담 시 확인하는 내용,local,,inheritance-registration,informational,true,,true
/부모빚상속방법,local,부모님 빚을 뒤늦게 알았다면｜상속포기와 한정승인 전 확인사항,"재산보다 빚이 많거나 채무가 불명확할 때 상속포기·한정승인을 검토하는 기준과 기한, 상담 전 확인할 자료를 안내합니다. 해운대·센텀 다옴법무사사무소에서 전화·카카오톡·방문(예약) 상담이 가능합니다.","부모 빚이 있을 때, 상속·포기·한정승인 중 무엇부터",상담 시 확인하는 내용,inheritance,,qualified-acceptance,informational,true,,true
/방문없이준비하는상속등기,local,법무사 사무소에 방문하기 어렵다면｜상속등기를 서류로 준비하는 순서,전화·카카오톡으로 상속등기 절차와 서류를 먼저 확인하는 방법을 안내합니다. 공동상속인 분산·타지역 부동산·해외 상속인·포기·한정은 각각 전용 안내로 연결합니다.,방문 없이 상속등기를 준비할 때 확인하는 순서,상담 시 확인하는 내용,inheritance,,inheritance-registration,documents,true,,true
/상속상담전준비서류와비용,local,부산 상속 법무사 상담 전｜사망일·가족관계·재산자료를 준비하는 방법,상속 상담 전 준비하면 좋은 자료와 비용 구성(보수·세금·공과금)을 안내합니다. 업무명을 몰라도 사망일·가족관계부터 문의할 수 있습니다. 해운대·센텀 다옴법무사사무소에서 전화·카카오톡·방문(예약) 상담이 가능합니다.,"상속 상담 전, 사망일과 가족관계부터 준비하기",상담 시 확인하는 내용,inheritance,부산,inheritance-registration,consult,true,,true
/오래된상속토지정리,local,할아버지 명의 토지가 남아 있다면｜여러 세대가 지난 상속등기 절차,오래전 사망한 조상 명의 토지·주택을 정리할 때 제적등본·상속인 확인·연속상속 순서를 안내합니다. 등기권리증이 없어도 확인 순서부터 살펴볼 수 있습니다.,"오래된 상속토지, 여러 세대가 지났을 때 확인 순서",상담 시 확인하는 내용,inheritance,,inheritance-registration,informational,true,,true
/연락두절상속인,local,연락되지 않는 상속인이 있다면｜상속등기·포기를 진행하기 전 확인사항,상속인 중 연락이 닿지 않을 때 협의·서류·다음 절차를 어떻게 보는지 안내합니다. 공유자 연락두절 멸실등기와는 다른 상속인 문제에 초점을 둡니다.,연락두절 상속인이 있을 때 먼저 확인할 사항,상담 시 확인하는 내용,inheritance,,inheritance-registration,informational,true,,true
/미성년상속인,local,미성년 상속인이 있는 상속｜법정대리와 준비서류를 확인하세요,미성년 자녀·손자녀가 상속인일 때 법정대리·서류·이해상반 여부를 확인하는 순서를 안내합니다. 세무·후견은 별도 검토가 필요할 수 있습니…,미성년 상속인이 있을 때 확인하는 서류와 절차,상담 시 확인하는 내용,inheritance,,inheritance-registration,documents,true,,true
/재혼가정상속,local,재혼한 부모님의 상속관계｜전혼 자녀와 현재 배우자를 함께 확인할 때,재혼·전혼 자녀·현재 배우자가 있는 상속에서 상속인 범위와 서류·등기 연결을 안내합니다. 단순 상속순위 설명이 아니라 실무 확인 포인트를 정리합니다.,"재혼가정 상속, 전혼 자녀와 현재 배우자를 함께 볼 때",상담 시 확인하는 내용,inheritance,,inheritance-registration,informational,true,,true
/고인계좌장례비사용,local,사망자 계좌에서 장례비를 사용했다면｜상속절차에 미치는 영향,고인 예금으로 장례비를 냈거나 인출한 경우 상속포기·한정승인 검토에 어떤 확인이 필요한지 안내합니다. 개별 사정에 따라 달라질 수 있음을 명시합니다.,고인 계좌에서 장례비를 썼다면 무엇을 확인할까요,상담 시 확인하는 내용,inheritance,,qualified-acceptance,informational,true,,true
/사망후3개월지난상속,local,상속재산보다 채무가 많다면｜3개월 안에 확인할 선택지와 기한 경과 시,"상속 개시 인지 후 3개월 기한과, 기한이 지났거나 빚을 뒤늦게 알게 된 경우 확인할 점을 안내합니다. 특별한정승인 여부는 사실관계에 따릅니다.","사망 후 3개월, 기한 안과 기한 후에 확인할 선택",상담 시 확인하는 내용,inheritance,,qualified-acceptance,informational,true,,true
/해외거주상속인,local,해외 거주 상속인이 있는 상속등기｜서명·위임서류를 준비하는 순서,해외 거주·외국 국적 상속인이 있을 때 위임·서명증명·서류 전달 순서를 안내합니다. 완전 비대면 보장이 아니라 해외서류 요구를 명시합니…,해외 거주 상속인이 있을 때 서류와 진행 순서,상담 시 확인하는 내용,inheritance,,inheritance-registration,documents,true,,true
/임대인사망전세계약,local,임대인이 사망한 전세계약｜보증금과 상속인 확인방법,임대인 사망 후 전세보증금·계약 승계·상속인 확인이 필요한 이유를 안내합니다. 임차권등기·보증금 반환과 상속 절차를 구분해 설명합니다. 해운대·센텀 다옴법무사사무소에서 전화·카카오톡·방문(예약) 상담이 가능합니다.,"임대인이 사망했다면, 전세보증금은 누구에게 확인하나요",상담 시 확인하는 내용,inheritance,,inheritance-registration,informational,true,,true
/경상도비대면상속등기,local,"경상도 비대면 상속등기｜경남·울산·경북 부동산, 방문 없이 준비하는 방법",경남·울산·경북 등 경상도 지역 상속부동산을 방문 없이 준비하는 방법을 안내합니다. 통영·거제·울주 등 원거리 지역의 원본서류·추가 절차도 함께 설명합니다.,"경상도 상속등기, 방문 없이 준비하는 방법과 한계",상담 시 확인하는 내용,inheritance,,inheritance-registration,documents,true,,true
/타지역상속인경상도부동산,local,"상속인은 부산·수도권에, 부동산은 경남·울산·경북에 있다면",피상속인이나 부동산은 경남·울산·경북에 있고 상속인은 부산·수도권·해외에 있는 경우 확인할 순서를 안내합니다. 협의분할·위임·원본서류 절차를 구분해 설명합니다.,"상속인은 다른 지역에, 부동산은 경상도에 있을 때",상담 시 확인하는 내용,inheritance,부산,inheritance-registration,informational,true,,true
/방문없이준비하는법무사업무,local,방문 없이 준비할 수 있는 법무사 업무｜상속·등기·법인 절차 안내,사무소 방문이 어려운 경우 전화·서류로 먼저 확인할 수 있는 상속·등기·법인 업무 범위와 원본·본인확인이 필요한 한계를 안내합니다. 완전 비대면·전국 무조건 가능이라고 단정하지 않습니다.,"법무사 사무소에 방문하기 어렵다면, 서류와 전화로 먼저 확인할 수 있는 업무",상담 시 확인하는 내용,local,,inheritance-registration,documents,true,,true
/상속인이여러지역에있는경우,local,상속인이 전국에 흩어져 있다면｜한곳에 모이지 않고 상속등기를 준비하는 방법,공동상속인이 서울·부산·대구·해외처럼 흩어져 있을 때 대표 연락·서류 수집·협의분할 서명 순서를 안내합니다. 부동산이 여러 곳인 경우와는 쟁점을 구분합니다.,"상속인이 전국에 흩어져 있다면, 한곳에 모이지 않고 준비하는 순서",상담 시 확인하는 내용,inheritance,,inheritance-registration,documents,true,,true
/부동산과거주지가다른상속등기,local,부동산과 거주지가 다른 경우｜타지역 상속등기를 맡기기 전 확인할 사항,상속인은 A시에 살고 부동산은 B시에 있을 때 관할·서류·방문 필요 여부를 안내합니다. 여러 지역 부동산 일괄 정리·경상도 특화 안내와 의도를 구분합니다.,부동산과 거주지가 달라도 상속등기를 진행할 수 있을까,상담 시 확인하는 내용,inheritance,,inheritance-registration,informational,true,,true
/방문없이준비하는상속포기한정승인,local,상속포기 기한이 얼마 남지 않았다면｜타지역에서도 먼저 준비할 사항,방문 없이 상속포기·한정승인 서류를 준비하는 순서와 가정법원 관할·원본 제출·기한 확인 방법을 안내합니다. 온라인으로 모든 법원 신청이 끝난다고 단정하지 않습니다.,방문 없이 상속포기·한정승인을 준비할 때 먼저 확인할 사항,상담 시 확인하는 내용,inheritance,,qualified-acceptance,documents,true,,true
/사진전자파일우편으로서류전달,local,등기서류를 사진·우편으로 보내는 방법｜원본이 필요한 단계까지,"법무사에게 서류 사진을 먼저 보내도 되는지, 전자파일과 우편 원본의 역할, 개인정보를 최소한으로 전달하는 방법을 안내합니다. 해운대·센텀 다옴법무사사무소에서 전화·카카오톡·방문(예약) 상담이 가능합니다.","사진으로 먼저 확인하고, 원본은 단계에서 전달하는 방법",상담 시 확인하는 내용,real-estate,,inheritance-registration,documents,true,,true
/법무사비용먼저확인하는방법,local,법무사 비용을 먼저 확인하려면｜업무별로 준비할 기본 정보,상속·법인·부동산·민사 신청별로 비용 안내에 필요한 정보가 다른 이유를 안내합니다. 정액·최저가·즉시 확정을 약속하지 않으며 보수와 공과금을 구분합니다.,"법무사 비용을 먼저 확인하려면, 업무별로 남겨 주시면 좋은 정보",상담 시 확인하는 내용,local,,inheritance-registration,cost,true,,true
/방문없이준비하는법인설립,local,공동창업자가 서로 다른 지역에 있다면｜법인설립 서류를 준비하는 순서,대표·발기인이 타지역에 있어도 정관·자본금·임원 개요로 법인설립등기 준비서류를 먼저 확인하는 방법을 안내합니다. 사업자등록 온라인 신청과 법인등기를 구분합니다.,방문 없이 법인설립을 준비할 때 먼저 확인할 사항,상담 시 확인하는 내용,corporate,,company-establishment,documents,true,,true
/방문없이준비하는임원변경,local,법인 임원들이 서로 다른 지역에 있다면｜변경등기 서류를 준비하는 순서,"등기부와 정관으로 임원변경·대표이사 임기만료 범위를 먼저 확인하고, 결의·취임·인감 서류를 원격으로 준비하는 방법을 안내합니다. 해운대·센텀 다옴법무사사무소에서 전화·카카오톡·방문(예약) 상담이 가능합니다.",방문 없이 임원변경등기를 준비할 때 확인하는 순서,상담 시 확인하는 내용,corporate,,director-change,documents,true,,true
/해외대표이사주주법인등기,local,대표이사가 해외에 있는 법인등기｜서명·위임서류 확인사항,해외 체류 대표이사·주주가 있는 설립·임원변경·본점이전에서 서명·공증·번역·위임 준비 순서를 안내합니다. 해외 상속인·외국인 부동산등기와 의도를 구분합니다.,해외 거주 대표이사·주주가 있을 때 법인등기 서류 준비,상담 시 확인하는 내용,corporate,,director-change,documents,true,,true
/부모자녀다른지역증여등기,local,부모와 자녀가 다른 지역에 사는 증여｜방문 전 준비할 서류,증여자·수증자·부동산 소재지가 서로 다를 때 서류·인감·비용 확인 순서를 안내합니다. 부모자녀 아파트 관계 안내·전국 증여 동의어 페이지와 구분합니다.,부모와 자녀가 다른 지역에 살아도 증여등기를 준비할 수 있을까,상담 시 확인하는 내용,corporate,,ownership-transfer,documents,true,,true
/방문없이준비하는근저당말소,local,대출을 갚은 뒤 근저당권 말소｜은행서류를 받은 다음 절차,은행에서 받은 말소서류 목록과 부동산 주소로 추가 필요 자료를 원격 확인하는 방법을 안내합니다. 부산 근저당말소등기 절차 허브와 역할을 구분합니다.,"대출 상환 후 근저당권 말소, 은행서류를 받은 다음 준비",상담 시 확인하는 내용,real-estate,,real-estate-registration,documents,true,,true
/이사후임차권등기명령준비,local,임차권등기명령을 타지역에서 준비한다면｜이사 전후 확인할 자료,이미 이사했거나 타지역에 있는 전세집에서 임차권등기명령을 검토할 때 계약서·전입·확정일자·반환요청 자료를 원격으로 정리하는 방법을 안내…,이사 후·타지역에서도 임차권등기명령 자료를 먼저 정리하는 방법,상담 시 확인하는 내용,real-estate,,real-estate-registration,documents,true,,true
/방문없이준비하는지급명령서류,local,지급명령을 방문 없이 준비하려면｜계약서와 입금내역 정리방법,계약서·계좌이체·메시지 등 현재 가진 자료로 지급명령 서류 범위를 원격 검토하는 방법을 안내합니다. 관할 법원 허브·소송 대리와 역할을 구분합니다.,지급명령 서류를 방문 없이 준비할 때 정리할 자료,상담 시 확인하는 내용,civil-debt,,real-estate-registration,documents,true,,true
/사업자폐업후법인정리,local,사업자는 폐업했는데 법인이 남아 있다면｜해산·청산과 휴면 계속을 나누는 방법,"세무서 폐업만 하고 법인등기가 남은 경우, 해산·청산과 휴면법인 계속등기 중 무엇을 먼저 볼지 원격으로 확인하는 순서를 안내합니다. 부산 해산 절차 허브와 역할을 구분합니다.","사업자는 폐업했는데 법인이 남아 있다면, 무엇을 먼저 확인할까",상담 시 확인하는 내용,corporate,,corporate-registration,documents,true,,true
/등기권리증없이소유권이전,local,등기권리증을 찾지 못했다면｜확인서면으로 매도·이전을 준비하는 순서,등기필증·등기권리증이 없어도 소유권이 사라지지 않습니다. 매도·소유권이전에서 확인서면 등 대체 실무와 잔금 전 준비 순서를 지역명 없이 안내합니다.,등기권리증이 없어도 소유권이전을 준비할 수 있을까,상담 시 확인하는 내용,real-estate,서면,ownership-transfer,documents,true,,true
/해외서류가필요한증여등기,local,해외 거주 자녀에게 부동산 증여｜서명·공증·번역을 나누는 순서,수증자·증여자가 해외에 있을 때 위임·공증·아포스티유·번역과 국내 등기 서류를 나누어 준비하는 방법을 안내합니다. 해외 상속인·해외 법인 임원 안내와 의도를 구분합니다.,"해외 서류가 필요할 때, 증여등기를 국내·해외로 나누는 방법",상담 시 확인하는 내용,real-estate,,ownership-transfer,documents,true,,true
/방문없이준비하는부담부증여,local,대출·전세가 있는 부동산 증여｜채무·보증금 인수 범위를 먼저 확인하는 방법,"근저당·전세가 있는 증여에서 채무·보증금 인수 여부, 금융·임대차 확인, 당사자가 다른 지역에 있을 때 서류 순서를 안내합니다. 세액·절세는 단정하지 않습니다.","대출·전세가 있는 증여, 방문 전에 권리관계부터 나누는 방법",상담 시 확인하는 내용,real-estate,,ownership-transfer,documents,true,,true
/방문없이준비하는전세권말소,local,전세 계약이 끝난 뒤 전세권 말소｜서류 목록을 먼저 확인하는 방법,전세권설정등기가 남은 부동산에서 계약 종료·보증금 반환 후 말소 서류를 원격으로 점검하는 순서를 안내합니다. 임차권등기명령·근저당 말소와 구분합니다.,"전세권이 등기부에 남아 있다면, 말소 전에 확인할 서류",상담 시 확인하는 내용,real-estate,,real-estate-registration,documents,true,,true
/공유물분할등기서류준비,local,공유 부동산을 나누어 등기하려면｜협의·판결 서류와 공유자 분산 시 준비,협의분할·판결·조서 등 등기원인을 확인하고 공유자가 여러 지역에 있을 때 서류·서명 순서를 안내합니다. 소송 대리가 아니라 등기 서류 준비에 초점을 둡니다.,"공유물분할등기, 원인 서류와 공유자 준비부터 나누기",상담 시 확인하는 내용,real-estate,,ownership-transfer,documents,true,,true
/가압류신청서류준비,local,가압류 신청 전 준비서류｜채권·담보·관할을 먼저 정리하는 방법,금전채권 보전을 위한 가압류 신청 서류·관할·담보 개요를 원격으로 점검하는 방법을 안내합니다. 가압류 말소·소송 대리와 구분하며 결과·인용을 보장하지 않습니다.,"가압류를 신청하기 전, 서류와 관할부터 정리하는 방법",상담 시 확인하는 내용,civil-debt,,real-estate-registration,documents,true,,true
/내용증명작성준비,local,내용증명을 보내기 전｜사실·금액·기한을 정리하는 방법,"독촉·해지·보증금 반환 요청 등 내용증명 작성에 필요한 사실관계를 원격으로 정리하는 방법을 안내합니다. 보내면 해결된다는 보장을 하지 않으며, 지급명령·임차권 안내로 연결합니다.","내용증명을 보내기 전, 사실과 자료를 먼저 정리하는 방법",상담 시 확인하는 내용,civil-debt,,real-estate-registration,documents,true,,true
/방문없이준비하는유상증자,local,유상증자 후 자본금 등기｜결의·납입·등기부를 원격으로 확인하는 순서,신주 발행·납입 후 자본금 증가 등기를 준비할 때 등기부·정관·결의·납입 자료를 원격으로 점검하는 방법을 안내합니다. 설립·폐업·무상증자·감자와 구분합니다.,"유상증자등기, 방문 전에 결의와 납입부터 맞추는 방법",상담 시 확인하는 내용,corporate,,corporate-registration,documents,true,,true
/휴면법인계속등기준비,local,휴면법인 통지를 받았다면｜계속등기와 해산을 나누어 준비하는 방법,휴면법인 상태에서의 계속등기 준비와 해산·폐업 후 정리의 차이를 안내합니다. 등기부·임원 현황을 원격으로 먼저 확인하고 선택지를 나눕니…,"휴면법인 계속등기, 해산과 무엇을 다르게 보나",상담 시 확인하는 내용,corporate,,corporate-registration,documents,true,,true
/제주타지역상속인부동산,local,"상속인은 육지, 부동산은 제주라면｜필지·거주지를 나눠 준비하는 방법",제주시·서귀포 상속부동산을 육지 거주 상속인이 준비할 때 필지 목록·관할·서류 전달 순서를 안내합니다. 제주 지점 없음·완전 비대면 보장을 단정하지 않습니다.,상속인은 육지에 있고 부동산은 제주에 있을 때,상담 시 확인하는 내용,inheritance,,inheritance-registration,documents,true,,true
/가처분신청서류준비,local,가처분 신청 전 준비서류｜점유·처분금지 등 보전 자료를 먼저 정리하는 방법,가처분 신청 전 피보전권리·보전의 필요·목적물·관할·담보 개요를 원격으로 점검합니다. 가압류(금전) 신청·소송 대리와 구분하며 인용·결과를 보장하지 않습니다.,"가처분을 신청하기 전, 피보전권리와 목적물부터 정리하는 방법",상담 시 확인하는 내용,local,,real-estate-registration,documents,true,,true
/채권압류추심서류준비,local,채권압류·추심명령 서류 준비｜판결·지급명령 확정 후 집행 자료를 정리하는 방법,집행권원 확보 후 채권압류·추심명령 신청에 필요한 서류·대상채권 개요를 원격으로 점검합니다. 가압류 신청·회수 성공과 구분하며 결과를 보장하지 않습니다.,"판결·지급명령 확정 후, 채권압류·추심 서류를 준비하는 방법",상담 시 확인하는 내용,civil-debt,,real-estate-registration,documents,true,,true
/변제공탁서류준비,local,변제공탁 서류 준비｜채권자 수령거부·불명 시 공탁 자료를 먼저 정리하는 방법,변제공탁 신청 전 채무 내용·채권자·수령거부·관할·공탁서 자료를 원격으로 점검합니다. 채무 소멸·회수·소송 결과와 구분하며 효과를 단정하지 않습니다.,"변제공탁을 검토할 때, 채무·채권자·사유부터 정리하는 방법",상담 시 확인하는 내용,civil-debt,,real-estate-registration,documents,true,,true
/이혼재산분할등기서류준비,local,이혼 재산분할등기 서류 준비｜협의·판결 후 명의이전 자료를 먼저 정리하는 방법,이혼 재산분할 협의서·조서·판결 후 부동산 등기 서류를 원격으로 점검합니다. 공유물분할·증여·명의변경·이혼 소송 대리와 구분하며 일정·세액을 보장하지 않습니다.,"이혼 재산분할 후, 부동산등기 서류를 방문 전에 정리하는 방법",상담 시 확인하는 내용,real-estate,,ownership-transfer,documents,true,,true
/압류말소등기서류준비,local,압류말소등기 서류 준비｜세금·체납·집행 압류 해제 후 등기 자료를 정리하는 방법,기관 압류 해제 후 등기부 말소에 필요한 서류를 원격으로 점검합니다. 가압류말소·가압류신청과 구분하며 체납 해소·말소 완료를 보장하지 않습니다.,"압류 해제 후, 등기부 말소 서류를 방문 전에 정리하는 방법",상담 시 확인하는 내용,real-estate,,real-estate-registration,documents,true,,true
/상속등기후매매서류준비,local,상속등기 후 매매 서류 준비｜잔금일 전 상속·협의분할·소유권이전 순서를 정리하는 방법,상속받은 부동산 매도 시 상속등기·협의분할·매매 소유권이전 서류와 순서를 원격으로 점검합니다. 단일 상속 원격·단일 매매와 구분하며 세액·잔금일을 보장하지 않습니다.,"상속받은 부동산을 매도할 때, 상속등기와 매매 서류를 함께 정리하는 방법",상담 시 확인하는 내용,inheritance,,ownership-transfer,documents,true,,true
/특별한정승인,local,특별한정승인｜기한 경과·뒤늦은 채무 발견 시 확인할 절차·서류,"상속포기·한정승인 기한이 지났거나 빚을 뒤늦게 알게 된 경우 특별한정승인 검토 순서, 준비서류, 일반 한정승인과의 차이를 안내합니다. 허가 결과를 보장하지 않습니다.","특별한정승인, 기한이 지났거나 빚을 뒤늦게 알았을 때",상담 시 확인하는 내용,inheritance,,qualified-acceptance,commercial,true,,true
/대습상속등기,local,대습상속등기｜중간 세대가 먼저 사망한 경우 명의이전 준비,피상속인보다 상속인이 먼저 사망해 손자녀 등이 대신 상속하는 대습상속 등기. 사망 순서·가족관계·지분·준비서류를 등기 관점으로 안내합니…,"대습상속등기, 중간 세대가 먼저 사망했을 때 명의를 정리하는 순서",상담 시 확인하는 내용,inheritance,,inheritance-registration,informational,true,,true
/유류분과상속등기,local,유류분과 상속등기｜협의·유언이 있을 때 등기 전에 확인할 점,"유류분 우려가 있을 때 상속등기·분할협의 전에 확인할 순서를 안내합니다. 유류분 반환 소송 대행을 표방하지 않으며, 등기·협의 연계 범위만 설명합니다.","유류분이 걱정될 때, 상속등기 전에 확인할 순서",상담 시 확인하는 내용,inheritance,,inheritance-registration,informational,true,,true
/상속취득세와등기순서,local,상속 취득세와 등기 순서｜신고·납부·명의이전을 어떤 순서로 맞출까,상속등기와 취득세 신고·납부 순서를 혼동하지 않도록 확인 체크리스트를 안내합니다. 세액 확정·감면 여부는 관할·세무 확인이 필요하며 보장하지 않습니다.,"상속 취득세와 등기, 어떤 순서로 맞출까",상담 시 확인하는 내용,inheritance,,inheritance-registration,informational,true,,true
/신용회복과개인회생차이,local,신용회복과 개인회생 차이｜워크아웃·회생·파산 중 무엇을 먼저 볼까,"신용회복위원회 채무조정과 법원 개인회생·파산의 차이, 준비자료, 전환 검토 시점을 안내합니다. 인가·감면 결과를 보장하지 않습니다. 해운대·센텀 다옴법무사사무소에서 전화·카카오톡·방문(예약) 상담이 가능합니다.","신용회복과 개인회생, 무엇이 다르고 무엇을 먼저 볼까",상담 시 확인하는 내용,insolvency,,personal-rehabilitation,informational,true,,true
/전세사기피해대응절차,local,부산 전세사기 법무사 | 보증금 미반환·임차권등기 - 다옴법무사사무소,"부산에서 전세계약이 끝났는데 보증금을 돌려받지 못했거나 집주인 연락두절·경매·압류로 전세사기가 걱정될 때, 전입·확정일자·등기부와 임차권등기 순서를 먼저 확인하는 안내입니다.","부산 전세사기·전세보증금 미반환, 지금 무엇부터 해야 할까요?",,real-estate,부산,real-estate-registration,commercial,true,,true
/분양권명의이전등기,local,분양권·입주권 명의이전｜입주 전 전매·승계 등기에서 확인할 점,입주 전 분양권·입주권 명의이전·전매 승계에서 계약·대출·시행사 동의·취득세 연계를 안내합니다. 입주등기(보존 후 이전)와 역할을 분리…,"분양권·입주권 명의이전, 입주 전과 입주 후를 나누어 보기",상담 시 확인하는 내용,real-estate,,real-estate-registration,informational,true,,true
/지급명령이의신청준비,local,지급명령 이의신청을 준비한다면｜기간·서류·다음에 확인할 점,"지급명령을 받은 뒤 이의신청을 검토할 때 기간·송달·준비서류를 정리합니다. 이의 결과를 보장하지 않으며, 신청 서류 준비 관점으로 안내…","지급명령을 받았다면, 이의신청 전에 무엇을 확인할까",상담 시 확인하는 내용,civil-debt,,payment-order,documents,true,,true
/해산간주확인절차,local,해산간주 통지를 받았거나 의되면｜계속등기·해산 중 무엇을 보나,휴면·해산간주가 의심되거나 통지를 받은 뒤 계속등기·해산·청산 중 무엇을 확인할지 안내합니다. 과태료·허가 결과를 보장하지 않습니다. 해운대·센텀 다옴법무사사무소에서 전화·카카오톡·방문(예약) 상담이 가능합니다.,"해산간주가 걱정될 때, 계속등기와 해산 중 무엇을 먼저 볼까",상담 시 확인하는 내용,corporate,,corporate-registration,informational,true,,true
/등기신청반려와보정,local,등기 신청이 반려되거나 보정명령을 받았다면｜다시 접수 전 점검,"등기 신청 반려·보정명령이 왔을 때 원인 분류, 서류 재점검, 재접수 순서를 안내합니다. 기존 등기보정 안내와 역할을 나누며 결과를 보장하지 않습니다.","등기 신청이 반려·보정되었다면, 다시 내기 전에 확인할 것",상담 시 확인하는 내용,real-estate,,real-estate-registration,documents,true,,true
/상속재산분할협의서준비,local,상속재산분할협의서를 준비한다면｜등기·합의 전에 맞출 항목,공동상속인이 부동산을 나누거나 한 사람 명의로 옮길 때 분할협의서에 담을 항목·서류·주의점을 안내합니다. 용어사전과 역할을 분리합니다. 해운대·센텀 다옴법무사사무소에서 전화·카카오톡·방문(예약) 상담이 가능합니다.,"형제·배우자와 상속을 나눌 때, 분할협의서에 무엇을 담을까",상담 시 확인하는 내용,inheritance,,inheritance-registration,documents,true,,true
/대표이사한명만남는경우,local,이사·감사가 사임하고 대표만 남는다면｜임원변경등기에서 확인할 점,이사 2명 사임·감사 사임 등으로 대표이사만 남는 구성에서 정관·상법상 임원 수·등기 준비서류를 안내합니다. 임원변경 Champion과 역할을 나눕니다.,"법인 이사가 사임하고 대표만 남는다면, 등기 전에 볼 것",상담 시 확인하는 내용,corporate,,corporate-registration,informational,true,,true
/경매낙찰후전세권확인,local,경매 낙찰 후 전세권이 남아 있다면｜말소·인수 여부를 가늠하는 순서,경매 낙찰 후 등기부에 전세권·임차 관련 권리가 보일 때 확인 순서를 안내합니다. 법률 효과 단정·소송 대리는 하지 않으며 등기 준비 관점입니다.,경매에 낙찰받았는데 전세권이 남아 있다면,상담 시 확인하는 내용,real-estate,,real-estate-registration,informational,true,,true
/본점이전후사업자등록순서,local,회사 주소를 옮긴 뒤｜본점이전등기와 사업자등록은 어떤 순서로,법인 본점이전등기와 사업자등록 정정·신고 순서를 혼동하지 않도록 체크리스트로 안내합니다. 세무 확정은 하지 않습니다. 해운대·센텀 다옴법무사사무소에서 전화·카카오톡·방문(예약) 상담이 가능합니다.,"회사 주소를 바꿨다면, 등기와 사업자등록을 어떤 순서로 맞출까",상담 시 확인하는 내용,corporate,,corporate-registration,informational,true,,true
/상속포기후다음순위확인,local,상속포기를 하면 다음 순위는 누가 될까｜포기 전·후에 확인할 점,상속포기 후 배우자·자녀·손자 등 다음 순위 효과와 대습·추가 포기 검토 포인트를 안내합니다. 기존 상속포기 Champion을 대체하지 않습니다.,"상속포기를 결정하기 전, 다음 순위 상속인을 확인해야 하는 이유",상담 시 확인하는 내용,inheritance,,inheritance-renunciation,informational,true,,true
/부산가등기,local,부산 가등기｜소유권이전청구권·담보가등기 설정·말소 확인,"부산 가등기 설정·말소 안내. 소유권이전청구권 가등기와 담보가등기 차이, 준비서류·본등기 전환을 정리합니다. 근저당·매매등기와 역할을 나눕니다.","부산 가등기, 설정·말소·본등기 전환 전에 확인할 점",상담 시 확인하는 내용,real-estate,부산,real-estate-registration,cost,true,,true
/부산유언검인,local,부산 유언검인｜자필·녹음 유언 검인 신청 전 확인 사항,"부산가정법원 유언검인 신청 전 확인 안내. 자필·녹음 유언의 검인 취지, 준비서류, 상속등기와의 순서를 정리합니다. 유언 효력·유류분은 보장하지 않습니다.","부산 유언검인, 상속등기 전에 확인할 검인 절차",상담 시 확인하는 내용,inheritance,부산,inheritance-registration,documents,true,,true
/부동산실권리자명의등기,local,부동산 실권리자명의등기｜명의신탁 해소·진정명의회복 등기 확인,"명의신탁 해소·진정명의회복 등기 확인 안내. 매매·증여 이전과 원인을 나누고, 과태료·형사 결과는 단정하지 않습니다. 부산 부동산등기 허브의 하위 실무입니다.","부동산 실권리자명의등기, 명의신탁을 풀 때 확인할 점",상담 시 확인하는 내용,real-estate,,real-estate-registration,informational,true,,true
/부산경매권리분석,local,부산 경매 권리분석｜입찰 전 등기부·말소기준권리 확인 안내,부산 법원 경매 입찰 전 등기부·말소기준권리 확인 안내. 낙찰 이후 소유권이전·촉탁등기와 페이지를 나눕니다. 입찰가·수익률은 추천하지 않습니다.,"부산 경매 권리분석, 입찰 전 등기부에서 확인할 점",상담 시 확인하는 내용,real-estate,부산,real-estate-registration,informational,true,,true
/부산개명허가,local,부산 개명허가｜가정법원 개명·성본변경 신청 전 서류 확인,"부산가정법원 개명허가 신청 전 서류 확인 안내. 신청 사유·준비서류, 허가 후 가족관계등록 연계를 다룹니다. 성본변경은 같은 페이지에서 안내하며 허가는 보장하지 않습니다.","부산 개명허가, 가정법원 신청 전에 확인할 서류",상담 시 확인하는 내용,status,부산,inheritance-renunciation,cost,true,,true
/상담,local,법무사 상담｜상황만 선택하는 약 1분 간편 상담,업무명을 몰라도 괜찮습니다. 준비 서류가 없어도 현재 상황만 선택해 법무사 상담을 남길 수 있습니다. 해운대·센텀 다옴법무사사무소. 해운대·센텀 다옴법무사사무소에서 전화·카카오톡·방문(예약) 상담이 가능합니다.,"법무사 상담, 상황만 선택해도 시작할 수 있습니다",비용 안내 | 관할·접근 안내 | 법무사 의견 | 상담 시 확인하는 내용,local,,inheritance-registration,consult,true,,true
/1분간편상담,local,1분 간편 상담｜법무사 상황 선택형 문의,약 1분 만에 상황·연락처만 남겨 법무사에게 문의합니다. 서류·업무명을 몰라도 됩니다. 해운대·센텀 다옴법무사사무소에서 전화·카카오톡·방문(예약) 상담이 가능합니다.,약 1분 간편 상담으로 문의를 남겨 보세요,비용 안내 | 관할·접근 안내 | 법무사 의견 | 상담 시 확인하는 내용,local,,inheritance-registration,consult,true,,true
/법무사상담,local,법무사 상담｜등기·상속·법인·회생 문의 안내,법무사 상담에서 다루는 업무와 준비 방법. 상황 선택형 간편 상담으로 문의를 남길 수 있습니다. 해운대·센텀 다옴법무사사무소에서 전화·카카오톡·방문(예약) 상담이 가능합니다.,법무사 상담에서 확인할 수 있는 것,비용 안내 | 관할·접근 안내 | 법무사 의견 | 상담 시 확인하는 내용,local,사상,inheritance-registration,consult,true,,true
/상속등기상담,local,상속등기 상담｜서류·절차·기한 문의,상속등기 상담. 서류가 없어도 상황만 선택해 문의할 수 있습니다. 부산·해운대 다옴법무사사무소. 해운대·센텀 다옴법무사사무소에서 전화·카카오톡·방문(예약) 상담이 가능합니다.,"상속등기, 지금 상담이 필요한지 확인해 보세요",비용 안내 | 관할·접근 안내 | 법무사 의견 | 상담 시 확인하는 내용,inheritance,,inheritance-registration,consult,true,,true
/상속포기상담,local,상속포기 상담｜3개월 기한·서류 문의,상속포기 상담. 3개월 기한과 필요 서류를 상황 선택으로 문의할 수 있습니다. 해운대·센텀 다옴법무사사무소에서 전화·카카오톡·방문(예약) 상담이 가능합니다.,"상속포기, 기한 안에 상담이 필요할 수 있습니다",비용 안내 | 관할·접근 안내 | 법무사 의견 | 상담 시 확인하는 내용,inheritance,,inheritance-renunciation,consult,true,,true
/한정승인상담,local,한정승인 상담｜채무 불확실 시 상속 문의,한정승인 상담. 채무가 불확실할 때 상황만 선택해 문의할 수 있습니다. 해운대·센텀 다옴법무사사무소에서 전화·카카오톡·방문(예약) 상담이 가능합니다.,"한정승인, 채무를 모를 때 상담해 보세요",비용 안내 | 관할·접근 안내 | 법무사 의견 | 상담 시 확인하는 내용,inheritance,,qualified-acceptance,consult,true,,true
/부동산등기상담,local,부동산등기 상담｜매매·증여·이전 문의,부동산등기 상담. 잔금일·서류가 불확실해도 상황 선택으로 문의할 수 있습니다. 해운대·센텀 다옴법무사사무소에서 전화·카카오톡·방문(예약) 상담이 가능합니다.,"부동산등기, 잔금·서류가 막힐 때 상담하세요",비용 안내 | 관할·접근 안내 | 법무사 의견 | 상담 시 확인하는 내용,real-estate,,real-estate-registration,consult,true,,true
/법인등기상담,local,법인등기 상담｜설립·임원변경·본점이전,법인등기 상담. 임원변경 기한·설립 서류가 없어도 상황만 선택해 문의할 수 있습니다. 해운대·센텀 다옴법무사사무소에서 전화·카카오톡·방문(예약) 상담이 가능합니다.,"법인등기, 기한이 걱정될 때 상담하세요",비용 안내 | 관할·접근 안내 | 법무사 의견 | 상담 시 확인하는 내용,corporate,,corporate-registration,consult,true,,true
/전세보증금상담,local,전세보증금 상담｜반환·임차권등기 문의,전세보증금 반환·임차권등기 상담. 서류가 없어도 상황만 선택해 문의할 수 있습니다. 해운대·센텀 다옴법무사사무소에서 전화·카카오톡·방문(예약) 상담이 가능합니다.,전세보증금을 받지 못할 때 상담해 보세요,비용 안내 | 관할·접근 안내 | 법무사 의견 | 상담 시 확인하는 내용,real-estate,,real-estate-registration,consult,true,,true
/개인회생상담,local,개인회생 상담｜자격·서류·파산과의 차이,개인회생·파산 상담. 채무·소득 개요만으로도 상황 선택형 문의가 가능합니다. 해운대·센텀 다옴법무사사무소에서 전화·카카오톡·방문(예약) 상담이 가능합니다.,개인회생이 맞는지 상황부터 상담해 보세요,비용 안내 | 관할·접근 안내 | 법무사 의견 | 상담 시 확인하는 내용,insolvency,,personal-rehabilitation,consult,true,,true
/등기서류상담,local,등기 서류 상담｜무엇을 준비할지 모를 때,등기 서류가 무엇인지 모를 때. 상황만 선택하면 필요 서류 방향을 안내받을 수 있습니다. 해운대·센텀 다옴법무사사무소에서 전화·카카오톡·방문(예약) 상담이 가능합니다.,"등기 서류, 무엇을 준비해야 할지 모를 때",비용 안내 | 관할·접근 안내 | 법무사 의견 | 상담 시 확인하는 내용,real-estate,,real-estate-registration,consult,true,,true
/무슨법률업무인지모를때,local,어떤 법무사 업무인지 모르겠다면｜상황부터 설명해도 괜찮습니다,"업무명을 몰라도 가족 사망, 부동산 이전, 법인 변경, 개인회생, 지급명령, 보증금 미반환 등 상황만 설명해 법무사 업무 가능 여부와 준비서류를 확인할 수 있습니다.","어떤 법무사 업무인지 모르겠다면, 상황부터 설명해도 괜찮습니다",비용 안내 | 관할·접근 안내 | 법무사 의견 | 상담 시 확인하는 내용,local,,inheritance-registration,consult,true,,true
/서류가없어도상담가능,local,서류가 없어도 상담 가능｜법무사 간편 문의,서류가 준비되지 않아도 법무사 상담 문의를 남길 수 있습니다. 상황만 선택하세요. 해운대·센텀 다옴법무사사무소에서 전화·카카오톡·방문(예약) 상담이 가능합니다.,서류가 없어도 상담 문의를 남길 수 있습니다,비용 안내 | 관할·접근 안내 | 법무사 의견 | 상담 시 확인하는 내용,local,,inheritance-registration,consult,true,,true
/전화가어려울때법률상담,local,전화가 어려울 때 법률 상담｜문자·이메일 문의,전화가 어려울 때 문자·이메일로 연락받을 방법을 남겨 법무사 상담을 신청하세요. 해운대·센텀 다옴법무사사무소에서 전화·카카오톡·방문(예약) 상담이 가능합니다.,전화가 어려울 때도 상담을 남길 수 있습니다,비용 안내 | 관할·접근 안내 | 법무사 의견 | 상담 시 확인하는 내용,local,,inheritance-registration,consult,true,,true
/부산역법무사,local,부산역 법무사｜동구·초량동 등기 상담,부산역·초량동 법무사. 상속등기·부동산등기·법인등기·공탁·지급명령 상담. KTX 역세권 상가·주택 등기 — 해운대 다옴법무사. 해운대·센텀 다옴법무사사무소에서 전화·카카오톡·방문(예약) 상담이 가능합니다.,부산역 법무사 — 동구·초량동 등기·채권 상담,지역 생활권 안내 | 많이 발생하는 상담 유형 | 관할·등기소 안내 | 법무사 상담이 필요한 경우 | 법무사 의견 | 이 지역의 도시철도·전철에서 찾는 경우 | 부산역 인근에서 법무사 업무를 찾는 경우,real-estate,부산,real-estate-registration,consult,true,,true
/서면법무사,local,서면 법무사｜부산진구·부전동 상가등기,서면·부전동 법무사. 부산진구 법인등기·상가등기·지급명령·부동산등기. 부산 최대 상권 등기 상담 — 다옴법무사. 해운대·센텀 다옴법무사사무소에서 전화·카카오톡·방문(예약) 상담이 가능합니다.,서면 법무사 — 부산진구 상가·법인 등기 상담,지역 생활권 안내 | 많이 발생하는 상담 유형 | 관할·등기소 안내 | 법무사 상담이 필요한 경우 | 법무사 의견 | 이 지역의 도시철도·전철에서 찾는 경우 | 서면역에서 등기·법인 업무를 알아보는 경우,corporate,서면,real-estate-registration,consult,true,,true
/광안리법무사,local,광안리 법무사｜광안동·수영구 전세·등기,광안리·광안동 법무사. 부동산등기·전세권·상속등기. 수영구 해변 인근 아파트·상가 — 해운대 다옴법무사. 해운대·센텀 다옴법무사사무소에서 전화·카카오톡·방문(예약) 상담이 가능합니다.,광안리 법무사 — 광안동·수영구 부동산·전세 등기,지역 생활권 안내 | 많이 발생하는 상담 유형 | 관할·등기소 안내 | 법무사 상담이 필요한 경우 | 법무사 의견 | 이 지역의 도시철도·전철에서 찾는 경우 | 광안역 인근 부동산·전세 관련 절차,real-estate,수영,real-estate-registration,commercial,true,,true
/동래역법무사,local,동래역 법무사｜동래·낙민동 등기 상담,동래역·낙민동 법무사. 지급명령·상속등기·부동산등기. 동래구 온천·재건축 인근 — 다옴법무사. 해운대·센텀 다옴법무사사무소에서 전화·카카오톡·방문(예약) 상담이 가능합니다.,동래역 법무사 — 동래·낙민동 상속·등기 상담,지역 생활권 안내 | 많이 발생하는 상담 유형 | 관할·등기소 안내 | 법무사 상담이 필요한 경우 | 법무사 의견 | 이 지역의 도시철도·전철에서 찾는 경우 | 동래역 인근에서 법무사 업무를 문의할 때,inheritance,동래,inheritance-registration,consult,true,,true
/연산동법무사,local,연산동 법무사｜등기국 인근 법인·부동산등기,연산동 법무사. 부산지방법원 등기국 인근 법인등기·부동산등기. 연산역·거제동 생활권은 센텀에서 상담합니다. 해운대·센텀 다옴법무사사무소에서 전화·카카오톡·방문(예약) 상담이 가능합니다.,연산동 법무사 — 등기국 인근 법인·부동산 상담,지역 생활권 안내 | 많이 발생하는 상담 유형 | 관할·등기소 안내 | 법무사 상담이 필요한 경우 | 법무사 의견 | 이 지역의 도시철도·전철에서 찾는 경우 | 연산역 생활권에서 상속·등기를 준비한다면,corporate,,corporate-registration,consult,true,,true
/남천동법무사,local,남천동 법무사｜수영구 전세·등기,남천동 법무사. 전세권·부동산등기·상속등기. 남천역·수변공원 인근 실거주 아파트는 센텀에서 상담합니다. 해운대·센텀 다옴법무사사무소에서 전화·카카오톡·방문(예약) 상담이 가능합니다.,남천동 법무사 — 수영구 전세·부동산 등기,지역 생활권 안내 | 많이 발생하는 상담 유형 | 관할·등기소 안내 | 법무사 상담이 필요한 경우 | 법무사 의견 | 상담 시 확인하는 내용,real-estate,수영,real-estate-registration,commercial,true,,true
/대연동법무사,local,대연동 법무사｜남구 아파트·전세 등기,대연동·남구 법무사. 아파트 등기·전세권·상속등기. 대연역·용호동 인근 — 다옴법무사. 해운대·센텀 다옴법무사사무소에서 전화·카카오톡·방문(예약) 상담이 가능합니다.,대연동 법무사 — 남구 아파트·전세 등기 상담,지역 생활권 안내 | 많이 발생하는 상담 유형 | 관할·등기소 안내 | 법무사 상담이 필요한 경우 | 법무사 의견 | 상담 시 확인하는 내용,inheritance,남구,real-estate-registration,consult,true,,true
/덕천동법무사,local,덕천동 법무사｜북구·개인회생·등기,덕천동·북구 법무사. 부동산등기·개인회생·지급명령. 덕천역·화명 인근 — 다옴법무사. 해운대·센텀 다옴법무사사무소에서 전화·카카오톡·방문(예약) 상담이 가능합니다.,덕천동 법무사 — 북구 등기·개인회생 상담,지역 생활권 안내 | 많이 발생하는 상담 유형 | 관할·등기소 안내 | 법무사 상담이 필요한 경우 | 법무사 의견 | 상담 시 확인하는 내용,real-estate,북구,personal-rehabilitation,consult,true,,true
/명지법무사,local,명지 법무사｜강서구·에코델타 법인등기,명지·강서구·에코델타시티 법무사. 법인설립·본점이전·신축등기. 명지국제신도시 — 다옴법무사. 해운대·센텀 다옴법무사사무소에서 전화·카카오톡·방문(예약) 상담이 가능합니다.,명지 법무사 — 강서구·신도시 법인·신축 등기,지역 생활권 안내 | 많이 발생하는 상담 유형 | 관할·등기소 안내 | 법무사 상담이 필요한 경우 | 법무사 의견 | 상담 시 확인하는 내용,corporate,명지,company-establishment,commercial,true,,true
/정관법무사,local,정관 법무사｜기장군·토지상속 등기,정관·기장군 법무사. 토지상속등기·부동산등기·법인등기. 정관신도시·공장 단지 — 다옴법무사. 해운대·센텀 다옴법무사사무소에서 전화·카카오톡·방문(예약) 상담이 가능합니다.,정관 법무사 — 기장군 토지·주택·법인 등기,지역 생활권 안내 | 많이 발생하는 상담 유형 | 관할·등기소 안내 | 법무사 상담이 필요한 경우 | 법무사 의견 | 상담 시 확인하는 내용,inheritance,기장,inheritance-registration,commercial,true,,true
/사상법무사,local,사상 법무사｜괘법동·공장·상가 등기,사상·괘법동·엄궁동 법무사. 공장·상가 등기·근저당·법인등기. 사상역 인근 — 다옴법무사. 해운대·센텀 다옴법무사사무소에서 전화·카카오톡·방문(예약) 상담이 가능합니다.,사상 법무사 — 공장·상가·근저당 등기 상담,지역 생활권 안내 | 많이 발생하는 상담 유형 | 관할·등기소 안내 | 법무사 상담이 필요한 경우 | 법무사 의견 | 이 지역의 도시철도·전철에서 찾는 경우 | 사상역에서 상속·등기 절차를 확인할 때,real-estate,사상,real-estate-registration,consult,true,,true
/하단법무사,local,하단 법무사｜사하구 등기·지급명령,하단·사하구 법무사. 부동산등기·상속등기·지급명령. 하단역·괴정동 — 다옴법무사. 해운대·센텀 다옴법무사사무소에서 전화·카카오톡·방문(예약) 상담이 가능합니다.,하단 법무사 — 사하구 부동산·상속 등기,지역 생활권 안내 | 많이 발생하는 상담 유형 | 관할·등기소 안내 | 법무사 상담이 필요한 경우 | 법무사 의견 | 상담 시 확인하는 내용,inheritance,사하,inheritance-registration,commercial,true,,true
/우동법무사,local,우동 법무사｜마린시티·해운대 등기 상담,"우동·마린시티·해운대해수욕장 인근 아파트·상가 매매, 상속, 근저당 등기 상담. 해운대 센텀 다옴법무사사무소. 해운대·센텀 다옴법무사사무소에서 전화·카카오톡·방문(예약) 상담이 가능합니다.",우동 법무사 — 마린시티 고급 주거와 해변 상가 상담,지역 생활권 안내 | 많이 발생하는 상담 유형 | 관할·등기소 안내 | 법무사 상담이 필요한 경우 | 법무사 의견,real-estate,해운대,real-estate-registration,consult,true,,true
/좌동법무사,local,좌동 법무사｜장산역·신시가지 상속 상담,좌동·장산역·해운대신시가지 대단지 아파트 상속·매매·한정승인 상담. 센텀 다옴법무사사무소. 해운대·센텀 다옴법무사사무소에서 전화·카카오톡·방문(예약) 상담이 가능합니다.,좌동 법무사 — 장산역 신시가지의 대단지 아파트 상담,지역 생활권 안내 | 많이 발생하는 상담 유형 | 관할·등기소 안내 | 법무사 상담이 필요한 경우 | 법무사 의견 | 이 지역의 도시철도·전철에서 찾는 경우 | 장산역·좌동에서 등기를 준비할 때,inheritance,해운대,inheritance-registration,consult,true,,true
/사직동법무사,local,사직동 법무사｜야구장·구축아파트 상속,사직동 법무사 — 사직야구장·사직역 인근 구축아파트 상속·재건축 명의·매매 등기. 동래구 사직동은 센텀에서 상담합니다. 해운대·센텀 다옴법무사사무소에서 전화·카카오톡·방문(예약) 상담이 가능합니다.,사직동 법무사 — 사직야구장 인근 구축 아파트와 단독주택 상담,지역 생활권 안내 | 많이 발생하는 상담 유형 | 관할·등기소 안내 | 법무사 상담이 필요한 경우 | 법무사 의견,local,,inheritance-registration,consult,true,,true
/화명동법무사,local,화명동 법무사｜신도시 아파트 매매·상속,화명신도시 대단지 아파트 매매·상속·증여 등기 상담. 북구 화명동 생활권 다옴법무사. 해운대·센텀 다옴법무사사무소에서 전화·카카오톡·방문(예약) 상담이 가능합니다.,화명동 법무사 — 화명신도시 대단지 실거주 아파트 상담,지역 생활권 안내 | 많이 발생하는 상담 유형 | 관할·등기소 안내 | 법무사 상담이 필요한 경우 | 법무사 의견,inheritance,북구,real-estate-registration,consult,true,,true
/부곡동법무사,local,부곡동 법무사｜부산대 원룸·한정승인,"부곡동·부산대 인근 원룸·다가구 임대차, 상속채무 한정승인·상속등기 상담. 다옴법무사. 해운대·센텀 다옴법무사사무소에서 전화·카카오톡·방문(예약) 상담이 가능합니다.",부곡동 법무사 — 부산대 인근 원룸·다가구 임대 주택 상담,지역 생활권 안내 | 많이 발생하는 상담 유형 | 관할·등기소 안내 | 법무사 상담이 필요한 경우 | 법무사 의견,inheritance,부산,qualified-acceptance,consult,true,,true
/거제동법무사,local,거제동 법무사｜부산지법·회생 상담,"거제동 부산지방법원·부산회생법원 인근 개인회생, 지급명령, 민사 서류·부동산 상담. 다옴법무사. 해운대·센텀 다옴법무사사무소에서 전화·카카오톡·방문(예약) 상담이 가능합니다.",거제동 법무사 — 부산지방법원·부산회생법원 인근 주거와 법조 생활권 상담,지역 생활권 안내 | 많이 발생하는 상담 유형 | 관할·등기소 안내 | 법무사 상담이 필요한 경우 | 법무사 의견 | 이 지역의 도시철도·전철에서 찾는 경우 | 교대역·거제동에서 업무를 고를 때,insolvency,부산,personal-rehabilitation,consult,true,,true
/전포동법무사,local,전포동 법무사｜카페거리 상가 등기 상담,"전포카페거리·전포역 인근 상가 매매, 권리금·임대차 승계, 근저당 등기 상담. 다옴법무사. 해운대·센텀 다옴법무사사무소에서 전화·카카오톡·방문(예약) 상담이 가능합니다.",전포동 법무사 — 전포카페거리의 소형 상가와 꼬마빌딩 상담,지역 생활권 안내 | 많이 발생하는 상담 유형 | 관할·등기소 안내 | 법무사 상담이 필요한 경우 | 법무사 의견 | 이 지역의 도시철도·전철에서 찾는 경우 | 전포역 생활권에서 상가·오피스 등기를 볼 때,real-estate,부산,real-estate-registration,consult,true,,true
/문현동법무사,local,문현동 법무사｜금융단지 법인·주거 등기,문현금융단지 인근 법인 임원변경·본점등기와 문현동 아파트·주택 등기 상담. 다옴법무사. 해운대·센텀 다옴법무사사무소에서 전화·카카오톡·방문(예약) 상담이 가능합니다.,문현동 법무사 — 문현금융단지 업무시설과 인접 주거 부동산 상담,지역 생활권 안내 | 많이 발생하는 상담 유형 | 관할·등기소 안내 | 법무사 상담이 필요한 경우 | 법무사 의견,corporate,남구,corporate-registration,consult,true,,true
/용호동법무사,local,용호동 법무사｜이기대·오륙도 주거 등기,"이기대·오륙도 인근 용호동 아파트·주택 매매, 상속, 전세권 등기 상담. 다옴법무사. 해운대·센텀 다옴법무사사무소에서 전화·카카오톡·방문(예약) 상담이 가능합니다.",용호동 법무사 — 이기대·오륙도 해안 생활권의 아파트와 주택 상담,지역 생활권 안내 | 많이 발생하는 상담 유형 | 관할·등기소 안내 | 법무사 상담이 필요한 경우 | 법무사 의견,real-estate,,real-estate-registration,consult,true,,true
/망미동법무사,local,망미동 법무사｜망미역·수영강 등기,"망미역·수영강 인근 망미동 주택·아파트 매매, 상속, 근저당 등기 상담. 다옴법무사. 해운대·센텀 다옴법무사사무소에서 전화·카카오톡·방문(예약) 상담이 가능합니다.",망미동 법무사 — 망미역·수영강 주변의 빌라·다세대와 아파트 상담,지역 생활권 안내 | 많이 발생하는 상담 유형 | 관할·등기소 안내 | 법무사 상담이 필요한 경우 | 법무사 의견,inheritance,수영,real-estate-registration,consult,true,,true
/일광읍법무사,local,일광읍 법무사｜해수욕장·신축 상속 상담,"일광해수욕장·일광신도시 신축 주택, 관광 상가, 전원 부동산 상속·매매 등기 상담. 다옴법무사. 해운대·센텀 다옴법무사사무소에서 전화·카카오톡·방문(예약) 상담이 가능합니다.",일광읍 법무사 — 일광해수욕장 관광 상가와 신축·전원 주거 상담,지역 생활권 안내 | 많이 발생하는 상담 유형 | 관할·등기소 안내 | 법무사 상담이 필요한 경우 | 법무사 의견,inheritance,기장,inheritance-registration,consult,true,,true
/남포동법무사,local,남포동 법무사｜원도심 상가·상속 등기,"남포동·자갈치 원도심 상가, 오래된 주택·건물의 매매·상속·근저당 등기 상담. 다옴법무사. 해운대·센텀 다옴법무사사무소에서 전화·카카오톡·방문(예약) 상담이 가능합니다.",남포동 법무사 — 자갈치·원도심의 다수 임차인 상가와 오래된 건물 상담,지역 생활권 안내 | 많이 발생하는 상담 유형 | 관할·등기소 안내 | 법무사 상담이 필요한 경우 | 법무사 의견,inheritance,중구,real-estate-registration,consult,true,,true
/초량동법무사,local,초량동 법무사｜좌천·수정동 상속·등기,"초량동·좌천동·수정동 다가구·상가 상속등기, 매매, 전세 정리. 부산역 배후 주거권 상담 — 해운대 센텀 다옴법무사. 해운대·센텀 다옴법무사사무소에서 전화·카카오톡·방문(예약) 상담이 가능합니다.",초량동 법무사 — 부산역 배후 주거·다가구와 항만 인접 상가 상담,지역 생활권 안내 | 많이 발생하는 상담 유형 | 관할·등기소 안내 | 법무사 상담이 필요한 경우 | 법무사 의견,local,부산,inheritance-registration,consult,true,,true
/범일동법무사,local,범일동 법무사｜범천동 상가·등기 상담,"범일동·범천동 공구·물류 상가 매매등기, 권리금과 소유권 분리, 배후 주거 상속. 다옴법무사사무소. 해운대·센텀 다옴법무사사무소에서 전화·카카오톡·방문(예약) 상담이 가능합니다.",범일동 법무사 — 범일·범천 물류·공구상가와 배후 주거 상담,지역 생활권 안내 | 많이 발생하는 상담 유형 | 관할·등기소 안내 | 법무사 상담이 필요한 경우 | 법무사 의견,real-estate,,real-estate-registration,consult,true,,true
/구포동법무사,local,구포동 법무사｜만덕동 회생·상속 상담,"구포동·만덕동 개인회생, 아파트 상속·매매등기. 덕천·화명과 다른 구포·만덕 생활권 안내 — 다옴법무사. 해운대·센텀 다옴법무사사무소에서 전화·카카오톡·방문(예약) 상담이 가능합니다.",구포동 법무사 — 구포역·만덕터널 생활권의 구축 아파트와 주택 상담,지역 생활권 안내 | 많이 발생하는 상담 유형 | 관할·등기소 안내 | 법무사 상담이 필요한 경우 | 법무사 의견,insolvency,,personal-rehabilitation,consult,true,,true
/다대동법무사,local,다대동 법무사｜장림·감천 상속·등기,"다대동·장림동·감천동 아파트·주택 상속등기, 매매, 전세 정리. 사하 해안권 상담 — 다옴법무사. 해운대·센텀 다옴법무사사무소에서 전화·카카오톡·방문(예약) 상담이 가능합니다.",다대동 법무사 — 다대포·장림·감천 해안 주거와 산업단지 배후 주택 상담,지역 생활권 안내 | 많이 발생하는 상담 유형 | 관할·등기소 안내 | 법무사 상담이 필요한 경우 | 법무사 의견,local,,inheritance-registration,consult,true,,true
/괴정동법무사,local,괴정동 법무사｜당리·신평 매매·전세 등기,"괴정동·당리동·신평동 아파트 매매등기, 전세권, 상속. 하단 생활권과 구분된 괴정 역세권 안내 — 다옴법무사. 해운대·센텀 다옴법무사사무소에서 전화·카카오톡·방문(예약) 상담이 가능합니다.",괴정동 법무사 — 괴정·당리·신평 역세권 아파트와 다세대 상담,지역 생활권 안내 | 많이 발생하는 상담 유형 | 관할·등기소 안내 | 법무사 상담이 필요한 경우 | 법무사 의견,local,,real-estate-registration,consult,true,,true
/개금동법무사,local,개금동 법무사｜가야·당감 상속·등기,"개금동·가야동·당감동 아파트 상속등기, 매매, 공동명의. 서면과 구분된 부산진 서부 주거권 — 다옴법무사. 해운대·센텀 다옴법무사사무소에서 전화·카카오톡·방문(예약) 상담이 가능합니다.",개금동 법무사 — 개금·가야·당감의 구축 아파트와 다세대 주거 상담,지역 생활권 안내 | 많이 발생하는 상담 유형 | 관할·등기소 안내 | 법무사 상담이 필요한 경우 | 법무사 의견,local,,inheritance-registration,consult,true,,true
/안락동법무사,local,안락동 법무사｜명장·수안 상속등기,"안락동·명장동·수안동 아파트·주택 상속등기, 매매. 온천·사직과 구분된 동래 동부 안내 — 다옴법무사. 해운대·센텀 다옴법무사사무소에서 전화·카카오톡·방문(예약) 상담이 가능합니다.",안락동 법무사 — 안락·명장·수안의 동래 동부 주거와 온천천 생활권 상담,지역 생활권 안내 | 많이 발생하는 상담 유형 | 관할·등기소 안내 | 법무사 상담이 필요한 경우 | 법무사 의견,local,동래,inheritance-registration,consult,true,,true
/구서동법무사,local,구서동 법무사｜서동·청룡 상속·한정승인,"구서동·서동·청룡동 다가구·아파트 상속, 한정승인, 매매등기. 부곡·장전과 구분된 금정 남부 — 다옴법무사. 해운대·센텀 다옴법무사사무소에서 전화·카카오톡·방문(예약) 상담이 가능합니다.",구서동 법무사 — 구서·서동·청룡의 금정 남부 주거와 역세권 아파트 상담,지역 생활권 안내 | 많이 발생하는 상담 유형 | 관할·등기소 안내 | 법무사 상담이 필요한 경우 | 법무사 의견,local,금정,qualified-acceptance,consult,true,,true
/반송동법무사,local,반송동 법무사｜석대·회동 상속·등기,"반송동·석대동·회동동 아파트·토지 상속등기, 매매. 반여동과 구분된 해운대 서부 안내 — 다옴법무사. 해운대·센텀 다옴법무사사무소에서 전화·카카오톡·방문(예약) 상담이 가능합니다.",반송동 법무사 — 반송·석대·회동의 해운대 서부 주거와 산업·물류 배후 상담,지역 생활권 안내 | 많이 발생하는 상담 유형 | 관할·등기소 안내 | 법무사 상담이 필요한 경우 | 법무사 의견,local,해운대,inheritance-registration,consult,true,,true
/주례동법무사,local,주례동 법무사｜학장·모라 상속·등기,"주례동·학장동·모라동 아파트 상속등기, 매매. 괘법·감전 상가와 구분된 사상 주거권 — 다옴법무사. 해운대·센텀 다옴법무사사무소에서 전화·카카오톡·방문(예약) 상담이 가능합니다.",주례동 법무사 — 주례·학장·모라의 사상 내륙 주거와 학교·단지 생활권 상담,지역 생활권 안내 | 많이 발생하는 상담 유형 | 관할·등기소 안내 | 법무사 상담이 필요한 경우 | 법무사 의견,local,사상,inheritance-registration,consult,true,,true
/동삼동법무사,local,동삼동 법무사｜영선·청학 상속·등기,"동삼동·영선동·청학동 주택·아파트 상속등기, 매매. 영도구 주거권 원격 상담 — 다옴법무사. 해운대·센텀 다옴법무사사무소에서 전화·카카오톡·방문(예약) 상담이 가능합니다.",동삼동 법무사 — 동삼·영선·청학의 영도 주거와 해양·조선 배후 생활권 상담,지역 생활권 안내 | 많이 발생하는 상담 유형 | 관할·등기소 안내 | 법무사 상담이 필요한 경우 | 법무사 의견,local,영도,inheritance-registration,consult,true,,true
/우암동법무사,local,우암동 법무사｜감만·용당 상속·등기,"우암동·감만동·용당동 주택·다가구 상속등기, 매매. 대연·용호와 구분된 남구 항만 배후 — 다옴법무사. 해운대·센텀 다옴법무사사무소에서 전화·카카오톡·방문(예약) 상담이 가능합니다.",우암동 법무사 — 우암·감만·용당의 남구 항만 배후 주거와 소규모 상가 상담,지역 생활권 안내 | 많이 발생하는 상담 유형 | 관할·등기소 안내 | 법무사 상담이 필요한 경우 | 법무사 의견,local,남구,real-estate-registration,consult,true,,true
/기장읍법무사,local,기장읍 법무사｜장안·철마 토지 상속등기,"기장읍·장안읍·철마면 토지·주택 상속등기, 매매. 정관·일광과 구분된 기장 본읍·면 안내 — 다옴법무사. 해운대·센텀 다옴법무사사무소에서 전화·카카오톡·방문(예약) 상담이 가능합니다.",기장읍 법무사 — 기장읍·장안읍·철마면의 읍면 토지·전원주택 상담,지역 생활권 안내 | 많이 발생하는 상담 유형 | 관할·등기소 안내 | 법무사 상담이 필요한 경우 | 법무사 의견,local,기장,inheritance-registration,consult,true,,true
/연지동법무사,local,연지동 법무사｜초읍동 상속·매매 등기,"연지동·초읍동 아파트 상속등기, 매매, 전세. 서면·개금과 구분된 부산진 북부 — 다옴법무사. 해운대·센텀 다옴법무사사무소에서 전화·카카오톡·방문(예약) 상담이 가능합니다.",연지동 법무사 — 연지·초읍의 부산진 북부 주거와 공원·학교 생활권 상담,지역 생활권 안내 | 많이 발생하는 상담 유형 | 관할·등기소 안내 | 법무사 상담이 필요한 경우 | 법무사 의견,inheritance,부산,inheritance-registration,consult,true,,true
/오시리아법무사,local,오시리아 법무사｜동부산 분양·상속 등기,오시리아·동부산 관광단지 배후 부동산 매매·상속등기. 기장읍·정관·일광과 구분된 동부산 안내 — 다옴법무사. 해운대·센텀 다옴법무사사무소에서 전화·카카오톡·방문(예약) 상담이 가능합니다.,오시리아 법무사 — 오시리아·동부산 관광·레저 단지와 기장 배후 부동산 상담,지역 생활권 안내 | 많이 발생하는 상담 유형 | 관할·등기소 안내 | 법무사 상담이 필요한 경우 | 법무사 의견,real-estate,부산,real-estate-registration,consult,true,,true
/부산법률전문가,local,부산 법률 전문가 안윤정 법무사 | 기업·기관 강의·전문가 활동,"부산에서 법률 분야 외부 전문가·특강 강사·인터뷰 대상을 찾는 담당자용 안내. 안윤정 법무사의 자격, 실무, 확인된 출강·공공활동·언론을 한곳에서 확인합니다.",부산에서 법률 전문가를 찾고 계신가요?,상담 시 확인하는 내용,local,부산,inheritance-registration,informational,true,,true
/법률강의,local,부산 법률 강의·특강｜기관·도서관·학교·기업 맞춤 법률교육,"부산 법률 강의·생활법률 특강. 도서관·기관·단체·학교·기업 맞춤 교육. 전세사기 예방, 청년·창업·디지털·진로 특강. 안윤정 법무사…",부산 법률 강의·특강｜기관·도서관·학교·기업 맞춤 생활법률 교육,상담 시 확인하는 내용,lecture,부산,inheritance-registration,commercial,true,,true
/부산법률강사,local,부산 강사 초빙｜기관·기업·청년 대상 사례 중심 실무 특강,"공공기관·기업·청년기관·도서관·사회복지기관을 대상으로 생활분쟁, 주거안전, 창업·기업 법률, 상속과 재산정리 등 사례 중심 교육을 진행합니다. 대상과 시간에 맞춘 강의주제, 커리큘럼과 출강 가능 일정을 확인할 …",부산에서 실무형 특강 강사를 찾고 계신가요?,상담 시 확인하는 내용,lecture,부산,inheritance-registration,commercial,true,,true
/전세사기예방교육,local,부산 전세사기 예방교육｜청년·신혼부부·기관 맞춤형 법률특강,"부산 전세사기 예방교육. 계약 전 확인, 등기부등본, 확정일자, 보증보험 등을 사례 중심으로 안내합니다. 청년·신혼·기관 맞춤 특강. 해운대·센텀 다옴법무사사무소에서 전화·카카오톡·방문(예약) 상담이 가능합니다.",부산 전세사기 예방교육｜계약 전 확인부터 보증금 보호까지,상담 시 확인하는 내용,real-estate,부산,real-estate-registration,informational,true,,true
/청년생활법률특강,local,부산 청년 특강 강사｜주거·돈거래·계약에서 나를 지키는 실전교육,"부산 청년·사회초년생·자립준비청년 대상 특강. 임대차계약, 전세사기, 가족·친구 사이 돈거래, 카카오톡·통화녹음 증거를 사례 중심으로 안내합니다.",부산 청년 특강 강사｜주거·돈거래·계약에서 나를 지키는 방법,상담 시 확인하는 내용,lecture,부산,real-estate-registration,informational,true,,true
/창업법률교육,local,부산 창업교육 강사｜예비창업자가 놓치기 쉬운 계약·법인·채권관리,"부산 예비창업자·초기기업 대상 교육. 개인·법인 차이, 공동창업 합의, 거래계약·미수금, 법인변경등기를 실무 범위에서 안내합니다. 세무·노무·투자유치 전략은 다루지 않습니다.",부산 창업교육 강사｜예비창업자가 놓치기 쉬운 법률 실수,상담 시 확인하는 내용,lecture,부산,company-establishment,informational,true,,true
/기업법률교육,local,부산 기업 특강 | 계약·채권·법인 실무 법률교육 - 안윤정 법무사,"부산 기업 법률특강. 계약 체결 전 확인, 미수금·증거관리, 법인등기 기한을 임직원 사례 중심으로 구성합니다. 리더십·마케팅 강의가 아니며 법정 지정교육은 포함하지 않습니다.","부산 기업 법률특강, 임직원이 놓치기 쉬운 실무부터",상담 시 확인하는 내용,lecture,부산,corporate-registration,informational,true,,true
/강사소개,local,안윤정 법무사 강사 소개｜부산 법률특강·전세사기·창업 강의,"안윤정 법무사 강사 소개. 부산 법률 강의·특강 출강. 법무사·공인중개사·신용관리사·직업상담사, 교사 자격, 부산대 행정대학원 재학. 생활법률·전세사기 예방·청년·진로 특강.","기관이 먼저 찾는 부산 법률 강사, 안윤정 법무사",상담 시 확인하는 내용,lecture,부산,inheritance-registration,commercial,true,,true
/강의문의,local,부산 법률 강의 문의｜기관·단체 특강·강사 섭외 일정 협의,부산 법률 강의·특강 문의. 도서관·기관·학교·기업·협회 담당자용. 주제·대상·일정만 남겨 주세요. 민감정보는 받지 않습니다. 해운대·센텀 다옴법무사사무소에서 전화·카카오톡·방문(예약) 상담이 가능합니다.,기관·단체 담당자를 위한 부산 법률 강의 문의,상담 시 확인하는 내용,lecture,부산,inheritance-registration,consult,true,,true
/디지털법률교육,local,부산 디지털 법률교육｜개인정보·명예훼손·온라인 범죄 예방특강,부산 디지털 법률교육. SNS·개인정보·온라인 사기 예방을 생활법률 관점으로 안내합니다. 공식 예방교육 대체 아님. 해운대·센텀 다옴법무사사무소에서 전화·카카오톡·방문(예약) 상담이 가능합니다.,부산 디지털 법률교육｜온라인 활동에서 꼭 알아야 할 법률 기준,상담 시 확인하는 내용,lecture,부산,real-estate-registration,informational,true,,true
/학교법률교육,local,부산 학교·대학 법률교육｜청소년·대학생 생활법률 특강,부산 학교·대학 법률교육. 학생 눈높이 생활법률·진로특강. 양산제일고 진로특강 등 이력 기반. 해운대·센텀 다옴법무사사무소에서 전화·카카오톡·방문(예약) 상담이 가능합니다.,부산 학교·대학 법률교육｜학생 눈높이에 맞춘 사례 중심 특강,상담 시 확인하는 내용,lecture,부산,inheritance-registration,informational,true,,true
/공공기관법률교육,local,부산 공공기관 강사｜직원·상담사·시민 대상 사례 중심 실무교육,부산 공공기관·공기업·지자체 외부강사 안내. 직원교육과 시민교육을 구분해 생활분쟁·계약·증거·상속 초기 안내를 사례 중심으로 구성합니다. 법정 지정교육은 포함하지 않습니다.,부산 공공기관 강사｜직원·상담사·시민을 위한 실무교육,상담 시 확인하는 내용,lecture,부산,corporate-registration,consult,true,,true
/법무사진로특강,local,법무사 진로특강｜법무사의 업무와 법률전문직 진로 이야기,법무사 진로특강. 업무·시험·커리어를 학교·청년 눈높이로 전달. 양산제일고 특강 이력. 해운대·센텀 다옴법무사사무소에서 전화·카카오톡·방문(예약) 상담이 가능합니다.,법무사 진로특강｜일·자격·현장에서 보는 법률전문직,상담 시 확인하는 내용,lecture,,inheritance-registration,commercial,true,,true
/부산도서관법률특강,local,부산 도서관·시민강좌 강사｜일상에서 바로 쓰는 생활법률 교육,부산 도서관·평생학습관·시민강좌 강사 안내. 시민도서관 연속 강의 이력을 바탕으로 계약·주거·상속 기초·생활분쟁을 시민 눈높이로 구성합…,부산 도서관·시민강좌 강사｜시민이 바로 활용하는 생활법률 강좌,상담 시 확인하는 내용,lecture,부산,inheritance-registration,informational,true,,true
/부산법무사강의,local,부산 법무사 강의｜실무 기반 법률특강·기관 출강,부산 법무사 강의·특강 안내. 안윤정 법무사가 등기·계약·생활법률 실무 경험을 바탕으로 기관·학교·기업·도서관 출강 교육을 진행합니다. 해운대·센텀 다옴법무사사무소에서 전화·카카오톡·방문(예약) 상담이 가능합니다.,부산 법무사 강의｜실무로 설명하는 법률특강·기관 출강,상담 시 확인하는 내용,lecture,부산,inheritance-registration,commercial,true,,true
/부산기관법률특강,local,부산 기관 법률특강｜단체·협회·업체·복지기관 맞춤 교육,부산 기관·단체·협회·업체·복지기관 맞춤 법률특강. 대상과 목적에 맞춰 생활법률·전세·청년·창업·기업 예방교육을 기획합니다. 해운대·센텀 다옴법무사사무소에서 전화·카카오톡·방문(예약) 상담이 가능합니다.,부산 기관 법률특강｜단체·협회·업체에 맞춘 생활법률 교육,상담 시 확인하는 내용,lecture,부산,corporate-registration,informational,true,,true
/부산사회복지기관강사,local,부산 사회복지기관 강사｜종사자·이용자 생활법률·분쟁예방 교육,부산 사회복지·자립지원기관 강사 안내. 가족·재산·생활분쟁 예방을 현장 종사자·이용자 눈높이에 맞춰 구성합니다. 자립지원전담기관 검증 이력 기반.,부산 사회복지기관 강사｜현장 종사자를 위한 가족·재산·생활분쟁 교육,상담 시 확인하는 내용,lecture,부산,inheritance-registration,informational,true,,true
/부산강사섭외비용,local,부산 강사 섭외 비용｜출강료·견적에 영향을 주는 요소 안내,"부산 강사 섭외 비용·출강료 안내. 금액표를 단정하지 않고, 시간·형식·이동·자료 범위 등 견적 요소와 문의 시 남기면 좋은 정보를 정리합니다.",부산 강사 섭외 비용｜견적 전에 알아두면 좋은 요소,상담 시 확인하는 내용,lecture,부산,inheritance-registration,cost,true,,true
/부산강사섭외체크리스트,local,부산 강사 섭외 체크리스트｜외부강사·프로필·강의안 준비 항목,부산 강사 섭외 체크리스트. 교육담당자가 목적·대상·일정·프로필·강의계획서·비용 협의까지 빠짐없이 확인하도록 정리한 실무 안내입니다. 해운대·센텀 다옴법무사사무소에서 전화·카카오톡·방문(예약) 상담이 가능합니다.,부산 강사 섭외 체크리스트｜담당자가 먼저 정리할 항목,상담 시 확인하는 내용,lecture,부산,inheritance-registration,informational,true,,true
/기관특강주제추천,local,부산 기관 특강 주제 추천｜청년·직원·시민 교육 기획 가이드,부산 기관 특강 주제 추천. 청년 프로그램·직원교육·시민강좌에 맞는 생활법률·주거·계약·디지털·진로 주제를 기획 관점에서 안내합니다. 해운대·센텀 다옴법무사사무소에서 전화·카카오톡·방문(예약) 상담이 가능합니다.,부산 기관 특강 주제 추천｜청년·직원·시민 교육 기획 가이드,상담 시 확인하는 내용,lecture,부산,inheritance-registration,selection,true,,true
/강의시간별구성,local,강의시간별 구성｜60·90·120분·반일 특강 목차 차이,1시간 특강·2시간 참여형·4시간 실무 워크숍 등 강의시간별 구성 안내. 시간에 따라 이론·사례·실습·질의응답 비중이 어떻게 달라지는지 설명합니다.,강의시간별 구성｜60분부터 반일까지 목차와 진행 차이,상담 시 확인하는 내용,lecture,,inheritance-registration,informational,true,,true
/부산기업법률자문,local,부산 기업 법률자문 검색 전 확인할 법인등기·채권·기업 법률실무,"부산 기업 법률자문을 찾는 대표자와 기업 담당자를 위해 법인설립, 임원변경, 본점이전, 기업 부동산등기, 미수금 관련 내용증명·지급명령 등 법무사가 지원할 수 있는 기업 법률실무를 안내합니다.",부산 기업 법률실무 지원｜법인등기·채권서류·기업 등기 관리,상담 시 확인하는 내용,corporate,부산,corporate-registration,documents,true,,true
/부산기업채권관리,local,부산 기업 채권관리｜미수금 내용증명·지급명령 준비 안내,"부산 기업 미수금·매출채권 관리를 위해 계약서·세금계산서 확인, 내용증명, 지급명령 신청서류 준비 등 법무사가 지원할 수 있는 채권 관련 절차를 안내합니다.",부산 기업 미수금·채권관리 실무 안내,상담 시 확인하는 내용,corporate,부산,corporate-registration,informational,true,,true
/부산기업부동산등기,local,부산 기업 부동산등기｜공장·창고·상가 매매·근저당 등기,"부산 법인 명의 공장·창고·상가 매매, 소유권이전, 근저당 설정·말소, 신축 보존등기 등 기업 부동산등기 실무와 준비서류를 안내합니다. 해운대·센텀 다옴법무사사무소에서 전화·카카오톡·방문(예약) 상담이 가능합니다.",부산 기업 부동산등기 실무 안내,상담 시 확인하는 내용,corporate,부산,real-estate-registration,informational,true,,true
/기업업무문의,local,기업 업무 문의｜법인등기·채권서류·기업 부동산등기,"부산 기업·법인 담당자를 위한 업무 문의. 법인등기, 미수금 내용증명·지급명령, 기업 부동산등기 등 지원 가능 범위를 확인합니다. 민감정보는 받지 않습니다.",기업 업무 문의,상담 시 확인하는 내용,corporate,부산,corporate-registration,consult,true,,true
/부산법률상담,local,부산에서 법률상담을 찾을 때｜공공 상담과 법무사 업무의 차이,부산에서 법률상담을 찾을 때 공공 상담이 적합한 경우와 등기·서류·신청이 필요한 경우를 구분해 안내합니다. 법무사 지원 가능 업무와 별도 검토가 필요한 사안을 확인할 수 있습니다.,부산에서 법률상담을 찾을 때 확인할 곳,상담 시 확인하는 내용,real-estate,부산,inheritance-registration,consult,true,,true
/법인변경등기,local,법인 변경등기｜임원·본점·목적·증자·해산 절차별 안내,법인 변경등기는 임원·본점·사업목적·자본금·해산 등 사유마다 결의기관과 서류가 다릅니다. 부산 법인의 변경등기 유형별 안내와 상담 연결 — 다옴법무사.,법인 변경등기 — 어떤 변경이 필요한지부터 확인하세요,상담 시 확인하는 내용,corporate,부산,corporate-registration,documents,true,,true
/부산대표이사변경등기,local,부산 대표이사 변경등기｜취임·사임·은행 연계 정리,"부산 법인의 대표이사 변경등기. 이사회·주총 결의, 취임승낙서·사임서, 등기 기한·과태료, 사업자등록·통장 변경 순서 — 다옴법무사. 해운대·센텀 다옴법무사사무소에서 전화·카카오톡·방문(예약) 상담이 가능합니다.",부산 대표이사 변경등기 — 대표권 이전 후 등기부터 정리하세요,상담 시 확인하는 내용,corporate,부산,director-change,documents,true,,true
/부산임원임기만료등기,local,부산 임원 임기만료 등기｜중임·퇴임·과태료 예방,"대표이사·이사 임기가 끝났는데 등기를 안 한 경우. 부산 법인의 중임·퇴임 결의, 등기 기한·과태료, 후임 미정 시 정리 — 다옴법무사. 해운대·센텀 다옴법무사사무소에서 전화·카카오톡·방문(예약) 상담이 가능합니다.",임기가 끝났는데 등기를 안 했다면 — 중임·퇴임부터 정리하세요,상담 시 확인하는 내용,corporate,부산,director-change,informational,true,,true
/부산본점이전등기,local,부산 법인 본점이전등기｜관할 내·외 이전 차이,부산 법인 본점이전등기. 같은 등기소 관할 내 이동과 타 시·구 관할 변경의 결의·서류·세무 차이. 사업자등록 연계 — 다옴법무사. 해운대·센텀 다옴법무사사무소에서 전화·카카오톡·방문(예약) 상담이 가능합니다.,부산 법인 본점이전등기 — 관할이 바뀌는지부터 확인하세요,상담 시 확인하는 내용,corporate,부산,corporate-registration,informational,true,,true
/부산사업목적변경등기,local,부산 사업목적 변경등기｜업종 추가·정관 개정,"부산 법인의 사업목적 추가·변경등기. 신규 사업·투자 심사 전 정관·등기부 일치, 주총 결의·등기 절차 — 다옴법무사. 해운대·센텀 다옴법무사사무소에서 전화·카카오톡·방문(예약) 상담이 가능합니다.",새 사업을 추가하려면 — 사업목적 변경등기가 필요할 수 있습니다,상담 시 확인하는 내용,corporate,부산,corporate-registration,informational,true,,true
/부산유상증자등기,local,부산 유상증자 등기｜신주발행·납입·등기 순서,"부산 법인 유상증자 등기. 신주발행 결의, 납입·신주배정, 등기사항 변경. 주식 양도 계약과 구분 — 다옴법무사. 해운대·센텀 다옴법무사사무소에서 전화·카카오톡·방문(예약) 상담이 가능합니다.",유상증자 후에는 — 자본금·주식 수 등기사항 변경이 필요합니다,상담 시 확인하는 내용,corporate,부산,corporate-registration,informational,true,,true
/부산법인해산청산등기,local,부산 법인 해산·청산등기｜폐업과 법인 말소 차이,"부산 법인 해산등기·청산종결등기. 사업자등록 폐업과 법인격 소멸 차이, 청산인·채권자 보호·세무 정리 — 다옴법무사. 해운대·센텀 다옴법무사사무소에서 전화·카카오톡·방문(예약) 상담이 가능합니다.",법인을 없애려면 — 해산등기와 청산등기가 필요합니다,상담 시 확인하는 내용,corporate,부산,corporate-registration,informational,true,,true
/부산법인등기과태료,local,부산 법인등기 과태료｜지연 등기·예방 체크,"부산 법인등기 과태료. 임원·본점·목적 변경 등기 지연 시 과태료, 결의일·접수일 계산, 예방 체크리스트 — 다옴법무사. 해운대·센텀 다옴법무사사무소에서 전화·카카오톡·방문(예약) 상담이 가능합니다.",법인등기 과태료 — 결의일과 접수일 사이가 핵심입니다,상담 시 확인하는 내용,corporate,부산,corporate-registration,informational,true,,true
/대표자사망시법인등기,local,대표자 사망 시 법인등기｜승계·임원 정비 순서,"법인 대표자(대표이사) 사망 후 임원·대표 승계 등기. 상속·법인 운영 분리, 후임 선임·등기 순서 — 다옴법무사. 해운대·센텀 다옴법무사사무소에서 전화·카카오톡·방문(예약) 상담이 가능합니다.",대표자 사망 후 — 법인 운영을 위해 임원·대표 등기를 정비해야 합니다,상담 시 확인하는 내용,corporate,,director-change,informational,true,,true
/부산상호변경등기,local,부산 상호변경등기｜회사명 변경·정관·대외 정리,"부산 법인 상호변경등기. 상호 중복 확인, 주주총회·정관 개정, 등기 후 사업자등록·통장·계약 명칭 정리 — 다옴법무사. 해운대·센텀 다옴법무사사무소에서 전화·카카오톡·방문(예약) 상담이 가능합니다.",부산 상호변경등기 — 회사 이름을 바꾸려면 등기부터 맞추세요,상담 시 확인하는 내용,corporate,부산,corporate-registration,informational,true,,true
/부산지점설치등기,local,부산 지점설치등기｜본점과 다른 영업소 등기,"부산 법인 지점설치등기. 본점 이전과 구분, 지점 주소·결의·등기, 사업자등록 연계 — 다옴법무사. 해운대·센텀 다옴법무사사무소에서 전화·카카오톡·방문(예약) 상담이 가능합니다.",부산 지점설치등기 — 새 영업소를 열면 지점등기가 필요할 수 있습니다,상담 시 확인하는 내용,corporate,부산,corporate-registration,documents,true,,true
/부산지점폐지등기,local,부산 지점폐지등기｜영업소 폐쇄·등기 말소,"부산 법인 지점폐지등기. 지점설치와 반대 절차, 결의·등기·사업자등록 정리 — 다옴법무사. 해운대·센텀 다옴법무사사무소에서 전화·카카오톡·방문(예약) 상담이 가능합니다.",부산 지점폐지등기 — 영업소를 닫으면 지점등기도 정리하세요,상담 시 확인하는 내용,corporate,부산,corporate-registration,documents,true,,true
/부산감자등기,local,부산 감자등기｜자본금 감소·채권자 보호,"부산 법인 감자등기. 유상증자와 구분, 자본금 감소 결의·채권자 보호·등기 — 다옴법무사. 해운대·센텀 다옴법무사사무소에서 전화·카카오톡·방문(예약) 상담이 가능합니다.",부산 감자등기 — 자본금을 줄일 때는 증자와 다른 절차입니다,상담 시 확인하는 내용,corporate,부산,corporate-registration,informational,true,,true
/부산무상증자등기,local,부산 무상증자등기｜납입 없는 자본·주식 증가,"부산 법인 무상증자 등기. 유상증자·감자와 구분, 준비금 자본전입·신주 배정·등기 — 다옴법무사. 해운대·센텀 다옴법무사사무소에서 전화·카카오톡·방문(예약) 상담이 가능합니다.",부산 무상증자등기 — 납입 없이 자본·주식을 늘릴 때의 등기,상담 시 확인하는 내용,corporate,부산,corporate-registration,documents,true,,true
/부산휴면법인계속등기,local,부산 휴면법인 계속등기｜해산·청산과 구분,"부산 휴면법인 계속등기. 해산청산(/부산법인해산청산등기)과 구분, 법인 유지·임원·등기 정비 — 다옴법무사. 해운대·센텀 다옴법무사사무소에서 전화·카카오톡·방문(예약) 상담이 가능합니다.",부산 휴면법인 계속등기 — 없애지 않고 다시 움직이려면,상담 시 확인하는 내용,corporate,부산,corporate-registration,informational,true,,true
/부산공동대표변경등기,local,부산 공동대표 변경등기｜공동대표·단독대표 전환,"부산 법인 공동대표 변경등기. 공동대표 일부 변경·단독 전환, 대표권·결의·등기 — 다옴법무사. 해운대·센텀 다옴법무사사무소에서 전화·카카오톡·방문(예약) 상담이 가능합니다.",부산 공동대표 변경등기 — 공동대표 구조가 바뀌면 등기가 필요합니다,상담 시 확인하는 내용,real-estate,부산,director-change,documents,true,,true
/부산임원사임해임등기,local,부산 임원 사임·해임등기｜임기만료와 구분,"부산 법인 임원 사임·해임등기. 임기만료(/부산임원임기만료등기)와 구분, 사임서·해임 결의·후임 — 다옴법무사. 해운대·센텀 다옴법무사사무소에서 전화·카카오톡·방문(예약) 상담이 가능합니다.",부산 임원 사임·해임등기 — 임기 전이라도 물러나면 등기가 필요합니다,상담 시 확인하는 내용,corporate,부산,director-change,informational,true,,true
/부산개인사업자법인전환,local,부산 개인사업자 법인전환｜일반 설립과 다른 점,"부산 개인사업자 법인전환. 일반 설립(/부산법인설립등기)과 구분, 자산·계약·세무 이전과 설립등기 — 다옴법무사. 해운대·센텀 다옴법무사사무소에서 전화·카카오톡·방문(예약) 상담이 가능합니다.",부산 개인사업자 법인전환 — 새로 만드는 설립과 준비물이 다릅니다,상담 시 확인하는 내용,corporate,부산,corporate-registration,documents,true,,true
/부산법인해산전확인사항,local,부산 법인 해산 전 확인사항｜해산등기 전 체크리스트,"부산 법인 해산 전 확인사항. 채무·세무·자산·임원, 계속 vs 해산, 해산청산 절차 연결 — 다옴법무사. 해운대·센텀 다옴법무사사무소에서 전화·카카오톡·방문(예약) 상담이 가능합니다.",부산 법인 해산 전 확인사항 — 해산등기 전에 이것부터 보세요,상담 시 확인하는 내용,corporate,부산,corporate-registration,documents,true,,true
/녹산산단법인본점지점,local,녹산산단 법인 본점·지점｜공장 이전과 등기,녹산국가산단 법인 본점·지점등기. 공장 이전과 본점이전·지점설치를 함께 설계 — 다옴법무사. 해운대·센텀 다옴법무사사무소에서 전화·카카오톡·방문(예약) 상담이 가능합니다.,녹산산단 법인 본점·지점 — 공장 이전과 본점·지점등기를 같이 보세요,상담 시 확인하는 내용,corporate,강서,corporate-registration,informational,true,,true
/부산법인정기점검,local,부산 법인 정기점검｜임원임기·본점·목적·지점 확인표,"법무 담당자가 없는 부산 회사가 임원 임기, 본점 주소, 사업목적, 지점을 주기적으로 확인할 항목을 정리합니다. 기한·과태료 위험 신호를 다옴법무사사무소 안윤정 법무사가 안내합니다.",부산 법인등기 정기점검 — 임원임기부터 본점·목적까지 확인표,상담 시 확인하는 내용,corporate,부산,corporate-registration,informational,true,,true
/법인정관업무,local,부산 법인 정관｜작성·변경·등기 전 확인사항,"법인 정관의 역할, 절대·상대·임의 기재사항, 변경이 필요한 경우와 등기 연결을 정리합니다. 다옴법무사사무소 안윤정 법무사가 설립·변경등기 관점에서 안내합니다.",부산 법인 정관 업무 — 작성·변경·등기 절차를 한눈에,상담 시 확인하는 내용,corporate,부산,corporate-registration,informational,true,,true
/법인정관변경,local,법인 정관 변경은 언제?｜본점·목적·상호 체크,상호·목적·본점·공고방법·주식 규칙 변경 시 정관 확인·변경·등기·결의기관을 표로 구분합니다. 다옴법무사사무소가 변경등기 관점에서 안내…,법인 정관 변경은 언제 필요할까 — 본점·목적·상호부터 체크,상담 시 확인하는 내용,corporate,,corporate-registration,documents,true,,true
/법인공증준비,local,부산 법인 공증 준비｜정관·의사록·등기 전 확인,"부산에서 법인설립·변경등기 전 정관·의사록 공증이 필요한지, 방문 전 서류와 공증 후 등기 순서를 정리합니다. 공증은 공증인, 등기는 법무사 영역으로 구분해 안내합니다.",법인 공증을 준비할 때 먼저 확인할 정관·의사록·등기절차,상담 시 확인하는 내용,corporate,부산,corporate-registration,documents,true,,true
/법인정관인증확인,local,법인 정관 공증이 필요한 경우｜설립 전 확인 기준,"주식회사 정관 인증(공증)이 필요한 경우와 자본금·발기설립 예외를 2026년 8월 기준으로 정리합니다. 인증은 공증인, 설립등기는 법무사 영역으로 안내합니다.",법인 정관 공증이 필요한 경우 — 설립 전에 확인할 기준,상담 시 확인하는 내용,corporate,,corporate-registration,documents,true,,true
/법인의사록공증준비,local,법인 의사록 공증은 언제?｜주주총회·이사회 준비,"주주총회·이사회 의사록이 언제 필요하고, 인증(공증)을 언제 확인해야 하는지 정리합니다. 공증은 공증인, 변경등기는 법무사 영역으로 안내합니다.",법인 의사록 공증은 언제 필요할까 — 주주총회·이사회 준비서류,상담 시 확인하는 내용,corporate,,corporate-registration,documents,true,,true
/부산건물등기,local,부산 건물등기｜신축보존·멸실·표시변경·집합·공장 유형별 안내,"부산 건물등기 종합 허브. 신축 보존등기, 멸실등기, 표시변경, 집합건물, 공장·창고 등기 유형을 구분하고 건축물대장·등기부 대조 포인트와 상담 연결을 안내합니다.",부산 건물등기 — 건축물대장과 등기부부터 맞춰 보세요,비용 안내 | 관할·접근 안내 | 법무사 의견 | 상담 시 확인하는 내용,real-estate,부산,real-estate-registration,informational,true,,true
/부산건축물등기법무사,local,부산 건축물등기 법무사｜보존·멸실·표시변경 상담 범위,부산 건축물등기 법무사 안내. 신축 보존·멸실·표시변경·집합·공장 등기 지원 범위와 건축물대장·등기부 확인 포인트 — 다옴법무사 안윤정. 해운대·센텀 다옴법무사사무소에서 전화·카카오톡·방문(예약) 상담이 가능합니다.,부산 건축물등기 법무사 — 등기 지원 범위부터 확인하세요,비용 안내 | 관할·접근 안내 | 법무사 의견 | 상담 시 확인하는 내용,real-estate,부산,real-estate-registration,consult,true,,true
/부산건물멸실등기,local,부산 건물멸실등기｜철거·소실 후 등기부 정리와 상황별 안내,"부산 건물멸실등기 허브. 철거·화재·상속·공장 철거 등 상황별 멸실등기, 건축물대장 말소와 등기부 차이와 상담 연결 — 다옴법무사. 해운대·센텀 다옴법무사사무소에서 전화·카카오톡·방문(예약) 상담이 가능합니다.",부산 건물멸실등기 — 철거·소실 후에도 등기부는 남을 수 있습니다,비용 안내 | 관할·접근 안내 | 법무사 의견 | 상담 시 확인하는 내용,real-estate,부산,real-estate-registration,informational,true,,true
/부산건물표시변경등기,local,부산 건물표시변경등기｜면적·구조·용도 표시 정비 안내,부산 건물표시변경등기 허브. 증축·개축·용도변경·일부 철거 후 등기부 표시를 건축물대장에 맞추는 절차와 상담 — 다옴법무사. 해운대·센텀 다옴법무사사무소에서 전화·카카오톡·방문(예약) 상담이 가능합니다.,부산 건물표시변경등기 — 대장과 등기부 표시가 다르면 정비가 필요합니다,비용 안내 | 관할·접근 안내 | 법무사 의견 | 상담 시 확인하는 내용,real-estate,부산,real-estate-registration,informational,true,,true
/부산집합건물등기,local,부산 집합건물등기｜전유·공용·대지권 등기 포인트,부산 집합건물등기 안내. 아파트·오피스텔·집합상가의 보존·이전·표시와 전유·공용·대지권 검토 포인트 — 다옴법무사. 해운대·센텀 다옴법무사사무소에서 전화·카카오톡·방문(예약) 상담이 가능합니다.,부산 집합건물등기 — 전유·공용·대지권을 함께 보세요,비용 안내 | 관할·접근 안내 | 법무사 의견 | 상담 시 확인하는 내용,real-estate,부산,real-estate-registration,informational,true,,true
/부산공장창고등기,local,부산 공장·창고 등기｜산업·물류 시설 보존·멸실·표시,"부산 공장·창고 등기 안내. 산업단지·물류 시설의 보존등기, 철거 후 멸실, 용도·면적 표시변경과 건축물대장·등기부 확인 — 다옴법무사. 해운대·센텀 다옴법무사사무소에서 전화·카카오톡·방문(예약) 상담이 가능합니다.",부산 공장·창고 등기 — 산업·물류 시설은 용도·부속 표시를 더 봅니다,비용 안내 | 관할·접근 안내 | 법무사 의견 | 상담 시 확인하는 내용,real-estate,부산,real-estate-registration,informational,true,,true
/건물등기상황별안내,local,건물등기 상황별 안내｜상속·공유·미등기·소유자 상이,"건물등기 상황별 안내. 상속 건물, 공유자 연락 두절, 등기부만 잔존, 토지·건물 소유자 상이 등 상황형 등기 점검과 상담 — 다옴법무…",건물등기 상황별 안내 — 유형보다 ‘지금 막힌 지점’부터 보세요,비용 안내 | 관할·접근 안내 | 법무사 의견 | 상담 시 확인하는 내용,inheritance,,real-estate-registration,informational,true,,true
/철거후건물멸실등기,local,철거 끝난 뒤 건물멸실등기｜대장·등기 순서,"건물을 철거한 뒤 멸실등기. 건축물대장 말소와 등기 접수 순서, 준비서류, 지연 시 공시 불일치 — 다옴법무사. 해운대·센텀 다옴법무사사무소에서 전화·카카오톡·방문(예약) 상담이 가능합니다.",철거가 끝났다면 — 건물멸실등기로 등기부를 비우세요,비용 안내 | 관할·접근 안내 | 법무사 의견 | 상담 시 확인하는 내용,real-estate,부산,real-estate-registration,documents,true,,true
/건축물대장말소와멸실등기차이,local,건축물대장 말소 vs 멸실등기｜무엇이 다른지,"건축물대장 말소와 건물멸실등기의 차이. 행정 정리와 등기 공시, 순서·담당 기관 — 다옴법무사. 해운대·센텀 다옴법무사사무소에서 전화·카카오톡·방문(예약) 상담이 가능합니다.",건축물대장 말소 ≠ 멸실등기 — 역할부터 구분하세요,비용 안내 | 관할·접근 안내 | 법무사 의견 | 상담 시 확인하는 내용,real-estate,,real-estate-registration,informational,true,,true
/멸실등기없이토지매도,local,멸실등기 없이 토지 매도｜잔존 건물 리스크,건물은 없는데 등기부만 남은 채 토지를 팔 때. 잔존 멸실등기·특약·잔금 리스크 — 다옴법무사. 해운대·센텀 다옴법무사사무소에서 전화·카카오톡·방문(예약) 상담이 가능합니다.,건물은 없는데 등기만 남은 토지 — 매도 전 멸실을 점검하세요,비용 안내 | 관할·접근 안내 | 법무사 의견 | 상담 시 확인하는 내용,real-estate,,real-estate-registration,informational,true,,true
/신축전기존건물철거등기순서,local,신축 전 기존건물 철거 등기 순서｜보존 전 정리,신축 전 기존 건물 철거·멸실등기·보존등기 순서. 일정 꼬임 예방 — 다옴법무사. 해운대·센텀 다옴법무사사무소에서 전화·카카오톡·방문(예약) 상담이 가능합니다.,신축 전에 기존 건물 등기부터 — 철거·멸실·보존 순서를 맞추세요,비용 안내 | 관할·접근 안내 | 법무사 의견 | 상담 시 확인하는 내용,real-estate,,real-estate-registration,informational,true,,true
/화재소실건물멸실등기,local,화재·소실 건물 멸실등기｜소실 증명과 접수,화재·천재로 소실된 건물의 멸실등기. 소실 증빙·대장 정리·등기 접수 — 다옴법무사. 해운대·센텀 다옴법무사사무소에서 전화·카카오톡·방문(예약) 상담이 가능합니다.,화재로 건물이 소실됐다면 — 멸실등기로 공시를 맞추세요,비용 안내 | 관할·접근 안내 | 법무사 의견 | 상담 시 확인하는 내용,real-estate,,real-estate-registration,documents,true,,true
/건물일부철거표시변경,local,건물 일부 철거 후 표시변경｜전멸실과 다른 등기,건물 일부만 철거·철거 후 면적·구조 변경 시 표시변경등기. 전면 멸실과의 차이 — 다옴법무사. 해운대·센텀 다옴법무사사무소에서 전화·카카오톡·방문(예약) 상담이 가능합니다.,일부만 허물었다면 — 멸실이 아니라 표시변경일 수 있습니다,비용 안내 | 관할·접근 안내 | 법무사 의견 | 상담 시 확인하는 내용,real-estate,,real-estate-registration,documents,true,,true
/공장철거후멸실등기,local,공장 철거 후 멸실등기｜공장재단·담보 점검,공장·창고 철거 후 멸실등기. 공장재단·기계기구·담보와 건물 멸실 순서 — 다옴법무사. 해운대·센텀 다옴법무사사무소에서 전화·카카오톡·방문(예약) 상담이 가능합니다.,공장·창고를 허물 때 — 건물 멸실과 공장재단·담보를 같이 보세요,비용 안내 | 관할·접근 안내 | 법무사 의견 | 상담 시 확인하는 내용,real-estate,부산,real-estate-registration,informational,true,,true
/상속건물멸실등기,local,상속받은 건물 멸실등기｜상속등기 후 정리,상속받은 옛 건물을 철거·멸실할 때. 상속등기·신청권자·공동상속인 — 다옴법무사. 해운대·센텀 다옴법무사사무소에서 전화·카카오톡·방문(예약) 상담이 가능합니다.,상속받은 건물을 허문다면 — 누가 멸실등기를 신청하는지부터,비용 안내 | 관할·접근 안내 | 법무사 의견 | 상담 시 확인하는 내용,inheritance,,real-estate-registration,commercial,true,,true
/건축물대장말소등기부잔존,local,대장만 말소됐는데 등기부 남음｜잔존등기 정리,건축물대장은 말소됐는데 건물 등기부가 남은 경우. 잔존 공시 정리·멸실등기 — 다옴법무사. 해운대·센텀 다옴법무사사무소에서 전화·카카오톡·방문(예약) 상담이 가능합니다.,대장은 비었는데 등기부만 남았다 — 잔존 멸실등기로 맞추세요,비용 안내 | 관할·접근 안내 | 법무사 의견 | 상담 시 확인하는 내용,real-estate,,real-estate-registration,informational,true,,true
/등기부존재실제건물없음,local,등기부만 있고 실제 건물 없음｜공시 불일치 해소,현장에는 건물이 없는데 등기부만 남은 경우. 원인 조사·멸실등기·거래 리스크 — 다옴법무사. 해운대·센텀 다옴법무사사무소에서 전화·카카오톡·방문(예약) 상담이 가능합니다.,현장은 비었는데 등기부만 있다 — 공시부터 사실에 맞추세요,비용 안내 | 관할·접근 안내 | 법무사 의견 | 상담 시 확인하는 내용,real-estate,,real-estate-registration,informational,true,,true
/공유자연락두절멸실등기,local,공유자 연락 두절 시 멸실등기｜동의·절차 확인,공유자 중 연락이 닿지 않을 때 건물 멸실등기. 신청·동의·협조 범위 확인 — 다옴법무사. 해운대·센텀 다옴법무사사무소에서 전화·카카오톡·방문(예약) 상담이 가능합니다.,공유자를 찾을 수 없다면 — 멸실등기 전에 협조 구조를 확인하세요,비용 안내 | 관할·접근 안내 | 법무사 의견 | 상담 시 확인하는 내용,real-estate,,real-estate-registration,informational,true,,true
/건물토지소유자상이멸실,local,건물·토지 소유자가 다를 때 멸실｜신청권자 확인,건물 소유자와 토지 소유자가 다른 경우의 멸실등기. 신청권자·동의·지상권·임대차 — 다옴법무사. 해운대·센텀 다옴법무사사무소에서 전화·카카오톡·방문(예약) 상담이 가능합니다.,건물 주인과 땅 주인이 다르면 — 멸실 신청권자부터 확인하세요,비용 안내 | 관할·접근 안내 | 법무사 의견 | 상담 시 확인하는 내용,real-estate,,real-estate-registration,commercial,true,,true
/토지소유자와건축주다른보존등기,local,토지소유자와 건축주가 다른 보존등기｜대지권·사용승낙·부산 신축,토지 소유자와 건축주가 다른 신축 건물의 소유권보존등기. 대지사용권·사용승낙·건축물대장 대조와 부산 등기 실무 점검 — 다옴법무사. 해운대·센텀 다옴법무사사무소에서 전화·카카오톡·방문(예약) 상담이 가능합니다.,토지 소유자와 건축주가 다른 보존등기 — 대지사용 관계를 먼저 맞춥니다,비용 안내 | 관할·접근 안내 | 법무사 의견 | 상담 시 확인하는 내용,real-estate,부산,real-estate-registration,informational,true,,true
/건축주법인신축보존등기,local,건축주 법인 신축 보존등기｜법인 건축주 서류·부산 공장·상가,건축주가 법인인 신축건물 소유권보존등기. 법인 등기부·대표자·인감·건축물대장 명의 맞춤과 부산 실무 — 다옴법무사. 해운대·센텀 다옴법무사사무소에서 전화·카카오톡·방문(예약) 상담이 가능합니다.,건축주가 법인인 신축 보존등기 — 법인 명의와 대표 권한을 맞춥니다,비용 안내 | 관할·접근 안내 | 법무사 의견 | 상담 시 확인하는 내용,corporate,부산,real-estate-registration,documents,true,,true
/보존등기후근저당설정,local,보존등기 후 근저당 설정｜신축 직후 담보대출·부산 등기 순서,"신축 보존등기 직후 근저당권설정등기. 대출·잔금·등기 순서, 채권최고액·채무자 정리 — 다옴법무사. 해운대·센텀 다옴법무사사무소에서 전화·카카오톡·방문(예약) 상담이 가능합니다.",보존등기 후 근저당 설정 — 등기부가 생긴 뒤 담보를 올립니다,비용 안내 | 관할·접근 안내 | 법무사 의견 | 상담 시 확인하는 내용,real-estate,부산,real-estate-registration,informational,true,,true
/지식산업센터보존등기,local,지식산업센터 보존등기｜집합형 산업시설·전유·부산 등기,"지식산업센터(아파트형 공장) 소유권보존등기. 전유·공용·대지권, 분양·시행 구조와 부산 실무 — 다옴법무사. 해운대·센텀 다옴법무사사무소에서 전화·카카오톡·방문(예약) 상담이 가능합니다.",지식산업센터 보존등기 — 전유·공용·산업시설 표시를 맞춥니다,비용 안내 | 관할·접근 안내 | 법무사 의견 | 상담 시 확인하는 내용,real-estate,부산,real-estate-registration,informational,true,,true
/증축후건물표시변경등기,local,증축 후 건물표시변경등기｜면적·층수 반영·부산 등기,증축·개축 후 등기부 건물표시변경등기. 건축물대장·사용승인과 면적·층수 맞춤 — 다옴법무사. 명의인표시변경과 별개. 해운대·센텀 다옴법무사사무소에서 전화·카카오톡·방문(예약) 상담이 가능합니다.,증축 후 건물표시변경등기 — 늘어난 면적·층수를 등기부에 맞춥니다,비용 안내 | 관할·접근 안내 | 법무사 의견 | 상담 시 확인하는 내용,real-estate,부산,real-estate-registration,documents,true,,true
/건물용도변경등기,local,건물 용도변경등기｜주택·상가 용도 표시·부산 등기,건축물대장 용도변경 후 등기부 건물표시 변경. 주택↔근린·사무 등 용도 표시 맞춤 — 다옴법무사. 명의인표시와 별개. 해운대·센텀 다옴법무사사무소에서 전화·카카오톡·방문(예약) 상담이 가능합니다.,건물 용도변경등기 — 대장상 용도를 등기부 표시에 반영합니다,비용 안내 | 관할·접근 안내 | 법무사 의견 | 상담 시 확인하는 내용,real-estate,부산,real-estate-registration,informational,true,,true
/건물면적상이경정등기,local,건물 면적 상이 경정등기｜대장·등기부 면적 불일치·부산,건축물대장과 등기부 면적이 다를 때 경정·표시변경. 측량·승인 자료 대조 — 다옴법무사. 명의인표시와 별개. 해운대·센텀 다옴법무사사무소에서 전화·카카오톡·방문(예약) 상담이 가능합니다.,건물 면적 상이 경정등기 — 숫자부터 맞추고 거래를 이어갑니다,비용 안내 | 관할·접근 안내 | 법무사 의견 | 상담 시 확인하는 내용,real-estate,부산,real-estate-registration,documents,true,,true
/도로명주소등기부상이,local,도로명주소 등기부 상이｜건물 소재지 표시 정리·부산,도로명주소·지번과 등기부 건물 소재지 표시가 다를 때. 표시변경·소명 — 다옴법무사. 명의인 주소변경과 구분. 해운대·센텀 다옴법무사사무소에서 전화·카카오톡·방문(예약) 상담이 가능합니다.,도로명주소와 등기부 상이 — 건물 소재지 표시를 정리합니다,비용 안내 | 관할·접근 안내 | 법무사 의견 | 상담 시 확인하는 내용,real-estate,부산,real-estate-registration,informational,true,,true
/건축물대장등기부불일치,local,건축물대장 등기부 불일치｜원인별 정리·부산 건물등기,건축물대장과 등기부가 면적·용도·구조·주소에서 다를 때. 표시변경·경정·보존 분기 — 다옴법무사. 해운대·센텀 다옴법무사사무소에서 전화·카카오톡·방문(예약) 상담이 가능합니다.,건축물대장과 등기부 불일치 — 항목별로 고치는 축이 다릅니다,비용 안내 | 관할·접근 안내 | 법무사 의견 | 상담 시 확인하는 내용,real-estate,부산,real-estate-registration,informational,true,,true
/불법증축후등기가능여부,local,불법증축 후 등기 가능 여부｜미승인 증축·표시변경 한계·부산,무허가·미승인 증축이 있는 건물의 등기·표시변경 가능 여부. 대장 반영·합법화 선행과 한계 — 다옴법무사. 해운대·센텀 다옴법무사사무소에서 전화·카카오톡·방문(예약) 상담이 가능합니다.,불법증축 후 등기 가능 여부 — 등기로 위법을 ‘덮지’ 않습니다,비용 안내 | 관할·접근 안내 | 법무사 의견 | 상담 시 확인하는 내용,real-estate,부산,real-estate-registration,informational,true,,true
/건물분할등기,local,건물분할등기｜1동을 나누는 표시·부산 건물등기,건물분할등기 안내. 1개 건물 등기부를 나누는 요건·서류·후속 매매·담보 — 다옴법무사. 해운대·센텀 다옴법무사사무소에서 전화·카카오톡·방문(예약) 상담이 가능합니다.,건물분할등기 — 한 건물 표시를 나누어 각각 공시합니다,비용 안내 | 관할·접근 안내 | 법무사 의견 | 상담 시 확인하는 내용,real-estate,부산,real-estate-registration,informational,true,,true
/건물합병등기,local,건물합병등기｜여러 건물 등기를 합치기·부산,건물합병등기 안내. 별도 등기된 건물을 하나로 합치는 요건·담보·공유 이슈 — 다옴법무사. 해운대·센텀 다옴법무사사무소에서 전화·카카오톡·방문(예약) 상담이 가능합니다.,건물합병등기 — 나뉜 건물 표시를 하나로 합칩니다,비용 안내 | 관할·접근 안내 | 법무사 의견 | 상담 시 확인하는 내용,real-estate,부산,real-estate-registration,documents,true,,true
/일반건물집합건물전환등기,local,일반건물 집합건물 전환등기｜구분소유·전유 표시·부산,일반건물을 집합건물(구분소유)로 전환하는 등기. 전유·공용·대지권 — 다옴법무사. 해운대·센텀 다옴법무사사무소에서 전화·카카오톡·방문(예약) 상담이 가능합니다.,일반건물→집합건물 전환등기 — 구분소유 구조로 바꿉니다,비용 안내 | 관할·접근 안내 | 법무사 의견 | 상담 시 확인하는 내용,real-estate,부산,real-estate-registration,informational,true,,true
/미등기건물소유권보존등기,local,미등기건물 소유권보존등기｜등기부 없는 건물·부산,등기부가 없는 미등기건물의 소유권보존등기. 건축물대장·소유권원 소명 — 다옴법무사. 해운대·센텀 다옴법무사사무소에서 전화·카카오톡·방문(예약) 상담이 가능합니다.,미등기건물 소유권보존등기 — 등기부가 없는 건물을 공시합니다,비용 안내 | 관할·접근 안내 | 법무사 의견 | 상담 시 확인하는 내용,real-estate,부산,real-estate-registration,informational,true,,true
/가설컨테이너등기가능여부,local,가설건축물·컨테이너 등기 가능 여부｜부산 건물등기,가설건축물·컨테이너의 등기·보존 가능 여부. 건축물대장·존치 성격과 한계 — 다옴법무사. 해운대·센텀 다옴법무사사무소에서 전화·카카오톡·방문(예약) 상담이 가능합니다.,가설·컨테이너 등기 가능 여부 — ‘올려져 있다’고 곧 등기는 아닙니다,비용 안내 | 관할·접근 안내 | 법무사 의견 | 상담 시 확인하는 내용,real-estate,부산,real-estate-registration,informational,true,,true
/강서구공장멸실등기,local,강서구 공장 멸실등기｜산업단지·공장 철거 후 등기·부산,부산 강서구 공장 멸실등기. 산업·물류 지역 공장 철거 후 등기부 말소·토지 정리 — 다옴법무사. 미확인 통계 없이 실무 각도만. 해운대·센텀 다옴법무사사무소에서 전화·카카오톡·방문(예약) 상담이 가능합니다.,강서구 공장 멸실등기 — 산업지역 공장 철거 후 등기를 정리합니다,비용 안내 | 관할·접근 안내 | 법무사 의견 | 상담 시 확인하는 내용,real-estate,강서,real-estate-registration,informational,true,,true
/사상구공장창고등기,local,사상구 공장·창고 등기｜보존·표시·멸실·부산 사상,부산 사상구 공장·창고 등기. 물류·준공업 지역 보존·표시변경·멸실·담보 — 다옴법무사. 해운대·센텀 다옴법무사사무소에서 전화·카카오톡·방문(예약) 상담이 가능합니다.,사상구 공장·창고 등기 — 물류·준공업 권역 건물등기를 정리합니다,비용 안내 | 관할·접근 안내 | 법무사 의견 | 상담 시 확인하는 내용,real-estate,사상,real-estate-registration,informational,true,,true
/기장신축건물보존등기,local,기장 신축건물 보존등기｜기장군 주택·상가 신축 등기,부산 기장군 신축건물 소유권보존등기. 주택·상가·근린 신축 후 대장·보존 — 다옴법무사. 해운대·센텀 다옴법무사사무소에서 전화·카카오톡·방문(예약) 상담이 가능합니다.,기장 신축건물 보존등기 — 기장군 신축의 최초 등기부를 만듭니다,비용 안내 | 관할·접근 안내 | 법무사 의견 | 상담 시 확인하는 내용,real-estate,기장,real-estate-registration,informational,true,,true
/해운대상가오피스텔건물등기,local,해운대 상가·오피스텔 건물등기｜센텀·해운대 보존·표시·이전,해운대·센텀 상가·오피스텔 건물등기. 집합 전유·보존·표시·담보 — 다옴법무사 해운대. 해운대·센텀 다옴법무사사무소에서 전화·카카오톡·방문(예약) 상담이 가능합니다.,해운대 상가·오피스텔 건물등기 — 센텀·해운대 집합·근린을 다룹니다,비용 안내 | 관할·접근 안내 | 법무사 의견 | 상담 시 확인하는 내용,real-estate,해운대,real-estate-registration,informational,true,,true
/특수비영리법인등기,local,특수·비영리법인 등기｜사단·재단·협동조합·농업법인 유형별 안내,"사단법인·재단법인·협동조합·사회적협동조합·농업회사법인·사회복지법인 등 특수·비영리 법인의 설립·변경·해산 등기. 허가와 등기 구분, 부산 관할 안내 — 다옴법무사.",특수·비영리법인 등기 — 법인 유형부터 설립·변경 절차를 구분하세요,상담 시 확인하는 내용,corporate,부산,corporate-registration,informational,true,,true
/부산비영리법인설립등기,local,부산 비영리법인 설립등기｜사단·재단 허가와 등기 절차 구분,"부산 소재 비영리 사단법인·재단법인 설립. 주무관청 허가, 창립총회, 설립등기 기한, 관할 등기소 — 다옴법무사. 해운대·센텀 다옴법무사사무소에서 전화·카카오톡·방문(예약) 상담이 가능합니다.",부산 비영리법인 설립등기 — 허가 단계와 등기 단계를 나눠 이해하세요,상담 시 확인하는 내용,corporate,부산,corporate-registration,informational,true,,true
/부산특수법인등기,local,부산 특수법인 등기｜비영리·협동조합·농업·전문직 법인 안내,부산 특수법인·비영리법인·협동조합·농업회사법인·사회복지법인 등 설립·변경·해산 등기. 주식회사와 다른 절차 — 다옴법무사. 해운대·센텀 다옴법무사사무소에서 전화·카카오톡·방문(예약) 상담이 가능합니다.,부산 특수법인 등기 — 주식회사와 다른 법인 유형을 구분하세요,상담 시 확인하는 내용,corporate,부산,corporate-registration,informational,true,,true
/부산조합협동조합등기,local,부산 조합·협동조합 등기｜일반·사회적협동조합 설립·변경,부산 협동조합·사회적협동조합 설립등기·임원변경·주사무소 이전·해산. 인가 여부와 등기 기한 차이 — 다옴법무사. 해운대·센텀 다옴법무사사무소에서 전화·카카오톡·방문(예약) 상담이 가능합니다.,부산 조합·협동조합 등기 — 일반협동조합과 사회적협동조합을 구분하세요,상담 시 확인하는 내용,corporate,부산,corporate-registration,documents,true,,true
/부산비영리법인변경등기,local,부산 비영리법인 변경등기｜임원·목적·주사무소·해산,부산 비영리 사단·재단법인 임원변경·목적·명칭·주사무소 이전·해산·청산 등기. 주무관청 승인과 등기 순서 — 다옴법무사. 해운대·센텀 다옴법무사사무소에서 전화·카카오톡·방문(예약) 상담이 가능합니다.,부산 비영리법인 변경등기 — 승인·결의 후 등기 순서를 확인하세요,상담 시 확인하는 내용,corporate,부산,director-change,informational,true,,true
/특별법법인설립등기,local,특별법 법인 설립등기｜사회복지·학교·의료·공익법인 인가 후 등기,"사회복지법인·학교법인·의료법인·공익법인 설립등기. 인가·허가와 등기 구분, 등기 기한·주무관청 — 다옴법무사. 해운대·센텀 다옴법무사사무소에서 전화·카카오톡·방문(예약) 상담이 가능합니다.",특별법 법인 설립등기 — 민법 사단·재단과 절차가 다릅니다,상담 시 확인하는 내용,corporate,,corporate-registration,informational,true,,true
/전문직법인등기,local,전문직 법인 등기｜법무사·세무·노무·회계·특허·관세·감정(등기만),"법무사·세무·노무·회계·특허·관세·감정평가 법인 설립등기. 인가·등록과 등기 구분, 전문직 고유 업무 제외 — 다옴법무사. 해운대·센텀 다옴법무사사무소에서 전화·카카오톡·방문(예약) 상담이 가능합니다.",전문직 법인 등기 — 등록·인가와 법인설립등기를 구분하세요,상담 시 확인하는 내용,corporate,,corporate-registration,commercial,true,,true
/농어업법인설립등기,local,농·어업 법인 설립등기｜농업회사·영농조합·영어조합·어업회사,"농업회사법인·영농조합법인·영어조합법인·어업회사법인 설립등기. 인증·인가와 등기, 부산·경남 안내 — 다옴법무사. 해운대·센텀 다옴법무사사무소에서 전화·카카오톡·방문(예약) 상담이 가능합니다.",농·어업 법인 설립등기 — 법인 유형별 인증·인가를 구분하세요,상담 시 확인하는 내용,corporate,,corporate-registration,informational,true,,true
/부산사단법인설립,local,부산 사단법인 설립｜협회·학회 법인화 전 확인할 허가와 등기 절차,"부산 사단법인 설립허가·창립총회·설립등기. 주무관청·정관·임원 구성, 허가 후 3주 이내 등기 — 다옴법무사. 해운대·센텀 다옴법무사사무소에서 전화·카카오톡·방문(예약) 상담이 가능합니다.",부산 사단법인 설립 — 협회·학회·단체의 허가와 등기를 단계별로,상담 시 확인하는 내용,corporate,부산,corporate-registration,informational,true,,true
/부산재단법인설립,local,부산 재단법인 설립등기｜출연재산·정관·임원 구성에서 자주 막히는 부분,"부산 재단법인 설립. 기본재산·출연재산, 설립허가, 임원·정관, 허가 후 설립등기 — 다옴법무사. 해운대·센텀 다옴법무사사무소에서 전화·카카오톡·방문(예약) 상담이 가능합니다.",부산 재단법인 설립 — 출연재산과 기본재산부터 정리하세요,상담 시 확인하는 내용,corporate,부산,corporate-registration,informational,true,,true
/부산사회적협동조합설립,local,사회적협동조합 인가 후 설립등기｜기한과 준비서류를 놓치지 않으려면,"부산 사회적협동조합 설립. 행정안전부 장관 인가, 인가 후 1월 이내 설립등기, 정관·조합원 — 다옴법무사. 해운대·센텀 다옴법무사사무소에서 전화·카카오톡·방문(예약) 상담이 가능합니다.",부산 사회적협동조합 설립 — 인가와 등기를 구분하세요,상담 시 확인하는 내용,corporate,부산,corporate-registration,informational,true,,true
/부산협동조합설립등기,local,부산 협동조합 설립등기｜창립총회 후 2주 이내 등기,"부산 일반협동조합 설립등기. 창립총회·정관·출자금·조합원, 2주 이내 등기 기한 — 다옴법무사. 해운대·센텀 다옴법무사사무소에서 전화·카카오톡·방문(예약) 상담이 가능합니다.",부산 협동조합 설립등기 — 창립총회 다음이 등기입니다,상담 시 확인하는 내용,corporate,부산,corporate-registration,informational,true,,true
/부산농업회사법인설립,local,부산 농업회사법인 설립｜인증과 설립등기 순서,"부산·경남 농업회사법인 설립. 농림축산식품부 장관 인증, 인증 후 1월 이내 설립등기 — 다옴법무사. 해운대·센텀 다옴법무사사무소에서 전화·카카오톡·방문(예약) 상담이 가능합니다.",부산 농업회사법인 설립 — 인증과 등기는 별도 단계입니다,상담 시 확인하는 내용,corporate,부산,corporate-registration,informational,true,,true
/부산협회단체법인설립,local,부산 협회·단체 법인설립｜임의단체에서 사단법인으로,부산 협회·학회·단체의 사단법인 설립. 주무관청·정관·창립총회·허가 후 등기 — 다옴법무사. 해운대·센텀 다옴법무사사무소에서 전화·카카오톡·방문(예약) 상담이 가능합니다.,부산 협회·단체 법인설립 — 임의단체와 사단법인을 구분하세요,상담 시 확인하는 내용,corporate,부산,corporate-registration,informational,true,,true
/협회사단법인설립,local,협회를 사단법인으로 설립하는 방법｜허가·정관·등기,"업종별·종목별 협회의 사단법인 설립. 주무관청 허가, 창립총회, 회원·이사회, 설립등기 — 다옴법무사. 해운대·센텀 다옴법무사사무소에서 전화·카카오톡·방문(예약) 상담이 가능합니다.",협회를 사단법인으로 — 회원 협회에 맞는 설립 절차,상담 시 확인하는 내용,corporate,,corporate-registration,informational,true,,true
/장학재단설립,local,장학재단 설립｜출연재산·이사·감사와 설립등기,장학 목적 재단법인 설립. 기본재산·출연·설립허가·설립등기. 기부금·세무는 별도 확인 — 다옴법무사. 해운대·센텀 다옴법무사사무소에서 전화·카카오톡·방문(예약) 상담이 가능합니다.,장학재단 설립 — 재단법인 구조와 등기를 먼저 이해하세요,상담 시 확인하는 내용,corporate,,corporate-registration,informational,true,,true
/비영리법인임원변경등기,local,비영리법인 임원변경등기｜주무관청 승인과 등기 순서를 확인하세요,"사단·재단법인 임원 취임·사임·중임 등기. 총회·이사회 결의, 승인, 등기 기한 — 다옴법무사. 해운대·센텀 다옴법무사사무소에서 전화·카카오톡·방문(예약) 상담이 가능합니다.",비영리법인 임원변경등기 — 취임·사임·중임을 등기부에 반영하세요,상담 시 확인하는 내용,corporate,,director-change,informational,true,,true
/주무관청허가후설립등기,local,주무관청 허가 후 설립등기｜행정 허가와 법인등기 구분,비영리 사단·재단법인 설립허가 후 설립등기. 허가서·정관·창립총회·등기 기한 3주 — 다옴법무사. 해운대·센텀 다옴법무사사무소에서 전화·카카오톡·방문(예약) 상담이 가능합니다.,주무관청 허가를 받았다면 — 이제 설립등기를 준비하세요,상담 시 확인하는 내용,corporate,,corporate-registration,documents,true,,true
/사회복지법인설립등기,local,사회복지법인 설립등기｜시·도지사 인가 후 1월 이내 등기,"사회복지법인 설립인가·기본재산·시설·정관, 인가 후 1월 이내 설립등기. 행정과 등기 구분 — 다옴법무사. 해운대·센텀 다옴법무사사무소에서 전화·카카오톡·방문(예약) 상담이 가능합니다.",사회복지법인 설립등기 — 인가와 등기는 별도 단계입니다,상담 시 확인하는 내용,corporate,,corporate-registration,informational,true,,true
/부산사회복지법인등기,local,부산 사회복지법인 등기｜설립·임원변경·주사무소 이전,부산 소재 사회복지법인 설립등기·임원변경·주사무소 이전·해산. 부산광역시장 인가와 등기 순서 — 다옴법무사. 해운대·센텀 다옴법무사사무소에서 전화·카카오톡·방문(예약) 상담이 가능합니다.,부산 사회복지법인 등기 — 시장 인가와 등기소 관할을 확인하세요,상담 시 확인하는 내용,corporate,부산,corporate-registration,informational,true,,true
/사회복지법인임원변경등기,local,사회복지법인 임원변경등기｜취임·사임·이사회 결의 후 등기,사회복지법인 이사·이사장·감사 변경등기. 변경인가·결의 후 등기 순서 — 다옴법무사. 해운대·센텀 다옴법무사사무소에서 전화·카카오톡·방문(예약) 상담이 가능합니다.,사회복지법인 임원변경등기 — 변경인가와 등기 순서를 확인하세요,상담 시 확인하는 내용,corporate,,director-change,informational,true,,true
/사회복지법인해산청산등기,local,사회복지법인 해산·청산등기｜결의·인가·청산인 등기,"사회복지법인 해산·청산 절차와 등기. 시·도지사 보고·인가, 청산인 선임등기 — 다옴법무사. 해운대·센텀 다옴법무사사무소에서 전화·카카오톡·방문(예약) 상담이 가능합니다.",사회복지법인 해산·청산 — 행정 보고와 등기를 순서대로,상담 시 확인하는 내용,corporate,,corporate-registration,informational,true,,true
/학교법인설립등기,local,학교법인 설립등기｜교육감 인가·정관·기본재산 후 등기,"학교법인 설립인가·기본재산·이사회, 인가 후 설립등기. 사립학교·유치원 법인화 — 다옴법무사. 해운대·센텀 다옴법무사사무소에서 전화·카카오톡·방문(예약) 상담이 가능합니다.",학교법인 설립등기 — 교육감 인가가 먼저입니다,상담 시 확인하는 내용,corporate,,corporate-registration,informational,true,,true
/부산학교법인등기,local,부산 학교법인 등기｜교육감 인가 후 설립·변경등기,부산 소재 학교법인 설립등기·임원변경·기본재산 변경. 부산교육청 관할 — 다옴법무사. 해운대·센텀 다옴법무사사무소에서 전화·카카오톡·방문(예약) 상담이 가능합니다.,부산 학교법인 등기 — 부산교육청 인가와 등기소 관할,상담 시 확인하는 내용,corporate,부산,corporate-registration,informational,true,,true
/학교법인임원변경등기,local,학교법인 임원변경등기｜이사·이사장·감사 변경과 교육감 승인,학교법인 이사·이사장·감사 취임·사임 등기. 교육감 승인·결의 후 등기 — 다옴법무사. 해운대·센텀 다옴법무사사무소에서 전화·카카오톡·방문(예약) 상담이 가능합니다.,학교법인 임원변경등기 — 교육감 승인과 등기,상담 시 확인하는 내용,corporate,,director-change,informational,true,,true
/의료법인설립등기,local,의료법인 설립등기｜허가 후 1월 이내 등기·정관·출자,"의료법인 설립허가·정관·출자·의료기관 개설, 허가 후 1월 이내 설립등기 — 다옴법무사. 해운대·센텀 다옴법무사사무소에서 전화·카카오톡·방문(예약) 상담이 가능합니다.",의료법인 설립등기 — 의료기관 허가와 법인 등기는 별개입니다,상담 시 확인하는 내용,corporate,,corporate-registration,informational,true,,true
/부산의료법인등기,local,부산 의료법인 등기｜설립·임원·주사무소 이전등기,부산 소재 의료법인 설립등기·임원변경·주사무소 이전. 부산광역시장 허가와 등기 — 다옴법무사. 해운대·센텀 다옴법무사사무소에서 전화·카카오톡·방문(예약) 상담이 가능합니다.,부산 의료법인 등기 — 병원·의원 법인 설립과 변경,상담 시 확인하는 내용,corporate,부산,corporate-registration,informational,true,,true
/의료법인임원변경등기,local,의료법인 임원변경등기｜대표·이사·의료인 자격 확인,"의료법인 대표·이사 변경등기. 승인·결의 후 등기, 의료인 자격 — 다옴법무사. 해운대·센텀 다옴법무사사무소에서 전화·카카오톡·방문(예약) 상담이 가능합니다.",의료법인 임원변경등기 — 의료인 자격과 등기를 함께 확인,상담 시 확인하는 내용,corporate,,director-change,informational,true,,true
/의료법인주사무소이전등기,local,의료법인 주사무소 이전등기｜허가·관할 변경과 등기,"의료법인 본점·주사무소 이전. 변경허가 후 등기, 관할 등기소 변경 — 다옴법무사. 해운대·센텀 다옴법무사사무소에서 전화·카카오톡·방문(예약) 상담이 가능합니다.",의료법인 주사무소 이전 — 허가 변경과 등기소 관할이 바뀝니다,상담 시 확인하는 내용,corporate,,corporate-registration,informational,true,,true
/공익법인설립등기,local,공익법인 설립등기｜공익법인 등에 관한 법률 체계 안내,"공익법인 설립·인가·등기. 공익법인 등에 관한 법률, 기존 제도와의 관계 — 다옴법무사. 해운대·센텀 다옴법무사사무소에서 전화·카카오톡·방문(예약) 상담이 가능합니다.",공익법인 설립등기 — 새로운 공익법인 제도를 확인하세요,상담 시 확인하는 내용,corporate,,corporate-registration,informational,true,,true
/공익법인임원변경등기,local,공익법인 임원변경등기｜승인·결의 후 등기,공익법인 이사·감사 변경등기. 주무관청 승인과 등기 순서 — 다옴법무사. 해운대·센텀 다옴법무사사무소에서 전화·카카오톡·방문(예약) 상담이 가능합니다.,공익법인 임원변경등기 — 승인과 등기,상담 시 확인하는 내용,corporate,,director-change,informational,true,,true
/영농조합법인설립,local,영농조합법인 설립｜영농조합 전환·설립과 등기,"영농조합법인 설립·전환·등기. 농업협동조합법, 조합원·출자·정관 — 다옴법무사. 해운대·센텀 다옴법무사사무소에서 전화·카카오톡·방문(예약) 상담이 가능합니다.",영농조합법인 설립 — 조합 체계와 등기 절차,상담 시 확인하는 내용,corporate,,corporate-registration,informational,true,,true
/영어조합법인설립,local,영어조합법인 설립｜수산업협동조합법 체계와 등기,"영어조합법인 설립·전환·등기. 어촌계열·수협 체계, 조합원·출자 — 다옴법무사. 해운대·센텀 다옴법무사사무소에서 전화·카카오톡·방문(예약) 상담이 가능합니다.",영어조합법인 설립 — 어업 조합의 법인화,상담 시 확인하는 내용,corporate,,corporate-registration,informational,true,,true
/어업회사법인설립,local,어업회사법인 설립｜수산 가공·유통 법인 인증과 등기,어업회사법인 설립·인증·등기. 수산 가공·유통·양식 사업 법인화 — 다옴법무사. 해운대·센텀 다옴법무사사무소에서 전화·카카오톡·방문(예약) 상담이 가능합니다.,어업회사법인 설립 — 수산 사업 구조에 맞는 법인,상담 시 확인하는 내용,corporate,,corporate-registration,informational,true,,true
/법무사법인설립등기,local,법무사법인 설립등기｜법무사법상 법인 설립 요건과 등기,"법무사법인 설립·구성원·정관·사무소, 법인 설립 인가 후 등기 — 다옴법무사. 해운대·센텀 다옴법무사사무소에서 전화·카카오톡·방문(예약) 상담이 가능합니다.",법무사법인 설립등기 — 법무사법상 요건을 먼저 확인하세요,상담 시 확인하는 내용,corporate,,corporate-registration,commercial,true,,true
/세무법인설립등기,local,세무법인 설립등기｜세무사법인 설립 인가와 등기,세무법인(세무사법인) 설립등기 안내. 세무신고·세무자문이 아닌 등기·서류만 — 다옴법무사. 해운대·센텀 다옴법무사사무소에서 전화·카카오톡·방문(예약) 상담이 가능합니다.,세무법인 설립등기 — 세무사법인 설립과 등기,상담 시 확인하는 내용,corporate,,corporate-registration,informational,true,,true
/노무법인설립등기,local,노무법인 설립등기｜공인노무사 법인 설립과 등기,"노무법인(공인노무사법인) 설립·구성원·정관, 설립 인가 후 등기 — 다옴법무사. 해운대·센텀 다옴법무사사무소에서 전화·카카오톡·방문(예약) 상담이 가능합니다.",노무법인 설립등기 — 공인노무사법인 설립,상담 시 확인하는 내용,corporate,,corporate-registration,informational,true,,true
/회계법인설립등기,local,회계법인 설립등기｜인가·등록 후 등기만 안내,"회계법인(공인회계사법인) 설립등기. 인가·등록은 공인회계사·금융감독원 절차, 법무사는 등기·서류·접수만 — 다옴법무사. 해운대·센텀 다옴법무사사무소에서 전화·카카오톡·방문(예약) 상담이 가능합니다.",회계법인 설립등기 — 인가·등록 다음이 등기입니다,상담 시 확인하는 내용,corporate,,corporate-registration,documents,true,,true
/특허법인설립등기,local,특허법인 설립등기｜변리사법인 인가 후 등기만,"특허법인(변리사법인) 설립등기. 인가·등록은 변리사 절차, 법무사는 등기·서류만 — 다옴법무사. 해운대·센텀 다옴법무사사무소에서 전화·카카오톡·방문(예약) 상담이 가능합니다.",특허법인 설립등기 — 변리사 인가와 등기를 구분하세요,상담 시 확인하는 내용,corporate,,corporate-registration,informational,true,,true
/관세법인설립등기,local,관세법인 설립등기｜관세사법인 등록 후 등기만,"관세법인(관세사법인) 설립등기. 등록·인가는 관세사 절차, 법무사는 등기만 — 다옴법무사. 해운대·센텀 다옴법무사사무소에서 전화·카카오톡·방문(예약) 상담이 가능합니다.",관세법인 설립등기 — 통관 업무와 등기는 다릅니다,상담 시 확인하는 내용,corporate,부산,corporate-registration,informational,true,,true
/감정평가법인설립등기,local,감정평가법인 설립등기｜인가·등록 후 등기만,"감정평가법인 설립등기. 인가·등록은 감정평가사 절차, 법무사는 등기·서류만 — 다옴법무사. 해운대·센텀 다옴법무사사무소에서 전화·카카오톡·방문(예약) 상담이 가능합니다.",감정평가법인 설립등기 — 감정 업무와 등기를 구분하세요,상담 시 확인하는 내용,corporate,,corporate-registration,informational,true,,true
/기타전문직법인설립등기,local,기타 전문직 법인 설립등기｜회계·특허·관세·감정 — 등기만 안내,"회계·특허·관세·감정평가·건축사 법인의 설립등기 안내. 법인 설립 인가·등록은 각 분야, 법무사는 등기·서류만 — 다옴법무사. 해운대·센텀 다옴법무사사무소에서 전화·카카오톡·방문(예약) 상담이 가능합니다.",기타 전문직 법인 — 법무사는 등기 단계만 지원합니다,상담 시 확인하는 내용,corporate,,corporate-registration,commercial,true,,true
/문화예술단체사단법인설립,local,문화예술단체 사단법인 설립｜예술인 협회·단체 법인화,문화예술단체·예술인 협회 사단법인 설립. 주무관청 허가·창립총회·설립등기 — 다옴법무사. 해운대·센텀 다옴법무사사무소에서 전화·카카오톡·방문(예약) 상담이 가능합니다.,문화예술단체 사단법인 — 공연·창작·전시 단체의 법인화,상담 시 확인하는 내용,corporate,부산,corporate-registration,informational,true,,true
/체육단체사단법인설립,local,체육단체 사단법인 설립｜종목·생활체육 협회 법인화,체육단체·종목협회·생활체육단체 사단법인 설립. 허가·정관·등기 — 다옴법무사. 해운대·센텀 다옴법무사사무소에서 전화·카카오톡·방문(예약) 상담이 가능합니다.,체육단체 사단법인 — 종목·지역 체육 협회 설립,상담 시 확인하는 내용,corporate,,corporate-registration,informational,true,,true
/환경단체사단법인설립,local,환경보호단체 사단법인 설립｜환경·생태 단체 법인화,환경보호·생태·기후 단체 사단법인 설립. 비영리 목적·허가·등기 — 다옴법무사. 해운대·센텀 다옴법무사사무소에서 전화·카카오톡·방문(예약) 상담이 가능합니다.,환경단체 사단법인 — 환경·생태 목적 단체의 법인화,상담 시 확인하는 내용,corporate,,corporate-registration,informational,true,,true
/복지단체사단법인설립,local,복지단체 사단법인 설립｜사회복지법인과 구분,복지·자선·지역복지 단체 사단법인 vs 사회복지법인. 목적별 법인 선택 — 다옴법무사. 해운대·센텀 다옴법무사사무소에서 전화·카카오톡·방문(예약) 상담이 가능합니다.,복지단체 사단법인 — 사회복지법인과 언제 다른가요,상담 시 확인하는 내용,corporate,,corporate-registration,informational,true,,true
/사단법인주사무소이전등기,local,사단법인 주사무소 이전등기｜변경허가와 관할 등기소,사단법인 주사무소 이전·변경허가·이전등기. 부산 내·외 이전 시 관할 — 다옴법무사. 해운대·센텀 다옴법무사사무소에서 전화·카카오톡·방문(예약) 상담이 가능합니다.,사단법인 주사무소 이전 — 변경허가 후 등기하세요,상담 시 확인하는 내용,corporate,,corporate-registration,informational,true,,true
/사단법인목적변경등기,local,사단법인 목적변경등기｜정관 변경허가 후 등기,사단법인 목적·사업 범위 변경. 변경허가·총회 결의·목적변경등기 — 다옴법무사. 해운대·센텀 다옴법무사사무소에서 전화·카카오톡·방문(예약) 상담이 가능합니다.,사단법인 목적변경 — 정관과 허가서를 함께 맞추세요,상담 시 확인하는 내용,corporate,,director-change,informational,true,,true
/비영리법인해산청산등기,local,비영리법인 해산·청산등기｜사단·재단 해산결의와 청산인 등기,사단·재단법인 해산·청산·청산종결등기. 총회 결의·주무관청 보고·등기 순서 — 다옴법무사. 해운대·센텀 다옴법무사사무소에서 전화·카카오톡·방문(예약) 상담이 가능합니다.,비영리법인 해산·청산 — 결의부터 청산종결등기까지,상담 시 확인하는 내용,corporate,,corporate-registration,informational,true,,true
/재단법인기본재산변경등기,local,재단법인 기본재산 변경 후 등기｜허가와 등기부 반영 순서,재단법인 기본재산 증감·변경. 변경허가·총회·기본재산 변경등기 — 다옴법무사. 해운대·센텀 다옴법무사사무소에서 전화·카카오톡·방문(예약) 상담이 가능합니다.,재단법인 기본재산 변경 — 허가 후 등기부에 반영하세요,상담 시 확인하는 내용,corporate,,director-change,informational,true,,true
/협동조합임원변경등기,local,협동조합 임원변경등기｜이사·대표 조합원 변경,협동조합·사회적협동조합 이사·대표 변경등기. 총회·이사회 결의 — 다옴법무사. 해운대·센텀 다옴법무사사무소에서 전화·카카오톡·방문(예약) 상담이 가능합니다.,협동조합 임원변경 — 취임·사임 등기,상담 시 확인하는 내용,corporate,,director-change,informational,true,,true
/협동조합해산청산등기,local,협동조합 해산·청산등기｜총회 결의와 청산,협동조합 해산·청산·청산종결등기. 조합원 환급·채무 정리 — 다옴법무사. 해운대·센텀 다옴법무사사무소에서 전화·카카오톡·방문(예약) 상담이 가능합니다.,협동조합 해산·청산 — 총회 결의 후 등기,상담 시 확인하는 내용,corporate,,corporate-registration,informational,true,,true
/종교단체사단법인설립,local,종교단체 사단법인 설립｜종교단체법과 민법 비영리 구분,종교단체 사단법인 설립. 종교단체법 등록·민법 사단법인·재산 등기 구분. 등기만 안내 — 다옴법무사. 해운대·센텀 다옴법무사사무소에서 전화·카카오톡·방문(예약) 상담이 가능합니다.,종교단체 사단법인 — 종교단체법과 비영리법인을 구분하세요,상담 시 확인하는 내용,corporate,,corporate-registration,informational,true,,true
/교회사단법인설립,local,교회 사단법인 설립｜교회 재산·등기와 비영리법인 구분,교회·교단 관련 사단법인 설립등기. 종교단체 등록·재산·허가 후 등기 — 다옴법무사. 해운대·센텀 다옴법무사사무소에서 전화·카카오톡·방문(예약) 상담이 가능합니다.,교회 사단법인 — 재산·등기 구조부터 정리하세요,상담 시 확인하는 내용,corporate,,corporate-registration,informational,true,,true
/종교재단설립,local,종교재단 설립｜출연재산·기본재산과 설립등기,"종교·기념·선교·교육 목적 재단법인 설립. 종교단체 등록과 구분, 허가 후 설립등기 — 다옴법무사. 해운대·센텀 다옴법무사사무소에서 전화·카카오톡·방문(예약) 상담이 가능합니다.",종교재단 설립 — 출연재산과 재단법인을 먼저 구분하세요,상담 시 확인하는 내용,corporate,,corporate-registration,informational,true,,true
/국제교류단체사단법인설립,local,국제교류단체 사단법인 설립｜허가·정관·설립등기,국제교류·자매도시·유학생·문화교류 단체 사단법인 설립. 주무관청 허가 후 등기 — 다옴법무사. 해운대·센텀 다옴법무사사무소에서 전화·카카오톡·방문(예약) 상담이 가능합니다.,국제교류단체 사단법인 — 목적과 주무관청부터 확인하세요,상담 시 확인하는 내용,corporate,부산,corporate-registration,informational,true,,true
/해운대비영리법인설립,local,해운대 비영리법인 설립｜센텀·해운대 사단·재단 허가와 등기,"해운대·센텀 소재 사단·재단법인 설립. 해운대구·부산시 주무관청, 부산지방법원 등기국 — 다옴법무사. 해운대·센텀 다옴법무사사무소에서 전화·카카오톡·방문(예약) 상담이 가능합니다.",해운대 비영리법인 — 센텀·해운대 단체의 허가와 등기,상담 시 확인하는 내용,corporate,해운대,corporate-registration,informational,true,,true
/수영구비영리법인설립,local,수영구 비영리법인 설립｜광안·민락 사단·재단 허가와 등기,"수영구 소재 사단·재단법인 설립. 수영구·부산시 주무관청, 부산 등기소 — 다옴법무사. 해운대·센텀 다옴법무사사무소에서 전화·카카오톡·방문(예약) 상담이 가능합니다.",수영구 비영리법인 — 광안·민락 단체의 허가와 등기,상담 시 확인하는 내용,corporate,수영,corporate-registration,informational,true,,true
/부산진구비영리법인설립,local,부산진구 비영리법인 설립｜서면·전포 협회·단체 법인화,"부산진구(서면·전포) 사단·재단법인 설립. 부산진구·부산시 허가, 부산 등기소 — 다옴법무사. 해운대·센텀 다옴법무사사무소에서 전화·카카오톡·방문(예약) 상담이 가능합니다.",부산진구 비영리법인 — 서면·전포 협회·단체의 법인화,상담 시 확인하는 내용,corporate,부산,corporate-registration,informational,true,,true
/부산문화예술단체법인설립,local,부산 문화예술단체 법인설립｜공연·미술·영상 사단법인,"부산 문화예술단체 사단법인 설립. 문체·시·구 주무관청, 허가 후 등기 — 다옴법무사. 해운대·센텀 다옴법무사사무소에서 전화·카카오톡·방문(예약) 상담이 가능합니다.",부산 문화예술단체 법인설립 — 공연·창작 단체의 법인화,상담 시 확인하는 내용,corporate,부산,corporate-registration,informational,true,,true
/부산체육단체법인설립,local,부산 체육단체 법인설립｜종목·생활체육 사단법인,부산 체육단체·종목협회 사단법인 설립. 허가·창립총회·등기 — 다옴법무사. 해운대·센텀 다옴법무사사무소에서 전화·카카오톡·방문(예약) 상담이 가능합니다.,부산 체육단체 법인설립 — 종목·생활체육 협회 법인화,상담 시 확인하는 내용,corporate,부산,corporate-registration,informational,true,,true
/경남사단법인설립,local,경남 사단법인 설립｜창원·김해·양산 주무관청과 등기소,"경남(창원·김해·양산 등) 사단법인 설립허가·등기. 시·군·교육청 관할, 창원지방법원 등기국 — 다옴법무사. 해운대·센텀 다옴법무사사무소에서 전화·카카오톡·방문(예약) 상담이 가능합니다.",경남 사단법인 설립 — 시·군별 주무관청을 먼저 확인하세요,상담 시 확인하는 내용,corporate,,corporate-registration,informational,true,,true
/경남재단법인설립,local,경남 재단법인 설립｜출연재산·기본재산과 창원 등기,경남 재단법인 설립허가·기본재산·설립등기. 경남·시·군 주무관청 — 다옴법무사. 해운대·센텀 다옴법무사사무소에서 전화·카카오톡·방문(예약) 상담이 가능합니다.,경남 재단법인 — 출연과 관할부터 정리하세요,상담 시 확인하는 내용,corporate,,corporate-registration,informational,true,,true
/창원비영리법인설립,local,창원 비영리법인 설립｜창원시 주무관청·창원 등기국,"창원 소재 사단·재단법인 설립. 창원시·교육청 관할, 창원지방법원 등기국 — 다옴법무사. 해운대·센텀 다옴법무사사무소에서 전화·카카오톡·방문(예약) 상담이 가능합니다.",창원 비영리법인 — 행정도시·교육·산업 단체의 관할,상담 시 확인하는 내용,corporate,,corporate-registration,informational,true,,true
/사회적기업과법인설립차이,local,사회적기업과 법인 설립 차이｜인증·지정 vs 설립등기,사회적기업 인증 vs 법인 설립등기. 주식회사·협동조합·사회적협동조합 선택 — 다옴법무사. 해운대·센텀 다옴법무사사무소에서 전화·카카오톡·방문(예약) 상담이 가능합니다.,사회적기업 ≠ 법인 종류 — 인증과 설립을 나누세요,상담 시 확인하는 내용,corporate,,corporate-registration,informational,true,,true
/재단법인과공익법인차이,local,재단법인과 공익법인 차이｜민법 재단 vs 공익법인법,민법 재단법인 vs 공익법인 등에 관한 법률. 설립·운영·세제 구분 — 다옴법무사. 해운대·센텀 다옴법무사사무소에서 전화·카카오톡·방문(예약) 상담이 가능합니다.,재단법인 vs 공익법인 — 근거법이 다릅니다,상담 시 확인하는 내용,corporate,,corporate-registration,informational,true,,true
/재건축조합임원변경등기,local,재건축조합 임원변경등기｜총회 결의와 등기만 안내,재건축조합·정비사업조합 임원 변경등기. 도시정비법 결의 후 등기 — 법무사는 등기만 — 다옴법무사. 해운대·센텀 다옴법무사사무소에서 전화·카카오톡·방문(예약) 상담이 가능합니다.,재건축조합 임원변경 — 정비사업과 등기를 구분하세요,상담 시 확인하는 내용,corporate,,director-change,informational,true,,true
/사단법인과재단법인차이,local,사단법인과 재단법인 차이｜회원 중심 단체와 재산 중심 조직의 선택 기준,사단법인 vs 재단법인. 회원·출연재산·의사결정·설립 구조·등기 차이. 협회·장학·복지 단체 선택 — 다옴법무사. 해운대·센텀 다옴법무사사무소에서 전화·카카오톡·방문(예약) 상담이 가능합니다.,사단법인과 재단법인 차이 — 회원형과 재산형 중 무엇이 맞을까요,상담 시 확인하는 내용,corporate,,corporate-registration,selection,true,,true
/비영리민간단체와사단법인차이,local,비영리민간단체와 사단법인 차이｜등록 단체와 법인격,비영리민간단체 등록 vs 사단법인 설립. 법인격·세무·대외 거래·등기 차이. 임의단체 법인화 — 다옴법무사. 해운대·센텀 다옴법무사사무소에서 전화·카카오톡·방문(예약) 상담이 가능합니다.,비영리민간단체와 사단법인 — 등록과 설립등기는 다릅니다,상담 시 확인하는 내용,corporate,,corporate-registration,informational,true,,true
/농업회사법인과영농조합법인차이,local,농업회사법인과 영농조합법인｜사업 구조에 따라 달라지는 설립 방식,농업회사법인 vs 영농조합법인. 인증·조합원·출자·세무·등기 차이. 부산·경남 농업법인 선택 — 다옴법무사. 해운대·센텀 다옴법무사사무소에서 전화·카카오톡·방문(예약) 상담이 가능합니다.,농업회사법인 vs 영농조합법인 — 사업 구조로 선택하세요,상담 시 확인하는 내용,corporate,,corporate-registration,informational,true,,true
/사회적협동조합과사단법인차이,local,사회적협동조합과 사단법인 차이｜조합원 사업 vs 회원 단체,사회적협동조합 vs 사단법인. 인가·회원·수익·의사결정·등기 비교 — 다옴법무사. 해운대·센텀 다옴법무사사무소에서 전화·카카오톡·방문(예약) 상담이 가능합니다.,사회적협동조합 vs 사단법인 — 무엇이 다른가요,상담 시 확인하는 내용,corporate,,corporate-registration,selection,true,,true
/협동조합과주식회사차이,local,협동조합과 주식회사 차이｜조합원 vs 주주 구조,협동조합 vs 주식회사(유한회사). 출자·의결권·배당·설립 절차 비교 — 다옴법무사. 해운대·센텀 다옴법무사사무소에서 전화·카카오톡·방문(예약) 상담이 가능합니다.,협동조합 vs 주식회사 — 출자와 의사결정 구조,상담 시 확인하는 내용,corporate,,corporate-registration,selection,true,,true
/사회적기업과사회적협동조합차이,local,사회적기업과 사회적협동조합 차이｜인증 vs 법인 설립,사회적기업 인증 vs 사회적협동조합 설립. 법인 설립과 인증·지정 구분 — 다옴법무사. 해운대·센텀 다옴법무사사무소에서 전화·카카오톡·방문(예약) 상담이 가능합니다.,사회적기업 vs 사회적협동조합 — 인증과 법인을 구분하세요,상담 시 확인하는 내용,corporate,,corporate-registration,selection,true,,true
/사단법인과협동조합차이,local,사단법인과 협동조합 차이｜회원 단체 vs 조합원 사업,사단법인 vs 협동조합. 회원·조합원·수익·설립 절차 비교 — 다옴법무사. 해운대·센텀 다옴법무사사무소에서 전화·카카오톡·방문(예약) 상담이 가능합니다.,사단법인 vs 협동조합 — 단체와 사업의 구분,상담 시 확인하는 내용,corporate,,corporate-registration,selection,true,,true
/partners,local,부산 법무사 협업문의｜복대리·부동산·건축·기업·기관 등기업무,"부산 현지 등기, 법무사 복대리, 공인중개사·건축사 협업, 시행사·건설사 집단등기, 기업·공공기관 등기업무의 범위와 문의 방법을 안내합…","부산에서 필요한 등기 업무, 협업 방식부터 확인합니다",상담 시 확인하는 내용,real-estate,부산,real-estate-registration,consult,true,,true
/부산법무사복대리,local,부산 법무사 복대리｜등기 접수·보정·현지 업무 협업 안내,타지역 법무사·법무법인·변호사사무실을 위한 부산 법무사 복대리 안내. 등기소 접수·보정·원거리 현지 업무의 가능 범위와 역할을 사건별로 확인합니다.,부산에서 필요한 등기 실무를 함께 확인합니다,상담 시 확인하는 내용,real-estate,부산,real-estate-registration,commercial,true,,true
/부산부동산협력법무사,local,부산 부동산 협력 법무사｜매매·잔금·소유권이전등기 협업,"공인중개사·부동산중개사무소를 위한 부산 부동산 협력 법무사 안내. 잔금일, 매도·매수 서류, 근저당 설정·말소 등 거래 이후 등기 절차를 역할 분담해 연결합니다.",부동산 계약 이후의 등기 절차를 안정적으로 연결합니다,상담 시 확인하는 내용,real-estate,부산,ownership-transfer,commercial,true,,true
/협업문의,local,협업·복대리·프로젝트 문의서｜다옴법무사사무소,부산 복대리·부동산·건축·시행·집단등기·기업·기관 협업 문의서. 업무 종류와 일정만 알려주시면 가능 범위부터 확인합니다. 민감 원본은 초기 문의에 보내지 마세요.,협업·복대리·프로젝트 문의서를 작성해 주세요,상담 시 확인하는 내용,real-estate,부산,real-estate-registration,consult,true,,true
/부산부동산등기복대리,local,부산 부동산등기 복대리｜접수·보정·현지업무 협업,타지역 법무사·법무법인을 위한 부산 부동산등기 복대리 안내. 소유권이전·설정·말소 등 관할·서류·일정을 확인한 뒤 가능 범위를 안내합니…,"부산 부동산등기, 관할과 서류를 먼저 맞춰 봅니다",상담 시 확인하는 내용,real-estate,부산,real-estate-registration,documents,true,,true
/부산법인등기복대리,local,부산 법인등기 복대리｜임원·본점·변경등기 현지 협업,타지역 법무사·법무법인을 위한 부산 법인등기 복대리 안내. 임원변경·본점이전·목적변경 등 관할과 의사록·첨부서류를 확인한 뒤 가능 범위를 안내합니다.,"부산 관할 법인등기, 의사록과 첨부를 맞춰 진행합니다",상담 시 확인하는 내용,corporate,부산,corporate-registration,commercial,true,,true
/부산등기접수협업,local,부산 등기 접수 협업｜신청서 점검·접수증 공유,부산 등기소 접수가 필요할 때 신청서 준비 상태와 접수 방식·접수증 공유 범위를 확인합니다. 자료와 일정을 확인한 뒤 가능 범위를 안내…,접수 직전에 맞춰야 할 것들을 먼저 정리합니다,상담 시 확인하는 내용,real-estate,부산,real-estate-registration,commercial,true,,true
/부산등기보정업무,local,부산 등기 보정 업무｜통지 공유·보완·재진행 협업,부산 등기 보정 통지 이후의 기한·보완 서류·현지 대응 범위를 확인합니다. 자료와 일정을 확인한 뒤 가능 범위를 안내합니다. 해운대·센텀 다옴법무사사무소에서 전화·카카오톡·방문(예약) 상담이 가능합니다.,"보정 통지 이후, 기한과 보완 방향을 함께 맞춥니다",상담 시 확인하는 내용,real-estate,부산,real-estate-registration,commercial,true,,true
/부산등기소현지업무,local,부산 등기소 현지업무｜방문·제출·진행 확인 협업,부산 등기소 방문·서류 제출·진행 확인이 필요할 때 현지 업무 범위를 안내합니다. 자료와 일정을 확인한 뒤 가능 범위를 안내합니다. 해운대·센텀 다옴법무사사무소에서 전화·카카오톡·방문(예약) 상담이 가능합니다.,"등기소에서만 되는 일, 현지에서 맞춰 확인합니다",상담 시 확인하는 내용,real-estate,부산,real-estate-registration,documents,true,,true
/부산원거리등기협업,local,부산 원거리 등기 협업｜서류 이동·연락 창구·현지 조율,원거리에서 부산 등기를 조율할 때 원본 이동·일정·연락 창구를 맞춥니다. 자료와 일정을 확인한 뒤 가능 범위를 안내합니다. 해운대·센텀 다옴법무사사무소에서 전화·카카오톡·방문(예약) 상담이 가능합니다.,"멀리서도 빠지지 않게, 전달과 연락부터 맞춥니다",상담 시 확인하는 내용,real-estate,부산,real-estate-registration,documents,true,,true
/부산잔금등기협업,local,부산 잔금일 등기 협업｜매도·매수 서류·담보 일정 조율,잔금일에 맞춘 소유권이전·근저당 설정·말소 등기 협업 안내. 중개사무소·법무사와 역할·서류를 구분해 자료와 일정을 확인한 뒤 가능 범위를 안내합니다.,잔금일에 맞춰야 할 등기 일정부터 나눠 봅니다,상담 시 확인하는 내용,real-estate,부산,ownership-transfer,informational,true,,true
/부산건축사등기협업,local,부산 건축사 등기 협업｜사용승인·대장·보존등기 역할 구분,건축사사무소를 위한 부산 등기 협업 안내. 사용승인·건축물대장 정리 이후 보존등기로 이어질 때 자료와 역할을 확인한 뒤 가능 범위를 안내합니다.,"사용승인 이후, 대장과 보존등기 사이를 잇습니다",상담 시 확인하는 내용,real-estate,부산,real-estate-registration,commercial,true,,true
/부산시행사등기,local,부산 시행사 등기｜보존·분양·담보 연결 프로젝트 협업,시행사를 위한 부산 등기업무 안내. 보존등기·분양 이전·담보 설정·말소가 연결되는 프로젝트의 범위와 일정을 자료 확인 후 안내합니다. 해운대·센텀 다옴법무사사무소에서 전화·카카오톡·방문(예약) 상담이 가능합니다.,"보존에서 분양·담보까지, 프로젝트 일정을 맞춥니다",상담 시 확인하는 내용,real-estate,부산,real-estate-registration,informational,true,,true
/부산건설사등기,local,부산 건설사 등기｜도급·건축주 구조에 따른 보존·법인 협업,건설사를 위한 부산 등기업무 안내. 건축주·도급 구조에 따른 보존등기·법인·부동산등기 범위를 자료와 일정 확인 후 안내합니다. 해운대·센텀 다옴법무사사무소에서 전화·카카오톡·방문(예약) 상담이 가능합니다.,도급과 건축주 구조에 맞춰 등기 경계를 확인합니다,상담 시 확인하는 내용,corporate,부산,real-estate-registration,informational,true,,true
/부산분양등기,local,부산 분양등기｜수분양자 이전·잔금·담보 일정 협업,분양 이후 수분양자 소유권이전·잔금·담보 일정을 조율하는 부산 분양등기 안내. 목록과 일정을 확인한 뒤 가능 범위를 안내합니다. 해운대·센텀 다옴법무사사무소에서 전화·카카오톡·방문(예약) 상담이 가능합니다.,"보존 이후 수분양자 이전, 목록과 잔금부터 맞춥니다",상담 시 확인하는 내용,real-estate,부산,ownership-transfer,commercial,true,,true
/부산법인등기아웃소싱,local,부산 법인등기 아웃소싱｜임원·본점·변경등기 일정 관리,기업 담당자를 위한 부산 법인등기 아웃소싱 안내. 반복되는 임원·본점·목적 변경등기의 창구·일정·자료를 확인한 뒤 가능 범위를 안내합니…,"반복되는 법인 변경등기, 창구와 일정부터 맞춥니다",상담 시 확인하는 내용,corporate,부산,corporate-registration,informational,true,,true
/부산진구상속등기,local,부산진구 상속등기 안내 | 다옴법무사사무소,부산진구 상속등기 절차·필요서류·비용·관할 등기소 안내. 해운대·센텀 다옴법무사사무소에서 상담 가능합니다. 해운대·센텀 다옴법무사사무소에서 전화·카카오톡·방문(예약) 상담이 가능합니다.,부산진구 상속등기 안내,부산진구 상속등기 분기 | 서면권·주거 밀집 지역 | 비용·기한 | 관련 허브로 이어가기 | 상담 시 확인하는 내용 | 상담 시 확인하는 내용,inheritance,부산,inheritance-registration,commercial,true,,true
/부산진구부동산등기,local,부산진구 부동산등기 안내 | 다옴법무사사무소,부산진구 부동산등기 절차·필요서류·비용·관할 등기소 안내. 해운대·센텀 다옴법무사사무소에서 상담 가능합니다. 해운대·센텀 다옴법무사사무소에서 전화·카카오톡·방문(예약) 상담이 가능합니다.,부산진구 부동산등기 안내,지역별 업무 상황 | 부동산등기에서 자주 놓치는 점 | 관할·실무 포인트 | 준비 서류 | 비용·일정 참고 | 관련 허브로 이어가기,real-estate,부산,real-estate-registration,commercial,true,,true
/서면부동산등기,local,서면 부동산등기 안내 | 다옴법무사사무소,서면 부동산등기 절차·필요서류·비용·관할 등기소 안내. 해운대·센텀 다옴법무사사무소에서 상담 가능합니다. 해운대·센텀 다옴법무사사무소에서 전화·카카오톡·방문(예약) 상담이 가능합니다.,서면 부동산등기 안내,서면권 부동산등기 분기 | 역세권·상권 실무 포인트 | 비용·기한 | 관련 허브로 이어가기 | 상담 시 확인하는 내용 | 상담 시 확인하는 내용,real-estate,서면,real-estate-registration,commercial,true,,true
/부동산등기비용,cost,부동산등기 비용 안내 | 다옴법무사사무소,부동산등기 비용 정리. 사건별 준비 서류·기한·수임료 범위를 투명하게 설명드립니다. 해운대·센텀 다옴법무사사무소에서 전화·카카오톡·방문(예약) 상담이 가능합니다.,부동산등기 비용 안내,비용이 달라지는 이유 | 부동산등기에서 자주 놓치는 점 | 부동산등기 비용 초점에서 볼 것 | 보수표·실비 | 준비 서류 | 사건 난이도별 견적 | 검색 의도별 다음 안내,real-estate,,real-estate-registration,cost,true,,true
/개인회생비용,cost,개인회생 비용 안내 | 다옴법무사사무소,개인회생 비용 정리. 사건별 준비 서류·기한·수임료 범위를 투명하게 설명드립니다. 해운대·센텀 다옴법무사사무소에서 전화·카카오톡·방문(예약) 상담이 가능합니다.,개인회생 비용 안내,비용이 달라지는 이유 | 개인회생에서 자주 놓치는 점 | 개인회생 비용 초점에서 볼 것 | 보수표·실비 | 준비 서류 | 사건 난이도별 견적 | 검색 의도별 다음 안내,insolvency,,personal-rehabilitation,cost,true,,true
/부산진구법인등기,local,부산진구 법인등기 안내 | 다옴법무사사무소,부산진구 법인등기 절차·필요서류·비용·관할 등기소 안내. 해운대·센텀 다옴법무사사무소에서 상담 가능합니다. 해운대·센텀 다옴법무사사무소에서 전화·카카오톡·방문(예약) 상담이 가능합니다.,부산진구 법인등기 안내,지역별 업무 상황 | 법인등기에서 자주 놓치는 점 | 관할·실무 포인트 | 준비 서류 | 비용·일정 참고 | 관련 허브로 이어가기,corporate,부산,corporate-registration,commercial,true,,true
/부산진구소유권이전등기,local,부산진구 소유권이전등기 안내 | 다옴법무사사무소,부산진구 소유권이전등기 절차·필요서류·비용·관할 등기소 안내. 해운대·센텀 다옴법무사사무소에서 상담 가능합니다. 해운대·센텀 다옴법무사사무소에서 전화·카카오톡·방문(예약) 상담이 가능합니다.,부산진구 소유권이전등기 안내,지역별 업무 상황 | 소유권이전등기에서 자주 놓치는 점 | 관할·실무 포인트 | 준비 서류 | 비용·일정 참고 | 관련 허브로 이어가기,real-estate,부산,ownership-transfer,commercial,true,,true
/서면법인등기,local,서면 법인등기 안내 | 다옴법무사사무소,서면 법인등기 절차·필요서류·비용·관할 등기소 안내. 해운대·센텀 다옴법무사사무소에서 상담 가능합니다. 해운대·센텀 다옴법무사사무소에서 전화·카카오톡·방문(예약) 상담이 가능합니다.,서면 법인등기 안내,서면 본점 법인등기 분기 | 상권·오피스 실무 | 비용·기한 | 관련 허브로 이어가기 | 상담 시 확인하는 내용 | 상담 시 확인하는 내용,corporate,서면,corporate-registration,commercial,true,,true
/상속등기보수표,cost,상속등기 보수표 안내 | 다옴법무사사무소,상속등기 보수표 정리. 사건별 준비 서류·기한·수임료 범위를 투명하게 설명드립니다. 해운대·센텀 다옴법무사사무소에서 전화·카카오톡·방문(예약) 상담이 가능합니다.,상속등기 보수표 안내,비용이 달라지는 이유 | 상속등기에서 자주 놓치는 점 | 상속등기 보수표 초점에서 볼 것 | 보수표·실비 | 준비 서류 | 사건 난이도별 견적 | 검색 의도별 다음 안내,inheritance,,inheritance-registration,cost,true,,true
/상속등기기한,local,상속등기 기한 안내 | 다옴법무사사무소,상속등기 기한 정리. 사건별 준비 서류·기한·수임료 범위를 투명하게 설명드립니다. 해운대·센텀 다옴법무사사무소에서 전화·카카오톡·방문(예약) 상담이 가능합니다.,상속등기 기한 안내,법정 기한 | 상속등기에서 자주 놓치는 점 | 상속등기 기한 초점에서 볼 것 | 지연 시 불이익 | 준비 서류 | 과태료·가산세 | 검색 의도별 다음 안내,inheritance,,inheritance-registration,commercial,true,,true
/법인등기비용,cost,법인등기 비용 안내 | 다옴법무사사무소,법인등기 비용 정리. 사건별 준비 서류·기한·수임료 범위를 투명하게 설명드립니다. 해운대·센텀 다옴법무사사무소에서 전화·카카오톡·방문(예약) 상담이 가능합니다.,법인등기 비용 안내,비용이 달라지는 이유 | 법인등기에서 자주 놓치는 점 | 법인등기 비용 초점에서 볼 것 | 보수표·실비 | 준비 서류 | 사건 난이도별 견적 | 검색 의도별 다음 안내,corporate,,corporate-registration,cost,true,,true
/부동산등기필요서류,local,부동산등기 필요서류 안내 | 다옴법무사사무소,부동산등기 필요서류 정리. 사건별 준비 서류·기한·수임료 범위를 투명하게 설명드립니다. 해운대·센텀 다옴법무사사무소에서 전화·카카오톡·방문(예약) 상담이 가능합니다.,부동산등기 필요서류 안내,필수 서류 | 부동산등기에서 자주 놓치는 점 | 부동산등기 필요서류 초점에서 볼 것 | 추가로 필요한 경우 | 준비 서류 | 준비 체크리스트 | 검색 의도별 다음 안내,real-estate,,real-estate-registration,documents,true,,true
/소유권이전등기비용,cost,소유권이전등기 비용 안내 | 다옴법무사사무소,소유권이전등기 비용 정리. 사건별 준비 서류·기한·수임료 범위를 투명하게 설명드립니다. 해운대·센텀 다옴법무사사무소에서 전화·카카오톡·방문(예약) 상담이 가능합니다.,소유권이전등기 비용 안내,비용이 달라지는 이유 | 소유권이전등기에서 자주 놓치는 점 | 소유권이전등기 비용 초점에서 볼 것 | 보수표·실비 | 준비 서류 | 사건 난이도별 견적 | 검색 의도별 다음 안내,real-estate,,ownership-transfer,cost,true,,true
/개인회생필요서류,local,개인회생 필요서류 안내 | 다옴법무사사무소,개인회생 필요서류 정리. 사건별 준비 서류·기한·수임료 범위를 투명하게 설명드립니다. 해운대·센텀 다옴법무사사무소에서 전화·카카오톡·방문(예약) 상담이 가능합니다.,개인회생 필요서류 안내,필수 서류 | 개인회생에서 자주 놓치는 점 | 개인회생 필요서류 초점에서 볼 것 | 추가로 필요한 경우 | 준비 서류 | 준비 체크리스트 | 검색 의도별 다음 안내,insolvency,,personal-rehabilitation,documents,true,,true
/부산지방법원등기국상속등기,court,부산지방법원등기국 상속등기 절차 | 다옴법무사사무소,부산지방법원등기국 상속등기 안내. 관할·제출 서류·접수 절차를 사건별로 설명합니다. 해운대·센텀 다옴법무사사무소에서 전화·카카오톡·방문(예약) 상담이 가능합니다.,부산지방법원등기국 상속등기,관할 확인 | 상속등기에서 자주 놓치는 점 | 접수 전 확인사항 | 준비 서류 | 서류 보정 대응 | 부산지방법원 등기국 관련 실무 포인트,inheritance,부산,inheritance-registration,commercial,true,,true
/부산회생법원개인회생,court,부산회생법원 개인회생 절차 | 다옴법무사사무소,부산회생법원 개인회생 안내. 관할·제출 서류·접수 절차를 사건별로 설명합니다. 해운대·센텀 다옴법무사사무소에서 전화·카카오톡·방문(예약) 상담이 가능합니다.,부산회생법원 개인회생,관할 확인 | 개인회생에서 자주 놓치는 점 | 접수 전 확인사항 | 준비 서류 | 서류 보정 대응 | 부산회생법원 관련 실무 포인트,insolvency,부산,personal-rehabilitation,commercial,true,,true
/부산여성법무사,local,부산 여성 법무사 | 다옴법무사사무소,"부산 여성 법무사 관련 절차·비용·서류 안내. 부산 전역 사건 상담, 전화·카카오톡 문의 가능합니다. 해운대·센텀 다옴법무사사무소에서 전화·카카오톡·방문(예약) 상담이 가능합니다.",부산 여성 법무사,편안한 상담 | 상속등기에서 자주 놓치는 점 | 상속·가사 심리적 부담 | 준비 서류 | 회생·채무 상담 | 다옴법무사사무소 상담 안내 | 의뢰인께 드리는 말씀,local,부산,inheritance-registration,commercial,true,,true
/중구상속등기,local,중구 상속등기 안내 | 다옴법무사사무소,중구 상속등기 절차·필요서류·비용·관할 등기소 안내. 해운대·센텀 다옴법무사사무소에서 상담 가능합니다. 해운대·센텀 다옴법무사사무소에서 전화·카카오톡·방문(예약) 상담이 가능합니다.,중구 상속등기 안내,중구 상속등기 전 분기 | 원도심 상속부동산 포인트 | 비용·기한 | 관련 허브로 이어가기 | 상담 시 확인하는 내용 | 상담 시 확인하는 내용,inheritance,중구,inheritance-registration,commercial,true,,true
/서구상속등기,local,서구 상속등기 안내 | 다옴법무사사무소,서구 상속등기 절차·필요서류·비용·관할 등기소 안내. 해운대·센텀 다옴법무사사무소에서 상담 가능합니다. 해운대·센텀 다옴법무사사무소에서 전화·카카오톡·방문(예약) 상담이 가능합니다.,서구 상속등기 안내,지역별 업무 상황 | 상속등기에서 자주 놓치는 점 | 관할·실무 포인트 | 준비 서류 | 비용·일정 참고 | 관련 허브로 이어가기,inheritance,서구,inheritance-registration,commercial,true,,true
/동구상속등기,local,동구 상속등기 안내 | 다옴법무사사무소,동구 상속등기 절차·필요서류·비용·관할 등기소 안내. 해운대·센텀 다옴법무사사무소에서 상담 가능합니다. 해운대·센텀 다옴법무사사무소에서 전화·카카오톡·방문(예약) 상담이 가능합니다.,동구 상속등기 안내,지역별 업무 상황 | 상속등기에서 자주 놓치는 점 | 관할·실무 포인트 | 준비 서류 | 비용·일정 참고 | 관련 허브로 이어가기,inheritance,동구,inheritance-registration,commercial,true,,true
/영도구상속등기,local,영도구 상속등기 안내 | 다옴법무사사무소,영도구 상속등기 절차·필요서류·비용·관할 등기소 안내. 해운대·센텀 다옴법무사사무소에서 상담 가능합니다. 해운대·센텀 다옴법무사사무소에서 전화·카카오톡·방문(예약) 상담이 가능합니다.,영도구 상속등기 안내,지역별 업무 상황 | 상속등기에서 자주 놓치는 점 | 관할·실무 포인트 | 준비 서류 | 비용·일정 참고 | 관련 허브로 이어가기,inheritance,영도,inheritance-registration,commercial,true,,true
/부산진구상속포기,local,부산진구 상속포기 안내 | 다옴법무사사무소,부산진구 상속포기 절차·필요서류·비용·관할 등기소 안내. 해운대·센텀 다옴법무사사무소에서 상담 가능합니다. 해운대·센텀 다옴법무사사무소에서 전화·카카오톡·방문(예약) 상담이 가능합니다.,부산진구 상속포기 안내,지역별 업무 상황 | 상속포기에서 자주 놓치는 점 | 관할·실무 포인트 | 준비 서류 | 비용·일정 참고 | 관련 허브로 이어가기,inheritance,부산,inheritance-renunciation,commercial,true,,true
/부산진구한정승인,local,부산진구 한정승인 안내 | 다옴법무사사무소,부산진구 한정승인 절차·필요서류·비용·관할 등기소 안내. 해운대·센텀 다옴법무사사무소에서 상담 가능합니다. 해운대·센텀 다옴법무사사무소에서 전화·카카오톡·방문(예약) 상담이 가능합니다.,부산진구 한정승인 안내,지역별 업무 상황 | 한정승인에서 자주 놓치는 점 | 관할·실무 포인트 | 준비 서류 | 비용·일정 참고 | 관련 허브로 이어가기,inheritance,부산,qualified-acceptance,commercial,true,,true
/남구상속등기,local,남구 상속등기 안내 | 다옴법무사사무소,남구 상속등기 절차·필요서류·비용·관할 등기소 안내. 해운대·센텀 다옴법무사사무소에서 상담 가능합니다. 해운대·센텀 다옴법무사사무소에서 전화·카카오톡·방문(예약) 상담이 가능합니다.,남구 상속등기 안내,지역별 업무 상황 | 상속등기에서 자주 놓치는 점 | 관할·실무 포인트 | 준비 서류 | 비용·일정 참고 | 관련 허브로 이어가기,inheritance,남구,inheritance-registration,commercial,true,,true
/사하구상속등기,local,사하구 상속등기 안내 | 다옴법무사사무소,사하구 상속등기 절차·필요서류·비용·관할 등기소 안내. 해운대·센텀 다옴법무사사무소에서 상담 가능합니다. 해운대·센텀 다옴법무사사무소에서 전화·카카오톡·방문(예약) 상담이 가능합니다.,사하구 상속등기 안내,지역별 업무 상황 | 상속등기에서 자주 놓치는 점 | 관할·실무 포인트 | 준비 서류 | 비용·일정 참고 | 관련 허브로 이어가기,inheritance,사하,inheritance-registration,commercial,true,,true
/강서구상속등기,local,강서구 상속등기 안내 | 다옴법무사사무소,강서구 상속등기 절차·필요서류·비용·관할 등기소 안내. 해운대·센텀 다옴법무사사무소에서 상담 가능합니다. 해운대·센텀 다옴법무사사무소에서 전화·카카오톡·방문(예약) 상담이 가능합니다.,강서구 상속등기 안내,강서구 상속재산 유형 분기 | 신도시·산업·농지 | 비용·기한 | 관련 허브로 이어가기 | 상담 시 확인하는 내용 | 상담 시 확인하는 내용,inheritance,강서,inheritance-registration,commercial,true,,true
/센텀시티역상속등기,local,센텀시티역 상속등기 안내 | 다옴법무사사무소,센텀시티역 상속등기 절차·필요서류·비용·관할 등기소 안내. 해운대·센텀 다옴법무사사무소에서 상담 가능합니다. 해운대·센텀 다옴법무사사무소에서 전화·카카오톡·방문(예약) 상담이 가능합니다.,센텀시티역 상속등기 안내,센텀권 상속등기에서 볼 것 | 역세권 검색과 관할 | 비용·기한 | 관련 허브로 이어가기 | 상담 시 확인하는 내용 | 상담 시 확인하는 내용,inheritance,센텀,inheritance-registration,commercial,true,,true
/서면역부동산등기,local,서면역 부동산등기 안내 | 다옴법무사사무소,서면역 부동산등기 절차·필요서류·비용·관할 등기소 안내. 해운대·센텀 다옴법무사사무소에서 상담 가능합니다. 해운대·센텀 다옴법무사사무소에서 전화·카카오톡·방문(예약) 상담이 가능합니다.,서면역 부동산등기 안내,지역별 업무 상황 | 부동산등기에서 자주 놓치는 점 | 관할·실무 포인트 | 준비 서류 | 비용·일정 참고 | 관련 허브로 이어가기,real-estate,서면,real-estate-registration,commercial,true,,true
/상속등기준비서류,local,상속등기 준비서류 안내 | 다옴법무사사무소,상속등기 준비서류 정리. 사건별 준비 서류·기한·수임료 범위를 투명하게 설명드립니다. 해운대·센텀 다옴법무사사무소에서 전화·카카오톡·방문(예약) 상담이 가능합니다.,상속등기 준비서류 안내,필수 서류 | 상속등기에서 자주 놓치는 점 | 상속등기 준비서류 초점에서 볼 것 | 추가로 필요한 경우 | 준비 서류 | 준비 체크리스트 | 검색 의도별 다음 안내,inheritance,,inheritance-registration,documents,true,,true
/법인등기필요서류,local,법인등기 필요서류 안내 | 다옴법무사사무소,법인등기 필요서류 정리. 사건별 준비 서류·기한·수임료 범위를 투명하게 설명드립니다. 해운대·센텀 다옴법무사사무소에서 전화·카카오톡·방문(예약) 상담이 가능합니다.,법인등기 필요서류 안내,필요서류와 준비서류의 차이 | 유형별 필수에 가까운 항목 | 제출 전 체크 | 검색 의도별 다음 안내 | 상담 시 확인하는 내용 | 상담 시 확인하는 내용,corporate,,corporate-registration,documents,true,,true
/부동산등기보수표,cost,부동산등기 보수표 안내 | 다옴법무사사무소,부동산등기 보수표 정리. 사건별 준비 서류·기한·수임료 범위를 투명하게 설명드립니다. 해운대·센텀 다옴법무사사무소에서 전화·카카오톡·방문(예약) 상담이 가능합니다.,부동산등기 보수표 안내,비용이 달라지는 이유 | 부동산등기에서 자주 놓치는 점 | 부동산등기 보수표 초점에서 볼 것 | 보수표·실비 | 준비 서류 | 사건 난이도별 견적 | 검색 의도별 다음 안내,real-estate,,real-estate-registration,cost,true,,true
/부동산등기기한,local,부동산등기 기한 안내 | 다옴법무사사무소,부동산등기 기한 정리. 사건별 준비 서류·기한·수임료 범위를 투명하게 설명드립니다. 해운대·센텀 다옴법무사사무소에서 전화·카카오톡·방문(예약) 상담이 가능합니다.,부동산등기 기한 안내,법정 기한 | 부동산등기에서 자주 놓치는 점 | 부동산등기 기한 초점에서 볼 것 | 지연 시 불이익 | 준비 서류 | 과태료·가산세 | 검색 의도별 다음 안내,real-estate,,real-estate-registration,commercial,true,,true
/소유권이전등기필요서류,local,소유권이전등기 필요서류 안내 | 다옴법무사사무소,소유권이전등기 필요서류 정리. 사건별 준비 서류·기한·수임료 범위를 투명하게 설명드립니다. 해운대·센텀 다옴법무사사무소에서 전화·카카오톡·방문(예약) 상담이 가능합니다.,소유권이전등기 필요서류 안내,소유권이전 필요서류 초점 | 잔금일 전 ★ 체크 | 준비서류와의 구분 | 검색 의도별 다음 안내 | 상담 시 확인하는 내용 | 상담 시 확인하는 내용,real-estate,,ownership-transfer,documents,true,,true
/개인회생보수표,cost,개인회생 보수표 안내 | 다옴법무사사무소,개인회생 보수표 정리. 사건별 준비 서류·기한·수임료 범위를 투명하게 설명드립니다. 해운대·센텀 다옴법무사사무소에서 전화·카카오톡·방문(예약) 상담이 가능합니다.,개인회생 보수표 안내,비용이 달라지는 이유 | 개인회생에서 자주 놓치는 점 | 개인회생 보수표 초점에서 볼 것 | 보수표·실비 | 준비 서류 | 사건 난이도별 견적 | 검색 의도별 다음 안내,insolvency,,personal-rehabilitation,cost,true,,true
/개인회생기한,local,개인회생 기한 안내 | 다옴법무사사무소,개인회생 기한 정리. 사건별 준비 서류·기한·수임료 범위를 투명하게 설명드립니다. 해운대·센텀 다옴법무사사무소에서 전화·카카오톡·방문(예약) 상담이 가능합니다.,개인회생 기한 안내,법정 기한 | 개인회생에서 자주 놓치는 점 | 개인회생 기한 초점에서 볼 것 | 지연 시 불이익 | 준비 서류 | 과태료·가산세 | 검색 의도별 다음 안내,insolvency,,personal-rehabilitation,commercial,true,,true
/부산지방법원상속등기,court,부산지방법원 상속등기 절차 | 다옴법무사사무소,부산지방법원 상속등기 안내. 관할·제출 서류·접수 절차를 사건별로 설명합니다. 해운대·센텀 다옴법무사사무소에서 전화·카카오톡·방문(예약) 상담이 가능합니다.,부산지방법원 상속등기,관할 확인 | 상속등기에서 자주 놓치는 점 | 접수 전 확인사항 | 준비 서류 | 서류 보정 대응 | 부산지방법원 관련 실무 포인트,inheritance,부산,inheritance-registration,commercial,true,,true
/부산지방법원등기국부동산등기,court,부산지방법원등기국 부동산등기 절차 | 다옴법무사사무소,부산지방법원등기국 부동산등기 안내. 관할·제출 서류·접수 절차를 사건별로 설명합니다. 해운대·센텀 다옴법무사사무소에서 전화·카카오톡·방문(예약) 상담이 가능합니다.,부산지방법원등기국 부동산등기,관할 확인 | 부동산등기에서 자주 놓치는 점 | 접수 전 확인사항 | 준비 서류 | 서류 보정 대응 | 부산지방법원 등기국 관련 실무 포인트,real-estate,부산,real-estate-registration,commercial,true,,true
/중구부동산등기,local,중구 부동산등기 안내 | 다옴법무사사무소,중구 부동산등기 절차·필요서류·비용·관할 등기소 안내. 해운대·센텀 다옴법무사사무소에서 상담 가능합니다. 해운대·센텀 다옴법무사사무소에서 전화·카카오톡·방문(예약) 상담이 가능합니다.,중구 부동산등기 안내,지역별 업무 상황 | 부동산등기에서 자주 놓치는 점 | 관할·실무 포인트 | 준비 서류 | 비용·일정 참고 | 관련 허브로 이어가기,real-estate,중구,real-estate-registration,commercial,true,,true
/동구부동산등기,local,동구 부동산등기 안내 | 다옴법무사사무소,동구 부동산등기 절차·필요서류·비용·관할 등기소 안내. 해운대·센텀 다옴법무사사무소에서 상담 가능합니다. 해운대·센텀 다옴법무사사무소에서 전화·카카오톡·방문(예약) 상담이 가능합니다.,동구 부동산등기 안내,동구 부동산등기에서 확인할 것 | 원도심·역세권 포인트 | 비용·기한 | 관련 허브로 이어가기 | 상담 시 확인하는 내용 | 상담 시 확인하는 내용,real-estate,동구,real-estate-registration,commercial,true,,true
/부산진구법인설립등기,local,부산진구 법인설립등기 안내 | 다옴법무사사무소,부산진구 법인설립등기 절차·필요서류·비용·관할 등기소 안내. 해운대·센텀 다옴법무사사무소에서 상담 가능합니다. 해운대·센텀 다옴법무사사무소에서 전화·카카오톡·방문(예약) 상담이 가능합니다.,부산진구 법인설립등기 안내,지역별 업무 상황 | 법인설립등기에서 자주 놓치는 점 | 관할·실무 포인트 | 준비 서류 | 비용·일정 참고 | 관련 허브로 이어가기,corporate,부산,company-establishment,commercial,true,,true
/남구부동산등기,local,남구 부동산등기 안내 | 다옴법무사사무소,남구 부동산등기 절차·필요서류·비용·관할 등기소 안내. 해운대·센텀 다옴법무사사무소에서 상담 가능합니다. 해운대·센텀 다옴법무사사무소에서 전화·카카오톡·방문(예약) 상담이 가능합니다.,남구 부동산등기 안내,남구에서 부동산등기를 찾는 경우 | 항만·대학 생활권에서 자주 묻는 점 | 비용·기한 | 관련 허브로 이어가기 | 상담 시 확인하는 내용 | 상담 시 확인하는 내용,real-estate,남구,real-estate-registration,commercial,true,,true
/북구법인등기,local,북구 법인등기 안내 | 다옴법무사사무소,북구 법인등기 절차·필요서류·비용·관할 등기소 안내. 해운대·센텀 다옴법무사사무소에서 상담 가능합니다. 해운대·센텀 다옴법무사사무소에서 전화·카카오톡·방문(예약) 상담이 가능합니다.,북구 법인등기 안내,북구 법인등기 안내 초점 | 소규모 법인 실무 | 비용·기한 | 관련 허브로 이어가기 | 상담 시 확인하는 내용 | 상담 시 확인하는 내용,corporate,북구,corporate-registration,commercial,true,,true
/강서구부동산등기,local,강서구 부동산등기 안내 | 다옴법무사사무소,강서구 부동산등기 절차·필요서류·비용·관할 등기소 안내. 해운대·센텀 다옴법무사사무소에서 상담 가능합니다. 해운대·센텀 다옴법무사사무소에서 전화·카카오톡·방문(예약) 상담이 가능합니다.,강서구 부동산등기 안내,강서구 부동산등기에서 먼저 가르는 것 | 산업단지·신도시 일정 | 비용·기한 | 관련 허브로 이어가기 | 상담 시 확인하는 내용 | 상담 시 확인하는 내용,real-estate,강서,real-estate-registration,commercial,true,,true
/수영구한정승인,local,수영구 한정승인 안내 | 다옴법무사사무소,수영구 한정승인 절차·필요서류·비용·관할 등기소 안내. 해운대·센텀 다옴법무사사무소에서 상담 가능합니다. 해운대·센텀 다옴법무사사무소에서 전화·카카오톡·방문(예약) 상담이 가능합니다.,수영구 한정승인 안내,지역별 업무 상황 | 한정승인에서 자주 놓치는 점 | 관할·실무 포인트 | 준비 서류 | 비용·일정 참고 | 관련 허브로 이어가기,inheritance,수영,qualified-acceptance,commercial,true,,true
/연산동상속등기,local,연산동 상속등기 안내 | 다옴법무사사무소,연산동 상속등기 절차·필요서류·비용·관할 등기소 안내. 해운대·센텀 다옴법무사사무소에서 상담 가능합니다. 해운대·센텀 다옴법무사사무소에서 전화·카카오톡·방문(예약) 상담이 가능합니다.,연산동 상속등기 안내,지역별 업무 상황 | 상속등기에서 자주 놓치는 점 | 관할·실무 포인트 | 준비 서류 | 비용·일정 참고 | 관련 허브로 이어가기,inheritance,,inheritance-registration,commercial,true,,true
/서면역법인등기,local,서면역 법인등기 안내 | 다옴법무사사무소,서면역 법인등기 절차·필요서류·비용·관할 등기소 안내. 해운대·센텀 다옴법무사사무소에서 상담 가능합니다. 해운대·센텀 다옴법무사사무소에서 전화·카카오톡·방문(예약) 상담이 가능합니다.,서면역 법인등기 안내,지역별 업무 상황 | 법인등기에서 자주 놓치는 점 | 관할·실무 포인트 | 준비 서류 | 비용·일정 참고 | 관련 허브로 이어가기,corporate,서면,corporate-registration,commercial,true,,true
/상속포기필요서류,local,상속포기 필요서류 안내 | 다옴법무사사무소,상속포기 필요서류 정리. 사건별 준비 서류·기한·수임료 범위를 투명하게 설명드립니다. 해운대·센텀 다옴법무사사무소에서 전화·카카오톡·방문(예약) 상담이 가능합니다.,상속포기 필요서류 안내,필수 서류 | 상속포기에서 자주 놓치는 점 | 상속포기 필요서류 초점에서 볼 것 | 추가로 필요한 경우 | 준비 서류 | 준비 체크리스트 | 검색 의도별 다음 안내,inheritance,,inheritance-renunciation,documents,true,,true
/한정승인필요서류,local,한정승인 필요서류 안내 | 다옴법무사사무소,한정승인 필요서류 정리. 사건별 준비 서류·기한·수임료 범위를 투명하게 설명드립니다. 해운대·센텀 다옴법무사사무소에서 전화·카카오톡·방문(예약) 상담이 가능합니다.,한정승인 필요서류 안내,필수 서류 | 한정승인에서 자주 놓치는 점 | 한정승인 필요서류 초점에서 볼 것 | 추가로 필요한 경우 | 준비 서류 | 준비 체크리스트 | 검색 의도별 다음 안내,inheritance,,qualified-acceptance,documents,true,,true
/법인등기보수표,cost,법인등기 보수표 안내 | 다옴법무사사무소,법인등기 보수표 정리. 사건별 준비 서류·기한·수임료 범위를 투명하게 설명드립니다. 해운대·센텀 다옴법무사사무소에서 전화·카카오톡·방문(예약) 상담이 가능합니다.,법인등기 보수표 안내,비용이 달라지는 이유 | 법인등기에서 자주 놓치는 점 | 법인등기 보수표 초점에서 볼 것 | 보수표·실비 | 준비 서류 | 사건 난이도별 견적 | 검색 의도별 다음 안내,corporate,,corporate-registration,cost,true,,true
/법인등기기한,local,법인등기 기한 안내 | 다옴법무사사무소,법인등기 기한 정리. 사건별 준비 서류·기한·수임료 범위를 투명하게 설명드립니다. 해운대·센텀 다옴법무사사무소에서 전화·카카오톡·방문(예약) 상담이 가능합니다.,법인등기 기한 안내,법정 기한 | 법인등기에서 자주 놓치는 점 | 법인등기 기한 초점에서 볼 것 | 지연 시 불이익 | 준비 서류 | 과태료·가산세 | 검색 의도별 다음 안내,corporate,,corporate-registration,commercial,true,,true
/부동산등기준비서류,local,부동산등기 준비서류 안내 | 다옴법무사사무소,부동산등기 준비서류 정리. 사건별 준비 서류·기한·수임료 범위를 투명하게 설명드립니다. 해운대·센텀 다옴법무사사무소에서 전화·카카오톡·방문(예약) 상담이 가능합니다.,부동산등기 준비서류 안내,필수 서류 | 부동산등기에서 자주 놓치는 점 | 부동산등기 준비서류 초점에서 볼 것 | 추가로 필요한 경우 | 준비 서류 | 준비 체크리스트 | 검색 의도별 다음 안내,real-estate,,real-estate-registration,documents,true,,true
/소유권이전등기보수표,cost,소유권이전등기 보수표 안내 | 다옴법무사사무소,소유권이전등기 보수표 정리. 사건별 준비 서류·기한·수임료 범위를 투명하게 설명드립니다. 해운대·센텀 다옴법무사사무소에서 전화·카카오톡·방문(예약) 상담이 가능합니다.,소유권이전등기 보수표 안내,비용이 달라지는 이유 | 소유권이전등기에서 자주 놓치는 점 | 소유권이전등기 보수표 초점에서 볼 것 | 보수표·실비 | 준비 서류 | 사건 난이도별 견적 | 검색 의도별 다음 안내,real-estate,,ownership-transfer,cost,true,,true
/소유권이전등기기한,local,소유권이전등기 기한 안내 | 다옴법무사사무소,소유권이전등기 기한 정리. 사건별 준비 서류·기한·수임료 범위를 투명하게 설명드립니다. 해운대·센텀 다옴법무사사무소에서 전화·카카오톡·방문(예약) 상담이 가능합니다.,소유권이전등기 기한 안내,법정 기한 | 소유권이전등기에서 자주 놓치는 점 | 소유권이전등기 기한 초점에서 볼 것 | 지연 시 불이익 | 준비 서류 | 과태료·가산세 | 검색 의도별 다음 안내,real-estate,,ownership-transfer,commercial,true,,true
/개인회생준비서류,local,개인회생 준비서류 안내 | 다옴법무사사무소,개인회생 준비서류 정리. 사건별 준비 서류·기한·수임료 범위를 투명하게 설명드립니다. 해운대·센텀 다옴법무사사무소에서 전화·카카오톡·방문(예약) 상담이 가능합니다.,개인회생 준비서류 안내,필수 서류 | 개인회생에서 자주 놓치는 점 | 개인회생 준비서류 초점에서 볼 것 | 추가로 필요한 경우 | 준비 서류 | 준비 체크리스트 | 검색 의도별 다음 안내,insolvency,,personal-rehabilitation,documents,true,,true
/개인파산비용,cost,개인파산 비용 안내 | 다옴법무사사무소,개인파산 비용 정리. 사건별 준비 서류·기한·수임료 범위를 투명하게 설명드립니다. 해운대·센텀 다옴법무사사무소에서 전화·카카오톡·방문(예약) 상담이 가능합니다.,개인파산 비용 안내,비용이 달라지는 이유 | 개인파산에서 자주 놓치는 점 | 개인파산 비용 초점에서 볼 것 | 보수표·실비 | 준비 서류 | 사건 난이도별 견적 | 검색 의도별 다음 안내,insolvency,,bankruptcy,cost,true,,true
/부산지방법원등기국법인등기,court,부산지방법원등기국 법인등기 절차 | 다옴법무사사무소,부산지방법원등기국 법인등기 안내. 관할·제출 서류·접수 절차를 사건별로 설명합니다. 해운대·센텀 다옴법무사사무소에서 전화·카카오톡·방문(예약) 상담이 가능합니다.,부산지방법원등기국 법인등기,관할 확인 | 법인등기에서 자주 놓치는 점 | 접수 전 확인사항 | 준비 서류 | 서류 보정 대응 | 부산지방법원 등기국 관련 실무 포인트,corporate,부산,corporate-registration,commercial,true,,true
/부산진등기소부동산등기,court,부산진등기소 부동산등기 절차 | 다옴법무사사무소,부산진등기소 부동산등기 안내. 관할·제출 서류·접수 절차를 사건별로 설명합니다. 해운대·센텀 다옴법무사사무소에서 전화·카카오톡·방문(예약) 상담이 가능합니다.,부산진등기소 부동산등기,관할 확인 | 부동산등기에서 자주 놓치는 점 | 접수 전 확인사항 | 준비 서류 | 서류 보정 대응 | 부산진등기소 관련 실무 포인트,real-estate,부산,real-estate-registration,commercial,true,,true
/해운대여성법무사,local,해운대 여성 법무사 | 다옴법무사사무소,"해운대 여성 법무사 관련 절차·비용·서류 안내. 부산 전역 사건 상담, 전화·카카오톡 문의 가능합니다. 해운대·센텀 다옴법무사사무소에서 전화·카카오톡·방문(예약) 상담이 가능합니다.",해운대 여성 법무사,편안한 상담 | 상속등기에서 자주 놓치는 점 | 상속·가사 심리적 부담 | 준비 서류 | 회생·채무 상담 | 다옴법무사사무소 상담 안내 | 의뢰인께 드리는 말씀,local,해운대,inheritance-registration,commercial,true,,true
/센텀여성법무사,local,센텀 여성 법무사 | 다옴법무사사무소,"센텀 여성 법무사 관련 절차·비용·서류 안내. 부산 전역 사건 상담, 전화·카카오톡 문의 가능합니다. 해운대·센텀 다옴법무사사무소에서 전화·카카오톡·방문(예약) 상담이 가능합니다.",센텀 여성 법무사,편안한 상담 | 법인등기에서 자주 놓치는 점 | 상속·가사 심리적 부담 | 준비 서류 | 회생·채무 상담 | 다옴법무사사무소 상담 안내 | 의뢰인께 드리는 말씀,local,센텀,corporate-registration,commercial,true,,true
/중구법인등기,local,중구 법인등기 안내 | 다옴법무사사무소,중구 법인등기 절차·필요서류·비용·관할 등기소 안내. 해운대·센텀 다옴법무사사무소에서 상담 가능합니다. 해운대·센텀 다옴법무사사무소에서 전화·카카오톡·방문(예약) 상담이 가능합니다.,중구 법인등기 안내,중구 법인등기에서 자주 하는 일 | 원도심 본점 포인트 | 비용·기한 | 관련 허브로 이어가기 | 상담 시 확인하는 내용 | 상담 시 확인하는 내용,corporate,중구,corporate-registration,commercial,true,,true
/서구소유권이전등기,local,서구 소유권이전등기 안내 | 다옴법무사사무소,서구 소유권이전등기 절차·필요서류·비용·관할 등기소 안내. 해운대·센텀 다옴법무사사무소에서 상담 가능합니다. 해운대·센텀 다옴법무사사무소에서 전화·카카오톡·방문(예약) 상담이 가능합니다.,서구 소유권이전등기 안내,지역별 업무 상황 | 소유권이전등기에서 자주 놓치는 점 | 관할·실무 포인트 | 준비 서류 | 비용·일정 참고 | 관련 허브로 이어가기,real-estate,서구,ownership-transfer,commercial,true,,true
/서구법인등기,local,서구 법인등기 안내 | 다옴법무사사무소,서구 법인등기 절차·필요서류·비용·관할 등기소 안내. 해운대·센텀 다옴법무사사무소에서 상담 가능합니다. 해운대·센텀 다옴법무사사무소에서 전화·카카오톡·방문(예약) 상담이 가능합니다.,서구 법인등기 안내,지역별 업무 상황 | 법인등기에서 자주 놓치는 점 | 관할·실무 포인트 | 준비 서류 | 비용·일정 참고 | 관련 허브로 이어가기,corporate,서구,corporate-registration,commercial,true,,true
/동구법인등기,local,동구 법인등기 안내 | 다옴법무사사무소,동구 법인등기 절차·필요서류·비용·관할 등기소 안내. 해운대·센텀 다옴법무사사무소에서 상담 가능합니다. 해운대·센텀 다옴법무사사무소에서 전화·카카오톡·방문(예약) 상담이 가능합니다.,동구 법인등기 안내,지역별 업무 상황 | 법인등기에서 자주 놓치는 점 | 관할·실무 포인트 | 준비 서류 | 비용·일정 참고 | 관련 허브로 이어가기,corporate,동구,corporate-registration,commercial,true,,true
/영도구법인등기,local,영도구 법인등기 안내 | 다옴법무사사무소,영도구 법인등기 절차·필요서류·비용·관할 등기소 안내. 해운대·센텀 다옴법무사사무소에서 상담 가능합니다. 해운대·센텀 다옴법무사사무소에서 전화·카카오톡·방문(예약) 상담이 가능합니다.,영도구 법인등기 안내,지역별 업무 상황 | 법인등기에서 자주 놓치는 점 | 관할·실무 포인트 | 준비 서류 | 비용·일정 참고 | 관련 허브로 이어가기,corporate,영도,corporate-registration,commercial,true,,true
/부산진구임원변경등기,local,부산진구 임원변경등기 안내 | 다옴법무사사무소,부산진구 임원변경등기 절차·필요서류·비용·관할 등기소 안내. 해운대·센텀 다옴법무사사무소에서 상담 가능합니다. 해운대·센텀 다옴법무사사무소에서 전화·카카오톡·방문(예약) 상담이 가능합니다.,부산진구 임원변경등기 안내,지역별 업무 상황 | 임원변경등기에서 자주 놓치는 점 | 관할·실무 포인트 | 준비 서류 | 비용·일정 참고 | 관련 허브로 이어가기,corporate,부산,director-change,commercial,true,,true
/동래구상속포기,local,동래구 상속포기 안내 | 다옴법무사사무소,동래구 상속포기 절차·필요서류·비용·관할 등기소 안내. 해운대·센텀 다옴법무사사무소에서 상담 가능합니다. 해운대·센텀 다옴법무사사무소에서 전화·카카오톡·방문(예약) 상담이 가능합니다.,동래구 상속포기 안내,지역별 업무 상황 | 상속포기에서 자주 놓치는 점 | 관할·실무 포인트 | 준비 서류 | 비용·일정 참고 | 관련 허브로 이어가기,inheritance,동래,inheritance-renunciation,commercial,true,,true
/남구법인등기,local,남구 법인등기 안내 | 다옴법무사사무소,남구 법인등기 절차·필요서류·비용·관할 등기소 안내. 해운대·센텀 다옴법무사사무소에서 상담 가능합니다. 해운대·센텀 다옴법무사사무소에서 전화·카카오톡·방문(예약) 상담이 가능합니다.,남구 법인등기 안내,지역별 업무 상황 | 법인등기에서 자주 놓치는 점 | 관할·실무 포인트 | 준비 서류 | 비용·일정 참고 | 관련 허브로 이어가기,corporate,남구,corporate-registration,commercial,true,,true
/북구한정승인,local,북구 한정승인 안내 | 다옴법무사사무소,북구 한정승인 절차·필요서류·비용·관할 등기소 안내. 해운대·센텀 다옴법무사사무소에서 상담 가능합니다. 해운대·센텀 다옴법무사사무소에서 전화·카카오톡·방문(예약) 상담이 가능합니다.,북구 한정승인 안내,지역별 업무 상황 | 한정승인에서 자주 놓치는 점 | 관할·실무 포인트 | 준비 서류 | 비용·일정 참고 | 관련 허브로 이어가기,inheritance,북구,qualified-acceptance,commercial,true,,true
/사하구법인등기,local,사하구 법인등기 안내 | 다옴법무사사무소,사하구 법인등기 절차·필요서류·비용·관할 등기소 안내. 해운대·센텀 다옴법무사사무소에서 상담 가능합니다. 해운대·센텀 다옴법무사사무소에서 전화·카카오톡·방문(예약) 상담이 가능합니다.,사하구 법인등기 안내,지역별 업무 상황 | 법인등기에서 자주 놓치는 점 | 관할·실무 포인트 | 준비 서류 | 비용·일정 참고 | 관련 허브로 이어가기,corporate,사하,corporate-registration,commercial,true,,true
/금정구법인등기,local,금정구 법인등기 안내 | 다옴법무사사무소,금정구 법인등기 절차·필요서류·비용·관할 등기소 안내. 해운대·센텀 다옴법무사사무소에서 상담 가능합니다. 해운대·센텀 다옴법무사사무소에서 전화·카카오톡·방문(예약) 상담이 가능합니다.,금정구 법인등기 안내,지역별 업무 상황 | 법인등기에서 자주 놓치는 점 | 관할·실무 포인트 | 준비 서류 | 비용·일정 참고 | 관련 허브로 이어가기,corporate,금정,corporate-registration,commercial,true,,true
/강서구법인등기,local,강서구 법인등기 안내 | 다옴법무사사무소,강서구 법인등기 절차·필요서류·비용·관할 등기소 안내. 해운대·센텀 다옴법무사사무소에서 상담 가능합니다. 해운대·센텀 다옴법무사사무소에서 전화·카카오톡·방문(예약) 상담이 가능합니다.,강서구 법인등기 안내,지역별 업무 상황 | 법인등기에서 자주 놓치는 점 | 관할·실무 포인트 | 준비 서류 | 비용·일정 참고 | 관련 허브로 이어가기,corporate,강서,corporate-registration,commercial,true,,true
/연제구법인설립등기,local,연제구 법인설립등기 안내 | 다옴법무사사무소,연제구 법인설립등기 절차·필요서류·비용·관할 등기소 안내. 해운대·센텀 다옴법무사사무소에서 상담 가능합니다. 해운대·센텀 다옴법무사사무소에서 전화·카카오톡·방문(예약) 상담이 가능합니다.,연제구 법인설립등기 안내,지역별 업무 상황 | 법인설립등기에서 자주 놓치는 점 | 관할·실무 포인트 | 준비 서류 | 비용·일정 참고 | 관련 허브로 이어가기,corporate,연제,company-establishment,commercial,true,,true
/수영구법인설립등기,local,수영구 법인설립등기 안내 | 다옴법무사사무소,수영구 법인설립등기 절차·필요서류·비용·관할 등기소 안내. 해운대·센텀 다옴법무사사무소에서 상담 가능합니다. 해운대·센텀 다옴법무사사무소에서 전화·카카오톡·방문(예약) 상담이 가능합니다.,수영구 법인설립등기 안내,지역별 업무 상황 | 법인설립등기에서 자주 놓치는 점 | 관할·실무 포인트 | 준비 서류 | 비용·일정 참고 | 관련 허브로 이어가기,corporate,수영,company-establishment,commercial,true,,true
/사상구법인등기,local,사상구 법인등기 안내 | 다옴법무사사무소,사상구 법인등기 절차·필요서류·비용·관할 등기소 안내. 해운대·센텀 다옴법무사사무소에서 상담 가능합니다. 해운대·센텀 다옴법무사사무소에서 전화·카카오톡·방문(예약) 상담이 가능합니다.,사상구 법인등기 안내,지역별 업무 상황 | 법인등기에서 자주 놓치는 점 | 관할·실무 포인트 | 준비 서류 | 비용·일정 참고 | 관련 허브로 이어가기,corporate,사상,corporate-registration,commercial,true,,true
/광안동부동산등기,local,광안동 부동산등기 안내 | 다옴법무사사무소,광안동 부동산등기 절차·필요서류·비용·관할 등기소 안내. 해운대·센텀 다옴법무사사무소에서 상담 가능합니다. 해운대·센텀 다옴법무사사무소에서 전화·카카오톡·방문(예약) 상담이 가능합니다.,광안동 부동산등기 안내,지역별 업무 상황 | 부동산등기에서 자주 놓치는 점 | 관할·실무 포인트 | 준비 서류 | 비용·일정 참고 | 관련 허브로 이어가기,real-estate,,real-estate-registration,commercial,true,,true
/덕천동상속등기,local,덕천동 상속등기 안내 | 다옴법무사사무소,덕천동 상속등기 절차·필요서류·비용·관할 등기소 안내. 해운대·센텀 다옴법무사사무소에서 상담 가능합니다. 해운대·센텀 다옴법무사사무소에서 전화·카카오톡·방문(예약) 상담이 가능합니다.,덕천동 상속등기 안내,지역별 업무 상황 | 상속등기에서 자주 놓치는 점 | 관할·실무 포인트 | 준비 서류 | 비용·일정 참고 | 관련 허브로 이어가기,inheritance,,inheritance-registration,commercial,true,,true
/센텀시티역법인등기,local,센텀시티역 법인등기 안내 | 다옴법무사사무소,센텀시티역 법인등기 절차·필요서류·비용·관할 등기소 안내. 해운대·센텀 다옴법무사사무소에서 상담 가능합니다. 해운대·센텀 다옴법무사사무소에서 전화·카카오톡·방문(예약) 상담이 가능합니다.,센텀시티역 법인등기 안내,지역별 업무 상황 | 법인등기에서 자주 놓치는 점 | 관할·실무 포인트 | 준비 서류 | 비용·일정 참고 | 관련 허브로 이어가기,corporate,센텀,corporate-registration,commercial,true,,true
/상속등기과태료,cost,상속등기 과태료 안내 | 다옴법무사사무소,상속등기 과태료 정리. 사건별 준비 서류·기한·수임료 범위를 투명하게 설명드립니다. 해운대·센텀 다옴법무사사무소에서 전화·카카오톡·방문(예약) 상담이 가능합니다.,상속등기 과태료 안내,비용이 달라지는 이유 | 상속등기에서 자주 놓치는 점 | 상속등기 과태료 초점에서 볼 것 | 보수표·실비 | 준비 서류 | 사건 난이도별 견적 | 검색 의도별 다음 안내,inheritance,,inheritance-registration,commercial,true,,true
/상속포기보수표,cost,상속포기 보수표 안내 | 다옴법무사사무소,상속포기 보수표 정리. 사건별 준비 서류·기한·수임료 범위를 투명하게 설명드립니다. 해운대·센텀 다옴법무사사무소에서 전화·카카오톡·방문(예약) 상담이 가능합니다.,상속포기 보수표 안내,비용이 달라지는 이유 | 상속포기에서 자주 놓치는 점 | 상속포기 보수표 초점에서 볼 것 | 보수표·실비 | 준비 서류 | 사건 난이도별 견적 | 검색 의도별 다음 안내,inheritance,,inheritance-renunciation,cost,true,,true
/상속포기기한,local,상속포기 기한 안내 | 다옴법무사사무소,상속포기 기한 정리. 사건별 준비 서류·기한·수임료 범위를 투명하게 설명드립니다. 해운대·센텀 다옴법무사사무소에서 전화·카카오톡·방문(예약) 상담이 가능합니다.,상속포기 기한 안내,법정 기한 | 상속포기에서 자주 놓치는 점 | 상속포기 기한 초점에서 볼 것 | 지연 시 불이익 | 준비 서류 | 과태료·가산세 | 검색 의도별 다음 안내,inheritance,,inheritance-renunciation,commercial,true,,true
/한정승인보수표,cost,한정승인 보수표 안내 | 다옴법무사사무소,한정승인 보수표 정리. 사건별 준비 서류·기한·수임료 범위를 투명하게 설명드립니다. 해운대·센텀 다옴법무사사무소에서 전화·카카오톡·방문(예약) 상담이 가능합니다.,한정승인 보수표 안내,비용이 달라지는 이유 | 한정승인에서 자주 놓치는 점 | 한정승인 보수표 초점에서 볼 것 | 보수표·실비 | 준비 서류 | 사건 난이도별 견적 | 검색 의도별 다음 안내,inheritance,,qualified-acceptance,cost,true,,true
/한정승인기한,local,한정승인 기한 안내 | 다옴법무사사무소,한정승인 기한 정리. 사건별 준비 서류·기한·수임료 범위를 투명하게 설명드립니다. 해운대·센텀 다옴법무사사무소에서 전화·카카오톡·방문(예약) 상담이 가능합니다.,한정승인 기한 안내,법정 기한 | 한정승인에서 자주 놓치는 점 | 한정승인 기한 초점에서 볼 것 | 지연 시 불이익 | 준비 서류 | 과태료·가산세 | 검색 의도별 다음 안내,inheritance,,qualified-acceptance,commercial,true,,true
/법인등기준비서류,local,법인등기 준비서류 안내 | 다옴법무사사무소,법인등기 준비서류 정리. 사건별 준비 서류·기한·수임료 범위를 투명하게 설명드립니다. 해운대·센텀 다옴법무사사무소에서 전화·카카오톡·방문(예약) 상담이 가능합니다.,법인등기 준비서류 안내,필수 서류 | 법인등기에서 자주 놓치는 점 | 법인등기 준비서류 초점에서 볼 것 | 추가로 필요한 경우 | 준비 서류 | 준비 체크리스트 | 검색 의도별 다음 안내,corporate,,corporate-registration,documents,true,,true
/법인설립등기필요서류,local,법인설립등기 필요서류 안내 | 다옴법무사사무소,법인설립등기 필요서류 정리. 사건별 준비 서류·기한·수임료 범위를 투명하게 설명드립니다. 해운대·센텀 다옴법무사사무소에서 전화·카카오톡·방문(예약) 상담이 가능합니다.,법인설립등기 필요서류 안내,필수 서류 | 법인설립등기에서 자주 놓치는 점 | 법인설립등기 필요서류 초점에서 볼 것 | 추가로 필요한 경우 | 준비 서류 | 준비 체크리스트 | 검색 의도별 다음 안내,corporate,,company-establishment,documents,true,,true
/임원변경등기비용,cost,임원변경등기 비용 안내 | 다옴법무사사무소,임원변경등기 비용 정리. 사건별 준비 서류·기한·수임료 범위를 투명하게 설명드립니다. 해운대·센텀 다옴법무사사무소에서 전화·카카오톡·방문(예약) 상담이 가능합니다.,임원변경등기 비용 안내,비용이 달라지는 이유 | 임원변경등기에서 자주 놓치는 점 | 임원변경등기 비용 초점에서 볼 것 | 보수표·실비 | 준비 서류 | 사건 난이도별 견적 | 검색 의도별 다음 안내,corporate,,director-change,cost,true,,true
/부동산등기기간,local,부동산등기 기간 안내 | 다옴법무사사무소,부동산등기 기간 정리. 사건별 준비 서류·기한·수임료 범위를 투명하게 설명드립니다. 해운대·센텀 다옴법무사사무소에서 전화·카카오톡·방문(예약) 상담이 가능합니다.,부동산등기 기간 안내,법정 기한 | 부동산등기에서 자주 놓치는 점 | 부동산등기 기간 초점에서 볼 것 | 지연 시 불이익 | 준비 서류 | 과태료·가산세 | 검색 의도별 다음 안내,real-estate,,real-estate-registration,commercial,true,,true
/소유권이전등기준비서류,local,소유권이전등기 준비서류 안내 | 다옴법무사사무소,소유권이전등기 준비서류 정리. 사건별 준비 서류·기한·수임료 범위를 투명하게 설명드립니다. 해운대·센텀 다옴법무사사무소에서 전화·카카오톡·방문(예약) 상담이 가능합니다.,소유권이전등기 준비서류 안내,필수 서류 | 소유권이전등기에서 자주 놓치는 점 | 소유권이전등기 준비서류 초점에서 볼 것 | 추가로 필요한 경우 | 준비 서류 | 준비 체크리스트 | 검색 의도별 다음 안내,real-estate,,ownership-transfer,documents,true,,true
/개인회생기간,local,개인회생 기간 안내 | 다옴법무사사무소,개인회생 기간 정리. 사건별 준비 서류·기한·수임료 범위를 투명하게 설명드립니다. 해운대·센텀 다옴법무사사무소에서 전화·카카오톡·방문(예약) 상담이 가능합니다.,개인회생 기간 안내,법정 기한 | 개인회생에서 자주 놓치는 점 | 개인회생 기간 초점에서 볼 것 | 지연 시 불이익 | 준비 서류 | 과태료·가산세 | 검색 의도별 다음 안내,insolvency,,personal-rehabilitation,commercial,true,,true
/개인파산필요서류,local,개인파산 필요서류 안내 | 다옴법무사사무소,개인파산 필요서류 정리. 사건별 준비 서류·기한·수임료 범위를 투명하게 설명드립니다. 해운대·센텀 다옴법무사사무소에서 전화·카카오톡·방문(예약) 상담이 가능합니다.,개인파산 필요서류 안내,필수 서류 | 개인파산에서 자주 놓치는 점 | 개인파산 필요서류 초점에서 볼 것 | 추가로 필요한 경우 | 준비 서류 | 준비 체크리스트 | 검색 의도별 다음 안내,insolvency,,bankruptcy,documents,true,,true
/부산회생법원개인파산,court,부산회생법원 개인파산 절차 | 다옴법무사사무소,부산회생법원 개인파산 안내. 관할·제출 서류·접수 절차를 사건별로 설명합니다. 해운대·센텀 다옴법무사사무소에서 전화·카카오톡·방문(예약) 상담이 가능합니다.,부산회생법원 개인파산,관할 확인 | 개인파산에서 자주 놓치는 점 | 접수 전 확인사항 | 준비 서류 | 서류 보정 대응 | 부산회생법원 관련 실무 포인트,insolvency,부산,bankruptcy,commercial,true,,true
/부산가정법원상속포기,court,부산가정법원 상속포기 절차 | 다옴법무사사무소,부산가정법원 상속포기 안내. 관할·제출 서류·접수 절차를 사건별로 설명합니다. 해운대·센텀 다옴법무사사무소에서 전화·카카오톡·방문(예약) 상담이 가능합니다.,부산가정법원 상속포기,관할 확인 | 상속포기에서 자주 놓치는 점 | 접수 전 확인사항 | 준비 서류 | 서류 보정 대응 | 부산가정법원 관련 실무 포인트,inheritance,부산,inheritance-renunciation,commercial,true,,true
/부산가정법원한정승인,court,부산가정법원 한정승인 절차 | 다옴법무사사무소,부산가정법원 한정승인 안내. 관할·제출 서류·접수 절차를 사건별로 설명합니다. 해운대·센텀 다옴법무사사무소에서 전화·카카오톡·방문(예약) 상담이 가능합니다.,부산가정법원 한정승인,관할 확인 | 한정승인에서 자주 놓치는 점 | 접수 전 확인사항 | 준비 서류 | 서류 보정 대응 | 부산가정법원 관련 실무 포인트,inheritance,부산,qualified-acceptance,commercial,true,,true
/남부산등기소부동산등기,court,남부산등기소 부동산등기 절차 | 다옴법무사사무소,남부산등기소 부동산등기 안내. 관할·제출 서류·접수 절차를 사건별로 설명합니다. 해운대·센텀 다옴법무사사무소에서 전화·카카오톡·방문(예약) 상담이 가능합니다.,남부산등기소 부동산등기,관할 확인 | 부동산등기에서 자주 놓치는 점 | 접수 전 확인사항 | 준비 서류 | 서류 보정 대응 | 남부산등기소 관련 실무 포인트,real-estate,부산,real-estate-registration,commercial,true,,true
/북부산등기소상속등기,court,북부산등기소 상속등기 절차 | 다옴법무사사무소,북부산등기소 상속등기 안내. 관할·제출 서류·접수 절차를 사건별로 설명합니다. 해운대·센텀 다옴법무사사무소에서 전화·카카오톡·방문(예약) 상담이 가능합니다.,북부산등기소 상속등기,관할 확인 | 상속등기에서 자주 놓치는 점 | 접수 전 확인사항 | 준비 서류 | 서류 보정 대응 | 북부산등기소 관련 실무 포인트,inheritance,부산,inheritance-registration,commercial,true,,true
/부산진등기소소유권이전등기,court,부산진등기소 소유권이전등기 절차 | 다옴법무사사무소,부산진등기소 소유권이전등기 안내. 관할·제출 서류·접수 절차를 사건별로 설명합니다. 해운대·센텀 다옴법무사사무소에서 전화·카카오톡·방문(예약) 상담이 가능합니다.,부산진등기소 소유권이전등기,관할 확인 | 소유권이전등기에서 자주 놓치는 점 | 접수 전 확인사항 | 준비 서류 | 서류 보정 대응 | 부산진등기소 관련 실무 포인트,real-estate,부산,ownership-transfer,commercial,true,,true
/중구상속포기,local,중구 상속포기 안내 | 다옴법무사사무소,중구 상속포기 절차·필요서류·비용·관할 등기소 안내. 해운대·센텀 다옴법무사사무소에서 상담 가능합니다. 해운대·센텀 다옴법무사사무소에서 전화·카카오톡·방문(예약) 상담이 가능합니다.,중구 상속포기 안내,지역별 업무 상황 | 상속포기에서 자주 놓치는 점 | 관할·실무 포인트 | 준비 서류 | 비용·일정 참고 | 관련 허브로 이어가기,inheritance,중구,inheritance-renunciation,commercial,true,,true
/중구한정승인,local,중구 한정승인 안내 | 다옴법무사사무소,중구 한정승인 절차·필요서류·비용·관할 등기소 안내. 해운대·센텀 다옴법무사사무소에서 상담 가능합니다. 해운대·센텀 다옴법무사사무소에서 전화·카카오톡·방문(예약) 상담이 가능합니다.,중구 한정승인 안내,지역별 업무 상황 | 한정승인에서 자주 놓치는 점 | 관할·실무 포인트 | 준비 서류 | 비용·일정 참고 | 관련 허브로 이어가기,inheritance,중구,qualified-acceptance,commercial,true,,true
/서구상속포기,local,서구 상속포기 안내 | 다옴법무사사무소,서구 상속포기 절차·필요서류·비용·관할 등기소 안내. 해운대·센텀 다옴법무사사무소에서 상담 가능합니다. 해운대·센텀 다옴법무사사무소에서 전화·카카오톡·방문(예약) 상담이 가능합니다.,서구 상속포기 안내,지역별 업무 상황 | 상속포기에서 자주 놓치는 점 | 관할·실무 포인트 | 준비 서류 | 비용·일정 참고 | 관련 허브로 이어가기,inheritance,서구,inheritance-renunciation,commercial,true,,true
/서구한정승인,local,서구 한정승인 안내 | 다옴법무사사무소,서구 한정승인 절차·필요서류·비용·관할 등기소 안내. 해운대·센텀 다옴법무사사무소에서 상담 가능합니다. 해운대·센텀 다옴법무사사무소에서 전화·카카오톡·방문(예약) 상담이 가능합니다.,서구 한정승인 안내,지역별 업무 상황 | 한정승인에서 자주 놓치는 점 | 관할·실무 포인트 | 준비 서류 | 비용·일정 참고 | 관련 허브로 이어가기,inheritance,서구,qualified-acceptance,commercial,true,,true
/동구상속포기,local,동구 상속포기 안내 | 다옴법무사사무소,동구 상속포기 절차·필요서류·비용·관할 등기소 안내. 해운대·센텀 다옴법무사사무소에서 상담 가능합니다. 해운대·센텀 다옴법무사사무소에서 전화·카카오톡·방문(예약) 상담이 가능합니다.,동구 상속포기 안내,지역별 업무 상황 | 상속포기에서 자주 놓치는 점 | 관할·실무 포인트 | 준비 서류 | 비용·일정 참고 | 관련 허브로 이어가기,inheritance,동구,inheritance-renunciation,commercial,true,,true
/동구한정승인,local,동구 한정승인 안내 | 다옴법무사사무소,동구 한정승인 절차·필요서류·비용·관할 등기소 안내. 해운대·센텀 다옴법무사사무소에서 상담 가능합니다. 해운대·센텀 다옴법무사사무소에서 전화·카카오톡·방문(예약) 상담이 가능합니다.,동구 한정승인 안내,지역별 업무 상황 | 한정승인에서 자주 놓치는 점 | 관할·실무 포인트 | 준비 서류 | 비용·일정 참고 | 관련 허브로 이어가기,inheritance,동구,qualified-acceptance,commercial,true,,true
/영도구상속포기,local,영도구 상속포기 안내 | 다옴법무사사무소,영도구 상속포기 절차·필요서류·비용·관할 등기소 안내. 해운대·센텀 다옴법무사사무소에서 상담 가능합니다. 해운대·센텀 다옴법무사사무소에서 전화·카카오톡·방문(예약) 상담이 가능합니다.,영도구 상속포기 안내,지역별 업무 상황 | 상속포기에서 자주 놓치는 점 | 관할·실무 포인트 | 준비 서류 | 비용·일정 참고 | 관련 허브로 이어가기,inheritance,영도,inheritance-renunciation,commercial,true,,true
/영도구한정승인,local,영도구 한정승인 안내 | 다옴법무사사무소,영도구 한정승인 절차·필요서류·비용·관할 등기소 안내. 해운대·센텀 다옴법무사사무소에서 상담 가능합니다. 해운대·센텀 다옴법무사사무소에서 전화·카카오톡·방문(예약) 상담이 가능합니다.,영도구 한정승인 안내,지역별 업무 상황 | 한정승인에서 자주 놓치는 점 | 관할·실무 포인트 | 준비 서류 | 비용·일정 참고 | 관련 허브로 이어가기,inheritance,영도,qualified-acceptance,commercial,true,,true
/동래구법인설립등기,local,동래구 법인설립등기 안내 | 다옴법무사사무소,동래구 법인설립등기 절차·필요서류·비용·관할 등기소 안내. 해운대·센텀 다옴법무사사무소에서 상담 가능합니다. 해운대·센텀 다옴법무사사무소에서 전화·카카오톡·방문(예약) 상담이 가능합니다.,동래구 법인설립등기 안내,지역별 업무 상황 | 법인설립등기에서 자주 놓치는 점 | 관할·실무 포인트 | 준비 서류 | 비용·일정 참고 | 관련 허브로 이어가기,corporate,동래,company-establishment,commercial,true,,true
/남구상속포기,local,남구 상속포기 안내 | 다옴법무사사무소,남구 상속포기 절차·필요서류·비용·관할 등기소 안내. 해운대·센텀 다옴법무사사무소에서 상담 가능합니다. 해운대·센텀 다옴법무사사무소에서 전화·카카오톡·방문(예약) 상담이 가능합니다.,남구 상속포기 안내,지역별 업무 상황 | 상속포기에서 자주 놓치는 점 | 관할·실무 포인트 | 준비 서류 | 비용·일정 참고 | 관련 허브로 이어가기,inheritance,남구,inheritance-renunciation,commercial,true,,true
/남구한정승인,local,남구 한정승인 안내 | 다옴법무사사무소,남구 한정승인 절차·필요서류·비용·관할 등기소 안내. 해운대·센텀 다옴법무사사무소에서 상담 가능합니다. 해운대·센텀 다옴법무사사무소에서 전화·카카오톡·방문(예약) 상담이 가능합니다.,남구 한정승인 안내,지역별 업무 상황 | 한정승인에서 자주 놓치는 점 | 관할·실무 포인트 | 준비 서류 | 비용·일정 참고 | 관련 허브로 이어가기,inheritance,남구,qualified-acceptance,commercial,true,,true
/북구법인설립등기,local,북구 법인설립등기 안내 | 다옴법무사사무소,북구 법인설립등기 절차·필요서류·비용·관할 등기소 안내. 해운대·센텀 다옴법무사사무소에서 상담 가능합니다. 해운대·센텀 다옴법무사사무소에서 전화·카카오톡·방문(예약) 상담이 가능합니다.,북구 법인설립등기 안내,지역별 업무 상황 | 법인설립등기에서 자주 놓치는 점 | 관할·실무 포인트 | 준비 서류 | 비용·일정 참고 | 관련 허브로 이어가기,corporate,북구,company-establishment,commercial,true,,true
/사하구상속포기,local,사하구 상속포기 안내 | 다옴법무사사무소,사하구 상속포기 절차·필요서류·비용·관할 등기소 안내. 해운대·센텀 다옴법무사사무소에서 상담 가능합니다. 해운대·센텀 다옴법무사사무소에서 전화·카카오톡·방문(예약) 상담이 가능합니다.,사하구 상속포기 안내,지역별 업무 상황 | 상속포기에서 자주 놓치는 점 | 관할·실무 포인트 | 준비 서류 | 비용·일정 참고 | 관련 허브로 이어가기,inheritance,사하,inheritance-renunciation,commercial,true,,true
/사하구한정승인,local,사하구 한정승인 안내 | 다옴법무사사무소,사하구 한정승인 절차·필요서류·비용·관할 등기소 안내. 해운대·센텀 다옴법무사사무소에서 상담 가능합니다. 해운대·센텀 다옴법무사사무소에서 전화·카카오톡·방문(예약) 상담이 가능합니다.,사하구 한정승인 안내,지역별 업무 상황 | 한정승인에서 자주 놓치는 점 | 관할·실무 포인트 | 준비 서류 | 비용·일정 참고 | 관련 허브로 이어가기,inheritance,사하,qualified-acceptance,commercial,true,,true
/금정구상속포기,local,금정구 상속포기 안내 | 다옴법무사사무소,금정구 상속포기 절차·필요서류·비용·관할 등기소 안내. 해운대·센텀 다옴법무사사무소에서 상담 가능합니다. 해운대·센텀 다옴법무사사무소에서 전화·카카오톡·방문(예약) 상담이 가능합니다.,금정구 상속포기 안내,지역별 업무 상황 | 상속포기에서 자주 놓치는 점 | 관할·실무 포인트 | 준비 서류 | 비용·일정 참고 | 관련 허브로 이어가기,inheritance,금정,inheritance-renunciation,commercial,true,,true
/강서구상속포기,local,강서구 상속포기 안내 | 다옴법무사사무소,강서구 상속포기 절차·필요서류·비용·관할 등기소 안내. 해운대·센텀 다옴법무사사무소에서 상담 가능합니다. 해운대·센텀 다옴법무사사무소에서 전화·카카오톡·방문(예약) 상담이 가능합니다.,강서구 상속포기 안내,지역별 업무 상황 | 상속포기에서 자주 놓치는 점 | 관할·실무 포인트 | 준비 서류 | 비용·일정 참고 | 관련 허브로 이어가기,inheritance,강서,inheritance-renunciation,commercial,true,,true
/강서구한정승인,local,강서구 한정승인 안내 | 다옴법무사사무소,강서구 한정승인 절차·필요서류·비용·관할 등기소 안내. 해운대·센텀 다옴법무사사무소에서 상담 가능합니다. 해운대·센텀 다옴법무사사무소에서 전화·카카오톡·방문(예약) 상담이 가능합니다.,강서구 한정승인 안내,지역별 업무 상황 | 한정승인에서 자주 놓치는 점 | 관할·실무 포인트 | 준비 서류 | 비용·일정 참고 | 관련 허브로 이어가기,inheritance,강서,qualified-acceptance,commercial,true,,true
/수영구임원변경등기,local,수영구 임원변경등기 안내 | 다옴법무사사무소,수영구 임원변경등기 절차·필요서류·비용·관할 등기소 안내. 해운대·센텀 다옴법무사사무소에서 상담 가능합니다. 해운대·센텀 다옴법무사사무소에서 전화·카카오톡·방문(예약) 상담이 가능합니다.,수영구 임원변경등기 안내,지역별 업무 상황 | 임원변경등기에서 자주 놓치는 점 | 관할·실무 포인트 | 준비 서류 | 비용·일정 참고 | 관련 허브로 이어가기,corporate,수영,director-change,commercial,true,,true
/사상구한정승인,local,사상구 한정승인 안내 | 다옴법무사사무소,사상구 한정승인 절차·필요서류·비용·관할 등기소 안내. 해운대·센텀 다옴법무사사무소에서 상담 가능합니다. 해운대·센텀 다옴법무사사무소에서 전화·카카오톡·방문(예약) 상담이 가능합니다.,사상구 한정승인 안내,지역별 업무 상황 | 한정승인에서 자주 놓치는 점 | 관할·실무 포인트 | 준비 서류 | 비용·일정 참고 | 관련 허브로 이어가기,inheritance,사상,qualified-acceptance,commercial,true,,true
/연산동법인등기,local,연산동 법인등기 안내 | 다옴법무사사무소,연산동 법인등기 절차·필요서류·비용·관할 등기소 안내. 해운대·센텀 다옴법무사사무소에서 상담 가능합니다. 해운대·센텀 다옴법무사사무소에서 전화·카카오톡·방문(예약) 상담이 가능합니다.,연산동 법인등기 안내,지역별 업무 상황 | 법인등기에서 자주 놓치는 점 | 관할·실무 포인트 | 준비 서류 | 비용·일정 참고 | 관련 허브로 이어가기,corporate,,corporate-registration,commercial,true,,true
/문현동법인등기,local,문현동 법인등기 안내 | 다옴법무사사무소,문현동 법인등기 절차·필요서류·비용·관할 등기소 안내. 해운대·센텀 다옴법무사사무소에서 상담 가능합니다. 해운대·센텀 다옴법무사사무소에서 전화·카카오톡·방문(예약) 상담이 가능합니다.,문현동 법인등기 안내,지역별 업무 상황 | 법인등기에서 자주 놓치는 점 | 관할·실무 포인트 | 준비 서류 | 비용·일정 참고 | 관련 허브로 이어가기,corporate,,corporate-registration,commercial,true,,true
/덕천동개인회생,local,덕천동 개인회생 안내 | 다옴법무사사무소,덕천동 개인회생 절차·필요서류·비용·관할 등기소 안내. 해운대·센텀 다옴법무사사무소에서 상담 가능합니다. 해운대·센텀 다옴법무사사무소에서 전화·카카오톡·방문(예약) 상담이 가능합니다.,덕천동 개인회생 안내,지역별 업무 상황 | 개인회생에서 자주 놓치는 점 | 관할·실무 포인트 | 준비 서류 | 비용·일정 참고 | 관련 허브로 이어가기,insolvency,,personal-rehabilitation,commercial,true,,true
/상속포기준비서류,local,상속포기 준비서류 안내 | 다옴법무사사무소,상속포기 준비서류 정리. 사건별 준비 서류·기한·수임료 범위를 투명하게 설명드립니다. 해운대·센텀 다옴법무사사무소에서 전화·카카오톡·방문(예약) 상담이 가능합니다.,상속포기 준비서류 안내,필수 서류 | 상속포기에서 자주 놓치는 점 | 상속포기 준비서류 초점에서 볼 것 | 추가로 필요한 경우 | 준비 서류 | 준비 체크리스트 | 검색 의도별 다음 안내,inheritance,,inheritance-renunciation,documents,true,,true
/한정승인준비서류,local,한정승인 준비서류 안내 | 다옴법무사사무소,한정승인 준비서류 정리. 사건별 준비 서류·기한·수임료 범위를 투명하게 설명드립니다. 해운대·센텀 다옴법무사사무소에서 전화·카카오톡·방문(예약) 상담이 가능합니다.,한정승인 준비서류 안내,필수 서류 | 한정승인에서 자주 놓치는 점 | 한정승인 준비서류 초점에서 볼 것 | 추가로 필요한 경우 | 준비 서류 | 준비 체크리스트 | 검색 의도별 다음 안내,inheritance,,qualified-acceptance,documents,true,,true
/법인등기기간,local,법인등기 기간 안내 | 다옴법무사사무소,법인등기 기간 정리. 사건별 준비 서류·기한·수임료 범위를 투명하게 설명드립니다. 해운대·센텀 다옴법무사사무소에서 전화·카카오톡·방문(예약) 상담이 가능합니다.,법인등기 기간 안내,법정 기한 | 법인등기에서 자주 놓치는 점 | 법인등기 기간 초점에서 볼 것 | 지연 시 불이익 | 준비 서류 | 과태료·가산세 | 검색 의도별 다음 안내,corporate,,corporate-registration,commercial,true,,true
/법인설립등기보수표,cost,법인설립등기 보수표 안내 | 다옴법무사사무소,법인설립등기 보수표 정리. 사건별 준비 서류·기한·수임료 범위를 투명하게 설명드립니다. 해운대·센텀 다옴법무사사무소에서 전화·카카오톡·방문(예약) 상담이 가능합니다.,법인설립등기 보수표 안내,비용이 달라지는 이유 | 법인설립등기에서 자주 놓치는 점 | 법인설립등기 보수표 초점에서 볼 것 | 보수표·실비 | 준비 서류 | 사건 난이도별 견적 | 검색 의도별 다음 안내,corporate,,company-establishment,cost,true,,true
/법인설립등기기한,local,법인설립등기 기한 안내 | 다옴법무사사무소,법인설립등기 기한 정리. 사건별 준비 서류·기한·수임료 범위를 투명하게 설명드립니다. 해운대·센텀 다옴법무사사무소에서 전화·카카오톡·방문(예약) 상담이 가능합니다.,법인설립등기 기한 안내,법정 기한 | 법인설립등기에서 자주 놓치는 점 | 법인설립등기 기한 초점에서 볼 것 | 지연 시 불이익 | 준비 서류 | 과태료·가산세 | 검색 의도별 다음 안내,corporate,,company-establishment,commercial,true,,true
/임원변경등기필요서류,local,임원변경등기 필요서류 안내 | 다옴법무사사무소,임원변경등기 필요서류 정리. 사건별 준비 서류·기한·수임료 범위를 투명하게 설명드립니다. 해운대·센텀 다옴법무사사무소에서 전화·카카오톡·방문(예약) 상담이 가능합니다.,임원변경등기 필요서류 안내,필수 서류 | 임원변경등기에서 자주 놓치는 점 | 임원변경등기 필요서류 초점에서 볼 것 | 추가로 필요한 경우 | 준비 서류 | 준비 체크리스트 | 검색 의도별 다음 안내,corporate,,director-change,documents,true,,true
/본점이전등기비용,cost,본점이전등기 비용 안내 | 다옴법무사사무소,본점이전등기 비용 정리. 사건별 준비 서류·기한·수임료 범위를 투명하게 설명드립니다. 해운대·센텀 다옴법무사사무소에서 전화·카카오톡·방문(예약) 상담이 가능합니다.,본점이전등기 비용 안내,비용이 달라지는 이유 | 본점이전등기에서 자주 놓치는 점 | 본점이전등기 비용 초점에서 볼 것 | 보수표·실비 | 준비 서류 | 사건 난이도별 견적 | 검색 의도별 다음 안내,corporate,,corporate-registration,cost,true,,true
/부동산등기과태료,cost,부동산등기 과태료 안내 | 다옴법무사사무소,부동산등기 과태료 정리. 사건별 준비 서류·기한·수임료 범위를 투명하게 설명드립니다. 해운대·센텀 다옴법무사사무소에서 전화·카카오톡·방문(예약) 상담이 가능합니다.,부동산등기 과태료 안내,비용이 달라지는 이유 | 부동산등기에서 자주 놓치는 점 | 부동산등기 과태료 초점에서 볼 것 | 보수표·실비 | 준비 서류 | 사건 난이도별 견적 | 검색 의도별 다음 안내,real-estate,,real-estate-registration,commercial,true,,true
/소유권이전등기기간,local,소유권이전등기 기간 안내 | 다옴법무사사무소,소유권이전등기 기간 정리. 사건별 준비 서류·기한·수임료 범위를 투명하게 설명드립니다. 해운대·센텀 다옴법무사사무소에서 전화·카카오톡·방문(예약) 상담이 가능합니다.,소유권이전등기 기간 안내,법정 기한 | 소유권이전등기에서 자주 놓치는 점 | 소유권이전등기 기간 초점에서 볼 것 | 지연 시 불이익 | 준비 서류 | 과태료·가산세 | 검색 의도별 다음 안내,real-estate,,ownership-transfer,commercial,true,,true
/개인회생과태료,cost,개인회생 과태료 안내 | 다옴법무사사무소,개인회생 과태료 정리. 사건별 준비 서류·기한·수임료 범위를 투명하게 설명드립니다. 해운대·센텀 다옴법무사사무소에서 전화·카카오톡·방문(예약) 상담이 가능합니다.,개인회생 과태료 안내,비용이 달라지는 이유 | 개인회생에서 자주 놓치는 점 | 개인회생 과태료 초점에서 볼 것 | 보수표·실비 | 준비 서류 | 사건 난이도별 견적 | 검색 의도별 다음 안내,insolvency,,personal-rehabilitation,commercial,true,,true
/개인파산보수표,cost,개인파산 보수표 안내 | 다옴법무사사무소,개인파산 보수표 정리. 사건별 준비 서류·기한·수임료 범위를 투명하게 설명드립니다. 해운대·센텀 다옴법무사사무소에서 전화·카카오톡·방문(예약) 상담이 가능합니다.,개인파산 보수표 안내,비용이 달라지는 이유 | 개인파산에서 자주 놓치는 점 | 개인파산 보수표 초점에서 볼 것 | 보수표·실비 | 준비 서류 | 사건 난이도별 견적 | 검색 의도별 다음 안내,insolvency,,bankruptcy,cost,true,,true
/개인파산기한,local,개인파산 기한 안내 | 다옴법무사사무소,개인파산 기한 정리. 사건별 준비 서류·기한·수임료 범위를 투명하게 설명드립니다. 해운대·센텀 다옴법무사사무소에서 전화·카카오톡·방문(예약) 상담이 가능합니다.,개인파산 기한 안내,법정 기한 | 개인파산에서 자주 놓치는 점 | 개인파산 기한 초점에서 볼 것 | 지연 시 불이익 | 준비 서류 | 과태료·가산세 | 검색 의도별 다음 안내,insolvency,,bankruptcy,commercial,true,,true
/부산지방법원동부지원등기과부동산등기,court,부산지방법원동부지원등기과 부동산등기 절차 | 다옴법무사사무소,부산지방법원동부지원등기과 부동산등기 안내. 관할·제출 서류·접수 절차를 사건별로 설명합니다. 해운대·센텀 다옴법무사사무소에서 전화·카카오톡·방문(예약) 상담이 가능합니다.,부산지방법원동부지원등기과 부동산등기,관할 확인 | 부동산등기에서 자주 놓치는 점 | 접수 전 확인사항 | 준비 서류 | 서류 보정 대응 | 동부지원 등기과 관련 실무 포인트,real-estate,부산,real-estate-registration,commercial,true,,true
/남부산등기소소유권이전등기,court,남부산등기소 소유권이전등기 절차 | 다옴법무사사무소,남부산등기소 소유권이전등기 안내. 관할·제출 서류·접수 절차를 사건별로 설명합니다. 해운대·센텀 다옴법무사사무소에서 전화·카카오톡·방문(예약) 상담이 가능합니다.,남부산등기소 소유권이전등기,관할 확인 | 소유권이전등기에서 자주 놓치는 점 | 접수 전 확인사항 | 준비 서류 | 서류 보정 대응 | 남부산등기소 관련 실무 포인트,real-estate,부산,ownership-transfer,commercial,true,,true
/북부산등기소부동산등기,court,북부산등기소 부동산등기 절차 | 다옴법무사사무소,북부산등기소 부동산등기 안내. 관할·제출 서류·접수 절차를 사건별로 설명합니다. 해운대·센텀 다옴법무사사무소에서 전화·카카오톡·방문(예약) 상담이 가능합니다.,북부산등기소 부동산등기,관할 확인 | 부동산등기에서 자주 놓치는 점 | 접수 전 확인사항 | 준비 서류 | 서류 보정 대응 | 북부산등기소 관련 실무 포인트,real-estate,부산,real-estate-registration,commercial,true,,true
/중부산등기소부동산등기,court,중부산등기소 부동산등기 절차 | 다옴법무사사무소,중부산등기소 부동산등기 안내. 관할·제출 서류·접수 절차를 사건별로 설명합니다. 해운대·센텀 다옴법무사사무소에서 전화·카카오톡·방문(예약) 상담이 가능합니다.,중부산등기소 부동산등기,관할 확인 | 부동산등기에서 자주 놓치는 점 | 접수 전 확인사항 | 준비 서류 | 서류 보정 대응 | 중부산등기소 관련 실무 포인트,real-estate,부산,real-estate-registration,commercial,true,,true
/상속여성법무사,local,상속 여성 법무사 | 다옴법무사사무소,"상속 여성 법무사 관련 절차·비용·서류 안내. 부산 전역 사건 상담, 전화·카카오톡 문의 가능합니다. 해운대·센텀 다옴법무사사무소에서 전화·카카오톡·방문(예약) 상담이 가능합니다.",상속 여성 법무사,편안한 상담 | 상속등기에서 자주 놓치는 점 | 상속·가사 심리적 부담 | 준비 서류 | 회생·채무 상담 | 다옴법무사사무소 상담 안내 | 의뢰인께 드리는 말씀,inheritance,,inheritance-registration,consult,true,,true
/부산법원근처법무사,local,부산 법원 근처 법무사 | 다옴법무사사무소,"부산 법원 근처 법무사 관련 절차·비용·서류 안내. 부산 전역 사건 상담, 전화·카카오톡 문의 가능합니다. 해운대·센텀 다옴법무사사무소에서 전화·카카오톡·방문(예약) 상담이 가능합니다.",부산 법원 근처 법무사,업무 안내 | 지급명령에서 자주 놓치는 점 | 상담 절차 | 준비 서류 | 비용·서류,local,부산,,commercial,true,,true
/등기소근처법무사,local,등기소 근처 법무사 | 관할·위치 확인 - 다옴법무사사무소,등기소 근처 법무사 안내. 관할 등기소·전자등기·방문 필요 여부를 정리합니다. 등기업무 종류는 부산 등기 법무사 페이지에서 이어집니다.,등기소 근처 법무사를 찾을 때 먼저 확인할 것,등기업무를 맡길 법무사를 찾는다면 | 등기소와 가까워야 하나요 | 부산의 주요 등기소 | 근처 법무사를 고를 때 확인할 사항 | 상담 시 확인하는 내용,real-estate,부산,real-estate-registration,commercial,true,,true
/중구법인설립등기,local,중구 법인설립등기 안내 | 다옴법무사사무소,중구 법인설립등기 절차·필요서류·비용·관할 등기소 안내. 해운대·센텀 다옴법무사사무소에서 상담 가능합니다. 해운대·센텀 다옴법무사사무소에서 전화·카카오톡·방문(예약) 상담이 가능합니다.,중구 법인설립등기 안내,지역별 업무 상황 | 법인설립등기에서 자주 놓치는 점 | 관할·실무 포인트 | 준비 서류 | 비용·일정 참고 | 관련 허브로 이어가기,corporate,중구,company-establishment,commercial,true,,true
/서구법인설립등기,local,서구 법인설립등기 안내 | 다옴법무사사무소,서구 법인설립등기 절차·필요서류·비용·관할 등기소 안내. 해운대·센텀 다옴법무사사무소에서 상담 가능합니다. 해운대·센텀 다옴법무사사무소에서 전화·카카오톡·방문(예약) 상담이 가능합니다.,서구 법인설립등기 안내,지역별 업무 상황 | 법인설립등기에서 자주 놓치는 점 | 관할·실무 포인트 | 준비 서류 | 비용·일정 참고 | 관련 허브로 이어가기,corporate,서구,company-establishment,commercial,true,,true
/동구법인설립등기,local,동구 법인설립등기 안내 | 다옴법무사사무소,동구 법인설립등기 절차·필요서류·비용·관할 등기소 안내. 해운대·센텀 다옴법무사사무소에서 상담 가능합니다. 해운대·센텀 다옴법무사사무소에서 전화·카카오톡·방문(예약) 상담이 가능합니다.,동구 법인설립등기 안내,지역별 업무 상황 | 법인설립등기에서 자주 놓치는 점 | 관할·실무 포인트 | 준비 서류 | 비용·일정 참고 | 관련 허브로 이어가기,corporate,동구,company-establishment,commercial,true,,true
/영도구법인설립등기,local,영도구 법인설립등기 안내 | 다옴법무사사무소,영도구 법인설립등기 절차·필요서류·비용·관할 등기소 안내. 해운대·센텀 다옴법무사사무소에서 상담 가능합니다. 해운대·센텀 다옴법무사사무소에서 전화·카카오톡·방문(예약) 상담이 가능합니다.,영도구 법인설립등기 안내,지역별 업무 상황 | 법인설립등기에서 자주 놓치는 점 | 관할·실무 포인트 | 준비 서류 | 비용·일정 참고 | 관련 허브로 이어가기,corporate,영도,company-establishment,commercial,true,,true
/남구법인설립등기,local,남구 법인설립등기 안내 | 다옴법무사사무소,남구 법인설립등기 절차·필요서류·비용·관할 등기소 안내. 해운대·센텀 다옴법무사사무소에서 상담 가능합니다. 해운대·센텀 다옴법무사사무소에서 전화·카카오톡·방문(예약) 상담이 가능합니다.,남구 법인설립등기 안내,지역별 업무 상황 | 법인설립등기에서 자주 놓치는 점 | 관할·실무 포인트 | 준비 서류 | 비용·일정 참고 | 관련 허브로 이어가기,corporate,남구,company-establishment,commercial,true,,true
/북구임원변경등기,local,북구 임원변경등기 안내 | 다옴법무사사무소,북구 임원변경등기 절차·필요서류·비용·관할 등기소 안내. 해운대·센텀 다옴법무사사무소에서 상담 가능합니다. 해운대·센텀 다옴법무사사무소에서 전화·카카오톡·방문(예약) 상담이 가능합니다.,북구 임원변경등기 안내,지역별 업무 상황 | 임원변경등기에서 자주 놓치는 점 | 관할·실무 포인트 | 준비 서류 | 비용·일정 참고 | 관련 허브로 이어가기,corporate,북구,director-change,commercial,true,,true
/사하구법인설립등기,local,사하구 법인설립등기 안내 | 다옴법무사사무소,사하구 법인설립등기 절차·필요서류·비용·관할 등기소 안내. 해운대·센텀 다옴법무사사무소에서 상담 가능합니다. 해운대·센텀 다옴법무사사무소에서 전화·카카오톡·방문(예약) 상담이 가능합니다.,사하구 법인설립등기 안내,지역별 업무 상황 | 법인설립등기에서 자주 놓치는 점 | 관할·실무 포인트 | 준비 서류 | 비용·일정 참고 | 관련 허브로 이어가기,corporate,사하,company-establishment,commercial,true,,true
/금정구법인설립등기,local,금정구 법인설립등기 안내 | 다옴법무사사무소,금정구 법인설립등기 절차·필요서류·비용·관할 등기소 안내. 해운대·센텀 다옴법무사사무소에서 상담 가능합니다. 해운대·센텀 다옴법무사사무소에서 전화·카카오톡·방문(예약) 상담이 가능합니다.,금정구 법인설립등기 안내,지역별 업무 상황 | 법인설립등기에서 자주 놓치는 점 | 관할·실무 포인트 | 준비 서류 | 비용·일정 참고 | 관련 허브로 이어가기,corporate,금정,company-establishment,commercial,true,,true
/강서구법인설립등기,local,강서구 법인설립등기 안내 | 다옴법무사사무소,강서구 법인설립등기 절차·필요서류·비용·관할 등기소 안내. 해운대·센텀 다옴법무사사무소에서 상담 가능합니다. 해운대·센텀 다옴법무사사무소에서 전화·카카오톡·방문(예약) 상담이 가능합니다.,강서구 법인설립등기 안내,지역별 업무 상황 | 법인설립등기에서 자주 놓치는 점 | 관할·실무 포인트 | 준비 서류 | 비용·일정 참고 | 관련 허브로 이어가기,corporate,강서,company-establishment,commercial,true,,true
/사상구법인설립등기,local,사상구 법인설립등기 안내 | 다옴법무사사무소,사상구 법인설립등기 절차·필요서류·비용·관할 등기소 안내. 해운대·센텀 다옴법무사사무소에서 상담 가능합니다. 해운대·센텀 다옴법무사사무소에서 전화·카카오톡·방문(예약) 상담이 가능합니다.,사상구 법인설립등기 안내,지역별 업무 상황 | 법인설립등기에서 자주 놓치는 점 | 관할·실무 포인트 | 준비 서류 | 비용·일정 참고 | 관련 허브로 이어가기,corporate,사상,company-establishment,commercial,true,,true
/기장군법인설립등기,local,기장군 법인설립등기 안내 | 다옴법무사사무소,기장군 법인설립등기 절차·필요서류·비용·관할 등기소 안내. 해운대·센텀 다옴법무사사무소에서 상담 가능합니다. 해운대·센텀 다옴법무사사무소에서 전화·카카오톡·방문(예약) 상담이 가능합니다.,기장군 법인설립등기 안내,지역별 업무 상황 | 법인설립등기에서 자주 놓치는 점 | 관할·실무 포인트 | 준비 서류 | 비용·일정 참고 | 관련 허브로 이어가기,corporate,기장,company-establishment,commercial,true,,true
/연산역상속등기,local,연산역 상속등기 안내 | 다옴법무사사무소,연산역 상속등기 절차·필요서류·비용·관할 등기소 안내. 해운대·센텀 다옴법무사사무소에서 상담 가능합니다. 해운대·센텀 다옴법무사사무소에서 전화·카카오톡·방문(예약) 상담이 가능합니다.,연산역 상속등기 안내,지역별 업무 상황 | 상속등기에서 자주 놓치는 점 | 관할·실무 포인트 | 준비 서류 | 비용·일정 참고 | 관련 허브로 이어가기,inheritance,,inheritance-registration,commercial,true,,true
/명지법인등기,local,명지 법인등기 안내 | 다옴법무사사무소,명지 법인등기 절차·필요서류·비용·관할 등기소 안내. 해운대·센텀 다옴법무사사무소에서 상담 가능합니다. 해운대·센텀 다옴법무사사무소에서 전화·카카오톡·방문(예약) 상담이 가능합니다.,명지 법인등기 안내,지역별 업무 상황 | 법인등기에서 자주 놓치는 점 | 관할·실무 포인트 | 준비 서류 | 비용·일정 참고 | 관련 허브로 이어가기,corporate,명지,corporate-registration,commercial,true,,true
/상속포기기간,local,상속포기 기간 안내 | 다옴법무사사무소,상속포기 기간 정리. 사건별 준비 서류·기한·수임료 범위를 투명하게 설명드립니다. 해운대·센텀 다옴법무사사무소에서 전화·카카오톡·방문(예약) 상담이 가능합니다.,상속포기 기간 안내,법정 기한 | 상속포기에서 자주 놓치는 점 | 상속포기 기간 초점에서 볼 것 | 지연 시 불이익 | 준비 서류 | 과태료·가산세 | 검색 의도별 다음 안내,inheritance,,inheritance-renunciation,commercial,true,,true
/한정승인기간,local,한정승인 기간 안내 | 다옴법무사사무소,한정승인 기간 정리. 사건별 준비 서류·기한·수임료 범위를 투명하게 설명드립니다. 해운대·센텀 다옴법무사사무소에서 전화·카카오톡·방문(예약) 상담이 가능합니다.,한정승인 기간 안내,법정 기한 | 한정승인에서 자주 놓치는 점 | 한정승인 기간 초점에서 볼 것 | 지연 시 불이익 | 준비 서류 | 과태료·가산세 | 검색 의도별 다음 안내,inheritance,,qualified-acceptance,commercial,true,,true
/법인등기과태료,cost,법인등기 과태료 안내 | 다옴법무사사무소,법인등기 과태료 정리. 사건별 준비 서류·기한·수임료 범위를 투명하게 설명드립니다. 해운대·센텀 다옴법무사사무소에서 전화·카카오톡·방문(예약) 상담이 가능합니다.,법인등기 과태료 안내,비용이 달라지는 이유 | 법인등기에서 자주 놓치는 점 | 법인등기 과태료 초점에서 볼 것 | 보수표·실비 | 준비 서류 | 사건 난이도별 견적 | 검색 의도별 다음 안내,corporate,,corporate-registration,commercial,true,,true
/법인설립등기준비서류,local,법인설립등기 준비서류 안내 | 다옴법무사사무소,법인설립등기 준비서류 정리. 사건별 준비 서류·기한·수임료 범위를 투명하게 설명드립니다. 해운대·센텀 다옴법무사사무소에서 전화·카카오톡·방문(예약) 상담이 가능합니다.,법인설립등기 준비서류 안내,필수 서류 | 법인설립등기에서 자주 놓치는 점 | 법인설립등기 준비서류 초점에서 볼 것 | 추가로 필요한 경우 | 준비 서류 | 준비 체크리스트 | 검색 의도별 다음 안내,corporate,,company-establishment,documents,true,,true
/임원변경등기보수표,cost,임원변경등기 보수표 안내 | 다옴법무사사무소,임원변경등기 보수표 정리. 사건별 준비 서류·기한·수임료 범위를 투명하게 설명드립니다. 해운대·센텀 다옴법무사사무소에서 전화·카카오톡·방문(예약) 상담이 가능합니다.,임원변경등기 보수표 안내,비용이 달라지는 이유 | 임원변경등기에서 자주 놓치는 점 | 임원변경등기 보수표 초점에서 볼 것 | 보수표·실비 | 준비 서류 | 사건 난이도별 견적 | 검색 의도별 다음 안내,corporate,,director-change,cost,true,,true
/임원변경등기기한,local,임원변경등기 기한 안내 | 다옴법무사사무소,임원변경등기 기한 정리. 사건별 준비 서류·기한·수임료 범위를 투명하게 설명드립니다. 해운대·센텀 다옴법무사사무소에서 전화·카카오톡·방문(예약) 상담이 가능합니다.,임원변경등기 기한 안내,법정 기한 | 임원변경등기에서 자주 놓치는 점 | 임원변경등기 기한 초점에서 볼 것 | 지연 시 불이익 | 준비 서류 | 과태료·가산세 | 검색 의도별 다음 안내,corporate,,director-change,commercial,true,,true
/본점이전등기필요서류,local,본점이전등기 필요서류 안내 | 다옴법무사사무소,본점이전등기 필요서류 정리. 사건별 준비 서류·기한·수임료 범위를 투명하게 설명드립니다. 해운대·센텀 다옴법무사사무소에서 전화·카카오톡·방문(예약) 상담이 가능합니다.,본점이전등기 필요서류 안내,필수 서류 | 본점이전등기에서 자주 놓치는 점 | 본점이전등기 필요서류 초점에서 볼 것 | 추가로 필요한 경우 | 준비 서류 | 준비 체크리스트 | 검색 의도별 다음 안내,corporate,,corporate-registration,documents,true,,true
/소유권이전등기과태료,cost,소유권이전등기 과태료 안내 | 다옴법무사사무소,소유권이전등기 과태료 정리. 사건별 준비 서류·기한·수임료 범위를 투명하게 설명드립니다. 해운대·센텀 다옴법무사사무소에서 전화·카카오톡·방문(예약) 상담이 가능합니다.,소유권이전등기 과태료 안내,비용이 달라지는 이유 | 소유권이전등기에서 자주 놓치는 점 | 소유권이전등기 과태료 초점에서 볼 것 | 보수표·실비 | 준비 서류 | 사건 난이도별 견적 | 검색 의도별 다음 안내,real-estate,,ownership-transfer,commercial,true,,true
/증여등기비용,cost,증여등기 비용 안내 | 다옴법무사사무소,증여등기 비용 정리. 사건별 준비 서류·기한·수임료 범위를 투명하게 설명드립니다. 해운대·센텀 다옴법무사사무소에서 전화·카카오톡·방문(예약) 상담이 가능합니다.,증여등기 비용 안내,비용이 달라지는 이유 | 증여등기에서 자주 놓치는 점 | 증여등기 비용 초점에서 볼 것 | 보수표·실비 | 준비 서류 | 사건 난이도별 견적 | 검색 의도별 다음 안내,real-estate,,ownership-transfer,cost,true,,true
/개인파산준비서류,local,개인파산 준비서류 안내 | 다옴법무사사무소,개인파산 준비서류 정리. 사건별 준비 서류·기한·수임료 범위를 투명하게 설명드립니다. 해운대·센텀 다옴법무사사무소에서 전화·카카오톡·방문(예약) 상담이 가능합니다.,개인파산 준비서류 안내,필수 서류 | 개인파산에서 자주 놓치는 점 | 개인파산 준비서류 초점에서 볼 것 | 추가로 필요한 경우 | 준비 서류 | 준비 체크리스트 | 검색 의도별 다음 안내,insolvency,,bankruptcy,documents,true,,true
/부산지방법원동부지원등기과법인등기,court,부산지방법원동부지원등기과 법인등기 절차 | 다옴법무사사무소,부산지방법원동부지원등기과 법인등기 안내. 관할·제출 서류·접수 절차를 사건별로 설명합니다. 해운대·센텀 다옴법무사사무소에서 전화·카카오톡·방문(예약) 상담이 가능합니다.,부산지방법원동부지원등기과 법인등기,관할 확인 | 법인등기에서 자주 놓치는 점 | 접수 전 확인사항 | 준비 서류 | 서류 보정 대응 | 동부지원 등기과 관련 실무 포인트,corporate,부산,corporate-registration,commercial,true,,true
/중부산등기소법인등기,court,중부산등기소 법인등기 절차 | 다옴법무사사무소,중부산등기소 법인등기 안내. 관할·제출 서류·접수 절차를 사건별로 설명합니다. 해운대·센텀 다옴법무사사무소에서 전화·카카오톡·방문(예약) 상담이 가능합니다.,중부산등기소 법인등기,관할 확인 | 법인등기에서 자주 놓치는 점 | 접수 전 확인사항 | 준비 서류 | 서류 보정 대응 | 중부산등기소 관련 실무 포인트,corporate,부산,corporate-registration,commercial,true,,true
/서면역법무사,local,서면역 법무사 상담 | 다옴법무사사무소,서면역 상속등기·부동산등기·법인등기·개인회생 상담. 관할·서류·비용을 항목별로 안내합니다. 해운대·센텀 다옴법무사사무소에서 전화·카카오톡·방문(예약) 상담이 가능합니다.,서면역 법무사 상담,서면역과 서면 허브의 관계 | 부산진구 부동산등기와의 연결 | 상담 시 확인하는 내용 | 상담 시 확인하는 내용,real-estate,서면,real-estate-registration,consult,true,,true
/중구임원변경등기,local,중구 임원변경등기 안내 | 다옴법무사사무소,중구 임원변경등기 절차·필요서류·비용·관할 등기소 안내. 해운대·센텀 다옴법무사사무소에서 상담 가능합니다. 해운대·센텀 다옴법무사사무소에서 전화·카카오톡·방문(예약) 상담이 가능합니다.,중구 임원변경등기 안내,지역별 업무 상황 | 임원변경등기에서 자주 놓치는 점 | 관할·실무 포인트 | 준비 서류 | 비용·일정 참고 | 관련 허브로 이어가기,corporate,중구,director-change,commercial,true,,true
/서구임원변경등기,local,서구 임원변경등기 안내 | 다옴법무사사무소,서구 임원변경등기 절차·필요서류·비용·관할 등기소 안내. 해운대·센텀 다옴법무사사무소에서 상담 가능합니다. 해운대·센텀 다옴법무사사무소에서 전화·카카오톡·방문(예약) 상담이 가능합니다.,서구 임원변경등기 안내,지역별 업무 상황 | 임원변경등기에서 자주 놓치는 점 | 관할·실무 포인트 | 준비 서류 | 비용·일정 참고 | 관련 허브로 이어가기,corporate,서구,director-change,commercial,true,,true
/동구임원변경등기,local,동구 임원변경등기 안내 | 다옴법무사사무소,동구 임원변경등기 절차·필요서류·비용·관할 등기소 안내. 해운대·센텀 다옴법무사사무소에서 상담 가능합니다. 해운대·센텀 다옴법무사사무소에서 전화·카카오톡·방문(예약) 상담이 가능합니다.,동구 임원변경등기 안내,지역별 업무 상황 | 임원변경등기에서 자주 놓치는 점 | 관할·실무 포인트 | 준비 서류 | 비용·일정 참고 | 관련 허브로 이어가기,corporate,동구,director-change,commercial,true,,true
/영도구임원변경등기,local,영도구 임원변경등기 안내 | 다옴법무사사무소,영도구 임원변경등기 절차·필요서류·비용·관할 등기소 안내. 해운대·센텀 다옴법무사사무소에서 상담 가능합니다. 해운대·센텀 다옴법무사사무소에서 전화·카카오톡·방문(예약) 상담이 가능합니다.,영도구 임원변경등기 안내,지역별 업무 상황 | 임원변경등기에서 자주 놓치는 점 | 관할·실무 포인트 | 준비 서류 | 비용·일정 참고 | 관련 허브로 이어가기,corporate,영도,director-change,commercial,true,,true
/남구임원변경등기,local,남구 임원변경등기 안내 | 다옴법무사사무소,남구 임원변경등기 절차·필요서류·비용·관할 등기소 안내. 해운대·센텀 다옴법무사사무소에서 상담 가능합니다. 해운대·센텀 다옴법무사사무소에서 전화·카카오톡·방문(예약) 상담이 가능합니다.,남구 임원변경등기 안내,지역별 업무 상황 | 임원변경등기에서 자주 놓치는 점 | 관할·실무 포인트 | 준비 서류 | 비용·일정 참고 | 관련 허브로 이어가기,corporate,남구,director-change,commercial,true,,true
/사하구임원변경등기,local,사하구 임원변경등기 안내 | 다옴법무사사무소,사하구 임원변경등기 절차·필요서류·비용·관할 등기소 안내. 해운대·센텀 다옴법무사사무소에서 상담 가능합니다. 해운대·센텀 다옴법무사사무소에서 전화·카카오톡·방문(예약) 상담이 가능합니다.,사하구 임원변경등기 안내,지역별 업무 상황 | 임원변경등기에서 자주 놓치는 점 | 관할·실무 포인트 | 준비 서류 | 비용·일정 참고 | 관련 허브로 이어가기,corporate,사하,director-change,commercial,true,,true
/금정구임원변경등기,local,금정구 임원변경등기 안내 | 다옴법무사사무소,금정구 임원변경등기 절차·필요서류·비용·관할 등기소 안내. 해운대·센텀 다옴법무사사무소에서 상담 가능합니다. 해운대·센텀 다옴법무사사무소에서 전화·카카오톡·방문(예약) 상담이 가능합니다.,금정구 임원변경등기 안내,지역별 업무 상황 | 임원변경등기에서 자주 놓치는 점 | 관할·실무 포인트 | 준비 서류 | 비용·일정 참고 | 관련 허브로 이어가기,corporate,금정,director-change,commercial,true,,true
/강서구임원변경등기,local,강서구 임원변경등기 안내 | 다옴법무사사무소,강서구 임원변경등기 절차·필요서류·비용·관할 등기소 안내. 해운대·센텀 다옴법무사사무소에서 상담 가능합니다. 해운대·센텀 다옴법무사사무소에서 전화·카카오톡·방문(예약) 상담이 가능합니다.,강서구 임원변경등기 안내,지역별 업무 상황 | 임원변경등기에서 자주 놓치는 점 | 관할·실무 포인트 | 준비 서류 | 비용·일정 참고 | 관련 허브로 이어가기,corporate,강서,director-change,commercial,true,,true
/사상구임원변경등기,local,사상구 임원변경등기 안내 | 다옴법무사사무소,사상구 임원변경등기 절차·필요서류·비용·관할 등기소 안내. 해운대·센텀 다옴법무사사무소에서 상담 가능합니다. 해운대·센텀 다옴법무사사무소에서 전화·카카오톡·방문(예약) 상담이 가능합니다.,사상구 임원변경등기 안내,지역별 업무 상황 | 임원변경등기에서 자주 놓치는 점 | 관할·실무 포인트 | 준비 서류 | 비용·일정 참고 | 관련 허브로 이어가기,corporate,사상,director-change,commercial,true,,true
/기장군임원변경등기,local,기장군 임원변경등기 안내 | 다옴법무사사무소,기장군 임원변경등기 절차·필요서류·비용·관할 등기소 안내. 해운대·센텀 다옴법무사사무소에서 상담 가능합니다. 해운대·센텀 다옴법무사사무소에서 전화·카카오톡·방문(예약) 상담이 가능합니다.,기장군 임원변경등기 안내,지역별 업무 상황 | 임원변경등기에서 자주 놓치는 점 | 관할·실무 포인트 | 준비 서류 | 비용·일정 참고 | 관련 허브로 이어가기,corporate,기장,director-change,commercial,true,,true
/재송동상속등기,local,재송동 상속등기 안내 | 다옴법무사사무소,재송동 상속등기 절차·필요서류·비용·관할 등기소 안내. 해운대·센텀 다옴법무사사무소에서 상담 가능합니다. 해운대·센텀 다옴법무사사무소에서 전화·카카오톡·방문(예약) 상담이 가능합니다.,재송동 상속등기 안내,지역별 업무 상황 | 상속등기에서 자주 놓치는 점 | 관할·실무 포인트 | 준비 서류 | 비용·일정 참고 | 관련 허브로 이어가기,inheritance,재송,inheritance-registration,commercial,true,,true
/반여동상속등기,local,반여동 상속등기 안내 | 다옴법무사사무소,반여동 상속등기 절차·필요서류·비용·관할 등기소 안내. 해운대·센텀 다옴법무사사무소에서 상담 가능합니다. 해운대·센텀 다옴법무사사무소에서 전화·카카오톡·방문(예약) 상담이 가능합니다.,반여동 상속등기 안내,지역별 업무 상황 | 상속등기에서 자주 놓치는 점 | 관할·실무 포인트 | 준비 서류 | 비용·일정 참고 | 관련 허브로 이어가기,inheritance,,inheritance-registration,commercial,true,,true
/좌동상속등기,local,좌동 상속등기 안내 | 다옴법무사사무소,좌동 상속등기 절차·필요서류·비용·관할 등기소 안내. 해운대·센텀 다옴법무사사무소에서 상담 가능합니다. 해운대·센텀 다옴법무사사무소에서 전화·카카오톡·방문(예약) 상담이 가능합니다.,좌동 상속등기 안내,지역별 업무 상황 | 상속등기에서 자주 놓치는 점 | 관할·실무 포인트 | 준비 서류 | 비용·일정 참고 | 관련 허브로 이어가기,inheritance,,inheritance-registration,commercial,true,,true
/송정동상속등기,local,송정동 상속등기 안내 | 다옴법무사사무소,송정동 상속등기 절차·필요서류·비용·관할 등기소 안내. 해운대·센텀 다옴법무사사무소에서 상담 가능합니다. 해운대·센텀 다옴법무사사무소에서 전화·카카오톡·방문(예약) 상담이 가능합니다.,송정동 상속등기 안내,지역별 업무 상황 | 상속등기에서 자주 놓치는 점 | 관할·실무 포인트 | 준비 서류 | 비용·일정 참고 | 관련 허브로 이어가기,inheritance,,inheritance-registration,commercial,true,,true
/남천동상속등기,local,남천동 상속등기 안내 | 다옴법무사사무소,남천동 상속등기 절차·필요서류·비용·관할 등기소 안내. 해운대·센텀 다옴법무사사무소에서 상담 가능합니다. 해운대·센텀 다옴법무사사무소에서 전화·카카오톡·방문(예약) 상담이 가능합니다.,남천동 상속등기 안내,지역별 업무 상황 | 상속등기에서 자주 놓치는 점 | 관할·실무 포인트 | 준비 서류 | 비용·일정 참고 | 관련 허브로 이어가기,inheritance,,inheritance-registration,commercial,true,,true
/거제동상속등기,local,거제동 상속등기 안내 | 다옴법무사사무소,거제동 상속등기 절차·필요서류·비용·관할 등기소 안내. 해운대·센텀 다옴법무사사무소에서 상담 가능합니다. 해운대·센텀 다옴법무사사무소에서 전화·카카오톡·방문(예약) 상담이 가능합니다.,거제동 상속등기 안내,지역별 업무 상황 | 상속등기에서 자주 놓치는 점 | 관할·실무 포인트 | 준비 서류 | 비용·일정 참고 | 관련 허브로 이어가기,inheritance,,inheritance-registration,commercial,true,,true
/양정동상속등기,local,양정동 상속등기 안내 | 다옴법무사사무소,양정동 상속등기 절차·필요서류·비용·관할 등기소 안내. 해운대·센텀 다옴법무사사무소에서 상담 가능합니다. 해운대·센텀 다옴법무사사무소에서 전화·카카오톡·방문(예약) 상담이 가능합니다.,양정동 상속등기 안내,지역별 업무 상황 | 상속등기에서 자주 놓치는 점 | 관할·실무 포인트 | 준비 서류 | 비용·일정 참고 | 관련 허브로 이어가기,inheritance,,inheritance-registration,commercial,true,,true
/대연동상속등기,local,대연동 상속등기 안내 | 다옴법무사사무소,대연동 상속등기 절차·필요서류·비용·관할 등기소 안내. 해운대·센텀 다옴법무사사무소에서 상담 가능합니다. 해운대·센텀 다옴법무사사무소에서 전화·카카오톡·방문(예약) 상담이 가능합니다.,대연동 상속등기 안내,지역별 업무 상황 | 상속등기에서 자주 놓치는 점 | 관할·실무 포인트 | 준비 서류 | 비용·일정 참고 | 관련 허브로 이어가기,inheritance,,inheritance-registration,commercial,true,,true
/기장상속등기,local,기장 상속등기 안내 | 다옴법무사사무소,기장 상속등기 절차·필요서류·비용·관할 등기소 안내. 해운대·센텀 다옴법무사사무소에서 상담 가능합니다. 해운대·센텀 다옴법무사사무소에서 전화·카카오톡·방문(예약) 상담이 가능합니다.,기장 상속등기 안내,지역별 업무 상황 | 상속등기에서 자주 놓치는 점 | 관할·실무 포인트 | 준비 서류 | 비용·일정 참고 | 관련 허브로 이어가기,inheritance,기장,inheritance-registration,commercial,true,,true
/사직동상속등기,local,사직동 상속등기 안내 | 다옴법무사사무소,사직동 상속등기 절차·필요서류·비용·관할 등기소 안내. 해운대·센텀 다옴법무사사무소에서 상담 가능합니다. 해운대·센텀 다옴법무사사무소에서 전화·카카오톡·방문(예약) 상담이 가능합니다.,사직동 상속등기 안내,지역별 업무 상황 | 상속등기에서 자주 놓치는 점 | 관할·실무 포인트 | 준비 서류 | 비용·일정 참고 | 관련 허브로 이어가기,inheritance,,inheritance-registration,commercial,true,,true
/온천동상속등기,local,온천동 상속등기 안내 | 다옴법무사사무소,온천동 상속등기 절차·필요서류·비용·관할 등기소 안내. 해운대·센텀 다옴법무사사무소에서 상담 가능합니다. 해운대·센텀 다옴법무사사무소에서 전화·카카오톡·방문(예약) 상담이 가능합니다.,온천동 상속등기 안내,지역별 업무 상황 | 상속등기에서 자주 놓치는 점 | 관할·실무 포인트 | 준비 서류 | 비용·일정 참고 | 관련 허브로 이어가기,inheritance,,inheritance-registration,commercial,true,,true
/부곡동상속등기,local,부곡동 상속등기 안내 | 다옴법무사사무소,부곡동 상속등기 절차·필요서류·비용·관할 등기소 안내. 해운대·센텀 다옴법무사사무소에서 상담 가능합니다. 해운대·센텀 다옴법무사사무소에서 전화·카카오톡·방문(예약) 상담이 가능합니다.,부곡동 상속등기 안내,지역별 업무 상황 | 상속등기에서 자주 놓치는 점 | 관할·실무 포인트 | 준비 서류 | 비용·일정 참고 | 관련 허브로 이어가기,inheritance,,inheritance-registration,commercial,true,,true
/해운대역부동산등기,local,해운대역 부동산등기 안내 | 다옴법무사사무소,해운대역 부동산등기 절차·필요서류·비용·관할 등기소 안내. 해운대·센텀 다옴법무사사무소에서 상담 가능합니다. 해운대·센텀 다옴법무사사무소에서 전화·카카오톡·방문(예약) 상담이 가능합니다.,해운대역 부동산등기 안내,선박등기 | 부동산등기에서 자주 놓치는 점 | 해운·물류 법인 | 준비 서류 | 항만기업 등기 | 관련 허브로 이어가기,real-estate,해운대,real-estate-registration,commercial,true,,true
/사상역개인회생,local,사상역 개인회생 안내 | 다옴법무사사무소,사상역 개인회생 절차·필요서류·비용·관할 등기소 안내. 해운대·센텀 다옴법무사사무소에서 상담 가능합니다. 해운대·센텀 다옴법무사사무소에서 전화·카카오톡·방문(예약) 상담이 가능합니다.,사상역 개인회생 안내,지역별 업무 상황 | 개인회생에서 자주 놓치는 점 | 관할·실무 포인트 | 준비 서류 | 비용·일정 참고 | 관련 허브로 이어가기,insolvency,사상,personal-rehabilitation,commercial,true,,true
/부산역부동산등기,local,부산역 부동산등기 안내 | 다옴법무사사무소,부산역 부동산등기 절차·필요서류·비용·관할 등기소 안내. 해운대·센텀 다옴법무사사무소에서 상담 가능합니다. 해운대·센텀 다옴법무사사무소에서 전화·카카오톡·방문(예약) 상담이 가능합니다.,부산역 부동산등기 안내,지역별 업무 상황 | 부동산등기에서 자주 놓치는 점 | 관할·실무 포인트 | 준비 서류 | 비용·일정 참고 | 관련 허브로 이어가기,real-estate,부산,real-estate-registration,commercial,true,,true
/녹산국가산단법인등기,local,녹산국가산단 법인등기 안내 | 다옴법무사사무소,녹산국가산단 법인등기 절차·필요서류·비용·관할 등기소 안내. 해운대·센텀 다옴법무사사무소에서 상담 가능합니다. 해운대·센텀 다옴법무사사무소에서 전화·카카오톡·방문(예약) 상담이 가능합니다.,녹산국가산단 법인등기 안내,지역별 업무 상황 | 법인등기에서 자주 놓치는 점 | 관할·실무 포인트 | 준비 서류 | 비용·일정 참고 | 관련 허브로 이어가기,corporate,,corporate-registration,commercial,true,,true
/상속포기과태료,cost,상속포기 과태료 안내 | 다옴법무사사무소,상속포기 과태료 정리. 사건별 준비 서류·기한·수임료 범위를 투명하게 설명드립니다. 해운대·센텀 다옴법무사사무소에서 전화·카카오톡·방문(예약) 상담이 가능합니다.,상속포기 과태료 안내,비용이 달라지는 이유 | 상속포기에서 자주 놓치는 점 | 상속포기 과태료 초점에서 볼 것 | 보수표·실비 | 준비 서류 | 사건 난이도별 견적 | 검색 의도별 다음 안내,inheritance,,inheritance-renunciation,commercial,true,,true
/한정승인과태료,cost,한정승인 과태료 안내 | 다옴법무사사무소,한정승인 과태료 정리. 사건별 준비 서류·기한·수임료 범위를 투명하게 설명드립니다. 해운대·센텀 다옴법무사사무소에서 전화·카카오톡·방문(예약) 상담이 가능합니다.,한정승인 과태료 안내,비용이 달라지는 이유 | 한정승인에서 자주 놓치는 점 | 한정승인 과태료 초점에서 볼 것 | 보수표·실비 | 준비 서류 | 사건 난이도별 견적 | 검색 의도별 다음 안내,inheritance,,qualified-acceptance,commercial,true,,true
/법인설립등기기간,local,법인설립등기 기간 안내 | 다옴법무사사무소,법인설립등기 기간 정리. 사건별 준비 서류·기한·수임료 범위를 투명하게 설명드립니다. 해운대·센텀 다옴법무사사무소에서 전화·카카오톡·방문(예약) 상담이 가능합니다.,법인설립등기 기간 안내,법정 기한 | 법인설립등기에서 자주 놓치는 점 | 법인설립등기 기간 초점에서 볼 것 | 지연 시 불이익 | 준비 서류 | 과태료·가산세 | 검색 의도별 다음 안내,corporate,,company-establishment,commercial,true,,true
/임원변경등기준비서류,local,임원변경등기 준비서류 안내 | 다옴법무사사무소,임원변경등기 준비서류 정리. 사건별 준비 서류·기한·수임료 범위를 투명하게 설명드립니다. 해운대·센텀 다옴법무사사무소에서 전화·카카오톡·방문(예약) 상담이 가능합니다.,임원변경등기 준비서류 안내,필수 서류 | 임원변경등기에서 자주 놓치는 점 | 임원변경등기 준비서류 초점에서 볼 것 | 추가로 필요한 경우 | 준비 서류 | 준비 체크리스트 | 검색 의도별 다음 안내,corporate,,director-change,documents,true,,true
/본점이전등기보수표,cost,본점이전등기 보수표 안내 | 다옴법무사사무소,본점이전등기 보수표 정리. 사건별 준비 서류·기한·수임료 범위를 투명하게 설명드립니다. 해운대·센텀 다옴법무사사무소에서 전화·카카오톡·방문(예약) 상담이 가능합니다.,본점이전등기 보수표 안내,비용이 달라지는 이유 | 본점이전등기에서 자주 놓치는 점 | 본점이전등기 보수표 초점에서 볼 것 | 보수표·실비 | 준비 서류 | 사건 난이도별 견적 | 검색 의도별 다음 안내,corporate,,corporate-registration,cost,true,,true
/본점이전등기기한,local,본점이전등기 기한 안내 | 다옴법무사사무소,본점이전등기 기한 정리. 사건별 준비 서류·기한·수임료 범위를 투명하게 설명드립니다. 해운대·센텀 다옴법무사사무소에서 전화·카카오톡·방문(예약) 상담이 가능합니다.,본점이전등기 기한 안내,법정 기한 | 본점이전등기에서 자주 놓치는 점 | 본점이전등기 기한 초점에서 볼 것 | 지연 시 불이익 | 준비 서류 | 과태료·가산세 | 검색 의도별 다음 안내,corporate,,corporate-registration,commercial,true,,true
/증여등기필요서류,local,증여등기 필요서류 안내 | 다옴법무사사무소,증여등기 필요서류 정리. 사건별 준비 서류·기한·수임료 범위를 투명하게 설명드립니다. 해운대·센텀 다옴법무사사무소에서 전화·카카오톡·방문(예약) 상담이 가능합니다.,증여등기 필요서류 안내,필수 서류 | 증여등기에서 자주 놓치는 점 | 증여등기 필요서류 초점에서 볼 것 | 추가로 필요한 경우 | 준비 서류 | 준비 체크리스트 | 검색 의도별 다음 안내,real-estate,,ownership-transfer,documents,true,,true
/근저당말소비용,cost,근저당말소 비용 안내 | 다옴법무사사무소,근저당말소 비용 정리. 사건별 준비 서류·기한·수임료 범위를 투명하게 설명드립니다. 해운대·센텀 다옴법무사사무소에서 전화·카카오톡·방문(예약) 상담이 가능합니다.,근저당말소 비용 안내,비용이 달라지는 이유 | 근저당말소에서 자주 놓치는 점 | 근저당말소 비용 초점에서 볼 것 | 보수표·실비 | 준비 서류 | 사건 난이도별 견적 | 검색 의도별 다음 안내,real-estate,,real-estate-registration,cost,true,,true
/개인파산기간,local,개인파산 기간 안내 | 다옴법무사사무소,개인파산 기간 정리. 사건별 준비 서류·기한·수임료 범위를 투명하게 설명드립니다. 해운대·센텀 다옴법무사사무소에서 전화·카카오톡·방문(예약) 상담이 가능합니다.,개인파산 기간 안내,법정 기한 | 개인파산에서 자주 놓치는 점 | 개인파산 기간 초점에서 볼 것 | 지연 시 불이익 | 준비 서류 | 과태료·가산세 | 검색 의도별 다음 안내,insolvency,,bankruptcy,commercial,true,,true
/선박등기비용,cost,선박등기 비용 안내 | 다옴법무사사무소,선박등기 비용 정리. 사건별 준비 서류·기한·수임료 범위를 투명하게 설명드립니다. 해운대·센텀 다옴법무사사무소에서 전화·카카오톡·방문(예약) 상담이 가능합니다.,선박등기 비용 안내,비용이 달라지는 이유 | 선박등기에서 자주 놓치는 점 | 선박등기 비용 초점에서 볼 것 | 보수표·실비 | 준비 서류 | 사건 난이도별 견적 | 검색 의도별 다음 안내,real-estate,,corporate-registration,cost,true,,true
/부산지방법원등기국법무사,court,부산지방법원등기국 법무사 상담 | 다옴법무사사무소,부산지방법원 등기국 인근 법무사 상담. 접수 전 서류·관할·일정을 정리해 드립니다. 해운대·센텀 다옴법무사사무소에서 전화·카카오톡·방문(예약) 상담이 가능합니다.,부산지방법원 등기국 인근 법무사,관할 확인 | 등기·송무에서 자주 놓치는 점 | 접수 전 확인사항 | 준비 서류 | 서류 보정 대응 | 부산지방법원 등기국 관련 실무 포인트,real-estate,부산,real-estate-registration,commercial,true,,true
/부산가정법원법무사,court,부산가정법원 법무사 상담 | 다옴법무사사무소,부산가정법원 인근 법무사 상담. 접수 전 서류·관할·일정을 정리해 드립니다. 해운대·센텀 다옴법무사사무소에서 전화·카카오톡·방문(예약) 상담이 가능합니다.,부산가정법원 인근 법무사,관할 확인 | 등기·송무에서 자주 놓치는 점 | 접수 전 확인사항 | 준비 서류 | 서류 보정 대응 | 부산가정법원 관련 실무 포인트,court,부산,inheritance-renunciation,commercial,true,,true
/개인회생여성법무사,local,개인회생 여성 법무사 | 다옴법무사사무소,"개인회생 여성 법무사 관련 절차·비용·서류 안내. 부산 전역 사건 상담, 전화·카카오톡 문의 가능합니다. 해운대·센텀 다옴법무사사무소에서 전화·카카오톡·방문(예약) 상담이 가능합니다.",개인회생 여성 법무사,편안한 상담 | 개인회생에서 자주 놓치는 점 | 상속·가사 심리적 부담 | 준비 서류 | 회생·채무 상담 | 다옴법무사사무소 상담 안내 | 의뢰인께 드리는 말씀,insolvency,,personal-rehabilitation,consult,true,,true
/반여동부동산등기,local,반여동 부동산등기 안내 | 다옴법무사사무소,반여동 부동산등기 절차·필요서류·비용·관할 등기소 안내. 해운대·센텀 다옴법무사사무소에서 상담 가능합니다. 해운대·센텀 다옴법무사사무소에서 전화·카카오톡·방문(예약) 상담이 가능합니다.,반여동 부동산등기 안내,지역별 업무 상황 | 부동산등기에서 자주 놓치는 점 | 관할·실무 포인트 | 준비 서류 | 비용·일정 참고 | 관련 허브로 이어가기,real-estate,,real-estate-registration,commercial,true,,true
/우동부동산등기,local,우동 부동산등기 안내 | 다옴법무사사무소,우동 부동산등기 절차·필요서류·비용·관할 등기소 안내. 해운대·센텀 다옴법무사사무소에서 상담 가능합니다. 해운대·센텀 다옴법무사사무소에서 전화·카카오톡·방문(예약) 상담이 가능합니다.,우동 부동산등기 안내,지역별 업무 상황 | 부동산등기에서 자주 놓치는 점 | 관할·실무 포인트 | 준비 서류 | 비용·일정 참고 | 관련 허브로 이어가기,real-estate,,real-estate-registration,commercial,true,,true
/중동부동산등기,local,중동 부동산등기 안내 | 다옴법무사사무소,중동 부동산등기 절차·필요서류·비용·관할 등기소 안내. 해운대·센텀 다옴법무사사무소에서 상담 가능합니다. 해운대·센텀 다옴법무사사무소에서 전화·카카오톡·방문(예약) 상담이 가능합니다.,중동 부동산등기 안내,지역별 업무 상황 | 부동산등기에서 자주 놓치는 점 | 관할·실무 포인트 | 준비 서류 | 비용·일정 참고 | 관련 허브로 이어가기,real-estate,,real-estate-registration,commercial,true,,true
/민락동부동산등기,local,민락동 부동산등기 안내 | 다옴법무사사무소,민락동 부동산등기 절차·필요서류·비용·관할 등기소 안내. 해운대·센텀 다옴법무사사무소에서 상담 가능합니다. 해운대·센텀 다옴법무사사무소에서 전화·카카오톡·방문(예약) 상담이 가능합니다.,민락동 부동산등기 안내,지역별 업무 상황 | 부동산등기에서 자주 놓치는 점 | 관할·실무 포인트 | 준비 서류 | 비용·일정 참고 | 관련 허브로 이어가기,real-estate,,real-estate-registration,commercial,true,,true
/전포동부동산등기,local,전포동 부동산등기 안내 | 다옴법무사사무소,전포동 부동산등기 절차·필요서류·비용·관할 등기소 안내. 해운대·센텀 다옴법무사사무소에서 상담 가능합니다. 해운대·센텀 다옴법무사사무소에서 전화·카카오톡·방문(예약) 상담이 가능합니다.,전포동 부동산등기 안내,지역별 업무 상황 | 부동산등기에서 자주 놓치는 점 | 관할·실무 포인트 | 준비 서류 | 비용·일정 참고 | 관련 허브로 이어가기,real-estate,,real-estate-registration,commercial,true,,true
/명지동부동산등기,local,명지동 부동산등기 안내 | 다옴법무사사무소,명지동 부동산등기 절차·필요서류·비용·관할 등기소 안내. 해운대·센텀 다옴법무사사무소에서 상담 가능합니다. 해운대·센텀 다옴법무사사무소에서 전화·카카오톡·방문(예약) 상담이 가능합니다.,명지동 부동산등기 안내,지역별 업무 상황 | 부동산등기에서 자주 놓치는 점 | 관할·실무 포인트 | 준비 서류 | 비용·일정 참고 | 관련 허브로 이어가기,real-estate,명지,real-estate-registration,commercial,true,,true
/에코델타시티법인설립등기,local,에코델타시티 법인설립등기 안내 | 다옴법무사사무소,에코델타시티 법인설립등기 절차·필요서류·비용·관할 등기소 안내. 해운대·센텀 다옴법무사사무소에서 상담 가능합니다. 해운대·센텀 다옴법무사사무소에서 전화·카카오톡·방문(예약) 상담이 가능합니다.,에코델타시티 법인설립등기 안내,지역별 업무 상황 | 법인설립등기에서 자주 놓치는 점 | 관할·실무 포인트 | 준비 서류 | 비용·일정 참고 | 관련 허브로 이어가기,corporate,,company-establishment,commercial,true,,true
/화명동부동산등기,local,화명동 부동산등기 안내 | 다옴법무사사무소,화명동 부동산등기 절차·필요서류·비용·관할 등기소 안내. 해운대·센텀 다옴법무사사무소에서 상담 가능합니다. 해운대·센텀 다옴법무사사무소에서 전화·카카오톡·방문(예약) 상담이 가능합니다.,화명동 부동산등기 안내,지역별 업무 상황 | 부동산등기에서 자주 놓치는 점 | 관할·실무 포인트 | 준비 서류 | 비용·일정 참고 | 관련 허브로 이어가기,real-estate,,real-estate-registration,commercial,true,,true
/장전동부동산등기,local,장전동 부동산등기 안내 | 다옴법무사사무소,장전동 부동산등기 절차·필요서류·비용·관할 등기소 안내. 해운대·센텀 다옴법무사사무소에서 상담 가능합니다. 해운대·센텀 다옴법무사사무소에서 전화·카카오톡·방문(예약) 상담이 가능합니다.,장전동 부동산등기 안내,지역별 업무 상황 | 부동산등기에서 자주 놓치는 점 | 관할·실무 포인트 | 준비 서류 | 비용·일정 참고 | 관련 허브로 이어가기,real-estate,,real-estate-registration,commercial,true,,true
/명지법인설립등기,local,명지 법인설립등기 안내 | 다옴법무사사무소,명지 법인설립등기 절차·필요서류·비용·관할 등기소 안내. 해운대·센텀 다옴법무사사무소에서 상담 가능합니다. 해운대·센텀 다옴법무사사무소에서 전화·카카오톡·방문(예약) 상담이 가능합니다.,명지 법인설립등기 안내,지역별 업무 상황 | 법인설립등기에서 자주 놓치는 점 | 관할·실무 포인트 | 준비 서류 | 비용·일정 참고 | 관련 허브로 이어가기,corporate,명지,company-establishment,commercial,true,,true
/문현금융단지임원변경등기,local,문현금융단지 임원변경등기 안내 | 다옴법무사사무소,문현금융단지 임원변경등기 절차·필요서류·비용·관할 등기소 안내. 해운대·센텀 다옴법무사사무소에서 상담 가능합니다. 해운대·센텀 다옴법무사사무소에서 전화·카카오톡·방문(예약) 상담이 가능합니다.,문현금융단지 임원변경등기 안내,지역별 업무 상황 | 임원변경등기에서 자주 놓치는 점 | 관할·실무 포인트 | 준비 서류 | 비용·일정 참고 | 관련 허브로 이어가기,corporate,,director-change,commercial,true,,true
/법인설립등기과태료,cost,법인설립등기 과태료 안내 | 다옴법무사사무소,법인설립등기 과태료 정리. 사건별 준비 서류·기한·수임료 범위를 투명하게 설명드립니다. 해운대·센텀 다옴법무사사무소에서 전화·카카오톡·방문(예약) 상담이 가능합니다.,법인설립등기 과태료 안내,비용이 달라지는 이유 | 법인설립등기에서 자주 놓치는 점 | 법인설립등기 과태료 초점에서 볼 것 | 보수표·실비 | 준비 서류 | 사건 난이도별 견적 | 검색 의도별 다음 안내,corporate,,company-establishment,commercial,true,,true
/임원변경등기기간,local,임원변경등기 기간 안내 | 다옴법무사사무소,임원변경등기 기간 정리. 사건별 준비 서류·기한·수임료 범위를 투명하게 설명드립니다. 해운대·센텀 다옴법무사사무소에서 전화·카카오톡·방문(예약) 상담이 가능합니다.,임원변경등기 기간 안내,법정 기한 | 임원변경등기에서 자주 놓치는 점 | 임원변경등기 기간 초점에서 볼 것 | 지연 시 불이익 | 준비 서류 | 과태료·가산세 | 검색 의도별 다음 안내,corporate,,director-change,commercial,true,,true
/본점이전등기준비서류,local,본점이전등기 준비서류 안내 | 다옴법무사사무소,본점이전등기 준비서류 정리. 사건별 준비 서류·기한·수임료 범위를 투명하게 설명드립니다. 해운대·센텀 다옴법무사사무소에서 전화·카카오톡·방문(예약) 상담이 가능합니다.,본점이전등기 준비서류 안내,필수 서류 | 본점이전등기에서 자주 놓치는 점 | 본점이전등기 준비서류 초점에서 볼 것 | 추가로 필요한 경우 | 준비 서류 | 준비 체크리스트 | 검색 의도별 다음 안내,corporate,,corporate-registration,documents,true,,true
/증여등기보수표,cost,증여등기 보수표 안내 | 다옴법무사사무소,증여등기 보수표 정리. 사건별 준비 서류·기한·수임료 범위를 투명하게 설명드립니다. 해운대·센텀 다옴법무사사무소에서 전화·카카오톡·방문(예약) 상담이 가능합니다.,증여등기 보수표 안내,비용이 달라지는 이유 | 증여등기에서 자주 놓치는 점 | 증여등기 보수표 초점에서 볼 것 | 보수표·실비 | 준비 서류 | 사건 난이도별 견적 | 검색 의도별 다음 안내,real-estate,,ownership-transfer,cost,true,,true
/증여등기기한,local,증여등기 기한 안내 | 다옴법무사사무소,증여등기 기한 정리. 사건별 준비 서류·기한·수임료 범위를 투명하게 설명드립니다. 해운대·센텀 다옴법무사사무소에서 전화·카카오톡·방문(예약) 상담이 가능합니다.,증여등기 기한 안내,법정 기한 | 증여등기에서 자주 놓치는 점 | 증여등기 기한 초점에서 볼 것 | 지연 시 불이익 | 준비 서류 | 과태료·가산세 | 검색 의도별 다음 안내,real-estate,,ownership-transfer,commercial,true,,true
/근저당말소필요서류,local,근저당말소 필요서류 안내 | 다옴법무사사무소,근저당말소 필요서류 정리. 사건별 준비 서류·기한·수임료 범위를 투명하게 설명드립니다. 해운대·센텀 다옴법무사사무소에서 전화·카카오톡·방문(예약) 상담이 가능합니다.,근저당말소 필요서류 안내,필수 서류 | 근저당말소에서 자주 놓치는 점 | 근저당말소 필요서류 초점에서 볼 것 | 추가로 필요한 경우 | 준비 서류 | 준비 체크리스트 | 검색 의도별 다음 안내,real-estate,,real-estate-registration,documents,true,,true
/전세권설정비용,cost,전세권설정 비용 안내 | 다옴법무사사무소,전세권설정 비용 정리. 사건별 준비 서류·기한·수임료 범위를 투명하게 설명드립니다. 해운대·센텀 다옴법무사사무소에서 전화·카카오톡·방문(예약) 상담이 가능합니다.,전세권설정 비용 안내,비용이 달라지는 이유 | 전세권설정에서 자주 놓치는 점 | 전세권설정 비용 초점에서 볼 것 | 보수표·실비 | 준비 서류 | 사건 난이도별 견적 | 검색 의도별 다음 안내,real-estate,,real-estate-registration,cost,true,,true
/개인파산과태료,cost,개인파산 과태료 안내 | 다옴법무사사무소,개인파산 과태료 정리. 사건별 준비 서류·기한·수임료 범위를 투명하게 설명드립니다. 해운대·센텀 다옴법무사사무소에서 전화·카카오톡·방문(예약) 상담이 가능합니다.,개인파산 과태료 안내,비용이 달라지는 이유 | 개인파산에서 자주 놓치는 점 | 개인파산 과태료 초점에서 볼 것 | 보수표·실비 | 준비 서류 | 사건 난이도별 견적 | 검색 의도별 다음 안내,insolvency,,bankruptcy,commercial,true,,true
/선박등기필요서류,local,선박등기 필요서류 안내 | 다옴법무사사무소,선박등기 필요서류 정리. 사건별 준비 서류·기한·수임료 범위를 투명하게 설명드립니다. 해운대·센텀 다옴법무사사무소에서 전화·카카오톡·방문(예약) 상담이 가능합니다.,선박등기 필요서류 안내,필수 서류 | 선박등기에서 자주 놓치는 점 | 선박등기 필요서류 초점에서 볼 것 | 추가로 필요한 경우 | 준비 서류 | 준비 체크리스트 | 검색 의도별 다음 안내,real-estate,,corporate-registration,documents,true,,true
/재개발등기비용,cost,재개발등기 비용 안내 | 다옴법무사사무소,재개발등기 비용 정리. 사건별 준비 서류·기한·수임료 범위를 투명하게 설명드립니다. 해운대·센텀 다옴법무사사무소에서 전화·카카오톡·방문(예약) 상담이 가능합니다.,재개발등기 비용 안내,비용이 달라지는 이유 | 재개발등기에서 자주 놓치는 점 | 재개발등기 비용 초점에서 볼 것 | 보수표·실비 | 준비 서류 | 사건 난이도별 견적 | 검색 의도별 다음 안내,real-estate,,inheritance-registration,cost,true,,true
/재건축등기비용,cost,재건축등기 비용 안내 | 다옴법무사사무소,재건축등기 비용 정리. 사건별 준비 서류·기한·수임료 범위를 투명하게 설명드립니다. 해운대·센텀 다옴법무사사무소에서 전화·카카오톡·방문(예약) 상담이 가능합니다.,재건축등기 비용 안내,비용이 달라지는 이유 | 재건축등기에서 자주 놓치는 점 | 재건축등기 비용 초점에서 볼 것 | 보수표·실비 | 준비 서류 | 사건 난이도별 견적 | 검색 의도별 다음 안내,real-estate,,ownership-transfer,cost,true,,true
/센텀시티역법무사,local,센텀시티역 법무사 상담 | 다옴법무사사무소,센텀시티역 상속등기·부동산등기·법인등기·개인회생 상담. 관할·서류·비용을 항목별로 안내합니다. 해운대·센텀 다옴법무사사무소에서 전화·카카오톡·방문(예약) 상담이 가능합니다.,센텀시티역 법무사 상담,센텀시티역과 센텀 허브의 관계 | 해운대 중동·우동과의 구분 | 상담 시 확인하는 내용 | 상담 시 확인하는 내용,real-estate,센텀,corporate-registration,consult,true,,true
/수영구전세권설정,local,수영구 전세권설정 안내 | 다옴법무사사무소,수영구 전세권설정 절차·필요서류·비용·관할 등기소 안내. 해운대·센텀 다옴법무사사무소에서 상담 가능합니다. 해운대·센텀 다옴법무사사무소에서 전화·카카오톡·방문(예약) 상담이 가능합니다.,수영구 전세권설정 안내,지역별 업무 상황 | 전세권설정에서 자주 놓치는 점 | 관할·실무 포인트 | 준비 서류 | 비용·일정 참고 | 관련 허브로 이어가기,real-estate,수영,real-estate-registration,commercial,true,,true
/재송동소유권이전등기,local,재송동 소유권이전등기 안내 | 다옴법무사사무소,재송동 소유권이전등기 절차·필요서류·비용·관할 등기소 안내. 해운대·센텀 다옴법무사사무소에서 상담 가능합니다. 해운대·센텀 다옴법무사사무소에서 전화·카카오톡·방문(예약) 상담이 가능합니다.,재송동 소유권이전등기 안내,지역별 업무 상황 | 소유권이전등기에서 자주 놓치는 점 | 관할·실무 포인트 | 준비 서류 | 비용·일정 참고 | 관련 허브로 이어가기,real-estate,재송,ownership-transfer,commercial,true,,true
/우동소유권이전등기,local,우동 소유권이전등기 안내 | 다옴법무사사무소,우동 소유권이전등기 절차·필요서류·비용·관할 등기소 안내. 해운대·센텀 다옴법무사사무소에서 상담 가능합니다. 해운대·센텀 다옴법무사사무소에서 전화·카카오톡·방문(예약) 상담이 가능합니다.,우동 소유권이전등기 안내,지역별 업무 상황 | 소유권이전등기에서 자주 놓치는 점 | 관할·실무 포인트 | 준비 서류 | 비용·일정 참고 | 관련 허브로 이어가기,real-estate,,ownership-transfer,commercial,true,,true
/좌동소유권이전등기,local,좌동 소유권이전등기 안내 | 다옴법무사사무소,좌동 소유권이전등기 절차·필요서류·비용·관할 등기소 안내. 해운대·센텀 다옴법무사사무소에서 상담 가능합니다. 해운대·센텀 다옴법무사사무소에서 전화·카카오톡·방문(예약) 상담이 가능합니다.,좌동 소유권이전등기 안내,지역별 업무 상황 | 소유권이전등기에서 자주 놓치는 점 | 관할·실무 포인트 | 준비 서류 | 비용·일정 참고 | 관련 허브로 이어가기,real-estate,,ownership-transfer,commercial,true,,true
/부전동소유권이전등기,local,부전동 소유권이전등기 안내 | 다옴법무사사무소,부전동 소유권이전등기 절차·필요서류·비용·관할 등기소 안내. 해운대·센텀 다옴법무사사무소에서 상담 가능합니다. 해운대·센텀 다옴법무사사무소에서 전화·카카오톡·방문(예약) 상담이 가능합니다.,부전동 소유권이전등기 안내,지역별 업무 상황 | 소유권이전등기에서 자주 놓치는 점 | 관할·실무 포인트 | 준비 서류 | 비용·일정 참고 | 관련 허브로 이어가기,real-estate,,ownership-transfer,commercial,true,,true
/문현동본점이전등기,local,문현동 본점이전등기 안내 | 다옴법무사사무소,문현동 본점이전등기 절차·필요서류·비용·관할 등기소 안내. 해운대·센텀 다옴법무사사무소에서 상담 가능합니다. 해운대·센텀 다옴법무사사무소에서 전화·카카오톡·방문(예약) 상담이 가능합니다.,문현동 본점이전등기 안내,지역별 업무 상황 | 본점이전등기에서 자주 놓치는 점 | 관할·실무 포인트 | 준비 서류 | 비용·일정 참고 | 관련 허브로 이어가기,corporate,,corporate-registration,commercial,true,,true
/명례산업단지임원변경등기,local,명례산업단지 임원변경등기 안내 | 다옴법무사사무소,명례산업단지 임원변경등기 절차·필요서류·비용·관할 등기소 안내. 해운대·센텀 다옴법무사사무소에서 상담 가능합니다. 해운대·센텀 다옴법무사사무소에서 전화·카카오톡·방문(예약) 상담이 가능합니다.,명례산업단지 임원변경등기 안내,법인설립·등기 | 임원변경등기에서 자주 놓치는 점 | 본점이전·임원변경 | 준비 서류 | 정관변경·기업등기 | 관련 허브로 이어가기,corporate,,director-change,commercial,true,,true
/녹산국가산단법인설립등기,local,녹산국가산단 법인설립등기 안내 | 다옴법무사사무소,녹산국가산단 법인설립등기 절차·필요서류·비용·관할 등기소 안내. 해운대·센텀 다옴법무사사무소에서 상담 가능합니다. 해운대·센텀 다옴법무사사무소에서 전화·카카오톡·방문(예약) 상담이 가능합니다.,녹산국가산단 법인설립등기 안내,지역별 업무 상황 | 법인설립등기에서 자주 놓치는 점 | 관할·실무 포인트 | 준비 서류 | 비용·일정 참고 | 관련 허브로 이어가기,corporate,,company-establishment,commercial,true,,true
/본점이전등기기간,local,본점이전등기 기간 안내 | 다옴법무사사무소,본점이전등기 기간 정리. 사건별 준비 서류·기한·수임료 범위를 투명하게 설명드립니다. 해운대·센텀 다옴법무사사무소에서 전화·카카오톡·방문(예약) 상담이 가능합니다.,본점이전등기 기간 안내,법정 기한 | 본점이전등기에서 자주 놓치는 점 | 본점이전등기 기간 초점에서 볼 것 | 지연 시 불이익 | 준비 서류 | 과태료·가산세 | 검색 의도별 다음 안내,corporate,,corporate-registration,commercial,true,,true
/증여등기준비서류,local,증여등기 준비서류 안내 | 다옴법무사사무소,증여등기 준비서류 정리. 사건별 준비 서류·기한·수임료 범위를 투명하게 설명드립니다. 해운대·센텀 다옴법무사사무소에서 전화·카카오톡·방문(예약) 상담이 가능합니다.,증여등기 준비서류 안내,필수 서류 | 증여등기에서 자주 놓치는 점 | 증여등기 준비서류 초점에서 볼 것 | 추가로 필요한 경우 | 준비 서류 | 준비 체크리스트 | 검색 의도별 다음 안내,real-estate,,ownership-transfer,documents,true,,true
/근저당말소보수표,cost,근저당말소 보수표 안내 | 다옴법무사사무소,근저당말소 보수표 정리. 사건별 준비 서류·기한·수임료 범위를 투명하게 설명드립니다. 해운대·센텀 다옴법무사사무소에서 전화·카카오톡·방문(예약) 상담이 가능합니다.,근저당말소 보수표 안내,비용이 달라지는 이유 | 근저당말소에서 자주 놓치는 점 | 근저당말소 보수표 초점에서 볼 것 | 보수표·실비 | 준비 서류 | 사건 난이도별 견적 | 검색 의도별 다음 안내,real-estate,,real-estate-registration,cost,true,,true
/근저당말소기한,local,근저당말소 기한 안내 | 다옴법무사사무소,근저당말소 기한 정리. 사건별 준비 서류·기한·수임료 범위를 투명하게 설명드립니다. 해운대·센텀 다옴법무사사무소에서 전화·카카오톡·방문(예약) 상담이 가능합니다.,근저당말소 기한 안내,법정 기한 | 근저당말소에서 자주 놓치는 점 | 근저당말소 기한 초점에서 볼 것 | 지연 시 불이익 | 준비 서류 | 과태료·가산세 | 검색 의도별 다음 안내,real-estate,,real-estate-registration,commercial,true,,true
/전세권설정필요서류,local,전세권설정 필요서류 안내 | 다옴법무사사무소,전세권설정 필요서류 정리. 사건별 준비 서류·기한·수임료 범위를 투명하게 설명드립니다. 해운대·센텀 다옴법무사사무소에서 전화·카카오톡·방문(예약) 상담이 가능합니다.,전세권설정 필요서류 안내,필수 서류 | 전세권설정에서 자주 놓치는 점 | 전세권설정 필요서류 초점에서 볼 것 | 추가로 필요한 경우 | 준비 서류 | 준비 체크리스트 | 검색 의도별 다음 안내,real-estate,,real-estate-registration,documents,true,,true
/임차권등기명령비용,cost,임차권등기명령 비용 안내 | 다옴법무사사무소,임차권등기명령 비용 정리. 사건별 준비 서류·기한·수임료 범위를 투명하게 설명드립니다. 해운대·센텀 다옴법무사사무소에서 전화·카카오톡·방문(예약) 상담이 가능합니다.,임차권등기명령 비용 안내,비용이 달라지는 이유 | 임차권등기명령에서 자주 놓치는 점 | 임차권등기명령 비용 초점에서 볼 것 | 보수표·실비 | 준비 서류 | 사건 난이도별 견적 | 검색 의도별 다음 안내,real-estate,,real-estate-registration,cost,true,,true
/선박등기보수표,cost,선박등기 보수표 안내 | 다옴법무사사무소,선박등기 보수표 정리. 사건별 준비 서류·기한·수임료 범위를 투명하게 설명드립니다. 해운대·센텀 다옴법무사사무소에서 전화·카카오톡·방문(예약) 상담이 가능합니다.,선박등기 보수표 안내,비용이 달라지는 이유 | 선박등기에서 자주 놓치는 점 | 선박등기 보수표 초점에서 볼 것 | 보수표·실비 | 준비 서류 | 사건 난이도별 견적 | 검색 의도별 다음 안내,real-estate,,corporate-registration,cost,true,,true
/선박등기기한,local,선박등기 기한 안내 | 다옴법무사사무소,선박등기 기한 정리. 사건별 준비 서류·기한·수임료 범위를 투명하게 설명드립니다. 해운대·센텀 다옴법무사사무소에서 전화·카카오톡·방문(예약) 상담이 가능합니다.,선박등기 기한 안내,법정 기한 | 선박등기에서 자주 놓치는 점 | 선박등기 기한 초점에서 볼 것 | 지연 시 불이익 | 준비 서류 | 과태료·가산세 | 검색 의도별 다음 안내,real-estate,,corporate-registration,commercial,true,,true
/재개발등기필요서류,local,재개발등기 필요서류 안내 | 다옴법무사사무소,재개발등기 필요서류 정리. 사건별 준비 서류·기한·수임료 범위를 투명하게 설명드립니다. 해운대·센텀 다옴법무사사무소에서 전화·카카오톡·방문(예약) 상담이 가능합니다.,재개발등기 필요서류 안내,필수 서류 | 재개발등기에서 자주 놓치는 점 | 재개발등기 필요서류 초점에서 볼 것 | 추가로 필요한 경우 | 준비 서류 | 준비 체크리스트 | 검색 의도별 다음 안내,real-estate,,inheritance-registration,documents,true,,true
/재건축등기필요서류,local,재건축등기 필요서류 안내 | 다옴법무사사무소,재건축등기 필요서류 정리. 사건별 준비 서류·기한·수임료 범위를 투명하게 설명드립니다. 해운대·센텀 다옴법무사사무소에서 전화·카카오톡·방문(예약) 상담이 가능합니다.,재건축등기 필요서류 안내,필수 서류 | 재건축등기에서 자주 놓치는 점 | 재건축등기 필요서류 초점에서 볼 것 | 추가로 필요한 경우 | 준비 서류 | 준비 체크리스트 | 검색 의도별 다음 안내,real-estate,,ownership-transfer,documents,true,,true
/중부산등기소임원변경등기,court,중부산등기소 임원변경등기 절차 | 다옴법무사사무소,중부산등기소 임원변경등기 안내. 관할·제출 서류·접수 절차를 사건별로 설명합니다. 해운대·센텀 다옴법무사사무소에서 전화·카카오톡·방문(예약) 상담이 가능합니다.,중부산등기소 임원변경등기,관할 확인 | 임원변경등기에서 자주 놓치는 점 | 접수 전 확인사항 | 준비 서류 | 서류 보정 대응 | 중부산등기소 관련 실무 포인트,corporate,부산,director-change,commercial,true,,true
/부산선박등기,realEstate,부산 선박등기 | 다옴법무사사무소,"부산 선박등기 관련 절차·비용·서류 안내. 부산 전역 사건 상담, 전화·카카오톡 문의 가능합니다. 해운대·센텀 다옴법무사사무소에서 전화·카카오톡·방문(예약) 상담이 가능합니다.",부산 선박등기,선박등기 | 선박등기에서 자주 놓치는 점 | 해운·물류 법인 | 준비 서류 | 항만기업 등기,real-estate,부산,corporate-registration,commercial,true,,true
/녹산산업단지법인등기,businessDistrict,녹산산업단지 법인등기 | 다옴법무사사무소,"녹산산업단지 법인등기 관련 절차·비용·서류 안내. 부산 전역 사건 상담, 전화·카카오톡 문의 가능합니다. 해운대·센텀 다옴법무사사무소에서 전화·카카오톡·방문(예약) 상담이 가능합니다.",녹산산업단지 법인등기,법인설립·등기 | 법인등기에서 자주 놓치는 점 | 본점이전·임원변경 | 준비 서류 | 정관변경·기업등기,corporate,,corporate-registration,commercial,true,,true
/동부지원상속등기,court,동부지원 상속등기 | 다옴법무사사무소,"동부지원 상속등기 관련 절차·비용·서류 안내. 부산 전역 사건 상담, 전화·카카오톡 문의 가능합니다. 해운대·센텀 다옴법무사사무소에서 전화·카카오톡·방문(예약) 상담이 가능합니다.",동부지원 상속등기,관할 확인 | 상속등기에서 자주 놓치는 점 | 접수 전 확인사항 | 준비 서류 | 서류 보정 대응,inheritance,,inheritance-registration,commercial,true,,true
/영도구선박등기,local,영도구 선박등기 안내 | 다옴법무사사무소,영도구 선박등기 절차·필요서류·비용·관할 등기소 안내. 해운대·센텀 다옴법무사사무소에서 상담 가능합니다. 해운대·센텀 다옴법무사사무소에서 전화·카카오톡·방문(예약) 상담이 가능합니다.,영도구 선박등기 안내,선박등기 | 선박등기에서 자주 놓치는 점 | 해운·물류 법인 | 준비 서류 | 항만기업 등기 | 관련 허브로 이어가기,real-estate,영도,corporate-registration,commercial,true,,true
/동래구재건축등기,local,동래구 재건축등기 안내 | 다옴법무사사무소,동래구 재건축등기 절차·필요서류·비용·관할 등기소 안내. 해운대·센텀 다옴법무사사무소에서 상담 가능합니다. 해운대·센텀 다옴법무사사무소에서 전화·카카오톡·방문(예약) 상담이 가능합니다.,동래구 재건축등기 안내,지역별 업무 상황 | 재건축등기에서 자주 놓치는 점 | 관할·실무 포인트 | 준비 서류 | 비용·일정 참고 | 관련 허브로 이어가기,real-estate,동래,ownership-transfer,commercial,true,,true
/강서구선박등기,local,강서구 선박등기 안내 | 다옴법무사사무소,강서구 선박등기 절차·필요서류·비용·관할 등기소 안내. 해운대·센텀 다옴법무사사무소에서 상담 가능합니다. 해운대·센텀 다옴법무사사무소에서 전화·카카오톡·방문(예약) 상담이 가능합니다.,강서구 선박등기 안내,선박등기 | 선박등기에서 자주 놓치는 점 | 해운·물류 법인 | 준비 서류 | 항만기업 등기 | 관련 허브로 이어가기,real-estate,강서,corporate-registration,commercial,true,,true
/부곡동한정승인,local,부곡동 한정승인 안내 | 다옴법무사사무소,부곡동 한정승인 절차·필요서류·비용·관할 등기소 안내. 해운대·센텀 다옴법무사사무소에서 상담 가능합니다. 해운대·센텀 다옴법무사사무소에서 전화·카카오톡·방문(예약) 상담이 가능합니다.,부곡동 한정승인 안내,지역별 업무 상황 | 한정승인에서 자주 놓치는 점 | 관할·실무 포인트 | 준비 서류 | 비용·일정 참고 | 관련 허브로 이어가기,inheritance,,qualified-acceptance,commercial,true,,true
/명지역법인설립등기,local,명지역 법인설립등기 안내 | 다옴법무사사무소,명지역 법인설립등기 절차·필요서류·비용·관할 등기소 안내. 해운대·센텀 다옴법무사사무소에서 상담 가능합니다. 해운대·센텀 다옴법무사사무소에서 전화·카카오톡·방문(예약) 상담이 가능합니다.,명지역 법인설립등기 안내,지역별 업무 상황 | 법인설립등기에서 자주 놓치는 점 | 관할·실무 포인트 | 준비 서류 | 비용·일정 참고 | 관련 허브로 이어가기,corporate,명지,company-establishment,commercial,true,,true
/본점이전등기과태료,cost,본점이전등기 과태료 안내 | 다옴법무사사무소,본점이전등기 과태료 정리. 사건별 준비 서류·기한·수임료 범위를 투명하게 설명드립니다. 해운대·센텀 다옴법무사사무소에서 전화·카카오톡·방문(예약) 상담이 가능합니다.,본점이전등기 과태료 안내,비용이 달라지는 이유 | 본점이전등기에서 자주 놓치는 점 | 본점이전등기 과태료 초점에서 볼 것 | 보수표·실비 | 준비 서류 | 사건 난이도별 견적 | 검색 의도별 다음 안내,corporate,,corporate-registration,commercial,true,,true
/증여등기기간,local,증여등기 기간 안내 | 다옴법무사사무소,증여등기 기간 정리. 사건별 준비 서류·기한·수임료 범위를 투명하게 설명드립니다. 해운대·센텀 다옴법무사사무소에서 전화·카카오톡·방문(예약) 상담이 가능합니다.,증여등기 기간 안내,법정 기한 | 증여등기에서 자주 놓치는 점 | 증여등기 기간 초점에서 볼 것 | 지연 시 불이익 | 준비 서류 | 과태료·가산세 | 검색 의도별 다음 안내,real-estate,,ownership-transfer,commercial,true,,true
/근저당말소준비서류,local,근저당말소 준비서류 안내 | 다옴법무사사무소,근저당말소 준비서류 정리. 사건별 준비 서류·기한·수임료 범위를 투명하게 설명드립니다. 해운대·센텀 다옴법무사사무소에서 전화·카카오톡·방문(예약) 상담이 가능합니다.,근저당말소 준비서류 안내,필수 서류 | 근저당말소에서 자주 놓치는 점 | 근저당말소 준비서류 초점에서 볼 것 | 추가로 필요한 경우 | 준비 서류 | 준비 체크리스트 | 검색 의도별 다음 안내,real-estate,,real-estate-registration,documents,true,,true
/전세권설정보수표,cost,전세권설정 보수표 안내 | 다옴법무사사무소,전세권설정 보수표 정리. 사건별 준비 서류·기한·수임료 범위를 투명하게 설명드립니다. 해운대·센텀 다옴법무사사무소에서 전화·카카오톡·방문(예약) 상담이 가능합니다.,전세권설정 보수표 안내,비용이 달라지는 이유 | 전세권설정에서 자주 놓치는 점 | 전세권설정 보수표 초점에서 볼 것 | 보수표·실비 | 준비 서류 | 사건 난이도별 견적 | 검색 의도별 다음 안내,real-estate,,real-estate-registration,cost,true,,true
/전세권설정기한,local,전세권설정 기한 안내 | 다옴법무사사무소,전세권설정 기한 정리. 사건별 준비 서류·기한·수임료 범위를 투명하게 설명드립니다. 해운대·센텀 다옴법무사사무소에서 전화·카카오톡·방문(예약) 상담이 가능합니다.,전세권설정 기한 안내,법정 기한 | 전세권설정에서 자주 놓치는 점 | 전세권설정 기한 초점에서 볼 것 | 지연 시 불이익 | 준비 서류 | 과태료·가산세 | 검색 의도별 다음 안내,real-estate,,real-estate-registration,commercial,true,,true
/임차권등기명령필요서류,local,임차권등기명령 필요서류 안내 | 다옴법무사사무소,임차권등기명령 필요서류 정리. 사건별 준비 서류·기한·수임료 범위를 투명하게 설명드립니다. 해운대·센텀 다옴법무사사무소에서 전화·카카오톡·방문(예약) 상담이 가능합니다.,임차권등기명령 필요서류 안내,필수 서류 | 임차권등기명령에서 자주 놓치는 점 | 임차권등기명령 필요서류 초점에서 볼 것 | 추가로 필요한 경우 | 준비 서류 | 준비 체크리스트 | 검색 의도별 다음 안내,real-estate,,real-estate-registration,documents,true,,true
/선박등기준비서류,local,선박등기 준비서류 안내 | 다옴법무사사무소,선박등기 준비서류 정리. 사건별 준비 서류·기한·수임료 범위를 투명하게 설명드립니다. 해운대·센텀 다옴법무사사무소에서 전화·카카오톡·방문(예약) 상담이 가능합니다.,선박등기 준비서류 안내,필수 서류 | 선박등기에서 자주 놓치는 점 | 선박등기 준비서류 초점에서 볼 것 | 추가로 필요한 경우 | 준비 서류 | 준비 체크리스트 | 검색 의도별 다음 안내,real-estate,,corporate-registration,documents,true,,true
/재개발등기보수표,cost,재개발등기 보수표 안내 | 다옴법무사사무소,재개발등기 보수표 정리. 사건별 준비 서류·기한·수임료 범위를 투명하게 설명드립니다. 해운대·센텀 다옴법무사사무소에서 전화·카카오톡·방문(예약) 상담이 가능합니다.,재개발등기 보수표 안내,비용이 달라지는 이유 | 재개발등기에서 자주 놓치는 점 | 재개발등기 보수표 초점에서 볼 것 | 보수표·실비 | 준비 서류 | 사건 난이도별 견적 | 검색 의도별 다음 안내,real-estate,,inheritance-registration,cost,true,,true
/재개발등기기한,local,재개발등기 기한 안내 | 다옴법무사사무소,재개발등기 기한 정리. 사건별 준비 서류·기한·수임료 범위를 투명하게 설명드립니다. 해운대·센텀 다옴법무사사무소에서 전화·카카오톡·방문(예약) 상담이 가능합니다.,재개발등기 기한 안내,법정 기한 | 재개발등기에서 자주 놓치는 점 | 재개발등기 기한 초점에서 볼 것 | 지연 시 불이익 | 준비 서류 | 과태료·가산세 | 검색 의도별 다음 안내,real-estate,,inheritance-registration,commercial,true,,true
/재건축등기보수표,cost,재건축등기 보수표 안내 | 다옴법무사사무소,재건축등기 보수표 정리. 사건별 준비 서류·기한·수임료 범위를 투명하게 설명드립니다. 해운대·센텀 다옴법무사사무소에서 전화·카카오톡·방문(예약) 상담이 가능합니다.,재건축등기 보수표 안내,비용이 달라지는 이유 | 재건축등기에서 자주 놓치는 점 | 재건축등기 보수표 초점에서 볼 것 | 보수표·실비 | 준비 서류 | 사건 난이도별 견적 | 검색 의도별 다음 안내,real-estate,,ownership-transfer,cost,true,,true
/재건축등기기한,local,재건축등기 기한 안내 | 다옴법무사사무소,재건축등기 기한 정리. 사건별 준비 서류·기한·수임료 범위를 투명하게 설명드립니다. 해운대·센텀 다옴법무사사무소에서 전화·카카오톡·방문(예약) 상담이 가능합니다.,재건축등기 기한 안내,법정 기한 | 재건축등기에서 자주 놓치는 점 | 재건축등기 기한 초점에서 볼 것 | 지연 시 불이익 | 준비 서류 | 과태료·가산세 | 검색 의도별 다음 안내,real-estate,,ownership-transfer,commercial,true,,true
/광안동법무사,local,광안동 법무사 상담 | 다옴법무사사무소,광안동 상속등기·부동산등기·법인등기·개인회생 상담. 관할·서류·비용을 항목별로 안내합니다. 해운대·센텀 다옴법무사사무소에서 전화·카카오톡·방문(예약) 상담이 가능합니다.,광안동 법무사 상담,광안동 행정동 실거주에서 먼저 확인할 업무 | 광안리 안내와의 구분 (겹치지 않게) | 잔금·전세가 섞인 광안동 매매 | 상담 시 확인하는 내용 | 상담 시 확인하는 내용,real-estate,,real-estate-registration,consult,true,,true
/사하구전세권설정,local,사하구 전세권설정 안내 | 다옴법무사사무소,사하구 전세권설정 절차·필요서류·비용·관할 등기소 안내. 해운대·센텀 다옴법무사사무소에서 상담 가능합니다. 해운대·센텀 다옴법무사사무소에서 전화·카카오톡·방문(예약) 상담이 가능합니다.,사하구 전세권설정 안내,지역별 업무 상황 | 전세권설정에서 자주 놓치는 점 | 관할·실무 포인트 | 준비 서류 | 비용·일정 참고 | 관련 허브로 이어가기,real-estate,사하,real-estate-registration,commercial,true,,true
/기장군재개발등기,local,기장군 재개발등기 안내 | 다옴법무사사무소,기장군 재개발등기 절차·필요서류·비용·관할 등기소 안내. 해운대·센텀 다옴법무사사무소에서 상담 가능합니다. 해운대·센텀 다옴법무사사무소에서 전화·카카오톡·방문(예약) 상담이 가능합니다.,기장군 재개발등기 안내,지역별 업무 상황 | 재개발등기에서 자주 놓치는 점 | 관할·실무 포인트 | 준비 서류 | 비용·일정 참고 | 관련 허브로 이어가기,real-estate,기장,inheritance-registration,commercial,true,,true
/명지동법인설립등기,local,명지동 법인설립등기 안내 | 다옴법무사사무소,명지동 법인설립등기 절차·필요서류·비용·관할 등기소 안내. 해운대·센텀 다옴법무사사무소에서 상담 가능합니다. 해운대·센텀 다옴법무사사무소에서 전화·카카오톡·방문(예약) 상담이 가능합니다.,명지동 법인설립등기 안내,지역별 업무 상황 | 법인설립등기에서 자주 놓치는 점 | 관할·실무 포인트 | 준비 서류 | 비용·일정 참고 | 관련 허브로 이어가기,corporate,명지,company-establishment,commercial,true,,true
/정관법인설립등기,local,정관 법인설립등기 안내 | 다옴법무사사무소,정관 법인설립등기 절차·필요서류·비용·관할 등기소 안내. 해운대·센텀 다옴법무사사무소에서 상담 가능합니다. 해운대·센텀 다옴법무사사무소에서 전화·카카오톡·방문(예약) 상담이 가능합니다.,정관 법인설립등기 안내,지역별 업무 상황 | 법인설립등기에서 자주 놓치는 점 | 관할·실무 포인트 | 준비 서류 | 비용·일정 참고 | 관련 허브로 이어가기,corporate,,company-establishment,commercial,true,,true
/증여등기과태료,cost,증여등기 과태료 안내 | 다옴법무사사무소,증여등기 과태료 정리. 사건별 준비 서류·기한·수임료 범위를 투명하게 설명드립니다. 해운대·센텀 다옴법무사사무소에서 전화·카카오톡·방문(예약) 상담이 가능합니다.,증여등기 과태료 안내,비용이 달라지는 이유 | 증여등기에서 자주 놓치는 점 | 증여등기 과태료 초점에서 볼 것 | 보수표·실비 | 준비 서류 | 사건 난이도별 견적 | 검색 의도별 다음 안내,real-estate,,ownership-transfer,commercial,true,,true
/근저당말소기간,local,근저당말소 기간 안내 | 다옴법무사사무소,근저당말소 기간 정리. 사건별 준비 서류·기한·수임료 범위를 투명하게 설명드립니다. 해운대·센텀 다옴법무사사무소에서 전화·카카오톡·방문(예약) 상담이 가능합니다.,근저당말소 기간 안내,법정 기한 | 근저당말소에서 자주 놓치는 점 | 근저당말소 기간 초점에서 볼 것 | 지연 시 불이익 | 준비 서류 | 과태료·가산세 | 검색 의도별 다음 안내,real-estate,,real-estate-registration,commercial,true,,true
/전세권설정준비서류,local,전세권설정 준비서류 안내 | 다옴법무사사무소,전세권설정 준비서류 정리. 사건별 준비 서류·기한·수임료 범위를 투명하게 설명드립니다. 해운대·센텀 다옴법무사사무소에서 전화·카카오톡·방문(예약) 상담이 가능합니다.,전세권설정 준비서류 안내,필수 서류 | 전세권설정에서 자주 놓치는 점 | 전세권설정 준비서류 초점에서 볼 것 | 추가로 필요한 경우 | 준비 서류 | 준비 체크리스트 | 검색 의도별 다음 안내,real-estate,,real-estate-registration,documents,true,,true
/임차권등기명령보수표,cost,임차권등기명령 보수표 안내 | 다옴법무사사무소,임차권등기명령 보수표 정리. 사건별 준비 서류·기한·수임료 범위를 투명하게 설명드립니다. 해운대·센텀 다옴법무사사무소에서 전화·카카오톡·방문(예약) 상담이 가능합니다.,임차권등기명령 보수표 안내,비용이 달라지는 이유 | 임차권등기명령에서 자주 놓치는 점 | 임차권등기명령 보수표 초점에서 볼 것 | 보수표·실비 | 준비 서류 | 사건 난이도별 견적 | 검색 의도별 다음 안내,real-estate,,real-estate-registration,cost,true,,true
/임차권등기명령기한,local,임차권등기명령 기한 안내 | 다옴법무사사무소,임차권등기명령 기한 정리. 사건별 준비 서류·기한·수임료 범위를 투명하게 설명드립니다. 해운대·센텀 다옴법무사사무소에서 전화·카카오톡·방문(예약) 상담이 가능합니다.,임차권등기명령 기한 안내,법정 기한 | 임차권등기명령에서 자주 놓치는 점 | 임차권등기명령 기한 초점에서 볼 것 | 지연 시 불이익 | 준비 서류 | 과태료·가산세 | 검색 의도별 다음 안내,real-estate,,real-estate-registration,commercial,true,,true
/선박등기기간,local,선박등기 기간 안내 | 다옴법무사사무소,선박등기 기간 정리. 사건별 준비 서류·기한·수임료 범위를 투명하게 설명드립니다. 해운대·센텀 다옴법무사사무소에서 전화·카카오톡·방문(예약) 상담이 가능합니다.,선박등기 기간 안내,법정 기한 | 선박등기에서 자주 놓치는 점 | 선박등기 기간 초점에서 볼 것 | 지연 시 불이익 | 준비 서류 | 과태료·가산세 | 검색 의도별 다음 안내,real-estate,,corporate-registration,commercial,true,,true
/재개발등기준비서류,local,재개발등기 준비서류 안내 | 다옴법무사사무소,재개발등기 준비서류 정리. 사건별 준비 서류·기한·수임료 범위를 투명하게 설명드립니다. 해운대·센텀 다옴법무사사무소에서 전화·카카오톡·방문(예약) 상담이 가능합니다.,재개발등기 준비서류 안내,필수 서류 | 재개발등기에서 자주 놓치는 점 | 재개발등기 준비서류 초점에서 볼 것 | 추가로 필요한 경우 | 준비 서류 | 준비 체크리스트 | 검색 의도별 다음 안내,real-estate,,inheritance-registration,documents,true,,true
/재건축등기준비서류,local,재건축등기 준비서류 안내 | 다옴법무사사무소,재건축등기 준비서류 정리. 사건별 준비 서류·기한·수임료 범위를 투명하게 설명드립니다. 해운대·센텀 다옴법무사사무소에서 전화·카카오톡·방문(예약) 상담이 가능합니다.,재건축등기 준비서류 안내,필수 서류 | 재건축등기에서 자주 놓치는 점 | 재건축등기 준비서류 초점에서 볼 것 | 추가로 필요한 경우 | 준비 서류 | 준비 체크리스트 | 검색 의도별 다음 안내,real-estate,,ownership-transfer,documents,true,,true
/해운회사법인등기,realEstate,해운회사 법인등기 | 다옴법무사사무소,"해운회사 법인등기 관련 절차·비용·서류 안내. 부산 전역 사건 상담, 전화·카카오톡 문의 가능합니다. 해운대·센텀 다옴법무사사무소에서 전화·카카오톡·방문(예약) 상담이 가능합니다.",해운회사 법인등기,선박등기 | 법인등기에서 자주 놓치는 점 | 해운·물류 법인 | 준비 서류 | 항만기업 등기,corporate,,corporate-registration,commercial,true,,true
/산업단지법인등기,realEstate,산업단지 법인등기 | 다옴법무사사무소,"산업단지 법인등기 관련 절차·비용·서류 안내. 부산 전역 사건 상담, 전화·카카오톡 문의 가능합니다. 해운대·센텀 다옴법무사사무소에서 전화·카카오톡·방문(예약) 상담이 가능합니다.",산업단지 법인등기,법인설립·등기 | 법인등기에서 자주 놓치는 점 | 본점이전·임원변경 | 준비 서류 | 정관변경·기업등기,corporate,,corporate-registration,commercial,true,,true
/광안동전세권설정,local,광안동 전세권설정 안내 | 다옴법무사사무소,광안동 전세권설정 절차·필요서류·비용·관할 등기소 안내. 해운대·센텀 다옴법무사사무소에서 상담 가능합니다. 해운대·센텀 다옴법무사사무소에서 전화·카카오톡·방문(예약) 상담이 가능합니다.,광안동 전세권설정 안내,지역별 업무 상황 | 전세권설정에서 자주 놓치는 점 | 관할·실무 포인트 | 준비 서류 | 비용·일정 참고 | 관련 허브로 이어가기,real-estate,,real-estate-registration,commercial,true,,true
/근저당말소과태료,cost,근저당말소 과태료 안내 | 다옴법무사사무소,근저당말소 과태료 정리. 사건별 준비 서류·기한·수임료 범위를 투명하게 설명드립니다. 해운대·센텀 다옴법무사사무소에서 전화·카카오톡·방문(예약) 상담이 가능합니다.,근저당말소 과태료 안내,비용이 달라지는 이유 | 근저당말소에서 자주 놓치는 점 | 근저당말소 과태료 초점에서 볼 것 | 보수표·실비 | 준비 서류 | 사건 난이도별 견적 | 검색 의도별 다음 안내,real-estate,,real-estate-registration,commercial,true,,true
/전세권설정기간,local,전세권설정 기간 안내 | 다옴법무사사무소,전세권설정 기간 정리. 사건별 준비 서류·기한·수임료 범위를 투명하게 설명드립니다. 해운대·센텀 다옴법무사사무소에서 전화·카카오톡·방문(예약) 상담이 가능합니다.,전세권설정 기간 안내,법정 기한 | 전세권설정에서 자주 놓치는 점 | 전세권설정 기간 초점에서 볼 것 | 지연 시 불이익 | 준비 서류 | 과태료·가산세 | 검색 의도별 다음 안내,real-estate,,real-estate-registration,commercial,true,,true
/임차권등기명령준비서류,local,임차권등기명령 준비서류 안내 | 다옴법무사사무소,임차권등기명령 준비서류 정리. 사건별 준비 서류·기한·수임료 범위를 투명하게 설명드립니다. 해운대·센텀 다옴법무사사무소에서 전화·카카오톡·방문(예약) 상담이 가능합니다.,임차권등기명령 준비서류 안내,필수 서류 | 임차권등기명령에서 자주 놓치는 점 | 임차권등기명령 준비서류 초점에서 볼 것 | 추가로 필요한 경우 | 준비 서류 | 준비 체크리스트 | 검색 의도별 다음 안내,real-estate,,real-estate-registration,documents,true,,true
/선박등기과태료,cost,선박등기 과태료 안내 | 다옴법무사사무소,선박등기 과태료 정리. 사건별 준비 서류·기한·수임료 범위를 투명하게 설명드립니다. 해운대·센텀 다옴법무사사무소에서 전화·카카오톡·방문(예약) 상담이 가능합니다.,선박등기 과태료 안내,비용이 달라지는 이유 | 선박등기에서 자주 놓치는 점 | 선박등기 과태료 초점에서 볼 것 | 보수표·실비 | 준비 서류 | 사건 난이도별 견적 | 검색 의도별 다음 안내,real-estate,,corporate-registration,commercial,true,,true
/재개발등기기간,local,재개발등기 기간 안내 | 다옴법무사사무소,재개발등기 기간 정리. 사건별 준비 서류·기한·수임료 범위를 투명하게 설명드립니다. 해운대·센텀 다옴법무사사무소에서 전화·카카오톡·방문(예약) 상담이 가능합니다.,재개발등기 기간 안내,법정 기한 | 재개발등기에서 자주 놓치는 점 | 재개발등기 기간 초점에서 볼 것 | 지연 시 불이익 | 준비 서류 | 과태료·가산세 | 검색 의도별 다음 안내,real-estate,,inheritance-registration,commercial,true,,true
/재건축등기기간,local,재건축등기 기간 안내 | 다옴법무사사무소,재건축등기 기간 정리. 사건별 준비 서류·기한·수임료 범위를 투명하게 설명드립니다. 해운대·센텀 다옴법무사사무소에서 전화·카카오톡·방문(예약) 상담이 가능합니다.,재건축등기 기간 안내,법정 기한 | 재건축등기에서 자주 놓치는 점 | 재건축등기 기간 초점에서 볼 것 | 지연 시 불이익 | 준비 서류 | 과태료·가산세 | 검색 의도별 다음 안내,real-estate,,ownership-transfer,commercial,true,,true
/전세권설정과태료,cost,전세권설정 과태료 안내 | 다옴법무사사무소,전세권설정 과태료 정리. 사건별 준비 서류·기한·수임료 범위를 투명하게 설명드립니다. 해운대·센텀 다옴법무사사무소에서 전화·카카오톡·방문(예약) 상담이 가능합니다.,전세권설정 과태료 안내,비용이 달라지는 이유 | 전세권설정에서 자주 놓치는 점 | 전세권설정 과태료 초점에서 볼 것 | 보수표·실비 | 준비 서류 | 사건 난이도별 견적 | 검색 의도별 다음 안내,real-estate,,real-estate-registration,commercial,true,,true
/임차권등기명령기간,local,임차권등기명령 기간 안내 | 다옴법무사사무소,임차권등기명령 기간 정리. 사건별 준비 서류·기한·수임료 범위를 투명하게 설명드립니다. 해운대·센텀 다옴법무사사무소에서 전화·카카오톡·방문(예약) 상담이 가능합니다.,임차권등기명령 기간 안내,법정 기한 | 임차권등기명령에서 자주 놓치는 점 | 임차권등기명령 기간 초점에서 볼 것 | 지연 시 불이익 | 준비 서류 | 과태료·가산세 | 검색 의도별 다음 안내,real-estate,,real-estate-registration,commercial,true,,true
/재개발등기과태료,cost,재개발등기 과태료 안내 | 다옴법무사사무소,재개발등기 과태료 정리. 사건별 준비 서류·기한·수임료 범위를 투명하게 설명드립니다. 해운대·센텀 다옴법무사사무소에서 전화·카카오톡·방문(예약) 상담이 가능합니다.,재개발등기 과태료 안내,비용이 달라지는 이유 | 재개발등기에서 자주 놓치는 점 | 재개발등기 과태료 초점에서 볼 것 | 보수표·실비 | 준비 서류 | 사건 난이도별 견적 | 검색 의도별 다음 안내,real-estate,,inheritance-registration,commercial,true,,true
/재건축등기과태료,cost,재건축등기 과태료 안내 | 다옴법무사사무소,재건축등기 과태료 정리. 사건별 준비 서류·기한·수임료 범위를 투명하게 설명드립니다. 해운대·센텀 다옴법무사사무소에서 전화·카카오톡·방문(예약) 상담이 가능합니다.,재건축등기 과태료 안내,비용이 달라지는 이유 | 재건축등기에서 자주 놓치는 점 | 재건축등기 과태료 초점에서 볼 것 | 보수표·실비 | 준비 서류 | 사건 난이도별 견적 | 검색 의도별 다음 안내,real-estate,,ownership-transfer,commercial,true,,true
/부산지방법원동부지원등기과법무사,court,부산지방법원동부지원등기과 법무사 상담 | 다옴법무사사무소,동부지원 등기과 인근 법무사 상담. 접수 전 서류·관할·일정을 정리해 드립니다. 해운대·센텀 다옴법무사사무소에서 전화·카카오톡·방문(예약) 상담이 가능합니다.,동부지원 등기과 인근 법무사,관할 확인 | 등기·송무에서 자주 놓치는 점 | 접수 전 확인사항 | 준비 서류 | 서류 보정 대응 | 동부지원 등기과 관련 실무 포인트,real-estate,부산,real-estate-registration,commercial,true,,true
/부산지방법원채권회수,court,부산지방법원 채권회수 절차 | 다옴법무사사무소,부산지방법원 채권회수 안내. 관할·제출 서류·접수 절차를 사건별로 설명합니다. 해운대·센텀 다옴법무사사무소에서 전화·카카오톡·방문(예약) 상담이 가능합니다.,부산지방법원 채권회수,관할 확인 | 채권회수에서 자주 놓치는 점 | 접수 전 확인사항 | 준비 서류 | 서류 보정 대응 | 부산지방법원 관련 실무 포인트,civil-debt,부산,,commercial,true,,true
/부산가정법원성년후견,court,부산가정법원 성년후견 절차 | 다옴법무사사무소,부산가정법원 성년후견 안내. 관할·제출 서류·접수 절차를 사건별로 설명합니다. 해운대·센텀 다옴법무사사무소에서 전화·카카오톡·방문(예약) 상담이 가능합니다.,부산가정법원 성년후견,관할 확인 | 성년후견에서 자주 놓치는 점 | 접수 전 확인사항 | 준비 서류 | 서류 보정 대응 | 부산가정법원 관련 실무 포인트,status,부산,,commercial,true,,true
/물류회사법인등기,realEstate,물류회사 법인등기 | 다옴법무사사무소,"물류회사 법인등기 관련 절차·비용·서류 안내. 부산 전역 사건 상담, 전화·카카오톡 문의 가능합니다. 해운대·센텀 다옴법무사사무소에서 전화·카카오톡·방문(예약) 상담이 가능합니다.",물류회사 법인등기,법인 변경등기 | 법인등기에서 자주 놓치는 점 | 임원·본점 | 준비 서류 | 설립 후속,corporate,,corporate-registration,commercial,true,,true
/임차권등기명령과태료,cost,임차권등기명령 과태료 안내 | 다옴법무사사무소,임차권등기명령 과태료 정리. 사건별 준비 서류·기한·수임료 범위를 투명하게 설명드립니다. 해운대·센텀 다옴법무사사무소에서 전화·카카오톡·방문(예약) 상담이 가능합니다.,임차권등기명령 과태료 안내,비용이 달라지는 이유 | 임차권등기명령에서 자주 놓치는 점 | 임차권등기명령 과태료 초점에서 볼 것 | 보수표·실비 | 준비 서류 | 사건 난이도별 견적 | 검색 의도별 다음 안내,real-estate,,real-estate-registration,commercial,true,,true
/부산지방법원지급명령,court,부산지방법원 지급명령 절차 | 다옴법무사사무소,부산지방법원 지급명령 안내. 관할·제출 서류·접수 절차를 사건별로 설명합니다. 해운대·센텀 다옴법무사사무소에서 전화·카카오톡·방문(예약) 상담이 가능합니다.,부산지방법원 지급명령,지급명령을 검토하는 경우 | 부산지방법원 관할·접수 포인트 | 준비 서류와 자주 하는 실수 | 이의 이후·회수 단계 | 상담 시 확인하는 내용 | 상담 시 확인하는 내용,civil-debt,부산,,commercial,true,,true
/부산지방법원동부지원채권회수,court,부산지방법원동부지원 채권회수 절차 | 다옴법무사사무소,부산지방법원동부지원 채권회수 안내. 관할·제출 서류·접수 절차를 사건별로 설명합니다. 해운대·센텀 다옴법무사사무소에서 전화·카카오톡·방문(예약) 상담이 가능합니다.,부산지방법원동부지원 채권회수,관할 확인 | 채권회수에서 자주 놓치는 점 | 접수 전 확인사항 | 준비 서류 | 서류 보정 대응 | 부산지방법원 동부지원 관련 실무 포인트,civil-debt,부산,,commercial,true,,true
/광안역전세권설정,local,광안역 전세권설정 안내 | 다옴법무사사무소,광안역 전세권설정 절차·필요서류·비용·관할 등기소 안내. 해운대·센텀 다옴법무사사무소에서 상담 가능합니다. 해운대·센텀 다옴법무사사무소에서 전화·카카오톡·방문(예약) 상담이 가능합니다.,광안역 전세권설정 안내,지역별 업무 상황 | 전세권설정에서 자주 놓치는 점 | 관할·실무 포인트 | 준비 서류 | 비용·일정 참고 | 관련 허브로 이어가기,real-estate,,real-estate-registration,commercial,true,,true
/부산지방법원동부지원지급명령,court,부산지방법원동부지원 지급명령 절차 | 다옴법무사사무소,부산지방법원동부지원 지급명령 안내. 관할·제출 서류·접수 절차를 사건별로 설명합니다. 해운대·센텀 다옴법무사사무소에서 전화·카카오톡·방문(예약) 상담이 가능합니다.,부산지방법원동부지원 지급명령,지급명령을 검토하는 경우 | 부산지방법원 동부지원 관할·접수 포인트 | 준비 서류와 자주 하는 실수 | 이의 이후·회수 단계 | 상담 시 확인하는 내용 | 상담 시 확인하는 내용,civil-debt,부산,,commercial,true,,true
/사직동재건축등기,local,사직동 재건축등기 안내 | 다옴법무사사무소,사직동 재건축등기 절차·필요서류·비용·관할 등기소 안내. 해운대·센텀 다옴법무사사무소에서 상담 가능합니다. 해운대·센텀 다옴법무사사무소에서 전화·카카오톡·방문(예약) 상담이 가능합니다.,사직동 재건축등기 안내,지역별 업무 상황 | 재건축등기에서 자주 놓치는 점 | 관할·실무 포인트 | 준비 서류 | 비용·일정 참고 | 관련 허브로 이어가기,real-estate,,ownership-transfer,commercial,true,,true
/해운대역법무사,local,해운대역 법무사 상담 | 다옴법무사사무소,해운대역 상속등기·부동산등기·법인등기·개인회생 상담. 관할·서류·비용을 항목별로 안내합니다. 해운대·센텀 다옴법무사사무소에서 전화·카카오톡·방문(예약) 상담이 가능합니다.,해운대역 법무사 상담,해운대역과 중동·해운대 허브 | 센텀·우동과의 구분 | 상담 시 확인하는 내용 | 상담 시 확인하는 내용,real-estate,해운대,real-estate-registration,consult,true,,true
/광안역법무사,local,광안역 법무사 상담 | 다옴법무사사무소,광안역 상속등기·부동산등기·법인등기·개인회생 상담. 관할·서류·비용을 항목별로 안내합니다. 해운대·센텀 다옴법무사사무소에서 전화·카카오톡·방문(예약) 상담이 가능합니다.,광안역 법무사 상담,광안역과 광안리·광안동 안내 | 전세만 급할 때 | 상담 시 확인하는 내용 | 상담 시 확인하는 내용,real-estate,,real-estate-registration,consult,true,,true
/연산역법무사,local,연산역 법무사 상담 | 다옴법무사사무소,연산역 상속등기·부동산등기·법인등기·개인회생 상담. 관할·서류·비용을 항목별로 안내합니다. 해운대·센텀 다옴법무사사무소에서 전화·카카오톡·방문(예약) 상담이 가능합니다.,연산역 법무사 상담,연산역에서 찾는 경우와 연산동 안내의 관계 | 역세권 매매·상속을 나눌 때 | 상담 시 확인하는 내용 | 상담 시 확인하는 내용,real-estate,,inheritance-registration,consult,true,,true
/사상역법무사,local,사상역 법무사 상담 | 다옴법무사사무소,사상역 상속등기·부동산등기·법인등기·개인회생 상담. 관할·서류·비용을 항목별로 안내합니다. 해운대·센텀 다옴법무사사무소에서 전화·카카오톡·방문(예약) 상담이 가능합니다.,사상역 법무사 상담,사상역과 사상·사상구 허브 | 회생·상속과의 연결 | 상담 시 확인하는 내용 | 상담 시 확인하는 내용,real-estate,사상,personal-rehabilitation,consult,true,,true
/명지역법무사,local,명지역 법무사 상담 | 다옴법무사사무소,명지역 상속등기·부동산등기·법인등기·개인회생 상담. 관할·서류·비용을 항목별로 안내합니다. 해운대·센텀 다옴법무사사무소에서 전화·카카오톡·방문(예약) 상담이 가능합니다.,명지역 법무사 상담,명지역과 명지·명지동 안내 | 에코델타·강서구와의 연결 | 상담 시 확인하는 내용 | 상담 시 확인하는 내용,real-estate,명지,company-establishment,consult,true,,true
/중동법무사,local,중동 법무사 상담 | 다옴법무사사무소,중동 상속등기·부동산등기·법인등기·개인회생 상담. 관할·서류·비용을 항목별로 안내합니다. 해운대·센텀 다옴법무사사무소에서 전화·카카오톡·방문(예약) 상담이 가능합니다.,중동 법무사 상담,해운대 중동과 우동·중구의 구분 | 해운대역 상가·오피스텔 등기 | 송정·우동과의 생활권 분기 | 상담 시 확인하는 내용 | 상담 시 확인하는 내용,real-estate,,real-estate-registration,consult,true,,true
/송정동법무사,local,송정동 법무사 상담 | 다옴법무사사무소,송정동 상속등기·부동산등기·법인등기·개인회생 상담. 관할·서류·비용을 항목별로 안내합니다. 해운대·센텀 다옴법무사사무소에서 전화·카카오톡·방문(예약) 상담이 가능합니다.,송정동 법무사 상담,송정 해변 생활권에서 자주 보는 등기 | 숙박·주거 용도가 섞일 때 | 중동·우동 안내와의 구분 | 상담 시 확인하는 내용 | 상담 시 확인하는 내용,real-estate,,inheritance-registration,consult,true,,true
/민락동법무사,local,민락동 법무사 상담 | 다옴법무사사무소,민락동 상속등기·부동산등기·법인등기·개인회생 상담. 관할·서류·비용을 항목별로 안내합니다. 해운대·센텀 다옴법무사사무소에서 전화·카카오톡·방문(예약) 상담이 가능합니다.,민락동 법무사 상담,이 지역의 도시철도·전철에서 찾는 경우 | 민락역·민락동에서 수영구 절차를 볼 때 | 민락 생활권에서 법무사 업무를 알아보는 경우 | 민락역·인접 생활권과의 구분 | 비용·기한을 미리 볼 때 | 상담 시 확인하는 내용 | 상담 시 확인하는 내용,real-estate,,real-estate-registration,consult,true,,true
/부전동법무사,local,부전동 법무사 상담 | 다옴법무사사무소,부전동 상속등기·부동산등기·법인등기·개인회생 상담. 관할·서류·비용을 항목별로 안내합니다. 해운대·센텀 다옴법무사사무소에서 전화·카카오톡·방문(예약) 상담이 가능합니다.,부전동 법무사 상담,부전동과 서면 안내의 관계 | 부전 상가·오피스텔 잔금일 등기 | 권리금과 소유권을 나눌 때 | 상담 시 확인하는 내용 | 상담 시 확인하는 내용,real-estate,,ownership-transfer,consult,true,,true
/양정동법무사,local,양정동 법무사 상담 | 다옴법무사사무소,양정동 상속등기·부동산등기·법인등기·개인회생 상담. 관할·서류·비용을 항목별로 안내합니다. 해운대·센텀 다옴법무사사무소에서 전화·카카오톡·방문(예약) 상담이 가능합니다.,양정동 법무사 상담,이 지역의 도시철도·전철에서 찾는 경우 | 양정역·양정동에서 등기를 준비하는 경우 | 양정 생활권에서 먼저 확인할 업무 분기 | 양정역 역세권 검색과의 관계 | 잔금·대출이 있는 매매의 경우 | 상담 시 확인하는 내용 | 상담 시 확인하는 내용,real-estate,,inheritance-registration,consult,true,,true
/명지동법무사,local,명지동 법무사 상담 | 다옴법무사사무소,명지동 상속등기·부동산등기·법인등기·개인회생 상담. 관할·서류·비용을 항목별로 안내합니다. 해운대·센텀 다옴법무사사무소에서 전화·카카오톡·방문(예약) 상담이 가능합니다.,명지동 법무사 상담,기존 명지동 주거·토지에서 자주 보는 등기 | 명지 법무사(신도시) 안내와의 구분 | 명지역·신도시 검색과의 관계 | 상담 시 확인하는 내용 | 상담 시 확인하는 내용,real-estate,명지,company-establishment,consult,true,,true
/기장법무사,local,기장 법무사 상담 | 다옴법무사사무소,기장 상속등기·부동산등기·법인등기·개인회생 상담. 관할·서류·비용을 항목별로 안내합니다. 해운대·센텀 다옴법무사사무소에서 전화·카카오톡·방문(예약) 상담이 가능합니다.,기장 법무사 상담,기장 검색을 생활권으로 나누는 방법 | 기장군 부동산·상속 실무 | 상담 시 확인하는 내용 | 상담 시 확인하는 내용,real-estate,기장,inheritance-registration,consult,true,,true
/온천동법무사,local,온천동 법무사 상담 | 다옴법무사사무소,온천동 상속등기·부동산등기·법인등기·개인회생 상담. 관할·서류·비용을 항목별로 안내합니다. 해운대·센텀 다옴법무사사무소에서 전화·카카오톡·방문(예약) 상담이 가능합니다.,온천동 법무사 상담,온천장·동래읍성 생활권에서 먼저 확인할 업무 | 동래구 허브·부동산등기와의 구분 | 온천장 상가·구축 주택을 동시에 볼 때 | 상담 시 확인하는 내용 | 상담 시 확인하는 내용,real-estate,,inheritance-registration,consult,true,,true
/장전동법무사,local,장전동 법무사 상담 | 다옴법무사사무소,장전동 상속등기·부동산등기·법인등기·개인회생 상담. 관할·서류·비용을 항목별로 안내합니다. 해운대·센텀 다옴법무사사무소에서 전화·카카오톡·방문(예약) 상담이 가능합니다.,장전동 법무사 상담,장전·부산대 생활권에서 먼저 확인할 점 | 부곡동 한정승인 안내와의 구분 | 금정구 부동산등기와의 연결 | 상담 시 확인하는 내용 | 상담 시 확인하는 내용,real-estate,,real-estate-registration,consult,true,,true
/상속,pillar,상속등기·포기·한정승인｜전국·부산 상담 | 다옴법무사사무소,"상속 법무 종합 안내. 전국 상속등기·유증등기, 부산 상속포기·한정승인·재산분할. 다옴법무사사무소 안윤정 법무사가 절차·서류·비용·기한을 실무 기준으로 안내합니다.",상속등기·상속포기·한정승인·전국 상속 상담,시간 순서: 장례 직후부터 상담까지 | 특수 가족·장기 미정리 | 어디 지역 상속인가요? | 상속 절차별 안내 | 비용·서류·기간 | 부산 지역·법원 안내,inheritance,부산,inheritance-registration,consult,true,,true
/법인등기,pillar,법인설립·임원변경·본점이전｜부산 법인등기 | 다옴법무사사무소,부산 법인설립등기·임원변경등기·본점이전·증자·해산청산. 센텀·문현·명지 법인 등기 실무. 다옴법무사사무소 안윤정 법무사. 해운대·센텀 다옴법무사사무소에서 전화·카카오톡·방문(예약) 상담이 가능합니다.,부산 법인설립·임원변경·본점이전 등기 상담,타지역 법인도 비대면으로 진행할 수 있습니다 | 설립·변경 등기 | 부산 지역·산업단지 | 비용·서류 | 상담 시 확인하는 내용,corporate,부산,corporate-registration,consult,true,,true
/부동산등기,pillar,부동산등기·소유권이전｜매매·증여 절차 | 다옴법무사사무소,부산 부동산등기·소유권이전등기·매매·증여·상속·재개발·전세권 등기. 해운대·서면·남부산등기소 관할 안내. 다옴법무사사무소. 해운대·센텀 다옴법무사사무소에서 전화·카카오톡·방문(예약) 상담이 가능합니다.,부산 부동산등기·소유권이전·매매등기 상담,등기 유형별 안내 | 재개발·신축·상가 | 부산 지역·등기소 | 상담 시 확인하는 내용,real-estate,부산,real-estate-registration,consult,true,,true
/개인회생파산,pillar,개인회생·파산·면책｜소득·채무별 선택 | 다옴법무사사무소,부산 개인회생·개인파산·채무조정·면책·변제계획안. 부산회생법원 관할 안내. 다옴법무사사무소 안윤정 법무사. 해운대·센텀 다옴법무사사무소에서 전화·카카오톡·방문(예약) 상담이 가능합니다.,부산 개인회생·개인파산·면책 상담,"회생·파산 절차 | 신청 서류·심사 | 지역·채무 상담 | 개인회생과 개인파산, 먼저 이렇게 나눠 보세요 | 지금 상황별로 먼저 볼 페이지 | 준비자료 비교 | 상담 시 확인하는 내용",insolvency,부산,personal-rehabilitation,consult,true,,true
/민사소송,pillar,지급명령·가압류·소장｜채권 회수 절차 | 다옴법무사사무소,부산 지급명령·대여금·물품대금·손해배상·가압류·가처분·민사집행. 부산지방법원 관할 안내. 다옴법무사사무소. 해운대·센텀 다옴법무사사무소에서 전화·카카오톡·방문(예약) 상담이 가능합니다.,부산 지급명령·소장·가압류·가처분 상담,채권 회수·지급명령 | 보전처분·집행 | 임대차·부동산 분쟁 | 상담 시 확인하는 내용,civil-debt,부산,inheritance-registration,consult,true,,true
/임대차전세,pillar,전세보증금·임차권등기명령｜미반환 대응 | 다옴법무사사무소,부산 전세보증금반환·임차권등기명령·전세권설정·전세사기예방. 해운대·수영·북구 임대차 분쟁. 다옴법무사사무소. 해운대·센텀 다옴법무사사무소에서 전화·카카오톡·방문(예약) 상담이 가능합니다.,부산 전세보증금반환·임차권등기명령 상담,전세보증금·임차권 | 전세사기 예방 | 관련 등기·소송 | 상담 시 확인하는 내용,real-estate,부산,real-estate-registration,consult,true,,true
/공탁채권회수,pillar,공탁·채권압류·추심｜회수 절차 안내 | 다옴법무사사무소,부산 변제공탁·집행공탁·채권압류·추심명령·미수금회수. 부산지방법원 공탁·민사집행 안내. 다옴법무사사무소. 해운대·센텀 다옴법무사사무소에서 전화·카카오톡·방문(예약) 상담이 가능합니다.,부산 변제공탁·채권압류·추심명령 상담,공탁 절차 | 채권 회수·집행 | 상담 시 확인하는 내용,civil-debt,부산,inheritance-registration,consult,true,,true
/가족후견,pillar,성년후견·가사비송｜가족·상속 특별대리 | 다옴법무사사무소,부산 성년후견·한정후견·임의후견·가사비송·상속특별대리인. 부산가정법원 관할 안내. 다옴법무사사무소. 해운대·센텀 다옴법무사사무소에서 전화·카카오톡·방문(예약) 상담이 가능합니다.,부산 성년후견·가사비송·상속특별대리인 상담,후견·특별대리인 | 상속·가족관계 | 상담 시 확인하는 내용,inheritance,부산,inheritance-renunciation,consult,true,,true
/특수등기,pillar,선박·비영리·종중·외국인｜특수등기 안내 | 다옴법무사사무소,부산 선박등기·비영리법인·종중·교회·외국인 부동산등기·재외국민 상속. 다옴법무사사무소. 해운대·센텀 다옴법무사사무소에서 전화·카카오톡·방문(예약) 상담이 가능합니다.,부산 선박·비영리법인·종중·외국인 부동산등기 상담,법인·단체 등기 | 선박·동산·외국인 | 상담 시 확인하는 내용,corporate,부산,corporate-registration,consult,true,,true
/창업법무,pillar,스타트업·소상공인｜법인설립·운영 법무 | 다옴법무사사무소,부산 창업법무·스타트업·소상공인·법인설립·정관·임원변경·폐업청산. 센텀·명지·에코델타 창업 등기. 다옴법무사사무소. 해운대·센텀 다옴법무사사무소에서 전화·카카오톡·방문(예약) 상담이 가능합니다.,부산 스타트업·소상공인·법인설립 법무 상담,창업·설립 | 운영·변경·폐업 | 산업단지·신도시 | 상담 시 확인하는 내용,corporate,부산,company-establishment,consult,true,,true
/situations,situation,상황별 법률문제｜상속·전세·법인·채무 | 다옴법무사사무소,"상속·등기·전세·법인·채무 등 생활 속 법률문제를 상황별로 정리했습니다. 먼저 확인할 것, 혼자 처리 가능 여부, 필요 서류와 절차, 관련 자가진단·FAQ·업무안내 링크를 제공합니다.","지금 겪는 문제, 어디서부터 확인해야 할까요?",분류별 안내 | 상황별 안내 목록 | 상담 시 확인하는 내용,inheritance,,inheritance,consult,true,,true
/situations/분류/가족-사망-상속,situation,가족 사망·상속｜상속등기·포기·한정승인 상황별 | 다옴법무사사무소,"사망 후 상속인 확인, 채무·재산 조사, 상속등기·포기·한정승인까지 가족이 겪는 상황을 정리합니다. 지금 겪는 상황에서 먼저 확인할 일·절차·서류·관련 업무를 정리했습니다.",가족 사망·상속 — 지금 겪는 문제부터 확인하기,가족 사망·상속 안내 목록 | 상담 시 확인하는 내용,inheritance,,inheritance,informational,true,,true
/situations/분류/전세-임대차-보증금,situation,전세·보증금｜미반환·임차권등기명령 상황별 | 다옴법무사사무소,"전세보증금 미반환, 임대인 연락두절, 경매·임차권등기명령 등 세입자 권리를 지키는 상황별 안내입니다. 지금 겪는 상황에서 먼저 확인할 일·절차·서류·관련 업무를 정리했습니다.",전세·임대차·보증금 — 지금 겪는 문제부터 확인하기,전세·임대차·보증금 안내 목록 | 상담 시 확인하는 내용,real-estate,,real-estate,informational,true,,true
/situations/분류/부동산-매매-증여-등기,situation,부동산 매매·증여·등기｜잔금·말소·명의 상황별 | 다옴법무사사무소,매매·증여·명의변경·말소등기 등 부동산 거래와 등기 과정에서 생기는 문제를 상황별로 설명합니다. 지금 겪는 상황에서 먼저 확인할 일·절차·서류·관련 업무를 정리했습니다.,부동산 매매·증여·등기 — 지금 겪는 문제부터 확인하기,부동산 매매·증여·등기 안내 목록 | 상담 시 확인하는 내용,real-estate,,real-estate,informational,true,,true
/situations/분류/개인채무-회생-파산,situation,개인채무·회생·파산｜빚·압류·신청 가능 여부 | 다옴법무사사무소,"빚 부담, 급여압류, 개인회생·파산 선택, 보증채무 등 채무 정리 전에 확인할 상황을 모았습니다. 지금 겪는 상황에서 먼저 확인할 일·절차·서류·관련 업무를 정리했습니다.",개인채무·회생·파산 — 지금 겪는 문제부터 확인하기,개인채무·회생·파산 안내 목록 | 상담 시 확인하는 내용,insolvency,,,informational,true,,true
/situations/분류/법인-사업-운영,situation,법인·사업 운영｜설립·임원·본점이전 상황별 | 다옴법무사사무소,법인 설립·임원 변경·본점 이전·증감자·해산·청산 등 회사 운영 중 등기와 절차 이슈를 정리합니다. 지금 겪는 상황에서 먼저 확인할 일·절차·서류·관련 업무를 정리했습니다.,법인·사업 운영 — 지금 겪는 문제부터 확인하기,법인·사업 운영 안내 목록 | 상담 시 확인하는 내용,corporate,,corporate,informational,true,,true
/situations/분류/돈을-받지-못한-경우,situation,돈을 받지 못한 경우｜지급명령·강제집행 상황별 | 다옴법무사사무소,"대여금·대금·공사대금 미수, 지급명령·소송·강제집행 등 채권을 받아내기 위한 상황별 안내입니다. 지금 겪는 상황에서 먼저 확인할 일·절차·서류·관련 업무를 정리했습니다.",돈을 받지 못한 경우 — 지금 겪는 문제부터 확인하기,돈을 받지 못한 경우 안내 목록 | 상담 시 확인하는 내용,civil-debt,,,informational,true,,true
/situations/분류/계약-일상-분쟁,situation,계약·일상 분쟁｜계약금·내용증명·합의 상황별 | 다옴법무사사무소,계약 취소·계약금 반환·중고거래·손해배상·합의서·내용증명 대응 등 일상 분쟁 상황을 정리합니다. 지금 겪는 상황에서 먼저 확인할 일·절차·서류·관련 업무를 정리했습니다.,계약·일상 분쟁 — 지금 겪는 문제부터 확인하기,계약·일상 분쟁 안내 목록 | 상담 시 확인하는 내용,situation,,,informational,true,,true
/situations/parent-passed-away,situation,"부모님이 돌아가셨을 때｜상속인 확인,… | 다옴법무사사무소","부모님 사망 후 상속인 확인, 상속등기 기한, 필요 서류, 형제 간 협의 방법을 정리했습니다. 부산·해운대·센텀에서 상속등기 상담이 가능합니다.",부모님이 돌아가셨는데 상속등기는 언제·어떻게 해야 하나요?,상황 이해하기 | 비용·기간에 영향을 주는 요소 | 관련 자가진단 | 관련 업무안내 | 관련 FAQ,inheritance,,inheritance-registration,documents,true,,true
/situations/siblings-not-cooperating,situation,형제자매가 상속 협조를 안 할 때｜연… | 다옴법무사사무소,"상속 등기·분할에서 형제자매 협조가 안 될 때 확인할 절차, 협의분할·공유 등기, 법적 대응 시점을 정리했습니다. 부산 법무사 상담 안…",형제자매가 상속 서류에 협조하지 않으면 어떻게 해야 하나요?,상황 이해하기 | 비용·기간에 영향을 주는 요소 | 관련 자가진단 | 관련 업무안내 | 관련 FAQ,inheritance,,inheritance-registration,documents,true,,true
/situations/inheritance-unknown-debt,situation,빚이 있는지 모르는 상속 문제｜채무 … | 다옴법무사사무소,"상속 채무를 모를 때 확인 방법, 한정승인·상속포기 기한, 채무조회 절차를 정리했습니다. 부산·센텀 법무사가 상속 방향을 함께 검토합니…",부모님 빚이 있는지 모르는데 상속을 받아도 될까요?,상황 이해하기 | 비용·기간에 영향을 주는 요소 | 관련 자가진단 | 관련 업무안내 | 관련 FAQ,inheritance,,qualified-acceptance,informational,true,,true
/situations/real-estate-sale-registration,situation,부동산 매매 후 등기 문제｜소유권이전… | 다옴법무사사무소,"부동산 매매 후 소유권이전등기 지연, 근저당 말소, 서류 누락 등 문제 해결 절차를 정리했습니다. 부산·해운대 법무사 등기 상담. 해운대·센텀 다옴법무사사무소에서 전화·카카오톡·방문(예약) 상담이 가능합니다.",집을 샀는데 소유권이전등기가 안 되거나 문제가 생겼어요,상황 이해하기 | 비용·기간에 영향을 주는 요소 | 관련 자가진단 | 관련 업무안내 | 관련 FAQ,real-estate,,ownership-transfer,informational,true,,true
/situations/jeonse-deposit-unpaid,situation,전세보증금을 못 받았을 때｜임차권등기… | 다옴법무사사무소,전세보증금 미반환 시 확정일자·임차권등기명령·배당요구·내용증명 등 대응 순서를 정리했습니다. 부산 임대차·전세 분쟁 법무사 상담. 해운대·센텀 다옴법무사사무소에서 전화·카카오톡·방문(예약) 상담이 가능합니다.,전세보증금을 돌려받지 못했는데 어떻게 해야 하나요?,상황 이해하기 | 비용·기간에 영향을 주는 요소 | 관련 자가진단 | 관련 업무안내 | 관련 FAQ,real-estate,,real-estate-registration,informational,true,,true
/situations/corporate-officer-address-change,situation,법인 임원·주소·본점 변경｜임기 만료… | 다옴법무사사무소,"법인 임원 변경등기, 본점·주소 변경, 임기 만료 과태료를 피하는 절차와 서류를 정리했습니다. 부산·센텀 법인등기 법무사 상담. 해운대·센텀 다옴법무사사무소에서 전화·카카오톡·방문(예약) 상담이 가능합니다.",법인 임원 임기가 지났거나 주소·본점을 바꿔야 할 때 무엇부터 하나요?,상황 이해하기 | 비용·기간에 영향을 주는 요소 | 관련 자가진단 | 관련 업무안내 | 관련 FAQ,corporate,,director-change,informational,true,,true
/situations/payment-order-certified-mail,situation,지급명령·내용증명·소장｜채권 회수·분… | 다옴법무사사무소,"채권 회수 시 내용증명·지급명령·소장 선택 기준, 소멸시효·증거 정리 방법을 안내합니다. 부산 민사·채권 법무사 상담. 해운대·센텀 다옴법무사사무소에서 전화·카카오톡·방문(예약) 상담이 가능합니다.",돈을 못 받았는데 지급명령·내용증명·소장 중 무엇부터 해야 하나요?,상황 이해하기 | 비용·기간에 영향을 주는 요소 | 관련 자가진단 | 관련 업무안내 | 관련 FAQ,civil-debt,,,informational,true,,true
/situations/personal-rehabilitation-bankruptcy,situation,개인회생·파산 고민｜채무 정리·신청 자격·절차 | 다옴법무사사무소,"개인회생·파산 차이, 신청 자격, 필요 서류, 부산회생법원 절차를 상황별로 정리했습니다. 해운대·센텀 법무사 채무 상담. 해운대·센텀 다옴법무사사무소에서 전화·카카오톡·방문(예약) 상담이 가능합니다.",빚 때문에 개인회생·파산을 고민 중인데 나에게 맞는지 어떻게 알 수 있나요?,상황 이해하기 | 비용·기간에 영향을 주는 요소 | 관련 자가진단 | 관련 업무안내 | 관련 FAQ,insolvency,,personal-rehabilitation,commercial,true,,true
/situations/상속재산-조회,situation,상속재산이 뭔지 모를 때｜상속재산 조회 방법 | 다옴법무사사무소,"상속재산 조회 방법, 금융·부동산·보험·채무 확인 절차, 상속인이 알아야 할 조회 기관을 정리했습니다. 부산·해운대 상속 상담 안내. 해운대·센텀 다옴법무사사무소에서 전화·카카오톡·방문(예약) 상담이 가능합니다.",부모님이 남긴 재산이 뭔지 어떻게 찾나요?,상황 이해하기 | 비용·기간에 영향을 주는 요소 | 관련 자가진단 | 관련 업무안내 | 관련 FAQ | 비슷한 상황 안내,inheritance,,inheritance-registration,informational,true,,true
/situations/상속포기-한정승인-선택,situation,상속포기 vs 한정승인｜상속포기 한정승인 선택 | 다옴법무사사무소,"상속포기·한정승인·단순승인 차이, 3개월 기한, 선택 기준과 신고 절차를 정리했습니다. 부산·센텀 상속 법무사 상담. 해운대·센텀 다옴법무사사무소에서 전화·카카오톡·방문(예약) 상담이 가능합니다.","상속포기와 한정승인, 3개월 안에 어떻게 선택하나요?",상황 이해하기 | 비용·기간에 영향을 주는 요소 | 관련 자가진단 | 관련 업무안내 | 관련 FAQ | 비슷한 상황 안내,inheritance,,qualified-acceptance,informational,true,,true
/situations/상속등기-지연-과태료,situation,상속등기 미루면 과태료｜상속등기 지연 과태료 | 다옴법무사사무소,"상속등기 지연 시 과태료·가산세, 신고 기한, 장기 미등기 리스크를 정리했습니다. 부산·해운대 상속등기 상담. 해운대·센텀 다옴법무사사무소에서 전화·카카오톡·방문(예약) 상담이 가능합니다.",상속등기를 늦게 하면 과태료가 부과되나요?,상황 이해하기 | 비용·기간에 영향을 주는 요소 | 관련 자가진단 | 관련 업무안내 | 관련 FAQ | 비슷한 상황 안내,inheritance,,inheritance-registration,informational,true,,true
/situations/해외-거주-상속인,situation,해외 거주 상속인｜해외 거주 상속인 등기 | 다옴법무사사무소,"해외 거주 상속인의 상속등기, 위임장·공증·아포스티유, 원격 진행 방법을 정리했습니다. 부산 법무사 해외 상속 상담. 해운대·센텀 다옴법무사사무소에서 전화·카카오톡·방문(예약) 상담이 가능합니다.",해외에 사는 상속인은 상속등기를 어떻게 하나요?,상황 이해하기 | 비용·기간에 영향을 주는 요소 | 관련 자가진단 | 관련 업무안내 | 관련 FAQ | 비슷한 상황 안내,inheritance,,inheritance-registration,informational,true,,true
/situations/상속-후-첫-절차,situation,상속 후 무엇을 먼저?｜상속 후 첫 절차 | 다옴법무사사무소,상속 개시 후 첫 절차. 사망신고·재산조회·3개월 기한·등기 순서를 정리합니다. 부산·해운대 법무사 상담 안내. 해운대·센텀 다옴법무사사무소에서 전화·카카오톡·방문(예약) 상담이 가능합니다.,"부모님 사망 후, 상속 절차는 무엇을 먼저 해야 하나요?",상황 이해하기 | 비용·기간에 영향을 주는 요소 | 관련 자가진단 | 관련 업무안내 | 관련 FAQ | 비슷한 상황 안내,inheritance,,inheritance-registration,informational,true,,true
/situations/집주인-연락-두절,situation,집주인 연락이 안 될 때｜전세 집주인 연락두절 | 다옴법무사사무소,"전세 집주인 연락두절 시 보증금 반환, 등기부 조회, 임차권등기명령·내용증명 등 대응 순서를 정리했습니다. 부산 전세 분쟁 상담. 해운대·센텀 다옴법무사사무소에서 전화·카카오톡·방문(예약) 상담이 가능합니다.",전세 계약이 끝났는데 집주인 연락이 두절됐어요,상황 이해하기 | 비용·기간에 영향을 주는 요소 | 관련 자가진단 | 관련 업무안내 | 관련 FAQ | 비슷한 상황 안내,real-estate,,real-estate-registration,informational,true,,true
/situations/임차권등기명령-필요할-때,situation,임차권등기명령이 필요할 때｜임차권등기… | 다옴법무사사무소,"임차권등기명령 신청 요건, 대항력·우선변제권, 기한과 절차를 정리했습니다. 부산 전세·임대차 법무사 상담. 해운대·센텀 다옴법무사사무소에서 전화·카카오톡·방문(예약) 상담이 가능합니다.",전세 보증금을 지키려면 임차권등기명령이 필요한가요?,상황 이해하기 | 비용·기간에 영향을 주는 요소 | 관련 자가진단 | 관련 업무안내 | 관련 FAQ | 비슷한 상황 안내,real-estate,,real-estate-registration,informational,true,,true
/situations/전세-경매-진행,situation,전세 집 경매가 진행될 때｜전세 경매 진행 대응 | 다옴법무사사무소,"전세 집 경매 진행 시 임차인 권리, 배당요구, 우선변제, 퇴거·보증금 회수 절차를 정리했습니다. 부산 전세 경매 상담. 해운대·센텀 다옴법무사사무소에서 전화·카카오톡·방문(예약) 상담이 가능합니다.",살고 있는 집에 경매가 진행되면 전세 보증금은 어떻게 되나요?,상황 이해하기 | 비용·기간에 영향을 주는 요소 | 관련 자가진단 | 관련 업무안내 | 관련 FAQ | 비슷한 상황 안내,real-estate,,real-estate-registration,informational,true,,true
/situations/전입신고-확정일자-없음,situation,전입신고·확정일자 안 했을 때｜전입신… | 다옴법무사사무소,"전입신고·확정일자 미비 시 대항력·우선변제권 영향, 보완 방법, 전세사기 예방을 정리했습니다. 부산 전세 상담. 해운대·센텀 다옴법무사사무소에서 전화·카카오톡·방문(예약) 상담이 가능합니다.",전입신고나 확정일자를 안 했는데 전세 보증금이 위험한가요?,상황 이해하기 | 비용·기간에 영향을 주는 요소 | 관련 자가진단 | 관련 업무안내 | 관련 FAQ | 비슷한 상황 안내,real-estate,,real-estate-registration,informational,true,,true
/situations/잔금-후-소유권이전-거부,situation,잔금 후 등기 협조 거부｜잔금 후 소유권이전 거부 | 다옴법무사사무소,"잔금 후 매도인 등기 협조 거부 시 계약 특약, 등기부 확인, 이행청구·손해배상 절차를 정리했습니다. 부산 부동산등기 상담. 해운대·센텀 다옴법무사사무소에서 전화·카카오톡·방문(예약) 상담이 가능합니다.",잔금을 치렀는데 매도인이 소유권이전등기를 거부해요,상황 이해하기 | 비용·기간에 영향을 주는 요소 | 관련 자가진단 | 관련 업무안내 | 관련 FAQ | 비슷한 상황 안내,real-estate,,ownership-transfer,informational,true,,true
/situations/공동명의-정리,situation,부동산 공동명의 정리｜공동명의 부동산 정리 | 다옴법무사사무소,"부동산 공동명의 해소, 지분 매매·증여·분할 등기 절차와 세금·협의 포인트를 정리했습니다. 부산 부동산등기 상담. 해운대·센텀 다옴법무사사무소에서 전화·카카오톡·방문(예약) 상담이 가능합니다.",공동명의 부동산을 한 명 명의로 정리하려면?,상황 이해하기 | 비용·기간에 영향을 주는 요소 | 관련 자가진단 | 관련 업무안내 | 관련 FAQ | 비슷한 상황 안내,real-estate,,ownership-transfer,informational,true,,true
/situations/근저당-말소-지연,situation,근저당 말소가 지연될 때｜근저당 말소 지연 | 다옴법무사사무소,"근저당권 말소 지연 시 매매·대출·소유권이전등기 순서, 채권자 협조, 특약 대응을 정리했습니다. 부산 부동산등기 상담. 해운대·센텀 다옴법무사사무소에서 전화·카카오톡·방문(예약) 상담이 가능합니다.",집 매매·대환인데 근저당 말소가 늦어지면 어떻게 하나요?,상황 이해하기 | 비용·기간에 영향을 주는 요소 | 관련 자가진단 | 관련 업무안내 | 관련 FAQ | 비슷한 상황 안내,real-estate,,real-estate-registration,informational,true,,true
/situations/셀프등기-실수,situation,셀프등기 실수·보정｜셀프등기 실수 보정 | 다옴법무사사무소,셀프등기 실수·보정·각하·착오등기 말소 방법과 재신청 절차를 정리했습니다. 부산 부동산등기 법무사 상담. 해운대·센텀 다옴법무사사무소에서 전화·카카오톡·방문(예약) 상담이 가능합니다.,인터넷 등기(셀프등기)를 잘못 냈는데 어떻게 고치나요?,상황 이해하기 | 비용·기간에 영향을 주는 요소 | 관련 자가진단 | 관련 업무안내 | 관련 FAQ | 비슷한 상황 안내,real-estate,,real-estate-registration,informational,true,,true
/situations/잔금일-소유권이전,situation,잔금일 소유권이전｜잔금일 소유권이전등기 | 다옴법무사사무소,매매 잔금일 소유권이전등기 순서. 근저당 말소·취득세·서류·당일 일정을 정리합니다. 부산·센텀 부동산등기 상담. 해운대·센텀 다옴법무사사무소에서 전화·카카오톡·방문(예약) 상담이 가능합니다.,"잔금일에 소유권이전등기, 어떤 순서로 진행하나요?",상황 이해하기 | 비용·기간에 영향을 주는 요소 | 관련 자가진단 | 관련 업무안내 | 관련 FAQ | 비슷한 상황 안내,real-estate,,real-estate-registration,informational,true,,true
/situations/급여-압류-빚,situation,급여가 압류됐을 때｜급여 압류 대응 | 다옴법무사사무소,"급여압류 시 생활비·압류 한도, 채권압류 해제, 개인회생·워크아웃 검토를 정리했습니다. 부산 채무·회생 상담. 해운대·센텀 다옴법무사사무소에서 전화·카카오톡·방문(예약) 상담이 가능합니다.",급여가 압류됐는데 생활비는 어떻게 하나요?,상황 이해하기 | 비용·기간에 영향을 주는 요소 | 관련 자가진단 | 관련 업무안내 | 관련 FAQ | 비슷한 상황 안내,insolvency,,personal-rehabilitation,informational,true,,true
/situations/개인회생-가능-여부,situation,개인회생 가능한지 확인｜개인회생 가능 여부 | 다옴법무사사무소,"개인회생 신청 자격, 소득·재산·채무 요건, 파산과의 차이, 부산회생법원 절차를 정리했습니다. 해운대·센텀 다옴법무사사무소에서 전화·카카오톡·방문(예약) 상담이 가능합니다.",내가 개인회생 대상인지 어떻게 알 수 있나요?,상황 이해하기 | 비용·기간에 영향을 주는 요소 | 관련 자가진단 | 관련 업무안내 | 관련 FAQ | 비슷한 상황 안내,insolvency,,personal-rehabilitation,informational,true,,true
/situations/보증채무-부담,situation,보증으로 생긴 빚｜보증채무 대응 | 다옴법무사사무소,"연대보증·보증채무 대응, 주채무자·채권자 협상, 개인회생·구상권 검토를 정리했습니다. 부산 채무 상담. 해운대·센텀 다옴법무사사무소에서 전화·카카오톡·방문(예약) 상담이 가능합니다.",보증 서명 때문에 빚을 떠안게 됐어요,상황 이해하기 | 비용·기간에 영향을 주는 요소 | 관련 자가진단 | 관련 업무안내 | 관련 FAQ | 비슷한 상황 안내,insolvency,,personal-rehabilitation,informational,true,,true
/situations/빚-감당-어려울-때,situation,빚이 감당이 안 될 때｜빚 감당 어려울 때 | 다옴법무사사무소,"과중 채무 시 우선순위, 워크아웃·회생·파산·협상 경로, 금지 행위를 정리했습니다. 부산 채무 상담. 해운대·센텀 다옴법무사사무소에서 전화·카카오톡·방문(예약) 상담이 가능합니다.",빚이 너무 많아 어디서부터 정리해야 할까요?,상황 이해하기 | 비용·기간에 영향을 주는 요소 | 관련 자가진단 | 관련 업무안내 | 관련 FAQ | 비슷한 상황 안내 | 상담 시 확인하는 내용,insolvency,,personal-rehabilitation,informational,true,,true
/situations/회생-파산-선택-고민,situation,회생 vs 파산 고민｜개인회생 파산 선택 | 다옴법무사사무소,개인회생·파산 선택 기준. 소득·재산·변제·면책 차이를 비교하고 상담 전 체크포인트를 정리합니다. 부산 회생·파산 법무사 안내. 해운대·센텀 다옴법무사사무소에서 전화·카카오톡·방문(예약) 상담이 가능합니다.,"개인회생과 파산, 나에게 맞는 쪽은 무엇인가요?",상황 이해하기 | 비용·기간에 영향을 주는 요소 | 관련 자가진단 | 관련 업무안내 | 관련 FAQ | 비슷한 상황 안내,insolvency,,personal-rehabilitation,informational,true,,true
/situations/임원-임기-만료,situation,법인 임원 임기 만료｜임원 임기 만료 등기 | 다옴법무사사무소,"법인 임원 임기 만료 시 변경등기, 과태료, 주주총회 결의·서류를 정리했습니다. 부산·센텀 법인등기 상담. 해운대·센텀 다옴법무사사무소에서 전화·카카오톡·방문(예약) 상담이 가능합니다.",대표이사·이사 임기가 지났는데 등기를 안 하면?,상황 이해하기 | 비용·기간에 영향을 주는 요소 | 관련 자가진단 | 관련 업무안내 | 관련 FAQ | 비슷한 상황 안내,corporate,,director-change,informational,true,,true
/situations/법인-설립-처음,situation,법인 설립 처음｜법인 설립 처음 | 다옴법무사사무소,"법인 설립 절차, 정관·발기·설립등기·사업자등록 순서와 필요 서류를 정리했습니다. 부산 법인설립 상담. 해운대·센텀 다옴법무사사무소에서 전화·카카오톡·방문(예약) 상담이 가능합니다.",법인을 처음 설립하려면 어떤 순서로 진행하나요?,상황 이해하기 | 비용·기간에 영향을 주는 요소 | 관련 자가진단 | 관련 업무안내 | 관련 FAQ | 비슷한 상황 안내,corporate,,company-establishment,informational,true,,true
/situations/대표자-사망-법인,situation,대표자 사망 후 법인｜대표자 사망 법인 | 다옴법무사사무소,"대표이사 사망 시 임원변경등기, 유증·상속·주식 승계, 법인 운영 연속성을 정리했습니다. 부산 법인등기 상담. 해운대·센텀 다옴법무사사무소에서 전화·카카오톡·방문(예약) 상담이 가능합니다.",법인 대표이사(대표자)가 사망하면 회사는 어떻게 하나요?,상황 이해하기 | 비용·기간에 영향을 주는 요소 | 관련 자가진단 | 관련 업무안내 | 관련 FAQ | 비슷한 상황 안내 | 상담 시 확인하는 내용,corporate,,director-change,informational,true,,true
/situations/본점-이전-등기,situation,법인 본점 이전 등기｜법인 본점 이전 등기 | 다옴법무사사무소,"법인 본점 이전등기, 관할 등기소 변경, 과태료·사업자등록·계약 갱신을 정리했습니다. 부산 법인등기 상담. 해운대·센텀 다옴법무사사무소에서 전화·카카오톡·방문(예약) 상담이 가능합니다.",법인 본점(사무실)을 옮기면 등기를 꼭 해야 하나요?,상황 이해하기 | 비용·기간에 영향을 주는 요소 | 관련 자가진단 | 관련 업무안내 | 관련 FAQ | 비슷한 상황 안내 | 상담 시 확인하는 내용,corporate,,corporate-registration,informational,true,,true
/situations/임원변경-기한-임박,situation,임원변경 기한 임박｜임원변경 등기 기한 임박 | 다옴법무사사무소,임원변경·취임 등기 기한 임박 시 할 일. 의사록·취임승낙·과태료 예방 순서를 정리합니다. 부산·센텀 법인등기 상담. 해운대·센텀 다옴법무사사무소에서 전화·카카오톡·방문(예약) 상담이 가능합니다.,법인 임원변경 등기 기한이 임박했는데 어떻게 하나요?,상황 이해하기 | 비용·기간에 영향을 주는 요소 | 관련 자가진단 | 관련 업무안내 | 관련 FAQ | 비슷한 상황 안내,corporate,,corporate-registration,informational,true,,true
/situations/대여금-못-받음,situation,빌려준 돈을 못 받을 때｜대여금 못 받을 때 | 다옴법무사사무소,"대여금 반환 청구, 차용증·이체 증거, 내용증명·지급명령·소송 절차를 정리했습니다. 부산 채권회수 상담. 해운대·센텀 다옴법무사사무소에서 전화·카카오톡·방문(예약) 상담이 가능합니다.",친구·지인에게 빌려준 돈을 돌려받지 못하면?,상황 이해하기 | 비용·기간에 영향을 주는 요소 | 관련 자가진단 | 관련 업무안내 | 관련 FAQ | 비슷한 상황 안내,situation,,,informational,true,,true
/situations/채무자-재산-모름,situation,채무자 재산을 모를 때｜채무자 재산 조회 | 다옴법무사사무소,"채권회수 시 채무자 재산조회, 부동산·예금·급여 압류, 집행 절차를 정리했습니다. 부산 채권회수 상담. 해운대·센텀 다옴법무사사무소에서 전화·카카오톡·방문(예약) 상담이 가능합니다.",돈을 못 받는데 상대방 재산이 있는지 어떻게 알죠?,상황 이해하기 | 비용·기간에 영향을 주는 요소 | 관련 자가진단 | 관련 업무안내 | 관련 FAQ | 비슷한 상황 안내 | 상담 시 확인하는 내용,situation,,,informational,true,,true
/situations/공사대금-못-받음,situation,공사대금·용역비 미수｜공사대금 못 받을 때 | 다옴법무사사무소,"공사대금·용역비 미수금 회수, 도급·하도급·기성·검수, 내용증명·소송을 정리했습니다. 부산 채권회수 상담. 해운대·센텀 다옴법무사사무소에서 전화·카카오톡·방문(예약) 상담이 가능합니다.",공사·용역 대금을 받지 못하면 어떻게 해야 하나요?,상황 이해하기 | 비용·기간에 영향을 주는 요소 | 관련 자가진단 | 관련 업무안내 | 관련 FAQ | 비슷한 상황 안내 | 상담 시 확인하는 내용,situation,,,informational,true,,true
/situations/판결-후-강제집행,situation,판결 후 돈 안 들어올 때｜판결 후 강제집행 | 다옴법무사사무소,"민사판결 확정 후 강제집행, 부동산·예금·급여 압류, 배당·회수 절차를 정리했습니다. 부산 집행 상담. 해운대·센텀 다옴법무사사무소에서 전화·카카오톡·방문(예약) 상담이 가능합니다.",판결은 받았는데 돈이 들어오지 않으면?,상황 이해하기 | 비용·기간에 영향을 주는 요소 | 관련 자가진단 | 관련 업무안내 | 관련 FAQ | 비슷한 상황 안내 | 상담 시 확인하는 내용,situation,,,informational,true,,true
/situations/계약금-반환-분쟁,situation,계약금 반환 분쟁｜계약금 반환 분쟁 | 다옴법무사사무소,"계약금·위약금·손해배상, 계약 해제·반환 청구, 부동산·중고·용역 계약 분쟁을 정리했습니다. 부산 계약 분쟁 상담. 해운대·센텀 다옴법무사사무소에서 전화·카카오톡·방문(예약) 상담이 가능합니다.",계약금만 받고 거래가 깨졌을 때 돌려줘야 하나요?,상황 이해하기 | 비용·기간에 영향을 주는 요소 | 관련 자가진단 | 관련 업무안내 | 관련 FAQ | 비슷한 상황 안내 | 상담 시 확인하는 내용,situation,,,informational,true,,true
/situations/중고거래-분쟁,situation,중고거래·직거래 분쟁｜중고거래 분쟁 | 다옴법무사사무소,"중고나라·당근·직거래 분쟁, 사기·하자·환불·손해배상, 내용증명·신고·소송을 정리했습니다. 해운대·센텀 다옴법무사사무소에서 전화·카카오톡·방문(예약) 상담이 가능합니다.",중고거래에서 사기·하자·환불 문제가 생겼어요,상황 이해하기 | 비용·기간에 영향을 주는 요소 | 관련 자가진단 | 관련 업무안내 | 관련 FAQ | 비슷한 상황 안내 | 상담 시 확인하는 내용,situation,,,informational,true,,true
/situations/내용증명-받았을-때,situation,내용증명을 받았을 때｜내용증명 받았을 때 대응 | 다옴법무사사무소,"내용증명 수령 후 대응, 답변·이의·합의·소송 준비, 시효·증거 정리를 안내합니다. 부산 계약·채권 상담. 해운대·센텀 다옴법무사사무소에서 전화·카카오톡·방문(예약) 상담이 가능합니다.",내용증명을 받았는데 어떻게 대응해야 하나요?,상황 이해하기 | 비용·기간에 영향을 주는 요소 | 관련 자가진단 | 관련 업무안내 | 관련 FAQ | 비슷한 상황 안내 | 상담 시 확인하는 내용,civil-debt,,,informational,true,,true
/situations/손해배상-청구,situation,손해배상 청구·피청구｜손해배상 청구 | 다옴법무사사무소,"손해배상 청구·방어, 계약 위반·불법행위, 손해액·인과관계·증거를 정리했습니다. 부산 민사 상담. 해운대·센텀 다옴법무사사무소에서 전화·카카오톡·방문(예약) 상담이 가능합니다.",손해배상을 청구(또는 당)하려면 무엇을 준비해야 하나요?,상황 이해하기 | 비용·기간에 영향을 주는 요소 | 관련 자가진단 | 관련 업무안내 | 관련 FAQ | 비슷한 상황 안내 | 상담 시 확인하는 내용,situation,,,documents,true,,true
/tools,tool,법률 계산기 — 기한·비용 검토 | 다옴법무사사무소,"상속등기 기한, 상속포기·한정승인 3개월, 법인 임원변경 과태료, 본점이전등기, 전세보증금, 지급명령, 부동산등기 서류, 개인회생 소득·채무를 대략 검토하는 법률 계산기 모음입니다. 부산 법무사 상담 연결.",법률 계산기 — 기한·비용·서류를 대략 검토,계산기 목록 | 상담 시 확인하는 내용,inheritance,부산,inheritance,cost,true,,true
/tools/inheritance-registration-deadline,tool,상속등기 기한은 언제까지 확인해야 할까요 | 다옴법무사사무소,"상속등기 기한 계산기. 사망일 기준 상속포기·한정승인 3개월, 등기 검토 시점을 대략 확인. 부산·해운대 법무사 상담. 해운대·센텀 다옴법무사사무소에서 전화·카카오톡·방문(예약) 상담이 가능합니다.",상속등기 기한은 언제까지 확인해야 할까요?,계산기 안내 | 관련 자가진단 | 관련 업무안내 | 상담 시 확인하는 내용,inheritance,부산,inheritance-registration,commercial,true,,true
/tools/inheritance-renunciation-deadline,tool,상속포기·한정승인 3개월 기한은 언제까지인가요 | 다옴법무사사무소,상속포기·한정승인 3개월 기한 계산기. 사망일 입력으로 기한 참고. 부산 법무사 상담. 해운대·센텀 다옴법무사사무소에서 전화·카카오톡·방문(예약) 상담이 가능합니다.,상속포기·한정승인 3개월 기한은 언제까지인가요?,계산기 안내 | 관련 자가진단 | 관련 업무안내 | 상담 시 확인하는 내용,inheritance,부산,qualified-acceptance,commercial,true,,true
/tools/director-change-penalty-deadline,tool,법인 임원변경등기 과태료 위험일은 언제인가요 | 다옴법무사사무소,"법인 임원변경등기 과태료·기한 계산기. 변경일 기준 2주 등기 신청 참고. 임원변경등기 기한, 부산 법무사. 해운대·센텀 다옴법무사사무소에서 전화·카카오톡·방문(예약) 상담이 가능합니다.",법인 임원변경등기 과태료 위험일은 언제인가요?,계산기 안내 | 관련 자가진단 | 관련 업무안내 | 상담 시 확인하는 내용,corporate,부산,director-change,commercial,true,,true
/tools/head-office-move-deadline,tool,본점이전등기 기한은 언제까지인가요 | 다옴법무사사무소,"본점이전등기 기간·기한 계산기. 이전일 기준 2주 참고. 법인등기, 부산·센텀 법무사. 해운대·센텀 다옴법무사사무소에서 전화·카카오톡·방문(예약) 상담이 가능합니다.",본점이전등기 기한은 언제까지인가요?,계산기 안내 | 관련 자가진단 | 관련 업무안내 | 상담 시 확인하는 내용,corporate,부산,corporate-registration,commercial,true,,true
/tools/jeonse-deposit-timeline,tool,전세보증금 반환 대응 일정은 어떻게 잡을까요 | 다옴법무사사무소,전세보증금 반환 대응 일정 계산기. 계약 만료 기준 참고 일정. 부산 법무사 임대차 상담. 해운대·센텀 다옴법무사사무소에서 전화·카카오톡·방문(예약) 상담이 가능합니다.,전세보증금 반환 대응 일정은 어떻게 잡을까요?,계산기 안내 | 관련 자가진단 | 관련 업무안내 | 상담 시 확인하는 내용,real-estate,부산,real-estate-registration,commercial,true,,true
/tools/payment-order-fee-check,tool,지급명령 신청 전 준비금액은 얼마나 될까요 | 다옴법무사사무소,지급명령 신청 비용·인지대 대략 계산. 청구금액 기준 참고. 부산 법무사 채권회수 상담. 해운대·센텀 다옴법무사사무소에서 전화·카카오톡·방문(예약) 상담이 가능합니다.,지급명령 신청 전 준비금액은 얼마나 될까요?,계산기 안내 | 관련 자가진단 | 관련 업무안내 | 상담 시 확인하는 내용,civil-debt,부산,,documents,true,,true
/tools/real-estate-documents-check,tool,부동산등기에 어떤 서류가 필요할까요 | 다옴법무사사무소,"부동산등기 준비서류 체크 계산기. 매매·증여·상속별 서류 목록. 소유권이전등기, 부산 법무사. 해운대·센텀 다옴법무사사무소에서 전화·카카오톡·방문(예약) 상담이 가능합니다.",부동산등기에 어떤 서류가 필요할까요?,계산기 안내 | 관련 자가진단 | 관련 업무안내 | 상담 시 확인하는 내용,real-estate,부산,ownership-transfer,documents,true,,true
/tools/rehab-income-debt-check,tool,개인회생 상담 전 월 소득·채무를 점검해 볼까요 | 다옴법무사사무소,"개인회생 상담 전 월 소득·채무 체크. 채무 비율 참고. 부산회생법원, 부산 법무사. 해운대·센텀 다옴법무사사무소에서 전화·카카오톡·방문(예약) 상담이 가능합니다.",개인회생 상담 전 월 소득·채무를 점검해 볼까요?,계산기 안내 | 관련 자가진단 | 관련 업무안내 | 상담 시 확인하는 내용,insolvency,부산,personal-rehabilitation,consult,true,,true
/services/inheritance-registration,service,전국 상속등기 법무사｜부산 방문 없이… | 다옴법무사사무소,"전국·부산 상속등기 — 다옴법무사사무소 안윤정 법무사가 타지역 부동산도 관할 특례를 확인하고 상담부터 신청까지 진행합니다. 상속인 확인, 서류 안내, 등기 신청까지.",전국 상속등기 상담,진행 방식,inheritance,부산,inheritance-registration,consult,true,,true
/services/inheritance-renunciation,service,상속포기 절차·3개월 기한｜가정법원 신고·주의사항 | 다옴법무사사무소,부산 상속포기 절차 안내 — 채무가 재산보다 많을 때 상속포기 신고. 다옴법무사사무소 안윤정 법무사가 가정법원 신고를 대리합니다. 해운대·센텀 다옴법무사사무소에서 전화·카카오톡·방문(예약) 상담이 가능합니다.,상속포기 — 3개월 기한·채무 승계 차단,진행 방식 | 상담 시 확인하는 내용,inheritance,부산,inheritance-renunciation,commercial,true,,true
/services/qualified-acceptance,service,한정승인 절차｜재산 범위 내 채무·재산목록 | 다옴법무사사무소,부산 한정승인 절차 — 상속 채무를 재산 범위 내로 제한. 다옴법무사사무소 안윤정 법무사 상담 및 가정법원 신고 대리. 해운대·센텀 다옴법무사사무소에서 전화·카카오톡·방문(예약) 상담이 가능합니다.,한정승인 — 재산 범위 내 채무만 책임질 때,진행 방식 | 상담 시 확인하는 내용,inheritance,부산,qualified-acceptance,commercial,true,,true
/services/real-estate-registration,service,부동산등기 절차·서류｜소유권·담보·말소 | 다옴법무사사무소,부산 부동산등기 대리 — 매매·증여·상속·저당 등. 해운대·센텀 다옴법무사사무소 안윤정 법무사가 등기 절차를 정확히 처리합니다. 해운대·센텀 다옴법무사사무소에서 전화·카카오톡·방문(예약) 상담이 가능합니다.,부동산등기 — 소유권·담보·말소 상담,진행 방식 | 상담 시 확인하는 내용,real-estate,부산,real-estate-registration,consult,true,,true
/services/ownership-transfer,service,소유권이전등기｜매매·잔금 후 명의이전 서류 | 다옴법무사사무소,부산 소유권이전등기 — 매매·증여 등기 대리. 다옴법무사사무소 안윤정 법무사가 취득세부터 등기 완료까지 안내합니다. 해운대·센텀 다옴법무사사무소에서 전화·카카오톡·방문(예약) 상담이 가능합니다.,소유권이전등기 — 매매·증여 명의변경,진행 방식 | 상담 시 확인하는 내용,real-estate,부산,ownership-transfer,commercial,true,,true
/services/corporate-registration,service,법인등기｜설립·임원변경·본점이전 절차 | 다옴법무사사무소,부산 법인등기 실무 — 설립·변경·해산 등. 센텀·해운대 다옴법무사사무소 안윤정 법무사가 법인 등기를 대리합니다. 해운대·센텀 다옴법무사사무소에서 전화·카카오톡·방문(예약) 상담이 가능합니다.,법인등기 — 설립·임원·본점 변경 상담,진행 방식 | 상담 시 확인하는 내용,corporate,부산,corporate-registration,consult,true,,true
/services/company-establishment,service,법인설립등기 서류·절차｜정관·납입·인감 | 다옴법무사사무소,부산 법인설립등기 — 주식회사·유한회사 설립. 다옴법무사사무소 안윤정 법무사가 창업 등기를 처음부터 안내합니다. 해운대·센텀 다옴법무사사무소에서 전화·카카오톡·방문(예약) 상담이 가능합니다.,법인설립등기 — 준비서류와 설립 순서,진행 방식 | 상담 시 확인하는 내용,corporate,부산,company-establishment,documents,true,,true
/services/director-change,service,임원변경등기 기한·과태료｜대표이사·이사 변경 | 다옴법무사사무소,부산 임원변경등기 — 대표이사·이사 변경 등. 다옴법무사사무소 안윤정 법무사가 의사록 검토부터 등기까지 처리합니다. 해운대·센텀 다옴법무사사무소에서 전화·카카오톡·방문(예약) 상담이 가능합니다.,임원변경등기 — 임기 만료·과태료 주의,진행 방식 | 상담 시 확인하는 내용,corporate,부산,director-change,commercial,true,,true
/services/personal-rehabilitation,service,개인회생 가능 여부｜소득·채무·변제계획 기준 | 다옴법무사사무소,"부산 개인회생 신청 안내 — 채무 조정·면책 절차. 신용관리사 자격 안윤정 법무사, 다옴법무사사무소에서 상담합니다. 해운대·센텀 다옴법무사사무소에서 전화·카카오톡·방문(예약) 상담이 가능합니다.",개인회생 — 빚을 감당하기 어려울 때 판단 기준,진행 방식 | 상담 시 확인하는 내용,insolvency,부산,personal-rehabilitation,commercial,true,,true
/services/bankruptcy,service,개인파산·면책｜신청 자격·회생과의 선택 | 다옴법무사사무소,부산 파산 신청 안내 — 개인 파산·면책 절차. 다옴법무사사무소 안윤정 법무사가 채무 해결 방안을 상담합니다. 해운대·센텀 다옴법무사사무소에서 전화·카카오톡·방문(예약) 상담이 가능합니다.,개인파산·면책 — 신청 자격과 절차,진행 방식 | 상담 시 확인하는 내용,insolvency,부산,bankruptcy,commercial,true,,true
/blog/bankruptcy-vs-discharge-difference,blog,개인파산과 면책 차이｜부산 법무사 | 다옴법무사사무소,개인파산 절차·면책 효과·개인회생 비교. 부산회생법원 상담. 해운대·센텀 다옴법무사사무소에서 전화·카카오톡·방문(예약) 상담이 가능합니다.,개인파산과 면책의 차이,회생·파산 | 상담 시 확인하는 내용,insolvency,부산,bankruptcy,commercial,true,,true
/blog/bankruptcy-vs-personal-rehabilitation,blog,파산과 개인회생 차이 | 다옴법무사사무소,"파산·개인회생 비교, 자격 요건, 절차 차이. 부산 채무조정 상담. 해운대·센텀 다옴법무사사무소에서 전화·카카오톡·방문(예약) 상담이 가능합니다.",파산과 개인회생의 차이,채무조정 안내 | 상담 시 확인하는 내용,insolvency,부산,bankruptcy,commercial,true,,true
/blog/busan-company-establishment-documents,blog,부산 법인설립등기 준비서류｜센텀 법무사 | 다옴법무사사무소,부산 법인설립 등기 서류·순서. 해운대·센텀 창업 법인설립 상담. 해운대·센텀 다옴법무사사무소에서 전화·카카오톡·방문(예약) 상담이 가능합니다.,부산 법인설립등기 준비서류,법인등기 | 상담 시 확인하는 내용,corporate,부산,company-establishment,documents,true,,true
/blog/busan-inheritance-consultation-prep,blog,부산 상속등기 상담 전 준비｜해운대 법무사 | 다옴법무사사무소,부산 상속등기 상담 시 가져올 서류·확인 질문. 센텀·해운대 다옴법무사사무소 방문·전화 상담. 해운대·센텀 다옴법무사사무소에서 전화·카카오톡·방문(예약) 상담이 가능합니다.,부산 상속등기 상담 전 준비사항,상속 안내 | 상담 시 확인하는 내용,inheritance,부산,inheritance-registration,consult,true,,true
/blog/busan-inheritance-registration-procedure-documents,blog,부산 상속등기 절차·준비서류 | 다옴법무사사무소,"부산 상속등기 신청 절차, 필요 서류, 관할 등기소 안내. 안윤정 법무사 상담. 해운대·센텀 다옴법무사사무소에서 전화·카카오톡·방문(예약) 상담이 가능합니다.",부산 상속등기 절차와 준비서류,상속 안내 | 상담 시 확인하는 내용,inheritance,부산,inheritance-registration,documents,true,,true
/blog/busan-lawyer-consultation-documents,blog,부산 법무사 상담 준비서류 | 다옴법무사사무소,상속·부동산·법인·회생 상담 전 준비 서류 체크리스트. 해운대·센텀 다옴법무사사무소. 해운대·센텀 다옴법무사사무소에서 전화·카카오톡·방문(예약) 상담이 가능합니다.,부산 법무사 상담 전 준비하면 좋은 서류,상담 안내 | 상담 시 확인하는 내용,blog,부산,inheritance-registration,consult,true,,true
/blog/busan-lawyer-jurisdiction-checklist,blog,부산 법무사 관할 확인｜등기소·가정법원·회생법원 | 다옴법무사사무소,부산 법무사 선택 전 관할 등기소·법원 확인법. 상속·부동산·법인·회생별 관할 포인트. 해운대·센텀 다옴법무사사무소. 해운대·센텀 다옴법무사사무소에서 전화·카카오톡·방문(예약) 상담이 가능합니다.,부산 법무사 고를 때 관할 등기소·법원부터 확인하는 이유,상담 안내 | 상담 시 확인하는 내용,real-estate,부산,inheritance-registration,consult,true,,true
/blog/busan-lawyer-recommend-office-consult,blog,부산 법무사 추천·사무실·상담 구분 가이드 | 다옴법무사사무소,"부산 법무사 추천 선택 기준, 사무실(해운대·센텀) 위치, 상담 전 서류·비용 확인법. 다옴법무사사무소 안윤정 법무사. 해운대·센텀 다옴법무사사무소에서 전화·카카오톡·방문(예약) 상담이 가능합니다.","부산 법무사 추천·사무실·상담, 검색 전에 구분하는 방법",상담 안내 | 상담 시 확인하는 내용,blog,부산,inheritance-registration,selection,true,,true
/blog/busan-real-estate-registration-documents,blog,부산 부동산등기 준비서류｜해운대 법무사 | 다옴법무사사무소,부산 부동산등기 공통·유형별 서류. 매매·상속·증여. 센텀 다옴법무사사무소. 해운대·센텀 다옴법무사사무소에서 전화·카카오톡·방문(예약) 상담이 가능합니다.,부산 부동산등기 준비서류,부동산등기 | 상담 시 확인하는 내용,real-estate,부산,real-estate-registration,documents,true,,true
/blog/business-owner-rehabilitation-pre-check,blog,사업자 개인회생 상담 전 확인｜부산 법무사 | 다옴법무사사무소,자영업 개인회생 소득·사업채무·부가세. 해운대·센텀 사업자 회생 상담. 해운대·센텀 다옴법무사사무소에서 전화·카카오톡·방문(예약) 상담이 가능합니다.,사업자 개인회생 상담 전 확인사항,회생·파산 | 상담 시 확인하는 내용,insolvency,부산,personal-rehabilitation,consult,true,,true
/blog/centum-lawyer-visit-day-flow,blog,센텀 법무사 방문상담 하루 흐름｜예약·준비물·후속 | 다옴법무사사무소,"센텀·해운대 법무사 방문상담 예약, 오시는 길, 준비물, 상담 후 서류 안내 흐름. 다옴법무사사무소. 해운대·센텀 다옴법무사사무소에서 전화·카카오톡·방문(예약) 상담이 가능합니다.","센텀 법무사 방문 상담, 하루 흐름과 준비물",상담 안내 | 상담 시 확인하는 내용,blog,센텀,inheritance-registration,consult,true,,true
/blog/ceo-address-change-registration,blog,대표이사 주소 변경등기｜부산 법무사 | 다옴법무사사무소,대표이사 주소 변경 임원변경등기 서류·기한. 해운대·센텀 법인등기. 해운대·센텀 다옴법무사사무소에서 전화·카카오톡·방문(예약) 상담이 가능합니다.,대표이사 주소 변경등기,법인등기 | 상담 시 확인하는 내용,corporate,부산,director-change,commercial,true,,true
/blog/certified-mail-before-sending,blog,내용증명 보내기 전 주의｜부산 법무사 | 다옴법무사사무소,내용증명 문구·시기·효력. 전세·대여금 분쟁. 해운대·센텀 상담. 해운대·센텀 다옴법무사사무소에서 전화·카카오톡·방문(예약) 상담이 가능합니다.,내용증명 보내기 전 주의사항,민사·채권 | 상담 시 확인하는 내용,civil-debt,부산,personal-rehabilitation,commercial,true,,true
/blog/company-establishment-registration-checklist,blog,법인설립등기 전 확인사항 | 다옴법무사사무소,법인 설립 등기 전 정관·자본금·임원 체크리스트. 부산 법인등기 상담. 해운대·센텀 다옴법무사사무소에서 전화·카카오톡·방문(예약) 상담이 가능합니다.,법인설립등기 전 확인할 사항,법인 안내 | 상담 시 확인하는 내용,corporate,부산,company-establishment,commercial,true,,true
/blog/complaint-filing-required-materials,blog,소장 작성 전 필요 자료｜부산 법무사 | 다옴법무사사무소,"민사 소송 소장 준비, 청구취지·증거. 부산지방법원 소송 상담. 해운대·센텀 다옴법무사사무소에서 전화·카카오톡·방문(예약) 상담이 가능합니다.",소장 작성 전 필요한 자료,민사·채권 | 상담 시 확인하는 내용,civil-debt,부산,personal-rehabilitation,commercial,true,,true
/blog/corporate-name-change-registration,blog,법인 상호변경등기｜부산 법무사 | 다옴법무사사무소,법인 상호 변경 절차·서류·사업자등록. 해운대·센텀 법인등기. 해운대·센텀 다옴법무사사무소에서 전화·카카오톡·방문(예약) 상담이 가능합니다.,법인 상호변경등기,법인등기 | 상담 시 확인하는 내용,corporate,부산,corporate-registration,commercial,true,,true
/blog/corporate-purpose-change-registration,blog,법인 목적변경등기 절차｜부산 법무사 | 다옴법무사사무소,정관 목적 변경·주주총회·등기. 해운대·센텀 스타트업·법인등기 상담. 해운대·센텀 다옴법무사사무소에서 전화·카카오톡·방문(예약) 상담이 가능합니다.,법인 목적변경등기,법인등기 | 상담 시 확인하는 내용,corporate,부산,corporate-registration,commercial,true,,true
/blog/corporate-registration-penalty-cases,blog,법인등기 과태료 나는 경우｜부산 법무사 | 다옴법무사사무소,임원변경·본점이전 미등기 과태료. 해운대·센텀 법인 과태료 상담. 해운대·센텀 다옴법무사사무소에서 전화·카카오톡·방문(예약) 상담이 가능합니다.,법인등기 과태료가 나오는 경우,법인등기 | 상담 시 확인하는 내용,corporate,부산,director-change,commercial,true,,true
/blog/debt-collection-response-guide,blog,채권추심 대응 방법｜부산 법무사 | 다옴법무사사무소,"추심 전화·방문 대응, 채무조정·개인회생. 해운대·센텀 채무 상담. 해운대·센텀 다옴법무사사무소에서 전화·카카오톡·방문(예약) 상담이 가능합니다.",채권추심이 올 때 대응,회생·파산 | 상담 시 확인하는 내용,insolvency,부산,personal-rehabilitation,commercial,true,,true
/blog/delayed-ownership-transfer-after-balance,blog,잔금 후 소유권이전등기 지연 대응｜부산 법무사 | 다옴법무사사무소,"매매 잔금 후 등기 지연 시 확인 사항, 취득세·대출·점유 리스크. 해운대·센텀 부동산등기 상담. 해운대·센텀 다옴법무사사무소에서 전화·카카오톡·방문(예약) 상담이 가능합니다.",잔금 후 소유권이전등기가 지연될 때,부동산등기 | 상담 시 확인하는 내용,real-estate,부산,ownership-transfer,commercial,true,,true
/blog/delaying-inheritance-registration-risks,blog,상속등기 미루면 생기는 문제 | 다옴법무사사무소,"상속등기 기한 초과 시 과태료, 매매 제한 등 주의사항. 부산 상속등기 상담. 해운대·센텀 다옴법무사사무소에서 전화·카카오톡·방문(예약) 상담이 가능합니다.",상속등기를 미루면 생기는 문제,상속 안내 | 상담 시 확인하는 내용,inheritance,부산,inheritance-registration,commercial,true,,true
/blog/director-change-registration-deadline-guide,blog,법인 임원변경등기 기한｜부산 법무사 | 다옴법무사사무소,"임원변경등기 신청 기한·과태료, 주주총회 의사록. 해운대·센텀 법인등기 상담. 해운대·센텀 다옴법무사사무소에서 전화·카카오톡·방문(예약) 상담이 가능합니다.",법인 임원변경등기 기한과 준비,법인등기 | 상담 시 확인하는 내용,corporate,부산,director-change,documents,true,,true
/blog/director-change-registration-deadline-penalty,blog,임원변경등기 기한·과태료 | 다옴법무사사무소,"법인 임원변경등기 신청 기한, 과태료, 필요 서류. 부산 법인등기 상담. 해운대·센텀 다옴법무사사무소에서 전화·카카오톡·방문(예약) 상담이 가능합니다.",임원변경등기 기한과 과태료,법인 안내 | 상담 시 확인하는 내용,corporate,,director-change,commercial,true,,true
/blog/gift-registration-pre-check,blog,증여등기 전 확인사항｜부산 법무사 | 다옴법무사사무소,증여 부동산 등기 전 세금·서류·가족 관계 확인. 해운대·센텀 증여등기 상담. 해운대·센텀 다옴법무사사무소에서 전화·카카오톡·방문(예약) 상담이 가능합니다.,증여등기 전에 확인할 사항,부동산등기 | 상담 시 확인하는 내용,real-estate,부산,real-estate-registration,commercial,true,,true
/blog/head-office-move-in-out-district,blog,본점이전등기 관내·관외 차이｜부산 법무사 | 다옴법무사사무소,법인 본점 관내·관외 이전 절차·세금·기한. 해운대에서 센텀·타 구 이전 상담. 해운대·센텀 다옴법무사사무소에서 전화·카카오톡·방문(예약) 상담이 가능합니다.,본점이전등기 관내·관외 차이,법인등기 | 상담 시 확인하는 내용,corporate,부산,corporate-registration,commercial,true,,true
/blog/how-to-check-deceased-parent-debt,blog,돌아가신 부모님 빚 확인 방법｜부산 상속 법무사 | 다옴법무사사무소,"피상속인 채무 조회 방법, 금융·세금·보증 채무 확인 순서. 한정승인 전 상담은 해운대 다옴법무사사무소. 해운대·센텀 다옴법무사사무소에서 전화·카카오톡·방문(예약) 상담이 가능합니다.",돌아가신 부모님 빚 확인 방법,상속 안내 | 상담 시 확인하는 내용,inheritance,부산,qualified-acceptance,commercial,true,,true
/blog/inheritance-division-agreement-cautions,blog,상속재산분할협의서 작성 주의｜부산 법무사 | 다옴법무사사무소,"상속재산분할협의서 필수 조항, 부동산·예금 분할 시 확인 사항. 해운대·센텀 상속등기 상담. 해운대·센텀 다옴법무사사무소에서 전화·카카오톡·방문(예약) 상담이 가능합니다.",상속재산분할협의서 작성 전 주의사항,상속 안내 | 상담 시 확인하는 내용,inheritance,부산,inheritance-registration,commercial,true,,true
/blog/inheritance-registration-documents-checklist,blog,상속등기 필요서류 목록｜부산 법무사 | 다옴법무사사무소,"상속등기 공통·추가 서류, 공동상속·근저당 있는 경우. 해운대·센텀 상속등기 상담. 해운대·센텀 다옴법무사사무소에서 전화·카카오톡·방문(예약) 상담이 가능합니다.",상속등기 필요서류 한눈에 보기,상속 안내 | 상담 시 확인하는 내용,inheritance,부산,inheritance-registration,documents,true,,true
/blog/inheritance-registration-priority-after-parent-death,blog,부모님 사망 후 상속등기 먼저? 순서… | 다옴법무사사무소,"사망 직후 상속등기·상속포기·한정승인 중 무엇을 먼저 볼지, 3개월 기한과 준비 순서. 해운대·센텀 다옴법무사사무소. 해운대·센텀 다옴법무사사무소에서 전화·카카오톡·방문(예약) 상담이 가능합니다.",부모님 사망 후 상속등기를 먼저 해야 하나요,상속 안내 | 상담 시 확인하는 내용,inheritance,부산,inheritance-registration,commercial,true,,true
/blog/inheritance-renunciation-vs-qualified-acceptance,blog,부산 상속포기·한정승인 비교 | 다옴법무사사무소,"상속포기와 한정승인 차이, 신고 기한, 선택 기준. 부산 상속 채무 상담은 안윤정 법무사. 해운대·센텀 다옴법무사사무소에서 전화·카카오톡·방문(예약) 상담이 가능합니다.",상속포기와 한정승인의 차이,상속 안내 | 상담 시 확인하는 내용,inheritance,부산,inheritance-renunciation,commercial,true,,true
/blog/jeonse-deposit-return-certified-mail,blog,전세보증금 반환 내용증명｜부산 법무사 | 다옴법무사사무소,전세 만기 보증금 미반환 내용증명·임차권등기명령. 해운대·수영구 전세 상담. 해운대·센텀 다옴법무사사무소에서 전화·카카오톡·방문(예약) 상담이 가능합니다.,전세보증금 반환 내용증명,민사·채권 | 상담 시 확인하는 내용,real-estate,부산,real-estate-registration,commercial,true,,true
/blog/jeonse-right-cancellation-procedure,blog,전세권 말소 절차｜부산 법무사 | 다옴법무사사무소,"전세권 말소등기 서류, 집주인 협조, 보증금 반환 후 처리. 해운대 임차 상담. 해운대·센텀 다옴법무사사무소에서 전화·카카오톡·방문(예약) 상담이 가능합니다.",전세권 말소 절차,부동산등기 | 상담 시 확인하는 내용,real-estate,부산,real-estate-registration,commercial,true,,true
/blog/jeonse-right-vs-lease-registration-order,blog,전세권설정등기 vs 임차권등기명령 | 다옴법무사사무소,"전세권설정등기와 임차권등기명령 차이, 절차, 주의사항. 부산 부동산등기 상담. 해운대·센텀 다옴법무사사무소에서 전화·카카오톡·방문(예약) 상담이 가능합니다.",전세권설정등기와 임차권등기명령 차이,부동산 안내 | 상담 시 확인하는 내용,real-estate,,real-estate-registration,commercial,true,,true
/blog/joint-ownership-registration-cautions,blog,공동명의 등기 주의사항｜부산 법무사 | 다옴법무사사무소,부동산 공동명의 지분·세금·처분 동의. 해운대·센텀 부동산등기 상담. 해운대·센텀 다옴법무사사무소에서 전화·카카오톡·방문(예약) 상담이 가능합니다.,공동명의 등기 시 주의사항,부동산등기 | 상담 시 확인하는 내용,real-estate,부산,real-estate-registration,commercial,true,,true
/blog/loan-repayment-claim-documents,blog,대여금 반환청구 준비서류｜부산 법무사 | 다옴법무사사무소,"대여금 소송·지급명령 증빙, 차용증·이체 내역. 부산 채권 회수 상담. 해운대·센텀 다옴법무사사무소에서 전화·카카오톡·방문(예약) 상담이 가능합니다.",대여금 반환청구 준비서류,민사·채권 | 상담 시 확인하는 내용,civil-debt,부산,personal-rehabilitation,documents,true,,true
/blog/minor-heir-inheritance-guide,blog,미성년자 상속인 절차｜부산 법무사 | 다옴법무사사무소,"미성년 상속인 법정대리인, 분할협의서, 상속등기 서류. 해운대·센텀 가정·상속 상담. 해운대·센텀 다옴법무사사무소에서 전화·카카오톡·방문(예약) 상담이 가능합니다.",미성년자가 상속인일 때,상속 안내 | 상담 시 확인하는 내용,inheritance,부산,inheritance-registration,commercial,true,,true
/blog/missed-director-term-expiry,blog,임원 임기 만료 놓쳤을 때｜부산 법무사 | 다옴법무사사무소,임기 만료·연임·사임 등기. 해운대·센텀 법인 임원변경 상담. 해운대·센텀 다옴법무사사무소에서 전화·카카오톡·방문(예약) 상담이 가능합니다.,임원 임기 만료를 놓쳤을 때,법인등기 | 상담 시 확인하는 내용,corporate,부산,director-change,commercial,true,,true
/blog/mortgage-cancellation-risks,blog,근저당 말소 안 할 때 문제｜부산 법무사 | 다옴법무사사무소,"근저당 말소 필요성, 채권자 협조, 상속·매매 시 리스크. 해운대 부동산등기 상담. 해운대·센텀 다옴법무사사무소에서 전화·카카오톡·방문(예약) 상담이 가능합니다.",근저당 말소를 안 하면 생기는 문제,부동산등기 | 상담 시 확인하는 내용,real-estate,부산,real-estate-registration,commercial,true,,true
/blog/new-apartment-ownership-transfer,blog,신축아파트 소유권이전등기｜부산 법무사 | 다옴법무사사무소,"신축 아파트 준공 후 등기, 선순위 말소·대출 실행 순서. 해운대·센텀 신축 단지 상담. 해운대·센텀 다옴법무사사무소에서 전화·카카오톡·방문(예약) 상담이 가능합니다.",신축아파트 소유권이전등기,부동산등기 | 상담 시 확인하는 내용,real-estate,부산,ownership-transfer,commercial,true,,true
/blog/one-person-company-establishment-checklist,blog,1인 법인설립 체크리스트｜부산 법무사 | 다옴법무사사무소,1인 주주 법인 설립 서류·순서·세금. 해운대·센텀 창업 법인설립 상담. 해운대·센텀 다옴법무사사무소에서 전화·카카오톡·방문(예약) 상담이 가능합니다.,1인 법인설립 체크리스트,법인등기 | 상담 시 확인하는 내용,corporate,부산,company-establishment,commercial,true,,true
/blog/overseas-heir-inheritance-busan,blog,해외 거주 상속인 상속등기｜부산 법무사 | 다옴법무사사무소,"해외 상속인 위임장·영사확인·공증, 상속재산분할. 부산·해운대 국제 상속 상담. 해운대·센텀 다옴법무사사무소에서 전화·카카오톡·방문(예약) 상담이 가능합니다.",해외 거주 상속인이 있을 때,상속 안내 | 상담 시 확인하는 내용,inheritance,부산,inheritance-registration,commercial,true,,true
/blog/payment-order-application-pre-check,blog,지급명령 신청 전 확인｜부산 법무사 | 다옴법무사사무소,지급명령 관할·서류·비용·이의. 부산지방법원 채권 회수 상담. 해운대·센텀. 해운대·센텀 다옴법무사사무소에서 전화·카카오톡·방문(예약) 상담이 가능합니다.,지급명령 신청 전 확인사항,민사·채권 | 상담 시 확인하는 내용,civil-debt,부산,personal-rehabilitation,commercial,true,,true
/blog/personal-rehabilitation-before-application,blog,개인회생 신청 전 확인사항 | 다옴법무사사무소,"개인회생 자격 요건, 준비 서류, 신청 전 체크리스트. 부산 개인회생 상담. 해운대·센텀 다옴법무사사무소에서 전화·카카오톡·방문(예약) 상담이 가능합니다.",개인회생 신청 전 확인할 점,채무조정 안내 | 상담 시 확인하는 내용,insolvency,부산,personal-rehabilitation,commercial,true,,true
/blog/personal-rehabilitation-consultation-documents,blog,개인회생 상담 전 준비서류｜부산 법무사 | 다옴법무사사무소,개인회생 소득·채무·재산 서류. 부산회생법원 신청 전 상담. 해운대·센텀. 해운대·센텀 다옴법무사사무소에서 전화·카카오톡·방문(예약) 상담이 가능합니다.,개인회생 상담 전 준비서류,회생·파산 | 상담 시 확인하는 내용,insolvency,부산,personal-rehabilitation,consult,true,,true
/blog/real-estate-ownership-transfer-procedure,blog,부동산 소유권이전등기 절차 | 다옴법무사사무소,"매매·증여 소유권이전등기 단계, 취득세, 필요 서류. 부산 부동산등기 상담. 해운대·센텀 다옴법무사사무소에서 전화·카카오톡·방문(예약) 상담이 가능합니다.",부동산 소유권이전등기 진행 절차,부동산 안내 | 상담 시 확인하는 내용,real-estate,부산,ownership-transfer,commercial,true,,true
/blog/salaried-worker-rehabilitation-eligibility,blog,급여소득자 개인회생 가능성｜부산 법무사 | 다옴법무사사무소,직장인 개인회생 소득·채무 기준. 부산회생법원. 해운대·센텀 상담. 해운대·센텀 다옴법무사사무소에서 전화·카카오톡·방문(예약) 상담이 가능합니다.,급여소득자 개인회생 가능성,회생·파산 | 상담 시 확인하는 내용,insolvency,부산,personal-rehabilitation,commercial,true,,true
/blog/startup-corporate-registration-checklist,blog,스타트업 법인등기 실무 체크｜센텀 법무사 | 다옴법무사사무소,스타트업 임원변경·증자·본점이전 등기. 해운대·센텀 창업 법인 상담. 해운대·센텀 다옴법무사사무소에서 전화·카카오톡·방문(예약) 상담이 가능합니다.,스타트업 법인등기 실무 체크,법인등기 | 상담 시 확인하는 내용,corporate,센텀,company-establishment,commercial,true,,true
/blog/three-months-after-death-inheritance,blog,사망 후 3개월 지나면?｜부산 상속 법무사 | 다옴법무사사무소,"상속포기·한정승인 3개월 기한, 단순승인·상속등기 과태료. 해운대·센텀 긴급 상담. 해운대·센텀 다옴법무사사무소에서 전화·카카오톡·방문(예약) 상담이 가능합니다.",사망 후 3개월이 지났을 때,상속 안내 | 상담 시 확인하는 내용,inheritance,부산,qualified-acceptance,commercial,true,,true
/blog/when-jeonse-right-registration-needed,blog,전세권 설정이 필요한 경우｜부산 법무사 | 다옴법무사사무소,"전세권 설정등기 필요 시점, 보증금 보호, 임차권등기명령 비교. 해운대·수영구 전세 상담. 해운대·센텀 다옴법무사사무소에서 전화·카카오톡·방문(예약) 상담이 가능합니다.",전세권 설정이 필요한 경우,부동산등기 | 상담 시 확인하는 내용,real-estate,부산,real-estate-registration,commercial,true,,true
/blog/when-seller-withholds-registration-documents,blog,매도인 등기서류 거부 대응｜부산 법무사 | 다옴법무사사무소,매도인이 소유권이전등기 서류를 안 줄 때 계약 이행·내용증명·소송 검토. 부산 부동산등기 상담. 해운대·센텀 다옴법무사사무소에서 전화·카카오톡·방문(예약) 상담이 가능합니다.,매도인이 등기서류를 안 줄 때,부동산등기 | 상담 시 확인하는 내용,real-estate,부산,ownership-transfer,documents,true,,true
/blog/when-siblings-refuse-inheritance-registration,blog,형제 상속등기 협조 거부 대응｜부산 법무사 | 다옴법무사사무소,공동상속인이 등기에 협조하지 않을 때 분할협의·지분등기·소송 검토 순서. 센텀·해운대 상속 상담. 해운대·센텀 다옴법무사사무소에서 전화·카카오톡·방문(예약) 상담이 가능합니다.,형제가 상속등기 협조를 안 할 때,상속 안내 | 상담 시 확인하는 내용,inheritance,부산,inheritance-registration,commercial,true,,true
/blog/when-to-consult-real-estate-registration-lawyer,blog,부동산등기 법무사 상담이 필요한 때｜부산 | 다옴법무사사무소,근저당·공동명의·상속·매도인 불응 등 법무사 상담이 필요한 부동산등기 사례. 해운대·센텀. 해운대·센텀 다옴법무사사무소에서 전화·카카오톡·방문(예약) 상담이 가능합니다.,부동산등기 법무사 상담이 필요한 경우,부동산등기 | 상담 시 확인하는 내용,real-estate,부산,real-estate-registration,consult,true,,true
/services/cases/busan-personal-rehabilitation-consultation,case,부산 개인회생 상담 사례 | 다옴법무사사무소,개인회생 검토 상담 실무 사례. 부산 채무조정 안윤정 법무사. 해운대·센텀 다옴법무사사무소에서 전화·카카오톡·방문(예약) 상담이 가능합니다.,부산 개인회생 상담 사례,사례 배경 | 상담 시 확인하는 내용,insolvency,부산,personal-rehabilitation,consult,true,,true
/services/cases/centum-ownership-transfer-case,case,센텀 소유권이전등기 사례 | 다옴법무사사무소,센텀 오피스텔 매매 소유권이전등기 실무 사례. 안윤정 법무사. 해운대·센텀 다옴법무사사무소에서 전화·카카오톡·방문(예약) 상담이 가능합니다.,센텀 부동산 소유권이전등기 사례,사례 배경 | 상담 시 확인하는 내용,real-estate,센텀,ownership-transfer,consult,true,,true
/services/cases/dongnae-qualified-acceptance-consultation,case,동래구 한정승인 상담 사례 | 다옴법무사사무소,채무·재산 동시 상속 한정승인 검토 사례. 안윤정 법무사. 해운대·센텀 다옴법무사사무소에서 전화·카카오톡·방문(예약) 상담이 가능합니다.,동래구 한정승인 상담 사례,사례 배경 | 상담 시 확인하는 내용,inheritance,동래,qualified-acceptance,consult,true,,true
/services/cases/gijang-land-inheritance-case,case,기장군 토지 상속등기 사례 | 다옴법무사사무소,기장군 농지 상속등기 실무 사례. 부산·기장 안윤정 법무사. 해운대·센텀 다옴법무사사무소에서 전화·카카오톡·방문(예약) 상담이 가능합니다.,기장군 토지 상속등기 사례,사례 배경 | 상담 시 확인하는 내용,inheritance,기장,inheritance-registration,consult,true,,true
/services/cases/haeundae-inheritance-registration-case,case,해운대구 상속등기 사례 | 다옴법무사사무소,해운대 아파트 복수 상속인 상속등기 실무 사례. 안윤정 법무사. 해운대·센텀 다옴법무사사무소에서 전화·카카오톡·방문(예약) 상담이 가능합니다.,해운대구 상속등기 사례,사례 배경 | 상담 시 확인하는 내용,inheritance,해운대,inheritance-registration,consult,true,,true
/services/cases/jaesong-inheritance-renunciation-consultation,case,재송동 상속포기 상담 사례 | 다옴법무사사무소,채무 상속 상속포기 검토 상담 사례. 해운대·재송동 안윤정 법무사. 해운대·센텀 다옴법무사사무소에서 전화·카카오톡·방문(예약) 상담이 가능합니다.,재송동 상속포기 상담 사례,사례 배경 | 상담 시 확인하는 내용,inheritance,재송,inheritance-renunciation,consult,true,,true
/services/cases/suyeong-company-establishment-case,case,수영구 법인설립등기 사례 | 다옴법무사사무소,수영구 주식회사 설립등기 실무 사례. 부산 법인등기 안윤정 법무사. 해운대·센텀 다옴법무사사무소에서 전화·카카오톡·방문(예약) 상담이 가능합니다.,수영구 법인설립등기 사례,사례 배경 | 상담 시 확인하는 내용,corporate,수영,company-establishment,consult,true,,true
/services/cases/yeonje-director-change-case,case,연제구 임원변경등기 사례 | 다옴법무사사무소,연제구 법인 대표이사 변경 등기 실무 사례. 안윤정 법무사. 해운대·센텀 다옴법무사사무소에서 전화·카카오톡·방문(예약) 상담이 가능합니다.,연제구 임원변경등기 사례,사례 배경 | 상담 시 확인하는 내용,corporate,연제,director-change,consult,true,,true
/faq/bankruptcy-discharge-faq,faq,파산 면책이란｜면책 불허가 사유 | 다옴법무사사무소,면책 결정이 나면 원칙적으로 면책 대상 채무의 변제 의무가 면제됩니다. 예외 채무가 있을 수 있습니다. 해운대·센텀 다옴법무사사무소에서 전화·카카오톡·방문(예약) 상담이 가능합니다.,파산 면책이 되면 채무는 어떻게 되나요?,답변 요약 | 상담 시 확인하는 내용,insolvency,,bankruptcy,commercial,true,,true
/faq/bankruptcy-vs-rehabilitation-faq,faq,개인회생 vs 파산｜소득·재산별 선택 | 다옴법무사사무소,"소득 유무, 채무 규모, 재산·부양 가족 상황에 따라 적합한 제도가 다릅니다. 본인 상황에 맞게 상담이 필요합니다. 해운대·센텀 다옴법무사사무소에서 전화·카카오톡·방문(예약) 상담이 가능합니다.",파산과 개인회생 중 무엇을 선택해야 하나요?,답변 요약 | 상담 시 확인하는 내용,insolvency,,bankruptcy,commercial,true,,true
/faq/capital-increase-registration-faq,faq,유상증자 등기｜절차·서류·등록면허세 | 다옴법무사사무소,"주주총회 결의, 정관 변경(해당 시), 신주 발행·납입 후 등기소에 신청합니다. 전국 비대면 상담으로 정관·결의에 따른 서류를 안내받을 수 있습니다.",유상증자 등기는 어떻게 하나요?,답변 요약 | 상담 시 확인하는 내용,corporate,,corporate-registration,commercial,true,,true
/faq/company-establishment-documents-faq,faq,법인설립등기 필요서류｜정관·납입·인감 | 다옴법무사사무소,"정관, 발기인·주주 동의서, 자본금 납입 증명, 본점 사용 승낙서, 임원 인감증명서 등이 필요합니다. 전국 비대면 상담으로 설립 전 체크리스트를 받을 수 있습니다.",법인설립등기에 필요한 서류는?,답변 요약 | 상담 시 확인하는 내용,corporate,,company-establishment,documents,true,,true
/faq/corporate-address-change-faq,faq,법인 본점이전등기｜관할·서류·절차 | 다옴법무사사무소,주주총회·이사회 결의 후 새 본점 소재지 사용 승낙서 등을 갖추어 등기소에 신청합니다. 전국 비대면 상담으로 관할 변경 여부를 먼저 확인할 수 있습니다.,법인 본점 이전 등기는 어떻게 하나요?,답변 요약 | 상담 시 확인하는 내용,corporate,,corporate-registration,commercial,true,,true
/faq/director-change-deadline-faq,faq,임원변경등기 기한｜과태료·결의 후 신청 | 다옴법무사사무소,주주총회·이사회 결의 후 일정 기한 내 등기소에 신청해야 합니다. 부산 방문 없이 전국 비대면 상담으로 기한·서류를 확인할 수 있습니다. 해운대·센텀 다옴법무사사무소에서 전화·카카오톡·방문(예약) 상담이 가능합니다.,임원변경등기는 언제까지 해야 하나요?,답변 요약 | 상담 시 확인하는 내용,corporate,,director-change,commercial,true,,true
/faq/gift-registration-faq,faq,증여등기 절차｜세금·서류·명의변경 | 다옴법무사사무소,"네, 증여에 따른 소유권이전등기가 필요합니다. 취득세 신고·납부 후 등기소에 신청합니다. 해운대·센텀 다옴법무사사무소에서 전화·카카오톡·방문(예약) 상담이 가능합니다.",증여로 받은 부동산도 등기가 필요한가요?,답변 요약 | 상담 시 확인하는 내용,real-estate,,ownership-transfer,commercial,true,,true
/faq/how-to-book-consultation-faq,faq,법무사 상담 예약｜전화·카카오·방문 | 다옴법무사사무소,"전화, 카카오톡, 네이버 톡톡, 상담 신청 페이지로 연락하실 수 있습니다. 부산 방문 없이 전국 비대면 상담이 가능하며, 방문은 예약 후 이용해 주세요.",상담은 어떻게 예약하나요?,답변 요약 | 상담 시 확인하는 내용,faq,,,consult,true,,true
/faq/inheritance-registration-cost,faq,상속등기 비용｜전국 비대면 상담으로 … | 다옴법무사사무소,상속등기 비용은 부동산 가액·건수·상속인 수에 따라 달라집니다. 부산에 오지 않아도 전화·카카오톡으로 전국 비대면 상담이 가능합니다. 수임료와 공과금을 구분해 안내합니다.,상속등기 비용은 얼마나 드나요?,답변 요약 | 상담 시 확인하는 내용,inheritance,,inheritance-registration,cost,true,,true
/faq/inheritance-registration-with-mortgage,faq,근저당 있는 부동산 상속등기｜대출·말소 확인 | 다옴법무사사무소,"가능합니다. 저당권은 그대로 남을 수 있어 채무 정리 방향을 함께 검토해야 하며, 부산 방문 없이 전국 비대면 상담이 가능합니다. 해운대·센텀 다옴법무사사무소에서 전화·카카오톡·방문(예약) 상담이 가능합니다.",대출(저당권)이 있는 부동산도 상속등기가 되나요?,답변 요약 | 상담 시 확인하는 내용,inheritance,,inheritance-registration,commercial,true,,true
/faq/inheritance-renunciation-deadline,faq,상속포기 기한 3개월｜안 날부터 신고 절차 | 다옴법무사사무소,상속 개시와 상속인임을 안 날로부터 3개월 이내에 가정법원에 신고해야 합니다. 기한이 촉박할수록 전국 비대면 상담으로 빠르게 확인하세요. 해운대·센텀 다옴법무사사무소에서 전화·카카오톡·방문(예약) 상담이 가능합니다.,상속포기 신고 기한은 언제인가요?,답변 요약 | 상담 시 확인하는 내용,inheritance,,inheritance-renunciation,commercial,true,,true
/faq/inheritance-renunciation-family-effect,faq,상속포기 후 배우자·자녀 영향｜대습상속 주의 | 다옴법무사사무소,"상속 순위에 따라 다음 상속인에게 상속이 넘어갑니다. 가족 구성에 따라 영향이 달라지며, 전국 비대면 상담으로 가족 전체 구조를 검토할 수 있습니다.",상속포기하면 배우자·자녀에게 어떤 영향이 있나요?,답변 요약 | 상담 시 확인하는 내용,inheritance,,inheritance-renunciation,commercial,true,,true
/faq/jeonse-registration-faq,faq,전세권설정 vs 임차권등기명령｜차이·선택 | 다옴법무사사무소,"임대인 협조 여부, 보증금 규모, 계약 형태에 따라 다릅니다. 둘 다 전세 보호를 위한 방법입니다. 해운대·센텀 다옴법무사사무소에서 전화·카카오톡·방문(예약) 상담이 가능합니다.",전세권설정등기와 임차권등기명령 중 무엇이 좋나요?,답변 요약 | 상담 시 확인하는 내용,real-estate,,real-estate-registration,commercial,true,,true
/faq/lawyer-fee-and-remote-faq,faq,법무사 수임료｜전국 비대면 상담 견적 | 다옴법무사사무소,"사건 종류, 부동산 가액, 채권·채무 규모 등에 따라 달라집니다. 부산 방문 없이 전국 비대면 상담으로 예상 수임료와 등기 비용을 투명하게 안내받을 수 있습니다.",법무사 수임료는 어떻게 되나요?,답변 요약 | 상담 시 확인하는 내용,faq,,,consult,true,,true
/faq/multiple-heirs-inheritance-registration,faq,상속인이 여럿일 때 상속등기｜협의분할·지분 | 다옴법무사사무소,공동상속인은 협의서로 지분·단독 상속 등을 정한 뒤 등기합니다. 상속인이 여러 지역에 있어도 전국 비대면 상담·서류 정리가 가능합니다. 해운대·센텀 다옴법무사사무소에서 전화·카카오톡·방문(예약) 상담이 가능합니다.,상속인이 여러 명이면 어떻게 하나요?,답변 요약 | 상담 시 확인하는 내용,inheritance,,inheritance-registration,commercial,true,,true
/faq/ownership-transfer-documents,faq,소유권이전등기 서류｜매매·잔금 후 확인 | 다옴법무사사무소,"매매계약서, 양도인·취득자 인감증명서, 등기부등본, 취득세 납부 영수증 등이 일반적으로 필요합니다. 해운대·센텀 다옴법무사사무소에서 전화·카카오톡·방문(예약) 상담이 가능합니다.",소유권이전등기에 필요한 서류는?,답변 요약 | 상담 시 확인하는 내용,real-estate,,ownership-transfer,documents,true,,true
/faq/personal-rehabilitation-credit-faq,faq,개인회생 후 신용｜면책·거래 영향 | 다옴법무사사무소,"신용정보 기록, 금융 거래 제한 등 일정 기간 영향이 있을 수 있습니다. 면책 후에도 회복까지 시간이 걸릴 수 있습니다. 해운대·센텀 다옴법무사사무소에서 전화·카카오톡·방문(예약) 상담이 가능합니다.",개인회생 후 신용에는 어떤 영향이 있나요?,답변 요약 | 상담 시 확인하는 내용,insolvency,,personal-rehabilitation,commercial,true,,true
/faq/personal-rehabilitation-documents-faq,faq,개인회생 필요서류｜급여·채무목록·재산 | 다옴법무사사무소,"신분증, 소득 증빙, 채권자별 채무 내역, 재산 목록, 가족관계 증명 등이 일반적으로 필요합니다. 해운대·센텀 다옴법무사사무소에서 전화·카카오톡·방문(예약) 상담이 가능합니다.",개인회생 신청 시 필요한 서류는?,답변 요약 | 상담 시 확인하는 내용,insolvency,,personal-rehabilitation,documents,true,,true
/faq/personal-rehabilitation-duration-faq,faq,개인회생 기간｜변제계획 3~5년 기준 | 다옴법무사사무소,"신청부터 개시 결정, 변제 계획 인가, 변제 기간까지 사안마다 다릅니다. 수개월에서 수년이 걸릴 수 있습니다. 해운대·센텀 다옴법무사사무소에서 전화·카카오톡·방문(예약) 상담이 가능합니다.",개인회생 절차는 얼마나 걸리나요?,답변 요약 | 상담 시 확인하는 내용,insolvency,,personal-rehabilitation,commercial,true,,true
/faq/personal-rehabilitation-eligibility-faq,faq,개인회생 신청 자격｜소득·채무·재산 기준 | 다옴법무사사무소,"채무 총액, 소득, 재산, 최근 채무 발생 등 여러 요건을 종합해 판단합니다. 무조건 신청 가능한 것은 아닙니다. 해운대·센텀 다옴법무사사무소에서 전화·카카오톡·방문(예약) 상담이 가능합니다.",개인회생 신청 자격은 어떻게 되나요?,답변 요약 | 상담 시 확인하는 내용,insolvency,,personal-rehabilitation,commercial,true,,true
/faq/preservation-registration-faq,faq,보존등기란｜신축건물 소유권보존 | 다옴법무사사무소,사용승인 후 건축물대장과 소유권 서류를 정리한 뒤 보존등기를 진행하는 경우가 많습니다. 부산 신축건물 보존등기 안내. 해운대·센텀 다옴법무사사무소에서 전화·카카오톡·방문(예약) 상담이 가능합니다.,신축건물 보존등기는 언제 하나요?,답변 요약 | 상담 시 확인하는 내용,real-estate,,real-estate-registration,commercial,true,,true
/faq/public-agency-registration-faq,faq,공공기관 관련 등기｜서류·절차 확인 | 다옴법무사사무소,공공기관·공기업 등기업무 위탁 범위와 상담 전 확인사항. 부산 공공기관 등기 법무사 안내. 해운대·센텀 다옴법무사사무소에서 전화·카카오톡·방문(예약) 상담이 가능합니다.,공공기관 등기업무도 법무사에게 맡길 수 있나요?,답변 요약 | 상담 시 확인하는 내용,real-estate,,corporate-registration,commercial,true,,true
/faq/qualified-acceptance-procedure,faq,한정승인 절차｜재산목록·가정법원 신고 | 다옴법무사사무소,"가정법원에 한정승인 신고서를 제출합니다. 3개월 기한 내 신고가 필요하며, 부산 방문 없이 전국 비대면으로 신고·후속 등기를 안내받을 수 있습니다.",한정승인 절차는 어떻게 되나요?,답변 요약 | 상담 시 확인하는 내용,inheritance,,qualified-acceptance,commercial,true,,true
/faq/qualified-acceptance-vs-simple-acceptance,faq,한정승인 vs 단순승인｜채무 승계 차이 | 다옴법무사사무소,"단순승인은 채무까지 무제한 승계하고, 한정승인은 재산 범위로 채무를 제한합니다. 부산 방문 없이 전국 비대면 상담으로 선택을 검토하세요. 해운대·센텀 다옴법무사사무소에서 전화·카카오톡·방문(예약) 상담이 가능합니다.",한정승인과 단순승인의 차이는?,답변 요약 | 상담 시 확인하는 내용,inheritance,,qualified-acceptance,commercial,true,,true
/faq/real-estate-divorce-registration,faq,이혼 후 부동산 명의변경｜재산분할등기 | 다옴법무사사무소,협의이혼·재판이혼에 따라 절차가 다릅니다. 이전 등기·명의 변경 등기가 필요할 수 있습니다. 해운대·센텀 다옴법무사사무소에서 전화·카카오톡·방문(예약) 상담이 가능합니다.,이혼 후 부동산 명의 변경은 어떻게 하나요?,답변 요약 | 상담 시 확인하는 내용,real-estate,,ownership-transfer,commercial,true,,true
/faq/renouncing-share-vs-full-renunciation,faq,상속분 포기 vs 상속포기｜차이·선택 기준 | 다옴법무사사무소,"상속분 포기는 일부만 포기하는 것이고, 상속포기는 상속 전체를 포기합니다. 차이를 전국 비대면 상담으로 사안에 맞게 확인할 수 있습니다. 해운대·센텀 다옴법무사사무소에서 전화·카카오톡·방문(예약) 상담이 가능합니다.",상속분 포기와 상속포기는 다른가요?,답변 요약 | 상담 시 확인하는 내용,inheritance,,inheritance-renunciation,commercial,true,,true
/faq/what-is-inheritance-renunciation,faq,상속포기란｜채무 승계 차단·가정법원 신고 | 다옴법무사사무소,"상속을 받지 않겠다고 법원에 신고하는 제도입니다. 본인에게 피상속인의 채무가 넘어오지 않으며, 전국 비대면 상담으로 제도·효과를 확인할 수 있습니다.",상속포기란 무엇인가요?,답변 요약 | 상담 시 확인하는 내용,inheritance,,inheritance-renunciation,commercial,true,,true
/faq/what-is-qualified-acceptance,faq,한정승인이란｜재산 범위 내 채무만 책임 | 다옴법무사사무소,"상속은 하되, 채무를 피상속인의 재산 범위 안으로 제한하는 제도입니다. 부산 방문 없이 전국 비대면 상담으로 상속포기와 비교 검토가 가능합니다.",한정승인이란 무엇인가요?,답변 요약 | 상담 시 확인하는 내용,inheritance,,qualified-acceptance,commercial,true,,true
/faq/when-to-choose-qualified-acceptance,faq,한정승인 선택 시기｜채무 불분명할 때 | 다옴법무사사무소,"재산과 채무가 모두 있고, 채무가 재산을 초과할 가능성이 있을 때 검토합니다. 전국 비대면 상담으로 숫자·자료부터 함께 정리할 수 있습…",언제 한정승인을 선택하나요?,답변 요약 | 상담 시 확인하는 내용,inheritance,,qualified-acceptance,commercial,true,,true
/faq/when-to-file-inheritance-registration,faq,상속등기 기한｜사망 후 언제까지｜절차·과태료 | 다옴법무사사무소,상속이 개시된 날(사망일)부터 3개월 이내에 신고·등기를 해야 합니다. 부산 방문 없이 전국 비대면 상담으로 기한·과태료 여부를 확인할 수 있습니다.,상속등기는 언제까지 해야 하나요?,답변 요약 | 상담 시 확인하는 내용,inheritance,,inheritance-registration,commercial,true,,true
/faq/who-can-file-bankruptcy-faq,faq,개인파산 신청 자격｜면책 가능 여부 | 다옴법무사사무소,지급불능 상태에 빠진 채무자 등 일정 요건을 갖춘 경우 신청할 수 있습니다. 자격 여부는 상담으로 확인합니다. 해운대·센텀 다옴법무사사무소에서 전화·카카오톡·방문(예약) 상담이 가능합니다.,누가 파산을 신청할 수 있나요?,답변 요약 | 상담 시 확인하는 내용,insolvency,,bankruptcy,commercial,true,,true
/faq/who-needs-inheritance-registration,faq,상속등기가 필요한 경우｜공동상속·명의변경 | 다옴법무사사무소,"피상속인 명의의 부동산·토지를 상속받은 상속인이 등기를 신청합니다. 공동상속인이면 협의 후 진행하며, 전국 비대면 상담으로 신청 주체·지분을 정리할 수 있습니다.",누가 상속등기를 해야 하나요?,답변 요약 | 상담 시 확인하는 내용,inheritance,,inheritance-registration,commercial,true,,true
/media/weeklypeople-youth-judicial-scrivener-ahn,media,주간인물 — 지역 법조계에 활력이 되… | 다옴법무사사무소,"주간인물 인터뷰. 안윤정 다옴법무사사무소 대표 법무사 — 대한법무사협회 표창, 해운대 센텀 청년채움공간 개소, 생활법률 강연·정책 자문…",지역 법조계에 활력이 되는 청년 법무사! - 안윤정 다옴법무사사무소 대표 법무사,원문 기사 | 보도 내용 | 이어지는 내용 | 이어지는 내용 | 이어지는 내용 | 상담 시 확인하는 내용,media,부산,,commercial,true,,true
/media/busan-mbc-news-fuel-price-relief-expert,media,부산 MBC NEWS — 부산 MBC… | 다옴법무사사무소,부산 MBC NEWS 고유가 피해지원금 제도 관련 전문가 촬영. 안윤정 법무사 출연. 해운대·센텀 다옴법무사사무소에서 전화·카카오톡·방문(예약) 상담이 가능합니다.,부산 MBC NEWS 전문가 출연,원문 기사 | 보도 내용 | 이어지는 내용 | 이어지는 내용 | 상담 시 확인하는 내용,media,부산,,commercial,true,,true
/media/busan-ilbo-bar-association-64th-general-assembly,media,부산일보 — 부산지방법무사회 제64회… | 다옴법무사사무소,부산지방법무사회 제64회 정기총회 개최. 안윤정 법무사 대한법무사협회 표창 수상. 해운대·센텀 다옴법무사사무소에서 전화·카카오톡·방문(예약) 상담이 가능합니다.,부산지방법무사회 제64회 정기총회 개최,원문 기사 | 보도 내용 | 이어지는 내용 | 이어지는 내용 | 이어지는 내용 | 상담 시 확인하는 내용,media,부산,,commercial,true,,true
/media/kukje-sinmun-bar-association-64th-general-assembly,media,국제신문 — 부산지방법무사회 정기총회… | 다옴법무사사무소,부산지방법무사회 제64회 정기총회. 공익 법률서비스 확대 강화. 안윤정 법무사 대한법무사협회 표창. 해운대·센텀 다옴법무사사무소에서 전화·카카오톡·방문(예약) 상담이 가능합니다.,부산지방법무사회 정기총회 “공익 법률서비스 확대 강화”,원문 기사 | 보도 내용 | 이어지는 내용 | 이어지는 내용 | 이어지는 내용 | 상담 시 확인하는 내용,media,부산,,commercial,true,,true
/media/beopryul-sinmun-bar-association-64th-general-assembly,media,"법률신문 — 부산지방법무사회, 제64… | 다옴법무사사무소",부산지방법무사회 제64회 정기총회 개최. 안윤정 법무사 대한법무사협회 표창패 수상. 해운대·센텀 다옴법무사사무소에서 전화·카카오톡·방문(예약) 상담이 가능합니다.,"부산지방법무사회, 제64회 정기총회 개최",원문 기사 | 보도 내용 | 이어지는 내용 | 이어지는 내용 | 이어지는 내용 | 상담 시 확인하는 내용,media,부산,,commercial,true,,true
/cases,core,사례 탐색기 — 부산 법무사 실무 사례 | 다옴법무사사무소,상속·부동산등기·법인등기·전세보증금·민사서류·회생파산 등 업무별 사례를 카테고리·상황·지역으로 찾아볼 수 있습니다. 부산 다옴법무사사무소 안윤정 법무사 실무 사례.,나와 비슷한 사례를 찾아보세요,탐색 가능한 분류 | 상담 시 확인하는 내용,inheritance,부산,inheritance,commercial,false,,false
/업무사례,case,업무 사례｜부산 법무사 지역·업무별 안내 | 다옴법무사사무소,부산 법무사 업무 사례를 전체·지역별·업무별로 찾아보세요. 구·군·동·생활권 안내와 상속·부동산·법인·회생 사례를 연결합니다. 해운대·센텀 다옴법무사사무소에서 전화·카카오톡·방문(예약) 상담이 가능합니다.,부산 법무사 업무 사례를 지역과 업무로 찾아보세요,바로가기 | 상담 시 확인하는 내용,case,부산,,commercial,true,,true
/업무사례/지역별,case,지역별 업무 사례｜부산 구·군·동·생… | 다옴법무사사무소,부산 16개 구·군과 동·생활권·산업단지·법원 인근 법무사 업무 사례 안내. 검색과 구·군 탭으로 지역을 찾아보세요. 해운대·센텀 다옴법무사사무소에서 전화·카카오톡·방문(예약) 상담이 가능합니다.,부산 지역별 법무사 업무 사례 찾기,부산 구·군 | 상담 시 확인하는 내용,case,부산,,commercial,true,,true
/업무사례/업무별,case,업무별 업무 사례｜상속·부동산·법인·회생 | 다옴법무사사무소,상속등기·부동산등기·법인등기·개인회생 등 업무별로 부산 법무사 사례와 안내를 연결합니다. 해운대·센텀 다옴법무사사무소에서 전화·카카오톡·방문(예약) 상담이 가능합니다.,업무별로 사례와 안내를 찾아보세요,업무 유형 | 상담 시 확인하는 내용,inheritance,부산,inheritance,commercial,true,,true
/업무사례/부산법무사,case,부산 법무사 업무 사례 | 상속등기·… | 다옴법무사사무소,부산 법무사 업무 사례와 상담 안내. 상속등기·부동산등기·법인등기·개인회생. 다옴법무사사무소 안윤정 법무사. 해운대·센텀 사무소를 기준으로 부산 전역의 상속등기·부동산등기·법인등기·개인회생 상담을 진행합니다. …,부산 법무사 업무 사례 | 상속등기·부동산등기 상담 안내,부산에서 자주 문의되는 업무 | 참고용 업무 사례 | 상담 전 확인할 내용 | 방문·비대면 진행 안내 | 관련 지역 | 관련 업무,inheritance,부산,inheritance,consult,true,,true
/업무사례/중구법무사,case,중구 법무사 업무 사례 | 상속등기·… | 다옴법무사사무소,"중구 법무사 업무 사례와 상담 안내. 상속등기·부동산등기·법인등기·개인회생. 다옴법무사사무소 안윤정 법무사. 남포·광복·국제시장 등 원도심 상권이 모여 있고, 상가·주택 권리관계와 상속·매매 등기 문의가 함께 …",중구 법무사 업무 사례 | 상속등기·부동산등기 상담 안내,중구에서 자주 문의되는 업무 | 참고용 업무 사례 | 상담 전 확인할 내용 | 방문·비대면 진행 안내 | 중구에서 이어지는 세부 지역 | 관련 지역 | 관련 업무,inheritance,중구,inheritance,consult,true,,true
/업무사례/부산영주동법무사,case,부산 영주동 법무사 업무 사례 | 상… | 다옴법무사사무소,"부산 영주동 법무사 업무 사례와 상담 안내. 상속등기·부동산등기·법인등기·개인회생. 다옴법무사사무소 안윤정 법무사. 중구 영주동 일대는 남포·광복·국제시장 등 원도심 상권이 모여 있고, 상가·주택 권리관계와 상…",부산 영주동 법무사 업무 사례 | 상속등기·부동산등기 상담 안내,부산 영주동에서 자주 문의되는 업무 | 참고용 업무 사례 | 상담 전 확인할 내용 | 방문·비대면 진행 안내 | 관련 지역 | 관련 업무,inheritance,부산,inheritance,consult,true,,true
/업무사례/부산대청동법무사,case,부산 대청동 법무사 업무 사례 | 상… | 다옴법무사사무소,"부산 대청동 법무사 업무 사례와 상담 안내. 상속등기·부동산등기·법인등기·개인회생. 다옴법무사사무소 안윤정 법무사. 중구 대청동 일대는 남포·광복·국제시장 등 원도심 상권이 모여 있고, 상가·주택 권리관계와 상…",부산 대청동 법무사 업무 사례 | 상속등기·부동산등기 상담 안내,부산 대청동에서 자주 문의되는 업무 | 참고용 업무 사례 | 상담 전 확인할 내용 | 방문·비대면 진행 안내 | 관련 지역 | 관련 업무,inheritance,부산,inheritance,consult,true,,true
/업무사례/부산동광동법무사,case,부산 동광동 법무사 업무 사례 | 상… | 다옴법무사사무소,"부산 동광동 법무사 업무 사례와 상담 안내. 상속등기·부동산등기·법인등기·개인회생. 다옴법무사사무소 안윤정 법무사. 중구 동광동 일대는 남포·광복·국제시장 등 원도심 상권이 모여 있고, 상가·주택 권리관계와 상…",부산 동광동 법무사 업무 사례 | 상속등기·부동산등기 상담 안내,부산 동광동에서 자주 문의되는 업무 | 참고용 업무 사례 | 상담 전 확인할 내용 | 방문·비대면 진행 안내 | 관련 지역 | 관련 업무,inheritance,부산,inheritance,consult,true,,true
/업무사례/부산보수동법무사,case,부산 보수동 법무사 업무 사례 | 상… | 다옴법무사사무소,"부산 보수동 법무사 업무 사례와 상담 안내. 상속등기·부동산등기·법인등기·개인회생. 다옴법무사사무소 안윤정 법무사. 중구 보수동 일대는 남포·광복·국제시장 등 원도심 상권이 모여 있고, 상가·주택 권리관계와 상…",부산 보수동 법무사 업무 사례 | 상속등기·부동산등기 상담 안내,부산 보수동에서 자주 문의되는 업무 | 참고용 업무 사례 | 상담 전 확인할 내용 | 방문·비대면 진행 안내 | 관련 지역 | 관련 업무,inheritance,부산,inheritance,consult,true,,true
/업무사례/부산신창동법무사,case,부산 신창동 법무사 업무 사례 | 상… | 다옴법무사사무소,"부산 신창동 법무사 업무 사례와 상담 안내. 상속등기·부동산등기·법인등기·개인회생. 다옴법무사사무소 안윤정 법무사. 중구 신창동 일대는 남포·광복·국제시장 등 원도심 상권이 모여 있고, 상가·주택 권리관계와 상…",부산 신창동 법무사 업무 사례 | 상속등기·부동산등기 상담 안내,부산 신창동에서 자주 문의되는 업무 | 참고용 업무 사례 | 상담 전 확인할 내용 | 방문·비대면 진행 안내 | 관련 지역 | 관련 업무,inheritance,부산,inheritance,consult,true,,true
/업무사례/부산창선동법무사,case,부산 창선동 법무사 업무 사례 | 상… | 다옴법무사사무소,"부산 창선동 법무사 업무 사례와 상담 안내. 상속등기·부동산등기·법인등기·개인회생. 다옴법무사사무소 안윤정 법무사. 중구 창선동 일대는 남포·광복·국제시장 등 원도심 상권이 모여 있고, 상가·주택 권리관계와 상…",부산 창선동 법무사 업무 사례 | 상속등기·부동산등기 상담 안내,부산 창선동에서 자주 문의되는 업무 | 참고용 업무 사례 | 상담 전 확인할 내용 | 방문·비대면 진행 안내 | 관련 지역 | 관련 업무,inheritance,부산,inheritance,consult,true,,true
/업무사례/부산대창동법무사,case,부산 대창동 법무사 업무 사례 | 상… | 다옴법무사사무소,"부산 대창동 법무사 업무 사례와 상담 안내. 상속등기·부동산등기·법인등기·개인회생. 다옴법무사사무소 안윤정 법무사. 중구 대창동 일대는 남포·광복·국제시장 등 원도심 상권이 모여 있고, 상가·주택 권리관계와 상…",부산 대창동 법무사 업무 사례 | 상속등기·부동산등기 상담 안내,부산 대창동에서 자주 문의되는 업무 | 참고용 업무 사례 | 상담 전 확인할 내용 | 방문·비대면 진행 안내 | 관련 지역 | 관련 업무,inheritance,부산,inheritance,consult,true,,true
/업무사례/부산남포동법무사,case,부산 남포동 법무사 업무 사례 | 상… | 다옴법무사사무소,"부산 남포동 법무사 업무 사례와 상담 안내. 상속등기·부동산등기·법인등기·개인회생. 다옴법무사사무소 안윤정 법무사. 중구 남포동 일대는 남포·광복·국제시장 등 원도심 상권이 모여 있고, 상가·주택 권리관계와 상…",부산 남포동 법무사 업무 사례 | 상속등기·부동산등기 상담 안내,부산 남포동에서 자주 문의되는 업무 | 참고용 업무 사례 | 상담 전 확인할 내용 | 방문·비대면 진행 안내 | 관련 지역 | 관련 업무,inheritance,부산,inheritance,consult,true,,true
/업무사례/부산광복동법무사,case,부산 광복동 법무사 업무 사례 | 상… | 다옴법무사사무소,"부산 광복동 법무사 업무 사례와 상담 안내. 상속등기·부동산등기·법인등기·개인회생. 다옴법무사사무소 안윤정 법무사. 중구 광복동 일대는 남포·광복·국제시장 등 원도심 상권이 모여 있고, 상가·주택 권리관계와 상…",부산 광복동 법무사 업무 사례 | 상속등기·부동산등기 상담 안내,부산 광복동에서 자주 문의되는 업무 | 참고용 업무 사례 | 상담 전 확인할 내용 | 방문·비대면 진행 안내 | 관련 지역 | 관련 업무,inheritance,부산,inheritance,consult,true,,true
/업무사례/부산부평동법무사,case,부산 부평동 법무사 업무 사례 | 상… | 다옴법무사사무소,"부산 부평동 법무사 업무 사례와 상담 안내. 상속등기·부동산등기·법인등기·개인회생. 다옴법무사사무소 안윤정 법무사. 중구 부평동 일대는 남포·광복·국제시장 등 원도심 상권이 모여 있고, 상가·주택 권리관계와 상…",부산 부평동 법무사 업무 사례 | 상속등기·부동산등기 상담 안내,부산 부평동에서 자주 문의되는 업무 | 참고용 업무 사례 | 상담 전 확인할 내용 | 방문·비대면 진행 안내 | 관련 지역 | 관련 업무,inheritance,부산,inheritance,consult,true,,true
/업무사례/부산중앙동법무사,case,부산 중앙동 법무사 업무 사례 | 상… | 다옴법무사사무소,"부산 중앙동 법무사 업무 사례와 상담 안내. 상속등기·부동산등기·법인등기·개인회생. 다옴법무사사무소 안윤정 법무사. 중구 중앙동 일대는 남포·광복·국제시장 등 원도심 상권이 모여 있고, 상가·주택 권리관계와 상…",부산 중앙동 법무사 업무 사례 | 상속등기·부동산등기 상담 안내,부산 중앙동에서 자주 문의되는 업무 | 참고용 업무 사례 | 상담 전 확인할 내용 | 방문·비대면 진행 안내 | 관련 지역 | 관련 업무,inheritance,부산,inheritance,consult,true,,true
/업무사례/서구법무사,case,서구 법무사 업무 사례 | 상속등기·… | 다옴법무사사무소,"서구 법무사 업무 사례와 상담 안내. 상속등기·부동산등기·법인등기·개인회생. 다옴법무사사무소 안윤정 법무사. 대신·암남·송도 일대는 주거와 병원·해수욕장 생활권이 겹쳐, 상속·부동산 이전과 병원 인근 거주자 상…",서구 법무사 업무 사례 | 상속등기·부동산등기 상담 안내,서구에서 자주 문의되는 업무 | 참고용 업무 사례 | 상담 전 확인할 내용 | 방문·비대면 진행 안내 | 서구에서 이어지는 세부 지역 | 관련 지역 | 관련 업무,inheritance,서구,inheritance,consult,true,,true
/업무사례/부산남부민동법무사,case,부산 남부민동 법무사 업무 사례 | … | 다옴법무사사무소,"부산 남부민동 법무사 업무 사례와 상담 안내. 상속등기·부동산등기·법인등기·개인회생. 다옴법무사사무소 안윤정 법무사. 서구 남부민동 일대는 대신·암남·송도 일대는 주거와 병원·해수욕장 생활권이 겹쳐, 상속·부동…",부산 남부민동 법무사 업무 사례 | 상속등기·부동산등기 상담 안내,부산 남부민동에서 자주 문의되는 업무 | 참고용 업무 사례 | 상담 전 확인할 내용 | 방문·비대면 진행 안내 | 관련 지역 | 관련 업무,inheritance,부산,inheritance,consult,true,,true
/업무사례/부산부민동법무사,case,부산 부민동 법무사 업무 사례 | 상… | 다옴법무사사무소,"부산 부민동 법무사 업무 사례와 상담 안내. 상속등기·부동산등기·법인등기·개인회생. 다옴법무사사무소 안윤정 법무사. 서구 부민동 일대는 대신·암남·송도 일대는 주거와 병원·해수욕장 생활권이 겹쳐, 상속·부동산 …",부산 부민동 법무사 업무 사례 | 상속등기·부동산등기 상담 안내,부산 부민동에서 자주 문의되는 업무 | 참고용 업무 사례 | 상담 전 확인할 내용 | 방문·비대면 진행 안내 | 관련 지역 | 관련 업무,inheritance,부산,inheritance,consult,true,,true
/업무사례/부산부용동법무사,case,부산 부용동 법무사 업무 사례 | 상… | 다옴법무사사무소,"부산 부용동 법무사 업무 사례와 상담 안내. 상속등기·부동산등기·법인등기·개인회생. 다옴법무사사무소 안윤정 법무사. 서구 부용동 일대는 대신·암남·송도 일대는 주거와 병원·해수욕장 생활권이 겹쳐, 상속·부동산 …",부산 부용동 법무사 업무 사례 | 상속등기·부동산등기 상담 안내,부산 부용동에서 자주 문의되는 업무 | 참고용 업무 사례 | 상담 전 확인할 내용 | 방문·비대면 진행 안내 | 관련 지역 | 관련 업무,inheritance,부산,inheritance,consult,true,,true
/업무사례/부산아미동법무사,case,부산 아미동 법무사 업무 사례 | 상… | 다옴법무사사무소,"부산 아미동 법무사 업무 사례와 상담 안내. 상속등기·부동산등기·법인등기·개인회생. 다옴법무사사무소 안윤정 법무사. 서구 아미동 일대는 대신·암남·송도 일대는 주거와 병원·해수욕장 생활권이 겹쳐, 상속·부동산 …",부산 아미동 법무사 업무 사례 | 상속등기·부동산등기 상담 안내,부산 아미동에서 자주 문의되는 업무 | 참고용 업무 사례 | 상담 전 확인할 내용 | 방문·비대면 진행 안내 | 관련 지역 | 관련 업무,inheritance,부산,inheritance,consult,true,,true
/업무사례/부산초장동법무사,case,부산 초장동 법무사 업무 사례 | 상… | 다옴법무사사무소,"부산 초장동 법무사 업무 사례와 상담 안내. 상속등기·부동산등기·법인등기·개인회생. 다옴법무사사무소 안윤정 법무사. 서구 초장동 일대는 대신·암남·송도 일대는 주거와 병원·해수욕장 생활권이 겹쳐, 상속·부동산 …",부산 초장동 법무사 업무 사례 | 상속등기·부동산등기 상담 안내,부산 초장동에서 자주 문의되는 업무 | 참고용 업무 사례 | 상담 전 확인할 내용 | 방문·비대면 진행 안내 | 관련 지역 | 관련 업무,inheritance,부산,inheritance,consult,true,,true
/업무사례/부산충무동법무사,case,부산 충무동 법무사 업무 사례 | 상… | 다옴법무사사무소,"부산 충무동 법무사 업무 사례와 상담 안내. 상속등기·부동산등기·법인등기·개인회생. 다옴법무사사무소 안윤정 법무사. 서구 충무동 일대는 대신·암남·송도 일대는 주거와 병원·해수욕장 생활권이 겹쳐, 상속·부동산 …",부산 충무동 법무사 업무 사례 | 상속등기·부동산등기 상담 안내,부산 충무동에서 자주 문의되는 업무 | 참고용 업무 사례 | 상담 전 확인할 내용 | 방문·비대면 진행 안내 | 관련 지역 | 관련 업무,inheritance,부산,inheritance,consult,true,,true
/업무사례/부산토성동법무사,case,부산 토성동 법무사 업무 사례 | 상… | 다옴법무사사무소,"부산 토성동 법무사 업무 사례와 상담 안내. 상속등기·부동산등기·법인등기·개인회생. 다옴법무사사무소 안윤정 법무사. 서구 토성동 일대는 대신·암남·송도 일대는 주거와 병원·해수욕장 생활권이 겹쳐, 상속·부동산 …",부산 토성동 법무사 업무 사례 | 상속등기·부동산등기 상담 안내,부산 토성동에서 자주 문의되는 업무 | 참고용 업무 사례 | 상담 전 확인할 내용 | 방문·비대면 진행 안내 | 관련 지역 | 관련 업무,inheritance,부산,inheritance,consult,true,,true
/업무사례/부산서대신동법무사,case,부산 서대신동 법무사 업무 사례 | … | 다옴법무사사무소,"부산 서대신동 법무사 업무 사례와 상담 안내. 상속등기·부동산등기·법인등기·개인회생. 다옴법무사사무소 안윤정 법무사. 서구 서대신동 일대는 대신·암남·송도 일대는 주거와 병원·해수욕장 생활권이 겹쳐, 상속·부동…",부산 서대신동 법무사 업무 사례 | 상속등기·부동산등기 상담 안내,부산 서대신동에서 자주 문의되는 업무 | 참고용 업무 사례 | 상담 전 확인할 내용 | 방문·비대면 진행 안내 | 관련 지역 | 관련 업무,inheritance,부산,inheritance,consult,true,,true
/업무사례/부산동대신동법무사,case,부산 동대신동 법무사 업무 사례 | … | 다옴법무사사무소,"부산 동대신동 법무사 업무 사례와 상담 안내. 상속등기·부동산등기·법인등기·개인회생. 다옴법무사사무소 안윤정 법무사. 서구 동대신동 일대는 대신·암남·송도 일대는 주거와 병원·해수욕장 생활권이 겹쳐, 상속·부동…",부산 동대신동 법무사 업무 사례 | 상속등기·부동산등기 상담 안내,부산 동대신동에서 자주 문의되는 업무 | 참고용 업무 사례 | 상담 전 확인할 내용 | 방문·비대면 진행 안내 | 관련 지역 | 관련 업무,inheritance,부산,inheritance,consult,true,,true
/업무사례/부산암남동법무사,case,부산 암남동 법무사 업무 사례 | 상… | 다옴법무사사무소,"부산 암남동 법무사 업무 사례와 상담 안내. 상속등기·부동산등기·법인등기·개인회생. 다옴법무사사무소 안윤정 법무사. 서구 암남동 일대는 대신·암남·송도 일대는 주거와 병원·해수욕장 생활권이 겹쳐, 상속·부동산 …",부산 암남동 법무사 업무 사례 | 상속등기·부동산등기 상담 안내,부산 암남동에서 자주 문의되는 업무 | 참고용 업무 사례 | 상담 전 확인할 내용 | 방문·비대면 진행 안내 | 관련 지역 | 관련 업무,inheritance,부산,inheritance,consult,true,,true
/업무사례/동구법무사,case,동구 법무사 업무 사례 | 상속등기·… | 다옴법무사사무소,"동구 법무사 업무 사례와 상담 안내. 상속등기·부동산등기·법인등기·개인회생. 다옴법무사사무소 안윤정 법무사. 부산역·초량·범일 일대는 역세권과 항만 배후 상가가 이어져, 상가 매매·임대차·법인 본점 이전 문의가 자주",동구 법무사 업무 사례 | 상속등기·부동산등기 상담 안내,동구에서 자주 문의되는 업무 | 참고용 업무 사례 | 상담 전 확인할 내용 | 방문·비대면 진행 안내 | 동구에서 이어지는 세부 지역 | 관련 지역 | 관련 업무,inheritance,동구,inheritance,consult,true,,true
/업무사례/부산초량동법무사,case,부산 초량동 법무사 업무 사례 | 상… | 다옴법무사사무소,"부산 초량동 법무사 업무 사례와 상담 안내. 상속등기·부동산등기·법인등기·개인회생. 다옴법무사사무소 안윤정 법무사. 동구 초량동 일대는 부산역·초량·범일 일대는 역세권과 항만 배후 상가가 이어져, 상가 매매·임…",부산 초량동 법무사 업무 사례 | 상속등기·부동산등기 상담 안내,부산 초량동에서 자주 문의되는 업무 | 참고용 업무 사례 | 상담 전 확인할 내용 | 방문·비대면 진행 안내 | 관련 지역 | 관련 업무,inheritance,부산,inheritance,consult,true,,true
/업무사례/부산수정동법무사,case,부산 수정동 법무사 업무 사례 | 상… | 다옴법무사사무소,"부산 수정동 법무사 업무 사례와 상담 안내. 상속등기·부동산등기·법인등기·개인회생. 다옴법무사사무소 안윤정 법무사. 동구 수정동 일대는 부산역·초량·범일 일대는 역세권과 항만 배후 상가가 이어져, 상가 매매·임…",부산 수정동 법무사 업무 사례 | 상속등기·부동산등기 상담 안내,부산 수정동에서 자주 문의되는 업무 | 참고용 업무 사례 | 상담 전 확인할 내용 | 방문·비대면 진행 안내 | 관련 지역 | 관련 업무,inheritance,부산,inheritance,consult,true,,true
/업무사례/부산좌천동법무사,case,부산 좌천동 법무사 업무 사례 | 상… | 다옴법무사사무소,"부산 좌천동 법무사 업무 사례와 상담 안내. 상속등기·부동산등기·법인등기·개인회생. 다옴법무사사무소 안윤정 법무사. 동구 좌천동 일대는 부산역·초량·범일 일대는 역세권과 항만 배후 상가가 이어져, 상가 매매·임…",부산 좌천동 법무사 업무 사례 | 상속등기·부동산등기 상담 안내,부산 좌천동에서 자주 문의되는 업무 | 참고용 업무 사례 | 상담 전 확인할 내용 | 방문·비대면 진행 안내 | 관련 지역 | 관련 업무,inheritance,부산,inheritance,consult,true,,true
/업무사례/부산범일동법무사,case,부산 범일동 법무사 업무 사례 | 상… | 다옴법무사사무소,"부산 범일동 법무사 업무 사례와 상담 안내. 상속등기·부동산등기·법인등기·개인회생. 다옴법무사사무소 안윤정 법무사. 동구 범일동 일대는 부산역·초량·범일 일대는 역세권과 항만 배후 상가가 이어져, 상가 매매·임…",부산 범일동 법무사 업무 사례 | 상속등기·부동산등기 상담 안내,부산 범일동에서 자주 문의되는 업무 | 참고용 업무 사례 | 상담 전 확인할 내용 | 방문·비대면 진행 안내 | 관련 지역 | 관련 업무,inheritance,부산,inheritance,consult,true,,true
/업무사례/영도구법무사,case,영도구 법무사 업무 사례 | 상속등기… | 다옴법무사사무소,"영도구 법무사 업무 사례와 상담 안내. 상속등기·부동산등기·법인등기·개인회생. 다옴법무사사무소 안윤정 법무사. 영도대교·태종대·흰여울 등 관광·주거가 공존하고, 항만·혁신지구 관련 부동산·법인등기 상담이 이뤄지…",영도구 법무사 업무 사례 | 상속등기·부동산등기 상담 안내,영도구에서 자주 문의되는 업무 | 참고용 업무 사례 | 상담 전 확인할 내용 | 방문·비대면 진행 안내 | 영도구에서 이어지는 세부 지역 | 관련 지역 | 관련 업무,inheritance,영도,inheritance,consult,true,,true
/업무사례/부산남항동법무사,case,부산 남항동 법무사 업무 사례 | 상… | 다옴법무사사무소,"부산 남항동 법무사 업무 사례와 상담 안내. 상속등기·부동산등기·법인등기·개인회생. 다옴법무사사무소 안윤정 법무사. 영도구 남항동 일대는 영도대교·태종대·흰여울 등 관광·주거가 공존하고, 항만·혁신지구 관련 부…",부산 남항동 법무사 업무 사례 | 상속등기·부동산등기 상담 안내,부산 남항동에서 자주 문의되는 업무 | 참고용 업무 사례 | 상담 전 확인할 내용 | 방문·비대면 진행 안내 | 관련 지역 | 관련 업무,inheritance,부산,inheritance,consult,true,,true
/업무사례/부산대교동법무사,case,부산 대교동 법무사 업무 사례 | 상… | 다옴법무사사무소,"부산 대교동 법무사 업무 사례와 상담 안내. 상속등기·부동산등기·법인등기·개인회생. 다옴법무사사무소 안윤정 법무사. 영도구 대교동 일대는 영도대교·태종대·흰여울 등 관광·주거가 공존하고, 항만·혁신지구 관련 부…",부산 대교동 법무사 업무 사례 | 상속등기·부동산등기 상담 안내,부산 대교동에서 자주 문의되는 업무 | 참고용 업무 사례 | 상담 전 확인할 내용 | 방문·비대면 진행 안내 | 관련 지역 | 관련 업무,inheritance,부산,inheritance,consult,true,,true
/업무사례/부산대평동법무사,case,부산 대평동 법무사 업무 사례 | 상… | 다옴법무사사무소,"부산 대평동 법무사 업무 사례와 상담 안내. 상속등기·부동산등기·법인등기·개인회생. 다옴법무사사무소 안윤정 법무사. 영도구 대평동 일대는 영도대교·태종대·흰여울 등 관광·주거가 공존하고, 항만·혁신지구 관련 부…",부산 대평동 법무사 업무 사례 | 상속등기·부동산등기 상담 안내,부산 대평동에서 자주 문의되는 업무 | 참고용 업무 사례 | 상담 전 확인할 내용 | 방문·비대면 진행 안내 | 관련 지역 | 관련 업무,inheritance,부산,inheritance,consult,true,,true
/업무사례/부산동삼동법무사,case,부산 동삼동 법무사 업무 사례 | 상… | 다옴법무사사무소,"부산 동삼동 법무사 업무 사례와 상담 안내. 상속등기·부동산등기·법인등기·개인회생. 다옴법무사사무소 안윤정 법무사. 영도구 동삼동 일대는 영도대교·태종대·흰여울 등 관광·주거가 공존하고, 항만·혁신지구 관련 부…",부산 동삼동 법무사 업무 사례 | 상속등기·부동산등기 상담 안내,부산 동삼동에서 자주 문의되는 업무 | 참고용 업무 사례 | 상담 전 확인할 내용 | 방문·비대면 진행 안내 | 관련 지역 | 관련 업무,inheritance,부산,inheritance,consult,true,,true
/업무사례/부산봉래동법무사,case,부산 봉래동 법무사 업무 사례 | 상… | 다옴법무사사무소,"부산 봉래동 법무사 업무 사례와 상담 안내. 상속등기·부동산등기·법인등기·개인회생. 다옴법무사사무소 안윤정 법무사. 영도구 봉래동 일대는 영도대교·태종대·흰여울 등 관광·주거가 공존하고, 항만·혁신지구 관련 부…",부산 봉래동 법무사 업무 사례 | 상속등기·부동산등기 상담 안내,부산 봉래동에서 자주 문의되는 업무 | 참고용 업무 사례 | 상담 전 확인할 내용 | 방문·비대면 진행 안내 | 관련 지역 | 관련 업무,inheritance,부산,inheritance,consult,true,,true
/업무사례/부산신선동법무사,case,부산 신선동 법무사 업무 사례 | 상… | 다옴법무사사무소,"부산 신선동 법무사 업무 사례와 상담 안내. 상속등기·부동산등기·법인등기·개인회생. 다옴법무사사무소 안윤정 법무사. 영도구 신선동 일대는 영도대교·태종대·흰여울 등 관광·주거가 공존하고, 항만·혁신지구 관련 부…",부산 신선동 법무사 업무 사례 | 상속등기·부동산등기 상담 안내,부산 신선동에서 자주 문의되는 업무 | 참고용 업무 사례 | 상담 전 확인할 내용 | 방문·비대면 진행 안내 | 관련 지역 | 관련 업무,inheritance,부산,inheritance,consult,true,,true
/업무사례/부산영선동법무사,case,부산 영선동 법무사 업무 사례 | 상… | 다옴법무사사무소,"부산 영선동 법무사 업무 사례와 상담 안내. 상속등기·부동산등기·법인등기·개인회생. 다옴법무사사무소 안윤정 법무사. 영도구 영선동 일대는 영도대교·태종대·흰여울 등 관광·주거가 공존하고, 항만·혁신지구 관련 부…",부산 영선동 법무사 업무 사례 | 상속등기·부동산등기 상담 안내,부산 영선동에서 자주 문의되는 업무 | 참고용 업무 사례 | 상담 전 확인할 내용 | 방문·비대면 진행 안내 | 관련 지역 | 관련 업무,inheritance,부산,inheritance,consult,true,,true
/업무사례/부산청학동법무사,case,부산 청학동 법무사 업무 사례 | 상… | 다옴법무사사무소,"부산 청학동 법무사 업무 사례와 상담 안내. 상속등기·부동산등기·법인등기·개인회생. 다옴법무사사무소 안윤정 법무사. 영도구 청학동 일대는 영도대교·태종대·흰여울 등 관광·주거가 공존하고, 항만·혁신지구 관련 부…",부산 청학동 법무사 업무 사례 | 상속등기·부동산등기 상담 안내,부산 청학동에서 자주 문의되는 업무 | 참고용 업무 사례 | 상담 전 확인할 내용 | 방문·비대면 진행 안내 | 관련 지역 | 관련 업무,inheritance,부산,inheritance,consult,true,,true
/업무사례/부산진구법무사,case,부산진구 법무사 업무 사례 | 상속등… | 다옴법무사사무소,"부산진구 법무사 업무 사례와 상담 안내. 상속등기·부동산등기·법인등기·개인회생. 다옴법무사사무소 안윤정 법무사. 서면·전포·부전 상권과 주거 단지가 맞닿아 잔금일 등기, 상가 이전, 법인 임원변경 문의가 꾸준한…",부산진구 법무사 업무 사례 | 상속등기·부동산등기 상담 안내,부산진구에서 자주 문의되는 업무 | 참고용 업무 사례 | 상담 전 확인할 내용 | 방문·비대면 진행 안내 | 부산진구에서 이어지는 세부 지역 | 관련 지역 | 관련 업무,inheritance,부산,inheritance,consult,true,,true
/업무사례/부산가야동법무사,case,부산 가야동 법무사 업무 사례 | 상… | 다옴법무사사무소,"부산 가야동 법무사 업무 사례와 상담 안내. 상속등기·부동산등기·법인등기·개인회생. 다옴법무사사무소 안윤정 법무사. 부산진구 가야동 일대는 서면·전포·부전 상권과 주거 단지가 맞닿아 잔금일 등기, 상가 이전, …",부산 가야동 법무사 업무 사례 | 상속등기·부동산등기 상담 안내,부산 가야동에서 자주 문의되는 업무 | 참고용 업무 사례 | 상담 전 확인할 내용 | 방문·비대면 진행 안내 | 관련 지역 | 관련 업무,inheritance,부산,inheritance,consult,true,,true
/업무사례/부산개금동법무사,case,부산 개금동 법무사 업무 사례 | 상… | 다옴법무사사무소,"부산 개금동 법무사 업무 사례와 상담 안내. 상속등기·부동산등기·법인등기·개인회생. 다옴법무사사무소 안윤정 법무사. 부산진구 개금동 일대는 서면·전포·부전 상권과 주거 단지가 맞닿아 잔금일 등기, 상가 이전, …",부산 개금동 법무사 업무 사례 | 상속등기·부동산등기 상담 안내,부산 개금동에서 자주 문의되는 업무 | 참고용 업무 사례 | 상담 전 확인할 내용 | 방문·비대면 진행 안내 | 관련 지역 | 관련 업무,inheritance,부산,inheritance,consult,true,,true
/업무사례/부산당감동법무사,case,부산 당감동 법무사 업무 사례 | 상… | 다옴법무사사무소,"부산 당감동 법무사 업무 사례와 상담 안내. 상속등기·부동산등기·법인등기·개인회생. 다옴법무사사무소 안윤정 법무사. 부산진구 당감동 일대는 서면·전포·부전 상권과 주거 단지가 맞닿아 잔금일 등기, 상가 이전, …",부산 당감동 법무사 업무 사례 | 상속등기·부동산등기 상담 안내,부산 당감동에서 자주 문의되는 업무 | 참고용 업무 사례 | 상담 전 확인할 내용 | 방문·비대면 진행 안내 | 관련 지역 | 관련 업무,inheritance,부산,inheritance,consult,true,,true
/업무사례/부산범전동법무사,case,부산 범전동 법무사 업무 사례 | 상… | 다옴법무사사무소,"부산 범전동 법무사 업무 사례와 상담 안내. 상속등기·부동산등기·법인등기·개인회생. 다옴법무사사무소 안윤정 법무사. 부산진구 범전동 일대는 서면·전포·부전 상권과 주거 단지가 맞닿아 잔금일 등기, 상가 이전, …",부산 범전동 법무사 업무 사례 | 상속등기·부동산등기 상담 안내,부산 범전동에서 자주 문의되는 업무 | 참고용 업무 사례 | 상담 전 확인할 내용 | 방문·비대면 진행 안내 | 관련 지역 | 관련 업무,inheritance,부산,inheritance,consult,true,,true
/업무사례/부산범천동법무사,case,부산 범천동 법무사 업무 사례 | 상… | 다옴법무사사무소,"부산 범천동 법무사 업무 사례와 상담 안내. 상속등기·부동산등기·법인등기·개인회생. 다옴법무사사무소 안윤정 법무사. 부산진구 범천동 일대는 서면·전포·부전 상권과 주거 단지가 맞닿아 잔금일 등기, 상가 이전, …",부산 범천동 법무사 업무 사례 | 상속등기·부동산등기 상담 안내,부산 범천동에서 자주 문의되는 업무 | 참고용 업무 사례 | 상담 전 확인할 내용 | 방문·비대면 진행 안내 | 관련 지역 | 관련 업무,inheritance,부산,inheritance,consult,true,,true
/업무사례/부산부암동법무사,case,부산 부암동 법무사 업무 사례 | 상… | 다옴법무사사무소,"부산 부암동 법무사 업무 사례와 상담 안내. 상속등기·부동산등기·법인등기·개인회생. 다옴법무사사무소 안윤정 법무사. 부산진구 부암동 일대는 서면·전포·부전 상권과 주거 단지가 맞닿아 잔금일 등기, 상가 이전, …",부산 부암동 법무사 업무 사례 | 상속등기·부동산등기 상담 안내,부산 부암동에서 자주 문의되는 업무 | 참고용 업무 사례 | 상담 전 확인할 내용 | 방문·비대면 진행 안내 | 관련 지역 | 관련 업무,inheritance,부산,inheritance,consult,true,,true
/업무사례/부산부전동법무사,case,부산 부전동 법무사 업무 사례 | 상… | 다옴법무사사무소,"부산 부전동 법무사 업무 사례와 상담 안내. 상속등기·부동산등기·법인등기·개인회생. 다옴법무사사무소 안윤정 법무사. 부산진구 부전동 일대는 서면·전포·부전 상권과 주거 단지가 맞닿아 잔금일 등기, 상가 이전, …",부산 부전동 법무사 업무 사례 | 상속등기·부동산등기 상담 안내,부산 부전동에서 자주 문의되는 업무 | 참고용 업무 사례 | 상담 전 확인할 내용 | 방문·비대면 진행 안내 | 관련 지역 | 관련 업무,inheritance,부산,inheritance,consult,true,,true
/업무사례/부산양정동법무사,case,부산 양정동 법무사 업무 사례 | 상… | 다옴법무사사무소,"부산 양정동 법무사 업무 사례와 상담 안내. 상속등기·부동산등기·법인등기·개인회생. 다옴법무사사무소 안윤정 법무사. 부산진구 양정동 일대는 서면·전포·부전 상권과 주거 단지가 맞닿아 잔금일 등기, 상가 이전, …",부산 양정동 법무사 업무 사례 | 상속등기·부동산등기 상담 안내,부산 양정동에서 자주 문의되는 업무 | 참고용 업무 사례 | 상담 전 확인할 내용 | 방문·비대면 진행 안내 | 관련 지역 | 관련 업무,inheritance,부산,inheritance,consult,true,,true
/업무사례/부산연지동법무사,case,부산 연지동 법무사 업무 사례 | 상… | 다옴법무사사무소,"부산 연지동 법무사 업무 사례와 상담 안내. 상속등기·부동산등기·법인등기·개인회생. 다옴법무사사무소 안윤정 법무사. 부산진구 연지동 일대는 서면·전포·부전 상권과 주거 단지가 맞닿아 잔금일 등기, 상가 이전, …",부산 연지동 법무사 업무 사례 | 상속등기·부동산등기 상담 안내,부산 연지동에서 자주 문의되는 업무 | 참고용 업무 사례 | 상담 전 확인할 내용 | 방문·비대면 진행 안내 | 관련 지역 | 관련 업무,inheritance,부산,inheritance,consult,true,,true
/업무사례/부산전포동법무사,case,부산 전포동 법무사 업무 사례 | 상… | 다옴법무사사무소,"부산 전포동 법무사 업무 사례와 상담 안내. 상속등기·부동산등기·법인등기·개인회생. 다옴법무사사무소 안윤정 법무사. 부산진구 전포동 일대는 서면·전포·부전 상권과 주거 단지가 맞닿아 잔금일 등기, 상가 이전, …",부산 전포동 법무사 업무 사례 | 상속등기·부동산등기 상담 안내,부산 전포동에서 자주 문의되는 업무 | 참고용 업무 사례 | 상담 전 확인할 내용 | 방문·비대면 진행 안내 | 관련 지역 | 관련 업무,inheritance,부산,inheritance,consult,true,,true
/업무사례/부산초읍동법무사,case,부산 초읍동 법무사 업무 사례 | 상… | 다옴법무사사무소,"부산 초읍동 법무사 업무 사례와 상담 안내. 상속등기·부동산등기·법인등기·개인회생. 다옴법무사사무소 안윤정 법무사. 부산진구 초읍동 일대는 서면·전포·부전 상권과 주거 단지가 맞닿아 잔금일 등기, 상가 이전, …",부산 초읍동 법무사 업무 사례 | 상속등기·부동산등기 상담 안내,부산 초읍동에서 자주 문의되는 업무 | 참고용 업무 사례 | 상담 전 확인할 내용 | 방문·비대면 진행 안내 | 관련 지역 | 관련 업무,inheritance,부산,inheritance,consult,true,,true
/업무사례/동래구법무사,case,동래구 법무사 업무 사례 | 상속등기… | 다옴법무사사무소,"동래구 법무사 업무 사례와 상담 안내. 상속등기·부동산등기·법인등기·개인회생. 다옴법무사사무소 안윤정 법무사. 온천장·사직·안락 등 전통 주거·상권이 이어져 상속등기, 공동주택 이전, 가족 간 권리 정리 상담이…",동래구 법무사 업무 사례 | 상속등기·부동산등기 상담 안내,동래구에서 자주 문의되는 업무 | 참고용 업무 사례 | 상담 전 확인할 내용 | 방문·비대면 진행 안내 | 동래구에서 이어지는 세부 지역 | 관련 지역 | 관련 업무,inheritance,동래,inheritance,consult,true,,true
/업무사례/부산낙민동법무사,case,부산 낙민동 법무사 업무 사례 | 상… | 다옴법무사사무소,"부산 낙민동 법무사 업무 사례와 상담 안내. 상속등기·부동산등기·법인등기·개인회생. 다옴법무사사무소 안윤정 법무사. 동래구 낙민동 일대는 온천장·사직·안락 등 전통 주거·상권이 이어져 상속등기, 공동주택 이전,…",부산 낙민동 법무사 업무 사례 | 상속등기·부동산등기 상담 안내,부산 낙민동에서 자주 문의되는 업무 | 참고용 업무 사례 | 상담 전 확인할 내용 | 방문·비대면 진행 안내 | 관련 지역 | 관련 업무,inheritance,부산,inheritance,consult,true,,true
/업무사례/부산명장동법무사,case,부산 명장동 법무사 업무 사례 | 상… | 다옴법무사사무소,"부산 명장동 법무사 업무 사례와 상담 안내. 상속등기·부동산등기·법인등기·개인회생. 다옴법무사사무소 안윤정 법무사. 동래구 명장동 일대는 온천장·사직·안락 등 전통 주거·상권이 이어져 상속등기, 공동주택 이전,…",부산 명장동 법무사 업무 사례 | 상속등기·부동산등기 상담 안내,부산 명장동에서 자주 문의되는 업무 | 참고용 업무 사례 | 상담 전 확인할 내용 | 방문·비대면 진행 안내 | 관련 지역 | 관련 업무,inheritance,부산,inheritance,consult,true,,true
/업무사례/부산명륜동법무사,case,부산 명륜동 법무사 업무 사례 | 상… | 다옴법무사사무소,"부산 명륜동 법무사 업무 사례와 상담 안내. 상속등기·부동산등기·법인등기·개인회생. 다옴법무사사무소 안윤정 법무사. 동래구 명륜동 일대는 온천장·사직·안락 등 전통 주거·상권이 이어져 상속등기, 공동주택 이전,…",부산 명륜동 법무사 업무 사례 | 상속등기·부동산등기 상담 안내,부산 명륜동에서 자주 문의되는 업무 | 참고용 업무 사례 | 상담 전 확인할 내용 | 방문·비대면 진행 안내 | 관련 지역 | 관련 업무,inheritance,부산,inheritance,consult,true,,true
/업무사례/부산복천동법무사,case,부산 복천동 법무사 업무 사례 | 상… | 다옴법무사사무소,"부산 복천동 법무사 업무 사례와 상담 안내. 상속등기·부동산등기·법인등기·개인회생. 다옴법무사사무소 안윤정 법무사. 동래구 복천동 일대는 온천장·사직·안락 등 전통 주거·상권이 이어져 상속등기, 공동주택 이전,…",부산 복천동 법무사 업무 사례 | 상속등기·부동산등기 상담 안내,부산 복천동에서 자주 문의되는 업무 | 참고용 업무 사례 | 상담 전 확인할 내용 | 방문·비대면 진행 안내 | 관련 지역 | 관련 업무,inheritance,부산,inheritance,consult,true,,true
/업무사례/부산수안동법무사,case,부산 수안동 법무사 업무 사례 | 상… | 다옴법무사사무소,"부산 수안동 법무사 업무 사례와 상담 안내. 상속등기·부동산등기·법인등기·개인회생. 다옴법무사사무소 안윤정 법무사. 동래구 수안동 일대는 온천장·사직·안락 등 전통 주거·상권이 이어져 상속등기, 공동주택 이전,…",부산 수안동 법무사 업무 사례 | 상속등기·부동산등기 상담 안내,부산 수안동에서 자주 문의되는 업무 | 참고용 업무 사례 | 상담 전 확인할 내용 | 방문·비대면 진행 안내 | 관련 지역 | 관련 업무,inheritance,부산,inheritance,consult,true,,true
/업무사례/부산사직동법무사,case,부산 사직동 법무사 업무 사례 | 상… | 다옴법무사사무소,"부산 사직동 법무사 업무 사례와 상담 안내. 상속등기·부동산등기·법인등기·개인회생. 다옴법무사사무소 안윤정 법무사. 동래구 사직동 일대는 온천장·사직·안락 등 전통 주거·상권이 이어져 상속등기, 공동주택 이전,…",부산 사직동 법무사 업무 사례 | 상속등기·부동산등기 상담 안내,부산 사직동에서 자주 문의되는 업무 | 참고용 업무 사례 | 상담 전 확인할 내용 | 방문·비대면 진행 안내 | 관련 지역 | 관련 업무,inheritance,부산,inheritance,consult,true,,true
/업무사례/부산안락동법무사,case,부산 안락동 법무사 업무 사례 | 상… | 다옴법무사사무소,"부산 안락동 법무사 업무 사례와 상담 안내. 상속등기·부동산등기·법인등기·개인회생. 다옴법무사사무소 안윤정 법무사. 동래구 안락동 일대는 온천장·사직·안락 등 전통 주거·상권이 이어져 상속등기, 공동주택 이전,…",부산 안락동 법무사 업무 사례 | 상속등기·부동산등기 상담 안내,부산 안락동에서 자주 문의되는 업무 | 참고용 업무 사례 | 상담 전 확인할 내용 | 방문·비대면 진행 안내 | 관련 지역 | 관련 업무,inheritance,부산,inheritance,consult,true,,true
/업무사례/부산온천동법무사,case,부산 온천동 법무사 업무 사례 | 상… | 다옴법무사사무소,"부산 온천동 법무사 업무 사례와 상담 안내. 상속등기·부동산등기·법인등기·개인회생. 다옴법무사사무소 안윤정 법무사. 동래구 온천동 일대는 온천장·사직·안락 등 전통 주거·상권이 이어져 상속등기, 공동주택 이전,…",부산 온천동 법무사 업무 사례 | 상속등기·부동산등기 상담 안내,부산 온천동에서 자주 문의되는 업무 | 참고용 업무 사례 | 상담 전 확인할 내용 | 방문·비대면 진행 안내 | 관련 지역 | 관련 업무,inheritance,부산,inheritance,consult,true,,true
/업무사례/부산칠산동법무사,case,부산 칠산동 법무사 업무 사례 | 상… | 다옴법무사사무소,"부산 칠산동 법무사 업무 사례와 상담 안내. 상속등기·부동산등기·법인등기·개인회생. 다옴법무사사무소 안윤정 법무사. 동래구 칠산동 일대는 온천장·사직·안락 등 전통 주거·상권이 이어져 상속등기, 공동주택 이전,…",부산 칠산동 법무사 업무 사례 | 상속등기·부동산등기 상담 안내,부산 칠산동에서 자주 문의되는 업무 | 참고용 업무 사례 | 상담 전 확인할 내용 | 방문·비대면 진행 안내 | 관련 지역 | 관련 업무,inheritance,부산,inheritance,consult,true,,true
/업무사례/남구법무사,case,남구 법무사 업무 사례 | 상속등기·… | 다옴법무사사무소,"남구 법무사 업무 사례와 상담 안내. 상속등기·부동산등기·법인등기·개인회생. 다옴법무사사무소 안윤정 법무사. 문현금융단지·대학가·용호 주거지가 함께 있어 법인등기, 오피스·주택 매매등기, 상속 관련 문의가 고루…",남구 법무사 업무 사례 | 상속등기·부동산등기 상담 안내,남구에서 자주 문의되는 업무 | 참고용 업무 사례 | 상담 전 확인할 내용 | 방문·비대면 진행 안내 | 남구에서 이어지는 세부 지역 | 관련 지역 | 관련 업무,inheritance,남구,inheritance,consult,true,,true
/업무사례/부산감만동법무사,case,부산 감만동 법무사 업무 사례 | 상… | 다옴법무사사무소,"부산 감만동 법무사 업무 사례와 상담 안내. 상속등기·부동산등기·법인등기·개인회생. 다옴법무사사무소 안윤정 법무사. 남구 감만동 일대는 문현금융단지·대학가·용호 주거지가 함께 있어 법인등기, 오피스·주택 매매등…",부산 감만동 법무사 업무 사례 | 상속등기·부동산등기 상담 안내,부산 감만동에서 자주 문의되는 업무 | 참고용 업무 사례 | 상담 전 확인할 내용 | 방문·비대면 진행 안내 | 관련 지역 | 관련 업무,inheritance,부산,inheritance,consult,true,,true
/업무사례/부산대연동법무사,case,부산 대연동 법무사 업무 사례 | 상… | 다옴법무사사무소,"부산 대연동 법무사 업무 사례와 상담 안내. 상속등기·부동산등기·법인등기·개인회생. 다옴법무사사무소 안윤정 법무사. 남구 대연동 일대는 문현금융단지·대학가·용호 주거지가 함께 있어 법인등기, 오피스·주택 매매등…",부산 대연동 법무사 업무 사례 | 상속등기·부동산등기 상담 안내,부산 대연동에서 자주 문의되는 업무 | 참고용 업무 사례 | 상담 전 확인할 내용 | 방문·비대면 진행 안내 | 관련 지역 | 관련 업무,inheritance,부산,inheritance,consult,true,,true
/업무사례/부산용호동법무사,case,부산 용호동 법무사 업무 사례 | 상… | 다옴법무사사무소,"부산 용호동 법무사 업무 사례와 상담 안내. 상속등기·부동산등기·법인등기·개인회생. 다옴법무사사무소 안윤정 법무사. 남구 용호동 일대는 문현금융단지·대학가·용호 주거지가 함께 있어 법인등기, 오피스·주택 매매등…",부산 용호동 법무사 업무 사례 | 상속등기·부동산등기 상담 안내,부산 용호동에서 자주 문의되는 업무 | 참고용 업무 사례 | 상담 전 확인할 내용 | 방문·비대면 진행 안내 | 관련 지역 | 관련 업무,inheritance,부산,inheritance,consult,true,,true
/업무사례/부산용당동법무사,case,부산 용당동 법무사 업무 사례 | 상… | 다옴법무사사무소,"부산 용당동 법무사 업무 사례와 상담 안내. 상속등기·부동산등기·법인등기·개인회생. 다옴법무사사무소 안윤정 법무사. 남구 용당동 일대는 문현금융단지·대학가·용호 주거지가 함께 있어 법인등기, 오피스·주택 매매등…",부산 용당동 법무사 업무 사례 | 상속등기·부동산등기 상담 안내,부산 용당동에서 자주 문의되는 업무 | 참고용 업무 사례 | 상담 전 확인할 내용 | 방문·비대면 진행 안내 | 관련 지역 | 관련 업무,inheritance,부산,inheritance,consult,true,,true
/업무사례/부산문현동법무사,case,부산 문현동 법무사 업무 사례 | 상… | 다옴법무사사무소,"부산 문현동 법무사 업무 사례와 상담 안내. 상속등기·부동산등기·법인등기·개인회생. 다옴법무사사무소 안윤정 법무사. 남구 문현동 일대는 문현금융단지·대학가·용호 주거지가 함께 있어 법인등기, 오피스·주택 매매등…",부산 문현동 법무사 업무 사례 | 상속등기·부동산등기 상담 안내,부산 문현동에서 자주 문의되는 업무 | 참고용 업무 사례 | 상담 전 확인할 내용 | 방문·비대면 진행 안내 | 관련 지역 | 관련 업무,inheritance,부산,inheritance,consult,true,,true
/업무사례/부산우암동법무사,case,부산 우암동 법무사 업무 사례 | 상… | 다옴법무사사무소,"부산 우암동 법무사 업무 사례와 상담 안내. 상속등기·부동산등기·법인등기·개인회생. 다옴법무사사무소 안윤정 법무사. 남구 우암동 일대는 문현금융단지·대학가·용호 주거지가 함께 있어 법인등기, 오피스·주택 매매등…",부산 우암동 법무사 업무 사례 | 상속등기·부동산등기 상담 안내,부산 우암동에서 자주 문의되는 업무 | 참고용 업무 사례 | 상담 전 확인할 내용 | 방문·비대면 진행 안내 | 관련 지역 | 관련 업무,inheritance,부산,inheritance,consult,true,,true
/업무사례/북구법무사,case,북구 법무사 업무 사례 | 상속등기·… | 다옴법무사사무소,"북구 법무사 업무 사례와 상담 안내. 상속등기·부동산등기·법인등기·개인회생. 다옴법무사사무소 안윤정 법무사. 화명·덕천·만덕 등 주거 밀집 지역으로, 아파트 소유권이전·상속·근저당 설정·말소 등기 상담이 잦은 …",북구 법무사 업무 사례 | 상속등기·부동산등기 상담 안내,북구에서 자주 문의되는 업무 | 참고용 업무 사례 | 상담 전 확인할 내용 | 방문·비대면 진행 안내 | 북구에서 이어지는 세부 지역 | 관련 지역 | 관련 업무,inheritance,북구,inheritance,consult,true,,true
/업무사례/부산구포동법무사,case,부산 구포동 법무사 업무 사례 | 상… | 다옴법무사사무소,"부산 구포동 법무사 업무 사례와 상담 안내. 상속등기·부동산등기·법인등기·개인회생. 다옴법무사사무소 안윤정 법무사. 북구 구포동 일대는 화명·덕천·만덕 등 주거 밀집 지역으로, 아파트 소유권이전·상속·근저당 설…",부산 구포동 법무사 업무 사례 | 상속등기·부동산등기 상담 안내,부산 구포동에서 자주 문의되는 업무 | 참고용 업무 사례 | 상담 전 확인할 내용 | 방문·비대면 진행 안내 | 관련 지역 | 관련 업무,inheritance,부산,inheritance,consult,true,,true
/업무사례/부산금곡동법무사,case,부산 금곡동 법무사 업무 사례 | 상… | 다옴법무사사무소,"부산 금곡동 법무사 업무 사례와 상담 안내. 상속등기·부동산등기·법인등기·개인회생. 다옴법무사사무소 안윤정 법무사. 북구 금곡동 일대는 화명·덕천·만덕 등 주거 밀집 지역으로, 아파트 소유권이전·상속·근저당 설…",부산 금곡동 법무사 업무 사례 | 상속등기·부동산등기 상담 안내,부산 금곡동에서 자주 문의되는 업무 | 참고용 업무 사례 | 상담 전 확인할 내용 | 방문·비대면 진행 안내 | 관련 지역 | 관련 업무,inheritance,부산,inheritance,consult,true,,true
/업무사례/부산덕천동법무사,case,부산 덕천동 법무사 업무 사례 | 상… | 다옴법무사사무소,"부산 덕천동 법무사 업무 사례와 상담 안내. 상속등기·부동산등기·법인등기·개인회생. 다옴법무사사무소 안윤정 법무사. 북구 덕천동 일대는 화명·덕천·만덕 등 주거 밀집 지역으로, 아파트 소유권이전·상속·근저당 설…",부산 덕천동 법무사 업무 사례 | 상속등기·부동산등기 상담 안내,부산 덕천동에서 자주 문의되는 업무 | 참고용 업무 사례 | 상담 전 확인할 내용 | 방문·비대면 진행 안내 | 관련 지역 | 관련 업무,inheritance,부산,inheritance,consult,true,,true
/업무사례/부산만덕동법무사,case,부산 만덕동 법무사 업무 사례 | 상… | 다옴법무사사무소,"부산 만덕동 법무사 업무 사례와 상담 안내. 상속등기·부동산등기·법인등기·개인회생. 다옴법무사사무소 안윤정 법무사. 북구 만덕동 일대는 화명·덕천·만덕 등 주거 밀집 지역으로, 아파트 소유권이전·상속·근저당 설…",부산 만덕동 법무사 업무 사례 | 상속등기·부동산등기 상담 안내,부산 만덕동에서 자주 문의되는 업무 | 참고용 업무 사례 | 상담 전 확인할 내용 | 방문·비대면 진행 안내 | 관련 지역 | 관련 업무,inheritance,부산,inheritance,consult,true,,true
/업무사례/부산화명동법무사,case,부산 화명동 법무사 업무 사례 | 상… | 다옴법무사사무소,"부산 화명동 법무사 업무 사례와 상담 안내. 상속등기·부동산등기·법인등기·개인회생. 다옴법무사사무소 안윤정 법무사. 북구 화명동 일대는 화명·덕천·만덕 등 주거 밀집 지역으로, 아파트 소유권이전·상속·근저당 설…",부산 화명동 법무사 업무 사례 | 상속등기·부동산등기 상담 안내,부산 화명동에서 자주 문의되는 업무 | 참고용 업무 사례 | 상담 전 확인할 내용 | 방문·비대면 진행 안내 | 관련 지역 | 관련 업무,inheritance,부산,inheritance,consult,true,,true
/업무사례/해운대구법무사,case,해운대구 법무사 업무 사례 | 상속등… | 다옴법무사사무소,"해운대구 법무사 업무 사례와 상담 안내. 상속등기·부동산등기·법인등기·개인회생. 다옴법무사사무소 안윤정 법무사. 해운대·센텀·재송·반여 일대는 주거·업무·관광이 겹쳐 부동산등기, 법인등기, 상속·잔금일 협업 문…",해운대구 법무사 업무 사례 | 상속등기·부동산등기 상담 안내,해운대구에서 자주 문의되는 업무 | 참고용 업무 사례 | 상담 전 확인할 내용 | 방문·비대면 진행 안내 | 해운대구에서 이어지는 세부 지역 | 관련 지역 | 관련 업무,inheritance,해운대,inheritance,consult,true,,true
/업무사례/부산우동법무사,case,부산 우동 법무사 업무 사례 | 상속… | 다옴법무사사무소,"부산 우동 법무사 업무 사례와 상담 안내. 상속등기·부동산등기·법인등기·개인회생. 다옴법무사사무소 안윤정 법무사. 해운대구 우동 일대는 해운대·센텀·재송·반여 일대는 주거·업무·관광이 겹쳐 부동산등기, 법인등기…",부산 우동 법무사 업무 사례 | 상속등기·부동산등기 상담 안내,부산 우동에서 자주 문의되는 업무 | 참고용 업무 사례 | 상담 전 확인할 내용 | 방문·비대면 진행 안내 | 관련 지역 | 관련 업무,inheritance,부산,inheritance,consult,true,,true
/업무사례/부산중동법무사,case,부산 중동 법무사 업무 사례 | 상속… | 다옴법무사사무소,"부산 중동 법무사 업무 사례와 상담 안내. 상속등기·부동산등기·법인등기·개인회생. 다옴법무사사무소 안윤정 법무사. 해운대구 중동 일대는 해운대·센텀·재송·반여 일대는 주거·업무·관광이 겹쳐 부동산등기, 법인등기…",부산 중동 법무사 업무 사례 | 상속등기·부동산등기 상담 안내,부산 중동에서 자주 문의되는 업무 | 참고용 업무 사례 | 상담 전 확인할 내용 | 방문·비대면 진행 안내 | 관련 지역 | 관련 업무,inheritance,부산,inheritance,consult,true,,true
/업무사례/부산좌동법무사,case,부산 좌동 법무사 업무 사례 | 상속… | 다옴법무사사무소,"부산 좌동 법무사 업무 사례와 상담 안내. 상속등기·부동산등기·법인등기·개인회생. 다옴법무사사무소 안윤정 법무사. 해운대구 좌동 일대는 해운대·센텀·재송·반여 일대는 주거·업무·관광이 겹쳐 부동산등기, 법인등기…",부산 좌동 법무사 업무 사례 | 상속등기·부동산등기 상담 안내,부산 좌동에서 자주 문의되는 업무 | 참고용 업무 사례 | 상담 전 확인할 내용 | 방문·비대면 진행 안내 | 관련 지역 | 관련 업무,inheritance,부산,inheritance,consult,true,,true
/업무사례/부산송정동법무사,case,부산 송정동 법무사 업무 사례 | 상… | 다옴법무사사무소,"부산 송정동 법무사 업무 사례와 상담 안내. 상속등기·부동산등기·법인등기·개인회생. 다옴법무사사무소 안윤정 법무사. 해운대구 송정동 일대는 해운대·센텀·재송·반여 일대는 주거·업무·관광이 겹쳐 부동산등기, 법인…",부산 송정동 법무사 업무 사례 | 상속등기·부동산등기 상담 안내,부산 송정동에서 자주 문의되는 업무 | 참고용 업무 사례 | 상담 전 확인할 내용 | 방문·비대면 진행 안내 | 관련 지역 | 관련 업무,inheritance,부산,inheritance,consult,true,,true
/업무사례/부산반여동법무사,case,부산 반여동 법무사 업무 사례 | 상… | 다옴법무사사무소,"부산 반여동 법무사 업무 사례와 상담 안내. 상속등기·부동산등기·법인등기·개인회생. 다옴법무사사무소 안윤정 법무사. 해운대구 반여동 일대는 해운대·센텀·재송·반여 일대는 주거·업무·관광이 겹쳐 부동산등기, 법인…",부산 반여동 법무사 업무 사례 | 상속등기·부동산등기 상담 안내,부산 반여동에서 자주 문의되는 업무 | 참고용 업무 사례 | 상담 전 확인할 내용 | 방문·비대면 진행 안내 | 관련 지역 | 관련 업무,inheritance,부산,inheritance,consult,true,,true
/업무사례/부산반송동법무사,case,부산 반송동 법무사 업무 사례 | 상… | 다옴법무사사무소,"부산 반송동 법무사 업무 사례와 상담 안내. 상속등기·부동산등기·법인등기·개인회생. 다옴법무사사무소 안윤정 법무사. 해운대구 반송동 일대는 해운대·센텀·재송·반여 일대는 주거·업무·관광이 겹쳐 부동산등기, 법인…",부산 반송동 법무사 업무 사례 | 상속등기·부동산등기 상담 안내,부산 반송동에서 자주 문의되는 업무 | 참고용 업무 사례 | 상담 전 확인할 내용 | 방문·비대면 진행 안내 | 관련 지역 | 관련 업무,inheritance,부산,inheritance,consult,true,,true
/업무사례/부산재송동법무사,case,부산 재송동 법무사 업무 사례 | 상… | 다옴법무사사무소,"부산 재송동 법무사 업무 사례와 상담 안내. 상속등기·부동산등기·법인등기·개인회생. 다옴법무사사무소 안윤정 법무사. 해운대구 재송동 일대는 해운대·센텀·재송·반여 일대는 주거·업무·관광이 겹쳐 부동산등기, 법인…",부산 재송동 법무사 업무 사례 | 상속등기·부동산등기 상담 안내,부산 재송동에서 자주 문의되는 업무 | 참고용 업무 사례 | 상담 전 확인할 내용 | 방문·비대면 진행 안내 | 관련 지역 | 관련 업무,inheritance,부산,inheritance,consult,true,,true
/업무사례/부산석대동법무사,case,부산 석대동 법무사 업무 사례 | 상… | 다옴법무사사무소,"부산 석대동 법무사 업무 사례와 상담 안내. 상속등기·부동산등기·법인등기·개인회생. 다옴법무사사무소 안윤정 법무사. 해운대구 석대동 일대는 해운대·센텀·재송·반여 일대는 주거·업무·관광이 겹쳐 부동산등기, 법인…",부산 석대동 법무사 업무 사례 | 상속등기·부동산등기 상담 안내,부산 석대동에서 자주 문의되는 업무 | 참고용 업무 사례 | 상담 전 확인할 내용 | 방문·비대면 진행 안내 | 관련 지역 | 관련 업무,inheritance,부산,inheritance,consult,true,,true
/업무사례/부산반여1동법무사,case,부산 반여1동 법무사 업무 사례 | … | 다옴법무사사무소,"부산 반여1동 법무사 업무 사례와 상담 안내. 상속등기·부동산등기·법인등기·개인회생. 다옴법무사사무소 안윤정 법무사. 해운대구 반여1동은(는) 반여동 생활권의 행정동으로, 주거 밀집지의 이전·상속등기 상담이 이…",부산 반여1동 법무사 업무 사례 | 상속등기·부동산등기 상담 안내,부산 반여1동에서 자주 문의되는 업무 | 참고용 업무 사례 | 상담 전 확인할 내용 | 방문·비대면 진행 안내 | 관련 지역 | 관련 업무,inheritance,부산,inheritance,consult,false,,false
/업무사례/부산반여2동법무사,case,부산 반여2동 법무사 업무 사례 | … | 다옴법무사사무소,"부산 반여2동 법무사 업무 사례와 상담 안내. 상속등기·부동산등기·법인등기·개인회생. 다옴법무사사무소 안윤정 법무사. 해운대구 반여2동은(는) 반여동 생활권의 행정동으로, 주거 밀집지의 이전·상속등기 상담이 이…",부산 반여2동 법무사 업무 사례 | 상속등기·부동산등기 상담 안내,부산 반여2동에서 자주 문의되는 업무 | 참고용 업무 사례 | 상담 전 확인할 내용 | 방문·비대면 진행 안내 | 관련 지역 | 관련 업무,inheritance,부산,inheritance,consult,false,,false
/업무사례/부산반여3동법무사,case,부산 반여3동 법무사 업무 사례 | … | 다옴법무사사무소,"부산 반여3동 법무사 업무 사례와 상담 안내. 상속등기·부동산등기·법인등기·개인회생. 다옴법무사사무소 안윤정 법무사. 해운대구 반여3동은(는) 반여동 생활권의 행정동으로, 주거 밀집지의 이전·상속등기 상담이 이…",부산 반여3동 법무사 업무 사례 | 상속등기·부동산등기 상담 안내,부산 반여3동에서 자주 문의되는 업무 | 참고용 업무 사례 | 상담 전 확인할 내용 | 방문·비대면 진행 안내 | 관련 지역 | 관련 업무,inheritance,부산,inheritance,consult,false,,false
/업무사례/부산반여4동법무사,case,부산 반여4동 법무사 업무 사례 | … | 다옴법무사사무소,"부산 반여4동 법무사 업무 사례와 상담 안내. 상속등기·부동산등기·법인등기·개인회생. 다옴법무사사무소 안윤정 법무사. 해운대구 반여4동은(는) 반여동 생활권의 행정동으로, 주거 밀집지의 이전·상속등기 상담이 이…",부산 반여4동 법무사 업무 사례 | 상속등기·부동산등기 상담 안내,부산 반여4동에서 자주 문의되는 업무 | 참고용 업무 사례 | 상담 전 확인할 내용 | 방문·비대면 진행 안내 | 관련 지역 | 관련 업무,inheritance,부산,inheritance,consult,false,,false
/업무사례/부산재송1동법무사,case,부산 재송1동 법무사 업무 사례 | … | 다옴법무사사무소,"부산 재송1동 법무사 업무 사례와 상담 안내. 상속등기·부동산등기·법인등기·개인회생. 다옴법무사사무소 안윤정 법무사. 해운대구 재송1동은(는) 재송동 생활권의 행정동으로, 주거 밀집지의 이전·상속등기 상담이 이…",부산 재송1동 법무사 업무 사례 | 상속등기·부동산등기 상담 안내,부산 재송1동에서 자주 문의되는 업무 | 참고용 업무 사례 | 상담 전 확인할 내용 | 방문·비대면 진행 안내 | 관련 지역 | 관련 업무,inheritance,부산,inheritance,consult,false,,false
/업무사례/부산재송2동법무사,case,부산 재송2동 법무사 업무 사례 | … | 다옴법무사사무소,"부산 재송2동 법무사 업무 사례와 상담 안내. 상속등기·부동산등기·법인등기·개인회생. 다옴법무사사무소 안윤정 법무사. 해운대구 재송2동은(는) 재송동 생활권의 행정동으로, 주거 밀집지의 이전·상속등기 상담이 이…",부산 재송2동 법무사 업무 사례 | 상속등기·부동산등기 상담 안내,부산 재송2동에서 자주 문의되는 업무 | 참고용 업무 사례 | 상담 전 확인할 내용 | 방문·비대면 진행 안내 | 관련 지역 | 관련 업무,inheritance,부산,inheritance,consult,false,,false
/업무사례/부산반송1동법무사,case,부산 반송1동 법무사 업무 사례 | … | 다옴법무사사무소,"부산 반송1동 법무사 업무 사례와 상담 안내. 상속등기·부동산등기·법인등기·개인회생. 다옴법무사사무소 안윤정 법무사. 해운대구 반송1동은(는) 반송동 생활권의 행정동으로, 주거 밀집지의 이전·상속등기 상담이 이…",부산 반송1동 법무사 업무 사례 | 상속등기·부동산등기 상담 안내,부산 반송1동에서 자주 문의되는 업무 | 참고용 업무 사례 | 상담 전 확인할 내용 | 방문·비대면 진행 안내 | 관련 지역 | 관련 업무,inheritance,부산,inheritance,consult,false,,false
/업무사례/부산반송2동법무사,case,부산 반송2동 법무사 업무 사례 | … | 다옴법무사사무소,"부산 반송2동 법무사 업무 사례와 상담 안내. 상속등기·부동산등기·법인등기·개인회생. 다옴법무사사무소 안윤정 법무사. 해운대구 반송2동은(는) 반송동 생활권의 행정동으로, 주거 밀집지의 이전·상속등기 상담이 이…",부산 반송2동 법무사 업무 사례 | 상속등기·부동산등기 상담 안내,부산 반송2동에서 자주 문의되는 업무 | 참고용 업무 사례 | 상담 전 확인할 내용 | 방문·비대면 진행 안내 | 관련 지역 | 관련 업무,inheritance,부산,inheritance,consult,false,,false
/업무사례/부산좌1동법무사,case,부산 좌1동 법무사 업무 사례 | 상… | 다옴법무사사무소,"부산 좌1동 법무사 업무 사례와 상담 안내. 상속등기·부동산등기·법인등기·개인회생. 다옴법무사사무소 안윤정 법무사. 해운대구 좌1동은(는) 좌동 생활권의 행정동으로, 주거 밀집지의 이전·상속등기 상담이 이어집니다.",부산 좌1동 법무사 업무 사례 | 상속등기·부동산등기 상담 안내,부산 좌1동에서 자주 문의되는 업무 | 참고용 업무 사례 | 상담 전 확인할 내용 | 방문·비대면 진행 안내 | 관련 지역 | 관련 업무,inheritance,부산,inheritance,consult,false,,false
/업무사례/부산좌2동법무사,case,부산 좌2동 법무사 업무 사례 | 상… | 다옴법무사사무소,"부산 좌2동 법무사 업무 사례와 상담 안내. 상속등기·부동산등기·법인등기·개인회생. 다옴법무사사무소 안윤정 법무사. 해운대구 좌2동은(는) 좌동 생활권의 행정동으로, 주거 밀집지의 이전·상속등기 상담이 이어집니다.",부산 좌2동 법무사 업무 사례 | 상속등기·부동산등기 상담 안내,부산 좌2동에서 자주 문의되는 업무 | 참고용 업무 사례 | 상담 전 확인할 내용 | 방문·비대면 진행 안내 | 관련 지역 | 관련 업무,inheritance,부산,inheritance,consult,false,,false
/업무사례/부산좌3동법무사,case,부산 좌3동 법무사 업무 사례 | 상… | 다옴법무사사무소,"부산 좌3동 법무사 업무 사례와 상담 안내. 상속등기·부동산등기·법인등기·개인회생. 다옴법무사사무소 안윤정 법무사. 해운대구 좌3동은(는) 좌동 생활권의 행정동으로, 주거 밀집지의 이전·상속등기 상담이 이어집니다.",부산 좌3동 법무사 업무 사례 | 상속등기·부동산등기 상담 안내,부산 좌3동에서 자주 문의되는 업무 | 참고용 업무 사례 | 상담 전 확인할 내용 | 방문·비대면 진행 안내 | 관련 지역 | 관련 업무,inheritance,부산,inheritance,consult,false,,false
/업무사례/부산좌4동법무사,case,부산 좌4동 법무사 업무 사례 | 상… | 다옴법무사사무소,"부산 좌4동 법무사 업무 사례와 상담 안내. 상속등기·부동산등기·법인등기·개인회생. 다옴법무사사무소 안윤정 법무사. 해운대구 좌4동은(는) 좌동 생활권의 행정동으로, 주거 밀집지의 이전·상속등기 상담이 이어집니다.",부산 좌4동 법무사 업무 사례 | 상속등기·부동산등기 상담 안내,부산 좌4동에서 자주 문의되는 업무 | 참고용 업무 사례 | 상담 전 확인할 내용 | 방문·비대면 진행 안내 | 관련 지역 | 관련 업무,inheritance,부산,inheritance,consult,false,,false
/업무사례/부산우1동법무사,case,부산 우1동 법무사 업무 사례 | 상… | 다옴법무사사무소,"부산 우1동 법무사 업무 사례와 상담 안내. 상속등기·부동산등기·법인등기·개인회생. 다옴법무사사무소 안윤정 법무사. 해운대구 우1동은(는) 우동 생활권의 행정동으로, 주거 밀집지의 이전·상속등기 상담이 이어집니다.",부산 우1동 법무사 업무 사례 | 상속등기·부동산등기 상담 안내,부산 우1동에서 자주 문의되는 업무 | 참고용 업무 사례 | 상담 전 확인할 내용 | 방문·비대면 진행 안내 | 관련 지역 | 관련 업무,inheritance,부산,inheritance,consult,false,,false
/업무사례/부산우2동법무사,case,부산 우2동 법무사 업무 사례 | 상… | 다옴법무사사무소,"부산 우2동 법무사 업무 사례와 상담 안내. 상속등기·부동산등기·법인등기·개인회생. 다옴법무사사무소 안윤정 법무사. 해운대구 우2동은(는) 우동 생활권의 행정동으로, 주거 밀집지의 이전·상속등기 상담이 이어집니다.",부산 우2동 법무사 업무 사례 | 상속등기·부동산등기 상담 안내,부산 우2동에서 자주 문의되는 업무 | 참고용 업무 사례 | 상담 전 확인할 내용 | 방문·비대면 진행 안내 | 관련 지역 | 관련 업무,inheritance,부산,inheritance,consult,false,,false
/업무사례/부산우3동법무사,case,부산 우3동 법무사 업무 사례 | 상… | 다옴법무사사무소,"부산 우3동 법무사 업무 사례와 상담 안내. 상속등기·부동산등기·법인등기·개인회생. 다옴법무사사무소 안윤정 법무사. 해운대구 우3동은(는) 우동 생활권의 행정동으로, 주거 밀집지의 이전·상속등기 상담이 이어집니다.",부산 우3동 법무사 업무 사례 | 상속등기·부동산등기 상담 안내,부산 우3동에서 자주 문의되는 업무 | 참고용 업무 사례 | 상담 전 확인할 내용 | 방문·비대면 진행 안내 | 관련 지역 | 관련 업무,inheritance,부산,inheritance,consult,false,,false
/업무사례/부산중1동법무사,case,부산 중1동 법무사 업무 사례 | 상… | 다옴법무사사무소,"부산 중1동 법무사 업무 사례와 상담 안내. 상속등기·부동산등기·법인등기·개인회생. 다옴법무사사무소 안윤정 법무사. 해운대구 중1동은(는) 중동 생활권의 행정동으로, 주거 밀집지의 이전·상속등기 상담이 이어집니다.",부산 중1동 법무사 업무 사례 | 상속등기·부동산등기 상담 안내,부산 중1동에서 자주 문의되는 업무 | 참고용 업무 사례 | 상담 전 확인할 내용 | 방문·비대면 진행 안내 | 관련 지역 | 관련 업무,inheritance,부산,inheritance,consult,false,,false
/업무사례/부산중2동법무사,case,부산 중2동 법무사 업무 사례 | 상… | 다옴법무사사무소,"부산 중2동 법무사 업무 사례와 상담 안내. 상속등기·부동산등기·법인등기·개인회생. 다옴법무사사무소 안윤정 법무사. 해운대구 중2동은(는) 중동 생활권의 행정동으로, 주거 밀집지의 이전·상속등기 상담이 이어집니다.",부산 중2동 법무사 업무 사례 | 상속등기·부동산등기 상담 안내,부산 중2동에서 자주 문의되는 업무 | 참고용 업무 사례 | 상담 전 확인할 내용 | 방문·비대면 진행 안내 | 관련 지역 | 관련 업무,inheritance,부산,inheritance,consult,false,,false
/업무사례/사하구법무사,case,사하구 법무사 업무 사례 | 상속등기… | 다옴법무사사무소,"사하구 법무사 업무 사례와 상담 안내. 상속등기·부동산등기·법인등기·개인회생. 다옴법무사사무소 안윤정 법무사. 하단·다대·장림·감천 일대는 주거와 산업·관광지가 인접해 주택 이전, 공장·상가 등기, 상속 상담이…",사하구 법무사 업무 사례 | 상속등기·부동산등기 상담 안내,사하구에서 자주 문의되는 업무 | 참고용 업무 사례 | 상담 전 확인할 내용 | 방문·비대면 진행 안내 | 사하구에서 이어지는 세부 지역 | 관련 지역 | 관련 업무,inheritance,사하,inheritance,consult,true,,true
/업무사례/부산감천동법무사,case,부산 감천동 법무사 업무 사례 | 상… | 다옴법무사사무소,"부산 감천동 법무사 업무 사례와 상담 안내. 상속등기·부동산등기·법인등기·개인회생. 다옴법무사사무소 안윤정 법무사. 사하구 감천동 일대는 하단·다대·장림·감천 일대는 주거와 산업·관광지가 인접해 주택 이전, 공…",부산 감천동 법무사 업무 사례 | 상속등기·부동산등기 상담 안내,부산 감천동에서 자주 문의되는 업무 | 참고용 업무 사례 | 상담 전 확인할 내용 | 방문·비대면 진행 안내 | 관련 지역 | 관련 업무,inheritance,부산,inheritance,consult,true,,true
/업무사례/부산구평동법무사,case,부산 구평동 법무사 업무 사례 | 상… | 다옴법무사사무소,"부산 구평동 법무사 업무 사례와 상담 안내. 상속등기·부동산등기·법인등기·개인회생. 다옴법무사사무소 안윤정 법무사. 사하구 구평동 일대는 하단·다대·장림·감천 일대는 주거와 산업·관광지가 인접해 주택 이전, 공…",부산 구평동 법무사 업무 사례 | 상속등기·부동산등기 상담 안내,부산 구평동에서 자주 문의되는 업무 | 참고용 업무 사례 | 상담 전 확인할 내용 | 방문·비대면 진행 안내 | 관련 지역 | 관련 업무,inheritance,부산,inheritance,consult,true,,true
/업무사례/부산괴정동법무사,case,부산 괴정동 법무사 업무 사례 | 상… | 다옴법무사사무소,"부산 괴정동 법무사 업무 사례와 상담 안내. 상속등기·부동산등기·법인등기·개인회생. 다옴법무사사무소 안윤정 법무사. 사하구 괴정동 일대는 하단·다대·장림·감천 일대는 주거와 산업·관광지가 인접해 주택 이전, 공…",부산 괴정동 법무사 업무 사례 | 상속등기·부동산등기 상담 안내,부산 괴정동에서 자주 문의되는 업무 | 참고용 업무 사례 | 상담 전 확인할 내용 | 방문·비대면 진행 안내 | 관련 지역 | 관련 업무,inheritance,부산,inheritance,consult,true,,true
/업무사례/부산하단동법무사,case,부산 하단동 법무사 업무 사례 | 상… | 다옴법무사사무소,"부산 하단동 법무사 업무 사례와 상담 안내. 상속등기·부동산등기·법인등기·개인회생. 다옴법무사사무소 안윤정 법무사. 사하구 하단동 일대는 하단·다대·장림·감천 일대는 주거와 산업·관광지가 인접해 주택 이전, 공…",부산 하단동 법무사 업무 사례 | 상속등기·부동산등기 상담 안내,부산 하단동에서 자주 문의되는 업무 | 참고용 업무 사례 | 상담 전 확인할 내용 | 방문·비대면 진행 안내 | 관련 지역 | 관련 업무,inheritance,부산,inheritance,consult,true,,true
/업무사례/부산당리동법무사,case,부산 당리동 법무사 업무 사례 | 상… | 다옴법무사사무소,"부산 당리동 법무사 업무 사례와 상담 안내. 상속등기·부동산등기·법인등기·개인회생. 다옴법무사사무소 안윤정 법무사. 사하구 당리동 일대는 하단·다대·장림·감천 일대는 주거와 산업·관광지가 인접해 주택 이전, 공…",부산 당리동 법무사 업무 사례 | 상속등기·부동산등기 상담 안내,부산 당리동에서 자주 문의되는 업무 | 참고용 업무 사례 | 상담 전 확인할 내용 | 방문·비대면 진행 안내 | 관련 지역 | 관련 업무,inheritance,부산,inheritance,consult,true,,true
/업무사례/부산다대동법무사,case,부산 다대동 법무사 업무 사례 | 상… | 다옴법무사사무소,"부산 다대동 법무사 업무 사례와 상담 안내. 상속등기·부동산등기·법인등기·개인회생. 다옴법무사사무소 안윤정 법무사. 사하구 다대동 일대는 하단·다대·장림·감천 일대는 주거와 산업·관광지가 인접해 주택 이전, 공…",부산 다대동 법무사 업무 사례 | 상속등기·부동산등기 상담 안내,부산 다대동에서 자주 문의되는 업무 | 참고용 업무 사례 | 상담 전 확인할 내용 | 방문·비대면 진행 안내 | 관련 지역 | 관련 업무,inheritance,부산,inheritance,consult,true,,true
/업무사례/부산장림동법무사,case,부산 장림동 법무사 업무 사례 | 상… | 다옴법무사사무소,"부산 장림동 법무사 업무 사례와 상담 안내. 상속등기·부동산등기·법인등기·개인회생. 다옴법무사사무소 안윤정 법무사. 사하구 장림동 일대는 하단·다대·장림·감천 일대는 주거와 산업·관광지가 인접해 주택 이전, 공…",부산 장림동 법무사 업무 사례 | 상속등기·부동산등기 상담 안내,부산 장림동에서 자주 문의되는 업무 | 참고용 업무 사례 | 상담 전 확인할 내용 | 방문·비대면 진행 안내 | 관련 지역 | 관련 업무,inheritance,부산,inheritance,consult,true,,true
/업무사례/부산신평동법무사,case,부산 신평동 법무사 업무 사례 | 상… | 다옴법무사사무소,"부산 신평동 법무사 업무 사례와 상담 안내. 상속등기·부동산등기·법인등기·개인회생. 다옴법무사사무소 안윤정 법무사. 사하구 신평동 일대는 하단·다대·장림·감천 일대는 주거와 산업·관광지가 인접해 주택 이전, 공…",부산 신평동 법무사 업무 사례 | 상속등기·부동산등기 상담 안내,부산 신평동에서 자주 문의되는 업무 | 참고용 업무 사례 | 상담 전 확인할 내용 | 방문·비대면 진행 안내 | 관련 지역 | 관련 업무,inheritance,부산,inheritance,consult,true,,true
/업무사례/금정구법무사,case,금정구 법무사 업무 사례 | 상속등기… | 다옴법무사사무소,"금정구 법무사 업무 사례와 상담 안내. 상속등기·부동산등기·법인등기·개인회생. 다옴법무사사무소 안윤정 법무사. 부산대·장전·구서·노포 생활권으로 대학가 임대·주거 매매, 상속등기, 인근 공업지역 관련 법인·부동…",금정구 법무사 업무 사례 | 상속등기·부동산등기 상담 안내,금정구에서 자주 문의되는 업무 | 참고용 업무 사례 | 상담 전 확인할 내용 | 방문·비대면 진행 안내 | 금정구에서 이어지는 세부 지역 | 관련 지역 | 관련 업무,inheritance,금정,inheritance,consult,true,,true
/업무사례/부산금사동법무사,case,부산 금사동 법무사 업무 사례 | 상… | 다옴법무사사무소,"부산 금사동 법무사 업무 사례와 상담 안내. 상속등기·부동산등기·법인등기·개인회생. 다옴법무사사무소 안윤정 법무사. 금정구 금사동 일대는 부산대·장전·구서·노포 생활권으로 대학가 임대·주거 매매, 상속등기, 인…",부산 금사동 법무사 업무 사례 | 상속등기·부동산등기 상담 안내,부산 금사동에서 자주 문의되는 업무 | 참고용 업무 사례 | 상담 전 확인할 내용 | 방문·비대면 진행 안내 | 관련 지역 | 관련 업무,inheritance,부산,inheritance,consult,true,,true
/업무사례/부산금성동법무사,case,부산 금성동 법무사 업무 사례 | 상… | 다옴법무사사무소,"부산 금성동 법무사 업무 사례와 상담 안내. 상속등기·부동산등기·법인등기·개인회생. 다옴법무사사무소 안윤정 법무사. 금정구 금성동 일대는 부산대·장전·구서·노포 생활권으로 대학가 임대·주거 매매, 상속등기, 인…",부산 금성동 법무사 업무 사례 | 상속등기·부동산등기 상담 안내,부산 금성동에서 자주 문의되는 업무 | 참고용 업무 사례 | 상담 전 확인할 내용 | 방문·비대면 진행 안내 | 관련 지역 | 관련 업무,inheritance,부산,inheritance,consult,true,,true
/업무사례/부산구서동법무사,case,부산 구서동 법무사 업무 사례 | 상… | 다옴법무사사무소,"부산 구서동 법무사 업무 사례와 상담 안내. 상속등기·부동산등기·법인등기·개인회생. 다옴법무사사무소 안윤정 법무사. 금정구 구서동 일대는 부산대·장전·구서·노포 생활권으로 대학가 임대·주거 매매, 상속등기, 인…",부산 구서동 법무사 업무 사례 | 상속등기·부동산등기 상담 안내,부산 구서동에서 자주 문의되는 업무 | 참고용 업무 사례 | 상담 전 확인할 내용 | 방문·비대면 진행 안내 | 관련 지역 | 관련 업무,inheritance,부산,inheritance,consult,true,,true
/업무사례/부산남산동법무사,case,부산 남산동 법무사 업무 사례 | 상… | 다옴법무사사무소,"부산 남산동 법무사 업무 사례와 상담 안내. 상속등기·부동산등기·법인등기·개인회생. 다옴법무사사무소 안윤정 법무사. 금정구 남산동 일대는 부산대·장전·구서·노포 생활권으로 대학가 임대·주거 매매, 상속등기, 인…",부산 남산동 법무사 업무 사례 | 상속등기·부동산등기 상담 안내,부산 남산동에서 자주 문의되는 업무 | 참고용 업무 사례 | 상담 전 확인할 내용 | 방문·비대면 진행 안내 | 관련 지역 | 관련 업무,inheritance,부산,inheritance,consult,true,,true
/업무사례/부산노포동법무사,case,부산 노포동 법무사 업무 사례 | 상… | 다옴법무사사무소,"부산 노포동 법무사 업무 사례와 상담 안내. 상속등기·부동산등기·법인등기·개인회생. 다옴법무사사무소 안윤정 법무사. 금정구 노포동 일대는 부산대·장전·구서·노포 생활권으로 대학가 임대·주거 매매, 상속등기, 인…",부산 노포동 법무사 업무 사례 | 상속등기·부동산등기 상담 안내,부산 노포동에서 자주 문의되는 업무 | 참고용 업무 사례 | 상담 전 확인할 내용 | 방문·비대면 진행 안내 | 관련 지역 | 관련 업무,inheritance,부산,inheritance,consult,true,,true
/업무사례/부산두구동법무사,case,부산 두구동 법무사 업무 사례 | 상… | 다옴법무사사무소,"부산 두구동 법무사 업무 사례와 상담 안내. 상속등기·부동산등기·법인등기·개인회생. 다옴법무사사무소 안윤정 법무사. 금정구 두구동 일대는 부산대·장전·구서·노포 생활권으로 대학가 임대·주거 매매, 상속등기, 인…",부산 두구동 법무사 업무 사례 | 상속등기·부동산등기 상담 안내,부산 두구동에서 자주 문의되는 업무 | 참고용 업무 사례 | 상담 전 확인할 내용 | 방문·비대면 진행 안내 | 관련 지역 | 관련 업무,inheritance,부산,inheritance,consult,true,,true
/업무사례/부산부곡동법무사,case,부산 부곡동 법무사 업무 사례 | 상… | 다옴법무사사무소,"부산 부곡동 법무사 업무 사례와 상담 안내. 상속등기·부동산등기·법인등기·개인회생. 다옴법무사사무소 안윤정 법무사. 금정구 부곡동 일대는 부산대·장전·구서·노포 생활권으로 대학가 임대·주거 매매, 상속등기, 인…",부산 부곡동 법무사 업무 사례 | 상속등기·부동산등기 상담 안내,부산 부곡동에서 자주 문의되는 업무 | 참고용 업무 사례 | 상담 전 확인할 내용 | 방문·비대면 진행 안내 | 관련 지역 | 관련 업무,inheritance,부산,inheritance,consult,true,,true
/업무사례/부산서동법무사,case,부산 서동 법무사 업무 사례 | 상속… | 다옴법무사사무소,"부산 서동 법무사 업무 사례와 상담 안내. 상속등기·부동산등기·법인등기·개인회생. 다옴법무사사무소 안윤정 법무사. 금정구 서동 일대는 부산대·장전·구서·노포 생활권으로 대학가 임대·주거 매매, 상속등기, 인근 …",부산 서동 법무사 업무 사례 | 상속등기·부동산등기 상담 안내,부산 서동에서 자주 문의되는 업무 | 참고용 업무 사례 | 상담 전 확인할 내용 | 방문·비대면 진행 안내 | 관련 지역 | 관련 업무,inheritance,부산,inheritance,consult,true,,true
/업무사례/부산선동법무사,case,부산 선동 법무사 업무 사례 | 상속… | 다옴법무사사무소,"부산 선동 법무사 업무 사례와 상담 안내. 상속등기·부동산등기·법인등기·개인회생. 다옴법무사사무소 안윤정 법무사. 금정구 선동 일대는 부산대·장전·구서·노포 생활권으로 대학가 임대·주거 매매, 상속등기, 인근 …",부산 선동 법무사 업무 사례 | 상속등기·부동산등기 상담 안내,부산 선동에서 자주 문의되는 업무 | 참고용 업무 사례 | 상담 전 확인할 내용 | 방문·비대면 진행 안내 | 관련 지역 | 관련 업무,inheritance,부산,inheritance,consult,true,,true
/업무사례/부산오륜동법무사,case,부산 오륜동 법무사 업무 사례 | 상… | 다옴법무사사무소,"부산 오륜동 법무사 업무 사례와 상담 안내. 상속등기·부동산등기·법인등기·개인회생. 다옴법무사사무소 안윤정 법무사. 금정구 오륜동 일대는 부산대·장전·구서·노포 생활권으로 대학가 임대·주거 매매, 상속등기, 인…",부산 오륜동 법무사 업무 사례 | 상속등기·부동산등기 상담 안내,부산 오륜동에서 자주 문의되는 업무 | 참고용 업무 사례 | 상담 전 확인할 내용 | 방문·비대면 진행 안내 | 관련 지역 | 관련 업무,inheritance,부산,inheritance,consult,true,,true
/업무사례/부산장전동법무사,case,부산 장전동 법무사 업무 사례 | 상… | 다옴법무사사무소,"부산 장전동 법무사 업무 사례와 상담 안내. 상속등기·부동산등기·법인등기·개인회생. 다옴법무사사무소 안윤정 법무사. 금정구 장전동 일대는 부산대·장전·구서·노포 생활권으로 대학가 임대·주거 매매, 상속등기, 인…",부산 장전동 법무사 업무 사례 | 상속등기·부동산등기 상담 안내,부산 장전동에서 자주 문의되는 업무 | 참고용 업무 사례 | 상담 전 확인할 내용 | 방문·비대면 진행 안내 | 관련 지역 | 관련 업무,inheritance,부산,inheritance,consult,true,,true
/업무사례/부산청룡동법무사,case,부산 청룡동 법무사 업무 사례 | 상… | 다옴법무사사무소,"부산 청룡동 법무사 업무 사례와 상담 안내. 상속등기·부동산등기·법인등기·개인회생. 다옴법무사사무소 안윤정 법무사. 금정구 청룡동 일대는 부산대·장전·구서·노포 생활권으로 대학가 임대·주거 매매, 상속등기, 인…",부산 청룡동 법무사 업무 사례 | 상속등기·부동산등기 상담 안내,부산 청룡동에서 자주 문의되는 업무 | 참고용 업무 사례 | 상담 전 확인할 내용 | 방문·비대면 진행 안내 | 관련 지역 | 관련 업무,inheritance,부산,inheritance,consult,true,,true
/업무사례/부산회동동법무사,case,부산 회동동 법무사 업무 사례 | 상… | 다옴법무사사무소,"부산 회동동 법무사 업무 사례와 상담 안내. 상속등기·부동산등기·법인등기·개인회생. 다옴법무사사무소 안윤정 법무사. 금정구 회동동 일대는 부산대·장전·구서·노포 생활권으로 대학가 임대·주거 매매, 상속등기, 인…",부산 회동동 법무사 업무 사례 | 상속등기·부동산등기 상담 안내,부산 회동동에서 자주 문의되는 업무 | 참고용 업무 사례 | 상담 전 확인할 내용 | 방문·비대면 진행 안내 | 관련 지역 | 관련 업무,inheritance,부산,inheritance,consult,true,,true
/업무사례/강서구법무사,case,강서구 법무사 업무 사례 | 상속등기… | 다옴법무사사무소,"강서구 법무사 업무 사례와 상담 안내. 상속등기·부동산등기·법인등기·개인회생. 다옴법무사사무소 안윤정 법무사. 명지·에코델타·녹산·신항 일대는 신도시와 산업·물류가 맞물려 신축 보존등기, 공장·창고 이전, 법인…",강서구 법무사 업무 사례 | 상속등기·부동산등기 상담 안내,강서구에서 자주 문의되는 업무 | 참고용 업무 사례 | 상담 전 확인할 내용 | 방문·비대면 진행 안내 | 강서구에서 이어지는 세부 지역 | 관련 지역 | 관련 업무,inheritance,강서,inheritance,consult,true,,true
/업무사례/부산강동동법무사,case,부산 강동동 법무사 업무 사례 | 상… | 다옴법무사사무소,부산 강동동 법무사 업무 사례와 상담 안내. 상속등기·부동산등기·법인등기·개인회생. 다옴법무사사무소 안윤정 법무사. 강서구 강동동 일대는 명지·에코델타·녹산·신항 일대는 신도시와 산업·물류가 맞물려 신축 보존등…,부산 강동동 법무사 업무 사례 | 상속등기·부동산등기 상담 안내,부산 강동동에서 자주 문의되는 업무 | 참고용 업무 사례 | 상담 전 확인할 내용 | 방문·비대면 진행 안내 | 관련 지역 | 관련 업무,inheritance,부산,inheritance,consult,true,,true
/업무사례/부산구랑동법무사,case,부산 구랑동 법무사 업무 사례 | 상… | 다옴법무사사무소,부산 구랑동 법무사 업무 사례와 상담 안내. 상속등기·부동산등기·법인등기·개인회생. 다옴법무사사무소 안윤정 법무사. 강서구 구랑동 일대는 명지·에코델타·녹산·신항 일대는 신도시와 산업·물류가 맞물려 신축 보존등…,부산 구랑동 법무사 업무 사례 | 상속등기·부동산등기 상담 안내,부산 구랑동에서 자주 문의되는 업무 | 참고용 업무 사례 | 상담 전 확인할 내용 | 방문·비대면 진행 안내 | 관련 지역 | 관련 업무,inheritance,부산,inheritance,consult,true,,true
/업무사례/부산눌차동법무사,case,부산 눌차동 법무사 업무 사례 | 상… | 다옴법무사사무소,부산 눌차동 법무사 업무 사례와 상담 안내. 상속등기·부동산등기·법인등기·개인회생. 다옴법무사사무소 안윤정 법무사. 강서구 눌차동 일대는 명지·에코델타·녹산·신항 일대는 신도시와 산업·물류가 맞물려 신축 보존등…,부산 눌차동 법무사 업무 사례 | 상속등기·부동산등기 상담 안내,부산 눌차동에서 자주 문의되는 업무 | 참고용 업무 사례 | 상담 전 확인할 내용 | 방문·비대면 진행 안내 | 관련 지역 | 관련 업무,inheritance,부산,inheritance,consult,true,,true
/업무사례/부산대저동법무사,case,부산 대저동 법무사 업무 사례 | 상… | 다옴법무사사무소,부산 대저동 법무사 업무 사례와 상담 안내. 상속등기·부동산등기·법인등기·개인회생. 다옴법무사사무소 안윤정 법무사. 강서구 대저동 일대는 명지·에코델타·녹산·신항 일대는 신도시와 산업·물류가 맞물려 신축 보존등…,부산 대저동 법무사 업무 사례 | 상속등기·부동산등기 상담 안내,부산 대저동에서 자주 문의되는 업무 | 참고용 업무 사례 | 상담 전 확인할 내용 | 방문·비대면 진행 안내 | 관련 지역 | 관련 업무,inheritance,부산,inheritance,consult,true,,true
/업무사례/부산대항동법무사,case,부산 대항동 법무사 업무 사례 | 상… | 다옴법무사사무소,부산 대항동 법무사 업무 사례와 상담 안내. 상속등기·부동산등기·법인등기·개인회생. 다옴법무사사무소 안윤정 법무사. 강서구 대항동 일대는 명지·에코델타·녹산·신항 일대는 신도시와 산업·물류가 맞물려 신축 보존등…,부산 대항동 법무사 업무 사례 | 상속등기·부동산등기 상담 안내,부산 대항동에서 자주 문의되는 업무 | 참고용 업무 사례 | 상담 전 확인할 내용 | 방문·비대면 진행 안내 | 관련 지역 | 관련 업무,inheritance,부산,inheritance,consult,true,,true
/업무사례/부산동선동법무사,case,부산 동선동 법무사 업무 사례 | 상… | 다옴법무사사무소,부산 동선동 법무사 업무 사례와 상담 안내. 상속등기·부동산등기·법인등기·개인회생. 다옴법무사사무소 안윤정 법무사. 강서구 동선동 일대는 명지·에코델타·녹산·신항 일대는 신도시와 산업·물류가 맞물려 신축 보존등…,부산 동선동 법무사 업무 사례 | 상속등기·부동산등기 상담 안내,부산 동선동에서 자주 문의되는 업무 | 참고용 업무 사례 | 상담 전 확인할 내용 | 방문·비대면 진행 안내 | 관련 지역 | 관련 업무,inheritance,부산,inheritance,consult,true,,true
/업무사례/부산명지동법무사,case,부산 명지동 법무사 업무 사례 | 상… | 다옴법무사사무소,부산 명지동 법무사 업무 사례와 상담 안내. 상속등기·부동산등기·법인등기·개인회생. 다옴법무사사무소 안윤정 법무사. 강서구 명지동 일대는 명지·에코델타·녹산·신항 일대는 신도시와 산업·물류가 맞물려 신축 보존등…,부산 명지동 법무사 업무 사례 | 상속등기·부동산등기 상담 안내,부산 명지동에서 자주 문의되는 업무 | 참고용 업무 사례 | 상담 전 확인할 내용 | 방문·비대면 진행 안내 | 관련 지역 | 관련 업무,inheritance,부산,inheritance,consult,true,,true
/업무사례/부산미음동법무사,case,부산 미음동 법무사 업무 사례 | 상… | 다옴법무사사무소,부산 미음동 법무사 업무 사례와 상담 안내. 상속등기·부동산등기·법인등기·개인회생. 다옴법무사사무소 안윤정 법무사. 강서구 미음동 일대는 명지·에코델타·녹산·신항 일대는 신도시와 산업·물류가 맞물려 신축 보존등…,부산 미음동 법무사 업무 사례 | 상속등기·부동산등기 상담 안내,부산 미음동에서 자주 문의되는 업무 | 참고용 업무 사례 | 상담 전 확인할 내용 | 방문·비대면 진행 안내 | 관련 지역 | 관련 업무,inheritance,부산,inheritance,consult,true,,true
/업무사례/부산범방동법무사,case,부산 범방동 법무사 업무 사례 | 상… | 다옴법무사사무소,부산 범방동 법무사 업무 사례와 상담 안내. 상속등기·부동산등기·법인등기·개인회생. 다옴법무사사무소 안윤정 법무사. 강서구 범방동 일대는 명지·에코델타·녹산·신항 일대는 신도시와 산업·물류가 맞물려 신축 보존등…,부산 범방동 법무사 업무 사례 | 상속등기·부동산등기 상담 안내,부산 범방동에서 자주 문의되는 업무 | 참고용 업무 사례 | 상담 전 확인할 내용 | 방문·비대면 진행 안내 | 관련 지역 | 관련 업무,inheritance,부산,inheritance,consult,true,,true
/업무사례/부산봉림동법무사,case,부산 봉림동 법무사 업무 사례 | 상… | 다옴법무사사무소,부산 봉림동 법무사 업무 사례와 상담 안내. 상속등기·부동산등기·법인등기·개인회생. 다옴법무사사무소 안윤정 법무사. 강서구 봉림동 일대는 명지·에코델타·녹산·신항 일대는 신도시와 산업·물류가 맞물려 신축 보존등…,부산 봉림동 법무사 업무 사례 | 상속등기·부동산등기 상담 안내,부산 봉림동에서 자주 문의되는 업무 | 참고용 업무 사례 | 상담 전 확인할 내용 | 방문·비대면 진행 안내 | 관련 지역 | 관련 업무,inheritance,부산,inheritance,consult,true,,true
/업무사례/부산생곡동법무사,case,부산 생곡동 법무사 업무 사례 | 상… | 다옴법무사사무소,부산 생곡동 법무사 업무 사례와 상담 안내. 상속등기·부동산등기·법인등기·개인회생. 다옴법무사사무소 안윤정 법무사. 강서구 생곡동 일대는 명지·에코델타·녹산·신항 일대는 신도시와 산업·물류가 맞물려 신축 보존등…,부산 생곡동 법무사 업무 사례 | 상속등기·부동산등기 상담 안내,부산 생곡동에서 자주 문의되는 업무 | 참고용 업무 사례 | 상담 전 확인할 내용 | 방문·비대면 진행 안내 | 관련 지역 | 관련 업무,inheritance,부산,inheritance,consult,true,,true
/업무사례/부산성북동법무사,case,부산 성북동 법무사 업무 사례 | 상… | 다옴법무사사무소,부산 성북동 법무사 업무 사례와 상담 안내. 상속등기·부동산등기·법인등기·개인회생. 다옴법무사사무소 안윤정 법무사. 강서구 성북동 일대는 명지·에코델타·녹산·신항 일대는 신도시와 산업·물류가 맞물려 신축 보존등…,부산 성북동 법무사 업무 사례 | 상속등기·부동산등기 상담 안내,부산 성북동에서 자주 문의되는 업무 | 참고용 업무 사례 | 상담 전 확인할 내용 | 방문·비대면 진행 안내 | 관련 지역 | 관련 업무,inheritance,부산,inheritance,consult,true,,true
/업무사례/부산식만동법무사,case,부산 식만동 법무사 업무 사례 | 상… | 다옴법무사사무소,부산 식만동 법무사 업무 사례와 상담 안내. 상속등기·부동산등기·법인등기·개인회생. 다옴법무사사무소 안윤정 법무사. 강서구 식만동 일대는 명지·에코델타·녹산·신항 일대는 신도시와 산업·물류가 맞물려 신축 보존등…,부산 식만동 법무사 업무 사례 | 상속등기·부동산등기 상담 안내,부산 식만동에서 자주 문의되는 업무 | 참고용 업무 사례 | 상담 전 확인할 내용 | 방문·비대면 진행 안내 | 관련 지역 | 관련 업무,inheritance,부산,inheritance,consult,true,,true
/업무사례/부산신호동법무사,case,부산 신호동 법무사 업무 사례 | 상… | 다옴법무사사무소,부산 신호동 법무사 업무 사례와 상담 안내. 상속등기·부동산등기·법인등기·개인회생. 다옴법무사사무소 안윤정 법무사. 강서구 신호동 일대는 명지·에코델타·녹산·신항 일대는 신도시와 산업·물류가 맞물려 신축 보존등…,부산 신호동 법무사 업무 사례 | 상속등기·부동산등기 상담 안내,부산 신호동에서 자주 문의되는 업무 | 참고용 업무 사례 | 상담 전 확인할 내용 | 방문·비대면 진행 안내 | 관련 지역 | 관련 업무,inheritance,부산,inheritance,consult,true,,true
/업무사례/부산죽동동법무사,case,부산 죽동동 법무사 업무 사례 | 상… | 다옴법무사사무소,부산 죽동동 법무사 업무 사례와 상담 안내. 상속등기·부동산등기·법인등기·개인회생. 다옴법무사사무소 안윤정 법무사. 강서구 죽동동 일대는 명지·에코델타·녹산·신항 일대는 신도시와 산업·물류가 맞물려 신축 보존등…,부산 죽동동 법무사 업무 사례 | 상속등기·부동산등기 상담 안내,부산 죽동동에서 자주 문의되는 업무 | 참고용 업무 사례 | 상담 전 확인할 내용 | 방문·비대면 진행 안내 | 관련 지역 | 관련 업무,inheritance,부산,inheritance,consult,true,,true
/업무사례/부산죽림동법무사,case,부산 죽림동 법무사 업무 사례 | 상… | 다옴법무사사무소,부산 죽림동 법무사 업무 사례와 상담 안내. 상속등기·부동산등기·법인등기·개인회생. 다옴법무사사무소 안윤정 법무사. 강서구 죽림동 일대는 명지·에코델타·녹산·신항 일대는 신도시와 산업·물류가 맞물려 신축 보존등…,부산 죽림동 법무사 업무 사례 | 상속등기·부동산등기 상담 안내,부산 죽림동에서 자주 문의되는 업무 | 참고용 업무 사례 | 상담 전 확인할 내용 | 방문·비대면 진행 안내 | 관련 지역 | 관련 업무,inheritance,부산,inheritance,consult,true,,true
/업무사례/부산지사동법무사,case,부산 지사동 법무사 업무 사례 | 상… | 다옴법무사사무소,부산 지사동 법무사 업무 사례와 상담 안내. 상속등기·부동산등기·법인등기·개인회생. 다옴법무사사무소 안윤정 법무사. 강서구 지사동 일대는 명지·에코델타·녹산·신항 일대는 신도시와 산업·물류가 맞물려 신축 보존등…,부산 지사동 법무사 업무 사례 | 상속등기·부동산등기 상담 안내,부산 지사동에서 자주 문의되는 업무 | 참고용 업무 사례 | 상담 전 확인할 내용 | 방문·비대면 진행 안내 | 관련 지역 | 관련 업무,inheritance,부산,inheritance,consult,true,,true
/업무사례/부산천성동법무사,case,부산 천성동 법무사 업무 사례 | 상… | 다옴법무사사무소,부산 천성동 법무사 업무 사례와 상담 안내. 상속등기·부동산등기·법인등기·개인회생. 다옴법무사사무소 안윤정 법무사. 강서구 천성동 일대는 명지·에코델타·녹산·신항 일대는 신도시와 산업·물류가 맞물려 신축 보존등…,부산 천성동 법무사 업무 사례 | 상속등기·부동산등기 상담 안내,부산 천성동에서 자주 문의되는 업무 | 참고용 업무 사례 | 상담 전 확인할 내용 | 방문·비대면 진행 안내 | 관련 지역 | 관련 업무,inheritance,부산,inheritance,consult,true,,true
/업무사례/부산화전동법무사,case,부산 화전동 법무사 업무 사례 | 상… | 다옴법무사사무소,부산 화전동 법무사 업무 사례와 상담 안내. 상속등기·부동산등기·법인등기·개인회생. 다옴법무사사무소 안윤정 법무사. 강서구 화전동 일대는 명지·에코델타·녹산·신항 일대는 신도시와 산업·물류가 맞물려 신축 보존등…,부산 화전동 법무사 업무 사례 | 상속등기·부동산등기 상담 안내,부산 화전동에서 자주 문의되는 업무 | 참고용 업무 사례 | 상담 전 확인할 내용 | 방문·비대면 진행 안내 | 관련 지역 | 관련 업무,inheritance,부산,inheritance,consult,true,,true
/업무사례/부산녹산동법무사,case,부산 녹산동 법무사 업무 사례 | 상… | 다옴법무사사무소,부산 녹산동 법무사 업무 사례와 상담 안내. 상속등기·부동산등기·법인등기·개인회생. 다옴법무사사무소 안윤정 법무사. 강서구 녹산동 일대는 명지·에코델타·녹산·신항 일대는 신도시와 산업·물류가 맞물려 신축 보존등…,부산 녹산동 법무사 업무 사례 | 상속등기·부동산등기 상담 안내,부산 녹산동에서 자주 문의되는 업무 | 참고용 업무 사례 | 상담 전 확인할 내용 | 방문·비대면 진행 안내 | 관련 지역 | 관련 업무,inheritance,부산,inheritance,consult,true,,true
/업무사례/부산가락동법무사,case,부산 가락동 법무사 업무 사례 | 상… | 다옴법무사사무소,부산 가락동 법무사 업무 사례와 상담 안내. 상속등기·부동산등기·법인등기·개인회생. 다옴법무사사무소 안윤정 법무사. 강서구 가락동 일대는 명지·에코델타·녹산·신항 일대는 신도시와 산업·물류가 맞물려 신축 보존등…,부산 가락동 법무사 업무 사례 | 상속등기·부동산등기 상담 안내,부산 가락동에서 자주 문의되는 업무 | 참고용 업무 사례 | 상담 전 확인할 내용 | 방문·비대면 진행 안내 | 관련 지역 | 관련 업무,inheritance,부산,inheritance,consult,true,,true
/업무사례/연제구법무사,case,연제구 법무사 업무 사례 | 상속등기… | 다옴법무사사무소,연제구 법무사 업무 사례와 상담 안내. 상속등기·부동산등기·법인등기·개인회생. 다옴법무사사무소 안윤정 법무사. 거제·연산 일대는 시청·법원·등기 관련 기관과 가까워 소송·회생·등기 일정과 맞춘 법무사 업무 문의…,연제구 법무사 업무 사례 | 상속등기·부동산등기 상담 안내,연제구에서 자주 문의되는 업무 | 참고용 업무 사례 | 상담 전 확인할 내용 | 방문·비대면 진행 안내 | 연제구에서 이어지는 세부 지역 | 관련 지역 | 관련 업무,inheritance,연제,inheritance,consult,true,,true
/업무사례/부산거제동법무사,case,부산 거제동 법무사 업무 사례 | 상… | 다옴법무사사무소,부산 거제동 법무사 업무 사례와 상담 안내. 상속등기·부동산등기·법인등기·개인회생. 다옴법무사사무소 안윤정 법무사. 연제구 거제동 일대는 거제·연산 일대는 시청·법원·등기 관련 기관과 가까워 소송·회생·등기 일…,부산 거제동 법무사 업무 사례 | 상속등기·부동산등기 상담 안내,부산 거제동에서 자주 문의되는 업무 | 참고용 업무 사례 | 상담 전 확인할 내용 | 방문·비대면 진행 안내 | 관련 지역 | 관련 업무,inheritance,부산,inheritance,consult,true,,true
/업무사례/부산연산동법무사,case,부산 연산동 법무사 업무 사례 | 상… | 다옴법무사사무소,부산 연산동 법무사 업무 사례와 상담 안내. 상속등기·부동산등기·법인등기·개인회생. 다옴법무사사무소 안윤정 법무사. 연제구 연산동 일대는 거제·연산 일대는 시청·법원·등기 관련 기관과 가까워 소송·회생·등기 일…,부산 연산동 법무사 업무 사례 | 상속등기·부동산등기 상담 안내,부산 연산동에서 자주 문의되는 업무 | 참고용 업무 사례 | 상담 전 확인할 내용 | 방문·비대면 진행 안내 | 관련 지역 | 관련 업무,inheritance,부산,inheritance,consult,true,,true
/업무사례/부산거제1동법무사,case,부산 거제1동 법무사 업무 사례 | … | 다옴법무사사무소,"부산 거제1동 법무사 업무 사례와 상담 안내. 상속등기·부동산등기·법인등기·개인회생. 다옴법무사사무소 안윤정 법무사. 연제구 거제1동은(는) 거제동 생활권의 행정동으로, 주거 밀집지의 이전·상속등기 상담이 이어…",부산 거제1동 법무사 업무 사례 | 상속등기·부동산등기 상담 안내,부산 거제1동에서 자주 문의되는 업무 | 참고용 업무 사례 | 상담 전 확인할 내용 | 방문·비대면 진행 안내 | 관련 지역 | 관련 업무,inheritance,부산,inheritance,consult,false,,false
/업무사례/부산거제2동법무사,case,부산 거제2동 법무사 업무 사례 | … | 다옴법무사사무소,"부산 거제2동 법무사 업무 사례와 상담 안내. 상속등기·부동산등기·법인등기·개인회생. 다옴법무사사무소 안윤정 법무사. 연제구 거제2동은(는) 거제동 생활권의 행정동으로, 주거 밀집지의 이전·상속등기 상담이 이어…",부산 거제2동 법무사 업무 사례 | 상속등기·부동산등기 상담 안내,부산 거제2동에서 자주 문의되는 업무 | 참고용 업무 사례 | 상담 전 확인할 내용 | 방문·비대면 진행 안내 | 관련 지역 | 관련 업무,inheritance,부산,inheritance,consult,false,,false
/업무사례/부산거제3동법무사,case,부산 거제3동 법무사 업무 사례 | … | 다옴법무사사무소,"부산 거제3동 법무사 업무 사례와 상담 안내. 상속등기·부동산등기·법인등기·개인회생. 다옴법무사사무소 안윤정 법무사. 연제구 거제3동은(는) 거제동 생활권의 행정동으로, 주거 밀집지의 이전·상속등기 상담이 이어…",부산 거제3동 법무사 업무 사례 | 상속등기·부동산등기 상담 안내,부산 거제3동에서 자주 문의되는 업무 | 참고용 업무 사례 | 상담 전 확인할 내용 | 방문·비대면 진행 안내 | 관련 지역 | 관련 업무,inheritance,부산,inheritance,consult,false,,false
/업무사례/부산거제4동법무사,case,부산 거제4동 법무사 업무 사례 | … | 다옴법무사사무소,"부산 거제4동 법무사 업무 사례와 상담 안내. 상속등기·부동산등기·법인등기·개인회생. 다옴법무사사무소 안윤정 법무사. 연제구 거제4동은(는) 거제동 생활권의 행정동으로, 주거 밀집지의 이전·상속등기 상담이 이어…",부산 거제4동 법무사 업무 사례 | 상속등기·부동산등기 상담 안내,부산 거제4동에서 자주 문의되는 업무 | 참고용 업무 사례 | 상담 전 확인할 내용 | 방문·비대면 진행 안내 | 관련 지역 | 관련 업무,inheritance,부산,inheritance,consult,false,,false
/업무사례/부산연산1동법무사,case,부산 연산1동 법무사 업무 사례 | … | 다옴법무사사무소,"부산 연산1동 법무사 업무 사례와 상담 안내. 상속등기·부동산등기·법인등기·개인회생. 다옴법무사사무소 안윤정 법무사. 연제구 연산1동은(는) 연산동 생활권의 행정동으로, 주거 밀집지의 이전·상속등기 상담이 이어…",부산 연산1동 법무사 업무 사례 | 상속등기·부동산등기 상담 안내,부산 연산1동에서 자주 문의되는 업무 | 참고용 업무 사례 | 상담 전 확인할 내용 | 방문·비대면 진행 안내 | 관련 지역 | 관련 업무,inheritance,부산,inheritance,consult,false,,false
/업무사례/부산연산2동법무사,case,부산 연산2동 법무사 업무 사례 | … | 다옴법무사사무소,"부산 연산2동 법무사 업무 사례와 상담 안내. 상속등기·부동산등기·법인등기·개인회생. 다옴법무사사무소 안윤정 법무사. 연제구 연산2동은(는) 연산동 생활권의 행정동으로, 주거 밀집지의 이전·상속등기 상담이 이어…",부산 연산2동 법무사 업무 사례 | 상속등기·부동산등기 상담 안내,부산 연산2동에서 자주 문의되는 업무 | 참고용 업무 사례 | 상담 전 확인할 내용 | 방문·비대면 진행 안내 | 관련 지역 | 관련 업무,inheritance,부산,inheritance,consult,false,,false
/업무사례/부산연산3동법무사,case,부산 연산3동 법무사 업무 사례 | … | 다옴법무사사무소,"부산 연산3동 법무사 업무 사례와 상담 안내. 상속등기·부동산등기·법인등기·개인회생. 다옴법무사사무소 안윤정 법무사. 연제구 연산3동은(는) 연산동 생활권의 행정동으로, 주거 밀집지의 이전·상속등기 상담이 이어…",부산 연산3동 법무사 업무 사례 | 상속등기·부동산등기 상담 안내,부산 연산3동에서 자주 문의되는 업무 | 참고용 업무 사례 | 상담 전 확인할 내용 | 방문·비대면 진행 안내 | 관련 지역 | 관련 업무,inheritance,부산,inheritance,consult,false,,false
/업무사례/부산연산4동법무사,case,부산 연산4동 법무사 업무 사례 | … | 다옴법무사사무소,"부산 연산4동 법무사 업무 사례와 상담 안내. 상속등기·부동산등기·법인등기·개인회생. 다옴법무사사무소 안윤정 법무사. 연제구 연산4동은(는) 연산동 생활권의 행정동으로, 주거 밀집지의 이전·상속등기 상담이 이어…",부산 연산4동 법무사 업무 사례 | 상속등기·부동산등기 상담 안내,부산 연산4동에서 자주 문의되는 업무 | 참고용 업무 사례 | 상담 전 확인할 내용 | 방문·비대면 진행 안내 | 관련 지역 | 관련 업무,inheritance,부산,inheritance,consult,false,,false
/업무사례/부산연산5동법무사,case,부산 연산5동 법무사 업무 사례 | … | 다옴법무사사무소,"부산 연산5동 법무사 업무 사례와 상담 안내. 상속등기·부동산등기·법인등기·개인회생. 다옴법무사사무소 안윤정 법무사. 연제구 연산5동은(는) 연산동 생활권의 행정동으로, 주거 밀집지의 이전·상속등기 상담이 이어…",부산 연산5동 법무사 업무 사례 | 상속등기·부동산등기 상담 안내,부산 연산5동에서 자주 문의되는 업무 | 참고용 업무 사례 | 상담 전 확인할 내용 | 방문·비대면 진행 안내 | 관련 지역 | 관련 업무,inheritance,부산,inheritance,consult,false,,false
/업무사례/부산연산6동법무사,case,부산 연산6동 법무사 업무 사례 | … | 다옴법무사사무소,"부산 연산6동 법무사 업무 사례와 상담 안내. 상속등기·부동산등기·법인등기·개인회생. 다옴법무사사무소 안윤정 법무사. 연제구 연산6동은(는) 연산동 생활권의 행정동으로, 주거 밀집지의 이전·상속등기 상담이 이어…",부산 연산6동 법무사 업무 사례 | 상속등기·부동산등기 상담 안내,부산 연산6동에서 자주 문의되는 업무 | 참고용 업무 사례 | 상담 전 확인할 내용 | 방문·비대면 진행 안내 | 관련 지역 | 관련 업무,inheritance,부산,inheritance,consult,false,,false
/업무사례/부산연산8동법무사,case,부산 연산8동 법무사 업무 사례 | … | 다옴법무사사무소,"부산 연산8동 법무사 업무 사례와 상담 안내. 상속등기·부동산등기·법인등기·개인회생. 다옴법무사사무소 안윤정 법무사. 연제구 연산8동은(는) 연산동 생활권의 행정동으로, 주거 밀집지의 이전·상속등기 상담이 이어…",부산 연산8동 법무사 업무 사례 | 상속등기·부동산등기 상담 안내,부산 연산8동에서 자주 문의되는 업무 | 참고용 업무 사례 | 상담 전 확인할 내용 | 방문·비대면 진행 안내 | 관련 지역 | 관련 업무,inheritance,부산,inheritance,consult,false,,false
/업무사례/부산연산9동법무사,case,부산 연산9동 법무사 업무 사례 | … | 다옴법무사사무소,"부산 연산9동 법무사 업무 사례와 상담 안내. 상속등기·부동산등기·법인등기·개인회생. 다옴법무사사무소 안윤정 법무사. 연제구 연산9동은(는) 연산동 생활권의 행정동으로, 주거 밀집지의 이전·상속등기 상담이 이어…",부산 연산9동 법무사 업무 사례 | 상속등기·부동산등기 상담 안내,부산 연산9동에서 자주 문의되는 업무 | 참고용 업무 사례 | 상담 전 확인할 내용 | 방문·비대면 진행 안내 | 관련 지역 | 관련 업무,inheritance,부산,inheritance,consult,false,,false
/업무사례/수영구법무사,case,수영구 법무사 업무 사례 | 상속등기… | 다옴법무사사무소,"수영구 법무사 업무 사례와 상담 안내. 상속등기·부동산등기·법인등기·개인회생. 다옴법무사사무소 안윤정 법무사. 광안리·남천·망미 일대는 해안 주거와 상권이 밀집해 아파트·오피스텔 이전등기, 상가 권리, 상속 상…",수영구 법무사 업무 사례 | 상속등기·부동산등기 상담 안내,수영구에서 자주 문의되는 업무 | 참고용 업무 사례 | 상담 전 확인할 내용 | 방문·비대면 진행 안내 | 수영구에서 이어지는 세부 지역 | 관련 지역 | 관련 업무,inheritance,수영,inheritance,consult,true,,true
/업무사례/부산광안동법무사,case,부산 광안동 법무사 업무 사례 | 상… | 다옴법무사사무소,부산 광안동 법무사 업무 사례와 상담 안내. 상속등기·부동산등기·법인등기·개인회생. 다옴법무사사무소 안윤정 법무사. 수영구 광안동 일대는 광안리·남천·망미 일대는 해안 주거와 상권이 밀집해 아파트·오피스텔 이전…,부산 광안동 법무사 업무 사례 | 상속등기·부동산등기 상담 안내,부산 광안동에서 자주 문의되는 업무 | 참고용 업무 사례 | 상담 전 확인할 내용 | 방문·비대면 진행 안내 | 관련 지역 | 관련 업무,inheritance,부산,inheritance,consult,true,,true
/업무사례/부산남천동법무사,case,부산 남천동 법무사 업무 사례 | 상… | 다옴법무사사무소,부산 남천동 법무사 업무 사례와 상담 안내. 상속등기·부동산등기·법인등기·개인회생. 다옴법무사사무소 안윤정 법무사. 수영구 남천동 일대는 광안리·남천·망미 일대는 해안 주거와 상권이 밀집해 아파트·오피스텔 이전…,부산 남천동 법무사 업무 사례 | 상속등기·부동산등기 상담 안내,부산 남천동에서 자주 문의되는 업무 | 참고용 업무 사례 | 상담 전 확인할 내용 | 방문·비대면 진행 안내 | 관련 지역 | 관련 업무,inheritance,부산,inheritance,consult,true,,true
/업무사례/부산망미동법무사,case,부산 망미동 법무사 업무 사례 | 상… | 다옴법무사사무소,부산 망미동 법무사 업무 사례와 상담 안내. 상속등기·부동산등기·법인등기·개인회생. 다옴법무사사무소 안윤정 법무사. 수영구 망미동 일대는 광안리·남천·망미 일대는 해안 주거와 상권이 밀집해 아파트·오피스텔 이전…,부산 망미동 법무사 업무 사례 | 상속등기·부동산등기 상담 안내,부산 망미동에서 자주 문의되는 업무 | 참고용 업무 사례 | 상담 전 확인할 내용 | 방문·비대면 진행 안내 | 관련 지역 | 관련 업무,inheritance,부산,inheritance,consult,true,,true
/업무사례/부산민락동법무사,case,부산 민락동 법무사 업무 사례 | 상… | 다옴법무사사무소,부산 민락동 법무사 업무 사례와 상담 안내. 상속등기·부동산등기·법인등기·개인회생. 다옴법무사사무소 안윤정 법무사. 수영구 민락동 일대는 광안리·남천·망미 일대는 해안 주거와 상권이 밀집해 아파트·오피스텔 이전…,부산 민락동 법무사 업무 사례 | 상속등기·부동산등기 상담 안내,부산 민락동에서 자주 문의되는 업무 | 참고용 업무 사례 | 상담 전 확인할 내용 | 방문·비대면 진행 안내 | 관련 지역 | 관련 업무,inheritance,부산,inheritance,consult,true,,true
/업무사례/부산수영동법무사,case,부산 수영동 법무사 업무 사례 | 상… | 다옴법무사사무소,부산 수영동 법무사 업무 사례와 상담 안내. 상속등기·부동산등기·법인등기·개인회생. 다옴법무사사무소 안윤정 법무사. 수영구 수영동 일대는 광안리·남천·망미 일대는 해안 주거와 상권이 밀집해 아파트·오피스텔 이전…,부산 수영동 법무사 업무 사례 | 상속등기·부동산등기 상담 안내,부산 수영동에서 자주 문의되는 업무 | 참고용 업무 사례 | 상담 전 확인할 내용 | 방문·비대면 진행 안내 | 관련 지역 | 관련 업무,inheritance,부산,inheritance,consult,true,,true
/업무사례/부산광안1동법무사,case,부산 광안1동 법무사 업무 사례 | … | 다옴법무사사무소,"부산 광안1동 법무사 업무 사례와 상담 안내. 상속등기·부동산등기·법인등기·개인회생. 다옴법무사사무소 안윤정 법무사. 수영구 광안1동은(는) 광안동 생활권의 행정동으로, 주거 밀집지의 이전·상속등기 상담이 이어…",부산 광안1동 법무사 업무 사례 | 상속등기·부동산등기 상담 안내,부산 광안1동에서 자주 문의되는 업무 | 참고용 업무 사례 | 상담 전 확인할 내용 | 방문·비대면 진행 안내 | 관련 지역 | 관련 업무,inheritance,부산,inheritance,consult,false,,false
/업무사례/부산광안2동법무사,case,부산 광안2동 법무사 업무 사례 | … | 다옴법무사사무소,"부산 광안2동 법무사 업무 사례와 상담 안내. 상속등기·부동산등기·법인등기·개인회생. 다옴법무사사무소 안윤정 법무사. 수영구 광안2동은(는) 광안동 생활권의 행정동으로, 주거 밀집지의 이전·상속등기 상담이 이어…",부산 광안2동 법무사 업무 사례 | 상속등기·부동산등기 상담 안내,부산 광안2동에서 자주 문의되는 업무 | 참고용 업무 사례 | 상담 전 확인할 내용 | 방문·비대면 진행 안내 | 관련 지역 | 관련 업무,inheritance,부산,inheritance,consult,false,,false
/업무사례/부산광안3동법무사,case,부산 광안3동 법무사 업무 사례 | … | 다옴법무사사무소,"부산 광안3동 법무사 업무 사례와 상담 안내. 상속등기·부동산등기·법인등기·개인회생. 다옴법무사사무소 안윤정 법무사. 수영구 광안3동은(는) 광안동 생활권의 행정동으로, 주거 밀집지의 이전·상속등기 상담이 이어…",부산 광안3동 법무사 업무 사례 | 상속등기·부동산등기 상담 안내,부산 광안3동에서 자주 문의되는 업무 | 참고용 업무 사례 | 상담 전 확인할 내용 | 방문·비대면 진행 안내 | 관련 지역 | 관련 업무,inheritance,부산,inheritance,consult,false,,false
/업무사례/부산광안4동법무사,case,부산 광안4동 법무사 업무 사례 | … | 다옴법무사사무소,"부산 광안4동 법무사 업무 사례와 상담 안내. 상속등기·부동산등기·법인등기·개인회생. 다옴법무사사무소 안윤정 법무사. 수영구 광안4동은(는) 광안동 생활권의 행정동으로, 주거 밀집지의 이전·상속등기 상담이 이어…",부산 광안4동 법무사 업무 사례 | 상속등기·부동산등기 상담 안내,부산 광안4동에서 자주 문의되는 업무 | 참고용 업무 사례 | 상담 전 확인할 내용 | 방문·비대면 진행 안내 | 관련 지역 | 관련 업무,inheritance,부산,inheritance,consult,false,,false
/업무사례/부산남천1동법무사,case,부산 남천1동 법무사 업무 사례 | … | 다옴법무사사무소,"부산 남천1동 법무사 업무 사례와 상담 안내. 상속등기·부동산등기·법인등기·개인회생. 다옴법무사사무소 안윤정 법무사. 수영구 남천1동은(는) 남천동 생활권의 행정동으로, 주거 밀집지의 이전·상속등기 상담이 이어…",부산 남천1동 법무사 업무 사례 | 상속등기·부동산등기 상담 안내,부산 남천1동에서 자주 문의되는 업무 | 참고용 업무 사례 | 상담 전 확인할 내용 | 방문·비대면 진행 안내 | 관련 지역 | 관련 업무,inheritance,부산,inheritance,consult,false,,false
/업무사례/부산남천2동법무사,case,부산 남천2동 법무사 업무 사례 | … | 다옴법무사사무소,"부산 남천2동 법무사 업무 사례와 상담 안내. 상속등기·부동산등기·법인등기·개인회생. 다옴법무사사무소 안윤정 법무사. 수영구 남천2동은(는) 남천동 생활권의 행정동으로, 주거 밀집지의 이전·상속등기 상담이 이어…",부산 남천2동 법무사 업무 사례 | 상속등기·부동산등기 상담 안내,부산 남천2동에서 자주 문의되는 업무 | 참고용 업무 사례 | 상담 전 확인할 내용 | 방문·비대면 진행 안내 | 관련 지역 | 관련 업무,inheritance,부산,inheritance,consult,false,,false
/업무사례/부산망미1동법무사,case,부산 망미1동 법무사 업무 사례 | … | 다옴법무사사무소,"부산 망미1동 법무사 업무 사례와 상담 안내. 상속등기·부동산등기·법인등기·개인회생. 다옴법무사사무소 안윤정 법무사. 수영구 망미1동은(는) 망미동 생활권의 행정동으로, 주거 밀집지의 이전·상속등기 상담이 이어…",부산 망미1동 법무사 업무 사례 | 상속등기·부동산등기 상담 안내,부산 망미1동에서 자주 문의되는 업무 | 참고용 업무 사례 | 상담 전 확인할 내용 | 방문·비대면 진행 안내 | 관련 지역 | 관련 업무,inheritance,부산,inheritance,consult,false,,false
/업무사례/부산망미2동법무사,case,부산 망미2동 법무사 업무 사례 | … | 다옴법무사사무소,"부산 망미2동 법무사 업무 사례와 상담 안내. 상속등기·부동산등기·법인등기·개인회생. 다옴법무사사무소 안윤정 법무사. 수영구 망미2동은(는) 망미동 생활권의 행정동으로, 주거 밀집지의 이전·상속등기 상담이 이어…",부산 망미2동 법무사 업무 사례 | 상속등기·부동산등기 상담 안내,부산 망미2동에서 자주 문의되는 업무 | 참고용 업무 사례 | 상담 전 확인할 내용 | 방문·비대면 진행 안내 | 관련 지역 | 관련 업무,inheritance,부산,inheritance,consult,false,,false
/업무사례/사상구법무사,case,사상구 법무사 업무 사례 | 상속등기… | 다옴법무사사무소,"사상구 법무사 업무 사례와 상담 안내. 상속등기·부동산등기·법인등기·개인회생. 다옴법무사사무소 안윤정 법무사. 사상터미널·주례·학장 일대는 교통 거점과 공업·주거가 공존해 공장·상가 등기, 법인 변경, 주택 이…",사상구 법무사 업무 사례 | 상속등기·부동산등기 상담 안내,사상구에서 자주 문의되는 업무 | 참고용 업무 사례 | 상담 전 확인할 내용 | 방문·비대면 진행 안내 | 사상구에서 이어지는 세부 지역 | 관련 지역 | 관련 업무,inheritance,사상,inheritance,consult,true,,true
/업무사례/부산감전동법무사,case,부산 감전동 법무사 업무 사례 | 상… | 다옴법무사사무소,부산 감전동 법무사 업무 사례와 상담 안내. 상속등기·부동산등기·법인등기·개인회생. 다옴법무사사무소 안윤정 법무사. 사상구 감전동 일대는 사상터미널·주례·학장 일대는 교통 거점과 공업·주거가 공존해 공장·상가 …,부산 감전동 법무사 업무 사례 | 상속등기·부동산등기 상담 안내,부산 감전동에서 자주 문의되는 업무 | 참고용 업무 사례 | 상담 전 확인할 내용 | 방문·비대면 진행 안내 | 관련 지역 | 관련 업무,inheritance,부산,inheritance,consult,true,,true
/업무사례/부산괘법동법무사,case,부산 괘법동 법무사 업무 사례 | 상… | 다옴법무사사무소,부산 괘법동 법무사 업무 사례와 상담 안내. 상속등기·부동산등기·법인등기·개인회생. 다옴법무사사무소 안윤정 법무사. 사상구 괘법동 일대는 사상터미널·주례·학장 일대는 교통 거점과 공업·주거가 공존해 공장·상가 …,부산 괘법동 법무사 업무 사례 | 상속등기·부동산등기 상담 안내,부산 괘법동에서 자주 문의되는 업무 | 참고용 업무 사례 | 상담 전 확인할 내용 | 방문·비대면 진행 안내 | 관련 지역 | 관련 업무,inheritance,부산,inheritance,consult,true,,true
/업무사례/부산덕포동법무사,case,부산 덕포동 법무사 업무 사례 | 상… | 다옴법무사사무소,부산 덕포동 법무사 업무 사례와 상담 안내. 상속등기·부동산등기·법인등기·개인회생. 다옴법무사사무소 안윤정 법무사. 사상구 덕포동 일대는 사상터미널·주례·학장 일대는 교통 거점과 공업·주거가 공존해 공장·상가 …,부산 덕포동 법무사 업무 사례 | 상속등기·부동산등기 상담 안내,부산 덕포동에서 자주 문의되는 업무 | 참고용 업무 사례 | 상담 전 확인할 내용 | 방문·비대면 진행 안내 | 관련 지역 | 관련 업무,inheritance,부산,inheritance,consult,true,,true
/업무사례/부산모라동법무사,case,부산 모라동 법무사 업무 사례 | 상… | 다옴법무사사무소,부산 모라동 법무사 업무 사례와 상담 안내. 상속등기·부동산등기·법인등기·개인회생. 다옴법무사사무소 안윤정 법무사. 사상구 모라동 일대는 사상터미널·주례·학장 일대는 교통 거점과 공업·주거가 공존해 공장·상가 …,부산 모라동 법무사 업무 사례 | 상속등기·부동산등기 상담 안내,부산 모라동에서 자주 문의되는 업무 | 참고용 업무 사례 | 상담 전 확인할 내용 | 방문·비대면 진행 안내 | 관련 지역 | 관련 업무,inheritance,부산,inheritance,consult,true,,true
/업무사례/부산삼락동법무사,case,부산 삼락동 법무사 업무 사례 | 상… | 다옴법무사사무소,부산 삼락동 법무사 업무 사례와 상담 안내. 상속등기·부동산등기·법인등기·개인회생. 다옴법무사사무소 안윤정 법무사. 사상구 삼락동 일대는 사상터미널·주례·학장 일대는 교통 거점과 공업·주거가 공존해 공장·상가 …,부산 삼락동 법무사 업무 사례 | 상속등기·부동산등기 상담 안내,부산 삼락동에서 자주 문의되는 업무 | 참고용 업무 사례 | 상담 전 확인할 내용 | 방문·비대면 진행 안내 | 관련 지역 | 관련 업무,inheritance,부산,inheritance,consult,true,,true
/업무사례/부산엄궁동법무사,case,부산 엄궁동 법무사 업무 사례 | 상… | 다옴법무사사무소,부산 엄궁동 법무사 업무 사례와 상담 안내. 상속등기·부동산등기·법인등기·개인회생. 다옴법무사사무소 안윤정 법무사. 사상구 엄궁동 일대는 사상터미널·주례·학장 일대는 교통 거점과 공업·주거가 공존해 공장·상가 …,부산 엄궁동 법무사 업무 사례 | 상속등기·부동산등기 상담 안내,부산 엄궁동에서 자주 문의되는 업무 | 참고용 업무 사례 | 상담 전 확인할 내용 | 방문·비대면 진행 안내 | 관련 지역 | 관련 업무,inheritance,부산,inheritance,consult,true,,true
/업무사례/부산주례동법무사,case,부산 주례동 법무사 업무 사례 | 상… | 다옴법무사사무소,부산 주례동 법무사 업무 사례와 상담 안내. 상속등기·부동산등기·법인등기·개인회생. 다옴법무사사무소 안윤정 법무사. 사상구 주례동 일대는 사상터미널·주례·학장 일대는 교통 거점과 공업·주거가 공존해 공장·상가 …,부산 주례동 법무사 업무 사례 | 상속등기·부동산등기 상담 안내,부산 주례동에서 자주 문의되는 업무 | 참고용 업무 사례 | 상담 전 확인할 내용 | 방문·비대면 진행 안내 | 관련 지역 | 관련 업무,inheritance,부산,inheritance,consult,true,,true
/업무사례/부산학장동법무사,case,부산 학장동 법무사 업무 사례 | 상… | 다옴법무사사무소,부산 학장동 법무사 업무 사례와 상담 안내. 상속등기·부동산등기·법인등기·개인회생. 다옴법무사사무소 안윤정 법무사. 사상구 학장동 일대는 사상터미널·주례·학장 일대는 교통 거점과 공업·주거가 공존해 공장·상가 …,부산 학장동 법무사 업무 사례 | 상속등기·부동산등기 상담 안내,부산 학장동에서 자주 문의되는 업무 | 참고용 업무 사례 | 상담 전 확인할 내용 | 방문·비대면 진행 안내 | 관련 지역 | 관련 업무,inheritance,부산,inheritance,consult,true,,true
/업무사례/기장군법무사,case,기장군 법무사 업무 사례 | 상속등기… | 다옴법무사사무소,"기장군 법무사 업무 사례와 상담 안내. 상속등기·부동산등기·법인등기·개인회생. 다옴법무사사무소 안윤정 법무사. 정관·일광·오시리아 등 신도시·관광·산업단지가 있어 신축·분양 관련 등기, 상속, 입주 기업 법인등…",기장군 법무사 업무 사례 | 상속등기·부동산등기 상담 안내,기장군에서 자주 문의되는 업무 | 참고용 업무 사례 | 상담 전 확인할 내용 | 방문·비대면 진행 안내 | 기장군에서 이어지는 세부 지역 | 관련 지역 | 관련 업무,inheritance,기장,inheritance,consult,true,,true
/업무사례/부산기장읍법무사,case,부산 기장읍 법무사 업무 사례 | 상… | 다옴법무사사무소,부산 기장읍 법무사 업무 사례와 상담 안내. 상속등기·부동산등기·법인등기·개인회생. 다옴법무사사무소 안윤정 법무사. 기장군 기장읍 일대는 정관·일광·오시리아 등 신도시·관광·산업단지가 있어 신축·분양 관련 등기…,부산 기장읍 법무사 업무 사례 | 상속등기·부동산등기 상담 안내,부산 기장읍에서 자주 문의되는 업무 | 참고용 업무 사례 | 상담 전 확인할 내용 | 방문·비대면 진행 안내 | 관련 지역 | 관련 업무,inheritance,부산,inheritance,consult,true,,true
/업무사례/부산정관읍법무사,case,부산 정관읍 법무사 업무 사례 | 상… | 다옴법무사사무소,부산 정관읍 법무사 업무 사례와 상담 안내. 상속등기·부동산등기·법인등기·개인회생. 다옴법무사사무소 안윤정 법무사. 기장군 정관읍 일대는 정관·일광·오시리아 등 신도시·관광·산업단지가 있어 신축·분양 관련 등기…,부산 정관읍 법무사 업무 사례 | 상속등기·부동산등기 상담 안내,부산 정관읍에서 자주 문의되는 업무 | 참고용 업무 사례 | 상담 전 확인할 내용 | 방문·비대면 진행 안내 | 관련 지역 | 관련 업무,inheritance,부산,inheritance,consult,true,,true
/업무사례/부산장안읍법무사,case,부산 장안읍 법무사 업무 사례 | 상… | 다옴법무사사무소,부산 장안읍 법무사 업무 사례와 상담 안내. 상속등기·부동산등기·법인등기·개인회생. 다옴법무사사무소 안윤정 법무사. 기장군 장안읍 일대는 정관·일광·오시리아 등 신도시·관광·산업단지가 있어 신축·분양 관련 등기…,부산 장안읍 법무사 업무 사례 | 상속등기·부동산등기 상담 안내,부산 장안읍에서 자주 문의되는 업무 | 참고용 업무 사례 | 상담 전 확인할 내용 | 방문·비대면 진행 안내 | 관련 지역 | 관련 업무,inheritance,부산,inheritance,consult,true,,true
/업무사례/부산일광읍법무사,case,부산 일광읍 법무사 업무 사례 | 상… | 다옴법무사사무소,부산 일광읍 법무사 업무 사례와 상담 안내. 상속등기·부동산등기·법인등기·개인회생. 다옴법무사사무소 안윤정 법무사. 기장군 일광읍 일대는 정관·일광·오시리아 등 신도시·관광·산업단지가 있어 신축·분양 관련 등기…,부산 일광읍 법무사 업무 사례 | 상속등기·부동산등기 상담 안내,부산 일광읍에서 자주 문의되는 업무 | 참고용 업무 사례 | 상담 전 확인할 내용 | 방문·비대면 진행 안내 | 관련 지역 | 관련 업무,inheritance,부산,inheritance,consult,true,,true
/업무사례/부산철마면법무사,case,부산 철마면 법무사 업무 사례 | 상… | 다옴법무사사무소,부산 철마면 법무사 업무 사례와 상담 안내. 상속등기·부동산등기·법인등기·개인회생. 다옴법무사사무소 안윤정 법무사. 기장군 철마면 일대는 정관·일광·오시리아 등 신도시·관광·산업단지가 있어 신축·분양 관련 등기…,부산 철마면 법무사 업무 사례 | 상속등기·부동산등기 상담 안내,부산 철마면에서 자주 문의되는 업무 | 참고용 업무 사례 | 상담 전 확인할 내용 | 방문·비대면 진행 안내 | 관련 지역 | 관련 업무,inheritance,부산,inheritance,consult,true,,true
/업무사례/부산국제시장법무사,case,부산 국제시장 법무사 업무 사례 | … | 다옴법무사사무소,부산 국제시장 법무사 업무 사례와 상담 안내. 상속등기·부동산등기·법인등기·개인회생. 다옴법무사사무소 안윤정 법무사. 원도심 상가·점포 권리와 상속·매매등기가 맞물리는 상권입니다.,부산 국제시장 법무사 업무 사례 | 상속등기·부동산등기 상담 안내,부산 국제시장에서 자주 문의되는 업무 | 참고용 업무 사례 | 상담 전 확인할 내용 | 방문·비대면 진행 안내 | 관련 지역 | 관련 업무,inheritance,부산,inheritance,consult,true,,true
/업무사례/부산자갈치시장법무사,case,부산 자갈치시장 법무사 업무 사례 |… | 다옴법무사사무소,부산 자갈치시장 법무사 업무 사례와 상담 안내. 상속등기·부동산등기·법인등기·개인회생. 다옴법무사사무소 안윤정 법무사. 전통시장 인근 상가·주택의 소유권·임대차 관련 등기 문의가 있는 생활권입니다.,부산 자갈치시장 법무사 업무 사례 | 상속등기·부동산등기 상담 안내,부산 자갈치시장에서 자주 문의되는 업무 | 참고용 업무 사례 | 상담 전 확인할 내용 | 방문·비대면 진행 안내 | 관련 지역 | 관련 업무,inheritance,부산,inheritance,consult,true,,true
/업무사례/부산부평깡통시장법무사,case,부산 부평깡통시장 법무사 업무 사례 … | 다옴법무사사무소,부산 부평깡통시장 법무사 업무 사례와 상담 안내. 상속등기·부동산등기·법인등기·개인회생. 다옴법무사사무소 안윤정 법무사. 원도심 소규모 상가와 주거가 인접한 상권으로 권리관계 정리가 필요한 경우가 있습니다.,부산 부평깡통시장 법무사 업무 사례 | 상속등기·부동산등기 상담 안내,부산 부평깡통시장에서 자주 문의되는 업무 | 참고용 업무 사례 | 상담 전 확인할 내용 | 방문·비대면 진행 안내 | 관련 지역 | 관련 업무,inheritance,부산,inheritance,consult,true,,true
/업무사례/부산근대역사관법무사,case,부산 부산근대역사관 법무사 업무 사례… | 다옴법무사사무소,부산 부산근대역사관 법무사 업무 사례와 상담 안내. 상속등기·부동산등기·법인등기·개인회생. 다옴법무사사무소 안윤정 법무사. 중구 원도심 문화시설 인근 주거·상가 등기 상담이 이어지는 구간입니다.,부산 부산근대역사관 법무사 업무 사례 | 상속등기·부동산등기 상담 안내,부산 부산근대역사관에서 자주 문의되는 업무 | 참고용 업무 사례 | 상담 전 확인할 내용 | 방문·비대면 진행 안내 | 관련 지역 | 관련 업무,inheritance,부산,inheritance,consult,false,,false
/업무사례/부산대학병원법무사,case,부산 부산대학병원 법무사 업무 사례 … | 다옴법무사사무소,부산 부산대학병원 법무사 업무 사례와 상담 안내. 상속등기·부동산등기·법인등기·개인회생. 다옴법무사사무소 안윤정 법무사. 병원 인근 거주·상속·부동산 이전 일정을 맞추는 상담이 있습니다.,부산 부산대학병원 법무사 업무 사례 | 상속등기·부동산등기 상담 안내,부산 부산대학병원에서 자주 문의되는 업무 | 참고용 업무 사례 | 상담 전 확인할 내용 | 방문·비대면 진행 안내 | 관련 지역 | 관련 업무,inheritance,부산,inheritance,consult,true,,true
/업무사례/부산동아대병원법무사,case,부산 동아대병원 법무사 업무 사례 |… | 다옴법무사사무소,부산 동아대병원 법무사 업무 사례와 상담 안내. 상속등기·부동산등기·법인등기·개인회생. 다옴법무사사무소 안윤정 법무사. 서구 병원 생활권 인근 주거 매매·상속등기 문의가 있습니다.,부산 동아대병원 법무사 업무 사례 | 상속등기·부동산등기 상담 안내,부산 동아대병원에서 자주 문의되는 업무 | 참고용 업무 사례 | 상담 전 확인할 내용 | 방문·비대면 진행 안내 | 관련 지역 | 관련 업무,inheritance,부산,inheritance,consult,false,,false
/업무사례/부산송도해수욕장법무사,case,부산 송도해수욕장 법무사 업무 사례 … | 다옴법무사사무소,부산 송도해수욕장 법무사 업무 사례와 상담 안내. 상속등기·부동산등기·법인등기·개인회생. 다옴법무사사무소 안윤정 법무사. 송도 해안 주거·상가와 관광 생활권이 겹치는 지역입니다.,부산 송도해수욕장 법무사 업무 사례 | 상속등기·부동산등기 상담 안내,부산 송도해수욕장에서 자주 문의되는 업무 | 참고용 업무 사례 | 상담 전 확인할 내용 | 방문·비대면 진행 안내 | 관련 지역 | 관련 업무,inheritance,부산,inheritance,consult,true,,true
/업무사례/부산송도해상케이블카법무사,case,부산 송도해상케이블카 법무사 업무 사… | 다옴법무사사무소,부산 송도해상케이블카 법무사 업무 사례와 상담 안내. 상속등기·부동산등기·법인등기·개인회생. 다옴법무사사무소 안윤정 법무사. 송도 관광 축 인근 부동산 상담이 이어지는 구간입니다.,부산 송도해상케이블카 법무사 업무 사례 | 상속등기·부동산등기 상담 안내,부산 송도해상케이블카에서 자주 문의되는 업무 | 참고용 업무 사례 | 상담 전 확인할 내용 | 방문·비대면 진행 안내 | 관련 지역 | 관련 업무,inheritance,부산,inheritance,consult,false,,false
/업무사례/부산역법무사,case,부산 부산역 법무사 업무 사례 | 상… | 다옴법무사사무소,부산 부산역 법무사 업무 사례와 상담 안내. 상속등기·부동산등기·법인등기·개인회생. 다옴법무사사무소 안윤정 법무사. 역세권 상가·오피스·주거 이전등기와 법인 본점 관련 문의가 많은 거점입니다.,부산 부산역 법무사 업무 사례 | 상속등기·부동산등기 상담 안내,부산 부산역에서 자주 문의되는 업무 | 참고용 업무 사례 | 상담 전 확인할 내용 | 방문·비대면 진행 안내 | 관련 지역 | 관련 업무,inheritance,부산,inheritance,consult,true,,true
/업무사례/부산초량역법무사,case,부산 초량역 법무사 업무 사례 | 상… | 다옴법무사사무소,부산 초량역 법무사 업무 사례와 상담 안내. 상속등기·부동산등기·법인등기·개인회생. 다옴법무사사무소 안윤정 법무사. 초량 역세권 주거·상가 매매등기 상담이 있는 생활권입니다.,부산 초량역 법무사 업무 사례 | 상속등기·부동산등기 상담 안내,부산 초량역에서 자주 문의되는 업무 | 참고용 업무 사례 | 상담 전 확인할 내용 | 방문·비대면 진행 안내 | 관련 지역 | 관련 업무,inheritance,부산,inheritance,consult,false,,false
/업무사례/부산진역법무사,case,부산 부산진역 법무사 업무 사례 | … | 다옴법무사사무소,부산 부산진역 법무사 업무 사례와 상담 안내. 상속등기·부동산등기·법인등기·개인회생. 다옴법무사사무소 안윤정 법무사. 동구 역세권 상권과 연결된 부동산·법인 상담 구간입니다.,부산 부산진역 법무사 업무 사례 | 상속등기·부동산등기 상담 안내,부산 부산진역에서 자주 문의되는 업무 | 참고용 업무 사례 | 상담 전 확인할 내용 | 방문·비대면 진행 안내 | 관련 지역 | 관련 업무,inheritance,부산,inheritance,consult,false,,false
/업무사례/부산북항법무사,case,부산 북항 법무사 업무 사례 | 상속… | 다옴법무사사무소,부산 북항 법무사 업무 사례와 상담 안내. 상속등기·부동산등기·법인등기·개인회생. 다옴법무사사무소 안윤정 법무사. 북항 재개발·항만 배후 상권과 맞닿은 부동산·법인 업무 문의가 있습니다.,부산 북항 법무사 업무 사례 | 상속등기·부동산등기 상담 안내,부산 북항에서 자주 문의되는 업무 | 참고용 업무 사례 | 상담 전 확인할 내용 | 방문·비대면 진행 안내 | 관련 지역 | 관련 업무,inheritance,부산,inheritance,consult,true,,true
/업무사례/부산항법무사,case,부산 부산항 법무사 업무 사례 | 상… | 다옴법무사사무소,부산 부산항 법무사 업무 사례와 상담 안내. 상속등기·부동산등기·법인등기·개인회생. 다옴법무사사무소 안윤정 법무사. 항만·물류 배후 지역의 사업장·부동산 등기 일정을 맞추는 상담이 있습니다.,부산 부산항 법무사 업무 사례 | 상속등기·부동산등기 상담 안내,부산 부산항에서 자주 문의되는 업무 | 참고용 업무 사례 | 상담 전 확인할 내용 | 방문·비대면 진행 안내 | 관련 지역 | 관련 업무,inheritance,부산,inheritance,consult,true,,true
/업무사례/부산항국제여객터미널법무사,case,부산 부산항국제여객터미널 법무사 업무… | 다옴법무사사무소,부산 부산항국제여객터미널 법무사 업무 사례와 상담 안내. 상속등기·부동산등기·법인등기·개인회생. 다옴법무사사무소 안윤정 법무사. 여객터미널 인근 상업·주거 등기 문의가 이어지는 구간입니다.,부산 부산항국제여객터미널 법무사 업무 사례 | 상속등기·부동산등기 상담 안내,부산 부산항국제여객터미널에서 자주 문의되는 업무 | 참고용 업무 사례 | 상담 전 확인할 내용 | 방문·비대면 진행 안내 | 관련 지역 | 관련 업무,inheritance,부산,inheritance,consult,false,,false
/업무사례/부산차이나타운법무사,case,부산 차이나타운 법무사 업무 사례 |… | 다옴법무사사무소,부산 차이나타운 법무사 업무 사례와 상담 안내. 상속등기·부동산등기·법인등기·개인회생. 다옴법무사사무소 안윤정 법무사. 초량 일대 상가·점포 권리관계 정리가 필요한 경우가 있습니다.,부산 차이나타운 법무사 업무 사례 | 상속등기·부동산등기 상담 안내,부산 차이나타운에서 자주 문의되는 업무 | 참고용 업무 사례 | 상담 전 확인할 내용 | 방문·비대면 진행 안내 | 관련 지역 | 관련 업무,inheritance,부산,inheritance,consult,true,,true
/업무사례/부산영도대교법무사,case,부산 영도대교 법무사 업무 사례 | … | 다옴법무사사무소,부산 영도대교 법무사 업무 사례와 상담 안내. 상속등기·부동산등기·법인등기·개인회생. 다옴법무사사무소 안윤정 법무사. 영도 진입 생활권의 주거·상가 등기 상담이 있는 구간입니다.,부산 영도대교 법무사 업무 사례 | 상속등기·부동산등기 상담 안내,부산 영도대교에서 자주 문의되는 업무 | 참고용 업무 사례 | 상담 전 확인할 내용 | 방문·비대면 진행 안내 | 관련 지역 | 관련 업무,inheritance,부산,inheritance,consult,false,,false
/업무사례/부산태종대법무사,case,부산 태종대 법무사 업무 사례 | 상… | 다옴법무사사무소,부산 태종대 법무사 업무 사례와 상담 안내. 상속등기·부동산등기·법인등기·개인회생. 다옴법무사사무소 안윤정 법무사. 관광·주거가 공존하는 영도 해안 생활권입니다.,부산 태종대 법무사 업무 사례 | 상속등기·부동산등기 상담 안내,부산 태종대에서 자주 문의되는 업무 | 참고용 업무 사례 | 상담 전 확인할 내용 | 방문·비대면 진행 안내 | 관련 지역 | 관련 업무,inheritance,부산,inheritance,consult,true,,true
/업무사례/부산흰여울문화마을법무사,case,부산 흰여울문화마을 법무사 업무 사례… | 다옴법무사사무소,부산 흰여울문화마을 법무사 업무 사례와 상담 안내. 상속등기·부동산등기·법인등기·개인회생. 다옴법무사사무소 안윤정 법무사. 문화마을 인근 소규모 주택·상가 권리 상담이 있습니다.,부산 흰여울문화마을 법무사 업무 사례 | 상속등기·부동산등기 상담 안내,부산 흰여울문화마을에서 자주 문의되는 업무 | 참고용 업무 사례 | 상담 전 확인할 내용 | 방문·비대면 진행 안내 | 관련 지역 | 관련 업무,inheritance,부산,inheritance,consult,true,,true
/업무사례/부산동삼혁신지구법무사,case,부산 동삼혁신지구 법무사 업무 사례 … | 다옴법무사사무소,부산 동삼혁신지구 법무사 업무 사례와 상담 안내. 상속등기·부동산등기·법인등기·개인회생. 다옴법무사사무소 안윤정 법무사. 혁신지구 입주·이전과 맞물린 법인·부동산등기 문의가 있습니다.,부산 동삼혁신지구 법무사 업무 사례 | 상속등기·부동산등기 상담 안내,부산 동삼혁신지구에서 자주 문의되는 업무 | 참고용 업무 사례 | 상담 전 확인할 내용 | 방문·비대면 진행 안내 | 관련 지역 | 관련 업무,inheritance,부산,inheritance,consult,true,,true
/업무사례/부산국립해양박물관법무사,case,부산 국립해양박물관 법무사 업무 사례… | 다옴법무사사무소,부산 국립해양박물관 법무사 업무 사례와 상담 안내. 상속등기·부동산등기·법인등기·개인회생. 다옴법무사사무소 안윤정 법무사. 영도 해양 문화시설 인근 생활권의 부동산 상담 구간입니다.,부산 국립해양박물관 법무사 업무 사례 | 상속등기·부동산등기 상담 안내,부산 국립해양박물관에서 자주 문의되는 업무 | 참고용 업무 사례 | 상담 전 확인할 내용 | 방문·비대면 진행 안내 | 관련 지역 | 관련 업무,inheritance,부산,inheritance,consult,false,,false
/업무사례/부산서면법무사,case,부산 서면 법무사 업무 사례 | 상속… | 다옴법무사사무소,"부산 서면 법무사 업무 사례와 상담 안내. 상속등기·부동산등기·법인등기·개인회생. 다옴법무사사무소 안윤정 법무사. 부산의 대표 도심 상권으로 잔금일 등기, 상가 이전, 법인 업무 문의가 많은 거점입니다.",부산 서면 법무사 업무 사례 | 상속등기·부동산등기 상담 안내,부산 서면에서 자주 문의되는 업무 | 참고용 업무 사례 | 상담 전 확인할 내용 | 방문·비대면 진행 안내 | 관련 지역 | 관련 업무,inheritance,부산,inheritance,consult,true,,true
/업무사례/부산서면1번가법무사,case,부산 서면1번가 법무사 업무 사례 |… | 다옴법무사사무소,부산 서면1번가 법무사 업무 사례와 상담 안내. 상속등기·부동산등기·법인등기·개인회생. 다옴법무사사무소 안윤정 법무사. 서면 핵심 상권의 점포·상가 권리관계가 잦은 구간입니다.,부산 서면1번가 법무사 업무 사례 | 상속등기·부동산등기 상담 안내,부산 서면1번가에서 자주 문의되는 업무 | 참고용 업무 사례 | 상담 전 확인할 내용 | 방문·비대면 진행 안내 | 관련 지역 | 관련 업무,inheritance,부산,inheritance,consult,false,,false
/업무사례/부산전포카페거리법무사,case,부산 전포카페거리 법무사 업무 사례 … | 다옴법무사사무소,부산 전포카페거리 법무사 업무 사례와 상담 안내. 상속등기·부동산등기·법인등기·개인회생. 다옴법무사사무소 안윤정 법무사. 전포 상권·주거 밀집지의 매매·임대 관련 등기 상담이 있습니다.,부산 전포카페거리 법무사 업무 사례 | 상속등기·부동산등기 상담 안내,부산 전포카페거리에서 자주 문의되는 업무 | 참고용 업무 사례 | 상담 전 확인할 내용 | 방문·비대면 진행 안내 | 관련 지역 | 관련 업무,inheritance,부산,inheritance,consult,false,,false
/업무사례/부산시민공원법무사,case,부산 부산시민공원 법무사 업무 사례 … | 다옴법무사사무소,부산 부산시민공원 법무사 업무 사례와 상담 안내. 상속등기·부동산등기·법인등기·개인회생. 다옴법무사사무소 안윤정 법무사. 시민공원 인근 주거 단지의 이전·상속등기 문의가 있는 생활권입니다.,부산 부산시민공원 법무사 업무 사례 | 상속등기·부동산등기 상담 안내,부산 부산시민공원에서 자주 문의되는 업무 | 참고용 업무 사례 | 상담 전 확인할 내용 | 방문·비대면 진행 안내 | 관련 지역 | 관련 업무,inheritance,부산,inheritance,consult,true,,true
/업무사례/부산부전시장법무사,case,부산 부전시장 법무사 업무 사례 | … | 다옴법무사사무소,부산 부전시장 법무사 업무 사례와 상담 안내. 상속등기·부동산등기·법인등기·개인회생. 다옴법무사사무소 안윤정 법무사. 시장·상가 밀집지의 점포 권리와 부동산등기 상담이 있습니다.,부산 부전시장 법무사 업무 사례 | 상속등기·부동산등기 상담 안내,부산 부전시장에서 자주 문의되는 업무 | 참고용 업무 사례 | 상담 전 확인할 내용 | 방문·비대면 진행 안내 | 관련 지역 | 관련 업무,inheritance,부산,inheritance,consult,true,,true
/업무사례/부산부전역법무사,case,부산 부전역 법무사 업무 사례 | 상… | 다옴법무사사무소,부산 부전역 법무사 업무 사례와 상담 안내. 상속등기·부동산등기·법인등기·개인회생. 다옴법무사사무소 안윤정 법무사. 부전 역세권 상가·주거 등기 일정을 맞추는 상담이 있습니다.,부산 부전역 법무사 업무 사례 | 상속등기·부동산등기 상담 안내,부산 부전역에서 자주 문의되는 업무 | 참고용 업무 사례 | 상담 전 확인할 내용 | 방문·비대면 진행 안내 | 관련 지역 | 관련 업무,inheritance,부산,inheritance,consult,false,,false
/업무사례/부산양정역법무사,case,부산 양정역 법무사 업무 사례 | 상… | 다옴법무사사무소,부산 양정역 법무사 업무 사례와 상담 안내. 상속등기·부동산등기·법인등기·개인회생. 다옴법무사사무소 안윤정 법무사. 양정 역세권 주거·상가 이전등기 문의가 있는 구간입니다.,부산 양정역 법무사 업무 사례 | 상속등기·부동산등기 상담 안내,부산 양정역에서 자주 문의되는 업무 | 참고용 업무 사례 | 상담 전 확인할 내용 | 방문·비대면 진행 안내 | 관련 지역 | 관련 업무,inheritance,부산,inheritance,consult,false,,false
/업무사례/부산가야역법무사,case,부산 가야역 법무사 업무 사례 | 상… | 다옴법무사사무소,부산 가야역 법무사 업무 사례와 상담 안내. 상속등기·부동산등기·법인등기·개인회생. 다옴법무사사무소 안윤정 법무사. 가야 생활권 아파트·상가 등기 상담이 이어집니다.,부산 가야역 법무사 업무 사례 | 상속등기·부동산등기 상담 안내,부산 가야역에서 자주 문의되는 업무 | 참고용 업무 사례 | 상담 전 확인할 내용 | 방문·비대면 진행 안내 | 관련 지역 | 관련 업무,inheritance,부산,inheritance,consult,false,,false
/업무사례/부산동의대역법무사,case,부산 동의대역 법무사 업무 사례 | … | 다옴법무사사무소,부산 동의대역 법무사 업무 사례와 상담 안내. 상속등기·부동산등기·법인등기·개인회생. 다옴법무사사무소 안윤정 법무사. 대학·주거가 인접한 역세권의 부동산등기 문의가 있습니다.,부산 동의대역 법무사 업무 사례 | 상속등기·부동산등기 상담 안내,부산 동의대역에서 자주 문의되는 업무 | 참고용 업무 사례 | 상담 전 확인할 내용 | 방문·비대면 진행 안내 | 관련 지역 | 관련 업무,inheritance,부산,inheritance,consult,true,,true
/업무사례/부산개금역법무사,case,부산 개금역 법무사 업무 사례 | 상… | 다옴법무사사무소,부산 개금역 법무사 업무 사례와 상담 안내. 상속등기·부동산등기·법인등기·개인회생. 다옴법무사사무소 안윤정 법무사. 개금 주거 밀집지의 소유권이전·상속 상담이 있는 생활권입니다.,부산 개금역 법무사 업무 사례 | 상속등기·부동산등기 상담 안내,부산 개금역에서 자주 문의되는 업무 | 참고용 업무 사례 | 상담 전 확인할 내용 | 방문·비대면 진행 안내 | 관련 지역 | 관련 업무,inheritance,부산,inheritance,consult,false,,false
/업무사례/부산동래역법무사,case,부산 동래역 법무사 업무 사례 | 상… | 다옴법무사사무소,부산 동래역 법무사 업무 사례와 상담 안내. 상속등기·부동산등기·법인등기·개인회생. 다옴법무사사무소 안윤정 법무사. 동래 역세권 상권·주거의 매매등기 상담이 많은 거점입니다.,부산 동래역 법무사 업무 사례 | 상속등기·부동산등기 상담 안내,부산 동래역에서 자주 문의되는 업무 | 참고용 업무 사례 | 상담 전 확인할 내용 | 방문·비대면 진행 안내 | 관련 지역 | 관련 업무,inheritance,부산,inheritance,consult,true,,true
/업무사례/부산미남역법무사,case,부산 미남역 법무사 업무 사례 | 상… | 다옴법무사사무소,부산 미남역 법무사 업무 사례와 상담 안내. 상속등기·부동산등기·법인등기·개인회생. 다옴법무사사무소 안윤정 법무사. 미남 교차 생활권의 아파트 이전·상속등기 문의가 있습니다.,부산 미남역 법무사 업무 사례 | 상속등기·부동산등기 상담 안내,부산 미남역에서 자주 문의되는 업무 | 참고용 업무 사례 | 상담 전 확인할 내용 | 방문·비대면 진행 안내 | 관련 지역 | 관련 업무,inheritance,부산,inheritance,consult,true,,true
/업무사례/부산사직역법무사,case,부산 사직역 법무사 업무 사례 | 상… | 다옴법무사사무소,부산 사직역 법무사 업무 사례와 상담 안내. 상속등기·부동산등기·법인등기·개인회생. 다옴법무사사무소 안윤정 법무사. 사직 주거·체육시설 인근의 부동산등기 상담이 이어집니다.,부산 사직역 법무사 업무 사례 | 상속등기·부동산등기 상담 안내,부산 사직역에서 자주 문의되는 업무 | 참고용 업무 사례 | 상담 전 확인할 내용 | 방문·비대면 진행 안내 | 관련 지역 | 관련 업무,inheritance,부산,inheritance,consult,false,,false
/업무사례/부산온천장법무사,case,부산 온천장 법무사 업무 사례 | 상… | 다옴법무사사무소,부산 온천장 법무사 업무 사례와 상담 안내. 상속등기·부동산등기·법인등기·개인회생. 다옴법무사사무소 안윤정 법무사. 온천장 전통 생활권의 상가·주택 권리 정리 문의가 있습니다.,부산 온천장 법무사 업무 사례 | 상속등기·부동산등기 상담 안내,부산 온천장에서 자주 문의되는 업무 | 참고용 업무 사례 | 상담 전 확인할 내용 | 방문·비대면 진행 안내 | 관련 지역 | 관련 업무,inheritance,부산,inheritance,consult,true,,true
/업무사례/부산온천장역법무사,case,부산 온천장역 법무사 업무 사례 | … | 다옴법무사사무소,부산 온천장역 법무사 업무 사례와 상담 안내. 상속등기·부동산등기·법인등기·개인회생. 다옴법무사사무소 안윤정 법무사. 온천장 역세권 등기 상담 구간입니다.,부산 온천장역 법무사 업무 사례 | 상속등기·부동산등기 상담 안내,부산 온천장역에서 자주 문의되는 업무 | 참고용 업무 사례 | 상담 전 확인할 내용 | 방문·비대면 진행 안내 | 관련 지역 | 관련 업무,inheritance,부산,inheritance,consult,false,,false
/업무사례/부산동래시장법무사,case,부산 동래시장 법무사 업무 사례 | … | 다옴법무사사무소,부산 동래시장 법무사 업무 사례와 상담 안내. 상속등기·부동산등기·법인등기·개인회생. 다옴법무사사무소 안윤정 법무사. 시장 상권의 점포·상가 등기 일정을 맞추는 상담이 있습니다.,부산 동래시장 법무사 업무 사례 | 상속등기·부동산등기 상담 안내,부산 동래시장에서 자주 문의되는 업무 | 참고용 업무 사례 | 상담 전 확인할 내용 | 방문·비대면 진행 안내 | 관련 지역 | 관련 업무,inheritance,부산,inheritance,consult,true,,true
/업무사례/부산사직야구장법무사,case,부산 사직야구장 법무사 업무 사례 |… | 다옴법무사사무소,부산 사직야구장 법무사 업무 사례와 상담 안내. 상속등기·부동산등기·법인등기·개인회생. 다옴법무사사무소 안윤정 법무사. 사직 일대 주거·상가 생활권의 부동산 상담이 있습니다.,부산 사직야구장 법무사 업무 사례 | 상속등기·부동산등기 상담 안내,부산 사직야구장에서 자주 문의되는 업무 | 참고용 업무 사례 | 상담 전 확인할 내용 | 방문·비대면 진행 안내 | 관련 지역 | 관련 업무,inheritance,부산,inheritance,consult,false,,false
/업무사례/부산동래구청법무사,case,부산 동래구청 법무사 업무 사례 | … | 다옴법무사사무소,부산 동래구청 법무사 업무 사례와 상담 안내. 상속등기·부동산등기·법인등기·개인회생. 다옴법무사사무소 안윤정 법무사. 구청 인근 행정·주거 생활권의 등기 문의가 이어집니다.,부산 동래구청 법무사 업무 사례 | 상속등기·부동산등기 상담 안내,부산 동래구청에서 자주 문의되는 업무 | 참고용 업무 사례 | 상담 전 확인할 내용 | 방문·비대면 진행 안내 | 관련 지역 | 관련 업무,inheritance,부산,inheritance,consult,false,,false
/업무사례/부산동래문화회관법무사,case,부산 동래문화회관 법무사 업무 사례 … | 다옴법무사사무소,부산 동래문화회관 법무사 업무 사례와 상담 안내. 상속등기·부동산등기·법인등기·개인회생. 다옴법무사사무소 안윤정 법무사. 동래 문화시설 인근 주거 등기 상담 구간입니다.,부산 동래문화회관 법무사 업무 사례 | 상속등기·부동산등기 상담 안내,부산 동래문화회관에서 자주 문의되는 업무 | 참고용 업무 사례 | 상담 전 확인할 내용 | 방문·비대면 진행 안내 | 관련 지역 | 관련 업무,inheritance,부산,inheritance,consult,false,,false
/업무사례/부산문현금융단지법무사,case,부산 문현금융단지 법무사 업무 사례 … | 다옴법무사사무소,부산 문현금융단지 법무사 업무 사례와 상담 안내. 상속등기·부동산등기·법인등기·개인회생. 다옴법무사사무소 안윤정 법무사. 금융·오피스 밀집지로 법인등기·오피스 이전·담보등기 문의가 많은 업무지구입니다.,부산 문현금융단지 법무사 업무 사례 | 상속등기·부동산등기 상담 안내,부산 문현금융단지에서 자주 문의되는 업무 | 참고용 업무 사례 | 상담 전 확인할 내용 | 방문·비대면 진행 안내 | 관련 지역 | 관련 업무,inheritance,부산,inheritance,consult,true,,true
/업무사례/부산국제금융센터법무사,case,부산 부산국제금융센터 법무사 업무 사… | 다옴법무사사무소,부산 부산국제금융센터 법무사 업무 사례와 상담 안내. 상속등기·부동산등기·법인등기·개인회생. 다옴법무사사무소 안윤정 법무사. BIFC 일대 기업·전문직의 법인·부동산등기 일정을 맞추는 상담이 있습니다.,부산 부산국제금융센터 법무사 업무 사례 | 상속등기·부동산등기 상담 안내,부산 부산국제금융센터에서 자주 문의되는 업무 | 참고용 업무 사례 | 상담 전 확인할 내용 | 방문·비대면 진행 안내 | 관련 지역 | 관련 업무,inheritance,부산,inheritance,consult,true,,true
/업무사례/부산BIFC법무사,case,부산 BIFC 법무사 업무 사례 | … | 다옴법무사사무소,부산 BIFC 법무사 업무 사례와 상담 안내. 상속등기·부동산등기·법인등기·개인회생. 다옴법무사사무소 안윤정 법무사. 문현 금융업무지구 법인·오피스 관련 등기 문의입니다.,부산 BIFC 법무사 업무 사례 | 상속등기·부동산등기 상담 안내,부산 BIFC에서 자주 문의되는 업무 | 참고용 업무 사례 | 상담 전 확인할 내용 | 방문·비대면 진행 안내 | 관련 지역 | 관련 업무,inheritance,부산,inheritance,consult,false,,false
/업무사례/부산대연혁신지구법무사,case,부산 대연혁신지구 법무사 업무 사례 … | 다옴법무사사무소,부산 대연혁신지구 법무사 업무 사례와 상담 안내. 상속등기·부동산등기·법인등기·개인회생. 다옴법무사사무소 안윤정 법무사. 대연 일대 주거·업무 변화와 맞물린 등기·법인 상담이 있습니다.,부산 대연혁신지구 법무사 업무 사례 | 상속등기·부동산등기 상담 안내,부산 대연혁신지구에서 자주 문의되는 업무 | 참고용 업무 사례 | 상담 전 확인할 내용 | 방문·비대면 진행 안내 | 관련 지역 | 관련 업무,inheritance,부산,inheritance,consult,true,,true
/업무사례/부산경성대법무사,case,부산 경성대 법무사 업무 사례 | 상… | 다옴법무사사무소,부산 경성대 법무사 업무 사례와 상담 안내. 상속등기·부동산등기·법인등기·개인회생. 다옴법무사사무소 안윤정 법무사. 대학가 임대·주거 매매등기 상담이 있는 생활권입니다.,부산 경성대 법무사 업무 사례 | 상속등기·부동산등기 상담 안내,부산 경성대에서 자주 문의되는 업무 | 참고용 업무 사례 | 상담 전 확인할 내용 | 방문·비대면 진행 안내 | 관련 지역 | 관련 업무,inheritance,부산,inheritance,consult,true,,true
/업무사례/부산부경대법무사,case,부산 부경대 법무사 업무 사례 | 상… | 다옴법무사사무소,부산 부경대 법무사 업무 사례와 상담 안내. 상속등기·부동산등기·법인등기·개인회생. 다옴법무사사무소 안윤정 법무사. 부경대 인근 주거·상가 등기 문의가 이어집니다.,부산 부경대 법무사 업무 사례 | 상속등기·부동산등기 상담 안내,부산 부경대에서 자주 문의되는 업무 | 참고용 업무 사례 | 상담 전 확인할 내용 | 방문·비대면 진행 안내 | 관련 지역 | 관련 업무,inheritance,부산,inheritance,consult,true,,true
/업무사례/부산용호만법무사,case,부산 용호만 법무사 업무 사례 | 상… | 다옴법무사사무소,부산 용호만 법무사 업무 사례와 상담 안내. 상속등기·부동산등기·법인등기·개인회생. 다옴법무사사무소 안윤정 법무사. 용호 해안 주거지의 아파트·상가 이전등기 상담이 있습니다.,부산 용호만 법무사 업무 사례 | 상속등기·부동산등기 상담 안내,부산 용호만에서 자주 문의되는 업무 | 참고용 업무 사례 | 상담 전 확인할 내용 | 방문·비대면 진행 안내 | 관련 지역 | 관련 업무,inheritance,부산,inheritance,consult,true,,true
/업무사례/부산이기대법무사,case,부산 이기대 법무사 업무 사례 | 상… | 다옴법무사사무소,부산 이기대 법무사 업무 사례와 상담 안내. 상속등기·부동산등기·법인등기·개인회생. 다옴법무사사무소 안윤정 법무사. 이기대 공원 인근 주거 생활권의 부동산 상담 구간입니다.,부산 이기대 법무사 업무 사례 | 상속등기·부동산등기 상담 안내,부산 이기대에서 자주 문의되는 업무 | 참고용 업무 사례 | 상담 전 확인할 내용 | 방문·비대면 진행 안내 | 관련 지역 | 관련 업무,inheritance,부산,inheritance,consult,false,,false
/업무사례/부산문현역법무사,case,부산 문현역 법무사 업무 사례 | 상… | 다옴법무사사무소,부산 문현역 법무사 업무 사례와 상담 안내. 상속등기·부동산등기·법인등기·개인회생. 다옴법무사사무소 안윤정 법무사. 문현 역세권·금융단지 인접 등기 상담이 있습니다.,부산 문현역 법무사 업무 사례 | 상속등기·부동산등기 상담 안내,부산 문현역에서 자주 문의되는 업무 | 참고용 업무 사례 | 상담 전 확인할 내용 | 방문·비대면 진행 안내 | 관련 지역 | 관련 업무,inheritance,부산,inheritance,consult,false,,false
/업무사례/부산못골역법무사,case,부산 못골역 법무사 업무 사례 | 상… | 다옴법무사사무소,부산 못골역 법무사 업무 사례와 상담 안내. 상속등기·부동산등기·법인등기·개인회생. 다옴법무사사무소 안윤정 법무사. 대연·못골 생활권 주거 등기 문의가 있는 구간입니다.,부산 못골역 법무사 업무 사례 | 상속등기·부동산등기 상담 안내,부산 못골역에서 자주 문의되는 업무 | 참고용 업무 사례 | 상담 전 확인할 내용 | 방문·비대면 진행 안내 | 관련 지역 | 관련 업무,inheritance,부산,inheritance,consult,true,,true
/업무사례/부산대연역법무사,case,부산 대연역 법무사 업무 사례 | 상… | 다옴법무사사무소,부산 대연역 법무사 업무 사례와 상담 안내. 상속등기·부동산등기·법인등기·개인회생. 다옴법무사사무소 안윤정 법무사. 대연 역세권 주거·상가 등기 상담이 이어집니다.,부산 대연역 법무사 업무 사례 | 상속등기·부동산등기 상담 안내,부산 대연역에서 자주 문의되는 업무 | 참고용 업무 사례 | 상담 전 확인할 내용 | 방문·비대면 진행 안내 | 관련 지역 | 관련 업무,inheritance,부산,inheritance,consult,false,,false
/업무사례/부산화명신도시법무사,case,부산 화명신도시 법무사 업무 사례 |… | 다옴법무사사무소,부산 화명신도시 법무사 업무 사례와 상담 안내. 상속등기·부동산등기·법인등기·개인회생. 다옴법무사사무소 안윤정 법무사. 화명 신도시 아파트 단지의 소유권이전·상속·담보등기 문의가 많은 생활권입니다.,부산 화명신도시 법무사 업무 사례 | 상속등기·부동산등기 상담 안내,부산 화명신도시에서 자주 문의되는 업무 | 참고용 업무 사례 | 상담 전 확인할 내용 | 방문·비대면 진행 안내 | 관련 지역 | 관련 업무,inheritance,부산,inheritance,consult,true,,true
/업무사례/부산구포역법무사,case,부산 구포역 법무사 업무 사례 | 상… | 다옴법무사사무소,부산 구포역 법무사 업무 사례와 상담 안내. 상속등기·부동산등기·법인등기·개인회생. 다옴법무사사무소 안윤정 법무사. 구포 역세권·시장 생활권의 상가·주택 등기 상담이 있습니다.,부산 구포역 법무사 업무 사례 | 상속등기·부동산등기 상담 안내,부산 구포역에서 자주 문의되는 업무 | 참고용 업무 사례 | 상담 전 확인할 내용 | 방문·비대면 진행 안내 | 관련 지역 | 관련 업무,inheritance,부산,inheritance,consult,true,,true
/업무사례/부산구포시장법무사,case,부산 구포시장 법무사 업무 사례 | … | 다옴법무사사무소,부산 구포시장 법무사 업무 사례와 상담 안내. 상속등기·부동산등기·법인등기·개인회생. 다옴법무사사무소 안윤정 법무사. 시장 상권의 점포 권리·부동산등기 일정을 맞추는 상담이 있습니다.,부산 구포시장 법무사 업무 사례 | 상속등기·부동산등기 상담 안내,부산 구포시장에서 자주 문의되는 업무 | 참고용 업무 사례 | 상담 전 확인할 내용 | 방문·비대면 진행 안내 | 관련 지역 | 관련 업무,inheritance,부산,inheritance,consult,false,,false
/업무사례/부산만덕역법무사,case,부산 만덕역 법무사 업무 사례 | 상… | 다옴법무사사무소,부산 만덕역 법무사 업무 사례와 상담 안내. 상속등기·부동산등기·법인등기·개인회생. 다옴법무사사무소 안윤정 법무사. 만덕 주거 밀집지의 이전·상속등기 문의가 있습니다.,부산 만덕역 법무사 업무 사례 | 상속등기·부동산등기 상담 안내,부산 만덕역에서 자주 문의되는 업무 | 참고용 업무 사례 | 상담 전 확인할 내용 | 방문·비대면 진행 안내 | 관련 지역 | 관련 업무,inheritance,부산,inheritance,consult,false,,false
/업무사례/부산화명역법무사,case,부산 화명역 법무사 업무 사례 | 상… | 다옴법무사사무소,부산 화명역 법무사 업무 사례와 상담 안내. 상속등기·부동산등기·법인등기·개인회생. 다옴법무사사무소 안윤정 법무사. 화명 역세권 아파트 등기 상담이 이어집니다.,부산 화명역 법무사 업무 사례 | 상속등기·부동산등기 상담 안내,부산 화명역에서 자주 문의되는 업무 | 참고용 업무 사례 | 상담 전 확인할 내용 | 방문·비대면 진행 안내 | 관련 지역 | 관련 업무,inheritance,부산,inheritance,consult,false,,false
/업무사례/부산율리역법무사,case,부산 율리역 법무사 업무 사례 | 상… | 다옴법무사사무소,부산 율리역 법무사 업무 사례와 상담 안내. 상속등기·부동산등기·법인등기·개인회생. 다옴법무사사무소 안윤정 법무사. 금곡·율리 생활권 주거 등기 문의가 있는 구간입니다.,부산 율리역 법무사 업무 사례 | 상속등기·부동산등기 상담 안내,부산 율리역에서 자주 문의되는 업무 | 참고용 업무 사례 | 상담 전 확인할 내용 | 방문·비대면 진행 안내 | 관련 지역 | 관련 업무,inheritance,부산,inheritance,consult,true,,true
/업무사례/부산금곡역법무사,case,부산 금곡역 법무사 업무 사례 | 상… | 다옴법무사사무소,부산 금곡역 법무사 업무 사례와 상담 안내. 상속등기·부동산등기·법인등기·개인회생. 다옴법무사사무소 안윤정 법무사. 금곡 주거 단지의 부동산등기 상담이 있습니다.,부산 금곡역 법무사 업무 사례 | 상속등기·부동산등기 상담 안내,부산 금곡역에서 자주 문의되는 업무 | 참고용 업무 사례 | 상담 전 확인할 내용 | 방문·비대면 진행 안내 | 관련 지역 | 관련 업무,inheritance,부산,inheritance,consult,false,,false
/업무사례/부산덕천역법무사,case,부산 덕천역 법무사 업무 사례 | 상… | 다옴법무사사무소,부산 덕천역 법무사 업무 사례와 상담 안내. 상속등기·부동산등기·법인등기·개인회생. 다옴법무사사무소 안윤정 법무사. 덕천 교차 생활권의 상가·주거 등기 문의가 많은 거점입니다.,부산 덕천역 법무사 업무 사례 | 상속등기·부동산등기 상담 안내,부산 덕천역에서 자주 문의되는 업무 | 참고용 업무 사례 | 상담 전 확인할 내용 | 방문·비대면 진행 안내 | 관련 지역 | 관련 업무,inheritance,부산,inheritance,consult,true,,true
/업무사례/부산북구청법무사,case,부산 북구청 법무사 업무 사례 | 상… | 다옴법무사사무소,부산 북구청 법무사 업무 사례와 상담 안내. 상속등기·부동산등기·법인등기·개인회생. 다옴법무사사무소 안윤정 법무사. 북구청 인근 행정·주거 생활권의 등기 상담입니다.,부산 북구청 법무사 업무 사례 | 상속등기·부동산등기 상담 안내,부산 북구청에서 자주 문의되는 업무 | 참고용 업무 사례 | 상담 전 확인할 내용 | 방문·비대면 진행 안내 | 관련 지역 | 관련 업무,inheritance,부산,inheritance,consult,false,,false
/업무사례/부산과학기술대학교법무사,case,부산 부산과학기술대학교 법무사 업무 … | 다옴법무사사무소,부산 부산과학기술대학교 법무사 업무 사례와 상담 안내. 상속등기·부동산등기·법인등기·개인회생. 다옴법무사사무소 안윤정 법무사. 대학 인근 주거·상가 등기 문의가 있는 생활권입니다.,부산 부산과학기술대학교 법무사 업무 사례 | 상속등기·부동산등기 상담 안내,부산 부산과학기술대학교에서 자주 문의되는 업무 | 참고용 업무 사례 | 상담 전 확인할 내용 | 방문·비대면 진행 안내 | 관련 지역 | 관련 업무,inheritance,부산,inheritance,consult,true,,true
/업무사례/부산해운대법무사,case,부산 해운대 법무사 업무 사례 | 상… | 다옴법무사사무소,부산 해운대 법무사 업무 사례와 상담 안내. 상속등기·부동산등기·법인등기·개인회생. 다옴법무사사무소 안윤정 법무사. 해수욕장·관광·주거가 겹친 대표 생활권으로 부동산·상속·법인 문의가 고루 있습니다.,부산 해운대 법무사 업무 사례 | 상속등기·부동산등기 상담 안내,부산 해운대에서 자주 문의되는 업무 | 참고용 업무 사례 | 상담 전 확인할 내용 | 방문·비대면 진행 안내 | 관련 지역 | 관련 업무,inheritance,부산,inheritance,consult,true,,true
/업무사례/부산센텀법무사,case,부산 센텀 법무사 업무 사례 | 상속… | 다옴법무사사무소,"부산 센텀 법무사 업무 사례와 상담 안내. 상속등기·부동산등기·법인등기·개인회생. 다옴법무사사무소 안윤정 법무사. 센텀시티 업무·주거 밀집지로 법인등기, 오피스·아파트 이전, 잔금일 협업 문의가 많은 거점입니다.",부산 센텀 법무사 업무 사례 | 상속등기·부동산등기 상담 안내,부산 센텀에서 자주 문의되는 업무 | 참고용 업무 사례 | 상담 전 확인할 내용 | 방문·비대면 진행 안내 | 관련 지역 | 관련 업무,inheritance,부산,inheritance,consult,true,,true
/업무사례/부산센텀시티법무사,case,부산 센텀시티 법무사 업무 사례 | … | 다옴법무사사무소,부산 센텀시티 법무사 업무 사례와 상담 안내. 상속등기·부동산등기·법인등기·개인회생. 다옴법무사사무소 안윤정 법무사. 센텀 업무지구 기업·전문직의 등기 일정을 맞추는 상담이 있습니다.,부산 센텀시티 법무사 업무 사례 | 상속등기·부동산등기 상담 안내,부산 센텀시티에서 자주 문의되는 업무 | 참고용 업무 사례 | 상담 전 확인할 내용 | 방문·비대면 진행 안내 | 관련 지역 | 관련 업무,inheritance,부산,inheritance,consult,false,,false
/업무사례/부산마린시티법무사,case,부산 마린시티 법무사 업무 사례 | … | 다옴법무사사무소,부산 마린시티 법무사 업무 사례와 상담 안내. 상속등기·부동산등기·법인등기·개인회생. 다옴법무사사무소 안윤정 법무사. 해안 고층 주거·상가의 매매·담보·상속등기 상담이 있는 생활권입니다.,부산 마린시티 법무사 업무 사례 | 상속등기·부동산등기 상담 안내,부산 마린시티에서 자주 문의되는 업무 | 참고용 업무 사례 | 상담 전 확인할 내용 | 방문·비대면 진행 안내 | 관련 지역 | 관련 업무,inheritance,부산,inheritance,consult,true,,true
/업무사례/부산엘시티법무사,case,부산 엘시티 법무사 업무 사례 | 상… | 다옴법무사사무소,부산 엘시티 법무사 업무 사례와 상담 안내. 상속등기·부동산등기·법인등기·개인회생. 다옴법무사사무소 안윤정 법무사. 해운대 해안 주거·상업시설 인근의 부동산등기 문의가 있습니다.,부산 엘시티 법무사 업무 사례 | 상속등기·부동산등기 상담 안내,부산 엘시티에서 자주 문의되는 업무 | 참고용 업무 사례 | 상담 전 확인할 내용 | 방문·비대면 진행 안내 | 관련 지역 | 관련 업무,inheritance,부산,inheritance,consult,true,,true
/업무사례/부산벡스코법무사,case,부산 벡스코 법무사 업무 사례 | 상… | 다옴법무사사무소,부산 벡스코 법무사 업무 사례와 상담 안내. 상속등기·부동산등기·법인등기·개인회생. 다옴법무사사무소 안윤정 법무사. 전시·컨벤션 배후 업무지역의 법인·오피스 등기 상담이 있습니다.,부산 벡스코 법무사 업무 사례 | 상속등기·부동산등기 상담 안내,부산 벡스코에서 자주 문의되는 업무 | 참고용 업무 사례 | 상담 전 확인할 내용 | 방문·비대면 진행 안내 | 관련 지역 | 관련 업무,inheritance,부산,inheritance,consult,false,,false
/업무사례/부산센텀역법무사,case,부산 센텀역 법무사 업무 사례 | 상… | 다옴법무사사무소,부산 센텀역 법무사 업무 사례와 상담 안내. 상속등기·부동산등기·법인등기·개인회생. 다옴법무사사무소 안윤정 법무사. 센텀 역세권 업무·주거 등기 문의가 이어집니다.,부산 센텀역 법무사 업무 사례 | 상속등기·부동산등기 상담 안내,부산 센텀역에서 자주 문의되는 업무 | 참고용 업무 사례 | 상담 전 확인할 내용 | 방문·비대면 진행 안내 | 관련 지역 | 관련 업무,inheritance,부산,inheritance,consult,false,,false
/업무사례/부산재송역법무사,case,부산 재송역 법무사 업무 사례 | 상… | 다옴법무사사무소,부산 재송역 법무사 업무 사례와 상담 안내. 상속등기·부동산등기·법인등기·개인회생. 다옴법무사사무소 안윤정 법무사. 재송 주거 밀집지의 이전·상속등기 상담이 있습니다.,부산 재송역 법무사 업무 사례 | 상속등기·부동산등기 상담 안내,부산 재송역에서 자주 문의되는 업무 | 참고용 업무 사례 | 상담 전 확인할 내용 | 방문·비대면 진행 안내 | 관련 지역 | 관련 업무,inheritance,부산,inheritance,consult,false,,false
/업무사례/부산해운대역법무사,case,부산 해운대역 법무사 업무 사례 | … | 다옴법무사사무소,부산 해운대역 법무사 업무 사례와 상담 안내. 상속등기·부동산등기·법인등기·개인회생. 다옴법무사사무소 안윤정 법무사. 해운대 역세권 관광·주거 등기 문의가 있는 거점입니다.,부산 해운대역 법무사 업무 사례 | 상속등기·부동산등기 상담 안내,부산 해운대역에서 자주 문의되는 업무 | 참고용 업무 사례 | 상담 전 확인할 내용 | 방문·비대면 진행 안내 | 관련 지역 | 관련 업무,inheritance,부산,inheritance,consult,false,,false
/업무사례/부산중동역법무사,case,부산 중동역 법무사 업무 사례 | 상… | 다옴법무사사무소,부산 중동역 법무사 업무 사례와 상담 안내. 상속등기·부동산등기·법인등기·개인회생. 다옴법무사사무소 안윤정 법무사. 중동 주거·상가 생활권의 부동산등기 상담이 있습니다.,부산 중동역 법무사 업무 사례 | 상속등기·부동산등기 상담 안내,부산 중동역에서 자주 문의되는 업무 | 참고용 업무 사례 | 상담 전 확인할 내용 | 방문·비대면 진행 안내 | 관련 지역 | 관련 업무,inheritance,부산,inheritance,consult,false,,false
/업무사례/부산장산역법무사,case,부산 장산역 법무사 업무 사례 | 상… | 다옴법무사사무소,부산 장산역 법무사 업무 사례와 상담 안내. 상속등기·부동산등기·법인등기·개인회생. 다옴법무사사무소 안윤정 법무사. 좌동·장산 생활권 아파트 등기 문의가 많은 구간입니다.,부산 장산역 법무사 업무 사례 | 상속등기·부동산등기 상담 안내,부산 장산역에서 자주 문의되는 업무 | 참고용 업무 사례 | 상담 전 확인할 내용 | 방문·비대면 진행 안내 | 관련 지역 | 관련 업무,inheritance,부산,inheritance,consult,true,,true
/업무사례/부산송정역법무사,case,부산 송정역 법무사 업무 사례 | 상… | 다옴법무사사무소,부산 송정역 법무사 업무 사례와 상담 안내. 상속등기·부동산등기·법인등기·개인회생. 다옴법무사사무소 안윤정 법무사. 송정 해안·주거 생활권의 부동산등기 상담이 있습니다.,부산 송정역 법무사 업무 사례 | 상속등기·부동산등기 상담 안내,부산 송정역에서 자주 문의되는 업무 | 참고용 업무 사례 | 상담 전 확인할 내용 | 방문·비대면 진행 안내 | 관련 지역 | 관련 업무,inheritance,부산,inheritance,consult,false,,false
/업무사례/부산반여농산물시장법무사,case,부산 반여농산물시장 법무사 업무 사례… | 다옴법무사사무소,부산 반여농산물시장 법무사 업무 사례와 상담 안내. 상속등기·부동산등기·법인등기·개인회생. 다옴법무사사무소 안윤정 법무사. 반여 시장·주거 일대의 상가·주택 등기 문의가 있습니다.,부산 반여농산물시장 법무사 업무 사례 | 상속등기·부동산등기 상담 안내,부산 반여농산물시장에서 자주 문의되는 업무 | 참고용 업무 사례 | 상담 전 확인할 내용 | 방문·비대면 진행 안내 | 관련 지역 | 관련 업무,inheritance,부산,inheritance,consult,true,,true
/업무사례/부산달맞이길법무사,case,부산 달맞이길 법무사 업무 사례 | … | 다옴법무사사무소,부산 달맞이길 법무사 업무 사례와 상담 안내. 상속등기·부동산등기·법인등기·개인회생. 다옴법무사사무소 안윤정 법무사. 달맞이 언덕 주거·상가의 매매등기 상담이 있는 해안 생활권입니다.,부산 달맞이길 법무사 업무 사례 | 상속등기·부동산등기 상담 안내,부산 달맞이길에서 자주 문의되는 업무 | 참고용 업무 사례 | 상담 전 확인할 내용 | 방문·비대면 진행 안내 | 관련 지역 | 관련 업무,inheritance,부산,inheritance,consult,true,,true
/업무사례/부산미포법무사,case,부산 미포 법무사 업무 사례 | 상속… | 다옴법무사사무소,부산 미포 법무사 업무 사례와 상담 안내. 상속등기·부동산등기·법인등기·개인회생. 다옴법무사사무소 안윤정 법무사. 미포 해안 관광·주거 구간의 부동산 상담입니다.,부산 미포 법무사 업무 사례 | 상속등기·부동산등기 상담 안내,부산 미포에서 자주 문의되는 업무 | 참고용 업무 사례 | 상담 전 확인할 내용 | 방문·비대면 진행 안내 | 관련 지역 | 관련 업무,inheritance,부산,inheritance,consult,false,,false
/업무사례/부산청사포법무사,case,부산 청사포 법무사 업무 사례 | 상… | 다옴법무사사무소,부산 청사포 법무사 업무 사례와 상담 안내. 상속등기·부동산등기·법인등기·개인회생. 다옴법무사사무소 안윤정 법무사. 청사포 해안 생활권의 주거·상가 등기 문의가 있습니다.,부산 청사포 법무사 업무 사례 | 상속등기·부동산등기 상담 안내,부산 청사포에서 자주 문의되는 업무 | 참고용 업무 사례 | 상담 전 확인할 내용 | 방문·비대면 진행 안내 | 관련 지역 | 관련 업무,inheritance,부산,inheritance,consult,true,,true
/업무사례/부산해운대해수욕장법무사,case,부산 해운대해수욕장 법무사 업무 사례… | 다옴법무사사무소,부산 해운대해수욕장 법무사 업무 사례와 상담 안내. 상속등기·부동산등기·법인등기·개인회생. 다옴법무사사무소 안윤정 법무사. 해수욕장 상권·주거의 매매·임대 관련 등기 상담이 많은 구간입니다.,부산 해운대해수욕장 법무사 업무 사례 | 상속등기·부동산등기 상담 안내,부산 해운대해수욕장에서 자주 문의되는 업무 | 참고용 업무 사례 | 상담 전 확인할 내용 | 방문·비대면 진행 안내 | 관련 지역 | 관련 업무,inheritance,부산,inheritance,consult,false,,false
/업무사례/부산송정해수욕장법무사,case,부산 송정해수욕장 법무사 업무 사례 … | 다옴법무사사무소,부산 송정해수욕장 법무사 업무 사례와 상담 안내. 상속등기·부동산등기·법인등기·개인회생. 다옴법무사사무소 안윤정 법무사. 송정 해변 생활권의 부동산등기 문의가 이어집니다.,부산 송정해수욕장 법무사 업무 사례 | 상속등기·부동산등기 상담 안내,부산 송정해수욕장에서 자주 문의되는 업무 | 참고용 업무 사례 | 상담 전 확인할 내용 | 방문·비대면 진행 안내 | 관련 지역 | 관련 업무,inheritance,부산,inheritance,consult,false,,false
/업무사례/부산광안리법무사,case,부산 광안리 법무사 업무 사례 | 상… | 다옴법무사사무소,부산 광안리 법무사 업무 사례와 상담 안내. 상속등기·부동산등기·법인등기·개인회생. 다옴법무사사무소 안윤정 법무사. 광안리 해변 상권·주거의 이전등기·상가 권리 상담이 많은 대표 생활권입니다.,부산 광안리 법무사 업무 사례 | 상속등기·부동산등기 상담 안내,부산 광안리에서 자주 문의되는 업무 | 참고용 업무 사례 | 상담 전 확인할 내용 | 방문·비대면 진행 안내 | 관련 지역 | 관련 업무,inheritance,부산,inheritance,consult,true,,true
/업무사례/부산광안대교법무사,case,부산 광안대교 법무사 업무 사례 | … | 다옴법무사사무소,부산 광안대교 법무사 업무 사례와 상담 안내. 상속등기·부동산등기·법인등기·개인회생. 다옴법무사사무소 안윤정 법무사. 광안 해안 경관 생활권의 부동산 상담 구간입니다.,부산 광안대교 법무사 업무 사례 | 상속등기·부동산등기 상담 안내,부산 광안대교에서 자주 문의되는 업무 | 참고용 업무 사례 | 상담 전 확인할 내용 | 방문·비대면 진행 안내 | 관련 지역 | 관련 업무,inheritance,부산,inheritance,consult,false,,false
/업무사례/부산광안역법무사,case,부산 광안역 법무사 업무 사례 | 상… | 다옴법무사사무소,부산 광안역 법무사 업무 사례와 상담 안내. 상속등기·부동산등기·법인등기·개인회생. 다옴법무사사무소 안윤정 법무사. 광안 역세권 주거·상가 등기 문의가 있습니다.,부산 광안역 법무사 업무 사례 | 상속등기·부동산등기 상담 안내,부산 광안역에서 자주 문의되는 업무 | 참고용 업무 사례 | 상담 전 확인할 내용 | 방문·비대면 진행 안내 | 관련 지역 | 관련 업무,inheritance,부산,inheritance,consult,false,,false
/업무사례/부산금련산역법무사,case,부산 금련산역 법무사 업무 사례 | … | 다옴법무사사무소,부산 금련산역 법무사 업무 사례와 상담 안내. 상속등기·부동산등기·법인등기·개인회생. 다옴법무사사무소 안윤정 법무사. 남천·금련산 생활권 주거 등기 상담이 이어집니다.,부산 금련산역 법무사 업무 사례 | 상속등기·부동산등기 상담 안내,부산 금련산역에서 자주 문의되는 업무 | 참고용 업무 사례 | 상담 전 확인할 내용 | 방문·비대면 진행 안내 | 관련 지역 | 관련 업무,inheritance,부산,inheritance,consult,true,,true
/업무사례/부산남천역법무사,case,부산 남천역 법무사 업무 사례 | 상… | 다옴법무사사무소,부산 남천역 법무사 업무 사례와 상담 안내. 상속등기·부동산등기·법인등기·개인회생. 다옴법무사사무소 안윤정 법무사. 남천 주거 밀집지의 이전·상속등기 문의가 있습니다.,부산 남천역 법무사 업무 사례 | 상속등기·부동산등기 상담 안내,부산 남천역에서 자주 문의되는 업무 | 참고용 업무 사례 | 상담 전 확인할 내용 | 방문·비대면 진행 안내 | 관련 지역 | 관련 업무,inheritance,부산,inheritance,consult,false,,false
/업무사례/부산수영역법무사,case,부산 수영역 법무사 업무 사례 | 상… | 다옴법무사사무소,부산 수영역 법무사 업무 사례와 상담 안내. 상속등기·부동산등기·법인등기·개인회생. 다옴법무사사무소 안윤정 법무사. 수영 교차 생활권의 상가·주거 등기 상담이 있는 거점입니다.,부산 수영역 법무사 업무 사례 | 상속등기·부동산등기 상담 안내,부산 수영역에서 자주 문의되는 업무 | 참고용 업무 사례 | 상담 전 확인할 내용 | 방문·비대면 진행 안내 | 관련 지역 | 관련 업무,inheritance,부산,inheritance,consult,true,,true
/업무사례/부산망미역법무사,case,부산 망미역 법무사 업무 사례 | 상… | 다옴법무사사무소,부산 망미역 법무사 업무 사례와 상담 안내. 상속등기·부동산등기·법인등기·개인회생. 다옴법무사사무소 안윤정 법무사. 망미 주거·상권 생활권의 부동산등기 문의가 있습니다.,부산 망미역 법무사 업무 사례 | 상속등기·부동산등기 상담 안내,부산 망미역에서 자주 문의되는 업무 | 참고용 업무 사례 | 상담 전 확인할 내용 | 방문·비대면 진행 안내 | 관련 지역 | 관련 업무,inheritance,부산,inheritance,consult,false,,false
/업무사례/부산민락수변공원법무사,case,부산 민락수변공원 법무사 업무 사례 … | 다옴법무사사무소,부산 민락수변공원 법무사 업무 사례와 상담 안내. 상속등기·부동산등기·법인등기·개인회생. 다옴법무사사무소 안윤정 법무사. 민락 수변 주거·상가의 등기 상담이 있는 구간입니다.,부산 민락수변공원 법무사 업무 사례 | 상속등기·부동산등기 상담 안내,부산 민락수변공원에서 자주 문의되는 업무 | 참고용 업무 사례 | 상담 전 확인할 내용 | 방문·비대면 진행 안내 | 관련 지역 | 관련 업무,inheritance,부산,inheritance,consult,false,,false
/업무사례/부산민락항법무사,case,부산 민락항 법무사 업무 사례 | 상… | 다옴법무사사무소,부산 민락항 법무사 업무 사례와 상담 안내. 상속등기·부동산등기·법인등기·개인회생. 다옴법무사사무소 안윤정 법무사. 민락항 인근 상업·주거 등기 문의가 이어집니다.,부산 민락항 법무사 업무 사례 | 상속등기·부동산등기 상담 안내,부산 민락항에서 자주 문의되는 업무 | 참고용 업무 사례 | 상담 전 확인할 내용 | 방문·비대면 진행 안내 | 관련 지역 | 관련 업무,inheritance,부산,inheritance,consult,false,,false
/업무사례/부산망미단길법무사,case,부산 망미단길 법무사 업무 사례 | … | 다옴법무사사무소,부산 망미단길 법무사 업무 사례와 상담 안내. 상속등기·부동산등기·법인등기·개인회생. 다옴법무사사무소 안윤정 법무사. 망미 골목 상권의 점포·주택 권리 상담이 있습니다.,부산 망미단길 법무사 업무 사례 | 상속등기·부동산등기 상담 안내,부산 망미단길에서 자주 문의되는 업무 | 참고용 업무 사례 | 상담 전 확인할 내용 | 방문·비대면 진행 안내 | 관련 지역 | 관련 업무,inheritance,부산,inheritance,consult,true,,true
/업무사례/부산수영교차로법무사,case,부산 수영교차로 법무사 업무 사례 |… | 다옴법무사사무소,부산 수영교차로 법무사 업무 사례와 상담 안내. 상속등기·부동산등기·법인등기·개인회생. 다옴법무사사무소 안윤정 법무사. 수영 교차로 일대 상가·주거 등기 일정을 맞추는 상담이 있습니다.,부산 수영교차로 법무사 업무 사례 | 상속등기·부동산등기 상담 안내,부산 수영교차로에서 자주 문의되는 업무 | 참고용 업무 사례 | 상담 전 확인할 내용 | 방문·비대면 진행 안내 | 관련 지역 | 관련 업무,inheritance,부산,inheritance,consult,false,,false
/업무사례/부산다대포법무사,case,부산 다대포 법무사 업무 사례 | 상… | 다옴법무사사무소,부산 다대포 법무사 업무 사례와 상담 안내. 상속등기·부동산등기·법인등기·개인회생. 다옴법무사사무소 안윤정 법무사. 다대포 해안·주거 생활권의 이전·상속등기 상담이 있습니다.,부산 다대포 법무사 업무 사례 | 상속등기·부동산등기 상담 안내,부산 다대포에서 자주 문의되는 업무 | 참고용 업무 사례 | 상담 전 확인할 내용 | 방문·비대면 진행 안내 | 관련 지역 | 관련 업무,inheritance,부산,inheritance,consult,true,,true
/업무사례/부산감천문화마을법무사,case,부산 감천문화마을 법무사 업무 사례 … | 다옴법무사사무소,부산 감천문화마을 법무사 업무 사례와 상담 안내. 상속등기·부동산등기·법인등기·개인회생. 다옴법무사사무소 안윤정 법무사. 문화마을 인근 소규모 주택·상가 권리 정리 문의가 있습니다.,부산 감천문화마을 법무사 업무 사례 | 상속등기·부동산등기 상담 안내,부산 감천문화마을에서 자주 문의되는 업무 | 참고용 업무 사례 | 상담 전 확인할 내용 | 방문·비대면 진행 안내 | 관련 지역 | 관련 업무,inheritance,부산,inheritance,consult,true,,true
/업무사례/부산하단오거리법무사,case,부산 하단오거리 법무사 업무 사례 |… | 다옴법무사사무소,부산 하단오거리 법무사 업무 사례와 상담 안내. 상속등기·부동산등기·법인등기·개인회생. 다옴법무사사무소 안윤정 법무사. 하단 교통·상권 거점의 상가·주거 등기 상담이 많은 구간입니다.,부산 하단오거리 법무사 업무 사례 | 상속등기·부동산등기 상담 안내,부산 하단오거리에서 자주 문의되는 업무 | 참고용 업무 사례 | 상담 전 확인할 내용 | 방문·비대면 진행 안내 | 관련 지역 | 관련 업무,inheritance,부산,inheritance,consult,true,,true
/업무사례/부산다대포해수욕장역법무사,case,부산 다대포해수욕장역 법무사 업무 사… | 다옴법무사사무소,부산 다대포해수욕장역 법무사 업무 사례와 상담 안내. 상속등기·부동산등기·법인등기·개인회생. 다옴법무사사무소 안윤정 법무사. 다대 해수욕장 역세권 등기 문의입니다.,부산 다대포해수욕장역 법무사 업무 사례 | 상속등기·부동산등기 상담 안내,부산 다대포해수욕장역에서 자주 문의되는 업무 | 참고용 업무 사례 | 상담 전 확인할 내용 | 방문·비대면 진행 안내 | 관련 지역 | 관련 업무,inheritance,부산,inheritance,consult,false,,false
/업무사례/부산신평역법무사,case,부산 신평역 법무사 업무 사례 | 상… | 다옴법무사사무소,부산 신평역 법무사 업무 사례와 상담 안내. 상속등기·부동산등기·법인등기·개인회생. 다옴법무사사무소 안윤정 법무사. 신평 주거·산업 인접지의 부동산·법인등기 상담이 있습니다.,부산 신평역 법무사 업무 사례 | 상속등기·부동산등기 상담 안내,부산 신평역에서 자주 문의되는 업무 | 참고용 업무 사례 | 상담 전 확인할 내용 | 방문·비대면 진행 안내 | 관련 지역 | 관련 업무,inheritance,부산,inheritance,consult,false,,false
/업무사례/부산장림역법무사,case,부산 장림역 법무사 업무 사례 | 상… | 다옴법무사사무소,부산 장림역 법무사 업무 사례와 상담 안내. 상속등기·부동산등기·법인등기·개인회생. 다옴법무사사무소 안윤정 법무사. 장림 산업·주거 생활권의 등기 문의가 이어집니다.,부산 장림역 법무사 업무 사례 | 상속등기·부동산등기 상담 안내,부산 장림역에서 자주 문의되는 업무 | 참고용 업무 사례 | 상담 전 확인할 내용 | 방문·비대면 진행 안내 | 관련 지역 | 관련 업무,inheritance,부산,inheritance,consult,false,,false
/업무사례/부산낫개역법무사,case,부산 낫개역 법무사 업무 사례 | 상… | 다옴법무사사무소,부산 낫개역 법무사 업무 사례와 상담 안내. 상속등기·부동산등기·법인등기·개인회생. 다옴법무사사무소 안윤정 법무사. 다대·낫개 생활권 주거 등기 상담이 있습니다.,부산 낫개역 법무사 업무 사례 | 상속등기·부동산등기 상담 안내,부산 낫개역에서 자주 문의되는 업무 | 참고용 업무 사례 | 상담 전 확인할 내용 | 방문·비대면 진행 안내 | 관련 지역 | 관련 업무,inheritance,부산,inheritance,consult,true,,true
/업무사례/부산동매역법무사,case,부산 동매역 법무사 업무 사례 | 상… | 다옴법무사사무소,부산 동매역 법무사 업무 사례와 상담 안내. 상속등기·부동산등기·법인등기·개인회생. 다옴법무사사무소 안윤정 법무사. 괴정·동매 일대 주거 등기 문의가 있는 구간입니다.,부산 동매역 법무사 업무 사례 | 상속등기·부동산등기 상담 안내,부산 동매역에서 자주 문의되는 업무 | 참고용 업무 사례 | 상담 전 확인할 내용 | 방문·비대면 진행 안내 | 관련 지역 | 관련 업무,inheritance,부산,inheritance,consult,true,,true
/업무사례/부산하단역법무사,case,부산 하단역 법무사 업무 사례 | 상… | 다옴법무사사무소,부산 하단역 법무사 업무 사례와 상담 안내. 상속등기·부동산등기·법인등기·개인회생. 다옴법무사사무소 안윤정 법무사. 하단 역세권 상가·주거 등기 상담이 많은 거점입니다.,부산 하단역 법무사 업무 사례 | 상속등기·부동산등기 상담 안내,부산 하단역에서 자주 문의되는 업무 | 참고용 업무 사례 | 상담 전 확인할 내용 | 방문·비대면 진행 안내 | 관련 지역 | 관련 업무,inheritance,부산,inheritance,consult,false,,false
/업무사례/부산현대미술관법무사,case,부산 부산현대미술관 법무사 업무 사례… | 다옴법무사사무소,부산 부산현대미술관 법무사 업무 사례와 상담 안내. 상속등기·부동산등기·법인등기·개인회생. 다옴법무사사무소 안윤정 법무사. 을숙도·미술관 인근 생활권의 부동산 상담 구간입니다.,부산 부산현대미술관 법무사 업무 사례 | 상속등기·부동산등기 상담 안내,부산 부산현대미술관에서 자주 문의되는 업무 | 참고용 업무 사례 | 상담 전 확인할 내용 | 방문·비대면 진행 안내 | 관련 지역 | 관련 업무,inheritance,부산,inheritance,consult,false,,false
/업무사례/부산사상역법무사,case,부산 사상역 법무사 업무 사례 | 상… | 다옴법무사사무소,부산 사상역 법무사 업무 사례와 상담 안내. 상속등기·부동산등기·법인등기·개인회생. 다옴법무사사무소 안윤정 법무사. 사상 교통 거점의 상가·주거·법인 등기 문의가 많은 생활권입니다.,부산 사상역 법무사 업무 사례 | 상속등기·부동산등기 상담 안내,부산 사상역에서 자주 문의되는 업무 | 참고용 업무 사례 | 상담 전 확인할 내용 | 방문·비대면 진행 안내 | 관련 지역 | 관련 업무,inheritance,부산,inheritance,consult,true,,true
/업무사례/부산서부버스터미널법무사,case,부산 부산서부버스터미널 법무사 업무 … | 다옴법무사사무소,부산 부산서부버스터미널 법무사 업무 사례와 상담 안내. 상속등기·부동산등기·법인등기·개인회생. 다옴법무사사무소 안윤정 법무사. 서부터미널 배후 상권·주거의 부동산등기 상담이 있습니다.,부산 부산서부버스터미널 법무사 업무 사례 | 상속등기·부동산등기 상담 안내,부산 부산서부버스터미널에서 자주 문의되는 업무 | 참고용 업무 사례 | 상담 전 확인할 내용 | 방문·비대면 진행 안내 | 관련 지역 | 관련 업무,inheritance,부산,inheritance,consult,false,,false
/업무사례/부산서부시외버스터미널법무사,case,부산 서부시외버스터미널 법무사 업무 … | 다옴법무사사무소,부산 서부시외버스터미널 법무사 업무 사례와 상담 안내. 상속등기·부동산등기·법인등기·개인회생. 다옴법무사사무소 안윤정 법무사. 사상 터미널 생활권 등기 문의입니다.,부산 서부시외버스터미널 법무사 업무 사례 | 상속등기·부동산등기 상담 안내,부산 서부시외버스터미널에서 자주 문의되는 업무 | 참고용 업무 사례 | 상담 전 확인할 내용 | 방문·비대면 진행 안내 | 관련 지역 | 관련 업무,inheritance,부산,inheritance,consult,false,,false
/업무사례/부산주례역법무사,case,부산 주례역 법무사 업무 사례 | 상… | 다옴법무사사무소,부산 주례역 법무사 업무 사례와 상담 안내. 상속등기·부동산등기·법인등기·개인회생. 다옴법무사사무소 안윤정 법무사. 주례 주거·상가 생활권의 이전등기 상담이 있습니다.,부산 주례역 법무사 업무 사례 | 상속등기·부동산등기 상담 안내,부산 주례역에서 자주 문의되는 업무 | 참고용 업무 사례 | 상담 전 확인할 내용 | 방문·비대면 진행 안내 | 관련 지역 | 관련 업무,inheritance,부산,inheritance,consult,false,,false
/업무사례/부산냉정역법무사,case,부산 냉정역 법무사 업무 사례 | 상… | 다옴법무사사무소,부산 냉정역 법무사 업무 사례와 상담 안내. 상속등기·부동산등기·법인등기·개인회생. 다옴법무사사무소 안윤정 법무사. 냉정 일대 주거 등기 문의가 있는 구간입니다.,부산 냉정역 법무사 업무 사례 | 상속등기·부동산등기 상담 안내,부산 냉정역에서 자주 문의되는 업무 | 참고용 업무 사례 | 상담 전 확인할 내용 | 방문·비대면 진행 안내 | 관련 지역 | 관련 업무,inheritance,부산,inheritance,consult,true,,true
/업무사례/부산괘법르네시떼역법무사,case,부산 괘법르네시떼역 법무사 업무 사례… | 다옴법무사사무소,부산 괘법르네시떼역 법무사 업무 사례와 상담 안내. 상속등기·부동산등기·법인등기·개인회생. 다옴법무사사무소 안윤정 법무사. 괘법 상권·주거 등기 상담이 이어집니다.,부산 괘법르네시떼역 법무사 업무 사례 | 상속등기·부동산등기 상담 안내,부산 괘법르네시떼역에서 자주 문의되는 업무 | 참고용 업무 사례 | 상담 전 확인할 내용 | 방문·비대면 진행 안내 | 관련 지역 | 관련 업무,inheritance,부산,inheritance,consult,false,,false
/업무사례/부산삼락생태공원법무사,case,부산 삼락생태공원 법무사 업무 사례 … | 다옴법무사사무소,부산 삼락생태공원 법무사 업무 사례와 상담 안내. 상속등기·부동산등기·법인등기·개인회생. 다옴법무사사무소 안윤정 법무사. 삼락 일대 주거·근린 생활권의 부동산 상담입니다.,부산 삼락생태공원 법무사 업무 사례 | 상속등기·부동산등기 상담 안내,부산 삼락생태공원에서 자주 문의되는 업무 | 참고용 업무 사례 | 상담 전 확인할 내용 | 방문·비대면 진행 안내 | 관련 지역 | 관련 업무,inheritance,부산,inheritance,consult,false,,false
/업무사례/부산사상공업지역법무사,case,부산 사상공업지역 법무사 업무 사례 … | 다옴법무사사무소,부산 사상공업지역 법무사 업무 사례와 상담 안내. 상속등기·부동산등기·법인등기·개인회생. 다옴법무사사무소 안윤정 법무사. 공업지역 공장·창고·법인 사업장 등기 문의가 있는 업무 구간입니다.,부산 사상공업지역 법무사 업무 사례 | 상속등기·부동산등기 상담 안내,부산 사상공업지역에서 자주 문의되는 업무 | 참고용 업무 사례 | 상담 전 확인할 내용 | 방문·비대면 진행 안내 | 관련 지역 | 관련 업무,inheritance,부산,inheritance,consult,true,,true
/업무사례/부산학장공단법무사,case,부산 학장공단 법무사 업무 사례 | … | 다옴법무사사무소,부산 학장공단 법무사 업무 사례와 상담 안내. 상속등기·부동산등기·법인등기·개인회생. 다옴법무사사무소 안윤정 법무사. 학장 공단 입주 기업의 법인·부동산등기 상담이 있습니다.,부산 학장공단 법무사 업무 사례 | 상속등기·부동산등기 상담 안내,부산 학장공단에서 자주 문의되는 업무 | 참고용 업무 사례 | 상담 전 확인할 내용 | 방문·비대면 진행 안내 | 관련 지역 | 관련 업무,inheritance,부산,inheritance,consult,true,,true
/업무사례/부산대법무사,case,부산 부산대 법무사 업무 사례 | 상… | 다옴법무사사무소,부산 부산대 법무사 업무 사례와 상담 안내. 상속등기·부동산등기·법인등기·개인회생. 다옴법무사사무소 안윤정 법무사. 부산대 일대 대학가 주거·상가 매매등기 상담이 많은 생활권입니다.,부산 부산대 법무사 업무 사례 | 상속등기·부동산등기 상담 안내,부산 부산대에서 자주 문의되는 업무 | 참고용 업무 사례 | 상담 전 확인할 내용 | 방문·비대면 진행 안내 | 관련 지역 | 관련 업무,inheritance,부산,inheritance,consult,true,,true
/업무사례/부산대역법무사,case,부산 부산대역 법무사 업무 사례 | … | 다옴법무사사무소,부산 부산대역 법무사 업무 사례와 상담 안내. 상속등기·부동산등기·법인등기·개인회생. 다옴법무사사무소 안윤정 법무사. 부산대 역세권 주거·상가 등기 문의가 이어집니다.,부산 부산대역 법무사 업무 사례 | 상속등기·부동산등기 상담 안내,부산 부산대역에서 자주 문의되는 업무 | 참고용 업무 사례 | 상담 전 확인할 내용 | 방문·비대면 진행 안내 | 관련 지역 | 관련 업무,inheritance,부산,inheritance,consult,false,,false
/업무사례/부산장전역법무사,case,부산 장전역 법무사 업무 사례 | 상… | 다옴법무사사무소,부산 장전역 법무사 업무 사례와 상담 안내. 상속등기·부동산등기·법인등기·개인회생. 다옴법무사사무소 안윤정 법무사. 장전 대학·주거 생활권의 부동산등기 상담이 있습니다.,부산 장전역 법무사 업무 사례 | 상속등기·부동산등기 상담 안내,부산 장전역에서 자주 문의되는 업무 | 참고용 업무 사례 | 상담 전 확인할 내용 | 방문·비대면 진행 안내 | 관련 지역 | 관련 업무,inheritance,부산,inheritance,consult,false,,false
/업무사례/부산구서역법무사,case,부산 구서역 법무사 업무 사례 | 상… | 다옴법무사사무소,부산 구서역 법무사 업무 사례와 상담 안내. 상속등기·부동산등기·법인등기·개인회생. 다옴법무사사무소 안윤정 법무사. 구서 주거 밀집지의 이전·상속등기 문의가 있습니다.,부산 구서역 법무사 업무 사례 | 상속등기·부동산등기 상담 안내,부산 구서역에서 자주 문의되는 업무 | 참고용 업무 사례 | 상담 전 확인할 내용 | 방문·비대면 진행 안내 | 관련 지역 | 관련 업무,inheritance,부산,inheritance,consult,false,,false
/업무사례/부산두실역법무사,case,부산 두실역 법무사 업무 사례 | 상… | 다옴법무사사무소,부산 두실역 법무사 업무 사례와 상담 안내. 상속등기·부동산등기·법인등기·개인회생. 다옴법무사사무소 안윤정 법무사. 두실 생활권 주거 등기 상담이 있는 구간입니다.,부산 두실역 법무사 업무 사례 | 상속등기·부동산등기 상담 안내,부산 두실역에서 자주 문의되는 업무 | 참고용 업무 사례 | 상담 전 확인할 내용 | 방문·비대면 진행 안내 | 관련 지역 | 관련 업무,inheritance,부산,inheritance,consult,true,,true
/업무사례/부산남산역법무사,case,부산 남산역 법무사 업무 사례 | 상… | 다옴법무사사무소,부산 남산역 법무사 업무 사례와 상담 안내. 상속등기·부동산등기·법인등기·개인회생. 다옴법무사사무소 안윤정 법무사. 남산동 주거 등기 문의가 이어집니다.,부산 남산역 법무사 업무 사례 | 상속등기·부동산등기 상담 안내,부산 남산역에서 자주 문의되는 업무 | 참고용 업무 사례 | 상담 전 확인할 내용 | 방문·비대면 진행 안내 | 관련 지역 | 관련 업무,inheritance,부산,inheritance,consult,false,,false
/업무사례/부산범어사역법무사,case,부산 범어사역 법무사 업무 사례 | … | 다옴법무사사무소,부산 범어사역 법무사 업무 사례와 상담 안내. 상속등기·부동산등기·법인등기·개인회생. 다옴법무사사무소 안윤정 법무사. 범어사 인근 생활권의 부동산 상담 구간입니다.,부산 범어사역 법무사 업무 사례 | 상속등기·부동산등기 상담 안내,부산 범어사역에서 자주 문의되는 업무 | 참고용 업무 사례 | 상담 전 확인할 내용 | 방문·비대면 진행 안내 | 관련 지역 | 관련 업무,inheritance,부산,inheritance,consult,true,,true
/업무사례/부산노포역법무사,case,부산 노포역 법무사 업무 사례 | 상… | 다옴법무사사무소,부산 노포역 법무사 업무 사례와 상담 안내. 상속등기·부동산등기·법인등기·개인회생. 다옴법무사사무소 안윤정 법무사. 노포 터미널·역세권의 상가·주거 등기 문의가 있는 거점입니다.,부산 노포역 법무사 업무 사례 | 상속등기·부동산등기 상담 안내,부산 노포역에서 자주 문의되는 업무 | 참고용 업무 사례 | 상담 전 확인할 내용 | 방문·비대면 진행 안내 | 관련 지역 | 관련 업무,inheritance,부산,inheritance,consult,true,,true
/업무사례/부산금정구청법무사,case,부산 금정구청 법무사 업무 사례 | … | 다옴법무사사무소,부산 금정구청 법무사 업무 사례와 상담 안내. 상속등기·부동산등기·법인등기·개인회생. 다옴법무사사무소 안윤정 법무사. 구청 인근 행정·주거 생활권의 등기 상담입니다.,부산 금정구청 법무사 업무 사례 | 상속등기·부동산등기 상담 안내,부산 금정구청에서 자주 문의되는 업무 | 참고용 업무 사례 | 상담 전 확인할 내용 | 방문·비대면 진행 안내 | 관련 지역 | 관련 업무,inheritance,부산,inheritance,consult,false,,false
/업무사례/부산금사공업지역법무사,case,부산 금사공업지역 법무사 업무 사례 … | 다옴법무사사무소,부산 금사공업지역 법무사 업무 사례와 상담 안내. 상속등기·부동산등기·법인등기·개인회생. 다옴법무사사무소 안윤정 법무사. 금사 공업지역 사업장·공장 등기 문의가 있습니다.,부산 금사공업지역 법무사 업무 사례 | 상속등기·부동산등기 상담 안내,부산 금사공업지역에서 자주 문의되는 업무 | 참고용 업무 사례 | 상담 전 확인할 내용 | 방문·비대면 진행 안내 | 관련 지역 | 관련 업무,inheritance,부산,inheritance,consult,true,,true
/업무사례/부산명지법무사,case,부산 명지 법무사 업무 사례 | 상속… | 다옴법무사사무소,부산 명지 법무사 업무 사례와 상담 안내. 상속등기·부동산등기·법인등기·개인회생. 다옴법무사사무소 안윤정 법무사. 명지 신도시 주거의 소유권이전·신축 관련 등기 상담이 많은 생활권입니다.,부산 명지 법무사 업무 사례 | 상속등기·부동산등기 상담 안내,부산 명지에서 자주 문의되는 업무 | 참고용 업무 사례 | 상담 전 확인할 내용 | 방문·비대면 진행 안내 | 관련 지역 | 관련 업무,inheritance,부산,inheritance,consult,true,,true
/업무사례/부산명지국제신도시법무사,case,부산 명지국제신도시 법무사 업무 사례… | 다옴법무사사무소,부산 명지국제신도시 법무사 업무 사례와 상담 안내. 상속등기·부동산등기·법인등기·개인회생. 다옴법무사사무소 안윤정 법무사. 명지국제신도시 아파트·상가 등기 문의가 이어집니다.,부산 명지국제신도시 법무사 업무 사례 | 상속등기·부동산등기 상담 안내,부산 명지국제신도시에서 자주 문의되는 업무 | 참고용 업무 사례 | 상담 전 확인할 내용 | 방문·비대면 진행 안내 | 관련 지역 | 관련 업무,inheritance,부산,inheritance,consult,false,,false
/업무사례/부산에코델타시티법무사,case,부산 에코델타시티 법무사 업무 사례 … | 다옴법무사사무소,부산 에코델타시티 법무사 업무 사례와 상담 안내. 상속등기·부동산등기·법인등기·개인회생. 다옴법무사사무소 안윤정 법무사. 에코델타시티 개발·입주와 맞물린 보존등기·이전등기·법인 업무 문의가 있는 신도시 권역입니다.,부산 에코델타시티 법무사 업무 사례 | 상속등기·부동산등기 상담 안내,부산 에코델타시티에서 자주 문의되는 업무 | 참고용 업무 사례 | 상담 전 확인할 내용 | 방문·비대면 진행 안내 | 관련 지역 | 관련 업무,inheritance,부산,inheritance,consult,true,,true
/업무사례/부산가덕도법무사,case,부산 가덕도 법무사 업무 사례 | 상… | 다옴법무사사무소,부산 가덕도 법무사 업무 사례와 상담 안내. 상속등기·부동산등기·법인등기·개인회생. 다옴법무사사무소 안윤정 법무사. 가덕도 일대 토지·건축물 권리와 관련한 등기 상담이 있습니다.,부산 가덕도 법무사 업무 사례 | 상속등기·부동산등기 상담 안내,부산 가덕도에서 자주 문의되는 업무 | 참고용 업무 사례 | 상담 전 확인할 내용 | 방문·비대면 진행 안내 | 관련 지역 | 관련 업무,inheritance,부산,inheritance,consult,true,,true
/업무사례/부산신항법무사,case,부산 부산신항 법무사 업무 사례 | … | 다옴법무사사무소,부산 부산신항 법무사 업무 사례와 상담 안내. 상속등기·부동산등기·법인등기·개인회생. 다옴법무사사무소 안윤정 법무사. 신항 물류·산업 배후의 공장·창고·법인등기 문의가 많은 업무 권역입니다.,부산 부산신항 법무사 업무 사례 | 상속등기·부동산등기 상담 안내,부산 부산신항에서 자주 문의되는 업무 | 참고용 업무 사례 | 상담 전 확인할 내용 | 방문·비대면 진행 안내 | 관련 지역 | 관련 업무,inheritance,부산,inheritance,consult,true,,true
/업무사례/부산가덕도신공항법무사,case,부산 가덕도신공항 법무사 업무 사례 … | 다옴법무사사무소,부산 가덕도신공항 법무사 업무 사례와 상담 안내. 상속등기·부동산등기·법인등기·개인회생. 다옴법무사사무소 안윤정 법무사. 신공항 계획 권역과 맞닿은 토지·사업장 권리 상담이 있습니다.,부산 가덕도신공항 법무사 업무 사례 | 상속등기·부동산등기 상담 안내,부산 가덕도신공항에서 자주 문의되는 업무 | 참고용 업무 사례 | 상담 전 확인할 내용 | 방문·비대면 진행 안내 | 관련 지역 | 관련 업무,inheritance,부산,inheritance,consult,true,,true
/업무사례/부산서부산권법무사,case,부산 서부산권 법무사 업무 사례 | … | 다옴법무사사무소,부산 서부산권 법무사 업무 사례와 상담 안내. 상속등기·부동산등기·법인등기·개인회생. 다옴법무사사무소 안윤정 법무사. 서부산 산업·신도시 권역의 법인·부동산등기 일정을 맞추는 상담이 있습니다.,부산 서부산권 법무사 업무 사례 | 상속등기·부동산등기 상담 안내,부산 서부산권에서 자주 문의되는 업무 | 참고용 업무 사례 | 상담 전 확인할 내용 | 방문·비대면 진행 안내 | 관련 지역 | 관련 업무,inheritance,부산,inheritance,consult,true,,true
/업무사례/부산국제산업물류도시법무사,case,부산 국제산업물류도시 법무사 업무 사… | 다옴법무사사무소,부산 국제산업물류도시 법무사 업무 사례와 상담 안내. 상속등기·부동산등기·법인등기·개인회생. 다옴법무사사무소 안윤정 법무사. 물류·산업단지 입주 기업의 등기·법인 변경 문의가 있습니다.,부산 국제산업물류도시 법무사 업무 사례 | 상속등기·부동산등기 상담 안내,부산 국제산업물류도시에서 자주 문의되는 업무 | 참고용 업무 사례 | 상담 전 확인할 내용 | 방문·비대면 진행 안내 | 관련 지역 | 관련 업무,inheritance,부산,inheritance,consult,true,,true
/업무사례/부산연구개발특구법무사,case,부산 부산연구개발특구 법무사 업무 사… | 다옴법무사사무소,부산 부산연구개발특구 법무사 업무 사례와 상담 안내. 상속등기·부동산등기·법인등기·개인회생. 다옴법무사사무소 안윤정 법무사. R&D·특구 입주 기업의 법인등기 상담이 이어집니다.,부산 부산연구개발특구 법무사 업무 사례 | 상속등기·부동산등기 상담 안내,부산 부산연구개발특구에서 자주 문의되는 업무 | 참고용 업무 사례 | 상담 전 확인할 내용 | 방문·비대면 진행 안내 | 관련 지역 | 관련 업무,inheritance,부산,inheritance,consult,true,,true
/업무사례/부산녹산국가산업단지법무사,case,부산 녹산국가산업단지 법무사 업무 사… | 다옴법무사사무소,부산 녹산국가산업단지 법무사 업무 사례와 상담 안내. 상속등기·부동산등기·법인등기·개인회생. 다옴법무사사무소 안윤정 법무사. 녹산산단 공장·사업장 부동산·법인등기 문의가 많은 산업 권역입니다.,부산 녹산국가산업단지 법무사 업무 사례 | 상속등기·부동산등기 상담 안내,부산 녹산국가산업단지에서 자주 문의되는 업무 | 참고용 업무 사례 | 상담 전 확인할 내용 | 방문·비대면 진행 안내 | 관련 지역 | 관련 업무,inheritance,부산,inheritance,consult,true,,true
/업무사례/부산시청법무사,case,부산 부산시청 법무사 업무 사례 | … | 다옴법무사사무소,부산 부산시청 법무사 업무 사례와 상담 안내. 상속등기·부동산등기·법인등기·개인회생. 다옴법무사사무소 안윤정 법무사. 시청 인근 업무·주거 생활권의 등기·법인 상담이 있습니다.,부산 부산시청 법무사 업무 사례 | 상속등기·부동산등기 상담 안내,부산 부산시청에서 자주 문의되는 업무 | 참고용 업무 사례 | 상담 전 확인할 내용 | 방문·비대면 진행 안내 | 관련 지역 | 관련 업무,inheritance,부산,inheritance,consult,true,,true
/업무사례/부산법원법무사,case,부산 부산법원 법무사 업무 사례 | … | 다옴법무사사무소,부산 부산법원 법무사 업무 사례와 상담 안내. 상속등기·부동산등기·법인등기·개인회생. 다옴법무사사무소 안윤정 법무사. 법원 인근에서 소송·회생·등기 일정과 맞춘 법무사 업무 문의가 많은 거점입니다.,부산 부산법원 법무사 업무 사례 | 상속등기·부동산등기 상담 안내,부산 부산법원에서 자주 문의되는 업무 | 참고용 업무 사례 | 상담 전 확인할 내용 | 방문·비대면 진행 안내 | 관련 지역 | 관련 업무,inheritance,부산,inheritance,consult,false,,false
/업무사례/부산거제역법무사,case,부산 거제역 법무사 업무 사례 | 상… | 다옴법무사사무소,부산 거제역 법무사 업무 사례와 상담 안내. 상속등기·부동산등기·법인등기·개인회생. 다옴법무사사무소 안윤정 법무사. 거제 역세권·법원 생활권의 등기 상담이 이어집니다.,부산 거제역 법무사 업무 사례 | 상속등기·부동산등기 상담 안내,부산 거제역에서 자주 문의되는 업무 | 참고용 업무 사례 | 상담 전 확인할 내용 | 방문·비대면 진행 안내 | 관련 지역 | 관련 업무,inheritance,부산,inheritance,consult,false,,false
/업무사례/부산교대역법무사,case,부산 교대역 법무사 업무 사례 | 상… | 다옴법무사사무소,부산 교대역 법무사 업무 사례와 상담 안내. 상속등기·부동산등기·법인등기·개인회생. 다옴법무사사무소 안윤정 법무사. 교대 역세권 주거·상가 등기 문의가 있는 구간입니다.,부산 교대역 법무사 업무 사례 | 상속등기·부동산등기 상담 안내,부산 교대역에서 자주 문의되는 업무 | 참고용 업무 사례 | 상담 전 확인할 내용 | 방문·비대면 진행 안내 | 관련 지역 | 관련 업무,inheritance,부산,inheritance,consult,true,,true
/업무사례/부산연산역법무사,case,부산 연산역 법무사 업무 사례 | 상… | 다옴법무사사무소,부산 연산역 법무사 업무 사례와 상담 안내. 상속등기·부동산등기·법인등기·개인회생. 다옴법무사사무소 안윤정 법무사. 연산 교차 생활권의 상가·주거 등기 상담이 많은 거점입니다.,부산 연산역 법무사 업무 사례 | 상속등기·부동산등기 상담 안내,부산 연산역에서 자주 문의되는 업무 | 참고용 업무 사례 | 상담 전 확인할 내용 | 방문·비대면 진행 안내 | 관련 지역 | 관련 업무,inheritance,부산,inheritance,consult,true,,true
/업무사례/부산시청역법무사,case,부산 시청역 법무사 업무 사례 | 상… | 다옴법무사사무소,부산 시청역 법무사 업무 사례와 상담 안내. 상속등기·부동산등기·법인등기·개인회생. 다옴법무사사무소 안윤정 법무사. 시청 역세권 업무·주거 등기 문의가 있습니다.,부산 시청역 법무사 업무 사례 | 상속등기·부동산등기 상담 안내,부산 시청역에서 자주 문의되는 업무 | 참고용 업무 사례 | 상담 전 확인할 내용 | 방문·비대면 진행 안내 | 관련 지역 | 관련 업무,inheritance,부산,inheritance,consult,false,,false
/업무사례/부산연제구청법무사,case,부산 연제구청 법무사 업무 사례 | … | 다옴법무사사무소,부산 연제구청 법무사 업무 사례와 상담 안내. 상속등기·부동산등기·법인등기·개인회생. 다옴법무사사무소 안윤정 법무사. 구청 인근 행정·주거 생활권의 등기 상담입니다.,부산 연제구청 법무사 업무 사례 | 상속등기·부동산등기 상담 안내,부산 연제구청에서 자주 문의되는 업무 | 참고용 업무 사례 | 상담 전 확인할 내용 | 방문·비대면 진행 안내 | 관련 지역 | 관련 업무,inheritance,부산,inheritance,consult,false,,false
/업무사례/부산정관신도시법무사,case,부산 정관신도시 법무사 업무 사례 |… | 다옴법무사사무소,부산 정관신도시 법무사 업무 사례와 상담 안내. 상속등기·부동산등기·법인등기·개인회생. 다옴법무사사무소 안윤정 법무사. 정관 신도시 주거·산업단지와 맞물린 이전등기·법인 업무 문의가 많은 생활권입니다.,부산 정관신도시 법무사 업무 사례 | 상속등기·부동산등기 상담 안내,부산 정관신도시에서 자주 문의되는 업무 | 참고용 업무 사례 | 상담 전 확인할 내용 | 방문·비대면 진행 안내 | 관련 지역 | 관련 업무,inheritance,부산,inheritance,consult,true,,true
/업무사례/부산일광신도시법무사,case,부산 일광신도시 법무사 업무 사례 |… | 다옴법무사사무소,부산 일광신도시 법무사 업무 사례와 상담 안내. 상속등기·부동산등기·법인등기·개인회생. 다옴법무사사무소 안윤정 법무사. 일광 신도시·해안 주거의 신축·분양·이전등기 상담이 이어집니다.,부산 일광신도시 법무사 업무 사례 | 상속등기·부동산등기 상담 안내,부산 일광신도시에서 자주 문의되는 업무 | 참고용 업무 사례 | 상담 전 확인할 내용 | 방문·비대면 진행 안내 | 관련 지역 | 관련 업무,inheritance,부산,inheritance,consult,true,,true
/업무사례/부산오시리아법무사,case,부산 오시리아 법무사 업무 사례 | … | 다옴법무사사무소,부산 오시리아 법무사 업무 사례와 상담 안내. 상속등기·부동산등기·법인등기·개인회생. 다옴법무사사무소 안윤정 법무사. 오시리아 관광·상업단지 배후의 부동산·법인등기 문의가 있는 권역입니다.,부산 오시리아 법무사 업무 사례 | 상속등기·부동산등기 상담 안내,부산 오시리아에서 자주 문의되는 업무 | 참고용 업무 사례 | 상담 전 확인할 내용 | 방문·비대면 진행 안내 | 관련 지역 | 관련 업무,inheritance,부산,inheritance,consult,true,,true
/업무사례/부산동부산관광단지법무사,case,부산 동부산관광단지 법무사 업무 사례… | 다옴법무사사무소,부산 동부산관광단지 법무사 업무 사례와 상담 안내. 상속등기·부동산등기·법인등기·개인회생. 다옴법무사사무소 안윤정 법무사. 동부산 관광단지 일대 상업·숙박·상가 권리 상담이 있습니다.,부산 동부산관광단지 법무사 업무 사례 | 상속등기·부동산등기 상담 안내,부산 동부산관광단지에서 자주 문의되는 업무 | 참고용 업무 사례 | 상담 전 확인할 내용 | 방문·비대면 진행 안내 | 관련 지역 | 관련 업무,inheritance,부산,inheritance,consult,false,,false
/업무사례/부산기장시장법무사,case,부산 기장시장 법무사 업무 사례 | … | 다옴법무사사무소,부산 기장시장 법무사 업무 사례와 상담 안내. 상속등기·부동산등기·법인등기·개인회생. 다옴법무사사무소 안윤정 법무사. 기장읍 시장·주거 생활권의 상가·주택 등기 문의가 있습니다.,부산 기장시장 법무사 업무 사례 | 상속등기·부동산등기 상담 안내,부산 기장시장에서 자주 문의되는 업무 | 참고용 업무 사례 | 상담 전 확인할 내용 | 방문·비대면 진행 안내 | 관련 지역 | 관련 업무,inheritance,부산,inheritance,consult,true,,true
/업무사례/부산기장역법무사,case,부산 기장역 법무사 업무 사례 | 상… | 다옴법무사사무소,부산 기장역 법무사 업무 사례와 상담 안내. 상속등기·부동산등기·법인등기·개인회생. 다옴법무사사무소 안윤정 법무사. 기장 역세권 주거·상가 등기 상담이 있는 거점입니다.,부산 기장역 법무사 업무 사례 | 상속등기·부동산등기 상담 안내,부산 기장역에서 자주 문의되는 업무 | 참고용 업무 사례 | 상담 전 확인할 내용 | 방문·비대면 진행 안내 | 관련 지역 | 관련 업무,inheritance,부산,inheritance,consult,true,,true
/업무사례/부산일광역법무사,case,부산 일광역 법무사 업무 사례 | 상… | 다옴법무사사무소,부산 일광역 법무사 업무 사례와 상담 안내. 상속등기·부동산등기·법인등기·개인회생. 다옴법무사사무소 안윤정 법무사. 일광 역세권·신도시 등기 문의가 이어집니다.,부산 일광역 법무사 업무 사례 | 상속등기·부동산등기 상담 안내,부산 일광역에서 자주 문의되는 업무 | 참고용 업무 사례 | 상담 전 확인할 내용 | 방문·비대면 진행 안내 | 관련 지역 | 관련 업무,inheritance,부산,inheritance,consult,false,,false
/업무사례/부산일광해수욕장법무사,case,부산 일광해수욕장 법무사 업무 사례 … | 다옴법무사사무소,부산 일광해수욕장 법무사 업무 사례와 상담 안내. 상속등기·부동산등기·법인등기·개인회생. 다옴법무사사무소 안윤정 법무사. 일광 해변 생활권의 부동산등기 상담이 있습니다.,부산 일광해수욕장 법무사 업무 사례 | 상속등기·부동산등기 상담 안내,부산 일광해수욕장에서 자주 문의되는 업무 | 참고용 업무 사례 | 상담 전 확인할 내용 | 방문·비대면 진행 안내 | 관련 지역 | 관련 업무,inheritance,부산,inheritance,consult,true,,true
/업무사례/부산롯데월드어드벤처법무사,case,부산 롯데월드어드벤처부산 법무사 업무… | 다옴법무사사무소,부산 롯데월드어드벤처부산 법무사 업무 사례와 상담 안내. 상속등기·부동산등기·법인등기·개인회생. 다옴법무사사무소 안윤정 법무사. 오시리아 관광시설 배후 상업·부동산 상담 구간입니다.,부산 롯데월드어드벤처부산 법무사 업무 사례 | 상속등기·부동산등기 상담 안내,부산 롯데월드어드벤처부산에서 자주 문의되는 업무 | 참고용 업무 사례 | 상담 전 확인할 내용 | 방문·비대면 진행 안내 | 관련 지역 | 관련 업무,inheritance,부산,inheritance,consult,false,,false
/업무사례/부산동부산롯데아울렛법무사,case,부산 동부산롯데아울렛 법무사 업무 사… | 다옴법무사사무소,부산 동부산롯데아울렛 법무사 업무 사례와 상담 안내. 상속등기·부동산등기·법인등기·개인회생. 다옴법무사사무소 안윤정 법무사. 아울렛 상권 인근의 상업시설·부동산 등기 문의가 있습니다.,부산 동부산롯데아울렛 법무사 업무 사례 | 상속등기·부동산등기 상담 안내,부산 동부산롯데아울렛에서 자주 문의되는 업무 | 참고용 업무 사례 | 상담 전 확인할 내용 | 방문·비대면 진행 안내 | 관련 지역 | 관련 업무,inheritance,부산,inheritance,consult,false,,false
/업무사례/부산기장군청법무사,case,부산 기장군청 법무사 업무 사례 | … | 다옴법무사사무소,부산 기장군청 법무사 업무 사례와 상담 안내. 상속등기·부동산등기·법인등기·개인회생. 다옴법무사사무소 안윤정 법무사. 군청 인근 행정·주거 생활권의 등기 상담입니다.,부산 기장군청 법무사 업무 사례 | 상속등기·부동산등기 상담 안내,부산 기장군청에서 자주 문의되는 업무 | 참고용 업무 사례 | 상담 전 확인할 내용 | 방문·비대면 진행 안내 | 관련 지역 | 관련 업무,inheritance,부산,inheritance,consult,false,,false
/업무사례/부산정관산업단지법무사,case,부산 정관산업단지 법무사 업무 사례 … | 다옴법무사사무소,부산 정관산업단지 법무사 업무 사례와 상담 안내. 상속등기·부동산등기·법인등기·개인회생. 다옴법무사사무소 안윤정 법무사. 정관산단 입주 기업의 공장·법인등기 문의가 있습니다.,부산 정관산업단지 법무사 업무 사례 | 상속등기·부동산등기 상담 안내,부산 정관산업단지에서 자주 문의되는 업무 | 참고용 업무 사례 | 상담 전 확인할 내용 | 방문·비대면 진행 안내 | 관련 지역 | 관련 업무,inheritance,부산,inheritance,consult,true,,true
/업무사례/부산장안산업단지법무사,case,부산 장안산업단지 법무사 업무 사례 … | 다옴법무사사무소,부산 장안산업단지 법무사 업무 사례와 상담 안내. 상속등기·부동산등기·법인등기·개인회생. 다옴법무사사무소 안윤정 법무사. 장안산단 사업장·공장 등기 상담이 이어집니다.,부산 장안산업단지 법무사 업무 사례 | 상속등기·부동산등기 상담 안내,부산 장안산업단지에서 자주 문의되는 업무 | 참고용 업무 사례 | 상담 전 확인할 내용 | 방문·비대면 진행 안내 | 관련 지역 | 관련 업무,inheritance,부산,inheritance,consult,true,,true
/업무사례/부산명례산업단지법무사,case,부산 명례산업단지 법무사 업무 사례 … | 다옴법무사사무소,부산 명례산업단지 법무사 업무 사례와 상담 안내. 상속등기·부동산등기·법인등기·개인회생. 다옴법무사사무소 안윤정 법무사. 명례산단 입주 기업의 법인·부동산등기 문의가 있는 산업 권역입니다.,부산 명례산업단지 법무사 업무 사례 | 상속등기·부동산등기 상담 안내,부산 명례산업단지에서 자주 문의되는 업무 | 참고용 업무 사례 | 상담 전 확인할 내용 | 방문·비대면 진행 안내 | 관련 지역 | 관련 업무,inheritance,부산,inheritance,consult,true,,true
/업무사례/부산센텀2지구법무사,case,부산 센텀2지구 법무사 업무 사례 |… | 다옴법무사사무소,부산 센텀2지구 법무사 업무 사례와 상담 안내. 상속등기·부동산등기·법인등기·개인회생. 다옴법무사사무소 안윤정 법무사. 센텀2지구 도시첨단산업단지 인근 기업·부동산등기 상담이 이어지는 업무권역입니다.,부산 센텀2지구 법무사 업무 사례 | 상속등기·부동산등기 상담 안내,부산 센텀2지구에서 자주 문의되는 업무 | 참고용 업무 사례 | 상담 전 확인할 내용 | 방문·비대면 진행 안내 | 관련 지역 | 관련 업무,inheritance,부산,inheritance,consult,true,,true
/업무사례/부산센텀2지구도시첨단산업단지법무사,case,부산 센텀2지구도시첨단산업단지 법무사… | 다옴법무사사무소,부산 센텀2지구도시첨단산업단지 법무사 업무 사례와 상담 안내. 상속등기·부동산등기·법인등기·개인회생. 다옴법무사사무소 안윤정 법무사. 첨단산업단지 입주 기업의 법인·공장·사무실 등기 문의가 있습니다.,부산 센텀2지구도시첨단산업단지 법무사 업무 사례 | 상속등기·부동산등기 상담 안내,부산 센텀2지구도시첨단산업단지에서 자주 문의되는 업무 | 참고용 업무 사례 | 상담 전 확인할 내용 | 방문·비대면 진행 안내 | 관련 지역 | 관련 업무,inheritance,부산,inheritance,consult,false,,false
/업무사례/부산회동석대산업단지법무사,case,부산 회동석대산업단지 법무사 업무 사… | 다옴법무사사무소,부산 회동석대산업단지 법무사 업무 사례와 상담 안내. 상속등기·부동산등기·법인등기·개인회생. 다옴법무사사무소 안윤정 법무사. 회동·석대 산업단지 사업장의 부동산·법인등기 상담이 있습니다.,부산 회동석대산업단지 법무사 업무 사례 | 상속등기·부동산등기 상담 안내,부산 회동석대산업단지에서 자주 문의되는 업무 | 참고용 업무 사례 | 상담 전 확인할 내용 | 방문·비대면 진행 안내 | 관련 지역 | 관련 업무,inheritance,부산,inheritance,consult,true,,true
/업무사례/부산회동석대도시첨단산업단지법무사,case,부산 회동석대도시첨단산업단지 법무사 … | 다옴법무사사무소,부산 회동석대도시첨단산업단지 법무사 업무 사례와 상담 안내. 상속등기·부동산등기·법인등기·개인회생. 다옴법무사사무소 안윤정 법무사. 도시첨단산업단지 입주와 맞물린 등기 문의가 이어집니다.,부산 회동석대도시첨단산업단지 법무사 업무 사례 | 상속등기·부동산등기 상담 안내,부산 회동석대도시첨단산업단지에서 자주 문의되는 업무 | 참고용 업무 사례 | 상담 전 확인할 내용 | 방문·비대면 진행 안내 | 관련 지역 | 관련 업무,inheritance,부산,inheritance,consult,false,,false
/업무사례/부산진해경제자유구역법무사,case,부산 부산진해경제자유구역 법무사 업무… | 다옴법무사사무소,부산 부산진해경제자유구역 법무사 업무 사례와 상담 안내. 상속등기·부동산등기·법인등기·개인회생. 다옴법무사사무소 안윤정 법무사. 경제자유구역 입주 기업의 법인·부동산등기 일정을 맞추는 상담이 있습니다.,부산 부산진해경제자유구역 법무사 업무 사례 | 상속등기·부동산등기 상담 안내,부산 부산진해경제자유구역에서 자주 문의되는 업무 | 참고용 업무 사례 | 상담 전 확인할 내용 | 방문·비대면 진행 안내 | 관련 지역 | 관련 업무,inheritance,부산,inheritance,consult,true,,true
/업무사례/부산미음산업단지법무사,case,부산 미음산업단지 법무사 업무 사례 … | 다옴법무사사무소,부산 미음산업단지 법무사 업무 사례와 상담 안내. 상속등기·부동산등기·법인등기·개인회생. 다옴법무사사무소 안윤정 법무사. 미음산단 공장·창고 등기 문의가 있는 산업 권역입니다.,부산 미음산업단지 법무사 업무 사례 | 상속등기·부동산등기 상담 안내,부산 미음산업단지에서 자주 문의되는 업무 | 참고용 업무 사례 | 상담 전 확인할 내용 | 방문·비대면 진행 안내 | 관련 지역 | 관련 업무,inheritance,부산,inheritance,consult,true,,true
/업무사례/부산화전산업단지법무사,case,부산 화전산업단지 법무사 업무 사례 … | 다옴법무사사무소,부산 화전산업단지 법무사 업무 사례와 상담 안내. 상속등기·부동산등기·법인등기·개인회생. 다옴법무사사무소 안윤정 법무사. 화전산단 사업장 등기·법인 변경 상담이 이어집니다.,부산 화전산업단지 법무사 업무 사례 | 상속등기·부동산등기 상담 안내,부산 화전산업단지에서 자주 문의되는 업무 | 참고용 업무 사례 | 상담 전 확인할 내용 | 방문·비대면 진행 안내 | 관련 지역 | 관련 업무,inheritance,부산,inheritance,consult,true,,true
/업무사례/부산생곡산업단지법무사,case,부산 생곡산업단지 법무사 업무 사례 … | 다옴법무사사무소,부산 생곡산업단지 법무사 업무 사례와 상담 안내. 상속등기·부동산등기·법인등기·개인회생. 다옴법무사사무소 안윤정 법무사. 생곡산단 입주 기업의 부동산·법인등기 문의가 있습니다.,부산 생곡산업단지 법무사 업무 사례 | 상속등기·부동산등기 상담 안내,부산 생곡산업단지에서 자주 문의되는 업무 | 참고용 업무 사례 | 상담 전 확인할 내용 | 방문·비대면 진행 안내 | 관련 지역 | 관련 업무,inheritance,부산,inheritance,consult,true,,true
/업무사례/부산지사과학산업단지법무사,case,부산 지사과학산업단지 법무사 업무 사… | 다옴법무사사무소,부산 지사과학산업단지 법무사 업무 사례와 상담 안내. 상속등기·부동산등기·법인등기·개인회생. 다옴법무사사무소 안윤정 법무사. 지사 과학·글로벌 산업단지 기업의 등기 상담이 있는 권역입니다.,부산 지사과학산업단지 법무사 업무 사례 | 상속등기·부동산등기 상담 안내,부산 지사과학산업단지에서 자주 문의되는 업무 | 참고용 업무 사례 | 상담 전 확인할 내용 | 방문·비대면 진행 안내 | 관련 지역 | 관련 업무,inheritance,부산,inheritance,consult,true,,true
/업무사례/부산지사글로벌산업단지법무사,case,부산 지사글로벌산업단지 법무사 업무 … | 다옴법무사사무소,부산 지사글로벌산업단지 법무사 업무 사례와 상담 안내. 상속등기·부동산등기·법인등기·개인회생. 다옴법무사사무소 안윤정 법무사. 글로벌산단 입주와 맞물린 법인·공장등기 문의가 있습니다.,부산 지사글로벌산업단지 법무사 업무 사례 | 상속등기·부동산등기 상담 안내,부산 지사글로벌산업단지에서 자주 문의되는 업무 | 참고용 업무 사례 | 상담 전 확인할 내용 | 방문·비대면 진행 안내 | 관련 지역 | 관련 업무,inheritance,부산,inheritance,consult,false,,false
/업무사례/부산서부산복합산업단지법무사,case,부산 서부산복합산업단지 법무사 업무 … | 다옴법무사사무소,부산 서부산복합산업단지 법무사 업무 사례와 상담 안내. 상속등기·부동산등기·법인등기·개인회생. 다옴법무사사무소 안윤정 법무사. 서부산 복합산단 사업장 등기 일정을 맞추는 상담이 있습니다.,부산 서부산복합산업단지 법무사 업무 사례 | 상속등기·부동산등기 상담 안내,부산 서부산복합산업단지에서 자주 문의되는 업무 | 참고용 업무 사례 | 상담 전 확인할 내용 | 방문·비대면 진행 안내 | 관련 지역 | 관련 업무,inheritance,부산,inheritance,consult,true,,true
/업무사례/부산강서해성산업단지법무사,case,부산 강서해성산업단지 법무사 업무 사… | 다옴법무사사무소,부산 강서해성산업단지 법무사 업무 사례와 상담 안내. 상속등기·부동산등기·법인등기·개인회생. 다옴법무사사무소 안윤정 법무사. 강서 해성산단 인근 공장·법인등기 문의가 이어집니다.,부산 강서해성산업단지 법무사 업무 사례 | 상속등기·부동산등기 상담 안내,부산 강서해성산업단지에서 자주 문의되는 업무 | 참고용 업무 사례 | 상담 전 확인할 내용 | 방문·비대면 진행 안내 | 관련 지역 | 관련 업무,inheritance,부산,inheritance,consult,true,,true
/업무사례/부산명동산업단지법무사,case,부산 명동산업단지 법무사 업무 사례 … | 다옴법무사사무소,부산 명동산업단지 법무사 업무 사례와 상담 안내. 상속등기·부동산등기·법인등기·개인회생. 다옴법무사사무소 안윤정 법무사. 명동산단 사업장 부동산등기 상담이 있습니다.,부산 명동산업단지 법무사 업무 사례 | 상속등기·부동산등기 상담 안내,부산 명동산업단지에서 자주 문의되는 업무 | 참고용 업무 사례 | 상담 전 확인할 내용 | 방문·비대면 진행 안내 | 관련 지역 | 관련 업무,inheritance,부산,inheritance,consult,true,,true
/업무사례/부산명서산업단지법무사,case,부산 명서산업단지 법무사 업무 사례 … | 다옴법무사사무소,부산 명서산업단지 법무사 업무 사례와 상담 안내. 상속등기·부동산등기·법인등기·개인회생. 다옴법무사사무소 안윤정 법무사. 명서산단 입주 기업의 등기·법인 변경 문의가 있습니다.,부산 명서산업단지 법무사 업무 사례 | 상속등기·부동산등기 상담 안내,부산 명서산업단지에서 자주 문의되는 업무 | 참고용 업무 사례 | 상담 전 확인할 내용 | 방문·비대면 진행 안내 | 관련 지역 | 관련 업무,inheritance,부산,inheritance,consult,true,,true
/업무사례/부산신평장림산업단지법무사,case,부산 신평장림산업단지 법무사 업무 사… | 다옴법무사사무소,부산 신평장림산업단지 법무사 업무 사례와 상담 안내. 상속등기·부동산등기·법인등기·개인회생. 다옴법무사사무소 안윤정 법무사. 신평·장림 산업벨트 공장·창고 등기 문의가 많은 권역입니다.,부산 신평장림산업단지 법무사 업무 사례 | 상속등기·부동산등기 상담 안내,부산 신평장림산업단지에서 자주 문의되는 업무 | 참고용 업무 사례 | 상담 전 확인할 내용 | 방문·비대면 진행 안내 | 관련 지역 | 관련 업무,inheritance,부산,inheritance,consult,true,,true
/업무사례/부산서부산스마트밸리법무사,case,부산 서부산스마트밸리 법무사 업무 사… | 다옴법무사사무소,부산 서부산스마트밸리 법무사 업무 사례와 상담 안내. 상속등기·부동산등기·법인등기·개인회생. 다옴법무사사무소 안윤정 법무사. 스마트밸리 입주 기업의 법인·부동산등기 상담이 이어집니다.,부산 서부산스마트밸리 법무사 업무 사례 | 상속등기·부동산등기 상담 안내,부산 서부산스마트밸리에서 자주 문의되는 업무 | 참고용 업무 사례 | 상담 전 확인할 내용 | 방문·비대면 진행 안내 | 관련 지역 | 관련 업무,inheritance,부산,inheritance,consult,true,,true
/업무사례/부산산양산업단지법무사,case,부산 산양산업단지 법무사 업무 사례 … | 다옴법무사사무소,부산 산양산업단지 법무사 업무 사례와 상담 안내. 상속등기·부동산등기·법인등기·개인회생. 다옴법무사사무소 안윤정 법무사. 산양산단 사업장 등기 문의가 있는 산업 구간입니다.,부산 산양산업단지 법무사 업무 사례 | 상속등기·부동산등기 상담 안내,부산 산양산업단지에서 자주 문의되는 업무 | 참고용 업무 사례 | 상담 전 확인할 내용 | 방문·비대면 진행 안내 | 관련 지역 | 관련 업무,inheritance,부산,inheritance,consult,true,,true
/업무사례/부산사상산업단지법무사,case,부산 사상산업단지 법무사 업무 사례 … | 다옴법무사사무소,부산 사상산업단지 법무사 업무 사례와 상담 안내. 상속등기·부동산등기·법인등기·개인회생. 다옴법무사사무소 안윤정 법무사. 사상 산업·재생 권역의 공장·법인등기 상담이 있습니다.,부산 사상산업단지 법무사 업무 사례 | 상속등기·부동산등기 상담 안내,부산 사상산업단지에서 자주 문의되는 업무 | 참고용 업무 사례 | 상담 전 확인할 내용 | 방문·비대면 진행 안내 | 관련 지역 | 관련 업무,inheritance,부산,inheritance,consult,false,,false
/업무사례/부산사상재생사업지구법무사,case,부산 사상재생사업지구 법무사 업무 사… | 다옴법무사사무소,부산 사상재생사업지구 법무사 업무 사례와 상담 안내. 상속등기·부동산등기·법인등기·개인회생. 다옴법무사사무소 안윤정 법무사. 재생사업과 맞물린 부동산·사업장 권리 상담이 있습니다.,부산 사상재생사업지구 법무사 업무 사례 | 상속등기·부동산등기 상담 안내,부산 사상재생사업지구에서 자주 문의되는 업무 | 참고용 업무 사례 | 상담 전 확인할 내용 | 방문·비대면 진행 안내 | 관련 지역 | 관련 업무,inheritance,부산,inheritance,consult,true,,true
/업무사례/부산모라도시첨단산업단지법무사,case,부산 모라도시첨단산업단지 법무사 업무… | 다옴법무사사무소,부산 모라도시첨단산업단지 법무사 업무 사례와 상담 안내. 상속등기·부동산등기·법인등기·개인회생. 다옴법무사사무소 안윤정 법무사. 모라 첨단산단 입주 기업의 등기 문의가 이어집니다.,부산 모라도시첨단산업단지 법무사 업무 사례 | 상속등기·부동산등기 상담 안내,부산 모라도시첨단산업단지에서 자주 문의되는 업무 | 참고용 업무 사례 | 상담 전 확인할 내용 | 방문·비대면 진행 안내 | 관련 지역 | 관련 업무,inheritance,부산,inheritance,consult,true,,true
/업무사례/부산금곡도시첨단산업단지법무사,case,부산 금곡도시첨단산업단지 법무사 업무… | 다옴법무사사무소,부산 금곡도시첨단산업단지 법무사 업무 사례와 상담 안내. 상속등기·부동산등기·법인등기·개인회생. 다옴법무사사무소 안윤정 법무사. 금곡 첨단산단 기업의 법인·부동산등기 상담이 있습니다.,부산 금곡도시첨단산업단지 법무사 업무 사례 | 상속등기·부동산등기 상담 안내,부산 금곡도시첨단산업단지에서 자주 문의되는 업무 | 참고용 업무 사례 | 상담 전 확인할 내용 | 방문·비대면 진행 안내 | 관련 지역 | 관련 업무,inheritance,부산,inheritance,consult,true,,true
/업무사례/부산정관농공단지법무사,case,부산 정관농공단지 법무사 업무 사례 … | 다옴법무사사무소,부산 정관농공단지 법무사 업무 사례와 상담 안내. 상속등기·부동산등기·법인등기·개인회생. 다옴법무사사무소 안윤정 법무사. 정관 농공단지 사업장 등기 문의가 있는 구간입니다.,부산 정관농공단지 법무사 업무 사례 | 상속등기·부동산등기 상담 안내,부산 정관농공단지에서 자주 문의되는 업무 | 참고용 업무 사례 | 상담 전 확인할 내용 | 방문·비대면 진행 안내 | 관련 지역 | 관련 업무,inheritance,부산,inheritance,consult,false,,false
/업무사례/부산반룡산업단지법무사,case,부산 반룡산업단지 법무사 업무 사례 … | 다옴법무사사무소,부산 반룡산업단지 법무사 업무 사례와 상담 안내. 상속등기·부동산등기·법인등기·개인회생. 다옴법무사사무소 안윤정 법무사. 반룡산단 입주 기업의 공장·법인등기 상담이 있습니다.,부산 반룡산업단지 법무사 업무 사례 | 상속등기·부동산등기 상담 안내,부산 반룡산업단지에서 자주 문의되는 업무 | 참고용 업무 사례 | 상담 전 확인할 내용 | 방문·비대면 진행 안내 | 관련 지역 | 관련 업무,inheritance,부산,inheritance,consult,true,,true
/업무사례/부산에코장안산업단지법무사,case,부산 에코장안산업단지 법무사 업무 사… | 다옴법무사사무소,부산 에코장안산업단지 법무사 업무 사례와 상담 안내. 상속등기·부동산등기·법인등기·개인회생. 다옴법무사사무소 안윤정 법무사. 에코장안산단 사업장 등기 일정을 맞추는 상담이 이어집니다.,부산 에코장안산업단지 법무사 업무 사례 | 상속등기·부동산등기 상담 안내,부산 에코장안산업단지에서 자주 문의되는 업무 | 참고용 업무 사례 | 상담 전 확인할 내용 | 방문·비대면 진행 안내 | 관련 지역 | 관련 업무,inheritance,부산,inheritance,consult,true,,true
/업무사례/부산동남권방사선의과학산업단지법무사,case,부산 동남권방사선의과학산업단지 법무사… | 다옴법무사사무소,부산 동남권방사선의과학산업단지 법무사 업무 사례와 상담 안내. 상속등기·부동산등기·법인등기·개인회생. 다옴법무사사무소 안윤정 법무사. 방사선의과학산단 입주 기관·기업의 법인·부동산등기 문의가 있습니다.,부산 동남권방사선의과학산업단지 법무사 업무 사례 | 상속등기·부동산등기 상담 안내,부산 동남권방사선의과학산업단지에서 자주 문의되는 업무 | 참고용 업무 사례 | 상담 전 확인할 내용 | 방문·비대면 진행 안내 | 관련 지역 | 관련 업무,inheritance,부산,inheritance,consult,true,,true
/업무사례/부산지방법원법무사,case,부산지방법원 법무사 업무 사례 | 상… | 다옴법무사사무소,부산지방법원 법무사 업무 사례와 상담 안내. 상속등기·부동산등기·법인등기·개인회생. 다옴법무사사무소 안윤정 법무사. 거제동 부산지방법원 인근에서 민사·등기·소송 일정과 맞춘 법무사 업무 문의가 많은 권역입니다.,부산지방법원 법무사 업무 사례 | 상속등기·부동산등기 상담 안내,부산지방법원에서 자주 문의되는 업무 | 참고용 업무 사례 | 상담 전 확인할 내용 | 방문·비대면 진행 안내 | 관련 지역 | 관련 업무,inheritance,부산,inheritance,consult,true,,true
/업무사례/부산고등법원법무사,case,부산고등법원 법무사 업무 사례 | 상… | 다옴법무사사무소,부산고등법원 법무사 업무 사례와 상담 안내. 상속등기·부동산등기·법인등기·개인회생. 다옴법무사사무소 안윤정 법무사. 고등법원 인근에서 항소·소송 일정과 연결된 서류·등기 상담이 이어지는 구간입니다.,부산고등법원 법무사 업무 사례 | 상속등기·부동산등기 상담 안내,부산고등법원에서 자주 문의되는 업무 | 참고용 업무 사례 | 상담 전 확인할 내용 | 방문·비대면 진행 안내 | 관련 지역 | 관련 업무,inheritance,부산,inheritance,consult,false,,false
/업무사례/부산가정법원법무사,case,부산가정법원 법무사 업무 사례 | 상… | 다옴법무사사무소,부산가정법원 법무사 업무 사례와 상담 안내. 상속등기·부동산등기·법인등기·개인회생. 다옴법무사사무소 안윤정 법무사. 가정법원 사건의 상속·가족관계 서류와 맞물린 등기·상담 일정을 정리하는 문의가 있습니다.,부산가정법원 법무사 업무 사례 | 상속등기·부동산등기 상담 안내,부산가정법원에서 자주 문의되는 업무 | 참고용 업무 사례 | 상담 전 확인할 내용 | 방문·비대면 진행 안내 | 관련 지역 | 관련 업무,inheritance,부산,inheritance,consult,true,,true
/업무사례/부산회생법원법무사,case,부산회생법원 법무사 업무 사례 | 상… | 다옴법무사사무소,부산회생법원 법무사 업무 사례와 상담 안내. 상속등기·부동산등기·법인등기·개인회생. 다옴법무사사무소 안윤정 법무사. 회생·파산 절차와 병행되는 서류·재산 목록·등기 관련 상담이 이어지는 권역입니다.,부산회생법원 법무사 업무 사례 | 상속등기·부동산등기 상담 안내,부산회생법원에서 자주 문의되는 업무 | 참고용 업무 사례 | 상담 전 확인할 내용 | 방문·비대면 진행 안내 | 관련 지역 | 관련 업무,inheritance,부산,inheritance,consult,true,,true
/업무사례/부산지방법원등기국법무사,case,부산지방법원등기국 법무사 업무 사례 … | 다옴법무사사무소,부산지방법원등기국 법무사 업무 사례와 상담 안내. 상속등기·부동산등기·법인등기·개인회생. 다옴법무사사무소 안윤정 법무사. 등기국 접수·보정 일정과 맞춘 부동산·법인등기 실무 문의가 많은 거점입니다.,부산지방법원등기국 법무사 업무 사례 | 상속등기·부동산등기 상담 안내,부산지방법원등기국에서 자주 문의되는 업무 | 참고용 업무 사례 | 상담 전 확인할 내용 | 방문·비대면 진행 안내 | 관련 지역 | 관련 업무,inheritance,부산,inheritance,consult,true,,true
/업무사례/부산거제동법원법무사,case,부산 거제동법원 법무사 업무 사례 |… | 다옴법무사사무소,부산 거제동법원 법무사 업무 사례와 상담 안내. 상속등기·부동산등기·법인등기·개인회생. 다옴법무사사무소 안윤정 법무사. 거제동 법원 생활권에서 소송·등기 일정을 함께 맞추는 상담이 있습니다.,부산 거제동법원 법무사 업무 사례 | 상속등기·부동산등기 상담 안내,부산 거제동법원에서 자주 문의되는 업무 | 참고용 업무 사례 | 상담 전 확인할 내용 | 방문·비대면 진행 안내 | 관련 지역 | 관련 업무,inheritance,부산,inheritance,consult,false,,false
/업무사례/부산동부지원법무사,case,부산동부지원 법무사 업무 사례 | 상… | 다옴법무사사무소,부산동부지원 법무사 업무 사례와 상담 안내. 상속등기·부동산등기·법인등기·개인회생. 다옴법무사사무소 안윤정 법무사. 해운대 동부지원 인근에서 동부산 생활권 사건의 소송·등기 일정 상담이 이어집니다.,부산동부지원 법무사 업무 사례 | 상속등기·부동산등기 상담 안내,부산동부지원에서 자주 문의되는 업무 | 참고용 업무 사례 | 상담 전 확인할 내용 | 방문·비대면 진행 안내 | 관련 지역 | 관련 업무,inheritance,부산,inheritance,consult,true,,true
/업무사례/부산해운대동부지원법무사,case,부산 해운대동부지원 법무사 업무 사례… | 다옴법무사사무소,부산 해운대동부지원 법무사 업무 사례와 상담 안내. 상속등기·부동산등기·법인등기·개인회생. 다옴법무사사무소 안윤정 법무사. 동부지원 관할 사건의 서류·등기 일정을 맞추는 문의가 있는 권역입니다.,부산 해운대동부지원 법무사 업무 사례 | 상속등기·부동산등기 상담 안내,부산 해운대동부지원에서 자주 문의되는 업무 | 참고용 업무 사례 | 상담 전 확인할 내용 | 방문·비대면 진행 안내 | 관련 지역 | 관련 업무,inheritance,부산,inheritance,consult,false,,false
/업무사례/부산서부지원법무사,case,부산서부지원 법무사 업무 사례 | 상… | 다옴법무사사무소,부산서부지원 법무사 업무 사례와 상담 안내. 상속등기·부동산등기·법인등기·개인회생. 다옴법무사사무소 안윤정 법무사. 강서 서부지원 인근에서 서부산 권역 사건의 소송·등기 상담이 있습니다.,부산서부지원 법무사 업무 사례 | 상속등기·부동산등기 상담 안내,부산서부지원에서 자주 문의되는 업무 | 참고용 업무 사례 | 상담 전 확인할 내용 | 방문·비대면 진행 안내 | 관련 지역 | 관련 업무,inheritance,부산,inheritance,consult,true,,true
/업무사례/부산강서서부지원법무사,case,부산 강서서부지원 법무사 업무 사례 … | 다옴법무사사무소,부산 강서서부지원 법무사 업무 사례와 상담 안내. 상속등기·부동산등기·법인등기·개인회생. 다옴법무사사무소 안윤정 법무사. 서부지원 관할과 맞닿은 서부산 생활권의 법무사 업무 문의가 이어집니다.,부산 강서서부지원 법무사 업무 사례 | 상속등기·부동산등기 상담 안내,부산 강서서부지원에서 자주 문의되는 업무 | 참고용 업무 사례 | 상담 전 확인할 내용 | 방문·비대면 진행 안내 | 관련 지역 | 관련 업무,inheritance,부산,inheritance,consult,false,,false
/업무사례/부산서부지원등기과법무사,case,부산서부지원등기과 법무사 업무 사례 … | 다옴법무사사무소,부산서부지원등기과 법무사 업무 사례와 상담 안내. 상속등기·부동산등기·법인등기·개인회생. 다옴법무사사무소 안윤정 법무사. 서부지원 등기과 접수·보정과 맞춘 부동산·법인등기 실무 상담이 있습니다.,부산서부지원등기과 법무사 업무 사례 | 상속등기·부동산등기 상담 안내,부산서부지원등기과에서 자주 문의되는 업무 | 참고용 업무 사례 | 상담 전 확인할 내용 | 방문·비대면 진행 안내 | 관련 지역 | 관련 업무,inheritance,부산,inheritance,consult,false,,false
/업무사례/부산등기국법무사,case,부산등기국 법무사 업무 사례 | 상속… | 다옴법무사사무소,부산등기국 법무사 업무 사례와 상담 안내. 상속등기·부동산등기·법인등기·개인회생. 다옴법무사사무소 안윤정 법무사. 등기 접수·보정·완료 확인 일정을 맞추는 실무 문의가 많은 거점입니다.,부산등기국 법무사 업무 사례 | 상속등기·부동산등기 상담 안내,부산등기국에서 자주 문의되는 업무 | 참고용 업무 사례 | 상담 전 확인할 내용 | 방문·비대면 진행 안내 | 관련 지역 | 관련 업무,inheritance,부산,inheritance,consult,false,,false
/전국업무,pillar,전국 법무사 업무｜지역이 달라도 비대… | 다옴법무사사무소,"부산 다옴법무사사무소의 전국 법무사 업무 안내. 상속·유증 관할 특례, 타지역 본점이전, 공동담보, 법정 관할을 지키는 비대면 진행을 구분하여 안내합니다.",부산에 방문하지 않아도 맡길 수 있는 전국 법무사 업무,전국에서 맡길 수 있는 업무 한눈에 보기 | 관할 특례가 적용되는 업무 | 법정 관할은 있지만 비대면으로 끝까지 진행할 수 있는 업무 | 서류 전달과 비용 확인 | 전국 의뢰 진행 절차 | 멀리 있는 법무사에게 맡겨도 되는 이유 | 비용 안내 방식 | 서류 전달과 본인확인 방식,real-estate,부산,real-estate,commercial,true,,true
/전국상속등기,pillar,전국 상속등기 법무사｜지역이 달라도 … | 다옴법무사사무소,"전국 상속등기 법무사 안내. 타지역·비대면 상속등기, 여러 지역 상속부동산, 관할 특례 검토. 부산 방문 없이 바로 상담·진행해 보세요. 해운대·센텀 다옴법무사사무소에서 전화·카카오톡·방문(예약) 상담이 가능합니다.",전국 어디서나 맡길 수 있는 상속등기,전국 상속등기가 가능한 이유 | 상속등기 관할 특례를 쉬운 말로 | 부동산이 여러 지역에 있을 때 | 상속인이 서로 다른 지역에 거주할 때 | 서류 준비와 원본 전달 | 취득세·국민주택채권·등기비용 | 멀리 있어도 맡길 수 있는 이유,inheritance,,inheritance,commercial,true,,true
/전국유증등기,pillar,전국 유증등기 법무사｜유언에 따른 부… | 다옴법무사사무소,"전국 유증등기 법무사 안내. 포괄·특정유증, 유언공정증서, 유언집행자, 해외 수증자, 관할 특례와 필요서류·비용을 구분하여 안내합니다. 해운대·센텀 다옴법무사사무소에서 전화·카카오톡·방문(예약) 상담이 가능합니다.",부동산 소재지가 달라도 진행할 수 있는 유증등기,유증등기가 상속등기와 다른 점 | 유언공정증서·유언집행자가 있는 경우 | 유증등기 관할 특례 | 멀리 있어도 맡길 수 있는 이유 | 상담 시 확인하는 내용,inheritance,,inheritance,commercial,true,,true
/여러지역상속부동산등기,pillar,전국에 흩어진 상속부동산 등기｜여러 … | 다옴법무사사무소,서울·부산·경기·제주 등 여러 지역 상속부동산 등기. 등기부·시가·취득세·협의분할·일부 매도 일정을 한 곳에서 검토합니다. 해운대·센텀 다옴법무사사무소에서 전화·카카오톡·방문(예약) 상담이 가능합니다.,서울·부산·경기·제주에 흩어진 상속부동산을 한 번에 정리하려면,여러 시·도 부동산이 있을 때 생기는 문제 | 누락 방지 체크리스트 | 관할 특례 적용 가능 여부 | 멀리 있어도 맡길 수 있는 이유 | 상담 시 확인하는 내용,inheritance,부산,inheritance,informational,true,,true
/전국법인본점이전등기,pillar,전국 법인 본점이전등기｜서울·경기·부… | 다옴법무사사무소,"전국 법인 본점이전등기. 서울↔부산, 부산→김해·양산, 관할 외 이전, 등록면허세·정관·임원변경 동시 진행을 비대면으로 끝까지 진행합니…",지역이 달라지는 법인 본점이전등기,관할 외 본점이전을 확인하는 순서 | 등록면허세와 비용 구분 | 멀리 있어도 맡길 수 있는 이유 | 상담 시 확인하는 내용,corporate,부산,corporate,informational,true,,true
/전국공동담보등기,pillar,전국 공동근저당권 등기｜여러 지역 부… | 다옴법무사사무소,전국 공동근저당권·공동담보등기. 여러 지역 부동산 공동담보 설정·추가·해지·채권최고액 변경. 일괄 신청 가능 여부는 사건별 확인. 해운대·센텀 다옴법무사사무소에서 전화·카카오톡·방문(예약) 상담이 가능합니다.,서로 다른 지역의 부동산을 공동담보로 제공하는 경우,하나의 관할에서 신청할 수 있는지 보는 기준 | 설정·추가·해지·변경 | 멀리 있어도 맡길 수 있는 이유 | 상담 시 확인하는 내용,real-estate,,real-estate,informational,true,,true
/업무사례/전국업무사례,case,전국 법무사 업무사례｜상속등기·유증등… | 다옴법무사사무소,"부산 다옴법무사사무소 전국 법무사 업무사례. 상속·유증 관할 특례, 본점이전, 공동근저당, 비대면 진행을 구분해 안내합니다. 지점 오인 없이 진행 바로 상담을 시작해 보세요.",부산에 방문하지 않아도 맡길 수 있는 전국 법무사 업무,"전국 상속등기, 부산 법무사에게 맡길 수 있을까 | 전국에서 자주 문의되는 상황 | 상속인이 다른 지역에 거주하는 경우 | 상속재산분할협의와 서류 준비 | 취득세·국민주택채권·등기신청수수료 | 비대면으로 진행하는 절차 | 전국에서 상담할 수 있는 업무 | 관할 특례가 적용될 수 있는 업무 | 법정 관할은 유지되지만 타지역 수임이 가능한 업무 | 타지역 법무사를 선택할 때 확인할 사항 | 법무사 보수와 공과금 구분",inheritance,부산,inheritance,commercial,true,,true
/업무사례/전국상속등기법무사,case,전국 상속등기 법무사｜타지역 부동산도 비대면 진행 | 다옴법무사사무소,"전국 상속등기 법무사 안내. 타지역·비대면 상속등기, 관할 특례, 해외 상속인, 취득세·공과금 구분. 부산 해운대 사무소에서 상담부터 신청까지 진행합니다.",전국 어디서나 맡길 수 있는 상속등기,전국 소재 부동산의 관할 특례 검토 | 전국 아파트·토지·상가가 섞인 경우 | 여러 지역 부동산을 함께 정리할 때 | 법무사 보수와 공과금 구분 | 원본서류 전달과 본인확인 | 상담 전 확인하면 좋은 항목,inheritance,,inheritance,commercial,true,,true
/업무사례/전국유증등기법무사,case,전국 유증등기 법무사｜유언에 따른 부… | 다옴법무사사무소,"전국 유증등기 법무사. 특정·포괄유증, 유언공정증서, 유언집행자, 해외 수증자, 관할 특례와 필요서류·비용을 상속등기와 구분해 안내합니…",부동산 소재지가 달라도 상담할 수 있는 유증등기,"전국 상속등기, 부산 법무사에게 맡길 수 있을까 | 전국에서 자주 문의되는 상황 | 상속인이 다른 지역에 거주하는 경우 | 상속재산분할협의와 서류 준비 | 취득세·국민주택채권·등기신청수수료 | 비대면으로 진행하는 절차 | 상속등기와 유증등기의 차이",inheritance,,inheritance,consult,true,,true
/업무사례/전국상속부동산일괄등기,case,전국 상속부동산 일괄등기｜여러 지역 … | 다옴법무사사무소,"전국에 흩어진 상속부동산 일괄 검토. 서울 아파트와 지방 토지, 부동산별 상속인, 취득세·누락 방지, 일부 매도 일정을 한 사무소에서 정리합니다.",전국에 흩어진 상속부동산을 한 번에 정리하려면,전국 소재 부동산의 관할 특례 검토 | 전국 아파트·토지·상가가 섞인 경우 | 여러 지역 부동산을 함께 정리할 때 | 법무사 보수와 공과금 구분 | 원본서류 전달과 본인확인 | 상담 전 확인하면 좋은 항목 | 여러 지역 부동산을 한 목록으로 관리하는 이유,inheritance,,inheritance,informational,true,,true
/업무사례/전국법인본점이전등기,case,전국 법인 본점이전등기｜서울·경기·부… | 다옴법무사사무소,"전국 법인 본점이전등기. 동일·타관할 차이, 서울↔부산·경남 이전, 정관·등록면허세·임원변경 동시 신청을 비대면으로 끝까지 진행합니다. 법정 관할은 유지됩니다.",지역이 달라지는 법인 본점이전등기,전국 부동산 목록부터 맞추는 방법 | 관할 특례와 법정 관할의 차이 | 일반적인 상담 유형 | 해외 거주 상속인이 있는 경우 | 비용 안내 방식 | 관련 지역·업무로 이어가기 | 동일 관할과 타관할 이전의 차이,corporate,부산,corporate,informational,true,,true
/업무사례/전국공동근저당권등기,case,전국 공동근저당권등기｜여러 지역 부동… | 다옴법무사사무소,"전국 공동근저당권등기. 공동담보목록, 담보 추가·해지, 채권최고액·채무자 변경. 일괄 신청은 사건별 요건 확인 후 안내합니다. 해운대·센텀 다옴법무사사무소에서 전화·카카오톡·방문(예약) 상담이 가능합니다.",서로 다른 지역의 부동산을 공동담보로 제공하는 경우,전국 부동산 목록부터 맞추는 방법 | 관할 특례와 법정 관할의 차이 | 일반적인 상담 유형 | 해외 거주 상속인이 있는 경우 | 비용 안내 방식 | 관련 지역·업무로 이어가기 | 공동근저당·공동담보목록 검토 포인트,real-estate,,real-estate,informational,true,,true
/업무사례/전국비대면법무사,case,전국 비대면 법무사｜방문 없이 가능한… | 다옴법무사사무소,전국 비대면 법무사 안내. 업무별 비대면 상담·원본·법정 관할·방문 가능성·전자·우편 신청을 표로 정리합니다. 부산 해운대 사무소 기준. 해운대·센텀 다옴법무사사무소에서 전화·카카오톡·방문(예약) 상담이 가능합니다.,부산까지 방문하지 않고 진행할 수 있는 법무사 업무,전국 상속등기 가능 여부부터 확인하기 | 부산 해운대 사무소에 비대면으로 맡기는 이유 | 전국과 타지역 상속인의 거리 문제 | 필요서류 체크리스트 | 진행 상황 공유 방식 | 타지역 법무사를 고를 때 확인할 사항 | 업무별 비대면 진행 범위(일반 안내),inheritance,부산,inheritance,commercial,true,,true
/업무사례/타지역법무사의뢰,case,타지역 법무사 의뢰｜거리가 있어도 맡… | 다옴법무사사무소,"타지역 법무사 의뢰 전 확인사항. 관할 지역 법무사만 선임해야 하는지, 원본·본인확인·추가 비용·직접 상담 여부를 정리합니다. 해운대·센텀 다옴법무사사무소에서 전화·카카오톡·방문(예약) 상담이 가능합니다.",거리가 있는 법무사에게 업무를 맡기기 전 확인할 사항,"전국 상속등기, 부산 법무사에게 맡길 수 있을까 | 전국에서 자주 문의되는 상황 | 상속인이 다른 지역에 거주하는 경우 | 상속재산분할협의와 서류 준비 | 취득세·국민주택채권·등기신청수수료 | 비대면으로 진행하는 절차 | 거리가 있어도 맡기기 전 체크리스트",case,,,commercial,true,,true
/업무사례/지역별상속등기법무사,case,지역별 상속등기 법무사｜서울·경기·인… | 다옴법무사사무소,지역별 상속등기 법무사 허브. 서울·경기·인천·충청·영호남·강원·제주 권역 카드를 검색·필터로 찾습니다. 부산은 기존 부산 상속등기 페이지로 연결합니다.,지역이 달라도 맡길 수 있는 전국 상속등기,권역별로 상속등기 안내 찾기 | 전국 부동산 목록부터 맞추는 방법 | 관할 특례와 법정 관할의 차이 | 일반적인 상담 유형 | 해외 거주 상속인이 있는 경우 | 비용 안내 방식 | 관련 지역·업무로 이어가기,inheritance,,inheritance,commercial,true,,true
/업무사례/서울상속등기법무사,case,서울 법무사 상속등기 알아볼 때｜타지… | 다옴법무사사무소,서울 법무사 상속등기를 검색할 때 확인할 점. 서울 지점이 아닌 부산 해운대 사무소에서 관할 특례·비대면 진행으로 서울 소재 상속부동산 상담부터 신청까지 진행합니다.,서울에 있는 상속부동산도 부산 법무사에게 맡길 수 있을까,서울 상속등기 가능 여부부터 확인하기 | 부산 해운대 사무소에 비대면으로 맡기는 이유 | 서울과 타지역 상속인의 거리 문제 | 필요서류 체크리스트 | 진행 상황 공유 방식 | 타지역 법무사를 고를 때 확인할 사항,inheritance,부산,inheritance,commercial,true,,true
/업무사례/경기상속등기법무사,case,경기 상속등기 법무사｜여러 시·군 부… | 다옴법무사사무소,경기 상속등기 법무사 안내. 서로 다른 시에 아파트·토지가 있거나 상속인이 서울·부산으로 흩어진 경우 목록부터 정리합니다. 경기 지점…,경기도에 흩어진 상속부동산을 한 번에 정리하려면,경기 부동산 목록부터 맞추는 방법 | 관할 특례와 법정 관할의 차이 | 일반적인 상담 유형 | 해외 거주 상속인이 있는 경우 | 비용 안내 방식 | 관련 지역·업무로 이어가기,inheritance,,inheritance,commercial,true,,true
/업무사례/인천상속등기법무사,case,인천 상속등기 법무사｜송도·청라·영종… | 다옴법무사사무소,"인천 상속등기 법무사. 송도·청라·영종 아파트 비대면 진행, 육지 거주 상속인 안내. 인천 지점 없이 부산 사무소에서 가능 여부를 검토…",인천 상속부동산을 방문 없이 진행하는 방법,인천 상속등기 가능 여부부터 확인하기 | 부산 해운대 사무소에 비대면으로 맡기는 이유 | 인천과 타지역 상속인의 거리 문제 | 필요서류 체크리스트 | 진행 상황 공유 방식 | 타지역 법무사를 고를 때 확인할 사항,inheritance,,inheritance,commercial,true,,true
/업무사례/경남상속등기법무사,case,경남 상속등기 법무사｜김해·양산·창원… | 다옴법무사사무소,경남 상속등기 법무사. 김해 아파트·양산 토지·창원 상가처럼 여러 시·군 부동산을 한 사무소에서 검토. 경남 지점 없이 부산 해운대에서 관할 특례·방문·비대면 바로 진행 방법을 안내합니다.,경남에 있는 상속부동산도 부산 법무사에게 맡길 수 있습니다,경남 부동산 목록부터 맞추는 방법 | 관할 특례와 법정 관할의 차이 | 일반적인 상담 유형 | 해외 거주 상속인이 있는 경우 | 비용 안내 방식 | 관련 지역·업무로 이어가기,inheritance,부산,inheritance,cost,true,,true
/업무사례/울산상속등기법무사,case,울산 상속등기 법무사｜아파트·토지 비대면 상속등기 | 다옴법무사사무소,"울산 상속등기 법무사. 아파트·토지 비대면 진행, 상속인 타지역 거주 시 절차. 울산 지점 없이 부산 사무소에서 검토합니다. 해운대·센텀 다옴법무사사무소에서 전화·카카오톡·방문(예약) 상담이 가능합니다.",울산 상속부동산을 부산 방문 없이 맡기는 방법,울산 상속등기 가능 여부부터 확인하기 | 부산 해운대 사무소에 비대면으로 맡기는 이유 | 울산과 타지역 상속인의 거리 문제 | 필요서류 체크리스트 | 진행 상황 공유 방식 | 타지역 법무사를 고를 때 확인할 사항,inheritance,부산,inheritance,commercial,true,,true
/업무사례/대구상속등기법무사,case,대구 상속등기 법무사｜아파트·상가·토지 상속 절차 | 다옴법무사사무소,대구 상속등기 법무사. 아파트·상가·토지 절차·비용·서류. 대구 지점 없이 부산 해운대에서 비대면으로 가능 여부를 검토합니다. 해운대·센텀 다옴법무사사무소에서 전화·카카오톡·방문(예약) 상담이 가능합니다.,대구 부동산 상속등기 비용과 필요서류,대구 상속등기 가능 여부부터 확인하기 | 부산 해운대 사무소에 비대면으로 맡기는 이유 | 대구과 타지역 상속인의 거리 문제 | 필요서류 체크리스트 | 진행 상황 공유 방식 | 타지역 법무사를 고를 때 확인할 사항,inheritance,,inheritance,cost,true,,true
/업무사례/대전상속등기법무사,case,대전 상속등기 법무사｜상속인이 다른 … | 다옴법무사사무소,대전 상속등기 법무사. 상속인이 타지역에 살아도 비대면 끝까지 진행. 대전 지점 없이 부산 사무소에서 안내합니다. 해운대·센텀 다옴법무사사무소에서 전화·카카오톡·방문(예약) 상담이 가능합니다.,대전 상속부동산을 비대면으로 정리하려면,대전 상속등기 가능 여부부터 확인하기 | 부산 해운대 사무소에 비대면으로 맡기는 이유 | 대전과 타지역 상속인의 거리 문제 | 필요서류 체크리스트 | 진행 상황 공유 방식 | 타지역 법무사를 고를 때 확인할 사항,inheritance,,inheritance,commercial,true,,true
/업무사례/세종상속등기법무사,case,세종 상속등기 법무사｜아파트·상가 상… | 다옴법무사사무소,세종 상속등기 법무사. 아파트·상가 절차와 비용. 세종 지점 없이 부산 해운대에서 비대면으로 상담부터 신청까지 진행합니다. 해운대·센텀 다옴법무사사무소에서 전화·카카오톡·방문(예약) 상담이 가능합니다.,세종시 상속부동산을 방문 없이 진행하는 방법,세종 소재 부동산의 관할 특례 검토 | 세종 아파트·토지·상가가 섞인 경우 | 여러 지역 부동산을 함께 정리할 때 | 법무사 보수와 공과금 구분 | 원본서류 전달과 본인확인 | 상담 전 확인하면 좋은 항목,inheritance,,inheritance,cost,true,,true
/업무사례/충남상속등기법무사,case,충남 상속등기 법무사｜천안·아산·당진… | 다옴법무사사무소,충남 상속등기 법무사. 천안·아산·당진 등 여러 시·군 부동산 일괄 검토. 충남 지점 없이 부산에서 비대면 상담합니다. 해운대·센텀 다옴법무사사무소에서 전화·카카오톡·방문(예약) 상담이 가능합니다.,충남 여러 시·군의 상속부동산을 정리하려면,충남 부동산 목록부터 맞추는 방법 | 관할 특례와 법정 관할의 차이 | 일반적인 상담 유형 | 해외 거주 상속인이 있는 경우 | 비용 안내 방식 | 관련 지역·업무로 이어가기,inheritance,,inheritance,commercial,true,,true
/업무사례/충북상속등기법무사,case,충북 상속등기 법무사｜청주·충주·제천 비대면 진행 | 다옴법무사사무소,충북 상속등기 법무사. 청주·충주·제천 비대면 진행과 필요서류. 충북 지점 없이 부산 해운대에서 안내합니다. 해운대·센텀 다옴법무사사무소에서 전화·카카오톡·방문(예약) 상담이 가능합니다.,충북 상속부동산의 등기 절차와 준비서류,충북 상속등기 가능 여부부터 확인하기 | 부산 해운대 사무소에 비대면으로 맡기는 이유 | 충북과 타지역 상속인의 거리 문제 | 필요서류 체크리스트 | 진행 상황 공유 방식 | 타지역 법무사를 고를 때 확인할 사항 | 상담 시 확인하는 내용,inheritance,,inheritance,documents,true,,true
/업무사례/광주상속등기법무사,case,광주 상속등기 법무사｜상속부동산 비용… | 다옴법무사사무소,광주 상속등기 법무사. 비용·서류·절차와 비대면 진행. 광주 지점 없이 부산 사무소에서 가능 여부를 검토합니다. 해운대·센텀 다옴법무사사무소에서 전화·카카오톡·방문(예약) 상담이 가능합니다.,광주광역시 상속등기를 비대면으로 맡기는 방법,광주 부동산 목록부터 맞추는 방법 | 관할 특례와 법정 관할의 차이 | 일반적인 상담 유형 | 해외 거주 상속인이 있는 경우 | 비용 안내 방식 | 관련 지역·업무로 이어가기,inheritance,,inheritance,cost,true,,true
/업무사례/전남상속등기법무사,case,전남 상속등기 법무사｜여수·순천·목포… | 다옴법무사사무소,전남 상속등기 법무사. 여수·순천·목포 토지·주택 일괄 정리. 전남 지점 없이 부산에서 비대면으로 검토합니다. 해운대·센텀 다옴법무사사무소에서 전화·카카오톡·방문(예약) 상담이 가능합니다.,전남 여러 지역의 상속부동산을 한 번에 정리하려면,전남 상속등기 가능 여부부터 확인하기 | 부산 해운대 사무소에 비대면으로 맡기는 이유 | 전남과 타지역 상속인의 거리 문제 | 필요서류 체크리스트 | 진행 상황 공유 방식 | 타지역 법무사를 고를 때 확인할 사항,inheritance,,inheritance,commercial,true,,true
/업무사례/전북상속등기법무사,case,전북 상속등기 법무사｜전주·익산·군산… | 다옴법무사사무소,전북 상속등기 법무사. 전주·익산·군산 부동산 상속 절차·서류. 전북 지점 없이 부산 해운대에서 안내합니다. 해운대·센텀 다옴법무사사무소에서 전화·카카오톡·방문(예약) 상담이 가능합니다.,전북 상속부동산의 필요서류와 비용,전북 소재 부동산의 관할 특례 검토 | 전북 아파트·토지·상가가 섞인 경우 | 여러 지역 부동산을 함께 정리할 때 | 법무사 보수와 공과금 구분 | 원본서류 전달과 본인확인 | 상담 전 확인하면 좋은 항목,inheritance,,inheritance,cost,true,,true
/업무사례/경북상속등기법무사,case,경북 상속등기 법무사｜포항·구미·경산… | 다옴법무사사무소,경북 상속등기 법무사. 포항·구미·경산 여러 부동산 정리. 경북 지점 없이 부산에서 비대면으로 검토합니다. 해운대·센텀 다옴법무사사무소에서 전화·카카오톡·방문(예약) 상담이 가능합니다.,경북 아파트·토지 상속등기를 한 사무소에서 진행하려면,경북 상속등기 가능 여부부터 확인하기 | 부산 해운대 사무소에 비대면으로 맡기는 이유 | 경북과 타지역 상속인의 거리 문제 | 필요서류 체크리스트 | 진행 상황 공유 방식 | 타지역 법무사를 고를 때 확인할 사항 | 상담 시 확인하는 내용,inheritance,,inheritance,commercial,true,,true
/업무사례/강원상속등기법무사,case,강원 상속등기 법무사｜원주·춘천·강릉… | 다옴법무사사무소,강원 상속등기 법무사. 원주·춘천·강릉 토지·주택 상속과 비대면 진행. 강원 지점 없이 부산 사무소에서 안내합니다. 해운대·센텀 다옴법무사사무소에서 전화·카카오톡·방문(예약) 상담이 가능합니다.,강원도 상속부동산을 비대면으로 정리하는 방법,강원 부동산 목록부터 맞추는 방법 | 관할 특례와 법정 관할의 차이 | 일반적인 상담 유형 | 해외 거주 상속인이 있는 경우 | 비용 안내 방식 | 관련 지역·업무로 이어가기 | 상담 시 확인하는 내용,inheritance,,inheritance,commercial,true,,true
/업무사례/제주상속등기법무사,case,제주 상속등기 법무사｜육지에 살아도 … | 다옴법무사사무소,제주 상속등기 법무사. 육지 거주 상속인의 제주 부동산 비대면 진행. 제주 지점 없이 부산 해운대에서 가능 여부를 검토합니다. 해운대·센텀 다옴법무사사무소에서 전화·카카오톡·방문(예약) 상담이 가능합니다.,제주 상속부동산을 부산 법무사에게 맡기는 방법,제주 상속등기 가능 여부부터 확인하기 | 부산 해운대 사무소에 비대면으로 맡기는 이유 | 제주과 타지역 상속인의 거리 문제 | 필요서류 체크리스트 | 진행 상황 공유 방식 | 타지역 법무사를 고를 때 확인할 사항,inheritance,부산,inheritance,commercial,true,,true
/업무사례/강남구상속등기법무사,case,강남구 상속등기 법무사｜아파트·상가 … | 다옴법무사사무소,강남구 상속등기 법무사. 고가 아파트·상가·오피스가 많고 상속인이 해외·지방에 거주하는 사례가 잦습니다. 강남구 지점 없이 부산 해운대 사무소에서 관할 특례·비대면 상담부터 신청까지 진행합니다.,강남구 상속부동산을 부산 방문 없이 맡기는 방법,강남구 소재 부동산의 관할 특례 검토 | 강남구 아파트·토지·상가가 섞인 경우 | 여러 지역 부동산을 함께 정리할 때 | 법무사 보수와 공과금 구분 | 원본서류 전달과 본인확인 | 상담 전 확인하면 좋은 항목,inheritance,남구,inheritance,commercial,true,,true
/업무사례/서초구상속등기법무사,case,서초구 상속등기 법무사｜상속인이 다른… | 다옴법무사사무소,"서초구 상속등기 법무사. 법조·교육 인근 아파트와 상가 상속, 협의분할 논의가 길어지는 경우가 있습니다. 서초구 지점 없이 부산 해운대 사무소에서 관할 특례·비대면 상담부터 신청까지 진행합니다.",서초구 상속등기 비용과 필요서류부터 확인하기,서초구 상속등기 가능 여부부터 확인하기 | 부산 해운대 사무소에 비대면으로 맡기는 이유 | 서초구과 타지역 상속인의 거리 문제 | 필요서류 체크리스트 | 진행 상황 공유 방식 | 타지역 법무사를 고를 때 확인할 사항,inheritance,,inheritance,cost,true,,true
/업무사례/송파구상속등기법무사,case,송파구 아파트 상속등기｜비대면 서류 준비와 취득세 | 다옴법무사사무소,송파구 상속등기 법무사. 잠실·문정 일대 대단지 아파트와 상가가 함께 상속되는 경우가 많습니다. 송파구 지점 없이 부산 해운대 사무소에서 관할 특례·비대면 상담부터 신청까지 진행합니다.,"송파구 부동산 상속등기, 관할 특례부터 검토하기",송파구 소재 부동산의 관할 특례 검토 | 송파구 아파트·토지·상가가 섞인 경우 | 여러 지역 부동산을 함께 정리할 때 | 법무사 보수와 공과금 구분 | 원본서류 전달과 본인확인 | 상담 전 확인하면 좋은 항목,inheritance,,inheritance,commercial,true,,true
/업무사례/마포구상속등기법무사,case,마포구 상속등기 법무사｜주택·상가 상… | 다옴법무사사무소,마포구 상속등기 법무사. 한강변 아파트·오피스텔·상가가 섞인 상속에서 임대차·근저당 확인이 중요합니다. 마포구 지점 없이 부산 해운대 사무소에서 관할 특례·비대면 상담부터 신청까지 진행합니다.,"마포구에 있는 아파트·토지, 어디서 상속등기를 받을까",마포구 상속등기 가능 여부부터 확인하기 | 부산 해운대 사무소에 비대면으로 맡기는 이유 | 마포구과 타지역 상속인의 거리 문제 | 필요서류 체크리스트 | 진행 상황 공유 방식 | 타지역 법무사를 고를 때 확인할 사항,inheritance,,inheritance,commercial,true,,true
/업무사례/용산구상속등기법무사,case,용산구 상속부동산 등기｜여러 상속인의… | 다옴법무사사무소,용산구 상속등기 법무사. 재개발·고급 주거와 상가가 겹치며 권리관계가 복잡한 사례가 있습니다. 용산구 지점 없이 부산 해운대 사무소에서 관할 특례·비대면 상담부터 신청까지 진행합니다.,용산구 상속인이 여러 지역에 살아도 진행 가능한가,용산구 소재 부동산의 관할 특례 검토 | 용산구 아파트·토지·상가가 섞인 경우 | 여러 지역 부동산을 함께 정리할 때 | 법무사 보수와 공과금 구분 | 원본서류 전달과 본인확인 | 상담 전 확인하면 좋은 항목,inheritance,,inheritance,cost,true,,true
/업무사례/영등포구상속등기법무사,case,영등포구 상속등기｜아파트·오피스텔 비대면 진행 | 다옴법무사사무소,영등포구 상속등기 법무사. 여의도·당산 일대 오피스·상가와 주거용 부동산이 함께 넘어오는 상속이 많습니다. 영등포구 지점 없이 부산 해운대 사무소에서 관할 특례·비대면 상담부터 신청까지 진행합니다.,영등포구 상속부동산을 부산 방문 없이 맡기는 방법,영등포구 상속등기 가능 여부부터 확인하기 | 부산 해운대 사무소에 비대면으로 맡기는 이유 | 영등포구과 타지역 상속인의 거리 문제 | 필요서류 체크리스트 | 진행 상황 공유 방식 | 타지역 법무사를 고를 때 확인할 사항,inheritance,부산,inheritance,commercial,true,,true
/업무사례/성동구상속등기법무사,case,성동구 상속등기 법무사｜부동산이 여러 곳인 경우 | 다옴법무사사무소,성동구 상속등기 법무사. 성수·왕십리 재건축·리모델링 단지와 상가 상속 문의가 꾸준합니다. 성동구 지점 없이 부산 해운대 사무소에서 관할 특례·비대면 상담부터 신청까지 진행합니다.,성동구 상속등기 비용과 필요서류부터 확인하기,성동구 상속등기 가능 여부부터 확인하기 | 부산 해운대 사무소에 비대면으로 맡기는 이유 | 성동구과 타지역 상속인의 거리 문제 | 필요서류 체크리스트 | 진행 상황 공유 방식 | 타지역 법무사를 고를 때 확인할 사항,inheritance,동구,inheritance,cost,true,,true
/업무사례/강서구상속등기법무사,case,서울 강서구 상속등기｜필요서류와 법무사 비용 안내 | 다옴법무사사무소,"강서구 상속등기 법무사. 김포공항 인근 아파트와 상가, 상속인이 경기·지방에 거주하는 경우가 많습니다. 강서구 지점 없이 부산 해운대 사무소에서 관할 특례·비대면 상담부터 신청까지 진행합니다.","강서구 부동산 상속등기, 관할 특례부터 검토하기",강서구 소재 부동산의 관할 특례 검토 | 강서구 아파트·토지·상가가 섞인 경우 | 여러 지역 부동산을 함께 정리할 때 | 법무사 보수와 공과금 구분 | 원본서류 전달과 본인확인 | 상담 전 확인하면 좋은 항목,inheritance,강서,inheritance,commercial,true,,true
/업무사례/노원구상속등기법무사,case,노원구 아파트 상속등기｜상속재산분할협… | 다옴법무사사무소,노원구 상속등기 법무사. 대단지 아파트 위주 상속에서 상속인 간 협의·위임 정리가 핵심입니다. 노원구 지점 없이 부산 해운대 사무소에서 관할 특례·비대면 상담부터 신청까지 진행합니다.,"노원구에 있는 아파트·토지, 어디서 상속등기를 받을까",노원구 상속등기 가능 여부부터 확인하기 | 부산 해운대 사무소에 비대면으로 맡기는 이유 | 노원구과 타지역 상속인의 거리 문제 | 필요서류 체크리스트 | 진행 상황 공유 방식 | 타지역 법무사를 고를 때 확인할 사항,inheritance,,inheritance,commercial,true,,true
/업무사례/은평구상속등기법무사,case,은평구 상속등기 법무사｜방문 없이 진… | 다옴법무사사무소,은평구 상속등기 법무사. 북한산 인근 주택·아파트와 외곽 토지가 함께 상속되는 사례가 있습니다. 은평구 지점 없이 부산 해운대 사무소에서 관할 특례·비대면 상담부터 신청까지 진행합니다.,은평구 상속인이 여러 지역에 살아도 진행 가능한가,은평구 부동산 목록부터 맞추는 방법 | 관할 특례와 법정 관할의 차이 | 일반적인 상담 유형 | 해외 거주 상속인이 있는 경우 | 비용 안내 방식 | 관련 지역·업무로 이어가기,inheritance,,inheritance,cost,true,,true
/업무사례/수원상속등기법무사,case,수원 상속등기 법무사｜아파트·토지 상… | 다옴법무사사무소,수원 상속등기 법무사. 장안·권선·팔달·영통 등 행정구역이 나뉜 아파트·상가 상속이 많습니다. 수원 지점 없이 부산 해운대 사무소에서 관할 특례·비대면 상담부터 신청까지 진행합니다.,수원 상속부동산을 부산 방문 없이 맡기는 방법,수원 상속등기 가능 여부부터 확인하기 | 부산 해운대 사무소에 비대면으로 맡기는 이유 | 수원과 타지역 상속인의 거리 문제 | 필요서류 체크리스트 | 진행 상황 공유 방식 | 타지역 법무사를 고를 때 확인할 사항,inheritance,부산,inheritance,commercial,true,,true
/업무사례/성남상속등기법무사,case,성남 상속등기 법무사｜분당 아파트 비대면 상속등기 | 다옴법무사사무소,성남 상속등기 법무사. 수정·중원·분당 행정구와 인접 시 부동산이 분산되는 경우가 있습니다. 성남 지점 없이 부산 해운대 사무소에서 관할 특례·비대면 상담부터 신청까지 진행합니다.,성남 상속등기 비용과 필요서류부터 확인하기,성남 부동산 목록부터 맞추는 방법 | 관할 특례와 법정 관할의 차이 | 일반적인 상담 유형 | 해외 거주 상속인이 있는 경우 | 비용 안내 방식 | 관련 지역·업무로 이어가기,inheritance,,inheritance,cost,true,,true
/업무사례/분당상속등기법무사,case,분당 상속등기 법무사｜아파트 상속인이… | 다옴법무사사무소,분당 상속등기 법무사. 대단지 아파트 상속에서 상속인이 여러 명이거나 타지역·해외 거주인 경우가 많습니다. 분당 지점 없이 부산 해운대 사무소에서 관할 특례·비대면 상담부터 신청까지 진행합니다.,"분당 부동산 상속등기, 관할 특례부터 검토하기",분당 소재 부동산의 관할 특례 검토 | 분당 아파트·토지·상가가 섞인 경우 | 여러 지역 부동산을 함께 정리할 때 | 법무사 보수와 공과금 구분 | 원본서류 전달과 본인확인 | 상담 전 확인하면 좋은 항목,inheritance,,inheritance,commercial,true,,true
/업무사례/용인상속등기법무사,case,용인 상속부동산 등기｜아파트와 토지를… | 다옴법무사사무소,용인 상속등기 법무사. 신도시 아파트와 외곽 토지·농지가 함께 상속되는 패턴이 흔합니다. 용인 지점 없이 부산 해운대 사무소에서 관할 특례·비대면 상담부터 신청까지 진행합니다.,"용인에 있는 아파트·토지, 어디서 상속등기를 받을까",용인 부동산 목록부터 맞추는 방법 | 관할 특례와 법정 관할의 차이 | 일반적인 상담 유형 | 해외 거주 상속인이 있는 경우 | 비용 안내 방식 | 관련 지역·업무로 이어가기,inheritance,,inheritance,commercial,true,,true
/업무사례/고양상속등기법무사,case,고양 상속등기 법무사｜일산 부동산 방문 없이 진행 | 다옴법무사사무소,고양 상속등기 법무사. 일산·덕양 생활권과 토지·주택이 섞인 상속 목록 정리가 중요합니다. 고양 지점 없이 부산 해운대 사무소에서 관할 특례·비대면 상담부터 신청까지 진행합니다.,고양 상속인이 여러 지역에 살아도 진행 가능한가,고양 소재 부동산의 관할 특례 검토 | 고양 아파트·토지·상가가 섞인 경우 | 여러 지역 부동산을 함께 정리할 때 | 법무사 보수와 공과금 구분 | 원본서류 전달과 본인확인 | 상담 전 확인하면 좋은 항목,inheritance,,inheritance,cost,true,,true
/업무사례/일산상속등기법무사,case,일산 상속등기｜아파트·상가 필요서류와 비용 | 다옴법무사사무소,일산 상속등기 법무사. 일산 신·구 아파트와 상가 상속에서 협의분할·매도 순서를 맞추는 상담이 많습니다. 일산 지점 없이 부산 해운대 사무소에서 관할 특례·비대면 상담부터 신청까지 진행합니다.,일산 상속부동산을 부산 방문 없이 맡기는 방법,일산 상속등기 가능 여부부터 확인하기 | 부산 해운대 사무소에 비대면으로 맡기는 이유 | 일산과 타지역 상속인의 거리 문제 | 필요서류 체크리스트 | 진행 상황 공유 방식 | 타지역 법무사를 고를 때 확인할 사항,inheritance,부산,inheritance,commercial,true,,true
/업무사례/화성상속등기법무사,case,화성 상속등기 법무사｜동탄 아파트와 … | 다옴법무사사무소,화성 상속등기 법무사. 동탄 신도시와 농지·토지가 함께 있는 상속에서 필지 누락을 줄이는 것이 우선입니다. 화성 지점 없이 부산 해운대 사무소에서 관할 특례·비대면 상담부터 신청까지 진행합니다.,화성 상속등기 비용과 필요서류부터 확인하기,화성 소재 부동산의 관할 특례 검토 | 화성 아파트·토지·상가가 섞인 경우 | 여러 지역 부동산을 함께 정리할 때 | 법무사 보수와 공과금 구분 | 원본서류 전달과 본인확인 | 상담 전 확인하면 좋은 항목,inheritance,,inheritance,cost,true,,true
/업무사례/동탄상속등기법무사,case,동탄 아파트 상속등기｜상속인이 타지역… | 다옴법무사사무소,동탄 상속등기 법무사. 신도시 아파트 상속인이 수도권·영남으로 흩어진 경우 비대면 협의가 필요합니다. 동탄 지점 없이 부산 해운대 사무소에서 관할 특례·비대면 상담부터 신청까지 진행합니다.,"동탄 부동산 상속등기, 관할 특례부터 검토하기",동탄 부동산 목록부터 맞추는 방법 | 관할 특례와 법정 관할의 차이 | 일반적인 상담 유형 | 해외 거주 상속인이 있는 경우 | 비용 안내 방식 | 관련 지역·업무로 이어가기,inheritance,,inheritance,commercial,true,,true
/업무사례/부천상속등기법무사,case,부천 상속등기 법무사｜상속재산분할과 취득세 안내 | 다옴법무사사무소,부천 상속등기 법무사. 구·신 아파트와 상가·오피스텔이 함께 넘어오는 상속이 많습니다. 부천 지점 없이 부산 해운대 사무소에서 관할 특례·비대면 상담부터 신청까지 진행합니다.,"부천에 있는 아파트·토지, 어디서 상속등기를 받을까",부천 상속등기 가능 여부부터 확인하기 | 부산 해운대 사무소에 비대면으로 맡기는 이유 | 부천과 타지역 상속인의 거리 문제 | 필요서류 체크리스트 | 진행 상황 공유 방식 | 타지역 법무사를 고를 때 확인할 사항,inheritance,,inheritance,commercial,true,,true
/업무사례/안양상속등기법무사,case,안양 상속등기｜비대면 진행 절차와 법무사 비용 | 다옴법무사사무소,안양 상속등기 법무사. 평촌·범계 일대 아파트·상가 상속에서 등기부·임대차를 함께 확인합니다. 안양 지점 없이 부산 해운대 사무소에서 관할 특례·비대면 상담부터 신청까지 진행합니다.,안양 상속인이 여러 지역에 살아도 진행 가능한가,안양 소재 부동산의 관할 특례 검토 | 안양 아파트·토지·상가가 섞인 경우 | 여러 지역 부동산을 함께 정리할 때 | 법무사 보수와 공과금 구분 | 원본서류 전달과 본인확인 | 상담 전 확인하면 좋은 항목,inheritance,,inheritance,cost,true,,true
/업무사례/안산상속등기법무사,case,안산 상속부동산 등기｜아파트·토지 한 번에 정리 | 다옴법무사사무소,안산 상속등기 법무사. 단원·상록 구역 아파트와 산업단지 인근 토지 상속 문의가 있습니다. 안산 지점 없이 부산 해운대 사무소에서 관할 특례·비대면 상담부터 신청까지 진행합니다.,안산 상속부동산을 부산 방문 없이 맡기는 방법,안산 상속등기 가능 여부부터 확인하기 | 부산 해운대 사무소에 비대면으로 맡기는 이유 | 안산과 타지역 상속인의 거리 문제 | 필요서류 체크리스트 | 진행 상황 공유 방식 | 타지역 법무사를 고를 때 확인할 사항,inheritance,부산,inheritance,commercial,true,,true
/업무사례/평택상속등기법무사,case,평택 상속등기 법무사｜토지와 주택 상속 필요서류 | 다옴법무사사무소,평택 상속등기 법무사. 항만·산업 인근 토지·주택과 아파트가 함께 상속되는 경우가 있습니다. 평택 지점 없이 부산 해운대 사무소에서 관할 특례·비대면 상담부터 신청까지 진행합니다.,평택 상속등기 비용과 필요서류부터 확인하기,평택 상속등기 가능 여부부터 확인하기 | 부산 해운대 사무소에 비대면으로 맡기는 이유 | 평택과 타지역 상속인의 거리 문제 | 필요서류 체크리스트 | 진행 상황 공유 방식 | 타지역 법무사를 고를 때 확인할 사항,inheritance,,inheritance,cost,true,,true
/업무사례/김포상속등기법무사,case,김포 상속등기｜서울 거주 상속인의 비… | 다옴법무사사무소,김포 상속등기 법무사. 한강 신도시 아파트와 농지·토지가 섞인 상속에서 목록을 먼저 작성합니다. 김포 지점 없이 부산 해운대 사무소에서 관할 특례·비대면 상담부터 신청까지 진행합니다.,"김포 부동산 상속등기, 관할 특례부터 검토하기",김포 상속등기 가능 여부부터 확인하기 | 부산 해운대 사무소에 비대면으로 맡기는 이유 | 김포과 타지역 상속인의 거리 문제 | 필요서류 체크리스트 | 진행 상황 공유 방식 | 타지역 법무사를 고를 때 확인할 사항,inheritance,,inheritance,commercial,true,,true
/업무사례/남양주상속등기법무사,case,남양주 상속등기 법무사｜여러 필지 토지 상속 절차 | 다옴법무사사무소,남양주 상속등기 법무사. 별내·다산 신도시와 외곽 주택·토지가 함께 있는 상속이 많습니다. 남양주 지점 없이 부산 해운대 사무소에서 관할 특례·비대면 상담부터 신청까지 진행합니다.,"남양주에 있는 아파트·토지, 어디서 상속등기를 받을까",남양주 부동산 목록부터 맞추는 방법 | 관할 특례와 법정 관할의 차이 | 일반적인 상담 유형 | 해외 거주 상속인이 있는 경우 | 비용 안내 방식 | 관련 지역·업무로 이어가기,inheritance,,inheritance,commercial,true,,true
/업무사례/하남상속등기법무사,case,하남 아파트 상속등기｜비용·서류·처리기간 안내 | 다옴법무사사무소,하남 상속등기 법무사. 미사·감일 신도시 아파트 상속에서 상속인 거주지가 갈라진 경우가 흔합니다. 하남 지점 없이 부산 해운대 사무소에서 관할 특례·비대면 상담부터 신청까지 진행합니다.,하남 상속인이 여러 지역에 살아도 진행 가능한가,하남 상속등기 가능 여부부터 확인하기 | 부산 해운대 사무소에 비대면으로 맡기는 이유 | 하남과 타지역 상속인의 거리 문제 | 필요서류 체크리스트 | 진행 상황 공유 방식 | 타지역 법무사를 고를 때 확인할 사항,inheritance,,inheritance,cost,true,,true
/업무사례/파주상속등기법무사,case,파주 상속부동산 등기｜토지와 주택이 … | 다옴법무사사무소,파주 상속등기 법무사. 운정·금촌 아파트와 외곽 농지·토지 상속에서 지번 확인이 중요합니다. 파주 지점 없이 부산 해운대 사무소에서 관할 특례·비대면 상담부터 신청까지 진행합니다.,파주 상속부동산을 부산 방문 없이 맡기는 방법,파주 상속등기 가능 여부부터 확인하기 | 부산 해운대 사무소에 비대면으로 맡기는 이유 | 파주과 타지역 상속인의 거리 문제 | 필요서류 체크리스트 | 진행 상황 공유 방식 | 타지역 법무사를 고를 때 확인할 사항,inheritance,부산,inheritance,commercial,true,,true
/업무사례/의정부상속등기법무사,case,의정부 상속등기 법무사｜상속인이 전국… | 다옴법무사사무소,의정부 상속등기 법무사. 도심 아파트·상가와 외곽 토지가 함께 상속되는 사례가 있습니다. 의정부 지점 없이 부산 해운대 사무소에서 관할 특례·비대면 상담부터 신청까지 진행합니다.,의정부 상속등기 비용과 필요서류부터 확인하기,의정부 부동산 목록부터 맞추는 방법 | 관할 특례와 법정 관할의 차이 | 일반적인 상담 유형 | 해외 거주 상속인이 있는 경우 | 비용 안내 방식 | 관련 지역·업무로 이어가기,inheritance,,inheritance,cost,true,,true
/업무사례/광명상속등기법무사,case,광명 상속등기｜아파트 상속과 협의분할 진행 방법 | 다옴법무사사무소,광명 상속등기 법무사. 철산·하안 일대 아파트·상가 상속에서 협의·위임 일정 조율이 핵심입니다. 광명 지점 없이 부산 해운대 사무소에서 관할 특례·비대면 상담부터 신청까지 진행합니다.,"광명 부동산 상속등기, 관할 특례부터 검토하기",광명 상속등기 가능 여부부터 확인하기 | 부산 해운대 사무소에 비대면으로 맡기는 이유 | 광명과 타지역 상속인의 거리 문제 | 필요서류 체크리스트 | 진행 상황 공유 방식 | 타지역 법무사를 고를 때 확인할 사항,inheritance,,inheritance,commercial,true,,true
/업무사례/송도상속등기법무사,case,송도 상속등기 법무사｜아파트·오피스텔 비대면 진행 | 다옴법무사사무소,송도 상속등기 법무사. 송도 국제도시 아파트·오피스텔 상속에서 상속인이 육지·해외에 있는 경우가 많습니다. 송도 지점 없이 부산 해운대 사무소에서 관할 특례·비대면 상담부터 신청까지 진행합니다.,"송도에 있는 아파트·토지, 어디서 상속등기를 받을까",송도 부동산 목록부터 맞추는 방법 | 관할 특례와 법정 관할의 차이 | 일반적인 상담 유형 | 해외 거주 상속인이 있는 경우 | 비용 안내 방식 | 관련 지역·업무로 이어가기,inheritance,,inheritance,commercial,true,,true
/업무사례/청라상속등기법무사,case,청라 상속등기｜아파트 상속 필요서류와 비용 | 다옴법무사사무소,청라 상속등기 법무사. 청라 신도시 아파트와 인근 상가 상속에서 비대면 서류 검토가 먼저 이뤄집니다. 청라 지점 없이 부산 해운대 사무소에서 관할 특례·비대면 상담부터 신청까지 진행합니다.,청라 상속인이 여러 지역에 살아도 진행 가능한가,청라 부동산 목록부터 맞추는 방법 | 관할 특례와 법정 관할의 차이 | 일반적인 상담 유형 | 해외 거주 상속인이 있는 경우 | 비용 안내 방식 | 관련 지역·업무로 이어가기,inheritance,,inheritance,cost,true,,true
/업무사례/부평구상속등기법무사,case,부평구 상속등기 법무사｜상속인이 타지… | 다옴법무사사무소,부평구 상속등기 법무사. 부평·산곡 일대 구축·신축 아파트와 상가 상속 문의가 꾸준합니다. 부평구 지점 없이 부산 해운대 사무소에서 관할 특례·비대면 상담부터 신청까지 진행합니다.,부평구 상속부동산을 부산 방문 없이 맡기는 방법,부평구 부동산 목록부터 맞추는 방법 | 관할 특례와 법정 관할의 차이 | 일반적인 상담 유형 | 해외 거주 상속인이 있는 경우 | 비용 안내 방식 | 관련 지역·업무로 이어가기,inheritance,부산,inheritance,commercial,true,,true
/업무사례/남동구상속등기법무사,case,인천 남동구 상속등기｜아파트·상가 상속 절차 | 다옴법무사사무소,남동구 상속등기 법무사. 구월·간석 아파트·상가 상속에서 등기부와 협의분할을 함께 맞춥니다. 남동구 지점 없이 부산 해운대 사무소에서 관할 특례·비대면 상담부터 신청까지 진행합니다.,남동구 상속등기 비용과 필요서류부터 확인하기,남동구 부동산 목록부터 맞추는 방법 | 관할 특례와 법정 관할의 차이 | 일반적인 상담 유형 | 해외 거주 상속인이 있는 경우 | 비용 안내 방식 | 관련 지역·업무로 이어가기,inheritance,동구,inheritance,cost,true,,true
/업무사례/영종도상속등기법무사,case,영종도 상속부동산 등기｜육지 거주 상… | 다옴법무사사무소,영종도 상속등기 법무사. 공항 인근 아파트 상속인이 수도권에 거주하는 경우 방문 횟수를 줄이는 절차를 안내합니다. 영종도 지점 없이 부산 해운대 사무소에서 관할 특례·비대면 상담부터 신청까지 진행합니다.,"영종도 부동산 상속등기, 관할 특례부터 검토하기",영종도 상속등기 가능 여부부터 확인하기 | 부산 해운대 사무소에 비대면으로 맡기는 이유 | 영종도과 타지역 상속인의 거리 문제 | 필요서류 체크리스트 | 진행 상황 공유 방식 | 타지역 법무사를 고를 때 확인할 사항,inheritance,,inheritance,commercial,true,,true
/업무사례/강화도상속등기법무사,case,강화도 토지 상속등기｜여러 필지와 공동상속 정리 | 다옴법무사사무소,강화도 상속등기 법무사. 강화·옹진 토지·주택·농지 상속에서 필지 목록과 지목 확인이 중요합니다. 강화도 지점 없이 부산 해운대 사무소에서 관할 특례·비대면 상담부터 신청까지 진행합니다.,"강화도에 있는 아파트·토지, 어디서 상속등기를 받을까",강화도 소재 부동산의 관할 특례 검토 | 강화도 아파트·토지·상가가 섞인 경우 | 여러 지역 부동산을 함께 정리할 때 | 법무사 보수와 공과금 구분 | 원본서류 전달과 본인확인 | 상담 전 확인하면 좋은 항목,inheritance,,inheritance,commercial,true,,true
/업무사례/창원상속등기법무사,case,창원 상속등기 법무사｜의창·성산·마산… | 다옴법무사사무소,창원 상속등기 법무사. 의창·성산·마산·진해 5개 구 부동산 일괄 정리. 창원 지점 없이 부산 해운대에서 관할 특례·방문·비대면 가능 여부를 검토합니다.,창원 5개 구의 상속부동산을 한 번에 정리하려면,창원 부동산 목록부터 맞추는 방법 | 관할 특례와 법정 관할의 차이 | 일반적인 상담 유형 | 해외 거주 상속인이 있는 경우 | 비용 안내 방식 | 관련 지역·업무로 이어가기,inheritance,,inheritance,cost,true,,true
/업무사례/김해상속등기법무사,case,김해 상속등기 법무사｜장유·율하·진영… | 다옴법무사사무소,김해 상속등기 법무사. 장유·율하 아파트와 진영·주촌 토지·공장 분산 상속. 김해 지점 없이 부산 해운대에서 방문·비대면 가능 여부를 검토합니다.,김해 상속부동산을 부산 법무사에게 맡기는 방법,김해 상속등기 가능 여부부터 확인하기 | 부산 해운대 사무소에 비대면으로 맡기는 이유 | 김해과 타지역 상속인의 거리 문제 | 필요서류 체크리스트 | 진행 상황 공유 방식 | 타지역 법무사를 고를 때 확인할 사항,inheritance,부산,inheritance,cost,true,,true
/업무사례/양산상속등기법무사,case,양산 상속등기 법무사｜물금·증산·사송… | 다옴법무사사무소,양산 상속등기 법무사. 물금·증산·사송 아파트와 원동·상북 토지. 양산 지점 없이 부산 해운대에서 방문·비대면 가능 여부를 검토합니다. 해운대·센텀 다옴법무사사무소에서 전화·카카오톡·방문(예약) 상담이 가능합니다.,양산 상속등기를 부산에서 방문 또는 비대면으로 진행하려면,양산 부동산 목록부터 맞추는 방법 | 관할 특례와 법정 관할의 차이 | 일반적인 상담 유형 | 해외 거주 상속인이 있는 경우 | 비용 안내 방식 | 관련 지역·업무로 이어가기,inheritance,부산,inheritance,commercial,true,,true
/업무사례/진주상속등기법무사,case,진주 상속등기｜상속인이 다른 지역에 … | 다옴법무사사무소,진주 상속등기 법무사. 내륙 주택·토지·농지와 아파트가 섞인 상속 목록 정리가 필요합니다. 진주 지점 없이 부산 해운대 사무소에서 관할 특례·비대면 상담부터 신청까지 진행합니다.,"진주 부동산 상속등기, 관할 특례부터 검토하기",진주 상속등기 가능 여부부터 확인하기 | 부산 해운대 사무소에 비대면으로 맡기는 이유 | 진주과 타지역 상속인의 거리 문제 | 필요서류 체크리스트 | 진행 상황 공유 방식 | 타지역 법무사를 고를 때 확인할 사항,inheritance,,inheritance,commercial,true,,true
/업무사례/거제상속등기법무사,case,거제 상속부동산 등기｜아파트·토지 필요서류와 비용 | 다옴법무사사무소,거제 상속등기 법무사. 섬 지역 토지·주택 상속에서 상속인이 육지·부산에 거주하는 경우가 많습니다. 거제 지점 없이 부산 해운대 사무소에서 관할 특례·비대면 상담부터 신청까지 진행합니다.,"거제에 있는 아파트·토지, 어디서 상속등기를 받을까",거제 상속등기 가능 여부부터 확인하기 | 부산 해운대 사무소에 비대면으로 맡기는 이유 | 거제과 타지역 상속인의 거리 문제 | 필요서류 체크리스트 | 진행 상황 공유 방식 | 타지역 법무사를 고를 때 확인할 사항,inheritance,,inheritance,commercial,true,,true
/업무사례/울산남구상속등기법무사,case,울산 남구 상속등기｜아파트·상가 비대면 진행 | 다옴법무사사무소,울산남구 상속등기 법무사. 삼산·달동 아파트·상가 상속에서 협의·위임 일정을 맞추는 상담이 많습니다. 울산남구 지점 없이 부산 해운대 사무소에서 관할 특례·비대면 상담부터 신청까지 진행합니다.,울산남구 상속인이 여러 지역에 살아도 진행 가능한가,울산남구 상속등기 가능 여부부터 확인하기 | 부산 해운대 사무소에 비대면으로 맡기는 이유 | 울산남구과 타지역 상속인의 거리 문제 | 필요서류 체크리스트 | 진행 상황 공유 방식 | 타지역 법무사를 고를 때 확인할 사항,inheritance,남구,inheritance,cost,true,,true
/업무사례/울주군상속등기법무사,case,울주군 토지 상속등기｜농지·임야·주택 상속 절차 | 다옴법무사사무소,울주군 상속등기 법무사. 온산·언양 일대 토지·주택·농지 상속에서 지번·지목 확인이 중요합니다. 울주군 지점 없이 부산 해운대 사무소에서 관할 특례·비대면 상담부터 신청까지 진행합니다.,울주군 상속부동산을 부산 방문 없이 맡기는 방법,울주군 상속등기 가능 여부부터 확인하기 | 부산 해운대 사무소에 비대면으로 맡기는 이유 | 울주군과 타지역 상속인의 거리 문제 | 필요서류 체크리스트 | 진행 상황 공유 방식 | 타지역 법무사를 고를 때 확인할 사항,inheritance,부산,inheritance,commercial,true,,true
/업무사례/대구수성구상속등기법무사,case,대구 수성구 상속등기 법무사｜아파트 … | 다옴법무사사무소,대구수성구 상속등기 법무사. 범어·수성못 인근 고급 아파트·상가 상속에서 협의분할 논의가 길어질 수 있습니다. 대구수성구 지점 없이 부산 해운대 사무소에서 관할 특례·비대면 상담부터 신청까지 진행합니다.,대구수성구 상속등기 비용과 필요서류부터 확인하기,대구수성구 부동산 목록부터 맞추는 방법 | 관할 특례와 법정 관할의 차이 | 일반적인 상담 유형 | 해외 거주 상속인이 있는 경우 | 비용 안내 방식 | 관련 지역·업무로 이어가기,inheritance,,inheritance,cost,true,,true
/업무사례/대구달서구상속등기법무사,case,대구 달서구 상속등기｜상속재산분할과 취득세 안내 | 다옴법무사사무소,대구달서구 상속등기 법무사. 성서·월성 일대 아파트·상가 상속에서 등기부·임대차를 함께 확인합니다. 대구달서구 지점 없이 부산 해운대 사무소에서 관할 특례·비대면 상담부터 신청까지 진행합니다.,"대구달서구 부동산 상속등기, 관할 특례부터 검토하기",대구달서구 상속등기 가능 여부부터 확인하기 | 부산 해운대 사무소에 비대면으로 맡기는 이유 | 대구달서구과 타지역 상속인의 거리 문제 | 필요서류 체크리스트 | 진행 상황 공유 방식 | 타지역 법무사를 고를 때 확인할 사항,inheritance,서구,inheritance,commercial,true,,true
/업무사례/포항상속등기법무사,case,포항 상속등기 법무사｜아파트·토지 한 번에 정리 | 다옴법무사사무소,포항 상속등기 법무사. 북·남구 아파트와 토지·주택이 함께 상속되는 사례가 많습니다. 포항 지점 없이 부산 해운대 사무소에서 관할 특례·비대면 상담부터 신청까지 진행합니다.,"포항에 있는 아파트·토지, 어디서 상속등기를 받을까",포항 소재 부동산의 관할 특례 검토 | 포항 아파트·토지·상가가 섞인 경우 | 여러 지역 부동산을 함께 정리할 때 | 법무사 보수와 공과금 구분 | 원본서류 전달과 본인확인 | 상담 전 확인하면 좋은 항목,inheritance,,inheritance,commercial,true,,true
/업무사례/구미상속등기법무사,case,구미 상속등기｜상속인이 타지역에 살아… | 다옴법무사사무소,구미 상속등기 법무사. 산업도시 아파트·토지 상속에서 상속인 간 거주지가 갈라진 경우가 흔합니다. 구미 지점 없이 부산 해운대 사무소에서 관할 특례·비대면 상담부터 신청까지 진행합니다.,구미 상속인이 여러 지역에 살아도 진행 가능한가,구미 상속등기 가능 여부부터 확인하기 | 부산 해운대 사무소에 비대면으로 맡기는 이유 | 구미과 타지역 상속인의 거리 문제 | 필요서류 체크리스트 | 진행 상황 공유 방식 | 타지역 법무사를 고를 때 확인할 사항,inheritance,,inheritance,cost,true,,true
/업무사례/경산상속등기법무사,case,경산 상속부동산 등기｜대구 거주 상속… | 다옴법무사사무소,경산 상속등기 법무사. 대구 인접 아파트 상속에서 관할·비대면 절차를 먼저 검토합니다. 경산 지점 없이 부산 해운대 사무소에서 관할 특례·비대면 상담부터 신청까지 진행합니다.,경산 상속부동산을 부산 방문 없이 맡기는 방법,경산 부동산 목록부터 맞추는 방법 | 관할 특례와 법정 관할의 차이 | 일반적인 상담 유형 | 해외 거주 상속인이 있는 경우 | 비용 안내 방식 | 관련 지역·업무로 이어가기,inheritance,부산,inheritance,commercial,true,,true
/업무사례/경주상속등기법무사,case,경주 토지·주택 상속등기｜필요서류와 비용 안내 | 다옴법무사사무소,경주 상속등기 법무사. 역사도시 주택·토지·농지와 아파트가 섞인 상속에서 필지 누락을 줄입니다. 경주 지점 없이 부산 해운대 사무소에서 관할 특례·비대면 상담부터 신청까지 진행합니다.,경주 상속등기 비용과 필요서류부터 확인하기,경주 부동산 목록부터 맞추는 방법 | 관할 특례와 법정 관할의 차이 | 일반적인 상담 유형 | 해외 거주 상속인이 있는 경우 | 비용 안내 방식 | 관련 지역·업무로 이어가기,inheritance,,inheritance,cost,true,,true
/업무사례/대전유성구상속등기법무사,case,대전 유성구 상속등기｜아파트·상가 비대면 진행 | 다옴법무사사무소,대전유성구 상속등기 법무사. 대덕·유성 연구단지 인근 아파트·상가 상속에서 상속인 타지역 거주가 많습니다. 대전유성구 지점 없이 부산 해운대 사무소에서 관할 특례·비대면 상담부터 신청까지 진행합니다.,"대전유성구 부동산 상속등기, 관할 특례부터 검토하기",대전유성구 부동산 목록부터 맞추는 방법 | 관할 특례와 법정 관할의 차이 | 일반적인 상담 유형 | 해외 거주 상속인이 있는 경우 | 비용 안내 방식 | 관련 지역·업무로 이어가기,inheritance,,inheritance,commercial,true,,true
/업무사례/천안상속등기법무사,case,천안 상속등기 법무사｜아파트와 토지 상속 절차 | 다옴법무사사무소,천안 상속등기 법무사. 두정·불당·배방 일대 아파트와 외곽 토지·농지가 함께 상속됩니다. 천안 지점 없이 부산 해운대 사무소에서 관할 특례·비대면 상담부터 신청까지 진행합니다.,"천안에 있는 아파트·토지, 어디서 상속등기를 받을까",천안 상속등기 가능 여부부터 확인하기 | 부산 해운대 사무소에 비대면으로 맡기는 이유 | 천안과 타지역 상속인의 거리 문제 | 필요서류 체크리스트 | 진행 상황 공유 방식 | 타지역 법무사를 고를 때 확인할 사항,inheritance,,inheritance,commercial,true,,true
/업무사례/아산상속등기법무사,case,아산 상속등기｜상속인이 다른 지역에 사는 경우 | 다옴법무사사무소,아산 상속등기 법무사. 탕정·배방 신도시와 농지·토지 상속에서 목록을 먼저 작성합니다. 아산 지점 없이 부산 해운대 사무소에서 관할 특례·비대면 상담부터 신청까지 진행합니다.,아산 상속인이 여러 지역에 살아도 진행 가능한가,아산 상속등기 가능 여부부터 확인하기 | 부산 해운대 사무소에 비대면으로 맡기는 이유 | 아산과 타지역 상속인의 거리 문제 | 필요서류 체크리스트 | 진행 상황 공유 방식 | 타지역 법무사를 고를 때 확인할 사항,inheritance,,inheritance,cost,true,,true
/업무사례/청주상속등기법무사,case,청주 상속등기 법무사｜부동산 상속 비… | 다옴법무사사무소,청주 상속등기 법무사. 흥덕·상당·서원·청원 행정구역에 걸친 아파트·토지 상속이 많습니다. 청주 지점 없이 부산 해운대 사무소에서 관할 특례·비대면 상담부터 신청까지 진행합니다.,청주 상속부동산을 부산 방문 없이 맡기는 방법,청주 부동산 목록부터 맞추는 방법 | 관할 특례와 법정 관할의 차이 | 일반적인 상담 유형 | 해외 거주 상속인이 있는 경우 | 비용 안내 방식 | 관련 지역·업무로 이어가기,inheritance,부산,inheritance,commercial,true,,true
/업무사례/충주상속등기법무사,case,충주 상속부동산 등기｜토지와 주택 일괄 검토 | 다옴법무사사무소,충주 상속등기 법무사. 내륙 주택·농지·임야와 아파트가 함께 상속되는 사례가 있습니다. 충주 지점 없이 부산 해운대 사무소에서 관할 특례·비대면 상담부터 신청까지 진행합니다.,충주 상속등기 비용과 필요서류부터 확인하기,충주 부동산 목록부터 맞추는 방법 | 관할 특례와 법정 관할의 차이 | 일반적인 상담 유형 | 해외 거주 상속인이 있는 경우 | 비용 안내 방식 | 관련 지역·업무로 이어가기,inheritance,,inheritance,cost,true,,true
/업무사례/전주상속등기법무사,case,전주 상속등기 법무사｜아파트·토지 비대면 진행 | 다옴법무사사무소,전주 상속등기 법무사. 한옥·상가와 아파트가 섞인 상속에서 권리관계 확인이 중요합니다. 전주 지점 없이 부산 해운대 사무소에서 관할 특례·비대면 상담부터 신청까지 진행합니다.,"전주 부동산 상속등기, 관할 특례부터 검토하기",전주 상속등기 가능 여부부터 확인하기 | 부산 해운대 사무소에 비대면으로 맡기는 이유 | 전주과 타지역 상속인의 거리 문제 | 필요서류 체크리스트 | 진행 상황 공유 방식 | 타지역 법무사를 고를 때 확인할 사항,inheritance,,inheritance,commercial,true,,true
/업무사례/익산상속등기법무사,case,익산 상속등기｜상속인이 전국에 흩어진 경우 | 다옴법무사사무소,익산 상속등기 법무사. 산업·주거 지역 아파트·토지 상속에서 협의·위임을 정리합니다. 익산 지점 없이 부산 해운대 사무소에서 관할 특례·비대면 상담부터 신청까지 진행합니다.,"익산에 있는 아파트·토지, 어디서 상속등기를 받을까",익산 부동산 목록부터 맞추는 방법 | 관할 특례와 법정 관할의 차이 | 일반적인 상담 유형 | 해외 거주 상속인이 있는 경우 | 비용 안내 방식 | 관련 지역·업무로 이어가기,inheritance,,inheritance,commercial,true,,true
/업무사례/군산상속등기법무사,case,군산 상속부동산 등기｜주택·상가·토지 상속 절차 | 다옴법무사사무소,군산 상속등기 법무사. 항만·구도심 상가와 아파트·토지가 함께 상속되는 경우가 많습니다. 군산 지점 없이 부산 해운대 사무소에서 관할 특례·비대면 상담부터 신청까지 진행합니다.,군산 상속인이 여러 지역에 살아도 진행 가능한가,군산 상속등기 가능 여부부터 확인하기 | 부산 해운대 사무소에 비대면으로 맡기는 이유 | 군산과 타지역 상속인의 거리 문제 | 필요서류 체크리스트 | 진행 상황 공유 방식 | 타지역 법무사를 고를 때 확인할 사항,inheritance,,inheritance,cost,true,,true
/업무사례/순천상속등기법무사,case,순천 상속등기 법무사｜아파트와 토지 일괄 진행 | 다옴법무사사무소,순천 상속등기 법무사. 순천만 인근 토지·농지와 아파트 상속에서 필지 목록이 중요합니다. 순천 지점 없이 부산 해운대 사무소에서 관할 특례·비대면 상담부터 신청까지 진행합니다.,순천 상속부동산을 부산 방문 없이 맡기는 방법,순천 상속등기 가능 여부부터 확인하기 | 부산 해운대 사무소에 비대면으로 맡기는 이유 | 순천과 타지역 상속인의 거리 문제 | 필요서류 체크리스트 | 진행 상황 공유 방식 | 타지역 법무사를 고를 때 확인할 사항,inheritance,부산,inheritance,commercial,true,,true
/업무사례/여수상속등기법무사,case,여수 상속등기｜상속인이 타지역에 살아… | 다옴법무사사무소,여수 상속등기 법무사. 연안 주택·토지·상가와 아파트 상속에서 상속인 수도권 거주가 흔합니다. 여수 지점 없이 부산 해운대 사무소에서 관할 특례·비대면 상담부터 신청까지 진행합니다.,여수 상속등기 비용과 필요서류부터 확인하기,여수 상속등기 가능 여부부터 확인하기 | 부산 해운대 사무소에 비대면으로 맡기는 이유 | 여수과 타지역 상속인의 거리 문제 | 필요서류 체크리스트 | 진행 상황 공유 방식 | 타지역 법무사를 고를 때 확인할 사항,inheritance,,inheritance,cost,true,,true
/업무사례/목포상속등기법무사,case,목포 상속부동산 등기｜필요서류와 법무사 비용 | 다옴법무사사무소,목포 상속등기 법무사. 항구·구도심 상가·주택과 아파트 상속에서 등기부를 함께 확인합니다. 목포 지점 없이 부산 해운대 사무소에서 관할 특례·비대면 상담부터 신청까지 진행합니다.,"목포 부동산 상속등기, 관할 특례부터 검토하기",목포 부동산 목록부터 맞추는 방법 | 관할 특례와 법정 관할의 차이 | 일반적인 상담 유형 | 해외 거주 상속인이 있는 경우 | 비용 안내 방식 | 관련 지역·업무로 이어가기,inheritance,,inheritance,commercial,true,,true
/업무사례/원주상속등기법무사,case,원주 상속등기 법무사｜아파트·토지 비대면 진행 | 다옴법무사사무소,원주 상속등기 법무사. 단구·명륜 아파트와 외곽 토지·농지 상속에서 지번 확인이 중요합니다. 원주 지점 없이 부산 해운대 사무소에서 관할 특례·비대면 상담부터 신청까지 진행합니다.,"원주에 있는 아파트·토지, 어디서 상속등기를 받을까",원주 상속등기 가능 여부부터 확인하기 | 부산 해운대 사무소에 비대면으로 맡기는 이유 | 원주과 타지역 상속인의 거리 문제 | 필요서류 체크리스트 | 진행 상황 공유 방식 | 타지역 법무사를 고를 때 확인할 사항,inheritance,,inheritance,commercial,true,,true
/업무사례/춘천상속등기법무사,case,춘천 상속등기｜상속인이 수도권에 거주하는 경우 | 다옴법무사사무소,춘천 상속등기 법무사. 호수·도심 아파트와 주택·토지가 함께 상속되는 사례가 많습니다. 춘천 지점 없이 부산 해운대 사무소에서 관할 특례·비대면 상담부터 신청까지 진행합니다.,춘천 상속인이 여러 지역에 살아도 진행 가능한가,춘천 상속등기 가능 여부부터 확인하기 | 부산 해운대 사무소에 비대면으로 맡기는 이유 | 춘천과 타지역 상속인의 거리 문제 | 필요서류 체크리스트 | 진행 상황 공유 방식 | 타지역 법무사를 고를 때 확인할 사항,inheritance,,inheritance,cost,true,,true
/업무사례/강릉상속등기법무사,case,강릉 상속부동산 등기｜주택·토지 상속 절차와 비용 | 다옴법무사사무소,강릉 상속등기 법무사. 연안·내륙 토지·주택·농지와 아파트 상속에서 상속인 타지역 거주가 흔합니다. 강릉 지점 없이 부산 해운대 사무소에서 관할 특례·비대면 상담부터 신청까지 진행합니다.,강릉 상속부동산을 부산 방문 없이 맡기는 방법,강릉 상속등기 가능 여부부터 확인하기 | 부산 해운대 사무소에 비대면으로 맡기는 이유 | 강릉과 타지역 상속인의 거리 문제 | 필요서류 체크리스트 | 진행 상황 공유 방식 | 타지역 법무사를 고를 때 확인할 사항,inheritance,부산,inheritance,commercial,true,,true
/업무사례/제주시상속등기법무사,case,제주시 상속등기 법무사｜육지 거주 상… | 다옴법무사사무소,제주시 상속등기 법무사. 제주시 아파트·토지·농지 상속에서 상속인이 육지에 거주하는 경우가 많습니다. 제주시 지점 없이 부산 해운대 사무소에서 관할 특례·비대면 상담부터 신청까지 진행합니다.,제주시 상속등기 비용과 필요서류부터 확인하기,제주시 상속등기 가능 여부부터 확인하기 | 부산 해운대 사무소에 비대면으로 맡기는 이유 | 제주시과 타지역 상속인의 거리 문제 | 필요서류 체크리스트 | 진행 상황 공유 방식 | 타지역 법무사를 고를 때 확인할 사항,inheritance,,inheritance,cost,true,,true
/업무사례/서귀포상속등기법무사,case,서귀포 상속부동산 등기｜토지·주택 상속 필요서류 | 다옴법무사사무소,서귀포 상속등기 법무사. 서귀포·중문 토지·주택·농지 상속에서 방문 없이 가능한 단계를 구분해 안내합니다. 서귀포 지점 없이 부산 해운대 사무소에서 관할 특례·비대면 상담부터 신청까지 진행합니다.,"서귀포 부동산 상속등기, 관할 특례부터 검토하기",서귀포 상속등기 가능 여부부터 확인하기 | 부산 해운대 사무소에 비대면으로 맡기는 이유 | 서귀포과 타지역 상속인의 거리 문제 | 필요서류 체크리스트 | 진행 상황 공유 방식 | 타지역 법무사를 고를 때 확인할 사항,inheritance,,inheritance,commercial,true,,true
/업무사례/시흥상속등기법무사,case,시흥 상속등기｜배곧 아파트와 정왕 공… | 다옴법무사사무소,시흥 상속등기 법무사. 배곧·은계 신도시 아파트와 정왕·시화 공단 내 공장·창고가 함께 상속되면 건물 종류별로 확인할 서류가 다릅니다. 시흥 지점 없이 부산 해운대 사무소에서 관할 특례·비대면 상담부터 신청까지…,"시흥 배곧·정왕, 아파트와 공장이 섞인 상속을 정리하는 순서",시흥 소재 부동산의 관할 특례 검토 | 시흥 아파트·토지·상가가 섞인 경우 | 여러 지역 부동산을 함께 정리할 때 | 법무사 보수와 공과금 구분 | 원본서류 전달과 본인확인 | 상담 전 확인하면 좋은 항목,inheritance,,inheritance,commercial,true,,true
/업무사례/경기광주상속등기법무사,case,경기도 광주 상속등기｜광주광역시와 헷… | 다옴법무사사무소,경기 광주 상속등기 법무사. 오포·곤지암 등 경기도 광주시 아파트·전원주택·농지 상속에서 광주광역시와 지역을 혼동하지 않는 것이 먼저입니다. 경기광주 지점 없이 부산 해운대 사무소에서 관할 특례·비대면 상담부터…,"경기도 광주시 상속부동산, 광주광역시와 다른 절차인가요","경기광주 상속등기, 부산 법무사에게 맡길 수 있을까 | 경기광주에서 자주 문의되는 상황 | 상속인이 다른 지역에 거주하는 경우 | 상속재산분할협의와 서류 준비 | 취득세·국민주택채권·등기신청수수료 | 비대면으로 진행하는 절차",inheritance,,inheritance,commercial,true,,true
/업무사례/판교상속등기법무사,case,판교 상속등기｜테크노밸리 오피스와 아… | 다옴법무사사무소,판교 상속등기 법무사. 판교 테크노밸리 오피스·상가와 아파트가 함께 상속되면 구분소유·임대차 확인이 우선입니다. 분당·성남과는 생활권이 겹치지만 판교 지점 없이 부산 해운대 사무소에서 관할 특례·비대면 상담부터…,"판교 아파트와 오피스, 두 가지 부동산을 한 번에 정리하려면",판교 상속등기 가능 여부부터 확인하기 | 부산 해운대 사무소에 비대면으로 맡기는 이유 | 판교과 타지역 상속인의 거리 문제 | 필요서류 체크리스트 | 진행 상황 공유 방식 | 타지역 법무사를 고를 때 확인할 사항,inheritance,,inheritance,commercial,true,,true
/업무사례/광교상속등기법무사,case,광교 상속등기｜수원과 용인에 걸친 생… | 다옴법무사사무소,광교 상속등기 법무사. 광교 신도시는 행정구역상 수원 영통구와 용인 수지구에 걸쳐 있어 등기소 관할을 먼저 확인해야 합니다. 광교 지점 없이 부산 해운대 사무소에서 관할 특례·비대면 상담부터 신청까지 진행합니다.,광교 신도시가 수원·용인에 걸쳐 있어도 진행 절차는 같을까,광교 부동산 목록부터 맞추는 방법 | 관할 특례와 법정 관할의 차이 | 일반적인 상담 유형 | 해외 거주 상속인이 있는 경우 | 비용 안내 방식 | 관련 지역·업무로 이어가기,inheritance,,inheritance,commercial,true,,true
/업무사례/이천상속등기법무사,case,이천 상속등기｜물류창고·공장 부지 상… | 다옴법무사사무소,이천 상속등기 법무사. 대형 물류창고·공장 부지와 농지·주택이 함께 상속되는 경우 건축물대장·지목 확인이 우선입니다. 이천 지점 없이 부산 해운대 사무소에서 관할 특례·비대면 상담부터 신청까지 진행합니다.,이천 물류센터와 농지가 함께 상속됐다면 무엇부터 볼까,이천 상속등기 가능 여부부터 확인하기 | 부산 해운대 사무소에 비대면으로 맡기는 이유 | 이천과 타지역 상속인의 거리 문제 | 필요서류 체크리스트 | 진행 상황 공유 방식 | 타지역 법무사를 고를 때 확인할 사항,inheritance,,inheritance,commercial,true,,true
/업무사례/구리상속등기법무사,case,구리 상속등기｜서울과 붙어 있는 소형… | 다옴법무사사무소,구리 상속등기 법무사. 서울과 경계를 맞댄 소형 주택·다세대 상속에서 서울 관할로 착각하는 경우가 있습니다. 구리 지점 없이 부산 해운대 사무소에서 관할 특례·비대면 상담부터 신청까지 진행합니다.,"구리 소형 주택·다세대 상속, 서울 상속등기와 무엇이 다를까",구리 상속등기 가능 여부부터 확인하기 | 부산 해운대 사무소에 비대면으로 맡기는 이유 | 구리과 타지역 상속인의 거리 문제 | 필요서류 체크리스트 | 진행 상황 공유 방식 | 타지역 법무사를 고를 때 확인할 사항,inheritance,,inheritance,commercial,true,,true
/업무사례/양주상속등기법무사,case,양주 상속등기｜옥정 신도시 아파트와 … | 다옴법무사사무소,양주 상속등기 법무사. 옥정·회천 신도시 아파트와 외곽 농지·임야가 함께 상속되면 지목·건물 유형별로 확인 방식이 다릅니다. 양주 지점 없이 부산 해운대 사무소에서 관할 특례·비대면 상담부터 신청까지 진행합니다.,"양주 옥정·회천 아파트와 외곽 농지, 서류가 왜 다를까",양주 부동산 목록부터 맞추는 방법 | 관할 특례와 법정 관할의 차이 | 일반적인 상담 유형 | 해외 거주 상속인이 있는 경우 | 비용 안내 방식 | 관련 지역·업무로 이어가기,inheritance,,inheritance,documents,true,,true
/업무사례/강동구상속등기법무사,case,강동구 상속등기｜고덕·강일 대단지 입… | 다옴법무사사무소,강동구 상속등기 법무사. 고덕·강일 신축 대단지는 입주 시기에 따라 근저당·중도금대출 정리 여부가 다를 수 있습니다. 강동구 지점 없이 부산 해운대 사무소에서 관할 특례·비대면 상담부터 신청까지 진행합니다.,"강동구 고덕·강일 신축 대단지, 입주 시기별로 다른 확인사항",강동구 상속등기 가능 여부부터 확인하기 | 부산 해운대 사무소에 비대면으로 맡기는 이유 | 강동구과 타지역 상속인의 거리 문제 | 필요서류 체크리스트 | 진행 상황 공유 방식 | 타지역 법무사를 고를 때 확인할 사항,inheritance,동구,inheritance,commercial,true,,true
/업무사례/관악구상속등기법무사,case,관악구 빌라 상속등기｜다세대 공동상속… | 다옴법무사사무소,관악구 빌라 상속등기 법무사. 신림·봉천 일대 다세대·빌라는 공동상속인이 많고 지분이 잘게 나뉜 경우가 흔합니다. 관악구 지점 없이 부산 해운대 사무소에서 관할 특례·비대면 상담부터 신청까지 진행합니다.,"관악구 다세대·빌라, 공동상속인이 많을 때 협의 순서",관악구 부동산 목록부터 맞추는 방법 | 관할 특례와 법정 관할의 차이 | 일반적인 상담 유형 | 해외 거주 상속인이 있는 경우 | 비용 안내 방식 | 관련 지역·업무로 이어가기,inheritance,,inheritance,commercial,true,,true
/업무사례/구로구상속등기법무사,case,구로구 상속등기법무사｜공단 인근 건물… | 다옴법무사사무소,구로구 상속등기법무사. 구로디지털단지 인근 지식산업센터·공장 건물과 주거용 아파트가 함께 상속되는 경우 건물 용도부터 구분합니다. 구로구 지점 없이 부산 해운대 사무소에서 관할 특례·비대면 상담부터 신청까지 진…,"구로 공단 건물과 주거용 아파트, 상속 시 확인이 다른가요",구로구 상속등기 가능 여부부터 확인하기 | 부산 해운대 사무소에 비대면으로 맡기는 이유 | 구로구과 타지역 상속인의 거리 문제 | 필요서류 체크리스트 | 진행 상황 공유 방식 | 타지역 법무사를 고를 때 확인할 사항,inheritance,,inheritance,commercial,true,,true
/업무사례/대전서구상속등기법무사,case,대전 서구 상속등기｜둔산 상권과 유성… | 다옴법무사사무소,대전 서구 상속등기 법무사. 둔산동 행정·상업 중심 아파트·상가 상속에서 유성구와 지역을 혼동하는 경우가 있습니다. 대전서구 지점 없이 부산 해운대 사무소에서 관할 특례·비대면 상담부터 신청까지 진행합니다.,"대전 서구 둔산 아파트·상가, 유성구와는 어떻게 다른가",대전서구 상속등기 가능 여부부터 확인하기 | 부산 해운대 사무소에 비대면으로 맡기는 이유 | 대전서구과 타지역 상속인의 거리 문제 | 필요서류 체크리스트 | 진행 상황 공유 방식 | 타지역 법무사를 고를 때 확인할 사항,inheritance,서구,inheritance,commercial,true,,true
/업무사례/당진상속등기법무사,case,당진 상속등기｜산업단지·항만 부동산 … | 다옴법무사사무소,당진 상속등기 법무사. 제철·산업단지와 항만 인근 공장·창고 부동산 상속에서 근저당·임대차 확인이 먼저입니다. 당진 지점 없이 부산 해운대 사무소에서 관할 특례·비대면 상담부터 신청까지 진행합니다.,"당진 공장·항만 부지 상속, 등기부 확인부터 다른 이유",당진 부동산 목록부터 맞추는 방법 | 관할 특례와 법정 관할의 차이 | 일반적인 상담 유형 | 해외 거주 상속인이 있는 경우 | 비용 안내 방식 | 관련 지역·업무로 이어가기,inheritance,,inheritance,commercial,true,,true
/업무사례/제천상속등기법무사,case,제천 상속등기｜전원주택과 임야가 함께 있는 경우 | 다옴법무사사무소,제천 상속등기 법무사. 청풍호 인근 전원주택과 임야·농지가 함께 상속되는 경우 지목·면적 확인이 우선입니다. 제천 지점 없이 부산 해운대 사무소에서 관할 특례·비대면 상담부터 신청까지 진행합니다.,"제천 전원주택·임야 상속, 지목별로 준비할 서류가 다릅니다",제천 상속등기 가능 여부부터 확인하기 | 부산 해운대 사무소에 비대면으로 맡기는 이유 | 제천과 타지역 상속인의 거리 문제 | 필요서류 체크리스트 | 진행 상황 공유 방식 | 타지역 법무사를 고를 때 확인할 사항,inheritance,,inheritance,documents,true,,true
/업무사례/속초상속등기법무사,case,속초 비대면 상속등기｜별장·펜션 상속… | 다옴법무사사무소,속초 비대면 상속등기 법무사. 별장·펜션으로 쓰던 부동산을 수도권 거주 상속인이 물려받으면 방문 횟수를 줄이는 절차가 중요합니다. 속초 지점 없이 부산 해운대 사무소에서 관할 특례·비대면 상담부터 신청까지 진행…,속초 별장·펜션을 수도권 상속인이 방문 없이 정리하는 방법,속초 부동산 목록부터 맞추는 방법 | 관할 특례와 법정 관할의 차이 | 일반적인 상담 유형 | 해외 거주 상속인이 있는 경우 | 비용 안내 방식 | 관련 지역·업무로 이어가기,inheritance,,inheritance,commercial,true,,true
/업무사례/광양상속등기법무사,case,광양 상속등기｜제철·공단 부동산과 여… | 다옴법무사사무소,광양 상속등기 법무사. 광양제철소 인근 공단 부지·상가 상속에서 여수·순천과 생활권이 겹쳐 지역을 혼동하는 경우가 있습니다. 광양 지점 없이 부산 해운대 사무소에서 관할 특례·비대면 상담부터 신청까지 진행합니다.,"광양 제철·공단 부지 상속, 여수·순천과 무엇이 다른가요",광양 상속등기 가능 여부부터 확인하기 | 부산 해운대 사무소에 비대면으로 맡기는 이유 | 광양과 타지역 상속인의 거리 문제 | 필요서류 체크리스트 | 진행 상황 공유 방식 | 타지역 법무사를 고를 때 확인할 사항,inheritance,,inheritance,commercial,true,,true
/업무사례/군포상속등기법무사,case,군포 상속등기｜산본 대단지 아파트와 … | 다옴법무사사무소,군포 상속등기 법무사. 산본 대단지 아파트·다가구·상가가 함께 상속되면 건물 종류별로 확인할 서류가 다릅니다. 군포 지점 없이 부산 해운대 사무소에서 관할 특례·비대면 상담부터 신청까지 진행합니다.,"군포·산본 아파트와 다가구, 상속등기를 한 번에 정리하는 순서",군포 상속등기 가능 여부부터 확인하기 | 부산 해운대 사무소에 비대면으로 맡기는 이유 | 군포과 타지역 상속인의 거리 문제 | 필요서류 체크리스트 | 진행 상황 공유 방식 | 타지역 법무사를 고를 때 확인할 사항,inheritance,,inheritance,commercial,true,,true
/업무사례/의왕과천상속등기법무사,case,의왕·과천 상속등기｜인덕원 생활권 경… | 다옴법무사사무소,의왕·과천 상속등기 법무사. 인덕원·과천 아파트와 의왕 주택·임야가 함께 있으면 행정구역별로 관할이 달라질 수 있습니다. 해당 지역 지점 없이 부산 해운대 사무소에서 관할 특례·비대면으로 진행합니다.,"의왕·과천·인덕원, 생활권은 한데인데 등기 관할은 다를까",의왕·과천 소재 부동산의 관할 특례 검토 | 의왕·과천 아파트·토지·상가가 섞인 경우 | 여러 지역 부동산을 함께 정리할 때 | 법무사 보수와 공과금 구분 | 원본서류 전달과 본인확인 | 상담 전 확인하면 좋은 항목,inheritance,,inheritance,commercial,true,,true
/업무사례/오산안성상속등기법무사,case,오산·안성 상속등기｜신도시 아파트와 … | 다옴법무사사무소,오산·안성 상속등기 법무사. 오산 신축 아파트와 안성 농지·공장 부지가 함께 상속되면 지목·건물별로 서류가 달라집니다. 지점 없이 부산 해운대 사무소에서 관할 특례·비대면 상담을 진행합니다.,"오산 아파트와 안성 농지, 한 상속으로 묶였다면 무엇부터",오산·안성 소재 부동산의 관할 특례 검토 | 오산·안성 아파트·토지·상가가 섞인 경우 | 여러 지역 부동산을 함께 정리할 때 | 법무사 보수와 공과금 구분 | 원본서류 전달과 본인확인 | 상담 전 확인하면 좋은 항목,inheritance,,inheritance,commercial,true,,true
/업무사례/여주양평상속등기법무사,case,여주·양평 상속등기｜전원주택·농지·임… | 다옴법무사사무소,여주·양평 상속등기 법무사. 전원주택과 농지·임야가 함께 상속되면 지목과 건축물 확인이 우선입니다. 여주·양평 지점 없이 부산 해운대 사무소에서 관할 특례·비대면으로 진행합니다.,"여주·양평 전원주택과 농지, 원격 상속인이 정리하는 법",여주·양평 상속등기 가능 여부부터 확인하기 | 부산 해운대 사무소에 비대면으로 맡기는 이유 | 여주·양평과 타지역 상속인의 거리 문제 | 필요서류 체크리스트 | 진행 상황 공유 방식 | 타지역 법무사를 고를 때 확인할 사항,inheritance,,inheritance,commercial,true,,true
/업무사례/포천동두천상속등기법무사,case,포천·동두천 상속등기｜북부 농지와 소… | 다옴법무사사무소,포천·동두천 상속등기 법무사. 포천 농지·임야와 동두천 소형 아파트·다가구가 함께 상속되면 종류별 확인이 필요합니다. 지점 없이 부산 해운대 사무소에서 관할 특례·비대면으로 진행합니다.,"포천 농지와 동두천 주택, 북부 경기 상속등기 정리 순서",포천·동두천 소재 부동산의 관할 특례 검토 | 포천·동두천 아파트·토지·상가가 섞인 경우 | 여러 지역 부동산을 함께 정리할 때 | 법무사 보수와 공과금 구분 | 원본서류 전달과 본인확인 | 상담 전 확인하면 좋은 항목,inheritance,,inheritance,commercial,true,,true
/업무사례/가평상속등기법무사,case,가평 상속등기｜펜션·임야·전원주택을 … | 다옴법무사사무소,가평 상속등기 법무사. 펜션·임야·전원주택이 함께 상속되면 건물·지목별로 확인이 달라집니다. 가평 지점 없이 부산 해운대 사무소에서 관할 특례·비대면 상담부터 신청까지 진행합니다.,"가평 펜션과 임야 상속, 타지역 상속인이 확인할 서류",가평 소재 부동산의 관할 특례 검토 | 가평 아파트·토지·상가가 섞인 경우 | 여러 지역 부동산을 함께 정리할 때 | 법무사 보수와 공과금 구분 | 원본서류 전달과 본인확인 | 상담 전 확인하면 좋은 항목,inheritance,,inheritance,documents,true,,true
/업무사례/서산보령상속등기법무사,case,서산·보령 상속등기｜서해안 아파트·상… | 다옴법무사사무소,서산·보령 상속등기 법무사. 서산 아파트·공장과 보령 상가·해안 토지가 함께 상속되면 종류별 확인이 필요합니다. 지점 없이 부산 해운대 사무소에서 관할 특례·비대면으로 진행합니다.,"서산·보령 서해안 부동산 상속, 원격으로 서류 맞추는 법",서산·보령 소재 부동산의 관할 특례 검토 | 서산·보령 아파트·토지·상가가 섞인 경우 | 여러 지역 부동산을 함께 정리할 때 | 법무사 보수와 공과금 구분 | 원본서류 전달과 본인확인 | 상담 전 확인하면 좋은 항목,inheritance,,inheritance,documents,true,,true
/업무사례/공주상속등기법무사,case,공주 상속등기｜구도심 주택과 외곽 농… | 다옴법무사사무소,공주 상속등기 법무사. 구도심 주택·상가와 외곽 농지·임야가 함께 상속되면 건물·지목별로 확인이 달라집니다. 공주 지점 없이 부산 해운대 사무소에서 관할 특례·비대면으로 진행합니다.,"공주 구도심 주택과 외곽 농지, 상속등기 서류가 다른 이유",공주 부동산 목록부터 맞추는 방법 | 관할 특례와 법정 관할의 차이 | 일반적인 상담 유형 | 해외 거주 상속인이 있는 경우 | 비용 안내 방식 | 관련 지역·업무로 이어가기,inheritance,,inheritance,documents,true,,true
/업무사례/나주정읍상속등기법무사,case,나주·정읍 상속등기｜혁신도시 아파트와… | 다옴법무사사무소,나주·정읍 상속등기 법무사. 나주 혁신도시 아파트와 정읍 농지·주택이 함께 상속되면 지역·종류별 확인이 필요합니다. 지점 없이 부산 해운대 사무소에서 관할 특례·비대면으로 진행합니다.,"나주·정읍 호남 부동산 상속, 원격 상속인이 맞출 서류",나주·정읍 상속등기 가능 여부부터 확인하기 | 부산 해운대 사무소에 비대면으로 맡기는 이유 | 나주·정읍과 타지역 상속인의 거리 문제 | 필요서류 체크리스트 | 진행 상황 공유 방식 | 타지역 법무사를 고를 때 확인할 사항,inheritance,,inheritance,documents,true,,true
/업무사례/남원상속등기법무사,case,남원 상속등기｜시내 주택과 지리산 인… | 다옴법무사사무소,남원 상속등기 법무사. 시내 주택·상가와 지리산 인근 농지·임야가 함께 상속되면 종류별 확인이 필요합니다. 남원 지점 없이 부산 해운대 사무소에서 관할 특례·비대면으로 진행합니다.,"남원 시내 주택과 외곽 농지, 타지역 상속등기 진행 순서",남원 상속등기 가능 여부부터 확인하기 | 부산 해운대 사무소에 비대면으로 맡기는 이유 | 남원과 타지역 상속인의 거리 문제 | 필요서류 체크리스트 | 진행 상황 공유 방식 | 타지역 법무사를 고를 때 확인할 사항,inheritance,,inheritance,commercial,true,,true
/업무사례/동해삼척상속등기법무사,case,동해·삼척 상속등기｜동해안 아파트·주… | 다옴법무사사무소,동해·삼척 상속등기 법무사. 동해 아파트·상가와 삼척 주택·해안 토지가 함께 상속되면 종류별 확인이 필요합니다. 지점 없이 부산 해운대 사무소에서 관할 특례·비대면으로 진행합니다.,"동해·삼척 동해안 부동산 상속, 원격으로 정리하는 순서",동해·삼척 상속등기 가능 여부부터 확인하기 | 부산 해운대 사무소에 비대면으로 맡기는 이유 | 동해·삼척과 타지역 상속인의 거리 문제 | 필요서류 체크리스트 | 진행 상황 공유 방식 | 타지역 법무사를 고를 때 확인할 사항,inheritance,,inheritance,commercial,true,,true
/업무사례/홍천상속등기법무사,case,홍천 상속등기｜농지·임야·전원주택을 … | 다옴법무사사무소,홍천 상속등기 법무사. 농지·임야·전원주택이 함께 상속되면 지목·건물별로 확인이 달라집니다. 홍천 지점 없이 부산 해운대 사무소에서 관할 특례·비대면 상담부터 신청까지 진행합니다.,"홍천 농지와 임야 상속, 타지역에서 서류를 맞추는 법",홍천 부동산 목록부터 맞추는 방법 | 관할 특례와 법정 관할의 차이 | 일반적인 상담 유형 | 해외 거주 상속인이 있는 경우 | 비용 안내 방식 | 관련 지역·업무로 이어가기,inheritance,,inheritance,documents,true,,true
/업무사례/경남법무사업무,case,경남 법무사 업무 안내｜김해·양산·창… | 다옴법무사사무소,경남 법무사 업무 허브. 김해·양산·창원 상속등기·법인등기·유증등기를 부산 해운대 사무소에서 비대면으로 검토합니다. 경남 지점 없음. 해운대·센텀 다옴법무사사무소에서 전화·카카오톡·방문(예약) 상담이 가능합니다.,김해·양산·창원 등 경남에서도 맡길 수 있는 법무사 업무,경남에서 문의할 수 있는 업무 | 경남 사건을 한 사무소에서 검토하는 방법 | 안윤정 법무사가 직접 확인하는 범위 | 원본서류가 필요한 단계 | 여러 필지·여러 지역이 섞인 경우 | 협의분할과 법정지분 | 취득세·국민주택채권·수수료 | 일반적인 상담 유형 | 상담 전 준비하면 좋은 정보,inheritance,,inheritance,commercial,true,,true
/업무사례/장유상속등기법무사,case,장유 상속등기 법무사｜아파트·상가 비대면 상담 | 다옴법무사사무소,김해 장유 아파트·상가 상속등기. 부산 해운대 사무소에서 관할 특례·비대면 진행. 김해 지점 없음. 해운대·센텀 다옴법무사사무소에서 전화·카카오톡·방문(예약) 상담이 가능합니다.,김해 장유 아파트·상가 상속등기를 어디에 맡길까,장유 사건을 한 사무소에서 검토하는 방법 | 안윤정 법무사가 직접 확인하는 범위 | 원본서류가 필요한 단계 | 여러 필지·여러 지역이 섞인 경우 | 협의분할과 법정지분 | 취득세·국민주택채권·수수료 | 일반적인 상담 유형 | 상담 전 준비하면 좋은 정보,inheritance,,inheritance,commercial,true,,true
/업무사례/율하상속등기법무사,case,김해 율하 상속등기｜아파트 상속 비용과 필요서류 | 다옴법무사사무소,김해 율하 아파트 상속등기 비용·서류·절차. 부산 해운대 사무소 비대면 진행. 김해 지점 없음. 해운대·센텀 다옴법무사사무소에서 전화·카카오톡·방문(예약) 상담이 가능합니다.,김해 율하 아파트 상속등기 비용과 필요서류,율하 상속등기 가능 여부 | 부산 해운대 사무소에 맡길 수 있는 이유 | 관할·신청 방식 안내 | 율하에서 자주 문의되는 상황 | 방문 상담이 적합한 경우 | 비대면으로 먼저 검토하는 경우 | 필요서류와 진행 절차 | 법무사 보수와 공과금,inheritance,,inheritance,cost,true,,true
/업무사례/물금상속등기법무사,case,양산 물금 상속등기 법무사｜아파트 상속 비용·서류 | 다옴법무사사무소,양산 물금 아파트 상속등기 비용·서류·절차. 부산 해운대 사무소에서 비대면 진행. 양산 지점 없음. 해운대·센텀 다옴법무사사무소에서 전화·카카오톡·방문(예약) 상담이 가능합니다.,양산 물금 아파트 상속등기 비용과 서류 정리,검색하신 물금 업무에 대한 바로 답변 | 사무소 위치와 지점 안내(오인 방지) | 법정 관할과 특례를 구분하는 방법 | 물금 고유 상담 상황 | 가까운 경남이라 방문하고 싶을 때 | 서류 사진으로 시작하는 방법 | 비용 구성과 처리기간 | 관련 지역·업무로 이어가기,inheritance,,inheritance,cost,true,,true
/업무사례/증산상속등기법무사,case,양산 증산 상속등기｜신도시 아파트 비대면 진행 | 다옴법무사사무소,양산 증산 신도시 아파트 상속등기. 부산 해운대 사무소 비대면·방문 검토. 양산 지점 없음. 해운대·센텀 다옴법무사사무소에서 전화·카카오톡·방문(예약) 상담이 가능합니다.,양산 증산 신도시 아파트 상속등기 절차,증산 사건을 한 사무소에서 검토하는 방법 | 안윤정 법무사가 직접 확인하는 범위 | 원본서류가 필요한 단계 | 여러 필지·여러 지역이 섞인 경우 | 협의분할과 법정지분 | 취득세·국민주택채권·수수료 | 일반적인 상담 유형 | 상담 전 준비하면 좋은 정보,inheritance,,inheritance,commercial,true,,true
/업무사례/사송상속등기법무사,case,양산 사송 상속등기｜신축 아파트 상속 절차와 비용 | 다옴법무사사무소,양산 사송 신축 아파트 상속등기 절차·비용. 부산 해운대 사무소 비대면 진행. 양산 지점 없음. 해운대·센텀 다옴법무사사무소에서 전화·카카오톡·방문(예약) 상담이 가능합니다.,양산 사송 신축 아파트 상속등기 절차와 비용,검색하신 사송 업무에 대한 바로 답변 | 사무소 위치와 지점 안내(오인 방지) | 법정 관할과 특례를 구분하는 방법 | 사송 고유 상담 상황 | 가까운 경남이라 방문하고 싶을 때 | 서류 사진으로 시작하는 방법 | 비용 구성과 처리기간 | 관련 지역·업무로 이어가기,inheritance,,inheritance,cost,true,,true
/업무사례/창원의창구상속등기법무사,case,창원 의창구 상속등기｜북면·동읍·팔용 부동산 상담 | 다옴법무사사무소,창원 의창구·북면·동읍·팔용 부동산 상속등기. 부산 해운대 사무소 비대면 진행. 창원 지점 없음. 해운대·센텀 다옴법무사사무소에서 전화·카카오톡·방문(예약) 상담이 가능합니다.,창원 의창구·북면·동읍·팔용 부동산 상속등기,의창구 상속등기 가능 여부 | 부산 해운대 사무소에 맡길 수 있는 이유 | 관할·신청 방식 안내 | 의창구에서 자주 문의되는 상황 | 방문 상담이 적합한 경우 | 비대면으로 먼저 검토하는 경우 | 필요서류와 진행 절차 | 법무사 보수와 공과금,inheritance,,inheritance,commercial,true,,true
/업무사례/창원성산구상속등기법무사,case,창원 성산구 상속등기｜상남·용호·사파 아파트 상속 | 다옴법무사사무소,창원 성산구 상남·용호·사파 아파트 상속등기. 부산 해운대 사무소 검토. 창원 지점 없음. 해운대·센텀 다옴법무사사무소에서 전화·카카오톡·방문(예약) 상담이 가능합니다.,창원 성산구 상남·용호·사파 아파트 상속등기,검색하신 성산구 업무에 대한 바로 답변 | 사무소 위치와 지점 안내(오인 방지) | 법정 관할과 특례를 구분하는 방법 | 성산구 고유 상담 상황 | 가까운 경남이라 방문하고 싶을 때 | 서류 사진으로 시작하는 방법 | 비용 구성과 처리기간 | 관련 지역·업무로 이어가기,inheritance,,inheritance,commercial,true,,true
/업무사례/마산합포구상속등기법무사,case,마산합포구 상속등기｜월영·현동·진동 주택과 토지 | 다옴법무사사무소,마산합포구 월영·현동·진동 주택·토지 상속등기. 부산 해운대 사무소 검토. 창원 지점 없음. 해운대·센텀 다옴법무사사무소에서 전화·카카오톡·방문(예약) 상담이 가능합니다.,마산합포구 월영·현동·진동 주택·토지 상속등기,마산합포구 사건을 한 사무소에서 검토하는 방법 | 안윤정 법무사가 직접 확인하는 범위 | 원본서류가 필요한 단계 | 여러 필지·여러 지역이 섞인 경우 | 협의분할과 법정지분 | 취득세·국민주택채권·수수료 | 일반적인 상담 유형 | 상담 전 준비하면 좋은 정보,inheritance,,inheritance,commercial,true,,true
/업무사례/마산회원구상속등기법무사,case,마산회원구 상속등기｜양덕·합성·내서 부동산 정리 | 다옴법무사사무소,마산회원구 양덕·합성·내서 부동산 상속등기. 부산 해운대 사무소 비대면 진행. 창원 지점 없음. 해운대·센텀 다옴법무사사무소에서 전화·카카오톡·방문(예약) 상담이 가능합니다.,마산회원구 양덕·합성·내서 부동산 상속 정리,검색하신 마산회원구 업무에 대한 바로 답변 | 사무소 위치와 지점 안내(오인 방지) | 법정 관할과 특례를 구분하는 방법 | 마산회원구 고유 상담 상황 | 가까운 경남이라 방문하고 싶을 때 | 서류 사진으로 시작하는 방법 | 비용 구성과 처리기간 | 관련 지역·업무로 이어가기,inheritance,,inheritance,commercial,true,,true
/업무사례/진해구상속등기법무사,case,진해구 상속등기 법무사｜석동·용원·웅… | 다옴법무사사무소,창원 진해구 석동·용원·웅천 부동산 상속등기. 부산 해운대 사무소 검토. 창원 지점 없음. 해운대·센텀 다옴법무사사무소에서 전화·카카오톡·방문(예약) 상담이 가능합니다.,진해구 석동·용원·웅천 부동산 상속등기 상담,검색하신 진해구 업무에 대한 바로 답변 | 사무소 위치와 지점 안내(오인 방지) | 법정 관할과 특례를 구분하는 방법 | 진해구 고유 상담 상황 | 가까운 경남이라 방문하고 싶을 때 | 서류 사진으로 시작하는 방법 | 비용 구성과 처리기간 | 관련 지역·업무로 이어가기,inheritance,,inheritance,consult,true,,true
/업무사례/경남상속등기비용,case,경남 상속등기 비용｜법무사 보수·취득세·채권 구분 | 다옴법무사사무소,경남 상속등기 비용 구성. 법무사 보수·등기 수수료·취득세·국민주택채권 구분. 부산 해운대 사무소 안내. 해운대·센텀 다옴법무사사무소에서 전화·카카오톡·방문(예약) 상담이 가능합니다.,경남 상속등기 비용 — 보수·취득세·채권 구분,경남 상속등기 가능 여부 | 부산 해운대 사무소에 맡길 수 있는 이유 | 관할·신청 방식 안내 | 경남에서 자주 문의되는 상황 | 방문 상담이 적합한 경우 | 비대면으로 먼저 검토하는 경우 | 필요서류와 진행 절차 | 법무사 보수와 공과금,inheritance,,inheritance,cost,true,,true
/업무사례/김해상속등기비용,case,김해 상속등기 비용｜취득세·채권·법무사 보수 구분 | 다옴법무사사무소,김해·장유·율하 상속등기 비용. 취득세·국민주택채권·법무사 보수 구분. 부산 해운대 사무소. 해운대·센텀 다옴법무사사무소에서 전화·카카오톡·방문(예약) 상담이 가능합니다.,김해 상속등기 비용 — 취득세·채권·보수,김해 사건을 한 사무소에서 검토하는 방법 | 안윤정 법무사가 직접 확인하는 범위 | 원본서류가 필요한 단계 | 여러 필지·여러 지역이 섞인 경우 | 협의분할과 법정지분 | 취득세·국민주택채권·수수료 | 일반적인 상담 유형 | 상담 전 준비하면 좋은 정보,inheritance,,inheritance,cost,true,,true
/업무사례/양산상속등기비용,case,양산 상속등기 비용｜법무사 보수와 공과금 안내 | 다옴법무사사무소,양산·물금·증산·사송 상속등기 비용. 법무사 보수·취득세·국민주택채권. 부산 해운대 사무소. 해운대·센텀 다옴법무사사무소에서 전화·카카오톡·방문(예약) 상담이 가능합니다.,양산 상속등기 비용 — 보수와 공과금,양산 상속등기 가능 여부 | 부산 해운대 사무소에 맡길 수 있는 이유 | 관할·신청 방식 안내 | 양산에서 자주 문의되는 상황 | 방문 상담이 적합한 경우 | 비대면으로 먼저 검토하는 경우 | 필요서류와 진행 절차 | 법무사 보수와 공과금,inheritance,,inheritance,cost,true,,true
/업무사례/창원상속등기비용,case,창원 상속등기 비용｜5개 구 부동산 … | 다옴법무사사무소,창원 5개 구 상속등기 비용. 의창·성산·합포·회원·진해 부동산 보수·공과금. 부산 해운대 사무소. 해운대·센텀 다옴법무사사무소에서 전화·카카오톡·방문(예약) 상담이 가능합니다.,창원 5개 구 상속등기 비용 항목 정리,창원 상속등기 가능 여부 | 부산 해운대 사무소에 맡길 수 있는 이유 | 관할·신청 방식 안내 | 창원에서 자주 문의되는 상황 | 방문 상담이 적합한 경우 | 비대면으로 먼저 검토하는 경우 | 필요서류와 진행 절차 | 법무사 보수와 공과금,inheritance,,inheritance,cost,true,,true
/업무사례/김해상속등기필요서류,case,김해 상속등기 필요서류｜상속인별 준비자료 정리 | 다옴법무사사무소,김해·장유·율하 상속등기 필요서류. 상속인별 준비자료·협의분할 서류. 부산 해운대 사무소 안내. 해운대·센텀 다옴법무사사무소에서 전화·카카오톡·방문(예약) 상담이 가능합니다.,김해 상속등기 필요서류 — 상속인별 준비,검색하신 김해 업무에 대한 바로 답변 | 사무소 위치와 지점 안내(오인 방지) | 법정 관할과 특례를 구분하는 방법 | 김해 고유 상담 상황 | 가까운 경남이라 방문하고 싶을 때 | 서류 사진으로 시작하는 방법 | 비용 구성과 처리기간 | 관련 지역·업무로 이어가기,inheritance,,inheritance,documents,true,,true
/업무사례/양산상속등기필요서류,case,양산 상속등기 필요서류｜협의분할과 법정지분 비교 | 다옴법무사사무소,"양산 상속등기 필요서류. 협의분할·법정지분 비교, 물금·증산·사송 안내. 부산 해운대 사무소. 해운대·센텀 다옴법무사사무소에서 전화·카카오톡·방문(예약) 상담이 가능합니다.",양산 상속등기 필요서류 — 협의분할 vs 법정지분,검색하신 양산 업무에 대한 바로 답변 | 사무소 위치와 지점 안내(오인 방지) | 법정 관할과 특례를 구분하는 방법 | 양산 고유 상담 상황 | 가까운 경남이라 방문하고 싶을 때 | 서류 사진으로 시작하는 방법 | 비용 구성과 처리기간 | 관련 지역·업무로 이어가기,inheritance,,inheritance,documents,true,,true
/업무사례/창원상속등기필요서류,case,창원 상속등기 필요서류｜상속인이 여러 명인 경우 | 다옴법무사사무소,창원 5개 구 상속등기 필요서류. 상속인 다수·협의분할·위임 서류. 부산 해운대 사무소. 해운대·센텀 다옴법무사사무소에서 전화·카카오톡·방문(예약) 상담이 가능합니다.,창원 상속등기 필요서류 — 상속인이 여러 명일 때,창원 사건을 한 사무소에서 검토하는 방법 | 안윤정 법무사가 직접 확인하는 범위 | 원본서류가 필요한 단계 | 여러 필지·여러 지역이 섞인 경우 | 협의분할과 법정지분 | 취득세·국민주택채권·수수료 | 일반적인 상담 유형 | 상담 전 준비하면 좋은 정보,inheritance,,inheritance,documents,true,,true
/업무사례/부산거주김해부동산상속,case,부산 거주자의 김해 부동산 상속등기｜… | 다옴법무사사무소,"부산 거주·김해 부동산 상속등기. 거주지와 소재지 불일치, 방문·비대면 선택. 부산 해운대 사무소. 해운대·센텀 다옴법무사사무소에서 전화·카카오톡·방문(예약) 상담이 가능합니다.",부산에 사는데 김해 부동산만 상속받는 경우,김해 상속등기 가능 여부 | 부산 해운대 사무소에 맡길 수 있는 이유 | 관할·신청 방식 안내 | 김해에서 자주 문의되는 상황 | 방문 상담이 적합한 경우 | 비대면으로 먼저 검토하는 경우 | 필요서류와 진행 절차 | 법무사 보수와 공과금,inheritance,부산,inheritance,informational,true,,true
/업무사례/김해거주부산부동산상속,case,김해 거주자의 부산 상속부동산｜부산 … | 다옴법무사사무소,김해 거주·부산 부동산 상속등기. 부산 법무사·관할 특례·비대면 절차. 김해 지점 없음. 해운대·센텀 다옴법무사사무소에서 전화·카카오톡·방문(예약) 상담이 가능합니다.,김해에 사는데 부산 부동산만 상속받는 경우,검색하신 김해 업무에 대한 바로 답변 | 사무소 위치와 지점 안내(오인 방지) | 법정 관할과 특례를 구분하는 방법 | 김해 고유 상담 상황 | 가까운 경남이라 방문하고 싶을 때 | 서류 사진으로 시작하는 방법 | 비용 구성과 처리기간 | 관련 지역·업무로 이어가기,inheritance,부산,inheritance,informational,true,,true
/업무사례/부산거주양산부동산상속,case,부산 거주자의 양산 부동산 상속등기｜… | 다옴법무사사무소,"부산 거주·양산 부동산 상속등기. 물금·증산·사송 비대면·방문. 양산 지점 없음, 부산 해운대. 해운대·센텀 다옴법무사사무소에서 전화·카카오톡·방문(예약) 상담이 가능합니다.",부산에 사는데 양산 부동산만 상속받을 때,검색하신 양산 업무에 대한 바로 답변 | 사무소 위치와 지점 안내(오인 방지) | 법정 관할과 특례를 구분하는 방법 | 양산 고유 상담 상황 | 가까운 경남이라 방문하고 싶을 때 | 서류 사진으로 시작하는 방법 | 비용 구성과 처리기간 | 관련 지역·업무로 이어가기,inheritance,부산,inheritance,informational,true,,true
/업무사례/양산거주부산부동산상속,case,양산 거주자의 부산 상속부동산｜가까운… | 다옴법무사사무소,양산 거주·부산 부동산 상속등기. 가까운 부산 해운대 사무소 방문·비대면. 양산 지점 없음. 해운대·센텀 다옴법무사사무소에서 전화·카카오톡·방문(예약) 상담이 가능합니다.,양산에 사는데 부산 부동산만 상속받는 경우,양산 상속등기 가능 여부 | 부산 해운대 사무소에 맡길 수 있는 이유 | 관할·신청 방식 안내 | 양산에서 자주 문의되는 상황 | 방문 상담이 적합한 경우 | 비대면으로 먼저 검토하는 경우 | 필요서류와 진행 절차 | 법무사 보수와 공과금,inheritance,부산,inheritance,commercial,true,,true
/업무사례/경남오래된상속등기,case,경남 오래된 상속등기｜수십 년 전 부… | 다옴법무사사무소,경남 오래된 상속등기. 수십 년 전 부모·조부모 명의 부동산 정리. 부산 해운대 사무소. 해운대·센텀 다옴법무사사무소에서 전화·카카오톡·방문(예약) 상담이 가능합니다.,경남에서 수십 년 전 부모·조부모 명의 부동산 상속등기,검색하신 경남 업무에 대한 바로 답변 | 사무소 위치와 지점 안내(오인 방지) | 법정 관할과 특례를 구분하는 방법 | 경남 고유 상담 상황 | 가까운 경남이라 방문하고 싶을 때 | 서류 사진으로 시작하는 방법 | 비용 구성과 처리기간 | 관련 지역·업무로 이어가기,inheritance,,inheritance,informational,true,,true
/업무사례/경남조부모명의토지상속,case,경남 조부모 명의 토지 상속등기｜부모… | 다옴법무사사무소,경남 조부모 명의 토지 상속. 부모 사망 연쇄 상속·가족관계 정리. 부산 해운대 사무소. 해운대·센텀 다옴법무사사무소에서 전화·카카오톡·방문(예약) 상담이 가능합니다.,경남 조부모 명의 토지 — 부모님도 돌아가신 경우,경남 사건을 한 사무소에서 검토하는 방법 | 안윤정 법무사가 직접 확인하는 범위 | 원본서류가 필요한 단계 | 여러 필지·여러 지역이 섞인 경우 | 협의분할과 법정지분 | 취득세·국민주택채권·수수료 | 일반적인 상담 유형 | 상담 전 준비하면 좋은 정보,inheritance,,inheritance,informational,true,,true
/업무사례/경남여러필지토지상속,case,경남 여러 필지 토지 상속등기｜부동산… | 다옴법무사사무소,경남 여러 필지 토지 상속등기. 부동산 누락 방지·목록화·협의분할. 부산 해운대 사무소. 해운대·센텀 다옴법무사사무소에서 전화·카카오톡·방문(예약) 상담이 가능합니다.,경남 여러 필지 토지 상속 — 누락 없이 정리하기,경남 사건을 한 사무소에서 검토하는 방법 | 안윤정 법무사가 직접 확인하는 범위 | 원본서류가 필요한 단계 | 여러 필지·여러 지역이 섞인 경우 | 협의분할과 법정지분 | 취득세·국민주택채권·수수료 | 일반적인 상담 유형 | 상담 전 준비하면 좋은 정보,inheritance,,inheritance,informational,true,,true
/업무사례/경남유증등기법무사,case,경남 유증등기 법무사｜유언공정증서에 … | 다옴법무사사무소,"경남 유증등기. 유언공정증서·수증·포기·한정승인. 부산 해운대 사무소, 경남 지점 없음. 해운대·센텀 다옴법무사사무소에서 전화·카카오톡·방문(예약) 상담이 가능합니다.",경남 부동산 유증등기 — 유언공정증서에 따른 이전,경남 사건을 한 사무소에서 검토하는 방법 | 안윤정 법무사가 직접 확인하는 범위 | 원본서류가 필요한 단계 | 여러 필지·여러 지역이 섞인 경우 | 협의분할과 법정지분 | 취득세·국민주택채권·수수료 | 일반적인 상담 유형 | 상담 전 준비하면 좋은 정보,inheritance,,inheritance,commercial,true,,true
/업무사례/경남법인등기법무사,case,경남 법인등기 법무사｜김해·양산·창원… | 다옴법무사사무소,"경남 법인등기. 김해·양산·창원 설립·임원·목적·본점이전. 법정관할 유지, 부산 해운대. 해운대·센텀 다옴법무사사무소에서 전화·카카오톡·방문(예약) 상담이 가능합니다.",경남 김해·양산·창원 기업 법인등기 상담,검색하신 경남 업무에 대한 바로 답변 | 사무소 위치와 지점 안내(오인 방지) | 법정 관할과 특례를 구분하는 방법 | 경남 고유 상담 상황 | 가까운 경남이라 방문하고 싶을 때 | 서류 사진으로 시작하는 방법 | 비용 구성과 처리기간 | 관련 지역·업무로 이어가기,corporate,,corporate,consult,true,,true
/업무사례/김해법인등기법무사,case,김해 법인등기 법무사｜설립·임원변경·본점이전 | 다옴법무사사무소,"김해 법인등기. 설립·임원·목적·본점이전. 법정관할 유지, 부산 해운대 사무소. 김해 지점 없음. 해운대·센텀 다옴법무사사무소에서 전화·카카오톡·방문(예약) 상담이 가능합니다.",김해 법인 설립·임원변경·본점이전 등기,검색하신 김해 업무에 대한 바로 답변 | 사무소 위치와 지점 안내(오인 방지) | 법정 관할과 특례를 구분하는 방법 | 김해 고유 상담 상황 | 가까운 경남이라 방문하고 싶을 때 | 서류 사진으로 시작하는 방법 | 비용 구성과 처리기간 | 관련 지역·업무로 이어가기,corporate,,corporate,commercial,true,,true
/업무사례/양산법인등기법무사,case,양산 법인등기 법무사｜설립부터 임원·… | 다옴법무사사무소,"양산 법인등기. 설립·임원변경·본점이전·목적변경·유상증자에서 확인할 정관·결의·서류를 안내합니다. 법정관할 유지, 양산 지점 없이 부산 해운대에서 검토합니다.","양산 법인의 설립과 변경등기, 놓치기 쉬운 사항",양산 사건을 한 사무소에서 검토하는 방법 | 안윤정 법무사가 직접 확인하는 범위 | 원본서류가 필요한 단계 | 여러 필지·여러 지역이 섞인 경우 | 협의분할과 법정지분 | 취득세·국민주택채권·수수료 | 일반적인 상담 유형 | 상담 전 준비하면 좋은 정보,corporate,,corporate,commercial,true,,true
/업무사례/창원법인등기법무사,case,창원 법인등기 법무사｜기업 임원·목적·본점 변경 | 다옴법무사사무소,"창원 법인등기. 5개 구 기업 임원·목적·본점이전. 법정관할, 부산 해운대. 창원 지점 없음. 해운대·센텀 다옴법무사사무소에서 전화·카카오톡·방문(예약) 상담이 가능합니다.",창원 기업 임원·목적·본점 변경 등기,창원 법인등기 가능 여부 | 부산 해운대 사무소에 맡길 수 있는 이유 | 관할·신청 방식 안내 | 창원에서 자주 문의되는 상황 | 방문 상담이 적합한 경우 | 비대면으로 먼저 검토하는 경우 | 필요서류와 진행 절차 | 법무사 보수와 공과금,corporate,,corporate,commercial,true,,true
/업무사례/김해에서부산법인본점이전,case,김해에서 부산 법인 본점이전｜등기·세무 절차 안내 | 다옴법무사사무소,"김해→부산 법인 본점이전. 등기·세무·관할 변경. 법정관할, 부산 해운대. 김해 지점 없음. 해운대·센텀 다옴법무사사무소에서 전화·카카오톡·방문(예약) 상담이 가능합니다.",김해 본점 법인을 부산으로 옮기는 등기,검색하신 김해 업무에 대한 바로 답변 | 사무소 위치와 지점 안내(오인 방지) | 법정 관할과 특례를 구분하는 방법 | 김해 고유 상담 상황 | 가까운 경남이라 방문하고 싶을 때 | 서류 사진으로 시작하는 방법 | 비용 구성과 처리기간 | 관련 지역·업무로 이어가기,corporate,부산,corporate,informational,true,,true
/업무사례/부산에서김해법인본점이전,case,부산에서 김해 법인 본점이전｜등기소·… | 다옴법무사사무소,"부산→김해 법인 본점이전. 등기·세무·관할 변경. 법정관할, 부산 해운대. 김해 지점 없음. 해운대·센텀 다옴법무사사무소에서 전화·카카오톡·방문(예약) 상담이 가능합니다.",부산 본점 법인을 김해로 옮기는 등기,검색하신 김해 업무에 대한 바로 답변 | 사무소 위치와 지점 안내(오인 방지) | 법정 관할과 특례를 구분하는 방법 | 김해 고유 상담 상황 | 가까운 경남이라 방문하고 싶을 때 | 서류 사진으로 시작하는 방법 | 비용 구성과 처리기간 | 관련 지역·업무로 이어가기,corporate,부산,corporate,informational,true,,true
/업무사례/양산에서부산법인본점이전,case,양산에서 부산 법인 본점이전｜관할 등… | 다옴법무사사무소,"양산→부산 법인 본점이전. 등기·세무·관할. 법정관할, 부산 해운대. 양산 지점 없음. 해운대·센텀 다옴법무사사무소에서 전화·카카오톡·방문(예약) 상담이 가능합니다.",양산 본점 법인을 부산으로 옮기는 절차,양산 법인등기 가능 여부 | 부산 해운대 사무소에 맡길 수 있는 이유 | 관할·신청 방식 안내 | 양산에서 자주 문의되는 상황 | 방문 상담이 적합한 경우 | 비대면으로 먼저 검토하는 경우 | 필요서류와 진행 절차 | 법무사 보수와 공과금 | 상담 시 확인하는 내용,corporate,부산,corporate,informational,true,,true
/업무사례/부산에서양산법인본점이전,case,부산에서 양산 법인 본점이전｜세무·등기 순서 안내 | 다옴법무사사무소,"부산→양산 법인 본점이전. 등기·세무·관할. 법정관할, 부산 해운대. 양산 지점 없음. 해운대·센텀 다옴법무사사무소에서 전화·카카오톡·방문(예약) 상담이 가능합니다.",부산 본점 법인을 양산으로 옮기는 등기,양산 법인등기 가능 여부 | 부산 해운대 사무소에 맡길 수 있는 이유 | 관할·신청 방식 안내 | 양산에서 자주 문의되는 상황 | 방문 상담이 적합한 경우 | 비대면으로 먼저 검토하는 경우 | 필요서류와 진행 절차 | 법무사 보수와 공과금 | 상담 시 확인하는 내용,corporate,부산,corporate,informational,true,,true
/업무사례/창원에서부산법인본점이전,case,창원에서 부산 법인 본점이전｜등기·세무 관할 변경 | 다옴법무사사무소,"창원→부산 법인 본점이전. 5개 구 기업 본점 이전. 법정관할, 부산 해운대. 창원 지점 없음. 해운대·센텀 다옴법무사사무소에서 전화·카카오톡·방문(예약) 상담이 가능합니다.",창원 본점 법인을 부산으로 옮기는 등기,창원 법인등기 가능 여부 | 부산 해운대 사무소에 맡길 수 있는 이유 | 관할·신청 방식 안내 | 창원에서 자주 문의되는 상황 | 방문 상담이 적합한 경우 | 비대면으로 먼저 검토하는 경우 | 필요서류와 진행 절차 | 법무사 보수와 공과금,corporate,부산,corporate,informational,true,,true
/업무사례/부산에서창원법인본점이전,case,부산에서 창원 법인 본점이전｜관할 등… | 다옴법무사사무소,"부산→창원 법인 본점이전. 등기·세무·관할. 법정관할, 부산 해운대. 창원 지점 없음. 해운대·센텀 다옴법무사사무소에서 전화·카카오톡·방문(예약) 상담이 가능합니다.",부산 본점 법인을 창원으로 옮기는 등기,창원 사건을 한 사무소에서 검토하는 방법 | 안윤정 법무사가 직접 확인하는 범위 | 원본서류가 필요한 단계 | 여러 필지·여러 지역이 섞인 경우 | 협의분할과 법정지분 | 취득세·국민주택채권·수수료 | 일반적인 상담 유형 | 상담 전 준비하면 좋은 정보 | 상담 시 확인하는 내용,corporate,부산,corporate,informational,true,,true
/업무사례/부산김해양산공동근저당권,case,부산·김해·양산 공동근저당권 설정｜여… | 다옴법무사사무소,부산·김해·양산 여러 부동산 공동근저당권. 추가설정·일부해지. 부산 해운대. 경남 지점 없음. 해운대·센텀 다옴법무사사무소에서 전화·카카오톡·방문(예약) 상담이 가능합니다.,부산·김해·양산 여러 부동산 공동근저당권,경남 상속등기 가능 여부 | 부산 해운대 사무소에 맡길 수 있는 이유 | 관할·신청 방식 안내 | 경남에서 자주 문의되는 상황 | 방문 상담이 적합한 경우 | 비대면으로 먼저 검토하는 경우 | 필요서류와 진행 절차 | 법무사 보수와 공과금,real-estate,부산,real-estate,informational,true,,true
/업무사례/경남공장공동근저당권,case,경남 여러 공장 공동근저당권｜추가설정과 일부해지 | 다옴법무사사무소,경남 김해·양산·창원 여러 공장 공동근저당권. 추가설정·일부해지. 부산 해운대. 경남 지점 없음. 해운대·센텀 다옴법무사사무소에서 전화·카카오톡·방문(예약) 상담이 가능합니다.,경남 여러 공장 공동근저당권 — 추가·해지,경남 상속등기 가능 여부 | 부산 해운대 사무소에 맡길 수 있는 이유 | 관할·신청 방식 안내 | 경남에서 자주 문의되는 상황 | 방문 상담이 적합한 경우 | 비대면으로 먼저 검토하는 경우 | 필요서류와 진행 절차 | 법무사 보수와 공과금,real-estate,,real-estate,informational,true,,true
/업무사례/양산법무사업무,case,양산 법무사｜상속·부동산·법인 업무 … | 다옴법무사사무소,양산 법무사 업무를 고를 때 상속등기·포기·증여·근저당·법인등기·멸실·회생 중 무엇이 필요한지부터 구분합니다. 양산 지점 없이 부산 해운대에서 방문·비대면 가능 범위를 안내합니다.,양산에서 법무사 업무가 필요할 때 먼저 확인할 것,양산에서 문의할 수 있는 업무 | 검색하신 양산 업무에 대한 바로 답변 | 사무소 위치와 지점 안내(오인 방지) | 법정 관할과 특례를 구분하는 방법 | 양산 고유 상담 상황 | 가까운 경남이라 방문하고 싶을 때 | 서류 사진으로 시작하는 방법 | 비용 구성과 처리기간 | 관련 지역·업무로 이어가기,real-estate,,real-estate,selection,true,,true
/업무사례/양산상속포기한정승인,case,양산 상속포기｜부모님 빚이 걱정된다면… | 다옴법무사사무소,"양산 상속포기·한정승인. 부모님 채무가 걱정될 때 상속등기보다 먼저 볼 승인 방식과 기한, 관할 가정법원을 안내합니다. 양산 지점 없이 부산 해운대에서 서류 준비를 검토합니다.",양산에서 부모님 채무가 걱정될 때 먼저 확인할 것,양산 사건을 한 사무소에서 검토하는 방법 | 안윤정 법무사가 직접 확인하는 범위 | 원본서류가 필요한 단계 | 여러 필지·여러 지역이 섞인 경우 | 협의분할과 법정지분 | 취득세·국민주택채권·수수료 | 일반적인 상담 유형 | 상담 전 준비하면 좋은 정보,inheritance,,inheritance,commercial,true,,true
/업무사례/양산증여등기법무사,case,양산 증여등기 법무사｜부모·자녀·부부… | 다옴법무사사무소,양산 아파트·주택·토지 증여등기. 부모·자녀·부부 이전 전 근저당·임대차·지분과 세무 검토·등기 업무를 구분해 안내합니다. 양산 지점 없이 부산 해운대에서 서류부터 확인합니다.,양산 부동산을 가족에게 이전하기 전에 확인할 사항,양산 증여등기를 검토할 때 | 사무소 위치와 지점 오인 방지 | 세금 검토와 등기 업무의 구분 | 양산에서 자주 확인하는 증여 상황 | 방문이 도움이 되는 경우 | 서류 사진으로 먼저 확인하는 범위 | 비용 확인에 필요한 정보 | 관련 업무로 이어가기,real-estate,,real-estate,commercial,true,,true
/업무사례/양산부동산등기법무사,case,양산 부동산등기 법무사｜매매·증여·말… | 다옴법무사사무소,"양산 부동산등기. 매매 소유권이전, 증여, 근저당 말소, 멸실·보존을 원인별로 구분해 안내합니다. 상속등기와 섞지 않고, 양산 지점 없이 부산 해운대에서 서류부터 확인합니다.","양산 부동산등기, 원인부터 가려야 서류가 맞습니다",양산 부동산등기 업무를 고를 때 | 사무소 위치와 지점 안내 | 매매·증여·말소·보존의 구분 | 양산에서 자주 확인하는 상황 | 방문 상담이 적합한 경우 | 서류 사진으로 시작하는 방법 | 비용 확인에 필요한 정보 | 관련 상세 페이지,real-estate,,real-estate,documents,true,,true
/업무사례/양산근저당말소,case,양산 근저당권 말소｜대출을 다 갚아도… | 다옴법무사사무소,양산 근저당권 말소. 대출 상환과 등기 말소는 다릅니다. 은행서류·등기부 확인과 타지역 소유자 진행 방법을 안내합니다. 양산 지점 없이 부산 해운대에서 검토합니다.,양산 대출을 갚았는데 등기부에 근저당이 남아 있다면,양산 근저당 말소를 검토할 때 | 사무소 위치 안내 | 상환과 등기 말소의 차이 | 자주 확인하는 말소 상황 | 방문이 필요한 경우 | 비대면으로 먼저 볼 수 있는 서류 | 비용 확인에 필요한 정보 | 관련 담보·부동산 안내,real-estate,,real-estate,commercial,true,,true
/업무사례/양산건물멸실등기,case,양산 건물멸실등기｜철거 후 등기부에 … | 다옴법무사사무소,양산 건물멸실등기. 철거 후 건축물대장과 등기부가 다를 때 확인할 절차를 안내합니다. 양산 지점 없이 부산 해운대에서 대장·등기부 기준으로 검토합니다.,양산에서 건물을 철거했는데 등기부에 그대로라면,양산 건물멸실등기 확인 | 사무소 위치 안내 | 건축물대장과 등기부의 관계 | 자주 확인하는 상황 | 방문·현장 확인이 필요한 경우 | 사진·파일로 먼저 확인할 자료 | 비용 확인에 필요한 정보 | 관련 부동산등기 안내,real-estate,,real-estate,informational,true,,true
/업무사례/양산신축건물보존등기,case,양산 신축건물 보존등기｜사용승인 후 … | 다옴법무사사무소,양산 신축건물 소유권보존등기. 사용승인 이후 준비서류와 멸실·표시의 연결을 안내합니다. 양산 지점 없이 부산 해운대에서 대장·도면 기준으로 검토합니다.,"양산 신축 후 첫 등기, 사용승인 다음을 확인하세요",양산 소유권보존등기 확인 | 사무소 위치 안내 | 건축물대장과 등기부의 관계 | 자주 확인하는 상황 | 방문·현장 확인이 필요한 경우 | 사진·파일로 먼저 확인할 자료 | 비용 확인에 필요한 정보 | 관련 부동산등기 안내,real-estate,,real-estate,informational,true,,true
/업무사례/양산개인회생법무사,case,양산 개인회생 법무사｜월소득·채무·재… | 다옴법무사사무소,"양산 개인회생 법무사. 소득·채무·재산으로 신청 가능성을 검토하고 관할·서류 준비를 안내합니다. 양산 지점 없이 부산 해운대에서 상담하며, 소송대리처럼 단정하지 않습니다.",양산에서 개인회생을 생각할 때 소득·채무·재산부터,양산 개인회생을 검토할 때 | 사무소 위치 안내 | 관할과 상담 범위 | 소득·채무·재산으로 보는 상황 | 방문 상담이 적합한 경우 | 비대면으로 먼저 확인할 자료 | 비용·기간에 영향을 주는 요소 | 관련 안내로 이어가기,insolvency,,,commercial,true,,true
/업무사례/통영상속등기법무사,case,통영 상속등기 법무사｜상속인이 타지역… | 다옴법무사사무소,"통영 죽림·무전 아파트와 도서(섬) 지역 토지 상속등기 안내. 상속인이 부산·수도권 등 타지역에 있어도 준비하는 방법을 설명합니다. 부산 해운대 사무소, 통영 지점 없음.","통영 상속부동산, 상속인이 타지역에 있어도 준비하는 순서",통영 상속등기 가능 여부 | 부산 해운대 사무소에 맡길 수 있는 이유 | 관할·신청 방식 안내 | 통영에서 자주 문의되는 상황 | 방문 상담이 적합한 경우 | 비대면으로 먼저 검토하는 경우 | 필요서류와 진행 절차 | 법무사 보수와 공과금,inheritance,,inheritance,documents,true,,true
/업무사례/통영상속포기한정승인,case,통영 상속포기·한정승인｜부모님 채무가… | 다옴법무사사무소,통영 거주 피상속인의 채무가 걱정될 때 3개월 기한 안에 확인할 순서. 재산조회 대기 중에도 기한은 별도로 흐릅니다. 관할 법원은 유지되며 부산 해운대 사무소에서 상담·서류 정리를 돕습니다.,통영에서 상속포기·한정승인을 검토하는 순서,통영 상속등기 가능 여부 | 부산 해운대 사무소에 맡길 수 있는 이유 | 관할·신청 방식 안내 | 통영에서 자주 문의되는 상황 | 방문 상담이 적합한 경우 | 비대면으로 먼저 검토하는 경우 | 필요서류와 진행 절차 | 법무사 보수와 공과금,inheritance,,inheritance,commercial,true,,true
/업무사례/거제상속포기법무사,case,거제 상속포기 법무사｜섬 지역 부동산… | 다옴법무사사무소,"거제시 아파트·토지 등 부동산은 있는데 채무가 불명확할 때 상속포기·한정승인을 검토하는 순서. 거제시와 부산 거제동은 다른 지역입니다. 관할 법원 유지, 부산 해운대 사무소 상담.","거제 부동산과 채무, 상속포기·한정승인부터 볼 때",거제 사건을 한 사무소에서 검토하는 방법 | 안윤정 법무사가 직접 확인하는 범위 | 원본서류가 필요한 단계 | 여러 필지·여러 지역이 섞인 경우 | 협의분할과 법정지분 | 취득세·국민주택채권·수수료 | 일반적인 상담 유형 | 상담 전 준비하면 좋은 정보,inheritance,,inheritance,commercial,true,,true
/업무사례/경남비대면상속안내,case,경남 비대면 상속등기｜김해·양산·창원… | 다옴법무사사무소,"경남 각 지역 상속등기에서 방문 부담을 줄이는 준비 방법. 상속인이 타지역에 있어도 확인할 서류와 단계별 절차를 안내합니다. 부산 해운대 사무소, 경남 지점 없음.","경남 상속등기, 방문 부담을 줄이는 준비 순서",경남 상속등기 가능 여부 | 부산 해운대 사무소에 맡길 수 있는 이유 | 관할·신청 방식 안내 | 경남에서 자주 문의되는 상황 | 방문 상담이 적합한 경우 | 비대면으로 먼저 검토하는 경우 | 필요서류와 진행 절차 | 법무사 보수와 공과금,inheritance,,inheritance,documents,true,,true
/업무사례/사천상속등기법무사,case,사천 상속등기 법무사｜삼천포 생활권 … | 다옴법무사사무소,"사천시(삼천포 생활권 포함) 아파트·토지·해안 부동산 상속등기 안내. 상속인이 타지역에 있어도 준비하는 방법을 설명합니다. 부산 해운대 사무소, 사천 지점 없음.","사천 상속부동산, 삼천포 생활권까지 정리하는 방법",검색하신 사천 업무에 대한 바로 답변 | 사무소 위치와 지점 안내(오인 방지) | 법정 관할과 특례를 구분하는 방법 | 사천 고유 상담 상황 | 가까운 경남이라 방문하고 싶을 때 | 서류 사진으로 시작하는 방법 | 비용 구성과 처리기간 | 관련 지역·업무로 이어가기,inheritance,,inheritance,commercial,true,,true
/업무사례/고성군상속등기법무사,case,경남 고성 상속등기 법무사｜강원 고성… | 다옴법무사사무소,"경상남도 고성군 상속등기 안내. 강원도 고성군과는 다른 지역이므로 먼저 구분해 드립니다. 어촌·농지·주택 상속, 부산 해운대 사무소, 고성 지점 없음.","경남 고성 상속부동산, 강원 고성과 헷갈리지 않게 정리하기",검색하신 고성 업무에 대한 바로 답변 | 사무소 위치와 지점 안내(오인 방지) | 법정 관할과 특례를 구분하는 방법 | 고성 고유 상담 상황 | 가까운 경남이라 방문하고 싶을 때 | 서류 사진으로 시작하는 방법 | 비용 구성과 처리기간 | 관련 지역·업무로 이어가기,inheritance,,inheritance,commercial,true,,true
/업무사례/남해상속등기법무사,case,남해 상속등기 법무사｜섬 지역 토지·… | 다옴법무사사무소,"남해군 토지·전원주택·농지 상속등기 안내. 남해대교로 연결되어 있지만 방문 부담을 줄이는 준비 방법을 설명합니다. 부산 해운대 사무소, 남해 지점 없음.","남해 상속부동산, 방문 부담부터 줄이는 준비 순서",남해 사건을 한 사무소에서 검토하는 방법 | 안윤정 법무사가 직접 확인하는 범위 | 원본서류가 필요한 단계 | 여러 필지·여러 지역이 섞인 경우 | 협의분할과 법정지분 | 취득세·국민주택채권·수수료 | 일반적인 상담 유형 | 상담 전 준비하면 좋은 정보,inheritance,,inheritance,documents,true,,true
/업무사례/밀양상속등기법무사,case,밀양 상속등기 법무사｜농지·주택과 인… | 다옴법무사사무소,"밀양시 농지·주택 상속등기 안내. 양산·창녕과 인접한 필지가 함께 있는 경우 처리 순서를 설명합니다. 부산 해운대 사무소, 밀양 지점…","밀양 상속부동산, 인접 지역 필지까지 함께 정리하는 방법",검색하신 밀양 업무에 대한 바로 답변 | 사무소 위치와 지점 안내(오인 방지) | 법정 관할과 특례를 구분하는 방법 | 밀양 고유 상담 상황 | 가까운 경남이라 방문하고 싶을 때 | 서류 사진으로 시작하는 방법 | 비용 구성과 처리기간 | 관련 지역·업무로 이어가기,inheritance,,inheritance,commercial,true,,true
/업무사례/하동상속등기법무사,case,하동 상속등기 법무사｜섬진강 인근 농… | 다옴법무사사무소,"하동군 섬진강 유역 농지·임야·주택 상속등기 안내. 상속인이 원거리에 있어도 준비하는 방법을 설명합니다. 부산 해운대 사무소, 하동 지점 없음.","하동 상속부동산, 섬진강 유역 필지까지 정리하는 방법",하동 상속등기 가능 여부 | 부산 해운대 사무소에 맡길 수 있는 이유 | 관할·신청 방식 안내 | 하동에서 자주 문의되는 상황 | 방문 상담이 적합한 경우 | 비대면으로 먼저 검토하는 경우 | 필요서류와 진행 절차 | 법무사 보수와 공과금,inheritance,,inheritance,commercial,true,,true
/업무사례/진주상속포기한정승인,case,진주 상속포기 법무사｜부모님 채무가 … | 다옴법무사사무소,진주 거주 피상속인의 채무가 걱정될 때 3개월 기한 안에 확인할 순서. 재산조회 대기 중에도 기한은 별도로 흐릅니다. 관할 법원은 유지되며 부산 해운대 사무소에서 상담·서류 정리를 돕습니다.,진주에서 상속포기·한정승인을 검토하는 순서,검색하신 진주 업무에 대한 바로 답변 | 사무소 위치와 지점 안내(오인 방지) | 법정 관할과 특례를 구분하는 방법 | 진주 고유 상담 상황 | 가까운 경남이라 방문하고 싶을 때 | 서류 사진으로 시작하는 방법 | 비용 구성과 처리기간 | 관련 지역·업무로 이어가기,inheritance,,inheritance,commercial,true,,true
/업무사례/창녕상속등기법무사,case,창녕 상속등기 법무사｜우포늪 인근 농… | 다옴법무사사무소,"창녕군 우포늪 인근 농지와 창녕읍·영산·부곡 주택이 함께 상속될 때 등기 준비 순서. 산지가 많은 인접 군과 다른 평야·습지 지형 특성을 구분해 안내합니다. 부산 해운대 사무소, 창녕 지점 없음.","창녕 상속부동산, 우포늪 농지와 창녕읍 주택을 함께 정리하는 순서",검색하신 창녕 업무에 대한 바로 답변 | 사무소 위치와 지점 안내(오인 방지) | 법정 관할과 특례를 구분하는 방법 | 창녕 고유 상담 상황 | 가까운 경남이라 방문하고 싶을 때 | 서류 사진으로 시작하는 방법 | 비용 구성과 처리기간 | 관련 지역·업무로 이어가기,inheritance,,inheritance,commercial,true,,true
/업무사례/함안상속등기법무사,case,함안 상속등기 법무사｜창원·마산 출퇴… | 다옴법무사사무소,"함안군 농지·공장부지가 창원·마산 생활권과 섞여 있을 때 상속등기 준비 순서. 출퇴근권 상속인이 확인할 서류를 안내합니다. 부산 해운대 사무소, 함안 지점 없음.","함안 농지·공장부지 상속, 창원 출퇴근 상속인이 챙기는 순서",검색하신 함안 업무에 대한 바로 답변 | 사무소 위치와 지점 안내(오인 방지) | 법정 관할과 특례를 구분하는 방법 | 함안 고유 상담 상황 | 가까운 경남이라 방문하고 싶을 때 | 서류 사진으로 시작하는 방법 | 비용 구성과 처리기간 | 관련 지역·업무로 이어가기,inheritance,,inheritance,commercial,true,,true
/업무사례/산청상속등기법무사,case,산청 임야 상속등기｜지리산 서남 자락… | 다옴법무사사무소,"산청군 지리산 서남쪽 자락 임야·농지 상속등기 안내. 조부모 명의로 남은 오래된 지번은 제적등본부터 확인합니다. 부산 해운대 사무소, 산청 지점 없음.","산청 임야·농지 상속, 제적등본부터 확인하는 이유",산청 상속등기 가능 여부 | 부산 해운대 사무소에 맡길 수 있는 이유 | 관할·신청 방식 안내 | 산청에서 자주 문의되는 상황 | 방문 상담이 적합한 경우 | 비대면으로 먼저 검토하는 경우 | 필요서류와 진행 절차 | 법무사 보수와 공과금,inheritance,,inheritance,commercial,true,,true
/업무사례/함양상속등기법무사,case,함양 상속등기 법무사｜함양읍·안의 생… | 다옴법무사사무소,"함양군 함양읍과 안의면 등 서로 떨어진 생활권에 필지가 흩어졌을 때 상속등기 준비 순서. 내륙 교통·접근성 차이를 구분해 안내합니다. 부산 해운대 사무소, 함양 지점 없음.","함양 상속부동산, 함양읍·안의로 나뉜 필지부터 정리하는 방법",함양 사건을 한 사무소에서 검토하는 방법 | 안윤정 법무사가 직접 확인하는 범위 | 원본서류가 필요한 단계 | 여러 필지·여러 지역이 섞인 경우 | 협의분할과 법정지분 | 취득세·국민주택채권·수수료 | 일반적인 상담 유형 | 상담 전 준비하면 좋은 정보,inheritance,,inheritance,commercial,true,,true
/업무사례/거창상속등기법무사,case,거창 비대면 상속등기｜경남 북부 내륙… | 다옴법무사사무소,"거창군은 부산에서 왕복 4시간 안팎 걸리는 경남 북부 내륙 지역입니다. 상속등기 방문 횟수를 미리 설계하는 방법을 안내합니다. 부산 해운대 사무소, 거창 지점 없음.","거창 상속등기, 방문 횟수를 미리 정하고 시작하는 이유",거창 사건을 한 사무소에서 검토하는 방법 | 안윤정 법무사가 직접 확인하는 범위 | 원본서류가 필요한 단계 | 여러 필지·여러 지역이 섞인 경우 | 협의분할과 법정지분 | 취득세·국민주택채권·수수료 | 일반적인 상담 유형 | 상담 전 준비하면 좋은 정보,inheritance,,inheritance,commercial,true,,true
/업무사례/합천상속등기법무사,case,합천 농지 상속등기｜합천호 인근 필지… | 다옴법무사사무소,"합천호·저수지 인근 농지·임야가 여러 필지로 상속될 때 목록화부터 시작하는 이유를 안내합니다. 부산 해운대 사무소, 합천 지점 없음. 해운대·센텀 다옴법무사사무소에서 전화·카카오톡·방문(예약) 상담이 가능합니다.","합천 농지·임야 상속, 합천호 인근 필지 목록부터 만드는 이유",합천 상속등기 가능 여부 | 부산 해운대 사무소에 맡길 수 있는 이유 | 관할·신청 방식 안내 | 합천에서 자주 문의되는 상황 | 방문 상담이 적합한 경우 | 비대면으로 먼저 검토하는 경우 | 필요서류와 진행 절차 | 법무사 보수와 공과금,inheritance,,inheritance,commercial,true,,true
/업무사례/의령상속등기법무사,case,의령 상속등기 법무사｜남강 유역 농지… | 다옴법무사사무소,"의령군 남강 유역 농지와 읍·면 주택이 함께 상속될 때 준비 순서. 창원·부산·수도권 거주 상속인도 진행 가능한지 안내합니다. 부산 해운대 사무소, 의령 지점 없음.","의령 남강 유역 농지·주택 상속, 타지역 상속인이 확인할 순서",의령 상속등기 가능 여부 | 부산 해운대 사무소에 맡길 수 있는 이유 | 관할·신청 방식 안내 | 의령에서 자주 문의되는 상황 | 방문 상담이 적합한 경우 | 비대면으로 먼저 검토하는 경우 | 필요서류와 진행 절차 | 법무사 보수와 공과금,inheritance,,inheritance,commercial,true,,true
/업무사례/울산법무사업무,case,울산 법무사 업무 안내｜상속등기·법인… | 다옴법무사사무소,울산 법무사 업무 허브. 중구·남구·동구·북구·울주군 상속등기·법인등기·유증등기를 부산 해운대 사무소에서 방문·비대면 진행. 울산 지점…,울산에서도 맡길 수 있는 상속·부동산·법인등기 업무,울산에서 의뢰할 수 있는 업무 | 울산 업무 가능 여부 | 부산 해운대 사무소라는 안내 | 관할 특례와 법정 관할 | 울산에서 자주 문의되는 상황 | 방문 상담이 적합한 경우 | 비대면으로 먼저 검토하는 경우 | 필요서류·비용·절차 | 관련 지역·업무로 이어가기,inheritance,,inheritance,commercial,true,,true
/업무사례/울산중구상속등기법무사,case,울산 중구 상속등기 법무사｜태화·우정… | 다옴법무사사무소,"울산 중구 태화·우정·성안 상속등기. 혁신도시 아파트·주택 협의분할·위임. 부산 해운대 사무소, 울산 중구 지점 없음. 해운대·센텀 다옴법무사사무소에서 전화·카카오톡·방문(예약) 상담이 가능합니다.",울산 중구 상속부동산의 비용과 필요서류,검색하신 중구 질문에 대한 답변 | 지점이 아니라는 점 | 부산과 인접한 지역의 진행 방식 | 중구 고유 상담 상황 | 재산유형별 확인사항 | 안윤정 법무사 직접 확인 | 보수와 공과금 구분 | 상담 전 준비하면 좋은 정보,inheritance,중구,inheritance,cost,true,,true
/업무사례/울산동구상속등기법무사,case,울산 동구 상속등기 법무사｜방어·일산… | 다옴법무사사무소,"울산 동구 방어·일산·전하·남목 상속등기. 아파트·주택·토지 협의분할. 부산 해운대 사무소, 울산 동구 지점 없음. 해운대·센텀 다옴법무사사무소에서 전화·카카오톡·방문(예약) 상담이 가능합니다.",울산 동구의 주택·아파트 상속등기,검색하신 동구 질문에 대한 답변 | 지점이 아니라는 점 | 부산과 인접한 지역의 진행 방식 | 동구 고유 상담 상황 | 재산유형별 확인사항 | 안윤정 법무사 직접 확인 | 보수와 공과금 구분 | 상담 전 준비하면 좋은 정보,inheritance,동구,inheritance,commercial,true,,true
/업무사례/울산북구상속등기법무사,case,울산 북구 상속등기 법무사｜송정·매곡… | 다옴법무사사무소,"울산 북구 송정·매곡·호계·강동 상속등기. 신축 아파트·토지 협의분할. 부산 해운대 사무소, 울산 북구 지점 없음. 해운대·센텀 다옴법무사사무소에서 전화·카카오톡·방문(예약) 상담이 가능합니다.",울산 북구 신축 아파트와 토지 상속등기,검색하신 북구 질문에 대한 답변 | 지점이 아니라는 점 | 부산과 인접한 지역의 진행 방식 | 북구 고유 상담 상황 | 재산유형별 확인사항 | 안윤정 법무사 직접 확인 | 보수와 공과금 구분 | 상담 전 준비하면 좋은 정보,inheritance,북구,inheritance,commercial,true,,true
/업무사례/울산삼산동상속등기,case,울산 삼산동 상속등기｜아파트·상가 비용과 절차 | 다옴법무사사무소,울산 남구 삼산동 아파트·상가 상속등기 비용·서류·절차. 부산 해운대 사무소 방문·비대면 진행. 울산 지점 없음. 해운대·센텀 다옴법무사사무소에서 전화·카카오톡·방문(예약) 상담이 가능합니다.,울산 삼산동 아파트·상가 상속등기 비용과 절차,삼산동 업무 가능 여부 | 부산 해운대 사무소라는 안내 | 관할 특례와 법정 관할 | 삼산동에서 자주 문의되는 상황 | 방문 상담이 적합한 경우 | 비대면으로 먼저 검토하는 경우 | 필요서류·비용·절차 | 관련 지역·업무로 이어가기,inheritance,,inheritance,cost,true,,true
/업무사례/울산달동상속등기,case,울산 달동 상속등기｜상속 후 매도 예정인 경우 | 다옴법무사사무소,"울산 남구 달동 아파트·주택 상속등기. 상속 후 매도 전 확인 절차. 부산 해운대 사무소, 울산 지점 없음. 해운대·센텀 다옴법무사사무소에서 전화·카카오톡·방문(예약) 상담이 가능합니다.",울산 달동 상속등기 — 상속 후 매도 예정인 경우,달동 업무 가능 여부 | 부산 해운대 사무소라는 안내 | 관할 특례와 법정 관할 | 달동에서 자주 문의되는 상황 | 방문 상담이 적합한 경우 | 비대면으로 먼저 검토하는 경우 | 필요서류·비용·절차 | 관련 지역·업무로 이어가기,inheritance,,inheritance,cost,true,,true
/업무사례/울산옥동상속등기,case,울산 옥동 상속등기｜공동상속인 필요서류 | 다옴법무사사무소,"울산 남구 옥동 아파트·주택 상속등기. 공동상속인별 필요서류·위임. 부산 해운대 사무소, 울산 지점 없음. 해운대·센텀 다옴법무사사무소에서 전화·카카오톡·방문(예약) 상담이 가능합니다.",울산 옥동 공동상속인 상속등기 필요서류,검색하신 옥동 질문에 대한 답변 | 지점이 아니라는 점 | 부산과 인접한 지역의 진행 방식 | 옥동 고유 상담 상황 | 재산유형별 확인사항 | 안윤정 법무사 직접 확인 | 보수와 공과금 구분 | 상담 전 준비하면 좋은 정보,inheritance,,inheritance,cost,true,,true
/업무사례/울산송정동상속등기,case,울산 송정동 상속등기｜신축 아파트 비용과 서류 | 다옴법무사사무소,울산 북구 송정동 신축 아파트 상속등기 비용·서류·절차. 부산 해운대 사무소 방문·비대면. 울산 지점 없음. 해운대·센텀 다옴법무사사무소에서 전화·카카오톡·방문(예약) 상담이 가능합니다.,울산 송정동 신축 아파트 상속등기 비용과 서류,송정동 업무 가능 여부 | 부산 해운대 사무소라는 안내 | 관할 특례와 법정 관할 | 송정동에서 자주 문의되는 상황 | 방문 상담이 적합한 경우 | 비대면으로 먼저 검토하는 경우 | 필요서류·비용·절차 | 관련 지역·업무로 이어가기,inheritance,,inheritance,cost,true,,true
/업무사례/울산매곡동상속등기,case,울산 매곡동 상속등기｜아파트와 공장 부동산 상속 | 다옴법무사사무소,"울산 북구 매곡동 아파트·공장·토지 상속등기. 산업·주거 혼재 부동산. 부산 해운대 사무소, 울산 지점 없음. 해운대·센텀 다옴법무사사무소에서 전화·카카오톡·방문(예약) 상담이 가능합니다.",울산 매곡동 아파트·공장 부동산 상속등기,검색하신 매곡동 질문에 대한 답변 | 지점이 아니라는 점 | 부산과 인접한 지역의 진행 방식 | 매곡동 고유 상담 상황 | 재산유형별 확인사항 | 안윤정 법무사 직접 확인 | 보수와 공과금 구분 | 상담 전 준비하면 좋은 정보,inheritance,,inheritance,cost,true,,true
/업무사례/울주범서상속등기,case,울주군 범서 상속등기｜구영·천상 아파트와 토지 | 다옴법무사사무소,울주군 범서 구영·천상 아파트·토지 상속등기. 부산 해운대 사무소 방문·비대면. 울주군 지점 없음. 해운대·센텀 다옴법무사사무소에서 전화·카카오톡·방문(예약) 상담이 가능합니다.,울주군 범서 구영·천상 아파트·토지 상속등기,검색하신 범서 질문에 대한 답변 | 지점이 아니라는 점 | 부산과 인접한 지역의 진행 방식 | 범서 고유 상담 상황 | 재산유형별 확인사항 | 안윤정 법무사 직접 확인 | 보수와 공과금 구분 | 상담 전 준비하면 좋은 정보,inheritance,,inheritance,informational,true,,true
/업무사례/울주언양상속등기,case,울주군 언양 상속등기｜주택·상가·토지 필요서류 | 다옴법무사사무소,"울주군 언양 주택·상가·토지 상속등기 필요서류·비용. 부산 해운대 사무소, 울주군 지점 없음. 해운대·센텀 다옴법무사사무소에서 전화·카카오톡·방문(예약) 상담이 가능합니다.",울주군 언양 주택·상가·토지 상속등기 서류,언양 업무 가능 여부 | 부산 해운대 사무소라는 안내 | 관할 특례와 법정 관할 | 언양에서 자주 문의되는 상황 | 방문 상담이 적합한 경우 | 비대면으로 먼저 검토하는 경우 | 필요서류·비용·절차 | 관련 지역·업무로 이어가기,inheritance,,inheritance,documents,true,,true
/업무사례/울주삼남상속등기,case,울주군 삼남 상속등기｜울산역 인근 아파트와 토지 | 다옴법무사사무소,울주군 삼남읍 울산역 인근 아파트·토지 상속등기. 부산 해운대 사무소 방문·비대면. 울주군 지점 없음. 해운대·센텀 다옴법무사사무소에서 전화·카카오톡·방문(예약) 상담이 가능합니다.,울주군 삼남 울산역 인근 아파트·토지 상속등기,검색하신 삼남 질문에 대한 답변 | 지점이 아니라는 점 | 부산과 인접한 지역의 진행 방식 | 삼남 고유 상담 상황 | 재산유형별 확인사항 | 안윤정 법무사 직접 확인 | 보수와 공과금 구분 | 상담 전 준비하면 좋은 정보,inheritance,,inheritance,informational,true,,true
/업무사례/울산상속등기비용,case,울산 상속등기 비용｜취득세·채권·법무사 보수 구분 | 다옴법무사사무소,울산 상속등기 비용 구성. 법무사 보수·등기 수수료·취득세·국민주택채권 구분. 부산 해운대 사무소 안내. 울산 지점 없음. 해운대·센텀 다옴법무사사무소에서 전화·카카오톡·방문(예약) 상담이 가능합니다.,울산 상속등기 비용 — 취득세·채권·법무사 보수 구분,울산 업무 가능 여부 | 부산 해운대 사무소라는 안내 | 관할 특례와 법정 관할 | 울산에서 자주 문의되는 상황 | 방문 상담이 적합한 경우 | 비대면으로 먼저 검토하는 경우 | 필요서류·비용·절차 | 관련 지역·업무로 이어가기,inheritance,,inheritance,cost,true,,true
/업무사례/울산상속등기필요서류,case,울산 상속등기 필요서류｜상속인별 준비자료 정리 | 다옴법무사사무소,"울산 상속등기 필요서류. 상속인별 가족관계·인감·위임·협의분할. 부산 해운대 사무소, 울산 지점 없음. 해운대·센텀 다옴법무사사무소에서 전화·카카오톡·방문(예약) 상담이 가능합니다.",울산 상속등기 필요서류 — 상속인별 준비자료,검색하신 울산 질문에 대한 답변 | 지점이 아니라는 점 | 부산과 인접한 지역의 진행 방식 | 울산 고유 상담 상황 | 재산유형별 확인사항 | 안윤정 법무사 직접 확인 | 보수와 공과금 구분 | 상담 전 준비하면 좋은 정보,inheritance,,inheritance,documents,true,,true
/업무사례/울산아파트상속등기,case,울산 아파트 상속등기｜협의분할부터 취득세까지 | 다옴법무사사무소,"울산 아파트 상속등기. 협의분할·취득세·국민주택채권·필요서류. 부산 해운대 사무소, 울산 지점 없음. 해운대·센텀 다옴법무사사무소에서 전화·카카오톡·방문(예약) 상담이 가능합니다.",울산 아파트 상속등기 — 협의분할부터 취득세까지,검색하신 울산 질문에 대한 답변 | 지점이 아니라는 점 | 부산과 인접한 지역의 진행 방식 | 울산 고유 상담 상황 | 재산유형별 확인사항 | 안윤정 법무사 직접 확인 | 보수와 공과금 구분 | 상담 전 준비하면 좋은 정보,inheritance,,inheritance,informational,true,,true
/업무사례/울산토지상속등기,case,울산 토지 상속등기｜울주군 농지·임야 여러 필지 | 다옴법무사사무소,"울산·울주군 토지·농지·임야 상속등기. 여러 필지 지목·지분 확인. 부산 해운대 사무소, 울산 지점 없음. 해운대·센텀 다옴법무사사무소에서 전화·카카오톡·방문(예약) 상담이 가능합니다.",울산·울주군 토지 상속등기 — 농지·임야 여러 필지,검색하신 울산 질문에 대한 답변 | 지점이 아니라는 점 | 부산과 인접한 지역의 진행 방식 | 울산 고유 상담 상황 | 재산유형별 확인사항 | 안윤정 법무사 직접 확인 | 보수와 공과금 구분 | 상담 전 준비하면 좋은 정보,inheritance,,inheritance,informational,true,,true
/업무사례/울산공장상속등기,case,울산 공장 상속등기｜산업단지 토지·건물과 사업승계 | 다옴법무사사무소,"울산 공장·산업단지 토지·건물 상속등기. 사업승계·지분 확인. 부산 해운대 사무소, 울산 지점 없음. 해운대·센텀 다옴법무사사무소에서 전화·카카오톡·방문(예약) 상담이 가능합니다.",울산 공장 상속등기 — 산업단지 토지·건물과 사업승계,검색하신 울산 질문에 대한 답변 | 지점이 아니라는 점 | 부산과 인접한 지역의 진행 방식 | 울산 고유 상담 상황 | 재산유형별 확인사항 | 안윤정 법무사 직접 확인 | 보수와 공과금 구분 | 상담 전 준비하면 좋은 정보,inheritance,,inheritance,informational,true,,true
/업무사례/울산유증등기법무사,case,울산 유증등기 법무사｜유언공정증서 부동산 이전 | 다옴법무사사무소,"울산 유증등기. 유언공정증서·수유증자·부동산 이전. 부산 해운대 사무소, 울산 지점 없음. 해운대·센텀 다옴법무사사무소에서 전화·카카오톡·방문(예약) 상담이 가능합니다.",울산 유증등기 — 유언공정증서 부동산 이전,검색하신 울산 질문에 대한 답변 | 지점이 아니라는 점 | 부산과 인접한 지역의 진행 방식 | 울산 고유 상담 상황 | 재산유형별 확인사항 | 안윤정 법무사 직접 확인 | 보수와 공과금 구분 | 상담 전 준비하면 좋은 정보,inheritance,,inheritance,documents,true,,true
/업무사례/울산에서부산법인본점이전,case,울산에서 부산 법인 본점이전｜타관할 이전등기 절차 | 다옴법무사사무소,"울산→부산 법인 본점이전. 등기·세무·관할 변경. 법정관할, 부산 해운대. 울산 지점 없음. 해운대·센텀 다옴법무사사무소에서 전화·카카오톡·방문(예약) 상담이 가능합니다.",울산 본점 법인을 부산으로 옮기는 등기,검색하신 울산 질문에 대한 답변 | 지점이 아니라는 점 | 부산과 인접한 지역의 진행 방식 | 울산 고유 상담 상황 | 재산유형별 확인사항 | 안윤정 법무사 직접 확인 | 보수와 공과금 구분 | 상담 전 준비하면 좋은 정보,corporate,부산,corporate,informational,true,,true
/업무사례/부산에서울산법인본점이전,case,부산에서 울산 법인 본점이전｜등록면허세와 결의서류 | 다옴법무사사무소,부산→울산 법인 본점이전. 등기·세무·관할. 등록면허세·결의서류. 부산 해운대. 울산 지점 없음. 해운대·센텀 다옴법무사사무소에서 전화·카카오톡·방문(예약) 상담이 가능합니다.,부산 본점 법인을 울산으로 옮기는 등기,검색하신 울산 질문에 대한 답변 | 지점이 아니라는 점 | 부산과 인접한 지역의 진행 방식 | 울산 고유 상담 상황 | 재산유형별 확인사항 | 안윤정 법무사 직접 확인 | 보수와 공과금 구분 | 상담 전 준비하면 좋은 정보,corporate,부산,corporate,informational,true,,true
/업무사례/부산울산공동근저당권,case,부산·울산 부동산 공동근저당권 설정 | 다옴법무사사무소,부산·울산 여러 부동산 공동근저당권. 추가설정·일부해지. 부산 해운대. 울산 지점 없음. 해운대·센텀 다옴법무사사무소에서 전화·카카오톡·방문(예약) 상담이 가능합니다.,부산·울산 여러 부동산 공동근저당권,검색하신 울산 질문에 대한 답변 | 지점이 아니라는 점 | 부산과 인접한 지역의 진행 방식 | 울산 고유 상담 상황 | 재산유형별 확인사항 | 안윤정 법무사 직접 확인 | 보수와 공과금 구분 | 상담 전 준비하면 좋은 정보,real-estate,부산,real-estate,informational,true,,true
/업무사례/울주군상속포기한정승인,case,울주 상속포기 법무사｜사망 후 3개월… | 다옴법무사사무소,"울산광역시 울주군(온산·언양·범서 등) 상속포기·한정승인 안내. '울주' 검색은 울주군을 의미하며 사망 후 3개월 기한 안에 확인할 재산·채무를 안내합니다. 부산 해운대 사무소, 울산 지점 없음.","울산 울주군 상속포기·한정승인, 사망 후 확인할 순서",울주군 업무 가능 여부 | 부산 해운대 사무소라는 안내 | 관할 특례와 법정 관할 | 울주군에서 자주 문의되는 상황 | 방문 상담이 적합한 경우 | 비대면으로 먼저 검토하는 경우 | 필요서류·비용·절차 | 관련 지역·업무로 이어가기,inheritance,,inheritance,commercial,true,,true
/업무사례/대구법무사업무,case,대구 법무사 업무 안내｜상속등기·법인… | 다옴법무사사무소,대구 법무사 업무 허브. 8개 구·군 상속등기·법인등기·유증등기를 부산 해운대 사무소에서 비대면으로 검토합니다. 대구 지점 없음. 해운대·센텀 다옴법무사사무소에서 전화·카카오톡·방문(예약) 상담이 가능합니다.,대구 전 지역에서 맡길 수 있는 법무사 업무,대구에서 의뢰할 수 있는 업무 | 대구 업무 가능 여부 | 부산 해운대 사무소라는 안내 | 관할 특례와 법정 관할 | 대구에서 자주 문의되는 상황 | 방문 상담이 적합한 경우 | 비대면으로 먼저 검토하는 경우 | 필요서류·비용·절차 | 관련 지역·업무로 이어가기,inheritance,,inheritance,commercial,true,,true
/업무사례/대구중구상속등기법무사,case,대구 중구 상속등기 법무사｜아파트·상… | 다옴법무사사무소,대구 중구 아파트·상가 상속등기. 부산 해운대 사무소에서 관할 특례·비대면 진행. 대구 지점 없음. 해운대·센텀 다옴법무사사무소에서 전화·카카오톡·방문(예약) 상담이 가능합니다.,대구 중구 아파트·상가 상속등기를 어디에 맡길까,검색하신 중구 질문에 대한 답변 | 지점이 아니라는 점 | 거리가 있어도 서류를 먼저 확인하는 방법 | 중구 고유 상담 상황 | 재산유형별 확인사항 | 안윤정 법무사 직접 확인 | 보수와 공과금 구분 | 상담 전 준비하면 좋은 정보,inheritance,중구,inheritance,cost,true,,true
/업무사례/대구동구상속등기법무사,case,대구 동구 상속등기 법무사｜주택·아파트 상속 절차 | 다옴법무사사무소,대구 동구 아파트·주택 상속등기. 부산 해운대 사무소 비대면 진행. 대구 동구 지점 없음. 해운대·센텀 다옴법무사사무소에서 전화·카카오톡·방문(예약) 상담이 가능합니다.,대구 동구 주택·아파트 상속등기 절차 정리,검색하신 동구 질문에 대한 답변 | 지점이 아니라는 점 | 거리가 있어도 서류를 먼저 확인하는 방법 | 동구 고유 상담 상황 | 재산유형별 확인사항 | 안윤정 법무사 직접 확인 | 보수와 공과금 구분 | 상담 전 준비하면 좋은 정보,inheritance,동구,inheritance,documents,true,,true
/업무사례/대구서구상속등기법무사,case,대구 서구 상속등기 법무사｜아파트·토… | 다옴법무사사무소,대구 서구 아파트·토지 상속등기. 부산 해운대 사무소 관할 특례 검토. 대구 서구 지점 없음. 해운대·센텀 다옴법무사사무소에서 전화·카카오톡·방문(예약) 상담이 가능합니다.,대구 서구 아파트·토지 상속등기 상담,서구 업무 가능 여부 | 부산 해운대 사무소라는 안내 | 관할 특례와 법정 관할 | 서구에서 자주 문의되는 상황 | 방문 상담이 적합한 경우 | 비대면으로 먼저 검토하는 경우 | 필요서류·비용·절차 | 관련 지역·업무로 이어가기,inheritance,서구,inheritance,consult,true,,true
/업무사례/대구남구상속등기법무사,case,대구 남구 상속등기 법무사｜아파트·주택 상속 안내 | 다옴법무사사무소,대구 남구 아파트·주택 상속등기. 부산 해운대 사무소 비대면 진행. 대구 남구 지점 없음. 해운대·센텀 다옴법무사사무소에서 전화·카카오톡·방문(예약) 상담이 가능합니다.,대구 남구 아파트·주택 상속등기 안내,남구 업무 가능 여부 | 부산 해운대 사무소라는 안내 | 관할 특례와 법정 관할 | 남구에서 자주 문의되는 상황 | 방문 상담이 적합한 경우 | 비대면으로 먼저 검토하는 경우 | 필요서류·비용·절차 | 관련 지역·업무로 이어가기,inheritance,남구,inheritance,documents,true,,true
/업무사례/대구북구상속등기법무사,case,대구 북구 상속등기 법무사｜아파트·토지 상속 절차 | 다옴법무사사무소,대구 북구 아파트·토지 상속등기. 부산 해운대 사무소 관할 특례 검토. 대구 북구 지점 없음. 해운대·센텀 다옴법무사사무소에서 전화·카카오톡·방문(예약) 상담이 가능합니다.,대구 북구 아파트·토지 상속등기 절차,검색하신 북구 질문에 대한 답변 | 지점이 아니라는 점 | 거리가 있어도 서류를 먼저 확인하는 방법 | 북구 고유 상담 상황 | 재산유형별 확인사항 | 안윤정 법무사 직접 확인 | 보수와 공과금 구분 | 상담 전 준비하면 좋은 정보,inheritance,북구,inheritance,cost,true,,true
/업무사례/대구달성군상속등기법무사,case,대구 달성군 상속등기 법무사｜토지·아… | 다옴법무사사무소,"대구 달성군 토지·아파트 상속등기. 성서·다사·현풍 생활권 포함. 부산 해운대, 대구 지점 없음. 해운대·센텀 다옴법무사사무소에서 전화·카카오톡·방문(예약) 상담이 가능합니다.",대구 달성군 토지·아파트 상속등기 안내,검색하신 달성군 질문에 대한 답변 | 지점이 아니라는 점 | 거리가 있어도 서류를 먼저 확인하는 방법 | 달성군 고유 상담 상황 | 재산유형별 확인사항 | 안윤정 법무사 직접 확인 | 보수와 공과금 구분 | 상담 전 준비하면 좋은 정보,inheritance,,inheritance,commercial,true,,true
/업무사례/대구군위군상속등기법무사,case,대구 군위군 상속등기 법무사｜토지·주택 상속 안내 | 다옴법무사사무소,"대구 군위군 토지·주택 상속등기. 행정상 대구 관할, 경북 페이지 미포함. 부산 해운대, 지점 없음. 해운대·센텀 다옴법무사사무소에서 전화·카카오톡·방문(예약) 상담이 가능합니다.",대구 군위군 토지·주택 상속등기 — 대구 기준 안내,군위군 업무 가능 여부 | 부산 해운대 사무소라는 안내 | 관할 특례와 법정 관할 | 군위군에서 자주 문의되는 상황 | 방문 상담이 적합한 경우 | 비대면으로 먼저 검토하는 경우 | 필요서류·비용·절차 | 관련 지역·업무로 이어가기,inheritance,,inheritance,commercial,true,,true
/업무사례/대구범어동상속등기,case,대구 범어동 상속등기｜수성구 아파트 … | 다옴법무사사무소,"대구 범어동 아파트·상가 상속등기. 수성구 생활권, 부산 해운대 비대면 진행. 대구 지점 없음. 해운대·센텀 다옴법무사사무소에서 전화·카카오톡·방문(예약) 상담이 가능합니다.",대구 범어동 아파트 상속등기 비용과 필요서류,범어 업무 가능 여부 | 부산 해운대 사무소라는 안내 | 관할 특례와 법정 관할 | 범어에서 자주 문의되는 상황 | 방문 상담이 적합한 경우 | 비대면으로 먼저 검토하는 경우 | 필요서류·비용·절차 | 관련 지역·업무로 이어가기,inheritance,,inheritance,cost,true,,true
/업무사례/대구만촌동상속등기,case,대구 만촌동 상속등기｜아파트 상속 절차와 비용 | 다옴법무사사무소,"대구 만촌동 아파트 상속등기. 수성구 생활권, 부산 해운대 비대면 진행. 대구 지점 없음. 해운대·센텀 다옴법무사사무소에서 전화·카카오톡·방문(예약) 상담이 가능합니다.",대구 만촌동 아파트 상속등기 절차와 비용,만촌 업무 가능 여부 | 부산 해운대 사무소라는 안내 | 관할 특례와 법정 관할 | 만촌에서 자주 문의되는 상황 | 방문 상담이 적합한 경우 | 비대면으로 먼저 검토하는 경우 | 필요서류·비용·절차 | 관련 지역·업무로 이어가기,inheritance,,inheritance,cost,true,,true
/업무사례/대구시지상속등기,case,대구 시지 상속등기｜신축·구축 아파트 상속 안내 | 다옴법무사사무소,"대구 시지 아파트 상속등기. 수성구 생활권, 부산 해운대 비대면 진행. 대구 지점 없음. 해운대·센텀 다옴법무사사무소에서 전화·카카오톡·방문(예약) 상담이 가능합니다.",대구 시지 아파트 상속등기 — 신축·구축 구분,검색하신 시지 질문에 대한 답변 | 지점이 아니라는 점 | 거리가 있어도 서류를 먼저 확인하는 방법 | 시지 고유 상담 상황 | 재산유형별 확인사항 | 안윤정 법무사 직접 확인 | 보수와 공과금 구분 | 상담 전 준비하면 좋은 정보,inheritance,,inheritance,informational,true,,true
/업무사례/대구월성동상속등기,case,대구 월성동 상속등기｜달서구 아파트 상속 절차 | 다옴법무사사무소,"대구 월성동 아파트 상속등기. 달서구 생활권, 부산 해운대 비대면 진행. 대구 지점 없음. 해운대·센텀 다옴법무사사무소에서 전화·카카오톡·방문(예약) 상담이 가능합니다.",대구 월성동 아파트 상속등기 절차,검색하신 월성 질문에 대한 답변 | 지점이 아니라는 점 | 거리가 있어도 서류를 먼저 확인하는 방법 | 월성 고유 상담 상황 | 재산유형별 확인사항 | 안윤정 법무사 직접 확인 | 보수와 공과금 구분 | 상담 전 준비하면 좋은 정보,inheritance,서구,inheritance,informational,true,,true
/업무사례/대구상인동상속등기,case,대구 상인동 상속등기｜아파트·상가 상속 안내 | 다옴법무사사무소,"대구 상인동 아파트·상가 상속등기. 달서구 생활권, 부산 해운대 비대면 진행. 대구 지점 없음. 해운대·센텀 다옴법무사사무소에서 전화·카카오톡·방문(예약) 상담이 가능합니다.",대구 상인동 아파트·상가 상속등기 안내,검색하신 상인 질문에 대한 답변 | 지점이 아니라는 점 | 거리가 있어도 서류를 먼저 확인하는 방법 | 상인 고유 상담 상황 | 재산유형별 확인사항 | 안윤정 법무사 직접 확인 | 보수와 공과금 구분 | 상담 전 준비하면 좋은 정보,inheritance,서구,inheritance,informational,true,,true
/업무사례/대구성서상속등기,case,대구 성서 상속등기｜신도시 아파트 상속 절차 | 다옴법무사사무소,"대구 성서 아파트 상속등기. 달성군 신도시, 부산 해운대 비대면 진행. 대구 지점 없음. 해운대·센텀 다옴법무사사무소에서 전화·카카오톡·방문(예약) 상담이 가능합니다.",대구 성서 신도시 아파트 상속등기 절차,성서 업무 가능 여부 | 부산 해운대 사무소라는 안내 | 관할 특례와 법정 관할 | 성서에서 자주 문의되는 상황 | 방문 상담이 적합한 경우 | 비대면으로 먼저 검토하는 경우 | 필요서류·비용·절차 | 관련 지역·업무로 이어가기,inheritance,,inheritance,informational,true,,true
/업무사례/대구다사상속등기,case,대구 다사 상속등기｜아파트·토지 상속 안내 | 다옴법무사사무소,"대구 다사 아파트·토지 상속등기. 달성군 생활권, 부산 해운대 비대면 진행. 대구 지점 없음. 해운대·센텀 다옴법무사사무소에서 전화·카카오톡·방문(예약) 상담이 가능합니다.",대구 다사 아파트·토지 상속등기 안내,검색하신 다사 질문에 대한 답변 | 지점이 아니라는 점 | 거리가 있어도 서류를 먼저 확인하는 방법 | 다사 고유 상담 상황 | 재산유형별 확인사항 | 안윤정 법무사 직접 확인 | 보수와 공과금 구분 | 상담 전 준비하면 좋은 정보,inheritance,사상,inheritance,informational,true,,true
/업무사례/대구현풍상속등기,case,대구 현풍 상속등기｜토지·농지 상속 절차 | 다옴법무사사무소,"대구 현풍 토지·농지 상속등기. 달성군 생활권, 부산 해운대 비대면 진행. 대구 지점 없음. 해운대·센텀 다옴법무사사무소에서 전화·카카오톡·방문(예약) 상담이 가능합니다.",대구 현풍 토지·농지 상속등기 절차,현풍 업무 가능 여부 | 부산 해운대 사무소라는 안내 | 관할 특례와 법정 관할 | 현풍에서 자주 문의되는 상황 | 방문 상담이 적합한 경우 | 비대면으로 먼저 검토하는 경우 | 필요서류·비용·절차 | 관련 지역·업무로 이어가기,inheritance,,inheritance,informational,true,,true
/업무사례/대구상속등기비용,case,대구 상속등기 비용｜법무사 보수·취득세·채권 구분 | 다옴법무사사무소,대구 상속등기 비용 구성. 법무사 보수·등기 수수료·취득세·국민주택채권 구분. 부산 해운대 사무소 안내. 해운대·센텀 다옴법무사사무소에서 전화·카카오톡·방문(예약) 상담이 가능합니다.,대구 상속등기 비용 — 보수·취득세·채권 구분,대구 업무 가능 여부 | 부산 해운대 사무소라는 안내 | 관할 특례와 법정 관할 | 대구에서 자주 문의되는 상황 | 방문 상담이 적합한 경우 | 비대면으로 먼저 검토하는 경우 | 필요서류·비용·절차 | 관련 지역·업무로 이어가기,inheritance,,inheritance,cost,true,,true
/업무사례/대구상속등기필요서류,case,대구 상속등기 필요서류｜가족관계·인감… | 다옴법무사사무소,"대구 상속등기 필요서류. 가족관계·기본·혼인관계·인감·위임·협의분할. 부산 해운대, 대구 지점 없음. 해운대·센텀 다옴법무사사무소에서 전화·카카오톡·방문(예약) 상담이 가능합니다.",대구 상속등기 필요서류 — 가족관계·인감·협의서,검색하신 대구 질문에 대한 답변 | 지점이 아니라는 점 | 거리가 있어도 서류를 먼저 확인하는 방법 | 대구 고유 상담 상황 | 재산유형별 확인사항 | 안윤정 법무사 직접 확인 | 보수와 공과금 구분 | 상담 전 준비하면 좋은 정보,inheritance,,inheritance,documents,true,,true
/업무사례/대구아파트상속등기,case,대구 아파트 상속등기｜협의분할·취득세·국민주택채권 | 다옴법무사사무소,대구 아파트 상속등기. 협의분할·취득세·국민주택채권. 부산 해운대 비대면 진행. 대구 지점 없음. 해운대·센텀 다옴법무사사무소에서 전화·카카오톡·방문(예약) 상담이 가능합니다.,대구 아파트 상속등기 — 협의분할과 취득세,검색하신 대구 질문에 대한 답변 | 지점이 아니라는 점 | 거리가 있어도 서류를 먼저 확인하는 방법 | 대구 고유 상담 상황 | 재산유형별 확인사항 | 안윤정 법무사 직접 확인 | 보수와 공과금 구분 | 상담 전 준비하면 좋은 정보,inheritance,,inheritance,informational,true,,true
/업무사례/대구토지상속등기,case,대구 토지 상속등기｜다필지·농지·지목별 취득세 | 다옴법무사사무소,대구 토지·농지 상속등기. 다필지·지목별 취득세. 부산 해운대 비대면 진행. 대구 지점 없음. 해운대·센텀 다옴법무사사무소에서 전화·카카오톡·방문(예약) 상담이 가능합니다.,대구 토지 상속등기 — 다필지·지목별 정리,검색하신 대구 질문에 대한 답변 | 지점이 아니라는 점 | 거리가 있어도 서류를 먼저 확인하는 방법 | 대구 고유 상담 상황 | 재산유형별 확인사항 | 안윤정 법무사 직접 확인 | 보수와 공과금 구분 | 상담 전 준비하면 좋은 정보,inheritance,,inheritance,informational,true,,true
/업무사례/대구유증등기법무사,case,대구 유증등기 법무사｜유언공정증서에 … | 다옴법무사사무소,"대구 유증등기. 유언공정증서·수증·포기·한정승인. 부산 해운대 사무소, 대구 지점 없음. 해운대·센텀 다옴법무사사무소에서 전화·카카오톡·방문(예약) 상담이 가능합니다.",대구 부동산 유증등기 — 유언공정증서에 따른 이전,검색하신 대구 질문에 대한 답변 | 지점이 아니라는 점 | 거리가 있어도 서류를 먼저 확인하는 방법 | 대구 고유 상담 상황 | 재산유형별 확인사항 | 안윤정 법무사 직접 확인 | 보수와 공과금 구분 | 상담 전 준비하면 좋은 정보,inheritance,,inheritance,commercial,true,,true
/업무사례/대구에서부산법인본점이전,case,대구에서 부산 법인 본점이전｜등기·세무 절차 안내 | 다옴법무사사무소,"대구→부산 법인 본점이전. 등기·세무·관할 변경. 법정관할, 부산 해운대. 대구 지점 없음. 해운대·센텀 다옴법무사사무소에서 전화·카카오톡·방문(예약) 상담이 가능합니다.",대구 본점 법인을 부산으로 옮기는 등기,검색하신 대구 질문에 대한 답변 | 지점이 아니라는 점 | 거리가 있어도 서류를 먼저 확인하는 방법 | 대구 고유 상담 상황 | 재산유형별 확인사항 | 안윤정 법무사 직접 확인 | 보수와 공과금 구분 | 상담 전 준비하면 좋은 정보,corporate,부산,corporate,informational,true,,true
/업무사례/부산에서대구법인본점이전,case,부산에서 대구 법인 본점이전｜등기소·… | 다옴법무사사무소,"부산→대구 법인 본점이전. 등기·세무·관할 변경. 법정관할, 부산 해운대. 대구 지점 없음. 해운대·센텀 다옴법무사사무소에서 전화·카카오톡·방문(예약) 상담이 가능합니다.",부산 본점 법인을 대구로 옮기는 등기,검색하신 대구 질문에 대한 답변 | 지점이 아니라는 점 | 거리가 있어도 서류를 먼저 확인하는 방법 | 대구 고유 상담 상황 | 재산유형별 확인사항 | 안윤정 법무사 직접 확인 | 보수와 공과금 구분 | 상담 전 준비하면 좋은 정보,corporate,부산,corporate,informational,true,,true
/업무사례/대구부산공동근저당권,case,대구·부산 공동근저당권 설정｜여러 지… | 다옴법무사사무소,대구·부산 여러 부동산 공동근저당권. 추가설정·일부해지. 부산 해운대. 대구 지점 없음. 해운대·센텀 다옴법무사사무소에서 전화·카카오톡·방문(예약) 상담이 가능합니다.,대구·부산 여러 부동산 공동근저당권,검색하신 대구 질문에 대한 답변 | 지점이 아니라는 점 | 거리가 있어도 서류를 먼저 확인하는 방법 | 대구 고유 상담 상황 | 재산유형별 확인사항 | 안윤정 법무사 직접 확인 | 보수와 공과금 구분 | 상담 전 준비하면 좋은 정보,real-estate,부산,real-estate,informational,true,,true
/업무사례/경북법무사업무,case,경북 법무사 업무 안내｜상속등기·토지… | 다옴법무사사무소,경북 법무사 업무 허브. 22개 시·군 상속등기·토지·농지·법인등기를 부산 해운대 사무소에서 비대면으로 검토합니다. 경북 지점 없음. 해운대·센텀 다옴법무사사무소에서 전화·카카오톡·방문(예약) 상담이 가능합니다.,경북 22개 시·군의 상속·부동산·법인 업무,경북에서 의뢰할 수 있는 업무 | 경북 업무 가능 여부 | 부산 해운대 사무소라는 안내 | 관할 특례와 법정 관할 | 경북에서 자주 문의되는 상황 | 방문 상담이 적합한 경우 | 비대면으로 먼저 검토하는 경우 | 필요서류·비용·절차 | 관련 지역·업무로 이어가기,inheritance,,inheritance,commercial,true,,true
/업무사례/안동상속등기법무사,case,안동 상속등기 법무사｜토지·농지·주택 비대면 상담 | 다옴법무사사무소,안동 토지·농지·주택 상속등기. 부산 해운대 사무소 관할 특례 검토. 안동 지점 없음. 해운대·센텀 다옴법무사사무소에서 전화·카카오톡·방문(예약) 상담이 가능합니다.,안동 토지·농지·주택 상속등기를 어디에 맡길까,검색하신 안동 질문에 대한 답변 | 지점이 아니라는 점 | 거리가 있어도 서류를 먼저 확인하는 방법 | 안동 고유 상담 상황 | 재산유형별 확인사항 | 안윤정 법무사 직접 확인 | 보수와 공과금 구분 | 상담 전 준비하면 좋은 정보,inheritance,,inheritance,commercial,true,,true
/업무사례/예천상속등기법무사,case,예천 상속등기 법무사｜농지·답·임야 상속 절차 | 다옴법무사사무소,예천군 농지·답·임야 상속등기. 부산 해운대 사무소 비대면 진행. 예천 지점 없음. 해운대·센텀 다옴법무사사무소에서 전화·카카오톡·방문(예약) 상담이 가능합니다.,예천군 농지·답·임야 상속등기 절차,예천 업무 가능 여부 | 부산 해운대 사무소라는 안내 | 관할 특례와 법정 관할 | 예천에서 자주 문의되는 상황 | 방문 상담이 적합한 경우 | 비대면으로 먼저 검토하는 경우 | 필요서류·비용·절차 | 관련 지역·업무로 이어가기,inheritance,,inheritance,commercial,true,,true
/업무사례/김천상속등기법무사,case,김천 상속등기 법무사｜아파트·토지·공장 상속 안내 | 다옴법무사사무소,김천 아파트·토지·공장 상속등기. 부산 해운대 사무소 관할 특례 검토. 김천 지점 없음. 해운대·센텀 다옴법무사사무소에서 전화·카카오톡·방문(예약) 상담이 가능합니다.,김천 아파트·토지·공장 상속등기 안내,김천 업무 가능 여부 | 부산 해운대 사무소라는 안내 | 관할 특례와 법정 관할 | 김천에서 자주 문의되는 상황 | 방문 상담이 적합한 경우 | 비대면으로 먼저 검토하는 경우 | 필요서류·비용·절차 | 관련 지역·업무로 이어가기,inheritance,,inheritance,commercial,true,,true
/업무사례/칠곡상속등기법무사,case,칠곡 상속등기 법무사｜아파트·토지·농지 상속 절차 | 다옴법무사사무소,칠곡군 아파트·토지·농지 상속등기. 부산 해운대 사무소 비대면 진행. 칠곡 지점 없음. 해운대·센텀 다옴법무사사무소에서 전화·카카오톡·방문(예약) 상담이 가능합니다.,칠곡군 아파트·토지·농지 상속등기 절차,검색하신 칠곡 질문에 대한 답변 | 지점이 아니라는 점 | 거리가 있어도 서류를 먼저 확인하는 방법 | 칠곡 고유 상담 상황 | 재산유형별 확인사항 | 안윤정 법무사 직접 확인 | 보수와 공과금 구분 | 상담 전 준비하면 좋은 정보,inheritance,,inheritance,commercial,true,,true
/업무사례/경북상속등기비용,case,경북 상속등기 비용｜법무사 보수·취득세·채권 구분 | 다옴법무사사무소,경북 상속등기 비용 구성. 법무사 보수·등기 수수료·취득세·국민주택채권 구분. 부산 해운대 사무소 안내. 해운대·센텀 다옴법무사사무소에서 전화·카카오톡·방문(예약) 상담이 가능합니다.,경북 상속등기 비용 — 보수·취득세·채권 구분,경북 업무 가능 여부 | 부산 해운대 사무소라는 안내 | 관할 특례와 법정 관할 | 경북에서 자주 문의되는 상황 | 방문 상담이 적합한 경우 | 비대면으로 먼저 검토하는 경우 | 필요서류·비용·절차 | 관련 지역·업무로 이어가기,inheritance,,inheritance,cost,true,,true
/업무사례/경북상속등기필요서류,case,경북 상속등기 필요서류｜가족관계·인감… | 다옴법무사사무소,"경북 상속등기 필요서류. 가족관계·기본·혼인관계·인감·위임·협의분할. 부산 해운대, 경북 지점 없음. 해운대·센텀 다옴법무사사무소에서 전화·카카오톡·방문(예약) 상담이 가능합니다.",경북 상속등기 필요서류 — 가족관계·인감·협의서,검색하신 경북 질문에 대한 답변 | 지점이 아니라는 점 | 거리가 있어도 서류를 먼저 확인하는 방법 | 경북 고유 상담 상황 | 재산유형별 확인사항 | 안윤정 법무사 직접 확인 | 보수와 공과금 구분 | 상담 전 준비하면 좋은 정보,inheritance,,inheritance,documents,true,,true
/업무사례/경북토지상속등기,case,경북 토지 상속등기｜다필지·지목별 취득세 정리 | 다옴법무사사무소,경북 토지 상속등기. 다필지·지목별 취득세. 부산 해운대 비대면 진행. 경북 지점 없음. 해운대·센텀 다옴법무사사무소에서 전화·카카오톡·방문(예약) 상담이 가능합니다.,경북 토지 상속등기 — 다필지·지목별 정리,검색하신 경북 질문에 대한 답변 | 지점이 아니라는 점 | 거리가 있어도 서류를 먼저 확인하는 방법 | 경북 고유 상담 상황 | 재산유형별 확인사항 | 안윤정 법무사 직접 확인 | 보수와 공과금 구분 | 상담 전 준비하면 좋은 정보,inheritance,,inheritance,informational,true,,true
/업무사례/경북농지상속등기,case,경북 농지 상속등기｜답·과수원·지목별 취득세 | 다옴법무사사무소,경북 농지·답 상속등기. 지목별 취득세·다필지. 부산 해운대 비대면 진행. 경북 지점 없음. 해운대·센텀 다옴법무사사무소에서 전화·카카오톡·방문(예약) 상담이 가능합니다.,경북 농지 상속등기 — 답·과수원·지목별 취득세,경북 업무 가능 여부 | 부산 해운대 사무소라는 안내 | 관할 특례와 법정 관할 | 경북에서 자주 문의되는 상황 | 방문 상담이 적합한 경우 | 비대면으로 먼저 검토하는 경우 | 필요서류·비용·절차 | 관련 지역·업무로 이어가기,inheritance,,inheritance,informational,true,,true
/업무사례/경북임야상속등기,case,경북 임야 상속등기｜산림·다필지·지목별 정리 | 다옴법무사사무소,경북 임야·산림 토지 상속등기. 다필지·지목별 취득세. 부산 해운대 비대면. 경북 지점 없음. 해운대·센텀 다옴법무사사무소에서 전화·카카오톡·방문(예약) 상담이 가능합니다.,경북 임야 상속등기 — 산림·다필지 정리,검색하신 경북 질문에 대한 답변 | 지점이 아니라는 점 | 거리가 있어도 서류를 먼저 확인하는 방법 | 경북 고유 상담 상황 | 재산유형별 확인사항 | 안윤정 법무사 직접 확인 | 보수와 공과금 구분 | 상담 전 준비하면 좋은 정보,inheritance,,inheritance,informational,true,,true
/업무사례/경북오래된상속등기,case,경북 오래된 상속등기｜미등기·오래된 … | 다옴법무사사무소,경북 오래된 상속등기. 미등기·오래된 사망·가족관계 정리. 부산 해운대 비대면. 경북 지점 없음. 해운대·센텀 다옴법무사사무소에서 전화·카카오톡·방문(예약) 상담이 가능합니다.,경북 오래된 상속등기 — 미등기·오래된 사망 정리,검색하신 경북 질문에 대한 답변 | 지점이 아니라는 점 | 거리가 있어도 서류를 먼저 확인하는 방법 | 경북 고유 상담 상황 | 재산유형별 확인사항 | 안윤정 법무사 직접 확인 | 보수와 공과금 구분 | 상담 전 준비하면 좋은 정보,inheritance,,inheritance,informational,true,,true
/업무사례/경북조부모명의토지상속,case,경북 조부모 명의 토지 상속｜등기부·… | 다옴법무사사무소,"경북 조부모·할아버지 명의 토지·농지 상속. 등기부·지적 확인. 부산 해운대, 경북 지점 없음. 해운대·센텀 다옴법무사사무소에서 전화·카카오톡·방문(예약) 상담이 가능합니다.",경북 조부모 명의 토지 상속 — 등기부·지적 정리,검색하신 경북 질문에 대한 답변 | 지점이 아니라는 점 | 거리가 있어도 서류를 먼저 확인하는 방법 | 경북 고유 상담 상황 | 재산유형별 확인사항 | 안윤정 법무사 직접 확인 | 보수와 공과금 구분 | 상담 전 준비하면 좋은 정보,inheritance,,inheritance,informational,true,,true
/업무사례/경북법인등기법무사,case,경북 법인등기 법무사｜포항·구미·안동… | 다옴법무사사무소,"경북 법인등기. 포항·구미·안동 설립·임원·목적·본점이전. 법정관할 유지, 부산 해운대. 해운대·센텀 다옴법무사사무소에서 전화·카카오톡·방문(예약) 상담이 가능합니다.",경북 포항·구미·안동 기업 법인등기 상담,검색하신 경북 질문에 대한 답변 | 지점이 아니라는 점 | 거리가 있어도 서류를 먼저 확인하는 방법 | 경북 고유 상담 상황 | 재산유형별 확인사항 | 안윤정 법무사 직접 확인 | 보수와 공과금 구분 | 상담 전 준비하면 좋은 정보,corporate,,corporate,consult,true,,true
/업무사례/포항에서부산법인본점이전,case,포항에서 부산 법인 본점이전｜등기·세무 절차 안내 | 다옴법무사사무소,"포항→부산 법인 본점이전. 등기·세무·관할 변경. 법정관할, 부산 해운대. 경북 지점 없음. 해운대·센텀 다옴법무사사무소에서 전화·카카오톡·방문(예약) 상담이 가능합니다.",포항 본점 법인을 부산으로 옮기는 등기,경북 업무 가능 여부 | 부산 해운대 사무소라는 안내 | 관할 특례와 법정 관할 | 경북에서 자주 문의되는 상황 | 방문 상담이 적합한 경우 | 비대면으로 먼저 검토하는 경우 | 필요서류·비용·절차 | 관련 지역·업무로 이어가기,corporate,부산,corporate,informational,true,,true
/업무사례/구미에서부산법인본점이전,case,구미에서 부산 법인 본점이전｜등기소·… | 다옴법무사사무소,"구미→부산 법인 본점이전. 등기·세무·관할 변경. 법정관할, 부산 해운대. 경북 지점 없음. 해운대·센텀 다옴법무사사무소에서 전화·카카오톡·방문(예약) 상담이 가능합니다.",구미 본점 법인을 부산으로 옮기는 등기,검색하신 경북 질문에 대한 답변 | 지점이 아니라는 점 | 거리가 있어도 서류를 먼저 확인하는 방법 | 경북 고유 상담 상황 | 재산유형별 확인사항 | 안윤정 법무사 직접 확인 | 보수와 공과금 구분 | 상담 전 준비하면 좋은 정보,corporate,부산,corporate,informational,true,,true
/업무사례/대구경북공동담보등기,case,대구·경북 공동담보등기｜여러 지역 부… | 다옴법무사사무소,대구·경북 여러 부동산 공동근저당권. 추가설정·일부해지. 부산 해운대. 경북 지점 없음. 해운대·센텀 다옴법무사사무소에서 전화·카카오톡·방문(예약) 상담이 가능합니다.,대구·경북 여러 부동산 공동담보등기,검색하신 경북 질문에 대한 답변 | 지점이 아니라는 점 | 거리가 있어도 서류를 먼저 확인하는 방법 | 경북 고유 상담 상황 | 재산유형별 확인사항 | 안윤정 법무사 직접 확인 | 보수와 공과금 구분 | 상담 전 준비하면 좋은 정보,real-estate,,real-estate,informational,true,,true
/업무사례/영천상속등기법무사,case,영천 상속등기 법무사｜과수원·농지·주택 상속 정리 | 다옴법무사사무소,"영천시 과수원·농지·주택 상속등기 안내. 포도·사과 등 과수원 관련 필지 확인 방법을 설명합니다. 부산 해운대 사무소, 영천 지점 없음. 해운대·센텀 다옴법무사사무소에서 전화·카카오톡·방문(예약) 상담이 가능합니다.","영천 상속부동산, 과수원·농지부터 정리하는 방법",검색하신 영천 질문에 대한 답변 | 지점이 아니라는 점 | 거리가 있어도 서류를 먼저 확인하는 방법 | 영천 고유 상담 상황 | 재산유형별 확인사항 | 안윤정 법무사 직접 확인 | 보수와 공과금 구분 | 상담 전 준비하면 좋은 정보,inheritance,,inheritance,commercial,true,,true
/업무사례/안동오래된토지상속등기,case,안동 오래된 토지 상속등기｜조부모 명… | 다옴법무사사무소,"안동 조부모 명의로 수십 년 남아 있는 토지 상속등기. 제적등본으로 가족관계를 확인하는 절차를 설명합니다. 부산 해운대 사무소, 안동 지점 없음.","안동 조부모 명의 토지, 제적등본부터 확인하는 이유",안동 업무 가능 여부 | 부산 해운대 사무소라는 안내 | 관할 특례와 법정 관할 | 안동에서 자주 문의되는 상황 | 방문 상담이 적합한 경우 | 비대면으로 먼저 검토하는 경우 | 필요서류·비용·절차 | 관련 지역·업무로 이어가기,inheritance,,inheritance,informational,true,,true
/업무사례/경주오래된토지상속등기,case,경주 오래된 토지 상속등기｜조부모 명… | 다옴법무사사무소,"경주 조부모 명의로 여러 세대에 걸쳐 정리되지 않은 토지 상속등기. 제적등본·가족관계 확인 절차를 설명합니다. 부산 해운대 사무소, 경주 지점 없음.","경주 조부모 명의 토지, 여러 세대에 걸쳐 정리하는 방법",경주 업무 가능 여부 | 부산 해운대 사무소라는 안내 | 관할 특례와 법정 관할 | 경주에서 자주 문의되는 상황 | 방문 상담이 적합한 경우 | 비대면으로 먼저 검토하는 경우 | 필요서류·비용·절차 | 관련 지역·업무로 이어가기,inheritance,,inheritance,informational,true,,true
/업무사례/포항상속포기한정승인,case,포항 상속포기 법무사｜부모님 채무가 … | 다옴법무사사무소,포항 거주 피상속인의 채무가 걱정될 때 3개월 기한 안에 확인할 순서. 재산조회 대기 중에도 기한은 별도로 흐릅니다. 관할 법원은 유지되며 부산 해운대 사무소에서 상담·서류 정리를 돕습니다.,포항에서 상속포기·한정승인을 검토하는 순서,검색하신 포항 질문에 대한 답변 | 지점이 아니라는 점 | 거리가 있어도 서류를 먼저 확인하는 방법 | 포항 고유 상담 상황 | 재산유형별 확인사항 | 안윤정 법무사 직접 확인 | 보수와 공과금 구분 | 상담 전 준비하면 좋은 정보,inheritance,,inheritance,commercial,true,,true
/업무사례/문경상속등기법무사,case,문경 상속등기 법무사｜문경새재 인근 … | 다옴법무사사무소,"문경새재 관광지 인근 전원주택과 농지가 함께 상속될 때 준비 순서. 충북에 거주하는 상속인도 진행 가능한지 안내합니다. 부산 해운대 사무소, 문경 지점 없음.","문경 전원주택·농지 상속, 충북 거주 상속인이 확인할 순서",검색하신 문경 질문에 대한 답변 | 지점이 아니라는 점 | 거리가 있어도 서류를 먼저 확인하는 방법 | 문경 고유 상담 상황 | 재산유형별 확인사항 | 안윤정 법무사 직접 확인 | 보수와 공과금 구분 | 상담 전 준비하면 좋은 정보,inheritance,,inheritance,commercial,true,,true
/업무사례/상주상속등기법무사,case,상주 농지 상속등기｜넓은 농지 여러 … | 다옴법무사사무소,"상주시 곶감밭·논밭이 여러 필지로 넓게 흩어져 있을 때 상속등기 목록화 순서를 안내합니다. 부산 해운대 사무소, 상주 지점 없음. 해운대·센텀 다옴법무사사무소에서 전화·카카오톡·방문(예약) 상담이 가능합니다.","상주 넓은 농지 상속, 여러 필지를 한 번에 정리하는 순서",검색하신 상주 질문에 대한 답변 | 지점이 아니라는 점 | 거리가 있어도 서류를 먼저 확인하는 방법 | 상주 고유 상담 상황 | 재산유형별 확인사항 | 안윤정 법무사 직접 확인 | 보수와 공과금 구분 | 상담 전 준비하면 좋은 정보,inheritance,,inheritance,commercial,true,,true
/업무사례/청도상속등기법무사,case,청도 상속등기 법무사｜대구 거주 상속… | 다옴법무사사무소,"청도군 감나무밭·과수원 등 농지가 대구 거주 상속인에게 남겨졌을 때 처리 순서. 아파트 중심인 경산과 다른 농지·과수원 특성을 구분합니다. 부산 해운대 사무소, 청도 지점 없음.","청도 농지·과수원 상속, 대구 거주 상속인이 확인할 순서",검색하신 청도 질문에 대한 답변 | 지점이 아니라는 점 | 거리가 있어도 서류를 먼저 확인하는 방법 | 청도 고유 상담 상황 | 재산유형별 확인사항 | 안윤정 법무사 직접 확인 | 보수와 공과금 구분 | 상담 전 준비하면 좋은 정보,inheritance,,inheritance,commercial,true,,true
/업무사례/울진상속등기법무사,case,울진 비대면 상속등기｜동해안 원거리 … | 다옴법무사사무소,"울진군은 부산에서 왕복이 오래 걸리는 경북 동해안 최북단 지역입니다. 방문 부담을 줄이는 준비 순서와 영덕 인접 필지 확인 방법을 안내합니다. 부산 해운대 사무소, 울진 지점 없음.","울진 상속등기, 동해안 원거리 방문 부담부터 줄이는 방법",울진 업무 가능 여부 | 부산 해운대 사무소라는 안내 | 관할 특례와 법정 관할 | 울진에서 자주 문의되는 상황 | 방문 상담이 적합한 경우 | 비대면으로 먼저 검토하는 경우 | 필요서류·비용·절차 | 관련 지역·업무로 이어가기,inheritance,,inheritance,commercial,true,,true
/업무사례/영주상속등기법무사,case,영주 상속등기 법무사｜경북 영주시 주… | 다옴법무사사무소,"경북 영주시 주택·농지 상속등기 안내. 부산 영주동과는 다른 지역이므로 먼저 구분해 드립니다. 경북 북부 지역 특성도 함께 설명합니다. 부산 해운대 사무소, 영주 지점 없음.","경북 영주 상속부동산, 부산 영주동과 헷갈리지 않게 정리하기",검색하신 영주 질문에 대한 답변 | 지점이 아니라는 점 | 거리가 있어도 서류를 먼저 확인하는 방법 | 영주 고유 상담 상황 | 재산유형별 확인사항 | 안윤정 법무사 직접 확인 | 보수와 공과금 구분 | 상담 전 준비하면 좋은 정보,inheritance,부산,inheritance,commercial,true,,true
/업무사례/의성상속등기법무사,case,의성 상속등기 법무사｜마늘 농지·전원… | 다옴법무사사무소,"의성 마늘밭·논밭과 읍내 전원주택이 함께 상속될 때 준비 순서. 수도권·부산 거주 상속인도 진행 가능한지 안내합니다. 부산 해운대 사무소, 의성 지점 없음.","의성 마늘 농지·전원주택 상속, 타지역 상속인이 확인할 순서",검색하신 의성 질문에 대한 답변 | 지점이 아니라는 점 | 거리가 있어도 서류를 먼저 확인하는 방법 | 의성 고유 상담 상황 | 재산유형별 확인사항 | 안윤정 법무사 직접 확인 | 보수와 공과금 구분 | 상담 전 준비하면 좋은 정보,inheritance,,inheritance,commercial,true,,true
/업무사례/영덕봉화상속등기법무사,case,영덕·봉화 상속등기 법무사｜해안 어촌… | 다옴법무사사무소,"영덕 해안 주택·어촌 토지와 봉화 산간 임야·농지가 함께 상속될 때 묶음 검토 순서. 부산 해운대 사무소, 영덕·봉화 지점 없음. 해운대·센텀 다옴법무사사무소에서 전화·카카오톡·방문(예약) 상담이 가능합니다.","영덕 해안·봉화 산간 상속, 두 군 부동를 한 번에 보는 순서",검색하신 영덕·봉화 질문에 대한 답변 | 지점이 아니라는 점 | 거리가 있어도 서류를 먼저 확인하는 방법 | 영덕·봉화 고유 상담 상황 | 재산유형별 확인사항 | 안윤정 법무사 직접 확인 | 보수와 공과금 구분 | 상담 전 준비하면 좋은 정보,inheritance,,inheritance,commercial,true,,true
/업무사례/청송영양상속등기법무사,case,청송·영양 상속등기 법무사｜사과 과수… | 다옴법무사사무소,"청송 사과 과수원과 영양 고원 농지·임야가 함께 상속될 때 묶음 검토 순서. 타지역 상속인도 가능 여부를 안내합니다. 부산 해운대 사무소, 청송·영양 지점 없음.","청송 사과·영양 고원 상속, 두 군 과수원·농지를 묶는 순서",청송·영양 업무 가능 여부 | 부산 해운대 사무소라는 안내 | 관할 특례와 법정 관할 | 청송·영양에서 자주 문의되는 상황 | 방문 상담이 적합한 경우 | 비대면으로 먼저 검토하는 경우 | 필요서류·비용·절차 | 관련 지역·업무로 이어가기,inheritance,,inheritance,commercial,true,,true
/업무사례/고령성주상속등기법무사,case,고령·성주 상속등기 법무사｜딸기·참외… | 다옴법무사사무소,"고령 딸기 하우스와 성주 참외 농지가 함께 상속될 때 묶음 검토 순서. 대구·부산 거주 상속인도 가능 여부를 안내합니다. 부산 해운대 사무소, 고령·성주 지점 없음.","고령 딸기·성주 참외 상속, 두 군 농지를 묶어서 보는 순서",고령·성주 업무 가능 여부 | 부산 해운대 사무소라는 안내 | 관할 특례와 법정 관할 | 고령·성주에서 자주 문의되는 상황 | 방문 상담이 적합한 경우 | 비대면으로 먼저 검토하는 경우 | 필요서류·비용·절차 | 관련 지역·업무로 이어가기,inheritance,,inheritance,commercial,true,,true
/busan-legal-map,pillar,부산 법률지도 — 구·군별 상담 주제 | 다옴법무사사무소,부산 16개 구·군별 상속등기·부동산등기·법인등기·전세보증금·개인회생 등 법무사 상담 주제를 지역별로 정리한 부산 법률지도. 해운대·수영·연제·동래·기장 등 지역 검색 유입 안내.,부산 어디에서 어떤 법률 문제가 많을까요?,지역별 안내 | 상담 시 확인하는 내용,inheritance,부산,inheritance,commercial,true,,true
/glossary,glossary,법률 용어사전 — 상속·등기·민사 용어 쉽게 | 다옴법무사사무소,상속등기·한정승인·소유권이전등기·개인회생·법인등기 등 법률 용어를 부산 법무사 관점에서 쉽게 설명합니다. 준비서류·확인사항·관련 페이지를 함께 확인하세요.,법률 용어사전,용어 목록 | 상담 시 확인하는 내용,inheritance,,inheritance,commercial,true,,true
/glossary/inheritance-registration,glossary,상속등기 뜻과 절차｜부산 법무사가 쉽게 설명 | 다옴법무사사무소,"상속등기은(는) 피상속인이 남긴 부동산 등기부상 권리를 상속인 명의로 옮기는 절차입니다입니다. 언제 문제가 되는지, 준비서류와 확인사항을 정리했습니다.",상속등기 뜻과 절차,한 줄 정의 | 쉽게 풀어쓴 설명 | 언제 문제가 되는지 | 준비서류 또는 확인사항 | 관련 자가진단 | 관련 서비스 | 관련 FAQ | 관련 사례 | 관련 용어,inheritance,,inheritance,commercial,true,,true
/glossary/inheritance-renunciation,glossary,상속포기 뜻과 절차｜부산 법무사가 쉽게 설명 | 다옴법무사사무소,"상속포기은(는) 상속인이 상속재산과 채무를 모두 포기하고 상속인 지위를 버리는 신고입니다입니다. 언제 문제가 되는지, 준비서류와 확인사항을 정리했습니다.",상속포기 뜻과 절차,한 줄 정의 | 쉽게 풀어쓴 설명 | 언제 문제가 되는지 | 준비서류 또는 확인사항 | 관련 자가진단 | 관련 서비스 | 관련 FAQ | 관련 사례 | 관련 용어,inheritance,,inheritance,commercial,true,,true
/glossary/qualified-acceptance,glossary,한정승인 뜻과 절차｜부산 법무사가 쉽게 설명 | 다옴법무사사무소,"한정승인은(는) 상속인이 상속재산 한도 내에서만 피상속인의 채무를 변제하는 승인 방식입니다입니다. 언제 문제가 되는지, 준비서류와 확인사항을 정리했습니다.",한정승인 뜻과 절차,한 줄 정의 | 쉽게 풀어쓴 설명 | 언제 문제가 되는지 | 준비서류 또는 확인사항 | 관련 자가진단 | 관련 서비스 | 관련 FAQ | 관련 사례 | 관련 용어,inheritance,,inheritance,commercial,true,,true
/glossary/special-qualified-acceptance,glossary,특별한정승인 뜻과 절차｜부산 법무사가 쉽게 설명 | 다옴법무사사무소,"특별한정승인은(는) 정해진 기한을 넘겼을 때 법원 허가 하에 한정승인과 유사하게 처리하는 예외 제도입니다입니다. 언제 문제가 되는지, 준비서류와 확인사항을 정리했습니다.",특별한정승인 뜻과 절차,한 줄 정의 | 쉽게 풀어쓴 설명 | 언제 문제가 되는지 | 준비서류 또는 확인사항 | 관련 자가진단 | 관련 서비스 | 관련 FAQ | 관련 사례 | 관련 용어,inheritance,,inheritance,commercial,true,,true
/glossary/inheritance-division-agreement,glossary,상속재산분할협의서 뜻과 절차｜부산 법무사가 쉽게 설명 | 다옴법무사사무소,"상속재산분할협의서은(는) 여러 상속인이 상속재산을 누가 어떻게 가져갈지 합의해 적는 문서입니다입니다. 언제 문제가 되는지, 준비서류와 확인사항을 정리했습니다.",상속재산분할협의서 뜻과 절차,한 줄 정의 | 쉽게 풀어쓴 설명 | 언제 문제가 되는지 | 준비서류 또는 확인사항 | 관련 자가진단 | 관련 서비스 | 관련 FAQ | 관련 사례 | 관련 용어,inheritance,,inheritance,commercial,true,,true
/glossary/statutory-reserve-share,glossary,유류분 뜻과 절차｜부산 법무사가 쉽게 설명 | 다옴법무사사무소,"유류분은(는) 법이 정한 최소 상속분으로, 유언·증여로 침해되면 반환을 청구할 수 있습니다입니다. 언제 문제가 되는지, 준비서류와 확인사항을 정리했습니다.",유류분 뜻과 절차,한 줄 정의 | 쉽게 풀어쓴 설명 | 언제 문제가 되는지 | 준비서류 또는 확인사항 | 관련 자가진단 | 관련 서비스 | 관련 FAQ | 관련 사례 | 관련 용어,glossary,,,commercial,true,,true
/glossary/legal-inheritance-order,glossary,법정상속순위 뜻과 절차｜부산 법무사가 쉽게 설명 | 다옴법무사사무소,"법정상속순위은(는) 유언이 없으면 배우자·직계비속·직계존속 등 법이 정한 순위와 지분으로 상속합니다입니다. 언제 문제가 되는지, 준비서류와 확인사항을 정리했습니다.",법정상속순위 뜻과 절차,한 줄 정의 | 쉽게 풀어쓴 설명 | 언제 문제가 되는지 | 준비서류 또는 확인사항 | 관련 자가진단 | 관련 서비스 | 관련 FAQ | 관련 사례 | 관련 용어,inheritance,,inheritance,commercial,true,,true
/glossary/subrogation-inheritance,glossary,대습상속 뜻과 절차｜부산 법무사가 쉽게 설명 | 다옴법무사사무소,"대습상속은(는) 자녀 등 상속인이 피상속인보다 먼저 사망한 경우, 그 자녀가 대신 상속인이 됩니다입니다. 언제 문제가 되는지, 준비서류와 확인사항을 정리했습니다.",대습상속 뜻과 절차,한 줄 정의 | 쉽게 풀어쓴 설명 | 언제 문제가 되는지 | 준비서류 또는 확인사항 | 관련 자가진단 | 관련 서비스 | 관련 FAQ | 관련 사례 | 관련 용어,inheritance,,inheritance,commercial,true,,true
/glossary/mortgage,glossary,근저당 뜻과 절차｜부산 법무사가 쉽게 설명 | 다옴법무사사무소,"근저당은(는) 대출 등 채무를 담보하기 위해 부동산에 설정하는 저당권의 일종입니다입니다. 언제 문제가 되는지, 준비서류와 확인사항을 정리했습니다.",근저당 뜻과 절차,한 줄 정의 | 쉽게 풀어쓴 설명 | 언제 문제가 되는지 | 준비서류 또는 확인사항 | 관련 자가진단 | 관련 서비스 | 관련 FAQ | 관련 사례 | 관련 용어,real-estate,,real-estate,commercial,true,,true
/glossary/provisional-attachment,glossary,가압류 뜻과 절차｜부산 법무사가 쉽게 설명 | 다옴법무사사무소,"가압류은(는) 채권 보전을 위해 법원이 재산 처분·양도를 제한하도록 하는 임시 강제조치입니다입니다. 언제 문제가 되는지, 준비서류와 확인사항을 정리했습니다.",가압류 뜻과 절차,한 줄 정의 | 쉽게 풀어쓴 설명 | 언제 문제가 되는지 | 준비서류 또는 확인사항 | 관련 자가진단 | 관련 서비스 | 관련 FAQ | 관련 사례 | 관련 용어,civil-debt,,,commercial,true,,true
/glossary/attachment,glossary,압류 뜻과 절차｜부산 법무사가 쉽게 설명 | 다옴법무사사무소,"압류은(는) 채권자가 강제집행으로 채무자의 재산을 특정해 처분을 금지하는 절차입니다입니다. 언제 문제가 되는지, 준비서류와 확인사항을 정리했습니다.",압류 뜻과 절차,한 줄 정의 | 쉽게 풀어쓴 설명 | 언제 문제가 되는지 | 준비서류 또는 확인사항 | 관련 자가진단 | 관련 서비스 | 관련 FAQ | 관련 사례 | 관련 용어,glossary,,,commercial,true,,true
/glossary/pledge,glossary,질권 뜻과 절차｜부산 법무사가 쉽게 설명 | 다옴법무사사무소,"질권은(는) 채무 담보를 위해 채권 등을 일정 범위에서 처분하지 못하게 하는 담보권입니다입니다. 언제 문제가 되는지, 준비서류와 확인사항을 정리했습니다.",질권 뜻과 절차,한 줄 정의 | 쉽게 풀어쓴 설명 | 언제 문제가 되는지 | 준비서류 또는 확인사항 | 관련 자가진단 | 관련 서비스 | 관련 FAQ | 관련 사례 | 관련 용어,glossary,,,commercial,true,,true
/glossary/jeonse-right,glossary,전세권 뜻과 절차｜부산 법무사가 쉽게 설명 | 다옴법무사사무소,"전세권은(는) 전세금을 내고 건물 사용·수익권을 등기로 확보하는 물권입니다입니다. 언제 문제가 되는지, 준비서류와 확인사항을 정리했습니…",전세권 뜻과 절차,한 줄 정의 | 쉽게 풀어쓴 설명 | 언제 문제가 되는지 | 준비서류 또는 확인사항 | 관련 자가진단 | 관련 서비스 | 관련 FAQ | 관련 사례 | 관련 용어,real-estate,,real-estate,commercial,true,,true
/glossary/lease-registration-order,glossary,임차권등기명령 뜻과 절차｜부산 법무사가 쉽게 설명 | 다옴법무사사무소,"임차권등기명령은(는) 임차인이 보증금 반환을 보호받기 위해 등기소에 임차권을 등기하도록 하는 법원 명령입니다입니다. 언제 문제가 되는지, 준비서류와 확인사항을 정리했습니다.",임차권등기명령 뜻과 절차,한 줄 정의 | 쉽게 풀어쓴 설명 | 언제 문제가 되는지 | 준비서류 또는 확인사항 | 관련 자가진단 | 관련 서비스 | 관련 FAQ | 관련 사례 | 관련 용어,real-estate,,real-estate,commercial,true,,true
/glossary/ownership-transfer-registration,glossary,소유권이전등기 뜻과 절차｜부산 법무사가 쉽게 설명 | 다옴법무사사무소,"소유권이전등기은(는) 매매·상속·증여 등 원인에 따라 부동산 소유자를 변경하는 등기 절차입니다입니다. 언제 문제가 되는지, 준비서류와 확인사항을 정리했습니다.",소유권이전등기 뜻과 절차,한 줄 정의 | 쉽게 풀어쓴 설명 | 언제 문제가 되는지 | 준비서류 또는 확인사항 | 관련 자가진단 | 관련 서비스 | 관련 FAQ | 관련 사례 | 관련 용어,real-estate,,real-estate,commercial,true,,true
/glossary/ownership-preservation-registration,glossary,소유권보존등기 뜻과 절차｜부산 법무사가 쉽게 설명 | 다옴법무사사무소,"소유권보존등기은(는) 신축·분양 등으로 등기가 없던 부동산에 최초로 소유자를 등기하는 절차입니다입니다. 언제 문제가 되는지, 준비서류와 확인사항을 정리했습니다.",소유권보존등기 뜻과 절차,한 줄 정의 | 쉽게 풀어쓴 설명 | 언제 문제가 되는지 | 준비서류 또는 확인사항 | 관련 자가진단 | 관련 서비스 | 관련 FAQ | 관련 사례 | 관련 용어,real-estate,,real-estate,commercial,true,,true
/glossary/registration-license-tax,glossary,등록면허세 뜻과 절차｜부산 법무사가 쉽게 설명 | 다옴법무사사무소,"등록면허세은(는) 등기·등록 행위에 대해 부과되는 지방세로, 등기 신청 전 납부가 필요합니다입니다. 언제 문제가 되는지, 준비서류와 확인사항을 정리했습니다.",등록면허세 뜻과 절차,한 줄 정의 | 쉽게 풀어쓴 설명 | 언제 문제가 되는지 | 준비서류 또는 확인사항 | 관련 자가진단 | 관련 서비스 | 관련 FAQ | 관련 사례 | 관련 용어,glossary,,,commercial,true,,true
/glossary/acquisition-tax,glossary,취득세 뜻과 절차｜부산 법무사가 쉽게 설명 | 다옴법무사사무소,"취득세은(는) 부동산 등 재산을 취득할 때 납부하는 세금으로, 상속·매매·증여마다 세율이 다릅니다입니다. 언제 문제가 되는지, 준비서류와 확인사항을 정리했습니다.",취득세 뜻과 절차,한 줄 정의 | 쉽게 풀어쓴 설명 | 언제 문제가 되는지 | 준비서류 또는 확인사항 | 관련 자가진단 | 관련 서비스 | 관련 FAQ | 관련 사례 | 관련 용어,glossary,,,commercial,true,,true
/glossary/stamp-duty,glossary,인지대 뜻과 절차｜부산 법무사가 쉽게 설명 | 다옴법무사사무소,"인지대은(는) 법률행위나 신청서류에 부착하는 인지세로, 금액은 문서 종류·계약금액에 따라 정해집니다입니다. 언제 문제가 되는지, 준비서류와 확인사항을 정리했습니다.",인지대 뜻과 절차,한 줄 정의 | 쉽게 풀어쓴 설명 | 언제 문제가 되는지 | 준비서류 또는 확인사항 | 관련 자가진단 | 관련 서비스 | 관련 FAQ | 관련 사례 | 관련 용어,glossary,,,commercial,true,,true
/glossary/service-fee,glossary,송달료 뜻과 절차｜부산 법무사가 쉽게 설명 | 다옴법무사사무소,"송달료은(는) 소송·가사·회생 등 법원 절차에서 서류 송달에 필요한 실비 성격의 비용입니다입니다. 언제 문제가 되는지, 준비서류와 확인사항을 정리했습니다.",송달료 뜻과 절차,한 줄 정의 | 쉽게 풀어쓴 설명 | 언제 문제가 되는지 | 준비서류 또는 확인사항 | 관련 자가진단 | 관련 서비스 | 관련 FAQ | 관련 사례 | 관련 용어,glossary,,,commercial,true,,true
/glossary/payment-order,glossary,지급명령 뜻과 절차｜부산 법무사가 쉽게 설명 | 다옴법무사사무소,"지급명령은(는) 인지 없는 채무 등에 대해 채권자가 신청하면 법원이 지급을 명하는 민사 절차입니다입니다. 언제 문제가 되는지, 준비서류와 확인사항을 정리했습니다.",지급명령 뜻과 절차,한 줄 정의 | 쉽게 풀어쓴 설명 | 언제 문제가 되는지 | 준비서류 또는 확인사항 | 관련 자가진단 | 관련 서비스 | 관련 FAQ | 관련 사례 | 관련 용어,civil-debt,,,commercial,true,,true
/glossary/certified-mail,glossary,내용증명 뜻과 절차｜부산 법무사가 쉽게 설명 | 다옴법무사사무소,"내용증명은(는) 발송 내용과 일자를 증명하는 우편으로, 계약 해지·최고·협의 촉구에 자주 씁니다입니다. 언제 문제가 되는지, 준비서류와 확인사항을 정리했습니다.",내용증명 뜻과 절차,한 줄 정의 | 쉽게 풀어쓴 설명 | 언제 문제가 되는지 | 준비서류 또는 확인사항 | 관련 자가진단 | 관련 서비스 | 관련 FAQ | 관련 사례 | 관련 용어,civil-debt,,,commercial,true,,true
/glossary/complaint,glossary,소장 뜻과 절차｜부산 법무사가 쉽게 설명 | 다옴법무사사무소,"소장은(는) 원고가 피고를 상대로 청구취지·원인을 적어 법원에 제출하는 소송 개시 서류입니다입니다. 언제 문제가 되는지, 준비서류와 확인사항을 정리했습니다.",소장 뜻과 절차,한 줄 정의 | 쉽게 풀어쓴 설명 | 언제 문제가 되는지 | 준비서류 또는 확인사항 | 관련 자가진단 | 관련 서비스 | 관련 FAQ | 관련 사례 | 관련 용어,glossary,,,commercial,true,,true
/glossary/answer-brief,glossary,답변서 뜻과 절차｜부산 법무사가 쉽게 설명 | 다옴법무사사무소,"답변서은(는) 소송에서 피고가 원고 주장에 대한 인부·반박을 적어 제출하는 서류입니다입니다. 언제 문제가 되는지, 준비서류와 확인사항을 정리했습니다.",답변서 뜻과 절차,한 줄 정의 | 쉽게 풀어쓴 설명 | 언제 문제가 되는지 | 준비서류 또는 확인사항 | 관련 자가진단 | 관련 서비스 | 관련 FAQ | 관련 사례 | 관련 용어,glossary,,,commercial,true,,true
/glossary/personal-rehabilitation,glossary,개인회생 뜻과 절차｜부산 법무사가 쉽게 설명 | 다옴법무사사무소,"개인회생은(는) 채무를 일정 기간 나눠 갚고 남은 채무를 면제받는 법원 절차입니다입니다. 언제 문제가 되는지, 준비서류와 확인사항을 정리했습니다.",개인회생 뜻과 절차,한 줄 정의 | 쉽게 풀어쓴 설명 | 언제 문제가 되는지 | 준비서류 또는 확인사항 | 관련 자가진단 | 관련 서비스 | 관련 FAQ | 관련 사례 | 관련 용어,insolvency,,,commercial,true,,true
/glossary/personal-bankruptcy,glossary,개인파산 뜻과 절차｜부산 법무사가 쉽게 설명 | 다옴법무사사무소,"개인파산은(는) 지급 불능 상태의 채무자가 법원에 파산을 신청하고 면책을 받는 제도입니다입니다. 언제 문제가 되는지, 준비서류와 확인사항을 정리했습니다.",개인파산 뜻과 절차,한 줄 정의 | 쉽게 풀어쓴 설명 | 언제 문제가 되는지 | 준비서류 또는 확인사항 | 관련 자가진단 | 관련 서비스 | 관련 FAQ | 관련 사례 | 관련 용어,insolvency,,,commercial,true,,true
/glossary/discharge,glossary,면책 뜻과 절차｜부산 법무사가 쉽게 설명 | 다옴법무사사무소,"면책은(는) 파산 또는 회생 절차를 마친 뒤 채무자가 더 이상 갚지 않아도 되게 하는 법원 결정입니다입니다. 언제 문제가 되는지, 준비서류와 확인사항을 정리했습니다.",면책 뜻과 절차,한 줄 정의 | 쉽게 풀어쓴 설명 | 언제 문제가 되는지 | 준비서류 또는 확인사항 | 관련 자가진단 | 관련 서비스 | 관련 FAQ | 관련 사례 | 관련 용어,insolvency,,,commercial,true,,true
/glossary/company-establishment-registration,glossary,법인설립등기 뜻과 절차｜부산 법무사가 쉽게 설명 | 다옴법무사사무소,"법인설립등기은(는) 정관·발기인 결의 등을 바탕으로 새 법인을 등기소에 등록하는 최초 등기입니다입니다. 언제 문제가 되는지, 준비서류와 확인사항을 정리했습니다.",법인설립등기 뜻과 절차,한 줄 정의 | 쉽게 풀어쓴 설명 | 언제 문제가 되는지 | 준비서류 또는 확인사항 | 관련 자가진단 | 관련 서비스 | 관련 FAQ | 관련 사례 | 관련 용어,corporate,,corporate,commercial,true,,true
/glossary/director-change-registration,glossary,임원변경등기 뜻과 절차｜부산 법무사가 쉽게 설명 | 다옴법무사사무소,"임원변경등기은(는) 법인 임원의 취임·퇴임·주소 변경 등을 등기부에 반영하는 등기입니다입니다. 언제 문제가 되는지, 준비서류와 확인사항을 정리했습니다.",임원변경등기 뜻과 절차,한 줄 정의 | 쉽게 풀어쓴 설명 | 언제 문제가 되는지 | 준비서류 또는 확인사항 | 관련 자가진단 | 관련 서비스 | 관련 FAQ | 관련 사례 | 관련 용어,corporate,,corporate,commercial,true,,true
/glossary/head-office-move-registration,glossary,본점이전등기 뜻과 절차｜부산 법무사가 쉽게 설명 | 다옴법무사사무소,"본점이전등기은(는) 회사 본점을 다른 시·군·구로 이전할 때 등기소에 신청하는 주소 변경 등기입니다입니다. 언제 문제가 되는지, 준비서류와 확인사항을 정리했습니다.",본점이전등기 뜻과 절차,한 줄 정의 | 쉽게 풀어쓴 설명 | 언제 문제가 되는지 | 준비서류 또는 확인사항 | 관련 자가진단 | 관련 서비스 | 관련 FAQ | 관련 사례 | 관련 용어,corporate,,corporate,commercial,true,,true
/glossary/purpose-change-registration,glossary,목적변경등기 뜻과 절차｜부산 법무사가 쉽게 설명 | 다옴법무사사무소,"목적변경등기은(는) 법인이 할 수 있는 사업 범위(정관 목적)를 변경하고 등기하는 절차입니다입니다. 언제 문제가 되는지, 준비서류와 확인사항을 정리했습니다.",목적변경등기 뜻과 절차,한 줄 정의 | 쉽게 풀어쓴 설명 | 언제 문제가 되는지 | 준비서류 또는 확인사항 | 관련 자가진단 | 관련 서비스 | 관련 FAQ | 관련 사례 | 관련 용어,real-estate,,real-estate,commercial,true,,true
/glossary/dissolution-registration,glossary,해산등기 뜻과 절차｜부산 법무사가 쉽게 설명 | 다옴법무사사무소,"해산등기은(는) 주주총회 등으로 법인 해산을 결의한 뒤 등기소에 해산 사실을 등록하는 등기입니다입니다. 언제 문제가 되는지, 준비서류와 확인사항을 정리했습니다.",해산등기 뜻과 절차,한 줄 정의 | 쉽게 풀어쓴 설명 | 언제 문제가 되는지 | 준비서류 또는 확인사항 | 관련 자가진단 | 관련 서비스 | 관련 FAQ | 관련 사례 | 관련 용어,corporate,,corporate,commercial,true,,true
/glossary/liquidation-registration,glossary,청산등기 뜻과 절차｜부산 법무사가 쉽게 설명 | 다옴법무사사무소,"청산등기은(는) 해산 후 재산·채무 정리를 끝내고 법인 존재를 소멸시키는 마지막 등기입니다입니다. 언제 문제가 되는지, 준비서류와 확인사항을 정리했습니다.",청산등기 뜻과 절차,한 줄 정의 | 쉽게 풀어쓴 설명 | 언제 문제가 되는지 | 준비서류 또는 확인사항 | 관련 자가진단 | 관련 서비스 | 관련 FAQ | 관련 사례 | 관련 용어,corporate,,corporate,commercial,true,,true
/강의이력,pillar,안윤정 법무사 강의 이력｜생활법률·전세사기·청년·창업 특강,"부산 시민, 청년, 학생, 자립준비청년, 예비창업자, 기업·기관 임직원을 대상으로 진행한 생활법률, 전세사기 예방, 디지털 법률, 창업 법률교육 이력을 안내합니다.",안윤정 법무사 강의·특강 이력,상담 시 확인하는 내용,real-estate,부산,real-estate,commercial,true,,true
/강의이력/busan-citizen-library-life-law,pillar,시민도서관 생활법률 특강｜안윤정 법무사 강의 이력,"부산광역시립시민도서관에서 진행한 부산광역시립시민도서관 생활법률 특강 이력을 안내합니다. 대상: 시민·성인 수강생. 부산광역시립시민도서관에서 진행한 성인 야간 생활법률 특강입니다. 전·월세계약, 생활 속 분쟁, 디지털·형사 예방 주제를 회차로 나누어 사례 중심",부산광역시립시민도서관 생활법률 특강,상담 시 확인하는 내용,real-estate,부산,real-estate,commercial,true,,true
/강의이력/busan-self-support-jeonse-prevention,pillar,자립지원전담기관 전세사기 예방｜안윤정 법무사 강의 이력,부산광역시 자립지원전담기관에서 진행한 부산광역시 자립지원전담기관 전세사기 예방 특강 이력을 안내합니다. 대상: 자립준비청년·청년. 부산광역시 자립지원전담기관에서 자립준비청년을 대상으로 전·월세 계약과 전세사기 예방을 안내한 특강입니다. 첫 보금자리를 마련할 때 확인해야 할 ,부산광역시 자립지원전담기관 전세사기 예방 특강,상담 시 확인하는 내용,real-estate,부산,real-estate,commercial,true,,true
/강의이력/busan-self-support-daily-dispute-survival,pillar,자립지원전담기관 일상분쟁 생존법｜안윤정 법무사 강의 이력,부산광역시 자립지원전담기관에서 진행한 부산광역시 자립지원전담기관 일상분쟁 생존법 특강 이력을 안내합니다. 대상: 자립준비청년·청년. 일상에서 자주 마주치는 분쟁 상황을 예방·대응 관점에서 정리한 특강입니다. 계약·금전·관계 이슈의 확인 포인트를 사례 중심으로 안내했습니다.,부산광역시 자립지원전담기관 일상분쟁 생존법 특강,상담 시 확인하는 내용,lecture,부산,,commercial,true,,true
/강의이력/haeundae-youth-space-startup-law-2026-07,pillar,해운대청년채움공간 창업법률｜안윤정 법무사 강의 이력,해운대청년채움공간에서 진행한 해운대청년채움공간 창업법률 특강 이력을 안내합니다. 대상: 청년·예비창업자. 해운대청년채움공간에서 창업 과정에서 확인해야 할 계약·법인·분쟁 예방 포인트를 안내한 특강입니다.,해운대청년채움공간 창업법률 특강,상담 시 확인하는 내용,corporate,해운대,corporate,commercial,true,,true
/강의이력/changwon-youth-vision-center,pillar,창원청년비전센터 생활법률｜안윤정 법무사 강의 이력,창원청년비전센터에서 진행한 창원청년비전센터 청년 생활법률 특강 이력을 안내합니다. 대상: 청년. 창원청년비전센터에서 청년을 대상으로 진행한 생활법률 특강입니다. 주거·계약·금전·온라인 상황에서 자주 마주치는 확인 포인트를 사례 중심으로 안내,창원청년비전센터 청년 생활법률 특강,상담 시 확인하는 내용,lecture,,,commercial,true,,true
/강의이력/yangsan-jeil-high-career-talk,pillar,양산제일고 진로특강｜안윤정 법무사 강의 이력,"양산제일고에서 진행한 양산제일고 법무사 진로특강 이력을 안내합니다. 대상: 고등학생. 양산제일고 학생들을 대상으로 법무사 업무와 자격 준비 과정, 실제 업무 경험을 나눈 진로특강입니다.",양산제일고 법무사 진로특강,상담 시 확인하는 내용,lecture,,,commercial,true,,true
/강의이력/haeundae-youth-job-growth-cafe,pillar,해운대 청년 JOB성장카페 강의｜안윤정 법무사 강의 이력,해운대 청년 JOB성장카페에서 진행한 해운대 청년 JOB성장카페 청년 맞춤 법률 강의 이력을 안내합니다. 대상: 청년·사회초년생. 해운대 청년채움공간(청년 JOB성장카페)과 연계해 청년의 취업·주거 상황에 맞춘 생활법률을 안내한 강의입니다. 해운대·수영·동래 청년을 대상으로,해운대 청년 JOB성장카페 청년 맞춤 법률 강의,상담 시 확인하는 내용,real-estate,해운대,real-estate,commercial,true,,true
/강의이력/lh-busan-ccei-life-law,pillar,LH·창경 생활법률 프로그램｜안윤정 법무사 강의 이력,LH · 부산창조경제혁신센터에서 진행한 LH·부산창조경제혁신센터 청년·시민 생활법률 프로그램 이력을 안내합니다. 대상: 청년·시민. LH(한국토지주택공사)·부산창조경제혁신센터와 협업한 프로그램에서 청년·시민을 대상으로 생활법률 강의·상담을 진행했습니다.,LH·부산창조경제혁신센터 청년·시민 생활법률 프로그램,상담 시 확인하는 내용,lecture,부산,,consult,true,,true
/강의이력/youth-jeonse-prevention-series,pillar,청년 전세사기 예방 시리즈｜안윤정 법무사 강의 이력,부산 지역 청년·기관 대상 출강에서 진행한 청년 전세사기 예방 오프라인 강의 시리즈 이력을 안내합니다. 대상: 청년. 청년을 대상으로 전세사기 예방 주제의 오프라인 강의를 여러 회차로 진행했습니다. 등기부등본 확인·확정일자 등 실전 체크포인트를 중심으로 구성했습,청년 전세사기 예방 오프라인 강의 시리즈,상담 시 확인하는 내용,real-estate,부산,real-estate,commercial,true,,true
/강의이력/youth-digital-law-guide,pillar,디지털 법률 가이드｜안윤정 법무사 강의 이력,부산 지역 청년·기관 대상 출강에서 진행한 청년 디지털 법률 가이드 강의 이력을 안내합니다. 대상: 청년. 온라인에서 마주치는 법적 위험을 다룬 청년 대상 디지털 법률 가이드 강의입니다. 명예훼손·모욕·개인정보·온라인 사기 예방을 사례로 안내했습니다.,청년 디지털 법률 가이드 강의,상담 시 확인하는 내용,lecture,부산,,commercial,true,,true
/강의이력/youth-mistake-crime-lecture,pillar,실수로 범죄가 되는 순간들｜안윤정 법무사 강의 이력,부산 지역 청년·기관 대상 출강에서 진행한 청년 대상 생활 속 형사 리스크 예방 강의 이력을 안내합니다. 대상: 청년. 청년들이 일상에서 모르고 저지를 수 있는 형사 리스크를 사례로 짚어본 강의입니다. 온라인·일상 행동과 법적 책임의 경계를 예방 관점에서 안내했습,청년 대상 생활 속 형사 리스크 예방 강의,상담 시 확인하는 내용,lecture,부산,,commercial,true,,true
/강의이력/youth-life-law-basics,pillar,생활법률 기초｜안윤정 법무사 강의 이력,부산 지역 청년·기관 대상 출강에서 진행한 청년 대상 생활법률 기초 강의 이력을 안내합니다. 대상: 청년. 일상 곳곳에 스며 있는 법률 문제를 기초부터 짚어본 청년 대상 강의입니다.,청년 대상 생활법률 기초 강의,상담 시 확인하는 내용,lecture,부산,,commercial,true,,true
/강의이력/youth-housing-contract-guide,pillar,주거계약 실전 가이드｜안윤정 법무사 강의 이력,"부산 지역 청년·기관 대상 출강에서 진행한 청년 주거계약 실전 가이드 강의 이력을 안내합니다. 대상: 청년. 청년을 위한 주거계약 실전 가이드 강의로, 계약 전후 확인해야 할 실무 체크포인트를 안내했습니다.",청년 주거계약 실전 가이드 강의,상담 시 확인하는 내용,lecture,부산,,commercial,true,,true
/강의이력/busan-citizen-library-week-1,pillar,시민도서관 1회차 · 전·월세계약｜안윤정 법무사 강의 이력,"부산광역시립시민도서관에서 진행한 시민도서관 생활법률 1회차 · 전·월세계약 이력을 안내합니다. 대상: 시민·성인 수강생. 부산광역시립시민도서관 생활법률 시리즈 1회차로, 전·월세계약에서 꼭 확인할 서류를 사례로 안내했습니다.",시민도서관 생활법률 1회차 · 전·월세계약,상담 시 확인하는 내용,lecture,부산,,commercial,true,,true
/강의이력/busan-citizen-library-week-2,pillar,시민도서관 2회차 · 분쟁 예방｜안윤정 법무사 강의 이력,부산광역시립시민도서관에서 진행한 시민도서관 생활법률 2회차 · 생활 분쟁 예방 이력을 안내합니다. 대상: 시민·성인 수강생. 일상에서 자주 생기는 금전·관계 분쟁을 예방 관점에서 정리한 시민도서관 2회차 특강입니다.,시민도서관 생활법률 2회차 · 생활 분쟁 예방,상담 시 확인하는 내용,lecture,부산,,commercial,true,,true
/강의이력/busan-citizen-library-week-3,pillar,시민도서관 3회차 · 디지털 예방｜안윤정 법무사 강의 이력,부산광역시립시민도서관에서 진행한 시민도서관 생활법률 3회차 · 디지털·형사 예방 이력을 안내합니다. 대상: 시민·성인 수강생. 온라인·일상에서 쉽게 놓치는 명예훼손·개인정보·형사 리스크를 예방 중심으로 안내한 3회차입니다.,시민도서관 생활법률 3회차 · 디지털·형사 예방,상담 시 확인하는 내용,lecture,부산,,commercial,true,,true
/강의이력/busan-citizen-library-week-4,pillar,시민도서관 4회차 · 종합 정리｜안윤정 법무사 강의 이력,"부산광역시립시민도서관에서 진행한 시민도서관 생활법률 4회차 · 종합 정리 이력을 안내합니다. 대상: 시민·성인 수강생. 4주 과정의 핵심 체크리스트를 다시 정리하며, 현장에서 바로 적용할 순서를 복습한 마무리 회차입니다.",시민도서관 생활법률 4회차 · 종합 정리,상담 시 확인하는 내용,real-estate,부산,real-estate,commercial,true,,true
/강의이력/youth-money-property-dispute,pillar,돈·부동산·관계 분쟁 예방｜안윤정 법무사 강의 이력,해운대·수영·동래 청년 대상 출강에서 진행한 청년 돈·부동산·관계 분쟁 예방 특강 이력을 안내합니다. 대상: 청년·사회초년생. 청년의 일상에서 자주 생기는 금전·부동산·관계 분쟁을 예방 관점으로 정리한 특강입니다.,청년 돈·부동산·관계 분쟁 예방 특강,상담 시 확인하는 내용,real-estate,해운대,real-estate,commercial,true,,true
/강의이력/youth-jeonse-legal-education,pillar,전세사기 예방 · 등기부·확정일자｜안윤정 법무사 강의 이력,부산 지역 청년·기관 대상 출강에서 진행한 청년 전세사기 예방 법률교육 · 등기부·확정일자 이력을 안내합니다. 대상: 청년. 등기부등본·확정일자 등 전세 계약 전 확인 순서를 중심으로 구성한 청년 전세사기 예방 법률교육입니다.,청년 전세사기 예방 법률교육 · 등기부·확정일자,상담 시 확인하는 내용,real-estate,부산,real-estate,commercial,true,,true
/강의이력/youth-jeonse-most-sought,pillar,청년 전세사기 예방 · FAQ 중심｜안윤정 법무사 강의 이력,부산 지역 청년·기관 대상 출강에서 진행한 청년 전세사기 예방 강의 · 자주 묻는 질문 중심 이력을 안내합니다. 대상: 청년. 청년들이 가장 많이 묻는 전세 계약·보증금 보호 질문을 모아 예방 체크리스트로 안내한 강의입니다.,청년 전세사기 예방 강의 · 자주 묻는 질문 중심,상담 시 확인하는 내용,real-estate,부산,real-estate,commercial,true,,true
/강의이력/youth-jeonse-offline-session,pillar,청년 전세사기 예방특강｜안윤정 법무사 강의 이력,"부산 지역 청년·기관 대상 출강에서 진행한 청년 전세사기 예방특강 오프라인 성료 이력을 안내합니다. 대상: 청년. 부산 청년 대상 전세사기 예방특강을 오프라인으로 진행하며, 계약 전후 확인 순서를 실전적으로 안내했습니다.",청년 전세사기 예방특강 오프라인 성료,상담 시 확인하는 내용,real-estate,부산,real-estate,commercial,true,,true
/강의이력/youth-jeonse-vaccination,pillar,전세사기 예방접종 특강｜안윤정 법무사 강의 이력,부산 지역 청년·기관 대상 출강에서 진행한 청년 전세사기 예방접종 특강 이력을 안내합니다. 대상: 청년. 계약 전 ‘예방접종’처럼 확인해야 할 항목을 짧게 정리한 청년 전세사기 예방 특강입니다.,청년 전세사기 예방접종 특강,상담 시 확인하는 내용,real-estate,부산,real-estate,commercial,true,,true
/cases/busan-personal-rehabilitation-consultation,core,사례 상세 | 다옴법무사사무소,사례 상세 페이지로 이동합니다. 해운대·센텀 다옴법무사사무소에서 전화·카카오톡·방문(예약) 상담이 가능합니다.,사례 상세,페이지 이동 | 상담 시 확인하는 내용,brand,,,commercial,false,,false
/cases/centum-ownership-transfer-case,core,사례 상세 | 다옴법무사사무소,사례 상세 페이지로 이동합니다. 해운대·센텀 다옴법무사사무소에서 전화·카카오톡·방문(예약) 상담이 가능합니다.,사례 상세,페이지 이동 | 상담 시 확인하는 내용,brand,,,commercial,false,,false
/cases/dongnae-qualified-acceptance-consultation,core,사례 상세 | 다옴법무사사무소,사례 상세 페이지로 이동합니다. 해운대·센텀 다옴법무사사무소에서 전화·카카오톡·방문(예약) 상담이 가능합니다.,사례 상세,페이지 이동 | 상담 시 확인하는 내용,brand,,,commercial,false,,false
/cases/gijang-land-inheritance-case,core,사례 상세 | 다옴법무사사무소,사례 상세 페이지로 이동합니다. 해운대·센텀 다옴법무사사무소에서 전화·카카오톡·방문(예약) 상담이 가능합니다.,사례 상세,페이지 이동 | 상담 시 확인하는 내용,brand,,,commercial,false,,false
/cases/haeundae-inheritance-registration-case,core,사례 상세 | 다옴법무사사무소,사례 상세 페이지로 이동합니다. 해운대·센텀 다옴법무사사무소에서 전화·카카오톡·방문(예약) 상담이 가능합니다.,사례 상세,페이지 이동 | 상담 시 확인하는 내용,brand,,,commercial,false,,false
/cases/jaesong-inheritance-renunciation-consultation,core,사례 상세 | 다옴법무사사무소,사례 상세 페이지로 이동합니다. 해운대·센텀 다옴법무사사무소에서 전화·카카오톡·방문(예약) 상담이 가능합니다.,사례 상세,페이지 이동 | 상담 시 확인하는 내용,brand,,,commercial,false,,false
/cases/suyeong-company-establishment-case,core,사례 상세 | 다옴법무사사무소,사례 상세 페이지로 이동합니다. 해운대·센텀 다옴법무사사무소에서 전화·카카오톡·방문(예약) 상담이 가능합니다.,사례 상세,페이지 이동 | 상담 시 확인하는 내용,brand,,,commercial,false,,false
/cases/yeonje-director-change-case,core,사례 상세 | 다옴법무사사무소,사례 상세 페이지로 이동합니다. 해운대·센텀 다옴법무사사무소에서 전화·카카오톡·방문(예약) 상담이 가능합니다.,사례 상세,페이지 이동 | 상담 시 확인하는 내용,brand,,,commercial,false,,false
/press,core,언론·활동 | 다옴법무사사무소,언론보도 목록은 언론·활동 페이지에서 확인하실 수 있습니다. 해운대·센텀 다옴법무사사무소에서 전화·카카오톡·방문(예약) 상담이 가능합니다.,언론·활동,페이지 이동 | 상담 시 확인하는 내용,brand,,,commercial,false,,false
/press/weeklypeople-youth-judicial-scrivener-ahn,core,지역 법조계에 활력이 되는 청년 법무… | 다옴법무사사무소,언론보도 상세 페이지로 이동합니다. 해운대·센텀 다옴법무사사무소에서 전화·카카오톡·방문(예약) 상담이 가능합니다.,지역 법조계에 활력이 되는 청년 법무사! - 안윤정 다옴법무사사무소 대표 법무사,페이지 이동 | 상담 시 확인하는 내용,brand,,,commercial,false,,false
/press/busan-mbc-news-fuel-price-relief-expert,core,부산 MBC NEWS 전문가 출연 | 다옴법무사사무소,언론보도 상세 페이지로 이동합니다. 해운대·센텀 다옴법무사사무소에서 전화·카카오톡·방문(예약) 상담이 가능합니다.,부산 MBC NEWS 전문가 출연,페이지 이동 | 상담 시 확인하는 내용,brand,부산,,commercial,false,,false
/press/busan-ilbo-bar-association-64th-general-assembly,core,부산지방법무사회 제64회 정기총회 개최 | 다옴법무사사무소,언론보도 상세 페이지로 이동합니다. 해운대·센텀 다옴법무사사무소에서 전화·카카오톡·방문(예약) 상담이 가능합니다.,부산지방법무사회 제64회 정기총회 개최,페이지 이동 | 상담 시 확인하는 내용,brand,부산,,commercial,false,,false
/press/kukje-sinmun-bar-association-64th-general-assembly,core,부산지방법무사회 정기총회 “공익 법률… | 다옴법무사사무소,언론보도 상세 페이지로 이동합니다. 해운대·센텀 다옴법무사사무소에서 전화·카카오톡·방문(예약) 상담이 가능합니다.,부산지방법무사회 정기총회 “공익 법률서비스 확대 강화”,페이지 이동 | 상담 시 확인하는 내용,brand,부산,,commercial,false,,false
/press/beopryul-sinmun-bar-association-64th-general-assembly,core,"부산지방법무사회, 제64회 정기총회 개최 | 다옴법무사사무소",언론보도 상세 페이지로 이동합니다. 해운대·센텀 다옴법무사사무소에서 전화·카카오톡·방문(예약) 상담이 가능합니다.,"부산지방법무사회, 제64회 정기총회 개최",페이지 이동 | 상담 시 확인하는 내용,brand,부산,,commercial,false,,false
