a,b,body,first700,band
/업무사례/경북상속등기비용,/업무사례/대구상속등기비용,0.8542,0.7267,DOORWAY_DUPLICATE_RISK
/업무사례/경북상속등기필요서류,/업무사례/대구상속등기필요서류,0.8526,0.7857,DOORWAY_DUPLICATE_RISK
/업무사례/진주상속포기한정승인,/업무사례/통영상속포기한정승인,0.8378,0.7216,HIGH_SIMILARITY
/업무사례/경북토지상속등기,/업무사례/대구토지상속등기,0.8094,0.6347,HIGH_SIMILARITY
/업무사례/경남상속등기비용,/업무사례/울산상속등기비용,0.7922,0.9353,HIGH_SIMILARITY
/업무사례/경북상속등기법무사,/업무사례/전남상속등기법무사,0.7716,0.7595,HIGH_SIMILARITY
/업무사례/세종상속등기법무사,/업무사례/전북상속등기법무사,0.7666,0.7362,HIGH_SIMILARITY
/업무사례/대구상속등기비용,/업무사례/울산상속등기비용,0.7662,0.7325,HIGH_SIMILARITY
/업무사례/대구경북공동담보등기,/업무사례/대구부산공동근저당권,0.7558,0.6832,HIGH_SIMILARITY
/업무사례/대구법무사업무,/업무사례/울산법무사업무,0.7554,0.564,HIGH_SIMILARITY
/업무사례/광주상속등기법무사,/업무사례/세종상속등기법무사,0.7545,0.7391,HIGH_SIMILARITY
/업무사례/울산상속등기법무사,/업무사례/인천상속등기법무사,0.7537,0.3552,HIGH_SIMILARITY
/업무사례/세종상속등기법무사,/업무사례/인천상속등기법무사,0.7533,0.6587,HIGH_SIMILARITY
/업무사례/경북상속등기법무사,/업무사례/충북상속등기법무사,0.7511,0.8013,HIGH_SIMILARITY
/업무사례/대구달서구상속등기법무사,/업무사례/울산남구상속등기법무사,0.7511,0.6949,HIGH_SIMILARITY
/업무사례/경북법무사업무,/업무사례/대구법무사업무,0.7463,0.6258,REVIEW
/업무사례/대구부산공동근저당권,/업무사례/부산울산공동근저당권,0.7445,0.7107,REVIEW
/업무사례/광주상속등기법무사,/업무사례/인천상속등기법무사,0.7434,0.6937,REVIEW
/업무사례/경기상속등기법무사,/업무사례/충남상속등기법무사,0.741,0.5523,REVIEW
/업무사례/강원상속등기법무사,/업무사례/충북상속등기법무사,0.7362,0.7707,REVIEW
/업무사례/대구에서부산법인본점이전,/업무사례/포항에서부산법인본점이전,0.7353,0.744,REVIEW
/업무사례/전남상속등기법무사,/업무사례/충북상속등기법무사,0.7342,0.7421,REVIEW
/업무사례/대구수성구상속등기법무사,/업무사례/대전유성구상속등기법무사,0.7324,0.6935,REVIEW
/업무사례/대구에서부산법인본점이전,/업무사례/울산에서부산법인본점이전,0.7293,0.6188,REVIEW
/업무사례/경북상속등기비용,/업무사례/울산상속등기비용,0.7253,0.6364,REVIEW
/업무사례/부산에서양산법인본점이전,/업무사례/부산에서창원법인본점이전,0.7229,0.7574,REVIEW
/업무사례/대전상속등기법무사,/업무사례/울산상속등기법무사,0.7227,0.3264,REVIEW
/업무사례/양산에서부산법인본점이전,/업무사례/창원에서부산법인본점이전,0.7183,0.7444,REVIEW
/업무사례/김해거주부산부동산상속,/업무사례/양산거주부산부동산상속,0.7176,0.5959,REVIEW
/업무사례/인천상속등기법무사,/업무사례/제주상속등기법무사,0.7156,0.6687,REVIEW
/업무사례/제주상속등기법무사,/업무사례/충북상속등기법무사,0.7148,0.6548,REVIEW
/업무사례/대전상속등기법무사,/업무사례/충북상속등기법무사,0.7134,0.7407,REVIEW
/업무사례/전남상속등기법무사,/업무사례/충남상속등기법무사,0.7132,0.7974,REVIEW
/업무사례/울산상속등기법무사,/업무사례/전북상속등기법무사,0.7093,0.3368,REVIEW
/업무사례/전남상속등기법무사,/업무사례/제주상속등기법무사,0.7077,0.6667,REVIEW
/업무사례/부산거제2동법무사,/업무사례/부산거제역법무사,0.7064,0.5775,REVIEW
/업무사례/광주상속등기법무사,/업무사례/전북상속등기법무사,0.7058,0.7205,REVIEW
/업무사례/경남유증등기법무사,/업무사례/대구유증등기법무사,0.705,0.5926,REVIEW
/업무사례/대전상속등기법무사,/업무사례/인천상속등기법무사,0.7033,0.6527,REVIEW
/업무사례/대구달서구상속등기법무사,/업무사례/울산상속등기법무사,0.7021,0.2241,REVIEW
/업무사례/경북상속등기법무사,/업무사례/충남상속등기법무사,0.6998,0.7547,REVIEW
/업무사례/인천상속등기법무사,/업무사례/전북상속등기법무사,0.6988,0.7125,REVIEW
/업무사례/구미에서부산법인본점이전,/업무사례/부산에서대구법인본점이전,0.6982,0.5205,REVIEW
/업무사례/대구남구상속등기법무사,/업무사례/대구성서상속등기,0.6978,0.485,REVIEW
/업무사례/경남상속등기법무사,/업무사례/충남상속등기법무사,0.6974,0.4222,REVIEW
/업무사례/대전상속등기법무사,/업무사례/전남상속등기법무사,0.6969,0.6807,REVIEW
/업무사례/대구중구상속등기법무사,/업무사례/울산중구상속등기법무사,0.6964,0.5163,REVIEW
/업무사례/대구다사상속등기,/업무사례/대구달성군상속등기법무사,0.6945,0.4249,REVIEW
/업무사례/경남상속등기법무사,/업무사례/전남상속등기법무사,0.6943,0.4246,REVIEW
/업무사례/대구달서구상속등기법무사,/업무사례/대전유성구상속등기법무사,0.6943,0.3333,REVIEW
/업무사례/울주범서상속등기,/업무사례/울주삼남상속등기,0.693,0.4628,REVIEW
/업무사례/울주군상속등기법무사,/업무사례/포항상속등기법무사,0.6928,0.6893,REVIEW
/업무사례/강원상속등기법무사,/업무사례/전남상속등기법무사,0.6926,0.7974,REVIEW
/업무사례/경산상속등기법무사,/업무사례/광주상속등기법무사,0.6922,0.4118,REVIEW
/업무사례/부산거제2동법무사,/업무사례/부산거제3동법무사,0.6907,0.4868,REVIEW
/업무사례/부산거제1동법무사,/업무사례/부산거제2동법무사,0.6903,0.4832,REVIEW
/업무사례/대구중구상속등기법무사,/업무사례/안동상속등기법무사,0.6871,0.5091,REVIEW
/업무사례/부산거제3동법무사,/업무사례/부산거제4동법무사,0.687,0.5099,REVIEW
/업무사례/세종상속등기법무사,/업무사례/울산상속등기법무사,0.6864,0.3247,REVIEW
/업무사례/김해에서부산법인본점이전,/업무사례/울산에서부산법인본점이전,0.6837,0.9316,REVIEW
/업무사례/대구달성군상속등기법무사,/업무사례/안동상속등기법무사,0.6836,0.5375,REVIEW
/업무사례/대구다사상속등기,/업무사례/칠곡상속등기법무사,0.6825,0.4471,REVIEW
/업무사례/경기상속등기법무사,/업무사례/경남상속등기법무사,0.6824,0.4195,REVIEW
/업무사례/경남상속등기비용,/업무사례/대구상속등기비용,0.682,0.7205,REVIEW
/업무사례/울산상속등기법무사,/업무사례/충북상속등기법무사,0.6798,0.3368,REVIEW
/업무사례/부산에서대구법인본점이전,/업무사례/부산에서울산법인본점이전,0.6796,0.3716,REVIEW
/업무사례/대구경북공동담보등기,/업무사례/부산울산공동근저당권,0.6788,0.6154,REVIEW
/업무사례/강원상속등기법무사,/업무사례/경북상속등기법무사,0.6787,0.7547,REVIEW
/업무사례/광주상속등기법무사,/업무사례/충남상속등기법무사,0.6785,0.7081,REVIEW
/업무사례/대구달서구상속등기법무사,/업무사례/전북상속등기법무사,0.6734,0.201,REVIEW
/업무사례/경북법무사업무,/업무사례/울산법무사업무,0.6732,0.4889,REVIEW
/업무사례/경남상속등기법무사,/업무사례/경북상속등기법무사,0.6722,0.4153,REVIEW
/업무사례/대구달서구상속등기법무사,/업무사례/인천상속등기법무사,0.6713,0.2073,REVIEW
/업무사례/인천상속등기법무사,/업무사례/충북상속등기법무사,0.6708,0.7125,REVIEW
/업무사례/울산상속등기법무사,/업무사례/제주상속등기법무사,0.6686,0.3333,REVIEW
/업무사례/대구성서상속등기,/업무사례/대구현풍상속등기,0.6684,0.5333,REVIEW
/업무사례/부산거제1동법무사,/업무사례/부산거제3동법무사,0.6678,0.3937,REVIEW
/업무사례/경북임야상속등기,/업무사례/경북토지상속등기,0.6677,0.4302,REVIEW
/업무사례/광주상속등기법무사,/업무사례/울산상속등기법무사,0.667,0.3211,REVIEW
/업무사례/대구서구상속등기법무사,/업무사례/대구성서상속등기,0.6667,0.4828,REVIEW
/업무사례/전북상속등기법무사,/업무사례/충남상속등기법무사,0.6667,0.7484,REVIEW
/업무사례/대구군위군상속등기법무사,/업무사례/대구현풍상속등기,0.6656,0.3702,REVIEW
/업무사례/경산상속등기법무사,/업무사례/울주군상속등기법무사,0.6655,0.3972,REVIEW
/업무사례/강원상속등기법무사,/업무사례/광주상속등기법무사,0.6649,0.7188,REVIEW
/업무사례/서울상속등기법무사,/업무사례/인천상속등기법무사,0.6633,0.4514,REVIEW
/업무사례/인천상속등기법무사,/업무사례/전남상속등기법무사,0.6631,0.7372,REVIEW
/업무사례/강원상속등기법무사,/업무사례/대전상속등기법무사,0.6626,0.697,REVIEW
/업무사례/대구북구상속등기법무사,/업무사례/대구시지상속등기,0.6625,0.6061,REVIEW
/업무사례/대전상속등기법무사,/업무사례/전국상속등기법무사,0.662,0.2287,REVIEW
/업무사례/대전상속등기법무사,/업무사례/제주상속등기법무사,0.6618,0.6766,REVIEW
/업무사례/부산거제2동법무사,/업무사례/부산거제4동법무사,0.6589,0.4125,REVIEW
/업무사례/구미에서부산법인본점이전,/업무사례/대구에서부산법인본점이전,0.6588,0.4076,REVIEW
/업무사례/대구만촌동상속등기,/업무사례/대구성서상속등기,0.6586,0.4437,REVIEW
/업무사례/대구남구상속등기법무사,/업무사례/대구현풍상속등기,0.6581,0.5355,REVIEW
/업무사례/대구현풍상속등기,/업무사례/안동상속등기법무사,0.6578,0.4483,REVIEW
/업무사례/부산거주김해부동산상속,/업무사례/부산거주양산부동산상속,0.6569,0.5957,REVIEW
/업무사례/강원상속등기법무사,/업무사례/경남상속등기법무사,0.6559,0.4222,REVIEW
/업무사례/세종상속등기법무사,/업무사례/제주상속등기법무사,0.6557,0.6337,REVIEW
/업무사례/경기상속등기법무사,/업무사례/광주상속등기법무사,0.6538,0.5556,REVIEW
/업무사례/대구시지상속등기,/업무사례/칠곡상속등기법무사,0.6535,0.4527,REVIEW
/업무사례/경북농지상속등기,/업무사례/대구현풍상속등기,0.6526,0.4536,REVIEW
/업무사례/대구북구상속등기법무사,/업무사례/대구서구상속등기법무사,0.6509,0.6935,REVIEW
/업무사례/경산상속등기법무사,/업무사례/인천상속등기법무사,0.6504,0.4322,REVIEW
/업무사례/강원상속등기법무사,/업무사례/충남상속등기법무사,0.6502,0.7806,REVIEW
/업무사례/경남상속등기비용,/업무사례/경북상속등기비용,0.6499,0.6369,REVIEW
/업무사례/대구달성군상속등기법무사,/업무사례/대구현풍상속등기,0.6486,0.6374,REVIEW
/업무사례/대구다사상속등기,/업무사례/대구북구상속등기법무사,0.6481,0.3807,REVIEW
/업무사례/경산상속등기법무사,/업무사례/대구달서구상속등기법무사,0.6475,0.3736,REVIEW
/업무사례/광주상속등기법무사,/업무사례/대전상속등기법무사,0.6466,0.7012,REVIEW
/업무사례/경남상속등기법무사,/업무사례/전국상속등기법무사,0.6464,0.2563,REVIEW
/업무사례/대구달성군상속등기법무사,/업무사례/대구중구상속등기법무사,0.6459,0.689,REVIEW
/업무사례/대전상속등기법무사,/업무사례/세종상속등기법무사,0.6455,0.7169,REVIEW
/업무사례/부산에서김해법인본점이전,/업무사례/부산에서창원법인본점이전,0.6448,0.7481,REVIEW
/업무사례/대구수성구상속등기법무사,/업무사례/충남상속등기법무사,0.6447,0.2398,REVIEW
/업무사례/경남법인등기법무사,/업무사례/경북법인등기법무사,0.644,0.8562,REVIEW
/업무사례/울산매곡동상속등기,/업무사례/울주삼남상속등기,0.6414,0.5625,REVIEW
/업무사례/대구시지상속등기,/업무사례/대구아파트상속등기,0.6412,0.4035,REVIEW
/업무사례/경남상속등기법무사,/업무사례/대전상속등기법무사,0.6399,0.3904,REVIEW
/업무사례/대구남구상속등기법무사,/업무사례/대구동구상속등기법무사,0.6387,0.7063,REVIEW
/업무사례/경산상속등기법무사,/업무사례/대전서구상속등기법무사,0.6384,0.3408,REVIEW
/업무사례/경북상속등기법무사,/업무사례/대전상속등기법무사,0.6383,0.7469,REVIEW
/업무사례/경북임야상속등기,/업무사례/대구토지상속등기,0.6382,0.4294,REVIEW
/업무사례/경산상속등기법무사,/업무사례/대구수성구상속등기법무사,0.6382,0.2133,REVIEW
/업무사례/서울상속등기법무사,/업무사례/울주군상속등기법무사,0.6381,0.4645,REVIEW
/업무사례/대구남구상속등기법무사,/업무사례/대구서구상속등기법무사,0.638,0.4128,REVIEW
/업무사례/경남상속등기법무사,/업무사례/광주상속등기법무사,0.6376,0.3934,REVIEW
/업무사례/경산상속등기법무사,/업무사례/충남상속등기법무사,0.6375,0.4236,REVIEW
/업무사례/대구성서상속등기,/업무사례/대구시지상속등기,0.637,0.5612,REVIEW
/업무사례/대구다사상속등기,/업무사례/대구시지상속등기,0.6368,0.4583,REVIEW
/업무사례/대전상속등기법무사,/업무사례/전북상속등기법무사,0.6368,0.7407,REVIEW
/업무사례/양산상속등기비용,/업무사례/창원상속등기비용,0.6364,0.443,REVIEW
/업무사례/대구달서구상속등기법무사,/업무사례/대전서구상속등기법무사,0.6352,0.2108,REVIEW
/업무사례/부산거제1동법무사,/업무사례/부산거제4동법무사,0.635,0.3434,REVIEW
/업무사례/대구북구상속등기법무사,/업무사례/칠곡상속등기법무사,0.6343,0.469,REVIEW
/업무사례/광주상속등기법무사,/업무사례/제주상속등기법무사,0.6342,0.6566,REVIEW
/업무사례/대구달서구상속등기법무사,/업무사례/대전상속등기법무사,0.634,0.1931,REVIEW
/업무사례/강원상속등기법무사,/업무사례/제주상속등기법무사,0.6335,0.6627,REVIEW
/업무사례/경기상속등기법무사,/업무사례/경산상속등기법무사,0.6335,0.4508,REVIEW
/업무사례/대전상속등기법무사,/업무사례/울주군상속등기법무사,0.6335,0.3615,REVIEW
/업무사례/경산상속등기법무사,/업무사례/대전유성구상속등기법무사,0.6334,0.219,REVIEW
/업무사례/울주군상속등기법무사,/업무사례/제주시상속등기법무사,0.6331,0.4795,REVIEW
/업무사례/광주상속등기법무사,/업무사례/서울상속등기법무사,0.6329,0.4278,REVIEW
/업무사례/광주상속등기법무사,/업무사례/대전유성구상속등기법무사,0.6326,0.241,REVIEW
/업무사례/대구다사상속등기,/업무사례/대구토지상속등기,0.6324,0.3604,REVIEW
/업무사례/경북임야상속등기,/업무사례/대구다사상속등기,0.632,0.3073,REVIEW
/업무사례/대전서구상속등기법무사,/업무사례/인천상속등기법무사,0.632,0.3558,REVIEW
/업무사례/대구다사상속등기,/업무사례/안동상속등기법무사,0.6317,0.2798,REVIEW
/업무사례/서울상속등기법무사,/업무사례/전남상속등기법무사,0.6317,0.4438,REVIEW
/업무사례/대구수성구상속등기법무사,/업무사례/제주시상속등기법무사,0.6311,0.2727,REVIEW
/업무사례/경산상속등기법무사,/업무사례/세종상속등기법무사,0.6308,0.4,REVIEW
/업무사례/진주상속포기한정승인,/업무사례/포항상속포기한정승인,0.6308,0.6722,REVIEW
/업무사례/대전서구상속등기법무사,/업무사례/울주군상속등기법무사,0.6306,0.3097,REVIEW
/업무사례/대구달성군상속등기법무사,/업무사례/칠곡상속등기법무사,0.6305,0.3462,REVIEW
/업무사례/서울상속등기법무사,/업무사례/제주상속등기법무사,0.6305,0.4494,REVIEW
/업무사례/울산공장상속등기,/업무사례/울산매곡동상속등기,0.6305,0.4323,REVIEW
/업무사례/울산상속등기법무사,/업무사례/전남상속등기법무사,0.63,0.3422,REVIEW
/업무사례/대구달성군상속등기법무사,/업무사례/대구상인동상속등기,0.6284,0.5246,REVIEW
/업무사례/대구다사상속등기,/업무사례/대구동구상속등기법무사,0.6282,0.5337,REVIEW
/업무사례/경북상속등기법무사,/업무사례/제주상속등기법무사,0.628,0.6509,REVIEW
/업무사례/대구성서상속등기,/업무사례/칠곡상속등기법무사,0.6277,0.4156,REVIEW
/업무사례/부산에서김해법인본점이전,/업무사례/부산에서대구법인본점이전,0.6276,0.6403,REVIEW
/업무사례/경남상속등기법무사,/업무사례/경산상속등기법무사,0.6275,0.3866,REVIEW
/업무사례/전북상속등기법무사,/업무사례/충북상속등기법무사,0.6268,0.8182,REVIEW
/업무사례/대구서구상속등기법무사,/업무사례/대구시지상속등기,0.6264,0.5588,REVIEW
/업무사례/부산거제4동법무사,/업무사례/부산거제역법무사,0.6261,0.3452,REVIEW
/업무사례/대구다사상속등기,/업무사례/대구서구상속등기법무사,0.6258,0.3575,REVIEW
/업무사례/울산남구상속등기법무사,/업무사례/울산상속등기법무사,0.6246,0.2286,REVIEW
/업무사례/부산김해양산공동근저당권,/업무사례/부산울산공동근저당권,0.6242,0.729,REVIEW
/업무사례/대구북구상속등기법무사,/업무사례/대구아파트상속등기,0.6239,0.36,REVIEW
/업무사례/경남상속등기법무사,/업무사례/충북상속등기법무사,0.6238,0.4176,REVIEW
/업무사례/대전유성구상속등기법무사,/업무사례/제주시상속등기법무사,0.6238,0.2575,REVIEW
/업무사례/경산상속등기법무사,/업무사례/전북상속등기법무사,0.6237,0.4195,REVIEW
/업무사례/대구남구상속등기법무사,/업무사례/대구만촌동상속등기,0.6236,0.3297,REVIEW
/업무사례/전국상속부동산일괄등기,/업무사례/충남상속등기법무사,0.6236,0.2026,REVIEW
/업무사례/서울상속등기법무사,/업무사례/포항상속등기법무사,0.6235,0.4809,REVIEW
/업무사례/경북농지상속등기,/업무사례/대구성서상속등기,0.6232,0.3989,REVIEW
/업무사례/통영상속포기한정승인,/업무사례/포항상속포기한정승인,0.623,0.6575,REVIEW
/업무사례/경북임야상속등기,/업무사례/경북조부모명의토지상속,0.6229,0.3587,REVIEW
/업무사례/세종상속등기법무사,/업무사례/충남상속등기법무사,0.6229,0.6928,REVIEW
/업무사례/울산상속등기법무사,/업무사례/충남상속등기법무사,0.6229,0.3404,REVIEW
/업무사례/인천상속등기법무사,/업무사례/충남상속등기법무사,0.6226,0.7325,REVIEW
/업무사례/경북농지상속등기,/업무사례/대구남구상속등기법무사,0.6222,0.4734,REVIEW
/업무사례/대구북구상속등기법무사,/업무사례/대구중구상속등기법무사,0.622,0.4,REVIEW
/업무사례/경남상속등기법무사,/업무사례/제주상속등기법무사,0.6219,0.4066,REVIEW
/업무사례/광주상속등기법무사,/업무사례/대구달서구상속등기법무사,0.6218,0.198,REVIEW
/업무사례/울산남구상속등기법무사,/업무사례/인천상속등기법무사,0.6216,0.2113,REVIEW
/업무사례/세종상속등기법무사,/업무사례/충북상속등기법무사,0.6214,0.7362,REVIEW
/업무사례/강원상속등기법무사,/업무사례/세종상속등기법무사,0.621,0.703,REVIEW
/업무사례/경북조부모명의토지상속,/업무사례/경북토지상속등기,0.6209,0.407,REVIEW
/업무사례/대구아파트상속등기,/업무사례/울산아파트상속등기,0.6208,0.3947,REVIEW
/업무사례/전국상속등기법무사,/업무사례/전북상속등기법무사,0.6208,0.2308,REVIEW
/업무사례/전국상속등기법무사,/업무사례/충북상속등기법무사,0.6205,0.2308,REVIEW
/업무사례/경남상속등기법무사,/업무사례/울산상속등기법무사,0.6202,0.3976,REVIEW
/업무사례/울주군상속등기법무사,/업무사례/인천상속등기법무사,0.62,0.3689,REVIEW
/업무사례/대구동구상속등기법무사,/업무사례/칠곡상속등기법무사,0.6197,0.4046,REVIEW
/업무사례/대구상인동상속등기,/업무사례/대구중구상속등기법무사,0.6197,0.5843,REVIEW
/업무사례/울산상속등기법무사,/업무사례/전국상속등기법무사,0.6197,0.2424,REVIEW
/업무사례/경기광주상속등기법무사,/업무사례/대전서구상속등기법무사,0.6189,0.3548,REVIEW
/업무사례/제주상속등기법무사,/업무사례/제주시상속등기법무사,0.6188,0.2462,REVIEW
/업무사례/대구다사상속등기,/업무사례/대구중구상속등기법무사,0.6187,0.4479,REVIEW
/업무사례/전국상속등기법무사,/업무사례/전국상속부동산일괄등기,0.618,0.5706,REVIEW
/업무사례/울산동구상속등기법무사,/업무사례/울주삼남상속등기,0.6174,0.3795,REVIEW
/업무사례/전국상속부동산일괄등기,/업무사례/전북상속등기법무사,0.6171,0.2009,REVIEW
/업무사례/대구동구상속등기법무사,/업무사례/대구북구상속등기법무사,0.6169,0.4118,REVIEW
/업무사례/대전서구상속등기법무사,/업무사례/대전유성구상속등기법무사,0.6169,0.2402,REVIEW
/업무사례/대구달서구상속등기법무사,/업무사례/세종상속등기법무사,0.6168,0.1863,REVIEW
/업무사례/경기상속등기법무사,/업무사례/전남상속등기법무사,0.6167,0.5556,REVIEW
/업무사례/강원상속등기법무사,/업무사례/인천상속등기법무사,0.6166,0.7215,REVIEW
/업무사례/대구북구상속등기법무사,/업무사례/대구성서상속등기,0.6165,0.4626,REVIEW
/업무사례/대구다사상속등기,/업무사례/대구현풍상속등기,0.6158,0.5525,REVIEW
/업무사례/경산상속등기법무사,/업무사례/울산남구상속등기법무사,0.6157,0.377,REVIEW
/업무사례/경남상속등기법무사,/업무사례/세종상속등기법무사,0.6148,0.381,REVIEW
/업무사례/경산상속등기법무사,/업무사례/포항상속등기법무사,0.6141,0.4519,REVIEW
/업무사례/울산에서부산법인본점이전,/업무사례/포항에서부산법인본점이전,0.6139,0.5706,REVIEW
/업무사례/대전상속등기법무사,/업무사례/제주시상속등기법무사,0.6138,0.2289,REVIEW
/업무사례/광주상속등기법무사,/업무사례/대전서구상속등기법무사,0.6137,0.3507,REVIEW
/업무사례/대구범어동상속등기,/업무사례/대구서구상속등기법무사,0.6136,0.2926,REVIEW
/업무사례/대구동구상속등기법무사,/업무사례/대구성서상속등기,0.6135,0.4671,REVIEW
/업무사례/경북상속등기법무사,/업무사례/울산상속등기법무사,0.613,0.3351,REVIEW
/업무사례/서울상속등기법무사,/업무사례/세종상속등기법무사,0.613,0.414,REVIEW
/업무사례/전국상속등기법무사,/업무사례/전남상속등기법무사,0.613,0.2339,REVIEW
/업무사례/경북상속등기법무사,/업무사례/인천상속등기법무사,0.6125,0.7188,REVIEW
/업무사례/경기상속등기법무사,/업무사례/인천상속등기법무사,0.6124,0.5749,REVIEW
/업무사례/대구토지상속등기,/업무사례/칠곡상속등기법무사,0.6124,0.3149,REVIEW
/업무사례/부산거제3동법무사,/업무사례/부산거제역법무사,0.6121,0.4125,REVIEW
/업무사례/경북임야상속등기,/업무사례/대구달성군상속등기법무사,0.612,0.2626,REVIEW
/업무사례/세종상속등기법무사,/업무사례/전남상속등기법무사,0.6119,0.6867,REVIEW
/업무사례/대전서구상속등기법무사,/업무사례/울산남구상속등기법무사,0.6117,0.2206,REVIEW
/업무사례/김해상속등기필요서류,/업무사례/양산상속등기필요서류,0.6114,0.3352,REVIEW
/업무사례/대구달성군상속등기법무사,/업무사례/대구북구상속등기법무사,0.6112,0.337,REVIEW
/업무사례/대전유성구상속등기법무사,/업무사례/울산남구상속등기법무사,0.611,0.2875,REVIEW
/업무사례/서울상속등기법무사,/업무사례/울산상속등기법무사,0.6107,0.3929,REVIEW
/업무사례/김해상속등기비용,/업무사례/창원상속등기비용,0.6106,0.4503,REVIEW
/업무사례/경기상속등기법무사,/업무사례/울산상속등기법무사,0.6103,0.3652,REVIEW
/업무사례/경산상속등기법무사,/업무사례/울산상속등기법무사,0.6103,0.3384,REVIEW
/업무사례/김해법인등기법무사,/업무사례/창원법인등기법무사,0.6103,0.4774,REVIEW
/업무사례/안동상속등기법무사,/업무사례/칠곡상속등기법무사,0.6103,0.4091,REVIEW
/업무사례/대구만촌동상속등기,/업무사례/대구현풍상속등기,0.6093,0.3944,REVIEW
/업무사례/경남상속등기법무사,/업무사례/인천상속등기법무사,0.6092,0.4318,REVIEW
/업무사례/대구다사상속등기,/업무사례/대구상인동상속등기,0.6092,0.3861,REVIEW
/업무사례/대구동구상속등기법무사,/업무사례/대구시지상속등기,0.6092,0.375,REVIEW
/업무사례/대구서구상속등기법무사,/업무사례/대구중구상속등기법무사,0.6088,0.4327,REVIEW
/업무사례/대전서구상속등기법무사,/업무사례/세종상속등기법무사,0.6086,0.341,REVIEW
/업무사례/경기상속등기법무사,/업무사례/전북상속등기법무사,0.6085,0.546,REVIEW
/업무사례/경기광주상속등기법무사,/업무사례/인천상속등기법무사,0.6084,0.327,REVIEW
/업무사례/부산거제1동법무사,/업무사례/부산거제역법무사,0.6084,0.4076,REVIEW
/업무사례/대전유성구상속등기법무사,/업무사례/울주군상속등기법무사,0.6082,0.2222,REVIEW
/업무사례/대구다사상속등기,/업무사례/대구성서상속등기,0.6081,0.485,REVIEW
/업무사례/안동상속등기법무사,/업무사례/울산중구상속등기법무사,0.6081,0.3702,REVIEW
/업무사례/울주군상속등기법무사,/업무사례/전남상속등기법무사,0.608,0.3636,REVIEW
/업무사례/대구서구상속등기법무사,/업무사례/대구현풍상속등기,0.6074,0.3478,REVIEW
/업무사례/대구현풍상속등기,/업무사례/칠곡상속등기법무사,0.6074,0.3568,REVIEW
/업무사례/경북조부모명의토지상속,/업무사례/대구토지상속등기,0.6073,0.3834,REVIEW
/업무사례/대구달서구상속등기법무사,/업무사례/제주상속등기법무사,0.6068,0.191,REVIEW
/업무사례/대구달성군상속등기법무사,/업무사례/대구동구상속등기법무사,0.6068,0.4945,REVIEW
/업무사례/대구성서상속등기,/업무사례/울산송정동상속등기,0.6064,0.3416,REVIEW
/업무사례/경남여러필지토지상속,/업무사례/경남조부모명의토지상속,0.6063,0.3103,REVIEW
/업무사례/대구수성구상속등기법무사,/업무사례/울산남구상속등기법무사,0.6063,0.3464,REVIEW
/업무사례/광주상속등기법무사,/업무사례/울주군상속등기법무사,0.6061,0.3507,REVIEW
/업무사례/경북토지상속등기,/업무사례/대구다사상속등기,0.6056,0.4264,REVIEW
/업무사례/대구달성군상속등기법무사,/업무사례/대구월성동상속등기,0.6056,0.4154,REVIEW
/업무사례/전남상속등기법무사,/업무사례/포항상속등기법무사,0.6053,0.4328,REVIEW
/업무사례/대전상속등기법무사,/업무사례/울산남구상속등기법무사,0.605,0.197,REVIEW
/업무사례/대구달서구상속등기법무사,/업무사례/울주군상속등기법무사,0.6049,0.1818,REVIEW
/업무사례/울산북구상속등기법무사,/업무사례/울주범서상속등기,0.6049,0.4229,REVIEW
/업무사례/대전상속등기법무사,/업무사례/서울상속등기법무사,0.6047,0.4396,REVIEW
/업무사례/대구달성군상속등기법무사,/업무사례/대구토지상속등기,0.6044,0.335,REVIEW
/업무사례/울산매곡동상속등기,/업무사례/울산옥동상속등기,0.6041,0.5449,REVIEW
/업무사례/세종상속등기법무사,/업무사례/전국상속등기법무사,0.6039,0.2277,REVIEW
/업무사례/경남상속등기법무사,/업무사례/대구수성구상속등기법무사,0.6037,0.2599,REVIEW
/업무사례/울산달동상속등기,/업무사례/울주언양상속등기,0.6035,0.5562,REVIEW
/업무사례/경산상속등기법무사,/업무사례/서울상속등기법무사,0.6034,0.5056,REVIEW
/업무사례/대구군위군상속등기법무사,/업무사례/대구다사상속등기,0.6034,0.3352,REVIEW
/업무사례/경기광주상속등기법무사,/업무사례/전남상속등기법무사,0.6033,0.3224,REVIEW
/업무사례/경기상속등기법무사,/업무사례/세종상속등기법무사,0.6033,0.5281,REVIEW
/업무사례/전북상속등기법무사,/업무사례/제주시상속등기법무사,0.6033,0.2564,REVIEW
/업무사례/경기상속등기법무사,/업무사례/경북상속등기법무사,0.6031,0.5429,REVIEW
/업무사례/대구달성군상속등기법무사,/업무사례/대구서구상속등기법무사,0.6028,0.337,REVIEW
/업무사례/울산삼산동상속등기,/업무사례/울주언양상속등기,0.6021,0.5714,REVIEW
/업무사례/인천상속등기법무사,/업무사례/제주시상속등기법무사,0.602,0.2579,REVIEW
/업무사례/강원상속등기법무사,/업무사례/경기상속등기법무사,0.6018,0.5614,REVIEW
/업무사례/제주상속등기법무사,/업무사례/충남상속등기법무사,0.6017,0.6627,REVIEW
/업무사례/대전상속등기법무사,/업무사례/충남상속등기법무사,0.6015,0.6867,REVIEW
/업무사례/광주상속등기법무사,/업무사례/대구수성구상속등기법무사,0.6012,0.241,REVIEW
/업무사례/부산에서양산법인본점이전,/업무사례/양산에서부산법인본점이전,0.6012,0.3964,REVIEW
/업무사례/경북상속등기법무사,/업무사례/울산남구상속등기법무사,0.6011,0.204,REVIEW
/업무사례/강원상속등기법무사,/업무사례/대전유성구상속등기법무사,0.6008,0.2462,REVIEW
/업무사례/경북오래된상속등기,/업무사례/경북조부모명의토지상속,0.6008,0.4227,REVIEW
/업무사례/대구범어동상속등기,/업무사례/대구중구상속등기법무사,0.6008,0.404,REVIEW
/업무사례/대구상속등기필요서류,/업무사례/울산상속등기필요서류,0.6008,0.4133,REVIEW
/업무사례/경남상속등기비용,/업무사례/창원상속등기비용,0.6006,0.3407,REVIEW
/업무사례/대구성서상속등기,/업무사례/울산달동상속등기,0.6006,0.3722,REVIEW
/업무사례/경기상속등기법무사,/업무사례/대구수성구상속등기법무사,0.6003,0.2381,REVIEW
/업무사례/전북상속등기법무사,/업무사례/제주상속등기법무사,0.6003,0.6548,REVIEW
/업무사례/경기광주상속등기법무사,/업무사례/경산상속등기법무사,0.6002,0.3378,REVIEW
/업무사례/김해상속등기비용,/업무사례/양산상속등기비용,0.5998,0.4765,GOOD
/업무사례/경기광주상속등기법무사,/업무사례/울주군상속등기법무사,0.5997,0.3067,GOOD
/업무사례/대구범어동상속등기,/업무사례/대구성서상속등기,0.5996,0.4011,GOOD
/업무사례/경남상속등기비용,/업무사례/양산상속등기비용,0.5994,0.3764,GOOD
/업무사례/울산동구상속등기법무사,/업무사례/울주범서상속등기,0.5994,0.3668,GOOD
/업무사례/경기광주상속등기법무사,/업무사례/충북상속등기법무사,0.5993,0.318,GOOD
/업무사례/대구달서구상속등기법무사,/업무사례/충북상속등기법무사,0.5993,0.201,GOOD
/업무사례/광주상속등기법무사,/업무사례/충북상속등기법무사,0.599,0.7205,GOOD
/업무사례/대구범어동상속등기,/업무사례/울산삼산동상속등기,0.5988,0.4368,GOOD
/업무사례/경기광주상속등기법무사,/업무사례/대전유성구상속등기법무사,0.5982,0.2244,GOOD
/업무사례/울산옥동상속등기,/업무사례/울주삼남상속등기,0.5982,0.4945,GOOD
/업무사례/김해에서부산법인본점이전,/업무사례/대구에서부산법인본점이전,0.598,0.6335,GOOD
/업무사례/울산상속등기법무사,/업무사례/울주군상속등기법무사,0.5979,0.3367,GOOD
/업무사례/울산북구상속등기법무사,/업무사례/울주삼남상속등기,0.5977,0.3805,GOOD
/업무사례/서울상속등기법무사,/업무사례/제주시상속등기법무사,0.5975,0.264,GOOD
/업무사례/경북토지상속등기,/업무사례/칠곡상속등기법무사,0.5974,0.2938,GOOD
/업무사례/대구달성군상속등기법무사,/업무사례/대구시지상속등기,0.5972,0.3261,GOOD
/업무사례/경기광주상속등기법무사,/업무사례/세종상속등기법무사,0.5965,0.3077,GOOD
/업무사례/대구아파트상속등기,/업무사례/대구유증등기법무사,0.5964,0.3781,GOOD
/업무사례/대구다사상속등기,/업무사례/대구월성동상속등기,0.5962,0.4579,GOOD
/업무사례/대구부산공동근저당권,/업무사례/부산김해양산공동근저당권,0.5962,0.6121,GOOD
/업무사례/울산북구상속등기법무사,/업무사례/울산중구상속등기법무사,0.5962,0.5213,GOOD
/업무사례/울산삼산동상속등기,/업무사례/울산송정동상속등기,0.5961,0.4345,GOOD
/업무사례/대구남구상속등기법무사,/업무사례/칠곡상속등기법무사,0.596,0.4057,GOOD
/업무사례/대구다사상속등기,/업무사례/대구아파트상속등기,0.596,0.4115,GOOD
/업무사례/울산남구상속등기법무사,/업무사례/제주상속등기법무사,0.596,0.195,GOOD
/업무사례/경북농지상속등기,/업무사례/대구군위군상속등기법무사,0.5959,0.2577,GOOD
/업무사례/울주군상속등기법무사,/업무사례/제주상속등기법무사,0.5958,0.3684,GOOD
/업무사례/경북농지상속등기,/업무사례/대구달성군상속등기법무사,0.5955,0.4603,GOOD
/업무사례/대구군위군상속등기법무사,/업무사례/대구성서상속등기,0.5954,0.3782,GOOD
/업무사례/강원상속등기법무사,/업무사례/경기광주상속등기법무사,0.5951,0.3209,GOOD
/업무사례/대구동구상속등기법무사,/업무사례/울산동구상속등기법무사,0.5949,0.4725,GOOD
/업무사례/울산남구상속등기법무사,/업무사례/충북상속등기법무사,0.5949,0.205,GOOD
/업무사례/경북상속등기필요서류,/업무사례/울산상속등기필요서류,0.5947,0.3769,GOOD
/업무사례/경기광주상속등기법무사,/업무사례/울산남구상속등기법무사,0.5946,0.2289,GOOD
/업무사례/대전유성구상속등기법무사,/업무사례/충북상속등기법무사,0.5945,0.2437,GOOD
/업무사례/제주상속등기법무사,/업무사례/포항상속등기법무사,0.5945,0.4378,GOOD
/업무사례/경북임야상속등기,/업무사례/칠곡상속등기법무사,0.5944,0.3558,GOOD
/업무사례/대구범어동상속등기,/업무사례/대구월성동상속등기,0.5943,0.4813,GOOD
/업무사례/경북임야상속등기,/업무사례/안동상속등기법무사,0.5941,0.2907,GOOD
/업무사례/경북상속등기법무사,/업무사례/전국상속부동산일괄등기,0.5939,0.2,GOOD
/업무사례/대구시지상속등기,/업무사례/대구중구상속등기법무사,0.5939,0.3424,GOOD
/업무사례/부산에서김해법인본점이전,/업무사례/부산에서양산법인본점이전,0.5939,0.6233,GOOD
/업무사례/울산중구상속등기법무사,/업무사례/울주범서상속등기,0.5936,0.4112,GOOD
/업무사례/제주시상속등기법무사,/업무사례/포항상속등기법무사,0.5936,0.4713,GOOD
/업무사례/광주상속등기법무사,/업무사례/전남상속등기법무사,0.5935,0.7019,GOOD
/업무사례/울주군상속등기법무사,/업무사례/충북상속등기법무사,0.5935,0.3585,GOOD
/업무사례/김해거주부산부동산상속,/업무사례/부산거주양산부동산상속,0.5932,0.3164,GOOD
/업무사례/대구다사상속등기,/업무사례/울주삼남상속등기,0.5931,0.4124,GOOD
/업무사례/양산상속등기비용,/업무사례/창원의창구상속등기법무사,0.5931,0.2976,GOOD
/업무사례/경북상속등기필요서류,/업무사례/칠곡상속등기법무사,0.5929,0.2642,GOOD
/업무사례/경기광주상속등기법무사,/업무사례/제주상속등기법무사,0.5926,0.3148,GOOD
/업무사례/대구아파트상속등기,/업무사례/칠곡상속등기법무사,0.5926,0.3242,GOOD
/업무사례/경북오래된상속등기,/업무사례/대구아파트상속등기,0.5925,0.4468,GOOD
/업무사례/대구남구상속등기법무사,/업무사례/대구월성동상속등기,0.5925,0.565,GOOD
/업무사례/울산삼산동상속등기,/업무사례/울산중구상속등기법무사,0.5925,0.3632,GOOD
/업무사례/광주상속등기법무사,/업무사례/제주시상속등기법무사,0.5923,0.2347,GOOD
/업무사례/대구남구상속등기법무사,/업무사례/대구시지상속등기,0.5921,0.3764,GOOD
/업무사례/대구달서구상속등기법무사,/업무사례/서울상속등기법무사,0.5921,0.2167,GOOD
/업무사례/대구동구상속등기법무사,/업무사례/대구월성동상속등기,0.5921,0.4497,GOOD
/업무사례/대구달성군상속등기법무사,/업무사례/대구성서상속등기,0.5918,0.436,GOOD
/업무사례/세종상속등기법무사,/업무사례/포항상속등기법무사,0.5918,0.4067,GOOD
/업무사례/경북상속등기필요서류,/업무사례/경북조부모명의토지상속,0.5913,0.365,GOOD
/업무사례/대구동구상속등기법무사,/업무사례/대구중구상속등기법무사,0.5909,0.5363,GOOD
/업무사례/대구군위군상속등기법무사,/업무사례/대구달성군상속등기법무사,0.5906,0.3444,GOOD
/업무사례/대전서구상속등기법무사,/업무사례/서울상속등기법무사,0.5905,0.3814,GOOD
/업무사례/세종상속등기법무사,/업무사례/울주군상속등기법무사,0.5905,0.341,GOOD
/업무사례/전남상속등기법무사,/업무사례/제주시상속등기법무사,0.5905,0.2539,GOOD
/업무사례/대전상속등기법무사,/업무사례/대전유성구상속등기법무사,0.59,0.2289,GOOD
/업무사례/경기상속등기법무사,/업무사례/대전상속등기법무사,0.5899,0.5398,GOOD
/업무사례/경북상속등기법무사,/업무사례/전국상속등기법무사,0.5899,0.2297,GOOD
/업무사례/경남유증등기법무사,/업무사례/김해상속등기비용,0.5897,0.3294,GOOD
/업무사례/경기광주상속등기법무사,/업무사례/대전상속등기법무사,0.5896,0.3151,GOOD
/업무사례/경북토지상속등기,/업무사례/대구달성군상속등기법무사,0.5896,0.3725,GOOD
/업무사례/창원상속등기비용,/업무사례/창원의창구상속등기법무사,0.5896,0.2917,GOOD
/업무사례/경남여러필지토지상속,/업무사례/경북토지상속등기,0.5895,0.2621,GOOD
/업무사례/대구북구상속등기법무사,/업무사례/대구유증등기법무사,0.5895,0.2576,GOOD
/업무사례/대전유성구상속등기법무사,/업무사례/전북상속등기법무사,0.5886,0.2437,GOOD
/업무사례/경북오래된상속등기,/업무사례/칠곡상속등기법무사,0.5884,0.3069,GOOD
/업무사례/대구달서구상속등기법무사,/업무사례/대구수성구상속등기법무사,0.5884,0.283,GOOD
/업무사례/경남상속등기법무사,/업무사례/서울상속등기법무사,0.5882,0.4601,GOOD
/업무사례/강원상속등기법무사,/업무사례/울산상속등기법무사,0.5881,0.3404,GOOD
/업무사례/대구중구상속등기법무사,/업무사례/울산삼산동상속등기,0.5881,0.3682,GOOD
/업무사례/대구달서구상속등기법무사,/업무사례/제주시상속등기법무사,0.5879,0.2364,GOOD
/업무사례/대구상인동상속등기,/업무사례/대구월성동상속등기,0.5879,0.4337,GOOD
/업무사례/울산상속등기필요서류,/업무사례/울산옥동상속등기,0.5879,0.3366,GOOD
/업무사례/대구다사상속등기,/업무사례/울주범서상속등기,0.5878,0.399,GOOD
/업무사례/대구상속등기비용,/업무사례/대구성서상속등기,0.5877,0.2887,GOOD
/업무사례/창원법인등기법무사,/업무사례/창원에서부산법인본점이전,0.5877,0.3448,GOOD
/업무사례/경북토지상속등기,/업무사례/대구아파트상속등기,0.5874,0.38,GOOD
/업무사례/울산동구상속등기법무사,/업무사례/울산아파트상속등기,0.5872,0.4402,GOOD
/업무사례/대구달서구상속등기법무사,/업무사례/충남상속등기법무사,0.5871,0.203,GOOD
/업무사례/경북상속등기법무사,/업무사례/전북상속등기법무사,0.587,0.8247,GOOD
/업무사례/충북상속등기법무사,/업무사례/포항상속등기법무사,0.587,0.4335,GOOD
/업무사례/경남상속등기법무사,/업무사례/전북상속등기법무사,0.5869,0.4176,GOOD
/업무사례/제주시상속등기법무사,/업무사례/충북상속등기법무사,0.5868,0.25,GOOD
/업무사례/대전상속등기법무사,/업무사례/대전서구상속등기법무사,0.5866,0.3426,GOOD
/업무사례/대구월성동상속등기,/업무사례/칠곡상속등기법무사,0.5865,0.3209,GOOD
/업무사례/울산중구상속등기법무사,/업무사례/울주삼남상속등기,0.5865,0.3682,GOOD
/업무사례/경북농지상속등기,/업무사례/대구만촌동상속등기,0.5861,0.3138,GOOD
/업무사례/울산상속등기법무사,/업무사례/제주시상속등기법무사,0.5861,0.2882,GOOD
/업무사례/김해상속등기비용,/업무사례/창원상속등기필요서류,0.5859,0.3193,GOOD
/업무사례/경북상속등기비용,/업무사례/경북상속등기필요서류,0.5858,0.4051,GOOD
/업무사례/대구남구상속등기법무사,/업무사례/대구상속등기비용,0.5858,0.3695,GOOD
/업무사례/대구서구상속등기법무사,/업무사례/칠곡상속등기법무사,0.5854,0.4392,GOOD
/업무사례/대구수성구상속등기법무사,/업무사례/대전서구상속등기법무사,0.5854,0.2341,GOOD
/업무사례/울산아파트상속등기,/업무사례/울주범서상속등기,0.5854,0.4041,GOOD
/업무사례/대구남구상속등기법무사,/업무사례/대구다사상속등기,0.5852,0.5333,GOOD
/업무사례/울산옥동상속등기,/업무사례/울주범서상속등기,0.5852,0.455,GOOD
/업무사례/대구남구상속등기법무사,/업무사례/대구범어동상속등기,0.5851,0.4603,GOOD
/업무사례/울산남구상속등기법무사,/업무사례/전북상속등기법무사,0.5851,0.205,GOOD
/업무사례/구미에서부산법인본점이전,/업무사례/포항에서부산법인본점이전,0.585,0.4222,GOOD
/업무사례/대구서구상속등기법무사,/업무사례/울산삼산동상속등기,0.585,0.2973,GOOD
/업무사례/대구월성동상속등기,/업무사례/대구중구상속등기법무사,0.585,0.4162,GOOD
/업무사례/대구상속등기필요서류,/업무사례/칠곡상속등기법무사,0.5848,0.2602,GOOD
/업무사례/대구월성동상속등기,/업무사례/안동상속등기법무사,0.5847,0.285,GOOD
/업무사례/대구동구상속등기법무사,/업무사례/안동상속등기법무사,0.5845,0.3556,GOOD
/업무사례/울산아파트상속등기,/업무사례/울주삼남상속등기,0.5844,0.3744,GOOD
/업무사례/경기광주상속등기법무사,/업무사례/포항상속등기법무사,0.5842,0.3084,GOOD
/업무사례/서울상속등기법무사,/업무사례/충남상속등기법무사,0.5842,0.4413,GOOD
/업무사례/서울상속등기법무사,/업무사례/전북상속등기법무사,0.5841,0.4365,GOOD
/업무사례/대구만촌동상속등기,/업무사례/대구상인동상속등기,0.5838,0.4535,GOOD
/업무사례/경기상속등기법무사,/업무사례/서울상속등기법무사,0.5837,0.4734,GOOD
/업무사례/대구북구상속등기법무사,/업무사례/대구월성동상속등기,0.5837,0.291,GOOD
/업무사례/대구에서부산법인본점이전,/업무사례/부산에서대구법인본점이전,0.5836,0.3081,GOOD
/업무사례/경북상속등기필요서류,/업무사례/경북오래된상속등기,0.5835,0.3614,GOOD
/업무사례/인천상속등기법무사,/업무사례/전국상속등기법무사,0.5833,0.243,GOOD
/업무사례/대구월성동상속등기,/업무사례/대구현풍상속등기,0.5832,0.4611,GOOD
/업무사례/강원상속등기법무사,/업무사례/경산상속등기법무사,0.5831,0.4236,GOOD
/업무사례/대구군위군상속등기법무사,/업무사례/칠곡상속등기법무사,0.5828,0.42,GOOD
/업무사례/울산토지상속등기,/업무사례/울주삼남상속등기,0.5828,0.4404,GOOD
/업무사례/대구상속등기필요서류,/업무사례/대구아파트상속등기,0.5826,0.3878,GOOD
/업무사례/양산상속등기필요서류,/업무사례/창원성산구상속등기법무사,0.5826,0.2981,GOOD
/업무사례/경북농지상속등기,/업무사례/경북임야상속등기,0.5825,0.3194,GOOD
/업무사례/서울상속등기법무사,/업무사례/충북상속등기법무사,0.5823,0.4365,GOOD
/업무사례/김해상속등기필요서류,/업무사례/창원성산구상속등기법무사,0.5822,0.2539,GOOD
/업무사례/경북농지상속등기,/업무사례/경북상속등기비용,0.582,0.4278,GOOD
/업무사례/대전유성구상속등기법무사,/업무사례/울산상속등기법무사,0.582,0.2659,GOOD
/업무사례/대구수성구상속등기법무사,/업무사례/전남상속등기법무사,0.5819,0.241,GOOD
/업무사례/경북오래된상속등기,/업무사례/경북토지상속등기,0.5818,0.4171,GOOD
/업무사례/대구성서상속등기,/업무사례/대구월성동상속등기,0.5818,0.4477,GOOD
/업무사례/부산거주김해부동산상속,/업무사례/양산거주부산부동산상속,0.5816,0.2931,GOOD
/업무사례/경북농지상속등기,/업무사례/대구서구상속등기법무사,0.5814,0.2642,GOOD
/업무사례/경산상속등기법무사,/업무사례/대전상속등기법무사,0.5814,0.4223,GOOD
/업무사례/김해에서부산법인본점이전,/업무사례/부산에서김해법인본점이전,0.5813,0.3892,GOOD
/업무사례/경북상속등기비용,/업무사례/대구현풍상속등기,0.5812,0.3641,GOOD
/업무사례/경북상속등기비용,/업무사례/대구남구상속등기법무사,0.5811,0.3869,GOOD
/업무사례/대구시지상속등기,/업무사례/울주삼남상속등기,0.5811,0.3729,GOOD
/업무사례/울산매곡동상속등기,/업무사례/울주범서상속등기,0.581,0.4184,GOOD
/업무사례/양산거주부산부동산상속,/업무사례/창원의창구상속등기법무사,0.5808,0.28,GOOD
/업무사례/울산아파트상속등기,/업무사례/울산옥동상속등기,0.5807,0.3958,GOOD
/업무사례/경남유증등기법무사,/업무사례/경남조부모명의토지상속,0.5806,0.3006,GOOD
/업무사례/부산에서김해법인본점이전,/업무사례/부산에서울산법인본점이전,0.5805,0.5118,GOOD
/업무사례/대구시지상속등기,/업무사례/대구유증등기법무사,0.5804,0.2806,GOOD
/업무사례/경북오래된상속등기,/업무사례/경북임야상속등기,0.5803,0.3333,GOOD
/업무사례/경주오래된토지상속등기,/업무사례/안동오래된토지상속등기,0.5803,0.3291,GOOD
/업무사례/세종상속등기법무사,/업무사례/울산남구상속등기법무사,0.58,0.1902,GOOD
/업무사례/대전상속등기법무사,/업무사례/포항상속등기법무사,0.5799,0.4293,GOOD
/업무사례/대전서구상속등기법무사,/업무사례/전북상속등기법무사,0.5799,0.3458,GOOD
/업무사례/경산상속등기법무사,/업무사례/제주시상속등기법무사,0.5798,0.2249,GOOD
/업무사례/대구군위군상속등기법무사,/업무사례/대구서구상속등기법무사,0.5798,0.4094,GOOD
/업무사례/대구상인동상속등기,/업무사례/대구시지상속등기,0.5797,0.2769,GOOD
/업무사례/경북임야상속등기,/업무사례/대구아파트상속등기,0.5796,0.3155,GOOD
/업무사례/대구시지상속등기,/업무사례/대구현풍상속등기,0.5796,0.4205,GOOD
/업무사례/울산달동상속등기,/업무사례/울산아파트상속등기,0.5796,0.462,GOOD
/업무사례/전국비대면법무사,/업무사례/타지역법무사의뢰,0.5795,0.3303,GOOD
/업무사례/울산남구상속등기법무사,/업무사례/전남상속등기법무사,0.5791,0.2081,GOOD
/업무사례/경기상속등기법무사,/업무사례/대구달서구상속등기법무사,0.579,0.2063,GOOD
/업무사례/대구시지상속등기,/업무사례/울주범서상속등기,0.579,0.3591,GOOD
/업무사례/강원상속등기법무사,/업무사례/전국상속등기법무사,0.5787,0.2329,GOOD
/업무사례/울산동구상속등기법무사,/업무사례/울산중구상속등기법무사,0.5787,0.4021,GOOD
/업무사례/대구달성군상속등기법무사,/업무사례/대구아파트상속등기,0.5785,0.35,GOOD
/업무사례/경북상속등기법무사,/업무사례/서울상속등기법무사,0.5784,0.4341,GOOD
/업무사례/경북상속등기필요서류,/업무사례/대구동구상속등기법무사,0.5782,0.335,GOOD
/업무사례/대전유성구상속등기법무사,/업무사례/인천상속등기법무사,0.5781,0.2513,GOOD
/업무사례/대구군위군상속등기법무사,/업무사례/대구남구상속등기법무사,0.5779,0.3425,GOOD
/업무사례/경북조부모명의토지상속,/업무사례/대구다사상속등기,0.5778,0.3682,GOOD
/업무사례/경남여러필지토지상속,/업무사례/대구토지상속등기,0.5777,0.2667,GOOD
/업무사례/경북상속등기필요서류,/업무사례/대구북구상속등기법무사,0.5777,0.2487,GOOD
/업무사례/경북오래된상속등기,/업무사례/대구토지상속등기,0.5777,0.3518,GOOD
/업무사례/김해거주부산부동산상속,/업무사례/창원성산구상속등기법무사,0.5777,0.2816,GOOD
/업무사례/대구현풍상속등기,/업무사례/울주언양상속등기,0.5777,0.4365,GOOD
/업무사례/울산매곡동상속등기,/업무사례/울산북구상속등기법무사,0.5777,0.375,GOOD
/업무사례/대구토지상속등기,/업무사례/안동상속등기법무사,0.5775,0.2989,GOOD
/업무사례/대전서구상속등기법무사,/업무사례/울산상속등기법무사,0.5775,0.278,GOOD
/업무사례/대구달성군상속등기법무사,/업무사례/울주삼남상속등기,0.5774,0.3788,GOOD
/업무사례/김해에서부산법인본점이전,/업무사례/창원에서부산법인본점이전,0.5773,0.4903,GOOD
/업무사례/울산남구상속등기법무사,/업무사례/포항상속등기법무사,0.5773,0.1831,GOOD
/업무사례/대전서구상속등기법무사,/업무사례/제주시상속등기법무사,0.5772,0.1934,GOOD
/업무사례/대구남구상속등기법무사,/업무사례/울산삼산동상속등기,0.5771,0.4677,GOOD
/업무사례/충남상속등기법무사,/업무사례/충북상속등기법무사,0.5769,0.7595,GOOD
/업무사례/대구달성군상속등기법무사,/업무사례/울산옥동상속등기,0.5768,0.3929,GOOD
/업무사례/전국상속등기법무사,/업무사례/제주상속등기법무사,0.5766,0.2329,GOOD
/업무사례/대구동구상속등기법무사,/업무사례/대구상속등기필요서류,0.5764,0.3498,GOOD
/업무사례/대구북구상속등기법무사,/업무사례/대구상인동상속등기,0.5763,0.2475,GOOD
/업무사례/경북오래된상속등기,/업무사례/대구다사상속등기,0.5762,0.399,GOOD
/업무사례/경북조부모명의토지상속,/업무사례/칠곡상속등기법무사,0.5761,0.3032,GOOD
/업무사례/대구남구상속등기법무사,/업무사례/울주언양상속등기,0.5761,0.3831,GOOD
/업무사례/대구범어동상속등기,/업무사례/대구현풍상속등기,0.576,0.4337,GOOD
/업무사례/울산남구상속등기법무사,/업무사례/울주군상속등기법무사,0.5759,0.1857,GOOD
/업무사례/경북오래된상속등기,/업무사례/대구상속등기필요서류,0.5756,0.3627,GOOD
/업무사례/경북상속등기필요서류,/업무사례/경북임야상속등기,0.5755,0.2969,GOOD
/업무사례/대전유성구상속등기법무사,/업무사례/포항상속등기법무사,0.5755,0.219,GOOD
/업무사례/경북상속등기필요서류,/업무사례/경북토지상속등기,0.5754,0.3676,GOOD
/업무사례/대구아파트상속등기,/업무사례/대구토지상속등기,0.5754,0.3989,GOOD
/업무사례/대구다사상속등기,/업무사례/울산옥동상속등기,0.5753,0.4197,GOOD
/업무사례/경북농지상속등기,/업무사례/대구다사상속등기,0.5752,0.4278,GOOD
/업무사례/경북상속등기법무사,/업무사례/제주시상속등기법무사,0.5752,0.2487,GOOD
/업무사례/경남법인등기법무사,/업무사례/김해법인등기법무사,0.575,0.3784,GOOD
/업무사례/경북임야상속등기,/업무사례/대구동구상속등기법무사,0.575,0.2784,GOOD
/업무사례/경북농지상속등기,/업무사례/경북토지상속등기,0.5748,0.4688,GOOD
/업무사례/대구북구상속등기법무사,/업무사례/안동상속등기법무사,0.5748,0.3718,GOOD
/업무사례/대구성서상속등기,/업무사례/울주언양상속등기,0.5748,0.3587,GOOD
/업무사례/대구만촌동상속등기,/업무사례/대구서구상속등기법무사,0.5747,0.3148,GOOD
/업무사례/대구시지상속등기,/업무사례/대구월성동상속등기,0.5747,0.3226,GOOD
/업무사례/경기광주상속등기법무사,/업무사례/경북상속등기법무사,0.5746,0.3165,GOOD
/업무사례/경북오래된상속등기,/업무사례/대구달성군상속등기법무사,0.5746,0.3463,GOOD
/업무사례/대구상속등기필요서류,/업무사례/대구유증등기법무사,0.5745,0.3671,GOOD
/업무사례/대구북구상속등기법무사,/업무사례/대구상속등기필요서류,0.5744,0.2386,GOOD
/업무사례/울산유증등기법무사,/업무사례/울주범서상속등기,0.5744,0.3939,GOOD
/업무사례/경기광주상속등기법무사,/업무사례/울산상속등기법무사,0.5742,0.3131,GOOD
/업무사례/양산거주부산부동산상속,/업무사례/창원상속등기비용,0.5741,0.2775,GOOD
/업무사례/경북상속등기비용,/업무사례/대구성서상속등기,0.5737,0.2984,GOOD
/업무사례/대구상인동상속등기,/업무사례/대구아파트상속등기,0.5737,0.3221,GOOD
/업무사례/대구성서상속등기,/업무사례/대구아파트상속등기,0.5737,0.3652,GOOD
/업무사례/울산송정동상속등기,/업무사례/울주언양상속등기,0.5736,0.3297,GOOD
/업무사례/대구동구상속등기법무사,/업무사례/대구아파트상속등기,0.5731,0.418,GOOD
/업무사례/울산동구상속등기법무사,/업무사례/울산북구상속등기법무사,0.5731,0.3659,GOOD
/업무사례/대구다사상속등기,/업무사례/울산매곡동상속등기,0.5728,0.4061,GOOD
/업무사례/경북조부모명의토지상속,/업무사례/대구상속등기필요서류,0.5727,0.3333,GOOD
/업무사례/울주삼남상속등기,/업무사례/칠곡상속등기법무사,0.5727,0.3118,GOOD
/업무사례/부산거주양산부동산상속,/업무사례/창원성산구상속등기법무사,0.5725,0.2824,GOOD
/업무사례/울산동구상속등기법무사,/업무사례/칠곡상속등기법무사,0.5725,0.3539,GOOD
/업무사례/울산옥동상속등기,/업무사례/울산중구상속등기법무사,0.5724,0.375,GOOD
/업무사례/대구수성구상속등기법무사,/업무사례/대전상속등기법무사,0.5723,0.2228,GOOD
/업무사례/부산거주양산부동산상속,/업무사례/양산상속등기필요서류,0.5721,0.2807,GOOD
/업무사례/경남상속등기비용,/업무사례/양산거주부산부동산상속,0.572,0.2488,GOOD
/업무사례/제주시상속등기법무사,/업무사례/충남상속등기법무사,0.572,0.2526,GOOD
/업무사례/대구북구상속등기법무사,/업무사례/대구토지상속등기,0.5718,0.2634,GOOD
/업무사례/경북임야상속등기,/업무사례/대구시지상속등기,0.5717,0.3333,GOOD
/업무사례/대구남구상속등기법무사,/업무사례/울산송정동상속등기,0.5716,0.291,GOOD
/업무사례/강원상속등기법무사,/업무사례/대구수성구상속등기법무사,0.5715,0.2398,GOOD
/업무사례/대전유성구상속등기법무사,/업무사례/충남상속등기법무사,0.5715,0.2462,GOOD
/업무사례/경북상속등기법무사,/업무사례/세종상속등기법무사,0.5714,0.7317,GOOD
/업무사례/대구남구상속등기법무사,/업무사례/대구달성군상속등기법무사,0.5713,0.5278,GOOD
/업무사례/대구시지상속등기,/업무사례/울산옥동상속등기,0.5713,0.3652,GOOD
/업무사례/대구아파트상속등기,/업무사례/대구중구상속등기법무사,0.571,0.3448,GOOD
/업무사례/울산상속등기필요서류,/업무사례/울산유증등기법무사,0.571,0.3547,GOOD
/업무사례/대구남구상속등기법무사,/업무사례/울산달동상속등기,0.5709,0.4175,GOOD
/업무사례/울산달동상속등기,/업무사례/울산삼산동상속등기,0.5709,0.5455,GOOD
/업무사례/울산매곡동상속등기,/업무사례/울산토지상속등기,0.5706,0.441,GOOD
/업무사례/울산유증등기법무사,/업무사례/울주삼남상속등기,0.5705,0.365,GOOD
/업무사례/대구다사상속등기,/업무사례/대구유증등기법무사,0.5704,0.3558,GOOD
/업무사례/울산동구상속등기법무사,/업무사례/울산옥동상속등기,0.5703,0.3655,GOOD
/업무사례/대구만촌동상속등기,/업무사례/대구범어동상속등기,0.5702,0.3443,GOOD
/업무사례/대구상속등기비용,/업무사례/대구상속등기필요서류,0.5702,0.4162,GOOD
/업무사례/대구아파트상속등기,/업무사례/대구월성동상속등기,0.5702,0.3949,GOOD
/업무사례/울산공장상속등기,/업무사례/울산토지상속등기,0.5702,0.397,GOOD
/업무사례/대구중구상속등기법무사,/업무사례/대구현풍상속등기,0.5701,0.5989,GOOD
/업무사례/대전서구상속등기법무사,/업무사례/전남상속등기법무사,0.57,0.3507,GOOD
/업무사례/대구시지상속등기,/업무사례/울산아파트상속등기,0.5699,0.306,GOOD
/업무사례/경북농지상속등기,/업무사례/대구상속등기비용,0.5698,0.3812,GOOD
/업무사례/경북상속등기필요서류,/업무사례/대구다사상속등기,0.5698,0.3366,GOOD
/업무사례/경남유증등기법무사,/업무사례/창원상속등기필요서류,0.5695,0.2849,GOOD
/업무사례/경북토지상속등기,/업무사례/안동상속등기법무사,0.5695,0.26,GOOD
/업무사례/울주군상속등기법무사,/업무사례/충남상속등기법무사,0.5694,0.3619,GOOD
/업무사례/경남상속등기법무사,/업무사례/울산남구상속등기법무사,0.5693,0.2235,GOOD
/업무사례/경북임야상속등기,/업무사례/대구현풍상속등기,0.5693,0.28,GOOD
/업무사례/경기상속등기법무사,/업무사례/제주상속등기법무사,0.5692,0.5523,GOOD
/업무사례/대구달서구상속등기법무사,/업무사례/전국상속등기법무사,0.5692,0.1846,GOOD
/업무사례/대구동구상속등기법무사,/업무사례/대구현풍상속등기,0.5691,0.5109,GOOD
/업무사례/울산공장상속등기,/업무사례/울주삼남상속등기,0.5691,0.4093,GOOD
/업무사례/대구유증등기법무사,/업무사례/칠곡상속등기법무사,0.5688,0.2414,GOOD
/업무사례/대구경북공동담보등기,/업무사례/부산김해양산공동근저당권,0.5687,0.638,GOOD
/업무사례/경기광주상속등기법무사,/업무사례/대구달서구상속등기법무사,0.5685,0.225,GOOD
/업무사례/울산달동상속등기,/업무사례/울산송정동상속등기,0.5684,0.3279,GOOD
/업무사례/경북상속등기필요서류,/업무사례/대구달성군상속등기법무사,0.5682,0.3188,GOOD
/업무사례/경북상속등기필요서류,/업무사례/안동상속등기법무사,0.5681,0.2564,GOOD
/업무사례/안동상속등기법무사,/업무사례/울주삼남상속등기,0.5681,0.2694,GOOD
/업무사례/경남조부모명의토지상속,/업무사례/창원상속등기필요서류,0.568,0.2824,GOOD
/업무사례/대구달성군상속등기법무사,/업무사례/대구상속등기필요서류,0.568,0.3398,GOOD
/업무사례/대구다사상속등기,/업무사례/대구상속등기필요서류,0.5679,0.3578,GOOD
/업무사례/대구만촌동상속등기,/업무사례/대구상속등기비용,0.5677,0.2277,GOOD
/업무사례/대구시지상속등기,/업무사례/안동상속등기법무사,0.5674,0.3585,GOOD
/업무사례/경기상속등기법무사,/업무사례/포항상속등기법무사,0.5672,0.4583,GOOD
/업무사례/경북임야상속등기,/업무사례/대구군위군상속등기법무사,0.5671,0.3133,GOOD
/업무사례/울산남구상속등기법무사,/업무사례/제주시상속등기법무사,0.5671,0.2561,GOOD
/업무사례/대구북구상속등기법무사,/업무사례/대구현풍상속등기,0.567,0.3478,GOOD
/업무사례/대구북구상속등기법무사,/업무사례/울주삼남상속등기,0.567,0.3315,GOOD
/업무사례/경북임야상속등기,/업무사례/대구북구상속등기법무사,0.5668,0.3133,GOOD
/업무사례/김해거주부산부동산상속,/업무사례/양산상속등기필요서류,0.5668,0.2727,GOOD
/업무사례/경북상속등기필요서류,/업무사례/대구토지상속등기,0.5667,0.3367,GOOD
/업무사례/전북상속등기법무사,/업무사례/포항상속등기법무사,0.5667,0.4335,GOOD
/업무사례/양산거주부산부동산상속,/업무사례/양산상속등기비용,0.5666,0.2759,GOOD
/업무사례/대구만촌동상속등기,/업무사례/대구월성동상속등기,0.5664,0.3722,GOOD
/업무사례/대전유성구상속등기법무사,/업무사례/세종상속등기법무사,0.5663,0.2277,GOOD
/업무사례/경남여러필지토지상속,/업무사례/경남유증등기법무사,0.5662,0.3669,GOOD
/업무사례/대구동구상속등기법무사,/업무사례/대구상인동상속등기,0.5662,0.385,GOOD
/업무사례/대구범어동상속등기,/업무사례/대구시지상속등기,0.5662,0.3462,GOOD
/업무사례/대구군위군상속등기법무사,/업무사례/대구토지상속등기,0.5661,0.2772,GOOD
/업무사례/대구동구상속등기법무사,/업무사례/울산매곡동상속등기,0.5661,0.37,GOOD
/업무사례/대구군위군상속등기법무사,/업무사례/안동상속등기법무사,0.566,0.3544,GOOD
/업무사례/강원상속등기법무사,/업무사례/전북상속등기법무사,0.5659,0.7595,GOOD
/업무사례/경북상속등기필요서류,/업무사례/대구아파트상속등기,0.5659,0.3586,GOOD
/업무사례/대구달성군상속등기법무사,/업무사례/대구유증등기법무사,0.5659,0.3575,GOOD
/업무사례/경북상속등기필요서류,/업무사례/대구시지상속등기,0.5657,0.2656,GOOD
/업무사례/경남상속등기법무사,/업무사례/포항상속등기법무사,0.5656,0.3866,GOOD
/업무사례/대구토지상속등기,/업무사례/대구현풍상속등기,0.5652,0.3317,GOOD
/업무사례/대구성서상속등기,/업무사례/울산삼산동상속등기,0.565,0.3611,GOOD
/업무사례/전국상속등기법무사,/업무사례/포항상속등기법무사,0.565,0.2198,GOOD
/업무사례/대구상속등기필요서류,/업무사례/대구토지상속등기,0.5649,0.3518,GOOD
/업무사례/대구서구상속등기법무사,/업무사례/대구월성동상속등기,0.5649,0.2979,GOOD
/업무사례/경남상속등기비용,/업무사례/창원의창구상속등기법무사,0.5646,0.3138,GOOD
/업무사례/울산매곡동상속등기,/업무사례/울산아파트상속등기,0.5646,0.3827,GOOD
/업무사례/경북오래된상속등기,/업무사례/대구시지상속등기,0.5645,0.3516,GOOD
/업무사례/대구수성구상속등기법무사,/업무사례/인천상속등기법무사,0.5645,0.2448,GOOD
/업무사례/경북조부모명의토지상속,/업무사례/대구북구상속등기법무사,0.5644,0.267,GOOD
/업무사례/대구유증등기법무사,/업무사례/대구토지상속등기,0.5643,0.3301,GOOD
/업무사례/전남상속등기법무사,/업무사례/전북상속등기법무사,0.5643,0.7421,GOOD
/업무사례/경남오래된상속등기,/업무사례/양산상속등기필요서류,0.5642,0.2934,GOOD
/업무사례/경북조부모명의토지상속,/업무사례/대구달성군상속등기법무사,0.5642,0.3301,GOOD
/업무사례/대구달성군상속등기법무사,/업무사례/울산중구상속등기법무사,0.5642,0.5249,GOOD
/업무사례/광주상속등기법무사,/업무사례/전국상속등기법무사,0.5641,0.2339,GOOD
/업무사례/경북상속등기법무사,/업무사례/울주군상속등기법무사,0.5639,0.3568,GOOD
/업무사례/대구상속등기필요서류,/업무사례/대구시지상속등기,0.5639,0.2551,GOOD
/업무사례/대전상속등기법무사,/업무사례/전국상속부동산일괄등기,0.5639,0.194,GOOD
/업무사례/경남오래된상속등기,/업무사례/김해상속등기필요서류,0.5638,0.245,GOOD
/업무사례/경기광주상속등기법무사,/업무사례/충남상속등기법무사,0.5637,0.3209,GOOD
/업무사례/경산상속등기법무사,/업무사례/전남상속등기법무사,0.5637,0.4257,GOOD
/업무사례/대구중구상속등기법무사,/업무사례/울산아파트상속등기,0.5637,0.3268,GOOD
/업무사례/울산아파트상속등기,/업무사례/울산중구상속등기법무사,0.5636,0.3756,GOOD
/업무사례/경기상속등기법무사,/업무사례/울산남구상속등기법무사,0.5634,0.2105,GOOD
/업무사례/대구달성군상속등기법무사,/업무사례/울주범서상속등기,0.5632,0.38,GOOD
/업무사례/대구달서구상속등기법무사,/업무사례/전남상속등기법무사,0.5631,0.2041,GOOD
/업무사례/김해상속등기비용,/업무사례/울산송정동상속등기,0.563,0.3711,GOOD
/업무사례/경북임야상속등기,/업무사례/대구월성동상속등기,0.5629,0.2663,GOOD
/업무사례/경북상속등기법무사,/업무사례/대구수성구상속등기법무사,0.5628,0.2362,GOOD
/업무사례/울주군상속등기법무사,/업무사례/전북상속등기법무사,0.5627,0.3649,GOOD
/업무사례/경남오래된상속등기,/업무사례/김해거주부산부동산상속,0.5625,0.2849,GOOD
/업무사례/경북농지상속등기,/업무사례/대구아파트상속등기,0.5621,0.4021,GOOD
/업무사례/경기광주상속등기법무사,/업무사례/광주상속등기법무사,0.5618,0.3163,GOOD
/업무사례/대전유성구상속등기법무사,/업무사례/전남상속등기법무사,0.5617,0.2474,GOOD
/업무사례/울주범서상속등기,/업무사례/칠곡상속등기법무사,0.5615,0.3069,GOOD
/업무사례/경기광주상속등기법무사,/업무사례/경남상속등기법무사,0.5613,0.3538,GOOD
/업무사례/경북오래된상속등기,/업무사례/대구북구상속등기법무사,0.5612,0.3118,GOOD
/업무사례/광주상속등기법무사,/업무사례/포항상속등기법무사,0.5612,0.4187,GOOD
/업무사례/경북상속등기비용,/업무사례/대구상속등기필요서류,0.5611,0.385,GOOD
/업무사례/대구다사상속등기,/업무사례/대구범어동상속등기,0.5611,0.4526,GOOD
/업무사례/대구범어동상속등기,/업무사례/대구상인동상속등기,0.5611,0.4286,GOOD
/업무사례/대구성서상속등기,/업무사례/대구중구상속등기법무사,0.5611,0.4368,GOOD
/업무사례/울산공장상속등기,/업무사례/울산옥동상속등기,0.5611,0.3878,GOOD
/업무사례/대구동구상속등기법무사,/업무사례/울산옥동상속등기,0.561,0.3969,GOOD
/업무사례/경북상속등기비용,/업무사례/대구군위군상속등기법무사,0.5608,0.2398,GOOD
/업무사례/대전서구상속등기법무사,/업무사례/포항상속등기법무사,0.5608,0.3289,GOOD
/업무사례/대구서구상속등기법무사,/업무사례/울주삼남상속등기,0.5607,0.3242,GOOD
/업무사례/전국상속부동산일괄등기,/업무사례/전남상속등기법무사,0.5607,0.2035,GOOD
/업무사례/경기상속등기법무사,/업무사례/전국상속부동산일괄등기,0.5606,0.211,GOOD
/업무사례/대구다사상속등기,/업무사례/울산동구상속등기법무사,0.5606,0.4188,GOOD
/업무사례/울산남구상속등기법무사,/업무사례/충남상속등기법무사,0.5606,0.2071,GOOD
/업무사례/울산동구상속등기법무사,/업무사례/울산매곡동상속등기,0.5606,0.36,GOOD
/업무사례/인천상속등기법무사,/업무사례/포항상속등기법무사,0.5606,0.4394,GOOD
/업무사례/대구현풍상속등기,/업무사례/울산삼산동상속등기,0.5605,0.397,GOOD
/업무사례/울산삼산동상속등기,/업무사례/울주삼남상속등기,0.5605,0.4115,GOOD
/업무사례/울산상속등기비용,/업무사례/울산송정동상속등기,0.5605,0.2461,GOOD
/업무사례/대구군위군상속등기법무사,/업무사례/대구북구상속등기법무사,0.5603,0.4094,GOOD
/업무사례/경북농지상속등기,/업무사례/대구범어동상속등기,0.5602,0.399,GOOD
/업무사례/대구상속등기비용,/업무사례/대구서구상속등기법무사,0.5602,0.25,GOOD
/업무사례/대구서구상속등기법무사,/업무사례/울주범서상속등기,0.5602,0.3333,GOOD
/업무사례/경북농지상속등기,/업무사례/대구토지상속등기,0.56,0.3724,GOOD
/업무사례/경북임야상속등기,/업무사례/대구상속등기필요서류,0.56,0.2663,GOOD
/업무사례/경북토지상속등기,/업무사례/대구상속등기필요서류,0.56,0.3689,GOOD
/업무사례/대구상속등기비용,/업무사례/대구현풍상속등기,0.5598,0.3412,GOOD
/업무사례/전국상속등기법무사,/업무사례/충남상속등기법무사,0.5598,0.2329,GOOD
/업무사례/대구시지상속등기,/업무사례/울산동구상속등기법무사,0.5596,0.3043,GOOD
/업무사례/김해상속등기필요서류,/업무사례/창원상속등기필요서류,0.5595,0.3388,GOOD
/업무사례/대구현풍상속등기,/업무사례/울산송정동상속등기,0.5594,0.2835,GOOD
/업무사례/경북임야상속등기,/업무사례/대구유증등기법무사,0.5593,0.2356,GOOD
/업무사례/대구달성군상속등기법무사,/업무사례/대구만촌동상속등기,0.5593,0.4412,GOOD
/업무사례/대구만촌동상속등기,/업무사례/울산삼산동상속등기,0.5592,0.2398,GOOD
/업무사례/대전서구상속등기법무사,/업무사례/제주상속등기법무사,0.5592,0.3491,GOOD
/업무사례/울산북구상속등기법무사,/업무사례/울산옥동상속등기,0.5592,0.3941,GOOD
/업무사례/경북오래된상속등기,/업무사례/대구동구상속등기법무사,0.5589,0.398,GOOD
/업무사례/대구북구상속등기법무사,/업무사례/울주범서상속등기,0.5589,0.3407,GOOD
/업무사례/대구시지상속등기,/업무사례/울산송정동상속등기,0.5587,0.3481,GOOD
/업무사례/광주상속등기법무사,/업무사례/울산남구상속등기법무사,0.5586,0.2081,GOOD
/업무사례/울산삼산동상속등기,/업무사례/울주범서상속등기,0.5585,0.4197,GOOD
/업무사례/대구남구상속등기법무사,/업무사례/대구아파트상속등기,0.5583,0.4188,GOOD
/업무사례/대구수성구상속등기법무사,/업무사례/울주군상속등기법무사,0.5583,0.2163,GOOD
/업무사례/경남여러필지토지상속,/업무사례/김해상속등기비용,0.5582,0.3161,GOOD
/업무사례/경북조부모명의토지상속,/업무사례/안동상속등기법무사,0.5582,0.2551,GOOD
/업무사례/대구중구상속등기법무사,/업무사례/울주삼남상속등기,0.5582,0.3596,GOOD
/업무사례/경북오래된상속등기,/업무사례/안동상속등기법무사,0.558,0.2589,GOOD
/업무사례/대구남구상속등기법무사,/업무사례/대구북구상속등기법무사,0.5579,0.4128,GOOD
/업무사례/경기상속등기법무사,/업무사례/대전유성구상속등기법무사,0.5578,0.2447,GOOD
/업무사례/대구군위군상속등기법무사,/업무사례/대구상속등기비용,0.5578,0.2312,GOOD
/업무사례/대구상인동상속등기,/업무사례/대구서구상속등기법무사,0.5578,0.2475,GOOD
/업무사례/대구상인동상속등기,/업무사례/안동상속등기법무사,0.5578,0.3716,GOOD
/업무사례/대전서구상속등기법무사,/업무사례/충북상속등기법무사,0.5578,0.3458,GOOD
/업무사례/부산거주김해부동산상속,/업무사례/창원의창구상속등기법무사,0.5578,0.2486,GOOD
/업무사례/강원상속등기법무사,/업무사례/포항상속등기법무사,0.5577,0.4307,GOOD
/업무사례/대구중구상속등기법무사,/업무사례/울주범서상속등기,0.5577,0.3812,GOOD
/업무사례/김해거주부산부동산상속,/업무사례/김해상속등기필요서류,0.5575,0.2915,GOOD
/업무사례/대구군위군상속등기법무사,/업무사례/울주언양상속등기,0.5575,0.2827,GOOD
/업무사례/대구북구상속등기법무사,/업무사례/울산아파트상속등기,0.5575,0.2811,GOOD
/업무사례/대구토지상속등기,/업무사례/울산토지상속등기,0.5574,0.3532,GOOD
/업무사례/경남상속등기비용,/업무사례/김해상속등기비용,0.5573,0.3681,GOOD
/업무사례/대구동구상속등기법무사,/업무사례/대구토지상속등기,0.5573,0.325,GOOD
/업무사례/경남오래된상속등기,/업무사례/창원성산구상속등기법무사,0.5572,0.319,GOOD
/업무사례/울산동구상속등기법무사,/업무사례/울산토지상속등기,0.5571,0.3415,GOOD
/업무사례/울산삼산동상속등기,/업무사례/울산상속등기비용,0.5571,0.3622,GOOD
/업무사례/대구서구상속등기법무사,/업무사례/대구아파트상속등기,0.557,0.3523,GOOD
/업무사례/경북토지상속등기,/업무사례/대구동구상속등기법무사,0.5569,0.3627,GOOD
/업무사례/구미에서부산법인본점이전,/업무사례/부산에서울산법인본점이전,0.5569,0.3005,GOOD
/업무사례/대구상속등기비용,/업무사례/울산달동상속등기,0.5569,0.319,GOOD
/업무사례/김해상속등기비용,/업무사례/양산상속등기필요서류,0.5567,0.3313,GOOD
/업무사례/대구서구상속등기법무사,/업무사례/울산송정동상속등기,0.5567,0.327,GOOD
/업무사례/울산아파트상속등기,/업무사례/울산토지상속등기,0.5567,0.3564,GOOD
/업무사례/울산북구상속등기법무사,/업무사례/울산토지상속등기,0.5565,0.3828,GOOD
/업무사례/울산옥동상속등기,/업무사례/울산유증등기법무사,0.5565,0.3582,GOOD
/업무사례/강원상속등기법무사,/업무사례/울주군상속등기법무사,0.5563,0.3619,GOOD
/업무사례/대구달성군상속등기법무사,/업무사례/영천상속등기법무사,0.5563,0.1529,GOOD
/업무사례/대구달성군상속등기법무사,/업무사례/울산동구상속등기법무사,0.5562,0.3636,GOOD
/업무사례/대구동구상속등기법무사,/업무사례/대구범어동상속등기,0.5561,0.5872,GOOD
/업무사례/대구성서상속등기,/업무사례/안동상속등기법무사,0.5561,0.4129,GOOD
/업무사례/경북상속등기비용,/업무사례/경북조부모명의토지상속,0.556,0.3614,GOOD
/업무사례/경북조부모명의토지상속,/업무사례/대구아파트상속등기,0.5558,0.3706,GOOD
/업무사례/경남상속등기법무사,/업무사례/울주군상속등기법무사,0.5557,0.3927,GOOD
/업무사례/안동상속등기법무사,/업무사례/울주범서상속등기,0.5557,0.2718,GOOD
/업무사례/경남상속등기법무사,/업무사례/전국상속부동산일괄등기,0.5556,0.2163,GOOD
/업무사례/대구달서구상속등기법무사,/업무사례/포항상속등기법무사,0.5556,0.1792,GOOD
/업무사례/대구동구상속등기법무사,/업무사례/울주삼남상속등기,0.5556,0.3827,GOOD
/업무사례/경북농지상속등기,/업무사례/안동상속등기법무사,0.5554,0.3122,GOOD
/업무사례/경북상속등기필요서류,/업무사례/대구상속등기비용,0.5554,0.3463,GOOD
/업무사례/대구만촌동상속등기,/업무사례/대구중구상속등기법무사,0.5553,0.4335,GOOD
/업무사례/경북농지상속등기,/업무사례/칠곡상속등기법무사,0.5552,0.2865,GOOD
/업무사례/김해상속등기필요서류,/업무사례/부산거주양산부동산상속,0.5552,0.2414,GOOD
/업무사례/울산옥동상속등기,/업무사례/울산토지상속등기,0.5551,0.4112,GOOD
/업무사례/경북상속등기필요서류,/업무사례/대구유증등기법무사,0.555,0.3023,GOOD
/업무사례/경기상속등기법무사,/업무사례/울주군상속등기법무사,0.5548,0.385,GOOD
/업무사례/울산토지상속등기,/업무사례/울주언양상속등기,0.5548,0.3824,GOOD
/업무사례/울산상속등기필요서류,/업무사례/울산아파트상속등기,0.5546,0.3235,GOOD
/업무사례/대구달성군상속등기법무사,/업무사례/울산토지상속등기,0.5544,0.395,GOOD
/업무사례/대구현풍상속등기,/업무사례/울산달동상속등기,0.5544,0.4359,GOOD
/업무사례/경남상속등기법무사,/업무사례/대구달서구상속등기법무사,0.5542,0.2191,GOOD
/업무사례/대구다사상속등기,/업무사례/울산아파트상속등기,0.5542,0.35,GOOD
/업무사례/세종상속등기법무사,/업무사례/제주시상속등기법무사,0.5542,0.2277,GOOD
/업무사례/경북상속등기필요서류,/업무사례/대구월성동상속등기,0.5541,0.3033,GOOD
/업무사례/김해상속등기필요서류,/업무사례/양산상속등기비용,0.5541,0.2813,GOOD
/업무사례/대구북구상속등기법무사,/업무사례/울산송정동상속등기,0.5539,0.327,GOOD
/업무사례/울산동구상속등기법무사,/업무사례/울주언양상속등기,0.5537,0.5167,GOOD
/업무사례/대구동구상속등기법무사,/업무사례/울주범서상속등기,0.5535,0.398,GOOD
/업무사례/울산북구상속등기법무사,/업무사례/울산유증등기법무사,0.5535,0.3786,GOOD
/업무사례/경기상속등기법무사,/업무사례/전국상속등기법무사,0.5532,0.237,GOOD
/업무사례/경산상속등기법무사,/업무사례/제주상속등기법무사,0.5532,0.4307,GOOD
/업무사례/경북토지상속등기,/업무사례/대구현풍상속등기,0.5528,0.3816,GOOD
/업무사례/대구달성군상속등기법무사,/업무사례/울산아파트상속등기,0.5528,0.3383,GOOD
/업무사례/경북상속등기비용,/업무사례/대구서구상속등기법무사,0.5527,0.2591,GOOD
/업무사례/대구동구상속등기법무사,/업무사례/울산삼산동상속등기,0.5527,0.5254,GOOD
/업무사례/강원상속등기법무사,/업무사례/울산남구상속등기법무사,0.5526,0.2071,GOOD
/업무사례/경북상속등기비용,/업무사례/대구만촌동상속등기,0.5526,0.23,GOOD
/업무사례/부산거주김해부동산상속,/업무사례/창원상속등기비용,0.5526,0.2529,GOOD
/업무사례/대구다사상속등기,/업무사례/울산북구상속등기법무사,0.5525,0.3971,GOOD
/업무사례/대구수성구상속등기법무사,/업무사례/전북상속등기법무사,0.5525,0.2374,GOOD
/업무사례/양산상속등기필요서류,/업무사례/창원상속등기필요서류,0.5525,0.3677,GOOD
/업무사례/경북상속등기법무사,/업무사례/대구달서구상속등기법무사,0.5524,0.2,GOOD
/업무사례/김해상속등기비용,/업무사례/창원의창구상속등기법무사,0.5524,0.3537,GOOD
/업무사례/울산공장상속등기,/업무사례/울산아파트상속등기,0.5524,0.3673,GOOD
/업무사례/대구다사상속등기,/업무사례/울산중구상속등기법무사,0.5523,0.385,GOOD
/업무사례/대구시지상속등기,/업무사례/대구토지상속등기,0.5523,0.288,GOOD
/업무사례/울산토지상속등기,/업무사례/울주범서상속등기,0.5522,0.3707,GOOD
/업무사례/경북토지상속등기,/업무사례/대구시지상속등기,0.552,0.2755,GOOD
/업무사례/경기광주상속등기법무사,/업무사례/대구수성구상속등기법무사,0.5516,0.2184,GOOD
/업무사례/대구동구상속등기법무사,/업무사례/대구유증등기법무사,0.5516,0.3286,GOOD
/업무사례/대구상인동상속등기,/업무사례/칠곡상속등기법무사,0.5516,0.2376,GOOD
/업무사례/양산상속등기비용,/업무사례/양산상속등기필요서류,0.5515,0.323,GOOD
/업무사례/대구동구상속등기법무사,/업무사례/대구서구상속등기법무사,0.5513,0.4118,GOOD
/업무사례/경남여러필지토지상속,/업무사례/창원상속등기필요서류,0.551,0.28,GOOD
/업무사례/대구수성구상속등기법무사,/업무사례/포항상속등기법무사,0.551,0.2133,GOOD
/업무사례/서울상속등기법무사,/업무사례/울산남구상속등기법무사,0.551,0.221,GOOD
/업무사례/대구서구상속등기법무사,/업무사례/울주언양상속등기,0.5509,0.2963,GOOD
/업무사례/대구시지상속등기,/업무사례/울산매곡동상속등기,0.5509,0.3591,GOOD
/업무사례/대구중구상속등기법무사,/업무사례/칠곡상속등기법무사,0.5508,0.3122,GOOD
/업무사례/울산아파트상속등기,/업무사례/울산유증등기법무사,0.5507,0.401,GOOD
/업무사례/경기광주상속등기법무사,/업무사례/경기상속등기법무사,0.5506,0.3415,GOOD
/업무사례/대구상인동상속등기,/업무사례/대구유증등기법무사,0.5506,0.3427,GOOD
/업무사례/대구서구상속등기법무사,/업무사례/안동상속등기법무사,0.5505,0.4079,GOOD
/업무사례/경북토지상속등기,/업무사례/대구유증등기법무사,0.5504,0.3538,GOOD
/업무사례/대구만촌동상속등기,/업무사례/안동상속등기법무사,0.5503,0.4662,GOOD
/업무사례/울산매곡동상속등기,/업무사례/칠곡상속등기법무사,0.5503,0.2865,GOOD
/업무사례/경북조부모명의토지상속,/업무사례/대구동구상속등기법무사,0.5502,0.3532,GOOD
/업무사례/대구동구상속등기법무사,/업무사례/울산송정동상속등기,0.5501,0.4012,GOOD
/업무사례/대구상속등기필요서류,/업무사례/안동상속등기법무사,0.55,0.2462,GOOD
/업무사례/대구월성동상속등기,/업무사례/대구유증등기법무사,0.55,0.3224,GOOD
/업무사례/대전유성구상속등기법무사,/업무사례/전국상속등기법무사,0.5499,0.2216,GOOD
/업무사례/경북농지상속등기,/업무사례/경북오래된상속등기,0.5496,0.4256,GOOD
/업무사례/경북오래된상속등기,/업무사례/대구유증등기법무사,0.5494,0.3606,GOOD
/업무사례/울산매곡동상속등기,/업무사례/울산상속등기필요서류,0.5494,0.3254,GOOD
/업무사례/대구만촌동상속등기,/업무사례/대구아파트상속등기,0.5493,0.2684,GOOD
/업무사례/대구북구상속등기법무사,/업무사례/울산매곡동상속등기,0.5492,0.3118,GOOD
/업무사례/울산상속등기필요서류,/업무사례/울주삼남상속등기,0.5491,0.3301,GOOD
/업무사례/대구북구상속등기법무사,/업무사례/울산동구상속등기법무사,0.549,0.3077,GOOD
/업무사례/김해에서부산법인본점이전,/업무사례/포항에서부산법인본점이전,0.5489,0.5854,GOOD
/업무사례/양산상속등기비용,/업무사례/창원상속등기필요서류,0.5489,0.311,GOOD
/업무사례/대전유성구상속등기법무사,/업무사례/제주상속등기법무사,0.5488,0.2335,GOOD
/업무사례/울산상속등기필요서류,/업무사례/울주범서상속등기,0.5486,0.3447,GOOD
/업무사례/경남조부모명의토지상속,/업무사례/김해상속등기비용,0.5484,0.2599,GOOD
/업무사례/울산동구상속등기법무사,/업무사례/울산유증등기법무사,0.5483,0.35,GOOD
/업무사례/경산상속등기법무사,/업무사례/전국상속등기법무사,0.5482,0.2251,GOOD
/업무사례/울산토지상속등기,/업무사례/칠곡상속등기법무사,0.5482,0.25,GOOD
/업무사례/경기광주상속등기법무사,/업무사례/전북상속등기법무사,0.5481,0.318,GOOD
/업무사례/대구상속등기필요서류,/업무사례/대구월성동상속등기,0.5477,0.3238,GOOD
/업무사례/대구달성군상속등기법무사,/업무사례/울산매곡동상속등기,0.5476,0.3663,GOOD
/업무사례/울산북구상속등기법무사,/업무사례/울산아파트상속등기,0.5476,0.3744,GOOD
/업무사례/경북토지상속등기,/업무사례/대구북구상속등기법무사,0.5474,0.2525,GOOD
/업무사례/대구중구상속등기법무사,/업무사례/울산옥동상속등기,0.5474,0.3869,GOOD
/업무사례/대구다사상속등기,/업무사례/울산삼산동상속등기,0.5473,0.4918,GOOD
/업무사례/울산동구상속등기법무사,/업무사례/울산삼산동상속등기,0.5473,0.5402,GOOD
/업무사례/대구유증등기법무사,/업무사례/울산유증등기법무사,0.5472,0.351,GOOD
/업무사례/울산매곡동상속등기,/업무사례/울산유증등기법무사,0.5471,0.3463,GOOD
/업무사례/구미에서부산법인본점이전,/업무사례/울산에서부산법인본점이전,0.547,0.48,GOOD
/업무사례/대구상인동상속등기,/업무사례/대구성서상속등기,0.547,0.3548,GOOD
/업무사례/대구북구상속등기법무사,/업무사례/울산옥동상속등기,0.5469,0.3315,GOOD
/업무사례/경북조부모명의토지상속,/업무사례/대구시지상속등기,0.5468,0.2842,GOOD
/업무사례/김해법인등기법무사,/업무사례/김해에서부산법인본점이전,0.5468,0.2989,GOOD
/업무사례/대구범어동상속등기,/업무사례/대구아파트상속등기,0.5468,0.4188,GOOD
/업무사례/충남상속등기법무사,/업무사례/포항상속등기법무사,0.5468,0.4307,GOOD
/업무사례/울산달동상속등기,/업무사례/울산옥동상속등기,0.5467,0.5083,GOOD
/업무사례/고성군상속등기법무사,/업무사례/사천상속등기법무사,0.5466,0.1744,GOOD
/업무사례/울산공장상속등기,/업무사례/울산유증등기법무사,0.5466,0.3317,GOOD
/업무사례/경북토지상속등기,/업무사례/대구월성동상속등기,0.5465,0.3756,GOOD
/업무사례/대구군위군상속등기법무사,/업무사례/대구만촌동상속등기,0.5465,0.2831,GOOD
/업무사례/울주삼남상속등기,/업무사례/울주언양상속등기,0.5463,0.4526,GOOD
/업무사례/대구만촌동상속등기,/업무사례/대구시지상속등기,0.5462,0.3354,GOOD
/업무사례/부산에서양산법인본점이전,/업무사례/창원에서부산법인본점이전,0.5462,0.3882,GOOD
/업무사례/울산상속등기필요서류,/업무사례/칠곡상속등기법무사,0.5461,0.2424,GOOD
/업무사례/김해상속등기비용,/업무사례/김해상속등기필요서류,0.5459,0.3158,GOOD
/업무사례/대구서구상속등기법무사,/업무사례/울산달동상속등기,0.5459,0.3081,GOOD
/업무사례/울산송정동상속등기,/업무사례/울산아파트상속등기,0.5457,0.2935,GOOD
/업무사례/경산상속등기법무사,/업무사례/충북상속등기법무사,0.5455,0.4195,GOOD
/업무사례/대구유증등기법무사,/업무사례/대구중구상속등기법무사,0.5455,0.3654,GOOD
/업무사례/세종상속등기법무사,/업무사례/전국상속부동산일괄등기,0.5455,0.1931,GOOD
/업무사례/부산거주양산부동산상속,/업무사례/양산거주부산부동산상속,0.5454,0.3256,GOOD
/업무사례/대구동구상속등기법무사,/업무사례/대구만촌동상속등기,0.5452,0.3135,GOOD
/업무사례/안동상속등기법무사,/업무사례/영천상속등기법무사,0.545,0.1875,GOOD
/업무사례/울산유증등기법무사,/업무사례/울산토지상속등기,0.545,0.361,GOOD
/업무사례/대구달성군상속등기법무사,/업무사례/대구범어동상속등기,0.5449,0.3819,GOOD
/업무사례/울산동구상속등기법무사,/업무사례/울산상속등기필요서류,0.5448,0.3092,GOOD
/업무사례/양산상속등기비용,/업무사례/창원성산구상속등기법무사,0.5445,0.3006,GOOD
/업무사례/울산상속등기필요서류,/업무사례/울산토지상속등기,0.5444,0.3527,GOOD
/업무사례/경남오래된상속등기,/업무사례/부산거주양산부동산상속,0.5442,0.2784,GOOD
/업무사례/대구다사상속등기,/업무사례/대구만촌동상속등기,0.5441,0.2947,GOOD
/업무사례/경북임야상속등기,/업무사례/대구상인동상속등기,0.544,0.2201,GOOD
/업무사례/울산달동상속등기,/업무사례/울산상속등기비용,0.5439,0.3383,GOOD
/업무사례/경북상속등기비용,/업무사례/경북토지상속등기,0.5436,0.4337,GOOD
/업무사례/대구아파트상속등기,/업무사례/안동상속등기법무사,0.5435,0.2737,GOOD
/업무사례/대구동구상속등기법무사,/업무사례/울산아파트상속등기,0.5433,0.3553,GOOD
/업무사례/울산공장상속등기,/업무사례/울산상속등기필요서류,0.5432,0.3048,GOOD
/업무사례/경남상속등기법무사,/업무사례/대전유성구상속등기법무사,0.543,0.267,GOOD
/업무사례/울산달동상속등기,/업무사례/울산동구상속등기법무사,0.5429,0.4917,GOOD
/업무사례/경남오래된상속등기,/업무사례/경남조부모명의토지상속,0.5428,0.3214,GOOD
/업무사례/대구수성구상속등기법무사,/업무사례/세종상속등기법무사,0.5426,0.2217,GOOD
/업무사례/경북오래된상속등기,/업무사례/대구월성동상속등기,0.5425,0.3627,GOOD
/업무사례/대구북구상속등기법무사,/업무사례/울산북구상속등기법무사,0.5425,0.2923,GOOD
/업무사례/울산삼산동상속등기,/업무사례/울산아파트상속등기,0.5425,0.4127,GOOD
/업무사례/대구다사상속등기,/업무사례/울산토지상속등기,0.5424,0.3725,GOOD
/업무사례/대구달성군상속등기법무사,/업무사례/울산북구상속등기법무사,0.5424,0.4343,GOOD
/업무사례/대구월성동상속등기,/업무사례/대구토지상속등기,0.5423,0.3317,GOOD
/업무사례/경북임야상속등기,/업무사례/울산토지상속등기,0.5422,0.2562,GOOD
/업무사례/대구시지상속등기,/업무사례/울산상속등기필요서류,0.5422,0.2437,GOOD
/업무사례/경북상속등기비용,/업무사례/칠곡상속등기법무사,0.5421,0.2813,GOOD
/업무사례/대구성서상속등기,/업무사례/울산상속등기비용,0.5421,0.2737,GOOD
/업무사례/울산옥동상속등기,/업무사례/칠곡상속등기법무사,0.5421,0.291,GOOD
/업무사례/경남법무사업무,/업무사례/울산법무사업무,0.542,0.7613,GOOD
/업무사례/김해상속등기비용,/업무사례/양산거주부산부동산상속,0.5419,0.2768,GOOD
/업무사례/대구성서상속등기,/업무사례/울산북구상속등기법무사,0.5419,0.3247,GOOD
/업무사례/대구유증등기법무사,/업무사례/안동상속등기법무사,0.5419,0.2402,GOOD
/업무사례/대구서구상속등기법무사,/업무사례/울산동구상속등기법무사,0.5415,0.3077,GOOD
/업무사례/대구수성구상속등기법무사,/업무사례/서울상속등기법무사,0.5414,0.25,GOOD
/업무사례/부산에서창원법인본점이전,/업무사례/양산에서부산법인본점이전,0.5409,0.4072,GOOD
/업무사례/부산거주김해부동산상속,/업무사례/양산상속등기비용,0.5408,0.2514,GOOD
/업무사례/울산공장상속등기,/업무사례/울주범서상속등기,0.5407,0.335,GOOD
/업무사례/울산아파트상속등기,/업무사례/칠곡상속등기법무사,0.5407,0.2834,GOOD
/업무사례/대구아파트상속등기,/업무사례/울산동구상속등기법무사,0.5404,0.3711,GOOD
/업무사례/대구서구상속등기법무사,/업무사례/대구유증등기법무사,0.5403,0.2704,GOOD
/업무사례/울산유증등기법무사,/업무사례/울산중구상속등기법무사,0.5403,0.38,GOOD
/업무사례/대구다사상속등기,/업무사례/울산송정동상속등기,0.5402,0.3407,GOOD
/업무사례/울산남구상속등기법무사,/업무사례/전국상속등기법무사,0.5401,0.1888,GOOD
/업무사례/대구수성구상속등기법무사,/업무사례/전국상속등기법무사,0.54,0.2154,GOOD
/업무사례/양산상속등기필요서류,/업무사례/창원상속등기비용,0.5398,0.3168,GOOD
/업무사례/경남오래된상속등기,/업무사례/경남유증등기법무사,0.5397,0.3235,GOOD
/업무사례/대구상인동상속등기,/업무사례/대구현풍상속등기,0.5396,0.5,GOOD
/업무사례/대구서구상속등기법무사,/업무사례/울산상속등기비용,0.5396,0.2474,GOOD
/업무사례/대구성서상속등기,/업무사례/대구토지상속등기,0.5396,0.326,GOOD
/업무사례/경북상속등기법무사,/업무사례/포항상속등기법무사,0.5395,0.4244,GOOD
/업무사례/대구범어동상속등기,/업무사례/울산송정동상속등기,0.5395,0.3118,GOOD
/업무사례/창원성산구상속등기법무사,/업무사례/창원의창구상속등기법무사,0.5395,0.3544,GOOD
/업무사례/남해상속등기법무사,/업무사례/사천상속등기법무사,0.5393,0.2336,GOOD
/업무사례/울산공장상속등기,/업무사례/울산북구상속등기법무사,0.5393,0.3102,GOOD
/업무사례/전국상속등기법무사,/업무사례/제주시상속등기법무사,0.5392,0.2092,GOOD
/업무사례/경북토지상속등기,/업무사례/대구군위군상속등기법무사,0.5391,0.2784,GOOD
/업무사례/대구상속등기비용,/업무사례/칠곡상속등기법무사,0.5391,0.2718,GOOD
/업무사례/양산상속등기필요서류,/업무사례/창원의창구상속등기법무사,0.5391,0.303,GOOD
/업무사례/대구상속등기필요서류,/업무사례/대구중구상속등기법무사,0.5389,0.3349,GOOD
/업무사례/전국업무사례,/업무사례/타지역법무사의뢰,0.5389,0.1506,GOOD
/업무사례/대구만촌동상속등기,/업무사례/대구북구상속등기법무사,0.5385,0.3067,GOOD
/업무사례/경북조부모명의토지상속,/업무사례/대구월성동상속등기,0.5384,0.3206,GOOD
/업무사례/대구동구상속등기법무사,/업무사례/울산상속등기필요서류,0.5384,0.3188,GOOD
/업무사례/울산북구상속등기법무사,/업무사례/울산상속등기필요서류,0.5384,0.3902,GOOD
/업무사례/대구시지상속등기,/업무사례/울산북구상속등기법무사,0.5383,0.2893,GOOD
/업무사례/대구군위군상속등기법무사,/업무사례/울산송정동상속등기,0.5382,0.3106,GOOD
/업무사례/경남상속등기법무사,/업무사례/제주시상속등기법무사,0.5381,0.289,GOOD
/업무사례/경북상속등기비용,/업무사례/울산달동상속등기,0.538,0.3285,GOOD
/업무사례/경북토지상속등기,/업무사례/울산토지상속등기,0.538,0.3768,GOOD
/업무사례/대구남구상속등기법무사,/업무사례/울산상속등기비용,0.538,0.3433,GOOD
/업무사례/대구성서상속등기,/업무사례/울주삼남상속등기,0.5379,0.3898,GOOD
/업무사례/대구범어동상속등기,/업무사례/안동상속등기법무사,0.5378,0.2865,GOOD
/업무사례/경남공장공동근저당권,/업무사례/부산김해양산공동근저당권,0.5376,0.4074,GOOD
/업무사례/경북상속등기비용,/업무사례/경북임야상속등기,0.5375,0.2872,GOOD
/업무사례/대구다사상속등기,/업무사례/울주언양상속등기,0.5375,0.4184,GOOD
/업무사례/안동상속등기법무사,/업무사례/울산삼산동상속등기,0.5374,0.2449,GOOD
/업무사례/대구동구상속등기법무사,/업무사례/울산중구상속등기법무사,0.5373,0.3838,GOOD
/업무사례/경북상속등기비용,/업무사례/울주언양상속등기,0.5371,0.3238,GOOD
/업무사례/대구상속등기비용,/업무사례/울주언양상속등기,0.5371,0.3146,GOOD
/업무사례/울산옥동상속등기,/업무사례/울주언양상속등기,0.5371,0.4227,GOOD
/업무사례/울주범서상속등기,/업무사례/울주언양상속등기,0.5371,0.4456,GOOD
/업무사례/경북농지상속등기,/업무사례/대구월성동상속등기,0.5369,0.4555,GOOD
/업무사례/경북상속등기필요서류,/업무사례/대구남구상속등기법무사,0.5369,0.3431,GOOD
/업무사례/경북상속등기법무사,/업무사례/경산상속등기법무사,0.5368,0.4175,GOOD
/업무사례/김해에서부산법인본점이전,/업무사례/양산에서부산법인본점이전,0.5368,0.4528,GOOD
/업무사례/울산매곡동상속등기,/업무사례/울산중구상속등기법무사,0.5368,0.3627,GOOD
/업무사례/울산상속등기법무사,/업무사례/포항상속등기법무사,0.5367,0.3317,GOOD
/업무사례/대구동구상속등기법무사,/업무사례/울산달동상속등기,0.5366,0.4468,GOOD
/업무사례/대구남구상속등기법무사,/업무사례/대구상속등기필요서류,0.5365,0.3645,GOOD
/업무사례/경기상속등기법무사,/업무사례/대전서구상속등기법무사,0.5364,0.3645,GOOD
/업무사례/경북조부모명의토지상속,/업무사례/대구유증등기법무사,0.5364,0.2949,GOOD
/업무사례/양산에서부산법인본점이전,/업무사례/창원법인등기법무사,0.5364,0.3605,GOOD
/업무사례/울산북구상속등기법무사,/업무사례/칠곡상속등기법무사,0.5363,0.275,GOOD
/업무사례/대구북구상속등기법무사,/업무사례/울산상속등기필요서류,0.5362,0.2335,GOOD
/업무사례/대구달성군상속등기법무사,/업무사례/울산상속등기필요서류,0.5361,0.3614,GOOD
/업무사례/경기상속등기법무사,/업무사례/제주시상속등기법무사,0.5359,0.2447,GOOD
/업무사례/대구동구상속등기법무사,/업무사례/대구상속등기비용,0.5359,0.3547,GOOD
/업무사례/대구상인동상속등기,/업무사례/울산삼산동상속등기,0.5357,0.3128,GOOD
/업무사례/울산상속등기비용,/업무사례/울산상속등기필요서류,0.5356,0.3568,GOOD
/업무사례/대구남구상속등기법무사,/업무사례/대구상인동상속등기,0.5355,0.393,GOOD
/업무사례/대구시지상속등기,/업무사례/울산유증등기법무사,0.5355,0.2708,GOOD
/업무사례/대구상속등기비용,/업무사례/울산송정동상속등기,0.5354,0.2239,GOOD
/업무사례/대구아파트상속등기,/업무사례/울산옥동상속등기,0.5354,0.3518,GOOD
/경남재단법인설립,/창원비영리법인설립,0.5353,0.6442,GOOD
/업무사례/경북상속등기법무사,/업무사례/광주상속등기법무사,0.5352,0.716,GOOD
/업무사례/안동상속등기법무사,/업무사례/울산옥동상속등기,0.5352,0.2564,GOOD
/업무사례/울산매곡동상속등기,/업무사례/울주언양상속등기,0.5352,0.402,GOOD
/업무사례/경남유증등기법무사,/업무사례/창원의창구상속등기법무사,0.5351,0.3494,GOOD
/업무사례/경북농지상속등기,/업무사례/울산송정동상속등기,0.5351,0.2437,GOOD
/업무사례/경북상속등기비용,/업무사례/울산삼산동상속등기,0.5351,0.3515,GOOD
/업무사례/경남유증등기법무사,/업무사례/양산상속등기필요서류,0.535,0.2882,GOOD
/업무사례/대구군위군상속등기법무사,/업무사례/울산달동상속등기,0.535,0.2737,GOOD
/업무사례/대구상인동상속등기,/업무사례/울산아파트상속등기,0.535,0.2986,GOOD
/업무사례/경북임야상속등기,/업무사례/대구성서상속등기,0.5347,0.3274,GOOD
/업무사례/강원상속등기법무사,/업무사례/제주시상속등기법무사,0.5346,0.2526,GOOD
/업무사례/김해거주부산부동산상속,/업무사례/창원의창구상속등기법무사,0.5346,0.3314,GOOD
/업무사례/울산달동상속등기,/업무사례/울산매곡동상속등기,0.5346,0.4681,GOOD
/업무사례/울산동구상속등기법무사,/업무사례/울산송정동상속등기,0.5346,0.358,GOOD
/업무사례/경북상속등기비용,/업무사례/대구동구상속등기법무사,0.5345,0.365,GOOD
/업무사례/대구상속등기필요서류,/업무사례/울산옥동상속등기,0.5345,0.3095,GOOD
/업무사례/대구만촌동상속등기,/업무사례/울산송정동상속등기,0.5344,0.237,GOOD
/업무사례/경북상속등기법무사,/업무사례/대전서구상속등기법무사,0.5341,0.3442,GOOD
/업무사례/경기상속등기법무사,/업무사례/충북상속등기법무사,0.534,0.546,GOOD
/업무사례/대구만촌동상속등기,/업무사례/울산달동상속등기,0.534,0.2312,GOOD
/업무사례/대구상속등기비용,/업무사례/울산상속등기필요서류,0.534,0.3561,GOOD
/업무사례/대구성서상속등기,/업무사례/울산매곡동상속등기,0.534,0.3757,GOOD
/업무사례/대구다사상속등기,/업무사례/울산공장상속등기,0.5339,0.311,GOOD
/업무사례/대구상속등기비용,/업무사례/대구아파트상속등기,0.5339,0.3788,GOOD
/업무사례/대구아파트상속등기,/업무사례/울주범서상속등기,0.5339,0.3532,GOOD
/업무사례/대구북구상속등기법무사,/업무사례/울산중구상속등기법무사,0.5337,0.2775,GOOD
/업무사례/대구성서상속등기,/업무사례/울산동구상속등기법무사,0.5337,0.3279,GOOD
/업무사례/대구남구상속등기법무사,/업무사례/대구중구상속등기법무사,0.5335,0.5531,GOOD
/업무사례/대구범어동상속등기,/업무사례/울산달동상속등기,0.5334,0.3682,GOOD
/업무사례/김해법인등기법무사,/업무사례/부산에서김해법인본점이전,0.5333,0.3103,GOOD
/업무사례/경북임야상속등기,/업무사례/대구중구상속등기법무사,0.5332,0.2463,GOOD
/업무사례/대구성서상속등기,/업무사례/울산옥동상속등기,0.533,0.3898,GOOD
/업무사례/경북농지상속등기,/업무사례/대구동구상속등기법무사,0.5327,0.4346,GOOD
/업무사례/대구아파트상속등기,/업무사례/대구현풍상속등기,0.5327,0.3869,GOOD
/업무사례/울산상속등기법무사,/업무사례/전국상속부동산일괄등기,0.5326,0.2146,GOOD
/업무사례/경북농지상속등기,/업무사례/울주언양상속등기,0.5325,0.3349,GOOD
/업무사례/경북농지상속등기,/업무사례/경북조부모명의토지상속,0.5324,0.3869,GOOD
/업무사례/부산거주양산부동산상속,/업무사례/창원의창구상속등기법무사,0.5324,0.3023,GOOD
/업무사례/경남상속등기비용,/업무사례/부산거주김해부동산상속,0.5323,0.2157,GOOD
/업무사례/경북조부모명의토지상속,/업무사례/울산상속등기필요서류,0.5323,0.2791,GOOD
/업무사례/대구북구상속등기법무사,/업무사례/대구상속등기비용,0.5323,0.25,GOOD
/업무사례/경남여러필지토지상속,/업무사례/경남오래된상속등기,0.5322,0.3179,GOOD
/업무사례/경북임야상속등기,/업무사례/대구남구상속등기법무사,0.5322,0.3005,GOOD
/업무사례/대구다사상속등기,/업무사례/영천상속등기법무사,0.5322,0.1346,GOOD
/업무사례/대구만촌동상속등기,/업무사례/칠곡상속등기법무사,0.5322,0.3091,GOOD
/업무사례/경남법인등기법무사,/업무사례/김해에서부산법인본점이전,0.5321,0.2512,GOOD
/업무사례/울산유증등기법무사,/업무사례/칠곡상속등기법무사,0.5321,0.276,GOOD
/업무사례/경남유증등기법무사,/업무사례/김해거주부산부동산상속,0.532,0.3239,GOOD
/업무사례/대구다사상속등기,/업무사례/대구상속등기비용,0.5319,0.3695,GOOD
/업무사례/대구상속등기필요서류,/업무사례/대구성서상속등기,0.5317,0.2769,GOOD
/업무사례/울산송정동상속등기,/업무사례/울주삼남상속등기,0.5316,0.3224,GOOD
/업무사례/경북조부모명의토지상속,/업무사례/대구현풍상속등기,0.5315,0.3333,GOOD
/업무사례/대구아파트상속등기,/업무사례/울주삼남상속등기,0.5315,0.3518,GOOD
/업무사례/창원상속등기비용,/업무사례/창원상속등기필요서류,0.5315,0.321,GOOD
/업무사례/대구남구상속등기법무사,/업무사례/안동상속등기법무사,0.5314,0.3571,GOOD
/업무사례/부산거주양산부동산상속,/업무사례/양산상속등기비용,0.5314,0.2832,GOOD
/업무사례/울산공장상속등기,/업무사례/울산동구상속등기법무사,0.5314,0.3251,GOOD
/업무사례/대구달성군상속등기법무사,/업무사례/울산공장상속등기,0.5313,0.3188,GOOD
/업무사례/대구상인동상속등기,/업무사례/대구토지상속등기,0.5313,0.283,GOOD
/업무사례/대전유성구상속등기법무사,/업무사례/서울상속등기법무사,0.5312,0.257,GOOD
/업무사례/울산상속등기필요서류,/업무사례/울산중구상속등기법무사,0.5311,0.3781,GOOD
/업무사례/경북상속등기비용,/업무사례/경북오래된상속등기,0.531,0.392,GOOD
/업무사례/대구상속등기비용,/업무사례/대구유증등기법무사,0.5309,0.372,GOOD
/업무사례/대구중구상속등기법무사,/업무사례/울산동구상속등기법무사,0.5309,0.3448,GOOD
/업무사례/대구상속등기비용,/업무사례/울산삼산동상속등기,0.5308,0.3415,GOOD
/업무사례/경북상속등기비용,/업무사례/대구토지상속등기,0.5307,0.34,GOOD
/업무사례/경북상속등기필요서류,/업무사례/대구중구상속등기법무사,0.5307,0.3143,GOOD
/업무사례/대구서구상속등기법무사,/업무사례/울산중구상속등기법무사,0.5307,0.2775,GOOD
/업무사례/경북농지상속등기,/업무사례/울산달동상속등기,0.5305,0.3463,GOOD
/업무사례/강원상속등기법무사,/업무사례/대구달서구상속등기법무사,0.5304,0.203,GOOD
/업무사례/경북상속등기비용,/업무사례/대구다사상속등기,0.5304,0.3939,GOOD
/업무사례/울산중구상속등기법무사,/업무사례/울산토지상속등기,0.5304,0.3842,GOOD
/업무사례/경북조부모명의토지상속,/업무사례/울산토지상속등기,0.5302,0.3099,GOOD
/업무사례/경기광주상속등기법무사,/업무사례/제주시상속등기법무사,0.5301,0.2244,GOOD
/업무사례/김해거주부산부동산상속,/업무사례/부산거주김해부동산상속,0.5301,0.2707,GOOD
/업무사례/대구군위군상속등기법무사,/업무사례/대구동구상속등기법무사,0.5301,0.3333,GOOD
/업무사례/대구성서상속등기,/업무사례/울주범서상속등기,0.5301,0.3757,GOOD
/업무사례/대전서구상속등기법무사,/업무사례/충남상속등기법무사,0.53,0.3491,GOOD
/업무사례/경남유증등기법무사,/업무사례/창원상속등기비용,0.5299,0.2701,GOOD
/업무사례/울산송정동상속등기,/업무사례/칠곡상속등기법무사,0.5299,0.3631,GOOD
/업무사례/경남상속등기비용,/업무사례/양산상속등기필요서류,0.5297,0.267,GOOD
/업무사례/경북오래된상속등기,/업무사례/대구현풍상속등기,0.5297,0.3824,GOOD
/업무사례/경북상속등기비용,/업무사례/울산상속등기필요서류,0.5296,0.3731,GOOD
/업무사례/경북상속등기비용,/업무사례/울산송정동상속등기,0.5296,0.2323,GOOD
/업무사례/울산송정동상속등기,/업무사례/울주범서상속등기,0.5296,0.3172,GOOD
/업무사례/경북오래된상속등기,/업무사례/대구성서상속등기,0.5295,0.3387,GOOD
/업무사례/대구시지상속등기,/업무사례/울산중구상속등기법무사,0.5295,0.2746,GOOD
/업무사례/울산공장상속등기,/업무사례/칠곡상속등기법무사,0.5295,0.2708,GOOD
/업무사례/대구서구상속등기법무사,/업무사례/울산북구상속등기법무사,0.5294,0.2923,GOOD
/업무사례/대구성서상속등기,/업무사례/대구유증등기법무사,0.5294,0.2764,GOOD
/업무사례/창원상속등기필요서류,/업무사례/창원의창구상속등기법무사,0.5294,0.3072,GOOD
/업무사례/대구동구상속등기법무사,/업무사례/울산공장상속등기,0.5293,0.3092,GOOD
/업무사례/경기광주상속등기법무사,/업무사례/전국상속등기법무사,0.5292,0.2087,GOOD
/업무사례/김해상속등기비용,/업무사례/창원성산구상속등기법무사,0.5292,0.2857,GOOD
/업무사례/대구다사상속등기,/업무사례/울산유증등기법무사,0.5292,0.348,GOOD
/업무사례/경북상속등기필요서류,/업무사례/대구성서상속등기,0.5291,0.288,GOOD
/업무사례/대구범어동상속등기,/업무사례/대구북구상속등기법무사,0.5291,0.3135,GOOD
/업무사례/대구현풍상속등기,/업무사례/울산상속등기비용,0.5291,0.3158,GOOD
/업무사례/대구중구상속등기법무사,/업무사례/울산북구상속등기법무사,0.5289,0.435,GOOD
/업무사례/경북임야상속등기,/업무사례/울주범서상속등기,0.5288,0.2537,GOOD
/업무사례/대구성서상속등기,/업무사례/울산아파트상속등기,0.5287,0.3297,GOOD
/업무사례/대구유증등기법무사,/업무사례/울산동구상속등기법무사,0.5287,0.2884,GOOD
/업무사례/대구월성동상속등기,/업무사례/울산중구상속등기법무사,0.5285,0.3175,GOOD
/업무사례/전국상속부동산일괄등기,/업무사례/충북상속등기법무사,0.5285,0.2009,GOOD
/업무사례/대구상인동상속등기,/업무사례/울주삼남상속등기,0.5282,0.3113,GOOD
/업무사례/경북임야상속등기,/업무사례/울산공장상속등기,0.528,0.245,GOOD
/업무사례/대구상속등기필요서류,/업무사례/울산동구상속등기법무사,0.528,0.3204,GOOD
/업무사례/경북상속등기필요서류,/업무사례/대구현풍상속등기,0.5279,0.3099,GOOD
/업무사례/대구월성동상속등기,/업무사례/울산삼산동상속등기,0.5278,0.3632,GOOD
/업무사례/대구아파트상속등기,/업무사례/울산송정동상속등기,0.5276,0.2713,GOOD
/업무사례/대구시지상속등기,/업무사례/울산삼산동상속등기,0.5274,0.337,GOOD
/업무사례/부산에서김해법인본점이전,/업무사례/창원에서부산법인본점이전,0.5273,0.3869,GOOD
/업무사례/울산상속등기비용,/업무사례/울주언양상속등기,0.5273,0.3268,GOOD
/업무사례/경북오래된상속등기,/업무사례/대구남구상속등기법무사,0.5272,0.4061,GOOD
/업무사례/경북조부모명의토지상속,/업무사례/대구상속등기비용,0.527,0.3317,GOOD
/업무사례/경남유증등기법무사,/업무사례/양산상속등기비용,0.5268,0.2832,GOOD
/업무사례/대구북구상속등기법무사,/업무사례/울산토지상속등기,0.5268,0.2602,GOOD
/업무사례/울산송정동상속등기,/업무사례/울산옥동상속등기,0.5268,0.3152,GOOD
/업무사례/영천상속등기법무사,/업무사례/칠곡상속등기법무사,0.5266,0.1778,GOOD
/업무사례/대구상속등기비용,/업무사례/대구토지상속등기,0.5264,0.3568,GOOD
/업무사례/경남오래된상속등기,/업무사례/김해상속등기비용,0.5263,0.2816,GOOD
/업무사례/대구상인동상속등기,/업무사례/울주범서상속등기,0.5263,0.3131,GOOD
/업무사례/경북농지상속등기,/업무사례/울산삼산동상속등기,0.5262,0.37,GOOD
/업무사례/안동상속등기법무사,/업무사례/울산상속등기필요서류,0.5262,0.2538,GOOD
/업무사례/대구동구상속등기법무사,/업무사례/울산유증등기법무사,0.5261,0.3532,GOOD
/업무사례/경기광주상속등기법무사,/업무사례/서울상속등기법무사,0.5258,0.3571,GOOD
/업무사례/경북농지상속등기,/업무사례/울산상속등기비용,0.5257,0.3483,GOOD
/업무사례/김해상속등기필요서류,/업무사례/창원의창구상속등기법무사,0.5257,0.2984,GOOD
/업무사례/경북오래된상속등기,/업무사례/울산토지상속등기,0.5256,0.3381,GOOD
/업무사례/경북임야상속등기,/업무사례/울산매곡동상속등기,0.5256,0.2475,GOOD
/업무사례/대구범어동상속등기,/업무사례/대구상속등기비용,0.5256,0.3113,GOOD
/업무사례/안동상속등기법무사,/업무사례/울산토지상속등기,0.5255,0.2613,GOOD
/업무사례/경북토지상속등기,/업무사례/대구남구상속등기법무사,0.5253,0.4121,GOOD
/업무사례/경북상속등기비용,/업무사례/대구아파트상속등기,0.5252,0.355,GOOD
/업무사례/대구달성군상속등기법무사,/업무사례/울산유증등기법무사,0.5252,0.3564,GOOD
/업무사례/경남오래된상속등기,/업무사례/창원의창구상속등기법무사,0.5251,0.3155,GOOD
/업무사례/대구중구상속등기법무사,/업무사례/대구토지상속등기,0.5251,0.3043,GOOD
/업무사례/경북상속등기비용,/업무사례/대구북구상속등기법무사,0.525,0.2591,GOOD
/업무사례/경남유증등기법무사,/업무사례/양산거주부산부동산상속,0.5249,0.2881,GOOD
/업무사례/경북상속등기비용,/업무사례/대구달성군상속등기법무사,0.5249,0.3682,GOOD
/업무사례/김해상속등기필요서류,/업무사례/창원상속등기비용,0.5249,0.2564,GOOD
/업무사례/대구토지상속등기,/업무사례/울주범서상속등기,0.5249,0.3058,GOOD
/업무사례/경북농지상속등기,/업무사례/대구북구상속등기법무사,0.5247,0.2642,GOOD
/업무사례/대구동구상속등기법무사,/업무사례/울산북구상속등기법무사,0.5246,0.3892,GOOD
/업무사례/대구유증등기법무사,/업무사례/울산상속등기필요서류,0.5246,0.3623,GOOD
/업무사례/경남상속등기법무사,/업무사례/대전서구상속등기법무사,0.5244,0.33,GOOD
/업무사례/울주언양상속등기,/업무사례/칠곡상속등기법무사,0.5244,0.2984,GOOD
/업무사례/대구다사상속등기,/업무사례/울산상속등기필요서류,0.5242,0.3463,GOOD
/업무사례/대구중구상속등기법무사,/업무사례/울산매곡동상속등기,0.5242,0.361,GOOD
/업무사례/대구군위군상속등기법무사,/업무사례/대구범어동상속등기,0.5241,0.2526,GOOD
/업무사례/대구군위군상속등기법무사,/업무사례/대구시지상속등기,0.5236,0.3677,GOOD
/업무사례/대구서구상속등기법무사,/업무사례/울산옥동상속등기,0.5235,0.3315,GOOD
/업무사례/경남조부모명의토지상속,/업무사례/김해상속등기필요서류,0.5234,0.2513,GOOD
/업무사례/대구아파트상속등기,/업무사례/울산매곡동상속등기,0.5234,0.3399,GOOD
/업무사례/경북토지상속등기,/업무사례/대구성서상속등기,0.5233,0.3109,GOOD
/업무사례/대구상속등기필요서류,/업무사례/울산유증등기법무사,0.5233,0.3206,GOOD
/업무사례/경남상속등기비용,/업무사례/경남오래된상속등기,0.523,0.285,GOOD
/업무사례/경북농지상속등기,/업무사례/경북상속등기필요서류,0.523,0.3682,GOOD
/업무사례/대구북구상속등기법무사,/업무사례/영천상속등기법무사,0.5229,0.1644,GOOD
/업무사례/경북조부모명의토지상속,/업무사례/대구군위군상속등기법무사,0.5227,0.267,GOOD
/업무사례/대구월성동상속등기,/업무사례/울산아파트상속등기,0.5227,0.3155,GOOD
/업무사례/대구유증등기법무사,/업무사례/울주삼남상속등기,0.5227,0.2903,GOOD
/업무사례/창원상속등기필요서류,/업무사례/창원성산구상속등기법무사,0.5227,0.2866,GOOD
/업무사례/경남유증등기법무사,/업무사례/부산거주양산부동산상속,0.5226,0.2809,GOOD
/업무사례/경북농지상속등기,/업무사례/대구상속등기필요서류,0.5226,0.3762,GOOD
/업무사례/대구아파트상속등기,/업무사례/울산토지상속등기,0.5226,0.3221,GOOD
/업무사례/울산송정동상속등기,/업무사례/창원상속등기비용,0.5226,0.2754,GOOD
/업무사례/경남유증등기법무사,/업무사례/창원성산구상속등기법무사,0.5225,0.2899,GOOD
/업무사례/경북오래된상속등기,/업무사례/울산아파트상속등기,0.5224,0.322,GOOD
/업무사례/대구월성동상속등기,/업무사례/울산매곡동상속등기,0.5224,0.3238,GOOD
/업무사례/경북상속등기비용,/업무사례/안동상속등기법무사,0.5223,0.2475,GOOD
/업무사례/경북상속등기필요서류,/업무사례/울산유증등기법무사,0.5223,0.2877,GOOD
/업무사례/대구군위군상속등기법무사,/업무사례/울산삼산동상속등기,0.5223,0.2565,GOOD
/업무사례/양산상속등기비용,/업무사례/울산송정동상속등기,0.5223,0.2892,GOOD
/업무사례/울산공장상속등기,/업무사례/울산중구상속등기법무사,0.5223,0.3095,GOOD
/업무사례/경남상속등기비용,/업무사례/김해상속등기필요서류,0.5222,0.375,GOOD
/업무사례/경북임야상속등기,/업무사례/울주삼남상속등기,0.5221,0.2513,GOOD
/업무사례/대구달성군상속등기법무사,/업무사례/대구상속등기비용,0.5221,0.3512,GOOD
/업무사례/대구서구상속등기법무사,/업무사례/울산아파트상속등기,0.5221,0.2811,GOOD
/업무사례/대구현풍상속등기,/업무사례/울주삼남상속등기,0.5221,0.402,GOOD
/업무사례/경북상속등기필요서류,/업무사례/울산옥동상속등기,0.522,0.3077,GOOD
/업무사례/대구현풍상속등기,/업무사례/울산토지상속등기,0.522,0.3835,GOOD
/업무사례/울주군상속등기법무사,/업무사례/전국상속부동산일괄등기,0.522,0.1941,GOOD
/업무사례/양산거주부산부동산상속,/업무사례/양산상속등기필요서류,0.5219,0.2807,GOOD
/업무사례/경북상속등기법무사,/업무사례/대전유성구상속등기법무사,0.5216,0.2424,GOOD
/업무사례/경북임야상속등기,/업무사례/울산옥동상속등기,0.5216,0.2513,GOOD
/업무사례/대구만촌동상속등기,/업무사례/울주언양상속등기,0.5216,0.2217,GOOD
/업무사례/대구상속등기필요서류,/업무사례/울산아파트상속등기,0.5216,0.2844,GOOD
/업무사례/대구시지상속등기,/업무사례/울산공장상속등기,0.5215,0.2723,GOOD
/업무사례/경남상속등기비용,/업무사례/경남유증등기법무사,0.5214,0.3211,GOOD
/업무사례/경남오래된상속등기,/업무사례/창원상속등기비용,0.5214,0.2824,GOOD
/업무사례/서울상속등기법무사,/업무사례/전국상속등기법무사,0.5214,0.2537,GOOD
/업무사례/전국상속부동산일괄등기,/업무사례/제주시상속등기법무사,0.5214,0.206,GOOD
/업무사례/대구중구상속등기법무사,/업무사례/영천상속등기법무사,0.5211,0.1467,GOOD
/업무사례/경북임야상속등기,/업무사례/울산동구상속등기법무사,0.521,0.2615,GOOD
/업무사례/대구성서상속등기,/업무사례/창원의창구상속등기법무사,0.5209,0.3836,GOOD
/업무사례/경남여러필지토지상속,/업무사례/양산상속등기비용,0.5208,0.2857,GOOD
/업무사례/대구유증등기법무사,/업무사례/울산아파트상속등기,0.5208,0.2778,GOOD
/업무사례/대구유증등기법무사,/업무사례/울주범서상속등기,0.5208,0.2922,GOOD
/업무사례/대구상속등기필요서류,/업무사례/대구상인동상속등기,0.5207,0.289,GOOD
/업무사례/부산에서울산법인본점이전,/업무사례/울산에서부산법인본점이전,0.5204,0.2741,GOOD
/업무사례/양산상속등기비용,/업무사례/울산상속등기비용,0.5202,0.3793,GOOD
/업무사례/경북농지상속등기,/업무사례/울산토지상속등기,0.5201,0.3641,GOOD
/업무사례/김해거주부산부동산상속,/업무사례/김해상속등기비용,0.5201,0.3051,GOOD
/업무사례/전국비대면법무사,/업무사례/전국업무사례,0.5201,0.4308,GOOD
/업무사례/대구범어동상속등기,/업무사례/울산아파트상속등기,0.52,0.3235,GOOD
/업무사례/경북농지상속등기,/업무사례/대구중구상속등기법무사,0.5199,0.4381,GOOD
/업무사례/경북상속등기비용,/업무사례/대구범어동상속등기,0.5199,0.3143,GOOD
/업무사례/울산북구상속등기법무사,/업무사례/울산송정동상속등기,0.5199,0.265,GOOD
/업무사례/안동상속등기법무사,/업무사례/울산북구상속등기법무사,0.5198,0.2736,GOOD
/업무사례/대구시지상속등기,/업무사례/울산토지상속등기,0.5197,0.2835,GOOD
/업무사례/경북상속등기필요서류,/업무사례/울주삼남상속등기,0.5196,0.3077,GOOD
/업무사례/양산거주부산부동산상속,/업무사례/창원성산구상속등기법무사,0.5195,0.2749,GOOD
/업무사례/경남오래된상속등기,/업무사례/양산거주부산부동산상속,0.5194,0.2857,GOOD
/업무사례/대구상인동상속등기,/업무사례/울산중구상속등기법무사,0.5194,0.4121,GOOD
/업무사례/대구상속등기필요서류,/업무사례/대구서구상속등기법무사,0.5193,0.2449,GOOD
/업무사례/안동상속등기법무사,/업무사례/울산매곡동상속등기,0.5193,0.2525,GOOD
/업무사례/대구토지상속등기,/업무사례/울산옥동상속등기,0.5192,0.3103,GOOD
/업무사례/울산매곡동상속등기,/업무사례/울산삼산동상속등기,0.5192,0.4346,GOOD
/업무사례/대구동구상속등기법무사,/업무사례/울산토지상속등기,0.5191,0.3578,GOOD
/업무사례/경북농지상속등기,/업무사례/대구시지상속등기,0.519,0.2947,GOOD
/업무사례/울산달동상속등기,/업무사례/울산상속등기필요서류,0.519,0.348,GOOD
/업무사례/대구아파트상속등기,/업무사례/울산상속등기필요서류,0.5189,0.3029,GOOD
/업무사례/경북임야상속등기,/업무사례/울산아파트상속등기,0.5188,0.2564,GOOD
/업무사례/경주오래된토지상속등기,/업무사례/대구현풍상속등기,0.5188,0.1494,GOOD
/업무사례/대구현풍상속등기,/업무사례/울주범서상속등기,0.5188,0.4242,GOOD
/업무사례/울산북구상속등기법무사,/업무사례/울주언양상속등기,0.5188,0.3932,GOOD
/업무사례/경북오래된상속등기,/업무사례/대구서구상속등기법무사,0.5187,0.3333,GOOD
/업무사례/김해상속등기필요서류,/업무사례/울산상속등기필요서류,0.5187,0.4603,GOOD
/업무사례/대구범어동상속등기,/업무사례/칠곡상속등기법무사,0.5187,0.3155,GOOD
/업무사례/경주오래된토지상속등기,/업무사례/대구성서상속등기,0.5185,0.1659,GOOD
/업무사례/대구남구상속등기법무사,/업무사례/울산동구상속등기법무사,0.5185,0.4188,GOOD
/업무사례/안동상속등기법무사,/업무사례/울산유증등기법무사,0.5185,0.2487,GOOD
/업무사례/경북상속등기비용,/업무사례/양산상속등기비용,0.5184,0.337,GOOD
/업무사례/경북오래된상속등기,/업무사례/대구중구상속등기법무사,0.5184,0.3413,GOOD
/업무사례/대구남구상속등기법무사,/업무사례/대구유증등기법무사,0.5184,0.3493,GOOD
/업무사례/대구성서상속등기,/업무사례/창원성산구상속등기법무사,0.5184,0.3718,GOOD
/업무사례/대구남구상속등기법무사,/업무사례/대구토지상속등기,0.5183,0.3604,GOOD
/업무사례/대구토지상속등기,/업무사례/울주삼남상속등기,0.5183,0.3103,GOOD
/업무사례/경남여러필지토지상속,/업무사례/창원상속등기비용,0.5182,0.2727,GOOD
/업무사례/대구다사상속등기,/업무사례/울산달동상속등기,0.5182,0.4249,GOOD
/업무사례/김해거주부산부동산상속,/업무사례/창원상속등기비용,0.5181,0.2626,GOOD
/업무사례/경북임야상속등기,/업무사례/대구서구상속등기법무사,0.5179,0.3133,GOOD
/업무사례/경북상속등기필요서류,/업무사례/울주범서상속등기,0.5177,0.3033,GOOD
/업무사례/경북토지상속등기,/업무사례/울주범서상속등기,0.5177,0.3178,GOOD
/업무사례/대구상속등기필요서류,/업무사례/울산상속등기비용,0.5177,0.3483,GOOD
/업무사례/대전유성구상속등기법무사,/업무사례/전국상속부동산일괄등기,0.5177,0.2183,GOOD
/업무사례/경북조부모명의토지상속,/업무사례/대구상인동상속등기,0.5176,0.2798,GOOD
/업무사례/대구토지상속등기,/업무사례/울산매곡동상속등기,0.5176,0.3058,GOOD
/업무사례/경북상속등기필요서류,/업무사례/울산매곡동상속등기,0.5175,0.3033,GOOD
/업무사례/대구성서상속등기,/업무사례/안동오래된토지상속등기,0.5175,0.1579,GOOD
/업무사례/대구월성동상속등기,/업무사례/울주삼남상속등기,0.5174,0.3221,GOOD
/업무사례/대구현풍상속등기,/업무사례/울산옥동상속등기,0.5174,0.4162,GOOD
/업무사례/경남유증등기법무사,/업무사례/김해상속등기필요서류,0.5173,0.299,GOOD
/업무사례/대구범어동상속등기,/업무사례/울산중구상속등기법무사,0.5173,0.2944,GOOD
/업무사례/대구서구상속등기법무사,/업무사례/창원의창구상속등기법무사,0.5173,0.2952,GOOD
/업무사례/대구시지상속등기,/업무사례/울산달동상속등기,0.5173,0.3481,GOOD
/업무사례/김해상속등기비용,/업무사례/대구북구상속등기법무사,0.517,0.2917,GOOD
/업무사례/대구유증등기법무사,/업무사례/울산토지상속등기,0.5169,0.318,GOOD
/업무사례/경북상속등기필요서류,/업무사례/대구상인동상속등기,0.5168,0.2694,GOOD
/업무사례/경북토지상속등기,/업무사례/대구상인동상속등기,0.5168,0.3194,GOOD
/업무사례/대구북구상속등기법무사,/업무사례/울산유증등기법무사,0.5168,0.2604,GOOD
/업무사례/경북상속등기필요서류,/업무사례/울산상속등기비용,0.5167,0.34,GOOD
/업무사례/경북오래된상속등기,/업무사례/대구군위군상속등기법무사,0.5167,0.2577,GOOD
/업무사례/울산삼산동상속등기,/업무사례/울산옥동상속등기,0.5167,0.4492,GOOD
/업무사례/전국상속부동산일괄등기,/업무사례/포항상속등기법무사,0.5167,0.1917,GOOD
/업무사례/경북토지상속등기,/업무사례/대구중구상속등기법무사,0.5165,0.3541,GOOD
/업무사례/김해거주부산부동산상속,/업무사례/양산상속등기비용,0.5164,0.2682,GOOD
/업무사례/김해상속등기비용,/업무사례/부산거주양산부동산상속,0.5164,0.2914,GOOD
/업무사례/대구군위군상속등기법무사,/업무사례/대구유증등기법무사,0.5164,0.2266,GOOD
/업무사례/대구현풍상속등기,/업무사례/안동오래된토지상속등기,0.5164,0.1423,GOOD
/업무사례/강원상속등기법무사,/업무사례/서울상속등기법무사,0.5163,0.4413,GOOD
/업무사례/대구달성군상속등기법무사,/업무사례/울주언양상속등기,0.5163,0.399,GOOD
/업무사례/대구상인동상속등기,/업무사례/울산옥동상속등기,0.5163,0.3175,GOOD
/업무사례/대구현풍상속등기,/업무사례/울산중구상속등기법무사,0.5162,0.4688,GOOD
/업무사례/대구수성구상속등기법무사,/업무사례/전국상속부동산일괄등기,0.5161,0.2183,GOOD
/업무사례/울산유증등기법무사,/업무사례/울주언양상속등기,0.5161,0.3781,GOOD
/업무사례/경북조부모명의토지상속,/업무사례/대구중구상속등기법무사,0.516,0.3128,GOOD
/업무사례/대구상속등기필요서류,/업무사례/대구현풍상속등기,0.516,0.3302,GOOD
/업무사례/대구수성구상속등기법무사,/업무사례/울산상속등기법무사,0.516,0.2586,GOOD
/업무사례/경북농지상속등기,/업무사례/대구상인동상속등기,0.5159,0.398,GOOD
/업무사례/경북임야상속등기,/업무사례/대구상속등기비용,0.5159,0.2587,GOOD
/업무사례/대구아파트상속등기,/업무사례/울산공장상속등기,0.5159,0.3122,GOOD
/업무사례/경남여러필지토지상속,/업무사례/김해상속등기필요서류,0.5158,0.2879,GOOD
/업무사례/경북오래된상속등기,/업무사례/대구상인동상속등기,0.5158,0.3009,GOOD
/업무사례/경북오래된상속등기,/업무사례/울주삼남상속등기,0.5158,0.335,GOOD
/업무사례/김해상속등기비용,/업무사례/부산거주김해부동산상속,0.5158,0.2458,GOOD
/업무사례/대구동구상속등기법무사,/업무사례/울주언양상속등기,0.5158,0.4175,GOOD
/업무사례/대구북구상속등기법무사,/업무사례/울산공장상속등기,0.5158,0.2487,GOOD
/업무사례/울산아파트상속등기,/업무사례/울주언양상속등기,0.5158,0.4241,GOOD
/업무사례/강원상속등기법무사,/업무사례/대전서구상속등기법무사,0.5157,0.3491,GOOD
/업무사례/경북상속등기필요서류,/업무사례/울산동구상속등기법무사,0.5157,0.3317,GOOD
/업무사례/대구현풍상속등기,/업무사례/울산매곡동상속등기,0.5157,0.3892,GOOD
/업무사례/경북농지상속등기,/업무사례/경주오래된토지상속등기,0.5156,0.1429,GOOD
/업무사례/대구서구상속등기법무사,/업무사례/대구토지상속등기,0.5155,0.2634,GOOD
/업무사례/대구월성동상속등기,/업무사례/울산옥동상속등기,0.5155,0.3285,GOOD
/업무사례/경북상속등기필요서류,/업무사례/울산토지상속등기,0.5153,0.3052,GOOD
/업무사례/경북오래된상속등기,/업무사례/대구상속등기비용,0.5153,0.361,GOOD
/업무사례/경북오래된상속등기,/업무사례/울산옥동상속등기,0.5153,0.335,GOOD
/업무사례/경북오래된상속등기,/업무사례/울주범서상속등기,0.5153,0.3495,GOOD
/업무사례/경북토지상속등기,/업무사례/울주삼남상속등기,0.5153,0.316,GOOD
/업무사례/대구성서상속등기,/업무사례/양산상속등기비용,0.5153,0.2749,GOOD
/업무사례/안동상속등기법무사,/업무사례/울산아파트상속등기,0.5153,0.2552,GOOD
/업무사례/대구유증등기법무사,/업무사례/대구현풍상속등기,0.5152,0.3602,GOOD
/업무사례/대구군위군상속등기법무사,/업무사례/대구아파트상속등기,0.5151,0.2796,GOOD
/업무사례/경북상속등기비용,/업무사례/안동오래된토지상속등기,0.515,0.1318,GOOD
/업무사례/대구만촌동상속등기,/업무사례/울산상속등기비용,0.515,0.206,GOOD
/업무사례/대구유증등기법무사,/업무사례/울산옥동상속등기,0.515,0.2963,GOOD
/업무사례/대구토지상속등기,/업무사례/울산아파트상속등기,0.515,0.31,GOOD
/업무사례/경북임야상속등기,/업무사례/울산유증등기법무사,0.5149,0.2376,GOOD
/업무사례/경북토지상속등기,/업무사례/대구상속등기비용,0.5149,0.3738,GOOD
/업무사례/대구군위군상속등기법무사,/업무사례/울산토지상속등기,0.5148,0.2475,GOOD
/업무사례/대구시지상속등기,/업무사례/영천상속등기법무사,0.5148,0.1528,GOOD
/업무사례/대구토지상속등기,/업무사례/영천상속등기법무사,0.5147,0.1167,GOOD
/업무사례/고성군상속등기법무사,/업무사례/남해상속등기법무사,0.5145,0.2358,GOOD
/업무사례/대구토지상속등기,/업무사례/울산동구상속등기법무사,0.5144,0.315,GOOD
/업무사례/대구만촌동상속등기,/업무사례/양산상속등기비용,0.5143,0.2486,GOOD
/업무사례/경북법무사업무,/업무사례/대구현풍상속등기,0.5142,0.3547,GOOD
/업무사례/울산달동상속등기,/업무사례/울산북구상속등기법무사,0.5142,0.399,GOOD
/업무사례/경남조부모명의토지상속,/업무사례/양산상속등기비용,0.5141,0.2659,GOOD
/업무사례/경북상속등기비용,/업무사례/대구월성동상속등기,0.5141,0.3447,GOOD
/업무사례/대구군위군상속등기법무사,/업무사례/대구월성동상속등기,0.5141,0.2577,GOOD
/업무사례/대구상속등기비용,/업무사례/양산상속등기비용,0.5141,0.3262,GOOD
/업무사례/대구월성동상속등기,/업무사례/울주범서상속등기,0.5141,0.3301,GOOD
/업무사례/경북임야상속등기,/업무사례/울산상속등기필요서류,0.514,0.2244,GOOD
/업무사례/대구아파트상속등기,/업무사례/울산유증등기법무사,0.514,0.33,GOOD
/업무사례/대구법무사업무,/업무사례/대구서구상속등기법무사,0.5138,0.2268,GOOD
/업무사례/경북상속등기필요서류,/업무사례/울산아파트상속등기,0.5135,0.2947,GOOD
/업무사례/대구아파트상속등기,/업무사례/영천상속등기법무사,0.5135,0.124,GOOD
/업무사례/대구군위군상속등기법무사,/업무사례/울산상속등기비용,0.5134,0.2216,GOOD
/업무사례/경북상속등기비용,/업무사례/경주오래된토지상속등기,0.5133,0.139,GOOD
/업무사례/안동상속등기법무사,/업무사례/울산공장상속등기,0.5133,0.25,GOOD
/업무사례/안동상속등기법무사,/업무사례/울산동구상속등기법무사,0.5133,0.2737,GOOD
/업무사례/김해상속등기필요서류,/업무사례/양산거주부산부동산상속,0.513,0.2414,GOOD
/업무사례/경북임야상속등기,/업무사례/영천상속등기법무사,0.5129,0.125,GOOD
/업무사례/대구동구상속등기법무사,/업무사례/영천상속등기법무사,0.5129,0.1451,GOOD
/업무사례/대구상속등기필요서류,/업무사례/영천상속등기법무사,0.5129,0.117,GOOD
/업무사례/대구상속등기필요서류,/업무사례/울산매곡동상속등기,0.5129,0.2991,GOOD
/업무사례/대구토지상속등기,/업무사례/울산공장상속등기,0.5129,0.3039,GOOD
/업무사례/부산거주양산부동산상속,/업무사례/창원상속등기필요서류,0.5129,0.2775,GOOD
/업무사례/울산달동상속등기,/업무사례/울주삼남상속등기,0.5129,0.4293,GOOD
/업무사례/울산달동상속등기,/업무사례/칠곡상속등기법무사,0.5126,0.2827,GOOD
/업무사례/전국유증등기법무사,/업무사례/타지역법무사의뢰,0.5124,0.0639,GOOD
/업무사례/대구남구상속등기법무사,/업무사례/울주범서상속등기,0.5121,0.392,GOOD
/업무사례/대구상속등기필요서류,/업무사례/울주삼남상속등기,0.5121,0.3033,GOOD
/업무사례/대구월성동상속등기,/업무사례/울산공장상속등기,0.5121,0.285,GOOD
/업무사례/대구군위군상속등기법무사,/업무사례/대구중구상속등기법무사,0.5119,0.3032,GOOD
/업무사례/대구상속등기필요서류,/업무사례/울산중구상속등기법무사,0.5119,0.3238,GOOD
/업무사례/대구달서구상속등기법무사,/업무사례/전국상속부동산일괄등기,0.5118,0.1878,GOOD
/업무사례/대구성서상속등기,/업무사례/울산토지상속등기,0.5117,0.3057,GOOD
/업무사례/대구토지상속등기,/업무사례/울산상속등기필요서류,0.5117,0.2885,GOOD
/업무사례/경남조부모명의토지상속,/업무사례/창원상속등기비용,0.5116,0.2601,GOOD
/업무사례/창원상속등기비용,/업무사례/창원성산구상속등기법무사,0.5116,0.2788,GOOD
/업무사례/경북법무사업무,/업무사례/경북상속등기비용,0.5115,0.3171,GOOD
/업무사례/울주군상속등기법무사,/업무사례/전국상속등기법무사,0.5115,0.2227,GOOD
/업무사례/대구상속등기비용,/업무사례/대구월성동상속등기,0.5113,0.3286,GOOD
/업무사례/경북상속등기필요서류,/업무사례/대구서구상속등기법무사,0.5112,0.2552,GOOD
/업무사례/대구남구상속등기법무사,/업무사례/울주삼남상속등기,0.5112,0.3632,GOOD
/업무사례/경북농지상속등기,/업무사례/경북법무사업무,0.5111,0.355,GOOD
/업무사례/김해거주부산부동산상속,/업무사례/창원상속등기필요서류,0.511,0.2768,GOOD
/업무사례/양산거주부산부동산상속,/업무사례/창원상속등기필요서류,0.511,0.2849,GOOD
/업무사례/울산달동상속등기,/업무사례/울주범서상속등기,0.511,0.4375,GOOD
/업무사례/울산매곡동상속등기,/업무사례/울산송정동상속등기,0.511,0.3102,GOOD
/업무사례/경북상속등기비용,/업무사례/대구시지상속등기,0.5108,0.2629,GOOD
/업무사례/대구월성동상속등기,/업무사례/울산상속등기필요서류,0.5108,0.3005,GOOD
/업무사례/경북오래된상속등기,/업무사례/울산상속등기필요서류,0.5107,0.3066,GOOD
/업무사례/경북토지상속등기,/업무사례/울산옥동상속등기,0.5107,0.3223,GOOD
/업무사례/대구월성동상속등기,/업무사례/울산동구상속등기법무사,0.5107,0.3333,GOOD
/업무사례/경남여러필지토지상속,/업무사례/창원의창구상속등기법무사,0.5106,0.3353,GOOD
/업무사례/경북오래된상속등기,/업무사례/울산동구상속등기법무사,0.5106,0.3465,GOOD
/업무사례/경북조부모명의토지상속,/업무사례/대구남구상속등기법무사,0.5106,0.3614,GOOD
/업무사례/울산상속등기비용,/업무사례/창원상속등기비용,0.5106,0.3427,GOOD
/업무사례/경북토지상속등기,/업무사례/울산매곡동상속등기,0.5105,0.3116,GOOD
/업무사례/경북농지상속등기,/업무사례/대구유증등기법무사,0.5104,0.3606,GOOD
/업무사례/경북토지상속등기,/업무사례/울산상속등기필요서류,0.5102,0.3381,GOOD
/업무사례/대구남구상속등기법무사,/업무사례/울산상속등기필요서류,0.5102,0.3333,GOOD
/업무사례/대구상속등기필요서류,/업무사례/울주범서상속등기,0.5102,0.3052,GOOD
/업무사례/부산거주양산부동산상속,/업무사례/창원상속등기비용,0.5102,0.2701,GOOD
/업무사례/경북토지상속등기,/업무사례/울산공장상속등기,0.5101,0.2857,GOOD
/업무사례/울산달동상속등기,/업무사례/울산유증등기법무사,0.5101,0.3838,GOOD
/업무사례/강원상속등기법무사,/업무사례/전국상속부동산일괄등기,0.51,0.2026,GOOD
/업무사례/경북조부모명의토지상속,/업무사례/대구성서상속등기,0.5098,0.3069,GOOD
/업무사례/경북상속등기필요서류,/업무사례/김해상속등기필요서류,0.5097,0.4271,GOOD
/업무사례/부산거주김해부동산상속,/업무사례/창원성산구상속등기법무사,0.5096,0.2573,GOOD
/업무사례/경북상속등기비용,/업무사례/대구유증등기법무사,0.5094,0.3558,GOOD
/업무사례/대구성서상속등기,/업무사례/울산상속등기필요서류,0.5094,0.2653,GOOD
/업무사례/대구수성구상속등기법무사,/업무사례/충북상속등기법무사,0.5094,0.2374,GOOD
/업무사례/경북상속등기필요서류,/업무사례/대구군위군상속등기법무사,0.5093,0.2296,GOOD
/업무사례/경주오래된토지상속등기,/업무사례/대구군위군상속등기법무사,0.5093,0.1696,GOOD
/업무사례/경주오래된토지상속등기,/업무사례/대구상속등기비용,0.5093,0.1379,GOOD
/업무사례/경남유증등기법무사,/업무사례/부산거주김해부동산상속,0.5092,0.25,GOOD
/업무사례/대구남구상속등기법무사,/업무사례/울산매곡동상속등기,0.5092,0.3645,GOOD
/업무사례/대구서구상속등기법무사,/업무사례/울산매곡동상속등기,0.5092,0.3189,GOOD
/업무사례/울산법무사업무,/업무사례/울산상속등기비용,0.5092,0.3267,GOOD
/업무사례/울산상속등기비용,/업무사례/울산아파트상속등기,0.5092,0.32,GOOD
/업무사례/대구아파트상속등기,/업무사례/울산달동상속등기,0.5089,0.3636,GOOD
/업무사례/대구북구상속등기법무사,/업무사례/울산삼산동상속등기,0.5088,0.2973,GOOD
/업무사례/대구월성동상속등기,/업무사례/울산유증등기법무사,0.5088,0.3143,GOOD
/업무사례/경북오래된상속등기,/업무사례/울산유증등기법무사,0.5087,0.3529,GOOD
/업무사례/대구범어동상속등기,/업무사례/울주언양상속등기,0.5087,0.3495,GOOD
/업무사례/울산북구상속등기법무사,/업무사례/울산삼산동상속등기,0.5087,0.3756,GOOD
/업무사례/경북토지상속등기,/업무사례/대구서구상속등기법무사,0.5084,0.2525,GOOD
/업무사례/경주오래된토지상속등기,/업무사례/대구남구상속등기법무사,0.5084,0.1434,GOOD
/업무사례/경주오래된토지상속등기,/업무사례/대구서구상속등기법무사,0.5084,0.1644,GOOD
/업무사례/울산삼산동상속등기,/업무사례/칠곡상속등기법무사,0.5084,0.3279,GOOD
/업무사례/경남여러필지토지상속,/업무사례/창원성산구상속등기법무사,0.5083,0.2849,GOOD
/업무사례/대구북구상속등기법무사,/업무사례/울산상속등기비용,0.5083,0.2474,GOOD
/업무사례/대구상속등기비용,/업무사례/안동상속등기법무사,0.5083,0.2388,GOOD
/업무사례/대구유증등기법무사,/업무사례/울산북구상속등기법무사,0.5083,0.341,GOOD
/업무사례/대구만촌동상속등기,/업무사례/대구토지상속등기,0.508,0.2593,GOOD
/업무사례/대구법무사업무,/업무사례/대구상속등기비용,0.508,0.3062,GOOD
/업무사례/대구상속등기비용,/업무사례/대구시지상속등기,0.508,0.2538,GOOD
/업무사례/김해상속등기필요서류,/업무사례/대구상속등기필요서류,0.5079,0.4503,GOOD
/업무사례/대구군위군상속등기법무사,/업무사례/울주삼남상속등기,0.5079,0.2819,GOOD
/업무사례/대구남구상속등기법무사,/업무사례/울산옥동상속등기,0.5079,0.398,GOOD
/업무사례/대구상속등기필요서류,/업무사례/울산토지상속등기,0.5079,0.3192,GOOD
/업무사례/대구성서상속등기,/업무사례/울산공장상속등기,0.5079,0.2947,GOOD
/업무사례/대구시지상속등기,/업무사례/창원성산구상속등기법무사,0.5079,0.3701,GOOD
/업무사례/대구상속등기필요서류,/업무사례/울산북구상속등기법무사,0.5078,0.3119,GOOD
/업무사례/울산상속등기비용,/업무사례/울주범서상속등기,0.5078,0.3284,GOOD
/업무사례/울산공장상속등기,/업무사례/울산달동상속등기,0.5077,0.3582,GOOD
/업무사례/경북임야상속등기,/업무사례/대구만촌동상속등기,0.5075,0.2701,GOOD
/업무사례/대구군위군상속등기법무사,/업무사례/대구상속등기필요서류,0.5074,0.22,GOOD
/업무사례/대구상인동상속등기,/업무사례/울산동구상속등기법무사,0.5074,0.2791,GOOD
/업무사례/경북상속등기필요서류,/업무사례/울산공장상속등기,0.5073,0.277,GOOD
/업무사례/경북토지상속등기,/업무사례/울산동구상속등기법무사,0.5073,0.3269,GOOD
/업무사례/울산달동상속등기,/업무사례/울산토지상속등기,0.5073,0.395,GOOD
/업무사례/경남오래된상속등기,/업무사례/양산상속등기비용,0.507,0.3036,GOOD
/업무사례/경북농지상속등기,/업무사례/울산아파트상속등기,0.507,0.3155,GOOD
/업무사례/경북오래된상속등기,/업무사례/영천상속등기법무사,0.507,0.1128,GOOD
/업무사례/대구군위군상속등기법무사,/업무사례/안동오래된토지상속등기,0.507,0.1614,GOOD
/업무사례/경남조부모명의토지상속,/업무사례/창원의창구상속등기법무사,0.5069,0.2701,GOOD
/업무사례/경북토지상속등기,/업무사례/울산유증등기법무사,0.5069,0.327,GOOD
/업무사례/대구군위군상속등기법무사,/업무사례/울산동구상속등기법무사,0.5069,0.2935,GOOD
/업무사례/대구상인동상속등기,/업무사례/울산토지상속등기,0.5069,0.3209,GOOD
/업무사례/대구아파트상속등기,/업무사례/울산중구상속등기법무사,0.5069,0.3077,GOOD
/업무사례/대구유증등기법무사,/업무사례/울산중구상속등기법무사,0.5069,0.3349,GOOD
/업무사례/대구현풍상속등기,/업무사례/울산공장상속등기,0.5069,0.3286,GOOD
/업무사례/울산공장상속등기,/업무사례/울주언양상속등기,0.5068,0.3333,GOOD
/업무사례/경북토지상속등기,/업무사례/울산아파트상속등기,0.5065,0.3033,GOOD
/업무사례/대구북구상속등기법무사,/업무사례/울주언양상속등기,0.5065,0.2963,GOOD
/업무사례/대구시지상속등기,/업무사례/울주언양상속등기,0.5065,0.3351,GOOD
/업무사례/경남여러필지토지상속,/업무사례/양산거주부산부동산상속,0.5064,0.2905,GOOD
/업무사례/경북조부모명의토지상속,/업무사례/울산유증등기법무사,0.5064,0.2986,GOOD
/업무사례/대구남구상속등기법무사,/업무사례/안동오래된토지상속등기,0.5061,0.1362,GOOD
/업무사례/대구아파트상속등기,/업무사례/울산삼산동상속등기,0.5061,0.3814,GOOD
/업무사례/경남조부모명의토지상속,/업무사례/창원성산구상속등기법무사,0.506,0.2798,GOOD
/업무사례/경북조부모명의토지상속,/업무사례/울산아파트상속등기,0.506,0.3122,GOOD
/업무사례/경북조부모명의토지상속,/업무사례/울산옥동상속등기,0.506,0.3125,GOOD
/업무사례/경북조부모명의토지상속,/업무사례/울주범서상속등기,0.506,0.3081,GOOD
/업무사례/경산상속등기법무사,/업무사례/전국상속부동산일괄등기,0.506,0.1967,GOOD
/업무사례/대구달성군상속등기법무사,/업무사례/울산달동상속등기,0.506,0.398,GOOD
/업무사례/대구성서상속등기,/업무사례/울산중구상속등기법무사,0.506,0.2969,GOOD
/업무사례/경남조부모명의토지상속,/업무사례/양산거주부산부동산상속,0.5055,0.2712,GOOD
/업무사례/경북상속등기필요서류,/업무사례/울산북구상속등기법무사,0.5055,0.2922,GOOD
/업무사례/대구토지상속등기,/업무사례/울산유증등기법무사,0.5055,0.2961,GOOD
/업무사례/대구현풍상속등기,/업무사례/울산동구상속등기법무사,0.5055,0.3596,GOOD
/업무사례/경북조부모명의토지상속,/업무사례/울산공장상속등기,0.5054,0.3,GOOD
/업무사례/대구수성구상속등기법무사,/업무사례/제주상속등기법무사,0.5054,0.2273,GOOD
/업무사례/부산에서대구법인본점이전,/업무사례/포항에서부산법인본점이전,0.5054,0.2736,GOOD
/업무사례/경북상속등기필요서류,/업무사례/영천상속등기법무사,0.5053,0.1183,GOOD
/업무사례/경북토지상속등기,/업무사례/영천상속등기법무사,0.5053,0.1111,GOOD
/업무사례/대구만촌동상속등기,/업무사례/대구유증등기법무사,0.5052,0.2293,GOOD
/업무사례/대구군위군상속등기법무사,/업무사례/대구상인동상속등기,0.5051,0.2167,GOOD
/업무사례/울산송정동상속등기,/업무사례/창원의창구상속등기법무사,0.5051,0.2857,GOOD
/업무사례/울산중구상속등기법무사,/업무사례/칠곡상속등기법무사,0.5051,0.2667,GOOD
/업무사례/경남상속등기비용,/업무사례/창원상속등기필요서류,0.505,0.2642,GOOD
/업무사례/경남상속등기비용,/업무사례/창원성산구상속등기법무사,0.505,0.2684,GOOD
/업무사례/대구상인동상속등기,/업무사례/울산매곡동상속등기,0.505,0.3131,GOOD
/업무사례/부산거주김해부동산상속,/업무사례/양산상속등기필요서류,0.505,0.2558,GOOD
/업무사례/경남상속등기비용,/업무사례/경남여러필지토지상속,0.5046,0.3161,GOOD
/업무사례/대구군위군상속등기법무사,/업무사례/울산옥동상속등기,0.5046,0.2684,GOOD
/업무사례/대구군위군상속등기법무사,/업무사례/울주범서상속등기,0.5046,0.2775,GOOD
/업무사례/대구달성군상속등기법무사,/업무사례/울산삼산동상속등기,0.5046,0.3668,GOOD
/업무사례/대구달성군상속등기법무사,/업무사례/울산송정동상속등기,0.5046,0.2462,GOOD
/업무사례/대구동구상속등기법무사,/업무사례/창원성산구상속등기법무사,0.5046,0.3132,GOOD
/업무사례/울산동구상속등기법무사,/업무사례/울산상속등기비용,0.5046,0.352,GOOD
/업무사례/경북법무사업무,/업무사례/대구성서상속등기,0.5045,0.3224,GOOD
/업무사례/울산달동상속등기,/업무사례/울산중구상속등기법무사,0.5045,0.3939,GOOD
/업무사례/대구상속등기비용,/업무사례/안동오래된토지상속등기,0.5044,0.1308,GOOD
/업무사례/김해상속등기비용,/업무사례/대구시지상속등기,0.5042,0.2882,GOOD
/업무사례/대구에서부산법인본점이전,/업무사례/부산에서울산법인본점이전,0.5042,0.3981,GOOD
/업무사례/대구상속등기필요서류,/업무사례/울산공장상속등기,0.5041,0.2731,GOOD
/업무사례/대구토지상속등기,/업무사례/울산북구상속등기법무사,0.5041,0.2884,GOOD
/업무사례/울산상속등기비용,/업무사례/울주삼남상속등기,0.5041,0.3267,GOOD
/업무사례/울산상속등기필요서류,/업무사례/울주언양상속등기,0.5041,0.343,GOOD
/업무사례/대구만촌동상속등기,/업무사례/울산중구상속등기법무사,0.5037,0.2932,GOOD
/업무사례/경북법인등기법무사,/업무사례/대구에서부산법인본점이전,0.5036,0.3649,GOOD
/업무사례/대구범어동상속등기,/업무사례/울산상속등기비용,0.5036,0.2981,GOOD
/업무사례/대구법무사업무,/업무사례/대구성서상속등기,0.5036,0.3065,GOOD
/업무사례/경북조부모명의토지상속,/업무사례/울산매곡동상속등기,0.5032,0.3081,GOOD
/업무사례/대구중구상속등기법무사,/업무사례/울산공장상속등기,0.5032,0.2958,GOOD
/업무사례/울산송정동상속등기,/업무사례/울산토지상속등기,0.5032,0.2525,GOOD
/업무사례/전국공동근저당권등기,/업무사례/전국유증등기법무사,0.5031,0.3285,GOOD
/업무사례/대구현풍상속등기,/업무사례/창원의창구상속등기법무사,0.5028,0.3529,GOOD
/업무사례/경북오래된상속등기,/업무사례/울산매곡동상속등기,0.5027,0.3238,GOOD
/업무사례/경북조부모명의토지상속,/업무사례/울산동구상속등기법무사,0.5027,0.3366,GOOD
/업무사례/경남여러필지토지상속,/업무사례/부산거주김해부동산상속,0.5023,0.2527,GOOD
/업무사례/경북조부모명의토지상속,/업무사례/울주삼남상속등기,0.5023,0.3062,GOOD
/업무사례/대구남구상속등기법무사,/업무사례/창원성산구상속등기법무사,0.5023,0.3081,GOOD
/업무사례/대구동구상속등기법무사,/업무사례/울산상속등기비용,0.5023,0.3485,GOOD
/업무사례/울산중구상속등기법무사,/업무사례/울주언양상속등기,0.5023,0.3812,GOOD
/업무사례/대구시지상속등기,/업무사례/창원의창구상속등기법무사,0.5019,0.3563,GOOD
/업무사례/대구월성동상속등기,/업무사례/울산토지상속등기,0.5019,0.3192,GOOD
/업무사례/대구현풍상속등기,/업무사례/울산아파트상속등기,0.5019,0.3614,GOOD
/업무사례/경남조부모명의토지상속,/업무사례/부산거주양산부동산상속,0.5018,0.264,GOOD
/업무사례/김해상속등기필요서류,/업무사례/부산거주김해부동산상속,0.5018,0.2146,GOOD
/업무사례/대구북구상속등기법무사,/업무사례/울산달동상속등기,0.5018,0.3081,GOOD
/업무사례/경남조부모명의토지상속,/업무사례/부산거주김해부동산상속,0.5014,0.2686,GOOD
/업무사례/대구현풍상속등기,/업무사례/양산상속등기비용,0.5014,0.2365,GOOD
/업무사례/경북농지상속등기,/업무사례/안동오래된토지상속등기,0.5013,0.1357,GOOD
/업무사례/대구유증등기법무사,/업무사례/영천상속등기법무사,0.5013,0.1107,GOOD
/업무사례/경남여러필지토지상속,/업무사례/양산상속등기필요서류,0.5009,0.2832,GOOD
/업무사례/경북오래된상속등기,/업무사례/울산공장상속등기,0.5009,0.2972,GOOD
/업무사례/대구현풍상속등기,/업무사례/영천상속등기법무사,0.5009,0.1321,GOOD
/업무사례/대구남구상속등기법무사,/업무사례/양산상속등기비용,0.5005,0.2362,GOOD
/업무사례/대구다사상속등기,/업무사례/창원성산구상속등기법무사,0.5005,0.3297,GOOD
/업무사례/대구만촌동상속등기,/업무사례/대구상속등기필요서류,0.5005,0.2167,GOOD
/업무사례/대구중구상속등기법무사,/업무사례/울산상속등기필요서류,0.5005,0.3627,GOOD
/업무사례/경남조부모명의토지상속,/업무사례/김해거주부산부동산상속,0.5,0.2568,GOOD
/업무사례/김해상속등기비용,/업무사례/대구아파트상속등기,0.5,0.2694,GOOD
/업무사례/대구범어동상속등기,/업무사례/울산동구상속등기법무사,0.5,0.3756,GOOD
/업무사례/대구법무사업무,/업무사례/대구현풍상속등기,0.5,0.3143,GOOD
/업무사례/울산상속등기비용,/업무사례/울산유증등기법무사,0.5,0.3251,GOOD
/업무사례/경남상속등기비용,/업무사례/부산거주양산부동산상속,0.4995,0.2426,GOOD
/업무사례/경남여러필지토지상속,/업무사례/김해거주부산부동산상속,0.4995,0.3184,GOOD
/업무사례/김해상속등기비용,/업무사례/울산아파트상속등기,0.4995,0.291,GOOD
/업무사례/대구유증등기법무사,/업무사례/울산매곡동상속등기,0.4995,0.2864,GOOD
/업무사례/대구현풍상속등기,/업무사례/울산북구상속등기법무사,0.4995,0.4146,GOOD
/업무사례/대구부산공동근저당권,/업무사례/대구에서부산법인본점이전,0.4994,0.3541,GOOD
/업무사례/광주상속등기법무사,/업무사례/전국상속부동산일괄등기,0.4992,0.1982,GOOD
/업무사례/대구남구상속등기법무사,/업무사례/대구법무사업무,0.4991,0.3155,GOOD
/업무사례/대구상속등기비용,/업무사례/창원상속등기비용,0.4991,0.3138,GOOD
/업무사례/대구상인동상속등기,/업무사례/울산상속등기필요서류,0.4991,0.3333,GOOD
/업무사례/대구성서상속등기,/업무사례/울산유증등기법무사,0.4991,0.2932,GOOD
/업무사례/대구유증등기법무사,/업무사례/울산공장상속등기,0.4991,0.267,GOOD
/업무사례/울산법무사업무,/업무사례/울산삼산동상속등기,0.4991,0.335,GOOD
/업무사례/경북법무사업무,/업무사례/대구서구상속등기법무사,0.4987,0.2344,GOOD
/업무사례/경남여러필지토지상속,/업무사례/경북임야상속등기,0.4986,0.2568,GOOD
/업무사례/경남조부모명의토지상속,/업무사례/양산상속등기필요서류,0.4986,0.2706,GOOD
/업무사례/김해상속등기비용,/업무사례/대구서구상속등기법무사,0.4986,0.3072,GOOD
/업무사례/김해상속등기비용,/업무사례/울산상속등기비용,0.4986,0.3708,GOOD
/업무사례/김해상속등기필요서류,/업무사례/대구남구상속등기법무사,0.4986,0.3731,GOOD
/업무사례/대구아파트상속등기,/업무사례/울산상속등기비용,0.4986,0.3317,GOOD
/업무사례/대구중구상속등기법무사,/업무사례/울산유증등기법무사,0.4986,0.3382,GOOD
/업무사례/대구현풍상속등기,/업무사례/울산상속등기필요서류,0.4986,0.3575,GOOD
/업무사례/대전서구상속등기법무사,/업무사례/전국상속등기법무사,0.4985,0.2069,GOOD
/업무사례/경북법무사업무,/업무사례/대구군위군상속등기법무사,0.4983,0.228,GOOD
/업무사례/경남상속등기비용,/업무사례/경남조부모명의토지상속,0.4982,0.2525,GOOD
/업무사례/경북임야상속등기,/업무사례/울산북구상속등기법무사,0.4982,0.2322,GOOD
/업무사례/대구남구상속등기법무사,/업무사례/울산아파트상속등기,0.4982,0.3433,GOOD
/업무사례/대구상속등기비용,/업무사례/대구상인동상속등기,0.4982,0.2936,GOOD
/업무사례/영천상속등기법무사,/업무사례/울산옥동상속등기,0.4982,0.1269,GOOD
/업무사례/울산삼산동상속등기,/업무사례/창원의창구상속등기법무사,0.4982,0.3243,GOOD
/업무사례/울산상속등기필요서류,/업무사례/울산송정동상속등기,0.4982,0.2386,GOOD
/업무사례/경북토지상속등기,/업무사례/대구만촌동상속등기,0.4981,0.2426,GOOD
/업무사례/경남상속등기비용,/업무사례/김해거주부산부동산상속,0.4977,0.2929,GOOD
/업무사례/경남오래된상속등기,/업무사례/창원상속등기필요서류,0.4977,0.2824,GOOD
/업무사례/경북상속등기필요서류,/업무사례/양산상속등기필요서류,0.4977,0.3242,GOOD
/업무사례/대구군위군상속등기법무사,/업무사례/울산매곡동상속등기,0.4977,0.2642,GOOD
/업무사례/경남여러필지토지상속,/업무사례/부산거주양산부동산상속,0.4973,0.2833,GOOD
/업무사례/경남오래된상속등기,/업무사례/경북오래된상속등기,0.4973,0.25,GOOD
/업무사례/경북상속등기필요서류,/업무사례/울산중구상속등기법무사,0.4973,0.3033,GOOD
/업무사례/대구상인동상속등기,/업무사례/울산북구상속등기법무사,0.4973,0.3442,GOOD
/업무사례/안동상속등기법무사,/업무사례/울주언양상속등기,0.4973,0.264,GOOD
/업무사례/대구서구상속등기법무사,/업무사례/울산유증등기법무사,0.4972,0.2604,GOOD
/업무사례/대구성서상속등기,/업무사례/창원상속등기비용,0.4972,0.269,GOOD
/업무사례/대구유증등기법무사,/업무사례/울산상속등기비용,0.4972,0.3081,GOOD
/업무사례/경북조부모명의토지상속,/업무사례/대구서구상속등기법무사,0.4968,0.267,GOOD
/업무사례/대구군위군상속등기법무사,/업무사례/울산북구상속등기법무사,0.4968,0.2727,GOOD
/업무사례/대구범어동상속등기,/업무사례/대구유증등기법무사,0.4968,0.2995,GOOD
/업무사례/대구범어동상속등기,/업무사례/울주삼남상속등기,0.4968,0.3366,GOOD
/업무사례/울산공장상속등기,/업무사례/울산삼산동상속등기,0.4968,0.3284,GOOD
/업무사례/경북상속등기필요서류,/업무사례/대구만촌동상속등기,0.4967,0.22,GOOD
/업무사례/경북농지상속등기,/업무사례/영천상속등기법무사,0.4965,0.1212,GOOD
/업무사례/대구월성동상속등기,/업무사례/영천상속등기법무사,0.4965,0.1086,GOOD
/업무사례/부산에서대구법인본점이전,/업무사례/부산에서창원법인본점이전,0.4965,0.5132,GOOD
/업무사례/경남유증등기법무사,/업무사례/대구시지상속등기,0.4963,0.2775,GOOD
/업무사례/대구범어동상속등기,/업무사례/대구상속등기필요서류,0.4963,0.3128,GOOD
/업무사례/대구월성동상속등기,/업무사례/울산북구상속등기법무사,0.4963,0.3241,GOOD
/업무사례/김해상속등기비용,/업무사례/남해상속등기법무사,0.4962,0.1794,GOOD
/업무사례/김해상속등기비용,/업무사례/대구성서상속등기,0.4962,0.3136,GOOD
/업무사례/경기광주상속등기법무사,/업무사례/전국상속부동산일괄등기,0.496,0.1857,GOOD
/업무사례/경남오래된상속등기,/업무사례/부산거주김해부동산상속,0.4959,0.2614,GOOD
/업무사례/대구아파트상속등기,/업무사례/울산북구상속등기법무사,0.4959,0.3084,GOOD
/업무사례/경북농지상속등기,/업무사례/울산옥동상속등기,0.4958,0.335,GOOD
/업무사례/대구시지상속등기,/업무사례/울산상속등기비용,0.4958,0.2513,GOOD
/업무사례/울산법무사업무,/업무사례/울주언양상속등기,0.4957,0.3206,GOOD
/업무사례/대구북구상속등기법무사,/업무사례/창원상속등기비용,0.4954,0.2771,GOOD
/업무사례/양산상속등기비용,/업무사례/울산삼산동상속등기,0.4954,0.2591,GOOD
/업무사례/울산삼산동상속등기,/업무사례/울산상속등기필요서류,0.4954,0.3382,GOOD
/업무사례/경북법인등기법무사,/업무사례/구미에서부산법인본점이전,0.4953,0.2184,GOOD
/업무사례/대구상인동상속등기,/업무사례/울산공장상속등기,0.495,0.2752,GOOD
/업무사례/울산삼산동상속등기,/업무사례/울산유증등기법무사,0.495,0.36,GOOD
/업무사례/울산송정동상속등기,/업무사례/울산중구상속등기법무사,0.495,0.25,GOOD
/업무사례/대구상속등기비용,/업무사례/울산옥동상속등기,0.4949,0.3081,GOOD
/업무사례/대구토지상속등기,/업무사례/울산송정동상속등기,0.4949,0.2487,GOOD
/업무사례/울주삼남상속등기,/업무사례/창원의창구상속등기법무사,0.4949,0.337,GOOD
/업무사례/창원성산구상속등기법무사,/업무사례/칠곡상속등기법무사,0.4949,0.3168,GOOD
/업무사례/부산에서양산법인본점이전,/업무사례/창원법인등기법무사,0.4948,0.3678,GOOD
/업무사례/부산에서울산법인본점이전,/업무사례/부산에서창원법인본점이전,0.4948,0.5235,GOOD
/업무사례/부산에서창원법인본점이전,/업무사례/창원에서부산법인본점이전,0.4948,0.3905,GOOD
/업무사례/대구서구상속등기법무사,/업무사례/울산법무사업무,0.4947,0.2172,GOOD
/업무사례/대구중구상속등기법무사,/업무사례/울산토지상속등기,0.4946,0.3689,GOOD
/업무사례/부산거주김해부동산상속,/업무사례/창원상속등기필요서류,0.4946,0.2457,GOOD
/업무사례/대구남구상속등기법무사,/업무사례/울산북구상속등기법무사,0.4945,0.3971,GOOD
/업무사례/경남여러필지토지상속,/업무사례/대구다사상속등기,0.4944,0.275,GOOD
/업무사례/경북농지상속등기,/업무사례/대구법무사업무,0.4943,0.3204,GOOD
/업무사례/경북상속등기비용,/업무사례/울산토지상속등기,0.4941,0.3462,GOOD
/업무사례/울산상속등기비용,/업무사례/울산옥동상속등기,0.4941,0.34,GOOD
/업무사례/김해법인등기법무사,/업무사례/창원에서부산법인본점이전,0.494,0.3121,GOOD
/업무사례/대구성서상속등기,/업무사례/양산거주부산부동산상속,0.494,0.2727,GOOD
/업무사례/대구토지상속등기,/업무사례/울주언양상속등기,0.494,0.3043,GOOD
/업무사례/울산상속등기비용,/업무사례/칠곡상속등기법무사,0.494,0.2632,GOOD
/업무사례/전국업무사례,/업무사례/전국유증등기법무사,0.4938,0.3333,GOOD
/업무사례/대구현풍상속등기,/업무사례/창원성산구상속등기법무사,0.4936,0.3,GOOD
/업무사례/울산삼산동상속등기,/업무사례/울산토지상속등기,0.4936,0.3645,GOOD
/업무사례/경남법인등기법무사,/업무사례/창원법인등기법무사,0.4935,0.3862,GOOD
/업무사례/경북법무사업무,/업무사례/대구남구상속등기법무사,0.4935,0.33,GOOD
/업무사례/대구서구상속등기법무사,/업무사례/양산상속등기비용,0.4935,0.2754,GOOD
/업무사례/대구유증등기법무사,/업무사례/울산송정동상속등기,0.4935,0.2019,GOOD
/업무사례/전국공동근저당권등기,/업무사례/전국법인본점이전등기,0.4935,0.3869,GOOD
/업무사례/대구시지상속등기,/업무사례/양산상속등기비용,0.4934,0.2798,GOOD
/업무사례/경남상속등기비용,/업무사례/대구서구상속등기법무사,0.4932,0.2474,GOOD
/업무사례/대구남구상속등기법무사,/업무사례/울산중구상속등기법무사,0.4932,0.392,GOOD
/업무사례/대구남구상속등기법무사,/업무사례/울산토지상속등기,0.4932,0.3659,GOOD
/업무사례/대구상속등기필요서류,/업무사례/양산상속등기필요서류,0.4931,0.3118,GOOD
/업무사례/대구서구상속등기법무사,/업무사례/안동오래된토지상속등기,0.493,0.1563,GOOD
/업무사례/경주오래된토지상속등기,/업무사례/영천상속등기법무사,0.4929,0.2077,GOOD
/업무사례/경북농지상속등기,/업무사례/울산동구상속등기법무사,0.4927,0.3399,GOOD
/업무사례/경북상속등기비용,/업무사례/대구상인동상속등기,0.4926,0.3084,GOOD
/업무사례/김해상속등기비용,/업무사례/울주범서상속등기,0.4926,0.3005,GOOD
/업무사례/김해상속등기필요서류,/업무사례/사천상속등기법무사,0.4925,0.0787,GOOD
/업무사례/광주상속등기법무사,/업무사례/전국유증등기법무사,0.4923,0.2557,GOOD
/업무사례/대구범어동상속등기,/업무사례/울산옥동상속등기,0.4923,0.3301,GOOD
/업무사례/대구남구상속등기법무사,/업무사례/창원의창구상속등기법무사,0.4922,0.3053,GOOD
/업무사례/대구상속등기비용,/업무사례/울산아파트상속등기,0.4922,0.283,GOOD
/업무사례/대구서구상속등기법무사,/업무사례/양산거주부산부동산상속,0.4922,0.2586,GOOD
/업무사례/경북상속등기비용,/업무사례/대구법무사업무,0.4921,0.2844,GOOD
/업무사례/울산남구상속등기법무사,/업무사례/전국상속부동산일괄등기,0.4919,0.1919,GOOD
/업무사례/경북오래된상속등기,/업무사례/대구범어동상속등기,0.4918,0.3645,GOOD
/업무사례/대구남구상속등기법무사,/업무사례/울산유증등기법무사,0.4918,0.3547,GOOD
/업무사례/대구상속등기필요서류,/업무사례/울산달동상속등기,0.4918,0.3206,GOOD
/업무사례/대구상인동상속등기,/업무사례/울산유증등기법무사,0.4918,0.2977,GOOD
/업무사례/대구서구상속등기법무사,/업무사례/울산토지상속등기,0.4918,0.2602,GOOD
/업무사례/양산상속등기비용,/업무사례/울주언양상속등기,0.4917,0.24,GOOD
/업무사례/울주군상속포기한정승인,/업무사례/포항상속포기한정승인,0.4917,0.186,GOOD
/업무사례/김해에서부산법인본점이전,/업무사례/부산에서창원법인본점이전,0.4915,0.3846,GOOD
/업무사례/서울상속등기법무사,/업무사례/전국상속부동산일괄등기,0.4915,0.2201,GOOD
/업무사례/경북임야상속등기,/업무사례/울산중구상속등기법무사,0.4914,0.2293,GOOD
/업무사례/경북조부모명의토지상속,/업무사례/울산상속등기비용,0.4914,0.3251,GOOD
/업무사례/대구상속등기비용,/업무사례/울산유증등기법무사,0.4914,0.319,GOOD
/업무사례/경북상속등기비용,/업무사례/김해상속등기필요서류,0.4913,0.3731,GOOD
/업무사례/울산달동상속등기,/업무사례/울산법무사업무,0.4913,0.3317,GOOD
/업무사례/대구아파트상속등기,/업무사례/울주언양상속등기,0.4912,0.3515,GOOD
/업무사례/대구중구상속등기법무사,/업무사례/울산송정동상속등기,0.4909,0.2362,GOOD
/업무사례/경북상속등기비용,/업무사례/울산옥동상속등기,0.4908,0.3173,GOOD
/업무사례/경북상속등기비용,/업무사례/창원상속등기비용,0.4908,0.2963,GOOD
/업무사례/대구만촌동상속등기,/업무사례/울주범서상속등기,0.4907,0.235,GOOD
/업무사례/경북토지상속등기,/업무사례/울산북구상속등기법무사,0.4905,0.3364,GOOD
/업무사례/고성군상속등기법무사,/업무사례/김해상속등기필요서류,0.4904,0.1107,GOOD
/업무사례/대구달성군상속등기법무사,/업무사례/울산상속등기비용,0.4904,0.3383,GOOD
/업무사례/울주범서상속등기,/업무사례/창원의창구상속등기법무사,0.4904,0.3459,GOOD
/업무사례/경북오래된상속등기,/업무사례/대구만촌동상속등기,0.4903,0.2412,GOOD
/업무사례/구미에서부산법인본점이전,/업무사례/부산에서김해법인본점이전,0.49,0.5,GOOD
/업무사례/김해상속등기필요서류,/업무사례/대구동구상속등기법무사,0.4899,0.3515,GOOD
/업무사례/대구다사상속등기,/업무사례/울산상속등기비용,0.4899,0.3433,GOOD
/업무사례/대구월성동상속등기,/업무사례/울산달동상속등기,0.4899,0.3463,GOOD
/업무사례/대구현풍상속등기,/업무사례/울산유증등기법무사,0.4899,0.3592,GOOD
/업무사례/양산상속등기비용,/업무사례/울산달동상속등기,0.4899,0.25,GOOD
/업무사례/경주오래된토지상속등기,/업무사례/울주언양상속등기,0.4896,0.1556,GOOD
/업무사례/고성군상속등기법무사,/업무사례/양산상속등기필요서류,0.4896,0.1266,GOOD
/업무사례/대구범어동상속등기,/업무사례/울주범서상속등기,0.4896,0.3317,GOOD
/업무사례/울산매곡동상속등기,/업무사례/창원성산구상속등기법무사,0.4896,0.2789,GOOD
/업무사례/대구군위군상속등기법무사,/업무사례/울산아파트상속등기,0.4895,0.2606,GOOD
/업무사례/울산송정동상속등기,/업무사례/울산유증등기법무사,0.4895,0.2591,GOOD
/업무사례/김해상속등기필요서류,/업무사례/대구성서상속등기,0.4893,0.2653,GOOD
/업무사례/대구만촌동상속등기,/업무사례/울산아파트상속등기,0.4893,0.2308,GOOD
/업무사례/경북조부모명의토지상속,/업무사례/영천상속등기법무사,0.4892,0.1136,GOOD
/업무사례/울산상속등기비용,/업무사례/울산중구상속등기법무사,0.4892,0.335,GOOD
/업무사례/경남여러필지토지상속,/업무사례/경북조부모명의토지상속,0.4891,0.2828,GOOD
/업무사례/경북법무사업무,/업무사례/대구상속등기비용,0.4891,0.283,GOOD
/업무사례/경북조부모명의토지상속,/업무사례/울산북구상속등기법무사,0.4888,0.2968,GOOD
/업무사례/대구상속등기비용,/업무사례/대구중구상속등기법무사,0.4887,0.3397,GOOD
/업무사례/울산북구상속등기법무사,/업무사례/창원성산구상속등기법무사,0.4887,0.2741,GOOD
/업무사례/경북상속등기비용,/업무사례/울산유증등기법무사,0.4886,0.3221,GOOD
/업무사례/대구성서상속등기,/업무사례/부산거주김해부동산상속,0.4885,0.2486,GOOD
/업무사례/대구유증등기법무사,/업무사례/울주언양상속등기,0.4885,0.3028,GOOD
/업무사례/경남조부모명의토지상속,/업무사례/남해상속등기법무사,0.4882,0.1644,GOOD
/업무사례/대구군위군상속등기법무사,/업무사례/대구법무사업무,0.4882,0.2081,GOOD
/업무사례/대구남구상속등기법무사,/업무사례/울산공장상속등기,0.4882,0.3048,GOOD
/업무사례/대구상인동상속등기,/업무사례/영천상속등기법무사,0.4882,0.1074,GOOD
/업무사례/경북상속등기비용,/업무사례/울산아파트상속등기,0.4881,0.2919,GOOD
/업무사례/경북상속등기비용,/업무사례/울주범서상속등기,0.4881,0.3128,GOOD
/업무사례/경북임야상속등기,/업무사례/대구범어동상속등기,0.4881,0.255,GOOD
/업무사례/경북조부모명의토지상속,/업무사례/대구만촌동상속등기,0.4881,0.2312,GOOD
/업무사례/대구북구상속등기법무사,/업무사례/양산상속등기필요서류,0.4881,0.2727,GOOD
/업무사례/대구서구상속등기법무사,/업무사례/울산상속등기필요서류,0.4881,0.2273,GOOD
/업무사례/대구유증등기법무사,/업무사례/울산달동상속등기,0.4881,0.307,GOOD
/업무사례/인천상속등기법무사,/업무사례/전국상속부동산일괄등기,0.4881,0.2117,GOOD
/업무사례/대구만촌동상속등기,/업무사례/울산옥동상속등기,0.488,0.2386,GOOD
/업무사례/대구북구상속등기법무사,/업무사례/창원의창구상속등기법무사,0.488,0.2952,GOOD
/업무사례/울산북구상속등기법무사,/업무사례/울산상속등기비용,0.4879,0.3223,GOOD
/업무사례/경북오래된상속등기,/업무사례/경주오래된토지상속등기,0.4878,0.1608,GOOD
/업무사례/전국유증등기법무사,/업무사례/전북상속등기법무사,0.4877,0.2523,GOOD
/업무사례/경북임야상속등기,/업무사례/울산송정동상속등기,0.4876,0.2882,GOOD
/업무사례/경북농지상속등기,/업무사례/울산공장상속등기,0.4873,0.2972,GOOD
/업무사례/대구상속등기비용,/업무사례/울산토지상속등기,0.4873,0.3178,GOOD
/업무사례/울산공장상속등기,/업무사례/울산송정동상속등기,0.4873,0.2539,GOOD
/업무사례/경남법인등기법무사,/업무사례/부산에서김해법인본점이전,0.4872,0.2609,GOOD
/업무사례/경북상속등기비용,/업무사례/울주삼남상속등기,0.4872,0.311,GOOD
/업무사례/김해상속등기필요서류,/업무사례/대구상속등기비용,0.4872,0.3495,GOOD
/업무사례/양산거주부산부동산상속,/업무사례/울산송정동상속등기,0.4872,0.2571,GOOD
/업무사례/대구만촌동상속등기,/업무사례/울주삼남상속등기,0.4871,0.2386,GOOD
/업무사례/대구서구상속등기법무사,/업무사례/창원상속등기비용,0.4871,0.2771,GOOD
/업무사례/경남상속등기비용,/업무사례/울산송정동상속등기,0.4869,0.2335,GOOD
/업무사례/경북상속등기비용,/업무사례/울산매곡동상속등기,0.4869,0.3066,GOOD
/업무사례/경북상속등기필요서류,/업무사례/울산달동상속등기,0.4869,0.3062,GOOD
/업무사례/경북오래된상속등기,/업무사례/울산북구상속등기법무사,0.4869,0.3119,GOOD
/업무사례/대구서구상속등기법무사,/업무사례/영천상속등기법무사,0.4869,0.1644,GOOD
/업무사례/세종상속등기법무사,/업무사례/전국유증등기법무사,0.4869,0.2489,GOOD
/업무사례/울주범서상속등기,/업무사례/창원성산구상속등기법무사,0.4868,0.2857,GOOD
/업무사례/경남상속등기비용,/업무사례/대구성서상속등기,0.4867,0.2732,GOOD
/업무사례/대구상인동상속등기,/업무사례/울산송정동상속등기,0.4867,0.1981,GOOD
/업무사례/대구만촌동상속등기,/업무사례/창원상속등기비용,0.4866,0.2356,GOOD
/업무사례/부산에서대구법인본점이전,/업무사례/울산에서부산법인본점이전,0.4865,0.3373,GOOD
/업무사례/울산송정동상속등기,/업무사례/창원성산구상속등기법무사,0.4863,0.3291,GOOD
/업무사례/안동오래된토지상속등기,/업무사례/울주언양상속등기,0.4862,0.1484,GOOD
/업무사례/울산법무사업무,/업무사례/울산송정동상속등기,0.4861,0.2284,GOOD
/업무사례/경북상속등기비용,/업무사례/대구중구상속등기법무사,0.486,0.3627,GOOD
/업무사례/대구군위군상속등기법무사,/업무사례/울산유증등기법무사,0.486,0.241,GOOD
/업무사례/경북상속등기필요서류,/업무사례/대구범어동상속등기,0.4859,0.2986,GOOD
/업무사례/울주삼남상속등기,/업무사례/창원성산구상속등기법무사,0.4859,0.2834,GOOD
/업무사례/영천상속등기법무사,/업무사례/울산중구상속등기법무사,0.4858,0.1429,GOOD
/업무사례/대구중구상속등기법무사,/업무사례/울산달동상속등기,0.4857,0.392,GOOD
/업무사례/경북농지상속등기,/업무사례/양산상속등기비용,0.4856,0.235,GOOD
/업무사례/김해상속등기비용,/업무사례/대구다사상속등기,0.4856,0.269,GOOD
/업무사례/안동상속등기법무사,/업무사례/울산상속등기비용,0.4856,0.2487,GOOD
/업무사례/경주오래된토지상속등기,/업무사례/대구만촌동상속등기,0.4855,0.1472,GOOD
/업무사례/대구만촌동상속등기,/업무사례/대구법무사업무,0.4855,0.2618,GOOD
/업무사례/울산옥동상속등기,/업무사례/창원성산구상속등기법무사,0.4855,0.2834,GOOD
/업무사례/경북임야상속등기,/업무사례/울주언양상속등기,0.4854,0.2525,GOOD
/업무사례/경남유증등기법무사,/업무사례/대구북구상속등기법무사,0.4852,0.2659,GOOD
/업무사례/대구군위군상속등기법무사,/업무사례/영천상속등기법무사,0.4852,0.1593,GOOD
/업무사례/대구토지상속등기,/업무사례/울산중구상속등기법무사,0.4851,0.2871,GOOD
/업무사례/경북임야상속등기,/업무사례/울산삼산동상속등기,0.485,0.2718,GOOD
/업무사례/울산삼산동상속등기,/업무사례/창원상속등기비용,0.485,0.2539,GOOD
/업무사례/경북농지상속등기,/업무사례/울주범서상속등기,0.4849,0.3238,GOOD
/업무사례/대구상속등기필요서류,/업무사례/울산송정동상속등기,0.4849,0.2312,GOOD
/업무사례/경남여러필지토지상속,/업무사례/칠곡상속등기법무사,0.4848,0.25,GOOD
/업무사례/영천상속등기법무사,/업무사례/울산상속등기필요서류,0.4848,0.1303,GOOD
/업무사례/울산매곡동상속등기,/업무사례/울산상속등기비용,0.4848,0.3284,GOOD
/업무사례/대구성서상속등기,/업무사례/영천상속등기법무사,0.4846,0.1558,GOOD
/업무사례/양산상속등기필요서류,/업무사례/울산상속등기필요서류,0.4845,0.3065,GOOD
/업무사례/김해상속등기필요서류,/업무사례/칠곡상속등기법무사,0.4844,0.2551,GOOD
/업무사례/경남상속등기비용,/업무사례/울산삼산동상속등기,0.4843,0.3532,GOOD
/업무사례/대구상속등기비용,/업무사례/울산매곡동상속등기,0.4842,0.2977,GOOD
/업무사례/양산상속등기필요서류,/업무사례/울산상속등기비용,0.4842,0.2674,GOOD
/업무사례/울산상속등기비용,/업무사례/창원의창구상속등기법무사,0.4842,0.2941,GOOD
/업무사례/경남상속등기비용,/업무사례/경북농지상속등기,0.4841,0.3529,GOOD
/업무사례/대구토지상속등기,/업무사례/울산달동상속등기,0.4841,0.3088,GOOD
/업무사례/경남여러필지토지상속,/업무사례/대구달성군상속등기법무사,0.484,0.2764,GOOD
/업무사례/경남유증등기법무사,/업무사례/울산유증등기법무사,0.484,0.3005,GOOD
/업무사례/경북농지상속등기,/업무사례/울주삼남상속등기,0.484,0.3221,GOOD
/업무사례/경북상속등기필요서류,/업무사례/울산송정동상속등기,0.484,0.241,GOOD
/업무사례/김해상속등기비용,/업무사례/울산동구상속등기법무사,0.484,0.2895,GOOD
/업무사례/고성군상속등기법무사,/업무사례/창원성산구상속등기법무사,0.4839,0.1372,GOOD
/업무사례/대구군위군상속등기법무사,/업무사례/울산공장상속등기,0.4838,0.2487,GOOD
/업무사례/울산삼산동상속등기,/업무사례/창원성산구상속등기법무사,0.4838,0.2919,GOOD
/업무사례/경북오래된상속등기,/업무사례/울주언양상속등기,0.4837,0.3478,GOOD
/업무사례/경북토지상속등기,/업무사례/울산상속등기비용,0.4837,0.335,GOOD
/업무사례/대구상속등기비용,/업무사례/울산동구상속등기법무사,0.4837,0.3188,GOOD
/업무사례/울산상속등기필요서류,/업무사례/창원상속등기필요서류,0.4837,0.2963,GOOD
/업무사례/김해상속등기비용,/업무사례/울산북구상속등기법무사,0.4836,0.2822,GOOD
/업무사례/경남여러필지토지상속,/업무사례/대구현풍상속등기,0.4835,0.2683,GOOD
/업무사례/대구다사상속등기,/업무사례/창원의창구상속등기법무사,0.4834,0.3626,GOOD
/업무사례/대구만촌동상속등기,/업무사례/안동오래된토지상속등기,0.4834,0.1391,GOOD
/업무사례/대구중구상속등기법무사,/업무사례/울주언양상속등기,0.4834,0.3725,GOOD
/업무사례/경남상속등기비용,/업무사례/대구상속등기필요서류,0.4833,0.3463,GOOD
/업무사례/대구성서상속등기,/업무사례/울산법무사업무,0.4833,0.268,GOOD
/업무사례/경북임야상속등기,/업무사례/울산상속등기비용,0.4832,0.2437,GOOD
/업무사례/경주오래된토지상속등기,/업무사례/대구범어동상속등기,0.4832,0.1303,GOOD
/업무사례/대구상인동상속등기,/업무사례/울주언양상속등기,0.4832,0.3056,GOOD
/업무사례/경북농지상속등기,/업무사례/양산거주부산부동산상속,0.4831,0.2282,GOOD
/업무사례/대구달성군상속등기법무사,/업무사례/창원성산구상속등기법무사,0.4831,0.2751,GOOD
/업무사례/대구범어동상속등기,/업무사례/대구법무사업무,0.4831,0.3092,GOOD
/업무사례/김해상속등기비용,/업무사례/울산옥동상속등기,0.483,0.2984,GOOD
/업무사례/대구아파트상속등기,/업무사례/창원성산구상속등기법무사,0.483,0.254,GOOD
/업무사례/대구월성동상속등기,/업무사례/울산송정동상속등기,0.4829,0.2312,GOOD
/업무사례/경북상속등기필요서류,/업무사례/울산삼산동상속등기,0.4828,0.3284,GOOD
/업무사례/대구서구상속등기법무사,/업무사례/울산공장상속등기,0.4828,0.2487,GOOD
/업무사례/대구상속등기비용,/업무사례/울주범서상속등기,0.4827,0.3037,GOOD
/업무사례/울산아파트상속등기,/업무사례/창원성산구상속등기법무사,0.4827,0.2487,GOOD
/업무사례/대구만촌동상속등기,/업무사례/창원성산구상속등기법무사,0.4826,0.2848,GOOD
/업무사례/영천상속등기법무사,/업무사례/울산아파트상속등기,0.4826,0.1289,GOOD
/업무사례/대구시지상속등기,/업무사례/양산상속등기필요서류,0.4825,0.2848,GOOD
/업무사례/부산에서울산법인본점이전,/업무사례/부산울산공동근저당권,0.4825,0.3382,GOOD
/업무사례/경북농지상속등기,/업무사례/울산매곡동상속등기,0.4824,0.3238,GOOD
/업무사례/울산상속등기비용,/업무사례/울산토지상속등기,0.4824,0.3301,GOOD
/업무사례/울주언양상속등기,/업무사례/창원의창구상속등기법무사,0.4824,0.3298,GOOD
/업무사례/경남유증등기법무사,/업무사례/대구아파트상속등기,0.4823,0.2667,GOOD
/업무사례/경북임야상속등기,/업무사례/울산달동상속등기,0.4823,0.2563,GOOD
/업무사례/대구군위군상속등기법무사,/업무사례/울산상속등기필요서류,0.4823,0.215,GOOD
/업무사례/대구법무사업무,/업무사례/울산상속등기비용,0.4823,0.2679,GOOD
/업무사례/영천상속등기법무사,/업무사례/울산동구상속등기법무사,0.4823,0.1462,GOOD
/업무사례/대구군위군상속등기법무사,/업무사례/울산중구상속등기법무사,0.4821,0.2642,GOOD
/업무사례/대구동구상속등기법무사,/업무사례/양산상속등기비용,0.482,0.2398,GOOD
/업무사례/경북오래된상속등기,/업무사례/안동오래된토지상속등기,0.4819,0.149,GOOD
/업무사례/사천상속등기법무사,/업무사례/양산상속등기필요서류,0.4819,0.0851,GOOD
/업무사례/경남여러필지토지상속,/업무사례/경북농지상속등기,0.4818,0.2673,GOOD
/업무사례/대구다사상속등기,/업무사례/양산상속등기비용,0.4818,0.2551,GOOD
/업무사례/대구상속등기비용,/업무사례/울주삼남상속등기,0.4818,0.3019,GOOD
/업무사례/경남오래된상속등기,/업무사례/대구아파트상속등기,0.4817,0.2323,GOOD
/업무사례/울산공장상속등기,/업무사례/울산상속등기비용,0.4817,0.301,GOOD
/업무사례/경남여러필지토지상속,/업무사례/남해상속등기법무사,0.4816,0.1602,GOOD
/업무사례/경북오래된상속등기,/업무사례/울산중구상속등기법무사,0.4816,0.3113,GOOD
/업무사례/양산거주부산부동산상속,/업무사례/울산상속등기비용,0.4815,0.2362,GOOD
/업무사례/대구상속등기필요서류,/업무사례/울주언양상속등기,0.4814,0.316,GOOD
/업무사례/김해상속등기비용,/업무사례/울산삼산동상속등기,0.4813,0.3069,GOOD
/업무사례/경남유증등기법무사,/업무사례/대구서구상속등기법무사,0.4811,0.2659,GOOD
/업무사례/사천상속등기법무사,/업무사례/창원성산구상속등기법무사,0.4811,0.0855,GOOD
/업무사례/경북상속등기비용,/업무사례/울산동구상속등기법무사,0.481,0.3284,GOOD
/업무사례/경주오래된토지상속등기,/업무사례/대구달성군상속등기법무사,0.4809,0.1575,GOOD
/업무사례/경남법무사업무,/업무사례/대구법무사업무,0.4808,0.5169,GOOD
/업무사례/대구월성동상속등기,/업무사례/울주언양상속등기,0.4808,0.3223,GOOD
/업무사례/김해상속등기비용,/업무사례/대구달성군상속등기법무사,0.4807,0.2835,GOOD
/업무사례/김해상속등기필요서류,/업무사례/대구시지상속등기,0.4807,0.2437,GOOD
/업무사례/대구상속등기비용,/업무사례/울산북구상속등기법무사,0.4806,0.3165,GOOD
/업무사례/대구성서상속등기,/업무사례/부산거주양산부동산상속,0.4806,0.2874,GOOD
/업무사례/양산거주부산부동산상속,/업무사례/울산삼산동상속등기,0.4806,0.245,GOOD
/업무사례/울산달동상속등기,/업무사례/창원의창구상속등기법무사,0.4806,0.3351,GOOD
/업무사례/경북상속등기필요서류,/업무사례/울주언양상속등기,0.4805,0.3019,GOOD
/업무사례/안동상속등기법무사,/업무사례/울산송정동상속등기,0.4805,0.2647,GOOD
/업무사례/영천상속등기법무사,/업무사례/울주삼남상속등기,0.4805,0.1313,GOOD
/업무사례/대구북구상속등기법무사,/업무사례/창원성산구상속등기법무사,0.4804,0.3228,GOOD
/업무사례/경북농지상속등기,/업무사례/울산상속등기필요서류,0.4803,0.3382,GOOD
/업무사례/경주오래된토지상속등기,/업무사례/칠곡상속등기법무사,0.4803,0.1778,GOOD
/업무사례/김해상속등기비용,/업무사례/대구동구상속등기법무사,0.4803,0.2865,GOOD
/업무사례/김해상속등기필요서류,/업무사례/대구다사상속등기,0.4803,0.3869,GOOD
/업무사례/대구만촌동상속등기,/업무사례/울산토지상속등기,0.4803,0.2195,GOOD
/업무사례/경남여러필지토지상속,/업무사례/대구성서상속등기,0.4802,0.3046,GOOD
/업무사례/경주오래된토지상속등기,/업무사례/울산달동상속등기,0.4802,0.1529,GOOD
/업무사례/경남여러필지토지상속,/업무사례/울산토지상속등기,0.4801,0.2759,GOOD
/업무사례/경남오래된상속등기,/업무사례/울산아파트상속등기,0.4801,0.2398,GOOD
/업무사례/김해에서부산법인본점이전,/업무사례/창원법인등기법무사,0.4801,0.3239,GOOD
/업무사례/경북토지상속등기,/업무사례/울산송정동상속등기,0.48,0.2388,GOOD
/업무사례/대구만촌동상속등기,/업무사례/울산매곡동상속등기,0.48,0.235,GOOD
/업무사례/경남유증등기법무사,/업무사례/울주삼남상속등기,0.4799,0.2821,GOOD
/업무사례/경북법무사업무,/업무사례/대구만촌동상속등기,0.4799,0.2632,GOOD
/업무사례/경북토지상속등기,/업무사례/울산중구상속등기법무사,0.4799,0.3365,GOOD
/업무사례/경북상속등기비용,/업무사례/울산공장상속등기,0.4798,0.2744,GOOD
/업무사례/고성군상속등기법무사,/업무사례/김해거주부산부동산상속,0.4798,0.1148,GOOD
/업무사례/대구현풍상속등기,/업무사례/창원상속등기비용,0.4798,0.2255,GOOD
/업무사례/경북상속등기비용,/업무사례/양산상속등기필요서류,0.4796,0.2462,GOOD
/업무사례/김해상속등기비용,/업무사례/대구중구상속등기법무사,0.4796,0.2857,GOOD
/업무사례/남해상속등기법무사,/업무사례/창원상속등기필요서류,0.4796,0.1889,GOOD
/업무사례/대구상속등기필요서류,/업무사례/울산삼산동상속등기,0.4796,0.3431,GOOD
/업무사례/경북조부모명의토지상속,/업무사례/울산중구상속등기법무사,0.4795,0.2958,GOOD
/업무사례/대구현풍상속등기,/업무사례/울주군상속포기한정승인,0.4795,0.1905,GOOD
/업무사례/김해상속등기비용,/업무사례/울주삼남상속등기,0.4794,0.285,GOOD
/업무사례/대구월성동상속등기,/업무사례/창원성산구상속등기법무사,0.4794,0.2335,GOOD
/업무사례/경북토지상속등기,/업무사례/울주언양상속등기,0.4792,0.3286,GOOD
/업무사례/대구서구상속등기법무사,/업무사례/창원성산구상속등기법무사,0.4791,0.3228,GOOD
/업무사례/양산상속등기필요서류,/업무사례/울산송정동상속등기,0.4791,0.2788,GOOD
/업무사례/경남오래된상속등기,/업무사례/고성군상속등기법무사,0.479,0.1186,GOOD
/업무사례/경북법인등기법무사,/업무사례/부산에서대구법인본점이전,0.4789,0.2067,GOOD
/업무사례/경북상속등기비용,/업무사례/김해상속등기비용,0.4789,0.3441,GOOD
/업무사례/김해상속등기비용,/업무사례/대구상속등기비용,0.4789,0.3333,GOOD
/업무사례/김해상속등기비용,/업무사례/대구상속등기필요서류,0.4789,0.2741,GOOD
/업무사례/경남상속등기비용,/업무사례/울산상속등기필요서류,0.4788,0.3415,GOOD
/업무사례/김해거주부산부동산상속,/업무사례/울주삼남상속등기,0.4788,0.2944,GOOD
/업무사례/양산상속등기비용,/업무사례/울산상속등기필요서류,0.4788,0.2487,GOOD
/업무사례/대구남구상속등기법무사,/업무사례/양산거주부산부동산상속,0.4787,0.2293,GOOD
/업무사례/인천상속등기법무사,/업무사례/전국유증등기법무사,0.4787,0.2651,GOOD
/업무사례/대구서구상속등기법무사,/업무사례/양산상속등기필요서류,0.4786,0.2727,GOOD
/업무사례/대구중구상속등기법무사,/업무사례/울산상속등기비용,0.4786,0.3333,GOOD
/업무사례/부산거주양산부동산상속,/업무사례/칠곡상속등기법무사,0.4785,0.2614,GOOD
/업무사례/울산달동상속등기,/업무사례/창원성산구상속등기법무사,0.4785,0.2751,GOOD
/업무사례/경남상속등기비용,/업무사례/대구남구상속등기법무사,0.4784,0.348,GOOD
/업무사례/경남여러필지토지상속,/업무사례/대구아파트상속등기,0.4784,0.2626,GOOD
/업무사례/경북상속등기필요서류,/업무사례/양산상속등기비용,0.4784,0.2513,GOOD
/업무사례/대구달성군상속등기법무사,/업무사례/양산상속등기비용,0.4783,0.2437,GOOD
/업무사례/대구토지상속등기,/업무사례/울산상속등기비용,0.4783,0.3035,GOOD
/업무사례/안동오래된토지상속등기,/업무사례/울산달동상속등기,0.4782,0.1457,GOOD
/업무사례/양산상속등기비용,/업무사례/울산매곡동상속등기,0.4782,0.2475,GOOD
/업무사례/경남유증등기법무사,/업무사례/울주범서상속등기,0.4781,0.2778,GOOD
/업무사례/전국법인본점이전등기,/업무사례/전국유증등기법무사,0.4781,0.319,GOOD
/업무사례/경남유증등기법무사,/업무사례/경북임야상속등기,0.4779,0.2541,GOOD
/업무사례/경남조부모명의토지상속,/업무사례/대구성서상속등기,0.4779,0.2557,GOOD
/업무사례/대구만촌동상속등기,/업무사례/울산상속등기필요서류,0.4779,0.2059,GOOD
/업무사례/양산상속등기비용,/업무사례/울산옥동상속등기,0.4779,0.2513,GOOD
/업무사례/경북오래된상속등기,/업무사례/울산송정동상속등기,0.4778,0.2629,GOOD
/업무사례/대구범어동상속등기,/업무사례/대구토지상속등기,0.4778,0.3073,GOOD
/업무사례/영천상속등기법무사,/업무사례/울산매곡동상속등기,0.4778,0.1255,GOOD
/업무사례/경남오래된상속등기,/업무사례/대구시지상속등기,0.4777,0.2899,GOOD
/업무사례/대구만촌동상속등기,/업무사례/울산북구상속등기법무사,0.4777,0.2143,GOOD
/업무사례/김해상속등기필요서류,/업무사례/대구현풍상속등기,0.4776,0.3575,GOOD
/경남사단법인설립,/경남재단법인설립,0.4775,0.6341,GOOD
/업무사례/대구경북공동담보등기,/업무사례/대구에서부산법인본점이전,0.4775,0.3209,GOOD
/업무사례/영천상속등기법무사,/업무사례/울주범서상속등기,0.4775,0.1298,GOOD
/업무사례/부산에서김해법인본점이전,/업무사례/양산에서부산법인본점이전,0.4774,0.3952,GOOD
/업무사례/경남유증등기법무사,/업무사례/대구성서상속등기,0.4773,0.3023,GOOD
/업무사례/경북임야상속등기,/업무사례/창원성산구상속등기법무사,0.4773,0.2765,GOOD
/업무사례/대구유증등기법무사,/업무사례/울산삼산동상속등기,0.4772,0.3037,GOOD
/업무사례/경남조부모명의토지상속,/업무사례/칠곡상속등기법무사,0.4771,0.2373,GOOD
/업무사례/대구상속등기비용,/업무사례/울산공장상속등기,0.4771,0.2719,GOOD
/업무사례/울산동구상속등기법무사,/업무사례/창원성산구상속등기법무사,0.4771,0.2742,GOOD
/업무사례/김해상속등기필요서류,/업무사례/울산상속등기비용,0.477,0.3706,GOOD
/업무사례/안동오래된토지상속등기,/업무사례/칠곡상속등기법무사,0.477,0.1696,GOOD
/업무사례/경남상속등기비용,/업무사례/대구북구상속등기법무사,0.4769,0.2474,GOOD
/업무사례/대구북구상속등기법무사,/업무사례/양산상속등기비용,0.4769,0.2754,GOOD
/업무사례/경남비대면상속안내,/업무사례/양산상속등기비용,0.4767,0.1057,GOOD
/업무사례/경남유증등기법무사,/업무사례/울산아파트상속등기,0.4767,0.2746,GOOD
/업무사례/경북상속등기비용,/업무사례/울산북구상속등기법무사,0.4767,0.338,GOOD
/업무사례/경북오래된상속등기,/업무사례/울산달동상속등기,0.4767,0.3529,GOOD
/업무사례/경북토지상속등기,/업무사례/대구범어동상속등기,0.4766,0.3318,GOOD
/업무사례/경남오래된상속등기,/업무사례/대구서구상속등기법무사,0.4765,0.2706,GOOD
/업무사례/경남유증등기법무사,/업무사례/남해상속등기법무사,0.4765,0.1674,GOOD
/업무사례/경북상속등기필요서류,/업무사례/창원상속등기필요서류,0.4765,0.2789,GOOD
/업무사례/경주오래된토지상속등기,/업무사례/울산삼산동상속등기,0.4764,0.1542,GOOD
/업무사례/부산거주양산부동산상속,/업무사례/울주삼남상속등기,0.4764,0.2438,GOOD
/업무사례/양산상속등기비용,/업무사례/칠곡상속등기법무사,0.4764,0.2934,GOOD
/업무사례/대구상속등기비용,/업무사례/울산법무사업무,0.4763,0.2958,GOOD
/업무사례/김해상속등기필요서류,/업무사례/울산달동상속등기,0.4762,0.3415,GOOD
/업무사례/부산거주양산부동산상속,/업무사례/사천상속등기법무사,0.4762,0.0732,GOOD
/업무사례/안동상속등기법무사,/업무사례/양산상속등기비용,0.4762,0.2765,GOOD
/업무사례/울주언양상속등기,/업무사례/창원성산구상속등기법무사,0.4762,0.2775,GOOD
/업무사례/경북조부모명의토지상속,/업무사례/안동오래된토지상속등기,0.4761,0.1457,GOOD
/업무사례/대구상인동상속등기,/업무사례/울산달동상속등기,0.4761,0.3223,GOOD
/업무사례/대구현풍상속등기,/업무사례/울산법무사업무,0.4761,0.3099,GOOD
/업무사례/경북농지상속등기,/업무사례/울산유증등기법무사,0.476,0.3333,GOOD
/업무사례/김해상속등기필요서류,/업무사례/울산송정동상속등기,0.476,0.2449,GOOD
/업무사례/대구상속등기필요서류,/업무사례/창원상속등기필요서류,0.476,0.2746,GOOD
/업무사례/대구아파트상속등기,/업무사례/창원상속등기비용,0.476,0.2183,GOOD
/업무사례/울주언양상속등기,/업무사례/창원상속등기비용,0.476,0.235,GOOD
/업무사례/김해에서부산법인본점이전,/업무사례/부산에서양산법인본점이전,0.4759,0.3988,GOOD
/업무사례/경남상속등기비용,/업무사례/경북상속등기필요서류,0.4758,0.3382,GOOD
/업무사례/부산울산공동근저당권,/업무사례/울산에서부산법인본점이전,0.4758,0.2718,GOOD
/업무사례/경남조부모명의토지상속,/업무사례/대구다사상속등기,0.4757,0.2206,GOOD
/업무사례/김해거주부산부동산상속,/업무사례/울주범서상속등기,0.4757,0.29,GOOD
/업무사례/김해상속등기비용,/업무사례/울산중구상속등기법무사,0.4757,0.2872,GOOD
/업무사례/안동오래된토지상속등기,/업무사례/울산삼산동상속등기,0.4757,0.1468,GOOD
/업무사례/대구상속등기비용,/업무사례/울산중구상속등기법무사,0.4754,0.3223,GOOD
/업무사례/안동상속등기법무사,/업무사례/울산달동상속등기,0.4754,0.2551,GOOD
/업무사례/경남상속등기비용,/업무사례/울산아파트상속등기,0.4753,0.2995,GOOD
/업무사례/경북농지상속등기,/업무사례/창원상속등기비용,0.4753,0.2118,GOOD
/업무사례/경북법인등기법무사,/업무사례/대구경북공동담보등기,0.4753,0.3398,GOOD
/업무사례/대구만촌동상속등기,/업무사례/창원의창구상속등기법무사,0.4753,0.2529,GOOD
/업무사례/전국상속부동산일괄등기,/업무사례/제주상속등기법무사,0.4753,0.1974,GOOD
/업무사례/울산상속등기비용,/업무사례/울주군상속포기한정승인,0.4752,0.2143,GOOD
/업무사례/경남유증등기법무사,/업무사례/대구다사상속등기,0.4751,0.2857,GOOD
/업무사례/경남유증등기법무사,/업무사례/울산동구상속등기법무사,0.4751,0.2932,GOOD
/업무사례/김해상속등기비용,/업무사례/대구유증등기법무사,0.4751,0.2488,GOOD
/업무사례/김해상속등기필요서류,/업무사례/울산옥동상속등기,0.4751,0.3301,GOOD
/업무사례/대구성서상속등기,/업무사례/울주군상속포기한정승인,0.4751,0.2192,GOOD
/업무사례/울산법무사업무,/업무사례/울주범서상속등기,0.475,0.3614,GOOD
/업무사례/경북토지상속등기,/업무사례/울산삼산동상속등기,0.4748,0.3627,GOOD
/업무사례/대전서구상속등기법무사,/업무사례/전국상속부동산일괄등기,0.4748,0.1841,GOOD
/업무사례/김해거주부산부동산상속,/업무사례/사천상속등기법무사,0.4747,0.0803,GOOD
/업무사례/김해상속등기비용,/업무사례/칠곡상속등기법무사,0.4747,0.2717,GOOD
/업무사례/대구시지상속등기,/업무사례/창원상속등기비용,0.4747,0.2738,GOOD
/업무사례/경남유증등기법무사,/업무사례/대구남구상속등기법무사,0.4745,0.2923,GOOD
/업무사례/경북농지상속등기,/업무사례/김해상속등기필요서류,0.4745,0.3713,GOOD
/업무사례/김해거주부산부동산상속,/업무사례/대구시지상속등기,0.4745,0.2626,GOOD
/업무사례/대구북구상속등기법무사,/업무사례/양산거주부산부동산상속,0.4745,0.2514,GOOD
/업무사례/김해상속등기비용,/업무사례/울산상속등기필요서류,0.4744,0.3089,GOOD
/업무사례/경북조부모명의토지상속,/업무사례/경주오래된토지상속등기,0.4743,0.1575,GOOD
/업무사례/울산달동상속등기,/업무사례/창원상속등기비용,0.4743,0.2577,GOOD
/업무사례/대구법무사업무,/업무사례/대구유증등기법무사,0.4742,0.2944,GOOD
/업무사례/양산상속등기필요서류,/업무사례/울산아파트상속등기,0.4742,0.254,GOOD
/업무사례/울산송정동상속등기,/업무사례/울주군상속포기한정승인,0.4742,0.2064,GOOD
/업무사례/고성군상속등기법무사,/업무사례/부산거주양산부동산상속,0.4741,0.1314,GOOD
/업무사례/대구현풍상속등기,/업무사례/양산거주부산부동산상속,0.4741,0.2238,GOOD
/업무사례/경주오래된토지상속등기,/업무사례/대구상속등기필요서류,0.474,0.1385,GOOD
/업무사례/울산동구상속등기법무사,/업무사례/창원의창구상속등기법무사,0.474,0.2995,GOOD
/업무사례/울산토지상속등기,/업무사례/창원성산구상속등기법무사,0.474,0.2551,GOOD
/업무사례/경주오래된토지상속등기,/업무사례/대구다사상속등기,0.4739,0.1479,GOOD
/업무사례/경남상속등기비용,/업무사례/대구현풍상속등기,0.4738,0.3208,GOOD
/업무사례/김해상속등기필요서류,/업무사례/울주범서상속등기,0.4738,0.3128,GOOD
/업무사례/대구상속등기필요서류,/업무사례/양산상속등기비용,0.4738,0.2412,GOOD
/업무사례/부산에서대구법인본점이전,/업무사례/부산에서양산법인본점이전,0.4738,0.4903,GOOD
/업무사례/경남오래된상속등기,/업무사례/대구북구상속등기법무사,0.4737,0.2706,GOOD
/업무사례/경북조부모명의토지상속,/업무사례/대구범어동상속등기,0.4737,0.3221,GOOD
/업무사례/경남조부모명의토지상속,/업무사례/대구토지상속등기,0.4736,0.2172,GOOD
/업무사례/경북농지상속등기,/업무사례/창원의창구상속등기법무사,0.4736,0.2835,GOOD
/업무사례/경북조부모명의토지상속,/업무사례/울주언양상속등기,0.4736,0.3005,GOOD
/업무사례/경남유증등기법무사,/업무사례/울산송정동상속등기,0.4735,0.25,GOOD
/업무사례/경북농지상속등기,/업무사례/울산중구상속등기법무사,0.4735,0.343,GOOD
/업무사례/김해거주부산부동산상속,/업무사례/대구성서상속등기,0.4735,0.2938,GOOD
/업무사례/경남오래된상속등기,/업무사례/경북임야상속등기,0.4734,0.2727,GOOD
/업무사례/경북농지상속등기,/업무사례/울산북구상속등기법무사,0.4734,0.3619,GOOD
/업무사례/대구토지상속등기,/업무사례/울산삼산동상속등기,0.4734,0.325,GOOD
/업무사례/양산상속등기비용,/업무사례/울산북구상속등기법무사,0.4733,0.2319,GOOD
/업무사례/울산공장상속등기,/업무사례/창원성산구상속등기법무사,0.4733,0.2308,GOOD
/업무사례/경남여러필지토지상속,/업무사례/대구북구상속등기법무사,0.4732,0.2614,GOOD
/업무사례/경북조부모명의토지상속,/업무사례/울산삼산동상속등기,0.4732,0.3399,GOOD
/업무사례/대구달성군상속등기법무사,/업무사례/창원의창구상속등기법무사,0.4732,0.328,GOOD
/업무사례/대구월성동상속등기,/업무사례/울산상속등기비용,0.4732,0.2967,GOOD
/업무사례/경남비대면상속안내,/업무사례/경남상속등기비용,0.4731,0.098,GOOD
/업무사례/대구부산공동근저당권,/업무사례/부산에서대구법인본점이전,0.4731,0.2424,GOOD
/업무사례/대구월성동상속등기,/업무사례/양산상속등기비용,0.4731,0.2108,GOOD
/업무사례/영천상속등기법무사,/업무사례/울산북구상속등기법무사,0.4731,0.1472,GOOD
/업무사례/경남유증등기법무사,/업무사례/대구달성군상속등기법무사,0.473,0.2938,GOOD
/업무사례/대구상인동상속등기,/업무사례/울산상속등기비용,0.473,0.2804,GOOD
/업무사례/대구아파트상속등기,/업무사례/창원의창구상속등기법무사,0.473,0.2857,GOOD
/업무사례/영천상속등기법무사,/업무사례/울산토지상속등기,0.473,0.1241,GOOD
/업무사례/경남조부모명의토지상속,/업무사례/경북오래된상속등기,0.4729,0.2077,GOOD
/업무사례/대구군위군상속등기법무사,/업무사례/창원의창구상속등기법무사,0.4729,0.2952,GOOD
/업무사례/대구남구상속등기법무사,/업무사례/울산법무사업무,0.4729,0.311,GOOD
/업무사례/대구법무사업무,/업무사례/울주언양상속등기,0.4729,0.2698,GOOD
/업무사례/경남상속등기비용,/업무사례/대구아파트상속등기,0.4728,0.3235,GOOD
/업무사례/김해상속등기필요서류,/업무사례/대구달성군상속등기법무사,0.4728,0.3614,GOOD
/업무사례/대구현풍상속등기,/업무사례/양산상속등기필요서류,0.4727,0.2338,GOOD
/업무사례/안동오래된토지상속등기,/업무사례/울산상속등기비용,0.4727,0.144,GOOD
/업무사례/경남유증등기법무사,/업무사례/대구동구상속등기법무사,0.4726,0.2969,GOOD
/업무사례/경북법무사업무,/업무사례/울주언양상속등기,0.4726,0.283,GOOD
/업무사례/경북상속등기필요서류,/업무사례/안동오래된토지상속등기,0.4726,0.1328,GOOD
/업무사례/경북오래된상속등기,/업무사례/울산삼산동상속등기,0.4726,0.3838,GOOD
/업무사례/김해상속등기비용,/업무사례/대구남구상속등기법무사,0.4726,0.2953,GOOD
/업무사례/창원의창구상속등기법무사,/업무사례/칠곡상속등기법무사,0.4726,0.2749,GOOD
/업무사례/경남여러필지토지상속,/업무사례/경북오래된상속등기,0.4725,0.2673,GOOD
/업무사례/경남조부모명의토지상속,/업무사례/울산토지상속등기,0.4725,0.2222,GOOD
/업무사례/경북상속등기비용,/업무사례/울산법무사업무,0.4725,0.3048,GOOD
/업무사례/김해상속등기필요서류,/업무사례/대구아파트상속등기,0.4725,0.3284,GOOD
/업무사례/대구법무사업무,/업무사례/울산삼산동상속등기,0.4725,0.2762,GOOD
/업무사례/경남유증등기법무사,/업무사례/칠곡상속등기법무사,0.4724,0.2542,GOOD
/업무사례/경주오래된토지상속등기,/업무사례/울산송정동상속등기,0.4724,0.1741,GOOD
/업무사례/김해상속등기필요서류,/업무사례/울산아파트상속등기,0.4724,0.3043,GOOD
/업무사례/대구남구상속등기법무사,/업무사례/창원상속등기비용,0.4723,0.2189,GOOD
/업무사례/경북오래된상속등기,/업무사례/울산상속등기비용,0.4722,0.335,GOOD
/업무사례/경북토지상속등기,/업무사례/울산달동상속등기,0.4722,0.3333,GOOD
/업무사례/대구동구상속등기법무사,/업무사례/창원상속등기필요서류,0.4721,0.2347,GOOD
/업무사례/대구시지상속등기,/업무사례/부산거주양산부동산상속,0.4721,0.2924,GOOD
/업무사례/전국상속등기법무사,/업무사례/전국유증등기법무사,0.4721,0.6168,GOOD
/업무사례/김해거주부산부동산상속,/업무사례/대구아파트상속등기,0.4718,0.2857,GOOD
/업무사례/울산아파트상속등기,/업무사례/창원상속등기비용,0.4718,0.2383,GOOD
/업무사례/경남여러필지토지상속,/업무사례/대구군위군상속등기법무사,0.4716,0.2472,GOOD
/업무사례/경북농지상속등기,/업무사례/김해상속등기비용,0.4716,0.2613,GOOD
/업무사례/대구상속등기비용,/업무사례/양산거주부산부동산상속,0.4716,0.2212,GOOD
/업무사례/양산상속등기필요서류,/업무사례/울주범서상속등기,0.4716,0.2513,GOOD
/업무사례/경북농지상속등기,/업무사례/창원성산구상속등기법무사,0.4715,0.2398,GOOD
/업무사례/경북상속등기비용,/업무사례/창원의창구상속등기법무사,0.4715,0.285,GOOD
/업무사례/부산거주김해부동산상속,/업무사례/칠곡상속등기법무사,0.4715,0.2443,GOOD
/업무사례/경북토지상속등기,/업무사례/안동오래된토지상속등기,0.4713,0.1423,GOOD
/업무사례/대구법무사업무,/업무사례/울산달동상속등기,0.4713,0.2736,GOOD
/업무사례/부산거주김해부동산상속,/업무사례/울산송정동상속등기,0.4713,0.2543,GOOD
/업무사례/경남상속등기비용,/업무사례/울산달동상속등기,0.4712,0.3366,GOOD
/업무사례/대구아파트상속등기,/업무사례/양산상속등기비용,0.4712,0.2359,GOOD
/업무사례/경남유증등기법무사,/업무사례/대구현풍상속등기,0.4711,0.2786,GOOD
/업무사례/경북임야상속등기,/업무사례/김해상속등기필요서류,0.471,0.2426,GOOD
/업무사례/대구서구상속등기법무사,/업무사례/부산거주양산부동산상속,0.471,0.2586,GOOD
/업무사례/경남유증등기법무사,/업무사례/울산상속등기필요서류,0.4709,0.2727,GOOD
/업무사례/경주오래된토지상속등기,/업무사례/울산상속등기비용,0.4709,0.1514,GOOD
/업무사례/김해상속등기필요서류,/업무사례/울산동구상속등기법무사,0.4709,0.335,GOOD
/업무사례/대구서구상속등기법무사,/업무사례/부산거주김해부동산상속,0.4708,0.2486,GOOD
/업무사례/부산거주양산부동산상속,/업무사례/울주범서상속등기,0.4707,0.2463,GOOD
/업무사례/양산상속등기필요서류,/업무사례/울주삼남상속등기,0.4707,0.2552,GOOD
/업무사례/경남여러필지토지상속,/업무사례/대구서구상속등기법무사,0.4706,0.2614,GOOD
/업무사례/대구군위군상속등기법무사,/업무사례/창원상속등기비용,0.4706,0.2471,GOOD
/업무사례/안동상속등기법무사,/업무사례/안동오래된토지상속등기,0.4706,0.1689,GOOD
/업무사례/울산매곡동상속등기,/업무사례/창원의창구상속등기법무사,0.4706,0.3245,GOOD
/업무사례/대구시지상속등기,/업무사례/포항상속포기한정승인,0.4705,0.0667,GOOD
/업무사례/경북토지상속등기,/업무사례/김해상속등기필요서류,0.4703,0.3641,GOOD
/업무사례/대구아파트상속등기,/업무사례/양산거주부산부동산상속,0.4703,0.235,GOOD
/업무사례/대구아파트상속등기,/업무사례/양산상속등기필요서류,0.4703,0.2332,GOOD
/업무사례/경북상속등기비용,/업무사례/울산중구상속등기법무사,0.4702,0.3447,GOOD
/업무사례/대구만촌동상속등기,/업무사례/울산공장상속등기,0.4702,0.2139,GOOD
/업무사례/경남오래된상속등기,/업무사례/울주삼남상속등기,0.47,0.2475,GOOD
/업무사례/경남오래된상속등기,/업무사례/대구성서상속등기,0.4699,0.2849,GOOD
/업무사례/김해법인등기법무사,/업무사례/양산에서부산법인본점이전,0.4699,0.3198,GOOD
/업무사례/경남오래된상속등기,/업무사례/대구달성군상속등기법무사,0.4698,0.24,GOOD
/업무사례/경남조부모명의토지상속,/업무사례/경북토지상속등기,0.4698,0.2095,GOOD
/업무사례/대구범어동상속등기,/업무사례/안동오래된토지상속등기,0.4698,0.1231,GOOD
/업무사례/울주군상속포기한정승인,/업무사례/울주언양상속등기,0.4698,0.2024,GOOD
/업무사례/경남오래된상속등기,/업무사례/대구유증등기법무사,0.4697,0.2319,GOOD
/업무사례/대구중구상속등기법무사,/업무사례/창원의창구상속등기법무사,0.4697,0.3158,GOOD
/업무사례/울산북구상속등기법무사,/업무사례/창원의창구상속등기법무사,0.4696,0.3046,GOOD
/업무사례/경남조부모명의토지상속,/업무사례/경북조부모명의토지상속,0.4695,0.2462,GOOD
/업무사례/경남조부모명의토지상속,/업무사례/대구유증등기법무사,0.4695,0.2143,GOOD
/업무사례/경북상속등기필요서류,/업무사례/경주오래된토지상속등기,0.4695,0.1401,GOOD
/업무사례/경북임야상속등기,/업무사례/안동오래된토지상속등기,0.4695,0.1558,GOOD
/업무사례/김해상속등기필요서류,/업무사례/안동상속등기법무사,0.4695,0.2475,GOOD
/업무사례/김해상속등기필요서류,/업무사례/울산삼산동상속등기,0.4695,0.365,GOOD
/업무사례/울산달동상속등기,/업무사례/울주군상속포기한정승인,0.4695,0.2049,GOOD
/업무사례/경북농지상속등기,/업무사례/울산법무사업무,0.4694,0.3158,GOOD
/업무사례/경북상속등기비용,/업무사례/창원성산구상속등기법무사,0.4694,0.241,GOOD
/업무사례/경주오래된토지상속등기,/업무사례/대구토지상속등기,0.4694,0.1573,GOOD
/업무사례/대구성서상속등기,/업무사례/양산상속등기필요서류,0.4694,0.2798,GOOD
/업무사례/울산삼산동상속등기,/업무사례/울주군상속포기한정승인,0.4694,0.2066,GOOD
/업무사례/경북법무사업무,/업무사례/울산상속등기비용,0.4693,0.2816,GOOD
/업무사례/대구달성군상속등기법무사,/업무사례/양산거주부산부동산상속,0.4693,0.2365,GOOD
/업무사례/안동오래된토지상속등기,/업무사례/울산송정동상속등기,0.4692,0.1659,GOOD
/업무사례/영천상속등기법무사,/업무사례/울산유증등기법무사,0.4692,0.1264,GOOD
/업무사례/경북조부모명의토지상속,/업무사례/울산송정동상속등기,0.4691,0.2398,GOOD
/업무사례/경남여러필지토지상속,/업무사례/대구시지상속등기,0.469,0.28,GOOD
/업무사례/경북법무사업무,/업무사례/대구달성군상속등기법무사,0.469,0.345,GOOD
/업무사례/대구남구상속등기법무사,/업무사례/영천상속등기법무사,0.469,0.1434,GOOD
/업무사례/칠곡상속등기법무사,/업무사례/포항상속포기한정승인,0.469,0.0798,GOOD
/업무사례/경북법무사업무,/업무사례/대구범어동상속등기,0.4689,0.3171,GOOD
/업무사례/경북상속등기비용,/업무사례/양산거주부산부동산상속,0.4689,0.2233,GOOD
/업무사례/경북임야상속등기,/업무사례/경주오래된토지상속등기,0.4689,0.1638,GOOD
/업무사례/대구다사상속등기,/업무사례/창원상속등기비용,0.4689,0.225,GOOD
/업무사례/대구상속등기비용,/업무사례/양산상속등기필요서류,0.4689,0.2374,GOOD
/업무사례/창원상속등기비용,/업무사례/칠곡상속등기법무사,0.4689,0.2798,GOOD
/업무사례/경주오래된토지상속등기,/업무사례/안동상속등기법무사,0.4688,0.177,GOOD
/업무사례/김해상속등기필요서류,/업무사례/대구서구상속등기법무사,0.4688,0.2335,GOOD
/업무사례/대구동구상속등기법무사,/업무사례/창원의창구상속등기법무사,0.4688,0.3102,GOOD
/업무사례/김해상속등기필요서류,/업무사례/대구북구상속등기법무사,0.4687,0.2273,GOOD
/업무사례/대구달성군상속등기법무사,/업무사례/안동오래된토지상속등기,0.4687,0.1502,GOOD
/업무사례/양산상속등기필요서류,/업무사례/울산삼산동상속등기,0.4687,0.25,GOOD
/업무사례/경북상속등기필요서류,/업무사례/김해상속등기비용,0.4686,0.285,GOOD
/업무사례/대구군위군상속등기법무사,/업무사례/양산상속등기비용,0.4686,0.2456,GOOD
/업무사례/대구만촌동상속등기,/업무사례/양산거주부산부동산상속,0.4686,0.2402,GOOD
/업무사례/대구성서상속등기,/업무사례/창원상속등기필요서류,0.4686,0.2765,GOOD
/업무사례/경남비대면상속안내,/업무사례/창원의창구상속등기법무사,0.4685,0.1244,GOOD
/업무사례/대구남구상속등기법무사,/업무사례/부산거주양산부동산상속,0.4685,0.2353,GOOD
/업무사례/영천상속등기법무사,/업무사례/울산공장상속등기,0.4685,0.1269,GOOD
/업무사례/경남유증등기법무사,/업무사례/울산삼산동상속등기,0.4684,0.2902,GOOD
/업무사례/경남조부모명의토지상속,/업무사례/대구달성군상속등기법무사,0.4683,0.2217,GOOD
/업무사례/경북임야상속등기,/업무사례/양산상속등기비용,0.4683,0.2701,GOOD
/업무사례/경북토지상속등기,/업무사례/경주오래된토지상속등기,0.4683,0.1494,GOOD
/업무사례/대구시지상속등기,/업무사례/창원상속등기필요서류,0.4682,0.2814,GOOD
/업무사례/울산옥동상속등기,/업무사례/창원상속등기필요서류,0.4682,0.2526,GOOD
/업무사례/김해거주부산부동산상속,/업무사례/대구서구상속등기법무사,0.468,0.2514,GOOD
/업무사례/대구다사상속등기,/업무사례/안동오래된토지상속등기,0.468,0.1406,GOOD
/업무사례/양산거주부산부동산상속,/업무사례/울주삼남상속등기,0.468,0.2438,GOOD
/업무사례/경남오래된상속등기,/업무사례/대구다사상속등기,0.4679,0.2513,GOOD
/업무사례/경남유증등기법무사,/업무사례/대구월성동상속등기,0.4679,0.2463,GOOD
/업무사례/울주범서상속등기,/업무사례/창원상속등기비용,0.4679,0.2362,GOOD
/업무사례/경주오래된토지상속등기,/업무사례/대구아파트상속등기,0.4678,0.1508,GOOD
/업무사례/안동상속등기법무사,/업무사례/창원성산구상속등기법무사,0.4678,0.2909,GOOD
/업무사례/경남여러필지토지상속,/업무사례/울산아파트상속등기,0.4676,0.2704,GOOD
/업무사례/경남오래된상속등기,/업무사례/경북농지상속등기,0.4676,0.2315,GOOD
/업무사례/경북법인등기법무사,/업무사례/대구부산공동근저당권,0.4676,0.3158,GOOD
/업무사례/김해상속등기필요서류,/업무사례/울산매곡동상속등기,0.4676,0.3128,GOOD
/업무사례/대구남구상속등기법무사,/업무사례/울주군상속포기한정승인,0.4676,0.1992,GOOD
/업무사례/양산상속등기비용,/업무사례/울주삼남상속등기,0.4676,0.2449,GOOD
/업무사례/대구만촌동상속등기,/업무사례/울산동구상속등기법무사,0.4675,0.2172,GOOD
/업무사례/대구토지상속등기,/업무사례/안동오래된토지상속등기,0.4674,0.1498,GOOD
/업무사례/경남비대면상속안내,/업무사례/양산거주부산부동산상속,0.4673,0.0983,GOOD
/업무사례/김해거주부산부동산상속,/업무사례/울산송정동상속등기,0.4673,0.25,GOOD
/업무사례/대구남구상속등기법무사,/업무사례/창원상속등기필요서류,0.4673,0.2312,GOOD
/업무사례/대구법무사업무,/업무사례/울산송정동상속등기,0.4672,0.2071,GOOD
/업무사례/양산상속등기비용,/업무사례/울주범서상속등기,0.4672,0.2412,GOOD
/업무사례/울산동구상속등기법무사,/업무사례/울산법무사업무,0.4672,0.3186,GOOD
/업무사례/대구동구상속등기법무사,/업무사례/안동오래된토지상속등기,0.4671,0.1378,GOOD
/업무사례/양산상속등기비용,/업무사례/울산아파트상속등기,0.4671,0.2435,GOOD
/업무사례/대구만촌동상속등기,/업무사례/울산유증등기법무사,0.467,0.2069,GOOD
/업무사례/울주삼남상속등기,/업무사례/창원상속등기비용,0.467,0.2398,GOOD
/업무사례/경남조부모명의토지상속,/업무사례/대구북구상속등기법무사,0.4668,0.2632,GOOD
/업무사례/대구상속등기비용,/업무사례/창원성산구상속등기법무사,0.4668,0.2323,GOOD
/업무사례/경남오래된상속등기,/업무사례/울산동구상속등기법무사,0.4667,0.2386,GOOD
/업무사례/대구남구상속등기법무사,/업무사례/양산상속등기필요서류,0.4667,0.2398,GOOD
/업무사례/대구동구상속등기법무사,/업무사례/포항상속포기한정승인,0.4667,0.0637,GOOD
/업무사례/대구유증등기법무사,/업무사례/창원상속등기비용,0.4667,0.2126,GOOD
/업무사례/경남오래된상속등기,/업무사례/칠곡상속등기법무사,0.4666,0.2586,GOOD
/업무사례/김해거주부산부동산상속,/업무사례/대구북구상속등기법무사,0.4666,0.2444,GOOD
/업무사례/대구달성군상속등기법무사,/업무사례/양산상속등기필요서류,0.4666,0.2539,GOOD
/업무사례/경남조부모명의토지상속,/업무사례/경북임야상속등기,0.4665,0.2376,GOOD
/업무사례/대구범어동상속등기,/업무사례/창원의창구상속등기법무사,0.4665,0.2589,GOOD
/업무사례/안동상속등기법무사,/업무사례/창원상속등기필요서류,0.4665,0.2857,GOOD
/업무사례/창원상속등기필요서류,/업무사례/칠곡상속등기법무사,0.4665,0.2798,GOOD
/업무사례/김해상속등기필요서류,/업무사례/대구월성동상속등기,0.4664,0.3254,GOOD
/업무사례/대구다사상속등기,/업무사례/포항상속포기한정승인,0.4664,0.059,GOOD
/업무사례/경남여러필지토지상속,/업무사례/울산옥동상속등기,0.4663,0.2778,GOOD
/업무사례/대구범어동상속등기,/업무사례/울산유증등기법무사,0.4663,0.3095,GOOD
/업무사례/대구중구상속등기법무사,/업무사례/창원성산구상속등기법무사,0.4663,0.2842,GOOD
/업무사례/양산거주부산부동산상속,/업무사례/울주범서상속등기,0.4663,0.2402,GOOD
/업무사례/김해거주부산부동산상속,/업무사례/울산삼산동상속등기,0.4662,0.2959,GOOD
/업무사례/대구군위군상속등기법무사,/업무사례/울산법무사업무,0.4662,0.205,GOOD
/업무사례/대구상속등기비용,/업무사례/창원의창구상속등기법무사,0.4662,0.2755,GOOD
/업무사례/양산거주부산부동산상속,/업무사례/울산아파트상속등기,0.4662,0.2424,GOOD
/업무사례/경남오래된상속등기,/업무사례/경북토지상속등기,0.4661,0.2271,GOOD
/업무사례/경북조부모명의토지상속,/업무사례/김해상속등기필요서류,0.4661,0.3158,GOOD
/업무사례/양산거주부산부동산상속,/업무사례/울산달동상속등기,0.4661,0.2426,GOOD
/업무사례/양산거주부산부동산상속,/업무사례/울산동구상속등기법무사,0.4661,0.2475,GOOD
/업무사례/울산법무사업무,/업무사례/울산아파트상속등기,0.4661,0.3333,GOOD
/업무사례/경남유증등기법무사,/업무사례/울산옥동상속등기,0.466,0.2887,GOOD
/업무사례/대구군위군상속등기법무사,/업무사례/울주군상속포기한정승인,0.466,0.1963,GOOD
/업무사례/경남여러필지토지상속,/업무사례/대구만촌동상속등기,0.4659,0.2363,GOOD
/업무사례/경북법무사업무,/업무사례/안동상속등기법무사,0.4659,0.2957,GOOD
/업무사례/경북상속등기비용,/업무사례/울주군상속포기한정승인,0.4659,0.1943,GOOD
/업무사례/김해상속등기비용,/업무사례/대구상인동상속등기,0.4659,0.233,GOOD
/업무사례/김해상속등기비용,/업무사례/울산매곡동상속등기,0.4659,0.2872,GOOD
/업무사례/대구다사상속등기,/업무사례/양산상속등기필요서류,0.4659,0.2335,GOOD
/업무사례/경남상속등기비용,/업무사례/대구만촌동상속등기,0.4658,0.2069,GOOD
/업무사례/경남오래된상속등기,/업무사례/경북조부모명의토지상속,0.4658,0.2338,GOOD
/업무사례/부산에서김해법인본점이전,/업무사례/창원법인등기법무사,0.4657,0.3128,GOOD
/업무사례/대구북구상속등기법무사,/업무사례/부산거주양산부동산상속,0.4656,0.2586,GOOD
/업무사례/김해상속등기필요서류,/업무사례/대구만촌동상속등기,0.4655,0.2059,GOOD
/업무사례/대구군위군상속등기법무사,/업무사례/창원성산구상속등기법무사,0.4655,0.2901,GOOD
/업무사례/대구북구상속등기법무사,/업무사례/부산거주김해부동산상속,0.4654,0.2486,GOOD
/업무사례/김해상속등기비용,/업무사례/대구현풍상속등기,0.4653,0.2687,GOOD
/업무사례/김해상속등기필요서류,/업무사례/울산북구상속등기법무사,0.4653,0.3636,GOOD
/업무사례/대구동구상속등기법무사,/업무사례/부산거주양산부동산상속,0.4653,0.2388,GOOD
/업무사례/대구법무사업무,/업무사례/대구북구상속등기법무사,0.4653,0.2205,GOOD
/업무사례/울산법무사업무,/업무사례/울주삼남상속등기,0.4653,0.314,GOOD
/업무사례/경주오래된토지상속등기,/업무사례/대구동구상속등기법무사,0.4652,0.1451,GOOD
/업무사례/대구다사상속등기,/업무사례/창원상속등기필요서류,0.4652,0.2312,GOOD
/업무사례/대구현풍상속등기,/업무사례/부산거주양산부동산상속,0.4652,0.2415,GOOD
/업무사례/경남조부모명의토지상속,/업무사례/대구현풍상속등기,0.4651,0.2153,GOOD
/업무사례/경남여러필지토지상속,/업무사례/대구동구상속등기법무사,0.4649,0.2727,GOOD
/업무사례/경남오래된상속등기,/업무사례/울산토지상속등기,0.4649,0.2402,GOOD
/업무사례/김해상속등기필요서류,/업무사례/울주삼남상속등기,0.4649,0.311,GOOD
/업무사례/울산아파트상속등기,/업무사례/창원의창구상속등기법무사,0.4649,0.3011,GOOD
/업무사례/경남상속등기비용,/업무사례/대구동구상속등기법무사,0.4648,0.3532,GOOD
/업무사례/경북법무사업무,/업무사례/울산달동상속등기,0.4648,0.2871,GOOD
/업무사례/김해상속등기필요서류,/업무사례/대구토지상속등기,0.4648,0.301,GOOD
/업무사례/대구상속등기비용,/업무사례/영천상속등기법무사,0.4648,0.1165,GOOD
/업무사례/울산상속등기비용,/업무사례/창원성산구상속등기법무사,0.4648,0.2487,GOOD
/업무사례/경남여러필지토지상속,/업무사례/안동상속등기법무사,0.4647,0.2486,GOOD
/업무사례/울산매곡동상속등기,/업무사례/창원상속등기필요서류,0.4647,0.2487,GOOD
/업무사례/경북상속등기필요서류,/업무사례/창원성산구상속등기법무사,0.4646,0.2435,GOOD
/업무사례/대구달성군상속등기법무사,/업무사례/포항상속포기한정승인,0.4646,0.0712,GOOD
/업무사례/안동상속등기법무사,/업무사례/창원의창구상속등기법무사,0.4646,0.2807,GOOD
/업무사례/울주삼남상속등기,/업무사례/창원상속등기필요서류,0.4646,0.2526,GOOD
/업무사례/전국비대면법무사,/업무사례/전국유증등기법무사,0.4646,0.3045,GOOD
/업무사례/대구달성군상속등기법무사,/업무사례/창원상속등기필요서류,0.4645,0.2513,GOOD
/업무사례/대구상속등기필요서류,/업무사례/안동오래된토지상속등기,0.4645,0.1313,GOOD
/업무사례/경남오래된상속등기,/업무사례/울산옥동상속등기,0.4643,0.2412,GOOD
/업무사례/경남오래된상속등기,/업무사례/울주범서상속등기,0.4643,0.2438,GOOD
/업무사례/대구남구상속등기법무사,/업무사례/부산거주김해부동산상속,0.4643,0.2087,GOOD
/업무사례/경남유증등기법무사,/업무사례/대구중구상속등기법무사,0.4642,0.2893,GOOD
/업무사례/경북상속등기비용,/업무사례/창원상속등기필요서류,0.4642,0.2437,GOOD
/업무사례/울산토지상속등기,/업무사례/창원의창구상속등기법무사,0.4642,0.3057,GOOD
/업무사례/경남여러필지토지상속,/업무사례/울주삼남상속등기,0.4641,0.2778,GOOD
/업무사례/경남조부모명의토지상속,/업무사례/대구시지상속등기,0.4641,0.2601,GOOD
/업무사례/경북농지상속등기,/업무사례/울주군상속포기한정승인,0.4641,0.1935,GOOD
/업무사례/경북법무사업무,/업무사례/경북상속등기필요서류,0.4641,0.3137,GOOD
/업무사례/경남유증등기법무사,/업무사례/울산상속등기비용,0.464,0.288,GOOD
/업무사례/경남조부모명의토지상속,/업무사례/대구동구상속등기법무사,0.464,0.2239,GOOD
/업무사례/경남조부모명의토지상속,/업무사례/울산옥동상속등기,0.464,0.2167,GOOD
/업무사례/김해상속등기비용,/업무사례/안동상속등기법무사,0.4639,0.2775,GOOD
/업무사례/대구법무사업무,/업무사례/대구아파트상속등기,0.4639,0.3168,GOOD
/업무사례/부산거주양산부동산상속,/업무사례/울산삼산동상속등기,0.4639,0.2576,GOOD
/업무사례/경남상속등기비용,/업무사례/대구달성군상속등기법무사,0.4638,0.3366,GOOD
/업무사례/경남여러필지토지상속,/업무사례/대구유증등기법무사,0.4638,0.2732,GOOD
/업무사례/경남유증등기법무사,/업무사례/경북상속등기필요서류,0.4638,0.2821,GOOD
/업무사례/경남유증등기법무사,/업무사례/경북토지상속등기,0.4638,0.266,GOOD
/업무사례/대구범어동상속등기,/업무사례/울산상속등기필요서류,0.4638,0.2778,GOOD
/업무사례/대구법무사업무,/업무사례/대구상속등기필요서류,0.4638,0.3014,GOOD
/업무사례/대구유증등기법무사,/업무사례/양산상속등기필요서류,0.4638,0.2206,GOOD
/업무사례/대구다사상속등기,/업무사례/부산거주양산부동산상속,0.4637,0.2475,GOOD
/업무사례/양산상속등기필요서류,/업무사례/울산옥동상속등기,0.4637,0.2618,GOOD
/업무사례/울산상속등기필요서류,/업무사례/창원성산구상속등기법무사,0.4637,0.2284,GOOD
/업무사례/경북상속등기비용,/업무사례/영천상속등기법무사,0.4636,0.1174,GOOD
/업무사례/경북토지상속등기,/업무사례/양산상속등기비용,0.4636,0.2304,GOOD
/업무사례/대구동구상속등기법무사,/업무사례/양산상속등기필요서류,0.4636,0.2371,GOOD
/업무사례/경남조부모명의토지상속,/업무사례/울산상속등기필요서류,0.4635,0.2087,GOOD
/업무사례/경북임야상속등기,/업무사례/양산상속등기필요서류,0.4635,0.2674,GOOD
/업무사례/구미에서부산법인본점이전,/업무사례/대구부산공동근저당권,0.4635,0.2118,GOOD
/업무사례/김해거주부산부동산상속,/업무사례/칠곡상속등기법무사,0.4635,0.2611,GOOD
/업무사례/양산상속등기필요서류,/업무사례/울산동구상속등기법무사,0.4635,0.2526,GOOD
/업무사례/김해상속등기필요서류,/업무사례/울주언양상속등기,0.4634,0.3301,GOOD
/업무사례/대구범어동상속등기,/업무사례/울산매곡동상속등기,0.4634,0.3254,GOOD
/업무사례/대구시지상속등기,/업무사례/안동오래된토지상속등기,0.4634,0.16,GOOD
/업무사례/안동상속등기법무사,/업무사례/양산상속등기필요서류,0.4634,0.2892,GOOD
/업무사례/대구다사상속등기,/업무사례/양산거주부산부동산상속,0.4633,0.2293,GOOD
/업무사례/양산상속등기필요서류,/업무사례/칠곡상속등기법무사,0.4633,0.2831,GOOD
/업무사례/부산거주양산부동산상속,/업무사례/울산매곡동상속등기,0.4632,0.2402,GOOD
/업무사례/울산법무사업무,/업무사례/울산북구상속등기법무사,0.4632,0.3349,GOOD
/업무사례/경남조부모명의토지상속,/업무사례/경북상속등기필요서류,0.4631,0.2228,GOOD
/업무사례/경남조부모명의토지상속,/업무사례/울주삼남상속등기,0.4631,0.2228,GOOD
/업무사례/대구북구상속등기법무사,/업무사례/창원상속등기필요서류,0.4631,0.2619,GOOD
/업무사례/대구토지상속등기,/업무사례/창원성산구상속등기법무사,0.4631,0.2447,GOOD
/업무사례/양산상속등기비용,/업무사례/울산공장상속등기,0.4631,0.2323,GOOD
/업무사례/대구상속등기필요서류,/업무사례/포항상속포기한정승인,0.463,0.0627,GOOD
/업무사례/부산거주김해부동산상속,/업무사례/울주삼남상속등기,0.463,0.2228,GOOD
/업무사례/울주범서상속등기,/업무사례/창원상속등기필요서류,0.4629,0.2487,GOOD
/업무사례/경남조부모명의토지상속,/업무사례/대구군위군상속등기법무사,0.4628,0.2558,GOOD
/업무사례/경북조부모명의토지상속,/업무사례/울산달동상속등기,0.4628,0.311,GOOD
/업무사례/경남오래된상속등기,/업무사례/대구현풍상속등기,0.4627,0.239,GOOD
/업무사례/경남조부모명의토지상속,/업무사례/대구아파트상속등기,0.4627,0.2079,GOOD
/업무사례/경북법무사업무,/업무사례/대구토지상속등기,0.4627,0.31,GOOD
/업무사례/대구군위군상속등기법무사,/업무사례/부산거주김해부동산상속,0.4627,0.2486,GOOD
/업무사례/경남유증등기법무사,/업무사례/울산토지상속등기,0.4626,0.2736,GOOD
/업무사례/김해상속등기필요서류,/업무사례/울산유증등기법무사,0.4626,0.3285,GOOD
/업무사례/대구동구상속등기법무사,/업무사례/대구법무사업무,0.4626,0.3202,GOOD
/업무사례/대구범어동상속등기,/업무사례/영천상속등기법무사,0.4626,0.1049,GOOD
/업무사례/대구현풍상속등기,/업무사례/창원상속등기필요서류,0.4626,0.2315,GOOD
/업무사례/울산옥동상속등기,/업무사례/창원상속등기비용,0.4626,0.2591,GOOD
/업무사례/경남상속등기비용,/업무사례/대구범어동상속등기,0.4625,0.2972,GOOD
/업무사례/김해상속등기비용,/업무사례/대구만촌동상속등기,0.4625,0.236,GOOD
/업무사례/대구서구상속등기법무사,/업무사례/울주군상속포기한정승인,0.4625,0.2074,GOOD
/업무사례/경남여러필지토지상속,/업무사례/울주범서상속등기,0.4624,0.2673,GOOD
/업무사례/대구현풍상속등기,/업무사례/부산거주김해부동산상속,0.4624,0.2095,GOOD
/업무사례/경북법무사업무,/업무사례/울산삼산동상속등기,0.4623,0.2899,GOOD
/업무사례/경북상속등기필요서류,/업무사례/포항상속포기한정승인,0.4623,0.0634,GOOD
/업무사례/울산옥동상속등기,/업무사례/창원의창구상속등기법무사,0.4623,0.337,GOOD
/업무사례/울산유증등기법무사,/업무사례/창원성산구상속등기법무사,0.4622,0.2234,GOOD
/업무사례/경남상속등기비용,/업무사례/울산동구상속등기법무사,0.4621,0.3366,GOOD
/업무사례/대구북구상속등기법무사,/업무사례/포항상속포기한정승인,0.4621,0.0763,GOOD
/업무사례/경북토지상속등기,/업무사례/창원성산구상속등기법무사,0.462,0.235,GOOD
/업무사례/경남유증등기법무사,/업무사례/대구상속등기필요서류,0.4619,0.265,GOOD
/업무사례/대구중구상속등기법무사,/업무사례/양산상속등기필요서류,0.4619,0.2374,GOOD
/업무사례/경남유증등기법무사,/업무사례/안동상속등기법무사,0.4617,0.2528,GOOD
/업무사례/경주오래된토지상속등기,/업무사례/대구북구상속등기법무사,0.4617,0.1644,GOOD
/업무사례/김해상속등기비용,/업무사례/울주언양상속등기,0.4617,0.2857,GOOD
/업무사례/대구달성군상속등기법무사,/업무사례/대구법무사업무,0.4617,0.3171,GOOD
/업무사례/김해거주부산부동산상속,/업무사례/대구남구상속등기법무사,0.4616,0.2786,GOOD
/업무사례/경남여러필지토지상속,/업무사례/경북상속등기필요서류,0.4615,0.2778,GOOD
/업무사례/경북오래된상속등기,/업무사례/김해상속등기필요서류,0.4615,0.3317,GOOD
/업무사례/경주오래된토지상속등기,/업무사례/대구시지상속등기,0.4615,0.1681,GOOD
/업무사례/김해상속등기필요서류,/업무사례/울산중구상속등기법무사,0.4615,0.3645,GOOD
/업무사례/대구달성군상속등기법무사,/업무사례/창원상속등기비용,0.4615,0.2386,GOOD
/업무사례/부산거주김해부동산상속,/업무사례/울주언양상속등기,0.4615,0.2184,GOOD
/업무사례/양산상속등기필요서류,/업무사례/울산매곡동상속등기,0.4615,0.2513,GOOD
/업무사례/경남조부모명의토지상속,/업무사례/경북상속등기비용,0.4614,0.2206,GOOD
/업무사례/경남조부모명의토지상속,/업무사례/대구상속등기비용,0.4614,0.2067,GOOD
/업무사례/경남조부모명의토지상속,/업무사례/울주범서상속등기,0.4614,0.2195,GOOD
/업무사례/경남조부모명의토지상속,/업무사례/대구상속등기필요서류,0.4613,0.2077,GOOD
/업무사례/경남조부모명의토지상속,/업무사례/울산아파트상속등기,0.4613,0.215,GOOD
/업무사례/경북임야상속등기,/업무사례/김해상속등기비용,0.4613,0.257,GOOD
/업무사례/부산거주양산부동산상속,/업무사례/울산동구상속등기법무사,0.4613,0.2538,GOOD
/업무사례/양산상속등기비용,/업무사례/울산유증등기법무사,0.4612,0.2312,GOOD
/업무사례/경남여러필지토지상속,/업무사례/경북상속등기비용,0.4611,0.275,GOOD
/업무사례/경남유증등기법무사,/업무사례/대구상인동상속등기,0.4611,0.2427,GOOD
/업무사례/김해거주부산부동산상속,/업무사례/대구동구상속등기법무사,0.4611,0.2828,GOOD
/업무사례/김해거주부산부동산상속,/업무사례/울산동구상속등기법무사,0.4611,0.299,GOOD
/업무사례/대구군위군상속등기법무사,/업무사례/양산거주부산부동산상속,0.4611,0.2373,GOOD
/업무사례/대구시지상속등기,/업무사례/양산거주부산부동산상속,0.4611,0.2701,GOOD
/업무사례/대구유증등기법무사,/업무사례/창원의창구상속등기법무사,0.4611,0.2637,GOOD
/업무사례/울산송정동상속등기,/업무사례/창원상속등기필요서류,0.4611,0.2679,GOOD
/업무사례/경남유증등기법무사,/업무사례/경북조부모명의토지상속,0.461,0.2741,GOOD
/업무사례/울산유증등기법무사,/업무사례/창원상속등기필요서류,0.461,0.2513,GOOD
/업무사례/경남오래된상속등기,/업무사례/사천상속등기법무사,0.4609,0.0741,GOOD
/업무사례/경남조부모명의토지상속,/업무사례/경북농지상속등기,0.4608,0.2136,GOOD
/업무사례/경북법무사업무,/업무사례/대구다사상속등기,0.4608,0.3043,GOOD
/업무사례/김해거주부산부동산상속,/업무사례/대구다사상속등기,0.4608,0.2786,GOOD
/업무사례/경주오래된토지상속등기,/업무사례/대구월성동상속등기,0.4607,0.1298,GOOD
/업무사례/김해상속등기비용,/업무사례/대구월성동상속등기,0.4607,0.255,GOOD
/업무사례/양산거주부산부동산상속,/업무사례/칠곡상속등기법무사,0.4607,0.2686,GOOD
/업무사례/경남여러필지토지상속,/업무사례/울산송정동상속등기,0.4606,0.2389,GOOD
/업무사례/경남오래된상속등기,/업무사례/대구토지상속등기,0.4606,0.2296,GOOD
/업무사례/경남유증등기법무사,/업무사례/울산달동상속등기,0.4606,0.2938,GOOD
/업무사례/대구아파트상속등기,/업무사례/포항상속포기한정승인,0.4606,0.0642,GOOD
/업무사례/경남조부모명의토지상속,/업무사례/대구남구상속등기법무사,0.4605,0.2206,GOOD
/업무사례/경남여러필지토지상속,/업무사례/대구남구상속등기법무사,0.4602,0.275,GOOD
/업무사례/경남여러필지토지상속,/업무사례/울산매곡동상속등기,0.4602,0.28,GOOD
/업무사례/대구범어동상속등기,/업무사례/울산법무사업무,0.4602,0.2925,GOOD
/업무사례/경남유증등기법무사,/업무사례/경북농지상속등기,0.4601,0.2714,GOOD
/업무사례/경북임야상속등기,/업무사례/창원상속등기필요서류,0.4601,0.25,GOOD
/업무사례/김해상속등기비용,/업무사례/울산달동상속등기,0.4601,0.3037,GOOD
/업무사례/대구상속등기필요서류,/업무사례/창원성산구상속등기법무사,0.4601,0.2335,GOOD
/업무사례/대구상속등기비용,/업무사례/부산거주김해부동산상속,0.46,0.1896,GOOD
/업무사례/양산거주부산부동산상속,/업무사례/울주언양상속등기,0.46,0.239,GOOD
/업무사례/경남오래된상속등기,/업무사례/울산송정동상속등기,0.4599,0.2543,GOOD
/업무사례/경남유증등기법무사,/업무사례/울산매곡동상속등기,0.4599,0.2778,GOOD
/업무사례/경북법무사업무,/업무사례/대구동구상속등기법무사,0.4599,0.335,GOOD
/업무사례/김해거주부산부동산상속,/업무사례/대구유증등기법무사,0.4599,0.2705,GOOD
/업무사례/양산상속등기비용,/업무사례/울산토지상속등기,0.4598,0.2315,GOOD
/업무사례/경남상속등기비용,/업무사례/대구군위군상속등기법무사,0.4597,0.2222,GOOD
/업무사례/경남여러필지토지상속,/업무사례/대구상속등기비용,0.4597,0.2598,GOOD
/업무사례/대구동구상속등기법무사,/업무사례/양산거주부산부동산상속,0.4597,0.2327,GOOD
/업무사례/부산거주양산부동산상속,/업무사례/울산송정동상속등기,0.4597,0.2571,GOOD
/업무사례/경남여러필지토지상속,/업무사례/울산달동상속등기,0.4596,0.2764,GOOD
/업무사례/경남유증등기법무사,/업무사례/울주언양상속등기,0.4596,0.2893,GOOD
/업무사례/경북법무사업무,/업무사례/칠곡상속등기법무사,0.4596,0.2435,GOOD
/업무사례/김해거주부산부동산상속,/업무사례/대구현풍상속등기,0.4596,0.2718,GOOD
/업무사례/대구다사상속등기,/업무사례/부산거주김해부동산상속,0.4596,0.2146,GOOD
/업무사례/대구중구상속등기법무사,/업무사례/창원상속등기비용,0.4596,0.235,GOOD
/업무사례/대구만촌동상속등기,/업무사례/울산법무사업무,0.4595,0.2139,GOOD
/업무사례/대구유증등기법무사,/업무사례/포항상속포기한정승인,0.4595,0.0616,GOOD
/업무사례/울산상속등기필요서류,/업무사례/창원상속등기비용,0.4595,0.25,GOOD
/업무사례/대구중구상속등기법무사,/업무사례/양산거주부산부동산상속,0.4594,0.2212,GOOD
/업무사례/대구토지상속등기,/업무사례/양산상속등기비용,0.4594,0.2396,GOOD
/업무사례/양산거주부산부동산상속,/업무사례/울산중구상속등기법무사,0.4594,0.2341,GOOD
/업무사례/경북임야상속등기,/업무사례/포항상속포기한정승인,0.4593,0.0694,GOOD
/업무사례/김해상속등기필요서류,/업무사례/대구군위군상속등기법무사,0.4593,0.215,GOOD
/업무사례/김해상속등기필요서류,/업무사례/울산공장상속등기,0.4593,0.2864,GOOD
/업무사례/대구상인동상속등기,/업무사례/창원성산구상속등기법무사,0.4593,0.23,GOOD
/업무사례/안동상속등기법무사,/업무사례/포항상속포기한정승인,0.4593,0.0795,GOOD
/경남사단법인설립,/창원비영리법인설립,0.4592,0.6143,GOOD
/업무사례/경남비대면상속안내,/업무사례/창원상속등기비용,0.4592,0.1013,GOOD
/업무사례/경남상속등기비용,/업무사례/대구다사상속등기,0.4592,0.348,GOOD
/업무사례/경북법무사업무,/업무사례/경북토지상속등기,0.4592,0.3221,GOOD
/업무사례/김해상속등기비용,/업무사례/대구토지상속등기,0.4592,0.267,GOOD
/업무사례/경남오래된상속등기,/업무사례/대구군위군상속등기법무사,0.4591,0.2632,GOOD
/업무사례/경남유증등기법무사,/업무사례/울산중구상속등기법무사,0.4591,0.2908,GOOD
/업무사례/대구달성군상속등기법무사,/업무사례/부산거주양산부동산상속,0.4591,0.2365,GOOD
/업무사례/대구범어동상속등기,/업무사례/울산공장상속등기,0.4591,0.2864,GOOD
/업무사례/경남유증등기법무사,/업무사례/경북오래된상속등기,0.459,0.2714,GOOD
/업무사례/대구상속등기비용,/업무사례/창원상속등기필요서류,0.459,0.2412,GOOD
/업무사례/대구상인동상속등기,/업무사례/창원상속등기비용,0.459,0.1971,GOOD
/업무사례/경북상속등기비용,/업무사례/부산거주양산부동산상속,0.4589,0.2233,GOOD
/업무사례/김해거주부산부동산상속,/업무사례/대구달성군상속등기법무사,0.4589,0.2864,GOOD
/업무사례/울산아파트상속등기,/업무사례/창원상속등기필요서류,0.4589,0.2513,GOOD
/업무사례/거제상속포기법무사,/업무사례/통영상속포기한정승인,0.4588,0.348,GOOD
/업무사례/울산에서부산법인본점이전,/업무사례/창원에서부산법인본점이전,0.4588,0.4459,GOOD
/업무사례/경남조부모명의토지상속,/업무사례/울산달동상속등기,0.4587,0.2157,GOOD
/업무사례/경북조부모명의토지상속,/업무사례/양산상속등기필요서류,0.4587,0.2284,GOOD
/업무사례/대구범어동상속등기,/업무사례/양산거주부산부동산상속,0.4587,0.2115,GOOD
/업무사례/대구아파트상속등기,/업무사례/부산거주양산부동산상속,0.4587,0.235,GOOD
/업무사례/울산법무사업무,/업무사례/울산옥동상속등기,0.4587,0.3333,GOOD
/업무사례/경남상속등기비용,/업무사례/경북조부모명의토지상속,0.4586,0.3237,GOOD
/업무사례/경북임야상속등기,/업무사례/부산거주양산부동산상속,0.4586,0.2541,GOOD
/업무사례/김해상속등기필요서류,/업무사례/울산토지상속등기,0.4586,0.3333,GOOD
/업무사례/대구상속등기비용,/업무사례/울주군상속포기한정승인,0.4586,0.188,GOOD
/업무사례/울산북구상속등기법무사,/업무사례/창원상속등기필요서류,0.4586,0.239,GOOD
/업무사례/경남여러필지토지상속,/업무사례/울산공장상속등기,0.4585,0.2587,GOOD
/업무사례/경남조부모명의토지상속,/업무사례/안동상속등기법무사,0.4585,0.2571,GOOD
/업무사례/경북법인등기법무사,/업무사례/부산에서울산법인본점이전,0.4584,0.3462,GOOD
/업무사례/경북임야상속등기,/업무사례/김해거주부산부동산상속,0.4584,0.2473,GOOD
/업무사례/대구범어동상속등기,/업무사례/울산토지상속등기,0.4584,0.3084,GOOD
/업무사례/경남상속등기비용,/업무사례/울주범서상속등기,0.4583,0.3206,GOOD
/업무사례/경남여러필지토지상속,/업무사례/대구상속등기필요서류,0.4583,0.2611,GOOD
/업무사례/경남유증등기법무사,/업무사례/대구토지상속등기,0.4583,0.2708,GOOD
/업무사례/경북법무사업무,/업무사례/울산송정동상속등기,0.4583,0.2143,GOOD
/업무사례/김해거주부산부동산상속,/업무사례/안동상속등기법무사,0.4583,0.2527,GOOD
/업무사례/경남오래된상속등기,/업무사례/대구남구상속등기법무사,0.4582,0.2388,GOOD
/업무사례/경북법인등기법무사,/업무사례/포항에서부산법인본점이전,0.4582,0.3443,GOOD
/업무사례/대구만촌동상속등기,/업무사례/영천상속등기법무사,0.4582,0.1229,GOOD
/업무사례/안동상속등기법무사,/업무사례/양산거주부산부동산상속,0.4582,0.2599,GOOD
/업무사례/안동오래된토지상속등기,/업무사례/영천상속등기법무사,0.4582,0.2054,GOOD
/업무사례/경남유증등기법무사,/업무사례/경북상속등기비용,0.4581,0.2857,GOOD
/업무사례/경남유증등기법무사,/업무사례/대구군위군상속등기법무사,0.4581,0.2514,GOOD
/업무사례/경남유증등기법무사,/업무사례/울산공장상속등기,0.4581,0.2626,GOOD
/업무사례/경북임야상속등기,/업무사례/창원의창구상속등기법무사,0.4581,0.267,GOOD
/업무사례/경북조부모명의토지상속,/업무사례/양산상속등기비용,0.4581,0.2374,GOOD
/업무사례/경북토지상속등기,/업무사례/김해상속등기비용,0.4581,0.2562,GOOD
/업무사례/울산법무사업무,/업무사례/울산유증등기법무사,0.4581,0.3252,GOOD
/업무사례/경남상속등기비용,/업무사례/칠곡상속등기법무사,0.458,0.2437,GOOD
/업무사례/경남여러필지토지상속,/업무사례/울산북구상속등기법무사,0.458,0.2632,GOOD
/업무사례/양산상속등기필요서류,/업무사례/울산북구상속등기법무사,0.458,0.2414,GOOD
/업무사례/대구법무사업무,/업무사례/대구토지상속등기,0.4579,0.3283,GOOD
/업무사례/울주언양상속등기,/업무사례/창원상속등기필요서류,0.4579,0.2475,GOOD
/업무사례/경남오래된상속등기,/업무사례/대구동구상속등기법무사,0.4577,0.2424,GOOD
/업무사례/경남조부모명의토지상속,/업무사례/울주언양상속등기,0.4577,0.2184,GOOD
/업무사례/경남오래된상속등기,/업무사례/대구상속등기필요서류,0.4576,0.2195,GOOD
/업무사례/대구월성동상속등기,/업무사례/안동오래된토지상속등기,0.4576,0.1226,GOOD
/업무사례/양산상속등기비용,/업무사례/울산중구상속등기법무사,0.4576,0.2412,GOOD
/업무사례/전국공동근저당권등기,/업무사례/전국비대면법무사,0.4576,0.375,GOOD
/업무사례/대구중구상속등기법무사,/업무사례/양산상속등기비용,0.4575,0.24,GOOD
/업무사례/경남상속등기비용,/업무사례/울주삼남상속등기,0.4574,0.3188,GOOD
/업무사례/경남오래된상속등기,/업무사례/대구중구상속등기법무사,0.4574,0.2365,GOOD
/업무사례/대구시지상속등기,/업무사례/부산거주김해부동산상속,0.4574,0.2529,GOOD
/업무사례/양산상속등기필요서류,/업무사례/울주언양상속등기,0.4574,0.25,GOOD
/업무사례/대구범어동상속등기,/업무사례/울산북구상속등기법무사,0.4573,0.2955,GOOD
/업무사례/부산거주김해부동산상속,/업무사례/울산동구상속등기법무사,0.4573,0.2261,GOOD
/업무사례/부산거주김해부동산상속,/업무사례/울산삼산동상속등기,0.4573,0.2178,GOOD
/업무사례/부산에서양산법인본점이전,/업무사례/부산에서울산법인본점이전,0.4573,0.5029,GOOD
/업무사례/울산중구상속등기법무사,/업무사례/창원성산구상속등기법무사,0.4573,0.2591,GOOD
/업무사례/경남오래된상속등기,/업무사례/울산상속등기비용,0.4572,0.2526,GOOD
/업무사례/울산동구상속등기법무사,/업무사례/창원상속등기비용,0.4572,0.2371,GOOD
/업무사례/양산거주부산부동산상속,/업무사례/울산옥동상속등기,0.4571,0.2438,GOOD
/업무사례/울산법무사업무,/업무사례/울산중구상속등기법무사,0.4571,0.3285,GOOD
/업무사례/전국공동근저당권등기,/업무사례/전국업무사례,0.4571,0.335,GOOD
/업무사례/경남상속등기비용,/업무사례/대구시지상속등기,0.457,0.2513,GOOD
/업무사례/경북법인등기법무사,/업무사례/울산에서부산법인본점이전,0.457,0.2304,GOOD
/업무사례/대구만촌동상속등기,/업무사례/부산거주김해부동산상속,0.457,0.2099,GOOD
/업무사례/대구상속등기필요서류,/업무사례/양산거주부산부동산상속,0.457,0.2222,GOOD
/업무사례/대구아파트상속등기,/업무사례/안동오래된토지상속등기,0.457,0.1434,GOOD
/업무사례/양산상속등기필요서류,/업무사례/울산달동상속등기,0.457,0.2539,GOOD
/업무사례/경북토지상속등기,/업무사례/창원상속등기필요서류,0.4569,0.2195,GOOD
/업무사례/김해상속등기비용,/업무사례/울산토지상속등기,0.4569,0.27,GOOD
/업무사례/울산법무사업무,/업무사례/울산상속등기필요서류,0.4569,0.3048,GOOD
/업무사례/울산북구상속등기법무사,/업무사례/창원상속등기비용,0.4569,0.2271,GOOD
/업무사례/경남상속등기비용,/업무사례/울산중구상속등기법무사,0.4568,0.3333,GOOD
/업무사례/경남유증등기법무사,/업무사례/대구상속등기비용,0.4568,0.27,GOOD
/업무사례/부산에서울산법인본점이전,/업무사례/포항에서부산법인본점이전,0.4568,0.3902,GOOD
/업무사례/울산중구상속등기법무사,/업무사례/창원의창구상속등기법무사,0.4568,0.3037,GOOD
/업무사례/경남상속등기비용,/업무사례/대구중구상속등기법무사,0.4567,0.3382,GOOD
/업무사례/경남여러필지토지상속,/업무사례/울산상속등기필요서류,0.4567,0.2624,GOOD
/업무사례/남해상속등기법무사,/업무사례/양산상속등기비용,0.4567,0.1826,GOOD
/업무사례/경북조부모명의토지상속,/업무사례/창원성산구상속등기법무사,0.4566,0.2359,GOOD
/업무사례/경북농지상속등기,/업무사례/양산상속등기필요서류,0.4565,0.2323,GOOD
/업무사례/대구법무사업무,/업무사례/대구시지상속등기,0.4564,0.2435,GOOD
/업무사례/양산상속등기비용,/업무사례/울산동구상속등기법무사,0.4564,0.2552,GOOD
/업무사례/경북토지상속등기,/업무사례/포항상속포기한정승인,0.4563,0.0618,GOOD
/업무사례/대구월성동상속등기,/업무사례/창원의창구상속등기법무사,0.4562,0.2576,GOOD
/업무사례/부산거주양산부동산상속,/업무사례/울산아파트상속등기,0.4562,0.2551,GOOD
/업무사례/사천상속등기법무사,/업무사례/양산상속등기비용,0.4562,0.084,GOOD
/업무사례/경남여러필지토지상속,/업무사례/울주언양상속등기,0.4561,0.266,GOOD
/업무사례/대구법무사업무,/업무사례/대구중구상속등기법무사,0.4561,0.3188,GOOD
/업무사례/대구상인동상속등기,/업무사례/창원의창구상속등기법무사,0.4561,0.26,GOOD
/업무사례/부산거주김해부동산상속,/업무사례/울산달동상속등기,0.4561,0.2157,GOOD
/업무사례/경남상속등기비용,/업무사례/울주언양상속등기,0.456,0.3254,GOOD
/업무사례/경북법무사업무,/업무사례/경북임야상속등기,0.456,0.2629,GOOD
/업무사례/대구다사상속등기,/업무사례/대구법무사업무,0.456,0.2844,GOOD
/업무사례/대구북구상속등기법무사,/업무사례/안동오래된토지상속등기,0.456,0.1563,GOOD
/업무사례/대구토지상속등기,/업무사례/창원의창구상속등기법무사,0.456,0.2903,GOOD
/업무사례/경북법무사업무,/업무사례/경북오래된상속등기,0.4559,0.3092,GOOD
/업무사례/고성군상속등기법무사,/업무사례/창원상속등기비용,0.4559,0.1255,GOOD
/업무사례/김해거주부산부동산상속,/업무사례/울산아파트상속등기,0.4559,0.2938,GOOD
/업무사례/대구동구상속등기법무사,/업무사례/창원상속등기비용,0.4559,0.2222,GOOD
/업무사례/경남조부모명의토지상속,/업무사례/울산북구상속등기법무사,0.4558,0.2113,GOOD
/업무사례/경남조부모명의토지상속,/업무사례/대구만촌동상속등기,0.4557,0.2235,GOOD
/업무사례/경남조부모명의토지상속,/업무사례/울산송정동상속등기,0.4557,0.2471,GOOD
/업무사례/김해상속등기비용,/업무사례/울산유증등기법무사,0.4557,0.2704,GOOD
/업무사례/김해상속등기필요서류,/업무사례/남해상속등기법무사,0.4557,0.1653,GOOD
/업무사례/경남오래된상속등기,/업무사례/대구범어동상속등기,0.4555,0.2146,GOOD
/업무사례/울산법무사업무,/업무사례/울산토지상속등기,0.4555,0.3175,GOOD
/업무사례/김해거주부산부동산상속,/업무사례/울산상속등기비용,0.4554,0.2872,GOOD
/업무사례/김해상속등기필요서류,/업무사례/대구유증등기법무사,0.4554,0.3429,GOOD
/업무사례/김해상속등기비용,/업무사례/대구범어동상속등기,0.4553,0.2315,GOOD
/업무사례/양산건물멸실등기,/업무사례/양산신축건물보존등기,0.4553,0.2889,GOOD
/업무사례/경남오래된상속등기,/업무사례/경북상속등기비용,0.4552,0.2388,GOOD
/업무사례/경북토지상속등기,/업무사례/김해거주부산부동산상속,0.4552,0.2718,GOOD
/업무사례/고성군상속등기법무사,/업무사례/양산상속등기비용,0.4551,0.1299,GOOD
/업무사례/남해상속등기법무사,/업무사례/창원상속등기비용,0.4551,0.1835,GOOD
/업무사례/경남유증등기법무사,/업무사례/울산북구상속등기법무사,0.455,0.2794,GOOD
/업무사례/대구아파트상속등기,/업무사례/창원상속등기필요서류,0.455,0.2308,GOOD
/업무사례/대구유증등기법무사,/업무사례/창원성산구상속등기법무사,0.455,0.2157,GOOD
/업무사례/경북상속등기비용,/업무사례/부산거주김해부동산상속,0.4549,0.1971,GOOD
/업무사례/대구토지상속등기,/업무사례/포항상속포기한정승인,0.4549,0.0649,GOOD
/업무사례/부산거주김해부동산상속,/업무사례/울주범서상속등기,0.4549,0.2195,GOOD
/업무사례/대구동구상속등기법무사,/업무사례/부산거주김해부동산상속,0.4548,0.2118,GOOD
/업무사례/경남오래된상속등기,/업무사례/울산상속등기필요서류,0.4547,0.2266,GOOD
/업무사례/경북오래된상속등기,/업무사례/창원성산구상속등기법무사,0.4547,0.2398,GOOD
/업무사례/부산거주양산부동산상속,/업무사례/안동상속등기법무사,0.4547,0.2528,GOOD
/업무사례/경북오래된상속등기,/업무사례/김해상속등기비용,0.4546,0.255,GOOD
/업무사례/경남비대면상속안내,/업무사례/부산거주김해부동산상속,0.4545,0.1043,GOOD
/업무사례/고성군상속등기법무사,/업무사례/창원의창구상속등기법무사,0.4545,0.1485,GOOD
/업무사례/대구상속등기필요서류,/업무사례/창원상속등기비용,0.4545,0.2239,GOOD
/업무사례/부산거주양산부동산상속,/업무사례/울산상속등기필요서류,0.4545,0.2233,GOOD
/업무사례/안동상속등기법무사,/업무사례/창원상속등기비용,0.4545,0.2781,GOOD
/업무사례/울산상속등기비용,/업무사례/창원상속등기필요서류,0.4545,0.2646,GOOD
/업무사례/구미에서부산법인본점이전,/업무사례/대구경북공동담보등기,0.4544,0.2228,GOOD
/업무사례/김해거주부산부동산상속,/업무사례/대구중구상속등기법무사,0.4544,0.2696,GOOD
/업무사례/경남조부모명의토지상속,/업무사례/울산유증등기법무사,0.4543,0.1981,GOOD
/업무사례/경북농지상속등기,/업무사례/부산거주양산부동산상속,0.4543,0.2341,GOOD
/업무사례/경북상속등기필요서류,/업무사례/대구법무사업무,0.4543,0.281,GOOD
/업무사례/김해거주부산부동산상속,/업무사례/울산북구상속등기법무사,0.4543,0.285,GOOD
/업무사례/경북농지상속등기,/업무사례/부산거주김해부동산상속,0.4542,0.2077,GOOD
/업무사례/대구월성동상속등기,/업무사례/창원상속등기필요서류,0.4542,0.2059,GOOD
/업무사례/경북농지상속등기,/업무사례/김해거주부산부동산상속,0.4541,0.2772,GOOD
/업무사례/경주오래된토지상속등기,/업무사례/대구유증등기법무사,0.4541,0.1316,GOOD
/업무사례/대구토지상속등기,/업무사례/창원상속등기필요서류,0.4541,0.2344,GOOD
/업무사례/경남오래된상속등기,/업무사례/대구상속등기비용,0.4539,0.2244,GOOD
/업무사례/대구월성동상속등기,/업무사례/포항상속포기한정승인,0.4539,0.0473,GOOD
/업무사례/대구유증등기법무사,/업무사례/양산상속등기비용,0.4539,0.2174,GOOD
/업무사례/울산공장상속등기,/업무사례/창원상속등기필요서류,0.4539,0.2462,GOOD
/업무사례/경북법무사업무,/업무사례/대구북구상속등기법무사,0.4538,0.228,GOOD
/업무사례/대구유증등기법무사,/업무사례/창원상속등기필요서류,0.4538,0.2244,GOOD
/업무사례/경남오래된상속등기,/업무사례/울산삼산동상속등기,0.4537,0.2362,GOOD
/업무사례/경북토지상속등기,/업무사례/창원의창구상속등기법무사,0.4537,0.2778,GOOD
/업무사례/고성군상속등기법무사,/업무사례/김해상속등기비용,0.4537,0.1277,GOOD
/업무사례/김해상속등기필요서류,/업무사례/대구중구상속등기법무사,0.4537,0.3695,GOOD
/업무사례/대구범어동상속등기,/업무사례/창원상속등기비용,0.4537,0.1951,GOOD
/업무사례/대구유증등기법무사,/업무사례/울산법무사업무,0.4537,0.2844,GOOD
/업무사례/부산거주양산부동산상속,/업무사례/울산공장상속등기,0.4537,0.2315,GOOD
/업무사례/울산달동상속등기,/업무사례/창원상속등기필요서류,0.4537,0.2513,GOOD
/업무사례/대구상인동상속등기,/업무사례/양산상속등기필요서류,0.4536,0.2049,GOOD
/업무사례/대구토지상속등기,/업무사례/창원상속등기비용,0.4536,0.2216,GOOD
/업무사례/울산중구상속등기법무사,/업무사례/창원상속등기필요서류,0.4536,0.2487,GOOD
/업무사례/부산거주양산부동산상속,/업무사례/울산북구상속등기법무사,0.4533,0.2311,GOOD
/업무사례/울산공장상속등기,/업무사례/창원의창구상속등기법무사,0.4533,0.288,GOOD
/업무사례/경남상속등기비용,/업무사례/대구유증등기법무사,0.4532,0.307,GOOD
/업무사례/경남상속등기비용,/업무사례/울산옥동상속등기,0.4532,0.3317,GOOD
/업무사례/경남여러필지토지상속,/업무사례/울산동구상속등기법무사,0.4532,0.269,GOOD
/업무사례/경남오래된상속등기,/업무사례/울산매곡동상속등기,0.4532,0.2376,GOOD
/업무사례/대구유증등기법무사,/업무사례/양산거주부산부동산상속,0.4532,0.2227,GOOD
/업무사례/창원에서부산법인본점이전,/업무사례/포항에서부산법인본점이전,0.4532,0.3594,GOOD
/업무사례/부산거주양산부동산상속,/업무사례/울산상속등기비용,0.4531,0.2362,GOOD
/업무사례/경북임야상속등기,/업무사례/양산거주부산부동산상속,0.453,0.2541,GOOD
/업무사례/부산거주양산부동산상속,/업무사례/울산토지상속등기,0.453,0.2367,GOOD
/업무사례/경남오래된상속등기,/업무사례/대구상인동상속등기,0.4529,0.2105,GOOD
/업무사례/경남조부모명의토지상속,/업무사례/울산매곡동상속등기,0.4529,0.2136,GOOD
/업무사례/경북법무사업무,/업무사례/경북조부모명의토지상속,0.4529,0.3251,GOOD
/업무사례/대구범어동상속등기,/업무사례/양산상속등기비용,0.4529,0.2118,GOOD
/업무사례/경주오래된토지상속등기,/업무사례/울산옥동상속등기,0.4528,0.1535,GOOD
/업무사례/대구월성동상속등기,/업무사례/부산거주양산부동산상속,0.4527,0.2048,GOOD
/업무사례/울산상속등기필요서류,/업무사례/창원의창구상속등기법무사,0.4527,0.285,GOOD
/업무사례/경주오래된토지상속등기,/업무사례/대구중구상속등기법무사,0.4526,0.1423,GOOD
/업무사례/부산거주양산부동산상속,/업무사례/울주언양상속등기,0.4526,0.2451,GOOD
/업무사례/양산상속등기필요서류,/업무사례/울산토지상속등기,0.4526,0.2412,GOOD
/업무사례/경북법무사업무,/업무사례/대구유증등기법무사,0.4525,0.2719,GOOD
/업무사례/경북상속등기필요서류,/업무사례/창원상속등기비용,0.4525,0.2273,GOOD
/업무사례/남해상속등기법무사,/업무사례/창원의창구상속등기법무사,0.4525,0.1864,GOOD
/업무사례/대구법무사업무,/업무사례/안동상속등기법무사,0.4525,0.267,GOOD
/업무사례/울산동구상속등기법무사,/업무사례/창원상속등기필요서류,0.4525,0.25,GOOD
/업무사례/경남조부모명의토지상속,/업무사례/울산공장상속등기,0.4524,0.199,GOOD
/업무사례/경북법무사업무,/업무사례/대구상속등기필요서류,0.4524,0.2783,GOOD
/업무사례/대구상속등기비용,/업무사례/부산거주양산부동산상속,0.4524,0.2153,GOOD
/업무사례/울산삼산동상속등기,/업무사례/창원상속등기필요서류,0.4524,0.2474,GOOD
/업무사례/경북상속등기필요서류,/업무사례/창원의창구상속등기법무사,0.4523,0.288,GOOD
/업무사례/대구법무사업무,/업무사례/칠곡상속등기법무사,0.4523,0.2234,GOOD
/업무사례/대구유증등기법무사,/업무사례/부산거주양산부동산상속,0.4523,0.217,GOOD
/업무사례/경남조부모명의토지상속,/업무사례/울산동구상속등기법무사,0.4522,0.22,GOOD
/업무사례/대구경북공동담보등기,/업무사례/부산에서대구법인본점이전,0.4521,0.2108,GOOD
/업무사례/대구아파트상속등기,/업무사례/부산거주김해부동산상속,0.4521,0.2079,GOOD
/업무사례/대구만촌동상속등기,/업무사례/창원상속등기필요서류,0.452,0.2428,GOOD
/업무사례/울산토지상속등기,/업무사례/창원상속등기필요서류,0.4519,0.2388,GOOD
/업무사례/대구법무사업무,/업무사례/대구월성동상속등기,0.4518,0.3077,GOOD
/업무사례/부산거주양산부동산상속,/업무사례/울산유증등기법무사,0.4518,0.2304,GOOD
/업무사례/경북법무사업무,/업무사례/대구월성동상속등기,0.4517,0.3155,GOOD
/업무사례/양산거주부산부동산상속,/업무사례/울산북구상속등기법무사,0.4516,0.2311,GOOD
/업무사례/울산토지상속등기,/업무사례/창원상속등기비용,0.4515,0.2266,GOOD
/업무사례/경북조부모명의토지상속,/업무사례/김해상속등기비용,0.4514,0.2576,GOOD
/업무사례/김해거주부산부동산상속,/업무사례/울산매곡동상속등기,0.4514,0.29,GOOD
/업무사례/경남오래된상속등기,/업무사례/울산달동상속등기,0.4513,0.24,GOOD
/업무사례/경남조부모명의토지상속,/업무사례/대구서구상속등기법무사,0.4512,0.2632,GOOD
/업무사례/대구군위군상속등기법무사,/업무사례/부산거주양산부동산상속,0.4512,0.2373,GOOD
/업무사례/부산거주양산부동산상속,/업무사례/울산옥동상속등기,0.4511,0.25,GOOD
/업무사례/경남여러필지토지상속,/업무사례/대구월성동상속등기,0.451,0.2427,GOOD
/업무사례/대구월성동상속등기,/업무사례/양산상속등기필요서류,0.451,0.2079,GOOD
/업무사례/부산거주양산부동산상속,/업무사례/울산달동상속등기,0.451,0.2488,GOOD
/업무사례/대구중구상속등기법무사,/업무사례/포항상속포기한정승인,0.4509,0.0625,GOOD
/업무사례/경북오래된상속등기,/업무사례/포항상속포기한정승인,0.4508,0.0627,GOOD
/업무사례/대구군위군상속등기법무사,/업무사례/양산상속등기필요서류,0.4508,0.2575,GOOD
/업무사례/사천상속등기법무사,/업무사례/창원의창구상속등기법무사,0.4508,0.0924,GOOD
/업무사례/양산상속등기필요서류,/업무사례/울산공장상속등기,0.4508,0.2423,GOOD
/업무사례/경북농지상속등기,/업무사례/창원상속등기필요서류,0.4506,0.2239,GOOD
/업무사례/남해상속등기법무사,/업무사례/영천상속등기법무사,0.4506,0.2571,GOOD
/업무사례/울산중구상속등기법무사,/업무사례/창원상속등기비용,0.4506,0.2362,GOOD
/업무사례/대구법무사업무,/업무사례/대구상인동상속등기,0.4505,0.3033,GOOD
/업무사례/부산거주김해부동산상속,/업무사례/울산상속등기비용,0.4505,0.209,GOOD
/업무사례/양산상속등기필요서류,/업무사례/울산중구상속등기법무사,0.4505,0.2513,GOOD
/업무사례/경남상속등기비용,/업무사례/경북임야상속등기,0.4504,0.2438,GOOD
/업무사례/경남상속등기비용,/업무사례/안동상속등기법무사,0.4504,0.23,GOOD
/업무사례/경남오래된상속등기,/업무사례/경북상속등기필요서류,0.4504,0.235,GOOD
/업무사례/경남상속등기비용,/업무사례/경북오래된상속등기,0.4503,0.3398,GOOD
/업무사례/경남오래된상속등기,/업무사례/울주언양상속등기,0.4503,0.2426,GOOD
/업무사례/경주오래된토지상속등기,/업무사례/울산아파트상속등기,0.4503,0.1606,GOOD
/업무사례/경남오래된상속등기,/업무사례/울산공장상속등기,0.4502,0.2228,GOOD
/업무사례/경북상속등기필요서류,/업무사례/부산거주양산부동산상속,0.4502,0.2255,GOOD
/업무사례/경북조부모명의토지상속,/업무사례/포항상속포기한정승인,0.4502,0.0632,GOOD
/업무사례/대구범어동상속등기,/업무사례/창원성산구상속등기법무사,0.4502,0.2347,GOOD
/업무사례/대구서구상속등기법무사,/업무사례/창원상속등기필요서류,0.4502,0.2619,GOOD
/업무사례/사천상속등기법무사,/업무사례/영천상속등기법무사,0.4502,0.1946,GOOD
/업무사례/경남법인등기법무사,/업무사례/창원에서부산법인본점이전,0.4501,0.2871,GOOD
/업무사례/경남여러필지토지상속,/업무사례/울산상속등기비용,0.4501,0.2835,GOOD
/업무사례/경남여러필지토지상속,/업무사례/울산유증등기법무사,0.4501,0.2512,GOOD
/업무사례/대구만촌동상속등기,/업무사례/양산상속등기필요서류,0.4501,0.2456,GOOD
/업무사례/양산상속등기필요서류,/업무사례/울산유증등기법무사,0.4501,0.241,GOOD
/업무사례/경남조부모명의토지상속,/업무사례/대구상인동상속등기,0.45,0.1934,GOOD
/업무사례/경남조부모명의토지상속,/업무사례/대구월성동상속등기,0.45,0.1905,GOOD
/업무사례/대구군위군상속등기법무사,/업무사례/창원상속등기필요서류,0.45,0.2471,GOOD
/업무사례/대구달성군상속등기법무사,/업무사례/부산거주김해부동산상속,0.45,0.2157,GOOD
/업무사례/경남법무사업무,/업무사례/경북법무사업무,0.4498,0.4699,GOOD
/업무사례/경남상속등기비용,/업무사례/경북토지상속등기,0.4498,0.3397,GOOD
/업무사례/경북상속등기필요서류,/업무사례/양산거주부산부동산상속,0.4498,0.2255,GOOD
/업무사례/경주오래된토지상속등기,/업무사례/울산토지상속등기,0.4498,0.1634,GOOD
/업무사례/김해상속등기비용,/업무사례/대구군위군상속등기법무사,0.4498,0.2471,GOOD
/업무사례/영천상속등기법무사,/업무사례/울산삼산동상속등기,0.4498,0.1274,GOOD
/업무사례/대구유증등기법무사,/업무사례/부산거주김해부동산상속,0.4497,0.1916,GOOD
/업무사례/대구유증등기법무사,/업무사례/안동오래된토지상속등기,0.4497,0.1245,GOOD
/업무사례/경남상속등기비용,/업무사례/대구토지상속등기,0.4496,0.2961,GOOD
/업무사례/경북법무사업무,/업무사례/경주오래된토지상속등기,0.4496,0.1378,GOOD
/업무사례/대구만촌동상속등기,/업무사례/울주군상속포기한정승인,0.4496,0.183,GOOD
/업무사례/대구토지상속등기,/업무사례/양산상속등기필요서류,0.4496,0.2368,GOOD
/업무사례/경남유증등기법무사,/업무사례/대구범어동상속등기,0.4493,0.2475,GOOD
/업무사례/고성군상속등기법무사,/업무사례/영천상속등기법무사,0.4492,0.1969,GOOD
/업무사례/대구만촌동상속등기,/업무사례/부산거주양산부동산상속,0.4492,0.2265,GOOD
/업무사례/안동오래된토지상속등기,/업무사례/울산토지상속등기,0.4492,0.1563,GOOD
/업무사례/남해상속등기법무사,/업무사례/양산상속등기필요서류,0.449,0.1852,GOOD
/업무사례/대구상인동상속등기,/업무사례/양산상속등기비용,0.449,0.2077,GOOD
/업무사례/김해상속등기비용,/업무사례/사천상속등기법무사,0.4489,0.0871,GOOD
/업무사례/양산거주부산부동산상속,/업무사례/울산상속등기필요서류,0.4489,0.2293,GOOD
/업무사례/울산매곡동상속등기,/업무사례/창원상속등기비용,0.4489,0.2551,GOOD
/업무사례/전국공동근저당권등기,/업무사례/타지역법무사의뢰,0.4488,0.1102,GOOD
/업무사례/경남상속등기비용,/업무사례/울산토지상속등기,0.4487,0.3286,GOOD
/업무사례/경남오래된상속등기,/업무사례/울산중구상속등기법무사,0.4486,0.2376,GOOD
/업무사례/경북토지상속등기,/업무사례/양산상속등기필요서류,0.4486,0.2277,GOOD
/업무사례/김해상속등기비용,/업무사례/울산공장상속등기,0.4486,0.2718,GOOD
/업무사례/김해거주부산부동산상속,/업무사례/대구토지상속등기,0.4485,0.2902,GOOD
/업무사례/경남여러필지토지상속,/업무사례/대구상인동상속등기,0.4484,0.2333,GOOD
/업무사례/경남오래된상속등기,/업무사례/울산북구상속등기법무사,0.4484,0.2344,GOOD
/업무사례/경남유증등기법무사,/업무사례/대구만촌동상속등기,0.4484,0.2333,GOOD
/업무사례/구미에서부산법인본점이전,/업무사례/김해에서부산법인본점이전,0.4484,0.4581,GOOD
/업무사례/경북오래된상속등기,/업무사례/양산상속등기비용,0.4483,0.235,GOOD
/업무사례/김해거주부산부동산상속,/업무사례/울산옥동상속등기,0.4483,0.2944,GOOD
/업무사례/대구토지상속등기,/업무사례/양산거주부산부동산상속,0.4483,0.2386,GOOD
/업무사례/대구부산공동근저당권,/업무사례/울산에서부산법인본점이전,0.4481,0.2615,GOOD
/업무사례/부산거주김해부동산상속,/업무사례/울산북구상속등기법무사,0.4481,0.2113,GOOD
/업무사례/안동오래된토지상속등기,/업무사례/울산상속등기필요서류,0.4481,0.1406,GOOD
/업무사례/경북임야상속등기,/업무사례/창원상속등기비용,0.4479,0.2429,GOOD
/업무사례/세종상속등기법무사,/업무사례/타지역법무사의뢰,0.4479,0.1901,GOOD
/업무사례/경북조부모명의토지상속,/업무사례/창원상속등기필요서류,0.4478,0.2261,GOOD
/업무사례/대구상속등기필요서류,/업무사례/창원의창구상속등기법무사,0.4478,0.2769,GOOD
/업무사례/경북토지상속등기,/업무사례/부산거주양산부동산상속,0.4477,0.2238,GOOD
/업무사례/대구북구상속등기법무사,/업무사례/울산법무사업무,0.4476,0.2172,GOOD
/업무사례/대구중구상속등기법무사,/업무사례/창원상속등기필요서류,0.4472,0.235,GOOD
/업무사례/울산상속등기필요서류,/업무사례/울주군상속포기한정승인,0.4472,0.1992,GOOD
/업무사례/경북오래된상속등기,/업무사례/창원상속등기필요서류,0.4471,0.2239,GOOD
/업무사례/김해거주부산부동산상속,/업무사례/대구군위군상속등기법무사,0.4471,0.2308,GOOD
/업무사례/부산거주김해부동산상속,/업무사례/울산아파트상속등기,0.4471,0.2211,GOOD
/업무사례/김해거주부산부동산상속,/업무사례/울산달동상속등기,0.447,0.2929,GOOD
/업무사례/남해상속등기법무사,/업무사례/부산거주김해부동산상속,0.447,0.1696,GOOD
/업무사례/울주군상속포기한정승인,/업무사례/울주삼남상속등기,0.4468,0.2058,GOOD
/업무사례/대구달성군상속등기법무사,/업무사례/울주군상속포기한정승인,0.4467,0.2099,GOOD
/업무사례/경남여러필지토지상속,/업무사례/대구중구상속등기법무사,0.4466,0.2723,GOOD
/업무사례/경남조부모명의토지상속,/업무사례/고성군상속등기법무사,0.4466,0.1186,GOOD
/업무사례/부산거주김해부동산상속,/업무사례/울산토지상속등기,0.4466,0.2163,GOOD
/업무사례/경남상속등기비용,/업무사례/울산북구상속등기법무사,0.4465,0.3209,GOOD
/업무사례/김해거주부산부동산상속,/업무사례/울산상속등기필요서류,0.4465,0.2786,GOOD
/업무사례/김해거주부산부동산상속,/업무사례/울산유증등기법무사,0.4465,0.2864,GOOD
/업무사례/안동오래된토지상속등기,/업무사례/울주삼남상속등기,0.4465,0.1508,GOOD
/업무사례/영천상속등기법무사,/업무사례/울주언양상속등기,0.4465,0.1336,GOOD
/업무사례/울주군상속포기한정승인,/업무사례/울주범서상속등기,0.4465,0.2033,GOOD
/업무사례/경북조부모명의토지상속,/업무사례/부산거주양산부동산상속,0.4463,0.2365,GOOD
/업무사례/경주오래된토지상속등기,/업무사례/울산상속등기필요서류,0.4462,0.1479,GOOD
/업무사례/경북상속등기필요서류,/업무사례/김해거주부산부동산상속,0.4461,0.275,GOOD
/업무사례/경북토지상속등기,/업무사례/창원상속등기비용,0.4461,0.2077,GOOD
/업무사례/경남오래된상속등기,/업무사례/안동상속등기법무사,0.446,0.2571,GOOD
/업무사례/경북토지상속등기,/업무사례/양산거주부산부동산상속,0.446,0.2238,GOOD
/업무사례/김해거주부산부동산상속,/업무사례/대구상인동상속등기,0.446,0.2488,GOOD
/업무사례/김해거주부산부동산상속,/업무사례/대구월성동상속등기,0.446,0.2647,GOOD
/업무사례/경주오래된토지상속등기,/업무사례/울주삼남상속등기,0.4459,0.1581,GOOD
/업무사례/경북상속등기비용,/업무사례/김해거주부산부동산상속,0.4457,0.2723,GOOD
/업무사례/고성군상속등기법무사,/업무사례/창원상속등기필요서류,0.4457,0.1207,GOOD
/업무사례/대구상속등기필요서류,/업무사례/부산거주양산부동산상속,0.4457,0.2163,GOOD
/업무사례/울산매곡동상속등기,/업무사례/울산법무사업무,0.4457,0.3158,GOOD
/업무사례/경남오래된상속등기,/업무사례/대구만촌동상속등기,0.4456,0.2514,GOOD
/업무사례/김해거주부산부동산상속,/업무사례/울산중구상속등기법무사,0.4456,0.2836,GOOD
/업무사례/경북법무사업무,/업무사례/안동오래된토지상속등기,0.4455,0.1304,GOOD
/업무사례/경주오래된토지상속등기,/업무사례/울산동구상속등기법무사,0.4455,0.1554,GOOD
/업무사례/경남여러필지토지상속,/업무사례/울산중구상속등기법무사,0.4454,0.2736,GOOD
/업무사례/전국법인본점이전등기,/업무사례/전국비대면법무사,0.4454,0.3846,GOOD
/업무사례/대구법무사업무,/업무사례/울주범서상속등기,0.4453,0.3077,GOOD
/업무사례/울산옥동상속등기,/업무사례/울주군상속포기한정승인,0.4453,0.2058,GOOD
/업무사례/경남여러필지토지상속,/업무사례/고성군상속등기법무사,0.4452,0.1157,GOOD
/업무사례/경남오래된상속등기,/업무사례/대구월성동상속등기,0.4452,0.2136,GOOD
/업무사례/경북오래된상속등기,/업무사례/양산거주부산부동산상속,0.4452,0.2282,GOOD
/업무사례/김해거주부산부동산상속,/업무사례/대구만촌동상속등기,0.4451,0.2337,GOOD
/업무사례/김해거주부산부동산상속,/업무사례/울산토지상속등기,0.4451,0.2857,GOOD
/업무사례/경북임야상속등기,/업무사례/대구법무사업무,0.445,0.23,GOOD
/업무사례/경북법무사업무,/업무사례/대구아파트상속등기,0.4449,0.2927,GOOD
/업무사례/안동오래된토지상속등기,/업무사례/울주범서상속등기,0.4449,0.149,GOOD
/업무사례/양산거주부산부동산상속,/업무사례/울산매곡동상속등기,0.4449,0.2402,GOOD
/업무사례/김해거주부산부동산상속,/업무사례/대구범어동상속등기,0.4448,0.2598,GOOD
/업무사례/김해거주부산부동산상속,/업무사례/울주언양상속등기,0.4447,0.2886,GOOD
/업무사례/울산매곡동상속등기,/업무사례/울주군상속포기한정승인,0.4447,0.2033,GOOD
/업무사례/경북조부모명의토지상속,/업무사례/양산거주부산부동산상속,0.4446,0.2365,GOOD
/업무사례/부산거주김해부동산상속,/업무사례/울산옥동상속등기,0.4446,0.2167,GOOD
/업무사례/경남상속등기비용,/업무사례/대구상인동상속등기,0.4445,0.2798,GOOD
/업무사례/사천상속등기법무사,/업무사례/창원상속등기필요서류,0.4444,0.089,GOOD
/업무사례/경주오래된토지상속등기,/업무사례/울주범서상속등기,0.4443,0.1563,GOOD
/업무사례/대구경북공동담보등기,/업무사례/울산에서부산법인본점이전,0.4443,0.2667,GOOD
/업무사례/경남여러필지토지상속,/업무사례/울산삼산동상속등기,0.4442,0.2663,GOOD
/업무사례/경남조부모명의토지상속,/업무사례/울산상속등기비용,0.4441,0.2211,GOOD
/업무사례/대구달성군상속등기법무사,/업무사례/울산법무사업무,0.4441,0.3252,GOOD
/업무사례/대구에서부산법인본점이전,/업무사례/부산울산공동근저당권,0.4441,0.3443,GOOD
/업무사례/경남비대면상속안내,/업무사례/김해상속등기비용,0.444,0.1039,GOOD
/업무사례/김해상속등기필요서류,/업무사례/대구상인동상속등기,0.444,0.3146,GOOD
/업무사례/울산유증등기법무사,/업무사례/창원상속등기비용,0.4439,0.2323,GOOD
/업무사례/경북법무사업무,/업무사례/대구시지상속등기,0.4438,0.2579,GOOD
/업무사례/경북법무사업무,/업무사례/대구중구상속등기법무사,0.4438,0.3333,GOOD
/업무사례/경주오래된토지상속등기,/업무사례/대구법무사업무,0.4438,0.1328,GOOD
/업무사례/영천상속등기법무사,/업무사례/울산달동상속등기,0.4438,0.1264,GOOD
/업무사례/대구상속등기필요서류,/업무사례/울산법무사업무,0.4437,0.2972,GOOD
/업무사례/안동오래된토지상속등기,/업무사례/울산옥동상속등기,0.4437,0.1462,GOOD
/업무사례/양산거주부산부동산상속,/업무사례/울산토지상속등기,0.4437,0.2367,GOOD
/업무사례/대구토지상속등기,/업무사례/부산거주양산부동산상속,0.4436,0.2323,GOOD
/업무사례/울주군상속포기한정승인,/업무사례/칠곡상속등기법무사,0.4436,0.2212,GOOD
/업무사례/경남유증등기법무사,/업무사례/고성군상속등기법무사,0.4435,0.1218,GOOD
/업무사례/경북조부모명의토지상속,/업무사례/창원상속등기비용,0.4435,0.2139,GOOD
/업무사례/울산상속등기필요서류,/업무사례/포항상속포기한정승인,0.4435,0.0669,GOOD
/업무사례/대구월성동상속등기,/업무사례/양산거주부산부동산상속,0.4433,0.2163,GOOD
/업무사례/영천상속등기법무사,/업무사례/울산송정동상속등기,0.4433,0.1435,GOOD
/업무사례/경남오래된상속등기,/업무사례/울산유증등기법무사,0.4432,0.2157,GOOD
/업무사례/경남조부모명의토지상속,/업무사례/울산중구상속등기법무사,0.4432,0.2195,GOOD
/업무사례/김해거주부산부동산상속,/업무사례/대구상속등기비용,0.4432,0.2696,GOOD
/업무사례/부산거주김해부동산상속,/업무사례/안동상속등기법무사,0.4432,0.236,GOOD
/업무사례/경북오래된상속등기,/업무사례/부산거주양산부동산상속,0.4431,0.2282,GOOD
/업무사례/남해상속등기법무사,/업무사례/양산거주부산부동산상속,0.4431,0.1726,GOOD
/업무사례/김해상속등기필요서류,/업무사례/대구범어동상속등기,0.4429,0.3019,GOOD
/업무사례/대구법무사업무,/업무사례/울산동구상속등기법무사,0.4429,0.2727,GOOD
/업무사례/부산거주김해부동산상속,/업무사례/울산매곡동상속등기,0.4428,0.2136,GOOD
/업무사례/울산아파트상속등기,/업무사례/울주군상속포기한정승인,0.4428,0.2092,GOOD
/업무사례/대구동구상속등기법무사,/업무사례/울산법무사업무,0.4426,0.3155,GOOD
/업무사례/남해상속등기법무사,/업무사례/창원성산구상속등기법무사,0.4424,0.1806,GOOD
/업무사례/울산유증등기법무사,/업무사례/창원의창구상속등기법무사,0.4424,0.2732,GOOD
/업무사례/대구다사상속등기,/업무사례/울주군상속포기한정승인,0.4423,0.1943,GOOD
/업무사례/경북토지상속등기,/업무사례/대구법무사업무,0.4421,0.2778,GOOD
/업무사례/경주오래된토지상속등기,/업무사례/대구상인동상속등기,0.4421,0.1283,GOOD
/업무사례/김해거주부산부동산상속,/업무사례/울산공장상속등기,0.4421,0.2879,GOOD
/업무사례/경남상속등기비용,/업무사례/대구월성동상속등기,0.442,0.2958,GOOD
/업무사례/광주상속등기법무사,/업무사례/타지역법무사의뢰,0.442,0.1949,GOOD
/업무사례/대구월성동상속등기,/업무사례/창원상속등기비용,0.442,0.1942,GOOD
/업무사례/부산거주양산부동산상속,/업무사례/울산중구상속등기법무사,0.442,0.2341,GOOD
/업무사례/안동오래된토지상속등기,/업무사례/울산매곡동상속등기,0.442,0.1445,GOOD
/업무사례/안동오래된토지상속등기,/업무사례/울산유증등기법무사,0.442,0.1412,GOOD
/업무사례/양산법인등기법무사,/업무사례/창원법인등기법무사,0.4418,0.2952,GOOD
/업무사례/전국공동근저당권등기,/업무사례/충남상속등기법무사,0.4418,0.1044,GOOD
/업무사례/김해거주부산부동산상속,/업무사례/대구상속등기필요서류,0.4417,0.2709,GOOD
/업무사례/김해법인등기법무사,/업무사례/부산에서양산법인본점이전,0.4416,0.3051,GOOD
/업무사례/대구성서상속등기,/업무사례/포항상속포기한정승인,0.4416,0.0658,GOOD
/업무사례/안동오래된토지상속등기,/업무사례/울산공장상속등기,0.4415,0.1508,GOOD
/업무사례/경주오래된토지상속등기,/업무사례/울산유증등기법무사,0.4414,0.1529,GOOD
/업무사례/경북오래된상속등기,/업무사례/창원의창구상속등기법무사,0.4413,0.2769,GOOD
/업무사례/경주오래된토지상속등기,/업무사례/울산매곡동상속등기,0.4413,0.1518,GOOD
/업무사례/대구아파트상속등기,/업무사례/울산법무사업무,0.4411,0.2933,GOOD
/업무사례/영천상속등기법무사,/업무사례/포항상속포기한정승인,0.4411,0.0662,GOOD
/업무사례/대구토지상속등기,/업무사례/부산거주김해부동산상속,0.441,0.205,GOOD
/업무사례/고성군상속등기법무사,/업무사례/부산거주김해부동산상속,0.4409,0.1234,GOOD
/업무사례/김해거주부산부동산상속,/업무사례/남해상속등기법무사,0.4409,0.1688,GOOD
/업무사례/경주오래된토지상속등기,/업무사례/울산공장상속등기,0.4408,0.1581,GOOD
/업무사례/대구범어동상속등기,/업무사례/양산상속등기필요서류,0.4408,0.203,GOOD
/업무사례/경북조부모명의토지상속,/업무사례/창원의창구상속등기법무사,0.4407,0.2798,GOOD
/업무사례/대구상인동상속등기,/업무사례/양산거주부산부동산상속,0.4407,0.2019,GOOD
/업무사례/대구상인동상속등기,/업무사례/포항상속포기한정승인,0.4407,0.0468,GOOD
/업무사례/대구중구상속등기법무사,/업무사례/부산거주양산부동산상속,0.4407,0.2271,GOOD
/업무사례/울산공장상속등기,/업무사례/울주군상속포기한정승인,0.4407,0.2008,GOOD
/업무사례/경남조부모명의토지상속,/업무사례/대구중구상속등기법무사,0.4406,0.2184,GOOD
/업무사례/경북오래된상속등기,/업무사례/부산거주김해부동산상속,0.4406,0.2019,GOOD
/업무사례/경주오래된토지상속등기,/업무사례/울산중구상속등기법무사,0.4406,0.1518,GOOD
/업무사례/거제상속포기법무사,/업무사례/진주상속포기한정승인,0.4405,0.2429,GOOD
/업무사례/경남상속등기비용,/업무사례/고성군상속등기법무사,0.4405,0.1154,GOOD
/업무사례/경북임야상속등기,/업무사례/부산거주김해부동산상속,0.4405,0.2308,GOOD
/업무사례/사천상속등기법무사,/업무사례/창원상속등기비용,0.4405,0.0844,GOOD
/업무사례/경북오래된상속등기,/업무사례/김해거주부산부동산상속,0.4404,0.2772,GOOD
/업무사례/대구동구상속등기법무사,/업무사례/울주군상속포기한정승인,0.4404,0.2016,GOOD
/업무사례/부산거주김해부동산상속,/업무사례/울산상속등기필요서류,0.4404,0.1971,GOOD
/업무사례/부산거주김해부동산상속,/업무사례/울산유증등기법무사,0.4404,0.2039,GOOD
/업무사례/사천상속등기법무사,/업무사례/양산거주부산부동산상속,0.4404,0.0776,GOOD
/업무사례/경북법무사업무,/업무사례/울주범서상속등기,0.4403,0.3284,GOOD
/업무사례/경북오래된상속등기,/업무사례/대구법무사업무,0.4401,0.283,GOOD
/업무사례/경북오래된상속등기,/업무사례/양산상속등기필요서류,0.4401,0.2261,GOOD
/업무사례/경북토지상속등기,/업무사례/부산거주김해부동산상속,0.4401,0.1981,GOOD
/업무사례/대구중구상속등기법무사,/업무사례/울산법무사업무,0.4401,0.3081,GOOD
/업무사례/대구시지상속등기,/업무사례/울산법무사업무,0.44,0.2398,GOOD
/업무사례/안동오래된토지상속등기,/업무사례/울산아파트상속등기,0.44,0.1532,GOOD
/업무사례/울산토지상속등기,/업무사례/울주군상속포기한정승인,0.44,0.2008,GOOD
/업무사례/경남상속등기비용,/업무사례/울산매곡동상속등기,0.4399,0.3206,GOOD
/업무사례/경북법무사업무,/업무사례/울산토지상속등기,0.4398,0.2864,GOOD
/업무사례/경남상속등기비용,/업무사례/남해상속등기법무사,0.4396,0.1566,GOOD
/업무사례/대구다사상속등기,/업무사례/울산법무사업무,0.4396,0.311,GOOD
/업무사례/대구법무사업무,/업무사례/울주삼남상속등기,0.4396,0.2749,GOOD
/업무사례/부산거주김해부동산상속,/업무사례/울산중구상속등기법무사,0.4396,0.2136,GOOD
/업무사례/울주삼남상속등기,/업무사례/포항상속포기한정승인,0.4396,0.0674,GOOD
/업무사례/인천상속등기법무사,/업무사례/전국비대면법무사,0.4396,0.1142,GOOD
/업무사례/경남조부모명의토지상속,/업무사례/울산삼산동상속등기,0.4394,0.2118,GOOD
/업무사례/경북상속등기필요서류,/업무사례/울산법무사업무,0.4394,0.2891,GOOD
/업무사례/대구상속등기필요서류,/업무사례/부산거주김해부동산상속,0.4394,0.1905,GOOD
/업무사례/울주범서상속등기,/업무사례/포항상속포기한정승인,0.4393,0.0706,GOOD
/업무사례/대구법무사업무,/업무사례/울산옥동상속등기,0.4392,0.2871,GOOD
/업무사례/안동상속등기법무사,/업무사례/울주군상속포기한정승인,0.4391,0.2202,GOOD
/업무사례/울산북구상속등기법무사,/업무사례/울주군상속포기한정승인,0.4391,0.2016,GOOD
/업무사례/안동오래된토지상속등기,/업무사례/양산상속등기비용,0.439,0.1542,GOOD
/업무사례/경북오래된상속등기,/업무사례/창원상속등기비용,0.4389,0.2118,GOOD
/업무사례/김해상속등기비용,/업무사례/영천상속등기법무사,0.4389,0.135,GOOD
/업무사례/울산유증등기법무사,/업무사례/울주군상속포기한정승인,0.4389,0.2049,GOOD
/업무사례/경남상속등기비용,/업무사례/울산법무사업무,0.4388,0.3188,GOOD
/업무사례/남해상속등기법무사,/업무사례/부산거주양산부동산상속,0.4388,0.1674,GOOD
/업무사례/경북상속등기필요서류,/업무사례/부산거주김해부동산상속,0.4387,0.199,GOOD
/업무사례/대구범어동상속등기,/업무사례/부산거주김해부동산상속,0.4387,0.1857,GOOD
/업무사례/대구범어동상속등기,/업무사례/부산거주양산부동산상속,0.4387,0.2057,GOOD
/업무사례/대구중구상속등기법무사,/업무사례/안동오래된토지상속등기,0.4387,0.1351,GOOD
/업무사례/부산에서창원법인본점이전,/업무사례/창원법인등기법무사,0.4386,0.3621,GOOD
/업무사례/경북조부모명의토지상속,/업무사례/김해거주부산부동산상속,0.4385,0.2864,GOOD
/업무사례/대구남구상속등기법무사,/업무사례/포항상속포기한정승인,0.4385,0.063,GOOD
/업무사례/대구월성동상속등기,/업무사례/부산거주김해부동산상속,0.4385,0.1848,GOOD
/업무사례/영천상속등기법무사,/업무사례/울산상속등기비용,0.4385,0.1289,GOOD
/업무사례/경주오래된토지상속등기,/업무사례/양산상속등기비용,0.4383,0.1623,GOOD
/업무사례/경북법무사업무,/업무사례/대구상인동상속등기,0.4382,0.311,GOOD
/업무사례/고성군상속등기법무사,/업무사례/양산거주부산부동산상속,0.4382,0.1172,GOOD
/업무사례/울산공장상속등기,/업무사례/창원상속등기비용,0.4382,0.2335,GOOD
/업무사례/대구법무사업무,/업무사례/울산아파트상속등기,0.4379,0.2679,GOOD
/업무사례/울산유증등기법무사,/업무사례/포항상속포기한정승인,0.4377,0.0712,GOOD
/업무사례/경남상속등기비용,/업무사례/울산유증등기법무사,0.4375,0.311,GOOD
/업무사례/대구법무사업무,/업무사례/안동오래된토지상속등기,0.4375,0.1255,GOOD
/업무사례/대구법무사업무,/업무사례/울산상속등기필요서류,0.4375,0.2605,GOOD
/업무사례/울산법무사업무,/업무사례/창원의창구상속등기법무사,0.4374,0.2813,GOOD
/업무사례/전국유증등기법무사,/업무사례/제주상속등기법무사,0.4374,0.2545,GOOD
/업무사례/대구상인동상속등기,/업무사례/부산거주양산부동산상속,0.4373,0.1963,GOOD
/업무사례/부산거주김해부동산상속,/업무사례/울산공장상속등기,0.4373,0.2049,GOOD
/업무사례/대구토지상속등기,/업무사례/울주군상속포기한정승인,0.4371,0.1958,GOOD
/업무사례/경남상속등기비용,/업무사례/울산공장상속등기,0.437,0.2817,GOOD
/업무사례/대구중구상속등기법무사,/업무사례/부산거주김해부동산상속,0.437,0.201,GOOD
/업무사례/울산동구상속등기법무사,/업무사례/울주군상속포기한정승인,0.437,0.2134,GOOD
/업무사례/양산거주부산부동산상속,/업무사례/울산공장상속등기,0.4369,0.2376,GOOD
/업무사례/울산옥동상속등기,/업무사례/포항상속포기한정승인,0.4369,0.0674,GOOD
/업무사례/경주오래된토지상속등기,/업무사례/울산북구상속등기법무사,0.4368,0.1472,GOOD
/업무사례/대구상인동상속등기,/업무사례/안동오래된토지상속등기,0.4367,0.1212,GOOD
/업무사례/양산상속등기비용,/업무사례/울산법무사업무,0.4367,0.2323,GOOD
/업무사례/대구법무사업무,/업무사례/울산북구상속등기법무사,0.4366,0.267,GOOD
/업무사례/경북법무사업무,/업무사례/울산북구상속등기법무사,0.4365,0.2798,GOOD
/업무사례/대구현풍상속등기,/업무사례/포항상속포기한정승인,0.4365,0.058,GOOD
/업무사례/울산매곡동상속등기,/업무사례/포항상속포기한정승인,0.4365,0.0667,GOOD
/업무사례/대구법무사업무,/업무사례/울산유증등기법무사,0.4363,0.2617,GOOD
/업무사례/양산거주부산부동산상속,/업무사례/울산법무사업무,0.4363,0.2315,GOOD
/업무사례/대구상인동상속등기,/업무사례/창원상속등기필요서류,0.4362,0.2087,GOOD
/업무사례/양산거주부산부동산상속,/업무사례/울산유증등기법무사,0.4362,0.2365,GOOD
/업무사례/경북상속등기필요서류,/업무사례/울주군상속포기한정승인,0.4361,0.1959,GOOD
/업무사례/대구상인동상속등기,/업무사례/부산거주김해부동산상속,0.4361,0.1767,GOOD
/업무사례/울산법무사업무,/업무사례/칠곡상속등기법무사,0.4361,0.2261,GOOD
/업무사례/경북조부모명의토지상속,/업무사례/대구법무사업무,0.436,0.2857,GOOD
/업무사례/구미에서부산법인본점이전,/업무사례/부산에서창원법인본점이전,0.4358,0.4024,GOOD
/업무사례/김해법인등기법무사,/업무사례/부산에서창원법인본점이전,0.4357,0.3143,GOOD
/업무사례/울산공장상속등기,/업무사례/울산법무사업무,0.4357,0.283,GOOD
/업무사례/경남유증등기법무사,/업무사례/사천상속등기법무사,0.4353,0.0732,GOOD
/업무사례/안동오래된토지상속등기,/업무사례/울산동구상속등기법무사,0.4353,0.148,GOOD
/업무사례/경남비대면상속안내,/업무사례/김해상속등기필요서류,0.4352,0.0891,GOOD
/업무사례/경남비대면상속안내,/업무사례/창원성산구상속등기법무사,0.435,0.1176,GOOD
/업무사례/경남조부모명의토지상속,/업무사례/사천상속등기법무사,0.435,0.0697,GOOD
/업무사례/경남상속등기비용,/업무사례/사천상속등기법무사,0.4348,0.0709,GOOD
/업무사례/대구북구상속등기법무사,/업무사례/울주군상속포기한정승인,0.4345,0.2074,GOOD
/업무사례/전국법인본점이전등기,/업무사례/타지역법무사의뢰,0.4345,0.1225,GOOD
/업무사례/경남오래된상속등기,/업무사례/남해상속등기법무사,0.4344,0.1644,GOOD
/업무사례/경북법무사업무,/업무사례/울산동구상속등기법무사,0.4344,0.2864,GOOD
/업무사례/경북법무사업무,/업무사례/울산옥동상속등기,0.4343,0.301,GOOD
/업무사례/대구시지상속등기,/업무사례/울주군상속포기한정승인,0.4343,0.2166,GOOD
/업무사례/부산에서대구법인본점이전,/업무사례/부산울산공동근저당권,0.4339,0.2098,GOOD
/업무사례/경남여러필지토지상속,/업무사례/사천상속등기법무사,0.4336,0.068,GOOD
/업무사례/경주오래된토지상속등기,/업무사례/울주군상속포기한정승인,0.4336,0.1377,GOOD
/업무사례/경남비대면상속안내,/업무사례/경남여러필지토지상속,0.4334,0.1064,GOOD
/업무사례/대구상인동상속등기,/업무사례/울산법무사업무,0.4332,0.287,GOOD
/업무사례/안동오래된토지상속등기,/업무사례/울주군상속포기한정승인,0.4332,0.1309,GOOD
/업무사례/김해법인등기법무사,/업무사례/양산법인등기법무사,0.4331,0.2927,GOOD
/업무사례/대구부산공동근저당권,/업무사례/부산에서울산법인본점이전,0.433,0.285,GOOD
/업무사례/울산법무사업무,/업무사례/창원상속등기비용,0.4328,0.2211,GOOD
/업무사례/경북법무사업무,/업무사례/울산유증등기법무사,0.4327,0.2629,GOOD
/업무사례/안동오래된토지상속등기,/업무사례/울산북구상속등기법무사,0.4327,0.1402,GOOD
/업무사례/경남오래된상속등기,/업무사례/경주오래된토지상속등기,0.4326,0.1652,GOOD
/업무사례/경북상속등기비용,/업무사례/포항상속포기한정승인,0.4323,0.063,GOOD
/업무사례/울산아파트상속등기,/업무사례/포항상속포기한정승인,0.4322,0.0684,GOOD
/업무사례/대구법무사업무,/업무사례/울산중구상속등기법무사,0.432,0.2651,GOOD
/업무사례/대구에서부산법인본점이전,/업무사례/창원에서부산법인본점이전,0.432,0.3822,GOOD
/업무사례/양산에서부산법인본점이전,/업무사례/포항에서부산법인본점이전,0.432,0.381,GOOD
/업무사례/경북임야상속등기,/업무사례/울주군상속포기한정승인,0.4319,0.2054,GOOD
/업무사례/경주오래된토지상속등기,/업무사례/양산거주부산부동산상속,0.4319,0.1581,GOOD
/업무사례/경남비대면상속안내,/업무사례/경남오래된상속등기,0.4317,0.114,GOOD
/업무사례/부산거주김해부동산상속,/업무사례/사천상속등기법무사,0.4317,0.0741,GOOD
/업무사례/안동상속등기법무사,/업무사례/울산법무사업무,0.4317,0.2312,GOOD
/업무사례/경북조부모명의토지상속,/업무사례/울주군상속포기한정승인,0.4315,0.1951,GOOD
/업무사례/경남비대면상속안내,/업무사례/경남조부모명의토지상속,0.4313,0.1092,GOOD
/업무사례/대구부산공동근저당권,/업무사례/포항에서부산법인본점이전,0.4313,0.3208,GOOD
/업무사례/대구서구상속등기법무사,/업무사례/포항상속포기한정승인,0.4312,0.0717,GOOD
/업무사례/경남비대면상속안내,/업무사례/양산상속등기필요서류,0.4311,0.1022,GOOD
/업무사례/경북법무사업무,/업무사례/울주삼남상속등기,0.4311,0.2885,GOOD
/업무사례/양산상속등기비용,/업무사례/울주군상속포기한정승인,0.4311,0.2156,GOOD
/업무사례/경주오래된토지상속등기,/업무사례/울산법무사업무,0.431,0.1445,GOOD
/업무사례/울산북구상속등기법무사,/업무사례/포항상속포기한정승인,0.431,0.0686,GOOD
/업무사례/경남오래된상속등기,/업무사례/영천상속등기법무사,0.4309,0.1356,GOOD
/업무사례/김해상속등기필요서류,/업무사례/안동오래된토지상속등기,0.4309,0.1362,GOOD
/업무사례/경남비대면상속안내,/업무사례/경남유증등기법무사,0.4305,0.1078,GOOD
/업무사례/경북토지상속등기,/업무사례/울주군상속포기한정승인,0.4303,0.1905,GOOD
/업무사례/대구법무사업무,/업무사례/울산토지상속등기,0.4302,0.2615,GOOD
/업무사례/경북조부모명의토지상속,/업무사례/부산거주김해부동산상속,0.4301,0.2098,GOOD
/업무사례/울산동구상속등기법무사,/업무사례/포항상속포기한정승인,0.4301,0.0722,GOOD
/업무사례/울산상속등기법무사,/업무사례/전국유증등기법무사,0.4301,0.2727,GOOD
/업무사례/대구상속등기비용,/업무사례/포항상속포기한정승인,0.43,0.0625,GOOD
/업무사례/울산법무사업무,/업무사례/울주군상속포기한정승인,0.4299,0.1959,GOOD
/업무사례/경남조부모명의토지상속,/업무사례/경주오래된토지상속등기,0.4298,0.1652,GOOD
/업무사례/경남유증등기법무사,/업무사례/영천상속등기법무사,0.4297,0.1245,GOOD
/업무사례/경남여러필지토지상속,/업무사례/대구범어동상속등기,0.4296,0.2439,GOOD
/업무사례/대구월성동상속등기,/업무사례/울산법무사업무,0.4295,0.2911,GOOD
/업무사례/대구토지상속등기,/업무사례/울산법무사업무,0.4295,0.2788,GOOD
/업무사례/인천상속등기법무사,/업무사례/타지역법무사의뢰,0.4295,0.1974,GOOD
/업무사례/양산에서부산법인본점이전,/업무사례/울산에서부산법인본점이전,0.4294,0.4188,GOOD
/업무사례/대구범어동상속등기,/업무사례/울주군상속포기한정승인,0.4292,0.1706,GOOD
/업무사례/경남비대면상속안내,/업무사례/부산거주양산부동산상속,0.4291,0.1126,GOOD
/업무사례/울산공장상속등기,/업무사례/포항상속포기한정승인,0.4291,0.0674,GOOD
/업무사례/경북법무사업무,/업무사례/울산상속등기필요서류,0.429,0.2617,GOOD
/업무사례/경주오래된토지상속등기,/업무사례/김해상속등기필요서류,0.429,0.1434,GOOD
/업무사례/고성군상속등기법무사,/업무사례/대구성서상속등기,0.429,0.1336,GOOD
/업무사례/울산중구상속등기법무사,/업무사례/포항상속포기한정승인,0.4289,0.0706,GOOD
/업무사례/울산중구상속등기법무사,/업무사례/울주군상속포기한정승인,0.4288,0.2082,GOOD
/업무사례/경남조부모명의토지상속,/업무사례/대구범어동상속등기,0.4286,0.1914,GOOD
/업무사례/대구상속등기필요서류,/업무사례/울주군상속포기한정승인,0.4285,0.1888,GOOD
/업무사례/경북법무사업무,/업무사례/양산상속등기비용,0.4283,0.2183,GOOD
/업무사례/안동오래된토지상속등기,/업무사례/창원성산구상속등기법무사,0.4283,0.157,GOOD
/업무사례/경북법무사업무,/업무사례/울산아파트상속등기,0.4282,0.2816,GOOD
/업무사례/안동오래된토지상속등기,/업무사례/울산중구상속등기법무사,0.4282,0.1445,GOOD
/업무사례/경북농지상속등기,/업무사례/포항상속포기한정승인,0.4281,0.0627,GOOD
/업무사례/양산상속등기비용,/업무사례/영천상속등기법무사,0.4281,0.1373,GOOD
/업무사례/경남여러필지토지상속,/업무사례/영천상속등기법무사,0.4279,0.1184,GOOD
/업무사례/경북임야상속등기,/업무사례/울산법무사업무,0.4279,0.2206,GOOD
/업무사례/대구경북공동담보등기,/업무사례/포항에서부산법인본점이전,0.4278,0.3318,GOOD
/업무사례/대구군위군상속등기법무사,/업무사례/포항상속포기한정승인,0.4278,0.0717,GOOD
/업무사례/안동오래된토지상속등기,/업무사례/창원의창구상속등기법무사,0.4277,0.1528,GOOD
/업무사례/경남공장공동근저당권,/업무사례/창원에서부산법인본점이전,0.4276,0.2938,GOOD
/업무사례/서울상속등기법무사,/업무사례/전국유증등기법무사,0.4276,0.2772,GOOD
/업무사례/전국유증등기법무사,/업무사례/충남상속등기법무사,0.4275,0.2545,GOOD
/업무사례/김해상속등기필요서류,/업무사례/영천상속등기법무사,0.4274,0.1217,GOOD
/업무사례/경남상속등기비용,/업무사례/경주오래된토지상속등기,0.4273,0.1395,GOOD
/업무사례/경북오래된상속등기,/업무사례/울주군상속포기한정승인,0.4273,0.1935,GOOD
/업무사례/경남비대면상속안내,/업무사례/창원상속등기필요서류,0.4271,0.0965,GOOD
/업무사례/대구법무사업무,/업무사례/양산상속등기비용,0.4271,0.2111,GOOD
/업무사례/경남상속등기비용,/업무사례/대구법무사업무,0.427,0.2676,GOOD
/업무사례/경주오래된토지상속등기,/업무사례/창원의창구상속등기법무사,0.427,0.1609,GOOD
/업무사례/대구아파트상속등기,/업무사례/울주군상속포기한정승인,0.427,0.1934,GOOD
/업무사례/경남조부모명의토지상속,/업무사례/안동오래된토지상속등기,0.4269,0.1572,GOOD
/업무사례/경남오래된상속등기,/업무사례/안동오래된토지상속등기,0.4262,0.1572,GOOD
/업무사례/대구경북공동담보등기,/업무사례/부산에서울산법인본점이전,0.4262,0.2837,GOOD
/업무사례/경남법인등기법무사,/업무사례/양산에서부산법인본점이전,0.4261,0.2935,GOOD
/업무사례/영천상속등기법무사,/업무사례/창원상속등기필요서류,0.4261,0.1379,GOOD
/업무사례/영천상속등기법무사,/업무사례/창원성산구상속등기법무사,0.426,0.1498,GOOD
/업무사례/대구만촌동상속등기,/업무사례/포항상속포기한정승인,0.4258,0.0533,GOOD
/업무사례/경남조부모명의토지상속,/업무사례/영천상속등기법무사,0.4257,0.1308,GOOD
/업무사례/대구법무사업무,/업무사례/창원의창구상속등기법무사,0.4256,0.2723,GOOD
/업무사례/영천상속등기법무사,/업무사례/창원상속등기비용,0.4255,0.1379,GOOD
/업무사례/경주오래된토지상속등기,/업무사례/창원성산구상속등기법무사,0.4252,0.1652,GOOD
/업무사례/광주상속등기법무사,/업무사례/전국공동근저당권등기,0.4249,0.1048,GOOD
/업무사례/대구유증등기법무사,/업무사례/울주군상속포기한정승인,0.4249,0.185,GOOD
/업무사례/울산토지상속등기,/업무사례/포항상속포기한정승인,0.4249,0.0659,GOOD
/업무사례/안동오래된토지상속등기,/업무사례/울산법무사업무,0.4248,0.1373,GOOD
/업무사례/경주오래된토지상속등기,/업무사례/창원상속등기비용,0.4247,0.163,GOOD
/업무사례/고성군상속등기법무사,/업무사례/대구북구상속등기법무사,0.4246,0.1316,GOOD
/업무사례/남해상속등기법무사,/업무사례/대구북구상속등기법무사,0.4246,0.1852,GOOD
/업무사례/경북법인등기법무사,/업무사례/부산울산공동근저당권,0.4243,0.319,GOOD
/업무사례/양산상속등기필요서류,/업무사례/영천상속등기법무사,0.4243,0.1391,GOOD
/업무사례/경북토지상속등기,/업무사례/울산법무사업무,0.4239,0.2977,GOOD
/업무사례/경남여러필지토지상속,/업무사례/경주오래된토지상속등기,0.4236,0.1464,GOOD
/업무사례/경남공장공동근저당권,/업무사례/창원법인등기법무사,0.4234,0.3457,GOOD
/업무사례/경남비대면상속안내,/업무사례/김해거주부산부동산상속,0.4234,0.0962,GOOD
/업무사례/대구법무사업무,/업무사례/양산거주부산부동산상속,0.4233,0.2167,GOOD
/업무사례/대구법무사업무,/업무사례/울산매곡동상속등기,0.4233,0.271,GOOD
/업무사례/안동오래된토지상속등기,/업무사례/양산거주부산부동산상속,0.4231,0.1552,GOOD
/업무사례/안동오래된토지상속등기,/업무사례/창원상속등기비용,0.4231,0.16,GOOD
/업무사례/경남법인등기법무사,/업무사례/부산에서창원법인본점이전,0.423,0.3085,GOOD
/업무사례/영천상속등기법무사,/업무사례/창원의창구상속등기법무사,0.423,0.1362,GOOD
/업무사례/대구월성동상속등기,/업무사례/울주군상속포기한정승인,0.4229,0.17,GOOD
/업무사례/울주군상속포기한정승인,/업무사례/창원의창구상속등기법무사,0.4225,0.2136,GOOD
/업무사례/경북오래된상속등기,/업무사례/울산법무사업무,0.4221,0.2972,GOOD
/업무사례/대구법무사업무,/업무사례/창원상속등기비용,0.4221,0.206,GOOD
/업무사례/경북법무사업무,/업무사례/울산중구상속등기법무사,0.4214,0.2783,GOOD
/업무사례/울주군상속포기한정승인,/업무사례/창원상속등기비용,0.4214,0.2055,GOOD
/업무사례/경북법무사업무,/업무사례/울산매곡동상속등기,0.421,0.2844,GOOD
/업무사례/경북법무사업무,/업무사례/창원의창구상속등기법무사,0.4209,0.2941,GOOD
/업무사례/경남여러필지토지상속,/업무사례/안동오래된토지상속등기,0.4208,0.1387,GOOD
/업무사례/고성군상속등기법무사,/업무사례/대구현풍상속등기,0.4208,0.117,GOOD
/업무사례/경주오래된토지상속등기,/업무사례/부산거주김해부동산상속,0.4206,0.1602,GOOD
/업무사례/경북조부모명의토지상속,/업무사례/울산법무사업무,0.4204,0.2877,GOOD
/업무사례/대구법무사업무,/업무사례/울산공장상속등기,0.4204,0.2629,GOOD
/업무사례/구미에서부산법인본점이전,/업무사례/부산울산공동근저당권,0.4203,0.2157,GOOD
/업무사례/대구범어동상속등기,/업무사례/창원상속등기필요서류,0.4203,0.2069,GOOD
/업무사례/경남유증등기법무사,/업무사례/울산법무사업무,0.4202,0.269,GOOD
/업무사례/경주오래된토지상속등기,/업무사례/김해상속등기비용,0.4201,0.1595,GOOD
/업무사례/경남상속등기비용,/업무사례/경북법무사업무,0.42,0.2871,GOOD
/업무사례/김해거주부산부동산상속,/업무사례/영천상속등기법무사,0.4198,0.1358,GOOD
/업무사례/울산상속등기법무사,/업무사례/전국비대면법무사,0.4198,0.052,GOOD
/업무사례/김해상속등기비용,/업무사례/울산법무사업무,0.4197,0.2653,GOOD
/업무사례/양산상속등기필요서류,/업무사례/울산법무사업무,0.4197,0.2359,GOOD
/업무사례/양산거주부산부동산상속,/업무사례/영천상속등기법무사,0.4196,0.1292,GOOD
/업무사례/대구중구상속등기법무사,/업무사례/울주군상속포기한정승인,0.4195,0.1976,GOOD
/업무사례/구미에서부산법인본점이전,/업무사례/창원에서부산법인본점이전,0.4193,0.3675,GOOD
/업무사례/안동오래된토지상속등기,/업무사례/창원상속등기필요서류,0.4191,0.1549,GOOD
/업무사례/남해상속등기법무사,/업무사례/안동상속등기법무사,0.419,0.2037,GOOD
/업무사례/대구달서구상속등기법무사,/업무사례/전국유증등기법무사,0.4189,0.1791,GOOD
/업무사례/김해거주부산부동산상속,/업무사례/울산법무사업무,0.4188,0.2814,GOOD
/업무사례/김해상속등기필요서류,/업무사례/울주군상속포기한정승인,0.4187,0.1992,GOOD
/업무사례/경남상속등기비용,/업무사례/안동오래된토지상속등기,0.4186,0.1323,GOOD
/업무사례/경남상속등기비용,/업무사례/영천상속등기법무사,0.4186,0.1179,GOOD
/업무사례/울주군상속포기한정승인,/업무사례/창원성산구상속등기법무사,0.4185,0.2083,GOOD
/업무사례/남해상속등기법무사,/업무사례/칠곡상속등기법무사,0.4184,0.2047,GOOD
/업무사례/경주오래된토지상속등기,/업무사례/창원상속등기필요서류,0.4183,0.163,GOOD
/업무사례/고성군상속등기법무사,/업무사례/대구다사상속등기,0.4183,0.1149,GOOD
/업무사례/부산거주김해부동산상속,/업무사례/안동오래된토지상속등기,0.4178,0.1572,GOOD
/업무사례/남해상속등기법무사,/업무사례/대구성서상속등기,0.4175,0.1652,GOOD
/업무사례/고성군상속등기법무사,/업무사례/칠곡상속등기법무사,0.4173,0.1299,GOOD
/업무사례/부산에서창원법인본점이전,/업무사례/양산법인등기법무사,0.417,0.2026,GOOD
/업무사례/김해상속등기필요서류,/업무사례/울산법무사업무,0.4169,0.311,GOOD
/업무사례/양산거주부산부동산상속,/업무사례/울주군상속포기한정승인,0.4169,0.2098,GOOD
/업무사례/부산거주김해부동산상속,/업무사례/울산법무사업무,0.4167,0.2049,GOOD
/업무사례/경남유증등기법무사,/업무사례/안동오래된토지상속등기,0.4166,0.1404,GOOD
/업무사례/경북법무사업무,/업무사례/양산거주부산부동산상속,0.4163,0.2178,GOOD
/업무사례/울산삼산동상속등기,/업무사례/포항상속포기한정승인,0.4163,0.0677,GOOD
/업무사례/경남유증등기법무사,/업무사례/경주오래된토지상속등기,0.4158,0.1483,GOOD
/업무사례/경북법무사업무,/업무사례/울산공장상속등기,0.4158,0.2762,GOOD
/업무사례/고성군상속등기법무사,/업무사례/대구서구상속등기법무사,0.4157,0.1316,GOOD
/업무사례/전국상속부동산일괄등기,/업무사례/전국유증등기법무사,0.4156,0.5511,GOOD
/업무사례/부산거주양산부동산상속,/업무사례/안동오래된토지상속등기,0.4153,0.1453,GOOD
/업무사례/부산거주양산부동산상속,/업무사례/영천상속등기법무사,0.4152,0.1245,GOOD
/업무사례/경남비대면상속안내,/업무사례/대구성서상속등기,0.4151,0.1145,GOOD
/업무사례/안동오래된토지상속등기,/업무사례/양산상속등기필요서류,0.415,0.1563,GOOD
/업무사례/대구법무사업무,/업무사례/영천상속등기법무사,0.4148,0.1069,GOOD
/업무사례/경기상속등기법무사,/업무사례/전국공동근저당권등기,0.4147,0.1083,GOOD
/업무사례/사천상속등기법무사,/업무사례/안동상속등기법무사,0.4146,0.0928,GOOD
/업무사례/울산송정동상속등기,/업무사례/포항상속포기한정승인,0.4146,0.0759,GOOD
/업무사례/경남비대면상속안내,/업무사례/남해상속등기법무사,0.4145,0.0849,GOOD
/업무사례/경북법무사업무,/업무사례/울주군상속포기한정승인,0.4145,0.1844,GOOD
/업무사례/경주오래된토지상속등기,/업무사례/부산거주양산부동산상속,0.4145,0.1532,GOOD
/업무사례/대구범어동상속등기,/업무사례/포항상속포기한정승인,0.4145,0.0474,GOOD
/업무사례/경남유증등기법무사,/업무사례/대구법무사업무,0.4144,0.2602,GOOD
/업무사례/경주오래된토지상속등기,/업무사례/양산상속등기필요서류,0.4142,0.1644,GOOD
/업무사례/울산달동상속등기,/업무사례/포항상속포기한정승인,0.4141,0.0672,GOOD
/업무사례/울산상속등기법무사,/업무사례/타지역법무사의뢰,0.414,0.0444,GOOD
/업무사례/경북법무사업무,/업무사례/영천상속등기법무사,0.4137,0.1115,GOOD
/업무사례/남해상속등기법무사,/업무사례/대구다사상속등기,0.4137,0.1468,GOOD
/업무사례/울산상속등기비용,/업무사례/포항상속포기한정승인,0.4137,0.0684,GOOD
/업무사례/고성군상속등기법무사,/업무사례/대구중구상속등기법무사,0.4136,0.1183,GOOD
/업무사례/경남비대면상속안내,/업무사례/고성군상속등기법무사,0.4135,0.1086,GOOD
/업무사례/경주오래된토지상속등기,/업무사례/사천상속등기법무사,0.4135,0.1413,GOOD
/업무사례/고성군상속등기법무사,/업무사례/대구달성군상속등기법무사,0.4135,0.1284,GOOD
/업무사례/경주오래된토지상속등기,/업무사례/남해상속등기법무사,0.4134,0.232,GOOD
/업무사례/고성군상속등기법무사,/업무사례/안동상속등기법무사,0.4134,0.1293,GOOD
/업무사례/대구법무사업무,/업무사례/울주군상속포기한정승인,0.4134,0.1789,GOOD
/업무사례/경북법인등기법무사,/업무사례/김해법인등기법무사,0.4132,0.3716,GOOD
/업무사례/김해거주부산부동산상속,/업무사례/대구법무사업무,0.413,0.2663,GOOD
/업무사례/세종상속등기법무사,/업무사례/전국비대면법무사,0.4129,0.1061,GOOD
/업무사례/김해상속등기비용,/업무사례/대구법무사업무,0.4127,0.2437,GOOD
/업무사례/경남상속등기법무사,/업무사례/전국유증등기법무사,0.4126,0.2736,GOOD
/업무사례/경남상속등기비용,/업무사례/울주군상속포기한정승인,0.4125,0.2,GOOD
/업무사례/고성군상속등기법무사,/업무사례/대구군위군상속등기법무사,0.4125,0.1316,GOOD
/업무사례/남해상속등기법무사,/업무사례/대구중구상속등기법무사,0.4125,0.1594,GOOD
/업무사례/고성군상속등기법무사,/업무사례/울산북구상속등기법무사,0.4124,0.1278,GOOD
/업무사례/남해상속등기법무사,/업무사례/대구달성군상속등기법무사,0.4123,0.1803,GOOD
/업무사례/양산상속등기필요서류,/업무사례/울주군상속포기한정승인,0.4123,0.2186,GOOD
/업무사례/부산에서김해법인본점이전,/업무사례/울산에서부산법인본점이전,0.412,0.3491,GOOD
/업무사례/울산법무사업무,/업무사례/창원성산구상속등기법무사,0.412,0.2371,GOOD
/업무사례/대구현풍상속등기,/업무사례/사천상속등기법무사,0.4119,0.0655,GOOD
/업무사례/김해거주부산부동산상속,/업무사례/안동오래된토지상속등기,0.4118,0.1471,GOOD
/업무사례/울주군상속포기한정승인,/업무사례/창원상속등기필요서류,0.4118,0.2166,GOOD
/업무사례/남해상속등기법무사,/업무사례/대구현풍상속등기,0.4117,0.1575,GOOD
/업무사례/대구법무사업무,/업무사례/양산상속등기필요서류,0.4116,0.2143,GOOD
/업무사례/경남비대면상속안내,/업무사례/경북농지상속등기,0.4114,0.0973,GOOD
/업무사례/김해상속등기비용,/업무사례/안동오래된토지상속등기,0.4114,0.1515,GOOD
/업무사례/부산에서양산법인본점이전,/업무사례/포항에서부산법인본점이전,0.4114,0.4021,GOOD
/업무사례/사천상속등기법무사,/업무사례/울산삼산동상속등기,0.4114,0.0755,GOOD
/업무사례/경주오래된토지상속등기,/업무사례/고성군상속등기법무사,0.4113,0.1698,GOOD
/업무사례/남해상속등기법무사,/업무사례/울산북구상속등기법무사,0.4112,0.1732,GOOD
/업무사례/경남오래된상속등기,/업무사례/울산법무사업무,0.4111,0.2228,GOOD
/업무사례/고성군상속등기법무사,/업무사례/대구동구상속등기법무사,0.4111,0.1206,GOOD
/업무사례/경주오래된토지상속등기,/업무사례/김해거주부산부동산상속,0.411,0.1548,GOOD
/업무사례/대구성서상속등기,/업무사례/사천상속등기법무사,0.4108,0.0744,GOOD
/업무사례/부산거주김해부동산상속,/업무사례/영천상속등기법무사,0.4108,0.1308,GOOD
/업무사례/전국비대면법무사,/업무사례/제주상속등기법무사,0.4108,0.1124,GOOD
/업무사례/부산거주양산부동산상속,/업무사례/울산법무사업무,0.4107,0.2315,GOOD
/업무사례/경남유증등기법무사,/업무사례/울주군상속포기한정승인,0.4104,0.2152,GOOD
/업무사례/경북법무사업무,/업무사례/창원상속등기비용,0.4104,0.2071,GOOD
/업무사례/전국공동근저당권등기,/업무사례/전북상속등기법무사,0.4104,0.1036,GOOD
/업무사례/남해상속등기법무사,/업무사례/대구군위군상속등기법무사,0.4102,0.1963,GOOD
/업무사례/경기상속등기법무사,/업무사례/전국유증등기법무사,0.4101,0.2654,GOOD
/업무사례/경남비대면상속안내,/업무사례/대구서구상속등기법무사,0.41,0.0973,GOOD
/업무사례/경남여러필지토지상속,/업무사례/울주군상속포기한정승인,0.41,0.2124,GOOD
/업무사례/김해상속등기비용,/업무사례/울주군상속포기한정승인,0.4099,0.2227,GOOD
/업무사례/김해상속등기필요서류,/업무사례/대구법무사업무,0.4099,0.2605,GOOD
/업무사례/대구법무사업무,/업무사례/부산거주김해부동산상속,0.4098,0.1845,GOOD
/업무사례/거제상속포기법무사,/업무사례/울주군상속포기한정승인,0.4097,0.2946,GOOD
/업무사례/경남비대면상속안내,/업무사례/대구현풍상속등기,0.4093,0.1,GOOD
/업무사례/고성군상속등기법무사,/업무사례/대구남구상속등기법무사,0.4093,0.1192,GOOD
/업무사례/고성군상속등기법무사,/업무사례/울산중구상속등기법무사,0.4093,0.1188,GOOD
/업무사례/남해상속등기법무사,/업무사례/울산중구상속등기법무사,0.4093,0.1647,GOOD
/업무사례/대구상인동상속등기,/업무사례/울주군상속포기한정승인,0.4092,0.168,GOOD
/업무사례/고성군상속등기법무사,/업무사례/대구토지상속등기,0.409,0.0969,GOOD
/업무사례/남해상속등기법무사,/업무사례/대구서구상속등기법무사,0.4089,0.1852,GOOD
/업무사례/경남법인등기법무사,/업무사례/부산에서양산법인본점이전,0.4088,0.3134,GOOD
/업무사례/울주언양상속등기,/업무사례/포항상속포기한정승인,0.4087,0.0664,GOOD
/업무사례/전국공동근저당권등기,/업무사례/전국상속부동산일괄등기,0.4086,0.3333,GOOD
/업무사례/광주상속등기법무사,/업무사례/전국비대면법무사,0.4085,0.1085,GOOD
/업무사례/경남공장공동근저당권,/업무사례/대구경북공동담보등기,0.4083,0.4115,GOOD
/업무사례/부산거주김해부동산상속,/업무사례/울주군상속포기한정승인,0.4083,0.1858,GOOD
/업무사례/경북법인등기법무사,/업무사례/창원법인등기법무사,0.4081,0.3723,GOOD
/업무사례/부산거주양산부동산상속,/업무사례/울주군상속포기한정승인,0.4081,0.2098,GOOD
/업무사례/남해상속등기법무사,/업무사례/대구토지상속등기,0.4078,0.1423,GOOD
/업무사례/영천상속등기법무사,/업무사례/울주군상속포기한정승인,0.4077,0.1174,GOOD
/업무사례/경남비대면상속안내,/업무사례/사천상속등기법무사,0.4075,0.0733,GOOD
/업무사례/부산에서울산법인본점이전,/업무사례/창원에서부산법인본점이전,0.4074,0.3838,GOOD
/업무사례/경산상속등기법무사,/업무사례/전국유증등기법무사,0.4073,0.2457,GOOD
/업무사례/고성군상속등기법무사,/업무사례/대구시지상속등기,0.4073,0.1304,GOOD
/업무사례/김해거주부산부동산상속,/업무사례/울주군상속포기한정승인,0.4069,0.2105,GOOD
/업무사례/경남공장공동근저당권,/업무사례/대구부산공동근저당권,0.4068,0.399,GOOD
/업무사례/부산에서김해법인본점이전,/업무사례/포항에서부산법인본점이전,0.4068,0.3299,GOOD
/업무사례/경남오래된상속등기,/업무사례/대구법무사업무,0.4066,0.2139,GOOD
/업무사례/경북법무사업무,/업무사례/김해상속등기필요서류,0.4066,0.2736,GOOD
/업무사례/대구북구상속등기법무사,/업무사례/사천상속등기법무사,0.4066,0.0851,GOOD
/업무사례/남해상속등기법무사,/업무사례/대구동구상속등기법무사,0.4065,0.1626,GOOD
/업무사례/울산법무사업무,/업무사례/창원상속등기필요서류,0.4064,0.2335,GOOD
/업무사례/대구법무사업무,/업무사례/창원성산구상속등기법무사,0.4063,0.228,GOOD
/업무사례/안동오래된토지상속등기,/업무사례/포항상속포기한정승인,0.4061,0.0632,GOOD
/업무사례/경남조부모명의토지상속,/업무사례/울산법무사업무,0.4059,0.2049,GOOD
/업무사례/고성군상속등기법무사,/업무사례/대구만촌동상속등기,0.4059,0.0966,GOOD
/업무사례/전국유증등기법무사,/업무사례/충북상속등기법무사,0.4059,0.2523,GOOD
/업무사례/대구부산공동근저당권,/업무사례/대구유증등기법무사,0.4057,0.3223,GOOD
/업무사례/경남조부모명의토지상속,/업무사례/울주군상속포기한정승인,0.4056,0.1858,GOOD
/업무사례/경주오래된토지상속등기,/업무사례/포항상속포기한정승인,0.4053,0.0625,GOOD
/업무사례/고성군상속등기법무사,/업무사례/울산송정동상속등기,0.4052,0.1261,GOOD
/업무사례/남해상속등기법무사,/업무사례/울산토지상속등기,0.4052,0.149,GOOD
/업무사례/경남유증등기법무사,/업무사례/경북법무사업무,0.4051,0.2746,GOOD
/업무사례/경남유증등기법무사,/업무사례/포항상속포기한정승인,0.4051,0.0648,GOOD
/업무사례/남해상속등기법무사,/업무사례/대구유증등기법무사,0.4051,0.1346,GOOD
/업무사례/사천상속등기법무사,/업무사례/울산중구상속등기법무사,0.4051,0.0784,GOOD
/업무사례/경남공장공동근저당권,/업무사례/부산울산공동근저당권,0.405,0.4167,GOOD
/업무사례/고성군상속등기법무사,/업무사례/울주언양상속등기,0.405,0.1098,GOOD
/업무사례/남해상속등기법무사,/업무사례/대구시지상속등기,0.405,0.1674,GOOD
/업무사례/경북농지상속등기,/업무사례/고성군상속등기법무사,0.4049,0.1061,GOOD
/업무사례/고성군상속등기법무사,/업무사례/울주삼남상속등기,0.4049,0.1115,GOOD
/업무사례/경북상속등기필요서류,/업무사례/남해상속등기법무사,0.4048,0.148,GOOD
/업무사례/경북법무사업무,/업무사례/양산상속등기필요서류,0.4047,0.2216,GOOD
/업무사례/영천상속등기법무사,/업무사례/울산법무사업무,0.4047,0.1183,GOOD
/업무사례/경남공장공동근저당권,/업무사례/포항에서부산법인본점이전,0.4046,0.3592,GOOD
/업무사례/경남여러필지토지상속,/업무사례/울산법무사업무,0.4046,0.2587,GOOD
/업무사례/고성군상속등기법무사,/업무사례/울산옥동상속등기,0.4046,0.1158,GOOD
/업무사례/부산울산공동근저당권,/업무사례/포항에서부산법인본점이전,0.4042,0.3493,GOOD
/업무사례/경북법무사업무,/업무사례/창원성산구상속등기법무사,0.4041,0.2356,GOOD
/업무사례/고성군상속등기법무사,/업무사례/대구유증등기법무사,0.4041,0.0919,GOOD
/업무사례/대구에서부산법인본점이전,/업무사례/부산에서김해법인본점이전,0.404,0.325,GOOD
/업무사례/대구중구상속등기법무사,/업무사례/사천상속등기법무사,0.4039,0.0701,GOOD
/업무사례/사천상속등기법무사,/업무사례/칠곡상속등기법무사,0.4039,0.0932,GOOD
/업무사례/경북상속등기필요서류,/업무사례/고성군상속등기법무사,0.4038,0.1073,GOOD
/업무사례/대구법무사업무,/업무사례/부산거주양산부동산상속,0.4038,0.2108,GOOD
/업무사례/경남비대면상속안내,/업무사례/대구남구상속등기법무사,0.4036,0.0849,GOOD
/업무사례/경남여러필지토지상속,/업무사례/경북법무사업무,0.4036,0.264,GOOD
/업무사례/고성군상속등기법무사,/업무사례/울산삼산동상속등기,0.4036,0.112,GOOD
/업무사례/남해상속등기법무사,/업무사례/울주삼남상속등기,0.4036,0.1619,GOOD
/업무사례/대구달성군상속등기법무사,/업무사례/사천상속등기법무사,0.4036,0.083,GOOD
/업무사례/경북법무사업무,/업무사례/김해상속등기비용,0.4035,0.2513,GOOD
/업무사례/고성군상속등기법무사,/업무사례/대구상속등기비용,0.4035,0.0974,GOOD
/업무사례/김해상속등기비용,/업무사례/포항상속포기한정승인,0.4035,0.0697,GOOD
/업무사례/남해상속등기법무사,/업무사례/울산삼산동상속등기,0.4035,0.1579,GOOD
/업무사례/양산상속등기비용,/업무사례/포항상속포기한정승인,0.4035,0.0708,GOOD
/업무사례/경남비대면상속안내,/업무사례/경북상속등기비용,0.4033,0.0891,GOOD
/업무사례/창원상속등기필요서류,/업무사례/포항상속포기한정승인,0.4032,0.0711,GOOD
/업무사례/경북법무사업무,/업무사례/부산거주김해부동산상속,0.4031,0.1912,GOOD
/업무사례/고성군상속등기법무사,/업무사례/대구상속등기필요서류,0.4031,0.0977,GOOD
/업무사례/광주상속등기법무사,/업무사례/전국법인본점이전등기,0.403,0.1174,GOOD
/업무사례/남해상속등기법무사,/업무사례/대구상속등기필요서류,0.403,0.1417,GOOD
/업무사례/경남오래된상속등기,/업무사례/울주군상속포기한정승인,0.4029,0.2018,GOOD
/업무사례/남해상속등기법무사,/업무사례/울산상속등기필요서류,0.4029,0.1514,GOOD
/업무사례/남해상속등기법무사,/업무사례/울산송정동상속등기,0.4029,0.1789,GOOD
/업무사례/대구다사상속등기,/업무사례/사천상속등기법무사,0.4027,0.0667,GOOD
/업무사례/고성군상속등기법무사,/업무사례/울산달동상속등기,0.4026,0.1111,GOOD
/업무사례/고성군상속등기법무사,/업무사례/울산동구상속등기법무사,0.4026,0.1216,GOOD
/업무사례/대구서구상속등기법무사,/업무사례/사천상속등기법무사,0.4025,0.0851,GOOD
/업무사례/부산김해양산공동근저당권,/업무사례/창원법인등기법무사,0.4024,0.3607,GOOD
/업무사례/대구동구상속등기법무사,/업무사례/사천상속등기법무사,0.4023,0.0714,GOOD
/업무사례/남해상속등기법무사,/업무사례/대구상속등기비용,0.4022,0.1412,GOOD
/업무사례/남해상속등기법무사,/업무사례/울산옥동상속등기,0.4022,0.1573,GOOD
/업무사례/김해상속등기필요서류,/업무사례/포항상속포기한정승인,0.4021,0.063,GOOD
/업무사례/창원성산구상속등기법무사,/업무사례/포항상속포기한정승인,0.4019,0.063,GOOD
/업무사례/부산김해양산공동근저당권,/업무사례/창원에서부산법인본점이전,0.4018,0.2865,GOOD
/업무사례/경남비대면상속안내,/업무사례/울산송정동상속등기,0.4017,0.1018,GOOD
/업무사례/사천상속등기법무사,/업무사례/울주삼남상속등기,0.4017,0.0752,GOOD
/업무사례/경북법무사업무,/업무사례/김해거주부산부동산상속,0.4016,0.2677,GOOD
/업무사례/대구군위군상속등기법무사,/업무사례/사천상속등기법무사,0.4016,0.0851,GOOD
/업무사례/경남조부모명의토지상속,/업무사례/경북법무사업무,0.4015,0.209,GOOD
/업무사례/대구에서부산법인본점이전,/업무사례/양산에서부산법인본점이전,0.4015,0.375,GOOD
/업무사례/사천상속등기법무사,/업무사례/울산북구상속등기법무사,0.4015,0.0839,GOOD
/업무사례/경북상속등기비용,/업무사례/사천상속등기법무사,0.4014,0.0627,GOOD
/업무사례/남해상속등기법무사,/업무사례/울산동구상속등기법무사,0.4014,0.1687,GOOD
/업무사례/경남조부모명의토지상속,/업무사례/대구법무사업무,0.4013,0.1961,GOOD
/업무사례/경북상속등기비용,/업무사례/고성군상속등기법무사,0.4013,0.1065,GOOD
/업무사례/고성군상속등기법무사,/업무사례/울주범서상속등기,0.4013,0.1145,GOOD
/업무사례/남해상속등기법무사,/업무사례/울주범서상속등기,0.4011,0.1647,GOOD
/업무사례/남해상속등기법무사,/업무사례/대구월성동상속등기,0.401,0.124,GOOD
/업무사례/경남비대면상속안내,/업무사례/울산상속등기비용,0.4009,0.0827,GOOD
/업무사례/고성군상속등기법무사,/업무사례/울산상속등기필요서류,0.4008,0.0981,GOOD
/업무사례/대구남구상속등기법무사,/업무사례/사천상속등기법무사,0.4006,0.0706,GOOD
/업무사례/고성군상속등기법무사,/업무사례/대구아파트상속등기,0.4005,0.0958,GOOD
/업무사례/남해상속등기법무사,/업무사례/대구아파트상속등기,0.4003,0.1406,GOOD
/업무사례/대전상속등기법무사,/업무사례/전국유증등기법무사,0.4003,0.25,GOOD
/업무사례/고성군상속등기법무사,/업무사례/울산매곡동상속등기,0.4002,0.1103,GOOD
/업무사례/남해상속등기법무사,/업무사례/대구만촌동상속등기,0.4002,0.141,GOOD
/업무사례/경남여러필지토지상속,/업무사례/대구법무사업무,0.4,0.25,GOOD
/업무사례/경북상속등기비용,/업무사례/남해상속등기법무사,0.4,0.1468,GOOD
/업무사례/대구에서부산법인본점이전,/업무사례/부산에서창원법인본점이전,0.4,0.3692,GOOD
/업무사례/경남오래된상속등기,/업무사례/경북법무사업무,0.3998,0.2273,GOOD
/업무사례/부산김해양산공동근저당권,/업무사례/포항에서부산법인본점이전,0.3996,0.3596,GOOD
/업무사례/경북임야상속등기,/업무사례/남해상속등기법무사,0.3995,0.163,GOOD
/업무사례/김해거주부산부동산상속,/업무사례/포항상속포기한정승인,0.3995,0.0677,GOOD
/업무사례/대구법무사업무,/업무사례/창원상속등기필요서류,0.3995,0.2183,GOOD
/업무사례/경북토지상속등기,/업무사례/남해상속등기법무사,0.3994,0.1395,GOOD
/업무사례/남해상속등기법무사,/업무사례/울주언양상속등기,0.3994,0.1594,GOOD
/업무사례/대전상속등기법무사,/업무사례/전국비대면법무사,0.3994,0.1065,GOOD
/업무사례/경북법무사업무,/업무사례/부산거주양산부동산상속,0.3993,0.2178,GOOD
/업무사례/양산상속등기필요서류,/업무사례/포항상속포기한정승인,0.3992,0.0717,GOOD
/업무사례/제주상속등기법무사,/업무사례/타지역법무사의뢰,0.3992,0.1941,GOOD
/업무사례/거제상속포기법무사,/업무사례/양산상속포기한정승인,0.3991,0.0414,GOOD
/업무사례/경남공장공동근저당권,/업무사례/양산에서부산법인본점이전,0.3991,0.3005,GOOD
/업무사례/경남비대면상속안내,/업무사례/울산삼산동상속등기,0.3991,0.0902,GOOD
/업무사례/경남상속등기법무사,/업무사례/전국공동근저당권등기,0.3991,0.0944,GOOD
/업무사례/사천상속등기법무사,/업무사례/울산상속등기비용,0.3991,0.0682,GOOD
/업무사례/경남비대면상속안내,/업무사례/대구상속등기비용,0.3989,0.0802,GOOD
/업무사례/남해상속등기법무사,/업무사례/울산매곡동상속등기,0.3989,0.1554,GOOD
/업무사례/고성군상속등기법무사,/업무사례/울산토지상속등기,0.3988,0.1007,GOOD
/업무사례/사천상속등기법무사,/업무사례/울산송정동상속등기,0.3988,0.0802,GOOD
/업무사례/경북임야상속등기,/업무사례/고성군상속등기법무사,0.3986,0.113,GOOD
/업무사례/대구시지상속등기,/업무사례/사천상속등기법무사,0.3986,0.0753,GOOD
/업무사례/경북상속등기필요서류,/업무사례/사천상속등기법무사,0.3984,0.0632,GOOD
/업무사례/대구부산공동근저당권,/업무사례/대구아파트상속등기,0.3984,0.3137,GOOD
/업무사례/경남비대면상속안내,/업무사례/울산달동상속등기,0.3981,0.0895,GOOD
/업무사례/남해상속등기법무사,/업무사례/대구남구상속등기법무사,0.3981,0.1606,GOOD
/업무사례/남해상속등기법무사,/업무사례/울산달동상속등기,0.3981,0.1566,GOOD
/업무사례/사천상속등기법무사,/업무사례/울주범서상속등기,0.3981,0.0704,GOOD
/업무사례/경남비대면상속안내,/업무사례/대구다사상속등기,0.398,0.102,GOOD
/업무사례/대구월성동상속등기,/업무사례/사천상속등기법무사,0.398,0.0509,GOOD
/업무사례/경남비대면상속안내,/업무사례/대구달성군상속등기법무사,0.3978,0.0853,GOOD
/업무사례/고성군상속등기법무사,/업무사례/대구월성동상속등기,0.3978,0.0815,GOOD
/업무사례/고성군상속등기법무사,/업무사례/울산상속등기비용,0.3978,0.1047,GOOD
/업무사례/대구경북공동담보등기,/업무사례/대구북구상속등기법무사,0.3977,0.2234,GOOD
/업무사례/대구수성구상속등기법무사,/업무사례/전국유증등기법무사,0.3975,0.209,GOOD
/업무사례/사천상속등기법무사,/업무사례/울산동구상속등기법무사,0.3974,0.0802,GOOD
/업무사례/부산거주양산부동산상속,/업무사례/포항상속포기한정승인,0.3973,0.0648,GOOD
/업무사례/경남비대면상속안내,/업무사례/울주언양상속등기,0.3972,0.0885,GOOD
/업무사례/경북농지상속등기,/업무사례/남해상속등기법무사,0.397,0.1417,GOOD
/업무사례/경남비대면상속안내,/업무사례/대구군위군상속등기법무사,0.3969,0.0973,GOOD
/업무사례/부산김해양산공동근저당권,/업무사례/부산에서양산법인본점이전,0.3968,0.3422,GOOD
/업무사례/사천상속등기법무사,/업무사례/울산상속등기필요서류,0.3966,0.0667,GOOD
/업무사례/경북오래된상속등기,/업무사례/남해상속등기법무사,0.3965,0.1417,GOOD
/업무사례/남해상속등기법무사,/업무사례/울산아파트상속등기,0.3965,0.1504,GOOD
/업무사례/사천상속등기법무사,/업무사례/안동오래된토지상속등기,0.3964,0.1472,GOOD
/업무사례/경북토지상속등기,/업무사례/고성군상속등기법무사,0.3963,0.1004,GOOD
/업무사례/사천상속등기법무사,/업무사례/울산옥동상속등기,0.396,0.0752,GOOD
/업무사례/구미에서부산법인본점이전,/업무사례/양산에서부산법인본점이전,0.3957,0.3758,GOOD
/업무사례/부산에서창원법인본점이전,/업무사례/울산에서부산법인본점이전,0.3957,0.3529,GOOD
/업무사례/경남상속등기비용,/업무사례/부산김해양산공동근저당권,0.3955,0.3333,GOOD
/업무사례/경북임야상속등기,/업무사례/사천상속등기법무사,0.3955,0.0691,GOOD
/업무사례/남해상속등기법무사,/업무사례/울산상속등기비용,0.3955,0.1551,GOOD
/업무사례/경남비대면상속안내,/업무사례/대구상속등기필요서류,0.3953,0.0805,GOOD
/업무사례/경북법무사업무,/업무사례/창원상속등기필요서류,0.3951,0.2194,GOOD
/업무사례/경북조부모명의토지상속,/업무사례/남해상속등기법무사,0.3951,0.1474,GOOD
/업무사례/대구만촌동상속등기,/업무사례/사천상속등기법무사,0.395,0.0574,GOOD
/업무사례/세종상속등기법무사,/업무사례/전국법인본점이전등기,0.3949,0.1146,GOOD
/업무사례/경남비대면상속안내,/업무사례/울산옥동상속등기,0.3946,0.0898,GOOD
/업무사례/대구경북공동담보등기,/업무사례/대구시지상속등기,0.3946,0.2398,GOOD
/업무사례/창원상속등기비용,/업무사례/포항상속포기한정승인,0.3946,0.0711,GOOD
/업무사례/창원의창구상속등기법무사,/업무사례/포항상속포기한정승인,0.3946,0.0615,GOOD
/업무사례/고성군상속등기법무사,/업무사례/울산아파트상속등기,0.3945,0.1004,GOOD
/업무사례/경남비대면상속안내,/업무사례/대구동구상속등기법무사,0.3944,0.0859,GOOD
/업무사례/남해상속등기법무사,/업무사례/울산유증등기법무사,0.3944,0.152,GOOD
/업무사례/경남공장공동근저당권,/업무사례/부산에서양산법인본점이전,0.3943,0.3421,GOOD
/업무사례/경북농지상속등기,/업무사례/사천상속등기법무사,0.3941,0.0586,GOOD
/업무사례/전국유증등기법무사,/업무사례/전남상속등기법무사,0.3941,0.2557,GOOD
/업무사례/사천상속등기법무사,/업무사례/울산매곡동상속등기,0.3939,0.0743,GOOD
/업무사례/경남조부모명의토지상속,/업무사례/포항상속포기한정승인,0.3938,0.0612,GOOD
/업무사례/구미에서부산법인본점이전,/업무사례/부산에서양산법인본점이전,0.3938,0.3509,GOOD
/업무사례/대구상속등기비용,/업무사례/사천상속등기법무사,0.3938,0.0623,GOOD
/업무사례/대구토지상속등기,/업무사례/사천상속등기법무사,0.3938,0.0606,GOOD
/업무사례/대구상속등기필요서류,/업무사례/사천상속등기법무사,0.3935,0.0625,GOOD
/업무사례/부산김해양산공동근저당권,/업무사례/창원의창구상속등기법무사,0.3935,0.3098,GOOD
/업무사례/경남법인등기법무사,/업무사례/양산법인등기법무사,0.3933,0.2263,GOOD
/업무사례/경남비대면상속안내,/업무사례/울산아파트상속등기,0.3933,0.087,GOOD
/업무사례/전북상속등기법무사,/업무사례/타지역법무사의뢰,0.3933,0.1925,GOOD
/업무사례/경북조부모명의토지상속,/업무사례/고성군상속등기법무사,0.3932,0.1027,GOOD
/업무사례/경북토지상속등기,/업무사례/사천상속등기법무사,0.3932,0.0578,GOOD
/업무사례/고성군상속등기법무사,/업무사례/울산공장상속등기,0.3932,0.0989,GOOD
/업무사례/전국유증등기법무사,/업무사례/제주시상속등기법무사,0.3932,0.197,GOOD
/업무사례/부산에서대구법인본점이전,/업무사례/창원에서부산법인본점이전,0.3931,0.2825,GOOD
/업무사례/남해상속등기법무사,/업무사례/안동오래된토지상속등기,0.393,0.2249,GOOD
/업무사례/남해상속등기법무사,/업무사례/울산공장상속등기,0.393,0.1526,GOOD
/업무사례/광주상속등기법무사,/업무사례/전국업무사례,0.3929,0.0595,GOOD
/업무사례/경남비대면상속안내,/업무사례/경북상속등기필요서류,0.3927,0.0898,GOOD
/업무사례/대전상속등기법무사,/업무사례/타지역법무사의뢰,0.3927,0.1909,GOOD
/업무사례/경남비대면상속안내,/업무사례/대구아파트상속등기,0.3926,0.0866,GOOD
/업무사례/경남비대면상속안내,/업무사례/칠곡상속등기법무사,0.3926,0.0866,GOOD
/업무사례/경남여러필지토지상속,/업무사례/포항상속포기한정승인,0.3926,0.0598,GOOD
/업무사례/사천상속등기법무사,/업무사례/울산아파트상속등기,0.3926,0.0682,GOOD
/업무사례/경남비대면상속안내,/업무사례/대구만촌동상속등기,0.3925,0.0866,GOOD
/업무사례/경남비대면상속안내,/업무사례/안동상속등기법무사,0.3924,0.0862,GOOD
/업무사례/경북오래된상속등기,/업무사례/고성군상속등기법무사,0.3924,0.1019,GOOD
/업무사례/남해상속등기법무사,/업무사례/대구상인동상속등기,0.3924,0.1226,GOOD
/업무사례/대전서구상속등기법무사,/업무사례/전국유증등기법무사,0.3924,0.2381,GOOD
/업무사례/김해에서부산법인본점이전,/업무사례/부산에서울산법인본점이전,0.3923,0.2814,GOOD
/업무사례/경남비대면상속안내,/업무사례/대구북구상속등기법무사,0.392,0.0973,GOOD
/업무사례/경남공장공동근저당권,/업무사례/경남상속등기비용,0.3919,0.3668,GOOD
/업무사례/대구부산공동근저당권,/업무사례/대구시지상속등기,0.3918,0.2347,GOOD
/업무사례/고성군상속등기법무사,/업무사례/대구상인동상속등기,0.3916,0.0806,GOOD
/업무사례/경남공장공동근저당권,/업무사례/양산거주부산부동산상속,0.3914,0.2576,GOOD
/업무사례/고성군상속등기법무사,/업무사례/울산유증등기법무사,0.3913,0.0985,GOOD
/업무사례/경북조부모명의토지상속,/업무사례/사천상속등기법무사,0.3912,0.063,GOOD
/업무사례/대구부산공동근저당권,/업무사례/대구북구상속등기법무사,0.3909,0.2183,GOOD
/업무사례/사천상속등기법무사,/업무사례/울산달동상속등기,0.3909,0.0749,GOOD
/업무사례/경남비대면상속안내,/업무사례/경북임야상속등기,0.3908,0.1034,GOOD
/업무사례/대구아파트상속등기,/업무사례/사천상속등기법무사,0.3908,0.0639,GOOD
/업무사례/경남비대면상속안내,/업무사례/대구중구상속등기법무사,0.3906,0.0843,GOOD
/업무사례/양산법인등기법무사,/업무사례/창원에서부산법인본점이전,0.3906,0.2054,GOOD
/업무사례/양산거주부산부동산상속,/업무사례/포항상속포기한정승인,0.3904,0.0691,GOOD
/업무사례/대구경북공동담보등기,/업무사례/대구아파트상속등기,0.3903,0.2871,GOOD
/업무사례/사천상속등기법무사,/업무사례/울산토지상속등기,0.3903,0.0618,GOOD
/업무사례/대구경북공동담보등기,/업무사례/대구다사상속등기,0.3902,0.2864,GOOD
/업무사례/대구법무사업무,/업무사례/포항상속포기한정승인,0.3902,0.0522,GOOD
/업무사례/경남오래된상속등기,/업무사례/포항상속포기한정승인,0.3901,0.0612,GOOD
/업무사례/사천상속등기법무사,/업무사례/울주언양상속등기,0.39,0.0701,GOOD
/업무사례/김해에서부산법인본점이전,/업무사례/양산법인등기법무사,0.3898,0.2063,GOOD
/업무사례/경남공장공동근저당권,/업무사례/양산상속등기비용,0.3897,0.2526,GOOD
/업무사례/전국비대면법무사,/업무사례/전국상속등기법무사,0.3897,0.3131,GOOD
/업무사례/대구부산공동근저당권,/업무사례/대구상속등기필요서류,0.3896,0.311,GOOD
/업무사례/경남비대면상속안내,/업무사례/대구시지상속등기,0.3895,0.1161,GOOD
/업무사례/부산김해양산공동근저당권,/업무사례/창원상속등기비용,0.3895,0.2396,GOOD
/업무사례/대구경북공동담보등기,/업무사례/대구유증등기법무사,0.3894,0.2903,GOOD
/업무사례/사천상속등기법무사,/업무사례/울산유증등기법무사,0.3894,0.0669,GOOD
/업무사례/부산거주김해부동산상속,/업무사례/부산김해양산공동근저당권,0.3893,0.2284,GOOD
/업무사례/경남비대면상속안내,/업무사례/대구토지상속등기,0.3891,0.0876,GOOD
/업무사례/고성군상속등기법무사,/업무사례/안동오래된토지상속등기,0.3891,0.1718,GOOD
/업무사례/김해에서부산법인본점이전,/업무사례/부산에서대구법인본점이전,0.3891,0.3216,GOOD
/업무사례/경남비대면상속안내,/업무사례/경북오래된상속등기,0.389,0.093,GOOD
/업무사례/대전유성구상속등기법무사,/업무사례/전국유증등기법무사,0.389,0.215,GOOD
/업무사례/부산거주김해부동산상속,/업무사례/포항상속포기한정승인,0.3889,0.0656,GOOD
/업무사례/세종상속등기법무사,/업무사례/전국공동근저당권등기,0.3888,0.1024,GOOD
/업무사례/경남비대면상속안내,/업무사례/울산동구상속등기법무사,0.3885,0.0866,GOOD
/업무사례/경남비대면상속안내,/업무사례/울주삼남상속등기,0.3884,0.0898,GOOD
/업무사례/전국법인본점이전등기,/업무사례/전국업무사례,0.3884,0.3317,GOOD
/업무사례/경남공장공동근저당권,/업무사례/경남법인등기법무사,0.3883,0.395,GOOD
/업무사례/경북오래된상속등기,/업무사례/사천상속등기법무사,0.3883,0.0586,GOOD
/업무사례/사천상속등기법무사,/업무사례/울산공장상속등기,0.3881,0.0672,GOOD
/업무사례/경남비대면상속안내,/업무사례/경북법무사업무,0.388,0.0956,GOOD
/업무사례/대구유증등기법무사,/업무사례/사천상속등기법무사,0.3879,0.0576,GOOD
/업무사례/부산에서창원법인본점이전,/업무사례/포항에서부산법인본점이전,0.3879,0.375,GOOD
/업무사례/경남비대면상속안내,/업무사례/대구범어동상속등기,0.3877,0.0766,GOOD
/업무사례/경남비대면상속안내,/업무사례/울산중구상속등기법무사,0.3876,0.0846,GOOD
/업무사례/경남비대면상속안내,/업무사례/울산북구상속등기법무사,0.3873,0.0821,GOOD
/업무사례/경북법무사업무,/업무사례/포항상속포기한정승인,0.3873,0.0524,GOOD
/업무사례/대구성서상속등기,/업무사례/포항에서부산법인본점이전,0.3872,0.2562,GOOD
/업무사례/경남비대면상속안내,/업무사례/울산매곡동상속등기,0.3871,0.0888,GOOD
/업무사례/부산김해양산공동근저당권,/업무사례/양산거주부산부동산상속,0.3871,0.25,GOOD
/업무사례/경남비대면상속안내,/업무사례/울주범서상속등기,0.387,0.0888,GOOD
/업무사례/경기광주상속등기법무사,/업무사례/전국유증등기법무사,0.3869,0.2348,GOOD
/업무사례/경남비대면상속안내,/업무사례/울산토지상속등기,0.3867,0.0878,GOOD
/업무사례/경남비대면상속안내,/업무사례/울산상속등기필요서류,0.3865,0.0766,GOOD
/업무사례/경북상속등기법무사,/업무사례/전국유증등기법무사,0.3858,0.2511,GOOD
/업무사례/울산상속등기법무사,/업무사례/전국공동근저당권등기,0.3858,0.0591,GOOD
/업무사례/고성군상속등기법무사,/업무사례/대구범어동상속등기,0.3857,0.0818,GOOD
/업무사례/경남비대면상속안내,/업무사례/경북토지상속등기,0.3853,0.0916,GOOD
/업무사례/전국상속등기법무사,/업무사례/타지역법무사의뢰,0.3851,0.0654,GOOD
/업무사례/경남비대면상속안내,/업무사례/대구유증등기법무사,0.3843,0.0789,GOOD
/업무사례/강원상속등기법무사,/업무사례/타지역법무사의뢰,0.3838,0.1941,GOOD
/업무사례/대구부산공동근저당권,/업무사례/칠곡상속등기법무사,0.3836,0.2211,GOOD
/업무사례/창원법인등기법무사,/업무사례/포항에서부산법인본점이전,0.3835,0.3283,GOOD
/업무사례/경남공장공동근저당권,/업무사례/창원의창구상속등기법무사,0.3833,0.3102,GOOD
/업무사례/대구다사상속등기,/업무사례/대구부산공동근저당권,0.3833,0.2757,GOOD
/업무사례/경남공장공동근저당권,/업무사례/창원상속등기비용,0.3832,0.241,GOOD
/업무사례/울주군상속포기한정승인,/업무사례/통영상속포기한정승인,0.3831,0.2996,GOOD
/업무사례/경남공장공동근저당권,/업무사례/김해에서부산법인본점이전,0.383,0.2755,GOOD
/업무사례/대구달서구상속등기법무사,/업무사례/전국비대면법무사,0.383,0.0553,GOOD
/업무사례/경남비대면상속안내,/업무사례/울산법무사업무,0.3827,0.0898,GOOD
/업무사례/대구상속등기필요서류,/업무사례/대구에서부산법인본점이전,0.3826,0.3667,GOOD
/업무사례/경남비대면상속안내,/업무사례/경북조부모명의토지상속,0.3824,0.0895,GOOD
/업무사례/경남상속등기비용,/업무사례/포항상속포기한정승인,0.3822,0.0593,GOOD
/업무사례/경남비대면상속안내,/업무사례/경주오래된토지상속등기,0.382,0.0791,GOOD
/업무사례/대구달성군상속등기법무사,/업무사례/대구부산공동근저당권,0.382,0.277,GOOD
/업무사례/대구부산공동근저당권,/업무사례/대구토지상속등기,0.382,0.3184,GOOD
/업무사례/경남비대면상속안내,/업무사례/울산공장상속등기,0.3814,0.0814,GOOD
/업무사례/경남비대면상속안내,/업무사례/대구월성동상속등기,0.3813,0.0763,GOOD
/업무사례/경북상속등기필요서류,/업무사례/대구경북공동담보등기,0.3813,0.314,GOOD
/업무사례/남해상속등기법무사,/업무사례/대구범어동상속등기,0.3811,0.1245,GOOD
/업무사례/대구경북공동담보등기,/업무사례/칠곡상속등기법무사,0.3811,0.22,GOOD
/업무사례/부산김해양산공동근저당권,/업무사례/양산에서부산법인본점이전,0.3811,0.3138,GOOD
/업무사례/대구에서부산법인본점이전,/업무사례/대구유증등기법무사,0.3809,0.3971,GOOD
/업무사례/경남공장공동근저당권,/업무사례/울산에서부산법인본점이전,0.3808,0.2487,GOOD
/업무사례/고성군상속등기법무사,/업무사례/울산법무사업무,0.3808,0.1115,GOOD
/업무사례/대구경북공동담보등기,/업무사례/대구달성군상속등기법무사,0.3808,0.2877,GOOD
/업무사례/경남비대면상속안내,/업무사례/울산유증등기법무사,0.3806,0.0769,GOOD
/업무사례/대구남구상속등기법무사,/업무사례/포항에서부산법인본점이전,0.3806,0.3224,GOOD
/업무사례/경북농지상속등기,/업무사례/포항에서부산법인본점이전,0.3805,0.3209,GOOD
/업무사례/부산에서양산법인본점이전,/업무사례/울산에서부산법인본점이전,0.3805,0.3588,GOOD
/업무사례/대구아파트상속등기,/업무사례/대구에서부산법인본점이전,0.3804,0.3192,GOOD
/업무사례/경남공장공동근저당권,/업무사례/경북법인등기법무사,0.3801,0.375,GOOD
/업무사례/울산법무사업무,/업무사례/포항상속포기한정승인,0.3799,0.0595,GOOD
/업무사례/경북상속등기필요서류,/업무사례/대구부산공동근저당권,0.3798,0.2905,GOOD
/업무사례/전국공동근저당권등기,/업무사례/전국상속등기법무사,0.3795,0.3383,GOOD
/업무사례/대구경북공동담보등기,/업무사례/대구동구상속등기법무사,0.3794,0.2905,GOOD
/업무사례/경기광주상속등기법무사,/업무사례/타지역법무사의뢰,0.3793,0.062,GOOD
/업무사례/구미에서부산법인본점이전,/업무사례/대구다사상속등기,0.3791,0.2087,GOOD
/업무사례/경남공장공동근저당권,/업무사례/대구에서부산법인본점이전,0.379,0.3412,GOOD
/업무사례/경북법인등기법무사,/업무사례/경북상속등기필요서류,0.379,0.3398,GOOD
/업무사례/사천상속등기법무사,/업무사례/울산법무사업무,0.379,0.0672,GOOD
/업무사례/부산김해양산공동근저당권,/업무사례/양산상속등기비용,0.3787,0.2513,GOOD
/업무사례/전국비대면법무사,/업무사례/충북상속등기법무사,0.3787,0.1073,GOOD
/업무사례/김해법인등기법무사,/업무사례/울산에서부산법인본점이전,0.3784,0.2686,GOOD
/업무사례/울산남구상속등기법무사,/업무사례/전국유증등기법무사,0.3784,0.1832,GOOD
/업무사례/대구경북공동담보등기,/업무사례/대구토지상속등기,0.3782,0.2913,GOOD
/업무사례/경북법인등기법무사,/업무사례/경북임야상속등기,0.378,0.2587,GOOD
/업무사례/경북법무사업무,/업무사례/고성군상속등기법무사,0.3779,0.1089,GOOD
/업무사례/경북조부모명의토지상속,/업무사례/대구경북공동담보등기,0.3779,0.3188,GOOD
/업무사례/대구동구상속등기법무사,/업무사례/대구부산공동근저당권,0.3779,0.2796,GOOD
/업무사례/대구경북공동담보등기,/업무사례/대구상속등기필요서류,0.3778,0.285,GOOD
/업무사례/부산에서김해법인본점이전,/업무사례/양산법인등기법무사,0.3778,0.1991,GOOD
/업무사례/경북토지상속등기,/업무사례/대구경북공동담보등기,0.3776,0.2977,GOOD
/업무사례/경북법인등기법무사,/업무사례/대구다사상속등기,0.3773,0.343,GOOD
/업무사례/부산에서울산법인본점이전,/업무사례/양산에서부산법인본점이전,0.3773,0.369,GOOD
/업무사례/경북임야상속등기,/업무사례/구미에서부산법인본점이전,0.3772,0.224,GOOD
/업무사례/고성군상속등기법무사,/업무사례/울주군상속포기한정승인,0.377,0.0954,GOOD
/업무사례/경북상속등기필요서류,/업무사례/대구에서부산법인본점이전,0.3768,0.3088,GOOD
/업무사례/대구상인동상속등기,/업무사례/사천상속등기법무사,0.3768,0.0504,GOOD
/업무사례/인천상속등기법무사,/업무사례/전국공동근저당권등기,0.3768,0.1107,GOOD
/업무사례/경북법인등기법무사,/업무사례/경북토지상속등기,0.3767,0.3476,GOOD
/업무사례/고성군상속등기법무사,/업무사례/대구법무사업무,0.3767,0.1,GOOD
/업무사례/전국법인본점이전등기,/업무사례/전국상속등기법무사,0.3765,0.3284,GOOD
/업무사례/구미에서부산법인본점이전,/업무사례/대구달성군상속등기법무사,0.3764,0.2098,GOOD
/업무사례/대구범어동상속등기,/업무사례/사천상속등기법무사,0.3764,0.0511,GOOD
/업무사례/울산에서부산법인본점이전,/업무사례/창원법인등기법무사,0.3764,0.2865,GOOD
/업무사례/경북임야상속등기,/업무사례/대구경북공동담보등기,0.3763,0.2513,GOOD
/업무사례/경북법인등기법무사,/업무사례/대구달성군상속등기법무사,0.376,0.3512,GOOD
/업무사례/경남공장공동근저당권,/업무사례/김해법인등기법무사,0.3759,0.2746,GOOD
/업무사례/경남공장공동근저당권,/업무사례/부산에서김해법인본점이전,0.3759,0.2857,GOOD
/업무사례/강원상속등기법무사,/업무사례/전국유증등기법무사,0.3756,0.2545,GOOD
/업무사례/경남비대면상속안내,/업무사례/대구법무사업무,0.3756,0.0866,GOOD
/업무사례/전국상속등기법무사,/업무사례/전국업무사례,0.3756,0.3436,GOOD
/업무사례/경남공장공동근저당권,/업무사례/부산에서울산법인본점이전,0.3755,0.335,GOOD
/업무사례/남해상속등기법무사,/업무사례/울산법무사업무,0.3754,0.1526,GOOD
/업무사례/사천상속등기법무사,/업무사례/울주군상속포기한정승인,0.3753,0.0623,GOOD
/업무사례/전국유증등기법무사,/업무사례/포항상속등기법무사,0.3753,0.2403,GOOD
/업무사례/대구경북공동담보등기,/업무사례/대구중구상속등기법무사,0.3751,0.2837,GOOD
/업무사례/경북법인등기법무사,/업무사례/칠곡상속등기법무사,0.3749,0.2338,GOOD
/업무사례/경남공장공동근저당권,/업무사례/구미에서부산법인본점이전,0.3747,0.23,GOOD
/업무사례/경남법인등기법무사,/업무사례/울산에서부산법인본점이전,0.3745,0.226,GOOD
/업무사례/대구에서부산법인본점이전,/업무사례/부산에서양산법인본점이전,0.3745,0.3958,GOOD
/업무사례/경남비대면상속안내,/업무사례/영천상속등기법무사,0.3744,0.0753,GOOD
/업무사례/경북법인등기법무사,/업무사례/대구상속등기필요서류,0.3743,0.3478,GOOD
/업무사례/경북오래된상속등기,/업무사례/대구경북공동담보등기,0.3743,0.3095,GOOD
/업무사례/경북법무사업무,/업무사례/사천상속등기법무사,0.3742,0.0642,GOOD
/업무사례/경북오래된상속등기,/업무사례/대구부산공동근저당권,0.3741,0.2864,GOOD
/업무사례/구미에서부산법인본점이전,/업무사례/칠곡상속등기법무사,0.374,0.2235,GOOD
/업무사례/대구현풍상속등기,/업무사례/포항에서부산법인본점이전,0.374,0.3272,GOOD
/업무사례/울산아파트상속등기,/업무사례/울산에서부산법인본점이전,0.3738,0.209,GOOD
/업무사례/경남비대면상속안내,/업무사례/안동오래된토지상속등기,0.3737,0.08,GOOD
/업무사례/대구상속등기비용,/업무사례/포항에서부산법인본점이전,0.3737,0.3134,GOOD
/업무사례/대구에서부산법인본점이전,/업무사례/대구토지상속등기,0.3737,0.2991,GOOD
/업무사례/남해상속등기법무사,/업무사례/울주군상속포기한정승인,0.3736,0.1407,GOOD
/업무사례/대구유증등기법무사,/업무사례/부산에서대구법인본점이전,0.3736,0.226,GOOD
/업무사례/부산울산공동근저당권,/업무사례/울산상속등기필요서류,0.3736,0.3095,GOOD
/업무사례/양산법인등기법무사,/업무사례/양산에서부산법인본점이전,0.3736,0.2108,GOOD
/업무사례/경북법무사업무,/업무사례/남해상속등기법무사,0.3735,0.1598,GOOD
/업무사례/인천상속등기법무사,/업무사례/전국법인본점이전등기,0.3735,0.1235,GOOD
/업무사례/경북임야상속등기,/업무사례/대구부산공동근저당권,0.3734,0.2277,GOOD
/업무사례/경남비대면상속안내,/업무사례/대구상인동상속등기,0.3733,0.0755,GOOD
/업무사례/경북법인등기법무사,/업무사례/대구토지상속등기,0.3733,0.2919,GOOD
/업무사례/경북법인등기법무사,/업무사례/대구동구상속등기법무사,0.3732,0.348,GOOD
/업무사례/대구아파트상속등기,/업무사례/부산에서대구법인본점이전,0.3731,0.22,GOOD
/업무사례/부산에서울산법인본점이전,/업무사례/울산공장상속등기,0.3731,0.2778,GOOD
/업무사례/부산김해양산공동근저당권,/업무사례/울산에서부산법인본점이전,0.373,0.2604,GOOD
/업무사례/부산울산공동근저당권,/업무사례/울산유증등기법무사,0.3729,0.311,GOOD
/업무사례/경남법인등기법무사,/업무사례/대구에서부산법인본점이전,0.3727,0.3581,GOOD
/업무사례/경북법인등기법무사,/업무사례/대구유증등기법무사,0.3726,0.3654,GOOD
/업무사례/경남상속등기법무사,/업무사례/타지역법무사의뢰,0.3725,0.0779,GOOD
/업무사례/경북상속등기비용,/업무사례/포항에서부산법인본점이전,0.3724,0.3349,GOOD
/업무사례/대구다사상속등기,/업무사례/대구에서부산법인본점이전,0.3724,0.3302,GOOD
/업무사례/울주군상속등기법무사,/업무사례/전국유증등기법무사,0.3724,0.2435,GOOD
/업무사례/대구부산공동근저당권,/업무사례/대구중구상속등기법무사,0.3723,0.2731,GOOD
/업무사례/경북토지상속등기,/업무사례/대구부산공동근저당권,0.3722,0.2752,GOOD
/업무사례/울산동구상속등기법무사,/업무사례/울산에서부산법인본점이전,0.3721,0.2139,GOOD
/업무사례/경기상속등기법무사,/업무사례/타지역법무사의뢰,0.372,0.1861,GOOD
/업무사례/부산에서울산법인본점이전,/업무사례/울산유증등기법무사,0.372,0.3254,GOOD
/업무사례/대구법무사업무,/업무사례/사천상속등기법무사,0.3719,0.0599,GOOD
/업무사례/경북임야상속등기,/업무사례/대구에서부산법인본점이전,0.3718,0.2196,GOOD
/업무사례/대구달서구상속등기법무사,/업무사례/타지역법무사의뢰,0.3716,0.0472,GOOD
/업무사례/부산에서울산법인본점이전,/업무사례/울산상속등기필요서류,0.3714,0.3627,GOOD
/업무사례/부산울산공동근저당권,/업무사례/울산아파트상속등기,0.3713,0.2933,GOOD
/업무사례/남해상속등기법무사,/업무사례/대구법무사업무,0.3712,0.1406,GOOD
/업무사례/경북법인등기법무사,/업무사례/대구시지상속등기,0.371,0.2475,GOOD
/업무사례/경북법인등기법무사,/업무사례/경북오래된상속등기,0.3708,0.3478,GOOD
/업무사례/경북법인등기법무사,/업무사례/대구아파트상속등기,0.3708,0.3125,GOOD
/업무사례/경북법인등기법무사,/업무사례/경북조부모명의토지상속,0.3705,0.3254,GOOD
/업무사례/김해법인등기법무사,/업무사례/포항에서부산법인본점이전,0.3705,0.2611,GOOD
/업무사례/경북상속등기필요서류,/업무사례/구미에서부산법인본점이전,0.3704,0.2228,GOOD
/업무사례/대구부산공동근저당권,/업무사례/대구상인동상속등기,0.3704,0.2534,GOOD
/업무사례/구미에서부산법인본점이전,/업무사례/대구시지상속등기,0.3702,0.2457,GOOD
/업무사례/경북조부모명의토지상속,/업무사례/대구부산공동근저당권,0.37,0.2891,GOOD
/업무사례/대구에서부산법인본점이전,/업무사례/칠곡상속등기법무사,0.37,0.2133,GOOD
/업무사례/경북오래된상속등기,/업무사례/대구에서부산법인본점이전,0.3698,0.3105,GOOD
/업무사례/구미에서부산법인본점이전,/업무사례/대구동구상속등기법무사,0.3698,0.2118,GOOD
/업무사례/경북임야상속등기,/업무사례/부산에서대구법인본점이전,0.3697,0.2108,GOOD
/업무사례/구미에서부산법인본점이전,/업무사례/대구상속등기필요서류,0.3695,0.2136,GOOD
/업무사례/구미에서부산법인본점이전,/업무사례/대구북구상속등기법무사,0.3694,0.2486,GOOD
/업무사례/대구경북공동담보등기,/업무사례/대구상인동상속등기,0.3694,0.2579,GOOD
/업무사례/부산에서울산법인본점이전,/업무사례/울산옥동상속등기,0.3694,0.3143,GOOD
/업무사례/부산에서양산법인본점이전,/업무사례/양산법인등기법무사,0.3693,0.1965,GOOD
/업무사례/경남공장공동근저당권,/업무사례/부산거주김해부동산상속,0.369,0.2239,GOOD
/업무사례/경남비대면상속안내,/업무사례/울주군상속포기한정승인,0.369,0.0753,GOOD
/업무사례/서울상속등기법무사,/업무사례/전국업무사례,0.369,0.0684,GOOD
/업무사례/경북법인등기법무사,/업무사례/대구북구상속등기법무사,0.3689,0.2374,GOOD
/업무사례/부산울산공동근저당권,/업무사례/울산공장상속등기,0.3689,0.2817,GOOD
/업무사례/김해법인등기법무사,/업무사례/부산에서울산법인본점이전,0.3686,0.2677,GOOD
/업무사례/부산에서울산법인본점이전,/업무사례/울산매곡동상속등기,0.3686,0.3037,GOOD
/업무사례/남해상속등기법무사,/업무사례/포항상속포기한정승인,0.3685,0.0676,GOOD
/업무사례/대구달성군상속등기법무사,/업무사례/대구에서부산법인본점이전,0.3685,0.3134,GOOD
/업무사례/대구달서구상속등기법무사,/업무사례/전국공동근저당권등기,0.3683,0.0631,GOOD
/업무사례/대구에서부산법인본점이전,/업무사례/부산김해양산공동근저당권,0.3683,0.3286,GOOD
/업무사례/충북상속등기법무사,/업무사례/타지역법무사의뢰,0.3683,0.1925,GOOD
/업무사례/부산울산공동근저당권,/업무사례/울주삼남상속등기,0.3681,0.3062,GOOD
/업무사례/김해에서부산법인본점이전,/업무사례/부산김해양산공동근저당권,0.368,0.288,GOOD
/업무사례/부산에서울산법인본점이전,/업무사례/울산토지상속등기,0.3679,0.3365,GOOD
/업무사례/세종상속등기법무사,/업무사례/전국업무사례,0.3679,0.0581,GOOD
/업무사례/울산에서부산법인본점이전,/업무사례/울주삼남상속등기,0.3679,0.2108,GOOD
/업무사례/대구토지상속등기,/업무사례/부산에서대구법인본점이전,0.3677,0.2172,GOOD
/업무사례/부산김해양산공동근저당권,/업무사례/부산에서울산법인본점이전,0.3677,0.3155,GOOD
/업무사례/대구군위군상속등기법무사,/업무사례/포항에서부산법인본점이전,0.3675,0.2077,GOOD
/업무사례/대구시지상속등기,/업무사례/대구에서부산법인본점이전,0.3675,0.226,GOOD
/업무사례/대구상속등기필요서류,/업무사례/부산에서대구법인본점이전,0.3674,0.2136,GOOD
/업무사례/경남법인등기법무사,/업무사례/부산김해양산공동근저당권,0.3673,0.3415,GOOD
/업무사례/구미에서부산법인본점이전,/업무사례/대구아파트상속등기,0.3673,0.1961,GOOD
/업무사례/구미에서부산법인본점이전,/업무사례/대구토지상속등기,0.3673,0.199,GOOD
/업무사례/대구동구상속등기법무사,/업무사례/대구에서부산법인본점이전,0.3671,0.3041,GOOD
/업무사례/대구서구상속등기법무사,/업무사례/포항에서부산법인본점이전,0.3671,0.2195,GOOD
/업무사례/경산상속등기법무사,/업무사례/전국공동근저당권등기,0.367,0.1034,GOOD
/업무사례/인천상속등기법무사,/업무사례/전국업무사례,0.367,0.0645,GOOD
/업무사례/부산에서대구법인본점이전,/업무사례/양산에서부산법인본점이전,0.3668,0.2898,GOOD
/업무사례/경북토지상속등기,/업무사례/구미에서부산법인본점이전,0.3667,0.1925,GOOD
/업무사례/경북토지상속등기,/업무사례/대구에서부산법인본점이전,0.3666,0.3227,GOOD
/업무사례/구미에서부산법인본점이전,/업무사례/대구유증등기법무사,0.3665,0.2028,GOOD
/업무사례/대구다사상속등기,/업무사례/부산에서대구법인본점이전,0.3663,0.1801,GOOD
/업무사례/울산에서부산법인본점이전,/업무사례/울주범서상속등기,0.3663,0.2077,GOOD
/업무사례/김해법인등기법무사,/업무사례/대구에서부산법인본점이전,0.3662,0.2275,GOOD
/업무사례/강원상속등기법무사,/업무사례/전국비대면법무사,0.3661,0.1081,GOOD
/업무사례/전국비대면법무사,/업무사례/전남상속등기법무사,0.3661,0.1085,GOOD
/업무사례/경북오래된상속등기,/업무사례/구미에서부산법인본점이전,0.366,0.2019,GOOD
/업무사례/고성군상속등기법무사,/업무사례/포항상속포기한정승인,0.366,0.0634,GOOD
/업무사례/경남상속등기법무사,/업무사례/전국법인본점이전등기,0.3658,0.089,GOOD
/업무사례/경북법인등기법무사,/업무사례/김해에서부산법인본점이전,0.3657,0.2379,GOOD
/업무사례/경남공장공동근저당권,/업무사례/부산에서창원법인본점이전,0.3656,0.3368,GOOD
/업무사례/대구북구상속등기법무사,/업무사례/대구에서부산법인본점이전,0.3654,0.2105,GOOD
/업무사례/경남법인등기법무사,/업무사례/포항에서부산법인본점이전,0.3653,0.3568,GOOD
/업무사례/대구부산공동근저당권,/업무사례/안동상속등기법무사,0.3653,0.22,GOOD
/업무사례/부산김해양산공동근저당권,/업무사례/부산에서김해법인본점이전,0.3653,0.2784,GOOD
/업무사례/부산에서대구법인본점이전,/업무사례/칠곡상속등기법무사,0.3653,0.2033,GOOD
/업무사례/김해법인등기법무사,/업무사례/부산김해양산공동근저당권,0.3652,0.267,GOOD
/업무사례/부산울산공동근저당권,/업무사례/울주범서상속등기,0.3652,0.3019,GOOD
/업무사례/부산울산공동근저당권,/업무사례/울산동구상속등기법무사,0.3646,0.2981,GOOD
/업무사례/경북조부모명의토지상속,/업무사례/대구에서부산법인본점이전,0.3645,0.2896,GOOD
/업무사례/부산울산공동근저당권,/업무사례/울산매곡동상속등기,0.3644,0.3019,GOOD
/업무사례/충남상속등기법무사,/업무사례/타지역법무사의뢰,0.3643,0.1941,GOOD
/업무사례/경남법인등기법무사,/업무사례/구미에서부산법인본점이전,0.364,0.2085,GOOD
/업무사례/구미에서부산법인본점이전,/업무사례/부산김해양산공동근저당권,0.364,0.2347,GOOD
/업무사례/전국법인본점이전등기,/업무사례/전북상속등기법무사,0.3639,0.116,GOOD
/업무사례/경남유증등기법무사,/업무사례/부산김해양산공동근저당권,0.3638,0.3315,GOOD
/업무사례/김해법인등기법무사,/업무사례/부산에서대구법인본점이전,0.3638,0.2333,GOOD
/업무사례/구미에서부산법인본점이전,/업무사례/안동상속등기법무사,0.3637,0.2291,GOOD
/업무사례/부산에서울산법인본점이전,/업무사례/울산동구상속등기법무사,0.3636,0.3,GOOD
/업무사례/울산공장상속등기,/업무사례/울산에서부산법인본점이전,0.3636,0.199,GOOD
/업무사례/경남공장공동근저당권,/업무사례/부산에서대구법인본점이전,0.3634,0.2118,GOOD
/업무사례/경북법인등기법무사,/업무사례/안동상속등기법무사,0.3633,0.2266,GOOD
/업무사례/대구부산공동근저당권,/업무사례/대구월성동상속등기,0.3632,0.2569,GOOD
/업무사례/경남상속등기법무사,/업무사례/전국업무사례,0.3631,0.0598,GOOD
/업무사례/양산상속포기한정승인,/업무사례/통영상속포기한정승인,0.363,0.0456,GOOD
/업무사례/울산매곡동상속등기,/업무사례/울산에서부산법인본점이전,0.363,0.2077,GOOD
/업무사례/울산북구상속등기법무사,/업무사례/울산에서부산법인본점이전,0.363,0.2056,GOOD
/업무사례/강원상속등기법무사,/업무사례/전국법인본점이전등기,0.3629,0.1169,GOOD
/업무사례/울산남구상속등기법무사,/업무사례/전국비대면법무사,0.3628,0.0549,GOOD
/업무사례/부산에서울산법인본점이전,/업무사례/울산아파트상속등기,0.3627,0.2952,GOOD
/업무사례/대구달성군상속등기법무사,/업무사례/부산에서대구법인본점이전,0.3625,0.181,GOOD
/업무사례/울산에서부산법인본점이전,/업무사례/울산유증등기법무사,0.3625,0.2098,GOOD
/업무사례/울산에서부산법인본점이전,/업무사례/울산옥동상속등기,0.3624,0.2167,GOOD
/업무사례/울산에서부산법인본점이전,/업무사례/울산토지상속등기,0.3623,0.2048,GOOD
/업무사례/경북법인등기법무사,/업무사례/부산김해양산공동근저당권,0.3621,0.3155,GOOD
/업무사례/김해에서부산법인본점이전,/업무사례/대구부산공동근저당권,0.3621,0.2755,GOOD
/업무사례/부산에서울산법인본점이전,/업무사례/창원법인등기법무사,0.3621,0.3163,GOOD
/업무사례/대전유성구상속등기법무사,/업무사례/타지역법무사의뢰,0.362,0.0417,GOOD
/업무사례/부산에서울산법인본점이전,/업무사례/울주삼남상속등기,0.362,0.3081,GOOD
/업무사례/경북상속등기필요서류,/업무사례/부산에서대구법인본점이전,0.3617,0.1932,GOOD
/업무사례/부산김해양산공동근저당권,/업무사례/부산에서대구법인본점이전,0.3616,0.204,GOOD
/업무사례/사천상속등기법무사,/업무사례/포항상속포기한정승인,0.3615,0.0641,GOOD
/업무사례/경북오래된상속등기,/업무사례/부산에서대구법인본점이전,0.3613,0.1905,GOOD
/업무사례/경북법인등기법무사,/업무사례/대구월성동상속등기,0.3612,0.3037,GOOD
/업무사례/대구에서부산법인본점이전,/업무사례/창원법인등기법무사,0.3612,0.3234,GOOD
/업무사례/울산에서부산법인본점이전,/업무사례/울산중구상속등기법무사,0.361,0.2136,GOOD
/업무사례/경북조부모명의토지상속,/업무사례/구미에서부산법인본점이전,0.3607,0.2039,GOOD
/업무사례/경북토지상속등기,/업무사례/부산에서대구법인본점이전,0.3607,0.1814,GOOD
/업무사례/대구경북공동담보등기,/업무사례/안동상속등기법무사,0.3605,0.2189,GOOD
/업무사례/대구유증등기법무사,/업무사례/부산울산공동근저당권,0.3604,0.307,GOOD
/업무사례/부산에서울산법인본점이전,/업무사례/울주범서상속등기,0.3604,0.3099,GOOD
/업무사례/경남공장공동근저당권,/업무사례/경남여러필지토지상속,0.3603,0.3263,GOOD
/업무사례/경산상속등기법무사,/업무사례/전국법인본점이전등기,0.3602,0.1154,GOOD
/업무사례/대구시지상속등기,/업무사례/부산에서대구법인본점이전,0.3602,0.2111,GOOD
/업무사례/부산울산공동근저당권,/업무사례/울산옥동상속등기,0.3601,0.3062,GOOD
/업무사례/부산울산공동근저당권,/업무사례/울산토지상속등기,0.3599,0.2977,GOOD
/업무사례/전국비대면법무사,/업무사례/전북상속등기법무사,0.3598,0.1073,GOOD
/업무사례/대구부산공동근저당권,/업무사례/울산아파트상속등기,0.3597,0.2775,GOOD
/업무사례/부산에서울산법인본점이전,/업무사례/울산북구상속등기법무사,0.3597,0.3411,GOOD
/업무사례/양산근저당말소,/업무사례/양산부동산등기법무사,0.3595,0.3095,GOOD
/업무사례/대구북구상속등기법무사,/업무사례/부산에서대구법인본점이전,0.3594,0.2135,GOOD
/업무사례/울산상속등기필요서류,/업무사례/울산에서부산법인본점이전,0.3593,0.2087,GOOD
/업무사례/대구에서부산법인본점이전,/업무사례/대구월성동상속등기,0.359,0.2928,GOOD
/업무사례/김해법인등기법무사,/업무사례/김해상속등기필요서류,0.3588,0.2704,GOOD
/업무사례/경남오래된상속등기,/업무사례/부산김해양산공동근저당권,0.3586,0.2804,GOOD
/업무사례/경북법인등기법무사,/업무사례/창원에서부산법인본점이전,0.3586,0.2736,GOOD
/업무사례/대구에서부산법인본점이전,/업무사례/안동상속등기법무사,0.3585,0.2123,GOOD
/업무사례/대구경북공동담보등기,/업무사례/대구월성동상속등기,0.3584,0.2615,GOOD
/업무사례/부산김해양산공동근저당권,/업무사례/부산에서창원법인본점이전,0.3582,0.3298,GOOD
/업무사례/김해상속등기비용,/업무사례/부산김해양산공동근저당권,0.3581,0.2857,GOOD
/업무사례/부산에서김해법인본점이전,/업무사례/부산울산공동근저당권,0.3581,0.2828,GOOD
/업무사례/대구만촌동상속등기,/업무사례/포항에서부산법인본점이전,0.358,0.1934,GOOD
/업무사례/김해에서부산법인본점이전,/업무사례/부산울산공동근저당권,0.3579,0.2857,GOOD
/업무사례/구미에서부산법인본점이전,/업무사례/대구월성동상속등기,0.3578,0.1737,GOOD
/업무사례/대구부산공동근저당권,/업무사례/울주삼남상속등기,0.3577,0.2783,GOOD
/업무사례/구미에서부산법인본점이전,/업무사례/김해법인등기법무사,0.3575,0.2333,GOOD
/업무사례/대구경북공동담보등기,/업무사례/울산아파트상속등기,0.3575,0.2885,GOOD
/업무사례/대구부산공동근저당권,/업무사례/울산유증등기법무사,0.3575,0.2891,GOOD
/업무사례/경북조부모명의토지상속,/업무사례/부산에서대구법인본점이전,0.3573,0.1923,GOOD
/업무사례/대구동구상속등기법무사,/업무사례/부산에서대구법인본점이전,0.3573,0.1827,GOOD
/업무사례/부산에서대구법인본점이전,/업무사례/창원법인등기법무사,0.3573,0.2181,GOOD
/업무사례/부산울산공동근저당권,/업무사례/창원법인등기법무사,0.3573,0.3564,GOOD
/업무사례/김해에서부산법인본점이전,/업무사례/대구경북공동담보등기,0.3568,0.2741,GOOD
/업무사례/대구부산공동근저당권,/업무사례/울산상속등기필요서류,0.3568,0.2817,GOOD
/업무사례/김해법인등기법무사,/업무사례/부산울산공동근저당권,0.3565,0.2589,GOOD
/업무사례/전국업무사례,/업무사례/제주상속등기법무사,0.3565,0.0593,GOOD
/업무사례/경북법인등기법무사,/업무사례/대구중구상속등기법무사,0.3564,0.3462,GOOD
/업무사례/김해법인등기법무사,/업무사례/대구부산공동근저당권,0.3563,0.2487,GOOD
/업무사례/양산상속포기한정승인,/업무사례/진주상속포기한정승인,0.3559,0.0455,GOOD
/업무사례/구미에서부산법인본점이전,/업무사례/대구중구상속등기법무사,0.3556,0.2126,GOOD
/업무사례/거제상속포기법무사,/업무사례/포항상속포기한정승인,0.3554,0.216,GOOD
/업무사례/김해법인등기법무사,/업무사례/대구경북공동담보등기,0.3553,0.2475,GOOD
/업무사례/대구경북공동담보등기,/업무사례/울주범서상속등기,0.3553,0.2791,GOOD
/업무사례/경남공장공동근저당권,/업무사례/경남유증등기법무사,0.3552,0.3387,GOOD
/업무사례/대구경북공동담보등기,/업무사례/대구서구상속등기법무사,0.3551,0.2234,GOOD
/업무사례/경남조부모명의토지상속,/업무사례/부산김해양산공동근저당권,0.355,0.2604,GOOD
/업무사례/대구시지상속등기,/업무사례/부산울산공동근저당권,0.355,0.2323,GOOD
/업무사례/부산울산공동근저당권,/업무사례/칠곡상속등기법무사,0.3549,0.2312,GOOD
/업무사례/대구경북공동담보등기,/업무사례/울산동구상속등기법무사,0.3548,0.2933,GOOD
/업무사례/대구아파트상속등기,/업무사례/부산울산공동근저당권,0.3547,0.2919,GOOD
/업무사례/대구상속등기필요서류,/업무사례/부산울산공동근저당권,0.3545,0.2897,GOOD
/업무사례/울산상속등기법무사,/업무사례/전국업무사례,0.3545,0.0563,GOOD
/업무사례/대구경북공동담보등기,/업무사례/울주삼남상속등기,0.3544,0.283,GOOD
/업무사례/경남공장공동근저당권,/업무사례/경남조부모명의토지상속,0.3541,0.268,GOOD
/업무사례/부산에서대구법인본점이전,/업무사례/안동상속등기법무사,0.3539,0.2022,GOOD
/업무사례/대구경북공동담보등기,/업무사례/창원법인등기법무사,0.3533,0.3368,GOOD
/업무사례/대구부산공동근저당권,/업무사례/대구성서상속등기,0.3533,0.2564,GOOD
/업무사례/경남법인등기법무사,/업무사례/대구경북공동담보등기,0.3532,0.3084,GOOD
/업무사례/부산울산공동근저당권,/업무사례/울산북구상속등기법무사,0.3532,0.2909,GOOD
/업무사례/울주군상속포기한정승인,/업무사례/진주상속포기한정승인,0.3531,0.1794,GOOD
/업무사례/대구월성동상속등기,/업무사례/부산에서대구법인본점이전,0.353,0.1628,GOOD
/업무사례/대구부산공동근저당권,/업무사례/창원법인등기법무사,0.3528,0.3457,GOOD
/업무사례/울산달동상속등기,/업무사례/포항에서부산법인본점이전,0.3527,0.3178,GOOD
/업무사례/전국업무사례,/업무사례/전북상속등기법무사,0.3526,0.0588,GOOD
/업무사례/경남법무사업무,/업무사례/경남유증등기법무사,0.3525,0.2872,GOOD
/업무사례/대구경북공동담보등기,/업무사례/대구성서상속등기,0.3525,0.2615,GOOD
/업무사례/부산울산공동근저당권,/업무사례/울산중구상속등기법무사,0.3525,0.3019,GOOD
/업무사례/경기상속등기법무사,/업무사례/전국업무사례,0.3524,0.0615,GOOD
/업무사례/대구부산공동근저당권,/업무사례/울산공장상속등기,0.3524,0.2723,GOOD
/업무사례/서울상속등기법무사,/업무사례/전국비대면법무사,0.3524,0.1162,GOOD
/업무사례/대구부산공동근저당권,/업무사례/울주범서상속등기,0.3523,0.2744,GOOD
/업무사례/부산울산공동근저당권,/업무사례/창원에서부산법인본점이전,0.3522,0.2843,GOOD
/업무사례/대구부산공동근저당권,/업무사례/창원에서부산법인본점이전,0.3521,0.2741,GOOD
/업무사례/전남상속등기법무사,/업무사례/타지역법무사의뢰,0.3519,0.1949,GOOD
/업무사례/창원법인등기법무사,/업무사례/창원상속등기비용,0.3519,0.3158,GOOD
/업무사례/거제상속포기법무사,/업무사례/김해상속등기비용,0.3517,0.1762,GOOD
/업무사례/김해거주부산부동산상속,/업무사례/부산김해양산공동근저당권,0.3517,0.2953,GOOD
/업무사례/대구북구상속등기법무사,/업무사례/부산울산공동근저당권,0.3517,0.2161,GOOD
/업무사례/부산에서울산법인본점이전,/업무사례/울산중구상속등기법무사,0.3515,0.3478,GOOD
/업무사례/경북법인등기법무사,/업무사례/부산에서김해법인본점이전,0.3514,0.2476,GOOD
/업무사례/경남여러필지토지상속,/업무사례/부산김해양산공동근저당권,0.3512,0.3191,GOOD
/업무사례/김해법인등기법무사,/업무사례/창원성산구상속등기법무사,0.3511,0.2874,GOOD
/업무사례/대구부산공동근저당권,/업무사례/대구상속등기비용,0.3511,0.3158,GOOD
/업무사례/구미에서부산법인본점이전,/업무사례/창원법인등기법무사,0.351,0.2312,GOOD
/업무사례/경남공장공동근저당권,/업무사례/김해상속등기필요서류,0.3509,0.3317,GOOD
/업무사례/대구시지상속등기,/업무사례/울산에서부산법인본점이전,0.3509,0.2316,GOOD
/업무사례/경남공장공동근저당권,/업무사례/김해상속등기비용,0.3508,0.2865,GOOD
/업무사례/경북법인등기법무사,/업무사례/대구상인동상속등기,0.3505,0.2995,GOOD
/업무사례/대구부산공동근저당권,/업무사례/울산매곡동상속등기,0.3505,0.2744,GOOD
/업무사례/대구에서부산법인본점이전,/업무사례/대구중구상속등기법무사,0.3505,0.3333,GOOD
/업무사례/경남오래된상속등기,/업무사례/김해법인등기법무사,0.3504,0.3059,GOOD
/업무사례/경남법인등기법무사,/업무사례/부산에서울산법인본점이전,0.3503,0.3654,GOOD
/업무사례/부산거주양산부동산상속,/업무사례/부산김해양산공동근저당권,0.3503,0.2564,GOOD
/업무사례/양산신축건물보존등기,/업무사례/창원에서부산법인본점이전,0.3503,0.2598,GOOD
/업무사례/울주언양상속등기,/업무사례/포항에서부산법인본점이전,0.3503,0.3134,GOOD
/업무사례/경남공장공동근저당권,/업무사례/경남오래된상속등기,0.3502,0.288,GOOD
/업무사례/대구북구상속등기법무사,/업무사례/울산에서부산법인본점이전,0.3502,0.2343,GOOD
/업무사례/양산근저당말소,/업무사례/양산신축건물보존등기,0.3502,0.3005,GOOD
/업무사례/경북상속등기법무사,/업무사례/전국공동근저당권등기,0.3501,0.1032,GOOD
/업무사례/양산건물멸실등기,/업무사례/양산근저당말소,0.3501,0.3014,GOOD
/업무사례/울산송정동상속등기,/업무사례/포항에서부산법인본점이전,0.3501,0.2184,GOOD
/업무사례/대구달성군상속등기법무사,/업무사례/부산에서울산법인본점이전,0.35,0.3382,GOOD
/업무사례/부산김해양산공동근저당권,/업무사례/양산상속등기필요서류,0.35,0.2553,GOOD
/업무사례/부산에서울산법인본점이전,/업무사례/칠곡상속등기법무사,0.35,0.2277,GOOD
/업무사례/대구다사상속등기,/업무사례/부산에서울산법인본점이전,0.3498,0.3365,GOOD
/업무사례/대구달성군상속등기법무사,/업무사례/부산울산공동근저당권,0.3498,0.3048,GOOD
/업무사례/울산남구상속등기법무사,/업무사례/타지역법무사의뢰,0.3498,0.0468,GOOD
/업무사례/경남법무사업무,/업무사례/김해상속등기비용,0.3497,0.2513,GOOD
/업무사례/대구부산공동근저당권,/업무사례/대구서구상속등기법무사,0.3496,0.2183,GOOD
/업무사례/양산신축건물보존등기,/업무사례/창원법인등기법무사,0.3496,0.3015,GOOD
/업무사례/대구상인동상속등기,/업무사례/대구에서부산법인본점이전,0.3495,0.3063,GOOD
/업무사례/대구부산공동근저당권,/업무사례/울산동구상속등기법무사,0.3494,0.2823,GOOD
/업무사례/대구아파트상속등기,/업무사례/울산에서부산법인본점이전,0.3494,0.1961,GOOD
/업무사례/경북상속등기필요서류,/업무사례/부산에서울산법인본점이전,0.3493,0.2897,GOOD
/업무사례/경북임야상속등기,/업무사례/부산에서울산법인본점이전,0.3493,0.2222,GOOD
/업무사례/대구범어동상속등기,/업무사례/포항에서부산법인본점이전,0.3493,0.2691,GOOD
/업무사례/대구유증등기법무사,/업무사례/부산에서울산법인본점이전,0.3491,0.3589,GOOD
/업무사례/김해법인등기법무사,/업무사례/양산신축건물보존등기,0.3488,0.2414,GOOD
/업무사례/경북오래된상속등기,/업무사례/부산울산공동근저당권,0.3487,0.2958,GOOD
/업무사례/전국업무사례,/업무사례/충남상속등기법무사,0.3486,0.0593,GOOD
/업무사례/경남법인등기법무사,/업무사례/대구부산공동근저당권,0.3485,0.2977,GOOD
/업무사례/대구경북공동담보등기,/업무사례/울산매곡동상속등기,0.3485,0.285,GOOD
/업무사례/서울상속등기법무사,/업무사례/타지역법무사의뢰,0.3485,0.1134,GOOD
/업무사례/경남공장공동근저당권,/업무사례/창원성산구상속등기법무사,0.3484,0.2579,GOOD
/업무사례/대구상속등기필요서류,/업무사례/부산에서울산법인본점이전,0.3484,0.316,GOOD
/업무사례/구미에서부산법인본점이전,/업무사례/대구상인동상속등기,0.3483,0.1713,GOOD
/업무사례/양산개인회생법무사,/업무사례/창원법인등기법무사,0.3483,0.3194,GOOD
/업무사례/김해상속등기필요서류,/업무사례/부산김해양산공동근저당권,0.3481,0.2995,GOOD
/업무사례/경북농지상속등기,/업무사례/경북법인등기법무사,0.348,0.361,GOOD
/업무사례/대구경북공동담보등기,/업무사례/울산유증등기법무사,0.348,0.2877,GOOD
/업무사례/경남공장공동근저당권,/업무사례/양산상속등기필요서류,0.3478,0.2565,GOOD
/업무사례/경북상속등기필요서류,/업무사례/부산울산공동근저당권,0.3478,0.2877,GOOD
/업무사례/양산개인회생법무사,/업무사례/창원에서부산법인본점이전,0.3476,0.269,GOOD
/업무사례/대구상인동상속등기,/업무사례/부산에서대구법인본점이전,0.3474,0.1606,GOOD
/업무사례/대구부산공동근저당권,/업무사례/울산옥동상속등기,0.3473,0.2783,GOOD
/업무사례/대구경북공동담보등기,/업무사례/울산상속등기필요서류,0.3472,0.2804,GOOD
/업무사례/대구아파트상속등기,/업무사례/부산에서울산법인본점이전,0.3472,0.2877,GOOD
/업무사례/대구다사상속등기,/업무사례/부산울산공동근저당권,0.3471,0.285,GOOD
/업무사례/울산에서부산법인본점이전,/업무사례/칠곡상속등기법무사,0.3471,0.2303,GOOD
/업무사례/대구달성군상속등기법무사,/업무사례/울산에서부산법인본점이전,0.347,0.2157,GOOD
/업무사례/부산에서창원법인본점이전,/업무사례/부산울산공동근저당권,0.347,0.3264,GOOD
/업무사례/경남비대면상속안내,/업무사례/포항상속포기한정승인,0.3468,0.0542,GOOD
/업무사례/대구다사상속등기,/업무사례/울산에서부산법인본점이전,0.3468,0.2029,GOOD
/업무사례/양산건물멸실등기,/업무사례/창원법인등기법무사,0.3467,0.2899,GOOD
/업무사례/전국법인본점이전등기,/업무사례/전국상속부동산일괄등기,0.3467,0.3237,GOOD
/업무사례/대구수성구상속등기법무사,/업무사례/전국공동근저당권등기,0.3466,0.0568,GOOD
/업무사례/대전상속등기법무사,/업무사례/전국법인본점이전등기,0.3466,0.1151,GOOD
/업무사례/대구경북공동담보등기,/업무사례/울산옥동상속등기,0.3465,0.2891,GOOD
/업무사례/경북임야상속등기,/업무사례/울산에서부산법인본점이전,0.3464,0.224,GOOD
/업무사례/대구부산공동근저당권,/업무사례/부산에서김해법인본점이전,0.3464,0.26,GOOD
/업무사례/대구달서구상속등기법무사,/업무사례/전국업무사례,0.3463,0.0602,GOOD
/업무사례/양산상속등기비용,/업무사례/창원법인등기법무사,0.3463,0.2841,GOOD
/업무사례/경남공장공동근저당권,/업무사례/창원상속등기필요서류,0.3462,0.2539,GOOD
/업무사례/김해상속등기필요서류,/업무사례/김해에서부산법인본점이전,0.3462,0.2402,GOOD
/업무사례/대구유증등기법무사,/업무사례/울산에서부산법인본점이전,0.3462,0.2028,GOOD
/업무사례/대구동구상속등기법무사,/업무사례/부산에서울산법인본점이전,0.3461,0.3095,GOOD
/업무사례/김해거주부산부동산상속,/업무사례/김해법인등기법무사,0.346,0.2921,GOOD
/업무사례/양산건물멸실등기,/업무사례/창원에서부산법인본점이전,0.346,0.25,GOOD
/업무사례/대구에서부산법인본점이전,/업무사례/울산유증등기법무사,0.3459,0.3134,GOOD
/업무사례/대구중구상속등기법무사,/업무사례/부산에서대구법인본점이전,0.3459,0.1784,GOOD
/업무사례/울산상속등기비용,/업무사례/포항에서부산법인본점이전,0.3459,0.3066,GOOD
/업무사례/경북토지상속등기,/업무사례/부산에서울산법인본점이전,0.3458,0.3286,GOOD
/업무사례/대구경북공동담보등기,/업무사례/울산공장상속등기,0.3455,0.277,GOOD
/업무사례/경남상속등기법무사,/업무사례/전국비대면법무사,0.3454,0.0854,GOOD
/업무사례/구미에서부산법인본점이전,/업무사례/대구성서상속등기,0.3454,0.2416,GOOD
/업무사례/김해법인등기법무사,/업무사례/양산상속등기필요서류,0.3454,0.3091,GOOD
/업무사례/대구경북공동담보등기,/업무사례/창원에서부산법인본점이전,0.3454,0.2663,GOOD
/업무사례/대구경북공동담보등기,/업무사례/울산토지상속등기,0.3452,0.287,GOOD
/업무사례/경북법인등기법무사,/업무사례/울산아파트상속등기,0.3451,0.2952,GOOD
/업무사례/경북오래된상속등기,/업무사례/부산에서울산법인본점이전,0.3451,0.3099,GOOD
/업무사례/경북법인등기법무사,/업무사례/대구성서상속등기,0.345,0.269,GOOD
/업무사례/대구시지상속등기,/업무사례/부산에서울산법인본점이전,0.345,0.235,GOOD
/업무사례/울산삼산동상속등기,/업무사례/포항에서부산법인본점이전,0.345,0.3146,GOOD
/업무사례/대구토지상속등기,/업무사례/부산에서울산법인본점이전,0.3449,0.2736,GOOD
/업무사례/부산에서김해법인본점이전,/업무사례/양산신축건물보존등기,0.3449,0.2464,GOOD
/업무사례/김해법인등기법무사,/업무사례/양산개인회생법무사,0.3448,0.2564,GOOD
/업무사례/김해법인등기법무사,/업무사례/양산부동산등기법무사,0.3448,0.25,GOOD
/업무사례/김해법인등기법무사,/업무사례/양산건물멸실등기,0.3446,0.2322,GOOD
/업무사례/부산김해양산공동근저당권,/업무사례/창원상속등기필요서류,0.3446,0.2526,GOOD
/업무사례/경남법인등기법무사,/업무사례/부산울산공동근저당권,0.3445,0.3131,GOOD
/업무사례/경북법인등기법무사,/업무사례/울주삼남상속등기,0.3445,0.3019,GOOD
/업무사례/대구동구상속등기법무사,/업무사례/울산에서부산법인본점이전,0.3445,0.2059,GOOD
/업무사례/부산김해양산공동근저당권,/업무사례/창원성산구상속등기법무사,0.3444,0.2634,GOOD
/업무사례/대구북구상속등기법무사,/업무사례/부산에서울산법인본점이전,0.3443,0.2189,GOOD
/업무사례/경북법인등기법무사,/업무사례/울산옥동상속등기,0.3442,0.3333,GOOD
/업무사례/경북농지상속등기,/업무사례/대구경북공동담보등기,0.3441,0.3095,GOOD
/업무사례/경북상속등기비용,/업무사례/대구경북공동담보등기,0.3441,0.3173,GOOD
/업무사례/창원상속등기비용,/업무사례/통영상속포기한정승인,0.3438,0.2,GOOD
/업무사례/구미에서부산법인본점이전,/업무사례/울주삼남상속등기,0.3436,0.2049,GOOD
/업무사례/김해에서부산법인본점이전,/업무사례/양산신축건물보존등기,0.3435,0.219,GOOD
/업무사례/대구동구상속등기법무사,/업무사례/부산울산공동근저당권,0.3435,0.2891,GOOD
/업무사례/대구부산공동근저당권,/업무사례/울산토지상속등기,0.3435,0.2706,GOOD
/업무사례/대구토지상속등기,/업무사례/부산울산공동근저당권,0.3435,0.2775,GOOD
/업무사례/양산상속등기비용,/업무사례/통영상속포기한정승인,0.3433,0.1991,GOOD
/업무사례/경북법인등기법무사,/업무사례/대구남구상속등기법무사,0.3432,0.3495,GOOD
/업무사례/경북상속등기법무사,/업무사례/전국비대면법무사,0.3432,0.1069,GOOD
/업무사례/김해법인등기법무사,/업무사례/양산근저당말소,0.3431,0.2475,GOOD
/업무사례/대구경북공동담보등기,/업무사례/대구남구상속등기법무사,0.3431,0.2864,GOOD
/업무사례/양산근저당말소,/업무사례/창원에서부산법인본점이전,0.3431,0.2663,GOOD
/업무사례/경남법인등기법무사,/업무사례/부산에서대구법인본점이전,0.3429,0.1916,GOOD
/업무사례/경북법인등기법무사,/업무사례/울주범서상속등기,0.3429,0.3037,GOOD
/업무사례/대구상속등기필요서류,/업무사례/울산에서부산법인본점이전,0.3429,0.1962,GOOD
/업무사례/대구성서상속등기,/업무사례/대구에서부산법인본점이전,0.3428,0.2464,GOOD
/업무사례/경북상속등기필요서류,/업무사례/울산에서부산법인본점이전,0.3426,0.2049,GOOD
/업무사례/경북조부모명의토지상속,/업무사례/부산에서울산법인본점이전,0.3426,0.2765,GOOD
/업무사례/경북법인등기법무사,/업무사례/울산동구상속등기법무사,0.3425,0.3062,GOOD
/업무사례/경북법인등기법무사,/업무사례/울산매곡동상속등기,0.3425,0.3037,GOOD
/업무사례/양산근저당말소,/업무사례/창원법인등기법무사,0.3425,0.3093,GOOD
/업무사례/경북농지상속등기,/업무사례/대구부산공동근저당권,0.3424,0.2804,GOOD
/업무사례/양산거주부산부동산상속,/업무사례/창원법인등기법무사,0.3424,0.2889,GOOD
/업무사례/경북상속등기비용,/업무사례/대구부산공동근저당권,0.3423,0.2938,GOOD
/업무사례/제주시상속등기법무사,/업무사례/타지역법무사의뢰,0.3423,0.046,GOOD
/업무사례/경남공장공동근저당권,/업무사례/김해거주부산부동산상속,0.3422,0.3026,GOOD
/업무사례/경산상속등기법무사,/업무사례/타지역법무사의뢰,0.3422,0.1298,GOOD
/업무사례/전국공동근저당권등기,/업무사례/제주상속등기법무사,0.3421,0.1044,GOOD
/업무사례/창원법인등기법무사,/업무사례/창원의창구상속등기법무사,0.3421,0.3333,GOOD
/업무사례/대구상속등기비용,/업무사례/대구에서부산법인본점이전,0.342,0.3521,GOOD
/업무사례/경기상속등기법무사,/업무사례/전국비대면법무사,0.3419,0.112,GOOD
/업무사례/경북토지상속등기,/업무사례/부산울산공동근저당권,0.3419,0.2785,GOOD
/업무사례/양산상속등기비용,/업무사례/창원에서부산법인본점이전,0.3419,0.28,GOOD
/업무사례/양산부동산등기법무사,/업무사례/양산증여등기법무사,0.3418,0.251,GOOD
/업무사례/경북법인등기법무사,/업무사례/경북상속등기비용,0.3417,0.3762,GOOD
/업무사례/구미에서부산법인본점이전,/업무사례/울산아파트상속등기,0.3417,0.1912,GOOD
/업무사례/경남공장공동근저당권,/업무사례/양산근저당말소,0.3416,0.3029,GOOD
/업무사례/경북법인등기법무사,/업무사례/울산토지상속등기,0.3416,0.3365,GOOD
/업무사례/양산부동산등기법무사,/업무사례/창원법인등기법무사,0.3415,0.3112,GOOD
/업무사례/대구남구상속등기법무사,/업무사례/대구부산공동근저당권,0.3414,0.2757,GOOD
/업무사례/양산부동산등기법무사,/업무사례/양산신축건물보존등기,0.3414,0.3023,GOOD
/업무사례/대구경북공동담보등기,/업무사례/부산에서김해법인본점이전,0.3413,0.2525,GOOD
/업무사례/부산김해양산공동근저당권,/업무사례/양산근저당말소,0.3413,0.3024,GOOD
/업무사례/경북조부모명의토지상속,/업무사례/부산울산공동근저당권,0.3412,0.2804,GOOD
/업무사례/대구경북공동담보등기,/업무사례/울산북구상속등기법무사,0.3412,0.2748,GOOD
/업무사례/창원상속등기비용,/업무사례/창원에서부산법인본점이전,0.3412,0.2816,GOOD
/업무사례/대구부산공동근저당권,/업무사례/대구현풍상속등기,0.3411,0.2694,GOOD
/업무사례/부산에서김해법인본점이전,/업무사례/양산개인회생법무사,0.341,0.255,GOOD
/업무사례/대구토지상속등기,/업무사례/울산에서부산법인본점이전,0.3408,0.199,GOOD
/업무사례/양산부동산등기법무사,/업무사례/창원에서부산법인본점이전,0.3408,0.2624,GOOD
/업무사례/구미에서부산법인본점이전,/업무사례/울산토지상속등기,0.3407,0.1991,GOOD
/업무사례/부산에서김해법인본점이전,/업무사례/양산건물멸실등기,0.3407,0.2372,GOOD
/업무사례/경남법무사업무,/업무사례/경남여러필지토지상속,0.3406,0.2764,GOOD
/업무사례/경남법무사업무,/업무사례/경남조부모명의토지상속,0.3406,0.2217,GOOD
/업무사례/대구부산공동근저당권,/업무사례/영천상속등기법무사,0.3406,0.1103,GOOD
/업무사례/경북법인등기법무사,/업무사례/부산에서창원법인본점이전,0.3405,0.295,GOOD
/업무사례/경북임야상속등기,/업무사례/부산울산공동근저당권,0.3404,0.2195,GOOD
/업무사례/경북토지상속등기,/업무사례/울산에서부산법인본점이전,0.3404,0.1925,GOOD
/업무사례/대구경북공동담보등기,/업무사례/대구현풍상속등기,0.3404,0.2798,GOOD
/업무사례/경남법인등기법무사,/업무사례/양산신축건물보존등기,0.3401,0.2723,GOOD
/업무사례/김해에서부산법인본점이전,/업무사례/창원성산구상속등기법무사,0.34,0.2586,GOOD
/업무사례/서울상속등기법무사,/업무사례/전국공동근저당권등기,0.34,0.1126,GOOD
/업무사례/양산거주부산부동산상속,/업무사례/통영상속포기한정승인,0.34,0.1937,GOOD
/업무사례/부산거주김해부동산상속,/업무사례/통영상속포기한정승인,0.3399,0.1909,GOOD
/업무사례/경북법인등기법무사,/업무사례/울산상속등기필요서류,0.3398,0.3365,GOOD
/업무사례/경북오래된상속등기,/업무사례/울산에서부산법인본점이전,0.3398,0.2019,GOOD
/업무사례/부산에서양산법인본점이전,/업무사례/부산울산공동근저당권,0.3398,0.3385,GOOD
/업무사례/경북조부모명의토지상속,/업무사례/울산에서부산법인본점이전,0.3397,0.2098,GOOD
/업무사례/경북농지상속등기,/업무사례/구미에서부산법인본점이전,0.3396,0.1962,GOOD
/업무사례/전국업무사례,/업무사례/전남상속등기법무사,0.3396,0.0595,GOOD
/업무사례/경북농지상속등기,/업무사례/대구에서부산법인본점이전,0.3395,0.3226,GOOD
/업무사례/구미에서부산법인본점이전,/업무사례/울주범서상속등기,0.3395,0.2019,GOOD
/업무사례/대구에서부산법인본점이전,/업무사례/울산토지상속등기,0.3395,0.3063,GOOD
/업무사례/경남법인등기법무사,/업무사례/김해상속등기필요서류,0.3394,0.3824,GOOD
/업무사례/경북법인등기법무사,/업무사례/울산공장상속등기,0.3394,0.2778,GOOD
/업무사례/김해에서부산법인본점이전,/업무사례/양산상속등기필요서류,0.3394,0.2865,GOOD
/업무사례/경남공장공동근저당권,/업무사례/양산개인회생법무사,0.3393,0.2933,GOOD
/업무사례/대구월성동상속등기,/업무사례/부산에서울산법인본점이전,0.3393,0.2857,GOOD
/업무사례/부산에서김해법인본점이전,/업무사례/양산근저당말소,0.3393,0.2525,GOOD
/업무사례/강원상속등기법무사,/업무사례/전국공동근저당권등기,0.3392,0.1044,GOOD
/업무사례/거제상속포기법무사,/업무사례/경남유증등기법무사,0.3392,0.1696,GOOD
/업무사례/경북법인등기법무사,/업무사례/대구현풍상속등기,0.3392,0.3412,GOOD
/업무사례/경북법인등기법무사,/업무사례/양산에서부산법인본점이전,0.3392,0.28,GOOD
/업무사례/구미에서부산법인본점이전,/업무사례/울산동구상속등기법무사,0.3392,0.202,GOOD
/업무사례/대구에서부산법인본점이전,/업무사례/울산아파트상속등기,0.3392,0.267,GOOD
/업무사례/부산에서울산법인본점이전,/업무사례/안동상속등기법무사,0.3392,0.2266,GOOD
/업무사례/울산송정동상속등기,/업무사례/울산에서부산법인본점이전,0.3392,0.2471,GOOD
/업무사례/거제상속포기법무사,/업무사례/창원상속등기필요서류,0.3391,0.1802,GOOD
/업무사례/대구경북공동담보등기,/업무사례/대구상속등기비용,0.3391,0.2897,GOOD
/업무사례/부산울산공동근저당권,/업무사례/울산상속등기비용,0.3391,0.3186,GOOD
/업무사례/전국법인본점이전등기,/업무사례/충남상속등기법무사,0.3391,0.1169,GOOD
/업무사례/부산김해양산공동근저당권,/업무사례/양산부동산등기법무사,0.339,0.2796,GOOD
/업무사례/김해상속등기필요서류,/업무사례/부산에서김해법인본점이전,0.3389,0.2624,GOOD
/업무사례/대구에서부산법인본점이전,/업무사례/울산상속등기필요서류,0.3389,0.3427,GOOD
/업무사례/경남법인등기법무사,/업무사례/경남오래된상속등기,0.3388,0.275,GOOD
/업무사례/양산건물멸실등기,/업무사례/양산부동산등기법무사,0.3388,0.2915,GOOD
/업무사례/울산상속등기법무사,/업무사례/전국법인본점이전등기,0.3387,0.0542,GOOD
/업무사례/구미에서부산법인본점이전,/업무사례/대구군위군상속등기법무사,0.3386,0.2486,GOOD
/업무사례/구미에서부산법인본점이전,/업무사례/대구남구상속등기법무사,0.3386,0.2087,GOOD
/업무사례/대구부산공동근저당권,/업무사례/부산에서창원법인본점이전,0.3385,0.3026,GOOD
/업무사례/전국법인본점이전등기,/업무사례/충북상속등기법무사,0.3384,0.116,GOOD
/업무사례/경남공장공동근저당권,/업무사례/부산거주양산부동산상속,0.3382,0.2513,GOOD
/업무사례/경남법인등기법무사,/업무사례/창원성산구상속등기법무사,0.3382,0.2462,GOOD
/업무사례/경북법인등기법무사,/업무사례/울산유증등기법무사,0.3382,0.3317,GOOD
/업무사례/경북법인등기법무사,/업무사례/대구상속등기비용,0.338,0.3462,GOOD
/업무사례/김해에서부산법인본점이전,/업무사례/양산건물멸실등기,0.338,0.211,GOOD
/업무사례/구미에서부산법인본점이전,/업무사례/울산매곡동상속등기,0.3379,0.2019,GOOD
/업무사례/울주군상속등기법무사,/업무사례/타지역법무사의뢰,0.3378,0.0892,GOOD
/업무사례/전국비대면법무사,/업무사례/제주시상속등기법무사,0.3378,0.0539,GOOD
/업무사례/경남공장공동근저당권,/업무사례/양산신축건물보존등기,0.3377,0.2837,GOOD
/업무사례/구미에서부산법인본점이전,/업무사례/울산상속등기필요서류,0.3377,0.1971,GOOD
/업무사례/대구경북공동담보등기,/업무사례/영천상속등기법무사,0.3377,0.1098,GOOD
/업무사례/대구다사상속등기,/업무사례/포항에서부산법인본점이전,0.3377,0.3286,GOOD
/업무사례/경남법인등기법무사,/업무사례/양산개인회생법무사,0.3376,0.287,GOOD
/업무사례/경남법인등기법무사,/업무사례/양산부동산등기법무사,0.3376,0.2864,GOOD
/업무사례/경북법인등기법무사,/업무사례/울산북구상속등기법무사,0.3376,0.3411,GOOD
/업무사례/대구부산공동근저당권,/업무사례/울산중구상속등기법무사,0.3376,0.2744,GOOD
/업무사례/창원의창구상속등기법무사,/업무사례/통영상속포기한정승인,0.3376,0.1864,GOOD
/업무사례/양산개인회생법무사,/업무사례/양산건물멸실등기,0.3375,0.2922,GOOD
/업무사례/경주오래된토지상속등기,/업무사례/포항에서부산법인본점이전,0.3374,0.1353,GOOD
/업무사례/거제상속포기법무사,/업무사례/경남여러필지토지상속,0.3373,0.1624,GOOD
/업무사례/구미에서부산법인본점이전,/업무사례/울산공장상속등기,0.3373,0.1875,GOOD
/업무사례/구미에서부산법인본점이전,/업무사례/울산유증등기법무사,0.3373,0.1923,GOOD
/업무사례/대구남구상속등기법무사,/업무사례/대구에서부산법인본점이전,0.3373,0.3119,GOOD
/업무사례/대구에서부산법인본점이전,/업무사례/울산공장상속등기,0.3373,0.2566,GOOD
/업무사례/부산거주양산부동산상속,/업무사례/부산에서김해법인본점이전,0.3373,0.2833,GOOD
/업무사례/전국상속부동산일괄등기,/업무사례/전국업무사례,0.3373,0.3384,GOOD
/업무사례/경남법무사업무,/업무사례/창원상속등기필요서류,0.3371,0.22,GOOD
/업무사례/구미에서부산법인본점이전,/업무사례/대구현풍상속등기,0.3371,0.2038,GOOD
/업무사례/구미에서부산법인본점이전,/업무사례/울산옥동상속등기,0.337,0.2049,GOOD
/업무사례/김해에서부산법인본점이전,/업무사례/양산개인회생법무사,0.337,0.2266,GOOD
/업무사례/김해에서부산법인본점이전,/업무사례/양산부동산등기법무사,0.337,0.2212,GOOD
/업무사례/대구부산공동근저당권,/업무사례/울산북구상속등기법무사,0.337,0.2646,GOOD
/업무사례/대구에서부산법인본점이전,/업무사례/울산옥동상속등기,0.337,0.2851,GOOD
/업무사례/부산울산공동근저당권,/업무사례/울산송정동상속등기,0.337,0.2211,GOOD
/업무사례/울산남구상속등기법무사,/업무사례/전국공동근저당권등기,0.337,0.0625,GOOD
/업무사례/대구경북공동담보등기,/업무사례/울산중구상속등기법무사,0.3369,0.285,GOOD
/업무사례/경남공장공동근저당권,/업무사례/양산부동산등기법무사,0.3367,0.2925,GOOD
/업무사례/대구에서부산법인본점이전,/업무사례/울산동구상속등기법무사,0.3367,0.2715,GOOD
/업무사례/부산울산공동근저당권,/업무사례/안동상속등기법무사,0.3367,0.23,GOOD
/업무사례/양산거주부산부동산상속,/업무사례/창원에서부산법인본점이전,0.3367,0.2849,GOOD
/업무사례/김해에서부산법인본점이전,/업무사례/양산근저당말소,0.3366,0.2244,GOOD
/업무사례/울산남구상속등기법무사,/업무사례/전국법인본점이전등기,0.3366,0.0573,GOOD
/업무사례/경기광주상속등기법무사,/업무사례/전국비대면법무사,0.3364,0.0688,GOOD
/업무사례/부산에서대구법인본점이전,/업무사례/울산공장상속등기,0.3364,0.1762,GOOD
/업무사례/안동상속등기법무사,/업무사례/울산에서부산법인본점이전,0.3364,0.2291,GOOD
/업무사례/양산개인회생법무사,/업무사례/양산신축건물보존등기,0.3362,0.3033,GOOD
/업무사례/대구범어동상속등기,/업무사례/대구부산공동근저당권,0.3361,0.2581,GOOD
/업무사례/대구상속등기비용,/업무사례/부산에서대구법인본점이전,0.3361,0.2184,GOOD
/업무사례/대구중구상속등기법무사,/업무사례/울산에서부산법인본점이전,0.3361,0.201,GOOD
/업무사례/부산에서울산법인본점이전,/업무사례/울주언양상속등기,0.3361,0.3208,GOOD
/업무사례/경남법인등기법무사,/업무사례/양산건물멸실등기,0.336,0.2629,GOOD
/업무사례/부산울산공동근저당권,/업무사례/양산에서부산법인본점이전,0.336,0.3041,GOOD
/업무사례/경북법인등기법무사,/업무사례/울산중구상속등기법무사,0.3358,0.3413,GOOD
/업무사례/경북상속등기비용,/업무사례/대구에서부산법인본점이전,0.3358,0.3427,GOOD
/업무사례/부산에서대구법인본점이전,/업무사례/울산아파트상속등기,0.3358,0.1796,GOOD
/업무사례/김해거주부산부동산상속,/업무사례/진주상속포기한정승인,0.3357,0.084,GOOD
/업무사례/김해상속등기필요서류,/업무사례/진주상속포기한정승인,0.3357,0.0781,GOOD
/업무사례/진주상속포기한정승인,/업무사례/창원성산구상속등기법무사,0.3357,0.0802,GOOD
/업무사례/구미에서부산법인본점이전,/업무사례/대구서구상속등기법무사,0.3355,0.2558,GOOD
/업무사례/대구달성군상속등기법무사,/업무사례/포항에서부산법인본점이전,0.3355,0.3302,GOOD
/업무사례/대구에서부산법인본점이전,/업무사례/울산매곡동상속등기,0.3355,0.2756,GOOD
/업무사례/칠곡상속등기법무사,/업무사례/포항에서부산법인본점이전,0.3355,0.2105,GOOD
/업무사례/양산근저당말소,/업무사례/양산증여등기법무사,0.3354,0.2542,GOOD
/업무사례/거제상속포기법무사,/업무사례/경남조부모명의토지상속,0.3352,0.1667,GOOD
/업무사례/대구군위군상속등기법무사,/업무사례/대구부산공동근저당권,0.3352,0.206,GOOD
/업무사례/대구상인동상속등기,/업무사례/부산울산공동근저당권,0.3352,0.2624,GOOD
/업무사례/대구아파트상속등기,/업무사례/포항에서부산법인본점이전,0.3352,0.2811,GOOD
/업무사례/울산상속등기비용,/업무사례/울산에서부산법인본점이전,0.3352,0.2211,GOOD
/업무사례/대구중구상속등기법무사,/업무사례/부산울산공동근저당권,0.3351,0.2884,GOOD
/업무사례/부산김해양산공동근저당권,/업무사례/양산개인회생법무사,0.335,0.2864,GOOD
/업무사례/전국법인본점이전등기,/업무사례/제주상속등기법무사,0.3348,0.1169,GOOD
/업무사례/부산에서창원법인본점이전,/업무사례/양산신축건물보존등기,0.3347,0.2871,GOOD
/업무사례/경북상속등기비용,/업무사례/구미에서부산법인본점이전,0.3346,0.2087,GOOD
/업무사례/경북오래된상속등기,/업무사례/포항에서부산법인본점이전,0.3346,0.3028,GOOD
/업무사례/구미에서부산법인본점이전,/업무사례/대구상속등기비용,0.3346,0.201,GOOD
/업무사례/김해법인등기법무사,/업무사례/부산거주양산부동산상속,0.3346,0.3006,GOOD
/업무사례/전국비대면법무사,/업무사례/충남상속등기법무사,0.3346,0.1081,GOOD
/업무사례/경남오래된상속등기,/업무사례/김해에서부산법인본점이전,0.3345,0.2768,GOOD
/업무사례/대구경북공동담보등기,/업무사례/대구군위군상속등기법무사,0.3345,0.2111,GOOD
/업무사례/대구동구상속등기법무사,/업무사례/포항에서부산법인본점이전,0.3343,0.3146,GOOD
/업무사례/대구성서상속등기,/업무사례/부산에서대구법인본점이전,0.3343,0.2077,GOOD
/업무사례/대구시지상속등기,/업무사례/포항에서부산법인본점이전,0.3343,0.2353,GOOD
/업무사례/부산에서대구법인본점이전,/업무사례/울산상속등기필요서류,0.3343,0.1857,GOOD
/업무사례/경북법인등기법무사,/업무사례/영천상속등기법무사,0.3342,0.1124,GOOD
/업무사례/양산상속등기필요서류,/업무사례/진주상속포기한정승인,0.3341,0.089,GOOD
/업무사례/부산에서대구법인본점이전,/업무사례/울주삼남상속등기,0.334,0.1818,GOOD
/업무사례/김해거주부산부동산상속,/업무사례/김해에서부산법인본점이전,0.3339,0.2717,GOOD
/업무사례/김해거주부산부동산상속,/업무사례/부산에서김해법인본점이전,0.3339,0.2967,GOOD
/업무사례/부산에서대구법인본점이전,/업무사례/울산유증등기법무사,0.3339,0.181,GOOD
/업무사례/안동오래된토지상속등기,/업무사례/포항에서부산법인본점이전,0.3339,0.1241,GOOD
/업무사례/대구경북공동담보등기,/업무사례/부산에서창원법인본점이전,0.3337,0.301,GOOD
/업무사례/경북농지상속등기,/업무사례/부산에서대구법인본점이전,0.3336,0.1848,GOOD
/업무사례/대구북구상속등기법무사,/업무사례/포항에서부산법인본점이전,0.3336,0.2195,GOOD
/업무사례/대구에서부산법인본점이전,/업무사례/울주삼남상속등기,0.3336,0.2793,GOOD
/업무사례/부산에서울산법인본점이전,/업무사례/울산달동상속등기,0.3336,0.3254,GOOD
/업무사례/경북법인등기법무사,/업무사례/대구군위군상속등기법무사,0.3333,0.2189,GOOD
/업무사례/경북법인등기법무사,/업무사례/부산에서양산법인본점이전,0.3333,0.3,GOOD
/업무사례/대구에서부산법인본점이전,/업무사례/대구현풍상속등기,0.3333,0.3288,GOOD
/업무사례/대구유증등기법무사,/업무사례/포항에서부산법인본점이전,0.3333,0.338,GOOD
/업무사례/양산신축건물보존등기,/업무사례/양산에서부산법인본점이전,0.3333,0.266,GOOD
/업무사례/대전서구상속등기법무사,/업무사례/타지역법무사의뢰,0.3331,0.0974,GOOD
/업무사례/구미에서부산법인본점이전,/업무사례/울산북구상속등기법무사,0.333,0.1944,GOOD
/업무사례/대구만촌동상속등기,/업무사례/대구부산공동근저당권,0.333,0.209,GOOD
/업무사례/대구부산공동근저당권,/업무사례/양산에서부산법인본점이전,0.333,0.2872,GOOD
/업무사례/대구월성동상속등기,/업무사례/부산울산공동근저당권,0.333,0.2603,GOOD
/업무사례/부산에서김해법인본점이전,/업무사례/양산부동산등기법무사,0.333,0.2488,GOOD
/업무사례/부산에서양산법인본점이전,/업무사례/양산신축건물보존등기,0.333,0.2985,GOOD
/업무사례/대전서구상속등기법무사,/업무사례/전국비대면법무사,0.3328,0.1,GOOD
/업무사례/경북법인등기법무사,/업무사례/대구서구상속등기법무사,0.3327,0.2374,GOOD
/업무사례/대구군위군상속등기법무사,/업무사례/부산에서대구법인본점이전,0.3327,0.2135,GOOD
/업무사례/대구상속등기필요서류,/업무사례/포항에서부산법인본점이전,0.3327,0.3088,GOOD
/업무사례/대구월성동상속등기,/업무사례/울산에서부산법인본점이전,0.3327,0.1682,GOOD
/업무사례/울주군상속등기법무사,/업무사례/전국비대면법무사,0.3326,0.0919,GOOD
/업무사례/경북상속등기필요서류,/업무사례/포항에서부산법인본점이전,0.3324,0.2831,GOOD
/업무사례/경북임야상속등기,/업무사례/포항에서부산법인본점이전,0.3324,0.2113,GOOD
/업무사례/구미에서부산법인본점이전,/업무사례/울산중구상속등기법무사,0.3324,0.2019,GOOD
/업무사례/대구경북공동담보등기,/업무사례/울산송정동상속등기,0.3324,0.2161,GOOD
/업무사례/부산에서대구법인본점이전,/업무사례/울산토지상속등기,0.3324,0.1767,GOOD
/업무사례/양산개인회생법무사,/업무사례/양산근저당말소,0.3324,0.3107,GOOD
/업무사례/구미에서부산법인본점이전,/업무사례/영천상속등기법무사,0.3322,0.1213,GOOD
/업무사례/경남상속등기비용,/업무사례/창원법인등기법무사,0.3321,0.3212,GOOD
/업무사례/김해법인등기법무사,/업무사례/양산증여등기법무사,0.3321,0.2212,GOOD
/업무사례/대구에서부산법인본점이전,/업무사례/울주범서상속등기,0.3321,0.2813,GOOD
/업무사례/부산에서대구법인본점이전,/업무사례/울산동구상속등기법무사,0.3321,0.1845,GOOD
/업무사례/경남오래된상속등기,/업무사례/진주상속포기한정승인,0.332,0.0779,GOOD
/업무사례/부산에서양산법인본점이전,/업무사례/양산개인회생법무사,0.332,0.3093,GOOD
/업무사례/경북상속등기법무사,/업무사례/타지역법무사의뢰,0.3318,0.1917,GOOD
/업무사례/대구부산공동근저당권,/업무사례/울산송정동상속등기,0.3318,0.2111,GOOD
/업무사례/대구토지상속등기,/업무사례/포항에서부산법인본점이전,0.3318,0.2673,GOOD
/업무사례/울산삼산동상속등기,/업무사례/울산에서부산법인본점이전,0.3318,0.2178,GOOD
/업무사례/대전상속등기법무사,/업무사례/전국공동근저당권등기,0.3316,0.1028,GOOD
/업무사례/대구부산공동근저당권,/업무사례/울산상속등기비용,0.3315,0.2961,GOOD
/업무사례/양산상속등기비용,/업무사례/양산에서부산법인본점이전,0.3315,0.2948,GOOD
/업무사례/대구부산공동근저당권,/업무사례/부산에서양산법인본점이전,0.3313,0.3144,GOOD
/업무사례/부산거주양산부동산상속,/업무사례/진주상속포기한정승인,0.3313,0.0813,GOOD
/업무사례/부산에서대구법인본점이전,/업무사례/영천상속등기법무사,0.3313,0.1167,GOOD
/업무사례/경남공장공동근저당권,/업무사례/대구성서상속등기,0.3312,0.2694,GOOD
/업무사례/경남상속등기비용,/업무사례/통영상속포기한정승인,0.3312,0.1707,GOOD
/업무사례/경북상속등기비용,/업무사례/부산에서대구법인본점이전,0.3312,0.1971,GOOD
/업무사례/부산에서대구법인본점이전,/업무사례/울주범서상속등기,0.3312,0.1792,GOOD
/업무사례/경남공장공동근저당권,/업무사례/양산건물멸실등기,0.331,0.2735,GOOD
/업무사례/대구수성구상속등기법무사,/업무사례/전국법인본점이전등기,0.331,0.0517,GOOD
/업무사례/경남법인등기법무사,/업무사례/김해거주부산부동산상속,0.3309,0.2892,GOOD
/업무사례/부산에서김해법인본점이전,/업무사례/양산상속등기필요서류,0.3309,0.2832,GOOD
/업무사례/경남법인등기법무사,/업무사례/양산근저당말소,0.3307,0.2903,GOOD
/업무사례/경남유증등기법무사,/업무사례/양산상속포기한정승인,0.3307,0.0357,GOOD
/업무사례/부산김해양산공동근저당권,/업무사례/양산신축건물보존등기,0.3307,0.277,GOOD
/업무사례/경남공장공동근저당권,/업무사례/경북농지상속등기,0.3306,0.3237,GOOD
/업무사례/대구경북공동담보등기,/업무사례/대구범어동상속등기,0.3306,0.2627,GOOD
/업무사례/부산에서울산법인본점이전,/업무사례/울산상속등기비용,0.3306,0.3268,GOOD
/업무사례/대구성서상속등기,/업무사례/울산에서부산법인본점이전,0.3305,0.2278,GOOD
/업무사례/경북토지상속등기,/업무사례/포항에서부산법인본점이전,0.3303,0.3151,GOOD
/업무사례/부산에서김해법인본점이전,/업무사례/창원성산구상속등기법무사,0.3303,0.2629,GOOD
/업무사례/대구상인동상속등기,/업무사례/부산에서울산법인본점이전,0.3302,0.2995,GOOD
/업무사례/창원에서부산법인본점이전,/업무사례/창원의창구상속등기법무사,0.3302,0.3064,GOOD
/업무사례/대구경북공동담보등기,/업무사례/대구만촌동상속등기,0.33,0.2079,GOOD
/업무사례/부산울산공동근저당권,/업무사례/울산달동상속등기,0.33,0.3048,GOOD
/업무사례/대구에서부산법인본점이전,/업무사례/영천상속등기법무사,0.3299,0.1011,GOOD
/업무사례/부산에서대구법인본점이전,/업무사례/울산옥동상속등기,0.3299,0.1818,GOOD
/업무사례/양산개인회생법무사,/업무사례/양산에서부산법인본점이전,0.3298,0.2755,GOOD
/업무사례/경북조부모명의토지상속,/업무사례/포항에서부산법인본점이전,0.3297,0.2818,GOOD
/업무사례/대구경북공동담보등기,/업무사례/울산상속등기비용,0.3297,0.3073,GOOD
/업무사례/부산에서대구법인본점이전,/업무사례/울산매곡동상속등기,0.3297,0.1792,GOOD
/업무사례/부산울산공동근저당권,/업무사례/울산삼산동상속등기,0.3297,0.3014,GOOD
/업무사례/양산상속포기한정승인,/업무사례/창원상속등기필요서류,0.3297,0.0242,GOOD
/업무사례/울산달동상속등기,/업무사례/울산에서부산법인본점이전,0.3297,0.2157,GOOD
/업무사례/부산에서울산법인본점이전,/업무사례/울산송정동상속등기,0.3296,0.2239,GOOD
/업무사례/부산에서창원법인본점이전,/업무사례/양산건물멸실등기,0.3294,0.2762,GOOD
/업무사례/양산건물멸실등기,/업무사례/양산에서부산법인본점이전,0.3294,0.2559,GOOD
/업무사례/대구서구상속등기법무사,/업무사례/대구에서부산법인본점이전,0.3293,0.2163,GOOD
/업무사례/부산김해양산공동근저당권,/업무사례/양산건물멸실등기,0.3293,0.267,GOOD
/업무사례/대구중구상속등기법무사,/업무사례/부산에서울산법인본점이전,0.3291,0.3397,GOOD
/업무사례/부산에서양산법인본점이전,/업무사례/양산건물멸실등기,0.3291,0.2871,GOOD
/업무사례/대전유성구상속등기법무사,/업무사례/전국비대면법무사,0.329,0.0496,GOOD
/업무사례/대구군위군상속등기법무사,/업무사례/대구에서부산법인본점이전,0.3288,0.1934,GOOD
/업무사례/경북법인등기법무사,/업무사례/대구만촌동상속등기,0.3287,0.2098,GOOD
/업무사례/대구법무사업무,/업무사례/포항에서부산법인본점이전,0.3287,0.2523,GOOD
/업무사례/대구상인동상속등기,/업무사례/울산에서부산법인본점이전,0.3287,0.1659,GOOD
/업무사례/대구현풍상속등기,/업무사례/부산에서대구법인본점이전,0.3287,0.1759,GOOD
/업무사례/전국업무사례,/업무사례/충북상속등기법무사,0.3286,0.0588,GOOD
/업무사례/경남오래된상속등기,/업무사례/부산에서김해법인본점이전,0.3285,0.2809,GOOD
/업무사례/부산에서창원법인본점이전,/업무사례/양산개인회생법무사,0.3285,0.2974,GOOD
/업무사례/울산에서부산법인본점이전,/업무사례/울주언양상속등기,0.3285,0.2126,GOOD
/업무사례/대구서구상속등기법무사,/업무사례/부산에서대구법인본점이전,0.3284,0.2135,GOOD
/업무사례/대구성서상속등기,/업무사례/부산울산공동근저당권,0.3284,0.2538,GOOD
/업무사례/대구성서상속등기,/업무사례/부산에서울산법인본점이전,0.3283,0.2563,GOOD
/업무사례/양산근저당말소,/업무사례/양산에서부산법인본점이전,0.3282,0.2727,GOOD
/업무사례/부산거주김해부동산상속,/업무사례/창원에서부산법인본점이전,0.3281,0.2541,GOOD
/업무사례/경남조부모명의토지상속,/업무사례/부산에서창원법인본점이전,0.328,0.2637,GOOD
/업무사례/경남법인등기법무사,/업무사례/양산상속등기필요서류,0.3279,0.245,GOOD
/업무사례/경남조부모명의토지상속,/업무사례/양산상속포기한정승인,0.3279,0.0403,GOOD
/업무사례/대구남구상속등기법무사,/업무사례/부산에서대구법인본점이전,0.3278,0.1801,GOOD
/업무사례/대구만촌동상속등기,/업무사례/대구에서부산법인본점이전,0.3278,0.1963,GOOD
/업무사례/경남공장공동근저당권,/업무사례/경남비대면상속안내,0.3276,0.0988,GOOD
/업무사례/김해에서부산법인본점이전,/업무사례/부산거주양산부동산상속,0.3276,0.2722,GOOD
/업무사례/거제상속포기법무사,/업무사례/남해상속등기법무사,0.3275,0.1504,GOOD
/업무사례/대구월성동상속등기,/업무사례/포항에서부산법인본점이전,0.3275,0.2851,GOOD
/업무사례/전국비대면법무사,/업무사례/전국상속부동산일괄등기,0.3274,0.3088,GOOD
/업무사례/경남공장공동근저당권,/업무사례/대구남구상속등기법무사,0.3273,0.3188,GOOD
/업무사례/부산에서대구법인본점이전,/업무사례/울산북구상속등기법무사,0.3273,0.1727,GOOD
/업무사례/부산에서울산법인본점이전,/업무사례/울산삼산동상속등기,0.3272,0.3221,GOOD
/업무사례/경북법무사업무,/업무사례/포항에서부산법인본점이전,0.327,0.2591,GOOD
/업무사례/대구에서부산법인본점이전,/업무사례/울산북구상속등기법무사,0.327,0.317,GOOD
/업무사례/대구경북공동담보등기,/업무사례/양산에서부산법인본점이전,0.3269,0.2857,GOOD
/업무사례/부산에서창원법인본점이전,/업무사례/양산근저당말소,0.3269,0.2944,GOOD
/업무사례/경기상속등기법무사,/업무사례/전국법인본점이전등기,0.3267,0.1213,GOOD
/업무사례/대구경북공동담보등기,/업무사례/부산에서양산법인본점이전,0.3266,0.3061,GOOD
/업무사례/부산에서양산법인본점이전,/업무사례/양산근저당말소,0.3266,0.3061,GOOD
/업무사례/부산울산공동근저당권,/업무사례/울주언양상속등기,0.3264,0.3005,GOOD
/업무사례/양산개인회생법무사,/업무사례/양산부동산등기법무사,0.3264,0.3125,GOOD
/업무사례/경남여러필지토지상속,/업무사례/양산상속포기한정승인,0.3259,0.0353,GOOD
/업무사례/대전서구상속등기법무사,/업무사례/전국법인본점이전등기,0.3259,0.1081,GOOD
/업무사례/대전유성구상속등기법무사,/업무사례/전국공동근저당권등기,0.3257,0.0568,GOOD
/업무사례/경남상속등기비용,/업무사례/창원에서부산법인본점이전,0.3254,0.2778,GOOD
/업무사례/경북상속등기비용,/업무사례/부산에서울산법인본점이전,0.3254,0.343,GOOD
/업무사례/대구남구상속등기법무사,/업무사례/울산에서부산법인본점이전,0.3254,0.2029,GOOD
/업무사례/구미에서부산법인본점이전,/업무사례/대구만촌동상속등기,0.3253,0.2033,GOOD
/업무사례/경남비대면상속안내,/업무사례/부산김해양산공동근저당권,0.3252,0.096,GOOD
/업무사례/경남유증등기법무사,/업무사례/부산에서창원법인본점이전,0.3252,0.3391,GOOD
/업무사례/대구에서부산법인본점이전,/업무사례/울산중구상속등기법무사,0.3252,0.3165,GOOD
/업무사례/김해상속등기비용,/업무사례/양산상속포기한정승인,0.3251,0.0237,GOOD
/업무사례/부산거주김해부동산상속,/업무사례/창원법인등기법무사,0.3251,0.2514,GOOD
/업무사례/전국법인본점이전등기,/업무사례/전남상속등기법무사,0.3251,0.1174,GOOD
/업무사례/양산부동산등기법무사,/업무사례/양산에서부산법인본점이전,0.3246,0.2687,GOOD
/업무사례/경남공장공동근저당권,/업무사례/경북상속등기비용,0.3245,0.3317,GOOD
/업무사례/경남법무사업무,/업무사례/양산상속등기비용,0.3245,0.2189,GOOD
/업무사례/경남법무사업무,/업무사례/경남상속등기비용,0.3244,0.3301,GOOD
/업무사례/양산거주부산부동산상속,/업무사례/양산에서부산법인본점이전,0.3244,0.2849,GOOD
/업무사례/경남법무사업무,/업무사례/창원의창구상속등기법무사,0.3243,0.2932,GOOD
/업무사례/대구상속등기비용,/업무사례/부산울산공동근저당권,0.3243,0.2944,GOOD
/업무사례/대구상속등기비용,/업무사례/부산에서울산법인본점이전,0.3242,0.3208,GOOD
/업무사례/전국공동근저당권등기,/업무사례/제주시상속등기법무사,0.3242,0.0614,GOOD
/업무사례/경북농지상속등기,/업무사례/부산에서울산법인본점이전,0.3241,0.3286,GOOD
/업무사례/안동상속등기법무사,/업무사례/포항에서부산법인본점이전,0.324,0.2095,GOOD
/업무사례/경북농지상속등기,/업무사례/울산에서부산법인본점이전,0.3239,0.1962,GOOD
/업무사례/전국공동근저당권등기,/업무사례/전남상속등기법무사,0.3239,0.1048,GOOD
/업무사례/양산증여등기법무사,/업무사례/창원법인등기법무사,0.3238,0.2578,GOOD
/업무사례/김해에서부산법인본점이전,/업무사례/양산증여등기법무사,0.3237,0.1966,GOOD
/업무사례/강원상속등기법무사,/업무사례/전국업무사례,0.3236,0.0593,GOOD
/업무사례/경남법무사업무,/업무사례/양산거주부산부동산상속,0.3235,0.2244,GOOD
/업무사례/경남공장공동근저당권,/업무사례/대구현풍상속등기,0.3233,0.3175,GOOD
/업무사례/대구남구상속등기법무사,/업무사례/부산에서울산법인본점이전,0.3232,0.3175,GOOD
/업무사례/부산에서대구법인본점이전,/업무사례/울산중구상속등기법무사,0.3231,0.1792,GOOD
/업무사례/대구현풍상속등기,/업무사례/부산에서울산법인본점이전,0.3228,0.3349,GOOD
/업무사례/대구서구상속등기법무사,/업무사례/부산울산공동근저당권,0.3227,0.2161,GOOD
/업무사례/대구부산공동근저당권,/업무사례/울산달동상속등기,0.3225,0.277,GOOD
/업무사례/대구서구상속등기법무사,/업무사례/울산에서부산법인본점이전,0.3223,0.2343,GOOD
/업무사례/대구성서상속등기,/업무사례/부산김해양산공동근저당권,0.3223,0.2684,GOOD
/업무사례/경남법인등기법무사,/업무사례/부산거주양산부동산상속,0.3222,0.2404,GOOD
/업무사례/김해상속등기비용,/업무사례/부산에서창원법인본점이전,0.3222,0.32,GOOD
/업무사례/김해상속등기비용,/업무사례/통영상속포기한정승인,0.3222,0.1955,GOOD
/업무사례/경남공장공동근저당권,/업무사례/대구상속등기비용,0.3221,0.3095,GOOD
/업무사례/대구부산공동근저당권,/업무사례/울산삼산동상속등기,0.3221,0.2796,GOOD
/업무사례/경기광주상속등기법무사,/업무사례/전국업무사례,0.3219,0.0575,GOOD
/업무사례/대구만촌동상속등기,/업무사례/부산에서대구법인본점이전,0.3219,0.1902,GOOD
/업무사례/대구부산공동근저당권,/업무사례/포항상속포기한정승인,0.3219,0.0597,GOOD
/업무사례/대전상속등기법무사,/업무사례/전국업무사례,0.3219,0.0584,GOOD
/업무사례/양산증여등기법무사,/업무사례/창원에서부산법인본점이전,0.3219,0.2325,GOOD
/업무사례/경남법인등기법무사,/업무사례/양산증여등기법무사,0.3218,0.2311,GOOD
/업무사례/경북법인등기법무사,/업무사례/양산법인등기법무사,0.3217,0.2149,GOOD
/업무사례/거제상속포기법무사,/업무사례/양산거주부산부동산상속,0.3216,0.1747,GOOD
/업무사례/거제상속포기법무사,/업무사례/양산상속등기비용,0.3214,0.1794,GOOD
/업무사례/대구성서상속등기,/업무사례/통영상속포기한정승인,0.3214,0.1757,GOOD
/업무사례/울산토지상속등기,/업무사례/포항에서부산법인본점이전,0.3213,0.3287,GOOD
/업무사례/경남유증등기법무사,/업무사례/대구부산공동근저당권,0.3211,0.2902,GOOD
/업무사례/대구수성구상속등기법무사,/업무사례/타지역법무사의뢰,0.3211,0.0417,GOOD
/업무사례/거제상속포기법무사,/업무사례/김해상속등기필요서류,0.321,0.1581,GOOD
/업무사례/경남여러필지토지상속,/업무사례/부산에서창원법인본점이전,0.3209,0.3258,GOOD
/업무사례/고성군상속등기법무사,/업무사례/진주상속포기한정승인,0.3209,0.0739,GOOD
/업무사례/대구법무사업무,/업무사례/대구부산공동근저당권,0.3209,0.301,GOOD
/업무사례/대전유성구상속등기법무사,/업무사례/전국법인본점이전등기,0.3209,0.0517,GOOD
/업무사례/대구군위군상속등기법무사,/업무사례/부산에서울산법인본점이전,0.3208,0.2069,GOOD
/업무사례/경북상속등기비용,/업무사례/부산울산공동근저당권,0.3207,0.2972,GOOD
/업무사례/경남공장공동근저당권,/업무사례/대구서구상속등기법무사,0.3206,0.2308,GOOD
/업무사례/부산에서창원법인본점이전,/업무사례/창원상속등기필요서류,0.3206,0.2841,GOOD
/업무사례/거제상속포기법무사,/업무사례/경남법무사업무,0.3205,0.1362,GOOD
/업무사례/대구경북공동담보등기,/업무사례/울산삼산동상속등기,0.3205,0.2905,GOOD
/업무사례/부산에서양산법인본점이전,/업무사례/양산부동산등기법무사,0.3205,0.3015,GOOD
/업무사례/대구서구상속등기법무사,/업무사례/부산김해양산공동근저당권,0.3203,0.2292,GOOD
/업무사례/경남공장공동근저당권,/업무사례/울산상속등기비용,0.3201,0.335,GOOD
/업무사례/경북상속등기법무사,/업무사례/전국업무사례,0.3201,0.0586,GOOD
/업무사례/김해법인등기법무사,/업무사례/진주상속포기한정승인,0.3201,0.1004,GOOD
/업무사례/대구상인동상속등기,/업무사례/포항에서부산법인본점이전,0.32,0.287,GOOD
/업무사례/거제상속포기법무사,/업무사례/양산상속등기필요서류,0.3195,0.1818,GOOD
/업무사례/김해상속등기필요서류,/업무사례/통영상속포기한정승인,0.3195,0.1748,GOOD
/업무사례/경북농지상속등기,/업무사례/부산울산공동근저당권,0.3194,0.2837,GOOD
/업무사례/양산에서부산법인본점이전,/업무사례/창원의창구상속등기법무사,0.3194,0.3216,GOOD
/업무사례/울산상속등기필요서류,/업무사례/포항에서부산법인본점이전,0.3194,0.3412,GOOD
/업무사례/경남공장공동근저당권,/업무사례/양산법인등기법무사,0.3193,0.1844,GOOD
/업무사례/경남법무사업무,/업무사례/양산상속등기필요서류,0.3193,0.2222,GOOD
/업무사례/부산에서양산법인본점이전,/업무사례/양산상속등기비용,0.3192,0.2737,GOOD
/업무사례/양산상속등기비용,/업무사례/전북상속등기법무사,0.3192,0.0644,GOOD
/업무사례/거제상속포기법무사,/업무사례/창원성산구상속등기법무사,0.319,0.1719,GOOD
/업무사례/대구중구상속등기법무사,/업무사례/포항에서부산법인본점이전,0.319,0.3318,GOOD
/업무사례/대구현풍상속등기,/업무사례/울산에서부산법인본점이전,0.319,0.1981,GOOD
/업무사례/부산울산공동근저당권,/업무사례/영천상속등기법무사,0.319,0.1221,GOOD
/업무사례/양산에서부산법인본점이전,/업무사례/창원상속등기비용,0.319,0.2743,GOOD
/업무사례/경북상속등기법무사,/업무사례/전국법인본점이전등기,0.3188,0.1155,GOOD
/업무사례/부산에서김해법인본점이전,/업무사례/양산증여등기법무사,0.3187,0.2208,GOOD
/업무사례/울산매곡동상속등기,/업무사례/포항에서부산법인본점이전,0.3187,0.3028,GOOD
/업무사례/경북법인등기법무사,/업무사례/대구범어동상속등기,0.3186,0.2991,GOOD
/업무사례/대구남구상속등기법무사,/업무사례/부산울산공동근저당권,0.3186,0.285,GOOD
/업무사례/대구성서상속등기,/업무사례/전북상속등기법무사,0.3186,0.0638,GOOD
/업무사례/창원법인등기법무사,/업무사례/통영상속포기한정승인,0.3186,0.1956,GOOD
/업무사례/울산아파트상속등기,/업무사례/포항에서부산법인본점이전,0.3185,0.2765,GOOD
/업무사례/경남법무사업무,/업무사례/경남오래된상속등기,0.3184,0.2462,GOOD
/업무사례/경남법무사업무,/업무사례/울주범서상속등기,0.3183,0.3529,GOOD
/업무사례/부산에서양산법인본점이전,/업무사례/양산거주부산부동산상속,0.3183,0.2787,GOOD
/업무사례/경남유증등기법무사,/업무사례/대구경북공동담보등기,0.3182,0.2953,GOOD
/업무사례/대구성서상속등기,/업무사례/창원법인등기법무사,0.3181,0.2809,GOOD
/업무사례/대구현풍상속등기,/업무사례/부산울산공동근저당권,0.3181,0.2844,GOOD
/업무사례/타지역법무사의뢰,/업무사례/포항상속등기법무사,0.3181,0.1341,GOOD
/업무사례/경남법무사업무,/업무사례/울산아파트상속등기,0.318,0.2995,GOOD
/업무사례/양산상속등기필요서류,/업무사례/통영상속포기한정승인,0.318,0.2019,GOOD
/업무사례/울산유증등기법무사,/업무사례/포항에서부산법인본점이전,0.318,0.3239,GOOD
/업무사례/창원에서부산법인본점이전,/업무사례/통영상속포기한정승인,0.318,0.1867,GOOD
/업무사례/경북상속등기비용,/업무사례/울산에서부산법인본점이전,0.3179,0.2087,GOOD
/업무사례/대구상속등기비용,/업무사례/울산에서부산법인본점이전,0.3179,0.201,GOOD
/업무사례/경남법무사업무,/업무사례/김해거주부산부동산상속,0.3178,0.2673,GOOD
/업무사례/경남법무사업무,/업무사례/창원성산구상속등기법무사,0.3178,0.2423,GOOD
/업무사례/경남법무사업무,/업무사례/김해상속등기필요서류,0.3177,0.2972,GOOD
/업무사례/대구범어동상속등기,/업무사례/대구에서부산법인본점이전,0.3177,0.2768,GOOD
/업무사례/대구서구상속등기법무사,/업무사례/부산에서울산법인본점이전,0.3177,0.2189,GOOD
/업무사례/부산에서울산법인본점이전,/업무사례/영천상속등기법무사,0.3177,0.1165,GOOD
/업무사례/구미에서부산법인본점이전,/업무사례/대구범어동상속등기,0.3176,0.1745,GOOD
/업무사례/김해상속등기비용,/업무사례/대구경북공동담보등기,0.3176,0.2653,GOOD
/업무사례/울산법무사업무,/업무사례/포항에서부산법인본점이전,0.3176,0.2831,GOOD
/업무사례/김해법인등기법무사,/업무사례/김해상속등기비용,0.3173,0.3195,GOOD
/업무사례/경남공장공동근저당권,/업무사례/양산증여등기법무사,0.3172,0.2346,GOOD
/업무사례/경남공장공동근저당권,/업무사례/울산달동상속등기,0.3172,0.3268,GOOD
/업무사례/경남법무사업무,/업무사례/울산동구상속등기법무사,0.3171,0.2981,GOOD
/업무사례/김해상속등기필요서류,/업무사례/창원법인등기법무사,0.3171,0.3196,GOOD
/업무사례/거제상속포기법무사,/업무사례/김해거주부산부동산상속,0.317,0.1709,GOOD
/업무사례/김해법인등기법무사,/업무사례/양산상속등기비용,0.317,0.3114,GOOD
/업무사례/부산에서창원법인본점이전,/업무사례/양산부동산등기법무사,0.317,0.29,GOOD
/업무사례/전북상속등기법무사,/업무사례/칠곡상속등기법무사,0.317,0.0598,GOOD
/업무사례/구미에서부산법인본점이전,/업무사례/울산송정동상속등기,0.3169,0.233,GOOD
/업무사례/거제상속포기법무사,/업무사례/창원상속등기비용,0.3168,0.1802,GOOD
/업무사례/경남법무사업무,/업무사례/남해상속등기법무사,0.3168,0.1429,GOOD
/업무사례/김해상속등기비용,/업무사례/대구부산공동근저당권,0.3168,0.2602,GOOD
/업무사례/경남공장공동근저당권,/업무사례/울산송정동상속등기,0.3167,0.2172,GOOD
/업무사례/대구범어동상속등기,/업무사례/부산에서대구법인본점이전,0.3167,0.1636,GOOD
/업무사례/울주삼남상속등기,/업무사례/포항에서부산법인본점이전,0.3167,0.3009,GOOD
/업무사례/거제상속포기법무사,/업무사례/경남오래된상속등기,0.3165,0.1667,GOOD
/업무사례/김해거주부산부동산상속,/업무사례/통영상속포기한정승인,0.3165,0.1894,GOOD
/업무사례/대구부산공동근저당권,/업무사례/울주언양상속등기,0.3165,0.2731,GOOD
/업무사례/울산옥동상속등기,/업무사례/포항에서부산법인본점이전,0.3164,0.307,GOOD
/업무사례/울주범서상속등기,/업무사례/포항에서부산법인본점이전,0.3164,0.3148,GOOD
/업무사례/창원성산구상속등기법무사,/업무사례/통영상속포기한정승인,0.3164,0.1916,GOOD
/업무사례/부산에서울산법인본점이전,/업무사례/양산근저당말소,0.3162,0.2778,GOOD
/업무사례/경남법무사업무,/업무사례/울산북구상속등기법무사,0.3161,0.3209,GOOD
/업무사례/대구경북공동담보등기,/업무사례/울산달동상속등기,0.3161,0.2877,GOOD
/업무사례/부산거주김해부동산상속,/업무사례/부산에서양산법인본점이전,0.3161,0.2486,GOOD
/업무사례/양산법인등기법무사,/업무사례/울산에서부산법인본점이전,0.3161,0.2045,GOOD
/업무사례/경남여러필지토지상속,/업무사례/통영상속포기한정승인,0.3159,0.1806,GOOD
/업무사례/경남조부모명의토지상속,/업무사례/통영상속포기한정승인,0.3159,0.1855,GOOD
/업무사례/대구만촌동상속등기,/업무사례/울산에서부산법인본점이전,0.3159,0.1967,GOOD
/업무사례/경남법무사업무,/업무사례/대구서구상속등기법무사,0.3158,0.2222,GOOD
/업무사례/경산상속등기법무사,/업무사례/전국비대면법무사,0.3157,0.107,GOOD
/업무사례/경산상속등기법무사,/업무사례/전국업무사례,0.3157,0.0644,GOOD
/업무사례/대구다사상속등기,/업무사례/전북상속등기법무사,0.3157,0.053,GOOD
/업무사례/창원상속등기필요서류,/업무사례/통영상속포기한정승인,0.3157,0.2,GOOD
/업무사례/경남법무사업무,/업무사례/창원상속등기비용,0.3156,0.2079,GOOD
/업무사례/울주군상속등기법무사,/업무사례/전국업무사례,0.3156,0.0611,GOOD
/업무사례/경남유증등기법무사,/업무사례/통영상속포기한정승인,0.3155,0.1883,GOOD
/업무사례/경북법인등기법무사,/업무사례/울산송정동상속등기,0.3155,0.2118,GOOD
/업무사례/김해상속등기필요서류,/업무사례/창원에서부산법인본점이전,0.3153,0.2828,GOOD
/업무사례/부산에서양산법인본점이전,/업무사례/창원상속등기비용,0.3152,0.2682,GOOD
/업무사례/대구군위군상속등기법무사,/업무사례/통영상속포기한정승인,0.3151,0.1852,GOOD
/업무사례/부산김해양산공동근저당권,/업무사례/울산상속등기비용,0.3151,0.302,GOOD
/업무사례/부산울산공동근저당권,/업무사례/양산근저당말소,0.3151,0.2817,GOOD
/업무사례/울산동구상속등기법무사,/업무사례/포항에서부산법인본점이전,0.3151,0.287,GOOD
/업무사례/창원법인등기법무사,/업무사례/창원상속등기필요서류,0.3151,0.2931,GOOD
/업무사례/거제상속포기법무사,/업무사례/대구달성군상속등기법무사,0.315,0.1542,GOOD
/업무사례/대구경북공동담보등기,/업무사례/포항상속포기한정승인,0.315,0.0595,GOOD
/업무사례/경남상속등기비용,/업무사례/양산에서부산법인본점이전,0.3149,0.2908,GOOD
/업무사례/광주상속등기법무사,/업무사례/김해상속등기비용,0.3149,0.0596,GOOD
/업무사례/경북법인등기법무사,/업무사례/포항상속포기한정승인,0.3148,0.0664,GOOD
/업무사례/대구경북공동담보등기,/업무사례/울주언양상속등기,0.3148,0.2778,GOOD
/업무사례/대전유성구상속등기법무사,/업무사례/전국업무사례,0.3148,0.0538,GOOD
/업무사례/경북법인등기법무사,/업무사례/울산달동상속등기,0.3147,0.3317,GOOD
/업무사례/대구군위군상속등기법무사,/업무사례/울산에서부산법인본점이전,0.3146,0.2343,GOOD
/업무사례/울산공장상속등기,/업무사례/포항에서부산법인본점이전,0.3146,0.2658,GOOD
/업무사례/거제상속포기법무사,/업무사례/부산거주김해부동산상속,0.3145,0.1718,GOOD
/업무사례/경남조부모명의토지상속,/업무사례/부산에서울산법인본점이전,0.3145,0.2244,GOOD
/업무사례/양산상속등기비용,/업무사례/양산상속포기한정승인,0.3145,0.0241,GOOD
/전국공동담보등기,/전국법인본점이전등기,0.3145,0.1822,GOOD
/업무사례/경북법인등기법무사,/업무사례/울산삼산동상속등기,0.3144,0.3285,GOOD
/업무사례/경남유증등기법무사,/업무사례/부산울산공동근저당권,0.3143,0.2872,GOOD
/업무사례/거제상속포기법무사,/업무사례/경남상속등기비용,0.3142,0.1542,GOOD
/업무사례/김해상속등기비용,/업무사례/창원법인등기법무사,0.3142,0.3218,GOOD
/업무사례/거제상속포기법무사,/업무사례/창원의창구상속등기법무사,0.3141,0.1674,GOOD
/업무사례/경남공장공동근저당권,/업무사례/대구군위군상속등기법무사,0.3141,0.2183,GOOD
/업무사례/경북법인등기법무사,/업무사례/울산상속등기비용,0.3141,0.3268,GOOD
/업무사례/경기광주상속등기법무사,/업무사례/전국법인본점이전등기,0.3139,0.0714,GOOD
/업무사례/경남유증등기법무사,/업무사례/울산에서부산법인본점이전,0.3139,0.25,GOOD
/업무사례/부산에서울산법인본점이전,/업무사례/양산개인회생법무사,0.3139,0.2685,GOOD
/업무사례/경남법무사업무,/업무사례/대구동구상속등기법무사,0.3138,0.3268,GOOD
/업무사례/구미에서부산법인본점이전,/업무사례/울산달동상속등기,0.3138,0.2039,GOOD
/업무사례/대구군위군상속등기법무사,/업무사례/부산울산공동근저당권,0.3138,0.204,GOOD
/업무사례/대구현풍상속등기,/업무사례/통영상속포기한정승인,0.3137,0.1529,GOOD
/업무사례/경남공장공동근저당권,/업무사례/울주언양상속등기,0.3136,0.3158,GOOD
/업무사례/대구부산공동근저당권,/업무사례/양산개인회생법무사,0.3136,0.281,GOOD
/업무사례/창원법인등기법무사,/업무사례/창원성산구상속등기법무사,0.3136,0.2686,GOOD
/업무사례/경남조부모명의토지상속,/업무사례/창원에서부산법인본점이전,0.3135,0.2611,GOOD
/업무사례/경북농지상속등기,/업무사례/부산김해양산공동근저당권,0.3134,0.2796,GOOD
/업무사례/김해법인등기법무사,/업무사례/창원상속등기필요서류,0.3134,0.3054,GOOD
/업무사례/경남법무사업무,/업무사례/대구성서상속등기,0.3133,0.2798,GOOD
/업무사례/경남법무사업무,/업무사례/부산거주양산부동산상속,0.3133,0.2184,GOOD
/업무사례/부산에서양산법인본점이전,/업무사례/창원의창구상속등기법무사,0.3133,0.3143,GOOD
/업무사례/부산에서울산법인본점이전,/업무사례/양산신축건물보존등기,0.3133,0.2601,GOOD
/업무사례/울산송정동상속등기,/업무사례/통영상속포기한정승인,0.3133,0.1898,GOOD
/업무사례/창원상속등기필요서류,/업무사례/창원에서부산법인본점이전,0.3133,0.289,GOOD
/업무사례/경남오래된상속등기,/업무사례/대구부산공동근저당권,0.3132,0.2424,GOOD
/업무사례/경남유증등기법무사,/업무사례/김해법인등기법무사,0.3131,0.3235,GOOD
/업무사례/진주상속포기한정승인,/업무사례/창원상속등기비용,0.3131,0.0882,GOOD
/업무사례/경남조부모명의토지상속,/업무사례/창원법인등기법무사,0.3129,0.2652,GOOD
/업무사례/전국업무사례,/업무사례/제주시상속등기법무사,0.3127,0.0586,GOOD
/업무사례/구미에서부산법인본점이전,/업무사례/울주언양상속등기,0.3126,0.201,GOOD
/업무사례/부산에서김해법인본점이전,/업무사례/진주상속포기한정승인,0.3126,0.0803,GOOD
/업무사례/전국공동근저당권등기,/업무사례/충북상속등기법무사,0.3126,0.1036,GOOD
/업무사례/대구서구상속등기법무사,/업무사례/통영상속포기한정승인,0.3125,0.1852,GOOD
/업무사례/대구성서상속등기,/업무사례/창원에서부산법인본점이전,0.3125,0.2768,GOOD
/업무사례/경남여러필지토지상속,/업무사례/김해법인등기법무사,0.3124,0.3103,GOOD
/업무사례/경남유증등기법무사,/업무사례/창원법인등기법무사,0.3124,0.3488,GOOD
/업무사례/대구만촌동상속등기,/업무사례/부산에서울산법인본점이전,0.3124,0.1981,GOOD
/업무사례/경남법무사업무,/업무사례/울주삼남상속등기,0.3123,0.3062,GOOD
/업무사례/구미에서부산법인본점이전,/업무사례/울산삼산동상속등기,0.3123,0.2,GOOD
/업무사례/양산상속등기비용,/업무사례/인천상속등기법무사,0.3123,0.0568,GOOD
/업무사례/대구현풍상속등기,/업무사례/부산김해양산공동근저당권,0.3122,0.2864,GOOD
/업무사례/경남법무사업무,/업무사례/대구북구상속등기법무사,0.3121,0.2222,GOOD
/업무사례/부산에서울산법인본점이전,/업무사례/양산건물멸실등기,0.3121,0.2511,GOOD
/업무사례/경남법무사업무,/업무사례/울산옥동상속등기,0.312,0.3252,GOOD
/업무사례/대구남구상속등기법무사,/업무사례/창원법인등기법무사,0.312,0.2929,GOOD
/업무사례/경남조부모명의토지상속,/업무사례/울산에서부산법인본점이전,0.3119,0.2472,GOOD
/업무사례/대구경북공동담보등기,/업무사례/양산개인회생법무사,0.3119,0.2736,GOOD
/업무사례/경남공장공동근저당권,/업무사례/대구만촌동상속등기,0.3118,0.209,GOOD
/업무사례/경남법무사업무,/업무사례/대구유증등기법무사,0.3118,0.2831,GOOD
/업무사례/경남오래된상속등기,/업무사례/대구경북공동담보등기,0.3117,0.2475,GOOD
/업무사례/경북농지상속등기,/업무사례/통영상속포기한정승인,0.3117,0.1554,GOOD
/업무사례/경북법인등기법무사,/업무사례/양산개인회생법무사,0.3117,0.2804,GOOD
/업무사례/부산거주김해부동산상속,/업무사례/양산에서부산법인본점이전,0.3117,0.2611,GOOD
/업무사례/부산김해양산공동근저당권,/업무사례/울산송정동상속등기,0.3117,0.2154,GOOD
/업무사례/경남법무사업무,/업무사례/울산삼산동상속등기,0.3116,0.314,GOOD
/업무사례/울산북구상속등기법무사,/업무사례/포항에서부산법인본점이전,0.3116,0.3333,GOOD
/업무사례/거제상속포기법무사,/업무사례/부산거주양산부동산상속,0.3115,0.1696,GOOD
/업무사례/경남공장공동근저당권,/업무사례/대구북구상속등기법무사,0.3115,0.2308,GOOD
/업무사례/경남법무사업무,/업무사례/대구시지상속등기,0.3115,0.2449,GOOD
/업무사례/경남법무사업무,/업무사례/울산중구상속등기법무사,0.3115,0.3143,GOOD
/업무사례/대구만촌동상속등기,/업무사례/부산울산공동근저당권,0.3115,0.201,GOOD
/업무사례/대구북구상속등기법무사,/업무사례/전북상속등기법무사,0.3115,0.0652,GOOD
/업무사례/부산울산공동근저당권,/업무사례/울산법무사업무,0.3115,0.2877,GOOD
/업무사례/전국상속부동산일괄등기,/업무사례/타지역법무사의뢰,0.3115,0.0646,GOOD
/업무사례/경남법무사업무,/업무사례/울산상속등기비용,0.3114,0.3122,GOOD
/업무사례/대구남구상속등기법무사,/업무사례/부산김해양산공동근저당권,0.3114,0.2871,GOOD
/업무사례/부산에서울산법인본점이전,/업무사례/양산법인등기법무사,0.3114,0.176,GOOD
/업무사례/양산상속등기비용,/업무사례/진주상속포기한정승인,0.3114,0.0879,GOOD
/업무사례/김해법인등기법무사,/업무사례/양산거주부산부동산상속,0.3113,0.3006,GOOD
/업무사례/대구범어동상속등기,/업무사례/부산울산공동근저당권,0.3113,0.2615,GOOD
/업무사례/칠곡상속등기법무사,/업무사례/통영상속포기한정승인,0.3113,0.1935,GOOD
/업무사례/거제상속포기법무사,/업무사례/울산옥동상속등기,0.3112,0.1502,GOOD
/업무사례/김해상속등기비용,/업무사례/창원에서부산법인본점이전,0.3112,0.3179,GOOD
/업무사례/광주상속등기법무사,/업무사례/대구성서상속등기,0.311,0.0601,GOOD
/업무사례/대구남구상속등기법무사,/업무사례/통영상속포기한정승인,0.311,0.1606,GOOD
/업무사례/대구달성군상속등기법무사,/업무사례/전북상속등기법무사,0.311,0.0613,GOOD
/업무사례/대구에서부산법인본점이전,/업무사례/울산송정동상속등기,0.311,0.1925,GOOD
/업무사례/부산거주양산부동산상속,/업무사례/양산상속포기한정승인,0.311,0.0357,GOOD
/업무사례/부산거주양산부동산상속,/업무사례/통영상속포기한정승인,0.311,0.1883,GOOD
/업무사례/경남법무사업무,/업무사례/양산상속포기한정승인,0.3109,0.029,GOOD
/업무사례/부산에서대구법인본점이전,/업무사례/포항상속포기한정승인,0.3109,0.0612,GOOD
/업무사례/거제상속포기법무사,/업무사례/칠곡상속등기법무사,0.3108,0.1741,GOOD
/업무사례/경남법무사업무,/업무사례/대구현풍상속등기,0.3108,0.3208,GOOD
/업무사례/구미에서부산법인본점이전,/업무사례/울산상속등기비용,0.3108,0.203,GOOD
/업무사례/김해상속등기비용,/업무사례/울산에서부산법인본점이전,0.3108,0.2389,GOOD
/업무사례/대구부산공동근저당권,/업무사례/양산근저당말소,0.3108,0.2783,GOOD
/업무사례/대구북구상속등기법무사,/업무사례/통영상속포기한정승인,0.3108,0.1907,GOOD
/업무사례/부산김해양산공동근저당권,/업무사례/양산증여등기법무사,0.3108,0.2282,GOOD
/업무사례/양산상속등기필요서류,/업무사례/울산에서부산법인본점이전,0.3108,0.2558,GOOD
/업무사례/울산송정동상속등기,/업무사례/전북상속등기법무사,0.3108,0.0603,GOOD
/업무사례/김해상속등기비용,/업무사례/인천상속등기법무사,0.3107,0.0558,GOOD
/업무사례/김해상속등기비용,/업무사례/진주상속포기한정승인,0.3107,0.0864,GOOD
/업무사례/대구상속등기비용,/업무사례/통영상속포기한정승인,0.3107,0.1548,GOOD
/업무사례/경남법무사업무,/업무사례/대구달성군상속등기법무사,0.3106,0.3237,GOOD
/업무사례/경남여러필지토지상속,/업무사례/창원법인등기법무사,0.3106,0.3277,GOOD
/업무사례/대구만촌동상속등기,/업무사례/전북상속등기법무사,0.3106,0.0508,GOOD
/업무사례/경남공장공동근저당권,/업무사례/경북상속등기필요서류,0.3105,0.3092,GOOD
/업무사례/광주상속등기법무사,/업무사례/대구서구상속등기법무사,0.3105,0.0661,GOOD
/업무사례/김해법인등기법무사,/업무사례/창원상속등기비용,0.3105,0.2976,GOOD
/업무사례/대구부산공동근저당권,/업무사례/창원의창구상속등기법무사,0.3104,0.276,GOOD
/업무사례/양산신축건물보존등기,/업무사례/울산에서부산법인본점이전,0.3104,0.1887,GOOD
/업무사례/김해거주부산부동산상속,/업무사례/대구부산공동근저당권,0.3103,0.2828,GOOD
/업무사례/대구성서상속등기,/업무사례/세종상속등기법무사,0.3103,0.0586,GOOD
/업무사례/대구에서부산법인본점이전,/업무사례/울산달동상속등기,0.3103,0.2955,GOOD
/업무사례/대구에서부산법인본점이전,/업무사례/울주언양상속등기,0.3103,0.2915,GOOD
/업무사례/경남법무사업무,/업무사례/대구다사상속등기,0.3102,0.3158,GOOD
/업무사례/경남법무사업무,/업무사례/부산거주김해부동산상속,0.3102,0.1923,GOOD
/업무사례/대구현풍상속등기,/업무사례/전북상속등기법무사,0.3102,0.056,GOOD
/업무사례/양산신축건물보존등기,/업무사례/양산증여등기법무사,0.3102,0.2439,GOOD
/업무사례/울주군상속포기한정승인,/업무사례/포항에서부산법인본점이전,0.3102,0.1797,GOOD
/업무사례/김해상속등기비용,/업무사례/부산울산공동근저당권,0.3101,0.2704,GOOD
/업무사례/경남법무사업무,/업무사례/울산토지상속등기,0.31,0.3099,GOOD
/업무사례/경북법인등기법무사,/업무사례/울주언양상속등기,0.31,0.3208,GOOD
/업무사례/경북상속등기비용,/업무사례/부산김해양산공동근저당권,0.31,0.2933,GOOD
/업무사례/대구경북공동담보등기,/업무사례/창원의창구상속등기법무사,0.31,0.2813,GOOD
/업무사례/대구수성구상속등기법무사,/업무사례/전국비대면법무사,0.31,0.0496,GOOD
/업무사례/부산에서울산법인본점이전,/업무사례/양산부동산등기법무사,0.31,0.2624,GOOD
/업무사례/양산에서부산법인본점이전,/업무사례/양산증여등기법무사,0.31,0.2379,GOOD
/업무사례/전북상속등기법무사,/업무사례/창원성산구상속등기법무사,0.31,0.0655,GOOD
/업무사례/경남오래된상속등기,/업무사례/통영상속포기한정승인,0.3099,0.1855,GOOD
/업무사례/부산에서대구법인본점이전,/업무사례/울산송정동상속등기,0.3099,0.2123,GOOD
/업무사례/울산송정동상속등기,/업무사례/창원법인등기법무사,0.3099,0.2444,GOOD
/업무사례/경북법인등기법무사,/업무사례/양산신축건물보존등기,0.3098,0.2658,GOOD
/업무사례/경남유증등기법무사,/업무사례/경북법인등기법무사,0.3097,0.3093,GOOD
/업무사례/대구에서부산법인본점이전,/업무사례/울산상속등기비용,0.3097,0.2963,GOOD
/업무사례/영천상속등기법무사,/업무사례/울산에서부산법인본점이전,0.3097,0.1308,GOOD
/업무사례/울산달동상속등기,/업무사례/통영상속포기한정승인,0.3097,0.166,GOOD
/업무사례/구미에서부산법인본점이전,/업무사례/포항상속포기한정승인,0.3096,0.0612,GOOD
/업무사례/대구에서부산법인본점이전,/업무사례/양산법인등기법무사,0.3096,0.1527,GOOD
/업무사례/양산근저당말소,/업무사례/울산에서부산법인본점이전,0.3096,0.1932,GOOD
/업무사례/울주언양상속등기,/업무사례/통영상속포기한정승인,0.3096,0.164,GOOD
/업무사례/김해상속등기비용,/업무사례/전북상속등기법무사,0.3095,0.0544,GOOD
/업무사례/양산개인회생법무사,/업무사례/포항에서부산법인본점이전,0.3095,0.2568,GOOD
/업무사례/전국업무사례,/업무사례/포항상속등기법무사,0.3095,0.0604,GOOD
/업무사례/김해거주부산부동산상속,/업무사례/양산상속포기한정승인,0.3094,0.035,GOOD
/업무사례/창원성산구상속등기법무사,/업무사례/창원에서부산법인본점이전,0.3094,0.2644,GOOD
/업무사례/김해에서부산법인본점이전,/업무사례/진주상속포기한정승인,0.3093,0.081,GOOD
/업무사례/양산상속포기한정승인,/업무사례/창원성산구상속등기법무사,0.3093,0.0329,GOOD
/업무사례/경남법무사업무,/업무사례/대구중구상속등기법무사,0.3092,0.319,GOOD
/업무사례/대구경북공동담보등기,/업무사례/대구법무사업무,0.3092,0.2749,GOOD
/업무사례/대구경북공동담보등기,/업무사례/양산상속등기필요서류,0.3092,0.2423,GOOD
/업무사례/대구부산공동근저당권,/업무사례/양산건물멸실등기,0.3092,0.2622,GOOD
/업무사례/거제상속포기법무사,/업무사례/경북농지상속등기,0.3091,0.1395,GOOD
/업무사례/경주오래된토지상속등기,/업무사례/대구부산공동근저당권,0.3091,0.1406,GOOD
/업무사례/대구부산공동근저당권,/업무사례/양산신축건물보존등기,0.3091,0.2719,GOOD
/업무사례/대구현풍상속등기,/업무사례/창원법인등기법무사,0.3091,0.2794,GOOD
/업무사례/양산건물멸실등기,/업무사례/양산증여등기법무사,0.3091,0.2362,GOOD
/업무사례/김해법인등기법무사,/업무사례/대구성서상속등기,0.309,0.2701,GOOD
/업무사례/대구다사상속등기,/업무사례/통영상속포기한정승인,0.309,0.156,GOOD
/업무사례/경남법무사업무,/업무사례/울산매곡동상속등기,0.3089,0.3081,GOOD
/업무사례/김해상속등기필요서류,/업무사례/전북상속등기법무사,0.3089,0.053,GOOD
/업무사례/경남조부모명의토지상속,/업무사례/김해법인등기법무사,0.3088,0.2832,GOOD
/업무사례/대구상속등기비용,/업무사례/부산김해양산공동근저당권,0.3088,0.2783,GOOD
/업무사례/양산거주부산부동산상속,/업무사례/양산상속포기한정승인,0.3088,0.0357,GOOD
/업무사례/울산중구상속등기법무사,/업무사례/포항에서부산법인본점이전,0.3088,0.3396,GOOD
/업무사례/경남공장공동근저당권,/업무사례/울산삼산동상속등기,0.3087,0.3171,GOOD
/업무사례/경남여러필지토지상속,/업무사례/진주상속포기한정승인,0.3087,0.076,GOOD
/업무사례/경남여러필지토지상속,/업무사례/창원에서부산법인본점이전,0.3087,0.3164,GOOD
/업무사례/경북농지상속등기,/업무사례/광주상속등기법무사,0.3087,0.0494,GOOD
/업무사례/대구성서상속등기,/업무사례/인천상속등기법무사,0.3087,0.0655,GOOD
/업무사례/부산에서대구법인본점이전,/업무사례/울산상속등기비용,0.3087,0.1912,GOOD
/업무사례/양산상속등기필요서류,/업무사례/창원에서부산법인본점이전,0.3087,0.2849,GOOD
/업무사례/경남조부모명의토지상속,/업무사례/진주상속포기한정승인,0.3086,0.0779,GOOD
/업무사례/세종상속등기법무사,/업무사례/창원상속등기비용,0.3086,0.0593,GOOD
/업무사례/김해법인등기법무사,/업무사례/창원의창구상속등기법무사,0.3085,0.2924,GOOD
/업무사례/양산거주부산부동산상속,/업무사례/울산에서부산법인본점이전,0.3085,0.2363,GOOD
/업무사례/경남공장공동근저당권,/업무사례/대구상속등기필요서류,0.3084,0.3048,GOOD
/업무사례/대구부산공동근저당권,/업무사례/양산상속등기필요서류,0.3084,0.2308,GOOD
/업무사례/양산개인회생법무사,/업무사례/양산증여등기법무사,0.3084,0.2563,GOOD
/업무사례/양산상속등기필요서류,/업무사례/전북상속등기법무사,0.3084,0.0606,GOOD
/업무사례/경남법무사업무,/업무사례/대구상속등기필요서류,0.3083,0.2897,GOOD
/업무사례/김해상속등기비용,/업무사례/전남상속등기법무사,0.3083,0.0551,GOOD
/업무사례/대전서구상속등기법무사,/업무사례/전국공동근저당권등기,0.3083,0.0962,GOOD
/업무사례/경남공장공동근저당권,/업무사례/대구다사상속등기,0.3082,0.3188,GOOD
/업무사례/경남유증등기법무사,/업무사례/진주상속포기한정승인,0.3082,0.0813,GOOD
/업무사례/경남유증등기법무사,/업무사례/창원에서부산법인본점이전,0.3082,0.3295,GOOD
/업무사례/거제상속포기법무사,/업무사례/울산동구상속등기법무사,0.3081,0.1566,GOOD
/업무사례/대구달서구상속등기법무사,/업무사례/전국법인본점이전등기,0.3081,0.0578,GOOD
/업무사례/부산에서대구법인본점이전,/업무사례/양산근저당말소,0.3081,0.1875,GOOD
/업무사례/경남유증등기법무사,/업무사례/부산에서울산법인본점이전,0.308,0.2893,GOOD
/업무사례/경북농지상속등기,/업무사례/창원법인등기법무사,0.308,0.285,GOOD
/업무사례/울산달동상속등기,/업무사례/창원법인등기법무사,0.308,0.301,GOOD
/업무사례/울주군상속등기법무사,/업무사례/전국법인본점이전등기,0.308,0.0954,GOOD
/업무사례/김해에서부산법인본점이전,/업무사례/양산상속등기비용,0.3079,0.2743,GOOD
/업무사례/부산거주김해부동산상속,/업무사례/진주상속포기한정승인,0.3079,0.0823,GOOD
/업무사례/부산에서울산법인본점이전,/업무사례/울산법무사업무,0.3079,0.3019,GOOD
/업무사례/경남법무사업무,/업무사례/경북농지상속등기,0.3078,0.3206,GOOD
/업무사례/경남법무사업무,/업무사례/울주언양상속등기,0.3078,0.3066,GOOD
/업무사례/경남상속등기비용,/업무사례/부산에서양산법인본점이전,0.3078,0.3179,GOOD
/업무사례/경북법인등기법무사,/업무사례/양산부동산등기법무사,0.3078,0.2798,GOOD
/업무사례/김해상속등기필요서류,/업무사례/울산에서부산법인본점이전,0.3078,0.2146,GOOD
/업무사례/세종상속등기법무사,/업무사례/칠곡상속등기법무사,0.3078,0.0546,GOOD
/업무사례/전국법인본점이전등기,/업무사례/제주시상속등기법무사,0.3078,0.0563,GOOD
/업무사례/전북상속등기법무사,/업무사례/창원상속등기비용,0.3078,0.0511,GOOD
/업무사례/김해상속등기비용,/업무사례/충남상속등기법무사,0.3077,0.0549,GOOD
/업무사례/대구군위군상속등기법무사,/업무사례/전북상속등기법무사,0.3077,0.0652,GOOD
/업무사례/대구북구상속등기법무사,/업무사례/부산김해양산공동근저당권,0.3077,0.2292,GOOD
/업무사례/부산울산공동근저당권,/업무사례/양산개인회생법무사,0.3077,0.2723,GOOD
/업무사례/경남법인등기법무사,/업무사례/진주상속포기한정승인,0.3076,0.0764,GOOD
/업무사례/경북법인등기법무사,/업무사례/양산근저당말소,0.3076,0.2837,GOOD
/업무사례/광주상속등기법무사,/업무사례/양산상속등기비용,0.3076,0.0606,GOOD
/업무사례/부산에서대구법인본점이전,/업무사례/양산신축건물보존등기,0.3076,0.1831,GOOD
/업무사례/사천상속등기법무사,/업무사례/진주상속포기한정승인,0.3076,0.0709,GOOD
/업무사례/거제상속포기법무사,/업무사례/부산에서창원법인본점이전,0.3075,0.166,GOOD
/업무사례/경남여러필지토지상속,/업무사례/전북상속등기법무사,0.3075,0.0533,GOOD
/업무사례/광주상속등기법무사,/업무사례/대구달성군상속등기법무사,0.3075,0.0579,GOOD
/업무사례/대구에서부산법인본점이전,/업무사례/포항상속포기한정승인,0.3075,0.0532,GOOD
/업무사례/거제상속포기법무사,/업무사례/대구다사상속등기,0.3074,0.1401,GOOD
/업무사례/경남여러필지토지상속,/업무사례/부산에서울산법인본점이전,0.3074,0.2786,GOOD
/업무사례/경남오래된상속등기,/업무사례/울산에서부산법인본점이전,0.3074,0.2472,GOOD
/업무사례/울주군상속등기법무사,/업무사례/전국공동근저당권등기,0.3074,0.1004,GOOD
/업무사례/거제상속포기법무사,/업무사례/대구성서상속등기,0.3073,0.1572,GOOD
/업무사례/거제상속포기법무사,/업무사례/대구아파트상속등기,0.3073,0.1429,GOOD
/업무사례/경남법무사업무,/업무사례/울산상속등기필요서류,0.3073,0.2911,GOOD
/업무사례/경남여러필지토지상속,/업무사례/울산에서부산법인본점이전,0.3073,0.2391,GOOD
/업무사례/경북법인등기법무사,/업무사례/양산건물멸실등기,0.3073,0.2565,GOOD
/업무사례/김해상속등기필요서류,/업무사례/양산상속포기한정승인,0.3073,0.0215,GOOD
/업무사례/대구북구상속등기법무사,/업무사례/세종상속등기법무사,0.3073,0.0644,GOOD
/업무사례/거제상속포기법무사,/업무사례/대구북구상속등기법무사,0.3072,0.1659,GOOD
/업무사례/양산개인회생법무사,/업무사례/울산에서부산법인본점이전,0.3072,0.1951,GOOD
/업무사례/경남법무사업무,/업무사례/경북상속등기필요서류,0.3071,0.2877,GOOD
/업무사례/경남조부모명의토지상속,/업무사례/김해에서부산법인본점이전,0.3071,0.2626,GOOD
/업무사례/경남조부모명의토지상속,/업무사례/대구부산공동근저당권,0.3071,0.2239,GOOD
/업무사례/대구토지상속등기,/업무사례/전북상속등기법무사,0.3071,0.0465,GOOD
/업무사례/부산에서대구법인본점이전,/업무사례/양산개인회생법무사,0.307,0.1893,GOOD
/업무사례/양산상속등기비용,/업무사례/전남상속등기법무사,0.307,0.056,GOOD
/업무사례/경남여러필지토지상속,/업무사례/대구경북공동담보등기,0.3069,0.2843,GOOD
/업무사례/광주상속등기법무사,/업무사례/양산거주부산부동산상속,0.3069,0.0502,GOOD
/업무사례/광주상속등기법무사,/업무사례/양산상속등기필요서류,0.3069,0.0614,GOOD
/업무사례/부산에서대구법인본점이전,/업무사례/울산달동상속등기,0.3069,0.181,GOOD
/업무사례/부산에서대구법인본점이전,/업무사례/울주언양상속등기,0.3069,0.1784,GOOD
/업무사례/경남공장공동근저당권,/업무사례/통영상속포기한정승인,0.3068,0.1673,GOOD
/업무사례/경남법무사업무,/업무사례/경북상속등기비용,0.3068,0.3033,GOOD
/업무사례/경남법무사업무,/업무사례/울산달동상속등기,0.3068,0.3173,GOOD
/업무사례/경남조부모명의토지상속,/업무사례/구미에서부산법인본점이전,0.3068,0.2472,GOOD
/업무사례/김해거주부산부동산상속,/업무사례/울산에서부산법인본점이전,0.3068,0.2366,GOOD
/업무사례/김해상속등기필요서류,/업무사례/부산에서울산법인본점이전,0.3068,0.3495,GOOD
/업무사례/대구군위군상속등기법무사,/업무사례/부산김해양산공동근저당권,0.3068,0.2165,GOOD
/업무사례/경남오래된상속등기,/업무사례/부산울산공동근저당권,0.3067,0.24,GOOD
/업무사례/경북상속등기비용,/업무사례/통영상속포기한정승인,0.3067,0.156,GOOD
/업무사례/거제상속포기법무사,/업무사례/대구상속등기필요서류,0.3066,0.1395,GOOD
/업무사례/대구경북공동담보등기,/업무사례/양산근저당말소,0.3066,0.271,GOOD
/업무사례/부산에서대구법인본점이전,/업무사례/울산삼산동상속등기,0.3066,0.1827,GOOD
/업무사례/경남조부모명의토지상속,/업무사례/부산울산공동근저당권,0.3065,0.2217,GOOD
/업무사례/경북임야상속등기,/업무사례/전북상속등기법무사,0.3065,0.0542,GOOD
/업무사례/경주오래된토지상속등기,/업무사례/대구경북공동담보등기,0.3065,0.1401,GOOD
/업무사례/김해거주부산부동산상속,/업무사례/창원법인등기법무사,0.3065,0.3466,GOOD
/업무사례/부산거주양산부동산상속,/업무사례/부산에서울산법인본점이전,0.3065,0.2451,GOOD
/업무사례/진주상속포기한정승인,/업무사례/창원상속등기필요서류,0.3065,0.0882,GOOD
/업무사례/광주상속등기법무사,/업무사례/김해상속등기필요서류,0.3064,0.0536,GOOD
/업무사례/대구상속등기비용,/업무사례/전북상속등기법무사,0.3064,0.0487,GOOD
/업무사례/양산상속등기비용,/업무사례/충남상속등기법무사,0.3064,0.0558,GOOD
/업무사례/경남공장공동근저당권,/업무사례/대구달성군상속등기법무사,0.3063,0.3268,GOOD
/업무사례/경남법무사업무,/업무사례/울산송정동상속등기,0.3063,0.215,GOOD
/업무사례/경북농지상속등기,/업무사례/전북상속등기법무사,0.3063,0.0489,GOOD
/업무사례/광주상속등기법무사,/업무사례/창원상속등기비용,0.3063,0.0609,GOOD
/업무사례/대구달성군상속등기법무사,/업무사례/인천상속등기법무사,0.3063,0.0627,GOOD
/업무사례/대구달성군상속등기법무사,/업무사례/통영상속포기한정승인,0.3063,0.1707,GOOD
/업무사례/울산삼산동상속등기,/업무사례/통영상속포기한정승인,0.3063,0.1673,GOOD
/업무사례/경남공장공동근저당권,/업무사례/경북토지상속등기,0.3062,0.3113,GOOD
/업무사례/남해상속등기법무사,/업무사례/통영상속포기한정승인,0.3062,0.1571,GOOD
/업무사례/대구유증등기법무사,/업무사례/부산김해양산공동근저당권,0.3062,0.2911,GOOD
/업무사례/대구동구상속등기법무사,/업무사례/전북상속등기법무사,0.3061,0.0618,GOOD
/업무사례/경남법무사업무,/업무사례/대구아파트상속등기,0.306,0.2857,GOOD
/업무사례/경남법인등기법무사,/업무사례/경남유증등기법무사,0.306,0.3368,GOOD
/업무사례/광주상속등기법무사,/업무사례/대구아파트상속등기,0.306,0.0465,GOOD
/업무사례/김해에서부산법인본점이전,/업무사례/양산거주부산부동산상속,0.306,0.2722,GOOD
/업무사례/대구달성군상속등기법무사,/업무사례/전남상속등기법무사,0.306,0.062,GOOD
/업무사례/대구부산공동근저당권,/업무사례/양산거주부산부동산상속,0.306,0.2327,GOOD
/업무사례/광주상속등기법무사,/업무사례/대구북구상속등기법무사,0.3059,0.0661,GOOD
/업무사례/구미에서부산법인본점이전,/업무사례/양산법인등기법무사,0.3059,0.1778,GOOD
/업무사례/김해거주부산부동산상속,/업무사례/창원에서부산법인본점이전,0.3059,0.3128,GOOD
/업무사례/남해상속등기법무사,/업무사례/부산김해양산공동근저당권,0.3059,0.151,GOOD
/업무사례/대구부산공동근저당권,/업무사례/안동오래된토지상속등기,0.3059,0.1289,GOOD
/업무사례/대구부산공동근저당권,/업무사례/양산부동산등기법무사,0.3059,0.2804,GOOD
/업무사례/부산울산공동근저당권,/업무사례/양산건물멸실등기,0.3059,0.2544,GOOD
/업무사례/세종상속등기법무사,/업무사례/양산상속등기비용,0.3059,0.0591,GOOD
/업무사례/거제상속포기법무사,/업무사례/대구동구상속등기법무사,0.3058,0.1462,GOOD
/업무사례/거제상속포기법무사,/업무사례/대구서구상속등기법무사,0.3058,0.1659,GOOD
/업무사례/거제상속포기법무사,/업무사례/울산아파트상속등기,0.3058,0.1526,GOOD
/업무사례/경남공장공동근저당권,/업무사례/경북조부모명의토지상속,0.3058,0.3077,GOOD
/업무사례/경남상속등기비용,/업무사례/포항에서부산법인본점이전,0.3058,0.3178,GOOD
/업무사례/경남조부모명의토지상속,/업무사례/부산에서김해법인본점이전,0.3058,0.2597,GOOD
/업무사례/대구시지상속등기,/업무사례/부산김해양산공동근저당권,0.3058,0.2461,GOOD
/업무사례/양산거주부산부동산상속,/업무사례/포항에서부산법인본점이전,0.3058,0.216,GOOD
/업무사례/양산상속등기필요서류,/업무사례/창원법인등기법무사,0.3058,0.289,GOOD
/업무사례/경남공장공동근저당권,/업무사례/경북임야상속등기,0.3057,0.2338,GOOD
/업무사례/경남공장공동근저당권,/업무사례/울산토지상속등기,0.3057,0.3382,GOOD
/업무사례/경남여러필지토지상속,/업무사례/구미에서부산법인본점이전,0.3057,0.2391,GOOD
/업무사례/경북법인등기법무사,/업무사례/대구법무사업무,0.3057,0.2938,GOOD
/업무사례/광주상속등기법무사,/업무사례/대구현풍상속등기,0.3057,0.0526,GOOD
/업무사례/부산울산공동근저당권,/업무사례/양산신축건물보존등기,0.3057,0.2636,GOOD
/업무사례/양산거주부산부동산상속,/업무사례/진주상속포기한정승인,0.3057,0.0857,GOOD
/업무사례/경주오래된토지상속등기,/업무사례/부산에서대구법인본점이전,0.3056,0.1502,GOOD
/업무사례/광주상속등기법무사,/업무사례/김해거주부산부동산상속,0.3056,0.0492,GOOD
/업무사례/부산거주양산부동산상속,/업무사례/부산울산공동근저당권,0.3056,0.2488,GOOD
/업무사례/경남여러필지토지상속,/업무사례/경북법인등기법무사,0.3055,0.2915,GOOD
/업무사례/경북법무사업무,/업무사례/대구경북공동담보등기,0.3055,0.3073,GOOD
/업무사례/대구아파트상속등기,/업무사례/부산김해양산공동근저당권,0.3055,0.2754,GOOD
/업무사례/울산법무사업무,/업무사례/울산에서부산법인본점이전,0.3055,0.199,GOOD
/업무사례/경남법인등기법무사,/업무사례/경남여러필지토지상속,0.3054,0.3182,GOOD
/업무사례/경남조부모명의토지상속,/업무사례/전북상속등기법무사,0.3054,0.0546,GOOD
/업무사례/경주오래된토지상속등기,/업무사례/구미에서부산법인본점이전,0.3054,0.1552,GOOD
/업무사례/대구성서상속등기,/업무사례/전남상속등기법무사,0.3054,0.0647,GOOD
/업무사례/대구에서부산법인본점이전,/업무사례/양산근저당말소,0.3054,0.2679,GOOD
/업무사례/양산거주부산부동산상속,/업무사례/전남상속등기법무사,0.3054,0.0502,GOOD
/업무사례/양산건물멸실등기,/업무사례/울산에서부산법인본점이전,0.3054,0.1818,GOOD
/업무사례/진주상속포기한정승인,/업무사례/창원의창구상속등기법무사,0.3054,0.0782,GOOD
/업무사례/경북법무사업무,/업무사례/경북법인등기법무사,0.3053,0.314,GOOD
/업무사례/광주상속등기법무사,/업무사례/대구상속등기필요서류,0.3053,0.0455,GOOD
/업무사례/김해상속등기비용,/업무사례/세종상속등기법무사,0.3053,0.0581,GOOD
/업무사례/대구부산공동근저당권,/업무사례/창원상속등기비용,0.3053,0.2222,GOOD
/업무사례/대구서구상속등기법무사,/업무사례/창원법인등기법무사,0.3053,0.2458,GOOD
/업무사례/대구에서부산법인본점이전,/업무사례/울산삼산동상속등기,0.3053,0.2922,GOOD
/업무사례/경남공장공동근저당권,/업무사례/울산아파트상속등기,0.3052,0.3024,GOOD
/업무사례/경남법무사업무,/업무사례/울산유증등기법무사,0.3052,0.2925,GOOD
/업무사례/대구범어동상속등기,/업무사례/부산에서울산법인본점이전,0.3052,0.2694,GOOD
/업무사례/부산김해양산공동근저당권,/업무사례/울산달동상속등기,0.3052,0.2947,GOOD
/업무사례/부산김해양산공동근저당권,/업무사례/울주언양상속등기,0.3052,0.2905,GOOD
/업무사례/부산에서대구법인본점이전,/업무사례/양산건물멸실등기,0.3052,0.1765,GOOD
/업무사례/전북상속등기법무사,/업무사례/창원의창구상속등기법무사,0.3052,0.0593,GOOD
/업무사례/경남유증등기법무사,/업무사례/구미에서부산법인본점이전,0.3051,0.2431,GOOD
/업무사례/대구범어동상속등기,/업무사례/울산에서부산법인본점이전,0.3051,0.169,GOOD
/업무사례/양산법인등기법무사,/업무사례/양산신축건물보존등기,0.3051,0.1706,GOOD
/업무사례/울산상속등기비용,/업무사례/통영상속포기한정승인,0.3051,0.1694,GOOD
/업무사례/진주상속포기한정승인,/업무사례/칠곡상속등기법무사,0.3051,0.0833,GOOD
/업무사례/경남공장공동근저당권,/업무사례/울산공장상속등기,0.305,0.2905,GOOD
/업무사례/경남법무사업무,/업무사례/대구남구상속등기법무사,0.305,0.3221,GOOD
/업무사례/대구경북공동담보등기,/업무사례/양산건물멸실등기,0.305,0.2555,GOOD
/업무사례/경남공장공동근저당권,/업무사례/울산상속등기필요서류,0.3049,0.3188,GOOD
/업무사례/경남여러필지토지상속,/업무사례/대구부산공동근저당권,0.3049,0.2792,GOOD
/업무사례/경북농지상속등기,/업무사례/창원에서부산법인본점이전,0.3049,0.2439,GOOD
/업무사례/경북법인등기법무사,/업무사례/김해상속등기필요서류,0.3049,0.3301,GOOD
/업무사례/김해거주부산부동산상속,/업무사례/부산울산공동근저당권,0.3049,0.2929,GOOD
/업무사례/대구법무사업무,/업무사례/부산에서대구법인본점이전,0.3049,0.202,GOOD
/업무사례/대구에서부산법인본점이전,/업무사례/양산신축건물보존등기,0.3049,0.2511,GOOD
/업무사례/대구현풍상속등기,/업무사례/창원에서부산법인본점이전,0.3049,0.2452,GOOD
/업무사례/대전서구상속등기법무사,/업무사례/전국업무사례,0.3049,0.0611,GOOD
/업무사례/부산에서울산법인본점이전,/업무사례/창원상속등기필요서류,0.3049,0.2412,GOOD
/업무사례/고성군상속등기법무사,/업무사례/김해법인등기법무사,0.3048,0.1282,GOOD
/업무사례/구미에서부산법인본점이전,/업무사례/양산신축건물보존등기,0.3048,0.1831,GOOD
/업무사례/대구경북공동담보등기,/업무사례/양산신축건물보존등기,0.3048,0.2648,GOOD
/업무사례/대구법무사업무,/업무사례/대구에서부산법인본점이전,0.3048,0.2831,GOOD
/업무사례/안동상속등기법무사,/업무사례/전북상속등기법무사,0.3048,0.0596,GOOD
/업무사례/대구남구상속등기법무사,/업무사례/전북상속등기법무사,0.3047,0.0611,GOOD
/업무사례/울산에서부산법인본점이전,/업무사례/창원상속등기필요서류,0.3047,0.2386,GOOD
/업무사례/거제상속포기법무사,/업무사례/대구시지상속등기,0.3046,0.1593,GOOD
/업무사례/부산에서울산법인본점이전,/업무사례/양산상속등기비용,0.3046,0.24,GOOD
/업무사례/거제상속포기법무사,/업무사례/안동상속등기법무사,0.3045,0.1733,GOOD
/업무사례/경남조부모명의토지상속,/업무사례/대구경북공동담보등기,0.3045,0.2289,GOOD
/업무사례/광주상속등기법무사,/업무사례/창원성산구상속등기법무사,0.3045,0.0617,GOOD
/업무사례/대구다사상속등기,/업무사례/세종상속등기법무사,0.3045,0.0485,GOOD
/업무사례/부산에서양산법인본점이전,/업무사례/통영상속포기한정승인,0.3045,0.1834,GOOD
/업무사례/양산상속포기한정승인,/업무사례/창원의창구상속등기법무사,0.3045,0.028,GOOD
/업무사례/거제상속포기법무사,/업무사례/대구중구상속등기법무사,0.3044,0.1434,GOOD
/업무사례/광주상속등기법무사,/업무사례/칠곡상속등기법무사,0.3044,0.056,GOOD
/업무사례/양산부동산등기법무사,/업무사례/포항에서부산법인본점이전,0.3044,0.2566,GOOD
/업무사례/울산에서부산법인본점이전,/업무사례/창원성산구상속등기법무사,0.3044,0.2286,GOOD
/업무사례/울주범서상속등기,/업무사례/전북상속등기법무사,0.3044,0.0528,GOOD
/업무사례/울주언양상속등기,/업무사례/창원법인등기법무사,0.3044,0.2965,GOOD
/업무사례/경주오래된토지상속등기,/업무사례/대구에서부산법인본점이전,0.3043,0.1296,GOOD
/업무사례/김해법인등기법무사,/업무사례/대구다사상속등기,0.3043,0.2388,GOOD
/업무사례/대구에서부산법인본점이전,/업무사례/양산개인회생법무사,0.3043,0.2589,GOOD
/업무사례/부산거주양산부동산상속,/업무사례/창원에서부산법인본점이전,0.3043,0.2849,GOOD
/업무사례/부산김해양산공동근저당권,/업무사례/양산법인등기법무사,0.3043,0.1777,GOOD
/업무사례/부산김해양산공동근저당권,/업무사례/통영상속포기한정승인,0.3043,0.1701,GOOD
/업무사례/인천상속등기법무사,/업무사례/창원성산구상속등기법무사,0.3043,0.0673,GOOD
/업무사례/전북상속등기법무사,/업무사례/창원상속등기필요서류,0.3043,0.0511,GOOD
/업무사례/창원의창구상속등기법무사,/업무사례/포항에서부산법인본점이전,0.3043,0.275,GOOD
/업무사례/경남법인등기법무사,/업무사례/양산거주부산부동산상속,0.3042,0.2464,GOOD
/업무사례/경남조부모명의토지상속,/업무사례/경북법인등기법무사,0.3042,0.2304,GOOD
/업무사례/구미에서부산법인본점이전,/업무사례/양산개인회생법무사,0.3042,0.1893,GOOD
/업무사례/대구남구상속등기법무사,/업무사례/창원에서부산법인본점이전,0.3042,0.2512,GOOD
/업무사례/양산근저당말소,/업무사례/포항에서부산법인본점이전,0.3042,0.2658,GOOD
/업무사례/세종상속등기법무사,/업무사례/창원의창구상속등기법무사,0.3041,0.0542,GOOD
/업무사례/경남공장공동근저당권,/업무사례/남해상속등기법무사,0.304,0.1532,GOOD
/업무사례/경남공장공동근저당권,/업무사례/대구동구상속등기법무사,0.304,0.3235,GOOD
/업무사례/구미에서부산법인본점이전,/업무사례/양산근저당말소,0.304,0.1875,GOOD
/업무사례/서울상속등기법무사,/업무사례/전국법인본점이전등기,0.304,0.1212,GOOD
/업무사례/안동상속등기법무사,/업무사례/통영상속포기한정승인,0.304,0.1927,GOOD
/업무사례/경남공장공동근저당권,/업무사례/칠곡상속등기법무사,0.3038,0.2211,GOOD
/업무사례/경북법인등기법무사,/업무사례/창원성산구상속등기법무사,0.3038,0.2261,GOOD
/업무사례/김해상속등기비용,/업무사례/부산에서울산법인본점이전,0.3038,0.2727,GOOD
/업무사례/대구경북공동담보등기,/업무사례/창원상속등기비용,0.3038,0.2211,GOOD
/업무사례/대구다사상속등기,/업무사례/진주상속포기한정승인,0.3038,0.0623,GOOD
/업무사례/대구달성군상속등기법무사,/업무사례/대전상속등기법무사,0.3038,0.0608,GOOD
/업무사례/대구만촌동상속등기,/업무사례/통영상속포기한정승인,0.3038,0.1614,GOOD
/업무사례/대구성서상속등기,/업무사례/충남상속등기법무사,0.3038,0.0644,GOOD
/업무사례/부산김해양산공동근저당권,/업무사례/울산아파트상속등기,0.3038,0.2892,GOOD
/업무사례/양산거주부산부동산상속,/업무사례/인천상속등기법무사,0.3038,0.0508,GOOD
/업무사례/경남여러필지토지상속,/업무사례/김해에서부산법인본점이전,0.3037,0.2678,GOOD
/업무사례/광주상속등기법무사,/업무사례/창원의창구상속등기법무사,0.3037,0.0556,GOOD
/업무사례/대구에서부산법인본점이전,/업무사례/양산건물멸실등기,0.3037,0.2427,GOOD
/업무사례/부산거주양산부동산상속,/업무사례/창원법인등기법무사,0.3037,0.2818,GOOD
/업무사례/부산김해양산공동근저당권,/업무사례/울산삼산동상속등기,0.3037,0.285,GOOD
/업무사례/울산북구상속등기법무사,/업무사례/통영상속포기한정승인,0.3037,0.1641,GOOD
/업무사례/울산옥동상속등기,/업무사례/인천상속등기법무사,0.3037,0.063,GOOD
/업무사례/경남오래된상속등기,/업무사례/창원법인등기법무사,0.3036,0.2865,GOOD
/업무사례/김해법인등기법무사,/업무사례/대구달성군상속등기법무사,0.3036,0.2589,GOOD
/업무사례/김해상속등기비용,/업무사례/김해에서부산법인본점이전,0.3036,0.2682,GOOD
/업무사례/부산거주김해부동산상속,/업무사례/세종상속등기법무사,0.3036,0.0539,GOOD
/업무사례/양산에서부산법인본점이전,/업무사례/통영상속포기한정승인,0.3036,0.1867,GOOD
/업무사례/경남비대면상속안내,/업무사례/통영상속포기한정승인,0.3035,0.0809,GOOD
/업무사례/경북상속등기비용,/업무사례/전북상속등기법무사,0.3035,0.0491,GOOD
/업무사례/김해에서부산법인본점이전,/업무사례/창원상속등기필요서류,0.3035,0.2759,GOOD
/업무사례/양산거주부산부동산상속,/업무사례/전북상속등기법무사,0.3035,0.0496,GOOD
/업무사례/경남조부모명의토지상속,/업무사례/부산에서대구법인본점이전,0.3034,0.2265,GOOD
/업무사례/경북상속등기비용,/업무사례/창원법인등기법무사,0.3034,0.2995,GOOD
/업무사례/대구경북공동담보등기,/업무사례/안동오래된토지상속등기,0.3034,0.1284,GOOD
/업무사례/대구상속등기비용,/업무사례/창원법인등기법무사,0.3034,0.2965,GOOD
/업무사례/양산법인등기법무사,/업무사례/양산부동산등기법무사,0.3034,0.1767,GOOD
/업무사례/양산부동산등기법무사,/업무사례/울산에서부산법인본점이전,0.3034,0.1905,GOOD
/업무사례/광주상속등기법무사,/업무사례/안동상속등기법무사,0.3033,0.0603,GOOD
/업무사례/부산거주김해부동산상속,/업무사례/부산울산공동근저당권,0.3033,0.2217,GOOD
/업무사례/부산에서울산법인본점이전,/업무사례/창원성산구상속등기법무사,0.3033,0.2261,GOOD
/업무사례/양산상속등기비용,/업무사례/울산에서부산법인본점이전,0.3033,0.2443,GOOD
/업무사례/울산송정동상속등기,/업무사례/창원에서부산법인본점이전,0.3033,0.2402,GOOD
/업무사례/김해상속등기비용,/업무사례/대전상속등기법무사,0.3032,0.0539,GOOD
/업무사례/대구성서상속등기,/업무사례/대전상속등기법무사,0.3032,0.0588,GOOD
/업무사례/경남법무사업무,/업무사례/대구군위군상속등기법무사,0.3031,0.21,GOOD
/업무사례/경남법무사업무,/업무사례/안동상속등기법무사,0.3031,0.2239,GOOD
/업무사례/대구서구상속등기법무사,/업무사례/전남상속등기법무사,0.3031,0.0661,GOOD
/업무사례/부산거주김해부동산상속,/업무사례/양산상속포기한정승인,0.3031,0.0403,GOOD
/업무사례/경남공장공동근저당권,/업무사례/고성군상속등기법무사,0.303,0.1077,GOOD
/업무사례/경남여러필지토지상속,/업무사례/부산울산공동근저당권,0.303,0.2764,GOOD
/업무사례/대구성서상속등기,/업무사례/충북상속등기법무사,0.303,0.0638,GOOD
/업무사례/대구에서부산법인본점이전,/업무사례/양산부동산등기법무사,0.303,0.2588,GOOD
/업무사례/부산에서김해법인본점이전,/업무사례/양산상속등기비용,0.303,0.2784,GOOD
/업무사례/부산울산공동근저당권,/업무사례/양산상속등기필요서류,0.303,0.241,GOOD
/업무사례/양산상속등기비용,/업무사례/포항에서부산법인본점이전,0.303,0.2163,GOOD
/업무사례/거제상속포기법무사,/업무사례/대구현풍상속등기,0.3029,0.1374,GOOD
/업무사례/경남법인등기법무사,/업무사례/경남조부모명의토지상속,0.3029,0.2562,GOOD
/업무사례/김해거주부산부동산상속,/업무사례/대구경북공동담보등기,0.3029,0.275,GOOD
/업무사례/대구상속등기필요서류,/업무사례/전북상속등기법무사,0.3029,0.0449,GOOD
/업무사례/부산에서창원법인본점이전,/업무사례/양산증여등기법무사,0.3029,0.2456,GOOD
/업무사례/거제상속포기법무사,/업무사례/울산중구상속등기법무사,0.3028,0.1529,GOOD
/업무사례/김해상속등기필요서류,/업무사례/세종상속등기법무사,0.3028,0.0524,GOOD
/업무사례/대구경북공동담보등기,/업무사례/창원성산구상속등기법무사,0.3028,0.2308,GOOD
/업무사례/부산거주김해부동산상속,/업무사례/전북상속등기법무사,0.3028,0.0546,GOOD
/업무사례/양산부동산등기법무사,/업무사례/양산상속등기비용,0.3028,0.2228,GOOD
/업무사례/경남법무사업무,/업무사례/대구상속등기비용,0.3027,0.2884,GOOD
/업무사례/경북상속등기필요서류,/업무사례/전북상속등기법무사,0.3027,0.0494,GOOD
/업무사례/대구북구상속등기법무사,/업무사례/진주상속포기한정승인,0.3027,0.0798,GOOD
/업무사례/대구성서상속등기,/업무사례/진주상속포기한정승인,0.3027,0.0694,GOOD
/업무사례/경북농지상속등기,/업무사례/인천상속등기법무사,0.3026,0.05,GOOD
/업무사례/대구현풍상속등기,/업무사례/인천상속등기법무사,0.3026,0.0573,GOOD
/업무사례/부산거주김해부동산상속,/업무사례/부산에서김해법인본점이전,0.3026,0.2527,GOOD
/업무사례/부산에서양산법인본점이전,/업무사례/양산증여등기법무사,0.3026,0.2445,GOOD
/업무사례/양산건물멸실등기,/업무사례/포항에서부산법인본점이전,0.3026,0.2405,GOOD
/업무사례/울산토지상속등기,/업무사례/전북상속등기법무사,0.3026,0.0483,GOOD
/업무사례/경남공장공동근저당권,/업무사례/대구시지상속등기,0.3025,0.2474,GOOD
/업무사례/경남상속등기비용,/업무사례/대구부산공동근저당권,0.3025,0.2891,GOOD
/업무사례/경남오래된상속등기,/업무사례/부산에서대구법인본점이전,0.3025,0.2265,GOOD
/업무사례/울산북구상속등기법무사,/업무사례/전북상속등기법무사,0.3025,0.063,GOOD
/업무사례/거제상속포기법무사,/업무사례/대구군위군상속등기법무사,0.3024,0.1659,GOOD
/업무사례/대구달성군상속등기법무사,/업무사례/충남상속등기법무사,0.3024,0.0618,GOOD
/업무사례/대구서구상속등기법무사,/업무사례/인천상속등기법무사,0.3024,0.067,GOOD
/업무사례/대구서구상속등기법무사,/업무사례/충남상속등기법무사,0.3024,0.0658,GOOD
/업무사례/양산신축건물보존등기,/업무사례/포항에서부산법인본점이전,0.3024,0.2489,GOOD
/업무사례/거제상속포기법무사,/업무사례/대구남구상속등기법무사,0.3023,0.1445,GOOD
/업무사례/경남오래된상속등기,/업무사례/구미에서부산법인본점이전,0.3023,0.2472,GOOD
/업무사례/경북농지상속등기,/업무사례/전남상속등기법무사,0.3023,0.0494,GOOD
/업무사례/김해법인등기법무사,/업무사례/칠곡상속등기법무사,0.3023,0.2733,GOOD
/업무사례/대구동구상속등기법무사,/업무사례/통영상속포기한정승인,0.3023,0.1626,GOOD
/업무사례/대구부산공동근저당권,/업무사례/창원상속등기필요서류,0.3023,0.2347,GOOD
/업무사례/대구토지상속등기,/업무사례/통영상속포기한정승인,0.3023,0.1612,GOOD
/업무사례/대전상속등기법무사,/업무사례/양산거주부산부동산상속,0.3023,0.0492,GOOD
/업무사례/부산에서김해법인본점이전,/업무사례/양산거주부산부동산상속,0.3023,0.2833,GOOD
/업무사례/거제상속포기법무사,/업무사례/경북오래된상속등기,0.3022,0.1395,GOOD
/업무사례/거제상속포기법무사,/업무사례/경북임야상속등기,0.3022,0.1552,GOOD
/업무사례/경남법무사업무,/업무사례/칠곡상속등기법무사,0.3022,0.2129,GOOD
/업무사례/경남상속등기비용,/업무사례/대구경북공동담보등기,0.3022,0.3062,GOOD
/업무사례/경남오래된상속등기,/업무사례/광주상속등기법무사,0.3022,0.0553,GOOD
/업무사례/경남조부모명의토지상속,/업무사례/대구에서부산법인본점이전,0.3022,0.2047,GOOD
/업무사례/김해거주부산부동산상속,/업무사례/부산에서울산법인본점이전,0.3022,0.2886,GOOD
/업무사례/김해거주부산부동산상속,/업무사례/전북상속등기법무사,0.3022,0.0486,GOOD
/업무사례/대구현풍상속등기,/업무사례/대전서구상속등기법무사,0.3022,0.0858,GOOD
/업무사례/경남공장공동근저당권,/업무사례/경북오래된상속등기,0.3021,0.3173,GOOD
/업무사례/경남공장공동근저당권,/업무사례/울산옥동상속등기,0.3021,0.3284,GOOD
/업무사례/광주상속등기법무사,/업무사례/대구다사상속등기,0.3021,0.0496,GOOD
/업무사례/대구서구상속등기법무사,/업무사례/전북상속등기법무사,0.3021,0.0652,GOOD
/업무사례/경남상속등기비용,/업무사례/광주상속등기법무사,0.302,0.0538,GOOD
/업무사례/경북법인등기법무사,/업무사례/양산거주부산부동산상속,0.302,0.2271,GOOD
/업무사례/광주상속등기법무사,/업무사례/울산옥동상속등기,0.302,0.0623,GOOD
/업무사례/김해거주부산부동산상속,/업무사례/세종상속등기법무사,0.302,0.048,GOOD
/업무사례/대구다사상속등기,/업무사례/인천상속등기법무사,0.302,0.0543,GOOD
/업무사례/대구범어동상속등기,/업무사례/부산김해양산공동근저당권,0.302,0.257,GOOD
/업무사례/대구부산공동근저당권,/업무사례/창원성산구상속등기법무사,0.302,0.2256,GOOD
/업무사례/대전서구상속등기법무사,/업무사례/양산상속등기비용,0.302,0.0802,GOOD
/업무사례/대전서구상속등기법무사,/업무사례/창원성산구상속등기법무사,0.302,0.1053,GOOD
/업무사례/경남유증등기법무사,/업무사례/김해에서부산법인본점이전,0.3019,0.2793,GOOD
/업무사례/경북법인등기법무사,/업무사례/경주오래된토지상속등기,0.3019,0.1336,GOOD
/업무사례/부산울산공동근저당권,/업무사례/양산거주부산부동산상속,0.3019,0.2426,GOOD
/업무사례/양산상속등기필요서류,/업무사례/양산상속포기한정승인,0.3019,0.0244,GOOD
/업무사례/전국비대면법무사,/업무사례/포항상속등기법무사,0.3019,0.1029,GOOD
/업무사례/경남법무사업무,/업무사례/경북임야상속등기,0.3018,0.2195,GOOD
/업무사례/경남상속등기비용,/업무사례/김해법인등기법무사,0.3018,0.2653,GOOD
/업무사례/경남오래된상속등기,/업무사례/창원에서부산법인본점이전,0.3018,0.2825,GOOD
/업무사례/김해상속등기필요서류,/업무사례/양산에서부산법인본점이전,0.3018,0.2959,GOOD
/업무사례/울산삼산동상속등기,/업무사례/창원법인등기법무사,0.3018,0.3041,GOOD
/업무사례/울산에서부산법인본점이전,/업무사례/창원상속등기비용,0.3018,0.2386,GOOD
/업무사례/거제상속포기법무사,/업무사례/대구토지상속등기,0.3017,0.1446,GOOD
/업무사례/경남공장공동근저당권,/업무사례/대구유증등기법무사,0.3017,0.3286,GOOD
/업무사례/경남법무사업무,/업무사례/대구월성동상속등기,0.3017,0.2958,GOOD
/업무사례/경남유증등기법무사,/업무사례/부산에서대구법인본점이전,0.3017,0.2228,GOOD
/업무사례/경북상속등기법무사,/업무사례/대구성서상속등기,0.3017,0.0636,GOOD
/업무사례/김해법인등기법무사,/업무사례/울산옥동상속등기,0.3017,0.2538,GOOD
/업무사례/대구경북공동담보등기,/업무사례/양산부동산등기법무사,0.3017,0.2731,GOOD
/업무사례/부산거주양산부동산상속,/업무사례/울산에서부산법인본점이전,0.3017,0.2431,GOOD
/업무사례/거제상속포기법무사,/업무사례/울산송정동상속등기,0.3016,0.1704,GOOD
/업무사례/경남공장공동근저당권,/업무사례/대구토지상속등기,0.3016,0.2802,GOOD
/업무사례/경북농지상속등기,/업무사례/충남상속등기법무사,0.3016,0.0492,GOOD
/업무사례/영천상속등기법무사,/업무사례/포항에서부산법인본점이전,0.3016,0.1062,GOOD
/업무사례/울산매곡동상속등기,/업무사례/전북상속등기법무사,0.3016,0.0528,GOOD
/업무사례/부산울산공동근저당권,/업무사례/창원의창구상속등기법무사,0.3015,0.2732,GOOD
/업무사례/울산달동상속등기,/업무사례/전북상속등기법무사,0.3015,0.0532,GOOD
/업무사례/울산달동상속등기,/업무사례/창원에서부산법인본점이전,0.3015,0.265,GOOD
/업무사례/울산상속등기비용,/업무사례/창원법인등기법무사,0.3015,0.3158,GOOD
/업무사례/경남공장공동근저당권,/업무사례/울산유증등기법무사,0.3014,0.3204,GOOD
/업무사례/경북법무사업무,/업무사례/대구부산공동근저당권,0.3014,0.2775,GOOD
/업무사례/대구군위군상속등기법무사,/업무사례/창원법인등기법무사,0.3014,0.2389,GOOD
/업무사례/대구성서상속등기,/업무사례/대전서구상속등기법무사,0.3014,0.0979,GOOD
/업무사례/부산울산공동근저당권,/업무사례/양산부동산등기법무사,0.3014,0.2661,GOOD
/업무사례/세종상속등기법무사,/업무사례/양산상속등기필요서류,0.3014,0.0598,GOOD
/업무사례/울주언양상속등기,/업무사례/전북상속등기법무사,0.3014,0.0526,GOOD
/업무사례/창원성산구상속등기법무사,/업무사례/충남상속등기법무사,0.3014,0.0661,GOOD
/업무사례/거제상속포기법무사,/업무사례/경북상속등기필요서류,0.3013,0.1412,GOOD
/업무사례/거제상속포기법무사,/업무사례/울주삼남상속등기,0.3013,0.1502,GOOD
/업무사례/경남법무사업무,/업무사례/대구토지상속등기,0.3013,0.2714,GOOD
/업무사례/경남조부모명의토지상속,/업무사례/세종상속등기법무사,0.3013,0.0539,GOOD
/업무사례/광주상속등기법무사,/업무사례/대구중구상속등기법무사,0.3013,0.0613,GOOD
/업무사례/김해상속등기필요서류,/업무사례/인천상속등기법무사,0.3013,0.0543,GOOD
/업무사례/대구유증등기법무사,/업무사례/통영상속포기한정승인,0.3013,0.1523,GOOD
/업무사례/대구현풍상속등기,/업무사례/전남상속등기법무사,0.3013,0.0566,GOOD
/업무사례/부산에서대구법인본점이전,/업무사례/안동오래된토지상속등기,0.3013,0.1373,GOOD
/업무사례/부산울산공동근저당권,/업무사례/창원성산구상속등기법무사,0.3013,0.2234,GOOD
/업무사례/인천상속등기법무사,/업무사례/칠곡상속등기법무사,0.3013,0.0614,GOOD
/업무사례/전남상속등기법무사,/업무사례/창원의창구상속등기법무사,0.3013,0.0601,GOOD
/업무사례/거제상속포기법무사,/업무사례/울산매곡동상속등기,0.3012,0.1484,GOOD
/업무사례/경남공장공동근저당권,/업무사례/울주삼남상속등기,0.3012,0.3155,GOOD
/업무사례/경남여러필지토지상속,/업무사례/부산에서대구법인본점이전,0.3012,0.2193,GOOD
/업무사례/대구성서상속등기,/업무사례/양산에서부산법인본점이전,0.3012,0.2841,GOOD
/업무사례/대구에서부산법인본점이전,/업무사례/안동오래된토지상속등기,0.3012,0.1185,GOOD
/업무사례/울산아파트상속등기,/업무사례/전북상속등기법무사,0.3012,0.0502,GOOD
/업무사례/거제상속포기법무사,/업무사례/울산북구상속등기법무사,0.3011,0.1483,GOOD
/업무사례/광주상속등기법무사,/업무사례/대구만촌동상속등기,0.3011,0.0515,GOOD
/업무사례/구미에서부산법인본점이전,/업무사례/안동오래된토지상속등기,0.3011,0.1422,GOOD
/업무사례/구미에서부산법인본점이전,/업무사례/양산건물멸실등기,0.3011,0.1765,GOOD
/업무사례/대구현풍상속등기,/업무사례/세종상속등기법무사,0.3011,0.0515,GOOD
/업무사례/울산에서부산법인본점이전,/업무사례/창원의창구상속등기법무사,0.3011,0.2278,GOOD
/업무사례/전남상속등기법무사,/업무사례/창원성산구상속등기법무사,0.3011,0.0664,GOOD
/업무사례/경남공장공동근저당권,/업무사례/대구아파트상속등기,0.301,0.2947,GOOD
/업무사례/경남법무사업무,/업무사례/통영상속포기한정승인,0.301,0.152,GOOD
/업무사례/경남오래된상속등기,/업무사례/경북법인등기법무사,0.301,0.2488,GOOD
/업무사례/경북상속등기비용,/업무사례/광주상속등기법무사,0.301,0.0536,GOOD
/업무사례/김해상속등기필요서류,/업무사례/전남상속등기법무사,0.301,0.0536,GOOD
/업무사례/대구부산공동근저당권,/업무사례/울산법무사업무,0.301,0.2664,GOOD
/업무사례/대구시지상속등기,/업무사례/통영상속포기한정승인,0.301,0.1781,GOOD
/업무사례/대구현풍상속등기,/업무사례/대전상속등기법무사,0.301,0.0517,GOOD
/업무사례/세종상속등기법무사,/업무사례/창원성산구상속등기법무사,0.301,0.0601,GOOD
/업무사례/경북법인등기법무사,/업무사례/안동오래된토지상속등기,0.3009,0.1264,GOOD
/업무사례/김해법인등기법무사,/업무사례/부산거주김해부동산상속,0.3009,0.2686,GOOD
/업무사례/대구시지상속등기,/업무사례/전북상속등기법무사,0.3009,0.0601,GOOD
/업무사례/대전상속등기법무사,/업무사례/양산상속등기비용,0.3009,0.0549,GOOD
/업무사례/부산김해양산공동근저당권,/업무사례/울주삼남상속등기,0.3009,0.2961,GOOD
/업무사례/울산북구상속등기법무사,/업무사례/인천상속등기법무사,0.3009,0.0644,GOOD
/업무사례/부산에서울산법인본점이전,/업무사례/울주군상속포기한정승인,0.3008,0.1976,GOOD
/업무사례/세종상속등기법무사,/업무사례/울산송정동상속등기,0.3008,0.0551,GOOD
/업무사례/광주상속등기법무사,/업무사례/대구동구상속등기법무사,0.3007,0.0584,GOOD
/업무사례/김해상속등기필요서류,/업무사례/대구부산공동근저당권,0.3007,0.2757,GOOD
/업무사례/대구군위군상속등기법무사,/업무사례/세종상속등기법무사,0.3007,0.0598,GOOD
/업무사례/대구군위군상속등기법무사,/업무사례/창원에서부산법인본점이전,0.3007,0.221,GOOD
/업무사례/경남법무사업무,/업무사례/대구상인동상속등기,0.3006,0.2917,GOOD
/업무사례/경남상속등기비용,/업무사례/전북상속등기법무사,0.3006,0.0532,GOOD
/업무사례/고성군상속등기법무사,/업무사례/부산김해양산공동근저당권,0.3006,0.1051,GOOD
/업무사례/고성군상속등기법무사,/업무사례/통영상속포기한정승인,0.3006,0.1014,GOOD
/업무사례/대구아파트상속등기,/업무사례/전북상속등기법무사,0.3006,0.046,GOOD
/업무사례/부산김해양산공동근저당권,/업무사례/울주범서상속등기,0.3006,0.2919,GOOD
/업무사례/울산옥동상속등기,/업무사례/통영상속포기한정승인,0.3006,0.1667,GOOD
/업무사례/인천상속등기법무사,/업무사례/창원의창구상속등기법무사,0.3006,0.0609,GOOD
/업무사례/창원성산구상속등기법무사,/업무사례/포항에서부산법인본점이전,0.3006,0.2266,GOOD
/업무사례/거제상속포기법무사,/업무사례/울산상속등기필요서류,0.3005,0.149,GOOD
/업무사례/경남오래된상속등기,/업무사례/부산에서울산법인본점이전,0.3005,0.2426,GOOD
/업무사례/경남유증등기법무사,/업무사례/부산에서김해법인본점이전,0.3005,0.3051,GOOD
/업무사례/대구동구상속등기법무사,/업무사례/인천상속등기법무사,0.3005,0.0632,GOOD
/업무사례/대구만촌동상속등기,/업무사례/세종상속등기법무사,0.3005,0.0502,GOOD
/업무사례/부산울산공동근저당권,/업무사례/창원상속등기필요서류,0.3005,0.2449,GOOD
/업무사례/울산옥동상속등기,/업무사례/전북상속등기법무사,0.3005,0.0615,GOOD
/업무사례/경북법인등기법무사,/업무사례/김해거주부산부동산상속,0.3004,0.2759,GOOD
/업무사례/광주상속등기법무사,/업무사례/대구시지상속등기,0.3004,0.0563,GOOD
/업무사례/구미에서부산법인본점이전,/업무사례/창원성산구상속등기법무사,0.3004,0.2356,GOOD
/업무사례/김해상속등기필요서류,/업무사례/대구경북공동담보등기,0.3004,0.2864,GOOD
/업무사례/김해상속등기필요서류,/업무사례/양산부동산등기법무사,0.3004,0.2706,GOOD
/업무사례/김해상속등기필요서류,/업무사례/충남상속등기법무사,0.3004,0.0534,GOOD
/업무사례/부산에서울산법인본점이전,/업무사례/양산거주부산부동산상속,0.3004,0.239,GOOD
/업무사례/창원법인등기법무사,/업무사례/칠곡상속등기법무사,0.3004,0.2626,GOOD
/업무사례/경남법무사업무,/업무사례/울산공장상속등기,0.3003,0.2698,GOOD
/업무사례/대구달성군상속등기법무사,/업무사례/진주상속포기한정승인,0.3003,0.0743,GOOD
/업무사례/울주언양상속등기,/업무사례/창원에서부산법인본점이전,0.3003,0.2611,GOOD
/업무사례/경남법인등기법무사,/업무사례/양산상속등기비용,0.3002,0.2475,GOOD
/업무사례/경북상속등기필요서류,/업무사례/광주상속등기법무사,0.3002,0.05,GOOD
/업무사례/광주상속등기법무사,/업무사례/대구남구상속등기법무사,0.3002,0.0577,GOOD
/업무사례/김해법인등기법무사,/업무사례/대구동구상속등기법무사,0.3002,0.2487,GOOD
/업무사례/대구상속등기필요서류,/업무사례/인천상속등기법무사,0.3002,0.046,GOOD
/업무사례/대전서구상속등기법무사,/업무사례/창원의창구상속등기법무사,0.3002,0.0979,GOOD
/업무사례/안동상속등기법무사,/업무사례/인천상속등기법무사,0.3002,0.0658,GOOD
/업무사례/양산상속포기한정승인,/업무사례/창원상속등기비용,0.3002,0.0242,GOOD
/업무사례/인천상속등기법무사,/업무사례/창원상속등기비용,0.3002,0.0524,GOOD
/업무사례/거제상속포기법무사,/업무사례/울주범서상속등기,0.3001,0.1484,GOOD
/업무사례/경남오래된상속등기,/업무사례/양산상속포기한정승인,0.3001,0.0403,GOOD
/업무사례/경남유증등기법무사,/업무사례/전북상속등기법무사,0.3001,0.0539,GOOD
/업무사례/경북농지상속등기,/업무사례/대전상속등기법무사,0.3001,0.0485,GOOD
/업무사례/경북오래된상속등기,/업무사례/광주상속등기법무사,0.3001,0.0494,GOOD
/업무사례/김해상속등기필요서류,/업무사례/부산울산공동근저당권,0.3001,0.2972,GOOD
/업무사례/대구동구상속등기법무사,/업무사례/대전서구상속등기법무사,0.3001,0.0927,GOOD
/업무사례/경남공장공동근저당권,/업무사례/대구범어동상속등기,0.3,0.2877,GOOD
/업무사례/광주상속등기법무사,/업무사례/울산동구상속등기법무사,0.3,0.0547,GOOD
/업무사례/김해상속등기비용,/업무사례/양산에서부산법인본점이전,0.3,0.3256,GOOD
/업무사례/대구달성군상속등기법무사,/업무사례/세종상속등기법무사,0.3,0.0566,GOOD
/업무사례/대구토지상속등기,/업무사례/세종상속등기법무사,0.3,0.046,GOOD
/업무사례/울산상속등기비용,/업무사례/전북상속등기법무사,0.3,0.0543,GOOD
/업무사례/전남상속등기법무사,/업무사례/칠곡상속등기법무사,0.3,0.0606,GOOD
/업무사례/경남여러필지토지상속,/업무사례/대구에서부산법인본점이전,0.2999,0.2559,GOOD
/업무사례/경남조부모명의토지상속,/업무사례/포항에서부산법인본점이전,0.2999,0.219,GOOD
/업무사례/광주상속등기법무사,/업무사례/창원상속등기필요서류,0.2999,0.0517,GOOD
/업무사례/김해상속등기비용,/업무사례/부산에서김해법인본점이전,0.2999,0.3011,GOOD
/업무사례/대구경북공동담보등기,/업무사례/양산거주부산부동산상속,0.2999,0.2255,GOOD
/업무사례/대구북구상속등기법무사,/업무사례/인천상속등기법무사,0.2999,0.067,GOOD
/업무사례/대구서구상속등기법무사,/업무사례/대전상속등기법무사,0.2999,0.0647,GOOD
/업무사례/부산거주양산부동산상속,/업무사례/전북상속등기법무사,0.2999,0.0539,GOOD
/업무사례/부산울산공동근저당권,/업무사례/창원상속등기비용,0.2999,0.2323,GOOD
/업무사례/양산거주부산부동산상속,/업무사례/충남상속등기법무사,0.2999,0.05,GOOD
/업무사례/양산상속등기필요서류,/업무사례/인천상속등기법무사,0.2999,0.0622,GOOD
/업무사례/울산동구상속등기법무사,/업무사례/인천상속등기법무사,0.2999,0.0553,GOOD
/업무사례/울산옥동상속등기,/업무사례/충남상속등기법무사,0.2999,0.062,GOOD
/업무사례/거제상속포기법무사,/업무사례/대구유증등기법무사,0.2998,0.1369,GOOD
/업무사례/부산에서김해법인본점이전,/업무사례/창원상속등기필요서류,0.2998,0.2874,GOOD
/업무사례/양산상속등기비용,/업무사례/충북상속등기법무사,0.2998,0.0553,GOOD
/업무사례/울산토지상속등기,/업무사례/통영상속포기한정승인,0.2998,0.1627,GOOD
/업무사례/경남공장공동근저당권,/업무사례/울주범서상속등기,0.2997,0.3173,GOOD
/업무사례/경북임야상속등기,/업무사례/통영상속포기한정승인,0.2997,0.1733,GOOD
/업무사례/대구다사상속등기,/업무사례/전남상속등기법무사,0.2997,0.0536,GOOD
/업무사례/부산울산공동근저당권,/업무사례/포항상속포기한정승인,0.2997,0.0632,GOOD
/업무사례/거제상속포기법무사,/업무사례/경북토지상속등기,0.2996,0.1374,GOOD
/업무사례/경북오래된상속등기,/업무사례/부산김해양산공동근저당권,0.2996,0.2919,GOOD
/업무사례/대구다사상속등기,/업무사례/부산김해양산공동근저당권,0.2996,0.2871,GOOD
/업무사례/대구현풍상속등기,/업무사례/충남상속등기법무사,0.2996,0.0564,GOOD
/업무사례/울산동구상속등기법무사,/업무사례/통영상속포기한정승인,0.2996,0.1736,GOOD
/업무사례/경남여러필지토지상속,/업무사례/세종상속등기법무사,0.2995,0.0526,GOOD
/업무사례/경북법인등기법무사,/업무사례/김해상속등기비용,0.2995,0.26,GOOD
/업무사례/경북법인등기법무사,/업무사례/창원상속등기필요서류,0.2995,0.2289,GOOD
/업무사례/광주상속등기법무사,/업무사례/울산송정동상속등기,0.2995,0.0565,GOOD
/업무사례/대구월성동상속등기,/업무사례/전북상속등기법무사,0.2995,0.041,GOOD
/업무사례/부산거주김해부동산상속,/업무사례/부산에서울산법인본점이전,0.2995,0.2184,GOOD
/업무사례/김해에서부산법인본점이전,/업무사례/창원상속등기비용,0.2994,0.2759,GOOD
/업무사례/대구달성군상속등기법무사,/업무사례/창원법인등기법무사,0.2994,0.3077,GOOD
/업무사례/대구상속등기비용,/업무사례/세종상속등기법무사,0.2994,0.0481,GOOD
/업무사례/양산건물멸실등기,/업무사례/양산법인등기법무사,0.2994,0.1654,GOOD
/업무사례/경남유증등기법무사,/업무사례/대구에서부산법인본점이전,0.2993,0.2657,GOOD
/업무사례/광주상속등기법무사,/업무사례/대구군위군상속등기법무사,0.2993,0.0614,GOOD
/업무사례/부산에서울산법인본점이전,/업무사례/포항상속포기한정승인,0.2993,0.0625,GOOD
/업무사례/거제상속포기법무사,/업무사례/울산토지상속등기,0.2992,0.1467,GOOD
/업무사례/경남법인등기법무사,/업무사례/창원의창구상속등기법무사,0.2992,0.2959,GOOD
/업무사례/경북상속등기비용,/업무사례/창원에서부산법인본점이전,0.2992,0.2574,GOOD
/업무사례/경주오래된토지상속등기,/업무사례/부산에서울산법인본점이전,0.2992,0.1423,GOOD
/업무사례/구미에서부산법인본점이전,/업무사례/김해상속등기필요서류,0.2992,0.1971,GOOD
/업무사례/대구상속등기비용,/업무사례/창원에서부산법인본점이전,0.2992,0.2549,GOOD
/업무사례/부산에서울산법인본점이전,/업무사례/양산상속등기필요서류,0.2992,0.2437,GOOD
/업무사례/양산근저당말소,/업무사례/양산상속등기비용,0.2992,0.2261,GOOD
/업무사례/거제상속포기법무사,/업무사례/울산달동상속등기,0.2991,0.1496,GOOD
/업무사례/경기광주상속등기법무사,/업무사례/전국공동근저당권등기,0.2991,0.076,GOOD
/업무사례/경북임야상속등기,/업무사례/광주상속등기법무사,0.2991,0.0549,GOOD
/업무사례/구미에서부산법인본점이전,/업무사례/대구법무사업무,0.2991,0.1845,GOOD
/업무사례/경남상속등기비용,/업무사례/인천상속등기법무사,0.299,0.0504,GOOD
/업무사례/광주상속등기법무사,/업무사례/대구상속등기비용,0.299,0.0492,GOOD
/업무사례/대구군위군상속등기법무사,/업무사례/진주상속포기한정승인,0.299,0.0753,GOOD
/업무사례/대구서구상속등기법무사,/업무사례/세종상속등기법무사,0.299,0.0644,GOOD
/업무사례/양산상속등기필요서류,/업무사례/충남상속등기법무사,0.299,0.0611,GOOD
/업무사례/울산상속등기필요서류,/업무사례/전북상속등기법무사,0.299,0.0451,GOOD
/업무사례/경남조부모명의토지상속,/업무사례/양산에서부산법인본점이전,0.2989,0.2682,GOOD
/업무사례/김해상속등기필요서류,/업무사례/대전상속등기법무사,0.2989,0.0526,GOOD
/업무사례/울주범서상속등기,/업무사례/인천상속등기법무사,0.2989,0.0541,GOOD
/업무사례/경남상속등기비용,/업무사례/진주상속포기한정승인,0.2988,0.0743,GOOD
/업무사례/경남여러필지토지상속,/업무사례/부산에서김해법인본점이전,0.2988,0.3,GOOD
/업무사례/경북조부모명의토지상속,/업무사례/전북상속등기법무사,0.2988,0.0492,GOOD
/업무사례/대구만촌동상속등기,/업무사례/창원법인등기법무사,0.2988,0.2283,GOOD
/업무사례/대전상속등기법무사,/업무사례/칠곡상속등기법무사,0.2988,0.0593,GOOD
/업무사례/부산김해양산공동근저당권,/업무사례/칠곡상속등기법무사,0.2988,0.2194,GOOD
/업무사례/울주삼남상속등기,/업무사례/전북상속등기법무사,0.2988,0.0534,GOOD
/업무사례/울주삼남상속등기,/업무사례/통영상속포기한정승인,0.2988,0.1667,GOOD
/업무사례/경남상속등기비용,/업무사례/전남상속등기법무사,0.2987,0.0498,GOOD
/업무사례/광주상속등기법무사,/업무사례/울산아파트상속등기,0.2987,0.0508,GOOD
/업무사례/김해법인등기법무사,/업무사례/울산송정동상속등기,0.2987,0.2765,GOOD
/업무사례/대구상속등기필요서류,/업무사례/대전상속등기법무사,0.2987,0.0446,GOOD
/업무사례/대구아파트상속등기,/업무사례/통영상속포기한정승인,0.2987,0.1592,GOOD
/업무사례/양산상속등기필요서류,/업무사례/전남상속등기법무사,0.2987,0.0614,GOOD
/업무사례/경남유증등기법무사,/업무사례/광주상속등기법무사,0.2986,0.0546,GOOD
/업무사례/광주상속등기법무사,/업무사례/영천상속등기법무사,0.2986,0.0576,GOOD
/업무사례/대구경북공동담보등기,/업무사례/울산법무사업무,0.2986,0.277,GOOD
/업무사례/울주범서상속등기,/업무사례/통영상속포기한정승인,0.2986,0.1694,GOOD
/업무사례/경남공장공동근저당권,/업무사례/대구월성동상속등기,0.2985,0.2864,GOOD
/업무사례/경북상속등기법무사,/업무사례/양산상속등기비용,0.2985,0.0551,GOOD
/업무사례/광주상속등기법무사,/업무사례/울산상속등기필요서류,0.2985,0.0496,GOOD
/업무사례/대구다사상속등기,/업무사례/대전상속등기법무사,0.2985,0.0487,GOOD
/업무사례/대구아파트상속등기,/업무사례/세종상속등기법무사,0.2985,0.0494,GOOD
/업무사례/세종상속등기법무사,/업무사례/양산거주부산부동산상속,0.2985,0.049,GOOD
/업무사례/세종상속등기법무사,/업무사례/울산북구상속등기법무사,0.2985,0.0507,GOOD
/업무사례/울산에서부산법인본점이전,/업무사례/울주군상속포기한정승인,0.2985,0.1858,GOOD
/업무사례/경남상속등기비용,/업무사례/부산울산공동근저당권,0.2984,0.3048,GOOD
/업무사례/광주상속등기법무사,/업무사례/부산거주김해부동산상속,0.2984,0.0553,GOOD
/업무사례/광주상속등기법무사,/업무사례/부산거주양산부동산상속,0.2984,0.0546,GOOD
/업무사례/울산상속등기필요서류,/업무사례/인천상속등기법무사,0.2984,0.0502,GOOD
/업무사례/울산송정동상속등기,/업무사례/충남상속등기법무사,0.2984,0.0655,GOOD
/업무사례/경북농지상속등기,/업무사례/세종상속등기법무사,0.2983,0.0483,GOOD
/업무사례/경북임야상속등기,/업무사례/김해법인등기법무사,0.2983,0.2584,GOOD
/업무사례/김해법인등기법무사,/업무사례/울산북구상속등기법무사,0.2983,0.2585,GOOD
/업무사례/대구유증등기법무사,/업무사례/전북상속등기법무사,0.2983,0.0441,GOOD
/업무사례/부산울산공동근저당권,/업무사례/양산법인등기법무사,0.2983,0.1734,GOOD
/업무사례/김해법인등기법무사,/업무사례/대구북구상속등기법무사,0.2982,0.2632,GOOD
/업무사례/부산거주김해부동산상속,/업무사례/울산에서부산법인본점이전,0.2982,0.2472,GOOD
/업무사례/부산김해양산공동근저당권,/업무사례/사천상속등기법무사,0.2982,0.0644,GOOD
/업무사례/거제상속포기법무사,/업무사례/경북상속등기비용,0.2981,0.1401,GOOD
/업무사례/거제상속포기법무사,/업무사례/대구상속등기비용,0.2981,0.139,GOOD
/업무사례/경북법인등기법무사,/업무사례/창원의창구상속등기법무사,0.2981,0.2755,GOOD
/업무사례/경북토지상속등기,/업무사례/전북상속등기법무사,0.2981,0.0481,GOOD
/업무사례/대구부산공동근저당권,/업무사례/부산거주김해부동산상속,0.2981,0.2,GOOD
/업무사례/대구부산공동근저당권,/업무사례/부산거주양산부동산상속,0.2981,0.2266,GOOD
/업무사례/대구유증등기법무사,/업무사례/세종상속등기법무사,0.2981,0.0436,GOOD
/업무사례/울산매곡동상속등기,/업무사례/인천상속등기법무사,0.2981,0.0541,GOOD
/업무사례/울산상속등기필요서류,/업무사례/통영상속포기한정승인,0.2981,0.1653,GOOD
/업무사례/울산송정동상속등기,/업무사례/전남상속등기법무사,0.2981,0.0611,GOOD
/업무사례/경남상속등기비용,/업무사례/울산에서부산법인본점이전,0.298,0.2098,GOOD
/업무사례/경남유증등기법무사,/업무사례/양산근저당말소,0.298,0.2887,GOOD
/업무사례/경북임야상속등기,/업무사례/인천상속등기법무사,0.298,0.0556,GOOD
/업무사례/광주상속등기법무사,/업무사례/울주범서상속등기,0.298,0.0494,GOOD
/업무사례/대구다사상속등기,/업무사례/충남상속등기법무사,0.298,0.0534,GOOD
/업무사례/대구만촌동상속등기,/업무사례/인천상속등기법무사,0.298,0.0522,GOOD
/업무사례/대구상속등기필요서류,/업무사례/전남상속등기법무사,0.298,0.0455,GOOD
/업무사례/대구상속등기필요서류,/업무사례/통영상속포기한정승인,0.298,0.1554,GOOD
/업무사례/대구아파트상속등기,/업무사례/인천상속등기법무사,0.298,0.0471,GOOD
/업무사례/대구중구상속등기법무사,/업무사례/통영상속포기한정승인,0.298,0.1594,GOOD
/업무사례/부산에서김해법인본점이전,/업무사례/창원상속등기비용,0.298,0.2727,GOOD
/업무사례/전남상속등기법무사,/업무사례/창원상속등기비용,0.298,0.0517,GOOD
/업무사례/창원상속등기비용,/업무사례/포항에서부산법인본점이전,0.298,0.2115,GOOD
/업무사례/경기광주상속등기법무사,/업무사례/대구성서상속등기,0.2979,0.0711,GOOD
/업무사례/경남법무사업무,/업무사례/경북조부모명의토지상속,0.2979,0.2925,GOOD
/업무사례/경북법인등기법무사,/업무사례/양산상속등기비용,0.2979,0.2338,GOOD
/업무사례/구미에서부산법인본점이전,/업무사례/양산부동산등기법무사,0.2979,0.1848,GOOD
/업무사례/대구달성군상속등기법무사,/업무사례/부산김해양산공동근저당권,0.2979,0.2947,GOOD
/업무사례/부산울산공동근저당권,/업무사례/울주군상속포기한정승인,0.2979,0.1951,GOOD
/업무사례/경남여러필지토지상속,/업무사례/양산에서부산법인본점이전,0.2978,0.3391,GOOD
/업무사례/경남유증등기법무사,/업무사례/양산법인등기법무사,0.2978,0.2127,GOOD
/업무사례/경북상속등기필요서류,/업무사례/통영상속포기한정승인,0.2978,0.1573,GOOD
/업무사례/세종상속등기법무사,/업무사례/안동상속등기법무사,0.2978,0.0544,GOOD
/업무사례/울산매곡동상속등기,/업무사례/통영상속포기한정승인,0.2978,0.1647,GOOD
/업무사례/울산북구상속등기법무사,/업무사례/진주상속포기한정승인,0.2978,0.0717,GOOD
/업무사례/거제상속포기법무사,/업무사례/영천상속등기법무사,0.2977,0.1143,GOOD
/업무사례/거제상속포기법무사,/업무사례/울산공장상속등기,0.2977,0.1502,GOOD
/업무사례/광주상속등기법무사,/업무사례/대구토지상속등기,0.2977,0.0471,GOOD
/업무사례/김해에서부산법인본점이전,/업무사례/대구성서상속등기,0.2977,0.2363,GOOD
/업무사례/대구다사상속등기,/업무사례/대전서구상속등기법무사,0.2977,0.0875,GOOD
/업무사례/양산에서부산법인본점이전,/업무사례/창원상속등기필요서류,0.2977,0.289,GOOD
/업무사례/울산동구상속등기법무사,/업무사례/전남상속등기법무사,0.2977,0.0547,GOOD
/업무사례/경남공장공동근저당권,/업무사례/울산매곡동상속등기,0.2976,0.3173,GOOD
/업무사례/김해거주부산부동산상속,/업무사례/충남상속등기법무사,0.2976,0.049,GOOD
/업무사례/대구다사상속등기,/업무사례/창원법인등기법무사,0.2976,0.2864,GOOD
/업무사례/대구동구상속등기법무사,/업무사례/양산상속포기한정승인,0.2976,0.0292,GOOD
/업무사례/대구북구상속등기법무사,/업무사례/대전서구상속등기법무사,0.2976,0.0952,GOOD
/업무사례/양산개인회생법무사,/업무사례/양산법인등기법무사,0.2976,0.1803,GOOD
/업무사례/양산법인등기법무사,/업무사례/포항에서부산법인본점이전,0.2976,0.1544,GOOD
/업무사례/양산상속등기비용,/업무사례/포항상속등기법무사,0.2976,0.0528,GOOD
/업무사례/울산동구상속등기법무사,/업무사례/전북상속등기법무사,0.2976,0.0541,GOOD
/업무사례/울산옥동상속등기,/업무사례/전남상속등기법무사,0.2976,0.0623,GOOD
/업무사례/거제상속포기법무사,/업무사례/울산유증등기법무사,0.2975,0.1542,GOOD
/업무사례/경남공장공동근저당권,/업무사례/울산북구상속등기법무사,0.2975,0.3116,GOOD
/업무사례/경남조부모명의토지상속,/업무사례/부산에서양산법인본점이전,0.2975,0.2554,GOOD
/업무사례/김해에서부산법인본점이전,/업무사례/창원의창구상속등기법무사,0.2975,0.257,GOOD
/업무사례/대구상인동상속등기,/업무사례/전북상속등기법무사,0.2975,0.0406,GOOD
/업무사례/대구서구상속등기법무사,/업무사례/창원에서부산법인본점이전,0.2975,0.2346,GOOD
/업무사례/세종상속등기법무사,/업무사례/울주범서상속등기,0.2975,0.0483,GOOD
/경상도비대면상속등기,/타지역상속인경상도부동산,0.2974,0.3347,GOOD
/업무사례/경남공장공동근저당권,/업무사례/울산동구상속등기법무사,0.2974,0.3073,GOOD
/업무사례/구미에서부산법인본점이전,/업무사례/김해상속등기비용,0.2974,0.2186,GOOD
/업무사례/김해거주부산부동산상속,/업무사례/전남상속등기법무사,0.2974,0.0492,GOOD
/업무사례/김해법인등기법무사,/업무사례/대구시지상속등기,0.2974,0.2749,GOOD
/업무사례/대구유증등기법무사,/업무사례/진주상속포기한정승인,0.2974,0.0609,GOOD
/업무사례/대전상속등기법무사,/업무사례/울산동구상속등기법무사,0.2974,0.0536,GOOD
/업무사례/세종상속등기법무사,/업무사례/창원상속등기필요서류,0.2974,0.0504,GOOD
/업무사례/경남법인등기법무사,/업무사례/경남상속등기비용,0.2973,0.3575,GOOD
/업무사례/경남여러필지토지상속,/업무사례/양산법인등기법무사,0.2973,0.1991,GOOD
/업무사례/경산상속등기법무사,/업무사례/양산상속등기비용,0.2973,0.0528,GOOD
/업무사례/구미에서부산법인본점이전,/업무사례/창원상속등기필요서류,0.2973,0.2247,GOOD
/업무사례/김해법인등기법무사,/업무사례/대구남구상속등기법무사,0.2973,0.245,GOOD
/업무사례/대구동구상속등기법무사,/업무사례/전남상속등기법무사,0.2973,0.0625,GOOD
/업무사례/대구만촌동상속등기,/업무사례/부산김해양산공동근저당권,0.2973,0.2071,GOOD
/업무사례/대구부산공동근저당권,/업무사례/양산상속등기비용,0.2973,0.2273,GOOD
/업무사례/대구시지상속등기,/업무사례/인천상속등기법무사,0.2973,0.0617,GOOD
/업무사례/대구토지상속등기,/업무사례/진주상속포기한정승인,0.2973,0.0642,GOOD
/업무사례/울산공장상속등기,/업무사례/전북상속등기법무사,0.2973,0.0455,GOOD
/업무사례/울산삼산동상속등기,/업무사례/전북상속등기법무사,0.2973,0.0536,GOOD
/업무사례/울산아파트상속등기,/업무사례/통영상속포기한정승인,0.2973,0.1694,GOOD
/업무사례/경남법무사업무,/업무사례/경북토지상속등기,0.2972,0.2963,GOOD
/업무사례/김해상속등기필요서류,/업무사례/부산에서창원법인본점이전,0.2972,0.3112,GOOD
/업무사례/대구남구상속등기법무사,/업무사례/인천상속등기법무사,0.2972,0.0625,GOOD
/업무사례/대구동구상속등기법무사,/업무사례/세종상속등기법무사,0.2972,0.057,GOOD
/업무사례/부산김해양산공동근저당권,/업무사례/울산동구상속등기법무사,0.2972,0.2878,GOOD
/업무사례/부산에서울산법인본점이전,/업무사례/안동오래된토지상속등기,0.2972,0.1351,GOOD
/업무사례/울산송정동상속등기,/업무사례/진주상속포기한정승인,0.2972,0.0795,GOOD
/업무사례/경남공장공동근저당권,/업무사례/울산중구상속등기법무사,0.2971,0.3237,GOOD
/업무사례/경남법인등기법무사,/업무사례/김해상속등기비용,0.2971,0.2736,GOOD
/업무사례/경남조부모명의토지상속,/업무사례/광주상속등기법무사,0.2971,0.0553,GOOD
/업무사례/김해상속등기필요서류,/업무사례/포항에서부산법인본점이전,0.2971,0.3163,GOOD
/업무사례/남해상속등기법무사,/업무사례/양산상속포기한정승인,0.2971,0.0205,GOOD
/업무사례/대구동구상속등기법무사,/업무사례/창원법인등기법무사,0.2971,0.2974,GOOD
/업무사례/대구시지상속등기,/업무사례/진주상속포기한정승인,0.2971,0.0702,GOOD
/업무사례/안동상속등기법무사,/업무사례/전남상속등기법무사,0.2971,0.0603,GOOD
/업무사례/울산북구상속등기법무사,/업무사례/충남상속등기법무사,0.2971,0.0634,GOOD
/업무사례/거제상속포기법무사,/업무사례/울주언양상속등기,0.297,0.1479,GOOD
/업무사례/경남유증등기법무사,/업무사례/포항에서부산법인본점이전,0.297,0.2822,GOOD
/업무사례/광주상속등기법무사,/업무사례/대구월성동상속등기,0.297,0.0415,GOOD
/업무사례/김해상속등기필요서류,/업무사례/대구에서부산법인본점이전,0.297,0.3302,GOOD
/업무사례/대구군위군상속등기법무사,/업무사례/전남상속등기법무사,0.297,0.0661,GOOD
/업무사례/대구만촌동상속등기,/업무사례/창원에서부산법인본점이전,0.297,0.224,GOOD
/업무사례/김해상속등기필요서류,/업무사례/부산에서양산법인본점이전,0.2969,0.3163,GOOD
/업무사례/김해상속등기필요서류,/업무사례/충북상속등기법무사,0.2969,0.053,GOOD
/업무사례/대구남구상속등기법무사,/업무사례/전남상속등기법무사,0.2969,0.0618,GOOD
/업무사례/대구상속등기필요서류,/업무사례/세종상속등기법무사,0.2969,0.0444,GOOD
/업무사례/울주언양상속등기,/업무사례/충남상속등기법무사,0.2969,0.057,GOOD
/업무사례/거제상속포기법무사,/업무사례/울산삼산동상속등기,0.2968,0.1508,GOOD
/업무사례/경남법무사업무,/업무사례/대구만촌동상속등기,0.2968,0.2189,GOOD
/업무사례/경산상속등기법무사,/업무사례/김해상속등기비용,0.2968,0.052,GOOD
/업무사례/대구남구상속등기법무사,/업무사례/대전서구상속등기법무사,0.2968,0.0916,GOOD
/업무사례/대전상속등기법무사,/업무사례/부산거주김해부동산상속,0.2968,0.0586,GOOD
/업무사례/부산에서대구법인본점이전,/업무사례/양산부동산등기법무사,0.2968,0.1848,GOOD
/업무사례/충북상속등기법무사,/업무사례/칠곡상속등기법무사,0.2968,0.0598,GOOD
/업무사례/경남법무사업무,/업무사례/경북오래된상속등기,0.2967,0.2958,GOOD
/업무사례/경남오래된상속등기,/업무사례/포항에서부산법인본점이전,0.2967,0.2367,GOOD
/업무사례/경북법무사업무,/업무사례/대구에서부산법인본점이전,0.2967,0.2613,GOOD
/업무사례/경북상속등기필요서류,/업무사례/세종상속등기법무사,0.2967,0.0489,GOOD
/업무사례/경북임야상속등기,/업무사례/전남상속등기법무사,0.2967,0.0549,GOOD
/업무사례/경산상속등기법무사,/업무사례/대구성서상속등기,0.2967,0.061,GOOD
/업무사례/광주상속등기법무사,/업무사례/대구유증등기법무사,0.2967,0.0446,GOOD
/업무사례/김해법인등기법무사,/업무사례/대구현풍상속등기,0.2967,0.233,GOOD
/업무사례/대구동구상속등기법무사,/업무사례/충남상속등기법무사,0.2967,0.0664,GOOD
/업무사례/대구법무사업무,/업무사례/부산울산공동근저당권,0.2967,0.2558,GOOD
/업무사례/부산에서창원법인본점이전,/업무사례/양산거주부산부동산상속,0.2967,0.2802,GOOD
/업무사례/세종상속등기법무사,/업무사례/울산토지상속등기,0.2967,0.0478,GOOD
/업무사례/울산아파트상속등기,/업무사례/인천상속등기법무사,0.2967,0.0514,GOOD
/업무사례/울산옥동상속등기,/업무사례/진주상속포기한정승인,0.2967,0.0706,GOOD
/업무사례/창원의창구상속등기법무사,/업무사례/충남상속등기법무사,0.2967,0.0598,GOOD
/업무사례/거제상속포기법무사,/업무사례/울산상속등기비용,0.2966,0.1526,GOOD
/업무사례/경남상속등기비용,/업무사례/대전상속등기법무사,0.2966,0.0489,GOOD
/업무사례/경북법무사업무,/업무사례/구미에서부산법인본점이전,0.2966,0.1912,GOOD
/업무사례/광주상속등기법무사,/업무사례/울산상속등기비용,0.2966,0.0549,GOOD
/업무사례/부산김해양산공동근저당권,/업무사례/울산유증등기법무사,0.2966,0.2885,GOOD
/업무사례/전남상속등기법무사,/업무사례/창원상속등기필요서류,0.2966,0.0517,GOOD
/업무사례/경남여러필지토지상속,/업무사례/포항에서부산법인본점이전,0.2965,0.2718,GOOD
/업무사례/경북상속등기비용,/업무사례/세종상속등기법무사,0.2965,0.0524,GOOD
/업무사례/경북임야상속등기,/업무사례/세종상속등기법무사,0.2965,0.0535,GOOD
/업무사례/대구다사상속등기,/업무사례/충북상속등기법무사,0.2965,0.053,GOOD
/업무사례/대구중구상속등기법무사,/업무사례/부산김해양산공동근저당권,0.2965,0.2905,GOOD
/업무사례/울산삼산동상속등기,/업무사례/창원에서부산법인본점이전,0.2965,0.2677,GOOD
/업무사례/경남공장공동근저당권,/업무사례/사천상속등기법무사,0.2964,0.0634,GOOD
/업무사례/경남법인등기법무사,/업무사례/창원상속등기비용,0.2964,0.2365,GOOD
/업무사례/광주상속등기법무사,/업무사례/대구범어동상속등기,0.2964,0.0417,GOOD
/업무사례/김해상속등기비용,/업무사례/충북상속등기법무사,0.2964,0.0544,GOOD
/업무사례/대구동구상속등기법무사,/업무사례/진주상속포기한정승인,0.2964,0.0669,GOOD
/업무사례/대구상속등기필요서류,/업무사례/부산김해양산공동근저당권,0.2964,0.2736,GOOD
/업무사례/대구중구상속등기법무사,/업무사례/인천상속등기법무사,0.2964,0.062,GOOD
/업무사례/부산에서대구법인본점이전,/업무사례/양산법인등기법무사,0.2964,0.1726,GOOD
/업무사례/울산송정동상속등기,/업무사례/인천상속등기법무사,0.2964,0.0619,GOOD
/업무사례/울산아파트상속등기,/업무사례/전남상속등기법무사,0.2964,0.0508,GOOD
/업무사례/울산중구상속등기법무사,/업무사례/통영상속포기한정승인,0.2964,0.1694,GOOD
/업무사례/충남상속등기법무사,/업무사례/칠곡상속등기법무사,0.2964,0.0603,GOOD
/업무사례/거제상속포기법무사,/업무사례/경북조부모명의토지상속,0.2963,0.1406,GOOD
/업무사례/경주오래된토지상속등기,/업무사례/부산울산공동근저당권,0.2963,0.1484,GOOD
/업무사례/김해상속등기비용,/업무사례/부산에서양산법인본점이전,0.2963,0.3107,GOOD
/업무사례/대구경북공동담보등기,/업무사례/양산법인등기법무사,0.2963,0.1647,GOOD
/업무사례/대구경북공동담보등기,/업무사례/창원상속등기필요서류,0.2963,0.2335,GOOD
/업무사례/양산근저당말소,/업무사례/창원상속등기필요서류,0.2963,0.2335,GOOD
/업무사례/울산옥동상속등기,/업무사례/창원법인등기법무사,0.2963,0.3026,GOOD
/업무사례/경남여러필지토지상속,/업무사례/광주상속등기법무사,0.2962,0.0539,GOOD
/업무사례/경남오래된상속등기,/업무사례/충남상속등기법무사,0.2962,0.0551,GOOD
/업무사례/경북법인등기법무사,/업무사례/양산상속등기필요서류,0.2962,0.2312,GOOD
/업무사례/경북토지상속등기,/업무사례/통영상속포기한정승인,0.2962,0.1529,GOOD
/업무사례/김해상속등기필요서류,/업무사례/대전서구상속등기법무사,0.2962,0.0752,GOOD
/업무사례/대구남구상속등기법무사,/업무사례/충남상속등기법무사,0.2962,0.0615,GOOD
/업무사례/대구동구상속등기법무사,/업무사례/대전상속등기법무사,0.2962,0.0613,GOOD
/업무사례/양산에서부산법인본점이전,/업무사례/창원성산구상속등기법무사,0.2962,0.2717,GOOD
/업무사례/울산토지상속등기,/업무사례/인천상속등기법무사,0.2962,0.0494,GOOD
/업무사례/경남여러필지토지상속,/업무사례/인천상속등기법무사,0.2961,0.0546,GOOD
/업무사례/경북상속등기법무사,/업무사례/대구다사상속등기,0.2961,0.0528,GOOD
/업무사례/김해법인등기법무사,/업무사례/사천상속등기법무사,0.2961,0.083,GOOD
/업무사례/김해법인등기법무사,/업무사례/울산매곡동상속등기,0.2961,0.2438,GOOD
/업무사례/대구중구상속등기법무사,/업무사례/전북상속등기법무사,0.2961,0.0606,GOOD
/업무사례/대전상속등기법무사,/업무사례/창원성산구상속등기법무사,0.2961,0.0603,GOOD
/업무사례/경남오래된상속등기,/업무사례/전남상속등기법무사,0.296,0.0553,GOOD
/업무사례/경남유증등기법무사,/업무사례/세종상속등기법무사,0.296,0.0533,GOOD
/업무사례/경남유증등기법무사,/업무사례/양산에서부산법인본점이전,0.296,0.345,GOOD
/업무사례/대구시지상속등기,/업무사례/대전서구상속등기법무사,0.296,0.0944,GOOD
/업무사례/울주범서상속등기,/업무사례/충남상속등기법무사,0.296,0.0532,GOOD
/업무사례/울주삼남상속등기,/업무사례/진주상속포기한정승인,0.296,0.0706,GOOD
/업무사례/구미에서부산법인본점이전,/업무사례/김해거주부산부동산상속,0.2959,0.2169,GOOD
/업무사례/김해법인등기법무사,/업무사례/울산달동상속등기,0.2959,0.2525,GOOD
/업무사례/김해법인등기법무사,/업무사례/울산동구상속등기법무사,0.2959,0.2577,GOOD
/업무사례/김해법인등기법무사,/업무사례/울주범서상속등기,0.2959,0.2563,GOOD
/업무사례/김해에서부산법인본점이전,/업무사례/부산거주김해부동산상속,0.2959,0.2556,GOOD
/업무사례/대전상속등기법무사,/업무사례/안동상속등기법무사,0.2959,0.0591,GOOD
/업무사례/양산상속등기비용,/업무사례/제주상속등기법무사,0.2959,0.0558,GOOD
/업무사례/울산송정동상속등기,/업무사례/충북상속등기법무사,0.2959,0.0603,GOOD
/업무사례/울산토지상속등기,/업무사례/진주상속포기한정승인,0.2959,0.0691,GOOD
/업무사례/인천상속등기법무사,/업무사례/창원상속등기필요서류,0.2959,0.0524,GOOD
/업무사례/강원상속등기법무사,/업무사례/대구성서상속등기,0.2958,0.0644,GOOD
/업무사례/경남여러필지토지상속,/업무사례/전남상속등기법무사,0.2958,0.0539,GOOD
/업무사례/광주상속등기법무사,/업무사례/울산삼산동상속등기,0.2958,0.0543,GOOD
/업무사례/김해상속등기비용,/업무사례/울산상속등기법무사,0.2958,0.0512,GOOD
/업무사례/김해상속등기필요서류,/업무사례/양산근저당말소,0.2958,0.2685,GOOD
/업무사례/대구시지상속등기,/업무사례/세종상속등기법무사,0.2958,0.0549,GOOD
/업무사례/울산달동상속등기,/업무사례/진주상속포기한정승인,0.2958,0.0704,GOOD
/업무사례/울산북구상속등기법무사,/업무사례/전남상속등기법무사,0.2958,0.0637,GOOD
/업무사례/울주범서상속등기,/업무사례/진주상속포기한정승인,0.2958,0.0738,GOOD
/업무사례/경북법무사업무,/업무사례/부산에서대구법인본점이전,0.2957,0.1796,GOOD
/업무사례/경북오래된상속등기,/업무사례/전북상속등기법무사,0.2957,0.0489,GOOD
/업무사례/경북토지상속등기,/업무사례/광주상속등기법무사,0.2957,0.0487,GOOD
/업무사례/대구남구상속등기법무사,/업무사례/세종상속등기법무사,0.2957,0.0564,GOOD
/업무사례/대구북구상속등기법무사,/업무사례/전남상속등기법무사,0.2957,0.0661,GOOD
/업무사례/대구아파트상속등기,/업무사례/전남상속등기법무사,0.2957,0.0465,GOOD
/업무사례/부산거주김해부동산상속,/업무사례/포항에서부산법인본점이전,0.2957,0.1907,GOOD
/업무사례/거제상속포기법무사,/업무사례/고성군상속등기법무사,0.2956,0.1,GOOD
/업무사례/경남공장공동근저당권,/업무사례/안동상속등기법무사,0.2956,0.22,GOOD
/업무사례/경남상속등기비용,/업무사례/세종상속등기법무사,0.2956,0.0526,GOOD
/업무사례/경남여러필지토지상속,/업무사례/대전상속등기법무사,0.2956,0.0528,GOOD
/업무사례/대구토지상속등기,/업무사례/인천상속등기법무사,0.2956,0.0476,GOOD
/업무사례/부산거주양산부동산상속,/업무사례/부산에서대구법인본점이전,0.2956,0.2097,GOOD
/업무사례/세종상속등기법무사,/업무사례/울산달동상속등기,0.2956,0.0526,GOOD
/업무사례/양산근저당말소,/업무사례/창원상속등기비용,0.2956,0.2211,GOOD
/업무사례/김해법인등기법무사,/업무사례/울산아파트상속등기,0.2955,0.2462,GOOD
/업무사례/대구수성구상속등기법무사,/업무사례/전국업무사례,0.2955,0.0538,GOOD
/업무사례/대구현풍상속등기,/업무사례/진주상속포기한정승인,0.2955,0.0612,GOOD
/업무사례/대전상속등기법무사,/업무사례/울산옥동상속등기,0.2955,0.057,GOOD
/업무사례/부산울산공동근저당권,/업무사례/양산상속등기비용,0.2955,0.2374,GOOD
/업무사례/대구상속등기필요서류,/업무사례/충남상속등기법무사,0.2954,0.0453,GOOD
/업무사례/대구상인동상속등기,/업무사례/세종상속등기법무사,0.2954,0.0401,GOOD
/업무사례/부산거주김해부동산상속,/업무사례/인천상속등기법무사,0.2954,0.056,GOOD
/업무사례/부산김해양산공동근저당권,/업무사례/울산상속등기필요서류,0.2954,0.2871,GOOD
/업무사례/경북상속등기필요서류,/업무사례/인천상속등기법무사,0.2953,0.0506,GOOD
/업무사례/광주상속등기법무사,/업무사례/울산매곡동상속등기,0.2953,0.0534,GOOD
/업무사례/광주상속등기법무사,/업무사례/울산북구상속등기법무사,0.2953,0.0519,GOOD
/업무사례/대구달성군상속등기법무사,/업무사례/대전서구상속등기법무사,0.2953,0.0878,GOOD
/업무사례/대구시지상속등기,/업무사례/양산상속포기한정승인,0.2953,0.0325,GOOD
/업무사례/대구토지상속등기,/업무사례/전남상속등기법무사,0.2953,0.0471,GOOD
/업무사례/경남법무사업무,/업무사례/경남비대면상속안내,0.2952,0.0938,GOOD
/업무사례/김해법인등기법무사,/업무사례/안동상속등기법무사,0.2952,0.2717,GOOD
/업무사례/김해상속등기비용,/업무사례/부산에서대구법인본점이전,0.2952,0.2054,GOOD
/업무사례/김해상속등기비용,/업무사례/양산근저당말소,0.2952,0.2653,GOOD
/업무사례/대구남구상속등기법무사,/업무사례/양산상속포기한정승인,0.2952,0.0289,GOOD
/업무사례/대구달성군상속등기법무사,/업무사례/창원에서부산법인본점이전,0.2952,0.265,GOOD
/업무사례/대구현풍상속등기,/업무사례/제주상속등기법무사,0.2952,0.0564,GOOD
/업무사례/대전상속등기법무사,/업무사례/울산아파트상속등기,0.2952,0.0498,GOOD
/업무사례/안동상속등기법무사,/업무사례/진주상속포기한정승인,0.2952,0.083,GOOD
/업무사례/울산토지상속등기,/업무사례/충남상속등기법무사,0.2952,0.0487,GOOD
/업무사례/제주상속등기법무사,/업무사례/창원의창구상속등기법무사,0.2952,0.0598,GOOD
/업무사례/경남상속등기비용,/업무사례/양산상속포기한정승인,0.2951,0.0253,GOOD
/업무사례/경남조부모명의토지상속,/업무사례/양산법인등기법무사,0.2951,0.2045,GOOD
/업무사례/경북상속등기법무사,/업무사례/김해상속등기비용,0.2951,0.0542,GOOD
/업무사례/경북상속등기필요서류,/업무사례/부산김해양산공동근저당권,0.2951,0.2899,GOOD
/업무사례/김해거주부산부동산상속,/업무사례/부산에서창원법인본점이전,0.2951,0.3371,GOOD
/업무사례/김해상속등기비용,/업무사례/대구에서부산법인본점이전,0.2951,0.244,GOOD
/업무사례/대구다사상속등기,/업무사례/양산상속포기한정승인,0.2951,0.0289,GOOD
/업무사례/대구토지상속등기,/업무사례/대전상속등기법무사,0.2951,0.0462,GOOD
/업무사례/대전서구상속등기법무사,/업무사례/안동상속등기법무사,0.2951,0.0753,GOOD
/업무사례/울산달동상속등기,/업무사례/충남상속등기법무사,0.2951,0.0577,GOOD
/업무사례/울산동구상속등기법무사,/업무사례/충남상속등기법무사,0.2951,0.0586,GOOD
/업무사례/울산상속등기비용,/업무사례/창원에서부산법인본점이전,0.2951,0.2718,GOOD
/업무사례/울산유증등기법무사,/업무사례/통영상속포기한정승인,0.2951,0.1707,GOOD
/업무사례/경북상속등기필요서류,/업무사례/김해법인등기법무사,0.295,0.2412,GOOD
/업무사례/김해상속등기비용,/업무사례/양산법인등기법무사,0.295,0.1982,GOOD
/업무사례/부산에서창원법인본점이전,/업무사례/양산상속등기비용,0.295,0.2825,GOOD
/업무사례/양산부동산등기법무사,/업무사례/창원성산구상속등기법무사,0.295,0.2335,GOOD
/업무사례/창원에서부산법인본점이전,/업무사례/칠곡상속등기법무사,0.295,0.2514,GOOD
/업무사례/경남법무사업무,/업무사례/대구범어동상속등기,0.2949,0.2972,GOOD
/업무사례/광주상속등기법무사,/업무사례/울산중구상속등기법무사,0.2949,0.0534,GOOD
/업무사례/대구군위군상속등기법무사,/업무사례/대전상속등기법무사,0.2949,0.0647,GOOD
/업무사례/대구만촌동상속등기,/업무사례/전남상속등기법무사,0.2949,0.0515,GOOD
/업무사례/대구성서상속등기,/업무사례/양산상속포기한정승인,0.2949,0.0321,GOOD
/업무사례/대전상속등기법무사,/업무사례/창원상속등기비용,0.2949,0.0506,GOOD
/업무사례/부산거주양산부동산상속,/업무사례/세종상속등기법무사,0.2949,0.0533,GOOD
/업무사례/부산에서울산법인본점이전,/업무사례/창원상속등기비용,0.2949,0.2289,GOOD
/업무사례/경남법인등기법무사,/업무사례/창원상속등기필요서류,0.2948,0.2426,GOOD
/업무사례/경북임야상속등기,/업무사례/진주상속포기한정승인,0.2948,0.0685,GOOD
/업무사례/경주오래된토지상속등기,/업무사례/울산에서부산법인본점이전,0.2948,0.1652,GOOD
/업무사례/김해거주부산부동산상속,/업무사례/인천상속등기법무사,0.2948,0.0498,GOOD
/업무사례/대구남구상속등기법무사,/업무사례/대전상속등기법무사,0.2948,0.0606,GOOD
/업무사례/대구아파트상속등기,/업무사례/진주상속포기한정승인,0.2948,0.0634,GOOD
/업무사례/부산김해양산공동근저당권,/업무사례/울산옥동상속등기,0.2948,0.2961,GOOD
/업무사례/울산동구상속등기법무사,/업무사례/진주상속포기한정승인,0.2948,0.0755,GOOD
/업무사례/창원상속등기비용,/업무사례/충북상속등기법무사,0.2948,0.0511,GOOD
/업무사례/경북농지상속등기,/업무사례/경산상속등기법무사,0.2947,0.0469,GOOD
/업무사례/경북오래된상속등기,/업무사례/통영상속포기한정승인,0.2947,0.1554,GOOD
/업무사례/김해상속등기필요서류,/업무사례/부산에서대구법인본점이전,0.2947,0.1801,GOOD
/업무사례/대구경북공동담보등기,/업무사례/양산상속등기비용,0.2947,0.2323,GOOD
/업무사례/대구에서부산법인본점이전,/업무사례/창원성산구상속등기법무사,0.2947,0.2057,GOOD
/업무사례/울주언양상속등기,/업무사례/진주상속포기한정승인,0.2947,0.0696,GOOD
/업무사례/경북상속등기법무사,/업무사례/울산송정동상속등기,0.2946,0.0601,GOOD
/업무사례/대구다사상속등기,/업무사례/창원에서부산법인본점이전,0.2946,0.2512,GOOD
/업무사례/대구아파트상속등기,/업무사례/대전상속등기법무사,0.2946,0.0456,GOOD
/업무사례/부산거주양산부동산상속,/업무사례/양산부동산등기법무사,0.2946,0.2341,GOOD
/업무사례/양산상속등기비용,/업무사례/제주시상속등기법무사,0.2946,0.0597,GOOD
/업무사례/양산상속등기필요서류,/업무사례/충북상속등기법무사,0.2946,0.0606,GOOD
/업무사례/경북농지상속등기,/업무사례/김해법인등기법무사,0.2945,0.2315,GOOD
/업무사례/경북상속등기법무사,/업무사례/칠곡상속등기법무사,0.2945,0.0596,GOOD
/업무사례/경산상속등기법무사,/업무사례/대구달성군상속등기법무사,0.2945,0.0588,GOOD
/업무사례/대구동구상속등기법무사,/업무사례/부산김해양산공동근저당권,0.2945,0.2913,GOOD
/업무사례/대구북구상속등기법무사,/업무사례/대전상속등기법무사,0.2945,0.0647,GOOD
/업무사례/대전상속등기법무사,/업무사례/창원상속등기필요서류,0.2945,0.0506,GOOD
/업무사례/양산상속등기비용,/업무사례/울산상속등기법무사,0.2945,0.0472,GOOD
/업무사례/경북조부모명의토지상속,/업무사례/광주상속등기법무사,0.2944,0.0498,GOOD
/업무사례/김해법인등기법무사,/업무사례/울산중구상속등기법무사,0.2944,0.2626,GOOD
/업무사례/대구군위군상속등기법무사,/업무사례/충남상속등기법무사,0.2944,0.0658,GOOD
/업무사례/대구서구상속등기법무사,/업무사례/진주상속포기한정승인,0.2944,0.0753,GOOD
/업무사례/대구성서상속등기,/업무사례/제주상속등기법무사,0.2944,0.0644,GOOD
/업무사례/대구월성동상속등기,/업무사례/세종상속등기법무사,0.2944,0.0406,GOOD
/업무사례/양산상속등기필요서류,/업무사례/양산에서부산법인본점이전,0.2944,0.2924,GOOD
/업무사례/양산상속포기한정승인,/업무사례/칠곡상속등기법무사,0.2944,0.0282,GOOD
/업무사례/경남법무사업무,/업무사례/진주상속포기한정승인,0.2943,0.0586,GOOD
/업무사례/경북상속등기법무사,/업무사례/울산북구상속등기법무사,0.2943,0.0667,GOOD
/업무사례/광주상속등기법무사,/업무사례/울산토지상속등기,0.2943,0.0489,GOOD
/업무사례/김해거주부산부동산상속,/업무사례/대전상속등기법무사,0.2943,0.0482,GOOD
/업무사례/남해상속등기법무사,/업무사례/진주상속포기한정승인,0.2943,0.0821,GOOD
/업무사례/대전상속등기법무사,/업무사례/울산중구상속등기법무사,0.2943,0.0564,GOOD
/업무사례/대전상속등기법무사,/업무사례/창원의창구상속등기법무사,0.2943,0.0544,GOOD
/업무사례/울산공장상속등기,/업무사례/통영상속포기한정승인,0.2943,0.1667,GOOD
/업무사례/울산매곡동상속등기,/업무사례/충남상속등기법무사,0.2943,0.0532,GOOD
/업무사례/울주삼남상속등기,/업무사례/인천상속등기법무사,0.2943,0.0547,GOOD
/업무사례/경남법무사업무,/업무사례/고성군상속등기법무사,0.2942,0.1111,GOOD
/업무사례/경남여러필지토지상속,/업무사례/경북상속등기법무사,0.2942,0.0574,GOOD
/업무사례/경남여러필지토지상속,/업무사례/충남상속등기법무사,0.2942,0.0537,GOOD
/업무사례/경북법인등기법무사,/업무사례/창원상속등기비용,0.2942,0.2228,GOOD
/업무사례/경북오래된상속등기,/업무사례/인천상속등기법무사,0.2942,0.05,GOOD
/업무사례/광주상속등기법무사,/업무사례/울산달동상속등기,0.2942,0.0538,GOOD
/업무사례/대구만촌동상속등기,/업무사례/충남상속등기법무사,0.2942,0.0513,GOOD
/업무사례/대구부산공동근저당권,/업무사례/양산법인등기법무사,0.2942,0.1653,GOOD
/업무사례/대구상속등기필요서류,/업무사례/진주상속포기한정승인,0.2942,0.062,GOOD
/업무사례/대구현풍상속등기,/업무사례/충북상속등기법무사,0.2942,0.056,GOOD
/업무사례/울주삼남상속등기,/업무사례/창원법인등기법무사,0.2942,0.3026,GOOD
/업무사례/창원성산구상속등기법무사,/업무사례/충북상속등기법무사,0.2942,0.0655,GOOD
/업무사례/경북법인등기법무사,/업무사례/부산거주양산부동산상속,0.2941,0.2271,GOOD
/업무사례/경북상속등기비용,/업무사례/인천상속등기법무사,0.2941,0.0502,GOOD
/업무사례/경북임야상속등기,/업무사례/충남상속등기법무사,0.2941,0.0546,GOOD
/업무사례/광주상속등기법무사,/업무사례/울주언양상속등기,0.2941,0.0492,GOOD
/업무사례/김해법인등기법무사,/업무사례/울산상속등기필요서류,0.2941,0.2513,GOOD
/업무사례/김해상속등기필요서류,/업무사례/제주상속등기법무사,0.2941,0.0575,GOOD
/업무사례/대구시지상속등기,/업무사례/전남상속등기법무사,0.2941,0.0609,GOOD
/업무사례/대구아파트상속등기,/업무사례/충남상속등기법무사,0.2941,0.0463,GOOD
/업무사례/울산달동상속등기,/업무사례/인천상속등기법무사,0.2941,0.0545,GOOD
/업무사례/경남오래된상속등기,/업무사례/전북상속등기법무사,0.294,0.0546,GOOD
/업무사례/경북상속등기필요서류,/업무사례/진주상속포기한정승인,0.294,0.0627,GOOD
/업무사례/구미에서부산법인본점이전,/업무사례/양산거주부산부동산상속,0.294,0.2162,GOOD
/업무사례/김해법인등기법무사,/업무사례/대구상속등기필요서류,0.294,0.2315,GOOD
/업무사례/대구남구상속등기법무사,/업무사례/진주상속포기한정승인,0.294,0.0662,GOOD
/업무사례/대구북구상속등기법무사,/업무사례/충남상속등기법무사,0.294,0.0658,GOOD
/업무사례/대구성서상속등기,/업무사례/부산에서양산법인본점이전,0.294,0.2707,GOOD
/업무사례/대구에서부산법인본점이전,/업무사례/창원상속등기필요서류,0.294,0.2143,GOOD
/업무사례/대구현풍상속등기,/업무사례/양산에서부산법인본점이전,0.294,0.2573,GOOD
/업무사례/양산상속포기한정승인,/업무사례/울산옥동상속등기,0.294,0.0254,GOOD
/업무사례/울산토지상속등기,/업무사례/전남상속등기법무사,0.294,0.0489,GOOD
/업무사례/울주삼남상속등기,/업무사례/전남상속등기법무사,0.294,0.0541,GOOD
/업무사례/울주언양상속등기,/업무사례/인천상속등기법무사,0.294,0.0538,GOOD
/업무사례/창원상속등기필요서류,/업무사례/충남상속등기법무사,0.294,0.0515,GOOD
/업무사례/거제상속포기법무사,/업무사례/대구월성동상속등기,0.2939,0.1264,GOOD
/업무사례/경북법인등기법무사,/업무사례/울산법무사업무,0.2939,0.3269,GOOD
/업무사례/경북오래된상속등기,/업무사례/전남상속등기법무사,0.2939,0.0494,GOOD
/업무사례/경북조부모명의토지상속,/업무사례/통영상속포기한정승인,0.2939,0.1566,GOOD
/업무사례/김해에서부산법인본점이전,/업무사례/대구달성군상속등기법무사,0.2939,0.2233,GOOD
/업무사례/대전서구상속등기법무사,/업무사례/양산상속등기필요서류,0.2939,0.0858,GOOD
/업무사례/부산김해양산공동근저당권,/업무사례/울산토지상속등기,0.2939,0.2877,GOOD
/업무사례/부산에서김해법인본점이전,/업무사례/창원의창구상속등기법무사,0.2939,0.2898,GOOD
/업무사례/양산상속포기한정승인,/업무사례/울주군상속포기한정승인,0.2939,0.034,GOOD
/업무사례/경남조부모명의토지상속,/업무사례/전남상속등기법무사,0.2938,0.0553,GOOD
/업무사례/경북상속등기비용,/업무사례/전남상속등기법무사,0.2938,0.0496,GOOD
/업무사례/경북상속등기필요서류,/업무사례/대전상속등기법무사,0.2938,0.0491,GOOD
/업무사례/경북임야상속등기,/업무사례/부산김해양산공동근저당권,0.2938,0.2261,GOOD
/업무사례/김해거주부산부동산상속,/업무사례/부산에서대구법인본점이전,0.2938,0.2042,GOOD
/업무사례/김해거주부산부동산상속,/업무사례/부산에서양산법인본점이전,0.2938,0.3352,GOOD
/업무사례/김해거주부산부동산상속,/업무사례/포항에서부산법인본점이전,0.2938,0.2692,GOOD
/업무사례/김해법인등기법무사,/업무사례/울주삼남상속등기,0.2938,0.2475,GOOD
/업무사례/대구상속등기비용,/업무사례/진주상속포기한정승인,0.2938,0.0618,GOOD
/업무사례/대전상속등기법무사,/업무사례/울주삼남상속등기,0.2938,0.0491,GOOD
/업무사례/울산아파트상속등기,/업무사례/충남상속등기법무사,0.2938,0.0506,GOOD
/업무사례/울주범서상속등기,/업무사례/전남상속등기법무사,0.2938,0.0534,GOOD
/업무사례/경북상속등기법무사,/업무사례/김해상속등기필요서류,0.2937,0.0528,GOOD
/업무사례/경북오래된상속등기,/업무사례/대전상속등기법무사,0.2937,0.0485,GOOD
/업무사례/대구현풍상속등기,/업무사례/양산상속포기한정승인,0.2937,0.0284,GOOD
/업무사례/대전상속등기법무사,/업무사례/양산상속등기필요서류,0.2937,0.0601,GOOD
/업무사례/대전서구상속등기법무사,/업무사례/창원상속등기필요서류,0.2937,0.0759,GOOD
/업무사례/양산에서부산법인본점이전,/업무사례/울산송정동상속등기,0.2937,0.2472,GOOD
/업무사례/강원상속등기법무사,/업무사례/양산상속등기비용,0.2936,0.0558,GOOD
/업무사례/경남유증등기법무사,/업무사례/인천상속등기법무사,0.2936,0.0553,GOOD
/업무사례/경남조부모명의토지상속,/업무사례/대전상속등기법무사,0.2936,0.0542,GOOD
/업무사례/경북농지상속등기,/업무사례/진주상속포기한정승인,0.2936,0.062,GOOD
/업무사례/경북상속등기법무사,/업무사례/창원상속등기비용,0.2936,0.0508,GOOD
/업무사례/경북상속등기비용,/업무사례/대전상속등기법무사,0.2936,0.0487,GOOD
/업무사례/경북임야상속등기,/업무사례/대전상속등기법무사,0.2936,0.0537,GOOD
/업무사례/대구달성군상속등기법무사,/업무사례/양산상속포기한정승인,0.2936,0.029,GOOD
/업무사례/부산거주양산부동산상속,/업무사례/부산에서창원법인본점이전,0.2936,0.2873,GOOD
/업무사례/세종상속등기법무사,/업무사례/울산옥동상속등기,0.2936,0.0608,GOOD
/업무사례/세종상속등기법무사,/업무사례/울주언양상속등기,0.2936,0.0481,GOOD
/업무사례/울산남구상속등기법무사,/업무사례/전국업무사례,0.2936,0.0596,GOOD
/업무사례/울산중구상속등기법무사,/업무사례/전남상속등기법무사,0.2936,0.0534,GOOD
/전국공동담보등기,/전국유증등기,0.2936,0.1849,GOOD
/전국법인본점이전등기,/전국유증등기,0.2936,0.1781,GOOD
/업무사례/거제상속포기법무사,/업무사례/김해법인등기법무사,0.2935,0.1928,GOOD
/업무사례/경남유증등기법무사,/업무사례/부산에서양산법인본점이전,0.2935,0.3295,GOOD
/업무사례/경산상속등기법무사,/업무사례/김해상속등기필요서류,0.2935,0.0509,GOOD
/업무사례/김해법인등기법무사,/업무사례/대구아파트상속등기,0.2935,0.2323,GOOD
/업무사례/김해법인등기법무사,/업무사례/울주언양상속등기,0.2935,0.2488,GOOD
/업무사례/대구월성동상속등기,/업무사례/통영상속포기한정승인,0.2935,0.1417,GOOD
/업무사례/양산상속포기한정승인,/업무사례/울산상속등기필요서류,0.2935,0.0215,GOOD
/업무사례/울산아파트상속등기,/업무사례/진주상속포기한정승인,0.2935,0.0717,GOOD
/업무사례/창원상속등기비용,/업무사례/충남상속등기법무사,0.2935,0.0515,GOOD
/업무사례/강원상속등기법무사,/업무사례/대구군위군상속등기법무사,0.2934,0.0658,GOOD
/업무사례/경남상속등기비용,/업무사례/부산에서울산법인본점이전,0.2934,0.319,GOOD
/업무사례/경남오래된상속등기,/업무사례/인천상속등기법무사,0.2934,0.056,GOOD
/업무사례/광주상속등기법무사,/업무사례/울주삼남상속등기,0.2934,0.05,GOOD
/업무사례/구미에서부산법인본점이전,/업무사례/양산상속등기비용,0.2934,0.2235,GOOD
/업무사례/대구시지상속등기,/업무사례/충남상속등기법무사,0.2934,0.0606,GOOD
/업무사례/부산거주양산부동산상속,/업무사례/충남상속등기법무사,0.2934,0.0544,GOOD
/업무사례/창원의창구상속등기법무사,/업무사례/충북상속등기법무사,0.2934,0.0593,GOOD
/업무사례/거제상속포기법무사,/업무사례/창원에서부산법인본점이전,0.2933,0.1681,GOOD
/업무사례/경남공장공동근저당권,/업무사례/대구중구상속등기법무사,0.2933,0.3221,GOOD
/업무사례/경남상속등기비용,/업무사례/충남상속등기법무사,0.2933,0.0496,GOOD
/업무사례/경남유증등기법무사,/업무사례/전남상속등기법무사,0.2933,0.0546,GOOD
/업무사례/김해에서부산법인본점이전,/업무사례/대구다사상속등기,0.2933,0.2105,GOOD
/업무사례/대구경북공동담보등기,/업무사례/부산거주양산부동산상속,0.2933,0.2255,GOOD
/업무사례/대구중구상속등기법무사,/업무사례/전남상속등기법무사,0.2933,0.0613,GOOD
/업무사례/부산김해양산공동근저당권,/업무사례/울산공장상속등기,0.2933,0.2714,GOOD
/업무사례/부산에서창원법인본점이전,/업무사례/양산상속등기필요서류,0.2933,0.2874,GOOD
/업무사례/세종상속등기법무사,/업무사례/울산아파트상속등기,0.2933,0.0536,GOOD
/업무사례/울산상속등기필요서류,/업무사례/진주상속포기한정승인,0.2933,0.0701,GOOD
/업무사례/경남오래된상속등기,/업무사례/대구에서부산법인본점이전,0.2932,0.2217,GOOD
/업무사례/경북토지상속등기,/업무사례/부산김해양산공동근저당권,0.2932,0.2744,GOOD
/업무사례/경북토지상속등기,/업무사례/세종상속등기법무사,0.2932,0.0476,GOOD
/업무사례/대구달성군상속등기법무사,/업무사례/충북상속등기법무사,0.2932,0.0613,GOOD
/업무사례/부산울산공동근저당권,/업무사례/안동오래된토지상속등기,0.2932,0.1367,GOOD
/업무사례/양산상속포기한정승인,/업무사례/울산매곡동상속등기,0.2932,0.0251,GOOD
/업무사례/양산상속포기한정승인,/업무사례/울주삼남상속등기,0.2932,0.0291,GOOD
/업무사례/경남법무사업무,/업무사례/사천상속등기법무사,0.2931,0.059,GOOD
/업무사례/경남조부모명의토지상속,/업무사례/인천상속등기법무사,0.2931,0.056,GOOD
/업무사례/경북상속등기비용,/업무사례/충남상속등기법무사,0.2931,0.0494,GOOD
/업무사례/경북상속등기필요서류,/업무사례/전남상속등기법무사,0.2931,0.05,GOOD
/업무사례/경북임야상속등기,/업무사례/양산상속포기한정승인,0.2931,0.0277,GOOD
/업무사례/경산상속등기법무사,/업무사례/양산거주부산부동산상속,0.2931,0.0474,GOOD
/업무사례/광주상속등기법무사,/업무사례/대구상인동상속등기,0.2931,0.041,GOOD
/업무사례/대구중구상속등기법무사,/업무사례/세종상속등기법무사,0.2931,0.0599,GOOD
/업무사례/대전상속등기법무사,/업무사례/울산송정동상속등기,0.2931,0.0553,GOOD
/업무사례/세종상속등기법무사,/업무사례/울산상속등기비용,0.2931,0.0536,GOOD
/업무사례/세종상속등기법무사,/업무사례/울산상속등기필요서류,0.2931,0.0446,GOOD
/업무사례/울산매곡동상속등기,/업무사례/진주상속포기한정승인,0.2931,0.0699,GOOD
/업무사례/경남여러필지토지상속,/업무사례/부산에서양산법인본점이전,0.293,0.3167,GOOD
/업무사례/경북농지상속등기,/업무사례/양산에서부산법인본점이전,0.293,0.2562,GOOD
/업무사례/경북상속등기법무사,/업무사례/대구현풍상속등기,0.293,0.0558,GOOD
/업무사례/경산상속등기법무사,/업무사례/울산옥동상속등기,0.293,0.059,GOOD
/업무사례/대구법무사업무,/업무사례/부산에서울산법인본점이전,0.293,0.2523,GOOD
/업무사례/대구월성동상속등기,/업무사례/인천상속등기법무사,0.293,0.042,GOOD
/업무사례/양산상속포기한정승인,/업무사례/울주범서상속등기,0.293,0.0325,GOOD
/업무사례/고성군상속등기법무사,/업무사례/김해에서부산법인본점이전,0.2929,0.112,GOOD
/업무사례/김해상속등기비용,/업무사례/포항에서부산법인본점이전,0.2929,0.266,GOOD
/업무사례/대구범어동상속등기,/업무사례/통영상속포기한정승인,0.2929,0.1423,GOOD
/업무사례/부산에서대구법인본점이전,/업무사례/창원상속등기필요서류,0.2929,0.2111,GOOD
/업무사례/부산에서양산법인본점이전,/업무사례/창원상속등기필요서류,0.2929,0.2825,GOOD
/업무사례/양산근저당말소,/업무사례/양산법인등기법무사,0.2929,0.1789,GOOD
/업무사례/양산법인등기법무사,/업무사례/창원상속등기필요서류,0.2929,0.1972,GOOD
/업무사례/울산동구상속등기법무사,/업무사례/창원법인등기법무사,0.2929,0.3141,GOOD
/업무사례/울산에서부산법인본점이전,/업무사례/포항상속포기한정승인,0.2929,0.07,GOOD
/업무사례/거제상속포기법무사,/업무사례/창원법인등기법무사,0.2928,0.1767,GOOD
/업무사례/경기광주상속등기법무사,/업무사례/양산상속등기비용,0.2928,0.0672,GOOD
/업무사례/경남상속등기비용,/업무사례/경북법인등기법무사,0.2928,0.3317,GOOD
/업무사례/대전상속등기법무사,/업무사례/울산북구상속등기법무사,0.2928,0.0586,GOOD
/업무사례/울산공장상속등기,/업무사례/인천상속등기법무사,0.2928,0.0465,GOOD
/업무사례/울주범서상속등기,/업무사례/창원법인등기법무사,0.2928,0.298,GOOD
/업무사례/경남법무사업무,/업무사례/부산에서창원법인본점이전,0.2927,0.2736,GOOD
/업무사례/경남여러필지토지상속,/업무사례/충북상속등기법무사,0.2927,0.0533,GOOD
/업무사례/경산상속등기법무사,/업무사례/대구현풍상속등기,0.2927,0.05,GOOD
/업무사례/고성군상속등기법무사,/업무사례/부산에서김해법인본점이전,0.2927,0.1111,GOOD
/업무사례/김해상속등기필요서류,/업무사례/제주시상속등기법무사,0.2927,0.0474,GOOD
/업무사례/세종상속등기법무사,/업무사례/울산동구상속등기법무사,0.2927,0.0534,GOOD
/업무사례/강원상속등기법무사,/업무사례/김해상속등기필요서류,0.2926,0.0534,GOOD
/업무사례/경남유증등기법무사,/업무사례/양산부동산등기법무사,0.2926,0.2908,GOOD
/업무사례/경남유증등기법무사,/업무사례/충남상속등기법무사,0.2926,0.0544,GOOD
/업무사례/김해법인등기법무사,/업무사례/울산토지상속등기,0.2926,0.2402,GOOD
/업무사례/대구북구상속등기법무사,/업무사례/충북상속등기법무사,0.2926,0.0652,GOOD
/업무사례/대구상속등기비용,/업무사례/대전상속등기법무사,0.2926,0.0444,GOOD
/업무사례/대구현풍상속등기,/업무사례/대전유성구상속등기법무사,0.2926,0.042,GOOD
/업무사례/안동상속등기법무사,/업무사례/충남상속등기법무사,0.2926,0.0601,GOOD
/업무사례/울산삼산동상속등기,/업무사례/전남상속등기법무사,0.2926,0.0543,GOOD
/업무사례/강원상속등기법무사,/업무사례/칠곡상속등기법무사,0.2925,0.0603,GOOD
/업무사례/경북오래된상속등기,/업무사례/김해법인등기법무사,0.2925,0.2315,GOOD
/업무사례/대구상인동상속등기,/업무사례/통영상속포기한정승인,0.2925,0.1401,GOOD
/업무사례/부산거주양산부동산상속,/업무사례/인천상속등기법무사,0.2925,0.0553,GOOD
/업무사례/부산에서대구법인본점이전,/업무사례/창원성산구상속등기법무사,0.2925,0.2079,GOOD
/업무사례/경북상속등기비용,/업무사례/김해법인등기법무사,0.2924,0.245,GOOD
/업무사례/경북토지상속등기,/업무사례/진주상속포기한정승인,0.2924,0.0612,GOOD
/업무사례/김해법인등기법무사,/업무사례/대구상속등기비용,0.2924,0.2365,GOOD
/업무사례/대구상인동상속등기,/업무사례/부산김해양산공동근저당권,0.2924,0.2581,GOOD
/업무사례/대구서구상속등기법무사,/업무사례/대전서구상속등기법무사,0.2924,0.0952,GOOD
/업무사례/안동상속등기법무사,/업무사례/양산상속포기한정승인,0.2924,0.0281,GOOD
/업무사례/울산유증등기법무사,/업무사례/진주상속포기한정승인,0.2924,0.0743,GOOD
/업무사례/김해에서부산법인본점이전,/업무사례/대구남구상속등기법무사,0.2923,0.2105,GOOD
/업무사례/대구동구상속등기법무사,/업무사례/충북상속등기법무사,0.2923,0.0618,GOOD
/업무사례/대전서구상속등기법무사,/업무사례/칠곡상속등기법무사,0.2923,0.0802,GOOD
/업무사례/부산거주김해부동산상속,/업무사례/전남상속등기법무사,0.2923,0.0553,GOOD
/업무사례/부산거주양산부동산상속,/업무사례/양산근저당말소,0.2923,0.2376,GOOD
/업무사례/부산김해양산공동근저당권,/업무사례/울산중구상속등기법무사,0.2923,0.2919,GOOD
/업무사례/경남상속등기비용,/업무사례/김해에서부산법인본점이전,0.2922,0.2353,GOOD
/업무사례/경남조부모명의토지상속,/업무사례/충남상속등기법무사,0.2922,0.0551,GOOD
/업무사례/경북상속등기법무사,/업무사례/대구북구상속등기법무사,0.2922,0.0649,GOOD
/업무사례/대구상속등기비용,/업무사례/인천상속등기법무사,0.2922,0.0458,GOOD
/업무사례/대구중구상속등기법무사,/업무사례/대전상속등기법무사,0.2922,0.0602,GOOD
/업무사례/대구토지상속등기,/업무사례/충북상속등기법무사,0.2922,0.0465,GOOD
/업무사례/부산거주양산부동산상속,/업무사례/부산에서양산법인본점이전,0.2922,0.2787,GOOD
/업무사례/양산부동산등기법무사,/업무사례/양산상속등기필요서류,0.2922,0.2261,GOOD
/업무사례/울산매곡동상속등기,/업무사례/전남상속등기법무사,0.2922,0.0534,GOOD
/업무사례/울산옥동상속등기,/업무사례/창원에서부산법인본점이전,0.2922,0.2663,GOOD
/업무사례/경남오래된상속등기,/업무사례/부산에서양산법인본점이전,0.2921,0.2762,GOOD
/업무사례/경북상속등기법무사,/업무사례/창원의창구상속등기법무사,0.2921,0.0591,GOOD
/업무사례/대구토지상속등기,/업무사례/부산김해양산공동근저당권,0.2921,0.2732,GOOD
/업무사례/서울상속등기법무사,/업무사례/양산상속등기비용,0.2921,0.0654,GOOD
/업무사례/경남오래된상속등기,/업무사례/대전상속등기법무사,0.292,0.0542,GOOD
/업무사례/경북상속등기법무사,/업무사례/창원성산구상속등기법무사,0.292,0.0652,GOOD
/업무사례/구미에서부산법인본점이전,/업무사례/창원상속등기비용,0.292,0.2247,GOOD
/업무사례/대구군위군상속등기법무사,/업무사례/충북상속등기법무사,0.292,0.0652,GOOD
/업무사례/대구시지상속등기,/업무사례/대전상속등기법무사,0.292,0.0551,GOOD
/업무사례/부산에서창원법인본점이전,/업무사례/양산상속포기한정승인,0.292,0.035,GOOD
/업무사례/양산거주부산부동산상속,/업무사례/양산근저당말소,0.292,0.25,GOOD
/업무사례/양산근저당말소,/업무사례/양산상속등기필요서류,0.292,0.2296,GOOD
/업무사례/양산부동산등기법무사,/업무사례/창원상속등기필요서류,0.292,0.23,GOOD
/업무사례/울산중구상속등기법무사,/업무사례/인천상속등기법무사,0.292,0.0541,GOOD
/업무사례/경남오래된상속등기,/업무사례/세종상속등기법무사,0.2919,0.0539,GOOD
/업무사례/경북상속등기법무사,/업무사례/대구달성군상속등기법무사,0.2919,0.0611,GOOD
/업무사례/경북오래된상속등기,/업무사례/진주상속포기한정승인,0.2919,0.062,GOOD
/업무사례/경북임야상속등기,/업무사례/대전서구상속등기법무사,0.2919,0.0741,GOOD
/업무사례/경북토지상속등기,/업무사례/김해법인등기법무사,0.2919,0.2271,GOOD
/업무사례/광주상속등기법무사,/업무사례/울산공장상속등기,0.2919,0.046,GOOD
/업무사례/김해법인등기법무사,/업무사례/대구서구상속등기법무사,0.2919,0.2632,GOOD
/업무사례/김해법인등기법무사,/업무사례/대구유증등기법무사,0.2919,0.2439,GOOD
/업무사례/김해법인등기법무사,/업무사례/대구토지상속등기,0.2919,0.2359,GOOD
/업무사례/김해법인등기법무사,/업무사례/통영상속포기한정승인,0.2919,0.213,GOOD
/업무사례/대구상속등기비용,/업무사례/전남상속등기법무사,0.2919,0.0453,GOOD
/업무사례/대구성서상속등기,/업무사례/대전유성구상속등기법무사,0.2919,0.0488,GOOD
/업무사례/대전서구상속등기법무사,/업무사례/울주범서상속등기,0.2919,0.0871,GOOD
/업무사례/부산에서울산법인본점이전,/업무사례/창원의창구상속등기법무사,0.2919,0.2755,GOOD
/업무사례/세종상속등기법무사,/업무사례/울산매곡동상속등기,0.2919,0.0522,GOOD
/업무사례/세종상속등기법무사,/업무사례/울주삼남상속등기,0.2919,0.0489,GOOD
/업무사례/울산삼산동상속등기,/업무사례/충남상속등기법무사,0.2919,0.0541,GOOD
/업무사례/울주언양상속등기,/업무사례/전남상속등기법무사,0.2919,0.0532,GOOD
/업무사례/경남상속등기비용,/업무사례/구미에서부산법인본점이전,0.2918,0.2098,GOOD
/업무사례/경북오래된상속등기,/업무사례/세종상속등기법무사,0.2918,0.0483,GOOD
/업무사례/김해거주부산부동산상속,/업무사례/양산에서부산법인본점이전,0.2918,0.3202,GOOD
/업무사례/김해상속등기비용,/업무사례/대전서구상속등기법무사,0.2918,0.0788,GOOD
/업무사례/대구동구상속등기법무사,/업무사례/창원에서부산법인본점이전,0.2918,0.255,GOOD
/업무사례/대구만촌동상속등기,/업무사례/충북상속등기법무사,0.2918,0.0508,GOOD
/업무사례/대구월성동상속등기,/업무사례/전남상속등기법무사,0.2918,0.0415,GOOD
/업무사례/대구토지상속등기,/업무사례/충남상속등기법무사,0.2918,0.0469,GOOD
/업무사례/양산거주부산부동산상속,/업무사례/충북상속등기법무사,0.2918,0.0496,GOOD
/업무사례/경북조부모명의토지상속,/업무사례/부산김해양산공동근저당권,0.2917,0.2885,GOOD
/업무사례/경북토지상속등기,/업무사례/인천상속등기법무사,0.2917,0.0492,GOOD
/업무사례/경산상속등기법무사,/업무사례/대구서구상속등기법무사,0.2917,0.0622,GOOD
/업무사례/경산상속등기법무사,/업무사례/창원성산구상속등기법무사,0.2917,0.0669,GOOD
/업무사례/구미에서부산법인본점이전,/업무사례/양산상속등기필요서류,0.2917,0.2273,GOOD
/업무사례/대구월성동상속등기,/업무사례/대전서구상속등기법무사,0.2917,0.063,GOOD
/업무사례/대구중구상속등기법무사,/업무사례/충남상속등기법무사,0.2917,0.0611,GOOD
/업무사례/대전상속등기법무사,/업무사례/울주범서상속등기,0.2917,0.0485,GOOD
/업무사례/부산에서창원법인본점이전,/업무사례/창원성산구상속등기법무사,0.2917,0.267,GOOD
/업무사례/안동오래된토지상속등기,/업무사례/울산에서부산법인본점이전,0.2917,0.1522,GOOD
/업무사례/울산유증등기법무사,/업무사례/인천상속등기법무사,0.2917,0.0463,GOOD
/업무사례/제주상속등기법무사,/업무사례/창원상속등기필요서류,0.2917,0.056,GOOD
/업무사례/경북농지상속등기,/업무사례/부산에서양산법인본점이전,0.2916,0.2822,GOOD
/업무사례/경북토지상속등기,/업무사례/양산상속포기한정승인,0.2916,0.0247,GOOD
/업무사례/김해법인등기법무사,/업무사례/대구군위군상속등기법무사,0.2916,0.2486,GOOD
/업무사례/대구북구상속등기법무사,/업무사례/창원법인등기법무사,0.2916,0.2458,GOOD
/업무사례/울산삼산동상속등기,/업무사례/진주상속포기한정승인,0.2916,0.0709,GOOD
/업무사례/울산상속등기필요서류,/업무사례/충남상속등기법무사,0.2916,0.0455,GOOD
/업무사례/경북농지상속등기,/업무사례/충북상속등기법무사,0.2915,0.0489,GOOD
/업무사례/경북상속등기법무사,/업무사례/양산상속등기필요서류,0.2915,0.0603,GOOD
/업무사례/경북상속등기법무사,/업무사례/울산토지상속등기,0.2915,0.0481,GOOD
/업무사례/경북조부모명의토지상속,/업무사례/인천상속등기법무사,0.2915,0.0504,GOOD
/업무사례/경북토지상속등기,/업무사례/전남상속등기법무사,0.2915,0.0487,GOOD
/업무사례/경산상속등기법무사,/업무사례/칠곡상속등기법무사,0.2915,0.0615,GOOD
/업무사례/김해상속등기필요서류,/업무사례/대전유성구상속등기법무사,0.2915,0.0429,GOOD
/업무사례/대구군위군상속등기법무사,/업무사례/인천상속등기법무사,0.2915,0.067,GOOD
/업무사례/양산근저당말소,/업무사례/창원성산구상속등기법무사,0.2915,0.2371,GOOD
/업무사례/경남유증등기법무사,/업무사례/대전서구상속등기법무사,0.2914,0.0826,GOOD
/업무사례/대구중구상속등기법무사,/업무사례/진주상속포기한정승인,0.2914,0.0657,GOOD
/업무사례/부산에서양산법인본점이전,/업무사례/창원성산구상속등기법무사,0.2914,0.2584,GOOD
/업무사례/세종상속등기법무사,/업무사례/울산삼산동상속등기,0.2914,0.053,GOOD
/업무사례/울주삼남상속등기,/업무사례/충남상속등기법무사,0.2914,0.0538,GOOD
/업무사례/경남법인등기법무사,/업무사례/대구성서상속등기,0.2913,0.2574,GOOD
/업무사례/경북상속등기필요서류,/업무사례/양산상속포기한정승인,0.2913,0.0254,GOOD
/업무사례/경북오래된상속등기,/업무사례/충남상속등기법무사,0.2913,0.0492,GOOD
/업무사례/구미에서부산법인본점이전,/업무사례/창원의창구상속등기법무사,0.2913,0.2346,GOOD
/업무사례/김해에서부산법인본점이전,/업무사례/칠곡상속등기법무사,0.2913,0.2458,GOOD
/업무사례/대구성서상속등기,/업무사례/포항상속등기법무사,0.2913,0.061,GOOD
/업무사례/부산거주양산부동산상속,/업무사례/전남상속등기법무사,0.2913,0.0546,GOOD
/업무사례/양산부동산등기법무사,/업무사례/창원상속등기비용,0.2913,0.2178,GOOD
/업무사례/강원상속등기법무사,/업무사례/대구다사상속등기,0.2912,0.0534,GOOD
/업무사례/대구군위군상속등기법무사,/업무사례/대전서구상속등기법무사,0.2912,0.0952,GOOD
/업무사례/대구남구상속등기법무사,/업무사례/양산에서부산법인본점이전,0.2912,0.2637,GOOD
/업무사례/대구상속등기비용,/업무사례/충남상속등기법무사,0.2912,0.0451,GOOD
/업무사례/대구현풍상속등기,/업무사례/포항상속등기법무사,0.2912,0.05,GOOD
/업무사례/부산에서울산법인본점이전,/업무사례/양산증여등기법무사,0.2912,0.2151,GOOD
/업무사례/안동상속등기법무사,/업무사례/제주상속등기법무사,0.2912,0.0647,GOOD
/업무사례/안동상속등기법무사,/업무사례/충북상속등기법무사,0.2912,0.0596,GOOD
/업무사례/거제상속포기법무사,/업무사례/대구만촌동상속등기,0.2911,0.1435,GOOD
/업무사례/경북상속등기필요서류,/업무사례/대전서구상속등기법무사,0.2911,0.0717,GOOD
/업무사례/대구경북공동담보등기,/업무사례/부산거주김해부동산상속,0.2911,0.199,GOOD
/업무사례/대구성서상속등기,/업무사례/울주군상속등기법무사,0.2911,0.0617,GOOD
/업무사례/대전서구상속등기법무사,/업무사례/울주삼남상속등기,0.2911,0.084,GOOD
/업무사례/창원성산구상속등기법무사,/업무사례/포항상속등기법무사,0.2911,0.0669,GOOD
/업무사례/경북상속등기법무사,/업무사례/대구토지상속등기,0.291,0.0463,GOOD
/업무사례/경북조부모명의토지상속,/업무사례/세종상속등기법무사,0.291,0.0487,GOOD
/업무사례/김해법인등기법무사,/업무사례/대구월성동상속등기,0.291,0.2077,GOOD
/업무사례/김해상속등기필요서류,/업무사례/포항상속등기법무사,0.291,0.0509,GOOD
/업무사례/대구남구상속등기법무사,/업무사례/충북상속등기법무사,0.291,0.0611,GOOD
/업무사례/대구만촌동상속등기,/업무사례/대전서구상속등기법무사,0.291,0.0756,GOOD
/업무사례/대구현풍상속등기,/업무사례/제주시상속등기법무사,0.291,0.0464,GOOD
/업무사례/대전상속등기법무사,/업무사례/울산매곡동상속등기,0.291,0.0485,GOOD
/업무사례/부산거주김해부동산상속,/업무사례/부산에서대구법인본점이전,0.291,0.2131,GOOD
/업무사례/부산에서대구법인본점이전,/업무사례/창원상속등기비용,0.291,0.2111,GOOD
/업무사례/안동상속등기법무사,/업무사례/창원법인등기법무사,0.291,0.2611,GOOD
/업무사례/양산에서부산법인본점이전,/업무사례/울산달동상속등기,0.291,0.2843,GOOD
/업무사례/경남법인등기법무사,/업무사례/대구달성군상속등기법무사,0.2909,0.351,GOOD
/업무사례/경북상속등기비용,/업무사례/대전서구상속등기법무사,0.2909,0.0712,GOOD
/업무사례/김해상속등기비용,/업무사례/양산부동산등기법무사,0.2909,0.255,GOOD
/업무사례/울산북구상속등기법무사,/업무사례/충북상속등기법무사,0.2909,0.063,GOOD
/업무사례/울산상속등기필요서류,/업무사례/포항상속등기법무사,0.2909,0.0433,GOOD
/업무사례/경기광주상속등기법무사,/업무사례/칠곡상속등기법무사,0.2908,0.0717,GOOD
/업무사례/경남조부모명의토지상속,/업무사례/충북상속등기법무사,0.2908,0.0546,GOOD
/업무사례/경북임야상속등기,/업무사례/충북상속등기법무사,0.2908,0.0542,GOOD
/업무사례/광주상속등기법무사,/업무사례/울산유증등기법무사,0.2908,0.0458,GOOD
/업무사례/구미에서부산법인본점이전,/업무사례/부산거주양산부동산상속,0.2908,0.2162,GOOD
/업무사례/대구만촌동상속등기,/업무사례/대전상속등기법무사,0.2908,0.0504,GOOD
/업무사례/대구시지상속등기,/업무사례/창원법인등기법무사,0.2908,0.257,GOOD
/업무사례/부산에서양산법인본점이전,/업무사례/양산상속등기필요서류,0.2908,0.2784,GOOD
/업무사례/양산상속등기필요서류,/업무사례/포항에서부산법인본점이전,0.2908,0.2195,GOOD
/업무사례/양산상속포기한정승인,/업무사례/울산공장상속등기,0.2908,0.0254,GOOD
/업무사례/경기상속등기법무사,/업무사례/대구성서상속등기,0.2907,0.0622,GOOD
/업무사례/경북상속등기법무사,/업무사례/대구군위군상속등기법무사,0.2907,0.0649,GOOD
/업무사례/김해거주부산부동산상속,/업무사례/대전서구상속등기법무사,0.2907,0.0723,GOOD
/업무사례/대구경북공동담보등기,/업무사례/울주군상속포기한정승인,0.2907,0.1911,GOOD
/업무사례/대구다사상속등기,/업무사례/부산에서김해법인본점이전,0.2907,0.2319,GOOD
/업무사례/부산에서대구법인본점이전,/업무사례/양산거주부산부동산상속,0.2907,0.2097,GOOD
/업무사례/양산상속등기비용,/업무사례/양산신축건물보존등기,0.2907,0.2206,GOOD
/업무사례/울산북구상속등기법무사,/업무사례/창원법인등기법무사,0.2907,0.2927,GOOD
/업무사례/울산상속등기비용,/업무사례/인천상속등기법무사,0.2907,0.0514,GOOD
/업무사례/울산중구상속등기법무사,/업무사례/전북상속등기법무사,0.2907,0.0528,GOOD
/업무사례/창원상속등기필요서류,/업무사례/충북상속등기법무사,0.2907,0.0511,GOOD
/업무사례/경산상속등기법무사,/업무사례/안동상속등기법무사,0.2906,0.0569,GOOD
/업무사례/김해거주부산부동산상속,/업무사례/제주상속등기법무사,0.2906,0.049,GOOD
/업무사례/부산김해양산공동근저당권,/업무사례/울산매곡동상속등기,0.2906,0.2919,GOOD
/업무사례/양산근저당말소,/업무사례/창원의창구상속등기법무사,0.2906,0.2813,GOOD
/업무사례/양산상속포기한정승인,/업무사례/울산유증등기법무사,0.2906,0.0216,GOOD
/업무사례/영천상속등기법무사,/업무사례/통영상속포기한정승인,0.2906,0.1159,GOOD
/업무사례/경기광주상속등기법무사,/업무사례/대구다사상속등기,0.2905,0.0637,GOOD
/업무사례/경북법무사업무,/업무사례/부산에서울산법인본점이전,0.2905,0.2593,GOOD
/업무사례/경북상속등기법무사,/업무사례/대구만촌동상속등기,0.2905,0.0506,GOOD
/업무사례/경북상속등기법무사,/업무사례/양산거주부산부동산상속,0.2905,0.0494,GOOD
/업무사례/경북상속등기필요서류,/업무사례/충남상속등기법무사,0.2905,0.0498,GOOD
/업무사례/경북임야상속등기,/업무사례/창원법인등기법무사,0.2905,0.2419,GOOD
/업무사례/경산상속등기법무사,/업무사례/대구상속등기필요서류,0.2905,0.0432,GOOD
/업무사례/김해에서부산법인본점이전,/업무사례/대구동구상속등기법무사,0.2905,0.2136,GOOD
/업무사례/대구동구상속등기법무사,/업무사례/제주상속등기법무사,0.2905,0.0664,GOOD
/업무사례/대구성서상속등기,/업무사례/부산에서김해법인본점이전,0.2905,0.2682,GOOD
/업무사례/부산김해양산공동근저당권,/업무사례/울산북구상속등기법무사,0.2905,0.2811,GOOD
/업무사례/울산상속등기비용,/업무사례/전남상속등기법무사,0.2905,0.0508,GOOD
/업무사례/울산옥동상속등기,/업무사례/포항상속등기법무사,0.2905,0.059,GOOD
/업무사례/제주상속등기법무사,/업무사례/창원성산구상속등기법무사,0.2905,0.0661,GOOD
/업무사례/거제상속포기법무사,/업무사례/대구범어동상속등기,0.2904,0.1269,GOOD
/업무사례/경북조부모명의토지상속,/업무사례/김해법인등기법무사,0.2904,0.2338,GOOD
/업무사례/사천상속등기법무사,/업무사례/통영상속포기한정승인,0.2904,0.0712,GOOD
/업무사례/울산유증등기법무사,/업무사례/전북상속등기법무사,0.2904,0.0453,GOOD
/업무사례/경남법인등기법무사,/업무사례/고성군상속등기법무사,0.2903,0.1082,GOOD
/업무사례/경북농지상속등기,/업무사례/경북상속등기법무사,0.2903,0.0487,GOOD
/업무사례/경북조부모명의토지상속,/업무사례/전남상속등기법무사,0.2903,0.0498,GOOD
/업무사례/경북토지상속등기,/업무사례/대전상속등기법무사,0.2903,0.0478,GOOD
/업무사례/김해거주부산부동산상속,/업무사례/대구에서부산법인본점이전,0.2903,0.2654,GOOD
/업무사례/대전서구상속등기법무사,/업무사례/울산매곡동상속등기,0.2903,0.083,GOOD
/업무사례/부산거주김해부동산상속,/업무사례/부산에서창원법인본점이전,0.2903,0.2568,GOOD
/업무사례/양산거주부산부동산상속,/업무사례/울산상속등기법무사,0.2903,0.0411,GOOD
/업무사례/양산상속포기한정승인,/업무사례/울산북구상속등기법무사,0.2903,0.028,GOOD
/업무사례/양산상속포기한정승인,/업무사례/울산토지상속등기,0.2903,0.0285,GOOD
/업무사례/경기광주상속등기법무사,/업무사례/대구현풍상속등기,0.2902,0.0625,GOOD
/업무사례/경남오래된상속등기,/업무사례/양산부동산등기법무사,0.2902,0.2376,GOOD
/업무사례/경남오래된상속등기,/업무사례/양산에서부산법인본점이전,0.2902,0.2898,GOOD
/업무사례/경산상속등기법무사,/업무사례/대구다사상속등기,0.2902,0.0547,GOOD
/업무사례/경주오래된토지상속등기,/업무사례/통영상속포기한정승인,0.2902,0.1365,GOOD
/업무사례/대구달성군상속등기법무사,/업무사례/부산에서김해법인본점이전,0.2902,0.2451,GOOD
/업무사례/대전상속등기법무사,/업무사례/울산상속등기필요서류,0.2902,0.0448,GOOD
/업무사례/부산거주김해부동산상속,/업무사례/충북상속등기법무사,0.2902,0.0546,GOOD
/업무사례/부산에서창원법인본점이전,/업무사례/창원상속등기비용,0.2902,0.2697,GOOD
/업무사례/경북상속등기법무사,/업무사례/대구동구상속등기법무사,0.2901,0.0615,GOOD
/업무사례/대구남구상속등기법무사,/업무사례/제주상속등기법무사,0.2901,0.0656,GOOD
/업무사례/대전상속등기법무사,/업무사례/부산거주양산부동산상속,0.2901,0.0535,GOOD
/업무사례/울산달동상속등기,/업무사례/전남상속등기법무사,0.2901,0.0538,GOOD
/업무사례/울산아파트상속등기,/업무사례/창원법인등기법무사,0.2901,0.3021,GOOD
/업무사례/울산중구상속등기법무사,/업무사례/충남상속등기법무사,0.2901,0.0532,GOOD
/업무사례/울주삼남상속등기,/업무사례/창원에서부산법인본점이전,0.2901,0.26,GOOD
/업무사례/강원상속등기법무사,/업무사례/대구현풍상속등기,0.29,0.0564,GOOD
/업무사례/대구만촌동상속등기,/업무사례/진주상속포기한정승인,0.29,0.0569,GOOD
/업무사례/대구북구상속등기법무사,/업무사례/양산상속포기한정승인,0.29,0.0328,GOOD
/업무사례/대구에서부산법인본점이전,/업무사례/양산상속등기비용,0.29,0.2075,GOOD
/업무사례/대구토지상속등기,/업무사례/창원법인등기법무사,0.29,0.2984,GOOD
/업무사례/부산에서대구법인본점이전,/업무사례/양산상속등기비용,0.29,0.2099,GOOD
/업무사례/안동상속등기법무사,/업무사례/포항상속등기법무사,0.29,0.0569,GOOD
/업무사례/양산거주부산부동산상속,/업무사례/양산부동산등기법무사,0.29,0.2402,GOOD
/업무사례/양산거주부산부동산상속,/업무사례/제주상속등기법무사,0.29,0.05,GOOD
/업무사례/울산삼산동상속등기,/업무사례/인천상속등기법무사,0.29,0.0549,GOOD
/업무사례/거제상속포기법무사,/업무사례/사천상속등기법무사,0.2899,0.0702,GOOD
/업무사례/경북상속등기비용,/업무사례/진주상속포기한정승인,0.2899,0.0623,GOOD
/업무사례/경산상속등기법무사,/업무사례/김해거주부산부동산상속,0.2899,0.0465,GOOD
/업무사례/양산상속등기비용,/업무사례/울주군상속등기법무사,0.2899,0.0535,GOOD
/업무사례/칠곡상속등기법무사,/업무사례/포항상속등기법무사,0.2899,0.0571,GOOD
/업무사례/경기광주상속등기법무사,/업무사례/대구군위군상속등기법무사,0.2898,0.0726,GOOD
/업무사례/경남여러필지토지상속,/업무사례/양산근저당말소,0.2898,0.2778,GOOD
/업무사례/경북임야상속등기,/업무사례/김해에서부산법인본점이전,0.2898,0.2324,GOOD
/업무사례/김해법인등기법무사,/업무사례/울산삼산동상속등기,0.2898,0.2615,GOOD
/업무사례/김해에서부산법인본점이전,/업무사례/울산옥동상속등기,0.2898,0.2244,GOOD
/업무사례/대구남구상속등기법무사,/업무사례/부산에서양산법인본점이전,0.2898,0.2836,GOOD
/업무사례/대구달성군상속등기법무사,/업무사례/울산상속등기법무사,0.2898,0.0546,GOOD
/업무사례/대구부산공동근저당권,/업무사례/울주군상속포기한정승인,0.2898,0.187,GOOD
/업무사례/대구상속등기비용,/업무사례/충북상속등기법무사,0.2898,0.0448,GOOD
/업무사례/울산상속등기비용,/업무사례/충남상속등기법무사,0.2898,0.0506,GOOD
/업무사례/울산상속등기필요서류,/업무사례/창원법인등기법무사,0.2898,0.3061,GOOD
/업무사례/경남조부모명의토지상속,/업무사례/양산근저당말소,0.2897,0.2228,GOOD
/업무사례/경북상속등기법무사,/업무사례/대구남구상속등기법무사,0.2897,0.0608,GOOD
/업무사례/경산상속등기법무사,/업무사례/울산송정동상속등기,0.2897,0.0576,GOOD
/업무사례/대구법무사업무,/업무사례/울산에서부산법인본점이전,0.2897,0.1787,GOOD
/업무사례/대구북구상속등기법무사,/업무사례/창원에서부산법인본점이전,0.2897,0.2346,GOOD
/업무사례/대구상속등기필요서류,/업무사례/창원법인등기법무사,0.2897,0.2915,GOOD
/업무사례/울산공장상속등기,/업무사례/진주상속포기한정승인,0.2897,0.0706,GOOD
/업무사례/울산중구상속등기법무사,/업무사례/진주상속포기한정승인,0.2897,0.0738,GOOD
/업무사례/경북상속등기필요서류,/업무사례/창원법인등기법무사,0.2896,0.2959,GOOD
/업무사례/대전유성구상속등기법무사,/업무사례/양산상속등기비용,0.2896,0.0441,GOOD
/업무사례/부산김해양산공동근저당권,/업무사례/안동상속등기법무사,0.2896,0.2183,GOOD
/업무사례/울산매곡동상속등기,/업무사례/창원법인등기법무사,0.2896,0.298,GOOD
/업무사례/강원상속등기법무사,/업무사례/울산토지상속등기,0.2895,0.0487,GOOD
/업무사례/경남조부모명의토지상속,/업무사례/경북상속등기법무사,0.2895,0.0544,GOOD
/업무사례/경북농지상속등기,/업무사례/김해에서부산법인본점이전,0.2895,0.2038,GOOD
/업무사례/경북상속등기법무사,/업무사례/경북임야상속등기,0.2895,0.0539,GOOD
/업무사례/김해거주부산부동산상속,/업무사례/양산근저당말소,0.2895,0.301,GOOD
/업무사례/대구군위군상속등기법무사,/업무사례/양산상속포기한정승인,0.2895,0.0328,GOOD
/업무사례/대구에서부산법인본점이전,/업무사례/양산거주부산부동산상속,0.2895,0.213,GOOD
/업무사례/대구에서부산법인본점이전,/업무사례/양산상속등기필요서류,0.2895,0.2105,GOOD
/업무사례/대전서구상속등기법무사,/업무사례/울산송정동상속등기,0.2895,0.0948,GOOD
/업무사례/부산에서대구법인본점이전,/업무사례/양산상속등기필요서류,0.2895,0.2135,GOOD
/업무사례/울산상속등기비용,/업무사례/진주상속포기한정승인,0.2895,0.0717,GOOD
/업무사례/울산상속등기필요서류,/업무사례/전남상속등기법무사,0.2895,0.0456,GOOD
/업무사례/창원상속등기필요서류,/업무사례/포항에서부산법인본점이전,0.2895,0.2233,GOOD
/업무사례/김해거주부산부동산상속,/업무사례/포항상속등기법무사,0.2894,0.0506,GOOD
/업무사례/대전상속등기법무사,/업무사례/울산상속등기비용,0.2894,0.0498,GOOD
/업무사례/대전서구상속등기법무사,/업무사례/창원상속등기비용,0.2894,0.0759,GOOD
/업무사례/강원상속등기법무사,/업무사례/울주언양상속등기,0.2893,0.053,GOOD
/업무사례/경남공장공동근저당권,/업무사례/대구상인동상속등기,0.2893,0.2884,GOOD
/업무사례/경남유증등기법무사,/업무사례/대전상속등기법무사,0.2893,0.0535,GOOD
/업무사례/경산상속등기법무사,/업무사례/양산상속등기필요서류,0.2893,0.0579,GOOD
/업무사례/대구군위군상속등기법무사,/업무사례/제주상속등기법무사,0.2893,0.0752,GOOD
/업무사례/대구동구상속등기법무사,/업무사례/포항상속등기법무사,0.2893,0.0593,GOOD
/업무사례/대구성서상속등기,/업무사례/제주시상속등기법무사,0.2893,0.0539,GOOD
/업무사례/양산개인회생법무사,/업무사례/양산상속등기비용,0.2893,0.2284,GOOD
/업무사례/제주상속등기법무사,/업무사례/칠곡상속등기법무사,0.2893,0.0649,GOOD
/업무사례/강원상속등기법무사,/업무사례/김해상속등기비용,0.2892,0.0549,GOOD
/업무사례/경남법무사업무,/업무사례/양산법무사업무,0.2892,0.0174,GOOD
/업무사례/경남법인등기법무사,/업무사례/대구다사상속등기,0.2892,0.3558,GOOD
/업무사례/경북조부모명의토지상속,/업무사례/진주상속포기한정승인,0.2892,0.0625,GOOD
/업무사례/경산상속등기법무사,/업무사례/대구아파트상속등기,0.2892,0.0519,GOOD
/업무사례/대구동구상속등기법무사,/업무사례/제주시상속등기법무사,0.2892,0.0667,GOOD
/업무사례/대구상속등기필요서류,/업무사례/충북상속등기법무사,0.2892,0.0449,GOOD
/업무사례/대전서구상속등기법무사,/업무사례/울산북구상속등기법무사,0.2892,0.0806,GOOD
/업무사례/안동상속등기법무사,/업무사례/창원에서부산법인본점이전,0.2892,0.25,GOOD
/업무사례/양산상속포기한정승인,/업무사례/울산달동상속등기,0.2892,0.0253,GOOD
/업무사례/양산상속포기한정승인,/업무사례/포항상속포기한정승인,0.2892,0.0459,GOOD
/업무사례/울산상속등기필요서류,/업무사례/창원에서부산법인본점이전,0.2892,0.2637,GOOD
/업무사례/경북상속등기법무사,/업무사례/대구서구상속등기법무사,0.2891,0.0649,GOOD
/업무사례/경북상속등기비용,/업무사례/양산상속포기한정승인,0.2891,0.0252,GOOD
/업무사례/경북상속등기필요서류,/업무사례/충북상속등기법무사,0.2891,0.0494,GOOD
/업무사례/김해에서부산법인본점이전,/업무사례/울산송정동상속등기,0.2891,0.2416,GOOD
/업무사례/대구상속등기필요서류,/업무사례/창원에서부산법인본점이전,0.2891,0.25,GOOD
/업무사례/대구성서상속등기,/업무사례/울산상속등기법무사,0.2891,0.0516,GOOD
/업무사례/대구아파트상속등기,/업무사례/양산상속포기한정승인,0.2891,0.0294,GOOD
/업무사례/대구월성동상속등기,/업무사례/충남상속등기법무사,0.2891,0.0414,GOOD
/업무사례/대전상속등기법무사,/업무사례/울산토지상속등기,0.2891,0.048,GOOD
/업무사례/대전서구상속등기법무사,/업무사례/양산거주부산부동산상속,0.2891,0.0738,GOOD
/업무사례/대전서구상속등기법무사,/업무사례/울산동구상속등기법무사,0.2891,0.0934,GOOD
/업무사례/부산거주김해부동산상속,/업무사례/양산근저당말소,0.2891,0.2108,GOOD
/업무사례/양산상속포기한정승인,/업무사례/울주언양상속등기,0.2891,0.0287,GOOD
/업무사례/울산공장상속등기,/업무사례/충남상속등기법무사,0.2891,0.0458,GOOD
/업무사례/울산중구상속등기법무사,/업무사례/창원법인등기법무사,0.2891,0.3046,GOOD
/업무사례/울산토지상속등기,/업무사례/충북상속등기법무사,0.2891,0.0483,GOOD
/업무사례/거제상속포기법무사,/업무사례/대구상인동상속등기,0.289,0.125,GOOD
/업무사례/경남상속등기비용,/업무사례/양산부동산등기법무사,0.289,0.2778,GOOD
/업무사례/경남오래된상속등기,/업무사례/양산근저당말소,0.289,0.2412,GOOD
/업무사례/경북상속등기비용,/업무사례/제주상속등기법무사,0.289,0.0494,GOOD
/업무사례/대구다사상속등기,/업무사례/제주상속등기법무사,0.289,0.0534,GOOD
/업무사례/대구시지상속등기,/업무사례/창원에서부산법인본점이전,0.289,0.2528,GOOD
/업무사례/울주범서상속등기,/업무사례/제주상속등기법무사,0.289,0.0532,GOOD
/업무사례/강원상속등기법무사,/업무사례/대구토지상속등기,0.2889,0.0469,GOOD
/업무사례/경기광주상속등기법무사,/업무사례/창원상속등기비용,0.2889,0.063,GOOD
/업무사례/경남법인등기법무사,/업무사례/경북농지상속등기,0.2889,0.3349,GOOD
/업무사례/경북농지상속등기,/업무사례/양산상속포기한정승인,0.2889,0.0251,GOOD
/업무사례/경북상속등기필요서류,/업무사례/창원에서부산법인본점이전,0.2889,0.2537,GOOD
/업무사례/경산상속등기법무사,/업무사례/대구동구상속등기법무사,0.2889,0.0632,GOOD
/업무사례/김해법인등기법무사,/업무사례/대구만촌동상속등기,0.2889,0.2373,GOOD
/업무사례/김해상속등기비용,/업무사례/제주상속등기법무사,0.2889,0.0549,GOOD
/업무사례/김해에서부산법인본점이전,/업무사례/대구시지상속등기,0.2889,0.2402,GOOD
/업무사례/대구서구상속등기법무사,/업무사례/울산상속등기법무사,0.2889,0.0631,GOOD
/업무사례/대구월성동상속등기,/업무사례/부산김해양산공동근저당권,0.2889,0.2558,GOOD
/업무사례/대구유증등기법무사,/업무사례/인천상속등기법무사,0.2889,0.0451,GOOD
/업무사례/울산유증등기법무사,/업무사례/충남상속등기법무사,0.2889,0.0456,GOOD
/업무사례/강원상속등기법무사,/업무사례/울산송정동상속등기,0.2888,0.0609,GOOD
/업무사례/경북상속등기필요서류,/업무사례/제주시상속등기법무사,0.2888,0.0478,GOOD
/업무사례/경북토지상속등기,/업무사례/창원법인등기법무사,0.2888,0.2794,GOOD
/업무사례/대구군위군상속등기법무사,/업무사례/부산에서양산법인본점이전,0.2888,0.2162,GOOD
/업무사례/대전서구상속등기법무사,/업무사례/울산삼산동상속등기,0.2888,0.0843,GOOD
/업무사례/부산거주양산부동산상속,/업무사례/포항에서부산법인본점이전,0.2888,0.216,GOOD
/업무사례/부산에서김해법인본점이전,/업무사례/칠곡상속등기법무사,0.2888,0.25,GOOD
/업무사례/경북임야상속등기,/업무사례/창원에서부산법인본점이전,0.2887,0.2378,GOOD
/업무사례/김해거주부산부동산상속,/업무사례/충북상속등기법무사,0.2887,0.0486,GOOD
/업무사례/대구다사상속등기,/업무사례/포항상속등기법무사,0.2887,0.0509,GOOD
/업무사례/대구월성동상속등기,/업무사례/대전상속등기법무사,0.2887,0.0407,GOOD
/업무사례/대구유증등기법무사,/업무사례/양산상속포기한정승인,0.2887,0.0319,GOOD
/업무사례/대구토지상속등기,/업무사례/양산상속포기한정승인,0.2887,0.0259,GOOD
/업무사례/양산건물멸실등기,/업무사례/양산상속등기비용,0.2887,0.2123,GOOD
/업무사례/울주범서상속등기,/업무사례/창원에서부산법인본점이전,0.2887,0.2562,GOOD
/업무사례/경남상속등기비용,/업무사례/부산에서김해법인본점이전,0.2886,0.2637,GOOD
/업무사례/경북상속등기법무사,/업무사례/창원상속등기필요서류,0.2886,0.0508,GOOD
/업무사례/구미에서부산법인본점이전,/업무사례/부산거주김해부동산상속,0.2886,0.2198,GOOD
/업무사례/대구달성군상속등기법무사,/업무사례/제주상속등기법무사,0.2886,0.0659,GOOD
/업무사례/대전상속등기법무사,/업무사례/울산삼산동상속등기,0.2886,0.0492,GOOD
/업무사례/세종상속등기법무사,/업무사례/울산중구상속등기법무사,0.2886,0.0522,GOOD
/업무사례/양산상속등기비용,/업무사례/울산남구상속등기법무사,0.2886,0.045,GOOD
/업무사례/강원상속등기법무사,/업무사례/양산상속등기필요서류,0.2885,0.0611,GOOD
/업무사례/경기광주상속등기법무사,/업무사례/대구북구상속등기법무사,0.2885,0.0726,GOOD
/업무사례/경남법인등기법무사,/업무사례/부산거주김해부동산상속,0.2885,0.2143,GOOD
/업무사례/경남상속등기비용,/업무사례/경산상속등기법무사,0.2885,0.0511,GOOD
/업무사례/경산상속등기법무사,/업무사례/울산북구상속등기법무사,0.2885,0.053,GOOD
/업무사례/대구서구상속등기법무사,/업무사례/충북상속등기법무사,0.2885,0.0652,GOOD
/업무사례/세종상속등기법무사,/업무사례/울산공장상속등기,0.2885,0.0449,GOOD
/업무사례/창원의창구상속등기법무사,/업무사례/포항상속등기법무사,0.2885,0.0567,GOOD
/업무사례/경남법인등기법무사,/업무사례/칠곡상속등기법무사,0.2884,0.2174,GOOD
/업무사례/경북상속등기법무사,/업무사례/김해거주부산부동산상속,0.2884,0.0484,GOOD
/업무사례/경산상속등기법무사,/업무사례/울산달동상속등기,0.2884,0.0511,GOOD
/업무사례/경산상속등기법무사,/업무사례/울산동구상속등기법무사,0.2884,0.0519,GOOD
/업무사례/김해법인등기법무사,/업무사례/울산상속등기비용,0.2884,0.2591,GOOD
/업무사례/김해법인등기법무사,/업무사례/울산유증등기법무사,0.2884,0.24,GOOD
/업무사례/대전서구상속등기법무사,/업무사례/부산거주양산부동산상속,0.2884,0.0782,GOOD
/업무사례/부산에서김해법인본점이전,/업무사례/울산옥동상속등기,0.2884,0.2463,GOOD
/업무사례/울산상속등기법무사,/업무사례/울산옥동상속등기,0.2884,0.0504,GOOD
/업무사례/울산토지상속등기,/업무사례/창원법인등기법무사,0.2884,0.2935,GOOD
/업무사례/제주시상속등기법무사,/업무사례/창원의창구상속등기법무사,0.2884,0.0591,GOOD
/업무사례/세종상속등기법무사,/업무사례/울산유증등기법무사,0.2883,0.0448,GOOD
/업무사례/울산아파트상속등기,/업무사례/창원에서부산법인본점이전,0.2883,0.2589,GOOD
/업무사례/강원상속등기법무사,/업무사례/경북농지상속등기,0.2882,0.0492,GOOD
/업무사례/경남법인등기법무사,/업무사례/대구남구상속등기법무사,0.2882,0.3429,GOOD
/업무사례/경남여러필지토지상속,/업무사례/대전서구상속등기법무사,0.2882,0.0816,GOOD
/업무사례/경남유증등기법무사,/업무사례/양산개인회생법무사,0.2882,0.2984,GOOD
/업무사례/경북법인등기법무사,/업무사례/양산증여등기법무사,0.2882,0.2249,GOOD
/업무사례/경북조부모명의토지상속,/업무사례/대전상속등기법무사,0.2882,0.0489,GOOD
/업무사례/경산상속등기법무사,/업무사례/대구북구상속등기법무사,0.2882,0.0622,GOOD
/업무사례/김해에서부산법인본점이전,/업무사례/울산아파트상속등기,0.2882,0.2167,GOOD
/업무사례/대구시지상속등기,/업무사례/충북상속등기법무사,0.2882,0.0601,GOOD
/업무사례/부산울산공동근저당권,/업무사례/양산증여등기법무사,0.2882,0.2177,GOOD
/업무사례/경기광주상속등기법무사,/업무사례/울산송정동상속등기,0.2881,0.0723,GOOD
/업무사례/경북상속등기법무사,/업무사례/안동상속등기법무사,0.2881,0.0593,GOOD
/업무사례/대구성서상속등기,/업무사례/대구수성구상속등기법무사,0.2881,0.0488,GOOD
/업무사례/대구현풍상속등기,/업무사례/부산에서양산법인본점이전,0.2881,0.2767,GOOD
/업무사례/양산상속등기필요서류,/업무사례/제주상속등기법무사,0.2881,0.0611,GOOD
/업무사례/울산상속등기법무사,/업무사례/창원성산구상속등기법무사,0.2881,0.0583,GOOD
/업무사례/강원상속등기법무사,/업무사례/대구달성군상속등기법무사,0.288,0.0618,GOOD
/업무사례/경남법인등기법무사,/업무사례/울산옥동상속등기,0.288,0.3333,GOOD
/업무사례/경북상속등기비용,/업무사례/충북상속등기법무사,0.288,0.0491,GOOD
/업무사례/경산상속등기법무사,/업무사례/울산아파트상속등기,0.288,0.056,GOOD
/업무사례/대구월성동상속등기,/업무사례/양산상속포기한정승인,0.288,0.0288,GOOD
/업무사례/부산에서김해법인본점이전,/업무사례/통영상속포기한정승인,0.288,0.1858,GOOD
/업무사례/안동상속등기법무사,/업무사례/제주시상속등기법무사,0.288,0.0542,GOOD
/업무사례/울주언양상속등기,/업무사례/충북상속등기법무사,0.288,0.0526,GOOD
/업무사례/전국법인본점이전등기,/업무사례/포항상속등기법무사,0.288,0.1111,GOOD
/업무사례/경남공장공동근저당권,/업무사례/경주오래된토지상속등기,0.2879,0.1406,GOOD
/업무사례/경남오래된상속등기,/업무사례/부산에서창원법인본점이전,0.2879,0.2849,GOOD
/업무사례/경북농지상속등기,/업무사례/대전서구상속등기법무사,0.2879,0.0669,GOOD
/업무사례/경북상속등기법무사,/업무사례/울주삼남상속등기,0.2879,0.0573,GOOD
/업무사례/경북토지상속등기,/업무사례/충남상속등기법무사,0.2879,0.0485,GOOD
/업무사례/대구군위군상속등기법무사,/업무사례/양산에서부산법인본점이전,0.2879,0.2278,GOOD
/업무사례/대구동구상속등기법무사,/업무사례/대전유성구상속등기법무사,0.2879,0.0435,GOOD
/업무사례/대구상인동상속등기,/업무사례/진주상속포기한정승인,0.2879,0.05,GOOD
/업무사례/대전상속등기법무사,/업무사례/울주언양상속등기,0.2879,0.0483,GOOD
/업무사례/대전유성구상속등기법무사,/업무사례/창원성산구상속등기법무사,0.2879,0.0503,GOOD
/업무사례/부산거주양산부동산상속,/업무사례/양산에서부산법인본점이전,0.2879,0.2921,GOOD
/업무사례/양산상속등기필요서류,/업무사례/포항상속등기법무사,0.2879,0.0579,GOOD
/업무사례/양산상속포기한정승인,/업무사례/울산삼산동상속등기,0.2879,0.0255,GOOD
/업무사례/양산상속포기한정승인,/업무사례/울산아파트상속등기,0.2879,0.0257,GOOD
/업무사례/경남상속등기비용,/업무사례/양산근저당말소,0.2878,0.2757,GOOD
/업무사례/김해상속등기비용,/업무사례/양산신축건물보존등기,0.2878,0.2525,GOOD
/업무사례/대구월성동상속등기,/업무사례/진주상속포기한정승인,0.2878,0.0505,GOOD
/업무사례/강원상속등기법무사,/업무사례/울산북구상속등기법무사,0.2877,0.0634,GOOD
/업무사례/경기상속등기법무사,/업무사례/대구달성군상속등기법무사,0.2877,0.0598,GOOD
/업무사례/경북상속등기법무사,/업무사례/대구상속등기비용,0.2877,0.0446,GOOD
/업무사례/경북상속등기법무사,/업무사례/울주언양상속등기,0.2877,0.0524,GOOD
/업무사례/경북조부모명의토지상속,/업무사례/충남상속등기법무사,0.2877,0.0496,GOOD
/업무사례/경산상속등기법무사,/업무사례/대구군위군상속등기법무사,0.2877,0.0622,GOOD
/업무사례/경산상속등기법무사,/업무사례/부산거주양산부동산상속,0.2877,0.0516,GOOD
/업무사례/김해상속등기비용,/업무사례/포항상속등기법무사,0.2877,0.052,GOOD
/업무사례/대구범어동상속등기,/업무사례/충남상속등기법무사,0.2877,0.0455,GOOD
/업무사례/대구유증등기법무사,/업무사례/전남상속등기법무사,0.2877,0.0446,GOOD
/업무사례/대구유증등기법무사,/업무사례/창원법인등기법무사,0.2877,0.3035,GOOD
/업무사례/대구중구상속등기법무사,/업무사례/대전서구상속등기법무사,0.2877,0.0868,GOOD
/업무사례/양산증여등기법무사,/업무사례/울산에서부산법인본점이전,0.2877,0.1695,GOOD
/업무사례/울산북구상속등기법무사,/업무사례/창원에서부산법인본점이전,0.2877,0.2524,GOOD
/업무사례/강원상속등기법무사,/업무사례/울산달동상속등기,0.2876,0.0536,GOOD
/업무사례/경남법인등기법무사,/업무사례/대구동구상속등기법무사,0.2876,0.3349,GOOD
/업무사례/경남법인등기법무사,/업무사례/울산아파트상속등기,0.2876,0.2897,GOOD
/업무사례/경산상속등기법무사,/업무사례/대구남구상속등기법무사,0.2876,0.0625,GOOD
/업무사례/김해에서부산법인본점이전,/업무사례/울산달동상속등기,0.2876,0.2233,GOOD
/업무사례/양산상속등기비용,/업무사례/양산증여등기법무사,0.2876,0.1974,GOOD
/업무사례/양산상속포기한정승인,/업무사례/울산송정동상속등기,0.2876,0.0285,GOOD
/업무사례/양산에서부산법인본점이전,/업무사례/울주언양상속등기,0.2876,0.2736,GOOD
/업무사례/울산동구상속등기법무사,/업무사례/창원에서부산법인본점이전,0.2876,0.264,GOOD
/업무사례/제주시상속등기법무사,/업무사례/창원상속등기필요서류,0.2876,0.0443,GOOD
/업무사례/강원상속등기법무사,/업무사례/대구상속등기비용,0.2875,0.0451,GOOD
/업무사례/경북조부모명의토지상속,/업무사례/양산상속포기한정승인,0.2875,0.0253,GOOD
/업무사례/김해법인등기법무사,/업무사례/울산공장상속등기,0.2875,0.235,GOOD
/업무사례/대구부산공동근저당권,/업무사례/양산증여등기법무사,0.2875,0.2245,GOOD
/업무사례/대구상속등기필요서류,/업무사례/대전서구상속등기법무사,0.2875,0.0669,GOOD
/업무사례/대구상속등기필요서류,/업무사례/양산상속포기한정승인,0.2875,0.0251,GOOD
/업무사례/대구유증등기법무사,/업무사례/대전상속등기법무사,0.2875,0.0438,GOOD
/업무사례/부산에서김해법인본점이전,/업무사례/울주삼남상속등기,0.2875,0.2463,GOOD
/업무사례/영천상속등기법무사,/업무사례/인천상속등기법무사,0.2875,0.0505,GOOD
/업무사례/거제상속포기법무사,/업무사례/부산에서김해법인본점이전,0.2874,0.1674,GOOD
/업무사례/경남상속등기비용,/업무사례/대전서구상속등기법무사,0.2874,0.0795,GOOD
/업무사례/경북상속등기비용,/업무사례/경산상속등기법무사,0.2874,0.0471,GOOD
/업무사례/경산상속등기법무사,/업무사례/대구만촌동상속등기,0.2874,0.0528,GOOD
/업무사례/경산상속등기법무사,/업무사례/대구상속등기비용,0.2874,0.043,GOOD
/업무사례/경산상속등기법무사,/업무사례/창원상속등기필요서류,0.2874,0.0488,GOOD
/업무사례/김해거주부산부동산상속,/업무사례/양산부동산등기법무사,0.2874,0.29,GOOD
/업무사례/김해에서부산법인본점이전,/업무사례/대구북구상속등기법무사,0.2874,0.236,GOOD
/업무사례/부산김해양산공동근저당권,/업무사례/울산법무사업무,0.2874,0.2775,GOOD
/업무사례/경북농지상속등기,/업무사례/울산상속등기법무사,0.2873,0.0412,GOOD
/업무사례/경북법인등기법무사,/업무사례/부산거주김해부동산상속,0.2873,0.201,GOOD
/업무사례/경북상속등기비용,/업무사례/대전유성구상속등기법무사,0.2873,0.0385,GOOD
/업무사례/경북상속등기필요서류,/업무사례/제주상속등기법무사,0.2873,0.0498,GOOD
/업무사례/대구상인동상속등기,/업무사례/인천상속등기법무사,0.2873,0.0415,GOOD
/업무사례/부산에서김해법인본점이전,/업무사례/사천상속등기법무사,0.2873,0.0723,GOOD
/업무사례/부산에서창원법인본점이전,/업무사례/창원의창구상속등기법무사,0.2873,0.3237,GOOD
/업무사례/양산상속포기한정승인,/업무사례/울산동구상속등기법무사,0.2873,0.0294,GOOD
/업무사례/강원상속등기법무사,/업무사례/창원성산구상속등기법무사,0.2872,0.0661,GOOD
/업무사례/경남상속등기비용,/업무사례/충북상속등기법무사,0.2872,0.0492,GOOD
/업무사례/경북농지상속등기,/업무사례/대구수성구상속등기법무사,0.2872,0.0383,GOOD
/업무사례/경북법인등기법무사,/업무사례/울주군상속포기한정승인,0.2872,0.1976,GOOD
/업무사례/경산상속등기법무사,/업무사례/창원의창구상속등기법무사,0.2872,0.0524,GOOD
/업무사례/대전서구상속등기법무사,/업무사례/울산옥동상속등기,0.2872,0.0923,GOOD
/업무사례/영천상속등기법무사,/업무사례/진주상속포기한정승인,0.2872,0.0692,GOOD
/업무사례/전국공동근저당권등기,/업무사례/포항상속등기법무사,0.2872,0.0992,GOOD
/업무사례/경북상속등기법무사,/업무사례/부산거주김해부동산상속,0.2871,0.0544,GOOD
/업무사례/경북임야상속등기,/업무사례/제주상속등기법무사,0.2871,0.0546,GOOD
/업무사례/김해에서부산법인본점이전,/업무사례/대구현풍상속등기,0.2871,0.2056,GOOD
/업무사례/대구월성동상속등기,/업무사례/대전유성구상속등기법무사,0.2871,0.0339,GOOD
/업무사례/대전상속등기법무사,/업무사례/울산달동상속등기,0.2871,0.0489,GOOD
/업무사례/울산달동상속등기,/업무사례/충북상속등기법무사,0.2871,0.0532,GOOD
/업무사례/울산옥동상속등기,/업무사례/충북상속등기법무사,0.2871,0.0615,GOOD
/업무사례/경기상속등기법무사,/업무사례/경북농지상속등기,0.287,0.051,GOOD
/업무사례/경북상속등기법무사,/업무사례/대구시지상속등기,0.287,0.0598,GOOD
/업무사례/경북상속등기필요서류,/업무사례/포항상속등기법무사,0.287,0.0513,GOOD
/업무사례/경북토지상속등기,/업무사례/창원에서부산법인본점이전,0.287,0.2392,GOOD
/업무사례/대구동구상속등기법무사,/업무사례/울산남구상속등기법무사,0.287,0.0583,GOOD
/업무사례/대구토지상속등기,/업무사례/창원에서부산법인본점이전,0.287,0.2551,GOOD
/업무사례/울산공장상속등기,/업무사례/전남상속등기법무사,0.287,0.046,GOOD
/업무사례/울산북구상속등기법무사,/업무사례/포항상속등기법무사,0.287,0.0567,GOOD
/업무사례/울산유증등기법무사,/업무사례/창원에서부산법인본점이전,0.287,0.2587,GOOD
/업무사례/울주군상속등기법무사,/업무사례/칠곡상속등기법무사,0.287,0.0579,GOOD
/업무사례/울주삼남상속등기,/업무사례/포항상속등기법무사,0.287,0.0513,GOOD
/업무사례/제주시상속등기법무사,/업무사례/칠곡상속등기법무사,0.287,0.0597,GOOD
/업무사례/경기광주상속등기법무사,/업무사례/울산북구상속등기법무사,0.2869,0.0616,GOOD
/업무사례/대구아파트상속등기,/업무사례/창원법인등기법무사,0.2869,0.2938,GOOD
/업무사례/부산거주김해부동산상속,/업무사례/충남상속등기법무사,0.2869,0.0551,GOOD
/업무사례/강원상속등기법무사,/업무사례/창원상속등기비용,0.2868,0.0515,GOOD
/업무사례/경기광주상속등기법무사,/업무사례/경남여러필지토지상속,0.2868,0.0605,GOOD
/업무사례/경북임야상속등기,/업무사례/포항상속등기법무사,0.2868,0.0518,GOOD
/업무사례/경북토지상속등기,/업무사례/대전서구상속등기법무사,0.2868,0.0659,GOOD
/업무사례/경산상속등기법무사,/업무사례/창원상속등기비용,0.2868,0.0488,GOOD
/업무사례/대구범어동상속등기,/업무사례/인천상속등기법무사,0.2868,0.0421,GOOD
/업무사례/대구월성동상속등기,/업무사례/창원법인등기법무사,0.2868,0.266,GOOD
/업무사례/대구토지상속등기,/업무사례/대전서구상속등기법무사,0.2868,0.0651,GOOD
/업무사례/양산상속등기필요서류,/업무사례/제주시상속등기법무사,0.2868,0.0553,GOOD
/업무사례/울산상속등기법무사,/업무사례/칠곡상속등기법무사,0.2868,0.0521,GOOD
/업무사례/울산유증등기법무사,/업무사례/전남상속등기법무사,0.2868,0.0458,GOOD
/업무사례/창원상속등기필요서류,/업무사례/포항상속등기법무사,0.2868,0.0488,GOOD
/업무사례/경남상속등기법무사,/업무사례/양산상속등기비용,0.2867,0.0561,GOOD
/업무사례/경북상속등기법무사,/업무사례/울주범서상속등기,0.2867,0.0526,GOOD
/업무사례/경북상속등기비용,/업무사례/제주시상속등기법무사,0.2867,0.0519,GOOD
/업무사례/대전상속등기법무사,/업무사례/울산공장상속등기,0.2867,0.0451,GOOD
/업무사례/부산에서김해법인본점이전,/업무사례/울산유증등기법무사,0.2867,0.2451,GOOD
/업무사례/부산에서양산법인본점이전,/업무사례/울산송정동상속등기,0.2867,0.235,GOOD
/업무사례/울산매곡동상속등기,/업무사례/창원에서부산법인본점이전,0.2867,0.2562,GOOD
/업무사례/강원상속등기법무사,/업무사례/경남여러필지토지상속,0.2866,0.0537,GOOD
/업무사례/거제상속포기법무사,/업무사례/경남비대면상속안내,0.2866,0.0797,GOOD
/업무사례/거제상속포기법무사,/업무사례/김해에서부산법인본점이전,0.2866,0.1688,GOOD
/업무사례/경기광주상속등기법무사,/업무사례/김해상속등기비용,0.2866,0.0661,GOOD
/업무사례/김해상속등기비용,/업무사례/제주시상속등기법무사,0.2866,0.0637,GOOD
/업무사례/김해에서부산법인본점이전,/업무사례/울주삼남상속등기,0.2866,0.2184,GOOD
/업무사례/안동오래된토지상속등기,/업무사례/통영상속포기한정승인,0.2866,0.1296,GOOD
/업무사례/강원상속등기법무사,/업무사례/경남조부모명의토지상속,0.2865,0.0551,GOOD
/업무사례/강원상속등기법무사,/업무사례/대구만촌동상속등기,0.2865,0.0513,GOOD
/업무사례/경남공장공동근저당권,/업무사례/울산법무사업무,0.2865,0.3155,GOOD
/업무사례/경주오래된토지상속등기,/업무사례/부산김해양산공동근저당권,0.2865,0.1383,GOOD
/업무사례/김해에서부산법인본점이전,/업무사례/사천상속등기법무사,0.2865,0.0729,GOOD
/업무사례/김해에서부산법인본점이전,/업무사례/울산동구상속등기법무사,0.2865,0.2217,GOOD
/업무사례/대구군위군상속등기법무사,/업무사례/부산에서김해법인본점이전,0.2865,0.2198,GOOD
/업무사례/대구남구상속등기법무사,/업무사례/대전유성구상속등기법무사,0.2865,0.0429,GOOD
/업무사례/대구범어동상속등기,/업무사례/전남상속등기법무사,0.2865,0.0417,GOOD
/업무사례/울산상속등기필요서류,/업무사례/충북상속등기법무사,0.2865,0.0451,GOOD
/업무사례/제주상속등기법무사,/업무사례/창원상속등기비용,0.2865,0.0515,GOOD
/업무사례/경기광주상속등기법무사,/업무사례/대구동구상속등기법무사,0.2864,0.0725,GOOD
/업무사례/경북오래된상속등기,/업무사례/양산상속포기한정승인,0.2864,0.0251,GOOD
/업무사례/대구달성군상속등기법무사,/업무사례/포항상속등기법무사,0.2864,0.0588,GOOD
/업무사례/대구시지상속등기,/업무사례/부산에서김해법인본점이전,0.2864,0.2514,GOOD
/업무사례/대구아파트상속등기,/업무사례/울산상속등기법무사,0.2864,0.0466,GOOD
/업무사례/대전유성구상속등기법무사,/업무사례/양산상속등기필요서류,0.2864,0.05,GOOD
/업무사례/제주시상속등기법무사,/업무사례/창원성산구상속등기법무사,0.2864,0.0609,GOOD
/업무사례/강원상속등기법무사,/업무사례/김해거주부산부동산상속,0.2863,0.049,GOOD
/업무사례/경기광주상속등기법무사,/업무사례/김해상속등기필요서류,0.2863,0.0637,GOOD
/업무사례/김해상속등기필요서류,/업무사례/양산신축건물보존등기,0.2863,0.2624,GOOD
/업무사례/대구에서부산법인본점이전,/업무사례/부산거주양산부동산상속,0.2863,0.213,GOOD
/업무사례/부산에서양산법인본점이전,/업무사례/울산달동상속등기,0.2863,0.298,GOOD
/업무사례/양산개인회생법무사,/업무사례/창원의창구상속등기법무사,0.2863,0.2842,GOOD
/업무사례/양산부동산등기법무사,/업무사례/창원의창구상속등기법무사,0.2863,0.2769,GOOD
/업무사례/울주삼남상속등기,/업무사례/충북상속등기법무사,0.2863,0.0534,GOOD
/업무사례/경남상속등기비용,/업무사례/대구에서부산법인본점이전,0.2862,0.2955,GOOD
/업무사례/경남유증등기법무사,/업무사례/양산신축건물보존등기,0.2862,0.2814,GOOD
/업무사례/경남조부모명의토지상속,/업무사례/대전서구상속등기법무사,0.2862,0.0837,GOOD
/업무사례/대구상속등기비용,/업무사례/대전서구상속등기법무사,0.2862,0.0667,GOOD
/업무사례/대구현풍상속등기,/업무사례/울산상속등기법무사,0.2862,0.0447,GOOD
/업무사례/부산거주양산부동산상속,/업무사례/포항상속등기법무사,0.2862,0.0516,GOOD
/업무사례/부산에서양산법인본점이전,/업무사례/울주언양상속등기,0.2862,0.2935,GOOD
/업무사례/울산상속등기필요서류,/업무사례/제주시상속등기법무사,0.2862,0.0385,GOOD
/업무사례/울산중구상속등기법무사,/업무사례/창원에서부산법인본점이전,0.2862,0.2624,GOOD
/업무사례/경북상속등기법무사,/업무사례/대구상속등기필요서류,0.2861,0.0448,GOOD
/업무사례/경북상속등기법무사,/업무사례/울산매곡동상속등기,0.2861,0.0566,GOOD
/업무사례/김해거주부산부동산상속,/업무사례/대전유성구상속등기법무사,0.2861,0.037,GOOD
/업무사례/김해법인등기법무사,/업무사례/대구중구상속등기법무사,0.2861,0.2426,GOOD
/업무사례/김해상속등기필요서류,/업무사례/울산상속등기법무사,0.2861,0.0456,GOOD
/업무사례/대구남구상속등기법무사,/업무사례/포항상속등기법무사,0.2861,0.0586,GOOD
/업무사례/대구상인동상속등기,/업무사례/전남상속등기법무사,0.2861,0.041,GOOD
/업무사례/대전서구상속등기법무사,/업무사례/울산중구상속등기법무사,0.2861,0.0913,GOOD
/업무사례/부산에서김해법인본점이전,/업무사례/울주범서상속등기,0.2861,0.2427,GOOD
/업무사례/부산에서김해법인본점이전,/업무사례/울주언양상속등기,0.2861,0.2415,GOOD
/업무사례/세종상속등기법무사,/업무사례/영천상속등기법무사,0.2861,0.0417,GOOD
/업무사례/울주범서상속등기,/업무사례/충북상속등기법무사,0.2861,0.0528,GOOD
/업무사례/경기상속등기법무사,/업무사례/대구현풍상속등기,0.286,0.0543,GOOD
/업무사례/경남공장공동근저당권,/업무사례/안동오래된토지상속등기,0.286,0.1333,GOOD
/업무사례/경남법인등기법무사,/업무사례/울주삼남상속등기,0.286,0.3023,GOOD
/업무사례/경남상속등기비용,/업무사례/경북상속등기법무사,0.286,0.0491,GOOD
/업무사례/경북농지상속등기,/업무사례/제주상속등기법무사,0.286,0.0492,GOOD
/업무사례/경북상속등기법무사,/업무사례/경북상속등기필요서류,0.286,0.0492,GOOD
/업무사례/대구남구상속등기법무사,/업무사례/제주시상속등기법무사,0.286,0.0658,GOOD
/업무사례/대구서구상속등기법무사,/업무사례/양산에서부산법인본점이전,0.286,0.2416,GOOD
/업무사례/대구유증등기법무사,/업무사례/충남상속등기법무사,0.286,0.0444,GOOD
/업무사례/대구현풍상속등기,/업무사례/울산남구상속등기법무사,0.286,0.0427,GOOD
/업무사례/양산에서부산법인본점이전,/업무사례/울산상속등기비용,0.286,0.285,GOOD
/업무사례/울산삼산동상속등기,/업무사례/제주상속등기법무사,0.286,0.05,GOOD
/업무사례/거제상속포기법무사,/업무사례/경주오래된토지상속등기,0.2859,0.1345,GOOD
/업무사례/경북상속등기법무사,/업무사례/울산달동상속등기,0.2859,0.053,GOOD
/업무사례/경산상속등기법무사,/업무사례/울산상속등기필요서류,0.2859,0.0433,GOOD
/업무사례/고성군상속등기법무사,/업무사례/광주상속등기법무사,0.2859,0.0469,GOOD
/업무사례/김해상속등기필요서류,/업무사례/울산남구상속등기법무사,0.2859,0.0437,GOOD
/업무사례/대구상속등기필요서류,/업무사례/울산상속등기법무사,0.2859,0.0369,GOOD
/업무사례/대구수성구상속등기법무사,/업무사례/양산상속등기비용,0.2859,0.0441,GOOD
/업무사례/대구현풍상속등기,/업무사례/서울상속등기법무사,0.2859,0.0605,GOOD
/업무사례/강원상속등기법무사,/업무사례/대구남구상속등기법무사,0.2858,0.0615,GOOD
/업무사례/경기광주상속등기법무사,/업무사례/경남조부모명의토지상속,0.2858,0.062,GOOD
/업무사례/경기광주상속등기법무사,/업무사례/대구만촌동상속등기,0.2858,0.0583,GOOD
/업무사례/경기상속등기법무사,/업무사례/양산상속등기비용,0.2858,0.058,GOOD
/업무사례/경남공장공동근저당권,/업무사례/경북법무사업무,0.2858,0.2961,GOOD
/업무사례/경남법인등기법무사,/업무사례/울산동구상속등기법무사,0.2858,0.3005,GOOD
/업무사례/경북상속등기법무사,/업무사례/경북상속등기비용,0.2858,0.0489,GOOD
/업무사례/경북상속등기법무사,/업무사례/울산옥동상속등기,0.2858,0.0613,GOOD
/업무사례/경산상속등기법무사,/업무사례/울산매곡동상속등기,0.2858,0.0507,GOOD
/업무사례/대구다사상속등기,/업무사례/제주시상속등기법무사,0.2858,0.0474,GOOD
/업무사례/대구북구상속등기법무사,/업무사례/포항상속등기법무사,0.2858,0.0622,GOOD
/업무사례/대구서구상속등기법무사,/업무사례/양산상속포기한정승인,0.2858,0.0328,GOOD
/업무사례/대전유성구상속등기법무사,/업무사례/안동상속등기법무사,0.2858,0.0388,GOOD
/업무사례/양산개인회생법무사,/업무사례/창원상속등기비용,0.2858,0.2234,GOOD
/업무사례/양산거주부산부동산상속,/업무사례/양산신축건물보존등기,0.2858,0.2379,GOOD
/업무사례/울산상속등기비용,/업무사례/제주상속등기법무사,0.2858,0.0506,GOOD
/업무사례/경남법인등기법무사,/업무사례/경북임야상속등기,0.2857,0.218,GOOD
/업무사례/경남법인등기법무사,/업무사례/울주범서상속등기,0.2857,0.3041,GOOD
/업무사례/경남조부모명의토지상속,/업무사례/양산신축건물보존등기,0.2857,0.2174,GOOD
/업무사례/경북상속등기필요서류,/업무사례/경산상속등기법무사,0.2857,0.0474,GOOD
/업무사례/대구군위군상속등기법무사,/업무사례/대전유성구상속등기법무사,0.2857,0.0448,GOOD
/업무사례/대구다사상속등기,/업무사례/울주군상속등기법무사,0.2857,0.0515,GOOD
/업무사례/대구동구상속등기법무사,/업무사례/부산에서김해법인본점이전,0.2857,0.2353,GOOD
/업무사례/대전유성구상속등기법무사,/업무사례/칠곡상속등기법무사,0.2857,0.039,GOOD
/업무사례/부산에서대구법인본점이전,/업무사례/창원의창구상속등기법무사,0.2857,0.2077,GOOD
/업무사례/강원상속등기법무사,/업무사례/경북상속등기비용,0.2856,0.0494,GOOD
/업무사례/경기광주상속등기법무사,/업무사례/창원의창구상속등기법무사,0.2856,0.0667,GOOD
/업무사례/경남법인등기법무사,/업무사례/대구북구상속등기법무사,0.2856,0.2266,GOOD
/업무사례/경남유증등기법무사,/업무사례/충북상속등기법무사,0.2856,0.0539,GOOD
/업무사례/경북상속등기필요서류,/업무사례/대전유성구상속등기법무사,0.2856,0.0388,GOOD
/업무사례/김해거주부산부동산상속,/업무사례/제주시상속등기법무사,0.2856,0.0516,GOOD
/업무사례/김해에서부산법인본점이전,/업무사례/울산매곡동상속등기,0.2856,0.2153,GOOD
/업무사례/대구다사상속등기,/업무사례/울산상속등기법무사,0.2856,0.0413,GOOD
/업무사례/강원상속등기법무사,/업무사례/대구북구상속등기법무사,0.2855,0.0658,GOOD
/업무사례/경기광주상속등기법무사,/업무사례/창원성산구상속등기법무사,0.2855,0.0776,GOOD
/업무사례/경북상속등기필요서류,/업무사례/김해에서부산법인본점이전,0.2855,0.2126,GOOD
/업무사례/경북임야상속등기,/업무사례/경산상속등기법무사,0.2855,0.0518,GOOD
/업무사례/경산상속등기법무사,/업무사례/울주언양상속등기,0.2855,0.0468,GOOD
/업무사례/김해에서부산법인본점이전,/업무사례/울산북구상속등기법무사,0.2855,0.213,GOOD
/업무사례/대구시지상속등기,/업무사례/제주상속등기법무사,0.2855,0.0606,GOOD
/업무사례/부산에서김해법인본점이전,/업무사례/울산상속등기필요서류,0.2855,0.25,GOOD
/업무사례/부산에서대구법인본점이전,/업무사례/울산법무사업무,0.2855,0.1706,GOOD
/업무사례/울산매곡동상속등기,/업무사례/충북상속등기법무사,0.2855,0.0528,GOOD
/업무사례/울산토지상속등기,/업무사례/창원에서부산법인본점이전,0.2855,0.2524,GOOD
/업무사례/울주삼남상속등기,/업무사례/제주상속등기법무사,0.2855,0.0538,GOOD
/업무사례/경기광주상속등기법무사,/업무사례/대구달성군상속등기법무사,0.2854,0.0679,GOOD
/업무사례/경기상속등기법무사,/업무사례/울산옥동상속등기,0.2854,0.0643,GOOD
/업무사례/경북임야상속등기,/업무사례/대전유성구상속등기법무사,0.2854,0.0431,GOOD
/업무사례/구미에서부산법인본점이전,/업무사례/울산법무사업무,0.2854,0.1818,GOOD
/업무사례/김해상속등기비용,/업무사례/대구수성구상속등기법무사,0.2854,0.0433,GOOD
/업무사례/대구만촌동상속등기,/업무사례/대전유성구상속등기법무사,0.2854,0.0441,GOOD
/업무사례/대구범어동상속등기,/업무사례/전북상속등기법무사,0.2854,0.0412,GOOD
/업무사례/울산상속등기법무사,/업무사례/창원의창구상속등기법무사,0.2854,0.0467,GOOD
/업무사례/울산송정동상속등기,/업무사례/포항상속등기법무사,0.2854,0.0533,GOOD
/업무사례/경기상속등기법무사,/업무사례/김해상속등기비용,0.2853,0.057,GOOD
/업무사례/경남법무사업무,/업무사례/경남법인등기법무사,0.2853,0.3318,GOOD
/업무사례/경남상속등기법무사,/업무사례/김해상속등기비용,0.2853,0.055,GOOD
/업무사례/경남유증등기법무사,/업무사례/경북상속등기법무사,0.2853,0.0537,GOOD
/업무사례/경남유증등기법무사,/업무사례/양산건물멸실등기,0.2853,0.2705,GOOD
/업무사례/경남조부모명의토지상속,/업무사례/제주상속등기법무사,0.2853,0.0596,GOOD
/업무사례/경주오래된토지상속등기,/업무사례/광주상속등기법무사,0.2853,0.0426,GOOD
/업무사례/김해상속등기비용,/업무사례/양산개인회생법무사,0.2853,0.2615,GOOD
/업무사례/대구범어동상속등기,/업무사례/세종상속등기법무사,0.2853,0.0407,GOOD
/업무사례/대구상속등기비용,/업무사례/양산상속포기한정승인,0.2853,0.025,GOOD
/업무사례/대구상속등기비용,/업무사례/양산에서부산법인본점이전,0.2853,0.2611,GOOD
/업무사례/대전서구상속등기법무사,/업무사례/울주언양상속등기,0.2853,0.0868,GOOD
/업무사례/양산신축건물보존등기,/업무사례/창원성산구상속등기법무사,0.2853,0.2312,GOOD
/업무사례/울산매곡동상속등기,/업무사례/포항상속등기법무사,0.2853,0.0507,GOOD
/업무사례/울산유증등기법무사,/업무사례/창원법인등기법무사,0.2853,0.301,GOOD
/업무사례/경남상속등기법무사,/업무사례/대구성서상속등기,0.2852,0.0654,GOOD
/업무사례/경북농지상속등기,/업무사례/대전유성구상속등기법무사,0.2852,0.0383,GOOD
/업무사례/김해에서부산법인본점이전,/업무사례/울주범서상속등기,0.2852,0.2153,GOOD
/업무사례/김해에서부산법인본점이전,/업무사례/울주언양상속등기,0.2852,0.2201,GOOD
/업무사례/대구남구상속등기법무사,/업무사례/부산에서김해법인본점이전,0.2852,0.2319,GOOD
/업무사례/대구상속등기필요서류,/업무사례/제주시상속등기법무사,0.2852,0.0427,GOOD
/업무사례/대구성서상속등기,/업무사례/울산남구상속등기법무사,0.2852,0.0498,GOOD
/업무사례/대구수성구상속등기법무사,/업무사례/대구현풍상속등기,0.2852,0.042,GOOD
/업무사례/대구시지상속등기,/업무사례/포항상속등기법무사,0.2852,0.0574,GOOD
/업무사례/대구에서부산법인본점이전,/업무사례/창원상속등기비용,0.2852,0.2028,GOOD
/업무사례/강원상속등기법무사,/업무사례/안동상속등기법무사,0.2851,0.0601,GOOD
/업무사례/강원상속등기법무사,/업무사례/울산상속등기필요서류,0.2851,0.0455,GOOD
/업무사례/경기상속등기법무사,/업무사례/창원성산구상속등기법무사,0.2851,0.0688,GOOD
/업무사례/경남상속등기비용,/업무사례/부산에서대구법인본점이전,0.2851,0.1866,GOOD
/업무사례/경북상속등기비용,/업무사례/부산에서양산법인본점이전,0.2851,0.2965,GOOD
/업무사례/경산상속등기법무사,/업무사례/울산상속등기비용,0.2851,0.052,GOOD
/업무사례/대구군위군상속등기법무사,/업무사례/울주군상속등기법무사,0.2851,0.063,GOOD
/업무사례/대구달성군상속등기법무사,/업무사례/대구수성구상속등기법무사,0.2851,0.0431,GOOD
/업무사례/대구아파트상속등기,/업무사례/창원에서부산법인본점이전,0.2851,0.2513,GOOD
/업무사례/대구아파트상속등기,/업무사례/충북상속등기법무사,0.2851,0.046,GOOD
/업무사례/부산에서김해법인본점이전,/업무사례/울산동구상속등기법무사,0.2851,0.25,GOOD
/업무사례/양산거주부산부동산상속,/업무사례/포항상속등기법무사,0.2851,0.0474,GOOD
/업무사례/양산에서부산법인본점이전,/업무사례/울산삼산동상속등기,0.2851,0.2806,GOOD
/업무사례/울산남구상속등기법무사,/업무사례/창원성산구상속등기법무사,0.2851,0.0567,GOOD
/업무사례/강원상속등기법무사,/업무사례/부산거주양산부동산상속,0.285,0.0544,GOOD
/업무사례/경북상속등기비용,/업무사례/포항상속등기법무사,0.285,0.0471,GOOD
/업무사례/경산상속등기법무사,/업무사례/부산거주김해부동산상속,0.285,0.0522,GOOD
/업무사례/김해에서부산법인본점이전,/업무사례/통영상속포기한정승인,0.285,0.1875,GOOD
/업무사례/대구월성동상속등기,/업무사례/충북상속등기법무사,0.285,0.041,GOOD
/업무사례/양산신축건물보존등기,/업무사례/창원상속등기비용,0.285,0.2157,GOOD
/업무사례/울산공장상속등기,/업무사례/창원에서부산법인본점이전,0.285,0.2537,GOOD
/업무사례/울산삼산동상속등기,/업무사례/충북상속등기법무사,0.285,0.0536,GOOD
/업무사례/울산상속등기법무사,/업무사례/창원상속등기비용,0.285,0.0425,GOOD
/업무사례/경기광주상속등기법무사,/업무사례/대구상속등기비용,0.2849,0.0554,GOOD
/업무사례/경남오래된상속등기,/업무사례/경산상속등기법무사,0.2849,0.0522,GOOD
/업무사례/경북임야상속등기,/업무사례/제주시상속등기법무사,0.2849,0.0481,GOOD
/업무사례/대구서구상속등기법무사,/업무사례/제주상속등기법무사,0.2849,0.0705,GOOD
/업무사례/대구월성동상속등기,/업무사례/창원에서부산법인본점이전,0.2849,0.226,GOOD
/업무사례/대구토지상속등기,/업무사례/제주상속등기법무사,0.2849,0.0469,GOOD
/업무사례/대전서구상속등기법무사,/업무사례/울산상속등기비용,0.2849,0.0728,GOOD
/업무사례/양산상속포기한정승인,/업무사례/울산상속등기비용,0.2849,0.022,GOOD
/업무사례/울산아파트상속등기,/업무사례/충북상속등기법무사,0.2849,0.0502,GOOD
/업무사례/경남법인등기법무사,/업무사례/경북상속등기필요서류,0.2848,0.2903,GOOD
/업무사례/경남법인등기법무사,/업무사례/대구시지상속등기,0.2848,0.2365,GOOD
/업무사례/경북농지상속등기,/업무사례/포항상속등기법무사,0.2848,0.0469,GOOD
/업무사례/경북오래된상속등기,/업무사례/창원법인등기법무사,0.2848,0.285,GOOD
/업무사례/경북토지상속등기,/업무사례/충북상속등기법무사,0.2848,0.0481,GOOD
/업무사례/경산상속등기법무사,/업무사례/대구시지상속등기,0.2848,0.0574,GOOD
/업무사례/대구법무사업무,/업무사례/부산김해양산공동근저당권,0.2848,0.2632,GOOD
/업무사례/대구북구상속등기법무사,/업무사례/부산에서김해법인본점이전,0.2848,0.2333,GOOD
/업무사례/대구월성동상속등기,/업무사례/포항상속등기법무사,0.2848,0.0432,GOOD
/업무사례/대전서구상속등기법무사,/업무사례/부산거주김해부동산상속,0.2848,0.0792,GOOD
/업무사례/대전서구상속등기법무사,/업무사례/울산상속등기필요서류,0.2848,0.0672,GOOD
/업무사례/부산거주김해부동산상속,/업무사례/제주상속등기법무사,0.2848,0.0641,GOOD
/업무사례/양산상속등기필요서류,/업무사례/울산상속등기법무사,0.2848,0.0529,GOOD
/업무사례/울산상속등기비용,/업무사례/충북상속등기법무사,0.2848,0.0502,GOOD
/업무사례/울산옥동상속등기,/업무사례/울주군상속등기법무사,0.2848,0.0637,GOOD
/업무사례/강원상속등기법무사,/업무사례/울산옥동상속등기,0.2847,0.062,GOOD
/업무사례/경북상속등기법무사,/업무사례/대구월성동상속등기,0.2847,0.0409,GOOD
/업무사례/경북상속등기법무사,/업무사례/울산삼산동상속등기,0.2847,0.0534,GOOD
/업무사례/경북오래된상속등기,/업무사례/경산상속등기법무사,0.2847,0.0469,GOOD
/업무사례/경북조부모명의토지상속,/업무사례/대전서구상속등기법무사,0.2847,0.0674,GOOD
/업무사례/김해상속등기비용,/업무사례/양산건물멸실등기,0.2847,0.2429,GOOD
/업무사례/김해에서부산법인본점이전,/업무사례/울산유증등기법무사,0.2847,0.2233,GOOD
/업무사례/대구북구상속등기법무사,/업무사례/울주군상속등기법무사,0.2847,0.063,GOOD
/업무사례/대구유증등기법무사,/업무사례/창원에서부산법인본점이전,0.2847,0.256,GOOD
/업무사례/대전상속등기법무사,/업무사례/울산유증등기법무사,0.2847,0.0449,GOOD
/업무사례/부산거주양산부동산상속,/업무사례/제주상속등기법무사,0.2847,0.0588,GOOD
/업무사례/울산상속등기법무사,/업무사례/울주범서상속등기,0.2847,0.0412,GOOD
/업무사례/경남상속등기비용,/업무사례/제주상속등기법무사,0.2846,0.0496,GOOD
/업무사례/경남조부모명의토지상속,/업무사례/경산상속등기법무사,0.2846,0.0522,GOOD
/업무사례/경북상속등기법무사,/업무사례/울산아파트상속등기,0.2846,0.05,GOOD
/업무사례/경북토지상속등기,/업무사례/포항상속등기법무사,0.2846,0.0463,GOOD
/업무사례/경산상속등기법무사,/업무사례/울주범서상속등기,0.2846,0.0584,GOOD
/업무사례/김해에서부산법인본점이전,/업무사례/안동상속등기법무사,0.2846,0.2444,GOOD
/업무사례/대구북구상속등기법무사,/업무사례/울산상속등기법무사,0.2846,0.0631,GOOD
/업무사례/대구서구상속등기법무사,/업무사례/부산에서양산법인본점이전,0.2846,0.2295,GOOD
/업무사례/대구에서부산법인본점이전,/업무사례/창원의창구상속등기법무사,0.2846,0.2524,GOOD
/업무사례/부산거주양산부동산상속,/업무사례/충북상속등기법무사,0.2846,0.0539,GOOD
/업무사례/경남공장공동근저당권,/업무사례/경남법무사업무,0.2845,0.3333,GOOD
/업무사례/경남여러필지토지상속,/업무사례/양산부동산등기법무사,0.2845,0.2736,GOOD
/업무사례/김해거주부산부동산상속,/업무사례/울산상속등기법무사,0.2845,0.0402,GOOD
/업무사례/김해에서부산법인본점이전,/업무사례/대구상속등기필요서류,0.2845,0.2095,GOOD
/업무사례/대구다사상속등기,/업무사례/대전유성구상속등기법무사,0.2845,0.0385,GOOD
/업무사례/대구달성군상속등기법무사,/업무사례/제주시상속등기법무사,0.2845,0.0568,GOOD
/업무사례/대구상인동상속등기,/업무사례/충남상속등기법무사,0.2845,0.0409,GOOD
/업무사례/대전서구상속등기법무사,/업무사례/울산달동상속등기,0.2845,0.0878,GOOD
/업무사례/대전유성구상속등기법무사,/업무사례/창원상속등기필요서류,0.2845,0.0392,GOOD
/업무사례/양산개인회생법무사,/업무사례/양산거주부산부동산상속,0.2845,0.2462,GOOD
/업무사례/강원상속등기법무사,/업무사례/대구동구상속등기법무사,0.2844,0.0623,GOOD
/업무사례/경기광주상속등기법무사,/업무사례/부산거주김해부동산상속,0.2844,0.062,GOOD
/업무사례/경기광주상속등기법무사,/업무사례/안동상속등기법무사,0.2844,0.0669,GOOD
/업무사례/김해상속등기필요서류,/업무사례/울주군상속등기법무사,0.2844,0.0515,GOOD
/업무사례/대구동구상속등기법무사,/업무사례/울산상속등기법무사,0.2844,0.0551,GOOD
/업무사례/대구상속등기비용,/업무사례/제주상속등기법무사,0.2844,0.0451,GOOD
/업무사례/대구에서부산법인본점이전,/업무사례/울산법무사업무,0.2844,0.2735,GOOD
/업무사례/양산신축건물보존등기,/업무사례/창원의창구상속등기법무사,0.2844,0.2741,GOOD
/업무사례/울산동구상속등기법무사,/업무사례/충북상속등기법무사,0.2844,0.0541,GOOD
/업무사례/울산법무사업무,/업무사례/통영상속포기한정승인,0.2844,0.1619,GOOD
/업무사례/경남법무사업무,/업무사례/창원법인등기법무사,0.2843,0.2814,GOOD
/업무사례/김해에서부산법인본점이전,/업무사례/울산토지상속등기,0.2843,0.2123,GOOD
/업무사례/대구북구상속등기법무사,/업무사례/제주상속등기법무사,0.2843,0.0705,GOOD
/업무사례/대전유성구상속등기법무사,/업무사례/창원의창구상속등기법무사,0.2843,0.0437,GOOD
/업무사례/울산남구상속등기법무사,/업무사례/창원의창구상속등기법무사,0.2843,0.0498,GOOD
/업무사례/제주시상속등기법무사,/업무사례/창원상속등기비용,0.2843,0.0547,GOOD
/업무사례/포항상속포기한정승인,/업무사례/포항에서부산법인본점이전,0.2843,0.0538,GOOD
/업무사례/강원상속등기법무사,/업무사례/부산거주김해부동산상속,0.2842,0.0551,GOOD
/업무사례/경기광주상속등기법무사,/업무사례/대구남구상속등기법무사,0.2842,0.0717,GOOD
/업무사례/경남법인등기법무사,/업무사례/대구현풍상속등기,0.2842,0.3538,GOOD
/업무사례/경남상속등기비용,/업무사례/제주시상속등기법무사,0.2842,0.0522,GOOD
/업무사례/경북상속등기비용,/업무사례/양산에서부산법인본점이전,0.2842,0.27,GOOD
/업무사례/경북오래된상속등기,/업무사례/김해에서부산법인본점이전,0.2842,0.2095,GOOD
/업무사례/경산상속등기법무사,/업무사례/대구중구상속등기법무사,0.2842,0.0582,GOOD
/업무사례/경산상속등기법무사,/업무사례/대구토지상속등기,0.2842,0.0446,GOOD
/업무사례/김해상속등기필요서류,/업무사례/대구수성구상속등기법무사,0.2842,0.0429,GOOD
/업무사례/대구만촌동상속등기,/업무사례/양산에서부산법인본점이전,0.2842,0.224,GOOD
/업무사례/대구서구상속등기법무사,/업무사례/대구수성구상속등기법무사,0.2842,0.0448,GOOD
/업무사례/대구성서상속등기,/업무사례/서울상속등기법무사,0.2842,0.0748,GOOD
/업무사례/대구아파트상속등기,/업무사례/대전서구상속등기법무사,0.2842,0.0644,GOOD
/업무사례/대구월성동상속등기,/업무사례/제주상속등기법무사,0.2842,0.0453,GOOD
/업무사례/양산상속포기한정승인,/업무사례/울산중구상속등기법무사,0.2842,0.0288,GOOD
/업무사례/울주군상속등기법무사,/업무사례/창원상속등기비용,0.2842,0.0494,GOOD
/업무사례/강원상속등기법무사,/업무사례/대구상속등기필요서류,0.2841,0.0453,GOOD
/업무사례/경기광주상속등기법무사,/업무사례/울산달동상속등기,0.2841,0.0639,GOOD
/업무사례/경기상속등기법무사,/업무사례/김해상속등기필요서류,0.2841,0.0553,GOOD
/업무사례/경기상속등기법무사,/업무사례/대구서구상속등기법무사,0.2841,0.0636,GOOD
/업무사례/경남법인등기법무사,/업무사례/경북토지상속등기,0.2841,0.3287,GOOD
/업무사례/경남법인등기법무사,/업무사례/대구토지상속등기,0.2841,0.2685,GOOD
/업무사례/경남상속등기법무사,/업무사례/대구서구상속등기법무사,0.2841,0.067,GOOD
/업무사례/경북상속등기법무사,/업무사례/울산동구상속등기법무사,0.2841,0.0538,GOOD
/업무사례/김해거주부산부동산상속,/업무사례/양산개인회생법무사,0.2841,0.2974,GOOD
/업무사례/김해에서부산법인본점이전,/업무사례/대구만촌동상속등기,0.2841,0.2186,GOOD
/업무사례/서울상속등기법무사,/업무사례/창원성산구상속등기법무사,0.2841,0.0769,GOOD
/업무사례/울산북구상속등기법무사,/업무사례/울주군상속등기법무사,0.2841,0.0536,GOOD
/업무사례/강원상속등기법무사,/업무사례/경북상속등기필요서류,0.284,0.0498,GOOD
/업무사례/경남상속등기비용,/업무사례/울산상속등기법무사,0.284,0.0415,GOOD
/업무사례/경남유증등기법무사,/업무사례/경산상속등기법무사,0.284,0.0516,GOOD
/업무사례/경북토지상속등기,/업무사례/제주상속등기법무사,0.284,0.0485,GOOD
/업무사례/김해상속등기필요서류,/업무사례/서울상속등기법무사,0.284,0.0617,GOOD
/업무사례/대구상속등기비용,/업무사례/부산에서양산법인본점이전,0.284,0.2935,GOOD
/업무사례/대구상속등기필요서류,/업무사례/대구수성구상속등기법무사,0.284,0.0339,GOOD
/업무사례/부산에서김해법인본점이전,/업무사례/울산달동상속등기,0.284,0.2451,GOOD
/업무사례/양산개인회생법무사,/업무사례/창원성산구상속등기법무사,0.284,0.2396,GOOD
/업무사례/울산북구상속등기법무사,/업무사례/울산상속등기법무사,0.284,0.0524,GOOD
/업무사례/경기상속등기법무사,/업무사례/칠곡상속등기법무사,0.2839,0.0628,GOOD
/업무사례/경남법무사업무,/업무사례/영천상속등기법무사,0.2839,0.1094,GOOD
/업무사례/경북상속등기법무사,/업무사례/대구아파트상속등기,0.2839,0.0458,GOOD
/업무사례/경북조부모명의토지상속,/업무사례/창원법인등기법무사,0.2839,0.2879,GOOD
/업무사례/김해에서부산법인본점이전,/업무사례/대구아파트상속등기,0.2839,0.2098,GOOD
/업무사례/김해에서부산법인본점이전,/업무사례/울산공장상속등기,0.2839,0.2126,GOOD
/업무사례/대구경북공동담보등기,/업무사례/양산증여등기법무사,0.2839,0.2186,GOOD
/업무사례/대구범어동상속등기,/업무사례/창원법인등기법무사,0.2839,0.2673,GOOD
/업무사례/대구북구상속등기법무사,/업무사례/제주시상속등기법무사,0.2839,0.0769,GOOD
/업무사례/대구유증등기법무사,/업무사례/충북상속등기법무사,0.2839,0.0441,GOOD
/업무사례/부산거주양산부동산상속,/업무사례/양산신축건물보존등기,0.2839,0.2319,GOOD
/업무사례/울산동구상속등기법무사,/업무사례/울산상속등기법무사,0.2839,0.0466,GOOD
/업무사례/울산송정동상속등기,/업무사례/제주상속등기법무사,0.2839,0.0563,GOOD
/업무사례/강원상속등기법무사,/업무사례/경북임야상속등기,0.2838,0.0546,GOOD
/업무사례/강원상속등기법무사,/업무사례/창원상속등기필요서류,0.2838,0.0515,GOOD
/업무사례/경기광주상속등기법무사,/업무사례/경북농지상속등기,0.2838,0.0556,GOOD
/업무사례/경남법인등기법무사,/업무사례/대구상속등기필요서류,0.2838,0.3102,GOOD
/업무사례/경남여러필지토지상속,/업무사례/경산상속등기법무사,0.2838,0.051,GOOD
/업무사례/경북임야상속등기,/업무사례/부산에서김해법인본점이전,0.2838,0.2366,GOOD
/업무사례/김해상속등기비용,/업무사례/울주군상속등기법무사,0.2838,0.0526,GOOD
/업무사례/대구남구상속등기법무사,/업무사례/울산남구상속등기법무사,0.2838,0.0575,GOOD
/업무사례/대구상속등기필요서류,/업무사례/제주상속등기법무사,0.2838,0.0453,GOOD
/업무사례/부산거주김해부동산상속,/업무사례/양산부동산등기법무사,0.2838,0.2077,GOOD
/업무사례/울산상속등기법무사,/업무사례/창원상속등기필요서류,0.2838,0.0425,GOOD
/업무사례/진주상속포기한정승인,/업무사례/창원법인등기법무사,0.2838,0.0887,GOOD
/업무사례/경남법인등기법무사,/업무사례/울산북구상속등기법무사,0.2837,0.3726,GOOD
/업무사례/경남법인등기법무사,/업무사례/울산토지상속등기,0.2837,0.3364,GOOD
/업무사례/경북조부모명의토지상속,/업무사례/충북상속등기법무사,0.2837,0.0492,GOOD
/업무사례/대구달서구상속등기법무사,/업무사례/양산상속등기비용,0.2837,0.0455,GOOD
/업무사례/대구달성군상속등기법무사,/업무사례/양산에서부산법인본점이전,0.2837,0.2778,GOOD
/업무사례/대구아파트상속등기,/업무사례/부산에서김해법인본점이전,0.2837,0.2376,GOOD
/업무사례/영천상속등기법무사,/업무사례/전남상속등기법무사,0.2837,0.0389,GOOD
/업무사례/울산북구상속등기법무사,/업무사례/제주상속등기법무사,0.2837,0.0595,GOOD
/업무사례/울산유증등기법무사,/업무사례/포항상속등기법무사,0.2837,0.0435,GOOD
/업무사례/경기광주상속등기법무사,/업무사례/대구서구상속등기법무사,0.2836,0.0726,GOOD
/업무사례/경기광주상속등기법무사,/업무사례/대구토지상속등기,0.2836,0.0534,GOOD
/업무사례/경남여러필지토지상속,/업무사례/양산신축건물보존등기,0.2836,0.2709,GOOD
/업무사례/경남유증등기법무사,/업무사례/포항상속등기법무사,0.2836,0.0516,GOOD
/업무사례/경북농지상속등기,/업무사례/부산에서김해법인본점이전,0.2836,0.2308,GOOD
/업무사례/경북상속등기법무사,/업무사례/경북토지상속등기,0.2836,0.048,GOOD
/업무사례/경산상속등기법무사,/업무사례/울산중구상속등기법무사,0.2836,0.0507,GOOD
/업무사례/부산거주김해부동산상속,/업무사례/포항상속등기법무사,0.2836,0.0522,GOOD
/업무사례/양산상속등기필요서류,/업무사례/양산신축건물보존등기,0.2836,0.2239,GOOD
/업무사례/경북상속등기법무사,/업무사례/대구유증등기법무사,0.2835,0.044,GOOD
/업무사례/김해상속등기필요서류,/업무사례/양산증여등기법무사,0.2835,0.2169,GOOD
/업무사례/김해에서부산법인본점이전,/업무사례/울산상속등기필요서류,0.2835,0.2222,GOOD
/업무사례/대구군위군상속등기법무사,/업무사례/포항상속등기법무사,0.2835,0.0622,GOOD
/업무사례/대구범어동상속등기,/업무사례/대전상속등기법무사,0.2835,0.0409,GOOD
/업무사례/대구상속등기필요서류,/업무사례/포항상속등기법무사,0.2835,0.0469,GOOD
/업무사례/대구현풍상속등기,/업무사례/울주군상속등기법무사,0.2835,0.0505,GOOD
/업무사례/양산신축건물보존등기,/업무사례/창원상속등기필요서류,0.2835,0.2277,GOOD
/업무사례/영천상속등기법무사,/업무사례/전북상속등기법무사,0.2835,0.0385,GOOD
/업무사례/울산상속등기법무사,/업무사례/울산아파트상속등기,0.2835,0.0513,GOOD
/업무사례/창원상속등기비용,/업무사례/포항상속등기법무사,0.2835,0.0488,GOOD
/업무사례/경남상속등기비용,/업무사례/부산에서창원법인본점이전,0.2834,0.3128,GOOD
/업무사례/경북상속등기법무사,/업무사례/부산거주양산부동산상속,0.2834,0.0537,GOOD
/업무사례/경산상속등기법무사,/업무사례/대구월성동상속등기,0.2834,0.0432,GOOD
/업무사례/경주오래된토지상속등기,/업무사례/창원법인등기법무사,0.2834,0.1555,GOOD
/업무사례/김해상속등기비용,/업무사례/대전유성구상속등기법무사,0.2834,0.0433,GOOD
/업무사례/대구현풍상속등기,/업무사례/부산에서김해법인본점이전,0.2834,0.2264,GOOD
/업무사례/부산거주김해부동산상속,/업무사례/울주군상속등기법무사,0.2834,0.0528,GOOD
/업무사례/부산에서김해법인본점이전,/업무사례/울산아파트상속등기,0.2834,0.245,GOOD
/업무사례/강원상속등기법무사,/업무사례/대구서구상속등기법무사,0.2833,0.0658,GOOD
/업무사례/경남상속등기법무사,/업무사례/대구현풍상속등기,0.2833,0.0524,GOOD
/업무사례/경남조부모명의토지상속,/업무사례/양산부동산등기법무사,0.2833,0.2195,GOOD
/업무사례/김해거주부산부동산상속,/업무사례/양산신축건물보존등기,0.2833,0.2871,GOOD
/업무사례/김해상속등기필요서류,/업무사례/양산건물멸실등기,0.2833,0.2533,GOOD
/업무사례/김해에서부산법인본점이전,/업무사례/대구군위군상속등기법무사,0.2833,0.2222,GOOD
/업무사례/대구서구상속등기법무사,/업무사례/부산에서김해법인본점이전,0.2833,0.2333,GOOD
/업무사례/대구월성동상속등기,/업무사례/울산남구상속등기법무사,0.2833,0.0345,GOOD
/업무사례/안동상속등기법무사,/업무사례/울산상속등기법무사,0.2833,0.0519,GOOD
/업무사례/울산공장상속등기,/업무사례/창원법인등기법무사,0.2833,0.2959,GOOD
/업무사례/울산달동상속등기,/업무사례/포항상속등기법무사,0.2833,0.0511,GOOD
/업무사례/울산상속등기법무사,/업무사례/울산상속등기필요서류,0.2833,0.037,GOOD
/업무사례/울주삼남상속등기,/업무사례/제주시상속등기법무사,0.2833,0.0433,GOOD
/업무사례/경남상속등기법무사,/업무사례/대구달성군상속등기법무사,0.2832,0.0581,GOOD
/업무사례/부산에서김해법인본점이전,/업무사례/안동상속등기법무사,0.2832,0.2486,GOOD
/업무사례/부산에서김해법인본점이전,/업무사례/울산송정동상속등기,0.2832,0.2389,GOOD
/업무사례/진주상속포기한정승인,/업무사례/창원에서부산법인본점이전,0.2832,0.0806,GOOD
/업무사례/경기광주상속등기법무사,/업무사례/울주언양상속등기,0.2831,0.0632,GOOD
/업무사례/경기상속등기법무사,/업무사례/안동상속등기법무사,0.2831,0.0625,GOOD
/업무사례/경남법무사업무,/업무사례/부산김해양산공동근저당권,0.2831,0.2947,GOOD
/업무사례/광주상속등기법무사,/업무사례/남해상속등기법무사,0.2831,0.0473,GOOD
/업무사례/대구다사상속등기,/업무사례/양산에서부산법인본점이전,0.2831,0.2637,GOOD
/업무사례/대구달성군상속등기법무사,/업무사례/대전유성구상속등기법무사,0.2831,0.0431,GOOD
/업무사례/대구상속등기필요서류,/업무사례/부산에서김해법인본점이전,0.2831,0.2367,GOOD
/업무사례/대구상인동상속등기,/업무사례/대전상속등기법무사,0.2831,0.0403,GOOD
/업무사례/대구에서부산법인본점이전,/업무사례/부산거주김해부동산상속,0.2831,0.1881,GOOD
/업무사례/대전서구상속등기법무사,/업무사례/울산아파트상속등기,0.2831,0.0728,GOOD
/업무사례/부산에서김해법인본점이전,/업무사례/울산매곡동상속등기,0.2831,0.2427,GOOD
/업무사례/안동상속등기법무사,/업무사례/울산남구상속등기법무사,0.2831,0.0396,GOOD
/업무사례/울산달동상속등기,/업무사례/울주군상속등기법무사,0.2831,0.0556,GOOD
/업무사례/경기상속등기법무사,/업무사례/대구상속등기필요서류,0.283,0.0469,GOOD
/업무사례/경남유증등기법무사,/업무사례/제주상속등기법무사,0.283,0.0544,GOOD
/업무사례/경북상속등기법무사,/업무사례/울산중구상속등기법무사,0.283,0.0566,GOOD
/업무사례/경북상속등기비용,/업무사례/김해에서부산법인본점이전,0.283,0.2163,GOOD
/업무사례/경북오래된상속등기,/업무사례/창원에서부산법인본점이전,0.283,0.2439,GOOD
/업무사례/김해에서부산법인본점이전,/업무사례/대구상속등기비용,0.283,0.2143,GOOD
/업무사례/대구상속등기비용,/업무사례/울주군상속등기법무사,0.283,0.0435,GOOD
/업무사례/대구중구상속등기법무사,/업무사례/양산상속포기한정승인,0.283,0.0287,GOOD
/업무사례/부산에서김해법인본점이전,/업무사례/울산북구상속등기법무사,0.283,0.2336,GOOD
/업무사례/부산에서김해법인본점이전,/업무사례/울산토지상속등기,0.283,0.2392,GOOD
/업무사례/서울상속등기법무사,/업무사례/안동상속등기법무사,0.283,0.0701,GOOD
/업무사례/양산건물멸실등기,/업무사례/창원상속등기비용,0.283,0.2075,GOOD
/업무사례/울산공장상속등기,/업무사례/포항상속등기법무사,0.283,0.0436,GOOD
/업무사례/울산상속등기필요서류,/업무사례/제주상속등기법무사,0.283,0.0455,GOOD
/업무사례/거제상속포기법무사,/업무사례/경남공장공동근저당권,0.2829,0.1508,GOOD
/업무사례/경남법무사업무,/업무사례/김해법인등기법무사,0.2829,0.2277,GOOD
/업무사례/경남법인등기법무사,/업무사례/대구유증등기법무사,0.2829,0.3714,GOOD
/업무사례/경북농지상속등기,/업무사례/제주시상속등기법무사,0.2829,0.0427,GOOD
/업무사례/경북상속등기필요서류,/업무사례/부산에서김해법인본점이전,0.2829,0.2402,GOOD
/업무사례/경산상속등기법무사,/업무사례/울산토지상속등기,0.2829,0.0464,GOOD
/업무사례/경산상속등기법무사,/업무사례/울주삼남상속등기,0.2829,0.0513,GOOD
/업무사례/김해에서부산법인본점이전,/업무사례/울산중구상속등기법무사,0.2829,0.2212,GOOD
/업무사례/대구상속등기비용,/업무사례/울산상속등기법무사,0.2829,0.0367,GOOD
/업무사례/대구월성동상속등기,/업무사례/제주시상속등기법무사,0.2829,0.0339,GOOD
/업무사례/대전유성구상속등기법무사,/업무사례/부산거주양산부동산상속,0.2829,0.0429,GOOD
/업무사례/울산남구상속등기법무사,/업무사례/칠곡상속등기법무사,0.2829,0.045,GOOD
/업무사례/경남상속등기법무사,/업무사례/양산거주부산부동산상속,0.2828,0.045,GOOD
/업무사례/경북오래된상속등기,/업무사례/부산에서김해법인본점이전,0.2828,0.2367,GOOD
/업무사례/김해상속등기필요서류,/업무사례/양산개인회생법무사,0.2828,0.271,GOOD
/업무사례/대구시지상속등기,/업무사례/대전유성구상속등기법무사,0.2828,0.0443,GOOD
/업무사례/거제상속포기법무사,/업무사례/경남법인등기법무사,0.2827,0.1544,GOOD
/업무사례/경기상속등기법무사,/업무사례/대구다사상속등기,0.2827,0.0512,GOOD
/업무사례/경남법인등기법무사,/업무사례/대구군위군상속등기법무사,0.2827,0.2146,GOOD
/업무사례/경남조부모명의토지상속,/업무사례/양산건물멸실등기,0.2827,0.2093,GOOD
/업무사례/경북상속등기법무사,/업무사례/울산상속등기비용,0.2827,0.05,GOOD
/업무사례/경북상속등기비용,/업무사례/부산에서김해법인본점이전,0.2827,0.2439,GOOD
/업무사례/대구만촌동상속등기,/업무사례/대구수성구상속등기법무사,0.2827,0.0441,GOOD
/업무사례/대구상속등기비용,/업무사례/부산에서김해법인본점이전,0.2827,0.2415,GOOD
/업무사례/대구서구상속등기법무사,/업무사례/제주시상속등기법무사,0.2827,0.0769,GOOD
/업무사례/대구토지상속등기,/업무사례/포항상속등기법무사,0.2827,0.0446,GOOD
/업무사례/울산상속등기비용,/업무사례/제주시상속등기법무사,0.2827,0.0533,GOOD
/업무사례/강원상속등기법무사,/업무사례/창원의창구상속등기법무사,0.2826,0.0598,GOOD
/업무사례/경남법무사업무,/업무사례/창원에서부산법인본점이전,0.2826,0.2402,GOOD
/업무사례/남해상속등기법무사,/업무사례/세종상속등기법무사,0.2826,0.0463,GOOD
/업무사례/대구다사상속등기,/업무사례/울산남구상속등기법무사,0.2826,0.0437,GOOD
/업무사례/대구상속등기비용,/업무사례/대전유성구상속등기법무사,0.2826,0.0338,GOOD
/업무사례/대구에서부산법인본점이전,/업무사례/양산증여등기법무사,0.2826,0.2085,GOOD
/업무사례/대전상속등기법무사,/업무사례/영천상속등기법무사,0.2826,0.0382,GOOD
/업무사례/부산거주양산부동산상속,/업무사례/양산개인회생법무사,0.2826,0.2462,GOOD
/업무사례/경남상속등기법무사,/업무사례/경북농지상속등기,0.2825,0.0447,GOOD
/업무사례/경북상속등기법무사,/업무사례/경북조부모명의토지상속,0.2825,0.0491,GOOD
/업무사례/경북상속등기법무사,/업무사례/울산상속등기필요서류,0.2825,0.0449,GOOD
/업무사례/경북오래된상속등기,/업무사례/충북상속등기법무사,0.2825,0.0489,GOOD
/업무사례/경북토지상속등기,/업무사례/김해에서부산법인본점이전,0.2825,0.2,GOOD
/업무사례/경산상속등기법무사,/업무사례/울산삼산동상속등기,0.2825,0.0515,GOOD
/업무사례/김해거주부산부동산상속,/업무사례/울산남구상속등기법무사,0.2825,0.0377,GOOD
/업무사례/대구만촌동상속등기,/업무사례/제주상속등기법무사,0.2825,0.0558,GOOD
/업무사례/대구북구상속등기법무사,/업무사례/대전유성구상속등기법무사,0.2825,0.05,GOOD
/업무사례/부산김해양산공동근저당권,/업무사례/안동오래된토지상속등기,0.2825,0.1265,GOOD
/업무사례/부산에서김해법인본점이전,/업무사례/울산삼산동상속등기,0.2825,0.2475,GOOD
/업무사례/양산법인등기법무사,/업무사례/양산증여등기법무사,0.2825,0.1642,GOOD
/업무사례/울산토지상속등기,/업무사례/포항상속등기법무사,0.2825,0.0464,GOOD
/업무사례/경기광주상속등기법무사,/업무사례/울산토지상속등기,0.2824,0.0549,GOOD
/업무사례/경북법무사업무,/업무사례/부산울산공동근저당권,0.2824,0.257,GOOD
/업무사례/김해에서부산법인본점이전,/업무사례/대구토지상속등기,0.2824,0.2129,GOOD
/업무사례/대구동구상속등기법무사,/업무사례/대구수성구상속등기법무사,0.2824,0.048,GOOD
/업무사례/대구상인동상속등기,/업무사례/대전서구상속등기법무사,0.2824,0.0623,GOOD
/업무사례/울산동구상속등기법무사,/업무사례/포항상속등기법무사,0.2824,0.0519,GOOD
/업무사례/울산상속등기필요서류,/업무사례/울주군상속등기법무사,0.2824,0.0438,GOOD
/업무사례/울산송정동상속등기,/업무사례/울주군상속등기법무사,0.2824,0.0539,GOOD
/업무사례/강원상속등기법무사,/업무사례/울산매곡동상속등기,0.2823,0.0532,GOOD
/업무사례/경기광주상속등기법무사,/업무사례/양산거주부산부동산상속,0.2823,0.0569,GOOD
/업무사례/경기광주상속등기법무사,/업무사례/양산상속등기필요서류,0.2823,0.0726,GOOD
/업무사례/경남법인등기법무사,/업무사례/경북상속등기비용,0.2823,0.3429,GOOD
/업무사례/경남법인등기법무사,/업무사례/울산중구상속등기법무사,0.2823,0.3606,GOOD
/업무사례/경남상속등기법무사,/업무사례/김해상속등기필요서류,0.2823,0.0535,GOOD
/업무사례/경남오래된상속등기,/업무사례/울산상속등기법무사,0.2823,0.0465,GOOD
/업무사례/경북토지상속등기,/업무사례/경산상속등기법무사,0.2823,0.0463,GOOD
/업무사례/경산상속등기법무사,/업무사례/울산유증등기법무사,0.2823,0.0435,GOOD
/업무사례/대구상인동상속등기,/업무사례/충북상속등기법무사,0.2823,0.0406,GOOD
/업무사례/부산거주양산부동산상속,/업무사례/울산상속등기법무사,0.2823,0.0459,GOOD
/업무사례/양산개인회생법무사,/업무사례/양산상속등기필요서류,0.2823,0.232,GOOD
/업무사례/양산거주부산부동산상속,/업무사례/제주시상속등기법무사,0.2823,0.0429,GOOD
/업무사례/양산건물멸실등기,/업무사례/창원성산구상속등기법무사,0.2823,0.2222,GOOD
/업무사례/울산매곡동상속등기,/업무사례/울산상속등기법무사,0.2823,0.0412,GOOD
/업무사례/울산상속등기법무사,/업무사례/울산송정동상속등기,0.2823,0.0476,GOOD
/업무사례/울주범서상속등기,/업무사례/포항상속등기법무사,0.2823,0.0469,GOOD
/업무사례/경기상속등기법무사,/업무사례/울산송정동상속등기,0.2822,0.0682,GOOD
/업무사례/경남공장공동근저당권,/업무사례/울주군상속포기한정승인,0.2822,0.1918,GOOD
/업무사례/경남조부모명의토지상속,/업무사례/양산개인회생법무사,0.2822,0.225,GOOD
/업무사례/경북조부모명의토지상속,/업무사례/김해에서부산법인본점이전,0.2822,0.2174,GOOD
/업무사례/경북토지상속등기,/업무사례/대전유성구상속등기법무사,0.2822,0.0377,GOOD
/업무사례/대구상속등기비용,/업무사례/제주시상속등기법무사,0.2822,0.047,GOOD
/업무사례/대구서구상속등기법무사,/업무사례/대전유성구상속등기법무사,0.2822,0.0448,GOOD
/업무사례/울산옥동상속등기,/업무사례/제주시상속등기법무사,0.2822,0.0524,GOOD
/업무사례/경기광주상속등기법무사,/업무사례/경북상속등기비용,0.2821,0.0597,GOOD
/업무사례/경기상속등기법무사,/업무사례/대구군위군상속등기법무사,0.2821,0.0636,GOOD
/업무사례/경남법인등기법무사,/업무사례/대구아파트상속등기,0.2821,0.2824,GOOD
/업무사례/경남유증등기법무사,/업무사례/대전유성구상속등기법무사,0.2821,0.0429,GOOD
/업무사례/구미에서부산법인본점이전,/업무사례/울주군상속포기한정승인,0.2821,0.1703,GOOD
/업무사례/대구남구상속등기법무사,/업무사례/울산상속등기법무사,0.2821,0.0544,GOOD
/업무사례/대구수성구상속등기법무사,/업무사례/칠곡상속등기법무사,0.2821,0.039,GOOD
/업무사례/대구유증등기법무사,/업무사례/부산에서김해법인본점이전,0.2821,0.2429,GOOD
/업무사례/대구중구상속등기법무사,/업무사례/충북상속등기법무사,0.2821,0.0606,GOOD
/업무사례/서울상속등기법무사,/업무사례/울산매곡동상속등기,0.2821,0.0615,GOOD
/업무사례/양산개인회생법무사,/업무사례/통영상속포기한정승인,0.2821,0.168,GOOD
/업무사례/양산거주부산부동산상속,/업무사례/울주군상속등기법무사,0.2821,0.048,GOOD
/업무사례/울산달동상속등기,/업무사례/울산상속등기법무사,0.2821,0.0415,GOOD
/업무사례/울산삼산동상속등기,/업무사례/포항상속등기법무사,0.2821,0.0515,GOOD
/업무사례/울주군상속등기법무사,/업무사례/창원상속등기필요서류,0.2821,0.0494,GOOD
/업무사례/강원상속등기법무사,/업무사례/양산거주부산부동산상속,0.282,0.05,GOOD
/업무사례/경기상속등기법무사,/업무사례/대구남구상속등기법무사,0.282,0.0595,GOOD
/업무사례/경남조부모명의토지상속,/업무사례/울주군상속등기법무사,0.282,0.0528,GOOD
/업무사례/경북상속등기법무사,/업무사례/대구상인동상속등기,0.282,0.0404,GOOD
/업무사례/경북조부모명의토지상속,/업무사례/제주상속등기법무사,0.282,0.0496,GOOD
/업무사례/대구상속등기필요서류,/업무사례/대전유성구상속등기법무사,0.282,0.0339,GOOD
/업무사례/울산매곡동상속등기,/업무사례/제주상속등기법무사,0.282,0.0492,GOOD
/업무사례/경남법인등기법무사,/업무사례/사천상속등기법무사,0.2819,0.0652,GOOD
/업무사례/경남오래된상속등기,/업무사례/충북상속등기법무사,0.2819,0.0546,GOOD
/업무사례/경남조부모명의토지상속,/업무사례/울산상속등기법무사,0.2819,0.0465,GOOD
/업무사례/경북법무사업무,/업무사례/울산에서부산법인본점이전,0.2819,0.1854,GOOD
/업무사례/경북상속등기비용,/업무사례/울산상속등기법무사,0.2819,0.0413,GOOD
/업무사례/경북상속등기필요서류,/업무사례/울산남구상속등기법무사,0.2819,0.0395,GOOD
/업무사례/경북임야상속등기,/업무사례/울산상속등기법무사,0.2819,0.0461,GOOD
/업무사례/대구중구상속등기법무사,/업무사례/창원법인등기법무사,0.2819,0.29,GOOD
/업무사례/부산거주양산부동산상속,/업무사례/양산건물멸실등기,0.2819,0.2233,GOOD
/업무사례/울산상속등기비용,/업무사례/포항상속등기법무사,0.2819,0.0481,GOOD
/업무사례/강원상속등기법무사,/업무사례/대구아파트상속등기,0.2818,0.0463,GOOD
/업무사례/거제상속포기법무사,/업무사례/양산법인등기법무사,0.2818,0.153,GOOD
/업무사례/경남여러필지토지상속,/업무사례/제주상속등기법무사,0.2818,0.0537,GOOD
/업무사례/경북토지상속등기,/업무사례/제주시상속등기법무사,0.2818,0.042,GOOD
/업무사례/대구다사상속등기,/업무사례/대구수성구상속등기법무사,0.2818,0.0385,GOOD
/업무사례/대구서구상속등기법무사,/업무사례/포항상속등기법무사,0.2818,0.0622,GOOD
/업무사례/대구수성구상속등기법무사,/업무사례/울산옥동상속등기,0.2818,0.0478,GOOD
/업무사례/양산상속등기필요서류,/업무사례/울산남구상속등기법무사,0.2818,0.051,GOOD
/업무사례/강원상속등기법무사,/업무사례/울산삼산동상속등기,0.2817,0.0541,GOOD
/업무사례/경남법인등기법무사,/업무사례/울산상속등기필요서류,0.2817,0.3623,GOOD
/업무사례/경남법인등기법무사,/업무사례/울산송정동상속등기,0.2817,0.2077,GOOD
/업무사례/경남여러필지토지상속,/업무사례/양산건물멸실등기,0.2817,0.2607,GOOD
/업무사례/경남오래된상속등기,/업무사례/양산신축건물보존등기,0.2817,0.2353,GOOD
/업무사례/경북상속등기비용,/업무사례/울산남구상속등기법무사,0.2817,0.0391,GOOD
/업무사례/경북임야상속등기,/업무사례/울산남구상속등기법무사,0.2817,0.0439,GOOD
/업무사례/양산거주부산부동산상속,/업무사례/양산건물멸실등기,0.2817,0.229,GOOD
/업무사례/양산건물멸실등기,/업무사례/양산상속등기필요서류,0.2817,0.2153,GOOD
/업무사례/울산송정동상속등기,/업무사례/제주시상속등기법무사,0.2817,0.0498,GOOD
/업무사례/울산옥동상속등기,/업무사례/제주상속등기법무사,0.2817,0.0579,GOOD
/업무사례/경남법인등기법무사,/업무사례/경북조부모명의토지상속,0.2816,0.2831,GOOD
/업무사례/경남법인등기법무사,/업무사례/울산매곡동상속등기,0.2816,0.3041,GOOD
/업무사례/경남상속등기법무사,/업무사례/창원의창구상속등기법무사,0.2816,0.0556,GOOD
/업무사례/경산상속등기법무사,/업무사례/울산공장상속등기,0.2816,0.0436,GOOD
/업무사례/김해상속등기비용,/업무사례/울산남구상속등기법무사,0.2816,0.0493,GOOD
/업무사례/김해에서부산법인본점이전,/업무사례/울산삼산동상속등기,0.2816,0.2255,GOOD
/업무사례/대구달성군상속등기법무사,/업무사례/울주군상속등기법무사,0.2816,0.0595,GOOD
/업무사례/서울상속등기법무사,/업무사례/창원의창구상속등기법무사,0.2816,0.0648,GOOD
/업무사례/양산증여등기법무사,/업무사례/창원성산구상속등기법무사,0.2816,0.2063,GOOD
/업무사례/양산증여등기법무사,/업무사례/포항에서부산법인본점이전,0.2816,0.2062,GOOD
/업무사례/강원상속등기법무사,/업무사례/경북토지상속등기,0.2815,0.0485,GOOD
/업무사례/강원상속등기법무사,/업무사례/울산상속등기비용,0.2815,0.0506,GOOD
/업무사례/경기광주상속등기법무사,/업무사례/대구상속등기필요서류,0.2815,0.0556,GOOD
/업무사례/경기상속등기법무사,/업무사례/대구동구상속등기법무사,0.2815,0.0602,GOOD
/업무사례/경남오래된상속등기,/업무사례/양산개인회생법무사,0.2815,0.2437,GOOD
/업무사례/김해에서부산법인본점이전,/업무사례/대구월성동상속등기,0.2815,0.1869,GOOD
/업무사례/남해상속등기법무사,/업무사례/부산에서창원법인본점이전,0.2815,0.1638,GOOD
/업무사례/대구수성구상속등기법무사,/업무사례/창원성산구상속등기법무사,0.2815,0.0503,GOOD
/업무사례/부산거주김해부동산상속,/업무사례/울산상속등기법무사,0.2815,0.0465,GOOD
/업무사례/안동상속등기법무사,/업무사례/울주군상속등기법무사,0.2815,0.0576,GOOD
/업무사례/울산중구상속등기법무사,/업무사례/충북상속등기법무사,0.2815,0.0528,GOOD
/업무사례/경기광주상속등기법무사,/업무사례/경북상속등기필요서류,0.2814,0.0602,GOOD
/업무사례/경남법인등기법무사,/업무사례/울산달동상속등기,0.2814,0.3318,GOOD
/업무사례/경남여러필지토지상속,/업무사례/포항상속등기법무사,0.2814,0.051,GOOD
/업무사례/대구동구상속등기법무사,/업무사례/서울상속등기법무사,0.2814,0.0714,GOOD
/업무사례/대구만촌동상속등기,/업무사례/양산상속포기한정승인,0.2814,0.0324,GOOD
/업무사례/대구시지상속등기,/업무사례/제주시상속등기법무사,0.2814,0.0495,GOOD
/업무사례/대전서구상속등기법무사,/업무사례/울산공장상속등기,0.2814,0.0637,GOOD
/업무사례/경기광주상속등기법무사,/업무사례/창원상속등기필요서류,0.2813,0.063,GOOD
/업무사례/경남여러필지토지상속,/업무사례/양산개인회생법무사,0.2813,0.2806,GOOD
/업무사례/경남조부모명의토지상속,/업무사례/포항상속등기법무사,0.2813,0.0522,GOOD
/업무사례/경북상속등기법무사,/업무사례/경북오래된상속등기,0.2813,0.0487,GOOD
/업무사례/경주오래된토지상속등기,/업무사례/전북상속등기법무사,0.2813,0.0421,GOOD
/업무사례/구미에서부산법인본점이전,/업무사례/양산증여등기법무사,0.2813,0.1646,GOOD
/업무사례/김해에서부산법인본점이전,/업무사례/대구서구상속등기법무사,0.2813,0.236,GOOD
/업무사례/대구만촌동상속등기,/업무사례/포항상속등기법무사,0.2813,0.0528,GOOD
/업무사례/대구상속등기비용,/업무사례/포항상속등기법무사,0.2813,0.043,GOOD
/업무사례/대구월성동상속등기,/업무사례/부산에서김해법인본점이전,0.2813,0.2133,GOOD
/업무사례/대전유성구상속등기법무사,/업무사례/울산상속등기비용,0.2813,0.0395,GOOD
/업무사례/양산건물멸실등기,/업무사례/창원의창구상속등기법무사,0.2813,0.2634,GOOD
/업무사례/울주범서상속등기,/업무사례/제주시상속등기법무사,0.2813,0.0427,GOOD
/업무사례/강원상속등기법무사,/업무사례/대구시지상속등기,0.2812,0.0606,GOOD
/업무사례/경기광주상속등기법무사,/업무사례/경북임야상속등기,0.2812,0.0615,GOOD
/업무사례/경남법인등기법무사,/업무사례/대구상속등기비용,0.2812,0.3148,GOOD
/업무사례/경남여러필지토지상속,/업무사례/울주군상속등기법무사,0.2812,0.0558,GOOD
/업무사례/경북상속등기필요서류,/업무사례/울산상속등기법무사,0.2812,0.0417,GOOD
/업무사례/대구시지상속등기,/업무사례/울산상속등기법무사,0.2812,0.0474,GOOD
/업무사례/대구아파트상속등기,/업무사례/포항상속등기법무사,0.2812,0.0519,GOOD
/업무사례/부산에서창원법인본점이전,/업무사례/칠곡상속등기법무사,0.2812,0.2473,GOOD
/업무사례/양산상속등기필요서류,/업무사례/울주군상속등기법무사,0.2812,0.0586,GOOD
/업무사례/양산에서부산법인본점이전,/업무사례/칠곡상속등기법무사,0.2812,0.2514,GOOD
/업무사례/영천상속등기법무사,/업무사례/충남상속등기법무사,0.2812,0.0387,GOOD
/업무사례/거제상속포기법무사,/업무사례/부산에서양산법인본점이전,0.2811,0.1653,GOOD
/업무사례/경남법인등기법무사,/업무사례/통영상속포기한정승인,0.2811,0.1706,GOOD
/업무사례/경북상속등기법무사,/업무사례/울산공장상속등기,0.2811,0.0453,GOOD
/업무사례/대구남구상속등기법무사,/업무사례/대구수성구상속등기법무사,0.2811,0.0474,GOOD
/업무사례/대구만촌동상속등기,/업무사례/울주군상속등기법무사,0.2811,0.0535,GOOD
/업무사례/대구에서부산법인본점이전,/업무사례/울주군상속포기한정승인,0.2811,0.1731,GOOD
/업무사례/대구유증등기법무사,/업무사례/대전서구상속등기법무사,0.2811,0.0618,GOOD
/업무사례/서울상속등기법무사,/업무사례/칠곡상속등기법무사,0.2811,0.0704,GOOD
/업무사례/울산삼산동상속등기,/업무사례/제주시상속등기법무사,0.2811,0.0435,GOOD
/업무사례/경기상속등기법무사,/업무사례/양산거주부산부동산상속,0.281,0.0519,GOOD
/업무사례/경기상속등기법무사,/업무사례/울산동구상속등기법무사,0.281,0.0565,GOOD
/업무사례/경남오래된상속등기,/업무사례/대전서구상속등기법무사,0.281,0.0837,GOOD
/업무사례/경북조부모명의토지상속,/업무사례/창원에서부산법인본점이전,0.281,0.2463,GOOD
/업무사례/대구수성구상속등기법무사,/업무사례/양산거주부산부동산상속,0.281,0.0379,GOOD
/업무사례/대구시지상속등기,/업무사례/울산남구상속등기법무사,0.281,0.0452,GOOD
/업무사례/부산에서양산법인본점이전,/업무사례/칠곡상속등기법무사,0.281,0.2459,GOOD
/업무사례/서울상속등기법무사,/업무사례/양산상속등기필요서류,0.281,0.0714,GOOD
/업무사례/강원상속등기법무사,/업무사례/울산공장상속등기,0.2809,0.0458,GOOD
/업무사례/경남상속등기법무사,/업무사례/경남조부모명의토지상속,0.2809,0.0505,GOOD
/업무사례/경북농지상속등기,/업무사례/울주군상속등기법무사,0.2809,0.0474,GOOD
/업무사례/경북법무사업무,/업무사례/광주상속등기법무사,0.2809,0.0508,GOOD
/업무사례/경북상속등기법무사,/업무사례/대구중구상속등기법무사,0.2809,0.0604,GOOD
/업무사례/경북상속등기비용,/업무사례/대구수성구상속등기법무사,0.2809,0.0385,GOOD
/업무사례/대전서구상속등기법무사,/업무사례/울산토지상속등기,0.2809,0.0781,GOOD
/업무사례/서울상속등기법무사,/업무사례/울주범서상속등기,0.2809,0.0571,GOOD
/업무사례/서울상속등기법무사,/업무사례/창원상속등기필요서류,0.2809,0.0607,GOOD
/업무사례/양산에서부산법인본점이전,/업무사례/울산옥동상속등기,0.2809,0.2857,GOOD
/업무사례/울주군상속등기법무사,/업무사례/창원의창구상속등기법무사,0.2809,0.0531,GOOD
/업무사례/경남조부모명의토지상속,/업무사례/대전유성구상속등기법무사,0.2808,0.0435,GOOD
/업무사례/경북조부모명의토지상속,/업무사례/포항상속등기법무사,0.2808,0.0473,GOOD
/업무사례/대구동구상속등기법무사,/업무사례/울주군상속등기법무사,0.2808,0.0599,GOOD
/업무사례/대구만촌동상속등기,/업무사례/울산남구상속등기법무사,0.2808,0.045,GOOD
/업무사례/부산거주김해부동산상속,/업무사례/제주시상속등기법무사,0.2808,0.0485,GOOD
/업무사례/양산상속포기한정승인,/업무사례/창원법인등기법무사,0.2808,0.0352,GOOD
/업무사례/울산남구상속등기법무사,/업무사례/창원상속등기필요서류,0.2808,0.04,GOOD
/업무사례/울주군상속등기법무사,/업무사례/창원성산구상속등기법무사,0.2808,0.0633,GOOD
/업무사례/경남공장공동근저당권,/업무사례/대구법무사업무,0.2807,0.2701,GOOD
/업무사례/경남법인등기법무사,/업무사례/대구서구상속등기법무사,0.2807,0.2266,GOOD
/업무사례/경남법인등기법무사,/업무사례/울산유증등기법무사,0.2807,0.3255,GOOD
/업무사례/경남상속등기비용,/업무사례/포항상속등기법무사,0.2807,0.0473,GOOD
/업무사례/경남오래된상속등기,/업무사례/경북상속등기법무사,0.2807,0.0544,GOOD
/업무사례/경남유증등기법무사,/업무사례/제주시상속등기법무사,0.2807,0.0478,GOOD
/업무사례/김해거주부산부동산상속,/업무사례/서울상속등기법무사,0.2807,0.0575,GOOD
/업무사례/김해상속등기비용,/업무사례/서울상속등기법무사,0.2807,0.0642,GOOD
/업무사례/대구군위군상속등기법무사,/업무사례/제주시상속등기법무사,0.2807,0.0606,GOOD
/업무사례/대구중구상속등기법무사,/업무사례/울산상속등기법무사,0.2807,0.0539,GOOD
/업무사례/대구토지상속등기,/업무사례/울주군상속등기법무사,0.2807,0.0451,GOOD
/업무사례/부산거주김해부동산상속,/업무사례/양산신축건물보존등기,0.2807,0.2057,GOOD
/업무사례/부산거주양산부동산상속,/업무사례/제주시상속등기법무사,0.2807,0.0478,GOOD
/업무사례/강원상속등기법무사,/업무사례/울산유증등기법무사,0.2806,0.0456,GOOD
/업무사례/경기광주상속등기법무사,/업무사례/경남상속등기비용,0.2806,0.0599,GOOD
/업무사례/광주상속등기법무사,/업무사례/울산법무사업무,0.2806,0.05,GOOD
/업무사례/대구범어동상속등기,/업무사례/진주상속포기한정승인,0.2806,0.0507,GOOD
/업무사례/대구성서상속등기,/업무사례/부산에서창원법인본점이전,0.2806,0.2793,GOOD
/업무사례/대구토지상속등기,/업무사례/울산상속등기법무사,0.2806,0.0383,GOOD
/업무사례/대전유성구상속등기법무사,/업무사례/울산삼산동상속등기,0.2806,0.039,GOOD
/업무사례/부산거주김해부동산상속,/업무사례/양산개인회생법무사,0.2806,0.2189,GOOD
/업무사례/울산법무사업무,/업무사례/충남상속등기법무사,0.2806,0.0538,GOOD
/업무사례/울산북구상속등기법무사,/업무사례/제주시상속등기법무사,0.2806,0.0588,GOOD
/업무사례/강원상속등기법무사,/업무사례/경남유증등기법무사,0.2805,0.0544,GOOD
/업무사례/강원상속등기법무사,/업무사례/대구유증등기법무사,0.2805,0.0444,GOOD
/업무사례/거제상속포기법무사,/업무사례/부산김해양산공동근저당권,0.2805,0.1486,GOOD
/업무사례/경기광주상속등기법무사,/업무사례/대구시지상속등기,0.2805,0.0675,GOOD
/업무사례/경기상속등기법무사,/업무사례/대구토지상속등기,0.2805,0.0486,GOOD
/업무사례/양산건물멸실등기,/업무사례/창원상속등기필요서류,0.2805,0.219,GOOD
/업무사례/울산공장상속등기,/업무사례/충북상속등기법무사,0.2805,0.0455,GOOD
/업무사례/울산동구상속등기법무사,/업무사례/제주시상속등기법무사,0.2805,0.0485,GOOD
/업무사례/경산상속등기법무사,/업무사례/대구유증등기법무사,0.2804,0.0424,GOOD
/업무사례/경주오래된토지상속등기,/업무사례/대전상속등기법무사,0.2804,0.0418,GOOD
/업무사례/대구달성군상속등기법무사,/업무사례/부산에서창원법인본점이전,0.2804,0.2929,GOOD
/업무사례/부산에서김해법인본점이전,/업무사례/울산중구상속등기법무사,0.2804,0.2427,GOOD
/업무사례/부산에서양산법인본점이전,/업무사례/울산삼산동상속등기,0.2804,0.301,GOOD
/업무사례/경기광주상속등기법무사,/업무사례/울산옥동상속등기,0.2803,0.0682,GOOD
/업무사례/경기상속등기법무사,/업무사례/경남상속등기비용,0.2803,0.0514,GOOD
/업무사례/경남상속등기법무사,/업무사례/경남상속등기비용,0.2803,0.0494,GOOD
/업무사례/경북조부모명의토지상속,/업무사례/경산상속등기법무사,0.2803,0.0473,GOOD
/업무사례/경산상속등기법무사,/업무사례/대구범어동상속등기,0.2803,0.0433,GOOD
/업무사례/김해거주부산부동산상속,/업무사례/양산건물멸실등기,0.2803,0.2762,GOOD
/업무사례/대구군위군상속등기법무사,/업무사례/대구수성구상속등기법무사,0.2803,0.0448,GOOD
/업무사례/대구토지상속등기,/업무사례/대전유성구상속등기법무사,0.2803,0.0352,GOOD
/업무사례/거제상속포기법무사,/업무사례/양산에서부산법인본점이전,0.2802,0.1681,GOOD
/업무사례/경남법인등기법무사,/업무사례/경북오래된상속등기,0.2802,0.3041,GOOD
/업무사례/경남상속등기비용,/업무사례/대구수성구상속등기법무사,0.2802,0.0386,GOOD
/업무사례/경남여러필지토지상속,/업무사례/울산상속등기법무사,0.2802,0.0452,GOOD
/업무사례/경북오래된상속등기,/업무사례/울산상속등기법무사,0.2802,0.0412,GOOD
/업무사례/경북조부모명의토지상속,/업무사례/대전유성구상속등기법무사,0.2802,0.0386,GOOD
/업무사례/고성군상속등기법무사,/업무사례/세종상속등기법무사,0.2802,0.0423,GOOD
/업무사례/대구달서구상속등기법무사,/업무사례/대구현풍상속등기,0.2802,0.0431,GOOD
/업무사례/대구법무사업무,/업무사례/통영상속포기한정승인,0.2802,0.1498,GOOD
/업무사례/대전유성구상속등기법무사,/업무사례/울산상속등기필요서류,0.2802,0.034,GOOD
/업무사례/대전유성구상속등기법무사,/업무사례/울산송정동상속등기,0.2802,0.0446,GOOD
/업무사례/부산에서김해법인본점이전,/업무사례/울산공장상속등기,0.2802,0.2402,GOOD
/업무사례/부산에서대구법인본점이전,/업무사례/양산증여등기법무사,0.2802,0.1646,GOOD
/업무사례/부산에서양산법인본점이전,/업무사례/울산상속등기비용,0.2802,0.3125,GOOD
/업무사례/울주군상속등기법무사,/업무사례/울주언양상속등기,0.2802,0.0473,GOOD
/업무사례/강원상속등기법무사,/업무사례/울주범서상속등기,0.2801,0.0532,GOOD
/업무사례/경기상속등기법무사,/업무사례/양산상속등기필요서류,0.2801,0.0636,GOOD
/업무사례/광주상속등기법무사,/업무사례/안동오래된토지상속등기,0.2801,0.043,GOOD
/업무사례/김해상속등기필요서류,/업무사례/대구달서구상속등기법무사,0.2801,0.0441,GOOD
/업무사례/김해에서부산법인본점이전,/업무사례/대구유증등기법무사,0.2801,0.216,GOOD
/업무사례/대구수성구상속등기법무사,/업무사례/양산상속등기필요서류,0.2801,0.05,GOOD
/업무사례/부산에서대구법인본점이전,/업무사례/울주군상속포기한정승인,0.2801,0.1602,GOOD
/업무사례/양산개인회생법무사,/업무사례/창원상속등기필요서류,0.2801,0.2359,GOOD
/업무사례/울산상속등기법무사,/업무사례/울주언양상속등기,0.2801,0.041,GOOD
/업무사례/울산아파트상속등기,/업무사례/포항상속등기법무사,0.2801,0.056,GOOD
/업무사례/울산토지상속등기,/업무사례/제주상속등기법무사,0.2801,0.0526,GOOD
/업무사례/경기상속등기법무사,/업무사례/경북상속등기비용,0.28,0.0512,GOOD
/업무사례/경기상속등기법무사,/업무사례/대구상속등기비용,0.28,0.0467,GOOD
/업무사례/경기상속등기법무사,/업무사례/울주범서상속등기,0.28,0.051,GOOD
/업무사례/경북법무사업무,/업무사례/충남상속등기법무사,0.28,0.0547,GOOD
/업무사례/경북법무사업무,/업무사례/통영상속포기한정승인,0.28,0.1504,GOOD
/업무사례/김해거주부산부동산상속,/업무사례/울주군상속등기법무사,0.28,0.0471,GOOD
/업무사례/양산상속등기필요서류,/업무사례/양산증여등기법무사,0.28,0.2,GOOD
/업무사례/울산동구상속등기법무사,/업무사례/제주상속등기법무사,0.28,0.0586,GOOD
/업무사례/경기광주상속등기법무사,/업무사례/대구유증등기법무사,0.2799,0.0507,GOOD
/업무사례/경기상속등기법무사,/업무사례/대구만촌동상속등기,0.2799,0.0533,GOOD
/업무사례/경남상속등기법무사,/업무사례/김해거주부산부동산상속,0.2799,0.0441,GOOD
/업무사례/경남여러필지토지상속,/업무사례/대전유성구상속등기법무사,0.2799,0.0423,GOOD
/업무사례/경북토지상속등기,/업무사례/부산에서김해법인본점이전,0.2799,0.2264,GOOD
/업무사례/대구다사상속등기,/업무사례/서울상속등기법무사,0.2799,0.0617,GOOD
/업무사례/대구범어동상속등기,/업무사례/창원에서부산법인본점이전,0.2799,0.2271,GOOD
/업무사례/대구상속등기비용,/업무사례/대구수성구상속등기법무사,0.2799,0.0338,GOOD
/업무사례/대구토지상속등기,/업무사례/부산에서김해법인본점이전,0.2799,0.2412,GOOD
/업무사례/대구토지상속등기,/업무사례/제주시상속등기법무사,0.2799,0.0398,GOOD
/업무사례/울주언양상속등기,/업무사례/제주상속등기법무사,0.2799,0.053,GOOD
/업무사례/강원상속등기법무사,/업무사례/대구월성동상속등기,0.2798,0.0414,GOOD
/업무사례/강원상속등기법무사,/업무사례/울산아파트상속등기,0.2798,0.0506,GOOD
/업무사례/경기상속등기법무사,/업무사례/김해거주부산부동산상속,0.2798,0.0508,GOOD
/업무사례/경기상속등기법무사,/업무사례/대구아파트상속등기,0.2798,0.048,GOOD
/업무사례/경남오래된상속등기,/업무사례/양산건물멸실등기,0.2798,0.2264,GOOD
/업무사례/경북오래된상속등기,/업무사례/대전서구상속등기법무사,0.2798,0.0669,GOOD
/업무사례/경북조부모명의토지상속,/업무사례/제주시상속등기법무사,0.2798,0.0431,GOOD
/업무사례/김해거주부산부동산상속,/업무사례/대구수성구상속등기법무사,0.2798,0.037,GOOD
/업무사례/대구수성구상속등기법무사,/업무사례/대구아파트상속등기,0.2798,0.0348,GOOD
/업무사례/부산에서창원법인본점이전,/업무사례/통영상속포기한정승인,0.2798,0.1842,GOOD
/업무사례/울산매곡동상속등기,/업무사례/제주시상속등기법무사,0.2798,0.0427,GOOD
/업무사례/경남상속등기법무사,/업무사례/창원성산구상속등기법무사,0.2797,0.0673,GOOD
/업무사례/경북농지상속등기,/업무사례/울산남구상속등기법무사,0.2797,0.039,GOOD
/업무사례/경주오래된토지상속등기,/업무사례/전남상속등기법무사,0.2797,0.0426,GOOD
/업무사례/대구다사상속등기,/업무사례/부산에서창원법인본점이전,0.2797,0.2786,GOOD
/업무사례/대구북구상속등기법무사,/업무사례/울산남구상속등기법무사,0.2797,0.051,GOOD
/업무사례/대구수성구상속등기법무사,/업무사례/대구월성동상속등기,0.2797,0.0339,GOOD
/업무사례/대구아파트상속등기,/업무사례/제주상속등기법무사,0.2797,0.0504,GOOD
/업무사례/거제상속포기법무사,/업무사례/안동오래된토지상속등기,0.2796,0.1277,GOOD
/업무사례/경남법인등기법무사,/업무사례/울산상속등기비용,0.2796,0.3206,GOOD
/업무사례/경남비대면상속안내,/업무사례/창원에서부산법인본점이전,0.2796,0.0928,GOOD
/업무사례/경남여러필지토지상속,/업무사례/제주시상속등기법무사,0.2796,0.0472,GOOD
/업무사례/경남유증등기법무사,/업무사례/울산상속등기법무사,0.2796,0.0459,GOOD
/업무사례/경북법무사업무,/업무사례/전북상속등기법무사,0.2796,0.0543,GOOD
/업무사례/대구북구상속등기법무사,/업무사례/양산에서부산법인본점이전,0.2796,0.2416,GOOD
/업무사례/대구상속등기필요서류,/업무사례/울주군상속등기법무사,0.2796,0.0474,GOOD
/업무사례/강원상속등기법무사,/업무사례/경북조부모명의토지상속,0.2795,0.0496,GOOD
/업무사례/경기상속등기법무사,/업무사례/울산상속등기필요서류,0.2795,0.0512,GOOD
/업무사례/경북상속등기필요서류,/업무사례/울주군상속등기법무사,0.2795,0.0519,GOOD
/업무사례/대구군위군상속등기법무사,/업무사례/울산상속등기법무사,0.2795,0.058,GOOD
/업무사례/대구달성군상속등기법무사,/업무사례/울산남구상속등기법무사,0.2795,0.0439,GOOD
/업무사례/서울상속등기법무사,/업무사례/울산상속등기필요서류,0.2795,0.0531,GOOD
/업무사례/울산아파트상속등기,/업무사례/제주상속등기법무사,0.2795,0.0547,GOOD
/업무사례/울산유증등기법무사,/업무사례/제주상속등기법무사,0.2795,0.0456,GOOD
/업무사례/울산토지상속등기,/업무사례/울주군상속등기법무사,0.2795,0.0507,GOOD
/업무사례/울주언양상속등기,/업무사례/포항상속등기법무사,0.2795,0.0468,GOOD
/업무사례/강원상속등기법무사,/업무사례/경남상속등기비용,0.2794,0.0496,GOOD
/업무사례/강원상속등기법무사,/업무사례/울주삼남상속등기,0.2794,0.0538,GOOD
/업무사례/경주오래된토지상속등기,/업무사례/진주상속포기한정승인,0.2794,0.0655,GOOD
/업무사례/대구동구상속등기법무사,/업무사례/양산에서부산법인본점이전,0.2794,0.2677,GOOD
/업무사례/대구만촌동상속등기,/업무사례/제주시상속등기법무사,0.2794,0.0441,GOOD
/업무사례/울산상속등기법무사,/업무사례/울산토지상속등기,0.2794,0.0407,GOOD
/업무사례/울산상속등기법무사,/업무사례/울주삼남상속등기,0.2794,0.0417,GOOD
/업무사례/강원상속등기법무사,/업무사례/경북오래된상속등기,0.2793,0.0492,GOOD
/업무사례/경기상속등기법무사,/업무사례/울산토지상속등기,0.2793,0.0504,GOOD
/업무사례/경남유증등기법무사,/업무사례/울산남구상속등기법무사,0.2793,0.0437,GOOD
/업무사례/경북상속등기비용,/업무사례/울주군상속등기법무사,0.2793,0.0476,GOOD
/업무사례/대구남구상속등기법무사,/업무사례/서울상속등기법무사,0.2793,0.0705,GOOD
/업무사례/대구달서구상속등기법무사,/업무사례/대구성서상속등기,0.2793,0.0503,GOOD
/업무사례/대전서구상속등기법무사,/업무사례/울산유증등기법무사,0.2793,0.0634,GOOD
/업무사례/부산거주양산부동산상속,/업무사례/울산남구상속등기법무사,0.2793,0.0488,GOOD
/업무사례/서울상속등기법무사,/업무사례/울산북구상속등기법무사,0.2793,0.068,GOOD
/업무사례/울산법무사업무,/업무사례/전북상속등기법무사,0.2793,0.0534,GOOD
/업무사례/울산유증등기법무사,/업무사례/충북상속등기법무사,0.2793,0.0453,GOOD
/업무사례/경기광주상속등기법무사,/업무사례/김해거주부산부동산상속,0.2792,0.0558,GOOD
/업무사례/경기상속등기법무사,/업무사례/울산달동상속등기,0.2792,0.0514,GOOD
/업무사례/경남비대면상속안내,/업무사례/창원법인등기법무사,0.2792,0.0966,GOOD
/업무사례/경남상속등기법무사,/업무사례/양산상속등기필요서류,0.2792,0.0569,GOOD
/업무사례/경남유증등기법무사,/업무사례/양산증여등기법무사,0.2792,0.2568,GOOD
/업무사례/경북상속등기필요서류,/업무사례/대구수성구상속등기법무사,0.2792,0.0388,GOOD
/업무사례/대전유성구상속등기법무사,/업무사례/창원상속등기비용,0.2792,0.0392,GOOD
/업무사례/부산거주양산부동산상속,/업무사례/양산증여등기법무사,0.2792,0.2078,GOOD
/업무사례/경기광주상속등기법무사,/업무사례/대구월성동상속등기,0.2791,0.0478,GOOD
/업무사례/경기상속등기법무사,/업무사례/울주언양상속등기,0.2791,0.0508,GOOD
/업무사례/경남법무사업무,/업무사례/양산법인등기법무사,0.2791,0.164,GOOD
/업무사례/경북오래된상속등기,/업무사례/대구수성구상속등기법무사,0.2791,0.0383,GOOD
/업무사례/경북임야상속등기,/업무사례/서울상속등기법무사,0.2791,0.0639,GOOD
/업무사례/김해에서부산법인본점이전,/업무사례/울산상속등기비용,0.2791,0.2289,GOOD
/업무사례/대구만촌동상속등기,/업무사례/울산상속등기법무사,0.2791,0.0423,GOOD
/업무사례/대전유성구상속등기법무사,/업무사례/울주삼남상속등기,0.2791,0.0388,GOOD
/업무사례/서울상속등기법무사,/업무사례/울산옥동상속등기,0.2791,0.0711,GOOD
/업무사례/양산상속포기한정승인,/업무사례/창원에서부산법인본점이전,0.2791,0.0354,GOOD
/업무사례/경기상속등기법무사,/업무사례/대구북구상속등기법무사,0.279,0.0636,GOOD
/업무사례/경북상속등기법무사,/업무사례/울산유증등기법무사,0.279,0.0451,GOOD
/업무사례/경북임야상속등기,/업무사례/대구수성구상속등기법무사,0.279,0.0431,GOOD
/업무사례/경주오래된토지상속등기,/업무사례/충남상속등기법무사,0.279,0.0424,GOOD
/업무사례/대구중구상속등기법무사,/업무사례/창원에서부산법인본점이전,0.279,0.2488,GOOD
/업무사례/대전유성구상속등기법무사,/업무사례/양산거주부산부동산상속,0.279,0.0379,GOOD
/업무사례/울산남구상속등기법무사,/업무사례/울주범서상속등기,0.279,0.0573,GOOD
/업무사례/경기광주상속등기법무사,/업무사례/경남유증등기법무사,0.2789,0.0612,GOOD
/업무사례/경기광주상속등기법무사,/업무사례/울산매곡동상속등기,0.2789,0.0595,GOOD
/업무사례/경기광주상속등기법무사,/업무사례/울산상속등기필요서류,0.2789,0.0558,GOOD
/업무사례/대구북구상속등기법무사,/업무사례/대구수성구상속등기법무사,0.2789,0.05,GOOD
/업무사례/대전유성구상속등기법무사,/업무사례/울주범서상속등기,0.2789,0.0383,GOOD
/업무사례/울산중구상속등기법무사,/업무사례/제주상속등기법무사,0.2789,0.0573,GOOD
/업무사례/경기상속등기법무사,/업무사례/울산아파트상속등기,0.2788,0.0524,GOOD
/업무사례/경남법무사업무,/업무사례/경주오래된토지상속등기,0.2788,0.1351,GOOD
/업무사례/양산증여등기법무사,/업무사례/창원상속등기필요서류,0.2788,0.2035,GOOD
/업무사례/울산공장상속등기,/업무사례/제주상속등기법무사,0.2788,0.0458,GOOD
/업무사례/울산법무사업무,/업무사례/인천상속등기법무사,0.2788,0.0547,GOOD
/업무사례/울산상속등기법무사,/업무사례/울산상속등기비용,0.2788,0.0424,GOOD
/업무사례/울산상속등기법무사,/업무사례/울산유증등기법무사,0.2788,0.0372,GOOD
/업무사례/경북오래된상속등기,/업무사례/포항상속등기법무사,0.2787,0.0469,GOOD
/업무사례/대구달성군상속등기법무사,/업무사례/서울상속등기법무사,0.2787,0.0708,GOOD
/업무사례/경기광주상속등기법무사,/업무사례/울산동구상속등기법무사,0.2786,0.069,GOOD
/업무사례/경기상속등기법무사,/업무사례/울산매곡동상속등기,0.2786,0.051,GOOD
/업무사례/경남상속등기비용,/업무사례/울주군상속등기법무사,0.2786,0.0478,GOOD
/업무사례/경남조부모명의토지상속,/업무사례/제주시상속등기법무사,0.2786,0.0485,GOOD
/업무사례/경북임야상속등기,/업무사례/양산에서부산법인본점이전,0.2786,0.2446,GOOD
/업무사례/경북조부모명의토지상속,/업무사례/부산에서김해법인본점이전,0.2786,0.239,GOOD
/업무사례/경북토지상속등기,/업무사례/울산남구상속등기법무사,0.2786,0.0383,GOOD
/업무사례/대구중구상속등기법무사,/업무사례/제주상속등기법무사,0.2786,0.0651,GOOD
/업무사례/경기상속등기법무사,/업무사례/울산북구상속등기법무사,0.2785,0.0534,GOOD
/업무사례/경남상속등기법무사,/업무사례/대구상속등기필요서류,0.2785,0.0405,GOOD
/업무사례/경남상속등기법무사,/업무사례/칠곡상속등기법무사,0.2785,0.0561,GOOD
/업무사례/경남오래된상속등기,/업무사례/대구수성구상속등기법무사,0.2785,0.0435,GOOD
/업무사례/김해법인등기법무사,/업무사례/대구상인동상속등기,0.2785,0.2048,GOOD
/업무사례/대구서구상속등기법무사,/업무사례/울산남구상속등기법무사,0.2785,0.051,GOOD
/업무사례/대구수성구상속등기법무사,/업무사례/안동상속등기법무사,0.2785,0.0388,GOOD
/업무사례/대전유성구상속등기법무사,/업무사례/부산거주김해부동산상속,0.2785,0.0435,GOOD
/업무사례/서울상속등기법무사,/업무사례/창원상속등기비용,0.2785,0.0607,GOOD
/업무사례/울산동구상속등기법무사,/업무사례/울주군상속등기법무사,0.2785,0.0524,GOOD
/업무사례/강원상속등기법무사,/업무사례/울산동구상속등기법무사,0.2784,0.0545,GOOD
/업무사례/거제상속포기법무사,/업무사례/양산개인회생법무사,0.2784,0.1514,GOOD
/업무사례/경기상속등기법무사,/업무사례/경북상속등기필요서류,0.2784,0.0516,GOOD
/업무사례/경기상속등기법무사,/업무사례/울주삼남상속등기,0.2784,0.0643,GOOD
/업무사례/경남법인등기법무사,/업무사례/안동상속등기법무사,0.2784,0.2163,GOOD
/업무사례/경북상속등기필요서류,/업무사례/서울상속등기법무사,0.2784,0.0579,GOOD
/업무사례/대구군위군상속등기법무사,/업무사례/울산남구상속등기법무사,0.2784,0.0457,GOOD
/업무사례/대구다사상속등기,/업무사례/부산에서양산법인본점이전,0.2784,0.2836,GOOD
/업무사례/대구달서구상속등기법무사,/업무사례/대구동구상속등기법무사,0.2784,0.0493,GOOD
/업무사례/대구수성구상속등기법무사,/업무사례/부산거주양산부동산상속,0.2784,0.0429,GOOD
/업무사례/대전유성구상속등기법무사,/업무사례/울산매곡동상속등기,0.2784,0.0383,GOOD
/업무사례/서울상속등기법무사,/업무사례/울주삼남상속등기,0.2784,0.0622,GOOD
/업무사례/경기광주상속등기법무사,/업무사례/울산삼산동상속등기,0.2783,0.0644,GOOD
/업무사례/경남상속등기법무사,/업무사례/창원상속등기필요서류,0.2783,0.0514,GOOD
/업무사례/경북임야상속등기,/업무사례/울주군상속등기법무사,0.2783,0.0524,GOOD
/업무사례/광주상속등기법무사,/업무사례/대구법무사업무,0.2783,0.0465,GOOD
/업무사례/김해법인등기법무사,/업무사례/양산상속포기한정승인,0.2783,0.0361,GOOD
/업무사례/남해상속등기법무사,/업무사례/전북상속등기법무사,0.2783,0.0582,GOOD
/업무사례/대구상속등기필요서류,/업무사례/울산남구상속등기법무사,0.2783,0.0345,GOOD
/업무사례/대구시지상속등기,/업무사례/서울상속등기법무사,0.2783,0.0708,GOOD
/업무사례/서울상속등기법무사,/업무사례/양산거주부산부동산상속,0.2783,0.0588,GOOD
/업무사례/세종상속등기법무사,/업무사례/울산법무사업무,0.2783,0.0489,GOOD
/업무사례/안동오래된토지상속등기,/업무사례/창원법인등기법무사,0.2783,0.1477,GOOD
/업무사례/양산에서부산법인본점이전,/업무사례/울산아파트상속등기,0.2783,0.2784,GOOD
/업무사례/울산남구상속등기법무사,/업무사례/울주삼남상속등기,0.2783,0.0395,GOOD
/업무사례/울산남구상속등기법무사,/업무사례/창원상속등기비용,0.2783,0.04,GOOD
/업무사례/경기광주상속등기법무사,/업무사례/대구중구상속등기법무사,0.2782,0.0672,GOOD
/업무사례/경기상속등기법무사,/업무사례/경북임야상속등기,0.2782,0.0568,GOOD
/업무사례/경기상속등기법무사,/업무사례/창원상속등기필요서류,0.2782,0.0536,GOOD
/업무사례/경남상속등기법무사,/업무사례/울산옥동상속등기,0.2782,0.0583,GOOD
/업무사례/경북법무사업무,/업무사례/인천상속등기법무사,0.2782,0.0556,GOOD
/업무사례/경북상속등기비용,/업무사례/서울상속등기법무사,0.2782,0.0574,GOOD
/업무사례/경북오래된상속등기,/업무사례/제주상속등기법무사,0.2782,0.0492,GOOD
/업무사례/양산거주부산부동산상속,/업무사례/울산남구상속등기법무사,0.2782,0.0386,GOOD
/업무사례/울산달동상속등기,/업무사례/제주상속등기법무사,0.2782,0.0496,GOOD
/업무사례/울산아파트상속등기,/업무사례/제주시상속등기법무사,0.2782,0.0441,GOOD
/업무사례/경남상속등기법무사,/업무사례/대구북구상속등기법무사,0.2781,0.067,GOOD
/업무사례/경남조부모명의토지상속,/업무사례/대구수성구상속등기법무사,0.2781,0.0435,GOOD
/업무사례/경주오래된토지상속등기,/업무사례/인천상속등기법무사,0.2781,0.043,GOOD
/업무사례/대구수성구상속등기법무사,/업무사례/창원상속등기필요서류,0.2781,0.0392,GOOD
/업무사례/대구유증등기법무사,/업무사례/포항상속등기법무사,0.2781,0.0424,GOOD
/업무사례/경남법무사업무,/업무사례/부산에서김해법인본점이전,0.278,0.2271,GOOD
/업무사례/대구북구상속등기법무사,/업무사례/서울상속등기법무사,0.278,0.0766,GOOD
/업무사례/경기광주상속등기법무사,/업무사례/부산거주양산부동산상속,0.2779,0.0612,GOOD
/업무사례/경기상속등기법무사,/업무사례/대구중구상속등기법무사,0.2779,0.0591,GOOD
/업무사례/경남법인등기법무사,/업무사례/울주언양상속등기,0.2779,0.3209,GOOD
/업무사례/경북토지상속등기,/업무사례/울산상속등기법무사,0.2779,0.0405,GOOD
/업무사례/광주상속등기법무사,/업무사례/울주군상속포기한정승인,0.2779,0.0463,GOOD
/업무사례/대구달성군상속등기법무사,/업무사례/부산에서양산법인본점이전,0.2779,0.298,GOOD
/업무사례/대구서구상속등기법무사,/업무사례/울주군상속등기법무사,0.2779,0.063,GOOD
/업무사례/대구수성구상속등기법무사,/업무사례/창원의창구상속등기법무사,0.2779,0.0437,GOOD
/업무사례/안동오래된토지상속등기,/업무사례/전북상속등기법무사,0.2779,0.0426,GOOD
/업무사례/울산남구상속등기법무사,/업무사례/울산삼산동상속등기,0.2779,0.0489,GOOD
/업무사례/울산매곡동상속등기,/업무사례/울주군상속등기법무사,0.2779,0.0551,GOOD
/업무사례/경남상속등기법무사,/업무사례/안동상속등기법무사,0.2778,0.0558,GOOD
/업무사례/대구수성구상속등기법무사,/업무사례/울산아파트상속등기,0.2778,0.0395,GOOD
/업무사례/대구아파트상속등기,/업무사례/대전유성구상속등기법무사,0.2778,0.0348,GOOD
/업무사례/대구유증등기법무사,/업무사례/울산상속등기법무사,0.2778,0.0361,GOOD
/업무사례/부산거주김해부동산상속,/업무사례/양산건물멸실등기,0.2778,0.1982,GOOD
/업무사례/부산거주양산부동산상속,/업무사례/울주군상속등기법무사,0.2778,0.0522,GOOD
/업무사례/강원상속등기법무사,/업무사례/경남오래된상속등기,0.2777,0.0551,GOOD
/업무사례/경남법인등기법무사,/업무사례/울산공장상속등기,0.2777,0.2727,GOOD
/업무사례/경남상속등기법무사,/업무사례/대구군위군상속등기법무사,0.2777,0.0619,GOOD
/업무사례/경북법무사업무,/업무사례/세종상속등기법무사,0.2777,0.0496,GOOD
/업무사례/대구남구상속등기법무사,/업무사례/울주군상속등기법무사,0.2777,0.0593,GOOD
/업무사례/대구수성구상속등기법무사,/업무사례/대구토지상속등기,0.2777,0.0352,GOOD
/업무사례/대구시지상속등기,/업무사례/부산에서창원법인본점이전,0.2777,0.2556,GOOD
/업무사례/대구시지상속등기,/업무사례/양산에서부산법인본점이전,0.2777,0.2599,GOOD
/업무사례/경기상속등기법무사,/업무사례/부산거주양산부동산상속,0.2776,0.0565,GOOD
/업무사례/경기상속등기법무사,/업무사례/창원상속등기비용,0.2776,0.0536,GOOD
/업무사례/경남법인등기법무사,/업무사례/울산삼산동상속등기,0.2776,0.3223,GOOD
/업무사례/경남상속등기법무사,/업무사례/창원상속등기비용,0.2776,0.0514,GOOD
/업무사례/대구시지상속등기,/업무사례/울주군상속등기법무사,0.2776,0.0581,GOOD
/업무사례/부산거주김해부동산상속,/업무사례/울산남구상속등기법무사,0.2776,0.0443,GOOD
/업무사례/부산거주양산부동산상속,/업무사례/서울상속등기법무사,0.2776,0.0636,GOOD
/업무사례/부산에서창원법인본점이전,/업무사례/울산옥동상속등기,0.2776,0.2944,GOOD
/업무사례/거제상속포기법무사,/업무사례/양산신축건물보존등기,0.2775,0.1429,GOOD
/업무사례/대구달서구상속등기법무사,/업무사례/대구월성동상속등기,0.2775,0.0348,GOOD
/업무사례/대구법무사업무,/업무사례/충남상속등기법무사,0.2775,0.0504,GOOD
/업무사례/대구아파트상속등기,/업무사례/제주시상속등기법무사,0.2775,0.0393,GOOD
/업무사례/울산공장상속등기,/업무사례/제주시상속등기법무사,0.2775,0.0388,GOOD
/업무사례/울산남구상속등기법무사,/업무사례/울산송정동상속등기,0.2775,0.0508,GOOD
/업무사례/경기광주상속등기법무사,/업무사례/대구아파트상속등기,0.2774,0.0528,GOOD
/업무사례/경기상속등기법무사,/업무사례/경남여러필지토지상속,0.2774,0.0558,GOOD
/업무사례/경기상속등기법무사,/업무사례/경북오래된상속등기,0.2774,0.051,GOOD
/업무사례/경기상속등기법무사,/업무사례/대구시지상속등기,0.2774,0.0583,GOOD
/업무사례/경남상속등기법무사,/업무사례/경북상속등기비용,0.2774,0.0492,GOOD
/업무사례/대구중구상속등기법무사,/업무사례/포항상속등기법무사,0.2774,0.0582,GOOD
/업무사례/울산상속등기법무사,/업무사례/울산중구상속등기법무사,0.2774,0.0455,GOOD
/업무사례/경기광주상속등기법무사,/업무사례/울산아파트상속등기,0.2773,0.0611,GOOD
/업무사례/경기상속등기법무사,/업무사례/경남조부모명의토지상속,0.2773,0.0573,GOOD
/업무사례/경남상속등기비용,/업무사례/대전유성구상속등기법무사,0.2773,0.0386,GOOD
/업무사례/경남여러필지토지상속,/업무사례/대구수성구상속등기법무사,0.2773,0.0423,GOOD
/업무사례/경북농지상속등기,/업무사례/부산에서창원법인본점이전,0.2773,0.2772,GOOD
/업무사례/대구범어동상속등기,/업무사례/대전서구상속등기법무사,0.2773,0.0632,GOOD
/업무사례/대구수성구상속등기법무사,/업무사례/울산달동상속등기,0.2773,0.0386,GOOD
/업무사례/대구수성구상속등기법무사,/업무사례/울산동구상속등기법무사,0.2773,0.0393,GOOD
/업무사례/대구아파트상속등기,/업무사례/부산에서창원법인본점이전,0.2773,0.2792,GOOD
/업무사례/대전유성구상속등기법무사,/업무사례/울산북구상속등기법무사,0.2773,0.037,GOOD
/업무사례/울산공장상속등기,/업무사례/울산상속등기법무사,0.2773,0.0373,GOOD
/업무사례/강원상속등기법무사,/업무사례/대구상인동상속등기,0.2772,0.0409,GOOD
/업무사례/경기광주상속등기법무사,/업무사례/경북토지상속등기,0.2772,0.0547,GOOD
/업무사례/경기광주상속등기법무사,/업무사례/울산상속등기비용,0.2772,0.0611,GOOD
/업무사례/경남법무사업무,/업무사례/김해에서부산법인본점이전,0.2772,0.2,GOOD
/업무사례/경북오래된상속등기,/업무사례/대전유성구상속등기법무사,0.2772,0.0383,GOOD
/업무사례/대구동구상속등기법무사,/업무사례/부산에서창원법인본점이전,0.2772,0.2828,GOOD
/업무사례/대전유성구상속등기법무사,/업무사례/울산달동상속등기,0.2772,0.0386,GOOD
/업무사례/부산에서창원법인본점이전,/업무사례/울산유증등기법무사,0.2772,0.2864,GOOD
/업무사례/경남상속등기비용,/업무사례/양산개인회생법무사,0.2771,0.2783,GOOD
/업무사례/경남조부모명의토지상속,/업무사례/울산남구상속등기법무사,0.2771,0.0443,GOOD
/업무사례/경북농지상속등기,/업무사례/서울상속등기법무사,0.2771,0.0571,GOOD
/업무사례/대구상속등기비용,/업무사례/울산남구상속등기법무사,0.2771,0.0343,GOOD
/업무사례/대구월성동상속등기,/업무사례/울산상속등기법무사,0.2771,0.0327,GOOD
/업무사례/대전유성구상속등기법무사,/업무사례/울산옥동상속등기,0.2771,0.0478,GOOD
/업무사례/울산아파트상속등기,/업무사례/울주군상속등기법무사,0.2771,0.0606,GOOD
/업무사례/경기상속등기법무사,/업무사례/울산상속등기비용,0.277,0.0524,GOOD
/업무사례/대구월성동상속등기,/업무사례/서울상속등기법무사,0.277,0.0528,GOOD
/업무사례/대구유증등기법무사,/업무사례/울주군상속등기법무사,0.277,0.0429,GOOD
/업무사례/경기광주상속등기법무사,/업무사례/울주삼남상속등기,0.2769,0.0602,GOOD
/업무사례/경북오래된상속등기,/업무사례/제주시상속등기법무사,0.2769,0.0427,GOOD
/업무사례/경산상속등기법무사,/업무사례/영천상속등기법무사,0.2769,0.037,GOOD
/업무사례/대구수성구상속등기법무사,/업무사례/대구중구상속등기법무사,0.2769,0.0426,GOOD
/업무사례/대전유성구상속등기법무사,/업무사례/울산공장상속등기,0.2769,0.0343,GOOD
/업무사례/안동오래된토지상속등기,/업무사례/진주상속포기한정승인,0.2769,0.0662,GOOD
/업무사례/경기상속등기법무사,/업무사례/경남오래된상속등기,0.2768,0.0573,GOOD
/업무사례/경남상속등기법무사,/업무사례/경남오래된상속등기,0.2768,0.0505,GOOD
/업무사례/경남상속등기법무사,/업무사례/울산송정동상속등기,0.2768,0.0566,GOOD
/업무사례/고성군상속등기법무사,/업무사례/전북상속등기법무사,0.2768,0.054,GOOD
/업무사례/서울상속등기법무사,/업무사례/울산송정동상속등기,0.2768,0.066,GOOD
/업무사례/경기광주상속등기법무사,/업무사례/울산중구상속등기법무사,0.2767,0.0634,GOOD
/업무사례/경남상속등기법무사,/업무사례/대구남구상속등기법무사,0.2767,0.0579,GOOD
/업무사례/경주오래된토지상속등기,/업무사례/세종상속등기법무사,0.2767,0.0417,GOOD
/업무사례/대구남구상속등기법무사,/업무사례/부산에서창원법인본점이전,0.2767,0.2786,GOOD
/업무사례/대구수성구상속등기법무사,/업무사례/부산거주김해부동산상속,0.2767,0.0435,GOOD
/업무사례/대구수성구상속등기법무사,/업무사례/울산상속등기필요서류,0.2767,0.034,GOOD
/업무사례/대구수성구상속등기법무사,/업무사례/울산송정동상속등기,0.2767,0.0446,GOOD
/업무사례/대구유증등기법무사,/업무사례/제주상속등기법무사,0.2767,0.0444,GOOD
/업무사례/대구토지상속등기,/업무사례/울산남구상속등기법무사,0.2767,0.0359,GOOD
/업무사례/대전유성구상속등기법무사,/업무사례/울산유증등기법무사,0.2767,0.0342,GOOD
/업무사례/부산에서창원법인본점이전,/업무사례/울주삼남상속등기,0.2767,0.2944,GOOD
/업무사례/양산에서부산법인본점이전,/업무사례/울주삼남상속등기,0.2767,0.2727,GOOD
/업무사례/울주군상속등기법무사,/업무사례/울주삼남상속등기,0.2767,0.0519,GOOD
/업무사례/경기광주상속등기법무사,/업무사례/울산공장상속등기,0.2766,0.0522,GOOD
/업무사례/경남공장공동근저당권,/업무사례/영천상속등기법무사,0.2766,0.1103,GOOD
/업무사례/경남법인등기법무사,/업무사례/대구만촌동상속등기,0.2766,0.2,GOOD
/업무사례/경남오래된상속등기,/업무사례/제주상속등기법무사,0.2766,0.0596,GOOD
/업무사례/경북조부모명의토지상속,/업무사례/울산남구상속등기법무사,0.2766,0.0393,GOOD
/업무사례/김해상속등기비용,/업무사례/양산증여등기법무사,0.2766,0.2257,GOOD
/업무사례/대구범어동상속등기,/업무사례/대구수성구상속등기법무사,0.2766,0.034,GOOD
/업무사례/대구상인동상속등기,/업무사례/양산상속포기한정승인,0.2766,0.0285,GOOD
/업무사례/대구수성구상속등기법무사,/업무사례/울산북구상속등기법무사,0.2766,0.037,GOOD
/업무사례/대구유증등기법무사,/업무사례/대전유성구상속등기법무사,0.2766,0.0332,GOOD
/업무사례/서울상속등기법무사,/업무사례/울산달동상속등기,0.2766,0.062,GOOD
/업무사례/울산남구상속등기법무사,/업무사례/울산상속등기필요서류,0.2766,0.0346,GOOD
/업무사례/울주군상속포기한정승인,/업무사례/전북상속등기법무사,0.2766,0.0458,GOOD
/업무사례/경남오래된상속등기,/업무사례/대전유성구상속등기법무사,0.2765,0.0435,GOOD
/업무사례/대구수성구상속등기법무사,/업무사례/창원상속등기비용,0.2765,0.0392,GOOD
/업무사례/대구중구상속등기법무사,/업무사례/제주시상속등기법무사,0.2765,0.0652,GOOD
/업무사례/경남법인등기법무사,/업무사례/대구월성동상속등기,0.2764,0.2982,GOOD
/업무사례/경남여러필지토지상속,/업무사례/울산남구상속등기법무사,0.2764,0.0431,GOOD
/업무사례/경북임야상속등기,/업무사례/부산에서창원법인본점이전,0.2764,0.2406,GOOD
/업무사례/대구수성구상속등기법무사,/업무사례/대구시지상속등기,0.2764,0.0443,GOOD
/업무사례/양산개인회생법무사,/업무사례/진주상속포기한정승인,0.2764,0.0712,GOOD
/업무사례/울산유증등기법무사,/업무사례/제주시상속등기법무사,0.2764,0.0386,GOOD
/업무사례/경기상속등기법무사,/업무사례/울산삼산동상속등기,0.2763,0.0518,GOOD
/업무사례/경남법인등기법무사,/업무사례/대구중구상속등기법무사,0.2763,0.3654,GOOD
/업무사례/경남오래된상속등기,/업무사례/포항상속등기법무사,0.2763,0.0565,GOOD
/업무사례/경주오래된토지상속등기,/업무사례/창원에서부산법인본점이전,0.2763,0.1519,GOOD
/업무사례/대구북구상속등기법무사,/업무사례/부산에서창원법인본점이전,0.2763,0.2376,GOOD
/업무사례/대구수성구상속등기법무사,/업무사례/울주언양상속등기,0.2763,0.0381,GOOD
/업무사례/대구아파트상속등기,/업무사례/울주군상속등기법무사,0.2763,0.0524,GOOD
/업무사례/대구월성동상속등기,/업무사례/울주군상속등기법무사,0.2763,0.0436,GOOD
/업무사례/부산김해양산공동근저당권,/업무사례/영천상속등기법무사,0.2763,0.112,GOOD
/업무사례/서울상속등기법무사,/업무사례/울산공장상속등기,0.2763,0.0535,GOOD
/업무사례/경기상속등기법무사,/업무사례/창원의창구상속등기법무사,0.2762,0.0575,GOOD
/업무사례/경남법무사업무,/업무사례/안동오래된토지상속등기,0.2762,0.1279,GOOD
/업무사례/경남상속등기법무사,/업무사례/대구중구상속등기법무사,0.2762,0.0617,GOOD
/업무사례/경남상속등기비용,/업무사례/양산신축건물보존등기,0.2762,0.2694,GOOD
/업무사례/경북임야상속등기,/업무사례/부산에서양산법인본점이전,0.2762,0.2328,GOOD
/업무사례/광주상속등기법무사,/업무사례/사천상속등기법무사,0.2762,0.0399,GOOD
/업무사례/대구남구상속등기법무사,/업무사례/대구달서구상속등기법무사,0.2762,0.0487,GOOD
/업무사례/대전유성구상속등기법무사,/업무사례/울주언양상속등기,0.2762,0.0381,GOOD
/업무사례/울산상속등기비용,/업무사례/울주군상속등기법무사,0.2762,0.0487,GOOD
/업무사례/강원상속등기법무사,/업무사례/대구중구상속등기법무사,0.2761,0.0611,GOOD
/업무사례/경기광주상속등기법무사,/업무사례/경북조부모명의토지상속,0.2761,0.056,GOOD
/업무사례/경남상속등기법무사,/업무사례/울산상속등기비용,0.2761,0.0504,GOOD
/업무사례/경남오래된상속등기,/업무사례/양산증여등기법무사,0.2761,0.2105,GOOD
/업무사례/경산상속등기법무사,/업무사례/대구상인동상속등기,0.2761,0.0427,GOOD
/업무사례/대구법무사업무,/업무사례/전북상속등기법무사,0.2761,0.05,GOOD
/업무사례/부산에서창원법인본점이전,/업무사례/울산아파트상속등기,0.2761,0.2938,GOOD
/업무사례/서울상속등기법무사,/업무사례/울산유증등기법무사,0.2761,0.0533,GOOD
/업무사례/경기상속등기법무사,/업무사례/경북토지상속등기,0.276,0.0502,GOOD
/업무사례/경기상속등기법무사,/업무사례/부산거주김해부동산상속,0.276,0.0573,GOOD
/업무사례/대구아파트상속등기,/업무사례/부산에서양산법인본점이전,0.276,0.2908,GOOD
/업무사례/대구아파트상속등기,/업무사례/울산남구상속등기법무사,0.276,0.04,GOOD
/업무사례/대구토지상속등기,/업무사례/양산에서부산법인본점이전,0.276,0.2615,GOOD
/업무사례/사천상속등기법무사,/업무사례/양산상속포기한정승인,0.276,0.0206,GOOD
/업무사례/양산증여등기법무사,/업무사례/창원상속등기비용,0.276,0.193,GOOD
/업무사례/울산달동상속등기,/업무사례/제주시상속등기법무사,0.276,0.0431,GOOD
/업무사례/경남상속등기법무사,/업무사례/울산북구상속등기법무사,0.2759,0.06,GOOD
/업무사례/경남유증등기법무사,/업무사례/서울상속등기법무사,0.2759,0.0636,GOOD
/업무사례/경북조부모명의토지상속,/업무사례/울산상속등기법무사,0.2759,0.0415,GOOD
/업무사례/경북토지상속등기,/업무사례/대구수성구상속등기법무사,0.2759,0.0377,GOOD
/업무사례/김해에서부산법인본점이전,/업무사례/대구중구상속등기법무사,0.2759,0.2085,GOOD
/업무사례/부산에서창원법인본점이전,/업무사례/울산상속등기필요서류,0.2759,0.2915,GOOD
/업무사례/부산에서창원법인본점이전,/업무사례/울산송정동상속등기,0.2759,0.2431,GOOD
/업무사례/안동상속등기법무사,/업무사례/양산에서부산법인본점이전,0.2759,0.25,GOOD
/업무사례/양산신축건물보존등기,/업무사례/통영상속포기한정승인,0.2759,0.1587,GOOD
/업무사례/양산에서부산법인본점이전,/업무사례/울산매곡동상속등기,0.2759,0.275,GOOD
/업무사례/양산에서부산법인본점이전,/업무사례/울산상속등기필요서류,0.2759,0.27,GOOD
/업무사례/울산남구상속등기법무사,/업무사례/울산상속등기비용,0.2759,0.0402,GOOD
/업무사례/울산중구상속등기법무사,/업무사례/포항상속등기법무사,0.2759,0.0507,GOOD
/업무사례/경기광주상속등기법무사,/업무사례/울주범서상속등기,0.2758,0.0595,GOOD
/업무사례/대구달서구상속등기법무사,/업무사례/창원의창구상속등기법무사,0.2758,0.045,GOOD
/업무사례/대구만촌동상속등기,/업무사례/부산에서김해법인본점이전,0.2758,0.2228,GOOD
/업무사례/대구중구상속등기법무사,/업무사례/대전유성구상속등기법무사,0.2758,0.0426,GOOD
/업무사례/대전유성구상속등기법무사,/업무사례/울산아파트상속등기,0.2758,0.0395,GOOD
/업무사례/부산김해양산공동근저당권,/업무사례/울주군상속포기한정승인,0.2758,0.1901,GOOD
/업무사례/사천상속등기법무사,/업무사례/세종상속등기법무사,0.2758,0.0427,GOOD
/업무사례/경남비대면상속안내,/업무사례/인천상속등기법무사,0.2757,0.0492,GOOD
/업무사례/경남상속등기법무사,/업무사례/경남여러필지토지상속,0.2757,0.0491,GOOD
/업무사례/경남유증등기법무사,/업무사례/대구수성구상속등기법무사,0.2757,0.0429,GOOD
/업무사례/대구달서구상속등기법무사,/업무사례/창원성산구상속등기법무사,0.2757,0.0573,GOOD
/업무사례/대구법무사업무,/업무사례/인천상속등기법무사,0.2757,0.0512,GOOD
/업무사례/대구상속등기필요서류,/업무사례/부산에서창원법인본점이전,0.2757,0.2772,GOOD
/업무사례/울산남구상속등기법무사,/업무사례/울산매곡동상속등기,0.2757,0.039,GOOD
/업무사례/경기광주상속등기법무사,/업무사례/대구상인동상속등기,0.2756,0.0473,GOOD
/업무사례/경기상속등기법무사,/업무사례/울산중구상속등기법무사,0.2756,0.0551,GOOD
/업무사례/경남상속등기법무사,/업무사례/대구상속등기비용,0.2756,0.0445,GOOD
/업무사례/경남상속등기비용,/업무사례/울산남구상속등기법무사,0.2756,0.0393,GOOD
/업무사례/경북상속등기필요서류,/업무사례/부산에서창원법인본점이전,0.2756,0.2879,GOOD
/업무사례/부산에서창원법인본점이전,/업무사례/울산동구상속등기법무사,0.2756,0.299,GOOD
/업무사례/양산에서부산법인본점이전,/업무사례/울산동구상속등기법무사,0.2756,0.2769,GOOD
/업무사례/강원상속등기법무사,/업무사례/울산중구상속등기법무사,0.2755,0.0532,GOOD
/업무사례/거제상속포기법무사,/업무사례/울산법무사업무,0.2755,0.1457,GOOD
/업무사례/경남상속등기법무사,/업무사례/대구다사상속등기,0.2755,0.0492,GOOD
/업무사례/대구범어동상속등기,/업무사례/충북상속등기법무사,0.2755,0.0412,GOOD
/업무사례/부산에서김해법인본점이전,/업무사례/울산상속등기비용,0.2755,0.2576,GOOD
/업무사례/양산증여등기법무사,/업무사례/창원의창구상속등기법무사,0.2755,0.2443,GOOD
/업무사례/울산삼산동상속등기,/업무사례/울주군상속등기법무사,0.2755,0.052,GOOD
/업무사례/경기광주상속등기법무사,/업무사례/울산유증등기법무사,0.2754,0.052,GOOD
/업무사례/경기상속등기법무사,/업무사례/울산공장상속등기,0.2754,0.0474,GOOD
/업무사례/경남상속등기법무사,/업무사례/대구아파트상속등기,0.2754,0.0415,GOOD
/업무사례/대구상인동상속등기,/업무사례/창원법인등기법무사,0.2754,0.2621,GOOD
/업무사례/대전유성구상속등기법무사,/업무사례/울산동구상속등기법무사,0.2754,0.0393,GOOD
/업무사례/부산에서창원법인본점이전,/업무사례/울주범서상속등기,0.2754,0.29,GOOD
/업무사례/양산에서부산법인본점이전,/업무사례/울주범서상속등기,0.2754,0.2687,GOOD
/업무사례/울산삼산동상속등기,/업무사례/울산상속등기법무사,0.2754,0.0418,GOOD
/업무사례/경남상속등기법무사,/업무사례/대구동구상속등기법무사,0.2753,0.0586,GOOD
/업무사례/경남상속등기법무사,/업무사례/울산아파트상속등기,0.2753,0.046,GOOD
/업무사례/경남오래된상속등기,/업무사례/제주시상속등기법무사,0.2753,0.0588,GOOD
/업무사례/고성군상속등기법무사,/업무사례/양산상속포기한정승인,0.2753,0.0274,GOOD
/업무사례/대구달서구상속등기법무사,/업무사례/칠곡상속등기법무사,0.2753,0.0455,GOOD
/업무사례/대구성서상속등기,/업무사례/양산개인회생법무사,0.2753,0.2513,GOOD
/업무사례/대구시지상속등기,/업무사례/부산에서양산법인본점이전,0.2753,0.2473,GOOD
/업무사례/울산남구상속등기법무사,/업무사례/울산옥동상속등기,0.2753,0.0533,GOOD
/업무사례/울산유증등기법무사,/업무사례/울주군상속등기법무사,0.2753,0.044,GOOD
/업무사례/경기상속등기법무사,/업무사례/울산유증등기법무사,0.2752,0.0472,GOOD
/업무사례/경북상속등기법무사,/업무사례/대구범어동상속등기,0.2752,0.041,GOOD
/업무사례/경북토지상속등기,/업무사례/서울상속등기법무사,0.2752,0.0562,GOOD
/업무사례/경북토지상속등기,/업무사례/울주군상속등기법무사,0.2752,0.0468,GOOD
/업무사례/대구법무사업무,/업무사례/세종상속등기법무사,0.2752,0.0455,GOOD
/업무사례/대구성서상속등기,/업무사례/양산근저당말소,0.2752,0.2487,GOOD
/업무사례/부산거주김해부동산상속,/업무사례/서울상속등기법무사,0.2752,0.0645,GOOD
/업무사례/부산에서양산법인본점이전,/업무사례/울산옥동상속등기,0.2752,0.2995,GOOD
/업무사례/서울상속등기법무사,/업무사례/울산상속등기비용,0.2752,0.0588,GOOD
/업무사례/울산토지상속등기,/업무사례/제주시상속등기법무사,0.2752,0.0422,GOOD
/업무사례/경남유증등기법무사,/업무사례/울주군상속등기법무사,0.2751,0.0522,GOOD
/업무사례/경북임야상속등기,/업무사례/대구달서구상속등기법무사,0.2751,0.0443,GOOD
/업무사례/대구상인동상속등기,/업무사례/대전유성구상속등기법무사,0.2751,0.0335,GOOD
/업무사례/대구서구상속등기법무사,/업무사례/서울상속등기법무사,0.2751,0.0766,GOOD
/업무사례/경기광주상속등기법무사,/업무사례/경북오래된상속등기,0.275,0.0556,GOOD
/업무사례/경남상속등기비용,/업무사례/서울상속등기법무사,0.275,0.0576,GOOD
/업무사례/경북법무사업무,/업무사례/부산김해양산공동근저당권,0.275,0.2767,GOOD
/업무사례/김해거주부산부동산상속,/업무사례/대구달서구상속등기법무사,0.275,0.0381,GOOD
/업무사례/대구다사상속등기,/업무사례/대구달서구상속등기법무사,0.275,0.0441,GOOD
/업무사례/대구성서상속등기,/업무사례/전국상속등기법무사,0.275,0.0568,GOOD
/업무사례/대구수성구상속등기법무사,/업무사례/울산상속등기비용,0.275,0.0395,GOOD
/업무사례/대구중구상속등기법무사,/업무사례/울산남구상속등기법무사,0.275,0.0478,GOOD
/업무사례/울산중구상속등기법무사,/업무사례/제주시상속등기법무사,0.275,0.0472,GOOD
/업무사례/울주언양상속등기,/업무사례/제주시상속등기법무사,0.275,0.0426,GOOD
/업무사례/경남법무사업무,/업무사례/울주군상속포기한정승인,0.2749,0.1855,GOOD
/업무사례/경남상속등기법무사,/업무사례/경북상속등기필요서류,0.2749,0.0453,GOOD
/업무사례/경남상속등기법무사,/업무사례/울산토지상속등기,0.2749,0.0442,GOOD
/업무사례/경북오래된상속등기,/업무사례/울주군상속등기법무사,0.2749,0.0474,GOOD
/업무사례/경북토지상속등기,/업무사례/부산에서창원법인본점이전,0.2749,0.2718,GOOD
/업무사례/경북토지상속등기,/업무사례/양산에서부산법인본점이전,0.2749,0.2512,GOOD
/업무사례/대구북구상속등기법무사,/업무사례/부산에서양산법인본점이전,0.2749,0.2295,GOOD
/업무사례/대구상속등기필요서류,/업무사례/서울상속등기법무사,0.2749,0.0528,GOOD
/업무사례/대구수성구상속등기법무사,/업무사례/울산매곡동상속등기,0.2749,0.0383,GOOD
/업무사례/대구현풍상속등기,/업무사례/부산에서창원법인본점이전,0.2749,0.2718,GOOD
/업무사례/경남상속등기법무사,/업무사례/경북오래된상속등기,0.2748,0.0447,GOOD
/업무사례/경남여러필지토지상속,/업무사례/서울상속등기법무사,0.2748,0.0628,GOOD
/업무사례/대구동구상속등기법무사,/업무사례/부산에서양산법인본점이전,0.2748,0.2879,GOOD
/업무사례/대구토지상속등기,/업무사례/부산에서창원법인본점이전,0.2748,0.2835,GOOD
/업무사례/부산에서양산법인본점이전,/업무사례/울산아파트상속등기,0.2748,0.299,GOOD
/업무사례/양산거주부산부동산상속,/업무사례/양산증여등기법무사,0.2748,0.2183,GOOD
/업무사례/경남법무사업무,/업무사례/대구경북공동담보등기,0.2747,0.2817,GOOD
/업무사례/경남비대면상속안내,/업무사례/광주상속등기법무사,0.2747,0.0409,GOOD
/업무사례/경남상속등기법무사,/업무사례/울주언양상속등기,0.2747,0.0488,GOOD
/업무사례/경남조부모명의토지상속,/업무사례/서울상속등기법무사,0.2747,0.0645,GOOD
/업무사례/경산상속등기법무사,/업무사례/경주오래된토지상속등기,0.2747,0.0405,GOOD
/업무사례/고성군상속등기법무사,/업무사례/인천상속등기법무사,0.2747,0.0551,GOOD
/업무사례/대구군위군상속등기법무사,/업무사례/부산에서창원법인본점이전,0.2747,0.224,GOOD
/업무사례/대구범어동상속등기,/업무사례/대전유성구상속등기법무사,0.2747,0.034,GOOD
/업무사례/대구상속등기비용,/업무사례/서울상속등기법무사,0.2747,0.0526,GOOD
/업무사례/양산에서부산법인본점이전,/업무사례/울산북구상속등기법무사,0.2747,0.2644,GOOD
/업무사례/울산남구상속등기법무사,/업무사례/울산북구상속등기법무사,0.2747,0.0377,GOOD
/업무사례/울주군상속포기한정승인,/업무사례/창원법인등기법무사,0.2747,0.2168,GOOD
/업무사례/경남상속등기법무사,/업무사례/대구만촌동상속등기,0.2746,0.0463,GOOD
/업무사례/김해법인등기법무사,/업무사례/대구범어동상속등기,0.2746,0.2087,GOOD
/업무사례/대구만촌동상속등기,/업무사례/서울상속등기법무사,0.2746,0.0654,GOOD
/업무사례/대구상속등기필요서류,/업무사례/양산에서부산법인본점이전,0.2746,0.2562,GOOD
/업무사례/대구상인동상속등기,/업무사례/부산에서김해법인본점이전,0.2746,0.2103,GOOD
/업무사례/부산에서창원법인본점이전,/업무사례/울산토지상속등기,0.2746,0.2857,GOOD
/업무사례/양산에서부산법인본점이전,/업무사례/울산토지상속등기,0.2746,0.2709,GOOD
/업무사례/울산공장상속등기,/업무사례/울주군상속등기법무사,0.2746,0.048,GOOD
/업무사례/경남비대면상속안내,/업무사례/양산상속포기한정승인,0.2745,0.0247,GOOD
/업무사례/경북상속등기필요서류,/업무사례/양산에서부산법인본점이전,0.2745,0.2663,GOOD
/업무사례/김해거주부산부동산상속,/업무사례/양산증여등기법무사,0.2745,0.2566,GOOD
/업무사례/대구유증등기법무사,/업무사례/제주시상속등기법무사,0.2745,0.0375,GOOD
/업무사례/대구중구상속등기법무사,/업무사례/부산에서김해법인본점이전,0.2745,0.2297,GOOD
/업무사례/부산에서창원법인본점이전,/업무사례/울산달동상속등기,0.2745,0.2929,GOOD
/업무사례/서울상속등기법무사,/업무사례/울산삼산동상속등기,0.2745,0.0625,GOOD
/업무사례/안동오래된토지상속등기,/업무사례/창원에서부산법인본점이전,0.2745,0.1441,GOOD
/업무사례/양산법인등기법무사,/업무사례/양산상속등기비용,0.2745,0.2018,GOOD
/업무사례/영천상속등기법무사,/업무사례/울산상속등기법무사,0.2745,0.0383,GOOD
/제주타지역상속인부동산,/타지역상속인경상도부동산,0.2745,0.3137,GOOD
/업무사례/경남공장공동근저당권,/업무사례/진주상속포기한정승인,0.2744,0.0709,GOOD
/업무사례/경북상속등기필요서류,/업무사례/대구달서구상속등기법무사,0.2744,0.0398,GOOD
/업무사례/경북오래된상속등기,/업무사례/부산에서창원법인본점이전,0.2744,0.2836,GOOD
/업무사례/부산에서창원법인본점이전,/업무사례/울주언양상속등기,0.2744,0.2886,GOOD
/업무사례/경기광주상속등기법무사,/업무사례/경남오래된상속등기,0.2743,0.062,GOOD
/업무사례/경남비대면상속안내,/업무사례/진주상속포기한정승인,0.2743,0.065,GOOD
/업무사례/김해상속등기비용,/업무사례/전국상속등기법무사,0.2743,0.0563,GOOD
/업무사례/대구달서구상속등기법무사,/업무사례/창원상속등기필요서류,0.2743,0.0404,GOOD
/업무사례/대구상인동상속등기,/업무사례/울산남구상속등기법무사,0.2743,0.034,GOOD
/업무사례/부산에서양산법인본점이전,/업무사례/울주삼남상속등기,0.2743,0.2995,GOOD
/업무사례/경남상속등기법무사,/업무사례/대구토지상속등기,0.2742,0.042,GOOD
/업무사례/경남상속등기법무사,/업무사례/울산상속등기필요서류,0.2742,0.0407,GOOD
/업무사례/경북농지상속등기,/업무사례/전국상속등기법무사,0.2742,0.0463,GOOD
/업무사례/경북상속등기비용,/업무사례/대구달서구상속등기법무사,0.2742,0.0395,GOOD
/업무사례/대구달서구상속등기법무사,/업무사례/울주범서상속등기,0.2742,0.0531,GOOD
/업무사례/대구성서상속등기,/업무사례/양산부동산등기법무사,0.2742,0.245,GOOD
/업무사례/대구토지상속등기,/업무사례/서울상속등기법무사,0.2742,0.0549,GOOD
/업무사례/세종상속등기법무사,/업무사례/안동오래된토지상속등기,0.2742,0.0421,GOOD
/업무사례/양산에서부산법인본점이전,/업무사례/울산공장상속등기,0.2742,0.2663,GOOD
/업무사례/경기상속등기법무사,/업무사례/경남유증등기법무사,0.2741,0.0565,GOOD
/업무사례/경남상속등기법무사,/업무사례/부산거주양산부동산상속,0.2741,0.0498,GOOD
/업무사례/대구군위군상속등기법무사,/업무사례/서울상속등기법무사,0.2741,0.0766,GOOD
/업무사례/대구범어동상속등기,/업무사례/울산상속등기법무사,0.2741,0.0328,GOOD
/업무사례/경남상속등기법무사,/업무사례/울산달동상속등기,0.274,0.0494,GOOD
/업무사례/경남상속등기법무사,/업무사례/울산동구상속등기법무사,0.274,0.0502,GOOD
/업무사례/김해에서부산법인본점이전,/업무사례/양산상속포기한정승인,0.274,0.0356,GOOD
/업무사례/대구달성군상속등기법무사,/업무사례/전국상속등기법무사,0.274,0.0549,GOOD
/업무사례/서울상속등기법무사,/업무사례/울산토지상속등기,0.274,0.0565,GOOD
/업무사례/경북조부모명의토지상속,/업무사례/대구수성구상속등기법무사,0.2739,0.0386,GOOD
/업무사례/대구만촌동상속등기,/업무사례/부산에서양산법인본점이전,0.2739,0.2193,GOOD
/업무사례/대구수성구상속등기법무사,/업무사례/대구유증등기법무사,0.2739,0.0332,GOOD
/업무사례/대구유증등기법무사,/업무사례/울산남구상속등기법무사,0.2739,0.0338,GOOD
/업무사례/서울상속등기법무사,/업무사례/울주언양상속등기,0.2739,0.0569,GOOD
/업무사례/경남여러필지토지상속,/업무사례/양산증여등기법무사,0.2738,0.2423,GOOD
/업무사례/대구달서구상속등기법무사,/업무사례/안동상속등기법무사,0.2738,0.04,GOOD
/업무사례/대구수성구상속등기법무사,/업무사례/울산토지상속등기,0.2738,0.0378,GOOD
/업무사례/울주군상속등기법무사,/업무사례/울주범서상속등기,0.2738,0.0474,GOOD
/업무사례/경남상속등기법무사,/업무사례/경북임야상속등기,0.2737,0.05,GOOD
/업무사례/경남상속등기법무사,/업무사례/울산삼산동상속등기,0.2737,0.0498,GOOD
/업무사례/대구성서상속등기,/업무사례/전국상속부동산일괄등기,0.2737,0.056,GOOD
/업무사례/대구유증등기법무사,/업무사례/부산에서창원법인본점이전,0.2737,0.2829,GOOD
/업무사례/부산에서창원법인본점이전,/업무사례/안동상속등기법무사,0.2737,0.2459,GOOD
/업무사례/부산에서창원법인본점이전,/업무사례/울산매곡동상속등기,0.2737,0.29,GOOD
/업무사례/양산상속포기한정승인,/업무사례/영천상속등기법무사,0.2737,0.027,GOOD
/업무사례/경북오래된상속등기,/업무사례/울산남구상속등기법무사,0.2736,0.039,GOOD
/업무사례/경북토지상속등기,/업무사례/부산에서양산법인본점이전,0.2736,0.2767,GOOD
/업무사례/남해상속등기법무사,/업무사례/창원법인등기법무사,0.2736,0.1747,GOOD
/업무사례/대구수성구상속등기법무사,/업무사례/울산중구상속등기법무사,0.2736,0.0383,GOOD
/업무사례/대구중구상속등기법무사,/업무사례/울주군상속등기법무사,0.2736,0.0588,GOOD
/업무사례/대전상속등기법무사,/업무사례/안동오래된토지상속등기,0.2736,0.0423,GOOD
/업무사례/대전유성구상속등기법무사,/업무사례/울산토지상속등기,0.2736,0.0378,GOOD
/업무사례/부산에서창원법인본점이전,/업무사례/울산북구상속등기법무사,0.2736,0.2788,GOOD
/업무사례/사천상속등기법무사,/업무사례/전남상속등기법무사,0.2736,0.0474,GOOD
/업무사례/울주군상속포기한정승인,/업무사례/인천상속등기법무사,0.2736,0.0468,GOOD
/업무사례/거제상속포기법무사,/업무사례/양산건물멸실등기,0.2735,0.1386,GOOD
/업무사례/광주상속등기법무사,/업무사례/포항상속포기한정승인,0.2735,0.0325,GOOD
/업무사례/대구토지상속등기,/업무사례/부산에서양산법인본점이전,0.2735,0.2953,GOOD
/업무사례/울산법무사업무,/업무사례/창원법인등기법무사,0.2735,0.2959,GOOD
/업무사례/경기상속등기법무사,/업무사례/대구월성동상속등기,0.2734,0.0428,GOOD
/업무사례/경남상속등기법무사,/업무사례/울산매곡동상속등기,0.2734,0.049,GOOD
/업무사례/경북오래된상속등기,/업무사례/양산에서부산법인본점이전,0.2734,0.2562,GOOD
/업무사례/대구달서구상속등기법무사,/업무사례/양산상속등기필요서류,0.2734,0.0515,GOOD
/업무사례/대구상인동상속등기,/업무사례/제주상속등기법무사,0.2734,0.0448,GOOD
/업무사례/대구수성구상속등기법무사,/업무사례/울산삼산동상속등기,0.2734,0.039,GOOD
/업무사례/대전유성구상속등기법무사,/업무사례/울산중구상속등기법무사,0.2734,0.0383,GOOD
/업무사례/부산에서양산법인본점이전,/업무사례/울산상속등기필요서류,0.2734,0.303,GOOD
/업무사례/경남상속등기비용,/업무사례/양산건물멸실등기,0.2733,0.2599,GOOD
/업무사례/경북조부모명의토지상속,/업무사례/서울상속등기법무사,0.2733,0.0576,GOOD
/업무사례/경북조부모명의토지상속,/업무사례/울주군상속등기법무사,0.2733,0.0478,GOOD
/업무사례/대구다사상속등기,/업무사례/양산근저당말소,0.2733,0.2627,GOOD
/업무사례/양산에서부산법인본점이전,/업무사례/울산중구상속등기법무사,0.2733,0.275,GOOD
/업무사례/경기상속등기법무사,/업무사례/경북조부모명의토지상속,0.2732,0.0514,GOOD
/업무사례/경기상속등기법무사,/업무사례/대구유증등기법무사,0.2732,0.046,GOOD
/업무사례/대구달서구상속등기법무사,/업무사례/대구만촌동상속등기,0.2732,0.0455,GOOD
/업무사례/대구성서상속등기,/업무사례/양산신축건물보존등기,0.2732,0.2426,GOOD
/업무사례/부산에서양산법인본점이전,/업무사례/울산동구상속등기법무사,0.2732,0.3041,GOOD
/업무사례/울산남구상속등기법무사,/업무사례/울산아파트상속등기,0.2732,0.0448,GOOD
/업무사례/울산남구상속등기법무사,/업무사례/울산유증등기법무사,0.2732,0.0348,GOOD
/업무사례/부산에서창원법인본점이전,/업무사례/울산공장상속등기,0.2731,0.2814,GOOD
/업무사례/세종상속등기법무사,/업무사례/포항상속포기한정승인,0.2731,0.0318,GOOD
/업무사례/양산건물멸실등기,/업무사례/통영상속포기한정승인,0.2731,0.1538,GOOD
/업무사례/경북농지상속등기,/업무사례/대구달서구상속등기법무사,0.273,0.0393,GOOD
/업무사례/대구상인동상속등기,/업무사례/포항상속등기법무사,0.273,0.0427,GOOD
/업무사례/대구현풍상속등기,/업무사례/양산근저당말소,0.273,0.2624,GOOD
/업무사례/부산에서양산법인본점이전,/업무사례/울주범서상속등기,0.273,0.295,GOOD
/업무사례/안동오래된토지상속등기,/업무사례/인천상속등기법무사,0.273,0.0435,GOOD
/업무사례/울산중구상속등기법무사,/업무사례/울주군상속등기법무사,0.273,0.0513,GOOD
/업무사례/울주군상속포기한정승인,/업무사례/창원에서부산법인본점이전,0.273,0.208,GOOD
/업무사례/고성군상속등기법무사,/업무사례/창원법인등기법무사,0.2729,0.1198,GOOD
/업무사례/대구달서구상속등기법무사,/업무사례/대구달성군상속등기법무사,0.2729,0.0442,GOOD
/업무사례/대구아파트상속등기,/업무사례/양산에서부산법인본점이전,0.2729,0.2576,GOOD
/업무사례/안동오래된토지상속등기,/업무사례/전남상속등기법무사,0.2729,0.043,GOOD
/업무사례/경북법무사업무,/업무사례/전남상속등기법무사,0.2728,0.0549,GOOD
/업무사례/경산상속등기법무사,/업무사례/울산법무사업무,0.2728,0.059,GOOD
/업무사례/김해법인등기법무사,/업무사례/영천상속등기법무사,0.2728,0.1356,GOOD
/업무사례/대구수성구상속등기법무사,/업무사례/울주삼남상속등기,0.2728,0.0388,GOOD
/업무사례/대구월성동상속등기,/업무사례/부산에서창원법인본점이전,0.2728,0.2524,GOOD
/업무사례/대구월성동상속등기,/업무사례/양산에서부산법인본점이전,0.2728,0.2319,GOOD
/업무사례/울산남구상속등기법무사,/업무사례/울산달동상속등기,0.2728,0.0439,GOOD
/업무사례/울산남구상속등기법무사,/업무사례/울산동구상속등기법무사,0.2728,0.04,GOOD
/업무사례/경남유증등기법무사,/업무사례/대구달서구상속등기법무사,0.2727,0.0441,GOOD
/업무사례/남해상속등기법무사,/업무사례/인천상속등기법무사,0.2727,0.0595,GOOD
/업무사례/대구달서구상속등기법무사,/업무사례/부산거주양산부동산상속,0.2727,0.0441,GOOD
/업무사례/대구아파트상속등기,/업무사례/서울상속등기법무사,0.2727,0.063,GOOD
/업무사례/부산에서김해법인본점이전,/업무사례/양산상속포기한정승인,0.2727,0.0353,GOOD
/업무사례/안동오래된토지상속등기,/업무사례/양산상속포기한정승인,0.2727,0.0238,GOOD
/업무사례/양산근저당말소,/업무사례/통영상속포기한정승인,0.2727,0.1667,GOOD
/업무사례/경남공장공동근저당권,/업무사례/양산상속포기한정승인,0.2726,0.033,GOOD
/업무사례/경남법무사업무,/업무사례/부산에서울산법인본점이전,0.2726,0.2884,GOOD
/업무사례/대구수성구상속등기법무사,/업무사례/울주범서상속등기,0.2726,0.0383,GOOD
/업무사례/부산에서양산법인본점이전,/업무사례/울산유증등기법무사,0.2726,0.298,GOOD
/업무사례/서울상속등기법무사,/업무사례/울산아파트상속등기,0.2726,0.0678,GOOD
/업무사례/양산개인회생법무사,/업무사례/양산상속포기한정승인,0.2726,0.0331,GOOD
/업무사례/대구달서구상속등기법무사,/업무사례/대구시지상속등기,0.2725,0.0457,GOOD
/업무사례/대구상인동상속등기,/업무사례/대구수성구상속등기법무사,0.2725,0.0335,GOOD
/업무사례/대구상인동상속등기,/업무사례/창원에서부산법인본점이전,0.2725,0.2227,GOOD
/업무사례/대구수성구상속등기법무사,/업무사례/울산공장상속등기,0.2725,0.0343,GOOD
/업무사례/영천상속등기법무사,/업무사례/제주상속등기법무사,0.2725,0.0461,GOOD
/업무사례/울산공장상속등기,/업무사례/울산남구상속등기법무사,0.2725,0.0349,GOOD
/업무사례/고성군상속등기법무사,/업무사례/창원에서부산법인본점이전,0.2724,0.1116,GOOD
/업무사례/남해상속등기법무사,/업무사례/대전상속등기법무사,0.2724,0.0502,GOOD
/업무사례/대구범어동상속등기,/업무사례/양산상속포기한정승인,0.2724,0.0289,GOOD
/업무사례/대구현풍상속등기,/업무사례/전국상속등기법무사,0.2724,0.0496,GOOD
/경상도비대면상속등기,/제주타지역상속인부동산,0.2723,0.3101,GOOD
/업무사례/강원상속등기법무사,/업무사례/대구범어동상속등기,0.2723,0.0415,GOOD
/업무사례/경기상속등기법무사,/업무사례/대구범어동상속등기,0.2723,0.043,GOOD
/업무사례/대구수성구상속등기법무사,/업무사례/울산유증등기법무사,0.2723,0.0342,GOOD
/업무사례/영천상속등기법무사,/업무사례/충북상속등기법무사,0.2723,0.0385,GOOD
/업무사례/김해상속등기비용,/업무사례/대구달서구상속등기법무사,0.2722,0.0446,GOOD
/업무사례/대구다사상속등기,/업무사례/전국상속부동산일괄등기,0.2722,0.046,GOOD
/업무사례/대구달서구상속등기법무사,/업무사례/대구북구상속등기법무사,0.2722,0.0462,GOOD
/업무사례/대구상속등기필요서류,/업무사례/부산에서양산법인본점이전,0.2722,0.2886,GOOD
/업무사례/부산에서양산법인본점이전,/업무사례/울산토지상속등기,0.2722,0.2906,GOOD
/업무사례/서울상속등기법무사,/업무사례/울산동구상속등기법무사,0.2722,0.063,GOOD
/업무사례/안동오래된토지상속등기,/업무사례/충남상속등기법무사,0.2722,0.0429,GOOD
/업무사례/양산법인등기법무사,/업무사례/양산상속포기한정승인,0.2722,0.0344,GOOD
/업무사례/거제상속포기법무사,/업무사례/양산근저당말소,0.2721,0.1457,GOOD
/업무사례/경남상속등기법무사,/업무사례/울산중구상속등기법무사,0.2721,0.049,GOOD
/업무사례/경남오래된상속등기,/업무사례/울산남구상속등기법무사,0.2721,0.0443,GOOD
/업무사례/경북상속등기비용,/업무사례/부산에서창원법인본점이전,0.2721,0.2915,GOOD
/업무사례/경북상속등기필요서류,/업무사례/부산에서양산법인본점이전,0.2721,0.2929,GOOD
/업무사례/대구상속등기비용,/업무사례/부산에서창원법인본점이전,0.2721,0.2822,GOOD
/업무사례/부산김해양산공동근저당권,/업무사례/진주상속포기한정승인,0.2721,0.072,GOOD
/업무사례/경남법무사업무,/업무사례/양산에서부산법인본점이전,0.272,0.2525,GOOD
/업무사례/경남비대면상속안내,/업무사례/양산에서부산법인본점이전,0.272,0.0975,GOOD
/업무사례/경남상속등기비용,/업무사례/양산증여등기법무사,0.272,0.2227,GOOD
/업무사례/경북오래된상속등기,/업무사례/부산에서양산법인본점이전,0.272,0.2886,GOOD
/업무사례/경북토지상속등기,/업무사례/대구달서구상속등기법무사,0.272,0.0386,GOOD
/업무사례/남해상속등기법무사,/업무사례/창원에서부산법인본점이전,0.272,0.1659,GOOD
/업무사례/대구현풍상속등기,/업무사례/양산개인회생법무사,0.272,0.2591,GOOD
/업무사례/부산에서창원법인본점이전,/업무사례/울산삼산동상속등기,0.272,0.2959,GOOD
/업무사례/양산거주부산부동산상속,/업무사례/전국상속등기법무사,0.272,0.0468,GOOD
/업무사례/울산남구상속등기법무사,/업무사례/울산토지상속등기,0.272,0.0385,GOOD
/업무사례/울산법무사업무,/업무사례/진주상속포기한정승인,0.272,0.0667,GOOD
/업무사례/대구달서구상속등기법무사,/업무사례/울산상속등기필요서류,0.2719,0.0349,GOOD
/업무사례/대구상인동상속등기,/업무사례/울주군상속등기법무사,0.2719,0.0432,GOOD
/업무사례/부산에서창원법인본점이전,/업무사례/진주상속포기한정승인,0.2719,0.0797,GOOD
/업무사례/울주군상속포기한정승인,/업무사례/충남상속등기법무사,0.2719,0.0461,GOOD
/업무사례/대구상인동상속등기,/업무사례/울산상속등기법무사,0.2718,0.0323,GOOD
/업무사례/부산에서양산법인본점이전,/업무사례/울산공장상속등기,0.2718,0.2929,GOOD
/업무사례/경남상속등기법무사,/업무사례/경북토지상속등기,0.2717,0.044,GOOD
/업무사례/경남상속등기법무사,/업무사례/부산거주김해부동산상속,0.2717,0.0505,GOOD
/업무사례/대구다사상속등기,/업무사례/전국상속등기법무사,0.2717,0.0465,GOOD
/업무사례/부산에서양산법인본점이전,/업무사례/진주상속포기한정승인,0.2717,0.0794,GOOD
/업무사례/경남법무사업무,/업무사례/울산에서부산법인본점이전,0.2716,0.1866,GOOD
/업무사례/경남조부모명의토지상속,/업무사례/양산증여등기법무사,0.2716,0.1948,GOOD
/업무사례/대구서구상속등기법무사,/업무사례/부산에서창원법인본점이전,0.2716,0.2376,GOOD
/업무사례/울산법무사업무,/업무사례/전남상속등기법무사,0.2716,0.0541,GOOD
/업무사례/경남상속등기법무사,/업무사례/경남유증등기법무사,0.2715,0.0498,GOOD
/업무사례/경남오래된상속등기,/업무사례/울주군상속등기법무사,0.2715,0.0528,GOOD
/업무사례/대구유증등기법무사,/업무사례/양산에서부산법인본점이전,0.2715,0.2621,GOOD
/업무사례/경북법무사업무,/업무사례/경산상속등기법무사,0.2714,0.0599,GOOD
/업무사례/대전상속등기법무사,/업무사례/울산법무사업무,0.2714,0.0491,GOOD
/업무사례/양산부동산등기법무사,/업무사례/울산옥동상속등기,0.2714,0.2673,GOOD
/업무사례/거제상속포기법무사,/업무사례/대구법무사업무,0.2713,0.1339,GOOD
/업무사례/경남상속등기법무사,/업무사례/울주삼남상속등기,0.2713,0.0496,GOOD
/업무사례/대구범어동상속등기,/업무사례/제주상속등기법무사,0.2713,0.0455,GOOD
/업무사례/대전서구상속등기법무사,/업무사례/영천상속등기법무사,0.2713,0.0554,GOOD
/업무사례/부산에서양산법인본점이전,/업무사례/안동상속등기법무사,0.2713,0.2446,GOOD
/업무사례/부산에서양산법인본점이전,/업무사례/울산매곡동상속등기,0.2713,0.295,GOOD
/업무사례/세종상속등기법무사,/업무사례/울주군상속포기한정승인,0.2713,0.0453,GOOD
/업무사례/양산신축건물보존등기,/업무사례/진주상속포기한정승인,0.2713,0.0655,GOOD
/업무사례/거제상속포기법무사,/업무사례/경북법무사업무,0.2712,0.1344,GOOD
/업무사례/경남상속등기법무사,/업무사례/울주범서상속등기,0.2712,0.049,GOOD
/업무사례/대구범어동상속등기,/업무사례/울산남구상속등기법무사,0.2712,0.0346,GOOD
/업무사례/대구유증등기법무사,/업무사례/부산에서양산법인본점이전,0.2712,0.2941,GOOD
/업무사례/부산에서양산법인본점이전,/업무사례/울산북구상속등기법무사,0.2712,0.2837,GOOD
/업무사례/대구달서구상속등기법무사,/업무사례/대구서구상속등기법무사,0.2711,0.0462,GOOD
/업무사례/대구달서구상속등기법무사,/업무사례/울산매곡동상속등기,0.2711,0.0393,GOOD
/업무사례/경남법인등기법무사,/업무사례/대구상인동상속등기,0.271,0.318,GOOD
/업무사례/고성군상속등기법무사,/업무사례/대전상속등기법무사,0.271,0.0461,GOOD
/업무사례/대구현풍상속등기,/업무사례/양산부동산등기법무사,0.271,0.2589,GOOD
/업무사례/대구군위군상속등기법무사,/업무사례/대구달서구상속등기법무사,0.2709,0.0462,GOOD
/업무사례/대구달서구상속등기법무사,/업무사례/대구상속등기필요서류,0.2709,0.0348,GOOD
/업무사례/대구달서구상속등기법무사,/업무사례/창원상속등기비용,0.2709,0.0404,GOOD
/업무사례/대구서구상속등기법무사,/업무사례/양산개인회생법무사,0.2709,0.2194,GOOD
/업무사례/대구중구상속등기법무사,/업무사례/서울상속등기법무사,0.2709,0.07,GOOD
/업무사례/대전상속등기법무사,/업무사례/사천상속등기법무사,0.2709,0.0355,GOOD
/업무사례/양산에서부산법인본점이전,/업무사례/진주상속포기한정승인,0.2709,0.0806,GOOD
/업무사례/울산남구상속등기법무사,/업무사례/울주언양상속등기,0.2709,0.0388,GOOD
/업무사례/울주군상속포기한정승인,/업무사례/전남상속등기법무사,0.2709,0.0463,GOOD
/업무사례/경남상속등기법무사,/업무사례/대구월성동상속등기,0.2708,0.0363,GOOD
/업무사례/대구달성군상속등기법무사,/업무사례/양산근저당말소,0.2708,0.2698,GOOD
/업무사례/대구범어동상속등기,/업무사례/부산에서김해법인본점이전,0.2708,0.2143,GOOD
/업무사례/대구달서구상속등기법무사,/업무사례/양산거주부산부동산상속,0.2707,0.039,GOOD
/업무사례/대전상속등기법무사,/업무사례/울주군상속포기한정승인,0.2707,0.0455,GOOD
/업무사례/사천상속등기법무사,/업무사례/전북상속등기법무사,0.2707,0.0432,GOOD
/업무사례/경남조부모명의토지상속,/업무사례/대구달서구상속등기법무사,0.2706,0.0448,GOOD
/업무사례/경산상속등기법무사,/업무사례/대구법무사업무,0.2706,0.0558,GOOD
/업무사례/경주오래된토지상속등기,/업무사례/양산상속포기한정승인,0.2706,0.0236,GOOD
/업무사례/대구서구상속등기법무사,/업무사례/전국상속등기법무사,0.2706,0.058,GOOD
/업무사례/경남비대면상속안내,/업무사례/전남상속등기법무사,0.2705,0.0487,GOOD
/업무사례/김해에서부산법인본점이전,/업무사례/대구상인동상속등기,0.2705,0.1843,GOOD
/업무사례/대구남구상속등기법무사,/업무사례/양산근저당말소,0.2705,0.2627,GOOD
/업무사례/양산근저당말소,/업무사례/칠곡상속등기법무사,0.2705,0.2139,GOOD
/업무사례/영천상속등기법무사,/업무사례/제주시상속등기법무사,0.2705,0.0522,GOOD
/업무사례/영천상속등기법무사,/업무사례/포항상속등기법무사,0.2705,0.0441,GOOD
/업무사례/경남법무사업무,/업무사례/대구부산공동근저당권,0.2704,0.2651,GOOD
/업무사례/경북조부모명의토지상속,/업무사례/부산에서창원법인본점이전,0.2704,0.2864,GOOD
/업무사례/대구상속등기필요서류,/업무사례/전국상속등기법무사,0.2704,0.0423,GOOD
/업무사례/대구상인동상속등기,/업무사례/제주시상속등기법무사,0.2704,0.0335,GOOD
/업무사례/대구월성동상속등기,/업무사례/부산에서양산법인본점이전,0.2704,0.2634,GOOD
/업무사례/사천상속등기법무사,/업무사례/인천상속등기법무사,0.2704,0.0441,GOOD
/업무사례/양산상속등기비용,/업무사례/전국상속등기법무사,0.2704,0.0526,GOOD
/업무사례/경남법인등기법무사,/업무사례/양산상속포기한정승인,0.2703,0.0319,GOOD
/업무사례/경남비대면상속안내,/업무사례/대전상속등기법무사,0.2703,0.044,GOOD
/업무사례/경남상속등기법무사,/업무사례/대구시지상속등기,0.2703,0.0563,GOOD
/업무사례/경북상속등기법무사,/업무사례/영천상속등기법무사,0.2703,0.0383,GOOD
/업무사례/경남상속등기법무사,/업무사례/울산공장상속등기,0.2702,0.041,GOOD
/업무사례/경북조부모명의토지상속,/업무사례/부산에서양산법인본점이전,0.2702,0.298,GOOD
/업무사례/경주오래된토지상속등기,/업무사례/김해법인등기법무사,0.2702,0.1602,GOOD
/업무사례/김해법인등기법무사,/업무사례/남해상속등기법무사,0.2702,0.1802,GOOD
/업무사례/대구달서구상속등기법무사,/업무사례/대구토지상속등기,0.2702,0.0362,GOOD
/업무사례/대구범어동상속등기,/업무사례/부산에서양산법인본점이전,0.2702,0.2647,GOOD
/업무사례/대구성서상속등기,/업무사례/양산건물멸실등기,0.2702,0.2333,GOOD
/업무사례/양산거주부산부동산상속,/업무사례/양산법인등기법무사,0.2702,0.2127,GOOD
/업무사례/경북조부모명의토지상속,/업무사례/대구달서구상속등기법무사,0.2701,0.0396,GOOD
/업무사례/남해상속등기법무사,/업무사례/전남상속등기법무사,0.2701,0.0588,GOOD
/업무사례/대구달서구상속등기법무사,/업무사례/울산북구상속등기법무사,0.2701,0.038,GOOD
/업무사례/경남상속등기법무사,/업무사례/울산유증등기법무사,0.27,0.0408,GOOD
/업무사례/경북농지상속등기,/업무사례/양산개인회생법무사,0.27,0.2639,GOOD
/업무사례/경북법무사업무,/업무사례/대전상속등기법무사,0.27,0.0498,GOOD
/업무사례/대구범어동상속등기,/업무사례/포항상속등기법무사,0.27,0.0433,GOOD
/업무사례/부산에서창원법인본점이전,/업무사례/울산중구상속등기법무사,0.27,0.29,GOOD
/업무사례/울산남구상속등기법무사,/업무사례/울산중구상속등기법무사,0.27,0.039,GOOD
/업무사례/경기광주상속등기법무사,/업무사례/대구범어동상속등기,0.2699,0.048,GOOD
/업무사례/경남법무사업무,/업무사례/경북법인등기법무사,0.2699,0.319,GOOD
/업무사례/경남여러필지토지상속,/업무사례/대구달서구상속등기법무사,0.2699,0.0435,GOOD
/업무사례/대구달서구상속등기법무사,/업무사례/울주삼남상속등기,0.2699,0.0398,GOOD
/업무사례/영천상속등기법무사,/업무사례/창원법인등기법무사,0.2699,0.1317,GOOD
/업무사례/전국상속등기법무사,/업무사례/창원성산구상속등기법무사,0.2699,0.0583,GOOD
/업무사례/경남비대면상속안내,/업무사례/충남상속등기법무사,0.2698,0.0485,GOOD
/업무사례/경남상속등기법무사,/업무사례/경북조부모명의토지상속,0.2698,0.0451,GOOD
/업무사례/대구달성군상속등기법무사,/업무사례/양산부동산등기법무사,0.2698,0.2719,GOOD
/업무사례/대구유증등기법무사,/업무사례/서울상속등기법무사,0.2698,0.0518,GOOD
/업무사례/양산법인등기법무사,/업무사례/창원성산구상속등기법무사,0.2698,0.2,GOOD
/업무사례/대구군위군상속등기법무사,/업무사례/양산개인회생법무사,0.2697,0.2071,GOOD
/업무사례/대구달서구상속등기법무사,/업무사례/대구상속등기비용,0.2697,0.0346,GOOD
/업무사례/대구달서구상속등기법무사,/업무사례/울산옥동상속등기,0.2697,0.0491,GOOD
/업무사례/대구유증등기법무사,/업무사례/양산개인회생법무사,0.2697,0.2752,GOOD
/업무사례/대구북구상속등기법무사,/업무사례/전국상속부동산일괄등기,0.2696,0.0526,GOOD
/업무사례/양산부동산등기법무사,/업무사례/울산달동상속등기,0.2696,0.2661,GOOD
/업무사례/양산에서부산법인본점이전,/업무사례/울산유증등기법무사,0.2696,0.2587,GOOD
/업무사례/경산상속등기법무사,/업무사례/남해상속등기법무사,0.2695,0.0486,GOOD
/업무사례/고성군상속등기법무사,/업무사례/전남상속등기법무사,0.2695,0.0545,GOOD
/업무사례/대구남구상속등기법무사,/업무사례/양산개인회생법무사,0.2695,0.271,GOOD
/업무사례/대구남구상속등기법무사,/업무사례/양산부동산등기법무사,0.2695,0.2706,GOOD
/업무사례/사천상속등기법무사,/업무사례/충남상속등기법무사,0.2695,0.0435,GOOD
/업무사례/대구달서구상속등기법무사,/업무사례/부산거주김해부동산상속,0.2694,0.0448,GOOD
/업무사례/대구달서구상속등기법무사,/업무사례/울산유증등기법무사,0.2694,0.0351,GOOD
/업무사례/울산법무사업무,/업무사례/제주상속등기법무사,0.2694,0.0498,GOOD
/업무사례/경북조부모명의토지상속,/업무사례/양산에서부산법인본점이전,0.2693,0.2587,GOOD
/업무사례/경주오래된토지상속등기,/업무사례/충북상속등기법무사,0.2693,0.0421,GOOD
/업무사례/남해상속등기법무사,/업무사례/충남상속등기법무사,0.2693,0.0586,GOOD
/업무사례/대구범어동상속등기,/업무사례/양산에서부산법인본점이전,0.2693,0.233,GOOD
/업무사례/대구시지상속등기,/업무사례/양산개인회생법무사,0.2693,0.2296,GOOD
/업무사례/강원상속등기법무사,/업무사례/영천상속등기법무사,0.2692,0.0387,GOOD
/업무사례/경기상속등기법무사,/업무사례/대구상인동상속등기,0.2692,0.0423,GOOD
/업무사례/대구법무사업무,/업무사례/대전상속등기법무사,0.2692,0.0456,GOOD
/업무사례/대구현풍상속등기,/업무사례/양산건물멸실등기,0.2692,0.2426,GOOD
/업무사례/전국상속부동산일괄등기,/업무사례/창원상속등기비용,0.2692,0.0476,GOOD
/업무사례/거제상속포기법무사,/업무사례/부산에서울산법인본점이전,0.2691,0.1434,GOOD
/업무사례/대구다사상속등기,/업무사례/양산부동산등기법무사,0.2691,0.2648,GOOD
/업무사례/대구범어동상속등기,/업무사례/제주시상속등기법무사,0.2691,0.034,GOOD
/업무사례/전국상속등기법무사,/업무사례/창원의창구상속등기법무사,0.2691,0.0522,GOOD
/업무사례/전국상속부동산일괄등기,/업무사례/칠곡상속등기법무사,0.2691,0.0474,GOOD
/업무사례/강원상속등기법무사,/업무사례/경북법무사업무,0.269,0.0547,GOOD
/업무사례/남해상속등기법무사,/업무사례/부산에서울산법인본점이전,0.269,0.1412,GOOD
/업무사례/대구북구상속등기법무사,/업무사례/양산개인회생법무사,0.269,0.2194,GOOD
/업무사례/안동오래된토지상속등기,/업무사례/제주상속등기법무사,0.269,0.0466,GOOD
/업무사례/강원상속등기법무사,/업무사례/남해상속등기법무사,0.2689,0.0586,GOOD
/업무사례/경남법무사업무,/업무사례/부산울산공동근저당권,0.2689,0.2744,GOOD
/업무사례/경남상속등기법무사,/업무사례/대구범어동상속등기,0.2689,0.0364,GOOD
/업무사례/경남오래된상속등기,/업무사례/서울상속등기법무사,0.2689,0.0645,GOOD
/업무사례/경남상속등기비용,/업무사례/전국상속등기법무사,0.2688,0.0467,GOOD
/업무사례/고성군상속등기법무사,/업무사례/대전서구상속등기법무사,0.2688,0.0636,GOOD
/업무사례/고성군상속등기법무사,/업무사례/충남상속등기법무사,0.2688,0.0543,GOOD
/업무사례/대구달서구상속등기법무사,/업무사례/울산공장상속등기,0.2688,0.0352,GOOD
/업무사례/대구동구상속등기법무사,/업무사례/양산근저당말소,0.2688,0.2664,GOOD
/업무사례/대구현풍상속등기,/업무사례/양산신축건물보존등기,0.2688,0.2511,GOOD
/업무사례/사천상속등기법무사,/업무사례/창원법인등기법무사,0.2688,0.0806,GOOD
/업무사례/전북상속등기법무사,/업무사례/포항상속포기한정승인,0.2688,0.0321,GOOD
/업무사례/강원상속등기법무사,/업무사례/울산법무사업무,0.2687,0.0538,GOOD
/업무사례/경남법무사업무,/업무사례/포항상속포기한정승인,0.2687,0.0515,GOOD
/업무사례/경북오래된상속등기,/업무사례/서울상속등기법무사,0.2687,0.0571,GOOD
/업무사례/대구달서구상속등기법무사,/업무사례/울산삼산동상속등기,0.2687,0.04,GOOD
/업무사례/대구서구상속등기법무사,/업무사례/양산근저당말소,0.2687,0.2172,GOOD
/업무사례/서울상속등기법무사,/업무사례/울산중구상속등기법무사,0.2687,0.0615,GOOD
/업무사례/경남법무사업무,/업무사례/부산에서양산법인본점이전,0.2686,0.2786,GOOD
/업무사례/경북법무사업무,/업무사례/창원법인등기법무사,0.2686,0.2821,GOOD
/업무사례/김해상속등기필요서류,/업무사례/양산법인등기법무사,0.2686,0.1822,GOOD
/업무사례/대구유증등기법무사,/업무사례/양산근저당말소,0.2686,0.2785,GOOD
/업무사례/대구중구상속등기법무사,/업무사례/양산에서부산법인본점이전,0.2686,0.2611,GOOD
/업무사례/양산건물멸실등기,/업무사례/진주상속포기한정승인,0.2686,0.0636,GOOD
/업무사례/울산법무사업무,/업무사례/창원에서부산법인본점이전,0.2686,0.2537,GOOD
/업무사례/경기상속등기법무사,/업무사례/영천상속등기법무사,0.2685,0.0438,GOOD
/업무사례/남해상속등기법무사,/업무사례/충북상속등기법무사,0.2685,0.0582,GOOD
/업무사례/대구달서구상속등기법무사,/업무사례/울산상속등기비용,0.2685,0.0405,GOOD
/업무사례/대구법무사업무,/업무사례/전남상속등기법무사,0.2685,0.0506,GOOD
/업무사례/대구상속등기필요서류,/업무사례/양산근저당말소,0.2685,0.2615,GOOD
/업무사례/부산에서창원법인본점이전,/업무사례/울산상속등기비용,0.2685,0.3073,GOOD
/업무사례/전국공동근저당권등기,/전국공동담보등기,0.2685,0.2952,GOOD
/업무사례/강원상속등기법무사,/업무사례/고성군상속등기법무사,0.2684,0.0543,GOOD
/업무사례/경남비대면상속안내,/업무사례/전북상속등기법무사,0.2684,0.0443,GOOD
/업무사례/김해법인등기법무사,/업무사례/안동오래된토지상속등기,0.2684,0.1522,GOOD
/업무사례/대구군위군상속등기법무사,/업무사례/전국상속부동산일괄등기,0.2684,0.0526,GOOD
/업무사례/대전서구상속등기법무사,/업무사례/울주군상속포기한정승인,0.2684,0.0627,GOOD
/업무사례/경남비대면상속안내,/업무사례/경산상속등기법무사,0.2683,0.0463,GOOD
/업무사례/경남상속등기비용,/업무사례/대구달서구상속등기법무사,0.2683,0.0396,GOOD
/업무사례/경북임야상속등기,/업무사례/전국상속등기법무사,0.2683,0.0515,GOOD
/업무사례/대구달서구상속등기법무사,/업무사례/울산송정동상속등기,0.2683,0.0513,GOOD
/업무사례/대구시지상속등기,/업무사례/양산신축건물보존등기,0.2683,0.2217,GOOD
/업무사례/양산부동산등기법무사,/업무사례/울주언양상속등기,0.2683,0.2624,GOOD
/업무사례/양산상속등기비용,/업무사례/전국상속부동산일괄등기,0.2683,0.0519,GOOD
/업무사례/경북상속등기법무사,/업무사례/경주오래된토지상속등기,0.2682,0.042,GOOD
/업무사례/경산상속등기법무사,/업무사례/고성군상속등기법무사,0.2682,0.0447,GOOD
/업무사례/대구달서구상속등기법무사,/업무사례/울산달동상속등기,0.2682,0.0396,GOOD
/업무사례/대구시지상속등기,/업무사례/양산근저당말소,0.2682,0.2273,GOOD
/업무사례/양산근저당말소,/업무사례/진주상속포기한정승인,0.2682,0.0706,GOOD
/업무사례/경기상속등기법무사,/업무사례/경주오래된토지상속등기,0.2681,0.0438,GOOD
/업무사례/경남조부모명의토지상속,/업무사례/전국상속부동산일괄등기,0.2681,0.0513,GOOD
/업무사례/경주오래된토지상속등기,/업무사례/울산상속등기법무사,0.2681,0.0344,GOOD
/업무사례/고성군상속등기법무사,/업무사례/충북상속등기법무사,0.2681,0.054,GOOD
/업무사례/김해상속등기필요서류,/업무사례/전국상속등기법무사,0.2681,0.0506,GOOD
/업무사례/대구아파트상속등기,/업무사례/전국상속등기법무사,0.2681,0.0433,GOOD
/업무사례/강원상속등기법무사,/업무사례/경주오래된토지상속등기,0.268,0.0424,GOOD
/업무사례/거제상속포기법무사,/업무사례/양산부동산등기법무사,0.268,0.1484,GOOD
/업무사례/경북법무사업무,/업무사례/제주상속등기법무사,0.268,0.0506,GOOD
/업무사례/경산상속등기법무사,/업무사례/안동오래된토지상속등기,0.268,0.041,GOOD
/업무사례/대구다사상속등기,/업무사례/양산신축건물보존등기,0.268,0.2568,GOOD
/업무사례/경주오래된토지상속등기,/업무사례/제주상속등기법무사,0.2679,0.0461,GOOD
/업무사례/남해상속등기법무사,/업무사례/부산에서김해법인본점이전,0.2679,0.1652,GOOD
/업무사례/대구군위군상속등기법무사,/업무사례/전국상속등기법무사,0.2679,0.058,GOOD
/업무사례/대구북구상속등기법무사,/업무사례/양산근저당말소,0.2679,0.2172,GOOD
/업무사례/울산법무사업무,/업무사례/울산상속등기법무사,0.2679,0.0417,GOOD
/업무사례/전국상속부동산일괄등기,/업무사례/창원의창구상속등기법무사,0.2679,0.0515,GOOD
/업무사례/경주오래된토지상속등기,/업무사례/대구수성구상속등기법무사,0.2678,0.0315,GOOD
/업무사례/김해상속등기비용,/업무사례/전국상속부동산일괄등기,0.2678,0.0511,GOOD
/업무사례/대전서구상속등기법무사,/업무사례/안동오래된토지상속등기,0.2678,0.0596,GOOD
/업무사례/경북오래된상속등기,/업무사례/전국상속등기법무사,0.2677,0.0463,GOOD
/업무사례/대구남구상속등기법무사,/업무사례/전국상속등기법무사,0.2677,0.0547,GOOD
/업무사례/대구달성군상속등기법무사,/업무사례/양산개인회생법무사,0.2677,0.2723,GOOD
/업무사례/대구현풍상속등기,/업무사례/전국상속부동산일괄등기,0.2677,0.0491,GOOD
/업무사례/부산에서양산법인본점이전,/업무사례/울산중구상속등기법무사,0.2677,0.295,GOOD
/업무사례/전국상속등기법무사,/업무사례/칠곡상속등기법무사,0.2677,0.0526,GOOD
/업무사례/대구달서구상속등기법무사,/업무사례/대구아파트상속등기,0.2676,0.0357,GOOD
/업무사례/대구법무사업무,/업무사례/창원법인등기법무사,0.2676,0.2806,GOOD
/업무사례/부산에서울산법인본점이전,/업무사례/통영상속포기한정승인,0.2676,0.1594,GOOD
/업무사례/양산개인회생법무사,/업무사례/울산송정동상속등기,0.2676,0.206,GOOD
/업무사례/양산근저당말소,/업무사례/울산송정동상속등기,0.2676,0.204,GOOD
/업무사례/경남비대면상속안내,/업무사례/세종상속등기법무사,0.2675,0.04,GOOD
/업무사례/경북상속등기법무사,/업무사례/남해상속등기법무사,0.2675,0.058,GOOD
/업무사례/대구군위군상속등기법무사,/업무사례/양산근저당말소,0.2675,0.199,GOOD
/업무사례/고성군상속등기법무사,/업무사례/대구경북공동담보등기,0.2674,0.0989,GOOD
/업무사례/대구달서구상속등기법무사,/업무사례/대구유증등기법무사,0.2674,0.034,GOOD
/업무사례/사천상속등기법무사,/업무사례/제주상속등기법무사,0.2674,0.0397,GOOD
/업무사례/강원상속등기법무사,/업무사례/대구법무사업무,0.2673,0.0504,GOOD
/업무사례/경북상속등기필요서류,/업무사례/양산근저당말소,0.2673,0.2651,GOOD
/업무사례/대구달서구상속등기법무사,/업무사례/울산동구상속등기법무사,0.2673,0.0404,GOOD
/업무사례/대구달서구상속등기법무사,/업무사례/울산토지상속등기,0.2673,0.0388,GOOD
/업무사례/대구동구상속등기법무사,/업무사례/전국상속등기법무사,0.2673,0.0553,GOOD
/업무사례/대구법무사업무,/업무사례/제주상속등기법무사,0.2673,0.0463,GOOD
/업무사례/대구북구상속등기법무사,/업무사례/전국상속등기법무사,0.2673,0.058,GOOD
/업무사례/대구수성구상속등기법무사,/업무사례/영천상속등기법무사,0.2673,0.0315,GOOD
/업무사례/양산개인회생법무사,/업무사례/칠곡상속등기법무사,0.2673,0.2222,GOOD
/업무사례/양산부동산등기법무사,/업무사례/칠곡상속등기법무사,0.2673,0.2167,GOOD
/업무사례/경북오래된상속등기,/업무사례/대구달서구상속등기법무사,0.2672,0.0393,GOOD
/업무사례/경주오래된토지상속등기,/업무사례/부산에서양산법인본점이전,0.2672,0.1542,GOOD
/업무사례/부산거주김해부동산상속,/업무사례/양산증여등기법무사,0.2672,0.1845,GOOD
/업무사례/양산근저당말소,/업무사례/울주언양상속등기,0.2672,0.2661,GOOD
/업무사례/영천상속등기법무사,/업무사례/창원에서부산법인본점이전,0.2672,0.1235,GOOD
/업무사례/경남상속등기법무사,/업무사례/대구유증등기법무사,0.2671,0.0397,GOOD
/업무사례/김해거주부산부동산상속,/업무사례/전국상속부동산일괄등기,0.2671,0.0453,GOOD
/업무사례/대구달서구상속등기법무사,/업무사례/울주언양상속등기,0.2671,0.0391,GOOD
/업무사례/대구상속등기비용,/업무사례/양산근저당말소,0.2671,0.2603,GOOD
/업무사례/사천상속등기법무사,/업무사례/포항상속등기법무사,0.2671,0.0415,GOOD
/업무사례/양산근저당말소,/업무사례/울산옥동상속등기,0.2671,0.271,GOOD
/업무사례/양산근저당말소,/업무사례/울주범서상속등기,0.2671,0.2673,GOOD
/업무사례/양산상속포기한정승인,/업무사례/양산에서부산법인본점이전,0.2671,0.0354,GOOD
/업무사례/대구범어동상속등기,/업무사례/울주군상속등기법무사,0.267,0.0438,GOOD
/업무사례/대구법무사업무,/업무사례/진주상속포기한정승인,0.267,0.0556,GOOD
/업무사례/안동오래된토지상속등기,/업무사례/충북상속등기법무사,0.267,0.0426,GOOD
/업무사례/전국상속부동산일괄등기,/업무사례/창원성산구상속등기법무사,0.267,0.0575,GOOD
/업무사례/경북법무사업무,/업무사례/진주상속포기한정승인,0.2669,0.0558,GOOD
/업무사례/대구다사상속등기,/업무사례/양산개인회생법무사,0.2669,0.2651,GOOD
/업무사례/대구만촌동상속등기,/업무사례/양산근저당말소,0.2669,0.2079,GOOD
/업무사례/부산에서양산법인본점이전,/업무사례/양산상속포기한정승인,0.2669,0.0349,GOOD
/업무사례/양산상속포기한정승인,/업무사례/울산법무사업무,0.2669,0.0291,GOOD
/업무사례/울산동구상속등기법무사,/업무사례/전국상속등기법무사,0.2669,0.0516,GOOD
/업무사례/경북농지상속등기,/업무사례/양산근저당말소,0.2668,0.2615,GOOD
/업무사례/경북농지상속등기,/업무사례/양산부동산등기법무사,0.2668,0.2636,GOOD
/업무사례/김해에서부산법인본점이전,/업무사례/대구범어동상속등기,0.2668,0.1878,GOOD
/업무사례/대구유증등기법무사,/업무사례/양산건물멸실등기,0.2668,0.2521,GOOD
/업무사례/대구토지상속등기,/업무사례/전국상속부동산일괄등기,0.2668,0.0433,GOOD
/업무사례/경북상속등기비용,/업무사례/전국상속등기법무사,0.2667,0.0465,GOOD
/업무사례/경주오래된토지상속등기,/업무사례/부산에서김해법인본점이전,0.2667,0.1561,GOOD
/업무사례/대구아파트상속등기,/업무사례/양산근저당말소,0.2667,0.2689,GOOD
/업무사례/경주오래된토지상속등기,/업무사례/대전서구상속등기법무사,0.2666,0.059,GOOD
/업무사례/김해거주부산부동산상속,/업무사례/전국상속등기법무사,0.2666,0.0458,GOOD
/업무사례/양산부동산등기법무사,/업무사례/통영상속포기한정승인,0.2666,0.1647,GOOD
/업무사례/경남여러필지토지상속,/업무사례/전국상속부동산일괄등기,0.2665,0.05,GOOD
/업무사례/경북법무사업무,/업무사례/울산상속등기법무사,0.2665,0.0424,GOOD
/업무사례/대구군위군상속등기법무사,/업무사례/양산부동산등기법무사,0.2665,0.202,GOOD
/업무사례/양산근저당말소,/업무사례/양산상속포기한정승인,0.2665,0.0328,GOOD
/업무사례/고성군상속등기법무사,/업무사례/부산에서울산법인본점이전,0.2664,0.0974,GOOD
/업무사례/대구시지상속등기,/업무사례/양산건물멸실등기,0.2664,0.2133,GOOD
/업무사례/양산개인회생법무사,/업무사례/울산달동상속등기,0.2664,0.2664,GOOD
/업무사례/통영상속포기한정승인,/업무사례/포항에서부산법인본점이전,0.2664,0.1473,GOOD
/업무사례/경기상속등기법무사,/업무사례/울산법무사업무,0.2663,0.0516,GOOD
/업무사례/대구토지상속등기,/업무사례/전국상속등기법무사,0.2663,0.0438,GOOD
/업무사례/대전유성구상속등기법무사,/업무사례/영천상속등기법무사,0.2663,0.0315,GOOD
/업무사례/양산근저당말소,/업무사례/울산달동상속등기,0.2663,0.2698,GOOD
/업무사례/양산근저당말소,/업무사례/울주삼남상속등기,0.2663,0.271,GOOD
/업무사례/양산신축건물보존등기,/업무사례/칠곡상속등기법무사,0.2663,0.2087,GOOD
/업무사례/대구다사상속등기,/업무사례/양산건물멸실등기,0.2662,0.2478,GOOD
/업무사례/대전유성구상속등기법무사,/업무사례/안동오래된토지상속등기,0.2662,0.0319,GOOD
/업무사례/사천상속등기법무사,/업무사례/창원에서부산법인본점이전,0.2662,0.0726,GOOD
/업무사례/울산송정동상속등기,/업무사례/전국상속등기법무사,0.2662,0.0531,GOOD
/업무사례/경남유증등기법무사,/업무사례/전국상속등기법무사,0.2661,0.0513,GOOD
/업무사례/경북상속등기비용,/업무사례/양산근저당말소,0.2661,0.2627,GOOD
/업무사례/경산상속등기법무사,/업무사례/울주군상속포기한정승인,0.2661,0.0441,GOOD
/업무사례/김해법인등기법무사,/업무사례/울주군상속포기한정승인,0.2661,0.235,GOOD
/업무사례/남해상속등기법무사,/업무사례/울산에서부산법인본점이전,0.2661,0.1593,GOOD
/업무사례/대구상속등기비용,/업무사례/양산부동산등기법무사,0.2661,0.2624,GOOD
/업무사례/부산에서김해법인본점이전,/업무사례/영천상속등기법무사,0.2661,0.123,GOOD
/업무사례/안동오래된토지상속등기,/업무사례/포항상속등기법무사,0.2661,0.041,GOOD
/업무사례/전국상속등기법무사,/업무사례/창원상속등기비용,0.2661,0.0482,GOOD
/업무사례/거제상속포기법무사,/업무사례/울산에서부산법인본점이전,0.266,0.1616,GOOD
/업무사례/경기광주상속등기법무사,/업무사례/영천상속등기법무사,0.266,0.0557,GOOD
/업무사례/경남법무사업무,/업무사례/포항에서부산법인본점이전,0.266,0.2936,GOOD
/업무사례/경북상속등기법무사,/업무사례/안동오래된토지상속등기,0.266,0.0424,GOOD
/업무사례/경북상속등기필요서류,/업무사례/전국상속등기법무사,0.266,0.0469,GOOD
/업무사례/대구달서구상속등기법무사,/업무사례/대구상인동상속등기,0.266,0.0343,GOOD
/업무사례/인천상속등기법무사,/업무사례/포항상속포기한정승인,0.266,0.0328,GOOD
/업무사례/경남비대면상속안내,/업무사례/부산에서양산법인본점이전,0.2659,0.0913,GOOD
/업무사례/경남조부모명의토지상속,/업무사례/전국상속등기법무사,0.2659,0.0519,GOOD
/업무사례/경북임야상속등기,/업무사례/양산근저당말소,0.2659,0.2146,GOOD
/업무사례/김해거주부산부동산상속,/업무사례/양산법인등기법무사,0.2659,0.208,GOOD
/업무사례/대구달성군상속등기법무사,/업무사례/전국상속부동산일괄등기,0.2659,0.0502,GOOD
/업무사례/영천상속등기법무사,/업무사례/울주군상속등기법무사,0.2659,0.0374,GOOD
/업무사례/울산송정동상속등기,/업무사례/전국상속부동산일괄등기,0.2659,0.0524,GOOD
/업무사례/울산옥동상속등기,/업무사례/전국상속등기법무사,0.2659,0.0551,GOOD
/업무사례/거제상속포기법무사,/업무사례/대구부산공동근저당권,0.2658,0.1373,GOOD
/업무사례/경북농지상속등기,/업무사례/양산신축건물보존등기,0.2658,0.2556,GOOD
/업무사례/대구달서구상속등기법무사,/업무사례/울산아파트상속등기,0.2658,0.0405,GOOD
/업무사례/대구북구상속등기법무사,/업무사례/양산신축건물보존등기,0.2658,0.2059,GOOD
/업무사례/대구상인동상속등기,/업무사례/서울상속등기법무사,0.2658,0.0522,GOOD
/업무사례/대구유증등기법무사,/업무사례/전국상속부동산일괄등기,0.2658,0.041,GOOD
/업무사례/강원상속등기법무사,/업무사례/안동오래된토지상속등기,0.2657,0.0429,GOOD
/업무사례/경남상속등기법무사,/업무사례/경주오래된토지상속등기,0.2657,0.0377,GOOD
/업무사례/남해상속등기법무사,/업무사례/울주군상속등기법무사,0.2657,0.0491,GOOD
/업무사례/대구동구상속등기법무사,/업무사례/양산개인회생법무사,0.2657,0.2749,GOOD
/업무사례/대구동구상속등기법무사,/업무사례/양산부동산등기법무사,0.2657,0.2744,GOOD
/업무사례/대구만촌동상속등기,/업무사례/전국상속등기법무사,0.2657,0.048,GOOD
/업무사례/대구법무사업무,/업무사례/울산상속등기법무사,0.2657,0.0378,GOOD
/업무사례/대구아파트상속등기,/업무사례/양산개인회생법무사,0.2657,0.2714,GOOD
/업무사례/대구아파트상속등기,/업무사례/양산신축건물보존등기,0.2657,0.2627,GOOD
/업무사례/경남법무사업무,/업무사례/구미에서부산법인본점이전,0.2656,0.1923,GOOD
/업무사례/경산상속등기법무사,/업무사례/사천상속등기법무사,0.2656,0.0379,GOOD
/업무사례/안동상속등기법무사,/업무사례/양산근저당말소,0.2656,0.2129,GOOD
/업무사례/양산상속포기한정승인,/업무사례/양산신축건물보존등기,0.2656,0.0323,GOOD
/업무사례/남해상속등기법무사,/업무사례/제주상속등기법무사,0.2655,0.0547,GOOD
/업무사례/대구달성군상속등기법무사,/업무사례/양산신축건물보존등기,0.2655,0.2579,GOOD
/업무사례/대구서구상속등기법무사,/업무사례/양산부동산등기법무사,0.2655,0.2139,GOOD
/업무사례/대구서구상속등기법무사,/업무사례/양산신축건물보존등기,0.2655,0.2059,GOOD
/업무사례/대구월성동상속등기,/업무사례/전국상속등기법무사,0.2655,0.0383,GOOD
/업무사례/양산부동산등기법무사,/업무사례/울산북구상속등기법무사,0.2655,0.2599,GOOD
/업무사례/양산부동산등기법무사,/업무사례/울산송정동상속등기,0.2655,0.201,GOOD
/업무사례/양산신축건물보존등기,/업무사례/울산송정동상속등기,0.2655,0.199,GOOD
/업무사례/울산아파트상속등기,/업무사례/전국상속등기법무사,0.2655,0.0476,GOOD
/업무사례/경북상속등기법무사,/업무사례/고성군상속등기법무사,0.2654,0.0538,GOOD
/업무사례/경북임야상속등기,/업무사례/전국상속부동산일괄등기,0.2654,0.0508,GOOD
/업무사례/고성군상속등기법무사,/업무사례/대구부산공동근저당권,0.2654,0.0951,GOOD
/업무사례/대구유증등기법무사,/업무사례/양산신축건물보존등기,0.2654,0.2611,GOOD
/업무사례/대구중구상속등기법무사,/업무사례/부산에서창원법인본점이전,0.2654,0.2759,GOOD
/업무사례/부산거주양산부동산상속,/업무사례/양산법인등기법무사,0.2654,0.2072,GOOD
/업무사례/울주군상속포기한정승인,/업무사례/제주상속등기법무사,0.2654,0.0461,GOOD
/업무사례/경남비대면상속안내,/업무사례/울산상속등기법무사,0.2653,0.049,GOOD
/업무사례/대구남구상속등기법무사,/업무사례/양산신축건물보존등기,0.2653,0.2568,GOOD
/업무사례/대구만촌동상속등기,/업무사례/부산에서창원법인본점이전,0.2653,0.2204,GOOD
/업무사례/대구만촌동상속등기,/업무사례/전국상속부동산일괄등기,0.2653,0.0474,GOOD
/업무사례/대구상속등기필요서류,/업무사례/양산부동산등기법무사,0.2653,0.2636,GOOD
/업무사례/안동오래된토지상속등기,/업무사례/제주시상속등기법무사,0.2653,0.036,GOOD
/업무사례/경북농지상속등기,/업무사례/전국상속부동산일괄등기,0.2652,0.0458,GOOD
/업무사례/김해에서부산법인본점이전,/업무사례/남해상속등기법무사,0.2652,0.1667,GOOD
/업무사례/양산개인회생법무사,/업무사례/울주언양상속등기,0.2652,0.2627,GOOD
/업무사례/양산부동산등기법무사,/업무사례/진주상속포기한정승인,0.2652,0.0699,GOOD
/업무사례/경남법무사업무,/업무사례/양산개인회생법무사,0.2651,0.2605,GOOD
/업무사례/경남법무사업무,/업무사례/양산신축건물보존등기,0.2651,0.2579,GOOD
/업무사례/경남법인등기법무사,/업무사례/대구범어동상속등기,0.2651,0.2818,GOOD
/업무사례/경남여러필지토지상속,/업무사례/전국상속등기법무사,0.2651,0.0506,GOOD
/업무사례/경북상속등기비용,/업무사례/양산개인회생법무사,0.2651,0.2651,GOOD
/업무사례/경북상속등기비용,/업무사례/양산부동산등기법무사,0.2651,0.2648,GOOD
/업무사례/남해상속등기법무사,/업무사례/포항상속등기법무사,0.2651,0.0486,GOOD
/업무사례/대구달서구상속등기법무사,/업무사례/대구중구상속등기법무사,0.2651,0.0437,GOOD
/업무사례/대구상속등기비용,/업무사례/양산개인회생법무사,0.2651,0.2627,GOOD
/업무사례/부산김해양산공동근저당권,/업무사례/양산상속포기한정승인,0.2651,0.0296,GOOD
/업무사례/부산에서울산법인본점이전,/업무사례/진주상속포기한정승인,0.2651,0.0657,GOOD
/업무사례/울주군상속포기한정승인,/업무사례/충북상속등기법무사,0.2651,0.0458,GOOD
/업무사례/경기광주상속등기법무사,/업무사례/경북법무사업무,0.265,0.057,GOOD
/업무사례/경주오래된토지상속등기,/업무사례/김해에서부산법인본점이전,0.265,0.1574,GOOD
/업무사례/경주오래된토지상속등기,/업무사례/대전유성구상속등기법무사,0.265,0.0315,GOOD
/업무사례/경주오래된토지상속등기,/업무사례/포항상속등기법무사,0.265,0.0405,GOOD
/업무사례/대구상속등기비용,/업무사례/전국상속등기법무사,0.265,0.0421,GOOD
/업무사례/대구서구상속등기법무사,/업무사례/전국상속부동산일괄등기,0.265,0.0526,GOOD
/업무사례/양산신축건물보존등기,/업무사례/울산옥동상속등기,0.265,0.2591,GOOD
/업무사례/울주군상속포기한정승인,/업무사례/포항상속등기법무사,0.265,0.0441,GOOD
/업무사례/경남유증등기법무사,/업무사례/전국상속부동산일괄등기,0.2649,0.0506,GOOD
/업무사례/대구법무사업무,/업무사례/창원에서부산법인본점이전,0.2649,0.2388,GOOD
/업무사례/울산법무사업무,/업무사례/충북상속등기법무사,0.2649,0.0534,GOOD
/업무사례/경남오래된상속등기,/업무사례/대구달서구상속등기법무사,0.2648,0.0448,GOOD
/업무사례/대구달성군상속등기법무사,/업무사례/양산건물멸실등기,0.2648,0.2489,GOOD
/업무사례/대구서구상속등기법무사,/업무사례/양산건물멸실등기,0.2648,0.1981,GOOD
/업무사례/대전상속등기법무사,/업무사례/포항상속포기한정승인,0.2648,0.0319,GOOD
/업무사례/양산상속등기필요서류,/업무사례/전국상속부동산일괄등기,0.2648,0.0573,GOOD
/업무사례/부산거주김해부동산상속,/업무사례/전국상속등기법무사,0.2647,0.0519,GOOD
/업무사례/경기광주상속등기법무사,/업무사례/고성군상속등기법무사,0.2646,0.0641,GOOD
/업무사례/경북상속등기법무사,/업무사례/울산법무사업무,0.2646,0.0532,GOOD
/업무사례/경북토지상속등기,/업무사례/양산근저당말소,0.2646,0.2568,GOOD
/업무사례/경북토지상속등기,/업무사례/전국상속등기법무사,0.2646,0.0456,GOOD
/업무사례/대구동구상속등기법무사,/업무사례/양산신축건물보존등기,0.2646,0.2603,GOOD
/업무사례/대구범어동상속등기,/업무사례/서울상속등기법무사,0.2646,0.0531,GOOD
/업무사례/대구법무사업무,/업무사례/양산상속포기한정승인,0.2646,0.0294,GOOD
/업무사례/대구상속등기비용,/업무사례/전국상속부동산일괄등기,0.2646,0.0417,GOOD
/업무사례/대구시지상속등기,/업무사례/전국상속부동산일괄등기,0.2646,0.0522,GOOD
/업무사례/안동상속등기법무사,/업무사례/전국상속등기법무사,0.2646,0.0524,GOOD
/업무사례/고성군상속등기법무사,/업무사례/울산에서부산법인본점이전,0.2645,0.1092,GOOD
/업무사례/대구월성동상속등기,/업무사례/양산근저당말소,0.2645,0.25,GOOD
/업무사례/대전서구상속등기법무사,/업무사례/사천상속등기법무사,0.2645,0.0383,GOOD
/업무사례/부산거주양산부동산상속,/업무사례/전국상속등기법무사,0.2645,0.0558,GOOD
/업무사례/부산에서양산법인본점이전,/업무사례/안동오래된토지상속등기,0.2645,0.1417,GOOD
/업무사례/양산건물멸실등기,/업무사례/칠곡상속등기법무사,0.2645,0.2009,GOOD
/업무사례/거제상속포기법무사,/업무사례/부산울산공동근저당권,0.2644,0.1451,GOOD
/업무사례/경남상속등기법무사,/업무사례/영천상속등기법무사,0.2644,0.0417,GOOD
/업무사례/고성군상속등기법무사,/업무사례/울주군상속등기법무사,0.2644,0.0451,GOOD
/업무사례/대구군위군상속등기법무사,/업무사례/양산신축건물보존등기,0.2644,0.1942,GOOD
/업무사례/대구유증등기법무사,/업무사례/양산부동산등기법무사,0.2644,0.2748,GOOD
/업무사례/대구토지상속등기,/업무사례/양산근저당말소,0.2644,0.2727,GOOD
/업무사례/부산거주김해부동산상속,/업무사례/전국상속부동산일괄등기,0.2644,0.0513,GOOD
/업무사례/양산근저당말소,/업무사례/울산북구상속등기법무사,0.2644,0.2578,GOOD
/업무사례/양산부동산등기법무사,/업무사례/울산상속등기필요서류,0.2644,0.2591,GOOD
/업무사례/거제상속포기법무사,/업무사례/경북법인등기법무사,0.2643,0.1434,GOOD
/업무사례/경주오래된토지상속등기,/업무사례/양산에서부산법인본점이전,0.2643,0.1519,GOOD
/업무사례/김해상속등기필요서류,/업무사례/전국상속부동산일괄등기,0.2643,0.05,GOOD
/업무사례/대구동구상속등기법무사,/업무사례/전국상속부동산일괄등기,0.2643,0.0506,GOOD
/업무사례/대구상인동상속등기,/업무사례/부산에서창원법인본점이전,0.2643,0.2488,GOOD
/업무사례/대전유성구상속등기법무사,/업무사례/울주군상속포기한정승인,0.2643,0.0356,GOOD
/업무사례/양산법인등기법무사,/업무사례/창원상속등기비용,0.2643,0.1972,GOOD
/업무사례/양산상속등기필요서류,/업무사례/전국상속등기법무사,0.2643,0.058,GOOD
/업무사례/울주군상속포기한정승인,/업무사례/제주시상속등기법무사,0.2643,0.0397,GOOD
/업무사례/전국상속등기법무사,/업무사례/창원상속등기필요서류,0.2643,0.0482,GOOD
/업무사례/강원상속등기법무사,/업무사례/사천상속등기법무사,0.2642,0.0435,GOOD
/업무사례/경기광주상속등기법무사,/업무사례/남해상속등기법무사,0.2642,0.0569,GOOD
/업무사례/경기상속등기법무사,/업무사례/안동오래된토지상속등기,0.2642,0.0443,GOOD
/업무사례/경주오래된토지상속등기,/업무사례/제주시상속등기법무사,0.2642,0.0356,GOOD
/업무사례/남해상속등기법무사,/업무사례/대전서구상속등기법무사,0.2642,0.0641,GOOD
/업무사례/양산개인회생법무사,/업무사례/울주삼남상속등기,0.2642,0.2676,GOOD
/업무사례/경기상속등기법무사,/업무사례/경북법무사업무,0.2641,0.0524,GOOD
/업무사례/경기상속등기법무사,/업무사례/대구법무사업무,0.2641,0.048,GOOD
/업무사례/경남법무사업무,/업무사례/양산부동산등기법무사,0.2641,0.2603,GOOD
/업무사례/경북상속등기법무사,/업무사례/울주군상속포기한정승인,0.2641,0.0456,GOOD
/업무사례/경북오래된상속등기,/업무사례/양산근저당말소,0.2641,0.2615,GOOD
/업무사례/대구시지상속등기,/업무사례/전국상속등기법무사,0.2641,0.0529,GOOD
/업무사례/경남상속등기법무사,/업무사례/대구상인동상속등기,0.264,0.0359,GOOD
/업무사례/경북농지상속등기,/업무사례/양산건물멸실등기,0.264,0.2468,GOOD
/업무사례/경북상속등기비용,/업무사례/양산신축건물보존등기,0.264,0.2568,GOOD
/업무사례/남해상속등기법무사,/업무사례/대구경북공동담보등기,0.264,0.1389,GOOD
/업무사례/대구남구상속등기법무사,/업무사례/전국상속부동산일괄등기,0.264,0.05,GOOD
/업무사례/대구북구상속등기법무사,/업무사례/양산건물멸실등기,0.264,0.1981,GOOD
/업무사례/대구중구상속등기법무사,/업무사례/전국상속등기법무사,0.264,0.0543,GOOD
/업무사례/양산개인회생법무사,/업무사례/울산옥동상속등기,0.264,0.2676,GOOD
/업무사례/고성군상속등기법무사,/업무사례/포항상속등기법무사,0.2639,0.0447,GOOD
/업무사례/남해상속등기법무사,/업무사례/대구부산공동근저당권,0.2639,0.1349,GOOD
/업무사례/대구달서구상속등기법무사,/업무사례/대구범어동상속등기,0.2639,0.0349,GOOD
/업무사례/대구아파트상속등기,/업무사례/양산건물멸실등기,0.2639,0.2533,GOOD
/업무사례/사천상속등기법무사,/업무사례/충북상속등기법무사,0.2639,0.0432,GOOD
/업무사례/양산거주부산부동산상속,/업무사례/전국상속부동산일괄등기,0.2639,0.0462,GOOD
/업무사례/영천상속등기법무사,/업무사례/울산남구상속등기법무사,0.2639,0.032,GOOD
/업무사례/강원상속등기법무사,/업무사례/울주군상속포기한정승인,0.2638,0.0461,GOOD
/업무사례/거제상속포기법무사,/업무사례/대구경북공동담보등기,0.2638,0.1367,GOOD
/업무사례/경기광주상속등기법무사,/업무사례/울산법무사업무,0.2638,0.0562,GOOD
/업무사례/경북임야상속등기,/업무사례/양산신축건물보존등기,0.2638,0.2095,GOOD
/업무사례/양산법인등기법무사,/업무사례/창원의창구상속등기법무사,0.2638,0.1946,GOOD
/업무사례/경남오래된상속등기,/업무사례/전국상속등기법무사,0.2637,0.0519,GOOD
/업무사례/대구만촌동상속등기,/업무사례/양산개인회생법무사,0.2637,0.21,GOOD
/업무사례/대구만촌동상속등기,/업무사례/양산부동산등기법무사,0.2637,0.2049,GOOD
/업무사례/대구만촌동상속등기,/업무사례/양산신축건물보존등기,0.2637,0.2029,GOOD
/업무사례/양산건물멸실등기,/업무사례/울산송정동상속등기,0.2637,0.1916,GOOD
/업무사례/경북법무사업무,/업무사례/양산상속포기한정승인,0.2636,0.0295,GOOD
/업무사례/양산부동산등기법무사,/업무사례/양산상속포기한정승인,0.2636,0.0325,GOOD
/업무사례/양산부동산등기법무사,/업무사례/울산매곡동상속등기,0.2636,0.2636,GOOD
/업무사례/경북법무사업무,/업무사례/충북상속등기법무사,0.2635,0.0543,GOOD
/업무사례/경북법인등기법무사,/업무사례/남해상속등기법무사,0.2635,0.1412,GOOD
/업무사례/대구남구상속등기법무사,/업무사례/양산건물멸실등기,0.2635,0.2478,GOOD
/업무사례/대구아파트상속등기,/업무사례/전국상속부동산일괄등기,0.2634,0.0428,GOOD
/업무사례/충남상속등기법무사,/업무사례/포항상속포기한정승인,0.2634,0.0324,GOOD
/업무사례/경기광주상속등기법무사,/업무사례/대구법무사업무,0.2633,0.0528,GOOD
/업무사례/경북법무사업무,/업무사례/경북상속등기법무사,0.2633,0.0541,GOOD
/업무사례/경북법무사업무,/업무사례/대전서구상속등기법무사,0.2633,0.0687,GOOD
/업무사례/양산근저당말소,/업무사례/울산상속등기필요서류,0.2633,0.2627,GOOD
/업무사례/울산북구상속등기법무사,/업무사례/전국상속부동산일괄등기,0.2633,0.0444,GOOD
/업무사례/전남상속등기법무사,/업무사례/포항상속포기한정승인,0.2633,0.0325,GOOD
/업무사례/경남비대면상속안내,/업무사례/포항상속등기법무사,0.2632,0.0463,GOOD
/업무사례/경북상속등기필요서류,/업무사례/양산개인회생법무사,0.2632,0.2676,GOOD
/업무사례/경북상속등기필요서류,/업무사례/양산부동산등기법무사,0.2632,0.2673,GOOD
/업무사례/대구상속등기필요서류,/업무사례/양산개인회생법무사,0.2632,0.2639,GOOD
/업무사례/대구상속등기필요서류,/업무사례/양산신축건물보존등기,0.2632,0.2556,GOOD
/업무사례/양산건물멸실등기,/업무사례/울산옥동상속등기,0.2632,0.25,GOOD
/업무사례/울산토지상속등기,/업무사례/전국상속부동산일괄등기,0.2632,0.0453,GOOD
/업무사례/경북상속등기필요서류,/업무사례/양산신축건물보존등기,0.2631,0.2591,GOOD
/업무사례/서울상속등기법무사,/업무사례/울산법무사업무,0.2631,0.0579,GOOD
/업무사례/울산법무사업무,/업무사례/포항상속등기법무사,0.2631,0.0474,GOOD
/업무사례/울주언양상속등기,/업무사례/전국상속부동산일괄등기,0.2631,0.0456,GOOD
/업무사례/전국상속부동산일괄등기,/업무사례/창원상속등기필요서류,0.2631,0.0476,GOOD
/업무사례/경남법무사업무,/업무사례/양산근저당말소,0.263,0.2581,GOOD
/업무사례/경주오래된토지상속등기,/업무사례/울주군상속등기법무사,0.263,0.041,GOOD
/업무사례/대구중구상속등기법무사,/업무사례/부산에서양산법인본점이전,0.263,0.2808,GOOD
/업무사례/대전서구상속등기법무사,/업무사례/울산법무사업무,0.263,0.0717,GOOD
/업무사례/경남비대면상속안내,/업무사례/울주군상속등기법무사,0.2629,0.0468,GOOD
/업무사례/경북상속등기법무사,/업무사례/사천상속등기법무사,0.2629,0.043,GOOD
/업무사례/경북조부모명의토지상속,/업무사례/전국상속등기법무사,0.2629,0.0467,GOOD
/업무사례/대구상속등기비용,/업무사례/양산신축건물보존등기,0.2629,0.2545,GOOD
/업무사례/대구시지상속등기,/업무사례/양산부동산등기법무사,0.2629,0.2239,GOOD
/업무사례/부산에서김해법인본점이전,/업무사례/안동오래된토지상속등기,0.2629,0.1435,GOOD
/업무사례/양산개인회생법무사,/업무사례/울산삼산동상속등기,0.2629,0.2689,GOOD
/업무사례/양산개인회생법무사,/업무사례/울주범서상속등기,0.2629,0.2639,GOOD
/업무사례/경북임야상속등기,/업무사례/양산개인회생법무사,0.2628,0.2167,GOOD
/업무사례/경북임야상속등기,/업무사례/양산부동산등기법무사,0.2628,0.2115,GOOD
/업무사례/고성군상속등기법무사,/업무사례/울산상속등기법무사,0.2628,0.0553,GOOD
/업무사례/대구달서구상속등기법무사,/업무사례/울산중구상속등기법무사,0.2628,0.0393,GOOD
/업무사례/대구동구상속등기법무사,/업무사례/양산건물멸실등기,0.2628,0.2511,GOOD
/업무사례/서울상속등기법무사,/업무사례/영천상속등기법무사,0.2628,0.0453,GOOD
/업무사례/울산북구상속등기법무사,/업무사례/전국상속등기법무사,0.2628,0.0489,GOOD
/업무사례/경북법무사업무,/업무사례/대구수성구상속등기법무사,0.2627,0.0395,GOOD
/업무사례/경북법무사업무,/업무사례/창원에서부산법인본점이전,0.2627,0.24,GOOD
/업무사례/고성군상속등기법무사,/업무사례/제주상속등기법무사,0.2627,0.0468,GOOD
/업무사례/안동오래된토지상속등기,/업무사례/양산에서부산법인본점이전,0.2627,0.1441,GOOD
/업무사례/경남법무사업무,/업무사례/대구에서부산법인본점이전,0.2626,0.2723,GOOD
/업무사례/경남상속등기법무사,/업무사례/남해상속등기법무사,0.2626,0.0591,GOOD
/업무사례/남해상속등기법무사,/업무사례/부산울산공동근저당권,0.2626,0.1429,GOOD
/업무사례/대구군위군상속등기법무사,/업무사례/양산건물멸실등기,0.2626,0.1869,GOOD
/업무사례/대구북구상속등기법무사,/업무사례/양산부동산등기법무사,0.2626,0.2139,GOOD
/업무사례/양산개인회생법무사,/업무사례/울산상속등기비용,0.2626,0.2667,GOOD
/업무사례/양산근저당말소,/업무사례/울산상속등기비용,0.2626,0.2642,GOOD
/업무사례/양산부동산등기법무사,/업무사례/울산상속등기비용,0.2626,0.2664,GOOD
/업무사례/울산중구상속등기법무사,/업무사례/전국상속등기법무사,0.2626,0.0504,GOOD
/업무사례/울주삼남상속등기,/업무사례/전국상속등기법무사,0.2626,0.0469,GOOD
/업무사례/경남상속등기법무사,/업무사례/경북법무사업무,0.2625,0.0504,GOOD
/업무사례/대구법무사업무,/업무사례/대전서구상속등기법무사,0.2625,0.0644,GOOD
/업무사례/안동상속등기법무사,/업무사례/양산개인회생법무사,0.2625,0.2211,GOOD
/업무사례/양산근저당말소,/업무사례/울산매곡동상속등기,0.2625,0.2673,GOOD
/업무사례/양산근저당말소,/업무사례/울산아파트상속등기,0.2625,0.2701,GOOD
/업무사례/양산에서부산법인본점이전,/업무사례/울주군상속포기한정승인,0.2625,0.2133,GOOD
/업무사례/경기상속등기법무사,/업무사례/울주군상속포기한정승인,0.2624,0.0476,GOOD
/업무사례/경남법무사업무,/업무사례/부산에서대구법인본점이전,0.2624,0.1698,GOOD
/업무사례/경북토지상속등기,/업무사례/양산신축건물보존등기,0.2624,0.2511,GOOD
/업무사례/남해상속등기법무사,/업무사례/울산상속등기법무사,0.2624,0.0474,GOOD
/업무사례/대구성서상속등기,/업무사례/양산법인등기법무사,0.2624,0.1839,GOOD
/업무사례/대구월성동상속등기,/업무사례/양산개인회생법무사,0.2624,0.2523,GOOD
/업무사례/대구월성동상속등기,/업무사례/양산신축건물보존등기,0.2624,0.2444,GOOD
/업무사례/대구토지상속등기,/업무사례/양산개인회생법무사,0.2624,0.2754,GOOD
/업무사례/안동상속등기법무사,/업무사례/양산신축건물보존등기,0.2624,0.2077,GOOD
/업무사례/양산개인회생법무사,/업무사례/울산북구상속등기법무사,0.2624,0.2601,GOOD
/업무사례/울산에서부산법인본점이전,/업무사례/통영상속포기한정승인,0.2624,0.1802,GOOD
/업무사례/울주범서상속등기,/업무사례/전국상속등기법무사,0.2624,0.0463,GOOD
/업무사례/경기광주상속등기법무사,/업무사례/경주오래된토지상속등기,0.2623,0.0484,GOOD
/업무사례/경남법무사업무,/업무사례/양산건물멸실등기,0.2623,0.2435,GOOD
/업무사례/경남비대면상속안내,/업무사례/경남상속등기법무사,0.2623,0.0567,GOOD
/업무사례/경북법무사업무,/업무사례/울주군상속등기법무사,0.2623,0.0487,GOOD
/업무사례/경북상속등기필요서류,/업무사례/전국상속부동산일괄등기,0.2623,0.0463,GOOD
/업무사례/고성군상속등기법무사,/업무사례/포항에서부산법인본점이전,0.2623,0.0956,GOOD
/업무사례/김해에서부산법인본점이전,/업무사례/영천상속등기법무사,0.2623,0.124,GOOD
/업무사례/대구상속등기필요서류,/업무사례/전국상속부동산일괄등기,0.2623,0.0418,GOOD
/업무사례/대구토지상속등기,/업무사례/양산신축건물보존등기,0.2623,0.2664,GOOD
/업무사례/부산에서울산법인본점이전,/업무사례/사천상속등기법무사,0.2623,0.0584,GOOD
/업무사례/사천상속등기법무사,/업무사례/제주시상속등기법무사,0.2623,0.0494,GOOD
/업무사례/울산법무사업무,/업무사례/제주시상속등기법무사,0.2623,0.0433,GOOD
/업무사례/경남상속등기법무사,/업무사례/울산법무사업무,0.2622,0.0496,GOOD
/업무사례/김해에서부산법인본점이전,/업무사례/안동오래된토지상속등기,0.2622,0.1447,GOOD
/업무사례/대구부산공동근저당권,/업무사례/통영상속포기한정승인,0.2622,0.1532,GOOD
/업무사례/사천상속등기법무사,/업무사례/서울상속등기법무사,0.2622,0.0425,GOOD
/업무사례/양산법인등기법무사,/업무사례/양산상속등기필요서류,0.2622,0.2047,GOOD
/업무사례/양산부동산등기법무사,/업무사례/울산동구상속등기법무사,0.2622,0.277,GOOD
/업무사례/양산부동산등기법무사,/업무사례/울산토지상속등기,0.2622,0.2601,GOOD
/업무사례/경기상속등기법무사,/업무사례/고성군상속등기법무사,0.2621,0.0444,GOOD
/업무사례/경북상속등기비용,/업무사례/전국상속부동산일괄등기,0.2621,0.046,GOOD
/업무사례/양산부동산등기법무사,/업무사례/울주삼남상속등기,0.2621,0.2673,GOOD
/업무사례/양산신축건물보존등기,/업무사례/울산달동상속등기,0.2621,0.2579,GOOD
/업무사례/경북법무사업무,/업무사례/울산남구상속등기법무사,0.262,0.0543,GOOD
/업무사례/경북법인등기법무사,/업무사례/고성군상속등기법무사,0.262,0.1015,GOOD
/업무사례/경북오래된상속등기,/업무사례/양산신축건물보존등기,0.262,0.2556,GOOD
/업무사례/경북임야상속등기,/업무사례/양산건물멸실등기,0.262,0.2018,GOOD
/업무사례/대구상인동상속등기,/업무사례/전국상속부동산일괄등기,0.262,0.0375,GOOD
/업무사례/양산법인등기법무사,/업무사례/울산옥동상속등기,0.262,0.1789,GOOD
/업무사례/양산신축건물보존등기,/업무사례/울주삼남상속등기,0.262,0.2591,GOOD
/업무사례/양산신축건물보존등기,/업무사례/울주언양상속등기,0.262,0.2545,GOOD
/업무사례/경북법무사업무,/업무사례/대구달서구상속등기법무사,0.2619,0.0548,GOOD
/업무사례/대구상인동상속등기,/업무사례/부산에서양산법인본점이전,0.2619,0.2596,GOOD
/업무사례/대구유증등기법무사,/업무사례/전국상속등기법무사,0.2619,0.0415,GOOD
/업무사례/부산울산공동근저당권,/업무사례/통영상속포기한정승인,0.2619,0.1613,GOOD
/업무사례/양산건물멸실등기,/업무사례/양산상속포기한정승인,0.2619,0.0314,GOOD
/업무사례/양산부동산등기법무사,/업무사례/울주범서상속등기,0.2619,0.2636,GOOD
/업무사례/경북법무사업무,/업무사례/제주시상속등기법무사,0.2618,0.0441,GOOD
/업무사례/대구법무사업무,/업무사례/충북상속등기법무사,0.2618,0.05,GOOD
/업무사례/대구법무사업무,/업무사례/포항상속등기법무사,0.2618,0.0441,GOOD
/업무사례/양산근저당말소,/업무사례/울산삼산동상속등기,0.2618,0.2664,GOOD
/업무사례/양산신축건물보존등기,/업무사례/울주범서상속등기,0.2618,0.2556,GOOD
/업무사례/경북법무사업무,/업무사례/대전유성구상속등기법무사,0.2617,0.0395,GOOD
/업무사례/경북법무사업무,/업무사례/포항상속등기법무사,0.2617,0.0481,GOOD
/업무사례/경북토지상속등기,/업무사례/전국상속부동산일괄등기,0.2617,0.0451,GOOD
/업무사례/고성군상속등기법무사,/업무사례/양산부동산등기법무사,0.2617,0.1019,GOOD
/업무사례/대구월성동상속등기,/업무사례/양산건물멸실등기,0.2617,0.2361,GOOD
/업무사례/대구중구상속등기법무사,/업무사례/양산개인회생법무사,0.2617,0.2685,GOOD
/업무사례/안동상속등기법무사,/업무사례/전국상속부동산일괄등기,0.2617,0.0472,GOOD
/업무사례/경북상속등기법무사,/업무사례/대구법무사업무,0.2616,0.0498,GOOD
/업무사례/김해법인등기법무사,/업무사례/울산법무사업무,0.2616,0.2412,GOOD
/업무사례/남해상속등기법무사,/업무사례/부산에서대구법인본점이전,0.2616,0.1441,GOOD
/업무사례/부산거주양산부동산상속,/업무사례/전국상속부동산일괄등기,0.2616,0.0506,GOOD
/업무사례/양산건물멸실등기,/업무사례/울산북구상속등기법무사,0.2616,0.2385,GOOD
/업무사례/양산부동산등기법무사,/업무사례/울산유증등기법무사,0.2616,0.2661,GOOD
/업무사례/경남오래된상속등기,/업무사례/양산법인등기법무사,0.2615,0.2045,GOOD
/업무사례/안동오래된토지상속등기,/업무사례/울산상속등기법무사,0.2615,0.0347,GOOD
/업무사례/양산개인회생법무사,/업무사례/울산매곡동상속등기,0.2615,0.2639,GOOD
/업무사례/양산개인회생법무사,/업무사례/울산아파트상속등기,0.2615,0.2667,GOOD
/업무사례/울산달동상속등기,/업무사례/전국상속부동산일괄등기,0.2615,0.0462,GOOD
/업무사례/울산삼산동상속등기,/업무사례/전국상속등기법무사,0.2615,0.0471,GOOD
/업무사례/경북토지상속등기,/업무사례/양산개인회생법무사,0.2614,0.2591,GOOD
/업무사례/경북토지상속등기,/업무사례/양산부동산등기법무사,0.2614,0.2589,GOOD
/업무사례/고성군상속등기법무사,/업무사례/대전유성구상속등기법무사,0.2614,0.0403,GOOD
/업무사례/대구달성군상속등기법무사,/업무사례/양산법인등기법무사,0.2614,0.1829,GOOD
/업무사례/대구상속등기필요서류,/업무사례/양산건물멸실등기,0.2614,0.2468,GOOD
/업무사례/대구아파트상속등기,/업무사례/양산부동산등기법무사,0.2614,0.271,GOOD
/업무사례/대전유성구상속등기법무사,/업무사례/사천상속등기법무사,0.2614,0.0324,GOOD
/업무사례/안동상속등기법무사,/업무사례/양산부동산등기법무사,0.2614,0.2157,GOOD
/업무사례/양산건물멸실등기,/업무사례/울산달동상속등기,0.2614,0.2489,GOOD
/업무사례/울주삼남상속등기,/업무사례/전국상속부동산일괄등기,0.2614,0.0463,GOOD
/업무사례/경북상속등기필요서류,/업무사례/양산건물멸실등기,0.2613,0.25,GOOD
/업무사례/경북조부모명의토지상속,/업무사례/양산근저당말소,0.2613,0.2639,GOOD
/업무사례/대구토지상속등기,/업무사례/양산부동산등기법무사,0.2613,0.2749,GOOD
/업무사례/양산개인회생법무사,/업무사례/울산상속등기필요서류,0.2613,0.2593,GOOD
/업무사례/양산건물멸실등기,/업무사례/울주삼남상속등기,0.2613,0.25,GOOD
/업무사례/양산건물멸실등기,/업무사례/울주언양상속등기,0.2613,0.2457,GOOD
/업무사례/양산신축건물보존등기,/업무사례/울산북구상속등기법무사,0.2613,0.2468,GOOD
/업무사례/거제상속포기법무사,/업무사례/구미에서부산법인본점이전,0.2612,0.1515,GOOD
/업무사례/대구수성구상속등기법무사,/업무사례/안동오래된토지상속등기,0.2612,0.0319,GOOD
/업무사례/안동오래된토지상속등기,/업무사례/울산남구상속등기법무사,0.2612,0.0324,GOOD
/업무사례/양산개인회생법무사,/업무사례/울산동구상속등기법무사,0.2612,0.2775,GOOD
/업무사례/양산개인회생법무사,/업무사례/울산토지상속등기,0.2612,0.2603,GOOD
/업무사례/울산옥동상속등기,/업무사례/전국상속부동산일괄등기,0.2612,0.0545,GOOD
/업무사례/울주범서상속등기,/업무사례/전국상속부동산일괄등기,0.2612,0.0458,GOOD
/업무사례/경북상속등기비용,/업무사례/양산건물멸실등기,0.2611,0.2478,GOOD
/업무사례/남해상속등기법무사,/업무사례/제주시상속등기법무사,0.2611,0.0492,GOOD
/업무사례/대구법무사업무,/업무사례/대구수성구상속등기법무사,0.2611,0.0348,GOOD
/업무사례/대구상인동상속등기,/업무사례/양산에서부산법인본점이전,0.2611,0.2286,GOOD
/업무사례/사천상속등기법무사,/업무사례/울산상속등기법무사,0.2611,0.0435,GOOD
/업무사례/사천상속등기법무사,/업무사례/울주군상속등기법무사,0.2611,0.0383,GOOD
/업무사례/양산건물멸실등기,/업무사례/울주범서상속등기,0.2611,0.2468,GOOD
/업무사례/양산근저당말소,/업무사례/울산동구상속등기법무사,0.2611,0.2689,GOOD
/업무사례/양산법인등기법무사,/업무사례/칠곡상속등기법무사,0.2611,0.1909,GOOD
/업무사례/양산부동산등기법무사,/업무사례/울산중구상속등기법무사,0.2611,0.2694,GOOD
/업무사례/포항상속등기법무사,/업무사례/포항상속포기한정승인,0.2611,0.0345,GOOD
/업무사례/경남법인등기법무사,/업무사례/울산법무사업무,0.261,0.327,GOOD
/업무사례/경북오래된상속등기,/업무사례/양산개인회생법무사,0.261,0.2639,GOOD
/업무사례/울산달동상속등기,/업무사례/전국상속등기법무사,0.261,0.0467,GOOD
/업무사례/울산토지상속등기,/업무사례/전국상속등기법무사,0.261,0.0458,GOOD
/업무사례/경기상속등기법무사,/업무사례/남해상속등기법무사,0.2609,0.0487,GOOD
/업무사례/울주언양상속등기,/업무사례/전국상속등기법무사,0.2609,0.0462,GOOD
/업무사례/경남비대면상속안내,/업무사례/충북상속등기법무사,0.2608,0.0443,GOOD
/업무사례/경남오래된상속등기,/업무사례/전국상속부동산일괄등기,0.2608,0.0513,GOOD
/업무사례/대구만촌동상속등기,/업무사례/양산건물멸실등기,0.2608,0.1953,GOOD
/업무사례/대구월성동상속등기,/업무사례/전국상속부동산일괄등기,0.2608,0.0379,GOOD
/업무사례/양산부동산등기법무사,/업무사례/울산삼산동상속등기,0.2608,0.2685,GOOD
/업무사례/경북법인등기법무사,/업무사례/통영상속포기한정승인,0.2607,0.1594,GOOD
/업무사례/경북토지상속등기,/업무사례/양산건물멸실등기,0.2607,0.2426,GOOD
/업무사례/고성군상속등기법무사,/업무사례/서울상속등기법무사,0.2607,0.0541,GOOD
/업무사례/고성군상속등기법무사,/업무사례/양산근저당말소,0.2607,0.0989,GOOD
/업무사례/고성군상속등기법무사,/업무사례/제주시상속등기법무사,0.2607,0.0574,GOOD
/업무사례/남해상속등기법무사,/업무사례/양산에서부산법인본점이전,0.2607,0.1659,GOOD
/업무사례/양산신축건물보존등기,/업무사례/울산삼산동상속등기,0.2607,0.2603,GOOD
/업무사례/경기광주상속등기법무사,/업무사례/경남비대면상속안내,0.2606,0.0586,GOOD
/업무사례/경기상속등기법무사,/업무사례/경남비대면상속안내,0.2606,0.0462,GOOD
/업무사례/경남상속등기법무사,/업무사례/고성군상속등기법무사,0.2606,0.0586,GOOD
/업무사례/울산상속등기법무사,/업무사례/울주군상속포기한정승인,0.2606,0.0383,GOOD
/업무사례/구미에서부산법인본점이전,/업무사례/남해상속등기법무사,0.2605,0.1491,GOOD
/업무사례/대구토지상속등기,/업무사례/양산건물멸실등기,0.2605,0.2568,GOOD
/업무사례/사천상속등기법무사,/업무사례/울산에서부산법인본점이전,0.2605,0.0653,GOOD
/업무사례/양산신축건물보존등기,/업무사례/울산상속등기비용,0.2605,0.2581,GOOD
/업무사례/울산매곡동상속등기,/업무사례/전국상속등기법무사,0.2605,0.0463,GOOD
/업무사례/울산상속등기비용,/업무사례/전국상속등기법무사,0.2605,0.0476,GOOD
/업무사례/양산부동산등기법무사,/업무사례/울산아파트상속등기,0.2604,0.2664,GOOD
/업무사례/양산신축건물보존등기,/업무사례/울산아파트상속등기,0.2604,0.2581,GOOD
/업무사례/경북오래된상속등기,/업무사례/양산건물멸실등기,0.2603,0.2468,GOOD
/업무사례/남해상속등기법무사,/업무사례/서울상속등기법무사,0.2603,0.0586,GOOD
/업무사례/대구월성동상속등기,/업무사례/양산부동산등기법무사,0.2603,0.2523,GOOD
/업무사례/대구중구상속등기법무사,/업무사례/전국상속부동산일괄등기,0.2603,0.0496,GOOD
/업무사례/울산상속등기필요서류,/업무사례/전국상속등기법무사,0.2603,0.0425,GOOD
/업무사례/고성군상속등기법무사,/업무사례/양산에서부산법인본점이전,0.2602,0.1162,GOOD
/업무사례/남해상속등기법무사,/업무사례/대전유성구상속등기법무사,0.2602,0.0323,GOOD
/업무사례/대구경북공동담보등기,/업무사례/통영상속포기한정승인,0.2602,0.1526,GOOD
/업무사례/대구법무사업무,/업무사례/서울상속등기법무사,0.2602,0.0542,GOOD
/업무사례/대구법무사업무,/업무사례/제주시상속등기법무사,0.2602,0.0393,GOOD
/업무사례/거제상속포기법무사,/업무사례/부산에서대구법인본점이전,0.2601,0.1466,GOOD
/업무사례/경남비대면상속안내,/업무사례/대구수성구상속등기법무사,0.2601,0.042,GOOD
/업무사례/경주오래된토지상속등기,/업무사례/울산남구상속등기법무사,0.2601,0.032,GOOD
/업무사례/고성군상속등기법무사,/업무사례/부산울산공동근저당권,0.2601,0.0943,GOOD
/업무사례/대구법무사업무,/업무사례/대전유성구상속등기법무사,0.2601,0.0348,GOOD
/업무사례/대구상속등기비용,/업무사례/양산건물멸실등기,0.2601,0.2457,GOOD
/업무사례/대전서구상속등기법무사,/업무사례/포항상속포기한정승인,0.2601,0.0348,GOOD
/업무사례/양산근저당말소,/업무사례/울산토지상속등기,0.2601,0.2636,GOOD
/업무사례/양산신축건물보존등기,/업무사례/울산상속등기필요서류,0.2601,0.2511,GOOD
/업무사례/양산에서부산법인본점이전,/업무사례/울산법무사업무,0.2601,0.2663,GOOD
/업무사례/경기광주상속등기법무사,/업무사례/안동오래된토지상속등기,0.26,0.049,GOOD
/업무사례/경남상속등기비용,/업무사례/전국상속부동산일괄등기,0.26,0.0462,GOOD
/업무사례/고성군상속등기법무사,/업무사례/구미에서부산법인본점이전,0.26,0.1,GOOD
/업무사례/양산근저당말소,/업무사례/울산중구상속등기법무사,0.26,0.2673,GOOD
/업무사례/울산에서부산법인본점이전,/업무사례/진주상속포기한정승인,0.26,0.0735,GOOD
/업무사례/경기광주상속등기법무사,/업무사례/울주군상속포기한정승인,0.2599,0.0521,GOOD
/업무사례/경남공장공동근저당권,/업무사례/포항상속포기한정승인,0.2599,0.0558,GOOD
/업무사례/안동오래된토지상속등기,/업무사례/울주군상속등기법무사,0.2599,0.0414,GOOD
/업무사례/경남비대면상속안내,/업무사례/대전서구상속등기법무사,0.2598,0.0543,GOOD
/업무사례/대구상인동상속등기,/업무사례/전국상속등기법무사,0.2598,0.0379,GOOD
/업무사례/대구수성구상속등기법무사,/업무사례/울산법무사업무,0.2598,0.0388,GOOD
/업무사례/대구다사상속등기,/업무사례/양산법인등기법무사,0.2597,0.168,GOOD
/업무사례/대구범어동상속등기,/업무사례/부산에서창원법인본점이전,0.2597,0.2537,GOOD
/업무사례/양산건물멸실등기,/업무사례/울산아파트상속등기,0.2597,0.2489,GOOD
/업무사례/경남법인등기법무사,/업무사례/남해상속등기법무사,0.2596,0.1479,GOOD
/업무사례/경산상속등기법무사,/업무사례/포항상속포기한정승인,0.2596,0.0309,GOOD
/업무사례/대구동구상속등기법무사,/업무사례/양산법인등기법무사,0.2596,0.1748,GOOD
/업무사례/대구중구상속등기법무사,/업무사례/양산근저당말소,0.2596,0.2661,GOOD
/업무사례/안동상속등기법무사,/업무사례/양산건물멸실등기,0.2596,0.2,GOOD
/업무사례/경남비대면상속안내,/업무사례/포항에서부산법인본점이전,0.2595,0.0787,GOOD
/업무사례/경남상속등기비용,/업무사례/양산법인등기법무사,0.2595,0.1781,GOOD
/업무사례/남해상속등기법무사,/업무사례/부산에서양산법인본점이전,0.2595,0.1631,GOOD
/업무사례/대구법무사업무,/업무사례/울산남구상속등기법무사,0.2595,0.0493,GOOD
/업무사례/양산근저당말소,/업무사례/울산유증등기법무사,0.2595,0.2639,GOOD
/업무사례/대구달서구상속등기법무사,/업무사례/대구법무사업무,0.2594,0.0498,GOOD
/업무사례/양산건물멸실등기,/업무사례/울산상속등기필요서류,0.2594,0.2424,GOOD
/업무사례/양산신축건물보존등기,/업무사례/울산매곡동상속등기,0.2594,0.2556,GOOD
/업무사례/울산남구상속등기법무사,/업무사례/울주군상속포기한정승인,0.2594,0.0361,GOOD
/업무사례/경남상속등기법무사,/업무사례/안동오래된토지상속등기,0.2593,0.0382,GOOD
/업무사례/경북법무사업무,/업무사례/서울상속등기법무사,0.2593,0.0588,GOOD
/업무사례/남해상속등기법무사,/업무사례/양산근저당말소,0.2593,0.148,GOOD
/업무사례/울산매곡동상속등기,/업무사례/전국상속부동산일괄등기,0.2593,0.0458,GOOD
/업무사례/전국법인본점이전등기,/전국법인본점이전등기,0.2593,0.2982,GOOD
/업무사례/거제상속포기법무사,/업무사례/대구에서부산법인본점이전,0.2592,0.1264,GOOD
/업무사례/경남상속등기법무사,/업무사례/대구법무사업무,0.2592,0.0458,GOOD
/업무사례/경북조부모명의토지상속,/업무사례/양산신축건물보존등기,0.2592,0.2579,GOOD
/업무사례/경북조부모명의토지상속,/업무사례/전국상속부동산일괄등기,0.2592,0.0462,GOOD
/업무사례/부산에서울산법인본점이전,/업무사례/양산상속포기한정승인,0.2592,0.0324,GOOD
/업무사례/경남비대면상속안내,/업무사례/경북상속등기법무사,0.259,0.048,GOOD
/업무사례/경남상속등기법무사,/업무사례/사천상속등기법무사,0.259,0.051,GOOD
/업무사례/김해에서부산법인본점이전,/업무사례/울주군상속포기한정승인,0.259,0.193,GOOD
/업무사례/양산개인회생법무사,/업무사례/울산중구상속등기법무사,0.259,0.2698,GOOD
/업무사례/양산건물멸실등기,/업무사례/울산삼산동상속등기,0.259,0.2511,GOOD
/업무사례/양산신축건물보존등기,/업무사례/울산동구상속등기법무사,0.259,0.2627,GOOD
/업무사례/양산신축건물보존등기,/업무사례/울산토지상속등기,0.259,0.2522,GOOD
/업무사례/울산동구상속등기법무사,/업무사례/전국상속부동산일괄등기,0.259,0.0469,GOOD
/업무사례/제주상속등기법무사,/업무사례/포항상속포기한정승인,0.259,0.0324,GOOD
/업무사례/경북법인등기법무사,/업무사례/사천상속등기법무사,0.2589,0.0584,GOOD
/업무사례/경북오래된상속등기,/업무사례/양산부동산등기법무사,0.2589,0.2579,GOOD
/업무사례/경북오래된상속등기,/업무사례/전국상속부동산일괄등기,0.2589,0.0458,GOOD
/업무사례/대구성서상속등기,/업무사례/양산증여등기법무사,0.2589,0.2168,GOOD
/업무사례/양산신축건물보존등기,/업무사례/울산중구상속등기법무사,0.2589,0.2556,GOOD
/업무사례/울주군상속등기법무사,/업무사례/울주군상속포기한정승인,0.2589,0.0445,GOOD
/업무사례/대구부산공동근저당권,/업무사례/진주상속포기한정승인,0.2588,0.059,GOOD
/업무사례/대전유성구상속등기법무사,/업무사례/울산법무사업무,0.2588,0.0388,GOOD
/업무사례/사천상속등기법무사,/업무사례/양산근저당말소,0.2588,0.0672,GOOD
/업무사례/사천상속등기법무사,/업무사례/양산부동산등기법무사,0.2588,0.0664,GOOD
/업무사례/양산부동산등기법무사,/업무사례/울산공장상속등기,0.2588,0.2615,GOOD
/업무사례/전국상속등기법무사,/전국상속등기,0.2588,0.24,GOOD
/업무사례/강원상속등기법무사,/업무사례/경남비대면상속안내,0.2587,0.0446,GOOD
/업무사례/남해상속등기법무사,/업무사례/대구수성구상속등기법무사,0.2587,0.0323,GOOD
/업무사례/대구범어동상속등기,/업무사례/전국상속등기법무사,0.2587,0.0385,GOOD
/업무사례/부산거주김해부동산상속,/업무사례/양산법인등기법무사,0.2587,0.21,GOOD
/업무사례/부산김해양산공동근저당권,/업무사례/포항상속포기한정승인,0.2587,0.0566,GOOD
/업무사례/양산건물멸실등기,/업무사례/울산매곡동상속등기,0.2587,0.2468,GOOD
/업무사례/제주시상속등기법무사,/업무사례/포항상속포기한정승인,0.2587,0.0367,GOOD
/업무사례/경남법인등기법무사,/업무사례/영천상속등기법무사,0.2586,0.1107,GOOD
/업무사례/구미에서부산법인본점이전,/업무사례/통영상속포기한정승인,0.2586,0.1696,GOOD
/업무사례/남해상속등기법무사,/업무사례/양산법인등기법무사,0.2586,0.1509,GOOD
/업무사례/부산에서대구법인본점이전,/업무사례/통영상속포기한정승인,0.2586,0.1593,GOOD
/업무사례/부산울산공동근저당권,/업무사례/진주상속포기한정승인,0.2586,0.0664,GOOD
/업무사례/서울상속등기법무사,/업무사례/안동오래된토지상속등기,0.2586,0.0498,GOOD
/업무사례/울산법무사업무,/업무사례/울주군상속등기법무사,0.2586,0.048,GOOD
/업무사례/대구상인동상속등기,/업무사례/양산개인회생법무사,0.2585,0.2489,GOOD
/업무사례/대구수성구상속등기법무사,/업무사례/울주군상속포기한정승인,0.2585,0.0356,GOOD
/업무사례/대구중구상속등기법무사,/업무사례/양산신축건물보존등기,0.2585,0.2545,GOOD
/업무사례/양산개인회생법무사,/업무사례/울산유증등기법무사,0.2585,0.2664,GOOD
/업무사례/거제상속포기법무사,/업무사례/포항에서부산법인본점이전,0.2584,0.1321,GOOD
/업무사례/경북법인등기법무사,/업무사례/진주상속포기한정승인,0.2584,0.0657,GOOD
/업무사례/남해상속등기법무사,/업무사례/양산개인회생법무사,0.2584,0.1492,GOOD
/업무사례/경북조부모명의토지상속,/업무사례/양산개인회생법무사,0.2583,0.2664,GOOD
/업무사례/대구범어동상속등기,/업무사례/양산개인회생법무사,0.2583,0.2535,GOOD
/업무사례/부산에서양산법인본점이전,/업무사례/울주군상속포기한정승인,0.2583,0.2043,GOOD
/업무사례/양산건물멸실등기,/업무사례/울산토지상속등기,0.2583,0.2436,GOOD
/업무사례/울산공장상속등기,/업무사례/전국상속등기법무사,0.2583,0.0428,GOOD
/업무사례/김해법인등기법무사,/업무사례/포항상속포기한정승인,0.2582,0.0833,GOOD
/업무사례/대구달서구상속등기법무사,/업무사례/울산법무사업무,0.2582,0.0538,GOOD
/업무사례/울산남구상속등기법무사,/업무사례/울산법무사업무,0.2582,0.0533,GOOD
/업무사례/고성군상속등기법무사,/업무사례/부산에서대구법인본점이전,0.2581,0.0954,GOOD
/업무사례/경남비대면상속안내,/업무사례/제주상속등기법무사,0.258,0.0446,GOOD
/업무사례/남해상속등기법무사,/업무사례/울산남구상속등기법무사,0.258,0.0328,GOOD
/업무사례/대구중구상속등기법무사,/업무사례/양산건물멸실등기,0.2579,0.2457,GOOD
/업무사례/부산에서양산법인본점이전,/업무사례/울산법무사업무,0.2578,0.2929,GOOD
/업무사례/양산근저당말소,/업무사례/울산공장상속등기,0.2578,0.2651,GOOD
/업무사례/충북상속등기법무사,/업무사례/포항상속포기한정승인,0.2578,0.0321,GOOD
/업무사례/남해상속등기법무사,/업무사례/대구에서부산법인본점이전,0.2577,0.1241,GOOD
/업무사례/대전유성구상속등기법무사,/업무사례/포항상속포기한정승인,0.2577,0.0367,GOOD
/업무사례/서울상속등기법무사,/업무사례/울주군상속포기한정승인,0.2577,0.0532,GOOD
/업무사례/양산건물멸실등기,/업무사례/울산상속등기비용,0.2577,0.2489,GOOD
/업무사례/울산상속등기비용,/업무사례/전국상속부동산일괄등기,0.2577,0.0471,GOOD
/업무사례/경남비대면상속안내,/업무사례/부산에서울산법인본점이전,0.2576,0.0802,GOOD
/업무사례/부산에서김해법인본점이전,/업무사례/울주군상속포기한정승인,0.2576,0.207,GOOD
/업무사례/부산에서창원법인본점이전,/업무사례/영천상속등기법무사,0.2576,0.122,GOOD
/업무사례/경북조부모명의토지상속,/업무사례/양산건물멸실등기,0.2575,0.2489,GOOD
/업무사례/경주오래된토지상속등기,/업무사례/서울상속등기법무사,0.2575,0.0492,GOOD
/업무사례/고성군상속등기법무사,/업무사례/대구수성구상속등기법무사,0.2575,0.0403,GOOD
/업무사례/사천상속등기법무사,/업무사례/울산남구상속등기법무사,0.2575,0.0329,GOOD
/업무사례/울산아파트상속등기,/업무사례/전국상속부동산일괄등기,0.2575,0.0471,GOOD
/업무사례/울산상속등기필요서류,/업무사례/전국상속부동산일괄등기,0.2574,0.042,GOOD
/업무사례/경기상속등기법무사,/업무사례/사천상속등기법무사,0.2573,0.0372,GOOD
/업무사례/고성군상속등기법무사,/업무사례/부산에서창원법인본점이전,0.2573,0.1148,GOOD
/업무사례/남해상속등기법무사,/업무사례/양산신축건물보존등기,0.2573,0.1406,GOOD
/업무사례/양산건물멸실등기,/업무사례/울산동구상속등기법무사,0.2573,0.2533,GOOD
/업무사례/경북조부모명의토지상속,/업무사례/양산부동산등기법무사,0.2572,0.2661,GOOD
/업무사례/고성군상속등기법무사,/업무사례/대구에서부산법인본점이전,0.2572,0.0827,GOOD
/업무사례/대구법무사업무,/업무사례/울주군상속등기법무사,0.2572,0.0446,GOOD
/업무사례/부산에서김해법인본점이전,/업무사례/울산법무사업무,0.2572,0.2402,GOOD
/업무사례/양산건물멸실등기,/업무사례/울산중구상속등기법무사,0.2572,0.2468,GOOD
/업무사례/고성군상속등기법무사,/업무사례/부산에서양산법인본점이전,0.2571,0.1098,GOOD
/업무사례/부산울산공동근저당권,/업무사례/사천상속등기법무사,0.2571,0.063,GOOD
/업무사례/대구달서구상속등기법무사,/업무사례/영천상속등기법무사,0.257,0.0323,GOOD
/업무사례/울산삼산동상속등기,/업무사례/전국상속부동산일괄등기,0.257,0.0465,GOOD
/업무사례/경남비대면상속안내,/업무사례/김해법인등기법무사,0.2569,0.1043,GOOD
/업무사례/고성군상속등기법무사,/업무사례/양산개인회생법무사,0.2569,0.1038,GOOD
/업무사례/대구경북공동담보등기,/업무사례/진주상속포기한정승인,0.2569,0.0588,GOOD
/업무사례/경남비대면상속안내,/업무사례/제주시상속등기법무사,0.2568,0.0464,GOOD
/업무사례/경북법무사업무,/업무사례/김해법인등기법무사,0.2568,0.2273,GOOD
/업무사례/경북상속등기법무사,/업무사례/포항상속포기한정승인,0.2568,0.032,GOOD
/업무사례/고성군상속등기법무사,/업무사례/울산남구상속등기법무사,0.2568,0.041,GOOD
/업무사례/김해법인등기법무사,/업무사례/대구법무사업무,0.2568,0.22,GOOD
/업무사례/양산개인회생법무사,/업무사례/울산공장상속등기,0.2568,0.2617,GOOD
/업무사례/양산법인등기법무사,/업무사례/울산매곡동상속등기,0.2567,0.172,GOOD
/업무사례/울산상속등기법무사,/업무사례/포항상속포기한정승인,0.2567,0.0354,GOOD
/업무사례/대구중구상속등기법무사,/업무사례/양산부동산등기법무사,0.2566,0.2682,GOOD
/업무사례/양산신축건물보존등기,/업무사례/울산공장상속등기,0.2566,0.2534,GOOD
/업무사례/강원상속등기법무사,/업무사례/포항상속포기한정승인,0.2565,0.0324,GOOD
/업무사례/양산증여등기법무사,/업무사례/울산옥동상속등기,0.2565,0.2137,GOOD
/업무사례/경남법인등기법무사,/업무사례/울주군상속포기한정승인,0.2564,0.1944,GOOD
/업무사례/대구상인동상속등기,/업무사례/양산근저당말소,0.2564,0.2523,GOOD
/업무사례/부산에서대구법인본점이전,/업무사례/진주상속포기한정승인,0.2564,0.0605,GOOD
/업무사례/대구상인동상속등기,/업무사례/양산신축건물보존등기,0.2563,0.2412,GOOD
/업무사례/사천상속등기법무사,/업무사례/양산에서부산법인본점이전,0.2563,0.0726,GOOD
/업무사례/양산법인등기법무사,/업무사례/울산토지상속등기,0.2563,0.17,GOOD
/업무사례/양산신축건물보존등기,/업무사례/울산유증등기법무사,0.2563,0.2523,GOOD
/업무사례/영천상속등기법무사,/업무사례/전국상속등기법무사,0.2563,0.0396,GOOD
/업무사례/울산공장상속등기,/업무사례/전국상속부동산일괄등기,0.2563,0.0423,GOOD
/업무사례/울산유증등기법무사,/업무사례/전국상속등기법무사,0.2563,0.0426,GOOD
/업무사례/경주오래된토지상속등기,/업무사례/부산에서창원법인본점이전,0.2562,0.1548,GOOD
/업무사례/대구남구상속등기법무사,/업무사례/양산법인등기법무사,0.2562,0.1727,GOOD
/업무사례/경남법인등기법무사,/업무사례/경주오래된토지상속등기,0.2561,0.1316,GOOD
/업무사례/대구달성군상속등기법무사,/업무사례/양산증여등기법무사,0.256,0.2177,GOOD
/업무사례/울산유증등기법무사,/업무사례/전국상속부동산일괄등기,0.256,0.0421,GOOD
/업무사례/경남비대면상속안내,/업무사례/대전유성구상속등기법무사,0.2558,0.042,GOOD
/업무사례/대구시지상속등기,/업무사례/양산법인등기법무사,0.2558,0.1864,GOOD
/업무사례/양산법인등기법무사,/업무사례/통영상속포기한정승인,0.2558,0.1686,GOOD
/업무사례/경북법인등기법무사,/업무사례/양산상속포기한정승인,0.2557,0.0324,GOOD
/업무사례/대구상인동상속등기,/업무사례/양산건물멸실등기,0.2557,0.2331,GOOD
/업무사례/경기광주상속등기법무사,/업무사례/사천상속등기법무사,0.2556,0.0459,GOOD
/업무사례/대구경북공동담보등기,/업무사례/사천상속등기법무사,0.2556,0.0554,GOOD
/업무사례/대구북구상속등기법무사,/업무사례/양산법인등기법무사,0.2556,0.1935,GOOD
/업무사례/대구에서부산법인본점이전,/업무사례/통영상속포기한정승인,0.2556,0.1412,GOOD
/업무사례/양산건물멸실등기,/업무사례/울산유증등기법무사,0.2556,0.2435,GOOD
/업무사례/양산에서부산법인본점이전,/업무사례/영천상속등기법무사,0.2556,0.1235,GOOD
/업무사례/양산증여등기법무사,/업무사례/칠곡상속등기법무사,0.2556,0.1921,GOOD
/업무사례/울산중구상속등기법무사,/업무사례/전국상속부동산일괄등기,0.2556,0.0458,GOOD
/업무사례/김해에서부산법인본점이전,/업무사례/울산법무사업무,0.2555,0.2126,GOOD
/업무사례/울산남구상속등기법무사,/업무사례/포항상속포기한정승인,0.2555,0.0331,GOOD
/업무사례/경남법인등기법무사,/업무사례/경남비대면상속안내,0.2554,0.0954,GOOD
/업무사례/경북법무사업무,/업무사례/양산에서부산법인본점이전,0.2554,0.2525,GOOD
/업무사례/대구부산공동근저당권,/업무사례/사천상속등기법무사,0.2554,0.0556,GOOD
/업무사례/부산에서양산법인본점이전,/업무사례/영천상속등기법무사,0.2554,0.1215,GOOD
/업무사례/양산법인등기법무사,/업무사례/울산상속등기필요서류,0.2554,0.168,GOOD
/업무사례/경남비대면상속안내,/업무사례/서울상속등기법무사,0.2553,0.0562,GOOD
/업무사례/경남비대면상속안내,/업무사례/울산남구상속등기법무사,0.2553,0.0427,GOOD
/업무사례/대구달서구상속등기법무사,/업무사례/안동오래된토지상속등기,0.2553,0.0327,GOOD
/업무사례/양산법인등기법무사,/업무사례/울산달동상속등기,0.2553,0.1781,GOOD
/업무사례/양산상속포기한정승인,/업무사례/울산에서부산법인본점이전,0.2553,0.0361,GOOD
/업무사례/경남상속등기법무사,/업무사례/울주군상속포기한정승인,0.2552,0.0417,GOOD
/업무사례/대구다사상속등기,/업무사례/양산증여등기법무사,0.2552,0.212,GOOD
/업무사례/구미에서부산법인본점이전,/업무사례/사천상속등기법무사,0.2551,0.0567,GOOD
/업무사례/양산증여등기법무사,/업무사례/울산북구상속등기법무사,0.2551,0.2093,GOOD
/업무사례/경남비대면상속안내,/업무사례/김해에서부산법인본점이전,0.255,0.0932,GOOD
/업무사례/양산건물멸실등기,/업무사례/울산공장상속등기,0.255,0.2445,GOOD
/업무사례/전국유증등기법무사,/전국유증등기,0.255,0.2955,GOOD
/업무사례/남해상속등기법무사,/업무사례/포항에서부산법인본점이전,0.2549,0.1298,GOOD
/업무사례/경남비대면상속안내,/업무사례/대구경북공동담보등기,0.2548,0.0898,GOOD
/업무사례/경북농지상속등기,/업무사례/양산법인등기법무사,0.2546,0.1627,GOOD
/업무사례/경기상속등기법무사,/업무사례/포항상속포기한정승인,0.2545,0.0335,GOOD
/업무사례/경남법인등기법무사,/업무사례/안동오래된토지상속등기,0.2545,0.1245,GOOD
/업무사례/대구법무사업무,/업무사례/양산에서부산법인본점이전,0.2544,0.245,GOOD
/업무사례/대구아파트상속등기,/업무사례/양산법인등기법무사,0.2544,0.1619,GOOD
/업무사례/대구현풍상속등기,/업무사례/양산법인등기법무사,0.2544,0.1647,GOOD
/업무사례/사천상속등기법무사,/업무사례/포항에서부산법인본점이전,0.2544,0.0498,GOOD
/업무사례/경남법인등기법무사,/업무사례/경북법무사업무,0.2543,0.2837,GOOD
/업무사례/경남법인등기법무사,/업무사례/대구법무사업무,0.2543,0.2765,GOOD
/업무사례/구미에서부산법인본점이전,/업무사례/진주상속포기한정승인,0.2543,0.0648,GOOD
/업무사례/경주오래된토지상속등기,/업무사례/대구달서구상속등기법무사,0.2542,0.0323,GOOD
/업무사례/대구동구상속등기법무사,/업무사례/양산증여등기법무사,0.2542,0.2195,GOOD
/업무사례/대구법무사업무,/업무사례/부산에서양산법인본점이전,0.2542,0.2778,GOOD
/업무사례/울주군상속등기법무사,/업무사례/포항상속포기한정승인,0.2542,0.0348,GOOD
/업무사례/대구범어동상속등기,/업무사례/전국상속부동산일괄등기,0.2541,0.038,GOOD
/업무사례/대구부산공동근저당권,/업무사례/양산상속포기한정승인,0.2541,0.033,GOOD
/업무사례/부산에서대구법인본점이전,/업무사례/사천상속등기법무사,0.2541,0.0567,GOOD
/업무사례/고성군상속등기법무사,/업무사례/양산신축건물보존등기,0.254,0.097,GOOD
/업무사례/대구범어동상속등기,/업무사례/양산신축건물보존등기,0.254,0.2455,GOOD
/업무사례/대구현풍상속등기,/업무사례/양산증여등기법무사,0.254,0.2078,GOOD
/업무사례/양산증여등기법무사,/업무사례/울산송정동상속등기,0.254,0.1834,GOOD
/업무사례/경남비대면상속안내,/업무사례/울산에서부산법인본점이전,0.2539,0.0901,GOOD
/업무사례/양산증여등기법무사,/업무사례/울산달동상속등기,0.2539,0.2129,GOOD
/업무사례/거제상속포기법무사,/업무사례/양산증여등기법무사,0.2538,0.1348,GOOD
/업무사례/남해상속등기법무사,/업무사례/양산건물멸실등기,0.2538,0.1364,GOOD
/업무사례/대구남구상속등기법무사,/업무사례/양산증여등기법무사,0.2538,0.2169,GOOD
/업무사례/경남비대면상속안내,/업무사례/부산에서김해법인본점이전,0.2537,0.0924,GOOD
/업무사례/양산증여등기법무사,/업무사례/울주언양상속등기,0.2537,0.2103,GOOD
/업무사례/대구달서구상속등기법무사,/업무사례/울주군상속포기한정승인,0.2536,0.0364,GOOD
/업무사례/부산에서창원법인본점이전,/업무사례/안동오래된토지상속등기,0.2536,0.1423,GOOD
/업무사례/경주오래된토지상속등기,/업무사례/전국상속등기법무사,0.2535,0.0396,GOOD
/업무사례/대구법무사업무,/업무사례/부산에서김해법인본점이전,0.2535,0.2255,GOOD
/업무사례/대구에서부산법인본점이전,/업무사례/진주상속포기한정승인,0.2535,0.0526,GOOD
/업무사례/양산법인등기법무사,/업무사례/울산북구상속등기법무사,0.2535,0.1758,GOOD
/업무사례/부산에서창원법인본점이전,/업무사례/사천상속등기법무사,0.2534,0.0717,GOOD
/업무사례/양산증여등기법무사,/업무사례/진주상속포기한정승인,0.2534,0.0638,GOOD
/업무사례/창원법인등기법무사,/업무사례/포항상속포기한정승인,0.2534,0.0723,GOOD
/업무사례/대구에서부산법인본점이전,/업무사례/사천상속등기법무사,0.2533,0.0493,GOOD
/업무사례/양산법인등기법무사,/업무사례/울산동구상속등기법무사,0.2533,0.1811,GOOD
/업무사례/부산에서양산법인본점이전,/업무사례/사천상속등기법무사,0.2532,0.0714,GOOD
/업무사례/양산법인등기법무사,/업무사례/울주언양상속등기,0.2532,0.176,GOOD
/업무사례/충북상속등기법무사,/전국상속등기,0.2532,0.3333,GOOD
/업무사례/대구범어동상속등기,/업무사례/양산근저당말소,0.2531,0.2511,GOOD
/업무사례/부산에서김해법인본점이전,/업무사례/포항상속포기한정승인,0.253,0.064,GOOD
/업무사례/경기광주상속등기법무사,/업무사례/포항상속포기한정승인,0.2528,0.0387,GOOD
/업무사례/경북임야상속등기,/업무사례/양산법인등기법무사,0.2528,0.1814,GOOD
/업무사례/양산상속포기한정승인,/업무사례/양산증여등기법무사,0.2528,0.0297,GOOD
/업무사례/창원에서부산법인본점이전,/업무사례/포항상속포기한정승인,0.2528,0.0643,GOOD
/업무사례/경남비대면상속안내,/업무사례/대구부산공동근저당권,0.2527,0.0817,GOOD
/업무사례/대구수성구상속등기법무사,/업무사례/사천상속등기법무사,0.2526,0.0324,GOOD
/업무사례/양산법인등기법무사,/업무사례/울산아파트상속등기,0.2526,0.1721,GOOD
/업무사례/경남비대면상속안내,/업무사례/양산부동산등기법무사,0.2524,0.0888,GOOD
/업무사례/고성군상속등기법무사,/업무사례/양산건물멸실등기,0.2524,0.0942,GOOD
/업무사례/서울상속등기법무사,/업무사례/포항상속포기한정승인,0.2524,0.0346,GOOD
/업무사례/고성군상속등기법무사,/업무사례/양산증여등기법무사,0.2523,0.0928,GOOD
/업무사례/대구범어동상속등기,/업무사례/양산건물멸실등기,0.2523,0.2371,GOOD
/업무사례/대구상인동상속등기,/업무사례/양산부동산등기법무사,0.2523,0.2489,GOOD
/업무사례/경북법무사업무,/업무사례/부산에서양산법인본점이전,0.2522,0.2792,GOOD
/업무사례/경북오래된상속등기,/업무사례/양산법인등기법무사,0.2522,0.1627,GOOD
/업무사례/양산법인등기법무사,/업무사례/울주삼남상속등기,0.2522,0.1741,GOOD
/업무사례/경남비대면상속안내,/업무사례/대구달서구상속등기법무사,0.2521,0.0431,GOOD
/업무사례/대구수성구상속등기법무사,/업무사례/포항상속포기한정승인,0.2521,0.0367,GOOD
/업무사례/양산법인등기법무사,/업무사례/울주범서상속등기,0.252,0.1767,GOOD
/업무사례/대구달서구상속등기법무사,/업무사례/사천상속등기법무사,0.2519,0.0332,GOOD
/업무사례/부산울산공동근저당권,/업무사례/양산상속포기한정승인,0.2518,0.0327,GOOD
/업무사례/양산법인등기법무사,/업무사례/울산유증등기법무사,0.2518,0.1687,GOOD
/업무사례/양산증여등기법무사,/업무사례/울주삼남상속등기,0.2518,0.2137,GOOD
/업무사례/남해상속등기법무사,/업무사례/양산부동산등기법무사,0.2517,0.1462,GOOD
/업무사례/경북토지상속등기,/업무사례/양산법인등기법무사,0.2516,0.1602,GOOD
/업무사례/안동상속등기법무사,/업무사례/양산법인등기법무사,0.2516,0.19,GOOD
/업무사례/양산증여등기법무사,/업무사례/울주범서상속등기,0.2516,0.2112,GOOD
/업무사례/진주상속포기한정승인,/업무사례/포항에서부산법인본점이전,0.2516,0.0569,GOOD
/업무사례/양산증여등기법무사,/업무사례/통영상속포기한정승인,0.2515,0.1491,GOOD
/업무사례/경남비대면상속안내,/업무사례/경북법인등기법무사,0.2514,0.0885,GOOD
/업무사례/경남비대면상속안내,/업무사례/구미에서부산법인본점이전,0.2514,0.0901,GOOD
/업무사례/경북법무사업무,/업무사례/부산에서김해법인본점이전,0.2514,0.2266,GOOD
/업무사례/대구시지상속등기,/업무사례/양산증여등기법무사,0.2514,0.1982,GOOD
/업무사례/대구토지상속등기,/업무사례/양산법인등기법무사,0.2514,0.1639,GOOD
/업무사례/양산개인회생법무사,/업무사례/영천상속등기법무사,0.2514,0.1107,GOOD
/업무사례/양산법인등기법무사,/업무사례/울산송정동상속등기,0.2514,0.1982,GOOD
/업무사례/양산증여등기법무사,/업무사례/울산매곡동상속등기,0.2514,0.2112,GOOD
/업무사례/사천상속등기법무사,/업무사례/양산개인회생법무사,0.2513,0.0677,GOOD
/업무사례/경북상속등기필요서류,/업무사례/양산법인등기법무사,0.2512,0.1647,GOOD
/업무사례/대구경북공동담보등기,/업무사례/양산상속포기한정승인,0.2512,0.0291,GOOD
/업무사례/대구북구상속등기법무사,/업무사례/양산증여등기법무사,0.2512,0.1894,GOOD
/업무사례/대구상속등기필요서류,/업무사례/양산법인등기법무사,0.2512,0.1581,GOOD
/업무사례/양산법인등기법무사,/업무사례/울산공장상속등기,0.2512,0.1647,GOOD
/업무사례/사천상속등기법무사,/업무사례/양산신축건물보존등기,0.2511,0.062,GOOD
/업무사례/영천상속등기법무사,/업무사례/전국상속부동산일괄등기,0.2511,0.0355,GOOD
/업무사례/대구범어동상속등기,/업무사례/양산부동산등기법무사,0.251,0.2534,GOOD
/업무사례/양산증여등기법무사,/업무사례/울산상속등기필요서류,0.251,0.2072,GOOD
/업무사례/양산법인등기법무사,/업무사례/진주상속포기한정승인,0.2509,0.0775,GOOD
/업무사례/김해에서부산법인본점이전,/업무사례/대구법무사업무,0.2508,0.1981,GOOD
/업무사례/대구에서부산법인본점이전,/업무사례/양산상속포기한정승인,0.2508,0.0315,GOOD
/업무사례/경남비대면상속안내,/업무사례/부산울산공동근저당권,0.2506,0.0769,GOOD
/업무사례/경남비대면상속안내,/업무사례/양산근저당말소,0.2506,0.0898,GOOD
/업무사례/부산에서대구법인본점이전,/업무사례/양산상속포기한정승인,0.2506,0.0361,GOOD
/업무사례/경북임야상속등기,/업무사례/양산증여등기법무사,0.2504,0.188,GOOD
/업무사례/김해에서부산법인본점이전,/업무사례/포항상속포기한정승인,0.2504,0.0645,GOOD
/업무사례/대구군위군상속등기법무사,/업무사례/양산법인등기법무사,0.2504,0.1935,GOOD
/업무사례/대구월성동상속등기,/업무사례/양산법인등기법무사,0.2504,0.1445,GOOD
/업무사례/대구유증등기법무사,/업무사례/양산법인등기법무사,0.2502,0.1641,GOOD
/업무사례/안동상속등기법무사,/업무사례/양산증여등기법무사,0.2502,0.1913,GOOD
/업무사례/대구군위군상속등기법무사,/업무사례/양산증여등기법무사,0.25,0.179,GOOD
/업무사례/대구서구상속등기법무사,/업무사례/양산증여등기법무사,0.25,0.1894,GOOD
/업무사례/대전상속등기법무사,/전국상속등기,0.2499,0.3096,GOOD
/업무사례/경북법무사업무,/업무사례/김해에서부산법인본점이전,0.2498,0.199,GOOD
/업무사례/남해상속등기법무사,/업무사례/대구달서구상속등기법무사,0.2498,0.0331,GOOD
/업무사례/대구달서구상속등기법무사,/업무사례/포항상속포기한정승인,0.2498,0.0333,GOOD
/업무사례/대구상속등기필요서류,/업무사례/양산증여등기법무사,0.2498,0.2112,GOOD
/업무사례/대구유증등기법무사,/업무사례/양산증여등기법무사,0.2498,0.2213,GOOD
/업무사례/경북상속등기비용,/업무사례/양산증여등기법무사,0.2496,0.212,GOOD
/업무사례/구미에서부산법인본점이전,/업무사례/양산상속포기한정승인,0.2496,0.032,GOOD
/업무사례/대구상속등기비용,/업무사례/양산증여등기법무사,0.2496,0.2103,GOOD
/업무사례/부산에서창원법인본점이전,/업무사례/울주군상속포기한정승인,0.2496,0.2105,GOOD
/업무사례/고성군상속등기법무사,/업무사례/대구달서구상속등기법무사,0.2495,0.0413,GOOD
/업무사례/경남비대면상속안내,/업무사례/부산에서대구법인본점이전,0.2494,0.0855,GOOD
/업무사례/대구서구상속등기법무사,/업무사례/양산법인등기법무사,0.2494,0.1935,GOOD
/업무사례/김해상속등기필요서류,/업무사례/양산법무사업무,0.2493,0.0103,GOOD
/업무사례/경북농지상속등기,/업무사례/양산증여등기법무사,0.2492,0.2112,GOOD
/업무사례/양산신축건물보존등기,/업무사례/영천상속등기법무사,0.2492,0.1037,GOOD
/업무사례/경남법무사업무,/업무사례/양산증여등기법무사,0.249,0.208,GOOD
/업무사례/경북상속등기비용,/업무사례/양산법인등기법무사,0.249,0.1633,GOOD
/업무사례/경주오래된토지상속등기,/업무사례/양산개인회생법무사,0.249,0.1323,GOOD
/업무사례/경주오래된토지상속등기,/업무사례/양산근저당말소,0.249,0.1313,GOOD
/업무사례/대구상속등기비용,/업무사례/양산법인등기법무사,0.249,0.1575,GOOD
/업무사례/대구아파트상속등기,/업무사례/양산증여등기법무사,0.249,0.2163,GOOD
/업무사례/양산증여등기법무사,/업무사례/울산토지상속등기,0.249,0.2087,GOOD
/업무사례/경북상속등기필요서류,/업무사례/양산증여등기법무사,0.2488,0.2137,GOOD
/업무사례/김해거주부산부동산상속,/업무사례/양산법무사업무,0.2488,0.0074,GOOD
/업무사례/사천상속등기법무사,/업무사례/양산건물멸실등기,0.2487,0.0603,GOOD
/업무사례/세종상속등기법무사,/전국상속등기,0.2487,0.3081,GOOD
/업무사례/경남비대면상속안내,/업무사례/대구에서부산법인본점이전,0.2486,0.0738,GOOD
/업무사례/경북조부모명의토지상속,/업무사례/양산법인등기법무사,0.2486,0.164,GOOD
/업무사례/전남상속등기법무사,/전국상속등기,0.2486,0.3386,GOOD
/업무사례/양산근저당말소,/업무사례/영천상속등기법무사,0.2484,0.1057,GOOD
/업무사례/양산증여등기법무사,/업무사례/울산유증등기법무사,0.2484,0.2129,GOOD
/업무사례/경북토지상속등기,/업무사례/양산증여등기법무사,0.2482,0.2078,GOOD
/업무사례/대구만촌동상속등기,/업무사례/양산증여등기법무사,0.2482,0.1818,GOOD
/업무사례/안동오래된토지상속등기,/업무사례/양산신축건물보존등기,0.2482,0.1217,GOOD
/업무사례/양산증여등기법무사,/업무사례/울산아파트상속등기,0.2482,0.2122,GOOD
/업무사례/양산증여등기법무사,/업무사례/울산중구상속등기법무사,0.2481,0.216,GOOD
/업무사례/대구토지상속등기,/업무사례/양산증여등기법무사,0.248,0.219,GOOD
/업무사례/양산증여등기법무사,/업무사례/울산동구상속등기법무사,0.248,0.2213,GOOD
/업무사례/경주오래된토지상속등기,/업무사례/양산신축건물보존등기,0.2478,0.1288,GOOD
/업무사례/양산부동산등기법무사,/업무사례/울산법무사업무,0.2478,0.2615,GOOD
/업무사례/경남비대면상속안내,/업무사례/전국상속등기법무사,0.2477,0.0456,GOOD
/업무사례/경주오래된토지상속등기,/업무사례/전국상속부동산일괄등기,0.2476,0.0391,GOOD
/업무사례/양산건물멸실등기,/업무사례/영천상속등기법무사,0.2476,0.1007,GOOD
/업무사례/안동오래된토지상속등기,/업무사례/양산개인회생법무사,0.2475,0.125,GOOD
/업무사례/안동오래된토지상속등기,/업무사례/양산근저당말소,0.2475,0.124,GOOD
/업무사례/안동오래된토지상속등기,/업무사례/전국상속등기법무사,0.2475,0.04,GOOD
/업무사례/양산근저당말소,/업무사례/울주군상속포기한정승인,0.2475,0.1815,GOOD
/업무사례/양산법인등기법무사,/업무사례/울산중구상속등기법무사,0.2475,0.1815,GOOD
/업무사례/양산증여등기법무사,/업무사례/울산상속등기비용,0.2475,0.2122,GOOD
/업무사례/양산법무사업무,/업무사례/창원성산구상속등기법무사,0.2472,0.0078,GOOD
/업무사례/남해상속등기법무사,/업무사례/전국상속등기법무사,0.2471,0.0443,GOOD
/업무사례/양산법인등기법무사,/업무사례/울산삼산동상속등기,0.2471,0.1796,GOOD
/업무사례/경남비대면상속안내,/업무사례/부산에서창원법인본점이전,0.247,0.0962,GOOD
/업무사례/부산에서창원법인본점이전,/업무사례/울산법무사업무,0.247,0.2879,GOOD
/업무사례/사천상속등기법무사,/업무사례/양산증여등기법무사,0.247,0.0606,GOOD
/업무사례/양산상속포기한정승인,/업무사례/포항에서부산법인본점이전,0.247,0.0282,GOOD
/업무사례/경남법인등기법무사,/업무사례/포항상속포기한정승인,0.2469,0.0616,GOOD
/업무사례/고성군상속등기법무사,/업무사례/전국상속등기법무사,0.2468,0.044,GOOD
/업무사례/남해상속등기법무사,/업무사례/전국상속부동산일괄등기,0.2468,0.04,GOOD
/업무사례/사천상속등기법무사,/업무사례/전국상속등기법무사,0.2468,0.0406,GOOD
/업무사례/경남상속등기법무사,/업무사례/포항상속포기한정승인,0.2467,0.0349,GOOD
/업무사례/제주상속등기법무사,/전국상속등기,0.2467,0.3161,GOOD
/업무사례/양산개인회생법무사,/업무사례/울주군상속포기한정승인,0.2466,0.1878,GOOD
/업무사례/경북법무사업무,/업무사례/전국상속등기법무사,0.2465,0.0476,GOOD
/업무사례/고성군상속등기법무사,/업무사례/전국상속부동산일괄등기,0.2465,0.0397,GOOD
/업무사례/대구법무사업무,/업무사례/양산부동산등기법무사,0.2463,0.2651,GOOD
/업무사례/울산법무사업무,/업무사례/전국상속등기법무사,0.2462,0.0469,GOOD
/업무사례/대구중구상속등기법무사,/업무사례/양산법인등기법무사,0.2461,0.1713,GOOD
/업무사례/양산법무사업무,/업무사례/양산상속등기필요서류,0.2461,0.0117,GOOD
/업무사례/대구월성동상속등기,/업무사례/양산증여등기법무사,0.246,0.2016,GOOD
/업무사례/양산법인등기법무사,/업무사례/울산상속등기비용,0.2459,0.1721,GOOD
/업무사례/경남비대면상속안내,/업무사례/양산신축건물보존등기,0.2457,0.0881,GOOD
/업무사례/대구법무사업무,/업무사례/전국상속등기법무사,0.2457,0.0433,GOOD
/업무사례/양산증여등기법무사,/업무사례/울산삼산동상속등기,0.2457,0.2146,GOOD
/업무사례/안동오래된토지상속등기,/업무사례/전국상속부동산일괄등기,0.2456,0.0396,GOOD
/업무사례/양산부동산등기법무사,/업무사례/울주군상속포기한정승인,0.2456,0.184,GOOD
/업무사례/경북법무사업무,/업무사례/양산부동산등기법무사,0.2453,0.2664,GOOD
/업무사례/경주오래된토지상속등기,/업무사례/양산건물멸실등기,0.2453,0.125,GOOD
/업무사례/울주군상속포기한정승인,/업무사례/전국상속등기법무사,0.2452,0.0433,GOOD
/업무사례/경주오래된토지상속등기,/업무사례/양산부동산등기법무사,0.2451,0.1298,GOOD
/업무사례/양산증여등기법무사,/업무사례/울산공장상속등기,0.245,0.2088,GOOD
/업무사례/경남오래된상속등기,/업무사례/양산법무사업무,0.2449,0.0076,GOOD
/업무사례/경북오래된상속등기,/업무사례/양산증여등기법무사,0.2449,0.2112,GOOD
/업무사례/안동오래된토지상속등기,/업무사례/양산건물멸실등기,0.2447,0.1181,GOOD
/업무사례/대구만촌동상속등기,/업무사례/양산법인등기법무사,0.2446,0.1644,GOOD
/업무사례/양산부동산등기법무사,/업무사례/영천상속등기법무사,0.2445,0.1086,GOOD
/업무사례/전북상속등기법무사,/전국상속등기,0.2445,0.3333,GOOD
/업무사례/경북조부모명의토지상속,/업무사례/양산증여등기법무사,0.2444,0.2129,GOOD
/업무사례/양산신축건물보존등기,/업무사례/울주군상속포기한정승인,0.2444,0.1779,GOOD
/업무사례/전국상속부동산일괄등기,/업무사례/포항상속포기한정승인,0.2444,0.0327,GOOD
/업무사례/부산에서창원법인본점이전,/업무사례/포항상속포기한정승인,0.2442,0.0635,GOOD
/업무사례/경남비대면상속안내,/업무사례/양산개인회생법무사,0.2441,0.0906,GOOD
/업무사례/경북상속등기법무사,/전국상속등기,0.2441,0.3316,GOOD
/업무사례/울주군상속포기한정승인,/업무사례/전국상속부동산일괄등기,0.2441,0.0429,GOOD
/업무사례/부산거주양산부동산상속,/업무사례/양산법무사업무,0.244,0.0075,GOOD
/업무사례/양산개인회생법무사,/업무사례/울산법무사업무,0.244,0.2617,GOOD
/업무사례/대구상인동상속등기,/업무사례/양산법인등기법무사,0.2439,0.1429,GOOD
/업무사례/대구중구상속등기법무사,/업무사례/양산증여등기법무사,0.2438,0.2151,GOOD
/업무사례/양산신축건물보존등기,/업무사례/울산법무사업무,0.2437,0.2591,GOOD
/업무사례/경남비대면상속안내,/업무사례/양산증여등기법무사,0.2436,0.0883,GOOD
/업무사례/울산법무사업무,/업무사례/전국상속부동산일괄등기,0.2435,0.0463,GOOD
/업무사례/대구법무사업무,/업무사례/부산에서창원법인본점이전,0.2434,0.2663,GOOD
/업무사례/대구법무사업무,/업무사례/양산근저당말소,0.2434,0.2629,GOOD
/업무사례/양산근저당말소,/업무사례/울산법무사업무,0.243,0.2593,GOOD
/업무사례/양산신축건물보존등기,/업무사례/포항상속포기한정승인,0.243,0.0545,GOOD
/업무사례/양산건물멸실등기,/업무사례/울주군상속포기한정승인,0.2429,0.1724,GOOD
/업무사례/안동오래된토지상속등기,/업무사례/양산부동산등기법무사,0.2426,0.1226,GOOD
/업무사례/경남비대면상속안내,/업무사례/양산건물멸실등기,0.2424,0.0855,GOOD
/업무사례/경북법무사업무,/업무사례/전국상속부동산일괄등기,0.2423,0.0471,GOOD
/업무사례/대구법무사업무,/업무사례/전국상속부동산일괄등기,0.2422,0.0428,GOOD
/업무사례/부산에서양산법인본점이전,/업무사례/포항상속포기한정승인,0.2421,0.0632,GOOD
/업무사례/남해상속등기법무사,/업무사례/양산증여등기법무사,0.2419,0.1326,GOOD
/업무사례/인천상속등기법무사,/전국상속등기,0.2416,0.3441,GOOD
/업무사례/경북법무사업무,/업무사례/부산에서창원법인본점이전,0.2415,0.2741,GOOD
/업무사례/경북법무사업무,/업무사례/양산개인회생법무사,0.2415,0.2667,GOOD
/업무사례/양산에서부산법인본점이전,/업무사례/포항상속포기한정승인,0.2414,0.0643,GOOD
/업무사례/충북상속등기법무사,/전국유증등기,0.2414,0.5598,GOOD
/업무사례/경북법무사업무,/업무사례/양산신축건물보존등기,0.2412,0.2581,GOOD
/업무사례/양산건물멸실등기,/업무사례/울산법무사업무,0.2412,0.2445,GOOD
/업무사례/대구법무사업무,/업무사례/양산신축건물보존등기,0.2411,0.2627,GOOD
/업무사례/경북법무사업무,/업무사례/양산건물멸실등기,0.2406,0.2489,GOOD
/업무사례/울산상속등기법무사,/전국상속등기,0.2406,0.2921,GOOD
/업무사례/경북법무사업무,/업무사례/양산근저당말소,0.2405,0.2642,GOOD
/업무사례/양산건물멸실등기,/업무사례/포항상속포기한정승인,0.2405,0.053,GOOD
/업무사례/경북상속등기법무사,/전국유증등기,0.2404,0.5568,GOOD
/업무사례/대구법무사업무,/업무사례/양산개인회생법무사,0.2404,0.2654,GOOD
/업무사례/양산개인회생법무사,/업무사례/포항상속포기한정승인,0.2404,0.0599,GOOD
/업무사례/양산근저당말소,/업무사례/포항상속포기한정승인,0.2404,0.0595,GOOD
/업무사례/전국상속등기법무사,/업무사례/포항상속포기한정승인,0.2401,0.0331,GOOD
/업무사례/사천상속등기법무사,/업무사례/전국상속부동산일괄등기,0.2397,0.0326,GOOD
/업무사례/경남비대면상속안내,/업무사례/전국상속부동산일괄등기,0.2391,0.0412,GOOD
/업무사례/강원상속등기법무사,/전국상속등기,0.239,0.3368,GOOD
/업무사례/대구범어동상속등기,/업무사례/양산법인등기법무사,0.2389,0.1451,GOOD
/업무사례/대구상인동상속등기,/업무사례/양산증여등기법무사,0.2387,0.1992,GOOD
/업무사례/대구법무사업무,/업무사례/양산건물멸실등기,0.2386,0.2478,GOOD
/업무사례/고성군상속등기법무사,/업무사례/양산법인등기법무사,0.2384,0.1083,GOOD
/업무사례/양산법무사업무,/업무사례/진주상속포기한정승인,0.2384,0.0066,GOOD
/업무사례/강원상속등기법무사,/전국유증등기,0.2374,0.5659,GOOD
/업무사례/광주상속등기법무사,/전국상속등기,0.2371,0.3177,GOOD
/업무사례/양산법인등기법무사,/업무사례/영천상속등기법무사,0.237,0.1147,GOOD
/업무사례/경남상속등기법무사,/전국상속등기,0.2365,0.3684,GOOD
/업무사례/대전유성구상속등기법무사,/전국상속등기,0.2358,0.2011,GOOD
/업무사례/경주오래된토지상속등기,/업무사례/양산법인등기법무사,0.2348,0.135,GOOD
/업무사례/대구범어동상속등기,/업무사례/양산증여등기법무사,0.2347,0.2024,GOOD
/업무사례/울산남구상속등기법무사,/전국상속등기,0.2342,0.1604,GOOD
/업무사례/포항상속등기법무사,/전국상속등기,0.2341,0.2961,GOOD
/업무사례/양산부동산등기법무사,/업무사례/포항상속포기한정승인,0.2339,0.0588,GOOD
/업무사례/양산증여등기법무사,/업무사례/영천상속등기법무사,0.2339,0.099,GOOD
/업무사례/제주시상속등기법무사,/전국상속등기,0.2337,0.1946,GOOD
/업무사례/경남비대면상속안내,/업무사례/양산법인등기법무사,0.2334,0.0879,GOOD
/업무사례/사천상속등기법무사,/업무사례/양산법인등기법무사,0.2333,0.0704,GOOD
/업무사례/양산법인등기법무사,/업무사례/울산법무사업무,0.2328,0.1741,GOOD
/업무사례/경주오래된토지상속등기,/업무사례/양산증여등기법무사,0.2326,0.1181,GOOD
/업무사례/안동오래된토지상속등기,/업무사례/양산법인등기법무사,0.2325,0.1282,GOOD
/업무사례/대구달서구상속등기법무사,/전국상속등기,0.2323,0.1559,GOOD
/업무사례/경북법무사업무,/업무사례/양산법인등기법무사,0.2322,0.1626,GOOD
/업무사례/경기광주상속등기법무사,/전국상속등기,0.2319,0.278,GOOD
/업무사례/양산증여등기법무사,/업무사례/울산법무사업무,0.2316,0.2088,GOOD
/업무사례/양산증여등기법무사,/업무사례/울주군상속포기한정승인,0.2315,0.1667,GOOD
/업무사례/양산법인등기법무사,/업무사례/울주군상속포기한정승인,0.2309,0.1604,GOOD
/업무사례/안동오래된토지상속등기,/업무사례/양산증여등기법무사,0.2304,0.1115,GOOD
/업무사례/고성군상속등기법무사,/업무사례/양산법무사업무,0.2295,0.0065,GOOD
/업무사례/경북법무사업무,/업무사례/양산증여등기법무사,0.2292,0.2122,GOOD
/업무사례/경산상속등기법무사,/전국상속등기,0.2292,0.2961,GOOD
/업무사례/충남상속등기법무사,/전국상속등기,0.2292,0.3368,GOOD
/업무사례/사천상속등기법무사,/업무사례/양산법무사업무,0.229,0.0066,GOOD
/업무사례/김해상속등기비용,/업무사례/양산법무사업무,0.2283,0.0114,GOOD
/업무사례/대구법무사업무,/업무사례/양산증여등기법무사,0.2282,0.2114,GOOD
/업무사례/대전서구상속등기법무사,/전국상속등기,0.2282,0.2878,GOOD
/업무사례/서울상속등기법무사,/전국상속등기,0.2275,0.3486,GOOD
/업무사례/양산거주부산부동산상속,/업무사례/양산법무사업무,0.2275,0.0075,GOOD
/업무사례/경남유증등기법무사,/업무사례/양산법무사업무,0.2274,0.0075,GOOD
/업무사례/양산법무사업무,/업무사례/창원의창구상속등기법무사,0.2272,0.0076,GOOD
/업무사례/전국상속부동산일괄등기,/전국상속등기,0.227,0.1729,GOOD
/업무사례/대구법무사업무,/업무사례/양산법인등기법무사,0.2267,0.1573,GOOD
/업무사례/양산법인등기법무사,/업무사례/포항상속포기한정승인,0.2263,0.0632,GOOD
/업무사례/양산법무사업무,/업무사례/양산상속등기비용,0.2257,0.0077,GOOD
/업무사례/김해법인등기법무사,/업무사례/양산법무사업무,0.2255,0.0192,GOOD
/업무사례/양산법무사업무,/업무사례/울산법무사업무,0.225,0.0175,GOOD
/업무사례/부산거주김해부동산상속,/업무사례/양산법무사업무,0.2246,0.0076,GOOD
/업무사례/양산법무사업무,/업무사례/창원상속등기비용,0.2246,0.0077,GOOD
/업무사례/대구수성구상속등기법무사,/전국상속등기,0.2245,0.1946,GOOD
/업무사례/경남상속등기비용,/업무사례/양산법무사업무,0.2244,0.0069,GOOD
/업무사례/양산증여등기법무사,/업무사례/포항상속포기한정승인,0.2243,0.0537,GOOD
/업무사례/양산법무사업무,/업무사례/울산동구상속등기법무사,0.2242,0.007,GOOD
/업무사례/양산법무사업무,/업무사례/울주삼남상속등기,0.2239,0.0069,GOOD
/업무사례/양산법무사업무,/업무사례/통영상속포기한정승인,0.2238,0.0066,GOOD
/업무사례/울주군상속등기법무사,/전국상속등기,0.2238,0.3005,GOOD
/업무사례/양산법무사업무,/업무사례/창원상속등기필요서류,0.2234,0.0077,GOOD
/업무사례/양산법무사업무,/업무사례/울주범서상속등기,0.2231,0.0068,GOOD
/업무사례/대구성서상속등기,/업무사례/양산법무사업무,0.2229,0.0076,GOOD
/업무사례/경남여러필지토지상속,/업무사례/양산법무사업무,0.2226,0.0074,GOOD
/업무사례/대구서구상속등기법무사,/업무사례/양산법무사업무,0.2226,0.0078,GOOD
/업무사례/대구법무사업무,/업무사례/양산법무사업무,0.2225,0.0177,GOOD
/업무사례/양산법무사업무,/업무사례/울산북구상속등기법무사,0.2217,0.0067,GOOD
/업무사례/거제상속포기법무사,/업무사례/양산법무사업무,0.2213,0.0065,GOOD
/업무사례/대구북구상속등기법무사,/업무사례/양산법무사업무,0.2213,0.0078,GOOD
/업무사례/경기상속등기법무사,/전국상속등기,0.2212,0.3243,GOOD
/업무사례/경남조부모명의토지상속,/업무사례/양산법무사업무,0.221,0.0076,GOOD
/업무사례/대구달성군상속등기법무사,/업무사례/양산법무사업무,0.2205,0.0069,GOOD
/업무사례/대구남구상속등기법무사,/업무사례/양산법무사업무,0.2204,0.0103,GOOD
/업무사례/경남법인등기법무사,/업무사례/양산법무사업무,0.2201,0.0067,GOOD
/업무사례/양산법무사업무,/업무사례/칠곡상속등기법무사,0.2201,0.0077,GOOD
/업무사례/양산법무사업무,/업무사례/울산송정동상속등기,0.2199,0.0077,GOOD
/업무사례/대구다사상속등기,/업무사례/양산법무사업무,0.2198,0.0069,GOOD
/업무사례/양산법무사업무,/업무사례/울산삼산동상속등기,0.2198,0.0069,GOOD
/업무사례/양산법무사업무,/업무사례/울산옥동상속등기,0.2196,0.0069,GOOD
/업무사례/대구군위군상속등기법무사,/업무사례/양산법무사업무,0.2192,0.0078,GOOD
/업무사례/대구시지상속등기,/업무사례/양산법무사업무,0.2192,0.0077,GOOD
/업무사례/대구현풍상속등기,/업무사례/양산법무사업무,0.219,0.0068,GOOD
/업무사례/양산법무사업무,/업무사례/울산상속등기비용,0.2189,0.007,GOOD
/업무사례/양산법무사업무,/업무사례/울산중구상속등기법무사,0.2188,0.0068,GOOD
/업무사례/대구동구상속등기법무사,/업무사례/양산법무사업무,0.2186,0.0069,GOOD
/업무사례/양산법무사업무,/업무사례/울산아파트상속등기,0.2186,0.007,GOOD
/업무사례/양산법무사업무,/업무사례/양산상속포기한정승인,0.2185,0.0067,GOOD
/업무사례/양산법무사업무,/업무사례/울산상속등기필요서류,0.2185,0.0103,GOOD
/업무사례/부산에서김해법인본점이전,/업무사례/양산법무사업무,0.2179,0.0112,GOOD
/업무사례/경북농지상속등기,/업무사례/양산법무사업무,0.2178,0.0103,GOOD
/업무사례/경북상속등기필요서류,/업무사례/양산법무사업무,0.2177,0.0104,GOOD
/업무사례/대구상속등기필요서류,/업무사례/양산법무사업무,0.2176,0.0103,GOOD
/업무사례/대구아파트상속등기,/업무사례/양산법무사업무,0.2175,0.0105,GOOD
/업무사례/경북임야상속등기,/업무사례/양산법무사업무,0.2173,0.0113,GOOD
/업무사례/양산법무사업무,/업무사례/울주언양상속등기,0.2171,0.0068,GOOD
/업무사례/경북상속등기비용,/업무사례/양산법무사업무,0.2168,0.0069,GOOD
/업무사례/김해에서부산법인본점이전,/업무사례/양산법무사업무,0.2168,0.0075,GOOD
/업무사례/대구상속등기비용,/업무사례/양산법무사업무,0.2168,0.0068,GOOD
/업무사례/대구유증등기법무사,/업무사례/양산법무사업무,0.2167,0.0067,GOOD
/업무사례/양산법무사업무,/업무사례/울산토지상속등기,0.2166,0.0068,GOOD
/업무사례/경북법무사업무,/업무사례/양산법무사업무,0.216,0.0106,GOOD
/업무사례/양산법무사업무,/업무사례/울산달동상속등기,0.2159,0.0069,GOOD
/업무사례/대구토지상속등기,/업무사례/양산법무사업무,0.2156,0.0106,GOOD
/업무사례/양산에서부산법인본점이전,/전국법인본점이전등기,0.2154,0.0484,GOOD
/업무사례/안동상속등기법무사,/업무사례/양산법무사업무,0.2153,0.0076,GOOD
/업무사례/양산법무사업무,/업무사례/울산매곡동상속등기,0.215,0.0068,GOOD
/업무사례/양산법무사업무,/업무사례/울산유증등기법무사,0.2148,0.0069,GOOD
/업무사례/전국업무사례,/전국업무,0.2147,0.2311,GOOD
/업무사례/경북토지상속등기,/업무사례/양산법무사업무,0.2145,0.0102,GOOD
/업무사례/대구중구상속등기법무사,/업무사례/양산법무사업무,0.2144,0.0068,GOOD
/업무사례/부산에서창원법인본점이전,/전국법인본점이전등기,0.2143,0.0478,GOOD
/업무사례/경북오래된상속등기,/업무사례/양산법무사업무,0.2136,0.0068,GOOD
/업무사례/대구월성동상속등기,/업무사례/양산법무사업무,0.2134,0.0103,GOOD
/업무사례/경북조부모명의토지상속,/업무사례/양산법무사업무,0.2133,0.0069,GOOD
/업무사례/부산에서양산법인본점이전,/전국법인본점이전등기,0.213,0.0394,GOOD
/업무사례/세종상속등기법무사,/업무사례/통영상속포기한정승인,0.2126,0.0426,GOOD
/업무사례/세종상속등기법무사,/전국유증등기,0.2126,0.5508,GOOD
/업무사례/양산법무사업무,/업무사례/울산공장상속등기,0.2125,0.0069,GOOD
/업무사례/거제상속포기법무사,/업무사례/광주상속등기법무사,0.2122,0.0429,GOOD
/업무사례/대구만촌동상속등기,/업무사례/양산법무사업무,0.2121,0.0077,GOOD
/업무사례/대구상인동상속등기,/업무사례/양산법무사업무,0.2118,0.0068,GOOD
/업무사례/남해상속등기법무사,/업무사례/양산법무사업무,0.2114,0.0066,GOOD
/업무사례/부산에서창원법인본점이전,/전국공동담보등기,0.2109,0.0325,GOOD
/업무사례/부산에서양산법인본점이전,/전국공동담보등기,0.2096,0.0408,GOOD
/업무사례/광주상속등기법무사,/업무사례/통영상속포기한정승인,0.2095,0.0435,GOOD
/업무사례/광주상속등기법무사,/전국유증등기,0.2094,0.5691,GOOD
/업무사례/양산법무사업무,/업무사례/울주군상속포기한정승인,0.2093,0.0065,GOOD
/업무사례/경남법무사업무,/업무사례/인천상속등기법무사,0.2092,0.0545,GOOD
/업무사례/대구범어동상속등기,/업무사례/양산법무사업무,0.2092,0.0069,GOOD
/업무사례/양산에서부산법인본점이전,/전국공동담보등기,0.2087,0.0329,GOOD
/업무사례/경남법무사업무,/업무사례/충남상속등기법무사,0.2084,0.0536,GOOD
/업무사례/대전유성구상속등기법무사,/전국유증등기,0.2084,0.1887,GOOD
/업무사례/전북상속등기법무사,/전국유증등기,0.2082,0.5598,GOOD
/업무사례/경남법무사업무,/업무사례/전북상속등기법무사,0.2074,0.0532,GOOD
/업무사례/양산에서부산법인본점이전,/업무사례/충북상속등기법무사,0.2072,0.0535,GOOD
/업무사례/양산법무사업무,/업무사례/양산부동산등기법무사,0.207,0.0138,GOOD
/업무사례/경주오래된토지상속등기,/업무사례/양산법무사업무,0.2065,0.0065,GOOD
/업무사례/거제상속포기법무사,/업무사례/세종상속등기법무사,0.2063,0.042,GOOD
/업무사례/경북상속등기법무사,/업무사례/양산에서부산법인본점이전,0.2063,0.0533,GOOD
/전국상속등기,/전국유증등기,0.2063,0.302,GOOD
/업무사례/양산법무사업무,/업무사례/영천상속등기법무사,0.2061,0.0065,GOOD
/업무사례/경남법무사업무,/업무사례/세종상속등기법무사,0.2059,0.0487,GOOD
/업무사례/전북상속등기법무사,/업무사례/통영상속포기한정승인,0.2059,0.043,GOOD
/업무사례/경남법무사업무,/업무사례/광주상속등기법무사,0.2052,0.0498,GOOD
/업무사례/대전상속등기법무사,/전국유증등기,0.2051,0.5538,GOOD
/업무사례/안동오래된토지상속등기,/업무사례/양산법무사업무,0.205,0.0065,GOOD
/업무사례/전남상속등기법무사,/전국유증등기,0.2045,0.5604,GOOD
/업무사례/양산법무사업무,/업무사례/창원법인등기법무사,0.2043,0.0187,GOOD
/업무사례/거제상속포기법무사,/업무사례/인천상속등기법무사,0.204,0.0433,GOOD
/업무사례/대전서구상속등기법무사,/전국유증등기,0.204,0.2996,GOOD
/업무사례/인천상속등기법무사,/업무사례/통영상속포기한정승인,0.2037,0.044,GOOD
/업무사례/세종상속등기법무사,/업무사례/진주상속포기한정승인,0.2036,0.0315,GOOD
/업무사례/양산법무사업무,/업무사례/포항상속포기한정승인,0.2036,0.0066,GOOD
/업무사례/거제상속포기법무사,/업무사례/대전상속등기법무사,0.2033,0.0421,GOOD
/업무사례/경남비대면상속안내,/업무사례/양산법무사업무,0.2033,0.0068,GOOD
/업무사례/제주시상속등기법무사,/전국유증등기,0.2032,0.1613,GOOD
/업무사례/대전상속등기법무사,/업무사례/통영상속포기한정승인,0.2031,0.0427,GOOD
/업무사례/인천상속등기법무사,/전국유증등기,0.2025,0.5355,GOOD
/업무사례/충남상속등기법무사,/전국유증등기,0.2025,0.5659,GOOD
/업무사례/경남법무사업무,/업무사례/경산상속등기법무사,0.2023,0.0588,GOOD
/업무사례/경남법무사업무,/업무사례/제주상속등기법무사,0.2021,0.0536,GOOD
/업무사례/광주상속등기법무사,/업무사례/진주상속포기한정승인,0.2021,0.0321,GOOD
/업무사례/대구수성구상속등기법무사,/전국유증등기,0.2021,0.1831,GOOD
/업무사례/부산에서양산법인본점이전,/업무사례/충북상속등기법무사,0.2018,0.0484,GOOD
/업무사례/경북상속등기법무사,/업무사례/부산에서양산법인본점이전,0.2017,0.0482,GOOD
/업무사례/거제상속포기법무사,/업무사례/충남상속등기법무사,0.2016,0.0427,GOOD
/업무사례/거제상속포기법무사,/업무사례/전북상속등기법무사,0.2013,0.0424,GOOD
/업무사례/경남법무사업무,/업무사례/전남상속등기법무사,0.2013,0.0538,GOOD
/업무사례/거제상속포기법무사,/업무사례/경산상속등기법무사,0.2012,0.0408,GOOD
/업무사례/거제상속포기법무사,/업무사례/전남상속등기법무사,0.2011,0.0429,GOOD
/업무사례/제주상속등기법무사,/전국유증등기,0.2011,0.5323,GOOD
/업무사례/울산남구상속등기법무사,/전국유증등기,0.201,0.1535,GOOD
/업무사례/경남법무사업무,/업무사례/대전상속등기법무사,0.2004,0.0528,GOOD
/업무사례/충북상속등기법무사,/전국법인본점이전등기,0.2003,0.1736,GOOD
/업무사례/경북상속등기법무사,/업무사례/부산에서창원법인본점이전,0.2001,0.0526,GOOD
/업무사례/부산에서창원법인본점이전,/업무사례/충북상속등기법무사,0.2001,0.0528,GOOD
/업무사례/경북상속등기법무사,/전국공동담보등기,0.2,0.1948,GOOD
/업무사례/전남상속등기법무사,/업무사례/통영상속포기한정승인,0.2,0.0435,GOOD
