path,status,robots,indexable,canonical,title,description,ogTitle,ogDescription,h1,h2,first500,mainBodyWords,incomingInternalLinks,incomingAnchors,outgoingLinks,breadcrumb,sitemap,schema,dateModified,lastBuildModification,primaryIntent,secondaryIntent,semanticFingerprint
/,generated,"index,follow",yes,/,부산 법무사 안윤정 | 다옴법무사사무소,부산 법무사 다옴법무사사무소입니다. 안윤정 법무사가 상속등기·부동산등기·법인등기·개인회생·파산 등 필요한 절차와 준비서류를 직접 상담·안내합니다.,부산 법무사 안윤정 | 다옴법무사사무소,부산 법무사 다옴법무사사무소입니다. 안윤정 법무사가 상속등기·부동산등기·법인등기·개인회생·파산 등 필요한 절차와 준비서류를 직접 상담·안내합니다.,부산 법무사 안윤정,주요 업무 | 상담 시 확인하는 내용,부산 법무사 다옴법무사사무소입니다. 안윤정 법무사가 상속등기·부동산등기·법인등기·개인회생·파산 등 필요한 절차와 준비서류를 직접 상담·안내합니다. 부산 해운대구·센텀에 위치한 다옴법무사사무소 안윤정 법무사가 절차·서류·비용을 항목별로 설명드립니다. 막막할수록 지금 무엇부터 해야 하는지부터 정리하는 것이 우선이라고 생각합니다. 현재 상황과 목표를 전화·메시지·방문(예약)으로 확인합니다. 관할 법원·등기소와 필요 서류를 사건별로 정리해 안내합니다. 서류 작성·보정이 필요하면 단계별로 검토합니다. 접수 후 진행 상황을 공유하고 완료·후속 조치까지 확인합니다. 신분증·인감증명서(사건에 따라 주민등록등본 등) 등기부등본·계약서·협의서 등 사건 관련 핵심 서류 가족관계증명서·재산 목록(상속·가사 해당 시) 기타 상담 시 추가로 요청드리는 서류 주요 업무 상속등기·부동산등기·법인등기·개인회생·파산 등 부산 전역 사건을 상담합니다. 상속등기·상속포기·한정승인 부동산등기·소유권이전등기 법인설립·임원,219,1857,/about::부산 법무사 || /about::홈 || /office::홈 || /services::홈 || /blog::홈 || /reviews::홈 || /faq::홈 || /공지사항::홈 || /media::홈 || /contact::홈 || /location::부산 법무사 || /location::홈,업무안내>/services || 법무사 소개>/about || 상담 문의>/contact || 오시는 길>/location || 해운대 법무사 허브로 돌아가기>/해운대법무사 || 센텀시티·재송 법무사>/센텀법무사 || 재송동 상속·매매 등기>/재송동법무사 || 반여동 아파트 상속등기>/반여동법무사 || 해운대구 상속등기>/해운대구상속등기 || 해운대구 법인등기>/해운대구법인등기 || 해운대구 부동산등기>/해운대구부동산등기 || 센텀 법인 본점·임원 등기>/센텀법인등기,홈,yes,WebPage,,SERP_UNVERIFIED,other,core,부산법무사다옴법무사사무소입니다.안윤정법무사가상속등기·부동산등기·법인등기·개인회생·파산등필요한절차와준비서류를직접상담·안내합니다.부산해운대구·센텀에
/services,generated,"index,follow",yes,/services,부산 등기·상속·회생 업무안내 | 다옴법무사사무소,"상속등기·상속포기·한정승인, 부동산등기, 법인설립·임원변경등기, 개인회생·파산 업무별 절차·수임 범위·실무 사례 안내. 해운대·센텀 다옴법무사사무소에서 전화·카카오톡·방문(예약) 상담이 가능합니다.",부산 등기·상속·회생 업무안내 | 다옴법무사사무소,"상속등기·상속포기·한정승인, 부동산등기, 법인설립·임원변경등기, 개인회생·파산 업무별 절차·수임 범위·실무 사례 안내. 해운대·센텀 다옴법무사사무소에서 전화·카카오톡·방문(예약) 상담이 가능합니다.",부산 등기·상속·회생 업무안내,부산 등기·상속·회생 업무안내 | 상담 시 확인하는 내용,"상속등기·상속포기·한정승인, 부동산등기, 법인설립·임원변경등기, 개인회생·파산 업무별 절차·수임 범위·실무 사례 안내. 부산 해운대구·센텀에 위치한 다옴법무사사무소 안윤정 법무사가 절차·서류·비용을 항목별로 설명드립니다. 막막할수록 지금 무엇부터 해야 하는지부터 정리하는 것이 우선이라고 생각합니다. 현재 상황과 목표를 전화·메시지·방문(예약)으로 확인합니다. 관할 법원·등기소와 필요 서류를 사건별로 정리해 안내합니다. 서류 작성·보정이 필요하면 단계별로 검토합니다. 접수 후 진행 상황을 공유하고 완료·후속 조치까지 확인합니다. 신분증·인감증명서(사건에 따라 주민등록등본 등) 등기부등본·계약서·협의서 등 사건 관련 핵심 서류 가족관계증명서·재산 목록(상속·가사 해당 시) 기타 상담 시 추가로 요청드리는 서류 부산 등기·상속·회생 업무안내 상속등기·상속포기·한정승인, 부동산등기, 법인설립·임원변경등기, 개인회생·파산 업무별 절차·수임 범위·실무 사례 안내. 부산 상속등기 부산 부동산등기",234,417,/::업무안내 || /about::업무안내 || /office::업무안내 || /services::업무안내 || /blog::업무안내 || /reviews::업무안내 || /faq::업무안내 || /공지사항::업무안내 || /media::업무안내 || /contact::업무안내 || /location::업무안내 || /search-guides::업무안내,업무안내>/services || 상담 문의>/contact || 법무사 소개>/about || 오시는 길>/location || 부산에서 법무사 찾을 때 허브로 돌아가기>/부산법무사 || 해운대·센텀 법무사 상담>/해운대법무사 || 센텀 법인·부동산 등기>/센텀법무사 || 부산 여성 법무사 상담>/부산여성법무사 || 부산 상속등기 절차>/부산상속등기 || 부산 법인등기 안내>/부산법인등기 || 부산 부동산등기>/부산부동산등기 || 부산 등기 법무사>/부산등기법무사,홈 > 부산 등기·상속·회생 업무안내,yes,WebPage,,SERP_UNVERIFIED,other,core,"상속등기·상속포기·한정승인,부동산등기,법인설립·임원변경등기,개인회생·파산업무별절차·수임범위·실무사례안내.부산해운대구·센텀에위치한다옴법무사사무소안"
/faq,generated,"index,follow",yes,/faq,등기·상속·회생 FAQ | 다옴법무사사무소,"상속등기, 부동산등기, 법인등기, 개인회생·파산 등 법무사 업무 관련 자주 묻는 질문과 답변. 해운대·센텀 다옴법무사사무소에서 전화·카카오톡·방문(예약) 상담이 가능합니다.",등기·상속·회생 FAQ | 다옴법무사사무소,"상속등기, 부동산등기, 법인등기, 개인회생·파산 등 법무사 업무 관련 자주 묻는 질문과 답변. 해운대·센텀 다옴법무사사무소에서 전화·카카오톡·방문(예약) 상담이 가능합니다.",자주 묻는 질문,자주 묻는 질문 | 상담 시 확인하는 내용,"상속등기, 부동산등기, 법인등기, 개인회생·파산 등 법무사 업무 관련 자주 묻는 질문과 답변. 부산 해운대구·센텀에 위치한 다옴법무사사무소 안윤정 법무사가 절차·서류·비용을 항목별로 설명드립니다. 막막할수록 지금 무엇부터 해야 하는지부터 정리하는 것이 우선이라고 생각합니다. 현재 상황과 목표를 전화·메시지·방문(예약)으로 확인합니다. 관할 법원·등기소와 필요 서류를 사건별로 정리해 안내합니다. 서류 작성·보정이 필요하면 단계별로 검토합니다. 접수 후 진행 상황을 공유하고 완료·후속 조치까지 확인합니다. 신분증·인감증명서(사건에 따라 주민등록등본 등) 등기부등본·계약서·협의서 등 사건 관련 핵심 서류 가족관계증명서·재산 목록(상속·가사 해당 시) 기타 상담 시 추가로 요청드리는 서류 자주 묻는 질문 상속등기, 부동산등기, 법인등기, 개인회생·파산 등 법무사 업무 관련 자주 묻는 질문과 답변. 상속등기 FAQ 부동산등기 FAQ 개인회생 FAQ 다옴법무사사무소 상담 시 확인하는 내용 등기",233,547,/자가진단::자주 묻는 질문 || /상속등기자가진단::자주 묻는 질문 || /상속포기자가진단::자주 묻는 질문 || /한정승인자가진단::자주 묻는 질문 || /법인등기자가진단::자주 묻는 질문 || /법인설립자가진단::자주 묻는 질문 || /임원변경등기자가진단::자주 묻는 질문 || /부동산등기자가진단::자주 묻는 질문 || /소유권이전등기자가진단::자주 묻는 질문 || /개인회생자가진단::자주 묻는 질문 || /개인파산자가진단::자주 묻는 질문 || /전세보증금자가진단::자주 묻는 질문,업무안내>/services || 상담 문의>/contact || 법무사 소개>/about || 오시는 길>/location || 부산에서 법무사 찾을 때 허브로 돌아가기>/부산법무사 || 해운대·센텀 법무사 상담>/해운대법무사 || 센텀 법인·부동산 등기>/센텀법무사 || 부산 여성 법무사 상담>/부산여성법무사 || 부산 상속등기 절차>/부산상속등기 || 부산 법인등기 안내>/부산법인등기 || 부산 부동산등기>/부산부동산등기 || 부산 등기 법무사>/부산등기법무사,홈 > 자주 묻는 질문,yes,WebPage,,SERP_UNVERIFIED,other,core,"상속등기,부동산등기,법인등기,개인회생·파산등법무사업무관련자주묻는질문과답변.부산해운대구·센텀에위치한다옴법무사사무소안윤정법무사가절차·서류·비용을항목"
/자가진단,generated,"index,follow",yes,/자가진단,부산 업무별 자가진단 모음 | 상속·… | 다옴법무사사무소,상속등기·상속포기·법인등기·부동산등기·개인회생·전세보증금 등 18종 업무별 자가진단. 부산·해운대·센텀 법무사 상담 전 절차·서류·기한을 확인하세요.,부산 업무별 자가진단 모음 | 상속·… | 다옴법무사사무소,상속등기·상속포기·법인등기·부동산등기·개인회생·전세보증금 등 18종 업무별 자가진단. 부산·해운대·센텀 법무사 상담 전 절차·서류·기한을 확인하세요.,부산 법무사 업무별 자가진단,자가진단 결과 안내 | 업무별 자가진단 기본 개념 | 기간·기한·과태료 주의사항,"상속, 법인등기, 부동산등기, 개인회생, 전세보증금 등 현재 상황을 간단히 점검할 수 있습니다. 아래에서 해당 업무를 고른 뒤 자가진단을 시작하세요. 상속, 법인등기, 부동산등기, 개인회생, 전세보증금 등 현재 상황을 간단히 점검할 수 있습니다. 아래에서 해당 업무를 고른 뒤 자가진단을 시작하세요. 다옴법무사사무소 자가진단은 부산·해운대·센텀·재송동·반여동 의뢰인분들이 자주 묻는 질문을 모았습니다. 상속·법인·부동산·회생·임대차·민사 등 업무별로 나뉩니다. 현재 상황과 목표를 전화·메시지·방문(예약)으로 확인합니다. 관할 법원·등기소와 필요 서류를 사건별로 정리해 안내합니다. 서류 작성·보정이 필요하면 단계별로 검토합니다. 접수 후 진행 상황을 공유하고 완료·후속 조치까지 확인합니다. 신분증·인감증명서(사건에 따라 주민등록등본 등) 등기부등본·계약서·협의서 등 사건 관련 핵심 서류 가족관계증명서·재산 목록(상속·가사 해당 시) 기타 상담 시 추가로 요청드리는 서류 자가진단 결과 안내",475,140,/상속등기자가진단::업무별 자가진단 모음 || /상속등기자가진단::업무별 자가진단 || /상속포기자가진단::업무별 자가진단 모음 || /상속포기자가진단::업무별 자가진단 || /한정승인자가진단::업무별 자가진단 모음 || /한정승인자가진단::업무별 자가진단 || /법인등기자가진단::업무별 자가진단 모음 || /법인등기자가진단::업무별 자가진단 || /법인설립자가진단::업무별 자가진단 모음 || /법인설립자가진단::업무별 자가진단 || /임원변경등기자가진단::업무별 자가진단 모음 || /임원변경등기자가진단::업무별 자가진단,상속등기 자가진단>/상속등기자가진단 || 상속포기 자가진단>/상속포기자가진단 || 법인등기 자가진단>/법인등기자가진단 || 부동산등기 자가진단>/부동산등기자가진단 || 개인회생 자가진단>/개인회생자가진단 || 업무안내 전체>/services || 자주 묻는 질문>/faq || 법무사 상담 문의>/contact || 부산에서 법무사 찾을 때 허브로 돌아가기>/부산법무사 || 해운대·센텀 법무사 상담>/해운대법무사 || 센텀 법인·부동산 등기>/센텀법무사 || 부산 여성 법무사 상담>/부산여성법무사,홈 > 업무별 자가진단,yes,WebPage+FAQ,,SERP_UNVERIFIED,other,diagnosis,"상속,법인등기,부동산등기,개인회생,전세보증금등현재상황을간단히점검할수있습니다.아래에서해당업무를고른뒤자가진단을시작하세요.상속,법인등기,부동산등기,개"
/상속등기자가진단,generated,"index,follow",yes,/상속등기자가진단,부모님 사망 후 집 명의변경·상속등기… | 다옴법무사사무소,"부산 상속등기 필요서류·기간·비용을 자가진단으로 확인하세요. 부모님 사망 후 아파트 명의변경, 공동상속인 협의, 3개월 기한·과태료 여부를 점검합니다.",부모님 사망 후 집 명의변경·상속등기… | 다옴법무사사무소,"부산 상속등기 필요서류·기간·비용을 자가진단으로 확인하세요. 부모님 사망 후 아파트 명의변경, 공동상속인 협의, 3개월 기한·과태료 여부를 점검합니다.",부산 상속등기 자가진단 — 부모님 사망 후 집 명의변경·필요서류·기간,자가진단 결과 안내 | 상속등기 기본 개념 | 기간·기한·과태료 주의사항 | 부산에서 많이 발생하는 상담 유형,"부모님 사망 후 집 명의변경이 급한데 상속등기 필요서류와 기간이 막막하신가요? 아래 질문에 답하시면 검토 방향을 안내해 드립니다. 부모님 사망 후 집 명의변경이 급한데 상속등기 필요서류와 기간이 막막하신가요? 아래 질문에 답하시면 검토 방향을 안내해 드립니다. 상속등기는 피상속인 명의 부동산·권리를 상속인 명의로 바꾸는 등기 절차입니다. 부모님 사망 후 집 명의변경을 하려면 먼저 누가 상속인인지, 재산에 채무가 얼마나 있는지를 파악해야 합니다. 부산·해운대·센텀 지역은 아파트·오피스텔·토지 상속 사례가 많아 관할 등기소와 취득세 신고를 함께 검토하는 경우가 흔합니다. 상속 개시·상속인 범위 확인 채무 조사 및 상속포기·한정승인 필요 여부 검토 상속재산분할협의서 작성·공증(필요 시) 취득세 신고·납부 관할 등기소 상속등기 접수 피상속인·상속인 가족관계증명서·기본증명서 등기필증·인감증명서(사건별) 부동산 등기부등본·토지대장 상속재산분할협의서·인감증명서(공동상속) 말소할 저당권 관련 서류",810,29,/자가진단::상속등기 자가진단 || /부산상속등기전문::상속등기 자가진단 || /부산상속법무사추천::상속등기 자가진단 || /부산상속전문법무사::상속등기 자가진단 || /상속등기실수모음::상속등기 자가진단 || /상속등기체크리스트::상속등기 자가진단 || /왜상속등기비용이다를까::상속등기 자가진단 || /situations/parent-passed-away::상속등기 자가진단 || /situations/siblings-not-cooperating::상속등기 자가진단 || /situations/inheritance-unknown-debt::상속등기 자가진단 || /situations/상속재산-조회::상속등기 자가진단 || /situations/상속포기-한정승인-선택::상속등기 자가진단,업무별 자가진단 모음>/자가진단 || 부산 상속 종합 허브>/상속 || 상속등기 비용 안내>/상속등기비용 || 상속등기 필요서류>/상속등기필요서류 || 한정승인 자가진단>/한정승인자가진단 || 업무안내 전체>/services || 자주 묻는 질문>/faq || 상속등기 법무사 상담>/contact || 해운대·센텀 오시는 길>/location || 부산 상속등기 허브로 돌아가기>/부산상속등기 || 부산 상속 법무사>/부산상속법무사 || 부산 상속재산분할>/부산상속재산분할법무사,홈 > 업무별 자가진단 > 상속등기 자가진단,yes,WebPage+FAQ,,SERP_UNVERIFIED,inheritance-supporting,inheritance-registration,부모님사망후집명의변경이급한데상속등기필요서류와기간이막막하신가요?아래질문에답하시면검토방향을안내해드립니다.부모님사망후집명의변경이급한데상속등기필요서류와
/상속포기자가진단,generated,"index,follow",yes,/상속포기자가진단,상속포기 3개월·빚 상속포기 자가진단 | 다옴법무사사무소,"상속포기 3개월 기한·필요서류·절차를 자가진단으로 확인하세요. 부산에서 빚만 남은 상속, 채무 초과 시 상속포기 가능성을 서류 기준으로 검토합니다.",상속포기 3개월·빚 상속포기 자가진단 | 다옴법무사사무소,"상속포기 3개월 기한·필요서류·절차를 자가진단으로 확인하세요. 부산에서 빚만 남은 상속, 채무 초과 시 상속포기 가능성을 서류 기준으로 검토합니다.",부산 상속포기 자가진단 — 3개월 기한·빚·필요서류,자가진단 결과 안내 | 상속포기 기본 개념 | 기간·기한·과태료 주의사항 | 부산에서 많이 발생하는 상담 유형,"빚이 많다는 말만 들었을 때 상속포기 3개월 안에 무엇을 해야 하는지 막막하신가요? 아래 진단으로 방향을 먼저 점검해 보세요. 빚이 많다는 말만 들었을 때 상속포기 3개월 안에 무엇을 해야 하는지 막막하신가요? 아래 진단으로 방향을 먼저 점검해 보세요. 상속포기는 상속인이 피상속인의 재산과 채무를 모두 받아들이지 않겠다고 법원에 신고하는 절차입니다. 빚 상속포기를 검토하는 분들은 채무가 재산보다 많다는 소식을 듣고 상속포기 3개월 기한을 검색하시는 경우가 많습니다. 부산 상속포기 상담에서도 가장 먼저 사망일과 채무 목록을 확인합니다. 채무·재산 목록 파악 상속포기 vs 한정승인 비교 관할 가정법원 상속포기 신고 신고 후 등기·채권자 대응 정리 상속포기 신고서 피상속인·상속인 가족관계증명서 피상속인 기본증명서(사망) 주민등록등본·인감증명서 채무 조사 관련 서류(해당 시) 상속인 수 채무 조사 범위 가정법원 신고 대리 자가진단 결과 안내 결과는 상속포기를 바로 결정하라는 뜻이 아니라, ",746,12,/자가진단::상속포기 자가진단 || /한정승인자가진단::상속포기 자가진단 || /situations/parent-passed-away::상속포기 자가진단 || /situations/inheritance-unknown-debt::상속포기 자가진단 || /situations/상속재산-조회::상속포기 자가진단 || /situations/상속포기-한정승인-선택::상속포기 자가진단 || /situations/해외-거주-상속인::상속포기 자가진단 || /situations/상속-후-첫-절차::상속포기 자가진단 || /tools/inheritance-renunciation-deadline::상속포기 자가진단 || /glossary/inheritance-renunciation::상속포기 자가진단 || /glossary/qualified-acceptance::상속포기 자가진단 || /glossary/special-qualified-acceptance::상속포기 자가진단,업무별 자가진단 모음>/자가진단 || 한정승인 자가진단>/한정승인자가진단 || 부산가정법원 상속 안내>/부산가정법원상속 || 업무안내 전체>/services || 자주 묻는 질문>/faq || 상속포기 법무사 상담>/contact || 해운대·센텀 오시는 길>/location || 부산 상속포기 허브로 돌아가기>/부산상속포기 || 상속포기 비용>/상속포기비용 || 상속포기 필요서류>/상속포기필요서류 || 부산 한정승인 비교>/부산한정승인 || 부산가정법원 상속포기>/부산가정법원상속포기,홈 > 업무별 자가진단 > 상속포기 자가진단,yes,WebPage+FAQ,,SERP_UNVERIFIED,renunciation-supporting,inheritance-renunciation,빚이많다는말만들었을때상속포기3개월안에무엇을해야하는지막막하신가요?아래진단으로방향을먼저점검해보세요.빚이많다는말만들었을때상속포기3개월안에무엇을해야하는
/한정승인자가진단,generated,"index,follow",yes,/한정승인자가진단,한정승인 절차·상속채무 자가진단 | … | 다옴법무사사무소,"한정승인 절차와 상속채무 처리 방향을 자가진단으로 점검하세요. 상속포기와 한정승인 차이, 부산 가정법원 제출 서류·3개월 기한을 안내합…",한정승인 절차·상속채무 자가진단 | … | 다옴법무사사무소,"한정승인 절차와 상속채무 처리 방향을 자가진단으로 점검하세요. 상속포기와 한정승인 차이, 부산 가정법원 제출 서류·3개월 기한을 안내합…",부산 한정승인 자가진단 — 상속채무·절차·상속포기와의 차이,자가진단 결과 안내 | 한정승인 기본 개념 | 기간·기한·과태료 주의사항 | 부산에서 많이 발생하는 상담 유형,"재산은 받아야 하지만 상속채무가 걱정될 때 한정승인 절차를 검토해 볼 수 있습니다. 아래 질문으로 우선 방향을 확인하세요. 재산은 받아야 하지만 상속채무가 걱정될 때 한정승인 절차를 검토해 볼 수 있습니다. 아래 질문으로 우선 방향을 확인하세요. 한정승인은 상속인이 상속채무를 상속재산 한도 내에서만 부담하겠다고 가정법원에 신고하는 제도입니다. 상속포기와 한정승인 차이를 헷갈리시는 분이 많은데, 포기는 아예 받지 않겠다는 것이고 한정승인은 재산 범위 안에서만 채무를 떠안겠다는 것입니다. 재산·채무 목록 작성 상속포기와 비교 관할 가정법원 한정승인 신고 이후 상속등기 등 진행 한정승인 신고서·재산목록·채무목록 가족관계증명서·기본증명서 부동산·예금 등 재산 증빙 채무 확인 서류 재산·채무 조사 상속인 수 이후 등기 자가진단 결과 안내 한정승인 자가진단 결과는 채무·재산 규모를 아직 모르는 상태에서도 ‘서류 정리·기한 확인’이 필요하다는 공통 메시지를 담습니다. 검토 필요 단계는 재산목록·",743,15,/상속등기자가진단::한정승인 자가진단 || /상속포기자가진단::한정승인 자가진단 || /situations/parent-passed-away::한정승인 자가진단 || /situations/siblings-not-cooperating::한정승인 자가진단 || /situations/inheritance-unknown-debt::한정승인 자가진단 || /situations/상속재산-조회::한정승인 자가진단 || /situations/상속포기-한정승인-선택::한정승인 자가진단 || /situations/상속등기-지연-과태료::한정승인 자가진단 || /situations/해외-거주-상속인::한정승인 자가진단 || /situations/상속-후-첫-절차::한정승인 자가진단 || /tools/inheritance-registration-deadline::한정승인 자가진단 || /tools/inheritance-renunciation-deadline::한정승인 자가진단,업무별 자가진단 모음>/자가진단 || 상속포기 자가진단>/상속포기자가진단 || 한정승인 vs 단순승인>/faq/qualified-acceptance-vs-simple-acceptance || 업무안내 전체>/services || 자주 묻는 질문>/faq || 한정승인 법무사 상담>/contact || 해운대·센텀 오시는 길>/location || 부산 한정승인 허브로 돌아가기>/부산한정승인 || 한정승인 비용>/한정승인비용 || 한정승인 기한>/한정승인기간 || 부산 상속포기>/부산상속포기 || 부산 상속등기>/부산상속등기,홈 > 업무별 자가진단 > 한정승인 자가진단,yes,WebPage+FAQ,,SERP_UNVERIFIED,qualified-supporting,qualified-acceptance,재산은받아야하지만상속채무가걱정될때한정승인절차를검토해볼수있습니다.아래질문으로우선방향을확인하세요.재산은받아야하지만상속채무가걱정될때한정승인절차를검토해
/특별대리인자가진단,generated,"index,follow",yes,/특별대리인자가진단,특별대리인 자가진단 | 부산 가정법원·이혼·상속 | 다옴법무사사무소,특별대리인 선임 절차와 가정법원 신청 요건을 자가진단으로 점검하세요. 이혼·상속·친권 사건 관련 안내. 해운대·센텀 다옴법무사사무소에서 전화·카카오톡·방문(예약) 상담이 가능합니다.,특별대리인 자가진단 | 부산 가정법원·이혼·상속 | 다옴법무사사무소,특별대리인 선임 절차와 가정법원 신청 요건을 자가진단으로 점검하세요. 이혼·상속·친권 사건 관련 안내. 해운대·센텀 다옴법무사사무소에서 전화·카카오톡·방문(예약) 상담이 가능합니다.,부산 특별대리인 자가진단 — 가정법원 선임,자가진단 결과 안내 | 특별대리인 기본 개념 | 기간·기한·과태료 주의사항 | 부산에서 많이 발생하는 상담 유형,"소송·등기에서 의견이 엇갈릴 때 특별대리인이 필요한지 확인해 보세요. 소송·등기에서 의견이 엇갈릴 때 특별대리인이 필요한지 확인해 보세요. 특별대리인은 법률·행정 절차상 요건과 서류가 맞아야 진행할 수 있습니다. 부산·해운대·센텀에서 특별대리인 관련 상담은 관할·기한·비용을 함께 묻는 경우가 많습니다. 상황·목표 확인 관할·필요서류 정리 서류 작성·접수 완료·후속 안내 신분증·인감증명서 사건 관련 계약서·등기부 기타 상담 시 요청 서류 사건 복잡도 관할 서류·인원 자가진단 결과 안내 특별대리인 자가진단 결과는 점수와 답변 태그를 바탕으로 사전 정보 확인·검토 필요·상담 권장·긴급 확인 필요 방향을 안내합니다. 특정 절차의 성공·실패를 단정하지 않습니다. 사전 정보 확인은 서류·관할·기한을 정리하는 단계입니다. 검토 필요는 사실관계가 복잡하거나 추가 확인이 필요할 때, 상담 권장·긴급은 기한·분쟁·권리 침해 우려가 클 때 나타납니다. 진단 후에도 등기부·계약서·가족관계증명서 등 원본 ",480,2,/부산부재자재산관리인::특별대리인 자가진단 || /가족후견::특별대리인 자가진단,업무별 자가진단 모음>/자가진단 || 민사소송 허브>/민사소송 || 업무안내 전체>/services || 자주 묻는 질문>/faq || 특별대리인 법무사 상담>/contact || 해운대·센텀 오시는 길>/location || 부산에서 법무사 찾을 때 허브로 돌아가기>/부산법무사 || 해운대·센텀 법무사 상담>/해운대법무사 || 센텀 법인·부동산 등기>/센텀법무사 || 부산 여성 법무사 상담>/부산여성법무사 || 부산 상속등기 절차>/부산상속등기 || 부산 법인등기 안내>/부산법인등기,홈 > 업무별 자가진단 > 특별대리인 자가진단,yes,WebPage+FAQ,,SERP_UNVERIFIED,other,diagnosis,소송·등기에서의견이엇갈릴때특별대리인이필요한지확인해보세요.소송·등기에서의견이엇갈릴때특별대리인이필요한지확인해보세요.특별대리인은법률·행정절차상요건과서
/부산상속등기,generated,"index,follow",yes,/부산상속등기,부산 상속등기 법무사｜상속인 구성에 따라 달라지는 서류와 진행 순서,상속부동산 명의이전등기에 필요한 서류·협의서·관할 등기소 순서를 안내합니다. 포기·한정승인이 필요한지는 먼저 확인한 뒤 등기를 진행할 수 있습니다.,부산 상속등기 법무사｜상속인 구성에 따라 달라지는 서류와 진행 순서,상속부동산 명의이전등기에 필요한 서류·협의서·관할 등기소 순서를 안내합니다. 포기·한정승인이 필요한지는 먼저 확인한 뒤 등기를 진행할 수 있습니다.,"부산 상속등기 법무사, 명의이전 서류와 진행 순서",상속등기 법무사 비용을 확인할 때 볼 항목 | 명의이전·협의분할·법정상속분 등기의 차이 | 취득세와 관할 등기소 확인 순서 | 비용 안내 | 관할·접근 안내 | 법무사 의견,"상속등기를 검색하는 이유는 ‘명의를 바꿔야 팔거나 담보·전세를 진행할 수 있어서’인 경우가 많습니다. 그런데 상속인 연락이 안 되거나, 일부만 포기하거나, 근저당·가압류가 남아 있으면 서류와 순서가 달라집니다. 부산 상속등기 상담의 첫 확인은 ①상속인 전원 ②부동산 권리관계 ③단순승인으로 봐도 되는지입니다. 채무가 걱정되면 등기 접수 전에 한정승인·포기를 검토하고, 등기 실무만 필요할 때 이 페이지의 서류·관할 안내를 따릅니다. 해외 거주 상속인은 위임·인증이 추가되고, 미성년은 특별대리 이슈가 있을 수 있습니다. 오래된 미등기 상속재산은 권리 확인이 길어질 수 있어 일정 단정을 피합니다. 토지·아파트·상가·농지는 취득세·농지법·임대차 승계 이슈가 달라질 수 있어 물건 유형을 먼저 말해주시면 서류 목록이 정확해집니다. 이해를 위한 가상 예시로, 형제 공동상속 아파트를 한 사람 명의로 모으려면 분할협의서와 인감이 맞아야 접수가 됩니다. 부산은 등기국·동부지원 등기과·남부산등기소·서부지",792,1193,/::부산 전역 상속등기 || /about::부산 상속등기 편안한 상담 || /office::부산 상속등기 절차 || /services::부산 상속등기 절차 || /blog::부산 상속등기 절차 || /reviews::부산 상속등기 절차 || /faq::부산 상속등기 절차 || /공지사항::부산 상속등기 절차 || /media::부산 상속등기 절차 || /contact::부산 상속등기 절차 || /location::부산 전역 상속등기 || /search-guides::부산 상속등기 절차,부동산·상속·법인등기 전체 보기>/부산등기법무사 || 부산 법률상담 — 절차 분류>/부산법률상담 || 상황 선택형 상담>/상담 || 부산 상속 법무사 — 절차 선택>/부산상속법무사 || 부산 한정승인>/부산한정승인 || 부산 상속포기>/부산상속포기 || 상속 종합 허브 — 단계별 안내>/상속 || 상속등기 공과금과 보수>/상속등기비용 || 부모님 사망 후 해야 할 일>/부모님사망후해야할일 || 해외 거주 상속인>/해외거주상속인 || 전화 010-4277-1279>tel:01042771279 || 카카오톡 상담>https://pf.kakao.com/_Bvhxnn/chat,홈 > 부산 상속등기 법무사,yes,WebPage+FAQ,,SERP_UNVERIFIED,registration-transactional,inheritance-registration,"상속등기를검색하는이유는‘명의를바꿔야팔거나담보·전세를진행할수있어서’인경우가많습니다.그런데상속인연락이안되거나,일부만포기하거나,근저당·가압류가남아있으"
/부산상속포기,generated,"index,follow",yes,/부산상속포기,부산 상속포기 법무사｜3개월 기한과 후순위 상속 효과를 먼저 확인,"상속포기 3개월 기한, 배우자·자녀 등 가족관계에 따른 상속순위, 재산 처분 여부와 필요한 서류를 확인합니다. 부산 해운대 센텀 다옴법무사사무소.",부산 상속포기 법무사｜3개월 기한과 후순위 상속 효과를 먼저 확인,"상속포기 3개월 기한, 배우자·자녀 등 가족관계에 따른 상속순위, 재산 처분 여부와 필요한 서류를 확인합니다. 부산 해운대 센텀 다옴법무사사무소.","부산 상속포기 법무사, 기한과 후순위부터 확인하세요",부산 상속포기 비용은 어떻게 정해질까요? | 상속포기 전에 먼저 확인할 것 | 상속포기 3개월 일정표 | 미성년·해외 상속인이 있을 때 준비표 | 3개월은 언제부터 계산하나요 | 가족 구성에 따라 누가 포기하면 어떻게 되나요 | 상속포기 전에 하면 위험할 수 있는 행동 | 상속포기와 한정승인 중 무엇을 볼까 | 가정법원 신고 이후 확인할 일 | 비용 안내 | 관할·접근 안내 | 법무사 의견,"부산 상속포기 법무사를 찾는 분들은 대개 ‘빚만 남는 것 같다’고 느낄 때입니다. 포기는 되돌리기 어려운 선택이므로, 한정승인·단순승인과 비교한 뒤 결정하는 것이 안전합니다. 다옴법무사사무소는 가정법원 신고 서류와 가족 조율 포인트를 안내합니다. 재산이 남아 채무만 제한하려면 부산 한정승인을 함께 보세요. 배우자와 자녀의 선택이 다르거나, 남은 상속인에게 채무가 이어지는 것이 부담이면 신고 전에 가족 회의 포인트를 정리하는 것이 좋습니다. 포기 신고 후 다른 상속인이 등기·협의를 진행할 때는 ‘누가 어떤 상속분을 받는지’를 가족끼리 먼저 맞춰 두면 분쟁을 줄일 수 있습니다. 안심상속 원스톱서비스 등으로 채무·재산을 조회한 뒤 선택하는 것이 안전합니다. 상속포기를 준비할 때는 ①상속 개시를 안 날부터의 3개월 기한 ②상속순위와 후순위 영향 ③배우자·자녀·손자녀 관계 ④포기 전 재산 처분·인출 여부 ⑤한정승인과 비교를 먼저 확인하는 것이 안전합니다. 가정법원 신고 후에는 보정·심판 안내",1372,222,/about::부산 상속포기 가정법원 신고 || /상속등기자가진단::부산 상속포기 절차 || /상속포기자가진단::부산 상속포기 허브로 돌아가기 || /한정승인자가진단::부산 상속포기 || /부산상속등기::부산 상속포기 || /부산한정승인::재산까지 모두 포기하려는 경우에는 상속포기와 비교 || /부산한정승인::부산 상속포기 안내 || /연제구상속등기::부산 상속포기 절차 || /연제구상속포기::부산 상속포기 허브로 돌아가기 || /수영구상속등기::부산 상속포기 절차 || /동래구상속등기::부산 상속포기 절차 || /동래구한정승인::부산 상속포기,등기·포기·한정승인 중 무엇부터 볼지>/부산상속법무사 || 부산 한정승인 — 채무 한도 승인>/부산한정승인 || 상속포기 비용이 궁금할 때>/상속포기비용 || 3개월 기한 확인 도구>/tools/inheritance-renunciation-deadline || 부산가정법원 관할·접수 안내>/부산가정법원상속포기 || 부산 상속등기>/부산상속등기 || 상속 종합 허브>/상속 || 상속포기 3개월 기한·가족관계 확인>/contact/inquiry?field=inheritance-renunciation || 동래구 상속포기>/동래구상속포기 || 북구 상속포기>/북구상속포기 || 전화 010-4277-1279>tel:01042771279 || 카카오톡 상담>https://pf.kakao.com/_Bvhxnn/chat,홈 > 상속 > 상속 절차 선택 > 부산 상속포기,yes,WebPage+FAQ,,SERP_UNVERIFIED,narrow-renunciation,inheritance-renunciation,"부산상속포기법무사를찾는분들은대개‘빚만남는것같다’고느낄때입니다.포기는되돌리기어려운선택이므로,한정승인·단순승인과비교한뒤결정하는것이안전합니다.다옴법무"
/부산한정승인,generated,"index,follow",yes,/부산한정승인,부산 한정승인 법무사｜상속채무가 걱정될 때 3개월 안에 확인할 절차,"상속재산보다 채무가 많거나 채무 규모를 알기 어려울 때 검토하는 한정승인 절차를 안내합니다. 신청기한, 상속재산 처분 여부, 준비서류와 이후 절차를 확인할 수 있습니다.",부산 한정승인 법무사｜상속채무가 걱정될 때 3개월 안에 확인할 절차,"상속재산보다 채무가 많거나 채무 규모를 알기 어려울 때 검토하는 한정승인 절차를 안내합니다. 신청기한, 상속재산 처분 여부, 준비서류와 이후 절차를 확인할 수 있습니다.","부산 한정승인 법무사, 상속채무가 불확실할 때 먼저 볼 기준",부산 한정승인 비용을 확인할 때 볼 항목 | 재산·채무 목록과 단순승인 위험 | 청산·채권자 통지·특별한정승인 | 비용 안내 | 관할·접근 안내 | 법무사 의견,"한정승인을 검색하는 이유는 보통 세 가지입니다. 첫째, 상속재산보다 채무가 많을 수 있다고 느껴질 때입니다. 둘째, 금융·보증·세금 채무를 아직 다 확인하지 못했는데 3개월 기한이 다가올 때입니다. 셋째, 이미 예금을 일부 쓰거나 물건을 처분한 뒤에도 절차가 가능한지 궁금할 때입니다. 부산 한정승인 상담에서는 사망일·인지일, 상속인 범위, 확인된 재산과 채무, 처분·변제 이력을 순서대로 봅니다. 상속포기와 달리 재산을 남길 여지가 있으면 한정승인이 맞는지, 후순위 상속인에게 채무가 넘어가는 포기가 맞는지부터 가릅니다. 이 페이지는 ‘부산 한정승인 법무사’ 검색 의도에 맞춘 대표 안내이며, 부모님 빚 상속 확인·3개월 경과·미성년 상속인 등은 관련 상황 안내와 연결됩니다. 비슷해 보이는 단순승인과 다른 점은 ‘상속은 하되 채무 부담을 상속재산 한도로 제한한다’는 점입니다. 상황이 달라지는 조건은 처분·인출 이력, 상속인별 선택 불일치, 해외·미성년 상속인, 이미 지난 인지일입니다. 서",862,197,/상속등기자가진단::부산 한정승인 안내 || /상속포기자가진단::부산 한정승인 비교 || /한정승인자가진단::부산 한정승인 허브로 돌아가기 || /부산상속등기::부산 한정승인 || /부산상속포기::부산 한정승인 — 채무 한도 승인 || /부산상속포기::한정승인 절차 비교 || /연제구상속포기::부산 한정승인 비교 || /수영구상속등기::부산 한정승인 안내 || /동래구상속등기::부산 한정승인 안내 || /동래구한정승인::부산 한정승인 허브로 돌아가기 || /기장군상속포기::부산 한정승인 비교 || /기장군한정승인::부산 한정승인 허브로 돌아가기,부산 상속 법무사 — 절차 선택 안내>/부산상속법무사 || 재산까지 모두 포기하려는 경우에는 상속포기와 비교>/부산상속포기 || 부산 상속등기 서류·진행 순서>/부산상속등기 || 빚이 있을 때 상속방법>/부모빚상속방법 || 사망자 재산·채무 조회>/사망자재산채무조회 || 사망 후 3개월이 지난 경우>/사망후3개월지난상속 || 상속 종합 허브>/상속 || 상속 절차 먼저 확인하기>/contact/inquiry?field=qualified-acceptance || 동래구 한정승인>/동래구한정승인 || 해운대구 한정승인>/해운대구한정승인 || 전화 010-4277-1279>tel:01042771279 || 카카오톡 상담>https://pf.kakao.com/_Bvhxnn/chat,홈 > 부산 한정승인 법무사,yes,WebPage+FAQ,,SERP_UNVERIFIED,qualified-acceptance,qualified-acceptance,"한정승인을검색하는이유는보통세가지입니다.첫째,상속재산보다채무가많을수있다고느껴질때입니다.둘째,금융·보증·세금채무를아직다확인하지못했는데3개월기한이다가"
/부산소유권이전등기,generated,"index,follow",yes,/부산소유권이전등기,부산 소유권이전등기｜매매·증여·상속 원인별,부산 소유권이전등기 절차·서류·비용. 매매·증여·상속 원인별 아파트 소유권이전등기 안내. 근저당 말소 순서 — 해운대 다옴법무사. 해운대·센텀 다옴법무사사무소에서 전화·카카오톡·방문(예약) 상담이 가능합니다.,부산 소유권이전등기｜매매·증여·상속 원인별,부산 소유권이전등기 절차·서류·비용. 매매·증여·상속 원인별 아파트 소유권이전등기 안내. 근저당 말소 순서 — 해운대 다옴법무사. 해운대·센텀 다옴법무사사무소에서 전화·카카오톡·방문(예약) 상담이 가능합니다.,부산 소유권이전등기 — 매매·증여·상속 원인별 안내,소유권이전 법무사 비용은 어떻게 정해질까요? | 이런 상황이라면 — 잔금·대출·등기 | 이런 경우 필요한 절차입니다 | 비용이 달라지는 요소 | 법무사 상담이 필요한 경우 | 관할·접근 안내 | 법무사 의견,"소유권이전등기는 부동산 거래·증여·상속의 마지막 단계이지만, 실무에서는 가장 자주 지연되는 부분이기도 합니다. 부산 아파트 소유권이전등기를 검색하시는 분들은 잔금 영수증은 있는데 등기부에 근저당이 남아 있다거나, 증여세 신고와 등기 일정이 맞지 않거나, 상속인 여럿이 협의서 없이 진행하려다 막히는 경우가 많습니다. 원인별로 등기 원인증서·세금·말소 순서가 다르므로 ‘부산 매매등기’만 보고 증여·상속 서류를 준비하면 보정이 발생합니다. 부동산등기 전반·유형별 안내는 부산 부동산등기 허브와 함께 보시면 순서를 잡기 쉽습니다. 부산 소유권이전등기는 매매·증여·상속 등 취득 원인에 따라 필요 서류와 세금이 달라집니다. 잔금 후 매매등기, 부모님 증여, 상속으로 명의를 바꾸는 경우 모두 소유권이전등기 절차를 거칩니다. 등기부등본으로 소유자·근저당·전세권 확인 원인별 계약서·협의서·상속 서류 확보 취득세·등록면허세 신고·납부 근저당 말소(해당 시) 일정 조율 등기신청서·위임장·인감증명서 작성·",571,574,/부동산등기자가진단::부산 소유권이전등기 || /소유권이전등기자가진단::부산 소유권이전등기 || /부산부동산등기::소유권이전등기 원인별 안내 || /부산부동산등기::소유권이전등기 || /부산부동산등기::매매·소유권이전 || /부산소유권이전등기::소유권이전등기 || /수영구부동산등기::부산 소유권이전등기 || /기장군부동산등기::부산 소유권이전등기 || /북구부동산등기::부산 소유권이전등기 || /사상구부동산등기::부산 소유권이전등기 || /금정구부동산등기::부산 소유권이전등기 || /센텀부동산등기::부산 소유권이전등기,잔금·이전등기 협업>/부산부동산협력법무사 || 전문직·기업 협업 안내>/partners || 부산 부동산등기>/부산부동산등기 || 부산에서 법무사 찾을 때>/부산법무사 || 소유권이전등기 업무안내>/services/ownership-transfer || 부산 부동산등기 법무사>/부산부동산등기법무사 || 소유권이전등기 서류>/faq/ownership-transfer-documents || 증여 등기>/faq/gift-registration-faq || 센텀 매매 등기 사례>/services/cases/centum-ownership-transfer-case || 부산 등기 법무사>/부산등기법무사 || 부산 근저당말소등기>/부산근저당말소등기 || 추천·사무실·상담 검색을 나누는 방법>/blog/busan-lawyer-recommend-office-consult,홈 > 부산 소유권이전등기,yes,WebPage,,SERP_UNVERIFIED,other,ownership-transfer,"소유권이전등기는부동산거래·증여·상속의마지막단계이지만,실무에서는가장자주지연되는부분이기도합니다.부산아파트소유권이전등기를검색하시는분들은잔금영수증은있는"
/해운대구상속등기,generated,"index,follow",yes,/해운대구상속등기,해운대구 상속등기 | 센텀 관할·서류,"해운대구 상속등기 실무 안내 — 다옴법무사사무소 안윤정 법무사. 센텀, 재송동, 반여동, 우동, 좌동 일대 상담·서류·등기 대리. 전화·카카오톡 상담 가능.",해운대구 상속등기 | 센텀 관할·서류,"해운대구 상속등기 실무 안내 — 다옴법무사사무소 안윤정 법무사. 센텀, 재송동, 반여동, 우동, 좌동 일대 상담·서류·등기 대리. 전화·카카오톡 상담 가능.",해운대구 상속등기 상담,비용 안내 | 관할·접근 안내 | 법무사 의견,"해운대구는 센텀시티·마린시티·재송·반여 일대 고가 아파트와 상가, 법인 사옥이 밀집해 상속·매매·법인등기 문의가 많은 지역입니다. 해운대구 센텀, 재송동, 반여동, 우동, 좌동에서 상속등기를 진행할 때는 부동산·법인 소재지와 당사자 서류를 기준으로 관할과 순서를 맞춥니다. 이 페이지는 상속등기만 다루며, 상담은 해운대 센텀 다옴법무사사무소에서 이어집니다. 해운대구 상속등기 실무 안내 — 다옴법무사사무소 안윤정 법무사. 센텀, 재송동, 반여동, 우동, 좌동 일대 상담·서류·등기 대리. 전화·카카오톡 상담 가능. 해운대구 센텀·재송동·반여동 일대에서 해당 업무의 서류·기한·관할을 상담합니다. [해운대구] 상담 및 등기부·가족관계 확인 — 상속인 수, 부동산 현황, 채무 여부를 파악합니다. 상속포기·한정승인 필요 여부 점검 — 3개월 검토 기간과 상속등기 일정을 구분해 안내합니다. 필요 서류 안내 및 수집 — 제적·가족관계증명서, 인감증명서, 토지·건축물 대장 등을 준비합니다. 상속인 협",455,86,/::해운대구 상속등기 || /location::해운대구 상속등기 || /해운대구법인등기::해운대구 상속등기 || /해운대구부동산등기::해운대구 상속등기 || /센텀법인설립등기::센텀·재송 상속등기 || /센텀임원변경등기::센텀·재송 상속등기 || /해운대법무사::상속등기 || /해운대법무사::해운대구 상속등기 || /센텀법무사::센텀·재송 상속등기 || /재송동법무사::상속등기 || /반여동법무사::상속등기 || /법인설립등기비용::센텀·재송 상속등기,"안윤정 법무사 소개>/about || 해운대 법무사>/해운대법무사 || 센텀 법무사>/센텀법무사 || 재송동 법무사>/재송동법무사 || 반여동 법무사>/반여동법무사 || 추천·사무실·상담 검색을 나누는 방법>/blog/busan-lawyer-recommend-office-consult || 부산 법무사 고를 때 관할 등기소·법원부터 확인하는 이유>/blog/busan-lawyer-jurisdiction-checklist || 센텀 법무사 방문 상담, 하루 흐름과 준비물>/blog/centum-lawyer-visit-day-flow || 스타트업 법인등기 실무 체크>/blog/startup-corporate-registration-checklist || 부동산등기 법무사 상담이 필요한 경우>/blog/when-to-consult-real-estate-registration-lawyer || 해운대구에서 상속등기를 검토하는 대표 상황 자세히 보기>/services/cases/haeundae-inheritance-registration-case || 해운대구 법인등기>/해운대구법인등기",홈 > 해운대구 상속등기,yes,WebPage,,SERP_UNVERIFIED,inheritance-supporting,inheritance-registration,"해운대구는센텀시티·마린시티·재송·반여일대고가아파트와상가,법인사옥이밀집해상속·매매·법인등기문의가많은지역입니다.해운대구센텀,재송동,반여동,우동,좌동"
/해운대구상속포기,generated,"index,follow",yes,/해운대구상속포기,해운대구 상속포기 | 좌동 관할·서류,"해운대구 상속포기 실무 안내 — 다옴법무사사무소 안윤정 법무사. 좌동, 반여동, 센텀, 재송동, 우동 일대 상담·서류·등기 대리. 전화·카카오톡 상담 가능.",해운대구 상속포기 | 좌동 관할·서류,"해운대구 상속포기 실무 안내 — 다옴법무사사무소 안윤정 법무사. 좌동, 반여동, 센텀, 재송동, 우동 일대 상담·서류·등기 대리. 전화·카카오톡 상담 가능.",해운대구 상속포기 상담,비용 안내 | 관할·접근 안내 | 법무사 의견 | 상담 시 확인하는 내용,"해운대구는 센텀시티·마린시티·재송·반여 일대 고가 아파트와 상가, 법인 사옥이 밀집해 상속·매매·법인등기 문의가 많은 지역입니다. 해운대구 좌동, 반여동, 센텀, 재송동, 우동에서 상속포기를 진행할 때는 부동산·법인 소재지와 당사자 서류를 기준으로 관할과 순서를 맞춥니다. 이 페이지는 상속포기만 다루며, 상담은 해운대 센텀 다옴법무사사무소에서 이어집니다. 해운대구 상속포기 실무 안내 — 다옴법무사사무소 안윤정 법무사. 좌동, 반여동, 센텀, 재송동, 우동 일대 상담·서류·등기 대리. 전화·카카오톡 상담 가능. [해운대구] 상속 개시 사실 확인 및 상속인·채무·재산 현황 파악 상속포기 가능 여부와 한정승인·단순승인과 비교 상담 상속포기 신고서 작성 및 관할 가정법원 제출 법원 접수 확인 및 필요 시 보정 상속포기 효력 발생 후 후속 절차(상속등기 불요 등) 안내 피상속인 사망 사실을 확인할 수 있는 서류(제적·사망진단서 등) 상속인 본인 신분증 상속포기 신고서(법원 양식) 피상속인의 ",439,0,,"안윤정 법무사 소개>/about || 해운대 법무사>/해운대법무사 || 좌동 법무사>/좌동법무사 || 반여동 법무사>/반여동법무사 || 추천·사무실·상담 검색을 나누는 방법>/blog/busan-lawyer-recommend-office-consult || 부산 법무사 고를 때 관할 등기소·법원부터 확인하는 이유>/blog/busan-lawyer-jurisdiction-checklist || 센텀 법무사 방문 상담, 하루 흐름과 준비물>/blog/centum-lawyer-visit-day-flow || 스타트업 법인등기 실무 체크>/blog/startup-corporate-registration-checklist || 부동산등기 법무사 상담이 필요한 경우>/blog/when-to-consult-real-estate-registration-lawyer || 해운대구에서 상속포기를 검토하는 대표 상황 자세히 보기>/services/cases/jaesong-inheritance-renunciation-consultation || 부산 선박등기 허브로 돌아가기>/부산선박등기 || 해운회사 법인등기>/해운회사법인등기",홈 > 해운대구 상속포기,yes,WebPage,,SERP_UNVERIFIED,renunciation-supporting,inheritance-renunciation,"해운대구는센텀시티·마린시티·재송·반여일대고가아파트와상가,법인사옥이밀집해상속·매매·법인등기문의가많은지역입니다.해운대구좌동,반여동,센텀,재송동,우동"
/해운대구한정승인,generated,"index,follow",yes,/해운대구한정승인,해운대구 한정승인 | 센텀 관할·서류,"해운대구 한정승인 실무 안내 — 다옴법무사사무소 안윤정 법무사. 센텀, 우동, 재송동, 반여동, 좌동 일대 상담·서류·등기 대리. 전화·카카오톡 상담 가능.",해운대구 한정승인 | 센텀 관할·서류,"해운대구 한정승인 실무 안내 — 다옴법무사사무소 안윤정 법무사. 센텀, 우동, 재송동, 반여동, 좌동 일대 상담·서류·등기 대리. 전화·카카오톡 상담 가능.",해운대구 한정승인 상담,비용 안내 | 관할·접근 안내 | 법무사 의견 | 상담 시 확인하는 내용,"해운대구는 센텀시티·마린시티·재송·반여 일대 고가 아파트와 상가, 법인 사옥이 밀집해 상속·매매·법인등기 문의가 많은 지역입니다. 해운대구 센텀, 우동, 재송동, 반여동, 좌동에서 한정승인를 진행할 때는 부동산·법인 소재지와 당사자 서류를 기준으로 관할과 순서를 맞춥니다. 이 페이지는 한정승인만 다루며, 상담은 해운대 센텀 다옴법무사사무소에서 이어집니다. 해운대구 한정승인 실무 안내 — 다옴법무사사무소 안윤정 법무사. 센텀, 우동, 재송동, 반여동, 좌동 일대 상담·서류·등기 대리. 전화·카카오톡 상담 가능. [해운대구] 피상속인의 적극재산·채무 현황 조사 및 한정승인 필요성 판단 한정승인 신고서 작성 및 관할 가정법원 제출 법원 접수·보정 대응 한정승인 효력 확인 후 상속재산 목록 작성·파산선고 여부 안내 필요 시 상속등기 등 후속 절차 진행 피상속인 사망 관련 서류(제적·사망진단서 등) 상속인 신분증 한정승인 신고서 피상속인 명의 재산·채무 관련 자료(등기부, 금융거래 내역 등)",410,1,/부산한정승인::해운대구 한정승인,"안윤정 법무사 소개>/about || 해운대 법무사>/해운대법무사 || 센텀 법무사>/센텀법무사 || 우동 법무사>/우동법무사 || 추천·사무실·상담 검색을 나누는 방법>/blog/busan-lawyer-recommend-office-consult || 부산 법무사 고를 때 관할 등기소·법원부터 확인하는 이유>/blog/busan-lawyer-jurisdiction-checklist || 센텀 법무사 방문 상담, 하루 흐름과 준비물>/blog/centum-lawyer-visit-day-flow || 스타트업 법인등기 실무 체크>/blog/startup-corporate-registration-checklist || 부동산등기 법무사 상담이 필요한 경우>/blog/when-to-consult-real-estate-registration-lawyer || 해운대구에서 한정승인를 검토하는 대표 상황 자세히 보기>/services/cases/dongnae-qualified-acceptance-consultation || 부산 선박등기 허브로 돌아가기>/부산선박등기 || 해운회사 법인등기>/해운회사법인등기",홈 > 해운대구 한정승인,yes,WebPage,,SERP_UNVERIFIED,qualified-supporting,qualified-acceptance,"해운대구는센텀시티·마린시티·재송·반여일대고가아파트와상가,법인사옥이밀집해상속·매매·법인등기문의가많은지역입니다.해운대구센텀,우동,재송동,반여동,좌동"
/연제구상속등기,generated,"index,follow",yes,/연제구상속등기,연제구 상속등기 | 연산동 관할·서류,"연제구 상속등기 실무 안내 — 다옴법무사사무소 안윤정 법무사. 연산동, 거제동 일대 상담·서류·등기 대리. 전화·카카오톡 상담 가능. 해운대·센텀 다옴법무사사무소에서 전화·카카오톡·방문(예약) 상담이 가능합니다.",연제구 상속등기 | 연산동 관할·서류,"연제구 상속등기 실무 안내 — 다옴법무사사무소 안윤정 법무사. 연산동, 거제동 일대 상담·서류·등기 대리. 전화·카카오톡 상담 가능. 해운대·센텀 다옴법무사사무소에서 전화·카카오톡·방문(예약) 상담이 가능합니다.",연제구 상속등기 상담,비용 안내 | 관할·접근 안내 | 법무사 의견,"연제구는 연산·거제 일대 실거주 아파트와 상가, 소규모 법인 사무실이 많아 상속등기와 임원변경·법인등기 상담이 이어지는 지역입니다. 연제구 연산동, 거제동에서 상속등기를 진행할 때는 부동산·법인 소재지와 당사자 서류를 기준으로 관할과 순서를 맞춥니다. 이 페이지는 상속등기만 다루며, 상담은 해운대 센텀 다옴법무사사무소에서 이어집니다. 연제구 상속등기 실무 안내 — 다옴법무사사무소 안윤정 법무사. 연산동, 거제동 일대 상담·서류·등기 대리. 전화·카카오톡 상담 가능. 연제구 연산동·거제동 일대에서 해당 업무의 서류·기한·관할을 상담합니다. [연제구] 상담 및 등기부·가족관계 확인 — 상속인 수, 부동산 현황, 채무 여부를 파악합니다. 상속포기·한정승인 필요 여부 점검 — 3개월 검토 기간과 상속등기 일정을 구분해 안내합니다. 필요 서류 안내 및 수집 — 제적·가족관계증명서, 인감증명서, 토지·건축물 대장 등을 준비합니다. 상속인 협의 — 공동상속인이 있으면 협의서·분할협의서 등을 정리",447,9,/연제구법무사::상속등기 || /부산한정승인전문법무사::연제구 상속등기 || /1분간편상담::연제구 상속등기 || /법무사상담::연제구 상속등기 || /상속등기상담::연제구 상속등기 || /서류가없어도상담가능::연제구 상속등기 || /전화가어려울때법률상담::연제구 상속등기 || /연산동법무사::연제구 상속등기 || /연산역법무사::연제구 상속등기,"안윤정 법무사 소개>/about || 연제구 법무사>/연제구법무사 || 연산동 법무사>/연산동법무사 || 거제동 법무사>/거제동법무사 || 추천·사무실·상담 검색을 나누는 방법>/blog/busan-lawyer-recommend-office-consult || 부산 법무사 고를 때 관할 등기소·법원부터 확인하는 이유>/blog/busan-lawyer-jurisdiction-checklist || 센텀 법무사 방문 상담, 하루 흐름과 준비물>/blog/centum-lawyer-visit-day-flow || 스타트업 법인등기 실무 체크>/blog/startup-corporate-registration-checklist || 부동산등기 법무사 상담이 필요한 경우>/blog/when-to-consult-real-estate-registration-lawyer || 부산 상속등기 허브로 돌아가기>/부산상속등기 || 부산 상속 법무사>/부산상속법무사 || 부산 상속재산분할>/부산상속재산분할법무사",홈 > 연제구 상속등기,yes,WebPage,,SERP_UNVERIFIED,inheritance-supporting,inheritance-registration,"연제구는연산·거제일대실거주아파트와상가,소규모법인사무실이많아상속등기와임원변경·법인등기상담이이어지는지역입니다.연제구연산동,거제동에서상속등기를진행할때"
/연제구상속포기,generated,"index,follow",yes,/연제구상속포기,연제구 상속포기 | 연산동 관할·서류,"연제구 상속포기 실무 안내 — 다옴법무사사무소 안윤정 법무사. 연산동, 거제동 일대 상담·서류·등기 대리. 전화·카카오톡 상담 가능. 해운대·센텀 다옴법무사사무소에서 전화·카카오톡·방문(예약) 상담이 가능합니다.",연제구 상속포기 | 연산동 관할·서류,"연제구 상속포기 실무 안내 — 다옴법무사사무소 안윤정 법무사. 연산동, 거제동 일대 상담·서류·등기 대리. 전화·카카오톡 상담 가능. 해운대·센텀 다옴법무사사무소에서 전화·카카오톡·방문(예약) 상담이 가능합니다.",연제구 상속포기 상담,비용 안내 | 관할·접근 안내 | 법무사 의견 | 상담 시 확인하는 내용,"연제구는 연산·거제 일대 실거주 아파트와 상가, 소규모 법인 사무실이 많아 상속등기와 임원변경·법인등기 상담이 이어지는 지역입니다. 연제구 연산동, 거제동에서 상속포기를 진행할 때는 부동산·법인 소재지와 당사자 서류를 기준으로 관할과 순서를 맞춥니다. 이 페이지는 상속포기만 다루며, 상담은 해운대 센텀 다옴법무사사무소에서 이어집니다. 연제구 상속포기 실무 안내 — 다옴법무사사무소 안윤정 법무사. 연산동, 거제동 일대 상담·서류·등기 대리. 전화·카카오톡 상담 가능. [연제구] 상속 개시 사실 확인 및 상속인·채무·재산 현황 파악 상속포기 가능 여부와 한정승인·단순승인과 비교 상담 상속포기 신고서 작성 및 관할 가정법원 제출 법원 접수 확인 및 필요 시 보정 상속포기 효력 발생 후 후속 절차(상속등기 불요 등) 안내 피상속인 사망 사실을 확인할 수 있는 서류(제적·사망진단서 등) 상속인 본인 신분증 상속포기 신고서(법원 양식) 피상속인의 채무·재산 현황을 파악할 수 있는 자료(가능한 ",434,0,,"안윤정 법무사 소개>/about || 연제구 법무사>/연제구법무사 || 연산동 법무사>/연산동법무사 || 추천·사무실·상담 검색을 나누는 방법>/blog/busan-lawyer-recommend-office-consult || 부산 법무사 고를 때 관할 등기소·법원부터 확인하는 이유>/blog/busan-lawyer-jurisdiction-checklist || 센텀 법무사 방문 상담, 하루 흐름과 준비물>/blog/centum-lawyer-visit-day-flow || 스타트업 법인등기 실무 체크>/blog/startup-corporate-registration-checklist || 부동산등기 법무사 상담이 필요한 경우>/blog/when-to-consult-real-estate-registration-lawyer || 연제구에서 상속포기를 검토하는 대표 상황 자세히 보기>/services/cases/jaesong-inheritance-renunciation-consultation || 부산 상속포기 허브로 돌아가기>/부산상속포기 || 상속포기 비용>/상속포기비용 || 상속포기 필요서류>/상속포기필요서류",홈 > 연제구 상속포기,yes,WebPage,,SERP_UNVERIFIED,renunciation-supporting,inheritance-renunciation,"연제구는연산·거제일대실거주아파트와상가,소규모법인사무실이많아상속등기와임원변경·법인등기상담이이어지는지역입니다.연제구연산동,거제동에서상속포기를진행할때"
/수영구상속등기,generated,"index,follow",yes,/수영구상속등기,수영구 상속등기 | 광안동 관할·서류,"수영구 상속등기 실무 안내 — 다옴법무사사무소 안윤정 법무사. 광안동, 민락동, 망미동 일대 상담·서류·등기 대리. 전화·카카오톡 상담…",수영구 상속등기 | 광안동 관할·서류,"수영구 상속등기 실무 안내 — 다옴법무사사무소 안윤정 법무사. 광안동, 민락동, 망미동 일대 상담·서류·등기 대리. 전화·카카오톡 상담…",수영구 상속등기 상담,비용 안내 | 관할·접근 안내 | 법무사 의견,"수영구는 광안리·민락·망미 일대 전월세·매매와 상속이 겹치는 사건이 많고, 부동산 가액에 따라 등기 비용과 절차가 달라지는 경우가 많습니다. 수영구 광안동, 민락동, 망미동에서 상속등기를 진행할 때는 부동산·법인 소재지와 당사자 서류를 기준으로 관할과 순서를 맞춥니다. 이 페이지는 상속등기만 다루며, 상담은 해운대 센텀 다옴법무사사무소에서 이어집니다. 수영구 상속등기 실무 안내 — 다옴법무사사무소 안윤정 법무사. 광안동, 민락동, 망미동 일대 상담·서류·등기 대리. 전화·카카오톡 상담 가능. 수영구 광안동·민락동 일대에서 해당 업무의 서류·기한·관할을 상담합니다. [수영구] 상담 및 등기부·가족관계 확인 — 상속인 수, 부동산 현황, 채무 여부를 파악합니다. 상속포기·한정승인 필요 여부 점검 — 3개월 검토 기간과 상속등기 일정을 구분해 안내합니다. 필요 서류 안내 및 수집 — 제적·가족관계증명서, 인감증명서, 토지·건축물 대장 등을 준비합니다. 상속인 협의 — 공동상속인이 있으면 ",448,52,/수영구법무사::상속등기 || /상속등기기간::수영구 상속등기 || /부산법무사수임료::수영구 상속등기 || /부산법무사보수::수영구 상속등기 || /부산한정승인전문법무사::수영구 상속등기 || /부산상속등기전문법무사::수영구 상속등기 || /법무사수임료::수영구 상속등기 || /법무사비용::수영구 상속등기 || /법무사보수::수영구 상속등기 || /사망신고와상속등기차이::수영구 상속등기 || /연락두절상속인::수영구 상속등기 || /미성년상속인::수영구 상속등기,"안윤정 법무사 소개>/about || 수영구 법무사>/수영구법무사 || 추천·사무실·상담 검색을 나누는 방법>/blog/busan-lawyer-recommend-office-consult || 부산 법무사 고를 때 관할 등기소·법원부터 확인하는 이유>/blog/busan-lawyer-jurisdiction-checklist || 센텀 법무사 방문 상담, 하루 흐름과 준비물>/blog/centum-lawyer-visit-day-flow || 스타트업 법인등기 실무 체크>/blog/startup-corporate-registration-checklist || 부동산등기 법무사 상담이 필요한 경우>/blog/when-to-consult-real-estate-registration-lawyer || 부산 상속등기 허브로 돌아가기>/부산상속등기 || 부산 상속 법무사>/부산상속법무사 || 부산 상속재산분할>/부산상속재산분할법무사 || 부산 상속등기 비용 안내>/상속등기비용 || 부산 상속등기 필요서류>/상속등기필요서류",홈 > 수영구 상속등기,yes,WebPage,,SERP_UNVERIFIED,inheritance-supporting,inheritance-registration,"수영구는광안리·민락·망미일대전월세·매매와상속이겹치는사건이많고,부동산가액에따라등기비용과절차가달라지는경우가많습니다.수영구광안동,민락동,망미동에서상속"
/동래구상속등기,generated,"index,follow",yes,/동래구상속등기,동래구 상속등기 | 온천동 관할·서류,"동래구 상속등기 실무 안내 — 다옴법무사사무소 안윤정 법무사. 온천동, 사직동, 명륜동 일대 상담·서류·등기 대리. 전화·카카오톡 상담…",동래구 상속등기 | 온천동 관할·서류,"동래구 상속등기 실무 안내 — 다옴법무사사무소 안윤정 법무사. 온천동, 사직동, 명륜동 일대 상담·서류·등기 대리. 전화·카카오톡 상담…",동래구 상속등기 상담,비용 안내 | 관할·접근 안내 | 법무사 의견,"동래구는 온천·사직·명륜 일대 오래된 주택과 재건축·재개발 이슈가 있는 부동산의 상속·등기 사건이 꾸준히 발생합니다. 동래구 온천동, 사직동, 명륜동에서 상속등기를 진행할 때는 부동산·법인 소재지와 당사자 서류를 기준으로 관할과 순서를 맞춥니다. 이 페이지는 상속등기만 다루며, 상담은 해운대 센텀 다옴법무사사무소에서 이어집니다. 동래구 상속등기 실무 안내 — 다옴법무사사무소 안윤정 법무사. 온천동, 사직동, 명륜동 일대 상담·서류·등기 대리. 전화·카카오톡 상담 가능. 동래구 온천동·사직동 일대에서 해당 업무의 서류·기한·관할을 상담합니다. [동래구] 상담 및 등기부·가족관계 확인 — 상속인 수, 부동산 현황, 채무 여부를 파악합니다. 상속포기·한정승인 필요 여부 점검 — 3개월 검토 기간과 상속등기 일정을 구분해 안내합니다. 필요 서류 안내 및 수집 — 제적·가족관계증명서, 인감증명서, 토지·건축물 대장 등을 준비합니다. 상속인 협의 — 공동상속인이 있으면 협의서·분할협의서 등을 ",448,8,/동래구법무사::상속등기 || /동래역법무사::동래구 상속등기 || /사직동법무사::동래구 상속등기 || /동래구상속포기::동래구 상속등기 || /동래구법인설립등기::동래구 상속등기 || /온천동상속등기::동래구 상속등기 || /동래구재건축등기::동래구 상속등기 || /온천동법무사::동래구 상속등기,"안윤정 법무사 소개>/about || 동래구 법무사>/동래구법무사 || 사직동 법무사>/사직동법무사 || 추천·사무실·상담 검색을 나누는 방법>/blog/busan-lawyer-recommend-office-consult || 부산 법무사 고를 때 관할 등기소·법원부터 확인하는 이유>/blog/busan-lawyer-jurisdiction-checklist || 센텀 법무사 방문 상담, 하루 흐름과 준비물>/blog/centum-lawyer-visit-day-flow || 스타트업 법인등기 실무 체크>/blog/startup-corporate-registration-checklist || 부동산등기 법무사 상담이 필요한 경우>/blog/when-to-consult-real-estate-registration-lawyer || 부산 상속등기 허브로 돌아가기>/부산상속등기 || 부산 상속 법무사>/부산상속법무사 || 부산 상속재산분할>/부산상속재산분할법무사 || 부산 상속등기 비용 안내>/상속등기비용",홈 > 동래구 상속등기,yes,WebPage,,SERP_UNVERIFIED,inheritance-supporting,inheritance-registration,"동래구는온천·사직·명륜일대오래된주택과재건축·재개발이슈가있는부동산의상속·등기사건이꾸준히발생합니다.동래구온천동,사직동,명륜동에서상속등기를진행할때는부"
/동래구한정승인,generated,"index,follow",yes,/동래구한정승인,동래구 한정승인 | 사직동 관할·서류,"동래구 한정승인 실무 안내 — 다옴법무사사무소 안윤정 법무사. 사직동, 온천동, 명륜동 일대 상담·서류·등기 대리. 전화·카카오톡 상담…",동래구 한정승인 | 사직동 관할·서류,"동래구 한정승인 실무 안내 — 다옴법무사사무소 안윤정 법무사. 사직동, 온천동, 명륜동 일대 상담·서류·등기 대리. 전화·카카오톡 상담…",동래구 한정승인 상담,비용 안내 | 관할·접근 안내 | 법무사 의견 | 상담 시 확인하는 내용,"동래구는 온천·사직·명륜 일대 오래된 주택과 재건축·재개발 이슈가 있는 부동산의 상속·등기 사건이 꾸준히 발생합니다. 동래구 사직동, 온천동, 명륜동에서 한정승인를 진행할 때는 부동산·법인 소재지와 당사자 서류를 기준으로 관할과 순서를 맞춥니다. 이 페이지는 한정승인만 다루며, 상담은 해운대 센텀 다옴법무사사무소에서 이어집니다. 동래구 한정승인 실무 안내 — 다옴법무사사무소 안윤정 법무사. 사직동, 온천동, 명륜동 일대 상담·서류·등기 대리. 전화·카카오톡 상담 가능. [동래구] 피상속인의 적극재산·채무 현황 조사 및 한정승인 필요성 판단 한정승인 신고서 작성 및 관할 가정법원 제출 법원 접수·보정 대응 한정승인 효력 확인 후 상속재산 목록 작성·파산선고 여부 안내 필요 시 상속등기 등 후속 절차 진행 피상속인 사망 관련 서류(제적·사망진단서 등) 상속인 신분증 한정승인 신고서 피상속인 명의 재산·채무 관련 자료(등기부, 금융거래 내역 등) 위임장(법무사 선임 시) 동래구 사건에서도",406,2,/부산한정승인::동래구 한정승인 || /동래구법무사::한정승인,"안윤정 법무사 소개>/about || 동래구 법무사>/동래구법무사 || 사직동 법무사>/사직동법무사 || 추천·사무실·상담 검색을 나누는 방법>/blog/busan-lawyer-recommend-office-consult || 부산 법무사 고를 때 관할 등기소·법원부터 확인하는 이유>/blog/busan-lawyer-jurisdiction-checklist || 센텀 법무사 방문 상담, 하루 흐름과 준비물>/blog/centum-lawyer-visit-day-flow || 스타트업 법인등기 실무 체크>/blog/startup-corporate-registration-checklist || 부동산등기 법무사 상담이 필요한 경우>/blog/when-to-consult-real-estate-registration-lawyer || 동래구에서 한정승인를 검토하는 대표 상황 자세히 보기>/services/cases/dongnae-qualified-acceptance-consultation || 부산 한정승인 허브로 돌아가기>/부산한정승인 || 한정승인 비용>/한정승인비용 || 한정승인 기한>/한정승인기간",홈 > 동래구 한정승인,yes,WebPage,,SERP_UNVERIFIED,qualified-supporting,qualified-acceptance,"동래구는온천·사직·명륜일대오래된주택과재건축·재개발이슈가있는부동산의상속·등기사건이꾸준히발생합니다.동래구사직동,온천동,명륜동에서한정승인를진행할때는부"
/기장군상속등기,generated,"index,follow",yes,/기장군상속등기,기장군 상속등기 | 기장읍 관할·서류,"기장군 상속등기 실무 안내 — 다옴법무사사무소 안윤정 법무사. 기장읍, 정관읍, 일광읍 일대 상담·서류·등기 대리. 전화·카카오톡 상담…",기장군 상속등기 | 기장읍 관할·서류,"기장군 상속등기 실무 안내 — 다옴법무사사무소 안윤정 법무사. 기장읍, 정관읍, 일광읍 일대 상담·서류·등기 대리. 전화·카카오톡 상담…",기장군 상속등기 상담,비용 안내 | 관할·접근 안내 | 법무사 의견,"기장군은 토지·전원주택·농지 관련 상속과 법인 사옥 이전 등기 문의가 있으며, 관할 등기소와 거리를 고려한 일정 조율이 필요합니다. 기장군 기장읍, 정관읍, 일광읍에서 상속등기를 진행할 때는 부동산·법인 소재지와 당사자 서류를 기준으로 관할과 순서를 맞춥니다. 이 페이지는 상속등기만 다루며, 상담은 해운대 센텀 다옴법무사사무소에서 이어집니다. 기장군 상속등기 실무 안내 — 다옴법무사사무소 안윤정 법무사. 기장읍, 정관읍, 일광읍 일대 상담·서류·등기 대리. 전화·카카오톡 상담 가능. 기장군 기장읍·정관읍 일대에서 해당 업무의 서류·기한·관할을 상담합니다. [기장군] 상담 및 등기부·가족관계 확인 — 상속인 수, 부동산 현황, 채무 여부를 파악합니다. 상속포기·한정승인 필요 여부 점검 — 3개월 검토 기간과 상속등기 일정을 구분해 안내합니다. 필요 서류 안내 및 수집 — 제적·가족관계증명서, 인감증명서, 토지·건축물 대장 등을 준비합니다. 상속인 협의 — 공동상속인이 있으면 협의서·분",450,5,/기장군법무사::상속등기 || /경상도비대면상속등기::기장군 상속등기 || /일광읍법무사::기장군 상속등기 || /기장법무사::기장군 상속등기 || /상속::기장군 상속등기,"안윤정 법무사 소개>/about || 기장군 법무사>/기장군법무사 || 기장읍 법무사>/기장읍법무사 || 추천·사무실·상담 검색을 나누는 방법>/blog/busan-lawyer-recommend-office-consult || 부산 법무사 고를 때 관할 등기소·법원부터 확인하는 이유>/blog/busan-lawyer-jurisdiction-checklist || 센텀 법무사 방문 상담, 하루 흐름과 준비물>/blog/centum-lawyer-visit-day-flow || 스타트업 법인등기 실무 체크>/blog/startup-corporate-registration-checklist || 부동산등기 법무사 상담이 필요한 경우>/blog/when-to-consult-real-estate-registration-lawyer || 기장군에서 상속등기를 검토하는 대표 상황 자세히 보기>/services/cases/gijang-land-inheritance-case || 부산 상속등기 허브로 돌아가기>/부산상속등기 || 부산 상속 법무사>/부산상속법무사 || 부산 상속재산분할>/부산상속재산분할법무사",홈 > 기장군 상속등기,yes,WebPage,,SERP_UNVERIFIED,inheritance-supporting,inheritance-registration,"기장군은토지·전원주택·농지관련상속과법인사옥이전등기문의가있으며,관할등기소와거리를고려한일정조율이필요합니다.기장군기장읍,정관읍,일광읍에서상속등기를진행"
/기장군상속포기,generated,"index,follow",yes,/기장군상속포기,기장군 상속포기 | 기장읍 관할·서류,"기장군 상속포기 실무 안내 — 다옴법무사사무소 안윤정 법무사. 기장읍, 정관읍, 일광읍 일대 상담·서류·등기 대리. 전화·카카오톡 상담…",기장군 상속포기 | 기장읍 관할·서류,"기장군 상속포기 실무 안내 — 다옴법무사사무소 안윤정 법무사. 기장읍, 정관읍, 일광읍 일대 상담·서류·등기 대리. 전화·카카오톡 상담…",기장군 상속포기 상담,비용 안내 | 관할·접근 안내 | 법무사 의견 | 상담 시 확인하는 내용,"기장군은 토지·전원주택·농지 관련 상속과 법인 사옥 이전 등기 문의가 있으며, 관할 등기소와 거리를 고려한 일정 조율이 필요합니다. 기장군 기장읍, 정관읍, 일광읍에서 상속포기를 진행할 때는 부동산·법인 소재지와 당사자 서류를 기준으로 관할과 순서를 맞춥니다. 이 페이지는 상속포기만 다루며, 상담은 해운대 센텀 다옴법무사사무소에서 이어집니다. 기장군 상속포기 실무 안내 — 다옴법무사사무소 안윤정 법무사. 기장읍, 정관읍, 일광읍 일대 상담·서류·등기 대리. 전화·카카오톡 상담 가능. [기장군] 상속 개시 사실 확인 및 상속인·채무·재산 현황 파악 상속포기 가능 여부와 한정승인·단순승인과 비교 상담 상속포기 신고서 작성 및 관할 가정법원 제출 법원 접수 확인 및 필요 시 보정 상속포기 효력 발생 후 후속 절차(상속등기 불요 등) 안내 피상속인 사망 사실을 확인할 수 있는 서류(제적·사망진단서 등) 상속인 본인 신분증 상속포기 신고서(법원 양식) 피상속인의 채무·재산 현황을 파악할 수 ",437,1,/상속::기장 상속포기,"안윤정 법무사 소개>/about || 기장군 법무사>/기장군법무사 || 기장읍 법무사>/기장읍법무사 || 일광읍 법무사>/일광읍법무사 || 추천·사무실·상담 검색을 나누는 방법>/blog/busan-lawyer-recommend-office-consult || 부산 법무사 고를 때 관할 등기소·법원부터 확인하는 이유>/blog/busan-lawyer-jurisdiction-checklist || 센텀 법무사 방문 상담, 하루 흐름과 준비물>/blog/centum-lawyer-visit-day-flow || 스타트업 법인등기 실무 체크>/blog/startup-corporate-registration-checklist || 부동산등기 법무사 상담이 필요한 경우>/blog/when-to-consult-real-estate-registration-lawyer || 기장군에서 상속포기를 검토하는 대표 상황 자세히 보기>/services/cases/jaesong-inheritance-renunciation-consultation || 부산 상속포기 허브로 돌아가기>/부산상속포기 || 상속포기 비용>/상속포기비용",홈 > 기장군 상속포기,yes,WebPage,,SERP_UNVERIFIED,renunciation-supporting,inheritance-renunciation,"기장군은토지·전원주택·농지관련상속과법인사옥이전등기문의가있으며,관할등기소와거리를고려한일정조율이필요합니다.기장군기장읍,정관읍,일광읍에서상속포기를진행"
/기장군한정승인,generated,"index,follow",yes,/기장군한정승인,기장군 한정승인 | 기장읍 관할·서류,"기장군 한정승인 실무 안내 — 다옴법무사사무소 안윤정 법무사. 기장읍, 정관읍, 일광읍 일대 상담·서류·등기 대리. 전화·카카오톡 상담…",기장군 한정승인 | 기장읍 관할·서류,"기장군 한정승인 실무 안내 — 다옴법무사사무소 안윤정 법무사. 기장읍, 정관읍, 일광읍 일대 상담·서류·등기 대리. 전화·카카오톡 상담…",기장군 한정승인 상담,비용 안내 | 관할·접근 안내 | 법무사 의견 | 상담 시 확인하는 내용,"기장군은 토지·전원주택·농지 관련 상속과 법인 사옥 이전 등기 문의가 있으며, 관할 등기소와 거리를 고려한 일정 조율이 필요합니다. 기장군 기장읍, 정관읍, 일광읍에서 한정승인를 진행할 때는 부동산·법인 소재지와 당사자 서류를 기준으로 관할과 순서를 맞춥니다. 이 페이지는 한정승인만 다루며, 상담은 해운대 센텀 다옴법무사사무소에서 이어집니다. 기장군 한정승인 실무 안내 — 다옴법무사사무소 안윤정 법무사. 기장읍, 정관읍, 일광읍 일대 상담·서류·등기 대리. 전화·카카오톡 상담 가능. [기장군] 피상속인의 적극재산·채무 현황 조사 및 한정승인 필요성 판단 한정승인 신고서 작성 및 관할 가정법원 제출 법원 접수·보정 대응 한정승인 효력 확인 후 상속재산 목록 작성·파산선고 여부 안내 필요 시 상속등기 등 후속 절차 진행 피상속인 사망 관련 서류(제적·사망진단서 등) 상속인 신분증 한정승인 신고서 피상속인 명의 재산·채무 관련 자료(등기부, 금융거래 내역 등) 위임장(법무사 선임 시) 기",407,0,,"안윤정 법무사 소개>/about || 기장군 법무사>/기장군법무사 || 기장읍 법무사>/기장읍법무사 || 추천·사무실·상담 검색을 나누는 방법>/blog/busan-lawyer-recommend-office-consult || 부산 법무사 고를 때 관할 등기소·법원부터 확인하는 이유>/blog/busan-lawyer-jurisdiction-checklist || 센텀 법무사 방문 상담, 하루 흐름과 준비물>/blog/centum-lawyer-visit-day-flow || 스타트업 법인등기 실무 체크>/blog/startup-corporate-registration-checklist || 부동산등기 법무사 상담이 필요한 경우>/blog/when-to-consult-real-estate-registration-lawyer || 기장군에서 한정승인를 검토하는 대표 상황 자세히 보기>/services/cases/dongnae-qualified-acceptance-consultation || 부산 한정승인 허브로 돌아가기>/부산한정승인 || 한정승인 비용>/한정승인비용 || 한정승인 기한>/한정승인기간",홈 > 기장군 한정승인,yes,WebPage,,SERP_UNVERIFIED,qualified-supporting,qualified-acceptance,"기장군은토지·전원주택·농지관련상속과법인사옥이전등기문의가있으며,관할등기소와거리를고려한일정조율이필요합니다.기장군기장읍,정관읍,일광읍에서한정승인를진행"
/북구상속등기,generated,"index,follow",yes,/북구상속등기,북구 상속등기 | 덕천동 관할·서류,"북구 상속등기 실무 안내 — 다옴법무사사무소 안윤정 법무사. 덕천동, 구포동, 화명동 일대 상담·서류·등기 대리. 전화·카카오톡 상담…",북구 상속등기 | 덕천동 관할·서류,"북구 상속등기 실무 안내 — 다옴법무사사무소 안윤정 법무사. 덕천동, 구포동, 화명동 일대 상담·서류·등기 대리. 전화·카카오톡 상담…",북구 상속등기 상담,비용 안내 | 관할·접근 안내 | 법무사 의견,"북구는 덕천·구포·화명 일대 실거주 아파트와 상가가 많고, 상속·매매 등기와 개인회생 상담이 꾸준히 이어지는 지역입니다. 북구 덕천동, 구포동, 화명동에서 상속등기를 진행할 때는 부동산·법인 소재지와 당사자 서류를 기준으로 관할과 순서를 맞춥니다. 이 페이지는 상속등기만 다루며, 상담은 해운대 센텀 다옴법무사사무소에서 이어집니다. 북구 상속등기 실무 안내 — 다옴법무사사무소 안윤정 법무사. 덕천동, 구포동, 화명동 일대 상담·서류·등기 대리. 전화·카카오톡 상담 가능. 북구 덕천동·구포동 일대에서 해당 업무의 서류·기한·관할을 상담합니다. [북구] 상담 및 등기부·가족관계 확인 — 상속인 수, 부동산 현황, 채무 여부를 파악합니다. 상속포기·한정승인 필요 여부 점검 — 3개월 검토 기간과 상속등기 일정을 구분해 안내합니다. 필요 서류 안내 및 수집 — 제적·가족관계증명서, 인감증명서, 토지·건축물 대장 등을 준비합니다. 상속인 협의 — 공동상속인이 있으면 협의서·분할협의서 등을 정리",447,2,/북구법무사::상속등기 || /화명동법무사::북구 상속등기,"안윤정 법무사 소개>/about || 북구 법무사>/북구법무사 || 덕천동 법무사>/덕천동법무사 || 구포동 법무사>/구포동법무사 || 추천·사무실·상담 검색을 나누는 방법>/blog/busan-lawyer-recommend-office-consult || 부산 법무사 고를 때 관할 등기소·법원부터 확인하는 이유>/blog/busan-lawyer-jurisdiction-checklist || 센텀 법무사 방문 상담, 하루 흐름과 준비물>/blog/centum-lawyer-visit-day-flow || 스타트업 법인등기 실무 체크>/blog/startup-corporate-registration-checklist || 부동산등기 법무사 상담이 필요한 경우>/blog/when-to-consult-real-estate-registration-lawyer || 북구에서 상속등기를 검토하는 대표 상황 자세히 보기>/services/cases/haeundae-inheritance-registration-case || 부산 상속등기 허브로 돌아가기>/부산상속등기 || 부산 상속 법무사>/부산상속법무사",홈 > 북구 상속등기,yes,WebPage,,SERP_UNVERIFIED,inheritance-supporting,inheritance-registration,"북구는덕천·구포·화명일대실거주아파트와상가가많고,상속·매매등기와개인회생상담이꾸준히이어지는지역입니다.북구덕천동,구포동,화명동에서상속등기를진행할때는부"
/북구상속포기,generated,"index,follow",yes,/북구상속포기,북구 상속포기 | 구포동 관할·서류,"북구 상속포기 실무 안내 — 다옴법무사사무소 안윤정 법무사. 구포동, 덕천동, 화명동 일대 상담·서류·등기 대리. 전화·카카오톡 상담…",북구 상속포기 | 구포동 관할·서류,"북구 상속포기 실무 안내 — 다옴법무사사무소 안윤정 법무사. 구포동, 덕천동, 화명동 일대 상담·서류·등기 대리. 전화·카카오톡 상담…",북구 상속포기 상담,비용 안내 | 관할·접근 안내 | 법무사 의견 | 상담 시 확인하는 내용,"북구는 덕천·구포·화명 일대 실거주 아파트와 상가가 많고, 상속·매매 등기와 개인회생 상담이 꾸준히 이어지는 지역입니다. 북구 구포동, 덕천동, 화명동에서 상속포기를 진행할 때는 부동산·법인 소재지와 당사자 서류를 기준으로 관할과 순서를 맞춥니다. 이 페이지는 상속포기만 다루며, 상담은 해운대 센텀 다옴법무사사무소에서 이어집니다. 북구 상속포기 실무 안내 — 다옴법무사사무소 안윤정 법무사. 구포동, 덕천동, 화명동 일대 상담·서류·등기 대리. 전화·카카오톡 상담 가능. [북구] 상속 개시 사실 확인 및 상속인·채무·재산 현황 파악 상속포기 가능 여부와 한정승인·단순승인과 비교 상담 상속포기 신고서 작성 및 관할 가정법원 제출 법원 접수 확인 및 필요 시 보정 상속포기 효력 발생 후 후속 절차(상속등기 불요 등) 안내 피상속인 사망 사실을 확인할 수 있는 서류(제적·사망진단서 등) 상속인 본인 신분증 상속포기 신고서(법원 양식) 피상속인의 채무·재산 현황을 파악할 수 있는 자료(가능한",433,1,/부산상속포기::북구 상속포기,"안윤정 법무사 소개>/about || 북구 법무사>/북구법무사 || 구포동 법무사>/구포동법무사 || 추천·사무실·상담 검색을 나누는 방법>/blog/busan-lawyer-recommend-office-consult || 부산 법무사 고를 때 관할 등기소·법원부터 확인하는 이유>/blog/busan-lawyer-jurisdiction-checklist || 센텀 법무사 방문 상담, 하루 흐름과 준비물>/blog/centum-lawyer-visit-day-flow || 스타트업 법인등기 실무 체크>/blog/startup-corporate-registration-checklist || 부동산등기 법무사 상담이 필요한 경우>/blog/when-to-consult-real-estate-registration-lawyer || 북구에서 상속포기를 검토하는 대표 상황 자세히 보기>/services/cases/jaesong-inheritance-renunciation-consultation || 부산 상속포기 허브로 돌아가기>/부산상속포기 || 상속포기 비용>/상속포기비용 || 상속포기 필요서류>/상속포기필요서류",홈 > 북구 상속포기,yes,WebPage,,SERP_UNVERIFIED,renunciation-supporting,inheritance-renunciation,"북구는덕천·구포·화명일대실거주아파트와상가가많고,상속·매매등기와개인회생상담이꾸준히이어지는지역입니다.북구구포동,덕천동,화명동에서상속포기를진행할때는부"
/사상구상속등기,generated,"index,follow",yes,/사상구상속등기,사상구 상속등기 | 엄궁동 관할·서류,"사상구 상속등기 실무 안내 — 다옴법무사사무소 안윤정 법무사. 엄궁동, 감전동, 주례동 일대 상담·서류·등기 대리. 전화·카카오톡 상담…",사상구 상속등기 | 엄궁동 관할·서류,"사상구 상속등기 실무 안내 — 다옴법무사사무소 안윤정 법무사. 엄궁동, 감전동, 주례동 일대 상담·서류·등기 대리. 전화·카카오톡 상담…",사상구 상속등기 상담,비용 안내 | 관할·접근 안내 | 법무사 의견,"사상구는 엄궁·감전·주례 일대 신·구 아파트와 상가, 토지 상속 사건이 많으며 채무 관련 상속포기·개인회생 문의도 잦습니다. 사상구 엄궁동, 감전동, 주례동에서 상속등기를 진행할 때는 부동산·법인 소재지와 당사자 서류를 기준으로 관할과 순서를 맞춥니다. 이 페이지는 상속등기만 다루며, 상담은 해운대 센텀 다옴법무사사무소에서 이어집니다. 사상구 상속등기 실무 안내 — 다옴법무사사무소 안윤정 법무사. 엄궁동, 감전동, 주례동 일대 상담·서류·등기 대리. 전화·카카오톡 상담 가능. 사상구 엄궁동·감전동 일대에서 해당 업무의 서류·기한·관할을 상담합니다. [사상구] 상담 및 등기부·가족관계 확인 — 상속인 수, 부동산 현황, 채무 여부를 파악합니다. 상속포기·한정승인 필요 여부 점검 — 3개월 검토 기간과 상속등기 일정을 구분해 안내합니다. 필요 서류 안내 및 수집 — 제적·가족관계증명서, 인감증명서, 토지·건축물 대장 등을 준비합니다. 상속인 협의 — 공동상속인이 있으면 협의서·분할협의서",446,2,/사상구법무사::상속등기 || /사상법무사::사상구 상속등기,"안윤정 법무사 소개>/about || 사상구 법무사>/사상구법무사 || 추천·사무실·상담 검색을 나누는 방법>/blog/busan-lawyer-recommend-office-consult || 부산 법무사 고를 때 관할 등기소·법원부터 확인하는 이유>/blog/busan-lawyer-jurisdiction-checklist || 센텀 법무사 방문 상담, 하루 흐름과 준비물>/blog/centum-lawyer-visit-day-flow || 스타트업 법인등기 실무 체크>/blog/startup-corporate-registration-checklist || 부동산등기 법무사 상담이 필요한 경우>/blog/when-to-consult-real-estate-registration-lawyer || 사상구에서 상속등기를 검토하는 대표 상황 자세히 보기>/services/cases/haeundae-inheritance-registration-case || 부산 상속등기 허브로 돌아가기>/부산상속등기 || 부산 상속 법무사>/부산상속법무사 || 부산 상속재산분할>/부산상속재산분할법무사 || 부산 상속등기 비용 안내>/상속등기비용",홈 > 사상구 상속등기,yes,WebPage,,SERP_UNVERIFIED,inheritance-supporting,inheritance-registration,"사상구는엄궁·감전·주례일대신·구아파트와상가,토지상속사건이많으며채무관련상속포기·개인회생문의도잦습니다.사상구엄궁동,감전동,주례동에서상속등기를진행할때"
/사상구상속포기,generated,"index,follow",yes,/사상구상속포기,사상구 상속포기 | 감전동 관할·서류,"사상구 상속포기 실무 안내 — 다옴법무사사무소 안윤정 법무사. 감전동, 엄궁동, 주례동 일대 상담·서류·등기 대리. 전화·카카오톡 상담…",사상구 상속포기 | 감전동 관할·서류,"사상구 상속포기 실무 안내 — 다옴법무사사무소 안윤정 법무사. 감전동, 엄궁동, 주례동 일대 상담·서류·등기 대리. 전화·카카오톡 상담…",사상구 상속포기 상담,비용 안내 | 관할·접근 안내 | 법무사 의견 | 상담 시 확인하는 내용,"사상구는 엄궁·감전·주례 일대 신·구 아파트와 상가, 토지 상속 사건이 많으며 채무 관련 상속포기·개인회생 문의도 잦습니다. 사상구 감전동, 엄궁동, 주례동에서 상속포기를 진행할 때는 부동산·법인 소재지와 당사자 서류를 기준으로 관할과 순서를 맞춥니다. 이 페이지는 상속포기만 다루며, 상담은 해운대 센텀 다옴법무사사무소에서 이어집니다. 사상구 상속포기 실무 안내 — 다옴법무사사무소 안윤정 법무사. 감전동, 엄궁동, 주례동 일대 상담·서류·등기 대리. 전화·카카오톡 상담 가능. [사상구] 상속 개시 사실 확인 및 상속인·채무·재산 현황 파악 상속포기 가능 여부와 한정승인·단순승인과 비교 상담 상속포기 신고서 작성 및 관할 가정법원 제출 법원 접수 확인 및 필요 시 보정 상속포기 효력 발생 후 후속 절차(상속등기 불요 등) 안내 피상속인 사망 사실을 확인할 수 있는 서류(제적·사망진단서 등) 상속인 본인 신분증 상속포기 신고서(법원 양식) 피상속인의 채무·재산 현황을 파악할 수 있는 자",434,2,/사상구법무사::상속포기 || /사상역법무사::사상구 상속포기,"안윤정 법무사 소개>/about || 사상구 법무사>/사상구법무사 || 추천·사무실·상담 검색을 나누는 방법>/blog/busan-lawyer-recommend-office-consult || 부산 법무사 고를 때 관할 등기소·법원부터 확인하는 이유>/blog/busan-lawyer-jurisdiction-checklist || 센텀 법무사 방문 상담, 하루 흐름과 준비물>/blog/centum-lawyer-visit-day-flow || 스타트업 법인등기 실무 체크>/blog/startup-corporate-registration-checklist || 부동산등기 법무사 상담이 필요한 경우>/blog/when-to-consult-real-estate-registration-lawyer || 사상구에서 상속포기를 검토하는 대표 상황 자세히 보기>/services/cases/jaesong-inheritance-renunciation-consultation || 부산 상속포기 허브로 돌아가기>/부산상속포기 || 상속포기 비용>/상속포기비용 || 상속포기 필요서류>/상속포기필요서류 || 부산 한정승인 비교>/부산한정승인",홈 > 사상구 상속포기,yes,WebPage,,SERP_UNVERIFIED,renunciation-supporting,inheritance-renunciation,"사상구는엄궁·감전·주례일대신·구아파트와상가,토지상속사건이많으며채무관련상속포기·개인회생문의도잦습니다.사상구감전동,엄궁동,주례동에서상속포기를진행할때"
/금정구상속등기,generated,"index,follow",yes,/금정구상속등기,금정구 상속등기 | 부곡동 관할·서류,"금정구 상속등기 실무 안내 — 다옴법무사사무소 안윤정 법무사. 부곡동, 서동, 금사동 일대 상담·서류·등기 대리. 전화·카카오톡 상담…",금정구 상속등기 | 부곡동 관할·서류,"금정구 상속등기 실무 안내 — 다옴법무사사무소 안윤정 법무사. 부곡동, 서동, 금사동 일대 상담·서류·등기 대리. 전화·카카오톡 상담…",금정구 상속등기 상담,비용 안내 | 관할·접근 안내 | 법무사 의견,"금정구는 부곡·서동·금사 일대 주택·다가구·상가의 상속등기와 한정승인 사건이 발생하며, 부산대 인근 임대·매매 등기도 있습니다. 금정구 부곡동, 서동, 금사동에서 상속등기를 진행할 때는 부동산·법인 소재지와 당사자 서류를 기준으로 관할과 순서를 맞춥니다. 이 페이지는 상속등기만 다루며, 상담은 해운대 센텀 다옴법무사사무소에서 이어집니다. 금정구 상속등기 실무 안내 — 다옴법무사사무소 안윤정 법무사. 부곡동, 서동, 금사동 일대 상담·서류·등기 대리. 전화·카카오톡 상담 가능. 금정구 부곡동·서동 일대에서 해당 업무의 서류·기한·관할을 상담합니다. [금정구] 상담 및 등기부·가족관계 확인 — 상속인 수, 부동산 현황, 채무 여부를 파악합니다. 상속포기·한정승인 필요 여부 점검 — 3개월 검토 기간과 상속등기 일정을 구분해 안내합니다. 필요 서류 안내 및 수집 — 제적·가족관계증명서, 인감증명서, 토지·건축물 대장 등을 준비합니다. 상속인 협의 — 공동상속인이 있으면 협의서·분할협의서 ",448,1,/금정구법무사::상속등기,"안윤정 법무사 소개>/about || 금정구 법무사>/금정구법무사 || 부곡동 법무사>/부곡동법무사 || 추천·사무실·상담 검색을 나누는 방법>/blog/busan-lawyer-recommend-office-consult || 부산 법무사 고를 때 관할 등기소·법원부터 확인하는 이유>/blog/busan-lawyer-jurisdiction-checklist || 센텀 법무사 방문 상담, 하루 흐름과 준비물>/blog/centum-lawyer-visit-day-flow || 스타트업 법인등기 실무 체크>/blog/startup-corporate-registration-checklist || 부동산등기 법무사 상담이 필요한 경우>/blog/when-to-consult-real-estate-registration-lawyer || 금정구에서 상속등기를 검토하는 대표 상황 자세히 보기>/services/cases/haeundae-inheritance-registration-case || 부산 상속등기 허브로 돌아가기>/부산상속등기 || 부산 상속 법무사>/부산상속법무사 || 부산 상속재산분할>/부산상속재산분할법무사",홈 > 금정구 상속등기,yes,WebPage,,SERP_UNVERIFIED,inheritance-supporting,inheritance-registration,"금정구는부곡·서동·금사일대주택·다가구·상가의상속등기와한정승인사건이발생하며,부산대인근임대·매매등기도있습니다.금정구부곡동,서동,금사동에서상속등기를진"
/금정구한정승인,generated,"index,follow",yes,/금정구한정승인,금정구 한정승인 | 금사동 관할·서류,"금정구 한정승인 실무 안내 — 다옴법무사사무소 안윤정 법무사. 금사동, 부곡동, 서동 일대 상담·서류·등기 대리. 전화·카카오톡 상담…",금정구 한정승인 | 금사동 관할·서류,"금정구 한정승인 실무 안내 — 다옴법무사사무소 안윤정 법무사. 금사동, 부곡동, 서동 일대 상담·서류·등기 대리. 전화·카카오톡 상담…",금정구 한정승인 상담,비용 안내 | 관할·접근 안내 | 법무사 의견 | 상담 시 확인하는 내용,"금정구는 부곡·서동·금사 일대 주택·다가구·상가의 상속등기와 한정승인 사건이 발생하며, 부산대 인근 임대·매매 등기도 있습니다. 금정구 금사동, 부곡동, 서동에서 한정승인를 진행할 때는 부동산·법인 소재지와 당사자 서류를 기준으로 관할과 순서를 맞춥니다. 이 페이지는 한정승인만 다루며, 상담은 해운대 센텀 다옴법무사사무소에서 이어집니다. 금정구 한정승인 실무 안내 — 다옴법무사사무소 안윤정 법무사. 금사동, 부곡동, 서동 일대 상담·서류·등기 대리. 전화·카카오톡 상담 가능. [금정구] 피상속인의 적극재산·채무 현황 조사 및 한정승인 필요성 판단 한정승인 신고서 작성 및 관할 가정법원 제출 법원 접수·보정 대응 한정승인 효력 확인 후 상속재산 목록 작성·파산선고 여부 안내 필요 시 상속등기 등 후속 절차 진행 피상속인 사망 관련 서류(제적·사망진단서 등) 상속인 신분증 한정승인 신고서 피상속인 명의 재산·채무 관련 자료(등기부, 금융거래 내역 등) 위임장(법무사 선임 시) 금정구 사",405,2,/금정구법무사::한정승인 || /장전동법무사::금정구 한정승인,"안윤정 법무사 소개>/about || 금정구 법무사>/금정구법무사 || 부곡동 법무사>/부곡동법무사 || 추천·사무실·상담 검색을 나누는 방법>/blog/busan-lawyer-recommend-office-consult || 부산 법무사 고를 때 관할 등기소·법원부터 확인하는 이유>/blog/busan-lawyer-jurisdiction-checklist || 센텀 법무사 방문 상담, 하루 흐름과 준비물>/blog/centum-lawyer-visit-day-flow || 스타트업 법인등기 실무 체크>/blog/startup-corporate-registration-checklist || 부동산등기 법무사 상담이 필요한 경우>/blog/when-to-consult-real-estate-registration-lawyer || 금정구에서 한정승인를 검토하는 대표 상황 자세히 보기>/services/cases/dongnae-qualified-acceptance-consultation || 부산 한정승인 허브로 돌아가기>/부산한정승인 || 한정승인 비용>/한정승인비용 || 한정승인 기한>/한정승인기간",홈 > 금정구 한정승인,yes,WebPage,,SERP_UNVERIFIED,qualified-supporting,qualified-acceptance,"금정구는부곡·서동·금사일대주택·다가구·상가의상속등기와한정승인사건이발생하며,부산대인근임대·매매등기도있습니다.금정구금사동,부곡동,서동에서한정승인를진"
/연제구한정승인,generated,"index,follow",yes,/연제구한정승인,연제구 한정승인 | 연산동 관할·서류,"연제구 한정승인 실무 안내 — 다옴법무사사무소 안윤정 법무사. 연산동, 거제동 일대 상담·서류·등기 대리. 전화·카카오톡 상담 가능. 해운대·센텀 다옴법무사사무소에서 전화·카카오톡·방문(예약) 상담이 가능합니다.",연제구 한정승인 | 연산동 관할·서류,"연제구 한정승인 실무 안내 — 다옴법무사사무소 안윤정 법무사. 연산동, 거제동 일대 상담·서류·등기 대리. 전화·카카오톡 상담 가능. 해운대·센텀 다옴법무사사무소에서 전화·카카오톡·방문(예약) 상담이 가능합니다.",연제구 한정승인 상담,비용 안내 | 관할·접근 안내 | 법무사 의견 | 상담 시 확인하는 내용,"연제구는 연산·거제 일대 실거주 아파트와 상가, 소규모 법인 사무실이 많아 상속등기와 임원변경·법인등기 상담이 이어지는 지역입니다. 연제구 연산동, 거제동에서 한정승인를 진행할 때는 부동산·법인 소재지와 당사자 서류를 기준으로 관할과 순서를 맞춥니다. 이 페이지는 한정승인만 다루며, 상담은 해운대 센텀 다옴법무사사무소에서 이어집니다. 연제구 한정승인 실무 안내 — 다옴법무사사무소 안윤정 법무사. 연산동, 거제동 일대 상담·서류·등기 대리. 전화·카카오톡 상담 가능. [연제구] 피상속인의 적극재산·채무 현황 조사 및 한정승인 필요성 판단 한정승인 신고서 작성 및 관할 가정법원 제출 법원 접수·보정 대응 한정승인 효력 확인 후 상속재산 목록 작성·파산선고 여부 안내 필요 시 상속등기 등 후속 절차 진행 피상속인 사망 관련 서류(제적·사망진단서 등) 상속인 신분증 한정승인 신고서 피상속인 명의 재산·채무 관련 자료(등기부, 금융거래 내역 등) 위임장(법무사 선임 시) 연제구 사건에서도 상",405,1,/연제구법무사::한정승인,"안윤정 법무사 소개>/about || 연제구 법무사>/연제구법무사 || 연산동 법무사>/연산동법무사 || 추천·사무실·상담 검색을 나누는 방법>/blog/busan-lawyer-recommend-office-consult || 부산 법무사 고를 때 관할 등기소·법원부터 확인하는 이유>/blog/busan-lawyer-jurisdiction-checklist || 센텀 법무사 방문 상담, 하루 흐름과 준비물>/blog/centum-lawyer-visit-day-flow || 스타트업 법인등기 실무 체크>/blog/startup-corporate-registration-checklist || 부동산등기 법무사 상담이 필요한 경우>/blog/when-to-consult-real-estate-registration-lawyer || 연제구에서 한정승인를 검토하는 대표 상황 자세히 보기>/services/cases/dongnae-qualified-acceptance-consultation || 부산 한정승인 허브로 돌아가기>/부산한정승인 || 한정승인 비용>/한정승인비용 || 한정승인 기한>/한정승인기간",홈 > 연제구 한정승인,yes,WebPage,,SERP_UNVERIFIED,qualified-supporting,qualified-acceptance,"연제구는연산·거제일대실거주아파트와상가,소규모법인사무실이많아상속등기와임원변경·법인등기상담이이어지는지역입니다.연제구연산동,거제동에서한정승인를진행할때"
/수영구상속포기,generated,"index,follow",yes,/수영구상속포기,수영구 상속포기 | 광안동 관할·서류,"수영구 상속포기 실무 안내 — 다옴법무사사무소 안윤정 법무사. 광안동, 민락동, 망미동 일대 상담·서류·등기 대리. 전화·카카오톡 상담…",수영구 상속포기 | 광안동 관할·서류,"수영구 상속포기 실무 안내 — 다옴법무사사무소 안윤정 법무사. 광안동, 민락동, 망미동 일대 상담·서류·등기 대리. 전화·카카오톡 상담…",수영구 상속포기 상담,비용 안내 | 관할·접근 안내 | 법무사 의견 | 상담 시 확인하는 내용,"수영구는 광안리·민락·망미 일대 전월세·매매와 상속이 겹치는 사건이 많고, 부동산 가액에 따라 등기 비용과 절차가 달라지는 경우가 많습니다. 수영구 광안동, 민락동, 망미동에서 상속포기를 진행할 때는 부동산·법인 소재지와 당사자 서류를 기준으로 관할과 순서를 맞춥니다. 이 페이지는 상속포기만 다루며, 상담은 해운대 센텀 다옴법무사사무소에서 이어집니다. 수영구 상속포기 실무 안내 — 다옴법무사사무소 안윤정 법무사. 광안동, 민락동, 망미동 일대 상담·서류·등기 대리. 전화·카카오톡 상담 가능. [수영구] 상속 개시 사실 확인 및 상속인·채무·재산 현황 파악 상속포기 가능 여부와 한정승인·단순승인과 비교 상담 상속포기 신고서 작성 및 관할 가정법원 제출 법원 접수 확인 및 필요 시 보정 상속포기 효력 발생 후 후속 절차(상속등기 불요 등) 안내 피상속인 사망 사실을 확인할 수 있는 서류(제적·사망진단서 등) 상속인 본인 신분증 상속포기 신고서(법원 양식) 피상속인의 채무·재산 현황을 파",436,0,,"안윤정 법무사 소개>/about || 수영구 법무사>/수영구법무사 || 추천·사무실·상담 검색을 나누는 방법>/blog/busan-lawyer-recommend-office-consult || 부산 법무사 고를 때 관할 등기소·법원부터 확인하는 이유>/blog/busan-lawyer-jurisdiction-checklist || 센텀 법무사 방문 상담, 하루 흐름과 준비물>/blog/centum-lawyer-visit-day-flow || 스타트업 법인등기 실무 체크>/blog/startup-corporate-registration-checklist || 부동산등기 법무사 상담이 필요한 경우>/blog/when-to-consult-real-estate-registration-lawyer || 수영구에서 상속포기를 검토하는 대표 상황 자세히 보기>/services/cases/jaesong-inheritance-renunciation-consultation || 부산 상속포기 허브로 돌아가기>/부산상속포기 || 상속포기 비용>/상속포기비용 || 상속포기 필요서류>/상속포기필요서류 || 부산 한정승인 비교>/부산한정승인",홈 > 수영구 상속포기,yes,WebPage,,SERP_UNVERIFIED,renunciation-supporting,inheritance-renunciation,"수영구는광안리·민락·망미일대전월세·매매와상속이겹치는사건이많고,부동산가액에따라등기비용과절차가달라지는경우가많습니다.수영구광안동,민락동,망미동에서상속"
/해운대법무사,generated,"index,follow",yes,/해운대법무사,해운대 법무사 | 센텀·재송·우동 부동산·상속 상담,해운대·센텀·재송·우동·좌동 부동산등기·상속등기·법인등기 상담. 다옴법무사사무소는 해운대 센텀에 있으며 안윤정 법무사가 직접 상담합니다. 해운대·센텀 다옴법무사사무소에서 전화·카카오톡·방문(예약) 상담이 가능합니다.,해운대 법무사 | 센텀·재송·우동 부동산·상속 상담,해운대·센텀·재송·우동·좌동 부동산등기·상속등기·법인등기 상담. 다옴법무사사무소는 해운대 센텀에 있으며 안윤정 법무사가 직접 상담합니다. 해운대·센텀 다옴법무사사무소에서 전화·카카오톡·방문(예약) 상담이 가능합니다.,"해운대 법무사, 센텀·재송·우동에서 맡길 수 있는 업무",이 페이지에서 다루는 해운대 업무 | 해운대에서 먼저 확인할 사항 | 해운대 동·생활권에서 찾는 경우 | 안윤정 법무사가 직접 확인하는 부분 | 비용 안내 | 관할·접근 안내 | 법무사 의견 | 이 지역의 도시철도·전철에서 찾는 경우 | 해운대역 생활권에서 필요한 등기 절차 | 동백역 인근 해운대 주거·상가 등기,"해운대에서 법무사를 찾으시면 센텀 업무지구, 재송·반여 주거, 우동·좌동 해안 주거를 나눠 보시면 됩니다. 이 페이지는 해운대구 전체 허브입니다. 다옴법무사사무소는 해운대 센텀에 있어 방문 상담이 가깝고, 전화·카카오톡으로도 진행합니다. 이 페이지에서는 부동산등기·상속·증여를 중심으로 설명합니다. 고가 아파트·상가는 잔금일·담보 말소·공동명의가 겹치는 경우가 많아, 계약서와 등기부를 함께 보는 것이 안전합니다. 센텀 법인·본점이전은 센텀 페이지, 재송·반여·우동·좌동은 각 생활권 페이지에서 이어서 확인하시면 됩니다. 해운대구 부동산등기 관할은 동부지원 등기과입니다. 상담 및 등기부·가족관계 확인 — 상속인 수, 부동산 현황, 채무 여부를 파악합니다. 상속포기·한정승인 필요 여부 점검 — 3개월 검토 기간과 상속등기 일정을 구분해 안내합니다. 필요 서류 안내 및 수집 — 제적·가족관계증명서, 인감증명서, 토지·건축물 대장 등을 준비합니다. 상속인 협의 — 공동상속인이 있으면 협의서·분",670,782,/::해운대 법무사 허브로 돌아가기 || /office::해운대·센텀 법무사 상담 || /services::해운대·센텀 법무사 상담 || /blog::해운대·센텀 법무사 상담 || /reviews::해운대·센텀 법무사 상담 || /faq::해운대·센텀 법무사 상담 || /공지사항::해운대·센텀 법무사 상담 || /media::해운대·센텀 법무사 상담 || /contact::해운대·센텀 법무사 상담 || /location::해운대 법무사 허브로 돌아가기 || /search-guides::해운대·센텀 법무사 상담 || /contact/inquiry::해운대·센텀 법무사 상담,부산 법무사>/ || 다옴법무사사무소 상담 안내>/부산법무사상담 || 부산 구·군 법률지도>/busan-legal-map || 부동산등기>/해운대구부동산등기 || 상속등기>/해운대구상속등기 || 센텀 법인>/센텀법무사 || 재송동 안내>/재송동법무사 || 안윤정 법무사 소개>/about || 반여동 법무사>/반여동법무사 || 우동 법무사>/우동법무사 || 좌동 법무사>/좌동법무사 || 추천·사무실·상담 검색을 나누는 방법>/blog/busan-lawyer-recommend-office-consult,홈 > 부산 법률지도 > 해운대 법무사,yes,WebPage+FAQ,,SERP_UNVERIFIED,other,inheritance-registration,"해운대에서법무사를찾으시면센텀업무지구,재송·반여주거,우동·좌동해안주거를나눠보시면됩니다.이페이지는해운대구전체허브입니다.다옴법무사사무소는해운대센텀에있"
/재송동법무사,generated,"index,follow",yes,/재송동법무사,재송동 법무사 | 재송 아파트 상속·매매 등기,재송동 아파트 상속등기·매매등기 상담. 다옴법무사사무소는 해운대 센텀에 있으며 안윤정 법무사가 직접 상담합니다. 해운대·센텀 다옴법무사사무소에서 전화·카카오톡·방문(예약) 상담이 가능합니다.,재송동 법무사 | 재송 아파트 상속·매매 등기,재송동 아파트 상속등기·매매등기 상담. 다옴법무사사무소는 해운대 센텀에 있으며 안윤정 법무사가 직접 상담합니다. 해운대·센텀 다옴법무사사무소에서 전화·카카오톡·방문(예약) 상담이 가능합니다.,"재송동 법무사, 센텀 옆 주거 단지의 상속과 매매",이 페이지에서 다루는 재송동 업무 | 재송동에서 먼저 확인할 사항 | 재송동 동·생활권에서 찾는 경우 | 안윤정 법무사가 직접 확인하는 부분 | 비용 안내 | 관할·접근 안내 | 법무사 의견 | 이 지역의 도시철도·전철에서 찾는 경우 | 재송역 생활권에서 서류·상담을 준비하는 경우,"재송동에서 법무사를 찾으시면 센텀 업무지구와 맞닿은 실거주 아파트의 상속·매매를 이 페이지에서 보시면 됩니다. 구 전체는 해운대 허브, 법인은 센텀 페이지입니다. 다옴법무사사무소는 센텀에 있어 재송에서 방문이 가깝습니다. 재송은 주거 밀집 생활권이라 잔금일 등기와 공동상속이 자주 연결됩니다. 센텀 법인 업무와 섞지 않고 주거 등기 각도로 안내합니다. 재송1·2동처럼 행정동만 다른 검색은 이 재송동 안내에서 보시면 됩니다. 상담 및 등기부·가족관계 확인 — 상속인 수, 부동산 현황, 채무 여부를 파악합니다. 상속포기·한정승인 필요 여부 점검 — 3개월 검토 기간과 상속등기 일정을 구분해 안내합니다. 필요 서류 안내 및 수집 — 제적·가족관계증명서, 인감증명서, 토지·건축물 대장 등을 준비합니다. 상속인 협의 — 공동상속인이 있으면 협의서·분할협의서 등을 정리합니다. 등기 신청서 작성 및 등기소 접수 — 관할 특례 적용 여부를 확인한 뒤 신청 등기소를 안내합니다. 등기 완료 확인 — 등",552,23,/::재송동 상속·매매 등기 || /location::재송동 상속·매매 등기 || /해운대구상속등기::재송동 법무사 || /해운대구법인등기::재송동 법무사 || /해운대구부동산등기::재송동 상속·매매 등기 || /센텀법인설립등기::재송동 법무사 || /센텀임원변경등기::재송동 법무사 || /해운대구법인설립등기::재송동 법무사 || /부산법무사::재송동 법무사 || /해운대법무사::재송동 안내 || /해운대법무사::재송동 법무사 || /센텀법무사::재송동 법무사,다옴법무사사무소 상담 안내>/부산법무사상담 || 부산 구·군 법률지도>/busan-legal-map || 상속등기>/해운대구상속등기 || 부동산등기>/해운대구부동산등기 || 해운대 허브>/해운대법무사 || 센텀 법인>/센텀법무사 || 안윤정 법무사 소개>/about || 추천·사무실·상담 검색을 나누는 방법>/blog/busan-lawyer-recommend-office-consult || 부산 법무사 고를 때 관할 등기소·법원부터 확인하는 이유>/blog/busan-lawyer-jurisdiction-checklist || 반여동 아파트 상속등기>/반여동법무사 || 전화 010-4277-1279>tel:01042771279 || 카카오톡 상담>https://pf.kakao.com/_Bvhxnn/chat,홈 > 부산 법률지도 > 재송동 법무사,yes,WebPage+FAQ,,SERP_UNVERIFIED,other,inheritance-registration,"재송동에서법무사를찾으시면센텀업무지구와맞닿은실거주아파트의상속·매매를이페이지에서보시면됩니다.구전체는해운대허브,법인은센텀페이지입니다.다옴법무사사무소는"
/반여동법무사,generated,"index,follow",yes,/반여동법무사,반여동 법무사 | 반여·반송 아파트 상속·등기,반여동·반송동 아파트 상속등기·매매등기 상담. 다옴법무사사무소는 해운대 센텀에 있으며 안윤정 법무사가 직접 상담합니다. 해운대·센텀 다옴법무사사무소에서 전화·카카오톡·방문(예약) 상담이 가능합니다.,반여동 법무사 | 반여·반송 아파트 상속·등기,반여동·반송동 아파트 상속등기·매매등기 상담. 다옴법무사사무소는 해운대 센텀에 있으며 안윤정 법무사가 직접 상담합니다. 해운대·센텀 다옴법무사사무소에서 전화·카카오톡·방문(예약) 상담이 가능합니다.,"반여동 법무사, 반여·반송 주거 단지의 상속과 매매",이 페이지에서 다루는 반여동 업무 | 반여동에서 먼저 확인할 사항 | 반여동 동·생활권에서 찾는 경우 | 안윤정 법무사가 직접 확인하는 부분 | 비용 안내 | 관할·접근 안내 | 법무사 의견,"반여동에서 법무사를 찾으시면 반여·반송 대단지 아파트의 상속·매매를 이 페이지에서 보시면 됩니다. 좌동과 맞닿아 있어도 등기는 주소 기준입니다. 다옴법무사사무소는 해운대 센텀에서 반여동 사건을 상담합니다. 반여1~4동 행정동 검색은 이 반여동 안내에서 흡수합니다. 구 전체는 해운대 허브입니다. 공동상속과 담보 대출이 겹치면 등기부를 먼저 봅니다. 상담 및 등기부·가족관계 확인 — 상속인 수, 부동산 현황, 채무 여부를 파악합니다. 상속포기·한정승인 필요 여부 점검 — 3개월 검토 기간과 상속등기 일정을 구분해 안내합니다. 필요 서류 안내 및 수집 — 제적·가족관계증명서, 인감증명서, 토지·건축물 대장 등을 준비합니다. 상속인 협의 — 공동상속인이 있으면 협의서·분할협의서 등을 정리합니다. 등기 신청서 작성 및 등기소 접수 — 관할 특례 적용 여부를 확인한 뒤 신청 등기소를 안내합니다. 등기 완료 확인 — 등기부등본으로 상속인 명의 등기가 마무리됐는지 확인합니다. 피상속인 기준 제적·",469,12,/::반여동 아파트 상속등기 || /location::반여동 아파트 상속등기 || /해운대구상속등기::반여동 법무사 || /해운대구상속포기::반여동 법무사 || /해운대구법인등기::반여동 아파트 상속등기 || /해운대구부동산등기::반여동 아파트 상속등기 || /해운대법무사::반여동 법무사 || /재송동법무사::반여동 아파트 상속등기 || /센텀법인등기::반여동 아파트 상속등기 || /해운대재개발상속등기::반여동 아파트 상속등기 || /반송동법무사::반여동 법무사 || /faq/inheritance-registration-cost::반여동 아파트 상속등기,다옴법무사사무소 상담 안내>/부산법무사상담 || 부산 구·군 법률지도>/busan-legal-map || 상속등기>/해운대구상속등기 || 부동산등기>/해운대구부동산등기 || 좌동>/좌동법무사 || 해운대 허브>/해운대법무사 || 안윤정 법무사 소개>/about || 추천·사무실·상담 검색을 나누는 방법>/blog/busan-lawyer-recommend-office-consult || 부산 법무사 고를 때 관할 등기소·법원부터 확인하는 이유>/blog/busan-lawyer-jurisdiction-checklist || 센텀시티·재송 법무사>/센텀법무사 || 전화 010-4277-1279>tel:01042771279 || 카카오톡 상담>https://pf.kakao.com/_Bvhxnn/chat,홈 > 부산 법률지도 > 반여동 법무사,yes,WebPage+FAQ,,SERP_UNVERIFIED,other,inheritance-registration,반여동에서법무사를찾으시면반여·반송대단지아파트의상속·매매를이페이지에서보시면됩니다.좌동과맞닿아있어도등기는주소기준입니다.다옴법무사사무소는해운대센텀에서
/수영구법무사,generated,"index,follow",yes,/수영구법무사,수영구 법무사 | 광안·민락 부동산·상속 상담,수영구 광안·민락·남천·망미 전세·매매·상속등기 상담. 다옴법무사사무소는 해운대 센텀에 있으며 안윤정 법무사가 직접 상담합니다. 해운대·센텀 다옴법무사사무소에서 전화·카카오톡·방문(예약) 상담이 가능합니다.,수영구 법무사 | 광안·민락 부동산·상속 상담,수영구 광안·민락·남천·망미 전세·매매·상속등기 상담. 다옴법무사사무소는 해운대 센텀에 있으며 안윤정 법무사가 직접 상담합니다. 해운대·센텀 다옴법무사사무소에서 전화·카카오톡·방문(예약) 상담이 가능합니다.,"수영구 법무사, 광안·민락·남천에서 확인할 부동산·상속",이 페이지에서 다루는 수영구 업무 | 수영구에서 먼저 확인할 사항 | 수영구 동·생활권에서 찾는 경우 | 안윤정 법무사가 직접 확인하는 부분 | 비용 안내 | 관할·접근 안내 | 법무사 의견 | 이 지역의 도시철도·전철에서 찾는 경우 | 수영역에서 부동산·상속 절차를 확인할 때,"수영구에서 법무사를 찾으시면 광안리 해안 주거·상가, 남천 실거주 전세, 망미·민락 역세권을 나눠 보시면 됩니다. 이 페이지에서는 부동산등기·상속·임대차 관련 등기를 중심으로 설명합니다. 다옴법무사사무소는 해운대 센텀에서 수영구 사건을 상담합니다. 전세권 설정·말소와 매매 잔금이 겹치면 임대인 동의·보증금 규모를 먼저 맞춥니다. 광안리와 남천은 생활권이 달라 전용 페이지를 함께 보시면 됩니다. 수영구 부동산등기 관할은 남부산등기소입니다. 구 전체가 아닌 광안리만 찾으시면 광안리 페이지가 맞습니다. 거래·상속 등 원인 확인 및 등기부·대장 열람 필요 서류 목록 안내(계약서, 인감, 세금 납부 등) 취득세·등록세 등 납부 안내 및 확인 등기 신청서 작성 및 관할 등기소 접수 등기 완료 후 등기부등본 전달 및 확인 매매계약서·증여계약서 등 원인 서류 매도인·매수인(증여자·수증자) 인감증명서·신분증 등기부등본·토지·건축물 대장 취득세·등록세 납부 영수증 위임장(법무사 선임 시) 상속·법인 ",541,43,/수영구상속등기::수영구 법무사 || /수영구부동산등기::수영구 법무사 || /수영구법인등기::수영구 법무사 || /수영구개인회생::수영구 법무사 || /수영구상속포기::수영구 법무사 || /광안리법무사::수영구 법무사 || /광안리법무사::수영구 법무사 종합 안내 || /남천동법무사::수영구 법무사 종합 안내 || /망미동법무사::수영구 법무사 || /망미동법무사::수영구 법무사 종합 안내 || /수영구한정승인::수영구 법무사 || /수영구법인설립등기::수영구 법무사,부산 법무사>/ || 다옴법무사사무소 상담 안내>/부산법무사상담 || 부산 구·군 법률지도>/busan-legal-map || 부동산등기>/수영구부동산등기 || 상속등기>/수영구상속등기 || 광안리>/광안리법무사 || 남천동>/남천동법무사 || 안윤정 법무사 소개>/about || 망미동 법무사>/망미동법무사 || 민락동 법무사>/민락동법무사 || 전화 010-4277-1279>tel:01042771279 || 카카오톡 상담>https://pf.kakao.com/_Bvhxnn/chat,홈 > 부산 법률지도 > 수영구 법무사,yes,WebPage+FAQ,,SERP_UNVERIFIED,other,real-estate-registration,"수영구에서법무사를찾으시면광안리해안주거·상가,남천실거주전세,망미·민락역세권을나눠보시면됩니다.이페이지에서는부동산등기·상속·임대차관련등기를중심으로설명"
/연제구법무사,generated,"index,follow",yes,/연제구법무사,연제구 법무사 | 연산동·거제동 상속·등기 상담,연제구·연산동·거제동 상속등기·법인등기·부동산등기 상담. 다옴법무사사무소는 해운대 센텀에 있으며 안윤정 법무사가 직접 상담합니다. 해운대·센텀 다옴법무사사무소에서 전화·카카오톡·방문(예약) 상담이 가능합니다.,연제구 법무사 | 연산동·거제동 상속·등기 상담,연제구·연산동·거제동 상속등기·법인등기·부동산등기 상담. 다옴법무사사무소는 해운대 센텀에 있으며 안윤정 법무사가 직접 상담합니다. 해운대·센텀 다옴법무사사무소에서 전화·카카오톡·방문(예약) 상담이 가능합니다.,"연제구 법무사 상담, 연산동·거제동에서 어떤 업무를 맡길 수 있을까요?",이 페이지에서 다루는 연제구 업무 | 연제구에서 먼저 확인할 사항 | 연제구 동·생활권에서 찾는 경우 | 안윤정 법무사가 직접 확인하는 부분 | 비용 안내 | 관할·접근 안내 | 법무사 의견 | 이 지역의 도시철도·전철에서 찾는 경우 | 시청역 인근에서 연제구 업무를 확인할 때,"연제구에서 법무사를 찾으시면, 연산동·거제동 생활권의 상속·법인·부동산 등기를 이 페이지에서 먼저 나누시면 됩니다. 부산지방법원·등기국·회생법원이 연제구에 있어 접수 동선과 서류를 함께 묻는 경우가 많습니다. 다옴법무사사무소는 해운대 센텀에 있으며 연제구 사건을 상담합니다. 연산역·교대·시청 주변은 실거주 아파트와 소규모 법인이 섞여 있습니다. 상속등기만 하면 되는지, 한정승인·포기를 먼저 볼지는 재산·채무를 확인한 뒤에 정합니다. 법인 임원변경·본점이전은 결의일과 등기기한을 함께 봅니다. 거제동은 법원로 생활권과 맞닿아 회생·지급명령 일정과 등기가 겹치기도 합니다. 행정동 번호(연산1~9동, 거제1~4동)가 달라도 등기 절차 자체는 소재지 기준으로 같습니다. 동 단위 안내는 연산동·거제동 페이지로 이어집니다. 상담 및 등기부·가족관계 확인 — 상속인 수, 부동산 현황, 채무 여부를 파악합니다. 상속포기·한정승인 필요 여부 점검 — 3개월 검토 기간과 상속등기 일정을 구분해 안내합니",742,44,/연제구상속등기::연제구 법무사 || /연제구상속포기::연제구 법무사 || /연제구법인등기::연제구 법무사 || /연제구임원변경등기::연제구 법무사 || /연제구부동산등기::연제구 법무사 || /연제구한정승인::연제구 법무사 || /연제구법무사::연제구 법무사 || /연산동법무사::연제구 법무사 || /연산동법무사::연제구 법무사 안내 || /거제동법무사::연제구 법무사 || /거제동법무사::연제구 법무사 안내 || /거제동법무사::연제구 법무사 종합 안내,부산 법무사>/ || 다옴법무사사무소 상담 안내>/부산법무사상담 || 부산 구·군 법률지도>/busan-legal-map || 상속등기>/연제구상속등기 || 한정승인>/연제구한정승인 || 법인·임원변경>/연제구임원변경등기 || 부동산등기>/연제구부동산등기 || 안윤정 법무사 소개>/about || 연산동 법무사>/연산동법무사 || 거제동 법무사>/거제동법무사 || 전화 010-4277-1279>tel:01042771279 || 카카오톡 상담>https://pf.kakao.com/_Bvhxnn/chat,홈 > 부산 법률지도 > 연제구 법무사,yes,WebPage+FAQ,,SERP_UNVERIFIED,other,inheritance-registration,"연제구에서법무사를찾으시면,연산동·거제동생활권의상속·법인·부동산등기를이페이지에서먼저나누시면됩니다.부산지방법원·등기국·회생법원이연제구에있어접수동선과"
/동래구법무사,generated,"index,follow",yes,/동래구법무사,동래구 법무사 | 사직·온천 상속·부동산등기 안내,동래구 사직·온천·명륜 상속등기·재건축 명의·부동산등기 상담. 다옴법무사사무소는 해운대 센텀에 있으며 안윤정 법무사가 직접 상담합니다. 해운대·센텀 다옴법무사사무소에서 전화·카카오톡·방문(예약) 상담이 가능합니다.,동래구 법무사 | 사직·온천 상속·부동산등기 안내,동래구 사직·온천·명륜 상속등기·재건축 명의·부동산등기 상담. 다옴법무사사무소는 해운대 센텀에 있으며 안윤정 법무사가 직접 상담합니다. 해운대·센텀 다옴법무사사무소에서 전화·카카오톡·방문(예약) 상담이 가능합니다.,"동래구 법무사, 사직·온천·명륜에서 상속과 등기를 나누는 방법",이 페이지에서 다루는 동래구 업무 | 동래구에서 먼저 확인할 사항 | 동래구 동·생활권에서 찾는 경우 | 안윤정 법무사가 직접 확인하는 부분 | 비용 안내 | 관할·접근 안내 | 법무사 의견 | 이 지역의 도시철도·전철에서 찾는 경우 | 미남역에서 동래·연제 접근 업무를 볼 때,"동래구에서 법무사를 찾으시면 사직·온천·명륜·안락 중 어느 생활권인지, 상속인지 매매·재건축 명의인지를 먼저 나누는 것이 좋습니다. 구축 아파트와 단독주택이 많아 명의 정리 뒤에야 매도·담보가 가능한 사건이 있습니다. 다옴법무사사무소는 해운대 센텀에서 동래구 사건을 상담합니다. 사직동·동래역·안락은 생활권 페이지가 있습니다. 온천·명륜·명장·수안은 이 동래구 허브와 온천동 안내에서 소재지 기준으로 보시면 됩니다. 동래구 부동산등기는 부산지방법원 등기국 관할입니다. 재건축 조합원 지위와 일반 상속등기는 서류가 다릅니다. 상담 및 등기부·가족관계 확인 — 상속인 수, 부동산 현황, 채무 여부를 파악합니다. 상속포기·한정승인 필요 여부 점검 — 3개월 검토 기간과 상속등기 일정을 구분해 안내합니다. 필요 서류 안내 및 수집 — 제적·가족관계증명서, 인감증명서, 토지·건축물 대장 등을 준비합니다. 상속인 협의 — 공동상속인이 있으면 협의서·분할협의서 등을 정리합니다. 등기 신청서 작성 및 ",610,38,/부산파산::동래구 법무사 || /동래구상속등기::동래구 법무사 || /동래구법인등기::동래구 법무사 || /동래구한정승인::동래구 법무사 || /동래구임원변경등기::동래구 법무사 || /동래구부동산등기::동래구 법무사 || /동래구법무사::동래구 법무사 || /부산개인파산::동래구 법무사 || /동래역법무사::동래구 법무사 종합 안내 || /동래역법무사::동래구 법무사 업무 안내 || /사직동법무사::동래구 법무사 || /사직동법무사::동래구 법무사 종합 안내,부산 법무사>/ || 다옴법무사사무소 상담 안내>/부산법무사상담 || 부산 구·군 법률지도>/busan-legal-map || 상속등기>/동래구상속등기 || 한정승인>/동래구한정승인 || 부동산등기>/동래구부동산등기 || 사직동>/사직동법무사 || 안윤정 법무사 소개>/about || 동래역 법무사>/동래역법무사 || 안락동 법무사>/안락동법무사 || 전화 010-4277-1279>tel:01042771279 || 카카오톡 상담>https://pf.kakao.com/_Bvhxnn/chat,홈 > 부산 법률지도 > 동래구 법무사,yes,WebPage+FAQ,,SERP_UNVERIFIED,other,inheritance-registration,"동래구에서법무사를찾으시면사직·온천·명륜·안락중어느생활권인지,상속인지매매·재건축명의인지를먼저나누는것이좋습니다.구축아파트와단독주택이많아명의정리뒤에야"
/금정구법무사,generated,"index,follow",yes,/금정구법무사,금정구 법무사 | 부곡·장전 상속·한정승인 안내,금정구 부곡·장전·구서 상속등기·한정승인·부동산등기 상담. 다옴법무사사무소는 해운대 센텀에 있으며 안윤정 법무사가 직접 상담합니다. 해운대·센텀 다옴법무사사무소에서 전화·카카오톡·방문(예약) 상담이 가능합니다.,금정구 법무사 | 부곡·장전 상속·한정승인 안내,금정구 부곡·장전·구서 상속등기·한정승인·부동산등기 상담. 다옴법무사사무소는 해운대 센텀에 있으며 안윤정 법무사가 직접 상담합니다. 해운대·센텀 다옴법무사사무소에서 전화·카카오톡·방문(예약) 상담이 가능합니다.,"금정구 법무사, 부곡·장전·구서에서 상속과 한정승인을 볼 때",이 페이지에서 다루는 금정구 업무 | 금정구에서 먼저 확인할 사항 | 금정구 동·생활권에서 찾는 경우 | 안윤정 법무사가 직접 확인하는 부분 | 비용 안내 | 관할·접근 안내 | 법무사 의견,"금정구에서 법무사를 찾으시면 부곡·장전·구서 다가구·상가의 상속과 한정승인을 이 페이지에서 먼저 나누시면 됩니다. 부산대 인근 임대·매매는 부동산등기 안내로 이어집니다. 다옴법무사사무소는 해운대 센텀에서 금정구 사건을 상담합니다. 다가구·상가는 토지·건물 명의가 어긋난 경우가 있어 등기부부터 대조합니다. 금정구 부동산등기는 부산지방법원 등기국 관할입니다. 장전·구서 생활권 페이지가 있으면 동 안내를 함께 보시면 됩니다. 상담 및 등기부·가족관계 확인 — 상속인 수, 부동산 현황, 채무 여부를 파악합니다. 상속포기·한정승인 필요 여부 점검 — 3개월 검토 기간과 상속등기 일정을 구분해 안내합니다. 필요 서류 안내 및 수집 — 제적·가족관계증명서, 인감증명서, 토지·건축물 대장 등을 준비합니다. 상속인 협의 — 공동상속인이 있으면 협의서·분할협의서 등을 정리합니다. 등기 신청서 작성 및 등기소 접수 — 관할 특례 적용 여부를 확인한 뒤 신청 등기소를 안내합니다. 등기 완료 확인 — 등기",487,39,/부산파산::금정구 법무사 || /금정구상속등기::금정구 법무사 || /금정구한정승인::금정구 법무사 || /금정구부동산등기::금정구 법무사 || /부곡동법무사::금정구 법무사 || /부곡동법무사::금정구 법무사 종합 안내 || /구서동법무사::금정구 법무사 || /구서동법무사::금정구 법무사 종합 || /금정구법인등기::금정구 법무사 || /금정구상속포기::금정구 법무사 || /금정구법인설립등기::금정구 법무사 || /금정구임원변경등기::금정구 법무사,부산 법무사>/ || 다옴법무사사무소 상담 안내>/부산법무사상담 || 부산 구·군 법률지도>/busan-legal-map || 상속등기>/금정구상속등기 || 한정승인>/금정구한정승인 || 부동산등기>/금정구부동산등기 || 부곡동>/부곡동법무사 || 안윤정 법무사 소개>/about || 구서동 법무사>/구서동법무사 || 장전동 법무사>/장전동법무사 || 전화 010-4277-1279>tel:01042771279 || 카카오톡 상담>https://pf.kakao.com/_Bvhxnn/chat,홈 > 부산 법률지도 > 금정구 법무사,yes,WebPage+FAQ,,SERP_UNVERIFIED,other,inheritance-registration,금정구에서법무사를찾으시면부곡·장전·구서다가구·상가의상속과한정승인을이페이지에서먼저나누시면됩니다.부산대인근임대·매매는부동산등기안내로이어집니다.다옴법
/북구법무사,generated,"index,follow",yes,/북구법무사,북구 법무사 | 화명·덕천 상속·회생 상담,북구 화명·덕천·구포 상속등기·개인회생·부동산등기 상담. 다옴법무사사무소는 해운대 센텀에 있으며 안윤정 법무사가 직접 상담합니다. 해운대·센텀 다옴법무사사무소에서 전화·카카오톡·방문(예약) 상담이 가능합니다.,북구 법무사 | 화명·덕천 상속·회생 상담,북구 화명·덕천·구포 상속등기·개인회생·부동산등기 상담. 다옴법무사사무소는 해운대 센텀에 있으며 안윤정 법무사가 직접 상담합니다. 해운대·센텀 다옴법무사사무소에서 전화·카카오톡·방문(예약) 상담이 가능합니다.,"북구 법무사, 화명·덕천·구포에서 상속과 회생을 나누는 방법",이 페이지에서 다루는 북구 업무 | 북구에서 먼저 확인할 사항 | 북구 동·생활권에서 찾는 경우 | 안윤정 법무사가 직접 확인하는 부분 | 비용 안내 | 관할·접근 안내 | 법무사 의견,"북구에서 법무사를 찾으시면 화명·덕천·구포 실거주 아파트의 상속·매매와 개인회생 상담을 이 페이지에서 나누시면 됩니다. 이 페이지에서는 상속·개인회생·부동산등기를 중심으로 설명합니다. 다옴법무사사무소는 해운대 센텀에서 북구 사건을 상담합니다. 대단지 아파트는 근저당·전세권이 남아 있는 경우가 많아 등기부를 먼저 봅니다. 개인회생은 부산회생법원 사건이며 등기소와 창구가 다릅니다. 북구 부동산등기 관할은 북부산등기소입니다. 채무·소득·재산 현황 파악 및 개인회생 적합성 상담 개인회생 개시 신청서·채권자 목록·재산 목록 작성 관할 법원에 신청 및 개시 결정 변제계획안 작성·채권자 집회·인가 결정 변제 기간 이행 후 면책(잔여 채무 탕감) 신분증·주민등록등본 소득 증명(급여명세, 소득금액증명원 등) 채무 관련 서류(대출 계약서, 잔액증명서) 재산 목록 관련 서류(등기부, 예금 잔액 등) 가족 관계·부양가족 관련 서류 위임장 화명·덕천·구포·만덕 중 소재지 상속·매매인지 회생인지 보유 부동산",498,32,/북구상속등기::북구 법무사 || /북구부동산등기::북구 법무사 || /북구개인회생::북구 법무사 || /북구상속포기::북구 법무사 || /부산개인파산::북구 법무사 || /덕천동법무사::북구 법무사 종합 안내 || /화명동법무사::북구 법무사 || /화명동법무사::북구 법무사 종합 안내 || /구포동법무사::북구 법무사 || /구포동법무사::북구 법무사 종합 || /북구법인등기::북구 법무사 || /북구한정승인::북구 법무사,부산 법무사>/ || 다옴법무사사무소 상담 안내>/부산법무사상담 || 부산 구·군 법률지도>/busan-legal-map || 상속등기>/북구상속등기 || 개인회생>/북구개인회생 || 화명동>/화명동법무사 || 덕천동>/덕천동법무사 || 안윤정 법무사 소개>/about || 구포동 법무사>/구포동법무사 || 추천·사무실·상담 검색을 나누는 방법>/blog/busan-lawyer-recommend-office-consult || 전화 010-4277-1279>tel:01042771279 || 카카오톡 상담>https://pf.kakao.com/_Bvhxnn/chat,홈 > 부산 법률지도 > 북구 법무사,yes,WebPage+FAQ,,SERP_UNVERIFIED,other,personal-rehabilitation,북구에서법무사를찾으시면화명·덕천·구포실거주아파트의상속·매매와개인회생상담을이페이지에서나누시면됩니다.이페이지에서는상속·개인회생·부동산등기를중심으로설
/사상구법무사,generated,"index,follow",yes,/사상구법무사,사상구 법무사 | 주례·감전 상속·회생 상담,사상구 주례·감전·엄궁 상속등기·상속포기·개인회생 상담. 다옴법무사사무소는 해운대 센텀에 있으며 안윤정 법무사가 직접 상담합니다. 해운대·센텀 다옴법무사사무소에서 전화·카카오톡·방문(예약) 상담이 가능합니다.,사상구 법무사 | 주례·감전 상속·회생 상담,사상구 주례·감전·엄궁 상속등기·상속포기·개인회생 상담. 다옴법무사사무소는 해운대 센텀에 있으며 안윤정 법무사가 직접 상담합니다. 해운대·센텀 다옴법무사사무소에서 전화·카카오톡·방문(예약) 상담이 가능합니다.,"사상구 법무사, 주례·감전·엄궁에서 상속과 채무를 나눌 때",이 페이지에서 다루는 사상구 업무 | 사상구에서 먼저 확인할 사항 | 사상구 동·생활권에서 찾는 경우 | 안윤정 법무사가 직접 확인하는 부분 | 비용 안내 | 관할·접근 안내 | 법무사 의견,"사상구에서 법무사를 찾으시면 주례·감전·엄궁의 주택·상가 상속과 채무 관련 포기·회생을 이 페이지에서 나누시면 됩니다. 공장·상가는 토지·건물 명의를 먼저 대조합니다. 다옴법무사사무소는 해운대 센텀에서 사상구 사건을 상담합니다. 이 페이지에서는 상속·상속포기·개인회생을 중심으로 설명합니다. 부동산등기는 북부산등기소 관할인 경우가 많습니다. 사상 생활권 페이지가 있으면 동 안내와 함께 보시면 됩니다. 상담 및 등기부·가족관계 확인 — 상속인 수, 부동산 현황, 채무 여부를 파악합니다. 상속포기·한정승인 필요 여부 점검 — 3개월 검토 기간과 상속등기 일정을 구분해 안내합니다. 필요 서류 안내 및 수집 — 제적·가족관계증명서, 인감증명서, 토지·건축물 대장 등을 준비합니다. 상속인 협의 — 공동상속인이 있으면 협의서·분할협의서 등을 정리합니다. 등기 신청서 작성 및 등기소 접수 — 관할 특례 적용 여부를 확인한 뒤 신청 등기소를 안내합니다. 등기 완료 확인 — 등기부등본으로 상속인 명의",518,36,/사상구상속등기::사상구 법무사 || /사상구부동산등기::사상구 법무사 || /사상구상속포기::사상구 법무사 || /사상구개인회생::사상구 법무사 || /부산개인파산::사상구 법무사 || /사상법무사::사상구 법무사 종합 안내 || /사상법무사::사상구 법무사 안내 || /주례동법무사::사상구 법무사 || /주례동법무사::사상구 법무사 종합 || /사상구법인등기::사상구 법무사 || /사상구한정승인::사상구 법무사 || /사상구법인설립등기::사상구 법무사,부산 법무사>/ || 다옴법무사사무소 상담 안내>/부산법무사상담 || 부산 구·군 법률지도>/busan-legal-map || 상속등기>/사상구상속등기 || 상속포기>/사상구상속포기 || 개인회생>/사상구개인회생 || 부동산등기>/사상구부동산등기 || 안윤정 법무사 소개>/about || 사상 법무사>/사상법무사 || 주례동 법무사>/주례동법무사 || 전화 010-4277-1279>tel:01042771279 || 카카오톡 상담>https://pf.kakao.com/_Bvhxnn/chat,홈 > 부산 법률지도 > 사상구 법무사,yes,WebPage+FAQ,,SERP_UNVERIFIED,other,inheritance-registration,사상구에서법무사를찾으시면주례·감전·엄궁의주택·상가상속과채무관련포기·회생을이페이지에서나누시면됩니다.공장·상가는토지·건물명의를먼저대조합니다.다옴법무
/사하구법무사,generated,"index,follow",yes,/사하구법무사,사하구 법무사 | 하단·괴정 주택·상속 등기,사하구 하단·괴정·다대 주택 매매·상속등기 상담. 다옴법무사사무소는 해운대 센텀에 있으며 안윤정 법무사가 직접 상담합니다. 해운대·센텀 다옴법무사사무소에서 전화·카카오톡·방문(예약) 상담이 가능합니다.,사하구 법무사 | 하단·괴정 주택·상속 등기,사하구 하단·괴정·다대 주택 매매·상속등기 상담. 다옴법무사사무소는 해운대 센텀에 있으며 안윤정 법무사가 직접 상담합니다. 해운대·센텀 다옴법무사사무소에서 전화·카카오톡·방문(예약) 상담이 가능합니다.,"사하구 법무사, 하단·괴정·다대 주택과 상속을 볼 때",이 페이지에서 다루는 사하구 업무 | 사하구에서 먼저 확인할 사항 | 사하구 동·생활권에서 찾는 경우 | 안윤정 법무사가 직접 확인하는 부분 | 비용 안내 | 관할·접근 안내 | 법무사 의견,"사하구에서 법무사를 찾으시면 하단·괴정·당리 주거와 다대·장림 생활권의 매매·상속을 이 페이지에서 나누시면 됩니다. 이 페이지에서는 주택 부동산등기와 상속을 중심으로 설명합니다. 다옴법무사사무소는 해운대 센텀에서 사하구 사건을 상담합니다. 사하구 부동산등기는 서부지원 등기과 관할입니다. 하단역 생활권과 다대포 해안 주거는 상담 각도가 달라 소재지를 먼저 알려 주시면 됩니다. 하단·괴정·다대 전용 페이지가 있으면 동 안내를 함께 보시면 됩니다. 상담 및 등기부·가족관계 확인 — 상속인 수, 부동산 현황, 채무 여부를 파악합니다. 상속포기·한정승인 필요 여부 점검 — 3개월 검토 기간과 상속등기 일정을 구분해 안내합니다. 필요 서류 안내 및 수집 — 제적·가족관계증명서, 인감증명서, 토지·건축물 대장 등을 준비합니다. 상속인 협의 — 공동상속인이 있으면 협의서·분할협의서 등을 정리합니다. 등기 신청서 작성 및 등기소 접수 — 관할 특례 적용 여부를 확인한 뒤 신청 등기소를 안내합니다. ",515,34,/사하구부동산등기::사하구 법무사 || /하단법무사::사하구 법무사 종합 안내 || /다대동법무사::사하구 법무사 || /다대동법무사::사하구 법무사 종합 || /괴정동법무사::사하구 법무사 || /괴정동법무사::사하구 법무사 종합 || /사하구상속등기::사하구 법무사 || /사하구법인등기::사하구 법무사 || /사하구상속포기::사하구 법무사 || /사하구한정승인::사하구 법무사 || /사하구법인설립등기::사하구 법무사 || /사하구임원변경등기::사하구 법무사,부산 법무사>/ || 다옴법무사사무소 상담 안내>/부산법무사상담 || 부산 구·군 법률지도>/busan-legal-map || 상속등기>/사하구상속등기 || 부동산등기>/사하구부동산등기 || 하단>/하단법무사 || 괴정동>/괴정동법무사 || 안윤정 법무사 소개>/about || 다대동 법무사>/다대동법무사 || 추천·사무실·상담 검색을 나누는 방법>/blog/busan-lawyer-recommend-office-consult || 전화 010-4277-1279>tel:01042771279 || 카카오톡 상담>https://pf.kakao.com/_Bvhxnn/chat,홈 > 부산 법률지도 > 사하구 법무사,yes,WebPage+FAQ,,SERP_UNVERIFIED,other,inheritance-registration,사하구에서법무사를찾으시면하단·괴정·당리주거와다대·장림생활권의매매·상속을이페이지에서나누시면됩니다.이페이지에서는주택부동산등기와상속을중심으로설명합니다
/서구법무사,generated,"index,follow",yes,/서구법무사,서구 법무사 | 충무·송도 주택·상속 등기,서구 충무·동대신·송도 주택 매매·상속등기 상담. 다옴법무사사무소는 해운대 센텀에 있으며 안윤정 법무사가 직접 상담합니다. 해운대·센텀 다옴법무사사무소에서 전화·카카오톡·방문(예약) 상담이 가능합니다.,서구 법무사 | 충무·송도 주택·상속 등기,서구 충무·동대신·송도 주택 매매·상속등기 상담. 다옴법무사사무소는 해운대 센텀에 있으며 안윤정 법무사가 직접 상담합니다. 해운대·센텀 다옴법무사사무소에서 전화·카카오톡·방문(예약) 상담이 가능합니다.,"서구 법무사, 충무·동대신·송도 주택과 상속을 볼 때",이 페이지에서 다루는 서구 업무 | 서구에서 먼저 확인할 사항 | 서구 동·생활권에서 찾는 경우 | 안윤정 법무사가 직접 확인하는 부분 | 비용 안내 | 관할·접근 안내 | 법무사 의견,"서구에서 법무사를 찾으시면 충무·토성 원도심 상가, 동대신·서대신 구축 주택, 송도·암남 해안 주거를 나눠 보시면 됩니다. 이 페이지에서는 주택 부동산등기와 상속을 중심으로 설명합니다. 다옴법무사사무소는 해운대 센텀에서 서구 사건을 상담합니다. 서구 부동산등기는 부산지방법원 등기국 관할입니다. 해안 주거와 원도심 상가는 등기 원인이 달라 서류를 구분해 안내합니다. 송도 생활권은 소재지를 알려 주시면 관할과 다음 절차를 정리합니다. 상담 및 등기부·가족관계 확인 — 상속인 수, 부동산 현황, 채무 여부를 파악합니다. 상속포기·한정승인 필요 여부 점검 — 3개월 검토 기간과 상속등기 일정을 구분해 안내합니다. 필요 서류 안내 및 수집 — 제적·가족관계증명서, 인감증명서, 토지·건축물 대장 등을 준비합니다. 상속인 협의 — 공동상속인이 있으면 협의서·분할협의서 등을 정리합니다. 등기 신청서 작성 및 등기소 접수 — 관할 특례 적용 여부를 확인한 뒤 신청 등기소를 안내합니다. 등기 완료 확",557,25,/서구부동산등기::서구 법무사 || /등기관할과사무소위치::서구 생활권 안내 || /서구상속등기::서구 법무사 || /서구소유권이전등기::서구 법무사 || /서구법인등기::서구 법무사 || /서구상속포기::서구 법무사 || /서구한정승인::서구 법무사 || /서구법인설립등기::서구 법무사 || /서구임원변경등기::서구 법무사 || /업무사례/서구법무사::서구 법무사 || /업무사례/부산남부민동법무사::서구 법무사 || /업무사례/부산부민동법무사::서구 법무사,부산 법무사>/ || 다옴법무사사무소 상담 안내>/부산법무사상담 || 부산 구·군 법률지도>/busan-legal-map || 상속등기>/서구상속등기 || 부동산등기>/서구부동산등기 || 소유권이전>/서구소유권이전등기 || 안윤정 법무사 소개>/about || 추천·사무실·상담 검색을 나누는 방법>/blog/busan-lawyer-recommend-office-consult || 부산 법무사 고를 때 관할 등기소·법원부터 확인하는 이유>/blog/busan-lawyer-jurisdiction-checklist || 부산 상속등기 허브로 돌아가기>/부산상속등기 || 전화 010-4277-1279>tel:01042771279 || 카카오톡 상담>https://pf.kakao.com/_Bvhxnn/chat,홈 > 부산 법률지도 > 서구 법무사,yes,WebPage+FAQ,,SERP_UNVERIFIED,other,inheritance-registration,"서구에서법무사를찾으시면충무·토성원도심상가,동대신·서대신구축주택,송도·암남해안주거를나눠보시면됩니다.이페이지에서는주택부동산등기와상속을중심으로설명합니"
/상속등기비용,generated,"index,follow",yes,/상속등기비용,상속등기 비용 안내 — 부산 다옴법무사사무소,"부산 상속등기 비용 — 법무사 수임료·등기 수수료·세금 항목별 안내. 다옴법무사사무소 안윤정 법무사. 부산 해운대구, 연제구 상담 가능. 해운대·센텀 다옴법무사사무소에서 전화·카카오톡·방문(예약) 상담이 가능합니다.",상속등기 비용 안내 — 부산 다옴법무사사무소,"부산 상속등기 비용 — 법무사 수임료·등기 수수료·세금 항목별 안내. 다옴법무사사무소 안윤정 법무사. 부산 해운대구, 연제구 상담 가능. 해운대·센텀 다옴법무사사무소에서 전화·카카오톡·방문(예약) 상담이 가능합니다.",상속등기 비용 안내 — 부산 다옴법무사사무소,상속등기 비용은 어떻게 정해질까요? | 예시로 보는 비용 차이 — 숫자를 확정하지 않습니다 | 상속등기 비용 확인에 필요한 정보 | 비용 안내 | 관할·접근 안내 | 법무사 의견,"부산에서 상속등기 비용을 알아볼 때 단순히 법무사 보수만 비교하면 실제 필요한 전체 금액을 판단하기 어렵습니다. 상속인 수와 부동산 수, 협의분할 여부 등에 따라 필요한 절차와 공과금이 달라질 수 있기 때문입니다. 상속등기 수수료·수임료로 검색하셔도 견적에서는 보수와 세금을 나눠 설명합니다. 부산 상속등기 비용 — 법무사 수임료·등기 수수료·세금 항목별 안내. 다옴법무사사무소 안윤정 법무사. 부산 해운대구, 연제구 상담 가능. 부산 해운대구·연제구 일대에서 해당 업무의 서류·기한·관할을 상담합니다. 상담(전화·카카오톡·방문)으로 업무·기한·보유 서류 확인 등기부·관련 서류 확인 보수·세금·공과금을 구분해 항목별 안내 진행 여부 결정 후 서류 준비 접수·완료 등기부등본 상속인 구성 메모 사망일·협의 여부 비용 산정 시 상속인 수와 협의분할 여부 비용 산정 시 부동산 수·소재지·과세표준 비용 산정 시 해외·미성년 상속인·추가 증명서류 비용 산정 시 근저당 말소 등 병행 등기 지나치게 낮",579,174,/상속등기자가진단::상속등기 비용 안내 || /부산상속등기::상속등기 공과금과 보수 || /부산상속등기::공과금과 보수 확인 || /연제구상속등기::부산 상속등기 비용 안내 || /수영구상속등기::부산 상속등기 비용 안내 || /동래구상속등기::부산 상속등기 비용 안내 || /기장군상속등기::부산 상속등기 비용 안내 || /북구상속등기::부산 상속등기 비용 안내 || /사상구상속등기::부산 상속등기 비용 안내 || /금정구상속등기::부산 상속등기 비용 안내 || /부산법무사비용::상속등기 비용 || /부산법무사비용::상속등기 비용 구조,"상속등기 절차 보기>/부산상속등기 || 왜 금액이 달라지는지>/왜상속등기비용이다를까 || 법무사 비용 구성>/부산법무사비용 || 추천·사무실·상담 검색을 나누는 방법>/blog/busan-lawyer-recommend-office-consult || 부산 법무사 고를 때 관할 등기소·법원부터 확인하는 이유>/blog/busan-lawyer-jurisdiction-checklist || 센텀 법무사 방문 상담, 하루 흐름과 준비물>/blog/centum-lawyer-visit-day-flow || 스타트업 법인등기 실무 체크>/blog/startup-corporate-registration-checklist || 부동산등기 법무사 상담이 필요한 경우>/blog/when-to-consult-real-estate-registration-lawyer || 부산에서 법무사 찾을 때 허브로 돌아가기>/부산법무사 || 해운대·센텀 법무사 상담>/해운대법무사 || 센텀 법인·부동산 등기>/센텀법무사 || 부산 여성 법무사 상담>/부산여성법무사",홈 > 상속등기 비용,yes,WebPage,,SERP_UNVERIFIED,inheritance-supporting,inheritance-registration,"부산에서상속등기비용을알아볼때단순히법무사보수만비교하면실제필요한전체금액을판단하기어렵습니다.상속인수와부동산수,협의분할여부등에따라필요한절차와공과금이달라"
/상속포기비용,generated,"index,follow",yes,/상속포기비용,상속포기 비용 안내 — 부산 다옴법무사사무소,"부산 상속포기 비용 — 법무사 수임료·등기 수수료·세금 항목별 안내. 다옴법무사사무소 안윤정 법무사. 부산 동래구, 북구 상담 가능. 해운대·센텀 다옴법무사사무소에서 전화·카카오톡·방문(예약) 상담이 가능합니다.",상속포기 비용 안내 — 부산 다옴법무사사무소,"부산 상속포기 비용 — 법무사 수임료·등기 수수료·세금 항목별 안내. 다옴법무사사무소 안윤정 법무사. 부산 동래구, 북구 상담 가능. 해운대·센텀 다옴법무사사무소에서 전화·카카오톡·방문(예약) 상담이 가능합니다.",상속포기 비용 안내 — 부산 다옴법무사사무소,상속포기 비용은 어떻게 정해질까요? | 견적에 필요한 정보 | 비용 안내 | 관할·접근 안내 | 법무사 의견,"신청 가능성·3개월 기한·가족관계는 부산 상속포기 안내에서 먼저 확인하세요. 이 페이지는 상속포기 비용·수임료가 무엇 때문에 달라지는지만 설명합니다. 가정법원 실비와 신청인 구성이 중심이며, 부동산 취득세 견적 구조와는 다릅니다. 부산 상속포기 비용 — 법무사 수임료·등기 수수료·세금 항목별 안내. 다옴법무사사무소 안윤정 법무사. 부산 동래구, 북구 상담 가능. 부산 동래구·북구 일대에서 해당 업무의 서류·기한·관할을 상담합니다. 상담(전화·카카오톡·방문)으로 업무·기한·보유 서류 확인 등기부·관련 서류 확인 보수·세금·공과금을 구분해 항목별 안내 진행 여부 결정 후 서류 준비 접수·완료 가족관계증명서 사망일·인지일 처분·인출 메모(해당 시) 비용 산정 시 신청인 수·공동 신고 여부 비용 산정 시 미성년·해외 상속인 비용 산정 시 특별대리인 선임 필요 비용 산정 시 기한 임박·보정 가능성 지나치게 낮은 금액만으로 비교하기보다 포함 항목(말소·보정·출장·복대리)을 확인하세요. 인터넷 ",444,92,/상속포기자가진단::상속포기 비용 || /부산상속포기::상속포기 비용이 궁금할 때 || /부산상속포기::상속포기 비용 구조 보기 || /부산상속포기::상속포기 비용 구성 확인 || /부산한정승인::포기 비용과 비교 || /연제구상속포기::상속포기 비용 || /기장군상속포기::상속포기 비용 || /북구상속포기::상속포기 비용 || /사상구상속포기::상속포기 비용 || /수영구상속포기::상속포기 비용 || /부산법무사비용::상속포기 비용 || /부산법무사비용::상속포기 비용 구조,"3개월 기한·가족관계는 상속포기 안내에서 먼저 확인>/부산상속포기 || 한정승인 비용과 비교>/한정승인비용 || 추천·사무실·상담 검색을 나누는 방법>/blog/busan-lawyer-recommend-office-consult || 부산 법무사 고를 때 관할 등기소·법원부터 확인하는 이유>/blog/busan-lawyer-jurisdiction-checklist || 센텀 법무사 방문 상담, 하루 흐름과 준비물>/blog/centum-lawyer-visit-day-flow || 스타트업 법인등기 실무 체크>/blog/startup-corporate-registration-checklist || 부동산등기 법무사 상담이 필요한 경우>/blog/when-to-consult-real-estate-registration-lawyer || 상속포기 필요서류>/상속포기필요서류 || 부산 한정승인 비교>/부산한정승인 || 부산가정법원 상속포기>/부산가정법원상속포기 || 부산 상속등기>/부산상속등기 || 채무 과다 시 개인회생>/부산개인회생",홈 > 상속포기 비용,yes,WebPage,,SERP_UNVERIFIED,renunciation-supporting,inheritance-renunciation,신청가능성·3개월기한·가족관계는부산상속포기안내에서먼저확인하세요.이페이지는상속포기비용·수임료가무엇때문에달라지는지만설명합니다.가정법원실비와신청인구성
/한정승인비용,generated,"index,follow",yes,/한정승인비용,한정승인 비용 안내 — 부산 다옴법무사사무소,"부산 한정승인 비용 — 법무사 수임료·등기 수수료·세금 항목별 안내. 다옴법무사사무소 안윤정 법무사. 부산 금정구, 연제구 상담 가능. 해운대·센텀 다옴법무사사무소에서 전화·카카오톡·방문(예약) 상담이 가능합니다.",한정승인 비용 안내 — 부산 다옴법무사사무소,"부산 한정승인 비용 — 법무사 수임료·등기 수수료·세금 항목별 안내. 다옴법무사사무소 안윤정 법무사. 부산 금정구, 연제구 상담 가능. 해운대·센텀 다옴법무사사무소에서 전화·카카오톡·방문(예약) 상담이 가능합니다.",한정승인 비용 안내 — 부산 다옴법무사사무소,한정승인 비용은 어떻게 정해질까요? | 견적에 필요한 정보 | 비용 안내 | 관할·접근 안내 | 법무사 의견 | 상담 시 확인하는 내용,"한정승인 비용은 재산·채무 목록을 어디까지 조사하는지에 따라 준비 범위가 달라집니다. 신고 후에 부동산 등기까지 진행하면 등록면허세 등 등기 항목은 별도입니다. 부산 한정승인 비용 — 법무사 수임료·등기 수수료·세금 항목별 안내. 다옴법무사사무소 안윤정 법무사. 부산 금정구, 연제구 상담 가능. 상담(전화·카카오톡·방문)으로 업무·기한·보유 서류 확인 등기부·관련 서류 확인 보수·세금·공과금을 구분해 항목별 안내 진행 여부 결정 후 서류 준비 접수·완료 재산목록 초안 채무 목록 가족관계 서류 비용 산정 시 재산·채무 조사 범위 비용 산정 시 상속인 수·미성년·해외 여부 비용 산정 시 처분 이력 확인 비용 산정 시 이후 상속등기 병행 여부 지나치게 낮은 금액만으로 비교하기보다 포함 항목(말소·보정·출장·복대리)을 확인하세요. 인터넷 평균 비용과 실제 사건 비용은 차이가 날 수 있습니다. 한정승인 비용은 어떻게 정해질까요? 한정승인은 재산·채무 목록 작성과 가정법원 신고가 핵심이라, 조",454,81,/한정승인자가진단::한정승인 비용 || /부산상속포기::한정승인과 비용 비교 || /부산한정승인::한정승인 비용 구조 || /동래구한정승인::한정승인 비용 || /기장군한정승인::한정승인 비용 || /금정구한정승인::한정승인 비용 || /연제구한정승인::한정승인 비용 || /부산법무사비용::한정승인 비용 || /부산법무사보수표::한정승인 비용 || /상속포기비용::한정승인 비용과 비교 || /부산상속법무사::한정승인 비용 || /안심상속원스톱서비스이후::한정승인 비용,"한정승인 절차 보기>/부산한정승인 || 포기 비용과 비교>/상속포기비용 || 추천·사무실·상담 검색을 나누는 방법>/blog/busan-lawyer-recommend-office-consult || 부산 법무사 고를 때 관할 등기소·법원부터 확인하는 이유>/blog/busan-lawyer-jurisdiction-checklist || 센텀 법무사 방문 상담, 하루 흐름과 준비물>/blog/centum-lawyer-visit-day-flow || 스타트업 법인등기 실무 체크>/blog/startup-corporate-registration-checklist || 부동산등기 법무사 상담이 필요한 경우>/blog/when-to-consult-real-estate-registration-lawyer || 한정승인 기한>/한정승인기간 || 부산 상속포기>/부산상속포기 || 부산 상속등기>/부산상속등기 || 부산가정법원 한정승인>/부산가정법원상속 || 한정승인 업무 상세>/services/qualified-acceptance",홈 > 한정승인 비용,yes,WebPage,,SERP_UNVERIFIED,qualified-supporting,qualified-acceptance,한정승인비용은재산·채무목록을어디까지조사하는지에따라준비범위가달라집니다.신고후에부동산등기까지진행하면등록면허세등등기항목은별도입니다.부산한정승인비용—법
/상속등기필요서류,generated,"index,follow",yes,/상속등기필요서류,상속등기 필요서류 안내 — 부산 다옴법무사사무소,"부산 상속등기 필요서류 — 법무사 수임료·등기 수수료·세금 항목별 안내. 다옴법무사사무소 안윤정 법무사. 부산 수영구, 동래구 상담 가…",상속등기 필요서류 안내 — 부산 다옴법무사사무소,"부산 상속등기 필요서류 — 법무사 수임료·등기 수수료·세금 항목별 안내. 다옴법무사사무소 안윤정 법무사. 부산 수영구, 동래구 상담 가…",상속등기 필요서류 안내 — 부산 다옴법무사사무소,비용 안내 | 관할·접근 안내 | 법무사 의견 | 상담 시 확인하는 내용,"상속등기 필요서류 비용은 사건마다 다릅니다. 보수와 실비를 구분해 안내하며, 상담 후 예상 범위를 설명합니다. 다옴법무사사무소는 부산 수영구, 동래구 일대를 포함한 부산 전역 의뢰인을 상담합니다. 부산 상속등기 필요서류 — 법무사 수임료·등기 수수료·세금 항목별 안내. 다옴법무사사무소 안윤정 법무사. 부산 수영구, 동래구 상담 가능. 상담(전화·카카오톡·방문)으로 업무·기한·보유 서류 확인 등기부·관련 서류 확인 보수·세금·공과금을 구분해 항목별 안내 진행 여부 결정 후 서류 준비 접수·완료 사망사실증명서 가족관계증명서 협의분할서 또는 공동상속 협의서 인감증명서 비용 산정 시 상속인 협의 여부 비용 산정 시 해외 상속인 유무 지나치게 낮은 금액만으로 비교하기보다 포함 항목(말소·보정·출장·복대리)을 확인하세요. 인터넷 평균 비용과 실제 사건 비용은 차이가 날 수 있습니다. 견적은 사건 내용 확인 후에만 유효하며, 확정되지 않은 금액은 사건별 확인이 필요합니다. 비용 안내 상속등기 필",366,127,/상속등기자가진단::상속등기 필요서류 || /연제구상속등기::부산 상속등기 필요서류 || /수영구상속등기::부산 상속등기 필요서류 || /동래구상속등기::부산 상속등기 필요서류 || /기장군상속등기::부산 상속등기 필요서류 || /북구상속등기::부산 상속등기 필요서류 || /사상구상속등기::부산 상속등기 필요서류 || /금정구상속등기::부산 상속등기 필요서류 || /상속등기비용::상속등기 필요서류 || /상속등기기간::부산 상속등기 필요서류 || /부산가정법원상속::부산 상속등기 필요서류 || /기장토지상속등기::부산 상속등기 필요서류,"추천·사무실·상담 검색을 나누는 방법>/blog/busan-lawyer-recommend-office-consult || 부산 법무사 고를 때 관할 등기소·법원부터 확인하는 이유>/blog/busan-lawyer-jurisdiction-checklist || 센텀 법무사 방문 상담, 하루 흐름과 준비물>/blog/centum-lawyer-visit-day-flow || 스타트업 법인등기 실무 체크>/blog/startup-corporate-registration-checklist || 부동산등기 법무사 상담이 필요한 경우>/blog/when-to-consult-real-estate-registration-lawyer || 부산에서 법무사 찾을 때 허브로 돌아가기>/부산법무사 || 해운대·센텀 법무사 상담>/해운대법무사 || 센텀 법인·부동산 등기>/센텀법무사 || 부산 여성 법무사 상담>/부산여성법무사 || 부산 상속등기 절차>/부산상속등기 || 부산 법인등기 안내>/부산법인등기 || 부산 부동산등기>/부산부동산등기",홈 > 상속등기 필요서류,yes,WebPage,,SERP_UNVERIFIED,inheritance-supporting,inheritance-registration,"상속등기필요서류비용은사건마다다릅니다.보수와실비를구분해안내하며,상담후예상범위를설명합니다.다옴법무사사무소는부산수영구,동래구일대를포함한부산전역의뢰인을"
/상속등기기간,generated,"index,follow",yes,/상속등기기간,상속등기 기간 안내 — 부산 다옴법무사사무소,"부산 상속등기 기간 — 법무사 수임료·등기 수수료·세금 항목별 안내. 다옴법무사사무소 안윤정 법무사. 부산 해운대구, 기장군 상담 가능. 해운대·센텀 다옴법무사사무소에서 전화·카카오톡·방문(예약) 상담이 가능합니다.",상속등기 기간 안내 — 부산 다옴법무사사무소,"부산 상속등기 기간 — 법무사 수임료·등기 수수료·세금 항목별 안내. 다옴법무사사무소 안윤정 법무사. 부산 해운대구, 기장군 상담 가능. 해운대·센텀 다옴법무사사무소에서 전화·카카오톡·방문(예약) 상담이 가능합니다.",상속등기 기간 안내 — 부산 다옴법무사사무소,비용 안내 | 관할·접근 안내 | 법무사 의견 | 상담 시 확인하는 내용,"상속등기 기간 비용은 사건마다 다릅니다. 보수와 실비를 구분해 안내하며, 상담 후 예상 범위를 설명합니다. 다옴법무사사무소는 부산 해운대구, 기장군 일대를 포함한 부산 전역 의뢰인을 상담합니다. 부산 상속등기 기간 — 법무사 수임료·등기 수수료·세금 항목별 안내. 다옴법무사사무소 안윤정 법무사. 부산 해운대구, 기장군 상담 가능. 상담(전화·카카오톡·방문)으로 업무·기한·보유 서류 확인 등기부·관련 서류 확인 보수·세금·공과금을 구분해 항목별 안내 진행 여부 결정 후 서류 준비 접수·완료 상속 관련 기본 서류 비용 산정 시 서류 준비 속도 비용 산정 시 보정 여부 비용 산정 시 저당권 정리 지나치게 낮은 금액만으로 비교하기보다 포함 항목(말소·보정·출장·복대리)을 확인하세요. 인터넷 평균 비용과 실제 사건 비용은 차이가 날 수 있습니다. 견적은 사건 내용 확인 후에만 유효하며, 확정되지 않은 금액은 사건별 확인이 필요합니다. 비용 안내 상속등기 기간: 서류 준비 속도 보정 여부 저당",379,115,/상속등기자가진단::부산 상속등기 기간·기한 || /연제구상속등기::부산 상속등기 기간·기한 || /수영구상속등기::부산 상속등기 기간·기한 || /동래구상속등기::부산 상속등기 기간·기한 || /기장군상속등기::부산 상속등기 기간·기한 || /북구상속등기::부산 상속등기 기간·기한 || /사상구상속등기::부산 상속등기 기간·기한 || /금정구상속등기::부산 상속등기 기간·기한 || /부산가정법원상속::부산 상속등기 기간·기한 || /기장토지상속등기::부산 상속등기 기간·기한 || /부산법무사후기::부산 상속등기 기간·기한 || /부산법무사서류준비::부산 상속등기 기간·기한,"추천·사무실·상담 검색을 나누는 방법>/blog/busan-lawyer-recommend-office-consult || 부산 법무사 고를 때 관할 등기소·법원부터 확인하는 이유>/blog/busan-lawyer-jurisdiction-checklist || 센텀 법무사 방문 상담, 하루 흐름과 준비물>/blog/centum-lawyer-visit-day-flow || 스타트업 법인등기 실무 체크>/blog/startup-corporate-registration-checklist || 부동산등기 법무사 상담이 필요한 경우>/blog/when-to-consult-real-estate-registration-lawyer || 부산 상속등기 허브로 돌아가기>/부산상속등기 || 부산 상속 법무사>/부산상속법무사 || 부산 상속재산분할>/부산상속재산분할법무사 || 부산 상속등기 비용 안내>/상속등기비용 || 부산 상속등기 필요서류>/상속등기필요서류 || 부산 상속포기 절차>/부산상속포기 || 부산 한정승인 안내>/부산한정승인",홈 > 상속등기 기간,yes,WebPage,,SERP_UNVERIFIED,inheritance-supporting,inheritance-registration,"상속등기기간비용은사건마다다릅니다.보수와실비를구분해안내하며,상담후예상범위를설명합니다.다옴법무사사무소는부산해운대구,기장군일대를포함한부산전역의뢰인을상"
/부산지방법원법무사,generated,"index,follow",yes,/부산지방법원법무사,부산지방법원 법무사 | 다옴법무사사무소,"부산지방법원 관할·접수 절차·준비서류 — 부산 다옴법무사사무소. 센텀, 해운대구 상담. 공식 기관이 아닌 법무사 실무 안내. 해운대·센텀 다옴법무사사무소에서 전화·카카오톡·방문(예약) 상담이 가능합니다.",부산지방법원 법무사 | 다옴법무사사무소,"부산지방법원 관할·접수 절차·준비서류 — 부산 다옴법무사사무소. 센텀, 해운대구 상담. 공식 기관이 아닌 법무사 실무 안내. 해운대·센텀 다옴법무사사무소에서 전화·카카오톡·방문(예약) 상담이 가능합니다.",부산지방법원 — 접수 절차·서류 안내,비용 안내 | 관할·접근 안내 | 법무사 의견 | 상담 시 확인하는 내용,"부산지방법원 관련 절차를 앞두고 계신가요? 민사·형사 1심 및 보전처분 등 관련 서류 접수가 이뤄집니다. 해운대·기장 일부는 동부지원, 강서·사하 일부는 서부지원 관할일 수 있습니다. 방문 전에 관할, 서류, 신청 순서를 미리 확인하는 것이 중요합니다. 다옴법무사사무소는 부산 해운대 센텀에 있으며, 센텀, 해운대구 일대를 포함해 부산지방법원 접수 전 상담·서류 준비·대리 접수를 도와드립니다. 본 페이지는 공식 기관 사이트가 아니며, 실무상 접수 절차와 준비서류를 법무사 관점에서 안내합니다. 방문 전에 관할, 서류, 신청 순서를 미리 확인하는 것이 중요합니다. 다옴법무사사무소는 부산 해운대 센텀에 있으며, 센텀, 해운대구 일대를 포함해 부산지방법원 접수 전 상담·서류 준비·대리 접수를 도와드립니다. 본 페이지는 공식 기관 사이트가 아니며, 실무상 접수 절차와 준비서류를 법무사 관점에서 안내합니다. 상담 및 등기부·가족관계 확인 — 상속인 수, 부동산 현황, 채무 여부를 파악합니다. 상",438,50,/지급명령자가진단::부산지방법원 안내 || /부산지방법원등기국::부산지방법원 법무사 || /부산지방법원동부지원법무사::부산지방법원 법무사 || /부산지방법원동부지원등기과::부산지방법원 법무사 || /남부산등기소법무사::부산지방법원 법무사 || /북부산등기소법무사::부산지방법원 법무사 || /중부산등기소법무사::부산지방법원 법무사 || /부산진등기소법무사::부산지방법원 법무사 || /등기소제출::부산지방법원 법무사 || /등기소어디인가요::부산지방법원 법무사 || /부산재산명시::부산지방법원 안내 || /부산등기소현지업무::부산지방법원 법무사,"상속등기>/services/inheritance-registration || 개인회생>/services/personal-rehabilitation || 개인파산>/services/bankruptcy || 추천·사무실·상담 검색을 나누는 방법>/blog/busan-lawyer-recommend-office-consult || 부산 법무사 고를 때 관할 등기소·법원부터 확인하는 이유>/blog/busan-lawyer-jurisdiction-checklist || 센텀 법무사 방문 상담, 하루 흐름과 준비물>/blog/centum-lawyer-visit-day-flow || 스타트업 법인등기 실무 체크>/blog/startup-corporate-registration-checklist || 부동산등기 법무사 상담이 필요한 경우>/blog/when-to-consult-real-estate-registration-lawyer || 부산 법원·등기소 법무사 허브로 돌아가기>/부산지방법원등기국 || 동부지원 법무사>/부산지방법원동부지원법무사 || 동부지원 등기과>/부산지방법원동부지원등기과 || 남부산등기소 법무사>/남부산등기소법무사",홈 > 부산지방법원 상속등기,yes,WebPage,,SERP_UNVERIFIED,other,inheritance-registration,"부산지방법원관련절차를앞두고계신가요?민사·형사1심및보전처분등관련서류접수가이뤄집니다.해운대·기장일부는동부지원,강서·사하일부는서부지원관할일수있습니다."
/부산가정법원상속,generated,"index,follow",yes,/부산가정법원상속,부산가정법원 — 접수 절차·서류 안내 | 다옴법무사사무소,"부산가정법원 관할·접수 절차·준비서류 — 부산 다옴법무사사무소. 연제구, 동래구 상담. 공식 기관이 아닌 법무사 실무 안내. 해운대·센텀 다옴법무사사무소에서 전화·카카오톡·방문(예약) 상담이 가능합니다.",부산가정법원 — 접수 절차·서류 안내 | 다옴법무사사무소,"부산가정법원 관할·접수 절차·준비서류 — 부산 다옴법무사사무소. 연제구, 동래구 상담. 공식 기관이 아닌 법무사 실무 안내. 해운대·센텀 다옴법무사사무소에서 전화·카카오톡·방문(예약) 상담이 가능합니다.",부산가정법원 — 접수 절차·서류 안내,비용 안내 | 관할·접근 안내 | 법무사 의견 | 상담 시 확인하는 내용,"부산가정법원 관련 절차를 앞두고 계신가요? 상속포기·한정승인·유류분·이혼 등 가사 사건을 관할합니다. 피상속인 주소지 기준으로 관할이 정해집니다. 방문 전에 관할, 서류, 신청 순서를 미리 확인하는 것이 중요합니다. 다옴법무사사무소는 부산 해운대 센텀에 있으며, 연제구, 동래구 일대를 포함해 부산가정법원 접수 전 상담·서류 준비·대리 접수를 도와드립니다. 본 페이지는 공식 기관 사이트가 아니며, 실무상 접수 절차와 준비서류를 법무사 관점에서 안내합니다. 방문 전에 관할, 서류, 신청 순서를 미리 확인하는 것이 중요합니다. 다옴법무사사무소는 부산 해운대 센텀에 있으며, 연제구, 동래구 일대를 포함해 부산가정법원 접수 전 상담·서류 준비·대리 접수를 도와드립니다. 본 페이지는 공식 기관 사이트가 아니며, 실무상 접수 절차와 준비서류를 법무사 관점에서 안내합니다. 상속 개시 사실 확인 및 상속인·채무·재산 현황 파악 상속포기 가능 여부와 한정승인·단순승인과 비교 상담 상속포기 신고서 작성",336,162,/상속등기자가진단::부산가정법원 상속·가사 || /상속포기자가진단::부산가정법원 상속 안내 || /한정승인자가진단::부산가정법원 한정승인 || /수영구상속등기::부산가정법원 상속·가사 || /동래구한정승인::부산가정법원 한정승인 || /기장군한정승인::부산가정법원 한정승인 || /금정구한정승인::부산가정법원 한정승인 || /연제구한정승인::부산가정법원 한정승인 || /한정승인비용::부산가정법원 한정승인 || /상속등기기간::부산가정법원 상속·가사 || /부산지방법원등기국::부산가정법원 상속 || /부산지방법원동부지원법무사::부산가정법원 상속,"상속포기>/services/inheritance-renunciation || 한정승인>/services/qualified-acceptance || 상속등기>/services/inheritance-registration || 추천·사무실·상담 검색을 나누는 방법>/blog/busan-lawyer-recommend-office-consult || 부산 법무사 고를 때 관할 등기소·법원부터 확인하는 이유>/blog/busan-lawyer-jurisdiction-checklist || 센텀 법무사 방문 상담, 하루 흐름과 준비물>/blog/centum-lawyer-visit-day-flow || 스타트업 법인등기 실무 체크>/blog/startup-corporate-registration-checklist || 부동산등기 법무사 상담이 필요한 경우>/blog/when-to-consult-real-estate-registration-lawyer || 부산 상속등기 허브로 돌아가기>/부산상속등기 || 부산 상속 법무사>/부산상속법무사 || 부산 상속재산분할>/부산상속재산분할법무사 || 부산 상속등기 비용 안내>/상속등기비용",홈 > 부산가정법원 상속포기,yes,WebPage,,SERP_UNVERIFIED,inheritance-supporting,inheritance-renunciation,"부산가정법원관련절차를앞두고계신가요?상속포기·한정승인·유류분·이혼등가사사건을관할합니다.피상속인주소지기준으로관할이정해집니다.방문전에관할,서류,신청순"
/북부산등기소법무사,generated,"index,follow",yes,/북부산등기소법무사,북부산등기소 법무사 | 다옴법무사사무소,"북부산등기소 관할·접수 절차·준비서류 — 부산 다옴법무사사무소. 덕천동, 화명동 상담. 공식 기관이 아닌 법무사 실무 안내. 해운대·센텀 다옴법무사사무소에서 전화·카카오톡·방문(예약) 상담이 가능합니다.",북부산등기소 법무사 | 다옴법무사사무소,"북부산등기소 관할·접수 절차·준비서류 — 부산 다옴법무사사무소. 덕천동, 화명동 상담. 공식 기관이 아닌 법무사 실무 안내. 해운대·센텀 다옴법무사사무소에서 전화·카카오톡·방문(예약) 상담이 가능합니다.",북부산등기소 — 접수 절차·서류 안내,등기업무 자체를 맡길 법무사를 찾는다면 | 비용 안내 | 관할·접근 안내 | 법무사 의견 | 상담 시 확인하는 내용,"북부산등기소 관련 절차를 앞두고 계신가요? 북구·사상구 부동산등기가 접수됩니다. 금정구는 등기국, 강서구는 서부지원 등기과 관할입니다. 방문 전에 관할, 서류, 신청 순서를 미리 확인하는 것이 중요합니다. 다옴법무사사무소는 부산 해운대 센텀에 있으며, 덕천동, 화명동 일대를 포함해 북부산등기소 접수 전 상담·서류 준비·대리 접수를 도와드립니다. 본 페이지는 공식 기관 사이트가 아니며, 실무상 접수 절차와 준비서류를 법무사 관점에서 안내합니다. 방문 전에 관할, 서류, 신청 순서를 미리 확인하는 것이 중요합니다. 다옴법무사사무소는 부산 해운대 센텀에 있으며, 덕천동, 화명동 일대를 포함해 북부산등기소 접수 전 상담·서류 준비·대리 접수를 도와드립니다. 본 페이지는 공식 기관 사이트가 아니며, 실무상 접수 절차와 준비서류를 법무사 관점에서 안내합니다. 상담 및 등기부·가족관계 확인 — 상속인 수, 부동산 현황, 채무 여부를 파악합니다. 상속포기·한정승인 필요 여부 점검 — 3개월 검토 ",387,47,/부산지방법원법무사::북부산등기소 법무사 || /부산지방법원등기국::북부산등기소 법무사 || /부산지방법원동부지원법무사::북부산등기소 법무사 || /부산지방법원동부지원등기과::북부산등기소 법무사 || /남부산등기소법무사::북부산등기소 법무사 || /중부산등기소법무사::북부산등기소 법무사 || /부산진등기소법무사::북부산등기소 법무사 || /등기소제출::북부산등기소 법무사 || /덕천동법무사::북부산등기소 안내 || /부산등기소현지업무::북부산등기소 법무사 || /부산지방법원등기국상속등기::북부산등기소 법무사 || /부산지방법원상속등기::북부산등기소 법무사,"부산 등기 상담>/부산등기법무사 || 상속등기>/services/inheritance-registration || 부동산등기>/services/real-estate-registration || 추천·사무실·상담 검색을 나누는 방법>/blog/busan-lawyer-recommend-office-consult || 부산 법무사 고를 때 관할 등기소·법원부터 확인하는 이유>/blog/busan-lawyer-jurisdiction-checklist || 센텀 법무사 방문 상담, 하루 흐름과 준비물>/blog/centum-lawyer-visit-day-flow || 스타트업 법인등기 실무 체크>/blog/startup-corporate-registration-checklist || 부동산등기 법무사 상담이 필요한 경우>/blog/when-to-consult-real-estate-registration-lawyer || 부산 법원·등기소 법무사 허브로 돌아가기>/부산지방법원등기국 || 부산지방법원 법무사>/부산지방법원법무사 || 동부지원 법무사>/부산지방법원동부지원법무사 || 동부지원 등기과>/부산지방법원동부지원등기과",홈 > 북부산등기소 상속등기,yes,WebPage,,SERP_UNVERIFIED,other,inheritance-registration,"북부산등기소관련절차를앞두고계신가요?북구·사상구부동산등기가접수됩니다.금정구는등기국,강서구는서부지원등기과관할입니다.방문전에관할,서류,신청순서를미리확"
/부산토지상속등기,generated,"index,follow",yes,/부산토지상속등기,부산 토지상속등기 절차·서류 안내 | 다옴법무사사무소,"부산 토지상속등기 — 토지·임야·농지 상속. 다옴법무사사무소 안윤정 법무사. 기장군, 금정구 상담. 해운대·센텀 다옴법무사사무소에서 전화·카카오톡·방문(예약) 상담이 가능합니다.",부산 토지상속등기 절차·서류 안내 | 다옴법무사사무소,"부산 토지상속등기 — 토지·임야·농지 상속. 다옴법무사사무소 안윤정 법무사. 기장군, 금정구 상담. 해운대·센텀 다옴법무사사무소에서 전화·카카오톡·방문(예약) 상담이 가능합니다.",부산 토지상속등기 절차·서류 안내,비용 안내 | 관할·접근 안내 | 법무사 의견 | 상담 시 확인하는 내용,"부산 토지상속등기 관련 문의가 늘고 있습니다. 토지·임야·농지 상속 재개발·재건축·신축 분양·토지 상속 등은 일반 매매와 권리 관계가 다릅니다. 기장군, 금정구 일대 사건도 조합원 지위·분양권·저당권·상속인 협의가 겹치면 절차가 복잡해집니다. 다옴법무사사무소는 분할·협의 농지취득자격 다수 상속인 등 실무 포인트를 중심으로 상담·진행합니다. 부산 토지상속등기 — 토지·임야·농지 상속. 다옴법무사사무소 안윤정 법무사. 기장군, 금정구 상담. 상담 및 등기부·가족관계 확인 — 상속인 수, 부동산 현황, 채무 여부를 파악합니다. 상속포기·한정승인 필요 여부 점검 — 3개월 검토 기간과 상속등기 일정을 구분해 안내합니다. 필요 서류 안내 및 수집 — 제적·가족관계증명서, 인감증명서, 토지·건축물 대장 등을 준비합니다. 상속인 협의 — 공동상속인이 있으면 협의서·분할협의서 등을 정리합니다. 등기 신청서 작성 및 등기소 접수 — 관할 특례 적용 여부를 확인한 뒤 신청 등기소를 안내합니다. 등기 ",355,24,/부산재개발등기::부산 토지 상속등기 || /부산신축아파트소유권이전등기::부산 토지 상속등기 || /정관법무사::토지상속등기 || /일광읍법무사::토지상속등기 || /재건축조합임원변경등기::부산 토지 상속등기 || /재개발등기비용::부산 토지 상속등기 || /재건축등기비용::부산 토지 상속등기 || /재개발등기필요서류::부산 토지 상속등기 || /재건축등기필요서류::부산 토지 상속등기 || /동래구재건축등기::부산 토지 상속등기 || /재개발등기보수표::부산 토지 상속등기 || /재개발등기기한::부산 토지 상속등기,"한정승인>/services/qualified-acceptance || 추천·사무실·상담 검색을 나누는 방법>/blog/busan-lawyer-recommend-office-consult || 부산 법무사 고를 때 관할 등기소·법원부터 확인하는 이유>/blog/busan-lawyer-jurisdiction-checklist || 센텀 법무사 방문 상담, 하루 흐름과 준비물>/blog/centum-lawyer-visit-day-flow || 스타트업 법인등기 실무 체크>/blog/startup-corporate-registration-checklist || 부동산등기 법무사 상담이 필요한 경우>/blog/when-to-consult-real-estate-registration-lawyer || 부산 재개발·재건축 등기 허브로 돌아가기>/부산재개발등기 || 부산 재건축등기>/부산재건축등기 || 해운대 재개발 상속등기>/해운대재개발상속등기 || 신축 아파트 소유권이전등기>/부산신축아파트소유권이전등기 || 부산 상속등기>/부산상속등기 || 부산 부동산등기>/부산부동산등기",홈 > 부산 토지상속등기,yes,WebPage,,SERP_UNVERIFIED,inheritance-supporting,inheritance-registration,"부산토지상속등기관련문의가늘고있습니다.토지·임야·농지상속재개발·재건축·신축분양·토지상속등은일반매매와권리관계가다릅니다.기장군,금정구일대사건도조합원지"
/기장토지상속등기,generated,"index,follow",yes,/기장토지상속등기,기장 토지상속등기 절차·서류 안내 | 다옴법무사사무소,"부산 기장 토지상속등기 — 기장군 토지·전원주택 상속. 다옴법무사사무소 안윤정 법무사. 기장읍, 정관읍 상담. 해운대·센텀 다옴법무사사무소에서 전화·카카오톡·방문(예약) 상담이 가능합니다.",기장 토지상속등기 절차·서류 안내 | 다옴법무사사무소,"부산 기장 토지상속등기 — 기장군 토지·전원주택 상속. 다옴법무사사무소 안윤정 법무사. 기장읍, 정관읍 상담. 해운대·센텀 다옴법무사사무소에서 전화·카카오톡·방문(예약) 상담이 가능합니다.",기장 토지상속등기 절차·서류 안내,비용 안내 | 관할·접근 안내 | 법무사 의견 | 상담 시 확인하는 내용,"부산에서 기장 토지상속등기 관련 문의가 늘고 있습니다. 기장군 토지·전원주택 상속 재개발·재건축·신축 분양·토지 상속 등은 일반 매매와 권리 관계가 다릅니다. 기장읍, 정관읍 일대 사건도 조합원 지위·분양권·저당권·상속인 협의가 겹치면 절차가 복잡해집니다. 다옴법무사사무소는 관할 등기소 거리 농지·임야 특수 규정 등 실무 포인트를 중심으로 상담·진행합니다. 부산 기장 토지상속등기 — 기장군 토지·전원주택 상속. 다옴법무사사무소 안윤정 법무사. 기장읍, 정관읍 상담. 상담 및 등기부·가족관계 확인 — 상속인 수, 부동산 현황, 채무 여부를 파악합니다. 상속포기·한정승인 필요 여부 점검 — 3개월 검토 기간과 상속등기 일정을 구분해 안내합니다. 필요 서류 안내 및 수집 — 제적·가족관계증명서, 인감증명서, 토지·건축물 대장 등을 준비합니다. 상속인 협의 — 공동상속인이 있으면 협의서·분할협의서 등을 정리합니다. 등기 신청서 작성 및 등기소 접수 — 관할 특례 적용 여부를 확인한 뒤 신청",393,37,/기장군법무사::토지상속 || /상속등기기간::기장 토지 상속등기 || /부산한정승인전문법무사::기장 토지 상속등기 || /부산상속등기전문법무사::기장 토지 상속등기 || /재혼가정상속::기장 토지 상속등기 || /상담::기장 토지 상속등기 || /1분간편상담::기장 토지 상속등기 || /법무사상담::기장 토지 상속등기 || /상속등기상담::기장 토지 상속등기 || /서류가없어도상담가능::기장 토지 상속등기 || /전화가어려울때법률상담::기장 토지 상속등기 || /정관법무사::기장 토지상속등기,"상속포기>/services/inheritance-renunciation || 추천·사무실·상담 검색을 나누는 방법>/blog/busan-lawyer-recommend-office-consult || 부산 법무사 고를 때 관할 등기소·법원부터 확인하는 이유>/blog/busan-lawyer-jurisdiction-checklist || 센텀 법무사 방문 상담, 하루 흐름과 준비물>/blog/centum-lawyer-visit-day-flow || 스타트업 법인등기 실무 체크>/blog/startup-corporate-registration-checklist || 부동산등기 법무사 상담이 필요한 경우>/blog/when-to-consult-real-estate-registration-lawyer || 부산 상속등기 허브로 돌아가기>/부산상속등기 || 부산 상속 법무사>/부산상속법무사 || 부산 상속재산분할>/부산상속재산분할법무사 || 부산 상속등기 비용 안내>/상속등기비용 || 부산 상속등기 필요서류>/상속등기필요서류 || 부산 상속등기 기간·기한>/상속등기기간",홈 > 기장 토지상속등기,yes,WebPage,,SERP_UNVERIFIED,inheritance-supporting,inheritance-registration,"부산에서기장토지상속등기관련문의가늘고있습니다.기장군토지·전원주택상속재개발·재건축·신축분양·토지상속등은일반매매와권리관계가다릅니다.기장읍,정관읍일대사"
/해운대재개발상속등기,generated,"index,follow",yes,/해운대재개발상속등기,해운대 재개발 상속등기 절차·서류 안내 | 다옴법무사사무소,"부산 해운대 재개발 상속등기 — 해운대구 재개발·재건축 지역 상속. 다옴법무사사무소 안윤정 법무사. 우동, 재송동 상담. 해운대·센텀 다옴법무사사무소에서 전화·카카오톡·방문(예약) 상담이 가능합니다.",해운대 재개발 상속등기 절차·서류 안내 | 다옴법무사사무소,"부산 해운대 재개발 상속등기 — 해운대구 재개발·재건축 지역 상속. 다옴법무사사무소 안윤정 법무사. 우동, 재송동 상담. 해운대·센텀 다옴법무사사무소에서 전화·카카오톡·방문(예약) 상담이 가능합니다.",해운대 재개발 상속등기 절차·서류 안내,비용 안내 | 관할·접근 안내 | 법무사 의견 | 상담 시 확인하는 내용,"부산에서 해운대 재개발 상속등기 관련 문의가 늘고 있습니다. 해운대구 재개발·재건축 지역 상속 재개발·재건축·신축 분양·토지 상속 등은 일반 매매와 권리 관계가 다릅니다. 우동, 재송동 일대 사건도 조합원 지위·분양권·저당권·상속인 협의가 겹치면 절차가 복잡해집니다. 다옴법무사사무소는 조합원 지위 승계 신축 전후 권리 변동 등 실무 포인트를 중심으로 상담·진행합니다. 부산 해운대 재개발 상속등기 — 해운대구 재개발·재건축 지역 상속. 다옴법무사사무소 안윤정 법무사. 우동, 재송동 상담. 상담 및 등기부·가족관계 확인 — 상속인 수, 부동산 현황, 채무 여부를 파악합니다. 상속포기·한정승인 필요 여부 점검 — 3개월 검토 기간과 상속등기 일정을 구분해 안내합니다. 필요 서류 안내 및 수집 — 제적·가족관계증명서, 인감증명서, 토지·건축물 대장 등을 준비합니다. 상속인 협의 — 공동상속인이 있으면 협의서·분할협의서 등을 정리합니다. 등기 신청서 작성 및 등기소 접수 — 관할 특례 적용 ",407,30,/::해운대 재개발 지역 상속등기 || /location::해운대 재개발 지역 상속등기 || /해운대구상속등기::해운대 재개발 지역 상속등기 || /해운대구법인등기::해운대 재개발 지역 상속등기 || /해운대구부동산등기::해운대 재개발 지역 상속등기 || /해운대법무사::해운대 재개발 지역 상속등기 || /센텀법인등기::해운대 재개발 지역 상속등기 || /부산재개발등기::해운대 재개발 상속등기 || /부산신축아파트소유권이전등기::해운대 재개발 상속등기 || /부산토지상속등기::해운대 재개발 상속등기 || /재건축조합임원변경등기::해운대 재개발 상속등기 || /재개발등기비용::해운대 재개발 상속등기,"부동산등기>/services/real-estate-registration || 추천·사무실·상담 검색을 나누는 방법>/blog/busan-lawyer-recommend-office-consult || 부산 법무사 고를 때 관할 등기소·법원부터 확인하는 이유>/blog/busan-lawyer-jurisdiction-checklist || 센텀 법무사 방문 상담, 하루 흐름과 준비물>/blog/centum-lawyer-visit-day-flow || 스타트업 법인등기 실무 체크>/blog/startup-corporate-registration-checklist || 부동산등기 법무사 상담이 필요한 경우>/blog/when-to-consult-real-estate-registration-lawyer || 해운대 법무사 허브로 돌아가기>/해운대법무사 || 센텀시티·재송 법무사>/센텀법무사 || 재송동 상속·매매 등기>/재송동법무사 || 반여동 아파트 상속등기>/반여동법무사 || 해운대구 상속등기>/해운대구상속등기 || 해운대구 법인등기>/해운대구법인등기",홈 > 해운대 재개발 상속등기,yes,WebPage,,SERP_UNVERIFIED,inheritance-supporting,inheritance-registration,"부산에서해운대재개발상속등기관련문의가늘고있습니다.해운대구재개발·재건축지역상속재개발·재건축·신축분양·토지상속등은일반매매와권리관계가다릅니다.우동,재송"
/부산등기법무사,generated,"index,follow",yes,/부산등기법무사,부산 등기 법무사 | 부동산·상속·법인등기 상담 - 다옴법무사사무소,부산에서 소유권이전·상속·증여·근저당·법인등기를 준비한다면 필요한 서류와 절차를 확인해 보세요. 해운대·센텀 다옴법무사사무소 안윤정 법무사가 등기업무를 직접 상담·진행합니다.,부산 등기 법무사 | 부동산·상속·법인등기 상담 - 다옴법무사사무소,부산에서 소유권이전·상속·증여·근저당·법인등기를 준비한다면 필요한 서류와 절차를 확인해 보세요. 해운대·센텀 다옴법무사사무소 안윤정 법무사가 등기업무를 직접 상담·진행합니다.,"부산 등기 법무사, 어떤 등기부터 준비해야 할까요?",부산 등기 법무사 비용을 확인할 때 볼 항목 | 법무사 선택 기준이 궁금하다면 | 신축건물 보존등기 | 공공기관 등기업무 | 어떤 등기가 필요하신가요? | 상담이 필요한 등기 상황 | 비용이 달라지는 요소 | 법무사 상담이 필요한 경우 | 관할·접근 안내 | 법무사 의견,"부산에서 등기 법무사를 찾는 이유는 사람마다 다릅니다. 아파트 매매 잔금일 소유권이전, 부모님 부동산 상속, 가족 간 증여, 대출에 따른 근저당 설정·말소, 회사 설립 또는 임원변경, 신축건물 보존등기처럼 사건이 갈립니다. 다옴법무사사무소의 부산 등기업무 대표 페이지에서는 등기부를 기준으로 필요한 절차와 서류를 정리하고, 부동산·상속·법인 세부 안내로 이어집니다. 부산에서 등기 법무사를 찾을 때는 부동산·상속·법인 중 어떤 등기인지부터 나눕니다. 매매·증여·근저당과 상속 명의이전, 법인설립·임원변경은 서류와 접수 순서가 다릅니다. 정확한 등기명을 몰라도 됩니다. 등기부·계약서 또는 지금 상황만 알려 주시면, 해운대·센텀 다옴법무사사무소 안윤정 법무사가 필요한 등기와 준비서류를 구분합니다. 아래 상황별 안내에서 부동산·상속·법인 갈래로 이동하세요. 등기부·계약서·관련 서류로 사건 구조를 확인합니다. 부동산 소재지·법인 본점에 따라 관할 등기소를 확인합니다. 지금 단계에서 필요한 서류만",722,778,/office::부산 등기 법무사 || /services::부산 등기 법무사 || /blog::부산 등기 법무사 || /reviews::부산 등기 법무사 || /faq::부산 등기 법무사 || /공지사항::부산 등기 법무사 || /media::부산 등기 법무사 || /contact::부산 등기 법무사 || /search-guides::부산 등기 법무사 || /contact/inquiry::부산 등기 법무사 || /개인정보처리방침::부산 등기 법무사 || /이용약관::부산 등기 법무사,부산 부동산등기>/부산부동산등기 || 부산 상속등기>/부산상속등기 || 부산 법인등기>/부산법인등기 || 부산 소유권이전등기>/부산소유권이전등기 || 부동산등기 업무안내>/services/real-estate-registration || 상속등기 업무안내>/services/inheritance-registration || 법인등기 업무안내>/services/corporate-registration || 소유권이전등기 필요서류>/faq/ownership-transfer-documents || 상속등기 비용 안내>/faq/inheritance-registration-cost || 임원변경등기 기한>/faq/director-change-deadline-faq || 센텀 오피스텔 매매 등기 사례>/services/cases/centum-ownership-transfer-case || 해운대 상속등기 사례>/services/cases/haeundae-inheritance-registration-case,홈 > 등기업무 > 부산 등기,yes,WebPage+FAQ,,SERP_UNVERIFIED,other,real-estate-registration,"부산에서등기법무사를찾는이유는사람마다다릅니다.아파트매매잔금일소유권이전,부모님부동산상속,가족간증여,대출에따른근저당설정·말소,회사설립또는임원변경,신축"
/부산상속법무사,generated,"index,follow",yes,/부산상속법무사,부산 상속 법무사 | 등기·포기·한정승인 먼저 확인,부모님 사망 후 상속등기·상속포기·한정승인 중 어떤 절차가 필요한지 안내합니다. 3개월 기한과 채무 조사를 먼저 확인한 뒤 등기·협의로 이어갈 수 있습니다.,부산 상속 법무사 | 등기·포기·한정승인 먼저 확인,부모님 사망 후 상속등기·상속포기·한정승인 중 어떤 절차가 필요한지 안내합니다. 3개월 기한과 채무 조사를 먼저 확인한 뒤 등기·협의로 이어갈 수 있습니다.,"부산 상속 법무사, 등기·포기·한정승인 중 무엇부터 볼까",상속 관련 비용은 절차마다 구조가 다릅니다 | 상황별로 먼저 볼 절차 | 상속상담 전 체크표 | 상속인·재산·채무 확인표 | 해운대 센텀 사무소에서 직접 상담합니다 | 사망 직후 확인할 순서 | 부산에서 상속전문 법무사를 찾을 때 어떤 업무를 함께 확인해야 할까요? | 특정 상속인 명의로 하거나 상속 후 바로 매도할 때 | 미성년·해외·대습·연락두절이 섞여 있을 때 | 30년 이상 미정리된 부동산이 있을 때 | 이런 경우에 상담합니다 | 비용이 달라지는 요소 | 법무사 상담이 필요한 경우 | 관할·접근 안내 | 법무사 의견,"가족이 사망하면 부동산 명의를 바로 이전하는 상속등기만 생각하면 안 됩니다. 채무가 있는지, 상속을 받을지, 재산 한도로만 받을지에 따라 상속포기나 한정승인을 먼저 봐야 할 수 있습니다. 아래 표와 카드에서 지금 상황에 가까운 안내를 고르시면 됩니다. 사망일·상속인·알고 있는 재산·채무만 있어도 1차 방향을 나눌 수 있습니다. 상속이라고 해도 필요한 절차는 모두 같지 않습니다. 부동산 명의를 이전하는 상속등기, 상속인끼리 재산을 나누는 협의분할, 채무가 걱정될 때 검토하는 상속포기·한정승인, 상속인이 먼저 사망한 경우의 대습 문제는 준비서류와 기한이 서로 다릅니다. 이 페이지는 그 차이를 먼저 가린 뒤 해당 안내로 연결합니다. 다옴법무사사무소에서는 상속등기, 협의분할에 의한 상속등기, 상속포기·한정승인 등 법무사가 수행할 수 있는 상속 관련 절차를 사안에 따라 확인합니다. ‘무엇을 맡길지’가 정해지지 않았다면 사망일·상속인 범위·확인된 재산·채무만 알려주셔도 1차 방향을 잡을 수 있",1330,536,/office::부산 상속 법무사 || /services::부산 상속 법무사 || /blog::부산 상속 법무사 || /reviews::부산 상속 법무사 || /faq::부산 상속 법무사 || /공지사항::부산 상속 법무사 || /media::부산 상속 법무사 || /contact::부산 상속 법무사 || /search-guides::부산 상속 법무사 || /contact/inquiry::부산 상속 법무사 || /개인정보처리방침::부산 상속 법무사 || /이용약관::부산 상속 법무사,"부산 상속등기 — 서류와 진행 순서>/부산상속등기 || 부산 한정승인 — 상속채무가 걱정될 때>/부산한정승인 || 부산 상속포기 안내>/부산상속포기 || 상속 종합 허브>/상속 || 등기·포기·한정 중 무엇부터 확인할지>/contact/inquiry?field=inheritance-registration || 추천·사무실·상담 검색을 나누는 방법>/blog/busan-lawyer-recommend-office-consult || 부산 법무사 고를 때 관할 등기소·법원부터 확인하는 이유>/blog/busan-lawyer-jurisdiction-checklist || 센텀 법무사 방문 상담, 하루 흐름과 준비물>/blog/centum-lawyer-visit-day-flow || 해운대 아파트 상속등기 자세히 보기>/services/cases/haeundae-inheritance-registration-case || 채무 불명확 한정승인 상담 자세히 보기>/services/cases/dongnae-qualified-acceptance-consultation || 전화 010-4277-1279>tel:01042771279 || 카카오톡 상담>https://pf.kakao.com/_Bvhxnn/chat",홈 > 상속 > 부산 상속,yes,WebPage+FAQ,,SERP_UNVERIFIED,broad-local-commercial,inheritance-registration,"가족이사망하면부동산명의를바로이전하는상속등기만생각하면안됩니다.채무가있는지,상속을받을지,재산한도로만받을지에따라상속포기나한정승인을먼저봐야할수있습니다."
/부산상속재산분할법무사,generated,"index,follow",yes,/부산상속재산분할법무사,부산 상속재산분할 법무사｜협의분할·단독명의 등기,"부산 상속재산분할 법무사. 법정상속분·협의분할, 공동상속인 동의, 단독명의, 미성년·해외 상속인, 협의서 작성 포인트. 다옴법무사. 해운대·센텀 다옴법무사사무소에서 전화·카카오톡·방문(예약) 상담이 가능합니다.",부산 상속재산분할 법무사｜협의분할·단독명의 등기,"부산 상속재산분할 법무사. 법정상속분·협의분할, 공동상속인 동의, 단독명의, 미성년·해외 상속인, 협의서 작성 포인트. 다옴법무사. 해운대·센텀 다옴법무사사무소에서 전화·카카오톡·방문(예약) 상담이 가능합니다.","부산 상속재산분할, 협의부터 상속등기까지",이런 경우 필요한 절차입니다 | 비용이 달라지는 요소 | 법무사 상담이 필요한 경우 | 관할·접근 안내 | 법무사 의견 | 상담 시 확인하는 내용,"연락되지 않는 상속인, 미성년 상속인, 해외 거주 상속인이 있으면 협의분할이 지연됩니다. 협의가 안 되면 가정법원 절차를 검토해야 할 수 있고, 법무사 안내와 소송 대리를 구분해야 합니다. 협의서 작성 시 부동산 표시·지분·정산금·인수 채무를 명확히 하지 않으면 등기·세금에서 보정이나 분쟁이 이어질 수 있습니다. 부산 상속재산분할 상담은 형제·자매가 부동산을 누가 받을지, 현금으로 정산할지, 공동명의로 둘지를 정하지 못해 시작하는 경우가 많습니다. 상속인·재산·채무 범위 확인 법정상속분 vs 협의분할 선택 상속재산분할협의서 작성·인감 취득세 신고·상속등기 접수 등기 완료 후 명의·정산 확인 피상속인·상속인 가족관계증명서 등기부등본·재산 목록 상속재산분할협의서 상속인 인감증명서·신분증 미성년: 특별대리인 관련 서류(해당 시) 해외: 위임·인증 서류(해당 시) 상속인 일부가 연락되지 않을 때 한 명이 부동산을 받고 나머지가 정산금을 받을 때 미성년 상속인 특별대리인이 필요할 때 이런 경",405,129,/상속등기자가진단::부산 상속재산분할 || /연제구상속등기::부산 상속재산분할 || /수영구상속등기::부산 상속재산분할 || /동래구상속등기::부산 상속재산분할 || /기장군상속등기::부산 상속재산분할 || /북구상속등기::부산 상속재산분할 || /사상구상속등기::부산 상속재산분할 || /금정구상속등기::부산 상속재산분할 || /상속등기기간::부산 상속재산분할 || /부산가정법원상속::부산 상속재산분할 || /기장토지상속등기::부산 상속재산분할 || /부산상속법무사::협의분할 안내,부산 상속 법무사>/부산상속법무사 || 부산 상속등기>/부산상속등기 || 부산 상속 법무사 추천>/부산상속법무사추천 || 상속등기 필요서류>/상속등기필요서류 || 상속등기 비용>/상속등기비용 || 공동상속인 등기>/faq/multiple-heirs-inheritance-registration || 해운대 상속등기 사례>/services/cases/haeundae-inheritance-registration-case || 상속 종합 허브>/상속 || 부산 상속포기>/부산상속포기 || 부산 한정승인>/부산한정승인 || 부산가정법원 상속>/부산가정법원상속 || 추천·사무실·상담 검색을 나누는 방법>/blog/busan-lawyer-recommend-office-consult,홈 > 부산 상속재산분할 법무사,yes,WebPage,,SERP_UNVERIFIED,inheritance-supporting,inheritance-registration,"연락되지않는상속인,미성년상속인,해외거주상속인이있으면협의분할이지연됩니다.협의가안되면가정법원절차를검토해야할수있고,법무사안내와소송대리를구분해야합니다."
/부산상속등기전문,generated,"index,follow",yes,/부산상속등기전문,상속등기 상담 전 확인사항｜서류·기한 체크리스트,"상속등기 상담 전에 확인할 절차·서류·기한을 정리했습니다. 상속포기·한정승인과의 차이, 공동상속인·해외거주·채무가 있는 경우 체크리스트. 해운대·센텀 다옴법무사사무소에서 전화·카카오톡·방문(예약) 상담이 가능합니다.",상속등기 상담 전 확인사항｜서류·기한 체크리스트,"상속등기 상담 전에 확인할 절차·서류·기한을 정리했습니다. 상속포기·한정승인과의 차이, 공동상속인·해외거주·채무가 있는 경우 체크리스트. 해운대·센텀 다옴법무사사무소에서 전화·카카오톡·방문(예약) 상담이 가능합니다.",상속등기 상담 전에 확인할 절차와 서류,상담 시 확인하는 내용,"상속등기 상담 전에는 ‘전문’이라는 말보다 실무 경험, 사건 검토 방식, 절차 안내가 구체적인지 확인하시는 편이 좋습니다. 상속은 가족 구성·채무·부동산 권리관계에 따라 필요한 절차가 크게 달라집니다. 상속등기 상담 전에는 ‘전문’이라는 말보다 실무 경험, 사건 검토 방식, 절차 안내가 구체적인지 확인하시는 편이 좋습니다. 상속은 가족 구성·채무·부동산 권리관계에 따라 필요한 절차가 크게 달라집니다. 상속등기 전 상속포기·한정승인 필요 여부를 함께 짚어 주는지 등기부상 근저당·가압류·전세권을 확인하고 순서를 안내하는지 상속인별 지분·협의서·분할협의 필요 여부를 설명하는지 취득세 신고와 등기 접수 일정을 연결해 안내하는지 미성년·해외 상속인 서류를 구체적으로 짚어 주는지 상속 채무 조사 방법(공탁·내용증명 등)을 안내하는지 진행 단계별 연락·서류 체크 방식이 분명한지 피상속인 기본증명서·가족관계증명서(상세) 상속인 전원 인감증명서·신분증 등기부등본(상속 대상 부동산) 피상속인 사망진단",354,5,/부산법무사추천::상속등기 상담 전 확인사항 || /부산법무사비교::상속등기 상담 전 확인사항 || /부산법무사서류준비::상속등기 상담 전 확인사항 || /부산상속전문법무사::상속등기 상담 전 확인사항 || /부산상속등기전문법무사::부산 상속등기전문 — 선택 체크리스트,부산 상속등기 절차>/부산상속등기 || 부산 상속 법무사 안내>/부산상속법무사 || 부산 법무사 추천>/부산법무사추천 || 부산 상속포기>/부산상속포기 || 부산 한정승인>/부산한정승인 || 상속등기 자가진단>/상속등기자가진단 || 상속등기 비용 FAQ>/faq/inheritance-registration-cost || 상속등기 상담 사례>/services/cases/haeundae-inheritance-registration-case || 부산 법무사 상담>/부산법무사상담 || 상담 문의>/contact || 부산에서 법무사 찾을 때 허브로 돌아가기>/부산법무사 || 해운대·센텀 법무사 상담>/해운대법무사,홈 > 상속등기 상담 전 확인사항,yes,WebPage+FAQ,,SERP_UNVERIFIED,inheritance-supporting,inheritance-registration,"상속등기상담전에는‘전문’이라는말보다실무경험,사건검토방식,절차안내가구체적인지확인하시는편이좋습니다.상속은가족구성·채무·부동산권리관계에따라필요한절차가"
/부산법무사서류준비,generated,"index,follow",yes,/부산법무사서류준비,부산 법무사 서류 준비｜상속·등기·법인·회생 체크리스트,부산 법무사 상담·의뢰 전 업무별 준비 서류 체크리스트. 상속·부동산·법인·회생별 필수·선택 서류와 가져오면 좋은 자료. 해운대·센텀 다옴법무사사무소에서 전화·카카오톡·방문(예약) 상담이 가능합니다.,부산 법무사 서류 준비｜상속·등기·법인·회생 체크리스트,부산 법무사 상담·의뢰 전 업무별 준비 서류 체크리스트. 상속·부동산·법인·회생별 필수·선택 서류와 가져오면 좋은 자료. 해운대·센텀 다옴법무사사무소에서 전화·카카오톡·방문(예약) 상담이 가능합니다.,"부산 법무사에게 맡기기 전, 서류는 무엇을 준비하나요?",상담 시 확인하는 내용,"부산 법무사 서류 준비를 검색하시는 분들은 상담 예약보다 ‘무엇을 가져가면 되는지’가 먼저인 경우가 많습니다. 상속·매매등기·법인변경·개인회생은 필요 서류가 달라, 한 번에 모든 원본을 준비하기보다 업무별로 나눠 보시면 됩니다. 부산 법무사 서류 준비를 검색하시는 분들은 상담 예약보다 ‘무엇을 가져가면 되는지’가 먼저인 경우가 많습니다. 상속·매매등기·법인변경·개인회생은 필요 서류가 달라, 한 번에 모든 원본을 준비하기보다 업무별로 나눠 보시면 됩니다. 업무 종류별로 서류 목록이 구분되는지 필수와 선택(있으면 좋은) 서류가 나뉘는지 원본·사본·전자발급 가능 여부를 안내하는지 기한과 연결된 날짜 확인을 요청하는지 개인정보 마스킹·전달 채널을 안내하는지 누락 시 보정·추가 발급 가능성을 설명하는지 상담 후 맞춤 목록을 문서로 남겨 주는지 신분증·연락처 업무 목적(상속·매매·법인·회생) 한 줄 요약 해당 업무 체크리스트 중 가능한 자료 기한 관련 일자(사망일·잔금일·취임일) 카카오톡으로 ",315,7,/부산법무사::서류 준비 체크리스트 || /연제구법무사::서류 준비 체크리스트 || /부산법무사무소::부산 법무사 서류 준비 || /부산법무사방문상담::부산 법무사 서류 준비 || /부산법무사비대면상담::부산 법무사 서류 준비 || /등기서류상담::서류 준비 안내 || /서류가없어도상담가능::서류 준비,부산에서 법무사 찾을 때>/부산법무사 || 부산 법무사 상담>/부산법무사상담 || 부산 법무사 방문상담>/부산법무사방문상담 || 부산 법무사 비대면상담>/부산법무사비대면상담 || 상속등기 상담 전 확인사항>/부산상속등기전문 || 부동산등기 상담 전 확인사항>/부산부동산등기전문 || 법인등기 상담 전 확인사항>/부산법인등기전문 || 상담 준비서류 블로그>/blog/busan-lawyer-consultation-documents || 상담 문의>/contact || 부산 상속등기 허브로 돌아가기>/부산상속등기 || 부산 상속 법무사>/부산상속법무사 || 부산 상속재산분할>/부산상속재산분할법무사,홈 > 부산 법무사 서류 준비,yes,WebPage+FAQ,,SERP_UNVERIFIED,other,inheritance-registration,"부산법무사서류준비를검색하시는분들은상담예약보다‘무엇을가져가면되는지’가먼저인경우가많습니다.상속·매매등기·법인변경·개인회생은필요서류가달라,한번에모든원"
/부산상속법무사추천,generated,"index,follow",yes,/부산상속법무사추천,부산 상속 법무사 추천｜다옴법무사사무소,부산 상속 법무사 추천 검색 안내. 상속등기·포기·한정승인 상담 기준의 준비서류·절차·자주 하는 실수·FAQ를 정리했습니다. 해운대·센텀 다옴법무사사무소.,부산 상속 법무사 추천｜다옴법무사사무소,부산 상속 법무사 추천 검색 안내. 상속등기·포기·한정승인 상담 기준의 준비서류·절차·자주 하는 실수·FAQ를 정리했습니다. 해운대·센텀 다옴법무사사무소.,부산 상속 법무사 추천 — 상담 전 확인 가이드,상담 시 확인하는 내용,"부산 상속 법무사 추천 검색 시, 키워드만 보고 결정하기보다 상속등기·포기·한정승인 상담에 맞는 서류·기한·관할·비용을 먼저 확인하는 것이 안전합니다. 부산 상속 법무사 추천 검색 시, 키워드만 보고 결정하기보다 상속등기·포기·한정승인 상담에 맞는 서류·기한·관할·비용을 먼저 확인하는 것이 안전합니다. 상속등기·포기·한정승인 상담 목표와 관할(등기소·법원)을 확인합니다. 등기부·공부·계약·가족관계 등 기초 서류를 수집합니다. 필요 등기·신고 유형과 비용을 항목별로 구분합니다. 신청서·첨부서류를 작성하고 전자신청 또는 창구 접수를 진행합니다. 보정 통지가 있으면 기한 내 보완하고 완료·등기필정보를 확인합니다. 피상속인 기본증명서·가족관계증명서·혼인관계증명서 상속인별 인감증명서·인감도장(협의서 작성 시) 부동산 등기부등본·건축물대장·토지대장 상속재산분할협의서(해당 시) 채무·금융자료(포기·한정승인 검토 시) 수임료와 공과금을 구별하지 않고 총액만 비교하는 경우 관할 등기소·법원을 확인하",409,2,/부산상속재산분할법무사::부산 상속 법무사 추천 || /상속::부산 상속 법무사 추천,관련 업무 안내>/services/inheritance-registration || 상속등기 자가진단>/상속등기자가진단 || 법률 계산기>/tools || 업무 용어>/glossary || FAQ>/faq || 부산에서 법무사 찾을 때>/부산법무사 || 상황별 안내 모음>/search-guides || 법무사 선택 기준>/부산법무사추천 || 상담 준비>/부산법무사상담 || 상담 문의>/contact || 부산 상속 법무사 추천 참고 사례 자세히 보기>/services/cases/haeundae-inheritance-registration-case || 부산 상속등기 허브로 돌아가기>/부산상속등기,홈 > 관련 안내 > 부산 상속 법무사 추천,yes,WebPage+FAQ,,SERP_UNVERIFIED,inheritance-supporting,inheritance-registration,"부산상속법무사추천검색시,키워드만보고결정하기보다상속등기·포기·한정승인상담에맞는서류·기한·관할·비용을먼저확인하는것이안전합니다.부산상속법무사추천검색시"
/부산등기전문법무사,generated,"index,follow",yes,/부산등기전문법무사,등기 종류별 업무 선택｜부산 부동산·상속·법인 등기,부산 등기전문 법무사로 검색했다면 부동산·상속·법인 등기 중 무엇을 바꾸려는지부터 갈립니다. 등기부 종류별 확인 순서와 관할 등기소 점검 방법을 정리했습니다.,등기 종류별 업무 선택｜부산 부동산·상속·법인 등기,부산 등기전문 법무사로 검색했다면 부동산·상속·법인 등기 중 무엇을 바꾸려는지부터 갈립니다. 등기부 종류별 확인 순서와 관할 등기소 점검 방법을 정리했습니다.,"부동산·상속·법인, 어떤 등기부터 확인할까요?",상담 시 확인하는 내용,"부동산등기는 매매·근저당처럼 부동산 등기부를 바꾸는 일, 상속등기는 사망 이후 상속인 명의로 옮기는 일, 법인등기는 임원·상호·본점을 공시하는 일입니다. 세 가지가 한 번에 섞여 보이면, 지금 어느 등기부를 바꾸려는지부터 가릅니다. 이 페이지는 전문 자격을 평가하는 곳이 아닙니다. 부동산등기는 매매·근저당처럼 부동산 등기부를 바꾸는 일, 상속등기는 사망 이후 상속인 명의로 옮기는 일, 법인등기는 임원·상호·본점을 공시하는 일입니다. 세 가지가 한 번에 섞여 보이면, 지금 어느 등기부를 바꾸려는지부터 가릅니다. 이 페이지는 전문 자격을 평가하는 곳이 아닙니다. 등기 대상이 부동산·상속·법인 중 어디에 속하는지 분류합니다. 원인 서류와 등기부·법인등기부의 표시를 대조합니다. 관할 등기소, 세금·등록면허세, 접수 순서를 확인합니다. 해당 허브에서 세부 절차를 이어 확인합니다. 등기사항전부증명서(부동산 또는 법인) 매매·증여·상속관계·의사록 등 원인 서류 당사자 신분·인감 또는 위임 관련 ",300,0,,부산 등기업무 전체 안내>/부산등기법무사 || 부산 부동산등기>/부산부동산등기 || 부산 상속등기>/부산상속등기 || 부산 법인등기>/부산법인등기 || 부산 법무사 종합 안내>/부산법무사 || 전화·카카오톡·예약 방문 상담>/contact/inquiry || 부산 등기 종류별 업무 선택 안내 참고 사례 자세히 보기>/services/cases/centum-ownership-transfer-case || 부산 소유권이전등기>/부산소유권이전등기 || 신축건물 보존등기>/부산신축건물보존등기 || 공공기관 등기업무>/공공기관등기업무 || 소유권이전등기 필요서류>/소유권이전등기서류 || 소유권이전등기 비용>/소유권이전등기비용,홈 > 관련 안내 > 등기 종류별 업무 선택 안내,yes,WebPage+FAQ,,SERP_UNVERIFIED,other,real-estate-registration,"부동산등기는매매·근저당처럼부동산등기부를바꾸는일,상속등기는사망이후상속인명의로옮기는일,법인등기는임원·상호·본점을공시하는일입니다.세가지가한번에섞여보이"
/부산상속전문법무사,generated,"noindex,follow",no,/부산상속법무사,상속등기·포기·한정승인 첫 분기 | 다옴법무사사무소,"상속등기·상속포기·한정승인 중 무엇이 필요한지 첫 분기만 가른 뒤, 부산 상속 법무사 대표 안내로 연결합니다. 해운대·센텀 다옴법무사사무소에서 전화·카카오톡·방문(예약) 상담이 가능합니다.",상속등기·포기·한정승인 첫 분기 | 다옴법무사사무소,"상속등기·상속포기·한정승인 중 무엇이 필요한지 첫 분기만 가른 뒤, 부산 상속 법무사 대표 안내로 연결합니다. 해운대·센텀 다옴법무사사무소에서 전화·카카오톡·방문(예약) 상담이 가능합니다.",상속 절차 첫 분기 — 등기·포기·한정승인,상담 시 확인하는 내용,"상속등기부터 떠올리기 쉽지만, 실제로는 상속포기·한정승인처럼 3개월 기한이 걸린 선택이 먼저일 수 있습니다. 이 페이지는 등기·포기·한정승인 중 어디가 지금 필요한지 가른 뒤 대표 안내로 연결합니다. 상속등기부터 떠올리기 쉽지만, 실제로는 상속포기·한정승인처럼 3개월 기한이 걸린 선택이 먼저일 수 있습니다. 이 페이지는 등기·포기·한정승인 중 어디가 지금 필요한지 가른 뒤 대표 안내로 연결합니다. 사망일·상속인 범위를 확인합니다. 재산·채무를 대략 정리합니다. 상속등기·포기·한정승인 중 필요 절차를 가립니다. 부산 상속 법무사·부산 상속등기 페이지에서 세부 안내를 확인합니다. 기한에 맞춰 상담·신청 일정을 잡습니다. 피상속인 기본증명서·가족관계증명서 상속인 신분·연락처 목록 등기부등본·재산 목록(알고 있는 범위) 확인된 채무·대출·보증 자료 유언장·협의서(해당 시) 전문 표현만 보고 절차·기한 확인을 건너뛰는 경우 상속등기만 생각하고 3개월 포기·한정승인 기한을 놓치는 경우 채무 조",263,0,,부산 상속 법무사 — 절차 선택 대표 안내>/부산상속법무사 || 부산 상속등기 — 등기 실무>/부산상속등기 || 부산 한정승인>/부산한정승인 || 부산 상속포기>/부산상속포기 || 부산에서 법무사 찾는 기준>/부산법무사 || 상속등기 업무안내>/services/inheritance-registration || 상속등기 상담 전 확인사항>/부산상속등기전문 || 상속등기 자가진단>/상속등기자가진단 || 1분만에 문의하기>/contact/inquiry || 부산 상속등기·포기·한정승인 첫 분기 참고 사례 자세히 보기>/services/cases/haeundae-inheritance-registration-case || 부산 상속재산분할>/부산상속재산분할법무사 || 부산 상속등기 비용 안내>/상속등기비용,홈 > 관련 안내 > 상속등기·포기·한정승인 첫 분기,no,WebPage+FAQ,,SERP_UNVERIFIED,inheritance-supporting,inheritance-registration,"상속등기부터떠올리기쉽지만,실제로는상속포기·한정승인처럼3개월기한이걸린선택이먼저일수있습니다.이페이지는등기·포기·한정승인중어디가지금필요한지가른뒤대표안"
/부산소유권이전전문법무사,generated,"index,follow",yes,/부산소유권이전전문법무사,부산 소유권이전전문 법무사｜매매·증여·상속 원인 구분,부산 소유권이전전문 법무사 검색은 매매·증여·상속 중 이전 원인을 가르는 데서 시작합니다. 원인별로 달라지는 서류·세금 확인 포인트를 정리했습니다.,부산 소유권이전전문 법무사｜매매·증여·상속 원인 구분,부산 소유권이전전문 법무사 검색은 매매·증여·상속 중 이전 원인을 가르는 데서 시작합니다. 원인별로 달라지는 서류·세금 확인 포인트를 정리했습니다.,"부산 소유권이전전문 법무사, 매매·증여·상속 원인 가르기",상담 시 확인하는 내용,"부산 소유권이전전문 법무사로 문의하는 경우에도 소유자가 바뀐다는 결과는 같지만 그 원인이 매매인지, 증여인지, 상속인지에 따라 필요한 자료와 선행 확인이 달라집니다. 이 페이지는 결과보다 원인을 먼저 가르는 업무 선택 안내입니다. 부산 소유권이전전문 법무사로 문의하는 경우에도 소유자가 바뀐다는 결과는 같지만 그 원인이 매매인지, 증여인지, 상속인지에 따라 필요한 자료와 선행 확인이 달라집니다. 이 페이지는 결과보다 원인을 먼저 가르는 업무 선택 안내입니다. 이전 원인이 매매·증여·상속 중 무엇인지 분류합니다. 등기부·원인 서류·당사자 표시를 대조합니다. 세금·대출·말소와 접수 순서를 확인합니다. 해당 원인별 허브에서 세부 절차를 이어 확인합니다. 최신 등기부 매매계약서·증여계약서·상속관계 자료 등 원인 서류 당사자 신분·인감·위임 자료 취득세·대출·기존 권리 자료 지분·공동명의 관련 합의 자료(해당 시) 매매·증여·상속의 서류를 서로 바꾸어 준비하는 경우 공동명의 지분을 구두 약속만",274,1,/부산증여등기전문법무사::부산 소유권이전전문 법무사,부산 소유권이전등기 — 원인별 절차 대표 안내>/부산소유권이전등기 || 부산 부동산등기>/부산부동산등기 || 부산 매매등기 법무사>/부산매매등기법무사 || 부산 상속등기>/부산상속등기 || 부산 법무사 종합 안내>/부산법무사 || 전화·카카오톡·예약 방문 상담>/contact/inquiry || 부산 소유권이전전문 법무사 참고 사례 자세히 보기>/services/cases/centum-ownership-transfer-case || 신축건물 보존등기>/부산신축건물보존등기 || 공공기관 등기업무>/공공기관등기업무 || 소유권이전등기 필요서류>/소유권이전등기서류 || 소유권이전등기 비용>/소유권이전등기비용 || 해운대구 부동산등기>/해운대구부동산등기,홈 > 관련 안내 > 부산 소유권이전전문 법무사,yes,WebPage+FAQ,,SERP_UNVERIFIED,other,ownership-transfer,"부산소유권이전전문법무사로문의하는경우에도소유자가바뀐다는결과는같지만그원인이매매인지,증여인지,상속인지에따라필요한자료와선행확인이달라집니다.이페이지는결과"
/부산한정승인전문법무사,generated,"noindex,follow",no,/부산한정승인,부산 한정승인전문 법무사｜3개월 기한·재산범위 확인,부산 한정승인전문 법무사 검색은 3개월 기한과 재산범위 안의 채무 정리를 확인하는 데서 시작합니다. 재산·채무 목록을 만드는 순서를 정리했습니다.,부산 한정승인전문 법무사｜3개월 기한·재산범위 확인,부산 한정승인전문 법무사 검색은 3개월 기한과 재산범위 안의 채무 정리를 확인하는 데서 시작합니다. 재산·채무 목록을 만드는 순서를 정리했습니다.,부산 한정승인전문 법무사 — 3개월 시계와 재산목록,상담 시 확인하는 내용,"부산 한정승인전문 법무사로 문의하는 경우 핵심은 전문이라는 표현이 아니라 사망 사실과 상속 개시를 안 날을 기준으로 한 3개월 기한, 그리고 상속인·재산·채무를 빠르게 확인하는 일입니다. 상속등기를 먼저 할지 여부만으로 시간을 판단하면 중요한 기한을 놓칠 수 있습니다. 부산 한정승인전문 법무사로 문의하는 경우 핵심은 전문이라는 표현이 아니라 사망 사실과 상속 개시를 안 날을 기준으로 한 3개월 기한, 그리고 상속인·재산·채무를 빠르게 확인하는 일입니다. 상속등기를 먼저 할지 여부만으로 시간을 판단하면 중요한 기한을 놓칠 수 있습니다. 사망일과 상속인을 확인합니다. 재산·채무를 아는 범위에서 목록화합니다. 3개월 기한과 한정승인·상속포기 선택을 점검합니다. 가정법원 절차와 상속등기 필요 여부를 구분합니다. 피상속인 기본증명서·가족관계 자료 상속인 목록과 연락처 알고 있는 재산·부채·대출·보증 자료 부동산 등기부·예금·차량 등 재산 자료 사망일과 상속 개시를 안 날짜 관련 자료 3개월 ",293,0,,부산 한정승인 — 절차 대표 안내>/부산한정승인 || 부산 상속 법무사>/부산상속법무사 || 부산 상속포기>/부산상속포기 || 부산 상속등기>/부산상속등기 || 부산 법무사 종합 안내>/부산법무사 || 전화·카카오톡·예약 방문 상담>/contact/inquiry || 부산 한정승인전문 법무사 참고 사례 자세히 보기>/services/cases/haeundae-inheritance-registration-case || 부산 상속재산분할>/부산상속재산분할법무사 || 부산 상속등기 비용 안내>/상속등기비용 || 부산 상속등기 필요서류>/상속등기필요서류 || 부산 상속등기 기간·기한>/상속등기기간 || 부산가정법원 상속·가사>/부산가정법원상속,홈 > 관련 안내 > 부산 한정승인전문 법무사,no,WebPage+FAQ,,SERP_UNVERIFIED,qualified-supporting,inheritance-registration,"부산한정승인전문법무사로문의하는경우핵심은전문이라는표현이아니라사망사실과상속개시를안날을기준으로한3개월기한,그리고상속인·재산·채무를빠르게확인하는일입니다"
/부산상속포기전문법무사,generated,"noindex,follow",no,/부산상속포기,부산 상속포기전문 법무사｜채무 과다·3개월 기한,부산 상속포기전문 법무사 검색은 채무가 재산보다 많을 때 먼저 볼 순서를 확인하는 안내입니다. 3개월 기한과 다른 상속인 선택의 연결을 정리했습니다.,부산 상속포기전문 법무사｜채무 과다·3개월 기한,부산 상속포기전문 법무사 검색은 채무가 재산보다 많을 때 먼저 볼 순서를 확인하는 안내입니다. 3개월 기한과 다른 상속인 선택의 연결을 정리했습니다.,부산 상속포기전문 법무사 — 채무 과다일 때 먼저 볼 순서,상담 시 확인하는 내용,"부산 상속포기전문 법무사 검색은 채무가 재산보다 크거나, 상속받을 실익이 거의 없다고 느껴질 때 자주 나타납니다. 이 페이지는 포기라는 결정을 서두르기 전에 먼저 확인할 순서를 정리한 업무 선택 안내입니다. 부산 상속포기전문 법무사 검색은 채무가 재산보다 크거나, 상속받을 실익이 거의 없다고 느껴질 때 자주 나타납니다. 이 페이지는 포기라는 결정을 서두르기 전에 먼저 확인할 순서를 정리한 업무 선택 안내입니다. 사망일과 상속인 범위를 확인합니다. 재산·채무를 아는 범위에서 정리합니다. 3개월 기한과 포기·한정승인 선택을 점검합니다. 부산 상속포기 안내에서 가정법원 절차를 이어 확인합니다. 피상속인 기본증명서·가족관계 자료 상속인 목록과 연락처 알고 있는 채무·대출·보증 자료 재산이 거의 없음을 확인할 수 있는 자료(해당 시) 사망일과 상속 개시를 안 날짜 관련 자료 3개월 기한을 상속등기 일정과 같은 것으로 보는 경우 다른 상속인의 선택과 내 포기를 따로 확인하지 않는 경우 재산 처",273,0,,부산 상속포기 — 절차 대표 안내>/부산상속포기 || 부산 한정승인>/부산한정승인 || 부산 상속 법무사>/부산상속법무사 || 부산 법무사 종합 안내>/부산법무사 || 전화·카카오톡·예약 방문 상담>/contact/inquiry || 부산 상속포기전문 법무사 참고 사례 자세히 보기>/services/cases/haeundae-inheritance-registration-case || 상속포기 비용>/상속포기비용 || 상속포기 필요서류>/상속포기필요서류 || 부산가정법원 상속포기>/부산가정법원상속포기 || 부산 상속등기>/부산상속등기 || 채무 과다 시 개인회생>/부산개인회생 || 상속포기 업무 상세>/services/inheritance-renunciation,홈 > 관련 안내 > 부산 상속포기전문 법무사,no,WebPage+FAQ,,SERP_UNVERIFIED,renunciation-supporting,inheritance-renunciation,"부산상속포기전문법무사검색은채무가재산보다크거나,상속받을실익이거의없다고느껴질때자주나타납니다.이페이지는포기라는결정을서두르기전에먼저확인할순서를정리한업무"
/부산상속등기전문법무사,generated,"noindex,follow",no,/부산상속등기,부산 상속등기전문 법무사｜협의분할·지분 서류 정리,부산 상속등기전문 법무사 검색은 협의분할·지분·등기 서류를 정리하는 데서 시작합니다. 절차 허브 /부산상속등기전문 선택 체크리스트와의 역할도 구분했습니다.,부산 상속등기전문 법무사｜협의분할·지분 서류 정리,부산 상속등기전문 법무사 검색은 협의분할·지분·등기 서류를 정리하는 데서 시작합니다. 절차 허브 /부산상속등기전문 선택 체크리스트와의 역할도 구분했습니다.,"부산 상속등기전문 법무사, 협의분할·지분부터 정리",상담 시 확인하는 내용,"부산 상속등기전문 법무사 검색은 부동산 명의를 바꾸는 일에 초점이 맞춰진 경우가 많습니다. 이 페이지는 등기 접수보다 먼저, 협의분할 내용과 상속인 지분이 정확히 정리되었는지부터 확인하는 업무 선택 안내입니다. 부산 상속등기전문 법무사 검색은 부동산 명의를 바꾸는 일에 초점이 맞춰진 경우가 많습니다. 이 페이지는 등기 접수보다 먼저, 협의분할 내용과 상속인 지분이 정확히 정리되었는지부터 확인하는 업무 선택 안내입니다. 상속인 범위와 승인 방식(단순·포기·한정)을 확인합니다. 부동산 표시와 지분·협의 내용을 정리합니다. 필요서류와 관할 등기소·세금을 점검합니다. 부산 상속등기 안내에서 접수 순서를 이어 확인합니다. 피상속인 기본증명서·가족관계증명서 상속인 신분·인감·협의서 자료(해당 시) 부동산 등기사항전부증명서 상속재산 목록과 채무 확인 메모 유언·협의분할 관련 자료(해당 시) 채무 조사 없이 상속등기만 먼저 진행하는 경우 상속등기전문 선택 체크리스트 페이지와 역할을 혼동하는 경우 ",247,0,,부산 상속등기 — 실무 대표 안내>/부산상속등기 || 부산 상속등기전문 — 선택 체크리스트>/부산상속등기전문 || 등기·포기·한정승인 절차 선택>/부산상속법무사 || 부산 법무사 종합 안내>/부산법무사 || 전화·카카오톡·예약 방문 상담>/contact/inquiry || 부산 상속등기전문 법무사 참고 사례 자세히 보기>/services/cases/haeundae-inheritance-registration-case || 부산 상속재산분할>/부산상속재산분할법무사 || 부산 상속등기 비용 안내>/상속등기비용 || 부산 상속등기 필요서류>/상속등기필요서류 || 부산 상속등기 기간·기한>/상속등기기간 || 부산 상속포기 절차>/부산상속포기 || 부산 한정승인 안내>/부산한정승인,홈 > 관련 안내 > 부산 상속등기전문 법무사,no,WebPage+FAQ,,SERP_UNVERIFIED,inheritance-supporting,inheritance-registration,"부산상속등기전문법무사검색은부동산명의를바꾸는일에초점이맞춰진경우가많습니다.이페이지는등기접수보다먼저,협의분할내용과상속인지분이정확히정리되었는지부터확인하"
/상속등기실수모음,generated,"index,follow",yes,/상속등기실수모음,상속등기에서 많이 하는 실수｜다옴법무사사무소,상속등기에서 많이 하는 실수 검색 안내. 상속등기 실수 예방 기준의 준비서류·절차·자주 하는 실수·FAQ를 정리했습니다. 해운대·센텀 다옴법무사사무소.,상속등기에서 많이 하는 실수｜다옴법무사사무소,상속등기에서 많이 하는 실수 검색 안내. 상속등기 실수 예방 기준의 준비서류·절차·자주 하는 실수·FAQ를 정리했습니다. 해운대·센텀 다옴법무사사무소.,상속등기에서 많이 하는 실수 — 상담 전 확인 가이드,상담 시 확인하는 내용,"상속등기에서 많이 하는 실수 검색 시, 키워드만 보고 결정하기보다 상속등기 실수 예방에 맞는 서류·기한·관할·비용을 먼저 확인하는 것이 안전합니다. 상속등기에서 많이 하는 실수 검색 시, 키워드만 보고 결정하기보다 상속등기 실수 예방에 맞는 서류·기한·관할·비용을 먼저 확인하는 것이 안전합니다. 상속등기 실수 예방 목표와 관할(등기소·법원)을 확인합니다. 등기부·공부·계약·가족관계 등 기초 서류를 수집합니다. 필요 등기·신고 유형과 비용을 항목별로 구분합니다. 신청서·첨부서류를 작성하고 전자신청 또는 창구 접수를 진행합니다. 보정 통지가 있으면 기한 내 보완하고 완료·등기필정보를 확인합니다. 피상속인 기본증명서·가족관계증명서·혼인관계증명서 상속인별 인감증명서·인감도장(협의서 작성 시) 부동산 등기부등본·건축물대장·토지대장 상속재산분할협의서(해당 시) 채무·금융자료(포기·한정승인 검토 시) 수임료와 공과금을 구별하지 않고 총액만 비교하는 경우 관할 등기소·법원을 확인하지 않고 접수하는",383,0,,관련 업무 안내>/services/inheritance-registration || 상속등기 자가진단>/상속등기자가진단 || 법률 계산기>/tools || 업무 용어>/glossary || FAQ>/faq || 부산에서 법무사 찾을 때>/부산법무사 || 상황별 안내 모음>/search-guides || 법무사 선택 기준>/부산법무사추천 || 상담 준비>/부산법무사상담 || 상담 문의>/contact || 부산 상속등기에서 많이 하는 실수 참고 사례 자세히 보기>/services/cases/haeundae-inheritance-registration-case || 부산 상속등기 허브로 돌아가기>/부산상속등기,홈 > 관련 안내 > 상속등기에서 많이 하는 실수,yes,WebPage+FAQ,,SERP_UNVERIFIED,inheritance-supporting,inheritance-registration,"상속등기에서많이하는실수검색시,키워드만보고결정하기보다상속등기실수예방에맞는서류·기한·관할·비용을먼저확인하는것이안전합니다.상속등기에서많이하는실수검색시"
/상속등기체크리스트,generated,"index,follow",yes,/상속등기체크리스트,상속등기 체크리스트｜다옴법무사사무소,상속등기 체크리스트 검색 안내. 상속등기 체크리스트 기준의 준비서류·절차·자주 하는 실수·FAQ를 정리했습니다. 해운대·센텀 다옴법무사…,상속등기 체크리스트｜다옴법무사사무소,상속등기 체크리스트 검색 안내. 상속등기 체크리스트 기준의 준비서류·절차·자주 하는 실수·FAQ를 정리했습니다. 해운대·센텀 다옴법무사…,상속등기 체크리스트 — 상담 전 확인 가이드,상담 시 확인하는 내용,"상속등기 체크리스트 검색 시, 키워드만 보고 결정하기보다 상속등기 체크리스트에 맞는 서류·기한·관할·비용을 먼저 확인하는 것이 안전합니다. 상속등기 체크리스트 검색 시, 키워드만 보고 결정하기보다 상속등기 체크리스트에 맞는 서류·기한·관할·비용을 먼저 확인하는 것이 안전합니다. 상속등기 체크리스트 목표와 관할(등기소·법원)을 확인합니다. 등기부·공부·계약·가족관계 등 기초 서류를 수집합니다. 필요 등기·신고 유형과 비용을 항목별로 구분합니다. 신청서·첨부서류를 작성하고 전자신청 또는 창구 접수를 진행합니다. 보정 통지가 있으면 기한 내 보완하고 완료·등기필정보를 확인합니다. 피상속인 기본증명서·가족관계증명서·혼인관계증명서 상속인별 인감증명서·인감도장(협의서 작성 시) 부동산 등기부등본·건축물대장·토지대장 상속재산분할협의서(해당 시) 채무·금융자료(포기·한정승인 검토 시) 수임료와 공과금을 구별하지 않고 총액만 비교하는 경우 관할 등기소·법원을 확인하지 않고 접수하는 경우 기한(상속 ",362,0,,관련 업무 안내>/services/inheritance-registration || 상속등기 자가진단>/상속등기자가진단 || 법률 계산기>/tools || 업무 용어>/glossary || FAQ>/faq || 부산에서 법무사 찾을 때>/부산법무사 || 상황별 안내 모음>/search-guides || 법무사 선택 기준>/부산법무사추천 || 상담 준비>/부산법무사상담 || 상담 문의>/contact || 부산 상속등기 체크리스트 참고 사례 자세히 보기>/services/cases/haeundae-inheritance-registration-case || 부산 상속등기 허브로 돌아가기>/부산상속등기,홈 > 관련 안내 > 상속등기 체크리스트,yes,WebPage+FAQ,,SERP_UNVERIFIED,inheritance-supporting,inheritance-registration,"상속등기체크리스트검색시,키워드만보고결정하기보다상속등기체크리스트에맞는서류·기한·관할·비용을먼저확인하는것이안전합니다.상속등기체크리스트검색시,키워드만"
/왜상속등기비용이다를까,generated,"index,follow",yes,/왜상속등기비용이다를까,왜 상속등기 비용이 다를까｜다옴법무사사무소,왜 상속등기 비용이 다를까 검색 안내. 상속등기 비용 차이 기준의 준비서류·절차·자주 하는 실수·FAQ를 정리했습니다. 해운대·센텀 다옴법무사사무소.,왜 상속등기 비용이 다를까｜다옴법무사사무소,왜 상속등기 비용이 다를까 검색 안내. 상속등기 비용 차이 기준의 준비서류·절차·자주 하는 실수·FAQ를 정리했습니다. 해운대·센텀 다옴법무사사무소.,왜 상속등기 비용이 다를까 — 상담 전 확인 가이드,달라지는 이유를 본 뒤 볼 대표 안내 | 상담 시 확인하는 내용,"왜 상속등기 비용이 다를까 검색 시, 키워드만 보고 결정하기보다 상속등기 비용 차이에 맞는 서류·기한·관할·비용을 먼저 확인하는 것이 안전합니다. 왜 상속등기 비용이 다를까 검색 시, 키워드만 보고 결정하기보다 상속등기 비용 차이에 맞는 서류·기한·관할·비용을 먼저 확인하는 것이 안전합니다. 상속등기 비용 차이 목표와 관할(등기소·법원)을 확인합니다. 등기부·공부·계약·가족관계 등 기초 서류를 수집합니다. 필요 등기·신고 유형과 비용을 항목별로 구분합니다. 신청서·첨부서류를 작성하고 전자신청 또는 창구 접수를 진행합니다. 보정 통지가 있으면 기한 내 보완하고 완료·등기필정보를 확인합니다. 피상속인 기본증명서·가족관계증명서·혼인관계증명서 상속인별 인감증명서·인감도장(협의서 작성 시) 부동산 등기부등본·건축물대장·토지대장 상속재산분할협의서(해당 시) 채무·금융자료(포기·한정승인 검토 시) 수임료와 공과금을 구별하지 않고 총액만 비교하는 경우 관할 등기소·법원을 확인하지 않고 접수하는 경",434,3,/부산법무사비용::왜 상속등기 비용이 다를까 || /부산법무사보수표::왜 상속등기 비용이 다를까 || /상속등기비용::왜 금액이 달라지는지,관련 업무 안내>/services/inheritance-registration || 상속등기 자가진단>/상속등기자가진단 || 법률 계산기>/tools || 업무 용어>/glossary || FAQ>/faq || 부산에서 법무사 찾을 때>/부산법무사 || 상황별 안내 모음>/search-guides || 법무사 선택 기준>/부산법무사추천 || 상담 준비>/부산법무사상담 || 상담 문의>/contact || 부산 왜 상속등기 비용이 다를까 참고 사례 자세히 보기>/services/cases/haeundae-inheritance-registration-case || 부산 상속등기 허브로 돌아가기>/부산상속등기,홈 > 관련 안내 > 왜 상속등기 비용이 다를까,yes,WebPage+FAQ,,SERP_UNVERIFIED,inheritance-supporting,inheritance-registration,"왜상속등기비용이다를까검색시,키워드만보고결정하기보다상속등기비용차이에맞는서류·기한·관할·비용을먼저확인하는것이안전합니다.왜상속등기비용이다를까검색시,키"
/부산명의변경등기,generated,"index,follow",yes,/부산명의변경등기,부산 명의변경 등기｜실제 등기원인(매매·증여·상속) 먼저 확인,부산 명의변경 등기는 그 자체가 법적 등기원인이 아닙니다. 매매·증여·상속·재산분할·판결 등 실제 원인에 따라 서류·세금이 달라지는 기준을 정리했습니다.,부산 명의변경 등기｜실제 등기원인(매매·증여·상속) 먼저 확인,부산 명의변경 등기는 그 자체가 법적 등기원인이 아닙니다. 매매·증여·상속·재산분할·판결 등 실제 원인에 따라 서류·세금이 달라지는 기준을 정리했습니다.,"부산 명의변경 등기, 실제 등기원인부터 정확히 구분하기",상담 시 확인하는 내용,"‘명의변경’은 일상적으로 쓰는 말이지만, 등기부상으로는 그 자체가 독립된 등기원인이 아닙니다. 실제로는 매매·증여·상속·재산분할·판결 등 구체적 원인에 따라 소유권이 이전됩니다. ‘명의변경’은 일상적으로 쓰는 말이지만, 등기부상으로는 그 자체가 독립된 등기원인이 아닙니다. 실제로는 매매·증여·상속·재산분할·판결 등 구체적 원인에 따라 소유권이 이전됩니다. 먼저 실제 등기원인(매매·증여·상속·재산분할·공유물분할·판결·법인합병분할·표시변경)을 확인합니다. 원인에 맞는 필요서류와 권리관계·세금 검토 범위를 정리합니다. 소유권이전인지, 등기명의인 표시변경인지 구분해 절차를 안내합니다. 취득세·채권·인지·수수료·보수 항목을 구분해 견적을 안내하고 세금은 세무 확인을 권합니다. 해당 등기를 접수하고 완료 후 서류를 안내합니다. 실제 등기원인을 확인할 수 있는 서류(매매계약서·증여계약서·판결문 등) 현 소유자(또는 상속인) 신분증·인감증명서·등기필정보(권리증) 새 명의자 신분증·주민등록등본 관계",409,5,/부산증여등기::부산 명의변경 등기 || /부산이혼재산분할등기::부산 명의변경등기 || /부산등기명의인표시변경::명의변경등기와 구분 || /이혼재산분할등기서류준비::부산 명의변경등기 || /부동산실권리자명의등기::부산 명의변경등기,부산 소유권이전등기>/부산소유권이전등기 || 부산 증여등기>/부산증여등기 || 부산 상속등기>/부산상속등기 || 부산 이혼 재산분할 등기>/부산이혼재산분할등기 || 매매로 명의가 바뀌는 경우>/부산매매등기법무사 || 공동명의·지분 관련>/부산공동명의등기 || 부동산 등기 자가진단>/부동산등기자가진단 || 상담 문의>/contact || 부산 명의변경 등기 참고 사례 자세히 보기>/services/cases/centum-ownership-transfer-case || 부산 부동산등기 허브로 돌아가기>/부산부동산등기 || 신축건물 보존등기>/부산신축건물보존등기 || 공공기관 등기업무>/공공기관등기업무,홈 > 관련 안내 > 부산 명의변경 등기,yes,WebPage+FAQ,,SERP_UNVERIFIED,other,ownership-transfer,"‘명의변경’은일상적으로쓰는말이지만,등기부상으로는그자체가독립된등기원인이아닙니다.실제로는매매·증여·상속·재산분할·판결등구체적원인에따라소유권이이전됩니"
/부산지분이전등기,generated,"index,follow",yes,/부산지분이전등기,부산 지분이전등기｜지분 매매·증여·상속 지분 정리 안내,"부산 지분이전등기: 일부 지분 매매·증여, 공유자 연락 곤란, 상속 지분 정리 시 서류·원인·세금 확인 포인트. 전체 소유권이전과 구분해 안내합니다.",부산 지분이전등기｜지분 매매·증여·상속 지분 정리 안내,"부산 지분이전등기: 일부 지분 매매·증여, 공유자 연락 곤란, 상속 지분 정리 시 서류·원인·세금 확인 포인트. 전체 소유권이전과 구분해 안내합니다.",부산 지분이전등기 — 일부 지분 이전 전 확인할 사항,상담 시 확인하는 내용,"부산 지분이전등기는 부동산 전체 소유권이 아니라, 공유 지분의 일부 또는 전부를 다른 사람에게 넘기는 등기를 찾을 때 쓰는 검색어입니다. 부산 지분이전등기는 부동산 전체 소유권이 아니라, 공유 지분의 일부 또는 전부를 다른 사람에게 넘기는 등기를 찾을 때 쓰는 검색어입니다. 등기부 지분·권리관계와 이전 목표를 대조합니다. 원인(매매·증여·상속 등)과 이전 비율을 확정합니다. 필요서류·세금·수수료·보수 항목을 구분해 안내합니다. 신청·위임·첨부서류를 점검한 뒤 접수합니다. 보정·완료 후 등기부 반영·정산을 확인합니다. 매매·증여·상속 협의 등 원인서류 이전 대상 지분·비율을 확인할 등기부 신분증·인감(또는 본인서명사실확인) 가족관계·상속 관련 서류(해당 시) 취득세·증여세 관련 자료(해당 시) 대출·근저당 관련 서류(해당 시) 전체 소유권이전 서류로 지분 이전을 진행하려 하는 경우 지분 비율·대금을 모호하게 남겨 보정이 나는 경우 증여인데 매매로만 준비하거나 그 반대인 경우 공유자·상",365,4,/부산공동명의지분증여등기::부산 지분이전등기 || /부산공동명의등기::부산 지분이전등기 || /부산상속후매매등기::상속 지분이전 || /공유물분할등기서류준비::부산 지분이전등기,부산 공동명의등기>/부산공동명의등기 || 부산 증여등기>/부산증여등기 || 부산 소유권이전등기>/부산소유권이전등기 || 등기 실무 허브>/등기실무 || 부동산 서류 체크>/tools/real-estate-documents-check || 상담 문의>/contact || 부산 지분이전 등기 참고 사례 자세히 보기>/services/cases/centum-ownership-transfer-case || 부산 부동산등기 허브로 돌아가기>/부산부동산등기 || 신축건물 보존등기>/부산신축건물보존등기 || 공공기관 등기업무>/공공기관등기업무 || 소유권이전등기 필요서류>/소유권이전등기서류 || 소유권이전등기 비용>/소유권이전등기비용,홈 > 관련 안내 > 부산 지분이전 등기,yes,WebPage+FAQ,,SERP_UNVERIFIED,other,ownership-transfer,"부산지분이전등기는부동산전체소유권이아니라,공유지분의일부또는전부를다른사람에게넘기는등기를찾을때쓰는검색어입니다.부산지분이전등기는부동산전체소유권이아니라,"
/부산상속후매매등기,generated,"index,follow",yes,/부산상속후매매등기,부산 상속 후 매매등기｜상속등기와 매매 소유권이전 순서,"부산 상속 후 매매등기: 상속받은 집을 바로 매도할 때 상속등기, 협의분할, 매매 소유권이전 순서와 서류를 안내합니다. 해운대·센텀 다옴법무사사무소에서 전화·카카오톡·방문(예약) 상담이 가능합니다.",부산 상속 후 매매등기｜상속등기와 매매 소유권이전 순서,"부산 상속 후 매매등기: 상속받은 집을 바로 매도할 때 상속등기, 협의분할, 매매 소유권이전 순서와 서류를 안내합니다. 해운대·센텀 다옴법무사사무소에서 전화·카카오톡·방문(예약) 상담이 가능합니다.",부산 상속받은 부동산을 매매할 때 등기 순서 확인하기,상담 시 확인하는 내용,부산 상속 후 매매등기는 상속등기 후 매매 소유권이전을(를) 찾는 분이 상담 전 절차와 서류를 확인하기 위한 안내입니다. 부산 상속 후 매매등기는 상속등기 후 매매 소유권이전을(를) 찾는 분이 상담 전 절차와 서류를 확인하기 위한 안내입니다. 상속인과 상속 지분·협의분할 여부를 확인합니다. 상속등기 선행 필요 여부와 매매 일정의 연결을 점검합니다. 매수인·중개사와 잔금 전 준비서류를 확인합니다. 상속등기 접수와 매매 소유권이전 접수 순서를 조율합니다. 완료 후 등기부와 정산 자료를 확인합니다. 피상속인 기본증명서·가족관계 자료 상속인 신분증·인감 관련 서류 상속재산분할협의서(해당 시) 등기사항전부증명서 매매계약서와 잔금 일정 취득세·세무 신고 관련 자료 상속등기 없이 바로 매수인에게 이전할 수 있다고 단정하는 경우 상속인 중 일부의 인감·동의를 늦게 받는 경우 협의분할과 매매계약의 당사자 표시를 혼동하는 경우 세금 신고·납부 일정을 등기 일정과 따로 보는 경우 상속 지분·근저당·임대,310,4,/부산상속법무사::상속 후 바로 매도하는 경우 || /부산상속법무사::상속 후 매매등기 순서 || /상속등기후매매서류준비::부산 상속 후 매매등기 || /상속::상속 후 바로 매도하는 경우,부산 상속등기>/부산상속등기 || 부산 매매등기 법무사>/부산매매등기법무사 || 상속 지분이전>/부산지분이전등기 || 상속등기 후 매매 서류 준비>/상속등기후매매서류준비 || 비용·수임료 안내>/부산법무사비용 || 등기 실무 허브>/등기실무 || 부동산 서류 체크>/tools/real-estate-documents-check || 상담 문의>/contact || 부산 상속 후 매매등기 참고 사례 자세히 보기>/services/cases/haeundae-inheritance-registration-case || 부산 부동산등기 허브로 돌아가기>/부산부동산등기 || 부산 소유권이전등기>/부산소유권이전등기 || 신축건물 보존등기>/부산신축건물보존등기,홈 > 관련 안내 > 부산 상속 후 매매등기,yes,WebPage+FAQ,,SERP_UNVERIFIED,inheritance-supporting,ownership-transfer,부산상속후매매등기는상속등기후매매소유권이전을(를)찾는분이상담전절차와서류를확인하기위한안내입니다.부산상속후매매등기는상속등기후매매소유권이전을(를)찾는분
/사망신고와상속등기차이,generated,"index,follow",yes,/사망신고와상속등기차이,사망신고 후 상속등기는 자동으로 될까｜부동산 명의를 정리하는 방법,"사망신고는 행정기관 절차이고 상속등기는 부동산 명의이전 절차입니다. 누가 무엇을 처리하는지, 상속포기·한정승인과 어떻게 연결되는지 구분…",사망신고 후 상속등기는 자동으로 될까｜부동산 명의를 정리하는 방법,"사망신고는 행정기관 절차이고 상속등기는 부동산 명의이전 절차입니다. 누가 무엇을 처리하는지, 상속포기·한정승인과 어떻게 연결되는지 구분…","사망신고와 상속등기, 무엇이 다른가요",상담 시 확인하는 내용,"사망신고를 마치면 주민등록·가족관계등록이 정리되지만, 부동산 등기부 명의는 자동으로 바뀌지 않습니다. 이 페이지는 행정기관에서 하는 일과 법무사가 수행하는 상속등기·법원 제출서류를 구분해 안내합니다. 사망신고를 마치면 주민등록·가족관계등록이 정리되지만, 부동산 등기부 명의는 자동으로 바뀌지 않습니다. 이 페이지는 행정기관에서 하는 일과 법무사가 수행하는 상속등기·법원 제출서류를 구분해 안내합니다. 행정기관에서 사망신고·가족관계 정리를 확인합니다. 부동산·금융 등 재산 확인으로 이어집니다. 필요 시 상속포기·한정승인을 검토합니다. 상속등기 또는 재산별 정리로 진행합니다. 사망신고 관련 서류(행정기관 안내에 따름) 가족관계증명서·기본증명서 부동산 등기사항증명서 상속인 구성 메모 사망신고만으로 등기가 끝난다고 오해하는 경우 행정 기한과 상속 3개월 기한을 혼동하는 경우 상담 시 확인하는 내용 사망신고와 상속등기의 차이 사건은 서류·관할·기한에 따라 진행 순서가 달라집니다. 다옴법무사사무소",189,2,/부모님사망후해야할일::사망신고와 상속등기의 차이 || /상속::사망신고와 상속등기의 차이,상속 종합 안내>/상속 || 부산 상속 업무 종합안내>/부산상속법무사 || 부모님 사망 후 해야 할 일>/부모님사망후해야할일 || 부산 상속등기>/부산상속등기 || 부산 상속포기>/부산상속포기 || 부산 한정승인>/부산한정승인 || 오래된 상속토지 정리>/오래된상속토지정리 || 상속 절차 먼저 확인하기>/contact/inquiry?field=inheritance-registration || 부산 사망신고와 상속등기의 차이 참고 사례 자세히 보기>/services/cases/haeundae-inheritance-registration-case || 부산 상속재산분할>/부산상속재산분할법무사 || 부산 상속등기 비용 안내>/상속등기비용 || 부산 상속등기 필요서류>/상속등기필요서류,홈 > 관련 안내 > 사망신고와 상속등기의 차이,yes,WebPage+FAQ,,SERP_UNVERIFIED,inheritance-supporting,inheritance-registration,"사망신고를마치면주민등록·가족관계등록이정리되지만,부동산등기부명의는자동으로바뀌지않습니다.이페이지는행정기관에서하는일과법무사가수행하는상속등기·법원제출서"
/안심상속원스톱서비스이후,generated,"index,follow",yes,/안심상속원스톱서비스이후,안심상속 원스톱서비스 신청 후｜결과를 받기 전에 해야 할 일,"안심상속 원스톱서비스 신청 후 결과를 기다리는 동안 확인할 기한, 누락될 수 있는 재산·채무, 상속포기·한정승인·등기와의 연결을 안내합…",안심상속 원스톱서비스 신청 후｜결과를 받기 전에 해야 할 일,"안심상속 원스톱서비스 신청 후 결과를 기다리는 동안 확인할 기한, 누락될 수 있는 재산·채무, 상속포기·한정승인·등기와의 연결을 안내합…","안심상속 원스톱서비스 신청 후, 결과 전에 확인할 일",상담 시 확인하는 내용,안심상속 원스톱서비스는 사망 후 금융·국세 등 일부 정보를 한곳에서 신청하는 데 도움이 됩니다. 다만 모든 재산과 채무를 완벽하게 확인해준다고 단정할 수 없습니다. 안심상속 원스톱서비스는 사망 후 금융·국세 등 일부 정보를 한곳에서 신청하는 데 도움이 됩니다. 다만 모든 재산과 채무를 완벽하게 확인해준다고 단정할 수 없습니다. 신청 상태와 예상 수령 시점을 확인합니다. 기한(포기·한정승인 검토)을 메모합니다. 알고 있는 재산을 별도 목록으로 만듭니다. 결과 도착 후 누락 가능 항목을 점검합니다. 승인·포기·한정승인·등기 방향을 정합니다. 안심상속 신청·결과 자료(있으면) 사망일·상속인 명단 알고 있는 부동산·차량·채무 메모 결과만 기다리고 기한을 놓치는 경우 결과에 없다고 채무가 없다고 단정하는 경우 상담 시 확인하는 내용 안심상속 원스톱서비스 이후 사건은 서류·관할·기한에 따라 진행 순서가 달라집니다. 다옴법무사사무소는 부산 해운대구·센텀에서 상속등기·부동산등기·법인등기·개인회생·,200,3,/장례후재산채무정리::안심상속 신청 후 할 일 || /사망자재산채무조회::안심상속 이후 할 일 || /상속::안심상속 신청 후 할 일,상속 종합 안내>/상속 || 부산 상속 업무 종합안내>/부산상속법무사 || 장례 후 재산·채무 정리>/장례후재산채무정리 || 사망자 재산·채무 조회>/사망자재산채무조회 || 빚이 있을 때 상속방법>/부모빚상속방법 || 부산 한정승인>/부산한정승인 || 상속 절차 먼저 확인하기>/contact/inquiry?field=inheritance-registration || 부산 안심상속 원스톱서비스 이후 참고 사례 자세히 보기>/services/cases/haeundae-inheritance-registration-case || 한정승인 비용>/한정승인비용 || 한정승인 기한>/한정승인기간 || 부산 상속포기>/부산상속포기 || 부산 상속등기>/부산상속등기,홈 > 관련 안내 > 안심상속 원스톱서비스 이후,yes,WebPage+FAQ,,SERP_UNVERIFIED,inheritance-supporting,qualified-acceptance,안심상속원스톱서비스는사망후금융·국세등일부정보를한곳에서신청하는데도움이됩니다.다만모든재산과채무를완벽하게확인해준다고단정할수없습니다.안심상속원스톱서비스
/부모빚상속방법,generated,"index,follow",yes,/부모빚상속방법,부모님 빚을 뒤늦게 알았다면｜상속포기와 한정승인 전 확인사항,"재산보다 빚이 많거나 채무가 불명확할 때 상속포기·한정승인을 검토하는 기준과 기한, 상담 전 확인할 자료를 안내합니다. 해운대·센텀 다옴법무사사무소에서 전화·카카오톡·방문(예약) 상담이 가능합니다.",부모님 빚을 뒤늦게 알았다면｜상속포기와 한정승인 전 확인사항,"재산보다 빚이 많거나 채무가 불명확할 때 상속포기·한정승인을 검토하는 기준과 기한, 상담 전 확인할 자료를 안내합니다. 해운대·센텀 다옴법무사사무소에서 전화·카카오톡·방문(예약) 상담이 가능합니다.","부모 빚이 있을 때, 상속·포기·한정승인 중 무엇부터",상담 시 확인하는 내용,"재산보다 채무가 많아 보이거나 빚을 뒤늦게 알게 되면 단순승인으로 등기만 진행하기 어렵습니다. 이 페이지는 ‘포기와 한정의 차이’만 반복하지 않고, 채무 불명확·일부 사용·후순위 효과처럼 선택에 영향을 주는 지점을 중심으로 안내합니다. 재산보다 채무가 많아 보이거나 빚을 뒤늦게 알게 되면 단순승인으로 등기만 진행하기 어렵습니다. 이 페이지는 ‘포기와 한정의 차이’만 반복하지 않고, 채무 불명확·일부 사용·후순위 효과처럼 선택에 영향을 주는 지점을 중심으로 안내합니다. 사망일·기한을 확인합니다. 재산·채무 윤곽을 정리합니다. 포기·한정·단순승인 중 검토 대상을 정합니다. 후순위·가족 조합을 확인합니다. 가정법원 신고 또는 등기로 연결합니다. 사망일·인지일 확인된 채무·보증 자료 확인된 재산 목록 상속인 명단·관계 상속재산 사용·처분 여부 메모 등기만 먼저 하고 채무를 나중에 보는 경우 자녀만 포기하면 끝이라고 오해하는 경우 상담 시 확인하는 내용 부모 빚이 있는 경우 상속방법 사건은 ",215,16,/부산한정승인::빚이 있을 때 상속방법 || /장례후재산채무정리::빚이 있는 경우 상속방법 || /안심상속원스톱서비스이후::빚이 있을 때 상속방법 || /사망자재산채무조회::부모 빚이 있을 때 || /연락두절상속인::빚이 있을 때 상속방법 || /고인계좌장례비사용::빚이 있을 때 상속방법 || /사망후3개월지난상속::빚이 있을 때 상속방법 || /방문없이준비하는상속포기한정승인::부모 빚이 있는 경우 상속방법 || /특별한정승인::부모 빚 상속방법 || /상속포기후다음순위확인::부모 빚 상속방법 || /부산상속재산관리인::빚이 있을 때 상속방법 || /상속::빚이 있을 때 상속방법,상속 종합 안내>/상속 || 부산 상속 업무 종합안내>/부산상속법무사 || 부산 상속포기>/부산상속포기 || 부산 한정승인>/부산한정승인 || 사망 후 3개월이 지난 경우>/사망후3개월지난상속 || 고인 계좌에서 장례비를 쓴 경우>/고인계좌장례비사용 || 상황별 포기·한정 선택>/situations/상속포기-한정승인-선택 || 상속 절차 먼저 확인하기>/contact/inquiry?field=inheritance-registration || 부산 부모 빚이 있는 경우 상속방법 참고 사례 자세히 보기>/services/cases/dongnae-qualified-acceptance-consultation || 한정승인 비용>/한정승인비용 || 한정승인 기한>/한정승인기간 || 부산 상속등기>/부산상속등기,홈 > 관련 안내 > 부모 빚이 있는 경우 상속방법,yes,WebPage+FAQ,,SERP_UNVERIFIED,inheritance-supporting,qualified-acceptance,"재산보다채무가많아보이거나빚을뒤늦게알게되면단순승인으로등기만진행하기어렵습니다.이페이지는‘포기와한정의차이’만반복하지않고,채무불명확·일부사용·후순위효과"
/방문없이준비하는상속등기,generated,"index,follow",yes,/방문없이준비하는상속등기,법무사 사무소에 방문하기 어렵다면｜상속등기를 서류로 준비하는 순서,전화·카카오톡으로 상속등기 절차와 서류를 먼저 확인하는 방법을 안내합니다. 공동상속인 분산·타지역 부동산·해외 상속인·포기·한정은 각각 전용 안내로 연결합니다.,법무사 사무소에 방문하기 어렵다면｜상속등기를 서류로 준비하는 순서,전화·카카오톡으로 상속등기 절차와 서류를 먼저 확인하는 방법을 안내합니다. 공동상속인 분산·타지역 부동산·해외 상속인·포기·한정은 각각 전용 안내로 연결합니다.,방문 없이 상속등기를 준비할 때 확인하는 순서,상담 시 확인하는 내용,해운대·센텀 사무소에 직접 오기 어려워도 사망일·상속인 구성·부동산 주소를 알려주시면 상속등기에 필요한 업무와 준비자료를 먼저 확인할 수 있습니다. 이 페이지는 상속등기 원격 준비의 공통 순서를 담당합니다. 해운대·센텀 사무소에 직접 오기 어려워도 사망일·상속인 구성·부동산 주소를 알려주시면 상속등기에 필요한 업무와 준비자료를 먼저 확인할 수 있습니다. 이 페이지는 상속등기 원격 준비의 공통 순서를 담당합니다. 사망일·상속인·부동산을 확인합니다. 방문 필요 여부를 안내합니다. 서류 전달 방식을 정합니다. 비용 구성을 구분해 안내합니다. 신청·완료 결과를 안내합니다. 사망일·상속인 구성 부동산 소재지·등기사항증명서 가족관계서류(사진·파일 가능 여부 확인) 위임·인감·서명 관련 가능 여부 무조건 비대면이 된다고 단정하는 경우 상황별 쟁점(해외·분산·포기)을 한 페이지에서 끝내려는 경우 상담 시 확인하는 내용 방문 없이 준비하는 상속등기 사건은 서류·관할·기한에 따라 진행 순서가 달라집니,205,10,/상속상담전준비서류와비용::방문 없이 준비하는 상속등기 || /해외거주상속인::방문 없이 준비하는 상속등기 || /경상도비대면상속등기::방문 없이 준비하는 상속등기 || /방문없이준비하는법무사업무::방문 없이 준비하는 상속등기 || /상속인이여러지역에있는경우::방문 없이 준비하는 상속등기 || /부동산과거주지가다른상속등기::방문 없이 준비하는 상속등기 || /방문없이준비하는상속포기한정승인::방문 없이 준비하는 상속등기 || /사진전자파일우편으로서류전달::방문 없이 준비하는 상속등기 || /상속등기후매매서류준비::방문 없이 준비하는 상속등기 || /상속::방문 없이 준비하는 상속등기,방문 없이 준비하는 법무사 업무>/방문없이준비하는법무사업무 || 상속 종합 안내>/상속 || 부산 상속 업무 종합안내>/부산상속법무사 || 전국 상속등기>/전국상속등기 || 상속인이 여러 지역에 있는 경우>/상속인이여러지역에있는경우 || 부동산과 거주지가 다른 상속등기>/부동산과거주지가다른상속등기 || 여러 지역 상속부동산>/여러지역상속부동산등기 || 해외 거주 상속인>/해외거주상속인 || 상속포기·한정승인 방문 전 준비>/방문없이준비하는상속포기한정승인 || 사진·파일·우편 서류 전달>/사진전자파일우편으로서류전달 || 상담 전 서류·비용>/상속상담전준비서류와비용 || 상속 절차 먼저 확인하기>/contact/inquiry?field=inheritance-registration,홈 > 관련 안내 > 방문 없이 준비하는 상속등기,yes,WebPage+FAQ,,SERP_UNVERIFIED,inheritance-supporting,inheritance-registration,해운대·센텀사무소에직접오기어려워도사망일·상속인구성·부동산주소를알려주시면상속등기에필요한업무와준비자료를먼저확인할수있습니다.이페이지는상속등기원격준비의
/상속상담전준비서류와비용,generated,"index,follow",yes,/상속상담전준비서류와비용,부산 상속 법무사 상담 전｜사망일·가족관계·재산자료를 준비하는 방법,상속 상담 전 준비하면 좋은 자료와 비용 구성(보수·세금·공과금)을 안내합니다. 업무명을 몰라도 사망일·가족관계부터 문의할 수 있습니다. 해운대·센텀 다옴법무사사무소에서 전화·카카오톡·방문(예약) 상담이 가능합니다.,부산 상속 법무사 상담 전｜사망일·가족관계·재산자료를 준비하는 방법,상속 상담 전 준비하면 좋은 자료와 비용 구성(보수·세금·공과금)을 안내합니다. 업무명을 몰라도 사망일·가족관계부터 문의할 수 있습니다. 해운대·센텀 다옴법무사사무소에서 전화·카카오톡·방문(예약) 상담이 가능합니다.,"상속 상담 전, 사망일과 가족관계부터 준비하기",상담 시 확인하는 내용,"정확한 업무명(상속등기·포기·한정승인)을 몰라도 사망일, 가족관계, 확인된 재산·채무만 있으면 1차 안내가 가능합니다. 이 페이지는 상담 전 준비와 비용 확인에 필요한 정보를 모았습니다. 정확한 업무명(상속등기·포기·한정승인)을 몰라도 사망일, 가족관계, 확인된 재산·채무만 있으면 1차 안내가 가능합니다. 이 페이지는 상담 전 준비와 비용 확인에 필요한 정보를 모았습니다. 상황·희망 업무를 남깁니다. 준비서류와 비용 구성을 안내받습니다. 진행 여부를 결정합니다. 위임·서류 전달·신청으로 이어갑니다. 사망일·최후 주소지 상속인 수·관계 부동산 종류·소재지 채무·포기·한정 필요 여부 준비된 서류 목록 보수와 세금을 한 금액으로만 비교하는 경우 서류 없이 확정 견적만 요구하는 경우 상담 시 확인하는 내용 상속 상담 전 준비서류와 비용 사건은 서류·관할·기한에 따라 진행 순서가 달라집니다. 다옴법무사사무소는 부산 해운대구·센텀에서 상속등기·부동산등기·법인등기·개인회생·파산 등을 다루며, 의",201,5,/방문없이준비하는상속등기::상담 전 서류·비용 || /법무사비용먼저확인하는방법::상속 상담 전 준비서류와 비용 || /상속취득세와등기순서::상속 상담 전 서류·비용 || /상속::상담 전 서류·비용 || /상속::상담 전 준비서류와 비용,상속 종합 안내>/상속 || 부산 상속 업무 종합안내>/부산상속법무사 || 상속등기 비용>/상속등기비용 || 상속등기 필요서류>/상속등기필요서류 || 법무사 비용 먼저 확인>/법무사비용먼저확인하는방법 || 부산 법무사 상담 전 안내>/부산법무사상담 || 방문 없이 준비하는 상속등기>/방문없이준비하는상속등기 || 준비서류와 비용 문의하기>/contact/inquiry?field=inheritance-registration&cost=1&intent=상속 비용 구성 확인 || 부산 상속 상담 전 준비서류와 비용 참고 사례 자세히 보기>/services/cases/haeundae-inheritance-registration-case || 부산 상속등기 허브로 돌아가기>/부산상속등기 || 부산 상속재산분할>/부산상속재산분할법무사 || 부산 상속등기 기간·기한>/상속등기기간,홈 > 관련 안내 > 상속 상담 전 준비서류와 비용,yes,WebPage+FAQ,,SERP_UNVERIFIED,inheritance-supporting,inheritance-registration,"정확한업무명(상속등기·포기·한정승인)을몰라도사망일,가족관계,확인된재산·채무만있으면1차안내가가능합니다.이페이지는상담전준비와비용확인에필요한정보를모았"
/오래된상속토지정리,generated,"index,follow",yes,/오래된상속토지정리,할아버지 명의 토지가 남아 있다면｜여러 세대가 지난 상속등기 절차,오래전 사망한 조상 명의 토지·주택을 정리할 때 제적등본·상속인 확인·연속상속 순서를 안내합니다. 등기권리증이 없어도 확인 순서부터 살펴볼 수 있습니다.,할아버지 명의 토지가 남아 있다면｜여러 세대가 지난 상속등기 절차,오래전 사망한 조상 명의 토지·주택을 정리할 때 제적등본·상속인 확인·연속상속 순서를 안내합니다. 등기권리증이 없어도 확인 순서부터 살펴볼 수 있습니다.,"오래된 상속토지, 여러 세대가 지났을 때 확인 순서",상담 시 확인하는 내용,"등기부에 할아버지·증조부 명의가 남아 있으면 한 번의 이전으로 끝나지 않는 경우가 많습니다. 중간 세대의 사망·상속인 범위를 순서대로 확인해야 하며, 제적등본이 필요한 오래된 사건이 많습니다. 등기부에 할아버지·증조부 명의가 남아 있으면 한 번의 이전으로 끝나지 않는 경우가 많습니다. 중간 세대의 사망·상속인 범위를 순서대로 확인해야 하며, 제적등본이 필요한 오래된 사건이 많습니다. 등기부 명의·지번을 확인합니다. 사망 세대와 상속인 범위를 정리합니다. 제적·가족관계 서류를 맞춥니다. 연속 상속·협의 필요 여부를 확인합니다. 등기 신청 순서를 정합니다. 등기사항증명서 제적등본·가족관계증명서 중간 세대 사망·상속인 확인 자료 토지 소재지·지번 현재 세대만 보고 중간 상속을 건너뛰는 경우 제적 없이 등기만 신청하려는 경우 상담 시 확인하는 내용 오래된 상속토지 정리 사건은 서류·관할·기한에 따라 진행 순서가 달라집니다. 다옴법무사사무소는 부산 해운대구·센텀에서 상속등기·부동산등기·법인등",202,7,/부산상속법무사::오래된 상속토지 정리 || /부산등기권리증분실::오래된 상속토지 정리 || /사망신고와상속등기차이::오래된 상속토지 정리 || /방문없이준비하는법무사업무::오래된 상속토지·여러 세대 상속 || /등기권리증없이소유권이전::오래된 상속토지 정리 || /상속::오래된 상속토지 정리 || /여러지역상속부동산등기::오래된·여러 세대 상속토지,상속 종합 안내>/상속 || 부산 상속 업무 종합안내>/부산상속법무사 || 부산 상속등기>/부산상속등기 || 방문 없이 준비하는 법무사 업무>/방문없이준비하는법무사업무 || 상속인이 여러 지역에 있는 경우>/상속인이여러지역에있는경우 || 여러 지역 상속부동산>/여러지역상속부동산등기 || 연락두절 상속인>/연락두절상속인 || 해외 거주 상속인>/해외거주상속인 || 권리증 없이 매도·이전(확인서면)>/등기권리증없이소유권이전 || 사망 후 해야 할 일>/부모님사망후해야할일 || 경남 오래된 상속등기 사례>/업무사례/경남오래된상속등기 || 상속 절차 먼저 확인하기>/contact/inquiry?field=inheritance-registration,홈 > 관련 안내 > 오래된 상속토지 정리,yes,WebPage+FAQ,,SERP_UNVERIFIED,inheritance-supporting,inheritance-registration,"등기부에할아버지·증조부명의가남아있으면한번의이전으로끝나지않는경우가많습니다.중간세대의사망·상속인범위를순서대로확인해야하며,제적등본이필요한오래된사건이많"
/연락두절상속인,generated,"index,follow",yes,/연락두절상속인,연락되지 않는 상속인이 있다면｜상속등기·포기를 진행하기 전 확인사항,상속인 중 연락이 닿지 않을 때 협의·서류·다음 절차를 어떻게 보는지 안내합니다. 공유자 연락두절 멸실등기와는 다른 상속인 문제에 초점을 둡니다.,연락되지 않는 상속인이 있다면｜상속등기·포기를 진행하기 전 확인사항,상속인 중 연락이 닿지 않을 때 협의·서류·다음 절차를 어떻게 보는지 안내합니다. 공유자 연락두절 멸실등기와는 다른 상속인 문제에 초점을 둡니다.,연락두절 상속인이 있을 때 먼저 확인할 사항,상담 시 확인하는 내용,"형제·친척 중 연락이 끊긴 사람이 있으면 협의분할·공동신청이 막히는 경우가 있습니다. 이 페이지는 상속인 연락두절에 초점을 두며, 건물 공유자 연락두절 멸실등기와는 별개입니다. 형제·친척 중 연락이 끊긴 사람이 있으면 협의분할·공동신청이 막히는 경우가 있습니다. 이 페이지는 상속인 연락두절에 초점을 두며, 건물 공유자 연락두절 멸실등기와는 별개입니다. 상속인 범위를 확정합니다. 연락 가능 여부를 정리합니다. 협의·추가 절차 필요성을 안내합니다. 등기·포기·한정 방향을 맞춥니다. 가족관계·상속인 명단 연락 시도 기록(있으면) 부동산·채무 현황 다른 상속인 서류 상속인 확인 없이 일부만으로 등기하려는 경우 연락두절을 공유자 멸실등기와 혼동하는 경우 상담 시 확인하는 내용 연락두절 상속인이 있는 경우 사건은 서류·관할·기한에 따라 진행 순서가 달라집니다. 다옴법무사사무소는 부산 해운대구·센텀에서 상속등기·부동산등기·법인등기·개인회생·파산 등을 다루며, 의뢰인 상황에 맞춰 절차와 비용을 알",198,7,/부산상속법무사::연락두절 상속인 || /오래된상속토지정리::연락두절 상속인 || /상속인이여러지역에있는경우::연락두절 상속인 || /공유물분할등기서류준비::연락두절 상속인 || /부산부재자재산관리인::연락두절 상속인 || /부산상속재산관리인::연락두절 상속인 || /상속::연락두절 상속인,상속 종합 안내>/상속 || 부산 상속 업무 종합안내>/부산상속법무사 || 부산 상속등기>/부산상속등기 || 상속재산분할>/부산상속재산분할법무사 || 해외 거주 상속인>/해외거주상속인 || 빚이 있을 때 상속방법>/부모빚상속방법 || 상속 절차 먼저 확인하기>/contact/inquiry?field=inheritance-registration || 부산 연락두절 상속인이 있는 경우 참고 사례 자세히 보기>/services/cases/haeundae-inheritance-registration-case || 부산 상속등기 비용 안내>/상속등기비용 || 부산 상속등기 필요서류>/상속등기필요서류 || 부산 상속등기 기간·기한>/상속등기기간 || 부산 상속포기 절차>/부산상속포기,홈 > 관련 안내 > 연락두절 상속인이 있는 경우,yes,WebPage+FAQ,,SERP_UNVERIFIED,inheritance-supporting,inheritance-registration,"형제·친척중연락이끊긴사람이있으면협의분할·공동신청이막히는경우가있습니다.이페이지는상속인연락두절에초점을두며,건물공유자연락두절멸실등기와는별개입니다.형제"
/미성년상속인,generated,"index,follow",yes,/미성년상속인,미성년 상속인이 있는 상속｜법정대리와 준비서류를 확인하세요,미성년 자녀·손자녀가 상속인일 때 법정대리·서류·이해상반 여부를 확인하는 순서를 안내합니다. 세무·후견은 별도 검토가 필요할 수 있습니…,미성년 상속인이 있는 상속｜법정대리와 준비서류를 확인하세요,미성년 자녀·손자녀가 상속인일 때 법정대리·서류·이해상반 여부를 확인하는 순서를 안내합니다. 세무·후견은 별도 검토가 필요할 수 있습니…,미성년 상속인이 있을 때 확인하는 서류와 절차,상담 시 확인하는 내용,"상속인 중 미성년이 있으면 법정대리인 동의·서류가 추가로 필요합니다. 부모 일방이 상속인이자 대리인인 경우 이해상반이 문제될 수 있어, 단순 서류 목록만으로 단정하지 않습니다. 상속인 중 미성년이 있으면 법정대리인 동의·서류가 추가로 필요합니다. 부모 일방이 상속인이자 대리인인 경우 이해상반이 문제될 수 있어, 단순 서류 목록만으로 단정하지 않습니다. 미성년 상속인·대리 관계를 확인합니다. 이해상반 가능성을 점검합니다. 업무별 서류를 안내합니다. 신청·등기로 진행합니다. 가족관계증명서(미성년 포함) 법정대리인 확인 서류 부동산·채무 현황 희망 업무(등기·포기·한정) 성년과 동일한 서류만 준비하는 경우 이해상반을 확인하지 않는 경우 상담 시 확인하는 내용 미성년 상속인이 있는 경우 사건은 서류·관할·기한에 따라 진행 순서가 달라집니다. 다옴법무사사무소는 부산 해운대구·센텀에서 상속등기·부동산등기·법인등기·개인회생·파산 등을 다루며, 의뢰인 상황에 맞춰 절차와 비용을 알기 쉽게 설명합니",192,7,/부산상속법무사::미성년 상속인 || /재혼가정상속::미성년 상속인 || /대습상속등기::미성년 상속인 || /상속포기후다음순위확인::미성년 상속인 || /부산개명허가::미성년 상속인 || /상속::미성년 상속인 || /가족후견::미성년 상속인·특별대리,상속 종합 안내>/상속 || 부산 상속 업무 종합안내>/부산상속법무사 || 미성년 상속인 안내(블로그)>/blog/minor-heir-inheritance-guide || 부산 상속등기>/부산상속등기 || 부산 상속포기>/부산상속포기 || 재혼가정 상속>/재혼가정상속 || 상속 절차 먼저 확인하기>/contact/inquiry?field=inheritance-registration || 부산 미성년 상속인이 있는 경우 참고 사례 자세히 보기>/services/cases/haeundae-inheritance-registration-case || 부산 상속재산분할>/부산상속재산분할법무사 || 부산 상속등기 비용 안내>/상속등기비용 || 부산 상속등기 필요서류>/상속등기필요서류 || 부산 상속등기 기간·기한>/상속등기기간,홈 > 관련 안내 > 미성년 상속인이 있는 경우,yes,WebPage+FAQ,,SERP_UNVERIFIED,inheritance-supporting,inheritance-registration,"상속인중미성년이있으면법정대리인동의·서류가추가로필요합니다.부모일방이상속인이자대리인인경우이해상반이문제될수있어,단순서류목록만으로단정하지않습니다.상속인"
/재혼가정상속,generated,"index,follow",yes,/재혼가정상속,재혼한 부모님의 상속관계｜전혼 자녀와 현재 배우자를 함께 확인할 때,재혼·전혼 자녀·현재 배우자가 있는 상속에서 상속인 범위와 서류·등기 연결을 안내합니다. 단순 상속순위 설명이 아니라 실무 확인 포인트를 정리합니다.,재혼한 부모님의 상속관계｜전혼 자녀와 현재 배우자를 함께 확인할 때,재혼·전혼 자녀·현재 배우자가 있는 상속에서 상속인 범위와 서류·등기 연결을 안내합니다. 단순 상속순위 설명이 아니라 실무 확인 포인트를 정리합니다.,"재혼가정 상속, 전혼 자녀와 현재 배우자를 함께 볼 때",상담 시 확인하는 내용,"재혼 가정에서는 현재 배우자와 전혼 자녀, 재혼 후 자녀가 함께 상속인이 되는 경우가 있습니다. 가족관계증명서만으로는 누락·오해가 생길 수 있어 혼인·이혼·출생 관계를 맞춰 봐야 합니다. 재혼 가정에서는 현재 배우자와 전혼 자녀, 재혼 후 자녀가 함께 상속인이 되는 경우가 있습니다. 가족관계증명서만으로는 누락·오해가 생길 수 있어 혼인·이혼·출생 관계를 맞춰 봐야 합니다. 혼인·자녀 관계를 정리합니다. 상속인 명단을 확정합니다. 포기·한정·등기 방향을 정합니다. 협의·신청 서류를 준비합니다. 기본증명서·가족관계증명서(상세) 혼인·이혼 관련 기록 전혼·재혼 자녀 확인 서류 부동산·채무 현황 현재 가족만 상속인으로 오해하는 경우 전혼 자녀를 누락하는 경우 상담 시 확인하는 내용 재혼가정의 상속 사건은 서류·관할·기한에 따라 진행 순서가 달라집니다. 다옴법무사사무소는 부산 해운대구·센텀에서 상속등기·부동산등기·법인등기·개인회생·파산 등을 다루며, 의뢰인 상황에 맞춰 절차와 비용을 알기 쉽",192,3,/부산상속법무사::재혼가정 상속 || /미성년상속인::재혼가정 상속 || /상속::재혼가정 상속,상속 종합 안내>/상속 || 부산 상속 업무 종합안내>/부산상속법무사 || 미성년 상속인>/미성년상속인 || 부산 상속등기>/부산상속등기 || 상속재산분할>/부산상속재산분할법무사 || 상속 절차 먼저 확인하기>/contact/inquiry?field=inheritance-registration || 부산 재혼가정의 상속 참고 사례 자세히 보기>/services/cases/haeundae-inheritance-registration-case || 부산 상속등기 비용 안내>/상속등기비용 || 부산 상속등기 필요서류>/상속등기필요서류 || 부산 상속등기 기간·기한>/상속등기기간 || 부산 상속포기 절차>/부산상속포기 || 부산 한정승인 안내>/부산한정승인,홈 > 관련 안내 > 재혼가정의 상속,yes,WebPage+FAQ,,SERP_UNVERIFIED,inheritance-supporting,inheritance-registration,"재혼가정에서는현재배우자와전혼자녀,재혼후자녀가함께상속인이되는경우가있습니다.가족관계증명서만으로는누락·오해가생길수있어혼인·이혼·출생관계를맞춰봐야합니다"
/고인계좌장례비사용,generated,"index,follow",yes,/고인계좌장례비사용,사망자 계좌에서 장례비를 사용했다면｜상속절차에 미치는 영향,고인 예금으로 장례비를 냈거나 인출한 경우 상속포기·한정승인 검토에 어떤 확인이 필요한지 안내합니다. 개별 사정에 따라 달라질 수 있음을 명시합니다.,사망자 계좌에서 장례비를 사용했다면｜상속절차에 미치는 영향,고인 예금으로 장례비를 냈거나 인출한 경우 상속포기·한정승인 검토에 어떤 확인이 필요한지 안내합니다. 개별 사정에 따라 달라질 수 있음을 명시합니다.,고인 계좌에서 장례비를 썼다면 무엇을 확인할까요,상담 시 확인하는 내용,"장례비 마련을 위해 고인 계좌에서 인출하는 경우가 있습니다. 이 행위가 상속 선택에 어떤 영향을 주는지는 금액·목적·시점·다른 처분 여부에 따라 달라질 수 있어, 일률적으로 ‘괜찮다/안 된다’고 단정하지 않습니다. 장례비 마련을 위해 고인 계좌에서 인출하는 경우가 있습니다. 이 행위가 상속 선택에 어떤 영향을 주는지는 금액·목적·시점·다른 처분 여부에 따라 달라질 수 있어, 일률적으로 ‘괜찮다/안 된다’고 단정하지 않습니다. 사용·인출 내역을 정리합니다. 다른 처분 여부를 확인합니다. 포기·한정·등기 방향을 검토합니다. 필요 시 가정법원·등기 절차로 연결합니다. 인출·이체 내역 장례비 영수증(있으면) 사망일·상속인 구성 다른 처분 여부 메모 내역 없이 기억에만 의존하는 경우 다른 큰 처분을 함께 잊는 경우 상담 시 확인하는 내용 고인 계좌에서 장례비를 사용한 경우 사건은 서류·관할·기한에 따라 진행 순서가 달라집니다. 다옴법무사사무소는 부산 해운대구·센텀에서 상속등기·부동산등기·법인",211,2,/부모빚상속방법::고인 계좌에서 장례비를 쓴 경우 || /상속::고인 계좌 장례비 사용,상속 종합 안내>/상속 || 부산 상속 업무 종합안내>/부산상속법무사 || 빚이 있을 때 상속방법>/부모빚상속방법 || 부산 한정승인>/부산한정승인 || 부산 상속포기>/부산상속포기 || 사망 후 3개월이 지난 경우>/사망후3개월지난상속 || 상속 절차 먼저 확인하기>/contact/inquiry?field=inheritance-registration || 부산 고인 계좌에서 장례비를 사용한 경우 참고 사례 자세히 보기>/services/cases/haeundae-inheritance-registration-case || 한정승인 비용>/한정승인비용 || 한정승인 기한>/한정승인기간 || 부산 상속등기>/부산상속등기 || 부산가정법원 한정승인>/부산가정법원상속,홈 > 관련 안내 > 고인 계좌에서 장례비를 사용한 경우,yes,WebPage+FAQ,,SERP_UNVERIFIED,other,qualified-acceptance,"장례비마련을위해고인계좌에서인출하는경우가있습니다.이행위가상속선택에어떤영향을주는지는금액·목적·시점·다른처분여부에따라달라질수있어,일률적으로‘괜찮다/안"
/사망후3개월지난상속,generated,"index,follow",yes,/사망후3개월지난상속,상속재산보다 채무가 많다면｜3개월 안에 확인할 선택지와 기한 경과 시,"상속 개시 인지 후 3개월 기한과, 기한이 지났거나 빚을 뒤늦게 알게 된 경우 확인할 점을 안내합니다. 특별한정승인 여부는 사실관계에 따릅니다.",상속재산보다 채무가 많다면｜3개월 안에 확인할 선택지와 기한 경과 시,"상속 개시 인지 후 3개월 기한과, 기한이 지났거나 빚을 뒤늦게 알게 된 경우 확인할 점을 안내합니다. 특별한정승인 여부는 사실관계에 따릅니다.","사망 후 3개월, 기한 안과 기한 후에 확인할 선택",상담 시 확인하는 내용,"상속포기·한정승인 검토와 자주 연결되는 기간이 상속 개시를 안 날부터의 일정입니다. 상속등기·취득세 신고기한과 혼동하지 않도록 구분해 안내합니다. 상속포기·한정승인 검토와 자주 연결되는 기간이 상속 개시를 안 날부터의 일정입니다. 상속등기·취득세 신고기한과 혼동하지 않도록 구분해 안내합니다. 사망일·인지일을 확인합니다. 재산·채무 윤곽을 정리합니다. 기한 전·후 선택지를 나눕니다. 필요 시 가정법원 절차로 연결합니다. 사망일·인지 경위 확인된 채무·재산 기한 관련 메모 등기 일정만 보고 포기·한정 기한을 놓치는 경우 기한 경과 후에도 동일한 절차만 가능하다고 단정하는 경우 상담 시 확인하는 내용 사망 후 3개월이 지난 경우 사건은 서류·관할·기한에 따라 진행 순서가 달라집니다. 다옴법무사사무소는 부산 해운대구·센텀에서 상속등기·부동산등기·법인등기·개인회생·파산 등을 다루며, 의뢰인 상황에 맞춰 절차와 비용을 알기 쉽게 설명합니다. 불확실한 부분은 추측으로 단정하지 않고, 확인된 사실",192,6,/부산한정승인::사망 후 3개월이 지난 경우 || /부모빚상속방법::사망 후 3개월이 지난 경우 || /고인계좌장례비사용::사망 후 3개월이 지난 경우 || /방문없이준비하는상속포기한정승인::사망 후 3개월이 지난 경우 || /특별한정승인::사망 후 3개월 기한 안내 || /상속::사망 후 3개월이 지난 경우,상속 종합 안내>/상속 || 부산 상속 업무 종합안내>/부산상속법무사 || 특별한정승인 절차·서류 안내>/특별한정승인 || 3개월 경과 안내(블로그)>/blog/three-months-after-death-inheritance || 빚이 있을 때 상속방법>/부모빚상속방법 || 부산 한정승인>/부산한정승인 || 부산 상속포기>/부산상속포기 || 상속 절차 먼저 확인하기>/contact/inquiry?field=inheritance-registration || 부산 사망 후 3개월이 지난 경우 참고 사례 자세히 보기>/services/cases/haeundae-inheritance-registration-case || 한정승인 비용>/한정승인비용 || 한정승인 기한>/한정승인기간 || 부산 상속등기>/부산상속등기,홈 > 관련 안내 > 사망 후 3개월이 지난 경우,yes,WebPage+FAQ,,SERP_UNVERIFIED,inheritance-supporting,qualified-acceptance,상속포기·한정승인검토와자주연결되는기간이상속개시를안날부터의일정입니다.상속등기·취득세신고기한과혼동하지않도록구분해안내합니다.상속포기·한정승인검토와자주
/해외거주상속인,generated,"index,follow",yes,/해외거주상속인,해외 거주 상속인이 있는 상속등기｜서명·위임서류를 준비하는 순서,해외 거주·외국 국적 상속인이 있을 때 위임·서명증명·서류 전달 순서를 안내합니다. 완전 비대면 보장이 아니라 해외서류 요구를 명시합니…,해외 거주 상속인이 있는 상속등기｜서명·위임서류를 준비하는 순서,해외 거주·외국 국적 상속인이 있을 때 위임·서명증명·서류 전달 순서를 안내합니다. 완전 비대면 보장이 아니라 해외서류 요구를 명시합니…,해외 거주 상속인이 있을 때 서류와 진행 순서,상담 시 확인하는 내용,"상속인이 해외에 있어도 국내 부동산 상속등기·포기·한정승인을 준비하는 경우가 있습니다. 서명·위임·공증·번역 요구는 국가·기관·업무에 따라 달라질 수 있습니다. 상속인이 해외에 있어도 국내 부동산 상속등기·포기·한정승인을 준비하는 경우가 있습니다. 서명·위임·공증·번역 요구는 국가·기관·업무에 따라 달라질 수 있습니다. 상속인·부동산·업무를 확인합니다. 해외 준비 서류를 안내합니다. 국내 서류·비용 구성을 안내합니다. 전달·신청 방식을 정합니다. 해외 거주·국적 정보 위임·서명 가능 여부 국내 부동산·사망일·상속인 구성 국내 서류만 준비하고 해외 서명을 미루는 경우 번역·공증 기간을 짧게 잡는 경우 상담 시 확인하는 내용 해외 거주 상속인이 있는 경우 사건은 서류·관할·기한에 따라 진행 순서가 달라집니다. 다옴법무사사무소는 부산 해운대구·센텀에서 상속등기·부동산등기·법인등기·개인회생·파산 등을 다루며, 의뢰인 상황에 맞춰 절차와 비용을 알기 쉽게 설명합니다. 불확실한 부분은 추측으로",184,13,/부산상속등기::해외 거주 상속인 || /부산상속법무사::해외 거주 상속인 || /방문없이준비하는상속등기::해외 거주 상속인 || /오래된상속토지정리::해외 거주 상속인 || /연락두절상속인::해외 거주 상속인 || /타지역상속인경상도부동산::해외 거주 상속인 || /상속인이여러지역에있는경우::해외 거주 상속인 || /사진전자파일우편으로서류전달::해외 거주 상속인 || /해외대표이사주주법인등기::해외 거주 상속인(상속) || /해외서류가필요한증여등기::해외 거주 상속인 || /대습상속등기::해외 거주 상속인 || /상속재산분할협의서준비::해외 거주 상속인,상속 종합 안내>/상속 || 부산 상속 업무 종합안내>/부산상속법무사 || 방문 없이 준비하는 법무사 업무>/방문없이준비하는법무사업무 || 방문 없이 준비하는 상속등기>/방문없이준비하는상속등기 || 상속인이 여러 지역에 있는 경우>/상속인이여러지역에있는경우 || 사진·파일·우편 서류 전달>/사진전자파일우편으로서류전달 || 해외서류가 필요한 증여등기>/해외서류가필요한증여등기 || 상황별: 해외 거주 상속인>/situations/해외-거주-상속인 || 해외 상속인 안내(블로그)>/blog/overseas-heir-inheritance-busan || 전국 상속등기>/전국상속등기 || 상속 절차 먼저 확인하기>/contact/inquiry?field=inheritance-registration || 부산 해외 거주 상속인이 있는 경우 참고 사례 자세히 보기>/services/cases/haeundae-inheritance-registration-case,홈 > 관련 안내 > 해외 거주 상속인이 있는 경우,yes,WebPage+FAQ,,SERP_UNVERIFIED,inheritance-supporting,inheritance-registration,상속인이해외에있어도국내부동산상속등기·포기·한정승인을준비하는경우가있습니다.서명·위임·공증·번역요구는국가·기관·업무에따라달라질수있습니다.상속인이해외
/임대인사망전세계약,generated,"index,follow",yes,/임대인사망전세계약,임대인이 사망한 전세계약｜보증금과 상속인 확인방법,임대인 사망 후 전세보증금·계약 승계·상속인 확인이 필요한 이유를 안내합니다. 임차권등기·보증금 반환과 상속 절차를 구분해 설명합니다. 해운대·센텀 다옴법무사사무소에서 전화·카카오톡·방문(예약) 상담이 가능합니다.,임대인이 사망한 전세계약｜보증금과 상속인 확인방법,임대인 사망 후 전세보증금·계약 승계·상속인 확인이 필요한 이유를 안내합니다. 임차권등기·보증금 반환과 상속 절차를 구분해 설명합니다. 해운대·센텀 다옴법무사사무소에서 전화·카카오톡·방문(예약) 상담이 가능합니다.,"임대인이 사망했다면, 전세보증금은 누구에게 확인하나요",상담 시 확인하는 내용,"임대인이 사망하면 보증금 반환·계약 관계의 상대방이 상속인으로 이어지는 경우가 많습니다. 상속인 범위와 부동산 명의를 확인하지 않으면 협의·반환 절차가 막힐 수 있습니다. 임대인이 사망하면 보증금 반환·계약 관계의 상대방이 상속인으로 이어지는 경우가 많습니다. 상속인 범위와 부동산 명의를 확인하지 않으면 협의·반환 절차가 막힐 수 있습니다. 계약·보증금 현황을 확인합니다. 상속인·등기부 명의를 확인합니다. 임차인 보호·상속 정리 중 필요한 절차를 나눕니다. 관련 신청·등기로 연결합니다. 임대차계약서 임대인 사망·상속인 관련 정보 전입·확정일자·전세권 여부 보증금·연체 내역 상속인 확인 없이 반환만 요구하는 경우 등기 명의와 계약상 임대인을 혼동하는 경우 상담 시 확인하는 내용 임대인이 사망한 전세계약 사건은 서류·관할·기한에 따라 진행 순서가 달라집니다. 다옴법무사사무소는 부산 해운대구·센텀에서 상속등기·부동산등기·법인등기·개인회생·파산 등을 다루며, 의뢰인 상황에 맞춰 절차와 비용",191,1,/상속::임대인 사망과 전세계약,상속 종합 안내>/상속 || 부산 상속 업무 종합안내>/부산상속법무사 || 부산 임차권등기명령>/부산임차권등기명령 || 전세보증금 반환>/부산전세보증금반환법무사 || 부산 상속등기>/부산상속등기 || 사망자 재산·채무 조회>/사망자재산채무조회 || 상속 절차 먼저 확인하기>/contact/inquiry?field=inheritance-registration || 부산 임대인이 사망한 전세계약 참고 사례 자세히 보기>/services/cases/haeundae-inheritance-registration-case || 부산 상속재산분할>/부산상속재산분할법무사 || 부산 상속등기 비용 안내>/상속등기비용 || 부산 상속등기 필요서류>/상속등기필요서류 || 부산 상속등기 기간·기한>/상속등기기간,홈 > 관련 안내 > 임대인이 사망한 전세계약,yes,WebPage+FAQ,,SERP_UNVERIFIED,other,inheritance-registration,임대인이사망하면보증금반환·계약관계의상대방이상속인으로이어지는경우가많습니다.상속인범위와부동산명의를확인하지않으면협의·반환절차가막힐수있습니다.임대인이사
/경상도비대면상속등기,generated,"index,follow",yes,/경상도비대면상속등기,"경상도 비대면 상속등기｜경남·울산·경북 부동산, 방문 없이 준비하는 방법",경남·울산·경북 등 경상도 지역 상속부동산을 방문 없이 준비하는 방법을 안내합니다. 통영·거제·울주 등 원거리 지역의 원본서류·추가 절차도 함께 설명합니다.,"경상도 비대면 상속등기｜경남·울산·경북 부동산, 방문 없이 준비하는 방법",경남·울산·경북 등 경상도 지역 상속부동산을 방문 없이 준비하는 방법을 안내합니다. 통영·거제·울주 등 원거리 지역의 원본서류·추가 절차도 함께 설명합니다.,"경상도 상속등기, 방문 없이 준비하는 방법과 한계",상담 시 확인하는 내용,"경남·울산·경북처럼 부산과 거리가 있는 지역에 상속부동산이 있으면 '방문을 몇 번이나 해야 하는지'가 가장 먼저 궁금한 지점입니다. 이 페이지는 경상도 전역을 대상으로, 방문 없이 준비할 수 있는 단계와 원본이 필요한 단계를 구분해 안내합니다. 경남·울산·경북처럼 부산과 거리가 있는 지역에 상속부동산이 있으면 '방문을 몇 번이나 해야 하는지'가 가장 먼저 궁금한 지점입니다. 이 페이지는 경상도 전역을 대상으로, 방문 없이 준비할 수 있는 단계와 원본이 필요한 단계를 구분해 안내합니다. 사망일·상속인·부동산을 확인합니다. 지역별 관할·특례 적용 여부를 검토합니다. 비대면으로 가능한 단계와 원본이 필요한 단계를 구분합니다. 서류 전달 방식을 정합니다. 신청·완료 결과를 공유합니다. 사망일·상속인 구성 부동산 소재지·등기사항증명서 협의분할 여부 인감·서명 가능 여부 경상도 전 지역이 완전 비대면이라고 오해하는 경우 도서 지역 지적도 확인을 생략하는 경우 가정법원 제출 서류도 사진만으로 끝",235,25,/타지역상속인경상도부동산::경상도 비대면 상속등기 || /제주타지역상속인부동산::경상도 비대면 상속등기 || /상속::경상도 비대면 상속등기 || /업무사례/통영상속등기법무사::경상도비대면상속등기 || /업무사례/사천상속등기법무사::경상도비대면상속등기 || /업무사례/고성군상속등기법무사::경상도비대면상속등기 || /업무사례/남해상속등기법무사::경상도비대면상속등기 || /업무사례/밀양상속등기법무사::경상도비대면상속등기 || /업무사례/하동상속등기법무사::경상도비대면상속등기 || /업무사례/창녕상속등기법무사::경상도비대면상속등기 || /업무사례/함안상속등기법무사::경상도비대면상속등기 || /업무사례/산청상속등기법무사::경상도비대면상속등기,상속 종합 안내>/상속 || 통영 상속등기>/업무사례/통영상속등기법무사 || 거제 상속등기>/업무사례/거제상속등기법무사 || 울주군 상속등기>/업무사례/울주군상속등기법무사 || 사천 상속등기>/업무사례/사천상속등기법무사 || 경남 고성 상속등기>/업무사례/고성군상속등기법무사 || 남해 상속등기>/업무사례/남해상속등기법무사 || 포항 상속포기·한정승인>/업무사례/포항상속포기한정승인 || 거창 비대면 상속등기>/업무사례/거창상속등기법무사 || 합천 농지 상속등기>/업무사례/합천상속등기법무사 || 문경 상속등기>/업무사례/문경상속등기법무사 || 울진 비대면 상속등기>/업무사례/울진상속등기법무사,홈 > 관련 안내 > 경상도 비대면 상속등기,yes,WebPage+FAQ,,SERP_UNVERIFIED,inheritance-supporting,inheritance-registration,"경남·울산·경북처럼부산과거리가있는지역에상속부동산이있으면'방문을몇번이나해야하는지'가가장먼저궁금한지점입니다.이페이지는경상도전역을대상으로,방문없이준비"
/타지역상속인경상도부동산,generated,"index,follow",yes,/타지역상속인경상도부동산,"상속인은 부산·수도권에, 부동산은 경남·울산·경북에 있다면",피상속인이나 부동산은 경남·울산·경북에 있고 상속인은 부산·수도권·해외에 있는 경우 확인할 순서를 안내합니다. 협의분할·위임·원본서류 절차를 구분해 설명합니다.,"상속인은 부산·수도권에, 부동산은 경남·울산·경북에 있다면",피상속인이나 부동산은 경남·울산·경북에 있고 상속인은 부산·수도권·해외에 있는 경우 확인할 순서를 안내합니다. 협의분할·위임·원본서류 절차를 구분해 설명합니다.,"상속인은 다른 지역에, 부동산은 경상도에 있을 때",상담 시 확인하는 내용,"부모님이 경남·울산·경북 등지에 계셨고 자녀들은 부산이나 수도권으로 이주한 경우, '어느 지역 법무사에게 맡겨야 하는지'부터 헷갈리는 경우가 많습니다. 상속등기는 상속인 거주지가 아니라 부동산 소재지를 기준으로 검토하는 경우가 많아, 상속인이 여러 지역에 흩어져 있어도 한 사무소에서 진행할 수 있는지 확인하는 것이 먼저입니다. 부모님이 경남·울산·경북 등지에 계셨고 자녀들은 부산이나 수도권으로 이주한 경우, '어느 지역 법무사에게 맡겨야 하는지'부터 헷갈리는 경우가 많습니다. 상속등기는 상속인 거주지가 아니라 부동산 소재지를 기준으로 검토하는 경우가 많아, 상속인이 여러 지역에 흩어져 있어도 한 사무소에서 진행할 수 있는지 확인하는 것이 먼저입니다. 상속인 거주지와 부동산 소재지를 확인합니다. 협의분할 의사와 서명 순서를 정합니다. 거주지별 서류(인감·위임 등) 발급을 안내합니다. 국내·해외 서류를 구분해 접수합니다. 등기 신청과 완료를 공유합니다. 사망일·상속인 구성·거주지 부동산",271,3,/부동산과거주지가다른상속등기::타지역 상속인·경상도 부동산 || /제주타지역상속인부동산::타지역 상속인·경상도 부동산 || /상속::타지역 상속인의 경상도 부동산,상속 종합 안내>/상속 || 경상도 비대면 상속등기>/경상도비대면상속등기 || 해외 거주 상속인>/해외거주상속인 || 경남 법무사 업무>/업무사례/경남법무사업무 || 울산 법무사 업무>/업무사례/울산법무사업무 || 상속 절차 먼저 확인하기>/contact/inquiry?field=inheritance-registration || 부산 타지역 상속인과 경상도 부동산 참고 사례 자세히 보기>/services/cases/haeundae-inheritance-registration-case || 부산 상속등기 허브로 돌아가기>/부산상속등기 || 부산 상속 법무사>/부산상속법무사 || 부산 상속재산분할>/부산상속재산분할법무사 || 부산 상속등기 비용 안내>/상속등기비용 || 부산 상속등기 필요서류>/상속등기필요서류,홈 > 관련 안내 > 타지역 상속인과 경상도 부동산,yes,WebPage+FAQ,,SERP_UNVERIFIED,inheritance-supporting,inheritance-registration,"부모님이경남·울산·경북등지에계셨고자녀들은부산이나수도권으로이주한경우,'어느지역법무사에게맡겨야하는지'부터헷갈리는경우가많습니다.상속등기는상속인거주지가"
/방문없이준비하는법무사업무,generated,"index,follow",yes,/방문없이준비하는법무사업무,방문 없이 준비할 수 있는 법무사 업무｜상속·등기·법인 절차 안내,사무소 방문이 어려운 경우 전화·서류로 먼저 확인할 수 있는 상속·등기·법인 업무 범위와 원본·본인확인이 필요한 한계를 안내합니다. 완전 비대면·전국 무조건 가능이라고 단정하지 않습니다.,방문 없이 준비할 수 있는 법무사 업무｜상속·등기·법인 절차 안내,사무소 방문이 어려운 경우 전화·서류로 먼저 확인할 수 있는 상속·등기·법인 업무 범위와 원본·본인확인이 필요한 한계를 안내합니다. 완전 비대면·전국 무조건 가능이라고 단정하지 않습니다.,"법무사 사무소에 방문하기 어렵다면, 서류와 전화로 먼저 확인할 수 있는 업무",상담 시 확인하는 내용,"부산 해운대 다옴법무사사무소에 직접 오기 어려운 경우에도, 상속등기·상속포기·한정승인·법인등기·증여·근저당 말소·일부 법원 서류작성처럼 방문 전에 상황과 자료를 먼저 확인할 수 있는 업무가 있습니다. 이 페이지는 ‘전국 법무사’·‘비대면 법무사’로 검색하는 분께, 완전 비대면 광고가 아니라 실제로 원격으로 시작할 수 있는 범위와 추가 절차가 생길 수 있는 지점을 구분해서 안내합니다. 부산 해운대 다옴법무사사무소에 직접 오기 어려운 경우에도, 상속등기·상속포기·한정승인·법인등기·증여·근저당 말소·일부 법원 서류작성처럼 방문 전에 상황과 자료를 먼저 확인할 수 있는 업무가 있습니다. 이 페이지는 ‘전국 법무사’·‘비대면 법무사’로 검색하는 분께, 완전 비대면 광고가 아니라 실제로 원격으로 시작할 수 있는 범위와 추가 절차가 생길 수 있는 지점을 구분해서 안내합니다. 전화·카카오톡·네이버 톡톡으로 기본 상황을 접수합니다. 사진·전자파일로 기초자료를 확인합니다. 필요한 업무·준비서류·원본 ",329,35,/부산임차권등기명령::방문 없이 준비하는 법무사 업무 || /방문없이준비하는상속등기::방문 없이 준비하는 법무사 업무 || /오래된상속토지정리::방문 없이 준비하는 법무사 업무 || /해외거주상속인::방문 없이 준비하는 법무사 업무 || /상속인이여러지역에있는경우::방문 없이 준비하는 법무사 업무 || /부동산과거주지가다른상속등기::방문 없이 준비하는 법무사 업무 || /방문없이준비하는상속포기한정승인::방문 없이 준비하는 법무사 업무 || /사진전자파일우편으로서류전달::방문 없이 준비하는 법무사 업무 || /법무사비용먼저확인하는방법::방문 없이 준비하는 법무사 업무 || /방문없이준비하는법인설립::방문 없이 준비하는 법무사 업무 || /방문없이준비하는임원변경::방문 없이 준비하는 법무사 업무 || /해외대표이사주주법인등기::방문 없이 준비하는 법무사 업무,등기 관할과 사무소 위치>/등기관할과사무소위치 || 전국 법무사 업무 허브>/전국업무 || 방문 없이 준비하는 상속등기>/방문없이준비하는상속등기 || 상속인이 여러 지역에 있는 경우>/상속인이여러지역에있는경우 || 부동산과 거주지가 다른 상속등기>/부동산과거주지가다른상속등기 || 오래된 상속토지·여러 세대 상속>/오래된상속토지정리 || 상속포기·한정승인 방문 전 준비>/방문없이준비하는상속포기한정승인 || 사진·파일·우편 서류 전달>/사진전자파일우편으로서류전달 || 법무사 비용 먼저 확인하는 방법>/법무사비용먼저확인하는방법 || 법인등기 허브>/법인등기 || 방문 없이 준비하는 법인설립>/방문없이준비하는법인설립 || 방문 없이 준비하는 임원변경>/방문없이준비하는임원변경,홈 > 관련 안내 > 방문 없이 준비하는 법무사 업무,yes,WebPage+FAQ,,SERP_UNVERIFIED,other,inheritance-registration,"부산해운대다옴법무사사무소에직접오기어려운경우에도,상속등기·상속포기·한정승인·법인등기·증여·근저당말소·일부법원서류작성처럼방문전에상황과자료를먼저확인할"
/상속인이여러지역에있는경우,generated,"index,follow",yes,/상속인이여러지역에있는경우,상속인이 전국에 흩어져 있다면｜한곳에 모이지 않고 상속등기를 준비하는 방법,공동상속인이 서울·부산·대구·해외처럼 흩어져 있을 때 대표 연락·서류 수집·협의분할 서명 순서를 안내합니다. 부동산이 여러 곳인 경우와는 쟁점을 구분합니다.,상속인이 전국에 흩어져 있다면｜한곳에 모이지 않고 상속등기를 준비하는 방법,공동상속인이 서울·부산·대구·해외처럼 흩어져 있을 때 대표 연락·서류 수집·협의분할 서명 순서를 안내합니다. 부동산이 여러 곳인 경우와는 쟁점을 구분합니다.,"상속인이 전국에 흩어져 있다면, 한곳에 모이지 않고 준비하는 순서",상담 시 확인하는 내용,"상속등기에서 자주 막히는 지점은 부동산 위치보다 ‘상속인이 한곳에 모이기 어렵다’는 점입니다. 피상속인은 부산에서 사망했지만 자녀가 서울·대구·해외에 거주하는 경우처럼, 공동상속인의 거주지가 서로 다른 상황을 이 페이지에서 다룹니다. 상속등기에서 자주 막히는 지점은 부동산 위치보다 ‘상속인이 한곳에 모이기 어렵다’는 점입니다. 피상속인은 부산에서 사망했지만 자녀가 서울·대구·해외에 거주하는 경우처럼, 공동상속인의 거주지가 서로 다른 상황을 이 페이지에서 다룹니다. 상속인 구성과 연락 가능 여부를 확인합니다. 부동산·협의 방식에 따른 서류 목록을 안내합니다. 지역별로 준비할 서명·인감·위임을 나눕니다. 원본 전달·신청·완료 안내로 이어갑니다. 상속인 명단·관계·대략 거주지 사망일·피상속인 최후 주소 부동산 주소(한 곳이어도 가능) 협의분할 의사 유무 해외·미성년·연락두절 여부 전원 방문이 필수라고 미루는 경우 한 명의 동의만으로 협의분할이 끝난다고 오해하는 경우 연락두절 상속인을 제외",239,10,/방문없이준비하는상속등기::상속인이 여러 지역에 있는 경우 || /오래된상속토지정리::상속인이 여러 지역에 있는 경우 || /해외거주상속인::상속인이 여러 지역에 있는 경우 || /방문없이준비하는법무사업무::상속인이 여러 지역에 있는 경우 || /부동산과거주지가다른상속등기::상속인이 여러 지역에 있는 경우 || /공유물분할등기서류준비::상속인이 여러 지역에 있는 경우 || /제주타지역상속인부동산::상속인이 여러 지역에 있는 경우 || /상속등기후매매서류준비::상속인이 여러 지역에 있는 경우 || /전국업무::상속인이 여러 지역에 있는 경우 || /여러지역상속부동산등기::상속인이 여러 지역에 있는 경우,방문 없이 준비하는 법무사 업무>/방문없이준비하는법무사업무 || 방문 없이 준비하는 상속등기>/방문없이준비하는상속등기 || 여러 지역 상속부동산 등기>/여러지역상속부동산등기 || 해외 거주 상속인>/해외거주상속인 || 연락두절 상속인>/연락두절상속인 || 전국 상속등기>/전국상속등기 || 상속 종합 안내>/상속 || 진행 가능 여부 확인하기>/contact/inquiry?field=inheritance-registration || 부산 상속인이 여러 지역에 있는 경우 참고 사례 자세히 보기>/services/cases/haeundae-inheritance-registration-case || 부산 상속등기 허브로 돌아가기>/부산상속등기 || 부산 상속 법무사>/부산상속법무사 || 부산 상속재산분할>/부산상속재산분할법무사,홈 > 관련 안내 > 상속인이 여러 지역에 있는 경우,yes,WebPage+FAQ,,SERP_UNVERIFIED,inheritance-supporting,inheritance-registration,"상속등기에서자주막히는지점은부동산위치보다‘상속인이한곳에모이기어렵다’는점입니다.피상속인은부산에서사망했지만자녀가서울·대구·해외에거주하는경우처럼,공동상"
/부동산과거주지가다른상속등기,generated,"index,follow",yes,/부동산과거주지가다른상속등기,부동산과 거주지가 다른 경우｜타지역 상속등기를 맡기기 전 확인할 사항,상속인은 A시에 살고 부동산은 B시에 있을 때 관할·서류·방문 필요 여부를 안내합니다. 여러 지역 부동산 일괄 정리·경상도 특화 안내와 의도를 구분합니다.,부동산과 거주지가 다른 경우｜타지역 상속등기를 맡기기 전 확인할 사항,상속인은 A시에 살고 부동산은 B시에 있을 때 관할·서류·방문 필요 여부를 안내합니다. 여러 지역 부동산 일괄 정리·경상도 특화 안내와 의도를 구분합니다.,부동산과 거주지가 달라도 상속등기를 진행할 수 있을까,상담 시 확인하는 내용,"상속인이 거주하는 도시와 상속부동산 소재지가 다른 경우는 매우 흔합니다. ‘타지역 부동산 등기’, ‘거주지와 다른 지역 등기’로 검색하는 분께, 부동산이 멀리 있어도 법무사에게 맡길 수 있는지·무엇을 먼저 확인해야 하는지를 정리합니다. 상속인이 거주하는 도시와 상속부동산 소재지가 다른 경우는 매우 흔합니다. ‘타지역 부동산 등기’, ‘거주지와 다른 지역 등기’로 검색하는 분께, 부동산이 멀리 있어도 법무사에게 맡길 수 있는지·무엇을 먼저 확인해야 하는지를 정리합니다. 부동산 소재지와 상속인 거주지를 확인합니다. 관할·특례·진행 가능 여부를 안내합니다. 서류·원본 전달 방식을 정합니다. 비용 구성을 구분해 안내합니다. 부동산 주소·종류 등기사항증명서(있으면) 상속인 거주지·해외 여부 사망일·상속인 구성 거주지 등기소에만 가면 된다고 단정하는 경우 복수 부동산 누락을 확인하지 않는 경우 상담 시 확인하는 내용 부동산과 거주지가 다른 상속등기 사건은 서류·관할·기한에 따라 진행 순서가 달",215,7,/방문없이준비하는상속등기::부동산과 거주지가 다른 상속등기 || /방문없이준비하는법무사업무::부동산과 거주지가 다른 상속등기 || /부모자녀다른지역증여등기::부동산과 거주지가 다른 상속등기 || /등기권리증없이소유권이전::부동산과 거주지가 다른 상속등기 || /제주타지역상속인부동산::부동산과 거주지가 다른 상속등기 || /전국업무::부동산과 거주지가 다른 상속등기 || /여러지역상속부동산등기::부동산과 거주지가 다른 상속등기,방문 없이 준비하는 법무사 업무>/방문없이준비하는법무사업무 || 전국 상속등기>/전국상속등기 || 여러 지역 상속부동산>/여러지역상속부동산등기 || 상속인이 여러 지역에 있는 경우>/상속인이여러지역에있는경우 || 타지역 상속인·경상도 부동산>/타지역상속인경상도부동산 || 방문 없이 준비하는 상속등기>/방문없이준비하는상속등기 || 상속 종합 안내>/상속 || 진행 가능 여부 확인하기>/contact/inquiry?field=inheritance-registration || 부산 부동산과 거주지가 다른 상속등기 참고 사례 자세히 보기>/services/cases/haeundae-inheritance-registration-case || 부산 상속등기 허브로 돌아가기>/부산상속등기 || 부산 상속 법무사>/부산상속법무사 || 부산 상속재산분할>/부산상속재산분할법무사,홈 > 관련 안내 > 부동산과 거주지가 다른 상속등기,yes,WebPage+FAQ,,SERP_UNVERIFIED,inheritance-supporting,inheritance-registration,"상속인이거주하는도시와상속부동산소재지가다른경우는매우흔합니다.‘타지역부동산등기’,‘거주지와다른지역등기’로검색하는분께,부동산이멀리있어도법무사에게맡길수"
/방문없이준비하는상속포기한정승인,generated,"index,follow",yes,/방문없이준비하는상속포기한정승인,상속포기 기한이 얼마 남지 않았다면｜타지역에서도 먼저 준비할 사항,방문 없이 상속포기·한정승인 서류를 준비하는 순서와 가정법원 관할·원본 제출·기한 확인 방법을 안내합니다. 온라인으로 모든 법원 신청이 끝난다고 단정하지 않습니다.,상속포기 기한이 얼마 남지 않았다면｜타지역에서도 먼저 준비할 사항,방문 없이 상속포기·한정승인 서류를 준비하는 순서와 가정법원 관할·원본 제출·기한 확인 방법을 안내합니다. 온라인으로 모든 법원 신청이 끝난다고 단정하지 않습니다.,방문 없이 상속포기·한정승인을 준비할 때 먼저 확인할 사항,상담 시 확인하는 내용,"상속포기·한정승인은 ‘등기’와 달리 가정법원 관할과 신고 기한이 핵심입니다. 상속인이 타지역·해외에 있거나 평일 방문이 어려워도, 사망일·최후 주소·상속인 구성·채무 윤곽을 먼저 알려주시면 준비서류와 일정부터 안내할 수 있습니다. 상속포기·한정승인은 ‘등기’와 달리 가정법원 관할과 신고 기한이 핵심입니다. 상속인이 타지역·해외에 있거나 평일 방문이 어려워도, 사망일·최후 주소·상속인 구성·채무 윤곽을 먼저 알려주시면 준비서류와 일정부터 안내할 수 있습니다. 사망일·관할·기한을 확인합니다. 포기·한정·단순승인 검토 범위를 안내합니다. 준비서류·원본 전달 방식을 정합니다. 접수·보정·결과 안내로 이어갑니다. 사망일·피상속인 최후 주소 상속인 관계·거주 지역 확인된 채무·재산 윤곽 기존 재산조회·안심상속 결과(있으면) 기한을 등기 일정과 혼동하는 경우 일부만 포기하면 된다고 오해하는 경우 처분행위 후 선택이 가능하다고 단정하는 경우 상담 시 확인하는 내용 방문 없이 준비하는 상속포기·한정",209,3,/방문없이준비하는상속등기::상속포기·한정승인 방문 전 준비 || /방문없이준비하는법무사업무::상속포기·한정승인 방문 전 준비 || /전국업무::상속포기·한정승인 방문 전 준비,방문 없이 준비하는 법무사 업무>/방문없이준비하는법무사업무 || 부모 빚이 있는 경우 상속방법>/부모빚상속방법 || 사망 후 3개월이 지난 경우>/사망후3개월지난상속 || 부산 상속포기>/부산상속포기 || 부산 한정승인>/부산한정승인 || 사망자 재산·채무 조회>/사망자재산채무조회 || 방문 없이 준비하는 상속등기>/방문없이준비하는상속등기 || 상속 종합 안내>/상속 || 포기·한정승인 기한·서류 확인>/contact/inquiry?field=qualified-acceptance&intent=상속포기·한정승인 기한·서류 확인 || 부산 방문 없이 준비하는 상속포기·한정승인 참고 사례 자세히 보기>/services/cases/haeundae-inheritance-registration-case || 한정승인 비용>/한정승인비용 || 한정승인 기한>/한정승인기간,홈 > 관련 안내 > 방문 없이 준비하는 상속포기·한정승인,yes,WebPage+FAQ,,SERP_UNVERIFIED,renunciation-supporting,qualified-acceptance,"상속포기·한정승인은‘등기’와달리가정법원관할과신고기한이핵심입니다.상속인이타지역·해외에있거나평일방문이어려워도,사망일·최후주소·상속인구성·채무윤곽을먼"
/제주타지역상속인부동산,generated,"index,follow",yes,/제주타지역상속인부동산,"상속인은 육지, 부동산은 제주라면｜필지·거주지를 나눠 준비하는 방법",제주시·서귀포 상속부동산을 육지 거주 상속인이 준비할 때 필지 목록·관할·서류 전달 순서를 안내합니다. 제주 지점 없음·완전 비대면 보장을 단정하지 않습니다.,"상속인은 육지, 부동산은 제주라면｜필지·거주지를 나눠 준비하는 방법",제주시·서귀포 상속부동산을 육지 거주 상속인이 준비할 때 필지 목록·관할·서류 전달 순서를 안내합니다. 제주 지점 없음·완전 비대면 보장을 단정하지 않습니다.,상속인은 육지에 있고 부동산은 제주에 있을 때,상담 시 확인하는 내용,"제주 토지·주택을 상속받았는데 상속인은 서울·경기·부산 등 육지에 거주하는 경우가 많습니다. 세컨하우스·농지·여러 필지가 섞이면 ‘제주까지 몇 번 가야 하는지’가 핵심 질문이 됩니다. 이 페이지는 경상도 타지역 상속인 안내와 같은 축이되, 제주 부동산·육지 상속인 조합에 맞춘 준비 순서입니다. 제주 토지·주택을 상속받았는데 상속인은 서울·경기·부산 등 육지에 거주하는 경우가 많습니다. 세컨하우스·농지·여러 필지가 섞이면 ‘제주까지 몇 번 가야 하는지’가 핵심 질문이 됩니다. 이 페이지는 경상도 타지역 상속인 안내와 같은 축이되, 제주 부동산·육지 상속인 조합에 맞춘 준비 순서입니다. 제주 필지·상속인 거주지를 확인합니다. 관할·진행 가능 여부와 서류 목록을 안내합니다. 육지에서의 서명·우편·파일 전달을 정합니다. 신청·완료 안내로 이어갑니다. 제주 부동산 주소·필지 목록 상속인 육지 거주지 사망일·상속인 구성 등기사항증명서(있으면) 필지 누락 후 일부만 등기하려는 경우 제주 방문이 ",240,0,,방문 없이 준비하는 법무사 업무>/방문없이준비하는법무사업무 || 타지역 상속인·경상도 부동산>/타지역상속인경상도부동산 || 부동산과 거주지가 다른 상속등기>/부동산과거주지가다른상속등기 || 상속인이 여러 지역에 있는 경우>/상속인이여러지역에있는경우 || 여러 지역 상속부동산>/여러지역상속부동산등기 || 전국 상속등기>/전국상속등기 || 경상도 비대면 상속등기>/경상도비대면상속등기 || 제주 부동산·육지 상속인 확인하기>/contact/inquiry?field=inheritance-registration&from=제주타지역상속인부동산&intent=제주 부동산·육지 상속인 확인 || 부산 제주 부동산과 타지역 상속인 참고 사례 자세히 보기>/업무사례/제주상속등기법무사 || 부산 상속등기 허브로 돌아가기>/부산상속등기 || 부산 상속 법무사>/부산상속법무사 || 부산 상속재산분할>/부산상속재산분할법무사,홈 > 관련 안내 > 제주 부동산과 타지역 상속인,yes,WebPage+FAQ,,SERP_UNVERIFIED,inheritance-supporting,inheritance-registration,제주토지·주택을상속받았는데상속인은서울·경기·부산등육지에거주하는경우가많습니다.세컨하우스·농지·여러필지가섞이면‘제주까지몇번가야하는지’가핵심질문이됩니
/상속등기후매매서류준비,generated,"index,follow",yes,/상속등기후매매서류준비,상속등기 후 매매 서류 준비｜잔금일 전 상속·협의분할·소유권이전 순서를 정리하는 방법,상속받은 부동산 매도 시 상속등기·협의분할·매매 소유권이전 서류와 순서를 원격으로 점검합니다. 단일 상속 원격·단일 매매와 구분하며 세액·잔금일을 보장하지 않습니다.,상속등기 후 매매 서류 준비｜잔금일 전 상속·협의분할·소유권이전 순서를 정리하는 방법,상속받은 부동산 매도 시 상속등기·협의분할·매매 소유권이전 서류와 순서를 원격으로 점검합니다. 단일 상속 원격·단일 매매와 구분하며 세액·잔금일을 보장하지 않습니다.,"상속받은 부동산을 매도할 때, 상속등기와 매매 서류를 함께 정리하는 방법",상담 시 확인하는 내용,상속등기 후 매매는 ‘상속만’ 또는 ‘매매만’ 안내로는 부족합니다. 상속인 확정·협의분할·상속등기 선행 여부와 매수인 잔금일·소유권이전이 한 일정에 묶이는 순서 문제가 핵심입니다. 상속등기 후 매매는 ‘상속만’ 또는 ‘매매만’ 안내로는 부족합니다. 상속인 확정·협의분할·상속등기 선행 여부와 매수인 잔금일·소유권이전이 한 일정에 묶이는 순서 문제가 핵심입니다. 상속인·지분·협의분할 여부를 확인합니다. 상속등기 선행과 잔금일의 연결을 점검합니다. 매수인·중개 측 요구 서류를 대조합니다. 상속등기·매매이전 접수 순서를 안내합니다. 완료 후 등기부·정산 자료 확인으로 이어갑니다. 피상속인·상속인 가족관계 자료 상속인 신분증·인감 관련 서류 상속재산분할협의서(해당 시) 등기사항전부증명서 매매계약서와 잔금 일정 상속등기 없이 매수인에게 바로 이전할 수 있다고 단정하는 경우 일부 상속인 동의·인감을 늦게 받는 경우 세금 일정과 등기·잔금 일정을 따로 보는 경우 상담 시 확인하는 내용 상속등기 후,230,1,/부산상속후매매등기::상속등기 후 매매 서류 준비,방문 없이 준비하는 법무사 업무>/방문없이준비하는법무사업무 || 부산 상속 후 매매등기>/부산상속후매매등기 || 방문 없이 준비하는 상속등기>/방문없이준비하는상속등기 || 상속인이 여러 지역에 있는 경우>/상속인이여러지역에있는경우 || 등기권리증 없이 소유권이전>/등기권리증없이소유권이전 || 상속 후 매매 서류 확인하기>/contact/inquiry?from=상속등기후매매서류준비&intent=상속 후 매매 서류 확인 || 부산 상속등기 후 매매 서류 준비 참고 사례 자세히 보기>/services/cases/haeundae-inheritance-registration-case || 부산 부동산등기 허브로 돌아가기>/부산부동산등기 || 부산 소유권이전등기>/부산소유권이전등기 || 신축건물 보존등기>/부산신축건물보존등기 || 공공기관 등기업무>/공공기관등기업무 || 소유권이전등기 필요서류>/소유권이전등기서류,홈 > 관련 안내 > 상속등기 후 매매 서류 준비,yes,WebPage+FAQ,,SERP_UNVERIFIED,inheritance-supporting,ownership-transfer,상속등기후매매는‘상속만’또는‘매매만’안내로는부족합니다.상속인확정·협의분할·상속등기선행여부와매수인잔금일·소유권이전이한일정에묶이는순서문제가핵심입니다
/특별한정승인,generated,"index,follow",yes,/특별한정승인,특별한정승인｜기한 경과·뒤늦은 채무 발견 시 확인할 절차·서류,"상속포기·한정승인 기한이 지났거나 빚을 뒤늦게 알게 된 경우 특별한정승인 검토 순서, 준비서류, 일반 한정승인과의 차이를 안내합니다. 허가 결과를 보장하지 않습니다.",특별한정승인｜기한 경과·뒤늦은 채무 발견 시 확인할 절차·서류,"상속포기·한정승인 기한이 지났거나 빚을 뒤늦게 알게 된 경우 특별한정승인 검토 순서, 준비서류, 일반 한정승인과의 차이를 안내합니다. 허가 결과를 보장하지 않습니다.","특별한정승인, 기한이 지났거나 빚을 뒤늦게 알았을 때",상담 시 확인하는 내용,"부산 특별한정승인 법무사 상담은 ‘3개월이 이미 지났다’거나 ‘채무를 뒤늦게 알게 됐다’는 상황에서 자주 이어집니다. 일반 한정승인과 목적이 비슷해 보이지만, 기한 경과·사유·증빙·허가 구조가 달라 같은 페이지로 묶으면 선택이 흐려집니다. 부산 특별한정승인 법무사 상담은 ‘3개월이 이미 지났다’거나 ‘채무를 뒤늦게 알게 됐다’는 상황에서 자주 이어집니다. 일반 한정승인과 목적이 비슷해 보이지만, 기한 경과·사유·증빙·허가 구조가 달라 같은 페이지로 묶으면 선택이 흐려집니다. 사망일·인지일·기한 경과 여부를 구분합니다. 이미 한 처분·인출이 단순승인으로 보일 여지가 있는지 정리합니다. 확인된 재산·채무를 표로 나눕니다. 일반 한정승인·포기와의 해당 여부를 가름합니다. 가정법원 신고·허가 검토에 필요한 서류를 맞춥니다. 허가 이후에는 재산·채무 정리·등기 후속과 연결합니다. 사망일·상속 개시 인지 경위 메모 가족관계증명·기본증명(피상속인·신고인) 확인된 채무·채권자 통지·보증 관련 자료",325,6,/부산상속포기::특별한정승인 안내 || /부산한정승인::특별한정승인 안내 || /부산상속법무사::특별한정승인 안내 || /사망후3개월지난상속::특별한정승인 절차·서류 안내 || /상속포기후다음순위확인::특별한정승인 || /glossary/special-qualified-acceptance::특별한정승인 안내,상속 종합 안내>/상속 || 부산 상속 업무 종합안내>/부산상속법무사 || 사망 후 3개월 기한 안내>/사망후3개월지난상속 || 부산 한정승인>/부산한정승인 || 부산 상속포기>/부산상속포기 || 특별한정승인 용어 안내>/glossary/special-qualified-acceptance || 부모 빚 상속방법>/부모빚상속방법 || 내 상속 상황에 필요한 절차 확인>/contact/inquiry?field=inheritance-registration || 부산 특별한정승인 참고 사례 자세히 보기>/services/cases/haeundae-inheritance-registration-case || 한정승인 비용>/한정승인비용 || 한정승인 기한>/한정승인기간 || 부산 상속등기>/부산상속등기,홈 > 관련 안내 > 특별한정승인,yes,WebPage+FAQ,,SERP_UNVERIFIED,qualified-supporting,qualified-acceptance,"부산특별한정승인법무사상담은‘3개월이이미지났다’거나‘채무를뒤늦게알게됐다’는상황에서자주이어집니다.일반한정승인과목적이비슷해보이지만,기한경과·사유·증빙"
/대습상속등기,generated,"index,follow",yes,/대습상속등기,대습상속등기｜중간 세대가 먼저 사망한 경우 명의이전 준비,피상속인보다 상속인이 먼저 사망해 손자녀 등이 대신 상속하는 대습상속 등기. 사망 순서·가족관계·지분·준비서류를 등기 관점으로 안내합니…,대습상속등기｜중간 세대가 먼저 사망한 경우 명의이전 준비,피상속인보다 상속인이 먼저 사망해 손자녀 등이 대신 상속하는 대습상속 등기. 사망 순서·가족관계·지분·준비서류를 등기 관점으로 안내합니…,"대습상속등기, 중간 세대가 먼저 사망했을 때 명의를 정리하는 순서",상담 시 확인하는 내용,"대습상속등기는 ‘아버지보다 아들이 먼저 사망했고 손자가 있다’처럼 중간 세대가 비어 있는 부동산 명의 정리에서 검색됩니다. 용어 설명이 아니라, 등기신청에 필요한 상속인 확정·지분·서류 순서에 맞춥니다. 대습상속등기는 ‘아버지보다 아들이 먼저 사망했고 손자가 있다’처럼 중간 세대가 비어 있는 부동산 명의 정리에서 검색됩니다. 용어 설명이 아니라, 등기신청에 필요한 상속인 확정·지분·서류 순서에 맞춥니다. 사망 순서와 대습 해당 여부를 확인합니다. 공동상속인 최종 목록과 법정상속분을 정리합니다. 협의·단독이전 여부를 정합니다. 취득세·등록면허세와 등기 순서를 맞춥니다. 관할 등기소 신청·보정·완료를 진행합니다. 피상속인·중간 세대·대습상속인의 기본증명·가족관계증명 사망 순서를 확인할 수 있는 증명서 부동산 등기사항증명서 상속재산분할협의서(해당 시) 인감·위임·신분증(미성년이면 법정대리인 서류) 대습상속인을 빼고 자녀만으로 협의서를 쓰는 경우 사망 순서 증명 없이 지분을 확정하는 경우 ",264,2,/상속포기후다음순위확인::대습상속등기 || /glossary/subrogation-inheritance::대습상속등기,상속 종합 안내>/상속 || 부산 상속 업무 종합안내>/부산상속법무사 || 부산 상속등기>/부산상속등기 || 미성년 상속인>/미성년상속인 || 해외 거주 상속인>/해외거주상속인 || 대습상속 용어 안내>/glossary/subrogation-inheritance || 내 상속 상황에 필요한 절차 확인>/contact/inquiry?field=inheritance-registration || 부산 대습상속등기 참고 사례 자세히 보기>/services/cases/haeundae-inheritance-registration-case || 부산 상속재산분할>/부산상속재산분할법무사 || 부산 상속등기 비용 안내>/상속등기비용 || 부산 상속등기 필요서류>/상속등기필요서류 || 부산 상속등기 기간·기한>/상속등기기간,홈 > 관련 안내 > 대습상속등기,yes,WebPage+FAQ,,SERP_UNVERIFIED,inheritance-supporting,inheritance-registration,"대습상속등기는‘아버지보다아들이먼저사망했고손자가있다’처럼중간세대가비어있는부동산명의정리에서검색됩니다.용어설명이아니라,등기신청에필요한상속인확정·지분·"
/유류분과상속등기,generated,"index,follow",yes,/유류분과상속등기,유류분과 상속등기｜협의·유언이 있을 때 등기 전에 확인할 점,"유류분 우려가 있을 때 상속등기·분할협의 전에 확인할 순서를 안내합니다. 유류분 반환 소송 대행을 표방하지 않으며, 등기·협의 연계 범위만 설명합니다.",유류분과 상속등기｜협의·유언이 있을 때 등기 전에 확인할 점,"유류분 우려가 있을 때 상속등기·분할협의 전에 확인할 순서를 안내합니다. 유류분 반환 소송 대행을 표방하지 않으며, 등기·협의 연계 범위만 설명합니다.","유류분이 걱정될 때, 상속등기 전에 확인할 순서",상담 시 확인하는 내용,유언·생전 증여·편중 분할이 있으면 ‘유류분’ 검색과 함께 상속등기 일정이 겹칩니다. 이 페이지는 반환 소송 수행을 약속하지 않습니다. 등기·협의서 작성 전에 어떤 사실을 맞춰야 분쟁·보정을 줄일 수 있는지에 초점을 둡니다. 유언·생전 증여·편중 분할이 있으면 ‘유류분’ 검색과 함께 상속등기 일정이 겹칩니다. 이 페이지는 반환 소송 수행을 약속하지 않습니다. 등기·협의서 작성 전에 어떤 사실을 맞춰야 분쟁·보정을 줄일 수 있는지에 초점을 둡니다. 상속인·유류분 관련 당사자 범위를 적습니다. 유언·증여·특별수익 자료를 모읍니다. 협의·등기·분쟁 대응 중 어디가 우선인지 가름합니다. 등기가 가능한 범위와 보류가 필요한 범위를 나눕니다. 필요 시 변호사·세무 협업으로 연결합니다. 유언·증여계약·특별수익 관련 자료(있으면) 상속인·유류분 권리자 후보 명단 부동산·금융 재산 개요 작성 중인 분할협의서 초안(있으면) 유류분 계산 없이 몰아주 등기만 서두르는 경우 법무사에게 소송 대리를 기대하는,290,3,/상속재산분할협의서준비::유류분과 상속등기 || /부산유언검인::유류분과 상속등기 || /glossary/statutory-reserve-share::유류분과 상속등기,상속 종합 안내>/상속 || 부산 상속 업무 종합안내>/부산상속법무사 || 부산 상속등기>/부산상속등기 || 부산 증여등기>/부산증여등기 || 유류분 용어 안내>/glossary/statutory-reserve-share || 유언검인 신청 안내>/부산유언검인 || 내 상속 상황에 필요한 절차 확인>/contact/inquiry?field=inheritance-registration || 부산 유류분과 상속등기 참고 사례 자세히 보기>/services/cases/haeundae-inheritance-registration-case || 부산 상속재산분할>/부산상속재산분할법무사 || 부산 상속등기 비용 안내>/상속등기비용 || 부산 상속등기 필요서류>/상속등기필요서류 || 부산 상속등기 기간·기한>/상속등기기간,홈 > 관련 안내 > 유류분과 상속등기,yes,WebPage+FAQ,,SERP_UNVERIFIED,inheritance-supporting,inheritance-registration,유언·생전증여·편중분할이있으면‘유류분’검색과함께상속등기일정이겹칩니다.이페이지는반환소송수행을약속하지않습니다.등기·협의서작성전에어떤사실을맞춰야분쟁·
/상속취득세와등기순서,generated,"index,follow",yes,/상속취득세와등기순서,상속 취득세와 등기 순서｜신고·납부·명의이전을 어떤 순서로 맞출까,상속등기와 취득세 신고·납부 순서를 혼동하지 않도록 확인 체크리스트를 안내합니다. 세액 확정·감면 여부는 관할·세무 확인이 필요하며 보장하지 않습니다.,상속 취득세와 등기 순서｜신고·납부·명의이전을 어떤 순서로 맞출까,상속등기와 취득세 신고·납부 순서를 혼동하지 않도록 확인 체크리스트를 안내합니다. 세액 확정·감면 여부는 관할·세무 확인이 필요하며 보장하지 않습니다.,"상속 취득세와 등기, 어떤 순서로 맞출까",상담 시 확인하는 내용,상속등기만 검색하다가 취득세 신고기한·납부 증빙을 놓치는 경우가 있습니다. 반대로 세금만 보고 등기 서류를 늦게 준비하기도 합니다. 이 페이지는 세액을 계산해 드리지 않습니다. 등기와 세금 일정을 한 타임라인으로 맞추는 방법을 안내합니다. 상속등기만 검색하다가 취득세 신고기한·납부 증빙을 놓치는 경우가 있습니다. 반대로 세금만 보고 등기 서류를 늦게 준비하기도 합니다. 이 페이지는 세액을 계산해 드리지 않습니다. 등기와 세금 일정을 한 타임라인으로 맞추는 방법을 안내합니다. 상속인·부동산·분할 방향을 확정합니다. 취득세·등록면허세·등기수수료·보수 항목을 구분합니다. 신고·납부·등기접수에 필요한 증빙을 체크합니다. 관할·신고 창구를 확인합니다. 등기 접수·보정·완료 후 후속(말소·매도 등)을 연결합니다. 부동산 소재지·지번·면적 상속인 구성·분할 방향 취득세·등록면허세 관련 안내·고지(있으면) 납부 확인·신고 접수 자료(있으면) 포기·한정 기한과 취득세 기한을 같은 것으로 보는 경우 ,273,0,,상속 종합 안내>/상속 || 부산 상속등기>/부산상속등기 || 취득세 안내>/취득세 || 취득세 용어 안내>/glossary/acquisition-tax || 상속 상담 전 서류·비용>/상속상담전준비서류와비용 || 내 상속 상황에 필요한 절차 확인>/contact/inquiry?field=inheritance-registration || 부산 상속 취득세와 등기 순서 참고 사례 자세히 보기>/services/cases/haeundae-inheritance-registration-case || 부산 상속 법무사>/부산상속법무사 || 부산 상속재산분할>/부산상속재산분할법무사 || 부산 상속등기 비용 안내>/상속등기비용 || 부산 상속등기 필요서류>/상속등기필요서류 || 부산 상속등기 기간·기한>/상속등기기간,홈 > 관련 안내 > 상속 취득세와 등기 순서,yes,WebPage+FAQ,,SERP_UNVERIFIED,inheritance-supporting,inheritance-registration,상속등기만검색하다가취득세신고기한·납부증빙을놓치는경우가있습니다.반대로세금만보고등기서류를늦게준비하기도합니다.이페이지는세액을계산해드리지않습니다.등기와
/상속재산분할협의서준비,generated,"index,follow",yes,/상속재산분할협의서준비,상속재산분할협의서를 준비한다면｜등기·합의 전에 맞출 항목,공동상속인이 부동산을 나누거나 한 사람 명의로 옮길 때 분할협의서에 담을 항목·서류·주의점을 안내합니다. 용어사전과 역할을 분리합니다. 해운대·센텀 다옴법무사사무소에서 전화·카카오톡·방문(예약) 상담이 가능합니다.,상속재산분할협의서를 준비한다면｜등기·합의 전에 맞출 항목,공동상속인이 부동산을 나누거나 한 사람 명의로 옮길 때 분할협의서에 담을 항목·서류·주의점을 안내합니다. 용어사전과 역할을 분리합니다. 해운대·센텀 다옴법무사사무소에서 전화·카카오톡·방문(예약) 상담이 가능합니다.,"형제·배우자와 상속을 나눌 때, 분할협의서에 무엇을 담을까",상담 시 확인하는 내용,"‘상속받은 집을 한 사람 명의로’, ‘현금 정산 후 등기’처럼 검색하면 상속재산분할협의서가 등장합니다. 이 페이지는 뜻 설명이 아니라, 등기·합의 전에 맞춰야 할 항목 점검에 초점을 둡니다. ‘상속받은 집을 한 사람 명의로’, ‘현금 정산 후 등기’처럼 검색하면 상속재산분할협의서가 등장합니다. 이 페이지는 뜻 설명이 아니라, 등기·합의 전에 맞춰야 할 항목 점검에 초점을 둡니다. 상속인 전원을 확정합니다. 누가 어떤 재산을 가져갈지 표로 정리합니다. 현금 정산·채무 인수 여부를 적습니다. 협의서 문안과 등기 신청 서류를 맞춥니다. 상속등기·취득세 순서로 연결합니다. 가족관계·상속인 명단 부동산 등기사항증명서 정산·보상 합의 메모 인감·위임 관련 서류 유언·증여 자료(있으면) 상속인 일부만 서명하는 경우 구두 합의만 하고 문서를 생략하는 경우 유류분·특별수익을 전혀 검토하지 않는 경우 상담 시 확인하는 내용 상속재산분할협의서 준비 사건은 서류·관할·기한에 따라 진행 순서가 달라집니다.",231,2,/부산유언검인::상속재산분할협의서 준비 || /glossary/inheritance-division-agreement::상속재산분할협의서 준비,상속 종합 안내>/상속 || 부산 상속 업무 안내>/부산상속법무사 || 부산 상속등기>/부산상속등기 || 유류분과 상속등기>/유류분과상속등기 || 분할협의서 용어 안내>/glossary/inheritance-division-agreement || 해외 거주 상속인>/해외거주상속인 || 내 상황에 필요한 절차 확인하기>/contact/inquiry?field=inheritance-registration || 부산 상속재산분할협의서 준비 참고 사례 자세히 보기>/services/cases/haeundae-inheritance-registration-case || 부산 상속재산분할>/부산상속재산분할법무사 || 부산 상속등기 비용 안내>/상속등기비용 || 부산 상속등기 필요서류>/상속등기필요서류 || 부산 상속등기 기간·기한>/상속등기기간,홈 > 관련 안내 > 상속재산분할협의서 준비,yes,WebPage+FAQ,,SERP_UNVERIFIED,inheritance-supporting,inheritance-registration,"‘상속받은집을한사람명의로’,‘현금정산후등기’처럼검색하면상속재산분할협의서가등장합니다.이페이지는뜻설명이아니라,등기·합의전에맞춰야할항목점검에초점을둡니"
/상속포기후다음순위확인,generated,"index,follow",yes,/상속포기후다음순위확인,상속포기를 하면 다음 순위는 누가 될까｜포기 전·후에 확인할 점,상속포기 후 배우자·자녀·손자 등 다음 순위 효과와 대습·추가 포기 검토 포인트를 안내합니다. 기존 상속포기 Champion을 대체하지 않습니다.,상속포기를 하면 다음 순위는 누가 될까｜포기 전·후에 확인할 점,상속포기 후 배우자·자녀·손자 등 다음 순위 효과와 대습·추가 포기 검토 포인트를 안내합니다. 기존 상속포기 Champion을 대체하지 않습니다.,"상속포기를 결정하기 전, 다음 순위 상속인을 확인해야 하는 이유",상담 시 확인하는 내용,"‘부모 빚 때문에 포기’만 검색하다가, 포기 후 자녀·손자·배우자에게 넘어가는 구조를 놓치는 경우가 있습니다. 이 페이지는 포기 신고 절차 본문 대신, 다음 순위 확인에 초점을 둡니다. ‘부모 빚 때문에 포기’만 검색하다가, 포기 후 자녀·손자·배우자에게 넘어가는 구조를 놓치는 경우가 있습니다. 이 페이지는 포기 신고 절차 본문 대신, 다음 순위 확인에 초점을 둡니다. 현재 상속인 구성을 그립니다. 포기 시 이동할 수 있는 순위를 표시합니다. 미성년·대습·재혼 이슈를 점검합니다. 필요 시 전원 포기·한정승인 비교로 연결합니다. 부산 상속포기·특별한정승인 안내로 이어갑니다. 가족관계증명·기본증명 상속인 구성 메모 확인된 채무·재산 개요 미성년 자녀 유무 본인만 포기하면 끝이라고 단정하는 경우 미성년 자녀 효과를 보지 않는 경우 대습·재혼 구조를 누락하는 경우 상담 시 확인하는 내용 상속포기 후 다음 순위 확인 사건은 서류·관할·기한에 따라 진행 순서가 달라집니다. 다옴법무사사무소는 부",246,0,,부산 상속 업무 안내>/부산상속법무사 || 부산 상속포기>/부산상속포기 || 부모 빚 상속방법>/부모빚상속방법 || 대습상속등기>/대습상속등기 || 미성년 상속인>/미성년상속인 || 특별한정승인>/특별한정승인 || 내 상황에 필요한 절차 확인하기>/contact/inquiry?field=inheritance-registration || 부산 상속포기 후 다음 순위 확인 참고 사례 자세히 보기>/services/cases/haeundae-inheritance-registration-case || 상속포기 비용>/상속포기비용 || 상속포기 필요서류>/상속포기필요서류 || 부산 한정승인 비교>/부산한정승인 || 부산가정법원 상속포기>/부산가정법원상속포기,홈 > 관련 안내 > 상속포기 후 다음 순위 확인,yes,WebPage+FAQ,,SERP_UNVERIFIED,renunciation-supporting,inheritance-renunciation,"‘부모빚때문에포기’만검색하다가,포기후자녀·손자·배우자에게넘어가는구조를놓치는경우가있습니다.이페이지는포기신고절차본문대신,다음순위확인에초점을둡니다.‘"
/부산유언검인,generated,"index,follow",yes,/부산유언검인,부산 유언검인｜자필·녹음 유언 검인 신청 전 확인 사항,"부산가정법원 유언검인 신청 전 확인 안내. 자필·녹음 유언의 검인 취지, 준비서류, 상속등기와의 순서를 정리합니다. 유언 효력·유류분은 보장하지 않습니다.",부산 유언검인｜자필·녹음 유언 검인 신청 전 확인 사항,"부산가정법원 유언검인 신청 전 확인 안내. 자필·녹음 유언의 검인 취지, 준비서류, 상속등기와의 순서를 정리합니다. 유언 효력·유류분은 보장하지 않습니다.","부산 유언검인, 상속등기 전에 확인할 검인 절차",상담 시 확인하는 내용,"자필증서·녹음 유언 등은 가정법원 검인을 거친 뒤 상속 절차에 쓰는 경우가 많습니다. 공정증서 유언과 검인 대상이 달라, ‘유언이 있다’는 사실만으로 등기를 접수하면 보정·지연이 생깁니다. 자필증서·녹음 유언 등은 가정법원 검인을 거친 뒤 상속 절차에 쓰는 경우가 많습니다. 공정증서 유언과 검인 대상이 달라, ‘유언이 있다’는 사실만으로 등기를 접수하면 보정·지연이 생깁니다. 유언 방식을 구분해 검인 대상인지 확인합니다. 관할 가정법원과 신청인 적격을 봅니다. 검인 신청 서류를 맞춥니다. 검인 이후 상속등기·협의·포기를 연결합니다. 유언 원본(자필·녹음 매체 등) 피상속인 사망 관련 서류 가족관계증명·기본증명 상속인·수익자 명단 메모 부동산 등기부(등기가 이어질 때) 신청인 신분증·인감 관련 자료 자필 유언을 바로 등기원인으로 쓰려는 경우 공정증서 유언과 자필 유언을 같은 절차로 보는 경우 검인 전에 예금·부동산 처분을 서두르는 경우 유류분 다툼을 검인만으로 끝난다고 오해하는 경우 ",326,5,/부산신탁등기::유언검인 신청 안내 || /유류분과상속등기::유언검인 신청 안내 || /상속::유언검인 신청 안내 || /가족후견::유언검인 신청 안내 || /전국유증등기::유언검인 신청 안내,성년후견·가사비송 허브>/가족후견 || 부산 상속등기>/부산상속등기 || 전국 유증등기>/전국유증등기 || 부산 상속 업무 종합>/부산상속법무사 || 유류분과 상속등기>/유류분과상속등기 || 상속재산분할협의서 준비>/상속재산분할협의서준비 || 부산가정법원 안내>/부산가정법원상속 || 상속·가사 서류 확인>/contact/inquiry?field=inheritance-registration || 부산 유언검인 참고 사례 자세히 보기>/services/cases/haeundae-inheritance-registration-case || 부산 상속재산분할>/부산상속재산분할법무사 || 부산 상속등기 비용 안내>/상속등기비용 || 부산 상속등기 필요서류>/상속등기필요서류,홈 > 부산 상속등기 > 부산 유언검인,yes,WebPage+FAQ,,SERP_UNVERIFIED,other,inheritance-registration,"자필증서·녹음유언등은가정법원검인을거친뒤상속절차에쓰는경우가많습니다.공정증서유언과검인대상이달라,‘유언이있다’는사실만으로등기를접수하면보정·지연이생깁니"
/부산상속재산관리인,generated,"index,follow",yes,/부산상속재산관리인,부산 상속재산관리인｜상속인 없는 경우·상속재산 관리 선임 전 확인 - 다옴법무사사무소,상속인이 없거나 불명확할 때 상속재산관리인 선임을 검토하는 순서를 정리합니다. 부재자재산관리·상속포기와 구분하며 선임·청산 결과를 보장하지 않습니다.,부산 상속재산관리인｜상속인 없는 경우·상속재산 관리 선임 전 확인 - 다옴법무사사무소,상속인이 없거나 불명확할 때 상속재산관리인 선임을 검토하는 순서를 정리합니다. 부재자재산관리·상속포기와 구분하며 선임·청산 결과를 보장하지 않습니다.,"상속인이 없거나 불명확할 때, 상속재산관리인을 어떻게 보나요?",상담 시 확인하는 내용,"상속이 개시됐는데 상속인이 없거나, 있는지 불명확해 재산을 관리·청산할 사람이 필요할 때 ‘상속재산관리인’을 검색합니다. 상속포기·한정승인(상속인 선택이 있는 경우), 부재자재산관리인(특정 부재자), 상속재산 파산과는 목적이 다릅니다. 상속이 개시됐는데 상속인이 없거나, 있는지 불명확해 재산을 관리·청산할 사람이 필요할 때 ‘상속재산관리인’을 검색합니다. 상속포기·한정승인(상속인 선택이 있는 경우), 부재자재산관리인(특정 부재자), 상속재산 파산과는 목적이 다릅니다. 상속인 유무·조사를 확인합니다. 포기·한정승인·부재자관리·상속재산관리 중 유형을 가릅니다. 선임 신청 서류와 재산·채권 개요를 맞춥니다. 관리·청산·보고 절차를 안내합니다. 피상속인 사망·가족관계 관련 자료 상속인 조사 경과 메모(안심상속·조회 등) 상속재산 목록(부동산·예금 등 아는 범위) 채권·채무 단서 신청인(이해관계·채권자 등) 소명 상속인이 있는데도 관리인만 선임하려는 경우 상속포기 기한과 관리인 제도를 섞는 ",244,3,/부산부재자재산관리인::부산 상속재산관리인 || /상속::상속재산관리인(상속인 없는 경우) || /가족후견::상속재산관리인(상속인 없는 경우),상속 종합 허브>/상속 || 성년후견·가사비송 허브>/가족후견 || 부산 부재자재산관리인>/부산부재자재산관리인 || 연락두절 상속인>/연락두절상속인 || 빚이 있을 때 상속방법>/부모빚상속방법 || 부산가정법원 안내>/부산가정법원상속 || 상속재산관리인 상담 전 확인>/contact/inquiry?field=inheritance-registration&from=부산상속재산관리인&intent=상속재산관리인 확인 || 부산 상속재산관리인 참고 사례 자세히 보기>/services/cases/haeundae-inheritance-registration-case || 부산 상속포기 허브로 돌아가기>/부산상속포기 || 상속포기 비용>/상속포기비용 || 상속포기 필요서류>/상속포기필요서류 || 부산 한정승인 비교>/부산한정승인,홈 > 상속 종합 허브 > 부산 상속재산관리인,yes,WebPage+FAQ,,SERP_UNVERIFIED,inheritance-supporting,inheritance-renunciation,"상속이개시됐는데상속인이없거나,있는지불명확해재산을관리·청산할사람이필요할때‘상속재산관리인’을검색합니다.상속포기·한정승인(상속인선택이있는경우),부재자"
/법무사상담,generated,"index,follow",yes,/법무사상담,법무사 상담｜등기·상속·법인·회생 문의 안내,법무사 상담에서 다루는 업무와 준비 방법. 상황 선택형 간편 상담으로 문의를 남길 수 있습니다. 해운대·센텀 다옴법무사사무소에서 전화·카카오톡·방문(예약) 상담이 가능합니다.,법무사 상담｜등기·상속·법인·회생 문의 안내,법무사 상담에서 다루는 업무와 준비 방법. 상황 선택형 간편 상담으로 문의를 남길 수 있습니다. 해운대·센텀 다옴법무사사무소에서 전화·카카오톡·방문(예약) 상담이 가능합니다.,법무사 상담에서 확인할 수 있는 것,비용 안내 | 관할·접근 안내 | 법무사 의견 | 상담 시 확인하는 내용,"법무사 상담은 상속·부동산·법인 등기와 개인회생·파산 서류 등 실무 절차를 정리하는 데 초점을 둡니다. 법무사 상담은 상속·부동산·법인 등기와 개인회생·파산 서류 등 실무 절차를 정리하는 데 초점을 둡니다. 상담 목적 관련 서류(있으면) 연락처 상담 목적 관련 서류(있으면) 연락처 관할·서류·기한 안내 수임료와 공과금 구분 설명 방문·비대면 가능 여부 안내 주민등록번호·계좌 비밀번호 등 민감정보는 남기지 마세요. 이 안내는 일반 정보이며 개별 법률 자문·수임 확정이 아닙니다. 비용 안내 상담 문의 자체는 상황 확인을 위한 것이며, 수임료·공과금은 사건 확인 후 구분해 안내합니다. 관할·접근 안내 남겨주신 상황을 확인한 뒤 관할·서류·절차를 안내합니다. 확정 견적은 사건 확인 후입니다. 상담 목적 관련 서류(있으면) 연락처 법무사 의견 업무명을 몰라도, 서류가 없어도 현재 상황만 알려 주시면 됩니다. 필요한 절차를 확인한 뒤 안내드립니다. 상담 시 확인하는 내용 법무사 상담이란 사건은",216,0,,업무 안내>/services || 간편 상담 시작>/상담 || 부산 상속등기 허브로 돌아가기>/부산상속등기 || 부산 상속 법무사>/부산상속법무사 || 부산 상속재산분할>/부산상속재산분할법무사 || 부산 상속등기 비용 안내>/상속등기비용 || 부산 상속등기 필요서류>/상속등기필요서류 || 부산 상속등기 기간·기한>/상속등기기간 || 부산 상속포기 절차>/부산상속포기 || 부산 한정승인 안내>/부산한정승인 || 부산가정법원 상속·가사>/부산가정법원상속 || 해운대구 상속등기>/해운대구상속등기,홈 > 법무사 상담이란,yes,WebPage,,SERP_UNVERIFIED,other,inheritance-registration,법무사상담은상속·부동산·법인등기와개인회생·파산서류등실무절차를정리하는데초점을둡니다.법무사상담은상속·부동산·법인등기와개인회생·파산서류등실무절차를정리
/상속등기상담,generated,"index,follow",yes,/상속등기상담,상속등기 상담｜서류·절차·기한 문의,상속등기 상담. 서류가 없어도 상황만 선택해 문의할 수 있습니다. 부산·해운대 다옴법무사사무소. 해운대·센텀 다옴법무사사무소에서 전화·카카오톡·방문(예약) 상담이 가능합니다.,상속등기 상담｜서류·절차·기한 문의,상속등기 상담. 서류가 없어도 상황만 선택해 문의할 수 있습니다. 부산·해운대 다옴법무사사무소. 해운대·센텀 다옴법무사사무소에서 전화·카카오톡·방문(예약) 상담이 가능합니다.,"상속등기, 지금 상담이 필요한지 확인해 보세요",비용 안내 | 관할·접근 안내 | 법무사 의견 | 상담 시 확인하는 내용,"상속등기는 부동산 소재지·상속인 수·협의 여부에 따라 서류가 달라집니다. 상황을 선택해 주시면 필요한 순서를 안내합니다. 상속등기는 부동산 소재지·상속인 수·협의 여부에 따라 서류가 달라집니다. 상황을 선택해 주시면 필요한 순서를 안내합니다. 가족관계증명서(있으면) 등기부(있으면) 사망일 가족관계증명서(있으면) 등기부(있으면) 사망일 가족관계·등기부 확인 협의분할·단독상속 구분 세금·말소 동반 여부 주민등록번호·계좌 비밀번호 등 민감정보는 남기지 마세요. 이 안내는 일반 정보이며 개별 법률 자문·수임 확정이 아닙니다. 비용 안내 상담 문의 자체는 상황 확인을 위한 것이며, 수임료·공과금은 사건 확인 후 구분해 안내합니다. 관할·접근 안내 남겨주신 상황을 확인한 뒤 관할·서류·절차를 안내합니다. 확정 견적은 사건 확인 후입니다. 가족관계증명서(있으면) 등기부(있으면) 사망일 법무사 의견 업무명을 몰라도, 서류가 없어도 현재 상황만 알려 주시면 됩니다. 필요한 절차를 확인한 뒤 안내드립",206,0,,부산 상속등기>/부산상속등기 || 상속등기 업무안내>/services/inheritance-registration || 부산 상속 법무사>/부산상속법무사 || 부산 상속재산분할>/부산상속재산분할법무사 || 부산 상속등기 비용 안내>/상속등기비용 || 부산 상속등기 필요서류>/상속등기필요서류 || 부산 상속등기 기간·기한>/상속등기기간 || 부산 상속포기 절차>/부산상속포기 || 부산 한정승인 안내>/부산한정승인 || 부산가정법원 상속·가사>/부산가정법원상속 || 해운대구 상속등기>/해운대구상속등기 || 수영구 상속등기>/수영구상속등기,홈 > 상속등기 상담,yes,WebPage,,SERP_UNVERIFIED,inheritance-supporting,inheritance-registration,상속등기는부동산소재지·상속인수·협의여부에따라서류가달라집니다.상황을선택해주시면필요한순서를안내합니다.상속등기는부동산소재지·상속인수·협의여부에따라서류
/상속포기상담,generated,"index,follow",yes,/상속포기상담,상속포기 상담｜3개월 기한·서류 문의,상속포기 상담. 3개월 기한과 필요 서류를 상황 선택으로 문의할 수 있습니다. 해운대·센텀 다옴법무사사무소에서 전화·카카오톡·방문(예약) 상담이 가능합니다.,상속포기 상담｜3개월 기한·서류 문의,상속포기 상담. 3개월 기한과 필요 서류를 상황 선택으로 문의할 수 있습니다. 해운대·센텀 다옴법무사사무소에서 전화·카카오톡·방문(예약) 상담이 가능합니다.,"상속포기, 기한 안에 상담이 필요할 수 있습니다",비용 안내 | 관할·접근 안내 | 법무사 의견 | 상담 시 확인하는 내용,"상속 개시를 안 날부터 3개월 안에 신고해야 합니다. 서류가 없어도 기한·관할부터 확인해 드립니다. 상속 개시를 안 날부터 3개월 안에 신고해야 합니다. 서류가 없어도 기한·관할부터 확인해 드립니다. 사망일 상속인 범위 채무 의심 여부 사망일 상속인 범위 채무 의심 여부 3개월 기한 확인 상속인별 신고 한정승인과의 차이 주민등록번호·계좌 비밀번호 등 민감정보는 남기지 마세요. 이 안내는 일반 정보이며 개별 법률 자문·수임 확정이 아닙니다. 비용 안내 상담 문의 자체는 상황 확인을 위한 것이며, 수임료·공과금은 사건 확인 후 구분해 안내합니다. 관할·접근 안내 남겨주신 상황을 확인한 뒤 관할·서류·절차를 안내합니다. 확정 견적은 사건 확인 후입니다. 사망일 상속인 범위 채무 의심 여부 법무사 의견 업무명을 몰라도, 서류가 없어도 현재 상황만 알려 주시면 됩니다. 필요한 절차를 확인한 뒤 안내드립니다. 상담 시 확인하는 내용 상속포기 상담 사건은 서류·관할·기한에 따라 진행 순서가 달라",215,0,,부산 상속포기>/부산상속포기 || 상속포기 업무안내>/services/inheritance-renunciation || 상속포기 비용>/상속포기비용 || 상속포기 필요서류>/상속포기필요서류 || 부산 한정승인 비교>/부산한정승인 || 부산가정법원 상속포기>/부산가정법원상속포기 || 부산 상속등기>/부산상속등기 || 채무 과다 시 개인회생>/부산개인회생 || 상속포기 상담 사례>/services/cases/jaesong-inheritance-renunciation-consultation || 상속포기 기한 FAQ>/faq/inheritance-renunciation-deadline || 상속포기란 FAQ>/faq/what-is-inheritance-renunciation || 상속포기 vs 한정승인>/blog/inheritance-renunciation-vs-qualified-acceptance,홈 > 상속포기 상담,yes,WebPage,,SERP_UNVERIFIED,renunciation-supporting,inheritance-renunciation,상속개시를안날부터3개월안에신고해야합니다.서류가없어도기한·관할부터확인해드립니다.상속개시를안날부터3개월안에신고해야합니다.서류가없어도기한·관할부터확인
/한정승인상담,generated,"index,follow",yes,/한정승인상담,한정승인 상담｜채무 불확실 시 상속 문의,한정승인 상담. 채무가 불확실할 때 상황만 선택해 문의할 수 있습니다. 해운대·센텀 다옴법무사사무소에서 전화·카카오톡·방문(예약) 상담이 가능합니다.,한정승인 상담｜채무 불확실 시 상속 문의,한정승인 상담. 채무가 불확실할 때 상황만 선택해 문의할 수 있습니다. 해운대·센텀 다옴법무사사무소에서 전화·카카오톡·방문(예약) 상담이 가능합니다.,"한정승인, 채무를 모를 때 상담해 보세요",비용 안내 | 관할·접근 안내 | 법무사 의견 | 상담 시 확인하는 내용,"재산은 받되 채무는 상속 재산 범위로 제한하는 절차입니다. 조회·기한·서류를 상황에 맞춰 안내합니다. 재산은 받되 채무는 상속 재산 범위로 제한하는 절차입니다. 조회·기한·서류를 상황에 맞춰 안내합니다. 사망일 재산·채무 개요 사망일 재산·채무 개요 재산·채무 조회 3개월 기한 상속등기와의 순서 주민등록번호·계좌 비밀번호 등 민감정보는 남기지 마세요. 이 안내는 일반 정보이며 개별 법률 자문·수임 확정이 아닙니다. 비용 안내 상담 문의 자체는 상황 확인을 위한 것이며, 수임료·공과금은 사건 확인 후 구분해 안내합니다. 관할·접근 안내 남겨주신 상황을 확인한 뒤 관할·서류·절차를 안내합니다. 확정 견적은 사건 확인 후입니다. 사망일 재산·채무 개요 법무사 의견 업무명을 몰라도, 서류가 없어도 현재 상황만 알려 주시면 됩니다. 필요한 절차를 확인한 뒤 안내드립니다. 상담 시 확인하는 내용 한정승인 상담 사건은 서류·관할·기한에 따라 진행 순서가 달라집니다. 다옴법무사사무소는 부산 해운대",203,0,,부산 한정승인>/부산한정승인 || 한정승인 업무안내>/services/qualified-acceptance || 한정승인 비용>/한정승인비용 || 한정승인 기한>/한정승인기간 || 부산 상속포기>/부산상속포기 || 부산 상속등기>/부산상속등기 || 부산가정법원 한정승인>/부산가정법원상속 || 한정승인 상담 사례>/services/cases/dongnae-qualified-acceptance-consultation || 한정승인 절차 FAQ>/faq/qualified-acceptance-procedure || 한정승인 선택 시기 FAQ>/faq/when-to-choose-qualified-acceptance || 상속포기·한정승인 비교>/blog/inheritance-renunciation-vs-qualified-acceptance || 부산 한정승인 상담>/contact,홈 > 한정승인 상담,yes,WebPage,,SERP_UNVERIFIED,qualified-supporting,qualified-acceptance,재산은받되채무는상속재산범위로제한하는절차입니다.조회·기한·서류를상황에맞춰안내합니다.재산은받되채무는상속재산범위로제한하는절차입니다.조회·기한·서류를상
/동래역법무사,generated,"index,follow",yes,/동래역법무사,동래역 법무사｜동래·낙민동 등기 상담,동래역·낙민동 법무사. 지급명령·상속등기·부동산등기. 동래구 온천·재건축 인근 — 다옴법무사. 해운대·센텀 다옴법무사사무소에서 전화·카카오톡·방문(예약) 상담이 가능합니다.,동래역 법무사｜동래·낙민동 등기 상담,동래역·낙민동 법무사. 지급명령·상속등기·부동산등기. 동래구 온천·재건축 인근 — 다옴법무사. 해운대·센텀 다옴법무사사무소에서 전화·카카오톡·방문(예약) 상담이 가능합니다.,동래역 법무사 — 동래·낙민동 상속·등기 상담,지역 생활권 안내 | 이 생활권에서 상담하는 업무 | 관할·등기소 안내 | 법무사 상담이 필요한 경우 | 법무사 의견 | 이 지역의 도시철도·전철에서 찾는 경우 | 동래역 인근에서 법무사 업무를 문의할 때,동래역 인근에서 상속등기를 미루다가 상속포기·한정승인 3개월 기한을 놓치는 경우가 있습니다. 재건축 조합원 지위 승계·분양권 이슈는 일반 매매와 서류가 다릅니다. 동래 법무사 상담 시에는 등기와 별도로 미수 관리비·채무에 대한 지급명령 필요 여부도 함께 짚어 드립니다. 동래역 법무사 상담은 1호선·동해선 환승역 인근 낙민동·온천동·명륜동 주거지의 상속·매매·재건축 관련 등기 수요에 맞춰 진행합니다. 온천장·사직야구장 인근 오래된 아파트는 상속과 재건축 단계가 겹치는 사례가 있습니다. 동래역 생활권에서는 채무 문제로 지급명령을 검토하면서 동시에 부모님 명의 부동산 상속을 준비하시는 경우도 있습니다. 다옴법무사사무소가 절차 순서를 정리해 드립니다. 사망·매매·재건축 단계 등 상황을 파악합니다. 등기부·가족관계증명서로 상속인·권리관계를 확인합니다. 상속포기·한정승인 기한과 등기 일정을 함께 봅니다. 관할 등기소 접수·완료까지 안내합니다. 등기부등본 가족관계·기본증명서 상속재산분할협의서 매,457,4,/동래구법무사::동래역 법무사 || /동래구법무사::동래역 생활권 안내 || /사직동법무사::동래역 법무사 || /온천동법무사::동래역 법무사,지급명령·민사>/민사소송 || 상속등기>/services/inheritance-registration || 부동산등기>/services/real-estate-registration || 동래구 상속등기>/동래구상속등기 || 부산 전역 업무 선택 안내>/부산법무사 || 부산 재건축 등기>/부산재건축등기 || 지급명령 자가진단>/지급명령자가진단 || 동래구 법무사 종합 안내>/동래구법무사 || 다옴법무사사무소 상담 안내>/부산법무사상담 || 추천·사무실·상담 검색을 나누는 방법>/blog/busan-lawyer-recommend-office-consult || 전화 010-4277-1279>tel:01042771279 || 카카오톡 상담>https://pf.kakao.com/_Bvhxnn/chat,홈 > 부산 법률지도 > 동래구 법무사 종합 안내 > 동래역 법무사,yes,WebPage+FAQ,,SERP_UNVERIFIED,other,inheritance-registration,동래역인근에서상속등기를미루다가상속포기·한정승인3개월기한을놓치는경우가있습니다.재건축조합원지위승계·분양권이슈는일반매매와서류가다릅니다.동래법무사상담시
/정관법무사,generated,"index,follow",yes,/정관법무사,정관 법무사｜기장군·토지상속 등기,정관·기장군 법무사. 토지상속등기·부동산등기·법인등기. 정관신도시·공장 단지 — 다옴법무사. 해운대·센텀 다옴법무사사무소에서 전화·카카오톡·방문(예약) 상담이 가능합니다.,정관 법무사｜기장군·토지상속 등기,정관·기장군 법무사. 토지상속등기·부동산등기·법인등기. 정관신도시·공장 단지 — 다옴법무사. 해운대·센텀 다옴법무사사무소에서 전화·카카오톡·방문(예약) 상담이 가능합니다.,정관 법무사 — 기장군 토지·주택·법인 등기,지역 생활권 안내 | 이 생활권에서 상담하는 업무 | 관할·등기소 안내 | 법무사 상담이 필요한 경우 | 법무사 의견 | 상담 시 확인하는 내용,정관 토지 상속은 상속인이 여러 명이고 지적도·지목이 복잡해 협의분할이 어려운 경우가 많습니다. 공장 법인은 토지·건물 근저당과 임원변경이 겹칩니다. 기장 법무사 상담 시 취득세·농지 취득 자격 여부를 함께 짚어 드립니다. 정관 법무사 상담은 기장군 정관읍·정관신도시 일대 토지·전원주택·공장 부지의 상속·매매·법인등기 수요에 맞춰 진행합니다. 농지·임야·공장 토지는 일반 아파트와 취득·등기 요건이 다릅니다. 지적도·등기부·가족관계 확인 토지·건물·농지 요건 검토 협의분할·취득세 안내 관할 등기소 접수 등기부등본·지적도 가족관계증명서 상속재산분할협의서 농지·토지 관련 서류 법인 정관(해당 시) 정관에서 정관읍·신도시 토지·주택 상속등기를 검토 중이시라면 상담을 권합니다. 정관에서 농지·임야·전원주택 매매·증여 등기를 검토 중이시라면 상담을 권합니다. 정관에서 정관 공장·물류 법인 설립·본점이전를 검토 중이시라면 상담을 권합니다. 정관에서 형제 간 토지 분할·협의서 작성를 검토 중이시라,381,5,/기장군법무사::정관 || /기장군법무사::정관 법무사 || /일광읍법무사::정관 법무사 || /기장읍법무사::정관 법무사 || /기장법무사::정관 법무사,토지상속등기>/부산토지상속등기 || 상속등기>/services/inheritance-registration || 부동산등기>/services/real-estate-registration || 법인등기>/services/corporate-registration || 정관 법인등기>/정관법인등기 || 부산 전역 업무 선택 안내>/부산법무사 || 기장군 부동산등기>/기장군부동산등기 || 기장읍 법무사>/기장읍법무사 || 일광읍 법무사>/일광읍법무사 || 기장 토지상속등기>/기장토지상속등기 || 전화 010-4277-1279>tel:01042771279 || 카카오톡 상담>https://pf.kakao.com/_Bvhxnn/chat,홈 > 부산 법률지도 > 기장군 법무사 종합 안내 > 정관 법무사,yes,WebPage+FAQ,,SERP_UNVERIFIED,other,inheritance-registration,정관토지상속은상속인이여러명이고지적도·지목이복잡해협의분할이어려운경우가많습니다.공장법인은토지·건물근저당과임원변경이겹칩니다.기장법무사상담시취득세·농지
/하단법무사,generated,"index,follow",yes,/하단법무사,하단 법무사｜사하구 등기·지급명령,하단·사하구 법무사. 부동산등기·상속등기·지급명령. 하단역·괴정동 — 다옴법무사. 해운대·센텀 다옴법무사사무소에서 전화·카카오톡·방문(예약) 상담이 가능합니다.,하단 법무사｜사하구 등기·지급명령,하단·사하구 법무사. 부동산등기·상속등기·지급명령. 하단역·괴정동 — 다옴법무사. 해운대·센텀 다옴법무사사무소에서 전화·카카오톡·방문(예약) 상담이 가능합니다.,하단 법무사 — 사하구 부동산·상속 등기,지역 생활권 안내 | 이 생활권에서 상담하는 업무 | 관할·등기소 안내 | 법무사 상담이 필요한 경우 | 법무사 의견 | 상담 시 확인하는 내용,하단동 아파트 상속은 상속인이 여러 명일 때 협의가 안 되면 등기가 멈춥니다. 매매는 전세 세입자·근저당이 있으면 말소 일정이 관건입니다. 사하구 법무사 상담 시 상속과 채권 회수를 동시에 들고 오셔도 절차를 나눠 안내합니다. 하단 법무사 상담은 사하구 하단동·괴정동·당리동·장림동 일대 실거주 아파트·상가의 상속·매매·전세 등기와 채무(지급명령) 문의에 맞춰 진행합니다. 하단역·사하역 인근은 서부산·남부산을 잇는 주거 중심지입니다. 상속·매매·채권 중 우선순위 확인 등기부·가족관계·계약서 검토 서류·관할·기한 안내 접수·완료 확인 등기부등본 가족관계증명서 매매·협의서 인감증명서 채권 증빙(지급명령) 하단에서 하단동·괴정동 아파트 상속등기를 검토 중이시라면 상담을 권합니다. 하단에서 사하구 부동산 매매·증여 등기를 검토 중이시라면 상담을 권합니다. 하단에서 전세·임대차 종료 후 매도 등기를 검토 중이시라면 상담을 권합니다. 하단에서 미수 임대료·대여금 지급명령를 검토 중이시라면 상담을,379,4,/사하구법무사::하단 || /사하구법무사::하단 법무사 || /다대동법무사::하단 법무사 || /괴정동법무사::하단 법무사,부동산등기>/services/real-estate-registration || 상속등기>/services/inheritance-registration || 지급명령>/민사소송 || 사하구 상속등기>/사하구상속등기 || 사하구 부동산등기>/사하구부동산등기 || 부산 전역 업무 선택 안내>/부산법무사 || 하단역 인근 안내>/하단역 || 지급명령 자가진단>/지급명령자가진단 || 사하구 법무사 종합 안내>/사하구법무사 || 다옴법무사사무소 상담 안내>/부산법무사상담 || 전화 010-4277-1279>tel:01042771279 || 카카오톡 상담>https://pf.kakao.com/_Bvhxnn/chat,홈 > 부산 법률지도 > 사하구 법무사 종합 안내 > 하단 법무사,yes,WebPage+FAQ,,SERP_UNVERIFIED,other,inheritance-registration,하단동아파트상속은상속인이여러명일때협의가안되면등기가멈춥니다.매매는전세세입자·근저당이있으면말소일정이관건입니다.사하구법무사상담시상속과채권회수를동시에들
/좌동법무사,generated,"index,follow",yes,/좌동법무사,좌동 법무사｜장산역·신시가지 상속 상담,좌동·장산역·해운대신시가지 대단지 아파트 상속·매매·한정승인 상담. 센텀 다옴법무사사무소. 해운대·센텀 다옴법무사사무소에서 전화·카카오톡·방문(예약) 상담이 가능합니다.,좌동 법무사｜장산역·신시가지 상속 상담,좌동·장산역·해운대신시가지 대단지 아파트 상속·매매·한정승인 상담. 센텀 다옴법무사사무소. 해운대·센텀 다옴법무사사무소에서 전화·카카오톡·방문(예약) 상담이 가능합니다.,좌동 법무사 — 장산역 신시가지의 대단지 아파트 상담,지역 생활권 안내 | 이 생활권에서 상담하는 업무 | 관할·등기소 안내 | 법무사 상담이 필요한 경우 | 법무사 의견 | 이 지역의 도시철도·전철에서 찾는 경우 | 장산역·좌동에서 등기를 준비할 때,"좌동에서 상속을 논의하다 보면 ‘형제는 모두 동의하지만 집을 누구 명의로 할지 결정하지 못했다’, ‘부모님 채무가 있는지 몰라 상속등기를 먼저 해도 되는지 걱정된다’, ‘세입자의 계약 만료 전에 매도하고 싶다’는 문제가 함께 나옵니다. 상속등기는 사망 사실만으로 자동 완료되지 않으며, 법정상속분대로 등기할지 협의분할로 이전할지를 선택해야 합니다. 채무가 우려될 때는 상속포기·한정승인의 기간과 효과를 부동산 이전보다 먼저 검토할 수 있습니다. 또한 아파트 관리비·임대차 보증금·근저당의 존재는 상속인 사이에서 실제 정산 문제로 이어질 수 있으므로, 등기부와 계약서만이 아니라 재산·채무 목록을 같이 정리하는 편이 좋습니다. 장산역 인근 대단지의 빠른 매도를 목표로 하더라도, 상속인 전원의 서류가 준비되지 않으면 계약 일정에 영향을 줄 수 있음을 미리 안내합니다. 좌동에서는 장산역 신시가지의 대단지 아파트를 볼 때 상속인 협의와 세입자 있는 아파트의 처분 결정를 가족관계증명서·협의분할서·임",703,6,/해운대구상속포기::좌동 법무사 || /해운대법무사::좌동 법무사 || /반여동법무사::좌동 || /반여동법무사::좌동 법무사 || /우동법무사::좌동 법무사 || /좌동법무사::좌동·장산 생활권,상속등기>/services/inheritance-registration || 한정승인>/services/qualified-acceptance || 부동산등기>/services/real-estate-registration || 상속포기 안내>/상속포기 || 해운대 법무사>/해운대법무사 || 우동 법무사>/우동법무사 || 해운대 상속등기>/해운대상속등기 || 다옴법무사사무소 상담 안내>/부산법무사상담 || 추천·사무실·상담 검색을 나누는 방법>/blog/busan-lawyer-recommend-office-consult || 부산 법무사 고를 때 관할 등기소·법원부터 확인하는 이유>/blog/busan-lawyer-jurisdiction-checklist || 전화 010-4277-1279>tel:01042771279 || 카카오톡 상담>https://pf.kakao.com/_Bvhxnn/chat,홈 > 부산 법률지도 > 해운대구 법무사 종합 안내 > 좌동 법무사,yes,WebPage+FAQ,,SERP_UNVERIFIED,other,inheritance-registration,"좌동에서상속을논의하다보면‘형제는모두동의하지만집을누구명의로할지결정하지못했다’,‘부모님채무가있는지몰라상속등기를먼저해도되는지걱정된다’,‘세입자의계약만"
/사직동법무사,generated,"index,follow",yes,/사직동법무사,사직동 법무사｜야구장·구축아파트 상속,사직동 법무사 — 사직야구장·사직역 인근 구축아파트 상속·재건축 명의·매매 등기. 동래구 사직동은 센텀에서 상담합니다. 해운대·센텀 다옴법무사사무소에서 전화·카카오톡·방문(예약) 상담이 가능합니다.,사직동 법무사｜야구장·구축아파트 상속,사직동 법무사 — 사직야구장·사직역 인근 구축아파트 상속·재건축 명의·매매 등기. 동래구 사직동은 센텀에서 상담합니다. 해운대·센텀 다옴법무사사무소에서 전화·카카오톡·방문(예약) 상담이 가능합니다.,사직동 법무사 — 사직야구장 인근 구축 아파트와 단독주택 상담,지역 생활권 안내 | 이 생활권에서 상담하는 업무 | 관할·등기소 안내 | 법무사 상담이 필요한 경우 | 법무사 의견,"사직동에서는 ‘상속등기를 하지 않은 구축 아파트가 재건축 논의 대상이 되었다’, ‘부모님 명의 단독주택의 토지와 건물 지분이 다르다’, ‘형제 중 한 명은 보유를 원하고 다른 사람은 매도를 원한다’는 고민이 나옵니다. 정비사업의 진행 여부와 관계없이 현 등기 명의 및 상속인 범위를 먼저 확인해야 이후 조합 서류, 매매계약, 담보대출에서 혼선을 줄일 수 있습니다. 공동상속 상태로 오래 두면 의사결정 때마다 상속인 전원의 참여가 필요해질 수 있으므로 법정지분 등기와 협의분할 중 어떤 방식이 적합한지 검토합니다. 구축 주택은 오래된 등기부에 말소되지 않은 권리나 주소 불일치가 발견될 수 있어 계약 직전보다 이른 시점의 확인이 낫습니다. 상담에서는 재건축 가능성을 단정하지 않고 현재 등기와 가족관계, 임대차·채무 현황을 바탕으로 필요한 절차와 서류부터 정리합니다. 사직동에서는 사직야구장 인근 구축 아파트와 단독주택를 볼 때 정비사업 관련 논의와 상속 명의 정리의 구분를 토지·건물 등기부와 ",666,7,/동래구상속등기::사직동 법무사 || /동래구한정승인::사직동 법무사 || /동래구부동산등기::사직동 법무사 || /동래구법무사::사직동 || /동래구법무사::사직동 법무사 || /안락동법무사::사직동 법무사 || /온천동법무사::사직동 법무사,상속등기>/services/inheritance-registration || 부산 재건축 등기>/부산재건축등기 || 부동산등기>/services/real-estate-registration || 한정승인>/services/qualified-acceptance || 동래구 법무사>/동래구법무사 || 동래역 법무사>/동래역법무사 || 동래구 상속등기>/동래구상속등기 || 다옴법무사사무소 상담 안내>/부산법무사상담 || 추천·사무실·상담 검색을 나누는 방법>/blog/busan-lawyer-recommend-office-consult || 부산 법무사 고를 때 관할 등기소·법원부터 확인하는 이유>/blog/busan-lawyer-jurisdiction-checklist || 전화 010-4277-1279>tel:01042771279 || 카카오톡 상담>https://pf.kakao.com/_Bvhxnn/chat,홈 > 부산 법률지도 > 동래구 법무사 종합 안내 > 사직동 법무사,yes,WebPage+FAQ,,SERP_UNVERIFIED,other,inheritance-registration,"사직동에서는‘상속등기를하지않은구축아파트가재건축논의대상이되었다’,‘부모님명의단독주택의토지와건물지분이다르다’,‘형제중한명은보유를원하고다른사람은매도를"
/화명동법무사,generated,"index,follow",yes,/화명동법무사,화명동 법무사｜신도시 아파트 매매·상속,화명신도시 대단지 아파트 매매·상속·증여 등기 상담. 북구 화명동 생활권 다옴법무사. 해운대·센텀 다옴법무사사무소에서 전화·카카오톡·방문(예약) 상담이 가능합니다.,화명동 법무사｜신도시 아파트 매매·상속,화명신도시 대단지 아파트 매매·상속·증여 등기 상담. 북구 화명동 생활권 다옴법무사. 해운대·센텀 다옴법무사사무소에서 전화·카카오톡·방문(예약) 상담이 가능합니다.,화명동 법무사 — 화명신도시 대단지 실거주 아파트 상담,지역 생활권 안내 | 이 생활권에서 상담하는 업무 | 관할·등기소 안내 | 법무사 상담이 필요한 경우 | 법무사 의견,"화명동에서 자주 듣는 질문은 ‘아파트 잔금일에 매도인의 대출 말소가 늦으면 어떻게 되는가’, ‘부모님이 남긴 아파트를 세 자녀가 어떻게 나누는가’, ‘부부 공동명의 중 한 지분을 자녀에게 넘길 수 있는가’입니다. 매매에서는 말소와 이전등기가 같은 날 진행되는 구조를 이해하고, 금융기관 서류·매도인 인감·취득세 신고의 준비 시점을 맞춰야 합니다. 상속에서는 상속인 전원이 합의한 분할 방식이 등기신청과 맞아야 하고, 상속재산 중 부동산 외 채무나 예금도 있는지 살펴볼 필요가 있습니다. 증여는 가족 사이의 합의만으로 끝나는 것이 아니라 이전 원인에 맞는 서류와 세금 신고 검토가 필요합니다. 화명신도시의 대단지라는 이유로 절차가 단순해지는 것은 아니므로, 동·호수와 권리관계별로 확인한 뒤 거래·상속 일정을 정리합니다. 화명동에서는 화명신도시 대단지 실거주 아파트를 볼 때 대출 말소 일정과 가족 간 지분 이전의 선택를 매매·증여계약서와 금융기관 말소 서류와 맞춰 확인합니다. 다옴법무사사무소는",617,4,/북구부동산등기::화명동 법무사 || /북구법무사::화명동 || /북구법무사::화명동 법무사 || /구포동법무사::화명동 법무사,부동산등기>/services/real-estate-registration || 소유권이전등기>/services/ownership-transfer || 상속등기>/services/inheritance-registration || 근저당말소등기>/부산근저당말소등기 || 북구 법무사>/북구법무사 || 덕천동 법무사>/덕천동법무사 || 북구 상속등기>/북구상속등기 || 다옴법무사사무소 상담 안내>/부산법무사상담 || 추천·사무실·상담 검색을 나누는 방법>/blog/busan-lawyer-recommend-office-consult || 부산 법무사 고를 때 관할 등기소·법원부터 확인하는 이유>/blog/busan-lawyer-jurisdiction-checklist || 전화 010-4277-1279>tel:01042771279 || 카카오톡 상담>https://pf.kakao.com/_Bvhxnn/chat,홈 > 부산 법률지도 > 북구 법무사 종합 안내 > 화명동 법무사,yes,WebPage+FAQ,,SERP_UNVERIFIED,other,real-estate-registration,"화명동에서자주듣는질문은‘아파트잔금일에매도인의대출말소가늦으면어떻게되는가’,‘부모님이남긴아파트를세자녀가어떻게나누는가’,‘부부공동명의중한지분을자녀에게"
/부곡동법무사,generated,"index,follow",yes,/부곡동법무사,부곡동 법무사｜부산대 원룸·한정승인,"부곡동·부산대 인근 원룸·다가구 임대차, 상속채무 한정승인·상속등기 상담. 다옴법무사. 해운대·센텀 다옴법무사사무소에서 전화·카카오톡·방문(예약) 상담이 가능합니다.",부곡동 법무사｜부산대 원룸·한정승인,"부곡동·부산대 인근 원룸·다가구 임대차, 상속채무 한정승인·상속등기 상담. 다옴법무사. 해운대·센텀 다옴법무사사무소에서 전화·카카오톡·방문(예약) 상담이 가능합니다.",부곡동 법무사 — 부산대 인근 원룸·다가구 임대 주택 상담,지역 생활권 안내 | 이 생활권에서 상담하는 업무 | 관할·등기소 안내 | 법무사 상담이 필요한 경우 | 법무사 의견,"부곡동에서 갑작스러운 상속을 맞으면 원룸 보증금과 담보대출 중 어느 것이 더 큰지 알기 어려워 상속등기를 먼저 해야 하는지 문의하는 경우가 많습니다. 상속포기·한정승인은 기간이 문제될 수 있으므로, 부동산 명의 이전이나 임차인과의 개별 합의보다 먼저 상속재산과 채무를 목록화하는 것이 필요합니다. 원룸 건물의 월세가 들어온다고 해서 순재산이 있다는 뜻은 아니며, 보증금 반환 의무·선순위 담보·세금 체납까지 함께 봐야 합니다. 반대로 한정승인을 검토하는 동안에도 임차인의 생활에 영향을 주는 긴급한 관리 문제가 생길 수 있어, 상속인 지위와 관리 행위를 구별해 대응할 필요가 있습니다. 상담에서는 부산대 인근이라는 지역 특성을 반영해 다수 임대차계약서, 보증금 현황, 건물 등기부를 한 장의 사건 개요로 정리하고 가정법원 절차와 이후 상속등기의 순서를 안내합니다. 부곡동에서는 부산대 인근 원룸·다가구 임대 주택를 볼 때 상속채무 판단과 다수 임차인 보증금 현황의 정리를 임대차계약서·대출 자료",632,7,/금정구상속등기::부곡동 법무사 || /금정구한정승인::부곡동 법무사 || /금정구부동산등기::부곡동 법무사 || /금정구법무사::부곡동 || /금정구법무사::부곡동 법무사 || /구서동법무사::부곡동 법무사 || /장전동법무사::부곡동 법무사,한정승인>/services/qualified-acceptance || 상속포기>/상속포기 || 상속등기>/services/inheritance-registration || 다가구주택 상속등기>/부산다가구주택상속등기 || 금정구 법무사>/금정구법무사 || 부산대 인근 법무사>/부산대법무사 || 부산 한정승인 안내>/부산한정승인 || 다옴법무사사무소 상담 안내>/부산법무사상담 || 추천·사무실·상담 검색을 나누는 방법>/blog/busan-lawyer-recommend-office-consult || 부산 법무사 고를 때 관할 등기소·법원부터 확인하는 이유>/blog/busan-lawyer-jurisdiction-checklist || 전화 010-4277-1279>tel:01042771279 || 카카오톡 상담>https://pf.kakao.com/_Bvhxnn/chat,홈 > 부산 법률지도 > 금정구 법무사 종합 안내 > 부곡동 법무사,yes,WebPage+FAQ,,SERP_UNVERIFIED,other,qualified-acceptance,부곡동에서갑작스러운상속을맞으면원룸보증금과담보대출중어느것이더큰지알기어려워상속등기를먼저해야하는지문의하는경우가많습니다.상속포기·한정승인은기간이문제될수
/일광읍법무사,generated,"index,follow",yes,/일광읍법무사,일광읍 법무사｜해수욕장·신축 상속 상담,"일광해수욕장·일광신도시 신축 주택, 관광 상가, 전원 부동산 상속·매매 등기 상담. 다옴법무사. 해운대·센텀 다옴법무사사무소에서 전화·카카오톡·방문(예약) 상담이 가능합니다.",일광읍 법무사｜해수욕장·신축 상속 상담,"일광해수욕장·일광신도시 신축 주택, 관광 상가, 전원 부동산 상속·매매 등기 상담. 다옴법무사. 해운대·센텀 다옴법무사사무소에서 전화·카카오톡·방문(예약) 상담이 가능합니다.",일광읍 법무사 — 일광해수욕장 관광 상가와 신축·전원 주거 상담,지역 생활권 안내 | 이 생활권에서 상담하는 업무 | 관할·등기소 안내 | 법무사 상담이 필요한 경우 | 법무사 의견,"일광읍에서는 ‘신축 아파트 입주 후 상속 문제가 생겼다’, ‘해수욕장 근처 부모님 상가를 형제들이 나눠야 한다’, ‘전원주택 토지와 건물 명의가 달라 무엇부터 해야 하는가’라는 질문이 있습니다. 상속등기는 사망 이후 부동산을 누구 명의로 둘지 정하는 절차이므로, 신축 아파트든 오래된 토지든 상속인과 협의 내용, 등기부상 권리를 확인해야 합니다. 관광 상가의 경우 임차인 보증금·계약기간·영업 시설 관련 약정까지 함께 확인하지 않으면 매도 또는 임대 승계 과정에서 문제가 생길 수 있습니다. 전원주택은 도로·지목 등 토지 관련 자료의 확인이 추가로 필요할 수 있으며, 토지와 건물을 각각 등기해야 하는 구조도 있습니다. 일광신도시의 신규 거래는 잔금·대출·취득세 일정이 중요하지만, 상속인이 있는 경우 먼저 처분 권한과 명의 정리 여부를 검토해야 합니다. 상담에서는 해안 관광지라는 추상적 설명보다 대상 부동산의 종류와 가족의 이용 계획에 맞춰 절차를 안내합니다. 일광읍에서는 일광해수욕장 관광",632,6,/기장군상속포기::일광읍 법무사 || /기장군법인등기::일광읍 법무사 || /기장군법무사::일광읍 법무사 || /정관법무사::일광읍 법무사 || /기장읍법무사::일광읍 법무사 || /오시리아법무사::일광읍 법무사,상속등기>/services/inheritance-registration || 부동산등기>/services/real-estate-registration || 토지상속등기>/부산토지상속등기 || 신축 아파트 등기>/부산신축아파트소유권이전등기 || 기장군 법무사>/기장군법무사 || 정관 법무사>/정관법무사 || 기장군 상속등기>/기장군상속등기 || 다옴법무사사무소 상담 안내>/부산법무사상담 || 추천·사무실·상담 검색을 나누는 방법>/blog/busan-lawyer-recommend-office-consult || 부산 법무사 고를 때 관할 등기소·법원부터 확인하는 이유>/blog/busan-lawyer-jurisdiction-checklist || 전화 010-4277-1279>tel:01042771279 || 카카오톡 상담>https://pf.kakao.com/_Bvhxnn/chat,홈 > 부산 법률지도 > 기장군 법무사 종합 안내 > 일광읍 법무사,yes,WebPage+FAQ,,SERP_UNVERIFIED,other,inheritance-registration,"일광읍에서는‘신축아파트입주후상속문제가생겼다’,‘해수욕장근처부모님상가를형제들이나눠야한다’,‘전원주택토지와건물명의가달라무엇부터해야하는가’라는질문이있"
/남포동법무사,generated,"index,follow",yes,/남포동법무사,남포동 법무사｜원도심 상가·상속 등기,"남포동·자갈치 원도심 상가, 오래된 주택·건물의 매매·상속·근저당 등기 상담. 다옴법무사. 해운대·센텀 다옴법무사사무소에서 전화·카카오톡·방문(예약) 상담이 가능합니다.",남포동 법무사｜원도심 상가·상속 등기,"남포동·자갈치 원도심 상가, 오래된 주택·건물의 매매·상속·근저당 등기 상담. 다옴법무사. 해운대·센텀 다옴법무사사무소에서 전화·카카오톡·방문(예약) 상담이 가능합니다.",남포동 법무사 — 자갈치·원도심의 다수 임차인 상가와 오래된 건물 상담,지역 생활권 안내 | 이 생활권에서 상담하는 업무 | 관할·등기소 안내 | 법무사 상담이 필요한 경우 | 법무사 의견,"남포동에서는 ‘부모님이 운영하던 점포 건물을 상속받았는데 토지는 다른 친족 명의다’, ‘자갈치 인근 상가를 사면서 기존 임차인과 권리금 계약을 어떻게 봐야 하나’, ‘공동상속인 중 일부가 연락되지 않아 매도를 못 한다’는 문제가 생깁니다. 상가 건물의 영업권·권리금은 상황에 따라 계약 대상이 될 수 있으나, 토지·건물 소유권의 등기 이전이나 임대차 보증금 책임을 자동으로 해결하지 않습니다. 상속은 상속인 전원의 범위와 분할 합의를 확인해야 하며, 오래된 원도심 건물은 토지·건물·대지권 등 대상이 여러 개일 수 있습니다. 매매에서는 매도인이 근저당을 말소할 의무가 있는지, 임차 보증금을 누가 승계하는지, 기존 점유자가 언제 인도하는지 계약서에 분명히 반영할 필요가 있습니다. 상담에서는 원도심 상가의 역사나 상권 가치를 평가하지 않고, 등기부·가족관계·임대차 자료를 기준으로 처분과 명의 정리에 필요한 절차를 안내합니다. 남포동에서는 자갈치·원도심의 다수 임차인 상가와 오래된 건물를 볼 ",674,2,/중구법무사::남포동 || /중구법무사::남포동 법무사,부동산등기>/services/real-estate-registration || 부산 상가등기>/부산상가등기 || 상속등기>/services/inheritance-registration || 근저당말소등기>/부산근저당말소등기 || 중구 법무사>/중구법무사 || 부산역 법무사>/부산역법무사 || 부산 부동산등기 법무사>/부산부동산등기법무사 || 다옴법무사사무소 상담 안내>/부산법무사상담 || 추천·사무실·상담 검색을 나누는 방법>/blog/busan-lawyer-recommend-office-consult || 부산 법무사 고를 때 관할 등기소·법원부터 확인하는 이유>/blog/busan-lawyer-jurisdiction-checklist || 전화 010-4277-1279>tel:01042771279 || 카카오톡 상담>https://pf.kakao.com/_Bvhxnn/chat,홈 > 부산 법률지도 > 중구 법무사 종합 안내 > 남포동 법무사,yes,WebPage+FAQ,,SERP_UNVERIFIED,other,real-estate-registration,"남포동에서는‘부모님이운영하던점포건물을상속받았는데토지는다른친족명의다’,‘자갈치인근상가를사면서기존임차인과권리금계약을어떻게봐야하나’,‘공동상속인중일부"
/초량동법무사,generated,"index,follow",yes,/초량동법무사,초량동 법무사｜좌천·수정동 상속·등기,"초량동·좌천동·수정동 다가구·상가 상속등기, 매매, 전세 정리. 부산역 배후 주거권 상담 — 해운대 센텀 다옴법무사. 해운대·센텀 다옴법무사사무소에서 전화·카카오톡·방문(예약) 상담이 가능합니다.",초량동 법무사｜좌천·수정동 상속·등기,"초량동·좌천동·수정동 다가구·상가 상속등기, 매매, 전세 정리. 부산역 배후 주거권 상담 — 해운대 센텀 다옴법무사. 해운대·센텀 다옴법무사사무소에서 전화·카카오톡·방문(예약) 상담이 가능합니다.",초량동 법무사 — 부산역 배후 주거·다가구와 항만 인접 상가 상담,지역 생활권 안내 | 이 생활권에서 상담하는 업무 | 관할·등기소 안내 | 법무사 상담이 필요한 경우 | 법무사 의견,"초량동에서는 ‘부모님 다가구를 상속받았는데 세입자가 넷이다’, ‘좌천동 집을 팔려면 형제 중 해외에 있는 사람의 서류가 필요하다’, ‘수정동 주택에 근저당이 남아 있는데 상속등기부터 해도 되나’는 문의가 많습니다. 다가구는 소유권이전과 각 임대차 승계·보증금 정산을 같은 날 처리하려다 서류가 어긋나기 쉽습니다. 상속채무가 불명확하면 상속등기보다 한정승인·상속포기 기한을 먼저 볼 수도 있습니다. 부산역 인근이라는 이유만으로 당일 해결을 기대하기보다, 임대차 목록과 상속인별 서류 확보 시점을 먼저 잡는 것이 보정·지연을 줄입니다. 초량동에서는 부산역 배후 주거·다가구와 항만 인접 상가를 볼 때 세입자 보증금 승계와 상속인 협의의 동시 정리를 다가구 임대차 목록·상속 협의서·근저당 말소 서류와 맞춰 확인합니다. 다옴법무사사무소는 해운대 센텀에서 상담합니다. 초량동은 부산역 배후의 다가구·다세대 주거와 항만·물류 관련 소규모 상가가 이어진 동구 생활권입니다. 부산역 법무사 안내가 역세권 상",567,3,/동구법무사::초량동 || /동구법무사::초량동 법무사 || /범일동법무사::초량동 법무사,상속등기>/services/inheritance-registration || 부동산등기>/services/real-estate-registration || 한정승인>/services/qualified-acceptance || 근저당말소>/부산근저당말소등기 || 동구 법무사>/동구법무사 || 부산역 법무사>/부산역법무사 || 범일동 법무사>/범일동법무사 || 법무사 상담 방법>/부산법무사상담 || 추천·사무실·상담 검색을 나누는 방법>/blog/busan-lawyer-recommend-office-consult || 부산 법무사 고를 때 관할 등기소·법원부터 확인하는 이유>/blog/busan-lawyer-jurisdiction-checklist || 전화 010-4277-1279>tel:01042771279 || 카카오톡 상담>https://pf.kakao.com/_Bvhxnn/chat,홈 > 부산 법률지도 > 동구 법무사 종합 > 초량동 법무사,yes,WebPage+FAQ,,SERP_UNVERIFIED,other,inheritance-registration,"초량동에서는‘부모님다가구를상속받았는데세입자가넷이다’,‘좌천동집을팔려면형제중해외에있는사람의서류가필요하다’,‘수정동주택에근저당이남아있는데상속등기부터"
/구포동법무사,generated,"index,follow",yes,/구포동법무사,구포동 법무사｜만덕동 회생·상속 상담,"구포동·만덕동 개인회생, 아파트 상속·매매등기. 덕천·화명과 다른 구포·만덕 생활권 안내 — 다옴법무사. 해운대·센텀 다옴법무사사무소에서 전화·카카오톡·방문(예약) 상담이 가능합니다.",구포동 법무사｜만덕동 회생·상속 상담,"구포동·만덕동 개인회생, 아파트 상속·매매등기. 덕천·화명과 다른 구포·만덕 생활권 안내 — 다옴법무사. 해운대·센텀 다옴법무사사무소에서 전화·카카오톡·방문(예약) 상담이 가능합니다.",구포동 법무사 — 구포역·만덕터널 생활권의 구축 아파트와 주택 상담,지역 생활권 안내 | 이 생활권에서 상담하는 업무 | 관할·등기소 안내 | 법무사 상담이 필요한 경우 | 법무사 의견,"구포동·만덕동에서는 ‘카드·대출을 합치면 상환이 어렵다’, ‘만덕동 집이 있어 회생이 불가능한가’, ‘구포동 아파트를 형제와 상속받았는데 한 명이 반대한다’는 문의가 있습니다. 담보 주택이 있다고 해서 회생 상담 자체가 불가능한 것은 아니며, 재산·소득·채권자 구성에 따라 검토합니다. 상속인 협의가 안 된 상태에서 매도 계약만 먼저 쓰면 잔금일에 명의 문제가 불거질 수 있습니다. 덕천동 페이지의 직장인 회생 사례와 혼동하지 않도록, 구포·만덕의 거주·담보·가족 관계를 기준으로 자료를 모읍니다. 구포동에서는 구포역·만덕터널 생활권의 구축 아파트와 주택를 볼 때 직장인 개인회생 자료와 주거 담보의 구분를 채권자 목록·소득증빙·등기부 담보 현황와 맞춰 확인합니다. 다옴법무사사무소는 해운대 센텀에서 상담합니다. 구포동은 구포역과 낙동강변, 만덕동은 만덕터널·금정산 방향으로 이어지는 북구 생활권입니다. 덕천동 회생 안내나 화명신도시 매매 안내와 달리, 구포·만덕은 구축 아파트·주택을 담보로 ",513,4,/북구상속등기::구포동 법무사 || /북구개인회생::구포동 법무사 || /북구상속포기::구포동 법무사 || /북구법무사::구포동 법무사,개인회생>/services/personal-rehabilitation || 상속등기>/services/inheritance-registration || 지급명령 자가진단>/지급명령자가진단 || 부동산등기>/services/real-estate-registration || 북구 법무사>/북구법무사 || 덕천동 법무사>/덕천동법무사 || 화명동 법무사>/화명동법무사 || 다옴법무사사무소 상담 안내>/부산법무사상담 || 추천·사무실·상담 검색을 나누는 방법>/blog/busan-lawyer-recommend-office-consult || 부산 법무사 고를 때 관할 등기소·법원부터 확인하는 이유>/blog/busan-lawyer-jurisdiction-checklist || 전화 010-4277-1279>tel:01042771279 || 카카오톡 상담>https://pf.kakao.com/_Bvhxnn/chat,홈 > 부산 법률지도 > 북구 법무사 종합 > 구포동 법무사,yes,WebPage+FAQ,,SERP_UNVERIFIED,other,personal-rehabilitation,"구포동·만덕동에서는‘카드·대출을합치면상환이어렵다’,‘만덕동집이있어회생이불가능한가’,‘구포동아파트를형제와상속받았는데한명이반대한다’는문의가있습니다."
/다대동법무사,generated,"index,follow",yes,/다대동법무사,다대동 법무사｜장림·감천 상속·등기,"다대동·장림동·감천동 아파트·주택 상속등기, 매매, 전세 정리. 사하 해안권 상담 — 다옴법무사. 해운대·센텀 다옴법무사사무소에서 전화·카카오톡·방문(예약) 상담이 가능합니다.",다대동 법무사｜장림·감천 상속·등기,"다대동·장림동·감천동 아파트·주택 상속등기, 매매, 전세 정리. 사하 해안권 상담 — 다옴법무사. 해운대·센텀 다옴법무사사무소에서 전화·카카오톡·방문(예약) 상담이 가능합니다.",다대동 법무사 — 다대포·장림·감천 해안 주거와 산업단지 배후 주택 상담,지역 생활권 안내 | 이 생활권에서 상담하는 업무 | 관할·등기소 안내 | 법무사 상담이 필요한 경우 | 법무사 의견,"다대동에서는 ‘해외에 있는 형제와 상속 협의를 어떻게 하냐’, ‘장림동 다가구를 팔려면 세입자를 모두 내보내야 하냐’, ‘감천동 집이 오래되어 서류가 불명확하다’는 문제가 나옵니다. 상속인 연락이 늦어지면 매도 잔금일을 먼저 잡기 어렵고, 세입자 있는 매매는 승계 특약이 핵심입니다. 오래된 건물은 토지·건물 등기부 명의가 다르거나 표시변경이 필요할 수 있어 사전 열람이 중요합니다. 다대동에서는 다대포·장림·감천 해안 주거와 산업단지 배후 주택를 볼 때 장기 보유 주택 상속과 매도 잔금일의 맞추기를 가족관계증명서·협의서·매매계약서·말소서류와 맞춰 확인합니다. 다옴법무사사무소는 해운대 센텀에서 상담합니다. 다대동은 다대포해수욕장과 다대포항 인근 주거권이고, 장림동·감천동은 산업단지 배후 주택·다가구가 이어집니다. 하단·괴정 역세권 안내와 달리 해안·공단 배후 부동산의 장기 보유 상속과 세대 교체 매도에 초점을 둡니다. 사망·상속인·부동산·임대차를 확인합니다. 협의분할 또는 법정지분 방식",482,3,/사하구부동산등기::다대동 법무사 || /사하구법무사::다대동 법무사 || /괴정동법무사::다대동 법무사,상속등기>/services/inheritance-registration || 부동산등기>/services/real-estate-registration || 소유권이전등기>/services/ownership-transfer || 상속포기>/상속포기 || 사하구 법무사>/사하구법무사 || 사하구 부동산등기>/사하구부동산등기 || 하단 법무사>/하단법무사 || 괴정동 법무사>/괴정동법무사 || 다옴법무사사무소 상담 안내>/부산법무사상담 || 추천·사무실·상담 검색을 나누는 방법>/blog/busan-lawyer-recommend-office-consult || 전화 010-4277-1279>tel:01042771279 || 카카오톡 상담>https://pf.kakao.com/_Bvhxnn/chat,홈 > 부산 법률지도 > 사하구 법무사 종합 > 다대동 법무사,yes,WebPage+FAQ,,SERP_UNVERIFIED,other,inheritance-registration,"다대동에서는‘해외에있는형제와상속협의를어떻게하냐’,‘장림동다가구를팔려면세입자를모두내보내야하냐’,‘감천동집이오래되어서류가불명확하다’는문제가나옵니다."
/개금동법무사,generated,"index,follow",yes,/개금동법무사,개금동 법무사｜가야·당감 상속·등기,"개금동·가야동·당감동 아파트 상속등기, 매매, 공동명의. 서면과 구분된 부산진 서부 주거권 — 다옴법무사. 해운대·센텀 다옴법무사사무소에서 전화·카카오톡·방문(예약) 상담이 가능합니다.",개금동 법무사｜가야·당감 상속·등기,"개금동·가야동·당감동 아파트 상속등기, 매매, 공동명의. 서면과 구분된 부산진 서부 주거권 — 다옴법무사. 해운대·센텀 다옴법무사사무소에서 전화·카카오톡·방문(예약) 상담이 가능합니다.",개금동 법무사 — 개금·가야·당감의 구축 아파트와 다세대 주거 상담,지역 생활권 안내 | 이 생활권에서 상담하는 업무 | 관할·등기소 안내 | 법무사 상담이 필요한 경우 | 법무사 의견,"개금동에서는 ‘형은 실거주하고 나는 서울인데 지분을 어떻게 하냐’, ‘가야동 다세대를 팔려는데 공유지분이 있다’, ‘당감동 아파트 대출을 상속인이 이어받을 수 있냐’는 질문이 나옵니다. 실거주자와 비거주자의 이해관계가 다르면 협의서에 정산 조건을 명확히 해야 이후 분쟁을 줄입니다. 공유지분 매매는 다른 공유자의 동의·우선매수 이슈를 확인할 수 있습니다. 대출 승계는 금융기관 심사 영역이므로 등기 상담과 별도로 안내합니다. 개금동에서는 개금·가야·당감의 구축 아파트와 다세대 주거를 볼 때 형제 상속 협의와 실거주자·비거주자의 정산를 협의서·등기부·임대차·대출 잔액 자료와 맞춰 확인합니다. 다옴법무사사무소는 해운대 센텀에서 상담합니다. 개금동·가야동·당감동은 서면·전포 상권의 서쪽에 있는 부산진구 주거 밀집 지역입니다. 서면법무사·전포동법무사 안내가 상가·오피스에 무게를 둔다면, 개금 허브는 실거주 아파트·다세대의 상속·매매·지분 정리에 맞춥니다. 상속인·부동산·담보·임대차를 확인합니다",461,4,/부산진구법무사::개금동 법무사 || /주례동법무사::개금동 법무사 || /연지동법무사::개금동 법무사 || /양정동법무사::개금·가야 생활권,상속등기>/services/inheritance-registration || 부동산등기>/services/real-estate-registration || 소유권이전등기>/services/ownership-transfer || 근저당말소>/부산근저당말소등기 || 부산진구 법무사>/부산진구법무사 || 서면 법무사>/서면법무사 || 연지동 법무사>/연지동법무사 || 다옴법무사사무소 상담 안내>/부산법무사상담 || 추천·사무실·상담 검색을 나누는 방법>/blog/busan-lawyer-recommend-office-consult || 부산 법무사 고를 때 관할 등기소·법원부터 확인하는 이유>/blog/busan-lawyer-jurisdiction-checklist || 전화 010-4277-1279>tel:01042771279 || 카카오톡 상담>https://pf.kakao.com/_Bvhxnn/chat,홈 > 부산 법률지도 > 부산진구 법무사 종합 > 개금동 법무사,yes,WebPage+FAQ,,SERP_UNVERIFIED,other,inheritance-registration,"개금동에서는‘형은실거주하고나는서울인데지분을어떻게하냐’,‘가야동다세대를팔려는데공유지분이있다’,‘당감동아파트대출을상속인이이어받을수있냐’는질문이나옵니"
/안락동법무사,generated,"index,follow",yes,/안락동법무사,안락동 법무사｜명장·수안 상속등기,"안락동·명장동·수안동 아파트·주택 상속등기, 매매. 온천·사직과 구분된 동래 동부 안내 — 다옴법무사. 해운대·센텀 다옴법무사사무소에서 전화·카카오톡·방문(예약) 상담이 가능합니다.",안락동 법무사｜명장·수안 상속등기,"안락동·명장동·수안동 아파트·주택 상속등기, 매매. 온천·사직과 구분된 동래 동부 안내 — 다옴법무사. 해운대·센텀 다옴법무사사무소에서 전화·카카오톡·방문(예약) 상담이 가능합니다.",안락동 법무사 — 안락·명장·수안의 동래 동부 주거와 온천천 생활권 상담,지역 생활권 안내 | 이 생활권에서 상담하는 업무 | 관할·등기소 안내 | 법무사 상담이 필요한 경우 | 법무사 의견,"안락동에서는 ‘조합 동의 전에 상속등기를 해야 하냐’, ‘명장동 집을 세 형제가 상속받았는데 한 명이 반대한다’, ‘수안동 주택을 손주에게 증여하려 한다’는 문의가 있습니다. 정비사업 동의·매도는 소유자 확정이 전제인 경우가 많아 상속 명의를 미루면 일정이 꼬일 수 있습니다. 반대하는 상속인이 있으면 협의분할이 어려워 다른 법적 경로를 검토해야 할 수 있어, 초기 상담에서 의사를 확인합니다. 안락동에서는 안락·명장·수안의 동래 동부 주거와 온천천 생활권를 볼 때 재건축·리모델링 논의와 상속 명의의 선행 정리를 등기부·조합 안내문·상속 협의서·가족관계 서류와 맞춰 확인합니다. 다옴법무사사무소는 해운대 센텀에서 상담합니다. 안락동은 온천천·동래 동부 주거권이고, 명장동·수안동은 인접한 생활권입니다. 동래역·온천동·사직동 안내와 달리 안락 허브는 동부 구축 단지·단독주택의 상속 명의와 처분 준비에 초점을 둡니다. 사망·상속인·부동산·채무를 확인합니다. 정비·매도 일정과 등기 선후를 정합니",466,1,/동래구법무사::안락동 법무사,상속등기>/services/inheritance-registration || 한정승인>/services/qualified-acceptance || 부동산등기>/services/real-estate-registration || 상속포기>/상속포기 || 동래구 법무사>/동래구법무사 || 사직동 법무사>/사직동법무사 || 온천동 법무사>/온천동법무사 || 다옴법무사사무소 상담 안내>/부산법무사상담 || 추천·사무실·상담 검색을 나누는 방법>/blog/busan-lawyer-recommend-office-consult || 부산 법무사 고를 때 관할 등기소·법원부터 확인하는 이유>/blog/busan-lawyer-jurisdiction-checklist || 전화 010-4277-1279>tel:01042771279 || 카카오톡 상담>https://pf.kakao.com/_Bvhxnn/chat,홈 > 부산 법률지도 > 동래구 법무사 종합 > 안락동 법무사,yes,WebPage+FAQ,,SERP_UNVERIFIED,other,inheritance-registration,"안락동에서는‘조합동의전에상속등기를해야하냐’,‘명장동집을세형제가상속받았는데한명이반대한다’,‘수안동주택을손주에게증여하려한다’는문의가있습니다.정비사업"
/구서동법무사,generated,"index,follow",yes,/구서동법무사,구서동 법무사｜서동·청룡 상속·한정승인,"구서동·서동·청룡동 다가구·아파트 상속, 한정승인, 매매등기. 부곡·장전과 구분된 금정 남부 — 다옴법무사. 해운대·센텀 다옴법무사사무소에서 전화·카카오톡·방문(예약) 상담이 가능합니다.",구서동 법무사｜서동·청룡 상속·한정승인,"구서동·서동·청룡동 다가구·아파트 상속, 한정승인, 매매등기. 부곡·장전과 구분된 금정 남부 — 다옴법무사. 해운대·센텀 다옴법무사사무소에서 전화·카카오톡·방문(예약) 상담이 가능합니다.",구서동 법무사 — 구서·서동·청룡의 금정 남부 주거와 역세권 아파트 상담,지역 생활권 안내 | 이 생활권에서 상담하는 업무 | 관할·등기소 안내 | 법무사 상담이 필요한 경우 | 법무사 의견,"구서동에서는 ‘임대보증금이 빚인지 헷갈린다’, ‘서동 다가구를 상속받으면 세입자를 다 내보내야 하냐’, ‘피상속인 카드 빚이 있어 한정승인을 고민한다’는 문의가 있습니다. 임대보증금은 반환 채무 성격이 있어 상속 재산 목록에 반영해 검토해야 할 수 있습니다. 한정승인은 기간과 방식에 엄격한 요건이 있어, 상속등기만 먼저 하는 것이 항상 유리하지 않습니다. 부곡동 페이지의 한정승인 각도와 겹치지 않게, 구서·서동·청룡은 역세권·구릉 주거의 임대·채무 결합 사례에 맞춰 설명합니다. 구서동에서는 구서·서동·청룡의 금정 남부 주거와 역세권 아파트를 볼 때 임대 수익형 주택의 상속과 임차인 보증금 정산를 임대차 목록·상속 협의서·등기부·소득·채무 자료와 맞춰 확인합니다. 다옴법무사사무소는 해운대 센텀에서 상담합니다. 구서동은 금정구 남부의 역세권·주거 밀집지이고, 서동·청룡동은 인접 생활권입니다. 부곡동(부산대)·장전동 안내와 달리 구서 허브는 임대 수익형 주택 상속과 채무 불명확 시 한정승",486,2,/금정구법무사::구서동 법무사 || /장전동법무사::구서동 법무사,한정승인>/services/qualified-acceptance || 상속등기>/services/inheritance-registration || 상속포기>/상속포기 || 부동산등기>/services/real-estate-registration || 금정구 법무사>/금정구법무사 || 부곡동 법무사>/부곡동법무사 || 장전동 법무사>/장전동법무사 || 다옴법무사사무소 상담 안내>/부산법무사상담 || 추천·사무실·상담 검색을 나누는 방법>/blog/busan-lawyer-recommend-office-consult || 부산 법무사 고를 때 관할 등기소·법원부터 확인하는 이유>/blog/busan-lawyer-jurisdiction-checklist || 전화 010-4277-1279>tel:01042771279 || 카카오톡 상담>https://pf.kakao.com/_Bvhxnn/chat,홈 > 부산 법률지도 > 금정구 법무사 종합 > 구서동 법무사,yes,WebPage+FAQ,,SERP_UNVERIFIED,other,qualified-acceptance,"구서동에서는‘임대보증금이빚인지헷갈린다’,‘서동다가구를상속받으면세입자를다내보내야하냐’,‘피상속인카드빚이있어한정승인을고민한다’는문의가있습니다.임대보"
/반송동법무사,generated,"index,follow",yes,/반송동법무사,반송동 법무사｜석대·회동 상속·등기,"반송동·석대동·회동동 아파트·토지 상속등기, 매매. 반여동과 구분된 해운대 서부 안내 — 다옴법무사. 해운대·센텀 다옴법무사사무소에서 전화·카카오톡·방문(예약) 상담이 가능합니다.",반송동 법무사｜석대·회동 상속·등기,"반송동·석대동·회동동 아파트·토지 상속등기, 매매. 반여동과 구분된 해운대 서부 안내 — 다옴법무사. 해운대·센텀 다옴법무사사무소에서 전화·카카오톡·방문(예약) 상담이 가능합니다.",반송동 법무사 — 반송·석대·회동의 해운대 서부 주거와 산업·물류 배후 상담,지역 생활권 안내 | 이 생활권에서 상담하는 업무 | 관할·등기소 안내 | 법무사 상담이 필요한 경우 | 법무사 의견,"반송동에서는 ‘반여동으로 알고 계약했는데 주소는 반송동이다’, ‘석대동 토지를 상속받았는데 지분이 여럿이다’, ‘회동동 임야·대지를 어떻게 나누냐’는 문제가 있습니다. 동 이름 오류는 잔금·세금 계산에 영향을 줄 수 있습니다. 토지 공유는 분할·매도·증여 중 어떤 원인으로 정리할지 초기에 정해야 합니다. 정비사업 소문이 있어도 등기 신청의 기준은 현재 소유자와 권리이므로, 조합 서류와 상속등기·매매등기 서류를 혼동하지 않도록 안내합니다. 반송동에서는 반송·석대·회동의 해운대 서부 주거와 산업·물류 배후를 볼 때 반여동과 다른 구축 단지·택지 정비 관련 명의 정리를 등기부·협의서·매매계약서·조합·임대차 자료와 맞춰 확인합니다. 다옴법무사사무소는 해운대 센텀에서 상담합니다. 반송동은 해운대구 서부의 주거·생활권이고, 석대동·회동동은 인접한 토지·주거 지역입니다. 반여동법무사 안내가 반여 대단지를 중심으로 한다면, 반송 허브는 구축 주거와 석대·회동 필지성 부동산의 상속·매도에 초점을 둡",474,0,,상속등기>/services/inheritance-registration || 부동산등기>/services/real-estate-registration || 소유권이전등기>/services/ownership-transfer || 근저당말소>/부산근저당말소등기 || 해운대 법무사>/해운대법무사 || 반여동 법무사>/반여동법무사 || 재송동 법무사>/재송동법무사 || 다옴법무사사무소 상담 안내>/부산법무사상담 || 추천·사무실·상담 검색을 나누는 방법>/blog/busan-lawyer-recommend-office-consult || 부산 법무사 고를 때 관할 등기소·법원부터 확인하는 이유>/blog/busan-lawyer-jurisdiction-checklist || 전화 010-4277-1279>tel:01042771279 || 카카오톡 상담>https://pf.kakao.com/_Bvhxnn/chat,홈 > 부산 법률지도 > 해운대구 법무사 종합 > 반송동 법무사,yes,WebPage+FAQ,,SERP_UNVERIFIED,other,inheritance-registration,"반송동에서는‘반여동으로알고계약했는데주소는반송동이다’,‘석대동토지를상속받았는데지분이여럿이다’,‘회동동임야·대지를어떻게나누냐’는문제가있습니다.동이름"
/주례동법무사,generated,"index,follow",yes,/주례동법무사,주례동 법무사｜학장·모라 상속·등기,"주례동·학장동·모라동 아파트 상속등기, 매매. 괘법·감전 상가와 구분된 사상 주거권 — 다옴법무사. 해운대·센텀 다옴법무사사무소에서 전화·카카오톡·방문(예약) 상담이 가능합니다.",주례동 법무사｜학장·모라 상속·등기,"주례동·학장동·모라동 아파트 상속등기, 매매. 괘법·감전 상가와 구분된 사상 주거권 — 다옴법무사. 해운대·센텀 다옴법무사사무소에서 전화·카카오톡·방문(예약) 상담이 가능합니다.",주례동 법무사 — 주례·학장·모라의 사상 내륙 주거와 학교·단지 생활권 상담,지역 생활권 안내 | 이 생활권에서 상담하는 업무 | 관할·등기소 안내 | 법무사 상담이 필요한 경우 | 법무사 의견,"주례동에서는 ‘상가 페이지를 보고 왔는데 우리 집은 아파트다’, ‘모라동 집을 형제 공동명의로 둘지 한 사람에게 몰아줄지’, ‘학장동 전세 끼고 매도하려 한다’는 문의가 있습니다. 공동명의 유지는 처분·대출 때 서명이 늘어나고, 전세 승계 매매는 특약이 핵심입니다. 상속채무가 불명확하면 상속등기보다 한정승인·상속포기 기한을 먼저 검토할 수 있으며, 이미 매매 계약을 체결한 뒤에는 원인과 일정이 충돌하지 않게 순서를 다시 잡아야 합니다. 주례동에서는 주례·학장·모라의 사상 내륙 주거와 학교·단지 생활권를 볼 때 상속 후 실거주·임대·매도 중 선택를 협의서·등기부·임대차·매매계약서와 맞춰 확인합니다. 다옴법무사사무소는 해운대 센텀에서 상담합니다. 주례동·학장동·모라동은 사상구의 내륙 주거 밀집지입니다. 사상법무사 안내가 괘법·엄궁·감전 상가·공장에 무게를 둔다면, 주례 허브는 아파트·주택 상속과 세대 교체 매도에 맞춥니다. 주거·상가 중 사건 유형을 구분합니다. 상속·매매·임대차 선후를",478,3,/사상구부동산등기::주례동 법무사 || /사상구개인회생::주례동 법무사 || /사상구법무사::주례동 법무사,상속등기>/services/inheritance-registration || 부동산등기>/services/real-estate-registration || 소유권이전등기>/services/ownership-transfer || 근저당말소>/부산근저당말소등기 || 사상구 법무사>/사상구법무사 || 사상 법무사>/사상법무사 || 개금동 법무사>/개금동법무사 || 다옴법무사사무소 상담 안내>/부산법무사상담 || 추천·사무실·상담 검색을 나누는 방법>/blog/busan-lawyer-recommend-office-consult || 부산 법무사 고를 때 관할 등기소·법원부터 확인하는 이유>/blog/busan-lawyer-jurisdiction-checklist || 전화 010-4277-1279>tel:01042771279 || 카카오톡 상담>https://pf.kakao.com/_Bvhxnn/chat,홈 > 부산 법률지도 > 사상구 법무사 종합 > 주례동 법무사,yes,WebPage+FAQ,,SERP_UNVERIFIED,other,inheritance-registration,"주례동에서는‘상가페이지를보고왔는데우리집은아파트다’,‘모라동집을형제공동명의로둘지한사람에게몰아줄지’,‘학장동전세끼고매도하려한다’는문의가있습니다.공동"
/동삼동법무사,generated,"index,follow",yes,/동삼동법무사,동삼동 법무사｜영선·청학 상속·등기,"동삼동·영선동·청학동 주택·아파트 상속등기, 매매. 영도구 주거권 원격 상담 — 다옴법무사. 해운대·센텀 다옴법무사사무소에서 전화·카카오톡·방문(예약) 상담이 가능합니다.",동삼동 법무사｜영선·청학 상속·등기,"동삼동·영선동·청학동 주택·아파트 상속등기, 매매. 영도구 주거권 원격 상담 — 다옴법무사. 해운대·센텀 다옴법무사사무소에서 전화·카카오톡·방문(예약) 상담이 가능합니다.",동삼동 법무사 — 동삼·영선·청학의 영도 주거와 해양·조선 배후 생활권 상담,지역 생활권 안내 | 이 생활권에서 상담하는 업무 | 관할·등기소 안내 | 법무사 상담이 필요한 경우 | 법무사 의견,"동삼동에서는 ‘영도에 가야만 상속등기가 되냐’, ‘영선동 집을 팔려면 형제가 모두 와야 하냐’, ‘청학동 주택에 근저당이 남아 있다’는 문의가 있습니다. 많은 서류는 발급·위임으로 맞출 수 있고, 필수 방문은 사건별로 달라집니다. 공동상속 매도는 전원 서류가 맞아야 잔금이 가능합니다. 근저당이 남아 있으면 상속등기만으로 대출이 사라지지 않으므로, 말소·승계·매도 중 어떤 경로인지 금융기관과 맞춰 일정을 잡습니다. 동삼동에서는 동삼·영선·청학의 영도 주거와 해양·조선 배후 생활권를 볼 때 섬·연륙 주거의 상속과 원격 서류 준비를 가족관계·협의서·등기부·위임·인감 서류와 맞춰 확인합니다. 다옴법무사사무소는 해운대 센텀에서 상담합니다. 동삼동은 영도의 주거·대학·생활권이고, 영선동·청학동은 남항·봉래 방향과 이어지는 영도 주거지입니다. 영도구법무사 종합 안내를 보완해, 동삼 허브는 주택·아파트 상속과 타지역 자녀의 원격 정리를 구체적으로 안내합니다. 상속인 거주지역과 서류 발급처를 확인합",471,4,/영도구부동산등기::동삼동 법무사 || /영도구법무사::동삼동 || /영도구법무사::동삼동 법무사 || /우암동법무사::동삼동 법무사,상속등기>/services/inheritance-registration || 부동산등기>/services/real-estate-registration || 소유권이전등기>/services/ownership-transfer || 근저당말소>/부산근저당말소등기 || 영도구 법무사>/영도구법무사 || 영도구 부동산등기>/영도구부동산등기 || 우암동 법무사>/우암동법무사 || 남구 법무사>/남구법무사 || 다옴법무사사무소 상담 안내>/부산법무사상담 || 추천·사무실·상담 검색을 나누는 방법>/blog/busan-lawyer-recommend-office-consult || 전화 010-4277-1279>tel:01042771279 || 카카오톡 상담>https://pf.kakao.com/_Bvhxnn/chat,홈 > 부산 법률지도 > 영도구 법무사 종합 > 동삼동 법무사,yes,WebPage+FAQ,,SERP_UNVERIFIED,other,inheritance-registration,"동삼동에서는‘영도에가야만상속등기가되냐’,‘영선동집을팔려면형제가모두와야하냐’,‘청학동주택에근저당이남아있다’는문의가있습니다.많은서류는발급·위임으로맞"
/우암동법무사,generated,"index,follow",yes,/우암동법무사,우암동 법무사｜감만·용당 상속·등기,"우암동·감만동·용당동 주택·다가구 상속등기, 매매. 대연·용호와 구분된 남구 항만 배후 — 다옴법무사. 해운대·센텀 다옴법무사사무소에서 전화·카카오톡·방문(예약) 상담이 가능합니다.",우암동 법무사｜감만·용당 상속·등기,"우암동·감만동·용당동 주택·다가구 상속등기, 매매. 대연·용호와 구분된 남구 항만 배후 — 다옴법무사. 해운대·센텀 다옴법무사사무소에서 전화·카카오톡·방문(예약) 상담이 가능합니다.",우암동 법무사 — 우암·감만·용당의 남구 항만 배후 주거와 소규모 상가 상담,지역 생활권 안내 | 이 생활권에서 상담하는 업무 | 관할·등기소 안내 | 법무사 상담이 필요한 경우 | 법무사 의견,"우암동에서는 ‘세입자가 많은 다가구를 상속받았다’, ‘용당동 집을 팔려면 서류를 어디서부터 하냐’, ‘감만동 주소인데 남구·영도를 헷갈린다’는 문의가 있습니다. 행정구역을 바로잡고, 임대차와 상속등기를 표로 나누어 준비해야 잔금·명도 갈등을 줄입니다. 다가구 매도는 임차인 전원 현황이 맞아야 특약을 쓸 수 있고, 보증금 반환 책임이 누구에게 있는지 계약서에 명시해야 등기 일정과 충돌하지 않습니다. 우암동에서는 우암·감만·용당의 남구 항만 배후 주거와 소규모 상가를 볼 때 항만 근로·물류 가구의 주택 상속과 다가구 임대를 임대차 목록·상속 협의서·등기부·매매계약서와 맞춰 확인합니다. 다옴법무사사무소는 해운대 센텀에서 상담합니다. 우암동·감만동·용당동은 남구의 항만·물류 배후 주거지입니다. 대연동·용호동·문현동 안내가 대학·해안·금융단지에 가깝다면, 우암 허브는 다가구·구축 주택의 상속과 임대 정산에 초점을 둡니다. 주소·등기부·임대차·상속인을 확인합니다. 상속등기·매도·명도 선후를 정",444,2,/남구법무사::우암동 법무사 || /동삼동법무사::우암동 법무사,부동산등기>/services/real-estate-registration || 상속등기>/services/inheritance-registration || 소유권이전등기>/services/ownership-transfer || 근저당말소>/부산근저당말소등기 || 남구 법무사>/남구법무사 || 용호동 법무사>/용호동법무사 || 동삼동 법무사>/동삼동법무사 || 다옴법무사사무소 상담 안내>/부산법무사상담 || 추천·사무실·상담 검색을 나누는 방법>/blog/busan-lawyer-recommend-office-consult || 부산 법무사 고를 때 관할 등기소·법원부터 확인하는 이유>/blog/busan-lawyer-jurisdiction-checklist || 전화 010-4277-1279>tel:01042771279 || 카카오톡 상담>https://pf.kakao.com/_Bvhxnn/chat,홈 > 부산 법률지도 > 남구 법무사 종합 > 우암동 법무사,yes,WebPage+FAQ,,SERP_UNVERIFIED,other,real-estate-registration,"우암동에서는‘세입자가많은다가구를상속받았다’,‘용당동집을팔려면서류를어디서부터하냐’,‘감만동주소인데남구·영도를헷갈린다’는문의가있습니다.행정구역을바로"
/기장읍법무사,generated,"index,follow",yes,/기장읍법무사,기장읍 법무사｜장안·철마 토지 상속등기,"기장읍·장안읍·철마면 토지·주택 상속등기, 매매. 정관·일광과 구분된 기장 본읍·면 안내 — 다옴법무사. 해운대·센텀 다옴법무사사무소에서 전화·카카오톡·방문(예약) 상담이 가능합니다.",기장읍 법무사｜장안·철마 토지 상속등기,"기장읍·장안읍·철마면 토지·주택 상속등기, 매매. 정관·일광과 구분된 기장 본읍·면 안내 — 다옴법무사. 해운대·센텀 다옴법무사사무소에서 전화·카카오톡·방문(예약) 상담이 가능합니다.",기장읍 법무사 — 기장읍·장안읍·철마면의 읍면 토지·전원주택 상담,지역 생활권 안내 | 이 생활권에서 상담하는 업무 | 관할·등기소 안내 | 법무사 상담이 필요한 경우 | 법무사 의견,"기장읍에서는 ‘정관으로 검색했는데 주소는 기장읍이다’, ‘장안읍 땅을 형제 네 명이 상속받았다’, ‘철마면 임야를 서울에서 정리하고 싶다’는 문의가 있습니다. 행정구역을 바로잡고, 공유자 전원 서류를 확보하는 데 시간이 가장 오래 걸립니다. 농지·임야는 매수인 자격·신고 이슈가 있을 수 있어 등기만으로 단정하지 않습니다. 원거리 상속인은 위임·인감 발급 일정을 초기에 잡고, 현지 형제·중개사가 현장 확인을 맡는 식으로 역할을 나누면 왕복을 줄일 수 있습니다. 기장읍에서는 기장읍·장안읍·철마면의 읍면 토지·전원주택를 볼 때 원거리 상속인의 비대면 서류 준비와 관할 확인를 토지·건물 등기부·가족관계·협의서·위임장와 맞춰 확인합니다. 다옴법무사사무소는 해운대 센텀에서 상담합니다. 기장읍은 기장군의 중심 읍이고, 장안읍·철마면은 인접 읍면입니다. 정관법무사·일광읍법무사 안내가 신도시·해수욕장 생활권에 가깝다면, 기장읍 허브는 본읍·면 단위의 토지·전원주택 상속과 원격 서류 준비에 초점을 둡",469,9,/기장군상속등기::기장읍 법무사 || /기장군상속포기::기장읍 법무사 || /기장군한정승인::기장읍 법무사 || /기장군부동산등기::기장읍 법무사 || /기장군법무사::기장읍 법무사 || /정관법무사::기장읍 법무사 || /오시리아법무사::기장읍 법무사 || /기장상속등기::기장읍 법무사 || /기장법무사::기장읍 법무사,상속등기>/services/inheritance-registration || 부동산등기>/services/real-estate-registration || 소유권이전등기>/services/ownership-transfer || 지역별 상속등기>/업무사례/지역별상속등기법무사 || 기장군 법무사>/기장군법무사 || 정관 법무사>/정관법무사 || 일광읍 법무사>/일광읍법무사 || 오시리아 법무사>/오시리아법무사 || 다옴법무사사무소 상담 안내>/부산법무사상담 || 추천·사무실·상담 검색을 나누는 방법>/blog/busan-lawyer-recommend-office-consult || 전화 010-4277-1279>tel:01042771279 || 카카오톡 상담>https://pf.kakao.com/_Bvhxnn/chat,홈 > 부산 법률지도 > 기장군 법무사 종합 > 기장읍 법무사,yes,WebPage+FAQ,,SERP_UNVERIFIED,other,inheritance-registration,"기장읍에서는‘정관으로검색했는데주소는기장읍이다’,‘장안읍땅을형제네명이상속받았다’,‘철마면임야를서울에서정리하고싶다’는문의가있습니다.행정구역을바로잡고"
/연지동법무사,generated,"index,follow",yes,/연지동법무사,연지동 법무사｜초읍동 상속·매매 등기,"연지동·초읍동 아파트 상속등기, 매매, 전세. 서면·개금과 구분된 부산진 북부 — 다옴법무사. 해운대·센텀 다옴법무사사무소에서 전화·카카오톡·방문(예약) 상담이 가능합니다.",연지동 법무사｜초읍동 상속·매매 등기,"연지동·초읍동 아파트 상속등기, 매매, 전세. 서면·개금과 구분된 부산진 북부 — 다옴법무사. 해운대·센텀 다옴법무사사무소에서 전화·카카오톡·방문(예약) 상담이 가능합니다.",연지동 법무사 — 연지·초읍의 부산진 북부 주거와 공원·학교 생활권 상담,지역 생활권 안내 | 이 생활권에서 상담하는 업무 | 관할·등기소 안내 | 법무사 상담이 필요한 경우 | 법무사 의견,"연지동에서는 ‘서면 근처라 상가 서류를 준비했다’, ‘초읍동 집을 공동명의로 상속할까’, ‘전세 만기에 맞춰 매도하려 한다’는 문의가 있습니다. 사건 유형을 주거로 바로잡고, 공동명의·전세·매도 일정을 한 표로 정리합니다. 전세 만기와 상속등기 완료가 어긋나면 임대인 지위 승계와 보증금 반환 책임이 불명확해질 수 있어, 협의서에 임대차 승계 조건을 함께 적어 두는 편이 안전합니다. 연지동에서는 연지·초읍의 부산진 북부 주거와 공원·학교 생활권를 볼 때 서면 상권과 분리된 실거주 아파트 상속·매매를 협의서·등기부·전세계약서·매매특약와 맞춰 확인합니다. 다옴법무사사무소는 해운대 센텀에서 상담합니다. 연지동·초읍동은 부산진구 북부의 주거권으로 서면 상권과는 생활 리듬이 다릅니다. 서면법무사·개금동법무사 안내를 보완해, 연지 허브는 공원·학교 생활권 아파트의 상속과 전세·매매에 초점을 둡니다. 주거 사건임을 확인하고 등기부를 봅니다. 상속·전세·매도 선후를 정합니다. 서류를 맞춰 접수합니다",456,3,/부산진구법무사::연지동 법무사 || /개금동법무사::연지동 법무사 || /양정동법무사::연지·초읍 생활권,상속등기>/services/inheritance-registration || 부동산등기>/services/real-estate-registration || 소유권이전등기>/services/ownership-transfer || 근저당말소>/부산근저당말소등기 || 부산진구 법무사>/부산진구법무사 || 개금동 법무사>/개금동법무사 || 서면 법무사>/서면법무사 || 다옴법무사사무소 상담 안내>/부산법무사상담 || 추천·사무실·상담 검색을 나누는 방법>/blog/busan-lawyer-recommend-office-consult || 부산 법무사 고를 때 관할 등기소·법원부터 확인하는 이유>/blog/busan-lawyer-jurisdiction-checklist || 전화 010-4277-1279>tel:01042771279 || 카카오톡 상담>https://pf.kakao.com/_Bvhxnn/chat,홈 > 부산 법률지도 > 부산진구 법무사 종합 > 연지동 법무사,yes,WebPage+FAQ,,SERP_UNVERIFIED,other,inheritance-registration,"연지동에서는‘서면근처라상가서류를준비했다’,‘초읍동집을공동명의로상속할까’,‘전세만기에맞춰매도하려한다’는문의가있습니다.사건유형을주거로바로잡고,공동명"
/오시리아법무사,generated,"index,follow",yes,/오시리아법무사,오시리아 법무사｜동부산 분양·상속 등기,오시리아·동부산 관광단지 배후 부동산 매매·상속등기. 기장읍·정관·일광과 구분된 동부산 안내 — 다옴법무사. 해운대·센텀 다옴법무사사무소에서 전화·카카오톡·방문(예약) 상담이 가능합니다.,오시리아 법무사｜동부산 분양·상속 등기,오시리아·동부산 관광단지 배후 부동산 매매·상속등기. 기장읍·정관·일광과 구분된 동부산 안내 — 다옴법무사. 해운대·센텀 다옴법무사사무소에서 전화·카카오톡·방문(예약) 상담이 가능합니다.,오시리아 법무사 — 오시리아·동부산 관광·레저 단지와 기장 배후 부동산 상담,지역 생활권 안내 | 이 생활권에서 상담하는 업무 | 관할·등기소 안내 | 법무사 상담이 필요한 경우 | 법무사 의견,"오시리아에서는 ‘분양 잔금 전에 상속이 발생했다’, ‘동부산 펜션·상가를 공동명의로 하려 한다’, ‘서울에서 잔금·등기를 맞춰야 한다’는 문의가 있습니다. 피상속인 명의의 분양권을 어떻게 승계·이전할지는 계약·시행사·등기 원인에 따라 달라 단정할 수 없습니다. 공동명의는 자금 출처·담보·운영 주체를 함께 봐야 합니다. 잔금일과 상속인 서류 발급일이 겹치면 은행·시행사·등기 접수 순서를 거꾸로 점검해야 보정을 줄일 수 있습니다. 오시리아에서는 오시리아·동부산 관광·레저 단지와 기장 배후 부동산를 볼 때 분양·입주·상속이 겹친 원격 등기 준비를 분양계약서·등기부·상속 협의서·잔금·위임 서류와 맞춰 확인합니다. 다옴법무사사무소는 해운대 센텀에서 상담합니다. 오시리아·동부산은 기장군의 관광·레저·배후 주거가 겹치는 권역입니다. 기장읍·정관·일광 허브가 읍면·신도시·해수욕장에 초점을 둔다면, 오시리아 페이지는 단지형·분양·입주와 상속이 맞물린 등기 준비에 맞춥니다. 계약·등기부·상속·대출 관",468,2,/기장군법무사::오시리아 법무사 || /기장읍법무사::오시리아 법무사,부동산등기>/services/real-estate-registration || 소유권이전등기>/services/ownership-transfer || 상속등기>/services/inheritance-registration || 지역별 상속등기>/업무사례/지역별상속등기법무사 || 기장군 법무사>/기장군법무사 || 기장읍 법무사>/기장읍법무사 || 일광읍 법무사>/일광읍법무사 || 다옴법무사사무소 상담 안내>/부산법무사상담 || 추천·사무실·상담 검색을 나누는 방법>/blog/busan-lawyer-recommend-office-consult || 부산 법무사 고를 때 관할 등기소·법원부터 확인하는 이유>/blog/busan-lawyer-jurisdiction-checklist || 전화 010-4277-1279>tel:01042771279 || 카카오톡 상담>https://pf.kakao.com/_Bvhxnn/chat,홈 > 부산 법률지도 > 기장군 법무사 종합 > 오시리아 법무사,yes,WebPage+FAQ,,SERP_UNVERIFIED,other,real-estate-registration,"오시리아에서는‘분양잔금전에상속이발생했다’,‘동부산펜션·상가를공동명의로하려한다’,‘서울에서잔금·등기를맞춰야한다’는문의가있습니다.피상속인명의의분양권"
/건물등기상황별안내,generated,"index,follow",yes,/건물등기상황별안내,건물등기 상황별 안내｜상속·공유·미등기·소유자 상이,"건물등기 상황별 안내. 상속 건물, 공유자 연락 두절, 등기부만 잔존, 토지·건물 소유자 상이 등 상황형 등기 점검과 상담 — 다옴법무…",건물등기 상황별 안내｜상속·공유·미등기·소유자 상이,"건물등기 상황별 안내. 상속 건물, 공유자 연락 두절, 등기부만 잔존, 토지·건물 소유자 상이 등 상황형 등기 점검과 상담 — 다옴법무…",건물등기 상황별 안내 — 유형보다 ‘지금 막힌 지점’부터 보세요,비용 안내 | 관할·접근 안내 | 법무사 의견 | 상담 시 확인하는 내용,"건물등기는 유형뿐 아니라 상속·공유·장부 불일치·소유자 상이 같은 상황에 따라 순서가 달라집니다. 막힌 지점을 기준으로 세부 안내와 대장·등기부 확인을 진행하고, 소송이 필요한 사안은 등기 범위와 구분해 상담하세요. 같은 멸실·표시변경이라도 상속·공유·소유자 상이·대장과 등기부 불일치가 있으면 준비 서류와 순서가 달라집니다. 상황(상속·공유·장부·소유자) 특정 필요 등기 유형·선행 절차 확인 서류·신청권자 정리 접수·보정·후속 거래 점검 건축물대장·등기사항증명서 가족관계·상속 관련 서류 공유 지분·연락 관련 자료 토지·건물 각 소유 증명 상속인·공유자·각 소유자 법정대리인·법인 대표(해당 시) 담보·가압류 권리자 확인 신청권자 미비로 반복 반려 상황 미확인 상태로 잘못된 유형 신청 유형 페이지만 보고 상속·공유 장애를 놓치는 경우 비용 안내 비용은 상황 복잡도(상속·공유 수), 등기 유형 개수, 추가 증명·보정, 공과금 등에 따라 달라질 수 있습니다. 관할·접근 안내 부동산 소재지 ",316,22,/부산건물등기::건물등기 상황별 안내 || /부산건물멸실등기::건물등기 상황별 안내 || /부산집합건물등기::건물등기 상황별 안내 || /토지소유자와건축주다른보존등기::건물등기 상황별 안내 || /건축주법인신축보존등기::건물등기 상황별 안내 || /보존등기후근저당설정::건물등기 상황별 안내 || /지식산업센터보존등기::건물등기 상황별 안내 || /증축후건물표시변경등기::건물등기 상황별 안내 || /건물용도변경등기::건물등기 상황별 안내 || /건물면적상이경정등기::건물등기 상황별 안내 || /도로명주소등기부상이::건물등기 상황별 안내 || /건축물대장등기부불일치::건물등기 상황별 안내,부산 건물등기 종합>/부산건물등기 || 부산 건물멸실등기>/부산건물멸실등기 || 부산 신축건물 보존등기>/부산신축건물보존등기 || 부산 건축물등기 법무사>/부산건축물등기법무사 || 부산 건물표시변경등기>/부산건물표시변경등기 || 1분만에 문의하기>/contact/inquiry?field=real-estate-registration || 부산 부동산등기>/부산부동산등기 || 부산 소유권이전등기>/부산소유권이전등기 || 공공기관 등기업무>/공공기관등기업무 || 소유권이전등기 필요서류>/소유권이전등기서류 || 소유권이전등기 비용>/소유권이전등기비용 || 해운대구 부동산등기>/해운대구부동산등기,홈 > 건물등기 상황별 안내,yes,WebPage,,SERP_UNVERIFIED,other,real-estate-registration,"건물등기는유형뿐아니라상속·공유·장부불일치·소유자상이같은상황에따라순서가달라집니다.막힌지점을기준으로세부안내와대장·등기부확인을진행하고,소송이필요한사안"
/상속건물멸실등기,generated,"index,follow",yes,/상속건물멸실등기,상속받은 건물 멸실등기｜상속등기 후 정리,상속받은 옛 건물을 철거·멸실할 때. 상속등기·신청권자·공동상속인 — 다옴법무사. 해운대·센텀 다옴법무사사무소에서 전화·카카오톡·방문(예약) 상담이 가능합니다.,상속받은 건물 멸실등기｜상속등기 후 정리,상속받은 옛 건물을 철거·멸실할 때. 상속등기·신청권자·공동상속인 — 다옴법무사. 해운대·센텀 다옴법무사사무소에서 전화·카카오톡·방문(예약) 상담이 가능합니다.,상속받은 건물을 허문다면 — 누가 멸실등기를 신청하는지부터,비용 안내 | 관할·접근 안내 | 법무사 의견 | 상담 시 확인하는 내용,"상속 건물 멸실은 신청권자·공동상속인 협조와 상속등기 선후를 맞춘 뒤 진행하는 것이 안전합니다. 철거만 하고 명의·멸실을 미루면 매도·분할에서 다시 막힙니다. 피상속인 명의 건물을 철거·멸실하려면, 상속등기(또는 신청 자격)와 공동상속인 의사를 먼저 맞추는 경우가 많습니다. 등기부 명의·상속인 범위 확인 상속등기 선행 필요 여부 검토 철거·대장 정리 상태 확인 멸실등기 신청·접수 피상속인·상속인 관련 가족관계 서류 건물·토지 등기사항전부증명서 상속등기 관련 서류(진행·완료 여부) 철거·대장 말소 증빙 공동상속인 위임·동의 서류(해당 시) 상속 관련 세무·소송: 각 전문 영역 상속등기·멸실등기: 관할 등기소 명의·공시 불일치로 매도·분할 지연 상속인 일부 미협조로 절차 중단 사망 신고만으로 등기 명의가 바뀐다고 보는 경우 상속등기만 하면 철거 건물이 자동 말소된다고 보는 경우 비용 안내 비용은 상속등기·멸실등기 동시/순차 수임, 공동상속인 수·협조 난이도, 장기 미등기 방치로 인한 추",306,2,/공유자연락두절멸실등기::상속 건물 멸실등기 || /건물토지소유자상이멸실::상속 건물 멸실등기,부산 건물멸실등기>/부산건물멸실등기 || 부산 건물등기 종합>/부산건물등기 || 공유자 연락 두절 멸실>/공유자연락두절멸실등기 || 건물·토지 소유자 상이 멸실>/건물토지소유자상이멸실 || 1분만에 문의하기>/contact/inquiry?field=real-estate-registration || 부산 부동산등기>/부산부동산등기 || 부산 소유권이전등기>/부산소유권이전등기 || 신축건물 보존등기>/부산신축건물보존등기 || 공공기관 등기업무>/공공기관등기업무 || 소유권이전등기 필요서류>/소유권이전등기서류 || 소유권이전등기 비용>/소유권이전등기비용 || 해운대구 부동산등기>/해운대구부동산등기,홈 > 상속 건물 멸실등기,yes,WebPage,,SERP_UNVERIFIED,inheritance-supporting,real-estate-registration,상속건물멸실은신청권자·공동상속인협조와상속등기선후를맞춘뒤진행하는것이안전합니다.철거만하고명의·멸실을미루면매도·분할에서다시막힙니다.피상속인명의건물을철
/부산진구상속등기,generated,"index,follow",yes,/부산진구상속등기,부산진구 상속등기 안내 | 다옴법무사사무소,부산진구 상속등기 절차·필요서류·비용·관할 등기소 안내. 해운대·센텀 다옴법무사사무소에서 상담 가능합니다. 해운대·센텀 다옴법무사사무소에서 전화·카카오톡·방문(예약) 상담이 가능합니다.,부산진구 상속등기 안내 | 다옴법무사사무소,부산진구 상속등기 절차·필요서류·비용·관할 등기소 안내. 해운대·센텀 다옴법무사사무소에서 상담 가능합니다. 해운대·센텀 다옴법무사사무소에서 전화·카카오톡·방문(예약) 상담이 가능합니다.,부산진구 상속등기 안내,부산진구 상속등기 분기 | 서면권·주거 밀집 지역 | 비용·기한 | 관련 허브로 이어가기 | 상담 시 확인하는 내용 | 상담 시 확인하는 내용,"부산진구(부전·전포·양정·개금 일대) 상속등기는 서면권·주거·상가가 섞인 명의이전이 많습니다. 구 단위로 검색했어도 등기 관할은 동·지번 주소로 확정합니다. 부산진구(부전·전포·양정·개금 일대) 상속등기는 서면권·주거·상가가 섞인 명의이전이 많습니다. 구 단위로 검색했어도 등기 관할은 동·지번 주소로 확정합니다. 승인 방식 확인 부산진구 부동산·상속인 정리 협의·서류·세금 접수·완료 가족관계 서류 등기부등본 협의서·인감 위임장 부산진구 주소 상속인 채무 상가/주택 구분 부산진구 상속등기 분기 채무 조사 → 승인 방식 → 협의 → 취득세·등기 순으로 안내합니다. 구 이름이 같아도 사건마다 서류가 다릅니다. 서면권·주거 밀집 지역 상가와 주택이 함께 상속되면 목록을 나눠 진행합니다. 연락두절 상속인이 있으면 절차가 길어질 수 있어 초기에 알립니다. 비용·기한 상속인·부동산 수, 포기·한정승인 병행 여부로 달라집니다. 관련 허브로 이어가기 부산진구 상속등기 세부 안내는 이 페이지에서, 업",260,0,,상속등기 상세>/services/inheritance-registration || 부산진구 법무사>/부산진구법무사 || 업무안내>/services || FAQ>/faq || 상담 문의>/contact || 부산 상속등기 허브로 돌아가기>/부산상속등기 || 부산 상속 법무사>/부산상속법무사 || 부산 상속재산분할>/부산상속재산분할법무사 || 부산 상속등기 비용 안내>/상속등기비용 || 부산 상속등기 필요서류>/상속등기필요서류 || 부산 상속등기 기간·기한>/상속등기기간 || 부산 상속포기 절차>/부산상속포기,홈 > 부산진구 상속등기,yes,WebPage+FAQ,,SERP_UNVERIFIED,inheritance-supporting,inheritance-registration,부산진구(부전·전포·양정·개금일대)상속등기는서면권·주거·상가가섞인명의이전이많습니다.구단위로검색했어도등기관할은동·지번주소로확정합니다.부산진구(부전
/상속등기보수표,generated,"index,follow",yes,/상속등기보수표,상속등기 보수표 안내 | 다옴법무사사무소,상속등기 보수표 정리. 사건별 준비 서류·기한·수임료 범위를 투명하게 설명드립니다. 해운대·센텀 다옴법무사사무소에서 전화·카카오톡·방문(예약) 상담이 가능합니다.,상속등기 보수표 안내 | 다옴법무사사무소,상속등기 보수표 정리. 사건별 준비 서류·기한·수임료 범위를 투명하게 설명드립니다. 해운대·센텀 다옴법무사사무소에서 전화·카카오톡·방문(예약) 상담이 가능합니다.,상속등기 보수표 안내,보수표와 실제 견적의 차이 | 검색 의도별 다음 안내 | 상담 시 확인하는 내용 | 상담 시 확인하는 내용,"상속등기 보수표 검색은 상속등기 비용과 같은 의도인 경우가 많습니다. 대표 안내는 상속등기 비용 페이지입니다. 상속등기 보수표 검색은 상속등기 비용과 같은 의도인 경우가 많습니다. 대표 안내는 상속등기 비용 페이지입니다. 협회 기준 설명 사건 변수 확인 비용 페이지로 연결 부동산 주소 상속인 수 주소 상속인 수 협의 여부 보수표와 실제 견적의 차이 가산보수·실비·취득세·등록면허세는 표 밖 항목일 수 있습니다. 상속인 수·부동산 수를 알려 주시면 상속등기 비용 안내에서 구조를 이어갑니다. 검색 의도별 다음 안내 상속등기 보수표 관련해서는 허브 페이지에서 절차를 고른 뒤, 필요하면 상담으로 이어가면 됩니다. 상담 시 확인하는 내용 상속등기 보수표 사건은 서류·관할·기한에 따라 진행 순서가 달라집니다. 다옴법무사사무소는 부산 해운대구·센텀에서 상속등기·부동산등기·법인등기·개인회생·파산 등을 다루며, 의뢰인 상황에 맞춰 절차와 비용을 알기 쉽게 설명합니다. 불확실한 부분은 추측으로 단정하지",241,0,,상속등기 상세>/services/inheritance-registration || 업무안내>/services || FAQ>/faq || 상담 문의>/contact || 부산 법무사 비용 허브로 돌아가기>/부산법무사비용 || 부산 법무사 보수표>/부산법무사보수표 || 상속등기 비용>/상속등기비용 || 법인설립등기 비용>/법인설립등기비용 || 개인회생 비용>/개인회생비용 || 상속포기 비용>/상속포기비용 || 한정승인 비용>/한정승인비용 || 부산 상속등기>/부산상속등기,홈 > 상속등기 보수표,yes,WebPage+FAQ,,SERP_UNVERIFIED,inheritance-supporting,inheritance-registration,상속등기보수표검색은상속등기비용과같은의도인경우가많습니다.대표안내는상속등기비용페이지입니다.상속등기보수표검색은상속등기비용과같은의도인경우가많습니다.대표
/상속등기기한,generated,"index,follow",yes,/상속등기기한,상속등기 기한 안내 | 다옴법무사사무소,상속등기 기한 정리. 사건별 준비 서류·기한·수임료 범위를 투명하게 설명드립니다. 해운대·센텀 다옴법무사사무소에서 전화·카카오톡·방문(예약) 상담이 가능합니다.,상속등기 기한 안내 | 다옴법무사사무소,상속등기 기한 정리. 사건별 준비 서류·기한·수임료 범위를 투명하게 설명드립니다. 해운대·센텀 다옴법무사사무소에서 전화·카카오톡·방문(예약) 상담이 가능합니다.,상속등기 기한 안내,법정 기한 | 상속등기에서 자주 놓치는 점 | 상속등기 기한 초점에서 볼 것 | 지연 시 불이익 | 준비 서류 | 과태료·가산세 | 검색 의도별 다음 안내,"기한만 보고 단정하기보다, 상속등기의 사실관계·기한·관할을 먼저 나눠 보는 것이 실무적입니다. 피상속인 사망 후 부동산·토지 등기명의를 상속인 명의로 이전하는 절차입니다. 부산 전역 아파트·상가·토지 상속 사건을 다룹니다. 다옴법무사사무소는 부산 전역 사건을 다루며 기한 관련 범위를 항목별로 정리합니다. 부산은 관할 법원·등기소가 사건별로 달라 사전 정리가 중요한 지역입니다. 피상속인 사망 후 부동산·토지 등기명의를 상속인 명의로 이전하는 절차입니다. 부산 전역 아파트·상가·토지 상속 사건을 다룹니다. 부산 사건의 관할(법원·등기소)과 기한을 확인합니다. 전자등기·방문 접수·보정 대응 중 가능한 방식을 먼저 고릅니다. 접수 후 보정·진행 상황을 공유하고 완료·후속 조치를 안내합니다. 신분증·인감증명서(사건에 따라 주민등록등본 등) 등기부등본·계약서·협의서 등 사건 관련 핵심 서류 가족관계증명서·재산 목록(상속·가사 해당 시) 상속등기기한 상속등기 기한 다옴법무사사무소 법정 기한 잔금",535,0,,상속등기 상세>/services/inheritance-registration || 업무안내>/services || FAQ>/faq || 상담 문의>/contact || 부산 상속등기 허브로 돌아가기>/부산상속등기 || 부산 상속 법무사>/부산상속법무사 || 부산 상속재산분할>/부산상속재산분할법무사 || 부산 상속등기 비용 안내>/상속등기비용 || 부산 상속등기 필요서류>/상속등기필요서류 || 부산 상속등기 기간·기한>/상속등기기간 || 부산 상속포기 절차>/부산상속포기 || 부산 한정승인 안내>/부산한정승인,홈 > 상속등기 기한,yes,WebPage+FAQ,,SERP_UNVERIFIED,inheritance-supporting,inheritance-registration,"기한만보고단정하기보다,상속등기의사실관계·기한·관할을먼저나눠보는것이실무적입니다.피상속인사망후부동산·토지등기명의를상속인명의로이전하는절차입니다.부산전"
/부산지방법원등기국상속등기,generated,"index,follow",yes,/부산지방법원등기국상속등기,부산지방법원등기국 상속등기 절차 | 다옴법무사사무소,부산지방법원등기국 상속등기 안내. 관할·제출 서류·접수 절차를 사건별로 설명합니다. 해운대·센텀 다옴법무사사무소에서 전화·카카오톡·방문(예약) 상담이 가능합니다.,부산지방법원등기국 상속등기 절차 | 다옴법무사사무소,부산지방법원등기국 상속등기 안내. 관할·제출 서류·접수 절차를 사건별로 설명합니다. 해운대·센텀 다옴법무사사무소에서 전화·카카오톡·방문(예약) 상담이 가능합니다.,부산지방법원등기국 상속등기,관할 확인 | 상속등기에서 자주 놓치는 점 | 접수 전 확인사항 | 준비 서류 | 서류 보정 대응 | 부산지방법원 등기국 관련 실무 포인트,부산지방법원등기국와(과) 관련된 상속등기 사건은 관할과 제출 서류를 먼저 맞추는 것이 중요합니다. 부산 연제구 법원로에 위치한 중앙 등기 접수 기관입니다. 관할에 따라 지원·지역 등기소로 분산됩니다. 피상속인 사망 후 부동산·토지 등기명의를 상속인 명의로 이전하는 절차입니다. 부산 전역 아파트·상가·토지 상속 사건을 다룹니다. 부산광역시 전역 상속등기·부동산등기·법인등기·개인회생·파산 등 법무사 업무를 다루는 핵심 지역입니다. 피상속인 사망 후 부동산·토지 등기명의를 상속인 명의로 이전하는 절차입니다. 부산 전역 아파트·상가·토지 상속 사건을 다룹니다. 부산 사건의 관할(법원·등기소)과 기한을 확인합니다. 필요 서류·협의 사항을 정리하고 신청서·위임장을 검토합니다. 접수 후 보정·진행 상황을 공유하고 완료·후속 조치를 안내합니다. 신분증·인감증명서(사건에 따라 주민등록등본 등) 등기부등본·계약서·협의서 등 사건 관련 핵심 서류 가족관계증명서·재산 목록(상속·가사 해당 시) 부산지방법,503,0,,상속등기 상세>/services/inheritance-registration || 업무안내>/services || FAQ>/faq || 상담 문의>/contact || 부산 법원·등기소 법무사 허브로 돌아가기>/부산지방법원등기국 || 부산지방법원 법무사>/부산지방법원법무사 || 동부지원 법무사>/부산지방법원동부지원법무사 || 동부지원 등기과>/부산지방법원동부지원등기과 || 남부산등기소 법무사>/남부산등기소법무사 || 북부산등기소 법무사>/북부산등기소법무사 || 중부산등기소 법무사>/중부산등기소법무사 || 부산진등기소 법무사>/부산진등기소법무사,홈 > 부산지방법원 등기국 상속등기,yes,WebPage+FAQ,,SERP_UNVERIFIED,inheritance-supporting,inheritance-registration,부산지방법원등기국와(과)관련된상속등기사건은관할과제출서류를먼저맞추는것이중요합니다.부산연제구법원로에위치한중앙등기접수기관입니다.관할에따라지원·지역등기
/중구상속등기,generated,"index,follow",yes,/중구상속등기,중구 상속등기 안내 | 다옴법무사사무소,중구 상속등기 절차·필요서류·비용·관할 등기소 안내. 해운대·센텀 다옴법무사사무소에서 상담 가능합니다. 해운대·센텀 다옴법무사사무소에서 전화·카카오톡·방문(예약) 상담이 가능합니다.,중구 상속등기 안내 | 다옴법무사사무소,중구 상속등기 절차·필요서류·비용·관할 등기소 안내. 해운대·센텀 다옴법무사사무소에서 상담 가능합니다. 해운대·센텀 다옴법무사사무소에서 전화·카카오톡·방문(예약) 상담이 가능합니다.,중구 상속등기 안내,중구 상속등기 전 분기 | 원도심 상속부동산 포인트 | 비용·기한 | 관련 허브로 이어가기 | 상담 시 확인하는 내용 | 상담 시 확인하는 내용,"중구 상속등기는 원도심 주택·상가 명의이전과 공동상속·협의가 함께 있는 경우가 많습니다. 등기 전에 단순승인·한정승인·포기 여부를 먼저 가리는 것이 안전합니다. 중구 상속등기는 원도심 주택·상가 명의이전과 공동상속·협의가 함께 있는 경우가 많습니다. 등기 전에 단순승인·한정승인·포기 여부를 먼저 가리는 것이 안전합니다. 승인 방식(단순·한정·포기) 확인 상속인·중구 부동산 목록 정리 협의서·서류·세금 안내 등기 접수·완료 가족관계·기본증명서 등기부등본 협의서·인감(해당 시) 위임장 사망일·인지일 중구 부동산 주소 상속인 수 채무 여부 중구 상속등기 전 분기 채무가 불분명하면 한정승인·포기를 먼저, 채무 우려가 없고 명의이전만 필요하면 상속등기 서류로 갑니다. 원도심 상속부동산 포인트 오래된 등기·공유지분·상가 임차가 있으면 협의서와 말소·승계 순서를 함께 설계합니다. 비용·기한 상속인 수·부동산 수·협의 여부에 따라 수임·세금이 달라집니다. 포기·한정승인 3개월 기한은 별도입니다. ",265,1,/중구법무사::상속등기,상속등기 상세>/services/inheritance-registration || 중구 법무사>/중구법무사 || 업무안내>/services || FAQ>/faq || 상담 문의>/contact || 부산 상속등기 허브로 돌아가기>/부산상속등기 || 부산 상속 법무사>/부산상속법무사 || 부산 상속재산분할>/부산상속재산분할법무사 || 부산 상속등기 비용 안내>/상속등기비용 || 부산 상속등기 필요서류>/상속등기필요서류 || 부산 상속등기 기간·기한>/상속등기기간 || 부산 상속포기 절차>/부산상속포기,홈 > 중구 상속등기,yes,WebPage+FAQ,,SERP_UNVERIFIED,inheritance-supporting,inheritance-registration,중구상속등기는원도심주택·상가명의이전과공동상속·협의가함께있는경우가많습니다.등기전에단순승인·한정승인·포기여부를먼저가리는것이안전합니다.중구상속등기는원
/서구상속등기,generated,"index,follow",yes,/서구상속등기,서구 상속등기 안내 | 다옴법무사사무소,서구 상속등기 절차·필요서류·비용·관할 등기소 안내. 해운대·센텀 다옴법무사사무소에서 상담 가능합니다. 해운대·센텀 다옴법무사사무소에서 전화·카카오톡·방문(예약) 상담이 가능합니다.,서구 상속등기 안내 | 다옴법무사사무소,서구 상속등기 절차·필요서류·비용·관할 등기소 안내. 해운대·센텀 다옴법무사사무소에서 상담 가능합니다. 해운대·센텀 다옴법무사사무소에서 전화·카카오톡·방문(예약) 상담이 가능합니다.,서구 상속등기 안내,지역별 업무 상황 | 상속등기에서 자주 놓치는 점 | 관할·실무 포인트 | 준비 서류 | 비용·일정 참고 | 관련 허브로 이어가기,상속등기를 서구 기준으로 볼 때는 동일 절차라도 등기소·법원 창구가 사건별로 갈릴 수 있습니다. 아미동·동대신동·부민동 일대 주택·상가 상속·매매 등기 문의가 이어지는 구입니다. 피상속인 사망 후 부동산·토지 등기명의를 상속인 명의로 이전하는 절차입니다. 부산 전역 아파트·상가·토지 상속 사건을 다룹니다. 상담 시 서류·일정·비용 범위를 항목별로 안내합니다. 아미동·동대신동·부민동 일대 주택·상가 상속·매매 등기 문의가 이어지는 구입니다. 피상속인 사망 후 부동산·토지 등기명의를 상속인 명의로 이전하는 절차입니다. 부산 전역 아파트·상가·토지 상속 사건을 다룹니다. 서구 사건의 관할(법원·등기소)과 기한을 확인합니다. 필요 서류·협의 사항을 정리하고 신청서·위임장을 검토합니다. 접수 후 보정·진행 상황을 공유하고 완료·후속 조치를 안내합니다. 신분증·인감증명서(사건에 따라 주민등록등본 등) 등기부등본·계약서·협의서 등 사건 관련 핵심 서류 가족관계증명서·재산 목록(상속·가사 해당 시,507,1,/서구법무사::상속등기,상속등기 상세>/services/inheritance-registration || 서구 법무사>/서구법무사 || 업무안내>/services || FAQ>/faq || 상담 문의>/contact || 부산 상속등기 허브로 돌아가기>/부산상속등기 || 부산 상속 법무사>/부산상속법무사 || 부산 상속재산분할>/부산상속재산분할법무사 || 부산 상속등기 비용 안내>/상속등기비용 || 부산 상속등기 필요서류>/상속등기필요서류 || 부산 상속등기 기간·기한>/상속등기기간 || 부산 상속포기 절차>/부산상속포기,홈 > 서구 상속등기,yes,WebPage+FAQ,,SERP_UNVERIFIED,inheritance-supporting,inheritance-registration,상속등기를서구기준으로볼때는동일절차라도등기소·법원창구가사건별로갈릴수있습니다.아미동·동대신동·부민동일대주택·상가상속·매매등기문의가이어지는구입니다.피
/동구상속등기,generated,"index,follow",yes,/동구상속등기,동구 상속등기 안내 | 다옴법무사사무소,동구 상속등기 절차·필요서류·비용·관할 등기소 안내. 해운대·센텀 다옴법무사사무소에서 상담 가능합니다. 해운대·센텀 다옴법무사사무소에서 전화·카카오톡·방문(예약) 상담이 가능합니다.,동구 상속등기 안내 | 다옴법무사사무소,동구 상속등기 절차·필요서류·비용·관할 등기소 안내. 해운대·센텀 다옴법무사사무소에서 상담 가능합니다. 해운대·센텀 다옴법무사사무소에서 전화·카카오톡·방문(예약) 상담이 가능합니다.,동구 상속등기 안내,지역별 업무 상황 | 상속등기에서 자주 놓치는 점 | 관할·실무 포인트 | 준비 서류 | 비용·일정 참고 | 관련 허브로 이어가기,동구에서 상속등기를 진행하려면 관할 확인 후 서류 체크리스트부터 잡는 편이 안전합니다. 초량·범일동·수정동 일대 오래된 주택·상가의 상속·등기 사건이 있는 구입니다. 피상속인 사망 후 부동산·토지 등기명의를 상속인 명의로 이전하는 절차입니다. 부산 전역 아파트·상가·토지 상속 사건을 다룹니다. 상담 시 서류·일정·비용 범위를 항목별로 안내합니다. 초량·범일동·수정동 일대 오래된 주택·상가의 상속·등기 사건이 있는 구입니다. 피상속인 사망 후 부동산·토지 등기명의를 상속인 명의로 이전하는 절차입니다. 부산 전역 아파트·상가·토지 상속 사건을 다룹니다. 동구 사건의 관할(법원·등기소)과 기한을 확인합니다. 전자등기·방문 접수·보정 대응 중 가능한 방식을 먼저 고릅니다. 접수 후 보정·진행 상황을 공유하고 완료·후속 조치를 안내합니다. 신분증·인감증명서(사건에 따라 주민등록등본 등) 등기부등본·계약서·협의서 등 사건 관련 핵심 서류 가족관계증명서·재산 목록(상속·가사 해당 시) 동구상속등,480,0,,상속등기 상세>/services/inheritance-registration || 동구 법무사>/동구법무사 || 업무안내>/services || FAQ>/faq || 상담 문의>/contact || 부산 상속등기 허브로 돌아가기>/부산상속등기 || 부산 상속 법무사>/부산상속법무사 || 부산 상속재산분할>/부산상속재산분할법무사 || 부산 상속등기 비용 안내>/상속등기비용 || 부산 상속등기 필요서류>/상속등기필요서류 || 부산 상속등기 기간·기한>/상속등기기간 || 부산 상속포기 절차>/부산상속포기,홈 > 동구 상속등기,yes,WebPage+FAQ,,SERP_UNVERIFIED,inheritance-supporting,inheritance-registration,동구에서상속등기를진행하려면관할확인후서류체크리스트부터잡는편이안전합니다.초량·범일동·수정동일대오래된주택·상가의상속·등기사건이있는구입니다.피상속인사망
/영도구상속등기,generated,"index,follow",yes,/영도구상속등기,영도구 상속등기 안내 | 다옴법무사사무소,영도구 상속등기 절차·필요서류·비용·관할 등기소 안내. 해운대·센텀 다옴법무사사무소에서 상담 가능합니다. 해운대·센텀 다옴법무사사무소에서 전화·카카오톡·방문(예약) 상담이 가능합니다.,영도구 상속등기 안내 | 다옴법무사사무소,영도구 상속등기 절차·필요서류·비용·관할 등기소 안내. 해운대·센텀 다옴법무사사무소에서 상담 가능합니다. 해운대·센텀 다옴법무사사무소에서 전화·카카오톡·방문(예약) 상담이 가능합니다.,영도구 상속등기 안내,지역별 업무 상황 | 상속등기에서 자주 놓치는 점 | 관할·실무 포인트 | 준비 서류 | 비용·일정 참고 | 관련 허브로 이어가기,영도구 상속등기 문의는 소재지·채무·협의 상태에 따라 준비 순서가 달라집니다. 영도·남항 일대 선박·어선·해운 관련 등기와 주택·상가 부동산등기·상속 수요가 있는 구입니다. 피상속인 사망 후 부동산·토지 등기명의를 상속인 명의로 이전하는 절차입니다. 부산 전역 아파트·상가·토지 상속 사건을 다룹니다. 상담 시 서류·일정·비용 범위를 항목별로 안내합니다. 영도·남항 일대 선박·어선·해운 관련 등기와 주택·상가 부동산등기·상속 수요가 있는 구입니다. 피상속인 사망 후 부동산·토지 등기명의를 상속인 명의로 이전하는 절차입니다. 부산 전역 아파트·상가·토지 상속 사건을 다룹니다. 영도구 사건의 관할(법원·등기소)과 기한을 확인합니다. 당사자·권리관계·근저당 유무를 확인한 뒤 접수 체크리스트를 만듭니다. 접수 후 보정·진행 상황을 공유하고 완료·후속 조치를 안내합니다. 신분증·인감증명서(사건에 따라 주민등록등본 등) 등기부등본·계약서·협의서 등 사건 관련 핵심 서류 가족관계증명서·재산 목록(,514,1,/영도구법무사::상속등기,상속등기 상세>/services/inheritance-registration || 영도구 법무사>/영도구법무사 || 업무안내>/services || FAQ>/faq || 상담 문의>/contact || 부산 상속등기 허브로 돌아가기>/부산상속등기 || 부산 상속 법무사>/부산상속법무사 || 부산 상속재산분할>/부산상속재산분할법무사 || 부산 상속등기 비용 안내>/상속등기비용 || 부산 상속등기 필요서류>/상속등기필요서류 || 부산 상속등기 기간·기한>/상속등기기간 || 부산 상속포기 절차>/부산상속포기,홈 > 영도구 상속등기,yes,WebPage+FAQ,,SERP_UNVERIFIED,inheritance-supporting,inheritance-registration,영도구상속등기문의는소재지·채무·협의상태에따라준비순서가달라집니다.영도·남항일대선박·어선·해운관련등기와주택·상가부동산등기·상속수요가있는구입니다.피상
/부산진구상속포기,generated,"index,follow",yes,/부산진구상속포기,부산진구 상속포기 안내 | 다옴법무사사무소,부산진구 상속포기 절차·필요서류·비용·관할 등기소 안내. 해운대·센텀 다옴법무사사무소에서 상담 가능합니다. 해운대·센텀 다옴법무사사무소에서 전화·카카오톡·방문(예약) 상담이 가능합니다.,부산진구 상속포기 안내 | 다옴법무사사무소,부산진구 상속포기 절차·필요서류·비용·관할 등기소 안내. 해운대·센텀 다옴법무사사무소에서 상담 가능합니다. 해운대·센텀 다옴법무사사무소에서 전화·카카오톡·방문(예약) 상담이 가능합니다.,부산진구 상속포기 안내,지역별 업무 상황 | 상속포기에서 자주 놓치는 점 | 관할·실무 포인트 | 준비 서류 | 비용·일정 참고 | 광역 상속포기 안내로 이어가기,상속포기를 부산진구 기준으로 볼 때는 동일 절차라도 등기소·법원 창구가 사건별로 갈릴 수 있습니다. 서면·부전·전포·양정 일대 상가·오피스·주택 등기 수요가 집중되는 핵심 상권입니다. 상속 재산보다 채무가 많을 때 상속을 포기하는 가사 신고 절차입니다. 부산가정법원 관할 사건을 안내합니다. 상담 시 서류·일정·비용 범위를 항목별로 안내합니다. 서면·부전·전포·양정 일대 상가·오피스·주택 등기 수요가 집중되는 핵심 상권입니다. 상속 재산보다 채무가 많을 때 상속을 포기하는 가사 신고 절차입니다. 부산가정법원 관할 사건을 안내합니다. 부산진구 사건의 관할(법원·등기소)과 기한을 확인합니다. 필요 서류·협의 사항을 정리하고 신청서·위임장을 검토합니다. 접수 후 보정·진행 상황을 공유하고 완료·후속 조치를 안내합니다. 신분증·인감증명서(사건에 따라 주민등록등본 등) 등기부등본·계약서·협의서 등 사건 관련 핵심 서류 가족관계증명서·재산 목록(상속·가사 해당 시) 부산진구상속포기 부산진구 법무,513,0,,상속포기 상세>/services/inheritance-renunciation || 부산진구 법무사>/부산진구법무사 || 업무안내>/services || FAQ>/faq || 상담 문의>/contact || 부산 상속포기 허브로 돌아가기>/부산상속포기 || 상속포기 비용>/상속포기비용 || 상속포기 필요서류>/상속포기필요서류 || 부산 한정승인 비교>/부산한정승인 || 부산가정법원 상속포기>/부산가정법원상속포기 || 부산 상속등기>/부산상속등기 || 채무 과다 시 개인회생>/부산개인회생,홈 > 부산진구 상속포기,yes,WebPage+FAQ,,SERP_UNVERIFIED,renunciation-supporting,inheritance-renunciation,상속포기를부산진구기준으로볼때는동일절차라도등기소·법원창구가사건별로갈릴수있습니다.서면·부전·전포·양정일대상가·오피스·주택등기수요가집중되는핵심상권입니
/부산진구한정승인,generated,"index,follow",yes,/부산진구한정승인,부산진구 한정승인 안내 | 다옴법무사사무소,부산진구 한정승인 절차·필요서류·비용·관할 등기소 안내. 해운대·센텀 다옴법무사사무소에서 상담 가능합니다. 해운대·센텀 다옴법무사사무소에서 전화·카카오톡·방문(예약) 상담이 가능합니다.,부산진구 한정승인 안내 | 다옴법무사사무소,부산진구 한정승인 절차·필요서류·비용·관할 등기소 안내. 해운대·센텀 다옴법무사사무소에서 상담 가능합니다. 해운대·센텀 다옴법무사사무소에서 전화·카카오톡·방문(예약) 상담이 가능합니다.,부산진구 한정승인 안내,지역별 업무 상황 | 한정승인에서 자주 놓치는 점 | 관할·실무 포인트 | 준비 서류 | 비용·일정 참고 | 관련 허브로 이어가기,부산진구에서 한정승인을 진행하려면 관할 확인 후 서류 체크리스트부터 잡는 편이 안전합니다. 서면·부전·전포·양정 일대 상가·오피스·주택 등기 수요가 집중되는 핵심 상권입니다. 상속 재산 범위 내에서만 채무를 변제하고 상속을 승인하는 절차입니다. 채무 조사 후 상속등기와 연계됩니다. 상담 시 서류·일정·비용 범위를 항목별로 안내합니다. 서면·부전·전포·양정 일대 상가·오피스·주택 등기 수요가 집중되는 핵심 상권입니다. 상속 재산 범위 내에서만 채무를 변제하고 상속을 승인하는 절차입니다. 채무 조사 후 상속등기와 연계됩니다. 부산진구 사건의 관할(법원·등기소)과 기한을 확인합니다. 필요 서류·협의 사항을 정리하고 신청서·위임장을 검토합니다. 접수 후 보정·진행 상황을 공유하고 완료·후속 조치를 안내합니다. 신분증·인감증명서(사건에 따라 주민등록등본 등) 등기부등본·계약서·협의서 등 사건 관련 핵심 서류 가족관계증명서·재산 목록(상속·가사 해당 시) 부산진구한정승인 부산진구 법무사 한정승,505,0,,한정승인 상세>/services/qualified-acceptance || 부산진구 법무사>/부산진구법무사 || 업무안내>/services || FAQ>/faq || 상담 문의>/contact || 부산 한정승인 허브로 돌아가기>/부산한정승인 || 한정승인 비용>/한정승인비용 || 한정승인 기한>/한정승인기간 || 부산 상속포기>/부산상속포기 || 부산 상속등기>/부산상속등기 || 부산가정법원 한정승인>/부산가정법원상속 || 한정승인 상담 사례>/services/cases/dongnae-qualified-acceptance-consultation,홈 > 부산진구 한정승인,yes,WebPage+FAQ,,SERP_UNVERIFIED,qualified-supporting,qualified-acceptance,부산진구에서한정승인을진행하려면관할확인후서류체크리스트부터잡는편이안전합니다.서면·부전·전포·양정일대상가·오피스·주택등기수요가집중되는핵심상권입니다.상
/남구상속등기,generated,"index,follow",yes,/남구상속등기,남구 상속등기 안내 | 다옴법무사사무소,남구 상속등기 절차·필요서류·비용·관할 등기소 안내. 해운대·센텀 다옴법무사사무소에서 상담 가능합니다. 해운대·센텀 다옴법무사사무소에서 전화·카카오톡·방문(예약) 상담이 가능합니다.,남구 상속등기 안내 | 다옴법무사사무소,남구 상속등기 절차·필요서류·비용·관할 등기소 안내. 해운대·센텀 다옴법무사사무소에서 상담 가능합니다. 해운대·센텀 다옴법무사사무소에서 전화·카카오톡·방문(예약) 상담이 가능합니다.,남구 상속등기 안내,지역별 업무 상황 | 상속등기에서 자주 놓치는 점 | 관할·실무 포인트 | 준비 서류 | 비용·일정 참고 | 관련 허브로 이어가기,남구에서 상속등기를 진행하려면 관할 확인 후 서류 체크리스트부터 잡는 편이 안전합니다. 대연·용호·문현 일대 아파트·상가 상속·매매 등기와 법인 사무소 수요가 있습니다. 피상속인 사망 후 부동산·토지 등기명의를 상속인 명의로 이전하는 절차입니다. 부산 전역 아파트·상가·토지 상속 사건을 다룹니다. 상담 시 서류·일정·비용 범위를 항목별로 안내합니다. 대연·용호·문현 일대 아파트·상가 상속·매매 등기와 법인 사무소 수요가 있습니다. 피상속인 사망 후 부동산·토지 등기명의를 상속인 명의로 이전하는 절차입니다. 부산 전역 아파트·상가·토지 상속 사건을 다룹니다. 남구 사건의 관할(법원·등기소)과 기한을 확인합니다. 필요 서류·협의 사항을 정리하고 신청서·위임장을 검토합니다. 접수 후 보정·진행 상황을 공유하고 완료·후속 조치를 안내합니다. 신분증·인감증명서(사건에 따라 주민등록등본 등) 등기부등본·계약서·협의서 등 사건 관련 핵심 서류 가족관계증명서·재산 목록(상속·가사 해당 시) 남구상,500,0,,상속등기 상세>/services/inheritance-registration || 남구 법무사>/남구법무사 || 업무안내>/services || FAQ>/faq || 상담 문의>/contact || 부산 상속등기 허브로 돌아가기>/부산상속등기 || 부산 상속 법무사>/부산상속법무사 || 부산 상속재산분할>/부산상속재산분할법무사 || 부산 상속등기 비용 안내>/상속등기비용 || 부산 상속등기 필요서류>/상속등기필요서류 || 부산 상속등기 기간·기한>/상속등기기간 || 부산 상속포기 절차>/부산상속포기,홈 > 남구 상속등기,yes,WebPage+FAQ,,SERP_UNVERIFIED,inheritance-supporting,inheritance-registration,남구에서상속등기를진행하려면관할확인후서류체크리스트부터잡는편이안전합니다.대연·용호·문현일대아파트·상가상속·매매등기와법인사무소수요가있습니다.피상속인사
/사하구상속등기,generated,"index,follow",yes,/사하구상속등기,사하구 상속등기 안내 | 다옴법무사사무소,사하구 상속등기 절차·필요서류·비용·관할 등기소 안내. 해운대·센텀 다옴법무사사무소에서 상담 가능합니다. 해운대·센텀 다옴법무사사무소에서 전화·카카오톡·방문(예약) 상담이 가능합니다.,사하구 상속등기 안내 | 다옴법무사사무소,사하구 상속등기 절차·필요서류·비용·관할 등기소 안내. 해운대·센텀 다옴법무사사무소에서 상담 가능합니다. 해운대·센텀 다옴법무사사무소에서 전화·카카오톡·방문(예약) 상담이 가능합니다.,사하구 상속등기 안내,지역별 업무 상황 | 상속등기에서 자주 놓치는 점 | 관할·실무 포인트 | 준비 서류 | 비용·일정 참고 | 관련 허브로 이어가기,사하구 상속등기 문의는 소재지·채무·협의 상태에 따라 준비 순서가 달라집니다. 하단·괴정·당리 일대 주택·상가 상속·전세·매매 부동산등기 문의가 있는 구입니다. 피상속인 사망 후 부동산·토지 등기명의를 상속인 명의로 이전하는 절차입니다. 부산 전역 아파트·상가·토지 상속 사건을 다룹니다. 상담 시 서류·일정·비용 범위를 항목별로 안내합니다. 하단·괴정·당리 일대 주택·상가 상속·전세·매매 부동산등기 문의가 있는 구입니다. 피상속인 사망 후 부동산·토지 등기명의를 상속인 명의로 이전하는 절차입니다. 부산 전역 아파트·상가·토지 상속 사건을 다룹니다. 사하구 사건의 관할(법원·등기소)과 기한을 확인합니다. 필요 서류·협의 사항을 정리하고 신청서·위임장을 검토합니다. 접수 후 보정·진행 상황을 공유하고 완료·후속 조치를 안내합니다. 신분증·인감증명서(사건에 따라 주민등록등본 등) 등기부등본·계약서·협의서 등 사건 관련 핵심 서류 가족관계증명서·재산 목록(상속·가사 해당 시) 사하구상속등기,494,2,/사하구법무사::상속등기 || /하단법무사::사하구 상속등기,상속등기 상세>/services/inheritance-registration || 사하구 법무사>/사하구법무사 || 업무안내>/services || FAQ>/faq || 상담 문의>/contact || 부산 상속등기 허브로 돌아가기>/부산상속등기 || 부산 상속 법무사>/부산상속법무사 || 부산 상속재산분할>/부산상속재산분할법무사 || 부산 상속등기 비용 안내>/상속등기비용 || 부산 상속등기 필요서류>/상속등기필요서류 || 부산 상속등기 기간·기한>/상속등기기간 || 부산 상속포기 절차>/부산상속포기,홈 > 사하구 상속등기,yes,WebPage+FAQ,,SERP_UNVERIFIED,inheritance-supporting,inheritance-registration,사하구상속등기문의는소재지·채무·협의상태에따라준비순서가달라집니다.하단·괴정·당리일대주택·상가상속·전세·매매부동산등기문의가있는구입니다.피상속인사망후
/강서구상속등기,generated,"index,follow",yes,/강서구상속등기,강서구 상속등기 안내 | 다옴법무사사무소,강서구 상속등기 절차·필요서류·비용·관할 등기소 안내. 해운대·센텀 다옴법무사사무소에서 상담 가능합니다. 해운대·센텀 다옴법무사사무소에서 전화·카카오톡·방문(예약) 상담이 가능합니다.,강서구 상속등기 안내 | 다옴법무사사무소,강서구 상속등기 절차·필요서류·비용·관할 등기소 안내. 해운대·센텀 다옴법무사사무소에서 상담 가능합니다. 해운대·센텀 다옴법무사사무소에서 전화·카카오톡·방문(예약) 상담이 가능합니다.,강서구 상속등기 안내,강서구 상속재산 유형 분기 | 신도시·산업·농지 | 비용·기한 | 관련 허브로 이어가기 | 상담 시 확인하는 내용 | 상담 시 확인하는 내용,"강서구 상속등기는 명지 신도시 아파트, 대저·가락 농지·창고, 녹산 산업 재산이 섞일 수 있습니다. 부동산 유형을 먼저 나눠야 서류와 관할이 정리됩니다. 강서구 상속등기는 명지 신도시 아파트, 대저·가락 농지·창고, 녹산 산업 재산이 섞일 수 있습니다. 부동산 유형을 먼저 나눠야 서류와 관할이 정리됩니다. 승인 방식·채무 확인 강서구 재산 유형별 목록 협의·서류·세금 접수·완료 가족관계 서류 유형별 등기부·대장 협의서·인감 인허가 자료(해당 시) 강서구 주소·유형 상속인 채무 법인 명의 여부 강서구 상속재산 유형 분기 아파트·오피스텔인지, 농지·임야인지, 공장·창고인지에 따라 준비 서류가 달라집니다. 여러 유형이 함께 있으면 목록을 분리합니다. 신도시·산업·농지 명지 아파트는 협의·취득세·등기 순으로 진행하고, 녹산·지사 재산은 법인·인허가 연동을 봅니다. 비용·기한 필지 수·유형·상속인 수에 따라 달라집니다. 포기·한정승인 기한은 별도입니다. 관련 허브로 이어가기 강서구 상속등기 ",275,1,/명지동법무사::강서구 상속등기,상속등기 상세>/services/inheritance-registration || 강서구 법무사>/강서구법무사 || 업무안내>/services || FAQ>/faq || 상담 문의>/contact || 부산 상속등기 허브로 돌아가기>/부산상속등기 || 부산 상속 법무사>/부산상속법무사 || 부산 상속재산분할>/부산상속재산분할법무사 || 부산 상속등기 비용 안내>/상속등기비용 || 부산 상속등기 필요서류>/상속등기필요서류 || 부산 상속등기 기간·기한>/상속등기기간 || 부산 상속포기 절차>/부산상속포기,홈 > 강서구 상속등기,yes,WebPage+FAQ,,SERP_UNVERIFIED,inheritance-supporting,inheritance-registration,"강서구상속등기는명지신도시아파트,대저·가락농지·창고,녹산산업재산이섞일수있습니다.부동산유형을먼저나눠야서류와관할이정리됩니다.강서구상속등기는명지신도시아"
/센텀시티역상속등기,generated,"index,follow",yes,/센텀시티역상속등기,센텀시티역 상속등기 안내 | 다옴법무사사무소,센텀시티역 상속등기 절차·필요서류·비용·관할 등기소 안내. 해운대·센텀 다옴법무사사무소에서 상담 가능합니다. 해운대·센텀 다옴법무사사무소에서 전화·카카오톡·방문(예약) 상담이 가능합니다.,센텀시티역 상속등기 안내 | 다옴법무사사무소,센텀시티역 상속등기 절차·필요서류·비용·관할 등기소 안내. 해운대·센텀 다옴법무사사무소에서 상담 가능합니다. 해운대·센텀 다옴법무사사무소에서 전화·카카오톡·방문(예약) 상담이 가능합니다.,센텀시티역 상속등기 안내,센텀권 상속등기에서 볼 것 | 역세권 검색과 관할 | 비용·기한 | 관련 허브로 이어가기 | 상담 시 확인하는 내용 | 상담 시 확인하는 내용,"센텀시티역 생활권 상속등기는 해운대구 재송·우동·센텀 일대 아파트·오피스 명의이전이 많습니다. 역 이름 검색은 생활권 안내이고, 관할은 부동산 소재지 주소로 확인합니다. 센텀시티역 생활권 상속등기는 해운대구 재송·우동·센텀 일대 아파트·오피스 명의이전이 많습니다. 역 이름 검색은 생활권 안내이고, 관할은 부동산 소재지 주소로 확인합니다. 승인 방식 확인 센텀권 부동산 목록·등기부 확인 협의·서류·세금 접수·완료 가족관계 서류 등기부등본 협의서·인감 위임장 센텀·재송·우동 주소 상속인 채무 방문/원격 희망 센텀권 상속등기에서 볼 것 아파트 단독점유·주차·상가 지분처럼 권리 대상이 여러 개면 목록으로 정리합니다. 근저당·전세권이 있으면 말소·승계를 등기와 같은 일정에 둡니다. 역세권 검색과 관할 센텀시티역·재송역으로 검색해도 절차는 동일하고, 등기소 관할만 주소로 확정합니다. 별도 역 전용 절차는 없습니다. 비용·기한 부동산 수·상속인 수·협의 여부로 구성이 달라집니다. 3개월 포기·한",280,0,,센텀 법인설립등기>/센텀법인설립등기 || 센텀 법무사>/센텀법무사 || 부산 전역 업무 선택 안내>/부산법무사 || 상속등기 상세>/services/inheritance-registration || 업무안내>/services || FAQ>/faq || 상담 문의>/contact || 부산 상속등기 허브로 돌아가기>/부산상속등기 || 부산 상속 법무사>/부산상속법무사 || 부산 상속재산분할>/부산상속재산분할법무사 || 부산 상속등기 비용 안내>/상속등기비용 || 부산 상속등기 필요서류>/상속등기필요서류,홈 > 센텀시티역 상속등기,yes,WebPage+FAQ,,SERP_UNVERIFIED,inheritance-supporting,inheritance-registration,"센텀시티역생활권상속등기는해운대구재송·우동·센텀일대아파트·오피스명의이전이많습니다.역이름검색은생활권안내이고,관할은부동산소재지주소로확인합니다.센텀시티"
/상속등기준비서류,generated,"index,follow",yes,/상속등기준비서류,상속등기 준비서류 안내 | 다옴법무사사무소,상속등기 준비서류 정리. 사건별 준비 서류·기한·수임료 범위를 투명하게 설명드립니다. 해운대·센텀 다옴법무사사무소에서 전화·카카오톡·방문(예약) 상담이 가능합니다.,상속등기 준비서류 안내 | 다옴법무사사무소,상속등기 준비서류 정리. 사건별 준비 서류·기한·수임료 범위를 투명하게 설명드립니다. 해운대·센텀 다옴법무사사무소에서 전화·카카오톡·방문(예약) 상담이 가능합니다.,상속등기 준비서류 안내,필수 서류 | 상속등기에서 자주 놓치는 점 | 상속등기 준비서류 초점에서 볼 것 | 추가로 필요한 경우 | 준비 서류 | 준비 체크리스트 | 검색 의도별 다음 안내,"준비서류만 보고 단정하기보다, 상속등기의 사실관계·기한·관할을 먼저 나눠 보는 것이 실무적입니다. 피상속인 사망 후 부동산·토지 등기명의를 상속인 명의로 이전하는 절차입니다. 부산 전역 아파트·상가·토지 상속 사건을 다룹니다. 다옴법무사사무소는 부산 전역 사건을 다루며 준비서류 관련 범위를 항목별로 정리합니다. 부산은 관할 법원·등기소가 사건별로 달라 사전 정리가 중요한 지역입니다. 피상속인 사망 후 부동산·토지 등기명의를 상속인 명의로 이전하는 절차입니다. 부산 전역 아파트·상가·토지 상속 사건을 다룹니다. 부산 사건의 관할(법원·등기소)과 기한을 확인합니다. 필요 서류·협의 사항을 정리하고 신청서·위임장을 검토합니다. 접수 후 보정·진행 상황을 공유하고 완료·후속 조치를 안내합니다. 신분증·인감증명서(사건에 따라 주민등록등본 등) 등기부등본·계약서·협의서 등 사건 관련 핵심 서류 가족관계증명서·재산 목록(상속·가사 해당 시) 상속등기준비서류 상속등기 준비서류 다옴법무사사무소 필수",536,0,,상속등기 상세>/services/inheritance-registration || 업무안내>/services || FAQ>/faq || 상담 문의>/contact || 부산 상속등기 허브로 돌아가기>/부산상속등기 || 부산 상속 법무사>/부산상속법무사 || 부산 상속재산분할>/부산상속재산분할법무사 || 부산 상속등기 비용 안내>/상속등기비용 || 부산 상속등기 필요서류>/상속등기필요서류 || 부산 상속등기 기간·기한>/상속등기기간 || 부산 상속포기 절차>/부산상속포기 || 부산 한정승인 안내>/부산한정승인,홈 > 상속등기 준비서류,yes,WebPage+FAQ,,SERP_UNVERIFIED,inheritance-supporting,inheritance-registration,"준비서류만보고단정하기보다,상속등기의사실관계·기한·관할을먼저나눠보는것이실무적입니다.피상속인사망후부동산·토지등기명의를상속인명의로이전하는절차입니다.부"
/부산지방법원상속등기,generated,"index,follow",yes,/부산지방법원상속등기,부산지방법원 상속등기 절차 | 다옴법무사사무소,부산지방법원 상속등기 안내. 관할·제출 서류·접수 절차를 사건별로 설명합니다. 해운대·센텀 다옴법무사사무소에서 전화·카카오톡·방문(예약) 상담이 가능합니다.,부산지방법원 상속등기 절차 | 다옴법무사사무소,부산지방법원 상속등기 안내. 관할·제출 서류·접수 절차를 사건별로 설명합니다. 해운대·센텀 다옴법무사사무소에서 전화·카카오톡·방문(예약) 상담이 가능합니다.,부산지방법원 상속등기,관할 확인 | 상속등기에서 자주 놓치는 점 | 접수 전 확인사항 | 준비 서류 | 서류 보정 대응 | 부산지방법원 관련 실무 포인트,부산지방법원와(과) 관련된 상속등기 사건은 관할과 제출 서류를 먼저 맞추는 것이 중요합니다. 부산·울산·경남 일부 민사·형사 1심 관할 법원입니다. 지급명령·가압류 등 민사 절차와 연계됩니다. 피상속인 사망 후 부동산·토지 등기명의를 상속인 명의로 이전하는 절차입니다. 부산 전역 아파트·상가·토지 상속 사건을 다룹니다. 부산광역시 전역 상속등기·부동산등기·법인등기·개인회생·파산 등 법무사 업무를 다루는 핵심 지역입니다. 피상속인 사망 후 부동산·토지 등기명의를 상속인 명의로 이전하는 절차입니다. 부산 전역 아파트·상가·토지 상속 사건을 다룹니다. 부산 사건의 관할(법원·등기소)과 기한을 확인합니다. 필요 서류·협의 사항을 정리하고 신청서·위임장을 검토합니다. 접수 후 보정·진행 상황을 공유하고 완료·후속 조치를 안내합니다. 신분증·인감증명서(사건에 따라 주민등록등본 등) 등기부등본·계약서·협의서 등 사건 관련 핵심 서류 가족관계증명서·재산 목록(상속·가사 해당 시) 부산지방법원상속등,540,0,,상속등기 상세>/services/inheritance-registration || 업무안내>/services || FAQ>/faq || 상담 문의>/contact || 부산 법원·등기소 법무사 허브로 돌아가기>/부산지방법원등기국 || 부산지방법원 법무사>/부산지방법원법무사 || 동부지원 법무사>/부산지방법원동부지원법무사 || 동부지원 등기과>/부산지방법원동부지원등기과 || 남부산등기소 법무사>/남부산등기소법무사 || 북부산등기소 법무사>/북부산등기소법무사 || 중부산등기소 법무사>/중부산등기소법무사 || 부산진등기소 법무사>/부산진등기소법무사,홈 > 부산지방법원 상속등기,yes,WebPage+FAQ,,SERP_UNVERIFIED,inheritance-supporting,inheritance-registration,부산지방법원와(과)관련된상속등기사건은관할과제출서류를먼저맞추는것이중요합니다.부산·울산·경남일부민사·형사1심관할법원입니다.지급명령·가압류등민사절차와
/수영구한정승인,generated,"index,follow",yes,/수영구한정승인,수영구 한정승인 안내 | 다옴법무사사무소,수영구 한정승인 절차·필요서류·비용·관할 등기소 안내. 해운대·센텀 다옴법무사사무소에서 상담 가능합니다. 해운대·센텀 다옴법무사사무소에서 전화·카카오톡·방문(예약) 상담이 가능합니다.,수영구 한정승인 안내 | 다옴법무사사무소,수영구 한정승인 절차·필요서류·비용·관할 등기소 안내. 해운대·센텀 다옴법무사사무소에서 상담 가능합니다. 해운대·센텀 다옴법무사사무소에서 전화·카카오톡·방문(예약) 상담이 가능합니다.,수영구 한정승인 안내,지역별 업무 상황 | 한정승인에서 자주 놓치는 점 | 관할·실무 포인트 | 준비 서류 | 비용·일정 참고 | 관련 허브로 이어가기,수영구 한정승인 문의는 소재지·채무·협의 상태에 따라 준비 순서가 달라집니다. 광안리·민락·망미 일대에서 전월세·매매·상속이 겹치는 부동산 등기 상담을 안내합니다. 상속 재산 범위 내에서만 채무를 변제하고 상속을 승인하는 절차입니다. 채무 조사 후 상속등기와 연계됩니다. 상담 시 서류·일정·비용 범위를 항목별로 안내합니다. 광안리·민락·망미 일대에서 전월세·매매·상속이 겹치는 부동산 등기 상담을 안내합니다. 상속 재산 범위 내에서만 채무를 변제하고 상속을 승인하는 절차입니다. 채무 조사 후 상속등기와 연계됩니다. 수영구 사건의 관할(법원·등기소)과 기한을 확인합니다. 당사자·권리관계·근저당 유무를 확인한 뒤 접수 체크리스트를 만듭니다. 접수 후 보정·진행 상황을 공유하고 완료·후속 조치를 안내합니다. 신분증·인감증명서(사건에 따라 주민등록등본 등) 등기부등본·계약서·협의서 등 사건 관련 핵심 서류 가족관계증명서·재산 목록(상속·가사 해당 시) 수영구한정승인 수영구 법무사 한정승인 지,494,0,,한정승인 상세>/services/qualified-acceptance || 수영구 법무사>/수영구법무사 || 업무안내>/services || FAQ>/faq || 상담 문의>/contact || 부산 한정승인 허브로 돌아가기>/부산한정승인 || 한정승인 비용>/한정승인비용 || 한정승인 기한>/한정승인기간 || 부산 상속포기>/부산상속포기 || 부산 상속등기>/부산상속등기 || 부산가정법원 한정승인>/부산가정법원상속 || 한정승인 상담 사례>/services/cases/dongnae-qualified-acceptance-consultation,홈 > 수영구 한정승인,yes,WebPage+FAQ,,SERP_UNVERIFIED,qualified-supporting,qualified-acceptance,수영구한정승인문의는소재지·채무·협의상태에따라준비순서가달라집니다.광안리·민락·망미일대에서전월세·매매·상속이겹치는부동산등기상담을안내합니다.상속재산범
/연산동상속등기,generated,"index,follow",yes,/연산동상속등기,연산동 상속등기 안내 | 다옴법무사사무소,연산동 상속등기 절차·필요서류·비용·관할 등기소 안내. 해운대·센텀 다옴법무사사무소에서 상담 가능합니다. 해운대·센텀 다옴법무사사무소에서 전화·카카오톡·방문(예약) 상담이 가능합니다.,연산동 상속등기 안내 | 다옴법무사사무소,연산동 상속등기 절차·필요서류·비용·관할 등기소 안내. 해운대·센텀 다옴법무사사무소에서 상담 가능합니다. 해운대·센텀 다옴법무사사무소에서 전화·카카오톡·방문(예약) 상담이 가능합니다.,연산동 상속등기 안내,지역별 업무 상황 | 상속등기에서 자주 놓치는 점 | 관할·실무 포인트 | 준비 서류 | 비용·일정 참고 | 관련 허브로 이어가기,상속등기를 연산동 기준으로 볼 때는 동일 절차라도 등기소·법원 창구가 사건별로 갈릴 수 있습니다. 연산동 대단지·상가 상속·법인 사무실 등기를 안내하는 동입니다. 피상속인 사망 후 부동산·토지 등기명의를 상속인 명의로 이전하는 절차입니다. 부산 전역 아파트·상가·토지 상속 사건을 다룹니다. 상담 시 서류·일정·비용 범위를 항목별로 안내합니다. 연산동 대단지·상가 상속·법인 사무실 등기를 안내하는 동입니다. 피상속인 사망 후 부동산·토지 등기명의를 상속인 명의로 이전하는 절차입니다. 부산 전역 아파트·상가·토지 상속 사건을 다룹니다. 연산동 사건의 관할(법원·등기소)과 기한을 확인합니다. 전자등기·방문 접수·보정 대응 중 가능한 방식을 먼저 고릅니다. 접수 후 보정·진행 상황을 공유하고 완료·후속 조치를 안내합니다. 신분증·인감증명서(사건에 따라 주민등록등본 등) 등기부등본·계약서·협의서 등 사건 관련 핵심 서류 가족관계증명서·재산 목록(상속·가사 해당 시) 연산동상속등기 연산동 법무,520,0,,상속등기 상세>/services/inheritance-registration || 업무안내>/services || FAQ>/faq || 상담 문의>/contact || 부산 상속등기 허브로 돌아가기>/부산상속등기 || 부산 상속 법무사>/부산상속법무사 || 부산 상속재산분할>/부산상속재산분할법무사 || 부산 상속등기 비용 안내>/상속등기비용 || 부산 상속등기 필요서류>/상속등기필요서류 || 부산 상속등기 기간·기한>/상속등기기간 || 부산 상속포기 절차>/부산상속포기 || 부산 한정승인 안내>/부산한정승인,홈 > 연산동 상속등기,yes,WebPage+FAQ,,SERP_UNVERIFIED,inheritance-supporting,inheritance-registration,상속등기를연산동기준으로볼때는동일절차라도등기소·법원창구가사건별로갈릴수있습니다.연산동대단지·상가상속·법인사무실등기를안내하는동입니다.피상속인사망후부동
/상속포기필요서류,generated,"index,follow",yes,/상속포기필요서류,상속포기 필요서류 안내 | 다옴법무사사무소,상속포기 필요서류 정리. 사건별 준비 서류·기한·수임료 범위를 투명하게 설명드립니다. 해운대·센텀 다옴법무사사무소에서 전화·카카오톡·방문(예약) 상담이 가능합니다.,상속포기 필요서류 안내 | 다옴법무사사무소,상속포기 필요서류 정리. 사건별 준비 서류·기한·수임료 범위를 투명하게 설명드립니다. 해운대·센텀 다옴법무사사무소에서 전화·카카오톡·방문(예약) 상담이 가능합니다.,상속포기 필요서류 안내,필수 서류 | 상속포기에서 자주 놓치는 점 | 상속포기 필요서류 초점에서 볼 것 | 추가로 필요한 경우 | 준비 서류 | 준비 체크리스트 | 검색 의도별 다음 안내,"필요서류만 보고 단정하기보다, 상속포기의 사실관계·기한·관할을 먼저 나눠 보는 것이 실무적입니다. 상속 재산보다 채무가 많을 때 상속을 포기하는 가사 신고 절차입니다. 부산가정법원 관할 사건을 안내합니다. 다옴법무사사무소는 부산 전역 사건을 다루며 필요서류 관련 범위를 항목별로 정리합니다. 부산은 관할 법원·등기소가 사건별로 달라 사전 정리가 중요한 지역입니다. 상속 재산보다 채무가 많을 때 상속을 포기하는 가사 신고 절차입니다. 부산가정법원 관할 사건을 안내합니다. 부산 사건의 관할(법원·등기소)과 기한을 확인합니다. 필요 서류·협의 사항을 정리하고 신청서·위임장을 검토합니다. 접수 후 보정·진행 상황을 공유하고 완료·후속 조치를 안내합니다. 신분증·인감증명서(사건에 따라 주민등록등본 등) 등기부등본·계약서·협의서 등 사건 관련 핵심 서류 가족관계증명서·재산 목록(상속·가사 해당 시) 상속포기필요서류 상속포기 필요서류 다옴법무사사무소 필수 서류 상속포기는 가정법원 신고입니다. 3개",517,33,/상속포기자가진단::상속포기 필요서류 || /연제구상속포기::상속포기 필요서류 || /기장군상속포기::상속포기 필요서류 || /북구상속포기::상속포기 필요서류 || /사상구상속포기::상속포기 필요서류 || /수영구상속포기::상속포기 필요서류 || /상속포기비용::상속포기 필요서류 || /부산상속포기전문법무사::상속포기 필요서류 || /상속포기후다음순위확인::상속포기 필요서류 || /부산개명허가::상속포기 필요서류 || /부산부재자재산관리인::상속포기 필요서류 || /부산상속재산관리인::상속포기 필요서류,상속포기 상세>/services/inheritance-renunciation || 업무안내>/services || FAQ>/faq || 상담 문의>/contact || 부산 상속포기 허브로 돌아가기>/부산상속포기 || 상속포기 비용>/상속포기비용 || 부산 한정승인 비교>/부산한정승인 || 부산가정법원 상속포기>/부산가정법원상속포기 || 부산 상속등기>/부산상속등기 || 채무 과다 시 개인회생>/부산개인회생 || 상속포기 상담 사례>/services/cases/jaesong-inheritance-renunciation-consultation || 상속포기 기한 FAQ>/faq/inheritance-renunciation-deadline,홈 > 상속포기 필요서류,yes,WebPage+FAQ,,SERP_UNVERIFIED,renunciation-supporting,inheritance-renunciation,"필요서류만보고단정하기보다,상속포기의사실관계·기한·관할을먼저나눠보는것이실무적입니다.상속재산보다채무가많을때상속을포기하는가사신고절차입니다.부산가정법원"
/한정승인필요서류,generated,"index,follow",yes,/한정승인필요서류,한정승인 필요서류 안내 | 다옴법무사사무소,한정승인 필요서류 정리. 사건별 준비 서류·기한·수임료 범위를 투명하게 설명드립니다. 해운대·센텀 다옴법무사사무소에서 전화·카카오톡·방문(예약) 상담이 가능합니다.,한정승인 필요서류 안내 | 다옴법무사사무소,한정승인 필요서류 정리. 사건별 준비 서류·기한·수임료 범위를 투명하게 설명드립니다. 해운대·센텀 다옴법무사사무소에서 전화·카카오톡·방문(예약) 상담이 가능합니다.,한정승인 필요서류 안내,필수 서류 | 한정승인에서 자주 놓치는 점 | 한정승인 필요서류 초점에서 볼 것 | 추가로 필요한 경우 | 준비 서류 | 준비 체크리스트 | 검색 의도별 다음 안내,"필요서류만 보고 단정하기보다, 한정승인의 사실관계·기한·관할을 먼저 나눠 보는 것이 실무적입니다. 상속 재산 범위 내에서만 채무를 변제하고 상속을 승인하는 절차입니다. 채무 조사 후 상속등기와 연계됩니다. 다옴법무사사무소는 부산 전역 사건을 다루며 필요서류 관련 범위를 항목별로 정리합니다. 부산은 관할 법원·등기소가 사건별로 달라 사전 정리가 중요한 지역입니다. 상속 재산 범위 내에서만 채무를 변제하고 상속을 승인하는 절차입니다. 채무 조사 후 상속등기와 연계됩니다. 부산 사건의 관할(법원·등기소)과 기한을 확인합니다. 당사자·권리관계·근저당 유무를 확인한 뒤 접수 체크리스트를 만듭니다. 접수 후 보정·진행 상황을 공유하고 완료·후속 조치를 안내합니다. 신분증·인감증명서(사건에 따라 주민등록등본 등) 등기부등본·계약서·협의서 등 사건 관련 핵심 서류 가족관계증명서·재산 목록(상속·가사 해당 시) 한정승인필요서류 한정승인 필요서류 다옴법무사사무소 필수 서류 한정승인 후 상속등기·변제 ",556,0,,한정승인 상세>/services/qualified-acceptance || 업무안내>/services || FAQ>/faq || 상담 문의>/contact || 부산 한정승인 허브로 돌아가기>/부산한정승인 || 한정승인 비용>/한정승인비용 || 한정승인 기한>/한정승인기간 || 부산 상속포기>/부산상속포기 || 부산 상속등기>/부산상속등기 || 부산가정법원 한정승인>/부산가정법원상속 || 한정승인 상담 사례>/services/cases/dongnae-qualified-acceptance-consultation || 한정승인 절차 FAQ>/faq/qualified-acceptance-procedure,홈 > 한정승인 필요서류,yes,WebPage+FAQ,,SERP_UNVERIFIED,qualified-supporting,qualified-acceptance,"필요서류만보고단정하기보다,한정승인의사실관계·기한·관할을먼저나눠보는것이실무적입니다.상속재산범위내에서만채무를변제하고상속을승인하는절차입니다.채무조사후"
/동래구상속포기,generated,"index,follow",yes,/동래구상속포기,동래구 상속포기 안내 | 다옴법무사사무소,동래구 상속포기 절차·필요서류·비용·관할 등기소 안내. 해운대·센텀 다옴법무사사무소에서 상담 가능합니다. 해운대·센텀 다옴법무사사무소에서 전화·카카오톡·방문(예약) 상담이 가능합니다.,동래구 상속포기 안내 | 다옴법무사사무소,동래구 상속포기 절차·필요서류·비용·관할 등기소 안내. 해운대·센텀 다옴법무사사무소에서 상담 가능합니다. 해운대·센텀 다옴법무사사무소에서 전화·카카오톡·방문(예약) 상담이 가능합니다.,동래구 상속포기 안내,지역별 업무 상황 | 상속포기에서 자주 놓치는 점 | 관할·실무 포인트 | 준비 서류 | 비용·일정 참고 | 광역 상속포기 안내로 이어가기,동래구 상속포기 문의는 소재지·채무·협의 상태에 따라 준비 순서가 달라집니다. 온천·사직·명륜 일대 재건축·주택 상속·한정승인 사건이 꾸준한 구입니다. 상속 재산보다 채무가 많을 때 상속을 포기하는 가사 신고 절차입니다. 부산가정법원 관할 사건을 안내합니다. 상담 시 서류·일정·비용 범위를 항목별로 안내합니다. 온천·사직·명륜 일대 재건축·주택 상속·한정승인 사건이 꾸준한 구입니다. 상속 재산보다 채무가 많을 때 상속을 포기하는 가사 신고 절차입니다. 부산가정법원 관할 사건을 안내합니다. 동래구 사건의 관할(법원·등기소)과 기한을 확인합니다. 필요 서류·협의 사항을 정리하고 신청서·위임장을 검토합니다. 접수 후 보정·진행 상황을 공유하고 완료·후속 조치를 안내합니다. 신분증·인감증명서(사건에 따라 주민등록등본 등) 등기부등본·계약서·협의서 등 사건 관련 핵심 서류 가족관계증명서·재산 목록(상속·가사 해당 시) 동래구상속포기 동래구 법무사 상속포기 지역별 업무 상황 상속포기 비용은 취,511,1,/부산상속포기::동래구 상속포기,부산 법인 업무 안내>/부산법인법무사 || 동래구 부동산등기>/동래구부동산등기 || 동래구 상속등기>/동래구상속등기 || 부산 전역 업무 선택 안내>/부산법무사 || 상속포기 상세>/services/inheritance-renunciation || 동래구 법무사>/동래구법무사 || 업무안내>/services || FAQ>/faq || 상담 문의>/contact || 부산 상속포기 허브로 돌아가기>/부산상속포기 || 상속포기 비용>/상속포기비용 || 상속포기 필요서류>/상속포기필요서류,홈 > 동래구 상속포기,yes,WebPage+FAQ,,SERP_UNVERIFIED,renunciation-supporting,inheritance-renunciation,동래구상속포기문의는소재지·채무·협의상태에따라준비순서가달라집니다.온천·사직·명륜일대재건축·주택상속·한정승인사건이꾸준한구입니다.상속재산보다채무가많을
/북구한정승인,generated,"index,follow",yes,/북구한정승인,북구 한정승인 안내 | 다옴법무사사무소,북구 한정승인 절차·필요서류·비용·관할 등기소 안내. 해운대·센텀 다옴법무사사무소에서 상담 가능합니다. 해운대·센텀 다옴법무사사무소에서 전화·카카오톡·방문(예약) 상담이 가능합니다.,북구 한정승인 안내 | 다옴법무사사무소,북구 한정승인 절차·필요서류·비용·관할 등기소 안내. 해운대·센텀 다옴법무사사무소에서 상담 가능합니다. 해운대·센텀 다옴법무사사무소에서 전화·카카오톡·방문(예약) 상담이 가능합니다.,북구 한정승인 안내,지역별 업무 상황 | 한정승인에서 자주 놓치는 점 | 관할·실무 포인트 | 준비 서류 | 비용·일정 참고 | 관련 허브로 이어가기,한정승인을 북구 기준으로 볼 때는 동일 절차라도 등기소·법원 창구가 사건별로 갈릴 수 있습니다. 덕천·화명·구포 일대 대단지 아파트 상속·개인회생 상담이 많은 구입니다. 상속 재산 범위 내에서만 채무를 변제하고 상속을 승인하는 절차입니다. 채무 조사 후 상속등기와 연계됩니다. 상담 시 서류·일정·비용 범위를 항목별로 안내합니다. 덕천·화명·구포 일대 대단지 아파트 상속·개인회생 상담이 많은 구입니다. 상속 재산 범위 내에서만 채무를 변제하고 상속을 승인하는 절차입니다. 채무 조사 후 상속등기와 연계됩니다. 북구 사건의 관할(법원·등기소)과 기한을 확인합니다. 당사자·권리관계·근저당 유무를 확인한 뒤 접수 체크리스트를 만듭니다. 접수 후 보정·진행 상황을 공유하고 완료·후속 조치를 안내합니다. 신분증·인감증명서(사건에 따라 주민등록등본 등) 등기부등본·계약서·협의서 등 사건 관련 핵심 서류 가족관계증명서·재산 목록(상속·가사 해당 시) 북구한정승인 북구 법무사 한정승인 지역별 업무 상,507,0,,한정승인 상세>/services/qualified-acceptance || 북구 법무사>/북구법무사 || 업무안내>/services || FAQ>/faq || 상담 문의>/contact || 부산 한정승인 허브로 돌아가기>/부산한정승인 || 한정승인 비용>/한정승인비용 || 한정승인 기한>/한정승인기간 || 부산 상속포기>/부산상속포기 || 부산 상속등기>/부산상속등기 || 부산가정법원 한정승인>/부산가정법원상속 || 한정승인 상담 사례>/services/cases/dongnae-qualified-acceptance-consultation,홈 > 북구 한정승인,yes,WebPage+FAQ,,SERP_UNVERIFIED,qualified-supporting,qualified-acceptance,한정승인을북구기준으로볼때는동일절차라도등기소·법원창구가사건별로갈릴수있습니다.덕천·화명·구포일대대단지아파트상속·개인회생상담이많은구입니다.상속재산범위
/덕천동상속등기,generated,"index,follow",yes,/덕천동상속등기,덕천동 상속등기 안내 | 다옴법무사사무소,덕천동 상속등기 절차·필요서류·비용·관할 등기소 안내. 해운대·센텀 다옴법무사사무소에서 상담 가능합니다. 해운대·센텀 다옴법무사사무소에서 전화·카카오톡·방문(예약) 상담이 가능합니다.,덕천동 상속등기 안내 | 다옴법무사사무소,덕천동 상속등기 절차·필요서류·비용·관할 등기소 안내. 해운대·센텀 다옴법무사사무소에서 상담 가능합니다. 해운대·센텀 다옴법무사사무소에서 전화·카카오톡·방문(예약) 상담이 가능합니다.,덕천동 상속등기 안내,지역별 업무 상황 | 상속등기에서 자주 놓치는 점 | 관할·실무 포인트 | 준비 서류 | 비용·일정 참고 | 관련 허브로 이어가기,덕천동에서 상속등기를 진행하려면 관할 확인 후 서류 체크리스트부터 잡는 편이 안전합니다. 덕천·구포 일대 아파트 상속·개인회생 상담이 많은 동입니다. 피상속인 사망 후 부동산·토지 등기명의를 상속인 명의로 이전하는 절차입니다. 부산 전역 아파트·상가·토지 상속 사건을 다룹니다. 상담 시 서류·일정·비용 범위를 항목별로 안내합니다. 덕천·구포 일대 아파트 상속·개인회생 상담이 많은 동입니다. 피상속인 사망 후 부동산·토지 등기명의를 상속인 명의로 이전하는 절차입니다. 부산 전역 아파트·상가·토지 상속 사건을 다룹니다. 덕천동 사건의 관할(법원·등기소)과 기한을 확인합니다. 필요 서류·협의 사항을 정리하고 신청서·위임장을 검토합니다. 접수 후 보정·진행 상황을 공유하고 완료·후속 조치를 안내합니다. 신분증·인감증명서(사건에 따라 주민등록등본 등) 등기부등본·계약서·협의서 등 사건 관련 핵심 서류 가족관계증명서·재산 목록(상속·가사 해당 시) 덕천동상속등기 덕천동 법무사 상속등기 지역별 ,502,1,/덕천동법무사::덕천동 상속등기,상속등기 상세>/services/inheritance-registration || 업무안내>/services || FAQ>/faq || 상담 문의>/contact || 부산 상속등기 허브로 돌아가기>/부산상속등기 || 부산 상속 법무사>/부산상속법무사 || 부산 상속재산분할>/부산상속재산분할법무사 || 부산 상속등기 비용 안내>/상속등기비용 || 부산 상속등기 필요서류>/상속등기필요서류 || 부산 상속등기 기간·기한>/상속등기기간 || 부산 상속포기 절차>/부산상속포기 || 부산 한정승인 안내>/부산한정승인,홈 > 덕천동 상속등기,yes,WebPage+FAQ,,SERP_UNVERIFIED,inheritance-supporting,inheritance-registration,덕천동에서상속등기를진행하려면관할확인후서류체크리스트부터잡는편이안전합니다.덕천·구포일대아파트상속·개인회생상담이많은동입니다.피상속인사망후부동산·토지등
/상속등기과태료,generated,"index,follow",yes,/상속등기과태료,상속등기 과태료 안내 | 다옴법무사사무소,상속등기 과태료 정리. 사건별 준비 서류·기한·수임료 범위를 투명하게 설명드립니다. 해운대·센텀 다옴법무사사무소에서 전화·카카오톡·방문(예약) 상담이 가능합니다.,상속등기 과태료 안내 | 다옴법무사사무소,상속등기 과태료 정리. 사건별 준비 서류·기한·수임료 범위를 투명하게 설명드립니다. 해운대·센텀 다옴법무사사무소에서 전화·카카오톡·방문(예약) 상담이 가능합니다.,상속등기 과태료 안내,비용이 달라지는 이유 | 상속등기에서 자주 놓치는 점 | 상속등기 과태료 초점에서 볼 것 | 보수표·실비 | 준비 서류 | 사건 난이도별 견적 | 검색 의도별 다음 안내,상속등기 과태료 관련 안내는 지연 등기·신고가 문제될 수 있는 조건을 중심으로 봅니다. 이미 기한이 지난 경우에도 다음 조치 선택지를 상담에서 정리합니다. 피상속인 사망 후 부동산·토지 등기명의를 상속인 명의로 이전하는 절차입니다. 부산 전역 아파트·상가·토지 상속 사건을 다룹니다. 다옴법무사사무소는 부산 전역 사건을 다루며 과태료 관련 범위를 항목별로 정리합니다. 부산은 관할 법원·등기소가 사건별로 달라 사전 정리가 중요한 지역입니다. 피상속인 사망 후 부동산·토지 등기명의를 상속인 명의로 이전하는 절차입니다. 부산 전역 아파트·상가·토지 상속 사건을 다룹니다. 부산 사건의 관할(법원·등기소)과 기한을 확인합니다. 전자등기·방문 접수·보정 대응 중 가능한 방식을 먼저 고릅니다. 접수 후 보정·진행 상황을 공유하고 완료·후속 조치를 안내합니다. 신분증·인감증명서(사건에 따라 주민등록등본 등) 등기부등본·계약서·협의서 등 사건 관련 핵심 서류 가족관계증명서·재산 목록(상속·가사 해당 ,539,0,,상속등기 상세>/services/inheritance-registration || 업무안내>/services || FAQ>/faq || 상담 문의>/contact || 부산 법무사 비용 허브로 돌아가기>/부산법무사비용 || 부산 법무사 보수표>/부산법무사보수표 || 상속등기 비용>/상속등기비용 || 법인설립등기 비용>/법인설립등기비용 || 개인회생 비용>/개인회생비용 || 상속포기 비용>/상속포기비용 || 한정승인 비용>/한정승인비용 || 부산 상속등기>/부산상속등기,홈 > 상속등기 과태료,yes,WebPage+FAQ,,SERP_UNVERIFIED,inheritance-supporting,inheritance-registration,상속등기과태료관련안내는지연등기·신고가문제될수있는조건을중심으로봅니다.이미기한이지난경우에도다음조치선택지를상담에서정리합니다.피상속인사망후부동산·토지등
/상속포기보수표,generated,"index,follow",yes,/상속포기보수표,상속포기 보수표 안내 | 다옴법무사사무소,상속포기 보수표 정리. 사건별 준비 서류·기한·수임료 범위를 투명하게 설명드립니다. 해운대·센텀 다옴법무사사무소에서 전화·카카오톡·방문(예약) 상담이 가능합니다.,상속포기 보수표 안내 | 다옴법무사사무소,상속포기 보수표 정리. 사건별 준비 서류·기한·수임료 범위를 투명하게 설명드립니다. 해운대·센텀 다옴법무사사무소에서 전화·카카오톡·방문(예약) 상담이 가능합니다.,상속포기 보수표 안내,대표 비용 안내로 이어가기 | 검색 의도별 다음 안내 | 상담 시 확인하는 내용 | 상담 시 확인하는 내용,"상속포기 보수표 검색은 상속포기 비용과 같은 의도인 경우가 많습니다. 취득세 견적 구조와는 다릅니다. 상속포기 보수표 검색은 상속포기 비용과 같은 의도인 경우가 많습니다. 취득세 견적 구조와는 다릅니다. 실비와 보수 구분 대표 비용 안내로 연결 서류 확인 후 항목 안내 현재 상황 한 줄 주소 또는 당사자 구성 하고 싶은 업무 지금 있는 자료 대표 비용 안내로 이어가기 검색어만 수임료·수수료·보수표로 달라도, 알고 싶은 내용은 대개 실비와 보수를 나누는 일입니다. 검색 의도별 다음 안내 상속포기 보수표 관련해서는 허브 페이지에서 절차를 고른 뒤, 필요하면 상담으로 이어가면 됩니다. 상담 시 확인하는 내용 상속포기 보수표 사건은 서류·관할·기한에 따라 진행 순서가 달라집니다. 다옴법무사사무소는 부산 해운대구·센텀에서 상속등기·부동산등기·법인등기·개인회생·파산 등을 다루며, 의뢰인 상황에 맞춰 절차와 비용을 알기 쉽게 설명합니다. 불확실한 부분은 추측으로 단정하지 않고, 확인된 사실을 바",241,0,,상속포기 상세>/services/inheritance-renunciation || 업무안내>/services || FAQ>/faq || 상담 문의>/contact || 부산 법무사 비용 허브로 돌아가기>/부산법무사비용 || 부산 법무사 보수표>/부산법무사보수표 || 상속등기 비용>/상속등기비용 || 법인설립등기 비용>/법인설립등기비용 || 개인회생 비용>/개인회생비용 || 상속포기 비용>/상속포기비용 || 한정승인 비용>/한정승인비용 || 부산 상속등기>/부산상속등기,홈 > 상속포기 보수표,yes,WebPage+FAQ,,SERP_UNVERIFIED,renunciation-supporting,inheritance-renunciation,상속포기보수표검색은상속포기비용과같은의도인경우가많습니다.취득세견적구조와는다릅니다.상속포기보수표검색은상속포기비용과같은의도인경우가많습니다.취득세견적구
/상속포기기한,generated,"index,follow",yes,/상속포기기한,상속포기 기한 안내 | 다옴법무사사무소,상속포기 기한 정리. 사건별 준비 서류·기한·수임료 범위를 투명하게 설명드립니다. 해운대·센텀 다옴법무사사무소에서 전화·카카오톡·방문(예약) 상담이 가능합니다.,상속포기 기한 안내 | 다옴법무사사무소,상속포기 기한 정리. 사건별 준비 서류·기한·수임료 범위를 투명하게 설명드립니다. 해운대·센텀 다옴법무사사무소에서 전화·카카오톡·방문(예약) 상담이 가능합니다.,상속포기 기한 안내,법정 기한 | 상속포기에서 자주 놓치는 점 | 상속포기 기한 초점에서 볼 것 | 지연 시 불이익 | 준비 서류 | 과태료·가산세 | 검색 의도별 다음 안내,"기한만 보고 단정하기보다, 상속포기의 사실관계·기한·관할을 먼저 나눠 보는 것이 실무적입니다. 상속 재산보다 채무가 많을 때 상속을 포기하는 가사 신고 절차입니다. 부산가정법원 관할 사건을 안내합니다. 다옴법무사사무소는 부산 전역 사건을 다루며 기한 관련 범위를 항목별로 정리합니다. 부산은 관할 법원·등기소가 사건별로 달라 사전 정리가 중요한 지역입니다. 상속 재산보다 채무가 많을 때 상속을 포기하는 가사 신고 절차입니다. 부산가정법원 관할 사건을 안내합니다. 부산 사건의 관할(법원·등기소)과 기한을 확인합니다. 전자등기·방문 접수·보정 대응 중 가능한 방식을 먼저 고릅니다. 접수 후 보정·진행 상황을 공유하고 완료·후속 조치를 안내합니다. 신분증·인감증명서(사건에 따라 주민등록등본 등) 등기부등본·계약서·협의서 등 사건 관련 핵심 서류 가족관계증명서·재산 목록(상속·가사 해당 시) 상속포기기한 상속포기 기한 다옴법무사사무소 법정 기한 기한이 지났고 뒤늦게 채무를 알게 된 경우에는 ",539,0,,상속포기 상세>/services/inheritance-renunciation || 업무안내>/services || FAQ>/faq || 상담 문의>/contact || 부산 상속포기 허브로 돌아가기>/부산상속포기 || 상속포기 비용>/상속포기비용 || 상속포기 필요서류>/상속포기필요서류 || 부산 한정승인 비교>/부산한정승인 || 부산가정법원 상속포기>/부산가정법원상속포기 || 부산 상속등기>/부산상속등기 || 채무 과다 시 개인회생>/부산개인회생 || 상속포기 상담 사례>/services/cases/jaesong-inheritance-renunciation-consultation,홈 > 상속포기 기한,yes,WebPage+FAQ,,SERP_UNVERIFIED,renunciation-supporting,inheritance-renunciation,"기한만보고단정하기보다,상속포기의사실관계·기한·관할을먼저나눠보는것이실무적입니다.상속재산보다채무가많을때상속을포기하는가사신고절차입니다.부산가정법원관할"
/한정승인보수표,generated,"index,follow",yes,/한정승인보수표,한정승인 보수표 안내 | 다옴법무사사무소,한정승인 보수표 정리. 사건별 준비 서류·기한·수임료 범위를 투명하게 설명드립니다. 해운대·센텀 다옴법무사사무소에서 전화·카카오톡·방문(예약) 상담이 가능합니다.,한정승인 보수표 안내 | 다옴법무사사무소,한정승인 보수표 정리. 사건별 준비 서류·기한·수임료 범위를 투명하게 설명드립니다. 해운대·센텀 다옴법무사사무소에서 전화·카카오톡·방문(예약) 상담이 가능합니다.,한정승인 보수표 안내,대표 비용 안내로 이어가기 | 검색 의도별 다음 안내 | 상담 시 확인하는 내용 | 상담 시 확인하는 내용,"한정승인 보수표 검색은 한정승인 비용과 같은 의도인 경우가 많습니다. 한정승인 보수표 검색은 한정승인 비용과 같은 의도인 경우가 많습니다. 실비와 보수 구분 대표 비용 안내로 연결 서류 확인 후 항목 안내 현재 상황 한 줄 주소 또는 당사자 구성 하고 싶은 업무 지금 있는 자료 대표 비용 안내로 이어가기 검색어만 수임료·수수료·보수표로 달라도, 알고 싶은 내용은 대개 실비와 보수를 나누는 일입니다. 검색 의도별 다음 안내 한정승인 보수표 관련해서는 허브 페이지에서 절차를 고른 뒤, 필요하면 상담으로 이어가면 됩니다. 상담 시 확인하는 내용 한정승인 보수표 사건은 서류·관할·기한에 따라 진행 순서가 달라집니다. 다옴법무사사무소는 부산 해운대구·센텀에서 상속등기·부동산등기·법인등기·개인회생·파산 등을 다루며, 의뢰인 상황에 맞춰 절차와 비용을 알기 쉽게 설명합니다. 불확실한 부분은 추측으로 단정하지 않고, 확인된 사실을 바탕으로 안내드립니다. 전화·카카오톡·네이버 톡톡으로 간단히 상황을",234,0,,한정승인 상세>/services/qualified-acceptance || 업무안내>/services || FAQ>/faq || 상담 문의>/contact || 부산 법무사 비용 허브로 돌아가기>/부산법무사비용 || 부산 법무사 보수표>/부산법무사보수표 || 상속등기 비용>/상속등기비용 || 법인설립등기 비용>/법인설립등기비용 || 개인회생 비용>/개인회생비용 || 상속포기 비용>/상속포기비용 || 한정승인 비용>/한정승인비용 || 부산 상속등기>/부산상속등기,홈 > 한정승인 보수표,yes,WebPage+FAQ,,SERP_UNVERIFIED,qualified-supporting,qualified-acceptance,한정승인보수표검색은한정승인비용과같은의도인경우가많습니다.한정승인보수표검색은한정승인비용과같은의도인경우가많습니다.실비와보수구분대표비용안내로연결서류확인
/한정승인기한,generated,"index,follow",yes,/한정승인기한,한정승인 기한 안내 | 다옴법무사사무소,한정승인 기한 정리. 사건별 준비 서류·기한·수임료 범위를 투명하게 설명드립니다. 해운대·센텀 다옴법무사사무소에서 전화·카카오톡·방문(예약) 상담이 가능합니다.,한정승인 기한 안내 | 다옴법무사사무소,한정승인 기한 정리. 사건별 준비 서류·기한·수임료 범위를 투명하게 설명드립니다. 해운대·센텀 다옴법무사사무소에서 전화·카카오톡·방문(예약) 상담이 가능합니다.,한정승인 기한 안내,법정 기한 | 한정승인에서 자주 놓치는 점 | 한정승인 기한 초점에서 볼 것 | 지연 시 불이익 | 준비 서류 | 과태료·가산세 | 검색 의도별 다음 안내,"기한만 보고 단정하기보다, 한정승인의 사실관계·기한·관할을 먼저 나눠 보는 것이 실무적입니다. 상속 재산 범위 내에서만 채무를 변제하고 상속을 승인하는 절차입니다. 채무 조사 후 상속등기와 연계됩니다. 다옴법무사사무소는 부산 전역 사건을 다루며 기한 관련 범위를 항목별로 정리합니다. 부산은 관할 법원·등기소가 사건별로 달라 사전 정리가 중요한 지역입니다. 상속 재산 범위 내에서만 채무를 변제하고 상속을 승인하는 절차입니다. 채무 조사 후 상속등기와 연계됩니다. 부산 사건의 관할(법원·등기소)과 기한을 확인합니다. 당사자·권리관계·근저당 유무를 확인한 뒤 접수 체크리스트를 만듭니다. 접수 후 보정·진행 상황을 공유하고 완료·후속 조치를 안내합니다. 신분증·인감증명서(사건에 따라 주민등록등본 등) 등기부등본·계약서·협의서 등 사건 관련 핵심 서류 가족관계증명서·재산 목록(상속·가사 해당 시) 한정승인기한 한정승인 기한 다옴법무사사무소 법정 기한 한정승인 후 상속등기·변제 순서는 사건별로",507,0,,한정승인 상세>/services/qualified-acceptance || 업무안내>/services || FAQ>/faq || 상담 문의>/contact || 부산 한정승인 허브로 돌아가기>/부산한정승인 || 한정승인 비용>/한정승인비용 || 한정승인 기한>/한정승인기간 || 부산 상속포기>/부산상속포기 || 부산 상속등기>/부산상속등기 || 부산가정법원 한정승인>/부산가정법원상속 || 한정승인 상담 사례>/services/cases/dongnae-qualified-acceptance-consultation || 한정승인 절차 FAQ>/faq/qualified-acceptance-procedure,홈 > 한정승인 기한,yes,WebPage+FAQ,,SERP_UNVERIFIED,qualified-supporting,qualified-acceptance,"기한만보고단정하기보다,한정승인의사실관계·기한·관할을먼저나눠보는것이실무적입니다.상속재산범위내에서만채무를변제하고상속을승인하는절차입니다.채무조사후상속"
/부산가정법원상속포기,generated,"index,follow",yes,/부산가정법원상속포기,부산가정법원 상속포기 | 관할·접수 창구 확인,상속포기 신고의 가정법원 관할·접수 창구를 확인합니다. 3개월 기한과 가족관계 판단은 부산 상속포기 안내에서 이어집니다.,부산가정법원 상속포기 | 관할·접수 창구 확인,상속포기 신고의 가정법원 관할·접수 창구를 확인합니다. 3개월 기한과 가족관계 판단은 부산 상속포기 안내에서 이어집니다.,"부산가정법원 상속포기, 관할과 접수 창구부터 확인",등기소와 가정법원을 섞지 않는 이유 | 부산가정법원 관할을 확인할 때 | 접수 전에만 이 페이지에서 보는 항목 | 상담 시 확인하는 내용 | 상담 시 확인하는 내용,"상속포기 신고는 부동산 등기소가 아니라 가정법원에 합니다. 부산 생활권 사건이라면 피상속인 마지막 주소지를 기준으로 부산가정법원 관할인지부터 확인합니다. 상속포기 신고는 부동산 등기소가 아니라 가정법원에 합니다. 부산 생활권 사건이라면 피상속인 마지막 주소지를 기준으로 부산가정법원 관할인지부터 확인합니다. 피상속인 최후 주소지로 관할 가정법원 확인 등기소 접수와 창구를 분리 신고서·첨부 형식 확인 접수·보정·심판 안내는 해당 법원 기준으로 공유 가족관계증명서·기본증명서 신고서 양식(해당 법원) 위임장(수임 시) 피상속인 마지막 주소 이미 접수했는지 등기 일정과 겹치는지 등기소와 가정법원을 섞지 않는 이유 부동산 명의이전(상속등기)은 관할 등기소, 상속포기·한정승인은 가정법원입니다. 같은 가족 사건이라도 접수처·신청서·첨부서류가 다릅니다. 주소가 부산이어도 부동산만 타 지역이면 등기 관할은 별도로 봅니다. 부산가정법원 관할을 확인할 때 관할은 검색어의 구·동이 아니라 피상속인 최후 주",322,35,/상속포기자가진단::부산가정법원 상속포기 || /부산상속포기::부산가정법원 관할·접수 안내 || /부산상속포기::부산가정법원 상속포기 관할·접수 안내 || /연제구상속포기::부산가정법원 상속포기 || /기장군상속포기::부산가정법원 상속포기 || /북구상속포기::부산가정법원 상속포기 || /사상구상속포기::부산가정법원 상속포기 || /수영구상속포기::부산가정법원 상속포기 || /상속포기비용::부산가정법원 상속포기 || /부산상속포기전문법무사::부산가정법원 상속포기 || /상속포기후다음순위확인::부산가정법원 상속포기 || /부산개명허가::부산가정법원 상속포기,상속포기 상세>/services/inheritance-renunciation || 업무안내>/services || FAQ>/faq || 상담 문의>/contact || 부산 상속포기 허브로 돌아가기>/부산상속포기 || 상속포기 비용>/상속포기비용 || 상속포기 필요서류>/상속포기필요서류 || 부산 한정승인 비교>/부산한정승인 || 부산 상속등기>/부산상속등기 || 채무 과다 시 개인회생>/부산개인회생 || 상속포기 상담 사례>/services/cases/jaesong-inheritance-renunciation-consultation || 상속포기 기한 FAQ>/faq/inheritance-renunciation-deadline,홈 > 부산가정법원 상속포기,yes,WebPage+FAQ,,SERP_UNVERIFIED,renunciation-supporting,inheritance-renunciation,상속포기신고는부동산등기소가아니라가정법원에합니다.부산생활권사건이라면피상속인마지막주소지를기준으로부산가정법원관할인지부터확인합니다.상속포기신고는부동산등
/부산가정법원한정승인,generated,"index,follow",yes,/부산가정법원한정승인,부산가정법원 한정승인 절차 | 다옴법무사사무소,부산가정법원 한정승인 안내. 관할·제출 서류·접수 절차를 사건별로 설명합니다. 해운대·센텀 다옴법무사사무소에서 전화·카카오톡·방문(예약) 상담이 가능합니다.,부산가정법원 한정승인 절차 | 다옴법무사사무소,부산가정법원 한정승인 안내. 관할·제출 서류·접수 절차를 사건별로 설명합니다. 해운대·센텀 다옴법무사사무소에서 전화·카카오톡·방문(예약) 상담이 가능합니다.,부산가정법원 한정승인,관할 확인 | 한정승인에서 자주 놓치는 점 | 접수 전 확인사항 | 준비 서류 | 서류 보정 대응 | 부산가정법원 관련 실무 포인트,부산가정법원와(과) 관련된 한정승인 사건은 관할과 제출 서류를 먼저 맞추는 것이 중요합니다. 상속포기·한정승인·성년후견 등 가사 사건을 관할하는 법원입니다. 상속 재산 범위 내에서만 채무를 변제하고 상속을 승인하는 절차입니다. 채무 조사 후 상속등기와 연계됩니다. 부산광역시 전역 상속등기·부동산등기·법인등기·개인회생·파산 등 법무사 업무를 다루는 핵심 지역입니다. 상속 재산 범위 내에서만 채무를 변제하고 상속을 승인하는 절차입니다. 채무 조사 후 상속등기와 연계됩니다. 부산 사건의 관할(법원·등기소)과 기한을 확인합니다. 필요 서류·협의 사항을 정리하고 신청서·위임장을 검토합니다. 접수 후 보정·진행 상황을 공유하고 완료·후속 조치를 안내합니다. 신분증·인감증명서(사건에 따라 주민등록등본 등) 등기부등본·계약서·협의서 등 사건 관련 핵심 서류 가족관계증명서·재산 목록(상속·가사 해당 시) 부산가정법원한정승인 부산가정법원 한정승인 관할 확인 안심상속 조회 후 승인 방식을 정하는 흐름을,486,0,,한정승인 상세>/services/qualified-acceptance || 업무안내>/services || FAQ>/faq || 상담 문의>/contact || 부산 법원·등기소 법무사 허브로 돌아가기>/부산지방법원등기국 || 부산지방법원 법무사>/부산지방법원법무사 || 동부지원 법무사>/부산지방법원동부지원법무사 || 동부지원 등기과>/부산지방법원동부지원등기과 || 남부산등기소 법무사>/남부산등기소법무사 || 북부산등기소 법무사>/북부산등기소법무사 || 중부산등기소 법무사>/중부산등기소법무사 || 부산진등기소 법무사>/부산진등기소법무사,홈 > 부산가정법원 한정승인,yes,WebPage+FAQ,,SERP_UNVERIFIED,qualified-supporting,qualified-acceptance,부산가정법원와(과)관련된한정승인사건은관할과제출서류를먼저맞추는것이중요합니다.상속포기·한정승인·성년후견등가사사건을관할하는법원입니다.상속재산범위내에서
/북부산등기소상속등기,generated,"index,follow",yes,/북부산등기소상속등기,북부산등기소 상속등기 절차 | 다옴법무사사무소,북부산등기소 상속등기 안내. 관할·제출 서류·접수 절차를 사건별로 설명합니다. 해운대·센텀 다옴법무사사무소에서 전화·카카오톡·방문(예약) 상담이 가능합니다.,북부산등기소 상속등기 절차 | 다옴법무사사무소,북부산등기소 상속등기 안내. 관할·제출 서류·접수 절차를 사건별로 설명합니다. 해운대·센텀 다옴법무사사무소에서 전화·카카오톡·방문(예약) 상담이 가능합니다.,북부산등기소 상속등기,관할 확인 | 상속등기에서 자주 놓치는 점 | 접수 전 확인사항 | 준비 서류 | 서류 보정 대응 | 북부산등기소 관련 실무 포인트,북부산등기소와(과) 관련된 상속등기 사건은 관할과 제출 서류를 먼저 맞추는 것이 중요합니다. 북구·금정·강서 일부 부동산 관할 등기소입니다. 피상속인 사망 후 부동산·토지 등기명의를 상속인 명의로 이전하는 절차입니다. 부산 전역 아파트·상가·토지 상속 사건을 다룹니다. 부산광역시 전역 상속등기·부동산등기·법인등기·개인회생·파산 등 법무사 업무를 다루는 핵심 지역입니다. 피상속인 사망 후 부동산·토지 등기명의를 상속인 명의로 이전하는 절차입니다. 부산 전역 아파트·상가·토지 상속 사건을 다룹니다. 부산 사건의 관할(법원·등기소)과 기한을 확인합니다. 전자등기·방문 접수·보정 대응 중 가능한 방식을 먼저 고릅니다. 접수 후 보정·진행 상황을 공유하고 완료·후속 조치를 안내합니다. 신분증·인감증명서(사건에 따라 주민등록등본 등) 등기부등본·계약서·협의서 등 사건 관련 핵심 서류 가족관계증명서·재산 목록(상속·가사 해당 시) 북부산등기소상속등기 북부산등기소 상속등기 관할 확인 잔금·인도·대,517,0,,상속등기 상세>/services/inheritance-registration || 업무안내>/services || FAQ>/faq || 상담 문의>/contact || 부산 법원·등기소 법무사 허브로 돌아가기>/부산지방법원등기국 || 부산지방법원 법무사>/부산지방법원법무사 || 동부지원 법무사>/부산지방법원동부지원법무사 || 동부지원 등기과>/부산지방법원동부지원등기과 || 남부산등기소 법무사>/남부산등기소법무사 || 북부산등기소 법무사>/북부산등기소법무사 || 중부산등기소 법무사>/중부산등기소법무사 || 부산진등기소 법무사>/부산진등기소법무사,홈 > 북부산등기소 상속등기,yes,WebPage+FAQ,,SERP_UNVERIFIED,inheritance-supporting,inheritance-registration,북부산등기소와(과)관련된상속등기사건은관할과제출서류를먼저맞추는것이중요합니다.북구·금정·강서일부부동산관할등기소입니다.피상속인사망후부동산·토지등기명의
/중구상속포기,generated,"index,follow",yes,/중구상속포기,중구 상속포기 안내 | 다옴법무사사무소,중구 상속포기 절차·필요서류·비용·관할 등기소 안내. 해운대·센텀 다옴법무사사무소에서 상담 가능합니다. 해운대·센텀 다옴법무사사무소에서 전화·카카오톡·방문(예약) 상담이 가능합니다.,중구 상속포기 안내 | 다옴법무사사무소,중구 상속포기 절차·필요서류·비용·관할 등기소 안내. 해운대·센텀 다옴법무사사무소에서 상담 가능합니다. 해운대·센텀 다옴법무사사무소에서 전화·카카오톡·방문(예약) 상담이 가능합니다.,중구 상속포기 안내,지역별 업무 상황 | 상속포기에서 자주 놓치는 점 | 관할·실무 포인트 | 준비 서류 | 비용·일정 참고 | 광역 상속포기 안내로 이어가기,상속포기를 중구 기준으로 볼 때는 동일 절차라도 등기소·법원 창구가 사건별로 갈릴 수 있습니다. 부산 원도심·국제시장·보수동 일대 상가·주택 상속·등기 수요가 있는 구입니다. 상속 재산보다 채무가 많을 때 상속을 포기하는 가사 신고 절차입니다. 부산가정법원 관할 사건을 안내합니다. 상담 시 서류·일정·비용 범위를 항목별로 안내합니다. 부산 원도심·국제시장·보수동 일대 상가·주택 상속·등기 수요가 있는 구입니다. 상속 재산보다 채무가 많을 때 상속을 포기하는 가사 신고 절차입니다. 부산가정법원 관할 사건을 안내합니다. 중구 사건의 관할(법원·등기소)과 기한을 확인합니다. 전자등기·방문 접수·보정 대응 중 가능한 방식을 먼저 고릅니다. 접수 후 보정·진행 상황을 공유하고 완료·후속 조치를 안내합니다. 신분증·인감증명서(사건에 따라 주민등록등본 등) 등기부등본·계약서·협의서 등 사건 관련 핵심 서류 가족관계증명서·재산 목록(상속·가사 해당 시) 중구상속포기 중구 법무사 상속포기 지역별 업,529,0,,상속포기 상세>/services/inheritance-renunciation || 중구 법무사>/중구법무사 || 업무안내>/services || FAQ>/faq || 상담 문의>/contact || 부산 상속포기 허브로 돌아가기>/부산상속포기 || 상속포기 비용>/상속포기비용 || 상속포기 필요서류>/상속포기필요서류 || 부산 한정승인 비교>/부산한정승인 || 부산가정법원 상속포기>/부산가정법원상속포기 || 부산 상속등기>/부산상속등기 || 채무 과다 시 개인회생>/부산개인회생,홈 > 중구 상속포기,yes,WebPage+FAQ,,SERP_UNVERIFIED,renunciation-supporting,inheritance-renunciation,상속포기를중구기준으로볼때는동일절차라도등기소·법원창구가사건별로갈릴수있습니다.부산원도심·국제시장·보수동일대상가·주택상속·등기수요가있는구입니다.상속재
/중구한정승인,generated,"index,follow",yes,/중구한정승인,중구 한정승인 안내 | 다옴법무사사무소,중구 한정승인 절차·필요서류·비용·관할 등기소 안내. 해운대·센텀 다옴법무사사무소에서 상담 가능합니다. 해운대·센텀 다옴법무사사무소에서 전화·카카오톡·방문(예약) 상담이 가능합니다.,중구 한정승인 안내 | 다옴법무사사무소,중구 한정승인 절차·필요서류·비용·관할 등기소 안내. 해운대·센텀 다옴법무사사무소에서 상담 가능합니다. 해운대·센텀 다옴법무사사무소에서 전화·카카오톡·방문(예약) 상담이 가능합니다.,중구 한정승인 안내,지역별 업무 상황 | 한정승인에서 자주 놓치는 점 | 관할·실무 포인트 | 준비 서류 | 비용·일정 참고 | 관련 허브로 이어가기,중구 한정승인 문의는 소재지·채무·협의 상태에 따라 준비 순서가 달라집니다. 부산 원도심·국제시장·보수동 일대 상가·주택 상속·등기 수요가 있는 구입니다. 상속 재산 범위 내에서만 채무를 변제하고 상속을 승인하는 절차입니다. 채무 조사 후 상속등기와 연계됩니다. 상담 시 서류·일정·비용 범위를 항목별로 안내합니다. 부산 원도심·국제시장·보수동 일대 상가·주택 상속·등기 수요가 있는 구입니다. 상속 재산 범위 내에서만 채무를 변제하고 상속을 승인하는 절차입니다. 채무 조사 후 상속등기와 연계됩니다. 중구 사건의 관할(법원·등기소)과 기한을 확인합니다. 필요 서류·협의 사항을 정리하고 신청서·위임장을 검토합니다. 접수 후 보정·진행 상황을 공유하고 완료·후속 조치를 안내합니다. 신분증·인감증명서(사건에 따라 주민등록등본 등) 등기부등본·계약서·협의서 등 사건 관련 핵심 서류 가족관계증명서·재산 목록(상속·가사 해당 시) 중구한정승인 중구 법무사 한정승인 지역별 업무 상황 한정승인 후 상,471,0,,한정승인 상세>/services/qualified-acceptance || 중구 법무사>/중구법무사 || 업무안내>/services || FAQ>/faq || 상담 문의>/contact || 부산 한정승인 허브로 돌아가기>/부산한정승인 || 한정승인 비용>/한정승인비용 || 한정승인 기한>/한정승인기간 || 부산 상속포기>/부산상속포기 || 부산 상속등기>/부산상속등기 || 부산가정법원 한정승인>/부산가정법원상속 || 한정승인 상담 사례>/services/cases/dongnae-qualified-acceptance-consultation,홈 > 중구 한정승인,yes,WebPage+FAQ,,SERP_UNVERIFIED,qualified-supporting,qualified-acceptance,중구한정승인문의는소재지·채무·협의상태에따라준비순서가달라집니다.부산원도심·국제시장·보수동일대상가·주택상속·등기수요가있는구입니다.상속재산범위내에서만
/서구상속포기,generated,"index,follow",yes,/서구상속포기,서구 상속포기 안내 | 다옴법무사사무소,서구 상속포기 절차·필요서류·비용·관할 등기소 안내. 해운대·센텀 다옴법무사사무소에서 상담 가능합니다. 해운대·센텀 다옴법무사사무소에서 전화·카카오톡·방문(예약) 상담이 가능합니다.,서구 상속포기 안내 | 다옴법무사사무소,서구 상속포기 절차·필요서류·비용·관할 등기소 안내. 해운대·센텀 다옴법무사사무소에서 상담 가능합니다. 해운대·센텀 다옴법무사사무소에서 전화·카카오톡·방문(예약) 상담이 가능합니다.,서구 상속포기 안내,지역별 업무 상황 | 상속포기에서 자주 놓치는 점 | 관할·실무 포인트 | 준비 서류 | 비용·일정 참고 | 광역 상속포기 안내로 이어가기,서구에서 상속포기를 진행하려면 관할 확인 후 서류 체크리스트부터 잡는 편이 안전합니다. 아미동·동대신동·부민동 일대 주택·상가 상속·매매 등기 문의가 이어지는 구입니다. 상속 재산보다 채무가 많을 때 상속을 포기하는 가사 신고 절차입니다. 부산가정법원 관할 사건을 안내합니다. 상담 시 서류·일정·비용 범위를 항목별로 안내합니다. 아미동·동대신동·부민동 일대 주택·상가 상속·매매 등기 문의가 이어지는 구입니다. 상속 재산보다 채무가 많을 때 상속을 포기하는 가사 신고 절차입니다. 부산가정법원 관할 사건을 안내합니다. 서구 사건의 관할(법원·등기소)과 기한을 확인합니다. 전자등기·방문 접수·보정 대응 중 가능한 방식을 먼저 고릅니다. 접수 후 보정·진행 상황을 공유하고 완료·후속 조치를 안내합니다. 신분증·인감증명서(사건에 따라 주민등록등본 등) 등기부등본·계약서·협의서 등 사건 관련 핵심 서류 가족관계증명서·재산 목록(상속·가사 해당 시) 서구상속포기 서구 법무사 상속포기 지역별 업무,525,0,,상속포기 상세>/services/inheritance-renunciation || 서구 법무사>/서구법무사 || 업무안내>/services || FAQ>/faq || 상담 문의>/contact || 부산 상속포기 허브로 돌아가기>/부산상속포기 || 상속포기 비용>/상속포기비용 || 상속포기 필요서류>/상속포기필요서류 || 부산 한정승인 비교>/부산한정승인 || 부산가정법원 상속포기>/부산가정법원상속포기 || 부산 상속등기>/부산상속등기 || 채무 과다 시 개인회생>/부산개인회생,홈 > 서구 상속포기,yes,WebPage+FAQ,,SERP_UNVERIFIED,renunciation-supporting,inheritance-renunciation,서구에서상속포기를진행하려면관할확인후서류체크리스트부터잡는편이안전합니다.아미동·동대신동·부민동일대주택·상가상속·매매등기문의가이어지는구입니다.상속재산
/서구한정승인,generated,"index,follow",yes,/서구한정승인,서구 한정승인 안내 | 다옴법무사사무소,서구 한정승인 절차·필요서류·비용·관할 등기소 안내. 해운대·센텀 다옴법무사사무소에서 상담 가능합니다. 해운대·센텀 다옴법무사사무소에서 전화·카카오톡·방문(예약) 상담이 가능합니다.,서구 한정승인 안내 | 다옴법무사사무소,서구 한정승인 절차·필요서류·비용·관할 등기소 안내. 해운대·센텀 다옴법무사사무소에서 상담 가능합니다. 해운대·센텀 다옴법무사사무소에서 전화·카카오톡·방문(예약) 상담이 가능합니다.,서구 한정승인 안내,지역별 업무 상황 | 한정승인에서 자주 놓치는 점 | 관할·실무 포인트 | 준비 서류 | 비용·일정 참고 | 관련 허브로 이어가기,서구에서 한정승인을 진행하려면 관할 확인 후 서류 체크리스트부터 잡는 편이 안전합니다. 아미동·동대신동·부민동 일대 주택·상가 상속·매매 등기 문의가 이어지는 구입니다. 상속 재산 범위 내에서만 채무를 변제하고 상속을 승인하는 절차입니다. 채무 조사 후 상속등기와 연계됩니다. 상담 시 서류·일정·비용 범위를 항목별로 안내합니다. 아미동·동대신동·부민동 일대 주택·상가 상속·매매 등기 문의가 이어지는 구입니다. 상속 재산 범위 내에서만 채무를 변제하고 상속을 승인하는 절차입니다. 채무 조사 후 상속등기와 연계됩니다. 서구 사건의 관할(법원·등기소)과 기한을 확인합니다. 당사자·권리관계·근저당 유무를 확인한 뒤 접수 체크리스트를 만듭니다. 접수 후 보정·진행 상황을 공유하고 완료·후속 조치를 안내합니다. 신분증·인감증명서(사건에 따라 주민등록등본 등) 등기부등본·계약서·협의서 등 사건 관련 핵심 서류 가족관계증명서·재산 목록(상속·가사 해당 시) 서구한정승인 서구 법무사 한정승인 지역별,508,0,,한정승인 상세>/services/qualified-acceptance || 서구 법무사>/서구법무사 || 업무안내>/services || FAQ>/faq || 상담 문의>/contact || 부산 한정승인 허브로 돌아가기>/부산한정승인 || 한정승인 비용>/한정승인비용 || 한정승인 기한>/한정승인기간 || 부산 상속포기>/부산상속포기 || 부산 상속등기>/부산상속등기 || 부산가정법원 한정승인>/부산가정법원상속 || 한정승인 상담 사례>/services/cases/dongnae-qualified-acceptance-consultation,홈 > 서구 한정승인,yes,WebPage+FAQ,,SERP_UNVERIFIED,qualified-supporting,qualified-acceptance,서구에서한정승인을진행하려면관할확인후서류체크리스트부터잡는편이안전합니다.아미동·동대신동·부민동일대주택·상가상속·매매등기문의가이어지는구입니다.상속재산
/동구상속포기,generated,"index,follow",yes,/동구상속포기,동구 상속포기 안내 | 다옴법무사사무소,동구 상속포기 절차·필요서류·비용·관할 등기소 안내. 해운대·센텀 다옴법무사사무소에서 상담 가능합니다. 해운대·센텀 다옴법무사사무소에서 전화·카카오톡·방문(예약) 상담이 가능합니다.,동구 상속포기 안내 | 다옴법무사사무소,동구 상속포기 절차·필요서류·비용·관할 등기소 안내. 해운대·센텀 다옴법무사사무소에서 상담 가능합니다. 해운대·센텀 다옴법무사사무소에서 전화·카카오톡·방문(예약) 상담이 가능합니다.,동구 상속포기 안내,지역별 업무 상황 | 상속포기에서 자주 놓치는 점 | 관할·실무 포인트 | 준비 서류 | 비용·일정 참고 | 광역 상속포기 안내로 이어가기,동구 상속포기 문의는 소재지·채무·협의 상태에 따라 준비 순서가 달라집니다. 초량·범일동·수정동 일대 오래된 주택·상가의 상속·등기 사건이 있는 구입니다. 상속 재산보다 채무가 많을 때 상속을 포기하는 가사 신고 절차입니다. 부산가정법원 관할 사건을 안내합니다. 상담 시 서류·일정·비용 범위를 항목별로 안내합니다. 초량·범일동·수정동 일대 오래된 주택·상가의 상속·등기 사건이 있는 구입니다. 상속 재산보다 채무가 많을 때 상속을 포기하는 가사 신고 절차입니다. 부산가정법원 관할 사건을 안내합니다. 동구 사건의 관할(법원·등기소)과 기한을 확인합니다. 필요 서류·협의 사항을 정리하고 신청서·위임장을 검토합니다. 접수 후 보정·진행 상황을 공유하고 완료·후속 조치를 안내합니다. 신분증·인감증명서(사건에 따라 주민등록등본 등) 등기부등본·계약서·협의서 등 사건 관련 핵심 서류 가족관계증명서·재산 목록(상속·가사 해당 시) 동구상속포기 동구 법무사 상속포기 지역별 업무 상황 기한이 지났고 ,530,0,,상속포기 상세>/services/inheritance-renunciation || 동구 법무사>/동구법무사 || 업무안내>/services || FAQ>/faq || 상담 문의>/contact || 부산 상속포기 허브로 돌아가기>/부산상속포기 || 상속포기 비용>/상속포기비용 || 상속포기 필요서류>/상속포기필요서류 || 부산 한정승인 비교>/부산한정승인 || 부산가정법원 상속포기>/부산가정법원상속포기 || 부산 상속등기>/부산상속등기 || 채무 과다 시 개인회생>/부산개인회생,홈 > 동구 상속포기,yes,WebPage+FAQ,,SERP_UNVERIFIED,renunciation-supporting,inheritance-renunciation,동구상속포기문의는소재지·채무·협의상태에따라준비순서가달라집니다.초량·범일동·수정동일대오래된주택·상가의상속·등기사건이있는구입니다.상속재산보다채무가많
/동구한정승인,generated,"index,follow",yes,/동구한정승인,동구 한정승인 안내 | 다옴법무사사무소,동구 한정승인 절차·필요서류·비용·관할 등기소 안내. 해운대·센텀 다옴법무사사무소에서 상담 가능합니다. 해운대·센텀 다옴법무사사무소에서 전화·카카오톡·방문(예약) 상담이 가능합니다.,동구 한정승인 안내 | 다옴법무사사무소,동구 한정승인 절차·필요서류·비용·관할 등기소 안내. 해운대·센텀 다옴법무사사무소에서 상담 가능합니다. 해운대·센텀 다옴법무사사무소에서 전화·카카오톡·방문(예약) 상담이 가능합니다.,동구 한정승인 안내,지역별 업무 상황 | 한정승인에서 자주 놓치는 점 | 관할·실무 포인트 | 준비 서류 | 비용·일정 참고 | 관련 허브로 이어가기,동구에서 한정승인을 진행하려면 관할 확인 후 서류 체크리스트부터 잡는 편이 안전합니다. 초량·범일동·수정동 일대 오래된 주택·상가의 상속·등기 사건이 있는 구입니다. 상속 재산 범위 내에서만 채무를 변제하고 상속을 승인하는 절차입니다. 채무 조사 후 상속등기와 연계됩니다. 상담 시 서류·일정·비용 범위를 항목별로 안내합니다. 초량·범일동·수정동 일대 오래된 주택·상가의 상속·등기 사건이 있는 구입니다. 상속 재산 범위 내에서만 채무를 변제하고 상속을 승인하는 절차입니다. 채무 조사 후 상속등기와 연계됩니다. 동구 사건의 관할(법원·등기소)과 기한을 확인합니다. 필요 서류·협의 사항을 정리하고 신청서·위임장을 검토합니다. 접수 후 보정·진행 상황을 공유하고 완료·후속 조치를 안내합니다. 신분증·인감증명서(사건에 따라 주민등록등본 등) 등기부등본·계약서·협의서 등 사건 관련 핵심 서류 가족관계증명서·재산 목록(상속·가사 해당 시) 동구한정승인 동구 법무사 한정승인 지역별 업무 상황 안심,493,0,,한정승인 상세>/services/qualified-acceptance || 동구 법무사>/동구법무사 || 업무안내>/services || FAQ>/faq || 상담 문의>/contact || 부산 한정승인 허브로 돌아가기>/부산한정승인 || 한정승인 비용>/한정승인비용 || 한정승인 기한>/한정승인기간 || 부산 상속포기>/부산상속포기 || 부산 상속등기>/부산상속등기 || 부산가정법원 한정승인>/부산가정법원상속 || 한정승인 상담 사례>/services/cases/dongnae-qualified-acceptance-consultation,홈 > 동구 한정승인,yes,WebPage+FAQ,,SERP_UNVERIFIED,qualified-supporting,qualified-acceptance,동구에서한정승인을진행하려면관할확인후서류체크리스트부터잡는편이안전합니다.초량·범일동·수정동일대오래된주택·상가의상속·등기사건이있는구입니다.상속재산범위
/영도구상속포기,generated,"index,follow",yes,/영도구상속포기,영도구 상속포기 안내 | 다옴법무사사무소,영도구 상속포기 절차·필요서류·비용·관할 등기소 안내. 해운대·센텀 다옴법무사사무소에서 상담 가능합니다. 해운대·센텀 다옴법무사사무소에서 전화·카카오톡·방문(예약) 상담이 가능합니다.,영도구 상속포기 안내 | 다옴법무사사무소,영도구 상속포기 절차·필요서류·비용·관할 등기소 안내. 해운대·센텀 다옴법무사사무소에서 상담 가능합니다. 해운대·센텀 다옴법무사사무소에서 전화·카카오톡·방문(예약) 상담이 가능합니다.,영도구 상속포기 안내,지역별 업무 상황 | 상속포기에서 자주 놓치는 점 | 관할·실무 포인트 | 준비 서류 | 비용·일정 참고 | 광역 상속포기 안내로 이어가기,영도구 상속포기 문의는 소재지·채무·협의 상태에 따라 준비 순서가 달라집니다. 영도·남항 일대 선박·어선·해운 관련 등기와 주택·상가 부동산등기·상속 수요가 있는 구입니다. 상속 재산보다 채무가 많을 때 상속을 포기하는 가사 신고 절차입니다. 부산가정법원 관할 사건을 안내합니다. 상담 시 서류·일정·비용 범위를 항목별로 안내합니다. 영도·남항 일대 선박·어선·해운 관련 등기와 주택·상가 부동산등기·상속 수요가 있는 구입니다. 상속 재산보다 채무가 많을 때 상속을 포기하는 가사 신고 절차입니다. 부산가정법원 관할 사건을 안내합니다. 영도구 사건의 관할(법원·등기소)과 기한을 확인합니다. 필요 서류·협의 사항을 정리하고 신청서·위임장을 검토합니다. 접수 후 보정·진행 상황을 공유하고 완료·후속 조치를 안내합니다. 신분증·인감증명서(사건에 따라 주민등록등본 등) 등기부등본·계약서·협의서 등 사건 관련 핵심 서류 가족관계증명서·재산 목록(상속·가사 해당 시) 영도구상속포기 영도구 법무사 상,504,0,,상속포기 상세>/services/inheritance-renunciation || 영도구 법무사>/영도구법무사 || 업무안내>/services || FAQ>/faq || 상담 문의>/contact || 부산 상속포기 허브로 돌아가기>/부산상속포기 || 상속포기 비용>/상속포기비용 || 상속포기 필요서류>/상속포기필요서류 || 부산 한정승인 비교>/부산한정승인 || 부산가정법원 상속포기>/부산가정법원상속포기 || 부산 상속등기>/부산상속등기 || 채무 과다 시 개인회생>/부산개인회생,홈 > 영도구 상속포기,yes,WebPage+FAQ,,SERP_UNVERIFIED,renunciation-supporting,inheritance-renunciation,영도구상속포기문의는소재지·채무·협의상태에따라준비순서가달라집니다.영도·남항일대선박·어선·해운관련등기와주택·상가부동산등기·상속수요가있는구입니다.상속
/영도구한정승인,generated,"index,follow",yes,/영도구한정승인,영도구 한정승인 안내 | 다옴법무사사무소,영도구 한정승인 절차·필요서류·비용·관할 등기소 안내. 해운대·센텀 다옴법무사사무소에서 상담 가능합니다. 해운대·센텀 다옴법무사사무소에서 전화·카카오톡·방문(예약) 상담이 가능합니다.,영도구 한정승인 안내 | 다옴법무사사무소,영도구 한정승인 절차·필요서류·비용·관할 등기소 안내. 해운대·센텀 다옴법무사사무소에서 상담 가능합니다. 해운대·센텀 다옴법무사사무소에서 전화·카카오톡·방문(예약) 상담이 가능합니다.,영도구 한정승인 안내,지역별 업무 상황 | 한정승인에서 자주 놓치는 점 | 관할·실무 포인트 | 준비 서류 | 비용·일정 참고 | 관련 허브로 이어가기,한정승인을 영도구 기준으로 볼 때는 동일 절차라도 등기소·법원 창구가 사건별로 갈릴 수 있습니다. 영도·남항 일대 선박·어선·해운 관련 등기와 주택·상가 부동산등기·상속 수요가 있는 구입니다. 상속 재산 범위 내에서만 채무를 변제하고 상속을 승인하는 절차입니다. 채무 조사 후 상속등기와 연계됩니다. 상담 시 서류·일정·비용 범위를 항목별로 안내합니다. 영도·남항 일대 선박·어선·해운 관련 등기와 주택·상가 부동산등기·상속 수요가 있는 구입니다. 상속 재산 범위 내에서만 채무를 변제하고 상속을 승인하는 절차입니다. 채무 조사 후 상속등기와 연계됩니다. 영도구 사건의 관할(법원·등기소)과 기한을 확인합니다. 전자등기·방문 접수·보정 대응 중 가능한 방식을 먼저 고릅니다. 접수 후 보정·진행 상황을 공유하고 완료·후속 조치를 안내합니다. 신분증·인감증명서(사건에 따라 주민등록등본 등) 등기부등본·계약서·협의서 등 사건 관련 핵심 서류 가족관계증명서·재산 목록(상속·가사 해당 시) 영도구한,514,0,,한정승인 상세>/services/qualified-acceptance || 영도구 법무사>/영도구법무사 || 업무안내>/services || FAQ>/faq || 상담 문의>/contact || 부산 한정승인 허브로 돌아가기>/부산한정승인 || 한정승인 비용>/한정승인비용 || 한정승인 기한>/한정승인기간 || 부산 상속포기>/부산상속포기 || 부산 상속등기>/부산상속등기 || 부산가정법원 한정승인>/부산가정법원상속 || 한정승인 상담 사례>/services/cases/dongnae-qualified-acceptance-consultation,홈 > 영도구 한정승인,yes,WebPage+FAQ,,SERP_UNVERIFIED,qualified-supporting,qualified-acceptance,한정승인을영도구기준으로볼때는동일절차라도등기소·법원창구가사건별로갈릴수있습니다.영도·남항일대선박·어선·해운관련등기와주택·상가부동산등기·상속수요가있는
/남구상속포기,generated,"index,follow",yes,/남구상속포기,남구 상속포기 안내 | 다옴법무사사무소,남구 상속포기 절차·필요서류·비용·관할 등기소 안내. 해운대·센텀 다옴법무사사무소에서 상담 가능합니다. 해운대·센텀 다옴법무사사무소에서 전화·카카오톡·방문(예약) 상담이 가능합니다.,남구 상속포기 안내 | 다옴법무사사무소,남구 상속포기 절차·필요서류·비용·관할 등기소 안내. 해운대·센텀 다옴법무사사무소에서 상담 가능합니다. 해운대·센텀 다옴법무사사무소에서 전화·카카오톡·방문(예약) 상담이 가능합니다.,남구 상속포기 안내,지역별 업무 상황 | 상속포기에서 자주 놓치는 점 | 관할·실무 포인트 | 준비 서류 | 비용·일정 참고 | 광역 상속포기 안내로 이어가기,남구 상속포기 문의는 소재지·채무·협의 상태에 따라 준비 순서가 달라집니다. 대연·용호·문현 일대 아파트·상가 상속·매매 등기와 법인 사무소 수요가 있습니다. 상속 재산보다 채무가 많을 때 상속을 포기하는 가사 신고 절차입니다. 부산가정법원 관할 사건을 안내합니다. 상담 시 서류·일정·비용 범위를 항목별로 안내합니다. 대연·용호·문현 일대 아파트·상가 상속·매매 등기와 법인 사무소 수요가 있습니다. 상속 재산보다 채무가 많을 때 상속을 포기하는 가사 신고 절차입니다. 부산가정법원 관할 사건을 안내합니다. 남구 사건의 관할(법원·등기소)과 기한을 확인합니다. 전자등기·방문 접수·보정 대응 중 가능한 방식을 먼저 고릅니다. 접수 후 보정·진행 상황을 공유하고 완료·후속 조치를 안내합니다. 신분증·인감증명서(사건에 따라 주민등록등본 등) 등기부등본·계약서·협의서 등 사건 관련 핵심 서류 가족관계증명서·재산 목록(상속·가사 해당 시) 남구상속포기 남구 법무사 상속포기 지역별 업무 상황 상속,515,0,,상속포기 상세>/services/inheritance-renunciation || 남구 법무사>/남구법무사 || 업무안내>/services || FAQ>/faq || 상담 문의>/contact || 부산 상속포기 허브로 돌아가기>/부산상속포기 || 상속포기 비용>/상속포기비용 || 상속포기 필요서류>/상속포기필요서류 || 부산 한정승인 비교>/부산한정승인 || 부산가정법원 상속포기>/부산가정법원상속포기 || 부산 상속등기>/부산상속등기 || 채무 과다 시 개인회생>/부산개인회생,홈 > 남구 상속포기,yes,WebPage+FAQ,,SERP_UNVERIFIED,renunciation-supporting,inheritance-renunciation,남구상속포기문의는소재지·채무·협의상태에따라준비순서가달라집니다.대연·용호·문현일대아파트·상가상속·매매등기와법인사무소수요가있습니다.상속재산보다채무가
/남구한정승인,generated,"index,follow",yes,/남구한정승인,남구 한정승인 안내 | 다옴법무사사무소,남구 한정승인 절차·필요서류·비용·관할 등기소 안내. 해운대·센텀 다옴법무사사무소에서 상담 가능합니다. 해운대·센텀 다옴법무사사무소에서 전화·카카오톡·방문(예약) 상담이 가능합니다.,남구 한정승인 안내 | 다옴법무사사무소,남구 한정승인 절차·필요서류·비용·관할 등기소 안내. 해운대·센텀 다옴법무사사무소에서 상담 가능합니다. 해운대·센텀 다옴법무사사무소에서 전화·카카오톡·방문(예약) 상담이 가능합니다.,남구 한정승인 안내,지역별 업무 상황 | 한정승인에서 자주 놓치는 점 | 관할·실무 포인트 | 준비 서류 | 비용·일정 참고 | 관련 허브로 이어가기,남구 한정승인 문의는 소재지·채무·협의 상태에 따라 준비 순서가 달라집니다. 대연·용호·문현 일대 아파트·상가 상속·매매 등기와 법인 사무소 수요가 있습니다. 상속 재산 범위 내에서만 채무를 변제하고 상속을 승인하는 절차입니다. 채무 조사 후 상속등기와 연계됩니다. 상담 시 서류·일정·비용 범위를 항목별로 안내합니다. 대연·용호·문현 일대 아파트·상가 상속·매매 등기와 법인 사무소 수요가 있습니다. 상속 재산 범위 내에서만 채무를 변제하고 상속을 승인하는 절차입니다. 채무 조사 후 상속등기와 연계됩니다. 남구 사건의 관할(법원·등기소)과 기한을 확인합니다. 당사자·권리관계·근저당 유무를 확인한 뒤 접수 체크리스트를 만듭니다. 접수 후 보정·진행 상황을 공유하고 완료·후속 조치를 안내합니다. 신분증·인감증명서(사건에 따라 주민등록등본 등) 등기부등본·계약서·협의서 등 사건 관련 핵심 서류 가족관계증명서·재산 목록(상속·가사 해당 시) 남구한정승인 남구 법무사 한정승인 지역별 업무 상황,508,0,,한정승인 상세>/services/qualified-acceptance || 남구 법무사>/남구법무사 || 업무안내>/services || FAQ>/faq || 상담 문의>/contact || 부산 한정승인 허브로 돌아가기>/부산한정승인 || 한정승인 비용>/한정승인비용 || 한정승인 기한>/한정승인기간 || 부산 상속포기>/부산상속포기 || 부산 상속등기>/부산상속등기 || 부산가정법원 한정승인>/부산가정법원상속 || 한정승인 상담 사례>/services/cases/dongnae-qualified-acceptance-consultation,홈 > 남구 한정승인,yes,WebPage+FAQ,,SERP_UNVERIFIED,qualified-supporting,qualified-acceptance,남구한정승인문의는소재지·채무·협의상태에따라준비순서가달라집니다.대연·용호·문현일대아파트·상가상속·매매등기와법인사무소수요가있습니다.상속재산범위내에서
/사하구상속포기,generated,"index,follow",yes,/사하구상속포기,사하구 상속포기 안내 | 다옴법무사사무소,사하구 상속포기 절차·필요서류·비용·관할 등기소 안내. 해운대·센텀 다옴법무사사무소에서 상담 가능합니다. 해운대·센텀 다옴법무사사무소에서 전화·카카오톡·방문(예약) 상담이 가능합니다.,사하구 상속포기 안내 | 다옴법무사사무소,사하구 상속포기 절차·필요서류·비용·관할 등기소 안내. 해운대·센텀 다옴법무사사무소에서 상담 가능합니다. 해운대·센텀 다옴법무사사무소에서 전화·카카오톡·방문(예약) 상담이 가능합니다.,사하구 상속포기 안내,지역별 업무 상황 | 상속포기에서 자주 놓치는 점 | 관할·실무 포인트 | 준비 서류 | 비용·일정 참고 | 광역 상속포기 안내로 이어가기,상속포기를 사하구 기준으로 볼 때는 동일 절차라도 등기소·법원 창구가 사건별로 갈릴 수 있습니다. 하단·괴정·당리 일대 주택·상가 상속·전세·매매 부동산등기 문의가 있는 구입니다. 상속 재산보다 채무가 많을 때 상속을 포기하는 가사 신고 절차입니다. 부산가정법원 관할 사건을 안내합니다. 상담 시 서류·일정·비용 범위를 항목별로 안내합니다. 하단·괴정·당리 일대 주택·상가 상속·전세·매매 부동산등기 문의가 있는 구입니다. 상속 재산보다 채무가 많을 때 상속을 포기하는 가사 신고 절차입니다. 부산가정법원 관할 사건을 안내합니다. 사하구 사건의 관할(법원·등기소)과 기한을 확인합니다. 전자등기·방문 접수·보정 대응 중 가능한 방식을 먼저 고릅니다. 접수 후 보정·진행 상황을 공유하고 완료·후속 조치를 안내합니다. 신분증·인감증명서(사건에 따라 주민등록등본 등) 등기부등본·계약서·협의서 등 사건 관련 핵심 서류 가족관계증명서·재산 목록(상속·가사 해당 시) 사하구상속포기 사하구 법무사 상속,510,0,,상속포기 상세>/services/inheritance-renunciation || 사하구 법무사>/사하구법무사 || 업무안내>/services || FAQ>/faq || 상담 문의>/contact || 부산 상속포기 허브로 돌아가기>/부산상속포기 || 상속포기 비용>/상속포기비용 || 상속포기 필요서류>/상속포기필요서류 || 부산 한정승인 비교>/부산한정승인 || 부산가정법원 상속포기>/부산가정법원상속포기 || 부산 상속등기>/부산상속등기 || 채무 과다 시 개인회생>/부산개인회생,홈 > 사하구 상속포기,yes,WebPage+FAQ,,SERP_UNVERIFIED,renunciation-supporting,inheritance-renunciation,상속포기를사하구기준으로볼때는동일절차라도등기소·법원창구가사건별로갈릴수있습니다.하단·괴정·당리일대주택·상가상속·전세·매매부동산등기문의가있는구입니다.
/사하구한정승인,generated,"index,follow",yes,/사하구한정승인,사하구 한정승인 안내 | 다옴법무사사무소,사하구 한정승인 절차·필요서류·비용·관할 등기소 안내. 해운대·센텀 다옴법무사사무소에서 상담 가능합니다. 해운대·센텀 다옴법무사사무소에서 전화·카카오톡·방문(예약) 상담이 가능합니다.,사하구 한정승인 안내 | 다옴법무사사무소,사하구 한정승인 절차·필요서류·비용·관할 등기소 안내. 해운대·센텀 다옴법무사사무소에서 상담 가능합니다. 해운대·센텀 다옴법무사사무소에서 전화·카카오톡·방문(예약) 상담이 가능합니다.,사하구 한정승인 안내,지역별 업무 상황 | 한정승인에서 자주 놓치는 점 | 관할·실무 포인트 | 준비 서류 | 비용·일정 참고 | 관련 허브로 이어가기,사하구에서 한정승인을 진행하려면 관할 확인 후 서류 체크리스트부터 잡는 편이 안전합니다. 하단·괴정·당리 일대 주택·상가 상속·전세·매매 부동산등기 문의가 있는 구입니다. 상속 재산 범위 내에서만 채무를 변제하고 상속을 승인하는 절차입니다. 채무 조사 후 상속등기와 연계됩니다. 상담 시 서류·일정·비용 범위를 항목별로 안내합니다. 하단·괴정·당리 일대 주택·상가 상속·전세·매매 부동산등기 문의가 있는 구입니다. 상속 재산 범위 내에서만 채무를 변제하고 상속을 승인하는 절차입니다. 채무 조사 후 상속등기와 연계됩니다. 사하구 사건의 관할(법원·등기소)과 기한을 확인합니다. 당사자·권리관계·근저당 유무를 확인한 뒤 접수 체크리스트를 만듭니다. 접수 후 보정·진행 상황을 공유하고 완료·후속 조치를 안내합니다. 신분증·인감증명서(사건에 따라 주민등록등본 등) 등기부등본·계약서·협의서 등 사건 관련 핵심 서류 가족관계증명서·재산 목록(상속·가사 해당 시) 사하구한정승인 사하구 법무사 한정승인,493,0,,한정승인 상세>/services/qualified-acceptance || 사하구 법무사>/사하구법무사 || 업무안내>/services || FAQ>/faq || 상담 문의>/contact || 부산 한정승인 허브로 돌아가기>/부산한정승인 || 한정승인 비용>/한정승인비용 || 한정승인 기한>/한정승인기간 || 부산 상속포기>/부산상속포기 || 부산 상속등기>/부산상속등기 || 부산가정법원 한정승인>/부산가정법원상속 || 한정승인 상담 사례>/services/cases/dongnae-qualified-acceptance-consultation,홈 > 사하구 한정승인,yes,WebPage+FAQ,,SERP_UNVERIFIED,qualified-supporting,qualified-acceptance,사하구에서한정승인을진행하려면관할확인후서류체크리스트부터잡는편이안전합니다.하단·괴정·당리일대주택·상가상속·전세·매매부동산등기문의가있는구입니다.상속재
/금정구상속포기,generated,"index,follow",yes,/금정구상속포기,금정구 상속포기 안내 | 다옴법무사사무소,금정구 상속포기 절차·필요서류·비용·관할 등기소 안내. 해운대·센텀 다옴법무사사무소에서 상담 가능합니다. 해운대·센텀 다옴법무사사무소에서 전화·카카오톡·방문(예약) 상담이 가능합니다.,금정구 상속포기 안내 | 다옴법무사사무소,금정구 상속포기 절차·필요서류·비용·관할 등기소 안내. 해운대·센텀 다옴법무사사무소에서 상담 가능합니다. 해운대·센텀 다옴법무사사무소에서 전화·카카오톡·방문(예약) 상담이 가능합니다.,금정구 상속포기 안내,지역별 업무 상황 | 상속포기에서 자주 놓치는 점 | 관할·실무 포인트 | 준비 서류 | 비용·일정 참고 | 광역 상속포기 안내로 이어가기,금정구 상속포기 문의는 소재지·채무·협의 상태에 따라 준비 순서가 달라집니다. 부곡·장전·서동 일대 주택·다가구 상속·한정승인 사건이 있는 구입니다. 상속 재산보다 채무가 많을 때 상속을 포기하는 가사 신고 절차입니다. 부산가정법원 관할 사건을 안내합니다. 상담 시 서류·일정·비용 범위를 항목별로 안내합니다. 부곡·장전·서동 일대 주택·다가구 상속·한정승인 사건이 있는 구입니다. 상속 재산보다 채무가 많을 때 상속을 포기하는 가사 신고 절차입니다. 부산가정법원 관할 사건을 안내합니다. 금정구 사건의 관할(법원·등기소)과 기한을 확인합니다. 필요 서류·협의 사항을 정리하고 신청서·위임장을 검토합니다. 접수 후 보정·진행 상황을 공유하고 완료·후속 조치를 안내합니다. 신분증·인감증명서(사건에 따라 주민등록등본 등) 등기부등본·계약서·협의서 등 사건 관련 핵심 서류 가족관계증명서·재산 목록(상속·가사 해당 시) 금정구상속포기 금정구 법무사 상속포기 지역별 업무 상황 배우자·자녀가 공동상속,500,0,,상속포기 상세>/services/inheritance-renunciation || 금정구 법무사>/금정구법무사 || 업무안내>/services || FAQ>/faq || 상담 문의>/contact || 부산 상속포기 허브로 돌아가기>/부산상속포기 || 상속포기 비용>/상속포기비용 || 상속포기 필요서류>/상속포기필요서류 || 부산 한정승인 비교>/부산한정승인 || 부산가정법원 상속포기>/부산가정법원상속포기 || 부산 상속등기>/부산상속등기 || 채무 과다 시 개인회생>/부산개인회생,홈 > 금정구 상속포기,yes,WebPage+FAQ,,SERP_UNVERIFIED,renunciation-supporting,inheritance-renunciation,금정구상속포기문의는소재지·채무·협의상태에따라준비순서가달라집니다.부곡·장전·서동일대주택·다가구상속·한정승인사건이있는구입니다.상속재산보다채무가많을때
/강서구상속포기,generated,"index,follow",yes,/강서구상속포기,강서구 상속포기 안내 | 다옴법무사사무소,강서구 상속포기 절차·필요서류·비용·관할 등기소 안내. 해운대·센텀 다옴법무사사무소에서 상담 가능합니다. 해운대·센텀 다옴법무사사무소에서 전화·카카오톡·방문(예약) 상담이 가능합니다.,강서구 상속포기 안내 | 다옴법무사사무소,강서구 상속포기 절차·필요서류·비용·관할 등기소 안내. 해운대·센텀 다옴법무사사무소에서 상담 가능합니다. 해운대·센텀 다옴법무사사무소에서 전화·카카오톡·방문(예약) 상담이 가능합니다.,강서구 상속포기 안내,지역별 업무 상황 | 상속포기에서 자주 놓치는 점 | 관할·실무 포인트 | 준비 서류 | 비용·일정 참고 | 광역 상속포기 안내로 이어가기,상속포기를 강서구 기준으로 볼 때는 동일 절차라도 등기소·법원 창구가 사건별로 갈릴 수 있습니다. 대저·명지·녹산 일대 신도시·산업단지 인근 법인·부동산 등기 수요가 있는 구입니다. 상속 재산보다 채무가 많을 때 상속을 포기하는 가사 신고 절차입니다. 부산가정법원 관할 사건을 안내합니다. 상담 시 서류·일정·비용 범위를 항목별로 안내합니다. 대저·명지·녹산 일대 신도시·산업단지 인근 법인·부동산 등기 수요가 있는 구입니다. 상속 재산보다 채무가 많을 때 상속을 포기하는 가사 신고 절차입니다. 부산가정법원 관할 사건을 안내합니다. 강서구 사건의 관할(법원·등기소)과 기한을 확인합니다. 당사자·권리관계·근저당 유무를 확인한 뒤 접수 체크리스트를 만듭니다. 접수 후 보정·진행 상황을 공유하고 완료·후속 조치를 안내합니다. 신분증·인감증명서(사건에 따라 주민등록등본 등) 등기부등본·계약서·협의서 등 사건 관련 핵심 서류 가족관계증명서·재산 목록(상속·가사 해당 시) 강서구상속포기 강서구 법,526,0,,상속포기 상세>/services/inheritance-renunciation || 강서구 법무사>/강서구법무사 || 업무안내>/services || FAQ>/faq || 상담 문의>/contact || 부산 상속포기 허브로 돌아가기>/부산상속포기 || 상속포기 비용>/상속포기비용 || 상속포기 필요서류>/상속포기필요서류 || 부산 한정승인 비교>/부산한정승인 || 부산가정법원 상속포기>/부산가정법원상속포기 || 부산 상속등기>/부산상속등기 || 채무 과다 시 개인회생>/부산개인회생,홈 > 강서구 상속포기,yes,WebPage+FAQ,,SERP_UNVERIFIED,renunciation-supporting,inheritance-renunciation,상속포기를강서구기준으로볼때는동일절차라도등기소·법원창구가사건별로갈릴수있습니다.대저·명지·녹산일대신도시·산업단지인근법인·부동산등기수요가있는구입니다.
/강서구한정승인,generated,"index,follow",yes,/강서구한정승인,강서구 한정승인 안내 | 다옴법무사사무소,강서구 한정승인 절차·필요서류·비용·관할 등기소 안내. 해운대·센텀 다옴법무사사무소에서 상담 가능합니다. 해운대·센텀 다옴법무사사무소에서 전화·카카오톡·방문(예약) 상담이 가능합니다.,강서구 한정승인 안내 | 다옴법무사사무소,강서구 한정승인 절차·필요서류·비용·관할 등기소 안내. 해운대·센텀 다옴법무사사무소에서 상담 가능합니다. 해운대·센텀 다옴법무사사무소에서 전화·카카오톡·방문(예약) 상담이 가능합니다.,강서구 한정승인 안내,지역별 업무 상황 | 한정승인에서 자주 놓치는 점 | 관할·실무 포인트 | 준비 서류 | 비용·일정 참고 | 관련 허브로 이어가기,한정승인을 강서구 기준으로 볼 때는 동일 절차라도 등기소·법원 창구가 사건별로 갈릴 수 있습니다. 대저·명지·녹산 일대 신도시·산업단지 인근 법인·부동산 등기 수요가 있는 구입니다. 상속 재산 범위 내에서만 채무를 변제하고 상속을 승인하는 절차입니다. 채무 조사 후 상속등기와 연계됩니다. 상담 시 서류·일정·비용 범위를 항목별로 안내합니다. 대저·명지·녹산 일대 신도시·산업단지 인근 법인·부동산 등기 수요가 있는 구입니다. 상속 재산 범위 내에서만 채무를 변제하고 상속을 승인하는 절차입니다. 채무 조사 후 상속등기와 연계됩니다. 강서구 사건의 관할(법원·등기소)과 기한을 확인합니다. 필요 서류·협의 사항을 정리하고 신청서·위임장을 검토합니다. 접수 후 보정·진행 상황을 공유하고 완료·후속 조치를 안내합니다. 신분증·인감증명서(사건에 따라 주민등록등본 등) 등기부등본·계약서·협의서 등 사건 관련 핵심 서류 가족관계증명서·재산 목록(상속·가사 해당 시) 강서구한정승인 강서구 법무사 한정,493,0,,한정승인 상세>/services/qualified-acceptance || 강서구 법무사>/강서구법무사 || 업무안내>/services || FAQ>/faq || 상담 문의>/contact || 부산 한정승인 허브로 돌아가기>/부산한정승인 || 한정승인 비용>/한정승인비용 || 한정승인 기한>/한정승인기간 || 부산 상속포기>/부산상속포기 || 부산 상속등기>/부산상속등기 || 부산가정법원 한정승인>/부산가정법원상속 || 한정승인 상담 사례>/services/cases/dongnae-qualified-acceptance-consultation,홈 > 강서구 한정승인,yes,WebPage+FAQ,,SERP_UNVERIFIED,qualified-supporting,qualified-acceptance,한정승인을강서구기준으로볼때는동일절차라도등기소·법원창구가사건별로갈릴수있습니다.대저·명지·녹산일대신도시·산업단지인근법인·부동산등기수요가있는구입니다.
/사상구한정승인,generated,"index,follow",yes,/사상구한정승인,사상구 한정승인 안내 | 다옴법무사사무소,사상구 한정승인 절차·필요서류·비용·관할 등기소 안내. 해운대·센텀 다옴법무사사무소에서 상담 가능합니다. 해운대·센텀 다옴법무사사무소에서 전화·카카오톡·방문(예약) 상담이 가능합니다.,사상구 한정승인 안내 | 다옴법무사사무소,사상구 한정승인 절차·필요서류·비용·관할 등기소 안내. 해운대·센텀 다옴법무사사무소에서 상담 가능합니다. 해운대·센텀 다옴법무사사무소에서 전화·카카오톡·방문(예약) 상담이 가능합니다.,사상구 한정승인 안내,지역별 업무 상황 | 한정승인에서 자주 놓치는 점 | 관할·실무 포인트 | 준비 서류 | 비용·일정 참고 | 관련 허브로 이어가기,사상구 한정승인 문의는 소재지·채무·협의 상태에 따라 준비 순서가 달라집니다. 엄궁·감전·주례 일대 상속·개인회생·상속포기 문의가 잦은 구입니다. 상속 재산 범위 내에서만 채무를 변제하고 상속을 승인하는 절차입니다. 채무 조사 후 상속등기와 연계됩니다. 상담 시 서류·일정·비용 범위를 항목별로 안내합니다. 엄궁·감전·주례 일대 상속·개인회생·상속포기 문의가 잦은 구입니다. 상속 재산 범위 내에서만 채무를 변제하고 상속을 승인하는 절차입니다. 채무 조사 후 상속등기와 연계됩니다. 사상구 사건의 관할(법원·등기소)과 기한을 확인합니다. 필요 서류·협의 사항을 정리하고 신청서·위임장을 검토합니다. 접수 후 보정·진행 상황을 공유하고 완료·후속 조치를 안내합니다. 신분증·인감증명서(사건에 따라 주민등록등본 등) 등기부등본·계약서·협의서 등 사건 관련 핵심 서류 가족관계증명서·재산 목록(상속·가사 해당 시) 사상구한정승인 사상구 법무사 한정승인 지역별 업무 상황 한정승인은 재산 목록·채무 목,473,0,,한정승인 상세>/services/qualified-acceptance || 사상구 법무사>/사상구법무사 || 업무안내>/services || FAQ>/faq || 상담 문의>/contact || 부산 한정승인 허브로 돌아가기>/부산한정승인 || 한정승인 비용>/한정승인비용 || 한정승인 기한>/한정승인기간 || 부산 상속포기>/부산상속포기 || 부산 상속등기>/부산상속등기 || 부산가정법원 한정승인>/부산가정법원상속 || 한정승인 상담 사례>/services/cases/dongnae-qualified-acceptance-consultation,홈 > 사상구 한정승인,yes,WebPage+FAQ,,SERP_UNVERIFIED,qualified-supporting,qualified-acceptance,사상구한정승인문의는소재지·채무·협의상태에따라준비순서가달라집니다.엄궁·감전·주례일대상속·개인회생·상속포기문의가잦은구입니다.상속재산범위내에서만채무를
/상속포기준비서류,generated,"index,follow",yes,/상속포기준비서류,상속포기 준비서류 안내 | 다옴법무사사무소,상속포기 준비서류 정리. 사건별 준비 서류·기한·수임료 범위를 투명하게 설명드립니다. 해운대·센텀 다옴법무사사무소에서 전화·카카오톡·방문(예약) 상담이 가능합니다.,상속포기 준비서류 안내 | 다옴법무사사무소,상속포기 준비서류 정리. 사건별 준비 서류·기한·수임료 범위를 투명하게 설명드립니다. 해운대·센텀 다옴법무사사무소에서 전화·카카오톡·방문(예약) 상담이 가능합니다.,상속포기 준비서류 안내,필수 서류 | 상속포기에서 자주 놓치는 점 | 상속포기 준비서류 초점에서 볼 것 | 추가로 필요한 경우 | 준비 서류 | 준비 체크리스트 | 검색 의도별 다음 안내,"준비서류만 보고 단정하기보다, 상속포기의 사실관계·기한·관할을 먼저 나눠 보는 것이 실무적입니다. 상속 재산보다 채무가 많을 때 상속을 포기하는 가사 신고 절차입니다. 부산가정법원 관할 사건을 안내합니다. 다옴법무사사무소는 부산 전역 사건을 다루며 준비서류 관련 범위를 항목별로 정리합니다. 부산은 관할 법원·등기소가 사건별로 달라 사전 정리가 중요한 지역입니다. 상속 재산보다 채무가 많을 때 상속을 포기하는 가사 신고 절차입니다. 부산가정법원 관할 사건을 안내합니다. 부산 사건의 관할(법원·등기소)과 기한을 확인합니다. 필요 서류·협의 사항을 정리하고 신청서·위임장을 검토합니다. 접수 후 보정·진행 상황을 공유하고 완료·후속 조치를 안내합니다. 신분증·인감증명서(사건에 따라 주민등록등본 등) 등기부등본·계약서·협의서 등 사건 관련 핵심 서류 가족관계증명서·재산 목록(상속·가사 해당 시) 상속포기준비서류 상속포기 준비서류 다옴법무사사무소 필수 서류 기한이 지났고 뒤늦게 채무를 알게 된",538,0,,상속포기 상세>/services/inheritance-renunciation || 업무안내>/services || FAQ>/faq || 상담 문의>/contact || 부산 상속포기 허브로 돌아가기>/부산상속포기 || 상속포기 비용>/상속포기비용 || 상속포기 필요서류>/상속포기필요서류 || 부산 한정승인 비교>/부산한정승인 || 부산가정법원 상속포기>/부산가정법원상속포기 || 부산 상속등기>/부산상속등기 || 채무 과다 시 개인회생>/부산개인회생 || 상속포기 상담 사례>/services/cases/jaesong-inheritance-renunciation-consultation,홈 > 상속포기 준비서류,yes,WebPage+FAQ,,SERP_UNVERIFIED,renunciation-supporting,inheritance-renunciation,"준비서류만보고단정하기보다,상속포기의사실관계·기한·관할을먼저나눠보는것이실무적입니다.상속재산보다채무가많을때상속을포기하는가사신고절차입니다.부산가정법원"
/한정승인준비서류,generated,"index,follow",yes,/한정승인준비서류,한정승인 준비서류 안내 | 다옴법무사사무소,한정승인 준비서류 정리. 사건별 준비 서류·기한·수임료 범위를 투명하게 설명드립니다. 해운대·센텀 다옴법무사사무소에서 전화·카카오톡·방문(예약) 상담이 가능합니다.,한정승인 준비서류 안내 | 다옴법무사사무소,한정승인 준비서류 정리. 사건별 준비 서류·기한·수임료 범위를 투명하게 설명드립니다. 해운대·센텀 다옴법무사사무소에서 전화·카카오톡·방문(예약) 상담이 가능합니다.,한정승인 준비서류 안내,필수 서류 | 한정승인에서 자주 놓치는 점 | 한정승인 준비서류 초점에서 볼 것 | 추가로 필요한 경우 | 준비 서류 | 준비 체크리스트 | 검색 의도별 다음 안내,"준비서류만 보고 단정하기보다, 한정승인의 사실관계·기한·관할을 먼저 나눠 보는 것이 실무적입니다. 상속 재산 범위 내에서만 채무를 변제하고 상속을 승인하는 절차입니다. 채무 조사 후 상속등기와 연계됩니다. 다옴법무사사무소는 부산 전역 사건을 다루며 준비서류 관련 범위를 항목별로 정리합니다. 부산은 관할 법원·등기소가 사건별로 달라 사전 정리가 중요한 지역입니다. 상속 재산 범위 내에서만 채무를 변제하고 상속을 승인하는 절차입니다. 채무 조사 후 상속등기와 연계됩니다. 부산 사건의 관할(법원·등기소)과 기한을 확인합니다. 당사자·권리관계·근저당 유무를 확인한 뒤 접수 체크리스트를 만듭니다. 접수 후 보정·진행 상황을 공유하고 완료·후속 조치를 안내합니다. 신분증·인감증명서(사건에 따라 주민등록등본 등) 등기부등본·계약서·협의서 등 사건 관련 핵심 서류 가족관계증명서·재산 목록(상속·가사 해당 시) 한정승인준비서류 한정승인 준비서류 다옴법무사사무소 필수 서류 안심상속 조회 후 승인 방식",535,0,,한정승인 상세>/services/qualified-acceptance || 업무안내>/services || FAQ>/faq || 상담 문의>/contact || 부산 한정승인 허브로 돌아가기>/부산한정승인 || 한정승인 비용>/한정승인비용 || 한정승인 기한>/한정승인기간 || 부산 상속포기>/부산상속포기 || 부산 상속등기>/부산상속등기 || 부산가정법원 한정승인>/부산가정법원상속 || 한정승인 상담 사례>/services/cases/dongnae-qualified-acceptance-consultation || 한정승인 절차 FAQ>/faq/qualified-acceptance-procedure,홈 > 한정승인 준비서류,yes,WebPage+FAQ,,SERP_UNVERIFIED,qualified-supporting,qualified-acceptance,"준비서류만보고단정하기보다,한정승인의사실관계·기한·관할을먼저나눠보는것이실무적입니다.상속재산범위내에서만채무를변제하고상속을승인하는절차입니다.채무조사후"
/상속여성법무사,generated,"index,follow",yes,/상속여성법무사,상속 여성 법무사 | 다옴법무사사무소,"상속 여성 법무사 관련 절차·비용·서류 안내. 부산 전역 사건 상담, 전화·카카오톡 문의 가능합니다. 해운대·센텀 다옴법무사사무소에서 전화·카카오톡·방문(예약) 상담이 가능합니다.",상속 여성 법무사 | 다옴법무사사무소,"상속 여성 법무사 관련 절차·비용·서류 안내. 부산 전역 사건 상담, 전화·카카오톡 문의 가능합니다. 해운대·센텀 다옴법무사사무소에서 전화·카카오톡·방문(예약) 상담이 가능합니다.",상속 여성 법무사,편안한 상담 | 상속등기에서 자주 놓치는 점 | 상속·가사 심리적 부담 | 준비 서류 | 회생·채무 상담 | 다옴법무사사무소 상담 안내 | 의뢰인께 드리는 말씀,상속 여성 법무사 관련 문의는 검색 키워드만으로 절차가 결정되지 않는 경우가 많습니다. 피상속인 사망 후 부동산·토지 등기명의를 상속인 명의로 이전하는 절차입니다. 부산 전역 아파트·상가·토지 상속 사건을 다룹니다. 부산광역시 전역 상속등기·부동산등기·법인등기·개인회생·파산 등 법무사 업무를 다루는 핵심 지역입니다. 다옴법무사사무소는 상황을 듣고 다음 단계부터 정리합니다. 부산광역시 전역 상속등기·부동산등기·법인등기·개인회생·파산 등 법무사 업무를 다루는 핵심 지역입니다. 피상속인 사망 후 부동산·토지 등기명의를 상속인 명의로 이전하는 절차입니다. 부산 전역 아파트·상가·토지 상속 사건을 다룹니다. 부산 사건의 관할(법원·등기소)과 기한을 확인합니다. 전자등기·방문 접수·보정 대응 중 가능한 방식을 먼저 고릅니다. 접수 후 보정·진행 상황을 공유하고 완료·후속 조치를 안내합니다. 신분증·인감증명서(사건에 따라 주민등록등본 등) 등기부등본·계약서·협의서 등 사건 관련 핵심 서류 가족관,571,8,/about::상속·가사 여성 법무사 || /부산여성법무사::상속·가사 여성 법무사 || /해운대여성법무사::상속·가사 여성 법무사 || /센텀여성법무사::상속·가사 여성 법무사 || /개인회생여성법무사::상속·가사 여성 법무사 || /services/cases/jaesong-inheritance-renunciation-consultation::상속·가사 여성 법무사 || /faq/inheritance-renunciation-family-effect::상속·가사 여성 법무사 || /faq/personal-rehabilitation-eligibility-faq::상속·가사 여성 법무사,상속등기 상세>/services/inheritance-registration || 업무안내>/services || FAQ>/faq || 상담 문의>/contact || 부산 여성 법무사 허브로 돌아가기>/부산여성법무사 || 해운대 여성 법무사>/해운대여성법무사 || 센텀 여성 법무사>/센텀여성법무사 || 개인회생 여성 법무사>/개인회생여성법무사 || 부산 상속등기 편안한 상담>/부산상속등기 || 부산 상속포기 가정법원 신고>/부산상속포기 || 부산 개인회생 상담>/부산개인회생 || 부산에서 법무사 찾을 때>/부산법무사,홈 > 상속 여성 법무사,yes,WebPage+FAQ,,SERP_UNVERIFIED,inheritance-supporting,inheritance-registration,상속여성법무사관련문의는검색키워드만으로절차가결정되지않는경우가많습니다.피상속인사망후부동산·토지등기명의를상속인명의로이전하는절차입니다.부산전역아파트·상
/연산역상속등기,generated,"index,follow",yes,/연산역상속등기,연산역 상속등기 안내 | 다옴법무사사무소,연산역 상속등기 절차·필요서류·비용·관할 등기소 안내. 해운대·센텀 다옴법무사사무소에서 상담 가능합니다. 해운대·센텀 다옴법무사사무소에서 전화·카카오톡·방문(예약) 상담이 가능합니다.,연산역 상속등기 안내 | 다옴법무사사무소,연산역 상속등기 절차·필요서류·비용·관할 등기소 안내. 해운대·센텀 다옴법무사사무소에서 상담 가능합니다. 해운대·센텀 다옴법무사사무소에서 전화·카카오톡·방문(예약) 상담이 가능합니다.,연산역 상속등기 안내,지역별 업무 상황 | 상속등기에서 자주 놓치는 점 | 관할·실무 포인트 | 준비 서류 | 비용·일정 참고 | 관련 허브로 이어가기,연산역 상속등기 문의는 소재지·채무·협의 상태에 따라 준비 순서가 달라집니다. 연산역 인근 아파트·상가 상속·등기 문의가 많습니다. 피상속인 사망 후 부동산·토지 등기명의를 상속인 명의로 이전하는 절차입니다. 부산 전역 아파트·상가·토지 상속 사건을 다룹니다. 상담 시 서류·일정·비용 범위를 항목별로 안내합니다. 연산역 인근 아파트·상가 상속·등기 문의가 많습니다. 피상속인 사망 후 부동산·토지 등기명의를 상속인 명의로 이전하는 절차입니다. 부산 전역 아파트·상가·토지 상속 사건을 다룹니다. 연산역 사건의 관할(법원·등기소)과 기한을 확인합니다. 필요 서류·협의 사항을 정리하고 신청서·위임장을 검토합니다. 접수 후 보정·진행 상황을 공유하고 완료·후속 조치를 안내합니다. 신분증·인감증명서(사건에 따라 주민등록등본 등) 등기부등본·계약서·협의서 등 사건 관련 핵심 서류 가족관계증명서·재산 목록(상속·가사 해당 시) 연산역상속등기 연산역 법무사 상속등기 지역별 업무 상황 이미 소송·가압,517,0,,연산동 법무사>/연산동법무사 || 연제구 부동산등기>/연제구부동산등기 || 부산 전역 업무 선택 안내>/부산법무사 || 상속등기 상세>/services/inheritance-registration || 업무안내>/services || FAQ>/faq || 상담 문의>/contact || 부산 상속등기 허브로 돌아가기>/부산상속등기 || 부산 상속 법무사>/부산상속법무사 || 부산 상속재산분할>/부산상속재산분할법무사 || 부산 상속등기 비용 안내>/상속등기비용 || 부산 상속등기 필요서류>/상속등기필요서류,홈 > 연산역 상속등기,yes,WebPage+FAQ,,SERP_UNVERIFIED,inheritance-supporting,inheritance-registration,연산역상속등기문의는소재지·채무·협의상태에따라준비순서가달라집니다.연산역인근아파트·상가상속·등기문의가많습니다.피상속인사망후부동산·토지등기명의를상속인
/상속포기기간,generated,"index,follow",yes,/상속포기기간,상속포기 기간 안내 | 다옴법무사사무소,상속포기 기간 정리. 사건별 준비 서류·기한·수임료 범위를 투명하게 설명드립니다. 해운대·센텀 다옴법무사사무소에서 전화·카카오톡·방문(예약) 상담이 가능합니다.,상속포기 기간 안내 | 다옴법무사사무소,상속포기 기간 정리. 사건별 준비 서류·기한·수임료 범위를 투명하게 설명드립니다. 해운대·센텀 다옴법무사사무소에서 전화·카카오톡·방문(예약) 상담이 가능합니다.,상속포기 기간 안내,법정 기한 | 상속포기에서 자주 놓치는 점 | 상속포기 기간 초점에서 볼 것 | 지연 시 불이익 | 준비 서류 | 과태료·가산세 | 검색 의도별 다음 안내,"상속포기 소요 기간 안내는 서류 수집·접수·보정·완료까지 일반적인 흐름을 구간별로 설명합니다. 사건마다 달라 단정 일정을 약속하지 않으며, 병목 구간을 미리 알려 드립니다. 상속 재산보다 채무가 많을 때 상속을 포기하는 가사 신고 절차입니다. 부산가정법원 관할 사건을 안내합니다. 다옴법무사사무소는 부산 전역 사건을 다루며 기간 관련 범위를 항목별로 정리합니다. 부산은 관할 법원·등기소가 사건별로 달라 사전 정리가 중요한 지역입니다. 상속 재산보다 채무가 많을 때 상속을 포기하는 가사 신고 절차입니다. 부산가정법원 관할 사건을 안내합니다. 부산 사건의 관할(법원·등기소)과 기한을 확인합니다. 전자등기·방문 접수·보정 대응 중 가능한 방식을 먼저 고릅니다. 접수 후 보정·진행 상황을 공유하고 완료·후속 조치를 안내합니다. 신분증·인감증명서(사건에 따라 주민등록등본 등) 등기부등본·계약서·협의서 등 사건 관련 핵심 서류 가족관계증명서·재산 목록(상속·가사 해당 시) 상속포기기간 상속포기 ",543,0,,상속포기 상세>/services/inheritance-renunciation || 업무안내>/services || FAQ>/faq || 상담 문의>/contact || 부산 상속포기 허브로 돌아가기>/부산상속포기 || 상속포기 비용>/상속포기비용 || 상속포기 필요서류>/상속포기필요서류 || 부산 한정승인 비교>/부산한정승인 || 부산가정법원 상속포기>/부산가정법원상속포기 || 부산 상속등기>/부산상속등기 || 채무 과다 시 개인회생>/부산개인회생 || 상속포기 상담 사례>/services/cases/jaesong-inheritance-renunciation-consultation,홈 > 상속포기 기간,yes,WebPage+FAQ,,SERP_UNVERIFIED,renunciation-supporting,inheritance-renunciation,"상속포기소요기간안내는서류수집·접수·보정·완료까지일반적인흐름을구간별로설명합니다.사건마다달라단정일정을약속하지않으며,병목구간을미리알려드립니다.상속재산"
/한정승인기간,generated,"index,follow",yes,/한정승인기간,한정승인 기간 안내 | 다옴법무사사무소,한정승인 기간 정리. 사건별 준비 서류·기한·수임료 범위를 투명하게 설명드립니다. 해운대·센텀 다옴법무사사무소에서 전화·카카오톡·방문(예약) 상담이 가능합니다.,한정승인 기간 안내 | 다옴법무사사무소,한정승인 기간 정리. 사건별 준비 서류·기한·수임료 범위를 투명하게 설명드립니다. 해운대·센텀 다옴법무사사무소에서 전화·카카오톡·방문(예약) 상담이 가능합니다.,한정승인 기간 안내,법정 기한 | 한정승인에서 자주 놓치는 점 | 한정승인 기간 초점에서 볼 것 | 지연 시 불이익 | 준비 서류 | 과태료·가산세 | 검색 의도별 다음 안내,"한정승인 소요 기간 안내는 서류 수집·접수·보정·완료까지 일반적인 흐름을 구간별로 설명합니다. 사건마다 달라 단정 일정을 약속하지 않으며, 병목 구간을 미리 알려 드립니다. 상속 재산 범위 내에서만 채무를 변제하고 상속을 승인하는 절차입니다. 채무 조사 후 상속등기와 연계됩니다. 다옴법무사사무소는 부산 전역 사건을 다루며 기간 관련 범위를 항목별로 정리합니다. 부산은 관할 법원·등기소가 사건별로 달라 사전 정리가 중요한 지역입니다. 상속 재산 범위 내에서만 채무를 변제하고 상속을 승인하는 절차입니다. 채무 조사 후 상속등기와 연계됩니다. 부산 사건의 관할(법원·등기소)과 기한을 확인합니다. 당사자·권리관계·근저당 유무를 확인한 뒤 접수 체크리스트를 만듭니다. 접수 후 보정·진행 상황을 공유하고 완료·후속 조치를 안내합니다. 신분증·인감증명서(사건에 따라 주민등록등본 등) 등기부등본·계약서·협의서 등 사건 관련 핵심 서류 가족관계증명서·재산 목록(상속·가사 해당 시) 한정승인기간 한정",535,37,/한정승인자가진단::한정승인 기한 || /동래구한정승인::한정승인 기한 || /기장군한정승인::한정승인 기한 || /금정구한정승인::한정승인 기한 || /연제구한정승인::한정승인 기한 || /한정승인비용::한정승인 기한 || /안심상속원스톱서비스이후::한정승인 기한 || /부모빚상속방법::한정승인 기한 || /고인계좌장례비사용::한정승인 기한 || /사망후3개월지난상속::한정승인 기한 || /방문없이준비하는상속포기한정승인::한정승인 기한 || /특별한정승인::한정승인 기한,한정승인 상세>/services/qualified-acceptance || 업무안내>/services || FAQ>/faq || 상담 문의>/contact || 부산 한정승인 허브로 돌아가기>/부산한정승인 || 한정승인 비용>/한정승인비용 || 부산 상속포기>/부산상속포기 || 부산 상속등기>/부산상속등기 || 부산가정법원 한정승인>/부산가정법원상속 || 한정승인 상담 사례>/services/cases/dongnae-qualified-acceptance-consultation || 한정승인 절차 FAQ>/faq/qualified-acceptance-procedure || 한정승인 선택 시기 FAQ>/faq/when-to-choose-qualified-acceptance,홈 > 한정승인 기간,yes,WebPage+FAQ,,SERP_UNVERIFIED,qualified-supporting,qualified-acceptance,"한정승인소요기간안내는서류수집·접수·보정·완료까지일반적인흐름을구간별로설명합니다.사건마다달라단정일정을약속하지않으며,병목구간을미리알려드립니다.상속재산"
/재송동상속등기,generated,"index,follow",yes,/재송동상속등기,재송동 상속등기 안내 | 다옴법무사사무소,재송동 상속등기 절차·필요서류·비용·관할 등기소 안내. 해운대·센텀 다옴법무사사무소에서 상담 가능합니다. 해운대·센텀 다옴법무사사무소에서 전화·카카오톡·방문(예약) 상담이 가능합니다.,재송동 상속등기 안내 | 다옴법무사사무소,재송동 상속등기 절차·필요서류·비용·관할 등기소 안내. 해운대·센텀 다옴법무사사무소에서 상담 가능합니다. 해운대·센텀 다옴법무사사무소에서 전화·카카오톡·방문(예약) 상담이 가능합니다.,재송동 상속등기 안내,지역별 업무 상황 | 상속등기에서 자주 놓치는 점 | 관할·실무 포인트 | 준비 서류 | 비용·일정 참고 | 관련 허브로 이어가기,재송동에서 상속등기를 진행하려면 관할 확인 후 서류 체크리스트부터 잡는 편이 안전합니다. 재송동 아파트·상가 상속·매매 등기를 안내하는 동입니다. 피상속인 사망 후 부동산·토지 등기명의를 상속인 명의로 이전하는 절차입니다. 부산 전역 아파트·상가·토지 상속 사건을 다룹니다. 상담 시 서류·일정·비용 범위를 항목별로 안내합니다. 재송동 아파트·상가 상속·매매 등기를 안내하는 동입니다. 피상속인 사망 후 부동산·토지 등기명의를 상속인 명의로 이전하는 절차입니다. 부산 전역 아파트·상가·토지 상속 사건을 다룹니다. 재송동 사건의 관할(법원·등기소)과 기한을 확인합니다. 필요 서류·협의 사항을 정리하고 신청서·위임장을 검토합니다. 접수 후 보정·진행 상황을 공유하고 완료·후속 조치를 안내합니다. 신분증·인감증명서(사건에 따라 주민등록등본 등) 등기부등본·계약서·협의서 등 사건 관련 핵심 서류 가족관계증명서·재산 목록(상속·가사 해당 시) 재송동상속등기 재송동 법무사 상속등기 지역별 업무 상,489,0,,상속등기 상세>/services/inheritance-registration || 업무안내>/services || FAQ>/faq || 상담 문의>/contact || 부산 상속등기 허브로 돌아가기>/부산상속등기 || 부산 상속 법무사>/부산상속법무사 || 부산 상속재산분할>/부산상속재산분할법무사 || 부산 상속등기 비용 안내>/상속등기비용 || 부산 상속등기 필요서류>/상속등기필요서류 || 부산 상속등기 기간·기한>/상속등기기간 || 부산 상속포기 절차>/부산상속포기 || 부산 한정승인 안내>/부산한정승인,홈 > 재송동 상속등기,yes,WebPage+FAQ,,SERP_UNVERIFIED,inheritance-supporting,inheritance-registration,재송동에서상속등기를진행하려면관할확인후서류체크리스트부터잡는편이안전합니다.재송동아파트·상가상속·매매등기를안내하는동입니다.피상속인사망후부동산·토지등기
/반여동상속등기,generated,"index,follow",yes,/반여동상속등기,반여동 상속등기 안내 | 다옴법무사사무소,반여동 상속등기 절차·필요서류·비용·관할 등기소 안내. 해운대·센텀 다옴법무사사무소에서 상담 가능합니다. 해운대·센텀 다옴법무사사무소에서 전화·카카오톡·방문(예약) 상담이 가능합니다.,반여동 상속등기 안내 | 다옴법무사사무소,반여동 상속등기 절차·필요서류·비용·관할 등기소 안내. 해운대·센텀 다옴법무사사무소에서 상담 가능합니다. 해운대·센텀 다옴법무사사무소에서 전화·카카오톡·방문(예약) 상담이 가능합니다.,반여동 상속등기 안내,지역별 업무 상황 | 상속등기에서 자주 놓치는 점 | 관할·실무 포인트 | 준비 서류 | 비용·일정 참고 | 관련 허브로 이어가기,상속등기를 반여동 기준으로 볼 때는 동일 절차라도 등기소·법원 창구가 사건별로 갈릴 수 있습니다. 반여·반송 일대 주택·상가 등기 문의가 이어지는 동입니다. 피상속인 사망 후 부동산·토지 등기명의를 상속인 명의로 이전하는 절차입니다. 부산 전역 아파트·상가·토지 상속 사건을 다룹니다. 상담 시 서류·일정·비용 범위를 항목별로 안내합니다. 반여·반송 일대 주택·상가 등기 문의가 이어지는 동입니다. 피상속인 사망 후 부동산·토지 등기명의를 상속인 명의로 이전하는 절차입니다. 부산 전역 아파트·상가·토지 상속 사건을 다룹니다. 반여동 사건의 관할(법원·등기소)과 기한을 확인합니다. 당사자·권리관계·근저당 유무를 확인한 뒤 접수 체크리스트를 만듭니다. 접수 후 보정·진행 상황을 공유하고 완료·후속 조치를 안내합니다. 신분증·인감증명서(사건에 따라 주민등록등본 등) 등기부등본·계약서·협의서 등 사건 관련 핵심 서류 가족관계증명서·재산 목록(상속·가사 해당 시) 반여동상속등기 반여동 법무사 상,536,0,,상속등기 상세>/services/inheritance-registration || 업무안내>/services || FAQ>/faq || 상담 문의>/contact || 부산 상속등기 허브로 돌아가기>/부산상속등기 || 부산 상속 법무사>/부산상속법무사 || 부산 상속재산분할>/부산상속재산분할법무사 || 부산 상속등기 비용 안내>/상속등기비용 || 부산 상속등기 필요서류>/상속등기필요서류 || 부산 상속등기 기간·기한>/상속등기기간 || 부산 상속포기 절차>/부산상속포기 || 부산 한정승인 안내>/부산한정승인,홈 > 반여동 상속등기,yes,WebPage+FAQ,,SERP_UNVERIFIED,inheritance-supporting,inheritance-registration,상속등기를반여동기준으로볼때는동일절차라도등기소·법원창구가사건별로갈릴수있습니다.반여·반송일대주택·상가등기문의가이어지는동입니다.피상속인사망후부동산·토
/좌동상속등기,generated,"index,follow",yes,/좌동상속등기,좌동 상속등기 안내 | 다옴법무사사무소,좌동 상속등기 절차·필요서류·비용·관할 등기소 안내. 해운대·센텀 다옴법무사사무소에서 상담 가능합니다. 해운대·센텀 다옴법무사사무소에서 전화·카카오톡·방문(예약) 상담이 가능합니다.,좌동 상속등기 안내 | 다옴법무사사무소,좌동 상속등기 절차·필요서류·비용·관할 등기소 안내. 해운대·센텀 다옴법무사사무소에서 상담 가능합니다. 해운대·센텀 다옴법무사사무소에서 전화·카카오톡·방문(예약) 상담이 가능합니다.,좌동 상속등기 안내,지역별 업무 상황 | 상속등기에서 자주 놓치는 점 | 관할·실무 포인트 | 준비 서류 | 비용·일정 참고 | 관련 허브로 이어가기,상속등기를 좌동 기준으로 볼 때는 동일 절차라도 등기소·법원 창구가 사건별로 갈릴 수 있습니다. 좌동 대단지 아파트 상속·매매 등기가 많은 동입니다. 피상속인 사망 후 부동산·토지 등기명의를 상속인 명의로 이전하는 절차입니다. 부산 전역 아파트·상가·토지 상속 사건을 다룹니다. 상담 시 서류·일정·비용 범위를 항목별로 안내합니다. 좌동 대단지 아파트 상속·매매 등기가 많은 동입니다. 피상속인 사망 후 부동산·토지 등기명의를 상속인 명의로 이전하는 절차입니다. 부산 전역 아파트·상가·토지 상속 사건을 다룹니다. 좌동 사건의 관할(법원·등기소)과 기한을 확인합니다. 당사자·권리관계·근저당 유무를 확인한 뒤 접수 체크리스트를 만듭니다. 접수 후 보정·진행 상황을 공유하고 완료·후속 조치를 안내합니다. 신분증·인감증명서(사건에 따라 주민등록등본 등) 등기부등본·계약서·협의서 등 사건 관련 핵심 서류 가족관계증명서·재산 목록(상속·가사 해당 시) 좌동상속등기 좌동 법무사 상속등기 지역별 업무,521,0,,상속등기 상세>/services/inheritance-registration || 업무안내>/services || FAQ>/faq || 상담 문의>/contact || 부산 상속등기 허브로 돌아가기>/부산상속등기 || 부산 상속 법무사>/부산상속법무사 || 부산 상속재산분할>/부산상속재산분할법무사 || 부산 상속등기 비용 안내>/상속등기비용 || 부산 상속등기 필요서류>/상속등기필요서류 || 부산 상속등기 기간·기한>/상속등기기간 || 부산 상속포기 절차>/부산상속포기 || 부산 한정승인 안내>/부산한정승인,홈 > 좌동 상속등기,yes,WebPage+FAQ,,SERP_UNVERIFIED,inheritance-supporting,inheritance-registration,상속등기를좌동기준으로볼때는동일절차라도등기소·법원창구가사건별로갈릴수있습니다.좌동대단지아파트상속·매매등기가많은동입니다.피상속인사망후부동산·토지등기명
/송정동상속등기,generated,"index,follow",yes,/송정동상속등기,송정동 상속등기 안내 | 다옴법무사사무소,송정동 상속등기 절차·필요서류·비용·관할 등기소 안내. 해운대·센텀 다옴법무사사무소에서 상담 가능합니다. 해운대·센텀 다옴법무사사무소에서 전화·카카오톡·방문(예약) 상담이 가능합니다.,송정동 상속등기 안내 | 다옴법무사사무소,송정동 상속등기 절차·필요서류·비용·관할 등기소 안내. 해운대·센텀 다옴법무사사무소에서 상담 가능합니다. 해운대·센텀 다옴법무사사무소에서 전화·카카오톡·방문(예약) 상담이 가능합니다.,송정동 상속등기 안내,지역별 업무 상황 | 상속등기에서 자주 놓치는 점 | 관할·실무 포인트 | 준비 서류 | 비용·일정 참고 | 관련 허브로 이어가기,송정동에서 상속등기를 진행하려면 관할 확인 후 서류 체크리스트부터 잡는 편이 안전합니다. 송정 일대 주택·펜션·상가 상속·등기 문의가 있는 동입니다. 피상속인 사망 후 부동산·토지 등기명의를 상속인 명의로 이전하는 절차입니다. 부산 전역 아파트·상가·토지 상속 사건을 다룹니다. 상담 시 서류·일정·비용 범위를 항목별로 안내합니다. 송정 일대 주택·펜션·상가 상속·등기 문의가 있는 동입니다. 피상속인 사망 후 부동산·토지 등기명의를 상속인 명의로 이전하는 절차입니다. 부산 전역 아파트·상가·토지 상속 사건을 다룹니다. 송정동 사건의 관할(법원·등기소)과 기한을 확인합니다. 필요 서류·협의 사항을 정리하고 신청서·위임장을 검토합니다. 접수 후 보정·진행 상황을 공유하고 완료·후속 조치를 안내합니다. 신분증·인감증명서(사건에 따라 주민등록등본 등) 등기부등본·계약서·협의서 등 사건 관련 핵심 서류 가족관계증명서·재산 목록(상속·가사 해당 시) 송정동상속등기 송정동 법무사 상속등기 지역별 ,501,0,,해운대 법무사>/해운대법무사 || 해운대구 부동산등기>/해운대구부동산등기 || 부산 전역 업무 선택 안내>/부산법무사 || 상속등기 상세>/services/inheritance-registration || 업무안내>/services || FAQ>/faq || 상담 문의>/contact || 부산 상속등기 허브로 돌아가기>/부산상속등기 || 부산 상속 법무사>/부산상속법무사 || 부산 상속재산분할>/부산상속재산분할법무사 || 부산 상속등기 비용 안내>/상속등기비용 || 부산 상속등기 필요서류>/상속등기필요서류,홈 > 송정동 상속등기,yes,WebPage+FAQ,,SERP_UNVERIFIED,inheritance-supporting,inheritance-registration,송정동에서상속등기를진행하려면관할확인후서류체크리스트부터잡는편이안전합니다.송정일대주택·펜션·상가상속·등기문의가있는동입니다.피상속인사망후부동산·토지등
/남천동상속등기,generated,"index,follow",yes,/남천동상속등기,남천동 상속등기 안내 | 다옴법무사사무소,남천동 상속등기 절차·필요서류·비용·관할 등기소 안내. 해운대·센텀 다옴법무사사무소에서 상담 가능합니다. 해운대·센텀 다옴법무사사무소에서 전화·카카오톡·방문(예약) 상담이 가능합니다.,남천동 상속등기 안내 | 다옴법무사사무소,남천동 상속등기 절차·필요서류·비용·관할 등기소 안내. 해운대·센텀 다옴법무사사무소에서 상담 가능합니다. 해운대·센텀 다옴법무사사무소에서 전화·카카오톡·방문(예약) 상담이 가능합니다.,남천동 상속등기 안내,지역별 업무 상황 | 상속등기에서 자주 놓치는 점 | 관할·실무 포인트 | 준비 서류 | 비용·일정 참고 | 관련 허브로 이어가기,남천동에서 상속등기를 진행하려면 관할 확인 후 서류 체크리스트부터 잡는 편이 안전합니다. 남천동 실거주 아파트 상속·매매 등기가 있는 동입니다. 피상속인 사망 후 부동산·토지 등기명의를 상속인 명의로 이전하는 절차입니다. 부산 전역 아파트·상가·토지 상속 사건을 다룹니다. 상담 시 서류·일정·비용 범위를 항목별로 안내합니다. 남천동 실거주 아파트 상속·매매 등기가 있는 동입니다. 피상속인 사망 후 부동산·토지 등기명의를 상속인 명의로 이전하는 절차입니다. 부산 전역 아파트·상가·토지 상속 사건을 다룹니다. 남천동 사건의 관할(법원·등기소)과 기한을 확인합니다. 당사자·권리관계·근저당 유무를 확인한 뒤 접수 체크리스트를 만듭니다. 접수 후 보정·진행 상황을 공유하고 완료·후속 조치를 안내합니다. 신분증·인감증명서(사건에 따라 주민등록등본 등) 등기부등본·계약서·협의서 등 사건 관련 핵심 서류 가족관계증명서·재산 목록(상속·가사 해당 시) 남천동상속등기 남천동 법무사 상속등기 지역별 업,509,1,/남천동법무사::남천동 상속등기,상속등기 상세>/services/inheritance-registration || 업무안내>/services || FAQ>/faq || 상담 문의>/contact || 부산 상속등기 허브로 돌아가기>/부산상속등기 || 부산 상속 법무사>/부산상속법무사 || 부산 상속재산분할>/부산상속재산분할법무사 || 부산 상속등기 비용 안내>/상속등기비용 || 부산 상속등기 필요서류>/상속등기필요서류 || 부산 상속등기 기간·기한>/상속등기기간 || 부산 상속포기 절차>/부산상속포기 || 부산 한정승인 안내>/부산한정승인,홈 > 남천동 상속등기,yes,WebPage+FAQ,,SERP_UNVERIFIED,inheritance-supporting,inheritance-registration,남천동에서상속등기를진행하려면관할확인후서류체크리스트부터잡는편이안전합니다.남천동실거주아파트상속·매매등기가있는동입니다.피상속인사망후부동산·토지등기명의
/거제동상속등기,generated,"index,follow",yes,/거제동상속등기,거제동 상속등기 안내 | 다옴법무사사무소,거제동 상속등기 절차·필요서류·비용·관할 등기소 안내. 해운대·센텀 다옴법무사사무소에서 상담 가능합니다. 해운대·센텀 다옴법무사사무소에서 전화·카카오톡·방문(예약) 상담이 가능합니다.,거제동 상속등기 안내 | 다옴법무사사무소,거제동 상속등기 절차·필요서류·비용·관할 등기소 안내. 해운대·센텀 다옴법무사사무소에서 상담 가능합니다. 해운대·센텀 다옴법무사사무소에서 전화·카카오톡·방문(예약) 상담이 가능합니다.,거제동 상속등기 안내,지역별 업무 상황 | 상속등기에서 자주 놓치는 점 | 관할·실무 포인트 | 준비 서류 | 비용·일정 참고 | 관련 허브로 이어가기,거제동 상속등기 문의는 소재지·채무·협의 상태에 따라 준비 순서가 달라집니다. 거제동 주택·상가 상속·등기 문의가 있는 동입니다. 피상속인 사망 후 부동산·토지 등기명의를 상속인 명의로 이전하는 절차입니다. 부산 전역 아파트·상가·토지 상속 사건을 다룹니다. 상담 시 서류·일정·비용 범위를 항목별로 안내합니다. 거제동 주택·상가 상속·등기 문의가 있는 동입니다. 피상속인 사망 후 부동산·토지 등기명의를 상속인 명의로 이전하는 절차입니다. 부산 전역 아파트·상가·토지 상속 사건을 다룹니다. 거제동 사건의 관할(법원·등기소)과 기한을 확인합니다. 당사자·권리관계·근저당 유무를 확인한 뒤 접수 체크리스트를 만듭니다. 접수 후 보정·진행 상황을 공유하고 완료·후속 조치를 안내합니다. 신분증·인감증명서(사건에 따라 주민등록등본 등) 등기부등본·계약서·협의서 등 사건 관련 핵심 서류 가족관계증명서·재산 목록(상속·가사 해당 시) 거제동상속등기 거제동 법무사 상속등기 지역별 업무 상황 이미 소송,514,0,,상속등기 상세>/services/inheritance-registration || 업무안내>/services || FAQ>/faq || 상담 문의>/contact || 부산 상속등기 허브로 돌아가기>/부산상속등기 || 부산 상속 법무사>/부산상속법무사 || 부산 상속재산분할>/부산상속재산분할법무사 || 부산 상속등기 비용 안내>/상속등기비용 || 부산 상속등기 필요서류>/상속등기필요서류 || 부산 상속등기 기간·기한>/상속등기기간 || 부산 상속포기 절차>/부산상속포기 || 부산 한정승인 안내>/부산한정승인,홈 > 거제동 상속등기,yes,WebPage+FAQ,,SERP_UNVERIFIED,inheritance-supporting,inheritance-registration,거제동상속등기문의는소재지·채무·협의상태에따라준비순서가달라집니다.거제동주택·상가상속·등기문의가있는동입니다.피상속인사망후부동산·토지등기명의를상속인명
/양정동상속등기,generated,"index,follow",yes,/양정동상속등기,양정동 상속등기 안내 | 다옴법무사사무소,양정동 상속등기 절차·필요서류·비용·관할 등기소 안내. 해운대·센텀 다옴법무사사무소에서 상담 가능합니다. 해운대·센텀 다옴법무사사무소에서 전화·카카오톡·방문(예약) 상담이 가능합니다.,양정동 상속등기 안내 | 다옴법무사사무소,양정동 상속등기 절차·필요서류·비용·관할 등기소 안내. 해운대·센텀 다옴법무사사무소에서 상담 가능합니다. 해운대·센텀 다옴법무사사무소에서 전화·카카오톡·방문(예약) 상담이 가능합니다.,양정동 상속등기 안내,지역별 업무 상황 | 상속등기에서 자주 놓치는 점 | 관할·실무 포인트 | 준비 서류 | 비용·일정 참고 | 관련 허브로 이어가기,양정동 상속등기 문의는 소재지·채무·협의 상태에 따라 준비 순서가 달라집니다. 양정·개금 일대 주택·상가 등기 수요가 있는 동입니다. 피상속인 사망 후 부동산·토지 등기명의를 상속인 명의로 이전하는 절차입니다. 부산 전역 아파트·상가·토지 상속 사건을 다룹니다. 상담 시 서류·일정·비용 범위를 항목별로 안내합니다. 양정·개금 일대 주택·상가 등기 수요가 있는 동입니다. 피상속인 사망 후 부동산·토지 등기명의를 상속인 명의로 이전하는 절차입니다. 부산 전역 아파트·상가·토지 상속 사건을 다룹니다. 양정동 사건의 관할(법원·등기소)과 기한을 확인합니다. 필요 서류·협의 사항을 정리하고 신청서·위임장을 검토합니다. 접수 후 보정·진행 상황을 공유하고 완료·후속 조치를 안내합니다. 신분증·인감증명서(사건에 따라 주민등록등본 등) 등기부등본·계약서·협의서 등 사건 관련 핵심 서류 가족관계증명서·재산 목록(상속·가사 해당 시) 양정동상속등기 양정동 법무사 상속등기 지역별 업무 상황 이미 소송·,506,0,,부산 법인 업무 안내>/부산법인법무사 || 부산 상속등기>/부산상속등기 || 부산진구 부동산등기>/부산진구부동산등기 || 부산 전역 업무 선택 안내>/부산법무사 || 상속등기 상세>/services/inheritance-registration || 업무안내>/services || FAQ>/faq || 상담 문의>/contact || 부산 상속 법무사>/부산상속법무사 || 부산 상속재산분할>/부산상속재산분할법무사 || 부산 상속등기 비용 안내>/상속등기비용 || 부산 상속등기 필요서류>/상속등기필요서류,홈 > 양정동 상속등기,yes,WebPage+FAQ,,SERP_UNVERIFIED,inheritance-supporting,inheritance-registration,양정동상속등기문의는소재지·채무·협의상태에따라준비순서가달라집니다.양정·개금일대주택·상가등기수요가있는동입니다.피상속인사망후부동산·토지등기명의를상속인
/대연동상속등기,generated,"index,follow",yes,/대연동상속등기,대연동 상속등기 안내 | 다옴법무사사무소,대연동 상속등기 절차·필요서류·비용·관할 등기소 안내. 해운대·센텀 다옴법무사사무소에서 상담 가능합니다. 해운대·센텀 다옴법무사사무소에서 전화·카카오톡·방문(예약) 상담이 가능합니다.,대연동 상속등기 안내 | 다옴법무사사무소,대연동 상속등기 절차·필요서류·비용·관할 등기소 안내. 해운대·센텀 다옴법무사사무소에서 상담 가능합니다. 해운대·센텀 다옴법무사사무소에서 전화·카카오톡·방문(예약) 상담이 가능합니다.,대연동 상속등기 안내,지역별 업무 상황 | 상속등기에서 자주 놓치는 점 | 관할·실무 포인트 | 준비 서류 | 비용·일정 참고 | 관련 허브로 이어가기,상속등기를 대연동 기준으로 볼 때는 동일 절차라도 등기소·법원 창구가 사건별로 갈릴 수 있습니다. 대연동 아파트·다세대 상속·매매 등기가 있는 동입니다. 피상속인 사망 후 부동산·토지 등기명의를 상속인 명의로 이전하는 절차입니다. 부산 전역 아파트·상가·토지 상속 사건을 다룹니다. 상담 시 서류·일정·비용 범위를 항목별로 안내합니다. 대연동 아파트·다세대 상속·매매 등기가 있는 동입니다. 피상속인 사망 후 부동산·토지 등기명의를 상속인 명의로 이전하는 절차입니다. 부산 전역 아파트·상가·토지 상속 사건을 다룹니다. 대연동 사건의 관할(법원·등기소)과 기한을 확인합니다. 전자등기·방문 접수·보정 대응 중 가능한 방식을 먼저 고릅니다. 접수 후 보정·진행 상황을 공유하고 완료·후속 조치를 안내합니다. 신분증·인감증명서(사건에 따라 주민등록등본 등) 등기부등본·계약서·협의서 등 사건 관련 핵심 서류 가족관계증명서·재산 목록(상속·가사 해당 시) 대연동상속등기 대연동 법무사 상속등기 지역별,524,0,,상속등기 상세>/services/inheritance-registration || 업무안내>/services || FAQ>/faq || 상담 문의>/contact || 부산 상속등기 허브로 돌아가기>/부산상속등기 || 부산 상속 법무사>/부산상속법무사 || 부산 상속재산분할>/부산상속재산분할법무사 || 부산 상속등기 비용 안내>/상속등기비용 || 부산 상속등기 필요서류>/상속등기필요서류 || 부산 상속등기 기간·기한>/상속등기기간 || 부산 상속포기 절차>/부산상속포기 || 부산 한정승인 안내>/부산한정승인,홈 > 대연동 상속등기,yes,WebPage+FAQ,,SERP_UNVERIFIED,inheritance-supporting,inheritance-registration,상속등기를대연동기준으로볼때는동일절차라도등기소·법원창구가사건별로갈릴수있습니다.대연동아파트·다세대상속·매매등기가있는동입니다.피상속인사망후부동산·토지
/기장상속등기,generated,"index,follow",yes,/기장상속등기,기장 상속등기 안내 | 다옴법무사사무소,기장 상속등기 절차·필요서류·비용·관할 등기소 안내. 해운대·센텀 다옴법무사사무소에서 상담 가능합니다. 해운대·센텀 다옴법무사사무소에서 전화·카카오톡·방문(예약) 상담이 가능합니다.,기장 상속등기 안내 | 다옴법무사사무소,기장 상속등기 절차·필요서류·비용·관할 등기소 안내. 해운대·센텀 다옴법무사사무소에서 상담 가능합니다. 해운대·센텀 다옴법무사사무소에서 전화·카카오톡·방문(예약) 상담이 가능합니다.,기장 상속등기 안내,지역별 업무 상황 | 상속등기에서 자주 놓치는 점 | 관할·실무 포인트 | 준비 서류 | 비용·일정 참고 | 관련 허브로 이어가기,기장 상속등기 문의는 소재지·채무·협의 상태에 따라 준비 순서가 달라집니다. 기장읍 토지·전원주택 상속등기 수요가 있는 지역입니다. 피상속인 사망 후 부동산·토지 등기명의를 상속인 명의로 이전하는 절차입니다. 부산 전역 아파트·상가·토지 상속 사건을 다룹니다. 상담 시 서류·일정·비용 범위를 항목별로 안내합니다. 기장읍 토지·전원주택 상속등기 수요가 있는 지역입니다. 피상속인 사망 후 부동산·토지 등기명의를 상속인 명의로 이전하는 절차입니다. 부산 전역 아파트·상가·토지 상속 사건을 다룹니다. 기장 사건의 관할(법원·등기소)과 기한을 확인합니다. 전자등기·방문 접수·보정 대응 중 가능한 방식을 먼저 고릅니다. 접수 후 보정·진행 상황을 공유하고 완료·후속 조치를 안내합니다. 신분증·인감증명서(사건에 따라 주민등록등본 등) 등기부등본·계약서·협의서 등 사건 관련 핵심 서류 가족관계증명서·재산 목록(상속·가사 해당 시) 기장상속등기 기장 법무사 상속등기 지역별 업무 상황 회생·파산 경로,523,0,,기장군 부동산등기>/기장군부동산등기 || 기장군 법무사>/기장군법무사 || 기장읍 법무사>/기장읍법무사 || 부산 전역 업무 선택 안내>/부산법무사 || 상속등기 상세>/services/inheritance-registration || 업무안내>/services || FAQ>/faq || 상담 문의>/contact || 부산 상속등기 허브로 돌아가기>/부산상속등기 || 부산 상속 법무사>/부산상속법무사 || 부산 상속재산분할>/부산상속재산분할법무사 || 부산 상속등기 비용 안내>/상속등기비용,홈 > 기장 상속등기,yes,WebPage+FAQ,,SERP_UNVERIFIED,inheritance-supporting,inheritance-registration,기장상속등기문의는소재지·채무·협의상태에따라준비순서가달라집니다.기장읍토지·전원주택상속등기수요가있는지역입니다.피상속인사망후부동산·토지등기명의를상속인
/사직동상속등기,generated,"index,follow",yes,/사직동상속등기,사직동 상속등기 안내 | 다옴법무사사무소,사직동 상속등기 절차·필요서류·비용·관할 등기소 안내. 해운대·센텀 다옴법무사사무소에서 상담 가능합니다. 해운대·센텀 다옴법무사사무소에서 전화·카카오톡·방문(예약) 상담이 가능합니다.,사직동 상속등기 안내 | 다옴법무사사무소,사직동 상속등기 절차·필요서류·비용·관할 등기소 안내. 해운대·센텀 다옴법무사사무소에서 상담 가능합니다. 해운대·센텀 다옴법무사사무소에서 전화·카카오톡·방문(예약) 상담이 가능합니다.,사직동 상속등기 안내,지역별 업무 상황 | 상속등기에서 자주 놓치는 점 | 관할·실무 포인트 | 준비 서류 | 비용·일정 참고 | 관련 허브로 이어가기,사직동 상속등기 문의는 소재지·채무·협의 상태에 따라 준비 순서가 달라집니다. 사직·온천 일대 재건축·주택 상속 사건이 있는 동입니다. 피상속인 사망 후 부동산·토지 등기명의를 상속인 명의로 이전하는 절차입니다. 부산 전역 아파트·상가·토지 상속 사건을 다룹니다. 상담 시 서류·일정·비용 범위를 항목별로 안내합니다. 사직·온천 일대 재건축·주택 상속 사건이 있는 동입니다. 피상속인 사망 후 부동산·토지 등기명의를 상속인 명의로 이전하는 절차입니다. 부산 전역 아파트·상가·토지 상속 사건을 다룹니다. 사직동 사건의 관할(법원·등기소)과 기한을 확인합니다. 당사자·권리관계·근저당 유무를 확인한 뒤 접수 체크리스트를 만듭니다. 접수 후 보정·진행 상황을 공유하고 완료·후속 조치를 안내합니다. 신분증·인감증명서(사건에 따라 주민등록등본 등) 등기부등본·계약서·협의서 등 사건 관련 핵심 서류 가족관계증명서·재산 목록(상속·가사 해당 시) 사직동상속등기 사직동 법무사 상속등기 지역별 업무 상황,499,0,,상속등기 상세>/services/inheritance-registration || 업무안내>/services || FAQ>/faq || 상담 문의>/contact || 부산 상속등기 허브로 돌아가기>/부산상속등기 || 부산 상속 법무사>/부산상속법무사 || 부산 상속재산분할>/부산상속재산분할법무사 || 부산 상속등기 비용 안내>/상속등기비용 || 부산 상속등기 필요서류>/상속등기필요서류 || 부산 상속등기 기간·기한>/상속등기기간 || 부산 상속포기 절차>/부산상속포기 || 부산 한정승인 안내>/부산한정승인,홈 > 사직동 상속등기,yes,WebPage+FAQ,,SERP_UNVERIFIED,inheritance-supporting,inheritance-registration,사직동상속등기문의는소재지·채무·협의상태에따라준비순서가달라집니다.사직·온천일대재건축·주택상속사건이있는동입니다.피상속인사망후부동산·토지등기명의를상속
/온천동상속등기,generated,"index,follow",yes,/온천동상속등기,온천동 상속등기 안내 | 다옴법무사사무소,온천동 상속등기 절차·필요서류·비용·관할 등기소 안내. 해운대·센텀 다옴법무사사무소에서 상담 가능합니다. 해운대·센텀 다옴법무사사무소에서 전화·카카오톡·방문(예약) 상담이 가능합니다.,온천동 상속등기 안내 | 다옴법무사사무소,온천동 상속등기 절차·필요서류·비용·관할 등기소 안내. 해운대·센텀 다옴법무사사무소에서 상담 가능합니다. 해운대·센텀 다옴법무사사무소에서 전화·카카오톡·방문(예약) 상담이 가능합니다.,온천동 상속등기 안내,지역별 업무 상황 | 상속등기에서 자주 놓치는 점 | 관할·실무 포인트 | 준비 서류 | 비용·일정 참고 | 관련 허브로 이어가기,상속등기를 온천동 기준으로 볼 때는 동일 절차라도 등기소·법원 창구가 사건별로 갈릴 수 있습니다. 온천동 주택·상가 상속·등기 문의가 있는 동입니다. 피상속인 사망 후 부동산·토지 등기명의를 상속인 명의로 이전하는 절차입니다. 부산 전역 아파트·상가·토지 상속 사건을 다룹니다. 상담 시 서류·일정·비용 범위를 항목별로 안내합니다. 온천동 주택·상가 상속·등기 문의가 있는 동입니다. 피상속인 사망 후 부동산·토지 등기명의를 상속인 명의로 이전하는 절차입니다. 부산 전역 아파트·상가·토지 상속 사건을 다룹니다. 온천동 사건의 관할(법원·등기소)과 기한을 확인합니다. 필요 서류·협의 사항을 정리하고 신청서·위임장을 검토합니다. 접수 후 보정·진행 상황을 공유하고 완료·후속 조치를 안내합니다. 신분증·인감증명서(사건에 따라 주민등록등본 등) 등기부등본·계약서·협의서 등 사건 관련 핵심 서류 가족관계증명서·재산 목록(상속·가사 해당 시) 온천동상속등기 온천동 법무사 상속등기 지역별 업무 상황,524,0,,동래구 상속등기>/동래구상속등기 || 동래구 부동산등기>/동래구부동산등기 || 부산 전역 업무 선택 안내>/부산법무사 || 상속등기 상세>/services/inheritance-registration || 업무안내>/services || FAQ>/faq || 상담 문의>/contact || 부산 상속등기 허브로 돌아가기>/부산상속등기 || 부산 상속 법무사>/부산상속법무사 || 부산 상속재산분할>/부산상속재산분할법무사 || 부산 상속등기 비용 안내>/상속등기비용 || 부산 상속등기 필요서류>/상속등기필요서류,홈 > 온천동 상속등기,yes,WebPage+FAQ,,SERP_UNVERIFIED,inheritance-supporting,inheritance-registration,상속등기를온천동기준으로볼때는동일절차라도등기소·법원창구가사건별로갈릴수있습니다.온천동주택·상가상속·등기문의가있는동입니다.피상속인사망후부동산·토지등기
/부곡동상속등기,generated,"index,follow",yes,/부곡동상속등기,부곡동 상속등기 안내 | 다옴법무사사무소,부곡동 상속등기 절차·필요서류·비용·관할 등기소 안내. 해운대·센텀 다옴법무사사무소에서 상담 가능합니다. 해운대·센텀 다옴법무사사무소에서 전화·카카오톡·방문(예약) 상담이 가능합니다.,부곡동 상속등기 안내 | 다옴법무사사무소,부곡동 상속등기 절차·필요서류·비용·관할 등기소 안내. 해운대·센텀 다옴법무사사무소에서 상담 가능합니다. 해운대·센텀 다옴법무사사무소에서 전화·카카오톡·방문(예약) 상담이 가능합니다.,부곡동 상속등기 안내,지역별 업무 상황 | 상속등기에서 자주 놓치는 점 | 관할·실무 포인트 | 준비 서류 | 비용·일정 참고 | 관련 허브로 이어가기,상속등기를 부곡동 기준으로 볼 때는 동일 절차라도 등기소·법원 창구가 사건별로 갈릴 수 있습니다. 부곡동 다가구·상가 상속·한정승인 사건이 있는 동입니다. 피상속인 사망 후 부동산·토지 등기명의를 상속인 명의로 이전하는 절차입니다. 부산 전역 아파트·상가·토지 상속 사건을 다룹니다. 상담 시 서류·일정·비용 범위를 항목별로 안내합니다. 부곡동 다가구·상가 상속·한정승인 사건이 있는 동입니다. 피상속인 사망 후 부동산·토지 등기명의를 상속인 명의로 이전하는 절차입니다. 부산 전역 아파트·상가·토지 상속 사건을 다룹니다. 부곡동 사건의 관할(법원·등기소)과 기한을 확인합니다. 당사자·권리관계·근저당 유무를 확인한 뒤 접수 체크리스트를 만듭니다. 접수 후 보정·진행 상황을 공유하고 완료·후속 조치를 안내합니다. 신분증·인감증명서(사건에 따라 주민등록등본 등) 등기부등본·계약서·협의서 등 사건 관련 핵심 서류 가족관계증명서·재산 목록(상속·가사 해당 시) 부곡동상속등기 부곡동 법무사 상속등,536,0,,상속등기 상세>/services/inheritance-registration || 업무안내>/services || FAQ>/faq || 상담 문의>/contact || 부산 상속등기 허브로 돌아가기>/부산상속등기 || 부산 상속 법무사>/부산상속법무사 || 부산 상속재산분할>/부산상속재산분할법무사 || 부산 상속등기 비용 안내>/상속등기비용 || 부산 상속등기 필요서류>/상속등기필요서류 || 부산 상속등기 기간·기한>/상속등기기간 || 부산 상속포기 절차>/부산상속포기 || 부산 한정승인 안내>/부산한정승인,홈 > 부곡동 상속등기,yes,WebPage+FAQ,,SERP_UNVERIFIED,inheritance-supporting,inheritance-registration,상속등기를부곡동기준으로볼때는동일절차라도등기소·법원창구가사건별로갈릴수있습니다.부곡동다가구·상가상속·한정승인사건이있는동입니다.피상속인사망후부동산·토
/상속포기과태료,generated,"index,follow",yes,/상속포기과태료,상속포기 과태료 안내 | 다옴법무사사무소,상속포기 과태료 정리. 사건별 준비 서류·기한·수임료 범위를 투명하게 설명드립니다. 해운대·센텀 다옴법무사사무소에서 전화·카카오톡·방문(예약) 상담이 가능합니다.,상속포기 과태료 안내 | 다옴법무사사무소,상속포기 과태료 정리. 사건별 준비 서류·기한·수임료 범위를 투명하게 설명드립니다. 해운대·센텀 다옴법무사사무소에서 전화·카카오톡·방문(예약) 상담이 가능합니다.,상속포기 과태료 안내,비용이 달라지는 이유 | 상속포기에서 자주 놓치는 점 | 상속포기 과태료 초점에서 볼 것 | 보수표·실비 | 준비 서류 | 사건 난이도별 견적 | 검색 의도별 다음 안내,상속포기 과태료 관련 안내는 지연 등기·신고가 문제될 수 있는 조건을 중심으로 봅니다. 이미 기한이 지난 경우에도 다음 조치 선택지를 상담에서 정리합니다. 상속 재산보다 채무가 많을 때 상속을 포기하는 가사 신고 절차입니다. 부산가정법원 관할 사건을 안내합니다. 다옴법무사사무소는 부산 전역 사건을 다루며 과태료 관련 범위를 항목별로 정리합니다. 부산은 관할 법원·등기소가 사건별로 달라 사전 정리가 중요한 지역입니다. 상속 재산보다 채무가 많을 때 상속을 포기하는 가사 신고 절차입니다. 부산가정법원 관할 사건을 안내합니다. 부산 사건의 관할(법원·등기소)과 기한을 확인합니다. 필요 서류·협의 사항을 정리하고 신청서·위임장을 검토합니다. 접수 후 보정·진행 상황을 공유하고 완료·후속 조치를 안내합니다. 신분증·인감증명서(사건에 따라 주민등록등본 등) 등기부등본·계약서·협의서 등 사건 관련 핵심 서류 가족관계증명서·재산 목록(상속·가사 해당 시) 상속포기과태료 상속포기 과태료 다옴법무사사,503,0,,상속포기 상세>/services/inheritance-renunciation || 업무안내>/services || FAQ>/faq || 상담 문의>/contact || 부산 법무사 비용 허브로 돌아가기>/부산법무사비용 || 부산 법무사 보수표>/부산법무사보수표 || 상속등기 비용>/상속등기비용 || 법인설립등기 비용>/법인설립등기비용 || 개인회생 비용>/개인회생비용 || 상속포기 비용>/상속포기비용 || 한정승인 비용>/한정승인비용 || 부산 상속등기>/부산상속등기,홈 > 상속포기 과태료,yes,WebPage+FAQ,,SERP_UNVERIFIED,renunciation-supporting,inheritance-renunciation,상속포기과태료관련안내는지연등기·신고가문제될수있는조건을중심으로봅니다.이미기한이지난경우에도다음조치선택지를상담에서정리합니다.상속재산보다채무가많을때상속
/한정승인과태료,generated,"index,follow",yes,/한정승인과태료,한정승인 과태료 안내 | 다옴법무사사무소,한정승인 과태료 정리. 사건별 준비 서류·기한·수임료 범위를 투명하게 설명드립니다. 해운대·센텀 다옴법무사사무소에서 전화·카카오톡·방문(예약) 상담이 가능합니다.,한정승인 과태료 안내 | 다옴법무사사무소,한정승인 과태료 정리. 사건별 준비 서류·기한·수임료 범위를 투명하게 설명드립니다. 해운대·센텀 다옴법무사사무소에서 전화·카카오톡·방문(예약) 상담이 가능합니다.,한정승인 과태료 안내,비용이 달라지는 이유 | 한정승인에서 자주 놓치는 점 | 한정승인 과태료 초점에서 볼 것 | 보수표·실비 | 준비 서류 | 사건 난이도별 견적 | 검색 의도별 다음 안내,한정승인 과태료 관련 안내는 지연 등기·신고가 문제될 수 있는 조건을 중심으로 봅니다. 이미 기한이 지난 경우에도 다음 조치 선택지를 상담에서 정리합니다. 상속 재산 범위 내에서만 채무를 변제하고 상속을 승인하는 절차입니다. 채무 조사 후 상속등기와 연계됩니다. 다옴법무사사무소는 부산 전역 사건을 다루며 과태료 관련 범위를 항목별로 정리합니다. 부산은 관할 법원·등기소가 사건별로 달라 사전 정리가 중요한 지역입니다. 상속 재산 범위 내에서만 채무를 변제하고 상속을 승인하는 절차입니다. 채무 조사 후 상속등기와 연계됩니다. 부산 사건의 관할(법원·등기소)과 기한을 확인합니다. 필요 서류·협의 사항을 정리하고 신청서·위임장을 검토합니다. 접수 후 보정·진행 상황을 공유하고 완료·후속 조치를 안내합니다. 신분증·인감증명서(사건에 따라 주민등록등본 등) 등기부등본·계약서·협의서 등 사건 관련 핵심 서류 가족관계증명서·재산 목록(상속·가사 해당 시) 한정승인과태료 한정승인 과태료 다옴법무사사,526,0,,한정승인 상세>/services/qualified-acceptance || 업무안내>/services || FAQ>/faq || 상담 문의>/contact || 부산 법무사 비용 허브로 돌아가기>/부산법무사비용 || 부산 법무사 보수표>/부산법무사보수표 || 상속등기 비용>/상속등기비용 || 법인설립등기 비용>/법인설립등기비용 || 개인회생 비용>/개인회생비용 || 상속포기 비용>/상속포기비용 || 한정승인 비용>/한정승인비용 || 부산 상속등기>/부산상속등기,홈 > 한정승인 과태료,yes,WebPage+FAQ,,SERP_UNVERIFIED,qualified-supporting,qualified-acceptance,한정승인과태료관련안내는지연등기·신고가문제될수있는조건을중심으로봅니다.이미기한이지난경우에도다음조치선택지를상담에서정리합니다.상속재산범위내에서만채무를변
/동부지원상속등기,generated,"index,follow",yes,/동부지원상속등기,동부지원 상속등기 | 다옴법무사사무소,"동부지원 상속등기 관련 절차·비용·서류 안내. 부산 전역 사건 상담, 전화·카카오톡 문의 가능합니다. 해운대·센텀 다옴법무사사무소에서 전화·카카오톡·방문(예약) 상담이 가능합니다.",동부지원 상속등기 | 다옴법무사사무소,"동부지원 상속등기 관련 절차·비용·서류 안내. 부산 전역 사건 상담, 전화·카카오톡 문의 가능합니다. 해운대·센텀 다옴법무사사무소에서 전화·카카오톡·방문(예약) 상담이 가능합니다.",동부지원 상속등기,관할 확인 | 상속등기에서 자주 놓치는 점 | 접수 전 확인사항 | 준비 서류 | 서류 보정 대응,동부지원 상속등기 관련 문의는 검색 키워드만으로 절차가 결정되지 않는 경우가 많습니다. 피상속인 사망 후 부동산·토지 등기명의를 상속인 명의로 이전하는 절차입니다. 부산 전역 아파트·상가·토지 상속 사건을 다룹니다. 부산광역시 전역 상속등기·부동산등기·법인등기·개인회생·파산 등 법무사 업무를 다루는 핵심 지역입니다. 다옴법무사사무소는 상황을 듣고 다음 단계부터 정리합니다. 부산광역시 전역 상속등기·부동산등기·법인등기·개인회생·파산 등 법무사 업무를 다루는 핵심 지역입니다. 피상속인 사망 후 부동산·토지 등기명의를 상속인 명의로 이전하는 절차입니다. 부산 전역 아파트·상가·토지 상속 사건을 다룹니다. 부산 사건의 관할(법원·등기소)과 기한을 확인합니다. 전자등기·방문 접수·보정 대응 중 가능한 방식을 먼저 고릅니다. 접수 후 보정·진행 상황을 공유하고 완료·후속 조치를 안내합니다. 신분증·인감증명서(사건에 따라 주민등록등본 등) 등기부등본·계약서·협의서 등 사건 관련 핵심 서류 가족관,521,0,,상속등기 상세>/services/inheritance-registration || 업무안내>/services || FAQ>/faq || 상담 문의>/contact || 부산 법원·등기소 법무사 허브로 돌아가기>/부산지방법원등기국 || 부산지방법원 법무사>/부산지방법원법무사 || 동부지원 법무사>/부산지방법원동부지원법무사 || 동부지원 등기과>/부산지방법원동부지원등기과 || 남부산등기소 법무사>/남부산등기소법무사 || 북부산등기소 법무사>/북부산등기소법무사 || 중부산등기소 법무사>/중부산등기소법무사 || 부산진등기소 법무사>/부산진등기소법무사,홈 > 동부지원 상속등기,yes,WebPage+FAQ,,SERP_UNVERIFIED,inheritance-supporting,inheritance-registration,동부지원상속등기관련문의는검색키워드만으로절차가결정되지않는경우가많습니다.피상속인사망후부동산·토지등기명의를상속인명의로이전하는절차입니다.부산전역아파트·
/부곡동한정승인,generated,"index,follow",yes,/부곡동한정승인,부곡동 한정승인 안내 | 다옴법무사사무소,부곡동 한정승인 절차·필요서류·비용·관할 등기소 안내. 해운대·센텀 다옴법무사사무소에서 상담 가능합니다. 해운대·센텀 다옴법무사사무소에서 전화·카카오톡·방문(예약) 상담이 가능합니다.,부곡동 한정승인 안내 | 다옴법무사사무소,부곡동 한정승인 절차·필요서류·비용·관할 등기소 안내. 해운대·센텀 다옴법무사사무소에서 상담 가능합니다. 해운대·센텀 다옴법무사사무소에서 전화·카카오톡·방문(예약) 상담이 가능합니다.,부곡동 한정승인 안내,지역별 업무 상황 | 한정승인에서 자주 놓치는 점 | 관할·실무 포인트 | 준비 서류 | 비용·일정 참고 | 관련 허브로 이어가기,한정승인을 부곡동 기준으로 볼 때는 동일 절차라도 등기소·법원 창구가 사건별로 갈릴 수 있습니다. 부곡동 다가구·상가 상속·한정승인 사건이 있는 동입니다. 상속 재산 범위 내에서만 채무를 변제하고 상속을 승인하는 절차입니다. 채무 조사 후 상속등기와 연계됩니다. 상담 시 서류·일정·비용 범위를 항목별로 안내합니다. 부곡동 다가구·상가 상속·한정승인 사건이 있는 동입니다. 상속 재산 범위 내에서만 채무를 변제하고 상속을 승인하는 절차입니다. 채무 조사 후 상속등기와 연계됩니다. 부곡동 사건의 관할(법원·등기소)과 기한을 확인합니다. 필요 서류·협의 사항을 정리하고 신청서·위임장을 검토합니다. 접수 후 보정·진행 상황을 공유하고 완료·후속 조치를 안내합니다. 신분증·인감증명서(사건에 따라 주민등록등본 등) 등기부등본·계약서·협의서 등 사건 관련 핵심 서류 가족관계증명서·재산 목록(상속·가사 해당 시) 부곡동한정승인 부곡동 법무사 한정승인 지역별 업무 상황 미성년·해외 상속인이 있으면 특,481,0,,한정승인 상세>/services/qualified-acceptance || 업무안내>/services || FAQ>/faq || 상담 문의>/contact || 부산 한정승인 허브로 돌아가기>/부산한정승인 || 한정승인 비용>/한정승인비용 || 한정승인 기한>/한정승인기간 || 부산 상속포기>/부산상속포기 || 부산 상속등기>/부산상속등기 || 부산가정법원 한정승인>/부산가정법원상속 || 한정승인 상담 사례>/services/cases/dongnae-qualified-acceptance-consultation || 한정승인 절차 FAQ>/faq/qualified-acceptance-procedure,홈 > 부곡동 한정승인,yes,WebPage+FAQ,,SERP_UNVERIFIED,qualified-supporting,qualified-acceptance,한정승인을부곡동기준으로볼때는동일절차라도등기소·법원창구가사건별로갈릴수있습니다.부곡동다가구·상가상속·한정승인사건이있는동입니다.상속재산범위내에서만채무
/온천동법무사,generated,"index,follow",yes,/온천동법무사,온천동 법무사 | 온천장·동래읍성 상속·매매,온천동 법무사 상담. 온천장 상업·구축 주택 상속·매매등기. 다옴법무사사무소는 해운대 센텀에서 직접 상담합니다.,온천동 법무사 | 온천장·동래읍성 상속·매매,온천동 법무사 상담. 온천장 상업·구축 주택 상속·매매등기. 다옴법무사사무소는 해운대 센텀에서 직접 상담합니다.,"온천동 법무사, 온천장·동래읍성에서 상속·매매를 볼 때",온천장·동래읍성 생활권에서 먼저 확인할 업무 | 동래구 허브·부동산등기와의 구분 | 온천장 상가·구축 주택을 동시에 볼 때 | 상담 시 확인하는 내용 | 상담 시 확인하는 내용,"온천동 법무사를 찾으시면 온천장·동래읍성·온천천 생활권의 구축 주택·상가 상속과 매매등기를 이 페이지에서 연결하시면 됩니다. 사직동 야구장·재건축 각도는 사직동 안내, 동래구 전체는 동래구 안내를 함께 보시면 됩니다. 온천동 법무사를 찾으시면 온천장·동래읍성·온천천 생활권의 구축 주택·상가 상속과 매매등기를 이 페이지에서 연결하시면 됩니다. 사직동 야구장·재건축 각도는 사직동 안내, 동래구 전체는 동래구 안내를 함께 보시면 됩니다. 관할 등기소·법원 확인 등기 원인·당사자·권리관계 정리 필요 서류·기한 안내 접수·보정·완료까지 단계별 진행 등기부등본(최신) 신분증·인감증명서 매매·임대차·증여 계약서(해당 시) 가족관계·상속 관련 서류(해당 시) 부동산·본점 주소 잔금일·상속 개시일·법인 변경일 근저당·전세권·가압류 유무 준비된 서류 온천장·동래읍성 생활권에서 먼저 확인할 업무 구축 아파트·단독주택 상속, 온천장 상가 매매, 전세권 말소 후 이전이 자주 이어집니다. 사직동 재건축 각도",320,2,/동래구법무사::온천동 법무사 || /안락동법무사::온천동 법무사,동래구 상속등기>/동래구상속등기 || 동래구 부동산등기>/동래구부동산등기 || 부산 전역 업무 선택 안내>/부산법무사 || 업무 상세>/services/inheritance-registration || 업무안내>/services || FAQ>/faq || 상담 문의>/contact || 부산 상속등기 허브로 돌아가기>/부산상속등기 || 부산 상속 법무사>/부산상속법무사 || 부산 상속재산분할>/부산상속재산분할법무사 || 부산 상속등기 비용 안내>/상속등기비용 || 부산 상속등기 필요서류>/상속등기필요서류,홈 > 온천동 법무사,yes,WebPage+FAQ,,SERP_UNVERIFIED,other,inheritance-registration,"온천동법무사를찾으시면온천장·동래읍성·온천천생활권의구축주택·상가상속과매매등기를이페이지에서연결하시면됩니다.사직동야구장·재건축각도는사직동안내,동래구전"
/장전동법무사,generated,"index,follow",yes,/장전동법무사,장전동 법무사 | 부산대·장전역 원룸·다가구,장전동 법무사 상담. 부산대·장전역 원룸·다가구 매매·상속. 부곡동 한정승인과 각도를 나눕니다. 해운대 센텀 다옴법무사사무소.,장전동 법무사 | 부산대·장전역 원룸·다가구,장전동 법무사 상담. 부산대·장전역 원룸·다가구 매매·상속. 부곡동 한정승인과 각도를 나눕니다. 해운대 센텀 다옴법무사사무소.,"장전동 법무사, 대학가 원룸·다가구 매매·상속을 볼 때",장전·부산대 생활권에서 먼저 확인할 점 | 부곡동 한정승인 안내와의 구분 | 금정구 부동산등기와의 연결 | 상담 시 확인하는 내용 | 상담 시 확인하는 내용,장전동 법무사를 찾으시면 부산대·장전역 인근 원룸·다가구·상가주택의 매매·상속을 이 페이지에서 연결하시면 됩니다. 부곡동 한정승인·임대채무는 부곡동 안내가 더 가깝습니다. 장전동 법무사를 찾으시면 부산대·장전역 인근 원룸·다가구·상가주택의 매매·상속을 이 페이지에서 연결하시면 됩니다. 부곡동 한정승인·임대채무는 부곡동 안내가 더 가깝습니다. 관할 등기소·법원 확인 등기 원인·당사자·권리관계 정리 필요 서류·기한 안내 접수·보정·완료까지 단계별 진행 등기부등본(최신) 신분증·인감증명서 매매·임대차·증여 계약서(해당 시) 가족관계·상속 관련 서류(해당 시) 부동산·본점 주소 잔금일·상속 개시일·법인 변경일 근저당·전세권·가압류 유무 준비된 서류 장전·부산대 생활권에서 먼저 확인할 점 학생·직장 임차인이 많은 다가구는 보증금 목록과 담보대출을 상속 판단 전에 보는 경우가 있습니다. 단순 매매라면 잔금·근저당 말소 순서를 맞춥니다. 부곡동 한정승인 안내와의 구분 부곡동은 임대채무·한정승인 ,297,2,/금정구법무사::장전동 법무사 || /구서동법무사::장전동 법무사,금정구 법무사>/금정구법무사 || 금정구 부동산등기>/금정구부동산등기 || 부산 전역 업무 선택 안내>/부산법무사 || 업무 상세>/services/real-estate-registration || 업무안내>/services || FAQ>/faq || 상담 문의>/contact || 부산 부동산등기 허브로 돌아가기>/부산부동산등기 || 부산 소유권이전등기>/부산소유권이전등기 || 신축건물 보존등기>/부산신축건물보존등기 || 공공기관 등기업무>/공공기관등기업무 || 소유권이전등기 필요서류>/소유권이전등기서류,홈 > 장전동 법무사,yes,WebPage+FAQ,,SERP_UNVERIFIED,other,real-estate-registration,장전동법무사를찾으시면부산대·장전역인근원룸·다가구·상가주택의매매·상속을이페이지에서연결하시면됩니다.부곡동한정승인·임대채무는부곡동안내가더가깝습니다.장
/상속,generated,"index,follow",yes,/상속,상속등기·포기·한정승인｜전국·부산 상담 | 다옴법무사사무소,"상속 법무 종합 안내. 전국 상속등기·유증등기, 부산 상속포기·한정승인·재산분할. 다옴법무사사무소 안윤정 법무사가 절차·서류·비용·기한을 실무 기준으로 안내합니다.",상속등기·포기·한정승인｜전국·부산 상담 | 다옴법무사사무소,"상속 법무 종합 안내. 전국 상속등기·유증등기, 부산 상속포기·한정승인·재산분할. 다옴법무사사무소 안윤정 법무사가 절차·서류·비용·기한을 실무 기준으로 안내합니다.",상속등기·상속포기·한정승인·전국 상속 상담,시간 순서: 장례 직후부터 상담까지 | 특수 가족·장기 미정리 | 어디 지역 상속인가요? | 상속 절차별 안내 | 비용·서류·기간 | 부산 지역·법원 안내,"이 페이지는 가족 사망 후 어떤 절차가 필요한지 처음부터 확인하는 상속 종합 안내입니다. 부산에서 상속 법무사·법무사 상속 상담을 찾는다면 부산 상속 법무사 안내가 대표 페이지입니다. 상속이 발생하면 등기·가정법원 신고·채무 조사를 어떤 순서로 진행해야 할지 막막한 경우가 많습니다. 부동산이 부산에 있지 않아도 전국 상속등기를 상담할 수 있고, 상속포기·한정승인은 법정 관할을 지키면서 비대면으로 진행할 수 있습니다. 상속 개시 후 3개월은 주로 포기·한정승인 검토와 관련된 기간이며, 상속등기·취득세 신고기한과 혼동하지 않도록 구분해 안내합니다. 다옴법무사사무소는 전화·카카오톡·방문(예약)으로 상담하며 필요 서류와 비용을 항목별로 설명합니다. 원본서류·본인확인·해외서류가 필요하면 사건별로 추가 절차를 안내하며, 모든 사건이 완전 비대면이라고 단정하지 않습니다. 상속 절차는 상속인 구성·채무·부동산 유무에 따라 필요한 서류와 순서가 달라질 수 있습니다. 다옴법무사사무소 안윤정 법무사가 ",497,53,/상속등기자가진단::부산 상속 종합 허브 || /부산상속등기::상속 종합 허브 — 단계별 안내 || /부산상속포기::상속 종합 허브 || /부산상속포기::상속 || /부산한정승인::상속 종합 허브 || /부산상속법무사::상속 종합 허브 || /부산상속법무사::상속 || /부산상속재산분할법무사::상속 종합 허브 || /부모님사망후해야할일::상속 종합 안내 || /장례후재산채무정리::상속 종합 안내 || /사망신고와상속등기차이::상속 종합 안내 || /안심상속원스톱서비스이후::상속 종합 안내,관할·법원 안내>/부산가정법원상속 || 비용 안내>/상속등기비용 || 필요 서류>/상속등기필요서류 || 부동산등기 안내>/부동산등기 || 가족후견 안내>/가족후견 || 개인회생파산 안내>/개인회생파산 || 부모님 사망 후 해야 할 일>/부모님사망후해야할일 || 장례 후 재산·채무 정리>/장례후재산채무정리 || 사망신고와 상속등기의 차이>/사망신고와상속등기차이 || 안심상속 신청 후 할 일>/안심상속원스톱서비스이후 || 부산 상속등기 허브로 돌아가기>/부산상속등기 || 부산 상속 법무사>/부산상속법무사,홈 > 업무안내 > 상속등기·포기·한정승인｜전국·부산 상담,yes,WebPage,,SERP_UNVERIFIED,informational-hub,inheritance-registration,이페이지는가족사망후어떤절차가필요한지처음부터확인하는상속종합안내입니다.부산에서상속법무사·법무사상속상담을찾는다면부산상속법무사안내가대표페이지입니다.상속
/가족후견,generated,"index,follow",yes,/가족후견,성년후견·가사비송｜가족·상속 특별대리 | 다옴법무사사무소,부산 성년후견·한정후견·임의후견·가사비송·상속특별대리인. 부산가정법원 관할 안내. 다옴법무사사무소. 해운대·센텀 다옴법무사사무소에서 전화·카카오톡·방문(예약) 상담이 가능합니다.,성년후견·가사비송｜가족·상속 특별대리 | 다옴법무사사무소,부산 성년후견·한정후견·임의후견·가사비송·상속특별대리인. 부산가정법원 관할 안내. 다옴법무사사무소. 해운대·센텀 다옴법무사사무소에서 전화·카카오톡·방문(예약) 상담이 가능합니다.,부산 성년후견·가사비송·상속특별대리인 상담,후견·특별대리인 | 한정후견·임의후견과 성년후견 | 상속·가족관계 | 상담 시 확인하는 내용,"성년후견·한정후견·임의후견은 가정법원 가사 사건으로, 신청 사유와 감정·조사 절차에 따라 소요 기간이 달라집니다. 상속이 진행 중인데 상속인이 행방불명이거나 미성년자인 경우 상속특별대리인·미성년자특별대리인 선임이 필요할 수 있습니다. 가족관계등록 정정·개명·실종선고 등도 가사비송 절차입니다. 다옴법무사사무소는 부산가정법원 관할과 준비서류를 안내합니다. 후견·가사 사건은 가족 관계와 피성년·피후견인 상황에 따라 신청 요건이 달라집니다. 상담 시 기본 사실관계를 확인해드리겠습니다. 현재 상황과 목표를 전화·메시지·방문(예약)으로 확인합니다. 관할 법원·등기소와 필요 서류를 사건별로 정리해 안내합니다. 서류 작성·보정이 필요하면 단계별로 검토합니다. 접수 후 진행 상황을 공유하고 완료·후속 조치까지 확인합니다. 신분증·인감증명서(사건에 따라 주민등록등본 등) 등기부등본·계약서·협의서 등 사건 관련 핵심 서류 가족관계증명서·재산 목록(상속·가사 해당 시) 기타 상담 시 추가로 요청드리는 서",344,6,/성년후견자가진단::가족후견 허브 || /부산유언검인::성년후견·가사비송 허브 || /부산개명허가::성년후견·가사비송 허브 || /부산부재자재산관리인::성년후견·가사비송 허브 || /부산상속재산관리인::성년후견·가사비송 허브 || /상속::가족후견 안내,관할·법원 안내>/부산가정법원상속 || 필요 서류>/성년후견자가진단 || 상속 안내>/상속 || 특별대리인 자가진단>/특별대리인자가진단 || 미성년 상속인·특별대리>/미성년상속인 || 부재자재산관리인 선임 전 확인>/부산부재자재산관리인 || 부산 상속포기 허브로 돌아가기>/부산상속포기 || 상속포기 비용>/상속포기비용 || 상속포기 필요서류>/상속포기필요서류 || 부산 한정승인 비교>/부산한정승인 || 부산가정법원 상속포기>/부산가정법원상속포기 || 부산 상속등기>/부산상속등기,홈 > 업무안내 > 성년후견·가사비송｜가족·상속 특별대리,yes,WebPage,,SERP_UNVERIFIED,other,inheritance-renunciation,"성년후견·한정후견·임의후견은가정법원가사사건으로,신청사유와감정·조사절차에따라소요기간이달라집니다.상속이진행중인데상속인이행방불명이거나미성년자인경우상속"
/situations,generated,"index,follow",yes,/situations,상황별 법률문제｜상속·전세·법인·채무 | 다옴법무사사무소,"상속·등기·전세·법인·채무 등 생활 속 법률문제를 상황별로 정리했습니다. 먼저 확인할 것, 혼자 처리 가능 여부, 필요 서류와 절차, 관련 자가진단·FAQ·업무안내 링크를 제공합니다.",상황별 법률문제｜상속·전세·법인·채무 | 다옴법무사사무소,"상속·등기·전세·법인·채무 등 생활 속 법률문제를 상황별로 정리했습니다. 먼저 확인할 것, 혼자 처리 가능 여부, 필요 서류와 절차, 관련 자가진단·FAQ·업무안내 링크를 제공합니다.","지금 겪는 문제, 어디서부터 확인해야 할까요?",분류별 안내 | 상황별 안내 목록 | 상담 시 확인하는 내용,"상속·등기·전세·법인·채무처럼 업무명을 모를 때도 괜찮습니다. 실제로 많이 검색하는 생활 상황별로, 먼저 확인할 것·혼자 가능한 범위·상담이 필요한 경우를 정리했습니다. 부산·해운대·센텀에 있는 다옴법무사사무소가 절차와 서류를 함께 검토해 드립니다. 상속·등기·전세·법인·채무처럼 업무명을 모를 때도 괜찮습니다. 실제로 많이 검색하는 생활 상황별로, 먼저 확인할 것·혼자 가능한 범위·상담이 필요한 경우를 정리했습니다. 부산·해운대·센텀에 있는 다옴법무사사무소가 절차와 서류를 함께 검토해 드립니다. 현재 상황과 목표를 전화·메시지·방문(예약)으로 확인합니다. 관할 법원·등기소와 필요 서류를 사건별로 정리해 안내합니다. 서류 작성·보정이 필요하면 단계별로 검토합니다. 접수 후 진행 상황을 공유하고 완료·후속 조치까지 확인합니다. 신분증·인감증명서(사건에 따라 주민등록등본 등) 등기부등본·계약서·협의서 등 사건 관련 핵심 서류 가족관계증명서·재산 목록(상속·가사 해당 시) 기타 상담 시 추",261,99,/전세사기피해대응절차::상황별 법률문제 || /무슨법률업무인지모를때::상황별 안내 || /situations/분류/가족-사망-상속::상황별 법률문제 전체 || /situations/분류/가족-사망-상속::상황별 법률문제 || /situations/분류/전세-임대차-보증금::상황별 법률문제 전체 || /situations/분류/전세-임대차-보증금::상황별 법률문제 || /situations/분류/부동산-매매-증여-등기::상황별 법률문제 전체 || /situations/분류/부동산-매매-증여-등기::상황별 법률문제 || /situations/분류/개인채무-회생-파산::상황별 법률문제 전체 || /situations/분류/개인채무-회생-파산::상황별 법률문제 || /situations/분류/법인-사업-운영::상황별 법률문제 전체 || /situations/분류/법인-사업-운영::상황별 법률문제,가족 사망·상속>/situations/분류/가족-사망-상속 || 전세·임대차·보증금>/situations/분류/전세-임대차-보증금 || 부동산 매매·증여·등기>/situations/분류/부동산-매매-증여-등기 || 개인채무·회생·파산>/situations/분류/개인채무-회생-파산 || 법인·사업 운영>/situations/분류/법인-사업-운영 || 돈을 받지 못한 경우>/situations/분류/돈을-받지-못한-경우 || 계약·일상 분쟁>/situations/분류/계약-일상-분쟁 || 부모님이 돌아가셨을 때>/situations/parent-passed-away || 형제자매가 상속 협조를 안 할 때>/situations/siblings-not-cooperating || 빚이 있는지 모르는 상속 문제>/situations/inheritance-unknown-debt || 부동산 매매 후 등기 문제>/situations/real-estate-sale-registration || 전세보증금을 못 받았을 때>/situations/jeonse-deposit-unpaid,홈 > 상황별 법률문제,yes,WebPage+FAQ,,SERP_UNVERIFIED,other,situation,"상속·등기·전세·법인·채무처럼업무명을모를때도괜찮습니다.실제로많이검색하는생활상황별로,먼저확인할것·혼자가능한범위·상담이필요한경우를정리했습니다.부산·"
/situations/분류/가족-사망-상속,generated,"index,follow",yes,/situations/분류/가족-사망-상속,가족 사망·상속｜상속등기·포기·한정승인 상황별 | 다옴법무사사무소,"사망 후 상속인 확인, 채무·재산 조사, 상속등기·포기·한정승인까지 가족이 겪는 상황을 정리합니다. 지금 겪는 상황에서 먼저 확인할 일·절차·서류·관련 업무를 정리했습니다.",가족 사망·상속｜상속등기·포기·한정승인 상황별 | 다옴법무사사무소,"사망 후 상속인 확인, 채무·재산 조사, 상속등기·포기·한정승인까지 가족이 겪는 상황을 정리합니다. 지금 겪는 상황에서 먼저 확인할 일·절차·서류·관련 업무를 정리했습니다.",가족 사망·상속 — 지금 겪는 문제부터 확인하기,가족 사망·상속 안내 목록 | 상담 시 확인하는 내용,"부모님이나 배우자 사망 직후에는 장례와 함께 상속인·재산·채무를 확인해야 합니다. 기한과 선택을 놓치면 불이익이 커질 수 있어, 지금 상황에 맞는 순서부터 안내합니다. 부모님이나 배우자 사망 직후에는 장례와 함께 상속인·재산·채무를 확인해야 합니다. 기한과 선택을 놓치면 불이익이 커질 수 있어, 지금 상황에 맞는 순서부터 안내합니다. 현재 상황과 목표를 전화·메시지·방문(예약)으로 확인합니다. 관할 법원·등기소와 필요 서류를 사건별로 정리해 안내합니다. 서류 작성·보정이 필요하면 단계별로 검토합니다. 접수 후 진행 상황을 공유하고 완료·후속 조치까지 확인합니다. 신분증·인감증명서(사건에 따라 주민등록등본 등) 등기부등본·계약서·협의서 등 사건 관련 핵심 서류 가족관계증명서·재산 목록(상속·가사 해당 시) 기타 상담 시 추가로 요청드리는 서류 가족 사망·상속 안내 목록 아래에서 지금 상황과 가장 가까운 항목을 선택하세요. 상담 시 확인하는 내용 가족 사망·상속 사건은 서류·관할·기한에",234,12,/situations::가족 사망·상속 || /situations/parent-passed-away::가족 사망·상속 허브 || /situations/parent-passed-away::가족 사망·상속 || /situations/siblings-not-cooperating::가족 사망·상속 허브 || /situations/siblings-not-cooperating::가족 사망·상속 || /situations/inheritance-unknown-debt::가족 사망·상속 허브 || /situations/inheritance-unknown-debt::가족 사망·상속 || /situations/상속재산-조회::가족 사망·상속 || /situations/상속포기-한정승인-선택::가족 사망·상속 || /situations/상속등기-지연-과태료::가족 사망·상속 || /situations/해외-거주-상속인::가족 사망·상속 || /situations/상속-후-첫-절차::가족 사망·상속,상속포기 vs 한정승인>/situations/상속포기-한정승인-선택 || 부모님이 돌아가셨을 때>/situations/parent-passed-away || 빚이 있는지 모르는 상속 문제>/situations/inheritance-unknown-debt || 상속 후 무엇을 먼저?>/situations/상속-후-첫-절차 || 형제자매가 상속 협조를 안 할 때>/situations/siblings-not-cooperating || 상속등기 미루면 과태료>/situations/상속등기-지연-과태료 || 상속재산이 뭔지 모를 때>/situations/상속재산-조회 || 해외 거주 상속인>/situations/해외-거주-상속인 || 상황별 법률문제 전체>/situations || 자가진단>/자가진단 || 업무안내>/services || FAQ>/faq,홈 > 상황별 법률문제 > 가족 사망·상속,yes,WebPage+FAQ,,SERP_UNVERIFIED,inheritance-supporting,situation,"부모님이나배우자사망직후에는장례와함께상속인·재산·채무를확인해야합니다.기한과선택을놓치면불이익이커질수있어,지금상황에맞는순서부터안내합니다.부모님이나배우"
/situations/parent-passed-away,generated,"index,follow",yes,/situations/parent-passed-away,"부모님이 돌아가셨을 때｜상속인 확인,… | 다옴법무사사무소","부모님 사망 후 상속인 확인, 상속등기 기한, 필요 서류, 형제 간 협의 방법을 정리했습니다. 부산·해운대·센텀에서 상속등기 상담이 가능합니다.","부모님이 돌아가셨을 때｜상속인 확인,… | 다옴법무사사무소","부모님 사망 후 상속인 확인, 상속등기 기한, 필요 서류, 형제 간 협의 방법을 정리했습니다. 부산·해운대·센텀에서 상속등기 상담이 가능합니다.",부모님이 돌아가셨는데 상속등기는 언제·어떻게 해야 하나요?,상황 이해하기 | 비용·기간에 영향을 주는 요소 | 관련 자가진단 | 관련 업무안내 | 관련 FAQ,"사망 사실을 접하면 장례와 행정 처리가 먼저입니다. 그다음 상속인이 누구인지, 부동산이 있는지, 등기를 언제까지 해야 하는지를 확인해야 합니다. 부산 해운대구·센텀, 재송동·반여동 일대에서도 전화·카카오톡·방문(예약) 상담이 가능합니다. 사망 사실을 접하면 장례와 행정 처리가 먼저입니다. 그다음 상속인이 누구인지, 부동산이 있는지, 등기를 언제까지 해야 하는지를 확인해야 합니다. 부산 해운대구·센텀, 재송동·반여동 일대에서도 전화·카카오톡·방문(예약) 상담이 가능합니다. 부모님이 돌아가셨을 때 상황에서는 가족관계증명서(상세)·기본증명서로 상속인 범위 확인부터 확인하는 것이 우선입니다. 사망 신고·장례 후 상속인·재산 목록 파악 상속포기·한정승인 기한(3개월) 내 방향 결정 상속인 협의 및 분할 방법 정리 필요 서류 발급·작성 관할 등기소에 상속등기 신청 등기 완료 후 세무·금융 후속 처리 피상속인 기준 가족관계증명서(상세)·기본증명서 상속인 전원 인감증명서·인감도장 등기부등본·토지대",499,11,/situations::부모님이 돌아가셨을 때 || /situations/분류/가족-사망-상속::부모님이 돌아가셨을 때 || /situations/상속재산-조회::부모님이 돌아가셨을 때 || /situations/상속포기-한정승인-선택::부모님이 돌아가셨을 때 || /situations/상속등기-지연-과태료::부모님이 돌아가셨을 때 || /situations/해외-거주-상속인::부모님이 돌아가셨을 때 || /situations/상속-후-첫-절차::부모님이 돌아가셨을 때 || /situations/공동명의-정리::부모님이 돌아가셨을 때 || /situations/근저당-말소-지연::부모님이 돌아가셨을 때 || /situations/셀프등기-실수::부모님이 돌아가셨을 때 || /situations/대표자-사망-법인::부모님이 돌아가셨을 때,상속등기 업무안내>/services/inheritance-registration || 상속포기 안내>/services/inheritance-renunciation || 한정승인 안내>/services/qualified-acceptance || 상속 종합 허브>/상속 || 상속등기 자가진단>/상속등기자가진단 || 상속포기 자가진단>/상속포기자가진단 || 한정승인 자가진단>/한정승인자가진단 || 상속등기 신청 시기>/faq/when-to-file-inheritance-registration || 상속등기가 필요한 경우>/faq/who-needs-inheritance-registration || 상속인이 여럿일 때>/faq/multiple-heirs-inheritance-registration || 상속등기 비용>/faq/inheritance-registration-cost || 부산 상속등기 절차·서류>/blog/busan-inheritance-registration-procedure-documents,홈 > 상황별 법률문제 > 가족 사망·상속 > 부모님이 돌아가셨을 때,yes,WebPage+FAQ,,SERP_UNVERIFIED,other,inheritance-registration,"사망사실을접하면장례와행정처리가먼저입니다.그다음상속인이누구인지,부동산이있는지,등기를언제까지해야하는지를확인해야합니다.부산해운대구·센텀,재송동·반여동"
/situations/siblings-not-cooperating,generated,"index,follow",yes,/situations/siblings-not-cooperating,형제자매가 상속 협조를 안 할 때｜연… | 다옴법무사사무소,"상속 등기·분할에서 형제자매 협조가 안 될 때 확인할 절차, 협의분할·공유 등기, 법적 대응 시점을 정리했습니다. 부산 법무사 상담 안…",형제자매가 상속 협조를 안 할 때｜연… | 다옴법무사사무소,"상속 등기·분할에서 형제자매 협조가 안 될 때 확인할 절차, 협의분할·공유 등기, 법적 대응 시점을 정리했습니다. 부산 법무사 상담 안…",형제자매가 상속 서류에 협조하지 않으면 어떻게 해야 하나요?,상황 이해하기 | 비용·기간에 영향을 주는 요소 | 관련 자가진단 | 관련 업무안내 | 관련 FAQ,"상속인이 여럿이면 서명·인감·협의가 모두 필요합니다. 한 명이라도 연락이 두절되거나 거부하면 등기가 멈춥니다. 먼저 협의 가능 범위를 확인하고, 필요 시 법적 절차를 검토해야 합니다. 부산 해운대구·센텀, 재송동·반여동 일대에서도 전화·카카오톡·방문(예약) 상담이 가능합니다. 상속인이 여럿이면 서명·인감·협의가 모두 필요합니다. 한 명이라도 연락이 두절되거나 거부하면 등기가 멈춥니다. 먼저 협의 가능 범위를 확인하고, 필요 시 법적 절차를 검토해야 합니다. 부산 해운대구·센텀, 재송동·반여동 일대에서도 전화·카카오톡·방문(예약) 상담이 가능합니다. 형제자매가 상속 협조를 안 할 때 상황에서는 상속인 전원 명단·지분 비율(법정상속분) 확인부터 확인하는 것이 우선입니다. 상속인 전원 현황·법정상속분 정리 협의분할·공유 등기·분할 방향 가족 간 논의 협조 거부 시 내용증명 등 의사 표시 협의 불가 시 상속재산분할·유류분 등 법적 절차 검토 합의 또는 판결에 따른 등기 신청 가족관계증명서(",501,6,/situations::형제자매가 상속 협조를 안 할 때 || /situations/분류/가족-사망-상속::형제자매가 상속 협조를 안 할 때 || /situations/상속포기-한정승인-선택::형제자매가 상속 협조를 안 할 때 || /situations/상속등기-지연-과태료::형제자매가 상속 협조를 안 할 때 || /situations/해외-거주-상속인::형제자매가 상속 협조를 안 할 때 || /situations/공동명의-정리::형제자매가 상속 협조를 안 할 때,상속등기 업무안내>/services/inheritance-registration || 한정승인 안내>/services/qualified-acceptance || 상속 종합 허브>/상속 || 상속등기 자가진단>/상속등기자가진단 || 한정승인 자가진단>/한정승인자가진단 || 상속인이 여럿일 때>/faq/multiple-heirs-inheritance-registration || 지분 포기와 전부 포기>/faq/renouncing-share-vs-full-renunciation || 한정승인 절차>/faq/qualified-acceptance-procedure || 재송동 상속포기 상담 사례>/services/cases/jaesong-inheritance-renunciation-consultation || 상속포기 vs 한정승인>/blog/inheritance-renunciation-vs-qualified-acceptance || 재송동 법무사>/재송동법무사 || FAQ 전체>/faq,홈 > 상황별 법률문제 > 가족 사망·상속 > 형제자매가 상속 협조를 안 할 때,yes,WebPage+FAQ,,SERP_UNVERIFIED,other,inheritance-registration,"상속인이여럿이면서명·인감·협의가모두필요합니다.한명이라도연락이두절되거나거부하면등기가멈춥니다.먼저협의가능범위를확인하고,필요시법적절차를검토해야합니다."
/situations/inheritance-unknown-debt,generated,"index,follow",yes,/situations/inheritance-unknown-debt,빚이 있는지 모르는 상속 문제｜채무 … | 다옴법무사사무소,"상속 채무를 모를 때 확인 방법, 한정승인·상속포기 기한, 채무조회 절차를 정리했습니다. 부산·센텀 법무사가 상속 방향을 함께 검토합니…",빚이 있는지 모르는 상속 문제｜채무 … | 다옴법무사사무소,"상속 채무를 모를 때 확인 방법, 한정승인·상속포기 기한, 채무조회 절차를 정리했습니다. 부산·센텀 법무사가 상속 방향을 함께 검토합니…",부모님 빚이 있는지 모르는데 상속을 받아도 될까요?,상황 이해하기 | 비용·기간에 영향을 주는 요소 | 관련 자가진단 | 관련 업무안내 | 관련 FAQ,"단순 승인으로 상속하면 채무도 함께 떠안을 수 있습니다. 사망 후 3개월 안에 한정승인·상속포기 여부를 결정해야 하므로, 채무 조사가 우선입니다. 부산 해운대구·센텀, 재송동·반여동 일대에서도 전화·카카오톡·방문(예약) 상담이 가능합니다. 단순 승인으로 상속하면 채무도 함께 떠안을 수 있습니다. 사망 후 3개월 안에 한정승인·상속포기 여부를 결정해야 하므로, 채무 조사가 우선입니다. 부산 해운대구·센텀, 재송동·반여동 일대에서도 전화·카카오톡·방문(예약) 상담이 가능합니다. 빚이 있는지 모르는 상속 문제 상황에서는 사망일(상속개시일)부터 3개월 기한 확인 — 한정승인·포기부터 확인하는 것이 우선입니다. 사망일 확인 후 3개월 기한 체크 채무·재산 조사 단순 승인·한정승인·상속포기 방향 결정 가정법원 또는 관할 기관에 한정승인·포기 신고(해당 시) 상속등기 또는 포기·한정 후속 절차 가족관계증명서·기본증명서 피상속인 채무조회 결과·금융기관 확인서 재산목록(부동산·예금·보험 등) 한정승",487,6,/situations::빚이 있는지 모르는 상속 문제 || /situations/분류/가족-사망-상속::빚이 있는지 모르는 상속 문제 || /situations/상속재산-조회::빚이 있는지 모르는 상속 문제 || /situations/상속포기-한정승인-선택::빚이 있는지 모르는 상속 문제 || /situations/상속-후-첫-절차::빚이 있는지 모르는 상속 문제 || /situations/대표자-사망-법인::빚이 있는지 모르는 상속 문제,한정승인 안내>/services/qualified-acceptance || 상속포기 안내>/services/inheritance-renunciation || 상속등기 안내>/services/inheritance-registration || 상속 종합 허브>/상속 || 한정승인 자가진단>/한정승인자가진단 || 상속포기 자가진단>/상속포기자가진단 || 상속등기 자가진단>/상속등기자가진단 || 한정승인이란>/faq/what-is-qualified-acceptance || 한정승인 선택 시기>/faq/when-to-choose-qualified-acceptance || 상속포기란>/faq/what-is-inheritance-renunciation || 상속포기 기한>/faq/inheritance-renunciation-deadline || 상속포기 vs 한정승인 비교>/blog/inheritance-renunciation-vs-qualified-acceptance,홈 > 상황별 법률문제 > 가족 사망·상속 > 빚이 있는지 모르는 상속 문제,yes,WebPage+FAQ,,SERP_UNVERIFIED,other,qualified-acceptance,"단순승인으로상속하면채무도함께떠안을수있습니다.사망후3개월안에한정승인·상속포기여부를결정해야하므로,채무조사가우선입니다.부산해운대구·센텀,재송동·반여동"
/situations/상속재산-조회,generated,"index,follow",yes,/situations/상속재산-조회,상속재산이 뭔지 모를 때｜상속재산 조회 방법 | 다옴법무사사무소,"상속재산 조회 방법, 금융·부동산·보험·채무 확인 절차, 상속인이 알아야 할 조회 기관을 정리했습니다. 부산·해운대 상속 상담 안내. 해운대·센텀 다옴법무사사무소에서 전화·카카오톡·방문(예약) 상담이 가능합니다.",상속재산이 뭔지 모를 때｜상속재산 조회 방법 | 다옴법무사사무소,"상속재산 조회 방법, 금융·부동산·보험·채무 확인 절차, 상속인이 알아야 할 조회 기관을 정리했습니다. 부산·해운대 상속 상담 안내. 해운대·센텀 다옴법무사사무소에서 전화·카카오톡·방문(예약) 상담이 가능합니다.",부모님이 남긴 재산이 뭔지 어떻게 찾나요?,상황 이해하기 | 비용·기간에 영향을 주는 요소 | 관련 자가진단 | 관련 업무안내 | 관련 FAQ | 비슷한 상황 안내,"사망 후 가장 먼저 해야 할 일 중 하나는 '무엇이 남았는지'를 파악하는 것입니다. 부동산은 등기부등본으로, 금융자산은 금융기관·금융감독원 조회로, 보험은 보험협회 조회로 확인할 수 있습니다. 부산 해운대구·센텀, 재송동·반여동 일대에서도 전화·카카오톡·방문(예약) 상담이 가능합니다. 사망 후 가장 먼저 해야 할 일 중 하나는 '무엇이 남았는지'를 파악하는 것입니다. 부동산은 등기부등본으로, 금융자산은 금융기관·금융감독원 조회로, 보험은 보험협회 조회로 확인할 수 있습니다. 부산 해운대구·센텀, 재송동·반여동 일대에서도 전화·카카오톡·방문(예약) 상담이 가능합니다. 상속재산 조회는 등기·금융·보험·채무를 나눠 확인하는 것이 핵심입니다. 조회 결과를 바탕으로 상속포기·한정승인·등기 방향을 정하세요. 상속인 범위·대표 조회인 선정 부동산 등기부등본 발급 금융감독원·보험협회 조회 신청 조회 결과 취합·재산목록 작성 채무 조사 및 승인·한정·포기 방향 결정 상속등기 또는 한정승인·포기 후속",554,7,/장례후재산채무정리::상황별: 상속재산 조회 || /사망자재산채무조회::상황별 상속재산 조회 || /situations::상속재산이 뭔지 모를 때 || /situations/분류/가족-사망-상속::상속재산이 뭔지 모를 때 || /situations/상속포기-한정승인-선택::상속재산이 뭔지 모를 때 || /situations/상속등기-지연-과태료::상속재산이 뭔지 모를 때 || /situations/상속-후-첫-절차::상속재산이 뭔지 모를 때,부모님이 돌아가셨을 때>/situations/parent-passed-away || 빚이 있는지 모르는 상속 문제>/situations/inheritance-unknown-debt || 상속포기 vs 한정승인>/situations/상속포기-한정승인-선택 || 상속등기 미루면 과태료>/situations/상속등기-지연-과태료 || 상속등기 업무안내>/services/inheritance-registration || 한정승인 안내>/services/qualified-acceptance || 상속포기 안내>/services/inheritance-renunciation || 상속 종합 허브>/상속 || 상속등기 자가진단>/상속등기자가진단 || 한정승인 자가진단>/한정승인자가진단 || 상속포기 자가진단>/상속포기자가진단 || 자가진단 허브>/자가진단,홈 > 상황별 법률문제 > 가족 사망·상속 > 상속재산이 뭔지 모를 때,yes,WebPage+FAQ,,SERP_UNVERIFIED,inheritance-supporting,inheritance-registration,"사망후가장먼저해야할일중하나는'무엇이남았는지'를파악하는것입니다.부동산은등기부등본으로,금융자산은금융기관·금융감독원조회로,보험은보험협회조회로확인할수있"
/situations/상속포기-한정승인-선택,generated,"index,follow",yes,/situations/상속포기-한정승인-선택,상속포기 vs 한정승인｜상속포기 한정승인 선택 | 다옴법무사사무소,"상속포기·한정승인·단순승인 차이, 3개월 기한, 선택 기준과 신고 절차를 정리했습니다. 부산·센텀 상속 법무사 상담. 해운대·센텀 다옴법무사사무소에서 전화·카카오톡·방문(예약) 상담이 가능합니다.",상속포기 vs 한정승인｜상속포기 한정승인 선택 | 다옴법무사사무소,"상속포기·한정승인·단순승인 차이, 3개월 기한, 선택 기준과 신고 절차를 정리했습니다. 부산·센텀 상속 법무사 상담. 해운대·센텀 다옴법무사사무소에서 전화·카카오톡·방문(예약) 상담이 가능합니다.","상속포기와 한정승인, 3개월 안에 어떻게 선택하나요?",상황 이해하기 | 비용·기간에 영향을 주는 요소 | 관련 자가진단 | 관련 업무안내 | 관련 FAQ | 비슷한 상황 안내,"사망일(상속개시일)부터 3개월 안에 상속포기·한정승인·단순승인 중 하나를 결정해야 합니다. 기한을 넘기면 단순승인으로 보일 수 있어, 채무가 의심되면 특히 주의가 필요합니다. 부산 해운대구·센텀, 재송동·반여동 일대에서도 전화·카카오톡·방문(예약) 상담이 가능합니다. 사망일(상속개시일)부터 3개월 안에 상속포기·한정승인·단순승인 중 하나를 결정해야 합니다. 기한을 넘기면 단순승인으로 보일 수 있어, 채무가 의심되면 특히 주의가 필요합니다. 부산 해운대구·센텀, 재송동·반여동 일대에서도 전화·카카오톡·방문(예약) 상담이 가능합니다. 채무가 재산보다 많거나 불분명하면 한정승인·상속포기를, 재산이 분명하고 채무가 적으면 단순승인을 검토하세요. 3개월 기한 확인이 최우선입니다. 사망일 확인 및 3개월 기한 계산 재산·채무 조사 단순승인·한정승인·포기 방향 결정 가정법원에 한정승인·포기 신고(해당 시) 승인·한정 후 상속등기 또는 포기 후속 처리 채권자에 대한 공고·변제 절차(한정승인 시) ",529,7,/부모빚상속방법::상황별 포기·한정 선택 || /situations::상속포기 vs 한정승인 || /situations/분류/가족-사망-상속::상속포기 vs 한정승인 || /situations/상속재산-조회::상속포기 vs 한정승인 || /situations/상속등기-지연-과태료::상속포기 vs 한정승인 || /situations/해외-거주-상속인::상속포기 vs 한정승인 || /situations/상속-후-첫-절차::상속포기 vs 한정승인,빚이 있는지 모르는 상속 문제>/situations/inheritance-unknown-debt || 부모님이 돌아가셨을 때>/situations/parent-passed-away || 상속재산이 뭔지 모를 때>/situations/상속재산-조회 || 형제자매가 상속 협조를 안 할 때>/situations/siblings-not-cooperating || 한정승인 안내>/services/qualified-acceptance || 상속포기 안내>/services/inheritance-renunciation || 상속등기 안내>/services/inheritance-registration || 상속 종합 허브>/상속 || 한정승인 자가진단>/한정승인자가진단 || 상속포기 자가진단>/상속포기자가진단 || 상속등기 자가진단>/상속등기자가진단 || 자가진단 허브>/자가진단,홈 > 상황별 법률문제 > 가족 사망·상속 > 상속포기 vs 한정승인,yes,WebPage+FAQ,,SERP_UNVERIFIED,renunciation-supporting,qualified-acceptance,"사망일(상속개시일)부터3개월안에상속포기·한정승인·단순승인중하나를결정해야합니다.기한을넘기면단순승인으로보일수있어,채무가의심되면특히주의가필요합니다.부"
/situations/상속등기-지연-과태료,generated,"index,follow",yes,/situations/상속등기-지연-과태료,상속등기 미루면 과태료｜상속등기 지연 과태료 | 다옴법무사사무소,"상속등기 지연 시 과태료·가산세, 신고 기한, 장기 미등기 리스크를 정리했습니다. 부산·해운대 상속등기 상담. 해운대·센텀 다옴법무사사무소에서 전화·카카오톡·방문(예약) 상담이 가능합니다.",상속등기 미루면 과태료｜상속등기 지연 과태료 | 다옴법무사사무소,"상속등기 지연 시 과태료·가산세, 신고 기한, 장기 미등기 리스크를 정리했습니다. 부산·해운대 상속등기 상담. 해운대·센텀 다옴법무사사무소에서 전화·카카오톡·방문(예약) 상담이 가능합니다.",상속등기를 늦게 하면 과태료가 부과되나요?,상황 이해하기 | 비용·기간에 영향을 주는 요소 | 관련 자가진단 | 관련 업무안내 | 관련 FAQ | 비슷한 상황 안내,"상속등기는 부동산이 있는 상속에서 필수에 가깝습니다. 사망 후 일정 기간 내 신청하지 않으면 과태료가 붙을 수 있고, 매매·담보·증여 등에도 제한이 생깁니다. 부산 해운대구·센텀, 재송동·반여동 일대에서도 전화·카카오톡·방문(예약) 상담이 가능합니다. 상속등기는 부동산이 있는 상속에서 필수에 가깝습니다. 사망 후 일정 기간 내 신청하지 않으면 과태료가 붙을 수 있고, 매매·담보·증여 등에도 제한이 생깁니다. 부산 해운대구·센텀, 재송동·반여동 일대에서도 전화·카카오톡·방문(예약) 상담이 가능합니다. 상속등기는 미루면 과태료·거래 제한·세무 불이익이 커질 수 있습니다. 상속인 협의가 어려워도 기한과 과태료 리스크부터 확인하세요. 사망일·미등기 기간·과태료 발생 여부 확인 상속인 협의·분할 방향 결정 세금 신고·납부 등기 서류 작성·인감 관할 등기소 접수 등기 완료 후 과태료 추가 발생 방지 피상속인·상속인 가족관계증명서(상세) 등기부등본·토지대장 협의분할협의서 또는 공유 등기 관련 서",538,4,/situations::상속등기 미루면 과태료 || /situations/분류/가족-사망-상속::상속등기 미루면 과태료 || /situations/상속재산-조회::상속등기 미루면 과태료 || /situations/해외-거주-상속인::상속등기 미루면 과태료,부모님이 돌아가셨을 때>/situations/parent-passed-away || 형제자매가 상속 협조를 안 할 때>/situations/siblings-not-cooperating || 상속재산이 뭔지 모를 때>/situations/상속재산-조회 || 상속포기 vs 한정승인>/situations/상속포기-한정승인-선택 || 상속등기 업무안내>/services/inheritance-registration || 부동산등기 안내>/services/real-estate-registration || 상속 종합 허브>/상속 || 부동산등기 허브>/부동산등기 || 상속등기 자가진단>/상속등기자가진단 || 한정승인 자가진단>/한정승인자가진단 || 부동산등기 자가진단>/부동산등기자가진단 || 자가진단 허브>/자가진단,홈 > 상황별 법률문제 > 가족 사망·상속 > 상속등기 미루면 과태료,yes,WebPage+FAQ,,SERP_UNVERIFIED,inheritance-supporting,inheritance-registration,"상속등기는부동산이있는상속에서필수에가깝습니다.사망후일정기간내신청하지않으면과태료가붙을수있고,매매·담보·증여등에도제한이생깁니다.부산해운대구·센텀,재송"
/situations/해외-거주-상속인,generated,"index,follow",yes,/situations/해외-거주-상속인,해외 거주 상속인｜해외 거주 상속인 등기 | 다옴법무사사무소,"해외 거주 상속인의 상속등기, 위임장·공증·아포스티유, 원격 진행 방법을 정리했습니다. 부산 법무사 해외 상속 상담. 해운대·센텀 다옴법무사사무소에서 전화·카카오톡·방문(예약) 상담이 가능합니다.",해외 거주 상속인｜해외 거주 상속인 등기 | 다옴법무사사무소,"해외 거주 상속인의 상속등기, 위임장·공증·아포스티유, 원격 진행 방법을 정리했습니다. 부산 법무사 해외 상속 상담. 해운대·센텀 다옴법무사사무소에서 전화·카카오톡·방문(예약) 상담이 가능합니다.",해외에 사는 상속인은 상속등기를 어떻게 하나요?,상황 이해하기 | 비용·기간에 영향을 주는 요소 | 관련 자가진단 | 관련 업무안내 | 관련 FAQ | 비슷한 상황 안내,"상속인이 해외에 있으면 인감·서명·위임 절차가 달라집니다. 공증·영사 확인·아포스티유 등 국가별 요건을 맞춰야 등기가 진행됩니다. 부산 해운대구·센텀, 재송동·반여동 일대에서도 전화·카카오톡·방문(예약) 상담이 가능합니다. 상속인이 해외에 있으면 인감·서명·위임 절차가 달라집니다. 공증·영사 확인·아포스티유 등 국가별 요건을 맞춰야 등기가 진행됩니다. 부산 해운대구·센텀, 재송동·반여동 일대에서도 전화·카카오톡·방문(예약) 상담이 가능합니다. 해외 상속인은 위임·공증 요건과 기한(3개월·과태료)을 동시에 봐야 합니다. 입국 없이 진행 가능한 범위를 먼저 확인하세요. 상속인 현황·거주국·연락처 정리 위임·공증 요건 안내 및 서류 발송 국내 상속인과 분할·승인 방향 협의 해외 서류 수령·번역·보완 상속등기 또는 한정승인·포기 신청 등기 완료 후 해외 상속인에게 결과 통보 피상속인·상속인 가족관계증명서(상세) 해외 상속인 위임장(공증·영사 확인) 해외 발급 인감증명서 또는 대체 서류 협의",518,3,/해외거주상속인::상황별: 해외 거주 상속인 || /situations::해외 거주 상속인 || /situations/분류/가족-사망-상속::해외 거주 상속인,부모님이 돌아가셨을 때>/situations/parent-passed-away || 형제자매가 상속 협조를 안 할 때>/situations/siblings-not-cooperating || 상속등기 미루면 과태료>/situations/상속등기-지연-과태료 || 상속포기 vs 한정승인>/situations/상속포기-한정승인-선택 || 상속등기 업무안내>/services/inheritance-registration || 한정승인 안내>/services/qualified-acceptance || 상속포기 안내>/services/inheritance-renunciation || 상속 종합 허브>/상속 || 상속등기 자가진단>/상속등기자가진단 || 한정승인 자가진단>/한정승인자가진단 || 상속포기 자가진단>/상속포기자가진단 || 자가진단 허브>/자가진단,홈 > 상황별 법률문제 > 가족 사망·상속 > 해외 거주 상속인,yes,WebPage+FAQ,,SERP_UNVERIFIED,inheritance-supporting,inheritance-registration,"상속인이해외에있으면인감·서명·위임절차가달라집니다.공증·영사확인·아포스티유등국가별요건을맞춰야등기가진행됩니다.부산해운대구·센텀,재송동·반여동일대에서"
/situations/상속-후-첫-절차,generated,"index,follow",yes,/situations/상속-후-첫-절차,상속 후 무엇을 먼저?｜상속 후 첫 절차 | 다옴법무사사무소,상속 개시 후 첫 절차. 사망신고·재산조회·3개월 기한·등기 순서를 정리합니다. 부산·해운대 법무사 상담 안내. 해운대·센텀 다옴법무사사무소에서 전화·카카오톡·방문(예약) 상담이 가능합니다.,상속 후 무엇을 먼저?｜상속 후 첫 절차 | 다옴법무사사무소,상속 개시 후 첫 절차. 사망신고·재산조회·3개월 기한·등기 순서를 정리합니다. 부산·해운대 법무사 상담 안내. 해운대·센텀 다옴법무사사무소에서 전화·카카오톡·방문(예약) 상담이 가능합니다.,"부모님 사망 후, 상속 절차는 무엇을 먼저 해야 하나요?",상황 이해하기 | 비용·기간에 영향을 주는 요소 | 관련 자가진단 | 관련 업무안내 | 관련 FAQ | 비슷한 상황 안내,"사망 직후에는 장례와 함께 행정·상속 절차가 한꺼번에 몰립니다. 등기보다 먼저 확인할 것은 상속인 범위, 재산·채무 개요, 그리고 상속포기·한정승인의 3개월 기한입니다. 부산 해운대구·센텀, 재송동·반여동 일대에서도 전화·카카오톡·방문(예약) 상담이 가능합니다. 사망 직후에는 장례와 함께 행정·상속 절차가 한꺼번에 몰립니다. 등기보다 먼저 확인할 것은 상속인 범위, 재산·채무 개요, 그리고 상속포기·한정승인의 3개월 기한입니다. 부산 해운대구·센텀, 재송동·반여동 일대에서도 전화·카카오톡·방문(예약) 상담이 가능합니다. 상속 후 첫 절차는 ‘조회 → 승인·포기 방향 → 등기’ 순서입니다. 기한이 촉박하면 등기보다 승인·포기부터 상담하세요. 상속인·기한 확인 재산·채무 조회 승인·포기·한정 방향 결정 필요 시 가정법원 신고 상속등기·세금·말소 일정 완료 확인 피상속인 기본증명서·가족관계증명서 상속인 신분증 등기부등본(가능 시) 사망일·상속인 연락처 메모 채무가 의심되거나 기한이 임박한",457,3,/부모님사망후해야할일::상황별: 상속 후 첫 절차 || /situations::상속 후 무엇을 먼저? || /situations/분류/가족-사망-상속::상속 후 무엇을 먼저?,상속재산이 뭔지 모를 때>/situations/상속재산-조회 || 상속포기 vs 한정승인>/situations/상속포기-한정승인-선택 || 부모님이 돌아가셨을 때>/situations/parent-passed-away || 빚이 있는지 모르는 상속 문제>/situations/inheritance-unknown-debt || 상속등기 업무안내>/services/inheritance-registration || 한정승인 안내>/services/qualified-acceptance || 상속포기 안내>/services/inheritance-renunciation || 상속 종합 허브>/상속 || 상속등기 자가진단>/상속등기자가진단 || 한정승인 자가진단>/한정승인자가진단 || 상속포기 자가진단>/상속포기자가진단 || 자가진단 허브>/자가진단,홈 > 상황별 법률문제 > 가족 사망·상속 > 상속 후 무엇을 먼저?,yes,WebPage+FAQ,,SERP_UNVERIFIED,inheritance-supporting,inheritance-registration,"사망직후에는장례와함께행정·상속절차가한꺼번에몰립니다.등기보다먼저확인할것은상속인범위,재산·채무개요,그리고상속포기·한정승인의3개월기한입니다.부산해운대"
/tools/inheritance-registration-deadline,generated,"index,follow",yes,/tools/inheritance-registration-deadline,상속등기 기한은 언제까지 확인해야 할까요 | 다옴법무사사무소,"상속등기 기한 계산기. 사망일 기준 상속포기·한정승인 3개월, 등기 검토 시점을 대략 확인. 부산·해운대 법무사 상담. 해운대·센텀 다옴법무사사무소에서 전화·카카오톡·방문(예약) 상담이 가능합니다.",상속등기 기한은 언제까지 확인해야 할까요 | 다옴법무사사무소,"상속등기 기한 계산기. 사망일 기준 상속포기·한정승인 3개월, 등기 검토 시점을 대략 확인. 부산·해운대 법무사 상담. 해운대·센텀 다옴법무사사무소에서 전화·카카오톡·방문(예약) 상담이 가능합니다.",상속등기 기한은 언제까지 확인해야 할까요?,계산기 안내 | 관련 자가진단 | 관련 업무안내 | 상담 시 확인하는 내용,사망일(상속개시일)을 입력하면 상속포기·한정승인 3개월 기한과 등기 검토 시점을 참고용으로 안내합니다. 상속등기 기한·과태료는 사안별로 달라 추가 확인이 필요합니다. 사망일(상속개시일)을 입력하면 상속포기·한정승인 3개월 기한과 등기 검토 시점을 참고용으로 안내합니다. 상속등기 기한·과태료는 사안별로 달라 추가 확인이 필요합니다. 현재 상황과 목표를 전화·메시지·방문(예약)으로 확인합니다. 관할 법원·등기소와 필요 서류를 사건별로 정리해 안내합니다. 서류 작성·보정이 필요하면 단계별로 검토합니다. 접수 후 진행 상황을 공유하고 완료·후속 조치까지 확인합니다. 가족관계증명서(상세)·기본증명서 등기부등본·토지대장 상속인 인감증명서 협의분할협의서(해당 시) 상속인·재산 목록을 정리해야 합니다. 채무 조회 후 상속포기·한정승인 여부를 검토해야 합니다. 등기 접수 일정을 가족과 조율해야 합니다. 계산기 안내 사망일(상속개시일)을 입력하면 상속포기·한정승인 3개월 기한과 등기 검토 시점을 참고,246,1,/tools::상속등기 기한 계산기,상속등기 업무안내>/services/inheritance-registration || 상속 종합 허브>/상속 || 상속등기 자가진단>/상속등기자가진단 || 한정승인 자가진단>/한정승인자가진단 || 법률 계산기>/tools || 자가진단>/자가진단 || 상황별 법률문제>/situations || 상담 문의>/contact || 부산 상속등기 허브로 돌아가기>/부산상속등기 || 부산 상속 법무사>/부산상속법무사 || 부산 상속재산분할>/부산상속재산분할법무사 || 부산 상속등기 비용 안내>/상속등기비용,홈 > 법률 계산기 > 상속등기 기한 계산기,yes,WebPage+FAQ,,SERP_UNVERIFIED,other,inheritance-registration,사망일(상속개시일)을입력하면상속포기·한정승인3개월기한과등기검토시점을참고용으로안내합니다.상속등기기한·과태료는사안별로달라추가확인이필요합니다.사망일(
/tools/inheritance-renunciation-deadline,generated,"index,follow",yes,/tools/inheritance-renunciation-deadline,상속포기·한정승인 3개월 기한은 언제까지인가요 | 다옴법무사사무소,상속포기·한정승인 3개월 기한 계산기. 사망일 입력으로 기한 참고. 부산 법무사 상담. 해운대·센텀 다옴법무사사무소에서 전화·카카오톡·방문(예약) 상담이 가능합니다.,상속포기·한정승인 3개월 기한은 언제까지인가요 | 다옴법무사사무소,상속포기·한정승인 3개월 기한 계산기. 사망일 입력으로 기한 참고. 부산 법무사 상담. 해운대·센텀 다옴법무사사무소에서 전화·카카오톡·방문(예약) 상담이 가능합니다.,상속포기·한정승인 3개월 기한은 언제까지인가요?,계산기 안내 | 관련 자가진단 | 관련 업무안내 | 상담 시 확인하는 내용,상속개시일(사망일)부터 3개월 기한을 참고용으로 계산합니다. 한정승인 기간·상속포기 기한은 사실관계 확인이 필요합니다. 상속개시일(사망일)부터 3개월 기한을 참고용으로 계산합니다. 한정승인 기간·상속포기 기한은 사실관계 확인이 필요합니다. 현재 상황과 목표를 전화·메시지·방문(예약)으로 확인합니다. 관할 법원·등기소와 필요 서류를 사건별로 정리해 안내합니다. 서류 작성·보정이 필요하면 단계별로 검토합니다. 접수 후 진행 상황을 공유하고 완료·후속 조치까지 확인합니다. 가족관계증명서·기본증명서 채무조회 결과·재산목록 상속인 인감증명서 채무·재산을 조사해야 합니다. 상속인 전원의 방향(포기·한정·승인)을 논의해야 합니다. 기한이 임박하면 서류 준비를 우선해야 합니다. 계산기 안내 상속개시일(사망일)부터 3개월 기한을 참고용으로 계산합니다. 한정승인 기간·상속포기 기한은 사실관계 확인이 필요합니다. 관련 자가진단 질문에 답하며 위험도와 다음 절차를 확인할 수 있습니다. 관련 업무안내 절차,220,3,/부산상속포기::3개월 기한 확인 도구 || /부산상속포기::상속포기 3개월 기한 확인 도구 || /tools::상속포기·한정승인 3개월 기한,상속포기 안내>/services/inheritance-renunciation || 한정승인 안내>/services/qualified-acceptance || 상속포기 자가진단>/상속포기자가진단 || 한정승인 자가진단>/한정승인자가진단 || 법률 계산기>/tools || 자가진단>/자가진단 || 상황별 법률문제>/situations || 상담 문의>/contact || 부산 한정승인 허브로 돌아가기>/부산한정승인 || 한정승인 비용>/한정승인비용 || 한정승인 기한>/한정승인기간 || 부산 상속포기>/부산상속포기,홈 > 법률 계산기 > 상속포기·한정승인 3개월 기한,yes,WebPage+FAQ,,SERP_UNVERIFIED,other,qualified-acceptance,상속개시일(사망일)부터3개월기한을참고용으로계산합니다.한정승인기간·상속포기기한은사실관계확인이필요합니다.상속개시일(사망일)부터3개월기한을참고용으로계
/services/inheritance-registration,generated,"index,follow",yes,/services/inheritance-registration,전국 상속등기 법무사｜부산 방문 없이… | 다옴법무사사무소,"전국·부산 상속등기 — 다옴법무사사무소 안윤정 법무사가 타지역 부동산도 관할 특례를 확인하고 상담부터 신청까지 진행합니다. 상속인 확인, 서류 안내, 등기 신청까지.",전국 상속등기 법무사｜부산 방문 없이… | 다옴법무사사무소,"전국·부산 상속등기 — 다옴법무사사무소 안윤정 법무사가 타지역 부동산도 관할 특례를 확인하고 상담부터 신청까지 진행합니다. 상속인 확인, 서류 안내, 등기 신청까지.",전국 상속등기 상담,진행 방식,"피상속인이 돌아가신 뒤, 남은 부동산이나 토지를 상속인 명의로 바꾸는 절차가 상속등기입니다. 등기를 마치지 않으면 매매·담보 설정 등이 어려울 수 있고, 상속포기·한정승인 검토 기간과 취득세 신고기한은 별도로 확인해야 합니다. 다옴법무사사무소 안윤정 법무사는 부산뿐 아니라 전국 소재 상속부동산도 관할 특례 적용 여부를 확인하며 상담부터 등기 완료까지 함께 진행합니다. 부모님이나 배우자의 사망 후 명의가 피상속인으로 남아 있는 아파트, 주택, 토지, 상가가 있을 때 상속등기가 필요합니다. 상속인이 여러 명이면 협의서 작성이 필요하고, 망소(사망) 전에 이미 증여·매매 등이 있었다면 등기부를 먼저 확인해야 합니다. 해운대·센텀·재송동 등 부산 지역뿐 아니라 타지역 부동산 상속도 상담합니다. 다옴법무사사무소에서는 상담 단계에서 등기부와 상속 구조를 먼저 살펴봅니다. 안윤정 법무사가 직접 사건을 진행하며, 필요 서류 목록과 예상 비용·소요 기간을 사전에 안내합니다. 복잡한 상속 구조도 단계",460,134,/부산지방법원법무사::상속등기 || /부산지방법원등기국::상속등기 || /부산가정법원상속::상속등기 || /북부산등기소법무사::상속등기 || /부산재개발등기::상속등기 || /부산등기법무사::상속등기 업무안내 || /부산상속법무사추천::관련 업무 안내 || /부산법무사잘하는곳::관련 업무 안내 || /부산상속전문법무사::상속등기 업무안내 || /법무사상담전준비::관련 업무 안내 || /법무사방문전준비::관련 업무 안내 || /상속등기실수모음::관련 업무 안내,전국 상속등기 안내>/전국상속등기 || 여러 지역 상속부동산>/여러지역상속부동산등기 || 상속포기>/services/inheritance-renunciation || 한정승인>/services/qualified-acceptance || 부동산등기>/services/real-estate-registration || 오시는 길>/location || 해운대구 상속등기 사례>/services/cases/haeundae-inheritance-registration-case || 업무안내 목록>/services || FAQ>/faq || 부산 상속등기 허브로 돌아가기>/부산상속등기 || 부산 상속 법무사>/부산상속법무사 || 부산 상속재산분할>/부산상속재산분할법무사,홈 > 업무안내 > 상속등기,yes,WebPage+FAQ,,SERP_UNVERIFIED,other,inheritance-registration,"피상속인이돌아가신뒤,남은부동산이나토지를상속인명의로바꾸는절차가상속등기입니다.등기를마치지않으면매매·담보설정등이어려울수있고,상속포기·한정승인검토기간과"
/services/inheritance-renunciation,generated,"index,follow",yes,/services/inheritance-renunciation,상속포기 절차·3개월 기한｜가정법원 신고·주의사항 | 다옴법무사사무소,부산 상속포기 절차 안내 — 채무가 재산보다 많을 때 상속포기 신고. 다옴법무사사무소 안윤정 법무사가 가정법원 신고를 대리합니다. 해운대·센텀 다옴법무사사무소에서 전화·카카오톡·방문(예약) 상담이 가능합니다.,상속포기 절차·3개월 기한｜가정법원 신고·주의사항 | 다옴법무사사무소,부산 상속포기 절차 안내 — 채무가 재산보다 많을 때 상속포기 신고. 다옴법무사사무소 안윤정 법무사가 가정법원 신고를 대리합니다. 해운대·센텀 다옴법무사사무소에서 전화·카카오톡·방문(예약) 상담이 가능합니다.,상속포기 — 3개월 기한·채무 승계 차단,진행 방식 | 상담 시 확인하는 내용,"상속포기는 상속인이 피상속인의 재산과 채무를 승계하지 않겠다고 법원에 신고하는 제도입니다. 채무가 재산보다 훨씬 많을 때 검토하며, 법정 기간 내 신고하지 않으면 단순승인으로 간주되어 채무까지 떠안게 될 수 있습니다. 다옴법무사사무소 안윤정 법무사는 상속포기와 한정승인의 차이를 설명하고 적합한 절차를 안내합니다. 피상속인에게 빚이 많고 재산이 적거나, 상속 여부를 아직 결정하지 못했지만 기한이 다가올 때 상속포기를 검토합니다. 상속을 포기하면 본인에게 피상속인의 채무가 넘어오지 않습니다. 다만 포기한 뒤에는 같은 순위 상속인이 된 자녀 등에게 상속이 넘어갈 수 있으므로, 가족 전체 상황을 함께 살펴야 합니다. 상속 개시 사실 확인 및 상속인·채무·재산 현황 파악 상속포기 가능 여부와 한정승인·단순승인과 비교 상담 상속포기 신고서 작성 및 관할 가정법원 제출 법원 접수 확인 및 필요 시 보정 상속포기 효력 발생 후 후속 절차(상속등기 불요 등) 안내 피상속인 사망 사실을 확인할 수 있",359,55,/상속포기자가진단::상속포기 업무 상세 || /사상구상속포기::상속포기 업무 상세 || /수영구상속포기::상속포기 업무 상세 || /상속포기비용::상속포기 업무 상세 || /부산가정법원상속::상속포기 || /기장토지상속등기::상속포기 || /부산상속포기전문법무사::상속포기 업무 상세 || /상속포기후다음순위확인::상속포기 업무 상세 || /부산개명허가::상속포기 업무 상세 || /부산부재자재산관리인::상속포기 업무 상세 || /부산상속재산관리인::상속포기 업무 상세 || /상속포기상담::상속포기 업무안내,상속등기>/services/inheritance-registration || 한정승인>/services/qualified-acceptance || 개인회생>/services/personal-rehabilitation || 자주 묻는 질문>/faq || 재송동 상속포기 상담 사례>/services/cases/jaesong-inheritance-renunciation-consultation || 업무안내 목록>/services || 부산 상속포기 허브로 돌아가기>/부산상속포기 || 상속포기 비용>/상속포기비용 || 상속포기 필요서류>/상속포기필요서류 || 부산 한정승인 비교>/부산한정승인 || 부산가정법원 상속포기>/부산가정법원상속포기 || 부산 상속등기>/부산상속등기,홈 > 업무안내 > 상속포기,yes,WebPage+FAQ,,SERP_UNVERIFIED,other,inheritance-renunciation,"상속포기는상속인이피상속인의재산과채무를승계하지않겠다고법원에신고하는제도입니다.채무가재산보다훨씬많을때검토하며,법정기간내신고하지않으면단순승인으로간주되어"
/services/qualified-acceptance,generated,"index,follow",yes,/services/qualified-acceptance,한정승인 절차｜재산 범위 내 채무·재산목록 | 다옴법무사사무소,부산 한정승인 절차 — 상속 채무를 재산 범위 내로 제한. 다옴법무사사무소 안윤정 법무사 상담 및 가정법원 신고 대리. 해운대·센텀 다옴법무사사무소에서 전화·카카오톡·방문(예약) 상담이 가능합니다.,한정승인 절차｜재산 범위 내 채무·재산목록 | 다옴법무사사무소,부산 한정승인 절차 — 상속 채무를 재산 범위 내로 제한. 다옴법무사사무소 안윤정 법무사 상담 및 가정법원 신고 대리. 해운대·센텀 다옴법무사사무소에서 전화·카카오톡·방문(예약) 상담이 가능합니다.,한정승인 — 재산 범위 내 채무만 책임질 때,진행 방식 | 상담 시 확인하는 내용,"한정승인은 상속인이 피상속인의 재산 한도 안에서만 채무를 부담하는 제도입니다. 재산도 있지만 채무가 얼마나 있는지 불확실할 때, 상속을 완전히 포기하기보다 리스크를 제한하고 싶을 때 선택합니다. 다옴법무사사무소 안윤정 법무사는 한정승인 적합 여부를 검토하고 신고 절차를 진행합니다. 피상속인에게 부동산이나 예금이 있지만, 대출·보증 채무 규모를 정확히 알 수 없을 때 한정승인을 검토합니다. 상속포기와 달리 재산을 승계하면서 채무는 적극재산 범위로 한정됩니다. 이후 상속등기를 진행할 수 있어, 상속재산을 정리해야 하는 경우에도 유용합니다. 피상속인의 적극재산·채무 현황 조사 및 한정승인 필요성 판단 한정승인 신고서 작성 및 관할 가정법원 제출 법원 접수·보정 대응 한정승인 효력 확인 후 상속재산 목록 작성·파산선고 여부 안내 필요 시 상속등기 등 후속 절차 진행 피상속인 사망 관련 서류(제적·사망진단서 등) 상속인 신분증 한정승인 신고서 피상속인 명의 재산·채무 관련 자료(등기부, 금융",337,64,/한정승인자가진단::한정승인 업무 상세 || /동래구한정승인::한정승인 업무 상세 || /기장군한정승인::한정승인 업무 상세 || /금정구한정승인::한정승인 업무 상세 || /연제구한정승인::한정승인 업무 상세 || /한정승인비용::한정승인 업무 상세 || /부산가정법원상속::한정승인 || /부산토지상속등기::한정승인 || /안심상속원스톱서비스이후::한정승인 업무 상세 || /부모빚상속방법::한정승인 업무 상세 || /고인계좌장례비사용::한정승인 업무 상세 || /사망후3개월지난상속::한정승인 업무 상세,상속포기>/services/inheritance-renunciation || 상속등기>/services/inheritance-registration || 파산>/services/bankruptcy || 상담 신청>/contact || 동래구 한정승인 상담 사례>/services/cases/dongnae-qualified-acceptance-consultation || 업무안내 목록>/services || FAQ>/faq || 부산 한정승인 허브로 돌아가기>/부산한정승인 || 한정승인 비용>/한정승인비용 || 한정승인 기한>/한정승인기간 || 부산 상속포기>/부산상속포기 || 부산 상속등기>/부산상속등기,홈 > 업무안내 > 한정승인,yes,WebPage+FAQ,,SERP_UNVERIFIED,other,qualified-acceptance,"한정승인은상속인이피상속인의재산한도안에서만채무를부담하는제도입니다.재산도있지만채무가얼마나있는지불확실할때,상속을완전히포기하기보다리스크를제한하고싶을때선"
/blog/busan-inheritance-consultation-prep,generated,"index,follow",yes,/blog/busan-inheritance-consultation-prep,부산 상속등기 상담 전 준비｜해운대 법무사 | 다옴법무사사무소,부산 상속등기 상담 시 가져올 서류·확인 질문. 센텀·해운대 다옴법무사사무소 방문·전화 상담. 해운대·센텀 다옴법무사사무소에서 전화·카카오톡·방문(예약) 상담이 가능합니다.,부산 상속등기 상담 전 준비｜해운대 법무사 | 다옴법무사사무소,부산 상속등기 상담 시 가져올 서류·확인 질문. 센텀·해운대 다옴법무사사무소 방문·전화 상담. 해운대·센텀 다옴법무사사무소에서 전화·카카오톡·방문(예약) 상담이 가능합니다.,부산 상속등기 상담 전 준비사항,상속 안내 | 상담 시 확인하는 내용,부산·해운대·센텀에서 상속등기 상담을 받기 전에 준비하면 시간을 절약할 수 있는 자료와 질문 목록을 정리합니다. 부산 지역 의뢰인을 위한 상속 안내 글입니다. 현재 상황과 목표를 전화·메시지·방문(예약)으로 확인합니다. 관할 법원·등기소와 필요 서류를 사건별로 정리해 안내합니다. 서류 작성·보정이 필요하면 단계별로 검토합니다. 접수 후 진행 상황을 공유하고 완료·후속 조치까지 확인합니다. 신분증·인감증명서(사건에 따라 주민등록등본 등) 등기부등본·계약서·협의서 등 사건 관련 핵심 서류 가족관계증명서·재산 목록(상속·가사 해당 시) 기타 상담 시 추가로 요청드리는 서류 상속 상담 부산 상속등기 부산 법무사 해운대 법무사 센텀 법무사 상속 안내 아래 상세 안내에서 절차·주의사항·준비 포인트를 확인하실 수 있습니다. 상속 상담 부산 상속등기 부산 법무사 해운대 법무사 센텀 법무사 상담 시 확인하는 내용 부산 상속등기 상담 전 준비사항 사건은 서류·관할·기한에 따라 진행 순서가 달라집니다.,244,0,,상속등기>/services/inheritance-registration || 한정승인>/services/qualified-acceptance || 블로그 안내>/blog || FAQ>/faq || 상담 문의>/contact || 부산 상속등기 허브로 돌아가기>/부산상속등기 || 부산 상속 법무사>/부산상속법무사 || 부산 상속재산분할>/부산상속재산분할법무사 || 부산 상속등기 비용 안내>/상속등기비용 || 부산 상속등기 필요서류>/상속등기필요서류 || 부산 상속등기 기간·기한>/상속등기기간 || 부산 상속포기 절차>/부산상속포기,홈 > 블로그 > 부산 상속등기 상담 전 준비사항,yes,WebPage,,SERP_UNVERIFIED,other,inheritance-registration,부산·해운대·센텀에서상속등기상담을받기전에준비하면시간을절약할수있는자료와질문목록을정리합니다.부산지역의뢰인을위한상속안내글입니다.현재상황과목표를전화·메
/blog/busan-inheritance-registration-procedure-documents,generated,"index,follow",yes,/blog/busan-inheritance-registration-procedure-documents,부산 상속등기 절차·준비서류 | 다옴법무사사무소,"부산 상속등기 신청 절차, 필요 서류, 관할 등기소 안내. 안윤정 법무사 상담. 해운대·센텀 다옴법무사사무소에서 전화·카카오톡·방문(예약) 상담이 가능합니다.",부산 상속등기 절차·준비서류 | 다옴법무사사무소,"부산 상속등기 신청 절차, 필요 서류, 관할 등기소 안내. 안윤정 법무사 상담. 해운대·센텀 다옴법무사사무소에서 전화·카카오톡·방문(예약) 상담이 가능합니다.",부산 상속등기 절차와 준비서류,상속 안내 | 상담 시 확인하는 내용,부산에서 상속등기를 진행할 때 필요한 절차와 서류를 단계별로 정리합니다. 다옴법무사사무소 안윤정 법무사가 실무 기준으로 안내합니다. 부산 지역 의뢰인을 위한 상속 안내 글입니다. 현재 상황과 목표를 전화·메시지·방문(예약)으로 확인합니다. 관할 법원·등기소와 필요 서류를 사건별로 정리해 안내합니다. 서류 작성·보정이 필요하면 단계별로 검토합니다. 접수 후 진행 상황을 공유하고 완료·후속 조치까지 확인합니다. 신분증·인감증명서(사건에 따라 주민등록등본 등) 등기부등본·계약서·협의서 등 사건 관련 핵심 서류 가족관계증명서·재산 목록(상속·가사 해당 시) 기타 상담 시 추가로 요청드리는 서류 상속등기 부산 상속등기 해운대 법무사 상속 안내 아래 상세 안내에서 절차·주의사항·준비 포인트를 확인하실 수 있습니다. 상속등기 부산 상속등기 해운대 법무사 상담 시 확인하는 내용 부산 상속등기 절차와 준비서류 사건은 서류·관할·기한에 따라 진행 순서가 달라집니다. 다옴법무사사무소는 부산 해운대구·센,231,1,/situations/parent-passed-away::부산 상속등기 절차·서류,상속등기>/services/inheritance-registration || 블로그 안내>/blog || FAQ>/faq || 상담 문의>/contact || 부산 상속등기 허브로 돌아가기>/부산상속등기 || 부산 상속 법무사>/부산상속법무사 || 부산 상속재산분할>/부산상속재산분할법무사 || 부산 상속등기 비용 안내>/상속등기비용 || 부산 상속등기 필요서류>/상속등기필요서류 || 부산 상속등기 기간·기한>/상속등기기간 || 부산 상속포기 절차>/부산상속포기 || 부산 한정승인 안내>/부산한정승인,홈 > 블로그 > 부산 상속등기 절차와 준비서류,yes,WebPage,,SERP_UNVERIFIED,other,inheritance-registration,부산에서상속등기를진행할때필요한절차와서류를단계별로정리합니다.다옴법무사사무소안윤정법무사가실무기준으로안내합니다.부산지역의뢰인을위한상속안내글입니다.현재
/blog/delaying-inheritance-registration-risks,generated,"index,follow",yes,/blog/delaying-inheritance-registration-risks,상속등기 미루면 생기는 문제 | 다옴법무사사무소,"상속등기 기한 초과 시 과태료, 매매 제한 등 주의사항. 부산 상속등기 상담. 해운대·센텀 다옴법무사사무소에서 전화·카카오톡·방문(예약) 상담이 가능합니다.",상속등기 미루면 생기는 문제 | 다옴법무사사무소,"상속등기 기한 초과 시 과태료, 매매 제한 등 주의사항. 부산 상속등기 상담. 해운대·센텀 다옴법무사사무소에서 전화·카카오톡·방문(예약) 상담이 가능합니다.",상속등기를 미루면 생기는 문제,상속 안내 | 상담 시 확인하는 내용,"상속등기를 늦출 때 발생할 수 있는 과태료, 거래 제한, 가족 간 분쟁 등을 정리합니다. 다옴법무사사무소 안윤정 법무사. 부산 지역 의뢰인을 위한 상속 안내 글입니다. 현재 상황과 목표를 전화·메시지·방문(예약)으로 확인합니다. 관할 법원·등기소와 필요 서류를 사건별로 정리해 안내합니다. 서류 작성·보정이 필요하면 단계별로 검토합니다. 접수 후 진행 상황을 공유하고 완료·후속 조치까지 확인합니다. 신분증·인감증명서(사건에 따라 주민등록등본 등) 등기부등본·계약서·협의서 등 사건 관련 핵심 서류 가족관계증명서·재산 목록(상속·가사 해당 시) 기타 상담 시 추가로 요청드리는 서류 상속등기 과태료 부산 법무사 상속 안내 아래 상세 안내에서 절차·주의사항·준비 포인트를 확인하실 수 있습니다. 상속등기 과태료 부산 법무사 상담 시 확인하는 내용 상속등기를 미루면 생기는 문제 사건은 서류·관할·기한에 따라 진행 순서가 달라집니다. 다옴법무사사무소는 부산 해운대구·센텀에서 상속등기·부동산등기·법",231,19,/부산재개발등기::상속등기 지연 위험 || /부산신축아파트소유권이전등기::상속등기 지연 위험 || /부산토지상속등기::상속등기 지연 위험 || /재개발등기비용::상속등기 지연 위험 || /재건축등기비용::상속등기 지연 위험 || /재개발등기필요서류::상속등기 지연 위험 || /재건축등기필요서류::상속등기 지연 위험 || /재개발등기보수표::상속등기 지연 위험 || /재개발등기기한::상속등기 지연 위험 || /재건축등기보수표::상속등기 지연 위험 || /재건축등기기한::상속등기 지연 위험 || /기장군재개발등기::상속등기 지연 위험,상속등기>/services/inheritance-registration || 블로그 안내>/blog || FAQ>/faq || 상담 문의>/contact || 부산 재개발·재건축 등기 허브로 돌아가기>/부산재개발등기 || 부산 재건축등기>/부산재건축등기 || 해운대 재개발 상속등기>/해운대재개발상속등기 || 신축 아파트 소유권이전등기>/부산신축아파트소유권이전등기 || 부산 토지 상속등기>/부산토지상속등기 || 부산 상속등기>/부산상속등기 || 부산 부동산등기>/부산부동산등기 || 부동산등기 업무>/services/real-estate-registration,홈 > 블로그 > 상속등기를 미루면 생기는 문제,yes,WebPage,,SERP_UNVERIFIED,other,inheritance-registration,"상속등기를늦출때발생할수있는과태료,거래제한,가족간분쟁등을정리합니다.다옴법무사사무소안윤정법무사.부산지역의뢰인을위한상속안내글입니다.현재상황과목표를전화"
/blog/how-to-check-deceased-parent-debt,generated,"index,follow",yes,/blog/how-to-check-deceased-parent-debt,돌아가신 부모님 빚 확인 방법｜부산 상속 법무사 | 다옴법무사사무소,"피상속인 채무 조회 방법, 금융·세금·보증 채무 확인 순서. 한정승인 전 상담은 해운대 다옴법무사사무소. 해운대·센텀 다옴법무사사무소에서 전화·카카오톡·방문(예약) 상담이 가능합니다.",돌아가신 부모님 빚 확인 방법｜부산 상속 법무사 | 다옴법무사사무소,"피상속인 채무 조회 방법, 금융·세금·보증 채무 확인 순서. 한정승인 전 상담은 해운대 다옴법무사사무소. 해운대·센텀 다옴법무사사무소에서 전화·카카오톡·방문(예약) 상담이 가능합니다.",돌아가신 부모님 빚 확인 방법,상속 안내 | 상담 시 확인하는 내용,"피상속인 사망 후 채무를 어디서 어떻게 확인하는지, 한정승인·상속포기 판단 전에 꼭 볼 항목을 정리합니다. 부산 지역 의뢰인을 위한 상속 안내 글입니다. 현재 상황과 목표를 전화·메시지·방문(예약)으로 확인합니다. 관할 법원·등기소와 필요 서류를 사건별로 정리해 안내합니다. 서류 작성·보정이 필요하면 단계별로 검토합니다. 접수 후 진행 상황을 공유하고 완료·후속 조치까지 확인합니다. 신분증·인감증명서(사건에 따라 주민등록등본 등) 등기부등본·계약서·협의서 등 사건 관련 핵심 서류 가족관계증명서·재산 목록(상속·가사 해당 시) 기타 상담 시 추가로 요청드리는 서류 상속 채무 빚 확인 부산 법무사 해운대 법무사 센텀 법무사 상속 안내 아래 상세 안내에서 절차·주의사항·준비 포인트를 확인하실 수 있습니다. 상속 채무 빚 확인 부산 법무사 해운대 법무사 센텀 법무사 상담 시 확인하는 내용 돌아가신 부모님 빚 확인 방법 사건은 서류·관할·기한에 따라 진행 순서가 달라집니다. 다옴법무사사무소는",244,0,,한정승인>/services/qualified-acceptance || 상속포기>/services/inheritance-renunciation || 블로그 안내>/blog || FAQ>/faq || 상담 문의>/contact || 부산 한정승인 허브로 돌아가기>/부산한정승인 || 한정승인 비용>/한정승인비용 || 한정승인 기한>/한정승인기간 || 부산 상속포기>/부산상속포기 || 부산 상속등기>/부산상속등기 || 부산가정법원 한정승인>/부산가정법원상속 || 한정승인 상담 사례>/services/cases/dongnae-qualified-acceptance-consultation,홈 > 블로그 > 돌아가신 부모님 빚 확인 방법,yes,WebPage,,SERP_UNVERIFIED,other,qualified-acceptance,"피상속인사망후채무를어디서어떻게확인하는지,한정승인·상속포기판단전에꼭볼항목을정리합니다.부산지역의뢰인을위한상속안내글입니다.현재상황과목표를전화·메시지·"
/blog/inheritance-division-agreement-cautions,generated,"index,follow",yes,/blog/inheritance-division-agreement-cautions,상속재산분할협의서 작성 주의｜부산 법무사 | 다옴법무사사무소,"상속재산분할협의서 필수 조항, 부동산·예금 분할 시 확인 사항. 해운대·센텀 상속등기 상담. 해운대·센텀 다옴법무사사무소에서 전화·카카오톡·방문(예약) 상담이 가능합니다.",상속재산분할협의서 작성 주의｜부산 법무사 | 다옴법무사사무소,"상속재산분할협의서 필수 조항, 부동산·예금 분할 시 확인 사항. 해운대·센텀 상속등기 상담. 해운대·센텀 다옴법무사사무소에서 전화·카카오톡·방문(예약) 상담이 가능합니다.",상속재산분할협의서 작성 전 주의사항,상속 안내 | 상담 시 확인하는 내용,공동상속인이 상속재산분할협의서를 작성할 때 흔한 실수와 반드시 확인할 조항을 안내합니다. 부산 지역 의뢰인을 위한 상속 안내 글입니다. 현재 상황과 목표를 전화·메시지·방문(예약)으로 확인합니다. 관할 법원·등기소와 필요 서류를 사건별로 정리해 안내합니다. 서류 작성·보정이 필요하면 단계별로 검토합니다. 접수 후 진행 상황을 공유하고 완료·후속 조치까지 확인합니다. 신분증·인감증명서(사건에 따라 주민등록등본 등) 등기부등본·계약서·협의서 등 사건 관련 핵심 서류 가족관계증명서·재산 목록(상속·가사 해당 시) 기타 상담 시 추가로 요청드리는 서류 상속재산분할 분할협의서 부산 법무사 해운대 법무사 센텀 법무사 상속 안내 아래 상세 안내에서 절차·주의사항·준비 포인트를 확인하실 수 있습니다. 상속재산분할 분할협의서 부산 법무사 해운대 법무사 센텀 법무사 상담 시 확인하는 내용 상속재산분할협의서 작성 전 주의사항 사건은 서류·관할·기한에 따라 진행 순서가 달라집니다. 다옴법무사사무소는 부산,232,0,,상속등기>/services/inheritance-registration || 블로그 안내>/blog || FAQ>/faq || 상담 문의>/contact || 부산 상속등기 허브로 돌아가기>/부산상속등기 || 부산 상속 법무사>/부산상속법무사 || 부산 상속재산분할>/부산상속재산분할법무사 || 부산 상속등기 비용 안내>/상속등기비용 || 부산 상속등기 필요서류>/상속등기필요서류 || 부산 상속등기 기간·기한>/상속등기기간 || 부산 상속포기 절차>/부산상속포기 || 부산 한정승인 안내>/부산한정승인,홈 > 블로그 > 상속재산분할협의서 작성 전 주의사항,yes,WebPage,,SERP_UNVERIFIED,other,inheritance-registration,공동상속인이상속재산분할협의서를작성할때흔한실수와반드시확인할조항을안내합니다.부산지역의뢰인을위한상속안내글입니다.현재상황과목표를전화·메시지·방문(예약)
/blog/inheritance-registration-documents-checklist,generated,"index,follow",yes,/blog/inheritance-registration-documents-checklist,상속등기 필요서류 목록｜부산 법무사 | 다옴법무사사무소,"상속등기 공통·추가 서류, 공동상속·근저당 있는 경우. 해운대·센텀 상속등기 상담. 해운대·센텀 다옴법무사사무소에서 전화·카카오톡·방문(예약) 상담이 가능합니다.",상속등기 필요서류 목록｜부산 법무사 | 다옴법무사사무소,"상속등기 공통·추가 서류, 공동상속·근저당 있는 경우. 해운대·센텀 상속등기 상담. 해운대·센텀 다옴법무사사무소에서 전화·카카오톡·방문(예약) 상담이 가능합니다.",상속등기 필요서류 한눈에 보기,상속 안내 | 상담 시 확인하는 내용,상속등기 신청 시 일반적으로 필요한 서류와 공동상속·부동산 유형별 추가 서류를 정리합니다. 부산 지역 의뢰인을 위한 상속 안내 글입니다. 현재 상황과 목표를 전화·메시지·방문(예약)으로 확인합니다. 관할 법원·등기소와 필요 서류를 사건별로 정리해 안내합니다. 서류 작성·보정이 필요하면 단계별로 검토합니다. 접수 후 진행 상황을 공유하고 완료·후속 조치까지 확인합니다. 신분증·인감증명서(사건에 따라 주민등록등본 등) 등기부등본·계약서·협의서 등 사건 관련 핵심 서류 가족관계증명서·재산 목록(상속·가사 해당 시) 기타 상담 시 추가로 요청드리는 서류 상속등기 서류 필요서류 부산 법무사 해운대 법무사 센텀 법무사 상속 안내 아래 상세 안내에서 절차·주의사항·준비 포인트를 확인하실 수 있습니다. 상속등기 서류 필요서류 부산 법무사 해운대 법무사 센텀 법무사 상담 시 확인하는 내용 상속등기 필요서류 한눈에 보기 사건은 서류·관할·기한에 따라 진행 순서가 달라집니다. 다옴법무사사무소는 부산 해,235,0,,상속등기>/services/inheritance-registration || 블로그 안내>/blog || FAQ>/faq || 상담 문의>/contact || 부산 상속등기 허브로 돌아가기>/부산상속등기 || 부산 상속 법무사>/부산상속법무사 || 부산 상속재산분할>/부산상속재산분할법무사 || 부산 상속등기 비용 안내>/상속등기비용 || 부산 상속등기 필요서류>/상속등기필요서류 || 부산 상속등기 기간·기한>/상속등기기간 || 부산 상속포기 절차>/부산상속포기 || 부산 한정승인 안내>/부산한정승인,홈 > 블로그 > 상속등기 필요서류 한눈에 보기,yes,WebPage,,SERP_UNVERIFIED,other,inheritance-registration,상속등기신청시일반적으로필요한서류와공동상속·부동산유형별추가서류를정리합니다.부산지역의뢰인을위한상속안내글입니다.현재상황과목표를전화·메시지·방문(예약)
/blog/inheritance-registration-priority-after-parent-death,generated,"index,follow",yes,/blog/inheritance-registration-priority-after-parent-death,부모님 사망 후 상속등기 먼저? 순서… | 다옴법무사사무소,"사망 직후 상속등기·상속포기·한정승인 중 무엇을 먼저 볼지, 3개월 기한과 준비 순서. 해운대·센텀 다옴법무사사무소. 해운대·센텀 다옴법무사사무소에서 전화·카카오톡·방문(예약) 상담이 가능합니다.",부모님 사망 후 상속등기 먼저? 순서… | 다옴법무사사무소,"사망 직후 상속등기·상속포기·한정승인 중 무엇을 먼저 볼지, 3개월 기한과 준비 순서. 해운대·센텀 다옴법무사사무소. 해운대·센텀 다옴법무사사무소에서 전화·카카오톡·방문(예약) 상담이 가능합니다.",부모님 사망 후 상속등기를 먼저 해야 하나요,상속 안내 | 상담 시 확인하는 내용,"부모님 사망 직후 상속포기·한정승인·상속등기 중 무엇을 먼저 봐야 하는지, 부산 상속 상담 전에 정리할 순서를 안내합니다. 부산 지역 의뢰인을 위한 상속 안내 글입니다. 현재 상황과 목표를 전화·메시지·방문(예약)으로 확인합니다. 관할 법원·등기소와 필요 서류를 사건별로 정리해 안내합니다. 서류 작성·보정이 필요하면 단계별로 검토합니다. 접수 후 진행 상황을 공유하고 완료·후속 조치까지 확인합니다. 신분증·인감증명서(사건에 따라 주민등록등본 등) 등기부등본·계약서·협의서 등 사건 관련 핵심 서류 가족관계증명서·재산 목록(상속·가사 해당 시) 기타 상담 시 추가로 요청드리는 서류 상속등기 사망 후 절차 부산 법무사 해운대 법무사 센텀 법무사 상속 안내 아래 상세 안내에서 절차·주의사항·준비 포인트를 확인하실 수 있습니다. 상속등기 사망 후 절차 부산 법무사 해운대 법무사 센텀 법무사 상담 시 확인하는 내용 부모님 사망 후 상속등기를 먼저 해야 하나요 사건은 서류·관할·기한에 따라 진행",254,0,,상속등기>/services/inheritance-registration || 상속포기>/services/inheritance-renunciation || 한정승인>/services/qualified-acceptance || 블로그 안내>/blog || FAQ>/faq || 상담 문의>/contact || 부산 상속등기 허브로 돌아가기>/부산상속등기 || 부산 상속 법무사>/부산상속법무사 || 부산 상속재산분할>/부산상속재산분할법무사 || 부산 상속등기 비용 안내>/상속등기비용 || 부산 상속등기 필요서류>/상속등기필요서류 || 부산 상속등기 기간·기한>/상속등기기간,홈 > 블로그 > 부모님 사망 후 상속등기를 먼저 해야 하나요,yes,WebPage,,SERP_UNVERIFIED,other,inheritance-registration,"부모님사망직후상속포기·한정승인·상속등기중무엇을먼저봐야하는지,부산상속상담전에정리할순서를안내합니다.부산지역의뢰인을위한상속안내글입니다.현재상황과목표를"
/blog/inheritance-renunciation-vs-qualified-acceptance,generated,"index,follow",yes,/blog/inheritance-renunciation-vs-qualified-acceptance,상속포기와 한정승인 비교 | 다옴법무사사무소,"상속포기와 한정승인 차이, 신고 기한, 선택 기준. 부산 상속 채무 상담은 안윤정 법무사. 해운대·센텀 다옴법무사사무소에서 전화·카카오톡·방문(예약) 상담이 가능합니다.",상속포기와 한정승인 비교 | 다옴법무사사무소,"상속포기와 한정승인 차이, 신고 기한, 선택 기준. 부산 상속 채무 상담은 안윤정 법무사. 해운대·센텀 다옴법무사사무소에서 전화·카카오톡·방문(예약) 상담이 가능합니다.",상속포기와 한정승인의 차이,상속 안내 | 상담 시 확인하는 내용,채무가 있는 상속에서 상속포기와 한정승인의 차이와 선택 기준을 정리합니다. 다옴법무사사무소 안윤정 법무사. 부산 지역 의뢰인을 위한 상속 안내 글입니다. 현재 상황과 목표를 전화·메시지·방문(예약)으로 확인합니다. 관할 법원·등기소와 필요 서류를 사건별로 정리해 안내합니다. 서류 작성·보정이 필요하면 단계별로 검토합니다. 접수 후 진행 상황을 공유하고 완료·후속 조치까지 확인합니다. 신분증·인감증명서(사건에 따라 주민등록등본 등) 등기부등본·계약서·협의서 등 사건 관련 핵심 서류 가족관계증명서·재산 목록(상속·가사 해당 시) 기타 상담 시 추가로 요청드리는 서류 상속포기 한정승인 부산 법무사 상속 안내 아래 상세 안내에서 절차·주의사항·준비 포인트를 확인하실 수 있습니다. 상속포기 한정승인 부산 법무사 상담 시 확인하는 내용 상속포기와 한정승인의 차이 사건은 서류·관할·기한에 따라 진행 순서가 달라집니다. 다옴법무사사무소는 부산 해운대구·센텀에서 상속등기·부동산등기·법인등기·개인회생,222,48,/한정승인비용::상속포기·한정승인 비교 || /부산상속포기전문법무사::상속포기 vs 한정승인 || /상속포기상담::상속포기 vs 한정승인 || /한정승인상담::상속포기·한정승인 비교 || /부산진구상속포기::상속포기 vs 한정승인 || /부산진구한정승인::상속포기·한정승인 비교 || /수영구한정승인::상속포기·한정승인 비교 || /상속포기필요서류::상속포기 vs 한정승인 || /한정승인필요서류::상속포기·한정승인 비교 || /북구한정승인::상속포기·한정승인 비교 || /상속포기기한::상속포기 vs 한정승인 || /한정승인기한::상속포기·한정승인 비교,상속포기>/services/inheritance-renunciation || 한정승인>/services/qualified-acceptance || 블로그 안내>/blog || FAQ>/faq || 상담 문의>/contact || 부산 상속포기 허브로 돌아가기>/부산상속포기 || 상속포기 비용>/상속포기비용 || 상속포기 필요서류>/상속포기필요서류 || 부산 한정승인 비교>/부산한정승인 || 부산가정법원 상속포기>/부산가정법원상속포기 || 부산 상속등기>/부산상속등기 || 채무 과다 시 개인회생>/부산개인회생,홈 > 블로그 > 상속포기와 한정승인의 차이,yes,WebPage,,SERP_UNVERIFIED,other,inheritance-renunciation,채무가있는상속에서상속포기와한정승인의차이와선택기준을정리합니다.다옴법무사사무소안윤정법무사.부산지역의뢰인을위한상속안내글입니다.현재상황과목표를전화·메시
/blog/minor-heir-inheritance-guide,generated,"index,follow",yes,/blog/minor-heir-inheritance-guide,미성년자 상속인 절차｜부산 법무사 | 다옴법무사사무소,"미성년 상속인 법정대리인, 분할협의서, 상속등기 서류. 해운대·센텀 가정·상속 상담. 해운대·센텀 다옴법무사사무소에서 전화·카카오톡·방문(예약) 상담이 가능합니다.",미성년자 상속인 절차｜부산 법무사 | 다옴법무사사무소,"미성년 상속인 법정대리인, 분할협의서, 상속등기 서류. 해운대·센텀 가정·상속 상담. 해운대·센텀 다옴법무사사무소에서 전화·카카오톡·방문(예약) 상담이 가능합니다.",미성년자가 상속인일 때,상속 안내 | 상담 시 확인하는 내용,"미성년자가 상속인인 경우 법정대리인, 상속재산분할, 상속등기 절차에서 필요한 사항을 정리합니다. 부산 지역 의뢰인을 위한 상속 안내 글입니다. 현재 상황과 목표를 전화·메시지·방문(예약)으로 확인합니다. 관할 법원·등기소와 필요 서류를 사건별로 정리해 안내합니다. 서류 작성·보정이 필요하면 단계별로 검토합니다. 접수 후 진행 상황을 공유하고 완료·후속 조치까지 확인합니다. 신분증·인감증명서(사건에 따라 주민등록등본 등) 등기부등본·계약서·협의서 등 사건 관련 핵심 서류 가족관계증명서·재산 목록(상속·가사 해당 시) 기타 상담 시 추가로 요청드리는 서류 미성년 상속인 상속등기 부산 법무사 해운대 법무사 센텀 법무사 상속 안내 아래 상세 안내에서 절차·주의사항·준비 포인트를 확인하실 수 있습니다. 미성년 상속인 상속등기 부산 법무사 해운대 법무사 센텀 법무사 상담 시 확인하는 내용 미성년자가 상속인일 때 사건은 서류·관할·기한에 따라 진행 순서가 달라집니다. 다옴법무사사무소는 부산 해운",230,1,/미성년상속인::미성년 상속인 안내(블로그),상속등기>/services/inheritance-registration || 블로그 안내>/blog || FAQ>/faq || 상담 문의>/contact || 부산 상속등기 허브로 돌아가기>/부산상속등기 || 부산 상속 법무사>/부산상속법무사 || 부산 상속재산분할>/부산상속재산분할법무사 || 부산 상속등기 비용 안내>/상속등기비용 || 부산 상속등기 필요서류>/상속등기필요서류 || 부산 상속등기 기간·기한>/상속등기기간 || 부산 상속포기 절차>/부산상속포기 || 부산 한정승인 안내>/부산한정승인,홈 > 블로그 > 미성년자가 상속인일 때,yes,WebPage,,SERP_UNVERIFIED,other,inheritance-registration,"미성년자가상속인인경우법정대리인,상속재산분할,상속등기절차에서필요한사항을정리합니다.부산지역의뢰인을위한상속안내글입니다.현재상황과목표를전화·메시지·방문"
/blog/overseas-heir-inheritance-busan,generated,"index,follow",yes,/blog/overseas-heir-inheritance-busan,해외 거주 상속인 상속등기｜부산 법무사 | 다옴법무사사무소,"해외 상속인 위임장·영사확인·공증, 상속재산분할. 부산·해운대 국제 상속 상담. 해운대·센텀 다옴법무사사무소에서 전화·카카오톡·방문(예약) 상담이 가능합니다.",해외 거주 상속인 상속등기｜부산 법무사 | 다옴법무사사무소,"해외 상속인 위임장·영사확인·공증, 상속재산분할. 부산·해운대 국제 상속 상담. 해운대·센텀 다옴법무사사무소에서 전화·카카오톡·방문(예약) 상담이 가능합니다.",해외 거주 상속인이 있을 때,상속 안내 | 상담 시 확인하는 내용,해외에 사는 상속인이 있는 경우 위임장·공증·상속등기 절차와 부산에서 준비할 사항을 정리합니다. 부산 지역 의뢰인을 위한 상속 안내 글입니다. 현재 상황과 목표를 전화·메시지·방문(예약)으로 확인합니다. 관할 법원·등기소와 필요 서류를 사건별로 정리해 안내합니다. 서류 작성·보정이 필요하면 단계별로 검토합니다. 접수 후 진행 상황을 공유하고 완료·후속 조치까지 확인합니다. 신분증·인감증명서(사건에 따라 주민등록등본 등) 등기부등본·계약서·협의서 등 사건 관련 핵심 서류 가족관계증명서·재산 목록(상속·가사 해당 시) 기타 상담 시 추가로 요청드리는 서류 해외 상속인 상속등기 부산 법무사 해운대 법무사 센텀 법무사 상속 안내 아래 상세 안내에서 절차·주의사항·준비 포인트를 확인하실 수 있습니다. 해외 상속인 상속등기 부산 법무사 해운대 법무사 센텀 법무사 상담 시 확인하는 내용 해외 거주 상속인이 있을 때 사건은 서류·관할·기한에 따라 진행 순서가 달라집니다. 다옴법무사사무소는 부산 해,239,1,/해외거주상속인::해외 상속인 안내(블로그),상속등기>/services/inheritance-registration || 블로그 안내>/blog || FAQ>/faq || 상담 문의>/contact || 부산 상속등기 허브로 돌아가기>/부산상속등기 || 부산 상속 법무사>/부산상속법무사 || 부산 상속재산분할>/부산상속재산분할법무사 || 부산 상속등기 비용 안내>/상속등기비용 || 부산 상속등기 필요서류>/상속등기필요서류 || 부산 상속등기 기간·기한>/상속등기기간 || 부산 상속포기 절차>/부산상속포기 || 부산 한정승인 안내>/부산한정승인,홈 > 블로그 > 해외 거주 상속인이 있을 때,yes,WebPage,,SERP_UNVERIFIED,other,inheritance-registration,해외에사는상속인이있는경우위임장·공증·상속등기절차와부산에서준비할사항을정리합니다.부산지역의뢰인을위한상속안내글입니다.현재상황과목표를전화·메시지·방문(
/blog/three-months-after-death-inheritance,generated,"index,follow",yes,/blog/three-months-after-death-inheritance,사망 후 3개월 지나면?｜부산 상속 법무사 | 다옴법무사사무소,"상속포기·한정승인 3개월 기한, 단순승인·상속등기 과태료. 해운대·센텀 긴급 상담. 해운대·센텀 다옴법무사사무소에서 전화·카카오톡·방문(예약) 상담이 가능합니다.",사망 후 3개월 지나면?｜부산 상속 법무사 | 다옴법무사사무소,"상속포기·한정승인 3개월 기한, 단순승인·상속등기 과태료. 해운대·센텀 긴급 상담. 해운대·센텀 다옴법무사사무소에서 전화·카카오톡·방문(예약) 상담이 가능합니다.",사망 후 3개월이 지났을 때,상속 안내 | 상담 시 확인하는 내용,상속 개시 후 3개월이 지난 뒤 상속포기·한정승인·상속등기·과태료 등에서 달라지는 점을 정리합니다. 부산 지역 의뢰인을 위한 상속 안내 글입니다. 현재 상황과 목표를 전화·메시지·방문(예약)으로 확인합니다. 관할 법원·등기소와 필요 서류를 사건별로 정리해 안내합니다. 서류 작성·보정이 필요하면 단계별로 검토합니다. 접수 후 진행 상황을 공유하고 완료·후속 조치까지 확인합니다. 신분증·인감증명서(사건에 따라 주민등록등본 등) 등기부등본·계약서·협의서 등 사건 관련 핵심 서류 가족관계증명서·재산 목록(상속·가사 해당 시) 기타 상담 시 추가로 요청드리는 서류 상속 3개월 한정승인 기한 상속등기 과태료 부산 법무사 해운대 법무사 상속 안내 아래 상세 안내에서 절차·주의사항·준비 포인트를 확인하실 수 있습니다. 상속 3개월 한정승인 기한 상속등기 과태료 부산 법무사 해운대 법무사 센텀 법무사 상담 시 확인하는 내용 사망 후 3개월이 지났을 때 사건은 서류·관할·기한에 따라 진행 순서가 달라,243,1,/사망후3개월지난상속::3개월 경과 안내(블로그),한정승인>/services/qualified-acceptance || 상속포기>/services/inheritance-renunciation || 상속등기>/services/inheritance-registration || 블로그 안내>/blog || FAQ>/faq || 상담 문의>/contact || 부산 한정승인 허브로 돌아가기>/부산한정승인 || 한정승인 비용>/한정승인비용 || 한정승인 기한>/한정승인기간 || 부산 상속포기>/부산상속포기 || 부산 상속등기>/부산상속등기 || 부산가정법원 한정승인>/부산가정법원상속,홈 > 블로그 > 사망 후 3개월이 지났을 때,yes,WebPage,,SERP_UNVERIFIED,other,qualified-acceptance,상속개시후3개월이지난뒤상속포기·한정승인·상속등기·과태료등에서달라지는점을정리합니다.부산지역의뢰인을위한상속안내글입니다.현재상황과목표를전화·메시지·방
/blog/when-siblings-refuse-inheritance-registration,generated,"index,follow",yes,/blog/when-siblings-refuse-inheritance-registration,형제 상속등기 협조 거부 대응｜부산 법무사 | 다옴법무사사무소,공동상속인이 등기에 협조하지 않을 때 분할협의·지분등기·소송 검토 순서. 센텀·해운대 상속 상담. 해운대·센텀 다옴법무사사무소에서 전화·카카오톡·방문(예약) 상담이 가능합니다.,형제 상속등기 협조 거부 대응｜부산 법무사 | 다옴법무사사무소,공동상속인이 등기에 협조하지 않을 때 분할협의·지분등기·소송 검토 순서. 센텀·해운대 상속 상담. 해운대·센텀 다옴법무사사무소에서 전화·카카오톡·방문(예약) 상담이 가능합니다.,형제가 상속등기 협조를 안 할 때,상속 안내 | 상담 시 확인하는 내용,공동상속인인 형제·자매가 상속등기 서류에 협조하지 않을 때 확인할 점과 대응 방향을 정리합니다. 부산 지역 의뢰인을 위한 상속 안내 글입니다. 현재 상황과 목표를 전화·메시지·방문(예약)으로 확인합니다. 관할 법원·등기소와 필요 서류를 사건별로 정리해 안내합니다. 서류 작성·보정이 필요하면 단계별로 검토합니다. 접수 후 진행 상황을 공유하고 완료·후속 조치까지 확인합니다. 신분증·인감증명서(사건에 따라 주민등록등본 등) 등기부등본·계약서·협의서 등 사건 관련 핵심 서류 가족관계증명서·재산 목록(상속·가사 해당 시) 기타 상담 시 추가로 요청드리는 서류 공동상속 상속등기 형제 상속 부산 법무사 해운대 법무사 상속 안내 아래 상세 안내에서 절차·주의사항·준비 포인트를 확인하실 수 있습니다. 공동상속 상속등기 형제 상속 부산 법무사 해운대 법무사 센텀 법무사 상담 시 확인하는 내용 형제가 상속등기 협조를 안 할 때 사건은 서류·관할·기한에 따라 진행 순서가 달라집니다. 다옴법무사사무소는 ,244,0,,상속등기>/services/inheritance-registration || 블로그 안내>/blog || FAQ>/faq || 상담 문의>/contact || 부산 상속등기 허브로 돌아가기>/부산상속등기 || 부산 상속 법무사>/부산상속법무사 || 부산 상속재산분할>/부산상속재산분할법무사 || 부산 상속등기 비용 안내>/상속등기비용 || 부산 상속등기 필요서류>/상속등기필요서류 || 부산 상속등기 기간·기한>/상속등기기간 || 부산 상속포기 절차>/부산상속포기 || 부산 한정승인 안내>/부산한정승인,홈 > 블로그 > 형제가 상속등기 협조를 안 할 때,yes,WebPage,,SERP_UNVERIFIED,other,inheritance-registration,공동상속인인형제·자매가상속등기서류에협조하지않을때확인할점과대응방향을정리합니다.부산지역의뢰인을위한상속안내글입니다.현재상황과목표를전화·메시지·방문(예
/services/cases/dongnae-qualified-acceptance-consultation,generated,"index,follow",yes,/services/cases/dongnae-qualified-acceptance-consultation,동래구 한정승인 상담 사례 | 다옴법무사사무소,채무·재산 동시 상속 한정승인 검토 사례. 안윤정 법무사. 해운대·센텀 다옴법무사사무소에서 전화·카카오톡·방문(예약) 상담이 가능합니다.,동래구 한정승인 상담 사례 | 다옴법무사사무소,채무·재산 동시 상속 한정승인 검토 사례. 안윤정 법무사. 해운대·센텀 다옴법무사사무소에서 전화·카카오톡·방문(예약) 상담이 가능합니다.,동래구 한정승인 상담 사례,사례 배경 | 상담 시 확인하는 내용,재산이 있으나 채무도 있는 상속에서 한정승인을 검토한 동래구 상담 사례. 다옴법무사사무소 안윤정 법무사. 동래에서 진행한 한정승인 유형 사례입니다. 현재 상황과 목표를 전화·메시지·방문(예약)으로 확인합니다. 관할 법원·등기소와 필요 서류를 사건별로 정리해 안내합니다. 서류 작성·보정이 필요하면 단계별로 검토합니다. 접수 후 진행 상황을 공유하고 완료·후속 조치까지 확인합니다. 신분증·인감증명서(사건에 따라 주민등록등본 등) 등기부등본·계약서·협의서 등 사건 관련 핵심 서류 가족관계증명서·재산 목록(상속·가사 해당 시) 기타 상담 시 추가로 요청드리는 서류 사례 배경 상담 시 확인한 쟁점과 진행 경과를 바탕으로 정리했습니다. 동일한 상황이라도 세부 사항에 따라 절차가 달라질 수 있습니다. 한정승인 동래구 부산 상속 상담 시 확인하는 내용 동래구 한정승인 상담 사례 사건은 서류·관할·기한에 따라 진행 순서가 달라집니다. 다옴법무사사무소는 부산 해운대구·센텀에서 상속등기·부동산등기·법인,211,43,/한정승인자가진단::한정승인 상담 사례 || /해운대구한정승인::해운대구에서 한정승인를 검토하는 대표 상황 자세히 보기 || /동래구한정승인::동래구에서 한정승인를 검토하는 대표 상황 자세히 보기 || /기장군한정승인::기장군에서 한정승인를 검토하는 대표 상황 자세히 보기 || /금정구한정승인::금정구에서 한정승인를 검토하는 대표 상황 자세히 보기 || /연제구한정승인::연제구에서 한정승인를 검토하는 대표 상황 자세히 보기 || /한정승인비용::한정승인 상담 사례 || /부산상속법무사::채무 불명확 한정승인 상담 자세히 보기 || /장례후재산채무정리::부산 장례 후 재산·채무 정리 참고 사례 자세히 보기 || /안심상속원스톱서비스이후::한정승인 상담 사례 || /부모빚상속방법::부산 부모 빚이 있는 경우 상속방법 참고 사례 자세히 보기 || /고인계좌장례비사용::한정승인 상담 사례,한정승인>/services/qualified-acceptance || 상속등기>/services/inheritance-registration || 업무 사례>/업무사례 || 업무안내>/services || 상담 문의>/contact || 부산 한정승인 허브로 돌아가기>/부산한정승인 || 한정승인 비용>/한정승인비용 || 한정승인 기한>/한정승인기간 || 부산 상속포기>/부산상속포기 || 부산 상속등기>/부산상속등기 || 부산가정법원 한정승인>/부산가정법원상속 || 한정승인 절차 FAQ>/faq/qualified-acceptance-procedure,홈 > 업무 사례 > 동래구 한정승인 상담 사례,yes,WebPage,,SERP_UNVERIFIED,other,qualified-acceptance,재산이있으나채무도있는상속에서한정승인을검토한동래구상담사례.다옴법무사사무소안윤정법무사.동래에서진행한한정승인유형사례입니다.현재상황과목표를전화·메시지·
/services/cases/gijang-land-inheritance-case,generated,"index,follow",yes,/services/cases/gijang-land-inheritance-case,기장군 토지 상속등기 사례 | 다옴법무사사무소,기장군 농지 상속등기 실무 사례. 부산·기장 안윤정 법무사. 해운대·센텀 다옴법무사사무소에서 전화·카카오톡·방문(예약) 상담이 가능합니다.,기장군 토지 상속등기 사례 | 다옴법무사사무소,기장군 농지 상속등기 실무 사례. 부산·기장 안윤정 법무사. 해운대·센텀 다옴법무사사무소에서 전화·카카오톡·방문(예약) 상담이 가능합니다.,기장군 토지 상속등기 사례,사례 배경 | 상담 시 확인하는 내용,"기장군 농지 상속등기 사건. 다옴법무사사무소 안윤정 법무사 실무 사례. 기장에서 진행한 상속등기 유형 사례입니다. 현재 상황과 목표를 전화·메시지·방문(예약)으로 확인합니다. 관할 법원·등기소와 필요 서류를 사건별로 정리해 안내합니다. 서류 작성·보정이 필요하면 단계별로 검토합니다. 접수 후 진행 상황을 공유하고 완료·후속 조치까지 확인합니다. 신분증·인감증명서(사건에 따라 주민등록등본 등) 등기부등본·계약서·협의서 등 사건 관련 핵심 서류 가족관계증명서·재산 목록(상속·가사 해당 시) 기타 상담 시 추가로 요청드리는 서류 사례 배경 상담 시 확인한 쟁점과 진행 경과를 바탕으로 정리했습니다. 동일한 상황이라도 세부 사항에 따라 절차가 달라질 수 있습니다. 상속등기 기장군 토지 상담 시 확인하는 내용 기장군 토지 상속등기 사례 사건은 서류·관할·기한에 따라 진행 순서가 달라집니다. 다옴법무사사무소는 부산 해운대구·센텀에서 상속등기·부동산등기·법인등기·개인회생·파산 등을 다루며, 의뢰인",202,26,/기장군상속등기::기장군에서 상속등기를 검토하는 대표 상황 자세히 보기 || /기장군부동산등기::기장군에서 부동산등기를 검토하는 대표 상황 자세히 보기 || /부산재개발등기::토지 상속 사례 || /부산신축아파트소유권이전등기::토지 상속 사례 || /부산토지상속등기::토지 상속 사례 || /오래된상속토지정리::부산 오래된 상속토지 정리 참고 사례 자세히 보기 || /재건축조합임원변경등기::토지 상속 사례 || /재개발등기비용::토지 상속 사례 || /재건축등기비용::토지 상속 사례 || /재개발등기필요서류::토지 상속 사례 || /재건축등기필요서류::토지 상속 사례 || /재개발등기보수표::토지 상속 사례,상속등기>/services/inheritance-registration || 업무 사례>/업무사례 || 업무안내>/services || 상담 문의>/contact || 부산 상속등기 허브로 돌아가기>/부산상속등기 || 부산 상속 법무사>/부산상속법무사 || 부산 상속재산분할>/부산상속재산분할법무사 || 부산 상속등기 비용 안내>/상속등기비용 || 부산 상속등기 필요서류>/상속등기필요서류 || 부산 상속등기 기간·기한>/상속등기기간 || 부산 상속포기 절차>/부산상속포기 || 부산 한정승인 안내>/부산한정승인,홈 > 업무 사례 > 기장군 토지 상속등기 사례,yes,WebPage,,SERP_UNVERIFIED,other,inheritance-registration,기장군농지상속등기사건.다옴법무사사무소안윤정법무사실무사례.기장에서진행한상속등기유형사례입니다.현재상황과목표를전화·메시지·방문(예약)으로확인합니다.관
/services/cases/haeundae-inheritance-registration-case,generated,"index,follow",yes,/services/cases/haeundae-inheritance-registration-case,해운대구 상속등기 사례 | 다옴법무사사무소,해운대 아파트 복수 상속인 상속등기 실무 사례. 안윤정 법무사. 해운대·센텀 다옴법무사사무소에서 전화·카카오톡·방문(예약) 상담이 가능합니다.,해운대구 상속등기 사례 | 다옴법무사사무소,해운대 아파트 복수 상속인 상속등기 실무 사례. 안윤정 법무사. 해운대·센텀 다옴법무사사무소에서 전화·카카오톡·방문(예약) 상담이 가능합니다.,해운대구 상속등기 사례,사례 배경 | 상담 시 확인하는 내용,복수 상속인이 있는 해운대구 아파트 상속등기 사건. 다옴법무사사무소 안윤정 법무사 실무 사례. 해운대에서 진행한 상속등기 유형 사례입니다. 현재 상황과 목표를 전화·메시지·방문(예약)으로 확인합니다. 관할 법원·등기소와 필요 서류를 사건별로 정리해 안내합니다. 서류 작성·보정이 필요하면 단계별로 검토합니다. 접수 후 진행 상황을 공유하고 완료·후속 조치까지 확인합니다. 신분증·인감증명서(사건에 따라 주민등록등본 등) 등기부등본·계약서·협의서 등 사건 관련 핵심 서류 가족관계증명서·재산 목록(상속·가사 해당 시) 기타 상담 시 추가로 요청드리는 서류 사례 배경 상담 시 확인한 쟁점과 진행 경과를 바탕으로 정리했습니다. 동일한 상황이라도 세부 사항에 따라 절차가 달라질 수 있습니다. 상속등기 해운대 부산 상속등기 상담 시 확인하는 내용 해운대구 상속등기 사례 사건은 서류·관할·기한에 따라 진행 순서가 달라집니다. 다옴법무사사무소는 부산 해운대구·센텀에서 상속등기·부동산등기·법인등기·개인,206,53,/::해운대 아파트 상속등기 사례 || /해운대구상속등기::해운대구에서 상속등기를 검토하는 대표 상황 자세히 보기 || /북구상속등기::북구에서 상속등기를 검토하는 대표 상황 자세히 보기 || /사상구상속등기::사상구에서 상속등기를 검토하는 대표 상황 자세히 보기 || /금정구상속등기::금정구에서 상속등기를 검토하는 대표 상황 자세히 보기 || /해운대법무사::해운대 아파트 상속등기 사례 || /부산등기법무사::해운대 상속등기 사례 || /부산상속법무사::해운대 아파트 상속등기 자세히 보기 || /부산상속재산분할법무사::해운대 상속등기 사례 || /부산상속등기전문::상속등기 상담 사례 || /부산법무사후기::상속등기 사례 || /부산상속법무사추천::부산 상속 법무사 추천 참고 사례 자세히 보기,상속등기>/services/inheritance-registration || 업무 사례>/업무사례 || 업무안내>/services || 상담 문의>/contact || 부산에서 법무사 찾을 때 허브로 돌아가기>/부산법무사 || 해운대·센텀 법무사 상담>/해운대법무사 || 센텀 법인·부동산 등기>/센텀법무사 || 부산 여성 법무사 상담>/부산여성법무사 || 부산 상속등기 절차>/부산상속등기 || 부산 법인등기 안내>/부산법인등기 || 부산 부동산등기>/부산부동산등기 || 부산 등기 법무사>/부산등기법무사,홈 > 업무 사례 > 해운대구 상속등기 사례,yes,WebPage,,SERP_UNVERIFIED,other,inheritance-registration,복수상속인이있는해운대구아파트상속등기사건.다옴법무사사무소안윤정법무사실무사례.해운대에서진행한상속등기유형사례입니다.현재상황과목표를전화·메시지·방문(예
/services/cases/jaesong-inheritance-renunciation-consultation,generated,"index,follow",yes,/services/cases/jaesong-inheritance-renunciation-consultation,재송동 상속포기 상담 사례 | 다옴법무사사무소,채무 상속 상속포기 검토 상담 사례. 해운대·재송동 안윤정 법무사. 해운대·센텀 다옴법무사사무소에서 전화·카카오톡·방문(예약) 상담이 가능합니다.,재송동 상속포기 상담 사례 | 다옴법무사사무소,채무 상속 상속포기 검토 상담 사례. 해운대·재송동 안윤정 법무사. 해운대·센텀 다옴법무사사무소에서 전화·카카오톡·방문(예약) 상담이 가능합니다.,재송동 상속포기 상담 사례,사례 배경 | 상담 시 확인하는 내용,채무가 있는 상속에서 상속포기를 검토한 재송동 인근 상담 사례. 다옴법무사사무소 안윤정 법무사. 재송동에서 진행한 상속포기 유형 사례입니다. 현재 상황과 목표를 전화·메시지·방문(예약)으로 확인합니다. 관할 법원·등기소와 필요 서류를 사건별로 정리해 안내합니다. 서류 작성·보정이 필요하면 단계별로 검토합니다. 접수 후 진행 상황을 공유하고 완료·후속 조치까지 확인합니다. 신분증·인감증명서(사건에 따라 주민등록등본 등) 등기부등본·계약서·협의서 등 사건 관련 핵심 서류 가족관계증명서·재산 목록(상속·가사 해당 시) 기타 상담 시 추가로 요청드리는 서류 사례 배경 상담 시 확인한 쟁점과 진행 경과를 바탕으로 정리했습니다. 동일한 상황이라도 세부 사항에 따라 절차가 달라질 수 있습니다. 상속포기 재송동 부산 상속 상담 시 확인하는 내용 재송동 상속포기 상담 사례 사건은 서류·관할·기한에 따라 진행 순서가 달라집니다. 다옴법무사사무소는 부산 해운대구·센텀에서 상속등기·부동산등기·법인등기·개,209,41,/상속포기자가진단::상속포기 상담 사례 || /해운대구상속포기::해운대구에서 상속포기를 검토하는 대표 상황 자세히 보기 || /연제구상속포기::연제구에서 상속포기를 검토하는 대표 상황 자세히 보기 || /기장군상속포기::기장군에서 상속포기를 검토하는 대표 상황 자세히 보기 || /북구상속포기::북구에서 상속포기를 검토하는 대표 상황 자세히 보기 || /사상구상속포기::사상구에서 상속포기를 검토하는 대표 상황 자세히 보기 || /수영구상속포기::수영구에서 상속포기를 검토하는 대표 상황 자세히 보기 || /상속포기비용::상속포기 상담 사례 || /부산상속포기전문법무사::상속포기 상담 사례 || /사망자재산채무조회::부산 사망자 재산·채무 조회 참고 사례 자세히 보기 || /상속포기후다음순위확인::상속포기 상담 사례 || /부산개명허가::상속포기 상담 사례,상속포기>/services/inheritance-renunciation || 한정승인>/services/qualified-acceptance || 업무 사례>/업무사례 || 업무안내>/services || 상담 문의>/contact || 부산 여성 법무사 허브로 돌아가기>/부산여성법무사 || 해운대 여성 법무사>/해운대여성법무사 || 센텀 여성 법무사>/센텀여성법무사 || 상속·가사 여성 법무사>/상속여성법무사 || 개인회생 여성 법무사>/개인회생여성법무사 || 부산 상속등기 편안한 상담>/부산상속등기 || 부산 상속포기 가정법원 신고>/부산상속포기,홈 > 업무 사례 > 재송동 상속포기 상담 사례,yes,WebPage,,SERP_UNVERIFIED,other,inheritance-renunciation,채무가있는상속에서상속포기를검토한재송동인근상담사례.다옴법무사사무소안윤정법무사.재송동에서진행한상속포기유형사례입니다.현재상황과목표를전화·메시지·방문(
/faq/inheritance-registration-cost,generated,"index,follow",yes,/faq/inheritance-registration-cost,상속등기 비용｜전국 비대면 상담으로 … | 다옴법무사사무소,상속등기 비용은 부동산 가액·건수·상속인 수에 따라 달라집니다. 부산에 오지 않아도 전화·카카오톡으로 전국 비대면 상담이 가능합니다. 수임료와 공과금을 구분해 안내합니다.,상속등기 비용｜전국 비대면 상담으로 … | 다옴법무사사무소,상속등기 비용은 부동산 가액·건수·상속인 수에 따라 달라집니다. 부산에 오지 않아도 전화·카카오톡으로 전국 비대면 상담이 가능합니다. 수임료와 공과금을 구분해 안내합니다.,상속등기 비용은 얼마나 드나요?,답변 요약 | 상담 시 확인하는 내용,"상속등기 수임료는 부동산 가액·건수·상속인 수에 따라 달라지며, 등록세·교육세 등 공과금은 별도입니다. 부산 방문 없이 전국 비대면 상담으로 예상 비용을 안내받을 수 있습니다. 부산 해운대구·센텀에 위치한 다옴법무사사무소 안윤정 법무사가 절차·서류·비용을 항목별로 설명드립니다. 막막할수록 지금 무엇부터 해야 하는지부터 정리하는 것이 우선이라고 생각합니다. 현재 상황과 목표를 전화·메시지·방문(예약)으로 확인합니다. 관할 법원·등기소와 필요 서류를 사건별로 정리해 안내합니다. 서류 작성·보정이 필요하면 단계별로 검토합니다. 접수 후 진행 상황을 공유하고 완료·후속 조치까지 확인합니다. 신분증·인감증명서(사건에 따라 주민등록등본 등) 등기부등본·계약서·협의서 등 사건 관련 핵심 서류 가족관계증명서·재산 목록(상속·가사 해당 시) 기타 상담 시 추가로 요청드리는 서류 답변 요약 상속등기 수임료는 부동산 가액·건수·상속인 수에 따라 달라지며, 등록세·교육세 등 공과금은 별도입니다. 부산 방",427,48,/해운대법무사::상속등기 비용 FAQ || /부산법무사비용::상속등기 비용 FAQ || /부산법무사보수표::상속등기 비용 FAQ || /부산등기법무사::상속등기 비용 안내 || /부산상속등기전문::상속등기 비용 FAQ || /부동산등기비용::상속등기 비용 FAQ || /상속등기보수표::상속등기 비용 FAQ || /부동산등기보수표::상속등기 비용 FAQ || /개인회생보수표::상속등기 비용 FAQ || /법인등기보수표::상속등기 비용 FAQ || /소유권이전등기보수표::상속등기 비용 FAQ || /개인파산비용::상속등기 비용 FAQ,상속등기>/services/inheritance-registration || FAQ 목록>/faq || 블로그 안내>/blog || 상담 문의>/contact || 해운대 법무사 허브로 돌아가기>/해운대법무사 || 센텀시티·재송 법무사>/센텀법무사 || 재송동 상속·매매 등기>/재송동법무사 || 반여동 아파트 상속등기>/반여동법무사 || 해운대구 상속등기>/해운대구상속등기 || 해운대구 법인등기>/해운대구법인등기 || 해운대구 부동산등기>/해운대구부동산등기 || 센텀 법인 본점·임원 등기>/센텀법인등기,홈 > FAQ > 상속등기 비용은 얼마나 드나요?,yes,WebPage+FAQ,,SERP_UNVERIFIED,other,inheritance-registration,"상속등기수임료는부동산가액·건수·상속인수에따라달라지며,등록세·교육세등공과금은별도입니다.부산방문없이전국비대면상담으로예상비용을안내받을수있습니다.부산해"
/faq/inheritance-registration-with-mortgage,generated,"index,follow",yes,/faq/inheritance-registration-with-mortgage,근저당 있는 부동산 상속등기｜대출·말소 확인 | 다옴법무사사무소,"가능합니다. 저당권은 그대로 남을 수 있어 채무 정리 방향을 함께 검토해야 하며, 부산 방문 없이 전국 비대면 상담이 가능합니다. 해운대·센텀 다옴법무사사무소에서 전화·카카오톡·방문(예약) 상담이 가능합니다.",근저당 있는 부동산 상속등기｜대출·말소 확인 | 다옴법무사사무소,"가능합니다. 저당권은 그대로 남을 수 있어 채무 정리 방향을 함께 검토해야 하며, 부산 방문 없이 전국 비대면 상담이 가능합니다. 해운대·센텀 다옴법무사사무소에서 전화·카카오톡·방문(예약) 상담이 가능합니다.",대출(저당권)이 있는 부동산도 상속등기가 되나요?,답변 요약 | 상담 시 확인하는 내용,"가능합니다. 저당권은 그대로 남을 수 있어 채무 정리 방향을 함께 검토해야 하며, 부산 방문 없이 전국 비대면 상담이 가능합니다. 부산 해운대구·센텀에 위치한 다옴법무사사무소 안윤정 법무사가 절차·서류·비용을 항목별로 설명드립니다. 막막할수록 지금 무엇부터 해야 하는지부터 정리하는 것이 우선이라고 생각합니다. 현재 상황과 목표를 전화·메시지·방문(예약)으로 확인합니다. 관할 법원·등기소와 필요 서류를 사건별로 정리해 안내합니다. 서류 작성·보정이 필요하면 단계별로 검토합니다. 접수 후 진행 상황을 공유하고 완료·후속 조치까지 확인합니다. 신분증·인감증명서(사건에 따라 주민등록등본 등) 등기부등본·계약서·협의서 등 사건 관련 핵심 서류 가족관계증명서·재산 목록(상속·가사 해당 시) 기타 상담 시 추가로 요청드리는 서류 답변 요약 가능합니다. 저당권은 그대로 남을 수 있어 채무 정리 방향을 함께 검토해야 하며, 부산 방문 없이 전국 비대면 상담이 가능합니다. 상속등기 FAQ 전국 비대면",306,9,/부산부동산등기법무사::근저당 있는 부동산 등기 || /부산근저당설정등기::근저당 있는 부동산 || /부산근저당말소등기::근저당 있는 상속 || /상속::저당권 있는 상속등기 안내 || /situations/real-estate-sale-registration::근저당 있는 부동산 || /situations/상속등기-지연-과태료::근저당 있는 부동산 || /situations/잔금-후-소유권이전-거부::근저당 있는 부동산 || /situations/공동명의-정리::근저당 있는 부동산 || /situations/근저당-말소-지연::근저당 있는 부동산,상속등기>/services/inheritance-registration || FAQ 목록>/faq || 블로그 안내>/blog || 상담 문의>/contact || 부산 상속등기 허브로 돌아가기>/부산상속등기 || 부산 상속 법무사>/부산상속법무사 || 부산 상속재산분할>/부산상속재산분할법무사 || 부산 상속등기 비용 안내>/상속등기비용 || 부산 상속등기 필요서류>/상속등기필요서류 || 부산 상속등기 기간·기한>/상속등기기간 || 부산 상속포기 절차>/부산상속포기 || 부산 한정승인 안내>/부산한정승인,홈 > FAQ > 대출(저당권)이 있는 부동산도 상속등기가 되나요?,yes,WebPage+FAQ,,SERP_UNVERIFIED,other,inheritance-registration,"가능합니다.저당권은그대로남을수있어채무정리방향을함께검토해야하며,부산방문없이전국비대면상담이가능합니다.부산해운대구·센텀에위치한다옴법무사사무소안윤정법무"
/faq/inheritance-renunciation-deadline,generated,"index,follow",yes,/faq/inheritance-renunciation-deadline,상속포기 기한 3개월｜안 날부터 신고 절차 | 다옴법무사사무소,상속 개시와 상속인임을 안 날로부터 3개월 이내에 가정법원에 신고해야 합니다. 기한이 촉박할수록 전국 비대면 상담으로 빠르게 확인하세요. 해운대·센텀 다옴법무사사무소에서 전화·카카오톡·방문(예약) 상담이 가능합니다.,상속포기 기한 3개월｜안 날부터 신고 절차 | 다옴법무사사무소,상속 개시와 상속인임을 안 날로부터 3개월 이내에 가정법원에 신고해야 합니다. 기한이 촉박할수록 전국 비대면 상담으로 빠르게 확인하세요. 해운대·센텀 다옴법무사사무소에서 전화·카카오톡·방문(예약) 상담이 가능합니다.,상속포기 신고 기한은 언제인가요?,답변 요약 | 상담 시 확인하는 내용,상속 개시와 상속인임을 안 날로부터 3개월 이내에 가정법원에 신고해야 합니다. 기한이 촉박할수록 전국 비대면 상담으로 빠르게 확인하세요. 부산 해운대구·센텀에 위치한 다옴법무사사무소 안윤정 법무사가 절차·서류·비용을 항목별로 설명드립니다. 막막할수록 지금 무엇부터 해야 하는지부터 정리하는 것이 우선이라고 생각합니다. 현재 상황과 목표를 전화·메시지·방문(예약)으로 확인합니다. 관할 법원·등기소와 필요 서류를 사건별로 정리해 안내합니다. 서류 작성·보정이 필요하면 단계별로 검토합니다. 접수 후 진행 상황을 공유하고 완료·후속 조치까지 확인합니다. 신분증·인감증명서(사건에 따라 주민등록등본 등) 등기부등본·계약서·협의서 등 사건 관련 핵심 서류 가족관계증명서·재산 목록(상속·가사 해당 시) 기타 상담 시 추가로 요청드리는 서류 답변 요약 상속 개시와 상속인임을 안 날로부터 3개월 이내에 가정법원에 신고해야 합니다. 기한이 촉박할수록 전국 비대면 상담으로 빠르게 확인하세요. 상속포기 FA,291,24,/상속포기비용::상속포기 기한 FAQ || /부산상속포기전문법무사::상속포기 기한 FAQ || /상속포기상담::상속포기 기한 FAQ || /부산진구상속포기::상속포기 기한 FAQ || /상속포기필요서류::상속포기 기한 FAQ || /상속포기기한::상속포기 기한 FAQ || /부산가정법원상속포기::상속포기 기한 FAQ || /중구상속포기::상속포기 기한 FAQ || /서구상속포기::상속포기 기한 FAQ || /동구상속포기::상속포기 기한 FAQ || /영도구상속포기::상속포기 기한 FAQ || /남구상속포기::상속포기 기한 FAQ,상속포기>/services/inheritance-renunciation || FAQ 목록>/faq || 블로그 안내>/blog || 상담 문의>/contact || 부산 상속포기 허브로 돌아가기>/부산상속포기 || 상속포기 비용>/상속포기비용 || 상속포기 필요서류>/상속포기필요서류 || 부산 한정승인 비교>/부산한정승인 || 부산가정법원 상속포기>/부산가정법원상속포기 || 부산 상속등기>/부산상속등기 || 채무 과다 시 개인회생>/부산개인회생 || 상속포기 상담 사례>/services/cases/jaesong-inheritance-renunciation-consultation,홈 > FAQ > 상속포기 신고 기한은 언제인가요?,yes,WebPage+FAQ,,SERP_UNVERIFIED,other,inheritance-renunciation,상속개시와상속인임을안날로부터3개월이내에가정법원에신고해야합니다.기한이촉박할수록전국비대면상담으로빠르게확인하세요.부산해운대구·센텀에위치한다옴법무사사무
/faq/inheritance-renunciation-family-effect,generated,"index,follow",yes,/faq/inheritance-renunciation-family-effect,상속포기 후 배우자·자녀 영향｜대습상속 주의 | 다옴법무사사무소,"상속 순위에 따라 다음 상속인에게 상속이 넘어갑니다. 가족 구성에 따라 영향이 달라지며, 전국 비대면 상담으로 가족 전체 구조를 검토할 수 있습니다.",상속포기 후 배우자·자녀 영향｜대습상속 주의 | 다옴법무사사무소,"상속 순위에 따라 다음 상속인에게 상속이 넘어갑니다. 가족 구성에 따라 영향이 달라지며, 전국 비대면 상담으로 가족 전체 구조를 검토할 수 있습니다.",상속포기하면 배우자·자녀에게 어떤 영향이 있나요?,답변 요약 | 상담 시 확인하는 내용,"상속 순위에 따라 다음 상속인에게 상속이 넘어갑니다. 가족 구성에 따라 영향이 달라지며, 전국 비대면 상담으로 가족 전체 구조를 검토할 수 있습니다. 부산 해운대구·센텀에 위치한 다옴법무사사무소 안윤정 법무사가 절차·서류·비용을 항목별로 설명드립니다. 막막할수록 지금 무엇부터 해야 하는지부터 정리하는 것이 우선이라고 생각합니다. 현재 상황과 목표를 전화·메시지·방문(예약)으로 확인합니다. 관할 법원·등기소와 필요 서류를 사건별로 정리해 안내합니다. 서류 작성·보정이 필요하면 단계별로 검토합니다. 접수 후 진행 상황을 공유하고 완료·후속 조치까지 확인합니다. 신분증·인감증명서(사건에 따라 주민등록등본 등) 등기부등본·계약서·협의서 등 사건 관련 핵심 서류 가족관계증명서·재산 목록(상속·가사 해당 시) 기타 상담 시 추가로 요청드리는 서류 답변 요약 상속 순위에 따라 다음 상속인에게 상속이 넘어갑니다. 가족 구성에 따라 영향이 달라지며, 전국 비대면 상담으로 가족 전체 구조를 검토할 수",311,9,/about::상속포기 가족 영향 FAQ || /부산여성법무사::상속포기 가족 영향 FAQ || /해운대여성법무사::상속포기 가족 영향 FAQ || /센텀여성법무사::상속포기 가족 영향 FAQ || /상속여성법무사::상속포기 가족 영향 FAQ || /개인회생여성법무사::상속포기 가족 영향 FAQ || /가족후견::상속포기 가족 효과 FAQ || /services/cases/jaesong-inheritance-renunciation-consultation::상속포기 가족 영향 FAQ || /faq/personal-rehabilitation-eligibility-faq::상속포기 가족 영향 FAQ,상속포기>/services/inheritance-renunciation || 한정승인>/services/qualified-acceptance || FAQ 목록>/faq || 블로그 안내>/blog || 상담 문의>/contact || 부산 여성 법무사 허브로 돌아가기>/부산여성법무사 || 해운대 여성 법무사>/해운대여성법무사 || 센텀 여성 법무사>/센텀여성법무사 || 상속·가사 여성 법무사>/상속여성법무사 || 개인회생 여성 법무사>/개인회생여성법무사 || 부산 상속등기 편안한 상담>/부산상속등기 || 부산 상속포기 가정법원 신고>/부산상속포기,홈 > FAQ > 상속포기하면 배우자·자녀에게 어떤 영향이 있나요?,yes,WebPage+FAQ,,SERP_UNVERIFIED,other,inheritance-renunciation,"상속순위에따라다음상속인에게상속이넘어갑니다.가족구성에따라영향이달라지며,전국비대면상담으로가족전체구조를검토할수있습니다.부산해운대구·센텀에위치한다옴법무"
/faq/multiple-heirs-inheritance-registration,generated,"index,follow",yes,/faq/multiple-heirs-inheritance-registration,상속인이 여럿일 때 상속등기｜협의분할·지분 | 다옴법무사사무소,공동상속인은 협의서로 지분·단독 상속 등을 정한 뒤 등기합니다. 상속인이 여러 지역에 있어도 전국 비대면 상담·서류 정리가 가능합니다. 해운대·센텀 다옴법무사사무소에서 전화·카카오톡·방문(예약) 상담이 가능합니다.,상속인이 여럿일 때 상속등기｜협의분할·지분 | 다옴법무사사무소,공동상속인은 협의서로 지분·단독 상속 등을 정한 뒤 등기합니다. 상속인이 여러 지역에 있어도 전국 비대면 상담·서류 정리가 가능합니다. 해운대·센텀 다옴법무사사무소에서 전화·카카오톡·방문(예약) 상담이 가능합니다.,상속인이 여러 명이면 어떻게 하나요?,답변 요약 | 상담 시 확인하는 내용,공동상속인은 협의서로 지분·단독 상속 등을 정한 뒤 등기합니다. 상속인이 여러 지역에 있어도 전국 비대면 상담·서류 정리가 가능합니다. 부산 해운대구·센텀에 위치한 다옴법무사사무소 안윤정 법무사가 절차·서류·비용을 항목별로 설명드립니다. 막막할수록 지금 무엇부터 해야 하는지부터 정리하는 것이 우선이라고 생각합니다. 현재 상황과 목표를 전화·메시지·방문(예약)으로 확인합니다. 관할 법원·등기소와 필요 서류를 사건별로 정리해 안내합니다. 서류 작성·보정이 필요하면 단계별로 검토합니다. 접수 후 진행 상황을 공유하고 완료·후속 조치까지 확인합니다. 신분증·인감증명서(사건에 따라 주민등록등본 등) 등기부등본·계약서·협의서 등 사건 관련 핵심 서류 가족관계증명서·재산 목록(상속·가사 해당 시) 기타 상담 시 추가로 요청드리는 서류 답변 요약 공동상속인은 협의서로 지분·단독 상속 등을 정한 뒤 등기합니다. 상속인이 여러 지역에 있어도 전국 비대면 상담·서류 정리가 가능합니다. 상속등기 FAQ ,296,9,/부산상속재산분할법무사::공동상속인 등기 || /상속::상속재산분할협의서 작성 안내 || /situations/parent-passed-away::상속인이 여럿일 때 || /situations/siblings-not-cooperating::상속인이 여럿일 때 || /situations/상속등기-지연-과태료::상속인이 여럿일 때 || /situations/해외-거주-상속인::상속인이 여럿일 때 || /situations/공동명의-정리::공동상속인 등기 || /situations/셀프등기-실수::공동상속인 등기 || /situations/대표자-사망-법인::공동상속인,상속등기>/services/inheritance-registration || FAQ 목록>/faq || 블로그 안내>/blog || 상담 문의>/contact || 부산 상속등기 허브로 돌아가기>/부산상속등기 || 부산 상속 법무사>/부산상속법무사 || 부산 상속재산분할>/부산상속재산분할법무사 || 부산 상속등기 비용 안내>/상속등기비용 || 부산 상속등기 필요서류>/상속등기필요서류 || 부산 상속등기 기간·기한>/상속등기기간 || 부산 상속포기 절차>/부산상속포기 || 부산 한정승인 안내>/부산한정승인,홈 > FAQ > 상속인이 여러 명이면 어떻게 하나요?,yes,WebPage+FAQ,,SERP_UNVERIFIED,other,inheritance-registration,공동상속인은협의서로지분·단독상속등을정한뒤등기합니다.상속인이여러지역에있어도전국비대면상담·서류정리가가능합니다.부산해운대구·센텀에위치한다옴법무사사무소
/faq/qualified-acceptance-procedure,generated,"index,follow",yes,/faq/qualified-acceptance-procedure,한정승인 절차｜재산목록·가정법원 신고 | 다옴법무사사무소,"가정법원에 한정승인 신고서를 제출합니다. 3개월 기한 내 신고가 필요하며, 부산 방문 없이 전국 비대면으로 신고·후속 등기를 안내받을 수 있습니다.",한정승인 절차｜재산목록·가정법원 신고 | 다옴법무사사무소,"가정법원에 한정승인 신고서를 제출합니다. 3개월 기한 내 신고가 필요하며, 부산 방문 없이 전국 비대면으로 신고·후속 등기를 안내받을 수 있습니다.",한정승인 절차는 어떻게 되나요?,답변 요약 | 상담 시 확인하는 내용,"가정법원에 한정승인 신고서를 제출합니다. 3개월 기한 내 신고가 필요하며, 부산 방문 없이 전국 비대면으로 신고·후속 등기를 안내받을 수 있습니다. 부산 해운대구·센텀에 위치한 다옴법무사사무소 안윤정 법무사가 절차·서류·비용을 항목별로 설명드립니다. 막막할수록 지금 무엇부터 해야 하는지부터 정리하는 것이 우선이라고 생각합니다. 현재 상황과 목표를 전화·메시지·방문(예약)으로 확인합니다. 관할 법원·등기소와 필요 서류를 사건별로 정리해 안내합니다. 서류 작성·보정이 필요하면 단계별로 검토합니다. 접수 후 진행 상황을 공유하고 완료·후속 조치까지 확인합니다. 신분증·인감증명서(사건에 따라 주민등록등본 등) 등기부등본·계약서·협의서 등 사건 관련 핵심 서류 가족관계증명서·재산 목록(상속·가사 해당 시) 기타 상담 시 추가로 요청드리는 서류 답변 요약 가정법원에 한정승인 신고서를 제출합니다. 3개월 기한 내 신고가 필요하며, 부산 방문 없이 전국 비대면으로 신고·후속 등기를 안내받을 수 있",292,34,/한정승인자가진단::한정승인 절차 FAQ || /한정승인비용::한정승인 절차 FAQ || /안심상속원스톱서비스이후::한정승인 절차 FAQ || /부모빚상속방법::한정승인 절차 FAQ || /고인계좌장례비사용::한정승인 절차 FAQ || /사망후3개월지난상속::한정승인 절차 FAQ || /특별한정승인::한정승인 절차 FAQ || /한정승인상담::한정승인 절차 FAQ || /부산진구한정승인::한정승인 절차 FAQ || /수영구한정승인::한정승인 절차 FAQ || /한정승인필요서류::한정승인 절차 FAQ || /북구한정승인::한정승인 절차 FAQ,한정승인>/services/qualified-acceptance || 상속등기>/services/inheritance-registration || FAQ 목록>/faq || 블로그 안내>/blog || 상담 문의>/contact || 부산 한정승인 허브로 돌아가기>/부산한정승인 || 한정승인 비용>/한정승인비용 || 한정승인 기한>/한정승인기간 || 부산 상속포기>/부산상속포기 || 부산 상속등기>/부산상속등기 || 부산가정법원 한정승인>/부산가정법원상속 || 한정승인 상담 사례>/services/cases/dongnae-qualified-acceptance-consultation,홈 > FAQ > 한정승인 절차는 어떻게 되나요?,yes,WebPage+FAQ,,SERP_UNVERIFIED,other,qualified-acceptance,"가정법원에한정승인신고서를제출합니다.3개월기한내신고가필요하며,부산방문없이전국비대면으로신고·후속등기를안내받을수있습니다.부산해운대구·센텀에위치한다옴법"
/faq/qualified-acceptance-vs-simple-acceptance,generated,"index,follow",yes,/faq/qualified-acceptance-vs-simple-acceptance,한정승인 vs 단순승인｜채무 승계 차이 | 다옴법무사사무소,"단순승인은 채무까지 무제한 승계하고, 한정승인은 재산 범위로 채무를 제한합니다. 부산 방문 없이 전국 비대면 상담으로 선택을 검토하세요. 해운대·센텀 다옴법무사사무소에서 전화·카카오톡·방문(예약) 상담이 가능합니다.",한정승인 vs 단순승인｜채무 승계 차이 | 다옴법무사사무소,"단순승인은 채무까지 무제한 승계하고, 한정승인은 재산 범위로 채무를 제한합니다. 부산 방문 없이 전국 비대면 상담으로 선택을 검토하세요. 해운대·센텀 다옴법무사사무소에서 전화·카카오톡·방문(예약) 상담이 가능합니다.",한정승인과 단순승인의 차이는?,답변 요약 | 상담 시 확인하는 내용,"단순승인은 채무까지 무제한 승계하고, 한정승인은 재산 범위로 채무를 제한합니다. 부산 방문 없이 전국 비대면 상담으로 선택을 검토하세요. 부산 해운대구·센텀에 위치한 다옴법무사사무소 안윤정 법무사가 절차·서류·비용을 항목별로 설명드립니다. 막막할수록 지금 무엇부터 해야 하는지부터 정리하는 것이 우선이라고 생각합니다. 현재 상황과 목표를 전화·메시지·방문(예약)으로 확인합니다. 관할 법원·등기소와 필요 서류를 사건별로 정리해 안내합니다. 서류 작성·보정이 필요하면 단계별로 검토합니다. 접수 후 진행 상황을 공유하고 완료·후속 조치까지 확인합니다. 신분증·인감증명서(사건에 따라 주민등록등본 등) 등기부등본·계약서·협의서 등 사건 관련 핵심 서류 가족관계증명서·재산 목록(상속·가사 해당 시) 기타 상담 시 추가로 요청드리는 서류 답변 요약 단순승인은 채무까지 무제한 승계하고, 한정승인은 재산 범위로 채무를 제한합니다. 부산 방문 없이 전국 비대면 상담으로 선택을 검토하세요. 한정승인 FA",284,2,/한정승인자가진단::한정승인 vs 단순승인 || /상속::특별한정승인·단순승인 비교 안내,한정승인>/services/qualified-acceptance || 상속포기>/services/inheritance-renunciation || FAQ 목록>/faq || 블로그 안내>/blog || 상담 문의>/contact || 부산 한정승인 허브로 돌아가기>/부산한정승인 || 한정승인 비용>/한정승인비용 || 한정승인 기한>/한정승인기간 || 부산 상속포기>/부산상속포기 || 부산 상속등기>/부산상속등기 || 부산가정법원 한정승인>/부산가정법원상속 || 한정승인 상담 사례>/services/cases/dongnae-qualified-acceptance-consultation,홈 > FAQ > 한정승인과 단순승인의 차이는?,yes,WebPage+FAQ,,SERP_UNVERIFIED,other,qualified-acceptance,"단순승인은채무까지무제한승계하고,한정승인은재산범위로채무를제한합니다.부산방문없이전국비대면상담으로선택을검토하세요.부산해운대구·센텀에위치한다옴법무사사무"
/faq/renouncing-share-vs-full-renunciation,generated,"index,follow",yes,/faq/renouncing-share-vs-full-renunciation,상속분 포기 vs 상속포기｜차이·선택 기준 | 다옴법무사사무소,"상속분 포기는 일부만 포기하는 것이고, 상속포기는 상속 전체를 포기합니다. 차이를 전국 비대면 상담으로 사안에 맞게 확인할 수 있습니다. 해운대·센텀 다옴법무사사무소에서 전화·카카오톡·방문(예약) 상담이 가능합니다.",상속분 포기 vs 상속포기｜차이·선택 기준 | 다옴법무사사무소,"상속분 포기는 일부만 포기하는 것이고, 상속포기는 상속 전체를 포기합니다. 차이를 전국 비대면 상담으로 사안에 맞게 확인할 수 있습니다. 해운대·센텀 다옴법무사사무소에서 전화·카카오톡·방문(예약) 상담이 가능합니다.",상속분 포기와 상속포기는 다른가요?,답변 요약 | 상담 시 확인하는 내용,"상속분 포기는 일부만 포기하는 것이고, 상속포기는 상속 전체를 포기합니다. 차이를 전국 비대면 상담으로 사안에 맞게 확인할 수 있습니다. 부산 해운대구·센텀에 위치한 다옴법무사사무소 안윤정 법무사가 절차·서류·비용을 항목별로 설명드립니다. 막막할수록 지금 무엇부터 해야 하는지부터 정리하는 것이 우선이라고 생각합니다. 현재 상황과 목표를 전화·메시지·방문(예약)으로 확인합니다. 관할 법원·등기소와 필요 서류를 사건별로 정리해 안내합니다. 서류 작성·보정이 필요하면 단계별로 검토합니다. 접수 후 진행 상황을 공유하고 완료·후속 조치까지 확인합니다. 신분증·인감증명서(사건에 따라 주민등록등본 등) 등기부등본·계약서·협의서 등 사건 관련 핵심 서류 가족관계증명서·재산 목록(상속·가사 해당 시) 기타 상담 시 추가로 요청드리는 서류 답변 요약 상속분 포기는 일부만 포기하는 것이고, 상속포기는 상속 전체를 포기합니다. 차이를 전국 비대면 상담으로 사안에 맞게 확인할 수 있습니다. 상속포기 FA",298,1,/situations/siblings-not-cooperating::지분 포기와 전부 포기,상속포기>/services/inheritance-renunciation || FAQ 목록>/faq || 블로그 안내>/blog || 상담 문의>/contact || 부산 상속포기 허브로 돌아가기>/부산상속포기 || 상속포기 비용>/상속포기비용 || 상속포기 필요서류>/상속포기필요서류 || 부산 한정승인 비교>/부산한정승인 || 부산가정법원 상속포기>/부산가정법원상속포기 || 부산 상속등기>/부산상속등기 || 채무 과다 시 개인회생>/부산개인회생 || 상속포기 상담 사례>/services/cases/jaesong-inheritance-renunciation-consultation,홈 > FAQ > 상속분 포기와 상속포기는 다른가요?,yes,WebPage+FAQ,,SERP_UNVERIFIED,other,inheritance-renunciation,"상속분포기는일부만포기하는것이고,상속포기는상속전체를포기합니다.차이를전국비대면상담으로사안에맞게확인할수있습니다.부산해운대구·센텀에위치한다옴법무사사무소"
/faq/what-is-inheritance-renunciation,generated,"index,follow",yes,/faq/what-is-inheritance-renunciation,상속포기란｜채무 승계 차단·가정법원 신고 | 다옴법무사사무소,"상속을 받지 않겠다고 법원에 신고하는 제도입니다. 본인에게 피상속인의 채무가 넘어오지 않으며, 전국 비대면 상담으로 제도·효과를 확인할 수 있습니다.",상속포기란｜채무 승계 차단·가정법원 신고 | 다옴법무사사무소,"상속을 받지 않겠다고 법원에 신고하는 제도입니다. 본인에게 피상속인의 채무가 넘어오지 않으며, 전국 비대면 상담으로 제도·효과를 확인할 수 있습니다.",상속포기란 무엇인가요?,답변 요약 | 상담 시 확인하는 내용,"상속을 받지 않겠다고 법원에 신고하는 제도입니다. 본인에게 피상속인의 채무가 넘어오지 않으며, 전국 비대면 상담으로 제도·효과를 확인할 수 있습니다. 부산 해운대구·센텀에 위치한 다옴법무사사무소 안윤정 법무사가 절차·서류·비용을 항목별로 설명드립니다. 막막할수록 지금 무엇부터 해야 하는지부터 정리하는 것이 우선이라고 생각합니다. 현재 상황과 목표를 전화·메시지·방문(예약)으로 확인합니다. 관할 법원·등기소와 필요 서류를 사건별로 정리해 안내합니다. 서류 작성·보정이 필요하면 단계별로 검토합니다. 접수 후 진행 상황을 공유하고 완료·후속 조치까지 확인합니다. 신분증·인감증명서(사건에 따라 주민등록등본 등) 등기부등본·계약서·협의서 등 사건 관련 핵심 서류 가족관계증명서·재산 목록(상속·가사 해당 시) 기타 상담 시 추가로 요청드리는 서류 답변 요약 상속을 받지 않겠다고 법원에 신고하는 제도입니다. 본인에게 피상속인의 채무가 넘어오지 않으며, 전국 비대면 상담으로 제도·효과를 확인할 수",295,23,/상속포기비용::상속포기란 FAQ || /부산상속포기전문법무사::상속포기란 FAQ || /상속포기상담::상속포기란 FAQ || /부산진구상속포기::상속포기란 FAQ || /상속포기필요서류::상속포기란 FAQ || /상속포기기한::상속포기란 FAQ || /부산가정법원상속포기::상속포기란 FAQ || /중구상속포기::상속포기란 FAQ || /서구상속포기::상속포기란 FAQ || /동구상속포기::상속포기란 FAQ || /영도구상속포기::상속포기란 FAQ || /남구상속포기::상속포기란 FAQ,상속포기>/services/inheritance-renunciation || FAQ 목록>/faq || 블로그 안내>/blog || 상담 문의>/contact || 부산 상속포기 허브로 돌아가기>/부산상속포기 || 상속포기 비용>/상속포기비용 || 상속포기 필요서류>/상속포기필요서류 || 부산 한정승인 비교>/부산한정승인 || 부산가정법원 상속포기>/부산가정법원상속포기 || 부산 상속등기>/부산상속등기 || 채무 과다 시 개인회생>/부산개인회생 || 상속포기 상담 사례>/services/cases/jaesong-inheritance-renunciation-consultation,홈 > FAQ > 상속포기란 무엇인가요?,yes,WebPage+FAQ,,SERP_UNVERIFIED,other,inheritance-renunciation,"상속을받지않겠다고법원에신고하는제도입니다.본인에게피상속인의채무가넘어오지않으며,전국비대면상담으로제도·효과를확인할수있습니다.부산해운대구·센텀에위치한다"
/faq/what-is-qualified-acceptance,generated,"index,follow",yes,/faq/what-is-qualified-acceptance,한정승인이란｜재산 범위 내 채무만 책임 | 다옴법무사사무소,"상속은 하되, 채무를 피상속인의 재산 범위 안으로 제한하는 제도입니다. 부산 방문 없이 전국 비대면 상담으로 상속포기와 비교 검토가 가능합니다.",한정승인이란｜재산 범위 내 채무만 책임 | 다옴법무사사무소,"상속은 하되, 채무를 피상속인의 재산 범위 안으로 제한하는 제도입니다. 부산 방문 없이 전국 비대면 상담으로 상속포기와 비교 검토가 가능합니다.",한정승인이란 무엇인가요?,답변 요약 | 상담 시 확인하는 내용,"상속은 하되, 채무를 피상속인의 재산 범위 안으로 제한하는 제도입니다. 부산 방문 없이 전국 비대면 상담으로 상속포기와 비교 검토가 가능합니다. 부산 해운대구·센텀에 위치한 다옴법무사사무소 안윤정 법무사가 절차·서류·비용을 항목별로 설명드립니다. 막막할수록 지금 무엇부터 해야 하는지부터 정리하는 것이 우선이라고 생각합니다. 현재 상황과 목표를 전화·메시지·방문(예약)으로 확인합니다. 관할 법원·등기소와 필요 서류를 사건별로 정리해 안내합니다. 서류 작성·보정이 필요하면 단계별로 검토합니다. 접수 후 진행 상황을 공유하고 완료·후속 조치까지 확인합니다. 신분증·인감증명서(사건에 따라 주민등록등본 등) 등기부등본·계약서·협의서 등 사건 관련 핵심 서류 가족관계증명서·재산 목록(상속·가사 해당 시) 기타 상담 시 추가로 요청드리는 서류 답변 요약 상속은 하되, 채무를 피상속인의 재산 범위 안으로 제한하는 제도입니다. 부산 방문 없이 전국 비대면 상담으로 상속포기와 비교 검토가 가능합니다.",282,5,/situations/inheritance-unknown-debt::한정승인이란 || /situations/상속재산-조회::한정승인이란 || /situations/상속포기-한정승인-선택::한정승인이란 || /situations/상속-후-첫-절차::한정승인이란 || /situations/대표자-사망-법인::한정승인,한정승인>/services/qualified-acceptance || FAQ 목록>/faq || 블로그 안내>/blog || 상담 문의>/contact || 부산 한정승인 허브로 돌아가기>/부산한정승인 || 한정승인 비용>/한정승인비용 || 한정승인 기한>/한정승인기간 || 부산 상속포기>/부산상속포기 || 부산 상속등기>/부산상속등기 || 부산가정법원 한정승인>/부산가정법원상속 || 한정승인 상담 사례>/services/cases/dongnae-qualified-acceptance-consultation || 한정승인 절차 FAQ>/faq/qualified-acceptance-procedure,홈 > FAQ > 한정승인이란 무엇인가요?,yes,WebPage+FAQ,,SERP_UNVERIFIED,other,qualified-acceptance,"상속은하되,채무를피상속인의재산범위안으로제한하는제도입니다.부산방문없이전국비대면상담으로상속포기와비교검토가가능합니다.부산해운대구·센텀에위치한다옴법무사"
/faq/when-to-choose-qualified-acceptance,generated,"index,follow",yes,/faq/when-to-choose-qualified-acceptance,한정승인 선택 시기｜채무 불분명할 때 | 다옴법무사사무소,"재산과 채무가 모두 있고, 채무가 재산을 초과할 가능성이 있을 때 검토합니다. 전국 비대면 상담으로 숫자·자료부터 함께 정리할 수 있습…",한정승인 선택 시기｜채무 불분명할 때 | 다옴법무사사무소,"재산과 채무가 모두 있고, 채무가 재산을 초과할 가능성이 있을 때 검토합니다. 전국 비대면 상담으로 숫자·자료부터 함께 정리할 수 있습…",언제 한정승인을 선택하나요?,답변 요약 | 상담 시 확인하는 내용,"재산과 채무가 모두 있고, 채무가 재산을 초과할 가능성이 있을 때 검토합니다. 전국 비대면 상담으로 숫자·자료부터 함께 정리할 수 있습니다. 부산 해운대구·센텀에 위치한 다옴법무사사무소 안윤정 법무사가 절차·서류·비용을 항목별로 설명드립니다. 막막할수록 지금 무엇부터 해야 하는지부터 정리하는 것이 우선이라고 생각합니다. 현재 상황과 목표를 전화·메시지·방문(예약)으로 확인합니다. 관할 법원·등기소와 필요 서류를 사건별로 정리해 안내합니다. 서류 작성·보정이 필요하면 단계별로 검토합니다. 접수 후 진행 상황을 공유하고 완료·후속 조치까지 확인합니다. 신분증·인감증명서(사건에 따라 주민등록등본 등) 등기부등본·계약서·협의서 등 사건 관련 핵심 서류 가족관계증명서·재산 목록(상속·가사 해당 시) 기타 상담 시 추가로 요청드리는 서류 답변 요약 재산과 채무가 모두 있고, 채무가 재산을 초과할 가능성이 있을 때 검토합니다. 전국 비대면 상담으로 숫자·자료부터 함께 정리할 수 있습니다. 한정승",290,29,/한정승인비용::한정승인 선택 시기 FAQ || /부모빚상속방법::한정승인 선택 시기 FAQ || /고인계좌장례비사용::한정승인 선택 시기 FAQ || /한정승인상담::한정승인 선택 시기 FAQ || /부산진구한정승인::한정승인 선택 시기 FAQ || /수영구한정승인::한정승인 선택 시기 FAQ || /한정승인필요서류::한정승인 선택 시기 FAQ || /북구한정승인::한정승인 선택 시기 FAQ || /한정승인기한::한정승인 선택 시기 FAQ || /중구한정승인::한정승인 선택 시기 FAQ || /서구한정승인::한정승인 선택 시기 FAQ || /동구한정승인::한정승인 선택 시기 FAQ,한정승인>/services/qualified-acceptance || FAQ 목록>/faq || 블로그 안내>/blog || 상담 문의>/contact || 부산 한정승인 허브로 돌아가기>/부산한정승인 || 한정승인 비용>/한정승인비용 || 한정승인 기한>/한정승인기간 || 부산 상속포기>/부산상속포기 || 부산 상속등기>/부산상속등기 || 부산가정법원 한정승인>/부산가정법원상속 || 한정승인 상담 사례>/services/cases/dongnae-qualified-acceptance-consultation || 한정승인 절차 FAQ>/faq/qualified-acceptance-procedure,홈 > FAQ > 언제 한정승인을 선택하나요?,yes,WebPage+FAQ,,SERP_UNVERIFIED,other,qualified-acceptance,"재산과채무가모두있고,채무가재산을초과할가능성이있을때검토합니다.전국비대면상담으로숫자·자료부터함께정리할수있습니다.부산해운대구·센텀에위치한다옴법무사사무"
/faq/when-to-file-inheritance-registration,generated,"index,follow",yes,/faq/when-to-file-inheritance-registration,상속등기 기한｜사망 후 언제까지｜절차·과태료 | 다옴법무사사무소,상속이 개시된 날(사망일)부터 3개월 이내에 신고·등기를 해야 합니다. 부산 방문 없이 전국 비대면 상담으로 기한·과태료 여부를 확인할 수 있습니다.,상속등기 기한｜사망 후 언제까지｜절차·과태료 | 다옴법무사사무소,상속이 개시된 날(사망일)부터 3개월 이내에 신고·등기를 해야 합니다. 부산 방문 없이 전국 비대면 상담으로 기한·과태료 여부를 확인할 수 있습니다.,상속등기는 언제까지 해야 하나요?,답변 요약 | 상담 시 확인하는 내용,상속이 개시된 날(사망일)부터 3개월 이내에 신고·등기를 해야 합니다. 부산 방문 없이 전국 비대면 상담으로 기한·과태료 여부를 확인할 수 있습니다. 부산 해운대구·센텀에 위치한 다옴법무사사무소 안윤정 법무사가 절차·서류·비용을 항목별로 설명드립니다. 막막할수록 지금 무엇부터 해야 하는지부터 정리하는 것이 우선이라고 생각합니다. 현재 상황과 목표를 전화·메시지·방문(예약)으로 확인합니다. 관할 법원·등기소와 필요 서류를 사건별로 정리해 안내합니다. 서류 작성·보정이 필요하면 단계별로 검토합니다. 접수 후 진행 상황을 공유하고 완료·후속 조치까지 확인합니다. 신분증·인감증명서(사건에 따라 주민등록등본 등) 등기부등본·계약서·협의서 등 사건 관련 핵심 서류 가족관계증명서·재산 목록(상속·가사 해당 시) 기타 상담 시 추가로 요청드리는 서류 답변 요약 상속이 개시된 날(사망일)부터 3개월 이내에 신고·등기를 해야 합니다. 부산 방문 없이 전국 비대면 상담으로 기한·과태료 여부를 확인할 수,305,6,/상속::협의분할·법정상속등기 기한 확인 || /situations/parent-passed-away::상속등기 신청 시기 || /situations/상속재산-조회::상속등기 신청 시기 || /situations/상속등기-지연-과태료::상속등기 신청 시기 || /situations/해외-거주-상속인::상속등기 신청 시기 || /situations/상속-후-첫-절차::상속등기 시기,상속등기>/services/inheritance-registration || FAQ 목록>/faq || 블로그 안내>/blog || 상담 문의>/contact || 부산 상속등기 허브로 돌아가기>/부산상속등기 || 부산 상속 법무사>/부산상속법무사 || 부산 상속재산분할>/부산상속재산분할법무사 || 부산 상속등기 비용 안내>/상속등기비용 || 부산 상속등기 필요서류>/상속등기필요서류 || 부산 상속등기 기간·기한>/상속등기기간 || 부산 상속포기 절차>/부산상속포기 || 부산 한정승인 안내>/부산한정승인,홈 > FAQ > 상속등기는 언제까지 해야 하나요?,yes,WebPage+FAQ,,SERP_UNVERIFIED,other,inheritance-registration,상속이개시된날(사망일)부터3개월이내에신고·등기를해야합니다.부산방문없이전국비대면상담으로기한·과태료여부를확인할수있습니다.부산해운대구·센텀에위치한다옴
/faq/who-needs-inheritance-registration,generated,"index,follow",yes,/faq/who-needs-inheritance-registration,상속등기가 필요한 경우｜공동상속·명의변경 | 다옴법무사사무소,"피상속인 명의의 부동산·토지를 상속받은 상속인이 등기를 신청합니다. 공동상속인이면 협의 후 진행하며, 전국 비대면 상담으로 신청 주체·지분을 정리할 수 있습니다.",상속등기가 필요한 경우｜공동상속·명의변경 | 다옴법무사사무소,"피상속인 명의의 부동산·토지를 상속받은 상속인이 등기를 신청합니다. 공동상속인이면 협의 후 진행하며, 전국 비대면 상담으로 신청 주체·지분을 정리할 수 있습니다.",누가 상속등기를 해야 하나요?,답변 요약 | 상담 시 확인하는 내용,"피상속인 명의의 부동산·토지를 상속받은 상속인이 등기를 신청합니다. 공동상속인이면 협의 후 진행하며, 전국 비대면 상담으로 신청 주체·지분을 정리할 수 있습니다. 부산 해운대구·센텀에 위치한 다옴법무사사무소 안윤정 법무사가 절차·서류·비용을 항목별로 설명드립니다. 막막할수록 지금 무엇부터 해야 하는지부터 정리하는 것이 우선이라고 생각합니다. 현재 상황과 목표를 전화·메시지·방문(예약)으로 확인합니다. 관할 법원·등기소와 필요 서류를 사건별로 정리해 안내합니다. 서류 작성·보정이 필요하면 단계별로 검토합니다. 접수 후 진행 상황을 공유하고 완료·후속 조치까지 확인합니다. 신분증·인감증명서(사건에 따라 주민등록등본 등) 등기부등본·계약서·협의서 등 사건 관련 핵심 서류 가족관계증명서·재산 목록(상속·가사 해당 시) 기타 상담 시 추가로 요청드리는 서류 답변 요약 피상속인 명의의 부동산·토지를 상속받은 상속인이 등기를 신청합니다. 공동상속인이면 협의 후 진행하며, 전국 비대면 상담으로 신",307,3,/situations/parent-passed-away::상속등기가 필요한 경우 || /situations/상속재산-조회::상속등기가 필요한 경우 || /situations/상속-후-첫-절차::상속등기가 필요한 경우,상속등기>/services/inheritance-registration || FAQ 목록>/faq || 블로그 안내>/blog || 상담 문의>/contact || 부산 상속등기 허브로 돌아가기>/부산상속등기 || 부산 상속 법무사>/부산상속법무사 || 부산 상속재산분할>/부산상속재산분할법무사 || 부산 상속등기 비용 안내>/상속등기비용 || 부산 상속등기 필요서류>/상속등기필요서류 || 부산 상속등기 기간·기한>/상속등기기간 || 부산 상속포기 절차>/부산상속포기 || 부산 한정승인 안내>/부산한정승인,홈 > FAQ > 누가 상속등기를 해야 하나요?,yes,WebPage+FAQ,,SERP_UNVERIFIED,other,inheritance-registration,"피상속인명의의부동산·토지를상속받은상속인이등기를신청합니다.공동상속인이면협의후진행하며,전국비대면상담으로신청주체·지분을정리할수있습니다.부산해운대구·센"
/업무사례/업무별,generated,"index,follow",yes,/업무사례/업무별,업무별 업무 사례｜상속·부동산·법인·회생 | 다옴법무사사무소,상속등기·부동산등기·법인등기·개인회생 등 업무별로 부산 법무사 사례와 안내를 연결합니다. 해운대·센텀 다옴법무사사무소에서 전화·카카오톡·방문(예약) 상담이 가능합니다.,업무별 업무 사례｜상속·부동산·법인·회생 | 다옴법무사사무소,상속등기·부동산등기·법인등기·개인회생 등 업무별로 부산 법무사 사례와 안내를 연결합니다. 해운대·센텀 다옴법무사사무소에서 전화·카카오톡·방문(예약) 상담이 가능합니다.,업무별로 사례와 안내를 찾아보세요,업무 유형 | 상담 시 확인하는 내용,"관심 업무를 고르면 관련 사례 탐색기와 대표 업무 페이지로 이동합니다. 전체 사례는 사례 탐색기에서 카테고리·상황·지역 필터로 확인할 수 있습니다. 현재 상황과 목표를 전화·메시지·방문(예약)으로 확인합니다. 관할 법원·등기소와 필요 서류를 사건별로 정리해 안내합니다. 서류 작성·보정이 필요하면 단계별로 검토합니다. 접수 후 진행 상황을 공유하고 완료·후속 조치까지 확인합니다. 신분증·인감증명서(사건에 따라 주민등록등본 등) 등기부등본·계약서·협의서 등 사건 관련 핵심 서류 가족관계증명서·재산 목록(상속·가사 해당 시) 기타 상담 시 추가로 요청드리는 서류 업무 유형 대표 업무와 사례 탐색기로 연결됩니다. 상담 시 확인하는 내용 업무별 업무 사례 사건은 서류·관할·기한에 따라 진행 순서가 달라집니다. 다옴법무사사무소는 부산 해운대구·센텀에서 상속등기·부동산등기·법인등기·개인회생·파산 등을 다루며, 의뢰인 상황에 맞춰 절차와 비용을 알기 쉽게 설명합니다. 불확실한 부분은 추측으로 단정",182,1,/업무사례::업무별 업무 사례,전체 업무 사례>/업무사례 || 지역별 업무 사례>/업무사례/지역별 || 업무안내>/services || 상담 문의>/contact || 부산에서 법무사 찾을 때 허브로 돌아가기>/부산법무사 || 해운대·센텀 법무사 상담>/해운대법무사 || 센텀 법인·부동산 등기>/센텀법무사 || 부산 여성 법무사 상담>/부산여성법무사 || 부산 상속등기 절차>/부산상속등기 || 부산 법인등기 안내>/부산법인등기 || 부산 부동산등기>/부산부동산등기 || 부산 등기 법무사>/부산등기법무사,홈 > 업무 사례 > 업무별 업무 사례,yes,WebPage+FAQ,,SERP_UNVERIFIED,other,case,관심업무를고르면관련사례탐색기와대표업무페이지로이동합니다.전체사례는사례탐색기에서카테고리·상황·지역필터로확인할수있습니다.현재상황과목표를전화·메시지·방
/업무사례/중구법무사,generated,"index,follow",yes,/업무사례/중구법무사,중구 업무 사례 | 원도심 단독·다가구 상속 | 다옴법무사사무소,"중구 업무 사례 안내. 원도심 단독·다가구 상속. 다옴법무사사무소 안윤정 법무사. 남포·광복·국제시장 등 원도심 상권이 모여 있고, 상가·주택 권리관계와 상속·매매 등기 문의가 함께 이어지는",중구 업무 사례 | 원도심 단독·다가구 상속 | 다옴법무사사무소,"중구 업무 사례 안내. 원도심 단독·다가구 상속. 다옴법무사사무소 안윤정 법무사. 남포·광복·국제시장 등 원도심 상권이 모여 있고, 상가·주택 권리관계와 상속·매매 등기 문의가 함께 이어지는",중구 업무 사례 | 원도심 단독·다가구 상속,중구에서 자주 문의되는 업무 | 참고용 업무 사례 | 상담 전 확인할 내용 | 방문·비대면 진행 안내 | 중구에서 이어지는 세부 지역 | 관련 지역 | 관련 업무,"중구에서 법무사 업무 사례와 상담 절차를 찾으시는 분을 위한 안내입니다. 남포·광복·국제시장 등 원도심 상권이 모여 있고, 상가·주택 권리관계와 상속·매매 등기 문의가 함께 이어지는 지역입니다. 중구에서 법무사 업무 사례와 상담 절차를 찾으시는 분을 위한 안내입니다. 남포·광복·국제시장 등 원도심 상권이 모여 있고, 상가·주택 권리관계와 상속·매매 등기 문의가 함께 이어지는 지역입니다. 중구 일대에서는 시장·점포 권리와 건물등기 정리 , 상가 임대차와 맞물린 소유권 확인 문의가 이어집니다. 다옴법무사사무소 안윤정 법무사는 부산 해운대·센텀에서 중구 의뢰인의 상속등기·부동산등기·법인등기·개인회생 상담을 진행합니다. 확인되지 않은 실적이나 무조건적인 처리를 약속하지 않으며, 서류와 일정을 확인한 뒤 가능 범위를 안내합니다. 문의 개요(업무 종류·소재지·일정) 전달 등기부·관할·서류 상태 확인 진행 방식·견적 범위 안내 신청·접수·보정·완료 공유 업무 종류와 희망 일정 부동산·법인 소재지",497,32,/업무사례/지역별::중구 || /업무사례/부산법무사::중구 업무 사례 || /업무사례/부산영주동법무사::중구 업무 사례 || /업무사례/부산영주동법무사::중구 || /업무사례/부산대청동법무사::중구 업무 사례 || /업무사례/부산대청동법무사::중구 || /업무사례/부산동광동법무사::중구 업무 사례 || /업무사례/부산동광동법무사::중구 || /업무사례/부산보수동법무사::중구 업무 사례 || /업무사례/부산보수동법무사::중구 || /업무사례/부산신창동법무사::중구 업무 사례 || /업무사례/부산신창동법무사::중구,지역별 업무 사례>/업무사례/지역별 || 전체 업무 사례>/업무사례 || 중구 법무사>/중구법무사 || 부산 영주동 업무 사례>/업무사례/부산영주동법무사 || 부산 대청동 업무 사례>/업무사례/부산대청동법무사 || 부산 동광동 업무 사례>/업무사례/부산동광동법무사 || 부산 보수동 업무 사례>/업무사례/부산보수동법무사 || 부산 법인등기>/부산법인등기 || 부산 개인회생>/부산개인회생 || 부산에서 법무사 찾을 때 허브로 돌아가기>/부산법무사 || 해운대·센텀 법무사 상담>/해운대법무사 || 센텀 법인·부동산 등기>/센텀법무사,홈 > 업무 사례 > 지역별 업무 사례 > 중구 업무 사례,yes,WebPage+FAQ,,SERP_UNVERIFIED,other,case,"중구에서법무사업무사례와상담절차를찾으시는분을위한안내입니다.남포·광복·국제시장등원도심상권이모여있고,상가·주택권리관계와상속·매매등기문의가함께이어지는지"
/업무사례/부산영주동법무사,generated,"index,follow",yes,/업무사례/부산영주동법무사,부산 영주동 업무 사례 | 원도심 단… | 다옴법무사사무소,"부산 영주동 업무 사례 안내. 원도심 단독·다가구 상속. 다옴법무사사무소 안윤정 법무사. 중구 영주동 일대는 남포·광복·국제시장 등 원도심 상권이 모여 있고, 상가·주택 권리관계와 상속·매매 등기",부산 영주동 업무 사례 | 원도심 단… | 다옴법무사사무소,"부산 영주동 업무 사례 안내. 원도심 단독·다가구 상속. 다옴법무사사무소 안윤정 법무사. 중구 영주동 일대는 남포·광복·국제시장 등 원도심 상권이 모여 있고, 상가·주택 권리관계와 상속·매매 등기",부산 영주동 업무 사례 | 원도심 단독·다가구 상속,부산 영주동에서 자주 문의되는 업무 | 참고용 업무 사례 | 상담 전 확인할 내용 | 방문·비대면 진행 안내 | 관련 지역 | 관련 업무,"부산 영주동에서 법무사 업무 사례와 상담 절차를 찾으시는 분을 위한 안내입니다. 중구 영주동 일대는 남포·광복·국제시장 등 원도심 상권이 모여 있고, 상가·주택 권리관계와 상속·매매 등기 문의가 함께 이어지는 지역입니다. 부산 영주동에서 법무사 업무 사례와 상담 절차를 찾으시는 분을 위한 안내입니다. 중구 영주동 일대는 남포·광복·국제시장 등 원도심 상권이 모여 있고, 상가·주택 권리관계와 상속·매매 등기 문의가 함께 이어지는 지역입니다. 부산 영주동 일대에서는 원도심 단독·다가구 상속등기 , 오래된 등기부 정리·표시변경 검토 문의가 이어집니다. 다옴법무사사무소 안윤정 법무사는 부산 해운대·센텀에서 부산 영주동 의뢰인의 상속등기·부동산등기·법인등기·개인회생 상담을 진행합니다. 확인되지 않은 실적이나 무조건적인 처리를 약속하지 않으며, 서류와 일정을 확인한 뒤 가능 범위를 안내합니다. 문의 개요(업무 종류·소재지·일정) 전달 등기부·관할·서류 상태 확인 진행 방식·견적 범위 안내 신청",509,15,/업무사례/중구법무사::부산 영주동 업무 사례 || /업무사례/부산대청동법무사::부산 영주동 업무 사례 || /업무사례/부산동광동법무사::부산 영주동 업무 사례 || /업무사례/부산보수동법무사::부산 영주동 업무 사례 || /업무사례/부산신창동법무사::부산 영주동 업무 사례 || /업무사례/부산창선동법무사::부산 영주동 업무 사례 || /업무사례/부산대창동법무사::부산 영주동 업무 사례 || /업무사례/부산남포동법무사::부산 영주동 업무 사례 || /업무사례/부산광복동법무사::부산 영주동 업무 사례 || /업무사례/부산부평동법무사::부산 영주동 업무 사례 || /업무사례/부산중앙동법무사::부산 영주동 업무 사례 || /업무사례/부산국제시장법무사::부산 영주동 업무 사례,지역별 업무 사례>/업무사례/지역별 || 전체 업무 사례>/업무사례 || 중구 법무사>/중구법무사 || 중구 업무 사례>/업무사례/중구법무사 || 부산 대청동 업무 사례>/업무사례/부산대청동법무사 || 부산 동광동 업무 사례>/업무사례/부산동광동법무사 || 부산 보수동 업무 사례>/업무사례/부산보수동법무사 || 상담 문의>/contact || 부산 상속등기>/부산상속등기 || 부산에서 법무사 찾을 때 허브로 돌아가기>/부산법무사 || 해운대·센텀 법무사 상담>/해운대법무사 || 센텀 법인·부동산 등기>/센텀법무사,홈 > 업무 사례 > 지역별 업무 사례 > 중구 > 부산 영주동 업무 사례,yes,WebPage+FAQ,,SERP_UNVERIFIED,other,case,"부산영주동에서법무사업무사례와상담절차를찾으시는분을위한안내입니다.중구영주동일대는남포·광복·국제시장등원도심상권이모여있고,상가·주택권리관계와상속·매매등"
/업무사례/부산대청동법무사,generated,"index,follow",yes,/업무사례/부산대청동법무사,부산 대청동 업무 사례 | 원도심 단… | 다옴법무사사무소,"부산 대청동 업무 사례 안내. 원도심 단독·다가구 상속. 다옴법무사사무소 안윤정 법무사. 중구 대청동 일대는 남포·광복·국제시장 등 원도심 상권이 모여 있고, 상가·주택 권리관계와 상속·매매 등기",부산 대청동 업무 사례 | 원도심 단… | 다옴법무사사무소,"부산 대청동 업무 사례 안내. 원도심 단독·다가구 상속. 다옴법무사사무소 안윤정 법무사. 중구 대청동 일대는 남포·광복·국제시장 등 원도심 상권이 모여 있고, 상가·주택 권리관계와 상속·매매 등기",부산 대청동 업무 사례 | 원도심 단독·다가구 상속,부산 대청동에서 자주 문의되는 업무 | 참고용 업무 사례 | 상담 전 확인할 내용 | 방문·비대면 진행 안내 | 관련 지역 | 관련 업무,"부산 대청동에서 법무사 업무 사례와 상담 절차를 찾으시는 분을 위한 안내입니다. 중구 대청동 일대는 남포·광복·국제시장 등 원도심 상권이 모여 있고, 상가·주택 권리관계와 상속·매매 등기 문의가 함께 이어지는 지역입니다. 부산 대청동에서 법무사 업무 사례와 상담 절차를 찾으시는 분을 위한 안내입니다. 중구 대청동 일대는 남포·광복·국제시장 등 원도심 상권이 모여 있고, 상가·주택 권리관계와 상속·매매 등기 문의가 함께 이어지는 지역입니다. 부산 대청동 일대에서는 상가·점포 매매에 따른 이전등기 , 상가건물 구분소유권 관련 등기 문의가 이어집니다. 다옴법무사사무소 안윤정 법무사는 부산 해운대·센텀에서 부산 대청동 의뢰인의 상속등기·부동산등기·법인등기·개인회생 상담을 진행합니다. 확인되지 않은 실적이나 무조건적인 처리를 약속하지 않으며, 서류와 일정을 확인한 뒤 가능 범위를 안내합니다. 문의 개요(업무 종류·소재지·일정) 전달 등기부·관할·서류 상태 확인 진행 방식·견적 범위 안내 신청",511,15,/업무사례/중구법무사::부산 대청동 업무 사례 || /업무사례/부산영주동법무사::부산 대청동 업무 사례 || /업무사례/부산동광동법무사::부산 대청동 업무 사례 || /업무사례/부산보수동법무사::부산 대청동 업무 사례 || /업무사례/부산신창동법무사::부산 대청동 업무 사례 || /업무사례/부산창선동법무사::부산 대청동 업무 사례 || /업무사례/부산대창동법무사::부산 대청동 업무 사례 || /업무사례/부산남포동법무사::부산 대청동 업무 사례 || /업무사례/부산광복동법무사::부산 대청동 업무 사례 || /업무사례/부산부평동법무사::부산 대청동 업무 사례 || /업무사례/부산중앙동법무사::부산 대청동 업무 사례 || /업무사례/부산국제시장법무사::부산 대청동 업무 사례,지역별 업무 사례>/업무사례/지역별 || 전체 업무 사례>/업무사례 || 중구 법무사>/중구법무사 || 중구 업무 사례>/업무사례/중구법무사 || 부산 영주동 업무 사례>/업무사례/부산영주동법무사 || 부산 동광동 업무 사례>/업무사례/부산동광동법무사 || 부산 보수동 업무 사례>/업무사례/부산보수동법무사 || 부산 부동산등기>/부산부동산등기 || 부산 법인등기>/부산법인등기 || 부산에서 법무사 찾을 때 허브로 돌아가기>/부산법무사 || 해운대·센텀 법무사 상담>/해운대법무사 || 센텀 법인·부동산 등기>/센텀법무사,홈 > 업무 사례 > 지역별 업무 사례 > 중구 > 부산 대청동 업무 사례,yes,WebPage+FAQ,,SERP_UNVERIFIED,other,case,"부산대청동에서법무사업무사례와상담절차를찾으시는분을위한안내입니다.중구대청동일대는남포·광복·국제시장등원도심상권이모여있고,상가·주택권리관계와상속·매매등"
/업무사례/부산동광동법무사,generated,"index,follow",yes,/업무사례/부산동광동법무사,부산 동광동 업무 사례 | 원도심 단… | 다옴법무사사무소,"부산 동광동 업무 사례 안내. 원도심 단독·다가구 상속. 다옴법무사사무소 안윤정 법무사. 중구 동광동 일대는 남포·광복·국제시장 등 원도심 상권이 모여 있고, 상가·주택 권리관계와 상속·매매 등기",부산 동광동 업무 사례 | 원도심 단… | 다옴법무사사무소,"부산 동광동 업무 사례 안내. 원도심 단독·다가구 상속. 다옴법무사사무소 안윤정 법무사. 중구 동광동 일대는 남포·광복·국제시장 등 원도심 상권이 모여 있고, 상가·주택 권리관계와 상속·매매 등기",부산 동광동 업무 사례 | 원도심 단독·다가구 상속,부산 동광동에서 자주 문의되는 업무 | 참고용 업무 사례 | 상담 전 확인할 내용 | 방문·비대면 진행 안내 | 관련 지역 | 관련 업무,"부산 동광동에서 법무사 업무 사례와 상담 절차를 찾으시는 분을 위한 안내입니다. 중구 동광동 일대는 남포·광복·국제시장 등 원도심 상권이 모여 있고, 상가·주택 권리관계와 상속·매매 등기 문의가 함께 이어지는 지역입니다. 부산 동광동에서 법무사 업무 사례와 상담 절차를 찾으시는 분을 위한 안내입니다. 중구 동광동 일대는 남포·광복·국제시장 등 원도심 상권이 모여 있고, 상가·주택 권리관계와 상속·매매 등기 문의가 함께 이어지는 지역입니다. 부산 동광동 일대에서는 오래된 등기부 정리·표시변경 검토 , 소규모 필지·상가의 권리관계 확인 문의가 이어집니다. 다옴법무사사무소 안윤정 법무사는 부산 해운대·센텀에서 부산 동광동 의뢰인의 상속등기·부동산등기·법인등기·개인회생 상담을 진행합니다. 확인되지 않은 실적이나 무조건적인 처리를 약속하지 않으며, 서류와 일정을 확인한 뒤 가능 범위를 안내합니다. 문의 개요(업무 종류·소재지·일정) 전달 등기부·관할·서류 상태 확인 진행 방식·견적 범위 안내",476,15,/업무사례/중구법무사::부산 동광동 업무 사례 || /업무사례/부산영주동법무사::부산 동광동 업무 사례 || /업무사례/부산대청동법무사::부산 동광동 업무 사례 || /업무사례/부산보수동법무사::부산 동광동 업무 사례 || /업무사례/부산신창동법무사::부산 동광동 업무 사례 || /업무사례/부산창선동법무사::부산 동광동 업무 사례 || /업무사례/부산대창동법무사::부산 동광동 업무 사례 || /업무사례/부산남포동법무사::부산 동광동 업무 사례 || /업무사례/부산광복동법무사::부산 동광동 업무 사례 || /업무사례/부산부평동법무사::부산 동광동 업무 사례 || /업무사례/부산중앙동법무사::부산 동광동 업무 사례 || /업무사례/부산국제시장법무사::부산 동광동 업무 사례,지역별 업무 사례>/업무사례/지역별 || 전체 업무 사례>/업무사례 || 중구 법무사>/중구법무사 || 중구 업무 사례>/업무사례/중구법무사 || 부산 영주동 업무 사례>/업무사례/부산영주동법무사 || 부산 대청동 업무 사례>/업무사례/부산대청동법무사 || 부산 보수동 업무 사례>/업무사례/부산보수동법무사 || 소유권이전등기>/부산소유권이전등기 || 임원변경등기>/부산임원변경등기 || 부산에서 법무사 찾을 때 허브로 돌아가기>/부산법무사 || 해운대·센텀 법무사 상담>/해운대법무사 || 센텀 법인·부동산 등기>/센텀법무사,홈 > 업무 사례 > 지역별 업무 사례 > 중구 > 부산 동광동 업무 사례,yes,WebPage+FAQ,,SERP_UNVERIFIED,other,case,"부산동광동에서법무사업무사례와상담절차를찾으시는분을위한안내입니다.중구동광동일대는남포·광복·국제시장등원도심상권이모여있고,상가·주택권리관계와상속·매매등"
/업무사례/부산보수동법무사,generated,"index,follow",yes,/업무사례/부산보수동법무사,부산 보수동 업무 사례 | 원도심 단… | 다옴법무사사무소,"부산 보수동 업무 사례 안내. 원도심 단독·다가구 상속. 다옴법무사사무소 안윤정 법무사. 중구 보수동 일대는 남포·광복·국제시장 등 원도심 상권이 모여 있고, 상가·주택 권리관계와 상속·매매 등기",부산 보수동 업무 사례 | 원도심 단… | 다옴법무사사무소,"부산 보수동 업무 사례 안내. 원도심 단독·다가구 상속. 다옴법무사사무소 안윤정 법무사. 중구 보수동 일대는 남포·광복·국제시장 등 원도심 상권이 모여 있고, 상가·주택 권리관계와 상속·매매 등기",부산 보수동 업무 사례 | 원도심 단독·다가구 상속,부산 보수동에서 자주 문의되는 업무 | 참고용 업무 사례 | 상담 전 확인할 내용 | 방문·비대면 진행 안내 | 관련 지역 | 관련 업무,"부산 보수동에서 법무사 업무 사례와 상담 절차를 찾으시는 분을 위한 안내입니다. 중구 보수동 일대는 남포·광복·국제시장 등 원도심 상권이 모여 있고, 상가·주택 권리관계와 상속·매매 등기 문의가 함께 이어지는 지역입니다. 부산 보수동에서 법무사 업무 사례와 상담 절차를 찾으시는 분을 위한 안내입니다. 중구 보수동 일대는 남포·광복·국제시장 등 원도심 상권이 모여 있고, 상가·주택 권리관계와 상속·매매 등기 문의가 함께 이어지는 지역입니다. 부산 보수동 일대에서는 원도심 단독·다가구 상속등기 , 오래된 등기부 정리·표시변경 검토 문의가 이어집니다. 다옴법무사사무소 안윤정 법무사는 부산 해운대·센텀에서 부산 보수동 의뢰인의 상속등기·부동산등기·법인등기·개인회생 상담을 진행합니다. 확인되지 않은 실적이나 무조건적인 처리를 약속하지 않으며, 서류와 일정을 확인한 뒤 가능 범위를 안내합니다. 문의 개요(업무 종류·소재지·일정) 전달 등기부·관할·서류 상태 확인 진행 방식·견적 범위 안내 신청",497,15,/업무사례/중구법무사::부산 보수동 업무 사례 || /업무사례/부산영주동법무사::부산 보수동 업무 사례 || /업무사례/부산대청동법무사::부산 보수동 업무 사례 || /업무사례/부산동광동법무사::부산 보수동 업무 사례 || /업무사례/부산신창동법무사::부산 보수동 업무 사례 || /업무사례/부산창선동법무사::부산 보수동 업무 사례 || /업무사례/부산대창동법무사::부산 보수동 업무 사례 || /업무사례/부산남포동법무사::부산 보수동 업무 사례 || /업무사례/부산광복동법무사::부산 보수동 업무 사례 || /업무사례/부산부평동법무사::부산 보수동 업무 사례 || /업무사례/부산중앙동법무사::부산 보수동 업무 사례 || /업무사례/부산국제시장법무사::부산 보수동 업무 사례,지역별 업무 사례>/업무사례/지역별 || 전체 업무 사례>/업무사례 || 중구 법무사>/중구법무사 || 중구 업무 사례>/업무사례/중구법무사 || 부산 영주동 업무 사례>/업무사례/부산영주동법무사 || 부산 대청동 업무 사례>/업무사례/부산대청동법무사 || 부산 동광동 업무 사례>/업무사례/부산동광동법무사 || 부산 상속등기>/부산상속등기 || 부산 부동산등기>/부산부동산등기 || 부산에서 법무사 찾을 때 허브로 돌아가기>/부산법무사 || 해운대·센텀 법무사 상담>/해운대법무사 || 센텀 법인·부동산 등기>/센텀법무사,홈 > 업무 사례 > 지역별 업무 사례 > 중구 > 부산 보수동 업무 사례,yes,WebPage+FAQ,,SERP_UNVERIFIED,other,case,"부산보수동에서법무사업무사례와상담절차를찾으시는분을위한안내입니다.중구보수동일대는남포·광복·국제시장등원도심상권이모여있고,상가·주택권리관계와상속·매매등"
/업무사례/부산신창동법무사,generated,"index,follow",yes,/업무사례/부산신창동법무사,부산 신창동 업무 사례 | 원도심 단… | 다옴법무사사무소,"부산 신창동 업무 사례 안내. 원도심 단독·다가구 상속. 다옴법무사사무소 안윤정 법무사. 중구 신창동 일대는 남포·광복·국제시장 등 원도심 상권이 모여 있고, 상가·주택 권리관계와 상속·매매 등기",부산 신창동 업무 사례 | 원도심 단… | 다옴법무사사무소,"부산 신창동 업무 사례 안내. 원도심 단독·다가구 상속. 다옴법무사사무소 안윤정 법무사. 중구 신창동 일대는 남포·광복·국제시장 등 원도심 상권이 모여 있고, 상가·주택 권리관계와 상속·매매 등기",부산 신창동 업무 사례 | 원도심 단독·다가구 상속,부산 신창동에서 자주 문의되는 업무 | 참고용 업무 사례 | 상담 전 확인할 내용 | 방문·비대면 진행 안내 | 관련 지역 | 관련 업무,"부산 신창동에서 법무사 업무 사례와 상담 절차를 찾으시는 분을 위한 안내입니다. 중구 신창동 일대는 남포·광복·국제시장 등 원도심 상권이 모여 있고, 상가·주택 권리관계와 상속·매매 등기 문의가 함께 이어지는 지역입니다. 부산 신창동에서 법무사 업무 사례와 상담 절차를 찾으시는 분을 위한 안내입니다. 중구 신창동 일대는 남포·광복·국제시장 등 원도심 상권이 모여 있고, 상가·주택 권리관계와 상속·매매 등기 문의가 함께 이어지는 지역입니다. 부산 신창동 일대에서는 상가건물 구분소유권 관련 등기 , 개인사업자·법인의 사업장 주소 변경등기 문의가 이어집니다. 다옴법무사사무소 안윤정 법무사는 부산 해운대·센텀에서 부산 신창동 의뢰인의 상속등기·부동산등기·법인등기·개인회생 상담을 진행합니다. 확인되지 않은 실적이나 무조건적인 처리를 약속하지 않으며, 서류와 일정을 확인한 뒤 가능 범위를 안내합니다. 문의 개요(업무 종류·소재지·일정) 전달 등기부·관할·서류 상태 확인 진행 방식·견적 범위 안",508,15,/업무사례/중구법무사::부산 신창동 업무 사례 || /업무사례/부산영주동법무사::부산 신창동 업무 사례 || /업무사례/부산대청동법무사::부산 신창동 업무 사례 || /업무사례/부산동광동법무사::부산 신창동 업무 사례 || /업무사례/부산보수동법무사::부산 신창동 업무 사례 || /업무사례/부산창선동법무사::부산 신창동 업무 사례 || /업무사례/부산대창동법무사::부산 신창동 업무 사례 || /업무사례/부산남포동법무사::부산 신창동 업무 사례 || /업무사례/부산광복동법무사::부산 신창동 업무 사례 || /업무사례/부산부평동법무사::부산 신창동 업무 사례 || /업무사례/부산중앙동법무사::부산 신창동 업무 사례 || /업무사례/부산국제시장법무사::부산 신창동 업무 사례,지역별 업무 사례>/업무사례/지역별 || 전체 업무 사례>/업무사례 || 중구 법무사>/중구법무사 || 중구 업무 사례>/업무사례/중구법무사 || 부산 영주동 업무 사례>/업무사례/부산영주동법무사 || 부산 대청동 업무 사례>/업무사례/부산대청동법무사 || 부산 동광동 업무 사례>/업무사례/부산동광동법무사 || 부산 부동산등기>/부산부동산등기 || 부산 법인등기>/부산법인등기 || 부산에서 법무사 찾을 때 허브로 돌아가기>/부산법무사 || 해운대·센텀 법무사 상담>/해운대법무사 || 센텀 법인·부동산 등기>/센텀법무사,홈 > 업무 사례 > 지역별 업무 사례 > 중구 > 부산 신창동 업무 사례,yes,WebPage+FAQ,,SERP_UNVERIFIED,other,case,"부산신창동에서법무사업무사례와상담절차를찾으시는분을위한안내입니다.중구신창동일대는남포·광복·국제시장등원도심상권이모여있고,상가·주택권리관계와상속·매매등"
/업무사례/부산창선동법무사,generated,"index,follow",yes,/업무사례/부산창선동법무사,부산 창선동 업무 사례 | 원도심 단… | 다옴법무사사무소,"부산 창선동 업무 사례 안내. 원도심 단독·다가구 상속. 다옴법무사사무소 안윤정 법무사. 중구 창선동 일대는 남포·광복·국제시장 등 원도심 상권이 모여 있고, 상가·주택 권리관계와 상속·매매 등기",부산 창선동 업무 사례 | 원도심 단… | 다옴법무사사무소,"부산 창선동 업무 사례 안내. 원도심 단독·다가구 상속. 다옴법무사사무소 안윤정 법무사. 중구 창선동 일대는 남포·광복·국제시장 등 원도심 상권이 모여 있고, 상가·주택 권리관계와 상속·매매 등기",부산 창선동 업무 사례 | 원도심 단독·다가구 상속,부산 창선동에서 자주 문의되는 업무 | 참고용 업무 사례 | 상담 전 확인할 내용 | 방문·비대면 진행 안내 | 관련 지역 | 관련 업무,"부산 창선동에서 법무사 업무 사례와 상담 절차를 찾으시는 분을 위한 안내입니다. 중구 창선동 일대는 남포·광복·국제시장 등 원도심 상권이 모여 있고, 상가·주택 권리관계와 상속·매매 등기 문의가 함께 이어지는 지역입니다. 부산 창선동에서 법무사 업무 사례와 상담 절차를 찾으시는 분을 위한 안내입니다. 중구 창선동 일대는 남포·광복·국제시장 등 원도심 상권이 모여 있고, 상가·주택 권리관계와 상속·매매 등기 문의가 함께 이어지는 지역입니다. 부산 창선동 일대에서는 시장·점포 권리와 건물등기 정리 , 상가 임대차와 맞물린 소유권 확인 문의가 이어집니다. 다옴법무사사무소 안윤정 법무사는 부산 해운대·센텀에서 부산 창선동 의뢰인의 상속등기·부동산등기·법인등기·개인회생 상담을 진행합니다. 확인되지 않은 실적이나 무조건적인 처리를 약속하지 않으며, 서류와 일정을 확인한 뒤 가능 범위를 안내합니다. 문의 개요(업무 종류·소재지·일정) 전달 등기부·관할·서류 상태 확인 진행 방식·견적 범위 안내 ",512,6,/업무사례/중구법무사::부산 창선동 업무 사례 || /업무사례/부산영주동법무사::부산 창선동 업무 사례 || /업무사례/부산대청동법무사::부산 창선동 업무 사례 || /업무사례/부산동광동법무사::부산 창선동 업무 사례 || /업무사례/부산보수동법무사::부산 창선동 업무 사례 || /업무사례/부산신창동법무사::부산 창선동 업무 사례,지역별 업무 사례>/업무사례/지역별 || 전체 업무 사례>/업무사례 || 중구 법무사>/중구법무사 || 중구 업무 사례>/업무사례/중구법무사 || 부산 영주동 업무 사례>/업무사례/부산영주동법무사 || 부산 대청동 업무 사례>/업무사례/부산대청동법무사 || 부산 동광동 업무 사례>/업무사례/부산동광동법무사 || 상담 문의>/contact || 부산 상속등기>/부산상속등기 || 부산에서 법무사 찾을 때 허브로 돌아가기>/부산법무사 || 해운대·센텀 법무사 상담>/해운대법무사 || 센텀 법인·부동산 등기>/센텀법무사,홈 > 업무 사례 > 지역별 업무 사례 > 중구 > 부산 창선동 업무 사례,yes,WebPage+FAQ,,SERP_UNVERIFIED,other,case,"부산창선동에서법무사업무사례와상담절차를찾으시는분을위한안내입니다.중구창선동일대는남포·광복·국제시장등원도심상권이모여있고,상가·주택권리관계와상속·매매등"
/업무사례/부산대창동법무사,generated,"index,follow",yes,/업무사례/부산대창동법무사,부산 대창동 업무 사례 | 원도심 단… | 다옴법무사사무소,"부산 대창동 업무 사례 안내. 원도심 단독·다가구 상속. 다옴법무사사무소 안윤정 법무사. 중구 대창동 일대는 남포·광복·국제시장 등 원도심 상권이 모여 있고, 상가·주택 권리관계와 상속·매매 등기",부산 대창동 업무 사례 | 원도심 단… | 다옴법무사사무소,"부산 대창동 업무 사례 안내. 원도심 단독·다가구 상속. 다옴법무사사무소 안윤정 법무사. 중구 대창동 일대는 남포·광복·국제시장 등 원도심 상권이 모여 있고, 상가·주택 권리관계와 상속·매매 등기",부산 대창동 업무 사례 | 원도심 단독·다가구 상속,부산 대창동에서 자주 문의되는 업무 | 참고용 업무 사례 | 상담 전 확인할 내용 | 방문·비대면 진행 안내 | 관련 지역 | 관련 업무,"부산 대창동에서 법무사 업무 사례와 상담 절차를 찾으시는 분을 위한 안내입니다. 중구 대창동 일대는 남포·광복·국제시장 등 원도심 상권이 모여 있고, 상가·주택 권리관계와 상속·매매 등기 문의가 함께 이어지는 지역입니다. 부산 대창동에서 법무사 업무 사례와 상담 절차를 찾으시는 분을 위한 안내입니다. 중구 대창동 일대는 남포·광복·국제시장 등 원도심 상권이 모여 있고, 상가·주택 권리관계와 상속·매매 등기 문의가 함께 이어지는 지역입니다. 부산 대창동 일대에서는 개인사업자·법인의 사업장 주소 변경등기 , 시장·점포 권리와 건물등기 정리 문의가 이어집니다. 다옴법무사사무소 안윤정 법무사는 부산 해운대·센텀에서 부산 대창동 의뢰인의 상속등기·부동산등기·법인등기·개인회생 상담을 진행합니다. 확인되지 않은 실적이나 무조건적인 처리를 약속하지 않으며, 서류와 일정을 확인한 뒤 가능 범위를 안내합니다. 문의 개요(업무 종류·소재지·일정) 전달 등기부·관할·서류 상태 확인 진행 방식·견적 범위 ",509,0,,지역별 업무 사례>/업무사례/지역별 || 전체 업무 사례>/업무사례 || 중구 법무사>/중구법무사 || 중구 업무 사례>/업무사례/중구법무사 || 부산 영주동 업무 사례>/업무사례/부산영주동법무사 || 부산 대청동 업무 사례>/업무사례/부산대청동법무사 || 부산 동광동 업무 사례>/업무사례/부산동광동법무사 || 부산 부동산등기>/부산부동산등기 || 부산 법인등기>/부산법인등기 || 부산에서 법무사 찾을 때 허브로 돌아가기>/부산법무사 || 해운대·센텀 법무사 상담>/해운대법무사 || 센텀 법인·부동산 등기>/센텀법무사,홈 > 업무 사례 > 지역별 업무 사례 > 중구 > 부산 대창동 업무 사례,yes,WebPage+FAQ,,SERP_UNVERIFIED,other,case,"부산대창동에서법무사업무사례와상담절차를찾으시는분을위한안내입니다.중구대창동일대는남포·광복·국제시장등원도심상권이모여있고,상가·주택권리관계와상속·매매등"
/업무사례/부산남포동법무사,generated,"index,follow",yes,/업무사례/부산남포동법무사,부산 남포동 업무 사례 | 원도심 단… | 다옴법무사사무소,"부산 남포동 업무 사례 안내. 원도심 단독·다가구 상속. 다옴법무사사무소 안윤정 법무사. 중구 남포동 일대는 남포·광복·국제시장 등 원도심 상권이 모여 있고, 상가·주택 권리관계와 상속·매매 등기",부산 남포동 업무 사례 | 원도심 단… | 다옴법무사사무소,"부산 남포동 업무 사례 안내. 원도심 단독·다가구 상속. 다옴법무사사무소 안윤정 법무사. 중구 남포동 일대는 남포·광복·국제시장 등 원도심 상권이 모여 있고, 상가·주택 권리관계와 상속·매매 등기",부산 남포동 업무 사례 | 원도심 단독·다가구 상속,부산 남포동에서 자주 문의되는 업무 | 참고용 업무 사례 | 상담 전 확인할 내용 | 방문·비대면 진행 안내 | 관련 지역 | 관련 업무,"부산 남포동에서 법무사 업무 사례와 상담 절차를 찾으시는 분을 위한 안내입니다. 중구 남포동 일대는 남포·광복·국제시장 등 원도심 상권이 모여 있고, 상가·주택 권리관계와 상속·매매 등기 문의가 함께 이어지는 지역입니다. 부산 남포동에서 법무사 업무 사례와 상담 절차를 찾으시는 분을 위한 안내입니다. 중구 남포동 일대는 남포·광복·국제시장 등 원도심 상권이 모여 있고, 상가·주택 권리관계와 상속·매매 등기 문의가 함께 이어지는 지역입니다. 부산 남포동 일대에서는 전통시장 인근 주택 상속·매매등기 , 원도심 단독·다가구 상속등기 문의가 이어집니다. 다옴법무사사무소 안윤정 법무사는 부산 해운대·센텀에서 부산 남포동 의뢰인의 상속등기·부동산등기·법인등기·개인회생 상담을 진행합니다. 확인되지 않은 실적이나 무조건적인 처리를 약속하지 않으며, 서류와 일정을 확인한 뒤 가능 범위를 안내합니다. 문의 개요(업무 종류·소재지·일정) 전달 등기부·관할·서류 상태 확인 진행 방식·견적 범위 안내 신청",506,0,,지역별 업무 사례>/업무사례/지역별 || 전체 업무 사례>/업무사례 || 중구 법무사>/중구법무사 || 중구 업무 사례>/업무사례/중구법무사 || 부산 영주동 업무 사례>/업무사례/부산영주동법무사 || 부산 대청동 업무 사례>/업무사례/부산대청동법무사 || 부산 동광동 업무 사례>/업무사례/부산동광동법무사 || 부산 상속등기>/부산상속등기 || 부산 부동산등기>/부산부동산등기 || 부산에서 법무사 찾을 때 허브로 돌아가기>/부산법무사 || 해운대·센텀 법무사 상담>/해운대법무사 || 센텀 법인·부동산 등기>/센텀법무사,홈 > 업무 사례 > 지역별 업무 사례 > 중구 > 부산 남포동 업무 사례,yes,WebPage+FAQ,,SERP_UNVERIFIED,other,case,"부산남포동에서법무사업무사례와상담절차를찾으시는분을위한안내입니다.중구남포동일대는남포·광복·국제시장등원도심상권이모여있고,상가·주택권리관계와상속·매매등"
/업무사례/부산광복동법무사,generated,"index,follow",yes,/업무사례/부산광복동법무사,부산 광복동 업무 사례 | 원도심 단… | 다옴법무사사무소,"부산 광복동 업무 사례 안내. 원도심 단독·다가구 상속. 다옴법무사사무소 안윤정 법무사. 중구 광복동 일대는 남포·광복·국제시장 등 원도심 상권이 모여 있고, 상가·주택 권리관계와 상속·매매 등기",부산 광복동 업무 사례 | 원도심 단… | 다옴법무사사무소,"부산 광복동 업무 사례 안내. 원도심 단독·다가구 상속. 다옴법무사사무소 안윤정 법무사. 중구 광복동 일대는 남포·광복·국제시장 등 원도심 상권이 모여 있고, 상가·주택 권리관계와 상속·매매 등기",부산 광복동 업무 사례 | 원도심 단독·다가구 상속,부산 광복동에서 자주 문의되는 업무 | 참고용 업무 사례 | 상담 전 확인할 내용 | 방문·비대면 진행 안내 | 관련 지역 | 관련 업무,"부산 광복동에서 법무사 업무 사례와 상담 절차를 찾으시는 분을 위한 안내입니다. 중구 광복동 일대는 남포·광복·국제시장 등 원도심 상권이 모여 있고, 상가·주택 권리관계와 상속·매매 등기 문의가 함께 이어지는 지역입니다. 부산 광복동에서 법무사 업무 사례와 상담 절차를 찾으시는 분을 위한 안내입니다. 중구 광복동 일대는 남포·광복·국제시장 등 원도심 상권이 모여 있고, 상가·주택 권리관계와 상속·매매 등기 문의가 함께 이어지는 지역입니다. 부산 광복동 일대에서는 상가·점포 매매에 따른 이전등기 , 상가건물 구분소유권 관련 등기 문의가 이어집니다. 다옴법무사사무소 안윤정 법무사는 부산 해운대·센텀에서 부산 광복동 의뢰인의 상속등기·부동산등기·법인등기·개인회생 상담을 진행합니다. 확인되지 않은 실적이나 무조건적인 처리를 약속하지 않으며, 서류와 일정을 확인한 뒤 가능 범위를 안내합니다. 문의 개요(업무 종류·소재지·일정) 전달 등기부·관할·서류 상태 확인 진행 방식·견적 범위 안내 신청",499,0,,지역별 업무 사례>/업무사례/지역별 || 전체 업무 사례>/업무사례 || 중구 법무사>/중구법무사 || 중구 업무 사례>/업무사례/중구법무사 || 부산 영주동 업무 사례>/업무사례/부산영주동법무사 || 부산 대청동 업무 사례>/업무사례/부산대청동법무사 || 부산 동광동 업무 사례>/업무사례/부산동광동법무사 || 부산 상속등기>/부산상속등기 || 부산 부동산등기>/부산부동산등기 || 부산에서 법무사 찾을 때 허브로 돌아가기>/부산법무사 || 해운대·센텀 법무사 상담>/해운대법무사 || 센텀 법인·부동산 등기>/센텀법무사,홈 > 업무 사례 > 지역별 업무 사례 > 중구 > 부산 광복동 업무 사례,yes,WebPage+FAQ,,SERP_UNVERIFIED,other,case,"부산광복동에서법무사업무사례와상담절차를찾으시는분을위한안내입니다.중구광복동일대는남포·광복·국제시장등원도심상권이모여있고,상가·주택권리관계와상속·매매등"
/업무사례/부산부평동법무사,generated,"index,follow",yes,/업무사례/부산부평동법무사,부산 부평동 업무 사례 | 원도심 단… | 다옴법무사사무소,"부산 부평동 업무 사례 안내. 원도심 단독·다가구 상속. 다옴법무사사무소 안윤정 법무사. 중구 부평동 일대는 남포·광복·국제시장 등 원도심 상권이 모여 있고, 상가·주택 권리관계와 상속·매매 등기",부산 부평동 업무 사례 | 원도심 단… | 다옴법무사사무소,"부산 부평동 업무 사례 안내. 원도심 단독·다가구 상속. 다옴법무사사무소 안윤정 법무사. 중구 부평동 일대는 남포·광복·국제시장 등 원도심 상권이 모여 있고, 상가·주택 권리관계와 상속·매매 등기",부산 부평동 업무 사례 | 원도심 단독·다가구 상속,부산 부평동에서 자주 문의되는 업무 | 참고용 업무 사례 | 상담 전 확인할 내용 | 방문·비대면 진행 안내 | 관련 지역 | 관련 업무,"부산 부평동에서 법무사 업무 사례와 상담 절차를 찾으시는 분을 위한 안내입니다. 중구 부평동 일대는 남포·광복·국제시장 등 원도심 상권이 모여 있고, 상가·주택 권리관계와 상속·매매 등기 문의가 함께 이어지는 지역입니다. 부산 부평동에서 법무사 업무 사례와 상담 절차를 찾으시는 분을 위한 안내입니다. 중구 부평동 일대는 남포·광복·국제시장 등 원도심 상권이 모여 있고, 상가·주택 권리관계와 상속·매매 등기 문의가 함께 이어지는 지역입니다. 부산 부평동 일대에서는 전통시장 인근 주택 상속·매매등기 , 원도심 단독·다가구 상속등기 문의가 이어집니다. 다옴법무사사무소 안윤정 법무사는 부산 해운대·센텀에서 부산 부평동 의뢰인의 상속등기·부동산등기·법인등기·개인회생 상담을 진행합니다. 확인되지 않은 실적이나 무조건적인 처리를 약속하지 않으며, 서류와 일정을 확인한 뒤 가능 범위를 안내합니다. 문의 개요(업무 종류·소재지·일정) 전달 등기부·관할·서류 상태 확인 진행 방식·견적 범위 안내 신청",506,0,,지역별 업무 사례>/업무사례/지역별 || 전체 업무 사례>/업무사례 || 중구 법무사>/중구법무사 || 중구 업무 사례>/업무사례/중구법무사 || 부산 영주동 업무 사례>/업무사례/부산영주동법무사 || 부산 대청동 업무 사례>/업무사례/부산대청동법무사 || 부산 동광동 업무 사례>/업무사례/부산동광동법무사 || 임원변경등기>/부산임원변경등기 || 신축건물 보존등기>/부산신축건물보존등기 || 부산에서 법무사 찾을 때 허브로 돌아가기>/부산법무사 || 해운대·센텀 법무사 상담>/해운대법무사 || 센텀 법인·부동산 등기>/센텀법무사,홈 > 업무 사례 > 지역별 업무 사례 > 중구 > 부산 부평동 업무 사례,yes,WebPage+FAQ,,SERP_UNVERIFIED,other,case,"부산부평동에서법무사업무사례와상담절차를찾으시는분을위한안내입니다.중구부평동일대는남포·광복·국제시장등원도심상권이모여있고,상가·주택권리관계와상속·매매등"
/업무사례/부산중앙동법무사,generated,"index,follow",yes,/업무사례/부산중앙동법무사,부산 중앙동 업무 사례 | 원도심 단… | 다옴법무사사무소,"부산 중앙동 업무 사례 안내. 원도심 단독·다가구 상속. 다옴법무사사무소 안윤정 법무사. 중구 중앙동 일대는 남포·광복·국제시장 등 원도심 상권이 모여 있고, 상가·주택 권리관계와 상속·매매 등기",부산 중앙동 업무 사례 | 원도심 단… | 다옴법무사사무소,"부산 중앙동 업무 사례 안내. 원도심 단독·다가구 상속. 다옴법무사사무소 안윤정 법무사. 중구 중앙동 일대는 남포·광복·국제시장 등 원도심 상권이 모여 있고, 상가·주택 권리관계와 상속·매매 등기",부산 중앙동 업무 사례 | 원도심 단독·다가구 상속,부산 중앙동에서 자주 문의되는 업무 | 참고용 업무 사례 | 상담 전 확인할 내용 | 방문·비대면 진행 안내 | 관련 지역 | 관련 업무,"부산 중앙동에서 법무사 업무 사례와 상담 절차를 찾으시는 분을 위한 안내입니다. 중구 중앙동 일대는 남포·광복·국제시장 등 원도심 상권이 모여 있고, 상가·주택 권리관계와 상속·매매 등기 문의가 함께 이어지는 지역입니다. 부산 중앙동에서 법무사 업무 사례와 상담 절차를 찾으시는 분을 위한 안내입니다. 중구 중앙동 일대는 남포·광복·국제시장 등 원도심 상권이 모여 있고, 상가·주택 권리관계와 상속·매매 등기 문의가 함께 이어지는 지역입니다. 부산 중앙동 일대에서는 상가 임대차와 맞물린 소유권 확인 , 전통시장 인근 주택 상속·매매등기 문의가 이어집니다. 다옴법무사사무소 안윤정 법무사는 부산 해운대·센텀에서 부산 중앙동 의뢰인의 상속등기·부동산등기·법인등기·개인회생 상담을 진행합니다. 확인되지 않은 실적이나 무조건적인 처리를 약속하지 않으며, 서류와 일정을 확인한 뒤 가능 범위를 안내합니다. 문의 개요(업무 종류·소재지·일정) 전달 등기부·관할·서류 상태 확인 진행 방식·견적 범위 안내",477,0,,지역별 업무 사례>/업무사례/지역별 || 전체 업무 사례>/업무사례 || 중구 법무사>/중구법무사 || 중구 업무 사례>/업무사례/중구법무사 || 부산 영주동 업무 사례>/업무사례/부산영주동법무사 || 부산 대청동 업무 사례>/업무사례/부산대청동법무사 || 부산 동광동 업무 사례>/업무사례/부산동광동법무사 || 소유권이전등기>/부산소유권이전등기 || 임원변경등기>/부산임원변경등기 || 부산에서 법무사 찾을 때 허브로 돌아가기>/부산법무사 || 해운대·센텀 법무사 상담>/해운대법무사 || 센텀 법인·부동산 등기>/센텀법무사,홈 > 업무 사례 > 지역별 업무 사례 > 중구 > 부산 중앙동 업무 사례,yes,WebPage+FAQ,,SERP_UNVERIFIED,other,case,"부산중앙동에서법무사업무사례와상담절차를찾으시는분을위한안내입니다.중구중앙동일대는남포·광복·국제시장등원도심상권이모여있고,상가·주택권리관계와상속·매매등"
/업무사례/서구법무사,generated,"index,follow",yes,/업무사례/서구법무사,서구 업무 사례 | 아파트·주택 상속·이전 | 다옴법무사사무소,"서구 업무 사례 안내. 아파트·주택 상속·이전. 다옴법무사사무소 안윤정 법무사. 대신·암남·송도 일대는 주거와 병원·해수욕장 생활권이 겹쳐, 상속·부동산 이전과 병원 인근 거주자 상담이 많",서구 업무 사례 | 아파트·주택 상속·이전 | 다옴법무사사무소,"서구 업무 사례 안내. 아파트·주택 상속·이전. 다옴법무사사무소 안윤정 법무사. 대신·암남·송도 일대는 주거와 병원·해수욕장 생활권이 겹쳐, 상속·부동산 이전과 병원 인근 거주자 상담이 많",서구 업무 사례 | 아파트·주택 상속·이전,서구에서 자주 문의되는 업무 | 참고용 업무 사례 | 상담 전 확인할 내용 | 방문·비대면 진행 안내 | 서구에서 이어지는 세부 지역 | 관련 지역 | 관련 업무,"서구에서 법무사 업무 사례와 상담 절차를 찾으시는 분을 위한 안내입니다. 대신·암남·송도 일대는 주거와 병원·해수욕장 생활권이 겹쳐, 상속·부동산 이전과 병원 인근 거주자 상담이 많은 편입니다. 서구에서 법무사 업무 사례와 상담 절차를 찾으시는 분을 위한 안내입니다. 대신·암남·송도 일대는 주거와 병원·해수욕장 생활권이 겹쳐, 상속·부동산 이전과 병원 인근 거주자 상담이 많은 편입니다. 서구 일대에서는 공동상속인 협의 후 상속등기 , 근저당 설정·말소와 잔금일 일정 조율 문의가 이어집니다. 다옴법무사사무소 안윤정 법무사는 부산 해운대·센텀에서 서구 의뢰인의 상속등기·부동산등기·법인등기·개인회생 상담을 진행합니다. 확인되지 않은 실적이나 무조건적인 처리를 약속하지 않으며, 서류와 일정을 확인한 뒤 가능 범위를 안내합니다. 문의 개요(업무 종류·소재지·일정) 전달 등기부·관할·서류 상태 확인 진행 방식·견적 범위 안내 신청·접수·보정·완료 공유 업무 종류와 희망 일정 부동산·법인 소재지",506,30,/업무사례/지역별::서구 || /업무사례/부산법무사::서구 업무 사례 || /업무사례/부산남부민동법무사::서구 업무 사례 || /업무사례/부산남부민동법무사::서구 || /업무사례/부산부민동법무사::서구 업무 사례 || /업무사례/부산부민동법무사::서구 || /업무사례/부산부용동법무사::서구 업무 사례 || /업무사례/부산부용동법무사::서구 || /업무사례/부산아미동법무사::서구 업무 사례 || /업무사례/부산아미동법무사::서구 || /업무사례/부산초장동법무사::서구 업무 사례 || /업무사례/부산초장동법무사::서구,지역별 업무 사례>/업무사례/지역별 || 전체 업무 사례>/업무사례 || 서구 법무사>/서구법무사 || 부산 남부민동 업무 사례>/업무사례/부산남부민동법무사 || 부산 부민동 업무 사례>/업무사례/부산부민동법무사 || 부산 부용동 업무 사례>/업무사례/부산부용동법무사 || 부산 아미동 업무 사례>/업무사례/부산아미동법무사 || 임원변경등기>/부산임원변경등기 || 신축건물 보존등기>/부산신축건물보존등기 || 부산에서 법무사 찾을 때 허브로 돌아가기>/부산법무사 || 해운대·센텀 법무사 상담>/해운대법무사 || 센텀 법인·부동산 등기>/센텀법무사,홈 > 업무 사례 > 지역별 업무 사례 > 서구 업무 사례,yes,WebPage+FAQ,,SERP_UNVERIFIED,other,case,"서구에서법무사업무사례와상담절차를찾으시는분을위한안내입니다.대신·암남·송도일대는주거와병원·해수욕장생활권이겹쳐,상속·부동산이전과병원인근거주자상담이많은"
/업무사례/부산남부민동법무사,generated,"index,follow",yes,/업무사례/부산남부민동법무사,부산 남부민동 업무 사례 | 아파트·… | 다옴법무사사무소,"부산 남부민동 업무 사례 안내. 아파트·주택 상속·이전. 다옴법무사사무소 안윤정 법무사. 서구 남부민동 일대는 대신·암남·송도 일대는 주거와 병원·해수욕장 생활권이 겹쳐, 상속·부동산 이전과 병원",부산 남부민동 업무 사례 | 아파트·… | 다옴법무사사무소,"부산 남부민동 업무 사례 안내. 아파트·주택 상속·이전. 다옴법무사사무소 안윤정 법무사. 서구 남부민동 일대는 대신·암남·송도 일대는 주거와 병원·해수욕장 생활권이 겹쳐, 상속·부동산 이전과 병원",부산 남부민동 업무 사례 | 아파트·주택 상속·이전,부산 남부민동에서 자주 문의되는 업무 | 참고용 업무 사례 | 상담 전 확인할 내용 | 방문·비대면 진행 안내 | 관련 지역 | 관련 업무,"부산 남부민동에서 법무사 업무 사례와 상담 절차를 찾으시는 분을 위한 안내입니다. 서구 남부민동 일대는 대신·암남·송도 일대는 주거와 병원·해수욕장 생활권이 겹쳐, 상속·부동산 이전과 병원 인근 거주자 상담이 많은 편입니다. 부산 남부민동에서 법무사 업무 사례와 상담 절차를 찾으시는 분을 위한 안내입니다. 서구 남부민동 일대는 대신·암남·송도 일대는 주거와 병원·해수욕장 생활권이 겹쳐, 상속·부동산 이전과 병원 인근 거주자 상담이 많은 편입니다. 부산 남부민동 일대에서는 소규모 점포 권리와 소유권 정리 , 관광지 인근 주택 매매등기 문의가 이어집니다. 다옴법무사사무소 안윤정 법무사는 부산 해운대·센텀에서 부산 남부민동 의뢰인의 상속등기·부동산등기·법인등기·개인회생 상담을 진행합니다. 확인되지 않은 실적이나 무조건적인 처리를 약속하지 않으며, 서류와 일정을 확인한 뒤 가능 범위를 안내합니다. 문의 개요(업무 종류·소재지·일정) 전달 등기부·관할·서류 상태 확인 진행 방식·견적 범위 안",476,14,/업무사례/서구법무사::부산 남부민동 업무 사례 || /업무사례/부산부민동법무사::부산 남부민동 업무 사례 || /업무사례/부산부용동법무사::부산 남부민동 업무 사례 || /업무사례/부산아미동법무사::부산 남부민동 업무 사례 || /업무사례/부산초장동법무사::부산 남부민동 업무 사례 || /업무사례/부산충무동법무사::부산 남부민동 업무 사례 || /업무사례/부산토성동법무사::부산 남부민동 업무 사례 || /업무사례/부산서대신동법무사::부산 남부민동 업무 사례 || /업무사례/부산동대신동법무사::부산 남부민동 업무 사례 || /업무사례/부산암남동법무사::부산 남부민동 업무 사례 || /업무사례/부산대학병원법무사::부산 남부민동 업무 사례 || /업무사례/부산동아대병원법무사::부산 남부민동 업무 사례,지역별 업무 사례>/업무사례/지역별 || 전체 업무 사례>/업무사례 || 서구 법무사>/서구법무사 || 서구 업무 사례>/업무사례/서구법무사 || 부산 부민동 업무 사례>/업무사례/부산부민동법무사 || 부산 부용동 업무 사례>/업무사례/부산부용동법무사 || 부산 아미동 업무 사례>/업무사례/부산아미동법무사 || 부산 상속등기>/부산상속등기 || 부산 부동산등기>/부산부동산등기 || 부산에서 법무사 찾을 때 허브로 돌아가기>/부산법무사 || 해운대·센텀 법무사 상담>/해운대법무사 || 센텀 법인·부동산 등기>/센텀법무사,홈 > 업무 사례 > 지역별 업무 사례 > 서구 > 부산 남부민동 업무 사례,yes,WebPage+FAQ,,SERP_UNVERIFIED,other,case,"부산남부민동에서법무사업무사례와상담절차를찾으시는분을위한안내입니다.서구남부민동일대는대신·암남·송도일대는주거와병원·해수욕장생활권이겹쳐,상속·부동산이전"
/업무사례/부산부민동법무사,generated,"index,follow",yes,/업무사례/부산부민동법무사,부산 부민동 업무 사례 | 아파트·주택 상속·이전 | 다옴법무사사무소,"부산 부민동 업무 사례 안내. 아파트·주택 상속·이전. 다옴법무사사무소 안윤정 법무사. 서구 부민동 일대는 대신·암남·송도 일대는 주거와 병원·해수욕장 생활권이 겹쳐, 상속·부동산 이전과 병원 인",부산 부민동 업무 사례 | 아파트·주택 상속·이전 | 다옴법무사사무소,"부산 부민동 업무 사례 안내. 아파트·주택 상속·이전. 다옴법무사사무소 안윤정 법무사. 서구 부민동 일대는 대신·암남·송도 일대는 주거와 병원·해수욕장 생활권이 겹쳐, 상속·부동산 이전과 병원 인",부산 부민동 업무 사례 | 아파트·주택 상속·이전,부산 부민동에서 자주 문의되는 업무 | 참고용 업무 사례 | 상담 전 확인할 내용 | 방문·비대면 진행 안내 | 관련 지역 | 관련 업무,"부산 부민동에서 법무사 업무 사례와 상담 절차를 찾으시는 분을 위한 안내입니다. 서구 부민동 일대는 대신·암남·송도 일대는 주거와 병원·해수욕장 생활권이 겹쳐, 상속·부동산 이전과 병원 인근 거주자 상담이 많은 편입니다. 부산 부민동에서 법무사 업무 사례와 상담 절차를 찾으시는 분을 위한 안내입니다. 서구 부민동 일대는 대신·암남·송도 일대는 주거와 병원·해수욕장 생활권이 겹쳐, 상속·부동산 이전과 병원 인근 거주자 상담이 많은 편입니다. 부산 부민동 일대에서는 원도심 단독·다가구 상속등기 , 오래된 등기부 정리·표시변경 검토 문의가 이어집니다. 다옴법무사사무소 안윤정 법무사는 부산 해운대·센텀에서 부산 부민동 의뢰인의 상속등기·부동산등기·법인등기·개인회생 상담을 진행합니다. 확인되지 않은 실적이나 무조건적인 처리를 약속하지 않으며, 서류와 일정을 확인한 뒤 가능 범위를 안내합니다. 문의 개요(업무 종류·소재지·일정) 전달 등기부·관할·서류 상태 확인 진행 방식·견적 범위 안내 신청",498,14,/업무사례/서구법무사::부산 부민동 업무 사례 || /업무사례/부산남부민동법무사::부산 부민동 업무 사례 || /업무사례/부산부용동법무사::부산 부민동 업무 사례 || /업무사례/부산아미동법무사::부산 부민동 업무 사례 || /업무사례/부산초장동법무사::부산 부민동 업무 사례 || /업무사례/부산충무동법무사::부산 부민동 업무 사례 || /업무사례/부산토성동법무사::부산 부민동 업무 사례 || /업무사례/부산서대신동법무사::부산 부민동 업무 사례 || /업무사례/부산동대신동법무사::부산 부민동 업무 사례 || /업무사례/부산암남동법무사::부산 부민동 업무 사례 || /업무사례/부산대학병원법무사::부산 부민동 업무 사례 || /업무사례/부산동아대병원법무사::부산 부민동 업무 사례,지역별 업무 사례>/업무사례/지역별 || 전체 업무 사례>/업무사례 || 서구 법무사>/서구법무사 || 서구 업무 사례>/업무사례/서구법무사 || 부산 남부민동 업무 사례>/업무사례/부산남부민동법무사 || 부산 부용동 업무 사례>/업무사례/부산부용동법무사 || 부산 아미동 업무 사례>/업무사례/부산아미동법무사 || 부산 상속등기>/부산상속등기 || 부산 부동산등기>/부산부동산등기 || 부산에서 법무사 찾을 때 허브로 돌아가기>/부산법무사 || 해운대·센텀 법무사 상담>/해운대법무사 || 센텀 법인·부동산 등기>/센텀법무사,홈 > 업무 사례 > 지역별 업무 사례 > 서구 > 부산 부민동 업무 사례,yes,WebPage+FAQ,,SERP_UNVERIFIED,other,case,"부산부민동에서법무사업무사례와상담절차를찾으시는분을위한안내입니다.서구부민동일대는대신·암남·송도일대는주거와병원·해수욕장생활권이겹쳐,상속·부동산이전과병"
/업무사례/부산부용동법무사,generated,"index,follow",yes,/업무사례/부산부용동법무사,부산 부용동 업무 사례 | 아파트·주택 상속·이전 | 다옴법무사사무소,"부산 부용동 업무 사례 안내. 아파트·주택 상속·이전. 다옴법무사사무소 안윤정 법무사. 서구 부용동 일대는 대신·암남·송도 일대는 주거와 병원·해수욕장 생활권이 겹쳐, 상속·부동산 이전과 병원 인",부산 부용동 업무 사례 | 아파트·주택 상속·이전 | 다옴법무사사무소,"부산 부용동 업무 사례 안내. 아파트·주택 상속·이전. 다옴법무사사무소 안윤정 법무사. 서구 부용동 일대는 대신·암남·송도 일대는 주거와 병원·해수욕장 생활권이 겹쳐, 상속·부동산 이전과 병원 인",부산 부용동 업무 사례 | 아파트·주택 상속·이전,부산 부용동에서 자주 문의되는 업무 | 참고용 업무 사례 | 상담 전 확인할 내용 | 방문·비대면 진행 안내 | 관련 지역 | 관련 업무,"부산 부용동에서 법무사 업무 사례와 상담 절차를 찾으시는 분을 위한 안내입니다. 서구 부용동 일대는 대신·암남·송도 일대는 주거와 병원·해수욕장 생활권이 겹쳐, 상속·부동산 이전과 병원 인근 거주자 상담이 많은 편입니다. 부산 부용동에서 법무사 업무 사례와 상담 절차를 찾으시는 분을 위한 안내입니다. 서구 부용동 일대는 대신·암남·송도 일대는 주거와 병원·해수욕장 생활권이 겹쳐, 상속·부동산 이전과 병원 인근 거주자 상담이 많은 편입니다. 부산 부용동 일대에서는 아파트·다세대 소유권이전등기 , 공동상속인 협의 후 상속등기 문의가 이어집니다. 다옴법무사사무소 안윤정 법무사는 부산 해운대·센텀에서 부산 부용동 의뢰인의 상속등기·부동산등기·법인등기·개인회생 상담을 진행합니다. 확인되지 않은 실적이나 무조건적인 처리를 약속하지 않으며, 서류와 일정을 확인한 뒤 가능 범위를 안내합니다. 문의 개요(업무 종류·소재지·일정) 전달 등기부·관할·서류 상태 확인 진행 방식·견적 범위 안내 신청·접수",507,14,/업무사례/서구법무사::부산 부용동 업무 사례 || /업무사례/부산남부민동법무사::부산 부용동 업무 사례 || /업무사례/부산부민동법무사::부산 부용동 업무 사례 || /업무사례/부산아미동법무사::부산 부용동 업무 사례 || /업무사례/부산초장동법무사::부산 부용동 업무 사례 || /업무사례/부산충무동법무사::부산 부용동 업무 사례 || /업무사례/부산토성동법무사::부산 부용동 업무 사례 || /업무사례/부산서대신동법무사::부산 부용동 업무 사례 || /업무사례/부산동대신동법무사::부산 부용동 업무 사례 || /업무사례/부산암남동법무사::부산 부용동 업무 사례 || /업무사례/부산대학병원법무사::부산 부용동 업무 사례 || /업무사례/부산동아대병원법무사::부산 부용동 업무 사례,지역별 업무 사례>/업무사례/지역별 || 전체 업무 사례>/업무사례 || 서구 법무사>/서구법무사 || 서구 업무 사례>/업무사례/서구법무사 || 부산 남부민동 업무 사례>/업무사례/부산남부민동법무사 || 부산 부민동 업무 사례>/업무사례/부산부민동법무사 || 부산 아미동 업무 사례>/업무사례/부산아미동법무사 || 임원변경등기>/부산임원변경등기 || 신축건물 보존등기>/부산신축건물보존등기 || 부산에서 법무사 찾을 때 허브로 돌아가기>/부산법무사 || 해운대·센텀 법무사 상담>/해운대법무사 || 센텀 법인·부동산 등기>/센텀법무사,홈 > 업무 사례 > 지역별 업무 사례 > 서구 > 부산 부용동 업무 사례,yes,WebPage+FAQ,,SERP_UNVERIFIED,other,case,"부산부용동에서법무사업무사례와상담절차를찾으시는분을위한안내입니다.서구부용동일대는대신·암남·송도일대는주거와병원·해수욕장생활권이겹쳐,상속·부동산이전과병"
/업무사례/부산아미동법무사,generated,"index,follow",yes,/업무사례/부산아미동법무사,부산 아미동 업무 사례 | 아파트·주택 상속·이전 | 다옴법무사사무소,"부산 아미동 업무 사례 안내. 아파트·주택 상속·이전. 다옴법무사사무소 안윤정 법무사. 서구 아미동 일대는 대신·암남·송도 일대는 주거와 병원·해수욕장 생활권이 겹쳐, 상속·부동산 이전과 병원 인",부산 아미동 업무 사례 | 아파트·주택 상속·이전 | 다옴법무사사무소,"부산 아미동 업무 사례 안내. 아파트·주택 상속·이전. 다옴법무사사무소 안윤정 법무사. 서구 아미동 일대는 대신·암남·송도 일대는 주거와 병원·해수욕장 생활권이 겹쳐, 상속·부동산 이전과 병원 인",부산 아미동 업무 사례 | 아파트·주택 상속·이전,부산 아미동에서 자주 문의되는 업무 | 참고용 업무 사례 | 상담 전 확인할 내용 | 방문·비대면 진행 안내 | 관련 지역 | 관련 업무,"부산 아미동에서 법무사 업무 사례와 상담 절차를 찾으시는 분을 위한 안내입니다. 서구 아미동 일대는 대신·암남·송도 일대는 주거와 병원·해수욕장 생활권이 겹쳐, 상속·부동산 이전과 병원 인근 거주자 상담이 많은 편입니다. 부산 아미동에서 법무사 업무 사례와 상담 절차를 찾으시는 분을 위한 안내입니다. 서구 아미동 일대는 대신·암남·송도 일대는 주거와 병원·해수욕장 생활권이 겹쳐, 상속·부동산 이전과 병원 인근 거주자 상담이 많은 편입니다. 부산 아미동 일대에서는 아파트·다세대 소유권이전등기 , 공동상속인 협의 후 상속등기 문의가 이어집니다. 다옴법무사사무소 안윤정 법무사는 부산 해운대·센텀에서 부산 아미동 의뢰인의 상속등기·부동산등기·법인등기·개인회생 상담을 진행합니다. 확인되지 않은 실적이나 무조건적인 처리를 약속하지 않으며, 서류와 일정을 확인한 뒤 가능 범위를 안내합니다. 문의 개요(업무 종류·소재지·일정) 전달 등기부·관할·서류 상태 확인 진행 방식·견적 범위 안내 신청·접수",495,14,/업무사례/서구법무사::부산 아미동 업무 사례 || /업무사례/부산남부민동법무사::부산 아미동 업무 사례 || /업무사례/부산부민동법무사::부산 아미동 업무 사례 || /업무사례/부산부용동법무사::부산 아미동 업무 사례 || /업무사례/부산초장동법무사::부산 아미동 업무 사례 || /업무사례/부산충무동법무사::부산 아미동 업무 사례 || /업무사례/부산토성동법무사::부산 아미동 업무 사례 || /업무사례/부산서대신동법무사::부산 아미동 업무 사례 || /업무사례/부산동대신동법무사::부산 아미동 업무 사례 || /업무사례/부산암남동법무사::부산 아미동 업무 사례 || /업무사례/부산대학병원법무사::부산 아미동 업무 사례 || /업무사례/부산동아대병원법무사::부산 아미동 업무 사례,지역별 업무 사례>/업무사례/지역별 || 전체 업무 사례>/업무사례 || 서구 법무사>/서구법무사 || 서구 업무 사례>/업무사례/서구법무사 || 부산 남부민동 업무 사례>/업무사례/부산남부민동법무사 || 부산 부민동 업무 사례>/업무사례/부산부민동법무사 || 부산 부용동 업무 사례>/업무사례/부산부용동법무사 || 부산 상속등기>/부산상속등기 || 부산 부동산등기>/부산부동산등기 || 부산에서 법무사 찾을 때 허브로 돌아가기>/부산법무사 || 해운대·센텀 법무사 상담>/해운대법무사 || 센텀 법인·부동산 등기>/센텀법무사,홈 > 업무 사례 > 지역별 업무 사례 > 서구 > 부산 아미동 업무 사례,yes,WebPage+FAQ,,SERP_UNVERIFIED,other,case,"부산아미동에서법무사업무사례와상담절차를찾으시는분을위한안내입니다.서구아미동일대는대신·암남·송도일대는주거와병원·해수욕장생활권이겹쳐,상속·부동산이전과병"
/업무사례/부산초장동법무사,generated,"index,follow",yes,/업무사례/부산초장동법무사,부산 초장동 업무 사례 | 아파트·주택 상속·이전 | 다옴법무사사무소,"부산 초장동 업무 사례 안내. 아파트·주택 상속·이전. 다옴법무사사무소 안윤정 법무사. 서구 초장동 일대는 대신·암남·송도 일대는 주거와 병원·해수욕장 생활권이 겹쳐, 상속·부동산 이전과 병원 인",부산 초장동 업무 사례 | 아파트·주택 상속·이전 | 다옴법무사사무소,"부산 초장동 업무 사례 안내. 아파트·주택 상속·이전. 다옴법무사사무소 안윤정 법무사. 서구 초장동 일대는 대신·암남·송도 일대는 주거와 병원·해수욕장 생활권이 겹쳐, 상속·부동산 이전과 병원 인",부산 초장동 업무 사례 | 아파트·주택 상속·이전,부산 초장동에서 자주 문의되는 업무 | 참고용 업무 사례 | 상담 전 확인할 내용 | 방문·비대면 진행 안내 | 관련 지역 | 관련 업무,"부산 초장동에서 법무사 업무 사례와 상담 절차를 찾으시는 분을 위한 안내입니다. 서구 초장동 일대는 대신·암남·송도 일대는 주거와 병원·해수욕장 생활권이 겹쳐, 상속·부동산 이전과 병원 인근 거주자 상담이 많은 편입니다. 부산 초장동에서 법무사 업무 사례와 상담 절차를 찾으시는 분을 위한 안내입니다. 서구 초장동 일대는 대신·암남·송도 일대는 주거와 병원·해수욕장 생활권이 겹쳐, 상속·부동산 이전과 병원 인근 거주자 상담이 많은 편입니다. 부산 초장동 일대에서는 오래된 등기부 정리·표시변경 검토 , 소규모 필지·상가의 권리관계 확인 문의가 이어집니다. 다옴법무사사무소 안윤정 법무사는 부산 해운대·센텀에서 부산 초장동 의뢰인의 상속등기·부동산등기·법인등기·개인회생 상담을 진행합니다. 확인되지 않은 실적이나 무조건적인 처리를 약속하지 않으며, 서류와 일정을 확인한 뒤 가능 범위를 안내합니다. 문의 개요(업무 종류·소재지·일정) 전달 등기부·관할·서류 상태 확인 진행 방식·견적 범위 안내",509,14,/업무사례/서구법무사::부산 초장동 업무 사례 || /업무사례/부산남부민동법무사::부산 초장동 업무 사례 || /업무사례/부산부민동법무사::부산 초장동 업무 사례 || /업무사례/부산부용동법무사::부산 초장동 업무 사례 || /업무사례/부산아미동법무사::부산 초장동 업무 사례 || /업무사례/부산충무동법무사::부산 초장동 업무 사례 || /업무사례/부산토성동법무사::부산 초장동 업무 사례 || /업무사례/부산서대신동법무사::부산 초장동 업무 사례 || /업무사례/부산동대신동법무사::부산 초장동 업무 사례 || /업무사례/부산암남동법무사::부산 초장동 업무 사례 || /업무사례/부산대학병원법무사::부산 초장동 업무 사례 || /업무사례/부산동아대병원법무사::부산 초장동 업무 사례,지역별 업무 사례>/업무사례/지역별 || 전체 업무 사례>/업무사례 || 서구 법무사>/서구법무사 || 서구 업무 사례>/업무사례/서구법무사 || 부산 남부민동 업무 사례>/업무사례/부산남부민동법무사 || 부산 부민동 업무 사례>/업무사례/부산부민동법무사 || 부산 부용동 업무 사례>/업무사례/부산부용동법무사 || 부산 부동산등기>/부산부동산등기 || 부산 법인등기>/부산법인등기 || 부산에서 법무사 찾을 때 허브로 돌아가기>/부산법무사 || 해운대·센텀 법무사 상담>/해운대법무사 || 센텀 법인·부동산 등기>/센텀법무사,홈 > 업무 사례 > 지역별 업무 사례 > 서구 > 부산 초장동 업무 사례,yes,WebPage+FAQ,,SERP_UNVERIFIED,other,case,"부산초장동에서법무사업무사례와상담절차를찾으시는분을위한안내입니다.서구초장동일대는대신·암남·송도일대는주거와병원·해수욕장생활권이겹쳐,상속·부동산이전과병"
/업무사례/부산충무동법무사,generated,"index,follow",yes,/업무사례/부산충무동법무사,부산 충무동 업무 사례 | 아파트·주택 상속·이전 | 다옴법무사사무소,"부산 충무동 업무 사례 안내. 아파트·주택 상속·이전. 다옴법무사사무소 안윤정 법무사. 서구 충무동 일대는 대신·암남·송도 일대는 주거와 병원·해수욕장 생활권이 겹쳐, 상속·부동산 이전과 병원 인",부산 충무동 업무 사례 | 아파트·주택 상속·이전 | 다옴법무사사무소,"부산 충무동 업무 사례 안내. 아파트·주택 상속·이전. 다옴법무사사무소 안윤정 법무사. 서구 충무동 일대는 대신·암남·송도 일대는 주거와 병원·해수욕장 생활권이 겹쳐, 상속·부동산 이전과 병원 인",부산 충무동 업무 사례 | 아파트·주택 상속·이전,부산 충무동에서 자주 문의되는 업무 | 참고용 업무 사례 | 상담 전 확인할 내용 | 방문·비대면 진행 안내 | 관련 지역 | 관련 업무,"부산 충무동에서 법무사 업무 사례와 상담 절차를 찾으시는 분을 위한 안내입니다. 서구 충무동 일대는 대신·암남·송도 일대는 주거와 병원·해수욕장 생활권이 겹쳐, 상속·부동산 이전과 병원 인근 거주자 상담이 많은 편입니다. 부산 충무동에서 법무사 업무 사례와 상담 절차를 찾으시는 분을 위한 안내입니다. 서구 충무동 일대는 대신·암남·송도 일대는 주거와 병원·해수욕장 생활권이 겹쳐, 상속·부동산 이전과 병원 인근 거주자 상담이 많은 편입니다. 부산 충무동 일대에서는 공동상속인 협의 후 상속등기 , 근저당 설정·말소와 잔금일 일정 조율 문의가 이어집니다. 다옴법무사사무소 안윤정 법무사는 부산 해운대·센텀에서 부산 충무동 의뢰인의 상속등기·부동산등기·법인등기·개인회생 상담을 진행합니다. 확인되지 않은 실적이나 무조건적인 처리를 약속하지 않으며, 서류와 일정을 확인한 뒤 가능 범위를 안내합니다. 문의 개요(업무 종류·소재지·일정) 전달 등기부·관할·서류 상태 확인 진행 방식·견적 범위 안내 ",508,6,/업무사례/서구법무사::부산 충무동 업무 사례 || /업무사례/부산남부민동법무사::부산 충무동 업무 사례 || /업무사례/부산부민동법무사::부산 충무동 업무 사례 || /업무사례/부산부용동법무사::부산 충무동 업무 사례 || /업무사례/부산아미동법무사::부산 충무동 업무 사례 || /업무사례/부산초장동법무사::부산 충무동 업무 사례,지역별 업무 사례>/업무사례/지역별 || 전체 업무 사례>/업무사례 || 서구 법무사>/서구법무사 || 서구 업무 사례>/업무사례/서구법무사 || 부산 남부민동 업무 사례>/업무사례/부산남부민동법무사 || 부산 부민동 업무 사례>/업무사례/부산부민동법무사 || 부산 부용동 업무 사례>/업무사례/부산부용동법무사 || 상담 문의>/contact || 부산 상속등기>/부산상속등기 || 부산에서 법무사 찾을 때 허브로 돌아가기>/부산법무사 || 해운대·센텀 법무사 상담>/해운대법무사 || 센텀 법인·부동산 등기>/센텀법무사,홈 > 업무 사례 > 지역별 업무 사례 > 서구 > 부산 충무동 업무 사례,yes,WebPage+FAQ,,SERP_UNVERIFIED,other,case,"부산충무동에서법무사업무사례와상담절차를찾으시는분을위한안내입니다.서구충무동일대는대신·암남·송도일대는주거와병원·해수욕장생활권이겹쳐,상속·부동산이전과병"
/업무사례/부산토성동법무사,generated,"index,follow",yes,/업무사례/부산토성동법무사,부산 토성동 업무 사례 | 아파트·주택 상속·이전 | 다옴법무사사무소,"부산 토성동 업무 사례 안내. 아파트·주택 상속·이전. 다옴법무사사무소 안윤정 법무사. 서구 토성동 일대는 대신·암남·송도 일대는 주거와 병원·해수욕장 생활권이 겹쳐, 상속·부동산 이전과 병원 인",부산 토성동 업무 사례 | 아파트·주택 상속·이전 | 다옴법무사사무소,"부산 토성동 업무 사례 안내. 아파트·주택 상속·이전. 다옴법무사사무소 안윤정 법무사. 서구 토성동 일대는 대신·암남·송도 일대는 주거와 병원·해수욕장 생활권이 겹쳐, 상속·부동산 이전과 병원 인",부산 토성동 업무 사례 | 아파트·주택 상속·이전,부산 토성동에서 자주 문의되는 업무 | 참고용 업무 사례 | 상담 전 확인할 내용 | 방문·비대면 진행 안내 | 관련 지역 | 관련 업무,"부산 토성동에서 법무사 업무 사례와 상담 절차를 찾으시는 분을 위한 안내입니다. 서구 토성동 일대는 대신·암남·송도 일대는 주거와 병원·해수욕장 생활권이 겹쳐, 상속·부동산 이전과 병원 인근 거주자 상담이 많은 편입니다. 부산 토성동에서 법무사 업무 사례와 상담 절차를 찾으시는 분을 위한 안내입니다. 서구 토성동 일대는 대신·암남·송도 일대는 주거와 병원·해수욕장 생활권이 겹쳐, 상속·부동산 이전과 병원 인근 거주자 상담이 많은 편입니다. 부산 토성동 일대에서는 소규모 점포 권리와 소유권 정리 , 관광지 인근 주택 매매등기 문의가 이어집니다. 다옴법무사사무소 안윤정 법무사는 부산 해운대·센텀에서 부산 토성동 의뢰인의 상속등기·부동산등기·법인등기·개인회생 상담을 진행합니다. 확인되지 않은 실적이나 무조건적인 처리를 약속하지 않으며, 서류와 일정을 확인한 뒤 가능 범위를 안내합니다. 문의 개요(업무 종류·소재지·일정) 전달 등기부·관할·서류 상태 확인 진행 방식·견적 범위 안내 신청·접",507,0,,지역별 업무 사례>/업무사례/지역별 || 전체 업무 사례>/업무사례 || 서구 법무사>/서구법무사 || 서구 업무 사례>/업무사례/서구법무사 || 부산 남부민동 업무 사례>/업무사례/부산남부민동법무사 || 부산 부민동 업무 사례>/업무사례/부산부민동법무사 || 부산 부용동 업무 사례>/업무사례/부산부용동법무사 || 임원변경등기>/부산임원변경등기 || 신축건물 보존등기>/부산신축건물보존등기 || 부산에서 법무사 찾을 때 허브로 돌아가기>/부산법무사 || 해운대·센텀 법무사 상담>/해운대법무사 || 센텀 법인·부동산 등기>/센텀법무사,홈 > 업무 사례 > 지역별 업무 사례 > 서구 > 부산 토성동 업무 사례,yes,WebPage+FAQ,,SERP_UNVERIFIED,other,case,"부산토성동에서법무사업무사례와상담절차를찾으시는분을위한안내입니다.서구토성동일대는대신·암남·송도일대는주거와병원·해수욕장생활권이겹쳐,상속·부동산이전과병"
/업무사례/부산서대신동법무사,generated,"index,follow",yes,/업무사례/부산서대신동법무사,부산 서대신동 업무 사례 | 아파트·… | 다옴법무사사무소,"부산 서대신동 업무 사례 안내. 아파트·주택 상속·이전. 다옴법무사사무소 안윤정 법무사. 서구 서대신동 일대는 대신·암남·송도 일대는 주거와 병원·해수욕장 생활권이 겹쳐, 상속·부동산 이전과 병원",부산 서대신동 업무 사례 | 아파트·… | 다옴법무사사무소,"부산 서대신동 업무 사례 안내. 아파트·주택 상속·이전. 다옴법무사사무소 안윤정 법무사. 서구 서대신동 일대는 대신·암남·송도 일대는 주거와 병원·해수욕장 생활권이 겹쳐, 상속·부동산 이전과 병원",부산 서대신동 업무 사례 | 아파트·주택 상속·이전,부산 서대신동에서 자주 문의되는 업무 | 참고용 업무 사례 | 상담 전 확인할 내용 | 방문·비대면 진행 안내 | 관련 지역 | 관련 업무,"부산 서대신동에서 법무사 업무 사례와 상담 절차를 찾으시는 분을 위한 안내입니다. 서구 서대신동 일대는 대신·암남·송도 일대는 주거와 병원·해수욕장 생활권이 겹쳐, 상속·부동산 이전과 병원 인근 거주자 상담이 많은 편입니다. 부산 서대신동에서 법무사 업무 사례와 상담 절차를 찾으시는 분을 위한 안내입니다. 서구 서대신동 일대는 대신·암남·송도 일대는 주거와 병원·해수욕장 생활권이 겹쳐, 상속·부동산 이전과 병원 인근 거주자 상담이 많은 편입니다. 부산 서대신동 일대에서는 오래된 등기부 정리·표시변경 검토 , 소규모 필지·상가의 권리관계 확인 문의가 이어집니다. 다옴법무사사무소 안윤정 법무사는 부산 해운대·센텀에서 부산 서대신동 의뢰인의 상속등기·부동산등기·법인등기·개인회생 상담을 진행합니다. 확인되지 않은 실적이나 무조건적인 처리를 약속하지 않으며, 서류와 일정을 확인한 뒤 가능 범위를 안내합니다. 문의 개요(업무 종류·소재지·일정) 전달 등기부·관할·서류 상태 확인 진행 방식·견적",478,0,,지역별 업무 사례>/업무사례/지역별 || 전체 업무 사례>/업무사례 || 서구 법무사>/서구법무사 || 서구 업무 사례>/업무사례/서구법무사 || 부산 남부민동 업무 사례>/업무사례/부산남부민동법무사 || 부산 부민동 업무 사례>/업무사례/부산부민동법무사 || 부산 부용동 업무 사례>/업무사례/부산부용동법무사 || 부산 상속등기>/부산상속등기 || 부산 부동산등기>/부산부동산등기 || 부산에서 법무사 찾을 때 허브로 돌아가기>/부산법무사 || 해운대·센텀 법무사 상담>/해운대법무사 || 센텀 법인·부동산 등기>/센텀법무사,홈 > 업무 사례 > 지역별 업무 사례 > 서구 > 부산 서대신동 업무 사례,yes,WebPage+FAQ,,SERP_UNVERIFIED,other,case,"부산서대신동에서법무사업무사례와상담절차를찾으시는분을위한안내입니다.서구서대신동일대는대신·암남·송도일대는주거와병원·해수욕장생활권이겹쳐,상속·부동산이전"
/업무사례/부산동대신동법무사,generated,"index,follow",yes,/업무사례/부산동대신동법무사,부산 동대신동 업무 사례 | 아파트·… | 다옴법무사사무소,"부산 동대신동 업무 사례 안내. 아파트·주택 상속·이전. 다옴법무사사무소 안윤정 법무사. 서구 동대신동 일대는 대신·암남·송도 일대는 주거와 병원·해수욕장 생활권이 겹쳐, 상속·부동산 이전과 병원",부산 동대신동 업무 사례 | 아파트·… | 다옴법무사사무소,"부산 동대신동 업무 사례 안내. 아파트·주택 상속·이전. 다옴법무사사무소 안윤정 법무사. 서구 동대신동 일대는 대신·암남·송도 일대는 주거와 병원·해수욕장 생활권이 겹쳐, 상속·부동산 이전과 병원",부산 동대신동 업무 사례 | 아파트·주택 상속·이전,부산 동대신동에서 자주 문의되는 업무 | 참고용 업무 사례 | 상담 전 확인할 내용 | 방문·비대면 진행 안내 | 관련 지역 | 관련 업무,"부산 동대신동에서 법무사 업무 사례와 상담 절차를 찾으시는 분을 위한 안내입니다. 서구 동대신동 일대는 대신·암남·송도 일대는 주거와 병원·해수욕장 생활권이 겹쳐, 상속·부동산 이전과 병원 인근 거주자 상담이 많은 편입니다. 부산 동대신동에서 법무사 업무 사례와 상담 절차를 찾으시는 분을 위한 안내입니다. 서구 동대신동 일대는 대신·암남·송도 일대는 주거와 병원·해수욕장 생활권이 겹쳐, 상속·부동산 이전과 병원 인근 거주자 상담이 많은 편입니다. 부산 동대신동 일대에서는 소규모 점포 권리와 소유권 정리 , 관광지 인근 주택 매매등기 문의가 이어집니다. 다옴법무사사무소 안윤정 법무사는 부산 해운대·센텀에서 부산 동대신동 의뢰인의 상속등기·부동산등기·법인등기·개인회생 상담을 진행합니다. 확인되지 않은 실적이나 무조건적인 처리를 약속하지 않으며, 서류와 일정을 확인한 뒤 가능 범위를 안내합니다. 문의 개요(업무 종류·소재지·일정) 전달 등기부·관할·서류 상태 확인 진행 방식·견적 범위 안",507,0,,지역별 업무 사례>/업무사례/지역별 || 전체 업무 사례>/업무사례 || 서구 법무사>/서구법무사 || 서구 업무 사례>/업무사례/서구법무사 || 부산 남부민동 업무 사례>/업무사례/부산남부민동법무사 || 부산 부민동 업무 사례>/업무사례/부산부민동법무사 || 부산 부용동 업무 사례>/업무사례/부산부용동법무사 || 임원변경등기>/부산임원변경등기 || 신축건물 보존등기>/부산신축건물보존등기 || 부산에서 법무사 찾을 때 허브로 돌아가기>/부산법무사 || 해운대·센텀 법무사 상담>/해운대법무사 || 센텀 법인·부동산 등기>/센텀법무사,홈 > 업무 사례 > 지역별 업무 사례 > 서구 > 부산 동대신동 업무 사례,yes,WebPage+FAQ,,SERP_UNVERIFIED,other,case,"부산동대신동에서법무사업무사례와상담절차를찾으시는분을위한안내입니다.서구동대신동일대는대신·암남·송도일대는주거와병원·해수욕장생활권이겹쳐,상속·부동산이전"
/업무사례/부산암남동법무사,generated,"index,follow",yes,/업무사례/부산암남동법무사,부산 암남동 업무 사례 | 아파트·주택 상속·이전 | 다옴법무사사무소,"부산 암남동 업무 사례 안내. 아파트·주택 상속·이전. 다옴법무사사무소 안윤정 법무사. 서구 암남동 일대는 대신·암남·송도 일대는 주거와 병원·해수욕장 생활권이 겹쳐, 상속·부동산 이전과 병원 인",부산 암남동 업무 사례 | 아파트·주택 상속·이전 | 다옴법무사사무소,"부산 암남동 업무 사례 안내. 아파트·주택 상속·이전. 다옴법무사사무소 안윤정 법무사. 서구 암남동 일대는 대신·암남·송도 일대는 주거와 병원·해수욕장 생활권이 겹쳐, 상속·부동산 이전과 병원 인",부산 암남동 업무 사례 | 아파트·주택 상속·이전,부산 암남동에서 자주 문의되는 업무 | 참고용 업무 사례 | 상담 전 확인할 내용 | 방문·비대면 진행 안내 | 관련 지역 | 관련 업무,"부산 암남동에서 법무사 업무 사례와 상담 절차를 찾으시는 분을 위한 안내입니다. 서구 암남동 일대는 대신·암남·송도 일대는 주거와 병원·해수욕장 생활권이 겹쳐, 상속·부동산 이전과 병원 인근 거주자 상담이 많은 편입니다. 부산 암남동에서 법무사 업무 사례와 상담 절차를 찾으시는 분을 위한 안내입니다. 서구 암남동 일대는 대신·암남·송도 일대는 주거와 병원·해수욕장 생활권이 겹쳐, 상속·부동산 이전과 병원 인근 거주자 상담이 많은 편입니다. 부산 암남동 일대에서는 원도심 단독·다가구 상속등기 , 오래된 등기부 정리·표시변경 검토 문의가 이어집니다. 다옴법무사사무소 안윤정 법무사는 부산 해운대·센텀에서 부산 암남동 의뢰인의 상속등기·부동산등기·법인등기·개인회생 상담을 진행합니다. 확인되지 않은 실적이나 무조건적인 처리를 약속하지 않으며, 서류와 일정을 확인한 뒤 가능 범위를 안내합니다. 문의 개요(업무 종류·소재지·일정) 전달 등기부·관할·서류 상태 확인 진행 방식·견적 범위 안내 신청",498,0,,지역별 업무 사례>/업무사례/지역별 || 전체 업무 사례>/업무사례 || 서구 법무사>/서구법무사 || 서구 업무 사례>/업무사례/서구법무사 || 부산 남부민동 업무 사례>/업무사례/부산남부민동법무사 || 부산 부민동 업무 사례>/업무사례/부산부민동법무사 || 부산 부용동 업무 사례>/업무사례/부산부용동법무사 || 부산 상속등기>/부산상속등기 || 부산 부동산등기>/부산부동산등기 || 부산에서 법무사 찾을 때 허브로 돌아가기>/부산법무사 || 해운대·센텀 법무사 상담>/해운대법무사 || 센텀 법인·부동산 등기>/센텀법무사,홈 > 업무 사례 > 지역별 업무 사례 > 서구 > 부산 암남동 업무 사례,yes,WebPage+FAQ,,SERP_UNVERIFIED,other,case,"부산암남동에서법무사업무사례와상담절차를찾으시는분을위한안내입니다.서구암남동일대는대신·암남·송도일대는주거와병원·해수욕장생활권이겹쳐,상속·부동산이전과병"
/업무사례/동래구법무사,generated,"index,follow",yes,/업무사례/동래구법무사,동래구 업무 사례 | 아파트·주택 상속·이전 | 다옴법무사사무소,"동래구 업무 사례 안내. 아파트·주택 상속·이전. 다옴법무사사무소 안윤정 법무사. 온천장·사직·안락 등 전통 주거·상권이 이어져 상속등기, 공동주택 이전, 가족 간 권리 정리 상담이 많은 지",동래구 업무 사례 | 아파트·주택 상속·이전 | 다옴법무사사무소,"동래구 업무 사례 안내. 아파트·주택 상속·이전. 다옴법무사사무소 안윤정 법무사. 온천장·사직·안락 등 전통 주거·상권이 이어져 상속등기, 공동주택 이전, 가족 간 권리 정리 상담이 많은 지",동래구 업무 사례 | 아파트·주택 상속·이전,동래구에서 자주 문의되는 업무 | 참고용 업무 사례 | 상담 전 확인할 내용 | 방문·비대면 진행 안내 | 동래구에서 이어지는 세부 지역 | 관련 지역 | 관련 업무,"동래구에서 법무사 업무 사례와 상담 절차를 찾으시는 분을 위한 안내입니다. 온천장·사직·안락 등 전통 주거·상권이 이어져 상속등기, 공동주택 이전, 가족 간 권리 정리 상담이 많은 지역입니다. 동래구에서 법무사 업무 사례와 상담 절차를 찾으시는 분을 위한 안내입니다. 온천장·사직·안락 등 전통 주거·상권이 이어져 상속등기, 공동주택 이전, 가족 간 권리 정리 상담이 많은 지역입니다. 동래구 일대에서는 아파트·다세대 소유권이전등기 , 공동상속인 협의 후 상속등기 문의가 이어집니다. 다옴법무사사무소 안윤정 법무사는 부산 해운대·센텀에서 동래구 의뢰인의 상속등기·부동산등기·법인등기·개인회생 상담을 진행합니다. 확인되지 않은 실적이나 무조건적인 처리를 약속하지 않으며, 서류와 일정을 확인한 뒤 가능 범위를 안내합니다. 문의 개요(업무 종류·소재지·일정) 전달 등기부·관할·서류 상태 확인 진행 방식·견적 범위 안내 신청·접수·보정·완료 공유 업무 종류와 희망 일정 부동산·법인 소재지(대략) ",494,38,/업무사례/지역별::동래구 || /업무사례/부산법무사::동래구 업무 사례 || /업무사례/부산낙민동법무사::동래구 업무 사례 || /업무사례/부산낙민동법무사::동래구 || /업무사례/부산명장동법무사::동래구 업무 사례 || /업무사례/부산명장동법무사::동래구 || /업무사례/부산명륜동법무사::동래구 업무 사례 || /업무사례/부산명륜동법무사::동래구 || /업무사례/부산복천동법무사::동래구 업무 사례 || /업무사례/부산복천동법무사::동래구 || /업무사례/부산수안동법무사::동래구 업무 사례 || /업무사례/부산수안동법무사::동래구,지역별 업무 사례>/업무사례/지역별 || 전체 업무 사례>/업무사례 || 동래구 법무사>/동래구법무사 || 부산 낙민동 업무 사례>/업무사례/부산낙민동법무사 || 부산 명장동 업무 사례>/업무사례/부산명장동법무사 || 부산 명륜동 업무 사례>/업무사례/부산명륜동법무사 || 부산 복천동 업무 사례>/업무사례/부산복천동법무사 || 부산 상속등기>/부산상속등기 || 부산 부동산등기>/부산부동산등기 || 부산에서 법무사 찾을 때 허브로 돌아가기>/부산법무사 || 해운대·센텀 법무사 상담>/해운대법무사 || 센텀 법인·부동산 등기>/센텀법무사,홈 > 업무 사례 > 지역별 업무 사례 > 동래구 업무 사례,yes,WebPage+FAQ,,SERP_UNVERIFIED,other,case,"동래구에서법무사업무사례와상담절차를찾으시는분을위한안내입니다.온천장·사직·안락등전통주거·상권이이어져상속등기,공동주택이전,가족간권리정리상담이많은지역입"
/업무사례/부산낙민동법무사,generated,"index,follow",yes,/업무사례/부산낙민동법무사,부산 낙민동 업무 사례 | 아파트·주택 상속·이전 | 다옴법무사사무소,"부산 낙민동 업무 사례 안내. 아파트·주택 상속·이전. 다옴법무사사무소 안윤정 법무사. 동래구 낙민동 일대는 온천장·사직·안락 등 전통 주거·상권이 이어져 상속등기, 공동주택 이전, 가족 간 권리",부산 낙민동 업무 사례 | 아파트·주택 상속·이전 | 다옴법무사사무소,"부산 낙민동 업무 사례 안내. 아파트·주택 상속·이전. 다옴법무사사무소 안윤정 법무사. 동래구 낙민동 일대는 온천장·사직·안락 등 전통 주거·상권이 이어져 상속등기, 공동주택 이전, 가족 간 권리",부산 낙민동 업무 사례 | 아파트·주택 상속·이전,부산 낙민동에서 자주 문의되는 업무 | 참고용 업무 사례 | 상담 전 확인할 내용 | 방문·비대면 진행 안내 | 관련 지역 | 관련 업무,"부산 낙민동에서 법무사 업무 사례와 상담 절차를 찾으시는 분을 위한 안내입니다. 동래구 낙민동 일대는 온천장·사직·안락 등 전통 주거·상권이 이어져 상속등기, 공동주택 이전, 가족 간 권리 정리 상담이 많은 지역입니다. 부산 낙민동에서 법무사 업무 사례와 상담 절차를 찾으시는 분을 위한 안내입니다. 동래구 낙민동 일대는 온천장·사직·안락 등 전통 주거·상권이 이어져 상속등기, 공동주택 이전, 가족 간 권리 정리 상담이 많은 지역입니다. 부산 낙민동 일대에서는 공동상속인 협의 후 상속등기 , 근저당 설정·말소와 잔금일 일정 조율 문의가 이어집니다. 다옴법무사사무소 안윤정 법무사는 부산 해운대·센텀에서 부산 낙민동 의뢰인의 상속등기·부동산등기·법인등기·개인회생 상담을 진행합니다. 확인되지 않은 실적이나 무조건적인 처리를 약속하지 않으며, 서류와 일정을 확인한 뒤 가능 범위를 안내합니다. 문의 개요(업무 종류·소재지·일정) 전달 등기부·관할·서류 상태 확인 진행 방식·견적 범위 안내 신청",510,18,/업무사례/동래구법무사::부산 낙민동 업무 사례 || /업무사례/부산명장동법무사::부산 낙민동 업무 사례 || /업무사례/부산명륜동법무사::부산 낙민동 업무 사례 || /업무사례/부산복천동법무사::부산 낙민동 업무 사례 || /업무사례/부산수안동법무사::부산 낙민동 업무 사례 || /업무사례/부산사직동법무사::부산 낙민동 업무 사례 || /업무사례/부산안락동법무사::부산 낙민동 업무 사례 || /업무사례/부산온천동법무사::부산 낙민동 업무 사례 || /업무사례/부산칠산동법무사::부산 낙민동 업무 사례 || /업무사례/부산동래역법무사::부산 낙민동 업무 사례 || /업무사례/부산미남역법무사::부산 낙민동 업무 사례 || /업무사례/부산사직역법무사::부산 낙민동 업무 사례,지역별 업무 사례>/업무사례/지역별 || 전체 업무 사례>/업무사례 || 동래구 법무사>/동래구법무사 || 동래구 업무 사례>/업무사례/동래구법무사 || 부산 명장동 업무 사례>/업무사례/부산명장동법무사 || 부산 명륜동 업무 사례>/업무사례/부산명륜동법무사 || 부산 복천동 업무 사례>/업무사례/부산복천동법무사 || 상담 문의>/contact || 부산 상속등기>/부산상속등기 || 부산에서 법무사 찾을 때 허브로 돌아가기>/부산법무사 || 해운대·센텀 법무사 상담>/해운대법무사 || 센텀 법인·부동산 등기>/센텀법무사,홈 > 업무 사례 > 지역별 업무 사례 > 동래구 > 부산 낙민동 업무 사례,yes,WebPage+FAQ,,SERP_UNVERIFIED,other,case,"부산낙민동에서법무사업무사례와상담절차를찾으시는분을위한안내입니다.동래구낙민동일대는온천장·사직·안락등전통주거·상권이이어져상속등기,공동주택이전,가족간권"
/업무사례/부산명장동법무사,generated,"index,follow",yes,/업무사례/부산명장동법무사,부산 명장동 업무 사례 | 아파트·주택 상속·이전 | 다옴법무사사무소,"부산 명장동 업무 사례 안내. 아파트·주택 상속·이전. 다옴법무사사무소 안윤정 법무사. 동래구 명장동 일대는 온천장·사직·안락 등 전통 주거·상권이 이어져 상속등기, 공동주택 이전, 가족 간 권리",부산 명장동 업무 사례 | 아파트·주택 상속·이전 | 다옴법무사사무소,"부산 명장동 업무 사례 안내. 아파트·주택 상속·이전. 다옴법무사사무소 안윤정 법무사. 동래구 명장동 일대는 온천장·사직·안락 등 전통 주거·상권이 이어져 상속등기, 공동주택 이전, 가족 간 권리",부산 명장동 업무 사례 | 아파트·주택 상속·이전,부산 명장동에서 자주 문의되는 업무 | 참고용 업무 사례 | 상담 전 확인할 내용 | 방문·비대면 진행 안내 | 관련 지역 | 관련 업무,"부산 명장동에서 법무사 업무 사례와 상담 절차를 찾으시는 분을 위한 안내입니다. 동래구 명장동 일대는 온천장·사직·안락 등 전통 주거·상권이 이어져 상속등기, 공동주택 이전, 가족 간 권리 정리 상담이 많은 지역입니다. 부산 명장동에서 법무사 업무 사례와 상담 절차를 찾으시는 분을 위한 안내입니다. 동래구 명장동 일대는 온천장·사직·안락 등 전통 주거·상권이 이어져 상속등기, 공동주택 이전, 가족 간 권리 정리 상담이 많은 지역입니다. 부산 명장동 일대에서는 상가 임대차와 맞물린 소유권 확인 , 전통시장 인근 주택 상속·매매등기 문의가 이어집니다. 다옴법무사사무소 안윤정 법무사는 부산 해운대·센텀에서 부산 명장동 의뢰인의 상속등기·부동산등기·법인등기·개인회생 상담을 진행합니다. 확인되지 않은 실적이나 무조건적인 처리를 약속하지 않으며, 서류와 일정을 확인한 뒤 가능 범위를 안내합니다. 문의 개요(업무 종류·소재지·일정) 전달 등기부·관할·서류 상태 확인 진행 방식·견적 범위 안내 신",478,18,/업무사례/동래구법무사::부산 명장동 업무 사례 || /업무사례/부산낙민동법무사::부산 명장동 업무 사례 || /업무사례/부산명륜동법무사::부산 명장동 업무 사례 || /업무사례/부산복천동법무사::부산 명장동 업무 사례 || /업무사례/부산수안동법무사::부산 명장동 업무 사례 || /업무사례/부산사직동법무사::부산 명장동 업무 사례 || /업무사례/부산안락동법무사::부산 명장동 업무 사례 || /업무사례/부산온천동법무사::부산 명장동 업무 사례 || /업무사례/부산칠산동법무사::부산 명장동 업무 사례 || /업무사례/부산동래역법무사::부산 명장동 업무 사례 || /업무사례/부산미남역법무사::부산 명장동 업무 사례 || /업무사례/부산사직역법무사::부산 명장동 업무 사례,지역별 업무 사례>/업무사례/지역별 || 전체 업무 사례>/업무사례 || 동래구 법무사>/동래구법무사 || 동래구 업무 사례>/업무사례/동래구법무사 || 부산 낙민동 업무 사례>/업무사례/부산낙민동법무사 || 부산 명륜동 업무 사례>/업무사례/부산명륜동법무사 || 부산 복천동 업무 사례>/업무사례/부산복천동법무사 || 소유권이전등기>/부산소유권이전등기 || 임원변경등기>/부산임원변경등기 || 부산에서 법무사 찾을 때 허브로 돌아가기>/부산법무사 || 해운대·센텀 법무사 상담>/해운대법무사 || 센텀 법인·부동산 등기>/센텀법무사,홈 > 업무 사례 > 지역별 업무 사례 > 동래구 > 부산 명장동 업무 사례,yes,WebPage+FAQ,,SERP_UNVERIFIED,other,case,"부산명장동에서법무사업무사례와상담절차를찾으시는분을위한안내입니다.동래구명장동일대는온천장·사직·안락등전통주거·상권이이어져상속등기,공동주택이전,가족간권"
/업무사례/부산명륜동법무사,generated,"index,follow",yes,/업무사례/부산명륜동법무사,부산 명륜동 업무 사례 | 아파트·주택 상속·이전 | 다옴법무사사무소,"부산 명륜동 업무 사례 안내. 아파트·주택 상속·이전. 다옴법무사사무소 안윤정 법무사. 동래구 명륜동 일대는 온천장·사직·안락 등 전통 주거·상권이 이어져 상속등기, 공동주택 이전, 가족 간 권리",부산 명륜동 업무 사례 | 아파트·주택 상속·이전 | 다옴법무사사무소,"부산 명륜동 업무 사례 안내. 아파트·주택 상속·이전. 다옴법무사사무소 안윤정 법무사. 동래구 명륜동 일대는 온천장·사직·안락 등 전통 주거·상권이 이어져 상속등기, 공동주택 이전, 가족 간 권리",부산 명륜동 업무 사례 | 아파트·주택 상속·이전,부산 명륜동에서 자주 문의되는 업무 | 참고용 업무 사례 | 상담 전 확인할 내용 | 방문·비대면 진행 안내 | 관련 지역 | 관련 업무,"부산 명륜동에서 법무사 업무 사례와 상담 절차를 찾으시는 분을 위한 안내입니다. 동래구 명륜동 일대는 온천장·사직·안락 등 전통 주거·상권이 이어져 상속등기, 공동주택 이전, 가족 간 권리 정리 상담이 많은 지역입니다. 부산 명륜동에서 법무사 업무 사례와 상담 절차를 찾으시는 분을 위한 안내입니다. 동래구 명륜동 일대는 온천장·사직·안락 등 전통 주거·상권이 이어져 상속등기, 공동주택 이전, 가족 간 권리 정리 상담이 많은 지역입니다. 부산 명륜동 일대에서는 역 인근 상가 매매등기 , 교통 거점 생활권의 상속등기 문의가 이어집니다. 다옴법무사사무소 안윤정 법무사는 부산 해운대·센텀에서 부산 명륜동 의뢰인의 상속등기·부동산등기·법인등기·개인회생 상담을 진행합니다. 확인되지 않은 실적이나 무조건적인 처리를 약속하지 않으며, 서류와 일정을 확인한 뒤 가능 범위를 안내합니다. 문의 개요(업무 종류·소재지·일정) 전달 등기부·관할·서류 상태 확인 진행 방식·견적 범위 안내 신청·접수·보정·완",510,18,/업무사례/동래구법무사::부산 명륜동 업무 사례 || /업무사례/부산낙민동법무사::부산 명륜동 업무 사례 || /업무사례/부산명장동법무사::부산 명륜동 업무 사례 || /업무사례/부산복천동법무사::부산 명륜동 업무 사례 || /업무사례/부산수안동법무사::부산 명륜동 업무 사례 || /업무사례/부산사직동법무사::부산 명륜동 업무 사례 || /업무사례/부산안락동법무사::부산 명륜동 업무 사례 || /업무사례/부산온천동법무사::부산 명륜동 업무 사례 || /업무사례/부산칠산동법무사::부산 명륜동 업무 사례 || /업무사례/부산동래역법무사::부산 명륜동 업무 사례 || /업무사례/부산미남역법무사::부산 명륜동 업무 사례 || /업무사례/부산사직역법무사::부산 명륜동 업무 사례,지역별 업무 사례>/업무사례/지역별 || 전체 업무 사례>/업무사례 || 동래구 법무사>/동래구법무사 || 동래구 업무 사례>/업무사례/동래구법무사 || 부산 낙민동 업무 사례>/업무사례/부산낙민동법무사 || 부산 명장동 업무 사례>/업무사례/부산명장동법무사 || 부산 복천동 업무 사례>/업무사례/부산복천동법무사 || 부산 개인회생>/부산개인회생 || 소유권이전등기>/부산소유권이전등기 || 부산에서 법무사 찾을 때 허브로 돌아가기>/부산법무사 || 해운대·센텀 법무사 상담>/해운대법무사 || 센텀 법인·부동산 등기>/센텀법무사,홈 > 업무 사례 > 지역별 업무 사례 > 동래구 > 부산 명륜동 업무 사례,yes,WebPage+FAQ,,SERP_UNVERIFIED,other,case,"부산명륜동에서법무사업무사례와상담절차를찾으시는분을위한안내입니다.동래구명륜동일대는온천장·사직·안락등전통주거·상권이이어져상속등기,공동주택이전,가족간권"
/업무사례/부산복천동법무사,generated,"index,follow",yes,/업무사례/부산복천동법무사,부산 복천동 업무 사례 | 아파트·주택 상속·이전 | 다옴법무사사무소,"부산 복천동 업무 사례 안내. 아파트·주택 상속·이전. 다옴법무사사무소 안윤정 법무사. 동래구 복천동 일대는 온천장·사직·안락 등 전통 주거·상권이 이어져 상속등기, 공동주택 이전, 가족 간 권리",부산 복천동 업무 사례 | 아파트·주택 상속·이전 | 다옴법무사사무소,"부산 복천동 업무 사례 안내. 아파트·주택 상속·이전. 다옴법무사사무소 안윤정 법무사. 동래구 복천동 일대는 온천장·사직·안락 등 전통 주거·상권이 이어져 상속등기, 공동주택 이전, 가족 간 권리",부산 복천동 업무 사례 | 아파트·주택 상속·이전,부산 복천동에서 자주 문의되는 업무 | 참고용 업무 사례 | 상담 전 확인할 내용 | 방문·비대면 진행 안내 | 관련 지역 | 관련 업무,"부산 복천동에서 법무사 업무 사례와 상담 절차를 찾으시는 분을 위한 안내입니다. 동래구 복천동 일대는 온천장·사직·안락 등 전통 주거·상권이 이어져 상속등기, 공동주택 이전, 가족 간 권리 정리 상담이 많은 지역입니다. 부산 복천동에서 법무사 업무 사례와 상담 절차를 찾으시는 분을 위한 안내입니다. 동래구 복천동 일대는 온천장·사직·안락 등 전통 주거·상권이 이어져 상속등기, 공동주택 이전, 가족 간 권리 정리 상담이 많은 지역입니다. 부산 복천동 일대에서는 상가 임대차와 맞물린 소유권 확인 , 전통시장 인근 주택 상속·매매등기 문의가 이어집니다. 다옴법무사사무소 안윤정 법무사는 부산 해운대·센텀에서 부산 복천동 의뢰인의 상속등기·부동산등기·법인등기·개인회생 상담을 진행합니다. 확인되지 않은 실적이나 무조건적인 처리를 약속하지 않으며, 서류와 일정을 확인한 뒤 가능 범위를 안내합니다. 문의 개요(업무 종류·소재지·일정) 전달 등기부·관할·서류 상태 확인 진행 방식·견적 범위 안내 신",509,18,/업무사례/동래구법무사::부산 복천동 업무 사례 || /업무사례/부산낙민동법무사::부산 복천동 업무 사례 || /업무사례/부산명장동법무사::부산 복천동 업무 사례 || /업무사례/부산명륜동법무사::부산 복천동 업무 사례 || /업무사례/부산수안동법무사::부산 복천동 업무 사례 || /업무사례/부산사직동법무사::부산 복천동 업무 사례 || /업무사례/부산안락동법무사::부산 복천동 업무 사례 || /업무사례/부산온천동법무사::부산 복천동 업무 사례 || /업무사례/부산칠산동법무사::부산 복천동 업무 사례 || /업무사례/부산동래역법무사::부산 복천동 업무 사례 || /업무사례/부산미남역법무사::부산 복천동 업무 사례 || /업무사례/부산사직역법무사::부산 복천동 업무 사례,지역별 업무 사례>/업무사례/지역별 || 전체 업무 사례>/업무사례 || 동래구 법무사>/동래구법무사 || 동래구 업무 사례>/업무사례/동래구법무사 || 부산 낙민동 업무 사례>/업무사례/부산낙민동법무사 || 부산 명장동 업무 사례>/업무사례/부산명장동법무사 || 부산 명륜동 업무 사례>/업무사례/부산명륜동법무사 || 부산 개인회생>/부산개인회생 || 소유권이전등기>/부산소유권이전등기 || 부산에서 법무사 찾을 때 허브로 돌아가기>/부산법무사 || 해운대·센텀 법무사 상담>/해운대법무사 || 센텀 법인·부동산 등기>/센텀법무사,홈 > 업무 사례 > 지역별 업무 사례 > 동래구 > 부산 복천동 업무 사례,yes,WebPage+FAQ,,SERP_UNVERIFIED,other,case,"부산복천동에서법무사업무사례와상담절차를찾으시는분을위한안내입니다.동래구복천동일대는온천장·사직·안락등전통주거·상권이이어져상속등기,공동주택이전,가족간권"
/업무사례/부산수안동법무사,generated,"index,follow",yes,/업무사례/부산수안동법무사,부산 수안동 업무 사례 | 아파트·주택 상속·이전 | 다옴법무사사무소,"부산 수안동 업무 사례 안내. 아파트·주택 상속·이전. 다옴법무사사무소 안윤정 법무사. 동래구 수안동 일대는 온천장·사직·안락 등 전통 주거·상권이 이어져 상속등기, 공동주택 이전, 가족 간 권리",부산 수안동 업무 사례 | 아파트·주택 상속·이전 | 다옴법무사사무소,"부산 수안동 업무 사례 안내. 아파트·주택 상속·이전. 다옴법무사사무소 안윤정 법무사. 동래구 수안동 일대는 온천장·사직·안락 등 전통 주거·상권이 이어져 상속등기, 공동주택 이전, 가족 간 권리",부산 수안동 업무 사례 | 아파트·주택 상속·이전,부산 수안동에서 자주 문의되는 업무 | 참고용 업무 사례 | 상담 전 확인할 내용 | 방문·비대면 진행 안내 | 관련 지역 | 관련 업무,"부산 수안동에서 법무사 업무 사례와 상담 절차를 찾으시는 분을 위한 안내입니다. 동래구 수안동 일대는 온천장·사직·안락 등 전통 주거·상권이 이어져 상속등기, 공동주택 이전, 가족 간 권리 정리 상담이 많은 지역입니다. 부산 수안동에서 법무사 업무 사례와 상담 절차를 찾으시는 분을 위한 안내입니다. 동래구 수안동 일대는 온천장·사직·안락 등 전통 주거·상권이 이어져 상속등기, 공동주택 이전, 가족 간 권리 정리 상담이 많은 지역입니다. 부산 수안동 일대에서는 근저당 설정·말소와 잔금일 일정 조율 , 역세권 아파트·오피스텔 이전등기 문의가 이어집니다. 다옴법무사사무소 안윤정 법무사는 부산 해운대·센텀에서 부산 수안동 의뢰인의 상속등기·부동산등기·법인등기·개인회생 상담을 진행합니다. 확인되지 않은 실적이나 무조건적인 처리를 약속하지 않으며, 서류와 일정을 확인한 뒤 가능 범위를 안내합니다. 문의 개요(업무 종류·소재지·일정) 전달 등기부·관할·서류 상태 확인 진행 방식·견적 범위 안내 ",510,18,/업무사례/동래구법무사::부산 수안동 업무 사례 || /업무사례/부산낙민동법무사::부산 수안동 업무 사례 || /업무사례/부산명장동법무사::부산 수안동 업무 사례 || /업무사례/부산명륜동법무사::부산 수안동 업무 사례 || /업무사례/부산복천동법무사::부산 수안동 업무 사례 || /업무사례/부산사직동법무사::부산 수안동 업무 사례 || /업무사례/부산안락동법무사::부산 수안동 업무 사례 || /업무사례/부산온천동법무사::부산 수안동 업무 사례 || /업무사례/부산칠산동법무사::부산 수안동 업무 사례 || /업무사례/부산동래역법무사::부산 수안동 업무 사례 || /업무사례/부산미남역법무사::부산 수안동 업무 사례 || /업무사례/부산사직역법무사::부산 수안동 업무 사례,지역별 업무 사례>/업무사례/지역별 || 전체 업무 사례>/업무사례 || 동래구 법무사>/동래구법무사 || 동래구 업무 사례>/업무사례/동래구법무사 || 부산 낙민동 업무 사례>/업무사례/부산낙민동법무사 || 부산 명장동 업무 사례>/업무사례/부산명장동법무사 || 부산 명륜동 업무 사례>/업무사례/부산명륜동법무사 || 소유권이전등기>/부산소유권이전등기 || 임원변경등기>/부산임원변경등기 || 부산에서 법무사 찾을 때 허브로 돌아가기>/부산법무사 || 해운대·센텀 법무사 상담>/해운대법무사 || 센텀 법인·부동산 등기>/센텀법무사,홈 > 업무 사례 > 지역별 업무 사례 > 동래구 > 부산 수안동 업무 사례,yes,WebPage+FAQ,,SERP_UNVERIFIED,other,case,"부산수안동에서법무사업무사례와상담절차를찾으시는분을위한안내입니다.동래구수안동일대는온천장·사직·안락등전통주거·상권이이어져상속등기,공동주택이전,가족간권"
/업무사례/부산사직동법무사,generated,"index,follow",yes,/업무사례/부산사직동법무사,부산 사직동 업무 사례 | 아파트·주택 상속·이전 | 다옴법무사사무소,"부산 사직동 업무 사례 안내. 아파트·주택 상속·이전. 다옴법무사사무소 안윤정 법무사. 동래구 사직동 일대는 온천장·사직·안락 등 전통 주거·상권이 이어져 상속등기, 공동주택 이전, 가족 간 권리",부산 사직동 업무 사례 | 아파트·주택 상속·이전 | 다옴법무사사무소,"부산 사직동 업무 사례 안내. 아파트·주택 상속·이전. 다옴법무사사무소 안윤정 법무사. 동래구 사직동 일대는 온천장·사직·안락 등 전통 주거·상권이 이어져 상속등기, 공동주택 이전, 가족 간 권리",부산 사직동 업무 사례 | 아파트·주택 상속·이전,부산 사직동에서 자주 문의되는 업무 | 참고용 업무 사례 | 상담 전 확인할 내용 | 방문·비대면 진행 안내 | 관련 지역 | 관련 업무,"부산 사직동에서 법무사 업무 사례와 상담 절차를 찾으시는 분을 위한 안내입니다. 동래구 사직동 일대는 온천장·사직·안락 등 전통 주거·상권이 이어져 상속등기, 공동주택 이전, 가족 간 권리 정리 상담이 많은 지역입니다. 부산 사직동에서 법무사 업무 사례와 상담 절차를 찾으시는 분을 위한 안내입니다. 동래구 사직동 일대는 온천장·사직·안락 등 전통 주거·상권이 이어져 상속등기, 공동주택 이전, 가족 간 권리 정리 상담이 많은 지역입니다. 부산 사직동 일대에서는 전통시장 인근 주택 상속·매매등기 , 아파트·다세대 소유권이전등기 문의가 이어집니다. 다옴법무사사무소 안윤정 법무사는 부산 해운대·센텀에서 부산 사직동 의뢰인의 상속등기·부동산등기·법인등기·개인회생 상담을 진행합니다. 확인되지 않은 실적이나 무조건적인 처리를 약속하지 않으며, 서류와 일정을 확인한 뒤 가능 범위를 안내합니다. 문의 개요(업무 종류·소재지·일정) 전달 등기부·관할·서류 상태 확인 진행 방식·견적 범위 안내 신청·접",507,6,/업무사례/동래구법무사::부산 사직동 업무 사례 || /업무사례/부산낙민동법무사::부산 사직동 업무 사례 || /업무사례/부산명장동법무사::부산 사직동 업무 사례 || /업무사례/부산명륜동법무사::부산 사직동 업무 사례 || /업무사례/부산복천동법무사::부산 사직동 업무 사례 || /업무사례/부산수안동법무사::부산 사직동 업무 사례,지역별 업무 사례>/업무사례/지역별 || 전체 업무 사례>/업무사례 || 동래구 법무사>/동래구법무사 || 동래구 업무 사례>/업무사례/동래구법무사 || 부산 낙민동 업무 사례>/업무사례/부산낙민동법무사 || 부산 명장동 업무 사례>/업무사례/부산명장동법무사 || 부산 명륜동 업무 사례>/업무사례/부산명륜동법무사 || 부산 부동산등기>/부산부동산등기 || 부산 법인등기>/부산법인등기 || 부산에서 법무사 찾을 때 허브로 돌아가기>/부산법무사 || 해운대·센텀 법무사 상담>/해운대법무사 || 센텀 법인·부동산 등기>/센텀법무사,홈 > 업무 사례 > 지역별 업무 사례 > 동래구 > 부산 사직동 업무 사례,yes,WebPage+FAQ,,SERP_UNVERIFIED,other,case,"부산사직동에서법무사업무사례와상담절차를찾으시는분을위한안내입니다.동래구사직동일대는온천장·사직·안락등전통주거·상권이이어져상속등기,공동주택이전,가족간권"
/업무사례/부산안락동법무사,generated,"index,follow",yes,/업무사례/부산안락동법무사,부산 안락동 업무 사례 | 아파트·주택 상속·이전 | 다옴법무사사무소,"부산 안락동 업무 사례 안내. 아파트·주택 상속·이전. 다옴법무사사무소 안윤정 법무사. 동래구 안락동 일대는 온천장·사직·안락 등 전통 주거·상권이 이어져 상속등기, 공동주택 이전, 가족 간 권리",부산 안락동 업무 사례 | 아파트·주택 상속·이전 | 다옴법무사사무소,"부산 안락동 업무 사례 안내. 아파트·주택 상속·이전. 다옴법무사사무소 안윤정 법무사. 동래구 안락동 일대는 온천장·사직·안락 등 전통 주거·상권이 이어져 상속등기, 공동주택 이전, 가족 간 권리",부산 안락동 업무 사례 | 아파트·주택 상속·이전,부산 안락동에서 자주 문의되는 업무 | 참고용 업무 사례 | 상담 전 확인할 내용 | 방문·비대면 진행 안내 | 관련 지역 | 관련 업무,"부산 안락동에서 법무사 업무 사례와 상담 절차를 찾으시는 분을 위한 안내입니다. 동래구 안락동 일대는 온천장·사직·안락 등 전통 주거·상권이 이어져 상속등기, 공동주택 이전, 가족 간 권리 정리 상담이 많은 지역입니다. 부산 안락동에서 법무사 업무 사례와 상담 절차를 찾으시는 분을 위한 안내입니다. 동래구 안락동 일대는 온천장·사직·안락 등 전통 주거·상권이 이어져 상속등기, 공동주택 이전, 가족 간 권리 정리 상담이 많은 지역입니다. 부산 안락동 일대에서는 역세권 아파트·오피스텔 이전등기 , 역 인근 상가 매매등기 문의가 이어집니다. 다옴법무사사무소 안윤정 법무사는 부산 해운대·센텀에서 부산 안락동 의뢰인의 상속등기·부동산등기·법인등기·개인회생 상담을 진행합니다. 확인되지 않은 실적이나 무조건적인 처리를 약속하지 않으며, 서류와 일정을 확인한 뒤 가능 범위를 안내합니다. 문의 개요(업무 종류·소재지·일정) 전달 등기부·관할·서류 상태 확인 진행 방식·견적 범위 안내 신청·접수·보정",511,0,,지역별 업무 사례>/업무사례/지역별 || 전체 업무 사례>/업무사례 || 동래구 법무사>/동래구법무사 || 동래구 업무 사례>/업무사례/동래구법무사 || 부산 낙민동 업무 사례>/업무사례/부산낙민동법무사 || 부산 명장동 업무 사례>/업무사례/부산명장동법무사 || 부산 명륜동 업무 사례>/업무사례/부산명륜동법무사 || 부산 부동산등기>/부산부동산등기 || 부산 법인등기>/부산법인등기 || 부산에서 법무사 찾을 때 허브로 돌아가기>/부산법무사 || 해운대·센텀 법무사 상담>/해운대법무사 || 센텀 법인·부동산 등기>/센텀법무사,홈 > 업무 사례 > 지역별 업무 사례 > 동래구 > 부산 안락동 업무 사례,yes,WebPage+FAQ,,SERP_UNVERIFIED,other,case,"부산안락동에서법무사업무사례와상담절차를찾으시는분을위한안내입니다.동래구안락동일대는온천장·사직·안락등전통주거·상권이이어져상속등기,공동주택이전,가족간권"
/업무사례/부산온천동법무사,generated,"index,follow",yes,/업무사례/부산온천동법무사,부산 온천동 업무 사례 | 아파트·주택 상속·이전 | 다옴법무사사무소,"부산 온천동 업무 사례 안내. 아파트·주택 상속·이전. 다옴법무사사무소 안윤정 법무사. 동래구 온천동 일대는 온천장·사직·안락 등 전통 주거·상권이 이어져 상속등기, 공동주택 이전, 가족 간 권리",부산 온천동 업무 사례 | 아파트·주택 상속·이전 | 다옴법무사사무소,"부산 온천동 업무 사례 안내. 아파트·주택 상속·이전. 다옴법무사사무소 안윤정 법무사. 동래구 온천동 일대는 온천장·사직·안락 등 전통 주거·상권이 이어져 상속등기, 공동주택 이전, 가족 간 권리",부산 온천동 업무 사례 | 아파트·주택 상속·이전,부산 온천동에서 자주 문의되는 업무 | 참고용 업무 사례 | 상담 전 확인할 내용 | 방문·비대면 진행 안내 | 관련 지역 | 관련 업무,"부산 온천동에서 법무사 업무 사례와 상담 절차를 찾으시는 분을 위한 안내입니다. 동래구 온천동 일대는 온천장·사직·안락 등 전통 주거·상권이 이어져 상속등기, 공동주택 이전, 가족 간 권리 정리 상담이 많은 지역입니다. 부산 온천동에서 법무사 업무 사례와 상담 절차를 찾으시는 분을 위한 안내입니다. 동래구 온천동 일대는 온천장·사직·안락 등 전통 주거·상권이 이어져 상속등기, 공동주택 이전, 가족 간 권리 정리 상담이 많은 지역입니다. 부산 온천동 일대에서는 상가 임대차와 맞물린 소유권 확인 , 전통시장 인근 주택 상속·매매등기 문의가 이어집니다. 다옴법무사사무소 안윤정 법무사는 부산 해운대·센텀에서 부산 온천동 의뢰인의 상속등기·부동산등기·법인등기·개인회생 상담을 진행합니다. 확인되지 않은 실적이나 무조건적인 처리를 약속하지 않으며, 서류와 일정을 확인한 뒤 가능 범위를 안내합니다. 문의 개요(업무 종류·소재지·일정) 전달 등기부·관할·서류 상태 확인 진행 방식·견적 범위 안내 신",478,0,,지역별 업무 사례>/업무사례/지역별 || 전체 업무 사례>/업무사례 || 동래구 법무사>/동래구법무사 || 동래구 업무 사례>/업무사례/동래구법무사 || 부산 낙민동 업무 사례>/업무사례/부산낙민동법무사 || 부산 명장동 업무 사례>/업무사례/부산명장동법무사 || 부산 명륜동 업무 사례>/업무사례/부산명륜동법무사 || 부산 상속등기>/부산상속등기 || 부산 부동산등기>/부산부동산등기 || 부산에서 법무사 찾을 때 허브로 돌아가기>/부산법무사 || 해운대·센텀 법무사 상담>/해운대법무사 || 센텀 법인·부동산 등기>/센텀법무사,홈 > 업무 사례 > 지역별 업무 사례 > 동래구 > 부산 온천동 업무 사례,yes,WebPage+FAQ,,SERP_UNVERIFIED,other,case,"부산온천동에서법무사업무사례와상담절차를찾으시는분을위한안내입니다.동래구온천동일대는온천장·사직·안락등전통주거·상권이이어져상속등기,공동주택이전,가족간권"
/업무사례/부산칠산동법무사,generated,"index,follow",yes,/업무사례/부산칠산동법무사,부산 칠산동 업무 사례 | 아파트·주택 상속·이전 | 다옴법무사사무소,"부산 칠산동 업무 사례 안내. 아파트·주택 상속·이전. 다옴법무사사무소 안윤정 법무사. 동래구 칠산동 일대는 온천장·사직·안락 등 전통 주거·상권이 이어져 상속등기, 공동주택 이전, 가족 간 권리",부산 칠산동 업무 사례 | 아파트·주택 상속·이전 | 다옴법무사사무소,"부산 칠산동 업무 사례 안내. 아파트·주택 상속·이전. 다옴법무사사무소 안윤정 법무사. 동래구 칠산동 일대는 온천장·사직·안락 등 전통 주거·상권이 이어져 상속등기, 공동주택 이전, 가족 간 권리",부산 칠산동 업무 사례 | 아파트·주택 상속·이전,부산 칠산동에서 자주 문의되는 업무 | 참고용 업무 사례 | 상담 전 확인할 내용 | 방문·비대면 진행 안내 | 관련 지역 | 관련 업무,"부산 칠산동에서 법무사 업무 사례와 상담 절차를 찾으시는 분을 위한 안내입니다. 동래구 칠산동 일대는 온천장·사직·안락 등 전통 주거·상권이 이어져 상속등기, 공동주택 이전, 가족 간 권리 정리 상담이 많은 지역입니다. 부산 칠산동에서 법무사 업무 사례와 상담 절차를 찾으시는 분을 위한 안내입니다. 동래구 칠산동 일대는 온천장·사직·안락 등 전통 주거·상권이 이어져 상속등기, 공동주택 이전, 가족 간 권리 정리 상담이 많은 지역입니다. 부산 칠산동 일대에서는 교통 거점 생활권의 상속등기 , 시장·점포 권리와 건물등기 정리 문의가 이어집니다. 다옴법무사사무소 안윤정 법무사는 부산 해운대·센텀에서 부산 칠산동 의뢰인의 상속등기·부동산등기·법인등기·개인회생 상담을 진행합니다. 확인되지 않은 실적이나 무조건적인 처리를 약속하지 않으며, 서류와 일정을 확인한 뒤 가능 범위를 안내합니다. 문의 개요(업무 종류·소재지·일정) 전달 등기부·관할·서류 상태 확인 진행 방식·견적 범위 안내 신청·접수",511,0,,지역별 업무 사례>/업무사례/지역별 || 전체 업무 사례>/업무사례 || 동래구 법무사>/동래구법무사 || 동래구 업무 사례>/업무사례/동래구법무사 || 부산 낙민동 업무 사례>/업무사례/부산낙민동법무사 || 부산 명장동 업무 사례>/업무사례/부산명장동법무사 || 부산 명륜동 업무 사례>/업무사례/부산명륜동법무사 || 소유권이전등기>/부산소유권이전등기 || 임원변경등기>/부산임원변경등기 || 부산에서 법무사 찾을 때 허브로 돌아가기>/부산법무사 || 해운대·센텀 법무사 상담>/해운대법무사 || 센텀 법인·부동산 등기>/센텀법무사,홈 > 업무 사례 > 지역별 업무 사례 > 동래구 > 부산 칠산동 업무 사례,yes,WebPage+FAQ,,SERP_UNVERIFIED,other,case,"부산칠산동에서법무사업무사례와상담절차를찾으시는분을위한안내입니다.동래구칠산동일대는온천장·사직·안락등전통주거·상권이이어져상속등기,공동주택이전,가족간권"
/업무사례/북구법무사,generated,"index,follow",yes,/업무사례/북구법무사,북구 업무 사례 | 아파트·주택 상속·이전 | 다옴법무사사무소,"북구 업무 사례 안내. 아파트·주택 상속·이전. 다옴법무사사무소 안윤정 법무사. 화명·덕천·만덕 등 주거 밀집 지역으로, 아파트 소유권이전·상속·근저당 설정·말소 등기 상담이 잦은 생활권입",북구 업무 사례 | 아파트·주택 상속·이전 | 다옴법무사사무소,"북구 업무 사례 안내. 아파트·주택 상속·이전. 다옴법무사사무소 안윤정 법무사. 화명·덕천·만덕 등 주거 밀집 지역으로, 아파트 소유권이전·상속·근저당 설정·말소 등기 상담이 잦은 생활권입",북구 업무 사례 | 아파트·주택 상속·이전,북구에서 자주 문의되는 업무 | 참고용 업무 사례 | 상담 전 확인할 내용 | 방문·비대면 진행 안내 | 북구에서 이어지는 세부 지역 | 관련 지역 | 관련 업무,"북구에서 법무사 업무 사례와 상담 절차를 찾으시는 분을 위한 안내입니다. 화명·덕천·만덕 등 주거 밀집 지역으로, 아파트 소유권이전·상속·근저당 설정·말소 등기 상담이 잦은 생활권입니다. 북구에서 법무사 업무 사례와 상담 절차를 찾으시는 분을 위한 안내입니다. 화명·덕천·만덕 등 주거 밀집 지역으로, 아파트 소유권이전·상속·근저당 설정·말소 등기 상담이 잦은 생활권입니다. 북구 일대에서는 근저당 설정·말소와 잔금일 일정 조율 , 신축·분양 주택의 소유권보존·이전등기 문의가 이어집니다. 다옴법무사사무소 안윤정 법무사는 부산 해운대·센텀에서 북구 의뢰인의 상속등기·부동산등기·법인등기·개인회생 상담을 진행합니다. 확인되지 않은 실적이나 무조건적인 처리를 약속하지 않으며, 서류와 일정을 확인한 뒤 가능 범위를 안내합니다. 문의 개요(업무 종류·소재지·일정) 전달 등기부·관할·서류 상태 확인 진행 방식·견적 범위 안내 신청·접수·보정·완료 공유 업무 종류와 희망 일정 부동산·법인 소재지(대략",495,33,/업무사례/지역별::북구 || /업무사례/부산구포동법무사::북구 업무 사례 || /업무사례/부산구포동법무사::북구 || /업무사례/부산금곡동법무사::북구 업무 사례 || /업무사례/부산금곡동법무사::북구 || /업무사례/부산덕천동법무사::북구 업무 사례 || /업무사례/부산덕천동법무사::북구 || /업무사례/부산만덕동법무사::북구 업무 사례 || /업무사례/부산만덕동법무사::북구 || /업무사례/부산화명동법무사::북구 업무 사례 || /업무사례/부산화명동법무사::북구 || /업무사례/부산화명신도시법무사::북구 업무 사례,지역별 업무 사례>/업무사례/지역별 || 전체 업무 사례>/업무사례 || 북구 법무사>/북구법무사 || 부산 구포동 업무 사례>/업무사례/부산구포동법무사 || 부산 금곡동 업무 사례>/업무사례/부산금곡동법무사 || 부산 덕천동 업무 사례>/업무사례/부산덕천동법무사 || 부산 만덕동 업무 사례>/업무사례/부산만덕동법무사 || 부산 부동산등기>/부산부동산등기 || 부산 법인등기>/부산법인등기 || 부산에서 법무사 찾을 때 허브로 돌아가기>/부산법무사 || 해운대·센텀 법무사 상담>/해운대법무사 || 센텀 법인·부동산 등기>/센텀법무사,홈 > 업무 사례 > 지역별 업무 사례 > 북구 업무 사례,yes,WebPage+FAQ,,SERP_UNVERIFIED,other,case,"북구에서법무사업무사례와상담절차를찾으시는분을위한안내입니다.화명·덕천·만덕등주거밀집지역으로,아파트소유권이전·상속·근저당설정·말소등기상담이잦은생활권입"
/업무사례/부산구포동법무사,generated,"index,follow",yes,/업무사례/부산구포동법무사,부산 구포동 업무 사례 | 아파트·주택 상속·이전 | 다옴법무사사무소,"부산 구포동 업무 사례 안내. 아파트·주택 상속·이전. 다옴법무사사무소 안윤정 법무사. 북구 구포동 일대는 화명·덕천·만덕 등 주거 밀집 지역으로, 아파트 소유권이전·상속·근저당 설정·말소 등기",부산 구포동 업무 사례 | 아파트·주택 상속·이전 | 다옴법무사사무소,"부산 구포동 업무 사례 안내. 아파트·주택 상속·이전. 다옴법무사사무소 안윤정 법무사. 북구 구포동 일대는 화명·덕천·만덕 등 주거 밀집 지역으로, 아파트 소유권이전·상속·근저당 설정·말소 등기",부산 구포동 업무 사례 | 아파트·주택 상속·이전,부산 구포동에서 자주 문의되는 업무 | 참고용 업무 사례 | 상담 전 확인할 내용 | 방문·비대면 진행 안내 | 관련 지역 | 관련 업무,"부산 구포동에서 법무사 업무 사례와 상담 절차를 찾으시는 분을 위한 안내입니다. 북구 구포동 일대는 화명·덕천·만덕 등 주거 밀집 지역으로, 아파트 소유권이전·상속·근저당 설정·말소 등기 상담이 잦은 생활권입니다. 부산 구포동에서 법무사 업무 사례와 상담 절차를 찾으시는 분을 위한 안내입니다. 북구 구포동 일대는 화명·덕천·만덕 등 주거 밀집 지역으로, 아파트 소유권이전·상속·근저당 설정·말소 등기 상담이 잦은 생활권입니다. 부산 구포동 일대에서는 공동상속인 협의 후 상속등기 , 근저당 설정·말소와 잔금일 일정 조율 문의가 이어집니다. 다옴법무사사무소 안윤정 법무사는 부산 해운대·센텀에서 부산 구포동 의뢰인의 상속등기·부동산등기·법인등기·개인회생 상담을 진행합니다. 확인되지 않은 실적이나 무조건적인 처리를 약속하지 않으며, 서류와 일정을 확인한 뒤 가능 범위를 안내합니다. 문의 개요(업무 종류·소재지·일정) 전달 등기부·관할·서류 상태 확인 진행 방식·견적 범위 안내 신청·접수·보정",471,16,/업무사례/북구법무사::부산 구포동 업무 사례 || /업무사례/부산금곡동법무사::부산 구포동 업무 사례 || /업무사례/부산덕천동법무사::부산 구포동 업무 사례 || /업무사례/부산만덕동법무사::부산 구포동 업무 사례 || /업무사례/부산화명동법무사::부산 구포동 업무 사례 || /업무사례/부산화명신도시법무사::부산 구포동 업무 사례 || /업무사례/부산구포역법무사::부산 구포동 업무 사례 || /업무사례/부산구포시장법무사::부산 구포동 업무 사례 || /업무사례/부산만덕역법무사::부산 구포동 업무 사례 || /업무사례/부산화명역법무사::부산 구포동 업무 사례 || /업무사례/부산율리역법무사::부산 구포동 업무 사례 || /업무사례/부산금곡역법무사::부산 구포동 업무 사례,지역별 업무 사례>/업무사례/지역별 || 전체 업무 사례>/업무사례 || 북구 법무사>/북구법무사 || 북구 업무 사례>/업무사례/북구법무사 || 부산 금곡동 업무 사례>/업무사례/부산금곡동법무사 || 부산 덕천동 업무 사례>/업무사례/부산덕천동법무사 || 부산 만덕동 업무 사례>/업무사례/부산만덕동법무사 || 부산 개인회생>/부산개인회생 || 소유권이전등기>/부산소유권이전등기 || 부산에서 법무사 찾을 때 허브로 돌아가기>/부산법무사 || 해운대·센텀 법무사 상담>/해운대법무사 || 센텀 법인·부동산 등기>/센텀법무사,홈 > 업무 사례 > 지역별 업무 사례 > 북구 > 부산 구포동 업무 사례,yes,WebPage+FAQ,,SERP_UNVERIFIED,other,case,"부산구포동에서법무사업무사례와상담절차를찾으시는분을위한안내입니다.북구구포동일대는화명·덕천·만덕등주거밀집지역으로,아파트소유권이전·상속·근저당설정·말소"
/업무사례/부산금곡동법무사,generated,"index,follow",yes,/업무사례/부산금곡동법무사,부산 금곡동 업무 사례 | 아파트·주택 상속·이전 | 다옴법무사사무소,"부산 금곡동 업무 사례 안내. 아파트·주택 상속·이전. 다옴법무사사무소 안윤정 법무사. 북구 금곡동 일대는 화명·덕천·만덕 등 주거 밀집 지역으로, 아파트 소유권이전·상속·근저당 설정·말소 등기",부산 금곡동 업무 사례 | 아파트·주택 상속·이전 | 다옴법무사사무소,"부산 금곡동 업무 사례 안내. 아파트·주택 상속·이전. 다옴법무사사무소 안윤정 법무사. 북구 금곡동 일대는 화명·덕천·만덕 등 주거 밀집 지역으로, 아파트 소유권이전·상속·근저당 설정·말소 등기",부산 금곡동 업무 사례 | 아파트·주택 상속·이전,부산 금곡동에서 자주 문의되는 업무 | 참고용 업무 사례 | 상담 전 확인할 내용 | 방문·비대면 진행 안내 | 관련 지역 | 관련 업무,"부산 금곡동에서 법무사 업무 사례와 상담 절차를 찾으시는 분을 위한 안내입니다. 북구 금곡동 일대는 화명·덕천·만덕 등 주거 밀집 지역으로, 아파트 소유권이전·상속·근저당 설정·말소 등기 상담이 잦은 생활권입니다. 부산 금곡동에서 법무사 업무 사례와 상담 절차를 찾으시는 분을 위한 안내입니다. 북구 금곡동 일대는 화명·덕천·만덕 등 주거 밀집 지역으로, 아파트 소유권이전·상속·근저당 설정·말소 등기 상담이 잦은 생활권입니다. 부산 금곡동 일대에서는 역세권 아파트·오피스텔 이전등기 , 역 인근 상가 매매등기 문의가 이어집니다. 다옴법무사사무소 안윤정 법무사는 부산 해운대·센텀에서 부산 금곡동 의뢰인의 상속등기·부동산등기·법인등기·개인회생 상담을 진행합니다. 확인되지 않은 실적이나 무조건적인 처리를 약속하지 않으며, 서류와 일정을 확인한 뒤 가능 범위를 안내합니다. 문의 개요(업무 종류·소재지·일정) 전달 등기부·관할·서류 상태 확인 진행 방식·견적 범위 안내 신청·접수·보정·완료 공유",495,16,/업무사례/북구법무사::부산 금곡동 업무 사례 || /업무사례/부산구포동법무사::부산 금곡동 업무 사례 || /업무사례/부산덕천동법무사::부산 금곡동 업무 사례 || /업무사례/부산만덕동법무사::부산 금곡동 업무 사례 || /업무사례/부산화명동법무사::부산 금곡동 업무 사례 || /업무사례/부산화명신도시법무사::부산 금곡동 업무 사례 || /업무사례/부산구포역법무사::부산 금곡동 업무 사례 || /업무사례/부산구포시장법무사::부산 금곡동 업무 사례 || /업무사례/부산만덕역법무사::부산 금곡동 업무 사례 || /업무사례/부산화명역법무사::부산 금곡동 업무 사례 || /업무사례/부산율리역법무사::부산 금곡동 업무 사례 || /업무사례/부산금곡역법무사::부산 금곡동 업무 사례,지역별 업무 사례>/업무사례/지역별 || 전체 업무 사례>/업무사례 || 북구 법무사>/북구법무사 || 북구 업무 사례>/업무사례/북구법무사 || 부산 구포동 업무 사례>/업무사례/부산구포동법무사 || 부산 덕천동 업무 사례>/업무사례/부산덕천동법무사 || 부산 만덕동 업무 사례>/업무사례/부산만덕동법무사 || 소유권이전등기>/부산소유권이전등기 || 임원변경등기>/부산임원변경등기 || 부산에서 법무사 찾을 때 허브로 돌아가기>/부산법무사 || 해운대·센텀 법무사 상담>/해운대법무사 || 센텀 법인·부동산 등기>/센텀법무사,홈 > 업무 사례 > 지역별 업무 사례 > 북구 > 부산 금곡동 업무 사례,yes,WebPage+FAQ,,SERP_UNVERIFIED,other,case,"부산금곡동에서법무사업무사례와상담절차를찾으시는분을위한안내입니다.북구금곡동일대는화명·덕천·만덕등주거밀집지역으로,아파트소유권이전·상속·근저당설정·말소"
/업무사례/부산덕천동법무사,generated,"index,follow",yes,/업무사례/부산덕천동법무사,부산 덕천동 업무 사례 | 아파트·주택 상속·이전 | 다옴법무사사무소,"부산 덕천동 업무 사례 안내. 아파트·주택 상속·이전. 다옴법무사사무소 안윤정 법무사. 북구 덕천동 일대는 화명·덕천·만덕 등 주거 밀집 지역으로, 아파트 소유권이전·상속·근저당 설정·말소 등기",부산 덕천동 업무 사례 | 아파트·주택 상속·이전 | 다옴법무사사무소,"부산 덕천동 업무 사례 안내. 아파트·주택 상속·이전. 다옴법무사사무소 안윤정 법무사. 북구 덕천동 일대는 화명·덕천·만덕 등 주거 밀집 지역으로, 아파트 소유권이전·상속·근저당 설정·말소 등기",부산 덕천동 업무 사례 | 아파트·주택 상속·이전,부산 덕천동에서 자주 문의되는 업무 | 참고용 업무 사례 | 상담 전 확인할 내용 | 방문·비대면 진행 안내 | 관련 지역 | 관련 업무,"부산 덕천동에서 법무사 업무 사례와 상담 절차를 찾으시는 분을 위한 안내입니다. 북구 덕천동 일대는 화명·덕천·만덕 등 주거 밀집 지역으로, 아파트 소유권이전·상속·근저당 설정·말소 등기 상담이 잦은 생활권입니다. 부산 덕천동에서 법무사 업무 사례와 상담 절차를 찾으시는 분을 위한 안내입니다. 북구 덕천동 일대는 화명·덕천·만덕 등 주거 밀집 지역으로, 아파트 소유권이전·상속·근저당 설정·말소 등기 상담이 잦은 생활권입니다. 부산 덕천동 일대에서는 교통 거점 생활권의 상속등기 , 아파트·다세대 소유권이전등기 문의가 이어집니다. 다옴법무사사무소 안윤정 법무사는 부산 해운대·센텀에서 부산 덕천동 의뢰인의 상속등기·부동산등기·법인등기·개인회생 상담을 진행합니다. 확인되지 않은 실적이나 무조건적인 처리를 약속하지 않으며, 서류와 일정을 확인한 뒤 가능 범위를 안내합니다. 문의 개요(업무 종류·소재지·일정) 전달 등기부·관할·서류 상태 확인 진행 방식·견적 범위 안내 신청·접수·보정·완료 공",493,16,/업무사례/북구법무사::부산 덕천동 업무 사례 || /업무사례/부산구포동법무사::부산 덕천동 업무 사례 || /업무사례/부산금곡동법무사::부산 덕천동 업무 사례 || /업무사례/부산만덕동법무사::부산 덕천동 업무 사례 || /업무사례/부산화명동법무사::부산 덕천동 업무 사례 || /업무사례/부산화명신도시법무사::부산 덕천동 업무 사례 || /업무사례/부산구포역법무사::부산 덕천동 업무 사례 || /업무사례/부산구포시장법무사::부산 덕천동 업무 사례 || /업무사례/부산만덕역법무사::부산 덕천동 업무 사례 || /업무사례/부산화명역법무사::부산 덕천동 업무 사례 || /업무사례/부산율리역법무사::부산 덕천동 업무 사례 || /업무사례/부산금곡역법무사::부산 덕천동 업무 사례,지역별 업무 사례>/업무사례/지역별 || 전체 업무 사례>/업무사례 || 북구 법무사>/북구법무사 || 북구 업무 사례>/업무사례/북구법무사 || 부산 구포동 업무 사례>/업무사례/부산구포동법무사 || 부산 금곡동 업무 사례>/업무사례/부산금곡동법무사 || 부산 만덕동 업무 사례>/업무사례/부산만덕동법무사 || 부산 법인등기>/부산법인등기 || 부산 개인회생>/부산개인회생 || 부산에서 법무사 찾을 때 허브로 돌아가기>/부산법무사 || 해운대·센텀 법무사 상담>/해운대법무사 || 센텀 법인·부동산 등기>/센텀법무사,홈 > 업무 사례 > 지역별 업무 사례 > 북구 > 부산 덕천동 업무 사례,yes,WebPage+FAQ,,SERP_UNVERIFIED,other,case,"부산덕천동에서법무사업무사례와상담절차를찾으시는분을위한안내입니다.북구덕천동일대는화명·덕천·만덕등주거밀집지역으로,아파트소유권이전·상속·근저당설정·말소"
/업무사례/부산만덕동법무사,generated,"index,follow",yes,/업무사례/부산만덕동법무사,부산 만덕동 업무 사례 | 아파트·주택 상속·이전 | 다옴법무사사무소,"부산 만덕동 업무 사례 안내. 아파트·주택 상속·이전. 다옴법무사사무소 안윤정 법무사. 북구 만덕동 일대는 화명·덕천·만덕 등 주거 밀집 지역으로, 아파트 소유권이전·상속·근저당 설정·말소 등기",부산 만덕동 업무 사례 | 아파트·주택 상속·이전 | 다옴법무사사무소,"부산 만덕동 업무 사례 안내. 아파트·주택 상속·이전. 다옴법무사사무소 안윤정 법무사. 북구 만덕동 일대는 화명·덕천·만덕 등 주거 밀집 지역으로, 아파트 소유권이전·상속·근저당 설정·말소 등기",부산 만덕동 업무 사례 | 아파트·주택 상속·이전,부산 만덕동에서 자주 문의되는 업무 | 참고용 업무 사례 | 상담 전 확인할 내용 | 방문·비대면 진행 안내 | 관련 지역 | 관련 업무,"부산 만덕동에서 법무사 업무 사례와 상담 절차를 찾으시는 분을 위한 안내입니다. 북구 만덕동 일대는 화명·덕천·만덕 등 주거 밀집 지역으로, 아파트 소유권이전·상속·근저당 설정·말소 등기 상담이 잦은 생활권입니다. 부산 만덕동에서 법무사 업무 사례와 상담 절차를 찾으시는 분을 위한 안내입니다. 북구 만덕동 일대는 화명·덕천·만덕 등 주거 밀집 지역으로, 아파트 소유권이전·상속·근저당 설정·말소 등기 상담이 잦은 생활권입니다. 부산 만덕동 일대에서는 역세권 아파트·오피스텔 이전등기 , 역 인근 상가 매매등기 문의가 이어집니다. 다옴법무사사무소 안윤정 법무사는 부산 해운대·센텀에서 부산 만덕동 의뢰인의 상속등기·부동산등기·법인등기·개인회생 상담을 진행합니다. 확인되지 않은 실적이나 무조건적인 처리를 약속하지 않으며, 서류와 일정을 확인한 뒤 가능 범위를 안내합니다. 문의 개요(업무 종류·소재지·일정) 전달 등기부·관할·서류 상태 확인 진행 방식·견적 범위 안내 신청·접수·보정·완료 공유",495,16,/업무사례/북구법무사::부산 만덕동 업무 사례 || /업무사례/부산구포동법무사::부산 만덕동 업무 사례 || /업무사례/부산금곡동법무사::부산 만덕동 업무 사례 || /업무사례/부산덕천동법무사::부산 만덕동 업무 사례 || /업무사례/부산화명동법무사::부산 만덕동 업무 사례 || /업무사례/부산화명신도시법무사::부산 만덕동 업무 사례 || /업무사례/부산구포역법무사::부산 만덕동 업무 사례 || /업무사례/부산구포시장법무사::부산 만덕동 업무 사례 || /업무사례/부산만덕역법무사::부산 만덕동 업무 사례 || /업무사례/부산화명역법무사::부산 만덕동 업무 사례 || /업무사례/부산율리역법무사::부산 만덕동 업무 사례 || /업무사례/부산금곡역법무사::부산 만덕동 업무 사례,지역별 업무 사례>/업무사례/지역별 || 전체 업무 사례>/업무사례 || 북구 법무사>/북구법무사 || 북구 업무 사례>/업무사례/북구법무사 || 부산 구포동 업무 사례>/업무사례/부산구포동법무사 || 부산 금곡동 업무 사례>/업무사례/부산금곡동법무사 || 부산 덕천동 업무 사례>/업무사례/부산덕천동법무사 || 소유권이전등기>/부산소유권이전등기 || 임원변경등기>/부산임원변경등기 || 부산에서 법무사 찾을 때 허브로 돌아가기>/부산법무사 || 해운대·센텀 법무사 상담>/해운대법무사 || 센텀 법인·부동산 등기>/센텀법무사,홈 > 업무 사례 > 지역별 업무 사례 > 북구 > 부산 만덕동 업무 사례,yes,WebPage+FAQ,,SERP_UNVERIFIED,other,case,"부산만덕동에서법무사업무사례와상담절차를찾으시는분을위한안내입니다.북구만덕동일대는화명·덕천·만덕등주거밀집지역으로,아파트소유권이전·상속·근저당설정·말소"
/업무사례/부산화명동법무사,generated,"index,follow",yes,/업무사례/부산화명동법무사,부산 화명동 업무 사례 | 아파트·주택 상속·이전 | 다옴법무사사무소,"부산 화명동 업무 사례 안내. 아파트·주택 상속·이전. 다옴법무사사무소 안윤정 법무사. 북구 화명동 일대는 화명·덕천·만덕 등 주거 밀집 지역으로, 아파트 소유권이전·상속·근저당 설정·말소 등기",부산 화명동 업무 사례 | 아파트·주택 상속·이전 | 다옴법무사사무소,"부산 화명동 업무 사례 안내. 아파트·주택 상속·이전. 다옴법무사사무소 안윤정 법무사. 북구 화명동 일대는 화명·덕천·만덕 등 주거 밀집 지역으로, 아파트 소유권이전·상속·근저당 설정·말소 등기",부산 화명동 업무 사례 | 아파트·주택 상속·이전,부산 화명동에서 자주 문의되는 업무 | 참고용 업무 사례 | 상담 전 확인할 내용 | 방문·비대면 진행 안내 | 관련 지역 | 관련 업무,"부산 화명동에서 법무사 업무 사례와 상담 절차를 찾으시는 분을 위한 안내입니다. 북구 화명동 일대는 화명·덕천·만덕 등 주거 밀집 지역으로, 아파트 소유권이전·상속·근저당 설정·말소 등기 상담이 잦은 생활권입니다. 부산 화명동에서 법무사 업무 사례와 상담 절차를 찾으시는 분을 위한 안내입니다. 북구 화명동 일대는 화명·덕천·만덕 등 주거 밀집 지역으로, 아파트 소유권이전·상속·근저당 설정·말소 등기 상담이 잦은 생활권입니다. 부산 화명동 일대에서는 단지 내 상가·근린생활시설 등기 , 역세권 아파트·오피스텔 이전등기 문의가 이어집니다. 다옴법무사사무소 안윤정 법무사는 부산 해운대·센텀에서 부산 화명동 의뢰인의 상속등기·부동산등기·법인등기·개인회생 상담을 진행합니다. 확인되지 않은 실적이나 무조건적인 처리를 약속하지 않으며, 서류와 일정을 확인한 뒤 가능 범위를 안내합니다. 문의 개요(업무 종류·소재지·일정) 전달 등기부·관할·서류 상태 확인 진행 방식·견적 범위 안내 신청·접수·보정·",494,16,/업무사례/북구법무사::부산 화명동 업무 사례 || /업무사례/부산구포동법무사::부산 화명동 업무 사례 || /업무사례/부산금곡동법무사::부산 화명동 업무 사례 || /업무사례/부산덕천동법무사::부산 화명동 업무 사례 || /업무사례/부산만덕동법무사::부산 화명동 업무 사례 || /업무사례/부산화명신도시법무사::부산 화명동 업무 사례 || /업무사례/부산구포역법무사::부산 화명동 업무 사례 || /업무사례/부산구포시장법무사::부산 화명동 업무 사례 || /업무사례/부산만덕역법무사::부산 화명동 업무 사례 || /업무사례/부산화명역법무사::부산 화명동 업무 사례 || /업무사례/부산율리역법무사::부산 화명동 업무 사례 || /업무사례/부산금곡역법무사::부산 화명동 업무 사례,지역별 업무 사례>/업무사례/지역별 || 전체 업무 사례>/업무사례 || 북구 법무사>/북구법무사 || 북구 업무 사례>/업무사례/북구법무사 || 부산 구포동 업무 사례>/업무사례/부산구포동법무사 || 부산 금곡동 업무 사례>/업무사례/부산금곡동법무사 || 부산 덕천동 업무 사례>/업무사례/부산덕천동법무사 || 소유권이전등기>/부산소유권이전등기 || 임원변경등기>/부산임원변경등기 || 부산에서 법무사 찾을 때 허브로 돌아가기>/부산법무사 || 해운대·센텀 법무사 상담>/해운대법무사 || 센텀 법인·부동산 등기>/센텀법무사,홈 > 업무 사례 > 지역별 업무 사례 > 북구 > 부산 화명동 업무 사례,yes,WebPage+FAQ,,SERP_UNVERIFIED,other,case,"부산화명동에서법무사업무사례와상담절차를찾으시는분을위한안내입니다.북구화명동일대는화명·덕천·만덕등주거밀집지역으로,아파트소유권이전·상속·근저당설정·말소"
/업무사례/부산근대역사관법무사,generated,"index,follow",no,/업무사례/부산근대역사관법무사,부산근대역사관 업무 사례 | 원도심 … | 다옴법무사사무소,부산근대역사관 업무 사례 안내. 원도심 단독·다가구 상속. 다옴법무사사무소 안윤정 법무사. 중구 원도심 문화시설 인근 주거·상가 등기 상담이 이어지는 구간입니다.,부산근대역사관 업무 사례 | 원도심 … | 다옴법무사사무소,부산근대역사관 업무 사례 안내. 원도심 단독·다가구 상속. 다옴법무사사무소 안윤정 법무사. 중구 원도심 문화시설 인근 주거·상가 등기 상담이 이어지는 구간입니다.,부산근대역사관 업무 사례 | 원도심 단독·다가구 상속,부산근대역사관에서 자주 문의되는 업무 | 참고용 업무 사례 | 상담 전 확인할 내용 | 방문·비대면 진행 안내 | 관련 지역 | 관련 업무,"부산근대역사관에서 법무사 업무 사례와 상담 절차를 찾으시는 분을 위한 안내입니다. 중구 원도심 문화시설 인근 주거·상가 등기 상담이 이어지는 구간입니다. 부산근대역사관에서 법무사 업무 사례와 상담 절차를 찾으시는 분을 위한 안내입니다. 중구 원도심 문화시설 인근 주거·상가 등기 상담이 이어지는 구간입니다. 부산근대역사관 일대에서는 소규모 필지·상가의 권리관계 확인 , 숙박·상가 등 관광 상권 부동산등기 문의가 이어집니다. 다옴법무사사무소 안윤정 법무사는 부산 해운대·센텀에서 부산근대역사관 의뢰인의 상속등기·부동산등기·법인등기·개인회생 상담을 진행합니다. 확인되지 않은 실적이나 무조건적인 처리를 약속하지 않으며, 서류와 일정을 확인한 뒤 가능 범위를 안내합니다. 문의 개요(업무 종류·소재지·일정) 전달 등기부·관할·서류 상태 확인 진행 방식·견적 범위 안내 신청·접수·보정·완료 공유 업무 종류와 희망 일정 부동산·법인 소재지(대략) 상속인·당사자 관계(해당 시) 최근 등기부 열람 정보",476,0,,지역별 업무 사례>/업무사례/지역별 || 전체 업무 사례>/업무사례 || 중구 법무사>/중구법무사 || 중구 업무 사례>/업무사례/중구법무사 || 부산 영주동 업무 사례>/업무사례/부산영주동법무사 || 부산 대청동 업무 사례>/업무사례/부산대청동법무사 || 부산 동광동 업무 사례>/업무사례/부산동광동법무사 || 부산 상속등기>/부산상속등기 || 부산 부동산등기>/부산부동산등기 || 부산에서 법무사 찾을 때 허브로 돌아가기>/부산법무사 || 해운대·센텀 법무사 상담>/해운대법무사 || 센텀 법인·부동산 등기>/센텀법무사,홈 > 업무 사례 > 지역별 업무 사례 > 중구 > 부산근대역사관 업무 사례,no,WebPage+FAQ,,SERP_UNVERIFIED,other,case,부산근대역사관에서법무사업무사례와상담절차를찾으시는분을위한안내입니다.중구원도심문화시설인근주거·상가등기상담이이어지는구간입니다.부산근대역사관에서법무사업
/업무사례/부산시민공원법무사,generated,"index,follow",yes,/업무사례/부산시민공원법무사,부산시민공원 업무 사례 | 아파트·주택 상속·이전 | 다옴법무사사무소,부산시민공원 업무 사례 안내. 아파트·주택 상속·이전. 다옴법무사사무소 안윤정 법무사. 시민공원 인근 주거 단지의 이전·상속등기 문의가 있는 생활권입니다.,부산시민공원 업무 사례 | 아파트·주택 상속·이전 | 다옴법무사사무소,부산시민공원 업무 사례 안내. 아파트·주택 상속·이전. 다옴법무사사무소 안윤정 법무사. 시민공원 인근 주거 단지의 이전·상속등기 문의가 있는 생활권입니다.,부산시민공원 업무 사례 | 아파트·주택 상속·이전,부산시민공원에서 자주 문의되는 업무 | 참고용 업무 사례 | 상담 전 확인할 내용 | 방문·비대면 진행 안내 | 관련 지역 | 관련 업무,"부산시민공원에서 법무사 업무 사례와 상담 절차를 찾으시는 분을 위한 안내입니다. 시민공원 인근 주거 단지의 이전·상속등기 문의가 있는 생활권입니다. 부산시민공원에서 법무사 업무 사례와 상담 절차를 찾으시는 분을 위한 안내입니다. 시민공원 인근 주거 단지의 이전·상속등기 문의가 있는 생활권입니다. 부산시민공원 일대에서는 법인설립·임원변경등기 , 개인회생·파산 관련 상담 문의가 이어집니다. 다옴법무사사무소 안윤정 법무사는 부산 해운대·센텀에서 부산시민공원 의뢰인의 상속등기·부동산등기·법인등기·개인회생 상담을 진행합니다. 확인되지 않은 실적이나 무조건적인 처리를 약속하지 않으며, 서류와 일정을 확인한 뒤 가능 범위를 안내합니다. 문의 개요(업무 종류·소재지·일정) 전달 등기부·관할·서류 상태 확인 진행 방식·견적 범위 안내 신청·접수·보정·완료 공유 업무 종류와 희망 일정 부동산·법인 소재지(대략) 상속인·당사자 관계(해당 시) 최근 등기부 열람 정보(가능 시) 매매·잔금이면 계약일·잔금",462,0,,지역별 업무 사례>/업무사례/지역별 || 전체 업무 사례>/업무사례 || 부산진구 법무사>/부산진구법무사 || 부산진구 업무 사례>/업무사례/부산진구법무사 || 부산 가야동 업무 사례>/업무사례/부산가야동법무사 || 부산 개금동 업무 사례>/업무사례/부산개금동법무사 || 부산 당감동 업무 사례>/업무사례/부산당감동법무사 || 부산 법인등기>/부산법인등기 || 부산 개인회생>/부산개인회생 || 부산에서 법무사 찾을 때 허브로 돌아가기>/부산법무사 || 해운대·센텀 법무사 상담>/해운대법무사 || 센텀 법인·부동산 등기>/센텀법무사,홈 > 업무 사례 > 지역별 업무 사례 > 부산진구 > 부산시민공원 업무 사례,yes,WebPage+FAQ,,SERP_UNVERIFIED,other,case,부산시민공원에서법무사업무사례와상담절차를찾으시는분을위한안내입니다.시민공원인근주거단지의이전·상속등기문의가있는생활권입니다.부산시민공원에서법무사업무사례
/업무사례/부산온천장법무사,generated,"index,follow",yes,/업무사례/부산온천장법무사,부산 온천장 업무 사례 | 원도심 단… | 다옴법무사사무소,부산 온천장 업무 사례 안내. 원도심 단독·다가구 상속. 다옴법무사사무소 안윤정 법무사. 온천장 전통 생활권의 상가·주택 권리 정리 문의가 있습니다.,부산 온천장 업무 사례 | 원도심 단… | 다옴법무사사무소,부산 온천장 업무 사례 안내. 원도심 단독·다가구 상속. 다옴법무사사무소 안윤정 법무사. 온천장 전통 생활권의 상가·주택 권리 정리 문의가 있습니다.,부산 온천장 업무 사례 | 원도심 단독·다가구 상속,부산 온천장에서 자주 문의되는 업무 | 참고용 업무 사례 | 상담 전 확인할 내용 | 방문·비대면 진행 안내 | 관련 지역 | 관련 업무,"부산 온천장에서 법무사 업무 사례와 상담 절차를 찾으시는 분을 위한 안내입니다. 온천장 전통 생활권의 상가·주택 권리 정리 문의가 있습니다. 부산 온천장에서 법무사 업무 사례와 상담 절차를 찾으시는 분을 위한 안내입니다. 온천장 전통 생활권의 상가·주택 권리 정리 문의가 있습니다. 부산 온천장 일대에서는 근저당 설정·말소와 잔금일 일정 조율 , 원도심 단독·다가구 상속등기 문의가 이어집니다. 다옴법무사사무소 안윤정 법무사는 부산 해운대·센텀에서 부산 온천장 의뢰인의 상속등기·부동산등기·법인등기·개인회생 상담을 진행합니다. 확인되지 않은 실적이나 무조건적인 처리를 약속하지 않으며, 서류와 일정을 확인한 뒤 가능 범위를 안내합니다. 문의 개요(업무 종류·소재지·일정) 전달 등기부·관할·서류 상태 확인 진행 방식·견적 범위 안내 신청·접수·보정·완료 공유 업무 종류와 희망 일정 부동산·법인 소재지(대략) 상속인·당사자 관계(해당 시) 최근 등기부 열람 정보(가능 시) 매매·잔금이면 계약일",490,0,,지역별 업무 사례>/업무사례/지역별 || 전체 업무 사례>/업무사례 || 동래구 법무사>/동래구법무사 || 동래구 업무 사례>/업무사례/동래구법무사 || 부산 낙민동 업무 사례>/업무사례/부산낙민동법무사 || 부산 명장동 업무 사례>/업무사례/부산명장동법무사 || 부산 명륜동 업무 사례>/업무사례/부산명륜동법무사 || 소유권이전등기>/부산소유권이전등기 || 임원변경등기>/부산임원변경등기 || 부산에서 법무사 찾을 때 허브로 돌아가기>/부산법무사 || 해운대·센텀 법무사 상담>/해운대법무사 || 센텀 법인·부동산 등기>/센텀법무사,홈 > 업무 사례 > 지역별 업무 사례 > 동래구 > 부산 온천장 업무 사례,yes,WebPage+FAQ,,SERP_UNVERIFIED,other,case,부산온천장에서법무사업무사례와상담절차를찾으시는분을위한안내입니다.온천장전통생활권의상가·주택권리정리문의가있습니다.부산온천장에서법무사업무사례와상담절차를
/업무사례/부산사직야구장법무사,generated,"index,follow",no,/업무사례/부산사직야구장법무사,부산 사직야구장 업무 사례 | 아파트… | 다옴법무사사무소,부산 사직야구장 업무 사례 안내. 아파트·주택 상속·이전. 다옴법무사사무소 안윤정 법무사. 사직 일대 주거·상가 생활권의 부동산 상담이 있습니다.,부산 사직야구장 업무 사례 | 아파트… | 다옴법무사사무소,부산 사직야구장 업무 사례 안내. 아파트·주택 상속·이전. 다옴법무사사무소 안윤정 법무사. 사직 일대 주거·상가 생활권의 부동산 상담이 있습니다.,부산 사직야구장 업무 사례 | 아파트·주택 상속·이전,부산 사직야구장에서 자주 문의되는 업무 | 참고용 업무 사례 | 상담 전 확인할 내용 | 방문·비대면 진행 안내 | 관련 지역 | 관련 업무,"부산 사직야구장에서 법무사 업무 사례와 상담 절차를 찾으시는 분을 위한 안내입니다. 사직 일대 주거·상가 생활권의 부동산 상담이 있습니다. 부산 사직야구장에서 법무사 업무 사례와 상담 절차를 찾으시는 분을 위한 안내입니다. 사직 일대 주거·상가 생활권의 부동산 상담이 있습니다. 부산 사직야구장 일대에서는 관광지 인근 주택 매매등기 , 아파트·다세대 소유권이전등기 문의가 이어집니다. 다옴법무사사무소 안윤정 법무사는 부산 해운대·센텀에서 부산 사직야구장 의뢰인의 상속등기·부동산등기·법인등기·개인회생 상담을 진행합니다. 확인되지 않은 실적이나 무조건적인 처리를 약속하지 않으며, 서류와 일정을 확인한 뒤 가능 범위를 안내합니다. 문의 개요(업무 종류·소재지·일정) 전달 등기부·관할·서류 상태 확인 진행 방식·견적 범위 안내 신청·접수·보정·완료 공유 업무 종류와 희망 일정 부동산·법인 소재지(대략) 상속인·당사자 관계(해당 시) 최근 등기부 열람 정보(가능 시) 초기 상담에는 주민등록번호·",485,0,,지역별 업무 사례>/업무사례/지역별 || 전체 업무 사례>/업무사례 || 동래구 법무사>/동래구법무사 || 동래구 업무 사례>/업무사례/동래구법무사 || 부산 낙민동 업무 사례>/업무사례/부산낙민동법무사 || 부산 명장동 업무 사례>/업무사례/부산명장동법무사 || 부산 명륜동 업무 사례>/업무사례/부산명륜동법무사 || 임원변경등기>/부산임원변경등기 || 신축건물 보존등기>/부산신축건물보존등기 || 부산에서 법무사 찾을 때 허브로 돌아가기>/부산법무사 || 해운대·센텀 법무사 상담>/해운대법무사 || 센텀 법인·부동산 등기>/센텀법무사,홈 > 업무 사례 > 지역별 업무 사례 > 동래구 > 부산 사직야구장 업무 사례,no,WebPage+FAQ,,SERP_UNVERIFIED,other,case,부산사직야구장에서법무사업무사례와상담절차를찾으시는분을위한안내입니다.사직일대주거·상가생활권의부동산상담이있습니다.부산사직야구장에서법무사업무사례와상담절
/업무사례/부산동래구청법무사,generated,"index,follow",no,/업무사례/부산동래구청법무사,부산 동래구청 업무 사례 | 아파트·… | 다옴법무사사무소,부산 동래구청 업무 사례 안내. 아파트·주택 상속·이전. 다옴법무사사무소 안윤정 법무사. 구청 인근 행정·주거 생활권의 등기 문의가 이어집니다.,부산 동래구청 업무 사례 | 아파트·… | 다옴법무사사무소,부산 동래구청 업무 사례 안내. 아파트·주택 상속·이전. 다옴법무사사무소 안윤정 법무사. 구청 인근 행정·주거 생활권의 등기 문의가 이어집니다.,부산 동래구청 업무 사례 | 아파트·주택 상속·이전,부산 동래구청에서 자주 문의되는 업무 | 참고용 업무 사례 | 상담 전 확인할 내용 | 방문·비대면 진행 안내 | 관련 지역 | 관련 업무,"부산 동래구청에서 법무사 업무 사례와 상담 절차를 찾으시는 분을 위한 안내입니다. 구청 인근 행정·주거 생활권의 등기 문의가 이어집니다. 부산 동래구청에서 법무사 업무 사례와 상담 절차를 찾으시는 분을 위한 안내입니다. 구청 인근 행정·주거 생활권의 등기 문의가 이어집니다. 부산 동래구청 일대에서는 법인설립·임원변경등기 , 개인회생·파산 관련 상담 문의가 이어집니다. 다옴법무사사무소 안윤정 법무사는 부산 해운대·센텀에서 부산 동래구청 의뢰인의 상속등기·부동산등기·법인등기·개인회생 상담을 진행합니다. 확인되지 않은 실적이나 무조건적인 처리를 약속하지 않으며, 서류와 일정을 확인한 뒤 가능 범위를 안내합니다. 문의 개요(업무 종류·소재지·일정) 전달 등기부·관할·서류 상태 확인 진행 방식·견적 범위 안내 신청·접수·보정·완료 공유 업무 종류와 희망 일정 부동산·법인 소재지(대략) 상속인·당사자 관계(해당 시) 최근 등기부 열람 정보(가능 시) 상속이면 피상속인·상속인 관계와 사망일을 정",476,0,,지역별 업무 사례>/업무사례/지역별 || 전체 업무 사례>/업무사례 || 동래구 법무사>/동래구법무사 || 동래구 업무 사례>/업무사례/동래구법무사 || 부산 낙민동 업무 사례>/업무사례/부산낙민동법무사 || 부산 명장동 업무 사례>/업무사례/부산명장동법무사 || 부산 명륜동 업무 사례>/업무사례/부산명륜동법무사 || 임원변경등기>/부산임원변경등기 || 신축건물 보존등기>/부산신축건물보존등기 || 부산에서 법무사 찾을 때 허브로 돌아가기>/부산법무사 || 해운대·센텀 법무사 상담>/해운대법무사 || 센텀 법인·부동산 등기>/센텀법무사,홈 > 업무 사례 > 지역별 업무 사례 > 동래구 > 부산 동래구청 업무 사례,no,WebPage+FAQ,,SERP_UNVERIFIED,other,case,부산동래구청에서법무사업무사례와상담절차를찾으시는분을위한안내입니다.구청인근행정·주거생활권의등기문의가이어집니다.부산동래구청에서법무사업무사례와상담절차를
/업무사례/부산동래문화회관법무사,generated,"index,follow",no,/업무사례/부산동래문화회관법무사,부산 동래문화회관 업무 사례 | 아파… | 다옴법무사사무소,부산 동래문화회관 업무 사례 안내. 아파트·주택 상속·이전. 다옴법무사사무소 안윤정 법무사. 동래 문화시설 인근 주거 등기 상담 구간입…,부산 동래문화회관 업무 사례 | 아파… | 다옴법무사사무소,부산 동래문화회관 업무 사례 안내. 아파트·주택 상속·이전. 다옴법무사사무소 안윤정 법무사. 동래 문화시설 인근 주거 등기 상담 구간입…,부산 동래문화회관 업무 사례 | 아파트·주택 상속·이전,부산 동래문화회관에서 자주 문의되는 업무 | 참고용 업무 사례 | 상담 전 확인할 내용 | 방문·비대면 진행 안내 | 관련 지역 | 관련 업무,"부산 동래문화회관에서 법무사 업무 사례와 상담 절차를 찾으시는 분을 위한 안내입니다. 동래 문화시설 인근 주거 등기 상담 구간입니다. 부산 동래문화회관에서 법무사 업무 사례와 상담 절차를 찾으시는 분을 위한 안내입니다. 동래 문화시설 인근 주거 등기 상담 구간입니다. 부산 동래문화회관 일대에서는 상속등기·상속포기·한정승인 상담 , 부동산 매매·증여 이전등기 문의가 이어집니다. 다옴법무사사무소 안윤정 법무사는 부산 해운대·센텀에서 부산 동래문화회관 의뢰인의 상속등기·부동산등기·법인등기·개인회생 상담을 진행합니다. 확인되지 않은 실적이나 무조건적인 처리를 약속하지 않으며, 서류와 일정을 확인한 뒤 가능 범위를 안내합니다. 문의 개요(업무 종류·소재지·일정) 전달 등기부·관할·서류 상태 확인 진행 방식·견적 범위 안내 신청·접수·보정·완료 공유 업무 종류와 희망 일정 부동산·법인 소재지(대략) 상속인·당사자 관계(해당 시) 최근 등기부 열람 정보(가능 시) 최근 등기부등본(열람)으로 소유",468,0,,지역별 업무 사례>/업무사례/지역별 || 전체 업무 사례>/업무사례 || 동래구 법무사>/동래구법무사 || 동래구 업무 사례>/업무사례/동래구법무사 || 부산 낙민동 업무 사례>/업무사례/부산낙민동법무사 || 부산 명장동 업무 사례>/업무사례/부산명장동법무사 || 부산 명륜동 업무 사례>/업무사례/부산명륜동법무사 || 신축건물 보존등기>/부산신축건물보존등기 || 상담 문의>/contact || 부산에서 법무사 찾을 때 허브로 돌아가기>/부산법무사 || 해운대·센텀 법무사 상담>/해운대법무사 || 센텀 법인·부동산 등기>/센텀법무사,홈 > 업무 사례 > 지역별 업무 사례 > 동래구 > 부산 동래문화회관 업무 사례,no,WebPage+FAQ,,SERP_UNVERIFIED,other,case,부산동래문화회관에서법무사업무사례와상담절차를찾으시는분을위한안내입니다.동래문화시설인근주거등기상담구간입니다.부산동래문화회관에서법무사업무사례와상담절차를
/업무사례/부산북구청법무사,generated,"index,follow",no,/업무사례/부산북구청법무사,부산 북구청 업무 사례 | 아파트·주택 상속·이전 | 다옴법무사사무소,부산 북구청 업무 사례 안내. 아파트·주택 상속·이전. 다옴법무사사무소 안윤정 법무사. 북구청 인근 행정·주거 생활권의 등기 상담입니다. 해운대·센텀 다옴법무사사무소에서 전화·카카오톡·방문(예약) 상담이 가능합니다.,부산 북구청 업무 사례 | 아파트·주택 상속·이전 | 다옴법무사사무소,부산 북구청 업무 사례 안내. 아파트·주택 상속·이전. 다옴법무사사무소 안윤정 법무사. 북구청 인근 행정·주거 생활권의 등기 상담입니다. 해운대·센텀 다옴법무사사무소에서 전화·카카오톡·방문(예약) 상담이 가능합니다.,부산 북구청 업무 사례 | 아파트·주택 상속·이전,부산 북구청에서 자주 문의되는 업무 | 참고용 업무 사례 | 상담 전 확인할 내용 | 방문·비대면 진행 안내 | 관련 지역 | 관련 업무,"부산 북구청에서 법무사 업무 사례와 상담 절차를 찾으시는 분을 위한 안내입니다. 북구청 인근 행정·주거 생활권의 등기 상담입니다. 부산 북구청에서 법무사 업무 사례와 상담 절차를 찾으시는 분을 위한 안내입니다. 북구청 인근 행정·주거 생활권의 등기 상담입니다. 부산 북구청 일대에서는 아파트·다세대 소유권이전등기 , 공동상속인 협의 후 상속등기 문의가 이어집니다. 다옴법무사사무소 안윤정 법무사는 부산 해운대·센텀에서 부산 북구청 의뢰인의 상속등기·부동산등기·법인등기·개인회생 상담을 진행합니다. 확인되지 않은 실적이나 무조건적인 처리를 약속하지 않으며, 서류와 일정을 확인한 뒤 가능 범위를 안내합니다. 문의 개요(업무 종류·소재지·일정) 전달 등기부·관할·서류 상태 확인 진행 방식·견적 범위 안내 신청·접수·보정·완료 공유 업무 종류와 희망 일정 부동산·법인 소재지(대략) 상속인·당사자 관계(해당 시) 최근 등기부 열람 정보(가능 시) 초기 상담에는 주민등록번호·등기필정보 등 민감 원본",476,0,,지역별 업무 사례>/업무사례/지역별 || 전체 업무 사례>/업무사례 || 북구 법무사>/북구법무사 || 북구 업무 사례>/업무사례/북구법무사 || 부산 구포동 업무 사례>/업무사례/부산구포동법무사 || 부산 금곡동 업무 사례>/업무사례/부산금곡동법무사 || 부산 덕천동 업무 사례>/업무사례/부산덕천동법무사 || 부산 개인회생>/부산개인회생 || 소유권이전등기>/부산소유권이전등기 || 부산에서 법무사 찾을 때 허브로 돌아가기>/부산법무사 || 해운대·센텀 법무사 상담>/해운대법무사 || 센텀 법인·부동산 등기>/센텀법무사,홈 > 업무 사례 > 지역별 업무 사례 > 북구 > 부산 북구청 업무 사례,no,WebPage+FAQ,,SERP_UNVERIFIED,other,case,부산북구청에서법무사업무사례와상담절차를찾으시는분을위한안내입니다.북구청인근행정·주거생활권의등기상담입니다.부산북구청에서법무사업무사례와상담절차를찾으시는
/업무사례/부산삼락생태공원법무사,generated,"index,follow",no,/업무사례/부산삼락생태공원법무사,부산 삼락생태공원 업무 사례 | 아파… | 다옴법무사사무소,부산 삼락생태공원 업무 사례 안내. 아파트·주택 상속·이전. 다옴법무사사무소 안윤정 법무사. 삼락 일대 주거·근린 생활권의 부동산 상담…,부산 삼락생태공원 업무 사례 | 아파… | 다옴법무사사무소,부산 삼락생태공원 업무 사례 안내. 아파트·주택 상속·이전. 다옴법무사사무소 안윤정 법무사. 삼락 일대 주거·근린 생활권의 부동산 상담…,부산 삼락생태공원 업무 사례 | 아파트·주택 상속·이전,부산 삼락생태공원에서 자주 문의되는 업무 | 참고용 업무 사례 | 상담 전 확인할 내용 | 방문·비대면 진행 안내 | 관련 지역 | 관련 업무,"부산 삼락생태공원에서 법무사 업무 사례와 상담 절차를 찾으시는 분을 위한 안내입니다. 삼락 일대 주거·근린 생활권의 부동산 상담입니다. 부산 삼락생태공원에서 법무사 업무 사례와 상담 절차를 찾으시는 분을 위한 안내입니다. 삼락 일대 주거·근린 생활권의 부동산 상담입니다. 부산 삼락생태공원 일대에서는 아파트·다세대 소유권이전등기 , 공동상속인 협의 후 상속등기 문의가 이어집니다. 다옴법무사사무소 안윤정 법무사는 부산 해운대·센텀에서 부산 삼락생태공원 의뢰인의 상속등기·부동산등기·법인등기·개인회생 상담을 진행합니다. 확인되지 않은 실적이나 무조건적인 처리를 약속하지 않으며, 서류와 일정을 확인한 뒤 가능 범위를 안내합니다. 문의 개요(업무 종류·소재지·일정) 전달 등기부·관할·서류 상태 확인 진행 방식·견적 범위 안내 신청·접수·보정·완료 공유 업무 종류와 희망 일정 부동산·법인 소재지(대략) 상속인·당사자 관계(해당 시) 최근 등기부 열람 정보(가능 시) 매매·잔금이면 계약일·잔금일·",476,0,,지역별 업무 사례>/업무사례/지역별 || 전체 업무 사례>/업무사례 || 사상구 법무사>/사상구법무사 || 사상구 업무 사례>/업무사례/사상구법무사 || 부산 감전동 업무 사례>/업무사례/부산감전동법무사 || 부산 괘법동 업무 사례>/업무사례/부산괘법동법무사 || 부산 덕포동 업무 사례>/업무사례/부산덕포동법무사 || 부산 법인등기>/부산법인등기 || 부산 개인회생>/부산개인회생 || 부산에서 법무사 찾을 때 허브로 돌아가기>/부산법무사 || 해운대·센텀 법무사 상담>/해운대법무사 || 센텀 법인·부동산 등기>/센텀법무사,홈 > 업무 사례 > 지역별 업무 사례 > 사상구 > 부산 삼락생태공원 업무 사례,no,WebPage+FAQ,,SERP_UNVERIFIED,other,case,부산삼락생태공원에서법무사업무사례와상담절차를찾으시는분을위한안내입니다.삼락일대주거·근린생활권의부동산상담입니다.부산삼락생태공원에서법무사업무사례와상담절
/업무사례/부산금정구청법무사,generated,"index,follow",no,/업무사례/부산금정구청법무사,부산 금정구청 업무 사례 | 아파트·… | 다옴법무사사무소,부산 금정구청 업무 사례 안내. 아파트·주택 상속·이전. 다옴법무사사무소 안윤정 법무사. 구청 인근 행정·주거 생활권의 등기 상담입니다. 해운대·센텀 다옴법무사사무소에서 전화·카카오톡·방문(예약) 상담이 가능합니다.,부산 금정구청 업무 사례 | 아파트·… | 다옴법무사사무소,부산 금정구청 업무 사례 안내. 아파트·주택 상속·이전. 다옴법무사사무소 안윤정 법무사. 구청 인근 행정·주거 생활권의 등기 상담입니다. 해운대·센텀 다옴법무사사무소에서 전화·카카오톡·방문(예약) 상담이 가능합니다.,부산 금정구청 업무 사례 | 아파트·주택 상속·이전,부산 금정구청에서 자주 문의되는 업무 | 참고용 업무 사례 | 상담 전 확인할 내용 | 방문·비대면 진행 안내 | 관련 지역 | 관련 업무,"부산 금정구청에서 법무사 업무 사례와 상담 절차를 찾으시는 분을 위한 안내입니다. 구청 인근 행정·주거 생활권의 등기 상담입니다. 부산 금정구청에서 법무사 업무 사례와 상담 절차를 찾으시는 분을 위한 안내입니다. 구청 인근 행정·주거 생활권의 등기 상담입니다. 부산 금정구청 일대에서는 상속등기·상속포기·한정승인 상담 , 부동산 매매·증여 이전등기 문의가 이어집니다. 다옴법무사사무소 안윤정 법무사는 부산 해운대·센텀에서 부산 금정구청 의뢰인의 상속등기·부동산등기·법인등기·개인회생 상담을 진행합니다. 확인되지 않은 실적이나 무조건적인 처리를 약속하지 않으며, 서류와 일정을 확인한 뒤 가능 범위를 안내합니다. 문의 개요(업무 종류·소재지·일정) 전달 등기부·관할·서류 상태 확인 진행 방식·견적 범위 안내 신청·접수·보정·완료 공유 업무 종류와 희망 일정 부동산·법인 소재지(대략) 상속인·당사자 관계(해당 시) 최근 등기부 열람 정보(가능 시) 법인이면 본점 소재지·변경 사유·의결 진행 여",478,0,,지역별 업무 사례>/업무사례/지역별 || 전체 업무 사례>/업무사례 || 금정구 법무사>/금정구법무사 || 금정구 업무 사례>/업무사례/금정구법무사 || 부산 금사동 업무 사례>/업무사례/부산금사동법무사 || 부산 금성동 업무 사례>/업무사례/부산금성동법무사 || 부산 구서동 업무 사례>/업무사례/부산구서동법무사 || 상담 문의>/contact || 부산 상속등기>/부산상속등기 || 부산에서 법무사 찾을 때 허브로 돌아가기>/부산법무사 || 해운대·센텀 법무사 상담>/해운대법무사 || 센텀 법인·부동산 등기>/센텀법무사,홈 > 업무 사례 > 지역별 업무 사례 > 금정구 > 부산 금정구청 업무 사례,no,WebPage+FAQ,,SERP_UNVERIFIED,other,case,부산금정구청에서법무사업무사례와상담절차를찾으시는분을위한안내입니다.구청인근행정·주거생활권의등기상담입니다.부산금정구청에서법무사업무사례와상담절차를찾으시
/업무사례/부산연제구청법무사,generated,"index,follow",no,/업무사례/부산연제구청법무사,부산 연제구청 업무 사례 | 아파트·… | 다옴법무사사무소,부산 연제구청 업무 사례 안내. 아파트·주택 상속·이전. 다옴법무사사무소 안윤정 법무사. 구청 인근 행정·주거 생활권의 등기 상담입니다. 해운대·센텀 다옴법무사사무소에서 전화·카카오톡·방문(예약) 상담이 가능합니다.,부산 연제구청 업무 사례 | 아파트·… | 다옴법무사사무소,부산 연제구청 업무 사례 안내. 아파트·주택 상속·이전. 다옴법무사사무소 안윤정 법무사. 구청 인근 행정·주거 생활권의 등기 상담입니다. 해운대·센텀 다옴법무사사무소에서 전화·카카오톡·방문(예약) 상담이 가능합니다.,부산 연제구청 업무 사례 | 아파트·주택 상속·이전,부산 연제구청에서 자주 문의되는 업무 | 참고용 업무 사례 | 상담 전 확인할 내용 | 방문·비대면 진행 안내 | 관련 지역 | 관련 업무,"부산 연제구청에서 법무사 업무 사례와 상담 절차를 찾으시는 분을 위한 안내입니다. 구청 인근 행정·주거 생활권의 등기 상담입니다. 부산 연제구청에서 법무사 업무 사례와 상담 절차를 찾으시는 분을 위한 안내입니다. 구청 인근 행정·주거 생활권의 등기 상담입니다. 부산 연제구청 일대에서는 개인회생·파산 관련 상담 , 아파트·다세대 소유권이전등기 문의가 이어집니다. 다옴법무사사무소 안윤정 법무사는 부산 해운대·센텀에서 부산 연제구청 의뢰인의 상속등기·부동산등기·법인등기·개인회생 상담을 진행합니다. 확인되지 않은 실적이나 무조건적인 처리를 약속하지 않으며, 서류와 일정을 확인한 뒤 가능 범위를 안내합니다. 문의 개요(업무 종류·소재지·일정) 전달 등기부·관할·서류 상태 확인 진행 방식·견적 범위 안내 신청·접수·보정·완료 공유 업무 종류와 희망 일정 부동산·법인 소재지(대략) 상속인·당사자 관계(해당 시) 최근 등기부 열람 정보(가능 시) 매매·잔금이면 계약일·잔금일·대출 실행 여부를 알려",480,0,,지역별 업무 사례>/업무사례/지역별 || 전체 업무 사례>/업무사례 || 연제구 법무사>/연제구법무사 || 연제구 업무 사례>/업무사례/연제구법무사 || 부산 거제동 업무 사례>/업무사례/부산거제동법무사 || 부산 연산동 업무 사례>/업무사례/부산연산동법무사 || 부산시청 업무 사례>/업무사례/부산시청법무사 || 부산 상속등기>/부산상속등기 || 부산 부동산등기>/부산부동산등기 || 부산에서 법무사 찾을 때 허브로 돌아가기>/부산법무사 || 해운대·센텀 법무사 상담>/해운대법무사 || 센텀 법인·부동산 등기>/센텀법무사,홈 > 업무 사례 > 지역별 업무 사례 > 연제구 > 부산 연제구청 업무 사례,no,WebPage+FAQ,,SERP_UNVERIFIED,other,case,부산연제구청에서법무사업무사례와상담절차를찾으시는분을위한안내입니다.구청인근행정·주거생활권의등기상담입니다.부산연제구청에서법무사업무사례와상담절차를찾으시
/업무사례/부산기장군청법무사,generated,"index,follow",no,/업무사례/부산기장군청법무사,부산 기장군청 업무 사례 | 아파트·… | 다옴법무사사무소,부산 기장군청 업무 사례 안내. 아파트·주택 상속·이전. 다옴법무사사무소 안윤정 법무사. 군청 인근 행정·주거 생활권의 등기 상담입니다. 해운대·센텀 다옴법무사사무소에서 전화·카카오톡·방문(예약) 상담이 가능합니다.,부산 기장군청 업무 사례 | 아파트·… | 다옴법무사사무소,부산 기장군청 업무 사례 안내. 아파트·주택 상속·이전. 다옴법무사사무소 안윤정 법무사. 군청 인근 행정·주거 생활권의 등기 상담입니다. 해운대·센텀 다옴법무사사무소에서 전화·카카오톡·방문(예약) 상담이 가능합니다.,부산 기장군청 업무 사례 | 아파트·주택 상속·이전,부산 기장군청에서 자주 문의되는 업무 | 참고용 업무 사례 | 상담 전 확인할 내용 | 방문·비대면 진행 안내 | 관련 지역 | 관련 업무,"부산 기장군청에서 법무사 업무 사례와 상담 절차를 찾으시는 분을 위한 안내입니다. 군청 인근 행정·주거 생활권의 등기 상담입니다. 부산 기장군청에서 법무사 업무 사례와 상담 절차를 찾으시는 분을 위한 안내입니다. 군청 인근 행정·주거 생활권의 등기 상담입니다. 부산 기장군청 일대에서는 상속등기·상속포기·한정승인 상담 , 부동산 매매·증여 이전등기 문의가 이어집니다. 다옴법무사사무소 안윤정 법무사는 부산 해운대·센텀에서 부산 기장군청 의뢰인의 상속등기·부동산등기·법인등기·개인회생 상담을 진행합니다. 확인되지 않은 실적이나 무조건적인 처리를 약속하지 않으며, 서류와 일정을 확인한 뒤 가능 범위를 안내합니다. 문의 개요(업무 종류·소재지·일정) 전달 등기부·관할·서류 상태 확인 진행 방식·견적 범위 안내 신청·접수·보정·완료 공유 업무 종류와 희망 일정 부동산·법인 소재지(대략) 상속인·당사자 관계(해당 시) 최근 등기부 열람 정보(가능 시) 법인이면 본점 소재지·변경 사유·의결 진행 여",476,0,,지역별 업무 사례>/업무사례/지역별 || 전체 업무 사례>/업무사례 || 기장군 법무사>/기장군법무사 || 기장군 업무 사례>/업무사례/기장군법무사 || 부산 기장읍 업무 사례>/업무사례/부산기장읍법무사 || 부산 정관읍 업무 사례>/업무사례/부산정관읍법무사 || 부산 장안읍 업무 사례>/업무사례/부산장안읍법무사 || 부산 개인회생>/부산개인회생 || 소유권이전등기>/부산소유권이전등기 || 부산에서 법무사 찾을 때 허브로 돌아가기>/부산법무사 || 해운대·센텀 법무사 상담>/해운대법무사 || 센텀 법인·부동산 등기>/센텀법무사,홈 > 업무 사례 > 지역별 업무 사례 > 기장군 > 부산 기장군청 업무 사례,no,WebPage+FAQ,,SERP_UNVERIFIED,other,case,부산기장군청에서법무사업무사례와상담절차를찾으시는분을위한안내입니다.군청인근행정·주거생활권의등기상담입니다.부산기장군청에서법무사업무사례와상담절차를찾으시
/전국상속등기,generated,"index,follow",yes,/전국상속등기,전국 상속등기 법무사｜지역이 달라도 … | 다옴법무사사무소,"전국 상속등기 법무사 안내. 타지역·비대면 상속등기, 여러 지역 상속부동산, 관할 특례 검토. 부산 방문 없이 바로 상담·진행해 보세요. 해운대·센텀 다옴법무사사무소에서 전화·카카오톡·방문(예약) 상담이 가능합니다.",전국 상속등기 법무사｜지역이 달라도 … | 다옴법무사사무소,"전국 상속등기 법무사 안내. 타지역·비대면 상속등기, 여러 지역 상속부동산, 관할 특례 검토. 부산 방문 없이 바로 상담·진행해 보세요. 해운대·센텀 다옴법무사사무소에서 전화·카카오톡·방문(예약) 상담이 가능합니다.",전국 어디서나 맡길 수 있는 상속등기,전국 상속등기가 가능한 이유 | 상속등기 관할 특례를 쉬운 말로 | 부동산이 여러 지역에 있을 때 | 상속인이 서로 다른 지역에 거주할 때 | 서류 준비와 원본 전달 | 취득세·국민주택채권·등기비용 | 멀리 있어도 맡길 수 있는 이유,"부동산이 부산에 있지 않아도 상속등기를 바로 상담하고 진행할 수 있습니다. 상속·유증등기는 관할 특례가 적용되는 범위에서 소재지와 다른 등기소 신청까지 진행할 수 있습니다. 부동산이 부산에 있지 않아도 상속등기를 바로 상담하고 끝까지 진행할 수 있습니다. 상속등기는 관할 특례가 적용되는 범위에서 부동산 소재지와 다른 지역의 등기소를 통한 신청까지 이어갈 수 있어, 전국에 흩어진 부동산도 한 사무소에서 서류부터 신청까지 진행합니다. 상속인이 서로 다른 지역에 살아도, 서울에서 지방 부동산을 상속받아도 초기 상담은 전화·카카오톡으로 시작할 수 있습니다. 사망일·상속인·부동산 소재지 확인 상속포기·한정승인 검토 필요 여부 점검(별도 3개월 기간) 관할 특례·신청 등기소·서류 목록 안내 취득세·국민주택채권·등기비용과 보수 구분 안내 신청·보정·완료 공유 피상속인 가족관계·제적 관련 서류 상속인 인감·신분증·위임 관련 서류 부동산 등기부·토지·건축물대장 상속재산분할협의서(해당 시) 상속포기·",518,12,/방문없이준비하는상속등기::전국 상속등기 || /해외거주상속인::전국 상속등기 || /경상도비대면상속등기::전국 상속등기 || /상속인이여러지역에있는경우::전국 상속등기 || /부동산과거주지가다른상속등기::전국 상속등기 || /제주타지역상속인부동산::전국 상속등기 || /상속::전국 상속등기 || /services/inheritance-registration::전국 상속등기 안내 || /전국업무::전국 상속등기 진행 방법 || /전국업무::전국 상속등기 || /전국유증등기::전국 상속등기 진행 방법 || /여러지역상속부동산등기::전국 상속등기 진행 방법,상속등기 절차 상세>/services/inheritance-registration || 상속 종합 허브>/상속 || 여러 지역 상속부동산 정리>/여러지역상속부동산등기 || 전국 유증등기 안내>/전국유증등기 || 상속등기 비용 안내>/상속등기비용 || 전국 업무 전체 보기>/전국업무 || 부산에서 법무사 찾을 때 허브로 돌아가기>/부산법무사 || 해운대·센텀 법무사 상담>/해운대법무사 || 센텀 법인·부동산 등기>/센텀법무사 || 부산 여성 법무사 상담>/부산여성법무사 || 부산 상속등기 절차>/부산상속등기 || 부산 법인등기 안내>/부산법인등기,홈 > 전국 업무 > 전국 상속등기,yes,WebPage+FAQ,,SERP_UNVERIFIED,inheritance-supporting,pillar,부동산이부산에있지않아도상속등기를바로상담하고진행할수있습니다.상속·유증등기는관할특례가적용되는범위에서소재지와다른등기소신청까지진행할수있습니다.부동산이부
/여러지역상속부동산등기,generated,"index,follow",yes,/여러지역상속부동산등기,전국에 흩어진 상속부동산 등기｜여러 … | 다옴법무사사무소,서울·부산·경기·제주 등 여러 지역 상속부동산 등기. 등기부·시가·취득세·협의분할·일부 매도 일정을 한 곳에서 검토합니다. 해운대·센텀 다옴법무사사무소에서 전화·카카오톡·방문(예약) 상담이 가능합니다.,전국에 흩어진 상속부동산 등기｜여러 … | 다옴법무사사무소,서울·부산·경기·제주 등 여러 지역 상속부동산 등기. 등기부·시가·취득세·협의분할·일부 매도 일정을 한 곳에서 검토합니다. 해운대·센텀 다옴법무사사무소에서 전화·카카오톡·방문(예약) 상담이 가능합니다.,서울·부산·경기·제주에 흩어진 상속부동산을 한 번에 정리하려면,여러 시·도 부동산이 있을 때 생기는 문제 | 누락 방지 체크리스트 | 관할 특례 적용 가능 여부 | 멀리 있어도 맡길 수 있는 이유 | 상담 시 확인하는 내용,"여러 시·도에 아파트·토지·상가가 있으면 누락·취득세·협의 내용 불일치가 생기기 쉽습니다. 전국 상속등기 일반론과 달리, 복수 부동산 정리에 집중합니다. 여러 시·도에 아파트·토지·상가가 있으면 부동산마다 등기부·시가표준액·취득세 신고 단위가 달라질 수 있습니다. 협의분할을 여러 부동산에 동일하게 적용할지, 일부만 특정 상속인이 받을지도 처음부터 맞춰야 합니다. 전국 부동산 목록·누락 체크 부동산별 등기부·권리제한 확인 협의분할·지분·매도 일정 정리 관할 특례·신청 묶음 가능성 검토 취득세·비용·접수 일정 안내 부동산 주소·종류 목록 각 부동산 등기부 협의분할 초안 또는 합의 요지 매도·담보 예정 여부 부동산 누락 방지 체크리스트를 먼저 작성합니다. 취득세 신고가 지역별로 달라질 수 있음을 사전 안내합니다. 여러 시·도 부동산이 있을 때 생기는 문제 등기부 누락, 시가 기준 혼동, 취득세 신고 단위, 협의 내용 불일치, 일부 매도 일정 충돌이 대표적입니다. 누락 방지 체크리스트 주소",351,10,/방문없이준비하는상속등기::여러 지역 상속부동산 || /오래된상속토지정리::여러 지역 상속부동산 || /상속인이여러지역에있는경우::여러 지역 상속부동산 등기 || /부동산과거주지가다른상속등기::여러 지역 상속부동산 || /제주타지역상속인부동산::여러 지역 상속부동산 || /상속::여러 지역 상속부동산 || /services/inheritance-registration::여러 지역 상속부동산 || /전국업무::여러 지역 상속부동산 정리 || /전국업무::여러 지역 상속부동산 || /전국상속등기::여러 지역 상속부동산 정리,전국 상속등기 진행 방법>/전국상속등기 || 상속인이 여러 지역에 있는 경우>/상속인이여러지역에있는경우 || 부동산과 거주지가 다른 상속등기>/부동산과거주지가다른상속등기 || 오래된·여러 세대 상속토지>/오래된상속토지정리 || 전국 상속부동산 일괄등기 사례>/업무사례/전국상속부동산일괄등기 || 상속등기 필요서류>/상속등기필요서류 || 상속 종합 허브>/상속 || 전국 업무 전체 보기>/전국업무 || 부산에서 법무사 찾을 때 허브로 돌아가기>/부산법무사 || 해운대·센텀 법무사 상담>/해운대법무사 || 센텀 법인·부동산 등기>/센텀법무사 || 부산 여성 법무사 상담>/부산여성법무사,홈 > 전국 업무 > 여러 지역 상속부동산,yes,WebPage+FAQ,,SERP_UNVERIFIED,inheritance-supporting,pillar,"여러시·도에아파트·토지·상가가있으면누락·취득세·협의내용불일치가생기기쉽습니다.전국상속등기일반론과달리,복수부동산정리에집중합니다.여러시·도에아파트·토"
/업무사례/전국업무사례,generated,"index,follow",yes,/업무사례/전국업무사례,전국 법무사 업무사례｜상속등기·유증등… | 다옴법무사사무소,"부산 다옴법무사사무소 전국 법무사 업무사례. 상속·유증 관할 특례, 본점이전, 공동근저당, 비대면 진행을 구분해 안내합니다. 지점 오인 없이 진행 바로 상담을 시작해 보세요.",전국 법무사 업무사례｜상속등기·유증등… | 다옴법무사사무소,"부산 다옴법무사사무소 전국 법무사 업무사례. 상속·유증 관할 특례, 본점이전, 공동근저당, 비대면 진행을 구분해 안내합니다. 지점 오인 없이 진행 바로 상담을 시작해 보세요.",부산에 방문하지 않아도 맡길 수 있는 전국 법무사 업무,"전국 상속등기, 부산 법무사에게 맡길 수 있을까 | 전국에서 자주 문의되는 상황 | 상속인이 다른 지역에 거주하는 경우 | 상속재산분할협의와 서류 준비 | 취득세·국민주택채권·등기신청수수료 | 비대면으로 진행하는 절차 | 전국에서 상담할 수 있는 업무 | 관할 특례가 적용될 수 있는 업무 | 법정 관할은 유지되지만 타지역 수임이 가능한 업무 | 타지역 법무사를 선택할 때 확인할 사항 | 법무사 보수와 공과금 구분","다옴법무사사무소는 부산 해운대구에 있지만 모든 업무가 부산 사건으로 한정되는 것은 아닙니다. 상속·유증등기처럼 관할 특례가 적용될 수 있는 업무와 법정 관할을 지키면서 비대면으로 상담·서류 준비·신청을 진행할 수 있는 업무를 구분하여 전국 의뢰를 검토합니다. 다옴법무사사무소는 부산 해운대구에 있지만 모든 업무가 부산 사건으로 한정되는 것은 아닙니다. 상속·유증등기처럼 관할 특례가 적용될 수 있는 업무와 법정 관할을 지키면서 비대면으로 상담·서류 준비·신청을 진행할 수 있는 업무를 구분하여 전국 의뢰를 검토합니다. 다옴법무사사무소는 부산 해운대구에 있으며, 해당 지역에 별도 지점이 있다는 의미는 아닙니다. 상속·유증등기의 관할 특례와 비대면 상담·서류 전달 방식을 활용하여 타지역 사건도 상담부터 신청까지 진행합니다. 전국 부동산·상속인 거주 지역 공유 관할 특례·비대면 가능 범위 검토 필요서류·공과금·보수 구분 안내 원본 전달 후 접수·보정·완료 공유 부동산 소재 지역·종류 의뢰인·상",657,14,/업무사례/전국업무사례::전국 업무사례 || /업무사례/전국상속등기법무사::전국 업무사례 || /업무사례/전국유증등기법무사::전국 법무사 업무사례 || /업무사례/전국유증등기법무사::전국 업무사례 || /업무사례/전국상속부동산일괄등기::전국 법무사 업무사례 || /업무사례/전국상속부동산일괄등기::전국 업무사례 || /업무사례/전국법인본점이전등기::전국 법무사 업무사례 || /업무사례/전국법인본점이전등기::전국 업무사례 || /업무사례/전국공동근저당권등기::전국 법무사 업무사례 || /업무사례/전국공동근저당권등기::전국 업무사례 || /업무사례/전국비대면법무사::전국 법무사 업무사례 || /업무사례/전국비대면법무사::전국 업무사례,전국 상속등기 법무사>/업무사례/전국상속등기법무사 || 전국 유증등기>/업무사례/전국유증등기법무사 || 여러 지역에 흩어진 상속부동산 등기>/업무사례/전국상속부동산일괄등기 || 전국 법인 본점이전등기>/업무사례/전국법인본점이전등기 || 지역별 상속등기 법무사>/업무사례/지역별상속등기법무사 || 서울 상속등기 법무사>/업무사례/서울상속등기법무사 || 경기 상속등기 법무사>/업무사례/경기상속등기법무사 || 내 지역도 진행 가능한지 확인하기>/contact/inquiry?from=nationwide&field=inheritance-registration || 상담 안내>/contact || 부산에서 법무사 찾을 때 허브로 돌아가기>/부산법무사 || 해운대·센텀 법무사 상담>/해운대법무사 || 센텀 법인·부동산 등기>/센텀법무사,홈 > 업무 사례 > 전국 업무사례 > 전국 법무사 업무사례,yes,WebPage+FAQ,,SERP_UNVERIFIED,other,case,다옴법무사사무소는부산해운대구에있지만모든업무가부산사건으로한정되는것은아닙니다.상속·유증등기처럼관할특례가적용될수있는업무와법정관할을지키면서비대면으로상담
/업무사례/전국상속등기법무사,generated,"index,follow",yes,/업무사례/전국상속등기법무사,전국 상속등기 법무사｜타지역 부동산도 비대면 진행 | 다옴법무사사무소,"전국 상속등기 법무사 안내. 타지역·비대면 상속등기, 관할 특례, 해외 상속인, 취득세·공과금 구분. 부산 해운대 사무소에서 상담부터 신청까지 진행합니다.",전국 상속등기 법무사｜타지역 부동산도 비대면 진행 | 다옴법무사사무소,"전국 상속등기 법무사 안내. 타지역·비대면 상속등기, 관할 특례, 해외 상속인, 취득세·공과금 구분. 부산 해운대 사무소에서 상담부터 신청까지 진행합니다.",전국 어디서나 맡길 수 있는 상속등기,전국 소재 부동산의 관할 특례 검토 | 전국 아파트·토지·상가가 섞인 경우 | 여러 지역 부동산을 함께 정리할 때 | 법무사 보수와 공과금 구분 | 원본서류 전달과 본인확인 | 상담 전 확인하면 좋은 항목,"부동산이 부산에 있지 않아도 상속등기를 상담할 수 있습니다. 상속인이 서로 다른 지역에 살아도, 전국에 부동산이 흩어져 있어도 서류 수집부터 신청 방식까지 한 사무소에서 검토합니다. 부동산이 부산에 있지 않아도 상속등기를 상담할 수 있습니다. 상속인이 서로 다른 지역에 살아도, 전국에 부동산이 흩어져 있어도 서류 수집부터 신청 방식까지 한 사무소에서 검토합니다. 다옴법무사사무소는 부산 해운대구에 있으며 타지역 지점이 없습니다. 상속등기 관할 특례와 비대면 서류 전달을 검토하여 진행 바로 진행 방법을 안내합니다. 전국 부동산·상속인 거주 지역 공유 관할 특례·비대면 가능 범위 검토 필요서류·공과금·보수 구분 안내 원본 전달 후 접수·보정·완료 공유 부동산 소재 지역·종류 의뢰인·상속인 거주 지역 상속인 수·협의 여부 현재 준비된 서류(사진 가능) 수임 전에 진행 바로 상담을 시작해 보세요. 방문이 필요한 경우 미리 안내합니다. 타지역이라는 이유만으로 비용을 올리지 않습니다. 가까운 사",552,175,/업무사례/전국업무사례::전국 상속등기 법무사 || /업무사례/전국업무사례::전국 상속등기 || /업무사례/전국유증등기법무사::전국 상속등기 법무사 || /업무사례/전국상속부동산일괄등기::전국 상속등기 법무사 || /업무사례/전국비대면법무사::전국 상속등기 법무사 || /업무사례/타지역법무사의뢰::전국 상속등기 법무사 || /업무사례/지역별상속등기법무사::전국 상속등기 법무사 || /업무사례/서울상속등기법무사::전국 상속등기 법무사 || /업무사례/경기상속등기법무사::전국 상속등기 법무사 || /업무사례/인천상속등기법무사::전국 상속등기 법무사 || /업무사례/경남상속등기법무사::전국 상속등기 법무사 || /업무사례/울산상속등기법무사::전국 상속등기 법무사,전국 유증등기>/업무사례/전국유증등기법무사 || 전국 비대면 법무사>/업무사례/전국비대면법무사 || 타지역 법무사 의뢰>/업무사례/타지역법무사의뢰 || 지역별 상속등기 법무사>/업무사례/지역별상속등기법무사 || 여러 지역에 흩어진 상속부동산 등기>/업무사례/전국상속부동산일괄등기 || 전국 상속등기 가능 여부 확인하기>/contact/inquiry?from=nationwide&field=inheritance-registration || 상담 안내>/contact || 부산에서 법무사 찾을 때 허브로 돌아가기>/부산법무사 || 해운대·센텀 법무사 상담>/해운대법무사 || 센텀 법인·부동산 등기>/센텀법무사 || 부산 여성 법무사 상담>/부산여성법무사 || 부산 상속등기 절차>/부산상속등기,홈 > 업무 사례 > 전국 업무사례 > 전국 상속등기 법무사,yes,WebPage+FAQ,,SERP_UNVERIFIED,inheritance-supporting,case,"부동산이부산에있지않아도상속등기를상담할수있습니다.상속인이서로다른지역에살아도,전국에부동산이흩어져있어도서류수집부터신청방식까지한사무소에서검토합니다.부동"
/업무사례/전국상속부동산일괄등기,generated,"index,follow",yes,/업무사례/전국상속부동산일괄등기,전국 상속부동산 일괄등기｜여러 지역 … | 다옴법무사사무소,"전국에 흩어진 상속부동산 일괄 검토. 서울 아파트와 지방 토지, 부동산별 상속인, 취득세·누락 방지, 일부 매도 일정을 한 사무소에서 정리합니다.",전국 상속부동산 일괄등기｜여러 지역 … | 다옴법무사사무소,"전국에 흩어진 상속부동산 일괄 검토. 서울 아파트와 지방 토지, 부동산별 상속인, 취득세·누락 방지, 일부 매도 일정을 한 사무소에서 정리합니다.",전국에 흩어진 상속부동산을 한 번에 정리하려면,전국 소재 부동산의 관할 특례 검토 | 전국 아파트·토지·상가가 섞인 경우 | 여러 지역 부동산을 함께 정리할 때 | 법무사 보수와 공과금 구분 | 원본서류 전달과 본인확인 | 상담 전 확인하면 좋은 항목 | 여러 지역 부동산을 한 목록으로 관리하는 이유,"서울 아파트와 지방 토지를 함께 상속받거나, 부동산마다 받는 사람이 다른 경우 누락·취득세·협의 불일치가 생기기 쉽습니다. 전국 상속등기 일반론과 달리 복수 자산 정리에 집중합니다. 서울 아파트와 지방 토지를 함께 상속받거나, 부동산마다 받는 사람이 다른 경우 누락·취득세·협의 불일치가 생기기 쉽습니다. 전국 상속등기 일반론과 달리 복수 자산 정리에 집중합니다. 부산 사무소이며 각 지역 지점이 없습니다. 복수 부동산의 관할 특례·신청 묶음 가능 여부는 사건별 확인이 필요합니다. 전국 부동산·상속인 거주 지역 공유 관할 특례·비대면 가능 범위 검토 필요서류·공과금·보수 구분 안내 원본 전달 후 접수·보정·완료 공유 부동산 소재 지역·종류 의뢰인·상속인 거주 지역 상속인 수·협의 여부 현재 준비된 서류(사진 가능) 수임 전에 진행 바로 상담을 시작해 보세요. 방문이 필요한 경우 미리 안내합니다. 타지역이라는 이유만으로 비용을 올리지 않습니다. 가까운 사무소인지보다 직접 검토·비용·진행 ",546,65,/여러지역상속부동산등기::전국 상속부동산 일괄등기 사례 || /업무사례/전국업무사례::여러 지역에 흩어진 상속부동산 등기 || /업무사례/전국상속등기법무사::여러 지역에 흩어진 상속부동산 등기 || /업무사례/지역별상속등기법무사::여러 지역에 흩어진 상속부동산 등기 || /업무사례/서울상속등기법무사::여러 지역에 흩어진 상속부동산 등기 || /업무사례/경기상속등기법무사::여러 지역에 흩어진 상속부동산 등기 || /업무사례/경남상속등기법무사::여러 지역에 흩어진 상속부동산 등기 || /업무사례/충남상속등기법무사::여러 지역에 흩어진 상속부동산 등기 || /업무사례/전남상속등기법무사::여러 지역에 흩어진 상속부동산 등기 || /업무사례/경북상속등기법무사::여러 지역에 흩어진 상속부동산 등기 || /업무사례/강남구상속등기법무사::여러 지역에 흩어진 상속부동산 등기 || /업무사례/송파구상속등기법무사::여러 지역에 흩어진 상속부동산 등기,전국 법무사 업무사례>/업무사례/전국업무사례 || 전국 상속등기 법무사>/업무사례/전국상속등기법무사 || 지역별 상속등기 법무사>/업무사례/지역별상속등기법무사 || 여러 지역 부동산 한 번에 문의하기>/contact/inquiry?from=nationwide&field=inheritance-registration || 상담 안내>/contact || 부산에서 법무사 찾을 때 허브로 돌아가기>/부산법무사 || 해운대·센텀 법무사 상담>/해운대법무사 || 센텀 법인·부동산 등기>/센텀법무사 || 부산 여성 법무사 상담>/부산여성법무사 || 부산 상속등기 절차>/부산상속등기 || 부산 법인등기 안내>/부산법인등기 || 부산 부동산등기>/부산부동산등기,홈 > 업무 사례 > 전국 업무사례 > 여러 지역에 흩어진 상속부동산 등기,yes,WebPage+FAQ,,SERP_UNVERIFIED,inheritance-supporting,case,"서울아파트와지방토지를함께상속받거나,부동산마다받는사람이다른경우누락·취득세·협의불일치가생기기쉽습니다.전국상속등기일반론과달리복수자산정리에집중합니다.서"
/업무사례/지역별상속등기법무사,generated,"index,follow",yes,/업무사례/지역별상속등기법무사,지역별 상속등기 법무사｜서울·경기·인… | 다옴법무사사무소,지역별 상속등기 법무사 허브. 서울·경기·인천·충청·영호남·강원·제주 권역 카드를 검색·필터로 찾습니다. 부산은 기존 부산 상속등기 페이지로 연결합니다.,지역별 상속등기 법무사｜서울·경기·인… | 다옴법무사사무소,지역별 상속등기 법무사 허브. 서울·경기·인천·충청·영호남·강원·제주 권역 카드를 검색·필터로 찾습니다. 부산은 기존 부산 상속등기 페이지로 연결합니다.,지역이 달라도 맡길 수 있는 전국 상속등기,권역별로 상속등기 안내 찾기 | 전국 부동산 목록부터 맞추는 방법 | 관할 특례와 법정 관할의 차이 | 일반적인 상담 유형 | 해외 거주 상속인이 있는 경우 | 비용 안내 방식 | 관련 지역·업무로 이어가기,권역별 카드에서 서울·경기·인천 등 광역 안내로 이동할 수 있습니다. 부산 지역은 신규 페이지 대신 기존 부산 상속등기 안내로 연결합니다. 권역별 카드에서 서울·경기·인천 등 광역 안내로 이동할 수 있습니다. 부산 지역은 신규 페이지 대신 기존 부산 상속등기 안내로 연결합니다. 다옴법무사사무소는 부산 해운대구에 있으며 각 지역 지점이 없습니다. 지역 키워드는 검색·안내용이며 해당 지역 사무소를 의미하지 않습니다. 전국 부동산·상속인 거주 지역 공유 관할 특례·비대면 가능 범위 검토 필요서류·공과금·보수 구분 안내 원본 전달 후 접수·보정·완료 공유 부동산 소재 지역·종류 의뢰인·상속인 거주 지역 상속인 수·협의 여부 현재 준비된 서류(사진 가능) 수임 전에 진행 바로 상담을 시작해 보세요. 방문이 필요한 경우 미리 안내합니다. 타지역이라는 이유만으로 비용을 올리지 않습니다. 가까운 사무소인지보다 직접 검토·비용·진행 공유를 확인하세요. 권역별로 상속등기 안내 찾기 아래 검색·카드에서,523,212,/기장읍법무사::지역별 상속등기 || /오시리아법무사::지역별 상속등기 || /업무사례/전국업무사례::지역별 상속등기 법무사 || /업무사례/전국상속등기법무사::지역별 상속등기 법무사 || /업무사례/전국상속부동산일괄등기::지역별 상속등기 법무사 || /업무사례/지역별상속등기법무사::지역별 상속등기 || /업무사례/서울상속등기법무사::지역별 상속등기 || /업무사례/경기상속등기법무사::지역별 상속등기 || /업무사례/인천상속등기법무사::지역별 상속등기 법무사 || /업무사례/인천상속등기법무사::지역별 상속등기 || /업무사례/경남상속등기법무사::지역별 상속등기 || /업무사례/울산상속등기법무사::지역별 상속등기 법무사,전국 상속등기 법무사>/업무사례/전국상속등기법무사 || 여러 지역에 흩어진 상속부동산 등기>/업무사례/전국상속부동산일괄등기 || 서울 상속등기 법무사>/업무사례/서울상속등기법무사 || 경기 상속등기 법무사>/업무사례/경기상속등기법무사 || 인천 상속등기 법무사>/업무사례/인천상속등기법무사 || 제주 상속등기 법무사>/업무사례/제주상속등기법무사 || 지역별 상속등기 가능 여부 확인하기>/contact/inquiry?from=nationwide&field=inheritance-registration || 상담 안내>/contact || 부산에서 법무사 찾을 때 허브로 돌아가기>/부산법무사 || 해운대·센텀 법무사 상담>/해운대법무사 || 센텀 법인·부동산 등기>/센텀법무사 || 부산 여성 법무사 상담>/부산여성법무사,홈 > 업무 사례 > 지역별 상속등기 > 지역별 상속등기 법무사,yes,WebPage+FAQ,,SERP_UNVERIFIED,inheritance-supporting,case,권역별카드에서서울·경기·인천등광역안내로이동할수있습니다.부산지역은신규페이지대신기존부산상속등기안내로연결합니다.권역별카드에서서울·경기·인천등광역안내로
/업무사례/서울상속등기법무사,generated,"index,follow",yes,/업무사례/서울상속등기법무사,서울 법무사 상속등기 알아볼 때｜타지… | 다옴법무사사무소,서울 법무사 상속등기를 검색할 때 확인할 점. 서울 지점이 아닌 부산 해운대 사무소에서 관할 특례·비대면 진행으로 서울 소재 상속부동산 상담부터 신청까지 진행합니다.,서울 법무사 상속등기 알아볼 때｜타지… | 다옴법무사사무소,서울 법무사 상속등기를 검색할 때 확인할 점. 서울 지점이 아닌 부산 해운대 사무소에서 관할 특례·비대면 진행으로 서울 소재 상속부동산 상담부터 신청까지 진행합니다.,서울에 있는 상속부동산도 부산 법무사에게 맡길 수 있을까,서울 상속등기 가능 여부부터 확인하기 | 부산 해운대 사무소에 비대면으로 맡기는 이유 | 서울과 타지역 상속인의 거리 문제 | 필요서류 체크리스트 | 진행 상황 공유 방식 | 타지역 법무사를 고를 때 확인할 사항,"서울 법무사 상속등기를 검색하셔도, 반드시 서울에 사무소가 있어야만 맡길 수 있는 것은 아닙니다. 상속인이 지방·해외에 있거나 여러 구에 아파트·상가가 분산된 경우, 협의분할 후 매도를 예정한 경우처럼 거리보다 서류·관할 정리가 중요합니다. 서울 법무사 상속등기를 검색하셔도, 반드시 서울에 사무소가 있어야만 맡길 수 있는 것은 아닙니다. 상속인이 지방·해외에 있거나 여러 구에 아파트·상가가 분산된 경우, 협의분할 후 매도를 예정한 경우처럼 거리보다 서류·관할 정리가 중요합니다. 다옴법무사사무소는 부산 해운대구에 있으며 서울에 별도 지점이 있는 것은 아닙니다. 상속등기의 관할 특례와 비대면 서류 전달 방식을 검토하여 서울 소재 부동산도 진행 바로 진행 방법을 안내합니다. 서울 부동산·상속인 거주 지역 공유 관할 특례·비대면 가능 범위 검토 필요서류·공과금·보수 구분 안내 원본 전달 후 접수·보정·완료 공유 부동산 소재 지역·종류 의뢰인·상속인 거주 지역 상속인 수·협의 여부 현재 준비",583,16,/상속::서울 상속등기 || /업무사례/전국업무사례::서울 상속등기 법무사 || /업무사례/지역별상속등기법무사::서울 상속등기 법무사 || /업무사례/강남구상속등기법무사::서울 상속등기 법무사 || /업무사례/서초구상속등기법무사::서울 상속등기 법무사 || /업무사례/송파구상속등기법무사::서울 상속등기 법무사 || /업무사례/마포구상속등기법무사::서울 상속등기 법무사 || /업무사례/용산구상속등기법무사::서울 상속등기 법무사 || /업무사례/영등포구상속등기법무사::서울 상속등기 법무사 || /업무사례/성동구상속등기법무사::서울 상속등기 법무사 || /업무사례/강서구상속등기법무사::서울 상속등기 법무사 || /업무사례/노원구상속등기법무사::서울 상속등기 법무사,전국 상속등기 법무사>/업무사례/전국상속등기법무사 || 여러 지역에 흩어진 상속부동산 등기>/업무사례/전국상속부동산일괄등기 || 강남구 상속등기 법무사>/업무사례/강남구상속등기법무사 || 서초구 상속등기 법무사>/업무사례/서초구상속등기법무사 || 송파구 상속등기 법무사>/업무사례/송파구상속등기법무사 || 강동구 상속등기 법무사>/업무사례/강동구상속등기법무사 || 서울 상속등기 가능 여부 확인>/contact/inquiry?from=nationwide&region=%EC%84%9C%EC%9A%B8&field=inheritance-registration || 상담 안내>/contact || 부산에서 법무사 찾을 때 허브로 돌아가기>/부산법무사 || 해운대·센텀 법무사 상담>/해운대법무사 || 센텀 법인·부동산 등기>/센텀법무사 || 부산 여성 법무사 상담>/부산여성법무사,홈 > 업무 사례 > 지역별 상속등기 > 서울,yes,WebPage+FAQ,,SERP_UNVERIFIED,inheritance-supporting,case,"서울법무사상속등기를검색하셔도,반드시서울에사무소가있어야만맡길수있는것은아닙니다.상속인이지방·해외에있거나여러구에아파트·상가가분산된경우,협의분할후매도를"
/업무사례/경기상속등기법무사,generated,"index,follow",yes,/업무사례/경기상속등기법무사,경기 상속등기 법무사｜여러 시·군 부… | 다옴법무사사무소,경기 상속등기 법무사 안내. 서로 다른 시에 아파트·토지가 있거나 상속인이 서울·부산으로 흩어진 경우 목록부터 정리합니다. 경기 지점…,경기 상속등기 법무사｜여러 시·군 부… | 다옴법무사사무소,경기 상속등기 법무사 안내. 서로 다른 시에 아파트·토지가 있거나 상속인이 서울·부산으로 흩어진 경우 목록부터 정리합니다. 경기 지점…,경기도에 흩어진 상속부동산을 한 번에 정리하려면,경기 부동산 목록부터 맞추는 방법 | 관할 특례와 법정 관할의 차이 | 일반적인 상담 유형 | 해외 거주 상속인이 있는 경우 | 비용 안내 방식 | 관련 지역·업무로 이어가기,"경기에서는 서로 다른 시에 아파트와 토지가 있는 경우, 신도시 아파트와 외곽 토지가 함께 있는 경우가 많습니다. 상속인 거주지가 서울·부산 등으로 갈라져도 한 사무소에서 목록을 관리할 수 있습니다. 경기에서는 서로 다른 시에 아파트와 토지가 있는 경우, 신도시 아파트와 외곽 토지가 함께 있는 경우가 많습니다. 상속인 거주지가 서울·부산 등으로 갈라져도 한 사무소에서 목록을 관리할 수 있습니다. 다옴법무사사무소는 부산 해운대구에 있으며 경기에 별도 지점이 있는 것은 아닙니다. 관할 특례와 비대면 방식을 검토하여 경기 소재 부동산도 진행 바로 진행 방법을 안내합니다. 경기 부동산·상속인 거주 지역 공유 관할 특례·비대면 가능 범위 검토 필요서류·공과금·보수 구분 안내 원본 전달 후 접수·보정·완료 공유 부동산 소재 지역·종류 의뢰인·상속인 거주 지역 상속인 수·협의 여부 현재 준비된 서류(사진 가능) 수임 전에 진행 바로 상담을 시작해 보세요. 방문이 필요한 경우 미리 안내합니다. 타지",564,33,/상속::경기 상속등기 || /업무사례/전국업무사례::경기 상속등기 법무사 || /업무사례/지역별상속등기법무사::경기 상속등기 법무사 || /업무사례/수원상속등기법무사::경기 상속등기 법무사 || /업무사례/성남상속등기법무사::경기 상속등기 법무사 || /업무사례/분당상속등기법무사::경기 상속등기 법무사 || /업무사례/용인상속등기법무사::경기 상속등기 법무사 || /업무사례/고양상속등기법무사::경기 상속등기 법무사 || /업무사례/일산상속등기법무사::경기 상속등기 법무사 || /업무사례/화성상속등기법무사::경기 상속등기 법무사 || /업무사례/동탄상속등기법무사::경기 상속등기 법무사 || /업무사례/부천상속등기법무사::경기 상속등기 법무사,전국 상속등기 법무사>/업무사례/전국상속등기법무사 || 여러 지역에 흩어진 상속부동산 등기>/업무사례/전국상속부동산일괄등기 || 수원 상속등기 법무사>/업무사례/수원상속등기법무사 || 성남 상속등기 법무사>/업무사례/성남상속등기법무사 || 분당 상속등기 법무사>/업무사례/분당상속등기법무사 || 시흥 상속등기 법무사>/업무사례/시흥상속등기법무사 || 경기 부동산 필요서류 문의>/contact/inquiry?from=nationwide&region=%EA%B2%BD%EA%B8%B0&field=inheritance-registration || 상담 안내>/contact || 부산에서 법무사 찾을 때 허브로 돌아가기>/부산법무사 || 해운대·센텀 법무사 상담>/해운대법무사 || 센텀 법인·부동산 등기>/센텀법무사 || 부산 여성 법무사 상담>/부산여성법무사,홈 > 업무 사례 > 지역별 상속등기 > 경기,yes,WebPage+FAQ,,SERP_UNVERIFIED,inheritance-supporting,case,"경기에서는서로다른시에아파트와토지가있는경우,신도시아파트와외곽토지가함께있는경우가많습니다.상속인거주지가서울·부산등으로갈라져도한사무소에서목록을관리할수있"
/업무사례/인천상속등기법무사,generated,"index,follow",yes,/업무사례/인천상속등기법무사,인천 상속등기 법무사｜송도·청라·영종… | 다옴법무사사무소,"인천 상속등기 법무사. 송도·청라·영종 아파트 비대면 진행, 육지 거주 상속인 안내. 인천 지점 없이 부산 사무소에서 가능 여부를 검토…",인천 상속등기 법무사｜송도·청라·영종… | 다옴법무사사무소,"인천 상속등기 법무사. 송도·청라·영종 아파트 비대면 진행, 육지 거주 상속인 안내. 인천 지점 없이 부산 사무소에서 가능 여부를 검토…",인천 상속부동산을 방문 없이 진행하는 방법,인천 상속등기 가능 여부부터 확인하기 | 부산 해운대 사무소에 비대면으로 맡기는 이유 | 인천과 타지역 상속인의 거리 문제 | 필요서류 체크리스트 | 진행 상황 공유 방식 | 타지역 법무사를 고를 때 확인할 사항,송도·청라·영종처럼 생활권이 나뉜 인천 부동산도 소재지와 상속인 거주 지역을 먼저 맞춥니다. 방문 없이 서류 사진으로 개요를 확인할 수 있습니다. 송도·청라·영종처럼 생활권이 나뉜 인천 부동산도 소재지와 상속인 거주 지역을 먼저 맞춥니다. 방문 없이 서류 사진으로 개요를 확인할 수 있습니다. 다옴법무사사무소는 부산 해운대구에 있으며 인천에 별도 지점이 있는 것은 아닙니다. 상속등기 관할 특례와 비대면 서류 전달을 검토합니다. 인천 부동산·상속인 거주 지역 공유 관할 특례·비대면 가능 범위 검토 필요서류·공과금·보수 구분 안내 원본 전달 후 접수·보정·완료 공유 부동산 소재 지역·종류 의뢰인·상속인 거주 지역 상속인 수·협의 여부 현재 준비된 서류(사진 가능) 수임 전에 진행 바로 상담을 시작해 보세요. 방문이 필요한 경우 미리 안내합니다. 타지역이라는 이유만으로 비용을 올리지 않습니다. 가까운 사무소인지보다 직접 검토·비용·진행 공유를 확인하세요. 인천 상속등기 가능 여부부터 확인하,471,7,/업무사례/지역별상속등기법무사::인천 상속등기 법무사 || /업무사례/송도상속등기법무사::인천 상속등기 법무사 || /업무사례/청라상속등기법무사::인천 상속등기 법무사 || /업무사례/부평구상속등기법무사::인천 상속등기 법무사 || /업무사례/남동구상속등기법무사::인천 상속등기 법무사 || /업무사례/영종도상속등기법무사::인천 상속등기 법무사 || /업무사례/강화도상속등기법무사::인천 상속등기 법무사,전국 상속등기 법무사>/업무사례/전국상속등기법무사 || 전국 비대면 법무사>/업무사례/전국비대면법무사 || 송도 상속등기 법무사>/업무사례/송도상속등기법무사 || 청라 상속등기 법무사>/업무사례/청라상속등기법무사 || 영종도 상속등기 법무사>/업무사례/영종도상속등기법무사 || 지역별 상속등기 법무사>/업무사례/지역별상속등기법무사 || 인천 상속등기 가능 여부 확인>/contact/inquiry?from=nationwide&region=%EC%9D%B8%EC%B2%9C&field=inheritance-registration || 상담 안내>/contact || 부산에서 법무사 찾을 때 허브로 돌아가기>/부산법무사 || 해운대·센텀 법무사 상담>/해운대법무사 || 센텀 법인·부동산 등기>/센텀법무사 || 부산 여성 법무사 상담>/부산여성법무사,홈 > 업무 사례 > 지역별 상속등기 > 인천,yes,WebPage+FAQ,,SERP_UNVERIFIED,inheritance-supporting,case,송도·청라·영종처럼생활권이나뉜인천부동산도소재지와상속인거주지역을먼저맞춥니다.방문없이서류사진으로개요를확인할수있습니다.송도·청라·영종처럼생활권이나뉜인
/업무사례/경남상속등기법무사,generated,"index,follow",yes,/업무사례/경남상속등기법무사,경남 상속등기 법무사｜김해·양산·창원… | 다옴법무사사무소,경남 상속등기 법무사. 김해 아파트·양산 토지·창원 상가처럼 여러 시·군 부동산을 한 사무소에서 검토. 경남 지점 없이 부산 해운대에서 관할 특례·방문·비대면 바로 진행 방법을 안내합니다.,경남 상속등기 법무사｜김해·양산·창원… | 다옴법무사사무소,경남 상속등기 법무사. 김해 아파트·양산 토지·창원 상가처럼 여러 시·군 부동산을 한 사무소에서 검토. 경남 지점 없이 부산 해운대에서 관할 특례·방문·비대면 바로 진행 방법을 안내합니다.,경남에 있는 상속부동산도 부산 법무사에게 맡길 수 있습니다,경남 부동산 목록부터 맞추는 방법 | 관할 특례와 법정 관할의 차이 | 일반적인 상담 유형 | 해외 거주 상속인이 있는 경우 | 비용 안내 방식 | 관련 지역·업무로 이어가기,"김해 아파트, 양산 토지, 창원 상가처럼 경남 여러 지역에 상속부동산이 있더라도 부동산마다 다른 사무소를 찾기 전에 한 번에 진행할 수 있는지 검토할 수 있습니다. 상속등기의 관할 특례, 상속인 거주지와 부동산 수를 확인하여 적절한 신청 방법을 안내합니다. 김해 아파트, 양산 토지, 창원 상가처럼 경남 여러 지역에 상속부동산이 있더라도 부동산마다 다른 사무소를 찾기 전에 한 번에 진행할 수 있는지 검토할 수 있습니다. 상속등기의 관할 특례, 상속인 거주지와 부동산 수를 확인하여 적절한 신청 방법을 안내합니다. 다옴법무사사무소는 부산 해운대구에 있으며 경남에 별도 지점이 있는 것은 아닙니다. 관할 특례와 방문·비대면 진행 바로 진행 방법을 안내합니다. 경남 부동산·상속인 거주 지역 공유 관할 특례·비대면 가능 범위 검토 필요서류·공과금·보수 구분 안내 원본 전달 후 접수·보정·완료 공유 부동산 소재 지역·종류 의뢰인·상속인 거주 지역 상속인 수·협의 여부 현재 준비된 서류(사진 가능)",589,15,/업무사례/창원상속등기법무사::경남 상속등기 법무사 || /업무사례/김해상속등기법무사::경남 상속등기 법무사 || /업무사례/양산상속등기법무사::경남 상속등기 법무사 || /업무사례/진주상속등기법무사::경남 상속등기 법무사 || /업무사례/거제상속등기법무사::경남 상속등기 법무사 || /업무사례/경남법무사업무::경남상속등기법무사 || /업무사례/경남법무사업무::경남 상속등기 || /업무사례/경남상속등기비용::경남상속등기법무사 || /업무사례/경남오래된상속등기::경남상속등기법무사 || /업무사례/경남조부모명의토지상속::경남상속등기법무사 || /업무사례/경남여러필지토지상속::경남상속등기법무사 || /업무사례/경남유증등기법무사::경남상속등기법무사,전국 상속등기 법무사>/업무사례/전국상속등기법무사 || 여러 지역에 흩어진 상속부동산 등기>/업무사례/전국상속부동산일괄등기 || 경남 오래된 상속등기>/업무사례/경남오래된상속등기 || 경남 여러 필지 토지 상속>/업무사례/경남여러필지토지상속 || 창원 상속등기 법무사>/업무사례/창원상속등기법무사 || 김해 상속등기 법무사>/업무사례/김해상속등기법무사 || 양산 상속등기 법무사>/업무사례/양산상속등기법무사 || 경남 법무사 업무>/업무사례/경남법무사업무 || 경남 상속등기 가능 여부 확인>/contact/inquiry?from=nationwide&region=%EA%B2%BD%EB%82%A8&field=inheritance-registration || 상담 안내>/contact || 부산에서 법무사 찾을 때 허브로 돌아가기>/부산법무사 || 해운대·센텀 법무사 상담>/해운대법무사,홈 > 업무 사례 > 지역별 상속등기 > 경남,yes,WebPage+FAQ,,SERP_UNVERIFIED,inheritance-supporting,case,"김해아파트,양산토지,창원상가처럼경남여러지역에상속부동산이있더라도부동산마다다른사무소를찾기전에한번에진행할수있는지검토할수있습니다.상속등기의관할특례,상속"
/업무사례/울산상속등기법무사,generated,"index,follow",yes,/업무사례/울산상속등기법무사,울산 상속등기 법무사｜아파트·토지 비대면 상속등기 | 다옴법무사사무소,"울산 상속등기 법무사. 아파트·토지 비대면 진행, 상속인 타지역 거주 시 절차. 울산 지점 없이 부산 사무소에서 검토합니다. 해운대·센텀 다옴법무사사무소에서 전화·카카오톡·방문(예약) 상담이 가능합니다.",울산 상속등기 법무사｜아파트·토지 비대면 상속등기 | 다옴법무사사무소,"울산 상속등기 법무사. 아파트·토지 비대면 진행, 상속인 타지역 거주 시 절차. 울산 지점 없이 부산 사무소에서 검토합니다. 해운대·센텀 다옴법무사사무소에서 전화·카카오톡·방문(예약) 상담이 가능합니다.",울산 상속부동산을 부산 방문 없이 맡기는 방법,울산 상속등기 가능 여부부터 확인하기 | 부산 해운대 사무소에 비대면으로 맡기는 이유 | 울산과 타지역 상속인의 거리 문제 | 필요서류 체크리스트 | 진행 상황 공유 방식 | 타지역 법무사를 고를 때 확인할 사항,울산 아파트·토지 상속도 서류 개요만으로 먼저 상담할 수 있습니다. 상속인이 수도권에 있어도 위임·협의 방식을 안내합니다. 울산 아파트·토지 상속도 서류 개요만으로 먼저 상담할 수 있습니다. 상속인이 수도권에 있어도 위임·협의 방식을 안내합니다. 다옴법무사사무소는 부산 해운대구에 있으며 울산에 별도 지점이 있는 것은 아닙니다. 울산 부동산·상속인 거주 지역 공유 관할 특례·비대면 가능 범위 검토 필요서류·공과금·보수 구분 안내 원본 전달 후 접수·보정·완료 공유 부동산 소재 지역·종류 의뢰인·상속인 거주 지역 상속인 수·협의 여부 현재 준비된 서류(사진 가능) 수임 전에 진행 바로 상담을 시작해 보세요. 방문이 필요한 경우 미리 안내합니다. 타지역이라는 이유만으로 비용을 올리지 않습니다. 가까운 사무소인지보다 직접 검토·비용·진행 공유를 확인하세요. 울산 상속등기 가능 여부부터 확인하기 울산 아파트·토지 상속도 서류 개요만으로 먼저 상담할 수 있습니다. 상속인이 수도권에 있어도 위임,472,23,/업무사례/울산남구상속등기법무사::울산 상속등기 법무사 || /업무사례/울주군상속등기법무사::울산 상속등기 법무사 || /업무사례/울산법무사업무::울산상속등기법무사 || /업무사례/울산중구상속등기법무사::울산상속등기법무사 || /업무사례/울산동구상속등기법무사::울산상속등기법무사 || /업무사례/울산북구상속등기법무사::울산상속등기법무사 || /업무사례/울산삼산동상속등기::울산상속등기법무사 || /업무사례/울산달동상속등기::울산상속등기법무사 || /업무사례/울산옥동상속등기::울산상속등기법무사 || /업무사례/울산송정동상속등기::울산상속등기법무사 || /업무사례/울산매곡동상속등기::울산상속등기법무사 || /업무사례/울주범서상속등기::울산상속등기법무사,전국 상속등기 법무사>/업무사례/전국상속등기법무사 || 울산남구 상속등기 법무사>/업무사례/울산남구상속등기법무사 || 울주군 상속등기 법무사>/업무사례/울주군상속등기법무사 || 지역별 상속등기 법무사>/업무사례/지역별상속등기법무사 || 울산 상속등기 가능 여부 확인>/contact/inquiry?from=nationwide&region=%EC%9A%B8%EC%82%B0&field=inheritance-registration || 상담 안내>/contact || 부산에서 법무사 찾을 때 허브로 돌아가기>/부산법무사 || 해운대·센텀 법무사 상담>/해운대법무사 || 센텀 법인·부동산 등기>/센텀법무사 || 부산 여성 법무사 상담>/부산여성법무사 || 부산 상속등기 절차>/부산상속등기 || 부산 법인등기 안내>/부산법인등기,홈 > 업무 사례 > 지역별 상속등기 > 울산,yes,WebPage+FAQ,,SERP_UNVERIFIED,inheritance-supporting,case,울산아파트·토지상속도서류개요만으로먼저상담할수있습니다.상속인이수도권에있어도위임·협의방식을안내합니다.울산아파트·토지상속도서류개요만으로먼저상담할수있습
/업무사례/대구상속등기법무사,generated,"index,follow",yes,/업무사례/대구상속등기법무사,대구 상속등기 법무사｜아파트·상가·토지 상속 절차 | 다옴법무사사무소,대구 상속등기 법무사. 아파트·상가·토지 절차·비용·서류. 대구 지점 없이 부산 해운대에서 비대면으로 가능 여부를 검토합니다. 해운대·센텀 다옴법무사사무소에서 전화·카카오톡·방문(예약) 상담이 가능합니다.,대구 상속등기 법무사｜아파트·상가·토지 상속 절차 | 다옴법무사사무소,대구 상속등기 법무사. 아파트·상가·토지 절차·비용·서류. 대구 지점 없이 부산 해운대에서 비대면으로 가능 여부를 검토합니다. 해운대·센텀 다옴법무사사무소에서 전화·카카오톡·방문(예약) 상담이 가능합니다.,대구 부동산 상속등기 비용과 필요서류,대구 상속등기 가능 여부부터 확인하기 | 부산 해운대 사무소에 비대면으로 맡기는 이유 | 대구과 타지역 상속인의 거리 문제 | 필요서류 체크리스트 | 진행 상황 공유 방식 | 타지역 법무사를 고를 때 확인할 사항,대구에서는 아파트·상가·토지 조합과 상속인 간 협의 여부에 따라 서류가 달라집니다. 공과금과 보수를 구분해 안내합니다. 대구에서는 아파트·상가·토지 조합과 상속인 간 협의 여부에 따라 서류가 달라집니다. 공과금과 보수를 구분해 안내합니다. 다옴법무사사무소는 부산 해운대구에 있으며 대구에 별도 지점이 있는 것은 아닙니다. 대구 부동산·상속인 거주 지역 공유 관할 특례·비대면 가능 범위 검토 필요서류·공과금·보수 구분 안내 원본 전달 후 접수·보정·완료 공유 부동산 소재 지역·종류 의뢰인·상속인 거주 지역 상속인 수·협의 여부 현재 준비된 서류(사진 가능) 수임 전에 진행 바로 상담을 시작해 보세요. 방문이 필요한 경우 미리 안내합니다. 타지역이라는 이유만으로 비용을 올리지 않습니다. 가까운 사무소인지보다 직접 검토·비용·진행 공유를 확인하세요. 대구 상속등기 가능 여부부터 확인하기 대구에서는 아파트·상가·토지 조합과 상속인 간 협의 여부에 따라 서류가 달라집니다. 공과금과 보수를 구분,460,9,/업무사례/대구수성구상속등기법무사::대구 상속등기 법무사 || /업무사례/대구달서구상속등기법무사::대구 상속등기 법무사 || /업무사례/대구법무사업무::대구상속등기법무사 || /업무사례/대구상속등기비용::대구상속등기법무사 || /업무사례/대구상속등기필요서류::대구상속등기법무사 || /업무사례/대구유증등기법무사::대구상속등기법무사 || /업무사례/대구에서부산법인본점이전::대구상속등기법무사 || /업무사례/부산에서대구법인본점이전::대구상속등기법무사 || /업무사례/대구부산공동근저당권::대구상속등기법무사,전국 상속등기 법무사>/업무사례/전국상속등기법무사 || 대구수성구 상속등기 법무사>/업무사례/대구수성구상속등기법무사 || 대구달서구 상속등기 법무사>/업무사례/대구달서구상속등기법무사 || 지역별 상속등기 법무사>/업무사례/지역별상속등기법무사 || 대구 상속등기 예상 비용 확인>/contact/inquiry?from=nationwide&region=%EB%8C%80%EA%B5%AC&field=inheritance-registration || 상담 안내>/contact || 부산에서 법무사 찾을 때 허브로 돌아가기>/부산법무사 || 해운대·센텀 법무사 상담>/해운대법무사 || 센텀 법인·부동산 등기>/센텀법무사 || 부산 여성 법무사 상담>/부산여성법무사 || 부산 상속등기 절차>/부산상속등기 || 부산 법인등기 안내>/부산법인등기,홈 > 업무 사례 > 지역별 상속등기 > 대구,yes,WebPage+FAQ,,SERP_UNVERIFIED,inheritance-supporting,case,대구에서는아파트·상가·토지조합과상속인간협의여부에따라서류가달라집니다.공과금과보수를구분해안내합니다.대구에서는아파트·상가·토지조합과상속인간협의여부에따
/업무사례/대전상속등기법무사,generated,"index,follow",yes,/업무사례/대전상속등기법무사,대전 상속등기 법무사｜상속인이 다른 … | 다옴법무사사무소,대전 상속등기 법무사. 상속인이 타지역에 살아도 비대면 끝까지 진행. 대전 지점 없이 부산 사무소에서 안내합니다. 해운대·센텀 다옴법무사사무소에서 전화·카카오톡·방문(예약) 상담이 가능합니다.,대전 상속등기 법무사｜상속인이 다른 … | 다옴법무사사무소,대전 상속등기 법무사. 상속인이 타지역에 살아도 비대면 끝까지 진행. 대전 지점 없이 부산 사무소에서 안내합니다. 해운대·센텀 다옴법무사사무소에서 전화·카카오톡·방문(예약) 상담이 가능합니다.,대전 상속부동산을 비대면으로 정리하려면,대전 상속등기 가능 여부부터 확인하기 | 부산 해운대 사무소에 비대면으로 맡기는 이유 | 대전과 타지역 상속인의 거리 문제 | 필요서류 체크리스트 | 진행 상황 공유 방식 | 타지역 법무사를 고를 때 확인할 사항,상속인이 수도권·영남에 흩어져 있어도 협의·위임 일정을 맞춰 진행할 수 있는지 먼저 확인합니다. 상속인이 수도권·영남에 흩어져 있어도 협의·위임 일정을 맞춰 진행할 수 있는지 먼저 확인합니다. 다옴법무사사무소는 부산 해운대구에 있으며 대전에 별도 지점이 있는 것은 아닙니다. 대전 부동산·상속인 거주 지역 공유 관할 특례·비대면 가능 범위 검토 필요서류·공과금·보수 구분 안내 원본 전달 후 접수·보정·완료 공유 부동산 소재 지역·종류 의뢰인·상속인 거주 지역 상속인 수·협의 여부 현재 준비된 서류(사진 가능) 수임 전에 진행 바로 상담을 시작해 보세요. 방문이 필요한 경우 미리 안내합니다. 타지역이라는 이유만으로 비용을 올리지 않습니다. 가까운 사무소인지보다 직접 검토·비용·진행 공유를 확인하세요. 대전 상속등기 가능 여부부터 확인하기 상속인이 수도권·영남에 흩어져 있어도 협의·위임 일정을 맞춰 진행할 수 있는지 먼저 확인합니다. 안윤정 법무사 직접 확인 비대면 필요서류 안내 보수와 ,467,3,/업무사례/세종상속등기법무사::대전 상속등기 법무사 || /업무사례/대전유성구상속등기법무사::대전 상속등기 법무사 || /업무사례/대전서구상속등기법무사::대전 상속등기 법무사,전국 상속등기 법무사>/업무사례/전국상속등기법무사 || 전국 비대면 법무사>/업무사례/전국비대면법무사 || 대전유성구 상속등기 법무사>/업무사례/대전유성구상속등기법무사 || 대전 서구 상속등기>/업무사례/대전서구상속등기법무사 || 지역별 상속등기 법무사>/업무사례/지역별상속등기법무사 || 대전 부동산 방문 없이 진행 확인>/contact/inquiry?from=nationwide&region=%EB%8C%80%EC%A0%84&field=inheritance-registration || 상담 안내>/contact || 부산에서 법무사 찾을 때 허브로 돌아가기>/부산법무사 || 해운대·센텀 법무사 상담>/해운대법무사 || 센텀 법인·부동산 등기>/센텀법무사 || 부산 여성 법무사 상담>/부산여성법무사 || 부산 상속등기 절차>/부산상속등기,홈 > 업무 사례 > 지역별 상속등기 > 대전,yes,WebPage+FAQ,,SERP_UNVERIFIED,inheritance-supporting,case,상속인이수도권·영남에흩어져있어도협의·위임일정을맞춰진행할수있는지먼저확인합니다.상속인이수도권·영남에흩어져있어도협의·위임일정을맞춰진행할수있는지먼저확인
/업무사례/세종상속등기법무사,generated,"index,follow",yes,/업무사례/세종상속등기법무사,세종 상속등기 법무사｜아파트·상가 상… | 다옴법무사사무소,세종 상속등기 법무사. 아파트·상가 절차와 비용. 세종 지점 없이 부산 해운대에서 비대면으로 상담부터 신청까지 진행합니다. 해운대·센텀 다옴법무사사무소에서 전화·카카오톡·방문(예약) 상담이 가능합니다.,세종 상속등기 법무사｜아파트·상가 상… | 다옴법무사사무소,세종 상속등기 법무사. 아파트·상가 절차와 비용. 세종 지점 없이 부산 해운대에서 비대면으로 상담부터 신청까지 진행합니다. 해운대·센텀 다옴법무사사무소에서 전화·카카오톡·방문(예약) 상담이 가능합니다.,세종시 상속부동산을 방문 없이 진행하는 방법,세종 소재 부동산의 관할 특례 검토 | 세종 아파트·토지·상가가 섞인 경우 | 여러 지역 부동산을 함께 정리할 때 | 법무사 보수와 공과금 구분 | 원본서류 전달과 본인확인 | 상담 전 확인하면 좋은 항목,세종시 아파트·상가 상속은 서류 사진으로 개요를 확인한 뒤 원본 단계를 안내하는 방식이 많습니다. 세종시 아파트·상가 상속은 서류 사진으로 개요를 확인한 뒤 원본 단계를 안내하는 방식이 많습니다. 다옴법무사사무소는 부산 해운대구에 있으며 세종에 별도 지점이 있는 것은 아닙니다. 세종 부동산·상속인 거주 지역 공유 관할 특례·비대면 가능 범위 검토 필요서류·공과금·보수 구분 안내 원본 전달 후 접수·보정·완료 공유 부동산 소재 지역·종류 의뢰인·상속인 거주 지역 상속인 수·협의 여부 현재 준비된 서류(사진 가능) 수임 전에 진행 바로 상담을 시작해 보세요. 방문이 필요한 경우 미리 안내합니다. 타지역이라는 이유만으로 비용을 올리지 않습니다. 가까운 사무소인지보다 직접 검토·비용·진행 공유를 확인하세요. 세종 소재 부동산의 관할 특례 검토 세종시 아파트·상가 상속은 서류 사진으로 개요를 확인한 뒤 원본 단계를 안내하는 방식이 많습니다. 안윤정 법무사 직접 확인 비대면 필요서류 안내 보수,452,0,,전국 상속등기 법무사>/업무사례/전국상속등기법무사 || 지역별 상속등기 법무사>/업무사례/지역별상속등기법무사 || 대전 상속등기 법무사>/업무사례/대전상속등기법무사 || 세종 상속등기 가능 여부 확인>/contact/inquiry?from=nationwide&region=%EC%84%B8%EC%A2%85&field=inheritance-registration || 상담 안내>/contact || 부산에서 법무사 찾을 때 허브로 돌아가기>/부산법무사 || 해운대·센텀 법무사 상담>/해운대법무사 || 센텀 법인·부동산 등기>/센텀법무사 || 부산 여성 법무사 상담>/부산여성법무사 || 부산 상속등기 절차>/부산상속등기 || 부산 법인등기 안내>/부산법인등기 || 부산 부동산등기>/부산부동산등기,홈 > 업무 사례 > 지역별 상속등기 > 세종,yes,WebPage+FAQ,,SERP_UNVERIFIED,inheritance-supporting,case,세종시아파트·상가상속은서류사진으로개요를확인한뒤원본단계를안내하는방식이많습니다.세종시아파트·상가상속은서류사진으로개요를확인한뒤원본단계를안내하는방식이많
/업무사례/충남상속등기법무사,generated,"index,follow",yes,/업무사례/충남상속등기법무사,충남 상속등기 법무사｜천안·아산·당진… | 다옴법무사사무소,충남 상속등기 법무사. 천안·아산·당진 등 여러 시·군 부동산 일괄 검토. 충남 지점 없이 부산에서 비대면 상담합니다. 해운대·센텀 다옴법무사사무소에서 전화·카카오톡·방문(예약) 상담이 가능합니다.,충남 상속등기 법무사｜천안·아산·당진… | 다옴법무사사무소,충남 상속등기 법무사. 천안·아산·당진 등 여러 시·군 부동산 일괄 검토. 충남 지점 없이 부산에서 비대면 상담합니다. 해운대·센텀 다옴법무사사무소에서 전화·카카오톡·방문(예약) 상담이 가능합니다.,충남 여러 시·군의 상속부동산을 정리하려면,충남 부동산 목록부터 맞추는 방법 | 관할 특례와 법정 관할의 차이 | 일반적인 상담 유형 | 해외 거주 상속인이 있는 경우 | 비용 안내 방식 | 관련 지역·업무로 이어가기,천안·아산·당진처럼 시·군이 나뉜 부동산은 목록 누락을 막는 것이 우선입니다. 토지와 주택이 함께 있는 경우도 많습니다. 천안·아산·당진처럼 시·군이 나뉜 부동산은 목록 누락을 막는 것이 우선입니다. 토지와 주택이 함께 있는 경우도 많습니다. 다옴법무사사무소는 부산 해운대구에 있으며 충남에 별도 지점이 있는 것은 아닙니다. 충남 부동산·상속인 거주 지역 공유 관할 특례·비대면 가능 범위 검토 필요서류·공과금·보수 구분 안내 원본 전달 후 접수·보정·완료 공유 부동산 소재 지역·종류 의뢰인·상속인 거주 지역 상속인 수·협의 여부 현재 준비된 서류(사진 가능) 수임 전에 진행 바로 상담을 시작해 보세요. 방문이 필요한 경우 미리 안내합니다. 타지역이라는 이유만으로 비용을 올리지 않습니다. 가까운 사무소인지보다 직접 검토·비용·진행 공유를 확인하세요. 충남 부동산 목록부터 맞추는 방법 천안·아산·당진처럼 시·군이 나뉜 부동산은 목록 누락을 막는 것이 우선입니다. 토지와 주택이 함께 있는 ,464,5,/업무사례/천안상속등기법무사::충남 상속등기 법무사 || /업무사례/아산상속등기법무사::충남 상속등기 법무사 || /업무사례/당진상속등기법무사::충남 상속등기 법무사 || /업무사례/서산보령상속등기법무사::충남 상속등기 법무사 || /업무사례/공주상속등기법무사::충남 상속등기 법무사,여러 지역에 흩어진 상속부동산 등기>/업무사례/전국상속부동산일괄등기 || 전국 상속등기 법무사>/업무사례/전국상속등기법무사 || 천안 상속등기 법무사>/업무사례/천안상속등기법무사 || 아산 상속등기 법무사>/업무사례/아산상속등기법무사 || 당진 상속등기 법무사>/업무사례/당진상속등기법무사 || 지역별 상속등기 법무사>/업무사례/지역별상속등기법무사 || 충남 부동산 일괄 정리 문의>/contact/inquiry?from=nationwide&region=%EC%B6%A9%EB%82%A8&field=inheritance-registration || 상담 안내>/contact || 부산에서 법무사 찾을 때 허브로 돌아가기>/부산법무사 || 해운대·센텀 법무사 상담>/해운대법무사 || 센텀 법인·부동산 등기>/센텀법무사 || 부산 여성 법무사 상담>/부산여성법무사,홈 > 업무 사례 > 지역별 상속등기 > 충남,yes,WebPage+FAQ,,SERP_UNVERIFIED,inheritance-supporting,case,천안·아산·당진처럼시·군이나뉜부동산은목록누락을막는것이우선입니다.토지와주택이함께있는경우도많습니다.천안·아산·당진처럼시·군이나뉜부동산은목록누락을막는
/업무사례/충북상속등기법무사,generated,"index,follow",yes,/업무사례/충북상속등기법무사,충북 상속등기 법무사｜청주·충주·제천 비대면 진행 | 다옴법무사사무소,충북 상속등기 법무사. 청주·충주·제천 비대면 진행과 필요서류. 충북 지점 없이 부산 해운대에서 안내합니다. 해운대·센텀 다옴법무사사무소에서 전화·카카오톡·방문(예약) 상담이 가능합니다.,충북 상속등기 법무사｜청주·충주·제천 비대면 진행 | 다옴법무사사무소,충북 상속등기 법무사. 청주·충주·제천 비대면 진행과 필요서류. 충북 지점 없이 부산 해운대에서 안내합니다. 해운대·센텀 다옴법무사사무소에서 전화·카카오톡·방문(예약) 상담이 가능합니다.,충북 상속부동산의 등기 절차와 준비서류,충북 상속등기 가능 여부부터 확인하기 | 부산 해운대 사무소에 비대면으로 맡기는 이유 | 충북과 타지역 상속인의 거리 문제 | 필요서류 체크리스트 | 진행 상황 공유 방식 | 타지역 법무사를 고를 때 확인할 사항 | 상담 시 확인하는 내용,청주·충주·제천 등 시별로 부동산이 나뉘거나 토지·주택이 함께 있는 경우 지번 목록을 먼저 맞춥니다. 청주·충주·제천 등 시별로 부동산이 나뉘거나 토지·주택이 함께 있는 경우 지번 목록을 먼저 맞춥니다. 충북 부동산·상속인 거주 지역 공유 관할 특례·비대면 가능 범위 검토 필요서류·공과금·보수 구분 안내 원본 전달 후 접수·보정·완료 공유 부동산 소재 지역·종류 의뢰인·상속인 거주 지역 상속인 수·협의 여부 현재 준비된 서류(사진 가능) 수임 전에 진행 바로 상담을 시작해 보세요. 방문이 필요한 경우 미리 안내합니다. 타지역이라는 이유만으로 비용을 올리지 않습니다. 가까운 사무소인지보다 직접 검토·비용·진행 공유를 확인하세요. 충북 상속등기 가능 여부부터 확인하기 청주·충주·제천 등 시별로 부동산이 나뉘거나 토지·주택이 함께 있는 경우 지번 목록을 먼저 맞춥니다. 안윤정 법무사 직접 확인 비대면 필요서류 안내 보수와 공과금 구분 접수·보정·완료 진행상황 공유 부산 해운대 사무소에 비,490,3,/업무사례/청주상속등기법무사::충북 상속등기 법무사 || /업무사례/충주상속등기법무사::충북 상속등기 법무사 || /업무사례/제천상속등기법무사::충북 상속등기 법무사,전국 상속등기 법무사>/업무사례/전국상속등기법무사 || 청주 상속등기 법무사>/업무사례/청주상속등기법무사 || 충주 상속등기 법무사>/업무사례/충주상속등기법무사 || 제천 상속등기 법무사>/업무사례/제천상속등기법무사 || 지역별 상속등기 법무사>/업무사례/지역별상속등기법무사 || 충북 상속등기 서류 문의>/contact/inquiry?from=nationwide&region=%EC%B6%A9%EB%B6%81&field=inheritance-registration || 상담 안내>/contact || 부산에서 법무사 찾을 때 허브로 돌아가기>/부산법무사 || 해운대·센텀 법무사 상담>/해운대법무사 || 센텀 법인·부동산 등기>/센텀법무사 || 부산 여성 법무사 상담>/부산여성법무사 || 부산 상속등기 절차>/부산상속등기,홈 > 업무 사례 > 지역별 상속등기 > 충북,yes,WebPage+FAQ,,SERP_UNVERIFIED,inheritance-supporting,case,청주·충주·제천등시별로부동산이나뉘거나토지·주택이함께있는경우지번목록을먼저맞춥니다.청주·충주·제천등시별로부동산이나뉘거나토지·주택이함께있는경우지번목록
/업무사례/광주상속등기법무사,generated,"index,follow",yes,/업무사례/광주상속등기법무사,광주 상속등기 법무사｜상속부동산 비용… | 다옴법무사사무소,광주 상속등기 법무사. 비용·서류·절차와 비대면 진행. 광주 지점 없이 부산 사무소에서 가능 여부를 검토합니다. 해운대·센텀 다옴법무사사무소에서 전화·카카오톡·방문(예약) 상담이 가능합니다.,광주 상속등기 법무사｜상속부동산 비용… | 다옴법무사사무소,광주 상속등기 법무사. 비용·서류·절차와 비대면 진행. 광주 지점 없이 부산 사무소에서 가능 여부를 검토합니다. 해운대·센텀 다옴법무사사무소에서 전화·카카오톡·방문(예약) 상담이 가능합니다.,광주광역시 상속등기를 비대면으로 맡기는 방법,광주 부동산 목록부터 맞추는 방법 | 관할 특례와 법정 관할의 차이 | 일반적인 상담 유형 | 해외 거주 상속인이 있는 경우 | 비용 안내 방식 | 관련 지역·업무로 이어가기,광주광역시 상속부동산도 보수와 공과금을 구분해 안내합니다. 상속인이 타지역에 있어도 협의 방식을 확인할 수 있습니다. 광주광역시 상속부동산도 보수와 공과금을 구분해 안내합니다. 상속인이 타지역에 있어도 협의 방식을 확인할 수 있습니다. 다옴법무사사무소는 부산 해운대구에 있으며 광주에 별도 지점이 있는 것은 아닙니다. 광주 부동산·상속인 거주 지역 공유 관할 특례·비대면 가능 범위 검토 필요서류·공과금·보수 구분 안내 원본 전달 후 접수·보정·완료 공유 부동산 소재 지역·종류 의뢰인·상속인 거주 지역 상속인 수·협의 여부 현재 준비된 서류(사진 가능) 수임 전에 진행 바로 상담을 시작해 보세요. 방문이 필요한 경우 미리 안내합니다. 타지역이라는 이유만으로 비용을 올리지 않습니다. 가까운 사무소인지보다 직접 검토·비용·진행 공유를 확인하세요. 광주 부동산 목록부터 맞추는 방법 광주광역시 상속부동산도 보수와 공과금을 구분해 안내합니다. 상속인이 타지역에 있어도 협의 방식을 확인할 수 있습,453,0,,전국 상속등기 법무사>/업무사례/전국상속등기법무사 || 타지역 법무사 의뢰>/업무사례/타지역법무사의뢰 || 지역별 상속등기 법무사>/업무사례/지역별상속등기법무사 || 전남 상속등기 법무사>/업무사례/전남상속등기법무사 || 광주 상속등기 가능 여부 확인>/contact/inquiry?from=nationwide&region=%EA%B4%91%EC%A3%BC&field=inheritance-registration || 상담 안내>/contact || 부산에서 법무사 찾을 때 허브로 돌아가기>/부산법무사 || 해운대·센텀 법무사 상담>/해운대법무사 || 센텀 법인·부동산 등기>/센텀법무사 || 부산 여성 법무사 상담>/부산여성법무사 || 부산 상속등기 절차>/부산상속등기 || 부산 법인등기 안내>/부산법인등기,홈 > 업무 사례 > 지역별 상속등기 > 광주,yes,WebPage+FAQ,,SERP_UNVERIFIED,inheritance-supporting,case,광주광역시상속부동산도보수와공과금을구분해안내합니다.상속인이타지역에있어도협의방식을확인할수있습니다.광주광역시상속부동산도보수와공과금을구분해안내합니다.상
/업무사례/전남상속등기법무사,generated,"index,follow",yes,/업무사례/전남상속등기법무사,전남 상속등기 법무사｜여수·순천·목포… | 다옴법무사사무소,전남 상속등기 법무사. 여수·순천·목포 토지·주택 일괄 정리. 전남 지점 없이 부산에서 비대면으로 검토합니다. 해운대·센텀 다옴법무사사무소에서 전화·카카오톡·방문(예약) 상담이 가능합니다.,전남 상속등기 법무사｜여수·순천·목포… | 다옴법무사사무소,전남 상속등기 법무사. 여수·순천·목포 토지·주택 일괄 정리. 전남 지점 없이 부산에서 비대면으로 검토합니다. 해운대·센텀 다옴법무사사무소에서 전화·카카오톡·방문(예약) 상담이 가능합니다.,전남 여러 지역의 상속부동산을 한 번에 정리하려면,전남 상속등기 가능 여부부터 확인하기 | 부산 해운대 사무소에 비대면으로 맡기는 이유 | 전남과 타지역 상속인의 거리 문제 | 필요서류 체크리스트 | 진행 상황 공유 방식 | 타지역 법무사를 고를 때 확인할 사항,여수·순천·목포처럼 연안·내륙 도시가 나뉜 경우 토지·주택 필지 확인이 중요합니다. 상속인이 수도권에 거주하는 경우도 많습니다. 여수·순천·목포처럼 연안·내륙 도시가 나뉜 경우 토지·주택 필지 확인이 중요합니다. 상속인이 수도권에 거주하는 경우도 많습니다. 다옴법무사사무소는 부산 해운대구에 있으며 전남에 별도 지점이 있는 것은 아닙니다. 전남 부동산·상속인 거주 지역 공유 관할 특례·비대면 가능 범위 검토 필요서류·공과금·보수 구분 안내 원본 전달 후 접수·보정·완료 공유 부동산 소재 지역·종류 의뢰인·상속인 거주 지역 상속인 수·협의 여부 현재 준비된 서류(사진 가능) 수임 전에 진행 바로 상담을 시작해 보세요. 방문이 필요한 경우 미리 안내합니다. 타지역이라는 이유만으로 비용을 올리지 않습니다. 가까운 사무소인지보다 직접 검토·비용·진행 공유를 확인하세요. 전남 상속등기 가능 여부부터 확인하기 여수·순천·목포처럼 연안·내륙 도시가 나뉜 경우 토지·주택 필지 확인이 중요합니다. 상,451,6,/업무사례/광주상속등기법무사::전남 상속등기 법무사 || /업무사례/순천상속등기법무사::전남 상속등기 법무사 || /업무사례/여수상속등기법무사::전남 상속등기 법무사 || /업무사례/목포상속등기법무사::전남 상속등기 법무사 || /업무사례/광양상속등기법무사::전남 상속등기 법무사 || /업무사례/나주정읍상속등기법무사::전남 상속등기 법무사,여러 지역에 흩어진 상속부동산 등기>/업무사례/전국상속부동산일괄등기 || 순천 상속등기 법무사>/업무사례/순천상속등기법무사 || 여수 상속등기 법무사>/업무사례/여수상속등기법무사 || 목포 상속등기 법무사>/업무사례/목포상속등기법무사 || 광양 상속등기 법무사>/업무사례/광양상속등기법무사 || 전남 토지·주택 상속 문의>/contact/inquiry?from=nationwide&region=%EC%A0%84%EB%82%A8&field=inheritance-registration || 상담 안내>/contact || 부산에서 법무사 찾을 때 허브로 돌아가기>/부산법무사 || 해운대·센텀 법무사 상담>/해운대법무사 || 센텀 법인·부동산 등기>/센텀법무사 || 부산 여성 법무사 상담>/부산여성법무사 || 부산 상속등기 절차>/부산상속등기,홈 > 업무 사례 > 지역별 상속등기 > 전남,yes,WebPage+FAQ,,SERP_UNVERIFIED,inheritance-supporting,case,여수·순천·목포처럼연안·내륙도시가나뉜경우토지·주택필지확인이중요합니다.상속인이수도권에거주하는경우도많습니다.여수·순천·목포처럼연안·내륙도시가나뉜경우
/업무사례/전북상속등기법무사,generated,"index,follow",yes,/업무사례/전북상속등기법무사,전북 상속등기 법무사｜전주·익산·군산… | 다옴법무사사무소,전북 상속등기 법무사. 전주·익산·군산 부동산 상속 절차·서류. 전북 지점 없이 부산 해운대에서 안내합니다. 해운대·센텀 다옴법무사사무소에서 전화·카카오톡·방문(예약) 상담이 가능합니다.,전북 상속등기 법무사｜전주·익산·군산… | 다옴법무사사무소,전북 상속등기 법무사. 전주·익산·군산 부동산 상속 절차·서류. 전북 지점 없이 부산 해운대에서 안내합니다. 해운대·센텀 다옴법무사사무소에서 전화·카카오톡·방문(예약) 상담이 가능합니다.,전북 상속부동산의 필요서류와 비용,전북 소재 부동산의 관할 특례 검토 | 전북 아파트·토지·상가가 섞인 경우 | 여러 지역 부동산을 함께 정리할 때 | 법무사 보수와 공과금 구분 | 원본서류 전달과 본인확인 | 상담 전 확인하면 좋은 항목,전주·익산·군산 등 시별로 아파트·상가·토지가 섞인 경우 비용 항목을 구분해 설명합니다. 전주·익산·군산 등 시별로 아파트·상가·토지가 섞인 경우 비용 항목을 구분해 설명합니다. 다옴법무사사무소는 부산 해운대구에 있으며 전북에 별도 지점이 있는 것은 아닙니다. 전북 부동산·상속인 거주 지역 공유 관할 특례·비대면 가능 범위 검토 필요서류·공과금·보수 구분 안내 원본 전달 후 접수·보정·완료 공유 부동산 소재 지역·종류 의뢰인·상속인 거주 지역 상속인 수·협의 여부 현재 준비된 서류(사진 가능) 수임 전에 진행 바로 상담을 시작해 보세요. 방문이 필요한 경우 미리 안내합니다. 타지역이라는 이유만으로 비용을 올리지 않습니다. 가까운 사무소인지보다 직접 검토·비용·진행 공유를 확인하세요. 전북 소재 부동산의 관할 특례 검토 전주·익산·군산 등 시별로 아파트·상가·토지가 섞인 경우 비용 항목을 구분해 설명합니다. 안윤정 법무사 직접 확인 비대면 필요서류 안내 보수와 공과금 구분 접수·보정·,442,5,/업무사례/전주상속등기법무사::전북 상속등기 법무사 || /업무사례/익산상속등기법무사::전북 상속등기 법무사 || /업무사례/군산상속등기법무사::전북 상속등기 법무사 || /업무사례/나주정읍상속등기법무사::전북 상속등기 법무사 || /업무사례/남원상속등기법무사::전북 상속등기 법무사,전국 상속등기 법무사>/업무사례/전국상속등기법무사 || 전주 상속등기 법무사>/업무사례/전주상속등기법무사 || 익산 상속등기 법무사>/업무사례/익산상속등기법무사 || 군산 상속등기 법무사>/업무사례/군산상속등기법무사 || 지역별 상속등기 법무사>/업무사례/지역별상속등기법무사 || 전북 상속등기 서류·비용 확인>/contact/inquiry?from=nationwide&region=%EC%A0%84%EB%B6%81&field=inheritance-registration || 상담 안내>/contact || 부산에서 법무사 찾을 때 허브로 돌아가기>/부산법무사 || 해운대·센텀 법무사 상담>/해운대법무사 || 센텀 법인·부동산 등기>/센텀법무사 || 부산 여성 법무사 상담>/부산여성법무사 || 부산 상속등기 절차>/부산상속등기,홈 > 업무 사례 > 지역별 상속등기 > 전북,yes,WebPage+FAQ,,SERP_UNVERIFIED,inheritance-supporting,case,전주·익산·군산등시별로아파트·상가·토지가섞인경우비용항목을구분해설명합니다.전주·익산·군산등시별로아파트·상가·토지가섞인경우비용항목을구분해설명합니다.
/업무사례/경북상속등기법무사,generated,"index,follow",yes,/업무사례/경북상속등기법무사,경북 상속등기 법무사｜포항·구미·경산… | 다옴법무사사무소,경북 상속등기 법무사. 포항·구미·경산 여러 부동산 정리. 경북 지점 없이 부산에서 비대면으로 검토합니다. 해운대·센텀 다옴법무사사무소에서 전화·카카오톡·방문(예약) 상담이 가능합니다.,경북 상속등기 법무사｜포항·구미·경산… | 다옴법무사사무소,경북 상속등기 법무사. 포항·구미·경산 여러 부동산 정리. 경북 지점 없이 부산에서 비대면으로 검토합니다. 해운대·센텀 다옴법무사사무소에서 전화·카카오톡·방문(예약) 상담이 가능합니다.,경북 아파트·토지 상속등기를 한 사무소에서 진행하려면,경북 상속등기 가능 여부부터 확인하기 | 부산 해운대 사무소에 비대면으로 맡기는 이유 | 경북과 타지역 상속인의 거리 문제 | 필요서류 체크리스트 | 진행 상황 공유 방식 | 타지역 법무사를 고를 때 확인할 사항 | 상담 시 확인하는 내용,포항·구미·경산처럼 산업·주거 도시가 나뉜 경우 아파트와 토지 목록을 분리해 확인합니다. 포항·구미·경산처럼 산업·주거 도시가 나뉜 경우 아파트와 토지 목록을 분리해 확인합니다. 경북 부동산·상속인 거주 지역 공유 관할 특례·비대면 가능 범위 검토 필요서류·공과금·보수 구분 안내 원본 전달 후 접수·보정·완료 공유 부동산 소재 지역·종류 의뢰인·상속인 거주 지역 상속인 수·협의 여부 현재 준비된 서류(사진 가능) 수임 전에 진행 바로 상담을 시작해 보세요. 방문이 필요한 경우 미리 안내합니다. 타지역이라는 이유만으로 비용을 올리지 않습니다. 가까운 사무소인지보다 직접 검토·비용·진행 공유를 확인하세요. 경북 상속등기 가능 여부부터 확인하기 포항·구미·경산처럼 산업·주거 도시가 나뉜 경우 아파트와 토지 목록을 분리해 확인합니다. 안윤정 법무사 직접 확인 비대면 필요서류 안내 보수와 공과금 구분 접수·보정·완료 진행상황 공유 부산 해운대 사무소에 비대면으로 맡기는 이유 경북 소재 부동산,471,7,/업무사례/포항상속등기법무사::경북 상속등기 법무사 || /업무사례/구미상속등기법무사::경북 상속등기 법무사 || /업무사례/경산상속등기법무사::경북 상속등기 법무사 || /업무사례/경주상속등기법무사::경북 상속등기 법무사 || /업무사례/경북법무사업무::경북상속등기법무사 || /업무사례/경북상속등기비용::경북상속등기법무사 || /업무사례/경북상속등기필요서류::경북상속등기법무사,여러 지역에 흩어진 상속부동산 등기>/업무사례/전국상속부동산일괄등기 || 포항 상속등기 법무사>/업무사례/포항상속등기법무사 || 구미 상속등기 법무사>/업무사례/구미상속등기법무사 || 경산 상속등기 법무사>/업무사례/경산상속등기법무사 || 지역별 상속등기 법무사>/업무사례/지역별상속등기법무사 || 경북 부동산 일괄 정리 문의>/contact/inquiry?from=nationwide&region=%EA%B2%BD%EB%B6%81&field=inheritance-registration || 상담 안내>/contact || 부산에서 법무사 찾을 때 허브로 돌아가기>/부산법무사 || 해운대·센텀 법무사 상담>/해운대법무사 || 센텀 법인·부동산 등기>/센텀법무사 || 부산 여성 법무사 상담>/부산여성법무사 || 부산 상속등기 절차>/부산상속등기,홈 > 업무 사례 > 지역별 상속등기 > 경북,yes,WebPage+FAQ,,SERP_UNVERIFIED,inheritance-supporting,case,포항·구미·경산처럼산업·주거도시가나뉜경우아파트와토지목록을분리해확인합니다.포항·구미·경산처럼산업·주거도시가나뉜경우아파트와토지목록을분리해확인합니다.
/업무사례/강원상속등기법무사,generated,"index,follow",yes,/업무사례/강원상속등기법무사,강원 상속등기 법무사｜원주·춘천·강릉… | 다옴법무사사무소,강원 상속등기 법무사. 원주·춘천·강릉 토지·주택 상속과 비대면 진행. 강원 지점 없이 부산 사무소에서 안내합니다. 해운대·센텀 다옴법무사사무소에서 전화·카카오톡·방문(예약) 상담이 가능합니다.,강원 상속등기 법무사｜원주·춘천·강릉… | 다옴법무사사무소,강원 상속등기 법무사. 원주·춘천·강릉 토지·주택 상속과 비대면 진행. 강원 지점 없이 부산 사무소에서 안내합니다. 해운대·센텀 다옴법무사사무소에서 전화·카카오톡·방문(예약) 상담이 가능합니다.,강원도 상속부동산을 비대면으로 정리하는 방법,강원 부동산 목록부터 맞추는 방법 | 관할 특례와 법정 관할의 차이 | 일반적인 상담 유형 | 해외 거주 상속인이 있는 경우 | 비용 안내 방식 | 관련 지역·업무로 이어가기 | 상담 시 확인하는 내용,토지·임야·농지와 주택이 함께 있는 경우가 많아 지번 확인이 중요합니다. 상속인이 수도권에 거주하는 상담도 많습니다. 토지·임야·농지와 주택이 함께 있는 경우가 많아 지번 확인이 중요합니다. 상속인이 수도권에 거주하는 상담도 많습니다. 강원 부동산·상속인 거주 지역 공유 관할 특례·비대면 가능 범위 검토 필요서류·공과금·보수 구분 안내 원본 전달 후 접수·보정·완료 공유 부동산 소재 지역·종류 의뢰인·상속인 거주 지역 상속인 수·협의 여부 현재 준비된 서류(사진 가능) 수임 전에 진행 바로 상담을 시작해 보세요. 방문이 필요한 경우 미리 안내합니다. 타지역이라는 이유만으로 비용을 올리지 않습니다. 가까운 사무소인지보다 직접 검토·비용·진행 공유를 확인하세요. 강원 부동산 목록부터 맞추는 방법 토지·임야·농지와 주택이 함께 있는 경우가 많아 지번 확인이 중요합니다. 상속인이 수도권에 거주하는 상담도 많습니다. 안윤정 법무사 직접 확인 비대면 필요서류 안내 보수와 공과금 구분 접수·보정,477,6,/업무사례/원주상속등기법무사::강원 상속등기 법무사 || /업무사례/춘천상속등기법무사::강원 상속등기 법무사 || /업무사례/강릉상속등기법무사::강원 상속등기 법무사 || /업무사례/속초상속등기법무사::강원 상속등기 법무사 || /업무사례/동해삼척상속등기법무사::강원 상속등기 법무사 || /업무사례/홍천상속등기법무사::강원 상속등기 법무사,전국 상속등기 법무사>/업무사례/전국상속등기법무사 || 전국 비대면 법무사>/업무사례/전국비대면법무사 || 원주 상속등기 법무사>/업무사례/원주상속등기법무사 || 춘천 상속등기 법무사>/업무사례/춘천상속등기법무사 || 강릉 상속등기 법무사>/업무사례/강릉상속등기법무사 || 속초 비대면 상속등기>/업무사례/속초상속등기법무사 || 강원 토지·주택 상속 문의>/contact/inquiry?from=nationwide&region=%EA%B0%95%EC%9B%90&field=inheritance-registration || 상담 안내>/contact || 부산에서 법무사 찾을 때 허브로 돌아가기>/부산법무사 || 해운대·센텀 법무사 상담>/해운대법무사 || 센텀 법인·부동산 등기>/센텀법무사 || 부산 여성 법무사 상담>/부산여성법무사,홈 > 업무 사례 > 지역별 상속등기 > 강원,yes,WebPage+FAQ,,SERP_UNVERIFIED,inheritance-supporting,case,토지·임야·농지와주택이함께있는경우가많아지번확인이중요합니다.상속인이수도권에거주하는상담도많습니다.토지·임야·농지와주택이함께있는경우가많아지번확인이중요
/업무사례/제주상속등기법무사,generated,"index,follow",yes,/업무사례/제주상속등기법무사,제주 상속등기 법무사｜육지에 살아도 … | 다옴법무사사무소,제주 상속등기 법무사. 육지 거주 상속인의 제주 부동산 비대면 진행. 제주 지점 없이 부산 해운대에서 가능 여부를 검토합니다. 해운대·센텀 다옴법무사사무소에서 전화·카카오톡·방문(예약) 상담이 가능합니다.,제주 상속등기 법무사｜육지에 살아도 … | 다옴법무사사무소,제주 상속등기 법무사. 육지 거주 상속인의 제주 부동산 비대면 진행. 제주 지점 없이 부산 해운대에서 가능 여부를 검토합니다. 해운대·센텀 다옴법무사사무소에서 전화·카카오톡·방문(예약) 상담이 가능합니다.,제주 상속부동산을 부산 법무사에게 맡기는 방법,제주 상속등기 가능 여부부터 확인하기 | 부산 해운대 사무소에 비대면으로 맡기는 이유 | 제주과 타지역 상속인의 거리 문제 | 필요서류 체크리스트 | 진행 상황 공유 방식 | 타지역 법무사를 고를 때 확인할 사항,상속부동산은 제주에 있고 상속인은 육지에 거주하는 경우가 많습니다. 토지와 주택이 여러 필지로 나뉜 경우 방문 횟수를 줄이는 절차를 안내합니다. 상속부동산은 제주에 있고 상속인은 육지에 거주하는 경우가 많습니다. 토지와 주택이 여러 필지로 나뉜 경우 방문 횟수를 줄이는 절차를 안내합니다. 다옴법무사사무소는 부산 해운대구에 있으며 제주에 별도 지점이 있는 것은 아닙니다. 관할 특례와 비대면 서류 전달을 검토합니다. 제주 부동산·상속인 거주 지역 공유 관할 특례·비대면 가능 범위 검토 필요서류·공과금·보수 구분 안내 원본 전달 후 접수·보정·완료 공유 부동산 소재 지역·종류 의뢰인·상속인 거주 지역 상속인 수·협의 여부 현재 준비된 서류(사진 가능) 수임 전에 진행 바로 상담을 시작해 보세요. 방문이 필요한 경우 미리 안내합니다. 타지역이라는 이유만으로 비용을 올리지 않습니다. 가까운 사무소인지보다 직접 검토·비용·진행 공유를 확인하세요. 제주 상속등기 가능 여부부터 확인하기 상속부동산,539,4,/제주타지역상속인부동산::부산 제주 부동산과 타지역 상속인 참고 사례 자세히 보기 || /업무사례/지역별상속등기법무사::제주 상속등기 법무사 || /업무사례/제주시상속등기법무사::제주 상속등기 법무사 || /업무사례/서귀포상속등기법무사::제주 상속등기 법무사,전국 상속등기 법무사>/업무사례/전국상속등기법무사 || 전국 비대면 법무사>/업무사례/전국비대면법무사 || 제주시 상속등기 법무사>/업무사례/제주시상속등기법무사 || 서귀포 상속등기 법무사>/업무사례/서귀포상속등기법무사 || 지역별 상속등기 법무사>/업무사례/지역별상속등기법무사 || 제주 상속등기 가능 여부 확인>/contact/inquiry?from=nationwide&region=%EC%A0%9C%EC%A3%BC&field=inheritance-registration || 상담 안내>/contact || 부산에서 법무사 찾을 때 허브로 돌아가기>/부산법무사 || 해운대·센텀 법무사 상담>/해운대법무사 || 센텀 법인·부동산 등기>/센텀법무사 || 부산 여성 법무사 상담>/부산여성법무사 || 부산 상속등기 절차>/부산상속등기,홈 > 업무 사례 > 지역별 상속등기 > 제주,yes,WebPage+FAQ,,SERP_UNVERIFIED,inheritance-supporting,case,상속부동산은제주에있고상속인은육지에거주하는경우가많습니다.토지와주택이여러필지로나뉜경우방문횟수를줄이는절차를안내합니다.상속부동산은제주에있고상속인은육지에
/업무사례/강남구상속등기법무사,generated,"index,follow",yes,/업무사례/강남구상속등기법무사,강남구 상속등기 법무사｜아파트·상가 … | 다옴법무사사무소,강남구 상속등기 법무사. 고가 아파트·상가·오피스가 많고 상속인이 해외·지방에 거주하는 사례가 잦습니다. 강남구 지점 없이 부산 해운대 사무소에서 관할 특례·비대면 상담부터 신청까지 진행합니다.,강남구 상속등기 법무사｜아파트·상가 … | 다옴법무사사무소,강남구 상속등기 법무사. 고가 아파트·상가·오피스가 많고 상속인이 해외·지방에 거주하는 사례가 잦습니다. 강남구 지점 없이 부산 해운대 사무소에서 관할 특례·비대면 상담부터 신청까지 진행합니다.,강남구 상속부동산을 부산 방문 없이 맡기는 방법,강남구 소재 부동산의 관할 특례 검토 | 강남구 아파트·토지·상가가 섞인 경우 | 여러 지역 부동산을 함께 정리할 때 | 법무사 보수와 공과금 구분 | 원본서류 전달과 본인확인 | 상담 전 확인하면 좋은 항목,"강남구 상속등기를 검색하셔도 반드시 강남구에 사무소가 있어야 하는 것은 아닙니다. 고가 아파트·상가·오피스가 많고 상속인이 해외·지방에 거주하는 사례가 잦습니다. 상속인이 서울·부산·해외 등 다른 지역에 있어도, 협의분할·위임·등기부 확인을 한 사무소에서 정리할 수 있는지 먼저 검토합니다. 공과금과 법무사 보수를 구분해 안내하며, 가짜 실적이나 지점 존재를 표현하지 않습니다. 강남구 상속등기를 검색하셔도 반드시 강남구에 사무소가 있어야 하는 것은 아닙니다. 고가 아파트·상가·오피스가 많고 상속인이 해외·지방에 거주하는 사례가 잦습니다. 상속인이 서울·부산·해외 등 다른 지역에 있어도, 협의분할·위임·등기부 확인을 한 사무소에서 정리할 수 있는지 먼저 검토합니다. 공과금과 법무사 보수를 구분해 안내하며, 가짜 실적이나 지점 존재를 표현하지 않습니다. 다옴법무사사무소는 부산 해운대구에 있으며 강남구에 별도 지점이 있는 것은 아닙니다. 상속등기 관할 특례와 비대면 서류 전달 방식을 검토하",569,3,/업무사례/서울상속등기법무사::강남구 상속등기 법무사 || /업무사례/서초구상속등기법무사::강남구 상속등기 법무사 || /업무사례/송파구상속등기법무사::강남구 상속등기 법무사,전국 상속등기 법무사>/업무사례/전국상속등기법무사 || 여러 지역에 흩어진 상속부동산 등기>/업무사례/전국상속부동산일괄등기 || 서울 상속등기 법무사>/업무사례/서울상속등기법무사 || 서초구 상속등기 법무사>/업무사례/서초구상속등기법무사 || 송파구 상속등기 법무사>/업무사례/송파구상속등기법무사 || 지역별 상속등기 법무사>/업무사례/지역별상속등기법무사 || 강남구 상속등기 가능 여부 확인>/contact/inquiry?from=nationwide&region=%EC%84%9C%EC%9A%B8+%EA%B0%95%EB%82%A8%EA%B5%AC&field=inheritance-registration || 상담 안내>/contact || 부산에서 법무사 찾을 때 허브로 돌아가기>/부산법무사 || 해운대·센텀 법무사 상담>/해운대법무사 || 센텀 법인·부동산 등기>/센텀법무사 || 부산 여성 법무사 상담>/부산여성법무사,홈 > 업무 사례 > 지역별 상속등기 > 강남구,yes,WebPage+FAQ,,SERP_UNVERIFIED,inheritance-supporting,case,강남구상속등기를검색하셔도반드시강남구에사무소가있어야하는것은아닙니다.고가아파트·상가·오피스가많고상속인이해외·지방에거주하는사례가잦습니다.상속인이서울·
/업무사례/서초구상속등기법무사,generated,"index,follow",yes,/업무사례/서초구상속등기법무사,서초구 상속등기 법무사｜상속인이 다른… | 다옴법무사사무소,"서초구 상속등기 법무사. 법조·교육 인근 아파트와 상가 상속, 협의분할 논의가 길어지는 경우가 있습니다. 서초구 지점 없이 부산 해운대 사무소에서 관할 특례·비대면 상담부터 신청까지 진행합니다.",서초구 상속등기 법무사｜상속인이 다른… | 다옴법무사사무소,"서초구 상속등기 법무사. 법조·교육 인근 아파트와 상가 상속, 협의분할 논의가 길어지는 경우가 있습니다. 서초구 지점 없이 부산 해운대 사무소에서 관할 특례·비대면 상담부터 신청까지 진행합니다.",서초구 상속등기 비용과 필요서류부터 확인하기,서초구 상속등기 가능 여부부터 확인하기 | 부산 해운대 사무소에 비대면으로 맡기는 이유 | 서초구과 타지역 상속인의 거리 문제 | 필요서류 체크리스트 | 진행 상황 공유 방식 | 타지역 법무사를 고를 때 확인할 사항,"서초구에서 법조·교육 인근 아파트와 상가 상속, 협의분할 논의가 길어지는 경우가 있습니다. 다옴법무사사무소는 부산 해운대에 있으므로 서초구 지점이 있다는 뜻이 아닙니다. 초기 상담에서는 등기부·협의 개요·상속인 거주지만으로 진행 가능 범위를 설명하고, 원본이 필요한 단계는 수임 전에 구분합니다. 아파트·상가·토지가 섞여 있으면 목록표부터 작성하는 것이 누락을 줄입니다. 서초구에서 법조·교육 인근 아파트와 상가 상속, 협의분할 논의가 길어지는 경우가 있습니다. 다옴법무사사무소는 부산 해운대에 있으므로 서초구 지점이 있다는 뜻이 아닙니다. 초기 상담에서는 등기부·협의 개요·상속인 거주지만으로 진행 가능 범위를 설명하고, 원본이 필요한 단계는 수임 전에 구분합니다. 아파트·상가·토지가 섞여 있으면 목록표부터 작성하는 것이 누락을 줄입니다. 다옴법무사사무소는 부산 해운대구에 있으며 서초구에 별도 지점이 있는 것은 아닙니다. 상속등기 관할 특례와 비대면 서류 전달 방식을 검토하여 서초구 소재",535,3,/업무사례/서울상속등기법무사::서초구 상속등기 법무사 || /업무사례/강남구상속등기법무사::서초구 상속등기 법무사 || /업무사례/송파구상속등기법무사::서초구 상속등기 법무사,전국 상속등기 법무사>/업무사례/전국상속등기법무사 || 전국 비대면 법무사>/업무사례/전국비대면법무사 || 서울 상속등기 법무사>/업무사례/서울상속등기법무사 || 강남구 상속등기 법무사>/업무사례/강남구상속등기법무사 || 송파구 상속등기 법무사>/업무사례/송파구상속등기법무사 || 지역별 상속등기 법무사>/업무사례/지역별상속등기법무사 || 서초구 상속등기 가능 여부 확인>/contact/inquiry?from=nationwide&region=%EC%84%9C%EC%9A%B8+%EC%84%9C%EC%B4%88%EA%B5%AC&field=inheritance-registration || 상담 안내>/contact || 부산에서 법무사 찾을 때 허브로 돌아가기>/부산법무사 || 해운대·센텀 법무사 상담>/해운대법무사 || 센텀 법인·부동산 등기>/센텀법무사 || 부산 여성 법무사 상담>/부산여성법무사,홈 > 업무 사례 > 지역별 상속등기 > 서초구,yes,WebPage+FAQ,,SERP_UNVERIFIED,inheritance-supporting,case,"서초구에서법조·교육인근아파트와상가상속,협의분할논의가길어지는경우가있습니다.다옴법무사사무소는부산해운대에있으므로서초구지점이있다는뜻이아닙니다.초기상담에"
/업무사례/송파구상속등기법무사,generated,"index,follow",yes,/업무사례/송파구상속등기법무사,송파구 아파트 상속등기｜비대면 서류 준비와 취득세 | 다옴법무사사무소,송파구 상속등기 법무사. 잠실·문정 일대 대단지 아파트와 상가가 함께 상속되는 경우가 많습니다. 송파구 지점 없이 부산 해운대 사무소에서 관할 특례·비대면 상담부터 신청까지 진행합니다.,송파구 아파트 상속등기｜비대면 서류 준비와 취득세 | 다옴법무사사무소,송파구 상속등기 법무사. 잠실·문정 일대 대단지 아파트와 상가가 함께 상속되는 경우가 많습니다. 송파구 지점 없이 부산 해운대 사무소에서 관할 특례·비대면 상담부터 신청까지 진행합니다.,"송파구 부동산 상속등기, 관할 특례부터 검토하기",송파구 소재 부동산의 관할 특례 검토 | 송파구 아파트·토지·상가가 섞인 경우 | 여러 지역 부동산을 함께 정리할 때 | 법무사 보수와 공과금 구분 | 원본서류 전달과 본인확인 | 상담 전 확인하면 좋은 항목,"송파구 부동산 상속등기 문의는 잠실·문정 일대 대단지 아파트와 상가가 함께 상속되는 경우가 많습니다. 거리보다 관할 특례 적용 여부와 서류 수집 순서가 중요합니다. 부산 해운대 사무소에서 전화·카카오·우편으로 상담하며, 송파구에 별도 출장 사무소는 운영하지 않습니다. 매도를 앞둔 물건이 있으면 협의분할과 신청 순서를 함께 맞춥니다. 송파구 부동산 상속등기 문의는 잠실·문정 일대 대단지 아파트와 상가가 함께 상속되는 경우가 많습니다. 거리보다 관할 특례 적용 여부와 서류 수집 순서가 중요합니다. 부산 해운대 사무소에서 전화·카카오·우편으로 상담하며, 송파구에 별도 출장 사무소는 운영하지 않습니다. 매도를 앞둔 물건이 있으면 협의분할과 신청 순서를 함께 맞춥니다. 다옴법무사사무소는 부산 해운대구에 있으며 송파구에 별도 지점이 있는 것은 아닙니다. 상속등기 관할 특례와 비대면 서류 전달 방식을 검토하여 송파구 소재 부동산도 진행 바로 진행 방법을 안내합니다. 송파구 부동산·상속인 거주 지",533,5,/업무사례/서울상속등기법무사::송파구 상속등기 법무사 || /업무사례/강남구상속등기법무사::송파구 상속등기 법무사 || /업무사례/서초구상속등기법무사::송파구 상속등기 법무사 || /업무사례/성동구상속등기법무사::송파구 상속등기 법무사 || /업무사례/강동구상속등기법무사::송파구 상속등기 법무사,여러 지역에 흩어진 상속부동산 등기>/업무사례/전국상속부동산일괄등기 || 전국 비대면 법무사>/업무사례/전국비대면법무사 || 서울 상속등기 법무사>/업무사례/서울상속등기법무사 || 강남구 상속등기 법무사>/업무사례/강남구상속등기법무사 || 서초구 상속등기 법무사>/업무사례/서초구상속등기법무사 || 지역별 상속등기 법무사>/업무사례/지역별상속등기법무사 || 송파구 상속등기 가능 여부 확인>/contact/inquiry?from=nationwide&region=%EC%84%9C%EC%9A%B8+%EC%86%A1%ED%8C%8C%EA%B5%AC&field=inheritance-registration || 상담 안내>/contact || 부산에서 법무사 찾을 때 허브로 돌아가기>/부산법무사 || 해운대·센텀 법무사 상담>/해운대법무사 || 센텀 법인·부동산 등기>/센텀법무사 || 부산 여성 법무사 상담>/부산여성법무사,홈 > 업무 사례 > 지역별 상속등기 > 송파구,yes,WebPage+FAQ,,SERP_UNVERIFIED,inheritance-supporting,case,송파구부동산상속등기문의는잠실·문정일대대단지아파트와상가가함께상속되는경우가많습니다.거리보다관할특례적용여부와서류수집순서가중요합니다.부산해운대사무소에서
/업무사례/마포구상속등기법무사,generated,"index,follow",yes,/업무사례/마포구상속등기법무사,마포구 상속등기 법무사｜주택·상가 상… | 다옴법무사사무소,마포구 상속등기 법무사. 한강변 아파트·오피스텔·상가가 섞인 상속에서 임대차·근저당 확인이 중요합니다. 마포구 지점 없이 부산 해운대 사무소에서 관할 특례·비대면 상담부터 신청까지 진행합니다.,마포구 상속등기 법무사｜주택·상가 상… | 다옴법무사사무소,마포구 상속등기 법무사. 한강변 아파트·오피스텔·상가가 섞인 상속에서 임대차·근저당 확인이 중요합니다. 마포구 지점 없이 부산 해운대 사무소에서 관할 특례·비대면 상담부터 신청까지 진행합니다.,"마포구에 있는 아파트·토지, 어디서 상속등기를 받을까",마포구 상속등기 가능 여부부터 확인하기 | 부산 해운대 사무소에 비대면으로 맡기는 이유 | 마포구과 타지역 상속인의 거리 문제 | 필요서류 체크리스트 | 진행 상황 공유 방식 | 타지역 법무사를 고를 때 확인할 사항,"마포구 상속등기를 검색하셔도 반드시 마포구에 사무소가 있어야 하는 것은 아닙니다. 한강변 아파트·오피스텔·상가가 섞인 상속에서 임대차·근저당 확인이 중요합니다. 상속인이 서울·부산·해외 등 다른 지역에 있어도, 협의분할·위임·등기부 확인을 한 사무소에서 정리할 수 있는지 먼저 검토합니다. 공과금과 법무사 보수를 구분해 안내하며, 가짜 실적이나 지점 존재를 표현하지 않습니다. 마포구 상속등기를 검색하셔도 반드시 마포구에 사무소가 있어야 하는 것은 아닙니다. 한강변 아파트·오피스텔·상가가 섞인 상속에서 임대차·근저당 확인이 중요합니다. 상속인이 서울·부산·해외 등 다른 지역에 있어도, 협의분할·위임·등기부 확인을 한 사무소에서 정리할 수 있는지 먼저 검토합니다. 공과금과 법무사 보수를 구분해 안내하며, 가짜 실적이나 지점 존재를 표현하지 않습니다. 다옴법무사사무소는 부산 해운대구에 있으며 마포구에 별도 지점이 있는 것은 아닙니다. 상속등기 관할 특례와 비대면 서류 전달 방식을 검토하여 ",534,4,/업무사례/용산구상속등기법무사::마포구 상속등기 법무사 || /업무사례/영등포구상속등기법무사::마포구 상속등기 법무사 || /업무사례/강서구상속등기법무사::마포구 상속등기 법무사 || /업무사례/은평구상속등기법무사::마포구 상속등기 법무사,전국 상속등기 법무사>/업무사례/전국상속등기법무사 || 서울 상속등기 법무사>/업무사례/서울상속등기법무사 || 용산구 상속등기 법무사>/업무사례/용산구상속등기법무사 || 영등포구 상속등기 법무사>/업무사례/영등포구상속등기법무사 || 지역별 상속등기 법무사>/업무사례/지역별상속등기법무사 || 마포구 상속등기 가능 여부 확인>/contact/inquiry?from=nationwide&region=%EC%84%9C%EC%9A%B8+%EB%A7%88%ED%8F%AC%EA%B5%AC&field=inheritance-registration || 상담 안내>/contact || 부산에서 법무사 찾을 때 허브로 돌아가기>/부산법무사 || 해운대·센텀 법무사 상담>/해운대법무사 || 센텀 법인·부동산 등기>/센텀법무사 || 부산 여성 법무사 상담>/부산여성법무사 || 부산 상속등기 절차>/부산상속등기,홈 > 업무 사례 > 지역별 상속등기 > 마포구,yes,WebPage+FAQ,,SERP_UNVERIFIED,inheritance-supporting,case,마포구상속등기를검색하셔도반드시마포구에사무소가있어야하는것은아닙니다.한강변아파트·오피스텔·상가가섞인상속에서임대차·근저당확인이중요합니다.상속인이서울·
/업무사례/용산구상속등기법무사,generated,"index,follow",yes,/업무사례/용산구상속등기법무사,용산구 상속부동산 등기｜여러 상속인의… | 다옴법무사사무소,용산구 상속등기 법무사. 재개발·고급 주거와 상가가 겹치며 권리관계가 복잡한 사례가 있습니다. 용산구 지점 없이 부산 해운대 사무소에서 관할 특례·비대면 상담부터 신청까지 진행합니다.,용산구 상속부동산 등기｜여러 상속인의… | 다옴법무사사무소,용산구 상속등기 법무사. 재개발·고급 주거와 상가가 겹치며 권리관계가 복잡한 사례가 있습니다. 용산구 지점 없이 부산 해운대 사무소에서 관할 특례·비대면 상담부터 신청까지 진행합니다.,용산구 상속인이 여러 지역에 살아도 진행 가능한가,용산구 소재 부동산의 관할 특례 검토 | 용산구 아파트·토지·상가가 섞인 경우 | 여러 지역 부동산을 함께 정리할 때 | 법무사 보수와 공과금 구분 | 원본서류 전달과 본인확인 | 상담 전 확인하면 좋은 항목,"용산구에서 재개발·고급 주거와 상가가 겹치며 권리관계가 복잡한 사례가 있습니다. 다옴법무사사무소는 부산 해운대에 있으므로 용산구 지점이 있다는 뜻이 아닙니다. 초기 상담에서는 등기부·협의 개요·상속인 거주지만으로 진행 가능 범위를 설명하고, 원본이 필요한 단계는 수임 전에 구분합니다. 아파트·상가·토지가 섞여 있으면 목록표부터 작성하는 것이 누락을 줄입니다. 용산구에서 재개발·고급 주거와 상가가 겹치며 권리관계가 복잡한 사례가 있습니다. 다옴법무사사무소는 부산 해운대에 있으므로 용산구 지점이 있다는 뜻이 아닙니다. 초기 상담에서는 등기부·협의 개요·상속인 거주지만으로 진행 가능 범위를 설명하고, 원본이 필요한 단계는 수임 전에 구분합니다. 아파트·상가·토지가 섞여 있으면 목록표부터 작성하는 것이 누락을 줄입니다. 다옴법무사사무소는 부산 해운대구에 있으며 용산구에 별도 지점이 있는 것은 아닙니다. 상속등기 관할 특례와 비대면 서류 전달 방식을 검토하여 용산구 소재 부동산도 진행 바로 ",518,2,/업무사례/마포구상속등기법무사::용산구 상속등기 법무사 || /업무사례/성동구상속등기법무사::용산구 상속등기 법무사,전국 상속등기 법무사>/업무사례/전국상속등기법무사 || 여러 지역에 흩어진 상속부동산 등기>/업무사례/전국상속부동산일괄등기 || 서울 상속등기 법무사>/업무사례/서울상속등기법무사 || 마포구 상속등기 법무사>/업무사례/마포구상속등기법무사 || 성동구 상속등기 법무사>/업무사례/성동구상속등기법무사 || 지역별 상속등기 법무사>/업무사례/지역별상속등기법무사 || 용산구 상속등기 가능 여부 확인>/contact/inquiry?from=nationwide&region=%EC%84%9C%EC%9A%B8+%EC%9A%A9%EC%82%B0%EA%B5%AC&field=inheritance-registration || 상담 안내>/contact || 부산에서 법무사 찾을 때 허브로 돌아가기>/부산법무사 || 해운대·센텀 법무사 상담>/해운대법무사 || 센텀 법인·부동산 등기>/센텀법무사 || 부산 여성 법무사 상담>/부산여성법무사,홈 > 업무 사례 > 지역별 상속등기 > 용산구,yes,WebPage+FAQ,,SERP_UNVERIFIED,inheritance-supporting,case,용산구에서재개발·고급주거와상가가겹치며권리관계가복잡한사례가있습니다.다옴법무사사무소는부산해운대에있으므로용산구지점이있다는뜻이아닙니다.초기상담에서는등기
/업무사례/영등포구상속등기법무사,generated,"index,follow",yes,/업무사례/영등포구상속등기법무사,영등포구 상속등기｜아파트·오피스텔 비대면 진행 | 다옴법무사사무소,영등포구 상속등기 법무사. 여의도·당산 일대 오피스·상가와 주거용 부동산이 함께 넘어오는 상속이 많습니다. 영등포구 지점 없이 부산 해운대 사무소에서 관할 특례·비대면 상담부터 신청까지 진행합니다.,영등포구 상속등기｜아파트·오피스텔 비대면 진행 | 다옴법무사사무소,영등포구 상속등기 법무사. 여의도·당산 일대 오피스·상가와 주거용 부동산이 함께 넘어오는 상속이 많습니다. 영등포구 지점 없이 부산 해운대 사무소에서 관할 특례·비대면 상담부터 신청까지 진행합니다.,영등포구 상속부동산을 부산 방문 없이 맡기는 방법,영등포구 상속등기 가능 여부부터 확인하기 | 부산 해운대 사무소에 비대면으로 맡기는 이유 | 영등포구과 타지역 상속인의 거리 문제 | 필요서류 체크리스트 | 진행 상황 공유 방식 | 타지역 법무사를 고를 때 확인할 사항,"영등포구 부동산 상속등기 문의는 여의도·당산 일대 오피스·상가와 주거용 부동산이 함께 넘어오는 상속이 많습니다. 거리보다 관할 특례 적용 여부와 서류 수집 순서가 중요합니다. 부산 해운대 사무소에서 전화·카카오·우편으로 상담하며, 영등포구에 별도 출장 사무소는 운영하지 않습니다. 매도를 앞둔 물건이 있으면 협의분할과 신청 순서를 함께 맞춥니다. 영등포구 부동산 상속등기 문의는 여의도·당산 일대 오피스·상가와 주거용 부동산이 함께 넘어오는 상속이 많습니다. 거리보다 관할 특례 적용 여부와 서류 수집 순서가 중요합니다. 부산 해운대 사무소에서 전화·카카오·우편으로 상담하며, 영등포구에 별도 출장 사무소는 운영하지 않습니다. 매도를 앞둔 물건이 있으면 협의분할과 신청 순서를 함께 맞춥니다. 다옴법무사사무소는 부산 해운대구에 있으며 영등포구에 별도 지점이 있는 것은 아닙니다. 상속등기 관할 특례와 비대면 서류 전달 방식을 검토하여 영등포구 소재 부동산도 진행 바로 진행 방법을 안내합니다. ",521,4,/업무사례/마포구상속등기법무사::영등포구 상속등기 법무사 || /업무사례/강서구상속등기법무사::영등포구 상속등기 법무사 || /업무사례/관악구상속등기법무사::영등포구 상속등기 법무사 || /업무사례/구로구상속등기법무사::영등포구 상속등기 법무사,전국 상속등기 법무사>/업무사례/전국상속등기법무사 || 전국 비대면 법무사>/업무사례/전국비대면법무사 || 서울 상속등기 법무사>/업무사례/서울상속등기법무사 || 마포구 상속등기 법무사>/업무사례/마포구상속등기법무사 || 강서구 상속등기 법무사>/업무사례/강서구상속등기법무사 || 지역별 상속등기 법무사>/업무사례/지역별상속등기법무사 || 영등포구 상속등기 가능 여부 확인>/contact/inquiry?from=nationwide&region=%EC%84%9C%EC%9A%B8+%EC%98%81%EB%93%B1%ED%8F%AC%EA%B5%AC&field=inheritance-registration || 상담 안내>/contact || 부산에서 법무사 찾을 때 허브로 돌아가기>/부산법무사 || 해운대·센텀 법무사 상담>/해운대법무사 || 센텀 법인·부동산 등기>/센텀법무사 || 부산 여성 법무사 상담>/부산여성법무사,홈 > 업무 사례 > 지역별 상속등기 > 영등포구,yes,WebPage+FAQ,,SERP_UNVERIFIED,inheritance-supporting,case,영등포구부동산상속등기문의는여의도·당산일대오피스·상가와주거용부동산이함께넘어오는상속이많습니다.거리보다관할특례적용여부와서류수집순서가중요합니다.부산해운
/업무사례/성동구상속등기법무사,generated,"index,follow",yes,/업무사례/성동구상속등기법무사,성동구 상속등기 법무사｜부동산이 여러 곳인 경우 | 다옴법무사사무소,성동구 상속등기 법무사. 성수·왕십리 재건축·리모델링 단지와 상가 상속 문의가 꾸준합니다. 성동구 지점 없이 부산 해운대 사무소에서 관할 특례·비대면 상담부터 신청까지 진행합니다.,성동구 상속등기 법무사｜부동산이 여러 곳인 경우 | 다옴법무사사무소,성동구 상속등기 법무사. 성수·왕십리 재건축·리모델링 단지와 상가 상속 문의가 꾸준합니다. 성동구 지점 없이 부산 해운대 사무소에서 관할 특례·비대면 상담부터 신청까지 진행합니다.,성동구 상속등기 비용과 필요서류부터 확인하기,성동구 상속등기 가능 여부부터 확인하기 | 부산 해운대 사무소에 비대면으로 맡기는 이유 | 성동구과 타지역 상속인의 거리 문제 | 필요서류 체크리스트 | 진행 상황 공유 방식 | 타지역 법무사를 고를 때 확인할 사항,"성동구 상속등기를 검색하셔도 반드시 성동구에 사무소가 있어야 하는 것은 아닙니다. 성수·왕십리 재건축·리모델링 단지와 상가 상속 문의가 꾸준합니다. 상속인이 서울·부산·해외 등 다른 지역에 있어도, 협의분할·위임·등기부 확인을 한 사무소에서 정리할 수 있는지 먼저 검토합니다. 공과금과 법무사 보수를 구분해 안내하며, 가짜 실적이나 지점 존재를 표현하지 않습니다. 성동구 상속등기를 검색하셔도 반드시 성동구에 사무소가 있어야 하는 것은 아닙니다. 성수·왕십리 재건축·리모델링 단지와 상가 상속 문의가 꾸준합니다. 상속인이 서울·부산·해외 등 다른 지역에 있어도, 협의분할·위임·등기부 확인을 한 사무소에서 정리할 수 있는지 먼저 검토합니다. 공과금과 법무사 보수를 구분해 안내하며, 가짜 실적이나 지점 존재를 표현하지 않습니다. 다옴법무사사무소는 부산 해운대구에 있으며 성동구에 별도 지점이 있는 것은 아닙니다. 상속등기 관할 특례와 비대면 서류 전달 방식을 검토하여 성동구 소재 부동산도 진행",547,1,/업무사례/용산구상속등기법무사::성동구 상속등기 법무사,여러 지역에 흩어진 상속부동산 등기>/업무사례/전국상속부동산일괄등기 || 전국 비대면 법무사>/업무사례/전국비대면법무사 || 서울 상속등기 법무사>/업무사례/서울상속등기법무사 || 용산구 상속등기 법무사>/업무사례/용산구상속등기법무사 || 송파구 상속등기 법무사>/업무사례/송파구상속등기법무사 || 지역별 상속등기 법무사>/업무사례/지역별상속등기법무사 || 성동구 상속등기 가능 여부 확인>/contact/inquiry?from=nationwide&region=%EC%84%9C%EC%9A%B8+%EC%84%B1%EB%8F%99%EA%B5%AC&field=inheritance-registration || 상담 안내>/contact || 부산에서 법무사 찾을 때 허브로 돌아가기>/부산법무사 || 해운대·센텀 법무사 상담>/해운대법무사 || 센텀 법인·부동산 등기>/센텀법무사 || 부산 여성 법무사 상담>/부산여성법무사,홈 > 업무 사례 > 지역별 상속등기 > 성동구,yes,WebPage+FAQ,,SERP_UNVERIFIED,inheritance-supporting,case,성동구상속등기를검색하셔도반드시성동구에사무소가있어야하는것은아닙니다.성수·왕십리재건축·리모델링단지와상가상속문의가꾸준합니다.상속인이서울·부산·해외등다
/업무사례/강서구상속등기법무사,generated,"index,follow",yes,/업무사례/강서구상속등기법무사,서울 강서구 상속등기｜필요서류와 법무사 비용 안내 | 다옴법무사사무소,"강서구 상속등기 법무사. 김포공항 인근 아파트와 상가, 상속인이 경기·지방에 거주하는 경우가 많습니다. 강서구 지점 없이 부산 해운대 사무소에서 관할 특례·비대면 상담부터 신청까지 진행합니다.",서울 강서구 상속등기｜필요서류와 법무사 비용 안내 | 다옴법무사사무소,"강서구 상속등기 법무사. 김포공항 인근 아파트와 상가, 상속인이 경기·지방에 거주하는 경우가 많습니다. 강서구 지점 없이 부산 해운대 사무소에서 관할 특례·비대면 상담부터 신청까지 진행합니다.","강서구 부동산 상속등기, 관할 특례부터 검토하기",강서구 소재 부동산의 관할 특례 검토 | 강서구 아파트·토지·상가가 섞인 경우 | 여러 지역 부동산을 함께 정리할 때 | 법무사 보수와 공과금 구분 | 원본서류 전달과 본인확인 | 상담 전 확인하면 좋은 항목,"강서구에서 김포공항 인근 아파트와 상가, 상속인이 경기·지방에 거주하는 경우가 많습니다. 다옴법무사사무소는 부산 해운대에 있으므로 강서구 지점이 있다는 뜻이 아닙니다. 초기 상담에서는 등기부·협의 개요·상속인 거주지만으로 진행 가능 범위를 설명하고, 원본이 필요한 단계는 수임 전에 구분합니다. 아파트·상가·토지가 섞여 있으면 목록표부터 작성하는 것이 누락을 줄입니다. 강서구에서 김포공항 인근 아파트와 상가, 상속인이 경기·지방에 거주하는 경우가 많습니다. 다옴법무사사무소는 부산 해운대에 있으므로 강서구 지점이 있다는 뜻이 아닙니다. 초기 상담에서는 등기부·협의 개요·상속인 거주지만으로 진행 가능 범위를 설명하고, 원본이 필요한 단계는 수임 전에 구분합니다. 아파트·상가·토지가 섞여 있으면 목록표부터 작성하는 것이 누락을 줄입니다. 다옴법무사사무소는 부산 해운대구에 있으며 강서구에 별도 지점이 있는 것은 아닙니다. 상속등기 관할 특례와 비대면 서류 전달 방식을 검토하여 강서구 소재 부",511,2,/업무사례/영등포구상속등기법무사::강서구 상속등기 법무사 || /업무사례/노원구상속등기법무사::강서구 상속등기 법무사,전국 상속등기 법무사>/업무사례/전국상속등기법무사 || 서울 상속등기 법무사>/업무사례/서울상속등기법무사 || 영등포구 상속등기 법무사>/업무사례/영등포구상속등기법무사 || 마포구 상속등기 법무사>/업무사례/마포구상속등기법무사 || 지역별 상속등기 법무사>/업무사례/지역별상속등기법무사 || 강서구 상속등기 가능 여부 확인>/contact/inquiry?from=nationwide&region=%EC%84%9C%EC%9A%B8+%EA%B0%95%EC%84%9C%EA%B5%AC&field=inheritance-registration || 상담 안내>/contact || 부산에서 법무사 찾을 때 허브로 돌아가기>/부산법무사 || 해운대·센텀 법무사 상담>/해운대법무사 || 센텀 법인·부동산 등기>/센텀법무사 || 부산 여성 법무사 상담>/부산여성법무사 || 부산 상속등기 절차>/부산상속등기,홈 > 업무 사례 > 지역별 상속등기 > 강서구,yes,WebPage+FAQ,,SERP_UNVERIFIED,inheritance-supporting,case,"강서구에서김포공항인근아파트와상가,상속인이경기·지방에거주하는경우가많습니다.다옴법무사사무소는부산해운대에있으므로강서구지점이있다는뜻이아닙니다.초기상담에"
/업무사례/노원구상속등기법무사,generated,"index,follow",yes,/업무사례/노원구상속등기법무사,노원구 아파트 상속등기｜상속재산분할협… | 다옴법무사사무소,노원구 상속등기 법무사. 대단지 아파트 위주 상속에서 상속인 간 협의·위임 정리가 핵심입니다. 노원구 지점 없이 부산 해운대 사무소에서 관할 특례·비대면 상담부터 신청까지 진행합니다.,노원구 아파트 상속등기｜상속재산분할협… | 다옴법무사사무소,노원구 상속등기 법무사. 대단지 아파트 위주 상속에서 상속인 간 협의·위임 정리가 핵심입니다. 노원구 지점 없이 부산 해운대 사무소에서 관할 특례·비대면 상담부터 신청까지 진행합니다.,"노원구에 있는 아파트·토지, 어디서 상속등기를 받을까",노원구 상속등기 가능 여부부터 확인하기 | 부산 해운대 사무소에 비대면으로 맡기는 이유 | 노원구과 타지역 상속인의 거리 문제 | 필요서류 체크리스트 | 진행 상황 공유 방식 | 타지역 법무사를 고를 때 확인할 사항,"노원구 부동산 상속등기 문의는 대단지 아파트 위주 상속에서 상속인 간 협의·위임 정리가 핵심입니다. 거리보다 관할 특례 적용 여부와 서류 수집 순서가 중요합니다. 부산 해운대 사무소에서 전화·카카오·우편으로 상담하며, 노원구에 별도 출장 사무소는 운영하지 않습니다. 매도를 앞둔 물건이 있으면 협의분할과 신청 순서를 함께 맞춥니다. 노원구 부동산 상속등기 문의는 대단지 아파트 위주 상속에서 상속인 간 협의·위임 정리가 핵심입니다. 거리보다 관할 특례 적용 여부와 서류 수집 순서가 중요합니다. 부산 해운대 사무소에서 전화·카카오·우편으로 상담하며, 노원구에 별도 출장 사무소는 운영하지 않습니다. 매도를 앞둔 물건이 있으면 협의분할과 신청 순서를 함께 맞춥니다. 다옴법무사사무소는 부산 해운대구에 있으며 노원구에 별도 지점이 있는 것은 아닙니다. 상속등기 관할 특례와 비대면 서류 전달 방식을 검토하여 노원구 소재 부동산도 진행 바로 진행 방법을 안내합니다. 노원구 부동산·상속인 거주 지역 ",517,1,/업무사례/은평구상속등기법무사::노원구 상속등기 법무사,전국 상속등기 법무사>/업무사례/전국상속등기법무사 || 여러 지역에 흩어진 상속부동산 등기>/업무사례/전국상속부동산일괄등기 || 서울 상속등기 법무사>/업무사례/서울상속등기법무사 || 은평구 상속등기 법무사>/업무사례/은평구상속등기법무사 || 강서구 상속등기 법무사>/업무사례/강서구상속등기법무사 || 지역별 상속등기 법무사>/업무사례/지역별상속등기법무사 || 노원구 상속등기 가능 여부 확인>/contact/inquiry?from=nationwide&region=%EC%84%9C%EC%9A%B8+%EB%85%B8%EC%9B%90%EA%B5%AC&field=inheritance-registration || 상담 안내>/contact || 부산에서 법무사 찾을 때 허브로 돌아가기>/부산법무사 || 해운대·센텀 법무사 상담>/해운대법무사 || 센텀 법인·부동산 등기>/센텀법무사 || 부산 여성 법무사 상담>/부산여성법무사,홈 > 업무 사례 > 지역별 상속등기 > 노원구,yes,WebPage+FAQ,,SERP_UNVERIFIED,inheritance-supporting,case,노원구부동산상속등기문의는대단지아파트위주상속에서상속인간협의·위임정리가핵심입니다.거리보다관할특례적용여부와서류수집순서가중요합니다.부산해운대사무소에서전
/업무사례/은평구상속등기법무사,generated,"index,follow",yes,/업무사례/은평구상속등기법무사,은평구 상속등기 법무사｜방문 없이 진… | 다옴법무사사무소,은평구 상속등기 법무사. 북한산 인근 주택·아파트와 외곽 토지가 함께 상속되는 사례가 있습니다. 은평구 지점 없이 부산 해운대 사무소에서 관할 특례·비대면 상담부터 신청까지 진행합니다.,은평구 상속등기 법무사｜방문 없이 진… | 다옴법무사사무소,은평구 상속등기 법무사. 북한산 인근 주택·아파트와 외곽 토지가 함께 상속되는 사례가 있습니다. 은평구 지점 없이 부산 해운대 사무소에서 관할 특례·비대면 상담부터 신청까지 진행합니다.,은평구 상속인이 여러 지역에 살아도 진행 가능한가,은평구 부동산 목록부터 맞추는 방법 | 관할 특례와 법정 관할의 차이 | 일반적인 상담 유형 | 해외 거주 상속인이 있는 경우 | 비용 안내 방식 | 관련 지역·업무로 이어가기,"은평구 상속등기를 검색하셔도 반드시 은평구에 사무소가 있어야 하는 것은 아닙니다. 북한산 인근 주택·아파트와 외곽 토지가 함께 상속되는 사례가 있습니다. 상속인이 서울·부산·해외 등 다른 지역에 있어도, 협의분할·위임·등기부 확인을 한 사무소에서 정리할 수 있는지 먼저 검토합니다. 공과금과 법무사 보수를 구분해 안내하며, 가짜 실적이나 지점 존재를 표현하지 않습니다. 은평구 상속등기를 검색하셔도 반드시 은평구에 사무소가 있어야 하는 것은 아닙니다. 북한산 인근 주택·아파트와 외곽 토지가 함께 상속되는 사례가 있습니다. 상속인이 서울·부산·해외 등 다른 지역에 있어도, 협의분할·위임·등기부 확인을 한 사무소에서 정리할 수 있는지 먼저 검토합니다. 공과금과 법무사 보수를 구분해 안내하며, 가짜 실적이나 지점 존재를 표현하지 않습니다. 다옴법무사사무소는 부산 해운대구에 있으며 은평구에 별도 지점이 있는 것은 아닙니다. 상속등기 관할 특례와 비대면 서류 전달 방식을 검토하여 은평구 소재 부",565,1,/업무사례/노원구상속등기법무사::은평구 상속등기 법무사,전국 상속등기 법무사>/업무사례/전국상속등기법무사 || 전국 비대면 법무사>/업무사례/전국비대면법무사 || 서울 상속등기 법무사>/업무사례/서울상속등기법무사 || 노원구 상속등기 법무사>/업무사례/노원구상속등기법무사 || 마포구 상속등기 법무사>/업무사례/마포구상속등기법무사 || 지역별 상속등기 법무사>/업무사례/지역별상속등기법무사 || 은평구 상속등기 가능 여부 확인>/contact/inquiry?from=nationwide&region=%EC%84%9C%EC%9A%B8+%EC%9D%80%ED%8F%89%EA%B5%AC&field=inheritance-registration || 상담 안내>/contact || 부산에서 법무사 찾을 때 허브로 돌아가기>/부산법무사 || 해운대·센텀 법무사 상담>/해운대법무사 || 센텀 법인·부동산 등기>/센텀법무사 || 부산 여성 법무사 상담>/부산여성법무사,홈 > 업무 사례 > 지역별 상속등기 > 은평구,yes,WebPage+FAQ,,SERP_UNVERIFIED,inheritance-supporting,case,은평구상속등기를검색하셔도반드시은평구에사무소가있어야하는것은아닙니다.북한산인근주택·아파트와외곽토지가함께상속되는사례가있습니다.상속인이서울·부산·해외등
/업무사례/수원상속등기법무사,generated,"index,follow",yes,/업무사례/수원상속등기법무사,수원 상속등기 법무사｜아파트·토지 상… | 다옴법무사사무소,수원 상속등기 법무사. 장안·권선·팔달·영통 등 행정구역이 나뉜 아파트·상가 상속이 많습니다. 수원 지점 없이 부산 해운대 사무소에서 관할 특례·비대면 상담부터 신청까지 진행합니다.,수원 상속등기 법무사｜아파트·토지 상… | 다옴법무사사무소,수원 상속등기 법무사. 장안·권선·팔달·영통 등 행정구역이 나뉜 아파트·상가 상속이 많습니다. 수원 지점 없이 부산 해운대 사무소에서 관할 특례·비대면 상담부터 신청까지 진행합니다.,수원 상속부동산을 부산 방문 없이 맡기는 방법,수원 상속등기 가능 여부부터 확인하기 | 부산 해운대 사무소에 비대면으로 맡기는 이유 | 수원과 타지역 상속인의 거리 문제 | 필요서류 체크리스트 | 진행 상황 공유 방식 | 타지역 법무사를 고를 때 확인할 사항,"수원에서 장안·권선·팔달·영통 등 행정구역이 나뉜 아파트·상가 상속이 많습니다. 다옴법무사사무소는 부산 해운대에 있으므로 수원 지점이 있다는 뜻이 아닙니다. 초기 상담에서는 등기부·협의 개요·상속인 거주지만으로 진행 가능 범위를 설명하고, 원본이 필요한 단계는 수임 전에 구분합니다. 아파트·상가·토지가 섞여 있으면 목록표부터 작성하는 것이 누락을 줄입니다. 수원에서 장안·권선·팔달·영통 등 행정구역이 나뉜 아파트·상가 상속이 많습니다. 다옴법무사사무소는 부산 해운대에 있으므로 수원 지점이 있다는 뜻이 아닙니다. 초기 상담에서는 등기부·협의 개요·상속인 거주지만으로 진행 가능 범위를 설명하고, 원본이 필요한 단계는 수임 전에 구분합니다. 아파트·상가·토지가 섞여 있으면 목록표부터 작성하는 것이 누락을 줄입니다. 다옴법무사사무소는 부산 해운대구에 있으며 수원에 별도 지점이 있는 것은 아닙니다. 상속등기 관할 특례와 비대면 서류 전달 방식을 검토하여 수원 소재 부동산도 진행 바로 진행 방",529,8,/업무사례/경기상속등기법무사::수원 상속등기 법무사 || /업무사례/성남상속등기법무사::수원 상속등기 법무사 || /업무사례/용인상속등기법무사::수원 상속등기 법무사 || /업무사례/안양상속등기법무사::수원 상속등기 법무사 || /업무사례/판교상속등기법무사::수원 상속등기 법무사 || /업무사례/광교상속등기법무사::수원 상속등기 법무사 || /업무사례/군포상속등기법무사::수원 상속등기 법무사 || /업무사례/의왕과천상속등기법무사::수원 상속등기 법무사,여러 지역에 흩어진 상속부동산 등기>/업무사례/전국상속부동산일괄등기 || 전국 비대면 법무사>/업무사례/전국비대면법무사 || 경기 상속등기 법무사>/업무사례/경기상속등기법무사 || 성남 상속등기 법무사>/업무사례/성남상속등기법무사 || 용인 상속등기 법무사>/업무사례/용인상속등기법무사 || 광교 상속등기 법무사>/업무사례/광교상속등기법무사 || 수원 상속등기 가능 여부 확인>/contact/inquiry?from=nationwide&region=%EA%B2%BD%EA%B8%B0+%EC%88%98%EC%9B%90&field=inheritance-registration || 상담 안내>/contact || 부산에서 법무사 찾을 때 허브로 돌아가기>/부산법무사 || 해운대·센텀 법무사 상담>/해운대법무사 || 센텀 법인·부동산 등기>/센텀법무사 || 부산 여성 법무사 상담>/부산여성법무사,홈 > 업무 사례 > 지역별 상속등기 > 수원,yes,WebPage+FAQ,,SERP_UNVERIFIED,inheritance-supporting,case,수원에서장안·권선·팔달·영통등행정구역이나뉜아파트·상가상속이많습니다.다옴법무사사무소는부산해운대에있으므로수원지점이있다는뜻이아닙니다.초기상담에서는등기
/업무사례/성남상속등기법무사,generated,"index,follow",yes,/업무사례/성남상속등기법무사,성남 상속등기 법무사｜분당 아파트 비대면 상속등기 | 다옴법무사사무소,성남 상속등기 법무사. 수정·중원·분당 행정구와 인접 시 부동산이 분산되는 경우가 있습니다. 성남 지점 없이 부산 해운대 사무소에서 관할 특례·비대면 상담부터 신청까지 진행합니다.,성남 상속등기 법무사｜분당 아파트 비대면 상속등기 | 다옴법무사사무소,성남 상속등기 법무사. 수정·중원·분당 행정구와 인접 시 부동산이 분산되는 경우가 있습니다. 성남 지점 없이 부산 해운대 사무소에서 관할 특례·비대면 상담부터 신청까지 진행합니다.,성남 상속등기 비용과 필요서류부터 확인하기,성남 부동산 목록부터 맞추는 방법 | 관할 특례와 법정 관할의 차이 | 일반적인 상담 유형 | 해외 거주 상속인이 있는 경우 | 비용 안내 방식 | 관련 지역·업무로 이어가기,"성남 부동산 상속등기 문의는 수정·중원·분당 행정구와 인접 시 부동산이 분산되는 경우가 있습니다. 거리보다 관할 특례 적용 여부와 서류 수집 순서가 중요합니다. 부산 해운대 사무소에서 전화·카카오·우편으로 상담하며, 성남에 별도 출장 사무소는 운영하지 않습니다. 매도를 앞둔 물건이 있으면 협의분할과 신청 순서를 함께 맞춥니다. 성남 부동산 상속등기 문의는 수정·중원·분당 행정구와 인접 시 부동산이 분산되는 경우가 있습니다. 거리보다 관할 특례 적용 여부와 서류 수집 순서가 중요합니다. 부산 해운대 사무소에서 전화·카카오·우편으로 상담하며, 성남에 별도 출장 사무소는 운영하지 않습니다. 매도를 앞둔 물건이 있으면 협의분할과 신청 순서를 함께 맞춥니다. 다옴법무사사무소는 부산 해운대구에 있으며 성남에 별도 지점이 있는 것은 아닙니다. 상속등기 관할 특례와 비대면 서류 전달 방식을 검토하여 성남 소재 부동산도 진행 바로 진행 방법을 안내합니다. 성남 부동산·상속인 거주 지역 공유 관할 특",507,5,/업무사례/경기상속등기법무사::성남 상속등기 법무사 || /업무사례/수원상속등기법무사::성남 상속등기 법무사 || /업무사례/분당상속등기법무사::성남 상속등기 법무사 || /업무사례/하남상속등기법무사::성남 상속등기 법무사 || /업무사례/판교상속등기법무사::성남 상속등기 법무사,전국 상속등기 법무사>/업무사례/전국상속등기법무사 || 경기 상속등기 법무사>/업무사례/경기상속등기법무사 || 분당 상속등기 법무사>/업무사례/분당상속등기법무사 || 수원 상속등기 법무사>/업무사례/수원상속등기법무사 || 판교 상속등기 법무사>/업무사례/판교상속등기법무사 || 성남 상속등기 가능 여부 확인>/contact/inquiry?from=nationwide&region=%EA%B2%BD%EA%B8%B0+%EC%84%B1%EB%82%A8&field=inheritance-registration || 상담 안내>/contact || 부산에서 법무사 찾을 때 허브로 돌아가기>/부산법무사 || 해운대·센텀 법무사 상담>/해운대법무사 || 센텀 법인·부동산 등기>/센텀법무사 || 부산 여성 법무사 상담>/부산여성법무사 || 부산 상속등기 절차>/부산상속등기,홈 > 업무 사례 > 지역별 상속등기 > 성남,yes,WebPage+FAQ,,SERP_UNVERIFIED,inheritance-supporting,case,성남부동산상속등기문의는수정·중원·분당행정구와인접시부동산이분산되는경우가있습니다.거리보다관할특례적용여부와서류수집순서가중요합니다.부산해운대사무소에서전
/업무사례/분당상속등기법무사,generated,"index,follow",yes,/업무사례/분당상속등기법무사,분당 상속등기 법무사｜아파트 상속인이… | 다옴법무사사무소,분당 상속등기 법무사. 대단지 아파트 상속에서 상속인이 여러 명이거나 타지역·해외 거주인 경우가 많습니다. 분당 지점 없이 부산 해운대 사무소에서 관할 특례·비대면 상담부터 신청까지 진행합니다.,분당 상속등기 법무사｜아파트 상속인이… | 다옴법무사사무소,분당 상속등기 법무사. 대단지 아파트 상속에서 상속인이 여러 명이거나 타지역·해외 거주인 경우가 많습니다. 분당 지점 없이 부산 해운대 사무소에서 관할 특례·비대면 상담부터 신청까지 진행합니다.,"분당 부동산 상속등기, 관할 특례부터 검토하기",분당 소재 부동산의 관할 특례 검토 | 분당 아파트·토지·상가가 섞인 경우 | 여러 지역 부동산을 함께 정리할 때 | 법무사 보수와 공과금 구분 | 원본서류 전달과 본인확인 | 상담 전 확인하면 좋은 항목,"분당 상속등기를 검색하셔도 반드시 분당에 사무소가 있어야 하는 것은 아닙니다. 대단지 아파트 상속에서 상속인이 여러 명이거나 타지역·해외 거주인 경우가 많습니다. 상속인이 서울·부산·해외 등 다른 지역에 있어도, 협의분할·위임·등기부 확인을 한 사무소에서 정리할 수 있는지 먼저 검토합니다. 공과금과 법무사 보수를 구분해 안내하며, 가짜 실적이나 지점 존재를 표현하지 않습니다. 분당 상속등기를 검색하셔도 반드시 분당에 사무소가 있어야 하는 것은 아닙니다. 대단지 아파트 상속에서 상속인이 여러 명이거나 타지역·해외 거주인 경우가 많습니다. 상속인이 서울·부산·해외 등 다른 지역에 있어도, 협의분할·위임·등기부 확인을 한 사무소에서 정리할 수 있는지 먼저 검토합니다. 공과금과 법무사 보수를 구분해 안내하며, 가짜 실적이나 지점 존재를 표현하지 않습니다. 다옴법무사사무소는 부산 해운대구에 있으며 분당에 별도 지점이 있는 것은 아닙니다. 상속등기 관할 특례와 비대면 서류 전달 방식을 검토하여",547,3,/업무사례/경기상속등기법무사::분당 상속등기 법무사 || /업무사례/성남상속등기법무사::분당 상속등기 법무사 || /업무사례/판교상속등기법무사::분당 상속등기 법무사,전국 상속등기 법무사>/업무사례/전국상속등기법무사 || 여러 지역에 흩어진 상속부동산 등기>/업무사례/전국상속부동산일괄등기 || 경기 상속등기 법무사>/업무사례/경기상속등기법무사 || 성남 상속등기 법무사>/업무사례/성남상속등기법무사 || 용인 상속등기 법무사>/업무사례/용인상속등기법무사 || 판교 상속등기 법무사>/업무사례/판교상속등기법무사 || 분당 상속등기 가능 여부 확인>/contact/inquiry?from=nationwide&region=%EA%B2%BD%EA%B8%B0+%EB%B6%84%EB%8B%B9&field=inheritance-registration || 상담 안내>/contact || 부산에서 법무사 찾을 때 허브로 돌아가기>/부산법무사 || 해운대·센텀 법무사 상담>/해운대법무사 || 센텀 법인·부동산 등기>/센텀법무사 || 부산 여성 법무사 상담>/부산여성법무사,홈 > 업무 사례 > 지역별 상속등기 > 분당,yes,WebPage+FAQ,,SERP_UNVERIFIED,inheritance-supporting,case,분당상속등기를검색하셔도반드시분당에사무소가있어야하는것은아닙니다.대단지아파트상속에서상속인이여러명이거나타지역·해외거주인경우가많습니다.상속인이서울·부산
/업무사례/용인상속등기법무사,generated,"index,follow",yes,/업무사례/용인상속등기법무사,용인 상속부동산 등기｜아파트와 토지를… | 다옴법무사사무소,용인 상속등기 법무사. 신도시 아파트와 외곽 토지·농지가 함께 상속되는 패턴이 흔합니다. 용인 지점 없이 부산 해운대 사무소에서 관할 특례·비대면 상담부터 신청까지 진행합니다.,용인 상속부동산 등기｜아파트와 토지를… | 다옴법무사사무소,용인 상속등기 법무사. 신도시 아파트와 외곽 토지·농지가 함께 상속되는 패턴이 흔합니다. 용인 지점 없이 부산 해운대 사무소에서 관할 특례·비대면 상담부터 신청까지 진행합니다.,"용인에 있는 아파트·토지, 어디서 상속등기를 받을까",용인 부동산 목록부터 맞추는 방법 | 관할 특례와 법정 관할의 차이 | 일반적인 상담 유형 | 해외 거주 상속인이 있는 경우 | 비용 안내 방식 | 관련 지역·업무로 이어가기,"용인에서 신도시 아파트와 외곽 토지·농지가 함께 상속되는 패턴이 흔합니다. 다옴법무사사무소는 부산 해운대에 있으므로 용인 지점이 있다는 뜻이 아닙니다. 초기 상담에서는 등기부·협의 개요·상속인 거주지만으로 진행 가능 범위를 설명하고, 원본이 필요한 단계는 수임 전에 구분합니다. 아파트·상가·토지가 섞여 있으면 목록표부터 작성하는 것이 누락을 줄입니다. 용인에서 신도시 아파트와 외곽 토지·농지가 함께 상속되는 패턴이 흔합니다. 다옴법무사사무소는 부산 해운대에 있으므로 용인 지점이 있다는 뜻이 아닙니다. 초기 상담에서는 등기부·협의 개요·상속인 거주지만으로 진행 가능 범위를 설명하고, 원본이 필요한 단계는 수임 전에 구분합니다. 아파트·상가·토지가 섞여 있으면 목록표부터 작성하는 것이 누락을 줄입니다. 다옴법무사사무소는 부산 해운대구에 있으며 용인에 별도 지점이 있는 것은 아닙니다. 상속등기 관할 특례와 비대면 서류 전달 방식을 검토하여 용인 소재 부동산도 진행 바로 진행 방법을 안내합",537,7,/업무사례/수원상속등기법무사::용인 상속등기 법무사 || /업무사례/분당상속등기법무사::용인 상속등기 법무사 || /업무사례/화성상속등기법무사::용인 상속등기 법무사 || /업무사례/동탄상속등기법무사::용인 상속등기 법무사 || /업무사례/경기광주상속등기법무사::용인 상속등기 법무사 || /업무사례/광교상속등기법무사::용인 상속등기 법무사 || /업무사례/이천상속등기법무사::용인 상속등기 법무사,전국 상속등기 법무사>/업무사례/전국상속등기법무사 || 전국 비대면 법무사>/업무사례/전국비대면법무사 || 경기 상속등기 법무사>/업무사례/경기상속등기법무사 || 수원 상속등기 법무사>/업무사례/수원상속등기법무사 || 화성 상속등기 법무사>/업무사례/화성상속등기법무사 || 지역별 상속등기 법무사>/업무사례/지역별상속등기법무사 || 용인 상속등기 가능 여부 확인>/contact/inquiry?from=nationwide&region=%EA%B2%BD%EA%B8%B0+%EC%9A%A9%EC%9D%B8&field=inheritance-registration || 상담 안내>/contact || 부산에서 법무사 찾을 때 허브로 돌아가기>/부산법무사 || 해운대·센텀 법무사 상담>/해운대법무사 || 센텀 법인·부동산 등기>/센텀법무사 || 부산 여성 법무사 상담>/부산여성법무사,홈 > 업무 사례 > 지역별 상속등기 > 용인,yes,WebPage+FAQ,,SERP_UNVERIFIED,inheritance-supporting,case,용인에서신도시아파트와외곽토지·농지가함께상속되는패턴이흔합니다.다옴법무사사무소는부산해운대에있으므로용인지점이있다는뜻이아닙니다.초기상담에서는등기부·협의
/업무사례/고양상속등기법무사,generated,"index,follow",yes,/업무사례/고양상속등기법무사,고양 상속등기 법무사｜일산 부동산 방문 없이 진행 | 다옴법무사사무소,고양 상속등기 법무사. 일산·덕양 생활권과 토지·주택이 섞인 상속 목록 정리가 중요합니다. 고양 지점 없이 부산 해운대 사무소에서 관할 특례·비대면 상담부터 신청까지 진행합니다.,고양 상속등기 법무사｜일산 부동산 방문 없이 진행 | 다옴법무사사무소,고양 상속등기 법무사. 일산·덕양 생활권과 토지·주택이 섞인 상속 목록 정리가 중요합니다. 고양 지점 없이 부산 해운대 사무소에서 관할 특례·비대면 상담부터 신청까지 진행합니다.,고양 상속인이 여러 지역에 살아도 진행 가능한가,고양 소재 부동산의 관할 특례 검토 | 고양 아파트·토지·상가가 섞인 경우 | 여러 지역 부동산을 함께 정리할 때 | 법무사 보수와 공과금 구분 | 원본서류 전달과 본인확인 | 상담 전 확인하면 좋은 항목,"고양 부동산 상속등기 문의는 일산·덕양 생활권과 토지·주택이 섞인 상속 목록 정리가 중요합니다. 거리보다 관할 특례 적용 여부와 서류 수집 순서가 중요합니다. 부산 해운대 사무소에서 전화·카카오·우편으로 상담하며, 고양에 별도 출장 사무소는 운영하지 않습니다. 매도를 앞둔 물건이 있으면 협의분할과 신청 순서를 함께 맞춥니다. 고양 부동산 상속등기 문의는 일산·덕양 생활권과 토지·주택이 섞인 상속 목록 정리가 중요합니다. 거리보다 관할 특례 적용 여부와 서류 수집 순서가 중요합니다. 부산 해운대 사무소에서 전화·카카오·우편으로 상담하며, 고양에 별도 출장 사무소는 운영하지 않습니다. 매도를 앞둔 물건이 있으면 협의분할과 신청 순서를 함께 맞춥니다. 다옴법무사사무소는 부산 해운대구에 있으며 고양에 별도 지점이 있는 것은 아닙니다. 상속등기 관할 특례와 비대면 서류 전달 방식을 검토하여 고양 소재 부동산도 진행 바로 진행 방법을 안내합니다. 고양 부동산·상속인 거주 지역 공유 관할 특례·",534,3,/업무사례/일산상속등기법무사::고양 상속등기 법무사 || /업무사례/김포상속등기법무사::고양 상속등기 법무사 || /업무사례/파주상속등기법무사::고양 상속등기 법무사,여러 지역에 흩어진 상속부동산 등기>/업무사례/전국상속부동산일괄등기 || 전국 비대면 법무사>/업무사례/전국비대면법무사 || 경기 상속등기 법무사>/업무사례/경기상속등기법무사 || 일산 상속등기 법무사>/업무사례/일산상속등기법무사 || 파주 상속등기 법무사>/업무사례/파주상속등기법무사 || 지역별 상속등기 법무사>/업무사례/지역별상속등기법무사 || 고양 상속등기 가능 여부 확인>/contact/inquiry?from=nationwide&region=%EA%B2%BD%EA%B8%B0+%EA%B3%A0%EC%96%91&field=inheritance-registration || 상담 안내>/contact || 부산에서 법무사 찾을 때 허브로 돌아가기>/부산법무사 || 해운대·센텀 법무사 상담>/해운대법무사 || 센텀 법인·부동산 등기>/센텀법무사 || 부산 여성 법무사 상담>/부산여성법무사,홈 > 업무 사례 > 지역별 상속등기 > 고양,yes,WebPage+FAQ,,SERP_UNVERIFIED,inheritance-supporting,case,고양부동산상속등기문의는일산·덕양생활권과토지·주택이섞인상속목록정리가중요합니다.거리보다관할특례적용여부와서류수집순서가중요합니다.부산해운대사무소에서전화
/업무사례/일산상속등기법무사,generated,"index,follow",yes,/업무사례/일산상속등기법무사,일산 상속등기｜아파트·상가 필요서류와 비용 | 다옴법무사사무소,일산 상속등기 법무사. 일산 신·구 아파트와 상가 상속에서 협의분할·매도 순서를 맞추는 상담이 많습니다. 일산 지점 없이 부산 해운대 사무소에서 관할 특례·비대면 상담부터 신청까지 진행합니다.,일산 상속등기｜아파트·상가 필요서류와 비용 | 다옴법무사사무소,일산 상속등기 법무사. 일산 신·구 아파트와 상가 상속에서 협의분할·매도 순서를 맞추는 상담이 많습니다. 일산 지점 없이 부산 해운대 사무소에서 관할 특례·비대면 상담부터 신청까지 진행합니다.,일산 상속부동산을 부산 방문 없이 맡기는 방법,일산 상속등기 가능 여부부터 확인하기 | 부산 해운대 사무소에 비대면으로 맡기는 이유 | 일산과 타지역 상속인의 거리 문제 | 필요서류 체크리스트 | 진행 상황 공유 방식 | 타지역 법무사를 고를 때 확인할 사항,"일산 상속등기를 검색하셔도 반드시 일산에 사무소가 있어야 하는 것은 아닙니다. 일산 신·구 아파트와 상가 상속에서 협의분할·매도 순서를 맞추는 상담이 많습니다. 상속인이 서울·부산·해외 등 다른 지역에 있어도, 협의분할·위임·등기부 확인을 한 사무소에서 정리할 수 있는지 먼저 검토합니다. 공과금과 법무사 보수를 구분해 안내하며, 가짜 실적이나 지점 존재를 표현하지 않습니다. 일산 상속등기를 검색하셔도 반드시 일산에 사무소가 있어야 하는 것은 아닙니다. 일산 신·구 아파트와 상가 상속에서 협의분할·매도 순서를 맞추는 상담이 많습니다. 상속인이 서울·부산·해외 등 다른 지역에 있어도, 협의분할·위임·등기부 확인을 한 사무소에서 정리할 수 있는지 먼저 검토합니다. 공과금과 법무사 보수를 구분해 안내하며, 가짜 실적이나 지점 존재를 표현하지 않습니다. 다옴법무사사무소는 부산 해운대구에 있으며 일산에 별도 지점이 있는 것은 아닙니다. 상속등기 관할 특례와 비대면 서류 전달 방식을 검토하여 일",546,1,/업무사례/고양상속등기법무사::일산 상속등기 법무사,전국 상속등기 법무사>/업무사례/전국상속등기법무사 || 경기 상속등기 법무사>/업무사례/경기상속등기법무사 || 고양 상속등기 법무사>/업무사례/고양상속등기법무사 || 파주 상속등기 법무사>/업무사례/파주상속등기법무사 || 지역별 상속등기 법무사>/업무사례/지역별상속등기법무사 || 일산 상속등기 가능 여부 확인>/contact/inquiry?from=nationwide&region=%EA%B2%BD%EA%B8%B0+%EC%9D%BC%EC%82%B0&field=inheritance-registration || 상담 안내>/contact || 부산에서 법무사 찾을 때 허브로 돌아가기>/부산법무사 || 해운대·센텀 법무사 상담>/해운대법무사 || 센텀 법인·부동산 등기>/센텀법무사 || 부산 여성 법무사 상담>/부산여성법무사 || 부산 상속등기 절차>/부산상속등기,홈 > 업무 사례 > 지역별 상속등기 > 일산,yes,WebPage+FAQ,,SERP_UNVERIFIED,inheritance-supporting,case,일산상속등기를검색하셔도반드시일산에사무소가있어야하는것은아닙니다.일산신·구아파트와상가상속에서협의분할·매도순서를맞추는상담이많습니다.상속인이서울·부산·
/업무사례/화성상속등기법무사,generated,"index,follow",yes,/업무사례/화성상속등기법무사,화성 상속등기 법무사｜동탄 아파트와 … | 다옴법무사사무소,화성 상속등기 법무사. 동탄 신도시와 농지·토지가 함께 있는 상속에서 필지 누락을 줄이는 것이 우선입니다. 화성 지점 없이 부산 해운대 사무소에서 관할 특례·비대면 상담부터 신청까지 진행합니다.,화성 상속등기 법무사｜동탄 아파트와 … | 다옴법무사사무소,화성 상속등기 법무사. 동탄 신도시와 농지·토지가 함께 있는 상속에서 필지 누락을 줄이는 것이 우선입니다. 화성 지점 없이 부산 해운대 사무소에서 관할 특례·비대면 상담부터 신청까지 진행합니다.,화성 상속등기 비용과 필요서류부터 확인하기,화성 소재 부동산의 관할 특례 검토 | 화성 아파트·토지·상가가 섞인 경우 | 여러 지역 부동산을 함께 정리할 때 | 법무사 보수와 공과금 구분 | 원본서류 전달과 본인확인 | 상담 전 확인하면 좋은 항목,"화성에서 동탄 신도시와 농지·토지가 함께 있는 상속에서 필지 누락을 줄이는 것이 우선입니다. 다옴법무사사무소는 부산 해운대에 있으므로 화성 지점이 있다는 뜻이 아닙니다. 초기 상담에서는 등기부·협의 개요·상속인 거주지만으로 진행 가능 범위를 설명하고, 원본이 필요한 단계는 수임 전에 구분합니다. 아파트·상가·토지가 섞여 있으면 목록표부터 작성하는 것이 누락을 줄입니다. 화성에서 동탄 신도시와 농지·토지가 함께 있는 상속에서 필지 누락을 줄이는 것이 우선입니다. 다옴법무사사무소는 부산 해운대에 있으므로 화성 지점이 있다는 뜻이 아닙니다. 초기 상담에서는 등기부·협의 개요·상속인 거주지만으로 진행 가능 범위를 설명하고, 원본이 필요한 단계는 수임 전에 구분합니다. 아파트·상가·토지가 섞여 있으면 목록표부터 작성하는 것이 누락을 줄입니다. 다옴법무사사무소는 부산 해운대구에 있으며 화성에 별도 지점이 있는 것은 아닙니다. 상속등기 관할 특례와 비대면 서류 전달 방식을 검토하여 화성 소재 부",546,4,/업무사례/용인상속등기법무사::화성 상속등기 법무사 || /업무사례/동탄상속등기법무사::화성 상속등기 법무사 || /업무사례/평택상속등기법무사::화성 상속등기 법무사 || /업무사례/오산안성상속등기법무사::화성 상속등기 법무사,전국 상속등기 법무사>/업무사례/전국상속등기법무사 || 여러 지역에 흩어진 상속부동산 등기>/업무사례/전국상속부동산일괄등기 || 경기 상속등기 법무사>/업무사례/경기상속등기법무사 || 동탄 상속등기 법무사>/업무사례/동탄상속등기법무사 || 용인 상속등기 법무사>/업무사례/용인상속등기법무사 || 지역별 상속등기 법무사>/업무사례/지역별상속등기법무사 || 화성 상속등기 가능 여부 확인>/contact/inquiry?from=nationwide&region=%EA%B2%BD%EA%B8%B0+%ED%99%94%EC%84%B1&field=inheritance-registration || 상담 안내>/contact || 부산에서 법무사 찾을 때 허브로 돌아가기>/부산법무사 || 해운대·센텀 법무사 상담>/해운대법무사 || 센텀 법인·부동산 등기>/센텀법무사 || 부산 여성 법무사 상담>/부산여성법무사,홈 > 업무 사례 > 지역별 상속등기 > 화성,yes,WebPage+FAQ,,SERP_UNVERIFIED,inheritance-supporting,case,화성에서동탄신도시와농지·토지가함께있는상속에서필지누락을줄이는것이우선입니다.다옴법무사사무소는부산해운대에있으므로화성지점이있다는뜻이아닙니다.초기상담에서
/업무사례/동탄상속등기법무사,generated,"index,follow",yes,/업무사례/동탄상속등기법무사,동탄 아파트 상속등기｜상속인이 타지역… | 다옴법무사사무소,동탄 상속등기 법무사. 신도시 아파트 상속인이 수도권·영남으로 흩어진 경우 비대면 협의가 필요합니다. 동탄 지점 없이 부산 해운대 사무소에서 관할 특례·비대면 상담부터 신청까지 진행합니다.,동탄 아파트 상속등기｜상속인이 타지역… | 다옴법무사사무소,동탄 상속등기 법무사. 신도시 아파트 상속인이 수도권·영남으로 흩어진 경우 비대면 협의가 필요합니다. 동탄 지점 없이 부산 해운대 사무소에서 관할 특례·비대면 상담부터 신청까지 진행합니다.,"동탄 부동산 상속등기, 관할 특례부터 검토하기",동탄 부동산 목록부터 맞추는 방법 | 관할 특례와 법정 관할의 차이 | 일반적인 상담 유형 | 해외 거주 상속인이 있는 경우 | 비용 안내 방식 | 관련 지역·업무로 이어가기,"동탄 부동산 상속등기 문의는 신도시 아파트 상속인이 수도권·영남으로 흩어진 경우 비대면 협의가 필요합니다. 거리보다 관할 특례 적용 여부와 서류 수집 순서가 중요합니다. 부산 해운대 사무소에서 전화·카카오·우편으로 상담하며, 동탄에 별도 출장 사무소는 운영하지 않습니다. 매도를 앞둔 물건이 있으면 협의분할과 신청 순서를 함께 맞춥니다. 동탄 부동산 상속등기 문의는 신도시 아파트 상속인이 수도권·영남으로 흩어진 경우 비대면 협의가 필요합니다. 거리보다 관할 특례 적용 여부와 서류 수집 순서가 중요합니다. 부산 해운대 사무소에서 전화·카카오·우편으로 상담하며, 동탄에 별도 출장 사무소는 운영하지 않습니다. 매도를 앞둔 물건이 있으면 협의분할과 신청 순서를 함께 맞춥니다. 다옴법무사사무소는 부산 해운대구에 있으며 동탄에 별도 지점이 있는 것은 아닙니다. 상속등기 관할 특례와 비대면 서류 전달 방식을 검토하여 동탄 소재 부동산도 진행 바로 진행 방법을 안내합니다. 동탄 부동산·상속인 거주 ",504,1,/업무사례/화성상속등기법무사::동탄 상속등기 법무사,전국 상속등기 법무사>/업무사례/전국상속등기법무사 || 전국 비대면 법무사>/업무사례/전국비대면법무사 || 경기 상속등기 법무사>/업무사례/경기상속등기법무사 || 화성 상속등기 법무사>/업무사례/화성상속등기법무사 || 용인 상속등기 법무사>/업무사례/용인상속등기법무사 || 지역별 상속등기 법무사>/업무사례/지역별상속등기법무사 || 동탄 상속등기 가능 여부 확인>/contact/inquiry?from=nationwide&region=%EA%B2%BD%EA%B8%B0+%EB%8F%99%ED%83%84&field=inheritance-registration || 상담 안내>/contact || 부산에서 법무사 찾을 때 허브로 돌아가기>/부산법무사 || 해운대·센텀 법무사 상담>/해운대법무사 || 센텀 법인·부동산 등기>/센텀법무사 || 부산 여성 법무사 상담>/부산여성법무사,홈 > 업무 사례 > 지역별 상속등기 > 동탄,yes,WebPage+FAQ,,SERP_UNVERIFIED,inheritance-supporting,case,동탄부동산상속등기문의는신도시아파트상속인이수도권·영남으로흩어진경우비대면협의가필요합니다.거리보다관할특례적용여부와서류수집순서가중요합니다.부산해운대사무
/업무사례/부천상속등기법무사,generated,"index,follow",yes,/업무사례/부천상속등기법무사,부천 상속등기 법무사｜상속재산분할과 취득세 안내 | 다옴법무사사무소,부천 상속등기 법무사. 구·신 아파트와 상가·오피스텔이 함께 넘어오는 상속이 많습니다. 부천 지점 없이 부산 해운대 사무소에서 관할 특례·비대면 상담부터 신청까지 진행합니다.,부천 상속등기 법무사｜상속재산분할과 취득세 안내 | 다옴법무사사무소,부천 상속등기 법무사. 구·신 아파트와 상가·오피스텔이 함께 넘어오는 상속이 많습니다. 부천 지점 없이 부산 해운대 사무소에서 관할 특례·비대면 상담부터 신청까지 진행합니다.,"부천에 있는 아파트·토지, 어디서 상속등기를 받을까",부천 상속등기 가능 여부부터 확인하기 | 부산 해운대 사무소에 비대면으로 맡기는 이유 | 부천과 타지역 상속인의 거리 문제 | 필요서류 체크리스트 | 진행 상황 공유 방식 | 타지역 법무사를 고를 때 확인할 사항,"부천 상속등기를 검색하셔도 반드시 부천에 사무소가 있어야 하는 것은 아닙니다. 구·신 아파트와 상가·오피스텔이 함께 넘어오는 상속이 많습니다. 상속인이 서울·부산·해외 등 다른 지역에 있어도, 협의분할·위임·등기부 확인을 한 사무소에서 정리할 수 있는지 먼저 검토합니다. 공과금과 법무사 보수를 구분해 안내하며, 가짜 실적이나 지점 존재를 표현하지 않습니다. 부천 상속등기를 검색하셔도 반드시 부천에 사무소가 있어야 하는 것은 아닙니다. 구·신 아파트와 상가·오피스텔이 함께 넘어오는 상속이 많습니다. 상속인이 서울·부산·해외 등 다른 지역에 있어도, 협의분할·위임·등기부 확인을 한 사무소에서 정리할 수 있는지 먼저 검토합니다. 공과금과 법무사 보수를 구분해 안내하며, 가짜 실적이나 지점 존재를 표현하지 않습니다. 다옴법무사사무소는 부산 해운대구에 있으며 부천에 별도 지점이 있는 것은 아닙니다. 상속등기 관할 특례와 비대면 서류 전달 방식을 검토하여 부천 소재 부동산도 진행 바로 진행 방",546,2,/업무사례/안양상속등기법무사::부천 상속등기 법무사 || /업무사례/광명상속등기법무사::부천 상속등기 법무사,여러 지역에 흩어진 상속부동산 등기>/업무사례/전국상속부동산일괄등기 || 전국 비대면 법무사>/업무사례/전국비대면법무사 || 경기 상속등기 법무사>/업무사례/경기상속등기법무사 || 안양 상속등기 법무사>/업무사례/안양상속등기법무사 || 광명 상속등기 법무사>/업무사례/광명상속등기법무사 || 지역별 상속등기 법무사>/업무사례/지역별상속등기법무사 || 부천 상속등기 가능 여부 확인>/contact/inquiry?from=nationwide&region=%EA%B2%BD%EA%B8%B0+%EB%B6%80%EC%B2%9C&field=inheritance-registration || 상담 안내>/contact || 부산에서 법무사 찾을 때 허브로 돌아가기>/부산법무사 || 해운대·센텀 법무사 상담>/해운대법무사 || 센텀 법인·부동산 등기>/센텀법무사 || 부산 여성 법무사 상담>/부산여성법무사,홈 > 업무 사례 > 지역별 상속등기 > 부천,yes,WebPage+FAQ,,SERP_UNVERIFIED,inheritance-supporting,case,부천상속등기를검색하셔도반드시부천에사무소가있어야하는것은아닙니다.구·신아파트와상가·오피스텔이함께넘어오는상속이많습니다.상속인이서울·부산·해외등다른지역
/업무사례/안양상속등기법무사,generated,"index,follow",yes,/업무사례/안양상속등기법무사,안양 상속등기｜비대면 진행 절차와 법무사 비용 | 다옴법무사사무소,안양 상속등기 법무사. 평촌·범계 일대 아파트·상가 상속에서 등기부·임대차를 함께 확인합니다. 안양 지점 없이 부산 해운대 사무소에서 관할 특례·비대면 상담부터 신청까지 진행합니다.,안양 상속등기｜비대면 진행 절차와 법무사 비용 | 다옴법무사사무소,안양 상속등기 법무사. 평촌·범계 일대 아파트·상가 상속에서 등기부·임대차를 함께 확인합니다. 안양 지점 없이 부산 해운대 사무소에서 관할 특례·비대면 상담부터 신청까지 진행합니다.,안양 상속인이 여러 지역에 살아도 진행 가능한가,안양 소재 부동산의 관할 특례 검토 | 안양 아파트·토지·상가가 섞인 경우 | 여러 지역 부동산을 함께 정리할 때 | 법무사 보수와 공과금 구분 | 원본서류 전달과 본인확인 | 상담 전 확인하면 좋은 항목,"안양에서 평촌·범계 일대 아파트·상가 상속에서 등기부·임대차를 함께 확인합니다. 다옴법무사사무소는 부산 해운대에 있으므로 안양 지점이 있다는 뜻이 아닙니다. 초기 상담에서는 등기부·협의 개요·상속인 거주지만으로 진행 가능 범위를 설명하고, 원본이 필요한 단계는 수임 전에 구분합니다. 아파트·상가·토지가 섞여 있으면 목록표부터 작성하는 것이 누락을 줄입니다. 안양에서 평촌·범계 일대 아파트·상가 상속에서 등기부·임대차를 함께 확인합니다. 다옴법무사사무소는 부산 해운대에 있으므로 안양 지점이 있다는 뜻이 아닙니다. 초기 상담에서는 등기부·협의 개요·상속인 거주지만으로 진행 가능 범위를 설명하고, 원본이 필요한 단계는 수임 전에 구분합니다. 아파트·상가·토지가 섞여 있으면 목록표부터 작성하는 것이 누락을 줄입니다. 다옴법무사사무소는 부산 해운대구에 있으며 안양에 별도 지점이 있는 것은 아닙니다. 상속등기 관할 특례와 비대면 서류 전달 방식을 검토하여 안양 소재 부동산도 진행 바로 진행 방",532,4,/업무사례/부천상속등기법무사::안양 상속등기 법무사 || /업무사례/광명상속등기법무사::안양 상속등기 법무사 || /업무사례/군포상속등기법무사::안양 상속등기 법무사 || /업무사례/의왕과천상속등기법무사::안양 상속등기 법무사,전국 상속등기 법무사>/업무사례/전국상속등기법무사 || 경기 상속등기 법무사>/업무사례/경기상속등기법무사 || 부천 상속등기 법무사>/업무사례/부천상속등기법무사 || 수원 상속등기 법무사>/업무사례/수원상속등기법무사 || 지역별 상속등기 법무사>/업무사례/지역별상속등기법무사 || 안양 상속등기 가능 여부 확인>/contact/inquiry?from=nationwide&region=%EA%B2%BD%EA%B8%B0+%EC%95%88%EC%96%91&field=inheritance-registration || 상담 안내>/contact || 부산에서 법무사 찾을 때 허브로 돌아가기>/부산법무사 || 해운대·센텀 법무사 상담>/해운대법무사 || 센텀 법인·부동산 등기>/센텀법무사 || 부산 여성 법무사 상담>/부산여성법무사 || 부산 상속등기 절차>/부산상속등기,홈 > 업무 사례 > 지역별 상속등기 > 안양,yes,WebPage+FAQ,,SERP_UNVERIFIED,inheritance-supporting,case,안양에서평촌·범계일대아파트·상가상속에서등기부·임대차를함께확인합니다.다옴법무사사무소는부산해운대에있으므로안양지점이있다는뜻이아닙니다.초기상담에서는등기
/업무사례/안산상속등기법무사,generated,"index,follow",yes,/업무사례/안산상속등기법무사,안산 상속부동산 등기｜아파트·토지 한 번에 정리 | 다옴법무사사무소,안산 상속등기 법무사. 단원·상록 구역 아파트와 산업단지 인근 토지 상속 문의가 있습니다. 안산 지점 없이 부산 해운대 사무소에서 관할 특례·비대면 상담부터 신청까지 진행합니다.,안산 상속부동산 등기｜아파트·토지 한 번에 정리 | 다옴법무사사무소,안산 상속등기 법무사. 단원·상록 구역 아파트와 산업단지 인근 토지 상속 문의가 있습니다. 안산 지점 없이 부산 해운대 사무소에서 관할 특례·비대면 상담부터 신청까지 진행합니다.,안산 상속부동산을 부산 방문 없이 맡기는 방법,안산 상속등기 가능 여부부터 확인하기 | 부산 해운대 사무소에 비대면으로 맡기는 이유 | 안산과 타지역 상속인의 거리 문제 | 필요서류 체크리스트 | 진행 상황 공유 방식 | 타지역 법무사를 고를 때 확인할 사항,"안산 부동산 상속등기 문의는 단원·상록 구역 아파트와 산업단지 인근 토지 상속 문의가 있습니다. 거리보다 관할 특례 적용 여부와 서류 수집 순서가 중요합니다. 부산 해운대 사무소에서 전화·카카오·우편으로 상담하며, 안산에 별도 출장 사무소는 운영하지 않습니다. 매도를 앞둔 물건이 있으면 협의분할과 신청 순서를 함께 맞춥니다. 안산 부동산 상속등기 문의는 단원·상록 구역 아파트와 산업단지 인근 토지 상속 문의가 있습니다. 거리보다 관할 특례 적용 여부와 서류 수집 순서가 중요합니다. 부산 해운대 사무소에서 전화·카카오·우편으로 상담하며, 안산에 별도 출장 사무소는 운영하지 않습니다. 매도를 앞둔 물건이 있으면 협의분할과 신청 순서를 함께 맞춥니다. 다옴법무사사무소는 부산 해운대구에 있으며 안산에 별도 지점이 있는 것은 아닙니다. 상속등기 관할 특례와 비대면 서류 전달 방식을 검토하여 안산 소재 부동산도 진행 바로 진행 방법을 안내합니다. 안산 부동산·상속인 거주 지역 공유 관할 특례·",533,2,/업무사례/평택상속등기법무사::안산 상속등기 법무사 || /업무사례/시흥상속등기법무사::안산 상속등기 법무사,전국 상속등기 법무사>/업무사례/전국상속등기법무사 || 여러 지역에 흩어진 상속부동산 등기>/업무사례/전국상속부동산일괄등기 || 경기 상속등기 법무사>/업무사례/경기상속등기법무사 || 평택 상속등기 법무사>/업무사례/평택상속등기법무사 || 광명 상속등기 법무사>/업무사례/광명상속등기법무사 || 지역별 상속등기 법무사>/업무사례/지역별상속등기법무사 || 안산 상속등기 가능 여부 확인>/contact/inquiry?from=nationwide&region=%EA%B2%BD%EA%B8%B0+%EC%95%88%EC%82%B0&field=inheritance-registration || 상담 안내>/contact || 부산에서 법무사 찾을 때 허브로 돌아가기>/부산법무사 || 해운대·센텀 법무사 상담>/해운대법무사 || 센텀 법인·부동산 등기>/센텀법무사 || 부산 여성 법무사 상담>/부산여성법무사,홈 > 업무 사례 > 지역별 상속등기 > 안산,yes,WebPage+FAQ,,SERP_UNVERIFIED,inheritance-supporting,case,안산부동산상속등기문의는단원·상록구역아파트와산업단지인근토지상속문의가있습니다.거리보다관할특례적용여부와서류수집순서가중요합니다.부산해운대사무소에서전화·
/업무사례/평택상속등기법무사,generated,"index,follow",yes,/업무사례/평택상속등기법무사,평택 상속등기 법무사｜토지와 주택 상속 필요서류 | 다옴법무사사무소,평택 상속등기 법무사. 항만·산업 인근 토지·주택과 아파트가 함께 상속되는 경우가 있습니다. 평택 지점 없이 부산 해운대 사무소에서 관할 특례·비대면 상담부터 신청까지 진행합니다.,평택 상속등기 법무사｜토지와 주택 상속 필요서류 | 다옴법무사사무소,평택 상속등기 법무사. 항만·산업 인근 토지·주택과 아파트가 함께 상속되는 경우가 있습니다. 평택 지점 없이 부산 해운대 사무소에서 관할 특례·비대면 상담부터 신청까지 진행합니다.,평택 상속등기 비용과 필요서류부터 확인하기,평택 상속등기 가능 여부부터 확인하기 | 부산 해운대 사무소에 비대면으로 맡기는 이유 | 평택과 타지역 상속인의 거리 문제 | 필요서류 체크리스트 | 진행 상황 공유 방식 | 타지역 법무사를 고를 때 확인할 사항,"평택 상속등기를 검색하셔도 반드시 평택에 사무소가 있어야 하는 것은 아닙니다. 항만·산업 인근 토지·주택과 아파트가 함께 상속되는 경우가 있습니다. 상속인이 서울·부산·해외 등 다른 지역에 있어도, 협의분할·위임·등기부 확인을 한 사무소에서 정리할 수 있는지 먼저 검토합니다. 공과금과 법무사 보수를 구분해 안내하며, 가짜 실적이나 지점 존재를 표현하지 않습니다. 평택 상속등기를 검색하셔도 반드시 평택에 사무소가 있어야 하는 것은 아닙니다. 항만·산업 인근 토지·주택과 아파트가 함께 상속되는 경우가 있습니다. 상속인이 서울·부산·해외 등 다른 지역에 있어도, 협의분할·위임·등기부 확인을 한 사무소에서 정리할 수 있는지 먼저 검토합니다. 공과금과 법무사 보수를 구분해 안내하며, 가짜 실적이나 지점 존재를 표현하지 않습니다. 다옴법무사사무소는 부산 해운대구에 있으며 평택에 별도 지점이 있는 것은 아닙니다. 상속등기 관할 특례와 비대면 서류 전달 방식을 검토하여 평택 소재 부동산도 진행 바",519,3,/업무사례/안산상속등기법무사::평택 상속등기 법무사 || /업무사례/아산상속등기법무사::평택 상속등기 법무사 || /업무사례/오산안성상속등기법무사::평택 상속등기 법무사,전국 상속등기 법무사>/업무사례/전국상속등기법무사 || 전국 비대면 법무사>/업무사례/전국비대면법무사 || 경기 상속등기 법무사>/업무사례/경기상속등기법무사 || 안산 상속등기 법무사>/업무사례/안산상속등기법무사 || 화성 상속등기 법무사>/업무사례/화성상속등기법무사 || 지역별 상속등기 법무사>/업무사례/지역별상속등기법무사 || 평택 상속등기 가능 여부 확인>/contact/inquiry?from=nationwide&region=%EA%B2%BD%EA%B8%B0+%ED%8F%89%ED%83%9D&field=inheritance-registration || 상담 안내>/contact || 부산에서 법무사 찾을 때 허브로 돌아가기>/부산법무사 || 해운대·센텀 법무사 상담>/해운대법무사 || 센텀 법인·부동산 등기>/센텀법무사 || 부산 여성 법무사 상담>/부산여성법무사,홈 > 업무 사례 > 지역별 상속등기 > 평택,yes,WebPage+FAQ,,SERP_UNVERIFIED,inheritance-supporting,case,평택상속등기를검색하셔도반드시평택에사무소가있어야하는것은아닙니다.항만·산업인근토지·주택과아파트가함께상속되는경우가있습니다.상속인이서울·부산·해외등다른
/업무사례/김포상속등기법무사,generated,"index,follow",yes,/업무사례/김포상속등기법무사,김포 상속등기｜서울 거주 상속인의 비… | 다옴법무사사무소,김포 상속등기 법무사. 한강 신도시 아파트와 농지·토지가 섞인 상속에서 목록을 먼저 작성합니다. 김포 지점 없이 부산 해운대 사무소에서 관할 특례·비대면 상담부터 신청까지 진행합니다.,김포 상속등기｜서울 거주 상속인의 비… | 다옴법무사사무소,김포 상속등기 법무사. 한강 신도시 아파트와 농지·토지가 섞인 상속에서 목록을 먼저 작성합니다. 김포 지점 없이 부산 해운대 사무소에서 관할 특례·비대면 상담부터 신청까지 진행합니다.,"김포 부동산 상속등기, 관할 특례부터 검토하기",김포 상속등기 가능 여부부터 확인하기 | 부산 해운대 사무소에 비대면으로 맡기는 이유 | 김포과 타지역 상속인의 거리 문제 | 필요서류 체크리스트 | 진행 상황 공유 방식 | 타지역 법무사를 고를 때 확인할 사항,"김포에서 한강 신도시 아파트와 농지·토지가 섞인 상속에서 목록을 먼저 작성합니다. 다옴법무사사무소는 부산 해운대에 있으므로 김포 지점이 있다는 뜻이 아닙니다. 초기 상담에서는 등기부·협의 개요·상속인 거주지만으로 진행 가능 범위를 설명하고, 원본이 필요한 단계는 수임 전에 구분합니다. 아파트·상가·토지가 섞여 있으면 목록표부터 작성하는 것이 누락을 줄입니다. 김포에서 한강 신도시 아파트와 농지·토지가 섞인 상속에서 목록을 먼저 작성합니다. 다옴법무사사무소는 부산 해운대에 있으므로 김포 지점이 있다는 뜻이 아닙니다. 초기 상담에서는 등기부·협의 개요·상속인 거주지만으로 진행 가능 범위를 설명하고, 원본이 필요한 단계는 수임 전에 구분합니다. 아파트·상가·토지가 섞여 있으면 목록표부터 작성하는 것이 누락을 줄입니다. 다옴법무사사무소는 부산 해운대구에 있으며 김포에 별도 지점이 있는 것은 아닙니다. 상속등기 관할 특례와 비대면 서류 전달 방식을 검토하여 김포 소재 부동산도 진행 바로 진행",522,1,/업무사례/파주상속등기법무사::김포 상속등기 법무사,여러 지역에 흩어진 상속부동산 등기>/업무사례/전국상속부동산일괄등기 || 전국 비대면 법무사>/업무사례/전국비대면법무사 || 경기 상속등기 법무사>/업무사례/경기상속등기법무사 || 고양 상속등기 법무사>/업무사례/고양상속등기법무사 || 파주 상속등기 법무사>/업무사례/파주상속등기법무사 || 지역별 상속등기 법무사>/업무사례/지역별상속등기법무사 || 김포 상속등기 가능 여부 확인>/contact/inquiry?from=nationwide&region=%EA%B2%BD%EA%B8%B0+%EA%B9%80%ED%8F%AC&field=inheritance-registration || 상담 안내>/contact || 부산에서 법무사 찾을 때 허브로 돌아가기>/부산법무사 || 해운대·센텀 법무사 상담>/해운대법무사 || 센텀 법인·부동산 등기>/센텀법무사 || 부산 여성 법무사 상담>/부산여성법무사,홈 > 업무 사례 > 지역별 상속등기 > 김포,yes,WebPage+FAQ,,SERP_UNVERIFIED,inheritance-supporting,case,김포에서한강신도시아파트와농지·토지가섞인상속에서목록을먼저작성합니다.다옴법무사사무소는부산해운대에있으므로김포지점이있다는뜻이아닙니다.초기상담에서는등기부
/업무사례/남양주상속등기법무사,generated,"index,follow",yes,/업무사례/남양주상속등기법무사,남양주 상속등기 법무사｜여러 필지 토지 상속 절차 | 다옴법무사사무소,남양주 상속등기 법무사. 별내·다산 신도시와 외곽 주택·토지가 함께 있는 상속이 많습니다. 남양주 지점 없이 부산 해운대 사무소에서 관할 특례·비대면 상담부터 신청까지 진행합니다.,남양주 상속등기 법무사｜여러 필지 토지 상속 절차 | 다옴법무사사무소,남양주 상속등기 법무사. 별내·다산 신도시와 외곽 주택·토지가 함께 있는 상속이 많습니다. 남양주 지점 없이 부산 해운대 사무소에서 관할 특례·비대면 상담부터 신청까지 진행합니다.,"남양주에 있는 아파트·토지, 어디서 상속등기를 받을까",남양주 부동산 목록부터 맞추는 방법 | 관할 특례와 법정 관할의 차이 | 일반적인 상담 유형 | 해외 거주 상속인이 있는 경우 | 비용 안내 방식 | 관련 지역·업무로 이어가기,"남양주 부동산 상속등기 문의는 별내·다산 신도시와 외곽 주택·토지가 함께 있는 상속이 많습니다. 거리보다 관할 특례 적용 여부와 서류 수집 순서가 중요합니다. 부산 해운대 사무소에서 전화·카카오·우편으로 상담하며, 남양주에 별도 출장 사무소는 운영하지 않습니다. 매도를 앞둔 물건이 있으면 협의분할과 신청 순서를 함께 맞춥니다. 남양주 부동산 상속등기 문의는 별내·다산 신도시와 외곽 주택·토지가 함께 있는 상속이 많습니다. 거리보다 관할 특례 적용 여부와 서류 수집 순서가 중요합니다. 부산 해운대 사무소에서 전화·카카오·우편으로 상담하며, 남양주에 별도 출장 사무소는 운영하지 않습니다. 매도를 앞둔 물건이 있으면 협의분할과 신청 순서를 함께 맞춥니다. 다옴법무사사무소는 부산 해운대구에 있으며 남양주에 별도 지점이 있는 것은 아닙니다. 상속등기 관할 특례와 비대면 서류 전달 방식을 검토하여 남양주 소재 부동산도 진행 바로 진행 방법을 안내합니다. 남양주 부동산·상속인 거주 지역 공유 관",555,4,/업무사례/하남상속등기법무사::남양주 상속등기 법무사 || /업무사례/의정부상속등기법무사::남양주 상속등기 법무사 || /업무사례/구리상속등기법무사::남양주 상속등기 법무사 || /업무사례/가평상속등기법무사::남양주 상속등기 법무사,전국 상속등기 법무사>/업무사례/전국상속등기법무사 || 경기 상속등기 법무사>/업무사례/경기상속등기법무사 || 하남 상속등기 법무사>/업무사례/하남상속등기법무사 || 의정부 상속등기 법무사>/업무사례/의정부상속등기법무사 || 지역별 상속등기 법무사>/업무사례/지역별상속등기법무사 || 남양주 상속등기 가능 여부 확인>/contact/inquiry?from=nationwide&region=%EA%B2%BD%EA%B8%B0+%EB%82%A8%EC%96%91%EC%A3%BC&field=inheritance-registration || 상담 안내>/contact || 부산에서 법무사 찾을 때 허브로 돌아가기>/부산법무사 || 해운대·센텀 법무사 상담>/해운대법무사 || 센텀 법인·부동산 등기>/센텀법무사 || 부산 여성 법무사 상담>/부산여성법무사 || 부산 상속등기 절차>/부산상속등기,홈 > 업무 사례 > 지역별 상속등기 > 남양주,yes,WebPage+FAQ,,SERP_UNVERIFIED,inheritance-supporting,case,남양주부동산상속등기문의는별내·다산신도시와외곽주택·토지가함께있는상속이많습니다.거리보다관할특례적용여부와서류수집순서가중요합니다.부산해운대사무소에서전화
/업무사례/하남상속등기법무사,generated,"index,follow",yes,/업무사례/하남상속등기법무사,하남 아파트 상속등기｜비용·서류·처리기간 안내 | 다옴법무사사무소,하남 상속등기 법무사. 미사·감일 신도시 아파트 상속에서 상속인 거주지가 갈라진 경우가 흔합니다. 하남 지점 없이 부산 해운대 사무소에서 관할 특례·비대면 상담부터 신청까지 진행합니다.,하남 아파트 상속등기｜비용·서류·처리기간 안내 | 다옴법무사사무소,하남 상속등기 법무사. 미사·감일 신도시 아파트 상속에서 상속인 거주지가 갈라진 경우가 흔합니다. 하남 지점 없이 부산 해운대 사무소에서 관할 특례·비대면 상담부터 신청까지 진행합니다.,하남 상속인이 여러 지역에 살아도 진행 가능한가,하남 상속등기 가능 여부부터 확인하기 | 부산 해운대 사무소에 비대면으로 맡기는 이유 | 하남과 타지역 상속인의 거리 문제 | 필요서류 체크리스트 | 진행 상황 공유 방식 | 타지역 법무사를 고를 때 확인할 사항,"하남 상속등기를 검색하셔도 반드시 하남에 사무소가 있어야 하는 것은 아닙니다. 미사·감일 신도시 아파트 상속에서 상속인 거주지가 갈라진 경우가 흔합니다. 상속인이 서울·부산·해외 등 다른 지역에 있어도, 협의분할·위임·등기부 확인을 한 사무소에서 정리할 수 있는지 먼저 검토합니다. 공과금과 법무사 보수를 구분해 안내하며, 가짜 실적이나 지점 존재를 표현하지 않습니다. 하남 상속등기를 검색하셔도 반드시 하남에 사무소가 있어야 하는 것은 아닙니다. 미사·감일 신도시 아파트 상속에서 상속인 거주지가 갈라진 경우가 흔합니다. 상속인이 서울·부산·해외 등 다른 지역에 있어도, 협의분할·위임·등기부 확인을 한 사무소에서 정리할 수 있는지 먼저 검토합니다. 공과금과 법무사 보수를 구분해 안내하며, 가짜 실적이나 지점 존재를 표현하지 않습니다. 다옴법무사사무소는 부산 해운대구에 있으며 하남에 별도 지점이 있는 것은 아닙니다. 상속등기 관할 특례와 비대면 서류 전달 방식을 검토하여 하남 소재 부동산",521,2,/업무사례/남양주상속등기법무사::하남 상속등기 법무사 || /업무사례/경기광주상속등기법무사::하남 상속등기 법무사,전국 상속등기 법무사>/업무사례/전국상속등기법무사 || 여러 지역에 흩어진 상속부동산 등기>/업무사례/전국상속부동산일괄등기 || 경기 상속등기 법무사>/업무사례/경기상속등기법무사 || 남양주 상속등기 법무사>/업무사례/남양주상속등기법무사 || 성남 상속등기 법무사>/업무사례/성남상속등기법무사 || 지역별 상속등기 법무사>/업무사례/지역별상속등기법무사 || 하남 상속등기 가능 여부 확인>/contact/inquiry?from=nationwide&region=%EA%B2%BD%EA%B8%B0+%ED%95%98%EB%82%A8&field=inheritance-registration || 상담 안내>/contact || 부산에서 법무사 찾을 때 허브로 돌아가기>/부산법무사 || 해운대·센텀 법무사 상담>/해운대법무사 || 센텀 법인·부동산 등기>/센텀법무사 || 부산 여성 법무사 상담>/부산여성법무사,홈 > 업무 사례 > 지역별 상속등기 > 하남,yes,WebPage+FAQ,,SERP_UNVERIFIED,inheritance-supporting,case,하남상속등기를검색하셔도반드시하남에사무소가있어야하는것은아닙니다.미사·감일신도시아파트상속에서상속인거주지가갈라진경우가흔합니다.상속인이서울·부산·해외등
/업무사례/파주상속등기법무사,generated,"index,follow",yes,/업무사례/파주상속등기법무사,파주 상속부동산 등기｜토지와 주택이 … | 다옴법무사사무소,파주 상속등기 법무사. 운정·금촌 아파트와 외곽 농지·토지 상속에서 지번 확인이 중요합니다. 파주 지점 없이 부산 해운대 사무소에서 관할 특례·비대면 상담부터 신청까지 진행합니다.,파주 상속부동산 등기｜토지와 주택이 … | 다옴법무사사무소,파주 상속등기 법무사. 운정·금촌 아파트와 외곽 농지·토지 상속에서 지번 확인이 중요합니다. 파주 지점 없이 부산 해운대 사무소에서 관할 특례·비대면 상담부터 신청까지 진행합니다.,파주 상속부동산을 부산 방문 없이 맡기는 방법,파주 상속등기 가능 여부부터 확인하기 | 부산 해운대 사무소에 비대면으로 맡기는 이유 | 파주과 타지역 상속인의 거리 문제 | 필요서류 체크리스트 | 진행 상황 공유 방식 | 타지역 법무사를 고를 때 확인할 사항,"파주에서 운정·금촌 아파트와 외곽 농지·토지 상속에서 지번 확인이 중요합니다. 다옴법무사사무소는 부산 해운대에 있으므로 파주 지점이 있다는 뜻이 아닙니다. 초기 상담에서는 등기부·협의 개요·상속인 거주지만으로 진행 가능 범위를 설명하고, 원본이 필요한 단계는 수임 전에 구분합니다. 아파트·상가·토지가 섞여 있으면 목록표부터 작성하는 것이 누락을 줄입니다. 파주에서 운정·금촌 아파트와 외곽 농지·토지 상속에서 지번 확인이 중요합니다. 다옴법무사사무소는 부산 해운대에 있으므로 파주 지점이 있다는 뜻이 아닙니다. 초기 상담에서는 등기부·협의 개요·상속인 거주지만으로 진행 가능 범위를 설명하고, 원본이 필요한 단계는 수임 전에 구분합니다. 아파트·상가·토지가 섞여 있으면 목록표부터 작성하는 것이 누락을 줄입니다. 다옴법무사사무소는 부산 해운대구에 있으며 파주에 별도 지점이 있는 것은 아닙니다. 상속등기 관할 특례와 비대면 서류 전달 방식을 검토하여 파주 소재 부동산도 진행 바로 진행 방법을",513,5,/업무사례/고양상속등기법무사::파주 상속등기 법무사 || /업무사례/일산상속등기법무사::파주 상속등기 법무사 || /업무사례/김포상속등기법무사::파주 상속등기 법무사 || /업무사례/의정부상속등기법무사::파주 상속등기 법무사 || /업무사례/양주상속등기법무사::파주 상속등기 법무사,전국 상속등기 법무사>/업무사례/전국상속등기법무사 || 전국 비대면 법무사>/업무사례/전국비대면법무사 || 경기 상속등기 법무사>/업무사례/경기상속등기법무사 || 고양 상속등기 법무사>/업무사례/고양상속등기법무사 || 김포 상속등기 법무사>/업무사례/김포상속등기법무사 || 지역별 상속등기 법무사>/업무사례/지역별상속등기법무사 || 파주 상속등기 가능 여부 확인>/contact/inquiry?from=nationwide&region=%EA%B2%BD%EA%B8%B0+%ED%8C%8C%EC%A3%BC&field=inheritance-registration || 상담 안내>/contact || 부산에서 법무사 찾을 때 허브로 돌아가기>/부산법무사 || 해운대·센텀 법무사 상담>/해운대법무사 || 센텀 법인·부동산 등기>/센텀법무사 || 부산 여성 법무사 상담>/부산여성법무사,홈 > 업무 사례 > 지역별 상속등기 > 파주,yes,WebPage+FAQ,,SERP_UNVERIFIED,inheritance-supporting,case,파주에서운정·금촌아파트와외곽농지·토지상속에서지번확인이중요합니다.다옴법무사사무소는부산해운대에있으므로파주지점이있다는뜻이아닙니다.초기상담에서는등기부·
/업무사례/의정부상속등기법무사,generated,"index,follow",yes,/업무사례/의정부상속등기법무사,의정부 상속등기 법무사｜상속인이 전국… | 다옴법무사사무소,의정부 상속등기 법무사. 도심 아파트·상가와 외곽 토지가 함께 상속되는 사례가 있습니다. 의정부 지점 없이 부산 해운대 사무소에서 관할 특례·비대면 상담부터 신청까지 진행합니다.,의정부 상속등기 법무사｜상속인이 전국… | 다옴법무사사무소,의정부 상속등기 법무사. 도심 아파트·상가와 외곽 토지가 함께 상속되는 사례가 있습니다. 의정부 지점 없이 부산 해운대 사무소에서 관할 특례·비대면 상담부터 신청까지 진행합니다.,의정부 상속등기 비용과 필요서류부터 확인하기,의정부 부동산 목록부터 맞추는 방법 | 관할 특례와 법정 관할의 차이 | 일반적인 상담 유형 | 해외 거주 상속인이 있는 경우 | 비용 안내 방식 | 관련 지역·업무로 이어가기,"의정부 부동산 상속등기 문의는 도심 아파트·상가와 외곽 토지가 함께 상속되는 사례가 있습니다. 거리보다 관할 특례 적용 여부와 서류 수집 순서가 중요합니다. 부산 해운대 사무소에서 전화·카카오·우편으로 상담하며, 의정부에 별도 출장 사무소는 운영하지 않습니다. 매도를 앞둔 물건이 있으면 협의분할과 신청 순서를 함께 맞춥니다. 의정부 부동산 상속등기 문의는 도심 아파트·상가와 외곽 토지가 함께 상속되는 사례가 있습니다. 거리보다 관할 특례 적용 여부와 서류 수집 순서가 중요합니다. 부산 해운대 사무소에서 전화·카카오·우편으로 상담하며, 의정부에 별도 출장 사무소는 운영하지 않습니다. 매도를 앞둔 물건이 있으면 협의분할과 신청 순서를 함께 맞춥니다. 다옴법무사사무소는 부산 해운대구에 있으며 의정부에 별도 지점이 있는 것은 아닙니다. 상속등기 관할 특례와 비대면 서류 전달 방식을 검토하여 의정부 소재 부동산도 진행 바로 진행 방법을 안내합니다. 의정부 부동산·상속인 거주 지역 공유 관할 ",535,3,/업무사례/남양주상속등기법무사::의정부 상속등기 법무사 || /업무사례/양주상속등기법무사::의정부 상속등기 법무사 || /업무사례/포천동두천상속등기법무사::의정부 상속등기 법무사,여러 지역에 흩어진 상속부동산 등기>/업무사례/전국상속부동산일괄등기 || 전국 비대면 법무사>/업무사례/전국비대면법무사 || 경기 상속등기 법무사>/업무사례/경기상속등기법무사 || 남양주 상속등기 법무사>/업무사례/남양주상속등기법무사 || 파주 상속등기 법무사>/업무사례/파주상속등기법무사 || 지역별 상속등기 법무사>/업무사례/지역별상속등기법무사 || 의정부 상속등기 가능 여부 확인>/contact/inquiry?from=nationwide&region=%EA%B2%BD%EA%B8%B0+%EC%9D%98%EC%A0%95%EB%B6%80&field=inheritance-registration || 상담 안내>/contact || 부산에서 법무사 찾을 때 허브로 돌아가기>/부산법무사 || 해운대·센텀 법무사 상담>/해운대법무사 || 센텀 법인·부동산 등기>/센텀법무사 || 부산 여성 법무사 상담>/부산여성법무사,홈 > 업무 사례 > 지역별 상속등기 > 의정부,yes,WebPage+FAQ,,SERP_UNVERIFIED,inheritance-supporting,case,의정부부동산상속등기문의는도심아파트·상가와외곽토지가함께상속되는사례가있습니다.거리보다관할특례적용여부와서류수집순서가중요합니다.부산해운대사무소에서전화·
/업무사례/광명상속등기법무사,generated,"index,follow",yes,/업무사례/광명상속등기법무사,광명 상속등기｜아파트 상속과 협의분할 진행 방법 | 다옴법무사사무소,광명 상속등기 법무사. 철산·하안 일대 아파트·상가 상속에서 협의·위임 일정 조율이 핵심입니다. 광명 지점 없이 부산 해운대 사무소에서 관할 특례·비대면 상담부터 신청까지 진행합니다.,광명 상속등기｜아파트 상속과 협의분할 진행 방법 | 다옴법무사사무소,광명 상속등기 법무사. 철산·하안 일대 아파트·상가 상속에서 협의·위임 일정 조율이 핵심입니다. 광명 지점 없이 부산 해운대 사무소에서 관할 특례·비대면 상담부터 신청까지 진행합니다.,"광명 부동산 상속등기, 관할 특례부터 검토하기",광명 상속등기 가능 여부부터 확인하기 | 부산 해운대 사무소에 비대면으로 맡기는 이유 | 광명과 타지역 상속인의 거리 문제 | 필요서류 체크리스트 | 진행 상황 공유 방식 | 타지역 법무사를 고를 때 확인할 사항,"광명 상속등기를 검색하셔도 반드시 광명에 사무소가 있어야 하는 것은 아닙니다. 철산·하안 일대 아파트·상가 상속에서 협의·위임 일정 조율이 핵심입니다. 상속인이 서울·부산·해외 등 다른 지역에 있어도, 협의분할·위임·등기부 확인을 한 사무소에서 정리할 수 있는지 먼저 검토합니다. 공과금과 법무사 보수를 구분해 안내하며, 가짜 실적이나 지점 존재를 표현하지 않습니다. 광명 상속등기를 검색하셔도 반드시 광명에 사무소가 있어야 하는 것은 아닙니다. 철산·하안 일대 아파트·상가 상속에서 협의·위임 일정 조율이 핵심입니다. 상속인이 서울·부산·해외 등 다른 지역에 있어도, 협의분할·위임·등기부 확인을 한 사무소에서 정리할 수 있는지 먼저 검토합니다. 공과금과 법무사 보수를 구분해 안내하며, 가짜 실적이나 지점 존재를 표현하지 않습니다. 다옴법무사사무소는 부산 해운대구에 있으며 광명에 별도 지점이 있는 것은 아닙니다. 상속등기 관할 특례와 비대면 서류 전달 방식을 검토하여 광명 소재 부동산도 ",527,3,/업무사례/부천상속등기법무사::광명 상속등기 법무사 || /업무사례/안산상속등기법무사::광명 상속등기 법무사 || /업무사례/시흥상속등기법무사::광명 상속등기 법무사,전국 상속등기 법무사>/업무사례/전국상속등기법무사 || 경기 상속등기 법무사>/업무사례/경기상속등기법무사 || 부천 상속등기 법무사>/업무사례/부천상속등기법무사 || 안양 상속등기 법무사>/업무사례/안양상속등기법무사 || 지역별 상속등기 법무사>/업무사례/지역별상속등기법무사 || 광명 상속등기 가능 여부 확인>/contact/inquiry?from=nationwide&region=%EA%B2%BD%EA%B8%B0+%EA%B4%91%EB%AA%85&field=inheritance-registration || 상담 안내>/contact || 부산에서 법무사 찾을 때 허브로 돌아가기>/부산법무사 || 해운대·센텀 법무사 상담>/해운대법무사 || 센텀 법인·부동산 등기>/센텀법무사 || 부산 여성 법무사 상담>/부산여성법무사 || 부산 상속등기 절차>/부산상속등기,홈 > 업무 사례 > 지역별 상속등기 > 광명,yes,WebPage+FAQ,,SERP_UNVERIFIED,inheritance-supporting,case,광명상속등기를검색하셔도반드시광명에사무소가있어야하는것은아닙니다.철산·하안일대아파트·상가상속에서협의·위임일정조율이핵심입니다.상속인이서울·부산·해외등
/업무사례/송도상속등기법무사,generated,"index,follow",yes,/업무사례/송도상속등기법무사,송도 상속등기 법무사｜아파트·오피스텔 비대면 진행 | 다옴법무사사무소,송도 상속등기 법무사. 송도 국제도시 아파트·오피스텔 상속에서 상속인이 육지·해외에 있는 경우가 많습니다. 송도 지점 없이 부산 해운대 사무소에서 관할 특례·비대면 상담부터 신청까지 진행합니다.,송도 상속등기 법무사｜아파트·오피스텔 비대면 진행 | 다옴법무사사무소,송도 상속등기 법무사. 송도 국제도시 아파트·오피스텔 상속에서 상속인이 육지·해외에 있는 경우가 많습니다. 송도 지점 없이 부산 해운대 사무소에서 관할 특례·비대면 상담부터 신청까지 진행합니다.,"송도에 있는 아파트·토지, 어디서 상속등기를 받을까",송도 부동산 목록부터 맞추는 방법 | 관할 특례와 법정 관할의 차이 | 일반적인 상담 유형 | 해외 거주 상속인이 있는 경우 | 비용 안내 방식 | 관련 지역·업무로 이어가기,"송도에서 송도 국제도시 아파트·오피스텔 상속에서 상속인이 육지·해외에 있는 경우가 많습니다. 다옴법무사사무소는 부산 해운대에 있으므로 송도 지점이 있다는 뜻이 아닙니다. 초기 상담에서는 등기부·협의 개요·상속인 거주지만으로 진행 가능 범위를 설명하고, 원본이 필요한 단계는 수임 전에 구분합니다. 아파트·상가·토지가 섞여 있으면 목록표부터 작성하는 것이 누락을 줄입니다. 송도에서 송도 국제도시 아파트·오피스텔 상속에서 상속인이 육지·해외에 있는 경우가 많습니다. 다옴법무사사무소는 부산 해운대에 있으므로 송도 지점이 있다는 뜻이 아닙니다. 초기 상담에서는 등기부·협의 개요·상속인 거주지만으로 진행 가능 범위를 설명하고, 원본이 필요한 단계는 수임 전에 구분합니다. 아파트·상가·토지가 섞여 있으면 목록표부터 작성하는 것이 누락을 줄입니다. 다옴법무사사무소는 부산 해운대구에 있으며 송도에 별도 지점이 있는 것은 아닙니다. 상속등기 관할 특례와 비대면 서류 전달 방식을 검토하여 송도 소재 부",553,5,/업무사례/인천상속등기법무사::송도 상속등기 법무사 || /업무사례/청라상속등기법무사::송도 상속등기 법무사 || /업무사례/부평구상속등기법무사::송도 상속등기 법무사 || /업무사례/남동구상속등기법무사::송도 상속등기 법무사 || /업무사례/영종도상속등기법무사::송도 상속등기 법무사,전국 상속등기 법무사>/업무사례/전국상속등기법무사 || 여러 지역에 흩어진 상속부동산 등기>/업무사례/전국상속부동산일괄등기 || 인천 상속등기 법무사>/업무사례/인천상속등기법무사 || 청라 상속등기 법무사>/업무사례/청라상속등기법무사 || 부평구 상속등기 법무사>/업무사례/부평구상속등기법무사 || 지역별 상속등기 법무사>/업무사례/지역별상속등기법무사 || 송도 상속등기 가능 여부 확인>/contact/inquiry?from=nationwide&region=%EC%9D%B8%EC%B2%9C+%EC%86%A1%EB%8F%84&field=inheritance-registration || 상담 안내>/contact || 부산에서 법무사 찾을 때 허브로 돌아가기>/부산법무사 || 해운대·센텀 법무사 상담>/해운대법무사 || 센텀 법인·부동산 등기>/센텀법무사 || 부산 여성 법무사 상담>/부산여성법무사,홈 > 업무 사례 > 지역별 상속등기 > 송도,yes,WebPage+FAQ,,SERP_UNVERIFIED,inheritance-supporting,case,송도에서송도국제도시아파트·오피스텔상속에서상속인이육지·해외에있는경우가많습니다.다옴법무사사무소는부산해운대에있으므로송도지점이있다는뜻이아닙니다.초기상담
/업무사례/청라상속등기법무사,generated,"index,follow",yes,/업무사례/청라상속등기법무사,청라 상속등기｜아파트 상속 필요서류와 비용 | 다옴법무사사무소,청라 상속등기 법무사. 청라 신도시 아파트와 인근 상가 상속에서 비대면 서류 검토가 먼저 이뤄집니다. 청라 지점 없이 부산 해운대 사무소에서 관할 특례·비대면 상담부터 신청까지 진행합니다.,청라 상속등기｜아파트 상속 필요서류와 비용 | 다옴법무사사무소,청라 상속등기 법무사. 청라 신도시 아파트와 인근 상가 상속에서 비대면 서류 검토가 먼저 이뤄집니다. 청라 지점 없이 부산 해운대 사무소에서 관할 특례·비대면 상담부터 신청까지 진행합니다.,청라 상속인이 여러 지역에 살아도 진행 가능한가,청라 부동산 목록부터 맞추는 방법 | 관할 특례와 법정 관할의 차이 | 일반적인 상담 유형 | 해외 거주 상속인이 있는 경우 | 비용 안내 방식 | 관련 지역·업무로 이어가기,"청라 부동산 상속등기 문의는 청라 신도시 아파트와 인근 상가 상속에서 비대면 서류 검토가 먼저 이뤄집니다. 거리보다 관할 특례 적용 여부와 서류 수집 순서가 중요합니다. 부산 해운대 사무소에서 전화·카카오·우편으로 상담하며, 청라에 별도 출장 사무소는 운영하지 않습니다. 매도를 앞둔 물건이 있으면 협의분할과 신청 순서를 함께 맞춥니다. 청라 부동산 상속등기 문의는 청라 신도시 아파트와 인근 상가 상속에서 비대면 서류 검토가 먼저 이뤄집니다. 거리보다 관할 특례 적용 여부와 서류 수집 순서가 중요합니다. 부산 해운대 사무소에서 전화·카카오·우편으로 상담하며, 청라에 별도 출장 사무소는 운영하지 않습니다. 매도를 앞둔 물건이 있으면 협의분할과 신청 순서를 함께 맞춥니다. 다옴법무사사무소는 부산 해운대구에 있으며 청라에 별도 지점이 있는 것은 아닙니다. 상속등기 관할 특례와 비대면 서류 전달 방식을 검토하여 청라 소재 부동산도 진행 바로 진행 방법을 안내합니다. 청라 부동산·상속인 거주 ",551,2,/업무사례/인천상속등기법무사::청라 상속등기 법무사 || /업무사례/송도상속등기법무사::청라 상속등기 법무사,전국 상속등기 법무사>/업무사례/전국상속등기법무사 || 전국 비대면 법무사>/업무사례/전국비대면법무사 || 인천 상속등기 법무사>/업무사례/인천상속등기법무사 || 송도 상속등기 법무사>/업무사례/송도상속등기법무사 || 영종도 상속등기 법무사>/업무사례/영종도상속등기법무사 || 지역별 상속등기 법무사>/업무사례/지역별상속등기법무사 || 청라 상속등기 가능 여부 확인>/contact/inquiry?from=nationwide&region=%EC%9D%B8%EC%B2%9C+%EC%B2%AD%EB%9D%BC&field=inheritance-registration || 상담 안내>/contact || 부산에서 법무사 찾을 때 허브로 돌아가기>/부산법무사 || 해운대·센텀 법무사 상담>/해운대법무사 || 센텀 법인·부동산 등기>/센텀법무사 || 부산 여성 법무사 상담>/부산여성법무사,홈 > 업무 사례 > 지역별 상속등기 > 청라,yes,WebPage+FAQ,,SERP_UNVERIFIED,inheritance-supporting,case,청라부동산상속등기문의는청라신도시아파트와인근상가상속에서비대면서류검토가먼저이뤄집니다.거리보다관할특례적용여부와서류수집순서가중요합니다.부산해운대사무소에
/업무사례/부평구상속등기법무사,generated,"index,follow",yes,/업무사례/부평구상속등기법무사,부평구 상속등기 법무사｜상속인이 타지… | 다옴법무사사무소,부평구 상속등기 법무사. 부평·산곡 일대 구축·신축 아파트와 상가 상속 문의가 꾸준합니다. 부평구 지점 없이 부산 해운대 사무소에서 관할 특례·비대면 상담부터 신청까지 진행합니다.,부평구 상속등기 법무사｜상속인이 타지… | 다옴법무사사무소,부평구 상속등기 법무사. 부평·산곡 일대 구축·신축 아파트와 상가 상속 문의가 꾸준합니다. 부평구 지점 없이 부산 해운대 사무소에서 관할 특례·비대면 상담부터 신청까지 진행합니다.,부평구 상속부동산을 부산 방문 없이 맡기는 방법,부평구 부동산 목록부터 맞추는 방법 | 관할 특례와 법정 관할의 차이 | 일반적인 상담 유형 | 해외 거주 상속인이 있는 경우 | 비용 안내 방식 | 관련 지역·업무로 이어가기,"부평구 상속등기를 검색하셔도 반드시 부평구에 사무소가 있어야 하는 것은 아닙니다. 부평·산곡 일대 구축·신축 아파트와 상가 상속 문의가 꾸준합니다. 상속인이 서울·부산·해외 등 다른 지역에 있어도, 협의분할·위임·등기부 확인을 한 사무소에서 정리할 수 있는지 먼저 검토합니다. 공과금과 법무사 보수를 구분해 안내하며, 가짜 실적이나 지점 존재를 표현하지 않습니다. 부평구 상속등기를 검색하셔도 반드시 부평구에 사무소가 있어야 하는 것은 아닙니다. 부평·산곡 일대 구축·신축 아파트와 상가 상속 문의가 꾸준합니다. 상속인이 서울·부산·해외 등 다른 지역에 있어도, 협의분할·위임·등기부 확인을 한 사무소에서 정리할 수 있는지 먼저 검토합니다. 공과금과 법무사 보수를 구분해 안내하며, 가짜 실적이나 지점 존재를 표현하지 않습니다. 다옴법무사사무소는 부산 해운대구에 있으며 부평구에 별도 지점이 있는 것은 아닙니다. 상속등기 관할 특례와 비대면 서류 전달 방식을 검토하여 부평구 소재 부동산도 진행",531,3,/업무사례/송도상속등기법무사::부평구 상속등기 법무사 || /업무사례/남동구상속등기법무사::부평구 상속등기 법무사 || /업무사례/강화도상속등기법무사::부평구 상속등기 법무사,여러 지역에 흩어진 상속부동산 등기>/업무사례/전국상속부동산일괄등기 || 전국 비대면 법무사>/업무사례/전국비대면법무사 || 인천 상속등기 법무사>/업무사례/인천상속등기법무사 || 남동구 상속등기 법무사>/업무사례/남동구상속등기법무사 || 송도 상속등기 법무사>/업무사례/송도상속등기법무사 || 지역별 상속등기 법무사>/업무사례/지역별상속등기법무사 || 부평구 상속등기 가능 여부 확인>/contact/inquiry?from=nationwide&region=%EC%9D%B8%EC%B2%9C+%EB%B6%80%ED%8F%89%EA%B5%AC&field=inheritance-registration || 상담 안내>/contact || 부산에서 법무사 찾을 때 허브로 돌아가기>/부산법무사 || 해운대·센텀 법무사 상담>/해운대법무사 || 센텀 법인·부동산 등기>/센텀법무사 || 부산 여성 법무사 상담>/부산여성법무사,홈 > 업무 사례 > 지역별 상속등기 > 부평구,yes,WebPage+FAQ,,SERP_UNVERIFIED,inheritance-supporting,case,부평구상속등기를검색하셔도반드시부평구에사무소가있어야하는것은아닙니다.부평·산곡일대구축·신축아파트와상가상속문의가꾸준합니다.상속인이서울·부산·해외등다른
/업무사례/남동구상속등기법무사,generated,"index,follow",yes,/업무사례/남동구상속등기법무사,인천 남동구 상속등기｜아파트·상가 상속 절차 | 다옴법무사사무소,남동구 상속등기 법무사. 구월·간석 아파트·상가 상속에서 등기부와 협의분할을 함께 맞춥니다. 남동구 지점 없이 부산 해운대 사무소에서 관할 특례·비대면 상담부터 신청까지 진행합니다.,인천 남동구 상속등기｜아파트·상가 상속 절차 | 다옴법무사사무소,남동구 상속등기 법무사. 구월·간석 아파트·상가 상속에서 등기부와 협의분할을 함께 맞춥니다. 남동구 지점 없이 부산 해운대 사무소에서 관할 특례·비대면 상담부터 신청까지 진행합니다.,남동구 상속등기 비용과 필요서류부터 확인하기,남동구 부동산 목록부터 맞추는 방법 | 관할 특례와 법정 관할의 차이 | 일반적인 상담 유형 | 해외 거주 상속인이 있는 경우 | 비용 안내 방식 | 관련 지역·업무로 이어가기,"남동구에서 구월·간석 아파트·상가 상속에서 등기부와 협의분할을 함께 맞춥니다. 다옴법무사사무소는 부산 해운대에 있으므로 남동구 지점이 있다는 뜻이 아닙니다. 초기 상담에서는 등기부·협의 개요·상속인 거주지만으로 진행 가능 범위를 설명하고, 원본이 필요한 단계는 수임 전에 구분합니다. 아파트·상가·토지가 섞여 있으면 목록표부터 작성하는 것이 누락을 줄입니다. 남동구에서 구월·간석 아파트·상가 상속에서 등기부와 협의분할을 함께 맞춥니다. 다옴법무사사무소는 부산 해운대에 있으므로 남동구 지점이 있다는 뜻이 아닙니다. 초기 상담에서는 등기부·협의 개요·상속인 거주지만으로 진행 가능 범위를 설명하고, 원본이 필요한 단계는 수임 전에 구분합니다. 아파트·상가·토지가 섞여 있으면 목록표부터 작성하는 것이 누락을 줄입니다. 다옴법무사사무소는 부산 해운대구에 있으며 남동구에 별도 지점이 있는 것은 아닙니다. 상속등기 관할 특례와 비대면 서류 전달 방식을 검토하여 남동구 소재 부동산도 진행 바로 진행",500,1,/업무사례/부평구상속등기법무사::남동구 상속등기 법무사,전국 상속등기 법무사>/업무사례/전국상속등기법무사 || 인천 상속등기 법무사>/업무사례/인천상속등기법무사 || 부평구 상속등기 법무사>/업무사례/부평구상속등기법무사 || 송도 상속등기 법무사>/업무사례/송도상속등기법무사 || 지역별 상속등기 법무사>/업무사례/지역별상속등기법무사 || 남동구 상속등기 가능 여부 확인>/contact/inquiry?from=nationwide&region=%EC%9D%B8%EC%B2%9C+%EB%82%A8%EB%8F%99%EA%B5%AC&field=inheritance-registration || 상담 안내>/contact || 부산에서 법무사 찾을 때 허브로 돌아가기>/부산법무사 || 해운대·센텀 법무사 상담>/해운대법무사 || 센텀 법인·부동산 등기>/센텀법무사 || 부산 여성 법무사 상담>/부산여성법무사 || 부산 상속등기 절차>/부산상속등기,홈 > 업무 사례 > 지역별 상속등기 > 남동구,yes,WebPage+FAQ,,SERP_UNVERIFIED,inheritance-supporting,case,남동구에서구월·간석아파트·상가상속에서등기부와협의분할을함께맞춥니다.다옴법무사사무소는부산해운대에있으므로남동구지점이있다는뜻이아닙니다.초기상담에서는등기
/업무사례/영종도상속등기법무사,generated,"index,follow",yes,/업무사례/영종도상속등기법무사,영종도 상속부동산 등기｜육지 거주 상… | 다옴법무사사무소,영종도 상속등기 법무사. 공항 인근 아파트 상속인이 수도권에 거주하는 경우 방문 횟수를 줄이는 절차를 안내합니다. 영종도 지점 없이 부산 해운대 사무소에서 관할 특례·비대면 상담부터 신청까지 진행합니다.,영종도 상속부동산 등기｜육지 거주 상… | 다옴법무사사무소,영종도 상속등기 법무사. 공항 인근 아파트 상속인이 수도권에 거주하는 경우 방문 횟수를 줄이는 절차를 안내합니다. 영종도 지점 없이 부산 해운대 사무소에서 관할 특례·비대면 상담부터 신청까지 진행합니다.,"영종도 부동산 상속등기, 관할 특례부터 검토하기",영종도 상속등기 가능 여부부터 확인하기 | 부산 해운대 사무소에 비대면으로 맡기는 이유 | 영종도과 타지역 상속인의 거리 문제 | 필요서류 체크리스트 | 진행 상황 공유 방식 | 타지역 법무사를 고를 때 확인할 사항,"영종도 부동산 상속등기 문의는 공항 인근 아파트 상속인이 수도권에 거주하는 경우 방문 횟수를 줄이는 절차를 안내합니다. 거리보다 관할 특례 적용 여부와 서류 수집 순서가 중요합니다. 부산 해운대 사무소에서 전화·카카오·우편으로 상담하며, 영종도에 별도 출장 사무소는 운영하지 않습니다. 매도를 앞둔 물건이 있으면 협의분할과 신청 순서를 함께 맞춥니다. 영종도 부동산 상속등기 문의는 공항 인근 아파트 상속인이 수도권에 거주하는 경우 방문 횟수를 줄이는 절차를 안내합니다. 거리보다 관할 특례 적용 여부와 서류 수집 순서가 중요합니다. 부산 해운대 사무소에서 전화·카카오·우편으로 상담하며, 영종도에 별도 출장 사무소는 운영하지 않습니다. 매도를 앞둔 물건이 있으면 협의분할과 신청 순서를 함께 맞춥니다. 다옴법무사사무소는 부산 해운대구에 있으며 영종도에 별도 지점이 있는 것은 아닙니다. 상속등기 관할 특례와 비대면 서류 전달 방식을 검토하여 영종도 소재 부동산도 진행 바로 진행 방법을 안내합",557,3,/업무사례/인천상속등기법무사::영종도 상속등기 법무사 || /업무사례/청라상속등기법무사::영종도 상속등기 법무사 || /업무사례/강화도상속등기법무사::영종도 상속등기 법무사,전국 상속등기 법무사>/업무사례/전국상속등기법무사 || 여러 지역에 흩어진 상속부동산 등기>/업무사례/전국상속부동산일괄등기 || 인천 상속등기 법무사>/업무사례/인천상속등기법무사 || 송도 상속등기 법무사>/업무사례/송도상속등기법무사 || 강화도 상속등기 법무사>/업무사례/강화도상속등기법무사 || 지역별 상속등기 법무사>/업무사례/지역별상속등기법무사 || 영종도 상속등기 가능 여부 확인>/contact/inquiry?from=nationwide&region=%EC%9D%B8%EC%B2%9C+%EC%98%81%EC%A2%85%EB%8F%84&field=inheritance-registration || 상담 안내>/contact || 부산에서 법무사 찾을 때 허브로 돌아가기>/부산법무사 || 해운대·센텀 법무사 상담>/해운대법무사 || 센텀 법인·부동산 등기>/센텀법무사 || 부산 여성 법무사 상담>/부산여성법무사,홈 > 업무 사례 > 지역별 상속등기 > 영종도,yes,WebPage+FAQ,,SERP_UNVERIFIED,inheritance-supporting,case,영종도부동산상속등기문의는공항인근아파트상속인이수도권에거주하는경우방문횟수를줄이는절차를안내합니다.거리보다관할특례적용여부와서류수집순서가중요합니다.부산해
/업무사례/강화도상속등기법무사,generated,"index,follow",yes,/업무사례/강화도상속등기법무사,강화도 토지 상속등기｜여러 필지와 공동상속 정리 | 다옴법무사사무소,강화도 상속등기 법무사. 강화·옹진 토지·주택·농지 상속에서 필지 목록과 지목 확인이 중요합니다. 강화도 지점 없이 부산 해운대 사무소에서 관할 특례·비대면 상담부터 신청까지 진행합니다.,강화도 토지 상속등기｜여러 필지와 공동상속 정리 | 다옴법무사사무소,강화도 상속등기 법무사. 강화·옹진 토지·주택·농지 상속에서 필지 목록과 지목 확인이 중요합니다. 강화도 지점 없이 부산 해운대 사무소에서 관할 특례·비대면 상담부터 신청까지 진행합니다.,"강화도에 있는 아파트·토지, 어디서 상속등기를 받을까",강화도 소재 부동산의 관할 특례 검토 | 강화도 아파트·토지·상가가 섞인 경우 | 여러 지역 부동산을 함께 정리할 때 | 법무사 보수와 공과금 구분 | 원본서류 전달과 본인확인 | 상담 전 확인하면 좋은 항목,"강화도 상속등기를 검색하셔도 반드시 강화도에 사무소가 있어야 하는 것은 아닙니다. 강화·옹진 토지·주택·농지 상속에서 필지 목록과 지목 확인이 중요합니다. 상속인이 서울·부산·해외 등 다른 지역에 있어도, 협의분할·위임·등기부 확인을 한 사무소에서 정리할 수 있는지 먼저 검토합니다. 공과금과 법무사 보수를 구분해 안내하며, 가짜 실적이나 지점 존재를 표현하지 않습니다. 강화도 상속등기를 검색하셔도 반드시 강화도에 사무소가 있어야 하는 것은 아닙니다. 강화·옹진 토지·주택·농지 상속에서 필지 목록과 지목 확인이 중요합니다. 상속인이 서울·부산·해외 등 다른 지역에 있어도, 협의분할·위임·등기부 확인을 한 사무소에서 정리할 수 있는지 먼저 검토합니다. 공과금과 법무사 보수를 구분해 안내하며, 가짜 실적이나 지점 존재를 표현하지 않습니다. 다옴법무사사무소는 부산 해운대구에 있으며 강화도에 별도 지점이 있는 것은 아닙니다. 상속등기 관할 특례와 비대면 서류 전달 방식을 검토하여 강화도 소재",546,1,/업무사례/영종도상속등기법무사::강화도 상속등기 법무사,전국 상속등기 법무사>/업무사례/전국상속등기법무사 || 전국 비대면 법무사>/업무사례/전국비대면법무사 || 인천 상속등기 법무사>/업무사례/인천상속등기법무사 || 영종도 상속등기 법무사>/업무사례/영종도상속등기법무사 || 부평구 상속등기 법무사>/업무사례/부평구상속등기법무사 || 지역별 상속등기 법무사>/업무사례/지역별상속등기법무사 || 강화도 상속등기 가능 여부 확인>/contact/inquiry?from=nationwide&region=%EC%9D%B8%EC%B2%9C+%EA%B0%95%ED%99%94%EB%8F%84&field=inheritance-registration || 상담 안내>/contact || 부산에서 법무사 찾을 때 허브로 돌아가기>/부산법무사 || 해운대·센텀 법무사 상담>/해운대법무사 || 센텀 법인·부동산 등기>/센텀법무사 || 부산 여성 법무사 상담>/부산여성법무사,홈 > 업무 사례 > 지역별 상속등기 > 강화도,yes,WebPage+FAQ,,SERP_UNVERIFIED,inheritance-supporting,case,강화도상속등기를검색하셔도반드시강화도에사무소가있어야하는것은아닙니다.강화·옹진토지·주택·농지상속에서필지목록과지목확인이중요합니다.상속인이서울·부산·해
/업무사례/창원상속등기법무사,generated,"index,follow",yes,/업무사례/창원상속등기법무사,창원 상속등기 법무사｜의창·성산·마산… | 다옴법무사사무소,창원 상속등기 법무사. 의창·성산·마산·진해 5개 구 부동산 일괄 정리. 창원 지점 없이 부산 해운대에서 관할 특례·방문·비대면 가능 여부를 검토합니다.,창원 상속등기 법무사｜의창·성산·마산… | 다옴법무사사무소,창원 상속등기 법무사. 의창·성산·마산·진해 5개 구 부동산 일괄 정리. 창원 지점 없이 부산 해운대에서 관할 특례·방문·비대면 가능 여부를 검토합니다.,창원 5개 구의 상속부동산을 한 번에 정리하려면,창원 부동산 목록부터 맞추는 방법 | 관할 특례와 법정 관할의 차이 | 일반적인 상담 유형 | 해외 거주 상속인이 있는 경우 | 비용 안내 방식 | 관련 지역·업무로 이어가기,창원에서는 의창·성산·마산합포·마산회원·진해에 아파트·토지·상가가 나뉜 경우가 많습니다. 부모·조부모 명의 부동산과 상속 후 매도·담보 일정이 겹치면 목록부터 한 표로 맞춥니다. 부산 해운대 사무소에서 방문·비대면 중 편한 방식을 안내하며 창원 지점은 없습니다. 창원에서는 의창·성산·마산합포·마산회원·진해에 아파트·토지·상가가 나뉜 경우가 많습니다. 부모·조부모 명의 부동산과 상속 후 매도·담보 일정이 겹치면 목록부터 한 표로 맞춥니다. 부산 해운대 사무소에서 방문·비대면 중 편한 방식을 안내하며 창원 지점은 없습니다. 다옴법무사사무소는 부산 해운대구에 있으며 창원에 별도 지점이 있는 것은 아닙니다. 상속등기 관할 특례와 비대면 서류 전달 방식을 검토하여 창원 소재 부동산도 진행 바로 진행 방법을 안내합니다. 창원 부동산·상속인 거주 지역 공유 관할 특례·비대면 가능 범위 검토 필요서류·공과금·보수 구분 안내 원본 전달 후 접수·보정·완료 공유 부동산 소재 지역·종류 의뢰인·상속인 ,559,11,/업무사례/경남상속등기법무사::창원 상속등기 법무사 || /업무사례/진주상속등기법무사::창원 상속등기 법무사 || /업무사례/경남법무사업무::창원상속등기법무사 || /업무사례/창원의창구상속등기법무사::창원상속등기법무사 || /업무사례/창원성산구상속등기법무사::창원상속등기법무사 || /업무사례/마산합포구상속등기법무사::창원상속등기법무사 || /업무사례/마산회원구상속등기법무사::창원상속등기법무사 || /업무사례/진해구상속등기법무사::창원상속등기법무사 || /업무사례/창원상속등기비용::창원상속등기법무사 || /업무사례/창원상속등기필요서류::창원상속등기법무사 || /업무사례/함안상속등기법무사::업무사례/창원상속등기법무사,여러 지역에 흩어진 상속부동산 등기>/업무사례/전국상속부동산일괄등기 || 경남 법무사 업무>/업무사례/경남법무사업무 || 경남 상속등기 법무사>/업무사례/경남상속등기법무사 || 김해 상속등기 법무사>/업무사례/김해상속등기법무사 || 양산 상속등기 법무사>/업무사례/양산상속등기법무사 || 창원 의창구 상속등기>/업무사례/창원의창구상속등기법무사 || 창원 상속등기 가능 여부 확인>/contact/inquiry?from=nationwide&region=%EA%B2%BD%EB%82%A8+%EC%B0%BD%EC%9B%90&field=inheritance-registration || 상담 안내>/contact || 부산에서 법무사 찾을 때 허브로 돌아가기>/부산법무사 || 해운대·센텀 법무사 상담>/해운대법무사 || 센텀 법인·부동산 등기>/센텀법무사 || 부산 여성 법무사 상담>/부산여성법무사,홈 > 업무 사례 > 지역별 상속등기 > 창원,yes,WebPage+FAQ,,SERP_UNVERIFIED,inheritance-supporting,case,창원에서는의창·성산·마산합포·마산회원·진해에아파트·토지·상가가나뉜경우가많습니다.부모·조부모명의부동산과상속후매도·담보일정이겹치면목록부터한표로맞춥니
/업무사례/김해상속등기법무사,generated,"index,follow",yes,/업무사례/김해상속등기법무사,김해 상속등기 법무사｜장유·율하·진영… | 다옴법무사사무소,김해 상속등기 법무사. 장유·율하 아파트와 진영·주촌 토지·공장 분산 상속. 김해 지점 없이 부산 해운대에서 방문·비대면 가능 여부를 검토합니다.,김해 상속등기 법무사｜장유·율하·진영… | 다옴법무사사무소,김해 상속등기 법무사. 장유·율하 아파트와 진영·주촌 토지·공장 분산 상속. 김해 지점 없이 부산 해운대에서 방문·비대면 가능 여부를 검토합니다.,김해 상속부동산을 부산 법무사에게 맡기는 방법,김해 상속등기 가능 여부부터 확인하기 | 부산 해운대 사무소에 비대면으로 맡기는 이유 | 김해과 타지역 상속인의 거리 문제 | 필요서류 체크리스트 | 진행 상황 공유 방식 | 타지역 법무사를 고를 때 확인할 사항,"김해는 부산과 가까워 방문 상담을 원하는 경우와, 장유·율하·진영에 부동산이 흩어진 경우를 자주 문의합니다. 아파트와 토지·공장이 함께 있으면 목록과 매도 일정을 먼저 맞춥니다. 상속인이 부산·타지역에 있어도 한 사무소에서 검토할 수 있는지 안내하며, 김해 지점은 없습니다. 김해는 부산과 가까워 방문 상담을 원하는 경우와, 장유·율하·진영에 부동산이 흩어진 경우를 자주 문의합니다. 아파트와 토지·공장이 함께 있으면 목록과 매도 일정을 먼저 맞춥니다. 상속인이 부산·타지역에 있어도 한 사무소에서 검토할 수 있는지 안내하며, 김해 지점은 없습니다. 다옴법무사사무소는 부산 해운대구에 있으며 김해에 별도 지점이 있는 것은 아닙니다. 상속등기 관할 특례와 비대면 서류 전달 방식을 검토하여 김해 소재 부동산도 진행 바로 진행 방법을 안내합니다. 김해 부동산·상속인 거주 지역 공유 관할 특례·비대면 가능 범위 검토 필요서류·공과금·보수 구분 안내 원본 전달 후 접수·보정·완료 공유 부동산 소재 ",606,12,/업무사례/경남상속등기법무사::김해 상속등기 법무사 || /업무사례/창원상속등기법무사::김해 상속등기 법무사 || /업무사례/거제상속등기법무사::김해 상속등기 법무사 || /업무사례/경남법무사업무::김해상속등기법무사 || /업무사례/장유상속등기법무사::김해상속등기법무사 || /업무사례/율하상속등기법무사::김해상속등기법무사 || /업무사례/김해상속등기비용::김해상속등기법무사 || /업무사례/김해상속등기필요서류::김해상속등기법무사 || /업무사례/부산거주김해부동산상속::김해상속등기법무사 || /업무사례/김해거주부산부동산상속::김해상속등기법무사 || /업무사례/경남유증등기법무사::김해상속등기법무사 || /업무사례/경남비대면상속안내::김해상속등기법무사,전국 상속등기 법무사>/업무사례/전국상속등기법무사 || 경남 법무사 업무>/업무사례/경남법무사업무 || 경남 상속등기 법무사>/업무사례/경남상속등기법무사 || 장유 상속등기 법무사>/업무사례/장유상속등기법무사 || 율하 상속등기>/업무사례/율하상속등기법무사 || 양산 상속등기 법무사>/업무사례/양산상속등기법무사 || 김해 상속등기 가능 여부 확인>/contact/inquiry?from=nationwide&region=%EA%B2%BD%EB%82%A8+%EA%B9%80%ED%95%B4&field=inheritance-registration || 상담 안내>/contact || 부산에서 법무사 찾을 때 허브로 돌아가기>/부산법무사 || 해운대·센텀 법무사 상담>/해운대법무사 || 센텀 법인·부동산 등기>/센텀법무사 || 부산 여성 법무사 상담>/부산여성법무사,홈 > 업무 사례 > 지역별 상속등기 > 김해,yes,WebPage+FAQ,,SERP_UNVERIFIED,inheritance-supporting,case,"김해는부산과가까워방문상담을원하는경우와,장유·율하·진영에부동산이흩어진경우를자주문의합니다.아파트와토지·공장이함께있으면목록과매도일정을먼저맞춥니다.상속"
/업무사례/양산상속등기법무사,generated,"index,follow",yes,/업무사례/양산상속등기법무사,양산 상속등기 법무사｜물금·증산·사송… | 다옴법무사사무소,양산 상속등기 법무사. 물금·증산·사송 아파트와 원동·상북 토지. 양산 지점 없이 부산 해운대에서 방문·비대면 가능 여부를 검토합니다. 해운대·센텀 다옴법무사사무소에서 전화·카카오톡·방문(예약) 상담이 가능합니다.,양산 상속등기 법무사｜물금·증산·사송… | 다옴법무사사무소,양산 상속등기 법무사. 물금·증산·사송 아파트와 원동·상북 토지. 양산 지점 없이 부산 해운대에서 방문·비대면 가능 여부를 검토합니다. 해운대·센텀 다옴법무사사무소에서 전화·카카오톡·방문(예약) 상담이 가능합니다.,양산 상속등기를 부산에서 방문 또는 비대면으로 진행하려면,양산 부동산 목록부터 맞추는 방법 | 관할 특례와 법정 관할의 차이 | 일반적인 상담 유형 | 해외 거주 상속인이 있는 경우 | 비용 안내 방식 | 관련 지역·업무로 이어가기,"양산은 물금·증산·사송 신축 아파트와 원동·상북·하북 토지·농지, 웅상권 주택·상가가 함께 상속되는 문의가 많습니다. 부산 거주 상속인도 방문·비대면 중 편한 방식을 선택할 수 있습니다. 양산 지점은 없으며 해운대 사무소에서 관할·서류를 검토합니다. 양산은 물금·증산·사송 신축 아파트와 원동·상북·하북 토지·농지, 웅상권 주택·상가가 함께 상속되는 문의가 많습니다. 부산 거주 상속인도 방문·비대면 중 편한 방식을 선택할 수 있습니다. 양산 지점은 없으며 해운대 사무소에서 관할·서류를 검토합니다. 다옴법무사사무소는 부산 해운대구에 있으며 양산에 별도 지점이 있는 것은 아닙니다. 상속등기 관할 특례와 비대면 서류 전달 방식을 검토하여 양산 소재 부동산도 진행 바로 진행 방법을 안내합니다. 양산 부동산·상속인 거주 지역 공유 관할 특례·비대면 가능 범위 검토 필요서류·공과금·보수 구분 안내 원본 전달 후 접수·보정·완료 공유 부동산 소재 지역·종류 의뢰인·상속인 거주 지역 상속인 수·협의",566,19,/업무사례/경남상속등기법무사::양산 상속등기 법무사 || /업무사례/창원상속등기법무사::양산 상속등기 법무사 || /업무사례/김해상속등기법무사::양산 상속등기 법무사 || /업무사례/울산남구상속등기법무사::양산 상속등기 법무사 || /업무사례/울주군상속등기법무사::양산 상속등기 법무사 || /업무사례/경남법무사업무::양산상속등기법무사 || /업무사례/물금상속등기법무사::양산상속등기법무사 || /업무사례/증산상속등기법무사::양산상속등기법무사 || /업무사례/사송상속등기법무사::양산상속등기법무사 || /업무사례/양산상속등기비용::양산상속등기법무사 || /업무사례/양산상속등기필요서류::양산상속등기법무사 || /업무사례/부산거주양산부동산상속::양산상속등기법무사,전국 상속등기 법무사>/업무사례/전국상속등기법무사 || 경남 법무사 업무>/업무사례/경남법무사업무 || 양산 법무사>/업무사례/양산법무사업무 || 경남 상속등기 법무사>/업무사례/경남상속등기법무사 || 물금 상속등기 법무사>/업무사례/물금상속등기법무사 || 증산 상속등기>/업무사례/증산상속등기법무사 || 양산 상속등기 가능 여부 확인>/contact/inquiry?from=nationwide&region=%EA%B2%BD%EB%82%A8+%EC%96%91%EC%82%B0&field=inheritance-registration || 상담 안내>/contact || 부산에서 법무사 찾을 때 허브로 돌아가기>/부산법무사 || 해운대·센텀 법무사 상담>/해운대법무사 || 센텀 법인·부동산 등기>/센텀법무사 || 부산 여성 법무사 상담>/부산여성법무사,홈 > 업무 사례 > 지역별 상속등기 > 양산,yes,WebPage+FAQ,,SERP_UNVERIFIED,inheritance-supporting,case,"양산은물금·증산·사송신축아파트와원동·상북·하북토지·농지,웅상권주택·상가가함께상속되는문의가많습니다.부산거주상속인도방문·비대면중편한방식을선택할수있습"
/업무사례/진주상속등기법무사,generated,"index,follow",yes,/업무사례/진주상속등기법무사,진주 상속등기｜상속인이 다른 지역에 … | 다옴법무사사무소,진주 상속등기 법무사. 내륙 주택·토지·농지와 아파트가 섞인 상속 목록 정리가 필요합니다. 진주 지점 없이 부산 해운대 사무소에서 관할 특례·비대면 상담부터 신청까지 진행합니다.,진주 상속등기｜상속인이 다른 지역에 … | 다옴법무사사무소,진주 상속등기 법무사. 내륙 주택·토지·농지와 아파트가 섞인 상속 목록 정리가 필요합니다. 진주 지점 없이 부산 해운대 사무소에서 관할 특례·비대면 상담부터 신청까지 진행합니다.,"진주 부동산 상속등기, 관할 특례부터 검토하기",진주 상속등기 가능 여부부터 확인하기 | 부산 해운대 사무소에 비대면으로 맡기는 이유 | 진주과 타지역 상속인의 거리 문제 | 필요서류 체크리스트 | 진행 상황 공유 방식 | 타지역 법무사를 고를 때 확인할 사항,"진주에서 내륙 주택·토지·농지와 아파트가 섞인 상속 목록 정리가 필요합니다. 다옴법무사사무소는 부산 해운대에 있으므로 진주 지점이 있다는 뜻이 아닙니다. 초기 상담에서는 등기부·협의 개요·상속인 거주지만으로 진행 가능 범위를 설명하고, 원본이 필요한 단계는 수임 전에 구분합니다. 아파트·상가·토지가 섞여 있으면 목록표부터 작성하는 것이 누락을 줄입니다. 채무가 확인되지 않아 걱정되신다면 진주 상속포기·한정승인 안내를 먼저 확인하세요. 진주에서 내륙 주택·토지·농지와 아파트가 섞인 상속 목록 정리가 필요합니다. 다옴법무사사무소는 부산 해운대에 있으므로 진주 지점이 있다는 뜻이 아닙니다. 초기 상담에서는 등기부·협의 개요·상속인 거주지만으로 진행 가능 범위를 설명하고, 원본이 필요한 단계는 수임 전에 구분합니다. 아파트·상가·토지가 섞여 있으면 목록표부터 작성하는 것이 누락을 줄입니다. 채무가 확인되지 않아 걱정되신다면 진주 상속포기·한정승인 안내를 먼저 확인하세요. 진주 부동산·상속인",537,4,/상속::진주 상속등기 || /업무사례/거제상속등기법무사::진주 상속등기 법무사 || /업무사례/사천상속등기법무사::업무사례/진주상속등기법무사 || /업무사례/진주상속포기한정승인::업무사례/진주상속등기법무사,전국 상속등기 법무사>/업무사례/전국상속등기법무사 || 전국 비대면 법무사>/업무사례/전국비대면법무사 || 진주 상속포기 법무사>/업무사례/진주상속포기한정승인 || 경남 상속등기 법무사>/업무사례/경남상속등기법무사 || 창원 상속등기 법무사>/업무사례/창원상속등기법무사 || 거제 상속등기 법무사>/업무사례/거제상속등기법무사 || 지역별 상속등기 법무사>/업무사례/지역별상속등기법무사 || 진주 상속등기 가능 여부 확인>/contact/inquiry?from=nationwide&region=%EA%B2%BD%EB%82%A8+%EC%A7%84%EC%A3%BC&field=inheritance-registration || 상담 안내>/contact || 부산에서 법무사 찾을 때 허브로 돌아가기>/부산법무사 || 해운대·센텀 법무사 상담>/해운대법무사 || 센텀 법인·부동산 등기>/센텀법무사,홈 > 업무 사례 > 지역별 상속등기 > 진주,yes,WebPage+FAQ,,SERP_UNVERIFIED,inheritance-supporting,case,진주에서내륙주택·토지·농지와아파트가섞인상속목록정리가필요합니다.다옴법무사사무소는부산해운대에있으므로진주지점이있다는뜻이아닙니다.초기상담에서는등기부·협
/업무사례/거제상속등기법무사,generated,"index,follow",yes,/업무사례/거제상속등기법무사,거제 상속부동산 등기｜아파트·토지 필요서류와 비용 | 다옴법무사사무소,거제 상속등기 법무사. 섬 지역 토지·주택 상속에서 상속인이 육지·부산에 거주하는 경우가 많습니다. 거제 지점 없이 부산 해운대 사무소에서 관할 특례·비대면 상담부터 신청까지 진행합니다.,거제 상속부동산 등기｜아파트·토지 필요서류와 비용 | 다옴법무사사무소,거제 상속등기 법무사. 섬 지역 토지·주택 상속에서 상속인이 육지·부산에 거주하는 경우가 많습니다. 거제 지점 없이 부산 해운대 사무소에서 관할 특례·비대면 상담부터 신청까지 진행합니다.,"거제에 있는 아파트·토지, 어디서 상속등기를 받을까",거제 상속등기 가능 여부부터 확인하기 | 부산 해운대 사무소에 비대면으로 맡기는 이유 | 거제과 타지역 상속인의 거리 문제 | 필요서류 체크리스트 | 진행 상황 공유 방식 | 타지역 법무사를 고를 때 확인할 사항,"거제 부동산 상속등기 문의는 섬 지역 토지·주택 상속에서 상속인이 육지·부산에 거주하는 경우가 많습니다. 거리보다 관할 특례 적용 여부와 서류 수집 순서가 중요합니다. 부산 해운대 사무소에서 전화·카카오·우편으로 상담하며, 거제에 별도 출장 사무소는 운영하지 않습니다. 매도를 앞둔 물건이 있으면 협의분할과 신청 순서를 함께 맞춥니다. 채무가 함께 보이면 거제 상속포기 법무사 안내에서 포기·한정승인 순서를 먼저 확인하세요. 부산 연제구 ‘거제동’ 상속등기와는 지역이 다릅니다. 거제 부동산 상속등기 문의는 섬 지역 토지·주택 상속에서 상속인이 육지·부산에 거주하는 경우가 많습니다. 거리보다 관할 특례 적용 여부와 서류 수집 순서가 중요합니다. 부산 해운대 사무소에서 전화·카카오·우편으로 상담하며, 거제에 별도 출장 사무소는 운영하지 않습니다. 매도를 앞둔 물건이 있으면 협의분할과 신청 순서를 함께 맞춥니다. 채무가 함께 보이면 거제 상속포기 법무사 안내에서 포기·한정승인 순서를 먼저 확",559,5,/경상도비대면상속등기::거제 상속등기 || /상속::거제 상속등기 || /업무사례/진주상속등기법무사::거제 상속등기 법무사 || /업무사례/통영상속등기법무사::업무사례/거제상속등기법무사 || /업무사례/거제상속포기법무사::업무사례/거제상속등기법무사,여러 지역에 흩어진 상속부동산 등기>/업무사례/전국상속부동산일괄등기 || 전국 비대면 법무사>/업무사례/전국비대면법무사 || 거제 상속포기 법무사>/업무사례/거제상속포기법무사 || 경남 상속등기 법무사>/업무사례/경남상속등기법무사 || 진주 상속등기 법무사>/업무사례/진주상속등기법무사 || 김해 상속등기 법무사>/업무사례/김해상속등기법무사 || 지역별 상속등기 법무사>/업무사례/지역별상속등기법무사 || 거제 상속등기 가능 여부 확인>/contact/inquiry?from=nationwide&region=%EA%B2%BD%EB%82%A8+%EA%B1%B0%EC%A0%9C&field=inheritance-registration || 상담 안내>/contact || 부산에서 법무사 찾을 때 허브로 돌아가기>/부산법무사 || 해운대·센텀 법무사 상담>/해운대법무사 || 센텀 법인·부동산 등기>/센텀법무사,홈 > 업무 사례 > 지역별 상속등기 > 거제,yes,WebPage+FAQ,,SERP_UNVERIFIED,inheritance-supporting,case,거제부동산상속등기문의는섬지역토지·주택상속에서상속인이육지·부산에거주하는경우가많습니다.거리보다관할특례적용여부와서류수집순서가중요합니다.부산해운대사무소
/업무사례/울산남구상속등기법무사,generated,"index,follow",yes,/업무사례/울산남구상속등기법무사,울산 남구 상속등기｜아파트·상가 비대면 진행 | 다옴법무사사무소,울산남구 상속등기 법무사. 삼산·달동 아파트·상가 상속에서 협의·위임 일정을 맞추는 상담이 많습니다. 울산남구 지점 없이 부산 해운대 사무소에서 관할 특례·비대면 상담부터 신청까지 진행합니다.,울산 남구 상속등기｜아파트·상가 비대면 진행 | 다옴법무사사무소,울산남구 상속등기 법무사. 삼산·달동 아파트·상가 상속에서 협의·위임 일정을 맞추는 상담이 많습니다. 울산남구 지점 없이 부산 해운대 사무소에서 관할 특례·비대면 상담부터 신청까지 진행합니다.,울산남구 상속인이 여러 지역에 살아도 진행 가능한가,울산남구 상속등기 가능 여부부터 확인하기 | 부산 해운대 사무소에 비대면으로 맡기는 이유 | 울산남구과 타지역 상속인의 거리 문제 | 필요서류 체크리스트 | 진행 상황 공유 방식 | 타지역 법무사를 고를 때 확인할 사항,"울산남구 상속등기를 검색하셔도 반드시 울산남구에 사무소가 있어야 하는 것은 아닙니다. 삼산·달동 아파트·상가 상속에서 협의·위임 일정을 맞추는 상담이 많습니다. 상속인이 서울·부산·해외 등 다른 지역에 있어도, 협의분할·위임·등기부 확인을 한 사무소에서 정리할 수 있는지 먼저 검토합니다. 공과금과 법무사 보수를 구분해 안내하며, 가짜 실적이나 지점 존재를 표현하지 않습니다. 울산남구 상속등기를 검색하셔도 반드시 울산남구에 사무소가 있어야 하는 것은 아닙니다. 삼산·달동 아파트·상가 상속에서 협의·위임 일정을 맞추는 상담이 많습니다. 상속인이 서울·부산·해외 등 다른 지역에 있어도, 협의분할·위임·등기부 확인을 한 사무소에서 정리할 수 있는지 먼저 검토합니다. 공과금과 법무사 보수를 구분해 안내하며, 가짜 실적이나 지점 존재를 표현하지 않습니다. 다옴법무사사무소는 부산 해운대구에 있으며 울산남구에 별도 지점이 있는 것은 아닙니다. 상속등기 관할 특례와 비대면 서류 전달 방식을 검토하여",539,7,/업무사례/울산상속등기법무사::울산남구 상속등기 법무사 || /업무사례/울주군상속등기법무사::울산남구 상속등기 법무사 || /업무사례/울산법무사업무::울산남구상속등기법무사 || /업무사례/울산중구상속등기법무사::울산남구상속등기법무사 || /업무사례/울산삼산동상속등기::울산남구상속등기법무사 || /업무사례/울산달동상속등기::울산남구상속등기법무사 || /업무사례/울산옥동상속등기::울산남구상속등기법무사,전국 상속등기 법무사>/업무사례/전국상속등기법무사 || 울산 상속등기 법무사>/업무사례/울산상속등기법무사 || 울주군 상속등기 법무사>/업무사례/울주군상속등기법무사 || 양산 상속등기 법무사>/업무사례/양산상속등기법무사 || 지역별 상속등기 법무사>/업무사례/지역별상속등기법무사 || 울산남구 상속등기 가능 여부 확인>/contact/inquiry?from=nationwide&region=%EC%9A%B8%EC%82%B0+%EC%9A%B8%EC%82%B0%EB%82%A8%EA%B5%AC&field=inheritance-registration || 상담 안내>/contact || 부산에서 법무사 찾을 때 허브로 돌아가기>/부산법무사 || 해운대·센텀 법무사 상담>/해운대법무사 || 센텀 법인·부동산 등기>/센텀법무사 || 부산 여성 법무사 상담>/부산여성법무사 || 부산 상속등기 절차>/부산상속등기,홈 > 업무 사례 > 지역별 상속등기 > 울산남구,yes,WebPage+FAQ,,SERP_UNVERIFIED,inheritance-supporting,case,울산남구상속등기를검색하셔도반드시울산남구에사무소가있어야하는것은아닙니다.삼산·달동아파트·상가상속에서협의·위임일정을맞추는상담이많습니다.상속인이서울·부
/업무사례/울주군상속등기법무사,generated,"index,follow",yes,/업무사례/울주군상속등기법무사,울주군 토지 상속등기｜농지·임야·주택 상속 절차 | 다옴법무사사무소,울주군 상속등기 법무사. 온산·언양 일대 토지·주택·농지 상속에서 지번·지목 확인이 중요합니다. 울주군 지점 없이 부산 해운대 사무소에서 관할 특례·비대면 상담부터 신청까지 진행합니다.,울주군 토지 상속등기｜농지·임야·주택 상속 절차 | 다옴법무사사무소,울주군 상속등기 법무사. 온산·언양 일대 토지·주택·농지 상속에서 지번·지목 확인이 중요합니다. 울주군 지점 없이 부산 해운대 사무소에서 관할 특례·비대면 상담부터 신청까지 진행합니다.,울주군 상속부동산을 부산 방문 없이 맡기는 방법,울주군 상속등기 가능 여부부터 확인하기 | 부산 해운대 사무소에 비대면으로 맡기는 이유 | 울주군과 타지역 상속인의 거리 문제 | 필요서류 체크리스트 | 진행 상황 공유 방식 | 타지역 법무사를 고를 때 확인할 사항,"울주군에서 온산·언양 일대 토지·주택·농지 상속에서 지번·지목 확인이 중요합니다. 다옴법무사사무소는 부산 해운대에 있으므로 울주군 지점이 있다는 뜻이 아닙니다. 초기 상담에서는 등기부·협의 개요·상속인 거주지만으로 진행 가능 범위를 설명하고, 원본이 필요한 단계는 수임 전에 구분합니다. 아파트·상가·토지가 섞여 있으면 목록표부터 작성하는 것이 누락을 줄입니다. ‘울주’로 검색하셔도 행정구역은 울산광역시 울주군입니다. 채무가 불명확하면 울주 상속포기·한정승인 안내에서 3개월 기한을 먼저 확인하세요. 울주군에서 온산·언양 일대 토지·주택·농지 상속에서 지번·지목 확인이 중요합니다. 다옴법무사사무소는 부산 해운대에 있으므로 울주군 지점이 있다는 뜻이 아닙니다. 초기 상담에서는 등기부·협의 개요·상속인 거주지만으로 진행 가능 범위를 설명하고, 원본이 필요한 단계는 수임 전에 구분합니다. 아파트·상가·토지가 섞여 있으면 목록표부터 작성하는 것이 누락을 줄입니다. ‘울주’로 검색하셔도 행정구역",541,11,/경상도비대면상속등기::울주군 상속등기 || /상속::울주군 상속등기 || /업무사례/울산상속등기법무사::울주군 상속등기 법무사 || /업무사례/울산남구상속등기법무사::울주군 상속등기 법무사 || /업무사례/울산법무사업무::울주군상속등기법무사 || /업무사례/울주범서상속등기::울주군상속등기법무사 || /업무사례/울주언양상속등기::울주군상속등기법무사 || /업무사례/울주삼남상속등기::울주군상속등기법무사 || /업무사례/울산상속등기필요서류::울주군상속등기법무사 || /업무사례/울산토지상속등기::울주군상속등기법무사 || /업무사례/울주군상속포기한정승인::업무사례/울주군상속등기법무사,전국 상속등기 법무사>/업무사례/전국상속등기법무사 || 여러 지역에 흩어진 상속부동산 등기>/업무사례/전국상속부동산일괄등기 || 울주군상속포기한정승인>/업무사례/울주군상속포기한정승인 || 울산 상속등기 법무사>/업무사례/울산상속등기법무사 || 울산남구 상속등기 법무사>/업무사례/울산남구상속등기법무사 || 양산 상속등기 법무사>/업무사례/양산상속등기법무사 || 지역별 상속등기 법무사>/업무사례/지역별상속등기법무사 || 울주군 상속등기 가능 여부 확인>/contact/inquiry?from=nationwide&region=%EC%9A%B8%EC%82%B0+%EC%9A%B8%EC%A3%BC%EA%B5%B0&field=inheritance-registration || 상담 안내>/contact || 부산에서 법무사 찾을 때 허브로 돌아가기>/부산법무사 || 해운대·센텀 법무사 상담>/해운대법무사 || 센텀 법인·부동산 등기>/센텀법무사,홈 > 업무 사례 > 지역별 상속등기 > 울주군,yes,WebPage+FAQ,,SERP_UNVERIFIED,inheritance-supporting,case,울주군에서온산·언양일대토지·주택·농지상속에서지번·지목확인이중요합니다.다옴법무사사무소는부산해운대에있으므로울주군지점이있다는뜻이아닙니다.초기상담에서는
/업무사례/대구수성구상속등기법무사,generated,"index,follow",yes,/업무사례/대구수성구상속등기법무사,대구 수성구 상속등기 법무사｜아파트 … | 다옴법무사사무소,대구수성구 상속등기 법무사. 범어·수성못 인근 고급 아파트·상가 상속에서 협의분할 논의가 길어질 수 있습니다. 대구수성구 지점 없이 부산 해운대 사무소에서 관할 특례·비대면 상담부터 신청까지 진행합니다.,대구 수성구 상속등기 법무사｜아파트 … | 다옴법무사사무소,대구수성구 상속등기 법무사. 범어·수성못 인근 고급 아파트·상가 상속에서 협의분할 논의가 길어질 수 있습니다. 대구수성구 지점 없이 부산 해운대 사무소에서 관할 특례·비대면 상담부터 신청까지 진행합니다.,대구수성구 상속등기 비용과 필요서류부터 확인하기,대구수성구 부동산 목록부터 맞추는 방법 | 관할 특례와 법정 관할의 차이 | 일반적인 상담 유형 | 해외 거주 상속인이 있는 경우 | 비용 안내 방식 | 관련 지역·업무로 이어가기,"대구수성구 부동산 상속등기 문의는 범어·수성못 인근 고급 아파트·상가 상속에서 협의분할 논의가 길어질 수 있습니다. 거리보다 관할 특례 적용 여부와 서류 수집 순서가 중요합니다. 부산 해운대 사무소에서 전화·카카오·우편으로 상담하며, 대구수성구에 별도 출장 사무소는 운영하지 않습니다. 매도를 앞둔 물건이 있으면 협의분할과 신청 순서를 함께 맞춥니다. 대구수성구 부동산 상속등기 문의는 범어·수성못 인근 고급 아파트·상가 상속에서 협의분할 논의가 길어질 수 있습니다. 거리보다 관할 특례 적용 여부와 서류 수집 순서가 중요합니다. 부산 해운대 사무소에서 전화·카카오·우편으로 상담하며, 대구수성구에 별도 출장 사무소는 운영하지 않습니다. 매도를 앞둔 물건이 있으면 협의분할과 신청 순서를 함께 맞춥니다. 다옴법무사사무소는 부산 해운대구에 있으며 대구수성구에 별도 지점이 있는 것은 아닙니다. 상속등기 관할 특례와 비대면 서류 전달 방식을 검토하여 대구수성구 소재 부동산도 진행 바로 진행 방법을",522,10,/업무사례/대구상속등기법무사::대구수성구 상속등기 법무사 || /업무사례/대구달서구상속등기법무사::대구수성구 상속등기 법무사 || /업무사례/경산상속등기법무사::대구수성구 상속등기 법무사 || /업무사례/대구법무사업무::대구수성구상속등기법무사 || /업무사례/대구중구상속등기법무사::대구수성구상속등기법무사 || /업무사례/대구남구상속등기법무사::대구수성구상속등기법무사 || /업무사례/대구범어동상속등기::대구수성구상속등기법무사 || /업무사례/대구만촌동상속등기::대구수성구상속등기법무사 || /업무사례/대구시지상속등기::대구수성구상속등기법무사 || /업무사례/대구아파트상속등기::대구수성구상속등기법무사,전국 상속등기 법무사>/업무사례/전국상속등기법무사 || 전국 비대면 법무사>/업무사례/전국비대면법무사 || 대구 상속등기 법무사>/업무사례/대구상속등기법무사 || 대구달서구 상속등기 법무사>/업무사례/대구달서구상속등기법무사 || 경산 상속등기 법무사>/업무사례/경산상속등기법무사 || 지역별 상속등기 법무사>/업무사례/지역별상속등기법무사 || 대구수성구 상속등기 가능 여부 확인>/contact/inquiry?from=nationwide&region=%EB%8C%80%EA%B5%AC+%EB%8C%80%EA%B5%AC%EC%88%98%EC%84%B1%EA%B5%AC&field=inheritance-registration || 상담 안내>/contact || 부산에서 법무사 찾을 때 허브로 돌아가기>/부산법무사 || 해운대·센텀 법무사 상담>/해운대법무사 || 센텀 법인·부동산 등기>/센텀법무사 || 부산 여성 법무사 상담>/부산여성법무사,홈 > 업무 사례 > 지역별 상속등기 > 대구수성구,yes,WebPage+FAQ,,SERP_UNVERIFIED,inheritance-supporting,case,대구수성구부동산상속등기문의는범어·수성못인근고급아파트·상가상속에서협의분할논의가길어질수있습니다.거리보다관할특례적용여부와서류수집순서가중요합니다.부산해
/업무사례/대구달서구상속등기법무사,generated,"index,follow",yes,/업무사례/대구달서구상속등기법무사,대구 달서구 상속등기｜상속재산분할과 취득세 안내 | 다옴법무사사무소,대구달서구 상속등기 법무사. 성서·월성 일대 아파트·상가 상속에서 등기부·임대차를 함께 확인합니다. 대구달서구 지점 없이 부산 해운대 사무소에서 관할 특례·비대면 상담부터 신청까지 진행합니다.,대구 달서구 상속등기｜상속재산분할과 취득세 안내 | 다옴법무사사무소,대구달서구 상속등기 법무사. 성서·월성 일대 아파트·상가 상속에서 등기부·임대차를 함께 확인합니다. 대구달서구 지점 없이 부산 해운대 사무소에서 관할 특례·비대면 상담부터 신청까지 진행합니다.,"대구달서구 부동산 상속등기, 관할 특례부터 검토하기",대구달서구 상속등기 가능 여부부터 확인하기 | 부산 해운대 사무소에 비대면으로 맡기는 이유 | 대구달서구과 타지역 상속인의 거리 문제 | 필요서류 체크리스트 | 진행 상황 공유 방식 | 타지역 법무사를 고를 때 확인할 사항,"대구달서구 상속등기를 검색하셔도 반드시 대구달서구에 사무소가 있어야 하는 것은 아닙니다. 성서·월성 일대 아파트·상가 상속에서 등기부·임대차를 함께 확인합니다. 상속인이 서울·부산·해외 등 다른 지역에 있어도, 협의분할·위임·등기부 확인을 한 사무소에서 정리할 수 있는지 먼저 검토합니다. 공과금과 법무사 보수를 구분해 안내하며, 가짜 실적이나 지점 존재를 표현하지 않습니다. 대구달서구 상속등기를 검색하셔도 반드시 대구달서구에 사무소가 있어야 하는 것은 아닙니다. 성서·월성 일대 아파트·상가 상속에서 등기부·임대차를 함께 확인합니다. 상속인이 서울·부산·해외 등 다른 지역에 있어도, 협의분할·위임·등기부 확인을 한 사무소에서 정리할 수 있는지 먼저 검토합니다. 공과금과 법무사 보수를 구분해 안내하며, 가짜 실적이나 지점 존재를 표현하지 않습니다. 다옴법무사사무소는 부산 해운대구에 있으며 대구달서구에 별도 지점이 있는 것은 아닙니다. 상속등기 관할 특례와 비대면 서류 전달 방식을 검토하",567,6,/업무사례/대구상속등기법무사::대구달서구 상속등기 법무사 || /업무사례/대구수성구상속등기법무사::대구달서구 상속등기 법무사 || /업무사례/대구법무사업무::대구달서구상속등기법무사 || /업무사례/대구서구상속등기법무사::대구달서구상속등기법무사 || /업무사례/대구월성동상속등기::대구달서구상속등기법무사 || /업무사례/대구상인동상속등기::대구달서구상속등기법무사,여러 지역에 흩어진 상속부동산 등기>/업무사례/전국상속부동산일괄등기 || 전국 비대면 법무사>/업무사례/전국비대면법무사 || 대구 상속등기 법무사>/업무사례/대구상속등기법무사 || 대구수성구 상속등기 법무사>/업무사례/대구수성구상속등기법무사 || 경산 상속등기 법무사>/업무사례/경산상속등기법무사 || 지역별 상속등기 법무사>/업무사례/지역별상속등기법무사 || 대구달서구 상속등기 가능 여부 확인>/contact/inquiry?from=nationwide&region=%EB%8C%80%EA%B5%AC+%EB%8C%80%EA%B5%AC%EB%8B%AC%EC%84%9C%EA%B5%AC&field=inheritance-registration || 상담 안내>/contact || 부산에서 법무사 찾을 때 허브로 돌아가기>/부산법무사 || 해운대·센텀 법무사 상담>/해운대법무사 || 센텀 법인·부동산 등기>/센텀법무사 || 부산 여성 법무사 상담>/부산여성법무사,홈 > 업무 사례 > 지역별 상속등기 > 대구달서구,yes,WebPage+FAQ,,SERP_UNVERIFIED,inheritance-supporting,case,대구달서구상속등기를검색하셔도반드시대구달서구에사무소가있어야하는것은아닙니다.성서·월성일대아파트·상가상속에서등기부·임대차를함께확인합니다.상속인이서울·
/업무사례/포항상속등기법무사,generated,"index,follow",yes,/업무사례/포항상속등기법무사,포항 상속등기 법무사｜아파트·토지 한 번에 정리 | 다옴법무사사무소,포항 상속등기 법무사. 북·남구 아파트와 토지·주택이 함께 상속되는 사례가 많습니다. 포항 지점 없이 부산 해운대 사무소에서 관할 특례·비대면 상담부터 신청까지 진행합니다.,포항 상속등기 법무사｜아파트·토지 한 번에 정리 | 다옴법무사사무소,포항 상속등기 법무사. 북·남구 아파트와 토지·주택이 함께 상속되는 사례가 많습니다. 포항 지점 없이 부산 해운대 사무소에서 관할 특례·비대면 상담부터 신청까지 진행합니다.,"포항에 있는 아파트·토지, 어디서 상속등기를 받을까",포항 소재 부동산의 관할 특례 검토 | 포항 아파트·토지·상가가 섞인 경우 | 여러 지역 부동산을 함께 정리할 때 | 법무사 보수와 공과금 구분 | 원본서류 전달과 본인확인 | 상담 전 확인하면 좋은 항목,"포항에서 북·남구 아파트와 토지·주택이 함께 상속되는 사례가 많습니다. 다옴법무사사무소는 부산 해운대에 있으므로 포항 지점이 있다는 뜻이 아닙니다. 초기 상담에서는 등기부·협의 개요·상속인 거주지만으로 진행 가능 범위를 설명하고, 원본이 필요한 단계는 수임 전에 구분합니다. 아파트·상가·토지가 섞여 있으면 목록표부터 작성하는 것이 누락을 줄입니다. 채무가 확인되지 않아 걱정되신다면 포항 상속포기·한정승인 안내를 먼저 확인하세요. 포항에서 북·남구 아파트와 토지·주택이 함께 상속되는 사례가 많습니다. 다옴법무사사무소는 부산 해운대에 있으므로 포항 지점이 있다는 뜻이 아닙니다. 초기 상담에서는 등기부·협의 개요·상속인 거주지만으로 진행 가능 범위를 설명하고, 원본이 필요한 단계는 수임 전에 구분합니다. 아파트·상가·토지가 섞여 있으면 목록표부터 작성하는 것이 누락을 줄입니다. 채무가 확인되지 않아 걱정되신다면 포항 상속포기·한정승인 안내를 먼저 확인하세요. 포항 부동산·상속인 거주 지역",548,8,/상속::포항 상속등기 || /업무사례/경북상속등기법무사::포항 상속등기 법무사 || /업무사례/구미상속등기법무사::포항 상속등기 법무사 || /업무사례/경주상속등기법무사::포항 상속등기 법무사 || /업무사례/경북법무사업무::포항상속등기법무사 || /업무사례/경북법인등기법무사::포항상속등기법무사 || /업무사례/포항에서부산법인본점이전::포항상속등기법무사 || /업무사례/포항상속포기한정승인::업무사례/포항상속등기법무사,전국 상속등기 법무사>/업무사례/전국상속등기법무사 || 포항상속포기한정승인>/업무사례/포항상속포기한정승인 || 경북 상속등기 법무사>/업무사례/경북상속등기법무사 || 경주 상속등기 법무사>/업무사례/경주상속등기법무사 || 구미 상속등기 법무사>/업무사례/구미상속등기법무사 || 지역별 상속등기 법무사>/업무사례/지역별상속등기법무사 || 포항 상속등기 가능 여부 확인>/contact/inquiry?from=nationwide&region=%EA%B2%BD%EB%B6%81+%ED%8F%AC%ED%95%AD&field=inheritance-registration || 상담 안내>/contact || 부산에서 법무사 찾을 때 허브로 돌아가기>/부산법무사 || 해운대·센텀 법무사 상담>/해운대법무사 || 센텀 법인·부동산 등기>/센텀법무사 || 부산 여성 법무사 상담>/부산여성법무사,홈 > 업무 사례 > 지역별 상속등기 > 포항,yes,WebPage+FAQ,,SERP_UNVERIFIED,inheritance-supporting,case,포항에서북·남구아파트와토지·주택이함께상속되는사례가많습니다.다옴법무사사무소는부산해운대에있으므로포항지점이있다는뜻이아닙니다.초기상담에서는등기부·협의개
/업무사례/구미상속등기법무사,generated,"index,follow",yes,/업무사례/구미상속등기법무사,구미 상속등기｜상속인이 타지역에 살아… | 다옴법무사사무소,구미 상속등기 법무사. 산업도시 아파트·토지 상속에서 상속인 간 거주지가 갈라진 경우가 흔합니다. 구미 지점 없이 부산 해운대 사무소에서 관할 특례·비대면 상담부터 신청까지 진행합니다.,구미 상속등기｜상속인이 타지역에 살아… | 다옴법무사사무소,구미 상속등기 법무사. 산업도시 아파트·토지 상속에서 상속인 간 거주지가 갈라진 경우가 흔합니다. 구미 지점 없이 부산 해운대 사무소에서 관할 특례·비대면 상담부터 신청까지 진행합니다.,구미 상속인이 여러 지역에 살아도 진행 가능한가,구미 상속등기 가능 여부부터 확인하기 | 부산 해운대 사무소에 비대면으로 맡기는 이유 | 구미과 타지역 상속인의 거리 문제 | 필요서류 체크리스트 | 진행 상황 공유 방식 | 타지역 법무사를 고를 때 확인할 사항,"구미 부동산 상속등기 문의는 산업도시 아파트·토지 상속에서 상속인 간 거주지가 갈라진 경우가 흔합니다. 거리보다 관할 특례 적용 여부와 서류 수집 순서가 중요합니다. 부산 해운대 사무소에서 전화·카카오·우편으로 상담하며, 구미에 별도 출장 사무소는 운영하지 않습니다. 매도를 앞둔 물건이 있으면 협의분할과 신청 순서를 함께 맞춥니다. 경북 여러 지역 부동산이 함께 있으면 경상도 비대면 상속등기 안내도 참고해 보세요. 구미 부동산 상속등기 문의는 산업도시 아파트·토지 상속에서 상속인 간 거주지가 갈라진 경우가 흔합니다. 거리보다 관할 특례 적용 여부와 서류 수집 순서가 중요합니다. 부산 해운대 사무소에서 전화·카카오·우편으로 상담하며, 구미에 별도 출장 사무소는 운영하지 않습니다. 매도를 앞둔 물건이 있으면 협의분할과 신청 순서를 함께 맞춥니다. 경북 여러 지역 부동산이 함께 있으면 경상도 비대면 상속등기 안내도 참고해 보세요. 구미 부동산·상속인 거주 지역 공유 관할 특례·비대면 가능",516,7,/업무사례/경북상속등기법무사::구미 상속등기 법무사 || /업무사례/포항상속등기법무사::구미 상속등기 법무사 || /업무사례/경산상속등기법무사::구미 상속등기 법무사 || /업무사례/경주상속등기법무사::구미 상속등기 법무사 || /업무사례/경북법무사업무::구미상속등기법무사 || /업무사례/김천상속등기법무사::구미상속등기법무사 || /업무사례/구미에서부산법인본점이전::구미상속등기법무사,전국 상속등기 법무사>/업무사례/전국상속등기법무사 || 여러 지역에 흩어진 상속부동산 등기>/업무사례/전국상속부동산일괄등기 || 경북 상속등기 법무사>/업무사례/경북상속등기법무사 || 경산 상속등기 법무사>/업무사례/경산상속등기법무사 || 포항 상속등기 법무사>/업무사례/포항상속등기법무사 || 지역별 상속등기 법무사>/업무사례/지역별상속등기법무사 || 구미 상속등기 가능 여부 확인>/contact/inquiry?from=nationwide&region=%EA%B2%BD%EB%B6%81+%EA%B5%AC%EB%AF%B8&field=inheritance-registration || 상담 안내>/contact || 부산에서 법무사 찾을 때 허브로 돌아가기>/부산법무사 || 해운대·센텀 법무사 상담>/해운대법무사 || 센텀 법인·부동산 등기>/센텀법무사 || 부산 여성 법무사 상담>/부산여성법무사,홈 > 업무 사례 > 지역별 상속등기 > 구미,yes,WebPage+FAQ,,SERP_UNVERIFIED,inheritance-supporting,case,구미부동산상속등기문의는산업도시아파트·토지상속에서상속인간거주지가갈라진경우가흔합니다.거리보다관할특례적용여부와서류수집순서가중요합니다.부산해운대사무소에
/업무사례/경산상속등기법무사,generated,"index,follow",yes,/업무사례/경산상속등기법무사,경산 상속부동산 등기｜대구 거주 상속… | 다옴법무사사무소,경산 상속등기 법무사. 대구 인접 아파트 상속에서 관할·비대면 절차를 먼저 검토합니다. 경산 지점 없이 부산 해운대 사무소에서 관할 특례·비대면 상담부터 신청까지 진행합니다.,경산 상속부동산 등기｜대구 거주 상속… | 다옴법무사사무소,경산 상속등기 법무사. 대구 인접 아파트 상속에서 관할·비대면 절차를 먼저 검토합니다. 경산 지점 없이 부산 해운대 사무소에서 관할 특례·비대면 상담부터 신청까지 진행합니다.,경산 상속부동산을 부산 방문 없이 맡기는 방법,경산 부동산 목록부터 맞추는 방법 | 관할 특례와 법정 관할의 차이 | 일반적인 상담 유형 | 해외 거주 상속인이 있는 경우 | 비용 안내 방식 | 관련 지역·업무로 이어가기,"경산 상속등기를 검색하셔도 반드시 경산에 사무소가 있어야 하는 것은 아닙니다. 대구 인접 아파트 상속에서 관할·비대면 절차를 먼저 검토합니다. 상속인이 서울·부산·해외 등 다른 지역에 있어도, 협의분할·위임·등기부 확인을 한 사무소에서 정리할 수 있는지 먼저 검토합니다. 공과금과 법무사 보수를 구분해 안내하며, 가짜 실적이나 지점 존재를 표현하지 않습니다. 경북 여러 지역 부동산이 함께 있으면 경상도 비대면 상속등기 안내도 참고해 보세요. 경산 상속등기를 검색하셔도 반드시 경산에 사무소가 있어야 하는 것은 아닙니다. 대구 인접 아파트 상속에서 관할·비대면 절차를 먼저 검토합니다. 상속인이 서울·부산·해외 등 다른 지역에 있어도, 협의분할·위임·등기부 확인을 한 사무소에서 정리할 수 있는지 먼저 검토합니다. 공과금과 법무사 보수를 구분해 안내하며, 가짜 실적이나 지점 존재를 표현하지 않습니다. 경북 여러 지역 부동산이 함께 있으면 경상도 비대면 상속등기 안내도 참고해 보세요. 경산 부",524,7,/업무사례/경북상속등기법무사::경산 상속등기 법무사 || /업무사례/대구수성구상속등기법무사::경산 상속등기 법무사 || /업무사례/대구달서구상속등기법무사::경산 상속등기 법무사 || /업무사례/구미상속등기법무사::경산 상속등기 법무사 || /업무사례/칠곡상속등기법무사::경산상속등기법무사 || /업무사례/영천상속등기법무사::경산상속등기법무사 || /업무사례/청도상속등기법무사::경산상속등기법무사,전국 상속등기 법무사>/업무사례/전국상속등기법무사 || 전국 비대면 법무사>/업무사례/전국비대면법무사 || 경북 상속등기 법무사>/업무사례/경북상속등기법무사 || 대구수성구 상속등기 법무사>/업무사례/대구수성구상속등기법무사 || 구미 상속등기 법무사>/업무사례/구미상속등기법무사 || 지역별 상속등기 법무사>/업무사례/지역별상속등기법무사 || 경산 상속등기 가능 여부 확인>/contact/inquiry?from=nationwide&region=%EA%B2%BD%EB%B6%81+%EA%B2%BD%EC%82%B0&field=inheritance-registration || 상담 안내>/contact || 부산에서 법무사 찾을 때 허브로 돌아가기>/부산법무사 || 해운대·센텀 법무사 상담>/해운대법무사 || 센텀 법인·부동산 등기>/센텀법무사 || 부산 여성 법무사 상담>/부산여성법무사,홈 > 업무 사례 > 지역별 상속등기 > 경산,yes,WebPage+FAQ,,SERP_UNVERIFIED,inheritance-supporting,case,경산상속등기를검색하셔도반드시경산에사무소가있어야하는것은아닙니다.대구인접아파트상속에서관할·비대면절차를먼저검토합니다.상속인이서울·부산·해외등다른지역에
/업무사례/경주상속등기법무사,generated,"index,follow",yes,/업무사례/경주상속등기법무사,경주 토지·주택 상속등기｜필요서류와 비용 안내 | 다옴법무사사무소,경주 상속등기 법무사. 역사도시 주택·토지·농지와 아파트가 섞인 상속에서 필지 누락을 줄입니다. 경주 지점 없이 부산 해운대 사무소에서 관할 특례·비대면 상담부터 신청까지 진행합니다.,경주 토지·주택 상속등기｜필요서류와 비용 안내 | 다옴법무사사무소,경주 상속등기 법무사. 역사도시 주택·토지·농지와 아파트가 섞인 상속에서 필지 누락을 줄입니다. 경주 지점 없이 부산 해운대 사무소에서 관할 특례·비대면 상담부터 신청까지 진행합니다.,경주 상속등기 비용과 필요서류부터 확인하기,경주 부동산 목록부터 맞추는 방법 | 관할 특례와 법정 관할의 차이 | 일반적인 상담 유형 | 해외 거주 상속인이 있는 경우 | 비용 안내 방식 | 관련 지역·업무로 이어가기,"경주에서 역사도시 주택·토지·농지와 아파트가 섞인 상속에서 필지 누락을 줄입니다. 다옴법무사사무소는 부산 해운대에 있으므로 경주 지점이 있다는 뜻이 아닙니다. 초기 상담에서는 등기부·협의 개요·상속인 거주지만으로 진행 가능 범위를 설명하고, 원본이 필요한 단계는 수임 전에 구분합니다. 아파트·상가·토지가 섞여 있으면 목록표부터 작성하는 것이 누락을 줄입니다. 조부모 명의로 여러 세대 정리되지 않은 토지가 있으면 경주 오래된 토지 상속등기 안내를 참고해 보세요. 경주에서 역사도시 주택·토지·농지와 아파트가 섞인 상속에서 필지 누락을 줄입니다. 다옴법무사사무소는 부산 해운대에 있으므로 경주 지점이 있다는 뜻이 아닙니다. 초기 상담에서는 등기부·협의 개요·상속인 거주지만으로 진행 가능 범위를 설명하고, 원본이 필요한 단계는 수임 전에 구분합니다. 아파트·상가·토지가 섞여 있으면 목록표부터 작성하는 것이 누락을 줄입니다. 조부모 명의로 여러 세대 정리되지 않은 토지가 있으면 경주 오래된 토",567,3,/상속::경주 상속등기 || /업무사례/포항상속등기법무사::경주 상속등기 법무사 || /업무사례/경주오래된토지상속등기::업무사례/경주상속등기법무사,여러 지역에 흩어진 상속부동산 등기>/업무사례/전국상속부동산일괄등기 || 전국 비대면 법무사>/업무사례/전국비대면법무사 || 경주오래된토지상속등기>/업무사례/경주오래된토지상속등기 || 경북 상속등기 법무사>/업무사례/경북상속등기법무사 || 포항 상속등기 법무사>/업무사례/포항상속등기법무사 || 구미 상속등기 법무사>/업무사례/구미상속등기법무사 || 지역별 상속등기 법무사>/업무사례/지역별상속등기법무사 || 경주 상속등기 가능 여부 확인>/contact/inquiry?from=nationwide&region=%EA%B2%BD%EB%B6%81+%EA%B2%BD%EC%A3%BC&field=inheritance-registration || 상담 안내>/contact || 부산에서 법무사 찾을 때 허브로 돌아가기>/부산법무사 || 해운대·센텀 법무사 상담>/해운대법무사 || 센텀 법인·부동산 등기>/센텀법무사,홈 > 업무 사례 > 지역별 상속등기 > 경주,yes,WebPage+FAQ,,SERP_UNVERIFIED,inheritance-supporting,case,경주에서역사도시주택·토지·농지와아파트가섞인상속에서필지누락을줄입니다.다옴법무사사무소는부산해운대에있으므로경주지점이있다는뜻이아닙니다.초기상담에서는등기
/업무사례/대전유성구상속등기법무사,generated,"index,follow",yes,/업무사례/대전유성구상속등기법무사,대전 유성구 상속등기｜아파트·상가 비대면 진행 | 다옴법무사사무소,대전유성구 상속등기 법무사. 대덕·유성 연구단지 인근 아파트·상가 상속에서 상속인 타지역 거주가 많습니다. 대전유성구 지점 없이 부산 해운대 사무소에서 관할 특례·비대면 상담부터 신청까지 진행합니다.,대전 유성구 상속등기｜아파트·상가 비대면 진행 | 다옴법무사사무소,대전유성구 상속등기 법무사. 대덕·유성 연구단지 인근 아파트·상가 상속에서 상속인 타지역 거주가 많습니다. 대전유성구 지점 없이 부산 해운대 사무소에서 관할 특례·비대면 상담부터 신청까지 진행합니다.,"대전유성구 부동산 상속등기, 관할 특례부터 검토하기",대전유성구 부동산 목록부터 맞추는 방법 | 관할 특례와 법정 관할의 차이 | 일반적인 상담 유형 | 해외 거주 상속인이 있는 경우 | 비용 안내 방식 | 관련 지역·업무로 이어가기,"대전유성구 부동산 상속등기 문의는 대덕·유성 연구단지 인근 아파트·상가 상속에서 상속인 타지역 거주가 많습니다. 거리보다 관할 특례 적용 여부와 서류 수집 순서가 중요합니다. 부산 해운대 사무소에서 전화·카카오·우편으로 상담하며, 대전유성구에 별도 출장 사무소는 운영하지 않습니다. 매도를 앞둔 물건이 있으면 협의분할과 신청 순서를 함께 맞춥니다. 대전유성구 부동산 상속등기 문의는 대덕·유성 연구단지 인근 아파트·상가 상속에서 상속인 타지역 거주가 많습니다. 거리보다 관할 특례 적용 여부와 서류 수집 순서가 중요합니다. 부산 해운대 사무소에서 전화·카카오·우편으로 상담하며, 대전유성구에 별도 출장 사무소는 운영하지 않습니다. 매도를 앞둔 물건이 있으면 협의분할과 신청 순서를 함께 맞춥니다. 다옴법무사사무소는 부산 해운대구에 있으며 대전유성구에 별도 지점이 있는 것은 아닙니다. 상속등기 관할 특례와 비대면 서류 전달 방식을 검토하여 대전유성구 소재 부동산도 진행 바로 진행 방법을 안내합",513,4,/업무사례/대전상속등기법무사::대전유성구 상속등기 법무사 || /업무사례/천안상속등기법무사::대전유성구 상속등기 법무사 || /업무사례/청주상속등기법무사::대전유성구 상속등기 법무사 || /업무사례/대전서구상속등기법무사::대전유성구 상속등기 법무사,전국 상속등기 법무사>/업무사례/전국상속등기법무사 || 대전 상속등기 법무사>/업무사례/대전상속등기법무사 || 천안 상속등기 법무사>/업무사례/천안상속등기법무사 || 청주 상속등기 법무사>/업무사례/청주상속등기법무사 || 지역별 상속등기 법무사>/업무사례/지역별상속등기법무사 || 대전유성구 상속등기 가능 여부 확인>/contact/inquiry?from=nationwide&region=%EB%8C%80%EC%A0%84+%EB%8C%80%EC%A0%84%EC%9C%A0%EC%84%B1%EA%B5%AC&field=inheritance-registration || 상담 안내>/contact || 부산에서 법무사 찾을 때 허브로 돌아가기>/부산법무사 || 해운대·센텀 법무사 상담>/해운대법무사 || 센텀 법인·부동산 등기>/센텀법무사 || 부산 여성 법무사 상담>/부산여성법무사 || 부산 상속등기 절차>/부산상속등기,홈 > 업무 사례 > 지역별 상속등기 > 대전유성구,yes,WebPage+FAQ,,SERP_UNVERIFIED,inheritance-supporting,case,대전유성구부동산상속등기문의는대덕·유성연구단지인근아파트·상가상속에서상속인타지역거주가많습니다.거리보다관할특례적용여부와서류수집순서가중요합니다.부산해운
/업무사례/천안상속등기법무사,generated,"index,follow",yes,/업무사례/천안상속등기법무사,천안 상속등기 법무사｜아파트와 토지 상속 절차 | 다옴법무사사무소,천안 상속등기 법무사. 두정·불당·배방 일대 아파트와 외곽 토지·농지가 함께 상속됩니다. 천안 지점 없이 부산 해운대 사무소에서 관할 특례·비대면 상담부터 신청까지 진행합니다.,천안 상속등기 법무사｜아파트와 토지 상속 절차 | 다옴법무사사무소,천안 상속등기 법무사. 두정·불당·배방 일대 아파트와 외곽 토지·농지가 함께 상속됩니다. 천안 지점 없이 부산 해운대 사무소에서 관할 특례·비대면 상담부터 신청까지 진행합니다.,"천안에 있는 아파트·토지, 어디서 상속등기를 받을까",천안 상속등기 가능 여부부터 확인하기 | 부산 해운대 사무소에 비대면으로 맡기는 이유 | 천안과 타지역 상속인의 거리 문제 | 필요서류 체크리스트 | 진행 상황 공유 방식 | 타지역 법무사를 고를 때 확인할 사항,"천안 상속등기를 검색하셔도 반드시 천안에 사무소가 있어야 하는 것은 아닙니다. 두정·불당·배방 일대 아파트와 외곽 토지·농지가 함께 상속됩니다. 상속인이 서울·부산·해외 등 다른 지역에 있어도, 협의분할·위임·등기부 확인을 한 사무소에서 정리할 수 있는지 먼저 검토합니다. 공과금과 법무사 보수를 구분해 안내하며, 가짜 실적이나 지점 존재를 표현하지 않습니다. 천안 상속등기를 검색하셔도 반드시 천안에 사무소가 있어야 하는 것은 아닙니다. 두정·불당·배방 일대 아파트와 외곽 토지·농지가 함께 상속됩니다. 상속인이 서울·부산·해외 등 다른 지역에 있어도, 협의분할·위임·등기부 확인을 한 사무소에서 정리할 수 있는지 먼저 검토합니다. 공과금과 법무사 보수를 구분해 안내하며, 가짜 실적이나 지점 존재를 표현하지 않습니다. 다옴법무사사무소는 부산 해운대구에 있으며 천안에 별도 지점이 있는 것은 아닙니다. 상속등기 관할 특례와 비대면 서류 전달 방식을 검토하여 천안 소재 부동산도 진행 바로 진행",535,7,/업무사례/충남상속등기법무사::천안 상속등기 법무사 || /업무사례/대전유성구상속등기법무사::천안 상속등기 법무사 || /업무사례/아산상속등기법무사::천안 상속등기 법무사 || /업무사례/대전서구상속등기법무사::천안 상속등기 법무사 || /업무사례/당진상속등기법무사::천안 상속등기 법무사 || /업무사례/서산보령상속등기법무사::천안 상속등기 법무사 || /업무사례/공주상속등기법무사::천안 상속등기 법무사,전국 상속등기 법무사>/업무사례/전국상속등기법무사 || 여러 지역에 흩어진 상속부동산 등기>/업무사례/전국상속부동산일괄등기 || 충남 상속등기 법무사>/업무사례/충남상속등기법무사 || 아산 상속등기 법무사>/업무사례/아산상속등기법무사 || 대전유성구 상속등기 법무사>/업무사례/대전유성구상속등기법무사 || 지역별 상속등기 법무사>/업무사례/지역별상속등기법무사 || 천안 상속등기 가능 여부 확인>/contact/inquiry?from=nationwide&region=%EC%B6%A9%EB%82%A8+%EC%B2%9C%EC%95%88&field=inheritance-registration || 상담 안내>/contact || 부산에서 법무사 찾을 때 허브로 돌아가기>/부산법무사 || 해운대·센텀 법무사 상담>/해운대법무사 || 센텀 법인·부동산 등기>/센텀법무사 || 부산 여성 법무사 상담>/부산여성법무사,홈 > 업무 사례 > 지역별 상속등기 > 천안,yes,WebPage+FAQ,,SERP_UNVERIFIED,inheritance-supporting,case,천안상속등기를검색하셔도반드시천안에사무소가있어야하는것은아닙니다.두정·불당·배방일대아파트와외곽토지·농지가함께상속됩니다.상속인이서울·부산·해외등다른지
/업무사례/아산상속등기법무사,generated,"index,follow",yes,/업무사례/아산상속등기법무사,아산 상속등기｜상속인이 다른 지역에 사는 경우 | 다옴법무사사무소,아산 상속등기 법무사. 탕정·배방 신도시와 농지·토지 상속에서 목록을 먼저 작성합니다. 아산 지점 없이 부산 해운대 사무소에서 관할 특례·비대면 상담부터 신청까지 진행합니다.,아산 상속등기｜상속인이 다른 지역에 사는 경우 | 다옴법무사사무소,아산 상속등기 법무사. 탕정·배방 신도시와 농지·토지 상속에서 목록을 먼저 작성합니다. 아산 지점 없이 부산 해운대 사무소에서 관할 특례·비대면 상담부터 신청까지 진행합니다.,아산 상속인이 여러 지역에 살아도 진행 가능한가,아산 상속등기 가능 여부부터 확인하기 | 부산 해운대 사무소에 비대면으로 맡기는 이유 | 아산과 타지역 상속인의 거리 문제 | 필요서류 체크리스트 | 진행 상황 공유 방식 | 타지역 법무사를 고를 때 확인할 사항,"아산에서 탕정·배방 신도시와 농지·토지 상속에서 목록을 먼저 작성합니다. 다옴법무사사무소는 부산 해운대에 있으므로 아산 지점이 있다는 뜻이 아닙니다. 초기 상담에서는 등기부·협의 개요·상속인 거주지만으로 진행 가능 범위를 설명하고, 원본이 필요한 단계는 수임 전에 구분합니다. 아파트·상가·토지가 섞여 있으면 목록표부터 작성하는 것이 누락을 줄입니다. 아산에서 탕정·배방 신도시와 농지·토지 상속에서 목록을 먼저 작성합니다. 다옴법무사사무소는 부산 해운대에 있으므로 아산 지점이 있다는 뜻이 아닙니다. 초기 상담에서는 등기부·협의 개요·상속인 거주지만으로 진행 가능 범위를 설명하고, 원본이 필요한 단계는 수임 전에 구분합니다. 아파트·상가·토지가 섞여 있으면 목록표부터 작성하는 것이 누락을 줄입니다. 다옴법무사사무소는 부산 해운대구에 있으며 아산에 별도 지점이 있는 것은 아닙니다. 상속등기 관할 특례와 비대면 서류 전달 방식을 검토하여 아산 소재 부동산도 진행 바로 진행 방법을 안내합니다",526,4,/업무사례/충남상속등기법무사::아산 상속등기 법무사 || /업무사례/천안상속등기법무사::아산 상속등기 법무사 || /업무사례/당진상속등기법무사::아산 상속등기 법무사 || /업무사례/공주상속등기법무사::아산 상속등기 법무사,전국 상속등기 법무사>/업무사례/전국상속등기법무사 || 전국 비대면 법무사>/업무사례/전국비대면법무사 || 충남 상속등기 법무사>/업무사례/충남상속등기법무사 || 천안 상속등기 법무사>/업무사례/천안상속등기법무사 || 평택 상속등기 법무사>/업무사례/평택상속등기법무사 || 지역별 상속등기 법무사>/업무사례/지역별상속등기법무사 || 아산 상속등기 가능 여부 확인>/contact/inquiry?from=nationwide&region=%EC%B6%A9%EB%82%A8+%EC%95%84%EC%82%B0&field=inheritance-registration || 상담 안내>/contact || 부산에서 법무사 찾을 때 허브로 돌아가기>/부산법무사 || 해운대·센텀 법무사 상담>/해운대법무사 || 센텀 법인·부동산 등기>/센텀법무사 || 부산 여성 법무사 상담>/부산여성법무사,홈 > 업무 사례 > 지역별 상속등기 > 아산,yes,WebPage+FAQ,,SERP_UNVERIFIED,inheritance-supporting,case,아산에서탕정·배방신도시와농지·토지상속에서목록을먼저작성합니다.다옴법무사사무소는부산해운대에있으므로아산지점이있다는뜻이아닙니다.초기상담에서는등기부·협의
/업무사례/청주상속등기법무사,generated,"index,follow",yes,/업무사례/청주상속등기법무사,청주 상속등기 법무사｜부동산 상속 비… | 다옴법무사사무소,청주 상속등기 법무사. 흥덕·상당·서원·청원 행정구역에 걸친 아파트·토지 상속이 많습니다. 청주 지점 없이 부산 해운대 사무소에서 관할 특례·비대면 상담부터 신청까지 진행합니다.,청주 상속등기 법무사｜부동산 상속 비… | 다옴법무사사무소,청주 상속등기 법무사. 흥덕·상당·서원·청원 행정구역에 걸친 아파트·토지 상속이 많습니다. 청주 지점 없이 부산 해운대 사무소에서 관할 특례·비대면 상담부터 신청까지 진행합니다.,청주 상속부동산을 부산 방문 없이 맡기는 방법,청주 부동산 목록부터 맞추는 방법 | 관할 특례와 법정 관할의 차이 | 일반적인 상담 유형 | 해외 거주 상속인이 있는 경우 | 비용 안내 방식 | 관련 지역·업무로 이어가기,"청주 부동산 상속등기 문의는 흥덕·상당·서원·청원 행정구역에 걸친 아파트·토지 상속이 많습니다. 거리보다 관할 특례 적용 여부와 서류 수집 순서가 중요합니다. 부산 해운대 사무소에서 전화·카카오·우편으로 상담하며, 청주에 별도 출장 사무소는 운영하지 않습니다. 매도를 앞둔 물건이 있으면 협의분할과 신청 순서를 함께 맞춥니다. 청주 부동산 상속등기 문의는 흥덕·상당·서원·청원 행정구역에 걸친 아파트·토지 상속이 많습니다. 거리보다 관할 특례 적용 여부와 서류 수집 순서가 중요합니다. 부산 해운대 사무소에서 전화·카카오·우편으로 상담하며, 청주에 별도 출장 사무소는 운영하지 않습니다. 매도를 앞둔 물건이 있으면 협의분할과 신청 순서를 함께 맞춥니다. 다옴법무사사무소는 부산 해운대구에 있으며 청주에 별도 지점이 있는 것은 아닙니다. 상속등기 관할 특례와 비대면 서류 전달 방식을 검토하여 청주 소재 부동산도 진행 바로 진행 방법을 안내합니다. 청주 부동산·상속인 거주 지역 공유 관할 특례·",505,4,/업무사례/충북상속등기법무사::청주 상속등기 법무사 || /업무사례/대전유성구상속등기법무사::청주 상속등기 법무사 || /업무사례/충주상속등기법무사::청주 상속등기 법무사 || /업무사례/제천상속등기법무사::청주 상속등기 법무사,여러 지역에 흩어진 상속부동산 등기>/업무사례/전국상속부동산일괄등기 || 전국 비대면 법무사>/업무사례/전국비대면법무사 || 충북 상속등기 법무사>/업무사례/충북상속등기법무사 || 충주 상속등기 법무사>/업무사례/충주상속등기법무사 || 대전유성구 상속등기 법무사>/업무사례/대전유성구상속등기법무사 || 지역별 상속등기 법무사>/업무사례/지역별상속등기법무사 || 청주 상속등기 가능 여부 확인>/contact/inquiry?from=nationwide&region=%EC%B6%A9%EB%B6%81+%EC%B2%AD%EC%A3%BC&field=inheritance-registration || 상담 안내>/contact || 부산에서 법무사 찾을 때 허브로 돌아가기>/부산법무사 || 해운대·센텀 법무사 상담>/해운대법무사 || 센텀 법인·부동산 등기>/센텀법무사 || 부산 여성 법무사 상담>/부산여성법무사,홈 > 업무 사례 > 지역별 상속등기 > 청주,yes,WebPage+FAQ,,SERP_UNVERIFIED,inheritance-supporting,case,청주부동산상속등기문의는흥덕·상당·서원·청원행정구역에걸친아파트·토지상속이많습니다.거리보다관할특례적용여부와서류수집순서가중요합니다.부산해운대사무소에서
/업무사례/충주상속등기법무사,generated,"index,follow",yes,/업무사례/충주상속등기법무사,충주 상속부동산 등기｜토지와 주택 일괄 검토 | 다옴법무사사무소,충주 상속등기 법무사. 내륙 주택·농지·임야와 아파트가 함께 상속되는 사례가 있습니다. 충주 지점 없이 부산 해운대 사무소에서 관할 특례·비대면 상담부터 신청까지 진행합니다.,충주 상속부동산 등기｜토지와 주택 일괄 검토 | 다옴법무사사무소,충주 상속등기 법무사. 내륙 주택·농지·임야와 아파트가 함께 상속되는 사례가 있습니다. 충주 지점 없이 부산 해운대 사무소에서 관할 특례·비대면 상담부터 신청까지 진행합니다.,충주 상속등기 비용과 필요서류부터 확인하기,충주 부동산 목록부터 맞추는 방법 | 관할 특례와 법정 관할의 차이 | 일반적인 상담 유형 | 해외 거주 상속인이 있는 경우 | 비용 안내 방식 | 관련 지역·업무로 이어가기,"충주 상속등기를 검색하셔도 반드시 충주에 사무소가 있어야 하는 것은 아닙니다. 내륙 주택·농지·임야와 아파트가 함께 상속되는 사례가 있습니다. 상속인이 서울·부산·해외 등 다른 지역에 있어도, 협의분할·위임·등기부 확인을 한 사무소에서 정리할 수 있는지 먼저 검토합니다. 공과금과 법무사 보수를 구분해 안내하며, 가짜 실적이나 지점 존재를 표현하지 않습니다. 충주 상속등기를 검색하셔도 반드시 충주에 사무소가 있어야 하는 것은 아닙니다. 내륙 주택·농지·임야와 아파트가 함께 상속되는 사례가 있습니다. 상속인이 서울·부산·해외 등 다른 지역에 있어도, 협의분할·위임·등기부 확인을 한 사무소에서 정리할 수 있는지 먼저 검토합니다. 공과금과 법무사 보수를 구분해 안내하며, 가짜 실적이나 지점 존재를 표현하지 않습니다. 다옴법무사사무소는 부산 해운대구에 있으며 충주에 별도 지점이 있는 것은 아닙니다. 상속등기 관할 특례와 비대면 서류 전달 방식을 검토하여 충주 소재 부동산도 진행 바로 진행 방",540,3,/업무사례/충북상속등기법무사::충주 상속등기 법무사 || /업무사례/청주상속등기법무사::충주 상속등기 법무사 || /업무사례/제천상속등기법무사::충주 상속등기 법무사,전국 상속등기 법무사>/업무사례/전국상속등기법무사 || 충북 상속등기 법무사>/업무사례/충북상속등기법무사 || 청주 상속등기 법무사>/업무사례/청주상속등기법무사 || 원주 상속등기 법무사>/업무사례/원주상속등기법무사 || 지역별 상속등기 법무사>/업무사례/지역별상속등기법무사 || 충주 상속등기 가능 여부 확인>/contact/inquiry?from=nationwide&region=%EC%B6%A9%EB%B6%81+%EC%B6%A9%EC%A3%BC&field=inheritance-registration || 상담 안내>/contact || 부산에서 법무사 찾을 때 허브로 돌아가기>/부산법무사 || 해운대·센텀 법무사 상담>/해운대법무사 || 센텀 법인·부동산 등기>/센텀법무사 || 부산 여성 법무사 상담>/부산여성법무사 || 부산 상속등기 절차>/부산상속등기,홈 > 업무 사례 > 지역별 상속등기 > 충주,yes,WebPage+FAQ,,SERP_UNVERIFIED,inheritance-supporting,case,충주상속등기를검색하셔도반드시충주에사무소가있어야하는것은아닙니다.내륙주택·농지·임야와아파트가함께상속되는사례가있습니다.상속인이서울·부산·해외등다른지역
/업무사례/전주상속등기법무사,generated,"index,follow",yes,/업무사례/전주상속등기법무사,전주 상속등기 법무사｜아파트·토지 비대면 진행 | 다옴법무사사무소,전주 상속등기 법무사. 한옥·상가와 아파트가 섞인 상속에서 권리관계 확인이 중요합니다. 전주 지점 없이 부산 해운대 사무소에서 관할 특례·비대면 상담부터 신청까지 진행합니다.,전주 상속등기 법무사｜아파트·토지 비대면 진행 | 다옴법무사사무소,전주 상속등기 법무사. 한옥·상가와 아파트가 섞인 상속에서 권리관계 확인이 중요합니다. 전주 지점 없이 부산 해운대 사무소에서 관할 특례·비대면 상담부터 신청까지 진행합니다.,"전주 부동산 상속등기, 관할 특례부터 검토하기",전주 상속등기 가능 여부부터 확인하기 | 부산 해운대 사무소에 비대면으로 맡기는 이유 | 전주과 타지역 상속인의 거리 문제 | 필요서류 체크리스트 | 진행 상황 공유 방식 | 타지역 법무사를 고를 때 확인할 사항,"전주에서 한옥·상가와 아파트가 섞인 상속에서 권리관계 확인이 중요합니다. 다옴법무사사무소는 부산 해운대에 있으므로 전주 지점이 있다는 뜻이 아닙니다. 초기 상담에서는 등기부·협의 개요·상속인 거주지만으로 진행 가능 범위를 설명하고, 원본이 필요한 단계는 수임 전에 구분합니다. 아파트·상가·토지가 섞여 있으면 목록표부터 작성하는 것이 누락을 줄입니다. 전주에서 한옥·상가와 아파트가 섞인 상속에서 권리관계 확인이 중요합니다. 다옴법무사사무소는 부산 해운대에 있으므로 전주 지점이 있다는 뜻이 아닙니다. 초기 상담에서는 등기부·협의 개요·상속인 거주지만으로 진행 가능 범위를 설명하고, 원본이 필요한 단계는 수임 전에 구분합니다. 아파트·상가·토지가 섞여 있으면 목록표부터 작성하는 것이 누락을 줄입니다. 다옴법무사사무소는 부산 해운대구에 있으며 전주에 별도 지점이 있는 것은 아닙니다. 상속등기 관할 특례와 비대면 서류 전달 방식을 검토하여 전주 소재 부동산도 진행 바로 진행 방법을 안내합니다",533,4,/업무사례/전북상속등기법무사::전주 상속등기 법무사 || /업무사례/익산상속등기법무사::전주 상속등기 법무사 || /업무사례/군산상속등기법무사::전주 상속등기 법무사 || /업무사례/남원상속등기법무사::전주 상속등기 법무사,전국 상속등기 법무사>/업무사례/전국상속등기법무사 || 여러 지역에 흩어진 상속부동산 등기>/업무사례/전국상속부동산일괄등기 || 전북 상속등기 법무사>/업무사례/전북상속등기법무사 || 익산 상속등기 법무사>/업무사례/익산상속등기법무사 || 군산 상속등기 법무사>/업무사례/군산상속등기법무사 || 지역별 상속등기 법무사>/업무사례/지역별상속등기법무사 || 전주 상속등기 가능 여부 확인>/contact/inquiry?from=nationwide&region=%EC%A0%84%EB%B6%81+%EC%A0%84%EC%A3%BC&field=inheritance-registration || 상담 안내>/contact || 부산에서 법무사 찾을 때 허브로 돌아가기>/부산법무사 || 해운대·센텀 법무사 상담>/해운대법무사 || 센텀 법인·부동산 등기>/센텀법무사 || 부산 여성 법무사 상담>/부산여성법무사,홈 > 업무 사례 > 지역별 상속등기 > 전주,yes,WebPage+FAQ,,SERP_UNVERIFIED,inheritance-supporting,case,전주에서한옥·상가와아파트가섞인상속에서권리관계확인이중요합니다.다옴법무사사무소는부산해운대에있으므로전주지점이있다는뜻이아닙니다.초기상담에서는등기부·협의
/업무사례/익산상속등기법무사,generated,"index,follow",yes,/업무사례/익산상속등기법무사,익산 상속등기｜상속인이 전국에 흩어진 경우 | 다옴법무사사무소,익산 상속등기 법무사. 산업·주거 지역 아파트·토지 상속에서 협의·위임을 정리합니다. 익산 지점 없이 부산 해운대 사무소에서 관할 특례·비대면 상담부터 신청까지 진행합니다.,익산 상속등기｜상속인이 전국에 흩어진 경우 | 다옴법무사사무소,익산 상속등기 법무사. 산업·주거 지역 아파트·토지 상속에서 협의·위임을 정리합니다. 익산 지점 없이 부산 해운대 사무소에서 관할 특례·비대면 상담부터 신청까지 진행합니다.,"익산에 있는 아파트·토지, 어디서 상속등기를 받을까",익산 부동산 목록부터 맞추는 방법 | 관할 특례와 법정 관할의 차이 | 일반적인 상담 유형 | 해외 거주 상속인이 있는 경우 | 비용 안내 방식 | 관련 지역·업무로 이어가기,"익산 부동산 상속등기 문의는 산업·주거 지역 아파트·토지 상속에서 협의·위임을 정리합니다. 거리보다 관할 특례 적용 여부와 서류 수집 순서가 중요합니다. 부산 해운대 사무소에서 전화·카카오·우편으로 상담하며, 익산에 별도 출장 사무소는 운영하지 않습니다. 매도를 앞둔 물건이 있으면 협의분할과 신청 순서를 함께 맞춥니다. 익산 부동산 상속등기 문의는 산업·주거 지역 아파트·토지 상속에서 협의·위임을 정리합니다. 거리보다 관할 특례 적용 여부와 서류 수집 순서가 중요합니다. 부산 해운대 사무소에서 전화·카카오·우편으로 상담하며, 익산에 별도 출장 사무소는 운영하지 않습니다. 매도를 앞둔 물건이 있으면 협의분할과 신청 순서를 함께 맞춥니다. 다옴법무사사무소는 부산 해운대구에 있으며 익산에 별도 지점이 있는 것은 아닙니다. 상속등기 관할 특례와 비대면 서류 전달 방식을 검토하여 익산 소재 부동산도 진행 바로 진행 방법을 안내합니다. 익산 부동산·상속인 거주 지역 공유 관할 특례·비대면 가능",522,3,/업무사례/전북상속등기법무사::익산 상속등기 법무사 || /업무사례/전주상속등기법무사::익산 상속등기 법무사 || /업무사례/군산상속등기법무사::익산 상속등기 법무사,전국 상속등기 법무사>/업무사례/전국상속등기법무사 || 전국 비대면 법무사>/업무사례/전국비대면법무사 || 전북 상속등기 법무사>/업무사례/전북상속등기법무사 || 전주 상속등기 법무사>/업무사례/전주상속등기법무사 || 군산 상속등기 법무사>/업무사례/군산상속등기법무사 || 지역별 상속등기 법무사>/업무사례/지역별상속등기법무사 || 익산 상속등기 가능 여부 확인>/contact/inquiry?from=nationwide&region=%EC%A0%84%EB%B6%81+%EC%9D%B5%EC%82%B0&field=inheritance-registration || 상담 안내>/contact || 부산에서 법무사 찾을 때 허브로 돌아가기>/부산법무사 || 해운대·센텀 법무사 상담>/해운대법무사 || 센텀 법인·부동산 등기>/센텀법무사 || 부산 여성 법무사 상담>/부산여성법무사,홈 > 업무 사례 > 지역별 상속등기 > 익산,yes,WebPage+FAQ,,SERP_UNVERIFIED,inheritance-supporting,case,익산부동산상속등기문의는산업·주거지역아파트·토지상속에서협의·위임을정리합니다.거리보다관할특례적용여부와서류수집순서가중요합니다.부산해운대사무소에서전화·
/업무사례/군산상속등기법무사,generated,"index,follow",yes,/업무사례/군산상속등기법무사,군산 상속부동산 등기｜주택·상가·토지 상속 절차 | 다옴법무사사무소,군산 상속등기 법무사. 항만·구도심 상가와 아파트·토지가 함께 상속되는 경우가 많습니다. 군산 지점 없이 부산 해운대 사무소에서 관할 특례·비대면 상담부터 신청까지 진행합니다.,군산 상속부동산 등기｜주택·상가·토지 상속 절차 | 다옴법무사사무소,군산 상속등기 법무사. 항만·구도심 상가와 아파트·토지가 함께 상속되는 경우가 많습니다. 군산 지점 없이 부산 해운대 사무소에서 관할 특례·비대면 상담부터 신청까지 진행합니다.,군산 상속인이 여러 지역에 살아도 진행 가능한가,군산 상속등기 가능 여부부터 확인하기 | 부산 해운대 사무소에 비대면으로 맡기는 이유 | 군산과 타지역 상속인의 거리 문제 | 필요서류 체크리스트 | 진행 상황 공유 방식 | 타지역 법무사를 고를 때 확인할 사항,"군산 상속등기를 검색하셔도 반드시 군산에 사무소가 있어야 하는 것은 아닙니다. 항만·구도심 상가와 아파트·토지가 함께 상속되는 경우가 많습니다. 상속인이 서울·부산·해외 등 다른 지역에 있어도, 협의분할·위임·등기부 확인을 한 사무소에서 정리할 수 있는지 먼저 검토합니다. 공과금과 법무사 보수를 구분해 안내하며, 가짜 실적이나 지점 존재를 표현하지 않습니다. 군산 상속등기를 검색하셔도 반드시 군산에 사무소가 있어야 하는 것은 아닙니다. 항만·구도심 상가와 아파트·토지가 함께 상속되는 경우가 많습니다. 상속인이 서울·부산·해외 등 다른 지역에 있어도, 협의분할·위임·등기부 확인을 한 사무소에서 정리할 수 있는지 먼저 검토합니다. 공과금과 법무사 보수를 구분해 안내하며, 가짜 실적이나 지점 존재를 표현하지 않습니다. 다옴법무사사무소는 부산 해운대구에 있으며 군산에 별도 지점이 있는 것은 아닙니다. 상속등기 관할 특례와 비대면 서류 전달 방식을 검토하여 군산 소재 부동산도 진행 바로 진행",511,3,/업무사례/전북상속등기법무사::군산 상속등기 법무사 || /업무사례/전주상속등기법무사::군산 상속등기 법무사 || /업무사례/익산상속등기법무사::군산 상속등기 법무사,여러 지역에 흩어진 상속부동산 등기>/업무사례/전국상속부동산일괄등기 || 전국 비대면 법무사>/업무사례/전국비대면법무사 || 전북 상속등기 법무사>/업무사례/전북상속등기법무사 || 익산 상속등기 법무사>/업무사례/익산상속등기법무사 || 전주 상속등기 법무사>/업무사례/전주상속등기법무사 || 지역별 상속등기 법무사>/업무사례/지역별상속등기법무사 || 군산 상속등기 가능 여부 확인>/contact/inquiry?from=nationwide&region=%EC%A0%84%EB%B6%81+%EA%B5%B0%EC%82%B0&field=inheritance-registration || 상담 안내>/contact || 부산에서 법무사 찾을 때 허브로 돌아가기>/부산법무사 || 해운대·센텀 법무사 상담>/해운대법무사 || 센텀 법인·부동산 등기>/센텀법무사 || 부산 여성 법무사 상담>/부산여성법무사,홈 > 업무 사례 > 지역별 상속등기 > 군산,yes,WebPage+FAQ,,SERP_UNVERIFIED,inheritance-supporting,case,군산상속등기를검색하셔도반드시군산에사무소가있어야하는것은아닙니다.항만·구도심상가와아파트·토지가함께상속되는경우가많습니다.상속인이서울·부산·해외등다른지
/업무사례/순천상속등기법무사,generated,"index,follow",yes,/업무사례/순천상속등기법무사,순천 상속등기 법무사｜아파트와 토지 일괄 진행 | 다옴법무사사무소,순천 상속등기 법무사. 순천만 인근 토지·농지와 아파트 상속에서 필지 목록이 중요합니다. 순천 지점 없이 부산 해운대 사무소에서 관할 특례·비대면 상담부터 신청까지 진행합니다.,순천 상속등기 법무사｜아파트와 토지 일괄 진행 | 다옴법무사사무소,순천 상속등기 법무사. 순천만 인근 토지·농지와 아파트 상속에서 필지 목록이 중요합니다. 순천 지점 없이 부산 해운대 사무소에서 관할 특례·비대면 상담부터 신청까지 진행합니다.,순천 상속부동산을 부산 방문 없이 맡기는 방법,순천 상속등기 가능 여부부터 확인하기 | 부산 해운대 사무소에 비대면으로 맡기는 이유 | 순천과 타지역 상속인의 거리 문제 | 필요서류 체크리스트 | 진행 상황 공유 방식 | 타지역 법무사를 고를 때 확인할 사항,"순천에서 순천만 인근 토지·농지와 아파트 상속에서 필지 목록이 중요합니다. 다옴법무사사무소는 부산 해운대에 있으므로 순천 지점이 있다는 뜻이 아닙니다. 초기 상담에서는 등기부·협의 개요·상속인 거주지만으로 진행 가능 범위를 설명하고, 원본이 필요한 단계는 수임 전에 구분합니다. 아파트·상가·토지가 섞여 있으면 목록표부터 작성하는 것이 누락을 줄입니다. 순천에서 순천만 인근 토지·농지와 아파트 상속에서 필지 목록이 중요합니다. 다옴법무사사무소는 부산 해운대에 있으므로 순천 지점이 있다는 뜻이 아닙니다. 초기 상담에서는 등기부·협의 개요·상속인 거주지만으로 진행 가능 범위를 설명하고, 원본이 필요한 단계는 수임 전에 구분합니다. 아파트·상가·토지가 섞여 있으면 목록표부터 작성하는 것이 누락을 줄입니다. 다옴법무사사무소는 부산 해운대구에 있으며 순천에 별도 지점이 있는 것은 아닙니다. 상속등기 관할 특례와 비대면 서류 전달 방식을 검토하여 순천 소재 부동산도 진행 바로 진행 방법을 안내합",522,5,/업무사례/전남상속등기법무사::순천 상속등기 법무사 || /업무사례/여수상속등기법무사::순천 상속등기 법무사 || /업무사례/목포상속등기법무사::순천 상속등기 법무사 || /업무사례/광양상속등기법무사::순천 상속등기 법무사 || /업무사례/나주정읍상속등기법무사::순천 상속등기 법무사,전국 상속등기 법무사>/업무사례/전국상속등기법무사 || 전남 상속등기 법무사>/업무사례/전남상속등기법무사 || 여수 상속등기 법무사>/업무사례/여수상속등기법무사 || 목포 상속등기 법무사>/업무사례/목포상속등기법무사 || 광양 상속등기 법무사>/업무사례/광양상속등기법무사 || 순천 상속등기 가능 여부 확인>/contact/inquiry?from=nationwide&region=%EC%A0%84%EB%82%A8+%EC%88%9C%EC%B2%9C&field=inheritance-registration || 상담 안내>/contact || 부산에서 법무사 찾을 때 허브로 돌아가기>/부산법무사 || 해운대·센텀 법무사 상담>/해운대법무사 || 센텀 법인·부동산 등기>/센텀법무사 || 부산 여성 법무사 상담>/부산여성법무사 || 부산 상속등기 절차>/부산상속등기,홈 > 업무 사례 > 지역별 상속등기 > 순천,yes,WebPage+FAQ,,SERP_UNVERIFIED,inheritance-supporting,case,순천에서순천만인근토지·농지와아파트상속에서필지목록이중요합니다.다옴법무사사무소는부산해운대에있으므로순천지점이있다는뜻이아닙니다.초기상담에서는등기부·협의
/업무사례/여수상속등기법무사,generated,"index,follow",yes,/업무사례/여수상속등기법무사,여수 상속등기｜상속인이 타지역에 살아… | 다옴법무사사무소,여수 상속등기 법무사. 연안 주택·토지·상가와 아파트 상속에서 상속인 수도권 거주가 흔합니다. 여수 지점 없이 부산 해운대 사무소에서 관할 특례·비대면 상담부터 신청까지 진행합니다.,여수 상속등기｜상속인이 타지역에 살아… | 다옴법무사사무소,여수 상속등기 법무사. 연안 주택·토지·상가와 아파트 상속에서 상속인 수도권 거주가 흔합니다. 여수 지점 없이 부산 해운대 사무소에서 관할 특례·비대면 상담부터 신청까지 진행합니다.,여수 상속등기 비용과 필요서류부터 확인하기,여수 상속등기 가능 여부부터 확인하기 | 부산 해운대 사무소에 비대면으로 맡기는 이유 | 여수과 타지역 상속인의 거리 문제 | 필요서류 체크리스트 | 진행 상황 공유 방식 | 타지역 법무사를 고를 때 확인할 사항,"여수 부동산 상속등기 문의는 연안 주택·토지·상가와 아파트 상속에서 상속인 수도권 거주가 흔합니다. 거리보다 관할 특례 적용 여부와 서류 수집 순서가 중요합니다. 부산 해운대 사무소에서 전화·카카오·우편으로 상담하며, 여수에 별도 출장 사무소는 운영하지 않습니다. 매도를 앞둔 물건이 있으면 협의분할과 신청 순서를 함께 맞춥니다. 여수 부동산 상속등기 문의는 연안 주택·토지·상가와 아파트 상속에서 상속인 수도권 거주가 흔합니다. 거리보다 관할 특례 적용 여부와 서류 수집 순서가 중요합니다. 부산 해운대 사무소에서 전화·카카오·우편으로 상담하며, 여수에 별도 출장 사무소는 운영하지 않습니다. 매도를 앞둔 물건이 있으면 협의분할과 신청 순서를 함께 맞춥니다. 다옴법무사사무소는 부산 해운대구에 있으며 여수에 별도 지점이 있는 것은 아닙니다. 상속등기 관할 특례와 비대면 서류 전달 방식을 검토하여 여수 소재 부동산도 진행 바로 진행 방법을 안내합니다. 여수 부동산·상속인 거주 지역 공유 관할",568,4,/업무사례/전남상속등기법무사::여수 상속등기 법무사 || /업무사례/순천상속등기법무사::여수 상속등기 법무사 || /업무사례/목포상속등기법무사::여수 상속등기 법무사 || /업무사례/광양상속등기법무사::여수 상속등기 법무사,전국 상속등기 법무사>/업무사례/전국상속등기법무사 || 여러 지역에 흩어진 상속부동산 등기>/업무사례/전국상속부동산일괄등기 || 전남 상속등기 법무사>/업무사례/전남상속등기법무사 || 순천 상속등기 법무사>/업무사례/순천상속등기법무사 || 목포 상속등기 법무사>/업무사례/목포상속등기법무사 || 광양 상속등기 법무사>/업무사례/광양상속등기법무사 || 여수 상속등기 가능 여부 확인>/contact/inquiry?from=nationwide&region=%EC%A0%84%EB%82%A8+%EC%97%AC%EC%88%98&field=inheritance-registration || 상담 안내>/contact || 부산에서 법무사 찾을 때 허브로 돌아가기>/부산법무사 || 해운대·센텀 법무사 상담>/해운대법무사 || 센텀 법인·부동산 등기>/센텀법무사 || 부산 여성 법무사 상담>/부산여성법무사,홈 > 업무 사례 > 지역별 상속등기 > 여수,yes,WebPage+FAQ,,SERP_UNVERIFIED,inheritance-supporting,case,여수부동산상속등기문의는연안주택·토지·상가와아파트상속에서상속인수도권거주가흔합니다.거리보다관할특례적용여부와서류수집순서가중요합니다.부산해운대사무소에서
/업무사례/목포상속등기법무사,generated,"index,follow",yes,/업무사례/목포상속등기법무사,목포 상속부동산 등기｜필요서류와 법무사 비용 | 다옴법무사사무소,목포 상속등기 법무사. 항구·구도심 상가·주택과 아파트 상속에서 등기부를 함께 확인합니다. 목포 지점 없이 부산 해운대 사무소에서 관할 특례·비대면 상담부터 신청까지 진행합니다.,목포 상속부동산 등기｜필요서류와 법무사 비용 | 다옴법무사사무소,목포 상속등기 법무사. 항구·구도심 상가·주택과 아파트 상속에서 등기부를 함께 확인합니다. 목포 지점 없이 부산 해운대 사무소에서 관할 특례·비대면 상담부터 신청까지 진행합니다.,"목포 부동산 상속등기, 관할 특례부터 검토하기",목포 부동산 목록부터 맞추는 방법 | 관할 특례와 법정 관할의 차이 | 일반적인 상담 유형 | 해외 거주 상속인이 있는 경우 | 비용 안내 방식 | 관련 지역·업무로 이어가기,"목포 상속등기를 검색하셔도 반드시 목포에 사무소가 있어야 하는 것은 아닙니다. 항구·구도심 상가·주택과 아파트 상속에서 등기부를 함께 확인합니다. 상속인이 서울·부산·해외 등 다른 지역에 있어도, 협의분할·위임·등기부 확인을 한 사무소에서 정리할 수 있는지 먼저 검토합니다. 공과금과 법무사 보수를 구분해 안내하며, 가짜 실적이나 지점 존재를 표현하지 않습니다. 목포 상속등기를 검색하셔도 반드시 목포에 사무소가 있어야 하는 것은 아닙니다. 항구·구도심 상가·주택과 아파트 상속에서 등기부를 함께 확인합니다. 상속인이 서울·부산·해외 등 다른 지역에 있어도, 협의분할·위임·등기부 확인을 한 사무소에서 정리할 수 있는지 먼저 검토합니다. 공과금과 법무사 보수를 구분해 안내하며, 가짜 실적이나 지점 존재를 표현하지 않습니다. 다옴법무사사무소는 부산 해운대구에 있으며 목포에 별도 지점이 있는 것은 아닙니다. 상속등기 관할 특례와 비대면 서류 전달 방식을 검토하여 목포 소재 부동산도 진행 바로 ",529,3,/업무사례/전남상속등기법무사::목포 상속등기 법무사 || /업무사례/순천상속등기법무사::목포 상속등기 법무사 || /업무사례/여수상속등기법무사::목포 상속등기 법무사,전국 상속등기 법무사>/업무사례/전국상속등기법무사 || 전국 비대면 법무사>/업무사례/전국비대면법무사 || 전남 상속등기 법무사>/업무사례/전남상속등기법무사 || 여수 상속등기 법무사>/업무사례/여수상속등기법무사 || 순천 상속등기 법무사>/업무사례/순천상속등기법무사 || 지역별 상속등기 법무사>/업무사례/지역별상속등기법무사 || 목포 상속등기 가능 여부 확인>/contact/inquiry?from=nationwide&region=%EC%A0%84%EB%82%A8+%EB%AA%A9%ED%8F%AC&field=inheritance-registration || 상담 안내>/contact || 부산에서 법무사 찾을 때 허브로 돌아가기>/부산법무사 || 해운대·센텀 법무사 상담>/해운대법무사 || 센텀 법인·부동산 등기>/센텀법무사 || 부산 여성 법무사 상담>/부산여성법무사,홈 > 업무 사례 > 지역별 상속등기 > 목포,yes,WebPage+FAQ,,SERP_UNVERIFIED,inheritance-supporting,case,목포상속등기를검색하셔도반드시목포에사무소가있어야하는것은아닙니다.항구·구도심상가·주택과아파트상속에서등기부를함께확인합니다.상속인이서울·부산·해외등다른
/업무사례/원주상속등기법무사,generated,"index,follow",yes,/업무사례/원주상속등기법무사,원주 상속등기 법무사｜아파트·토지 비대면 진행 | 다옴법무사사무소,원주 상속등기 법무사. 단구·명륜 아파트와 외곽 토지·농지 상속에서 지번 확인이 중요합니다. 원주 지점 없이 부산 해운대 사무소에서 관할 특례·비대면 상담부터 신청까지 진행합니다.,원주 상속등기 법무사｜아파트·토지 비대면 진행 | 다옴법무사사무소,원주 상속등기 법무사. 단구·명륜 아파트와 외곽 토지·농지 상속에서 지번 확인이 중요합니다. 원주 지점 없이 부산 해운대 사무소에서 관할 특례·비대면 상담부터 신청까지 진행합니다.,"원주에 있는 아파트·토지, 어디서 상속등기를 받을까",원주 상속등기 가능 여부부터 확인하기 | 부산 해운대 사무소에 비대면으로 맡기는 이유 | 원주과 타지역 상속인의 거리 문제 | 필요서류 체크리스트 | 진행 상황 공유 방식 | 타지역 법무사를 고를 때 확인할 사항,"원주에서 단구·명륜 아파트와 외곽 토지·농지 상속에서 지번 확인이 중요합니다. 다옴법무사사무소는 부산 해운대에 있으므로 원주 지점이 있다는 뜻이 아닙니다. 초기 상담에서는 등기부·협의 개요·상속인 거주지만으로 진행 가능 범위를 설명하고, 원본이 필요한 단계는 수임 전에 구분합니다. 아파트·상가·토지가 섞여 있으면 목록표부터 작성하는 것이 누락을 줄입니다. 원주에서 단구·명륜 아파트와 외곽 토지·농지 상속에서 지번 확인이 중요합니다. 다옴법무사사무소는 부산 해운대에 있으므로 원주 지점이 있다는 뜻이 아닙니다. 초기 상담에서는 등기부·협의 개요·상속인 거주지만으로 진행 가능 범위를 설명하고, 원본이 필요한 단계는 수임 전에 구분합니다. 아파트·상가·토지가 섞여 있으면 목록표부터 작성하는 것이 누락을 줄입니다. 다옴법무사사무소는 부산 해운대구에 있으며 원주에 별도 지점이 있는 것은 아닙니다. 상속등기 관할 특례와 비대면 서류 전달 방식을 검토하여 원주 소재 부동산도 진행 바로 진행 방법을",525,5,/업무사례/강원상속등기법무사::원주 상속등기 법무사 || /업무사례/충주상속등기법무사::원주 상속등기 법무사 || /업무사례/춘천상속등기법무사::원주 상속등기 법무사 || /업무사례/강릉상속등기법무사::원주 상속등기 법무사 || /업무사례/홍천상속등기법무사::원주 상속등기 법무사,여러 지역에 흩어진 상속부동산 등기>/업무사례/전국상속부동산일괄등기 || 전국 비대면 법무사>/업무사례/전국비대면법무사 || 강원 상속등기 법무사>/업무사례/강원상속등기법무사 || 춘천 상속등기 법무사>/업무사례/춘천상속등기법무사 || 강릉 상속등기 법무사>/업무사례/강릉상속등기법무사 || 지역별 상속등기 법무사>/업무사례/지역별상속등기법무사 || 원주 상속등기 가능 여부 확인>/contact/inquiry?from=nationwide&region=%EA%B0%95%EC%9B%90+%EC%9B%90%EC%A3%BC&field=inheritance-registration || 상담 안내>/contact || 부산에서 법무사 찾을 때 허브로 돌아가기>/부산법무사 || 해운대·센텀 법무사 상담>/해운대법무사 || 센텀 법인·부동산 등기>/센텀법무사 || 부산 여성 법무사 상담>/부산여성법무사,홈 > 업무 사례 > 지역별 상속등기 > 원주,yes,WebPage+FAQ,,SERP_UNVERIFIED,inheritance-supporting,case,원주에서단구·명륜아파트와외곽토지·농지상속에서지번확인이중요합니다.다옴법무사사무소는부산해운대에있으므로원주지점이있다는뜻이아닙니다.초기상담에서는등기부·
/업무사례/춘천상속등기법무사,generated,"index,follow",yes,/업무사례/춘천상속등기법무사,춘천 상속등기｜상속인이 수도권에 거주하는 경우 | 다옴법무사사무소,춘천 상속등기 법무사. 호수·도심 아파트와 주택·토지가 함께 상속되는 사례가 많습니다. 춘천 지점 없이 부산 해운대 사무소에서 관할 특례·비대면 상담부터 신청까지 진행합니다.,춘천 상속등기｜상속인이 수도권에 거주하는 경우 | 다옴법무사사무소,춘천 상속등기 법무사. 호수·도심 아파트와 주택·토지가 함께 상속되는 사례가 많습니다. 춘천 지점 없이 부산 해운대 사무소에서 관할 특례·비대면 상담부터 신청까지 진행합니다.,춘천 상속인이 여러 지역에 살아도 진행 가능한가,춘천 상속등기 가능 여부부터 확인하기 | 부산 해운대 사무소에 비대면으로 맡기는 이유 | 춘천과 타지역 상속인의 거리 문제 | 필요서류 체크리스트 | 진행 상황 공유 방식 | 타지역 법무사를 고를 때 확인할 사항,"춘천 부동산 상속등기 문의는 호수·도심 아파트와 주택·토지가 함께 상속되는 사례가 많습니다. 거리보다 관할 특례 적용 여부와 서류 수집 순서가 중요합니다. 부산 해운대 사무소에서 전화·카카오·우편으로 상담하며, 춘천에 별도 출장 사무소는 운영하지 않습니다. 매도를 앞둔 물건이 있으면 협의분할과 신청 순서를 함께 맞춥니다. 춘천 부동산 상속등기 문의는 호수·도심 아파트와 주택·토지가 함께 상속되는 사례가 많습니다. 거리보다 관할 특례 적용 여부와 서류 수집 순서가 중요합니다. 부산 해운대 사무소에서 전화·카카오·우편으로 상담하며, 춘천에 별도 출장 사무소는 운영하지 않습니다. 매도를 앞둔 물건이 있으면 협의분할과 신청 순서를 함께 맞춥니다. 다옴법무사사무소는 부산 해운대구에 있으며 춘천에 별도 지점이 있는 것은 아닙니다. 상속등기 관할 특례와 비대면 서류 전달 방식을 검토하여 춘천 소재 부동산도 진행 바로 진행 방법을 안내합니다. 춘천 부동산·상속인 거주 지역 공유 관할 특례·비대면 ",523,6,/업무사례/강원상속등기법무사::춘천 상속등기 법무사 || /업무사례/원주상속등기법무사::춘천 상속등기 법무사 || /업무사례/강릉상속등기법무사::춘천 상속등기 법무사 || /업무사례/속초상속등기법무사::춘천 상속등기 법무사 || /업무사례/가평상속등기법무사::춘천 상속등기 법무사 || /업무사례/홍천상속등기법무사::춘천 상속등기 법무사,전국 상속등기 법무사>/업무사례/전국상속등기법무사 || 강원 상속등기 법무사>/업무사례/강원상속등기법무사 || 원주 상속등기 법무사>/업무사례/원주상속등기법무사 || 강릉 상속등기 법무사>/업무사례/강릉상속등기법무사 || 지역별 상속등기 법무사>/업무사례/지역별상속등기법무사 || 춘천 상속등기 가능 여부 확인>/contact/inquiry?from=nationwide&region=%EA%B0%95%EC%9B%90+%EC%B6%98%EC%B2%9C&field=inheritance-registration || 상담 안내>/contact || 부산에서 법무사 찾을 때 허브로 돌아가기>/부산법무사 || 해운대·센텀 법무사 상담>/해운대법무사 || 센텀 법인·부동산 등기>/센텀법무사 || 부산 여성 법무사 상담>/부산여성법무사 || 부산 상속등기 절차>/부산상속등기,홈 > 업무 사례 > 지역별 상속등기 > 춘천,yes,WebPage+FAQ,,SERP_UNVERIFIED,inheritance-supporting,case,춘천부동산상속등기문의는호수·도심아파트와주택·토지가함께상속되는사례가많습니다.거리보다관할특례적용여부와서류수집순서가중요합니다.부산해운대사무소에서전화·
/업무사례/강릉상속등기법무사,generated,"index,follow",yes,/업무사례/강릉상속등기법무사,강릉 상속부동산 등기｜주택·토지 상속 절차와 비용 | 다옴법무사사무소,강릉 상속등기 법무사. 연안·내륙 토지·주택·농지와 아파트 상속에서 상속인 타지역 거주가 흔합니다. 강릉 지점 없이 부산 해운대 사무소에서 관할 특례·비대면 상담부터 신청까지 진행합니다.,강릉 상속부동산 등기｜주택·토지 상속 절차와 비용 | 다옴법무사사무소,강릉 상속등기 법무사. 연안·내륙 토지·주택·농지와 아파트 상속에서 상속인 타지역 거주가 흔합니다. 강릉 지점 없이 부산 해운대 사무소에서 관할 특례·비대면 상담부터 신청까지 진행합니다.,강릉 상속부동산을 부산 방문 없이 맡기는 방법,강릉 상속등기 가능 여부부터 확인하기 | 부산 해운대 사무소에 비대면으로 맡기는 이유 | 강릉과 타지역 상속인의 거리 문제 | 필요서류 체크리스트 | 진행 상황 공유 방식 | 타지역 법무사를 고를 때 확인할 사항,"강릉 상속등기를 검색하셔도 반드시 강릉에 사무소가 있어야 하는 것은 아닙니다. 연안·내륙 토지·주택·농지와 아파트 상속에서 상속인 타지역 거주가 흔합니다. 상속인이 서울·부산·해외 등 다른 지역에 있어도, 협의분할·위임·등기부 확인을 한 사무소에서 정리할 수 있는지 먼저 검토합니다. 공과금과 법무사 보수를 구분해 안내하며, 가짜 실적이나 지점 존재를 표현하지 않습니다. 강릉 상속등기를 검색하셔도 반드시 강릉에 사무소가 있어야 하는 것은 아닙니다. 연안·내륙 토지·주택·농지와 아파트 상속에서 상속인 타지역 거주가 흔합니다. 상속인이 서울·부산·해외 등 다른 지역에 있어도, 협의분할·위임·등기부 확인을 한 사무소에서 정리할 수 있는지 먼저 검토합니다. 공과금과 법무사 보수를 구분해 안내하며, 가짜 실적이나 지점 존재를 표현하지 않습니다. 다옴법무사사무소는 부산 해운대구에 있으며 강릉에 별도 지점이 있는 것은 아닙니다. 상속등기 관할 특례와 비대면 서류 전달 방식을 검토하여 강릉 소재 부",550,5,/업무사례/강원상속등기법무사::강릉 상속등기 법무사 || /업무사례/원주상속등기법무사::강릉 상속등기 법무사 || /업무사례/춘천상속등기법무사::강릉 상속등기 법무사 || /업무사례/속초상속등기법무사::강릉 상속등기 법무사 || /업무사례/동해삼척상속등기법무사::강릉 상속등기 법무사,전국 상속등기 법무사>/업무사례/전국상속등기법무사 || 여러 지역에 흩어진 상속부동산 등기>/업무사례/전국상속부동산일괄등기 || 강원 상속등기 법무사>/업무사례/강원상속등기법무사 || 원주 상속등기 법무사>/업무사례/원주상속등기법무사 || 춘천 상속등기 법무사>/업무사례/춘천상속등기법무사 || 지역별 상속등기 법무사>/업무사례/지역별상속등기법무사 || 강릉 상속등기 가능 여부 확인>/contact/inquiry?from=nationwide&region=%EA%B0%95%EC%9B%90+%EA%B0%95%EB%A6%89&field=inheritance-registration || 상담 안내>/contact || 부산에서 법무사 찾을 때 허브로 돌아가기>/부산법무사 || 해운대·센텀 법무사 상담>/해운대법무사 || 센텀 법인·부동산 등기>/센텀법무사 || 부산 여성 법무사 상담>/부산여성법무사,홈 > 업무 사례 > 지역별 상속등기 > 강릉,yes,WebPage+FAQ,,SERP_UNVERIFIED,inheritance-supporting,case,강릉상속등기를검색하셔도반드시강릉에사무소가있어야하는것은아닙니다.연안·내륙토지·주택·농지와아파트상속에서상속인타지역거주가흔합니다.상속인이서울·부산·해
/업무사례/제주시상속등기법무사,generated,"index,follow",yes,/업무사례/제주시상속등기법무사,제주시 상속등기 법무사｜육지 거주 상… | 다옴법무사사무소,제주시 상속등기 법무사. 제주시 아파트·토지·농지 상속에서 상속인이 육지에 거주하는 경우가 많습니다. 제주시 지점 없이 부산 해운대 사무소에서 관할 특례·비대면 상담부터 신청까지 진행합니다.,제주시 상속등기 법무사｜육지 거주 상… | 다옴법무사사무소,제주시 상속등기 법무사. 제주시 아파트·토지·농지 상속에서 상속인이 육지에 거주하는 경우가 많습니다. 제주시 지점 없이 부산 해운대 사무소에서 관할 특례·비대면 상담부터 신청까지 진행합니다.,제주시 상속등기 비용과 필요서류부터 확인하기,제주시 상속등기 가능 여부부터 확인하기 | 부산 해운대 사무소에 비대면으로 맡기는 이유 | 제주시과 타지역 상속인의 거리 문제 | 필요서류 체크리스트 | 진행 상황 공유 방식 | 타지역 법무사를 고를 때 확인할 사항,"제주시에서 제주시 아파트·토지·농지 상속에서 상속인이 육지에 거주하는 경우가 많습니다. 다옴법무사사무소는 부산 해운대에 있으므로 제주시 지점이 있다는 뜻이 아닙니다. 초기 상담에서는 등기부·협의 개요·상속인 거주지만으로 진행 가능 범위를 설명하고, 원본이 필요한 단계는 수임 전에 구분합니다. 아파트·상가·토지가 섞여 있으면 목록표부터 작성하는 것이 누락을 줄입니다. 제주시에서 제주시 아파트·토지·농지 상속에서 상속인이 육지에 거주하는 경우가 많습니다. 다옴법무사사무소는 부산 해운대에 있으므로 제주시 지점이 있다는 뜻이 아닙니다. 초기 상담에서는 등기부·협의 개요·상속인 거주지만으로 진행 가능 범위를 설명하고, 원본이 필요한 단계는 수임 전에 구분합니다. 아파트·상가·토지가 섞여 있으면 목록표부터 작성하는 것이 누락을 줄입니다. 다옴법무사사무소는 부산 해운대구에 있으며 제주시에 별도 지점이 있는 것은 아닙니다. 상속등기 관할 특례와 비대면 서류 전달 방식을 검토하여 제주시 소재 부동산",548,2,/업무사례/제주상속등기법무사::제주시 상속등기 법무사 || /업무사례/서귀포상속등기법무사::제주시 상속등기 법무사,전국 상속등기 법무사>/업무사례/전국상속등기법무사 || 전국 비대면 법무사>/업무사례/전국비대면법무사 || 제주 상속등기 법무사>/업무사례/제주상속등기법무사 || 서귀포 상속등기 법무사>/업무사례/서귀포상속등기법무사 || 지역별 상속등기 법무사>/업무사례/지역별상속등기법무사 || 제주시 상속등기 가능 여부 확인>/contact/inquiry?from=nationwide&region=%EC%A0%9C%EC%A3%BC+%EC%A0%9C%EC%A3%BC%EC%8B%9C&field=inheritance-registration || 상담 안내>/contact || 부산에서 법무사 찾을 때 허브로 돌아가기>/부산법무사 || 해운대·센텀 법무사 상담>/해운대법무사 || 센텀 법인·부동산 등기>/센텀법무사 || 부산 여성 법무사 상담>/부산여성법무사 || 부산 상속등기 절차>/부산상속등기,홈 > 업무 사례 > 지역별 상속등기 > 제주시,yes,WebPage+FAQ,,SERP_UNVERIFIED,inheritance-supporting,case,제주시에서제주시아파트·토지·농지상속에서상속인이육지에거주하는경우가많습니다.다옴법무사사무소는부산해운대에있으므로제주시지점이있다는뜻이아닙니다.초기상담에
/업무사례/서귀포상속등기법무사,generated,"index,follow",yes,/업무사례/서귀포상속등기법무사,서귀포 상속부동산 등기｜토지·주택 상속 필요서류 | 다옴법무사사무소,서귀포 상속등기 법무사. 서귀포·중문 토지·주택·농지 상속에서 방문 없이 가능한 단계를 구분해 안내합니다. 서귀포 지점 없이 부산 해운대 사무소에서 관할 특례·비대면 상담부터 신청까지 진행합니다.,서귀포 상속부동산 등기｜토지·주택 상속 필요서류 | 다옴법무사사무소,서귀포 상속등기 법무사. 서귀포·중문 토지·주택·농지 상속에서 방문 없이 가능한 단계를 구분해 안내합니다. 서귀포 지점 없이 부산 해운대 사무소에서 관할 특례·비대면 상담부터 신청까지 진행합니다.,"서귀포 부동산 상속등기, 관할 특례부터 검토하기",서귀포 상속등기 가능 여부부터 확인하기 | 부산 해운대 사무소에 비대면으로 맡기는 이유 | 서귀포과 타지역 상속인의 거리 문제 | 필요서류 체크리스트 | 진행 상황 공유 방식 | 타지역 법무사를 고를 때 확인할 사항,"서귀포 부동산 상속등기 문의는 서귀포·중문 토지·주택·농지 상속에서 방문 없이 가능한 단계를 구분해 안내합니다. 거리보다 관할 특례 적용 여부와 서류 수집 순서가 중요합니다. 부산 해운대 사무소에서 전화·카카오·우편으로 상담하며, 서귀포에 별도 출장 사무소는 운영하지 않습니다. 매도를 앞둔 물건이 있으면 협의분할과 신청 순서를 함께 맞춥니다. 서귀포 부동산 상속등기 문의는 서귀포·중문 토지·주택·농지 상속에서 방문 없이 가능한 단계를 구분해 안내합니다. 거리보다 관할 특례 적용 여부와 서류 수집 순서가 중요합니다. 부산 해운대 사무소에서 전화·카카오·우편으로 상담하며, 서귀포에 별도 출장 사무소는 운영하지 않습니다. 매도를 앞둔 물건이 있으면 협의분할과 신청 순서를 함께 맞춥니다. 다옴법무사사무소는 부산 해운대구에 있으며 서귀포에 별도 지점이 있는 것은 아닙니다. 상속등기 관할 특례와 비대면 서류 전달 방식을 검토하여 서귀포 소재 부동산도 진행 바로 진행 방법을 안내합니다. 서귀포 ",540,2,/업무사례/제주상속등기법무사::서귀포 상속등기 법무사 || /업무사례/제주시상속등기법무사::서귀포 상속등기 법무사,여러 지역에 흩어진 상속부동산 등기>/업무사례/전국상속부동산일괄등기 || 전국 비대면 법무사>/업무사례/전국비대면법무사 || 제주 상속등기 법무사>/업무사례/제주상속등기법무사 || 제주시 상속등기 법무사>/업무사례/제주시상속등기법무사 || 지역별 상속등기 법무사>/업무사례/지역별상속등기법무사 || 서귀포 상속등기 가능 여부 확인>/contact/inquiry?from=nationwide&region=%EC%A0%9C%EC%A3%BC+%EC%84%9C%EA%B7%80%ED%8F%AC&field=inheritance-registration || 상담 안내>/contact || 부산에서 법무사 찾을 때 허브로 돌아가기>/부산법무사 || 해운대·센텀 법무사 상담>/해운대법무사 || 센텀 법인·부동산 등기>/센텀법무사 || 부산 여성 법무사 상담>/부산여성법무사 || 부산 상속등기 절차>/부산상속등기,홈 > 업무 사례 > 지역별 상속등기 > 서귀포,yes,WebPage+FAQ,,SERP_UNVERIFIED,inheritance-supporting,case,서귀포부동산상속등기문의는서귀포·중문토지·주택·농지상속에서방문없이가능한단계를구분해안내합니다.거리보다관할특례적용여부와서류수집순서가중요합니다.부산해운
/업무사례/시흥상속등기법무사,generated,"index,follow",yes,/업무사례/시흥상속등기법무사,시흥 상속등기｜배곧 아파트와 정왕 공… | 다옴법무사사무소,시흥 상속등기 법무사. 배곧·은계 신도시 아파트와 정왕·시화 공단 내 공장·창고가 함께 상속되면 건물 종류별로 확인할 서류가 다릅니다. 시흥 지점 없이 부산 해운대 사무소에서 관할 특례·비대면 상담부터 신청까지…,시흥 상속등기｜배곧 아파트와 정왕 공… | 다옴법무사사무소,시흥 상속등기 법무사. 배곧·은계 신도시 아파트와 정왕·시화 공단 내 공장·창고가 함께 상속되면 건물 종류별로 확인할 서류가 다릅니다. 시흥 지점 없이 부산 해운대 사무소에서 관할 특례·비대면 상담부터 신청까지…,"시흥 배곧·정왕, 아파트와 공장이 섞인 상속을 정리하는 순서",시흥 소재 부동산의 관할 특례 검토 | 시흥 아파트·토지·상가가 섞인 경우 | 여러 지역 부동산을 함께 정리할 때 | 법무사 보수와 공과금 구분 | 원본서류 전달과 본인확인 | 상담 전 확인하면 좋은 항목,"시흥에서는 배곧·은계 신도시 아파트를 상속받는 경우와, 정왕·시화 공단 내 공장·창고 건물을 함께 물려받는 경우가 자주 섞입니다. 집합건물인 아파트와 일반건물인 공장은 등기부 확인 방식과 필요서류가 다를 수 있어 부동산 종류별로 목록을 나눠 확인하는 것이 우선입니다. 상속인이 서울·부산 등 다른 지역에 있어도 협의분할·위임·등기부 확인을 한 사무소에서 정리할 수 있는지 먼저 검토합니다. 다옴법무사사무소는 부산 해운대구에 있으며 시흥에 별도 지점이 있는 것은 아닙니다. 공과금과 법무사 보수를 구분해 안내하며, 가짜 실적이나 지점 존재를 표현하지 않습니다. 시흥에서는 배곧·은계 신도시 아파트를 상속받는 경우와, 정왕·시화 공단 내 공장·창고 건물을 함께 물려받는 경우가 자주 섞입니다. 집합건물인 아파트와 일반건물인 공장은 등기부 확인 방식과 필요서류가 다를 수 있어 부동산 종류별로 목록을 나눠 확인하는 것이 우선입니다. 상속인이 서울·부산 등 다른 지역에 있어도 협의분할·위임·등기부 확",592,2,/상속::시흥 상속등기 || /업무사례/경기상속등기법무사::시흥 상속등기 법무사,전국 상속등기 법무사>/업무사례/전국상속등기법무사 || 여러 지역에 흩어진 상속부동산 등기>/업무사례/전국상속부동산일괄등기 || 경기 상속등기 법무사>/업무사례/경기상속등기법무사 || 안산 상속등기 법무사>/업무사례/안산상속등기법무사 || 광명 상속등기 법무사>/업무사례/광명상속등기법무사 || 지역별 상속등기 법무사>/업무사례/지역별상속등기법무사 || 시흥 상속등기 가능 여부 확인>/contact/inquiry?from=nationwide&region=%EA%B2%BD%EA%B8%B0+%EC%8B%9C%ED%9D%A5&field=inheritance-registration || 상담 안내>/contact || 부산에서 법무사 찾을 때 허브로 돌아가기>/부산법무사 || 해운대·센텀 법무사 상담>/해운대법무사 || 센텀 법인·부동산 등기>/센텀법무사 || 부산 여성 법무사 상담>/부산여성법무사,홈 > 업무 사례 > 지역별 상속등기 > 시흥,yes,WebPage+FAQ,,SERP_UNVERIFIED,inheritance-supporting,case,"시흥에서는배곧·은계신도시아파트를상속받는경우와,정왕·시화공단내공장·창고건물을함께물려받는경우가자주섞입니다.집합건물인아파트와일반건물인공장은등기부확인방"
/업무사례/경기광주상속등기법무사,generated,"index,follow",yes,/업무사례/경기광주상속등기법무사,경기도 광주 상속등기｜광주광역시와 헷… | 다옴법무사사무소,경기 광주 상속등기 법무사. 오포·곤지암 등 경기도 광주시 아파트·전원주택·농지 상속에서 광주광역시와 지역을 혼동하지 않는 것이 먼저입니다. 경기광주 지점 없이 부산 해운대 사무소에서 관할 특례·비대면 상담부터…,경기도 광주 상속등기｜광주광역시와 헷… | 다옴법무사사무소,경기 광주 상속등기 법무사. 오포·곤지암 등 경기도 광주시 아파트·전원주택·농지 상속에서 광주광역시와 지역을 혼동하지 않는 것이 먼저입니다. 경기광주 지점 없이 부산 해운대 사무소에서 관할 특례·비대면 상담부터…,"경기도 광주시 상속부동산, 광주광역시와 다른 절차인가요","경기광주 상속등기, 부산 법무사에게 맡길 수 있을까 | 경기광주에서 자주 문의되는 상황 | 상속인이 다른 지역에 거주하는 경우 | 상속재산분할협의와 서류 준비 | 취득세·국민주택채권·등기신청수수료 | 비대면으로 진행하는 절차","경기 광주 상속등기를 검색하다 보면 광주광역시 상속등기 안내와 뒤섞여 나오는 경우가 많습니다. 여기서 말하는 경기 광주는 경기도 광주시이며, 오포·곤지암 등 생활권별로 아파트·전원주택·농지가 함께 상속되는 사례가 흔합니다. 지역명이 같아 등기소·관할이 헷갈릴 수 있으므로 상담 초기에 정확한 소재지 행정구역부터 확인합니다. 상속인이 서울·수도권 등 다른 지역에 거주해도 협의분할·위임·등기부 확인을 한 사무소에서 정리할 수 있는지 검토합니다. 다옴법무사사무소는 부산 해운대구에 있으며 경기도 광주시에 별도 지점이 있는 것은 아닙니다. 경기 광주 상속등기를 검색하다 보면 광주광역시 상속등기 안내와 뒤섞여 나오는 경우가 많습니다. 여기서 말하는 경기 광주는 경기도 광주시이며, 오포·곤지암 등 생활권별로 아파트·전원주택·농지가 함께 상속되는 사례가 흔합니다. 지역명이 같아 등기소·관할이 헷갈릴 수 있으므로 상담 초기에 정확한 소재지 행정구역부터 확인합니다. 상속인이 서울·수도권 등 다른 지역에",563,4,/상속::경기도 광주 상속등기 || /업무사례/경기상속등기법무사::경기 광주 상속등기 법무사 || /업무사례/이천상속등기법무사::경기 광주 상속등기 법무사 || /업무사례/여주양평상속등기법무사::경기 광주 상속등기 법무사,전국 상속등기 법무사>/업무사례/전국상속등기법무사 || 전국 비대면 법무사>/업무사례/전국비대면법무사 || 경기 상속등기 법무사>/업무사례/경기상속등기법무사 || 용인 상속등기 법무사>/업무사례/용인상속등기법무사 || 하남 상속등기 법무사>/업무사례/하남상속등기법무사 || 지역별 상속등기 법무사>/업무사례/지역별상속등기법무사 || 경기도 광주 상속등기 가능 여부 확인>/contact/inquiry?from=nationwide&region=%EA%B2%BD%EA%B8%B0+%EA%B2%BD%EA%B8%B0%EA%B4%91%EC%A3%BC&field=inheritance-registration || 상담 안내>/contact || 부산에서 법무사 찾을 때 허브로 돌아가기>/부산법무사 || 해운대·센텀 법무사 상담>/해운대법무사 || 센텀 법인·부동산 등기>/센텀법무사 || 부산 여성 법무사 상담>/부산여성법무사,홈 > 업무 사례 > 지역별 상속등기 > 경기광주,yes,WebPage+FAQ,,SERP_UNVERIFIED,inheritance-supporting,case,"경기광주상속등기를검색하다보면광주광역시상속등기안내와뒤섞여나오는경우가많습니다.여기서말하는경기광주는경기도광주시이며,오포·곤지암등생활권별로아파트·전원주"
/업무사례/판교상속등기법무사,generated,"index,follow",yes,/업무사례/판교상속등기법무사,판교 상속등기｜테크노밸리 오피스와 아… | 다옴법무사사무소,판교 상속등기 법무사. 판교 테크노밸리 오피스·상가와 아파트가 함께 상속되면 구분소유·임대차 확인이 우선입니다. 분당·성남과는 생활권이 겹치지만 판교 지점 없이 부산 해운대 사무소에서 관할 특례·비대면 상담부터…,판교 상속등기｜테크노밸리 오피스와 아… | 다옴법무사사무소,판교 상속등기 법무사. 판교 테크노밸리 오피스·상가와 아파트가 함께 상속되면 구분소유·임대차 확인이 우선입니다. 분당·성남과는 생활권이 겹치지만 판교 지점 없이 부산 해운대 사무소에서 관할 특례·비대면 상담부터…,"판교 아파트와 오피스, 두 가지 부동산을 한 번에 정리하려면",판교 상속등기 가능 여부부터 확인하기 | 부산 해운대 사무소에 비대면으로 맡기는 이유 | 판교과 타지역 상속인의 거리 문제 | 필요서류 체크리스트 | 진행 상황 공유 방식 | 타지역 법무사를 고를 때 확인할 사항,판교는 행정구역상 성남시에 속하지만 분당과는 다른 생활권으로 검색되는 경우가 많습니다. 판교 테크노밸리 인근 오피스·상가와 아파트가 함께 상속되면 구분소유·임대차·근저당 여부를 건물별로 나눠 확인해야 합니다. 분당 아파트 상속과 겹쳐 검색되지만 실제로는 소재지 등기부와 상속인 구성에 따라 진행 방식이 달라질 수 있습니다. 상속인이 서울·지방 등 다른 지역에 있어도 협의분할·위임을 한 사무소에서 정리할 수 있는지 먼저 검토합니다. 다옴법무사사무소는 부산 해운대구에 있으며 판교에 별도 지점이 있는 것은 아닙니다. 판교는 행정구역상 성남시에 속하지만 분당과는 다른 생활권으로 검색되는 경우가 많습니다. 판교 테크노밸리 인근 오피스·상가와 아파트가 함께 상속되면 구분소유·임대차·근저당 여부를 건물별로 나눠 확인해야 합니다. 분당 아파트 상속과 겹쳐 검색되지만 실제로는 소재지 등기부와 상속인 구성에 따라 진행 방식이 달라질 수 있습니다. 상속인이 서울·지방 등 다른 지역에 있어도 협의분할·위임,544,2,/업무사례/성남상속등기법무사::판교 상속등기 법무사 || /업무사례/분당상속등기법무사::판교 상속등기 법무사,전국 상속등기 법무사>/업무사례/전국상속등기법무사 || 전국 비대면 법무사>/업무사례/전국비대면법무사 || 성남 상속등기 법무사>/업무사례/성남상속등기법무사 || 분당 상속등기 법무사>/업무사례/분당상속등기법무사 || 수원 상속등기 법무사>/업무사례/수원상속등기법무사 || 지역별 상속등기 법무사>/업무사례/지역별상속등기법무사 || 판교 상속등기 가능 여부 확인>/contact/inquiry?from=nationwide&region=%EC%84%B1%EB%82%A8+%ED%8C%90%EA%B5%90&field=inheritance-registration || 상담 안내>/contact || 부산에서 법무사 찾을 때 허브로 돌아가기>/부산법무사 || 해운대·센텀 법무사 상담>/해운대법무사 || 센텀 법인·부동산 등기>/센텀법무사 || 부산 여성 법무사 상담>/부산여성법무사,홈 > 업무 사례 > 지역별 상속등기 > 판교,yes,WebPage+FAQ,,SERP_UNVERIFIED,inheritance-supporting,case,판교는행정구역상성남시에속하지만분당과는다른생활권으로검색되는경우가많습니다.판교테크노밸리인근오피스·상가와아파트가함께상속되면구분소유·임대차·근저당여부를
/업무사례/광교상속등기법무사,generated,"index,follow",yes,/업무사례/광교상속등기법무사,광교 상속등기｜수원과 용인에 걸친 생… | 다옴법무사사무소,광교 상속등기 법무사. 광교 신도시는 행정구역상 수원 영통구와 용인 수지구에 걸쳐 있어 등기소 관할을 먼저 확인해야 합니다. 광교 지점 없이 부산 해운대 사무소에서 관할 특례·비대면 상담부터 신청까지 진행합니다.,광교 상속등기｜수원과 용인에 걸친 생… | 다옴법무사사무소,광교 상속등기 법무사. 광교 신도시는 행정구역상 수원 영통구와 용인 수지구에 걸쳐 있어 등기소 관할을 먼저 확인해야 합니다. 광교 지점 없이 부산 해운대 사무소에서 관할 특례·비대면 상담부터 신청까지 진행합니다.,광교 신도시가 수원·용인에 걸쳐 있어도 진행 절차는 같을까,광교 부동산 목록부터 맞추는 방법 | 관할 특례와 법정 관할의 차이 | 일반적인 상담 유형 | 해외 거주 상속인이 있는 경우 | 비용 안내 방식 | 관련 지역·업무로 이어가기,"광교는 하나의 생활권으로 불리지만 행정구역상 수원시 영통구와 용인시 수지구에 걸쳐 있어, 아파트가 정확히 어느 시에 속하는지에 따라 담당 등기소와 관할이 달라질 수 있습니다. 광교호수공원 인근 아파트와 상가가 함께 상속되는 경우도 많아 부동산별로 소재지를 먼저 정리합니다. 상속인이 수도권 밖에 거주해도 협의분할·위임을 한 사무소에서 검토할 수 있는지 확인합니다. 다옴법무사사무소는 부산 해운대구에 있으며 광교에 별도 지점이 있는 것은 아닙니다. 광교는 하나의 생활권으로 불리지만 행정구역상 수원시 영통구와 용인시 수지구에 걸쳐 있어, 아파트가 정확히 어느 시에 속하는지에 따라 담당 등기소와 관할이 달라질 수 있습니다. 광교호수공원 인근 아파트와 상가가 함께 상속되는 경우도 많아 부동산별로 소재지를 먼저 정리합니다. 상속인이 수도권 밖에 거주해도 협의분할·위임을 한 사무소에서 검토할 수 있는지 확인합니다. 다옴법무사사무소는 부산 해운대구에 있으며 광교에 별도 지점이 있는 것은 아닙니다. ",547,1,/업무사례/수원상속등기법무사::광교 상속등기 법무사,전국 상속등기 법무사>/업무사례/전국상속등기법무사 || 여러 지역에 흩어진 상속부동산 등기>/업무사례/전국상속부동산일괄등기 || 수원 상속등기 법무사>/업무사례/수원상속등기법무사 || 용인 상속등기 법무사>/업무사례/용인상속등기법무사 || 경기 상속등기 법무사>/업무사례/경기상속등기법무사 || 지역별 상속등기 법무사>/업무사례/지역별상속등기법무사 || 광교 상속등기 가능 여부 확인>/contact/inquiry?from=nationwide&region=%EC%88%98%EC%9B%90+%EA%B4%91%EA%B5%90&field=inheritance-registration || 상담 안내>/contact || 부산에서 법무사 찾을 때 허브로 돌아가기>/부산법무사 || 해운대·센텀 법무사 상담>/해운대법무사 || 센텀 법인·부동산 등기>/센텀법무사 || 부산 여성 법무사 상담>/부산여성법무사,홈 > 업무 사례 > 지역별 상속등기 > 광교,yes,WebPage+FAQ,,SERP_UNVERIFIED,inheritance-supporting,case,"광교는하나의생활권으로불리지만행정구역상수원시영통구와용인시수지구에걸쳐있어,아파트가정확히어느시에속하는지에따라담당등기소와관할이달라질수있습니다.광교호수공"
/업무사례/이천상속등기법무사,generated,"index,follow",yes,/업무사례/이천상속등기법무사,이천 상속등기｜물류창고·공장 부지 상… | 다옴법무사사무소,이천 상속등기 법무사. 대형 물류창고·공장 부지와 농지·주택이 함께 상속되는 경우 건축물대장·지목 확인이 우선입니다. 이천 지점 없이 부산 해운대 사무소에서 관할 특례·비대면 상담부터 신청까지 진행합니다.,이천 상속등기｜물류창고·공장 부지 상… | 다옴법무사사무소,이천 상속등기 법무사. 대형 물류창고·공장 부지와 농지·주택이 함께 상속되는 경우 건축물대장·지목 확인이 우선입니다. 이천 지점 없이 부산 해운대 사무소에서 관할 특례·비대면 상담부터 신청까지 진행합니다.,이천 물류센터와 농지가 함께 상속됐다면 무엇부터 볼까,이천 상속등기 가능 여부부터 확인하기 | 부산 해운대 사무소에 비대면으로 맡기는 이유 | 이천과 타지역 상속인의 거리 문제 | 필요서류 체크리스트 | 진행 상황 공유 방식 | 타지역 법무사를 고를 때 확인할 사항,"이천은 물류센터·공장이 밀집한 산업 지역과 도자기·농업 중심 농지가 함께 있어, 상속받은 부동산이 어떤 지목·용도인지에 따라 필요서류가 달라집니다. 대형 물류창고나 공장 건물은 건축물대장과 임대차 계약을 함께 확인해야 하고, 농지는 지번·면적 누락이 없는지 목록부터 작성하는 것이 우선입니다. 상속인이 수도권 밖에 거주해도 협의분할·위임을 한 사무소에서 정리할 수 있는지 먼저 검토합니다. 다옴법무사사무소는 부산 해운대구에 있으며 이천에 별도 지점이 있는 것은 아닙니다. 이천은 물류센터·공장이 밀집한 산업 지역과 도자기·농업 중심 농지가 함께 있어, 상속받은 부동산이 어떤 지목·용도인지에 따라 필요서류가 달라집니다. 대형 물류창고나 공장 건물은 건축물대장과 임대차 계약을 함께 확인해야 하고, 농지는 지번·면적 누락이 없는지 목록부터 작성하는 것이 우선입니다. 상속인이 수도권 밖에 거주해도 협의분할·위임을 한 사무소에서 정리할 수 있는지 먼저 검토합니다. 다옴법무사사무소는 부산 해운대구에",541,2,/업무사례/경기상속등기법무사::이천 상속등기 법무사 || /업무사례/여주양평상속등기법무사::이천 상속등기 법무사,전국 상속등기 법무사>/업무사례/전국상속등기법무사 || 여러 지역에 흩어진 상속부동산 등기>/업무사례/전국상속부동산일괄등기 || 경기 상속등기 법무사>/업무사례/경기상속등기법무사 || 용인 상속등기 법무사>/업무사례/용인상속등기법무사 || 경기 광주 상속등기 법무사>/업무사례/경기광주상속등기법무사 || 지역별 상속등기 법무사>/업무사례/지역별상속등기법무사 || 이천 상속등기 가능 여부 확인>/contact/inquiry?from=nationwide&region=%EA%B2%BD%EA%B8%B0+%EC%9D%B4%EC%B2%9C&field=inheritance-registration || 상담 안내>/contact || 부산에서 법무사 찾을 때 허브로 돌아가기>/부산법무사 || 해운대·센텀 법무사 상담>/해운대법무사 || 센텀 법인·부동산 등기>/센텀법무사 || 부산 여성 법무사 상담>/부산여성법무사,홈 > 업무 사례 > 지역별 상속등기 > 이천,yes,WebPage+FAQ,,SERP_UNVERIFIED,inheritance-supporting,case,"이천은물류센터·공장이밀집한산업지역과도자기·농업중심농지가함께있어,상속받은부동산이어떤지목·용도인지에따라필요서류가달라집니다.대형물류창고나공장건물은건축"
/업무사례/구리상속등기법무사,generated,"index,follow",yes,/업무사례/구리상속등기법무사,구리 상속등기｜서울과 붙어 있는 소형… | 다옴법무사사무소,구리 상속등기 법무사. 서울과 경계를 맞댄 소형 주택·다세대 상속에서 서울 관할로 착각하는 경우가 있습니다. 구리 지점 없이 부산 해운대 사무소에서 관할 특례·비대면 상담부터 신청까지 진행합니다.,구리 상속등기｜서울과 붙어 있는 소형… | 다옴법무사사무소,구리 상속등기 법무사. 서울과 경계를 맞댄 소형 주택·다세대 상속에서 서울 관할로 착각하는 경우가 있습니다. 구리 지점 없이 부산 해운대 사무소에서 관할 특례·비대면 상담부터 신청까지 진행합니다.,"구리 소형 주택·다세대 상속, 서울 상속등기와 무엇이 다를까",구리 상속등기 가능 여부부터 확인하기 | 부산 해운대 사무소에 비대면으로 맡기는 이유 | 구리과 타지역 상속인의 거리 문제 | 필요서류 체크리스트 | 진행 상황 공유 방식 | 타지역 법무사를 고를 때 확인할 사항,"구리는 서울 노원·중랑·강동과 경계를 맞대고 있어 실제로는 구리시 소재 부동산인데도 서울 관할로 착각하는 경우가 있습니다. 소형 단독·다세대 주택 상속이 많고, 오래전 등기된 건물은 등기부와 건축물대장 표시가 다를 수 있어 먼저 확인이 필요합니다. 상속인이 서울에 거주해 방문이 쉬운 경우에도 협의분할·위임 서류를 비대면으로 정리할 수 있는지 검토합니다. 다옴법무사사무소는 부산 해운대구에 있으며 구리에 별도 지점이 있는 것은 아닙니다. 구리는 서울 노원·중랑·강동과 경계를 맞대고 있어 실제로는 구리시 소재 부동산인데도 서울 관할로 착각하는 경우가 있습니다. 소형 단독·다세대 주택 상속이 많고, 오래전 등기된 건물은 등기부와 건축물대장 표시가 다를 수 있어 먼저 확인이 필요합니다. 상속인이 서울에 거주해 방문이 쉬운 경우에도 협의분할·위임 서류를 비대면으로 정리할 수 있는지 검토합니다. 다옴법무사사무소는 부산 해운대구에 있으며 구리에 별도 지점이 있는 것은 아닙니다. 구리 부동산·상속인",567,1,/업무사례/강동구상속등기법무사::구리 상속등기 법무사,전국 상속등기 법무사>/업무사례/전국상속등기법무사 || 전국 비대면 법무사>/업무사례/전국비대면법무사 || 경기 상속등기 법무사>/업무사례/경기상속등기법무사 || 남양주 상속등기 법무사>/업무사례/남양주상속등기법무사 || 강동구 상속등기 법무사>/업무사례/강동구상속등기법무사 || 지역별 상속등기 법무사>/업무사례/지역별상속등기법무사 || 구리 상속등기 가능 여부 확인>/contact/inquiry?from=nationwide&region=%EA%B2%BD%EA%B8%B0+%EA%B5%AC%EB%A6%AC&field=inheritance-registration || 상담 안내>/contact || 부산에서 법무사 찾을 때 허브로 돌아가기>/부산법무사 || 해운대·센텀 법무사 상담>/해운대법무사 || 센텀 법인·부동산 등기>/센텀법무사 || 부산 여성 법무사 상담>/부산여성법무사,홈 > 업무 사례 > 지역별 상속등기 > 구리,yes,WebPage+FAQ,,SERP_UNVERIFIED,inheritance-supporting,case,"구리는서울노원·중랑·강동과경계를맞대고있어실제로는구리시소재부동산인데도서울관할로착각하는경우가있습니다.소형단독·다세대주택상속이많고,오래전등기된건물은등"
/업무사례/양주상속등기법무사,generated,"index,follow",yes,/업무사례/양주상속등기법무사,양주 상속등기｜옥정 신도시 아파트와 … | 다옴법무사사무소,양주 상속등기 법무사. 옥정·회천 신도시 아파트와 외곽 농지·임야가 함께 상속되면 지목·건물 유형별로 확인 방식이 다릅니다. 양주 지점 없이 부산 해운대 사무소에서 관할 특례·비대면 상담부터 신청까지 진행합니다.,양주 상속등기｜옥정 신도시 아파트와 … | 다옴법무사사무소,양주 상속등기 법무사. 옥정·회천 신도시 아파트와 외곽 농지·임야가 함께 상속되면 지목·건물 유형별로 확인 방식이 다릅니다. 양주 지점 없이 부산 해운대 사무소에서 관할 특례·비대면 상담부터 신청까지 진행합니다.,"양주 옥정·회천 아파트와 외곽 농지, 서류가 왜 다를까",양주 부동산 목록부터 맞추는 방법 | 관할 특례와 법정 관할의 차이 | 일반적인 상담 유형 | 해외 거주 상속인이 있는 경우 | 비용 안내 방식 | 관련 지역·업무로 이어가기,"양주는 옥정·회천 신도시 아파트 상속 문의와, 외곽 농지·임야를 오래전부터 소유한 상속 문의가 함께 들어오는 지역입니다. 신축 아파트는 등기부·대지권 확인이 상대적으로 단순하지만, 외곽 농지는 지번·지목·면적이 여러 필지로 나뉜 경우가 많아 목록 작성이 먼저입니다. 상속인이 서울·수도권에 흩어져 있어도 협의분할·위임을 한 사무소에서 검토할 수 있는지 확인합니다. 다옴법무사사무소는 부산 해운대구에 있으며 양주에 별도 지점이 있는 것은 아닙니다. 양주는 옥정·회천 신도시 아파트 상속 문의와, 외곽 농지·임야를 오래전부터 소유한 상속 문의가 함께 들어오는 지역입니다. 신축 아파트는 등기부·대지권 확인이 상대적으로 단순하지만, 외곽 농지는 지번·지목·면적이 여러 필지로 나뉜 경우가 많아 목록 작성이 먼저입니다. 상속인이 서울·수도권에 흩어져 있어도 협의분할·위임을 한 사무소에서 검토할 수 있는지 확인합니다. 다옴법무사사무소는 부산 해운대구에 있으며 양주에 별도 지점이 있는 것은 아닙니다. ",531,1,/업무사례/포천동두천상속등기법무사::양주 상속등기 법무사,전국 상속등기 법무사>/업무사례/전국상속등기법무사 || 여러 지역에 흩어진 상속부동산 등기>/업무사례/전국상속부동산일괄등기 || 경기 상속등기 법무사>/업무사례/경기상속등기법무사 || 의정부 상속등기 법무사>/업무사례/의정부상속등기법무사 || 파주 상속등기 법무사>/업무사례/파주상속등기법무사 || 지역별 상속등기 법무사>/업무사례/지역별상속등기법무사 || 양주 상속등기 가능 여부 확인>/contact/inquiry?from=nationwide&region=%EA%B2%BD%EA%B8%B0+%EC%96%91%EC%A3%BC&field=inheritance-registration || 상담 안내>/contact || 부산에서 법무사 찾을 때 허브로 돌아가기>/부산법무사 || 해운대·센텀 법무사 상담>/해운대법무사 || 센텀 법인·부동산 등기>/센텀법무사 || 부산 여성 법무사 상담>/부산여성법무사,홈 > 업무 사례 > 지역별 상속등기 > 양주,yes,WebPage+FAQ,,SERP_UNVERIFIED,inheritance-supporting,case,"양주는옥정·회천신도시아파트상속문의와,외곽농지·임야를오래전부터소유한상속문의가함께들어오는지역입니다.신축아파트는등기부·대지권확인이상대적으로단순하지만,"
/업무사례/강동구상속등기법무사,generated,"index,follow",yes,/업무사례/강동구상속등기법무사,강동구 상속등기｜고덕·강일 대단지 입… | 다옴법무사사무소,강동구 상속등기 법무사. 고덕·강일 신축 대단지는 입주 시기에 따라 근저당·중도금대출 정리 여부가 다를 수 있습니다. 강동구 지점 없이 부산 해운대 사무소에서 관할 특례·비대면 상담부터 신청까지 진행합니다.,강동구 상속등기｜고덕·강일 대단지 입… | 다옴법무사사무소,강동구 상속등기 법무사. 고덕·강일 신축 대단지는 입주 시기에 따라 근저당·중도금대출 정리 여부가 다를 수 있습니다. 강동구 지점 없이 부산 해운대 사무소에서 관할 특례·비대면 상담부터 신청까지 진행합니다.,"강동구 고덕·강일 신축 대단지, 입주 시기별로 다른 확인사항",강동구 상속등기 가능 여부부터 확인하기 | 부산 해운대 사무소에 비대면으로 맡기는 이유 | 강동구과 타지역 상속인의 거리 문제 | 필요서류 체크리스트 | 진행 상황 공유 방식 | 타지역 법무사를 고를 때 확인할 사항,"강동구는 고덕·강일 일대에 입주 시기가 다른 대단지 아파트가 몰려 있어, 상속받은 아파트가 최근 입주한 단지인지 오래된 단지인지에 따라 근저당·중도금대출 정리 여부를 다르게 확인해야 합니다. 상속인이 여러 명이면 협의분할 내용과 매도·전세 계획을 먼저 맞추는 것이 중요합니다. 상속인이 지방·해외에 거주해도 협의분할·위임·등기부 확인을 한 사무소에서 정리할 수 있는지 검토합니다. 다옴법무사사무소는 부산 해운대구에 있으며 강동구에 별도 지점이 있는 것은 아닙니다. 강동구는 고덕·강일 일대에 입주 시기가 다른 대단지 아파트가 몰려 있어, 상속받은 아파트가 최근 입주한 단지인지 오래된 단지인지에 따라 근저당·중도금대출 정리 여부를 다르게 확인해야 합니다. 상속인이 여러 명이면 협의분할 내용과 매도·전세 계획을 먼저 맞추는 것이 중요합니다. 상속인이 지방·해외에 거주해도 협의분할·위임·등기부 확인을 한 사무소에서 정리할 수 있는지 검토합니다. 다옴법무사사무소는 부산 해운대구에 있으며 강동구에",543,2,/업무사례/서울상속등기법무사::강동구 상속등기 법무사 || /업무사례/구리상속등기법무사::강동구 상속등기 법무사,전국 상속등기 법무사>/업무사례/전국상속등기법무사 || 전국 비대면 법무사>/업무사례/전국비대면법무사 || 서울 상속등기 법무사>/업무사례/서울상속등기법무사 || 송파구 상속등기 법무사>/업무사례/송파구상속등기법무사 || 구리 상속등기 법무사>/업무사례/구리상속등기법무사 || 지역별 상속등기 법무사>/업무사례/지역별상속등기법무사 || 강동구 상속등기 가능 여부 확인>/contact/inquiry?from=nationwide&region=%EC%84%9C%EC%9A%B8+%EA%B0%95%EB%8F%99%EA%B5%AC&field=inheritance-registration || 상담 안내>/contact || 부산에서 법무사 찾을 때 허브로 돌아가기>/부산법무사 || 해운대·센텀 법무사 상담>/해운대법무사 || 센텀 법인·부동산 등기>/센텀법무사 || 부산 여성 법무사 상담>/부산여성법무사,홈 > 업무 사례 > 지역별 상속등기 > 강동구,yes,WebPage+FAQ,,SERP_UNVERIFIED,inheritance-supporting,case,"강동구는고덕·강일일대에입주시기가다른대단지아파트가몰려있어,상속받은아파트가최근입주한단지인지오래된단지인지에따라근저당·중도금대출정리여부를다르게확인해야합"
/업무사례/관악구상속등기법무사,generated,"index,follow",yes,/업무사례/관악구상속등기법무사,관악구 빌라 상속등기｜다세대 공동상속… | 다옴법무사사무소,관악구 빌라 상속등기 법무사. 신림·봉천 일대 다세대·빌라는 공동상속인이 많고 지분이 잘게 나뉜 경우가 흔합니다. 관악구 지점 없이 부산 해운대 사무소에서 관할 특례·비대면 상담부터 신청까지 진행합니다.,관악구 빌라 상속등기｜다세대 공동상속… | 다옴법무사사무소,관악구 빌라 상속등기 법무사. 신림·봉천 일대 다세대·빌라는 공동상속인이 많고 지분이 잘게 나뉜 경우가 흔합니다. 관악구 지점 없이 부산 해운대 사무소에서 관할 특례·비대면 상담부터 신청까지 진행합니다.,"관악구 다세대·빌라, 공동상속인이 많을 때 협의 순서",관악구 부동산 목록부터 맞추는 방법 | 관할 특례와 법정 관할의 차이 | 일반적인 상담 유형 | 해외 거주 상속인이 있는 경우 | 비용 안내 방식 | 관련 지역·업무로 이어가기,"관악구는 신림·봉천 일대 다세대·빌라 밀집 지역으로, 아파트보다 상속인 수가 많고 지분이 잘게 나뉘어 협의가 오래 걸리는 상담이 흔합니다. 건물이 오래된 경우 등기부와 건축물대장 표시가 다를 수 있어 확인이 먼저 필요하고, 임대 중인 세대가 있으면 임대차 승계 여부도 함께 검토합니다. 상속인이 여러 지역에 흩어져 있어도 위임·협의 서류를 비대면으로 정리할 수 있는지 확인합니다. 다옴법무사사무소는 부산 해운대구에 있으며 관악구에 별도 지점이 있는 것은 아닙니다. 관악구는 신림·봉천 일대 다세대·빌라 밀집 지역으로, 아파트보다 상속인 수가 많고 지분이 잘게 나뉘어 협의가 오래 걸리는 상담이 흔합니다. 건물이 오래된 경우 등기부와 건축물대장 표시가 다를 수 있어 확인이 먼저 필요하고, 임대 중인 세대가 있으면 임대차 승계 여부도 함께 검토합니다. 상속인이 여러 지역에 흩어져 있어도 위임·협의 서류를 비대면으로 정리할 수 있는지 확인합니다. 다옴법무사사무소는 부산 해운대구에 있으며 관악구에",548,2,/업무사례/서울상속등기법무사::관악구 빌라 상속등기 || /업무사례/구로구상속등기법무사::관악구 빌라 상속등기,전국 상속등기 법무사>/업무사례/전국상속등기법무사 || 서울 상속등기 법무사>/업무사례/서울상속등기법무사 || 구로구 상속등기법무사>/업무사례/구로구상속등기법무사 || 영등포구 상속등기 법무사>/업무사례/영등포구상속등기법무사 || 지역별 상속등기 법무사>/업무사례/지역별상속등기법무사 || 관악구 상속등기 가능 여부 확인>/contact/inquiry?from=nationwide&region=%EC%84%9C%EC%9A%B8+%EA%B4%80%EC%95%85%EA%B5%AC&field=inheritance-registration || 상담 안내>/contact || 부산에서 법무사 찾을 때 허브로 돌아가기>/부산법무사 || 해운대·센텀 법무사 상담>/해운대법무사 || 센텀 법인·부동산 등기>/센텀법무사 || 부산 여성 법무사 상담>/부산여성법무사 || 부산 상속등기 절차>/부산상속등기,홈 > 업무 사례 > 지역별 상속등기 > 관악구,yes,WebPage+FAQ,,SERP_UNVERIFIED,inheritance-supporting,case,"관악구는신림·봉천일대다세대·빌라밀집지역으로,아파트보다상속인수가많고지분이잘게나뉘어협의가오래걸리는상담이흔합니다.건물이오래된경우등기부와건축물대장표시가"
/업무사례/구로구상속등기법무사,generated,"index,follow",yes,/업무사례/구로구상속등기법무사,구로구 상속등기법무사｜공단 인근 건물… | 다옴법무사사무소,구로구 상속등기법무사. 구로디지털단지 인근 지식산업센터·공장 건물과 주거용 아파트가 함께 상속되는 경우 건물 용도부터 구분합니다. 구로구 지점 없이 부산 해운대 사무소에서 관할 특례·비대면 상담부터 신청까지 진…,구로구 상속등기법무사｜공단 인근 건물… | 다옴법무사사무소,구로구 상속등기법무사. 구로디지털단지 인근 지식산업센터·공장 건물과 주거용 아파트가 함께 상속되는 경우 건물 용도부터 구분합니다. 구로구 지점 없이 부산 해운대 사무소에서 관할 특례·비대면 상담부터 신청까지 진…,"구로 공단 건물과 주거용 아파트, 상속 시 확인이 다른가요",구로구 상속등기 가능 여부부터 확인하기 | 부산 해운대 사무소에 비대면으로 맡기는 이유 | 구로구과 타지역 상속인의 거리 문제 | 필요서류 체크리스트 | 진행 상황 공유 방식 | 타지역 법무사를 고를 때 확인할 사항,"구로구는 구로디지털단지 인근 지식산업센터·공장 건물과 주거용 아파트·빌라가 함께 있는 지역으로, 상속받은 부동산이 업무용인지 주거용인지에 따라 임대차·근저당 확인 항목이 달라집니다. 지식산업센터는 구분소유·관리단 규약을 함께 확인해야 하는 경우가 있어 아파트 상속과는 서류가 다를 수 있습니다. 상속인이 타지역에 거주해도 협의분할·위임을 한 사무소에서 정리할 수 있는지 검토합니다. 다옴법무사사무소는 부산 해운대구에 있으며 구로구에 별도 지점이 있는 것은 아닙니다. 구로구는 구로디지털단지 인근 지식산업센터·공장 건물과 주거용 아파트·빌라가 함께 있는 지역으로, 상속받은 부동산이 업무용인지 주거용인지에 따라 임대차·근저당 확인 항목이 달라집니다. 지식산업센터는 구분소유·관리단 규약을 함께 확인해야 하는 경우가 있어 아파트 상속과는 서류가 다를 수 있습니다. 상속인이 타지역에 거주해도 협의분할·위임을 한 사무소에서 정리할 수 있는지 검토합니다. 다옴법무사사무소는 부산 해운대구에 있으며 구로",526,2,/업무사례/서울상속등기법무사::구로구 상속등기법무사 || /업무사례/관악구상속등기법무사::구로구 상속등기법무사,전국 상속등기 법무사>/업무사례/전국상속등기법무사 || 전국 비대면 법무사>/업무사례/전국비대면법무사 || 서울 상속등기 법무사>/업무사례/서울상속등기법무사 || 영등포구 상속등기 법무사>/업무사례/영등포구상속등기법무사 || 관악구 빌라 상속등기>/업무사례/관악구상속등기법무사 || 지역별 상속등기 법무사>/업무사례/지역별상속등기법무사 || 구로구 상속등기 가능 여부 확인>/contact/inquiry?from=nationwide&region=%EC%84%9C%EC%9A%B8+%EA%B5%AC%EB%A1%9C%EA%B5%AC&field=inheritance-registration || 상담 안내>/contact || 부산에서 법무사 찾을 때 허브로 돌아가기>/부산법무사 || 해운대·센텀 법무사 상담>/해운대법무사 || 센텀 법인·부동산 등기>/센텀법무사 || 부산 여성 법무사 상담>/부산여성법무사,홈 > 업무 사례 > 지역별 상속등기 > 구로구,yes,WebPage+FAQ,,SERP_UNVERIFIED,inheritance-supporting,case,"구로구는구로디지털단지인근지식산업센터·공장건물과주거용아파트·빌라가함께있는지역으로,상속받은부동산이업무용인지주거용인지에따라임대차·근저당확인항목이달라집"
/업무사례/대전서구상속등기법무사,generated,"index,follow",yes,/업무사례/대전서구상속등기법무사,대전 서구 상속등기｜둔산 상권과 유성… | 다옴법무사사무소,대전 서구 상속등기 법무사. 둔산동 행정·상업 중심 아파트·상가 상속에서 유성구와 지역을 혼동하는 경우가 있습니다. 대전서구 지점 없이 부산 해운대 사무소에서 관할 특례·비대면 상담부터 신청까지 진행합니다.,대전 서구 상속등기｜둔산 상권과 유성… | 다옴법무사사무소,대전 서구 상속등기 법무사. 둔산동 행정·상업 중심 아파트·상가 상속에서 유성구와 지역을 혼동하는 경우가 있습니다. 대전서구 지점 없이 부산 해운대 사무소에서 관할 특례·비대면 상담부터 신청까지 진행합니다.,"대전 서구 둔산 아파트·상가, 유성구와는 어떻게 다른가",대전서구 상속등기 가능 여부부터 확인하기 | 부산 해운대 사무소에 비대면으로 맡기는 이유 | 대전서구과 타지역 상속인의 거리 문제 | 필요서류 체크리스트 | 진행 상황 공유 방식 | 타지역 법무사를 고를 때 확인할 사항,"대전 서구는 둔산동 행정·상업 중심지로 아파트·상가 상속 문의가 많고, 인접한 유성구와 생활권이 겹쳐 검색 과정에서 지역을 혼동하는 경우가 있습니다. 두 구는 담당 등기소·행정구역이 다르므로 상담 초기에 정확한 소재지부터 확인합니다. 상가가 함께 있으면 임대차·근저당 여부를 아파트와 별도로 점검합니다. 상속인이 타지역에 거주해도 협의분할·위임을 한 사무소에서 정리할 수 있는지 검토합니다. 다옴법무사사무소는 부산 해운대구에 있으며 대전 서구에 별도 지점이 있는 것은 아닙니다. 대전 서구는 둔산동 행정·상업 중심지로 아파트·상가 상속 문의가 많고, 인접한 유성구와 생활권이 겹쳐 검색 과정에서 지역을 혼동하는 경우가 있습니다. 두 구는 담당 등기소·행정구역이 다르므로 상담 초기에 정확한 소재지부터 확인합니다. 상가가 함께 있으면 임대차·근저당 여부를 아파트와 별도로 점검합니다. 상속인이 타지역에 거주해도 협의분할·위임을 한 사무소에서 정리할 수 있는지 검토합니다. 다옴법무사사무소는 부산 ",542,1,/업무사례/대전상속등기법무사::대전 서구 상속등기,전국 상속등기 법무사>/업무사례/전국상속등기법무사 || 대전 상속등기 법무사>/업무사례/대전상속등기법무사 || 대전유성구 상속등기 법무사>/업무사례/대전유성구상속등기법무사 || 천안 상속등기 법무사>/업무사례/천안상속등기법무사 || 지역별 상속등기 법무사>/업무사례/지역별상속등기법무사 || 대전 서구 상속등기 가능 여부 확인>/contact/inquiry?from=nationwide&region=%EB%8C%80%EC%A0%84+%EB%8C%80%EC%A0%84%EC%84%9C%EA%B5%AC&field=inheritance-registration || 상담 안내>/contact || 부산에서 법무사 찾을 때 허브로 돌아가기>/부산법무사 || 해운대·센텀 법무사 상담>/해운대법무사 || 센텀 법인·부동산 등기>/센텀법무사 || 부산 여성 법무사 상담>/부산여성법무사 || 부산 상속등기 절차>/부산상속등기,홈 > 업무 사례 > 지역별 상속등기 > 대전서구,yes,WebPage+FAQ,,SERP_UNVERIFIED,inheritance-supporting,case,"대전서구는둔산동행정·상업중심지로아파트·상가상속문의가많고,인접한유성구와생활권이겹쳐검색과정에서지역을혼동하는경우가있습니다.두구는담당등기소·행정구역이다"
/업무사례/당진상속등기법무사,generated,"index,follow",yes,/업무사례/당진상속등기법무사,당진 상속등기｜산업단지·항만 부동산 … | 다옴법무사사무소,당진 상속등기 법무사. 제철·산업단지와 항만 인근 공장·창고 부동산 상속에서 근저당·임대차 확인이 먼저입니다. 당진 지점 없이 부산 해운대 사무소에서 관할 특례·비대면 상담부터 신청까지 진행합니다.,당진 상속등기｜산업단지·항만 부동산 … | 다옴법무사사무소,당진 상속등기 법무사. 제철·산업단지와 항만 인근 공장·창고 부동산 상속에서 근저당·임대차 확인이 먼저입니다. 당진 지점 없이 부산 해운대 사무소에서 관할 특례·비대면 상담부터 신청까지 진행합니다.,"당진 공장·항만 부지 상속, 등기부 확인부터 다른 이유",당진 부동산 목록부터 맞추는 방법 | 관할 특례와 법정 관할의 차이 | 일반적인 상담 유형 | 해외 거주 상속인이 있는 경우 | 비용 안내 방식 | 관련 지역·업무로 이어가기,당진은 제철소·산업단지와 항만이 발달해 공장·창고·물류 부지 상속 문의가 주거용 아파트 상속만큼 많습니다. 산업용 건물은 근저당·임대차가 걸려 있는 경우가 흔해 등기부를 먼저 확인한 뒤 목록을 정리하는 것이 우선입니다. 농지·주택이 함께 있으면 지목별로 서류를 나눠 준비합니다. 상속인이 수도권 등 타지역에 거주해도 협의분할·위임을 한 사무소에서 정리할 수 있는지 검토합니다. 다옴법무사사무소는 부산 해운대구에 있으며 당진에 별도 지점이 있는 것은 아닙니다. 당진은 제철소·산업단지와 항만이 발달해 공장·창고·물류 부지 상속 문의가 주거용 아파트 상속만큼 많습니다. 산업용 건물은 근저당·임대차가 걸려 있는 경우가 흔해 등기부를 먼저 확인한 뒤 목록을 정리하는 것이 우선입니다. 농지·주택이 함께 있으면 지목별로 서류를 나눠 준비합니다. 상속인이 수도권 등 타지역에 거주해도 협의분할·위임을 한 사무소에서 정리할 수 있는지 검토합니다. 다옴법무사사무소는 부산 해운대구에 있으며 당진에 별도 지점,531,2,/업무사례/충남상속등기법무사::당진 상속등기 법무사 || /업무사례/서산보령상속등기법무사::당진 상속등기 법무사,전국 상속등기 법무사>/업무사례/전국상속등기법무사 || 여러 지역에 흩어진 상속부동산 등기>/업무사례/전국상속부동산일괄등기 || 충남 상속등기 법무사>/업무사례/충남상속등기법무사 || 천안 상속등기 법무사>/업무사례/천안상속등기법무사 || 아산 상속등기 법무사>/업무사례/아산상속등기법무사 || 지역별 상속등기 법무사>/업무사례/지역별상속등기법무사 || 당진 상속등기 가능 여부 확인>/contact/inquiry?from=nationwide&region=%EC%B6%A9%EB%82%A8+%EB%8B%B9%EC%A7%84&field=inheritance-registration || 상담 안내>/contact || 부산에서 법무사 찾을 때 허브로 돌아가기>/부산법무사 || 해운대·센텀 법무사 상담>/해운대법무사 || 센텀 법인·부동산 등기>/센텀법무사 || 부산 여성 법무사 상담>/부산여성법무사,홈 > 업무 사례 > 지역별 상속등기 > 당진,yes,WebPage+FAQ,,SERP_UNVERIFIED,inheritance-supporting,case,당진은제철소·산업단지와항만이발달해공장·창고·물류부지상속문의가주거용아파트상속만큼많습니다.산업용건물은근저당·임대차가걸려있는경우가흔해등기부를먼저확인한
/업무사례/제천상속등기법무사,generated,"index,follow",yes,/업무사례/제천상속등기법무사,제천 상속등기｜전원주택과 임야가 함께 있는 경우 | 다옴법무사사무소,제천 상속등기 법무사. 청풍호 인근 전원주택과 임야·농지가 함께 상속되는 경우 지목·면적 확인이 우선입니다. 제천 지점 없이 부산 해운대 사무소에서 관할 특례·비대면 상담부터 신청까지 진행합니다.,제천 상속등기｜전원주택과 임야가 함께 있는 경우 | 다옴법무사사무소,제천 상속등기 법무사. 청풍호 인근 전원주택과 임야·농지가 함께 상속되는 경우 지목·면적 확인이 우선입니다. 제천 지점 없이 부산 해운대 사무소에서 관할 특례·비대면 상담부터 신청까지 진행합니다.,"제천 전원주택·임야 상속, 지목별로 준비할 서류가 다릅니다",제천 상속등기 가능 여부부터 확인하기 | 부산 해운대 사무소에 비대면으로 맡기는 이유 | 제천과 타지역 상속인의 거리 문제 | 필요서류 체크리스트 | 진행 상황 공유 방식 | 타지역 법무사를 고를 때 확인할 사항,제천은 청풍호 인근 전원주택·펜션과 임야·농지를 함께 물려받는 상속 문의가 많은 지역입니다. 오래전부터 내려온 임야는 지번이 여러 필지로 나뉘어 있거나 지적 정리가 되지 않은 경우가 있어 목록부터 확인하는 것이 우선입니다. 전원주택은 건축물대장과 실제 현황이 다른 경우도 있어 함께 점검합니다. 상속인이 수도권 등 타지역에 거주해도 협의분할·위임을 한 사무소에서 정리할 수 있는지 검토합니다. 다옴법무사사무소는 부산 해운대구에 있으며 제천에 별도 지점이 있는 것은 아닙니다. 제천은 청풍호 인근 전원주택·펜션과 임야·농지를 함께 물려받는 상속 문의가 많은 지역입니다. 오래전부터 내려온 임야는 지번이 여러 필지로 나뉘어 있거나 지적 정리가 되지 않은 경우가 있어 목록부터 확인하는 것이 우선입니다. 전원주택은 건축물대장과 실제 현황이 다른 경우도 있어 함께 점검합니다. 상속인이 수도권 등 타지역에 거주해도 협의분할·위임을 한 사무소에서 정리할 수 있는지 검토합니다. 다옴법무사사무소는 부산 해,564,1,/업무사례/충북상속등기법무사::제천 상속등기 법무사,전국 상속등기 법무사>/업무사례/전국상속등기법무사 || 전국 비대면 법무사>/업무사례/전국비대면법무사 || 충북 상속등기 법무사>/업무사례/충북상속등기법무사 || 청주 상속등기 법무사>/업무사례/청주상속등기법무사 || 충주 상속등기 법무사>/업무사례/충주상속등기법무사 || 지역별 상속등기 법무사>/업무사례/지역별상속등기법무사 || 제천 상속등기 가능 여부 확인>/contact/inquiry?from=nationwide&region=%EC%B6%A9%EB%B6%81+%EC%A0%9C%EC%B2%9C&field=inheritance-registration || 상담 안내>/contact || 부산에서 법무사 찾을 때 허브로 돌아가기>/부산법무사 || 해운대·센텀 법무사 상담>/해운대법무사 || 센텀 법인·부동산 등기>/센텀법무사 || 부산 여성 법무사 상담>/부산여성법무사,홈 > 업무 사례 > 지역별 상속등기 > 제천,yes,WebPage+FAQ,,SERP_UNVERIFIED,inheritance-supporting,case,제천은청풍호인근전원주택·펜션과임야·농지를함께물려받는상속문의가많은지역입니다.오래전부터내려온임야는지번이여러필지로나뉘어있거나지적정리가되지않은경우가있어
/업무사례/속초상속등기법무사,generated,"index,follow",yes,/업무사례/속초상속등기법무사,속초 비대면 상속등기｜별장·펜션 상속… | 다옴법무사사무소,속초 비대면 상속등기 법무사. 별장·펜션으로 쓰던 부동산을 수도권 거주 상속인이 물려받으면 방문 횟수를 줄이는 절차가 중요합니다. 속초 지점 없이 부산 해운대 사무소에서 관할 특례·비대면 상담부터 신청까지 진행…,속초 비대면 상속등기｜별장·펜션 상속… | 다옴법무사사무소,속초 비대면 상속등기 법무사. 별장·펜션으로 쓰던 부동산을 수도권 거주 상속인이 물려받으면 방문 횟수를 줄이는 절차가 중요합니다. 속초 지점 없이 부산 해운대 사무소에서 관할 특례·비대면 상담부터 신청까지 진행…,속초 별장·펜션을 수도권 상속인이 방문 없이 정리하는 방법,속초 부동산 목록부터 맞추는 방법 | 관할 특례와 법정 관할의 차이 | 일반적인 상담 유형 | 해외 거주 상속인이 있는 경우 | 비용 안내 방식 | 관련 지역·업무로 이어가기,"속초는 별장·세컨드하우스나 펜션으로 사용하던 부동산을 상속받는 상담이 많고, 상속인 대부분이 수도권에 거주해 자주 방문하기 어려운 경우가 흔합니다. 임대·숙박업으로 운영 중이던 펜션은 사업자 정리와 등기 절차를 함께 안내받아야 할 수 있어 일반 주택 상속과는 확인할 항목이 다릅니다. 원본 서류 전달과 신청 순서를 미리 맞춰 방문 횟수를 줄이는 방법을 검토합니다. 다옴법무사사무소는 부산 해운대구에 있으며 속초에 별도 지점이 있는 것은 아닙니다. 속초는 별장·세컨드하우스나 펜션으로 사용하던 부동산을 상속받는 상담이 많고, 상속인 대부분이 수도권에 거주해 자주 방문하기 어려운 경우가 흔합니다. 임대·숙박업으로 운영 중이던 펜션은 사업자 정리와 등기 절차를 함께 안내받아야 할 수 있어 일반 주택 상속과는 확인할 항목이 다릅니다. 원본 서류 전달과 신청 순서를 미리 맞춰 방문 횟수를 줄이는 방법을 검토합니다. 다옴법무사사무소는 부산 해운대구에 있으며 속초에 별도 지점이 있는 것은 아닙니다. ",566,2,/업무사례/강원상속등기법무사::속초 비대면 상속등기 || /업무사례/동해삼척상속등기법무사::속초 비대면 상속등기,전국 상속등기 법무사>/업무사례/전국상속등기법무사 || 전국 비대면 법무사>/업무사례/전국비대면법무사 || 강원 상속등기 법무사>/업무사례/강원상속등기법무사 || 강릉 상속등기 법무사>/업무사례/강릉상속등기법무사 || 춘천 상속등기 법무사>/업무사례/춘천상속등기법무사 || 지역별 상속등기 법무사>/업무사례/지역별상속등기법무사 || 속초 상속등기 가능 여부 확인>/contact/inquiry?from=nationwide&region=%EA%B0%95%EC%9B%90+%EC%86%8D%EC%B4%88&field=inheritance-registration || 상담 안내>/contact || 부산에서 법무사 찾을 때 허브로 돌아가기>/부산법무사 || 해운대·센텀 법무사 상담>/해운대법무사 || 센텀 법인·부동산 등기>/센텀법무사 || 부산 여성 법무사 상담>/부산여성법무사,홈 > 업무 사례 > 지역별 상속등기 > 속초,yes,WebPage+FAQ,,SERP_UNVERIFIED,inheritance-supporting,case,"속초는별장·세컨드하우스나펜션으로사용하던부동산을상속받는상담이많고,상속인대부분이수도권에거주해자주방문하기어려운경우가흔합니다.임대·숙박업으로운영중이던펜"
/업무사례/광양상속등기법무사,generated,"index,follow",yes,/업무사례/광양상속등기법무사,광양 상속등기｜제철·공단 부동산과 여… | 다옴법무사사무소,광양 상속등기 법무사. 광양제철소 인근 공단 부지·상가 상속에서 여수·순천과 생활권이 겹쳐 지역을 혼동하는 경우가 있습니다. 광양 지점 없이 부산 해운대 사무소에서 관할 특례·비대면 상담부터 신청까지 진행합니다.,광양 상속등기｜제철·공단 부동산과 여… | 다옴법무사사무소,광양 상속등기 법무사. 광양제철소 인근 공단 부지·상가 상속에서 여수·순천과 생활권이 겹쳐 지역을 혼동하는 경우가 있습니다. 광양 지점 없이 부산 해운대 사무소에서 관할 특례·비대면 상담부터 신청까지 진행합니다.,"광양 제철·공단 부지 상속, 여수·순천과 무엇이 다른가요",광양 상속등기 가능 여부부터 확인하기 | 부산 해운대 사무소에 비대면으로 맡기는 이유 | 광양과 타지역 상속인의 거리 문제 | 필요서류 체크리스트 | 진행 상황 공유 방식 | 타지역 법무사를 고를 때 확인할 사항,"광양은 제철소·공단이 발달한 산업도시로, 공단 인근 상가·공장 부지 상속 문의가 아파트 상속만큼 많습니다. 여수·순천과 생활권이 가깝다 보니 부동산 소재지를 혼동해 검색하는 경우가 있어 상담 초기에 정확한 행정구역부터 확인합니다. 산업용 부동산은 임대차·근저당이 걸려 있는 경우가 흔해 등기부 확인이 먼저입니다. 상속인이 수도권 등 타지역에 거주해도 협의분할·위임을 한 사무소에서 정리할 수 있는지 검토합니다. 다옴법무사사무소는 부산 해운대구에 있으며 광양에 별도 지점이 있는 것은 아닙니다. 광양은 제철소·공단이 발달한 산업도시로, 공단 인근 상가·공장 부지 상속 문의가 아파트 상속만큼 많습니다. 여수·순천과 생활권이 가깝다 보니 부동산 소재지를 혼동해 검색하는 경우가 있어 상담 초기에 정확한 행정구역부터 확인합니다. 산업용 부동산은 임대차·근저당이 걸려 있는 경우가 흔해 등기부 확인이 먼저입니다. 상속인이 수도권 등 타지역에 거주해도 협의분할·위임을 한 사무소에서 정리할 수 있는지 검",569,3,/업무사례/전남상속등기법무사::광양 상속등기 법무사 || /업무사례/순천상속등기법무사::광양 상속등기 법무사 || /업무사례/여수상속등기법무사::광양 상속등기 법무사,전국 상속등기 법무사>/업무사례/전국상속등기법무사 || 여러 지역에 흩어진 상속부동산 등기>/업무사례/전국상속부동산일괄등기 || 전남 상속등기 법무사>/업무사례/전남상속등기법무사 || 여수 상속등기 법무사>/업무사례/여수상속등기법무사 || 순천 상속등기 법무사>/업무사례/순천상속등기법무사 || 지역별 상속등기 법무사>/업무사례/지역별상속등기법무사 || 광양 상속등기 가능 여부 확인>/contact/inquiry?from=nationwide&region=%EC%A0%84%EB%82%A8+%EA%B4%91%EC%96%91&field=inheritance-registration || 상담 안내>/contact || 부산에서 법무사 찾을 때 허브로 돌아가기>/부산법무사 || 해운대·센텀 법무사 상담>/해운대법무사 || 센텀 법인·부동산 등기>/센텀법무사 || 부산 여성 법무사 상담>/부산여성법무사,홈 > 업무 사례 > 지역별 상속등기 > 광양,yes,WebPage+FAQ,,SERP_UNVERIFIED,inheritance-supporting,case,"광양은제철소·공단이발달한산업도시로,공단인근상가·공장부지상속문의가아파트상속만큼많습니다.여수·순천과생활권이가깝다보니부동산소재지를혼동해검색하는경우가있"
/업무사례/군포상속등기법무사,generated,"index,follow",yes,/업무사례/군포상속등기법무사,군포 상속등기｜산본 대단지 아파트와 … | 다옴법무사사무소,군포 상속등기 법무사. 산본 대단지 아파트·다가구·상가가 함께 상속되면 건물 종류별로 확인할 서류가 다릅니다. 군포 지점 없이 부산 해운대 사무소에서 관할 특례·비대면 상담부터 신청까지 진행합니다.,군포 상속등기｜산본 대단지 아파트와 … | 다옴법무사사무소,군포 상속등기 법무사. 산본 대단지 아파트·다가구·상가가 함께 상속되면 건물 종류별로 확인할 서류가 다릅니다. 군포 지점 없이 부산 해운대 사무소에서 관할 특례·비대면 상담부터 신청까지 진행합니다.,"군포·산본 아파트와 다가구, 상속등기를 한 번에 정리하는 순서",군포 상속등기 가능 여부부터 확인하기 | 부산 해운대 사무소에 비대면으로 맡기는 이유 | 군포과 타지역 상속인의 거리 문제 | 필요서류 체크리스트 | 진행 상황 공유 방식 | 타지역 법무사를 고를 때 확인할 사항,"군포는 산본 신도시 대단지 아파트와 재건축·다가구·근린상가가 한 상속 사건 안에 섞이는 경우가 많습니다. 집합건물인 아파트는 등기부·대지권·관리비 정산 여부를 확인하고, 다가구·단독은 건축물대장과 실제 호실 표시가 일치하는지부터 맞춰 보는 것이 우선입니다. 산본역·금정 생활권에 거주하던 피상속인의 부동산을 서울·수원·부산에 흩어진 상속인이 물려받는 사례도 흔해, 협의분할·인감·위임장을 한곳에서 모을 수 있는지가 관건이 됩니다. 군포와 안양·의왕 경계에 가까운 지번이면 행정구역을 잘못 적어 등기소 관할을 혼동하기 쉬우므로 주소와 지번을 상담 초기에 확정합니다. 상가에 임차인이 남아 있거나 근저당이 말소되지 않은 상태라면 상속등기 전에 채권·계약 현황도 함께 적어 두는 편이 이후 매각·명의 이전 논의를 단순하게 만듭니다. 산본 대단지에서는 동일 단지 내 여러 호를 동시에 상속받는 경우도 있어 호실별로 등기부와 근저당 잔액을 나눠 적어 두면 협의분할 비율을 맞출 때 혼선이 줄어듭니다. 금",856,0,,전국 상속등기 법무사>/업무사례/전국상속등기법무사 || 전국 비대면 법무사>/업무사례/전국비대면법무사 || 경기 상속등기 법무사>/업무사례/경기상속등기법무사 || 안양 상속등기 법무사>/업무사례/안양상속등기법무사 || 수원 상속등기 법무사>/업무사례/수원상속등기법무사 || 지역별 상속등기 법무사>/업무사례/지역별상속등기법무사 || 군포 상속등기 가능 여부 확인>/contact/inquiry?from=nationwide&region=%EA%B2%BD%EA%B8%B0+%EA%B5%B0%ED%8F%AC&field=inheritance-registration || 상담 안내>/contact || 부산에서 법무사 찾을 때 허브로 돌아가기>/부산법무사 || 해운대·센텀 법무사 상담>/해운대법무사 || 센텀 법인·부동산 등기>/센텀법무사 || 부산 여성 법무사 상담>/부산여성법무사,홈 > 업무 사례 > 지역별 상속등기 > 군포,yes,WebPage+FAQ,,SERP_UNVERIFIED,inheritance-supporting,case,"군포는산본신도시대단지아파트와재건축·다가구·근린상가가한상속사건안에섞이는경우가많습니다.집합건물인아파트는등기부·대지권·관리비정산여부를확인하고,다가구·"
/업무사례/의왕과천상속등기법무사,generated,"index,follow",yes,/업무사례/의왕과천상속등기법무사,의왕·과천 상속등기｜인덕원 생활권 경… | 다옴법무사사무소,의왕·과천 상속등기 법무사. 인덕원·과천 아파트와 의왕 주택·임야가 함께 있으면 행정구역별로 관할이 달라질 수 있습니다. 해당 지역 지점 없이 부산 해운대 사무소에서 관할 특례·비대면으로 진행합니다.,의왕·과천 상속등기｜인덕원 생활권 경… | 다옴법무사사무소,의왕·과천 상속등기 법무사. 인덕원·과천 아파트와 의왕 주택·임야가 함께 있으면 행정구역별로 관할이 달라질 수 있습니다. 해당 지역 지점 없이 부산 해운대 사무소에서 관할 특례·비대면으로 진행합니다.,"의왕·과천·인덕원, 생활권은 한데인데 등기 관할은 다를까",의왕·과천 소재 부동산의 관할 특례 검토 | 의왕·과천 아파트·토지·상가가 섞인 경우 | 여러 지역 부동산을 함께 정리할 때 | 법무사 보수와 공과금 구분 | 원본서류 전달과 본인확인 | 상담 전 확인하면 좋은 항목,"의왕과 과천은 인덕원·평촌 생활권으로 묶여 검색되지만, 행정구역과 등기소 관할은 시마다 다릅니다. 과천 주공·재건축 아파트, 의왕 내손·포일 일대 주택, 인덕원 인근 다가구가 한 피상속인 명의로 남아 있으면 주소지별로 목록을 나눠 확인해야 합니다. 서울·성남·수원에 사는 상속인이 주말만 모이는 경우도 많아, 협의분할 초안과 위임·인감 절차를 원격으로 맞출 수 있는지부터 검토합니다. 과천은 아파트 비중이 높고 의왕은 주택·임야·공장 부지가 섞이는 편이라 부동산 종류에 따라 건축물대장·지목 확인 깊이가 달라집니다. 인덕원역 인근처럼 생활권 명칭과 행정구역이 어긋나는 주소는 우편번호·지번을 함께 받아 관할을 확정하는 것이 안전합니다. 임야나 나대지가 포함되면 측량·경계 분쟁 소지가 있는지도 초기에 메모해 두면 이후 분할·매각 논의가 수월합니다. 과천 재건축 단지는 이주·입주 시기에 따라 근저당·중도금 정산 상태가 달라질 수 있고, 의왕 공장 부지는 건축물과 대지를 분리해 목록화하는 편이 ",831,0,,전국 상속등기 법무사>/업무사례/전국상속등기법무사 || 전국 비대면 법무사>/업무사례/전국비대면법무사 || 경기 상속등기 법무사>/업무사례/경기상속등기법무사 || 안양 상속등기 법무사>/업무사례/안양상속등기법무사 || 수원 상속등기 법무사>/업무사례/수원상속등기법무사 || 지역별 상속등기 법무사>/업무사례/지역별상속등기법무사 || 의왕·과천 상속등기 가능 여부 확인>/contact/inquiry?from=nationwide&region=%EA%B2%BD%EA%B8%B0+%EC%9D%98%EC%99%95%C2%B7%EA%B3%BC%EC%B2%9C&field=inheritance-registration || 상담 안내>/contact || 부산에서 법무사 찾을 때 허브로 돌아가기>/부산법무사 || 해운대·센텀 법무사 상담>/해운대법무사 || 센텀 법인·부동산 등기>/센텀법무사 || 부산 여성 법무사 상담>/부산여성법무사,홈 > 업무 사례 > 지역별 상속등기 > 의왕·과천,yes,WebPage+FAQ,,SERP_UNVERIFIED,inheritance-supporting,case,"의왕과과천은인덕원·평촌생활권으로묶여검색되지만,행정구역과등기소관할은시마다다릅니다.과천주공·재건축아파트,의왕내손·포일일대주택,인덕원인근다가구가한피상"
/업무사례/오산안성상속등기법무사,generated,"index,follow",yes,/업무사례/오산안성상속등기법무사,오산·안성 상속등기｜신도시 아파트와 … | 다옴법무사사무소,오산·안성 상속등기 법무사. 오산 신축 아파트와 안성 농지·공장 부지가 함께 상속되면 지목·건물별로 서류가 달라집니다. 지점 없이 부산 해운대 사무소에서 관할 특례·비대면 상담을 진행합니다.,오산·안성 상속등기｜신도시 아파트와 … | 다옴법무사사무소,오산·안성 상속등기 법무사. 오산 신축 아파트와 안성 농지·공장 부지가 함께 상속되면 지목·건물별로 서류가 달라집니다. 지점 없이 부산 해운대 사무소에서 관할 특례·비대면 상담을 진행합니다.,"오산 아파트와 안성 농지, 한 상속으로 묶였다면 무엇부터",오산·안성 소재 부동산의 관할 특례 검토 | 오산·안성 아파트·토지·상가가 섞인 경우 | 여러 지역 부동산을 함께 정리할 때 | 법무사 보수와 공과금 구분 | 원본서류 전달과 본인확인 | 상담 전 확인하면 좋은 항목,"오산은 세교·원동 일대 신축·재건축 아파트 상속 문의가 많고, 안성은 농지·축사·소규모 공장·물류 부지가 함께 넘어오는 경우가 흔합니다. 두 시를 한 생활권처럼 묶어 검색해도 등기부와 지목이 전혀 다르므로, 아파트·전·답·대지를 목록으로 분리하는 일이 먼저입니다. 상속인이 평택·수원·서울·부산에 흩어져 있으면 현장 방문 없이 협의분할과 위임을 맞출 수 있는지가 핵심이 됩니다. 안성 농지는 여러 필지로 나뉜 채 오래 방치된 경우가 있어 면적·지번 누락을 초기에 잡아내야 하고, 오산 아파트는 근저당·임대차 잔존 여부를 등기부에서 확인합니다. 공장·창고가 포함되면 건축물대장 용도와 실제 사용이 다른지도 메모해 두면 이후 매각·임대 논의에 도움이 됩니다. 평택·화성 경계에 가까운 지번은 행정구역을 잘못 적기 쉬우므로 상담 시 정확한 소재지를 확정합니다. 오산 세교 신축은 입주 직후 상속이면 관리비·하자보수 정산 메모가 도움이 되고, 안성 공도·죽산 등 외곽 농지는 필지 수가 많아 면적 합계",806,0,,전국 상속등기 법무사>/업무사례/전국상속등기법무사 || 전국 비대면 법무사>/업무사례/전국비대면법무사 || 경기 상속등기 법무사>/업무사례/경기상속등기법무사 || 평택 상속등기 법무사>/업무사례/평택상속등기법무사 || 화성 상속등기 법무사>/업무사례/화성상속등기법무사 || 지역별 상속등기 법무사>/업무사례/지역별상속등기법무사 || 오산·안성 상속등기 가능 여부 확인>/contact/inquiry?from=nationwide&region=%EA%B2%BD%EA%B8%B0+%EC%98%A4%EC%82%B0%C2%B7%EC%95%88%EC%84%B1&field=inheritance-registration || 상담 안내>/contact || 부산에서 법무사 찾을 때 허브로 돌아가기>/부산법무사 || 해운대·센텀 법무사 상담>/해운대법무사 || 센텀 법인·부동산 등기>/센텀법무사 || 부산 여성 법무사 상담>/부산여성법무사,홈 > 업무 사례 > 지역별 상속등기 > 오산·안성,yes,WebPage+FAQ,,SERP_UNVERIFIED,inheritance-supporting,case,"오산은세교·원동일대신축·재건축아파트상속문의가많고,안성은농지·축사·소규모공장·물류부지가함께넘어오는경우가흔합니다.두시를한생활권처럼묶어검색해도등기부와"
/업무사례/여주양평상속등기법무사,generated,"index,follow",yes,/업무사례/여주양평상속등기법무사,여주·양평 상속등기｜전원주택·농지·임… | 다옴법무사사무소,여주·양평 상속등기 법무사. 전원주택과 농지·임야가 함께 상속되면 지목과 건축물 확인이 우선입니다. 여주·양평 지점 없이 부산 해운대 사무소에서 관할 특례·비대면으로 진행합니다.,여주·양평 상속등기｜전원주택·농지·임… | 다옴법무사사무소,여주·양평 상속등기 법무사. 전원주택과 농지·임야가 함께 상속되면 지목과 건축물 확인이 우선입니다. 여주·양평 지점 없이 부산 해운대 사무소에서 관할 특례·비대면으로 진행합니다.,"여주·양평 전원주택과 농지, 원격 상속인이 정리하는 법",여주·양평 상속등기 가능 여부부터 확인하기 | 부산 해운대 사무소에 비대면으로 맡기는 이유 | 여주·양평과 타지역 상속인의 거리 문제 | 필요서류 체크리스트 | 진행 상황 공유 방식 | 타지역 법무사를 고를 때 확인할 사항,"여주와 양평은 수도권 외곽 전원·농업·임야 상속이 많은 권역입니다. 한강·남한강 인근 전원주택, 여주 쌀·시설원예 농지, 양평 임야·별장이 한 사건으로 묶이면 건물과 토지를 분리해 등기부를 확인해야 합니다. 상속인은 서울·인천·지방 도시에 거주하고 부동산만 여주·양평에 남는 패턴이 흔해, 현장 법무사 방문보다 비대면 서류 정리 가능 여부가 먼저 질문됩니다. 오래전 증여·명의 변경이 섞인 필지는 지적과 등기 표시가 어긋날 수 있어 상담 초기에 지번 목록을 받습니다. 전원주택에 별도 창고·조립식 건물이 붙어 있으면 건축물대장 등재 여부도 함께 점검합니다. 임야는 공유지분·미등기 부분이 없는지 확인하고, 농지는 실제 경작 여부와 관계없이 등기 표시를 기준으로 목록을 만듭니다. 양평 서종·강상, 여주 가남·흥천처럼 읍면 단위로 필지가 흩어지면 주소록을 읍면별로 나눠 작성하는 것이 관할 확인에 유리합니다. 전원주택 부속 창고·태양광 시설이 있으면 등기 대상인지 초기에 구분해 둡니다. 여주와 ",853,0,,전국 상속등기 법무사>/업무사례/전국상속등기법무사 || 전국 비대면 법무사>/업무사례/전국비대면법무사 || 경기 상속등기 법무사>/업무사례/경기상속등기법무사 || 이천 상속등기 법무사>/업무사례/이천상속등기법무사 || 경기 광주 상속등기 법무사>/업무사례/경기광주상속등기법무사 || 지역별 상속등기 법무사>/업무사례/지역별상속등기법무사 || 여주·양평 상속등기 가능 여부 확인>/contact/inquiry?from=nationwide&region=%EA%B2%BD%EA%B8%B0+%EC%97%AC%EC%A3%BC%C2%B7%EC%96%91%ED%8F%89&field=inheritance-registration || 상담 안내>/contact || 부산에서 법무사 찾을 때 허브로 돌아가기>/부산법무사 || 해운대·센텀 법무사 상담>/해운대법무사 || 센텀 법인·부동산 등기>/센텀법무사 || 부산 여성 법무사 상담>/부산여성법무사,홈 > 업무 사례 > 지역별 상속등기 > 여주·양평,yes,WebPage+FAQ,,SERP_UNVERIFIED,inheritance-supporting,case,"여주와양평은수도권외곽전원·농업·임야상속이많은권역입니다.한강·남한강인근전원주택,여주쌀·시설원예농지,양평임야·별장이한사건으로묶이면건물과토지를분리해등"
/업무사례/포천동두천상속등기법무사,generated,"index,follow",yes,/업무사례/포천동두천상속등기법무사,포천·동두천 상속등기｜북부 농지와 소… | 다옴법무사사무소,포천·동두천 상속등기 법무사. 포천 농지·임야와 동두천 소형 아파트·다가구가 함께 상속되면 종류별 확인이 필요합니다. 지점 없이 부산 해운대 사무소에서 관할 특례·비대면으로 진행합니다.,포천·동두천 상속등기｜북부 농지와 소… | 다옴법무사사무소,포천·동두천 상속등기 법무사. 포천 농지·임야와 동두천 소형 아파트·다가구가 함께 상속되면 종류별 확인이 필요합니다. 지점 없이 부산 해운대 사무소에서 관할 특례·비대면으로 진행합니다.,"포천 농지와 동두천 주택, 북부 경기 상속등기 정리 순서",포천·동두천 소재 부동산의 관할 특례 검토 | 포천·동두천 아파트·토지·상가가 섞인 경우 | 여러 지역 부동산을 함께 정리할 때 | 법무사 보수와 공과금 구분 | 원본서류 전달과 본인확인 | 상담 전 확인하면 좋은 항목,"포천은 농지·임야·펜션·공장형 창고가 섞인 상속이 많고, 동두천은 소형 아파트·다가구·군 관련 이사가 잦은 주택 상속 문의가 이어집니다. 두 시를 묶어도 실제로는 시·읍·면 단위로 관할과 지목이 갈리므로 주소 목록을 처음부터 시별로 나눕니다. 상속인이 의정부·서울·지방에 흩어져 있고 부동산만 포천·동두천에 남은 경우, 협의분할과 위임을 원격으로 맞출 수 있는지 검토합니다. 포천 농지는 여러 필지·지목 혼재가 흔하고, 동두천 주택은 오래된 등기와 건축물대장 불일치가 있을 수 있어 각각 확인 깊이가 다릅니다. 펜션·창고가 포함되면 영업용 건물인지 일반주택인지에 따라 확인할 서류가 달라지므로 용도를 초기에 적어 둡니다. 양주·연천과 가까운 지번은 행정구역을 혼동하기 쉬워 우편번호와 지번을 함께 확인합니다. 포천 소흘·일동, 동두천 생연·상패처럼 생활권 명칭만으로 지번을 기억하면 시·읍면이 어긋날 수 있습니다. 공장형 창고와 주택이 한 필지에 섞인 경우 건축물대장 용도를 먼저 확인합니다. ",831,0,,전국 상속등기 법무사>/업무사례/전국상속등기법무사 || 전국 비대면 법무사>/업무사례/전국비대면법무사 || 경기 상속등기 법무사>/업무사례/경기상속등기법무사 || 의정부 상속등기 법무사>/업무사례/의정부상속등기법무사 || 양주 상속등기 법무사>/업무사례/양주상속등기법무사 || 지역별 상속등기 법무사>/업무사례/지역별상속등기법무사 || 포천·동두천 상속등기 가능 여부 확인>/contact/inquiry?from=nationwide&region=%EA%B2%BD%EA%B8%B0+%ED%8F%AC%EC%B2%9C%C2%B7%EB%8F%99%EB%91%90%EC%B2%9C&field=inheritance-registration || 상담 안내>/contact || 부산에서 법무사 찾을 때 허브로 돌아가기>/부산법무사 || 해운대·센텀 법무사 상담>/해운대법무사 || 센텀 법인·부동산 등기>/센텀법무사 || 부산 여성 법무사 상담>/부산여성법무사,홈 > 업무 사례 > 지역별 상속등기 > 포천·동두천,yes,WebPage+FAQ,,SERP_UNVERIFIED,inheritance-supporting,case,"포천은농지·임야·펜션·공장형창고가섞인상속이많고,동두천은소형아파트·다가구·군관련이사가잦은주택상속문의가이어집니다.두시를묶어도실제로는시·읍·면단위로관"
/업무사례/가평상속등기법무사,generated,"index,follow",yes,/업무사례/가평상속등기법무사,가평 상속등기｜펜션·임야·전원주택을 … | 다옴법무사사무소,가평 상속등기 법무사. 펜션·임야·전원주택이 함께 상속되면 건물·지목별로 확인이 달라집니다. 가평 지점 없이 부산 해운대 사무소에서 관할 특례·비대면 상담부터 신청까지 진행합니다.,가평 상속등기｜펜션·임야·전원주택을 … | 다옴법무사사무소,가평 상속등기 법무사. 펜션·임야·전원주택이 함께 상속되면 건물·지목별로 확인이 달라집니다. 가평 지점 없이 부산 해운대 사무소에서 관할 특례·비대면 상담부터 신청까지 진행합니다.,"가평 펜션과 임야 상속, 타지역 상속인이 확인할 서류",가평 소재 부동산의 관할 특례 검토 | 가평 아파트·토지·상가가 섞인 경우 | 여러 지역 부동산을 함께 정리할 때 | 법무사 보수와 공과금 구분 | 원본서류 전달과 본인확인 | 상담 전 확인하면 좋은 항목,"가평은 관광·휴양 성격의 펜션·모텔형 건물과 임야·전원주택이 한 상속으로 들어오는 경우가 많습니다. 영업용 건물은 건축물대장·용도·근저당을, 임야는 지번·면적·공유지분 여부를 나눠 확인하는 것이 우선입니다. 상속인은 서울·수도권·지방에 거주하고 주말만 가평에 오던 피상속인의 부동산을 물려받는 패턴이 많아, 현장 방문 없이 협의분할과 위임을 진행할 수 있는지가 관건입니다. 계곡·하천 인근 토지는 경계·지적이 복잡할 수 있어 상담 시 지적도와 등기부를 대조합니다. 청평·자라섬·설악 등 생활권 명칭으로만 주소를 기억하고 있으면 행정구역·지번이 어긋날 수 있으므로 정확한 소재지를 먼저 확정합니다. 펜션에 영업 보증금·임차 계약이 남아 있으면 상속등기와 별도로 계약 승계 여부를 적어 두는 편이 좋습니다. 가평 북면·상면 임야는 공유지분·미등기 부분이 없는지 확인하고, 청평 호수 인근 전원주택은 경계 측량 이력이 있는지도 메모합니다. 영업용 펜션은 보증금·예약 현황을 상속등기와 별도로 정리합니",817,0,,전국 상속등기 법무사>/업무사례/전국상속등기법무사 || 전국 비대면 법무사>/업무사례/전국비대면법무사 || 경기 상속등기 법무사>/업무사례/경기상속등기법무사 || 남양주 상속등기 법무사>/업무사례/남양주상속등기법무사 || 춘천 상속등기 법무사>/업무사례/춘천상속등기법무사 || 지역별 상속등기 법무사>/업무사례/지역별상속등기법무사 || 가평 상속등기 가능 여부 확인>/contact/inquiry?from=nationwide&region=%EA%B2%BD%EA%B8%B0+%EA%B0%80%ED%8F%89&field=inheritance-registration || 상담 안내>/contact || 부산에서 법무사 찾을 때 허브로 돌아가기>/부산법무사 || 해운대·센텀 법무사 상담>/해운대법무사 || 센텀 법인·부동산 등기>/센텀법무사 || 부산 여성 법무사 상담>/부산여성법무사,홈 > 업무 사례 > 지역별 상속등기 > 가평,yes,WebPage+FAQ,,SERP_UNVERIFIED,inheritance-supporting,case,"가평은관광·휴양성격의펜션·모텔형건물과임야·전원주택이한상속으로들어오는경우가많습니다.영업용건물은건축물대장·용도·근저당을,임야는지번·면적·공유지분여부"
/업무사례/서산보령상속등기법무사,generated,"index,follow",yes,/업무사례/서산보령상속등기법무사,서산·보령 상속등기｜서해안 아파트·상… | 다옴법무사사무소,서산·보령 상속등기 법무사. 서산 아파트·공장과 보령 상가·해안 토지가 함께 상속되면 종류별 확인이 필요합니다. 지점 없이 부산 해운대 사무소에서 관할 특례·비대면으로 진행합니다.,서산·보령 상속등기｜서해안 아파트·상… | 다옴법무사사무소,서산·보령 상속등기 법무사. 서산 아파트·공장과 보령 상가·해안 토지가 함께 상속되면 종류별 확인이 필요합니다. 지점 없이 부산 해운대 사무소에서 관할 특례·비대면으로 진행합니다.,"서산·보령 서해안 부동산 상속, 원격으로 서류 맞추는 법",서산·보령 소재 부동산의 관할 특례 검토 | 서산·보령 아파트·토지·상가가 섞인 경우 | 여러 지역 부동산을 함께 정리할 때 | 법무사 보수와 공과금 구분 | 원본서류 전달과 본인확인 | 상담 전 확인하면 좋은 항목,"서산과 보령은 충남 서해안 생활권으로 묶이지만 등기 관할과 부동산 유형은 시마다 다릅니다. 서산은 아파트·산업단지 인근 공장·창고, 보령은 대천 상가·펜션·해안 토지·농지가 상속으로 넘어오는 비중이 높습니다. 상속인이 천안·대전·서울·부산에 흩어져 있으면 현지 방문보다 비대면으로 협의분할·위임을 맞출 수 있는지가 먼저입니다. 공장·상가는 임대차·근저당을, 농지·해안 토지는 지목·면적을 나눠 목록화합니다. 대산·성연·대천 등 생활권 명칭만으로 주소를 기억하면 지번이 어긋날 수 있어 상담 초기에 정확한 소재지를 확정합니다. 해안·간척지 성격의 토지는 지적과 등기 표시가 복잡할 수 있으므로 지적도 대조를 권합니다. 서산 대산 산업단지 인근과 보령 대천항 생활권은 부동산 성격이 달라 시별로 목록을 분리합니다. 해안 토지는 지적 정리 여부를 초기에 확인하고, 아파트는 관리비·근저당을 등기부에서 점검합니다. 서산·보령을 묶은 상속이라도 시별로 등기부를 따로 받고, 공장·상가·농지·해안 토지를 ",801,0,,전국 상속등기 법무사>/업무사례/전국상속등기법무사 || 전국 비대면 법무사>/업무사례/전국비대면법무사 || 충남 상속등기 법무사>/업무사례/충남상속등기법무사 || 당진 상속등기 법무사>/업무사례/당진상속등기법무사 || 천안 상속등기 법무사>/업무사례/천안상속등기법무사 || 지역별 상속등기 법무사>/업무사례/지역별상속등기법무사 || 서산·보령 상속등기 가능 여부 확인>/contact/inquiry?from=nationwide&region=%EC%B6%A9%EB%82%A8+%EC%84%9C%EC%82%B0%C2%B7%EB%B3%B4%EB%A0%B9&field=inheritance-registration || 상담 안내>/contact || 부산에서 법무사 찾을 때 허브로 돌아가기>/부산법무사 || 해운대·센텀 법무사 상담>/해운대법무사 || 센텀 법인·부동산 등기>/센텀법무사 || 부산 여성 법무사 상담>/부산여성법무사,홈 > 업무 사례 > 지역별 상속등기 > 서산·보령,yes,WebPage+FAQ,,SERP_UNVERIFIED,inheritance-supporting,case,"서산과보령은충남서해안생활권으로묶이지만등기관할과부동산유형은시마다다릅니다.서산은아파트·산업단지인근공장·창고,보령은대천상가·펜션·해안토지·농지가상속으"
/업무사례/공주상속등기법무사,generated,"index,follow",yes,/업무사례/공주상속등기법무사,공주 상속등기｜구도심 주택과 외곽 농… | 다옴법무사사무소,공주 상속등기 법무사. 구도심 주택·상가와 외곽 농지·임야가 함께 상속되면 건물·지목별로 확인이 달라집니다. 공주 지점 없이 부산 해운대 사무소에서 관할 특례·비대면으로 진행합니다.,공주 상속등기｜구도심 주택과 외곽 농… | 다옴법무사사무소,공주 상속등기 법무사. 구도심 주택·상가와 외곽 농지·임야가 함께 상속되면 건물·지목별로 확인이 달라집니다. 공주 지점 없이 부산 해운대 사무소에서 관할 특례·비대면으로 진행합니다.,"공주 구도심 주택과 외곽 농지, 상속등기 서류가 다른 이유",공주 부동산 목록부터 맞추는 방법 | 관할 특례와 법정 관할의 차이 | 일반적인 상담 유형 | 해외 거주 상속인이 있는 경우 | 비용 안내 방식 | 관련 지역·업무로 이어가기,"공주는 구도심 단독·다가구·근린상가와 시외곽 농지·임야가 한 상속 사건으로 묶이는 경우가 많습니다. 오래된 주택은 등기부와 건축물대장 표시가 다를 수 있고, 농지는 여러 필지로 흩어져 면적 누락이 생기기 쉬워 목록 작성이 먼저입니다. 상속인이 세종·대전·서울·부산에 거주하며 공주에만 부동산이 남은 패턴이 흔해, 비대면으로 협의분할·인감·위임을 진행할 수 있는지 검토합니다. 신관·금학 일대 아파트와 구도심 주택을 함께 물려받은 경우에도 집합건물과 일반건물을 구분해 확인합니다. 역사·문화재 인근 토지나 오래전 분할된 필지는 지적과 등기 표시를 초기에 대조하는 편이 안전합니다. 상가에 임차인이 있으면 보증금·계약 기간을 메모해 두면 이후 명의 이전 논의가 단순해집니다. 공주 웅진·탄천 외곽 농지와 신관 아파트가 함께이면 집합건물과 농지를 완전히 분리해 확인합니다. 구도심 상가는 임차인 보증금 목록을 협의분할 전에 적어 두면 분쟁 소지를 줄일 수 있습니다. 공주 소재 부동산만 상속받고 상속",829,0,,전국 상속등기 법무사>/업무사례/전국상속등기법무사 || 전국 비대면 법무사>/업무사례/전국비대면법무사 || 충남 상속등기 법무사>/업무사례/충남상속등기법무사 || 천안 상속등기 법무사>/업무사례/천안상속등기법무사 || 아산 상속등기 법무사>/업무사례/아산상속등기법무사 || 지역별 상속등기 법무사>/업무사례/지역별상속등기법무사 || 공주 상속등기 가능 여부 확인>/contact/inquiry?from=nationwide&region=%EC%B6%A9%EB%82%A8+%EA%B3%B5%EC%A3%BC&field=inheritance-registration || 상담 안내>/contact || 부산에서 법무사 찾을 때 허브로 돌아가기>/부산법무사 || 해운대·센텀 법무사 상담>/해운대법무사 || 센텀 법인·부동산 등기>/센텀법무사 || 부산 여성 법무사 상담>/부산여성법무사,홈 > 업무 사례 > 지역별 상속등기 > 공주,yes,WebPage+FAQ,,SERP_UNVERIFIED,inheritance-supporting,case,"공주는구도심단독·다가구·근린상가와시외곽농지·임야가한상속사건으로묶이는경우가많습니다.오래된주택은등기부와건축물대장표시가다를수있고,농지는여러필지로흩어져"
/업무사례/나주정읍상속등기법무사,generated,"index,follow",yes,/업무사례/나주정읍상속등기법무사,나주·정읍 상속등기｜혁신도시 아파트와… | 다옴법무사사무소,나주·정읍 상속등기 법무사. 나주 혁신도시 아파트와 정읍 농지·주택이 함께 상속되면 지역·종류별 확인이 필요합니다. 지점 없이 부산 해운대 사무소에서 관할 특례·비대면으로 진행합니다.,나주·정읍 상속등기｜혁신도시 아파트와… | 다옴법무사사무소,나주·정읍 상속등기 법무사. 나주 혁신도시 아파트와 정읍 농지·주택이 함께 상속되면 지역·종류별 확인이 필요합니다. 지점 없이 부산 해운대 사무소에서 관할 특례·비대면으로 진행합니다.,"나주·정읍 호남 부동산 상속, 원격 상속인이 맞출 서류",나주·정읍 상속등기 가능 여부부터 확인하기 | 부산 해운대 사무소에 비대면으로 맡기는 이유 | 나주·정읍과 타지역 상속인의 거리 문제 | 필요서류 체크리스트 | 진행 상황 공유 방식 | 타지역 법무사를 고를 때 확인할 사항,"나주와 정읍은 전남·전북에 걸쳐 호남 생활권으로 검색되지만, 행정구역과 등기 관할은 시마다 다릅니다. 나주 혁신도시·빛가람 아파트와 구도심 주택, 정읍 농지·과수원·소형 상가가 한 피상속인 명의로 남아 있으면 시·부동산 종류별로 목록을 나눕니다. 상속인이 광주·전주·서울·부산에 흩어져 있는 경우가 많아 현장 방문 없이 협의분할과 위임을 맞출 수 있는지가 핵심입니다. 정읍 농지는 필지 수가 많고 나주 아파트는 근저당·관리비 여부를 등기부에서 확인합니다. 전남과 전북을 넘는 상속이라도 주소지별로 관할을 따로 적어 두면 서류 누락을 줄일 수 있습니다. 과수원·축사 부지가 포함되면 지목과 실제 사용을 메모해 이후 매각·임대 논의에 활용합니다. 나주 빛가람과 정읍 내장·신태인처럼 생활권이 멀면 주소록을 시·읍면별로 나눕니다. 전남·전북을 넘는 상속이라도 각 부동산의 관할을 따로 적어 서류 누락을 막습니다. 나주 아파트와 정읍 농지를 한 상속으로 묶을 때는 호남 생활권으로만 보지 말고 시·지목",810,0,,전국 상속등기 법무사>/업무사례/전국상속등기법무사 || 전국 비대면 법무사>/업무사례/전국비대면법무사 || 전남 상속등기 법무사>/업무사례/전남상속등기법무사 || 전북 상속등기 법무사>/업무사례/전북상속등기법무사 || 순천 상속등기 법무사>/업무사례/순천상속등기법무사 || 지역별 상속등기 법무사>/업무사례/지역별상속등기법무사 || 나주·정읍 상속등기 가능 여부 확인>/contact/inquiry?from=nationwide&region=%EC%A0%84%EB%9D%BC+%EB%82%98%EC%A3%BC%C2%B7%EC%A0%95%EC%9D%8D&field=inheritance-registration || 상담 안내>/contact || 부산에서 법무사 찾을 때 허브로 돌아가기>/부산법무사 || 해운대·센텀 법무사 상담>/해운대법무사 || 센텀 법인·부동산 등기>/센텀법무사 || 부산 여성 법무사 상담>/부산여성법무사,홈 > 업무 사례 > 지역별 상속등기 > 나주·정읍,yes,WebPage+FAQ,,SERP_UNVERIFIED,inheritance-supporting,case,"나주와정읍은전남·전북에걸쳐호남생활권으로검색되지만,행정구역과등기관할은시마다다릅니다.나주혁신도시·빛가람아파트와구도심주택,정읍농지·과수원·소형상가가한"
/업무사례/남원상속등기법무사,generated,"index,follow",yes,/업무사례/남원상속등기법무사,남원 상속등기｜시내 주택과 지리산 인… | 다옴법무사사무소,남원 상속등기 법무사. 시내 주택·상가와 지리산 인근 농지·임야가 함께 상속되면 종류별 확인이 필요합니다. 남원 지점 없이 부산 해운대 사무소에서 관할 특례·비대면으로 진행합니다.,남원 상속등기｜시내 주택과 지리산 인… | 다옴법무사사무소,남원 상속등기 법무사. 시내 주택·상가와 지리산 인근 농지·임야가 함께 상속되면 종류별 확인이 필요합니다. 남원 지점 없이 부산 해운대 사무소에서 관할 특례·비대면으로 진행합니다.,"남원 시내 주택과 외곽 농지, 타지역 상속등기 진행 순서",남원 상속등기 가능 여부부터 확인하기 | 부산 해운대 사무소에 비대면으로 맡기는 이유 | 남원과 타지역 상속인의 거리 문제 | 필요서류 체크리스트 | 진행 상황 공유 방식 | 타지역 법무사를 고를 때 확인할 사항,"남원은 시내 단독·다가구·근린상가와 지리산·운봉 인근 농지·임야·펜션형 건물이 한 상속으로 들어오는 경우가 많습니다. 관광·주거·농업이 섞인 부동산은 용도와 지목을 구분해 등기부를 확인해야 하며, 오래된 주택은 건축물대장과 표시가 어긋날 수 있습니다. 상속인이 전주·광주·서울·부산에 거주하고 남원에만 부동산이 남은 패턴이 흔해, 비대면으로 협의분할·위임을 진행할 수 있는지부터 검토합니다. 여러 필지 농지는 면적·지번 누락을 초기에 잡고, 상가는 임대차·근저당 잔존 여부를 확인합니다. 운봉·인월·산내면 등 생활권 명칭만으로 주소를 기억하면 행정구역이 헷갈릴 수 있어 지번과 우편번호를 함께 받습니다. 펜션·민박형 건물은 영업용인지 일반주택인지에 따라 확인 서류가 달라지므로 용도를 메모합니다. 남원 도통·향교 시내와 운봉·아영 외곽을 한 사건으로 묶을 때는 생활권별로 부동산 종류를 표시합니다. 지리산 인근 임야는 경계·공유지분을 초기에 확인하고 펜션은 영업용 여부를 구분해 둡니다. 남원만",784,0,,전국 상속등기 법무사>/업무사례/전국상속등기법무사 || 전국 비대면 법무사>/업무사례/전국비대면법무사 || 전북 상속등기 법무사>/업무사례/전북상속등기법무사 || 전주 상속등기 법무사>/업무사례/전주상속등기법무사 || 지역별 상속등기 법무사>/업무사례/지역별상속등기법무사 || 남원 상속등기 가능 여부 확인>/contact/inquiry?from=nationwide&region=%EC%A0%84%EB%B6%81+%EB%82%A8%EC%9B%90&field=inheritance-registration || 상담 안내>/contact || 부산에서 법무사 찾을 때 허브로 돌아가기>/부산법무사 || 해운대·센텀 법무사 상담>/해운대법무사 || 센텀 법인·부동산 등기>/센텀법무사 || 부산 여성 법무사 상담>/부산여성법무사 || 부산 상속등기 절차>/부산상속등기,홈 > 업무 사례 > 지역별 상속등기 > 남원,yes,WebPage+FAQ,,SERP_UNVERIFIED,inheritance-supporting,case,남원은시내단독·다가구·근린상가와지리산·운봉인근농지·임야·펜션형건물이한상속으로들어오는경우가많습니다.관광·주거·농업이섞인부동산은용도와지목을구분해등기
/업무사례/동해삼척상속등기법무사,generated,"index,follow",yes,/업무사례/동해삼척상속등기법무사,동해·삼척 상속등기｜동해안 아파트·주… | 다옴법무사사무소,동해·삼척 상속등기 법무사. 동해 아파트·상가와 삼척 주택·해안 토지가 함께 상속되면 종류별 확인이 필요합니다. 지점 없이 부산 해운대 사무소에서 관할 특례·비대면으로 진행합니다.,동해·삼척 상속등기｜동해안 아파트·주… | 다옴법무사사무소,동해·삼척 상속등기 법무사. 동해 아파트·상가와 삼척 주택·해안 토지가 함께 상속되면 종류별 확인이 필요합니다. 지점 없이 부산 해운대 사무소에서 관할 특례·비대면으로 진행합니다.,"동해·삼척 동해안 부동산 상속, 원격으로 정리하는 순서",동해·삼척 상속등기 가능 여부부터 확인하기 | 부산 해운대 사무소에 비대면으로 맡기는 이유 | 동해·삼척과 타지역 상속인의 거리 문제 | 필요서류 체크리스트 | 진행 상황 공유 방식 | 타지역 법무사를 고를 때 확인할 사항,"동해와 삼척은 강원 동해안 생활권으로 묶이지만 등기 관할은 시마다 다릅니다. 동해 아파트·상가·항만 인근 토지, 삼척 주택·펜션·해안·산지 토지가 한 상속으로 들어오면 주소와 지목을 시별로 나눠 확인합니다. 상속인이 강릉·원주·서울·부산에 흩어져 있고 부동산만 동해·삼척에 남은 경우가 많아 비대면 협의분할·위임 가능 여부가 먼저 질문됩니다. 해안·산지 토지는 지적과 등기 표시가 복잡할 수 있어 상담 초기에 지번 목록을 받습니다. 묵호·북평·근덕 등 생활권 명칭만으로 주소를 기억하면 행정구역이 어긋날 수 있으므로 우편번호와 지번을 함께 확정합니다. 상가·펜션에 임차·영업 계약이 남아 있으면 상속등기와 별도로 계약 현황을 메모해 둡니다. 동해 천곡·부곡, 삼척 교동·근덕처럼 생활권이 다르면 시별로 등기부를 나눠 받습니다. 항만·해안 토지는 지적과 등기 표시를 대조하고, 아파트·상가는 근저당·임대차를 함께 점검합니다. 동해·삼척 동해안 상속은 강릉·속초와 혼동하기 쉬우므로 시명을 분명히 ",799,0,,전국 상속등기 법무사>/업무사례/전국상속등기법무사 || 전국 비대면 법무사>/업무사례/전국비대면법무사 || 강원 상속등기 법무사>/업무사례/강원상속등기법무사 || 강릉 상속등기 법무사>/업무사례/강릉상속등기법무사 || 속초 비대면 상속등기>/업무사례/속초상속등기법무사 || 지역별 상속등기 법무사>/업무사례/지역별상속등기법무사 || 동해·삼척 상속등기 가능 여부 확인>/contact/inquiry?from=nationwide&region=%EA%B0%95%EC%9B%90+%EB%8F%99%ED%95%B4%C2%B7%EC%82%BC%EC%B2%99&field=inheritance-registration || 상담 안내>/contact || 부산에서 법무사 찾을 때 허브로 돌아가기>/부산법무사 || 해운대·센텀 법무사 상담>/해운대법무사 || 센텀 법인·부동산 등기>/센텀법무사 || 부산 여성 법무사 상담>/부산여성법무사,홈 > 업무 사례 > 지역별 상속등기 > 동해·삼척,yes,WebPage+FAQ,,SERP_UNVERIFIED,inheritance-supporting,case,"동해와삼척은강원동해안생활권으로묶이지만등기관할은시마다다릅니다.동해아파트·상가·항만인근토지,삼척주택·펜션·해안·산지토지가한상속으로들어오면주소와지목을"
/업무사례/홍천상속등기법무사,generated,"index,follow",yes,/업무사례/홍천상속등기법무사,홍천 상속등기｜농지·임야·전원주택을 … | 다옴법무사사무소,홍천 상속등기 법무사. 농지·임야·전원주택이 함께 상속되면 지목·건물별로 확인이 달라집니다. 홍천 지점 없이 부산 해운대 사무소에서 관할 특례·비대면 상담부터 신청까지 진행합니다.,홍천 상속등기｜농지·임야·전원주택을 … | 다옴법무사사무소,홍천 상속등기 법무사. 농지·임야·전원주택이 함께 상속되면 지목·건물별로 확인이 달라집니다. 홍천 지점 없이 부산 해운대 사무소에서 관할 특례·비대면 상담부터 신청까지 진행합니다.,"홍천 농지와 임야 상속, 타지역에서 서류를 맞추는 법",홍천 부동산 목록부터 맞추는 방법 | 관할 특례와 법정 관할의 차이 | 일반적인 상담 유형 | 해외 거주 상속인이 있는 경우 | 비용 안내 방식 | 관련 지역·업무로 이어가기,"홍천은 군 단위 농지·임야·전원주택·펜션형 건물이 상속으로 넘어오는 비중이 높은 지역입니다. 여러 읍·면의 필지가 한 명의로 흩어져 있으면 지번·면적·공유지분부터 목록화해야 하고, 전원주택은 건축물대장과 등기 표시를 대조합니다. 상속인은 춘천·원주·서울·부산에 거주하며 명절에만 홍천을 찾던 경우가 많아, 현장 법무사 방문 없이 협의분할과 위임을 진행할 수 있는지가 관건입니다. 임야와 농지가 섞이면 지목별로 확인 깊이가 달라지므로 상담 초기에 부동산 종류를 나눕니다. 홍천읍·화촌·내면 등 생활권 명칭만으로 주소를 기억하면 행정구역이 헷갈릴 수 있어 지번과 우편번호를 함께 받습니다. 펜션·민박형 건물은 영업용 여부를 메모해 두면 이후 매각·임대 논의가 수월합니다. 홍천 홍천읍과 내면·서면 필지가 섞이면 읍면별로 목록을 작성합니다. 농지·임야·전원주택을 한 협의분할에 넣기 전에 종류별 가액을 대략이라도 구분해 두면 원격 상속인 간 합의가 수월합니다. 홍천 농촌형 상속은 필지 수가 많아 목",820,0,,전국 상속등기 법무사>/업무사례/전국상속등기법무사 || 전국 비대면 법무사>/업무사례/전국비대면법무사 || 강원 상속등기 법무사>/업무사례/강원상속등기법무사 || 춘천 상속등기 법무사>/업무사례/춘천상속등기법무사 || 원주 상속등기 법무사>/업무사례/원주상속등기법무사 || 지역별 상속등기 법무사>/업무사례/지역별상속등기법무사 || 홍천 상속등기 가능 여부 확인>/contact/inquiry?from=nationwide&region=%EA%B0%95%EC%9B%90+%ED%99%8D%EC%B2%9C&field=inheritance-registration || 상담 안내>/contact || 부산에서 법무사 찾을 때 허브로 돌아가기>/부산법무사 || 해운대·센텀 법무사 상담>/해운대법무사 || 센텀 법인·부동산 등기>/센텀법무사 || 부산 여성 법무사 상담>/부산여성법무사,홈 > 업무 사례 > 지역별 상속등기 > 홍천,yes,WebPage+FAQ,,SERP_UNVERIFIED,inheritance-supporting,case,홍천은군단위농지·임야·전원주택·펜션형건물이상속으로넘어오는비중이높은지역입니다.여러읍·면의필지가한명의로흩어져있으면지번·면적·공유지분부터목록화해야하고
/업무사례/장유상속등기법무사,generated,"index,follow",yes,/업무사례/장유상속등기법무사,장유 상속등기 법무사｜아파트·상가 비대면 상담 | 다옴법무사사무소,김해 장유 아파트·상가 상속등기. 부산 해운대 사무소에서 관할 특례·비대면 진행. 김해 지점 없음. 해운대·센텀 다옴법무사사무소에서 전화·카카오톡·방문(예약) 상담이 가능합니다.,장유 상속등기 법무사｜아파트·상가 비대면 상담 | 다옴법무사사무소,김해 장유 아파트·상가 상속등기. 부산 해운대 사무소에서 관할 특례·비대면 진행. 김해 지점 없음. 해운대·센텀 다옴법무사사무소에서 전화·카카오톡·방문(예약) 상담이 가능합니다.,김해 장유 아파트·상가 상속등기를 어디에 맡길까,장유 사건을 한 사무소에서 검토하는 방법 | 안윤정 법무사가 직접 확인하는 범위 | 원본서류가 필요한 단계 | 여러 필지·여러 지역이 섞인 경우 | 협의분할과 법정지분 | 취득세·국민주택채권·수수료 | 일반적인 상담 유형 | 상담 전 준비하면 좋은 정보,"김해 장유 생활권 아파트·상가 상속등기를 검색하셔도 현지 법무사만 선택할 필요는 없습니다. 다옴법무사사무소는 부산 해운대구에 있으며 김해·장유에 별도 지점이 없습니다. 장유 신축·구축 아파트와 상가 임대차가 섞인 경우도 서류 목록부터 정리합니다. 부산과 가까워 방문 상담이 편하시면 해운대로 오실 수 있고, 상속인이 멀리 있으면 사진·우편으로 비대면 진행 여부를 먼저 확인합니다. 김해 장유 생활권 아파트·상가 상속등기를 검색하셔도 현지 법무사만 선택할 필요는 없습니다. 다옴법무사사무소는 부산 해운대구에 있으며 김해·장유에 별도 지점이 없습니다. 장유 신축·구축 아파트와 상가 임대차가 섞인 경우도 서류 목록부터 정리합니다. 부산과 가까워 방문 상담이 편하시면 해운대로 오실 수 있고, 상속인이 멀리 있으면 사진·우편으로 비대면 진행 여부를 먼저 확인합니다. 다옴법무사사무소는 부산 해운대구에 있으며 김해·장유에 별도 지점이 있는 것은 아닙니다. 김해 장유 소재·문의 업무 공유 관할·방문·비",517,6,/업무사례/김해상속등기법무사::장유 상속등기 법무사 || /업무사례/율하상속등기법무사::장유 상속등기 법무사 || /업무사례/김해상속등기비용::장유 상속등기 법무사 || /업무사례/김해상속등기필요서류::장유 상속등기 법무사 || /업무사례/부산거주김해부동산상속::장유 상속등기 법무사 || /업무사례/김해거주부산부동산상속::장유 상속등기 법무사,김해상속등기법무사>/업무사례/김해상속등기법무사 || 율하 상속등기>/업무사례/율하상속등기법무사 || 경남 법무사 업무>/업무사례/경남법무사업무 || 부산 거주 김해 부동산 상속>/업무사례/부산거주김해부동산상속 || 전국상속등기법무사>/업무사례/전국상속등기법무사 || 부산 상속등기>/부산상속등기 || 장유 상속등기 가능 여부 문의>/contact/inquiry?from=nationwide&region=%EA%B9%80%ED%95%B4%20%EC%9E%A5%EC%9C%A0&field=inheritance-registration || 부산에서 법무사 찾을 때 허브로 돌아가기>/부산법무사 || 해운대·센텀 법무사 상담>/해운대법무사 || 센텀 법인·부동산 등기>/센텀법무사 || 부산 여성 법무사 상담>/부산여성법무사 || 부산 법인등기 안내>/부산법인등기,홈 > 업무 사례 > 경남 지역 업무사례 > 장유,yes,WebPage+FAQ,,SERP_UNVERIFIED,inheritance-supporting,case,김해장유생활권아파트·상가상속등기를검색하셔도현지법무사만선택할필요는없습니다.다옴법무사사무소는부산해운대구에있으며김해·장유에별도지점이없습니다.장유신축·
/업무사례/율하상속등기법무사,generated,"index,follow",yes,/업무사례/율하상속등기법무사,김해 율하 상속등기｜아파트 상속 비용과 필요서류 | 다옴법무사사무소,김해 율하 아파트 상속등기 비용·서류·절차. 부산 해운대 사무소 비대면 진행. 김해 지점 없음. 해운대·센텀 다옴법무사사무소에서 전화·카카오톡·방문(예약) 상담이 가능합니다.,김해 율하 상속등기｜아파트 상속 비용과 필요서류 | 다옴법무사사무소,김해 율하 아파트 상속등기 비용·서류·절차. 부산 해운대 사무소 비대면 진행. 김해 지점 없음. 해운대·센텀 다옴법무사사무소에서 전화·카카오톡·방문(예약) 상담이 가능합니다.,김해 율하 아파트 상속등기 비용과 필요서류,율하 상속등기 가능 여부 | 부산 해운대 사무소에 맡길 수 있는 이유 | 관할·신청 방식 안내 | 율하에서 자주 문의되는 상황 | 방문 상담이 적합한 경우 | 비대면으로 먼저 검토하는 경우 | 필요서류와 진행 절차 | 법무사 보수와 공과금,"김해 율하 동네 아파트 상속등기를 준비하시면 취득세·법무사 보수·필요서류를 먼저 구분하는 것이 좋습니다. 다옴법무사사무소는 부산 해운대구에 있으며 김해 율하에 지점이 있는 것은 아닙니다. 율하 구축 아파트와 주차장·대지 지분이 함께 있는 경우도 일반적인 상담 유형으로 절차를 안내합니다. 가까운 부산이라 방문이 편하시면 해운대 사무소로 오시고, 상속인이 지방에 있으면 협의분할 서류를 비대면으로 정리할 수 있는지 검토합니다. 김해 율하 동네 아파트 상속등기를 준비하시면 취득세·법무사 보수·필요서류를 먼저 구분하는 것이 좋습니다. 다옴법무사사무소는 부산 해운대구에 있으며 김해 율하에 지점이 있는 것은 아닙니다. 율하 구축 아파트와 주차장·대지 지분이 함께 있는 경우도 일반적인 상담 유형으로 절차를 안내합니다. 가까운 부산이라 방문이 편하시면 해운대 사무소로 오시고, 상속인이 지방에 있으면 협의분할 서류를 비대면으로 정리할 수 있는지 검토합니다. 김해 율하 소재·문의 업무 공유 관할·방문·",502,4,/업무사례/김해상속등기법무사::율하 상속등기 || /업무사례/장유상속등기법무사::율하 상속등기 || /업무사례/김해상속등기비용::율하 상속등기 || /업무사례/김해상속등기필요서류::율하 상속등기,장유 상속등기 법무사>/업무사례/장유상속등기법무사 || 김해 상속등기 비용>/업무사례/김해상속등기비용 || 김해 상속등기 필요서류>/업무사례/김해상속등기필요서류 || 김해상속등기법무사>/업무사례/김해상속등기법무사 || 전국상속등기법무사>/업무사례/전국상속등기법무사 || 전국비대면법무사>/업무사례/전국비대면법무사 || 율하 아파트 상속등기 상담>/contact/inquiry?from=nationwide&region=%EA%B9%80%ED%95%B4%20%EC%9C%A8%ED%95%98&field=inheritance-registration || 부산에서 법무사 찾을 때 허브로 돌아가기>/부산법무사 || 해운대·센텀 법무사 상담>/해운대법무사 || 센텀 법인·부동산 등기>/센텀법무사 || 부산 여성 법무사 상담>/부산여성법무사 || 부산 상속등기 절차>/부산상속등기,홈 > 업무 사례 > 경남 지역 업무사례 > 율하,yes,WebPage+FAQ,,SERP_UNVERIFIED,inheritance-supporting,case,김해율하동네아파트상속등기를준비하시면취득세·법무사보수·필요서류를먼저구분하는것이좋습니다.다옴법무사사무소는부산해운대구에있으며김해율하에지점이있는것은아닙
/업무사례/물금상속등기법무사,generated,"index,follow",yes,/업무사례/물금상속등기법무사,양산 물금 상속등기 법무사｜아파트 상속 비용·서류 | 다옴법무사사무소,양산 물금 아파트 상속등기 비용·서류·절차. 부산 해운대 사무소에서 비대면 진행. 양산 지점 없음. 해운대·센텀 다옴법무사사무소에서 전화·카카오톡·방문(예약) 상담이 가능합니다.,양산 물금 상속등기 법무사｜아파트 상속 비용·서류 | 다옴법무사사무소,양산 물금 아파트 상속등기 비용·서류·절차. 부산 해운대 사무소에서 비대면 진행. 양산 지점 없음. 해운대·센텀 다옴법무사사무소에서 전화·카카오톡·방문(예약) 상담이 가능합니다.,양산 물금 아파트 상속등기 비용과 서류 정리,검색하신 물금 업무에 대한 바로 답변 | 사무소 위치와 지점 안내(오인 방지) | 법정 관할과 특례를 구분하는 방법 | 물금 고유 상담 상황 | 가까운 경남이라 방문하고 싶을 때 | 서류 사진으로 시작하는 방법 | 비용 구성과 처리기간 | 관련 지역·업무로 이어가기,"양산 물금 생활권은 부산과 가깝고 아파트 단지가 많아 상속등기 문의가 잦습니다. 다옴법무사사무소는 부산 해운대구에 있으며 양산·물금에 별도 지점이 없습니다. 물금 아파트와 양산 외곽 필지가 함께 있거나 상속인이 부산·수도권에 흩어진 경우도 일반적인 상담 유형으로 절차를 안내합니다. 방문은 해운대 사무소, 비대면은 서류 사진·우편·화상으로 먼저 바로 상담·진행할 수 있습니다. 양산 물금 생활권은 부산과 가깝고 아파트 단지가 많아 상속등기 문의가 잦습니다. 다옴법무사사무소는 부산 해운대구에 있으며 양산·물금에 별도 지점이 없습니다. 물금 아파트와 양산 외곽 필지가 함께 있거나 상속인이 부산·수도권에 흩어진 경우도 일반적인 상담 유형으로 절차를 안내합니다. 방문은 해운대 사무소, 비대면은 서류 사진·우편·화상으로 먼저 바로 상담·진행할 수 있습니다. 다옴법무사사무소는 부산 해운대구에 있으며 양산·물금에 별도 지점이 있는 것은 아닙니다. 양산 물금 소재·문의 업무 공유 관할·방문·비대면 범",492,6,/업무사례/양산상속등기법무사::물금 상속등기 법무사 || /업무사례/증산상속등기법무사::물금 상속등기 법무사 || /업무사례/양산상속등기비용::물금 상속등기 법무사 || /업무사례/양산상속등기필요서류::물금 상속등기 법무사 || /업무사례/부산거주양산부동산상속::물금 상속등기 법무사 || /업무사례/양산거주부산부동산상속::물금 상속등기 법무사,양산 법무사>/업무사례/양산법무사업무 || 양산상속등기법무사>/업무사례/양산상속등기법무사 || 증산 상속등기>/업무사례/증산상속등기법무사 || 양산 상속등기 비용>/업무사례/양산상속등기비용 || 양산 상속포기 법무사>/업무사례/양산상속포기한정승인 || 전국상속등기법무사>/업무사례/전국상속등기법무사 || 부산 상속등기>/부산상속등기 || 물금 아파트 상속등기 문의>/contact/inquiry?from=nationwide&region=%EC%96%91%EC%82%B0%20%EB%AC%BC%EA%B8%88&field=inheritance-registration || 부산에서 법무사 찾을 때 허브로 돌아가기>/부산법무사 || 해운대·센텀 법무사 상담>/해운대법무사 || 센텀 법인·부동산 등기>/센텀법무사 || 부산 여성 법무사 상담>/부산여성법무사,홈 > 업무 사례 > 경남 지역 업무사례 > 물금,yes,WebPage+FAQ,,SERP_UNVERIFIED,inheritance-supporting,case,양산물금생활권은부산과가깝고아파트단지가많아상속등기문의가잦습니다.다옴법무사사무소는부산해운대구에있으며양산·물금에별도지점이없습니다.물금아파트와양산외곽필
/업무사례/증산상속등기법무사,generated,"index,follow",yes,/업무사례/증산상속등기법무사,양산 증산 상속등기｜신도시 아파트 비대면 진행 | 다옴법무사사무소,양산 증산 신도시 아파트 상속등기. 부산 해운대 사무소 비대면·방문 검토. 양산 지점 없음. 해운대·센텀 다옴법무사사무소에서 전화·카카오톡·방문(예약) 상담이 가능합니다.,양산 증산 상속등기｜신도시 아파트 비대면 진행 | 다옴법무사사무소,양산 증산 신도시 아파트 상속등기. 부산 해운대 사무소 비대면·방문 검토. 양산 지점 없음. 해운대·센텀 다옴법무사사무소에서 전화·카카오톡·방문(예약) 상담이 가능합니다.,양산 증산 신도시 아파트 상속등기 절차,증산 사건을 한 사무소에서 검토하는 방법 | 안윤정 법무사가 직접 확인하는 범위 | 원본서류가 필요한 단계 | 여러 필지·여러 지역이 섞인 경우 | 협의분할과 법정지분 | 취득세·국민주택채권·수수료 | 일반적인 상담 유형 | 상담 전 준비하면 좋은 정보,"양산 증산 신도시 아파트는 비교적 최근 분양·입주가 많아 상속등기 시 가족관계·혼인관계 정리가 중요합니다. 다옴법무사사무소는 부산 해운대구에 있으며 양산·증산에 지점이 있는 것은 아닙니다. 증산 아파트와 양산 구시가지 상가가 함께 상속되는 등 일반적인 상담 유형을 기준으로 서류·비용을 안내합니다. 부산과 인접해 방문 상담이 수월하고, 상속인이 멀리 있으면 협의분할·위임을 비대면으로 진행할 수 있는지 검토합니다. 양산 증산 신도시 아파트는 비교적 최근 분양·입주가 많아 상속등기 시 가족관계·혼인관계 정리가 중요합니다. 다옴법무사사무소는 부산 해운대구에 있으며 양산·증산에 지점이 있는 것은 아닙니다. 증산 아파트와 양산 구시가지 상가가 함께 상속되는 등 일반적인 상담 유형을 기준으로 서류·비용을 안내합니다. 부산과 인접해 방문 상담이 수월하고, 상속인이 멀리 있으면 협의분할·위임을 비대면으로 진행할 수 있는지 검토합니다. 양산 증산 소재·문의 업무 공유 관할·방문·비대면 범위 검토 보수",488,4,/업무사례/양산상속등기법무사::증산 상속등기 || /업무사례/물금상속등기법무사::증산 상속등기 || /업무사례/사송상속등기법무사::증산 상속등기 || /업무사례/양산상속등기비용::증산 상속등기,양산 법무사>/업무사례/양산법무사업무 || 사송 상속등기>/업무사례/사송상속등기법무사 || 물금 상속등기 법무사>/업무사례/물금상속등기법무사 || 양산 상속등기 필요서류>/업무사례/양산상속등기필요서류 || 양산상속등기법무사>/업무사례/양산상속등기법무사 || 전국상속등기법무사>/업무사례/전국상속등기법무사 || 전국비대면법무사>/업무사례/전국비대면법무사 || 증산 아파트 상속등기 확인>/contact/inquiry?from=nationwide&region=%EC%96%91%EC%82%B0%20%EC%A6%9D%EC%82%B0&field=inheritance-registration || 부산에서 법무사 찾을 때 허브로 돌아가기>/부산법무사 || 해운대·센텀 법무사 상담>/해운대법무사 || 센텀 법인·부동산 등기>/센텀법무사 || 부산 여성 법무사 상담>/부산여성법무사,홈 > 업무 사례 > 경남 지역 업무사례 > 증산,yes,WebPage+FAQ,,SERP_UNVERIFIED,inheritance-supporting,case,양산증산신도시아파트는비교적최근분양·입주가많아상속등기시가족관계·혼인관계정리가중요합니다.다옴법무사사무소는부산해운대구에있으며양산·증산에지점이있는것은아
/업무사례/사송상속등기법무사,generated,"index,follow",yes,/업무사례/사송상속등기법무사,양산 사송 상속등기｜신축 아파트 상속 절차와 비용 | 다옴법무사사무소,양산 사송 신축 아파트 상속등기 절차·비용. 부산 해운대 사무소 비대면 진행. 양산 지점 없음. 해운대·센텀 다옴법무사사무소에서 전화·카카오톡·방문(예약) 상담이 가능합니다.,양산 사송 상속등기｜신축 아파트 상속 절차와 비용 | 다옴법무사사무소,양산 사송 신축 아파트 상속등기 절차·비용. 부산 해운대 사무소 비대면 진행. 양산 지점 없음. 해운대·센텀 다옴법무사사무소에서 전화·카카오톡·방문(예약) 상담이 가능합니다.,양산 사송 신축 아파트 상속등기 절차와 비용,검색하신 사송 업무에 대한 바로 답변 | 사무소 위치와 지점 안내(오인 방지) | 법정 관할과 특례를 구분하는 방법 | 사송 고유 상담 상황 | 가까운 경남이라 방문하고 싶을 때 | 서류 사진으로 시작하는 방법 | 비용 구성과 처리기간 | 관련 지역·업무로 이어가기,"양산 사송 일대 신축 아파트 상속등기는 분양·잔금·등기 이력 확인이 선행되어야 합니다. 다옴법무사사무소는 부산 해운대구에 있으며 양산·사송에 별도 지점이 없습니다. 사송 아파트와 증산·물금 다른 단지가 함께 상속되거나 상속인이 부산에 거주하는 등 일반적인 상담 유형을 기준으로 절차·보수·공과금을 구분해 안내합니다. 가까운 부산이라 방문 상담이 가능하고, 원격 상속인은 서류 사진·화상으로 협의를 맞출 수 있습니다. 양산 사송 일대 신축 아파트 상속등기는 분양·잔금·등기 이력 확인이 선행되어야 합니다. 다옴법무사사무소는 부산 해운대구에 있으며 양산·사송에 별도 지점이 없습니다. 사송 아파트와 증산·물금 다른 단지가 함께 상속되거나 상속인이 부산에 거주하는 등 일반적인 상담 유형을 기준으로 절차·보수·공과금을 구분해 안내합니다. 가까운 부산이라 방문 상담이 가능하고, 원격 상속인은 서류 사진·화상으로 협의를 맞출 수 있습니다. 양산 사송 소재·문의 업무 공유 관할·방문·비대면 범위 검토 ",490,3,/업무사례/양산상속등기법무사::사송 상속등기 || /업무사례/증산상속등기법무사::사송 상속등기 || /업무사례/양산상속등기필요서류::사송 상속등기,양산 법무사>/업무사례/양산법무사업무 || 증산 상속등기>/업무사례/증산상속등기법무사 || 양산 상속등기 비용>/업무사례/양산상속등기비용 || 양산 거주 부산 부동산 상속>/업무사례/양산거주부산부동산상속 || 양산상속등기법무사>/업무사례/양산상속등기법무사 || 전국상속등기법무사>/업무사례/전국상속등기법무사 || 부산 상속등기>/부산상속등기 || 사송 아파트 상속등기 상담>/contact/inquiry?from=nationwide&region=%EC%96%91%EC%82%B0%20%EC%82%AC%EC%86%A1&field=inheritance-registration || 부산에서 법무사 찾을 때 허브로 돌아가기>/부산법무사 || 해운대·센텀 법무사 상담>/해운대법무사 || 센텀 법인·부동산 등기>/센텀법무사 || 부산 여성 법무사 상담>/부산여성법무사,홈 > 업무 사례 > 경남 지역 업무사례 > 사송,yes,WebPage+FAQ,,SERP_UNVERIFIED,inheritance-supporting,case,양산사송일대신축아파트상속등기는분양·잔금·등기이력확인이선행되어야합니다.다옴법무사사무소는부산해운대구에있으며양산·사송에별도지점이없습니다.사송아파트와증
/업무사례/창원의창구상속등기법무사,generated,"index,follow",yes,/업무사례/창원의창구상속등기법무사,창원 의창구 상속등기｜북면·동읍·팔용 부동산 상담 | 다옴법무사사무소,창원 의창구·북면·동읍·팔용 부동산 상속등기. 부산 해운대 사무소 비대면 진행. 창원 지점 없음. 해운대·센텀 다옴법무사사무소에서 전화·카카오톡·방문(예약) 상담이 가능합니다.,창원 의창구 상속등기｜북면·동읍·팔용 부동산 상담 | 다옴법무사사무소,창원 의창구·북면·동읍·팔용 부동산 상속등기. 부산 해운대 사무소 비대면 진행. 창원 지점 없음. 해운대·센텀 다옴법무사사무소에서 전화·카카오톡·방문(예약) 상담이 가능합니다.,창원 의창구·북면·동읍·팔용 부동산 상속등기,의창구 상속등기 가능 여부 | 부산 해운대 사무소에 맡길 수 있는 이유 | 관할·신청 방식 안내 | 의창구에서 자주 문의되는 상황 | 방문 상담이 적합한 경우 | 비대면으로 먼저 검토하는 경우 | 필요서류와 진행 절차 | 법무사 보수와 공과금,창원 의창구 도심 아파트와 북면·동읍·팔용 읍·면 토지가 함께 상속되는 경우가 많습니다. 다옴법무사사무소는 부산 해운대구에 있으며 창원·의창구에 별도 지점이 없습니다. 구내 아파트와 외곽 필지를 한 목록으로 정리해 협의분할·취득세를 검토합니다. 창원까지 방문하실 필요 없이 부산 해운대 방문 또는 서류 비대면으로 일반적인 상담 유형 절차를 안내합니다. 창원 의창구 도심 아파트와 북면·동읍·팔용 읍·면 토지가 함께 상속되는 경우가 많습니다. 다옴법무사사무소는 부산 해운대구에 있으며 창원·의창구에 별도 지점이 없습니다. 구내 아파트와 외곽 필지를 한 목록으로 정리해 협의분할·취득세를 검토합니다. 창원까지 방문하실 필요 없이 부산 해운대 방문 또는 서류 비대면으로 일반적인 상담 유형 절차를 안내합니다. 다옴법무사사무소는 부산 해운대구에 있으며 창원·의창구에 별도 지점이 있는 것은 아닙니다. 창원 의창구 소재·문의 업무 공유 관할·방문·비대면 범위 검토 보수·공과금 구분 안내 원본 전달 후 ,475,5,/업무사례/창원상속등기법무사::창원 의창구 상속등기 || /업무사례/진해구상속등기법무사::창원 의창구 상속등기 || /업무사례/창원상속등기비용::창원 의창구 상속등기 || /업무사례/경남조부모명의토지상속::창원 의창구 상속등기 || /업무사례/경남여러필지토지상속::창원 의창구 상속등기,창원 성산구 상속등기>/업무사례/창원성산구상속등기법무사 || 창원상속등기법무사>/업무사례/창원상속등기법무사 || 창원 상속등기 비용>/업무사례/창원상속등기비용 || 경남 법무사 업무>/업무사례/경남법무사업무 || 전국상속등기법무사>/업무사례/전국상속등기법무사 || 부산 상속등기>/부산상속등기 || 의창구·읍·면 상속등기 문의>/contact/inquiry?from=nationwide&region=%EC%B0%BD%EC%9B%90%20%EC%9D%98%EC%B0%BD%EA%B5%AC&field=inheritance-registration || 부산에서 법무사 찾을 때 허브로 돌아가기>/부산법무사 || 해운대·센텀 법무사 상담>/해운대법무사 || 센텀 법인·부동산 등기>/센텀법무사 || 부산 여성 법무사 상담>/부산여성법무사 || 부산 법인등기 안내>/부산법인등기,홈 > 업무 사례 > 경남 지역 업무사례 > 의창구,yes,WebPage+FAQ,,SERP_UNVERIFIED,inheritance-supporting,case,창원의창구도심아파트와북면·동읍·팔용읍·면토지가함께상속되는경우가많습니다.다옴법무사사무소는부산해운대구에있으며창원·의창구에별도지점이없습니다.구내아파트
/업무사례/창원성산구상속등기법무사,generated,"index,follow",yes,/업무사례/창원성산구상속등기법무사,창원 성산구 상속등기｜상남·용호·사파 아파트 상속 | 다옴법무사사무소,창원 성산구 상남·용호·사파 아파트 상속등기. 부산 해운대 사무소 검토. 창원 지점 없음. 해운대·센텀 다옴법무사사무소에서 전화·카카오톡·방문(예약) 상담이 가능합니다.,창원 성산구 상속등기｜상남·용호·사파 아파트 상속 | 다옴법무사사무소,창원 성산구 상남·용호·사파 아파트 상속등기. 부산 해운대 사무소 검토. 창원 지점 없음. 해운대·센텀 다옴법무사사무소에서 전화·카카오톡·방문(예약) 상담이 가능합니다.,창원 성산구 상남·용호·사파 아파트 상속등기,검색하신 성산구 업무에 대한 바로 답변 | 사무소 위치와 지점 안내(오인 방지) | 법정 관할과 특례를 구분하는 방법 | 성산구 고유 상담 상황 | 가까운 경남이라 방문하고 싶을 때 | 서류 사진으로 시작하는 방법 | 비용 구성과 처리기간 | 관련 지역·업무로 이어가기,"창원 성산구 상남·용호·사파 일대는 아파트·상가 밀집 지역으로 상속등기 문의가 많습니다. 다옴법무사사무소는 부산 해운대구에 있으며 창원 성산구에 지점이 있는 것은 아닙니다. 성산구 아파트 여러 채와 형제 간 협의분할, 또는 상속인만 타지역 거주 등 일반적인 상담 유형을 기준으로 서류·비용·절차를 안내합니다. 부산 방문 또는 비대면 위임·협의서 검토 중 선택하실 수 있습니다. 창원 성산구 상남·용호·사파 일대는 아파트·상가 밀집 지역으로 상속등기 문의가 많습니다. 다옴법무사사무소는 부산 해운대구에 있으며 창원 성산구에 지점이 있는 것은 아닙니다. 성산구 아파트 여러 채와 형제 간 협의분할, 또는 상속인만 타지역 거주 등 일반적인 상담 유형을 기준으로 서류·비용·절차를 안내합니다. 부산 방문 또는 비대면 위임·협의서 검토 중 선택하실 수 있습니다. 다옴법무사사무소는 부산 해운대구에 있으며 창원·성산구에 별도 지점이 있는 것은 아닙니다. 창원 성산구 소재·문의 업무 공유 관할·방문·비대면",482,3,/업무사례/창원의창구상속등기법무사::창원 성산구 상속등기 || /업무사례/창원상속등기비용::창원 성산구 상속등기 || /업무사례/창원상속등기필요서류::창원 성산구 상속등기,마산합포구 상속등기>/업무사례/마산합포구상속등기법무사 || 창원 상속등기 필요서류>/업무사례/창원상속등기필요서류 || 창원상속등기법무사>/업무사례/창원상속등기법무사 || 경남 법무사 업무>/업무사례/경남법무사업무 || 전국상속등기법무사>/업무사례/전국상속등기법무사 || 전국비대면법무사>/업무사례/전국비대면법무사 || 성산구 아파트 상속등기 상담>/contact/inquiry?from=nationwide&region=%EC%B0%BD%EC%9B%90%20%EC%84%B1%EC%82%B0%EA%B5%AC&field=inheritance-registration || 부산에서 법무사 찾을 때 허브로 돌아가기>/부산법무사 || 해운대·센텀 법무사 상담>/해운대법무사 || 센텀 법인·부동산 등기>/센텀법무사 || 부산 여성 법무사 상담>/부산여성법무사 || 부산 상속등기 절차>/부산상속등기,홈 > 업무 사례 > 경남 지역 업무사례 > 성산구,yes,WebPage+FAQ,,SERP_UNVERIFIED,inheritance-supporting,case,창원성산구상남·용호·사파일대는아파트·상가밀집지역으로상속등기문의가많습니다.다옴법무사사무소는부산해운대구에있으며창원성산구에지점이있는것은아닙니다.성산구
/업무사례/마산합포구상속등기법무사,generated,"index,follow",yes,/업무사례/마산합포구상속등기법무사,마산합포구 상속등기｜월영·현동·진동 주택과 토지 | 다옴법무사사무소,마산합포구 월영·현동·진동 주택·토지 상속등기. 부산 해운대 사무소 검토. 창원 지점 없음. 해운대·센텀 다옴법무사사무소에서 전화·카카오톡·방문(예약) 상담이 가능합니다.,마산합포구 상속등기｜월영·현동·진동 주택과 토지 | 다옴법무사사무소,마산합포구 월영·현동·진동 주택·토지 상속등기. 부산 해운대 사무소 검토. 창원 지점 없음. 해운대·센텀 다옴법무사사무소에서 전화·카카오톡·방문(예약) 상담이 가능합니다.,마산합포구 월영·현동·진동 주택·토지 상속등기,마산합포구 사건을 한 사무소에서 검토하는 방법 | 안윤정 법무사가 직접 확인하는 범위 | 원본서류가 필요한 단계 | 여러 필지·여러 지역이 섞인 경우 | 협의분할과 법정지분 | 취득세·국민주택채권·수수료 | 일반적인 상담 유형 | 상담 전 준비하면 좋은 정보,"마산합포구 월영·현동·진동 일대는 주택·토지·구축 아파트가 섞인 상속 사례가 많습니다. 다옴법무사사무소는 부산 해운대구에 있으며 마산·합포구에 별도 지점이 없습니다. 월영 신도시 아파트와 현동·진동 필지가 함께 있거나, 상속인이 부산·수도권에 있는 등 일반적인 상담 유형을 기준으로 협의분할·취득세·서류를 안내합니다. 방문은 부산 해운대, 비대면은 사진·우편으로 상담부터 신청까지 진행합니다. 마산합포구 월영·현동·진동 일대는 주택·토지·구축 아파트가 섞인 상속 사례가 많습니다. 다옴법무사사무소는 부산 해운대구에 있으며 마산·합포구에 별도 지점이 없습니다. 월영 신도시 아파트와 현동·진동 필지가 함께 있거나, 상속인이 부산·수도권에 있는 등 일반적인 상담 유형을 기준으로 협의분할·취득세·서류를 안내합니다. 방문은 부산 해운대, 비대면은 사진·우편으로 상담부터 신청까지 진행합니다. 다옴법무사사무소는 부산 해운대구에 있으며 마산합포구·창원에 별도 지점이 있는 것은 아닙니다. 창원 마산합포구",445,3,/업무사례/창원성산구상속등기법무사::마산합포구 상속등기 || /업무사례/마산회원구상속등기법무사::마산합포구 상속등기 || /업무사례/경남여러필지토지상속::마산합포구 상속등기,마산회원구 상속등기>/업무사례/마산회원구상속등기법무사 || 창원 상속등기 비용>/업무사례/창원상속등기비용 || 경남 여러 필지 토지 상속>/업무사례/경남여러필지토지상속 || 창원상속등기법무사>/업무사례/창원상속등기법무사 || 전국상속등기법무사>/업무사례/전국상속등기법무사 || 부산 상속등기>/부산상속등기 || 마산합포구 상속등기 문의>/contact/inquiry?from=nationwide&region=%EC%B0%BD%EC%9B%90%20%EB%A7%88%EC%82%B0%ED%95%A9%ED%8F%AC%EA%B5%AC&field=inheritance-registration || 부산에서 법무사 찾을 때 허브로 돌아가기>/부산법무사 || 해운대·센텀 법무사 상담>/해운대법무사 || 센텀 법인·부동산 등기>/센텀법무사 || 부산 여성 법무사 상담>/부산여성법무사 || 부산 법인등기 안내>/부산법인등기,홈 > 업무 사례 > 경남 지역 업무사례 > 마산합포구,yes,WebPage+FAQ,,SERP_UNVERIFIED,inheritance-supporting,case,마산합포구월영·현동·진동일대는주택·토지·구축아파트가섞인상속사례가많습니다.다옴법무사사무소는부산해운대구에있으며마산·합포구에별도지점이없습니다.월영신도
/업무사례/마산회원구상속등기법무사,generated,"index,follow",yes,/업무사례/마산회원구상속등기법무사,마산회원구 상속등기｜양덕·합성·내서 부동산 정리 | 다옴법무사사무소,마산회원구 양덕·합성·내서 부동산 상속등기. 부산 해운대 사무소 비대면 진행. 창원 지점 없음. 해운대·센텀 다옴법무사사무소에서 전화·카카오톡·방문(예약) 상담이 가능합니다.,마산회원구 상속등기｜양덕·합성·내서 부동산 정리 | 다옴법무사사무소,마산회원구 양덕·합성·내서 부동산 상속등기. 부산 해운대 사무소 비대면 진행. 창원 지점 없음. 해운대·센텀 다옴법무사사무소에서 전화·카카오톡·방문(예약) 상담이 가능합니다.,마산회원구 양덕·합성·내서 부동산 상속 정리,검색하신 마산회원구 업무에 대한 바로 답변 | 사무소 위치와 지점 안내(오인 방지) | 법정 관할과 특례를 구분하는 방법 | 마산회원구 고유 상담 상황 | 가까운 경남이라 방문하고 싶을 때 | 서류 사진으로 시작하는 방법 | 비용 구성과 처리기간 | 관련 지역·업무로 이어가기,"마산회원구 양덕·합성 도심과 내서 일대 부동산이 함께 상속되는 경우 협의·서류 정리가 중요합니다. 다옴법무사사무소는 부산 해운대구에 있으며 마산회원구·창원에 별도 지점이 없습니다. 회원구 아파트·상가와 내서 주택·토지 조합 등 일반적인 상담 유형을 기준으로 관할 특례·비대면 진행 바로 진행 방법을 안내합니다. 가까운 거리라 부산 해운대 방문이 편하시면 방문, 상속인이 멀면 비대면 협의를 검토합니다. 마산회원구 양덕·합성 도심과 내서 일대 부동산이 함께 상속되는 경우 협의·서류 정리가 중요합니다. 다옴법무사사무소는 부산 해운대구에 있으며 마산회원구·창원에 별도 지점이 없습니다. 회원구 아파트·상가와 내서 주택·토지 조합 등 일반적인 상담 유형을 기준으로 관할 특례·비대면 진행 바로 진행 방법을 안내합니다. 가까운 거리라 부산 해운대 방문이 편하시면 방문, 상속인이 멀면 비대면 협의를 검토합니다. 창원 마산회원구 소재·문의 업무 공유 관할·방문·비대면 범위 검토 보수·공과금 구분 안내 ",470,2,/업무사례/마산합포구상속등기법무사::마산회원구 상속등기 || /업무사례/진해구상속등기법무사::마산회원구 상속등기,마산합포구 상속등기>/업무사례/마산합포구상속등기법무사 || 진해구 상속등기 법무사>/업무사례/진해구상속등기법무사 || 창원 상속등기 필요서류>/업무사례/창원상속등기필요서류 || 창원상속등기법무사>/업무사례/창원상속등기법무사 || 전국상속등기법무사>/업무사례/전국상속등기법무사 || 전국비대면법무사>/업무사례/전국비대면법무사 || 회원구·내서 상속등기 상담>/contact/inquiry?from=nationwide&region=%EC%B0%BD%EC%9B%90%20%EB%A7%88%EC%82%B0%ED%9A%8C%EC%9B%90%EA%B5%AC&field=inheritance-registration || 부산에서 법무사 찾을 때 허브로 돌아가기>/부산법무사 || 해운대·센텀 법무사 상담>/해운대법무사 || 센텀 법인·부동산 등기>/센텀법무사 || 부산 여성 법무사 상담>/부산여성법무사 || 부산 상속등기 절차>/부산상속등기,홈 > 업무 사례 > 경남 지역 업무사례 > 마산회원구,yes,WebPage+FAQ,,SERP_UNVERIFIED,inheritance-supporting,case,마산회원구양덕·합성도심과내서일대부동산이함께상속되는경우협의·서류정리가중요합니다.다옴법무사사무소는부산해운대구에있으며마산회원구·창원에별도지점이없습니다
/업무사례/진해구상속등기법무사,generated,"index,follow",yes,/업무사례/진해구상속등기법무사,진해구 상속등기 법무사｜석동·용원·웅… | 다옴법무사사무소,창원 진해구 석동·용원·웅천 부동산 상속등기. 부산 해운대 사무소 검토. 창원 지점 없음. 해운대·센텀 다옴법무사사무소에서 전화·카카오톡·방문(예약) 상담이 가능합니다.,진해구 상속등기 법무사｜석동·용원·웅… | 다옴법무사사무소,창원 진해구 석동·용원·웅천 부동산 상속등기. 부산 해운대 사무소 검토. 창원 지점 없음. 해운대·센텀 다옴법무사사무소에서 전화·카카오톡·방문(예약) 상담이 가능합니다.,진해구 석동·용원·웅천 부동산 상속등기 상담,검색하신 진해구 업무에 대한 바로 답변 | 사무소 위치와 지점 안내(오인 방지) | 법정 관할과 특례를 구분하는 방법 | 진해구 고유 상담 상황 | 가까운 경남이라 방문하고 싶을 때 | 서류 사진으로 시작하는 방법 | 비용 구성과 처리기간 | 관련 지역·업무로 이어가기,"창원 진해구 석동·용원·웅천 일대는 주택·아파트·토지 상속 문의가 이어집니다. 다옴법무사사무소는 부산 해운대구에 있으며 진해·창원에 별도 지점이 없습니다. 진해 구내 부동산과 다른 창원 구·김해·양산 부동산이 함께 있는 등 일반적인 상담 유형을 기준으로 목록·협의·서류를 정리합니다. 부산과 인접해 방문 상담이 수월하고, 상속인이 타지역이면 비대면 위임·협의분할 검토가 가능합니다. 창원 진해구 석동·용원·웅천 일대는 주택·아파트·토지 상속 문의가 이어집니다. 다옴법무사사무소는 부산 해운대구에 있으며 진해·창원에 별도 지점이 없습니다. 진해 구내 부동산과 다른 창원 구·김해·양산 부동산이 함께 있는 등 일반적인 상담 유형을 기준으로 목록·협의·서류를 정리합니다. 부산과 인접해 방문 상담이 수월하고, 상속인이 타지역이면 비대면 위임·협의분할 검토가 가능합니다. 다옴법무사사무소는 부산 해운대구에 있으며 진해구·창원에 별도 지점이 있는 것은 아닙니다. 창원 진해구 소재·문의 업무 공유 관할·",454,3,/업무사례/창원상속등기법무사::진해구 상속등기 법무사 || /업무사례/마산회원구상속등기법무사::진해구 상속등기 법무사 || /업무사례/창원상속등기필요서류::진해구 상속등기 법무사,마산회원구 상속등기>/업무사례/마산회원구상속등기법무사 || 창원 의창구 상속등기>/업무사례/창원의창구상속등기법무사 || 창원상속등기법무사>/업무사례/창원상속등기법무사 || 경남 법무사 업무>/업무사례/경남법무사업무 || 전국상속등기법무사>/업무사례/전국상속등기법무사 || 부산 상속등기>/부산상속등기 || 진해구 상속등기 가능 여부 확인>/contact/inquiry?from=nationwide&region=%EC%B0%BD%EC%9B%90%20%EC%A7%84%ED%95%B4%EA%B5%AC&field=inheritance-registration || 부산에서 법무사 찾을 때 허브로 돌아가기>/부산법무사 || 해운대·센텀 법무사 상담>/해운대법무사 || 센텀 법인·부동산 등기>/센텀법무사 || 부산 여성 법무사 상담>/부산여성법무사 || 부산 법인등기 안내>/부산법인등기,홈 > 업무 사례 > 경남 지역 업무사례 > 진해구,yes,WebPage+FAQ,,SERP_UNVERIFIED,inheritance-supporting,case,창원진해구석동·용원·웅천일대는주택·아파트·토지상속문의가이어집니다.다옴법무사사무소는부산해운대구에있으며진해·창원에별도지점이없습니다.진해구내부동산과다
/업무사례/경남상속등기비용,generated,"index,follow",yes,/업무사례/경남상속등기비용,경남 상속등기 비용｜법무사 보수·취득세·채권 구분 | 다옴법무사사무소,경남 상속등기 비용 구성. 법무사 보수·등기 수수료·취득세·국민주택채권 구분. 부산 해운대 사무소 안내. 해운대·센텀 다옴법무사사무소에서 전화·카카오톡·방문(예약) 상담이 가능합니다.,경남 상속등기 비용｜법무사 보수·취득세·채권 구분 | 다옴법무사사무소,경남 상속등기 비용 구성. 법무사 보수·등기 수수료·취득세·국민주택채권 구분. 부산 해운대 사무소 안내. 해운대·센텀 다옴법무사사무소에서 전화·카카오톡·방문(예약) 상담이 가능합니다.,경남 상속등기 비용 — 보수·취득세·채권 구분,경남 상속등기 가능 여부 | 부산 해운대 사무소에 맡길 수 있는 이유 | 관할·신청 방식 안내 | 경남에서 자주 문의되는 상황 | 방문 상담이 적합한 경우 | 비대면으로 먼저 검토하는 경우 | 필요서류와 진행 절차 | 법무사 보수와 공과금,"경남 김해·양산·창원 등 여러 지역 부동산 상속등기 비용은 법무사 보수, 등기 수수료, 취득세, 국민주택채권 등으로 나뉩니다. 다옴법무사사무소는 부산 해운대구에 있으며 경남에 지점이 있는 것은 아닙니다. 협의분할·법정지분·부동산 가액·상속인 수에 따라 달라지는 항목을 일반적인 상담 유형 기준으로 구분해 안내합니다. 방문·비대면 모두 동일한 견적 기준으로 검토하며, 여러 시·구 부동산은 목록으로 받아 일괄 견적 포인트를 설명합니다. 경남 김해·양산·창원 등 여러 지역 부동산 상속등기 비용은 법무사 보수, 등기 수수료, 취득세, 국민주택채권 등으로 나뉩니다. 다옴법무사사무소는 부산 해운대구에 있으며 경남에 지점이 있는 것은 아닙니다. 협의분할·법정지분·부동산 가액·상속인 수에 따라 달라지는 항목을 일반적인 상담 유형 기준으로 구분해 안내합니다. 방문·비대면 모두 동일한 견적 기준으로 검토하며, 여러 시·구 부동산은 목록으로 받아 일괄 견적 포인트를 설명합니다. 경남 소재·문의 업무 공유",486,0,,김해 상속등기 비용>/업무사례/김해상속등기비용 || 양산 상속등기 비용>/업무사례/양산상속등기비용 || 창원 상속등기 비용>/업무사례/창원상속등기비용 || 경남상속등기법무사>/업무사례/경남상속등기법무사 || 경남 법무사 업무>/업무사례/경남법무사업무 || 전국상속등기법무사>/업무사례/전국상속등기법무사 || 부산 상속등기>/부산상속등기 || 경남 상속등기 예상 비용 확인>/contact/inquiry?from=nationwide&region=%EA%B2%BD%EB%82%A8&field=inheritance-registration || 부산에서 법무사 찾을 때 허브로 돌아가기>/부산법무사 || 해운대·센텀 법무사 상담>/해운대법무사 || 센텀 법인·부동산 등기>/센텀법무사 || 부산 여성 법무사 상담>/부산여성법무사,홈 > 업무 사례 > 경남 지역 업무사례 > 경남,yes,WebPage+FAQ,,SERP_UNVERIFIED,inheritance-supporting,case,"경남김해·양산·창원등여러지역부동산상속등기비용은법무사보수,등기수수료,취득세,국민주택채권등으로나뉩니다.다옴법무사사무소는부산해운대구에있으며경남에지점이"
/업무사례/김해상속등기비용,generated,"index,follow",yes,/업무사례/김해상속등기비용,김해 상속등기 비용｜취득세·채권·법무사 보수 구분 | 다옴법무사사무소,김해·장유·율하 상속등기 비용. 취득세·국민주택채권·법무사 보수 구분. 부산 해운대 사무소. 해운대·센텀 다옴법무사사무소에서 전화·카카오톡·방문(예약) 상담이 가능합니다.,김해 상속등기 비용｜취득세·채권·법무사 보수 구분 | 다옴법무사사무소,김해·장유·율하 상속등기 비용. 취득세·국민주택채권·법무사 보수 구분. 부산 해운대 사무소. 해운대·센텀 다옴법무사사무소에서 전화·카카오톡·방문(예약) 상담이 가능합니다.,김해 상속등기 비용 — 취득세·채권·보수,김해 사건을 한 사무소에서 검토하는 방법 | 안윤정 법무사가 직접 확인하는 범위 | 원본서류가 필요한 단계 | 여러 필지·여러 지역이 섞인 경우 | 협의분할과 법정지분 | 취득세·국민주택채권·수수료 | 일반적인 상담 유형 | 상담 전 준비하면 좋은 정보,"김해·장유·율하 아파트·토지·상가 상속등기 비용은 협의분할 방식과 부동산 가액에 따라 달라집니다. 다옴법무사사무소는 부산 해운대구에 있으며 김해에 별도 지점이 없습니다. 법무사 보수, 등기 수수료, 취득세, 국민주택채권을 구분해 일반적인 상담 유형 기준으로 견적 포인트를 안내합니다. 부산과 가까워 방문 견적도 가능하고, 등기부 사진만으로 비대면 개요 견적도 검토합니다. 김해·장유·율하 아파트·토지·상가 상속등기 비용은 협의분할 방식과 부동산 가액에 따라 달라집니다. 다옴법무사사무소는 부산 해운대구에 있으며 김해에 별도 지점이 없습니다. 법무사 보수, 등기 수수료, 취득세, 국민주택채권을 구분해 일반적인 상담 유형 기준으로 견적 포인트를 안내합니다. 부산과 가까워 방문 견적도 가능하고, 등기부 사진만으로 비대면 개요 견적도 검토합니다. 다옴법무사사무소는 부산 해운대구에 있으며 김해에 별도 지점이 있는 것은 아닙니다. 경남 김해 소재·문의 업무 공유 관할·방문·비대면 범위 검토 보수·공",437,4,/업무사례/김해상속등기법무사::김해 상속등기 비용 || /업무사례/율하상속등기법무사::김해 상속등기 비용 || /업무사례/경남상속등기비용::김해 상속등기 비용 || /업무사례/김해상속등기필요서류::김해 상속등기 비용,장유 상속등기 법무사>/업무사례/장유상속등기법무사 || 율하 상속등기>/업무사례/율하상속등기법무사 || 김해 상속등기 필요서류>/업무사례/김해상속등기필요서류 || 김해상속등기법무사>/업무사례/김해상속등기법무사 || 전국상속등기법무사>/업무사례/전국상속등기법무사 || 부산 상속등기>/부산상속등기 || 김해 상속등기 견적 문의>/contact/inquiry?from=nationwide&region=%EA%B2%BD%EB%82%A8%20%EA%B9%80%ED%95%B4&field=inheritance-registration || 부산에서 법무사 찾을 때 허브로 돌아가기>/부산법무사 || 해운대·센텀 법무사 상담>/해운대법무사 || 센텀 법인·부동산 등기>/센텀법무사 || 부산 여성 법무사 상담>/부산여성법무사 || 부산 법인등기 안내>/부산법인등기,홈 > 업무 사례 > 경남 지역 업무사례 > 김해,yes,WebPage+FAQ,,SERP_UNVERIFIED,inheritance-supporting,case,김해·장유·율하아파트·토지·상가상속등기비용은협의분할방식과부동산가액에따라달라집니다.다옴법무사사무소는부산해운대구에있으며김해에별도지점이없습니다.법무사
/업무사례/양산상속등기비용,generated,"index,follow",yes,/업무사례/양산상속등기비용,양산 상속등기 비용｜법무사 보수와 공과금 안내 | 다옴법무사사무소,양산·물금·증산·사송 상속등기 비용. 법무사 보수·취득세·국민주택채권. 부산 해운대 사무소. 해운대·센텀 다옴법무사사무소에서 전화·카카오톡·방문(예약) 상담이 가능합니다.,양산 상속등기 비용｜법무사 보수와 공과금 안내 | 다옴법무사사무소,양산·물금·증산·사송 상속등기 비용. 법무사 보수·취득세·국민주택채권. 부산 해운대 사무소. 해운대·센텀 다옴법무사사무소에서 전화·카카오톡·방문(예약) 상담이 가능합니다.,양산 상속등기 비용 — 보수와 공과금,양산 상속등기 가능 여부 | 부산 해운대 사무소에 맡길 수 있는 이유 | 관할·신청 방식 안내 | 양산에서 자주 문의되는 상황 | 방문 상담이 적합한 경우 | 비대면으로 먼저 검토하는 경우 | 필요서류와 진행 절차 | 법무사 보수와 공과금,"양산 물금·증산·사송 등 생활권 아파트 상속등기 비용은 신축·구축 여부와 협의분할 방식에 영향을 받습니다. 다옴법무사사무소는 부산 해운대구에 있으며 양산에 지점이 있는 것은 아닙니다. 법무사 보수, 등기 수수료, 취득세, 국민주택채권을 구분해 일반적인 상담 유형 기준으로 안내합니다. 방문·비대면 모두 같은 견적 기준이며, 여러 단지 아파트는 목록으로 받아 필지별 공과금을 설명합니다. 양산 물금·증산·사송 등 생활권 아파트 상속등기 비용은 신축·구축 여부와 협의분할 방식에 영향을 받습니다. 다옴법무사사무소는 부산 해운대구에 있으며 양산에 지점이 있는 것은 아닙니다. 법무사 보수, 등기 수수료, 취득세, 국민주택채권을 구분해 일반적인 상담 유형 기준으로 안내합니다. 방문·비대면 모두 같은 견적 기준이며, 여러 단지 아파트는 목록으로 받아 필지별 공과금을 설명합니다. 다옴법무사사무소는 부산 해운대구에 있으며 양산에 별도 지점이 있는 것은 아닙니다. 경남 양산 소재·문의 업무 공유 관할·방",452,4,/업무사례/물금상속등기법무사::양산 상속등기 비용 || /업무사례/사송상속등기법무사::양산 상속등기 비용 || /업무사례/경남상속등기비용::양산 상속등기 비용 || /업무사례/양산상속등기필요서류::양산 상속등기 비용,양산 법무사>/업무사례/양산법무사업무 || 물금 상속등기 법무사>/업무사례/물금상속등기법무사 || 증산 상속등기>/업무사례/증산상속등기법무사 || 양산 상속등기 필요서류>/업무사례/양산상속등기필요서류 || 양산상속등기법무사>/업무사례/양산상속등기법무사 || 전국상속등기법무사>/업무사례/전국상속등기법무사 || 전국비대면법무사>/업무사례/전국비대면법무사 || 양산 상속등기 비용 확인>/contact/inquiry?from=nationwide&region=%EA%B2%BD%EB%82%A8%20%EC%96%91%EC%82%B0&field=inheritance-registration || 부산에서 법무사 찾을 때 허브로 돌아가기>/부산법무사 || 해운대·센텀 법무사 상담>/해운대법무사 || 센텀 법인·부동산 등기>/센텀법무사 || 부산 여성 법무사 상담>/부산여성법무사,홈 > 업무 사례 > 경남 지역 업무사례 > 양산,yes,WebPage+FAQ,,SERP_UNVERIFIED,inheritance-supporting,case,양산물금·증산·사송등생활권아파트상속등기비용은신축·구축여부와협의분할방식에영향을받습니다.다옴법무사사무소는부산해운대구에있으며양산에지점이있는것은아닙니다
/업무사례/창원상속등기비용,generated,"index,follow",yes,/업무사례/창원상속등기비용,창원 상속등기 비용｜5개 구 부동산 … | 다옴법무사사무소,창원 5개 구 상속등기 비용. 의창·성산·합포·회원·진해 부동산 보수·공과금. 부산 해운대 사무소. 해운대·센텀 다옴법무사사무소에서 전화·카카오톡·방문(예약) 상담이 가능합니다.,창원 상속등기 비용｜5개 구 부동산 … | 다옴법무사사무소,창원 5개 구 상속등기 비용. 의창·성산·합포·회원·진해 부동산 보수·공과금. 부산 해운대 사무소. 해운대·센텀 다옴법무사사무소에서 전화·카카오톡·방문(예약) 상담이 가능합니다.,창원 5개 구 상속등기 비용 항목 정리,창원 상속등기 가능 여부 | 부산 해운대 사무소에 맡길 수 있는 이유 | 관할·신청 방식 안내 | 창원에서 자주 문의되는 상황 | 방문 상담이 적합한 경우 | 비대면으로 먼저 검토하는 경우 | 필요서류와 진행 절차 | 법무사 보수와 공과금,"창원 의창·성산·마산합포·마산회원·진해 5개 구에 나뉜 부동산 상속등기 비용은 구·필지별로 달라질 수 있습니다. 다옴법무사사무소는 부산 해운대구에 있으며 창원에 별도 지점이 없습니다. 법무사 보수, 등기 수수료, 취득세, 국민주택채권을 구·필지별로 구분해 일반적인 상담 유형 기준으로 안내합니다. 5개 구 부동산 목록을 받아 일괄 견적 포인트를 설명하며, 방문·비대면 모두 가능합니다. 창원 의창·성산·마산합포·마산회원·진해 5개 구에 나뉜 부동산 상속등기 비용은 구·필지별로 달라질 수 있습니다. 다옴법무사사무소는 부산 해운대구에 있으며 창원에 별도 지점이 없습니다. 법무사 보수, 등기 수수료, 취득세, 국민주택채권을 구·필지별로 구분해 일반적인 상담 유형 기준으로 안내합니다. 5개 구 부동산 목록을 받아 일괄 견적 포인트를 설명하며, 방문·비대면 모두 가능합니다. 다옴법무사사무소는 부산 해운대구에 있으며 창원에 별도 지점이 있는 것은 아닙니다. 경남 창원 소재·문의 업무 공유 관할·방",452,5,/업무사례/창원상속등기법무사::창원 상속등기 비용 || /업무사례/창원의창구상속등기법무사::창원 상속등기 비용 || /업무사례/마산합포구상속등기법무사::창원 상속등기 비용 || /업무사례/경남상속등기비용::창원 상속등기 비용 || /업무사례/창원상속등기필요서류::창원 상속등기 비용,창원 의창구 상속등기>/업무사례/창원의창구상속등기법무사 || 창원 성산구 상속등기>/업무사례/창원성산구상속등기법무사 || 창원 상속등기 필요서류>/업무사례/창원상속등기필요서류 || 창원상속등기법무사>/업무사례/창원상속등기법무사 || 전국상속등기법무사>/업무사례/전국상속등기법무사 || 부산 상속등기>/부산상속등기 || 창원 5개 구 비용 문의>/contact/inquiry?from=nationwide&region=%EA%B2%BD%EB%82%A8%20%EC%B0%BD%EC%9B%90&field=inheritance-registration || 부산에서 법무사 찾을 때 허브로 돌아가기>/부산법무사 || 해운대·센텀 법무사 상담>/해운대법무사 || 센텀 법인·부동산 등기>/센텀법무사 || 부산 여성 법무사 상담>/부산여성법무사 || 부산 법인등기 안내>/부산법인등기,홈 > 업무 사례 > 경남 지역 업무사례 > 창원,yes,WebPage+FAQ,,SERP_UNVERIFIED,inheritance-supporting,case,창원의창·성산·마산합포·마산회원·진해5개구에나뉜부동산상속등기비용은구·필지별로달라질수있습니다.다옴법무사사무소는부산해운대구에있으며창원에별도지점이없습
/업무사례/김해상속등기필요서류,generated,"index,follow",yes,/업무사례/김해상속등기필요서류,김해 상속등기 필요서류｜상속인별 준비자료 정리 | 다옴법무사사무소,김해·장유·율하 상속등기 필요서류. 상속인별 준비자료·협의분할 서류. 부산 해운대 사무소 안내. 해운대·센텀 다옴법무사사무소에서 전화·카카오톡·방문(예약) 상담이 가능합니다.,김해 상속등기 필요서류｜상속인별 준비자료 정리 | 다옴법무사사무소,김해·장유·율하 상속등기 필요서류. 상속인별 준비자료·협의분할 서류. 부산 해운대 사무소 안내. 해운대·센텀 다옴법무사사무소에서 전화·카카오톡·방문(예약) 상담이 가능합니다.,김해 상속등기 필요서류 — 상속인별 준비,검색하신 김해 업무에 대한 바로 답변 | 사무소 위치와 지점 안내(오인 방지) | 법정 관할과 특례를 구분하는 방법 | 김해 고유 상담 상황 | 가까운 경남이라 방문하고 싶을 때 | 서류 사진으로 시작하는 방법 | 비용 구성과 처리기간 | 관련 지역·업무로 이어가기,"김해·장유·율하 부동산 상속등기 필요서류는 상속인 수, 협의분할 여부, 포기·한정승인 검토에 따라 달라집니다. 다옴법무사사무소는 부산 해운대구에 있으며 김해에 지점이 있는 것은 아닙니다. 등기부등본, 가족·기본·혼인관계증명, 인감·위임, 협의분할서 등을 상속인별로 정리해 일반적인 상담 유형 기준으로 목록을 안내합니다. 서류 사진으로 비대면 개요 확인 후, 원본이 필요한 단계만 방문·우편을 안내합니다. 김해·장유·율하 부동산 상속등기 필요서류는 상속인 수, 협의분할 여부, 포기·한정승인 검토에 따라 달라집니다. 다옴법무사사무소는 부산 해운대구에 있으며 김해에 지점이 있는 것은 아닙니다. 등기부등본, 가족·기본·혼인관계증명, 인감·위임, 협의분할서 등을 상속인별로 정리해 일반적인 상담 유형 기준으로 목록을 안내합니다. 서류 사진으로 비대면 개요 확인 후, 원본이 필요한 단계만 방문·우편을 안내합니다. 경남 김해 소재·문의 업무 공유 관할·방문·비대면 범위 검토 보수·공과금 구분 안내 원",453,3,/업무사례/율하상속등기법무사::김해 상속등기 필요서류 || /업무사례/김해상속등기비용::김해 상속등기 필요서류 || /업무사례/부산거주김해부동산상속::김해 상속등기 필요서류,율하 상속등기>/업무사례/율하상속등기법무사 || 장유 상속등기 법무사>/업무사례/장유상속등기법무사 || 김해 상속등기 비용>/업무사례/김해상속등기비용 || 김해상속등기법무사>/업무사례/김해상속등기법무사 || 전국상속등기법무사>/업무사례/전국상속등기법무사 || 전국비대면법무사>/업무사례/전국비대면법무사 || 김해 상속등기 서류 목록 문의>/contact/inquiry?from=nationwide&region=%EA%B2%BD%EB%82%A8%20%EA%B9%80%ED%95%B4&field=inheritance-registration || 부산에서 법무사 찾을 때 허브로 돌아가기>/부산법무사 || 해운대·센텀 법무사 상담>/해운대법무사 || 센텀 법인·부동산 등기>/센텀법무사 || 부산 여성 법무사 상담>/부산여성법무사 || 부산 상속등기 절차>/부산상속등기,홈 > 업무 사례 > 경남 지역 업무사례 > 김해,yes,WebPage+FAQ,,SERP_UNVERIFIED,inheritance-supporting,case,"김해·장유·율하부동산상속등기필요서류는상속인수,협의분할여부,포기·한정승인검토에따라달라집니다.다옴법무사사무소는부산해운대구에있으며김해에지점이있는것은아"
/업무사례/양산상속등기필요서류,generated,"index,follow",yes,/업무사례/양산상속등기필요서류,양산 상속등기 필요서류｜협의분할과 법정지분 비교 | 다옴법무사사무소,"양산 상속등기 필요서류. 협의분할·법정지분 비교, 물금·증산·사송 안내. 부산 해운대 사무소. 해운대·센텀 다옴법무사사무소에서 전화·카카오톡·방문(예약) 상담이 가능합니다.",양산 상속등기 필요서류｜협의분할과 법정지분 비교 | 다옴법무사사무소,"양산 상속등기 필요서류. 협의분할·법정지분 비교, 물금·증산·사송 안내. 부산 해운대 사무소. 해운대·센텀 다옴법무사사무소에서 전화·카카오톡·방문(예약) 상담이 가능합니다.",양산 상속등기 필요서류 — 협의분할 vs 법정지분,검색하신 양산 업무에 대한 바로 답변 | 사무소 위치와 지점 안내(오인 방지) | 법정 관할과 특례를 구분하는 방법 | 양산 고유 상담 상황 | 가까운 경남이라 방문하고 싶을 때 | 서류 사진으로 시작하는 방법 | 비용 구성과 처리기간 | 관련 지역·업무로 이어가기,"양산 물금·증산·사송 부동산 상속등기는 협의분할과 법정지분 등기 중 선택에 따라 필요서류가 달라집니다. 다옴법무사사무소는 부산 해운대구에 있으며 양산에 별도 지점이 없습니다. 협의분할서·동의서, 가족관계·등기부, 인감·위임 등을 비교해 일반적인 상담 유형 기준으로 상속인별 목록을 안내합니다. 비대면으로 등기부·협의안 사진을 먼저 검토하고, 원본 제출 단계만 방문·우편으로 구분합니다. 양산 물금·증산·사송 부동산 상속등기는 협의분할과 법정지분 등기 중 선택에 따라 필요서류가 달라집니다. 다옴법무사사무소는 부산 해운대구에 있으며 양산에 별도 지점이 없습니다. 협의분할서·동의서, 가족관계·등기부, 인감·위임 등을 비교해 일반적인 상담 유형 기준으로 상속인별 목록을 안내합니다. 비대면으로 등기부·협의안 사진을 먼저 검토하고, 원본 제출 단계만 방문·우편으로 구분합니다. 다옴법무사사무소는 부산 해운대구에 있으며 양산에 별도 지점이 있는 것은 아닙니다. 경남 양산 소재·문의 업무 공유 관할·방",460,2,/업무사례/증산상속등기법무사::양산 상속등기 필요서류 || /업무사례/양산상속등기비용::양산 상속등기 필요서류,물금 상속등기 법무사>/업무사례/물금상속등기법무사 || 사송 상속등기>/업무사례/사송상속등기법무사 || 양산 상속등기 비용>/업무사례/양산상속등기비용 || 양산상속등기법무사>/업무사례/양산상속등기법무사 || 전국상속등기법무사>/업무사례/전국상속등기법무사 || 부산 상속등기>/부산상속등기 || 양산 상속등기 서류 확인>/contact/inquiry?from=nationwide&region=%EA%B2%BD%EB%82%A8%20%EC%96%91%EC%82%B0&field=inheritance-registration || 부산에서 법무사 찾을 때 허브로 돌아가기>/부산법무사 || 해운대·센텀 법무사 상담>/해운대법무사 || 센텀 법인·부동산 등기>/센텀법무사 || 부산 여성 법무사 상담>/부산여성법무사 || 부산 법인등기 안내>/부산법인등기,홈 > 업무 사례 > 경남 지역 업무사례 > 양산,yes,WebPage+FAQ,,SERP_UNVERIFIED,inheritance-supporting,case,양산물금·증산·사송부동산상속등기는협의분할과법정지분등기중선택에따라필요서류가달라집니다.다옴법무사사무소는부산해운대구에있으며양산에별도지점이없습니다.협의
/업무사례/창원상속등기필요서류,generated,"index,follow",yes,/업무사례/창원상속등기필요서류,창원 상속등기 필요서류｜상속인이 여러 명인 경우 | 다옴법무사사무소,창원 5개 구 상속등기 필요서류. 상속인 다수·협의분할·위임 서류. 부산 해운대 사무소. 해운대·센텀 다옴법무사사무소에서 전화·카카오톡·방문(예약) 상담이 가능합니다.,창원 상속등기 필요서류｜상속인이 여러 명인 경우 | 다옴법무사사무소,창원 5개 구 상속등기 필요서류. 상속인 다수·협의분할·위임 서류. 부산 해운대 사무소. 해운대·센텀 다옴법무사사무소에서 전화·카카오톡·방문(예약) 상담이 가능합니다.,창원 상속등기 필요서류 — 상속인이 여러 명일 때,창원 사건을 한 사무소에서 검토하는 방법 | 안윤정 법무사가 직접 확인하는 범위 | 원본서류가 필요한 단계 | 여러 필지·여러 지역이 섞인 경우 | 협의분할과 법정지분 | 취득세·국민주택채권·수수료 | 일반적인 상담 유형 | 상담 전 준비하면 좋은 정보,"창원 5개 구 부동산 상속등기에서 상속인이 여러 명이면 협의분할·위임·인감 준비가 핵심입니다. 다옴법무사사무소는 부산 해운대구에 있으며 창원에 별도 지점이 없습니다. 상속인별 가족관계·인감·위임, 구·필지별 등기부, 협의분할서를 일반적인 상담 유형 기준으로 정리해 안내합니다. 타지역 상속인은 비대면 위임·화상으로 맞추고, 원본 필요 단계만 부산 해운대 방문·우편을 안내합니다. 창원 5개 구 부동산 상속등기에서 상속인이 여러 명이면 협의분할·위임·인감 준비가 핵심입니다. 다옴법무사사무소는 부산 해운대구에 있으며 창원에 별도 지점이 없습니다. 상속인별 가족관계·인감·위임, 구·필지별 등기부, 협의분할서를 일반적인 상담 유형 기준으로 정리해 안내합니다. 타지역 상속인은 비대면 위임·화상으로 맞추고, 원본 필요 단계만 부산 해운대 방문·우편을 안내합니다. 다옴법무사사무소는 부산 해운대구에 있으며 창원에 별도 지점이 있는 것은 아닙니다. 경남 창원 소재·문의 업무 공유 관할·방문·비대면 범위",458,3,/업무사례/창원성산구상속등기법무사::창원 상속등기 필요서류 || /업무사례/마산회원구상속등기법무사::창원 상속등기 필요서류 || /업무사례/창원상속등기비용::창원 상속등기 필요서류,창원 성산구 상속등기>/업무사례/창원성산구상속등기법무사 || 진해구 상속등기 법무사>/업무사례/진해구상속등기법무사 || 창원 상속등기 비용>/업무사례/창원상속등기비용 || 창원상속등기법무사>/업무사례/창원상속등기법무사 || 전국상속등기법무사>/업무사례/전국상속등기법무사 || 전국비대면법무사>/업무사례/전국비대면법무사 || 창원 다수 상속인 서류 문의>/contact/inquiry?from=nationwide&region=%EA%B2%BD%EB%82%A8%20%EC%B0%BD%EC%9B%90&field=inheritance-registration || 부산에서 법무사 찾을 때 허브로 돌아가기>/부산법무사 || 해운대·센텀 법무사 상담>/해운대법무사 || 센텀 법인·부동산 등기>/센텀법무사 || 부산 여성 법무사 상담>/부산여성법무사 || 부산 상속등기 절차>/부산상속등기,홈 > 업무 사례 > 경남 지역 업무사례 > 창원,yes,WebPage+FAQ,,SERP_UNVERIFIED,inheritance-supporting,case,창원5개구부동산상속등기에서상속인이여러명이면협의분할·위임·인감준비가핵심입니다.다옴법무사사무소는부산해운대구에있으며창원에별도지점이없습니다.상속인별가족
/업무사례/부산거주김해부동산상속,generated,"index,follow",yes,/업무사례/부산거주김해부동산상속,부산 거주자의 김해 부동산 상속등기｜… | 다옴법무사사무소,"부산 거주·김해 부동산 상속등기. 거주지와 소재지 불일치, 방문·비대면 선택. 부산 해운대 사무소. 해운대·센텀 다옴법무사사무소에서 전화·카카오톡·방문(예약) 상담이 가능합니다.",부산 거주자의 김해 부동산 상속등기｜… | 다옴법무사사무소,"부산 거주·김해 부동산 상속등기. 거주지와 소재지 불일치, 방문·비대면 선택. 부산 해운대 사무소. 해운대·센텀 다옴법무사사무소에서 전화·카카오톡·방문(예약) 상담이 가능합니다.",부산에 사는데 김해 부동산만 상속받는 경우,김해 상속등기 가능 여부 | 부산 해운대 사무소에 맡길 수 있는 이유 | 관할·신청 방식 안내 | 김해에서 자주 문의되는 상황 | 방문 상담이 적합한 경우 | 비대면으로 먼저 검토하는 경우 | 필요서류와 진행 절차 | 법무사 보수와 공과금,"부산에 거주하면서 김해·장유·율하 부동산만 상속받는 경우, 거주지와 부동산 소재가 달라도 상속등기는 관할 특례로 검토할 수 있습니다. 다옴법무사사무소는 부산 해운대구에 있으며 김해 지점은 없습니다. 부산 거주 상속인은 사무소 방문이 편하고, 다른 상속인이 경남·수도권에 있으면 비대면 위임·협의로 맞출 수 있습니다. 일반적인 상담 유형으로 김해 부동산 목록·협의분할·서류를 정리합니다. 부산에 거주하면서 김해·장유·율하 부동산만 상속받는 경우, 거주지와 부동산 소재가 달라도 상속등기는 관할 특례로 검토할 수 있습니다. 다옴법무사사무소는 부산 해운대구에 있으며 김해 지점은 없습니다. 부산 거주 상속인은 사무소 방문이 편하고, 다른 상속인이 경남·수도권에 있으면 비대면 위임·협의로 맞출 수 있습니다. 일반적인 상담 유형으로 김해 부동산 목록·협의분할·서류를 정리합니다. 다옴법무사사무소는 부산 해운대구에 있으며 김해에 별도 지점이 있는 것은 아닙니다. 경남 김해 소재·문의 업무 공유 관할·방",469,3,/업무사례/김해상속등기법무사::부산 거주 김해 부동산 상속 || /업무사례/장유상속등기법무사::부산 거주 김해 부동산 상속 || /업무사례/김해거주부산부동산상속::부산 거주 김해 부동산 상속,장유 상속등기 법무사>/업무사례/장유상속등기법무사 || 김해상속등기법무사>/업무사례/김해상속등기법무사 || 김해 상속등기 필요서류>/업무사례/김해상속등기필요서류 || 경남 법무사 업무>/업무사례/경남법무사업무 || 전국상속등기법무사>/업무사례/전국상속등기법무사 || 부산 상속등기>/부산상속등기 || 전국비대면법무사>/업무사례/전국비대면법무사 || 부산 거주·김해 부동산 상담>/contact/inquiry?from=nationwide&region=%EA%B2%BD%EB%82%A8%20%EA%B9%80%ED%95%B4&field=inheritance-registration || 부산에서 법무사 찾을 때 허브로 돌아가기>/부산법무사 || 해운대·센텀 법무사 상담>/해운대법무사 || 센텀 법인·부동산 등기>/센텀법무사 || 부산 여성 법무사 상담>/부산여성법무사,홈 > 업무 사례 > 경남 지역 업무사례 > 김해,yes,WebPage+FAQ,,SERP_UNVERIFIED,inheritance-supporting,case,"부산에거주하면서김해·장유·율하부동산만상속받는경우,거주지와부동산소재가달라도상속등기는관할특례로검토할수있습니다.다옴법무사사무소는부산해운대구에있으며김해"
/업무사례/김해거주부산부동산상속,generated,"index,follow",yes,/업무사례/김해거주부산부동산상속,김해 거주자의 부산 상속부동산｜부산 … | 다옴법무사사무소,김해 거주·부산 부동산 상속등기. 부산 법무사·관할 특례·비대면 절차. 김해 지점 없음. 해운대·센텀 다옴법무사사무소에서 전화·카카오톡·방문(예약) 상담이 가능합니다.,김해 거주자의 부산 상속부동산｜부산 … | 다옴법무사사무소,김해 거주·부산 부동산 상속등기. 부산 법무사·관할 특례·비대면 절차. 김해 지점 없음. 해운대·센텀 다옴법무사사무소에서 전화·카카오톡·방문(예약) 상담이 가능합니다.,김해에 사는데 부산 부동산만 상속받는 경우,검색하신 김해 업무에 대한 바로 답변 | 사무소 위치와 지점 안내(오인 방지) | 법정 관할과 특례를 구분하는 방법 | 김해 고유 상담 상황 | 가까운 경남이라 방문하고 싶을 때 | 서류 사진으로 시작하는 방법 | 비용 구성과 처리기간 | 관련 지역·업무로 이어가기,김해·장유에 거주하면서 부산 해운대·수영·기장 등 부산 소재 부동산만 상속받는 경우가 많습니다. 다옴법무사사무소는 부산 해운대구에 있으며 김해 지점은 없습니다. 김해 거주 상속인도 부산 사무소 방문 또는 비대면 위임으로 상담부터 신청까지 진행합니다. 일반적인 상담 유형으로 부산·김해 부동산이 함께 있을 때 목록·협의·취득세를 묶어 안내합니다. 김해·장유에 거주하면서 부산 해운대·수영·기장 등 부산 소재 부동산만 상속받는 경우가 많습니다. 다옴법무사사무소는 부산 해운대구에 있으며 김해 지점은 없습니다. 김해 거주 상속인도 부산 사무소 방문 또는 비대면 위임으로 상담부터 신청까지 진행합니다. 일반적인 상담 유형으로 부산·김해 부동산이 함께 있을 때 목록·협의·취득세를 묶어 안내합니다. 다옴법무사사무소는 부산 해운대구에 있으며 김해에 별도 지점이 있는 것은 아닙니다. 경남 김해 소재·문의 업무 공유 관할·방문·비대면 범위 검토 보수·공과금 구분 안내 원본 전달 후 접수·보정·완료 공유 부,443,0,,부산 거주 김해 부동산 상속>/업무사례/부산거주김해부동산상속 || 김해상속등기법무사>/업무사례/김해상속등기법무사 || 장유 상속등기 법무사>/업무사례/장유상속등기법무사 || 경남 법무사 업무>/업무사례/경남법무사업무 || 전국상속등기법무사>/업무사례/전국상속등기법무사 || 부산 상속등기>/부산상속등기 || 김해 거주·부산 부동산 상담>/contact/inquiry?from=nationwide&region=%EA%B2%BD%EB%82%A8%20%EA%B9%80%ED%95%B4&field=inheritance-registration || 부산에서 법무사 찾을 때 허브로 돌아가기>/부산법무사 || 해운대·센텀 법무사 상담>/해운대법무사 || 센텀 법인·부동산 등기>/센텀법무사 || 부산 여성 법무사 상담>/부산여성법무사 || 부산 법인등기 안내>/부산법인등기,홈 > 업무 사례 > 경남 지역 업무사례 > 김해,yes,WebPage+FAQ,,SERP_UNVERIFIED,inheritance-supporting,case,김해·장유에거주하면서부산해운대·수영·기장등부산소재부동산만상속받는경우가많습니다.다옴법무사사무소는부산해운대구에있으며김해지점은없습니다.김해거주상속인도
/업무사례/부산거주양산부동산상속,generated,"index,follow",yes,/업무사례/부산거주양산부동산상속,부산 거주자의 양산 부동산 상속등기｜… | 다옴법무사사무소,"부산 거주·양산 부동산 상속등기. 물금·증산·사송 비대면·방문. 양산 지점 없음, 부산 해운대. 해운대·센텀 다옴법무사사무소에서 전화·카카오톡·방문(예약) 상담이 가능합니다.",부산 거주자의 양산 부동산 상속등기｜… | 다옴법무사사무소,"부산 거주·양산 부동산 상속등기. 물금·증산·사송 비대면·방문. 양산 지점 없음, 부산 해운대. 해운대·센텀 다옴법무사사무소에서 전화·카카오톡·방문(예약) 상담이 가능합니다.",부산에 사는데 양산 부동산만 상속받을 때,검색하신 양산 업무에 대한 바로 답변 | 사무소 위치와 지점 안내(오인 방지) | 법정 관할과 특례를 구분하는 방법 | 양산 고유 상담 상황 | 가까운 경남이라 방문하고 싶을 때 | 서류 사진으로 시작하는 방법 | 비용 구성과 처리기간 | 관련 지역·업무로 이어가기,"부산에 거주하면서 양산 물금·증산·사송 아파트·토지만 상속받는 경우, 거주지와 소재지가 달라도 상속등기 관할 특례 검토가 가능합니다. 다옴법무사사무소는 부산 해운대구에 있으며 양산 지점은 없습니다. 부산 거주 상속인은 사무소 방문이 편하고, 다른 상속인이 타지역에 있으면 비대면 위임·협의로 진행합니다. 일반적인 상담 유형으로 양산 부동산 목록·협의분할·서류를 정리합니다. 부산에 거주하면서 양산 물금·증산·사송 아파트·토지만 상속받는 경우, 거주지와 소재지가 달라도 상속등기 관할 특례 검토가 가능합니다. 다옴법무사사무소는 부산 해운대구에 있으며 양산 지점은 없습니다. 부산 거주 상속인은 사무소 방문이 편하고, 다른 상속인이 타지역에 있으면 비대면 위임·협의로 진행합니다. 일반적인 상담 유형으로 양산 부동산 목록·협의분할·서류를 정리합니다. 다옴법무사사무소는 부산 해운대구에 있으며 양산에 별도 지점이 있는 것은 아닙니다. 경남 양산 소재·문의 업무 공유 관할·방문·비대면 범위 검토 보수",445,3,/업무사례/물금상속등기법무사::부산 거주 양산 부동산 상속 || /업무사례/양산거주부산부동산상속::부산 거주 양산 부동산 상속 || /업무사례/양산상속포기한정승인::부산 거주 양산 부동산 상속,양산 법무사>/업무사례/양산법무사업무 || 물금 상속등기 법무사>/업무사례/물금상속등기법무사 || 양산상속등기법무사>/업무사례/양산상속등기법무사 || 양산 거주 부산 부동산 상속>/업무사례/양산거주부산부동산상속 || 경남 법무사 업무>/업무사례/경남법무사업무 || 전국상속등기법무사>/업무사례/전국상속등기법무사 || 부산 상속등기>/부산상속등기 || 전국비대면법무사>/업무사례/전국비대면법무사 || 부산 거주·양산 부동산 상담>/contact/inquiry?from=nationwide&region=%EA%B2%BD%EB%82%A8%20%EC%96%91%EC%82%B0&field=inheritance-registration || 부산에서 법무사 찾을 때 허브로 돌아가기>/부산법무사 || 해운대·센텀 법무사 상담>/해운대법무사 || 센텀 법인·부동산 등기>/센텀법무사,홈 > 업무 사례 > 경남 지역 업무사례 > 양산,yes,WebPage+FAQ,,SERP_UNVERIFIED,inheritance-supporting,case,"부산에거주하면서양산물금·증산·사송아파트·토지만상속받는경우,거주지와소재지가달라도상속등기관할특례검토가가능합니다.다옴법무사사무소는부산해운대구에있으며양"
/업무사례/양산거주부산부동산상속,generated,"index,follow",yes,/업무사례/양산거주부산부동산상속,양산 거주자의 부산 상속부동산｜가까운… | 다옴법무사사무소,양산 거주·부산 부동산 상속등기. 가까운 부산 해운대 사무소 방문·비대면. 양산 지점 없음. 해운대·센텀 다옴법무사사무소에서 전화·카카오톡·방문(예약) 상담이 가능합니다.,양산 거주자의 부산 상속부동산｜가까운… | 다옴법무사사무소,양산 거주·부산 부동산 상속등기. 가까운 부산 해운대 사무소 방문·비대면. 양산 지점 없음. 해운대·센텀 다옴법무사사무소에서 전화·카카오톡·방문(예약) 상담이 가능합니다.,양산에 사는데 부산 부동산만 상속받는 경우,양산 상속등기 가능 여부 | 부산 해운대 사무소에 맡길 수 있는 이유 | 관할·신청 방식 안내 | 양산에서 자주 문의되는 상황 | 방문 상담이 적합한 경우 | 비대면으로 먼저 검토하는 경우 | 필요서류와 진행 절차 | 법무사 보수와 공과금,"양산·물금·증산에 거주하면서 부산 해운대·기장·수영 등 부산 부동산만 상속받는 경우, 거리상 부산 법무사 방문이 편할 수 있습니다. 다옴법무사사무소는 부산 해운대구에 있으며 양산 지점은 없습니다. 양산 거주 상속인도 부산 사무소 방문 또는 비대면으로 상담부터 신청까지 진행합니다. 일반적인 상담 유형으로 부산·양산 부동산이 함께 있을 때 목록·협의·비용을 묶어 안내합니다. 양산·물금·증산에 거주하면서 부산 해운대·기장·수영 등 부산 부동산만 상속받는 경우, 거리상 부산 법무사 방문이 편할 수 있습니다. 다옴법무사사무소는 부산 해운대구에 있으며 양산 지점은 없습니다. 양산 거주 상속인도 부산 사무소 방문 또는 비대면으로 상담부터 신청까지 진행합니다. 일반적인 상담 유형으로 부산·양산 부동산이 함께 있을 때 목록·협의·비용을 묶어 안내합니다. 다옴법무사사무소는 부산 해운대구에 있으며 양산에 별도 지점이 있는 것은 아닙니다. 경남 양산 소재·문의 업무 공유 관할·방문·비대면 범위 검토 보수",451,2,/업무사례/사송상속등기법무사::양산 거주 부산 부동산 상속 || /업무사례/부산거주양산부동산상속::양산 거주 부산 부동산 상속,양산 법무사>/업무사례/양산법무사업무 || 부산 거주 양산 부동산 상속>/업무사례/부산거주양산부동산상속 || 양산상속등기법무사>/업무사례/양산상속등기법무사 || 물금 상속등기 법무사>/업무사례/물금상속등기법무사 || 경남 법무사 업무>/업무사례/경남법무사업무 || 전국상속등기법무사>/업무사례/전국상속등기법무사 || 부산 상속등기>/부산상속등기 || 양산 거주·부산 부동산 상담>/contact/inquiry?from=nationwide&region=%EA%B2%BD%EB%82%A8%20%EC%96%91%EC%82%B0&field=inheritance-registration || 부산에서 법무사 찾을 때 허브로 돌아가기>/부산법무사 || 해운대·센텀 법무사 상담>/해운대법무사 || 센텀 법인·부동산 등기>/센텀법무사 || 부산 여성 법무사 상담>/부산여성법무사,홈 > 업무 사례 > 경남 지역 업무사례 > 양산,yes,WebPage+FAQ,,SERP_UNVERIFIED,inheritance-supporting,case,"양산·물금·증산에거주하면서부산해운대·기장·수영등부산부동산만상속받는경우,거리상부산법무사방문이편할수있습니다.다옴법무사사무소는부산해운대구에있으며양산지"
/업무사례/경남오래된상속등기,generated,"index,follow",yes,/업무사례/경남오래된상속등기,경남 오래된 상속등기｜수십 년 전 부… | 다옴법무사사무소,경남 오래된 상속등기. 수십 년 전 부모·조부모 명의 부동산 정리. 부산 해운대 사무소. 해운대·센텀 다옴법무사사무소에서 전화·카카오톡·방문(예약) 상담이 가능합니다.,경남 오래된 상속등기｜수십 년 전 부… | 다옴법무사사무소,경남 오래된 상속등기. 수십 년 전 부모·조부모 명의 부동산 정리. 부산 해운대 사무소. 해운대·센텀 다옴법무사사무소에서 전화·카카오톡·방문(예약) 상담이 가능합니다.,경남에서 수십 년 전 부모·조부모 명의 부동산 상속등기,검색하신 경남 업무에 대한 바로 답변 | 사무소 위치와 지점 안내(오인 방지) | 법정 관할과 특례를 구분하는 방법 | 경남 고유 상담 상황 | 가까운 경남이라 방문하고 싶을 때 | 서류 사진으로 시작하는 방법 | 비용 구성과 처리기간 | 관련 지역·업무로 이어가기,"경남 김해·양산·창원 등에서 수십 년 전 부모·조부모 명의로 남아 있는 부동산이 상속·매각 전에 정리되어야 하는 경우가 많습니다. 다옴법무사사무소는 부산 해운대구에 있으며 경남 지점은 없습니다. 연쇄 상속·가족관계·등기부 현황을 먼저 확인하고, 일반적인 상담 유형 기준으로 순차 등기·협의분할 절차를 안내합니다. 방문·비대면 모두 등기부·가족관계 사본으로 개요 검토가 가능합니다. 경남 김해·양산·창원 등에서 수십 년 전 부모·조부모 명의로 남아 있는 부동산이 상속·매각 전에 정리되어야 하는 경우가 많습니다. 다옴법무사사무소는 부산 해운대구에 있으며 경남 지점은 없습니다. 연쇄 상속·가족관계·등기부 현황을 먼저 확인하고, 일반적인 상담 유형 기준으로 순차 등기·협의분할 절차를 안내합니다. 방문·비대면 모두 등기부·가족관계 사본으로 개요 검토가 가능합니다. 다옴법무사사무소는 부산 해운대구에 있으며 경남·김해·양산·창원에 별도 지점이 있는 것은 아닙니다. 경남 소재·문의 업무 공유 관할·방",452,4,/오래된상속토지정리::경남 오래된 상속등기 사례 || /업무사례/경남상속등기법무사::경남 오래된 상속등기 || /업무사례/경남조부모명의토지상속::경남 오래된 상속등기 || /업무사례/경남유증등기법무사::경남 오래된 상속등기,경남 조부모 명의 토지 상속>/업무사례/경남조부모명의토지상속 || 경남 여러 필지 토지 상속>/업무사례/경남여러필지토지상속 || 경남상속등기법무사>/업무사례/경남상속등기법무사 || 경남 법무사 업무>/업무사례/경남법무사업무 || 전국상속등기법무사>/업무사례/전국상속등기법무사 || 부산 상속등기>/부산상속등기 || 경남 오래된 상속등기 상담>/contact/inquiry?from=nationwide&region=%EA%B2%BD%EB%82%A8&field=inheritance-registration || 부산에서 법무사 찾을 때 허브로 돌아가기>/부산법무사 || 해운대·센텀 법무사 상담>/해운대법무사 || 센텀 법인·부동산 등기>/센텀법무사 || 부산 여성 법무사 상담>/부산여성법무사 || 부산 법인등기 안내>/부산법인등기,홈 > 업무 사례 > 경남 지역 업무사례 > 경남,yes,WebPage+FAQ,,SERP_UNVERIFIED,inheritance-supporting,case,경남김해·양산·창원등에서수십년전부모·조부모명의로남아있는부동산이상속·매각전에정리되어야하는경우가많습니다.다옴법무사사무소는부산해운대구에있으며경남지점은
/업무사례/경남조부모명의토지상속,generated,"index,follow",yes,/업무사례/경남조부모명의토지상속,경남 조부모 명의 토지 상속등기｜부모… | 다옴법무사사무소,경남 조부모 명의 토지 상속. 부모 사망 연쇄 상속·가족관계 정리. 부산 해운대 사무소. 해운대·센텀 다옴법무사사무소에서 전화·카카오톡·방문(예약) 상담이 가능합니다.,경남 조부모 명의 토지 상속등기｜부모… | 다옴법무사사무소,경남 조부모 명의 토지 상속. 부모 사망 연쇄 상속·가족관계 정리. 부산 해운대 사무소. 해운대·센텀 다옴법무사사무소에서 전화·카카오톡·방문(예약) 상담이 가능합니다.,경남 조부모 명의 토지 — 부모님도 돌아가신 경우,경남 사건을 한 사무소에서 검토하는 방법 | 안윤정 법무사가 직접 확인하는 범위 | 원본서류가 필요한 단계 | 여러 필지·여러 지역이 섞인 경우 | 협의분할과 법정지분 | 취득세·국민주택채권·수수료 | 일반적인 상담 유형 | 상담 전 준비하면 좋은 정보,"경남 읍·면·리에 조부모 명의 토지가 남아 있고 부모님도 사망한 연쇄 상속 사례는 가족관계·상속순위 정리가 핵심입니다. 다옴법무사사무소는 부산 해운대구에 있으며 경남 지점은 없습니다. 조부모→부모→손자녀 순 연쇄 등기가 필요한지, 협의분할이 가능한지 일반적인 상담 유형 기준으로 검토합니다. 등기부·가족관계 사본으로 비대면 개요 확인 후, 원본 단계만 방문·우편을 안내합니다. 경남 읍·면·리에 조부모 명의 토지가 남아 있고 부모님도 사망한 연쇄 상속 사례는 가족관계·상속순위 정리가 핵심입니다. 다옴법무사사무소는 부산 해운대구에 있으며 경남 지점은 없습니다. 조부모→부모→손자녀 순 연쇄 등기가 필요한지, 협의분할이 가능한지 일반적인 상담 유형 기준으로 검토합니다. 등기부·가족관계 사본으로 비대면 개요 확인 후, 원본 단계만 방문·우편을 안내합니다. 다옴법무사사무소는 부산 해운대구에 있으며 경남·김해·양산·창원에 별도 지점이 있는 것은 아닙니다. 경남 소재·문의 업무 공유 관할·방문·비대",442,2,/업무사례/경남오래된상속등기::경남 조부모 명의 토지 상속 || /업무사례/경남여러필지토지상속::경남 조부모 명의 토지 상속,경남 오래된 상속등기>/업무사례/경남오래된상속등기 || 경남 여러 필지 토지 상속>/업무사례/경남여러필지토지상속 || 창원 의창구 상속등기>/업무사례/창원의창구상속등기법무사 || 경남상속등기법무사>/업무사례/경남상속등기법무사 || 전국상속등기법무사>/업무사례/전국상속등기법무사 || 전국비대면법무사>/업무사례/전국비대면법무사 || 조부모 명의 토지 상속 상담>/contact/inquiry?from=nationwide&region=%EA%B2%BD%EB%82%A8&field=inheritance-registration || 부산에서 법무사 찾을 때 허브로 돌아가기>/부산법무사 || 해운대·센텀 법무사 상담>/해운대법무사 || 센텀 법인·부동산 등기>/센텀법무사 || 부산 여성 법무사 상담>/부산여성법무사 || 부산 상속등기 절차>/부산상속등기,홈 > 업무 사례 > 경남 지역 업무사례 > 경남,yes,WebPage+FAQ,,SERP_UNVERIFIED,inheritance-supporting,case,경남읍·면·리에조부모명의토지가남아있고부모님도사망한연쇄상속사례는가족관계·상속순위정리가핵심입니다.다옴법무사사무소는부산해운대구에있으며경남지점은없습니다
/업무사례/경남여러필지토지상속,generated,"index,follow",yes,/업무사례/경남여러필지토지상속,경남 여러 필지 토지 상속등기｜부동산… | 다옴법무사사무소,경남 여러 필지 토지 상속등기. 부동산 누락 방지·목록화·협의분할. 부산 해운대 사무소. 해운대·센텀 다옴법무사사무소에서 전화·카카오톡·방문(예약) 상담이 가능합니다.,경남 여러 필지 토지 상속등기｜부동산… | 다옴법무사사무소,경남 여러 필지 토지 상속등기. 부동산 누락 방지·목록화·협의분할. 부산 해운대 사무소. 해운대·센텀 다옴법무사사무소에서 전화·카카오톡·방문(예약) 상담이 가능합니다.,경남 여러 필지 토지 상속 — 누락 없이 정리하기,경남 사건을 한 사무소에서 검토하는 방법 | 안윤정 법무사가 직접 확인하는 범위 | 원본서류가 필요한 단계 | 여러 필지·여러 지역이 섞인 경우 | 협의분할과 법정지분 | 취득세·국민주택채권·수수료 | 일반적인 상담 유형 | 상담 전 준비하면 좋은 정보,"경남 김해·양산·창원·읍·면에 조상 명의 토지가 여러 필지로 흩어져 있으면 상속등기 전 목록화가 중요합니다. 다옴법무사사무소는 부산 해운대구에 있으며 경남 지점은 없습니다. 지번·지목·면적을 표로 정리하고, 협의분할·순차 등기·취득세를 일반적인 상담 유형 기준으로 안내합니다. 등기부 다건 사진으로 비대면 개요 검토 후, 누락 필지가 없는지 확인합니다. 경남 김해·양산·창원·읍·면에 조상 명의 토지가 여러 필지로 흩어져 있으면 상속등기 전 목록화가 중요합니다. 다옴법무사사무소는 부산 해운대구에 있으며 경남 지점은 없습니다. 지번·지목·면적을 표로 정리하고, 협의분할·순차 등기·취득세를 일반적인 상담 유형 기준으로 안내합니다. 등기부 다건 사진으로 비대면 개요 검토 후, 누락 필지가 없는지 확인합니다. 다옴법무사사무소는 부산 해운대구에 있으며 경남·김해·양산·창원에 별도 지점이 있는 것은 아닙니다. 경남 소재·문의 업무 공유 관할·방문·비대면 범위 검토 보수·공과금 구분 안내 원본 전달",448,4,/업무사례/경남상속등기법무사::경남 여러 필지 토지 상속 || /업무사례/마산합포구상속등기법무사::경남 여러 필지 토지 상속 || /업무사례/경남오래된상속등기::경남 여러 필지 토지 상속 || /업무사례/경남조부모명의토지상속::경남 여러 필지 토지 상속,경남 조부모 명의 토지 상속>/업무사례/경남조부모명의토지상속 || 마산합포구 상속등기>/업무사례/마산합포구상속등기법무사 || 창원 의창구 상속등기>/업무사례/창원의창구상속등기법무사 || 경남상속등기법무사>/업무사례/경남상속등기법무사 || 전국상속등기법무사>/업무사례/전국상속등기법무사 || 전국상속부동산일괄등기>/업무사례/전국상속부동산일괄등기 || 경남 다필지 토지 상담>/contact/inquiry?from=nationwide&region=%EA%B2%BD%EB%82%A8&field=inheritance-registration || 부산에서 법무사 찾을 때 허브로 돌아가기>/부산법무사 || 해운대·센텀 법무사 상담>/해운대법무사 || 센텀 법인·부동산 등기>/센텀법무사 || 부산 여성 법무사 상담>/부산여성법무사 || 부산 상속등기 절차>/부산상속등기,홈 > 업무 사례 > 경남 지역 업무사례 > 경남,yes,WebPage+FAQ,,SERP_UNVERIFIED,inheritance-supporting,case,경남김해·양산·창원·읍·면에조상명의토지가여러필지로흩어져있으면상속등기전목록화가중요합니다.다옴법무사사무소는부산해운대구에있으며경남지점은없습니다.지번·
/업무사례/양산법무사업무,generated,"index,follow",yes,/업무사례/양산법무사업무,양산 법무사｜상속·부동산·법인 업무 … | 다옴법무사사무소,양산 법무사 업무를 고를 때 상속등기·포기·증여·근저당·법인등기·멸실·회생 중 무엇이 필요한지부터 구분합니다. 양산 지점 없이 부산 해운대에서 방문·비대면 가능 범위를 안내합니다.,양산 법무사｜상속·부동산·법인 업무 … | 다옴법무사사무소,양산 법무사 업무를 고를 때 상속등기·포기·증여·근저당·법인등기·멸실·회생 중 무엇이 필요한지부터 구분합니다. 양산 지점 없이 부산 해운대에서 방문·비대면 가능 범위를 안내합니다.,양산에서 법무사 업무가 필요할 때 먼저 확인할 것,양산에서 문의할 수 있는 업무 | 검색하신 양산 업무에 대한 바로 답변 | 사무소 위치와 지점 안내(오인 방지) | 법정 관할과 특례를 구분하는 방법 | 양산 고유 상담 상황 | 가까운 경남이라 방문하고 싶을 때 | 서류 사진으로 시작하는 방법 | 비용 구성과 처리기간 | 관련 지역·업무로 이어가기,"양산시에서 법무사를 찾는 이유는 보통 ‘양산 법무사 추천’이나 ‘가까운 사무소’보다, 지금 필요한 등기·신고가 무엇인지부터 헷갈리기 때문입니다. 부모님 부동산의 상속등기인지, 채무가 걱정되어 상속포기·한정승인인지, 부모·자녀 증여인지, 대출 상환 후 근저당 말소인지, 법인 임원·본점 변경인지에 따라 서류와 관할·기한이 달라집니다. 다옴법무사사무소는 부산 해운대구에 있으며 양산시에 지점을 두지 않습니다. 물금읍·동면·웅상권(서창·소주·평산·덕계) 등 양산 어디에 부동산이나 본점이 있어도, 먼저 전화·카카오톡·네이버 톡톡으로 상황을 확인한 뒤 방문이 필요한지·서류 사진으로 충분한지 구분해 안내합니다. 경남 법무사 업무 허브가 김해·양산·창원을 넓게 묶는다면, 이 페이지는 양산시 검색자가 업무를 고르는 데에만 집중합니다. 비용은 정액으로 단정하지 않고, 부동산 주소·상속인 수·변경 항목·등기부 상태처럼 견적에 필요한 자료를 먼저 정리합니다. 업무명을 몰라도 ‘사망 후 정리’, ‘부동산 이",1284,18,/부산법무사::양산 법무사 — 인접 시 업무 허브 || /업무사례/양산상속등기법무사::양산 법무사 || /업무사례/경남법무사업무::양산 법무사 || /업무사례/경남법무사업무::양산 법무사 업무 || /업무사례/물금상속등기법무사::양산 법무사 || /업무사례/증산상속등기법무사::양산 법무사 || /업무사례/사송상속등기법무사::양산 법무사 || /업무사례/양산상속등기비용::양산 법무사 || /업무사례/부산거주양산부동산상속::양산 법무사 || /업무사례/양산거주부산부동산상속::양산 법무사 || /업무사례/양산법인등기법무사::양산 법무사 || /업무사례/양산상속포기한정승인::양산 법무사,양산상속등기법무사>/업무사례/양산상속등기법무사 || 양산 상속포기 법무사>/업무사례/양산상속포기한정승인 || 양산 부동산등기 법무사>/업무사례/양산부동산등기법무사 || 양산 증여등기 법무사>/업무사례/양산증여등기법무사 || 양산 법인등기 법무사>/업무사례/양산법인등기법무사 || 부산법무사>/부산법무사 || 부산상속등기>/부산상속등기 || 부산법인법무사>/부산법인법무사 || 양산 업무 가능 여부 확인>/contact/inquiry?from=nationwide&region=%EA%B2%BD%EB%82%A8%20%EC%96%91%EC%82%B0&field=other || 해운대·센텀 법무사 상담>/해운대법무사 || 센텀 법인·부동산 등기>/센텀법무사 || 부산 여성 법무사 상담>/부산여성법무사,홈 > 업무 사례 > 경남 지역 업무사례 > 양산,yes,WebPage+FAQ,,SERP_UNVERIFIED,other,case,"양산시에서법무사를찾는이유는보통‘양산법무사추천’이나‘가까운사무소’보다,지금필요한등기·신고가무엇인지부터헷갈리기때문입니다.부모님부동산의상속등기인지,채"
/업무사례/양산상속포기한정승인,generated,"index,follow",yes,/업무사례/양산상속포기한정승인,양산 상속포기｜부모님 빚이 걱정된다면… | 다옴법무사사무소,"양산 상속포기·한정승인. 부모님 채무가 걱정될 때 상속등기보다 먼저 볼 승인 방식과 기한, 관할 가정법원을 안내합니다. 양산 지점 없이 부산 해운대에서 서류 준비를 검토합니다.",양산 상속포기｜부모님 빚이 걱정된다면… | 다옴법무사사무소,"양산 상속포기·한정승인. 부모님 채무가 걱정될 때 상속등기보다 먼저 볼 승인 방식과 기한, 관할 가정법원을 안내합니다. 양산 지점 없이 부산 해운대에서 서류 준비를 검토합니다.",양산에서 부모님 채무가 걱정될 때 먼저 확인할 것,양산 사건을 한 사무소에서 검토하는 방법 | 안윤정 법무사가 직접 확인하는 범위 | 원본서류가 필요한 단계 | 여러 필지·여러 지역이 섞인 경우 | 협의분할과 법정지분 | 취득세·국민주택채권·수수료 | 일반적인 상담 유형 | 상담 전 준비하면 좋은 정보,"양산에 아파트·토지가 있어도 카드대금·보증·개인 채무가 확인되지 않으면, 상속등기부터 진행하기보다 상속포기·한정승인을 먼저 검토하는 것이 안전합니다. 상속을 안 날부터 원칙적으로 3개월 이내에 가정법원에 신고해야 하며, 그 사이에도 기한은 흘러갑니다. 피상속인의 최후 주소지가 양산시인 경우 관할은 울산가정법원 체계를 따르는 경우가 많고, 양산시법원은 상속포기 사건을 처리하는 법원이 아닙니다. 다옴법무사사무소는 부산 해운대구에 있으며 양산 지점은 없습니다. 부동산은 양산, 상속인은 부산·수도권인 경우에도 신고서·재산목록 준비를 사진·우편으로 먼저 맞출 수 있지만, 인감·서명이 필요한 원본은 별도로 안내합니다. 단순승인으로 등기만 마친 뒤 채무가 드러나면 대응이 어려워질 수 있어, ‘양산 상속 빚’, ‘사망 후 채무’ 검색이라면 이 페이지를 우선하세요. 포기와 한정승인은 선택이 다릅니다. 포기는 상속인 자격을 포기하는 의사표시이고, 한정승인은 상속재산 범위에서만 채무를 변제하는 방식입니",829,3,/업무사례/물금상속등기법무사::양산 상속포기 법무사 || /업무사례/양산법무사업무::양산 상속포기 법무사 || /업무사례/양산법무사업무::양산 상속포기·한정승인,양산 법무사>/업무사례/양산법무사업무 || 양산상속등기법무사>/업무사례/양산상속등기법무사 || 부산 거주 양산 부동산 상속>/업무사례/부산거주양산부동산상속 || 경남 법무사 업무>/업무사례/경남법무사업무 || 부산상속포기>/부산상속포기 || 부산한정승인>/부산한정승인 || services/inheritance-renunciation>/services/inheritance-renunciation || 양산 상속포기·한정승인 상담>/contact/inquiry?from=nationwide&region=%EA%B2%BD%EB%82%A8%20%EC%96%91%EC%82%B0&field=inheritance-renunciation || 부산에서 법무사 찾을 때 허브로 돌아가기>/부산법무사 || 해운대·센텀 법무사 상담>/해운대법무사 || 센텀 법인·부동산 등기>/센텀법무사 || 부산 여성 법무사 상담>/부산여성법무사,홈 > 업무 사례 > 경남 지역 업무사례 > 양산,yes,WebPage+FAQ,,SERP_UNVERIFIED,renunciation-supporting,case,"양산에아파트·토지가있어도카드대금·보증·개인채무가확인되지않으면,상속등기부터진행하기보다상속포기·한정승인을먼저검토하는것이안전합니다.상속을안날부터원칙적"
/업무사례/통영상속등기법무사,generated,"index,follow",yes,/업무사례/통영상속등기법무사,통영 상속등기 법무사｜상속인이 타지역… | 다옴법무사사무소,"통영 죽림·무전 아파트와 도서(섬) 지역 토지 상속등기 안내. 상속인이 부산·수도권 등 타지역에 있어도 준비하는 방법을 설명합니다. 부산 해운대 사무소, 통영 지점 없음.",통영 상속등기 법무사｜상속인이 타지역… | 다옴법무사사무소,"통영 죽림·무전 아파트와 도서(섬) 지역 토지 상속등기 안내. 상속인이 부산·수도권 등 타지역에 있어도 준비하는 방법을 설명합니다. 부산 해운대 사무소, 통영 지점 없음.","통영 상속부동산, 상속인이 타지역에 있어도 준비하는 순서",통영 상속등기 가능 여부 | 부산 해운대 사무소에 맡길 수 있는 이유 | 관할·신청 방식 안내 | 통영에서 자주 문의되는 상황 | 방문 상담이 적합한 경우 | 비대면으로 먼저 검토하는 경우 | 필요서류와 진행 절차 | 법무사 보수와 공과금,"통영 죽림·무전 신도심 아파트와 도서(섬) 지역 부동산이 함께 상속되는 경우, 정작 상속인은 통영이 아니라 부산·수도권 등 육지에 거주하는 경우가 많습니다. 다옴법무사사무소는 부산 해운대구에 있으며 통영에 별도 지점을 두고 있지 않지만, 상속등기는 부동산 소재지 기준 관할 특례가 적용될 수 있어 해운대 사무소에서 상담부터 신청까지 진행 가능한지 사건별로 검토합니다. 죽림·무전 생활권 아파트뿐 아니라 한산도·욕지도 등 섬 지역 토지·임야, 어촌계 관련 권리가 섞인 경우에는 지번과 지목부터 정리하는 것이 중요합니다. 육지에 거주하는 상속인은 등기부등본·가족관계증명서 사진으로 먼저 개요를 확인할 수 있고, 인감증명서·본인서명사실확인서처럼 원본이 필요한 서류는 그 시점에 미리 안내합니다. 모든 절차가 방문 없이 끝난다고 단정하지 않으며, 통영까지 직접 방문이 필요한 서류가 있으면 그 이유도 함께 설명합니다. 통영 죽림·무전 신도심 아파트와 도서(섬) 지역 부동산이 함께 상속되는 경우, 정작",783,7,/경상도비대면상속등기::통영 상속등기 || /상속::통영 상속등기 || /업무사례/경남법무사업무::통영 상속등기 법무사 || /업무사례/통영상속포기한정승인::통영 상속등기 법무사 || /업무사례/거제상속포기법무사::통영 상속등기 법무사 || /업무사례/경남비대면상속안내::통영 상속등기 법무사 || /업무사례/고성군상속등기법무사::통영 상속등기 법무사,경남 법무사 업무>/업무사례/경남법무사업무 || 통영 상속포기 법무사>/업무사례/통영상속포기한정승인 || 경남상속등기법무사>/업무사례/경남상속등기법무사 || 전국비대면법무사>/업무사례/전국비대면법무사 || 경상도비대면상속등기>/경상도비대면상속등기 || 통영 상속등기 가능 여부 문의>/contact/inquiry?from=nationwide&region=%EA%B2%BD%EB%82%A8%20%ED%86%B5%EC%98%81&field=inheritance-registration || 부산에서 법무사 찾을 때 허브로 돌아가기>/부산법무사 || 해운대·센텀 법무사 상담>/해운대법무사 || 센텀 법인·부동산 등기>/센텀법무사 || 부산 여성 법무사 상담>/부산여성법무사 || 부산 상속등기 절차>/부산상속등기 || 부산 법인등기 안내>/부산법인등기,홈 > 업무 사례 > 경남 지역 업무사례 > 통영,yes,WebPage+FAQ,,SERP_UNVERIFIED,inheritance-supporting,case,"통영죽림·무전신도심아파트와도서(섬)지역부동산이함께상속되는경우,정작상속인은통영이아니라부산·수도권등육지에거주하는경우가많습니다.다옴법무사사무소는부산해"
/업무사례/통영상속포기한정승인,generated,"index,follow",yes,/업무사례/통영상속포기한정승인,통영 상속포기·한정승인｜부모님 채무가… | 다옴법무사사무소,통영 거주 피상속인의 채무가 걱정될 때 3개월 기한 안에 확인할 순서. 재산조회 대기 중에도 기한은 별도로 흐릅니다. 관할 법원은 유지되며 부산 해운대 사무소에서 상담·서류 정리를 돕습니다.,통영 상속포기·한정승인｜부모님 채무가… | 다옴법무사사무소,통영 거주 피상속인의 채무가 걱정될 때 3개월 기한 안에 확인할 순서. 재산조회 대기 중에도 기한은 별도로 흐릅니다. 관할 법원은 유지되며 부산 해운대 사무소에서 상담·서류 정리를 돕습니다.,통영에서 상속포기·한정승인을 검토하는 순서,통영 상속등기 가능 여부 | 부산 해운대 사무소에 맡길 수 있는 이유 | 관할·신청 방식 안내 | 통영에서 자주 문의되는 상황 | 방문 상담이 적합한 경우 | 비대면으로 먼저 검토하는 경우 | 필요서류와 진행 절차 | 법무사 보수와 공과금,"통영에 거주하시던 부모님이 돌아가신 뒤 채무가 있는지 불확실하면 상속등기부터 서두르기보다 상속포기·한정승인 여부를 먼저 검토하는 것이 안전합니다. 상속포기·한정승인은 상속등기와 달리 관할 특례가 적용되지 않고 피상속인의 최후 주소지를 관할하는 가정법원에 신고합니다. 통영에 거주하셨다면 창원지방법원 통영지원이 관할인 경우가 많으며, 부산 해운대 사무소에서 상담과 서류 준비를 도와드리더라도 법원 관할 자체는 그대로 유지됩니다. 재산조회(안심상속 원스톱서비스) 결과를 기다리는 동안에도 사망일로부터 3개월이라는 고려기간은 별도로 흐르고 있어, 결과가 늦어진다는 이유만으로 기한이 늘어나지 않는다는 점을 먼저 안내합니다. 상속인이 부산·수도권 등 통영 밖에 거주해도 서류는 사진·우편으로 먼저 정리할 수 있지만, 가정법원 제출 서류의 인감·서명 확인은 원본이 필요할 수 있습니다. 통영에 거주하시던 부모님이 돌아가신 뒤 채무가 있는지 불확실하면 상속등기부터 서두르기보다 상속포기·한정승인 여부를 먼",740,1,/업무사례/통영상속등기법무사::통영 상속포기 법무사,통영 상속등기 법무사>/업무사례/통영상속등기법무사 || 경남 법무사 업무>/업무사례/경남법무사업무 || 부산상속포기>/부산상속포기 || 부모빚상속방법>/부모빚상속방법 || 통영 상속포기·한정승인 상담>/contact/inquiry?from=nationwide&region=%EA%B2%BD%EB%82%A8%20%ED%86%B5%EC%98%81&field=inheritance-renunciation || 부산에서 법무사 찾을 때 허브로 돌아가기>/부산법무사 || 해운대·센텀 법무사 상담>/해운대법무사 || 센텀 법인·부동산 등기>/센텀법무사 || 부산 여성 법무사 상담>/부산여성법무사 || 부산 상속등기 절차>/부산상속등기 || 부산 법인등기 안내>/부산법인등기 || 부산 부동산등기>/부산부동산등기,홈 > 업무 사례 > 경남 지역 업무사례 > 통영,yes,WebPage+FAQ,,SERP_UNVERIFIED,renunciation-supporting,case,통영에거주하시던부모님이돌아가신뒤채무가있는지불확실하면상속등기부터서두르기보다상속포기·한정승인여부를먼저검토하는것이안전합니다.상속포기·한정승인은상속등기
/업무사례/거제상속포기법무사,generated,"index,follow",yes,/업무사례/거제상속포기법무사,거제 상속포기 법무사｜섬 지역 부동산… | 다옴법무사사무소,"거제시 아파트·토지 등 부동산은 있는데 채무가 불명확할 때 상속포기·한정승인을 검토하는 순서. 거제시와 부산 거제동은 다른 지역입니다. 관할 법원 유지, 부산 해운대 사무소 상담.",거제 상속포기 법무사｜섬 지역 부동산… | 다옴법무사사무소,"거제시 아파트·토지 등 부동산은 있는데 채무가 불명확할 때 상속포기·한정승인을 검토하는 순서. 거제시와 부산 거제동은 다른 지역입니다. 관할 법원 유지, 부산 해운대 사무소 상담.","거제 부동산과 채무, 상속포기·한정승인부터 볼 때",거제 사건을 한 사무소에서 검토하는 방법 | 안윤정 법무사가 직접 확인하는 범위 | 원본서류가 필요한 단계 | 여러 필지·여러 지역이 섞인 경우 | 협의분할과 법정지분 | 취득세·국민주택채권·수수료 | 일반적인 상담 유형 | 상담 전 준비하면 좋은 정보,"거제시에 아파트나 토지 같은 부동산이 있는데 피상속인의 채무가 정확히 확인되지 않으면, 상속등기를 서두르기보다 상속포기·한정승인 여부를 먼저 검토하는 것이 안전합니다. 조선업 관련 채무나 개인 간 보증처럼 등기부에 나타나지 않는 채무가 있을 수 있어, 재산과 채무를 함께 확인한 뒤 승인 방식을 정하는 순서가 필요합니다. 거제시는 경상남도에 있는 섬 지역 도시로, 부산 연제구의 거제동과는 다른 지역입니다. 검색 과정에서 혼동되는 경우가 있어 먼저 구분해 안내합니다. 상속포기·한정승인은 상속등기와 달리 관할 특례가 적용되지 않고 피상속인의 최후 주소지를 관할하는 가정법원에 신고하며, 거제시 거주 피상속인은 창원지방법원 통영지원이 관할인 경우가 많습니다. 상속인이 거제를 떠나 육지에 거주해도 서류는 사진·우편으로 먼저 준비할 수 있지만, 법원 제출 서류의 인감·서명 확인은 원본이 필요할 수 있습니다. 거제시에 아파트나 토지 같은 부동산이 있는데 피상속인의 채무가 정확히 확인되지 않으면, ",759,1,/업무사례/거제상속등기법무사::거제 상속포기 법무사,통영 상속등기 법무사>/업무사례/통영상속등기법무사 || 경남 법무사 업무>/업무사례/경남법무사업무 || 업무사례/거제상속등기법무사>/업무사례/거제상속등기법무사 || 부산상속포기>/부산상속포기 || 거제 상속포기·한정승인 상담>/contact/inquiry?from=nationwide&region=%EA%B2%BD%EB%82%A8%20%EA%B1%B0%EC%A0%9C&field=inheritance-renunciation || 부산에서 법무사 찾을 때 허브로 돌아가기>/부산법무사 || 해운대·센텀 법무사 상담>/해운대법무사 || 센텀 법인·부동산 등기>/센텀법무사 || 부산 여성 법무사 상담>/부산여성법무사 || 부산 상속등기 절차>/부산상속등기 || 부산 법인등기 안내>/부산법인등기 || 부산 부동산등기>/부산부동산등기,홈 > 업무 사례 > 경남 지역 업무사례 > 거제,yes,WebPage+FAQ,,SERP_UNVERIFIED,renunciation-supporting,case,"거제시에아파트나토지같은부동산이있는데피상속인의채무가정확히확인되지않으면,상속등기를서두르기보다상속포기·한정승인여부를먼저검토하는것이안전합니다.조선업관련"
/업무사례/경남비대면상속안내,generated,"index,follow",yes,/업무사례/경남비대면상속안내,경남 비대면 상속등기｜김해·양산·창원… | 다옴법무사사무소,"경남 각 지역 상속등기에서 방문 부담을 줄이는 준비 방법. 상속인이 타지역에 있어도 확인할 서류와 단계별 절차를 안내합니다. 부산 해운대 사무소, 경남 지점 없음.",경남 비대면 상속등기｜김해·양산·창원… | 다옴법무사사무소,"경남 각 지역 상속등기에서 방문 부담을 줄이는 준비 방법. 상속인이 타지역에 있어도 확인할 서류와 단계별 절차를 안내합니다. 부산 해운대 사무소, 경남 지점 없음.","경남 상속등기, 방문 부담을 줄이는 준비 순서",경남 상속등기 가능 여부 | 부산 해운대 사무소에 맡길 수 있는 이유 | 관할·신청 방식 안내 | 경남에서 자주 문의되는 상황 | 방문 상담이 적합한 경우 | 비대면으로 먼저 검토하는 경우 | 필요서류와 진행 절차 | 법무사 보수와 공과금,"김해·양산·창원처럼 부산과 가까운 지역은 물론, 통영·거제처럼 거리가 있는 지역까지 경남 각지에서 상속등기를 준비할 때 가장 먼저 궁금한 점은 '방문을 몇 번이나 해야 하는가'입니다. 이 페이지는 경남법무사업무 허브처럼 지역별 업무 목록을 나열하지 않고, 방문 없이 준비할 수 있는 단계와 원본이 필요한 단계를 구분하는 데에만 초점을 둡니다. 사망일·상속인 구성·부동산 소재지만 먼저 알려주시면 등기부등본·가족관계증명서를 사진이나 전자파일로 받아 개요를 검토할 수 있습니다. 다만 협의분할서에 필요한 인감증명서나 본인서명사실확인서, 통영·거제처럼 도서·원거리 지역의 토지대장·지적도 확인은 사건에 따라 원본 제출이나 추가 확인이 필요할 수 있어 모든 절차가 완전히 비대면으로 끝난다고 단정하지 않습니다. 다옴법무사사무소는 부산 해운대구에 있으며 김해·양산·창원·통영·거제 어디에도 경남 지점을 두고 있지 않습니다. 김해·양산·창원처럼 부산과 가까운 지역은 물론, 통영·거제처럼 거리가 있는 지역",752,13,/업무사례/경남법무사업무::경남 비대면 상속등기 || /업무사례/사천상속등기법무사::경남 비대면 상속등기 || /업무사례/고성군상속등기법무사::경남 비대면 상속등기 || /업무사례/남해상속등기법무사::경남 비대면 상속등기 || /업무사례/밀양상속등기법무사::경남 비대면 상속등기 || /업무사례/하동상속등기법무사::경남 비대면 상속등기 || /업무사례/진주상속포기한정승인::경남 비대면 상속등기 || /업무사례/창녕상속등기법무사::경남 비대면 상속등기 || /업무사례/함안상속등기법무사::경남 비대면 상속등기 || /업무사례/산청상속등기법무사::경남 비대면 상속등기 || /업무사례/함양상속등기법무사::경남 비대면 상속등기 || /업무사례/거창상속등기법무사::경남 비대면 상속등기,통영 상속등기 법무사>/업무사례/통영상속등기법무사 || 경남 법무사 업무>/업무사례/경남법무사업무 || 사천 상속등기 법무사>/업무사례/사천상속등기법무사 || 경남 고성 상속등기 법무사>/업무사례/고성군상속등기법무사 || 남해 상속등기 법무사>/업무사례/남해상속등기법무사 || 경남상속등기법무사>/업무사례/경남상속등기법무사 || 김해상속등기법무사>/업무사례/김해상속등기법무사 || 양산상속등기법무사>/업무사례/양산상속등기법무사 || 경남 비대면 상속등기 상담>/contact/inquiry?from=nationwide&region=%EA%B2%BD%EB%82%A8&field=inheritance-registration || 부산에서 법무사 찾을 때 허브로 돌아가기>/부산법무사 || 해운대·센텀 법무사 상담>/해운대법무사 || 센텀 법인·부동산 등기>/센텀법무사,홈 > 업무 사례 > 경남 지역 업무사례 > 경남,yes,WebPage+FAQ,,SERP_UNVERIFIED,inheritance-supporting,case,"김해·양산·창원처럼부산과가까운지역은물론,통영·거제처럼거리가있는지역까지경남각지에서상속등기를준비할때가장먼저궁금한점은'방문을몇번이나해야하는가'입니다."
/업무사례/사천상속등기법무사,generated,"index,follow",yes,/업무사례/사천상속등기법무사,사천 상속등기 법무사｜삼천포 생활권 … | 다옴법무사사무소,"사천시(삼천포 생활권 포함) 아파트·토지·해안 부동산 상속등기 안내. 상속인이 타지역에 있어도 준비하는 방법을 설명합니다. 부산 해운대 사무소, 사천 지점 없음.",사천 상속등기 법무사｜삼천포 생활권 … | 다옴법무사사무소,"사천시(삼천포 생활권 포함) 아파트·토지·해안 부동산 상속등기 안내. 상속인이 타지역에 있어도 준비하는 방법을 설명합니다. 부산 해운대 사무소, 사천 지점 없음.","사천 상속부동산, 삼천포 생활권까지 정리하는 방법",검색하신 사천 업무에 대한 바로 답변 | 사무소 위치와 지점 안내(오인 방지) | 법정 관할과 특례를 구분하는 방법 | 사천 고유 상담 상황 | 가까운 경남이라 방문하고 싶을 때 | 서류 사진으로 시작하는 방법 | 비용 구성과 처리기간 | 관련 지역·업무로 이어가기,"사천시는 옛 사천군과 삼천포시가 1995년에 통합되면서 지금의 이름이 되었고, 지금도 '삼천포'라는 지명은 사천시 안의 한 생활권을 가리키는 이름으로 남아 있습니다. 그래서 삼천포 상속등기를 검색해도 실제로는 사천시 상속등기와 같은 관할·절차로 진행되는 경우가 많습니다. 사천 해안가 어촌 주택과 도심 아파트, 외곽 농지·과수원이 함께 상속되는 경우가 흔하고, 정작 상속인은 진주·부산·수도권 등 사천을 떠나 다른 지역에 거주하는 경우도 많습니다. 다옴법무사사무소는 부산 해운대구에 있으며 사천에 별도 지점을 두고 있지 않지만, 상속등기는 부동산 소재지 기준 관할 특례가 적용될 수 있어 해운대 사무소에서 상담부터 신청까지 진행 가능한지 사건별로 검토합니다. 해안가 부동산은 공유수면 인접 여부나 어업권 관련 사항이 얽혀 있을 수 있어 등기부만으로 판단이 어려운 경우 지적도·토지대장을 함께 확인합니다. 타지역에 거주하는 상속인은 등기부등본·가족관계증명서 사진으로 먼저 개요를 확인할 수 있고,",826,4,/경상도비대면상속등기::사천 상속등기 || /상속::사천 상속등기 || /업무사례/경남법무사업무::사천 상속등기 법무사 || /업무사례/경남비대면상속안내::사천 상속등기 법무사,경남 법무사 업무>/업무사례/경남법무사업무 || 경남 비대면 상속등기>/업무사례/경남비대면상속안내 || 진주 상속포기 법무사>/업무사례/진주상속포기한정승인 || 경상도비대면상속등기>/경상도비대면상속등기 || 전국비대면법무사>/업무사례/전국비대면법무사 || 업무사례/진주상속등기법무사>/업무사례/진주상속등기법무사 || 사천 상속등기 가능 여부 문의>/contact/inquiry?from=nationwide&region=%EA%B2%BD%EB%82%A8%20%EC%82%AC%EC%B2%9C&field=inheritance-registration || 부산에서 법무사 찾을 때 허브로 돌아가기>/부산법무사 || 해운대·센텀 법무사 상담>/해운대법무사 || 센텀 법인·부동산 등기>/센텀법무사 || 부산 여성 법무사 상담>/부산여성법무사 || 부산 상속등기 절차>/부산상속등기,홈 > 업무 사례 > 경남 지역 업무사례 > 사천,yes,WebPage+FAQ,,SERP_UNVERIFIED,inheritance-supporting,case,"사천시는옛사천군과삼천포시가1995년에통합되면서지금의이름이되었고,지금도'삼천포'라는지명은사천시안의한생활권을가리키는이름으로남아있습니다.그래서삼천포상"
/업무사례/고성군상속등기법무사,generated,"index,follow",yes,/업무사례/고성군상속등기법무사,경남 고성 상속등기 법무사｜강원 고성… | 다옴법무사사무소,"경상남도 고성군 상속등기 안내. 강원도 고성군과는 다른 지역이므로 먼저 구분해 드립니다. 어촌·농지·주택 상속, 부산 해운대 사무소, 고성 지점 없음.",경남 고성 상속등기 법무사｜강원 고성… | 다옴법무사사무소,"경상남도 고성군 상속등기 안내. 강원도 고성군과는 다른 지역이므로 먼저 구분해 드립니다. 어촌·농지·주택 상속, 부산 해운대 사무소, 고성 지점 없음.","경남 고성 상속부동산, 강원 고성과 헷갈리지 않게 정리하기",검색하신 고성 업무에 대한 바로 답변 | 사무소 위치와 지점 안내(오인 방지) | 법정 관할과 특례를 구분하는 방법 | 고성 고유 상담 상황 | 가까운 경남이라 방문하고 싶을 때 | 서류 사진으로 시작하는 방법 | 비용 구성과 처리기간 | 관련 지역·업무로 이어가기,"'고성'이라는 지명은 대한민국에 두 곳이 있습니다. 하나는 경상남도 고성군으로 통영·거제와 인접한 남해안 지역이고, 다른 하나는 강원도 고성군으로 동해안 최북단 접경 지역입니다. 두 지역은 거리도 멀고 관할 법원·등기소도 전혀 다르기 때문에, 검색으로 고성 상속등기를 찾으신다면 어느 고성인지부터 확인하는 것이 중요합니다. 이 페이지는 경상남도 고성군을 기준으로 안내합니다. 경남 고성군은 어촌 주택과 농지·전원주택이 함께 상속되는 경우가 많고, 상속인은 통영·거제·부산 등 인근 도시나 수도권에 거주하는 경우가 흔합니다. 다옴법무사사무소는 부산 해운대구에 있으며 고성에 별도 지점을 두고 있지 않지만, 상속등기는 부동산 소재지 기준 관할 특례가 적용될 수 있어 해운대 사무소에서 상담부터 신청까지 진행 가능한지 사건별로 검토합니다. 어촌 주택이나 농지가 섞인 경우 지목과 진입로부터 확인하는 것이 중요하며, 상속인이 타지역에 있어도 서류를 사진으로 먼저 검토할 수 있습니다. '고성'이라는 지",785,2,/경상도비대면상속등기::경남 고성 상속등기 || /업무사례/경남비대면상속안내::경남 고성 상속등기 법무사,통영 상속등기 법무사>/업무사례/통영상속등기법무사 || 경남 법무사 업무>/업무사례/경남법무사업무 || 경남 비대면 상속등기>/업무사례/경남비대면상속안내 || 경상도비대면상속등기>/경상도비대면상속등기 || 전국비대면법무사>/업무사례/전국비대면법무사 || 경남 고성 상속등기 가능 여부 문의>/contact/inquiry?from=nationwide&region=%EA%B2%BD%EB%82%A8%20%EA%B3%A0%EC%84%B1&field=inheritance-registration || 부산에서 법무사 찾을 때 허브로 돌아가기>/부산법무사 || 해운대·센텀 법무사 상담>/해운대법무사 || 센텀 법인·부동산 등기>/센텀법무사 || 부산 여성 법무사 상담>/부산여성법무사 || 부산 상속등기 절차>/부산상속등기 || 부산 법인등기 안내>/부산법인등기,홈 > 업무 사례 > 경남 지역 업무사례 > 고성,yes,WebPage+FAQ,,SERP_UNVERIFIED,inheritance-supporting,case,"'고성'이라는지명은대한민국에두곳이있습니다.하나는경상남도고성군으로통영·거제와인접한남해안지역이고,다른하나는강원도고성군으로동해안최북단접경지역입니다.두"
/업무사례/남해상속등기법무사,generated,"index,follow",yes,/업무사례/남해상속등기법무사,남해 상속등기 법무사｜섬 지역 토지·… | 다옴법무사사무소,"남해군 토지·전원주택·농지 상속등기 안내. 남해대교로 연결되어 있지만 방문 부담을 줄이는 준비 방법을 설명합니다. 부산 해운대 사무소, 남해 지점 없음.",남해 상속등기 법무사｜섬 지역 토지·… | 다옴법무사사무소,"남해군 토지·전원주택·농지 상속등기 안내. 남해대교로 연결되어 있지만 방문 부담을 줄이는 준비 방법을 설명합니다. 부산 해운대 사무소, 남해 지점 없음.","남해 상속부동산, 방문 부담부터 줄이는 준비 순서",남해 사건을 한 사무소에서 검토하는 방법 | 안윤정 법무사가 직접 확인하는 범위 | 원본서류가 필요한 단계 | 여러 필지·여러 지역이 섞인 경우 | 협의분할과 법정지분 | 취득세·국민주택채권·수수료 | 일반적인 상담 유형 | 상담 전 준비하면 좋은 정보,"남해군은 남해대교와 노량대교로 육지와 연결되어 있지만 부산에서는 왕복 이동에 시간이 걸리는 섬 지역입니다. 귀어·귀농으로 마련한 전원주택이나 조상 대대로 내려온 농지·임야가 상속재산에 포함되는 경우가 많고, 상속인은 남해를 떠나 부산·진주·수도권 등에 거주하는 경우가 흔합니다. 다옴법무사사무소는 부산 해운대구에 있으며 남해에 별도 지점을 두고 있지 않지만, 상속등기는 부동산 소재지 기준 관할 특례가 적용될 수 있어 해운대 사무소에서 상담부터 신청까지 진행 가능한지 사건별로 검토합니다. 전원주택은 건축물대장과 등기부 내용이 다른 경우가 있고, 다랭이논처럼 경사진 농지나 마늘밭 등은 실제 경작 현황과 지적도가 차이 날 수 있어 별도 확인이 필요할 수 있습니다. 남해까지 매번 방문하기 부담스러운 상속인은 등기부등본·가족관계증명서 사진으로 먼저 개요를 확인할 수 있고, 원본이 필요한 서류는 그 시점에 미리 안내합니다. 남해군은 남해대교와 노량대교로 육지와 연결되어 있지만 부산에서는 왕복 이",778,4,/경상도비대면상속등기::남해 상속등기 || /상속::남해 상속등기 || /업무사례/경남비대면상속안내::남해 상속등기 법무사 || /업무사례/하동상속등기법무사::남해 상속등기 법무사,하동 상속등기 법무사>/업무사례/하동상속등기법무사 || 경남 법무사 업무>/업무사례/경남법무사업무 || 경남 비대면 상속등기>/업무사례/경남비대면상속안내 || 경상도비대면상속등기>/경상도비대면상속등기 || 전국비대면법무사>/업무사례/전국비대면법무사 || 남해 상속등기 가능 여부 문의>/contact/inquiry?from=nationwide&region=%EA%B2%BD%EB%82%A8%20%EB%82%A8%ED%95%B4&field=inheritance-registration || 부산에서 법무사 찾을 때 허브로 돌아가기>/부산법무사 || 해운대·센텀 법무사 상담>/해운대법무사 || 센텀 법인·부동산 등기>/센텀법무사 || 부산 여성 법무사 상담>/부산여성법무사 || 부산 상속등기 절차>/부산상속등기 || 부산 법인등기 안내>/부산법인등기,홈 > 업무 사례 > 경남 지역 업무사례 > 남해,yes,WebPage+FAQ,,SERP_UNVERIFIED,inheritance-supporting,case,남해군은남해대교와노량대교로육지와연결되어있지만부산에서는왕복이동에시간이걸리는섬지역입니다.귀어·귀농으로마련한전원주택이나조상대대로내려온농지·임야가상속재
/업무사례/밀양상속등기법무사,generated,"index,follow",yes,/업무사례/밀양상속등기법무사,밀양 상속등기 법무사｜농지·주택과 인… | 다옴법무사사무소,"밀양시 농지·주택 상속등기 안내. 양산·창녕과 인접한 필지가 함께 있는 경우 처리 순서를 설명합니다. 부산 해운대 사무소, 밀양 지점…",밀양 상속등기 법무사｜농지·주택과 인… | 다옴법무사사무소,"밀양시 농지·주택 상속등기 안내. 양산·창녕과 인접한 필지가 함께 있는 경우 처리 순서를 설명합니다. 부산 해운대 사무소, 밀양 지점…","밀양 상속부동산, 인접 지역 필지까지 함께 정리하는 방법",검색하신 밀양 업무에 대한 바로 답변 | 사무소 위치와 지점 안내(오인 방지) | 법정 관할과 특례를 구분하는 방법 | 밀양 고유 상담 상황 | 가까운 경남이라 방문하고 싶을 때 | 서류 사진으로 시작하는 방법 | 비용 구성과 처리기간 | 관련 지역·업무로 이어가기,"밀양시는 경상남도 동북부에 있으며 양산·창녕과 경계를 맞대고 있어, 상속재산으로 남은 필지가 밀양 안에만 있지 않고 양산이나 창녕 쪽으로 걸쳐 있거나 인접해 있는 경우가 자주 있습니다. 밀양강 유역의 농지, 산자락 임야, 시내 주택 등이 함께 상속되는 사례가 많고, 조상 대대로 내려온 필지 중 일부는 등기부상 지목과 실제 경작 현황이 다른 경우도 있습니다. 다옴법무사사무소는 부산 해운대구에 있으며 밀양에 별도 지점을 두고 있지 않지만, 상속등기는 부동산 소재지 기준 관할 특례가 적용될 수 있어 해운대 사무소에서 상담부터 신청까지 진행 가능한지 사건별로 검토합니다. 밀양·양산·창녕에 걸쳐 필지가 나뉜 경우에는 지역별로 각각 법무사를 찾기보다 한 번에 목록화해서 협의분할과 취득세를 검토하는 것이 효율적입니다. 상속인이 타지역에 있어도 등기부등본·가족관계증명서 사진으로 먼저 개요를 확인할 수 있습니다. 밀양시는 경상남도 동북부에 있으며 양산·창녕과 경계를 맞대고 있어, 상속재산으로 남은 ",752,3,/업무사례/경남법무사업무::밀양 상속등기 법무사 || /업무사례/경남비대면상속안내::밀양 상속등기 법무사 || /업무사례/창녕상속등기법무사::업무사례/밀양상속등기법무사,경남 법무사 업무>/업무사례/경남법무사업무 || 경남 비대면 상속등기>/업무사례/경남비대면상속안내 || 경상도비대면상속등기>/경상도비대면상속등기 || 전국비대면법무사>/업무사례/전국비대면법무사 || 전국상속부동산일괄등기>/업무사례/전국상속부동산일괄등기 || 밀양 상속등기 가능 여부 문의>/contact/inquiry?from=nationwide&region=%EA%B2%BD%EB%82%A8%20%EB%B0%80%EC%96%91&field=inheritance-registration || 부산에서 법무사 찾을 때 허브로 돌아가기>/부산법무사 || 해운대·센텀 법무사 상담>/해운대법무사 || 센텀 법인·부동산 등기>/센텀법무사 || 부산 여성 법무사 상담>/부산여성법무사 || 부산 상속등기 절차>/부산상속등기 || 부산 법인등기 안내>/부산법인등기,홈 > 업무 사례 > 경남 지역 업무사례 > 밀양,yes,WebPage+FAQ,,SERP_UNVERIFIED,inheritance-supporting,case,"밀양시는경상남도동북부에있으며양산·창녕과경계를맞대고있어,상속재산으로남은필지가밀양안에만있지않고양산이나창녕쪽으로걸쳐있거나인접해있는경우가자주있습니다.밀"
/업무사례/하동상속등기법무사,generated,"index,follow",yes,/업무사례/하동상속등기법무사,하동 상속등기 법무사｜섬진강 인근 농… | 다옴법무사사무소,"하동군 섬진강 유역 농지·임야·주택 상속등기 안내. 상속인이 원거리에 있어도 준비하는 방법을 설명합니다. 부산 해운대 사무소, 하동 지점 없음.",하동 상속등기 법무사｜섬진강 인근 농… | 다옴법무사사무소,"하동군 섬진강 유역 농지·임야·주택 상속등기 안내. 상속인이 원거리에 있어도 준비하는 방법을 설명합니다. 부산 해운대 사무소, 하동 지점 없음.","하동 상속부동산, 섬진강 유역 필지까지 정리하는 방법",하동 상속등기 가능 여부 | 부산 해운대 사무소에 맡길 수 있는 이유 | 관할·신청 방식 안내 | 하동에서 자주 문의되는 상황 | 방문 상담이 적합한 경우 | 비대면으로 먼저 검토하는 경우 | 필요서류와 진행 절차 | 법무사 보수와 공과금,"하동군은 섬진강을 사이에 두고 전라남도 광양과 마주하는 경상남도 서쪽 끝 지역으로, 재첩잡이나 매실·차 농사를 위한 농지와 지리산 자락의 임야가 상속재산에 함께 포함되는 경우가 많습니다. 섬진강 인근 농지는 하천법상 제한이나 실제 경작 현황이 지적도와 다른 경우가 있고, 임야는 등기부에 없는 필지나 조상 명의로 남은 필지가 함께 발견되는 경우도 있습니다. 상속인은 하동을 떠나 진주·부산·수도권 등에 거주하는 경우가 흔하며, 부산에서 하동까지는 거리가 있어 왕복 방문이 부담스러울 수 있습니다. 다옴법무사사무소는 부산 해운대구에 있으며 하동에 별도 지점을 두고 있지 않지만, 상속등기는 부동산 소재지 기준 관할 특례가 적용될 수 있어 해운대 사무소에서 상담부터 신청까지 진행 가능한지 사건별로 검토합니다. 타지역에 거주하는 상속인은 등기부등본·가족관계증명서 사진으로 먼저 개요를 확인할 수 있습니다. 하동군은 섬진강을 사이에 두고 전라남도 광양과 마주하는 경상남도 서쪽 끝 지역으로, 재첩잡이",744,2,/업무사례/경남비대면상속안내::하동 상속등기 법무사 || /업무사례/남해상속등기법무사::하동 상속등기 법무사,남해 상속등기 법무사>/업무사례/남해상속등기법무사 || 경남 법무사 업무>/업무사례/경남법무사업무 || 경남 비대면 상속등기>/업무사례/경남비대면상속안내 || 경상도비대면상속등기>/경상도비대면상속등기 || 전국비대면법무사>/업무사례/전국비대면법무사 || 하동 상속등기 가능 여부 문의>/contact/inquiry?from=nationwide&region=%EA%B2%BD%EB%82%A8%20%ED%95%98%EB%8F%99&field=inheritance-registration || 부산에서 법무사 찾을 때 허브로 돌아가기>/부산법무사 || 해운대·센텀 법무사 상담>/해운대법무사 || 센텀 법인·부동산 등기>/센텀법무사 || 부산 여성 법무사 상담>/부산여성법무사 || 부산 상속등기 절차>/부산상속등기 || 부산 법인등기 안내>/부산법인등기,홈 > 업무 사례 > 경남 지역 업무사례 > 하동,yes,WebPage+FAQ,,SERP_UNVERIFIED,inheritance-supporting,case,"하동군은섬진강을사이에두고전라남도광양과마주하는경상남도서쪽끝지역으로,재첩잡이나매실·차농사를위한농지와지리산자락의임야가상속재산에함께포함되는경우가많습니다"
/업무사례/진주상속포기한정승인,generated,"index,follow",yes,/업무사례/진주상속포기한정승인,진주 상속포기 법무사｜부모님 채무가 … | 다옴법무사사무소,진주 거주 피상속인의 채무가 걱정될 때 3개월 기한 안에 확인할 순서. 재산조회 대기 중에도 기한은 별도로 흐릅니다. 관할 법원은 유지되며 부산 해운대 사무소에서 상담·서류 정리를 돕습니다.,진주 상속포기 법무사｜부모님 채무가 … | 다옴법무사사무소,진주 거주 피상속인의 채무가 걱정될 때 3개월 기한 안에 확인할 순서. 재산조회 대기 중에도 기한은 별도로 흐릅니다. 관할 법원은 유지되며 부산 해운대 사무소에서 상담·서류 정리를 돕습니다.,진주에서 상속포기·한정승인을 검토하는 순서,검색하신 진주 업무에 대한 바로 답변 | 사무소 위치와 지점 안내(오인 방지) | 법정 관할과 특례를 구분하는 방법 | 진주 고유 상담 상황 | 가까운 경남이라 방문하고 싶을 때 | 서류 사진으로 시작하는 방법 | 비용 구성과 처리기간 | 관련 지역·업무로 이어가기,"진주에 거주하시던 부모님이 돌아가신 뒤 채무가 있는지 불확실하면 상속등기부터 서두르기보다 상속포기·한정승인 여부를 먼저 검토하는 것이 안전합니다. 진주는 경남 서부의 중심 도시로 아파트·상가와 함께 외곽 농지·임야를 함께 소유하신 경우가 많아, 부동산은 있지만 채무 여부가 불명확한 사례가 자주 있습니다. 상속포기·한정승인은 상속등기와 달리 관할 특례가 적용되지 않고 피상속인의 최후 주소지를 관할하는 가정법원에 신고합니다. 진주에 거주하셨다면 창원지방법원 진주지원이 관할인 경우가 많으며, 부산 해운대 사무소에서 상담과 서류 준비를 도와드리더라도 법원 관할 자체는 그대로 유지됩니다. 재산조회(안심상속 원스톱서비스) 결과를 기다리는 동안에도 사망일로부터 3개월이라는 고려기간은 별도로 흐르고 있어, 결과가 늦어진다는 이유만으로 기한이 늘어나지 않는다는 점을 먼저 안내합니다. 상속인이 부산·수도권 등 진주 밖에 거주해도 서류는 사진·우편으로 먼저 정리할 수 있지만, 가정법원 제출 서류의 인감",807,2,/업무사례/진주상속등기법무사::진주 상속포기 법무사 || /업무사례/사천상속등기법무사::진주 상속포기 법무사,경남 법무사 업무>/업무사례/경남법무사업무 || 경남 비대면 상속등기>/업무사례/경남비대면상속안내 || 업무사례/진주상속등기법무사>/업무사례/진주상속등기법무사 || 부모빚상속방법>/부모빚상속방법 || 진주 상속포기·한정승인 상담>/contact/inquiry?from=nationwide&region=%EA%B2%BD%EB%82%A8%20%EC%A7%84%EC%A3%BC&field=inheritance-renunciation || 부산에서 법무사 찾을 때 허브로 돌아가기>/부산법무사 || 해운대·센텀 법무사 상담>/해운대법무사 || 센텀 법인·부동산 등기>/센텀법무사 || 부산 여성 법무사 상담>/부산여성법무사 || 부산 상속등기 절차>/부산상속등기 || 부산 법인등기 안내>/부산법인등기 || 부산 부동산등기>/부산부동산등기,홈 > 업무 사례 > 경남 지역 업무사례 > 진주,yes,WebPage+FAQ,,SERP_UNVERIFIED,renunciation-supporting,case,진주에거주하시던부모님이돌아가신뒤채무가있는지불확실하면상속등기부터서두르기보다상속포기·한정승인여부를먼저검토하는것이안전합니다.진주는경남서부의중심도시로아
/업무사례/창녕상속등기법무사,generated,"index,follow",yes,/업무사례/창녕상속등기법무사,창녕 상속등기 법무사｜우포늪 인근 농… | 다옴법무사사무소,"창녕군 우포늪 인근 농지와 창녕읍·영산·부곡 주택이 함께 상속될 때 등기 준비 순서. 산지가 많은 인접 군과 다른 평야·습지 지형 특성을 구분해 안내합니다. 부산 해운대 사무소, 창녕 지점 없음.",창녕 상속등기 법무사｜우포늪 인근 농… | 다옴법무사사무소,"창녕군 우포늪 인근 농지와 창녕읍·영산·부곡 주택이 함께 상속될 때 등기 준비 순서. 산지가 많은 인접 군과 다른 평야·습지 지형 특성을 구분해 안내합니다. 부산 해운대 사무소, 창녕 지점 없음.","창녕 상속부동산, 우포늪 농지와 창녕읍 주택을 함께 정리하는 순서",검색하신 창녕 업무에 대한 바로 답변 | 사무소 위치와 지점 안내(오인 방지) | 법정 관할과 특례를 구분하는 방법 | 창녕 고유 상담 상황 | 가까운 경남이라 방문하고 싶을 때 | 서류 사진으로 시작하는 방법 | 비용 구성과 처리기간 | 관련 지역·업무로 이어가기,"창녕군은 낙동강과 우포늪을 낀 넓은 평야 지대로, 인근 산청·거창처럼 산지가 많은 경남 서부 군들과는 지형 자체가 다릅니다. 우포늪 주변 농지는 습지보호구역이나 하천 인접 여부에 따라 개발·형질변경 제한이 있을 수 있어 등기부만으로 판단하지 않고 토지이용계획확인서를 함께 확인하는 경우가 많습니다. 여기에 창녕읍·영산면·부곡면 등 생활권별 주택이 함께 상속되면, 습지 인근 농지와 읍내 주택을 같은 협의분할서 안에서 정리할지 나눠서 처리할지부터 결정해야 합니다. 창녕군의 부동산 등기는 창녕등기소가 관할하지만 상속포기·한정승인처럼 가정법원에 신고하는 사건은 창원지방법원 밀양지원이 관할이어서, 상속등기와 상속포기의 관할 기관이 서로 다르다는 점을 먼저 안내합니다. 다옴법무사사무소는 부산 해운대구에 있으며 창녕에 별도 지점을 두고 있지 않지만, 상속등기는 부동산 소재지 기준 관할 특례가 적용될 수 있어 해운대 사무소에서 상담부터 신청까지 진행 가능한지 사건별로 검토합니다. 상속인이 창원·부산",814,3,/상속::창녕 상속등기 || /업무사례/경남법무사업무::창녕 상속등기 법무사 || /업무사례/의령상속등기법무사::창녕 상속등기 법무사,경남 법무사 업무>/업무사례/경남법무사업무 || 경남 비대면 상속등기>/업무사례/경남비대면상속안내 || 경상도비대면상속등기>/경상도비대면상속등기 || 업무사례/밀양상속등기법무사>/업무사례/밀양상속등기법무사 || 전국비대면법무사>/업무사례/전국비대면법무사 || 창녕 상속등기 가능 여부 문의>/contact/inquiry?from=nationwide&region=%EA%B2%BD%EB%82%A8%20%EC%B0%BD%EB%85%95&field=inheritance-registration || 부산에서 법무사 찾을 때 허브로 돌아가기>/부산법무사 || 해운대·센텀 법무사 상담>/해운대법무사 || 센텀 법인·부동산 등기>/센텀법무사 || 부산 여성 법무사 상담>/부산여성법무사 || 부산 상속등기 절차>/부산상속등기 || 부산 법인등기 안내>/부산법인등기,홈 > 업무 사례 > 경남 지역 업무사례 > 창녕,yes,WebPage+FAQ,,SERP_UNVERIFIED,inheritance-supporting,case,"창녕군은낙동강과우포늪을낀넓은평야지대로,인근산청·거창처럼산지가많은경남서부군들과는지형자체가다릅니다.우포늪주변농지는습지보호구역이나하천인접여부에따라개발"
/업무사례/함안상속등기법무사,generated,"index,follow",yes,/업무사례/함안상속등기법무사,함안 상속등기 법무사｜창원·마산 출퇴… | 다옴법무사사무소,"함안군 농지·공장부지가 창원·마산 생활권과 섞여 있을 때 상속등기 준비 순서. 출퇴근권 상속인이 확인할 서류를 안내합니다. 부산 해운대 사무소, 함안 지점 없음.",함안 상속등기 법무사｜창원·마산 출퇴… | 다옴법무사사무소,"함안군 농지·공장부지가 창원·마산 생활권과 섞여 있을 때 상속등기 준비 순서. 출퇴근권 상속인이 확인할 서류를 안내합니다. 부산 해운대 사무소, 함안 지점 없음.","함안 농지·공장부지 상속, 창원 출퇴근 상속인이 챙기는 순서",검색하신 함안 업무에 대한 바로 답변 | 사무소 위치와 지점 안내(오인 방지) | 법정 관할과 특례를 구분하는 방법 | 함안 고유 상담 상황 | 가까운 경남이라 방문하고 싶을 때 | 서류 사진으로 시작하는 방법 | 비용 구성과 처리기간 | 관련 지역·업무로 이어가기,"함안군은 창원시 마산합포구·마산회원구와 경계를 맞대고 있어 실제로는 창원·마산 생활권에서 출퇴근하며 함안에 농지나 소규모 공장부지를 소유한 경우가 많은 지역입니다. 부모님이 함안에서 농사를 지으시다 돌아가시면 농지와 함께 임대 중인 공장부지가 상속재산에 섞여 있는 경우가 있고, 공장부지는 지목이 '공장용지'인지 농지에서 무단 형질변경된 상태인지에 따라 취득세 산정과 등기 절차가 달라질 수 있습니다. 함안군의 부동산 등기는 함안등기소가 관할하지만, 상속포기·한정승인처럼 가정법원에 신고하는 사건은 창원지방법원 마산지원이 관할이며, 마산지원은 함안군과 의령군을 함께 담당합니다. 상속인이 함안이 아니라 창원·마산 시내에 거주하며 출퇴근하듯 함안 부동산만 오가는 경우, 협의분할과 서류 준비를 창원 생활권 기준으로 진행할 수 있는지 궁금해하는 경우가 많습니다. 다옴법무사사무소는 부산 해운대구에 있으며 함안에 별도 지점을 두고 있지 않지만, 상속등기는 부동산 소재지 기준 관할 특례가 적용될 수 ",797,1,/업무사례/의령상속등기법무사::함안 상속등기 법무사,경남 법무사 업무>/업무사례/경남법무사업무 || 경남 비대면 상속등기>/업무사례/경남비대면상속안내 || 경상도비대면상속등기>/경상도비대면상속등기 || 업무사례/창원상속등기법무사>/업무사례/창원상속등기법무사 || 전국비대면법무사>/업무사례/전국비대면법무사 || 함안 상속등기 가능 여부 문의>/contact/inquiry?from=nationwide&region=%EA%B2%BD%EB%82%A8%20%ED%95%A8%EC%95%88&field=inheritance-registration || 부산에서 법무사 찾을 때 허브로 돌아가기>/부산법무사 || 해운대·센텀 법무사 상담>/해운대법무사 || 센텀 법인·부동산 등기>/센텀법무사 || 부산 여성 법무사 상담>/부산여성법무사 || 부산 상속등기 절차>/부산상속등기 || 부산 법인등기 안내>/부산법인등기,홈 > 업무 사례 > 경남 지역 업무사례 > 함안,yes,WebPage+FAQ,,SERP_UNVERIFIED,inheritance-supporting,case,함안군은창원시마산합포구·마산회원구와경계를맞대고있어실제로는창원·마산생활권에서출퇴근하며함안에농지나소규모공장부지를소유한경우가많은지역입니다.부모님이함안
/업무사례/산청상속등기법무사,generated,"index,follow",yes,/업무사례/산청상속등기법무사,산청 임야 상속등기｜지리산 서남 자락… | 다옴법무사사무소,"산청군 지리산 서남쪽 자락 임야·농지 상속등기 안내. 조부모 명의로 남은 오래된 지번은 제적등본부터 확인합니다. 부산 해운대 사무소, 산청 지점 없음.",산청 임야 상속등기｜지리산 서남 자락… | 다옴법무사사무소,"산청군 지리산 서남쪽 자락 임야·농지 상속등기 안내. 조부모 명의로 남은 오래된 지번은 제적등본부터 확인합니다. 부산 해운대 사무소, 산청 지점 없음.","산청 임야·농지 상속, 제적등본부터 확인하는 이유",산청 상속등기 가능 여부 | 부산 해운대 사무소에 맡길 수 있는 이유 | 관할·신청 방식 안내 | 산청에서 자주 문의되는 상황 | 방문 상담이 적합한 경우 | 비대면으로 먼저 검토하는 경우 | 필요서류와 진행 절차 | 법무사 보수와 공과금,"산청군은 지리산 서남쪽 자락에 자리 잡고 있어 임야 비중이 높고, 조상 대대로 내려온 임야 중 상당수가 조부모나 증조부모 명의로 수십 년째 정리되지 않은 채 남아 있는 경우가 많습니다. 이런 오래된 지번은 최근 가족관계증명서만으로는 상속인 전체를 확인하기 어려워, 폐지된 호적을 기록한 제적등본을 발급받아 당시 가족관계부터 확인하는 절차가 먼저 필요합니다. 산청 임야는 지적도상 경계와 실제 등산로·계곡 인접 여부가 다른 경우도 있고, 국유림이나 보전산지로 지정된 구역과 맞닿아 있으면 별도 확인이 필요할 수 있습니다. 산청군의 부동산 등기는 산청등기소가 관할하지만, 상속포기·한정승인처럼 가정법원에 신고하는 사건은 창원지방법원 진주지원이 관할이어서 절차에 따라 확인해야 하는 기관이 다릅니다. 다옴법무사사무소는 부산 해운대구에 있으며 산청에 별도 지점을 두고 있지 않지만, 상속등기는 부동산 소재지 기준 관할 특례가 적용될 수 있어 해운대 사무소에서 상담부터 신청까지 진행 가능한지 사건별로 ",816,1,/업무사례/함양상속등기법무사::산청 임야 상속등기,함양 상속등기 법무사>/업무사례/함양상속등기법무사 || 경남 법무사 업무>/업무사례/경남법무사업무 || 경남 비대면 상속등기>/업무사례/경남비대면상속안내 || 경상도비대면상속등기>/경상도비대면상속등기 || 전국비대면법무사>/업무사례/전국비대면법무사 || 산청 임야 상속등기 상담>/contact/inquiry?from=nationwide&region=%EA%B2%BD%EB%82%A8%20%EC%82%B0%EC%B2%AD&field=inheritance-registration || 부산에서 법무사 찾을 때 허브로 돌아가기>/부산법무사 || 해운대·센텀 법무사 상담>/해운대법무사 || 센텀 법인·부동산 등기>/센텀법무사 || 부산 여성 법무사 상담>/부산여성법무사 || 부산 상속등기 절차>/부산상속등기 || 부산 법인등기 안내>/부산법인등기,홈 > 업무 사례 > 경남 지역 업무사례 > 산청,yes,WebPage+FAQ,,SERP_UNVERIFIED,inheritance-supporting,case,"산청군은지리산서남쪽자락에자리잡고있어임야비중이높고,조상대대로내려온임야중상당수가조부모나증조부모명의로수십년째정리되지않은채남아있는경우가많습니다.이런오래"
/업무사례/함양상속등기법무사,generated,"index,follow",yes,/업무사례/함양상속등기법무사,함양 상속등기 법무사｜함양읍·안의 생… | 다옴법무사사무소,"함양군 함양읍과 안의면 등 서로 떨어진 생활권에 필지가 흩어졌을 때 상속등기 준비 순서. 내륙 교통·접근성 차이를 구분해 안내합니다. 부산 해운대 사무소, 함양 지점 없음.",함양 상속등기 법무사｜함양읍·안의 생… | 다옴법무사사무소,"함양군 함양읍과 안의면 등 서로 떨어진 생활권에 필지가 흩어졌을 때 상속등기 준비 순서. 내륙 교통·접근성 차이를 구분해 안내합니다. 부산 해운대 사무소, 함양 지점 없음.","함양 상속부동산, 함양읍·안의로 나뉜 필지부터 정리하는 방법",함양 사건을 한 사무소에서 검토하는 방법 | 안윤정 법무사가 직접 확인하는 범위 | 원본서류가 필요한 단계 | 여러 필지·여러 지역이 섞인 경우 | 협의분할과 법정지분 | 취득세·국민주택채권·수수료 | 일반적인 상담 유형 | 상담 전 준비하면 좋은 정보,"함양군은 함양읍을 중심 생활권으로 하면서도 서쪽으로 떨어진 안의면이 별도의 오래된 생활권을 이루고 있어, 상속재산으로 남은 필지가 함양읍과 안의 두 곳에 나뉘어 있는 경우가 자주 있습니다. 안의는 예로부터 안의현이라는 별도 행정구역이었던 역사가 있어 지금도 지번 체계나 마을 단위가 함양읍과 다르게 정리되어 있는 경우가 있고, 두 생활권 사이 이동 자체가 내륙 도로를 통해야 해서 시간이 걸립니다. 부모님이 함양읍에 주택을, 안의 인근에 농지나 오래된 임야를 남기신 경우 두 지역 필지를 하나의 협의분할서로 정리할지 나눠서 처리할지부터 결정해야 합니다. 함양군의 부동산 등기는 함양등기소가 관할하지만, 상속포기·한정승인처럼 가정법원에 신고하는 사건은 창원지방법원 거창지원이 관할이며, 거창지원은 함양·거창·합천 세 군을 함께 담당합니다. 다옴법무사사무소는 부산 해운대구에 있으며 함양에 별도 지점을 두고 있지 않지만, 상속등기는 부동산 소재지 기준 관할 특례가 적용될 수 있어 해운대 사무소에서",803,3,/업무사례/경남비대면상속안내::함양 상속등기 법무사 || /업무사례/산청상속등기법무사::함양 상속등기 법무사 || /업무사례/거창상속등기법무사::함양 상속등기 법무사,산청 임야 상속등기>/업무사례/산청상속등기법무사 || 거창 비대면 상속등기>/업무사례/거창상속등기법무사 || 경남 법무사 업무>/업무사례/경남법무사업무 || 경남 비대면 상속등기>/업무사례/경남비대면상속안내 || 경상도비대면상속등기>/경상도비대면상속등기 || 전국비대면법무사>/업무사례/전국비대면법무사 || 함양 상속등기 가능 여부 문의>/contact/inquiry?from=nationwide&region=%EA%B2%BD%EB%82%A8%20%ED%95%A8%EC%96%91&field=inheritance-registration || 부산에서 법무사 찾을 때 허브로 돌아가기>/부산법무사 || 해운대·센텀 법무사 상담>/해운대법무사 || 센텀 법인·부동산 등기>/센텀법무사 || 부산 여성 법무사 상담>/부산여성법무사 || 부산 상속등기 절차>/부산상속등기,홈 > 업무 사례 > 경남 지역 업무사례 > 함양,yes,WebPage+FAQ,,SERP_UNVERIFIED,inheritance-supporting,case,"함양군은함양읍을중심생활권으로하면서도서쪽으로떨어진안의면이별도의오래된생활권을이루고있어,상속재산으로남은필지가함양읍과안의두곳에나뉘어있는경우가자주있습니다"
/업무사례/거창상속등기법무사,generated,"index,follow",yes,/업무사례/거창상속등기법무사,거창 비대면 상속등기｜경남 북부 내륙… | 다옴법무사사무소,"거창군은 부산에서 왕복 4시간 안팎 걸리는 경남 북부 내륙 지역입니다. 상속등기 방문 횟수를 미리 설계하는 방법을 안내합니다. 부산 해운대 사무소, 거창 지점 없음.",거창 비대면 상속등기｜경남 북부 내륙… | 다옴법무사사무소,"거창군은 부산에서 왕복 4시간 안팎 걸리는 경남 북부 내륙 지역입니다. 상속등기 방문 횟수를 미리 설계하는 방법을 안내합니다. 부산 해운대 사무소, 거창 지점 없음.","거창 상속등기, 방문 횟수를 미리 정하고 시작하는 이유",거창 사건을 한 사무소에서 검토하는 방법 | 안윤정 법무사가 직접 확인하는 범위 | 원본서류가 필요한 단계 | 여러 필지·여러 지역이 섞인 경우 | 협의분할과 법정지분 | 취득세·국민주택채권·수수료 | 일반적인 상담 유형 | 상담 전 준비하면 좋은 정보,"거창군은 경상남도 북부 내륙에 있어 부산에서 편도로도 두 시간 가까이 걸리는, 경남 안에서도 원거리에 속하는 지역입니다. 통영·거제 같은 해안 지역과 달리 섬이나 도서 이슈는 없지만, 내륙 산간지역 특유의 넓은 임야와 밭농사 필지가 상속재산에 섞여 있는 경우가 많고, 거리 때문에 왕복 방문 자체가 부담스러운 상속인이 대부분입니다. 이런 경우에는 처음부터 '몇 번 방문해야 하는지'를 먼저 설계하는 것이 중요합니다. 등기부등본·가족관계증명서 확인, 협의분할 내용 조율까지는 사진과 전화로 진행하고, 인감증명서나 본인서명사실확인서처럼 원본이 꼭 필요한 서류만 한 번에 모아 방문 한 번으로 끝내는 방식을 검토할 수 있습니다. 거창군의 부동산 등기는 거창등기소가 관할하며, 상속포기·한정승인 신고도 창원지방법원 거창지원에서 처리해 함양·합천과 달리 등기소와 가정법원 관할지가 같은 지역입니다. 다옴법무사사무소는 부산 해운대구에 있으며 거창에 별도 지점을 두고 있지 않지만, 상속등기는 부동산 소재지",811,4,/경상도비대면상속등기::거창 비대면 상속등기 || /업무사례/경남비대면상속안내::거창 비대면 상속등기 || /업무사례/함양상속등기법무사::거창 비대면 상속등기 || /업무사례/합천상속등기법무사::거창 비대면 상속등기,함양 상속등기 법무사>/업무사례/함양상속등기법무사 || 합천 농지 상속등기>/업무사례/합천상속등기법무사 || 경남 법무사 업무>/업무사례/경남법무사업무 || 경남 비대면 상속등기>/업무사례/경남비대면상속안내 || 경상도비대면상속등기>/경상도비대면상속등기 || 전국비대면법무사>/업무사례/전국비대면법무사 || 거창 비대면 상속등기 상담>/contact/inquiry?from=nationwide&region=%EA%B2%BD%EB%82%A8%20%EA%B1%B0%EC%B0%BD&field=inheritance-registration || 부산에서 법무사 찾을 때 허브로 돌아가기>/부산법무사 || 해운대·센텀 법무사 상담>/해운대법무사 || 센텀 법인·부동산 등기>/센텀법무사 || 부산 여성 법무사 상담>/부산여성법무사 || 부산 상속등기 절차>/부산상속등기,홈 > 업무 사례 > 경남 지역 업무사례 > 거창,yes,WebPage+FAQ,,SERP_UNVERIFIED,inheritance-supporting,case,"거창군은경상남도북부내륙에있어부산에서편도로도두시간가까이걸리는,경남안에서도원거리에속하는지역입니다.통영·거제같은해안지역과달리섬이나도서이슈는없지만,내륙"
/업무사례/합천상속등기법무사,generated,"index,follow",yes,/업무사례/합천상속등기법무사,합천 농지 상속등기｜합천호 인근 필지… | 다옴법무사사무소,"합천호·저수지 인근 농지·임야가 여러 필지로 상속될 때 목록화부터 시작하는 이유를 안내합니다. 부산 해운대 사무소, 합천 지점 없음. 해운대·센텀 다옴법무사사무소에서 전화·카카오톡·방문(예약) 상담이 가능합니다.",합천 농지 상속등기｜합천호 인근 필지… | 다옴법무사사무소,"합천호·저수지 인근 농지·임야가 여러 필지로 상속될 때 목록화부터 시작하는 이유를 안내합니다. 부산 해운대 사무소, 합천 지점 없음. 해운대·센텀 다옴법무사사무소에서 전화·카카오톡·방문(예약) 상담이 가능합니다.","합천 농지·임야 상속, 합천호 인근 필지 목록부터 만드는 이유",합천 상속등기 가능 여부 | 부산 해운대 사무소에 맡길 수 있는 이유 | 관할·신청 방식 안내 | 합천에서 자주 문의되는 상황 | 방문 상담이 적합한 경우 | 비대면으로 먼저 검토하는 경우 | 필요서류와 진행 절차 | 법무사 보수와 공과금,"합천군은 합천호와 여러 저수지를 낀 지역으로, 부모님이 농사를 지으시던 필지가 저수지 주변에 넓게 흩어져 있는 경우가 많습니다. 저수지 인근 농지는 농업생산기반시설 관리 구역이나 수변구역 지정 여부에 따라 개발행위나 형질변경에 제한이 있을 수 있어, 등기부만으로는 확인이 안 되는 사항을 지적도·토지이용계획확인서로 함께 봐야 하는 경우가 있습니다. 여러 필지가 저수지를 따라 흩어져 있으면 상속인 입장에서는 필지 수 자체를 파악하기 어려운 경우가 많아, 상담 초기에 지번을 목록화하는 작업부터 시작하는 것이 중요합니다. 합천군의 부동산 등기는 합천등기소가 관할하지만, 상속포기·한정승인처럼 가정법원에 신고하는 사건은 창원지방법원 거창지원이 관할이며, 거창지원은 거창·함양·합천 세 군을 함께 담당합니다. 다옴법무사사무소는 부산 해운대구에 있으며 합천에 별도 지점을 두고 있지 않지만, 상속등기는 부동산 소재지 기준 관할 특례가 적용될 수 있어 해운대 사무소에서 상담부터 신청까지 진행 가능한지 ",764,3,/경상도비대면상속등기::합천 농지 상속등기 || /업무사례/경남비대면상속안내::합천 농지 상속등기 || /업무사례/거창상속등기법무사::합천 농지 상속등기,거창 비대면 상속등기>/업무사례/거창상속등기법무사 || 경남 법무사 업무>/업무사례/경남법무사업무 || 경남 비대면 상속등기>/업무사례/경남비대면상속안내 || 경상도비대면상속등기>/경상도비대면상속등기 || 전국비대면법무사>/업무사례/전국비대면법무사 || 합천 농지 상속등기 상담>/contact/inquiry?from=nationwide&region=%EA%B2%BD%EB%82%A8%20%ED%95%A9%EC%B2%9C&field=inheritance-registration || 부산에서 법무사 찾을 때 허브로 돌아가기>/부산법무사 || 해운대·센텀 법무사 상담>/해운대법무사 || 센텀 법인·부동산 등기>/센텀법무사 || 부산 여성 법무사 상담>/부산여성법무사 || 부산 상속등기 절차>/부산상속등기 || 부산 법인등기 안내>/부산법인등기,홈 > 업무 사례 > 경남 지역 업무사례 > 합천,yes,WebPage+FAQ,,SERP_UNVERIFIED,inheritance-supporting,case,"합천군은합천호와여러저수지를낀지역으로,부모님이농사를지으시던필지가저수지주변에넓게흩어져있는경우가많습니다.저수지인근농지는농업생산기반시설관리구역이나수변구"
/업무사례/의령상속등기법무사,generated,"index,follow",yes,/업무사례/의령상속등기법무사,의령 상속등기 법무사｜남강 유역 농지… | 다옴법무사사무소,"의령군 남강 유역 농지와 읍·면 주택이 함께 상속될 때 준비 순서. 창원·부산·수도권 거주 상속인도 진행 가능한지 안내합니다. 부산 해운대 사무소, 의령 지점 없음.",의령 상속등기 법무사｜남강 유역 농지… | 다옴법무사사무소,"의령군 남강 유역 농지와 읍·면 주택이 함께 상속될 때 준비 순서. 창원·부산·수도권 거주 상속인도 진행 가능한지 안내합니다. 부산 해운대 사무소, 의령 지점 없음.","의령 남강 유역 농지·주택 상속, 타지역 상속인이 확인할 순서",의령 상속등기 가능 여부 | 부산 해운대 사무소에 맡길 수 있는 이유 | 관할·신청 방식 안내 | 의령에서 자주 문의되는 상황 | 방문 상담이 적합한 경우 | 비대면으로 먼저 검토하는 경우 | 필요서류와 진행 절차 | 법무사 보수와 공과금,"의령군은 함안·창녕·합천 사이에 자리한 경남 중부 내륙 군으로, 남강과 낙동강 지류를 낀 농지와 의령읍·가례·부림 등 면 단위 주택이 상속재산의 중심이 되는 경우가 많습니다. 함안처럼 창원 출퇴근권 공장부지가 섞이거나 창녕처럼 우포늪 습지 이슈가 전면에 서는 경우와 달리, 의령은 전형적인 내륙 농촌·전원 필지가 여러 면에 흩어져 있고 상속인이 이미 창원·부산·수도권으로 떠난 뒤 고향 농지만 남은 상황이 흔합니다. 면 단위로 필지가 나뉘면 상속인 스스로 정확한 지번을 파악하기 어려운 경우가 많아, 상담 초기에 등기부와 지방세 열람 내역을 맞춰 누락 필지를 확인하는 절차가 필요합니다. 의령군의 부동산 등기는 의령등기소가 관할하지만, 상속포기·한정승인처럼 가정법원에 신고하는 사건은 창원지방법원 마산지원이 관할하며, 마산지원은 함안군과 의령군을 함께 담당합니다. 필지가 여러 면에 나뉘어 있으면 지번 목록화와 지목·면적별 취득세 구분이 먼저이고, 남강 인근 농지는 하천구역·농업진흥지역 저촉 ",937,0,,함안 상속등기 법무사>/업무사례/함안상속등기법무사 || 창녕 상속등기 법무사>/업무사례/창녕상속등기법무사 || 경남 법무사 업무>/업무사례/경남법무사업무 || 경남상속등기법무사>/업무사례/경남상속등기법무사 || 전국비대면법무사>/업무사례/전국비대면법무사 || 경상도비대면상속등기>/경상도비대면상속등기 || 의령 상속등기 가능 여부 문의>/contact/inquiry?from=nationwide&region=%EA%B2%BD%EB%82%A8%20%EC%9D%98%EB%A0%B9&field=inheritance-registration || 부산에서 법무사 찾을 때 허브로 돌아가기>/부산법무사 || 해운대·센텀 법무사 상담>/해운대법무사 || 센텀 법인·부동산 등기>/센텀법무사 || 부산 여성 법무사 상담>/부산여성법무사 || 부산 상속등기 절차>/부산상속등기,홈 > 업무 사례 > 경남 지역 업무사례 > 의령,yes,WebPage+FAQ,,SERP_UNVERIFIED,inheritance-supporting,case,"의령군은함안·창녕·합천사이에자리한경남중부내륙군으로,남강과낙동강지류를낀농지와의령읍·가례·부림등면단위주택이상속재산의중심이되는경우가많습니다.함안처럼창"
/업무사례/울산법무사업무,generated,"index,follow",yes,/업무사례/울산법무사업무,울산 법무사 업무 안내｜상속등기·법인… | 다옴법무사사무소,울산 법무사 업무 허브. 중구·남구·동구·북구·울주군 상속등기·법인등기·유증등기를 부산 해운대 사무소에서 방문·비대면 진행. 울산 지점…,울산 법무사 업무 안내｜상속등기·법인… | 다옴법무사사무소,울산 법무사 업무 허브. 중구·남구·동구·북구·울주군 상속등기·법인등기·유증등기를 부산 해운대 사무소에서 방문·비대면 진행. 울산 지점…,울산에서도 맡길 수 있는 상속·부동산·법인등기 업무,울산에서 의뢰할 수 있는 업무 | 울산 업무 가능 여부 | 부산 해운대 사무소라는 안내 | 관할 특례와 법정 관할 | 울산에서 자주 문의되는 상황 | 방문 상담이 적합한 경우 | 비대면으로 먼저 검토하는 경우 | 필요서류·비용·절차 | 관련 지역·업무로 이어가기,"울산 중구·남구·동구·북구·울주군에서 상속등기·법인등기·유증등기를 찾으셔도, 반드시 현지에 사무소가 있어야 하는 것은 아닙니다. 다옴법무사사무소는 부산 해운대구에 있으며 울산 각 구·군에 지점을 두고 있지 않습니다. 부산과 인접해 방문 상담이 편하시면 해운대 사무소로 오실 수 있고, 상속인이 타지역에 있거나 서류 정리가 우선이면 사진·우편·화상으로 비대면 진행도 가능합니다. 상속·유증은 관할 특례, 법인·회생은 법정관할을 구분해 안내합니다. 울산 중구·남구·동구·북구·울주군에서 상속등기·법인등기·유증등기를 찾으셔도, 반드시 현지에 사무소가 있어야 하는 것은 아닙니다. 다옴법무사사무소는 부산 해운대구에 있으며 울산 각 구·군에 지점을 두고 있지 않습니다. 부산과 인접해 방문 상담이 편하시면 해운대 사무소로 오실 수 있고, 상속인이 타지역에 있거나 서류 정리가 우선이면 사진·우편·화상으로 비대면 진행도 가능합니다. 상속·유증은 관할 특례, 법인·회생은 법정관할을 구분해 안내합니다. 울산",545,40,/타지역상속인경상도부동산::울산 법무사 업무 || /업무사례/울산법무사업무::울산 지역 업무사례 || /업무사례/울산중구상속등기법무사::울산 법무사 업무 || /업무사례/울산중구상속등기법무사::울산 지역 업무사례 || /업무사례/울산동구상속등기법무사::울산 법무사 업무 || /업무사례/울산동구상속등기법무사::울산 지역 업무사례 || /업무사례/울산북구상속등기법무사::울산 법무사 업무 || /업무사례/울산북구상속등기법무사::울산 지역 업무사례 || /업무사례/울산삼산동상속등기::울산 법무사 업무 || /업무사례/울산삼산동상속등기::울산 지역 업무사례 || /업무사례/울산달동상속등기::울산 법무사 업무 || /업무사례/울산달동상속등기::울산 지역 업무사례,울산상속등기법무사>/업무사례/울산상속등기법무사 || 울산 중구 상속등기 법무사>/업무사례/울산중구상속등기법무사 || 울산남구상속등기법무사>/업무사례/울산남구상속등기법무사 || 울주군상속등기법무사>/업무사례/울주군상속등기법무사 || 울산 상속등기 비용>/업무사례/울산상속등기비용 || 전국상속등기법무사>/업무사례/전국상속등기법무사 || 전국비대면법무사>/업무사례/전국비대면법무사 || 부산 상속등기>/부산상속등기 || 울산 업무 가능 여부 확인>/contact/inquiry?from=nationwide&region=%EC%9A%B8%EC%82%B0&field=inheritance-registration || 부산에서 법무사 찾을 때 허브로 돌아가기>/부산법무사 || 해운대·센텀 법무사 상담>/해운대법무사 || 센텀 법인·부동산 등기>/센텀법무사,홈 > 업무 사례 > 울산 지역 업무사례 > 울산,yes,WebPage+FAQ,,SERP_UNVERIFIED,other,case,"울산중구·남구·동구·북구·울주군에서상속등기·법인등기·유증등기를찾으셔도,반드시현지에사무소가있어야하는것은아닙니다.다옴법무사사무소는부산해운대구에있으며"
/업무사례/울산중구상속등기법무사,generated,"index,follow",yes,/업무사례/울산중구상속등기법무사,울산 중구 상속등기 법무사｜태화·우정… | 다옴법무사사무소,"울산 중구 태화·우정·성안 상속등기. 혁신도시 아파트·주택 협의분할·위임. 부산 해운대 사무소, 울산 중구 지점 없음. 해운대·센텀 다옴법무사사무소에서 전화·카카오톡·방문(예약) 상담이 가능합니다.",울산 중구 상속등기 법무사｜태화·우정… | 다옴법무사사무소,"울산 중구 태화·우정·성안 상속등기. 혁신도시 아파트·주택 협의분할·위임. 부산 해운대 사무소, 울산 중구 지점 없음. 해운대·센텀 다옴법무사사무소에서 전화·카카오톡·방문(예약) 상담이 가능합니다.",울산 중구 상속부동산의 비용과 필요서류,검색하신 중구 질문에 대한 답변 | 지점이 아니라는 점 | 부산과 인접한 지역의 진행 방식 | 중구 고유 상담 상황 | 재산유형별 확인사항 | 안윤정 법무사 직접 확인 | 보수와 공과금 구분 | 상담 전 준비하면 좋은 정보,"울산 중구 태화·우정·성안·혁신도시 일대 아파트·주택 상속등기를 검색하셔도 해당 지역 소재 사무소만 찾을 필요는 없습니다. 다옴법무사사무소는 부산 해운대구에 있으며 울산 중구에 별도 지점이 없습니다. 혁신도시 신축 아파트와 구도심 주택이 섞인 경우도 서류 목록부터 정리합니다. 부산과 가까워 방문 상담이 편하시면 해운대로 오실 수 있고, 상속인이 멀리 있으면 사진·우편으로 비대면 진행 여부를 먼저 확인합니다. 울산 중구 태화·우정·성안·혁신도시 일대 아파트·주택 상속등기를 검색하셔도 해당 지역 소재 사무소만 찾을 필요는 없습니다. 다옴법무사사무소는 부산 해운대구에 있으며 울산 중구에 별도 지점이 없습니다. 혁신도시 신축 아파트와 구도심 주택이 섞인 경우도 서류 목록부터 정리합니다. 부산과 가까워 방문 상담이 편하시면 해운대로 오실 수 있고, 상속인이 멀리 있으면 사진·우편으로 비대면 진행 여부를 먼저 확인합니다. 울산 중구 소재·문의 업무 공유 관할·방문·비대면 범위 검토 보수·공과금",505,2,/업무사례/울산법무사업무::울산 중구 상속등기 법무사 || /업무사례/울산동구상속등기법무사::울산 중구 상속등기 법무사,울산상속등기법무사>/업무사례/울산상속등기법무사 || 울산 법무사 업무>/업무사례/울산법무사업무 || 울산남구상속등기법무사>/업무사례/울산남구상속등기법무사 || 울산 상속등기 비용>/업무사례/울산상속등기비용 || 부산 상속등기>/부산상속등기 || 전국상속등기법무사>/업무사례/전국상속등기법무사 || 전국비대면법무사>/업무사례/전국비대면법무사 || 울산 중구 상속등기 가능 여부 문의>/contact/inquiry?from=nationwide&region=%EC%9A%B8%EC%82%B0%20%EC%A4%91%EA%B5%AC&field=inheritance-registration || 부산에서 법무사 찾을 때 허브로 돌아가기>/부산법무사 || 해운대·센텀 법무사 상담>/해운대법무사 || 센텀 법인·부동산 등기>/센텀법무사 || 부산 여성 법무사 상담>/부산여성법무사,홈 > 업무 사례 > 울산 지역 업무사례 > 중구,yes,WebPage+FAQ,,SERP_UNVERIFIED,inheritance-supporting,case,울산중구태화·우정·성안·혁신도시일대아파트·주택상속등기를검색하셔도해당지역소재사무소만찾을필요는없습니다.다옴법무사사무소는부산해운대구에있으며울산중구에별
/업무사례/울산동구상속등기법무사,generated,"index,follow",yes,/업무사례/울산동구상속등기법무사,울산 동구 상속등기 법무사｜방어·일산… | 다옴법무사사무소,"울산 동구 방어·일산·전하·남목 상속등기. 아파트·주택·토지 협의분할. 부산 해운대 사무소, 울산 동구 지점 없음. 해운대·센텀 다옴법무사사무소에서 전화·카카오톡·방문(예약) 상담이 가능합니다.",울산 동구 상속등기 법무사｜방어·일산… | 다옴법무사사무소,"울산 동구 방어·일산·전하·남목 상속등기. 아파트·주택·토지 협의분할. 부산 해운대 사무소, 울산 동구 지점 없음. 해운대·센텀 다옴법무사사무소에서 전화·카카오톡·방문(예약) 상담이 가능합니다.",울산 동구의 주택·아파트 상속등기,검색하신 동구 질문에 대한 답변 | 지점이 아니라는 점 | 부산과 인접한 지역의 진행 방식 | 동구 고유 상담 상황 | 재산유형별 확인사항 | 안윤정 법무사 직접 확인 | 보수와 공과금 구분 | 상담 전 준비하면 좋은 정보,"울산 동구 방어·일산·전하·남목 일대 아파트·주택·토지 상속등기를 준비하시면 협의분할·취득세·필요서류를 먼저 구분하는 것이 좋습니다. 다옴법무사사무소는 부산 해운대구에 있으며 울산 동구에 지점이 있는 것은 아닙니다. 남목 오래된 주택과 일산 신축 아파트가 함께 있는 경우도 일반적인 상담 유형으로 절차를 안내합니다. 부산과 인접해 방문이 편하시면 해운대 사무소로 오시고, 상속인이 타지역에 있으면 협의분할 서류를 비대면으로 정리할 수 있는지 검토합니다. 울산 동구 방어·일산·전하·남목 일대 아파트·주택·토지 상속등기를 준비하시면 협의분할·취득세·필요서류를 먼저 구분하는 것이 좋습니다. 다옴법무사사무소는 부산 해운대구에 있으며 울산 동구에 지점이 있는 것은 아닙니다. 남목 오래된 주택과 일산 신축 아파트가 함께 있는 경우도 일반적인 상담 유형으로 절차를 안내합니다. 부산과 인접해 방문이 편하시면 해운대 사무소로 오시고, 상속인이 타지역에 있으면 협의분할 서류를 비대면으로 정리할 수 있는지",495,0,,울산상속등기법무사>/업무사례/울산상속등기법무사 || 울산 법무사 업무>/업무사례/울산법무사업무 || 울산 중구 상속등기 법무사>/업무사례/울산중구상속등기법무사 || 울산 북구 상속등기 법무사>/업무사례/울산북구상속등기법무사 || 울산 토지 상속등기>/업무사례/울산토지상속등기 || 전국상속등기법무사>/업무사례/전국상속등기법무사 || 부산 상속등기>/부산상속등기 || 울산 동구 상속등기 상담>/contact/inquiry?from=nationwide&region=%EC%9A%B8%EC%82%B0%20%EB%8F%99%EA%B5%AC&field=inheritance-registration || 부산에서 법무사 찾을 때 허브로 돌아가기>/부산법무사 || 해운대·센텀 법무사 상담>/해운대법무사 || 센텀 법인·부동산 등기>/센텀법무사 || 부산 여성 법무사 상담>/부산여성법무사,홈 > 업무 사례 > 울산 지역 업무사례 > 동구,yes,WebPage+FAQ,,SERP_UNVERIFIED,inheritance-supporting,case,울산동구방어·일산·전하·남목일대아파트·주택·토지상속등기를준비하시면협의분할·취득세·필요서류를먼저구분하는것이좋습니다.다옴법무사사무소는부산해운대구에있
/업무사례/울산북구상속등기법무사,generated,"index,follow",yes,/업무사례/울산북구상속등기법무사,울산 북구 상속등기 법무사｜송정·매곡… | 다옴법무사사무소,"울산 북구 송정·매곡·호계·강동 상속등기. 신축 아파트·토지 협의분할. 부산 해운대 사무소, 울산 북구 지점 없음. 해운대·센텀 다옴법무사사무소에서 전화·카카오톡·방문(예약) 상담이 가능합니다.",울산 북구 상속등기 법무사｜송정·매곡… | 다옴법무사사무소,"울산 북구 송정·매곡·호계·강동 상속등기. 신축 아파트·토지 협의분할. 부산 해운대 사무소, 울산 북구 지점 없음. 해운대·센텀 다옴법무사사무소에서 전화·카카오톡·방문(예약) 상담이 가능합니다.",울산 북구 신축 아파트와 토지 상속등기,검색하신 북구 질문에 대한 답변 | 지점이 아니라는 점 | 부산과 인접한 지역의 진행 방식 | 북구 고유 상담 상황 | 재산유형별 확인사항 | 안윤정 법무사 직접 확인 | 보수와 공과금 구분 | 상담 전 준비하면 좋은 정보,"울산 북구 송정·매곡·호계·강동 일대 신축 아파트와 토지 상속등기 문의가 많습니다. 다옴법무사사무소는 부산 해운대구에 있으며 울산 북구에 별도 지점이 없습니다. 송정 신축 단지와 매곡 공장 부지가 함께 상속되는 경우도 일반적인 상담 유형으로 절차·서류·비용을 구분해 안내합니다. 부산과 가까워 방문 상담이 편하시면 해운대로 오실 수 있고, 상속인이 지방·해외에 있으면 사진·우편·화상으로 비대면 진행 여부를 먼저 확인합니다. 울산 북구 송정·매곡·호계·강동 일대 신축 아파트와 토지 상속등기 문의가 많습니다. 다옴법무사사무소는 부산 해운대구에 있으며 울산 북구에 별도 지점이 없습니다. 송정 신축 단지와 매곡 공장 부지가 함께 상속되는 경우도 일반적인 상담 유형으로 절차·서류·비용을 구분해 안내합니다. 부산과 가까워 방문 상담이 편하시면 해운대로 오실 수 있고, 상속인이 지방·해외에 있으면 사진·우편·화상으로 비대면 진행 여부를 먼저 확인합니다. 울산 북구 소재·문의 업무 공유 관할·방문·",484,4,/업무사례/울산동구상속등기법무사::울산 북구 상속등기 법무사 || /업무사례/울산송정동상속등기::울산 북구 상속등기 법무사 || /업무사례/울산매곡동상속등기::울산 북구 상속등기 법무사 || /업무사례/울산공장상속등기::울산 북구 상속등기 법무사,울산상속등기법무사>/업무사례/울산상속등기법무사 || 울산 법무사 업무>/업무사례/울산법무사업무 || 울산 송정동 상속등기>/업무사례/울산송정동상속등기 || 울산 매곡동 상속등기>/업무사례/울산매곡동상속등기 || 울산 공장 상속등기>/업무사례/울산공장상속등기 || 전국상속등기법무사>/업무사례/전국상속등기법무사 || 전국비대면법무사>/업무사례/전국비대면법무사 || 울산 북구 상속등기 가능 여부 확인>/contact/inquiry?from=nationwide&region=%EC%9A%B8%EC%82%B0%20%EB%B6%81%EA%B5%AC&field=inheritance-registration || 부산에서 법무사 찾을 때 허브로 돌아가기>/부산법무사 || 해운대·센텀 법무사 상담>/해운대법무사 || 센텀 법인·부동산 등기>/센텀법무사 || 부산 여성 법무사 상담>/부산여성법무사,홈 > 업무 사례 > 울산 지역 업무사례 > 북구,yes,WebPage+FAQ,,SERP_UNVERIFIED,inheritance-supporting,case,울산북구송정·매곡·호계·강동일대신축아파트와토지상속등기문의가많습니다.다옴법무사사무소는부산해운대구에있으며울산북구에별도지점이없습니다.송정신축단지와매곡
/업무사례/울산삼산동상속등기,generated,"index,follow",yes,/업무사례/울산삼산동상속등기,울산 삼산동 상속등기｜아파트·상가 비용과 절차 | 다옴법무사사무소,울산 남구 삼산동 아파트·상가 상속등기 비용·서류·절차. 부산 해운대 사무소 방문·비대면 진행. 울산 지점 없음. 해운대·센텀 다옴법무사사무소에서 전화·카카오톡·방문(예약) 상담이 가능합니다.,울산 삼산동 상속등기｜아파트·상가 비용과 절차 | 다옴법무사사무소,울산 남구 삼산동 아파트·상가 상속등기 비용·서류·절차. 부산 해운대 사무소 방문·비대면 진행. 울산 지점 없음. 해운대·센텀 다옴법무사사무소에서 전화·카카오톡·방문(예약) 상담이 가능합니다.,울산 삼산동 아파트·상가 상속등기 비용과 절차,삼산동 업무 가능 여부 | 부산 해운대 사무소라는 안내 | 관할 특례와 법정 관할 | 삼산동에서 자주 문의되는 상황 | 방문 상담이 적합한 경우 | 비대면으로 먼저 검토하는 경우 | 필요서류·비용·절차 | 관련 지역·업무로 이어가기,"울산 남구 삼산동 아파트·상가 상속등기를 준비하시면 취득세·법무사 보수·필요서류를 먼저 구분하는 것이 좋습니다. 다옴법무사사무소는 부산 해운대구에 있으며 울산·삼산동에 지점이 있는 것은 아닙니다. 삼산역 인근 아파트와 상가 임대차가 섞인 경우도 일반적인 상담 유형으로 절차를 안내합니다. 부산과 가까워 방문이 편하시면 해운대 사무소로 오시고, 상속인이 타지역에 있으면 협의분할·위임 서류를 비대면으로 정리할 수 있는지 검토합니다. 울산 남구 삼산동 아파트·상가 상속등기를 준비하시면 취득세·법무사 보수·필요서류를 먼저 구분하는 것이 좋습니다. 다옴법무사사무소는 부산 해운대구에 있으며 울산·삼산동에 지점이 있는 것은 아닙니다. 삼산역 인근 아파트와 상가 임대차가 섞인 경우도 일반적인 상담 유형으로 절차를 안내합니다. 부산과 가까워 방문이 편하시면 해운대 사무소로 오시고, 상속인이 타지역에 있으면 협의분할·위임 서류를 비대면으로 정리할 수 있는지 검토합니다. 울산 남구 삼산동 소재·문의 업무",490,4,/업무사례/울산달동상속등기::울산 삼산동 상속등기 || /업무사례/울산옥동상속등기::울산 삼산동 상속등기 || /업무사례/울산상속등기비용::울산 삼산동 상속등기 || /업무사례/울산아파트상속등기::울산 삼산동 상속등기,울산남구상속등기법무사>/업무사례/울산남구상속등기법무사 || 울산상속등기법무사>/업무사례/울산상속등기법무사 || 울산 달동 상속등기>/업무사례/울산달동상속등기 || 울산 상속등기 비용>/업무사례/울산상속등기비용 || 울산 법무사 업무>/업무사례/울산법무사업무 || 전국상속등기법무사>/업무사례/전국상속등기법무사 || 부산 상속등기>/부산상속등기 || 삼산동 상속등기 상담>/contact/inquiry?from=nationwide&region=%EC%9A%B8%EC%82%B0%20%EB%82%A8%EA%B5%AC%20%EC%82%BC%EC%82%B0%EB%8F%99&field=inheritance-registration || 부산에서 법무사 찾을 때 허브로 돌아가기>/부산법무사 || 해운대·센텀 법무사 상담>/해운대법무사 || 센텀 법인·부동산 등기>/센텀법무사 || 부산 여성 법무사 상담>/부산여성법무사,홈 > 업무 사례 > 울산 지역 업무사례 > 삼산동,yes,WebPage+FAQ,,SERP_UNVERIFIED,inheritance-supporting,case,울산남구삼산동아파트·상가상속등기를준비하시면취득세·법무사보수·필요서류를먼저구분하는것이좋습니다.다옴법무사사무소는부산해운대구에있으며울산·삼산동에지점이
/업무사례/울산달동상속등기,generated,"index,follow",yes,/업무사례/울산달동상속등기,울산 달동 상속등기｜상속 후 매도 예정인 경우 | 다옴법무사사무소,"울산 남구 달동 아파트·주택 상속등기. 상속 후 매도 전 확인 절차. 부산 해운대 사무소, 울산 지점 없음. 해운대·센텀 다옴법무사사무소에서 전화·카카오톡·방문(예약) 상담이 가능합니다.",울산 달동 상속등기｜상속 후 매도 예정인 경우 | 다옴법무사사무소,"울산 남구 달동 아파트·주택 상속등기. 상속 후 매도 전 확인 절차. 부산 해운대 사무소, 울산 지점 없음. 해운대·센텀 다옴법무사사무소에서 전화·카카오톡·방문(예약) 상담이 가능합니다.",울산 달동 상속등기 — 상속 후 매도 예정인 경우,달동 업무 가능 여부 | 부산 해운대 사무소라는 안내 | 관할 특례와 법정 관할 | 달동에서 자주 문의되는 상황 | 방문 상담이 적합한 경우 | 비대면으로 먼저 검토하는 경우 | 필요서류·비용·절차 | 관련 지역·업무로 이어가기,"울산 남구 달동 아파트·주택 상속등기를 마친 뒤 매도를 계획하시면, 협의분할·취득세·등기 순서를 미리 맞추는 것이 중요합니다. 다옴법무사사무소는 부산 해운대구에 있으며 울산·달동에 별도 지점이 없습니다. 달동 구축 아파트와 주차장·대지 지분이 함께 있는 경우도 일반적인 상담 유형으로 절차를 안내합니다. 부산과 인접해 방문이 편하시면 해운대 사무소로 오시고, 상속인이 지방에 있으면 협의분할 서류를 비대면으로 정리할 수 있는지 검토합니다. 울산 남구 달동 아파트·주택 상속등기를 마친 뒤 매도를 계획하시면, 협의분할·취득세·등기 순서를 미리 맞추는 것이 중요합니다. 다옴법무사사무소는 부산 해운대구에 있으며 울산·달동에 별도 지점이 없습니다. 달동 구축 아파트와 주차장·대지 지분이 함께 있는 경우도 일반적인 상담 유형으로 절차를 안내합니다. 부산과 인접해 방문이 편하시면 해운대 사무소로 오시고, 상속인이 지방에 있으면 협의분할 서류를 비대면으로 정리할 수 있는지 검토합니다. 울산 남구 달동",491,2,/업무사례/울산삼산동상속등기::울산 달동 상속등기 || /업무사례/울산옥동상속등기::울산 달동 상속등기,울산 삼산동 상속등기>/업무사례/울산삼산동상속등기 || 울산남구상속등기법무사>/업무사례/울산남구상속등기법무사 || 울산상속등기법무사>/업무사례/울산상속등기법무사 || 울산 아파트 상속등기>/업무사례/울산아파트상속등기 || 울산 법무사 업무>/업무사례/울산법무사업무 || 전국상속등기법무사>/업무사례/전국상속등기법무사 || 전국비대면법무사>/업무사례/전국비대면법무사 || 달동 상속등기·매도 전 상담>/contact/inquiry?from=nationwide&region=%EC%9A%B8%EC%82%B0%20%EB%82%A8%EA%B5%AC%20%EB%8B%AC%EB%8F%99&field=inheritance-registration || 부산에서 법무사 찾을 때 허브로 돌아가기>/부산법무사 || 해운대·센텀 법무사 상담>/해운대법무사 || 센텀 법인·부동산 등기>/센텀법무사 || 부산 여성 법무사 상담>/부산여성법무사,홈 > 업무 사례 > 울산 지역 업무사례 > 달동,yes,WebPage+FAQ,,SERP_UNVERIFIED,inheritance-supporting,case,"울산남구달동아파트·주택상속등기를마친뒤매도를계획하시면,협의분할·취득세·등기순서를미리맞추는것이중요합니다.다옴법무사사무소는부산해운대구에있으며울산·달동"
/업무사례/울산옥동상속등기,generated,"index,follow",yes,/업무사례/울산옥동상속등기,울산 옥동 상속등기｜공동상속인 필요서류 | 다옴법무사사무소,"울산 남구 옥동 아파트·주택 상속등기. 공동상속인별 필요서류·위임. 부산 해운대 사무소, 울산 지점 없음. 해운대·센텀 다옴법무사사무소에서 전화·카카오톡·방문(예약) 상담이 가능합니다.",울산 옥동 상속등기｜공동상속인 필요서류 | 다옴법무사사무소,"울산 남구 옥동 아파트·주택 상속등기. 공동상속인별 필요서류·위임. 부산 해운대 사무소, 울산 지점 없음. 해운대·센텀 다옴법무사사무소에서 전화·카카오톡·방문(예약) 상담이 가능합니다.",울산 옥동 공동상속인 상속등기 필요서류,검색하신 옥동 질문에 대한 답변 | 지점이 아니라는 점 | 부산과 인접한 지역의 진행 방식 | 옥동 고유 상담 상황 | 재산유형별 확인사항 | 안윤정 법무사 직접 확인 | 보수와 공과금 구분 | 상담 전 준비하면 좋은 정보,"울산 남구 옥동 아파트·주택 상속등기에서 공동상속인이 여러 명이면, 각 상속인별 위임·인감·가족관계 서류를 미리 정리하는 것이 중요합니다. 다옴법무사사무소는 부산 해운대구에 있으며 울산·옥동에 별도 지점이 없습니다. 옥동 아파트와 남구 외곽 토지가 함께 있거나 상속인이 부산·수도권에 흩어진 경우도 일반적인 상담 유형으로 절차를 안내합니다. 방문은 해운대 사무소, 비대면은 서류 사진·우편·화상으로 먼저 바로 상담·진행할 수 있습니다. 울산 남구 옥동 아파트·주택 상속등기에서 공동상속인이 여러 명이면, 각 상속인별 위임·인감·가족관계 서류를 미리 정리하는 것이 중요합니다. 다옴법무사사무소는 부산 해운대구에 있으며 울산·옥동에 별도 지점이 없습니다. 옥동 아파트와 남구 외곽 토지가 함께 있거나 상속인이 부산·수도권에 흩어진 경우도 일반적인 상담 유형으로 절차를 안내합니다. 방문은 해운대 사무소, 비대면은 서류 사진·우편·화상으로 먼저 바로 상담·진행할 수 있습니다. 울산 남구 옥동 소재·",472,1,/업무사례/울산상속등기필요서류::울산 옥동 상속등기,울산 삼산동 상속등기>/업무사례/울산삼산동상속등기 || 울산 달동 상속등기>/업무사례/울산달동상속등기 || 울산남구상속등기법무사>/업무사례/울산남구상속등기법무사 || 울산 상속등기 필요서류>/업무사례/울산상속등기필요서류 || 울산상속등기법무사>/업무사례/울산상속등기법무사 || 전국상속등기법무사>/업무사례/전국상속등기법무사 || 전국비대면법무사>/업무사례/전국비대면법무사 || 옥동 공동상속 상담>/contact/inquiry?from=nationwide&region=%EC%9A%B8%EC%82%B0%20%EB%82%A8%EA%B5%AC%20%EC%98%A5%EB%8F%99&field=inheritance-registration || 부산에서 법무사 찾을 때 허브로 돌아가기>/부산법무사 || 해운대·센텀 법무사 상담>/해운대법무사 || 센텀 법인·부동산 등기>/센텀법무사 || 부산 여성 법무사 상담>/부산여성법무사,홈 > 업무 사례 > 울산 지역 업무사례 > 옥동,yes,WebPage+FAQ,,SERP_UNVERIFIED,inheritance-supporting,case,"울산남구옥동아파트·주택상속등기에서공동상속인이여러명이면,각상속인별위임·인감·가족관계서류를미리정리하는것이중요합니다.다옴법무사사무소는부산해운대구에있으"
/업무사례/울산송정동상속등기,generated,"index,follow",yes,/업무사례/울산송정동상속등기,울산 송정동 상속등기｜신축 아파트 비용과 서류 | 다옴법무사사무소,울산 북구 송정동 신축 아파트 상속등기 비용·서류·절차. 부산 해운대 사무소 방문·비대면. 울산 지점 없음. 해운대·센텀 다옴법무사사무소에서 전화·카카오톡·방문(예약) 상담이 가능합니다.,울산 송정동 상속등기｜신축 아파트 비용과 서류 | 다옴법무사사무소,울산 북구 송정동 신축 아파트 상속등기 비용·서류·절차. 부산 해운대 사무소 방문·비대면. 울산 지점 없음. 해운대·센텀 다옴법무사사무소에서 전화·카카오톡·방문(예약) 상담이 가능합니다.,울산 송정동 신축 아파트 상속등기 비용과 서류,송정동 업무 가능 여부 | 부산 해운대 사무소라는 안내 | 관할 특례와 법정 관할 | 송정동에서 자주 문의되는 상황 | 방문 상담이 적합한 경우 | 비대면으로 먼저 검토하는 경우 | 필요서류·비용·절차 | 관련 지역·업무로 이어가기,"울산 북구 송정동 신축·준신축 아파트 상속등기를 준비하시면 취득세·법무사 보수·필요서류를 먼저 구분하는 것이 좋습니다. 다옴법무사사무소는 부산 해운대구에 있으며 울산·송정동에 지점이 있는 것은 아닙니다. 송정 생활권 대단지와 북구 외곽 토지가 함께 있는 경우도 일반적인 상담 유형으로 절차를 안내합니다. 부산과 가까워 방문 견적도 가능하고, 등기부 사진만으로 비대면 개요 견적도 검토합니다. 울산 북구 송정동 신축·준신축 아파트 상속등기를 준비하시면 취득세·법무사 보수·필요서류를 먼저 구분하는 것이 좋습니다. 다옴법무사사무소는 부산 해운대구에 있으며 울산·송정동에 지점이 있는 것은 아닙니다. 송정 생활권 대단지와 북구 외곽 토지가 함께 있는 경우도 일반적인 상담 유형으로 절차를 안내합니다. 부산과 가까워 방문 견적도 가능하고, 등기부 사진만으로 비대면 개요 견적도 검토합니다. 다옴법무사사무소는 부산 해운대구에 있으며 울산에 별도 지점이 있는 것은 아닙니다. 울산 북구 송정동 소재·문의 ",461,3,/업무사례/울산북구상속등기법무사::울산 송정동 상속등기 || /업무사례/울산매곡동상속등기::울산 송정동 상속등기 || /업무사례/울산아파트상속등기::울산 송정동 상속등기,울산 북구 상속등기 법무사>/업무사례/울산북구상속등기법무사 || 울산 매곡동 상속등기>/업무사례/울산매곡동상속등기 || 울산 상속등기 비용>/업무사례/울산상속등기비용 || 울산 상속등기 필요서류>/업무사례/울산상속등기필요서류 || 울산상속등기법무사>/업무사례/울산상속등기법무사 || 전국상속등기법무사>/업무사례/전국상속등기법무사 || 부산 상속등기>/부산상속등기 || 송정동 아파트 상속등기 상담>/contact/inquiry?from=nationwide&region=%EC%9A%B8%EC%82%B0%20%EB%B6%81%EA%B5%AC%20%EC%86%A1%EC%A0%95%EB%8F%99&field=inheritance-registration || 부산에서 법무사 찾을 때 허브로 돌아가기>/부산법무사 || 해운대·센텀 법무사 상담>/해운대법무사 || 센텀 법인·부동산 등기>/센텀법무사 || 부산 여성 법무사 상담>/부산여성법무사,홈 > 업무 사례 > 울산 지역 업무사례 > 송정동,yes,WebPage+FAQ,,SERP_UNVERIFIED,inheritance-supporting,case,울산북구송정동신축·준신축아파트상속등기를준비하시면취득세·법무사보수·필요서류를먼저구분하는것이좋습니다.다옴법무사사무소는부산해운대구에있으며울산·송정동에
/업무사례/울산매곡동상속등기,generated,"index,follow",yes,/업무사례/울산매곡동상속등기,울산 매곡동 상속등기｜아파트와 공장 부동산 상속 | 다옴법무사사무소,"울산 북구 매곡동 아파트·공장·토지 상속등기. 산업·주거 혼재 부동산. 부산 해운대 사무소, 울산 지점 없음. 해운대·센텀 다옴법무사사무소에서 전화·카카오톡·방문(예약) 상담이 가능합니다.",울산 매곡동 상속등기｜아파트와 공장 부동산 상속 | 다옴법무사사무소,"울산 북구 매곡동 아파트·공장·토지 상속등기. 산업·주거 혼재 부동산. 부산 해운대 사무소, 울산 지점 없음. 해운대·센텀 다옴법무사사무소에서 전화·카카오톡·방문(예약) 상담이 가능합니다.",울산 매곡동 아파트·공장 부동산 상속등기,검색하신 매곡동 질문에 대한 답변 | 지점이 아니라는 점 | 부산과 인접한 지역의 진행 방식 | 매곡동 고유 상담 상황 | 재산유형별 확인사항 | 안윤정 법무사 직접 확인 | 보수와 공과금 구분 | 상담 전 준비하면 좋은 정보,"울산 북구 매곡동은 아파트 단지와 공장·산업 부지가 함께 있는 생활권이라, 상속 시 주거·사업 부동산을 구분해 검토하는 것이 중요합니다. 다옴법무사사무소는 부산 해운대구에 있으며 울산·매곡동에 별도 지점이 없습니다. 매곡 아파트와 인근 공장 토지·건물이 함께 상속되거나 상속인이 부산·울주에 흩어진 경우도 일반적인 상담 유형으로 절차를 안내합니다. 방문은 해운대 사무소, 비대면은 등기부·사업 관련 서류 사진으로 먼저 개요 검토가 가능한지 확인합니다. 울산 북구 매곡동은 아파트 단지와 공장·산업 부지가 함께 있는 생활권이라, 상속 시 주거·사업 부동산을 구분해 검토하는 것이 중요합니다. 다옴법무사사무소는 부산 해운대구에 있으며 울산·매곡동에 별도 지점이 없습니다. 매곡 아파트와 인근 공장 토지·건물이 함께 상속되거나 상속인이 부산·울주에 흩어진 경우도 일반적인 상담 유형으로 절차를 안내합니다. 방문은 해운대 사무소, 비대면은 등기부·사업 관련 서류 사진으로 먼저 개요 검토가 가능한지 확",486,3,/업무사례/울산북구상속등기법무사::울산 매곡동 상속등기 || /업무사례/울산송정동상속등기::울산 매곡동 상속등기 || /업무사례/울산공장상속등기::울산 매곡동 상속등기,울산 북구 상속등기 법무사>/업무사례/울산북구상속등기법무사 || 울산 송정동 상속등기>/업무사례/울산송정동상속등기 || 울산 공장 상속등기>/업무사례/울산공장상속등기 || 울산상속등기법무사>/업무사례/울산상속등기법무사 || 울산 법무사 업무>/업무사례/울산법무사업무 || 전국상속등기법무사>/업무사례/전국상속등기법무사 || 전국비대면법무사>/업무사례/전국비대면법무사 || 매곡동 상속등기 상담>/contact/inquiry?from=nationwide&region=%EC%9A%B8%EC%82%B0%20%EB%B6%81%EA%B5%AC%20%EB%A7%A4%EA%B3%A1%EB%8F%99&field=inheritance-registration || 부산에서 법무사 찾을 때 허브로 돌아가기>/부산법무사 || 해운대·센텀 법무사 상담>/해운대법무사 || 센텀 법인·부동산 등기>/센텀법무사 || 부산 여성 법무사 상담>/부산여성법무사,홈 > 업무 사례 > 울산 지역 업무사례 > 매곡동,yes,WebPage+FAQ,,SERP_UNVERIFIED,inheritance-supporting,case,"울산북구매곡동은아파트단지와공장·산업부지가함께있는생활권이라,상속시주거·사업부동산을구분해검토하는것이중요합니다.다옴법무사사무소는부산해운대구에있으며울산"
/업무사례/울주범서상속등기,generated,"index,follow",yes,/업무사례/울주범서상속등기,울주군 범서 상속등기｜구영·천상 아파트와 토지 | 다옴법무사사무소,울주군 범서 구영·천상 아파트·토지 상속등기. 부산 해운대 사무소 방문·비대면. 울주군 지점 없음. 해운대·센텀 다옴법무사사무소에서 전화·카카오톡·방문(예약) 상담이 가능합니다.,울주군 범서 상속등기｜구영·천상 아파트와 토지 | 다옴법무사사무소,울주군 범서 구영·천상 아파트·토지 상속등기. 부산 해운대 사무소 방문·비대면. 울주군 지점 없음. 해운대·센텀 다옴법무사사무소에서 전화·카카오톡·방문(예약) 상담이 가능합니다.,울주군 범서 구영·천상 아파트·토지 상속등기,검색하신 범서 질문에 대한 답변 | 지점이 아니라는 점 | 부산과 인접한 지역의 진행 방식 | 범서 고유 상담 상황 | 재산유형별 확인사항 | 안윤정 법무사 직접 확인 | 보수와 공과금 구분 | 상담 전 준비하면 좋은 정보,"울주군 범서읍 구영·천상 일대 아파트·토지·주택 상속등기를 검색하셔도 현지에 사무소가 있어야 하는 것은 아닙니다. 다옴법무사사무소는 부산 해운대구에 있으며 울주군·범서에 별도 지점이 없습니다. 범서 생활권 아파트와 울주 외곽 필지가 함께 있거나 상속인이 부산·울산 시내에만 거주하는 경우도 일반적인 상담 유형으로 절차를 안내합니다. 부산과 가까워 방문 상담이 편하시면 해운대로 오실 수 있고, 멀리 있으면 등기부·가족관계 사진으로 비대면 진행를 시작합니다. 울주군 범서읍 구영·천상 일대 아파트·토지·주택 상속등기를 검색하셔도 현지에 사무소가 있어야 하는 것은 아닙니다. 다옴법무사사무소는 부산 해운대구에 있으며 울주군·범서에 별도 지점이 없습니다. 범서 생활권 아파트와 울주 외곽 필지가 함께 있거나 상속인이 부산·울산 시내에만 거주하는 경우도 일반적인 상담 유형으로 절차를 안내합니다. 부산과 가까워 방문 상담이 편하시면 해운대로 오실 수 있고, 멀리 있으면 등기부·가족관계 사진으로 비대면",486,3,/업무사례/울주언양상속등기::울주군 범서 상속등기 || /업무사례/울주삼남상속등기::울주군 범서 상속등기 || /업무사례/울주군상속포기한정승인::울주군 범서 상속등기,울주군상속등기법무사>/업무사례/울주군상속등기법무사 || 울주군 언양 상속등기>/업무사례/울주언양상속등기 || 울주군 삼남 상속등기>/업무사례/울주삼남상속등기 || 울산 토지 상속등기>/업무사례/울산토지상속등기 || 울산상속등기법무사>/업무사례/울산상속등기법무사 || 전국상속등기법무사>/업무사례/전국상속등기법무사 || 부산 상속등기>/부산상속등기 || 울주 범서 상속등기 상담>/contact/inquiry?from=nationwide&region=%EC%9A%B8%EC%A3%BC%EA%B5%B0%20%EB%B2%94%EC%84%9C&field=inheritance-registration || 부산에서 법무사 찾을 때 허브로 돌아가기>/부산법무사 || 해운대·센텀 법무사 상담>/해운대법무사 || 센텀 법인·부동산 등기>/센텀법무사 || 부산 여성 법무사 상담>/부산여성법무사,홈 > 업무 사례 > 울산 지역 업무사례 > 범서,yes,WebPage+FAQ,,SERP_UNVERIFIED,inheritance-supporting,case,울주군범서읍구영·천상일대아파트·토지·주택상속등기를검색하셔도현지에사무소가있어야하는것은아닙니다.다옴법무사사무소는부산해운대구에있으며울주군·범서에별도지
/업무사례/울주언양상속등기,generated,"index,follow",yes,/업무사례/울주언양상속등기,울주군 언양 상속등기｜주택·상가·토지 필요서류 | 다옴법무사사무소,"울주군 언양 주택·상가·토지 상속등기 필요서류·비용. 부산 해운대 사무소, 울주군 지점 없음. 해운대·센텀 다옴법무사사무소에서 전화·카카오톡·방문(예약) 상담이 가능합니다.",울주군 언양 상속등기｜주택·상가·토지 필요서류 | 다옴법무사사무소,"울주군 언양 주택·상가·토지 상속등기 필요서류·비용. 부산 해운대 사무소, 울주군 지점 없음. 해운대·센텀 다옴법무사사무소에서 전화·카카오톡·방문(예약) 상담이 가능합니다.",울주군 언양 주택·상가·토지 상속등기 서류,언양 업무 가능 여부 | 부산 해운대 사무소라는 안내 | 관할 특례와 법정 관할 | 언양에서 자주 문의되는 상황 | 방문 상담이 적합한 경우 | 비대면으로 먼저 검토하는 경우 | 필요서류·비용·절차 | 관련 지역·업무로 이어가기,"울주군 언양읍 주택·상가·토지 상속등기를 준비하시면 지번·지목 확인과 상속인별 서류 목록을 먼저 정리하는 것이 좋습니다. 다옴법무사사무소는 부산 해운대구에 있으며 울주군·언양에 별도 지점이 없습니다. 언양 상가 임대차와 외곽 농지·임야가 함께 있는 경우도 일반적인 상담 유형으로 절차를 안내합니다. 부산과 인접해 방문이 편하시면 해운대 사무소로 오시고, 상속인이 타지역에 있으면 협의분할·위임 서류를 비대면으로 정리할 수 있는지 검토합니다. 울주군 언양읍 주택·상가·토지 상속등기를 준비하시면 지번·지목 확인과 상속인별 서류 목록을 먼저 정리하는 것이 좋습니다. 다옴법무사사무소는 부산 해운대구에 있으며 울주군·언양에 별도 지점이 없습니다. 언양 상가 임대차와 외곽 농지·임야가 함께 있는 경우도 일반적인 상담 유형으로 절차를 안내합니다. 부산과 인접해 방문이 편하시면 해운대 사무소로 오시고, 상속인이 타지역에 있으면 협의분할·위임 서류를 비대면으로 정리할 수 있는지 검토합니다. 울주군 언양",464,4,/업무사례/울주범서상속등기::울주군 언양 상속등기 || /업무사례/울주삼남상속등기::울주군 언양 상속등기 || /업무사례/울산토지상속등기::울주군 언양 상속등기 || /업무사례/울주군상속포기한정승인::울주군 언양 상속등기,울주군상속등기법무사>/업무사례/울주군상속등기법무사 || 울주군 범서 상속등기>/업무사례/울주범서상속등기 || 울주군 삼남 상속등기>/업무사례/울주삼남상속등기 || 울산 토지 상속등기>/업무사례/울산토지상속등기 || 울산 상속등기 필요서류>/업무사례/울산상속등기필요서류 || 전국상속등기법무사>/업무사례/전국상속등기법무사 || 전국비대면법무사>/업무사례/전국비대면법무사 || 울주 언양 상속등기 상담>/contact/inquiry?from=nationwide&region=%EC%9A%B8%EC%A3%BC%EA%B5%B0%20%EC%96%B8%EC%96%91&field=inheritance-registration || 부산에서 법무사 찾을 때 허브로 돌아가기>/부산법무사 || 해운대·센텀 법무사 상담>/해운대법무사 || 센텀 법인·부동산 등기>/센텀법무사 || 부산 여성 법무사 상담>/부산여성법무사,홈 > 업무 사례 > 울산 지역 업무사례 > 언양,yes,WebPage+FAQ,,SERP_UNVERIFIED,inheritance-supporting,case,울주군언양읍주택·상가·토지상속등기를준비하시면지번·지목확인과상속인별서류목록을먼저정리하는것이좋습니다.다옴법무사사무소는부산해운대구에있으며울주군·언양에
/업무사례/울주삼남상속등기,generated,"index,follow",yes,/업무사례/울주삼남상속등기,울주군 삼남 상속등기｜울산역 인근 아파트와 토지 | 다옴법무사사무소,울주군 삼남읍 울산역 인근 아파트·토지 상속등기. 부산 해운대 사무소 방문·비대면. 울주군 지점 없음. 해운대·센텀 다옴법무사사무소에서 전화·카카오톡·방문(예약) 상담이 가능합니다.,울주군 삼남 상속등기｜울산역 인근 아파트와 토지 | 다옴법무사사무소,울주군 삼남읍 울산역 인근 아파트·토지 상속등기. 부산 해운대 사무소 방문·비대면. 울주군 지점 없음. 해운대·센텀 다옴법무사사무소에서 전화·카카오톡·방문(예약) 상담이 가능합니다.,울주군 삼남 울산역 인근 아파트·토지 상속등기,검색하신 삼남 질문에 대한 답변 | 지점이 아니라는 점 | 부산과 인접한 지역의 진행 방식 | 삼남 고유 상담 상황 | 재산유형별 확인사항 | 안윤정 법무사 직접 확인 | 보수와 공과금 구분 | 상담 전 준비하면 좋은 정보,"울주군 삼남읍은 울산역·KTX 인근 아파트와 외곽 토지가 함께 있는 생활권이라, 상속 시 주거·토지 부동산을 구분해 검토하는 것이 좋습니다. 다옴법무사사무소는 부산 해운대구에 있으며 울주군·삼남에 별도 지점이 없습니다. 삼남 아파트와 울산 시내·부산 부동산이 함께 있거나 상속인이 수도권에만 거주하는 경우도 일반적인 상담 유형으로 절차를 안내합니다. 방문은 해운대 사무소, 비대면은 등기부·가족관계 사진으로 먼저 개요 검토가 가능한지 확인합니다. 울주군 삼남읍은 울산역·KTX 인근 아파트와 외곽 토지가 함께 있는 생활권이라, 상속 시 주거·토지 부동산을 구분해 검토하는 것이 좋습니다. 다옴법무사사무소는 부산 해운대구에 있으며 울주군·삼남에 별도 지점이 없습니다. 삼남 아파트와 울산 시내·부산 부동산이 함께 있거나 상속인이 수도권에만 거주하는 경우도 일반적인 상담 유형으로 절차를 안내합니다. 방문은 해운대 사무소, 비대면은 등기부·가족관계 사진으로 먼저 개요 검토가 가능한지 확인합니다. ",475,2,/업무사례/울주범서상속등기::울주군 삼남 상속등기 || /업무사례/울주언양상속등기::울주군 삼남 상속등기,울주군상속등기법무사>/업무사례/울주군상속등기법무사 || 울주군 범서 상속등기>/업무사례/울주범서상속등기 || 울주군 언양 상속등기>/업무사례/울주언양상속등기 || 울산상속등기법무사>/업무사례/울산상속등기법무사 || 울산 법무사 업무>/업무사례/울산법무사업무 || 전국상속등기법무사>/업무사례/전국상속등기법무사 || 부산 상속등기>/부산상속등기 || 울주 삼남 상속등기 상담>/contact/inquiry?from=nationwide&region=%EC%9A%B8%EC%A3%BC%EA%B5%B0%20%EC%82%BC%EB%82%A8&field=inheritance-registration || 부산에서 법무사 찾을 때 허브로 돌아가기>/부산법무사 || 해운대·센텀 법무사 상담>/해운대법무사 || 센텀 법인·부동산 등기>/센텀법무사 || 부산 여성 법무사 상담>/부산여성법무사,홈 > 업무 사례 > 울산 지역 업무사례 > 삼남,yes,WebPage+FAQ,,SERP_UNVERIFIED,inheritance-supporting,case,"울주군삼남읍은울산역·KTX인근아파트와외곽토지가함께있는생활권이라,상속시주거·토지부동산을구분해검토하는것이좋습니다.다옴법무사사무소는부산해운대구에있으며"
/업무사례/울산상속등기비용,generated,"index,follow",yes,/업무사례/울산상속등기비용,울산 상속등기 비용｜취득세·채권·법무사 보수 구분 | 다옴법무사사무소,울산 상속등기 비용 구성. 법무사 보수·등기 수수료·취득세·국민주택채권 구분. 부산 해운대 사무소 안내. 울산 지점 없음. 해운대·센텀 다옴법무사사무소에서 전화·카카오톡·방문(예약) 상담이 가능합니다.,울산 상속등기 비용｜취득세·채권·법무사 보수 구분 | 다옴법무사사무소,울산 상속등기 비용 구성. 법무사 보수·등기 수수료·취득세·국민주택채권 구분. 부산 해운대 사무소 안내. 울산 지점 없음. 해운대·센텀 다옴법무사사무소에서 전화·카카오톡·방문(예약) 상담이 가능합니다.,울산 상속등기 비용 — 취득세·채권·법무사 보수 구분,울산 업무 가능 여부 | 부산 해운대 사무소라는 안내 | 관할 특례와 법정 관할 | 울산에서 자주 문의되는 상황 | 방문 상담이 적합한 경우 | 비대면으로 먼저 검토하는 경우 | 필요서류·비용·절차 | 관련 지역·업무로 이어가기,"울산 중구·남구·동구·북구·울주군 등 여러 지역 부동산 상속등기 비용은 법무사 보수, 등기 수수료, 취득세, 국민주택채권 등으로 나뉩니다. 다옴법무사사무소는 부산 해운대구에 있으며 울산에 지점이 있는 것은 아닙니다. 협의분할·법정지분·부동산 가액·상속인 수에 따라 달라지는 항목을 일반적인 상담 유형 기준으로 구분해 안내합니다. 방문·비대면 모두 동일한 견적 기준으로 검토하며, 여러 구·군 부동산은 목록으로 받아 일괄 견적 포인트를 설명합니다. 울산 중구·남구·동구·북구·울주군 등 여러 지역 부동산 상속등기 비용은 법무사 보수, 등기 수수료, 취득세, 국민주택채권 등으로 나뉩니다. 다옴법무사사무소는 부산 해운대구에 있으며 울산에 지점이 있는 것은 아닙니다. 협의분할·법정지분·부동산 가액·상속인 수에 따라 달라지는 항목을 일반적인 상담 유형 기준으로 구분해 안내합니다. 방문·비대면 모두 동일한 견적 기준으로 검토하며, 여러 구·군 부동산은 목록으로 받아 일괄 견적 포인트를 설명합니다. ",475,7,/업무사례/울산법무사업무::울산 상속등기 비용 || /업무사례/울산중구상속등기법무사::울산 상속등기 비용 || /업무사례/울산삼산동상속등기::울산 상속등기 비용 || /업무사례/울산송정동상속등기::울산 상속등기 비용 || /업무사례/울산상속등기필요서류::울산 상속등기 비용 || /업무사례/울산아파트상속등기::울산 상속등기 비용 || /업무사례/울산토지상속등기::울산 상속등기 비용,울산 상속등기 필요서류>/업무사례/울산상속등기필요서류 || 울산상속등기법무사>/업무사례/울산상속등기법무사 || 울산 아파트 상속등기>/업무사례/울산아파트상속등기 || 울산 법무사 업무>/업무사례/울산법무사업무 || 울산 삼산동 상속등기>/업무사례/울산삼산동상속등기 || 전국상속등기법무사>/업무사례/전국상속등기법무사 || 부산 상속등기>/부산상속등기 || 울산 상속등기 예상 비용 확인>/contact/inquiry?from=nationwide&region=%EC%9A%B8%EC%82%B0&field=inheritance-registration || 부산에서 법무사 찾을 때 허브로 돌아가기>/부산법무사 || 해운대·센텀 법무사 상담>/해운대법무사 || 센텀 법인·부동산 등기>/센텀법무사 || 부산 여성 법무사 상담>/부산여성법무사,홈 > 업무 사례 > 울산 지역 업무사례 > 울산,yes,WebPage+FAQ,,SERP_UNVERIFIED,inheritance-supporting,case,"울산중구·남구·동구·북구·울주군등여러지역부동산상속등기비용은법무사보수,등기수수료,취득세,국민주택채권등으로나뉩니다.다옴법무사사무소는부산해운대구에있으"
/업무사례/울산상속등기필요서류,generated,"index,follow",yes,/업무사례/울산상속등기필요서류,울산 상속등기 필요서류｜상속인별 준비자료 정리 | 다옴법무사사무소,"울산 상속등기 필요서류. 상속인별 가족관계·인감·위임·협의분할. 부산 해운대 사무소, 울산 지점 없음. 해운대·센텀 다옴법무사사무소에서 전화·카카오톡·방문(예약) 상담이 가능합니다.",울산 상속등기 필요서류｜상속인별 준비자료 정리 | 다옴법무사사무소,"울산 상속등기 필요서류. 상속인별 가족관계·인감·위임·협의분할. 부산 해운대 사무소, 울산 지점 없음. 해운대·센텀 다옴법무사사무소에서 전화·카카오톡·방문(예약) 상담이 가능합니다.",울산 상속등기 필요서류 — 상속인별 준비자료,검색하신 울산 질문에 대한 답변 | 지점이 아니라는 점 | 부산과 인접한 지역의 진행 방식 | 울산 고유 상담 상황 | 재산유형별 확인사항 | 안윤정 법무사 직접 확인 | 보수와 공과금 구분 | 상담 전 준비하면 좋은 정보,"울산 전역 아파트·토지·주택 상속등기에서 필요서류는 상속인 수, 협의분할 여부, 거주지에 따라 달라집니다. 다옴법무사사무소는 부산 해운대구에 있으며 울산에 별도 지점이 없습니다. 등기부등본, 가족관계·기본·혼인관계증명, 인감·위임, 협의분할 협의서 등을 일반적인 상담 유형 기준으로 구분해 안내합니다. 부산과 가까워 방문으로 원본 확인이 가능하고, 사진·우편으로 비대면 진행가 가능한 서류부터 먼저 정리할 수 있습니다. 울산 전역 아파트·토지·주택 상속등기에서 필요서류는 상속인 수, 협의분할 여부, 거주지에 따라 달라집니다. 다옴법무사사무소는 부산 해운대구에 있으며 울산에 별도 지점이 없습니다. 등기부등본, 가족관계·기본·혼인관계증명, 인감·위임, 협의분할 협의서 등을 일반적인 상담 유형 기준으로 구분해 안내합니다. 부산과 가까워 방문으로 원본 확인이 가능하고, 사진·우편으로 비대면 진행가 가능한 서류부터 먼저 정리할 수 있습니다. 울산 소재·문의 업무 공유 관할·방문·비대면 범위 검토",453,5,/업무사례/울산옥동상속등기::울산 상속등기 필요서류 || /업무사례/울산송정동상속등기::울산 상속등기 필요서류 || /업무사례/울주언양상속등기::울산 상속등기 필요서류 || /업무사례/울산상속등기비용::울산 상속등기 필요서류 || /업무사례/울산유증등기법무사::울산 상속등기 필요서류,울산 상속등기 비용>/업무사례/울산상속등기비용 || 울산상속등기법무사>/업무사례/울산상속등기법무사 || 울산 옥동 상속등기>/업무사례/울산옥동상속등기 || 울산 법무사 업무>/업무사례/울산법무사업무 || 울주군상속등기법무사>/업무사례/울주군상속등기법무사 || 전국상속등기법무사>/업무사례/전국상속등기법무사 || 전국비대면법무사>/업무사례/전국비대면법무사 || 울산 상속등기 서류 목록 문의>/contact/inquiry?from=nationwide&region=%EC%9A%B8%EC%82%B0&field=inheritance-registration || 부산에서 법무사 찾을 때 허브로 돌아가기>/부산법무사 || 해운대·센텀 법무사 상담>/해운대법무사 || 센텀 법인·부동산 등기>/센텀법무사 || 부산 여성 법무사 상담>/부산여성법무사,홈 > 업무 사례 > 울산 지역 업무사례 > 울산,yes,WebPage+FAQ,,SERP_UNVERIFIED,inheritance-supporting,case,"울산전역아파트·토지·주택상속등기에서필요서류는상속인수,협의분할여부,거주지에따라달라집니다.다옴법무사사무소는부산해운대구에있으며울산에별도지점이없습니다."
/업무사례/울산아파트상속등기,generated,"index,follow",yes,/업무사례/울산아파트상속등기,울산 아파트 상속등기｜협의분할부터 취득세까지 | 다옴법무사사무소,"울산 아파트 상속등기. 협의분할·취득세·국민주택채권·필요서류. 부산 해운대 사무소, 울산 지점 없음. 해운대·센텀 다옴법무사사무소에서 전화·카카오톡·방문(예약) 상담이 가능합니다.",울산 아파트 상속등기｜협의분할부터 취득세까지 | 다옴법무사사무소,"울산 아파트 상속등기. 협의분할·취득세·국민주택채권·필요서류. 부산 해운대 사무소, 울산 지점 없음. 해운대·센텀 다옴법무사사무소에서 전화·카카오톡·방문(예약) 상담이 가능합니다.",울산 아파트 상속등기 — 협의분할부터 취득세까지,검색하신 울산 질문에 대한 답변 | 지점이 아니라는 점 | 부산과 인접한 지역의 진행 방식 | 울산 고유 상담 상황 | 재산유형별 확인사항 | 안윤정 법무사 직접 확인 | 보수와 공과금 구분 | 상담 전 준비하면 좋은 정보,"울산 삼산·송정·범서 등 전역 아파트 상속등기에서 협의분할 방식, 취득세, 국민주택채권, 필요서류를 미리 구분하는 것이 중요합니다. 다옴법무사사무소는 부산 해운대구에 있으며 울산에 별도 지점이 없습니다. 신축·구축 아파트, 대지·주차장 지분, 상속 후 매도 계획이 있는 경우도 일반적인 상담 유형으로 절차를 안내합니다. 부산과 인접해 방문 상담이 편하시면 해운대로 오실 수 있고, 상속인이 타지역에 있으면 협의분할 서류를 비대면으로 정리할 수 있는지 검토합니다. 울산 삼산·송정·범서 등 전역 아파트 상속등기에서 협의분할 방식, 취득세, 국민주택채권, 필요서류를 미리 구분하는 것이 중요합니다. 다옴법무사사무소는 부산 해운대구에 있으며 울산에 별도 지점이 없습니다. 신축·구축 아파트, 대지·주차장 지분, 상속 후 매도 계획이 있는 경우도 일반적인 상담 유형으로 절차를 안내합니다. 부산과 인접해 방문 상담이 편하시면 해운대로 오실 수 있고, 상속인이 타지역에 있으면 협의분할 서류를 비대면으로",481,3,/업무사례/울산달동상속등기::울산 아파트 상속등기 || /업무사례/울산상속등기비용::울산 아파트 상속등기 || /업무사례/울산유증등기법무사::울산 아파트 상속등기,울산 삼산동 상속등기>/업무사례/울산삼산동상속등기 || 울산 송정동 상속등기>/업무사례/울산송정동상속등기 || 울산 상속등기 비용>/업무사례/울산상속등기비용 || 울산상속등기법무사>/업무사례/울산상속등기법무사 || 울산 법무사 업무>/업무사례/울산법무사업무 || 전국상속등기법무사>/업무사례/전국상속등기법무사 || 부산 상속등기>/부산상속등기 || 울산 아파트 상속등기 상담>/contact/inquiry?from=nationwide&region=%EC%9A%B8%EC%82%B0&field=inheritance-registration || 부산에서 법무사 찾을 때 허브로 돌아가기>/부산법무사 || 해운대·센텀 법무사 상담>/해운대법무사 || 센텀 법인·부동산 등기>/센텀법무사 || 부산 여성 법무사 상담>/부산여성법무사,홈 > 업무 사례 > 울산 지역 업무사례 > 울산,yes,WebPage+FAQ,,SERP_UNVERIFIED,inheritance-supporting,case,"울산삼산·송정·범서등전역아파트상속등기에서협의분할방식,취득세,국민주택채권,필요서류를미리구분하는것이중요합니다.다옴법무사사무소는부산해운대구에있으며울산"
/업무사례/울산토지상속등기,generated,"index,follow",yes,/업무사례/울산토지상속등기,울산 토지 상속등기｜울주군 농지·임야 여러 필지 | 다옴법무사사무소,"울산·울주군 토지·농지·임야 상속등기. 여러 필지 지목·지분 확인. 부산 해운대 사무소, 울산 지점 없음. 해운대·센텀 다옴법무사사무소에서 전화·카카오톡·방문(예약) 상담이 가능합니다.",울산 토지 상속등기｜울주군 농지·임야 여러 필지 | 다옴법무사사무소,"울산·울주군 토지·농지·임야 상속등기. 여러 필지 지목·지분 확인. 부산 해운대 사무소, 울산 지점 없음. 해운대·센텀 다옴법무사사무소에서 전화·카카오톡·방문(예약) 상담이 가능합니다.",울산·울주군 토지 상속등기 — 농지·임야 여러 필지,검색하신 울산 질문에 대한 답변 | 지점이 아니라는 점 | 부산과 인접한 지역의 진행 방식 | 울산 고유 상담 상황 | 재산유형별 확인사항 | 안윤정 법무사 직접 확인 | 보수와 공과금 구분 | 상담 전 준비하면 좋은 정보,"울산 동구·북구·울주군 등에 흩어진 토지·농지·임야 상속등기에서는 지번·지목·지분 확인과 필지별 협의분할이 중요합니다. 다옴법무사사무소는 부산 해운대구에 있으며 울산·울주군에 별도 지점이 없습니다. 조부모·선대 명의 토지와 아파트가 함께 있거나 여러 읍·면에 필지가 나뉜 경우도 일반적인 상담 유형으로 목록표부터 작성하는 절차를 안내합니다. 방문은 해운대 사무소, 비대면은 등기부·토지대장 사진으로 먼저 개요 검토가 가능한지 확인합니다. 울산 동구·북구·울주군 등에 흩어진 토지·농지·임야 상속등기에서는 지번·지목·지분 확인과 필지별 협의분할이 중요합니다. 다옴법무사사무소는 부산 해운대구에 있으며 울산·울주군에 별도 지점이 없습니다. 조부모·선대 명의 토지와 아파트가 함께 있거나 여러 읍·면에 필지가 나뉜 경우도 일반적인 상담 유형으로 목록표부터 작성하는 절차를 안내합니다. 방문은 해운대 사무소, 비대면은 등기부·토지대장 사진으로 먼저 개요 검토가 가능한지 확인합니다. 울산 소재·문의 업",453,4,/업무사례/울산동구상속등기법무사::울산 토지 상속등기 || /업무사례/울주범서상속등기::울산 토지 상속등기 || /업무사례/울주언양상속등기::울산 토지 상속등기 || /업무사례/울산유증등기법무사::울산 토지 상속등기,울주군상속등기법무사>/업무사례/울주군상속등기법무사 || 울주군 언양 상속등기>/업무사례/울주언양상속등기 || 울산 상속등기 비용>/업무사례/울산상속등기비용 || 울산상속등기법무사>/업무사례/울산상속등기법무사 || 울산 법무사 업무>/업무사례/울산법무사업무 || 전국상속등기법무사>/업무사례/전국상속등기법무사 || 전국상속부동산일괄등기>/업무사례/전국상속부동산일괄등기 || 울산 토지 상속등기 상담>/contact/inquiry?from=nationwide&region=%EC%9A%B8%EC%82%B0&field=inheritance-registration || 부산에서 법무사 찾을 때 허브로 돌아가기>/부산법무사 || 해운대·센텀 법무사 상담>/해운대법무사 || 센텀 법인·부동산 등기>/센텀법무사 || 부산 여성 법무사 상담>/부산여성법무사,홈 > 업무 사례 > 울산 지역 업무사례 > 울산,yes,WebPage+FAQ,,SERP_UNVERIFIED,inheritance-supporting,case,울산동구·북구·울주군등에흩어진토지·농지·임야상속등기에서는지번·지목·지분확인과필지별협의분할이중요합니다.다옴법무사사무소는부산해운대구에있으며울산·울주
/업무사례/울산공장상속등기,generated,"index,follow",yes,/업무사례/울산공장상속등기,울산 공장 상속등기｜산업단지 토지·건물과 사업승계 | 다옴법무사사무소,"울산 공장·산업단지 토지·건물 상속등기. 사업승계·지분 확인. 부산 해운대 사무소, 울산 지점 없음. 해운대·센텀 다옴법무사사무소에서 전화·카카오톡·방문(예약) 상담이 가능합니다.",울산 공장 상속등기｜산업단지 토지·건물과 사업승계 | 다옴법무사사무소,"울산 공장·산업단지 토지·건물 상속등기. 사업승계·지분 확인. 부산 해운대 사무소, 울산 지점 없음. 해운대·센텀 다옴법무사사무소에서 전화·카카오톡·방문(예약) 상담이 가능합니다.",울산 공장 상속등기 — 산업단지 토지·건물과 사업승계,검색하신 울산 질문에 대한 답변 | 지점이 아니라는 점 | 부산과 인접한 지역의 진행 방식 | 울산 고유 상담 상황 | 재산유형별 확인사항 | 안윤정 법무사 직접 확인 | 보수와 공과금 구분 | 상담 전 준비하면 좋은 정보,"울산 매곡·온산·울주 산업단지 일대 공장·창고·토지 상속등기에서는 건물·토지 지분, 사업 관련 채무, 임대·운영 승계 여부를 함께 확인하는 것이 중요합니다. 다옴법무사사무소는 부산 해운대구에 있으며 울산에 별도 지점이 없습니다. 공장 부지와 아파트·주택이 함께 상속되거나 상속인 간 사업 승계·매각을 검토하는 경우도 일반적인 상담 유형으로 절차를 안내합니다. 방문은 해운대 사무소, 비대면은 등기부·건물 등기 사진으로 먼저 개요 검토가 가능한지 확인합니다. 울산 매곡·온산·울주 산업단지 일대 공장·창고·토지 상속등기에서는 건물·토지 지분, 사업 관련 채무, 임대·운영 승계 여부를 함께 확인하는 것이 중요합니다. 다옴법무사사무소는 부산 해운대구에 있으며 울산에 별도 지점이 없습니다. 공장 부지와 아파트·주택이 함께 상속되거나 상속인 간 사업 승계·매각을 검토하는 경우도 일반적인 상담 유형으로 절차를 안내합니다. 방문은 해운대 사무소, 비대면은 등기부·건물 등기 사진으로 먼저 개요 검토가 ",482,5,/업무사례/울산북구상속등기법무사::울산 공장 상속등기 || /업무사례/울산매곡동상속등기::울산 공장 상속등기 || /업무사례/울산에서부산법인본점이전::울산 공장 상속등기 || /업무사례/부산에서울산법인본점이전::울산 공장 상속등기 || /업무사례/부산울산공동근저당권::울산 공장 상속등기,울산 매곡동 상속등기>/업무사례/울산매곡동상속등기 || 울산 북구 상속등기 법무사>/업무사례/울산북구상속등기법무사 || 부산 울산 공동근저당권>/업무사례/부산울산공동근저당권 || 울산상속등기법무사>/업무사례/울산상속등기법무사 || 울산 법무사 업무>/업무사례/울산법무사업무 || 전국상속등기법무사>/업무사례/전국상속등기법무사 || 전국비대면법무사>/업무사례/전국비대면법무사 || 울산 공장 상속등기 상담>/contact/inquiry?from=nationwide&region=%EC%9A%B8%EC%82%B0&field=inheritance-registration || 부산에서 법무사 찾을 때 허브로 돌아가기>/부산법무사 || 해운대·센텀 법무사 상담>/해운대법무사 || 센텀 법인·부동산 등기>/센텀법무사 || 부산 여성 법무사 상담>/부산여성법무사,홈 > 업무 사례 > 울산 지역 업무사례 > 울산,yes,WebPage+FAQ,,SERP_UNVERIFIED,inheritance-supporting,case,"울산매곡·온산·울주산업단지일대공장·창고·토지상속등기에서는건물·토지지분,사업관련채무,임대·운영승계여부를함께확인하는것이중요합니다.다옴법무사사무소는부"
/업무사례/울주군상속포기한정승인,generated,"index,follow",yes,/업무사례/울주군상속포기한정승인,울주 상속포기 법무사｜사망 후 3개월… | 다옴법무사사무소,"울산광역시 울주군(온산·언양·범서 등) 상속포기·한정승인 안내. '울주' 검색은 울주군을 의미하며 사망 후 3개월 기한 안에 확인할 재산·채무를 안내합니다. 부산 해운대 사무소, 울산 지점 없음.",울주 상속포기 법무사｜사망 후 3개월… | 다옴법무사사무소,"울산광역시 울주군(온산·언양·범서 등) 상속포기·한정승인 안내. '울주' 검색은 울주군을 의미하며 사망 후 3개월 기한 안에 확인할 재산·채무를 안내합니다. 부산 해운대 사무소, 울산 지점 없음.","울산 울주군 상속포기·한정승인, 사망 후 확인할 순서",울주군 업무 가능 여부 | 부산 해운대 사무소라는 안내 | 관할 특례와 법정 관할 | 울주군에서 자주 문의되는 상황 | 방문 상담이 적합한 경우 | 비대면으로 먼저 검토하는 경우 | 필요서류·비용·절차 | 관련 지역·업무로 이어가기,"'울주 상속포기'를 검색하셨다면 대부분 울산광역시 울주군을 의미합니다. 울주군은 온산·언양·범서·삼남 등 여러 읍·면으로 이루어진 넓은 지역으로, 공장·농지가 섞인 토지와 함께 채무가 확인되지 않는 경우가 자주 있습니다. 온산 공단 인근 토지나 언양·범서 농지에 근저당·가압류가 걸려 있거나 개인 간 보증채무가 뒤늦게 확인되면, 상속등기를 먼저 진행하기보다 상속포기·한정승인 여부를 검토하는 것이 안전합니다. 상속포기·한정승인은 상속등기와 달리 관할 특례가 적용되지 않고 피상속인의 최후 주소지를 관할하는 가정법원에 신고하며, 울주군 거주 피상속인은 울산지방법원이 관할인 경우가 많습니다. 상속인이 부산·양산이나 수도권에 거주해도 신고서 작성과 재산목록 준비는 사진·우편으로 먼저 진행할 수 있지만, 법원 제출 서류의 인감·서명 확인은 원본이 필요할 수 있습니다. '울주 상속포기'를 검색하셨다면 대부분 울산광역시 울주군을 의미합니다. 울주군은 온산·언양·범서·삼남 등 여러 읍·면으로 이루어진",712,1,/업무사례/울주군상속등기법무사::울주군상속포기한정승인,울주군 범서 상속등기>/업무사례/울주범서상속등기 || 울주군 언양 상속등기>/업무사례/울주언양상속등기 || 울산 법무사 업무>/업무사례/울산법무사업무 || 업무사례/울주군상속등기법무사>/업무사례/울주군상속등기법무사 || 업무사례/울산상속등기법무사>/업무사례/울산상속등기법무사 || 부산상속포기>/부산상속포기 || 울주 상속포기·한정승인 상담>/contact/inquiry?from=nationwide&region=%EC%9A%B8%EC%82%B0%20%EC%9A%B8%EC%A3%BC%EA%B5%B0&field=inheritance-renunciation || 부산에서 법무사 찾을 때 허브로 돌아가기>/부산법무사 || 해운대·센텀 법무사 상담>/해운대법무사 || 센텀 법인·부동산 등기>/센텀법무사 || 부산 여성 법무사 상담>/부산여성법무사 || 부산 상속등기 절차>/부산상속등기,홈 > 업무 사례 > 울산 지역 업무사례 > 울주군,yes,WebPage+FAQ,,SERP_UNVERIFIED,renunciation-supporting,case,"'울주상속포기'를검색하셨다면대부분울산광역시울주군을의미합니다.울주군은온산·언양·범서·삼남등여러읍·면으로이루어진넓은지역으로,공장·농지가섞인토지와함께"
/업무사례/대구법무사업무,generated,"index,follow",yes,/업무사례/대구법무사업무,대구 법무사 업무 안내｜상속등기·법인… | 다옴법무사사무소,대구 법무사 업무 허브. 8개 구·군 상속등기·법인등기·유증등기를 부산 해운대 사무소에서 비대면으로 검토합니다. 대구 지점 없음. 해운대·센텀 다옴법무사사무소에서 전화·카카오톡·방문(예약) 상담이 가능합니다.,대구 법무사 업무 안내｜상속등기·법인… | 다옴법무사사무소,대구 법무사 업무 허브. 8개 구·군 상속등기·법인등기·유증등기를 부산 해운대 사무소에서 비대면으로 검토합니다. 대구 지점 없음. 해운대·센텀 다옴법무사사무소에서 전화·카카오톡·방문(예약) 상담이 가능합니다.,대구 전 지역에서 맡길 수 있는 법무사 업무,대구에서 의뢰할 수 있는 업무 | 대구 업무 가능 여부 | 부산 해운대 사무소라는 안내 | 관할 특례와 법정 관할 | 대구에서 자주 문의되는 상황 | 방문 상담이 적합한 경우 | 비대면으로 먼저 검토하는 경우 | 필요서류·비용·절차 | 관련 지역·업무로 이어가기,"대구 중·동·서·남·북구와 달성·군위 등에서 상속등기·법인등기·유증등기를 찾으셔도, 반드시 대구 현지에 사무소가 있어야 하는 것은 아닙니다. 다옴법무사사무소는 부산 해운대구에 있으며 대구 각 구·군에 지점을 두고 있지 않습니다. 부산과 거리가 있어도 등기부·가족관계 서류를 사진·우편·화상으로 먼저 검토하는 비대면 상담이 가능하고, 방문을 원하시면 해운대 사무소로 오실 수 있습니다. 상속·유증은 관할 특례, 법인·근저당은 법정관할을 구분해 안내합니다. 대구 중·동·서·남·북구와 달성·군위 등에서 상속등기·법인등기·유증등기를 찾으셔도, 반드시 대구 현지에 사무소가 있어야 하는 것은 아닙니다. 다옴법무사사무소는 부산 해운대구에 있으며 대구 각 구·군에 지점을 두고 있지 않습니다. 부산과 거리가 있어도 등기부·가족관계 서류를 사진·우편·화상으로 먼저 검토하는 비대면 상담이 가능하고, 방문을 원하시면 해운대 사무소로 오실 수 있습니다. 상속·유증은 관할 특례, 법인·근저당은 법정관할을 구분해",535,40,/업무사례/대구법무사업무::대구 지역 업무사례 || /업무사례/대구중구상속등기법무사::대구 법무사 업무 || /업무사례/대구중구상속등기법무사::대구 지역 업무사례 || /업무사례/대구동구상속등기법무사::대구 법무사 업무 || /업무사례/대구동구상속등기법무사::대구 지역 업무사례 || /업무사례/대구서구상속등기법무사::대구 법무사 업무 || /업무사례/대구서구상속등기법무사::대구 지역 업무사례 || /업무사례/대구남구상속등기법무사::대구 법무사 업무 || /업무사례/대구남구상속등기법무사::대구 지역 업무사례 || /업무사례/대구북구상속등기법무사::대구 법무사 업무 || /업무사례/대구북구상속등기법무사::대구 지역 업무사례 || /업무사례/대구달성군상속등기법무사::대구 법무사 업무,대구상속등기법무사>/업무사례/대구상속등기법무사 || 대구수성구상속등기법무사>/업무사례/대구수성구상속등기법무사 || 대구달서구상속등기법무사>/업무사례/대구달서구상속등기법무사 || 대구 중구 상속등기 법무사>/업무사례/대구중구상속등기법무사 || 대구 범어 상속등기>/업무사례/대구범어동상속등기 || 전국상속등기법무사>/업무사례/전국상속등기법무사 || 전국비대면법무사>/업무사례/전국비대면법무사 || 부산 상속등기>/부산상속등기 || 대구 업무 가능 여부 확인>/contact/inquiry?from=nationwide&region=%EB%8C%80%EA%B5%AC&field=inheritance-registration || 부산에서 법무사 찾을 때 허브로 돌아가기>/부산법무사 || 해운대·센텀 법무사 상담>/해운대법무사 || 센텀 법인·부동산 등기>/센텀법무사,홈 > 업무 사례 > 대구 지역 업무사례 > 대구,yes,WebPage+FAQ,,SERP_UNVERIFIED,other,case,"대구중·동·서·남·북구와달성·군위등에서상속등기·법인등기·유증등기를찾으셔도,반드시대구현지에사무소가있어야하는것은아닙니다.다옴법무사사무소는부산해운대구"
/업무사례/대구중구상속등기법무사,generated,"index,follow",yes,/업무사례/대구중구상속등기법무사,대구 중구 상속등기 법무사｜아파트·상… | 다옴법무사사무소,대구 중구 아파트·상가 상속등기. 부산 해운대 사무소에서 관할 특례·비대면 진행. 대구 지점 없음. 해운대·센텀 다옴법무사사무소에서 전화·카카오톡·방문(예약) 상담이 가능합니다.,대구 중구 상속등기 법무사｜아파트·상… | 다옴법무사사무소,대구 중구 아파트·상가 상속등기. 부산 해운대 사무소에서 관할 특례·비대면 진행. 대구 지점 없음. 해운대·센텀 다옴법무사사무소에서 전화·카카오톡·방문(예약) 상담이 가능합니다.,대구 중구 아파트·상가 상속등기를 어디에 맡길까,검색하신 중구 질문에 대한 답변 | 지점이 아니라는 점 | 거리가 있어도 서류를 먼저 확인하는 방법 | 중구 고유 상담 상황 | 재산유형별 확인사항 | 안윤정 법무사 직접 확인 | 보수와 공과금 구분 | 상담 전 준비하면 좋은 정보,"대구 중구 도심 아파트·상가·오피스텔 상속등기를 검색하셔도 해당 지역 소재 사무소만 찾을 필요는 없습니다. 다옴법무사사무소는 부산 해운대구에 있으며 대구 중구에 별도 지점이 없습니다. 중구 역세권 상가와 구축 아파트가 함께 상속되는 경우도 서류 목록부터 정리합니다. 부산과 거리가 있어도 등기부·가족관계 서류 사진으로 비대면 개요 상담이 가능하고, 방문을 원하시면 해운대 사무소로 오실 수 있습니다. 대구 중구 도심 아파트·상가·오피스텔 상속등기를 검색하셔도 해당 지역 소재 사무소만 찾을 필요는 없습니다. 다옴법무사사무소는 부산 해운대구에 있으며 대구 중구에 별도 지점이 없습니다. 중구 역세권 상가와 구축 아파트가 함께 상속되는 경우도 서류 목록부터 정리합니다. 부산과 거리가 있어도 등기부·가족관계 서류 사진으로 비대면 개요 상담이 가능하고, 방문을 원하시면 해운대 사무소로 오실 수 있습니다. 대구 중구 소재·문의 업무 공유 관할·방문·비대면 범위 검토 보수·공과금 구분 안내 원본 전달",493,4,/업무사례/대구법무사업무::대구 중구 상속등기 법무사 || /업무사례/대구동구상속등기법무사::대구 중구 상속등기 법무사 || /업무사례/대구상속등기필요서류::대구 중구 상속등기 법무사 || /업무사례/대구유증등기법무사::대구 중구 상속등기 법무사,대구 동구 상속등기 법무사>/업무사례/대구동구상속등기법무사 || 대구수성구상속등기법무사>/업무사례/대구수성구상속등기법무사 || 대구 법무사 업무>/업무사례/대구법무사업무 || 대구 상속등기 비용>/업무사례/대구상속등기비용 || 전국상속등기법무사>/업무사례/전국상속등기법무사 || 부산 상속등기>/부산상속등기 || 대구 중구 상속등기 가능 여부 문의>/contact/inquiry?from=nationwide&region=%EB%8C%80%EA%B5%AC%20%EC%A4%91%EA%B5%AC&field=inheritance-registration || 부산에서 법무사 찾을 때 허브로 돌아가기>/부산법무사 || 해운대·센텀 법무사 상담>/해운대법무사 || 센텀 법인·부동산 등기>/센텀법무사 || 부산 여성 법무사 상담>/부산여성법무사 || 부산 법인등기 안내>/부산법인등기,홈 > 업무 사례 > 대구 지역 업무사례 > 중구,yes,WebPage+FAQ,,SERP_UNVERIFIED,inheritance-supporting,case,대구중구도심아파트·상가·오피스텔상속등기를검색하셔도해당지역소재사무소만찾을필요는없습니다.다옴법무사사무소는부산해운대구에있으며대구중구에별도지점이없습니다
/업무사례/대구동구상속등기법무사,generated,"index,follow",yes,/업무사례/대구동구상속등기법무사,대구 동구 상속등기 법무사｜주택·아파트 상속 절차 | 다옴법무사사무소,대구 동구 아파트·주택 상속등기. 부산 해운대 사무소 비대면 진행. 대구 동구 지점 없음. 해운대·센텀 다옴법무사사무소에서 전화·카카오톡·방문(예약) 상담이 가능합니다.,대구 동구 상속등기 법무사｜주택·아파트 상속 절차 | 다옴법무사사무소,대구 동구 아파트·주택 상속등기. 부산 해운대 사무소 비대면 진행. 대구 동구 지점 없음. 해운대·센텀 다옴법무사사무소에서 전화·카카오톡·방문(예약) 상담이 가능합니다.,대구 동구 주택·아파트 상속등기 절차 정리,검색하신 동구 질문에 대한 답변 | 지점이 아니라는 점 | 거리가 있어도 서류를 먼저 확인하는 방법 | 동구 고유 상담 상황 | 재산유형별 확인사항 | 안윤정 법무사 직접 확인 | 보수와 공과금 구분 | 상담 전 준비하면 좋은 정보,"대구 동구 아파트·단독주택·다가구주택 상속등기를 준비하시면 취득세·법무사 보수·필요서류를 먼저 구분하는 것이 좋습니다. 다옴법무사사무소는 부산 해운대구에 있으며 대구 동구에 지점이 있는 것은 아닙니다. 동구 구축 아파트와 대지 지분이 함께 있는 경우도 일반적인 상담 유형으로 절차를 안내합니다. 부산과 거리가 있어도 등기부 사진만으로 비대면 개요 상담이 가능하고, 방문을 원하시면 해운대 사무소로 오실 수 있습니다. 대구 동구 아파트·단독주택·다가구주택 상속등기를 준비하시면 취득세·법무사 보수·필요서류를 먼저 구분하는 것이 좋습니다. 다옴법무사사무소는 부산 해운대구에 있으며 대구 동구에 지점이 있는 것은 아닙니다. 동구 구축 아파트와 대지 지분이 함께 있는 경우도 일반적인 상담 유형으로 절차를 안내합니다. 부산과 거리가 있어도 등기부 사진만으로 비대면 개요 상담이 가능하고, 방문을 원하시면 해운대 사무소로 오실 수 있습니다. 대구 동구 소재·문의 업무 공유 관할·방문·비대면 범위 검토 ",461,2,/업무사례/대구중구상속등기법무사::대구 동구 상속등기 법무사 || /업무사례/대구북구상속등기법무사::대구 동구 상속등기 법무사,대구 북구 상속등기 법무사>/업무사례/대구북구상속등기법무사 || 대구 중구 상속등기 법무사>/업무사례/대구중구상속등기법무사 || 대구 상속등기 필요서류>/업무사례/대구상속등기필요서류 || 대구 법무사 업무>/업무사례/대구법무사업무 || 전국상속등기법무사>/업무사례/전국상속등기법무사 || 전국비대면법무사>/업무사례/전국비대면법무사 || 대구 동구 상속등기 상담>/contact/inquiry?from=nationwide&region=%EB%8C%80%EA%B5%AC%20%EB%8F%99%EA%B5%AC&field=inheritance-registration || 부산에서 법무사 찾을 때 허브로 돌아가기>/부산법무사 || 해운대·센텀 법무사 상담>/해운대법무사 || 센텀 법인·부동산 등기>/센텀법무사 || 부산 여성 법무사 상담>/부산여성법무사 || 부산 상속등기 절차>/부산상속등기,홈 > 업무 사례 > 대구 지역 업무사례 > 동구,yes,WebPage+FAQ,,SERP_UNVERIFIED,inheritance-supporting,case,대구동구아파트·단독주택·다가구주택상속등기를준비하시면취득세·법무사보수·필요서류를먼저구분하는것이좋습니다.다옴법무사사무소는부산해운대구에있으며대구동구에
/업무사례/대구서구상속등기법무사,generated,"index,follow",yes,/업무사례/대구서구상속등기법무사,대구 서구 상속등기 법무사｜아파트·토… | 다옴법무사사무소,대구 서구 아파트·토지 상속등기. 부산 해운대 사무소 관할 특례 검토. 대구 서구 지점 없음. 해운대·센텀 다옴법무사사무소에서 전화·카카오톡·방문(예약) 상담이 가능합니다.,대구 서구 상속등기 법무사｜아파트·토… | 다옴법무사사무소,대구 서구 아파트·토지 상속등기. 부산 해운대 사무소 관할 특례 검토. 대구 서구 지점 없음. 해운대·센텀 다옴법무사사무소에서 전화·카카오톡·방문(예약) 상담이 가능합니다.,대구 서구 아파트·토지 상속등기 상담,서구 업무 가능 여부 | 부산 해운대 사무소라는 안내 | 관할 특례와 법정 관할 | 서구에서 자주 문의되는 상황 | 방문 상담이 적합한 경우 | 비대면으로 먼저 검토하는 경우 | 필요서류·비용·절차 | 관련 지역·업무로 이어가기,"대구 서구 아파트·토지·상가 상속등기 문의가 잦은 지역입니다. 다옴법무사사무소는 부산 해운대구에 있으며 대구 서구에 별도 지점이 없습니다. 서구 아파트와 달서·수성구 부동산이 함께 있거나 상속인이 수도권에 흩어진 경우도 일반적인 상담 유형으로 절차를 안내합니다. 부산과 거리가 있어도 등기부·가족관계 서류 사진으로 비대면 개요 상담이 가능하고, 방문은 해운대 사무소에서 진행합니다. 대구 서구 아파트·토지·상가 상속등기 문의가 잦은 지역입니다. 다옴법무사사무소는 부산 해운대구에 있으며 대구 서구에 별도 지점이 없습니다. 서구 아파트와 달서·수성구 부동산이 함께 있거나 상속인이 수도권에 흩어진 경우도 일반적인 상담 유형으로 절차를 안내합니다. 부산과 거리가 있어도 등기부·가족관계 서류 사진으로 비대면 개요 상담이 가능하고, 방문은 해운대 사무소에서 진행합니다. 다옴법무사사무소는 부산 해운대구에 있으며 대구 서구에 별도 지점이 있는 것은 아닙니다. 대구 서구 소재·문의 업무 공유 관할·방문",445,0,,대구달서구상속등기법무사>/업무사례/대구달서구상속등기법무사 || 대구 성서 상속등기>/업무사례/대구성서상속등기 || 대구 법무사 업무>/업무사례/대구법무사업무 || 대구 상속등기 비용>/업무사례/대구상속등기비용 || 전국상속등기법무사>/업무사례/전국상속등기법무사 || 부산 상속등기>/부산상속등기 || 대구 서구 상속등기 가능 여부 확인>/contact/inquiry?from=nationwide&region=%EB%8C%80%EA%B5%AC%20%EC%84%9C%EA%B5%AC&field=inheritance-registration || 부산에서 법무사 찾을 때 허브로 돌아가기>/부산법무사 || 해운대·센텀 법무사 상담>/해운대법무사 || 센텀 법인·부동산 등기>/센텀법무사 || 부산 여성 법무사 상담>/부산여성법무사 || 부산 법인등기 안내>/부산법인등기,홈 > 업무 사례 > 대구 지역 업무사례 > 서구,yes,WebPage+FAQ,,SERP_UNVERIFIED,inheritance-supporting,case,대구서구아파트·토지·상가상속등기문의가잦은지역입니다.다옴법무사사무소는부산해운대구에있으며대구서구에별도지점이없습니다.서구아파트와달서·수성구부동산이함께
/업무사례/대구남구상속등기법무사,generated,"index,follow",yes,/업무사례/대구남구상속등기법무사,대구 남구 상속등기 법무사｜아파트·주택 상속 안내 | 다옴법무사사무소,대구 남구 아파트·주택 상속등기. 부산 해운대 사무소 비대면 진행. 대구 남구 지점 없음. 해운대·센텀 다옴법무사사무소에서 전화·카카오톡·방문(예약) 상담이 가능합니다.,대구 남구 상속등기 법무사｜아파트·주택 상속 안내 | 다옴법무사사무소,대구 남구 아파트·주택 상속등기. 부산 해운대 사무소 비대면 진행. 대구 남구 지점 없음. 해운대·센텀 다옴법무사사무소에서 전화·카카오톡·방문(예약) 상담이 가능합니다.,대구 남구 아파트·주택 상속등기 안내,남구 업무 가능 여부 | 부산 해운대 사무소라는 안내 | 관할 특례와 법정 관할 | 남구에서 자주 문의되는 상황 | 방문 상담이 적합한 경우 | 비대면으로 먼저 검토하는 경우 | 필요서류·비용·절차 | 관련 지역·업무로 이어가기,"대구 남구 아파트·주택·상가 상속등기를 준비하시면 협의분할 방식과 부동산 가액에 따라 비용·서류가 달라집니다. 다옴법무사사무소는 부산 해운대구에 있으며 대구 남구에 지점이 있는 것은 아닙니다. 남구 구축 아파트와 대지 지분, 상가 임대차가 섞인 경우도 일반적인 상담 유형으로 절차를 안내합니다. 부산과 거리가 있어도 등기부 사진으로 비대면 개요 상담이 가능하고, 방문을 원하시면 해운대 사무소로 오실 수 있습니다. 대구 남구 아파트·주택·상가 상속등기를 준비하시면 협의분할 방식과 부동산 가액에 따라 비용·서류가 달라집니다. 다옴법무사사무소는 부산 해운대구에 있으며 대구 남구에 지점이 있는 것은 아닙니다. 남구 구축 아파트와 대지 지분, 상가 임대차가 섞인 경우도 일반적인 상담 유형으로 절차를 안내합니다. 부산과 거리가 있어도 등기부 사진으로 비대면 개요 상담이 가능하고, 방문을 원하시면 해운대 사무소로 오실 수 있습니다. 대구 남구 소재·문의 업무 공유 관할·방문·비대면 범위 검토 보수",457,0,,대구수성구상속등기법무사>/업무사례/대구수성구상속등기법무사 || 대구 범어 상속등기>/업무사례/대구범어동상속등기 || 대구 상속등기 필요서류>/업무사례/대구상속등기필요서류 || 대구 법무사 업무>/업무사례/대구법무사업무 || 전국상속등기법무사>/업무사례/전국상속등기법무사 || 전국비대면법무사>/업무사례/전국비대면법무사 || 대구 남구 상속등기 상담>/contact/inquiry?from=nationwide&region=%EB%8C%80%EA%B5%AC%20%EB%82%A8%EA%B5%AC&field=inheritance-registration || 부산에서 법무사 찾을 때 허브로 돌아가기>/부산법무사 || 해운대·센텀 법무사 상담>/해운대법무사 || 센텀 법인·부동산 등기>/센텀법무사 || 부산 여성 법무사 상담>/부산여성법무사 || 부산 상속등기 절차>/부산상속등기,홈 > 업무 사례 > 대구 지역 업무사례 > 남구,yes,WebPage+FAQ,,SERP_UNVERIFIED,inheritance-supporting,case,대구남구아파트·주택·상가상속등기를준비하시면협의분할방식과부동산가액에따라비용·서류가달라집니다.다옴법무사사무소는부산해운대구에있으며대구남구에지점이있는것
/업무사례/대구북구상속등기법무사,generated,"index,follow",yes,/업무사례/대구북구상속등기법무사,대구 북구 상속등기 법무사｜아파트·토지 상속 절차 | 다옴법무사사무소,대구 북구 아파트·토지 상속등기. 부산 해운대 사무소 관할 특례 검토. 대구 북구 지점 없음. 해운대·센텀 다옴법무사사무소에서 전화·카카오톡·방문(예약) 상담이 가능합니다.,대구 북구 상속등기 법무사｜아파트·토지 상속 절차 | 다옴법무사사무소,대구 북구 아파트·토지 상속등기. 부산 해운대 사무소 관할 특례 검토. 대구 북구 지점 없음. 해운대·센텀 다옴법무사사무소에서 전화·카카오톡·방문(예약) 상담이 가능합니다.,대구 북구 아파트·토지 상속등기 절차,검색하신 북구 질문에 대한 답변 | 지점이 아니라는 점 | 거리가 있어도 서류를 먼저 확인하는 방법 | 북구 고유 상담 상황 | 재산유형별 확인사항 | 안윤정 법무사 직접 확인 | 보수와 공과금 구분 | 상담 전 준비하면 좋은 정보,"대구 북구 아파트·토지·주택 상속등기 문의가 많은 지역입니다. 다옴법무사사무소는 부산 해운대구에 있으며 대구 북구에 별도 지점이 없습니다. 북구 아파트와 동구·군위 부동산이 함께 있거나 상속인이 타 지역에 흩어진 경우도 일반적인 상담 유형으로 절차를 안내합니다. 부산과 거리가 있어도 등기부·협의서 사진으로 비대면 개요 상담이 가능하고, 방문은 부산 해운대 사무소에서 진행합니다. 대구 북구 아파트·토지·주택 상속등기 문의가 많은 지역입니다. 다옴법무사사무소는 부산 해운대구에 있으며 대구 북구에 별도 지점이 없습니다. 북구 아파트와 동구·군위 부동산이 함께 있거나 상속인이 타 지역에 흩어진 경우도 일반적인 상담 유형으로 절차를 안내합니다. 부산과 거리가 있어도 등기부·협의서 사진으로 비대면 개요 상담이 가능하고, 방문은 부산 해운대 사무소에서 진행합니다. 다옴법무사사무소는 부산 해운대구에 있으며 대구 북구에 별도 지점이 있는 것은 아닙니다. 대구 북구 소재·문의 업무 공유 관할·방문·비",447,2,/업무사례/대구동구상속등기법무사::대구 북구 상속등기 법무사 || /업무사례/대구군위군상속등기법무사::대구 북구 상속등기 법무사,대구 군위군 상속등기 법무사>/업무사례/대구군위군상속등기법무사 || 대구 동구 상속등기 법무사>/업무사례/대구동구상속등기법무사 || 대구 법무사 업무>/업무사례/대구법무사업무 || 대구 상속등기 비용>/업무사례/대구상속등기비용 || 전국상속등기법무사>/업무사례/전국상속등기법무사 || 부산 상속등기>/부산상속등기 || 대구 북구 상속등기 가능 여부 문의>/contact/inquiry?from=nationwide&region=%EB%8C%80%EA%B5%AC%20%EB%B6%81%EA%B5%AC&field=inheritance-registration || 부산에서 법무사 찾을 때 허브로 돌아가기>/부산법무사 || 해운대·센텀 법무사 상담>/해운대법무사 || 센텀 법인·부동산 등기>/센텀법무사 || 부산 여성 법무사 상담>/부산여성법무사 || 부산 법인등기 안내>/부산법인등기,홈 > 업무 사례 > 대구 지역 업무사례 > 북구,yes,WebPage+FAQ,,SERP_UNVERIFIED,inheritance-supporting,case,대구북구아파트·토지·주택상속등기문의가많은지역입니다.다옴법무사사무소는부산해운대구에있으며대구북구에별도지점이없습니다.북구아파트와동구·군위부동산이함께있
/업무사례/대구달성군상속등기법무사,generated,"index,follow",yes,/업무사례/대구달성군상속등기법무사,대구 달성군 상속등기 법무사｜토지·아… | 다옴법무사사무소,"대구 달성군 토지·아파트 상속등기. 성서·다사·현풍 생활권 포함. 부산 해운대, 대구 지점 없음. 해운대·센텀 다옴법무사사무소에서 전화·카카오톡·방문(예약) 상담이 가능합니다.",대구 달성군 상속등기 법무사｜토지·아… | 다옴법무사사무소,"대구 달성군 토지·아파트 상속등기. 성서·다사·현풍 생활권 포함. 부산 해운대, 대구 지점 없음. 해운대·센텀 다옴법무사사무소에서 전화·카카오톡·방문(예약) 상담이 가능합니다.",대구 달성군 토지·아파트 상속등기 안내,검색하신 달성군 질문에 대한 답변 | 지점이 아니라는 점 | 거리가 있어도 서류를 먼저 확인하는 방법 | 달성군 고유 상담 상황 | 재산유형별 확인사항 | 안윤정 법무사 직접 확인 | 보수와 공과금 구분 | 상담 전 준비하면 좋은 정보,"대구 달성군 성서·다사·현풍 등 토지·아파트·농지 상속등기를 검색하셔도 해당 지역 소재 사무소만 찾을 필요는 없습니다. 다옴법무사사무소는 부산 해운대구에 있으며 달성군에 별도 지점이 없습니다. 달성군 여러 필지와 성서 신도시 아파트가 함께 상속되는 경우도 서류 목록부터 정리합니다. 부산과 거리가 있어도 등기부 사진으로 비대면 개요 상담이 가능하고, 방문을 원하시면 해운대 사무소로 오실 수 있습니다. 대구 달성군 성서·다사·현풍 등 토지·아파트·농지 상속등기를 검색하셔도 해당 지역 소재 사무소만 찾을 필요는 없습니다. 다옴법무사사무소는 부산 해운대구에 있으며 달성군에 별도 지점이 없습니다. 달성군 여러 필지와 성서 신도시 아파트가 함께 상속되는 경우도 서류 목록부터 정리합니다. 부산과 거리가 있어도 등기부 사진으로 비대면 개요 상담이 가능하고, 방문을 원하시면 해운대 사무소로 오실 수 있습니다. 대구 달성군 소재·문의 업무 공유 관할·방문·비대면 범위 검토 보수·공과금 구분 안내 원본",459,4,/업무사례/대구성서상속등기::대구 달성군 상속등기 법무사 || /업무사례/대구다사상속등기::대구 달성군 상속등기 법무사 || /업무사례/대구현풍상속등기::대구 달성군 상속등기 법무사 || /업무사례/대구토지상속등기::대구 달성군 상속등기 법무사,대구 성서 상속등기>/업무사례/대구성서상속등기 || 대구 다사 상속등기>/업무사례/대구다사상속등기 || 대구 현풍 상속등기>/업무사례/대구현풍상속등기 || 대구 법무사 업무>/업무사례/대구법무사업무 || 전국상속등기법무사>/업무사례/전국상속등기법무사 || 전국상속부동산일괄등기>/업무사례/전국상속부동산일괄등기 || 대구 달성군 상속등기 상담>/contact/inquiry?from=nationwide&region=%EB%8C%80%EA%B5%AC%20%EB%8B%AC%EC%84%B1%EA%B5%B0&field=inheritance-registration || 부산에서 법무사 찾을 때 허브로 돌아가기>/부산법무사 || 해운대·센텀 법무사 상담>/해운대법무사 || 센텀 법인·부동산 등기>/센텀법무사 || 부산 여성 법무사 상담>/부산여성법무사 || 부산 상속등기 절차>/부산상속등기,홈 > 업무 사례 > 대구 지역 업무사례 > 달성군,yes,WebPage+FAQ,,SERP_UNVERIFIED,inheritance-supporting,case,대구달성군성서·다사·현풍등토지·아파트·농지상속등기를검색하셔도해당지역소재사무소만찾을필요는없습니다.다옴법무사사무소는부산해운대구에있으며달성군에별도지점
/업무사례/대구군위군상속등기법무사,generated,"index,follow",yes,/업무사례/대구군위군상속등기법무사,대구 군위군 상속등기 법무사｜토지·주택 상속 안내 | 다옴법무사사무소,"대구 군위군 토지·주택 상속등기. 행정상 대구 관할, 경북 페이지 미포함. 부산 해운대, 지점 없음. 해운대·센텀 다옴법무사사무소에서 전화·카카오톡·방문(예약) 상담이 가능합니다.",대구 군위군 상속등기 법무사｜토지·주택 상속 안내 | 다옴법무사사무소,"대구 군위군 토지·주택 상속등기. 행정상 대구 관할, 경북 페이지 미포함. 부산 해운대, 지점 없음. 해운대·센텀 다옴법무사사무소에서 전화·카카오톡·방문(예약) 상담이 가능합니다.",대구 군위군 토지·주택 상속등기 — 대구 기준 안내,군위군 업무 가능 여부 | 부산 해운대 사무소라는 안내 | 관할 특례와 법정 관할 | 군위군에서 자주 문의되는 상황 | 방문 상담이 적합한 경우 | 비대면으로 먼저 검토하는 경우 | 필요서류·비용·절차 | 관련 지역·업무로 이어가기,"군위군은 행정상 대구광역시 관할이며, 상속등기 상담도 대구 기준으로 안내합니다. 다옴법무사사무소는 부산 해운대구에 있으며 군위군·대구에 별도 지점이 없습니다. 군위 농지·임야·주택이 함께 상속되거나 등기부에 없는 필지가 있는 경우도 일반적인 상담 유형으로 절차를 안내합니다. 경북 페이지에는 군위를 포함하지 않으며, 부산과 거리가 있어도 등기부 사진으로 비대면 개요 상담이 가능합니다. 군위군은 행정상 대구광역시 관할이며, 상속등기 상담도 대구 기준으로 안내합니다. 다옴법무사사무소는 부산 해운대구에 있으며 군위군·대구에 별도 지점이 없습니다. 군위 농지·임야·주택이 함께 상속되거나 등기부에 없는 필지가 있는 경우도 일반적인 상담 유형으로 절차를 안내합니다. 경북 페이지에는 군위를 포함하지 않으며, 부산과 거리가 있어도 등기부 사진으로 비대면 개요 상담이 가능합니다. 다옴법무사사무소는 부산 해운대구에 있으며 대구·군위군에 별도 지점이 있는 것은 아닙니다. 대구 군위군 소재·문의 업무 공유",445,2,/업무사례/대구북구상속등기법무사::대구 군위군 상속등기 법무사 || /업무사례/대구토지상속등기::대구 군위군 상속등기 법무사,대구 북구 상속등기 법무사>/업무사례/대구북구상속등기법무사 || 대구 법무사 업무>/업무사례/대구법무사업무 || 대구 토지 상속등기>/업무사례/대구토지상속등기 || 경북 토지 상속등기>/업무사례/경북토지상속등기 || 전국상속등기법무사>/업무사례/전국상속등기법무사 || 전국상속부동산일괄등기>/업무사례/전국상속부동산일괄등기 || 대구 군위군 상속등기 상담>/contact/inquiry?from=nationwide&region=%EB%8C%80%EA%B5%AC%20%EA%B5%B0%EC%9C%84%EA%B5%B0&field=inheritance-registration || 부산에서 법무사 찾을 때 허브로 돌아가기>/부산법무사 || 해운대·센텀 법무사 상담>/해운대법무사 || 센텀 법인·부동산 등기>/센텀법무사 || 부산 여성 법무사 상담>/부산여성법무사 || 부산 상속등기 절차>/부산상속등기,홈 > 업무 사례 > 대구 지역 업무사례 > 군위군,yes,WebPage+FAQ,,SERP_UNVERIFIED,inheritance-supporting,case,"군위군은행정상대구광역시관할이며,상속등기상담도대구기준으로안내합니다.다옴법무사사무소는부산해운대구에있으며군위군·대구에별도지점이없습니다.군위농지·임야·"
/업무사례/대구범어동상속등기,generated,"index,follow",yes,/업무사례/대구범어동상속등기,대구 범어동 상속등기｜수성구 아파트 … | 다옴법무사사무소,"대구 범어동 아파트·상가 상속등기. 수성구 생활권, 부산 해운대 비대면 진행. 대구 지점 없음. 해운대·센텀 다옴법무사사무소에서 전화·카카오톡·방문(예약) 상담이 가능합니다.",대구 범어동 상속등기｜수성구 아파트 … | 다옴법무사사무소,"대구 범어동 아파트·상가 상속등기. 수성구 생활권, 부산 해운대 비대면 진행. 대구 지점 없음. 해운대·센텀 다옴법무사사무소에서 전화·카카오톡·방문(예약) 상담이 가능합니다.",대구 범어동 아파트 상속등기 비용과 필요서류,범어 업무 가능 여부 | 부산 해운대 사무소라는 안내 | 관할 특례와 법정 관할 | 범어에서 자주 문의되는 상황 | 방문 상담이 적합한 경우 | 비대면으로 먼저 검토하는 경우 | 필요서류·비용·절차 | 관련 지역·업무로 이어가기,"대구 범어동 생활권 아파트·상가·오피스텔 상속등기를 준비하시면 취득세·법무사 보수·필요서류를 먼저 구분하는 것이 좋습니다. 다옴법무사사무소는 부산 해운대구에 있으며 대구·범어에 지점이 있는 것은 아닙니다. 범어 신축·구축 아파트와 대지 지분이 함께 있는 경우도 일반적인 상담 유형으로 절차를 안내합니다. 부산과 거리가 있어도 등기부·협의서 사진으로 비대면 개요 상담이 가능하고, 방문을 원하시면 해운대 사무소로 오실 수 있습니다. 대구 범어동 생활권 아파트·상가·오피스텔 상속등기를 준비하시면 취득세·법무사 보수·필요서류를 먼저 구분하는 것이 좋습니다. 다옴법무사사무소는 부산 해운대구에 있으며 대구·범어에 지점이 있는 것은 아닙니다. 범어 신축·구축 아파트와 대지 지분이 함께 있는 경우도 일반적인 상담 유형으로 절차를 안내합니다. 부산과 거리가 있어도 등기부·협의서 사진으로 비대면 개요 상담이 가능하고, 방문을 원하시면 해운대 사무소로 오실 수 있습니다. 대구 범어 소재·문의 업무 공유 ",453,5,/업무사례/대구법무사업무::대구 범어 상속등기 || /업무사례/대구남구상속등기법무사::대구 범어 상속등기 || /업무사례/대구만촌동상속등기::대구 범어 상속등기 || /업무사례/대구시지상속등기::대구 범어 상속등기 || /업무사례/대구아파트상속등기::대구 범어 상속등기,대구수성구상속등기법무사>/업무사례/대구수성구상속등기법무사 || 대구 만촌 상속등기>/업무사례/대구만촌동상속등기 || 대구 상속등기 비용>/업무사례/대구상속등기비용 || 대구 법무사 업무>/업무사례/대구법무사업무 || 전국상속등기법무사>/업무사례/전국상속등기법무사 || 부산 상속등기>/부산상속등기 || 대구 범어 상속등기 상담>/contact/inquiry?from=nationwide&region=%EB%8C%80%EA%B5%AC%20%EB%B2%94%EC%96%B4&field=inheritance-registration || 부산에서 법무사 찾을 때 허브로 돌아가기>/부산법무사 || 해운대·센텀 법무사 상담>/해운대법무사 || 센텀 법인·부동산 등기>/센텀법무사 || 부산 여성 법무사 상담>/부산여성법무사 || 부산 법인등기 안내>/부산법인등기,홈 > 업무 사례 > 대구 지역 업무사례 > 범어,yes,WebPage+FAQ,,SERP_UNVERIFIED,inheritance-supporting,case,대구범어동생활권아파트·상가·오피스텔상속등기를준비하시면취득세·법무사보수·필요서류를먼저구분하는것이좋습니다.다옴법무사사무소는부산해운대구에있으며대구·범
/업무사례/대구만촌동상속등기,generated,"index,follow",yes,/업무사례/대구만촌동상속등기,대구 만촌동 상속등기｜아파트 상속 절차와 비용 | 다옴법무사사무소,"대구 만촌동 아파트 상속등기. 수성구 생활권, 부산 해운대 비대면 진행. 대구 지점 없음. 해운대·센텀 다옴법무사사무소에서 전화·카카오톡·방문(예약) 상담이 가능합니다.",대구 만촌동 상속등기｜아파트 상속 절차와 비용 | 다옴법무사사무소,"대구 만촌동 아파트 상속등기. 수성구 생활권, 부산 해운대 비대면 진행. 대구 지점 없음. 해운대·센텀 다옴법무사사무소에서 전화·카카오톡·방문(예약) 상담이 가능합니다.",대구 만촌동 아파트 상속등기 절차와 비용,만촌 업무 가능 여부 | 부산 해운대 사무소라는 안내 | 관할 특례와 법정 관할 | 만촌에서 자주 문의되는 상황 | 방문 상담이 적합한 경우 | 비대면으로 먼저 검토하는 경우 | 필요서류·비용·절차 | 관련 지역·업무로 이어가기,"대구 만촌동 생활권 아파트·상가 상속등기를 검색하셔도 해당 지역 소재 사무소만 찾을 필요는 없습니다. 다옴법무사사무소는 부산 해운대구에 있으며 대구·만촌에 별도 지점이 없습니다. 만촌 구축 아파트와 범어·시지 부동산이 함께 상속되는 경우도 서류 목록부터 정리합니다. 부산과 거리가 있어도 등기부 사진으로 비대면 개요 상담이 가능하고, 방문을 원하시면 해운대 사무소로 오실 수 있습니다. 대구 만촌동 생활권 아파트·상가 상속등기를 검색하셔도 해당 지역 소재 사무소만 찾을 필요는 없습니다. 다옴법무사사무소는 부산 해운대구에 있으며 대구·만촌에 별도 지점이 없습니다. 만촌 구축 아파트와 범어·시지 부동산이 함께 상속되는 경우도 서류 목록부터 정리합니다. 부산과 거리가 있어도 등기부 사진으로 비대면 개요 상담이 가능하고, 방문을 원하시면 해운대 사무소로 오실 수 있습니다. 다옴법무사사무소는 부산 해운대구에 있으며 대구·만촌에 별도 지점이 있는 것은 아닙니다. 대구 만촌 소재·문의 업무 공유 관",435,2,/업무사례/대구범어동상속등기::대구 만촌 상속등기 || /업무사례/대구시지상속등기::대구 만촌 상속등기,대구 범어 상속등기>/업무사례/대구범어동상속등기 || 대구 시지 상속등기>/업무사례/대구시지상속등기 || 대구 상속등기 비용>/업무사례/대구상속등기비용 || 대구수성구상속등기법무사>/업무사례/대구수성구상속등기법무사 || 전국상속등기법무사>/업무사례/전국상속등기법무사 || 전국비대면법무사>/업무사례/전국비대면법무사 || 대구 만촌 상속등기 가능 여부 문의>/contact/inquiry?from=nationwide&region=%EB%8C%80%EA%B5%AC%20%EB%A7%8C%EC%B4%8C&field=inheritance-registration || 부산에서 법무사 찾을 때 허브로 돌아가기>/부산법무사 || 해운대·센텀 법무사 상담>/해운대법무사 || 센텀 법인·부동산 등기>/센텀법무사 || 부산 여성 법무사 상담>/부산여성법무사 || 부산 상속등기 절차>/부산상속등기,홈 > 업무 사례 > 대구 지역 업무사례 > 만촌,yes,WebPage+FAQ,,SERP_UNVERIFIED,inheritance-supporting,case,대구만촌동생활권아파트·상가상속등기를검색하셔도해당지역소재사무소만찾을필요는없습니다.다옴법무사사무소는부산해운대구에있으며대구·만촌에별도지점이없습니다.만
/업무사례/대구시지상속등기,generated,"index,follow",yes,/업무사례/대구시지상속등기,대구 시지 상속등기｜신축·구축 아파트 상속 안내 | 다옴법무사사무소,"대구 시지 아파트 상속등기. 수성구 생활권, 부산 해운대 비대면 진행. 대구 지점 없음. 해운대·센텀 다옴법무사사무소에서 전화·카카오톡·방문(예약) 상담이 가능합니다.",대구 시지 상속등기｜신축·구축 아파트 상속 안내 | 다옴법무사사무소,"대구 시지 아파트 상속등기. 수성구 생활권, 부산 해운대 비대면 진행. 대구 지점 없음. 해운대·센텀 다옴법무사사무소에서 전화·카카오톡·방문(예약) 상담이 가능합니다.",대구 시지 아파트 상속등기 — 신축·구축 구분,검색하신 시지 질문에 대한 답변 | 지점이 아니라는 점 | 거리가 있어도 서류를 먼저 확인하는 방법 | 시지 고유 상담 상황 | 재산유형별 확인사항 | 안윤정 법무사 직접 확인 | 보수와 공과금 구분 | 상담 전 준비하면 좋은 정보,"대구 시지 생활권은 신축·구축 아파트가 많아 상속등기 문의가 잦습니다. 다옴법무사사무소는 부산 해운대구에 있으며 대구·시지에 별도 지점이 없습니다. 시지 아파트와 범어·만촌 부동산이 함께 있거나 상속인이 타 지역에 흩어진 경우도 일반적인 상담 유형으로 절차를 안내합니다. 부산과 거리가 있어도 등기부·협의서 사진으로 비대면 개요 상담이 가능하고, 방문은 해운대 사무소에서 진행합니다. 대구 시지 생활권은 신축·구축 아파트가 많아 상속등기 문의가 잦습니다. 다옴법무사사무소는 부산 해운대구에 있으며 대구·시지에 별도 지점이 없습니다. 시지 아파트와 범어·만촌 부동산이 함께 있거나 상속인이 타 지역에 흩어진 경우도 일반적인 상담 유형으로 절차를 안내합니다. 부산과 거리가 있어도 등기부·협의서 사진으로 비대면 개요 상담이 가능하고, 방문은 해운대 사무소에서 진행합니다. 다옴법무사사무소는 부산 해운대구에 있으며 대구·시지에 별도 지점이 있는 것은 아닙니다. 대구 시지 소재·문의 업무 공유 관할·",429,1,/업무사례/대구만촌동상속등기::대구 시지 상속등기,대구 범어 상속등기>/업무사례/대구범어동상속등기 || 대구 만촌 상속등기>/업무사례/대구만촌동상속등기 || 대구수성구상속등기법무사>/업무사례/대구수성구상속등기법무사 || 대구 상속등기 필요서류>/업무사례/대구상속등기필요서류 || 전국상속등기법무사>/업무사례/전국상속등기법무사 || 부산 상속등기>/부산상속등기 || 대구 시지 상속등기 상담>/contact/inquiry?from=nationwide&region=%EB%8C%80%EA%B5%AC%20%EC%8B%9C%EC%A7%80&field=inheritance-registration || 부산에서 법무사 찾을 때 허브로 돌아가기>/부산법무사 || 해운대·센텀 법무사 상담>/해운대법무사 || 센텀 법인·부동산 등기>/센텀법무사 || 부산 여성 법무사 상담>/부산여성법무사 || 부산 법인등기 안내>/부산법인등기,홈 > 업무 사례 > 대구 지역 업무사례 > 시지,yes,WebPage+FAQ,,SERP_UNVERIFIED,inheritance-supporting,case,대구시지생활권은신축·구축아파트가많아상속등기문의가잦습니다.다옴법무사사무소는부산해운대구에있으며대구·시지에별도지점이없습니다.시지아파트와범어·만촌부동산
/업무사례/대구월성동상속등기,generated,"index,follow",yes,/업무사례/대구월성동상속등기,대구 월성동 상속등기｜달서구 아파트 상속 절차 | 다옴법무사사무소,"대구 월성동 아파트 상속등기. 달서구 생활권, 부산 해운대 비대면 진행. 대구 지점 없음. 해운대·센텀 다옴법무사사무소에서 전화·카카오톡·방문(예약) 상담이 가능합니다.",대구 월성동 상속등기｜달서구 아파트 상속 절차 | 다옴법무사사무소,"대구 월성동 아파트 상속등기. 달서구 생활권, 부산 해운대 비대면 진행. 대구 지점 없음. 해운대·센텀 다옴법무사사무소에서 전화·카카오톡·방문(예약) 상담이 가능합니다.",대구 월성동 아파트 상속등기 절차,검색하신 월성 질문에 대한 답변 | 지점이 아니라는 점 | 거리가 있어도 서류를 먼저 확인하는 방법 | 월성 고유 상담 상황 | 재산유형별 확인사항 | 안윤정 법무사 직접 확인 | 보수와 공과금 구분 | 상담 전 준비하면 좋은 정보,"대구 월성동 생활권 아파트·주택 상속등기를 준비하시면 협의분할 방식과 부동산 가액에 따라 비용·서류가 달라집니다. 다옴법무사사무소는 부산 해운대구에 있으며 대구·월성에 지점이 있는 것은 아닙니다. 월성 구축 아파트와 상인·성서 부동산이 함께 상속되는 경우도 일반적인 상담 유형으로 절차를 안내합니다. 부산과 거리가 있어도 등기부 사진으로 비대면 개요 상담이 가능하고, 방문을 원하시면 해운대 사무소로 오실 수 있습니다. 대구 월성동 생활권 아파트·주택 상속등기를 준비하시면 협의분할 방식과 부동산 가액에 따라 비용·서류가 달라집니다. 다옴법무사사무소는 부산 해운대구에 있으며 대구·월성에 지점이 있는 것은 아닙니다. 월성 구축 아파트와 상인·성서 부동산이 함께 상속되는 경우도 일반적인 상담 유형으로 절차를 안내합니다. 부산과 거리가 있어도 등기부 사진으로 비대면 개요 상담이 가능하고, 방문을 원하시면 해운대 사무소로 오실 수 있습니다. 대구 월성 소재·문의 업무 공유 관할·방문·비대면 범위",440,1,/업무사례/대구상인동상속등기::대구 월성 상속등기,대구달서구상속등기법무사>/업무사례/대구달서구상속등기법무사 || 대구 상인 상속등기>/업무사례/대구상인동상속등기 || 대구 상속등기 비용>/업무사례/대구상속등기비용 || 대구 법무사 업무>/업무사례/대구법무사업무 || 전국상속등기법무사>/업무사례/전국상속등기법무사 || 전국비대면법무사>/업무사례/전국비대면법무사 || 대구 월성 상속등기 가능 여부 확인>/contact/inquiry?from=nationwide&region=%EB%8C%80%EA%B5%AC%20%EC%9B%94%EC%84%B1&field=inheritance-registration || 부산에서 법무사 찾을 때 허브로 돌아가기>/부산법무사 || 해운대·센텀 법무사 상담>/해운대법무사 || 센텀 법인·부동산 등기>/센텀법무사 || 부산 여성 법무사 상담>/부산여성법무사 || 부산 상속등기 절차>/부산상속등기,홈 > 업무 사례 > 대구 지역 업무사례 > 월성,yes,WebPage+FAQ,,SERP_UNVERIFIED,inheritance-supporting,case,대구월성동생활권아파트·주택상속등기를준비하시면협의분할방식과부동산가액에따라비용·서류가달라집니다.다옴법무사사무소는부산해운대구에있으며대구·월성에지점이있
/업무사례/대구상인동상속등기,generated,"index,follow",yes,/업무사례/대구상인동상속등기,대구 상인동 상속등기｜아파트·상가 상속 안내 | 다옴법무사사무소,"대구 상인동 아파트·상가 상속등기. 달서구 생활권, 부산 해운대 비대면 진행. 대구 지점 없음. 해운대·센텀 다옴법무사사무소에서 전화·카카오톡·방문(예약) 상담이 가능합니다.",대구 상인동 상속등기｜아파트·상가 상속 안내 | 다옴법무사사무소,"대구 상인동 아파트·상가 상속등기. 달서구 생활권, 부산 해운대 비대면 진행. 대구 지점 없음. 해운대·센텀 다옴법무사사무소에서 전화·카카오톡·방문(예약) 상담이 가능합니다.",대구 상인동 아파트·상가 상속등기 안내,검색하신 상인 질문에 대한 답변 | 지점이 아니라는 점 | 거리가 있어도 서류를 먼저 확인하는 방법 | 상인 고유 상담 상황 | 재산유형별 확인사항 | 안윤정 법무사 직접 확인 | 보수와 공과금 구분 | 상담 전 준비하면 좋은 정보,"대구 상인동 생활권 아파트·상가·오피스텔 상속등기를 검색하셔도 해당 지역 소재 사무소만 찾을 필요는 없습니다. 다옴법무사사무소는 부산 해운대구에 있으며 대구·상인에 별도 지점이 없습니다. 상인 역세권 상가와 월성·성서 아파트가 함께 상속되는 경우도 서류 목록부터 정리합니다. 부산과 거리가 있어도 등기부·임대차 사본으로 비대면 개요 상담이 가능하고, 방문을 원하시면 해운대 사무소로 오실 수 있습니다. 대구 상인동 생활권 아파트·상가·오피스텔 상속등기를 검색하셔도 해당 지역 소재 사무소만 찾을 필요는 없습니다. 다옴법무사사무소는 부산 해운대구에 있으며 대구·상인에 별도 지점이 없습니다. 상인 역세권 상가와 월성·성서 아파트가 함께 상속되는 경우도 서류 목록부터 정리합니다. 부산과 거리가 있어도 등기부·임대차 사본으로 비대면 개요 상담이 가능하고, 방문을 원하시면 해운대 사무소로 오실 수 있습니다. 대구 상인 소재·문의 업무 공유 관할·방문·비대면 범위 검토 보수·공과금 구분 안내 원본 ",439,1,/업무사례/대구월성동상속등기::대구 상인 상속등기,대구달서구상속등기법무사>/업무사례/대구달서구상속등기법무사 || 대구 월성 상속등기>/업무사례/대구월성동상속등기 || 대구 성서 상속등기>/업무사례/대구성서상속등기 || 대구 상속등기 비용>/업무사례/대구상속등기비용 || 전국상속등기법무사>/업무사례/전국상속등기법무사 || 부산 상속등기>/부산상속등기 || 대구 상인 상속등기 상담>/contact/inquiry?from=nationwide&region=%EB%8C%80%EA%B5%AC%20%EC%83%81%EC%9D%B8&field=inheritance-registration || 부산에서 법무사 찾을 때 허브로 돌아가기>/부산법무사 || 해운대·센텀 법무사 상담>/해운대법무사 || 센텀 법인·부동산 등기>/센텀법무사 || 부산 여성 법무사 상담>/부산여성법무사 || 부산 법인등기 안내>/부산법인등기,홈 > 업무 사례 > 대구 지역 업무사례 > 상인,yes,WebPage+FAQ,,SERP_UNVERIFIED,inheritance-supporting,case,대구상인동생활권아파트·상가·오피스텔상속등기를검색하셔도해당지역소재사무소만찾을필요는없습니다.다옴법무사사무소는부산해운대구에있으며대구·상인에별도지점이없
/업무사례/대구성서상속등기,generated,"index,follow",yes,/업무사례/대구성서상속등기,대구 성서 상속등기｜신도시 아파트 상속 절차 | 다옴법무사사무소,"대구 성서 아파트 상속등기. 달성군 신도시, 부산 해운대 비대면 진행. 대구 지점 없음. 해운대·센텀 다옴법무사사무소에서 전화·카카오톡·방문(예약) 상담이 가능합니다.",대구 성서 상속등기｜신도시 아파트 상속 절차 | 다옴법무사사무소,"대구 성서 아파트 상속등기. 달성군 신도시, 부산 해운대 비대면 진행. 대구 지점 없음. 해운대·센텀 다옴법무사사무소에서 전화·카카오톡·방문(예약) 상담이 가능합니다.",대구 성서 신도시 아파트 상속등기 절차,성서 업무 가능 여부 | 부산 해운대 사무소라는 안내 | 관할 특례와 법정 관할 | 성서에서 자주 문의되는 상황 | 방문 상담이 적합한 경우 | 비대면으로 먼저 검토하는 경우 | 필요서류·비용·절차 | 관련 지역·업무로 이어가기,"대구 성서 신도시 아파트·상가 상속등기 문의가 잦은 생활권입니다. 다옴법무사사무소는 부산 해운대구에 있으며 대구·성서에 별도 지점이 없습니다. 성서 아파트와 달성군 토지·다사·현풍 부동산이 함께 상속되는 경우도 일반적인 상담 유형으로 절차를 안내합니다. 부산과 거리가 있어도 등기부 사진으로 비대면 개요 상담이 가능하고, 방문을 원하시면 해운대 사무소로 오실 수 있습니다. 대구 성서 신도시 아파트·상가 상속등기 문의가 잦은 생활권입니다. 다옴법무사사무소는 부산 해운대구에 있으며 대구·성서에 별도 지점이 없습니다. 성서 아파트와 달성군 토지·다사·현풍 부동산이 함께 상속되는 경우도 일반적인 상담 유형으로 절차를 안내합니다. 부산과 거리가 있어도 등기부 사진으로 비대면 개요 상담이 가능하고, 방문을 원하시면 해운대 사무소로 오실 수 있습니다. 다옴법무사사무소는 부산 해운대구에 있으며 대구·성서에 별도 지점이 있는 것은 아닙니다. 대구 성서 소재·문의 업무 공유 관할·방문·비대면 범위 검토",419,6,/업무사례/대구서구상속등기법무사::대구 성서 상속등기 || /업무사례/대구달성군상속등기법무사::대구 성서 상속등기 || /업무사례/대구상인동상속등기::대구 성서 상속등기 || /업무사례/대구다사상속등기::대구 성서 상속등기 || /업무사례/대구현풍상속등기::대구 성서 상속등기 || /업무사례/대구아파트상속등기::대구 성서 상속등기,대구 달성군 상속등기 법무사>/업무사례/대구달성군상속등기법무사 || 대구 다사 상속등기>/업무사례/대구다사상속등기 || 대구 현풍 상속등기>/업무사례/대구현풍상속등기 || 대구 법무사 업무>/업무사례/대구법무사업무 || 전국상속등기법무사>/업무사례/전국상속등기법무사 || 전국비대면법무사>/업무사례/전국비대면법무사 || 대구 성서 상속등기 가능 여부 문의>/contact/inquiry?from=nationwide&region=%EB%8C%80%EA%B5%AC%20%EC%84%B1%EC%84%9C&field=inheritance-registration || 부산에서 법무사 찾을 때 허브로 돌아가기>/부산법무사 || 해운대·센텀 법무사 상담>/해운대법무사 || 센텀 법인·부동산 등기>/센텀법무사 || 부산 여성 법무사 상담>/부산여성법무사 || 부산 상속등기 절차>/부산상속등기,홈 > 업무 사례 > 대구 지역 업무사례 > 성서,yes,WebPage+FAQ,,SERP_UNVERIFIED,inheritance-supporting,case,대구성서신도시아파트·상가상속등기문의가잦은생활권입니다.다옴법무사사무소는부산해운대구에있으며대구·성서에별도지점이없습니다.성서아파트와달성군토지·다사·현
/업무사례/대구다사상속등기,generated,"index,follow",yes,/업무사례/대구다사상속등기,대구 다사 상속등기｜아파트·토지 상속 안내 | 다옴법무사사무소,"대구 다사 아파트·토지 상속등기. 달성군 생활권, 부산 해운대 비대면 진행. 대구 지점 없음. 해운대·센텀 다옴법무사사무소에서 전화·카카오톡·방문(예약) 상담이 가능합니다.",대구 다사 상속등기｜아파트·토지 상속 안내 | 다옴법무사사무소,"대구 다사 아파트·토지 상속등기. 달성군 생활권, 부산 해운대 비대면 진행. 대구 지점 없음. 해운대·센텀 다옴법무사사무소에서 전화·카카오톡·방문(예약) 상담이 가능합니다.",대구 다사 아파트·토지 상속등기 안내,검색하신 다사 질문에 대한 답변 | 지점이 아니라는 점 | 거리가 있어도 서류를 먼저 확인하는 방법 | 다사 고유 상담 상황 | 재산유형별 확인사항 | 안윤정 법무사 직접 확인 | 보수와 공과금 구분 | 상담 전 준비하면 좋은 정보,대구 다사 생활권 아파트·토지·농지 상속등기를 준비하시면 필지·지목별 취득세와 협의분할 방식을 먼저 구분하는 것이 좋습니다. 다옴법무사사무소는 부산 해운대구에 있으며 대구·다사에 지점이 있는 것은 아닙니다. 다사 아파트와 성서·현풍 토지가 함께 상속되거나 상속인이 타 지역에 흩어진 경우도 일반적인 상담 유형으로 절차를 안내합니다. 부산과 거리가 있어도 등기부 사진으로 비대면 개요 상담이 가능합니다. 대구 다사 생활권 아파트·토지·농지 상속등기를 준비하시면 필지·지목별 취득세와 협의분할 방식을 먼저 구분하는 것이 좋습니다. 다옴법무사사무소는 부산 해운대구에 있으며 대구·다사에 지점이 있는 것은 아닙니다. 다사 아파트와 성서·현풍 토지가 함께 상속되거나 상속인이 타 지역에 흩어진 경우도 일반적인 상담 유형으로 절차를 안내합니다. 부산과 거리가 있어도 등기부 사진으로 비대면 개요 상담이 가능합니다. 대구 다사 소재·문의 업무 공유 관할·방문·비대면 범위 검토 보수·공과금 구분 안내 원본 ,432,3,/업무사례/대구달성군상속등기법무사::대구 다사 상속등기 || /업무사례/대구성서상속등기::대구 다사 상속등기 || /업무사례/대구현풍상속등기::대구 다사 상속등기,대구 달성군 상속등기 법무사>/업무사례/대구달성군상속등기법무사 || 대구 성서 상속등기>/업무사례/대구성서상속등기 || 대구 현풍 상속등기>/업무사례/대구현풍상속등기 || 대구 토지 상속등기>/업무사례/대구토지상속등기 || 전국상속등기법무사>/업무사례/전국상속등기법무사 || 전국상속부동산일괄등기>/업무사례/전국상속부동산일괄등기 || 대구 다사 상속등기 상담>/contact/inquiry?from=nationwide&region=%EB%8C%80%EA%B5%AC%20%EB%8B%A4%EC%82%AC&field=inheritance-registration || 부산에서 법무사 찾을 때 허브로 돌아가기>/부산법무사 || 해운대·센텀 법무사 상담>/해운대법무사 || 센텀 법인·부동산 등기>/센텀법무사 || 부산 여성 법무사 상담>/부산여성법무사 || 부산 상속등기 절차>/부산상속등기,홈 > 업무 사례 > 대구 지역 업무사례 > 다사,yes,WebPage+FAQ,,SERP_UNVERIFIED,inheritance-supporting,case,대구다사생활권아파트·토지·농지상속등기를준비하시면필지·지목별취득세와협의분할방식을먼저구분하는것이좋습니다.다옴법무사사무소는부산해운대구에있으며대구·다사
/업무사례/대구현풍상속등기,generated,"index,follow",yes,/업무사례/대구현풍상속등기,대구 현풍 상속등기｜토지·농지 상속 절차 | 다옴법무사사무소,"대구 현풍 토지·농지 상속등기. 달성군 생활권, 부산 해운대 비대면 진행. 대구 지점 없음. 해운대·센텀 다옴법무사사무소에서 전화·카카오톡·방문(예약) 상담이 가능합니다.",대구 현풍 상속등기｜토지·농지 상속 절차 | 다옴법무사사무소,"대구 현풍 토지·농지 상속등기. 달성군 생활권, 부산 해운대 비대면 진행. 대구 지점 없음. 해운대·센텀 다옴법무사사무소에서 전화·카카오톡·방문(예약) 상담이 가능합니다.",대구 현풍 토지·농지 상속등기 절차,현풍 업무 가능 여부 | 부산 해운대 사무소라는 안내 | 관할 특례와 법정 관할 | 현풍에서 자주 문의되는 상황 | 방문 상담이 적합한 경우 | 비대면으로 먼저 검토하는 경우 | 필요서류·비용·절차 | 관련 지역·업무로 이어가기,"대구 현풍 생활권 토지·농지·주택 상속등기를 검색하셔도 해당 지역 소재 사무소만 찾을 필요는 없습니다. 다옴법무사사무소는 부산 해운대구에 있으며 대구·현풍에 별도 지점이 없습니다. 현풍 여러 필지와 성서·다사 아파트가 함께 상속되거나 등기부에 없는 필지가 있는 경우도 일반적인 상담 유형으로 절차를 안내합니다. 부산과 거리가 있어도 등기부 사진으로 비대면 개요 상담이 가능하고, 방문을 원하시면 해운대 사무소로 오실 수 있습니다. 대구 현풍 생활권 토지·농지·주택 상속등기를 검색하셔도 해당 지역 소재 사무소만 찾을 필요는 없습니다. 다옴법무사사무소는 부산 해운대구에 있으며 대구·현풍에 별도 지점이 없습니다. 현풍 여러 필지와 성서·다사 아파트가 함께 상속되거나 등기부에 없는 필지가 있는 경우도 일반적인 상담 유형으로 절차를 안내합니다. 부산과 거리가 있어도 등기부 사진으로 비대면 개요 상담이 가능하고, 방문을 원하시면 해운대 사무소로 오실 수 있습니다. 대구 현풍 소재·문의 업무 공유 ",445,4,/업무사례/대구달성군상속등기법무사::대구 현풍 상속등기 || /업무사례/대구성서상속등기::대구 현풍 상속등기 || /업무사례/대구다사상속등기::대구 현풍 상속등기 || /업무사례/대구토지상속등기::대구 현풍 상속등기,대구 달성군 상속등기 법무사>/업무사례/대구달성군상속등기법무사 || 대구 다사 상속등기>/업무사례/대구다사상속등기 || 대구 성서 상속등기>/업무사례/대구성서상속등기 || 대구 토지 상속등기>/업무사례/대구토지상속등기 || 전국상속등기법무사>/업무사례/전국상속등기법무사 || 전국상속부동산일괄등기>/업무사례/전국상속부동산일괄등기 || 대구 현풍 상속등기 가능 여부 확인>/contact/inquiry?from=nationwide&region=%EB%8C%80%EA%B5%AC%20%ED%98%84%ED%92%8D&field=inheritance-registration || 부산에서 법무사 찾을 때 허브로 돌아가기>/부산법무사 || 해운대·센텀 법무사 상담>/해운대법무사 || 센텀 법인·부동산 등기>/센텀법무사 || 부산 여성 법무사 상담>/부산여성법무사 || 부산 상속등기 절차>/부산상속등기,홈 > 업무 사례 > 대구 지역 업무사례 > 현풍,yes,WebPage+FAQ,,SERP_UNVERIFIED,inheritance-supporting,case,대구현풍생활권토지·농지·주택상속등기를검색하셔도해당지역소재사무소만찾을필요는없습니다.다옴법무사사무소는부산해운대구에있으며대구·현풍에별도지점이없습니다.
/업무사례/대구상속등기비용,generated,"index,follow",yes,/업무사례/대구상속등기비용,대구 상속등기 비용｜법무사 보수·취득세·채권 구분 | 다옴법무사사무소,대구 상속등기 비용 구성. 법무사 보수·등기 수수료·취득세·국민주택채권 구분. 부산 해운대 사무소 안내. 해운대·센텀 다옴법무사사무소에서 전화·카카오톡·방문(예약) 상담이 가능합니다.,대구 상속등기 비용｜법무사 보수·취득세·채권 구분 | 다옴법무사사무소,대구 상속등기 비용 구성. 법무사 보수·등기 수수료·취득세·국민주택채권 구분. 부산 해운대 사무소 안내. 해운대·센텀 다옴법무사사무소에서 전화·카카오톡·방문(예약) 상담이 가능합니다.,대구 상속등기 비용 — 보수·취득세·채권 구분,대구 업무 가능 여부 | 부산 해운대 사무소라는 안내 | 관할 특례와 법정 관할 | 대구에서 자주 문의되는 상황 | 방문 상담이 적합한 경우 | 비대면으로 먼저 검토하는 경우 | 필요서류·비용·절차 | 관련 지역·업무로 이어가기,"대구 8개 구·군에 나뉜 부동산 상속등기 비용은 법무사 보수, 등기 수수료, 취득세, 국민주택채권 등으로 나뉩니다. 다옴법무사사무소는 부산 해운대구에 있으며 대구에 지점이 있는 것은 아닙니다. 협의분할·법정지분·부동산 가액·상속인 수에 따라 달라지는 항목을 일반적인 상담 유형 기준으로 구분해 안내합니다. 부산과 거리가 있어도 등기부 사진으로 비대면 견적 개요가 가능하며, 여러 구·군 부동산은 목록으로 받아 일괄 견적 포인트를 설명합니다. 대구 8개 구·군에 나뉜 부동산 상속등기 비용은 법무사 보수, 등기 수수료, 취득세, 국민주택채권 등으로 나뉩니다. 다옴법무사사무소는 부산 해운대구에 있으며 대구에 지점이 있는 것은 아닙니다. 협의분할·법정지분·부동산 가액·상속인 수에 따라 달라지는 항목을 일반적인 상담 유형 기준으로 구분해 안내합니다. 부산과 거리가 있어도 등기부 사진으로 비대면 견적 개요가 가능하며, 여러 구·군 부동산은 목록으로 받아 일괄 견적 포인트를 설명합니다. 대구 소재·",472,9,/업무사례/대구중구상속등기법무사::대구 상속등기 비용 || /업무사례/대구서구상속등기법무사::대구 상속등기 비용 || /업무사례/대구북구상속등기법무사::대구 상속등기 비용 || /업무사례/대구범어동상속등기::대구 상속등기 비용 || /업무사례/대구만촌동상속등기::대구 상속등기 비용 || /업무사례/대구월성동상속등기::대구 상속등기 비용 || /업무사례/대구상인동상속등기::대구 상속등기 비용 || /업무사례/대구상속등기필요서류::대구 상속등기 비용 || /업무사례/대구아파트상속등기::대구 상속등기 비용,대구 상속등기 필요서류>/업무사례/대구상속등기필요서류 || 대구 아파트 상속등기>/업무사례/대구아파트상속등기 || 대구 법무사 업무>/업무사례/대구법무사업무 || 대구상속등기법무사>/업무사례/대구상속등기법무사 || 전국상속등기법무사>/업무사례/전국상속등기법무사 || 전국비대면법무사>/업무사례/전국비대면법무사 || 대구 상속등기 비용 상담>/contact/inquiry?from=nationwide&region=%EB%8C%80%EA%B5%AC&field=inheritance-registration || 부산에서 법무사 찾을 때 허브로 돌아가기>/부산법무사 || 해운대·센텀 법무사 상담>/해운대법무사 || 센텀 법인·부동산 등기>/센텀법무사 || 부산 여성 법무사 상담>/부산여성법무사 || 부산 상속등기 절차>/부산상속등기,홈 > 업무 사례 > 대구 지역 업무사례 > 대구,yes,WebPage+FAQ,,SERP_UNVERIFIED,inheritance-supporting,case,"대구8개구·군에나뉜부동산상속등기비용은법무사보수,등기수수료,취득세,국민주택채권등으로나뉩니다.다옴법무사사무소는부산해운대구에있으며대구에지점이있는것은아"
/업무사례/대구상속등기필요서류,generated,"index,follow",yes,/업무사례/대구상속등기필요서류,대구 상속등기 필요서류｜가족관계·인감… | 다옴법무사사무소,"대구 상속등기 필요서류. 가족관계·기본·혼인관계·인감·위임·협의분할. 부산 해운대, 대구 지점 없음. 해운대·센텀 다옴법무사사무소에서 전화·카카오톡·방문(예약) 상담이 가능합니다.",대구 상속등기 필요서류｜가족관계·인감… | 다옴법무사사무소,"대구 상속등기 필요서류. 가족관계·기본·혼인관계·인감·위임·협의분할. 부산 해운대, 대구 지점 없음. 해운대·센텀 다옴법무사사무소에서 전화·카카오톡·방문(예약) 상담이 가능합니다.",대구 상속등기 필요서류 — 가족관계·인감·협의서,검색하신 대구 질문에 대한 답변 | 지점이 아니라는 점 | 거리가 있어도 서류를 먼저 확인하는 방법 | 대구 고유 상담 상황 | 재산유형별 확인사항 | 안윤정 법무사 직접 확인 | 보수와 공과금 구분 | 상담 전 준비하면 좋은 정보,"대구 8개 구·군 부동산 상속등기에 필요한 서류는 상속인 수·협의분할 여부·부동산 종류에 따라 달라집니다. 다옴법무사사무소는 부산 해운대구에 있으며 대구에 지점이 있는 것은 아닙니다. 등기부등본, 가족관계·기본·혼인관계증명, 인감증명·위임장, 협의분할서 등 일반적인 상담 유형 기준 체크리스트를 안내합니다. 부산과 거리가 있어도 서류 사진으로 비대면 개요 확인 후 누락 항목을 짚어 드리며, 원본이 필요한 단계는 방문·우편으로 구분합니다. 대구 8개 구·군 부동산 상속등기에 필요한 서류는 상속인 수·협의분할 여부·부동산 종류에 따라 달라집니다. 다옴법무사사무소는 부산 해운대구에 있으며 대구에 지점이 있는 것은 아닙니다. 등기부등본, 가족관계·기본·혼인관계증명, 인감증명·위임장, 협의분할서 등 일반적인 상담 유형 기준 체크리스트를 안내합니다. 부산과 거리가 있어도 서류 사진으로 비대면 개요 확인 후 누락 항목을 짚어 드리며, 원본이 필요한 단계는 방문·우편으로 구분합니다. 대구 소재·문의",442,4,/업무사례/대구동구상속등기법무사::대구 상속등기 필요서류 || /업무사례/대구남구상속등기법무사::대구 상속등기 필요서류 || /업무사례/대구시지상속등기::대구 상속등기 필요서류 || /업무사례/대구상속등기비용::대구 상속등기 필요서류,대구 상속등기 비용>/업무사례/대구상속등기비용 || 대구 법무사 업무>/업무사례/대구법무사업무 || 대구 중구 상속등기 법무사>/업무사례/대구중구상속등기법무사 || 대구상속등기법무사>/업무사례/대구상속등기법무사 || 전국상속등기법무사>/업무사례/전국상속등기법무사 || 전국비대면법무사>/업무사례/전국비대면법무사 || 대구 상속등기 서류 확인>/contact/inquiry?from=nationwide&region=%EB%8C%80%EA%B5%AC&field=inheritance-registration || 부산에서 법무사 찾을 때 허브로 돌아가기>/부산법무사 || 해운대·센텀 법무사 상담>/해운대법무사 || 센텀 법인·부동산 등기>/센텀법무사 || 부산 여성 법무사 상담>/부산여성법무사 || 부산 상속등기 절차>/부산상속등기,홈 > 업무 사례 > 대구 지역 업무사례 > 대구,yes,WebPage+FAQ,,SERP_UNVERIFIED,inheritance-supporting,case,대구8개구·군부동산상속등기에필요한서류는상속인수·협의분할여부·부동산종류에따라달라집니다.다옴법무사사무소는부산해운대구에있으며대구에지점이있는것은아닙니다
/업무사례/대구아파트상속등기,generated,"index,follow",yes,/업무사례/대구아파트상속등기,대구 아파트 상속등기｜협의분할·취득세·국민주택채권 | 다옴법무사사무소,대구 아파트 상속등기. 협의분할·취득세·국민주택채권. 부산 해운대 비대면 진행. 대구 지점 없음. 해운대·센텀 다옴법무사사무소에서 전화·카카오톡·방문(예약) 상담이 가능합니다.,대구 아파트 상속등기｜협의분할·취득세·국민주택채권 | 다옴법무사사무소,대구 아파트 상속등기. 협의분할·취득세·국민주택채권. 부산 해운대 비대면 진행. 대구 지점 없음. 해운대·센텀 다옴법무사사무소에서 전화·카카오톡·방문(예약) 상담이 가능합니다.,대구 아파트 상속등기 — 협의분할과 취득세,검색하신 대구 질문에 대한 답변 | 지점이 아니라는 점 | 거리가 있어도 서류를 먼저 확인하는 방법 | 대구 고유 상담 상황 | 재산유형별 확인사항 | 안윤정 법무사 직접 확인 | 보수와 공과금 구분 | 상담 전 준비하면 좋은 정보,"대구 수성·달서·동·서·남·북구와 성서·다사 등 아파트 상속등기는 협의분할 방식과 가액에 따라 취득세·국민주택채권 부담이 달라집니다. 다옴법무사사무소는 부산 해운대구에 있으며 대구에 지점이 있는 것은 아닙니다. 여러 구·군에 아파트가 나뉘거나 상속인이 타 지역에 있는 경우도 일반적인 상담 유형으로 절차를 안내합니다. 부산과 거리가 있어도 등기부·협의서 사진으로 비대면 개요 상담이 가능하고, 방문은 해운대 사무소에서 진행합니다. 대구 수성·달서·동·서·남·북구와 성서·다사 등 아파트 상속등기는 협의분할 방식과 가액에 따라 취득세·국민주택채권 부담이 달라집니다. 다옴법무사사무소는 부산 해운대구에 있으며 대구에 지점이 있는 것은 아닙니다. 여러 구·군에 아파트가 나뉘거나 상속인이 타 지역에 있는 경우도 일반적인 상담 유형으로 절차를 안내합니다. 부산과 거리가 있어도 등기부·협의서 사진으로 비대면 개요 상담이 가능하고, 방문은 해운대 사무소에서 진행합니다. 대구 소재·문의 업무 공유 관할·",424,2,/업무사례/대구상속등기비용::대구 아파트 상속등기 || /업무사례/대구유증등기법무사::대구 아파트 상속등기,대구 범어 상속등기>/업무사례/대구범어동상속등기 || 대구 성서 상속등기>/업무사례/대구성서상속등기 || 대구 상속등기 비용>/업무사례/대구상속등기비용 || 대구수성구상속등기법무사>/업무사례/대구수성구상속등기법무사 || 전국상속등기법무사>/업무사례/전국상속등기법무사 || 부산 상속등기>/부산상속등기 || 대구 아파트 상속등기 상담>/contact/inquiry?from=nationwide&region=%EB%8C%80%EA%B5%AC&field=inheritance-registration || 부산에서 법무사 찾을 때 허브로 돌아가기>/부산법무사 || 해운대·센텀 법무사 상담>/해운대법무사 || 센텀 법인·부동산 등기>/센텀법무사 || 부산 여성 법무사 상담>/부산여성법무사 || 부산 법인등기 안내>/부산법인등기,홈 > 업무 사례 > 대구 지역 업무사례 > 대구,yes,WebPage+FAQ,,SERP_UNVERIFIED,inheritance-supporting,case,대구수성·달서·동·서·남·북구와성서·다사등아파트상속등기는협의분할방식과가액에따라취득세·국민주택채권부담이달라집니다.다옴법무사사무소는부산해운대구에있으
/업무사례/대구토지상속등기,generated,"index,follow",yes,/업무사례/대구토지상속등기,대구 토지 상속등기｜다필지·농지·지목별 취득세 | 다옴법무사사무소,대구 토지·농지 상속등기. 다필지·지목별 취득세. 부산 해운대 비대면 진행. 대구 지점 없음. 해운대·센텀 다옴법무사사무소에서 전화·카카오톡·방문(예약) 상담이 가능합니다.,대구 토지 상속등기｜다필지·농지·지목별 취득세 | 다옴법무사사무소,대구 토지·농지 상속등기. 다필지·지목별 취득세. 부산 해운대 비대면 진행. 대구 지점 없음. 해운대·센텀 다옴법무사사무소에서 전화·카카오톡·방문(예약) 상담이 가능합니다.,대구 토지 상속등기 — 다필지·지목별 정리,검색하신 대구 질문에 대한 답변 | 지점이 아니라는 점 | 거리가 있어도 서류를 먼저 확인하는 방법 | 대구 고유 상담 상황 | 재산유형별 확인사항 | 안윤정 법무사 직접 확인 | 보수와 공과금 구분 | 상담 전 준비하면 좋은 정보,대구 달성·군위 등 토지·농지·임야 상속등기는 필지 수·지목·면적에 따라 취득세와 서류가 달라집니다. 다옴법무사사무소는 부산 해운대구에 있으며 대구에 지점이 있는 것은 아닙니다. 등기부에 없는 필지나 조부모 명의 토지가 섞인 경우도 일반적인 상담 유형으로 누락 방지 절차를 안내합니다. 군위는 대구 기준으로 안내하며 경북 페이지에는 포함하지 않습니다. 부산과 거리가 있어도 등기부 사진으로 비대면 개요 상담이 가능합니다. 대구 달성·군위 등 토지·농지·임야 상속등기는 필지 수·지목·면적에 따라 취득세와 서류가 달라집니다. 다옴법무사사무소는 부산 해운대구에 있으며 대구에 지점이 있는 것은 아닙니다. 등기부에 없는 필지나 조부모 명의 토지가 섞인 경우도 일반적인 상담 유형으로 누락 방지 절차를 안내합니다. 군위는 대구 기준으로 안내하며 경북 페이지에는 포함하지 않습니다. 부산과 거리가 있어도 등기부 사진으로 비대면 개요 상담이 가능합니다. 대구 소재·문의 업무 공유 관할·방문·비대면 범위 ,452,3,/업무사례/대구군위군상속등기법무사::대구 토지 상속등기 || /업무사례/대구다사상속등기::대구 토지 상속등기 || /업무사례/대구현풍상속등기::대구 토지 상속등기,대구 군위군 상속등기 법무사>/업무사례/대구군위군상속등기법무사 || 대구 달성군 상속등기 법무사>/업무사례/대구달성군상속등기법무사 || 대구 현풍 상속등기>/업무사례/대구현풍상속등기 || 경북 토지 상속등기>/업무사례/경북토지상속등기 || 전국상속등기법무사>/업무사례/전국상속등기법무사 || 전국상속부동산일괄등기>/업무사례/전국상속부동산일괄등기 || 대구 토지 상속등기 상담>/contact/inquiry?from=nationwide&region=%EB%8C%80%EA%B5%AC&field=inheritance-registration || 부산에서 법무사 찾을 때 허브로 돌아가기>/부산법무사 || 해운대·센텀 법무사 상담>/해운대법무사 || 센텀 법인·부동산 등기>/센텀법무사 || 부산 여성 법무사 상담>/부산여성법무사 || 부산 상속등기 절차>/부산상속등기,홈 > 업무 사례 > 대구 지역 업무사례 > 대구,yes,WebPage+FAQ,,SERP_UNVERIFIED,inheritance-supporting,case,대구달성·군위등토지·농지·임야상속등기는필지수·지목·면적에따라취득세와서류가달라집니다.다옴법무사사무소는부산해운대구에있으며대구에지점이있는것은아닙니다.
/업무사례/경북법무사업무,generated,"index,follow",yes,/업무사례/경북법무사업무,경북 법무사 업무 안내｜상속등기·토지… | 다옴법무사사무소,경북 법무사 업무 허브. 22개 시·군 상속등기·토지·농지·법인등기를 부산 해운대 사무소에서 비대면으로 검토합니다. 경북 지점 없음. 해운대·센텀 다옴법무사사무소에서 전화·카카오톡·방문(예약) 상담이 가능합니다.,경북 법무사 업무 안내｜상속등기·토지… | 다옴법무사사무소,경북 법무사 업무 허브. 22개 시·군 상속등기·토지·농지·법인등기를 부산 해운대 사무소에서 비대면으로 검토합니다. 경북 지점 없음. 해운대·센텀 다옴법무사사무소에서 전화·카카오톡·방문(예약) 상담이 가능합니다.,경북 22개 시·군의 상속·부동산·법인 업무,경북에서 의뢰할 수 있는 업무 | 경북 업무 가능 여부 | 부산 해운대 사무소라는 안내 | 관할 특례와 법정 관할 | 경북에서 자주 문의되는 상황 | 방문 상담이 적합한 경우 | 비대면으로 먼저 검토하는 경우 | 필요서류·비용·절차 | 관련 지역·업무로 이어가기,"경북 안동·예천·김천·칠곡·포항·구미 등 22개 시·군에서 상속등기·토지·농지·임야·법인등기를 찾으셔도, 반드시 현지에 사무소가 있어야 하는 것은 아닙니다. 다옴법무사사무소는 부산 해운대구에 있으며 경북 각 시·군에 지점을 두고 있지 않습니다. 부산과 거리가 있어도 등기부·가족관계 서류를 사진·우편·화상으로 먼저 검토하는 비대면 상담이 가능하고, 방문을 원하시면 해운대 사무소로 오실 수 있습니다. 군위는 행정상 대구 관할이므로 경북 페이지에 포함하지 않습니다. 경북 안동·예천·김천·칠곡·포항·구미 등 22개 시·군에서 상속등기·토지·농지·임야·법인등기를 찾으셔도, 반드시 현지에 사무소가 있어야 하는 것은 아닙니다. 다옴법무사사무소는 부산 해운대구에 있으며 경북 각 시·군에 지점을 두고 있지 않습니다. 부산과 거리가 있어도 등기부·가족관계 서류를 사진·우편·화상으로 먼저 검토하는 비대면 상담이 가능하고, 방문을 원하시면 해운대 사무소로 오실 수 있습니다. 군위는 행정상 대구 관할이므로",533,53,/업무사례/경북법무사업무::경북 지역 업무사례 || /업무사례/안동상속등기법무사::경북 법무사 업무 || /업무사례/안동상속등기법무사::경북 지역 업무사례 || /업무사례/예천상속등기법무사::경북 법무사 업무 || /업무사례/예천상속등기법무사::경북 지역 업무사례 || /업무사례/김천상속등기법무사::경북 법무사 업무 || /업무사례/김천상속등기법무사::경북 지역 업무사례 || /업무사례/칠곡상속등기법무사::경북 법무사 업무 || /업무사례/칠곡상속등기법무사::경북 지역 업무사례 || /업무사례/경북상속등기비용::경북 지역 업무사례 || /업무사례/경북상속등기필요서류::경북 법무사 업무 || /업무사례/경북상속등기필요서류::경북 지역 업무사례,경북상속등기법무사>/업무사례/경북상속등기법무사 || 포항상속등기법무사>/업무사례/포항상속등기법무사 || 구미상속등기법무사>/업무사례/구미상속등기법무사 || 안동 상속등기 법무사>/업무사례/안동상속등기법무사 || 경북 토지 상속등기>/업무사례/경북토지상속등기 || 전국상속등기법무사>/업무사례/전국상속등기법무사 || 전국비대면법무사>/업무사례/전국비대면법무사 || 전국상속부동산일괄등기>/업무사례/전국상속부동산일괄등기 || 경북 업무 가능 여부 확인>/contact/inquiry?from=nationwide&region=%EA%B2%BD%EB%B6%81&field=inheritance-registration || 부산에서 법무사 찾을 때 허브로 돌아가기>/부산법무사 || 해운대·센텀 법무사 상담>/해운대법무사 || 센텀 법인·부동산 등기>/센텀법무사,홈 > 업무 사례 > 경북 지역 업무사례 > 경북,yes,WebPage+FAQ,,SERP_UNVERIFIED,other,case,"경북안동·예천·김천·칠곡·포항·구미등22개시·군에서상속등기·토지·농지·임야·법인등기를찾으셔도,반드시현지에사무소가있어야하는것은아닙니다.다옴법무사사"
/업무사례/안동상속등기법무사,generated,"index,follow",yes,/업무사례/안동상속등기법무사,안동 상속등기 법무사｜토지·농지·주택 비대면 상담 | 다옴법무사사무소,안동 토지·농지·주택 상속등기. 부산 해운대 사무소 관할 특례 검토. 안동 지점 없음. 해운대·센텀 다옴법무사사무소에서 전화·카카오톡·방문(예약) 상담이 가능합니다.,안동 상속등기 법무사｜토지·농지·주택 비대면 상담 | 다옴법무사사무소,안동 토지·농지·주택 상속등기. 부산 해운대 사무소 관할 특례 검토. 안동 지점 없음. 해운대·센텀 다옴법무사사무소에서 전화·카카오톡·방문(예약) 상담이 가능합니다.,안동 토지·농지·주택 상속등기를 어디에 맡길까,검색하신 안동 질문에 대한 답변 | 지점이 아니라는 점 | 거리가 있어도 서류를 먼저 확인하는 방법 | 안동 고유 상담 상황 | 재산유형별 확인사항 | 안윤정 법무사 직접 확인 | 보수와 공과금 구분 | 상담 전 준비하면 좋은 정보,"경북 안동시 토지·농지·답·임야·주택 상속등기를 검색하셔도 해당 지역 소재 사무소만 찾을 필요는 없습니다. 다옴법무사사무소는 부산 해운대구에 있으며 안동에 별도 지점이 없습니다. 안동 여러 필지와 조부모 명의 토지가 섞인 경우도 서류 목록부터 정리합니다. 부산과 거리가 있어도 등기부·가족관계 서류 사진으로 비대면 개요 상담이 가능하고, 방문을 원하시면 해운대 사무소로 오실 수 있습니다. 경북 안동시 토지·농지·답·임야·주택 상속등기를 검색하셔도 해당 지역 소재 사무소만 찾을 필요는 없습니다. 다옴법무사사무소는 부산 해운대구에 있으며 안동에 별도 지점이 없습니다. 안동 여러 필지와 조부모 명의 토지가 섞인 경우도 서류 목록부터 정리합니다. 부산과 거리가 있어도 등기부·가족관계 서류 사진으로 비대면 개요 상담이 가능하고, 방문을 원하시면 해운대 사무소로 오실 수 있습니다. 다옴법무사사무소는 부산 해운대구에 있으며 안동에 별도 지점이 있는 것은 아닙니다. 경북 안동 소재·문의 업무 공유 ",462,12,/업무사례/경북법무사업무::안동 상속등기 법무사 || /업무사례/예천상속등기법무사::안동 상속등기 법무사 || /업무사례/경북상속등기비용::안동 상속등기 법무사 || /업무사례/경북상속등기필요서류::안동 상속등기 법무사 || /업무사례/경북토지상속등기::안동 상속등기 법무사 || /업무사례/경북임야상속등기::안동 상속등기 법무사 || /업무사례/경북조부모명의토지상속::안동 상속등기 법무사 || /업무사례/안동오래된토지상속등기::업무사례/안동상속등기법무사 || /업무사례/영주상속등기법무사::안동 상속등기 법무사 || /업무사례/의성상속등기법무사::안동 상속등기 법무사 || /업무사례/영덕봉화상속등기법무사::안동 상속등기 법무사 || /업무사례/청송영양상속등기법무사::안동 상속등기 법무사,예천 상속등기 법무사>/업무사례/예천상속등기법무사 || 경북 토지 상속등기>/업무사례/경북토지상속등기 || 경북 농지 상속등기>/업무사례/경북농지상속등기 || 경북 법무사 업무>/업무사례/경북법무사업무 || 전국상속등기법무사>/업무사례/전국상속등기법무사 || 전국상속부동산일괄등기>/업무사례/전국상속부동산일괄등기 || 안동 상속등기 가능 여부 문의>/contact/inquiry?from=nationwide&region=%EA%B2%BD%EB%B6%81%20%EC%95%88%EB%8F%99&field=inheritance-registration || 부산에서 법무사 찾을 때 허브로 돌아가기>/부산법무사 || 해운대·센텀 법무사 상담>/해운대법무사 || 센텀 법인·부동산 등기>/센텀법무사 || 부산 여성 법무사 상담>/부산여성법무사 || 부산 상속등기 절차>/부산상속등기,홈 > 업무 사례 > 경북 지역 업무사례 > 안동,yes,WebPage+FAQ,,SERP_UNVERIFIED,inheritance-supporting,case,경북안동시토지·농지·답·임야·주택상속등기를검색하셔도해당지역소재사무소만찾을필요는없습니다.다옴법무사사무소는부산해운대구에있으며안동에별도지점이없습니다.
/업무사례/예천상속등기법무사,generated,"index,follow",yes,/업무사례/예천상속등기법무사,예천 상속등기 법무사｜농지·답·임야 상속 절차 | 다옴법무사사무소,예천군 농지·답·임야 상속등기. 부산 해운대 사무소 비대면 진행. 예천 지점 없음. 해운대·센텀 다옴법무사사무소에서 전화·카카오톡·방문(예약) 상담이 가능합니다.,예천 상속등기 법무사｜농지·답·임야 상속 절차 | 다옴법무사사무소,예천군 농지·답·임야 상속등기. 부산 해운대 사무소 비대면 진행. 예천 지점 없음. 해운대·센텀 다옴법무사사무소에서 전화·카카오톡·방문(예약) 상담이 가능합니다.,예천군 농지·답·임야 상속등기 절차,예천 업무 가능 여부 | 부산 해운대 사무소라는 안내 | 관할 특례와 법정 관할 | 예천에서 자주 문의되는 상황 | 방문 상담이 적합한 경우 | 비대면으로 먼저 검토하는 경우 | 필요서류·비용·절차 | 관련 지역·업무로 이어가기,경북 예천군 농지·답·임야·주택 상속등기를 준비하시면 필지·지목별 취득세와 협의분할 방식을 먼저 구분하는 것이 좋습니다. 다옴법무사사무소는 부산 해운대구에 있으며 예천에 지점이 있는 것은 아닙니다. 예천 여러 필지와 안동·김천 부동산이 함께 상속되거나 등기부에 없는 필지가 있는 경우도 일반적인 상담 유형으로 절차를 안내합니다. 부산과 거리가 있어도 등기부 사진으로 비대면 개요 상담이 가능합니다. 경북 예천군 농지·답·임야·주택 상속등기를 준비하시면 필지·지목별 취득세와 협의분할 방식을 먼저 구분하는 것이 좋습니다. 다옴법무사사무소는 부산 해운대구에 있으며 예천에 지점이 있는 것은 아닙니다. 예천 여러 필지와 안동·김천 부동산이 함께 상속되거나 등기부에 없는 필지가 있는 경우도 일반적인 상담 유형으로 절차를 안내합니다. 부산과 거리가 있어도 등기부 사진으로 비대면 개요 상담이 가능합니다. 경북 예천 소재·문의 업무 공유 관할·방문·비대면 범위 검토 보수·공과금 구분 안내 원본 전달 후,414,2,/업무사례/안동상속등기법무사::예천 상속등기 법무사 || /업무사례/경북농지상속등기::예천 상속등기 법무사,안동 상속등기 법무사>/업무사례/안동상속등기법무사 || 경북 농지 상속등기>/업무사례/경북농지상속등기 || 경북 임야 상속등기>/업무사례/경북임야상속등기 || 경북 법무사 업무>/업무사례/경북법무사업무 || 전국상속등기법무사>/업무사례/전국상속등기법무사 || 전국상속부동산일괄등기>/업무사례/전국상속부동산일괄등기 || 예천 상속등기 상담>/contact/inquiry?from=nationwide&region=%EA%B2%BD%EB%B6%81%20%EC%98%88%EC%B2%9C&field=inheritance-registration || 부산에서 법무사 찾을 때 허브로 돌아가기>/부산법무사 || 해운대·센텀 법무사 상담>/해운대법무사 || 센텀 법인·부동산 등기>/센텀법무사 || 부산 여성 법무사 상담>/부산여성법무사 || 부산 상속등기 절차>/부산상속등기,홈 > 업무 사례 > 경북 지역 업무사례 > 예천,yes,WebPage+FAQ,,SERP_UNVERIFIED,inheritance-supporting,case,경북예천군농지·답·임야·주택상속등기를준비하시면필지·지목별취득세와협의분할방식을먼저구분하는것이좋습니다.다옴법무사사무소는부산해운대구에있으며예천에지점이
/업무사례/김천상속등기법무사,generated,"index,follow",yes,/업무사례/김천상속등기법무사,김천 상속등기 법무사｜아파트·토지·공장 상속 안내 | 다옴법무사사무소,김천 아파트·토지·공장 상속등기. 부산 해운대 사무소 관할 특례 검토. 김천 지점 없음. 해운대·센텀 다옴법무사사무소에서 전화·카카오톡·방문(예약) 상담이 가능합니다.,김천 상속등기 법무사｜아파트·토지·공장 상속 안내 | 다옴법무사사무소,김천 아파트·토지·공장 상속등기. 부산 해운대 사무소 관할 특례 검토. 김천 지점 없음. 해운대·센텀 다옴법무사사무소에서 전화·카카오톡·방문(예약) 상담이 가능합니다.,김천 아파트·토지·공장 상속등기 안내,김천 업무 가능 여부 | 부산 해운대 사무소라는 안내 | 관할 특례와 법정 관할 | 김천에서 자주 문의되는 상황 | 방문 상담이 적합한 경우 | 비대면으로 먼저 검토하는 경우 | 필요서류·비용·절차 | 관련 지역·업무로 이어가기,"경북 김천시 아파트·토지·공장·창고 상속등기를 검색하셔도 해당 지역 소재 사무소만 찾을 필요는 없습니다. 다옴법무사사무소는 부산 해운대구에 있으며 김천에 별도 지점이 없습니다. 김천 도심 아파트와 외곽 농지·공장이 함께 상속되는 경우도 서류 목록부터 정리합니다. 부산과 거리가 있어도 등기부·가족관계 서류 사진으로 비대면 개요 상담이 가능하고, 방문을 원하시면 해운대 사무소로 오실 수 있습니다. 경북 김천시 아파트·토지·공장·창고 상속등기를 검색하셔도 해당 지역 소재 사무소만 찾을 필요는 없습니다. 다옴법무사사무소는 부산 해운대구에 있으며 김천에 별도 지점이 없습니다. 김천 도심 아파트와 외곽 농지·공장이 함께 상속되는 경우도 서류 목록부터 정리합니다. 부산과 거리가 있어도 등기부·가족관계 서류 사진으로 비대면 개요 상담이 가능하고, 방문을 원하시면 해운대 사무소로 오실 수 있습니다. 경북 김천 소재·문의 업무 공유 관할·방문·비대면 범위 검토 보수·공과금 구분 안내 원본 전달 후 접",432,3,/업무사례/칠곡상속등기법무사::김천 상속등기 법무사 || /업무사례/의성상속등기법무사::김천 상속등기 법무사 || /업무사례/고령성주상속등기법무사::김천 상속등기 법무사,칠곡 상속등기 법무사>/업무사례/칠곡상속등기법무사 || 구미상속등기법무사>/업무사례/구미상속등기법무사 || 경북 상속등기 비용>/업무사례/경북상속등기비용 || 경북 법무사 업무>/업무사례/경북법무사업무 || 전국상속등기법무사>/업무사례/전국상속등기법무사 || 전국비대면법무사>/업무사례/전국비대면법무사 || 김천 상속등기 가능 여부 확인>/contact/inquiry?from=nationwide&region=%EA%B2%BD%EB%B6%81%20%EA%B9%80%EC%B2%9C&field=inheritance-registration || 부산에서 법무사 찾을 때 허브로 돌아가기>/부산법무사 || 해운대·센텀 법무사 상담>/해운대법무사 || 센텀 법인·부동산 등기>/센텀법무사 || 부산 여성 법무사 상담>/부산여성법무사 || 부산 상속등기 절차>/부산상속등기,홈 > 업무 사례 > 경북 지역 업무사례 > 김천,yes,WebPage+FAQ,,SERP_UNVERIFIED,inheritance-supporting,case,경북김천시아파트·토지·공장·창고상속등기를검색하셔도해당지역소재사무소만찾을필요는없습니다.다옴법무사사무소는부산해운대구에있으며김천에별도지점이없습니다.김
/업무사례/칠곡상속등기법무사,generated,"index,follow",yes,/업무사례/칠곡상속등기법무사,칠곡 상속등기 법무사｜아파트·토지·농지 상속 절차 | 다옴법무사사무소,칠곡군 아파트·토지·농지 상속등기. 부산 해운대 사무소 비대면 진행. 칠곡 지점 없음. 해운대·센텀 다옴법무사사무소에서 전화·카카오톡·방문(예약) 상담이 가능합니다.,칠곡 상속등기 법무사｜아파트·토지·농지 상속 절차 | 다옴법무사사무소,칠곡군 아파트·토지·농지 상속등기. 부산 해운대 사무소 비대면 진행. 칠곡 지점 없음. 해운대·센텀 다옴법무사사무소에서 전화·카카오톡·방문(예약) 상담이 가능합니다.,칠곡군 아파트·토지·농지 상속등기 절차,검색하신 칠곡 질문에 대한 답변 | 지점이 아니라는 점 | 거리가 있어도 서류를 먼저 확인하는 방법 | 칠곡 고유 상담 상황 | 재산유형별 확인사항 | 안윤정 법무사 직접 확인 | 보수와 공과금 구분 | 상담 전 준비하면 좋은 정보,경북 칠곡군 아파트·토지·농지·주택 상속등기를 준비하시면 협의분할 방식과 지목별 취득세를 먼저 구분하는 것이 좋습니다. 다옴법무사사무소는 부산 해운대구에 있으며 칠곡에 지점이 있는 것은 아닙니다. 칠곡 신도시 아파트와 외곽 농지가 함께 있거나 상속인이 타 지역에 흩어진 경우도 일반적인 상담 유형으로 절차를 안내합니다. 부산과 거리가 있어도 등기부 사진으로 비대면 개요 상담이 가능합니다. 경북 칠곡군 아파트·토지·농지·주택 상속등기를 준비하시면 협의분할 방식과 지목별 취득세를 먼저 구분하는 것이 좋습니다. 다옴법무사사무소는 부산 해운대구에 있으며 칠곡에 지점이 있는 것은 아닙니다. 칠곡 신도시 아파트와 외곽 농지가 함께 있거나 상속인이 타 지역에 흩어진 경우도 일반적인 상담 유형으로 절차를 안내합니다. 부산과 거리가 있어도 등기부 사진으로 비대면 개요 상담이 가능합니다. 다옴법무사사무소는 부산 해운대구에 있으며 칠곡에 별도 지점이 있는 것은 아닙니다. 경북 칠곡 소재·문의 업무 공유 ,441,2,/업무사례/김천상속등기법무사::칠곡 상속등기 법무사 || /업무사례/고령성주상속등기법무사::칠곡 상속등기 법무사,김천 상속등기 법무사>/업무사례/김천상속등기법무사 || 경산상속등기법무사>/업무사례/경산상속등기법무사 || 경북 토지 상속등기>/업무사례/경북토지상속등기 || 경북 법무사 업무>/업무사례/경북법무사업무 || 전국상속등기법무사>/업무사례/전국상속등기법무사 || 전국상속부동산일괄등기>/업무사례/전국상속부동산일괄등기 || 칠곡 상속등기 상담>/contact/inquiry?from=nationwide&region=%EA%B2%BD%EB%B6%81%20%EC%B9%A0%EA%B3%A1&field=inheritance-registration || 부산에서 법무사 찾을 때 허브로 돌아가기>/부산법무사 || 해운대·센텀 법무사 상담>/해운대법무사 || 센텀 법인·부동산 등기>/센텀법무사 || 부산 여성 법무사 상담>/부산여성법무사 || 부산 상속등기 절차>/부산상속등기,홈 > 업무 사례 > 경북 지역 업무사례 > 칠곡,yes,WebPage+FAQ,,SERP_UNVERIFIED,inheritance-supporting,case,경북칠곡군아파트·토지·농지·주택상속등기를준비하시면협의분할방식과지목별취득세를먼저구분하는것이좋습니다.다옴법무사사무소는부산해운대구에있으며칠곡에지점이있
/업무사례/경북상속등기비용,generated,"index,follow",yes,/업무사례/경북상속등기비용,경북 상속등기 비용｜법무사 보수·취득세·채권 구분 | 다옴법무사사무소,경북 상속등기 비용 구성. 법무사 보수·등기 수수료·취득세·국민주택채권 구분. 부산 해운대 사무소 안내. 해운대·센텀 다옴법무사사무소에서 전화·카카오톡·방문(예약) 상담이 가능합니다.,경북 상속등기 비용｜법무사 보수·취득세·채권 구분 | 다옴법무사사무소,경북 상속등기 비용 구성. 법무사 보수·등기 수수료·취득세·국민주택채권 구분. 부산 해운대 사무소 안내. 해운대·센텀 다옴법무사사무소에서 전화·카카오톡·방문(예약) 상담이 가능합니다.,경북 상속등기 비용 — 보수·취득세·채권 구분,경북 업무 가능 여부 | 부산 해운대 사무소라는 안내 | 관할 특례와 법정 관할 | 경북에서 자주 문의되는 상황 | 방문 상담이 적합한 경우 | 비대면으로 먼저 검토하는 경우 | 필요서류·비용·절차 | 관련 지역·업무로 이어가기,"경북 22개 시·군에 나뉜 토지·농지·임야·아파트 상속등기 비용은 법무사 보수, 등기 수수료, 취득세, 국민주택채권 등으로 나뉩니다. 다옴법무사사무소는 부산 해운대구에 있으며 경북에 지점이 있는 것은 아닙니다. 협의분할·법정지분·부동산 가액·상속인 수·필지 수에 따라 달라지는 항목을 일반적인 상담 유형 기준으로 구분해 안내합니다. 부산과 거리가 있어도 등기부 사진으로 비대면 견적 개요가 가능합니다. 경북 22개 시·군에 나뉜 토지·농지·임야·아파트 상속등기 비용은 법무사 보수, 등기 수수료, 취득세, 국민주택채권 등으로 나뉩니다. 다옴법무사사무소는 부산 해운대구에 있으며 경북에 지점이 있는 것은 아닙니다. 협의분할·법정지분·부동산 가액·상속인 수·필지 수에 따라 달라지는 항목을 일반적인 상담 유형 기준으로 구분해 안내합니다. 부산과 거리가 있어도 등기부 사진으로 비대면 견적 개요가 가능합니다. 경북 소재·문의 업무 공유 관할·방문·비대면 범위 검토 보수·공과금 구분 안내 원본 전달 ",442,2,/업무사례/김천상속등기법무사::경북 상속등기 비용 || /업무사례/경북상속등기필요서류::경북 상속등기 비용,경북 상속등기 필요서류>/업무사례/경북상속등기필요서류 || 경북 토지 상속등기>/업무사례/경북토지상속등기 || 안동 상속등기 법무사>/업무사례/안동상속등기법무사 || 경북상속등기법무사>/업무사례/경북상속등기법무사 || 전국상속등기법무사>/업무사례/전국상속등기법무사 || 전국비대면법무사>/업무사례/전국비대면법무사 || 경북 상속등기 비용 상담>/contact/inquiry?from=nationwide&region=%EA%B2%BD%EB%B6%81&field=inheritance-registration || 부산에서 법무사 찾을 때 허브로 돌아가기>/부산법무사 || 해운대·센텀 법무사 상담>/해운대법무사 || 센텀 법인·부동산 등기>/센텀법무사 || 부산 여성 법무사 상담>/부산여성법무사 || 부산 상속등기 절차>/부산상속등기,홈 > 업무 사례 > 경북 지역 업무사례 > 경북,yes,WebPage+FAQ,,SERP_UNVERIFIED,inheritance-supporting,case,"경북22개시·군에나뉜토지·농지·임야·아파트상속등기비용은법무사보수,등기수수료,취득세,국민주택채권등으로나뉩니다.다옴법무사사무소는부산해운대구에있으며경"
/업무사례/경북상속등기필요서류,generated,"index,follow",yes,/업무사례/경북상속등기필요서류,경북 상속등기 필요서류｜가족관계·인감… | 다옴법무사사무소,"경북 상속등기 필요서류. 가족관계·기본·혼인관계·인감·위임·협의분할. 부산 해운대, 경북 지점 없음. 해운대·센텀 다옴법무사사무소에서 전화·카카오톡·방문(예약) 상담이 가능합니다.",경북 상속등기 필요서류｜가족관계·인감… | 다옴법무사사무소,"경북 상속등기 필요서류. 가족관계·기본·혼인관계·인감·위임·협의분할. 부산 해운대, 경북 지점 없음. 해운대·센텀 다옴법무사사무소에서 전화·카카오톡·방문(예약) 상담이 가능합니다.",경북 상속등기 필요서류 — 가족관계·인감·협의서,검색하신 경북 질문에 대한 답변 | 지점이 아니라는 점 | 거리가 있어도 서류를 먼저 확인하는 방법 | 경북 고유 상담 상황 | 재산유형별 확인사항 | 안윤정 법무사 직접 확인 | 보수와 공과금 구분 | 상담 전 준비하면 좋은 정보,"경북 22개 시·군 토지·농지·임야·아파트 상속등기에 필요한 서류는 상속인 수·협의분할 여부·필지 수에 따라 달라집니다. 다옴법무사사무소는 부산 해운대구에 있으며 경북에 지점이 있는 것은 아닙니다. 등기부등본, 가족관계·기본·혼인관계증명, 인감증명·위임장, 협의분할서 등 일반적인 상담 유형 기준 체크리스트를 안내합니다. 부산과 거리가 있어도 서류 사진으로 비대면 개요 확인 후 누락 항목을 짚어 드리며, 원본이 필요한 단계는 방문·우편으로 구분합니다. 경북 22개 시·군 토지·농지·임야·아파트 상속등기에 필요한 서류는 상속인 수·협의분할 여부·필지 수에 따라 달라집니다. 다옴법무사사무소는 부산 해운대구에 있으며 경북에 지점이 있는 것은 아닙니다. 등기부등본, 가족관계·기본·혼인관계증명, 인감증명·위임장, 협의분할서 등 일반적인 상담 유형 기준 체크리스트를 안내합니다. 부산과 거리가 있어도 서류 사진으로 비대면 개요 확인 후 누락 항목을 짚어 드리며, 원본이 필요한 단계는 방문·우편으로",445,2,/업무사례/경북상속등기비용::경북 상속등기 필요서류 || /업무사례/경북오래된상속등기::경북 상속등기 필요서류,경북 상속등기 비용>/업무사례/경북상속등기비용 || 경북 법무사 업무>/업무사례/경북법무사업무 || 안동 상속등기 법무사>/업무사례/안동상속등기법무사 || 경북상속등기법무사>/업무사례/경북상속등기법무사 || 전국상속등기법무사>/업무사례/전국상속등기법무사 || 전국비대면법무사>/업무사례/전국비대면법무사 || 경북 상속등기 서류 확인>/contact/inquiry?from=nationwide&region=%EA%B2%BD%EB%B6%81&field=inheritance-registration || 부산에서 법무사 찾을 때 허브로 돌아가기>/부산법무사 || 해운대·센텀 법무사 상담>/해운대법무사 || 센텀 법인·부동산 등기>/센텀법무사 || 부산 여성 법무사 상담>/부산여성법무사 || 부산 상속등기 절차>/부산상속등기,홈 > 업무 사례 > 경북 지역 업무사례 > 경북,yes,WebPage+FAQ,,SERP_UNVERIFIED,inheritance-supporting,case,경북22개시·군토지·농지·임야·아파트상속등기에필요한서류는상속인수·협의분할여부·필지수에따라달라집니다.다옴법무사사무소는부산해운대구에있으며경북에지점이
/업무사례/경북토지상속등기,generated,"index,follow",yes,/업무사례/경북토지상속등기,경북 토지 상속등기｜다필지·지목별 취득세 정리 | 다옴법무사사무소,경북 토지 상속등기. 다필지·지목별 취득세. 부산 해운대 비대면 진행. 경북 지점 없음. 해운대·센텀 다옴법무사사무소에서 전화·카카오톡·방문(예약) 상담이 가능합니다.,경북 토지 상속등기｜다필지·지목별 취득세 정리 | 다옴법무사사무소,경북 토지 상속등기. 다필지·지목별 취득세. 부산 해운대 비대면 진행. 경북 지점 없음. 해운대·센텀 다옴법무사사무소에서 전화·카카오톡·방문(예약) 상담이 가능합니다.,경북 토지 상속등기 — 다필지·지목별 정리,검색하신 경북 질문에 대한 답변 | 지점이 아니라는 점 | 거리가 있어도 서류를 먼저 확인하는 방법 | 경북 고유 상담 상황 | 재산유형별 확인사항 | 안윤정 법무사 직접 확인 | 보수와 공과금 구분 | 상담 전 준비하면 좋은 정보,"경북 22개 시·군에 흩어진 토지·답·대지 상속등기는 필지 수·지목·면적에 따라 취득세와 서류가 달라집니다. 다옴법무사사무소는 부산 해운대구에 있으며 경북에 지점이 있는 것은 아닙니다. 등기부에 없는 필지나 조부모 명의 토지가 섞인 경우도 일반적인 상담 유형으로 누락 방지 절차를 안내합니다. 군위는 대구 관할이므로 경북 페이지에 포함하지 않으며, 부산과 거리가 있어도 등기부 사진으로 비대면 개요 상담이 가능합니다. 경북 22개 시·군에 흩어진 토지·답·대지 상속등기는 필지 수·지목·면적에 따라 취득세와 서류가 달라집니다. 다옴법무사사무소는 부산 해운대구에 있으며 경북에 지점이 있는 것은 아닙니다. 등기부에 없는 필지나 조부모 명의 토지가 섞인 경우도 일반적인 상담 유형으로 누락 방지 절차를 안내합니다. 군위는 대구 관할이므로 경북 페이지에 포함하지 않으며, 부산과 거리가 있어도 등기부 사진으로 비대면 개요 상담이 가능합니다. 경북 소재·문의 업무 공유 관할·방문·비대면 범위 검토 보",458,11,/업무사례/대구군위군상속등기법무사::경북 토지 상속등기 || /업무사례/대구토지상속등기::경북 토지 상속등기 || /업무사례/경북법무사업무::경북 토지 상속등기 || /업무사례/안동상속등기법무사::경북 토지 상속등기 || /업무사례/칠곡상속등기법무사::경북 토지 상속등기 || /업무사례/경북상속등기비용::경북 토지 상속등기 || /업무사례/경북농지상속등기::경북 토지 상속등기 || /업무사례/경북임야상속등기::경북 토지 상속등기 || /업무사례/경북오래된상속등기::경북 토지 상속등기 || /업무사례/경북조부모명의토지상속::경북 토지 상속등기 || /업무사례/상주상속등기법무사::경북 토지 상속등기,경북 농지 상속등기>/업무사례/경북농지상속등기 || 경북 임야 상속등기>/업무사례/경북임야상속등기 || 경북 조부모 명의 토지 상속>/업무사례/경북조부모명의토지상속 || 안동 상속등기 법무사>/업무사례/안동상속등기법무사 || 전국상속등기법무사>/업무사례/전국상속등기법무사 || 전국상속부동산일괄등기>/업무사례/전국상속부동산일괄등기 || 경북 토지 상속등기 상담>/contact/inquiry?from=nationwide&region=%EA%B2%BD%EB%B6%81&field=inheritance-registration || 부산에서 법무사 찾을 때 허브로 돌아가기>/부산법무사 || 해운대·센텀 법무사 상담>/해운대법무사 || 센텀 법인·부동산 등기>/센텀법무사 || 부산 여성 법무사 상담>/부산여성법무사 || 부산 상속등기 절차>/부산상속등기,홈 > 업무 사례 > 경북 지역 업무사례 > 경북,yes,WebPage+FAQ,,SERP_UNVERIFIED,inheritance-supporting,case,경북22개시·군에흩어진토지·답·대지상속등기는필지수·지목·면적에따라취득세와서류가달라집니다.다옴법무사사무소는부산해운대구에있으며경북에지점이있는것은아닙
/업무사례/경북농지상속등기,generated,"index,follow",yes,/업무사례/경북농지상속등기,경북 농지 상속등기｜답·과수원·지목별 취득세 | 다옴법무사사무소,경북 농지·답 상속등기. 지목별 취득세·다필지. 부산 해운대 비대면 진행. 경북 지점 없음. 해운대·센텀 다옴법무사사무소에서 전화·카카오톡·방문(예약) 상담이 가능합니다.,경북 농지 상속등기｜답·과수원·지목별 취득세 | 다옴법무사사무소,경북 농지·답 상속등기. 지목별 취득세·다필지. 부산 해운대 비대면 진행. 경북 지점 없음. 해운대·센텀 다옴법무사사무소에서 전화·카카오톡·방문(예약) 상담이 가능합니다.,경북 농지 상속등기 — 답·과수원·지목별 취득세,경북 업무 가능 여부 | 부산 해운대 사무소라는 안내 | 관할 특례와 법정 관할 | 경북에서 자주 문의되는 상황 | 방문 상담이 적합한 경우 | 비대면으로 먼저 검토하는 경우 | 필요서류·비용·절차 | 관련 지역·업무로 이어가기,"경북 안동·예천·김천 등 농지·답·과수원 상속등기는 지목·면적·농지법 여부에 따라 취득세와 절차가 달라집니다. 다옴법무사사무소는 부산 해운대구에 있으며 경북에 지점이 있는 것은 아닙니다. 여러 읍·면에 흩어진 농지와 주택·아파트가 함께 상속되는 경우도 일반적인 상담 유형으로 목록·협의·서류를 정리합니다. 부산과 거리가 있어도 등기부 사진으로 비대면 개요 상담이 가능하고, 방문을 원하시면 해운대 사무소로 오실 수 있습니다. 경북 안동·예천·김천 등 농지·답·과수원 상속등기는 지목·면적·농지법 여부에 따라 취득세와 절차가 달라집니다. 다옴법무사사무소는 부산 해운대구에 있으며 경북에 지점이 있는 것은 아닙니다. 여러 읍·면에 흩어진 농지와 주택·아파트가 함께 상속되는 경우도 일반적인 상담 유형으로 목록·협의·서류를 정리합니다. 부산과 거리가 있어도 등기부 사진으로 비대면 개요 상담이 가능하고, 방문을 원하시면 해운대 사무소로 오실 수 있습니다. 경북 소재·문의 업무 공유 관할·방문·비대면",432,6,/업무사례/안동상속등기법무사::경북 농지 상속등기 || /업무사례/예천상속등기법무사::경북 농지 상속등기 || /업무사례/경북토지상속등기::경북 농지 상속등기 || /업무사례/경북임야상속등기::경북 농지 상속등기 || /업무사례/경북조부모명의토지상속::경북 농지 상속등기 || /업무사례/상주상속등기법무사::경북 농지 상속등기,경북 토지 상속등기>/업무사례/경북토지상속등기 || 경북 임야 상속등기>/업무사례/경북임야상속등기 || 예천 상속등기 법무사>/업무사례/예천상속등기법무사 || 경북 법무사 업무>/업무사례/경북법무사업무 || 전국상속등기법무사>/업무사례/전국상속등기법무사 || 전국상속부동산일괄등기>/업무사례/전국상속부동산일괄등기 || 경북 농지 상속등기 상담>/contact/inquiry?from=nationwide&region=%EA%B2%BD%EB%B6%81&field=inheritance-registration || 부산에서 법무사 찾을 때 허브로 돌아가기>/부산법무사 || 해운대·센텀 법무사 상담>/해운대법무사 || 센텀 법인·부동산 등기>/센텀법무사 || 부산 여성 법무사 상담>/부산여성법무사 || 부산 상속등기 절차>/부산상속등기,홈 > 업무 사례 > 경북 지역 업무사례 > 경북,yes,WebPage+FAQ,,SERP_UNVERIFIED,inheritance-supporting,case,경북안동·예천·김천등농지·답·과수원상속등기는지목·면적·농지법여부에따라취득세와절차가달라집니다.다옴법무사사무소는부산해운대구에있으며경북에지점이있는것은
/업무사례/경북임야상속등기,generated,"index,follow",yes,/업무사례/경북임야상속등기,경북 임야 상속등기｜산림·다필지·지목별 정리 | 다옴법무사사무소,경북 임야·산림 토지 상속등기. 다필지·지목별 취득세. 부산 해운대 비대면. 경북 지점 없음. 해운대·센텀 다옴법무사사무소에서 전화·카카오톡·방문(예약) 상담이 가능합니다.,경북 임야 상속등기｜산림·다필지·지목별 정리 | 다옴법무사사무소,경북 임야·산림 토지 상속등기. 다필지·지목별 취득세. 부산 해운대 비대면. 경북 지점 없음. 해운대·센텀 다옴법무사사무소에서 전화·카카오톡·방문(예약) 상담이 가능합니다.,경북 임야 상속등기 — 산림·다필지 정리,검색하신 경북 질문에 대한 답변 | 지점이 아니라는 점 | 거리가 있어도 서류를 먼저 확인하는 방법 | 경북 고유 상담 상황 | 재산유형별 확인사항 | 안윤정 법무사 직접 확인 | 보수와 공과금 구분 | 상담 전 준비하면 좋은 정보,경북 안동·예천·영주 등 산간 지역 임야·유임·무임 상속등기는 필지 수·지목·면적에 따라 취득세와 서류가 달라집니다. 다옴법무사사무소는 부산 해운대구에 있으며 경북에 지점이 있는 것은 아닙니다. 등기부에 없는 임야나 조부모 명의 산림이 섞인 경우도 일반적인 상담 유형으로 누락 방지 절차를 안내합니다. 부산과 거리가 있어도 등기부·지적 사진으로 비대면 개요 상담이 가능합니다. 경북 안동·예천·영주 등 산간 지역 임야·유임·무임 상속등기는 필지 수·지목·면적에 따라 취득세와 서류가 달라집니다. 다옴법무사사무소는 부산 해운대구에 있으며 경북에 지점이 있는 것은 아닙니다. 등기부에 없는 임야나 조부모 명의 산림이 섞인 경우도 일반적인 상담 유형으로 누락 방지 절차를 안내합니다. 부산과 거리가 있어도 등기부·지적 사진으로 비대면 개요 상담이 가능합니다. 다옴법무사사무소는 부산 해운대구에 있으며 경북·안동·포항·구미 등에 별도 지점이 있는 것은 아닙니다. 경북 소재·문의 업무 공유 관할·방문·,433,3,/업무사례/예천상속등기법무사::경북 임야 상속등기 || /업무사례/경북토지상속등기::경북 임야 상속등기 || /업무사례/경북농지상속등기::경북 임야 상속등기,경북 토지 상속등기>/업무사례/경북토지상속등기 || 경북 농지 상속등기>/업무사례/경북농지상속등기 || 경북 조부모 명의 토지 상속>/업무사례/경북조부모명의토지상속 || 안동 상속등기 법무사>/업무사례/안동상속등기법무사 || 전국상속등기법무사>/업무사례/전국상속등기법무사 || 전국상속부동산일괄등기>/업무사례/전국상속부동산일괄등기 || 경북 임야 상속등기 상담>/contact/inquiry?from=nationwide&region=%EA%B2%BD%EB%B6%81&field=inheritance-registration || 부산에서 법무사 찾을 때 허브로 돌아가기>/부산법무사 || 해운대·센텀 법무사 상담>/해운대법무사 || 센텀 법인·부동산 등기>/센텀법무사 || 부산 여성 법무사 상담>/부산여성법무사 || 부산 상속등기 절차>/부산상속등기,홈 > 업무 사례 > 경북 지역 업무사례 > 경북,yes,WebPage+FAQ,,SERP_UNVERIFIED,inheritance-supporting,case,경북안동·예천·영주등산간지역임야·유임·무임상속등기는필지수·지목·면적에따라취득세와서류가달라집니다.다옴법무사사무소는부산해운대구에있으며경북에지점이있는
/업무사례/경북오래된상속등기,generated,"index,follow",yes,/업무사례/경북오래된상속등기,경북 오래된 상속등기｜미등기·오래된 … | 다옴법무사사무소,경북 오래된 상속등기. 미등기·오래된 사망·가족관계 정리. 부산 해운대 비대면. 경북 지점 없음. 해운대·센텀 다옴법무사사무소에서 전화·카카오톡·방문(예약) 상담이 가능합니다.,경북 오래된 상속등기｜미등기·오래된 … | 다옴법무사사무소,경북 오래된 상속등기. 미등기·오래된 사망·가족관계 정리. 부산 해운대 비대면. 경북 지점 없음. 해운대·센텀 다옴법무사사무소에서 전화·카카오톡·방문(예약) 상담이 가능합니다.,경북 오래된 상속등기 — 미등기·오래된 사망 정리,검색하신 경북 질문에 대한 답변 | 지점이 아니라는 점 | 거리가 있어도 서류를 먼저 확인하는 방법 | 경북 고유 상담 상황 | 재산유형별 확인사항 | 안윤정 법무사 직접 확인 | 보수와 공과금 구분 | 상담 전 준비하면 좋은 정보,"경북에서 수십 년 전 사망·미등기 상태로 남은 토지·농지·주택 상속등기는 가족관계·등기부·지적 확인부터 다시 정리해야 합니다. 다옴법무사사무소는 부산 해운대구에 있으며 경북에 지점이 있는 것은 아닙니다. 오래된 사망일·호적·가족관계 변동·다필지 누락이 섞인 경우도 일반적인 상담 유형으로 절차를 안내합니다. 부산과 거리가 있어도 등기부·가족관계 사진으로 비대면 개요 상담이 가능하고, 방문은 해운대 사무소에서 진행합니다. 경북에서 수십 년 전 사망·미등기 상태로 남은 토지·농지·주택 상속등기는 가족관계·등기부·지적 확인부터 다시 정리해야 합니다. 다옴법무사사무소는 부산 해운대구에 있으며 경북에 지점이 있는 것은 아닙니다. 오래된 사망일·호적·가족관계 변동·다필지 누락이 섞인 경우도 일반적인 상담 유형으로 절차를 안내합니다. 부산과 거리가 있어도 등기부·가족관계 사진으로 비대면 개요 상담이 가능하고, 방문은 해운대 사무소에서 진행합니다. 경북 소재·문의 업무 공유 관할·방문·비대면 범위 ",426,3,/업무사례/경북조부모명의토지상속::경북 오래된 상속등기 || /업무사례/안동오래된토지상속등기::경북 오래된 상속등기 || /업무사례/경주오래된토지상속등기::경북 오래된 상속등기,경북 조부모 명의 토지 상속>/업무사례/경북조부모명의토지상속 || 경북 토지 상속등기>/업무사례/경북토지상속등기 || 경북 상속등기 필요서류>/업무사례/경북상속등기필요서류 || 경북 법무사 업무>/업무사례/경북법무사업무 || 전국상속등기법무사>/업무사례/전국상속등기법무사 || 전국상속부동산일괄등기>/업무사례/전국상속부동산일괄등기 || 경북 오래된 상속등기 상담>/contact/inquiry?from=nationwide&region=%EA%B2%BD%EB%B6%81&field=inheritance-registration || 부산에서 법무사 찾을 때 허브로 돌아가기>/부산법무사 || 해운대·센텀 법무사 상담>/해운대법무사 || 센텀 법인·부동산 등기>/센텀법무사 || 부산 여성 법무사 상담>/부산여성법무사 || 부산 상속등기 절차>/부산상속등기,홈 > 업무 사례 > 경북 지역 업무사례 > 경북,yes,WebPage+FAQ,,SERP_UNVERIFIED,inheritance-supporting,case,경북에서수십년전사망·미등기상태로남은토지·농지·주택상속등기는가족관계·등기부·지적확인부터다시정리해야합니다.다옴법무사사무소는부산해운대구에있으며경북에지
/업무사례/경북조부모명의토지상속,generated,"index,follow",yes,/업무사례/경북조부모명의토지상속,경북 조부모 명의 토지 상속｜등기부·… | 다옴법무사사무소,"경북 조부모·할아버지 명의 토지·농지 상속. 등기부·지적 확인. 부산 해운대, 경북 지점 없음. 해운대·센텀 다옴법무사사무소에서 전화·카카오톡·방문(예약) 상담이 가능합니다.",경북 조부모 명의 토지 상속｜등기부·… | 다옴법무사사무소,"경북 조부모·할아버지 명의 토지·농지 상속. 등기부·지적 확인. 부산 해운대, 경북 지점 없음. 해운대·센텀 다옴법무사사무소에서 전화·카카오톡·방문(예약) 상담이 가능합니다.",경북 조부모 명의 토지 상속 — 등기부·지적 정리,검색하신 경북 질문에 대한 답변 | 지점이 아니라는 점 | 거리가 있어도 서류를 먼저 확인하는 방법 | 경북 고유 상담 상황 | 재산유형별 확인사항 | 안윤정 법무사 직접 확인 | 보수와 공과금 구분 | 상담 전 준비하면 좋은 정보,경북 안동·예천·김천 등에서 조부모·할아버지·할머니 명의로 남은 토지·농지·임야를 상속받으려면 등기부·지적·가족관계를 먼저 맞춰야 합니다. 다옴법무사사무소는 부산 해운대구에 있으며 경북에 지점이 있는 것은 아닙니다. 등기부에 없는 필지·명의 불일치·다필지 누락이 섞인 경우도 일반적인 상담 유형으로 확인 방법과 상속 순서를 안내합니다. 부산과 거리가 있어도 등기부·호적·가족관계 사진으로 비대면 개요 상담이 가능합니다. 경북 안동·예천·김천 등에서 조부모·할아버지·할머니 명의로 남은 토지·농지·임야를 상속받으려면 등기부·지적·가족관계를 먼저 맞춰야 합니다. 다옴법무사사무소는 부산 해운대구에 있으며 경북에 지점이 있는 것은 아닙니다. 등기부에 없는 필지·명의 불일치·다필지 누락이 섞인 경우도 일반적인 상담 유형으로 확인 방법과 상속 순서를 안내합니다. 부산과 거리가 있어도 등기부·호적·가족관계 사진으로 비대면 개요 상담이 가능합니다. 경북 소재·문의 업무 공유 관할·방문·비대면 범위 검토,429,5,/업무사례/경북토지상속등기::경북 조부모 명의 토지 상속 || /업무사례/경북임야상속등기::경북 조부모 명의 토지 상속 || /업무사례/경북오래된상속등기::경북 조부모 명의 토지 상속 || /업무사례/안동오래된토지상속등기::경북 조부모 명의 토지 상속 || /업무사례/경주오래된토지상속등기::경북 조부모 명의 토지 상속,경북 오래된 상속등기>/업무사례/경북오래된상속등기 || 경북 토지 상속등기>/업무사례/경북토지상속등기 || 경북 농지 상속등기>/업무사례/경북농지상속등기 || 안동 상속등기 법무사>/업무사례/안동상속등기법무사 || 전국상속등기법무사>/업무사례/전국상속등기법무사 || 전국상속부동산일괄등기>/업무사례/전국상속부동산일괄등기 || 경북 조부모 명의 토지 상담>/contact/inquiry?from=nationwide&region=%EA%B2%BD%EB%B6%81&field=inheritance-registration || 부산에서 법무사 찾을 때 허브로 돌아가기>/부산법무사 || 해운대·센텀 법무사 상담>/해운대법무사 || 센텀 법인·부동산 등기>/센텀법무사 || 부산 여성 법무사 상담>/부산여성법무사 || 부산 상속등기 절차>/부산상속등기,홈 > 업무 사례 > 경북 지역 업무사례 > 경북,yes,WebPage+FAQ,,SERP_UNVERIFIED,inheritance-supporting,case,경북안동·예천·김천등에서조부모·할아버지·할머니명의로남은토지·농지·임야를상속받으려면등기부·지적·가족관계를먼저맞춰야합니다.다옴법무사사무소는부산해운대
/업무사례/영천상속등기법무사,generated,"index,follow",yes,/업무사례/영천상속등기법무사,영천 상속등기 법무사｜과수원·농지·주택 상속 정리 | 다옴법무사사무소,"영천시 과수원·농지·주택 상속등기 안내. 포도·사과 등 과수원 관련 필지 확인 방법을 설명합니다. 부산 해운대 사무소, 영천 지점 없음. 해운대·센텀 다옴법무사사무소에서 전화·카카오톡·방문(예약) 상담이 가능합니다.",영천 상속등기 법무사｜과수원·농지·주택 상속 정리 | 다옴법무사사무소,"영천시 과수원·농지·주택 상속등기 안내. 포도·사과 등 과수원 관련 필지 확인 방법을 설명합니다. 부산 해운대 사무소, 영천 지점 없음. 해운대·센텀 다옴법무사사무소에서 전화·카카오톡·방문(예약) 상담이 가능합니다.","영천 상속부동산, 과수원·농지부터 정리하는 방법",검색하신 영천 질문에 대한 답변 | 지점이 아니라는 점 | 거리가 있어도 서류를 먼저 확인하는 방법 | 영천 고유 상담 상황 | 재산유형별 확인사항 | 안윤정 법무사 직접 확인 | 보수와 공과금 구분 | 상담 전 준비하면 좋은 정보,"영천시는 경상북도 중부에 있는 대표적인 과수 산지로, 포도·사과 과수원과 함께 농지·주택이 상속재산에 포함되는 경우가 많습니다. 과수원은 나무(과수)가 심어진 상태 그대로 소유권이 넘어가는 경우가 많아 지목이 '과수원'으로 되어 있는지, 실제 경작 현황과 등기부·지적도가 일치하는지 확인하는 것이 중요합니다. 여러 필지에 나뉜 농지와 시내 주택이 함께 상속되는 경우도 흔하며, 상속인은 영천을 떠나 대구·부산·수도권 등에 거주하는 경우가 많습니다. 다옴법무사사무소는 부산 해운대구에 있으며 영천에 별도 지점을 두고 있지 않지만, 상속등기는 부동산 소재지 기준 관할 특례가 적용될 수 있어 해운대 사무소에서 상담부터 신청까지 진행 가능한지 사건별로 검토합니다. 여러 필지 과수원·농지가 있는 경우에는 지번별로 목록을 만들어 지목·면적별 취득세를 구분해 안내합니다. 상속인이 타지역에 있어도 등기부등본·가족관계증명서 사진으로 먼저 개요를 확인할 수 있습니다. 영천시는 경상북도 중부에 있는 대표적인",680,1,/업무사례/경북법무사업무::영천 상속등기 법무사,경북 법무사 업무>/업무사례/경북법무사업무 || 경산상속등기법무사>/업무사례/경산상속등기법무사 || 전국상속등기법무사>/업무사례/전국상속등기법무사 || 전국비대면법무사>/업무사례/전국비대면법무사 || 경상도비대면상속등기>/경상도비대면상속등기 || 영천 상속등기 가능 여부 문의>/contact/inquiry?from=nationwide&region=%EA%B2%BD%EB%B6%81%20%EC%98%81%EC%B2%9C&field=inheritance-registration || 부산에서 법무사 찾을 때 허브로 돌아가기>/부산법무사 || 해운대·센텀 법무사 상담>/해운대법무사 || 센텀 법인·부동산 등기>/센텀법무사 || 부산 여성 법무사 상담>/부산여성법무사 || 부산 상속등기 절차>/부산상속등기 || 부산 법인등기 안내>/부산법인등기,홈 > 업무 사례 > 경북 지역 업무사례 > 영천,yes,WebPage+FAQ,,SERP_UNVERIFIED,inheritance-supporting,case,"영천시는경상북도중부에있는대표적인과수산지로,포도·사과과수원과함께농지·주택이상속재산에포함되는경우가많습니다.과수원은나무(과수)가심어진상태그대로소유권이"
/업무사례/안동오래된토지상속등기,generated,"index,follow",yes,/업무사례/안동오래된토지상속등기,안동 오래된 토지 상속등기｜조부모 명… | 다옴법무사사무소,"안동 조부모 명의로 수십 년 남아 있는 토지 상속등기. 제적등본으로 가족관계를 확인하는 절차를 설명합니다. 부산 해운대 사무소, 안동 지점 없음.",안동 오래된 토지 상속등기｜조부모 명… | 다옴법무사사무소,"안동 조부모 명의로 수십 년 남아 있는 토지 상속등기. 제적등본으로 가족관계를 확인하는 절차를 설명합니다. 부산 해운대 사무소, 안동 지점 없음.","안동 조부모 명의 토지, 제적등본부터 확인하는 이유",안동 업무 가능 여부 | 부산 해운대 사무소라는 안내 | 관할 특례와 법정 관할 | 안동에서 자주 문의되는 상황 | 방문 상담이 적합한 경우 | 비대면으로 먼저 검토하는 경우 | 필요서류·비용·절차 | 관련 지역·업무로 이어가기,"안동에서는 조부모 명의로 수십 년간 등기가 정리되지 않은 채 남아 있는 토지·농지가 상속 상담에 자주 등장합니다. 조부모가 사망한 시점이 오래되어 가족관계증명서만으로는 상속인 전체를 확인하기 어려운 경우가 많고, 이때는 폐지된 호적을 기록한 제적등본을 발급받아 조부모 당시의 가족관계를 먼저 확인해야 합니다. 부모님도 이미 사망했다면 조부모→부모→현재 상속인으로 이어지는 연쇄 상속 구조를 정리해야 하고, 대습상속이나 재혼·양자 등 가족관계가 복잡한 경우 상속인 범위를 확정하는 데 시간이 더 걸릴 수 있습니다. 다옴법무사사무소는 부산 해운대구에 있으며 안동에 별도 지점을 두고 있지 않지만, 상속등기는 부동산 소재지 기준 관할 특례가 적용될 수 있어 해운대 사무소에서 상담부터 신청까지 진행 가능한지 사건별로 검토합니다. 등기부에 남아 있지 않은 필지가 있으면 지적도·구 토지대장을 함께 확인해 누락을 방지합니다. 안동에서는 조부모 명의로 수십 년간 등기가 정리되지 않은 채 남아 있는 토지·",682,1,/업무사례/경북법무사업무::안동 오래된 토지 상속등기,경북 법무사 업무>/업무사례/경북법무사업무 || 경북 조부모 명의 토지 상속>/업무사례/경북조부모명의토지상속 || 경북 오래된 상속등기>/업무사례/경북오래된상속등기 || 업무사례/안동상속등기법무사>/업무사례/안동상속등기법무사 || 전국상속등기법무사>/업무사례/전국상속등기법무사 || 전국비대면법무사>/업무사례/전국비대면법무사 || 안동 오래된 토지 상속등기 상담>/contact/inquiry?from=nationwide&region=%EA%B2%BD%EB%B6%81%20%EC%95%88%EB%8F%99&field=inheritance-registration || 부산에서 법무사 찾을 때 허브로 돌아가기>/부산법무사 || 해운대·센텀 법무사 상담>/해운대법무사 || 센텀 법인·부동산 등기>/센텀법무사 || 부산 여성 법무사 상담>/부산여성법무사 || 부산 상속등기 절차>/부산상속등기,홈 > 업무 사례 > 경북 지역 업무사례 > 안동,yes,WebPage+FAQ,,SERP_UNVERIFIED,inheritance-supporting,case,안동에서는조부모명의로수십년간등기가정리되지않은채남아있는토지·농지가상속상담에자주등장합니다.조부모가사망한시점이오래되어가족관계증명서만으로는상속인전체를확
/업무사례/경주오래된토지상속등기,generated,"index,follow",yes,/업무사례/경주오래된토지상속등기,경주 오래된 토지 상속등기｜조부모 명… | 다옴법무사사무소,"경주 조부모 명의로 여러 세대에 걸쳐 정리되지 않은 토지 상속등기. 제적등본·가족관계 확인 절차를 설명합니다. 부산 해운대 사무소, 경주 지점 없음.",경주 오래된 토지 상속등기｜조부모 명… | 다옴법무사사무소,"경주 조부모 명의로 여러 세대에 걸쳐 정리되지 않은 토지 상속등기. 제적등본·가족관계 확인 절차를 설명합니다. 부산 해운대 사무소, 경주 지점 없음.","경주 조부모 명의 토지, 여러 세대에 걸쳐 정리하는 방법",경주 업무 가능 여부 | 부산 해운대 사무소라는 안내 | 관할 특례와 법정 관할 | 경주에서 자주 문의되는 상황 | 방문 상담이 적합한 경우 | 비대면으로 먼저 검토하는 경우 | 필요서류·비용·절차 | 관련 지역·업무로 이어가기,"경주는 오랜 역사를 지닌 도시답게 조부모, 심지어 증조부모 명의로 몇 대에 걸쳐 정리되지 않은 채 남아 있는 토지가 상속 상담에 자주 등장합니다. 한 필지에 여러 세대의 상속인이 얽혀 있고 그중 일부는 이미 사망해 다시 상속이 이루어진 경우, 각 세대별로 가족관계증명서와 제적등본을 모두 확인해야 정확한 상속인 범위를 확정할 수 있습니다. 등기부상 소유자 이름과 실제 경작·거주하는 사람이 다른 경우도 많고, 지목이 논·밭에서 대지로 바뀌었는데 등기부에는 반영되지 않은 필지도 발견되곤 합니다. 다옴법무사사무소는 부산 해운대구에 있으며 경주에 별도 지점을 두고 있지 않지만, 상속등기는 부동산 소재지 기준 관할 특례가 적용될 수 있어 해운대 사무소에서 상담부터 신청까지 진행 가능한지 사건별로 검토합니다. 여러 세대가 얽힌 경우 가계도부터 정리하는 것이 순서를 명확히 하는 데 도움이 됩니다. 경주는 오랜 역사를 지닌 도시답게 조부모, 심지어 증조부모 명의로 몇 대에 걸쳐 정리되지 않은 채 남",685,1,/업무사례/경주상속등기법무사::경주오래된토지상속등기,경북 법무사 업무>/업무사례/경북법무사업무 || 경북 조부모 명의 토지 상속>/업무사례/경북조부모명의토지상속 || 경북 오래된 상속등기>/업무사례/경북오래된상속등기 || 업무사례/경주상속등기법무사>/업무사례/경주상속등기법무사 || 전국상속등기법무사>/업무사례/전국상속등기법무사 || 전국비대면법무사>/업무사례/전국비대면법무사 || 경주 오래된 토지 상속등기 상담>/contact/inquiry?from=nationwide&region=%EA%B2%BD%EB%B6%81%20%EA%B2%BD%EC%A3%BC&field=inheritance-registration || 부산에서 법무사 찾을 때 허브로 돌아가기>/부산법무사 || 해운대·센텀 법무사 상담>/해운대법무사 || 센텀 법인·부동산 등기>/센텀법무사 || 부산 여성 법무사 상담>/부산여성법무사 || 부산 상속등기 절차>/부산상속등기,홈 > 업무 사례 > 경북 지역 업무사례 > 경주,yes,WebPage+FAQ,,SERP_UNVERIFIED,inheritance-supporting,case,"경주는오랜역사를지닌도시답게조부모,심지어증조부모명의로몇대에걸쳐정리되지않은채남아있는토지가상속상담에자주등장합니다.한필지에여러세대의상속인이얽혀있고그중일"
/업무사례/포항상속포기한정승인,generated,"index,follow",yes,/업무사례/포항상속포기한정승인,포항 상속포기 법무사｜부모님 채무가 … | 다옴법무사사무소,포항 거주 피상속인의 채무가 걱정될 때 3개월 기한 안에 확인할 순서. 재산조회 대기 중에도 기한은 별도로 흐릅니다. 관할 법원은 유지되며 부산 해운대 사무소에서 상담·서류 정리를 돕습니다.,포항 상속포기 법무사｜부모님 채무가 … | 다옴법무사사무소,포항 거주 피상속인의 채무가 걱정될 때 3개월 기한 안에 확인할 순서. 재산조회 대기 중에도 기한은 별도로 흐릅니다. 관할 법원은 유지되며 부산 해운대 사무소에서 상담·서류 정리를 돕습니다.,포항에서 상속포기·한정승인을 검토하는 순서,검색하신 포항 질문에 대한 답변 | 지점이 아니라는 점 | 거리가 있어도 서류를 먼저 확인하는 방법 | 포항 고유 상담 상황 | 재산유형별 확인사항 | 안윤정 법무사 직접 확인 | 보수와 공과금 구분 | 상담 전 준비하면 좋은 정보,"포항에 거주하시던 부모님이 돌아가신 뒤 채무가 있는지 불확실하면 상속등기부터 서두르기보다 상속포기·한정승인 여부를 먼저 검토하는 것이 안전합니다. 포항은 제철소 관련 사업체나 개인 간 보증채무가 뒤늦게 확인되는 경우가 있고, 아파트·상가 등 부동산은 있지만 채무 여부가 정확히 파악되지 않은 상태로 상담을 시작하는 경우가 많습니다. 상속포기·한정승인은 상속등기와 달리 관할 특례가 적용되지 않고 피상속인의 최후 주소지를 관할하는 가정법원에 신고합니다. 포항에 거주하셨다면 포항지방법원이 관할인 경우가 많으며, 부산 해운대 사무소에서 상담과 서류 준비를 도와드리더라도 법원 관할 자체는 그대로 유지됩니다. 재산조회(안심상속 원스톱서비스) 결과를 기다리는 동안에도 사망일로부터 3개월이라는 고려기간은 별도로 흐르고 있어, 결과가 늦어진다는 이유만으로 기한이 늘어나지 않는다는 점을 먼저 안내합니다. 상속인이 부산·수도권 등 포항 밖에 거주해도 서류는 사진·우편으로 먼저 정리할 수 있지만, 가정법원",777,2,/경상도비대면상속등기::포항 상속포기·한정승인 || /업무사례/포항상속등기법무사::포항상속포기한정승인,경북 법무사 업무>/업무사례/경북법무사업무 || 업무사례/포항상속등기법무사>/업무사례/포항상속등기법무사 || 부모빚상속방법>/부모빚상속방법 || 전국비대면법무사>/업무사례/전국비대면법무사 || 포항 상속포기·한정승인 상담>/contact/inquiry?from=nationwide&region=%EA%B2%BD%EB%B6%81%20%ED%8F%AC%ED%95%AD&field=inheritance-renunciation || 부산에서 법무사 찾을 때 허브로 돌아가기>/부산법무사 || 해운대·센텀 법무사 상담>/해운대법무사 || 센텀 법인·부동산 등기>/센텀법무사 || 부산 여성 법무사 상담>/부산여성법무사 || 부산 상속등기 절차>/부산상속등기 || 부산 법인등기 안내>/부산법인등기 || 부산 부동산등기>/부산부동산등기,홈 > 업무 사례 > 경북 지역 업무사례 > 포항,yes,WebPage+FAQ,,SERP_UNVERIFIED,renunciation-supporting,case,포항에거주하시던부모님이돌아가신뒤채무가있는지불확실하면상속등기부터서두르기보다상속포기·한정승인여부를먼저검토하는것이안전합니다.포항은제철소관련사업체나개인
/업무사례/문경상속등기법무사,generated,"index,follow",yes,/업무사례/문경상속등기법무사,문경 상속등기 법무사｜문경새재 인근 … | 다옴법무사사무소,"문경새재 관광지 인근 전원주택과 농지가 함께 상속될 때 준비 순서. 충북에 거주하는 상속인도 진행 가능한지 안내합니다. 부산 해운대 사무소, 문경 지점 없음.",문경 상속등기 법무사｜문경새재 인근 … | 다옴법무사사무소,"문경새재 관광지 인근 전원주택과 농지가 함께 상속될 때 준비 순서. 충북에 거주하는 상속인도 진행 가능한지 안내합니다. 부산 해운대 사무소, 문경 지점 없음.","문경 전원주택·농지 상속, 충북 거주 상속인이 확인할 순서",검색하신 문경 질문에 대한 답변 | 지점이 아니라는 점 | 거리가 있어도 서류를 먼저 확인하는 방법 | 문경 고유 상담 상황 | 재산유형별 확인사항 | 안윤정 법무사 직접 확인 | 보수와 공과금 구분 | 상담 전 준비하면 좋은 정보,"문경시는 문경새재 도립공원을 중심으로 관광객이 많이 찾는 지역이면서도, 실제로는 충청북도 괴산·제천과 경계를 맞대고 있어 상속인이 충북에 거주하는 경우가 드물지 않습니다. 부모님이 문경새재 인근에 전원주택을 지어 노후를 보내시다 돌아가시면, 전원주택과 함께 인근 농지·과수원이 상속재산에 포함되는 경우가 많고, 전원주택은 건축물대장상 용도와 실제 이용 현황(농막·창고 증축 등)이 다른 경우가 있어 확인이 필요합니다. 문경시의 부동산 등기는 문경등기소가 관할하지만, 상속포기·한정승인처럼 가정법원에 신고하는 사건은 대구지방법원 상주지원이 관할이며, 상주지원은 상주시·문경시·예천군을 함께 담당합니다. 상속인이 충북이나 수도권에 거주해도 관할은 부동산 소재지나 피상속인 주소지 기준으로 정해지므로 거주지가 경북이 아니라는 이유로 진행이 어려워지지 않습니다. 다옴법무사사무소는 부산 해운대구에 있으며 문경에 별도 지점을 두고 있지 않지만, 상속등기는 부동산 소재지 기준 관할 특례가 적용될 수 있어",739,3,/경상도비대면상속등기::문경 상속등기 || /업무사례/경북법무사업무::문경 상속등기 법무사 || /업무사례/상주상속등기법무사::문경 상속등기 법무사,상주 농지 상속등기>/업무사례/상주상속등기법무사 || 경북 법무사 업무>/업무사례/경북법무사업무 || 경상도비대면상속등기>/경상도비대면상속등기 || 전국비대면법무사>/업무사례/전국비대면법무사 || 문경 상속등기 가능 여부 문의>/contact/inquiry?from=nationwide&region=%EA%B2%BD%EB%B6%81%20%EB%AC%B8%EA%B2%BD&field=inheritance-registration || 부산에서 법무사 찾을 때 허브로 돌아가기>/부산법무사 || 해운대·센텀 법무사 상담>/해운대법무사 || 센텀 법인·부동산 등기>/센텀법무사 || 부산 여성 법무사 상담>/부산여성법무사 || 부산 상속등기 절차>/부산상속등기 || 부산 법인등기 안내>/부산법인등기 || 부산 부동산등기>/부산부동산등기,홈 > 업무 사례 > 경북 지역 업무사례 > 문경,yes,WebPage+FAQ,,SERP_UNVERIFIED,inheritance-supporting,case,"문경시는문경새재도립공원을중심으로관광객이많이찾는지역이면서도,실제로는충청북도괴산·제천과경계를맞대고있어상속인이충북에거주하는경우가드물지않습니다.부모님이"
/업무사례/상주상속등기법무사,generated,"index,follow",yes,/업무사례/상주상속등기법무사,상주 농지 상속등기｜넓은 농지 여러 … | 다옴법무사사무소,"상주시 곶감밭·논밭이 여러 필지로 넓게 흩어져 있을 때 상속등기 목록화 순서를 안내합니다. 부산 해운대 사무소, 상주 지점 없음. 해운대·센텀 다옴법무사사무소에서 전화·카카오톡·방문(예약) 상담이 가능합니다.",상주 농지 상속등기｜넓은 농지 여러 … | 다옴법무사사무소,"상주시 곶감밭·논밭이 여러 필지로 넓게 흩어져 있을 때 상속등기 목록화 순서를 안내합니다. 부산 해운대 사무소, 상주 지점 없음. 해운대·센텀 다옴법무사사무소에서 전화·카카오톡·방문(예약) 상담이 가능합니다.","상주 넓은 농지 상속, 여러 필지를 한 번에 정리하는 순서",검색하신 상주 질문에 대한 답변 | 지점이 아니라는 점 | 거리가 있어도 서류를 먼저 확인하는 방법 | 상주 고유 상담 상황 | 재산유형별 확인사항 | 안윤정 법무사 직접 확인 | 보수와 공과금 구분 | 상담 전 준비하면 좋은 정보,"상주시는 경상북도에서 손꼽히는 농업 도시로, 곶감으로 유명한 감나무밭을 비롯해 논·밭이 넓게 펼쳐져 있어 한 분의 상속재산이라도 필지가 십여 개 이상으로 나뉘어 있는 경우가 드물지 않습니다. 필지가 많으면 상속인이 정확한 필지 수와 위치조차 파악하지 못한 채 상담을 시작하는 경우가 많아, 등기부등본과 지방세 열람 내역을 함께 조회해 누락된 필지가 있는지부터 확인하는 절차가 필요합니다. 곶감밭 등 특정 작물을 위한 농지는 지목이 '과수원'인지 '전'인지에 따라 취득세 산정이 달라질 수 있고, 여러 필지를 한 번에 협의분할하려면 지분 배분 방식도 함께 검토해야 합니다. 상주시의 부동산 등기는 상주지원 등기계가 관할하며, 상주지원은 상주시뿐 아니라 문경시·예천군의 재판 사건도 함께 담당합니다. 다옴법무사사무소는 부산 해운대구에 있으며 상주에 별도 지점을 두고 있지 않지만, 상속등기는 부동산 소재지 기준 관할 특례가 적용될 수 있어 해운대 사무소에서 상담부터 신청까지 진행 가능한지 사건별로",755,2,/업무사례/경북법무사업무::상주 농지 상속등기 || /업무사례/문경상속등기법무사::상주 농지 상속등기,문경 상속등기 법무사>/업무사례/문경상속등기법무사 || 경북 법무사 업무>/업무사례/경북법무사업무 || 경북 토지 상속등기>/업무사례/경북토지상속등기 || 경북 농지 상속등기>/업무사례/경북농지상속등기 || 전국상속부동산일괄등기>/업무사례/전국상속부동산일괄등기 || 전국비대면법무사>/업무사례/전국비대면법무사 || 상주 농지 상속등기 상담>/contact/inquiry?from=nationwide&region=%EA%B2%BD%EB%B6%81%20%EC%83%81%EC%A3%BC&field=inheritance-registration || 부산에서 법무사 찾을 때 허브로 돌아가기>/부산법무사 || 해운대·센텀 법무사 상담>/해운대법무사 || 센텀 법인·부동산 등기>/센텀법무사 || 부산 여성 법무사 상담>/부산여성법무사 || 부산 상속등기 절차>/부산상속등기,홈 > 업무 사례 > 경북 지역 업무사례 > 상주,yes,WebPage+FAQ,,SERP_UNVERIFIED,inheritance-supporting,case,"상주시는경상북도에서손꼽히는농업도시로,곶감으로유명한감나무밭을비롯해논·밭이넓게펼쳐져있어한분의상속재산이라도필지가십여개이상으로나뉘어있는경우가드물지않습니"
/업무사례/청도상속등기법무사,generated,"index,follow",yes,/업무사례/청도상속등기법무사,청도 상속등기 법무사｜대구 거주 상속… | 다옴법무사사무소,"청도군 감나무밭·과수원 등 농지가 대구 거주 상속인에게 남겨졌을 때 처리 순서. 아파트 중심인 경산과 다른 농지·과수원 특성을 구분합니다. 부산 해운대 사무소, 청도 지점 없음.",청도 상속등기 법무사｜대구 거주 상속… | 다옴법무사사무소,"청도군 감나무밭·과수원 등 농지가 대구 거주 상속인에게 남겨졌을 때 처리 순서. 아파트 중심인 경산과 다른 농지·과수원 특성을 구분합니다. 부산 해운대 사무소, 청도 지점 없음.","청도 농지·과수원 상속, 대구 거주 상속인이 확인할 순서",검색하신 청도 질문에 대한 답변 | 지점이 아니라는 점 | 거리가 있어도 서류를 먼저 확인하는 방법 | 청도 고유 상담 상황 | 재산유형별 확인사항 | 안윤정 법무사 직접 확인 | 보수와 공과금 구분 | 상담 전 준비하면 좋은 정보,"청도군은 대구광역시와 바로 맞닿아 있어 대구에 거주하며 청도에 감나무밭이나 과수원, 전원주택을 소유한 경우가 많은 지역입니다. 같은 대구 인접 지역이라도 경산은 아파트·주택 단지가 밀집한 도시형 생활권인 반면, 청도는 여전히 반시(감)와 복숭아 등 과수 농업이 중심인 농촌형 지역이라 상속재산 구성 자체가 다릅니다. 부모님이 청도에서 농사를 지으시던 경우 과수원·전답과 함께 오래된 농가주택이 상속재산에 포함되는 경우가 많고, 지목이 과수원인지 밭인지에 따라 취득세 계산이 달라질 수 있습니다. 청도군의 부동산 등기는 청도등기소가 관할하며, 청도군은 별도 지원 없이 대구지방법원 본원이 재판·가사 사건을 직접 담당합니다. 다옴법무사사무소는 부산 해운대구에 있으며 청도에 별도 지점을 두고 있지 않지만, 상속등기는 부동산 소재지 기준 관할 특례가 적용될 수 있어 해운대 사무소에서 상담부터 신청까지 진행 가능한지 사건별로 검토합니다. 대구에 거주하는 상속인은 등기부등본·가족관계증명서 사진으로 먼",727,1,/업무사례/경북법무사업무::청도 상속등기 법무사,경북 법무사 업무>/업무사례/경북법무사업무 || 경산상속등기법무사>/업무사례/경산상속등기법무사 || 경상도비대면상속등기>/경상도비대면상속등기 || 전국비대면법무사>/업무사례/전국비대면법무사 || 청도 상속등기 가능 여부 문의>/contact/inquiry?from=nationwide&region=%EA%B2%BD%EB%B6%81%20%EC%B2%AD%EB%8F%84&field=inheritance-registration || 부산에서 법무사 찾을 때 허브로 돌아가기>/부산법무사 || 해운대·센텀 법무사 상담>/해운대법무사 || 센텀 법인·부동산 등기>/센텀법무사 || 부산 여성 법무사 상담>/부산여성법무사 || 부산 상속등기 절차>/부산상속등기 || 부산 법인등기 안내>/부산법인등기 || 부산 부동산등기>/부산부동산등기,홈 > 업무 사례 > 경북 지역 업무사례 > 청도,yes,WebPage+FAQ,,SERP_UNVERIFIED,inheritance-supporting,case,"청도군은대구광역시와바로맞닿아있어대구에거주하며청도에감나무밭이나과수원,전원주택을소유한경우가많은지역입니다.같은대구인접지역이라도경산은아파트·주택단지가밀"
/업무사례/울진상속등기법무사,generated,"index,follow",yes,/업무사례/울진상속등기법무사,울진 비대면 상속등기｜동해안 원거리 … | 다옴법무사사무소,"울진군은 부산에서 왕복이 오래 걸리는 경북 동해안 최북단 지역입니다. 방문 부담을 줄이는 준비 순서와 영덕 인접 필지 확인 방법을 안내합니다. 부산 해운대 사무소, 울진 지점 없음.",울진 비대면 상속등기｜동해안 원거리 … | 다옴법무사사무소,"울진군은 부산에서 왕복이 오래 걸리는 경북 동해안 최북단 지역입니다. 방문 부담을 줄이는 준비 순서와 영덕 인접 필지 확인 방법을 안내합니다. 부산 해운대 사무소, 울진 지점 없음.","울진 상속등기, 동해안 원거리 방문 부담부터 줄이는 방법",울진 업무 가능 여부 | 부산 해운대 사무소라는 안내 | 관할 특례와 법정 관할 | 울진에서 자주 문의되는 상황 | 방문 상담이 적합한 경우 | 비대면으로 먼저 검토하는 경우 | 필요서류·비용·절차 | 관련 지역·업무로 이어가기,"울진군은 경상북도 동해안 최북단에 있어 부산에서는 물론 대구에서도 이동에 오랜 시간이 걸리는 원거리 지역입니다. 어촌 마을 주택과 인근 밭, 해안 산자락 임야가 함께 상속재산에 포함되는 경우가 많고, 거리가 있는 만큼 상속인이 왕복 방문 자체를 부담스러워하는 경우가 대부분입니다. 이런 경우 등기부등본·가족관계증명서 확인과 협의분할 조율까지는 비대면으로 진행하고, 인감증명서 등 원본이 꼭 필요한 서류만 모아 방문을 최소화하는 방향으로 순서를 설계하는 것이 중요합니다. 울진군과 접한 영덕군에도 인접한 필지가 함께 있는 경우가 있는데, 두 지역 모두 대구지방법원 영덕지원이 재판관할을 담당하고 있어 울진 상담 과정에서 영덕 인접 필지도 함께 검토할 수 있습니다. 울진군의 부동산 등기는 울진등기소가 관할합니다. 다옴법무사사무소는 부산 해운대구에 있으며 울진에 별도 지점을 두고 있지 않지만, 상속등기는 부동산 소재지 기준 관할 특례가 적용될 수 있어 해운대 사무소에서 상담부터 신청까지 진행 가",760,4,/경상도비대면상속등기::울진 비대면 상속등기 || /상속::울진 비대면 상속등기 || /업무사례/영덕봉화상속등기법무사::울진 비대면 상속등기 || /업무사례/청송영양상속등기법무사::울진 비대면 상속등기,경북 법무사 업무>/업무사례/경북법무사업무 || 경상도비대면상속등기>/경상도비대면상속등기 || 전국비대면법무사>/업무사례/전국비대면법무사 || 울진 비대면 상속등기 상담>/contact/inquiry?from=nationwide&region=%EA%B2%BD%EB%B6%81%20%EC%9A%B8%EC%A7%84&field=inheritance-registration || 부산에서 법무사 찾을 때 허브로 돌아가기>/부산법무사 || 해운대·센텀 법무사 상담>/해운대법무사 || 센텀 법인·부동산 등기>/센텀법무사 || 부산 여성 법무사 상담>/부산여성법무사 || 부산 상속등기 절차>/부산상속등기 || 부산 법인등기 안내>/부산법인등기 || 부산 부동산등기>/부산부동산등기 || 부산 등기 법무사>/부산등기법무사,홈 > 업무 사례 > 경북 지역 업무사례 > 울진,yes,WebPage+FAQ,,SERP_UNVERIFIED,inheritance-supporting,case,"울진군은경상북도동해안최북단에있어부산에서는물론대구에서도이동에오랜시간이걸리는원거리지역입니다.어촌마을주택과인근밭,해안산자락임야가함께상속재산에포함되는경"
/업무사례/영주상속등기법무사,generated,"index,follow",yes,/업무사례/영주상속등기법무사,영주 상속등기 법무사｜경북 영주시 주… | 다옴법무사사무소,"경북 영주시 주택·농지 상속등기 안내. 부산 영주동과는 다른 지역이므로 먼저 구분해 드립니다. 경북 북부 지역 특성도 함께 설명합니다. 부산 해운대 사무소, 영주 지점 없음.",영주 상속등기 법무사｜경북 영주시 주… | 다옴법무사사무소,"경북 영주시 주택·농지 상속등기 안내. 부산 영주동과는 다른 지역이므로 먼저 구분해 드립니다. 경북 북부 지역 특성도 함께 설명합니다. 부산 해운대 사무소, 영주 지점 없음.","경북 영주 상속부동산, 부산 영주동과 헷갈리지 않게 정리하기",검색하신 영주 질문에 대한 답변 | 지점이 아니라는 점 | 거리가 있어도 서류를 먼저 확인하는 방법 | 영주 고유 상담 상황 | 재산유형별 확인사항 | 안윤정 법무사 직접 확인 | 보수와 공과금 구분 | 상담 전 준비하면 좋은 정보,"'영주'라는 지명은 경상북도 영주시와 부산광역시 부산진구 영주동, 두 곳에서 모두 쓰입니다. 경북 영주시는 소백산 자락에 있는 경북 북부 도시로 인삼밭·사과 과수원 등 농지가 많고, 부산 영주동은 부산역 인근의 오래된 시가지 동입니다. 두 지역은 행정구역도, 관할 법원·등기소도 전혀 달라서 검색으로 영주 상속등기를 찾으셨다면 어느 영주인지부터 확인하는 것이 중요합니다. 이 페이지는 경상북도 영주시를 기준으로 안내합니다. 영주시는 시내 주택과 인삼밭·과수원 농지가 함께 상속되는 경우가 많고, 소백산 자락 임야가 섞여 있는 경우도 있습니다. 영주시의 부동산 등기는 영주등기소가 관할하지만, 상속포기·한정승인처럼 가정법원에 신고하는 사건은 대구지방법원 안동지원이 관할이며, 안동지원은 안동시·영주시·봉화군을 함께 담당합니다. 다옴법무사사무소는 부산 해운대구에 있으며 영주에 별도 지점을 두고 있지 않지만, 상속등기는 부동산 소재지 기준 관할 특례가 적용될 수 있어 해운대 사무소에서 상담부터 신",714,0,,경북 법무사 업무>/업무사례/경북법무사업무 || 안동 상속등기 법무사>/업무사례/안동상속등기법무사 || 경상도비대면상속등기>/경상도비대면상속등기 || 전국비대면법무사>/업무사례/전국비대면법무사 || 영주 상속등기 가능 여부 문의>/contact/inquiry?from=nationwide&region=%EA%B2%BD%EB%B6%81%20%EC%98%81%EC%A3%BC&field=inheritance-registration || 부산에서 법무사 찾을 때 허브로 돌아가기>/부산법무사 || 해운대·센텀 법무사 상담>/해운대법무사 || 센텀 법인·부동산 등기>/센텀법무사 || 부산 여성 법무사 상담>/부산여성법무사 || 부산 상속등기 절차>/부산상속등기 || 부산 법인등기 안내>/부산법인등기 || 부산 부동산등기>/부산부동산등기,홈 > 업무 사례 > 경북 지역 업무사례 > 영주,yes,WebPage+FAQ,,SERP_UNVERIFIED,inheritance-supporting,case,"'영주'라는지명은경상북도영주시와부산광역시부산진구영주동,두곳에서모두쓰입니다.경북영주시는소백산자락에있는경북북부도시로인삼밭·사과과수원등농지가많고,부산"
/업무사례/의성상속등기법무사,generated,"index,follow",yes,/업무사례/의성상속등기법무사,의성 상속등기 법무사｜마늘 농지·전원… | 다옴법무사사무소,"의성 마늘밭·논밭과 읍내 전원주택이 함께 상속될 때 준비 순서. 수도권·부산 거주 상속인도 진행 가능한지 안내합니다. 부산 해운대 사무소, 의성 지점 없음.",의성 상속등기 법무사｜마늘 농지·전원… | 다옴법무사사무소,"의성 마늘밭·논밭과 읍내 전원주택이 함께 상속될 때 준비 순서. 수도권·부산 거주 상속인도 진행 가능한지 안내합니다. 부산 해운대 사무소, 의성 지점 없음.","의성 마늘 농지·전원주택 상속, 타지역 상속인이 확인할 순서",검색하신 의성 질문에 대한 답변 | 지점이 아니라는 점 | 거리가 있어도 서류를 먼저 확인하는 방법 | 의성 고유 상담 상황 | 재산유형별 확인사항 | 안윤정 법무사 직접 확인 | 보수와 공과금 구분 | 상담 전 준비하면 좋은 정보,"의성군은 경북 중북부 내륙의 대표 농업 지역으로, 특히 의성 마늘로 알려진 밭과 논·과수원이 넓게 펼쳐져 있습니다. 부모님이 평생 마늘·밭농사를 지으시다 돌아가시면 마늘밭 필지가 여러 개로 나뉘어 있고, 여기에 의성읍·안계면 인근 전원주택이나 창고·건조장이 함께 상속재산에 포함되는 경우가 많습니다. 마늘밭은 지목이 '전'인지 '과수원'인지, 실제 경작 현황과 등기부 표시가 다른지에 따라 취득세 산정과 협의분할 방식이 달라질 수 있어 필지 목록화부터 시작하는 것이 안전합니다. 건조장·보관창고처럼 농사 부대시설이 있으면 건축물대장 등재 여부도 함께 확인해야 누락된 건물이 없는지 알 수 있습니다. 의성군의 부동산 등기는 대구지방법원 의성지원 등기계가 관할하며, 상속포기·한정승인처럼 가정법원에 신고하는 사건도 의성지원이 담당하는 경우가 많아 등기와 포기 관할을 같은 지원 기준으로 안내할 수 있습니다. 상속인이 이미 서울·부산·대구 등 타지역에 거주해 의성까지 왕복이 부담스러운 경우가 대부분",887,0,,경북 법무사 업무>/업무사례/경북법무사업무 || 안동 상속등기 법무사>/업무사례/안동상속등기법무사 || 김천 상속등기 법무사>/업무사례/김천상속등기법무사 || 전국비대면법무사>/업무사례/전국비대면법무사 || 경상도비대면상속등기>/경상도비대면상속등기 || 의성 상속등기 가능 여부 문의>/contact/inquiry?from=nationwide&region=%EA%B2%BD%EB%B6%81%20%EC%9D%98%EC%84%B1&field=inheritance-registration || 부산에서 법무사 찾을 때 허브로 돌아가기>/부산법무사 || 해운대·센텀 법무사 상담>/해운대법무사 || 센텀 법인·부동산 등기>/센텀법무사 || 부산 여성 법무사 상담>/부산여성법무사 || 부산 상속등기 절차>/부산상속등기 || 부산 법인등기 안내>/부산법인등기,홈 > 업무 사례 > 경북 지역 업무사례 > 의성,yes,WebPage+FAQ,,SERP_UNVERIFIED,inheritance-supporting,case,"의성군은경북중북부내륙의대표농업지역으로,특히의성마늘로알려진밭과논·과수원이넓게펼쳐져있습니다.부모님이평생마늘·밭농사를지으시다돌아가시면마늘밭필지가여러개"
/업무사례/영덕봉화상속등기법무사,generated,"index,follow",yes,/업무사례/영덕봉화상속등기법무사,영덕·봉화 상속등기 법무사｜해안 어촌… | 다옴법무사사무소,"영덕 해안 주택·어촌 토지와 봉화 산간 임야·농지가 함께 상속될 때 묶음 검토 순서. 부산 해운대 사무소, 영덕·봉화 지점 없음. 해운대·센텀 다옴법무사사무소에서 전화·카카오톡·방문(예약) 상담이 가능합니다.",영덕·봉화 상속등기 법무사｜해안 어촌… | 다옴법무사사무소,"영덕 해안 주택·어촌 토지와 봉화 산간 임야·농지가 함께 상속될 때 묶음 검토 순서. 부산 해운대 사무소, 영덕·봉화 지점 없음. 해운대·센텀 다옴법무사사무소에서 전화·카카오톡·방문(예약) 상담이 가능합니다.","영덕 해안·봉화 산간 상속, 두 군 부동를 한 번에 보는 순서",검색하신 영덕·봉화 질문에 대한 답변 | 지점이 아니라는 점 | 거리가 있어도 서류를 먼저 확인하는 방법 | 영덕·봉화 고유 상담 상황 | 재산유형별 확인사항 | 안윤정 법무사 직접 확인 | 보수와 공과금 구분 | 상담 전 준비하면 좋은 정보,"영덕군은 동해안 대게·어촌으로 알려진 해안 지역이고, 봉화군은 백두대간 산자락의 산간·고랭지 농업 지역입니다. 한 집안의 상속재산에 영덕 강구·축산 인근 어촌 주택과 밭, 봉화 춘양·석포 쪽 임야·밭이 함께 남아 있는 경우가 있고, 상속인은 이미 수도권이나 부산에 거주해 두 군을 각각 왕복하기 어려운 상황이 많습니다. 해안과 산간이 한 상속재산에 섞이면 지목·이용 현황도 전혀 달라서, 처음부터 군별로 필지를 나눠 목록화하는 것이 중요합니다. 영덕 부동산 등기는 대구지방법원 영덕지원 등기계가, 봉화 부동산 등기는 봉화등기소가 관할하며, 상속포기·한정승인 신고는 영덕은 영덕지원, 봉화는 안동지원(안동·영주·봉화) 기준으로 달라질 수 있어 지역별로 관할을 구분해 안내합니다. 해안 어촌 토지는 지목과 진입로·공유수면 인접 여부를, 산간 임야는 임야대장·지적도와 실제 경계 현황을 함께 확인하는 것이 중요합니다. 울진 쪽 인접 필지가 더 섞여 있으면 목록에 함께 적어 주시면 영덕 상담 과정에서",930,0,,경북 법무사 업무>/업무사례/경북법무사업무 || 울진 비대면 상속등기>/업무사례/울진상속등기법무사 || 안동 상속등기 법무사>/업무사례/안동상속등기법무사 || 전국비대면법무사>/업무사례/전국비대면법무사 || 경상도비대면상속등기>/경상도비대면상속등기 || 영덕·봉화 상속등기 묶음 문의>/contact/inquiry?from=nationwide&region=%EA%B2%BD%EB%B6%81%20%EC%98%81%EB%8D%95%C2%B7%EB%B4%89%ED%99%94&field=inheritance-registration || 부산에서 법무사 찾을 때 허브로 돌아가기>/부산법무사 || 해운대·센텀 법무사 상담>/해운대법무사 || 센텀 법인·부동산 등기>/센텀법무사 || 부산 여성 법무사 상담>/부산여성법무사 || 부산 상속등기 절차>/부산상속등기 || 부산 법인등기 안내>/부산법인등기,홈 > 업무 사례 > 경북 지역 업무사례 > 영덕·봉화,yes,WebPage+FAQ,,SERP_UNVERIFIED,inheritance-supporting,case,"영덕군은동해안대게·어촌으로알려진해안지역이고,봉화군은백두대간산자락의산간·고랭지농업지역입니다.한집안의상속재산에영덕강구·축산인근어촌주택과밭,봉화춘양·"
/업무사례/청송영양상속등기법무사,generated,"index,follow",yes,/업무사례/청송영양상속등기법무사,청송·영양 상속등기 법무사｜사과 과수… | 다옴법무사사무소,"청송 사과 과수원과 영양 고원 농지·임야가 함께 상속될 때 묶음 검토 순서. 타지역 상속인도 가능 여부를 안내합니다. 부산 해운대 사무소, 청송·영양 지점 없음.",청송·영양 상속등기 법무사｜사과 과수… | 다옴법무사사무소,"청송 사과 과수원과 영양 고원 농지·임야가 함께 상속될 때 묶음 검토 순서. 타지역 상속인도 가능 여부를 안내합니다. 부산 해운대 사무소, 청송·영양 지점 없음.","청송 사과·영양 고원 상속, 두 군 과수원·농지를 묶는 순서",청송·영양 업무 가능 여부 | 부산 해운대 사무소라는 안내 | 관할 특례와 법정 관할 | 청송·영양에서 자주 문의되는 상황 | 방문 상담이 적합한 경우 | 비대면으로 먼저 검토하는 경우 | 필요서류·비용·절차 | 관련 지역·업무로 이어가기,"청송군은 주왕산과 함께 사과 과수원으로 널리 알려진 경북 북부 내륙 군이고, 영양군은 산간 고원 지대에서 고추·밭농사와 임야가 많은 지역입니다. 부모님이 청송에서 사과농사를, 영양 쪽에 밭이나 산지를 함께 남기신 경우 한 번의 상속 상담에서 두 군 필지를 같이 봐야 하는 일이 생깁니다. 과수원과 고원 농지는 취득세·협의분할 기준이 달라질 수 있어, 처음부터 군·지목별로 목록을 나누는 것이 안전합니다. 청송 부동산 등기는 청송등기소, 영양은 영양등기소가 관할하며, 상속포기·한정승인 신고는 청송이 의성지원(의성·청송 등), 영양이 영덕지원(영덕·울진·영양) 기준으로 달라질 수 있어 관할을 구분해 안내합니다. 사과 과수원은 지목이 '과수원'인지 '전'인지, 시설물(저온저장고·하우스)이 건축물대장에 반영되어 있는지에 따라 확인 범위가 달라지고, 고원 농지·임야는 경사지·진입로 여부를 지적도와 함께 보는 경우가 많습니다. 상속인이 이미 타지역에 거주해 청송·영양 왕복이 부담스러운 경우가 대부",850,0,,경북 법무사 업무>/업무사례/경북법무사업무 || 안동 상속등기 법무사>/업무사례/안동상속등기법무사 || 울진 비대면 상속등기>/업무사례/울진상속등기법무사 || 전국비대면법무사>/업무사례/전국비대면법무사 || 경상도비대면상속등기>/경상도비대면상속등기 || 청송·영양 상속등기 묶음 문의>/contact/inquiry?from=nationwide&region=%EA%B2%BD%EB%B6%81%20%EC%B2%AD%EC%86%A1%C2%B7%EC%98%81%EC%96%91&field=inheritance-registration || 부산에서 법무사 찾을 때 허브로 돌아가기>/부산법무사 || 해운대·센텀 법무사 상담>/해운대법무사 || 센텀 법인·부동산 등기>/센텀법무사 || 부산 여성 법무사 상담>/부산여성법무사 || 부산 상속등기 절차>/부산상속등기 || 부산 법인등기 안내>/부산법인등기,홈 > 업무 사례 > 경북 지역 업무사례 > 청송·영양,yes,WebPage+FAQ,,SERP_UNVERIFIED,inheritance-supporting,case,"청송군은주왕산과함께사과과수원으로널리알려진경북북부내륙군이고,영양군은산간고원지대에서고추·밭농사와임야가많은지역입니다.부모님이청송에서사과농사를,영양쪽에"
/업무사례/고령성주상속등기법무사,generated,"index,follow",yes,/업무사례/고령성주상속등기법무사,고령·성주 상속등기 법무사｜딸기·참외… | 다옴법무사사무소,"고령 딸기 하우스와 성주 참외 농지가 함께 상속될 때 묶음 검토 순서. 대구·부산 거주 상속인도 가능 여부를 안내합니다. 부산 해운대 사무소, 고령·성주 지점 없음.",고령·성주 상속등기 법무사｜딸기·참외… | 다옴법무사사무소,"고령 딸기 하우스와 성주 참외 농지가 함께 상속될 때 묶음 검토 순서. 대구·부산 거주 상속인도 가능 여부를 안내합니다. 부산 해운대 사무소, 고령·성주 지점 없음.","고령 딸기·성주 참외 상속, 두 군 농지를 묶어서 보는 순서",고령·성주 업무 가능 여부 | 부산 해운대 사무소라는 안내 | 관할 특례와 법정 관할 | 고령·성주에서 자주 문의되는 상황 | 방문 상담이 적합한 경우 | 비대면으로 먼저 검토하는 경우 | 필요서류·비용·절차 | 관련 지역·업무로 이어가기,"고령군은 대가야읍을 중심으로 딸기 시설재배가 활발한 대구 서부 인접 군이고, 성주군은 참외로 유명한 농업 지역입니다. 부모님이 고령에서 딸기 하우스를, 성주에서 참외 밭을 함께 운영하시다 돌아가시면 두 군 농지와 하우스·주택이 한 상속재산에 섞이는 경우가 많습니다. 시설재배 농지는 일반 노지 농지보다 부대시설 확인이 많아, 처음부터 하우스·저장고·주택을 필지 목록에 함께 올리는 것이 중요합니다. 고령 부동산 등기는 고령등기소, 성주는 성주등기소가 관할하며, 두 등기소 모두 대구지방법원 서부지원 소속으로 안내되는 경우가 많아 인접 군 묶음 검토에 적합합니다. 상속포기·한정승인 신고도 서부지원(고령·성주) 기준으로 확인하는 경우가 많습니다. 시설하우스·비닐하우스는 건축물대장 등재 여부와 지목(전·과수원·잡종지 등)이 실제 이용과 다른 경우가 있어, 등기부만으로 판단하지 않고 건축물대장·토지이용계획확인서를 함께 보는 것이 안전합니다. 상속인이 대구·부산 등 인근 도시에 거주해도 농장까지 ",869,0,,경북 법무사 업무>/업무사례/경북법무사업무 || 칠곡 상속등기 법무사>/업무사례/칠곡상속등기법무사 || 김천 상속등기 법무사>/업무사례/김천상속등기법무사 || 전국비대면법무사>/업무사례/전국비대면법무사 || 경상도비대면상속등기>/경상도비대면상속등기 || 고령·성주 상속등기 묶음 문의>/contact/inquiry?from=nationwide&region=%EA%B2%BD%EB%B6%81%20%EA%B3%A0%EB%A0%B9%C2%B7%EC%84%B1%EC%A3%BC&field=inheritance-registration || 부산에서 법무사 찾을 때 허브로 돌아가기>/부산법무사 || 해운대·센텀 법무사 상담>/해운대법무사 || 센텀 법인·부동산 등기>/센텀법무사 || 부산 여성 법무사 상담>/부산여성법무사 || 부산 상속등기 절차>/부산상속등기 || 부산 법인등기 안내>/부산법인등기,홈 > 업무 사례 > 경북 지역 업무사례 > 고령·성주,yes,WebPage+FAQ,,SERP_UNVERIFIED,inheritance-supporting,case,"고령군은대가야읍을중심으로딸기시설재배가활발한대구서부인접군이고,성주군은참외로유명한농업지역입니다.부모님이고령에서딸기하우스를,성주에서참외밭을함께운영하시"
/glossary/inheritance-registration,generated,"noindex,follow",no,/부산상속등기,상속등기 용어 확인 | 다옴법무사사무소,상속등기는 피상속인이 남긴 부동산 등기부상 권리를 상속인 명의로 옮기는 절차입니다. 신청·등기 절차의 대표 안내는 부산 상속등기에서 확인합니다.,상속등기 용어 확인 | 다옴법무사사무소,상속등기는 피상속인이 남긴 부동산 등기부상 권리를 상속인 명의로 옮기는 절차입니다. 신청·등기 절차의 대표 안내는 부산 상속등기에서 확인합니다.,상속등기,상속등기에서 자주 헷갈리는 점 | 상속등기에서 법무사가 맡는 범위 | 상속등기 대표 업무 안내,"피상속인이 남긴 부동산 등기부상 권리를 상속인 명의로 옮기는 절차입니다. 피상속인이 남긴 부동산 등기부상 권리를 상속인 명의로 옮기는 절차입니다. 상속은 사망과 함께 시작되지만 등기부는 자동으로 바뀌지 않습니다. 처분·대출·임대 승계를 하려면 상속인 명의 소유권이전등기가 필요합니다. 채무가 불명확하면 등기보다 포기·한정승인을 먼저 봅니다. 상속등기의 신청 순서는 부산 상속등기에서 확인합니다. 상속등기의 준비서류는 부산 상속등기에서 확인합니다. 상속인 일부가 연락되지 않거나 미성년·해외인 경우 대습상속·전혼 자녀를 빠뜨린 경우 채무 조사 없이 등기만 진행한 경우 상속등기에서 자주 헷갈리는 점 상속등기의 신청·등기 절차 전체는 부산 상속등기이 기준입니다. 상속인 일부가 연락되지 않거나 미성년·해외인 경우 대습상속·전혼 자녀를 빠뜨린 경우 채무 조사 없이 등기만 진행한 경우 상속등기에서 법무사가 맡는 범위 법무사는 상속등기 신청, 협의서 등 등기 서류, 취득세·등록면허세 납부 연계를 맡습",170,1,/glossary::상속등기,부산 상속등기>/부산상속등기 || 상속등기 자가진단>/상속등기자가진단 || 부동산등기 자가진단>/부동산등기자가진단 || 용어 목록>/glossary || 상황별 안내>/situations || 전화 010-4277-1279>tel:01042771279 || 카카오톡 상담>https://pf.kakao.com/_Bvhxnn/chat || 네이버 톡톡>https://talk.naver.com/ct/w661kd4 || 오시는 길>/location || 홈>/ || 용어 안내>/glossary,홈 > 용어 안내 > 상속등기,no,WebPage,,SERP_UNVERIFIED,other,glossary,피상속인이남긴부동산등기부상권리를상속인명의로옮기는절차입니다.피상속인이남긴부동산등기부상권리를상속인명의로옮기는절차입니다.상속은사망과함께시작되지만등기부
/glossary/inheritance-renunciation,generated,"noindex,follow",no,/부산상속포기,상속포기 용어 확인 | 다옴법무사사무소,상속포기는 상속인이 상속재산과 채무를 모두 포기하고 상속인 지위를 버리는 신고입니다. 신청·등기 절차의 대표 안내는 부산 상속포기에서 확인합니다.,상속포기 용어 확인 | 다옴법무사사무소,상속포기는 상속인이 상속재산과 채무를 모두 포기하고 상속인 지위를 버리는 신고입니다. 신청·등기 절차의 대표 안내는 부산 상속포기에서 확인합니다.,상속포기,상속포기에서 자주 헷갈리는 점 | 상속포기에서 법무사가 맡는 범위 | 상속포기 대표 업무 안내,상속인이 상속재산과 채무를 모두 포기하고 상속인 지위를 버리는 신고입니다. 상속인이 상속재산과 채무를 모두 포기하고 상속인 지위를 버리는 신고입니다. 상속포기는 재산과 채무를 모두 받지 않겠다고 가정법원에 신고하는 절차입니다. 포기가 수리되면 처음부터 상속인이 아니었던 것처럼 처리됩니다. 이미 예금을 쓰거나 물건을 처분했다면 포기가 제한될 수 있습니다. 상속포기의 신청 순서는 부산 상속포기에서 확인합니다. 상속포기의 준비서류는 부산 상속포기에서 확인합니다. 기한 직전 서류 미비 일부만 포기해 후순위 부담이 바뀌는 경우 단순승인으로 볼 행위가 있는 경우 상속포기에서 자주 헷갈리는 점 상속포기의 신청·등기 절차 전체는 부산 상속포기이 기준입니다. 기한 직전 서류 미비 일부만 포기해 후순위 부담이 바뀌는 경우 단순승인으로 볼 행위가 있는 경우 상속포기에서 법무사가 맡는 범위 법무사는 상속포기 신고 서류 작성과 가정법원 제출을 맡습니다. 상속포기 대표 업무 안내 상속포기의 신청·등기·기한·,163,1,/glossary::상속포기,부산 상속포기>/부산상속포기 || 상속포기 자가진단>/상속포기자가진단 || 한정승인 자가진단>/한정승인자가진단 || 용어 목록>/glossary || 상황별 안내>/situations || 전화 010-4277-1279>tel:01042771279 || 카카오톡 상담>https://pf.kakao.com/_Bvhxnn/chat || 네이버 톡톡>https://talk.naver.com/ct/w661kd4 || 오시는 길>/location || 홈>/ || 용어 안내>/glossary,홈 > 용어 안내 > 상속포기,no,WebPage,,SERP_UNVERIFIED,other,glossary,상속인이상속재산과채무를모두포기하고상속인지위를버리는신고입니다.상속인이상속재산과채무를모두포기하고상속인지위를버리는신고입니다.상속포기는재산과채무를모두받
/glossary/qualified-acceptance,generated,"noindex,follow",no,/부산한정승인,한정승인 용어 확인 | 다옴법무사사무소,한정승인은 상속인이 상속재산 한도 내에서만 피상속인의 채무를 변제하는 승인 방식입니다. 신청·등기 절차의 대표 안내는 부산 한정승인에서 확인합니다.,한정승인 용어 확인 | 다옴법무사사무소,한정승인은 상속인이 상속재산 한도 내에서만 피상속인의 채무를 변제하는 승인 방식입니다. 신청·등기 절차의 대표 안내는 부산 한정승인에서 확인합니다.,한정승인,한정승인에서 자주 헷갈리는 점 | 한정승인에서 법무사가 맡는 범위 | 한정승인 대표 업무 안내,상속인이 상속재산 한도 내에서만 피상속인의 채무를 변제하는 승인 방식입니다. 상속인이 상속재산 한도 내에서만 피상속인의 채무를 변제하는 승인 방식입니다. 한정승인은 상속은 받되 채무를 상속재산 한도에서만 갚겠다고 신고하는 방식입니다. 재산이 남을 여지가 있으면 포기보다 맞는 경우가 있습니다. 기한을 넘기거나 재산을 처분하면 선택이 좁아집니다. 한정승인의 신청 순서는 부산 한정승인에서 확인합니다. 한정승인의 준비서류는 부산 한정승인에서 확인합니다. 목록 누락 상속인마다 선택이 다른 경우 미성년·해외 상속인 한정승인에서 자주 헷갈리는 점 한정승인의 신청·등기 절차 전체는 부산 한정승인이 기준입니다. 목록 누락 상속인마다 선택이 다른 경우 미성년·해외 상속인 한정승인에서 법무사가 맡는 범위 법무사는 한정승인 신고와 재산·채무 목록 작성을 맡습니다. 한정승인 대표 업무 안내 한정승인의 신청·등기·기한·서류는 이 용어 페이지가 아니라 /부산한정승인가 대표입니다. 한정승인 다음 단계 기한·서류,146,1,/glossary::한정승인,부산 한정승인>/부산한정승인 || 한정승인 자가진단>/한정승인자가진단 || 상속포기 자가진단>/상속포기자가진단 || 용어 목록>/glossary || 상황별 안내>/situations || 전화 010-4277-1279>tel:01042771279 || 카카오톡 상담>https://pf.kakao.com/_Bvhxnn/chat || 네이버 톡톡>https://talk.naver.com/ct/w661kd4 || 오시는 길>/location || 홈>/ || 용어 안내>/glossary,홈 > 용어 안내 > 한정승인,no,WebPage,,SERP_UNVERIFIED,other,glossary,상속인이상속재산한도내에서만피상속인의채무를변제하는승인방식입니다.상속인이상속재산한도내에서만피상속인의채무를변제하는승인방식입니다.한정승인은상속은받되채무
/glossary/special-qualified-acceptance,generated,"noindex,follow",no,/특별한정승인,특별한정승인 용어 확인 | 다옴법무사사무소,특별한정승인은 정해진 기한을 넘겼을 때 법원 허가 하에 한정승인과 유사하게 처리하는 예외 제도입니다. 신청·등기 절차의 대표 안내는 특별한정승인 안내에서 확인합니다.,특별한정승인 용어 확인 | 다옴법무사사무소,특별한정승인은 정해진 기한을 넘겼을 때 법원 허가 하에 한정승인과 유사하게 처리하는 예외 제도입니다. 신청·등기 절차의 대표 안내는 특별한정승인 안내에서 확인합니다.,특별한정승인,특별한정승인에서 자주 헷갈리는 점 | 특별한정승인에서 법무사가 맡는 범위 | 특별한정승인 대표 업무 안내,"정해진 기한을 넘겼을 때 법원 허가 하에 한정승인과 유사하게 처리하는 예외 제도입니다. 정해진 기한을 넘겼을 때 법원 허가 하에 한정승인과 유사하게 처리하는 예외 제도입니다. 특별한정승인은 정해진 신고 기한을 넘긴 뒤, 정당한 사유가 있을 때 법원 허가를 받아 한정승인과 비슷하게 처리하는 예외입니다. 이미 재산을 처분했거나 사유가 약하면 거절될 수 있습니다. 특별한정승인의 신청 순서는 특별한정승인 안내에서 확인합니다. 특별한정승인의 준비서류는 특별한정승인 안내에서 확인합니다. 사유 없이 늦게 신청 처분 이력이 단순승인으로 보이는 경우 특별한정승인에서 자주 헷갈리는 점 특별한정승인의 신청·등기 절차 전체는 특별한정승인 안내이 기준입니다. 사유 없이 늦게 신청 처분 이력이 단순승인으로 보이는 경우 특별한정승인에서 법무사가 맡는 범위 법무사는 특별한정승인 허가 신청 서류와 후속 목록 정리를 맡습니다. 특별한정승인 대표 업무 안내 특별한정승인의 신청·등기·기한·서류는 이 용어 페이지가 아니",161,2,/특별한정승인::특별한정승인 용어 안내 || /glossary::특별한정승인,특별한정승인 안내>/특별한정승인 || 한정승인 자가진단>/한정승인자가진단 || 상속포기 자가진단>/상속포기자가진단 || 용어 목록>/glossary || 상황별 안내>/situations || 전화 010-4277-1279>tel:01042771279 || 카카오톡 상담>https://pf.kakao.com/_Bvhxnn/chat || 네이버 톡톡>https://talk.naver.com/ct/w661kd4 || 오시는 길>/location || 홈>/ || 용어 안내>/glossary,홈 > 용어 안내 > 특별한정승인,no,WebPage,,SERP_UNVERIFIED,other,glossary,정해진기한을넘겼을때법원허가하에한정승인과유사하게처리하는예외제도입니다.정해진기한을넘겼을때법원허가하에한정승인과유사하게처리하는예외제도입니다.특별한정승인
/glossary/inheritance-division-agreement,generated,"noindex,follow",no,/상속재산분할협의서준비,상속재산분할협의서 용어 확인 | 다옴법무사사무소,상속재산분할협의서는 여러 상속인이 상속재산을 누가 어떻게 가져갈지 합의해 적는 문서입니다. 신청·등기 절차의 대표 안내는 상속재산분할협의서 준비에서 확인합니다.,상속재산분할협의서 용어 확인 | 다옴법무사사무소,상속재산분할협의서는 여러 상속인이 상속재산을 누가 어떻게 가져갈지 합의해 적는 문서입니다. 신청·등기 절차의 대표 안내는 상속재산분할협의서 준비에서 확인합니다.,상속재산분할협의서,상속재산분할협의서에서 자주 헷갈리는 점 | 상속재산분할협의서에서 법무사가 맡는 범위 | 상속재산분할협의서 대표 업무 안내,여러 상속인이 상속재산을 누가 어떻게 가져갈지 합의해 적는 문서입니다. 여러 상속인이 상속재산을 누가 어떻게 가져갈지 합의해 적는 문서입니다. 법정상속분 그대로가 아니면 등기소에 낼 분할협의서가 필요합니다. 구두 합의만으로는 한 명 명의 등기가 되지 않습니다. 문구가 세금·유류분 다툼으로 이어질 수 있어 지분·보상액을 분명히 적습니다. 상속재산분할협의서의 신청 순서는 상속재산분할협의서 준비에서 확인합니다. 상속재산분할협의서의 준비서류는 상속재산분할협의서 준비에서 확인합니다. 한 명이 서명하지 않음 유류분을 넘기는 배분 미성년 상속인 법정대리 상속재산분할협의서에서 자주 헷갈리는 점 상속재산분할협의서의 신청·등기 절차 전체는 상속재산분할협의서 준비이 기준입니다. 한 명이 서명하지 않음 유류분을 넘기는 배분 미성년 상속인 법정대리 상속재산분할협의서에서 법무사가 맡는 범위 법무사는 등기 제출용 분할협의서 작성과 상속등기 신청을 맡습니다. 협의가 결렬된 분할 심판·유류분 소송 대리는 변호사 ,160,2,/상속재산분할협의서준비::분할협의서 용어 안내 || /glossary::상속재산분할협의서,상속재산분할협의서 준비>/상속재산분할협의서준비 || 상속등기 자가진단>/상속등기자가진단 || 용어 목록>/glossary || 상황별 안내>/situations || 전화 010-4277-1279>tel:01042771279 || 카카오톡 상담>https://pf.kakao.com/_Bvhxnn/chat || 네이버 톡톡>https://talk.naver.com/ct/w661kd4 || 오시는 길>/location || 홈>/ || 용어 안내>/glossary,홈 > 용어 안내 > 상속재산분할협의서,no,WebPage,,SERP_UNVERIFIED,other,glossary,여러상속인이상속재산을누가어떻게가져갈지합의해적는문서입니다.여러상속인이상속재산을누가어떻게가져갈지합의해적는문서입니다.법정상속분그대로가아니면등기소에낼분
/glossary/statutory-reserve-share,generated,"noindex,follow",no,/유류분과상속등기,유류분 용어 확인 | 다옴법무사사무소,"유류분은 법이 정한 최소 상속분으로, 유언·증여로 침해되면 반환을 청구할 수 있습니다. 신청·등기 절차의 대표 안내는 유류분과 상속등기에서 확인합니다.",유류분 용어 확인 | 다옴법무사사무소,"유류분은 법이 정한 최소 상속분으로, 유언·증여로 침해되면 반환을 청구할 수 있습니다. 신청·등기 절차의 대표 안내는 유류분과 상속등기에서 확인합니다.",유류분,유류분에서 자주 헷갈리는 점 | 유류분에서 법무사가 맡는 범위 | 유류분 대표 업무 안내,"법이 정한 최소 상속분으로, 유언·증여로 침해되면 반환을 청구할 수 있습니다. 법이 정한 최소 상속분으로, 유언·증여로 침해되면 반환을 청구할 수 있습니다. 유언이나 생전 증여로 한 사람에게 재산을 몰아줘도 배우자·자녀 등에게는 유류분이 남을 수 있습니다. 반환 청구 자체는 분쟁·소송으로 가는 경우가 많습니다. 등기·협의 단계에서는 숫자를 먼저 맞춰 분쟁을 줄입니다. 유류분의 신청 순서는 유류분과 상속등기에서 확인합니다. 유류분의 준비서류는 유류분과 상속등기에서 확인합니다. 감정 대립 시효 임박 유류분에서 자주 헷갈리는 점 유류분의 신청·등기 절차 전체는 유류분과 상속등기이 기준입니다. 감정 대립 시효 임박 유류분에서 법무사가 맡는 범위 법무사는 상속등기·분할협의서와 연결되는 계산·서류만 안내합니다. 유류분 반환청구 소송 대리는 변호사 업무입니다. 소송 진행을 수임하는 것처럼 안내하지 않습니다. 유류분 대표 업무 안내 유류분의 신청·등기·기한·서류는 이 용어 페이지가 아니라 /유류분",155,1,/유류분과상속등기::유류분 용어 안내,유류분과 상속등기>/유류분과상속등기 || 상속등기 자가진단>/상속등기자가진단 || 용어 목록>/glossary || 상황별 안내>/situations || 전화 010-4277-1279>tel:01042771279 || 카카오톡 상담>https://pf.kakao.com/_Bvhxnn/chat || 네이버 톡톡>https://talk.naver.com/ct/w661kd4 || 오시는 길>/location || 홈>/ || 용어 안내>/glossary,홈 > 용어 안내 > 유류분,no,WebPage,,SERP_UNVERIFIED,other,glossary,"법이정한최소상속분으로,유언·증여로침해되면반환을청구할수있습니다.법이정한최소상속분으로,유언·증여로침해되면반환을청구할수있습니다.유언이나생전증여로한사람"
/glossary/legal-inheritance-order,generated,"noindex,follow",no,/glossary/legal-inheritance-order,법정상속순위 용어 확인 | 다옴법무사사무소,법정상속순위는 유언이 없으면 배우자·직계비속·직계존속 등 법이 정한 순위와 지분으로 상속합니다. 신청·등기 절차의 대표 안내는 부산 상속등기에서 확인합니다.,법정상속순위 용어 확인 | 다옴법무사사무소,법정상속순위는 유언이 없으면 배우자·직계비속·직계존속 등 법이 정한 순위와 지분으로 상속합니다. 신청·등기 절차의 대표 안내는 부산 상속등기에서 확인합니다.,법정상속순위,법정상속순위에서 자주 헷갈리는 점 | 법정상속순위에서 법무사가 맡는 범위 | 법정상속순위 대표 업무 안내,"유언이 없으면 배우자·직계비속·직계존속 등 법이 정한 순위와 지분으로 상속합니다. 유언이 없으면 배우자·직계비속·직계존속 등 법이 정한 순위와 지분으로 상속합니다. 1순위는 직계비속과 배우자, 그다음 직계존속과 배우자입니다. 상속인을 잘못 잡으면 등기와 세금 신고를 다시 해야 합니다. 순위 확인은 개념으로 끝내지 말고 가족관계증명(상세)로 증명합니다. 법정상속순위의 신청 순서는 부산 상속등기에서 확인합니다. 법정상속순위의 준비서류는 부산 상속등기에서 확인합니다. 사실혼을 상속인으로 오해 행방불명 상속인 법정상속순위에서 자주 헷갈리는 점 법정상속순위의 신청·등기 절차 전체는 부산 상속등기이 기준입니다. 사실혼을 상속인으로 오해 행방불명 상속인 법정상속순위에서 법무사가 맡는 범위 법무사는 상속인 확정과 그 결과로 하는 상속등기를 맡습니다. 법정상속순위 대표 업무 안내 법정상속순위의 신청·등기·기한·서류는 이 용어 페이지가 아니라 /부산상속등기가 대표입니다. 법정상속순위 다음 단계 기한·",140,1,/glossary::법정상속순위,부산 상속등기>/부산상속등기 || 상속등기 자가진단>/상속등기자가진단 || 용어 목록>/glossary || 상황별 안내>/situations || 전화 010-4277-1279>tel:01042771279 || 카카오톡 상담>https://pf.kakao.com/_Bvhxnn/chat || 네이버 톡톡>https://talk.naver.com/ct/w661kd4 || 오시는 길>/location || 홈>/ || 용어 안내>/glossary,홈 > 용어 안내 > 법정상속순위,no,WebPage,,SERP_UNVERIFIED,other,glossary,유언이없으면배우자·직계비속·직계존속등법이정한순위와지분으로상속합니다.유언이없으면배우자·직계비속·직계존속등법이정한순위와지분으로상속합니다.1순위는직계
/glossary/subrogation-inheritance,generated,"noindex,follow",no,/대습상속등기,대습상속 용어 확인 | 다옴법무사사무소,"대습상속은 자녀 등 상속인이 피상속인보다 먼저 사망한 경우, 그 자녀가 대신 상속인이 됩니다. 신청·등기 절차의 대표 안내는 대습상속등기에서 확인합니다.",대습상속 용어 확인 | 다옴법무사사무소,"대습상속은 자녀 등 상속인이 피상속인보다 먼저 사망한 경우, 그 자녀가 대신 상속인이 됩니다. 신청·등기 절차의 대표 안내는 대습상속등기에서 확인합니다.",대습상속,대습상속에서 자주 헷갈리는 점 | 대습상속에서 법무사가 맡는 범위 | 대습상속 대표 업무 안내,"자녀 등 상속인이 피상속인보다 먼저 사망한 경우, 그 자녀가 대신 상속인이 됩니다. 자녀 등 상속인이 피상속인보다 먼저 사망한 경우, 그 자녀가 대신 상속인이 됩니다. 아버지보다 아들이 먼저 사망했고 손자가 있다면, 아들 몫은 손자가 받을 수 있습니다. 자녀만 상속인으로 적으면 등기가 틀립니다. 대습상속인도 협의·인감 주체입니다. 대습상속의 신청 순서는 대습상속등기에서 확인합니다. 대습상속의 준비서류는 대습상속등기에서 확인합니다. 대습상속인을 빠뜨림 서명 주체를 부모로만 잡은 경우 대습상속에서 자주 헷갈리는 점 대습상속의 신청·등기 절차 전체는 대습상속등기이 기준입니다. 대습상속인을 빠뜨림 서명 주체를 부모로만 잡은 경우 대습상속에서 법무사가 맡는 범위 법무사는 대습이 포함된 상속등기 신청을 맡습니다. 대습상속 대표 업무 안내 대습상속의 신청·등기·기한·서류는 이 용어 페이지가 아니라 /대습상속등기가 대표입니다. 대습상속 다음 단계 기한·서류·비용은 대습상속등기에서 확인합니다. 대습",144,3,/부산상속법무사::대습상속 용어 안내 || /대습상속등기::대습상속 용어 안내 || /glossary::대습상속,대습상속등기>/대습상속등기 || 상속등기 자가진단>/상속등기자가진단 || 용어 목록>/glossary || 상황별 안내>/situations || 전화 010-4277-1279>tel:01042771279 || 카카오톡 상담>https://pf.kakao.com/_Bvhxnn/chat || 네이버 톡톡>https://talk.naver.com/ct/w661kd4 || 오시는 길>/location || 홈>/ || 용어 안내>/glossary,홈 > 용어 안내 > 대습상속,no,WebPage,,SERP_UNVERIFIED,other,glossary,"자녀등상속인이피상속인보다먼저사망한경우,그자녀가대신상속인이됩니다.자녀등상속인이피상속인보다먼저사망한경우,그자녀가대신상속인이됩니다.아버지보다아들이먼저"
